seed,day,hour,minute,current_station_id,is_at_depot,functional_load_before,depot_load_before,total_load_before,functional_deliveries,functional_pickups,onsite_repairs,depot_pickups,depot_deliveries,load_from_queue,bikes_involved,action_duration_min,next_station_id,travel_time_min,functional_load_after,depot_load_after,total_load_after,immediate_reward,vfa_value,accumulated_rollout_reward,tail_value,final_decision_score,maintenance_flag_present,selected_action_is_maintenance,n_total_candidates,vfa_top1_next_station,rollout_changed_decision,winning_candidate_rank,decision_runtime_s,winning_profile_type,phi_rebalancing_imbalance,phi_squared_starvation_penalty,phi_squared_congestion_penalty,phi_starvation_severity_max,phi_congestion_severity_max,phi_starvation_count,phi_congestion_count,phi_gross_starvation_risk,phi_gross_congestion_risk,phi_net_starvation_shortfall,phi_net_congestion_shortfall,phi_trailer_cannibalization,phi_global_onsite_backlog,phi_global_depot_backlog,phi_demand_weighted_depot_backlog,phi_demand_weighted_onsite_backlog,phi_fleet_broken_fraction,phi_depot_idle_fraction,phi_recoverable_starvation,phi_maintenance_urgency,phi_rush_hour_onsite_backlog,phi_fleet_failure_risk,phi_fleet_health_deficit,phi_fleet_low_health_fraction,phi_depot_bound_health_deficit,phi_onsite_health_deficit,phi_maintenance_restoration_value,phi_onsite_shortage_pressure,phi_depot_shortage_pressure,phi_current_station_onsite_shortage_pressure,phi_current_station_depot_shortage_pressure,phi_broken_cargo_distance_pressure,phi_late_broken_cargo_pressure,phi_repaired_idle_away_pressure,phi_depot_pipeline_pressure,phi_depot_queue_pickup_opportunity,phi_degradation_demand_exposure,phi_destination_starv_ratio,phi_destination_cong_ratio,phi_destination_onsite_fraction,phi_destination_depot_fraction,phi_destination_travel_penalty,phi_destination_roi_starvation,phi_cur_station_onsite_fraction,phi_cur_station_func_deficit,phi_functional_load_late_pressure,phi_depot_load_late_pressure,phi_non_depot_late_load_pressure,phi_late_depot_return,phi_depot_slack_fraction,phi_can_return_to_depot,phi_depot_return_urgency
47,7,6,11,D0,True,20,0,20,0,0,0,0,0,0,[],0.0,S51,3.91,20,0,20,0.0,,-2.713309,-13.963158,-16.676467,True,True,5,S22,True,1,0.7868,depot_passthrough,,,,,,,,,,,,,,,,,,,,,,,,,,,,,,,,,,,,,,,,,,,,,,,,,,,,
47,7,6,30,S51,False,20,0,20,17,0,0,1,0,0,"['B281', 'B554', 'B715', 'B631', 'B75', 'B553', 'B350', 'B177', 'B655', 'B253', 'B236', 'B155', 'B584', 'B600', 'B175', 'B628', 'B764', 'B239']",9.0,S39,7.16,3,1,4,0.0,,-1.939174,-13.955412,-15.894586,True,True,30,S39,False,12,3.3044,delivery+depot_removal,,,,,,,,,,,,,,,,,,,,,,,,,,,,,,,,,,,,,,,,,,,,,,,,,,,,
47,7,6,46,S39,False,3,1,4,0,16,0,0,0,0,"['B564', 'B671', 'B689', 'B230', 'B395', 'B713', 'B312', 'B509', 'B540', 'B198', 'B614', 'B703', 'B87', 'B5', 'B568', 'B99']",8.0,S22,5.77,19,1,20,0.0,,-1.291055,-14.11202,-15.403074,False,False,12,S30,True,8,1.8636,pickup,,,,,,,,,,,,,,,,,,,,,,,,,,,,,,,,,,,,,,,,,,,,,,,,,,,,
47,7,7,0,S22,False,19,1,20,17,0,0,0,0,0,"['B743', 'B366', 'B47', 'B564', 'B671', 'B689', 'B230', 'B395', 'B713', 'B312', 'B509', 'B540', 'B198', 'B614', 'B703', 'B87', 'B5']",8.5,S52,7.49,2,1,3,0.0,,-1.094508,-14.081992,-15.176499,False,False,18,S34,True,7,2.241,delivery,,,,,,,,,,,,,,,,,,,,,,,,,,,,,,,,,,,,,,,,,,,,,,,,,,,,
47,7,7,16,S52,False,2,1,3,0,13,0,2,0,0,"['B181', 'B233', 'B208', 'B739', 'B251', 'B86', 'B475', 'B339', 'B483', 'B106', 'B702', 'B565', 'B70', 'B473', 'B301']",7.5,S61,2.0,15,3,18,0.0,,-0.956242,-14.085205,-15.041447,True,True,54,S37,True,31,7.8493,pickup+depot_removal,,,,,,,,,,,,,,,,,,,,,,,,,,,,,,,,,,,,,,,,,,,,,,,,,,,,
47,7,7,26,S61,False,15,3,18,0,0,0,2,0,0,"['B363', 'B424']",1.0,S34,4.15,15,5,20,0.0,,-1.026769,-13.942115,-14.968883,True,True,54,S32,True,14,6.2127,do_nothing+depot_removal,,,,,,,,,,,,,,,,,,,,,,,,,,,,,,,,,,,,,,,,,,,,,,,,,,,,
47,7,7,31,S34,False,15,5,20,15,0,0,0,0,0,"['B568', 'B99', 'B181', 'B233', 'B208', 'B739', 'B251', 'B86', 'B475', 'B339', 'B483', 'B106', 'B702', 'B565', 'B70']",7.5,S54,2.69,0,5,5,0.0,,-0.852624,-13.524991,-14.377615,False,False,12,S32,True,6,1.6225,delivery,,,,,,,,,,,,,,,,,,,,,,,,,,,,,,,,,,,,,,,,,,,,,,,,,,,,
47,7,7,41,S54,False,0,5,5,0,14,1,1,0,0,"['B464', 'B696', 'B453', 'B299', 'B534', 'B596', 'B757', 'B735', 'B66', 'B135', 'B618', 'B137', 'B372', 'B557', 'B567']",10.5,S7,11.95,14,6,20,0.0,,-0.675359,-13.368049,-14.043408,True,True,60,S38,True,57,6.4407,pickup+maintenance,,,,,,,,,,,,,,,,,,,,,,,,,,,,,,,,,,,,,,,,,,,,,,,,,,,,
47,7,8,4,S7,False,14,6,20,14,0,0,0,0,0,"['B464', 'B696', 'B453', 'B299', 'B534', 'B596', 'B757', 'B735', 'B66', 'B135', 'B618', 'B137', 'B372', 'B557']",7.0,S37,9.25,0,6,6,0.0,,-0.584741,-13.201976,-13.786717,False,False,18,S27,True,14,1.9373,delivery,,,,,,,,,,,,,,,,,,,,,,,,,,,,,,,,,,,,,,,,,,,,,,,,,,,,
47,7,8,20,S37,False,0,6,6,0,14,1,0,0,0,"['B104', 'B80', 'B150', 'B459', 'B313', 'B714', 'B308', 'B126', 'B352', 'B574', 'B55', 'B572', 'B21', 'B406']",10.0,S32,4.74,14,6,20,0.0,,-0.43848,-13.28706,-13.72554,True,True,24,S38,True,19,2.3887,pickup+onsite,,,,,,,,,,,,,,,,,,,,,,,,,,,,,,,,,,,,,,,,,,,,,,,,,,,,
47,7,8,35,S32,False,14,6,20,14,0,0,0,0,0,"['B104', 'B80', 'B150', 'B459', 'B313', 'B714', 'B308', 'B126', 'B352', 'B574', 'B55', 'B572', 'B21', 'B406']",7.0,S59,6.22,0,6,6,0.0,,-0.623443,-13.14435,-13.767793,False,False,18,S27,True,13,2.0799,delivery,,,,,,,,,,,,,,,,,,,,,,,,,,,,,,,,,,,,,,,,,,,,,,,,,,,,
47,7,8,48,S59,False,0,6,6,0,14,0,0,0,0,"['B626', 'B666', 'B368', 'B458', 'B263', 'B166', 'B18', 'B282', 'B138', 'B488', 'B369', 'B740', 'B712', 'B445']",7.0,S27,4.6,14,6,20,0.0,,-0.439447,-13.039875,-13.479322,False,False,12,S38,True,6,1.1495,pickup,,,,,,,,,,,,,,,,,,,,,,,,,,,,,,,,,,,,,,,,,,,,,,,,,,,,
47,7,8,59,S27,False,14,6,20,14,0,0,0,0,0,"['B626', 'B666', 'B368', 'B458', 'B263', 'B166', 'B18', 'B282', 'B138', 'B488', 'B369', 'B740', 'B712', 'B445']",7.0,S38,5.35,0,6,6,0.0,,-0.428065,-12.875799,-13.303864,False,False,12,S38,False,6,1.3716,delivery,,,,,,,,,,,,,,,,,,,,,,,,,,,,,,,,,,,,,,,,,,,,,,,,,,,,
47,7,9,12,S38,False,0,6,6,0,11,0,0,0,0,"['B316', 'B570', 'B663', 'B448', 'B359', 'B676', 'B211', 'B14', 'B719', 'B120', 'B526']",5.5,S60,2.79,11,6,17,0.0,,-0.488572,-13.012629,-13.501201,False,False,18,S26,True,7,1.8414,pickup,,,,,,,,,,,,,,,,,,,,,,,,,,,,,,,,,,,,,,,,,,,,,,,,,,,,
47,7,9,20,S60,False,11,6,17,11,0,0,0,0,0,"['B316', 'B570', 'B663', 'B448', 'B359', 'B676', 'B211', 'B14', 'B719', 'B120', 'B526']",5.5,S62,3.68,0,6,6,0.0,,-0.635808,-12.988297,-13.624105,False,False,12,S4,True,6,1.552,delivery,,,,,,,,,,,,,,,,,,,,,,,,,,,,,,,,,,,,,,,,,,,,,,,,,,,,
47,7,9,29,S62,False,0,6,6,0,13,0,1,0,0,"['B154', 'B0', 'B134', 'B518', 'B76', 'B591', 'B1', 'B56', 'B652', 'B374', 'B679', 'B268', 'B443', 'B158']",7.0,S26,5.52,13,7,20,0.0,,-1.102556,-13.052315,-14.15487,True,True,36,S26,True,18,3.8128,pickup+depot_removal,,,,,,,,,,,,,,,,,,,,,,,,,,,,,,,,,,,,,,,,,,,,,,,,,,,,
47,7,9,42,S26,False,13,7,20,0,0,0,0,0,0,[],0.0,S42,6.95,13,7,20,0.0,,-0.81154,-13.274612,-14.086153,False,False,12,S65,True,3,1.6208,do_nothing,,,,,,,,,,,,,,,,,,,,,,,,,,,,,,,,,,,,,,,,,,,,,,,,,,,,
47,7,9,49,S42,False,13,7,20,13,0,0,4,0,0,"['B606', 'B560', 'B722', 'B185', 'B154', 'B0', 'B134', 'B518', 'B76', 'B591', 'B1', 'B56', 'B652', 'B374', 'B679', 'B268', 'B443']",8.5,S54,4.21,0,11,11,0.0,,-0.911952,-13.282769,-14.194722,True,True,66,S65,True,60,8.0371,delivery+depot_removal,,,,,,,,,,,,,,,,,,,,,,,,,,,,,,,,,,,,,,,,,,,,,,,,,,,,
47,7,10,1,S54,False,0,11,11,0,9,0,0,0,0,"['B655', 'B356', 'B615', 'B384', 'B274', 'B584', 'B435', 'B720', 'B508']",4.5,S26,5.73,9,11,20,0.0,,-1.145671,-13.341083,-14.486754,False,False,12,S52,True,8,1.2236,pickup,,,,,,,,,,,,,,,,,,,,,,,,,,,,,,,,,,,,,,,,,,,,,,,,,,,,
47,7,10,12,S26,False,9,11,20,9,0,0,0,0,0,"['B655', 'B356', 'B615', 'B384', 'B274', 'B584', 'B435', 'B720', 'B508']",4.5,S52,7.0,0,11,11,0.0,,-0.910687,-13.389665,-14.300351,False,False,12,S65,True,6,1.2796,delivery,,,,,,,,,,,,,,,,,,,,,,,,,,,,,,,,,,,,,,,,,,,,,,,,,,,,
47,7,10,23,S52,False,0,11,11,0,9,0,0,0,0,"['B577', 'B607', 'B155', 'B748', 'B242', 'B223', 'B729', 'B747', 'B24']",4.5,S29,5.05,9,11,20,0.0,,-1.001162,-13.421891,-14.423053,False,False,12,S29,False,6,1.5443,pickup,,,,,,,,,,,,,,,,,,,,,,,,,,,,,,,,,,,,,,,,,,,,,,,,,,,,
47,7,10,33,S29,False,9,11,20,9,0,1,1,0,0,"['B695', 'B577', 'B607', 'B155', 'B748', 'B242', 'B223', 'B729', 'B747', 'B24']",8.0,S33,4.32,0,12,12,0.0,,-0.65527,-13.469693,-14.124963,True,True,36,S65,True,30,4.1018,delivery+maintenance,,,,,,,,,,,,,,,,,,,,,,,,,,,,,,,,,,,,,,,,,,,,,,,,,,,,
47,7,10,45,S33,False,0,12,12,0,8,0,0,0,0,"['B585', 'B8', 'B659', 'B408', 'B492', 'B405', 'B295', 'B556']",4.0,S29,4.32,8,12,20,0.0,,-0.712721,-13.542875,-14.255595,False,False,12,S45,True,6,1.2857,pickup,,,,,,,,,,,,,,,,,,,,,,,,,,,,,,,,,,,,,,,,,,,,,,,,,,,,
47,7,10,53,S29,False,8,12,20,8,0,0,0,0,0,"['B585', 'B8', 'B659', 'B408', 'B492', 'B405', 'B295', 'B556']",4.0,S52,5.05,0,12,12,0.0,,-0.646068,-13.524482,-14.170549,False,False,12,S56,True,6,1.5703,delivery,,,,,,,,,,,,,,,,,,,,,,,,,,,,,,,,,,,,,,,,,,,,,,,,,,,,
47,7,11,2,S52,False,0,12,12,0,8,0,0,0,0,"['B568', 'B582', 'B279', 'B43', 'B360', 'B101', 'B323', 'B696']",4.0,S65,6.18,8,12,20,0.0,,-0.585804,-13.576929,-14.162732,False,False,12,S45,True,10,1.5279,pickup,,,,,,,,,,,,,,,,,,,,,,,,,,,,,,,,,,,,,,,,,,,,,,,,,,,,
47,7,11,12,S65,False,8,12,20,8,0,0,0,0,0,"['B568', 'B582', 'B279', 'B43', 'B360', 'B101', 'B323', 'B696']",4.0,S41,2.23,0,12,12,0.0,,-0.439128,-13.473795,-13.912923,False,False,12,S33,True,8,1.5906,delivery,,,,,,,,,,,,,,,,,,,,,,,,,,,,,,,,,,,,,,,,,,,,,,,,,,,,
47,7,11,19,S41,False,0,12,12,0,7,0,1,0,0,"['B132', 'B240', 'B609', 'B709', 'B686', 'B100', 'B461', 'B535']",4.0,S56,8.49,7,13,20,0.0,,-0.538712,-13.487443,-14.026155,True,True,60,S11,True,31,7.1533,pickup+depot_removal,,,,,,,,,,,,,,,,,,,,,,,,,,,,,,,,,,,,,,,,,,,,,,,,,,,,
47,7,11,31,S56,False,7,13,20,0,0,1,0,0,0,[],3.0,S29,2.28,7,13,20,0.0,,-0.456015,-13.377009,-13.833024,True,True,36,S55,True,6,3.5555,do_nothing+onsite,,,,,,,,,,,,,,,,,,,,,,,,,,,,,,,,,,,,,,,,,,,,,,,,,,,,
47,7,11,36,S29,False,7,13,20,7,0,0,0,0,0,"['B132', 'B240', 'B609', 'B709', 'B686', 'B100', 'B461']",3.5,S11,4.25,0,13,13,0.0,,-0.525732,-13.371979,-13.897711,False,False,12,S33,True,7,1.2251,delivery,,,,,,,,,,,,,,,,,,,,,,,,,,,,,,,,,,,,,,,,,,,,,,,,,,,,
47,7,11,44,S11,False,0,13,13,0,7,0,0,0,0,"['B728', 'B10', 'B541', 'B265', 'B288', 'B209', 'B201']",3.5,S29,4.25,7,13,20,0.0,,-0.329185,-13.2949,-13.624084,False,False,12,S45,True,9,1.218,pickup,,,,,,,,,,,,,,,,,,,,,,,,,,,,,,,,,,,,,,,,,,,,,,,,,,,,
47,7,11,52,S29,False,7,13,20,7,0,0,0,0,0,"['B728', 'B10', 'B541', 'B265', 'B288', 'B209', 'B201']",3.5,S10,0.66,0,13,13,0.0,,-0.340651,-13.225806,-13.566457,False,False,12,S26,True,8,1.2565,delivery,,,,,,,,,,,,,,,,,,,,,,,,,,,,,,,,,,,,,,,,,,,,,,,,,,,,
47,7,11,56,S10,False,0,13,13,0,7,0,0,0,0,"['B62', 'B325', 'B136', 'B640', 'B711', 'B597', 'B3']",3.5,S35,2.61,7,13,20,0.0,,-0.594058,-13.337538,-13.931595,False,False,12,S45,True,8,1.3771,pickup,,,,,,,,,,,,,,,,,,,,,,,,,,,,,,,,,,,,,,,,,,,,,,,,,,,,
47,7,12,2,S35,False,7,13,20,7,0,1,0,0,0,"['B62', 'B325', 'B136', 'B640', 'B711', 'B597', 'B3']",6.5,S33,6.01,0,13,13,0.0,,-0.795954,-13.354723,-14.150677,True,True,24,S15,True,21,2.1998,delivery+onsite,,,,,,,,,,,,,,,,,,,,,,,,,,,,,,,,,,,,,,,,,,,,,,,,,,,,
47,7,12,15,S33,False,0,13,13,0,0,0,0,0,0,[],0.0,S30,5.08,0,13,13,0.0,,-1.186429,-13.499913,-14.686342,False,False,12,S48,True,2,1.4652,do_nothing,,,,,,,,,,,,,,,,,,,,,,,,,,,,,,,,,,,,,,,,,,,,,,,,,,,,
47,7,12,20,S30,False,0,13,13,0,7,2,0,0,0,"['B6', 'B63', 'B286', 'B311', 'B409', 'B332', 'B525']",9.5,S15,4.47,7,13,20,0.0,,-0.563053,-13.483216,-14.046269,True,True,90,S48,True,48,8.1111,pickup+onsite,,,,,,,,,,,,,,,,,,,,,,,,,,,,,,,,,,,,,,,,,,,,,,,,,,,,
47,7,12,34,S15,False,7,13,20,7,0,0,0,0,0,"['B6', 'B63', 'B286', 'B311', 'B409', 'B332', 'B525']",3.5,S33,3.7,0,13,13,0.0,,-0.718251,-13.697515,-14.415766,False,False,12,S59,True,8,1.1278,delivery,,,,,,,,,,,,,,,,,,,,,,,,,,,,,,,,,,,,,,,,,,,,,,,,,,,,
47,7,12,41,S33,False,0,13,13,0,7,0,0,0,0,"['B260', 'B139', 'B417', 'B546', 'B635', 'B358', 'B182']",3.5,S64,3.13,7,13,20,0.0,,-0.942245,-13.679675,-14.62192,False,False,12,S46,True,8,1.5147,pickup,,,,,,,,,,,,,,,,,,,,,,,,,,,,,,,,,,,,,,,,,,,,,,,,,,,,
47,7,12,48,S64,False,7,13,20,7,0,1,1,0,0,"['B690', 'B260', 'B139', 'B417', 'B546', 'B635', 'B358', 'B182']",7.0,S48,7.33,0,14,14,0.0,,-1.034625,-13.68217,-14.716796,True,True,36,S59,True,34,3.8943,delivery+maintenance,,,,,,,,,,,,,,,,,,,,,,,,,,,,,,,,,,,,,,,,,,,,,,,,,,,,
47,7,13,2,S48,False,0,14,14,0,6,0,0,0,0,"['B513', 'B401', 'B30', 'B760', 'B44', 'B592']",3.0,S25,18.23,6,14,20,0.0,,-1.398856,-13.892253,-15.291109,True,False,18,S40,True,14,1.9568,pickup,,,,,,,,,,,,,,,,,,,,,,,,,,,,,,,,,,,,,,,,,,,,,,,,,,,,
47,7,13,23,S25,False,6,14,20,6,0,0,0,0,0,"['B513', 'B401', 'B30', 'B760', 'B44', 'B592']",3.0,S19,18.69,0,14,14,0.0,,-2.182004,-14.057468,-16.239472,False,False,12,S66,True,9,1.3069,delivery,,,,,,,,,,,,,,,,,,,,,,,,,,,,,,,,,,,,,,,,,,,,,,,,,,,,
47,7,13,45,S19,False,0,14,14,0,6,0,0,0,0,"['B302', 'B20', 'B746', 'B148', 'B159', 'B550']",3.0,S54,6.83,6,14,20,0.0,,-2.508139,-13.511271,-16.019409,True,False,24,S16,True,20,2.7719,pickup,,,,,,,,,,,,,,,,,,,,,,,,,,,,,,,,,,,,,,,,,,,,,,,,,,,,
47,7,13,55,S54,False,6,14,20,6,0,0,0,0,0,"['B302', 'B20', 'B746', 'B148', 'B159', 'B550']",3.0,S66,5.58,0,14,14,0.0,,-2.720604,-13.553869,-16.274474,False,False,12,S57,True,6,1.2494,delivery,,,,,,,,,,,,,,,,,,,,,,,,,,,,,,,,,,,,,,,,,,,,,,,,,,,,
47,7,14,3,S66,False,0,14,14,0,6,0,0,0,0,"['B172', 'B556', 'B32', 'B91', 'B174', 'B62']",3.0,S15,3.2,6,14,20,0.0,,-2.687659,-13.533769,-16.221429,True,False,24,S33,True,21,2.6994,pickup,,,,,,,,,,,,,,,,,,,,,,,,,,,,,,,,,,,,,,,,,,,,,,,,,,,,
47,7,14,10,S15,False,6,14,20,6,0,0,0,0,0,"['B172', 'B556', 'B32', 'B91', 'B174', 'B62']",3.0,S62,2.79,0,14,14,0.0,,-2.67086,-13.620921,-16.291781,False,False,12,S62,False,6,1.2595,delivery,,,,,,,,,,,,,,,,,,,,,,,,,,,,,,,,,,,,,,,,,,,,,,,,,,,,
47,7,14,15,S62,False,0,14,14,0,6,0,0,0,0,"['B705', 'B491', 'B92', 'B465', 'B165', 'B134']",3.0,S42,6.87,6,14,20,0.0,,-2.428393,-13.585321,-16.013714,False,False,12,S7,True,9,1.2592,pickup,,,,,,,,,,,,,,,,,,,,,,,,,,,,,,,,,,,,,,,,,,,,,,,,,,,,
47,7,14,25,S42,False,6,14,20,6,0,0,0,0,0,"['B705', 'B491', 'B92', 'B465', 'B165', 'B134']",3.0,S7,15.17,0,14,14,0.0,,-2.333146,-13.64426,-15.977406,False,False,12,S14,True,7,1.319,delivery,,,,,,,,,,,,,,,,,,,,,,,,,,,,,,,,,,,,,,,,,,,,,,,,,,,,
47,7,14,43,S7,False,0,14,14,0,0,0,0,0,0,[],0.0,S66,6.64,0,14,14,0.0,,-2.566916,-14.008807,-16.575723,False,False,12,S23,True,0,1.3505,do_nothing,,,,,,,,,,,,,,,,,,,,,,,,,,,,,,,,,,,,,,,,,,,,,,,,,,,,
47,7,14,50,S66,False,0,14,14,0,6,0,0,0,0,"['B607', 'B155', 'B52', 'B608', 'B201', 'B315']",3.0,S29,6.29,6,14,20,0.0,,-3.139863,-14.23904,-17.378903,True,False,24,S33,True,22,2.7519,pickup,,,,,,,,,,,,,,,,,,,,,,,,,,,,,,,,,,,,,,,,,,,,,,,,,,,,
47,7,14,59,S29,False,6,14,20,6,0,1,0,0,0,"['B607', 'B155', 'B52', 'B608', 'B201', 'B315']",6.0,S33,4.32,0,14,14,0.0,,-2.494915,-14.08124,-16.576155,True,True,24,S42,True,21,2.352,delivery+onsite,,,,,,,,,,,,,,,,,,,,,,,,,,,,,,,,,,,,,,,,,,,,,,,,,,,,
47,7,15,10,S33,False,0,14,14,0,0,0,0,0,0,[],0.0,S62,0.92,0,14,14,0.0,,-2.242274,-14.108186,-16.35046,False,False,12,S62,False,0,1.2288,do_nothing,,,,,,,,,,,,,,,,,,,,,,,,,,,,,,,,,,,,,,,,,,,,,,,,,,,,
47,7,15,11,S62,False,0,14,14,0,6,0,0,0,0,"['B652', 'B598', 'B312', 'B634', 'B610', 'B147']",3.0,S50,4.95,6,14,20,0.0,,-2.22388,-14.055681,-16.279561,False,False,12,S12,True,7,1.2366,pickup,,,,,,,,,,,,,,,,,,,,,,,,,,,,,,,,,,,,,,,,,,,,,,,,,,,,
47,7,15,18,S50,False,6,14,20,6,0,0,0,0,0,"['B652', 'B598', 'B312', 'B634', 'B610', 'B147']",3.0,S53,5.17,0,14,14,0.0,,-1.966616,-13.958477,-15.925093,False,False,12,S4,True,10,1.2341,delivery,,,,,,,,,,,,,,,,,,,,,,,,,,,,,,,,,,,,,,,,,,,,,,,,,,,,
47,7,15,27,S53,False,0,14,14,0,6,0,0,0,0,"['B241', 'B59', 'B732', 'B176', 'B53', 'B128']",3.0,S35,5.18,6,14,20,0.0,,-1.551118,-13.934661,-15.485778,True,False,18,S12,True,16,1.9229,pickup,,,,,,,,,,,,,,,,,,,,,,,,,,,,,,,,,,,,,,,,,,,,,,,,,,,,
47,7,15,35,S35,False,6,14,20,6,0,0,0,0,0,"['B241', 'B59', 'B732', 'B176', 'B53', 'B128']",3.0,S66,8.23,0,14,14,0.0,,-1.398942,-13.654405,-15.053347,False,False,12,S42,True,8,1.2707,delivery,,,,,,,,,,,,,,,,,,,,,,,,,,,,,,,,,,,,,,,,,,,,,,,,,,,,
47,7,15,46,S66,False,0,14,14,0,6,0,0,0,0,"['B515', 'B514', 'B386', 'B251', 'B621', 'B86']",3.0,S42,9.4,6,14,20,0.0,,-1.460285,-13.740488,-15.200773,True,False,24,S31,True,22,2.6207,pickup,,,,,,,,,,,,,,,,,,,,,,,,,,,,,,,,,,,,,,,,,,,,,,,,,,,,
47,7,15,58,S42,False,6,14,20,6,0,0,0,0,0,"['B515', 'B514', 'B386', 'B251', 'B621', 'B86']",3.0,S51,9.5,0,14,14,0.0,,-1.18142,-13.463643,-14.645063,False,False,12,S14,True,10,1.1797,delivery,,,,,,,,,,,,,,,,,,,,,,,,,,,,,,,,,,,,,,,,,,,,,,,,,,,,
47,7,16,11,S51,False,0,14,14,0,6,0,0,0,0,"['B228', 'B358', 'B181', 'B486', 'B318', 'B474']",3.0,S61,6.56,6,14,20,0.0,,-0.950935,-13.393094,-14.344029,False,False,12,S48,True,10,1.2116,pickup,,,,,,,,,,,,,,,,,,,,,,,,,,,,,,,,,,,,,,,,,,,,,,,,,,,,
47,7,16,21,S61,False,6,14,20,6,0,1,0,0,0,"['B228', 'B358', 'B181', 'B486', 'B318', 'B474']",6.0,S12,8.51,0,14,14,0.0,,-1.144849,-13.350601,-14.49545,True,True,24,S46,True,21,2.2176,delivery+onsite,,,,,,,,,,,,,,,,,,,,,,,,,,,,,,,,,,,,,,,,,,,,,,,,,,,,
47,7,16,35,S12,False,0,14,14,0,6,0,0,0,0,"['B212', 'B326', 'B734', 'B105', 'B423', 'B627']",3.0,S54,8.01,6,14,20,0.0,,-0.984928,-13.663939,-14.648866,False,False,12,S9,True,9,1.1397,pickup,,,,,,,,,,,,,,,,,,,,,,,,,,,,,,,,,,,,,,,,,,,,,,,,,,,,
47,7,16,46,S54,False,6,14,20,6,0,0,0,0,0,"['B212', 'B326', 'B734', 'B105', 'B423', 'B627']",3.0,S51,6.18,0,14,14,0.0,,-1.394966,-13.662653,-15.057619,False,False,12,S49,True,10,1.1138,delivery,,,,,,,,,,,,,,,,,,,,,,,,,,,,,,,,,,,,,,,,,,,,,,,,,,,,
47,7,16,55,S51,False,0,14,14,0,6,0,0,0,0,"['B709', 'B622', 'B0', 'B400', 'B450', 'B705']",3.0,S26,11.22,6,14,20,0.0,,-1.13386,-13.651048,-14.784909,False,False,12,S48,True,7,1.1386,pickup,,,,,,,,,,,,,,,,,,,,,,,,,,,,,,,,,,,,,,,,,,,,,,,,,,,,
47,7,17,9,S26,False,6,14,20,6,0,0,0,0,0,"['B709', 'B622', 'B0', 'B400', 'B450', 'B705']",3.0,S31,6.02,0,14,14,0.0,,-1.381737,-13.692437,-15.074174,False,False,12,S49,True,6,1.2517,delivery,,,,,,,,,,,,,,,,,,,,,,,,,,,,,,,,,,,,,,,,,,,,,,,,,,,,
47,7,17,18,S31,False,0,14,14,0,6,1,0,0,0,"['B69', 'B130', 'B220', 'B441', 'B480', 'B292']",6.0,S49,2.89,6,14,20,0.0,,-0.960178,-13.745247,-14.705425,True,True,24,S40,True,18,2.3893,pickup+onsite,,,,,,,,,,,,,,,,,,,,,,,,,,,,,,,,,,,,,,,,,,,,,,,,,,,,
47,7,17,27,S49,False,6,14,20,6,0,0,0,0,0,"['B69', 'B130', 'B220', 'B441', 'B480', 'B292']",3.0,S48,8.01,0,14,14,0.0,,-0.817966,-13.663008,-14.480973,False,False,12,S31,True,10,1.2892,delivery,,,,,,,,,,,,,,,,,,,,,,,,,,,,,,,,,,,,,,,,,,,,,,,,,,,,
47,7,17,38,S48,False,0,14,14,0,0,0,1,0,0,['B692'],0.5,S40,6.57,0,15,15,0.0,,-1.115403,-13.756265,-14.871668,True,True,18,S40,False,9,2.2861,do_nothing+depot_removal,,,,,,,,,,,,,,,,,,,,,,,,,,,,,,,,,,,,,,,,,,,,,,,,,,,,
47,7,17,45,S40,False,0,15,15,0,5,0,0,0,0,"['B192', 'B404', 'B177', 'B484', 'B466']",2.5,S16,2.95,5,15,20,0.0,,-1.312823,-13.774118,-15.086941,False,False,12,S43,True,8,1.2667,pickup,,,,,,,,,,,,,,,,,,,,,,,,,,,,,,,,,,,,,,,,,,,,,,,,,,,,
47,7,17,51,S16,False,5,15,20,5,0,1,0,0,0,"['B192', 'B404', 'B177', 'B484', 'B466']",5.5,S33,1.49,0,15,15,0.0,,-1.774412,-13.850757,-15.625169,True,True,24,S46,True,21,2.4296,delivery+onsite,,,,,,,,,,,,,,,,,,,,,,,,,,,,,,,,,,,,,,,,,,,,,,,,,,,,
47,7,17,58,S33,False,0,15,15,0,5,0,0,0,0,"['B258', 'B516', 'B539', 'B405', 'B336']",2.5,S63,1.55,5,15,20,0.0,,-1.595041,-13.855101,-15.450142,False,False,12,S48,True,6,1.2396,pickup,,,,,,,,,,,,,,,,,,,,,,,,,,,,,,,,,,,,,,,,,,,,,,,,,,,,
47,7,18,2,S63,False,5,15,20,5,0,0,0,0,0,"['B258', 'B516', 'B539', 'B405', 'B336']",2.5,S65,7.4,0,15,15,0.0,,-1.185269,-13.818462,-15.003731,True,False,24,S52,True,7,2.7128,delivery,,,,,,,,,,,,,,,,,,,,,,,,,,,,,,,,,,,,,,,,,,,,,,,,,,,,
47,7,18,12,S65,False,0,15,15,0,5,0,0,0,0,"['B202', 'B143', 'B438', 'B554', 'B317']",2.5,S39,5.08,5,15,20,0.0,,-1.503099,-13.665332,-15.168431,False,False,12,S41,True,6,1.1424,pickup,,,,,,,,,,,,,,,,,,,,,,,,,,,,,,,,,,,,,,,,,,,,,,,,,,,,
47,7,18,19,S39,False,5,15,20,5,0,0,0,0,0,"['B202', 'B143', 'B438', 'B554', 'B317']",2.5,S7,7.46,0,15,15,0.0,,-1.163157,-13.632715,-14.795872,True,False,18,S63,True,7,2.0104,delivery,,,,,,,,,,,,,,,,,,,,,,,,,,,,,,,,,,,,,,,,,,,,,,,,,,,,
47,7,18,29,S7,False,0,15,15,0,5,0,0,0,0,"['B618', 'B137', 'B372', 'B557', 'B464']",2.5,S54,11.95,5,15,20,0.0,,-0.772602,-13.526899,-14.299501,False,False,12,S25,True,9,1.1485,pickup,,,,,,,,,,,,,,,,,,,,,,,,,,,,,,,,,,,,,,,,,,,,,,,,,,,,
47,7,18,44,S54,False,5,15,20,5,0,0,0,0,0,"['B618', 'B137', 'B372', 'B557', 'B464']",2.5,S48,6.34,0,15,15,0.0,,-0.67295,-13.743923,-14.416873,False,False,12,S10,True,8,1.1569,delivery,,,,,,,,,,,,,,,,,,,,,,,,,,,,,,,,,,,,,,,,,,,,,,,,,,,,
47,7,18,53,S48,False,0,15,15,0,5,0,0,0,0,"['B100', 'B756', 'B242', 'B89', 'B455']",2.5,S15,9.05,5,15,20,0.0,,-0.644053,-13.653951,-14.298004,False,False,12,S63,True,8,1.1381,pickup,,,,,,,,,,,,,,,,,,,,,,,,,,,,,,,,,,,,,,,,,,,,,,,,,,,,
47,7,19,4,S15,False,5,15,20,5,0,0,0,0,0,"['B100', 'B756', 'B242', 'B89', 'B455']",2.5,S22,6.37,0,15,15,0.0,,-0.576986,-13.662372,-14.239358,False,False,12,S14,True,8,1.3111,delivery,,,,,,,,,,,,,,,,,,,,,,,,,,,,,,,,,,,,,,,,,,,,,,,,,,,,
47,7,19,13,S22,False,0,15,15,0,0,0,0,0,0,[],0.0,S31,4.51,0,15,15,0.0,,-0.635017,-13.595228,-14.230245,False,False,12,S39,True,0,1.4669,do_nothing,,,,,,,,,,,,,,,,,,,,,,,,,,,,,,,,,,,,,,,,,,,,,,,,,,,,
47,7,19,18,S31,False,0,15,15,0,5,0,0,0,0,"['B677', 'B457', 'B173', 'B347', 'B56']",2.5,S39,3.72,5,15,20,0.0,,-0.449234,-13.542142,-13.991376,False,False,12,S61,True,6,1.4664,pickup,,,,,,,,,,,,,,,,,,,,,,,,,,,,,,,,,,,,,,,,,,,,,,,,,,,,
47,7,19,24,S39,False,5,15,20,5,0,0,0,0,0,"['B677', 'B457', 'B173', 'B347', 'B56']",2.5,S41,3.32,0,15,15,0.0,,-0.674672,-13.545845,-14.220517,True,False,18,S21,True,7,2.5623,delivery,,,,,,,,,,,,,,,,,,,,,,,,,,,,,,,,,,,,,,,,,,,,,,,,,,,,
47,7,19,30,S41,False,0,15,15,0,5,0,0,0,0,"['B331', 'B252', 'B553', 'B176', 'B175']",2.5,S43,5.33,5,15,20,0.0,,-0.742108,-13.645658,-14.387766,True,False,24,S39,True,15,2.721,pickup,,,,,,,,,,,,,,,,,,,,,,,,,,,,,,,,,,,,,,,,,,,,,,,,,,,,
47,7,19,37,S43,False,5,15,20,5,0,0,0,0,0,"['B331', 'B252', 'B553', 'B176', 'B175']",2.5,S66,4.56,0,15,15,0.0,,-0.587512,-13.760668,-14.348181,False,False,10,S3,True,6,1.0465,delivery,,,,,,,,,,,,,,,,,,,,,,,,,,,,,,,,,,,,,,,,,,,,,,,,,,,,
47,7,19,45,S66,False,0,15,15,0,0,0,0,0,0,[],0.0,S31,0.38,0,15,15,0.0,,-0.694792,-13.75683,-14.451622,True,False,10,S41,True,0,1.0545,do_nothing,,,,,,,,,,,,,,,,,,,,,,,,,,,,,,,,,,,,,,,,,,,,,,,,,,,,
47,7,19,45,S31,False,0,15,15,0,0,0,0,0,0,[],0.0,S66,0.38,0,15,15,0.0,,-0.677137,-13.755328,-14.432465,False,False,3,S66,False,0,0.3621,do_nothing,,,,,,,,,,,,,,,,,,,,,,,,,,,,,,,,,,,,,,,,,,,,,,,,,,,,
47,7,19,45,S66,False,0,15,15,0,0,0,0,0,0,[],0.0,S31,0.38,0,15,15,0.0,,-0.663205,-13.79151,-14.454716,True,False,8,S41,True,0,0.8245,do_nothing,,,,,,,,,,,,,,,,,,,,,,,,,,,,,,,,,,,,,,,,,,,,,,,,,,,,
47,7,19,46,S31,False,0,15,15,0,0,0,0,0,0,[],0.0,S66,0.38,0,15,15,0.0,,-0.744315,-13.747767,-14.492083,False,False,3,S66,False,0,0.3591,do_nothing,,,,,,,,,,,,,,,,,,,,,,,,,,,,,,,,,,,,,,,,,,,,,,,,,,,,
47,7,19,46,S66,False,0,15,15,0,0,0,0,0,0,[],0.0,S31,0.38,0,15,15,0.0,,-0.62376,-13.741186,-14.364946,True,False,5,D0,True,0,0.5192,do_nothing,,,,,,,,,,,,,,,,,,,,,,,,,,,,,,,,,,,,,,,,,,,,,,,,,,,,
47,7,19,46,S31,False,0,15,15,0,0,0,0,0,0,[],0.0,S66,0.38,0,15,15,0.0,,-0.538253,-13.678314,-14.216567,False,False,3,S66,False,0,0.3563,do_nothing,,,,,,,,,,,,,,,,,,,,,,,,,,,,,,,,,,,,,,,,,,,,,,,,,,,,
47,7,19,47,S66,False,0,15,15,0,0,0,0,0,0,[],0.0,S31,0.38,0,15,15,0.0,,-0.421047,-13.691144,-14.112191,True,False,5,D0,True,0,0.5166,do_nothing,,,,,,,,,,,,,,,,,,,,,,,,,,,,,,,,,,,,,,,,,,,,,,,,,,,,
47,7,19,47,S31,False,0,15,15,0,0,0,0,0,0,[],0.0,S66,0.38,0,15,15,0.0,,-0.616308,-13.723198,-14.339506,False,False,3,S66,False,0,0.3625,do_nothing,,,,,,,,,,,,,,,,,,,,,,,,,,,,,,,,,,,,,,,,,,,,,,,,,,,,
47,7,19,48,S66,False,0,15,15,0,0,0,0,0,0,[],0.0,S31,0.38,0,15,15,0.0,,-0.518829,-13.733016,-14.251844,True,False,5,D0,True,0,0.5138,do_nothing,,,,,,,,,,,,,,,,,,,,,,,,,,,,,,,,,,,,,,,,,,,,,,,,,,,,
47,7,19,48,S31,False,0,15,15,0,5,0,0,0,0,"['B683', 'B616', 'B79', 'B717', 'B167']",2.5,D0,1.48,5,15,20,0.0,,-0.594469,-13.94987,-14.544339,False,False,2,D0,False,1,0.2224,pickup,,,,,,,,,,,,,,,,,,,,,,,,,,,,,,,,,,,,,,,,,,,,,,,,,,,,
47,7,19,52,D0,True,5,15,20,0,0,0,0,15,15,"['B73', 'B430', 'B496', 'B122', 'B688', 'B64', 'B214', 'B561', 'B271', 'B94', 'B730', 'B15', 'B489', 'B376', 'B662', 'B281', 'B473', 'B301', 'B363', 'B424', 'B567', 'B158', 'B606', 'B560', 'B722', 'B185', 'B695', 'B535', 'B690', 'B692']",15.0,D0,0.0,20,0,20,0.0,,-0.695224,-14.016437,-14.711661,True,True,1,D0,False,0,0.1199,do_nothing,,,,,,,,,,,,,,,,,,,,,,,,,,,,,,,,,,,,,,,,,,,,,,,,,,,,
47,8,6,7,D0,True,20,0,20,0,0,0,0,0,0,[],0.0,S66,1.4,20,0,20,0.0,,-2.456937,-13.595819,-16.052756,True,True,5,S34,True,2,0.6777,depot_passthrough,,,,,,,,,,,,,,,,,,,,,,,,,,,,,,,,,,,,,,,,,,,,,,,,,,,,
47,8,6,23,S66,False,20,0,20,16,0,0,0,0,0,"['B683', 'B616', 'B79', 'B717', 'B167', 'B73', 'B430', 'B496', 'B122', 'B688', 'B64', 'B214', 'B561', 'B271', 'B94', 'B730']",8.0,S54,5.58,4,0,4,0.0,,-1.659197,-13.91235,-15.571546,True,False,42,S34,True,8,4.5727,delivery,,,,,,,,,,,,,,,,,,,,,,,,,,,,,,,,,,,,,,,,,,,,,,,,,,,,
47,8,6,37,S54,False,4,0,4,0,15,0,0,0,0,"['B240', 'B347', 'B47', 'B401', 'B600', 'B358', 'B136', 'B712', 'B395', 'B235', 'B300', 'B413', 'B344', 'B468', 'B574']",7.5,S65,8.42,19,0,19,0.0,,-1.618809,-13.961834,-15.580643,False,False,18,S1,True,8,2.1719,pickup,,,,,,,,,,,,,,,,,,,,,,,,,,,,,,,,,,,,,,,,,,,,,,,,,,,,
47,8,6,53,S65,False,19,0,19,19,0,0,0,0,0,"['B15', 'B489', 'B376', 'B662', 'B240', 'B347', 'B47', 'B401', 'B600', 'B358', 'B136', 'B712', 'B395', 'B235', 'B300', 'B413', 'B344', 'B468', 'B574']",9.5,S52,6.18,0,0,0,0.0,,-1.90688,-14.16138,-16.06826,False,False,12,S49,True,10,1.8392,delivery,,,,,,,,,,,,,,,,,,,,,,,,,,,,,,,,,,,,,,,,,,,,,,,,,,,,
47,8,7,9,S52,False,0,0,0,0,0,0,1,0,0,['B201'],0.5,S36,4.36,0,1,1,0.0,,-1.584245,-14.104288,-15.688533,True,True,36,S59,True,9,3.3474,do_nothing+depot_removal,,,,,,,,,,,,,,,,,,,,,,,,,,,,,,,,,,,,,,,,,,,,,,,,,,,,
47,8,7,13,S36,False,0,1,1,0,15,0,0,0,0,"['B26', 'B612', 'B666', 'B569', 'B405', 'B645', 'B270', 'B615', 'B132', 'B30', 'B289', 'B163', 'B682', 'B56', 'B5']",7.5,S62,5.06,15,1,16,0.0,,-1.379317,-13.990858,-15.370176,False,False,18,S59,True,9,2.3595,pickup,,,,,,,,,,,,,,,,,,,,,,,,,,,,,,,,,,,,,,,,,,,,,,,,,,,,
47,8,7,26,S62,False,15,1,16,14,0,0,0,0,0,"['B26', 'B612', 'B666', 'B569', 'B405', 'B645', 'B270', 'B615', 'B132', 'B30', 'B289', 'B163', 'B682', 'B56']",7.0,S52,1.55,1,1,2,0.0,,-1.065772,-13.988247,-15.05402,False,False,18,S52,False,10,2.3781,delivery,,,,,,,,,,,,,,,,,,,,,,,,,,,,,,,,,,,,,,,,,,,,,,,,,,,,
47,8,7,35,S52,False,1,1,2,0,9,0,0,0,0,"['B543', 'B95', 'B412', 'B170', 'B572', 'B530', 'B89', 'B710', 'B691']",4.5,S44,0.83,10,1,11,0.0,,-1.133986,-13.96458,-15.098566,False,False,18,S59,True,13,1.7868,pickup,,,,,,,,,,,,,,,,,,,,,,,,,,,,,,,,,,,,,,,,,,,,,,,,,,,,
47,8,7,40,S44,False,10,1,11,0,9,0,0,0,0,"['B524', 'B494', 'B597', 'B664', 'B426', 'B431', 'B449', 'B291', 'B121']",4.5,S22,8.22,19,1,20,0.0,,-1.173823,-13.888589,-15.062412,False,False,12,S16,True,9,1.2884,pickup,,,,,,,,,,,,,,,,,,,,,,,,,,,,,,,,,,,,,,,,,,,,,,,,,,,,
47,8,7,53,S22,False,19,1,20,16,0,0,0,0,0,"['B5', 'B543', 'B95', 'B412', 'B170', 'B572', 'B530', 'B89', 'B710', 'B691', 'B524', 'B494', 'B597', 'B664', 'B426', 'B431']",8.0,S18,5.73,3,1,4,0.0,,-1.113838,-13.889875,-15.003712,False,False,18,S59,True,10,2.7392,delivery,,,,,,,,,,,,,,,,,,,,,,,,,,,,,,,,,,,,,,,,,,,,,,,,,,,,
47,8,8,6,S18,False,3,1,4,0,13,0,0,0,0,"['B590', 'B311', 'B635', 'B576', 'B266', 'B406', 'B474', 'B217', 'B140', 'B403', 'B1', 'B298', 'B733']",6.5,S43,3.09,16,1,17,0.0,,-0.84113,-13.746502,-14.587632,False,False,18,S30,True,16,2.8422,pickup,,,,,,,,,,,,,,,,,,,,,,,,,,,,,,,,,,,,,,,,,,,,,,,,,,,,
47,8,8,16,S43,False,16,1,17,15,0,0,0,0,0,"['B449', 'B291', 'B121', 'B590', 'B311', 'B635', 'B576', 'B266', 'B406', 'B474', 'B217', 'B140', 'B403', 'B1', 'B298']",7.5,S49,4.64,1,1,2,0.0,,-0.860489,-13.727911,-14.588399,False,False,18,S33,True,14,2.4555,delivery,,,,,,,,,,,,,,,,,,,,,,,,,,,,,,,,,,,,,,,,,,,,,,,,,,,,
47,8,8,28,S49,False,1,1,2,0,18,1,0,0,0,"['B441', 'B480', 'B292', 'B457', 'B390', 'B711', 'B658', 'B541', 'B389', 'B359', 'B220', 'B207', 'B66', 'B16', 'B216', 'B391', 'B707', 'B701']",12.0,S63,4.9,19,1,20,0.0,,-0.960441,-13.741714,-14.702155,True,True,24,S30,True,18,3.4804,pickup+onsite,,,,,,,,,,,,,,,,,,,,,,,,,,,,,,,,,,,,,,,,,,,,,,,,,,,,
47,8,8,45,S63,False,19,1,20,14,0,0,2,0,0,"['B22', 'B399', 'B733', 'B441', 'B480', 'B292', 'B457', 'B390', 'B711', 'B658', 'B541', 'B389', 'B359', 'B220', 'B207', 'B66']",8.0,S32,3.1,5,3,8,0.0,,-0.882932,-13.659799,-14.542731,True,True,42,S26,True,39,4.8587,delivery+depot_removal,,,,,,,,,,,,,,,,,,,,,,,,,,,,,,,,,,,,,,,,,,,,,,,,,,,,
47,8,8,56,S32,False,5,3,8,0,9,0,0,0,0,"['B675', 'B164', 'B536', 'B679', 'B335', 'B11', 'B643', 'B39', 'B274']",4.5,S26,7.72,14,3,17,0.0,,-0.958838,-13.715171,-14.674009,False,False,18,S48,True,14,2.419,pickup,,,,,,,,,,,,,,,,,,,,,,,,,,,,,,,,,,,,,,,,,,,,,,,,,,,,
47,8,9,8,S26,False,14,3,17,13,0,0,0,0,0,"['B16', 'B216', 'B391', 'B707', 'B701', 'B675', 'B164', 'B536', 'B679', 'B335', 'B11', 'B643', 'B39']",6.5,S33,6.45,1,3,4,0.0,,-0.919587,-13.704053,-14.62364,False,False,18,S25,True,12,2.177,delivery,,,,,,,,,,,,,,,,,,,,,,,,,,,,,,,,,,,,,,,,,,,,,,,,,,,,
47,8,9,21,S33,False,1,3,4,0,16,0,0,0,0,"['B260', 'B739', 'B324', 'B743', 'B453', 'B617', 'B352', 'B627', 'B387', 'B204', 'B570', 'B642', 'B694', 'B258', 'B659', 'B101']",8.0,S25,13.09,17,3,20,0.0,,-0.723076,-13.700009,-14.423086,False,False,18,S48,True,15,2.4155,pickup,,,,,,,,,,,,,,,,,,,,,,,,,,,,,,,,,,,,,,,,,,,,,,,,,,,,
47,8,9,42,S25,False,17,3,20,14,0,0,0,0,0,"['B274', 'B260', 'B739', 'B324', 'B743', 'B453', 'B617', 'B352', 'B627', 'B387', 'B204', 'B570', 'B642', 'B694']",7.0,S41,9.14,3,3,6,0.0,,-0.75391,-13.819014,-14.572924,False,False,18,S48,True,13,2.7881,delivery,,,,,,,,,,,,,,,,,,,,,,,,,,,,,,,,,,,,,,,,,,,,,,,,,,,,
47,8,9,58,S41,False,3,3,6,3,0,1,0,0,0,"['B258', 'B659', 'B101']",4.5,S44,4.82,0,3,3,0.0,,-0.596563,-13.910356,-14.50692,True,True,24,S44,False,19,3.0393,delivery+onsite,,,,,,,,,,,,,,,,,,,,,,,,,,,,,,,,,,,,,,,,,,,,,,,,,,,,
47,8,10,8,S44,False,0,3,3,0,11,0,0,0,0,"['B7', 'B554', 'B610', 'B503', 'B307', 'B384', 'B417', 'B525', 'B314', 'B137', 'B103']",5.5,S51,3.83,11,3,14,0.0,,-0.672414,-13.88955,-14.561964,False,False,18,S39,True,13,1.7868,pickup,,,,,,,,,,,,,,,,,,,,,,,,,,,,,,,,,,,,,,,,,,,,,,,,,,,,
47,8,10,17,S51,False,11,3,14,11,0,0,0,0,0,"['B7', 'B554', 'B610', 'B503', 'B307', 'B384', 'B417', 'B525', 'B314', 'B137', 'B103']",5.5,S39,7.16,0,3,3,0.0,,-0.670056,-13.957162,-14.627218,False,False,12,S9,True,7,1.177,delivery,,,,,,,,,,,,,,,,,,,,,,,,,,,,,,,,,,,,,,,,,,,,,,,,,,,,
47,8,10,30,S39,False,0,3,3,0,17,0,0,0,0,"['B379', 'B504', 'B245', 'B559', 'B471', 'B409', 'B211', 'B411', 'B31', 'B587', 'B689', 'B459', 'B516', 'B436', 'B44', 'B87', 'B575']",8.5,S53,6.57,17,3,20,0.0,,-0.645181,-14.114497,-14.759678,True,False,18,S59,True,15,2.1117,pickup,,,,,,,,,,,,,,,,,,,,,,,,,,,,,,,,,,,,,,,,,,,,,,,,,,,,
47,8,10,45,S53,False,17,3,20,15,0,0,1,0,0,"['B563', 'B379', 'B504', 'B245', 'B559', 'B471', 'B409', 'B211', 'B411', 'B31', 'B587', 'B689', 'B459', 'B516', 'B436', 'B44']",8.0,S52,2.01,2,4,6,0.0,,-0.967055,-14.06808,-15.035135,True,True,30,S34,True,28,3.4019,delivery+depot_removal,,,,,,,,,,,,,,,,,,,,,,,,,,,,,,,,,,,,,,,,,,,,,,,,,,,,
47,8,10,55,S52,False,2,4,6,0,9,0,0,0,0,"['B486', 'B467', 'B579', 'B429', 'B110', 'B36', 'B499', 'B42', 'B132']",4.5,S34,4.35,11,4,15,0.0,,-0.722568,-13.886696,-14.609265,False,False,18,S10,True,13,2.1431,pickup,,,,,,,,,,,,,,,,,,,,,,,,,,,,,,,,,,,,,,,,,,,,,,,,,,,,
47,8,11,4,S34,False,11,4,15,11,0,0,1,0,0,"['B10', 'B87', 'B575', 'B486', 'B467', 'B579', 'B429', 'B110', 'B36', 'B499', 'B42', 'B132']",6.0,S10,1.86,0,5,5,0.0,,-0.577117,-13.960979,-14.538095,True,True,24,S10,False,22,2.6037,delivery+depot_removal,,,,,,,,,,,,,,,,,,,,,,,,,,,,,,,,,,,,,,,,,,,,,,,,,,,,
47,8,11,11,S10,False,0,5,5,0,11,0,0,0,0,"['B125', 'B621', 'B327', 'B144', 'B76', 'B618', 'B727', 'B34', 'B188', 'B209', 'B192']",5.5,S50,1.78,11,5,16,0.0,,-0.578292,-13.882098,-14.46039,False,False,18,S8,True,6,1.8998,pickup,,,,,,,,,,,,,,,,,,,,,,,,,,,,,,,,,,,,,,,,,,,,,,,,,,,,
47,8,11,19,S50,False,11,5,16,11,0,0,0,0,0,"['B125', 'B621', 'B327', 'B144', 'B76', 'B618', 'B727', 'B34', 'B188', 'B209', 'B192']",5.5,S8,8.46,0,5,5,0.0,,-0.369814,-13.814297,-14.184111,False,False,12,S8,False,6,1.394,delivery,,,,,,,,,,,,,,,,,,,,,,,,,,,,,,,,,,,,,,,,,,,,,,,,,,,,
47,8,11,33,S8,False,0,5,5,0,15,0,0,0,0,"['B178', 'B603', 'B38', 'B294', 'B641', 'B434', 'B531', 'B440', 'B353', 'B54', 'B333', 'B65', 'B50', 'B157', 'B35']",7.5,S24,14.89,15,5,20,0.0,,-0.36937,-13.751421,-14.120791,False,False,12,S1,True,9,1.654,pickup,,,,,,,,,,,,,,,,,,,,,,,,,,,,,,,,,,,,,,,,,,,,,,,,,,,,
47,8,11,55,S24,False,15,5,20,13,0,0,0,0,0,"['B178', 'B603', 'B38', 'B294', 'B641', 'B434', 'B531', 'B440', 'B353', 'B54', 'B333', 'B65', 'B50']",6.5,S46,10.36,2,5,7,0.0,,-0.476901,-13.723824,-14.200725,False,False,18,S1,True,6,2.3368,delivery,,,,,,,,,,,,,,,,,,,,,,,,,,,,,,,,,,,,,,,,,,,,,,,,,,,,
47,8,12,12,S46,False,2,5,7,2,0,1,0,0,0,"['B157', 'B35']",4.0,S60,5.39,0,5,5,0.0,,-0.700375,-13.706957,-14.407332,True,True,24,S60,False,19,3.35,delivery+onsite,,,,,,,,,,,,,,,,,,,,,,,,,,,,,,,,,,,,,,,,,,,,,,,,,,,,
47,8,12,21,S60,False,0,5,5,0,15,0,0,0,0,"['B681', 'B230', 'B646', 'B477', 'B744', 'B693', 'B365', 'B18', 'B614', 'B413', 'B300', 'B235', 'B174', 'B64', 'B220']",7.5,S29,7.31,15,5,20,0.0,,-0.701531,-13.710903,-14.412435,True,False,30,S10,True,14,4.0321,pickup,,,,,,,,,,,,,,,,,,,,,,,,,,,,,,,,,,,,,,,,,,,,,,,,,,,,
47,8,12,36,S29,False,15,5,20,15,0,0,0,0,0,"['B681', 'B230', 'B646', 'B477', 'B744', 'B693', 'B365', 'B18', 'B614', 'B413', 'B300', 'B235', 'B174', 'B64', 'B220']",7.5,S59,7.54,0,5,5,0.0,,-1.109803,-13.691554,-14.801356,False,False,12,S6,True,8,1.5719,delivery,,,,,,,,,,,,,,,,,,,,,,,,,,,,,,,,,,,,,,,,,,,,,,,,,,,,
47,8,12,51,S59,False,0,5,5,0,15,0,0,0,0,"['B407', 'B340', 'B548', 'B573', 'B665', 'B13', 'B685', 'B745', 'B753', 'B630', 'B2', 'B633', 'B262', 'B321', 'B169']",7.5,S54,6.37,15,5,20,0.0,,-1.629226,-13.784,-15.413226,False,False,18,S54,True,6,2.5436,pickup,,,,,,,,,,,,,,,,,,,,,,,,,,,,,,,,,,,,,,,,,,,,,,,,,,,,
47,8,13,5,S54,False,15,5,20,15,0,0,0,0,0,"['B407', 'B340', 'B548', 'B573', 'B665', 'B13', 'B685', 'B745', 'B753', 'B630', 'B2', 'B633', 'B262', 'B321', 'B169']",7.5,S23,10.66,0,5,5,0.0,,-1.491018,-13.697688,-15.188706,False,False,12,S36,True,7,1.815,delivery,,,,,,,,,,,,,,,,,,,,,,,,,,,,,,,,,,,,,,,,,,,,,,,,,,,,
47,8,13,23,S23,False,0,5,5,0,8,1,0,0,0,"['B100', 'B258', 'B15', 'B138', 'B677', 'B671', 'B181', 'B66']",7.0,S38,6.46,8,5,13,0.0,,-1.304495,-13.80132,-15.105815,True,True,36,S16,True,18,5.1336,pickup+onsite,,,,,,,,,,,,,,,,,,,,,,,,,,,,,,,,,,,,,,,,,,,,,,,,,,,,
47,8,13,37,S38,False,8,5,13,8,0,0,0,0,0,"['B100', 'B258', 'B15', 'B138', 'B677', 'B671', 'B181', 'B66']",4.0,S16,3.2,0,5,5,0.0,,-1.799837,-13.396575,-15.196412,False,False,12,S16,False,8,1.3984,delivery,,,,,,,,,,,,,,,,,,,,,,,,,,,,,,,,,,,,,,,,,,,,,,,,,,,,
47,8,13,44,S16,False,0,5,5,0,0,0,0,0,0,[],0.0,S44,0.23,0,5,5,0.0,,-1.629239,-13.478274,-15.107512,False,False,18,S31,True,2,2.453,do_nothing,,,,,,,,,,,,,,,,,,,,,,,,,,,,,,,,,,,,,,,,,,,,,,,,,,,,
47,8,13,44,S44,False,0,5,5,0,10,0,0,0,0,"['B418', 'B736', 'B586', 'B145', 'B444', 'B491', 'B611', 'B153', 'B199', 'B446']",5.0,S16,0.23,10,5,15,0.0,,-1.377306,-13.412904,-14.79021,False,False,18,S31,True,14,2.3865,pickup,,,,,,,,,,,,,,,,,,,,,,,,,,,,,,,,,,,,,,,,,,,,,,,,,,,,
47,8,13,49,S16,False,10,5,15,0,5,0,0,0,0,"['B676', 'B455', 'B714', 'B607', 'B495']",2.5,S36,3.43,15,5,20,0.0,,-1.299775,-13.443912,-14.743687,False,False,12,S36,False,9,1.615,pickup,,,,,,,,,,,,,,,,,,,,,,,,,,,,,,,,,,,,,,,,,,,,,,,,,,,,
47,8,13,55,S36,False,15,5,20,15,0,1,0,0,0,"['B418', 'B736', 'B586', 'B145', 'B444', 'B491', 'B611', 'B153', 'B199', 'B446', 'B676', 'B455', 'B714', 'B607', 'B495']",10.5,S31,7.34,0,5,5,0.0,,-1.48467,-13.204593,-14.689263,True,True,36,S17,True,30,4.4562,delivery+onsite,,,,,,,,,,,,,,,,,,,,,,,,,,,,,,,,,,,,,,,,,,,,,,,,,,,,
47,8,14,13,S31,False,0,5,5,0,0,1,0,0,0,[],3.0,S66,0.38,0,5,5,0.0,,-1.692873,-13.56373,-15.256603,True,True,24,S41,True,6,2.7852,do_nothing+onsite,,,,,,,,,,,,,,,,,,,,,,,,,,,,,,,,,,,,,,,,,,,,,,,,,,,,
47,8,14,17,S66,False,0,5,5,0,13,0,2,0,0,"['B386', 'B707', 'B754', 'B577', 'B519', 'B243', 'B287', 'B377', 'B373', 'B476', 'B217', 'B345', 'B122', 'B638', 'B507']",7.5,S17,7.34,13,7,20,0.0,,-1.73503,-13.506938,-15.241968,True,True,54,S41,True,33,5.2676,pickup+depot_removal,,,,,,,,,,,,,,,,,,,,,,,,,,,,,,,,,,,,,,,,,,,,,,,,,,,,
47,8,14,31,S17,False,13,7,20,13,0,0,0,0,0,"['B386', 'B707', 'B754', 'B577', 'B519', 'B243', 'B287', 'B377', 'B373', 'B476', 'B217', 'B345', 'B122']",6.5,S41,8.16,0,7,7,0.0,,-2.505011,-13.741141,-16.246152,False,False,12,S41,False,6,1.369,delivery,,,,,,,,,,,,,,,,,,,,,,,,,,,,,,,,,,,,,,,,,,,,,,,,,,,,
47,8,14,46,S41,False,0,7,7,0,13,0,0,0,0,"['B572', 'B358', 'B93', 'B529', 'B663', 'B368', 'B680', 'B41', 'B644', 'B415', 'B141', 'B701', 'B393']",6.5,S47,1.45,13,7,20,0.0,,-2.958878,-13.70312,-16.661998,False,False,12,S47,False,6,1.4851,pickup,,,,,,,,,,,,,,,,,,,,,,,,,,,,,,,,,,,,,,,,,,,,,,,,,,,,
47,8,14,54,S47,False,13,7,20,13,0,0,0,0,0,"['B572', 'B358', 'B93', 'B529', 'B663', 'B368', 'B680', 'B41', 'B644', 'B415', 'B141', 'B701', 'B393']",6.5,S31,2.72,0,7,7,0.0,,-2.466509,-13.817016,-16.283525,False,False,12,S31,False,6,1.6283,delivery,,,,,,,,,,,,,,,,,,,,,,,,,,,,,,,,,,,,,,,,,,,,,,,,,,,,
47,8,15,3,S31,False,0,7,7,0,13,0,0,0,0,"['B767', 'B88', 'B264', 'B402', 'B71', 'B82', 'B492', 'B624', 'B81', 'B134', 'B711', 'B710', 'B632']",6.5,S49,2.89,13,7,20,0.0,,-2.283414,-13.791145,-16.07456,True,False,24,S12,True,12,2.9654,pickup,,,,,,,,,,,,,,,,,,,,,,,,,,,,,,,,,,,,,,,,,,,,,,,,,,,,
47,8,15,13,S49,False,13,7,20,12,0,0,0,0,0,"['B767', 'B88', 'B264', 'B402', 'B71', 'B82', 'B492', 'B624', 'B81', 'B134', 'B711', 'B710']",6.0,S51,7.18,1,7,8,0.0,,-1.663149,-13.560368,-15.223517,False,False,18,S26,True,10,2.0659,delivery,,,,,,,,,,,,,,,,,,,,,,,,,,,,,,,,,,,,,,,,,,,,,,,,,,,,
47,8,15,26,S51,False,1,7,8,0,12,0,0,0,0,"['B459', 'B474', 'B157', 'B73', 'B3', 'B697', 'B78', 'B585', 'B525', 'B640', 'B163', 'B750']",6.0,S19,1.21,13,7,20,0.0,,-2.485103,-13.556027,-16.04113,False,False,12,S19,False,6,1.6354,pickup,,,,,,,,,,,,,,,,,,,,,,,,,,,,,,,,,,,,,,,,,,,,,,,,,,,,
47,8,15,33,S19,False,13,7,20,9,0,0,3,0,0,"['B133', 'B259', 'B721', 'B632', 'B459', 'B474', 'B157', 'B73', 'B3', 'B697', 'B78', 'B585']",6.0,S41,9.56,4,10,14,0.0,,-1.766874,-13.424551,-15.191426,True,True,54,S38,True,26,5.1619,delivery+depot_removal,,,,,,,,,,,,,,,,,,,,,,,,,,,,,,,,,,,,,,,,,,,,,,,,,,,,
47,8,15,49,S41,False,4,10,14,0,6,0,0,0,0,"['B469', 'B171', 'B573', 'B691', 'B26', 'B395']",3.0,S38,3.56,10,10,20,0.0,,-1.816651,-13.494866,-15.311517,False,False,12,S38,False,7,1.2868,pickup,,,,,,,,,,,,,,,,,,,,,,,,,,,,,,,,,,,,,,,,,,,,,,,,,,,,
47,8,15,55,S38,False,10,10,20,10,0,0,0,0,0,"['B525', 'B640', 'B163', 'B750', 'B469', 'B171', 'B573', 'B691', 'B26', 'B395']",5.0,S12,7.06,0,10,10,0.0,,-1.723321,-13.399145,-15.122466,False,False,12,S12,False,6,1.3776,delivery,,,,,,,,,,,,,,,,,,,,,,,,,,,,,,,,,,,,,,,,,,,,,,,,,,,,
47,8,16,7,S12,False,0,10,10,0,10,0,0,0,0,"['B544', 'B530', 'B537', 'B89', 'B125', 'B740', 'B584', 'B534', 'B503', 'B379']",5.0,S54,8.01,10,10,20,0.0,,-1.944521,-13.384122,-15.328643,False,False,12,S29,True,7,1.2785,pickup,,,,,,,,,,,,,,,,,,,,,,,,,,,,,,,,,,,,,,,,,,,,,,,,,,,,
47,8,16,20,S54,False,10,10,20,10,0,0,0,0,0,"['B544', 'B530', 'B537', 'B89', 'B125', 'B740', 'B584', 'B534', 'B503', 'B379']",5.0,S31,5.7,0,10,10,0.0,,-1.77564,-13.419994,-15.195634,False,False,12,S35,True,6,1.2554,delivery,,,,,,,,,,,,,,,,,,,,,,,,,,,,,,,,,,,,,,,,,,,,,,,,,,,,
47,8,16,31,S31,False,0,10,10,0,10,0,0,0,0,"['B657', 'B332', 'B96', 'B481', 'B416', 'B730', 'B69', 'B351', 'B274', 'B335']",5.0,S35,8.41,10,10,20,0.0,,-1.609067,-13.747114,-15.356181,True,False,24,S66,True,16,2.2048,pickup,,,,,,,,,,,,,,,,,,,,,,,,,,,,,,,,,,,,,,,,,,,,,,,,,,,,
47,8,16,44,S35,False,10,10,20,10,0,0,0,0,0,"['B657', 'B332', 'B96', 'B481', 'B416', 'B730', 'B69', 'B351', 'B274', 'B335']",5.0,S51,8.32,0,10,10,0.0,,-1.244471,-13.566579,-14.81105,False,False,12,S36,True,8,1.285,delivery,,,,,,,,,,,,,,,,,,,,,,,,,,,,,,,,,,,,,,,,,,,,,,,,,,,,
47,8,16,58,S51,False,0,10,10,0,10,1,0,0,0,"['B545', 'B709', 'B539', 'B208', 'B389', 'B72', 'B151', 'B526', 'B252', 'B456']",8.0,S50,8.8,10,10,20,0.0,,-0.892237,-13.564665,-14.456902,True,True,24,S37,True,21,2.512,pickup+onsite,,,,,,,,,,,,,,,,,,,,,,,,,,,,,,,,,,,,,,,,,,,,,,,,,,,,
47,8,17,14,S50,False,10,10,20,10,0,0,0,0,0,"['B545', 'B709', 'B539', 'B208', 'B389', 'B72', 'B151', 'B526', 'B252', 'B456']",5.0,S61,6.8,0,10,10,0.0,,-1.039918,-13.465863,-14.505781,False,False,12,S31,True,9,1.521,delivery,,,,,,,,,,,,,,,,,,,,,,,,,,,,,,,,,,,,,,,,,,,,,,,,,,,,
47,8,17,26,S61,False,0,10,10,0,10,0,0,0,0,"['B128', 'B221', 'B436', 'B311', 'B87', 'B46', 'B448', 'B758', 'B342', 'B275']",5.0,S37,2.04,10,10,20,0.0,,-0.976223,-13.566821,-14.543044,False,False,12,S66,True,7,1.5164,pickup,,,,,,,,,,,,,,,,,,,,,,,,,,,,,,,,,,,,,,,,,,,,,,,,,,,,
47,8,17,33,S37,False,10,10,20,10,0,0,0,0,0,"['B128', 'B221', 'B436', 'B311', 'B87', 'B46', 'B448', 'B758', 'B342', 'B275']",5.0,S66,3.07,0,10,10,0.0,,-0.939455,-13.535309,-14.474764,False,False,12,S31,True,7,1.7394,delivery,,,,,,,,,,,,,,,,,,,,,,,,,,,,,,,,,,,,,,,,,,,,,,,,,,,,
47,8,17,41,S66,False,0,10,10,0,10,0,0,0,0,"['B234', 'B445', 'B187', 'B206', 'B131', 'B706', 'B242', 'B109', 'B17', 'B447']",5.0,S54,5.58,10,10,20,0.0,,-0.854194,-13.490048,-14.344242,False,False,12,S54,False,6,1.4745,pickup,,,,,,,,,,,,,,,,,,,,,,,,,,,,,,,,,,,,,,,,,,,,,,,,,,,,
47,8,17,52,S54,False,10,10,20,10,0,0,0,0,0,"['B234', 'B445', 'B187', 'B206', 'B131', 'B706', 'B242', 'B109', 'B17', 'B447']",5.0,S31,5.7,0,10,10,0.0,,-0.865263,-13.468075,-14.333338,False,False,12,S48,True,6,1.6907,delivery,,,,,,,,,,,,,,,,,,,,,,,,,,,,,,,,,,,,,,,,,,,,,,,,,,,,
47,8,18,3,S31,False,0,10,10,0,10,1,0,0,0,"['B536', 'B509', 'B262', 'B169', 'B321', 'B249', 'B136', 'B325', 'B254', 'B375']",8.0,S65,3.2,10,10,20,0.0,,-0.724546,-13.390784,-14.11533,True,True,24,S65,False,18,2.4569,pickup+onsite,,,,,,,,,,,,,,,,,,,,,,,,,,,,,,,,,,,,,,,,,,,,,,,,,,,,
47,8,18,14,S65,False,10,10,20,10,0,0,0,0,0,"['B536', 'B509', 'B262', 'B169', 'B321', 'B249', 'B136', 'B325', 'B254', 'B375']",5.0,S60,3.09,0,10,10,0.0,,-0.381637,-13.250191,-13.631829,False,False,12,S18,True,7,1.7222,delivery,,,,,,,,,,,,,,,,,,,,,,,,,,,,,,,,,,,,,,,,,,,,,,,,,,,,
47,8,18,22,S60,False,0,10,10,0,10,0,0,0,0,"['B248', 'B646', 'B90', 'B700', 'B564', 'B59', 'B374', 'B290', 'B747', 'B277']",5.0,S40,4.29,10,10,20,0.0,,-0.245613,-13.19482,-13.440433,True,False,18,S41,True,15,1.9786,pickup,,,,,,,,,,,,,,,,,,,,,,,,,,,,,,,,,,,,,,,,,,,,,,,,,,,,
47,8,18,31,S40,False,10,10,20,10,0,0,1,0,0,"['B461', 'B248', 'B646', 'B90', 'B700', 'B564', 'B59', 'B374', 'B290', 'B747', 'B277']",5.5,S66,3.42,0,11,11,0.0,,-0.254473,-12.899086,-13.15356,True,True,18,S18,True,13,1.7105,delivery+depot_removal,,,,,,,,,,,,,,,,,,,,,,,,,,,,,,,,,,,,,,,,,,,,,,,,,,,,
47,8,18,40,S66,False,0,11,11,0,9,0,0,0,0,"['B162', 'B652', 'B470', 'B458', 'B514', 'B310', 'B522', 'B226', 'B147']",4.5,S16,4.13,9,11,20,0.0,,-0.205307,-12.769705,-12.975013,False,False,12,S41,True,6,1.4043,pickup,,,,,,,,,,,,,,,,,,,,,,,,,,,,,,,,,,,,,,,,,,,,,,,,,,,,
47,8,18,49,S16,False,9,11,20,8,0,0,1,0,0,"['B444', 'B162', 'B652', 'B470', 'B458', 'B514', 'B310', 'B522', 'B226']",4.5,S39,4.94,1,12,13,0.0,,-0.176469,-12.877932,-13.0544,True,True,30,S44,True,15,3.0951,delivery+depot_removal,,,,,,,,,,,,,,,,,,,,,,,,,,,,,,,,,,,,,,,,,,,,,,,,,,,,
47,8,18,58,S39,False,1,12,13,1,0,0,1,0,0,"['B764', 'B147']",1.0,S41,3.32,0,13,13,0.0,,-0.155858,-12.927447,-13.083305,True,True,24,S41,False,22,2.1077,delivery+depot_removal,,,,,,,,,,,,,,,,,,,,,,,,,,,,,,,,,,,,,,,,,,,,,,,,,,,,
47,8,19,2,S41,False,0,13,13,0,7,0,0,0,0,"['B214', 'B268', 'B365', 'B145', 'B235', 'B295', 'B664']",3.5,S39,3.32,7,13,20,0.0,,-0.144904,-12.863245,-13.008149,False,False,12,S29,True,9,1.2059,pickup,,,,,,,,,,,,,,,,,,,,,,,,,,,,,,,,,,,,,,,,,,,,,,,,,,,,
47,8,19,9,S39,False,7,13,20,7,0,0,0,0,0,"['B214', 'B268', 'B365', 'B145', 'B235', 'B295', 'B664']",3.5,S31,3.72,0,13,13,0.0,,-0.203998,-12.892467,-13.096465,False,False,12,S29,True,6,1.7216,delivery,,,,,,,,,,,,,,,,,,,,,,,,,,,,,,,,,,,,,,,,,,,,,,,,,,,,
47,8,19,17,S31,False,0,13,13,0,7,0,0,0,0,"['B312', 'B152', 'B135', 'B44', 'B123', 'B115', 'B636']",3.5,S26,6.02,7,13,20,0.0,,-0.165471,-12.796424,-12.961895,False,False,12,S66,True,6,1.4204,pickup,,,,,,,,,,,,,,,,,,,,,,,,,,,,,,,,,,,,,,,,,,,,,,,,,,,,
47,8,19,26,S26,False,7,13,20,7,0,0,0,0,0,"['B312', 'B152', 'B135', 'B44', 'B123', 'B115', 'B636']",3.5,S42,6.95,0,13,13,0.0,,-0.244102,-12.857704,-13.101807,False,False,12,S29,True,9,1.5435,delivery,,,,,,,,,,,,,,,,,,,,,,,,,,,,,,,,,,,,,,,,,,,,,,,,,,,,
47,8,19,36,S42,False,0,13,13,0,7,0,0,0,0,"['B24', 'B299', 'B608', 'B512', 'B223', 'B328', 'B413']",3.5,S55,4.34,7,13,20,0.0,,-0.234355,-13.223027,-13.457382,False,False,10,S36,True,8,1.2916,pickup,,,,,,,,,,,,,,,,,,,,,,,,,,,,,,,,,,,,,,,,,,,,,,,,,,,,
47,8,19,44,S55,False,7,13,20,0,0,0,0,0,0,[],0.0,S56,1.03,7,13,20,0.0,,-0.293547,-13.324063,-13.617611,True,False,10,D0,True,1,1.2956,do_nothing,,,,,,,,,,,,,,,,,,,,,,,,,,,,,,,,,,,,,,,,,,,,,,,,,,,,
47,8,19,45,S56,False,7,13,20,0,0,0,0,0,0,[],0.0,S55,1.03,7,13,20,0.0,,-0.243961,-13.16357,-13.407531,True,False,11,D0,True,0,1.4246,do_nothing,,,,,,,,,,,,,,,,,,,,,,,,,,,,,,,,,,,,,,,,,,,,,,,,,,,,
47,8,19,46,S55,False,7,13,20,7,0,1,0,0,0,"['B24', 'B299', 'B608', 'B512', 'B223', 'B328', 'B413']",6.5,D0,2.3,0,13,13,0.0,,-0.262919,-13.45989,-13.722809,True,True,8,D0,True,5,0.8737,delivery+onsite,,,,,,,,,,,,,,,,,,,,,,,,,,,,,,,,,,,,,,,,,,,,,,,,,,,,
47,8,19,55,D0,True,0,13,13,0,0,0,0,13,17,"['B98', 'B108', 'B281', 'B473', 'B301', 'B363', 'B424', 'B567', 'B158', 'B606', 'B560', 'B722', 'B185', 'B695', 'B535', 'B690', 'B692', 'B201', 'B22', 'B399', 'B563', 'B10', 'B638', 'B507', 'B133', 'B259', 'B721', 'B461', 'B444', 'B764']",15.0,D0,0.0,17,0,17,0.0,,-0.488939,-13.266472,-13.755411,True,True,1,D0,False,0,0.1251,do_nothing,,,,,,,,,,,,,,,,,,,,,,,,,,,,,,,,,,,,,,,,,,,,,,,,,,,,
47,9,6,10,D0,True,17,0,17,0,0,0,0,0,0,[],0.0,S51,3.91,17,0,17,0.0,,-2.125359,-14.036069,-16.161428,True,True,5,S66,True,4,0.4976,depot_passthrough,,,,,,,,,,,,,,,,,,,,,,,,,,,,,,,,,,,,,,,,,,,,,,,,,,,,
47,9,6,29,S51,False,17,0,17,17,0,0,0,0,0,"['B98', 'B108', 'B281', 'B473', 'B301', 'B363', 'B424', 'B567', 'B158', 'B606', 'B560', 'B722', 'B185', 'B695', 'B535', 'B690', 'B692']",8.5,S55,5.48,0,0,0,0.0,,-2.080256,-14.009547,-16.089804,False,False,18,S18,True,8,2.1549,delivery,,,,,,,,,,,,,,,,,,,,,,,,,,,,,,,,,,,,,,,,,,,,,,,,,,,,
47,9,6,43,S55,False,0,0,0,0,16,0,2,0,0,"['B491', 'B24', 'B299', 'B608', 'B512', 'B223', 'B328', 'B413', 'B358', 'B529', 'B46', 'B758', 'B302', 'B682', 'B661', 'B620', 'B558', 'B496']",9.0,S65,9.08,16,2,18,0.0,,-2.289632,-13.643297,-15.932929,True,True,48,S39,True,33,6.1142,pickup+depot_removal,,,,,,,,,,,,,,,,,,,,,,,,,,,,,,,,,,,,,,,,,,,,,,,,,,,,
47,9,7,1,S65,False,16,2,18,16,0,0,1,0,0,"['B188', 'B491', 'B24', 'B299', 'B608', 'B512', 'B223', 'B328', 'B413', 'B358', 'B529', 'B46', 'B758', 'B302', 'B682', 'B661', 'B620']",8.5,S54,8.42,0,3,3,0.0,,-1.519543,-13.663712,-15.183255,True,True,36,S39,True,19,5.9025,delivery+depot_removal,,,,,,,,,,,,,,,,,,,,,,,,,,,,,,,,,,,,,,,,,,,,,,,,,,,,
47,9,7,18,S54,False,0,3,3,0,13,0,0,0,0,"['B706', 'B392', 'B416', 'B190', 'B193', 'B478', 'B113', 'B564', 'B221', 'B36', 'B81', 'B261', 'B688']",6.5,S12,8.01,13,3,16,0.0,,-1.154774,-13.748684,-14.903458,False,False,18,S39,True,15,1.8261,pickup,,,,,,,,,,,,,,,,,,,,,,,,,,,,,,,,,,,,,,,,,,,,,,,,,,,,
47,9,7,33,S12,False,13,3,16,13,0,0,0,0,0,"['B706', 'B392', 'B416', 'B190', 'B193', 'B478', 'B113', 'B564', 'B221', 'B36', 'B81', 'B261', 'B688']",6.5,S39,8.6,0,3,3,0.0,,-1.524307,-14.004723,-15.52903,False,False,12,S36,True,7,1.366,delivery,,,,,,,,,,,,,,,,,,,,,,,,,,,,,,,,,,,,,,,,,,,,,,,,,,,,
47,9,7,48,S39,False,0,3,3,0,17,0,0,0,0,"['B235', 'B295', 'B664', 'B483', 'B96', 'B121', 'B641', 'B169', 'B371', 'B631', 'B51', 'B222', 'B595', 'B663', 'B434', 'B523', 'B720']",8.5,S13,8.67,17,3,20,0.0,,-1.536173,-14.019852,-15.556025,False,False,18,S46,True,12,3.1958,pickup,,,,,,,,,,,,,,,,,,,,,,,,,,,,,,,,,,,,,,,,,,,,,,,,,,,,
47,9,8,5,S13,False,17,3,20,14,0,2,2,0,0,"['B394', 'B120', 'B235', 'B295', 'B664', 'B483', 'B96', 'B121', 'B641', 'B169', 'B371', 'B631', 'B51', 'B222', 'B595', 'B663']",14.0,S36,15.77,3,5,8,0.0,,-1.742157,-13.826943,-15.5691,True,True,126,S15,True,122,11.4732,delivery+maintenance,,,,,,,,,,,,,,,,,,,,,,,,,,,,,,,,,,,,,,,,,,,,,,,,,,,,
47,9,8,35,S36,False,3,5,8,0,12,0,0,0,0,"['B490', 'B6', 'B716', 'B159', 'B19', 'B14', 'B565', 'B441', 'B331', 'B99', 'B282', 'B305']",6.0,S15,7.68,15,5,20,0.0,,-0.996546,-13.648633,-14.645179,False,False,12,S48,True,6,1.2856,pickup,,,,,,,,,,,,,,,,,,,,,,,,,,,,,,,,,,,,,,,,,,,,,,,,,,,,
47,9,8,48,S15,False,15,5,20,15,0,0,0,0,0,"['B434', 'B523', 'B720', 'B490', 'B6', 'B716', 'B159', 'B19', 'B14', 'B565', 'B441', 'B331', 'B99', 'B282', 'B305']",7.5,S18,4.77,0,5,5,0.0,,-1.156021,-13.630584,-14.786605,False,False,12,S18,False,6,1.5072,delivery,,,,,,,,,,,,,,,,,,,,,,,,,,,,,,,,,,,,,,,,,,,,,,,,,,,,
47,9,9,1,S18,False,0,5,5,0,10,0,0,0,0,"['B349', 'B297', 'B320', 'B727', 'B64', 'B53', 'B521', 'B445', 'B603', 'B680']",5.0,S29,6.89,10,5,15,0.0,,-1.53998,-13.623804,-15.163784,False,False,18,S60,True,16,1.9252,pickup,,,,,,,,,,,,,,,,,,,,,,,,,,,,,,,,,,,,,,,,,,,,,,,,,,,,
47,9,9,12,S29,False,10,5,15,10,0,0,0,0,0,"['B349', 'B297', 'B320', 'B727', 'B64', 'B53', 'B521', 'B445', 'B603', 'B680']",5.0,S60,7.31,0,5,5,0.0,,-0.966166,-13.655807,-14.621973,False,False,12,S35,True,7,1.4289,delivery,,,,,,,,,,,,,,,,,,,,,,,,,,,,,,,,,,,,,,,,,,,,,,,,,,,,
47,9,9,25,S60,False,0,5,5,0,15,0,0,0,0,"['B29', 'B273', 'B35', 'B274', 'B501', 'B757', 'B202', 'B694', 'B505', 'B8', 'B137', 'B737', 'B31', 'B214', 'B742']",7.5,S4,2.11,15,5,20,0.0,,-0.977737,-13.818173,-14.79591,True,False,18,S41,True,16,2.1941,pickup,,,,,,,,,,,,,,,,,,,,,,,,,,,,,,,,,,,,,,,,,,,,,,,,,,,,
47,9,9,34,S4,False,15,5,20,10,0,0,0,0,0,"['B29', 'B273', 'B35', 'B274', 'B501', 'B757', 'B202', 'B694', 'B505', 'B8']",5.0,S35,8.01,5,5,10,0.0,,-1.264014,-13.691631,-14.955646,False,False,18,S62,True,9,1.6549,delivery,,,,,,,,,,,,,,,,,,,,,,,,,,,,,,,,,,,,,,,,,,,,,,,,,,,,
47,9,9,47,S35,False,5,5,10,0,10,0,0,0,0,"['B62', 'B493', 'B271', 'B168', 'B43', 'B12', 'B518', 'B327', 'B466', 'B698']",5.0,S29,1.95,15,5,20,0.0,,-1.194451,-13.830815,-15.025266,False,False,12,S62,True,7,1.2205,pickup,,,,,,,,,,,,,,,,,,,,,,,,,,,,,,,,,,,,,,,,,,,,,,,,,,,,
47,9,9,54,S29,False,15,5,20,15,0,0,0,0,0,"['B137', 'B737', 'B31', 'B214', 'B742', 'B62', 'B493', 'B271', 'B168', 'B43', 'B12', 'B518', 'B327', 'B466', 'B698']",7.5,S53,3.88,0,5,5,0.0,,-1.372895,-13.712364,-15.085259,False,False,12,S50,True,9,1.4012,delivery,,,,,,,,,,,,,,,,,,,,,,,,,,,,,,,,,,,,,,,,,,,,,,,,,,,,
47,9,10,6,S53,False,0,5,5,0,15,0,0,0,0,"['B616', 'B443', 'B513', 'B324', 'B474', 'B318', 'B100', 'B309', 'B105', 'B60', 'B423', 'B659', 'B289', 'B127', 'B278']",7.5,S50,5.17,15,5,20,0.0,,-0.961977,-13.604296,-14.566273,True,False,18,S32,True,13,1.9373,pickup,,,,,,,,,,,,,,,,,,,,,,,,,,,,,,,,,,,,,,,,,,,,,,,,,,,,
47,9,10,18,S50,False,15,5,20,15,0,0,0,0,0,"['B616', 'B443', 'B513', 'B324', 'B474', 'B318', 'B100', 'B309', 'B105', 'B60', 'B423', 'B659', 'B289', 'B127', 'B278']",7.5,S32,4.46,0,5,5,0.0,,-0.782591,-13.505406,-14.287998,False,False,12,S32,False,6,1.5593,delivery,,,,,,,,,,,,,,,,,,,,,,,,,,,,,,,,,,,,,,,,,,,,,,,,,,,,
47,9,10,30,S32,False,0,5,5,0,15,0,0,0,0,"['B364', 'B352', 'B77', 'B191', 'B437', 'B652', 'B409', 'B753', 'B160', 'B233', 'B262', 'B531', 'B315', 'B342', 'B385']",7.5,S63,3.1,15,5,20,0.0,,-0.693642,-13.895336,-14.588978,False,False,12,S63,False,6,1.4698,pickup,,,,,,,,,,,,,,,,,,,,,,,,,,,,,,,,,,,,,,,,,,,,,,,,,,,,
47,9,10,41,S63,False,15,5,20,15,0,0,1,0,0,"['B527', 'B364', 'B352', 'B77', 'B191', 'B437', 'B652', 'B409', 'B753', 'B160', 'B233', 'B262', 'B531', 'B315', 'B342', 'B385']",8.0,S59,3.22,0,6,6,0.0,,-0.575575,-13.78479,-14.360365,True,True,30,S27,True,27,3.3474,delivery+depot_removal,,,,,,,,,,,,,,,,,,,,,,,,,,,,,,,,,,,,,,,,,,,,,,,,,,,,
47,9,10,52,S59,False,0,6,6,0,13,0,0,0,0,"['B94', 'B618', 'B452', 'B551', 'B627', 'B374', 'B290', 'B747', 'B475', 'B264', 'B332', 'B517', 'B601']",6.5,S27,4.6,13,6,19,0.0,,-0.535377,-13.709098,-14.244475,False,False,18,S2,True,12,2.1225,pickup,,,,,,,,,,,,,,,,,,,,,,,,,,,,,,,,,,,,,,,,,,,,,,,,,,,,
47,9,11,3,S27,False,13,6,19,13,0,0,0,0,0,"['B94', 'B618', 'B452', 'B551', 'B627', 'B374', 'B290', 'B747', 'B475', 'B264', 'B332', 'B517', 'B601']",6.5,S31,2.27,0,6,6,0.0,,-0.53389,-13.778771,-14.312661,False,False,18,S6,True,15,2.3958,delivery,,,,,,,,,,,,,,,,,,,,,,,,,,,,,,,,,,,,,,,,,,,,,,,,,,,,
47,9,11,12,S31,False,0,6,6,0,10,1,1,0,0,"['B128', 'B272', 'B206', 'B402', 'B167', 'B52', 'B103', 'B689', 'B723', 'B498', 'B158']",8.5,S6,8.61,10,7,17,0.0,,-0.507449,-13.501725,-14.009173,True,True,72,S47,True,68,7.737,pickup+maintenance,,,,,,,,,,,,,,,,,,,,,,,,,,,,,,,,,,,,,,,,,,,,,,,,,,,,
47,9,11,29,S6,False,10,7,17,10,0,0,1,0,0,"['B656', 'B128', 'B272', 'B206', 'B402', 'B167', 'B52', 'B103', 'B689', 'B723', 'B498']",5.5,S52,11.16,0,8,8,0.0,,-0.612153,-13.553571,-14.165724,True,True,24,S47,True,18,2.9949,delivery+depot_removal,,,,,,,,,,,,,,,,,,,,,,,,,,,,,,,,,,,,,,,,,,,,,,,,,,,,
47,9,11,46,S52,False,0,8,8,0,0,0,0,0,0,[],0.0,S16,1.07,0,8,8,0.0,,-1.083146,-13.733903,-14.817049,False,False,18,S47,True,3,2.4078,do_nothing,,,,,,,,,,,,,,,,,,,,,,,,,,,,,,,,,,,,,,,,,,,,,,,,,,,,
47,9,11,47,S16,False,0,8,8,0,8,0,0,0,0,"['B177', 'B323', 'B69', 'B83', 'B333', 'B554', 'B611', 'B467']",4.0,S41,5.02,8,8,16,0.0,,-1.314669,-13.595428,-14.910097,False,False,18,S52,True,6,1.7841,pickup,,,,,,,,,,,,,,,,,,,,,,,,,,,,,,,,,,,,,,,,,,,,,,,,,,,,
47,9,11,56,S41,False,8,8,16,8,0,0,0,0,0,"['B177', 'B323', 'B69', 'B83', 'B333', 'B554', 'B611', 'B467']",4.0,S52,4.13,0,8,8,0.0,,-0.885592,-13.551036,-14.436628,False,False,12,S47,True,6,1.3694,delivery,,,,,,,,,,,,,,,,,,,,,,,,,,,,,,,,,,,,,,,,,,,,,,,,,,,,
47,9,12,4,S52,False,0,8,8,0,10,0,0,0,0,"['B535', 'B275', 'B5', 'B150', 'B321', 'B89', 'B240', 'B690', 'B306', 'B538']",5.0,S29,5.05,10,8,18,0.0,,-0.887987,-13.575725,-14.463713,False,False,18,S47,True,12,2.7183,pickup,,,,,,,,,,,,,,,,,,,,,,,,,,,,,,,,,,,,,,,,,,,,,,,,,,,,
47,9,12,14,S29,False,10,8,18,10,0,0,0,0,0,"['B535', 'B275', 'B5', 'B150', 'B321', 'B89', 'B240', 'B690', 'B306', 'B538']",5.0,S61,5.74,0,8,8,0.0,,-0.621266,-13.636931,-14.258197,False,False,12,S25,True,6,1.4738,delivery,,,,,,,,,,,,,,,,,,,,,,,,,,,,,,,,,,,,,,,,,,,,,,,,,,,,
47,9,12,25,S61,False,0,8,8,0,10,0,0,0,0,"['B420', 'B433', 'B653', 'B46', 'B62', 'B759', 'B450', 'B303', 'B630', 'B762']",5.0,S50,6.8,10,8,18,0.0,,-1.118231,-13.61201,-14.730241,False,False,18,S47,True,12,1.9531,pickup,,,,,,,,,,,,,,,,,,,,,,,,,,,,,,,,,,,,,,,,,,,,,,,,,,,,
47,9,12,37,S50,False,10,8,18,10,0,0,0,0,0,"['B420', 'B433', 'B653', 'B46', 'B62', 'B759', 'B450', 'B303', 'B630', 'B762']",5.0,S25,14.92,0,8,8,0.0,,-1.075244,-13.468439,-14.543683,False,False,12,S38,True,8,1.4609,delivery,,,,,,,,,,,,,,,,,,,,,,,,,,,,,,,,,,,,,,,,,,,,,,,,,,,,
47,9,12,57,S25,False,0,8,8,0,11,0,1,0,0,"['B280', 'B561', 'B183', 'B426', 'B562', 'B334', 'B146', 'B341', 'B432', 'B75', 'B210', 'B149']",6.0,S29,14.64,11,9,20,0.0,,-1.227767,-13.293409,-14.521175,True,True,30,S37,True,24,3.4519,pickup+depot_removal,,,,,,,,,,,,,,,,,,,,,,,,,,,,,,,,,,,,,,,,,,,,,,,,,,,,
47,9,13,17,S29,False,11,9,20,11,0,0,0,0,0,"['B280', 'B561', 'B183', 'B426', 'B562', 'B334', 'B146', 'B341', 'B432', 'B75', 'B210']",5.5,S23,11.23,0,9,9,0.0,,-1.628815,-13.514461,-15.143276,False,False,12,S22,True,6,1.5932,delivery,,,,,,,,,,,,,,,,,,,,,,,,,,,,,,,,,,,,,,,,,,,,,,,,,,,,
47,9,13,34,S23,False,0,9,9,0,9,0,0,0,0,"['B708', 'B82', 'B143', 'B624', 'B348', 'B384', 'B468', 'B569', 'B418']",4.5,S26,8.86,9,9,18,0.0,,-1.537638,-13.393785,-14.931424,False,False,18,S22,True,13,2.1714,pickup,,,,,,,,,,,,,,,,,,,,,,,,,,,,,,,,,,,,,,,,,,,,,,,,,,,,
47,9,13,47,S26,False,9,9,18,9,0,0,0,0,0,"['B708', 'B82', 'B143', 'B624', 'B348', 'B384', 'B468', 'B569', 'B418']",4.5,S40,5.09,0,9,9,0.0,,-1.77834,-13.325856,-15.104196,False,False,12,S40,False,9,1.8019,delivery,,,,,,,,,,,,,,,,,,,,,,,,,,,,,,,,,,,,,,,,,,,,,,,,,,,,
47,9,13,57,S40,False,0,9,9,0,10,1,0,0,0,"['B642', 'B218', 'B445', 'B727', 'B470', 'B20', 'B696', 'B211', 'B411', 'B292']",8.0,S33,1.51,10,9,19,0.0,,-1.690965,-13.332118,-15.023083,True,True,36,S26,True,33,5.8006,pickup+onsite,,,,,,,,,,,,,,,,,,,,,,,,,,,,,,,,,,,,,,,,,,,,,,,,,,,,
47,9,14,6,S33,False,10,9,19,10,0,1,1,0,0,"['B543', 'B642', 'B218', 'B445', 'B727', 'B470', 'B20', 'B696', 'B211', 'B411', 'B292']",8.5,S19,6.0,0,10,10,0.0,,-1.920584,-13.419854,-15.340438,True,True,48,S20,True,46,5.9599,delivery+maintenance,,,,,,,,,,,,,,,,,,,,,,,,,,,,,,,,,,,,,,,,,,,,,,,,,,,,
47,9,14,21,S19,False,0,10,10,0,8,1,0,0,0,"['B510', 'B473', 'B706', 'B493', 'B296', 'B315', 'B254', 'B97']",7.0,S54,6.83,8,10,18,0.0,,-2.192052,-13.484511,-15.676564,True,True,36,S2,True,20,3.8509,pickup+onsite,,,,,,,,,,,,,,,,,,,,,,,,,,,,,,,,,,,,,,,,,,,,,,,,,,,,
47,9,14,35,S54,False,8,10,18,8,0,0,1,0,0,"['B195', 'B510', 'B473', 'B706', 'B493', 'B296', 'B315', 'B254', 'B97']",4.5,S61,4.83,0,11,11,0.0,,-1.665042,-13.274981,-14.940024,True,True,24,S20,True,21,2.4636,delivery+depot_removal,,,,,,,,,,,,,,,,,,,,,,,,,,,,,,,,,,,,,,,,,,,,,,,,,,,,
47,9,14,44,S61,False,0,11,11,0,8,0,0,0,0,"['B670', 'B301', 'B323', 'B745', 'B459', 'B734', 'B61', 'B585']",4.0,S39,3.98,8,11,19,0.0,,-1.753052,-13.310324,-15.063376,False,False,18,S65,True,6,1.8449,pickup,,,,,,,,,,,,,,,,,,,,,,,,,,,,,,,,,,,,,,,,,,,,,,,,,,,,
47,9,14,52,S39,False,8,11,19,8,0,0,0,0,0,"['B670', 'B301', 'B323', 'B745', 'B459', 'B734', 'B61', 'B585']",4.0,S66,4.09,0,11,11,0.0,,-1.246289,-13.219548,-14.465837,False,False,12,S2,True,6,1.1147,delivery,,,,,,,,,,,,,,,,,,,,,,,,,,,,,,,,,,,,,,,,,,,,,,,,,,,,
47,9,15,0,S66,False,0,11,11,0,9,0,0,0,0,"['B363', 'B63', 'B571', 'B178', 'B464', 'B509', 'B718', 'B271', 'B159']",4.5,S42,9.4,9,11,20,0.0,,-1.643572,-13.396736,-15.040309,False,False,12,S26,True,9,1.1715,pickup,,,,,,,,,,,,,,,,,,,,,,,,,,,,,,,,,,,,,,,,,,,,,,,,,,,,
47,9,15,14,S42,False,9,11,20,9,0,0,0,0,0,"['B363', 'B63', 'B571', 'B178', 'B464', 'B509', 'B718', 'B271', 'B159']",4.5,S65,11.85,0,11,11,0.0,,-1.459036,-13.309295,-14.768331,False,False,12,S26,True,7,1.2687,delivery,,,,,,,,,,,,,,,,,,,,,,,,,,,,,,,,,,,,,,,,,,,,,,,,,,,,
47,9,15,30,S65,False,0,11,11,0,9,0,0,0,0,"['B266', 'B598', 'B111', 'B612', 'B611', 'B753', 'B223', 'B316', 'B526']",4.5,S26,6.43,9,11,20,0.0,,-1.230608,-13.205247,-14.435855,False,False,12,S26,False,6,1.2023,pickup,,,,,,,,,,,,,,,,,,,,,,,,,,,,,,,,,,,,,,,,,,,,,,,,,,,,
47,9,15,41,S26,False,9,11,20,9,0,0,0,0,0,"['B266', 'B598', 'B111', 'B612', 'B611', 'B753', 'B223', 'B316', 'B526']",4.5,S13,11.1,0,11,11,0.0,,-0.90862,-13.335942,-14.244562,False,False,12,S5,True,7,1.2054,delivery,,,,,,,,,,,,,,,,,,,,,,,,,,,,,,,,,,,,,,,,,,,,,,,,,,,,
47,9,15,57,S13,False,0,11,11,0,0,0,0,0,0,[],0.0,S41,7.37,0,11,11,0.0,,-0.8401,-13.505433,-14.345533,False,False,12,S65,True,1,1.2007,do_nothing,,,,,,,,,,,,,,,,,,,,,,,,,,,,,,,,,,,,,,,,,,,,,,,,,,,,
47,9,16,4,S41,False,0,11,11,0,9,0,0,0,0,"['B743', 'B140', 'B415', 'B250', 'B664', 'B466', 'B569', 'B515', 'B134']",4.5,S55,7.46,9,11,20,0.0,,-0.975026,-13.527399,-14.502425,True,False,18,S37,True,15,2.2841,pickup,,,,,,,,,,,,,,,,,,,,,,,,,,,,,,,,,,,,,,,,,,,,,,,,,,,,
47,9,16,16,S55,False,9,11,20,9,0,0,0,0,0,"['B743', 'B140', 'B415', 'B250', 'B664', 'B466', 'B569', 'B515', 'B134']",4.5,S37,5.04,0,11,11,0.0,,-0.94786,-13.317502,-14.265362,False,False,12,S29,True,10,1.4595,delivery,,,,,,,,,,,,,,,,,,,,,,,,,,,,,,,,,,,,,,,,,,,,,,,,,,,,
47,9,16,26,S37,False,0,11,11,0,0,1,0,0,0,[],3.0,S31,2.81,0,11,11,0.0,,-1.477098,-13.382609,-14.859708,True,True,24,S16,True,6,3.2172,do_nothing+onsite,,,,,,,,,,,,,,,,,,,,,,,,,,,,,,,,,,,,,,,,,,,,,,,,,,,,
47,9,16,32,S31,False,0,11,11,0,9,0,0,0,0,"['B5', 'B390', 'B69', 'B240', 'B626', 'B538', 'B225', 'B199', 'B354']",4.5,S57,8.31,9,11,20,0.0,,-1.3802,-13.339615,-14.719815,True,False,18,S13,True,16,2.4165,pickup,,,,,,,,,,,,,,,,,,,,,,,,,,,,,,,,,,,,,,,,,,,,,,,,,,,,
47,9,16,44,S57,False,9,11,20,9,0,1,1,0,0,"['B683', 'B5', 'B390', 'B69', 'B240', 'B626', 'B538', 'B225', 'B199', 'B354']",8.0,S5,16.39,0,12,12,0.0,,-1.128131,-13.345704,-14.473836,True,True,36,S31,True,31,3.8884,delivery+maintenance,,,,,,,,,,,,,,,,,,,,,,,,,,,,,,,,,,,,,,,,,,,,,,,,,,,,
47,9,17,9,S5,False,0,12,12,0,8,1,0,0,0,"['B552', 'B760', 'B68', 'B728', 'B500', 'B559', 'B639', 'B524']",7.0,S54,14.1,8,12,20,0.0,,-1.044724,-13.604493,-14.649217,True,True,24,S13,True,21,2.123,pickup+onsite,,,,,,,,,,,,,,,,,,,,,,,,,,,,,,,,,,,,,,,,,,,,,,,,,,,,
47,9,17,30,S54,False,8,12,20,8,0,0,0,0,0,"['B552', 'B760', 'B68', 'B728', 'B500', 'B559', 'B639', 'B524']",4.0,S65,8.42,0,12,12,0.0,,-1.045765,-13.716304,-14.762069,False,False,12,S51,True,8,1.131,delivery,,,,,,,,,,,,,,,,,,,,,,,,,,,,,,,,,,,,,,,,,,,,,,,,,,,,
47,9,17,42,S65,False,0,12,12,0,8,1,0,0,0,"['B477', 'B78', 'B419', 'B695', 'B469', 'B533', 'B675', 'B414']",7.0,S15,5.1,8,12,20,0.0,,-1.067134,-13.538192,-14.605327,True,True,24,S15,False,18,2.1709,pickup+onsite,,,,,,,,,,,,,,,,,,,,,,,,,,,,,,,,,,,,,,,,,,,,,,,,,,,,
47,9,17,54,S15,False,8,12,20,8,0,0,0,0,0,"['B477', 'B78', 'B419', 'B695', 'B469', 'B533', 'B675', 'B414']",4.0,S37,4.99,0,12,12,0.0,,-0.92285,-13.574087,-14.496937,False,False,12,S51,True,6,1.123,delivery,,,,,,,,,,,,,,,,,,,,,,,,,,,,,,,,,,,,,,,,,,,,,,,,,,,,
47,9,18,3,S37,False,0,12,12,0,8,0,0,0,0,"['B544', 'B708', 'B249', 'B625', 'B669', 'B37', 'B651', 'B617']",4.0,S39,3.55,8,12,20,0.0,,-1.096928,-13.590056,-14.686984,True,False,18,S61,True,12,1.8628,pickup,,,,,,,,,,,,,,,,,,,,,,,,,,,,,,,,,,,,,,,,,,,,,,,,,,,,
47,9,18,11,S39,False,8,12,20,8,0,0,0,0,0,"['B544', 'B708', 'B249', 'B625', 'B669', 'B37', 'B651', 'B617']",4.0,S61,3.98,0,12,12,0.0,,-0.704892,-13.463688,-14.168579,False,False,12,S8,True,9,1.2429,delivery,,,,,,,,,,,,,,,,,,,,,,,,,,,,,,,,,,,,,,,,,,,,,,,,,,,,
47,9,18,19,S61,False,0,12,12,0,8,0,0,0,0,"['B344', 'B372', 'B213', 'B143', 'B541', 'B388', 'B631', 'B293']",4.0,S49,3.22,8,12,20,0.0,,-0.645766,-13.482735,-14.128501,False,False,12,S49,False,6,1.2836,pickup,,,,,,,,,,,,,,,,,,,,,,,,,,,,,,,,,,,,,,,,,,,,,,,,,,,,
47,9,18,26,S49,False,8,12,20,8,0,0,0,0,0,"['B344', 'B372', 'B213', 'B143', 'B541', 'B388', 'B631', 'B293']",4.0,S31,2.89,0,12,12,0.0,,-0.606622,-13.518621,-14.125243,False,False,12,S8,True,6,1.263,delivery,,,,,,,,,,,,,,,,,,,,,,,,,,,,,,,,,,,,,,,,,,,,,,,,,,,,
47,9,18,33,S31,False,0,12,12,0,8,0,0,0,0,"['B458', 'B24', 'B71', 'B315', 'B550', 'B632', 'B731', 'B763']",4.0,S53,4.82,8,12,20,0.0,,-0.686536,-13.046129,-13.732665,True,False,18,S18,True,12,1.9413,pickup,,,,,,,,,,,,,,,,,,,,,,,,,,,,,,,,,,,,,,,,,,,,,,,,,,,,
47,9,18,42,S53,False,8,12,20,8,0,1,1,0,0,"['B116', 'B458', 'B24', 'B71', 'B315', 'B550', 'B632', 'B731', 'B763']",7.5,S46,0.87,0,13,13,0.0,,-0.478142,-13.06622,-13.544362,True,True,36,S46,False,30,3.8703,delivery+maintenance,,,,,,,,,,,,,,,,,,,,,,,,,,,,,,,,,,,,,,,,,,,,,,,,,,,,
47,9,18,50,S46,False,0,13,13,0,7,1,0,0,0,"['B7', 'B685', 'B451', 'B646', 'B405', 'B561', 'B375']",6.5,S29,4.73,7,13,20,0.0,,-0.555916,-12.999829,-13.555745,True,True,24,S39,True,19,2.256,pickup+onsite,,,,,,,,,,,,,,,,,,,,,,,,,,,,,,,,,,,,,,,,,,,,,,,,,,,,
47,9,19,1,S29,False,7,13,20,7,0,0,0,0,0,"['B7', 'B685', 'B451', 'B646', 'B405', 'B561', 'B375']",3.5,S2,9.22,0,13,13,0.0,,-0.333192,-12.935468,-13.26866,False,False,12,S44,True,6,1.0296,delivery,,,,,,,,,,,,,,,,,,,,,,,,,,,,,,,,,,,,,,,,,,,,,,,,,,,,
47,9,19,14,S2,False,0,13,13,0,7,0,0,0,0,"['B219', 'B362', 'B70', 'B112', 'B715', 'B761', 'B650']",3.5,S44,7.81,7,13,20,0.0,,-0.527325,-12.819018,-13.346343,False,False,12,S65,True,9,1.0566,pickup,,,,,,,,,,,,,,,,,,,,,,,,,,,,,,,,,,,,,,,,,,,,,,,,,,,,
47,9,19,25,S44,False,7,13,20,7,0,0,0,0,0,"['B219', 'B362', 'B70', 'B112', 'B715', 'B761', 'B650']",3.5,S65,6.93,0,13,13,0.0,,-0.497921,-12.858277,-13.356199,False,False,12,S46,True,10,1.2907,delivery,,,,,,,,,,,,,,,,,,,,,,,,,,,,,,,,,,,,,,,,,,,,,,,,,,,,
47,9,19,36,S65,False,0,13,13,0,7,0,0,0,0,"['B418', 'B704', 'B230', 'B353', 'B737', 'B255', 'B132']",3.5,S58,6.14,7,13,20,0.0,,-0.440511,-13.032675,-13.473186,False,False,10,S59,True,8,1.1207,pickup,,,,,,,,,,,,,,,,,,,,,,,,,,,,,,,,,,,,,,,,,,,,,,,,,,,,
47,9,19,46,S58,False,7,13,20,0,0,0,0,0,0,[],0.0,S4,1.21,7,13,20,0.0,,-0.470339,-13.015159,-13.485497,True,False,11,D0,True,1,1.1464,do_nothing,,,,,,,,,,,,,,,,,,,,,,,,,,,,,,,,,,,,,,,,,,,,,,,,,,,,
47,9,19,47,S4,False,7,13,20,7,0,0,0,0,0,"['B418', 'B704', 'B230', 'B353', 'B737', 'B255', 'B132']",3.5,D0,1.53,0,13,13,0.0,,-0.38206,-13.297617,-13.679677,False,False,2,D0,False,1,0.2219,delivery,,,,,,,,,,,,,,,,,,,,,,,,,,,,,,,,,,,,,,,,,,,,,,,,,,,,
47,9,19,52,D0,True,0,13,13,0,0,0,0,13,0,"['B558', 'B496', 'B188', 'B394', 'B120', 'B527', 'B158', 'B656', 'B149', 'B543', 'B195', 'B683', 'B116']",6.5,D0,0.0,0,0,0,0.0,,-0.343021,-13.264451,-13.607472,True,True,1,D0,False,0,0.1192,do_nothing,,,,,,,,,,,,,,,,,,,,,,,,,,,,,,,,,,,,,,,,,,,,,,,,,,,,
47,10,6,13,D0,True,0,0,0,0,0,0,0,0,13,"['B201', 'B22', 'B399', 'B563', 'B10', 'B638', 'B507', 'B133', 'B259', 'B721', 'B461', 'B444', 'B764']",6.5,S65,3.15,13,0,13,0.0,,-3.140752,-14.212968,-17.35372,True,True,5,S52,True,4,0.423,load_queue,,,,,,,,,,,,,,,,,,,,,,,,,,,,,,,,,,,,,,,,,,,,,,,,,,,,
47,10,6,38,S65,False,13,0,13,13,0,0,0,0,0,"['B201', 'B22', 'B399', 'B563', 'B10', 'B638', 'B507', 'B133', 'B259', 'B721', 'B461', 'B444', 'B764']",6.5,S52,6.18,0,0,0,0.0,,-2.608959,-13.887208,-16.496168,False,False,12,S52,False,9,1.4456,delivery,,,,,,,,,,,,,,,,,,,,,,,,,,,,,,,,,,,,,,,,,,,,,,,,,,,,
47,10,6,51,S52,False,0,0,0,0,14,0,0,0,0,"['B407', 'B604', 'B257', 'B5', 'B673', 'B222', 'B692', 'B594', 'B63', 'B211', 'B595', 'B446', 'B747', 'B329']",7.0,S62,1.55,14,0,14,0.0,,-2.139334,-13.675692,-15.815026,False,False,18,S46,True,12,1.9306,pickup,,,,,,,,,,,,,,,,,,,,,,,,,,,,,,,,,,,,,,,,,,,,,,,,,,,,
47,10,6,59,S62,False,14,0,14,14,0,0,0,0,0,"['B407', 'B604', 'B257', 'B5', 'B673', 'B222', 'B692', 'B594', 'B63', 'B211', 'B595', 'B446', 'B747', 'B329']",7.0,S36,5.06,0,0,0,0.0,,-2.037138,-13.750569,-15.787707,False,False,12,S36,False,10,1.3342,delivery,,,,,,,,,,,,,,,,,,,,,,,,,,,,,,,,,,,,,,,,,,,,,,,,,,,,
47,10,7,11,S36,False,0,0,0,0,15,0,0,0,0,"['B351', 'B516', 'B517', 'B680', 'B4', 'B350', 'B137', 'B520', 'B355', 'B283', 'B341', 'B521', 'B422', 'B227', 'B288']",7.5,S66,7.48,15,0,15,0.0,,-1.223553,-13.566144,-14.789697,False,False,18,S3,True,10,2.1352,pickup,,,,,,,,,,,,,,,,,,,,,,,,,,,,,,,,,,,,,,,,,,,,,,,,,,,,
47,10,7,26,S66,False,15,0,15,15,0,0,0,0,0,"['B351', 'B516', 'B517', 'B680', 'B4', 'B350', 'B137', 'B520', 'B355', 'B283', 'B341', 'B521', 'B422', 'B227', 'B288']",7.5,S18,2.06,0,0,0,0.0,,-1.06673,-13.587562,-14.654292,False,False,12,S18,False,8,1.5757,delivery,,,,,,,,,,,,,,,,,,,,,,,,,,,,,,,,,,,,,,,,,,,,,,,,,,,,
47,10,7,36,S18,False,0,0,0,0,16,0,0,0,0,"['B83', 'B674', 'B637', 'B106', 'B49', 'B611', 'B734', 'B374', 'B316', 'B223', 'B658', 'B107', 'B616', 'B129', 'B659', 'B136']",8.0,S15,4.77,16,0,16,0.0,,-0.86085,-13.665004,-14.525854,False,False,18,S3,True,7,2.2194,pickup,,,,,,,,,,,,,,,,,,,,,,,,,,,,,,,,,,,,,,,,,,,,,,,,,,,,
47,10,7,49,S15,False,16,0,16,16,0,0,0,0,0,"['B83', 'B674', 'B637', 'B106', 'B49', 'B611', 'B734', 'B374', 'B316', 'B223', 'B658', 'B107', 'B616', 'B129', 'B659', 'B136']",8.0,S3,6.36,0,0,0,0.0,,-0.881302,-13.545661,-14.426962,False,False,12,S49,True,6,1.5236,delivery,,,,,,,,,,,,,,,,,,,,,,,,,,,,,,,,,,,,,,,,,,,,,,,,,,,,
47,10,8,3,S3,False,0,0,0,0,7,1,0,0,0,"['B749', 'B237', 'B125', 'B294', 'B220', 'B536', 'B153']",6.5,S32,0.99,7,0,7,0.0,,-0.880453,-13.400045,-14.280498,True,True,36,S29,True,18,5.9384,pickup+onsite,,,,,,,,,,,,,,,,,,,,,,,,,,,,,,,,,,,,,,,,,,,,,,,,,,,,
47,10,8,10,S32,False,7,0,7,0,11,1,0,0,0,"['B493', 'B354', 'B667', 'B416', 'B453', 'B757', 'B193', 'B730', 'B312', 'B24', 'B532']",8.5,S26,7.72,18,0,18,0.0,,-1.017008,-13.363089,-14.380097,True,True,36,S61,True,30,4.2124,pickup+onsite,,,,,,,,,,,,,,,,,,,,,,,,,,,,,,,,,,,,,,,,,,,,,,,,,,,,
47,10,8,27,S26,False,18,0,18,18,0,0,0,0,0,"['B749', 'B237', 'B125', 'B294', 'B220', 'B536', 'B153', 'B493', 'B354', 'B667', 'B416', 'B453', 'B757', 'B193', 'B730', 'B312', 'B24', 'B532']",9.0,S60,6.85,0,0,0,0.0,,-1.131244,-13.205956,-14.337199,False,False,12,S42,True,9,2.0072,delivery,,,,,,,,,,,,,,,,,,,,,,,,,,,,,,,,,,,,,,,,,,,,,,,,,,,,
47,10,8,42,S60,False,0,0,0,0,12,1,1,0,0,"['B16', 'B562', 'B225', 'B152', 'B199', 'B145', 'B397', 'B588', 'B358', 'B146', 'B478', 'B39', 'B382']",9.5,S46,5.39,12,1,13,0.0,,-0.534757,-13.224226,-13.758983,True,True,72,S46,True,68,10.4662,pickup+maintenance,,,,,,,,,,,,,,,,,,,,,,,,,,,,,,,,,,,,,,,,,,,,,,,,,,,,
47,10,8,57,S46,False,12,1,13,0,7,0,0,0,0,"['B72', 'B206', 'B325', 'B295', 'B183', 'B377', 'B308']",3.5,S41,6.18,19,1,20,0.0,,-0.409533,-13.050283,-13.459816,False,False,12,S41,False,6,1.5405,pickup,,,,,,,,,,,,,,,,,,,,,,,,,,,,,,,,,,,,,,,,,,,,,,,,,,,,
47,10,9,7,S41,False,19,1,20,15,0,0,1,0,0,"['B215', 'B16', 'B562', 'B225', 'B152', 'B199', 'B145', 'B397', 'B588', 'B358', 'B146', 'B478', 'B39', 'B72', 'B206', 'B325']",8.0,S27,3.14,4,2,6,0.0,,-0.320505,-13.06092,-13.381425,True,True,30,S27,False,24,3.3798,delivery+depot_removal,,,,,,,,,,,,,,,,,,,,,,,,,,,,,,,,,,,,,,,,,,,,,,,,,,,,
47,10,9,18,S27,False,4,2,6,4,0,0,0,0,0,"['B295', 'B183', 'B377', 'B308']",2.0,S49,5.16,0,2,2,0.0,,-0.58482,-13.162552,-13.747371,False,False,12,S2,True,8,1.4115,delivery,,,,,,,,,,,,,,,,,,,,,,,,,,,,,,,,,,,,,,,,,,,,,,,,,,,,
47,10,9,25,S49,False,0,2,2,0,11,0,0,0,0,"['B388', 'B631', 'B293', 'B154', 'B644', 'B549', 'B92', 'B364', 'B359', 'B489', 'B392']",5.5,S34,7.37,11,2,13,0.0,,-0.457601,-13.19537,-13.652971,False,False,18,S33,True,7,2.0392,pickup,,,,,,,,,,,,,,,,,,,,,,,,,,,,,,,,,,,,,,,,,,,,,,,,,,,,
47,10,9,38,S34,False,11,2,13,11,0,0,0,0,0,"['B388', 'B631', 'B293', 'B154', 'B644', 'B549', 'B92', 'B364', 'B359', 'B489', 'B392']",5.5,S33,3.68,0,2,2,0.0,,-0.390011,-13.155072,-13.545083,False,False,12,S4,True,6,1.4916,delivery,,,,,,,,,,,,,,,,,,,,,,,,,,,,,,,,,,,,,,,,,,,,,,,,,,,,
47,10,9,47,S33,False,0,2,2,0,16,0,0,0,0,"['B318', 'B429', 'B596', 'B431', 'B469', 'B209', 'B740', 'B117', 'B250', 'B42', 'B733', 'B59', 'B587', 'B96', 'B70', 'B449']",8.0,S22,7.66,16,2,18,0.0,,-0.418988,-13.153706,-13.572694,False,False,18,S22,True,6,2.651,pickup,,,,,,,,,,,,,,,,,,,,,,,,,,,,,,,,,,,,,,,,,,,,,,,,,,,,
47,10,10,3,S22,False,16,2,18,14,0,0,2,0,0,"['B321', 'B401', 'B318', 'B429', 'B596', 'B431', 'B469', 'B209', 'B740', 'B117', 'B250', 'B42', 'B733', 'B59', 'B587', 'B96']",8.0,S62,7.3,2,4,6,0.0,,-0.612583,-13.196626,-13.809209,True,True,54,S24,True,52,5.826,delivery+depot_removal,,,,,,,,,,,,,,,,,,,,,,,,,,,,,,,,,,,,,,,,,,,,,,,,,,,,
47,10,10,18,S62,False,2,4,6,0,7,0,0,0,0,"['B747', 'B329', 'B84', 'B552', 'B67', 'B516', 'B157']",3.5,S10,3.18,9,4,13,0.0,,-0.53901,-13.411884,-13.950893,False,False,18,S60,True,7,1.6152,pickup,,,,,,,,,,,,,,,,,,,,,,,,,,,,,,,,,,,,,,,,,,,,,,,,,,,,
47,10,10,25,S10,False,9,4,13,9,0,0,0,0,0,"['B70', 'B449', 'B747', 'B329', 'B84', 'B552', 'B67', 'B516', 'B157']",4.5,S60,6.65,0,4,4,0.0,,-0.64604,-13.453773,-14.099813,False,False,12,S64,True,6,1.2853,delivery,,,,,,,,,,,,,,,,,,,,,,,,,,,,,,,,,,,,,,,,,,,,,,,,,,,,
47,10,10,36,S60,False,0,4,4,0,16,0,0,0,0,"['B156', 'B716', 'B201', 'B711', 'B399', 'B205', 'B415', 'B167', 'B184', 'B52', 'B103', 'B127', 'B689', 'B298', 'B751', 'B723']",8.0,S29,7.31,16,4,20,0.0,,-1.017916,-13.571695,-14.589611,False,False,12,S26,True,7,1.4298,pickup,,,,,,,,,,,,,,,,,,,,,,,,,,,,,,,,,,,,,,,,,,,,,,,,,,,,
47,10,10,52,S29,False,16,4,20,16,0,0,0,0,0,"['B156', 'B716', 'B201', 'B711', 'B399', 'B205', 'B415', 'B167', 'B184', 'B52', 'B103', 'B127', 'B689', 'B298', 'B751', 'B723']",8.0,S18,6.89,0,4,4,0.0,,-1.071997,-13.796766,-14.868763,False,False,12,S52,True,7,1.7141,delivery,,,,,,,,,,,,,,,,,,,,,,,,,,,,,,,,,,,,,,,,,,,,,,,,,,,,
47,10,11,6,S18,False,0,4,4,0,14,0,0,0,0,"['B767', 'B20', 'B390', 'B267', 'B229', 'B291', 'B217', 'B187', 'B296', 'B98', 'B21', 'B643', 'B721', 'B372']",7.0,S54,5.81,14,4,18,0.0,,-1.190847,-13.813601,-15.004448,False,False,18,S52,True,6,2.6464,pickup,,,,,,,,,,,,,,,,,,,,,,,,,,,,,,,,,,,,,,,,,,,,,,,,,,,,
47,10,11,19,S54,False,14,4,18,14,0,0,0,0,0,"['B767', 'B20', 'B390', 'B267', 'B229', 'B291', 'B217', 'B187', 'B296', 'B98', 'B21', 'B643', 'B721', 'B372']",7.0,S52,3.81,0,4,4,0.0,,-0.645296,-13.691561,-14.336858,False,False,18,S26,True,12,2.0815,delivery,,,,,,,,,,,,,,,,,,,,,,,,,,,,,,,,,,,,,,,,,,,,,,,,,,,,
47,10,11,30,S52,False,0,4,4,0,11,0,0,0,0,"['B245', 'B273', 'B441', 'B553', 'B677', 'B618', 'B408', 'B30', 'B393', 'B736', 'B430']",5.5,S35,6.71,11,4,15,0.0,,-0.68047,-13.757307,-14.437777,False,False,18,S35,False,12,2.983,pickup,,,,,,,,,,,,,,,,,,,,,,,,,,,,,,,,,,,,,,,,,,,,,,,,,,,,
47,10,11,42,S35,False,11,4,15,11,0,0,0,0,0,"['B245', 'B273', 'B441', 'B553', 'B677', 'B618', 'B408', 'B30', 'B393', 'B736', 'B430']",5.5,S31,8.41,0,4,4,0.0,,-0.82838,-13.600228,-14.428609,False,False,12,S42,True,7,1.487,delivery,,,,,,,,,,,,,,,,,,,,,,,,,,,,,,,,,,,,,,,,,,,,,,,,,,,,
47,10,11,56,S31,False,0,4,4,0,8,0,1,0,0,"['B368', 'B34', 'B247', 'B15', 'B40', 'B238', 'B563', 'B546', 'B192']",4.5,S66,0.38,8,5,13,0.0,,-1.000214,-13.67806,-14.678275,True,True,36,S66,False,20,4.6795,pickup+depot_removal,,,,,,,,,,,,,,,,,,,,,,,,,,,,,,,,,,,,,,,,,,,,,,,,,,,,
47,10,12,1,S66,False,8,5,13,0,7,0,0,0,0,"['B105', 'B694', 'B47', 'B287', 'B472', 'B648', 'B57']",3.5,S29,6.29,15,5,20,0.0,,-0.842916,-13.775323,-14.618239,False,False,12,S26,True,7,1.1215,pickup,,,,,,,,,,,,,,,,,,,,,,,,,,,,,,,,,,,,,,,,,,,,,,,,,,,,
47,10,12,11,S29,False,15,5,20,15,0,0,0,0,0,"['B368', 'B34', 'B247', 'B15', 'B40', 'B238', 'B563', 'B546', 'B105', 'B694', 'B47', 'B287', 'B472', 'B648', 'B57']",7.5,S9,10.63,0,5,5,0.0,,-1.013454,-13.583383,-14.596837,False,False,12,S50,True,7,1.5334,delivery,,,,,,,,,,,,,,,,,,,,,,,,,,,,,,,,,,,,,,,,,,,,,,,,,,,,
47,10,12,29,S9,False,0,5,5,0,10,2,0,0,0,"['B743', 'B400', 'B470', 'B699', 'B758', 'B164', 'B320', 'B260', 'B589', 'B271']",11.0,S50,11.77,10,5,15,0.0,,-1.70902,-13.752348,-15.461367,True,True,36,S51,True,30,3.9719,pickup+onsite,,,,,,,,,,,,,,,,,,,,,,,,,,,,,,,,,,,,,,,,,,,,,,,,,,,,
47,10,12,52,S50,False,10,5,15,10,0,0,0,0,0,"['B743', 'B400', 'B470', 'B699', 'B758', 'B164', 'B320', 'B260', 'B589', 'B271']",5.0,S51,8.8,0,5,5,0.0,,-1.875485,-13.702025,-15.57751,False,False,12,S16,True,7,1.2524,delivery,,,,,,,,,,,,,,,,,,,,,,,,,,,,,,,,,,,,,,,,,,,,,,,,,,,,
47,10,13,6,S51,False,0,5,5,0,15,0,0,0,0,"['B608', 'B390', 'B340', 'B407', 'B172', 'B52', 'B144', 'B252', 'B557', 'B580', 'B467', 'B330', 'B205', 'B356', 'B687']",7.5,S44,3.83,15,5,20,0.0,,-1.68553,-13.675265,-15.360795,False,False,18,S2,True,10,2.2245,pickup,,,,,,,,,,,,,,,,,,,,,,,,,,,,,,,,,,,,,,,,,,,,,,,,,,,,
47,10,13,17,S44,False,15,5,20,11,0,0,0,0,0,"['B608', 'B390', 'B340', 'B407', 'B172', 'B52', 'B144', 'B252', 'B557', 'B580', 'B467']",5.5,S26,7.72,4,5,9,0.0,,-1.593098,-13.580269,-15.173367,False,False,18,S36,True,8,2.5286,delivery,,,,,,,,,,,,,,,,,,,,,,,,,,,,,,,,,,,,,,,,,,,,,,,,,,,,
47,10,13,30,S26,False,4,5,9,4,0,0,0,0,0,"['B330', 'B205', 'B356', 'B687']",2.0,S37,7.79,0,5,5,0.0,,-1.563009,-13.48157,-15.044579,False,False,12,S37,False,10,1.4739,delivery,,,,,,,,,,,,,,,,,,,,,,,,,,,,,,,,,,,,,,,,,,,,,,,,,,,,
47,10,13,40,S37,False,0,5,5,0,11,0,2,0,0,"['B256', 'B449', 'B352', 'B207', 'B303', 'B307', 'B575', 'B190', 'B605', 'B254', 'B6', 'B612', 'B446']",6.5,S36,4.84,11,7,18,0.0,,-1.848217,-13.626665,-15.474882,True,True,42,S18,True,37,6.43,pickup+depot_removal,,,,,,,,,,,,,,,,,,,,,,,,,,,,,,,,,,,,,,,,,,,,,,,,,,,,
47,10,13,51,S36,False,11,7,18,0,0,0,0,0,0,[],0.0,S54,4.67,11,7,18,0.0,,-2.101196,-13.753911,-15.855107,False,False,12,S42,True,2,1.6839,do_nothing,,,,,,,,,,,,,,,,,,,,,,,,,,,,,,,,,,,,,,,,,,,,,,,,,,,,
47,10,13,56,S54,False,11,7,18,0,0,0,0,0,0,[],0.0,S33,3.1,11,7,18,0.0,,-2.138059,-13.735802,-15.873861,False,False,12,S33,False,0,1.4268,do_nothing,,,,,,,,,,,,,,,,,,,,,,,,,,,,,,,,,,,,,,,,,,,,,,,,,,,,
47,10,13,59,S33,False,11,7,18,11,0,0,0,0,0,"['B256', 'B449', 'B352', 'B207', 'B303', 'B307', 'B575', 'B190', 'B605', 'B254', 'B6']",5.5,S42,7.31,0,7,7,0.0,,-2.364958,-13.5933,-15.958258,False,False,12,S42,False,9,1.68,delivery,,,,,,,,,,,,,,,,,,,,,,,,,,,,,,,,,,,,,,,,,,,,,,,,,,,,
47,10,14,12,S42,False,0,7,7,0,0,1,0,0,0,[],3.0,S41,10.8,0,7,7,0.0,,-2.058375,-13.487438,-15.545813,True,True,36,S41,True,6,5.1301,do_nothing+onsite,,,,,,,,,,,,,,,,,,,,,,,,,,,,,,,,,,,,,,,,,,,,,,,,,,,,
47,10,14,26,S41,False,0,7,7,0,13,0,0,0,0,"['B265', 'B559', 'B294', 'B486', 'B152', 'B248', 'B25', 'B268', 'B10', 'B174', 'B267', 'B435', 'B411']",6.5,S55,7.46,13,7,20,0.0,,-2.962934,-13.565252,-16.528187,False,False,12,S58,True,8,1.7335,pickup,,,,,,,,,,,,,,,,,,,,,,,,,,,,,,,,,,,,,,,,,,,,,,,,,,,,
47,10,14,40,S55,False,13,7,20,13,0,1,0,0,0,"['B265', 'B559', 'B294', 'B486', 'B152', 'B248', 'B25', 'B268', 'B10', 'B174', 'B267', 'B435', 'B411']",9.5,S65,9.08,0,7,7,0.0,,-1.982005,-13.37429,-15.356295,True,True,24,S66,True,19,3.2581,delivery+onsite,,,,,,,,,,,,,,,,,,,,,,,,,,,,,,,,,,,,,,,,,,,,,,,,,,,,
47,10,14,58,S65,False,0,7,7,0,13,0,0,0,0,"['B159', 'B503', 'B404', 'B75', 'B68', 'B461', 'B35', 'B740', 'B133', 'B59', 'B269', 'B113', 'B96']",6.5,S54,8.42,13,7,20,0.0,,-1.784433,-13.431312,-15.215745,False,False,12,S26,True,8,1.9485,pickup,,,,,,,,,,,,,,,,,,,,,,,,,,,,,,,,,,,,,,,,,,,,,,,,,,,,
47,10,15,13,S54,False,13,7,20,13,0,0,0,0,0,"['B159', 'B503', 'B404', 'B75', 'B68', 'B461', 'B35', 'B740', 'B133', 'B59', 'B269', 'B113', 'B96']",6.5,S22,9.78,0,7,7,0.0,,-1.846576,-13.550278,-15.396855,False,False,18,S27,True,13,1.6686,delivery,,,,,,,,,,,,,,,,,,,,,,,,,,,,,,,,,,,,,,,,,,,,,,,,,,,,
47,10,15,29,S22,False,0,7,7,0,0,0,0,0,0,[],0.0,S41,3.42,0,7,7,0.0,,-1.95072,-13.645927,-15.596647,False,False,18,S41,False,0,2.0154,do_nothing,,,,,,,,,,,,,,,,,,,,,,,,,,,,,,,,,,,,,,,,,,,,,,,,,,,,
47,10,15,33,S41,False,0,7,7,0,13,0,0,0,0,"['B376', 'B750', 'B682', 'B259', 'B548', 'B209', 'B708', 'B352', 'B207', 'B512', 'B249', 'B55', 'B338']",6.5,S26,6.65,13,7,20,0.0,,-2.057605,-13.34018,-15.397786,False,False,12,S26,False,6,1.4182,pickup,,,,,,,,,,,,,,,,,,,,,,,,,,,,,,,,,,,,,,,,,,,,,,,,,,,,
47,10,15,46,S26,False,13,7,20,13,0,0,0,0,0,"['B376', 'B750', 'B682', 'B259', 'B548', 'B209', 'B708', 'B352', 'B207', 'B512', 'B249', 'B55', 'B338']",6.5,S61,6.04,0,7,7,0.0,,-1.64603,-13.280367,-14.926398,False,False,12,S28,True,10,1.386,delivery,,,,,,,,,,,,,,,,,,,,,,,,,,,,,,,,,,,,,,,,,,,,,,,,,,,,
47,10,15,58,S61,False,0,7,7,0,0,0,2,0,0,"['B417', 'B308']",1.0,S66,1.13,0,9,9,0.0,,-1.468373,-13.26031,-14.728684,True,True,54,S66,True,12,5.2247,do_nothing+depot_removal,,,,,,,,,,,,,,,,,,,,,,,,,,,,,,,,,,,,,,,,,,,,,,,,,,,,
47,10,16,1,S66,False,0,9,9,0,11,0,0,0,0,"['B225', 'B373', 'B562', 'B264', 'B444', 'B283', 'B721', 'B129', 'B320', 'B505', 'B521']",5.5,S17,7.34,11,9,20,0.0,,-1.54725,-13.042124,-14.589374,False,False,18,S34,True,7,1.9192,pickup,,,,,,,,,,,,,,,,,,,,,,,,,,,,,,,,,,,,,,,,,,,,,,,,,,,,
47,10,16,13,S17,False,11,9,20,11,0,0,0,0,0,"['B225', 'B373', 'B562', 'B264', 'B444', 'B283', 'B721', 'B129', 'B320', 'B505', 'B521']",5.5,S18,9.27,0,9,9,0.0,,-1.497015,-12.98272,-14.479735,False,False,12,S10,True,8,1.3856,delivery,,,,,,,,,,,,,,,,,,,,,,,,,,,,,,,,,,,,,,,,,,,,,,,,,,,,
47,10,16,28,S18,False,0,9,9,0,11,0,0,0,0,"['B140', 'B360', 'B65', 'B284', 'B729', 'B498', 'B442', 'B547', 'B445', 'B405', 'B554']",5.5,S24,8.61,11,9,20,0.0,,-1.308639,-12.912501,-14.221141,False,False,12,S22,True,7,1.8264,pickup,,,,,,,,,,,,,,,,,,,,,,,,,,,,,,,,,,,,,,,,,,,,,,,,,,,,
47,10,16,42,S24,False,11,9,20,11,0,0,0,0,0,"['B140', 'B360', 'B65', 'B284', 'B729', 'B498', 'B442', 'B547', 'B445', 'B405', 'B554']",5.5,S22,6.27,0,9,9,0.0,,-1.511042,-13.136014,-14.647056,False,False,12,S35,True,7,1.1961,delivery,,,,,,,,,,,,,,,,,,,,,,,,,,,,,,,,,,,,,,,,,,,,,,,,,,,,
47,10,16,54,S22,False,0,9,9,0,11,0,0,0,0,"['B196', 'B165', 'B540', 'B681', 'B606', 'B414', 'B317', 'B660', 'B624', 'B654', 'B162']",5.5,S25,5.77,11,9,20,0.0,,-1.316209,-13.06962,-14.385829,False,False,12,S34,True,7,1.4406,pickup,,,,,,,,,,,,,,,,,,,,,,,,,,,,,,,,,,,,,,,,,,,,,,,,,,,,
47,10,17,5,S25,False,11,9,20,11,0,0,0,0,0,"['B196', 'B165', 'B540', 'B681', 'B606', 'B414', 'B317', 'B660', 'B624', 'B654', 'B162']",5.5,S31,10.09,0,9,9,0.0,,-1.144619,-13.142249,-14.286868,False,False,12,S28,True,6,1.7642,delivery,,,,,,,,,,,,,,,,,,,,,,,,,,,,,,,,,,,,,,,,,,,,,,,,,,,,
47,10,17,21,S31,False,0,9,9,0,11,0,0,0,0,"['B564', 'B508', 'B383', 'B325', 'B119', 'B674', 'B142', 'B118', 'B470', 'B490', 'B178']",5.5,S27,2.27,11,9,20,0.0,,-0.72469,-13.04333,-13.768019,False,False,12,S27,False,6,1.384,pickup,,,,,,,,,,,,,,,,,,,,,,,,,,,,,,,,,,,,,,,,,,,,,,,,,,,,
47,10,17,29,S27,False,11,9,20,11,0,0,0,0,0,"['B564', 'B508', 'B383', 'B325', 'B119', 'B674', 'B142', 'B118', 'B470', 'B490', 'B178']",5.5,S12,10.31,0,9,9,0.0,,-0.567198,-12.928538,-13.495736,False,False,12,S54,True,6,1.3471,delivery,,,,,,,,,,,,,,,,,,,,,,,,,,,,,,,,,,,,,,,,,,,,,,,,,,,,
47,10,17,44,S12,False,0,9,9,0,11,0,0,0,0,"['B661', 'B103', 'B471', 'B135', 'B354', 'B346', 'B501', 'B635', 'B312', 'B631', 'B139']",5.5,S28,18.55,11,9,20,0.0,,-0.613837,-13.039095,-13.652931,False,False,12,S54,True,7,1.3013,pickup,,,,,,,,,,,,,,,,,,,,,,,,,,,,,,,,,,,,,,,,,,,,,,,,,,,,
47,10,18,9,S28,False,11,9,20,11,0,0,1,0,0,"['B27', 'B661', 'B103', 'B471', 'B135', 'B354', 'B346', 'B501', 'B635', 'B312', 'B631', 'B139']",6.0,S51,16.62,0,10,10,0.0,,-0.676669,-13.003765,-13.680434,True,True,18,S7,True,15,2.5144,delivery+depot_removal,,,,,,,,,,,,,,,,,,,,,,,,,,,,,,,,,,,,,,,,,,,,,,,,,,,,
47,10,18,31,S51,False,0,10,10,0,10,1,0,0,0,"['B311', 'B7', 'B387', 'B397', 'B46', 'B197', 'B99', 'B220', 'B509', 'B730']",8.0,S10,7.37,10,10,20,0.0,,-0.431214,-12.422045,-12.853258,True,True,24,S34,True,19,3.3859,pickup+onsite,,,,,,,,,,,,,,,,,,,,,,,,,,,,,,,,,,,,,,,,,,,,,,,,,,,,
47,10,18,46,S10,False,10,10,20,10,0,0,0,0,0,"['B311', 'B7', 'B387', 'B397', 'B46', 'B197', 'B99', 'B220', 'B509', 'B730']",5.0,S65,8.22,0,10,10,0.0,,-0.353449,-12.31717,-12.670619,False,False,12,S65,False,6,1.7041,delivery,,,,,,,,,,,,,,,,,,,,,,,,,,,,,,,,,,,,,,,,,,,,,,,,,,,,
47,10,19,0,S65,False,0,10,10,0,10,0,0,0,0,"['B77', 'B199', 'B504', 'B478', 'B235', 'B755', 'B584', 'B433', 'B695', 'B754']",5.0,S15,5.1,10,10,20,0.0,,-0.499797,-12.266749,-12.766546,False,False,12,S33,True,10,1.2947,pickup,,,,,,,,,,,,,,,,,,,,,,,,,,,,,,,,,,,,,,,,,,,,,,,,,,,,
47,10,19,10,S15,False,10,10,20,10,0,0,0,0,0,"['B77', 'B199', 'B504', 'B478', 'B235', 'B755', 'B584', 'B433', 'B695', 'B754']",5.0,S2,5.34,0,10,10,0.0,,-0.342283,-12.231764,-12.574047,False,False,12,S34,True,7,1.2076,delivery,,,,,,,,,,,,,,,,,,,,,,,,,,,,,,,,,,,,,,,,,,,,,,,,,,,,
47,10,19,20,S2,False,0,10,10,0,10,0,0,0,0,"['B452', 'B551', 'B482', 'B347', 'B597', 'B574', 'B186', 'B208', 'B278', 'B619']",5.0,S33,7.08,10,10,20,0.0,,-0.322872,-12.10809,-12.430962,False,False,12,S7,True,6,1.2036,pickup,,,,,,,,,,,,,,,,,,,,,,,,,,,,,,,,,,,,,,,,,,,,,,,,,,,,
47,10,19,32,S33,False,10,10,20,10,0,0,0,0,0,"['B452', 'B551', 'B482', 'B347', 'B597', 'B574', 'B186', 'B208', 'B278', 'B619']",5.0,S40,1.51,0,10,10,0.0,,-0.323411,-12.523033,-12.846443,False,False,12,S34,True,7,1.7675,delivery,,,,,,,,,,,,,,,,,,,,,,,,,,,,,,,,,,,,,,,,,,,,,,,,,,,,
47,10,19,39,S40,False,0,10,10,0,10,0,0,0,0,"['B430', 'B596', 'B714', 'B669', 'B647', 'B22', 'B301', 'B58', 'B96', 'B764']",5.0,S34,2.19,10,10,20,0.0,,-0.577701,-12.587752,-13.165453,False,False,9,S45,True,6,0.8458,pickup,,,,,,,,,,,,,,,,,,,,,,,,,,,,,,,,,,,,,,,,,,,,,,,,,,,,
47,10,19,46,S34,False,10,10,20,10,0,0,0,0,0,"['B430', 'B596', 'B714', 'B669', 'B647', 'B22', 'B301', 'B58', 'B96', 'B764']",5.0,D0,1.54,0,10,10,0.0,,-0.401303,-12.71771,-13.119013,False,False,2,D0,False,1,0.2174,delivery,,,,,,,,,,,,,,,,,,,,,,,,,,,,,,,,,,,,,,,,,,,,,,,,,,,,
47,10,19,52,D0,True,0,10,10,0,0,0,0,10,13,"['B558', 'B496', 'B188', 'B394', 'B120', 'B527', 'B158', 'B656', 'B149', 'B543', 'B195', 'B683', 'B116', 'B382', 'B215', 'B321', 'B401', 'B192', 'B612', 'B446', 'B417', 'B308', 'B27']",11.5,D0,0.0,13,0,13,0.0,,-0.458614,-12.596436,-13.05505,True,True,1,D0,False,0,0.122,do_nothing,,,,,,,,,,,,,,,,,,,,,,,,,,,,,,,,,,,,,,,,,,,,,,,,,,,,
47,11,6,4,D0,True,13,0,13,0,0,0,0,0,0,[],0.0,S51,3.91,13,0,13,0.0,,-2.888315,-14.20283,-17.091145,True,True,5,S51,False,4,0.4829,depot_passthrough,,,,,,,,,,,,,,,,,,,,,,,,,,,,,,,,,,,,,,,,,,,,,,,,,,,,
47,11,6,23,S51,False,13,0,13,13,0,0,0,0,0,"['B558', 'B496', 'B188', 'B394', 'B120', 'B527', 'B158', 'B656', 'B149', 'B543', 'B195', 'B683', 'B116']",6.5,S55,5.48,0,0,0,0.0,,-2.904238,-14.26124,-17.165478,False,False,12,S55,False,6,1.2582,delivery,,,,,,,,,,,,,,,,,,,,,,,,,,,,,,,,,,,,,,,,,,,,,,,,,,,,
47,11,6,35,S55,False,0,0,0,0,20,0,0,0,0,"['B653', 'B306', 'B692', 'B159', 'B7', 'B532', 'B473', 'B474', 'B46', 'B767', 'B486', 'B712', 'B76', 'B206', 'B668', 'B242', 'B492', 'B682', 'B260', 'B361']",10.0,S12,7.23,20,0,20,0.0,,-2.477073,-14.110058,-16.587131,False,False,12,S40,True,8,1.5723,pickup,,,,,,,,,,,,,,,,,,,,,,,,,,,,,,,,,,,,,,,,,,,,,,,,,,,,
47,11,6,52,S12,False,20,0,20,17,0,0,0,0,0,"['B653', 'B306', 'B692', 'B159', 'B7', 'B532', 'B473', 'B474', 'B46', 'B767', 'B486', 'B712', 'B76', 'B206', 'B668', 'B242', 'B492']",8.5,S39,8.6,3,0,3,0.0,,-2.09363,-14.206254,-16.299885,False,False,18,S22,True,6,2.2435,delivery,,,,,,,,,,,,,,,,,,,,,,,,,,,,,,,,,,,,,,,,,,,,,,,,,,,,
47,11,7,9,S39,False,3,0,3,0,17,0,0,0,0,"['B747', 'B733', 'B641', 'B85', 'B13', 'B407', 'B374', 'B489', 'B131', 'B31', 'B132', 'B309', 'B759', 'B70', 'B603', 'B290', 'B412']",8.5,S65,5.08,20,0,20,0.0,,-1.903878,-14.207803,-16.11168,False,False,12,S19,True,8,1.6696,pickup,,,,,,,,,,,,,,,,,,,,,,,,,,,,,,,,,,,,,,,,,,,,,,,,,,,,
47,11,7,23,S65,False,20,0,20,18,0,0,0,0,0,"['B682', 'B260', 'B361', 'B747', 'B733', 'B641', 'B85', 'B13', 'B407', 'B374', 'B489', 'B131', 'B31', 'B132', 'B309', 'B759', 'B70', 'B603']",9.0,S60,3.09,2,0,2,0.0,,-1.57085,-14.118654,-15.689504,False,False,18,S60,False,6,2.6917,delivery,,,,,,,,,,,,,,,,,,,,,,,,,,,,,,,,,,,,,,,,,,,,,,,,,,,,
47,11,7,35,S60,False,2,0,2,0,17,1,0,0,0,"['B169', 'B696', 'B67', 'B83', 'B0', 'B741', 'B237', 'B578', 'B678', 'B618', 'B232', 'B179', 'B355', 'B568', 'B752', 'B406', 'B516']",11.5,S66,1.23,19,0,19,0.0,,-1.5457,-14.293344,-15.839044,True,True,36,S27,True,30,4.865,pickup+onsite,,,,,,,,,,,,,,,,,,,,,,,,,,,,,,,,,,,,,,,,,,,,,,,,,,,,
47,11,7,48,S66,False,19,0,19,19,0,1,0,0,0,"['B290', 'B412', 'B169', 'B696', 'B67', 'B83', 'B0', 'B741', 'B237', 'B578', 'B678', 'B618', 'B232', 'B179', 'B355', 'B568', 'B752', 'B406', 'B516']",12.5,S46,5.15,0,0,0,0.0,,-1.250844,-14.02837,-15.279213,True,True,24,S38,True,20,3.8244,delivery+onsite,,,,,,,,,,,,,,,,,,,,,,,,,,,,,,,,,,,,,,,,,,,,,,,,,,,,
47,11,8,5,S46,False,0,0,0,0,11,0,0,0,0,"['B323', 'B223', 'B511', 'B331', 'B332', 'B716', 'B581', 'B399', 'B664', 'B109', 'B681']",5.5,S54,3.3,11,0,11,0.0,,-1.151674,-14.120848,-15.272521,False,False,18,S16,True,14,3.3974,pickup,,,,,,,,,,,,,,,,,,,,,,,,,,,,,,,,,,,,,,,,,,,,,,,,,,,,
47,11,8,14,S54,False,11,0,11,0,9,1,0,0,0,"['B710', 'B369', 'B316', 'B604', 'B273', 'B480', 'B280', 'B567', 'B388']",7.5,S26,5.73,20,0,20,0.0,,-0.877108,-14.106825,-14.983933,True,True,24,S44,True,18,3.4582,pickup+onsite,,,,,,,,,,,,,,,,,,,,,,,,,,,,,,,,,,,,,,,,,,,,,,,,,,,,
47,11,8,27,S26,False,20,0,20,20,0,0,0,0,0,"['B323', 'B223', 'B511', 'B331', 'B332', 'B716', 'B581', 'B399', 'B664', 'B109', 'B681', 'B710', 'B369', 'B316', 'B604', 'B273', 'B480', 'B280', 'B567', 'B388']",10.0,S16,7.94,0,0,0,0.0,,-0.840035,-13.989751,-14.829786,False,False,18,S50,True,14,3.2654,delivery,,,,,,,,,,,,,,,,,,,,,,,,,,,,,,,,,,,,,,,,,,,,,,,,,,,,
47,11,8,45,S16,False,0,0,0,0,10,0,0,0,0,"['B170', 'B211', 'B415', 'B385', 'B71', 'B628', 'B38', 'B82', 'B751', 'B224']",5.0,S44,0.23,10,0,10,0.0,,-0.938396,-13.728122,-14.666518,False,False,18,S37,True,12,3.4964,pickup,,,,,,,,,,,,,,,,,,,,,,,,,,,,,,,,,,,,,,,,,,,,,,,,,,,,
47,11,8,50,S44,False,10,0,10,10,0,0,0,0,0,"['B170', 'B211', 'B415', 'B385', 'B71', 'B628', 'B38', 'B82', 'B751', 'B224']",5.0,S37,1.36,0,0,0,0.0,,-1.132992,-13.706004,-14.838997,False,False,12,S50,True,7,2.1746,delivery,,,,,,,,,,,,,,,,,,,,,,,,,,,,,,,,,,,,,,,,,,,,,,,,,,,,
47,11,8,57,S37,False,0,0,0,0,15,0,1,0,0,"['B507', 'B550', 'B325', 'B585', 'B762', 'B598', 'B676', 'B648', 'B408', 'B615', 'B106', 'B538', 'B622', 'B198', 'B561', 'B386']",8.0,S23,7.3,15,1,16,0.0,,-0.978915,-13.579303,-14.558217,True,True,36,S50,True,22,7.875,pickup+depot_removal,,,,,,,,,,,,,,,,,,,,,,,,,,,,,,,,,,,,,,,,,,,,,,,,,,,,
47,11,9,12,S23,False,15,1,16,7,0,0,0,0,0,"['B507', 'B550', 'B325', 'B585', 'B762', 'B598', 'B676']",3.5,S22,1.6,8,1,9,0.0,,-0.830364,-13.586212,-14.416576,False,False,18,S22,False,12,2.7481,delivery,,,,,,,,,,,,,,,,,,,,,,,,,,,,,,,,,,,,,,,,,,,,,,,,,,,,
47,11,9,17,S22,False,8,1,9,8,0,0,0,0,0,"['B648', 'B408', 'B615', 'B106', 'B538', 'B622', 'B198', 'B561']",4.0,S18,5.73,0,1,1,0.0,,-0.881757,-13.459747,-14.341504,False,False,12,S18,False,6,1.2483,delivery,,,,,,,,,,,,,,,,,,,,,,,,,,,,,,,,,,,,,,,,,,,,,,,,,,,,
47,11,9,27,S18,False,0,1,1,0,16,0,0,0,0,"['B59', 'B590', 'B213', 'B285', 'B666', 'B184', 'B311', 'B47', 'B57', 'B423', 'B147', 'B286', 'B335', 'B508', 'B464', 'B337']",8.0,S27,3.68,16,1,17,0.0,,-0.428454,-13.470419,-13.898873,False,False,18,S49,True,7,4.2431,pickup,,,,,,,,,,,,,,,,,,,,,,,,,,,,,,,,,,,,,,,,,,,,,,,,,,,,
47,11,9,39,S27,False,16,1,17,11,0,0,0,0,0,"['B59', 'B590', 'B213', 'B285', 'B666', 'B184', 'B311', 'B47', 'B57', 'B423', 'B147']",5.5,S55,5.34,5,1,6,0.0,,-0.371968,-13.566915,-13.938883,False,False,18,S0,True,7,3.1522,delivery,,,,,,,,,,,,,,,,,,,,,,,,,,,,,,,,,,,,,,,,,,,,,,,,,,,,
47,11,9,49,S55,False,5,1,6,5,0,0,0,0,0,"['B286', 'B335', 'B508', 'B464', 'B337']",2.5,S13,14.62,0,1,1,0.0,,-0.627461,-13.744914,-14.372374,False,False,12,S50,True,8,1.4759,delivery,,,,,,,,,,,,,,,,,,,,,,,,,,,,,,,,,,,,,,,,,,,,,,,,,,,,
47,11,10,7,S13,False,0,1,1,0,16,0,0,0,0,"['B221', 'B376', 'B214', 'B379', 'B356', 'B180', 'B761', 'B140', 'B563', 'B328', 'B303', 'B621', 'B753', 'B322', 'B11', 'B577']",8.0,S20,3.9,16,1,17,0.0,,-0.52841,-13.840752,-14.369162,False,False,18,S12,True,9,4.1981,pickup,,,,,,,,,,,,,,,,,,,,,,,,,,,,,,,,,,,,,,,,,,,,,,,,,,,,
47,11,10,18,S20,False,16,1,17,8,0,1,0,0,0,"['B221', 'B376', 'B214', 'B379', 'B356', 'B180', 'B761', 'B140']",7.0,S49,8.8,8,1,9,0.0,,-0.595213,-13.785862,-14.381075,True,True,36,S12,True,19,7.0395,delivery+onsite,,,,,,,,,,,,,,,,,,,,,,,,,,,,,,,,,,,,,,,,,,,,,,,,,,,,
47,11,10,34,S49,False,8,1,9,0,11,0,0,0,0,"['B739', 'B384', 'B234', 'B466', 'B310', 'B639', 'B190', 'B293', 'B591', 'B487', 'B72']",5.5,S58,2.86,19,1,20,0.0,,-0.596188,-13.624549,-14.220737,False,False,12,S12,True,7,2.164,pickup,,,,,,,,,,,,,,,,,,,,,,,,,,,,,,,,,,,,,,,,,,,,,,,,,,,,
47,11,10,43,S58,False,19,1,20,8,0,2,1,0,0,"['B304', 'B563', 'B328', 'B303', 'B621', 'B753', 'B322', 'B11', 'B577']",10.5,S12,6.29,11,2,13,0.0,,-0.616467,-13.615216,-14.231683,True,True,126,S12,True,61,13.5961,delivery+maintenance,,,,,,,,,,,,,,,,,,,,,,,,,,,,,,,,,,,,,,,,,,,,,,,,,,,,
47,11,10,59,S12,False,11,2,13,11,0,0,0,0,0,"['B739', 'B384', 'B234', 'B466', 'B310', 'B639', 'B190', 'B293', 'B591', 'B487', 'B72']",5.5,S59,7.36,0,2,2,0.0,,-0.576109,-13.607365,-14.183474,False,False,12,S52,True,9,1.6446,delivery,,,,,,,,,,,,,,,,,,,,,,,,,,,,,,,,,,,,,,,,,,,,,,,,,,,,
47,11,11,12,S59,False,0,2,2,0,12,0,1,0,0,"['B456', 'B576', 'B357', 'B642', 'B717', 'B630', 'B319', 'B627', 'B185', 'B736', 'B421', 'B51', 'B549']",6.5,S52,2.59,12,3,15,0.0,,-0.863945,-13.693998,-14.557943,True,True,36,S52,False,31,4.7624,pickup+depot_removal,,,,,,,,,,,,,,,,,,,,,,,,,,,,,,,,,,,,,,,,,,,,,,,,,,,,
47,11,11,21,S52,False,12,3,15,0,5,0,0,0,0,"['B393', 'B152', 'B569', 'B496', 'B693']",2.5,S57,6.39,17,3,20,0.0,,-0.676331,-13.823104,-14.499435,False,False,12,S57,False,6,1.5873,pickup,,,,,,,,,,,,,,,,,,,,,,,,,,,,,,,,,,,,,,,,,,,,,,,,,,,,
47,11,11,30,S57,False,17,3,20,16,0,0,0,0,0,"['B456', 'B576', 'B357', 'B642', 'B717', 'B630', 'B319', 'B627', 'B185', 'B736', 'B421', 'B51', 'B393', 'B152', 'B569', 'B496']",8.0,S61,7.47,1,3,4,0.0,,-0.438455,-13.670931,-14.109386,False,False,18,S37,True,10,2.2903,delivery,,,,,,,,,,,,,,,,,,,,,,,,,,,,,,,,,,,,,,,,,,,,,,,,,,,,
47,11,11,46,S61,False,1,3,4,0,9,0,0,0,0,"['B83', 'B501', 'B278', 'B578', 'B712', 'B119', 'B453', 'B266', 'B735']",4.5,S44,2.79,10,3,13,0.0,,-0.474946,-13.680446,-14.155392,False,False,18,S37,True,16,1.8518,pickup,,,,,,,,,,,,,,,,,,,,,,,,,,,,,,,,,,,,,,,,,,,,,,,,,,,,
47,11,11,53,S44,False,10,3,13,7,0,0,0,0,0,"['B693', 'B83', 'B501', 'B278', 'B578', 'B712', 'B119']",3.5,S29,5.3,3,3,6,0.0,,-0.658309,-13.758385,-14.416694,False,False,18,S29,False,14,2.352,delivery,,,,,,,,,,,,,,,,,,,,,,,,,,,,,,,,,,,,,,,,,,,,,,,,,,,,
47,11,12,2,S29,False,3,3,6,3,0,0,0,0,0,"['B453', 'B266', 'B735']",1.5,S16,5.41,0,3,3,0.0,,-1.381771,-13.748202,-15.129973,False,False,12,S38,True,6,1.7734,delivery,,,,,,,,,,,,,,,,,,,,,,,,,,,,,,,,,,,,,,,,,,,,,,,,,,,,
47,11,12,9,S16,False,0,3,3,0,11,0,0,0,0,"['B596', 'B368', 'B665', 'B694', 'B245', 'B350', 'B435', 'B354', 'B222', 'B746', 'B237']",5.5,S54,4.04,11,3,14,0.0,,-0.826345,-13.645507,-14.471853,False,False,18,S66,True,8,2.7719,pickup,,,,,,,,,,,,,,,,,,,,,,,,,,,,,,,,,,,,,,,,,,,,,,,,,,,,
47,11,12,18,S54,False,11,3,14,11,0,0,0,0,0,"['B596', 'B368', 'B665', 'B694', 'B245', 'B350', 'B435', 'B354', 'B222', 'B746', 'B237']",5.5,S66,5.58,0,3,3,0.0,,-0.727238,-13.633789,-14.361027,False,False,12,S32,True,6,1.9554,delivery,,,,,,,,,,,,,,,,,,,,,,,,,,,,,,,,,,,,,,,,,,,,,,,,,,,,
47,11,12,29,S66,False,0,3,3,0,17,0,0,0,0,"['B344', 'B411', 'B479', 'B115', 'B41', 'B508', 'B464', 'B169', 'B729', 'B699', 'B419', 'B223', 'B545', 'B755', 'B98', 'B81', 'B259']",8.5,S29,6.29,17,3,20,0.0,,-0.844865,-13.558735,-14.403601,False,False,12,S46,True,7,2.1944,pickup,,,,,,,,,,,,,,,,,,,,,,,,,,,,,,,,,,,,,,,,,,,,,,,,,,,,
47,11,12,44,S29,False,17,3,20,17,0,0,0,0,0,"['B344', 'B411', 'B479', 'B115', 'B41', 'B508', 'B464', 'B169', 'B729', 'B699', 'B419', 'B223', 'B545', 'B755', 'B98', 'B81', 'B259']",8.5,S30,8.0,0,3,3,0.0,,-1.046402,-13.300215,-14.346617,False,False,18,S46,True,6,2.8593,delivery,,,,,,,,,,,,,,,,,,,,,,,,,,,,,,,,,,,,,,,,,,,,,,,,,,,,
47,11,13,1,S30,False,0,3,3,0,6,0,3,0,0,"['B399', 'B195', 'B145', 'B10', 'B568', 'B385', 'B726', 'B53', 'B313']",4.5,S35,9.95,6,6,12,0.0,,-1.701744,-13.404248,-15.105991,True,True,72,S58,True,44,9.7842,pickup+depot_removal,,,,,,,,,,,,,,,,,,,,,,,,,,,,,,,,,,,,,,,,,,,,,,,,,,,,
47,11,13,15,S35,False,6,6,12,6,0,0,0,0,0,"['B399', 'B195', 'B145', 'B10', 'B568', 'B385']",3.0,S32,3.98,0,6,6,0.0,,-1.649148,-13.292574,-14.941722,False,False,12,S1,True,6,1.728,delivery,,,,,,,,,,,,,,,,,,,,,,,,,,,,,,,,,,,,,,,,,,,,,,,,,,,,
47,11,13,22,S32,False,0,6,6,0,13,0,0,0,0,"['B36', 'B149', 'B154', 'B332', 'B366', 'B526', 'B443', 'B203', 'B37', 'B1', 'B93', 'B632', 'B624']",6.5,S63,3.1,13,6,19,0.0,,-1.075569,-13.237618,-14.313187,True,False,36,S58,True,12,6.0717,pickup,,,,,,,,,,,,,,,,,,,,,,,,,,,,,,,,,,,,,,,,,,,,,,,,,,,,
47,11,13,32,S63,False,13,6,19,13,0,1,2,0,0,"['B475', 'B569', 'B36', 'B149', 'B154', 'B332', 'B366', 'B526', 'B443', 'B203', 'B37', 'B1', 'B93', 'B632', 'B624']",10.5,S58,2.12,0,8,8,0.0,,-1.091027,-13.175553,-14.26658,True,True,60,S58,False,54,9.4957,delivery+maintenance,,,,,,,,,,,,,,,,,,,,,,,,,,,,,,,,,,,,,,,,,,,,,,,,,,,,
47,11,13,44,S58,False,0,8,8,0,12,0,0,0,0,"['B236', 'B682', 'B76', 'B434', 'B101', 'B633', 'B563', 'B328', 'B303', 'B621', 'B753', 'B322']",6.0,S35,8.51,12,8,20,0.0,,-1.143672,-13.136175,-14.279846,True,False,18,S46,True,16,2.8062,pickup,,,,,,,,,,,,,,,,,,,,,,,,,,,,,,,,,,,,,,,,,,,,,,,,,,,,
47,11,13,59,S35,False,12,8,20,12,0,0,0,0,0,"['B236', 'B682', 'B76', 'B434', 'B101', 'B633', 'B563', 'B328', 'B303', 'B621', 'B753', 'B322']",6.0,S60,9.21,0,8,8,0.0,,-0.938735,-13.126799,-14.065534,False,False,12,S57,True,6,1.6794,delivery,,,,,,,,,,,,,,,,,,,,,,,,,,,,,,,,,,,,,,,,,,,,,,,,,,,,
47,11,14,14,S60,False,0,8,8,0,9,0,2,0,0,"['B602', 'B476', 'B686', 'B210', 'B233', 'B309', 'B700', 'B653', 'B360', 'B604', 'B243']",5.5,S57,9.08,9,10,19,0.0,,-1.037578,-13.202298,-14.239877,True,True,42,S9,True,39,5.0769,pickup+depot_removal,,,,,,,,,,,,,,,,,,,,,,,,,,,,,,,,,,,,,,,,,,,,,,,,,,,,
47,11,14,29,S57,False,9,10,19,9,0,0,0,0,0,"['B602', 'B476', 'B686', 'B210', 'B233', 'B309', 'B700', 'B653', 'B360']",4.5,S9,10.29,0,10,10,0.0,,-1.192405,-13.248117,-14.440523,False,False,12,S9,False,9,1.3862,delivery,,,,,,,,,,,,,,,,,,,,,,,,,,,,,,,,,,,,,,,,,,,,,,,,,,,,
47,11,14,43,S9,False,0,10,10,0,9,0,0,0,0,"['B430', 'B351', 'B202', 'B485', 'B95', 'B707', 'B208', 'B42', 'B679']",4.5,S26,14.63,9,10,19,0.0,,-1.368087,-13.080694,-14.448781,False,False,18,S52,True,13,2.3508,pickup,,,,,,,,,,,,,,,,,,,,,,,,,,,,,,,,,,,,,,,,,,,,,,,,,,,,
47,11,15,3,S26,False,9,10,19,9,0,0,0,0,0,"['B430', 'B351', 'B202', 'B485', 'B95', 'B707', 'B208', 'B42', 'B679']",4.5,S44,7.72,0,10,10,0.0,,-1.420714,-13.115817,-14.536531,False,False,12,S52,True,10,2.0624,delivery,,,,,,,,,,,,,,,,,,,,,,,,,,,,,,,,,,,,,,,,,,,,,,,,,,,,
47,11,15,15,S44,False,0,10,10,0,10,0,0,0,0,"['B232', 'B191', 'B279', 'B41', 'B706', 'B374', 'B355', 'B18', 'B341', 'B696']",5.0,S63,0.47,10,10,20,0.0,,-1.085288,-13.187249,-14.272537,True,False,18,S63,False,12,2.1826,pickup,,,,,,,,,,,,,,,,,,,,,,,,,,,,,,,,,,,,,,,,,,,,,,,,,,,,
47,11,15,20,S63,False,10,10,20,10,0,0,0,0,0,"['B232', 'B191', 'B279', 'B41', 'B706', 'B374', 'B355', 'B18', 'B341', 'B696']",5.0,S31,4.21,0,10,10,0.0,,-0.996236,-13.198412,-14.194648,False,False,12,S46,True,6,1.4159,delivery,,,,,,,,,,,,,,,,,,,,,,,,,,,,,,,,,,,,,,,,,,,,,,,,,,,,
47,11,15,29,S31,False,0,10,10,0,10,0,0,0,0,"['B601', 'B176', 'B492', 'B247', 'B368', 'B665', 'B365', 'B126', 'B269', 'B512']",5.0,S50,7.46,10,10,20,0.0,,-0.947225,-12.956119,-13.903344,True,False,18,S52,True,12,2.4826,pickup,,,,,,,,,,,,,,,,,,,,,,,,,,,,,,,,,,,,,,,,,,,,,,,,,,,,
47,11,15,42,S50,False,10,10,20,10,0,0,1,0,0,"['B69', 'B601', 'B176', 'B492', 'B247', 'B368', 'B665', 'B365', 'B126', 'B269', 'B512']",5.5,S5,14.81,0,11,11,0.0,,-1.291371,-13.288476,-14.579847,True,True,18,S3,True,13,2.4334,delivery+depot_removal,,,,,,,,,,,,,,,,,,,,,,,,,,,,,,,,,,,,,,,,,,,,,,,,,,,,
47,11,16,2,S5,False,0,11,11,0,9,0,0,0,0,"['B141', 'B670', 'B534', 'B193', 'B608', 'B724', 'B704', 'B110', 'B553']",4.5,S54,14.1,9,11,20,0.0,,-0.855752,-13.212729,-14.068482,False,False,12,S66,True,6,1.2951,pickup,,,,,,,,,,,,,,,,,,,,,,,,,,,,,,,,,,,,,,,,,,,,,,,,,,,,
47,11,16,21,S54,False,9,11,20,9,0,0,0,0,0,"['B141', 'B670', 'B534', 'B193', 'B608', 'B724', 'B704', 'B110', 'B553']",4.5,S12,8.01,0,11,11,0.0,,-0.771929,-13.2586,-14.030529,False,False,12,S53,True,9,1.3905,delivery,,,,,,,,,,,,,,,,,,,,,,,,,,,,,,,,,,,,,,,,,,,,,,,,,,,,
47,11,16,33,S12,False,0,11,11,0,9,0,0,0,0,"['B716', 'B650', 'B376', 'B13', 'B157', 'B644', 'B616', 'B418', 'B511']",4.5,S53,5.94,9,11,20,0.0,,-0.568123,-13.09251,-13.660633,False,False,12,S66,True,7,1.4123,pickup,,,,,,,,,,,,,,,,,,,,,,,,,,,,,,,,,,,,,,,,,,,,,,,,,,,,
47,11,16,44,S53,False,9,11,20,9,0,0,1,0,0,"['B125', 'B716', 'B650', 'B376', 'B13', 'B157', 'B644', 'B616', 'B418', 'B511']",5.0,S66,4.87,0,12,12,0.0,,-0.370887,-13.134844,-13.505731,True,True,18,S29,True,15,2.1746,delivery+depot_removal,,,,,,,,,,,,,,,,,,,,,,,,,,,,,,,,,,,,,,,,,,,,,,,,,,,,
47,11,16,54,S66,False,0,12,12,0,8,0,0,0,0,"['B699', 'B419', 'B223', 'B363', 'B328', 'B545', 'B606', 'B548']",4.0,S33,3.23,8,12,20,0.0,,-0.243923,-12.984042,-13.227965,False,False,12,S29,True,9,1.286,pickup,,,,,,,,,,,,,,,,,,,,,,,,,,,,,,,,,,,,,,,,,,,,,,,,,,,,
47,11,17,1,S33,False,8,12,20,0,0,0,0,0,0,[],0.0,S14,7.48,8,12,20,0.0,,-0.350902,-13.045279,-13.396181,True,False,18,S14,False,3,2.0806,do_nothing,,,,,,,,,,,,,,,,,,,,,,,,,,,,,,,,,,,,,,,,,,,,,,,,,,,,
47,11,17,8,S14,False,8,12,20,8,0,0,1,0,0,"['B599', 'B699', 'B419', 'B223', 'B363', 'B328', 'B545', 'B606', 'B548']",4.5,S61,8.39,0,13,13,0.0,,-0.657285,-13.05523,-13.712515,True,True,60,S27,True,22,6.602,delivery+depot_removal,,,,,,,,,,,,,,,,,,,,,,,,,,,,,,,,,,,,,,,,,,,,,,,,,,,,
47,11,17,21,S61,False,0,13,13,0,0,0,0,0,0,[],0.0,S31,1.01,0,13,13,0.0,,-0.815716,-13.170836,-13.986553,False,False,12,S27,True,0,1.2542,do_nothing,,,,,,,,,,,,,,,,,,,,,,,,,,,,,,,,,,,,,,,,,,,,,,,,,,,,
47,11,17,22,S31,False,0,13,13,0,7,0,0,0,0,"['B470', 'B703', 'B1', 'B316', 'B307', 'B635', 'B594']",3.5,S27,2.27,7,13,20,0.0,,-0.547354,-13.120905,-13.668259,True,False,18,S61,True,12,1.9281,pickup,,,,,,,,,,,,,,,,,,,,,,,,,,,,,,,,,,,,,,,,,,,,,,,,,,,,
47,11,17,28,S27,False,7,13,20,7,0,0,0,0,0,"['B470', 'B703', 'B1', 'B316', 'B307', 'B635', 'B594']",3.5,S61,2.28,0,13,13,0.0,,-0.509383,-13.103485,-13.612868,False,False,12,S31,True,9,1.3276,delivery,,,,,,,,,,,,,,,,,,,,,,,,,,,,,,,,,,,,,,,,,,,,,,,,,,,,
47,11,17,34,S61,False,0,13,13,0,7,0,0,0,0,"['B229', 'B62', 'B238', 'B150', 'B759', 'B184', 'B120']",3.5,S35,7.62,7,13,20,0.0,,-0.606897,-13.04968,-13.656577,False,False,12,S39,True,10,1.3176,pickup,,,,,,,,,,,,,,,,,,,,,,,,,,,,,,,,,,,,,,,,,,,,,,,,,,,,
47,11,17,45,S35,False,7,13,20,7,0,0,0,0,0,"['B229', 'B62', 'B238', 'B150', 'B759', 'B184', 'B120']",3.5,S52,6.71,0,13,13,0.0,,-0.570654,-13.124088,-13.694743,False,False,12,S54,True,10,1.2554,delivery,,,,,,,,,,,,,,,,,,,,,,,,,,,,,,,,,,,,,,,,,,,,,,,,,,,,
47,11,17,55,S52,False,0,13,13,0,7,0,0,0,0,"['B230', 'B340', 'B543', 'B158', 'B352', 'B578', 'B540']",3.5,S54,3.81,7,13,20,0.0,,-0.489031,-13.134003,-13.623035,True,False,18,S44,True,13,1.7393,pickup,,,,,,,,,,,,,,,,,,,,,,,,,,,,,,,,,,,,,,,,,,,,,,,,,,,,
47,11,18,2,S54,False,7,13,20,7,0,0,0,0,0,"['B230', 'B340', 'B543', 'B158', 'B352', 'B578', 'B540']",3.5,S32,2.05,0,13,13,0.0,,-0.321815,-13.141337,-13.463152,False,False,12,S31,True,7,1.2299,delivery,,,,,,,,,,,,,,,,,,,,,,,,,,,,,,,,,,,,,,,,,,,,,,,,,,,,
47,11,18,8,S32,False,0,13,13,0,7,1,0,0,0,"['B318', 'B764', 'B526', 'B413', 'B493', 'B93', 'B424']",6.5,S36,2.69,7,13,20,0.0,,-0.487852,-13.086437,-13.574289,True,True,24,S51,True,22,2.3734,pickup+onsite,,,,,,,,,,,,,,,,,,,,,,,,,,,,,,,,,,,,,,,,,,,,,,,,,,,,
47,11,18,17,S36,False,7,13,20,7,0,0,0,0,0,"['B318', 'B764', 'B526', 'B413', 'B493', 'B93', 'B424']",3.5,S31,7.34,0,13,13,0.0,,-0.479113,-13.19004,-13.669153,False,False,12,S29,True,7,1.3917,delivery,,,,,,,,,,,,,,,,,,,,,,,,,,,,,,,,,,,,,,,,,,,,,,,,,,,,
47,11,18,28,S31,False,0,13,13,0,7,0,0,0,0,"['B357', 'B751', 'B461', 'B661', 'B668', 'B483', 'B146']",3.5,S55,6.19,7,13,20,0.0,,-0.585788,-13.184263,-13.770051,True,False,18,S61,True,14,1.8135,pickup,,,,,,,,,,,,,,,,,,,,,,,,,,,,,,,,,,,,,,,,,,,,,,,,,,,,
47,11,18,38,S55,False,7,13,20,7,0,0,0,0,0,"['B357', 'B751', 'B461', 'B661', 'B668', 'B483', 'B146']",3.5,S51,5.48,0,13,13,0.0,,-0.939982,-13.078617,-14.018599,False,False,12,S54,True,6,1.3619,delivery,,,,,,,,,,,,,,,,,,,,,,,,,,,,,,,,,,,,,,,,,,,,,,,,,,,,
47,11,18,47,S51,False,0,13,13,0,7,0,0,0,0,"['B443', 'B735', 'B187', 'B186', 'B154', 'B72', 'B96']",3.5,S54,6.18,7,13,20,0.0,,-0.546852,-13.061163,-13.608015,False,False,12,S61,True,8,1.3142,pickup,,,,,,,,,,,,,,,,,,,,,,,,,,,,,,,,,,,,,,,,,,,,,,,,,,,,
47,11,18,56,S54,False,7,13,20,7,0,0,0,0,0,"['B443', 'B735', 'B187', 'B186', 'B154', 'B72', 'B96']",3.5,S37,4.98,0,13,13,0.0,,-0.51963,-13.147695,-13.667325,False,False,12,S38,True,9,1.5274,delivery,,,,,,,,,,,,,,,,,,,,,,,,,,,,,,,,,,,,,,,,,,,,,,,,,,,,
47,11,19,5,S37,False,0,13,13,0,7,0,0,0,0,"['B224', 'B288', 'B103', 'B228', 'B315', 'B632', 'B373']",3.5,S21,12.58,7,13,20,0.0,,-0.537967,-13.002312,-13.540279,False,False,12,S38,True,9,1.4139,pickup,,,,,,,,,,,,,,,,,,,,,,,,,,,,,,,,,,,,,,,,,,,,,,,,,,,,
47,11,19,21,S21,False,7,13,20,7,0,1,2,0,0,"['B766', 'B454', 'B224', 'B288', 'B103', 'B228', 'B315', 'B632', 'B373']",7.5,S31,12.98,0,15,15,0.0,,-0.695391,-13.024631,-13.720021,True,True,45,S8,True,41,4.4138,delivery+maintenance,,,,,,,,,,,,,,,,,,,,,,,,,,,,,,,,,,,,,,,,,,,,,,,,,,,,
47,11,19,41,S31,False,0,15,15,0,5,0,0,0,0,"['B438', 'B392', 'B677', 'B20', 'B211']",2.5,S18,1.71,5,15,20,0.0,,-0.549343,-13.141956,-13.691299,True,False,12,S44,True,9,1.5495,pickup,,,,,,,,,,,,,,,,,,,,,,,,,,,,,,,,,,,,,,,,,,,,,,,,,,,,
47,11,19,46,S18,False,5,15,20,0,0,0,0,0,0,[],0.0,S62,3.1,5,15,20,0.0,,-0.431239,-13.127374,-13.558612,False,False,4,D0,True,1,0.4783,do_nothing,,,,,,,,,,,,,,,,,,,,,,,,,,,,,,,,,,,,,,,,,,,,,,,,,,,,
47,11,19,49,S62,False,5,15,20,5,0,1,0,0,0,"['B438', 'B392', 'B677', 'B20', 'B211']",5.5,D0,0.46,0,15,15,0.0,,-0.381637,-13.352104,-13.733741,True,True,4,D0,False,3,0.4345,delivery+onsite,,,,,,,,,,,,,,,,,,,,,,,,,,,,,,,,,,,,,,,,,,,,,,,,,,,,
47,11,19,55,D0,True,0,15,15,0,0,0,0,15,10,"['B382', 'B215', 'B321', 'B401', 'B192', 'B612', 'B446', 'B417', 'B308', 'B27', 'B386', 'B304', 'B549', 'B726', 'B53', 'B313', 'B475', 'B569', 'B604', 'B243', 'B69', 'B125', 'B599', 'B766', 'B454']",12.5,D0,0.0,10,0,10,0.0,,-0.440306,-13.197911,-13.638217,True,True,1,D0,False,0,0.1204,do_nothing,,,,,,,,,,,,,,,,,,,,,,,,,,,,,,,,,,,,,,,,,,,,,,,,,,,,
47,12,6,7,D0,True,10,0,10,0,0,0,0,0,0,[],0.0,S56,2.9,10,0,10,0.0,,-0.195247,-13.459243,-13.65449,True,True,5,S26,True,3,0.8461,depot_passthrough,,,,,,,,,,,,,,,,,,,,,,,,,,,,,,,,,,,,,,,,,,,,,,,,,,,,
47,12,6,25,S56,False,10,0,10,10,0,1,1,0,0,"['B613', 'B382', 'B215', 'B321', 'B401', 'B192', 'B612', 'B446', 'B417', 'B308', 'B27']",8.5,S31,7.22,0,1,1,0.0,,-0.27392,-13.357991,-13.631911,True,True,48,S3,True,44,7.6501,delivery+maintenance,,,,,,,,,,,,,,,,,,,,,,,,,,,,,,,,,,,,,,,,,,,,,,,,,,,,
47,12,6,41,S31,False,0,1,1,0,19,0,0,0,0,"['B738', 'B688', 'B271', 'B574', 'B415', 'B136', 'B77', 'B553', 'B202', 'B737', 'B607', 'B95', 'B466', 'B91', 'B730', 'B596', 'B753', 'B375', 'B158']",9.5,S65,3.2,19,1,20,0.0,,-0.262102,-13.415288,-13.67739,True,False,18,S37,True,13,3.2899,pickup,,,,,,,,,,,,,,,,,,,,,,,,,,,,,,,,,,,,,,,,,,,,,,,,,,,,
47,12,6,53,S65,False,19,1,20,13,0,2,0,0,0,"['B738', 'B688', 'B271', 'B574', 'B415', 'B136', 'B77', 'B553', 'B202', 'B737', 'B607', 'B95', 'B466']",12.5,S26,6.43,6,1,7,0.0,,-0.235369,-13.292739,-13.528108,True,True,54,S26,False,48,7.8385,delivery+onsite,,,,,,,,,,,,,,,,,,,,,,,,,,,,,,,,,,,,,,,,,,,,,,,,,,,,
47,12,7,12,S26,False,6,1,7,6,0,0,0,0,0,"['B91', 'B730', 'B596', 'B753', 'B375', 'B158']",3.0,S44,7.72,0,1,1,0.0,,-0.332423,-13.319819,-13.652242,False,False,12,S8,True,9,1.5646,delivery,,,,,,,,,,,,,,,,,,,,,,,,,,,,,,,,,,,,,,,,,,,,,,,,,,,,
47,12,7,23,S44,False,0,1,1,0,11,0,1,0,0,"['B610', 'B74', 'B390', 'B481', 'B692', 'B734', 'B389', 'B4', 'B57', 'B209', 'B508', 'B442']",6.0,S63,0.47,11,2,13,0.0,,-0.117155,-13.289554,-13.406708,True,True,36,S8,True,32,4.9884,pickup+depot_removal,,,,,,,,,,,,,,,,,,,,,,,,,,,,,,,,,,,,,,,,,,,,,,,,,,,,
47,12,7,30,S63,False,11,2,13,0,7,1,0,0,0,"['B586', 'B333', 'B749', 'B240', 'B217', 'B225', 'B94']",6.5,S18,3.17,18,2,20,0.0,,-0.106843,-12.766874,-12.873717,True,True,36,S18,False,33,4.0109,pickup+onsite,,,,,,,,,,,,,,,,,,,,,,,,,,,,,,,,,,,,,,,,,,,,,,,,,,,,
47,12,7,39,S18,False,18,2,20,11,0,0,0,0,0,"['B610', 'B74', 'B390', 'B481', 'B692', 'B734', 'B389', 'B4', 'B57', 'B209', 'B508']",5.5,S52,2.22,7,2,9,0.0,,-0.156053,-12.733212,-12.889265,False,False,18,S24,True,7,2.4446,delivery,,,,,,,,,,,,,,,,,,,,,,,,,,,,,,,,,,,,,,,,,,,,,,,,,,,,
47,12,7,47,S52,False,7,2,9,0,11,0,0,0,0,"['B716', 'B724', 'B541', 'B650', 'B715', 'B263', 'B353', 'B537', 'B630', 'B234', 'B63']",5.5,S38,3.1,18,2,20,0.0,,-0.175284,-12.680594,-12.855878,True,False,24,S24,True,21,2.5989,pickup,,,,,,,,,,,,,,,,,,,,,,,,,,,,,,,,,,,,,,,,,,,,,,,,,,,,
47,12,7,56,S38,False,18,2,20,8,0,1,0,0,0,"['B586', 'B333', 'B749', 'B240', 'B217', 'B225', 'B94', 'B716']",7.0,S8,17.39,10,2,12,0.0,,-0.176047,-12.787633,-12.96368,True,True,36,S24,True,20,3.949,delivery+onsite,,,,,,,,,,,,,,,,,,,,,,,,,,,,,,,,,,,,,,,,,,,,,,,,,,,,
47,12,8,20,S8,False,10,2,12,0,8,0,0,0,0,"['B542', 'B148', 'B611', 'B709', 'B372', 'B121', 'B345', 'B371']",4.0,S13,23.2,18,2,20,0.0,,-0.262923,-12.802682,-13.065604,False,False,12,S10,True,7,1.2519,pickup,,,,,,,,,,,,,,,,,,,,,,,,,,,,,,,,,,,,,,,,,,,,,,,,,,,,
47,12,8,47,S13,False,18,2,20,17,0,0,0,0,0,"['B724', 'B541', 'B650', 'B715', 'B263', 'B353', 'B537', 'B630', 'B234', 'B63', 'B542', 'B148', 'B611', 'B709', 'B372', 'B121', 'B345']",8.5,S37,10.95,1,2,3,0.0,,-0.137245,-12.754168,-12.891413,False,False,18,S10,True,7,2.1318,delivery,,,,,,,,,,,,,,,,,,,,,,,,,,,,,,,,,,,,,,,,,,,,,,,,,,,,
47,12,9,7,S37,False,1,2,3,0,17,0,0,0,0,"['B712', 'B477', 'B463', 'B422', 'B343', 'B568', 'B455', 'B468', 'B554', 'B8', 'B33', 'B66', 'B627', 'B453', 'B451', 'B418', 'B598']",8.5,S24,9.36,18,2,20,0.0,,-0.195005,-12.806931,-13.001936,True,False,18,S15,True,15,2.5031,pickup,,,,,,,,,,,,,,,,,,,,,,,,,,,,,,,,,,,,,,,,,,,,,,,,,,,,
47,12,9,24,S24,False,18,2,20,14,0,0,0,0,0,"['B371', 'B712', 'B477', 'B463', 'B422', 'B343', 'B568', 'B455', 'B468', 'B554', 'B8', 'B33', 'B66', 'B627']",7.0,S3,11.06,4,2,6,0.0,,-0.243476,-12.971431,-13.214906,False,False,18,S15,True,13,2.195,delivery,,,,,,,,,,,,,,,,,,,,,,,,,,,,,,,,,,,,,,,,,,,,,,,,,,,,
47,12,9,43,S3,False,4,2,6,0,14,0,0,0,0,"['B117', 'B573', 'B450', 'B457', 'B359', 'B336', 'B519', 'B205', 'B629', 'B589', 'B252', 'B25', 'B289', 'B503']",7.0,S41,8.64,18,2,20,0.0,,-0.350485,-12.790685,-13.14117,False,False,12,S46,True,9,1.4168,pickup,,,,,,,,,,,,,,,,,,,,,,,,,,,,,,,,,,,,,,,,,,,,,,,,,,,,
47,12,9,58,S41,False,18,2,20,17,0,0,2,0,0,"['B391', 'B736', 'B453', 'B451', 'B418', 'B598', 'B117', 'B573', 'B450', 'B457', 'B359', 'B336', 'B519', 'B205', 'B629', 'B589', 'B252', 'B25', 'B289']",9.5,S44,4.82,1,4,5,0.0,,-0.508013,-12.87065,-13.378663,True,True,42,S15,True,20,6.1034,delivery+depot_removal,,,,,,,,,,,,,,,,,,,,,,,,,,,,,,,,,,,,,,,,,,,,,,,,,,,,
47,12,10,12,S44,False,1,4,5,0,13,0,0,0,0,"['B707', 'B132', 'B227', 'B751', 'B571', 'B383', 'B322', 'B295', 'B237', 'B531', 'B677', 'B116', 'B591']",6.5,S35,6.81,14,4,18,0.0,,-0.322467,-12.965479,-13.287946,False,False,18,S29,True,15,1.947,pickup,,,,,,,,,,,,,,,,,,,,,,,,,,,,,,,,,,,,,,,,,,,,,,,,,,,,
47,12,10,26,S35,False,14,4,18,14,0,0,0,0,0,"['B503', 'B707', 'B132', 'B227', 'B751', 'B571', 'B383', 'B322', 'B295', 'B237', 'B531', 'B677', 'B116', 'B591']",7.0,S37,7.89,0,4,4,0.0,,-0.477082,-12.94969,-13.426772,False,False,18,S29,True,13,2.5683,delivery,,,,,,,,,,,,,,,,,,,,,,,,,,,,,,,,,,,,,,,,,,,,,,,,,,,,
47,12,10,41,S37,False,0,4,4,0,16,0,0,0,0,"['B10', 'B1', 'B469', 'B575', 'B702', 'B729', 'B514', 'B218', 'B187', 'B438', 'B694', 'B540', 'B584', 'B544', 'B275', 'B76']",8.0,S66,3.07,16,4,20,0.0,,-0.595917,-12.91417,-13.510087,True,False,18,S63,True,14,2.0777,pickup,,,,,,,,,,,,,,,,,,,,,,,,,,,,,,,,,,,,,,,,,,,,,,,,,,,,
47,12,10,52,S66,False,16,4,20,14,0,0,0,0,0,"['B10', 'B1', 'B469', 'B575', 'B702', 'B729', 'B514', 'B218', 'B187', 'B438', 'B694', 'B540', 'B584', 'B544']",7.0,S63,4.37,2,4,6,0.0,,-0.88979,-13.093514,-13.983304,False,False,18,S29,True,13,1.9947,delivery,,,,,,,,,,,,,,,,,,,,,,,,,,,,,,,,,,,,,,,,,,,,,,,,,,,,
47,12,11,3,S63,False,2,4,6,0,14,0,0,0,0,"['B718', 'B436', 'B31', 'B246', 'B360', 'B513', 'B376', 'B164', 'B615', 'B78', 'B579', 'B355', 'B352', 'B644']",7.0,S29,5.25,16,4,20,0.0,,-0.851993,-12.986301,-13.838294,True,False,18,S10,True,13,1.8077,pickup,,,,,,,,,,,,,,,,,,,,,,,,,,,,,,,,,,,,,,,,,,,,,,,,,,,,
47,12,11,15,S29,False,16,4,20,16,0,0,0,0,0,"['B275', 'B76', 'B718', 'B436', 'B31', 'B246', 'B360', 'B513', 'B376', 'B164', 'B615', 'B78', 'B579', 'B355', 'B352', 'B644']",8.0,S55,2.12,0,4,4,0.0,,-1.016351,-13.017464,-14.033815,False,False,18,S15,True,6,1.8858,delivery,,,,,,,,,,,,,,,,,,,,,,,,,,,,,,,,,,,,,,,,,,,,,,,,,,,,
47,12,11,26,S55,False,0,4,4,0,16,0,0,0,0,"['B637', 'B485', 'B51', 'B331', 'B434', 'B706', 'B496', 'B684', 'B529', 'B432', 'B49', 'B206', 'B200', 'B447', 'B163', 'B168']",8.0,S32,1.17,16,4,20,0.0,,-1.162573,-13.105146,-14.26772,False,False,18,S32,True,6,2.0456,pickup,,,,,,,,,,,,,,,,,,,,,,,,,,,,,,,,,,,,,,,,,,,,,,,,,,,,
47,12,11,35,S32,False,16,4,20,16,0,0,0,0,0,"['B637', 'B485', 'B51', 'B331', 'B434', 'B706', 'B496', 'B684', 'B529', 'B432', 'B49', 'B206', 'B200', 'B447', 'B163', 'B168']",8.0,S18,5.95,0,4,4,0.0,,-0.703419,-13.008654,-13.712073,False,False,18,S15,True,7,2.1029,delivery,,,,,,,,,,,,,,,,,,,,,,,,,,,,,,,,,,,,,,,,,,,,,,,,,,,,
47,12,11,49,S18,False,0,4,4,0,13,0,0,0,0,"['B610', 'B74', 'B390', 'B481', 'B692', 'B734', 'B389', 'B4', 'B57', 'B209', 'B508', 'B689', 'B414']",6.5,S15,4.77,13,4,17,0.0,,-0.8612,-13.057885,-13.919085,False,False,18,S15,False,12,2.2709,pickup,,,,,,,,,,,,,,,,,,,,,,,,,,,,,,,,,,,,,,,,,,,,,,,,,,,,
47,12,12,0,S15,False,13,4,17,0,0,0,0,0,0,[],0.0,S51,8.59,13,4,17,0.0,,-1.037839,-13.130983,-14.168822,False,False,12,S9,True,2,1.6467,do_nothing,,,,,,,,,,,,,,,,,,,,,,,,,,,,,,,,,,,,,,,,,,,,,,,,,,,,
47,12,12,8,S51,False,13,4,17,10,0,0,0,0,0,"['B610', 'B74', 'B390', 'B481', 'B692', 'B734', 'B389', 'B4', 'B57', 'B209']",5.0,S58,4.51,3,4,7,0.0,,-0.959247,-13.144728,-14.103974,False,False,18,S10,True,9,2.325,delivery,,,,,,,,,,,,,,,,,,,,,,,,,,,,,,,,,,,,,,,,,,,,,,,,,,,,
47,12,12,18,S58,False,3,4,7,0,13,0,0,0,0,"['B403', 'B145', 'B242', 'B525', 'B511', 'B128', 'B119', 'B426', 'B440', 'B179', 'B745', 'B288', 'B727']",6.5,S3,6.13,16,4,20,0.0,,-1.06981,-13.102214,-14.172024,True,False,18,S46,True,14,2.1523,pickup,,,,,,,,,,,,,,,,,,,,,,,,,,,,,,,,,,,,,,,,,,,,,,,,,,,,
47,12,12,31,S3,False,16,4,20,11,0,0,0,0,0,"['B508', 'B689', 'B414', 'B403', 'B145', 'B242', 'B525', 'B511', 'B128', 'B119', 'B426']",5.5,S15,6.36,5,4,9,0.0,,-0.70182,-13.117539,-13.819358,False,False,18,S10,True,7,2.0506,delivery,,,,,,,,,,,,,,,,,,,,,,,,,,,,,,,,,,,,,,,,,,,,,,,,,,,,
47,12,12,42,S15,False,5,4,9,5,0,0,0,0,0,"['B440', 'B179', 'B745', 'B288', 'B727']",2.5,S45,4.47,0,4,4,0.0,,-0.689691,-13.039024,-13.728715,False,False,12,S9,True,9,1.717,delivery,,,,,,,,,,,,,,,,,,,,,,,,,,,,,,,,,,,,,,,,,,,,,,,,,,,,
47,12,12,49,S45,False,0,4,4,0,6,1,0,0,0,"['B235', 'B601', 'B48', 'B60', 'B451', 'B530']",6.0,S51,4.13,6,4,10,0.0,,-0.537292,-13.009868,-13.54716,True,True,36,S33,True,31,4.3198,pickup+onsite,,,,,,,,,,,,,,,,,,,,,,,,,,,,,,,,,,,,,,,,,,,,,,,,,,,,
47,12,13,0,S51,False,6,4,10,5,0,0,0,0,0,"['B235', 'B601', 'B48', 'B60', 'B451']",2.5,S52,4.66,1,4,5,0.0,,-0.653584,-13.128399,-13.781984,False,False,18,S28,True,7,2.7545,delivery,,,,,,,,,,,,,,,,,,,,,,,,,,,,,,,,,,,,,,,,,,,,,,,,,,,,
47,12,13,7,S52,False,1,4,5,1,0,0,2,0,0,"['B349', 'B138', 'B530']",1.5,S16,1.07,0,6,6,0.0,,-0.655498,-13.089367,-13.744865,True,True,36,S16,False,34,5.0058,delivery+depot_removal,,,,,,,,,,,,,,,,,,,,,,,,,,,,,,,,,,,,,,,,,,,,,,,,,,,,
47,12,13,9,S16,False,0,6,6,0,6,0,0,0,0,"['B691', 'B600', 'B186', 'B503', 'B227', 'B509']",3.0,S26,7.94,6,6,12,0.0,,-0.468629,-12.983999,-13.452628,False,False,18,S63,True,14,2.1938,pickup,,,,,,,,,,,,,,,,,,,,,,,,,,,,,,,,,,,,,,,,,,,,,,,,,,,,
47,12,13,20,S26,False,6,6,12,6,0,0,0,0,0,"['B691', 'B600', 'B186', 'B503', 'B227', 'B509']",3.0,S24,3.0,0,6,6,0.0,,-0.525488,-13.122666,-13.648153,False,False,12,S63,True,9,1.4049,delivery,,,,,,,,,,,,,,,,,,,,,,,,,,,,,,,,,,,,,,,,,,,,,,,,,,,,
47,12,13,26,S24,False,0,6,6,0,7,0,0,0,0,"['B343', 'B568', 'B455', 'B468', 'B554', 'B8', 'B33']",3.5,S63,10.02,7,6,13,0.0,,-0.555365,-13.120971,-13.676336,False,False,18,S63,False,10,1.9974,pickup,,,,,,,,,,,,,,,,,,,,,,,,,,,,,,,,,,,,,,,,,,,,,,,,,,,,
47,12,13,40,S63,False,7,6,13,0,7,0,0,0,0,"['B732', 'B85', 'B334', 'B44', 'B340', 'B461', 'B603']",3.5,S61,3.24,14,6,20,0.0,,-0.381662,-13.084564,-13.466226,True,False,18,S61,False,15,1.6723,pickup,,,,,,,,,,,,,,,,,,,,,,,,,,,,,,,,,,,,,,,,,,,,,,,,,,,,
47,12,13,47,S61,False,14,6,20,8,0,0,0,0,0,"['B343', 'B568', 'B455', 'B468', 'B554', 'B8', 'B33', 'B732']",4.0,S28,10.07,6,6,12,0.0,,-0.40084,-12.927941,-13.328781,False,False,18,S28,False,8,2.0319,delivery,,,,,,,,,,,,,,,,,,,,,,,,,,,,,,,,,,,,,,,,,,,,,,,,,,,,
47,12,14,1,S28,False,6,6,12,6,0,0,1,0,0,"['B342', 'B85', 'B334', 'B44', 'B340', 'B461', 'B603']",3.5,S14,13.14,0,7,7,0.0,,-0.388745,-12.899972,-13.288717,True,True,24,S14,False,19,3.1169,delivery+depot_removal,,,,,,,,,,,,,,,,,,,,,,,,,,,,,,,,,,,,,,,,,,,,,,,,,,,,
47,12,14,17,S14,False,0,7,7,0,6,1,0,0,0,"['B495', 'B170', 'B296', 'B399', 'B226', 'B161']",6.0,S42,2.87,6,7,13,0.0,,-0.578184,-12.813788,-13.391972,True,True,36,S42,True,30,4.7275,pickup+onsite,,,,,,,,,,,,,,,,,,,,,,,,,,,,,,,,,,,,,,,,,,,,,,,,,,,,
47,12,14,26,S42,False,6,7,13,0,7,1,0,0,0,"['B705', 'B291', 'B293', 'B147', 'B327', 'B581', 'B700']",6.5,S44,8.11,13,7,20,0.0,,-0.577458,-12.867108,-13.444566,True,True,36,S44,False,31,3.6359,pickup+onsite,,,,,,,,,,,,,,,,,,,,,,,,,,,,,,,,,,,,,,,,,,,,,,,,,,,,
47,12,14,41,S44,False,13,7,20,11,0,0,0,0,0,"['B495', 'B170', 'B296', 'B399', 'B226', 'B161', 'B705', 'B291', 'B293', 'B147', 'B327']",5.5,S64,3.2,2,7,9,0.0,,-0.126514,-12.79614,-12.922654,False,False,18,S64,False,8,2.5374,delivery,,,,,,,,,,,,,,,,,,,,,,,,,,,,,,,,,,,,,,,,,,,,,,,,,,,,
47,12,14,49,S64,False,2,7,9,2,0,1,0,0,0,"['B581', 'B700']",4.0,S42,10.2,0,7,7,0.0,,-0.310469,-12.836836,-13.147305,True,True,24,S41,True,22,3.3536,delivery+onsite,,,,,,,,,,,,,,,,,,,,,,,,,,,,,,,,,,,,,,,,,,,,,,,,,,,,
47,12,15,4,S42,False,0,7,7,0,9,0,1,0,0,"['B420', 'B189', 'B618', 'B528', 'B675', 'B230', 'B576', 'B407', 'B568', 'B510']",5.0,S66,9.4,9,8,17,0.0,,-0.557769,-12.905416,-13.463185,True,True,36,S13,True,32,3.6505,pickup+depot_removal,,,,,,,,,,,,,,,,,,,,,,,,,,,,,,,,,,,,,,,,,,,,,,,,,,,,
47,12,15,18,S66,False,9,8,17,9,0,0,1,0,0,"['B86', 'B420', 'B189', 'B618', 'B528', 'B675', 'B230', 'B576', 'B407', 'B568']",5.0,S31,0.38,0,9,9,0.0,,-0.486744,-12.789998,-13.276742,True,True,24,S41,True,18,2.4086,delivery+depot_removal,,,,,,,,,,,,,,,,,,,,,,,,,,,,,,,,,,,,,,,,,,,,,,,,,,,,
47,12,15,23,S31,False,0,9,9,0,10,0,1,0,0,"['B37', 'B205', 'B460', 'B722', 'B753', 'B204', 'B321', 'B239', 'B758', 'B557', 'B701']",5.5,S10,5.83,10,10,20,0.0,,-0.264334,-12.669939,-12.934273,True,True,30,S13,True,25,3.2495,pickup+depot_removal,,,,,,,,,,,,,,,,,,,,,,,,,,,,,,,,,,,,,,,,,,,,,,,,,,,,
47,12,15,35,S10,False,10,10,20,10,0,0,0,0,0,"['B37', 'B205', 'B460', 'B722', 'B753', 'B204', 'B321', 'B239', 'B758', 'B557']",5.0,S32,3.25,0,10,10,0.0,,-0.302539,-12.494529,-12.797068,False,False,12,S13,True,7,1.3292,delivery,,,,,,,,,,,,,,,,,,,,,,,,,,,,,,,,,,,,,,,,,,,,,,,,,,,,
47,12,15,43,S32,False,0,10,10,0,10,0,0,0,0,"['B49', 'B206', 'B200', 'B447', 'B163', 'B168', 'B533', 'B479', 'B450', 'B520']",5.0,S18,5.95,10,10,20,0.0,,-0.293278,-12.486466,-12.779744,False,False,12,S15,True,9,1.401,pickup,,,,,,,,,,,,,,,,,,,,,,,,,,,,,,,,,,,,,,,,,,,,,,,,,,,,
47,12,15,54,S18,False,10,10,20,0,0,0,0,0,0,[],0.0,S26,7.46,10,10,20,0.0,,-0.215149,-12.618462,-12.833612,False,False,12,S26,False,3,1.3692,do_nothing,,,,,,,,,,,,,,,,,,,,,,,,,,,,,,,,,,,,,,,,,,,,,,,,,,,,
47,12,16,1,S26,False,10,10,20,10,0,0,0,0,0,"['B49', 'B206', 'B200', 'B447', 'B163', 'B168', 'B533', 'B479', 'B450', 'B520']",5.0,S9,14.63,0,10,10,0.0,,-0.157491,-12.534307,-12.691799,False,False,12,S1,True,7,1.3033,delivery,,,,,,,,,,,,,,,,,,,,,,,,,,,,,,,,,,,,,,,,,,,,,,,,,,,,
47,12,16,21,S9,False,0,10,10,0,7,0,0,0,0,"['B71', 'B582', 'B558', 'B248', 'B487', 'B665', 'B256']",3.5,S1,10.87,7,10,17,0.0,,-0.087841,-12.321244,-12.409084,False,False,18,S1,False,6,2.2828,pickup,,,,,,,,,,,,,,,,,,,,,,,,,,,,,,,,,,,,,,,,,,,,,,,,,,,,
47,12,16,35,S1,False,7,10,17,0,0,1,1,0,0,['B348'],3.5,S15,6.29,7,11,18,0.0,,-0.077432,-12.455374,-12.532806,True,True,48,S51,True,21,5.0976,do_nothing+maintenance,,,,,,,,,,,,,,,,,,,,,,,,,,,,,,,,,,,,,,,,,,,,,,,,,,,,
47,12,16,45,S15,False,7,11,18,7,0,0,0,0,0,"['B71', 'B582', 'B558', 'B248', 'B487', 'B665', 'B256']",3.5,S62,2.79,0,11,11,0.0,,-0.194698,-12.504539,-12.699237,False,False,12,S51,True,6,1.3378,delivery,,,,,,,,,,,,,,,,,,,,,,,,,,,,,,,,,,,,,,,,,,,,,,,,,,,,
47,12,16,51,S62,False,0,11,11,0,7,0,0,0,0,"['B211', 'B658', 'B545', 'B601', 'B15', 'B34', 'B662']",3.5,S52,1.55,7,11,18,0.0,,-0.234671,-12.529602,-12.764273,False,False,18,S51,True,6,1.8969,pickup,,,,,,,,,,,,,,,,,,,,,,,,,,,,,,,,,,,,,,,,,,,,,,,,,,,,
47,12,16,57,S52,False,7,11,18,7,0,0,0,0,0,"['B211', 'B658', 'B545', 'B601', 'B15', 'B34', 'B662']",3.5,S38,3.1,0,11,11,0.0,,-0.175556,-12.458318,-12.633874,False,False,12,S48,True,9,1.5259,delivery,,,,,,,,,,,,,,,,,,,,,,,,,,,,,,,,,,,,,,,,,,,,,,,,,,,,
47,12,17,3,S38,False,0,11,11,0,9,0,0,0,0,"['B160', 'B585', 'B586', 'B333', 'B749', 'B240', 'B217', 'B225', 'B94']",4.5,S25,12.46,9,11,20,0.0,,-0.222383,-12.494253,-12.716636,False,False,12,S18,True,9,1.4251,pickup,,,,,,,,,,,,,,,,,,,,,,,,,,,,,,,,,,,,,,,,,,,,,,,,,,,,
47,12,17,20,S25,False,9,11,20,0,0,0,0,0,0,[],0.0,S54,14.63,9,11,20,0.0,,-0.146786,-12.726824,-12.87361,False,False,12,S54,False,3,1.4686,do_nothing,,,,,,,,,,,,,,,,,,,,,,,,,,,,,,,,,,,,,,,,,,,,,,,,,,,,
47,12,17,35,S54,False,9,11,20,9,0,0,0,0,0,"['B160', 'B585', 'B586', 'B333', 'B749', 'B240', 'B217', 'B225', 'B94']",4.5,S66,5.58,0,11,11,0.0,,-0.429906,-12.558296,-12.988202,False,False,12,S66,False,6,1.2702,delivery,,,,,,,,,,,,,,,,,,,,,,,,,,,,,,,,,,,,,,,,,,,,,,,,,,,,
47,12,17,45,S66,False,0,11,11,0,9,0,0,0,0,"['B110', 'B678', 'B420', 'B513', 'B727', 'B216', 'B624', 'B551', 'B681']",4.5,S27,1.91,9,11,20,0.0,,-0.567921,-12.474671,-13.042592,False,False,12,S27,False,6,1.5429,pickup,,,,,,,,,,,,,,,,,,,,,,,,,,,,,,,,,,,,,,,,,,,,,,,,,,,,
47,12,17,51,S27,False,9,11,20,9,0,0,0,0,0,"['B110', 'B678', 'B420', 'B513', 'B727', 'B216', 'B624', 'B551', 'B681']",4.5,S60,3.14,0,11,11,0.0,,-0.441841,-12.446164,-12.888005,False,False,12,S66,True,8,1.1636,delivery,,,,,,,,,,,,,,,,,,,,,,,,,,,,,,,,,,,,,,,,,,,,,,,,,,,,
47,12,17,59,S60,False,0,11,11,0,9,0,0,0,0,"['B132', 'B228', 'B185', 'B83', 'B356', 'B13', 'B560', 'B427', 'B324']",4.5,S37,2.84,9,11,20,0.0,,-0.598622,-12.422273,-13.020895,False,False,12,S19,True,9,1.2279,pickup,,,,,,,,,,,,,,,,,,,,,,,,,,,,,,,,,,,,,,,,,,,,,,,,,,,,
47,12,18,6,S37,False,9,11,20,9,0,0,1,0,0,"['B532', 'B132', 'B228', 'B185', 'B83', 'B356', 'B13', 'B560', 'B427', 'B324']",5.0,S66,3.07,0,12,12,0.0,,-0.360615,-12.431837,-12.792452,True,True,18,S18,True,13,1.742,delivery+depot_removal,,,,,,,,,,,,,,,,,,,,,,,,,,,,,,,,,,,,,,,,,,,,,,,,,,,,
47,12,18,14,S66,False,0,12,12,0,8,0,0,0,0,"['B92', 'B108', 'B7', 'B644', 'B720', 'B394', 'B59', 'B364']",4.0,S29,6.29,8,12,20,0.0,,-0.322805,-12.382081,-12.704886,False,False,12,S51,True,8,1.1298,pickup,,,,,,,,,,,,,,,,,,,,,,,,,,,,,,,,,,,,,,,,,,,,,,,,,,,,
47,12,18,25,S29,False,8,12,20,8,0,0,0,0,0,"['B92', 'B108', 'B7', 'B644', 'B720', 'B394', 'B59', 'B364']",4.0,S19,8.16,0,12,12,0.0,,-0.234978,-12.342303,-12.577281,False,False,12,S45,True,9,1.1722,delivery,,,,,,,,,,,,,,,,,,,,,,,,,,,,,,,,,,,,,,,,,,,,,,,,,,,,
47,12,18,37,S19,False,0,12,12,0,8,0,0,0,0,"['B584', 'B261', 'B491', 'B695', 'B82', 'B565', 'B103', 'B556']",4.0,S46,4.09,8,12,20,0.0,,-0.223944,-12.369581,-12.593526,False,False,18,S51,True,16,1.8163,pickup,,,,,,,,,,,,,,,,,,,,,,,,,,,,,,,,,,,,,,,,,,,,,,,,,,,,
47,12,18,45,S46,False,8,12,20,8,0,0,0,0,0,"['B584', 'B261', 'B491', 'B695', 'B82', 'B565', 'B103', 'B556']",4.0,S51,3.14,0,12,12,0.0,,-0.303803,-12.383929,-12.687732,False,False,12,S34,True,7,1.2375,delivery,,,,,,,,,,,,,,,,,,,,,,,,,,,,,,,,,,,,,,,,,,,,,,,,,,,,
47,12,18,52,S51,False,0,12,12,0,8,0,0,0,0,"['B552', 'B703', 'B638', 'B129', 'B383', 'B369', 'B224', 'B178']",4.0,S34,8.2,8,12,20,0.0,,-0.156898,-12.313828,-12.470726,False,False,12,S40,True,7,1.2603,pickup,,,,,,,,,,,,,,,,,,,,,,,,,,,,,,,,,,,,,,,,,,,,,,,,,,,,
47,12,19,4,S34,False,8,12,20,8,0,0,0,0,0,"['B552', 'B703', 'B638', 'B129', 'B383', 'B369', 'B224', 'B178']",4.0,S12,10.17,0,12,12,0.0,,-0.185388,-12.253639,-12.439027,False,False,12,S12,False,6,1.1733,delivery,,,,,,,,,,,,,,,,,,,,,,,,,,,,,,,,,,,,,,,,,,,,,,,,,,,,
47,12,19,18,S12,False,0,12,12,0,8,0,0,0,0,"['B279', 'B68', 'B289', 'B692', 'B141', 'B197', 'B617', 'B598']",4.0,S22,13.59,8,12,20,0.0,,-0.205435,-12.259657,-12.465093,False,False,12,S58,True,8,1.3026,pickup,,,,,,,,,,,,,,,,,,,,,,,,,,,,,,,,,,,,,,,,,,,,,,,,,,,,
47,12,19,36,S22,False,8,12,20,8,0,0,0,0,0,"['B279', 'B68', 'B289', 'B692', 'B141', 'B197', 'B617', 'B598']",4.0,S33,7.66,0,12,12,0.0,,-0.157422,-12.097759,-12.255181,False,False,9,S58,True,7,1.1679,delivery,,,,,,,,,,,,,,,,,,,,,,,,,,,,,,,,,,,,,,,,,,,,,,,,,,,,
47,12,19,48,S33,False,0,12,12,0,8,0,0,0,0,"['B330', 'B589', 'B25', 'B512', 'B120', 'B180', 'B375', 'B504']",4.0,D0,0.94,8,12,20,0.0,,-0.126544,-12.412628,-12.539173,True,False,3,D0,False,2,0.3211,pickup,,,,,,,,,,,,,,,,,,,,,,,,,,,,,,,,,,,,,,,,,,,,,,,,,,,,
47,12,19,52,D0,True,8,12,20,0,0,0,0,12,0,"['B613', 'B442', 'B391', 'B736', 'B349', 'B138', 'B342', 'B510', 'B86', 'B701', 'B348', 'B532']",6.0,D0,0.0,8,0,8,0.0,,-0.117447,-12.376455,-12.493902,True,True,1,D0,False,0,0.123,do_nothing,,,,,,,,,,,,,,,,,,,,,,,,,,,,,,,,,,,,,,,,,,,,,,,,,,,,
47,13,6,13,D0,True,8,0,8,0,0,0,0,0,12,"['B386', 'B304', 'B549', 'B726', 'B53', 'B313', 'B475', 'B569', 'B604', 'B243', 'B69', 'B125']",6.0,S30,2.5,20,0,20,0.0,,-0.106699,-12.738249,-12.844948,True,True,5,S30,False,1,0.7617,load_queue,,,,,,,,,,,,,,,,,,,,,,,,,,,,,,,,,,,,,,,,,,,,,,,,,,,,
47,13,6,37,S30,False,20,0,20,8,0,1,0,0,0,"['B330', 'B589', 'B25', 'B512', 'B120', 'B180', 'B375', 'B504']",7.0,S48,9.98,12,0,12,0.0,,-0.127012,-12.926907,-13.053919,True,True,36,S45,True,20,4.4378,delivery+onsite,,,,,,,,,,,,,,,,,,,,,,,,,,,,,,,,,,,,,,,,,,,,,,,,,,,,
47,13,6,54,S48,False,12,0,12,0,0,0,1,0,0,['B756'],0.5,S41,9.11,12,1,13,0.0,,-0.155638,-12.849407,-13.005045,True,True,18,S45,True,10,1.8484,do_nothing+depot_removal,,,,,,,,,,,,,,,,,,,,,,,,,,,,,,,,,,,,,,,,,,,,,,,,,,,,
47,13,7,4,S41,False,12,1,13,0,7,0,0,0,0,"['B130', 'B469', 'B90', 'B461', 'B302', 'B38', 'B603']",3.5,S58,3.91,19,1,20,0.0,,-0.145624,-12.789829,-12.935453,False,False,12,S33,True,8,1.3987,pickup,,,,,,,,,,,,,,,,,,,,,,,,,,,,,,,,,,,,,,,,,,,,,,,,,,,,
47,13,7,11,S58,False,19,1,20,11,0,0,1,0,0,"['B580', 'B386', 'B304', 'B549', 'B726', 'B53', 'B313', 'B475', 'B569', 'B604', 'B243', 'B69']",6.0,S33,2.58,8,2,10,0.0,,-0.155831,-12.71273,-12.868561,True,True,30,S33,False,13,3.1889,delivery+depot_removal,,,,,,,,,,,,,,,,,,,,,,,,,,,,,,,,,,,,,,,,,,,,,,,,,,,,
47,13,7,20,S33,False,8,2,10,8,0,0,1,0,0,"['B421', 'B125', 'B130', 'B469', 'B90', 'B461', 'B302', 'B38', 'B603']",4.5,S60,3.7,0,3,3,0.0,,-0.146733,-12.715372,-12.862105,True,True,24,S49,True,21,2.1277,delivery+depot_removal,,,,,,,,,,,,,,,,,,,,,,,,,,,,,,,,,,,,,,,,,,,,,,,,,,,,
47,13,7,28,S60,False,0,3,3,0,12,0,0,0,0,"['B357', 'B183', 'B323', 'B137', 'B329', 'B222', 'B319', 'B259', 'B680', 'B464', 'B272', 'B718']",6.0,S65,3.09,12,3,15,0.0,,-0.146736,-12.702141,-12.848877,False,False,18,S59,True,14,1.8101,pickup,,,,,,,,,,,,,,,,,,,,,,,,,,,,,,,,,,,,,,,,,,,,,,,,,,,,
47,13,7,37,S65,False,12,3,15,12,0,0,0,0,0,"['B357', 'B183', 'B323', 'B137', 'B329', 'B222', 'B319', 'B259', 'B680', 'B464', 'B272', 'B718']",6.0,S13,5.55,0,3,3,0.0,,-0.146715,-12.44608,-12.592795,False,False,12,S49,True,8,1.0601,delivery,,,,,,,,,,,,,,,,,,,,,,,,,,,,,,,,,,,,,,,,,,,,,,,,,,,,
47,13,7,48,S13,False,0,3,3,0,0,0,0,0,0,[],0.0,S38,10.08,0,3,3,0.0,,-0.204814,-12.402197,-12.607011,False,False,12,S59,True,3,1.224,do_nothing,,,,,,,,,,,,,,,,,,,,,,,,,,,,,,,,,,,,,,,,,,,,,,,,,,,,
47,13,7,58,S38,False,0,3,3,0,0,0,0,0,0,[],0.0,S49,1.72,0,3,3,0.0,,-0.146413,-12.424559,-12.570972,False,False,12,S59,True,1,1.2166,do_nothing,,,,,,,,,,,,,,,,,,,,,,,,,,,,,,,,,,,,,,,,,,,,,,,,,,,,
47,13,8,0,S49,False,0,3,3,0,8,0,0,0,0,"['B335', 'B377', 'B173', 'B270', 'B117', 'B437', 'B332', 'B139']",4.0,S64,1.8,8,3,11,0.0,,-0.145619,-12.477782,-12.623401,False,False,18,S59,True,9,1.963,pickup,,,,,,,,,,,,,,,,,,,,,,,,,,,,,,,,,,,,,,,,,,,,,,,,,,,,
47,13,8,6,S64,False,8,3,11,0,9,0,0,0,0,"['B278', 'B416', 'B75', 'B530', 'B563', 'B658', 'B696', 'B202', 'B186']",4.5,S40,4.02,17,3,20,0.0,,-0.097354,-12.338897,-12.436252,False,False,12,S1,True,6,1.7547,pickup,,,,,,,,,,,,,,,,,,,,,,,,,,,,,,,,,,,,,,,,,,,,,,,,,,,,
47,13,8,15,S40,False,17,3,20,9,0,0,2,0,0,"['B305', 'B507', 'B335', 'B377', 'B173', 'B270', 'B117', 'B437', 'B332', 'B139', 'B278']",5.5,S44,2.76,8,5,13,0.0,,-0.14661,-12.302268,-12.448878,True,True,42,S0,True,19,4.8852,delivery+depot_removal,,,,,,,,,,,,,,,,,,,,,,,,,,,,,,,,,,,,,,,,,,,,,,,,,,,,
47,13,8,23,S44,False,8,5,13,0,7,0,0,0,0,"['B274', 'B124', 'B194', 'B735', 'B249', 'B14', 'B310']",3.5,S47,6.18,15,5,20,0.0,,-0.185283,-12.297025,-12.482308,False,False,12,S0,True,8,1.721,pickup,,,,,,,,,,,,,,,,,,,,,,,,,,,,,,,,,,,,,,,,,,,,,,,,,,,,
47,13,8,32,S47,False,15,5,20,7,0,1,0,0,0,"['B416', 'B75', 'B530', 'B563', 'B658', 'B696', 'B202']",6.5,S11,13.07,8,5,13,0.0,,-0.107688,-12.424973,-12.532661,True,True,36,S0,True,31,4.3802,delivery+onsite,,,,,,,,,,,,,,,,,,,,,,,,,,,,,,,,,,,,,,,,,,,,,,,,,,,,
47,13,8,52,S11,False,8,5,13,0,0,0,1,0,0,['B250'],0.5,S35,2.71,8,6,14,0.0,,-0.068439,-12.4141,-12.482539,True,True,18,S0,True,6,2.1815,do_nothing+depot_removal,,,,,,,,,,,,,,,,,,,,,,,,,,,,,,,,,,,,,,,,,,,,,,,,,,,,
47,13,8,55,S35,False,8,6,14,0,6,0,0,0,0,"['B570', 'B337', 'B601', 'B438', 'B257', 'B26']",3.0,S66,8.23,14,6,20,0.0,,-0.164724,-12.465305,-12.630029,False,False,12,S0,True,10,1.5531,pickup,,,,,,,,,,,,,,,,,,,,,,,,,,,,,,,,,,,,,,,,,,,,,,,,,,,,
47,13,9,6,S66,False,14,6,20,3,0,1,1,0,0,"['B405', 'B186', 'B274', 'B124']",5.0,S18,2.06,11,7,18,0.0,,-0.07783,-12.338283,-12.416113,True,True,60,S18,False,30,6.1764,delivery+maintenance,,,,,,,,,,,,,,,,,,,,,,,,,,,,,,,,,,,,,,,,,,,,,,,,,,,,
47,13,9,14,S18,False,11,7,18,11,0,0,0,0,0,"['B194', 'B735', 'B249', 'B14', 'B310', 'B570', 'B337', 'B601', 'B438', 'B257', 'B26']",5.5,S51,6.05,0,7,7,0.0,,-0.029412,-12.427893,-12.457305,False,False,12,S51,False,7,1.2915,delivery,,,,,,,,,,,,,,,,,,,,,,,,,,,,,,,,,,,,,,,,,,,,,,,,,,,,
47,13,9,25,S51,False,0,7,7,0,13,0,0,0,0,"['B87', 'B371', 'B719', 'B623', 'B333', 'B749', 'B574', 'B288', 'B226', 'B575', 'B676', 'B579', 'B618']",6.5,S14,10.95,13,7,20,0.0,,-0.068138,-12.402833,-12.470971,False,False,18,S34,True,8,1.9768,pickup,,,,,,,,,,,,,,,,,,,,,,,,,,,,,,,,,,,,,,,,,,,,,,,,,,,,
47,13,9,43,S14,False,13,7,20,9,0,0,0,0,0,"['B87', 'B371', 'B719', 'B623', 'B333', 'B749', 'B574', 'B288', 'B226']",4.5,S5,15.22,4,7,11,0.0,,-0.068013,-12.216069,-12.284083,False,False,18,S1,True,8,1.9396,delivery,,,,,,,,,,,,,,,,,,,,,,,,,,,,,,,,,,,,,,,,,,,,,,,,,,,,
47,13,10,2,S5,False,4,7,11,0,9,0,0,0,0,"['B231', 'B651', 'B605', 'B473', 'B64', 'B415', 'B150', 'B453', 'B368']",4.5,S6,6.11,13,7,20,0.0,,-0.049312,-12.083674,-12.132986,False,False,12,S6,False,6,1.4594,pickup,,,,,,,,,,,,,,,,,,,,,,,,,,,,,,,,,,,,,,,,,,,,,,,,,,,,
47,13,10,13,S6,False,13,7,20,13,0,0,1,0,0,"['B547', 'B575', 'B676', 'B579', 'B618', 'B231', 'B651', 'B605', 'B473', 'B64', 'B415', 'B150', 'B453', 'B368']",7.0,S11,13.34,0,8,8,0.0,,-0.058328,-12.101628,-12.159956,True,True,30,S26,True,26,3.025,delivery+depot_removal,,,,,,,,,,,,,,,,,,,,,,,,,,,,,,,,,,,,,,,,,,,,,,,,,,,,
47,13,10,33,S11,False,0,8,8,0,12,0,0,0,0,"['B267', 'B61', 'B70', 'B133', 'B731', 'B751', 'B495', 'B11', 'B170', 'B296', 'B402', 'B316']",6.0,S30,11.93,12,8,20,0.0,,-0.136308,-12.212291,-12.348599,False,False,12,S12,True,8,1.1534,pickup,,,,,,,,,,,,,,,,,,,,,,,,,,,,,,,,,,,,,,,,,,,,,,,,,,,,
47,13,10,51,S30,False,12,8,20,8,0,0,0,0,0,"['B267', 'B61', 'B70', 'B133', 'B731', 'B751', 'B495', 'B11']",4.0,S45,6.19,4,8,12,0.0,,-0.195928,-12.337143,-12.533071,False,False,18,S26,True,6,2.0077,delivery,,,,,,,,,,,,,,,,,,,,,,,,,,,,,,,,,,,,,,,,,,,,,,,,,,,,
47,13,11,1,S45,False,4,8,12,0,7,0,0,0,0,"['B244', 'B201', 'B433', 'B465', 'B142', 'B582', 'B558']",3.5,S33,1.11,11,8,19,0.0,,-0.116828,-12.333094,-12.449922,False,False,18,S33,True,7,1.7386,pickup,,,,,,,,,,,,,,,,,,,,,,,,,,,,,,,,,,,,,,,,,,,,,,,,,,,,
47,13,11,6,S33,False,11,8,19,11,0,0,0,0,0,"['B170', 'B296', 'B402', 'B316', 'B244', 'B201', 'B433', 'B465', 'B142', 'B582', 'B558']",5.5,S59,3.27,0,8,8,0.0,,-0.252163,-12.270251,-12.522414,False,False,12,S38,True,9,1.4791,delivery,,,,,,,,,,,,,,,,,,,,,,,,,,,,,,,,,,,,,,,,,,,,,,,,,,,,
47,13,11,15,S59,False,0,8,8,0,12,0,0,0,0,"['B280', 'B666', 'B20', 'B750', 'B595', 'B502', 'B544', 'B229', 'B650', 'B660', 'B353', 'B269']",6.0,S61,2.35,12,8,20,0.0,,-0.300139,-12.347737,-12.647876,False,False,18,S38,True,8,2.3232,pickup,,,,,,,,,,,,,,,,,,,,,,,,,,,,,,,,,,,,,,,,,,,,,,,,,,,,
47,13,11,23,S61,False,12,8,20,6,0,0,0,0,0,"['B280', 'B666', 'B20', 'B750', 'B595', 'B502']",3.0,S46,4.04,6,8,14,0.0,,-0.214433,-12.32695,-12.541383,False,False,18,S1,True,16,1.7053,delivery,,,,,,,,,,,,,,,,,,,,,,,,,,,,,,,,,,,,,,,,,,,,,,,,,,,,
47,13,11,30,S46,False,6,8,14,6,0,0,0,0,0,"['B544', 'B229', 'B650', 'B660', 'B353', 'B269']",3.0,S38,4.5,0,8,8,0.0,,-0.262995,-12.313179,-12.576174,False,False,12,S38,False,6,1.5609,delivery,,,,,,,,,,,,,,,,,,,,,,,,,,,,,,,,,,,,,,,,,,,,,,,,,,,,
47,13,11,38,S38,False,0,8,8,0,10,0,0,0,0,"['B733', 'B467', 'B45', 'B195', 'B428', 'B686', 'B705', 'B291', 'B609', 'B36']",5.0,S32,6.58,10,8,18,0.0,,-0.352999,-12.231182,-12.584181,False,False,18,S32,False,12,2.2551,pickup,,,,,,,,,,,,,,,,,,,,,,,,,,,,,,,,,,,,,,,,,,,,,,,,,,,,
47,13,11,49,S32,False,10,8,18,10,0,0,0,0,0,"['B733', 'B467', 'B45', 'B195', 'B428', 'B686', 'B705', 'B291', 'B609', 'B36']",5.0,S39,8.29,0,8,8,0.0,,-0.311682,-12.348654,-12.660335,False,False,12,S16,True,8,1.5252,delivery,,,,,,,,,,,,,,,,,,,,,,,,,,,,,,,,,,,,,,,,,,,,,,,,,,,,
47,13,12,2,S39,False,0,8,8,0,0,1,0,0,0,[],3.0,S56,9.56,0,8,8,0.0,,-0.194095,-12.271807,-12.465902,True,True,24,S12,True,8,3.3114,do_nothing+onsite,,,,,,,,,,,,,,,,,,,,,,,,,,,,,,,,,,,,,,,,,,,,,,,,,,,,
47,13,12,15,S56,False,0,8,8,0,7,0,0,0,0,"['B85', 'B625', 'B508', 'B632', 'B755', 'B410', 'B123']",3.5,S26,7.21,7,8,15,0.0,,-0.17479,-12.330017,-12.504806,False,False,18,S3,True,6,1.9525,pickup,,,,,,,,,,,,,,,,,,,,,,,,,,,,,,,,,,,,,,,,,,,,,,,,,,,,
47,13,12,26,S26,False,7,8,15,7,0,0,0,0,0,"['B85', 'B625', 'B508', 'B632', 'B755', 'B410', 'B123']",3.5,S7,9.03,0,8,8,0.0,,-0.223271,-12.365338,-12.588609,False,False,12,S7,False,9,1.3212,delivery,,,,,,,,,,,,,,,,,,,,,,,,,,,,,,,,,,,,,,,,,,,,,,,,,,,,
47,13,12,38,S7,False,0,8,8,0,12,0,0,0,0,"['B265', 'B494', 'B55', 'B672', 'B640', 'B728', 'B702', 'B448', 'B555', 'B340', 'B235', 'B184']",6.0,S11,15.78,12,8,20,0.0,,-0.205583,-12.359123,-12.564706,False,False,18,S28,True,7,2.0058,pickup,,,,,,,,,,,,,,,,,,,,,,,,,,,,,,,,,,,,,,,,,,,,,,,,,,,,
47,13,13,0,S11,False,12,8,20,9,0,0,0,0,0,"['B265', 'B494', 'B55', 'B672', 'B640', 'B728', 'B702', 'B448', 'B555']",4.5,S66,10.37,3,8,11,0.0,,-0.273423,-12.434743,-12.708166,False,False,18,S29,True,8,1.6355,delivery,,,,,,,,,,,,,,,,,,,,,,,,,,,,,,,,,,,,,,,,,,,,,,,,,,,,
47,13,13,15,S66,False,3,8,11,0,9,0,0,0,0,"['B739', 'B72', 'B407', 'B647', 'B350', 'B83', 'B225', 'B218', 'B606']",4.5,S64,1.75,12,8,20,0.0,,-0.077262,-12.254246,-12.331508,False,False,12,S64,False,10,1.1235,pickup,,,,,,,,,,,,,,,,,,,,,,,,,,,,,,,,,,,,,,,,,,,,,,,,,,,,
47,13,13,21,S64,False,12,8,20,6,0,0,0,0,0,"['B340', 'B235', 'B184', 'B739', 'B72', 'B407']",3.0,S41,1.81,6,8,14,0.0,,-0.077901,-12.238786,-12.316687,False,False,18,S15,True,12,1.6188,delivery,,,,,,,,,,,,,,,,,,,,,,,,,,,,,,,,,,,,,,,,,,,,,,,,,,,,
47,13,13,26,S41,False,6,8,14,0,6,0,0,0,0,"['B23', 'B213', 'B290', 'B692', 'B714', 'B461']",3.0,S15,4.47,12,8,20,0.0,,-0.24319,-12.209664,-12.452854,False,False,12,S65,True,6,1.1102,pickup,,,,,,,,,,,,,,,,,,,,,,,,,,,,,,,,,,,,,,,,,,,,,,,,,,,,
47,13,13,33,S15,False,12,8,20,12,0,0,0,0,0,"['B647', 'B350', 'B83', 'B225', 'B218', 'B606', 'B23', 'B213', 'B290', 'B692', 'B714', 'B461']",6.0,S12,10.6,0,8,8,0.0,,-0.18492,-12.299566,-12.484486,False,False,12,S12,False,6,1.1778,delivery,,,,,,,,,,,,,,,,,,,,,,,,,,,,,,,,,,,,,,,,,,,,,,,,,,,,
47,13,13,50,S12,False,0,8,8,0,12,0,0,0,0,"['B33', 'B723', 'B691', 'B143', 'B148', 'B24', 'B498', 'B767', 'B689', 'B62', 'B496', 'B636']",6.0,S65,12.43,12,8,20,0.0,,-0.175873,-12.401691,-12.577564,False,False,12,S51,True,9,1.2392,pickup,,,,,,,,,,,,,,,,,,,,,,,,,,,,,,,,,,,,,,,,,,,,,,,,,,,,
47,13,14,8,S65,False,12,8,20,12,0,0,0,0,0,"['B33', 'B723', 'B691', 'B143', 'B148', 'B24', 'B498', 'B767', 'B689', 'B62', 'B496', 'B636']",6.0,S31,3.2,0,8,8,0.0,,-0.331589,-12.394053,-12.725642,False,False,18,S26,True,13,1.7441,delivery,,,,,,,,,,,,,,,,,,,,,,,,,,,,,,,,,,,,,,,,,,,,,,,,,,,,
47,13,14,18,S31,False,0,8,8,0,12,0,0,0,0,"['B159', 'B646', 'B164', 'B567', 'B745', 'B352', 'B336', 'B562', 'B386', 'B726', 'B719', 'B304']",6.0,S51,7.45,12,8,20,0.0,,-0.175083,-12.246755,-12.421838,False,False,12,S63,True,9,1.4437,pickup,,,,,,,,,,,,,,,,,,,,,,,,,,,,,,,,,,,,,,,,,,,,,,,,,,,,
47,13,14,31,S51,False,12,8,20,9,0,0,0,0,0,"['B159', 'B646', 'B164', 'B567', 'B745', 'B352', 'B336', 'B562', 'B386']",4.5,S32,4.37,3,8,11,0.0,,-0.176349,-12.086469,-12.262818,False,False,18,S26,True,7,1.8611,delivery,,,,,,,,,,,,,,,,,,,,,,,,,,,,,,,,,,,,,,,,,,,,,,,,,,,,
47,13,14,40,S32,False,3,8,11,0,9,0,0,0,0,"['B22', 'B733', 'B467', 'B45', 'B195', 'B428', 'B686', 'B705', 'B291']",4.5,S26,7.72,12,8,20,0.0,,-0.263226,-12.00149,-12.264716,False,False,12,S26,False,6,1.2327,pickup,,,,,,,,,,,,,,,,,,,,,,,,,,,,,,,,,,,,,,,,,,,,,,,,,,,,
47,13,14,52,S26,False,12,8,20,12,0,0,0,0,0,"['B726', 'B719', 'B304', 'B22', 'B733', 'B467', 'B45', 'B195', 'B428', 'B686', 'B705', 'B291']",6.0,S63,7.98,0,8,8,0.0,,-0.078047,-11.95692,-12.034967,False,False,12,S63,False,6,1.3183,delivery,,,,,,,,,,,,,,,,,,,,,,,,,,,,,,,,,,,,,,,,,,,,,,,,,,,,
47,13,15,6,S63,False,0,8,8,0,0,0,1,0,0,['B752'],0.5,S4,2.39,0,9,9,0.0,,-0.107459,-11.951525,-12.058984,True,True,30,S24,True,6,3.9087,do_nothing+depot_removal,,,,,,,,,,,,,,,,,,,,,,,,,,,,,,,,,,,,,,,,,,,,,,,,,,,,
47,13,15,9,S4,False,0,9,9,0,8,0,2,0,0,"['B35', 'B515', 'B764', 'B275', 'B425', 'B762', 'B631', 'B608', 'B300', 'B687']",5.0,S48,6.15,8,11,19,0.0,,-0.038727,-11.941138,-11.979866,True,True,48,S24,True,33,4.9977,pickup+depot_removal,,,,,,,,,,,,,,,,,,,,,,,,,,,,,,,,,,,,,,,,,,,,,,,,,,,,
47,13,15,20,S48,False,8,11,19,0,0,0,0,0,0,[],0.0,S12,1.68,8,11,19,0.0,,-0.164899,-11.954547,-12.119445,False,False,18,S38,True,2,1.7857,do_nothing,,,,,,,,,,,,,,,,,,,,,,,,,,,,,,,,,,,,,,,,,,,,,,,,,,,,
47,13,15,22,S12,False,8,11,19,8,0,0,0,0,0,"['B35', 'B515', 'B764', 'B275', 'B425', 'B762', 'B631', 'B608']",4.0,S63,5.44,0,11,11,0.0,,-0.038803,-11.992922,-12.031725,False,False,18,S0,True,9,1.769,delivery,,,,,,,,,,,,,,,,,,,,,,,,,,,,,,,,,,,,,,,,,,,,,,,,,,,,
47,13,15,31,S63,False,0,11,11,0,9,0,0,0,0,"['B136', 'B155', 'B688', 'B236', 'B77', 'B132', 'B619', 'B526', 'B644']",4.5,S50,6.54,9,11,20,0.0,,-0.203379,-11.854788,-12.058167,False,False,12,S40,True,10,1.1158,pickup,,,,,,,,,,,,,,,,,,,,,,,,,,,,,,,,,,,,,,,,,,,,,,,,,,,,
47,13,15,42,S50,False,9,11,20,9,0,0,0,0,0,"['B136', 'B155', 'B688', 'B236', 'B77', 'B132', 'B619', 'B526', 'B644']",4.5,S61,6.8,0,11,11,0.0,,-0.155831,-12.059448,-12.215279,False,False,12,S40,True,9,1.1991,delivery,,,,,,,,,,,,,,,,,,,,,,,,,,,,,,,,,,,,,,,,,,,,,,,,,,,,
47,13,15,54,S61,False,0,11,11,0,9,0,0,0,0,"['B15', 'B551', 'B356', 'B537', 'B570', 'B114', 'B682', 'B79', 'B166']",4.5,S55,5.26,9,11,20,0.0,,-0.09696,-11.983959,-12.08092,False,False,12,S40,True,7,1.2442,pickup,,,,,,,,,,,,,,,,,,,,,,,,,,,,,,,,,,,,,,,,,,,,,,,,,,,,
47,13,16,3,S55,False,9,11,20,9,0,0,1,0,0,"['B54', 'B15', 'B551', 'B356', 'B537', 'B570', 'B114', 'B682', 'B79', 'B166']",5.0,S40,2.75,0,12,12,0.0,,-0.048121,-11.983537,-12.031658,True,True,30,S35,True,14,2.8472,delivery+depot_removal,,,,,,,,,,,,,,,,,,,,,,,,,,,,,,,,,,,,,,,,,,,,,,,,,,,,
47,13,16,11,S40,False,0,12,12,0,8,0,0,0,0,"['B394', 'B592', 'B501', 'B364', 'B40', 'B434', 'B693', 'B90']",4.0,S35,4.93,8,12,20,0.0,,-0.048788,-12.015213,-12.064001,False,False,12,S35,False,6,1.1506,pickup,,,,,,,,,,,,,,,,,,,,,,,,,,,,,,,,,,,,,,,,,,,,,,,,,,,,
47,13,16,20,S35,False,8,12,20,8,0,0,1,0,0,"['B141', 'B394', 'B592', 'B501', 'B364', 'B40', 'B434', 'B693', 'B90']",4.5,S7,14.2,0,13,13,0.0,,-0.097254,-12.082449,-12.179703,True,True,18,S60,True,13,1.6082,delivery+depot_removal,,,,,,,,,,,,,,,,,,,,,,,,,,,,,,,,,,,,,,,,,,,,,,,,,,,,
47,13,16,39,S7,False,0,13,13,0,7,0,0,0,0,"['B397', 'B484', 'B331', 'B120', 'B446', 'B330', 'B370']",3.5,S48,14.65,7,13,20,0.0,,-0.09691,-12.09277,-12.18968,False,False,12,S52,True,10,1.1611,pickup,,,,,,,,,,,,,,,,,,,,,,,,,,,,,,,,,,,,,,,,,,,,,,,,,,,,
47,13,16,57,S48,False,7,13,20,7,0,0,0,0,0,"['B397', 'B484', 'B331', 'B120', 'B446', 'B330', 'B370']",3.5,S52,5.29,0,13,13,0.0,,-0.00959,-12.02115,-12.03074,False,False,12,S19,True,7,1.2947,delivery,,,,,,,,,,,,,,,,,,,,,,,,,,,,,,,,,,,,,,,,,,,,,,,,,,,,
47,13,17,6,S52,False,0,13,13,0,2,0,0,0,0,"['B94', 'B247']",1.0,S62,1.55,2,13,15,0.0,,-0.146185,-12.15274,-12.298925,False,False,18,S62,False,12,1.559,pickup,,,,,,,,,,,,,,,,,,,,,,,,,,,,,,,,,,,,,,,,,,,,,,,,,,,,
47,13,17,8,S62,False,2,13,15,0,5,0,0,0,0,"['B535', 'B441', 'B270', 'B343', 'B265']",2.5,S66,2.92,7,13,20,0.0,,-0.067325,-12.148164,-12.215488,False,False,12,S66,False,10,1.1202,pickup,,,,,,,,,,,,,,,,,,,,,,,,,,,,,,,,,,,,,,,,,,,,,,,,,,,,
47,13,17,14,S66,False,7,13,20,7,0,0,1,0,0,"['B145', 'B94', 'B247', 'B535', 'B441', 'B270', 'B343', 'B265']",4.0,S19,8.84,0,14,14,0.0,,-0.038974,-12.087158,-12.126132,True,True,18,S31,True,16,1.5507,delivery+depot_removal,,,,,,,,,,,,,,,,,,,,,,,,,,,,,,,,,,,,,,,,,,,,,,,,,,,,
47,13,17,27,S19,False,0,14,14,0,6,0,0,0,0,"['B365', 'B296', 'B494', 'B437', 'B429', 'B761']",3.0,S28,17.79,6,14,20,0.0,,-0.01918,-11.977772,-11.996951,False,False,12,S45,True,7,1.0587,pickup,,,,,,,,,,,,,,,,,,,,,,,,,,,,,,,,,,,,,,,,,,,,,,,,,,,,
47,13,17,47,S28,False,6,14,20,6,0,0,0,0,0,"['B365', 'B296', 'B494', 'B437', 'B429', 'B761']",3.0,S62,11.34,0,14,14,0.0,,-0.137598,-12.076593,-12.214191,False,False,12,S45,True,7,1.076,delivery,,,,,,,,,,,,,,,,,,,,,,,,,,,,,,,,,,,,,,,,,,,,,,,,,,,,
47,13,18,2,S62,False,0,14,14,0,0,0,0,0,0,[],0.0,S23,8.01,0,14,14,0.0,,-0.078873,-12.160909,-12.239782,False,False,12,S27,True,0,1.1246,do_nothing,,,,,,,,,,,,,,,,,,,,,,,,,,,,,,,,,,,,,,,,,,,,,,,,,,,,
47,13,18,10,S23,False,0,14,14,0,6,1,0,0,0,"['B303', 'B234', 'B355', 'B674', 'B748', 'B522']",6.0,S27,6.33,6,14,20,0.0,,-0.019277,-12.147151,-12.166428,True,True,24,S27,False,18,2.3721,pickup+onsite,,,,,,,,,,,,,,,,,,,,,,,,,,,,,,,,,,,,,,,,,,,,,,,,,,,,
47,13,18,22,S27,False,6,14,20,6,0,0,0,0,0,"['B303', 'B234', 'B355', 'B674', 'B748', 'B522']",3.0,S62,2.6,0,14,14,0.0,,-0.019351,-12.110921,-12.130272,False,False,12,S62,False,6,1.0732,delivery,,,,,,,,,,,,,,,,,,,,,,,,,,,,,,,,,,,,,,,,,,,,,,,,,,,,
47,13,18,28,S62,False,0,14,14,0,6,0,0,0,0,"['B103', 'B185', 'B323', 'B673', 'B288', 'B36']",3.0,S15,2.79,6,14,20,0.0,,-0.009762,-11.981042,-11.990803,False,False,12,S27,True,10,1.0824,pickup,,,,,,,,,,,,,,,,,,,,,,,,,,,,,,,,,,,,,,,,,,,,,,,,,,,,
47,13,18,33,S15,False,6,14,20,0,0,0,0,0,0,[],0.0,S17,4.76,6,14,20,0.0,,0.0,-12.263053,-12.263053,False,False,12,S17,False,3,1.0691,do_nothing,,,,,,,,,,,,,,,,,,,,,,,,,,,,,,,,,,,,,,,,,,,,,,,,,,,,
47,13,18,38,S17,False,6,14,20,6,0,0,0,0,0,"['B103', 'B185', 'B323', 'B673', 'B288', 'B36']",3.0,S53,9.29,0,14,14,0.0,,-0.009639,-12.179846,-12.189485,False,False,12,S46,True,7,1.0579,delivery,,,,,,,,,,,,,,,,,,,,,,,,,,,,,,,,,,,,,,,,,,,,,,,,,,,,
47,13,18,50,S53,False,0,14,14,0,6,0,0,0,0,"['B153', 'B131', 'B630', 'B743', 'B10', 'B43']",3.0,S22,9.3,6,14,20,0.0,,-0.048268,-12.225451,-12.27372,False,False,12,S6,True,10,1.0549,pickup,,,,,,,,,,,,,,,,,,,,,,,,,,,,,,,,,,,,,,,,,,,,,,,,,,,,
47,13,19,3,S22,False,6,14,20,6,0,0,0,0,0,"['B153', 'B131', 'B630', 'B743', 'B10', 'B43']",3.0,S65,1.36,0,14,14,0.0,,-0.039099,-12.197629,-12.236728,False,False,18,S7,True,15,1.6807,delivery,,,,,,,,,,,,,,,,,,,,,,,,,,,,,,,,,,,,,,,,,,,,,,,,,,,,
47,13,19,7,S65,False,0,14,14,0,6,1,0,0,0,"['B14', 'B215', 'B502', 'B235', 'B523', 'B654']",6.0,S13,5.55,6,14,20,0.0,,-0.019278,-12.169229,-12.188506,True,True,24,S64,True,22,2.0594,pickup+onsite,,,,,,,,,,,,,,,,,,,,,,,,,,,,,,,,,,,,,,,,,,,,,,,,,,,,
47,13,19,19,S13,False,6,14,20,6,0,0,0,0,0,"['B14', 'B215', 'B502', 'B235', 'B523', 'B654']",3.0,S32,14.96,0,14,14,0.0,,-0.019204,-12.099396,-12.1186,False,False,12,S14,True,7,1.0396,delivery,,,,,,,,,,,,,,,,,,,,,,,,,,,,,,,,,,,,,,,,,,,,,,,,,,,,
47,13,19,37,S32,False,0,14,14,0,6,0,0,0,0,"['B450', 'B423', 'B198', 'B109', 'B513', 'B48']",3.0,S27,5.96,6,14,20,0.0,,-0.06784,-12.596552,-12.664392,False,False,11,S64,True,8,0.952,pickup,,,,,,,,,,,,,,,,,,,,,,,,,,,,,,,,,,,,,,,,,,,,,,,,,,,,
47,13,19,46,S27,False,6,14,20,0,0,0,0,0,0,[],0.0,S15,1.32,6,14,20,0.0,,-0.078126,-12.637208,-12.715334,False,False,3,D0,True,0,0.2964,do_nothing,,,,,,,,,,,,,,,,,,,,,,,,,,,,,,,,,,,,,,,,,,,,,,,,,,,,
47,13,19,47,S15,False,6,14,20,0,0,0,0,0,0,[],0.0,S27,1.32,6,14,20,0.0,,-0.059345,-12.559443,-12.618788,False,False,3,S27,False,0,0.3002,do_nothing,,,,,,,,,,,,,,,,,,,,,,,,,,,,,,,,,,,,,,,,,,,,,,,,,,,,
47,13,19,48,S27,False,6,14,20,6,0,0,0,0,0,"['B450', 'B423', 'B198', 'B109', 'B513', 'B48']",3.0,D0,1.1,0,14,14,0.0,,-0.10687,-12.792552,-12.899422,False,False,2,D0,False,1,0.2208,delivery,,,,,,,,,,,,,,,,,,,,,,,,,,,,,,,,,,,,,,,,,,,,,,,,,,,,
47,13,19,52,D0,True,0,14,14,0,0,0,0,14,3,"['B599', 'B766', 'B454', 'B756', 'B580', 'B421', 'B305', 'B507', 'B250', 'B405', 'B547', 'B752', 'B300', 'B687', 'B54', 'B141', 'B145']",8.5,D0,0.0,3,0,3,0.0,,-0.077529,-12.836759,-12.914288,True,True,1,D0,False,0,0.1207,do_nothing,,,,,,,,,,,,,,,,,,,,,,,,,,,,,,,,,,,,,,,,,,,,,,,,,,,,
47,14,6,1,D0,True,3,0,3,0,0,0,0,0,12,"['B613', 'B442', 'B391', 'B736', 'B349', 'B138', 'B342', 'B510', 'B86', 'B701', 'B348', 'B532']",6.0,S27,1.1,15,0,15,0.0,,-1.595373,-13.074417,-14.66979,True,True,5,S37,True,0,0.4454,load_queue,,,,,,,,,,,,,,,,,,,,,,,,,,,,,,,,,,,,,,,,,,,,,,,,,,,,
47,14,6,23,S27,False,15,0,15,15,0,0,0,0,0,"['B599', 'B766', 'B454', 'B613', 'B442', 'B391', 'B736', 'B349', 'B138', 'B342', 'B510', 'B86', 'B701', 'B348', 'B532']",7.5,S37,4.19,0,0,0,0.0,,-1.475112,-12.990433,-14.465545,False,False,12,S38,True,6,1.2441,delivery,,,,,,,,,,,,,,,,,,,,,,,,,,,,,,,,,,,,,,,,,,,,,,,,,,,,
47,14,6,35,S37,False,0,0,0,0,20,0,0,0,0,"['B750', 'B55', 'B341', 'B11', 'B286', 'B160', 'B118', 'B728', 'B85', 'B664', 'B537', 'B621', 'B29', 'B702', 'B5', 'B268', 'B278', 'B425', 'B577', 'B450']",10.0,S15,4.99,20,0,20,0.0,,-1.57069,-12.974047,-14.544738,False,False,12,S15,False,6,1.5407,pickup,,,,,,,,,,,,,,,,,,,,,,,,,,,,,,,,,,,,,,,,,,,,,,,,,,,,
47,14,6,50,S15,False,20,0,20,18,0,0,0,0,0,"['B750', 'B55', 'B341', 'B11', 'B286', 'B160', 'B118', 'B728', 'B85', 'B664', 'B537', 'B621', 'B29', 'B702', 'B5', 'B268', 'B278', 'B425']",9.0,S52,4.21,2,0,2,0.0,,-0.813507,-12.892816,-13.706323,False,False,18,S44,True,10,2.1773,delivery,,,,,,,,,,,,,,,,,,,,,,,,,,,,,,,,,,,,,,,,,,,,,,,,,,,,
47,14,7,3,S52,False,2,0,2,0,10,0,1,0,0,"['B487', 'B413', 'B326', 'B612', 'B200', 'B130', 'B680', 'B481', 'B241', 'B643', 'B528']",5.5,S40,2.21,12,1,13,0.0,,-0.762956,-12.980658,-13.743614,True,True,36,S63,True,31,3.5598,pickup+depot_removal,,,,,,,,,,,,,,,,,,,,,,,,,,,,,,,,,,,,,,,,,,,,,,,,,,,,
47,14,7,11,S40,False,12,1,13,12,0,0,0,0,0,"['B577', 'B450', 'B487', 'B413', 'B326', 'B612', 'B200', 'B130', 'B680', 'B481', 'B241', 'B643']",6.0,S35,4.93,0,1,1,0.0,,-0.648334,-12.952131,-13.600465,False,False,12,S35,False,7,1.3442,delivery,,,,,,,,,,,,,,,,,,,,,,,,,,,,,,,,,,,,,,,,,,,,,,,,,,,,
47,14,7,22,S35,False,0,1,1,0,15,1,0,0,0,"['B337', 'B356', 'B399', 'B562', 'B765', 'B509', 'B142', 'B70', 'B105', 'B35', 'B178', 'B499', 'B570', 'B489', 'B505']",10.5,S26,6.42,15,1,16,0.0,,-0.567878,-12.883748,-13.451626,True,True,36,S54,True,18,3.6493,pickup+onsite,,,,,,,,,,,,,,,,,,,,,,,,,,,,,,,,,,,,,,,,,,,,,,,,,,,,
47,14,7,38,S26,False,15,1,16,15,0,0,0,0,0,"['B337', 'B356', 'B399', 'B562', 'B765', 'B509', 'B142', 'B70', 'B105', 'B35', 'B178', 'B499', 'B570', 'B489', 'B505']",7.5,S63,7.98,0,1,1,0.0,,-0.460937,-12.640233,-13.10117,False,False,12,S38,True,8,1.269,delivery,,,,,,,,,,,,,,,,,,,,,,,,,,,,,,,,,,,,,,,,,,,,,,,,,,,,
47,14,7,54,S63,False,0,1,1,0,13,0,0,0,0,"['B656', 'B492', 'B549', 'B695', 'B140', 'B364', 'B97', 'B449', 'B12', 'B328', 'B464', 'B30', 'B681']",6.5,S44,0.47,13,1,14,0.0,,-0.41066,-12.625647,-13.036307,False,False,18,S39,True,15,2.1045,pickup,,,,,,,,,,,,,,,,,,,,,,,,,,,,,,,,,,,,,,,,,,,,,,,,,,,,
47,14,8,1,S44,False,13,1,14,0,6,0,0,0,0,"['B42', 'B740', 'B144', 'B615', 'B246', 'B297']",3.0,S4,1.93,19,1,20,0.0,,-0.310839,-12.686385,-12.997224,False,False,12,S4,False,6,1.5728,pickup,,,,,,,,,,,,,,,,,,,,,,,,,,,,,,,,,,,,,,,,,,,,,,,,,,,,
47,14,8,6,S4,False,19,1,20,0,0,0,0,0,0,[],0.0,S61,1.37,19,1,20,0.0,,-0.448071,-12.6671,-13.11517,False,False,18,S9,True,3,1.7138,do_nothing,,,,,,,,,,,,,,,,,,,,,,,,,,,,,,,,,,,,,,,,,,,,,,,,,,,,
47,14,8,7,S61,False,19,1,20,9,0,0,0,0,0,"['B656', 'B492', 'B549', 'B695', 'B140', 'B364', 'B97', 'B449', 'B12']",4.5,S32,5.42,10,1,11,0.0,,-0.25445,-12.601515,-12.855965,False,False,18,S32,True,8,1.8231,delivery,,,,,,,,,,,,,,,,,,,,,,,,,,,,,,,,,,,,,,,,,,,,,,,,,,,,
47,14,8,17,S32,False,10,1,11,10,0,0,0,0,0,"['B328', 'B464', 'B30', 'B681', 'B42', 'B740', 'B144', 'B615', 'B246', 'B297']",5.0,S60,6.97,0,1,1,0.0,,-0.417877,-12.569461,-12.987338,False,False,12,S38,True,10,1.1041,delivery,,,,,,,,,,,,,,,,,,,,,,,,,,,,,,,,,,,,,,,,,,,,,,,,,,,,
47,14,8,29,S60,False,0,1,1,0,14,0,0,0,0,"['B390', 'B353', 'B646', 'B586', 'B269', 'B402', 'B699', 'B221', 'B650', 'B491', 'B408', 'B109', 'B539', 'B716']",7.0,S4,2.11,14,1,15,0.0,,-0.33198,-12.594575,-12.926555,False,False,18,S38,True,7,1.645,pickup,,,,,,,,,,,,,,,,,,,,,,,,,,,,,,,,,,,,,,,,,,,,,,,,,,,,
47,14,8,38,S4,False,14,1,15,11,0,0,0,0,0,"['B390', 'B353', 'B646', 'B586', 'B269', 'B402', 'B699', 'B221', 'B650', 'B491', 'B408']",5.5,S38,1.95,3,1,4,0.0,,-0.506211,-12.633506,-13.139717,False,False,18,S52,True,6,1.7664,delivery,,,,,,,,,,,,,,,,,,,,,,,,,,,,,,,,,,,,,,,,,,,,,,,,,,,,
47,14,8,46,S38,False,3,1,4,0,16,0,0,0,0,"['B255', 'B71', 'B679', 'B558', 'B95', 'B187', 'B535', 'B244', 'B229', 'B68', 'B193', 'B339', 'B551', 'B84', 'B2', 'B222']",8.0,S22,6.7,19,1,20,0.0,,-0.516012,-12.684493,-13.200505,False,False,12,S22,False,10,1.3256,pickup,,,,,,,,,,,,,,,,,,,,,,,,,,,,,,,,,,,,,,,,,,,,,,,,,,,,
47,14,9,0,S22,False,19,1,20,16,0,0,0,0,0,"['B109', 'B539', 'B716', 'B255', 'B71', 'B679', 'B558', 'B95', 'B187', 'B535', 'B244', 'B229', 'B68', 'B193', 'B339', 'B551']",8.0,S52,7.49,3,1,4,0.0,,-0.762221,-12.786888,-13.549109,False,False,18,S37,True,9,2.296,delivery,,,,,,,,,,,,,,,,,,,,,,,,,,,,,,,,,,,,,,,,,,,,,,,,,,,,
47,14,9,16,S52,False,3,1,4,0,10,0,0,0,0,"['B133', 'B153', 'B431', 'B497', 'B282', 'B263', 'B470', 'B38', 'B442', 'B660']",5.0,S44,0.83,13,1,14,0.0,,-0.840361,-12.921879,-13.762241,False,False,18,S44,False,12,2.1774,pickup,,,,,,,,,,,,,,,,,,,,,,,,,,,,,,,,,,,,,,,,,,,,,,,,,,,,
47,14,9,22,S44,False,13,1,14,0,6,0,0,0,0,"['B495', 'B207', 'B186', 'B617', 'B96', 'B224']",3.0,S19,4.96,19,1,20,0.0,,-0.59658,-12.817996,-13.414577,False,False,12,S7,True,8,1.4852,pickup,,,,,,,,,,,,,,,,,,,,,,,,,,,,,,,,,,,,,,,,,,,,,,,,,,,,
47,14,9,30,S19,False,19,1,20,9,0,0,0,0,0,"['B84', 'B2', 'B222', 'B133', 'B153', 'B431', 'B497', 'B282', 'B263']",4.5,S7,15.09,10,1,11,0.0,,-0.662535,-12.948959,-13.611494,False,False,18,S7,False,9,1.9786,delivery,,,,,,,,,,,,,,,,,,,,,,,,,,,,,,,,,,,,,,,,,,,,,,,,,,,,
47,14,9,49,S7,False,10,1,11,10,0,0,0,0,0,"['B470', 'B38', 'B442', 'B660', 'B495', 'B207', 'B186', 'B617', 'B96', 'B224']",5.0,S62,9.51,0,1,1,0.0,,-0.280687,-13.000451,-13.281138,False,False,12,S62,False,7,1.4923,delivery,,,,,,,,,,,,,,,,,,,,,,,,,,,,,,,,,,,,,,,,,,,,,,,,,,,,
47,14,10,4,S62,False,0,1,1,0,13,1,0,0,0,"['B739', 'B251', 'B72', 'B639', 'B92', 'B560', 'B100', 'B585', 'B301', 'B475', 'B589', 'B624', 'B75']",9.5,S37,2.6,13,1,14,0.0,,-0.457649,-13.119322,-13.576971,True,True,36,S39,True,33,4.5674,pickup+onsite,,,,,,,,,,,,,,,,,,,,,,,,,,,,,,,,,,,,,,,,,,,,,,,,,,,,
47,14,10,16,S37,False,13,1,14,0,0,0,1,0,0,['B588'],0.5,S16,1.47,13,2,15,0.0,,-0.360967,-13.137823,-13.498789,True,True,18,S43,True,8,2.1221,do_nothing+depot_removal,,,,,,,,,,,,,,,,,,,,,,,,,,,,,,,,,,,,,,,,,,,,,,,,,,,,
47,14,10,18,S16,False,13,2,15,0,5,0,0,0,0,"['B313', 'B479', 'B533', 'B57', 'B734']",2.5,S12,5.59,18,2,20,0.0,,-0.446601,-13.118368,-13.564969,True,False,24,S12,False,22,3.1347,pickup,,,,,,,,,,,,,,,,,,,,,,,,,,,,,,,,,,,,,,,,,,,,,,,,,,,,
47,14,10,26,S12,False,18,2,20,13,0,0,1,0,0,"['B394', 'B739', 'B251', 'B72', 'B639', 'B92', 'B560', 'B100', 'B585', 'B301', 'B475', 'B589', 'B624', 'B75']",7.0,S39,8.6,5,3,8,0.0,,-0.398929,-13.137498,-13.536427,True,True,30,S43,True,27,3.056,delivery+depot_removal,,,,,,,,,,,,,,,,,,,,,,,,,,,,,,,,,,,,,,,,,,,,,,,,,,,,
47,14,10,41,S39,False,5,3,8,0,12,0,0,0,0,"['B553', 'B32', 'B414', 'B581', 'B270', 'B493', 'B192', 'B596', 'B310', 'B6', 'B573', 'B614']",6.0,S61,3.98,17,3,20,0.0,,-0.409096,-13.140248,-13.549344,False,False,12,S61,False,6,1.2659,pickup,,,,,,,,,,,,,,,,,,,,,,,,,,,,,,,,,,,,,,,,,,,,,,,,,,,,
47,14,10,51,S61,False,17,3,20,9,0,0,0,0,0,"['B313', 'B479', 'B533', 'B57', 'B734', 'B553', 'B32', 'B414', 'B581']",4.5,S51,6.56,8,3,11,0.0,,-0.698529,-13.3592,-14.057728,False,False,18,S51,False,7,1.9147,delivery,,,,,,,,,,,,,,,,,,,,,,,,,,,,,,,,,,,,,,,,,,,,,,,,,,,,
47,14,11,2,S51,False,8,3,11,8,0,0,0,0,0,"['B270', 'B493', 'B192', 'B596', 'B310', 'B6', 'B573', 'B614']",4.0,S44,3.83,0,3,3,0.0,,-0.759988,-13.262857,-14.022845,False,False,12,S63,True,7,1.4298,delivery,,,,,,,,,,,,,,,,,,,,,,,,,,,,,,,,,,,,,,,,,,,,,,,,,,,,
47,14,11,10,S44,False,0,3,3,0,9,0,0,0,0,"['B98', 'B149', 'B252', 'B284', 'B126', 'B653', 'B516', 'B602', 'B459']",4.5,S48,4.46,9,3,12,0.0,,-1.142344,-13.355556,-14.4979,False,False,18,S63,True,16,2.3632,pickup,,,,,,,,,,,,,,,,,,,,,,,,,,,,,,,,,,,,,,,,,,,,,,,,,,,,
47,14,11,19,S48,False,9,3,12,0,8,0,0,0,0,"['B370', 'B173', 'B47', 'B457', 'B452', 'B148', 'B152', 'B468']",4.0,S29,7.68,17,3,20,0.0,,-1.277274,-13.298043,-14.575317,False,False,12,S32,True,6,1.3804,pickup,,,,,,,,,,,,,,,,,,,,,,,,,,,,,,,,,,,,,,,,,,,,,,,,,,,,
47,14,11,31,S29,False,17,3,20,0,0,0,0,0,0,[],0.0,S54,1.43,17,3,20,0.0,,-0.812734,-13.495421,-14.308155,False,False,18,S54,True,0,2.3359,do_nothing,,,,,,,,,,,,,,,,,,,,,,,,,,,,,,,,,,,,,,,,,,,,,,,,,,,,
47,14,11,32,S54,False,17,3,20,12,0,0,0,0,0,"['B98', 'B149', 'B252', 'B284', 'B126', 'B653', 'B516', 'B602', 'B459', 'B370', 'B173', 'B47']",6.0,S52,3.81,5,3,8,0.0,,-0.867711,-13.467947,-14.335658,False,False,18,S32,True,7,2.1889,delivery,,,,,,,,,,,,,,,,,,,,,,,,,,,,,,,,,,,,,,,,,,,,,,,,,,,,
47,14,11,42,S52,False,5,3,8,0,10,0,0,0,0,"['B308', 'B26', 'B290', 'B12', 'B232', 'B53', 'B344', 'B633', 'B130', 'B34']",5.0,S29,5.05,15,3,18,0.0,,-0.650904,-13.342118,-13.993022,False,False,18,S17,True,12,2.2364,pickup,,,,,,,,,,,,,,,,,,,,,,,,,,,,,,,,,,,,,,,,,,,,,,,,,,,,
47,14,11,52,S29,False,15,3,18,15,0,0,0,0,0,"['B457', 'B452', 'B148', 'B152', 'B468', 'B308', 'B26', 'B290', 'B12', 'B232', 'B53', 'B344', 'B633', 'B130', 'B34']",7.5,S63,5.25,0,3,3,0.0,,-0.877413,-13.266598,-14.144011,False,False,12,S63,False,8,1.5154,delivery,,,,,,,,,,,,,,,,,,,,,,,,,,,,,,,,,,,,,,,,,,,,,,,,,,,,
47,14,12,5,S63,False,0,3,3,0,17,0,0,0,0,"['B116', 'B608', 'B114', 'B456', 'B434', 'B620', 'B541', 'B125', 'B542', 'B115', 'B583', 'B163', 'B450', 'B647', 'B466', 'B144', 'B84']",8.5,S17,9.98,17,3,20,0.0,,-0.956333,-13.247208,-14.203541,False,False,18,S17,True,12,2.3715,pickup,,,,,,,,,,,,,,,,,,,,,,,,,,,,,,,,,,,,,,,,,,,,,,,,,,,,
47,14,12,23,S17,False,17,3,20,17,0,0,0,0,0,"['B116', 'B608', 'B114', 'B456', 'B434', 'B620', 'B541', 'B125', 'B542', 'B115', 'B583', 'B163', 'B450', 'B647', 'B466', 'B144', 'B84']",8.5,S66,7.34,0,3,3,0.0,,-1.28507,-13.391729,-14.6768,False,False,12,S66,False,6,1.5789,delivery,,,,,,,,,,,,,,,,,,,,,,,,,,,,,,,,,,,,,,,,,,,,,,,,,,,,
47,14,12,39,S66,False,0,3,3,0,15,1,0,0,0,"['B167', 'B641', 'B628', 'B258', 'B737', 'B147', 'B485', 'B549', 'B202', 'B323', 'B681', 'B388', 'B501', 'B73', 'B336']",10.5,S54,5.58,15,3,18,0.0,,-0.820054,-13.482251,-14.302305,True,True,36,S62,True,20,4.7869,pickup+onsite,,,,,,,,,,,,,,,,,,,,,,,,,,,,,,,,,,,,,,,,,,,,,,,,,,,,
47,14,12,55,S54,False,15,3,18,15,0,0,1,0,0,"['B222', 'B167', 'B641', 'B628', 'B258', 'B737', 'B147', 'B485', 'B549', 'B202', 'B323', 'B681', 'B388', 'B501', 'B73', 'B336']",8.0,S62,2.78,0,4,4,0.0,,-1.374079,-13.375672,-14.749752,True,True,36,S50,True,30,4.5052,delivery+depot_removal,,,,,,,,,,,,,,,,,,,,,,,,,,,,,,,,,,,,,,,,,,,,,,,,,,,,
47,14,13,6,S62,False,0,4,4,0,16,0,0,0,0,"['B694', 'B529', 'B174', 'B763', 'B753', 'B230', 'B400', 'B151', 'B486', 'B162', 'B627', 'B564', 'B618', 'B14', 'B703', 'B607']",8.0,S50,4.95,16,4,20,0.0,,-1.251472,-13.225969,-14.47744,False,False,12,S50,False,6,1.5169,pickup,,,,,,,,,,,,,,,,,,,,,,,,,,,,,,,,,,,,,,,,,,,,,,,,,,,,
47,14,13,19,S50,False,16,4,20,16,0,0,0,0,0,"['B694', 'B529', 'B174', 'B763', 'B753', 'B230', 'B400', 'B151', 'B486', 'B162', 'B627', 'B564', 'B618', 'B14', 'B703', 'B607']",8.0,S19,9.33,0,4,4,0.0,,-1.097021,-13.152327,-14.249348,True,False,24,S18,True,13,2.7621,delivery,,,,,,,,,,,,,,,,,,,,,,,,,,,,,,,,,,,,,,,,,,,,,,,,,,,,
47,14,13,36,S19,False,0,4,4,0,9,0,0,0,0,"['B153', 'B431', 'B497', 'B282', 'B263', 'B472', 'B544', 'B58', 'B555']",4.5,S64,7.77,9,4,13,0.0,,-1.490731,-12.867048,-14.357778,False,False,18,S18,True,16,1.7495,pickup,,,,,,,,,,,,,,,,,,,,,,,,,,,,,,,,,,,,,,,,,,,,,,,,,,,,
47,14,13,49,S64,False,9,4,13,9,0,0,0,0,0,"['B153', 'B431', 'B497', 'B282', 'B263', 'B472', 'B544', 'B58', 'B555']",4.5,S48,7.33,0,4,4,0.0,,-1.877455,-12.910605,-14.78806,False,False,12,S48,False,8,1.1539,delivery,,,,,,,,,,,,,,,,,,,,,,,,,,,,,,,,,,,,,,,,,,,,,,,,,,,,
47,14,14,1,S48,False,0,4,4,0,10,0,0,0,0,"['B515', 'B424', 'B262', 'B563', 'B254', 'B199', 'B748', 'B446', 'B372', 'B266']",5.0,S51,0.84,10,4,14,0.0,,-1.871279,-12.965447,-14.836725,False,False,18,S51,False,12,1.8059,pickup,,,,,,,,,,,,,,,,,,,,,,,,,,,,,,,,,,,,,,,,,,,,,,,,,,,,
47,14,14,6,S51,False,10,4,14,0,6,0,0,0,0,"['B63', 'B572', 'B663', 'B314', 'B47', 'B195']",3.0,S35,8.32,16,4,20,0.0,,-2.010188,-12.928947,-14.939135,False,False,12,S24,True,7,1.1417,pickup,,,,,,,,,,,,,,,,,,,,,,,,,,,,,,,,,,,,,,,,,,,,,,,,,,,,
47,14,14,18,S35,False,16,4,20,16,0,0,1,0,0,"['B672', 'B515', 'B424', 'B262', 'B563', 'B254', 'B199', 'B748', 'B446', 'B372', 'B266', 'B63', 'B572', 'B663', 'B314', 'B47', 'B195']",8.5,S12,9.87,0,5,5,0.0,,-2.279161,-13.029974,-15.309135,True,True,18,S29,True,13,1.7939,delivery+depot_removal,,,,,,,,,,,,,,,,,,,,,,,,,,,,,,,,,,,,,,,,,,,,,,,,,,,,
47,14,14,36,S12,False,0,5,5,0,15,0,0,0,0,"['B624', 'B75', 'B604', 'B387', 'B462', 'B4', 'B712', 'B406', 'B278', 'B221', 'B247', 'B32', 'B418', 'B416', 'B682']",7.5,S54,8.01,15,5,20,0.0,,-2.040651,-13.194218,-15.234869,False,False,12,S54,False,6,1.2594,pickup,,,,,,,,,,,,,,,,,,,,,,,,,,,,,,,,,,,,,,,,,,,,,,,,,,,,
47,14,14,52,S54,False,15,5,20,0,0,0,0,0,0,[],0.0,S55,0.95,15,5,20,0.0,,-2.715109,-13.285581,-16.00069,True,False,18,S55,False,0,2.1254,do_nothing,,,,,,,,,,,,,,,,,,,,,,,,,,,,,,,,,,,,,,,,,,,,,,,,,,,,
47,14,14,53,S55,False,15,5,20,15,0,0,0,0,0,"['B624', 'B75', 'B604', 'B387', 'B462', 'B4', 'B712', 'B406', 'B278', 'B221', 'B247', 'B32', 'B418', 'B416', 'B682']",7.5,S31,6.19,0,5,5,0.0,,-2.347286,-13.2203,-15.567586,False,False,12,S62,True,8,1.4121,delivery,,,,,,,,,,,,,,,,,,,,,,,,,,,,,,,,,,,,,,,,,,,,,,,,,,,,
47,14,15,6,S31,False,0,5,5,0,15,0,0,0,0,"['B313', 'B11', 'B561', 'B243', 'B205', 'B152', 'B26', 'B729', 'B59', 'B167', 'B732', 'B22', 'B80', 'B154', 'B444']",7.5,S42,9.6,15,5,20,0.0,,-1.789762,-13.239809,-15.029571,False,False,12,S39,True,10,1.2456,pickup,,,,,,,,,,,,,,,,,,,,,,,,,,,,,,,,,,,,,,,,,,,,,,,,,,,,
47,14,15,23,S42,False,15,5,20,13,0,0,0,0,0,"['B313', 'B11', 'B561', 'B243', 'B205', 'B152', 'B26', 'B729', 'B59', 'B167', 'B732', 'B22', 'B80']",6.5,S66,9.4,2,5,7,0.0,,-1.478899,-13.260215,-14.739115,False,False,18,S29,True,7,1.7216,delivery,,,,,,,,,,,,,,,,,,,,,,,,,,,,,,,,,,,,,,,,,,,,,,,,,,,,
47,14,15,39,S66,False,2,5,7,0,13,0,0,0,0,"['B633', 'B336', 'B735', 'B549', 'B114', 'B27', 'B55', 'B422', 'B40', 'B584', 'B37', 'B142', 'B700']",6.5,S41,1.41,15,5,20,0.0,,-1.640482,-12.982925,-14.623407,False,False,12,S36,True,10,1.1591,pickup,,,,,,,,,,,,,,,,,,,,,,,,,,,,,,,,,,,,,,,,,,,,,,,,,,,,
47,14,15,47,S41,False,15,5,20,11,0,0,0,0,0,"['B154', 'B444', 'B633', 'B336', 'B735', 'B549', 'B114', 'B27', 'B55', 'B422', 'B40']",5.5,S62,4.25,4,5,9,0.0,,-1.751419,-13.172593,-14.924013,False,False,18,S39,True,10,2.2988,delivery,,,,,,,,,,,,,,,,,,,,,,,,,,,,,,,,,,,,,,,,,,,,,,,,,,,,
47,14,15,57,S62,False,4,5,9,0,11,0,0,0,0,"['B599', 'B291', 'B574', 'B308', 'B601', 'B587', 'B25', 'B524', 'B347', 'B202', 'B742']",5.5,S15,2.79,15,5,20,0.0,,-0.868177,-13.001835,-13.870011,False,False,12,S15,False,6,1.1963,pickup,,,,,,,,,,,,,,,,,,,,,,,,,,,,,,,,,,,,,,,,,,,,,,,,,,,,
47,14,16,5,S15,False,15,5,20,15,0,0,0,0,0,"['B584', 'B37', 'B142', 'B700', 'B599', 'B291', 'B574', 'B308', 'B601', 'B587', 'B25', 'B524', 'B347', 'B202', 'B742']",7.5,S18,4.77,0,5,5,0.0,,-1.244727,-12.954067,-14.198795,False,False,12,S63,True,10,1.287,delivery,,,,,,,,,,,,,,,,,,,,,,,,,,,,,,,,,,,,,,,,,,,,,,,,,,,,
47,14,16,17,S18,False,0,5,5,0,12,0,0,0,0,"['B711', 'B378', 'B123', 'B609', 'B427', 'B433', 'B136', 'B201', 'B86', 'B701', 'B139', 'B367']",6.0,S54,5.81,12,5,17,0.0,,-1.396793,-12.965199,-14.361992,False,False,18,S65,True,14,1.896,pickup,,,,,,,,,,,,,,,,,,,,,,,,,,,,,,,,,,,,,,,,,,,,,,,,,,,,
47,14,16,29,S54,False,12,5,17,12,0,0,1,0,0,"['B620', 'B711', 'B378', 'B123', 'B609', 'B427', 'B433', 'B136', 'B201', 'B86', 'B701', 'B139', 'B367']",6.5,S65,8.42,0,6,6,0.0,,-0.877834,-12.882808,-13.760642,True,True,24,S51,True,20,2.4481,delivery+depot_removal,,,,,,,,,,,,,,,,,,,,,,,,,,,,,,,,,,,,,,,,,,,,,,,,,,,,
47,14,16,44,S65,False,0,6,6,0,14,0,0,0,0,"['B639', 'B120', 'B176', 'B130', 'B143', 'B425', 'B306', 'B715', 'B94', 'B613', 'B678', 'B326', 'B369', 'B531']",7.0,S66,3.09,14,6,20,0.0,,-1.185694,-13.087502,-14.273196,False,False,12,S26,True,7,1.299,pickup,,,,,,,,,,,,,,,,,,,,,,,,,,,,,,,,,,,,,,,,,,,,,,,,,,,,
47,14,16,54,S66,False,14,6,20,14,0,0,0,0,0,"['B639', 'B120', 'B176', 'B130', 'B143', 'B425', 'B306', 'B715', 'B94', 'B613', 'B678', 'B326', 'B369', 'B531']",7.0,S51,7.67,0,6,6,0.0,,-0.829347,-13.019414,-13.848761,False,False,18,S29,True,15,1.9542,delivery,,,,,,,,,,,,,,,,,,,,,,,,,,,,,,,,,,,,,,,,,,,,,,,,,,,,
47,14,17,9,S51,False,0,6,6,0,13,0,0,0,0,"['B434', 'B286', 'B423', 'B233', 'B440', 'B456', 'B385', 'B295', 'B46', 'B28', 'B319', 'B68', 'B519']",6.5,S29,7.57,13,6,19,0.0,,-0.704248,-13.038158,-13.742406,False,False,18,S26,True,14,2.1208,pickup,,,,,,,,,,,,,,,,,,,,,,,,,,,,,,,,,,,,,,,,,,,,,,,,,,,,
47,14,17,23,S29,False,13,6,19,13,0,0,0,0,0,"['B434', 'B286', 'B423', 'B233', 'B440', 'B456', 'B385', 'B295', 'B46', 'B28', 'B319', 'B68', 'B519']",6.5,S22,10.18,0,6,6,0.0,,-0.912727,-12.910598,-13.823325,False,False,12,S35,True,8,1.5821,delivery,,,,,,,,,,,,,,,,,,,,,,,,,,,,,,,,,,,,,,,,,,,,,,,,,,,,
47,14,17,40,S22,False,0,6,6,0,13,1,1,0,0,"['B148', 'B535', 'B229', 'B173', 'B503', 'B543', 'B292', 'B343', 'B105', 'B761', 'B688', 'B42', 'B278', 'B293']",10.0,S35,12.12,13,7,20,0.0,,-1.107265,-13.239058,-14.346323,True,True,72,S13,True,44,7.9949,pickup+maintenance,,,,,,,,,,,,,,,,,,,,,,,,,,,,,,,,,,,,,,,,,,,,,,,,,,,,
47,14,18,2,S35,False,13,7,20,13,0,0,2,0,0,"['B562', 'B258', 'B148', 'B535', 'B229', 'B173', 'B503', 'B543', 'B292', 'B343', 'B105', 'B761', 'B688', 'B42', 'B278']",7.5,S46,5.93,0,9,9,0.0,,-0.439489,-13.143362,-13.582851,True,True,42,S42,True,39,4.5959,delivery+depot_removal,,,,,,,,,,,,,,,,,,,,,,,,,,,,,,,,,,,,,,,,,,,,,,,,,,,,
47,14,18,15,S46,False,0,9,9,0,9,0,0,0,0,"['B675', 'B579', 'B467', 'B335', 'B504', 'B339', 'B726', 'B4', 'B432']",4.5,S19,4.09,9,9,18,0.0,,-0.479478,-13.173959,-13.653437,False,False,18,S55,True,15,1.897,pickup,,,,,,,,,,,,,,,,,,,,,,,,,,,,,,,,,,,,,,,,,,,,,,,,,,,,
47,14,18,24,S19,False,9,9,18,9,0,0,0,0,0,"['B675', 'B579', 'B467', 'B335', 'B504', 'B339', 'B726', 'B4', 'B432']",4.5,S55,6.04,0,9,9,0.0,,-0.293049,-12.967871,-13.26092,False,False,18,S42,True,8,1.7487,delivery,,,,,,,,,,,,,,,,,,,,,,,,,,,,,,,,,,,,,,,,,,,,,,,,,,,,
47,14,18,34,S55,False,0,9,9,0,11,1,0,0,0,"['B316', 'B408', 'B169', 'B363', 'B366', 'B485', 'B714', 'B561', 'B623', 'B436', 'B22']",8.5,S42,4.34,11,9,20,0.0,,-0.409115,-12.790232,-13.199347,True,True,24,S7,True,19,2.3006,pickup+onsite,,,,,,,,,,,,,,,,,,,,,,,,,,,,,,,,,,,,,,,,,,,,,,,,,,,,
47,14,18,47,S42,False,11,9,20,11,0,0,0,0,0,"['B316', 'B408', 'B169', 'B363', 'B366', 'B485', 'B714', 'B561', 'B623', 'B436', 'B22']",5.5,S7,15.17,0,9,9,0.0,,-0.459772,-12.698189,-13.157961,False,False,12,S50,True,9,1.1362,delivery,,,,,,,,,,,,,,,,,,,,,,,,,,,,,,,,,,,,,,,,,,,,,,,,,,,,
47,14,19,8,S7,False,0,9,9,0,11,0,0,0,0,"['B540', 'B550', 'B364', 'B730', 'B65', 'B244', 'B116', 'B113', 'B357', 'B532', 'B741']",5.5,S47,4.32,11,9,20,0.0,,-0.507824,-12.754901,-13.262725,False,False,12,S47,False,6,1.262,pickup,,,,,,,,,,,,,,,,,,,,,,,,,,,,,,,,,,,,,,,,,,,,,,,,,,,,
47,14,19,18,S47,False,11,9,20,11,0,0,0,0,0,"['B540', 'B550', 'B364', 'B730', 'B65', 'B244', 'B116', 'B113', 'B357', 'B532', 'B741']",5.5,S61,3.69,0,9,9,0.0,,-0.460257,-12.747434,-13.207691,False,False,12,S54,True,8,1.2266,delivery,,,,,,,,,,,,,,,,,,,,,,,,,,,,,,,,,,,,,,,,,,,,,,,,,,,,
47,14,19,27,S61,False,0,9,9,0,6,0,0,0,0,"['B728', 'B242', 'B430', 'B208', 'B458', 'B495']",3.0,S23,6.04,6,9,15,0.0,,-0.421188,-12.700995,-13.122183,False,False,18,S48,True,16,1.9049,pickup,,,,,,,,,,,,,,,,,,,,,,,,,,,,,,,,,,,,,,,,,,,,,,,,,,,,
47,14,19,36,S23,False,6,9,15,6,0,0,1,0,0,"['B536', 'B728', 'B242', 'B430', 'B208', 'B458', 'B495']",3.5,S31,5.05,0,10,10,0.0,,-0.323458,-12.588803,-12.912262,True,True,16,S7,True,13,1.4483,delivery+depot_removal,,,,,,,,,,,,,,,,,,,,,,,,,,,,,,,,,,,,,,,,,,,,,,,,,,,,
47,14,19,44,S31,False,0,10,10,0,10,0,0,0,0,"['B31', 'B241', 'B186', 'B743', 'B328', 'B751', 'B498', 'B552', 'B740', 'B177']",5.0,D0,1.48,10,10,20,0.0,,-0.431408,-12.82276,-13.254169,False,False,2,D0,False,1,0.2269,pickup,,,,,,,,,,,,,,,,,,,,,,,,,,,,,,,,,,,,,,,,,,,,,,,,,,,,
47,14,19,51,D0,True,10,10,20,0,0,0,0,10,0,"['B528', 'B588', 'B394', 'B222', 'B672', 'B620', 'B293', 'B562', 'B258', 'B536']",5.0,D0,0.0,10,0,10,0.0,,-0.460996,-12.827818,-13.288815,True,True,1,D0,False,0,0.1193,do_nothing,,,,,,,,,,,,,,,,,,,,,,,,,,,,,,,,,,,,,,,,,,,,,,,,,,,,
47,15,6,11,D0,True,10,0,10,0,0,0,0,0,10,"['B756', 'B580', 'B421', 'B305', 'B507', 'B250', 'B405', 'B547', 'B752', 'B300']",5.0,S51,3.91,20,0,20,0.0,,-2.464552,-13.742616,-16.207168,True,True,5,S51,False,2,0.8802,load_queue,,,,,,,,,,,,,,,,,,,,,,,,,,,,,,,,,,,,,,,,,,,,,,,,,,,,
47,15,6,35,S51,False,20,0,20,18,0,0,0,0,0,"['B31', 'B241', 'B186', 'B743', 'B328', 'B751', 'B498', 'B552', 'B740', 'B177', 'B756', 'B580', 'B421', 'B305', 'B507', 'B250', 'B405', 'B547']",9.0,S52,4.66,2,0,2,0.0,,-1.978509,-13.785257,-15.763766,False,False,18,S43,True,9,1.8411,delivery,,,,,,,,,,,,,,,,,,,,,,,,,,,,,,,,,,,,,,,,,,,,,,,,,,,,
47,15,6,49,S52,False,2,0,2,0,13,0,1,0,0,"['B332', 'B323', 'B72', 'B224', 'B496', 'B185', 'B347', 'B688', 'B160', 'B510', 'B327', 'B167', 'B643', 'B315']",7.0,S41,4.13,15,1,16,0.0,,-1.616956,-13.898443,-15.515399,True,True,36,S58,True,22,3.789,pickup+depot_removal,,,,,,,,,,,,,,,,,,,,,,,,,,,,,,,,,,,,,,,,,,,,,,,,,,,,
47,15,7,0,S41,False,15,1,16,0,0,0,0,0,0,[],0.0,S65,2.23,15,1,16,0.0,,-1.46505,-13.874331,-15.339381,False,False,12,S46,True,1,1.9555,do_nothing,,,,,,,,,,,,,,,,,,,,,,,,,,,,,,,,,,,,,,,,,,,,,,,,,,,,
47,15,7,2,S65,False,15,1,16,15,0,0,0,0,0,"['B752', 'B300', 'B332', 'B323', 'B72', 'B224', 'B496', 'B185', 'B347', 'B688', 'B160', 'B510', 'B327', 'B167', 'B643']",7.5,S55,9.08,0,1,1,0.0,,-1.152223,-13.843417,-14.99564,False,False,12,S45,True,7,1.9768,delivery,,,,,,,,,,,,,,,,,,,,,,,,,,,,,,,,,,,,,,,,,,,,,,,,,,,,
47,15,7,18,S55,False,0,1,1,0,16,0,0,0,0,"['B49', 'B568', 'B7', 'B617', 'B261', 'B616', 'B131', 'B674', 'B154', 'B109', 'B745', 'B604', 'B371', 'B482', 'B515', 'B732']",8.0,S26,6.67,16,1,17,0.0,,-1.253659,-13.822897,-15.076556,False,False,18,S59,True,8,1.9367,pickup,,,,,,,,,,,,,,,,,,,,,,,,,,,,,,,,,,,,,,,,,,,,,,,,,,,,
47,15,7,33,S26,False,16,1,17,16,0,0,0,0,0,"['B49', 'B568', 'B7', 'B617', 'B261', 'B616', 'B131', 'B674', 'B154', 'B109', 'B745', 'B604', 'B371', 'B482', 'B515', 'B732']",8.0,S54,5.73,0,1,1,0.0,,-1.282998,-13.571465,-14.854463,False,False,12,S45,True,7,1.9067,delivery,,,,,,,,,,,,,,,,,,,,,,,,,,,,,,,,,,,,,,,,,,,,,,,,,,,,
47,15,7,47,S54,False,0,1,1,0,15,0,0,0,0,"['B428', 'B309', 'B587', 'B340', 'B45', 'B529', 'B464', 'B558', 'B432', 'B629', 'B44', 'B493', 'B60', 'B423', 'B764']",7.5,S66,5.58,15,1,16,0.0,,-1.16571,-13.59022,-14.755929,False,False,18,S59,True,8,1.9272,pickup,,,,,,,,,,,,,,,,,,,,,,,,,,,,,,,,,,,,,,,,,,,,,,,,,,,,
47,15,8,0,S66,False,15,1,16,12,0,0,0,0,0,"['B428', 'B309', 'B587', 'B340', 'B45', 'B529', 'B464', 'B558', 'B432', 'B629', 'B44', 'B493']",6.0,S59,2.96,3,1,4,0.0,,-1.064625,-13.556226,-14.620851,False,False,18,S46,True,6,2.6076,delivery,,,,,,,,,,,,,,,,,,,,,,,,,,,,,,,,,,,,,,,,,,,,,,,,,,,,
47,15,8,9,S59,False,3,1,4,0,16,0,0,0,0,"['B303', 'B2', 'B391', 'B342', 'B696', 'B634', 'B662', 'B191', 'B189', 'B121', 'B475', 'B559', 'B655', 'B29', 'B441', 'B304']",8.0,S31,2.6,19,1,20,0.0,,-1.113437,-13.49272,-14.606157,False,False,12,S30,True,6,2.1434,pickup,,,,,,,,,,,,,,,,,,,,,,,,,,,,,,,,,,,,,,,,,,,,,,,,,,,,
47,15,8,19,S31,False,19,1,20,19,0,0,0,0,0,"['B60', 'B423', 'B764', 'B303', 'B2', 'B391', 'B342', 'B696', 'B634', 'B662', 'B191', 'B189', 'B121', 'B475', 'B559', 'B655', 'B29', 'B441', 'B304']",9.5,S16,3.96,0,1,1,0.0,,-0.728448,-13.364979,-14.093427,False,False,12,S8,True,9,2.1351,delivery,,,,,,,,,,,,,,,,,,,,,,,,,,,,,,,,,,,,,,,,,,,,,,,,,,,,
47,15,8,33,S16,False,0,1,1,0,8,0,2,0,0,"['B501', 'B535', 'B726', 'B242', 'B377', 'B38', 'B458', 'B255', 'B725', 'B411']",5.0,S22,8.42,8,3,11,0.0,,-0.759905,-13.221502,-13.981407,True,True,54,S8,True,32,7.5733,pickup+depot_removal,,,,,,,,,,,,,,,,,,,,,,,,,,,,,,,,,,,,,,,,,,,,,,,,,,,,
47,15,8,46,S22,False,8,3,11,8,0,0,0,0,0,"['B501', 'B535', 'B726', 'B242', 'B377', 'B38', 'B458', 'B255']",4.0,S51,11.78,0,3,3,0.0,,-0.703777,-13.195891,-13.899668,False,False,12,S51,False,9,1.9602,delivery,,,,,,,,,,,,,,,,,,,,,,,,,,,,,,,,,,,,,,,,,,,,,,,,,,,,
47,15,9,2,S51,False,0,3,3,0,9,0,0,0,0,"['B580', 'B421', 'B305', 'B507', 'B250', 'B405', 'B547', 'B540', 'B733']",4.5,S49,7.18,9,3,12,0.0,,-0.586295,-13.157637,-13.743932,False,False,18,S49,False,12,2.3891,pickup,,,,,,,,,,,,,,,,,,,,,,,,,,,,,,,,,,,,,,,,,,,,,,,,,,,,
47,15,9,14,S49,False,9,3,12,0,8,0,0,0,0,"['B657', 'B212', 'B249', 'B180', 'B112', 'B470', 'B226', 'B608']",4.0,S30,3.29,17,3,20,0.0,,-0.538348,-13.085065,-13.623412,False,False,12,S30,False,7,2.6383,pickup,,,,,,,,,,,,,,,,,,,,,,,,,,,,,,,,,,,,,,,,,,,,,,,,,,,,
47,15,9,21,S30,False,17,3,20,8,0,2,1,0,0,"['B442', 'B580', 'B421', 'B305', 'B507', 'B250', 'B405', 'B547', 'B540']",10.5,S54,7.41,9,4,13,0.0,,-0.402005,-13.097197,-13.499202,True,True,120,S53,True,55,13.5218,delivery+maintenance,,,,,,,,,,,,,,,,,,,,,,,,,,,,,,,,,,,,,,,,,,,,,,,,,,,,
47,15,9,39,S54,False,9,4,13,0,7,0,0,0,0,"['B502', 'B228', 'B527', 'B504', 'B232', 'B550', 'B729']",3.5,S53,2.46,16,4,20,0.0,,-0.488431,-13.189369,-13.677801,False,False,12,S53,False,6,1.4623,pickup,,,,,,,,,,,,,,,,,,,,,,,,,,,,,,,,,,,,,,,,,,,,,,,,,,,,
47,15,9,45,S53,False,16,4,20,16,0,1,0,0,0,"['B733', 'B657', 'B212', 'B249', 'B180', 'B112', 'B470', 'B226', 'B608', 'B502', 'B228', 'B527', 'B504', 'B232', 'B550', 'B729']",11.0,S63,1.49,0,4,4,0.0,,-0.340475,-13.186687,-13.527163,True,True,24,S54,True,19,3.5281,delivery+onsite,,,,,,,,,,,,,,,,,,,,,,,,,,,,,,,,,,,,,,,,,,,,,,,,,,,,
47,15,9,57,S63,False,0,4,4,0,14,0,1,0,0,"['B179', 'B108', 'B563', 'B271', 'B679', 'B435', 'B295', 'B107', 'B134', 'B541', 'B352', 'B204', 'B306', 'B384', 'B53']",7.5,S22,8.69,14,5,19,0.0,,-0.439267,-13.12671,-13.565977,True,True,36,S58,True,22,4.8033,pickup+depot_removal,,,,,,,,,,,,,,,,,,,,,,,,,,,,,,,,,,,,,,,,,,,,,,,,,,,,
47,15,10,14,S22,False,14,5,19,14,0,0,0,0,0,"['B179', 'B108', 'B563', 'B271', 'B679', 'B435', 'B295', 'B107', 'B134', 'B541', 'B352', 'B204', 'B306', 'B384']",7.0,S46,9.54,0,5,5,0.0,,-0.486789,-13.322581,-13.809369,False,False,18,S28,True,12,1.9534,delivery,,,,,,,,,,,,,,,,,,,,,,,,,,,,,,,,,,,,,,,,,,,,,,,,,,,,
47,15,10,30,S46,False,0,5,5,0,15,0,0,0,0,"['B199', 'B89', 'B452', 'B13', 'B76', 'B420', 'B518', 'B285', 'B755', 'B378', 'B702', 'B241', 'B546', 'B65', 'B344']",7.5,S24,10.36,15,5,20,0.0,,-0.418207,-13.283751,-13.701958,False,False,12,S62,True,6,1.6005,pickup,,,,,,,,,,,,,,,,,,,,,,,,,,,,,,,,,,,,,,,,,,,,,,,,,,,,
47,15,10,48,S24,False,15,5,20,14,0,0,0,0,0,"['B199', 'B89', 'B452', 'B13', 'B76', 'B420', 'B518', 'B285', 'B755', 'B378', 'B702', 'B241', 'B546', 'B65']",7.0,S62,7.61,1,5,6,0.0,,-0.359611,-13.352882,-13.712494,False,False,18,S28,True,12,2.1349,delivery,,,,,,,,,,,,,,,,,,,,,,,,,,,,,,,,,,,,,,,,,,,,,,,,,,,,
47,15,11,3,S62,False,1,5,6,0,12,0,0,0,0,"['B574', 'B58', 'B601', 'B648', 'B508', 'B549', 'B388', 'B190', 'B3', 'B339', 'B499', 'B742']",6.0,S34,2.8,13,5,18,0.0,,-0.264093,-13.50208,-13.766173,False,False,18,S1,True,12,1.8952,pickup,,,,,,,,,,,,,,,,,,,,,,,,,,,,,,,,,,,,,,,,,,,,,,,,,,,,
47,15,11,11,S34,False,13,5,18,13,0,1,0,0,0,"['B344', 'B574', 'B58', 'B601', 'B648', 'B508', 'B549', 'B388', 'B190', 'B3', 'B339', 'B499', 'B742']",9.5,S50,2.99,0,5,5,0.0,,-0.494915,-13.417034,-13.911948,True,True,24,S3,True,20,2.7751,delivery+onsite,,,,,,,,,,,,,,,,,,,,,,,,,,,,,,,,,,,,,,,,,,,,,,,,,,,,
47,15,11,24,S50,False,0,5,5,0,14,1,0,0,0,"['B443', 'B173', 'B148', 'B364', 'B722', 'B156', 'B181', 'B115', 'B329', 'B104', 'B413', 'B469', 'B603', 'B458']",10.0,S29,1.29,14,5,19,0.0,,-0.711682,-13.508767,-14.220449,True,True,36,S35,True,18,3.785,pickup+onsite,,,,,,,,,,,,,,,,,,,,,,,,,,,,,,,,,,,,,,,,,,,,,,,,,,,,
47,15,11,35,S29,False,14,5,19,0,0,0,0,0,0,[],0.0,S28,13.05,14,5,19,0.0,,-0.565934,-13.359329,-13.925263,False,False,18,S28,True,2,1.9616,do_nothing,,,,,,,,,,,,,,,,,,,,,,,,,,,,,,,,,,,,,,,,,,,,,,,,,,,,
47,15,11,48,S28,False,14,5,19,14,0,0,0,0,0,"['B443', 'B173', 'B148', 'B364', 'B722', 'B156', 'B181', 'B115', 'B329', 'B104', 'B413', 'B469', 'B603', 'B458']",7.0,S35,14.76,0,5,5,0.0,,-0.722293,-13.409231,-14.131524,False,False,12,S3,True,7,1.3509,delivery,,,,,,,,,,,,,,,,,,,,,,,,,,,,,,,,,,,,,,,,,,,,,,,,,,,,
47,15,12,10,S35,False,0,5,5,0,6,0,0,0,0,"['B649', 'B261', 'B23', 'B760', 'B669', 'B33']",3.0,S66,8.23,6,5,11,0.0,,-0.955432,-13.525075,-14.480507,False,False,18,S13,True,8,1.8602,pickup,,,,,,,,,,,,,,,,,,,,,,,,,,,,,,,,,,,,,,,,,,,,,,,,,,,,
47,15,12,21,S66,False,6,5,11,0,9,0,0,0,0,"['B44', 'B493', 'B14', 'B438', 'B637', 'B291', 'B412', 'B314', 'B18']",4.5,S29,6.29,15,5,20,0.0,,-1.099928,-13.625315,-14.725242,False,False,12,S18,True,6,1.1752,pickup,,,,,,,,,,,,,,,,,,,,,,,,,,,,,,,,,,,,,,,,,,,,,,,,,,,,
47,15,12,32,S29,False,15,5,20,15,0,0,0,0,0,"['B649', 'B261', 'B23', 'B760', 'B669', 'B33', 'B44', 'B493', 'B14', 'B438', 'B637', 'B291', 'B412', 'B314', 'B18']",7.5,S58,6.9,0,5,5,0.0,,-0.965635,-13.386983,-14.352618,False,False,12,S15,True,10,1.5329,delivery,,,,,,,,,,,,,,,,,,,,,,,,,,,,,,,,,,,,,,,,,,,,,,,,,,,,
47,15,12,46,S58,False,0,5,5,0,13,0,1,0,0,"['B422', 'B282', 'B213', 'B467', 'B333', 'B123', 'B503', 'B560', 'B749', 'B480', 'B263', 'B410', 'B551', 'B468']",7.0,S18,1.59,13,6,19,0.0,,-1.071436,-13.282294,-14.35373,True,True,30,S54,True,26,4.2279,pickup+depot_removal,,,,,,,,,,,,,,,,,,,,,,,,,,,,,,,,,,,,,,,,,,,,,,,,,,,,
47,15,12,55,S18,False,13,6,19,10,0,0,0,0,0,"['B422', 'B282', 'B213', 'B467', 'B333', 'B123', 'B503', 'B560', 'B749', 'B480']",5.0,S51,6.05,3,6,9,0.0,,-1.017693,-13.314373,-14.332067,False,False,18,S54,True,8,2.472,delivery,,,,,,,,,,,,,,,,,,,,,,,,,,,,,,,,,,,,,,,,,,,,,,,,,,,,
47,15,13,6,S51,False,3,6,9,0,8,0,0,0,0,"['B254', 'B476', 'B244', 'B431', 'B486', 'B619', 'B113', 'B625']",4.0,S15,8.59,11,6,17,0.0,,-1.157874,-13.388707,-14.546581,False,False,18,S15,False,8,1.8217,pickup,,,,,,,,,,,,,,,,,,,,,,,,,,,,,,,,,,,,,,,,,,,,,,,,,,,,
47,15,13,19,S15,False,11,6,17,11,0,0,0,0,0,"['B263', 'B410', 'B551', 'B254', 'B476', 'B244', 'B431', 'B486', 'B619', 'B113', 'B625']",5.5,S62,2.79,0,6,6,0.0,,-1.205993,-13.332281,-14.538274,False,False,12,S62,False,10,1.1443,delivery,,,,,,,,,,,,,,,,,,,,,,,,,,,,,,,,,,,,,,,,,,,,,,,,,,,,
47,15,13,27,S62,False,0,6,6,0,13,0,0,0,0,"['B245', 'B531', 'B587', 'B332', 'B108', 'B392', 'B575', 'B719', 'B572', 'B655', 'B360', 'B441', 'B180']",6.5,S26,5.52,13,6,19,0.0,,-0.959586,-13.276898,-14.236484,False,False,18,S5,True,6,1.8011,pickup,,,,,,,,,,,,,,,,,,,,,,,,,,,,,,,,,,,,,,,,,,,,,,,,,,,,
47,15,13,39,S26,False,13,6,19,13,0,0,0,0,0,"['B245', 'B531', 'B587', 'B332', 'B108', 'B392', 'B575', 'B719', 'B572', 'B655', 'B360', 'B441', 'B180']",6.5,S65,6.43,0,6,6,0.0,,-1.439412,-13.05978,-14.499192,False,False,12,S19,True,6,1.3127,delivery,,,,,,,,,,,,,,,,,,,,,,,,,,,,,,,,,,,,,,,,,,,,,,,,,,,,
47,15,13,52,S65,False,0,6,6,0,12,0,0,0,0,"['B617', 'B303', 'B323', 'B4', 'B679', 'B11', 'B69', 'B703', 'B443', 'B173', 'B148', 'B454']",6.0,S53,7.96,12,6,18,0.0,,-2.050878,-13.190628,-15.241506,False,False,18,S5,True,7,2.0821,pickup,,,,,,,,,,,,,,,,,,,,,,,,,,,,,,,,,,,,,,,,,,,,,,,,,,,,
47,15,14,6,S53,False,12,6,18,12,0,0,0,0,0,"['B617', 'B303', 'B323', 'B4', 'B679', 'B11', 'B69', 'B703', 'B443', 'B173', 'B148', 'B454']",6.0,S66,4.87,0,6,6,0.0,,-1.45259,-13.155515,-14.608105,False,False,12,S44,True,10,1.4755,delivery,,,,,,,,,,,,,,,,,,,,,,,,,,,,,,,,,,,,,,,,,,,,,,,,,,,,
47,15,14,17,S66,False,0,6,6,0,12,0,0,0,0,"['B342', 'B96', 'B344', 'B764', 'B673', 'B154', 'B122', 'B227', 'B138', 'B746', 'B34', 'B176']",6.0,S35,8.23,12,6,18,0.0,,-1.162012,-13.011774,-14.173786,False,False,18,S13,True,14,1.8018,pickup,,,,,,,,,,,,,,,,,,,,,,,,,,,,,,,,,,,,,,,,,,,,,,,,,,,,
47,15,14,31,S35,False,12,6,18,12,0,0,0,0,0,"['B342', 'B96', 'B344', 'B764', 'B673', 'B154', 'B122', 'B227', 'B138', 'B746', 'B34', 'B176']",6.0,S13,16.28,0,6,6,0.0,,-1.191849,-13.140909,-14.332758,False,False,12,S43,True,9,1.192,delivery,,,,,,,,,,,,,,,,,,,,,,,,,,,,,,,,,,,,,,,,,,,,,,,,,,,,
47,15,14,53,S13,False,0,6,6,0,14,0,0,0,0,"['B36', 'B459', 'B355', 'B494', 'B82', 'B302', 'B612', 'B600', 'B57', 'B126', 'B229', 'B276', 'B640', 'B110']",7.0,S43,12.6,14,6,20,0.0,,-1.168315,-13.000395,-14.16871,False,False,12,S63,True,6,1.4458,pickup,,,,,,,,,,,,,,,,,,,,,,,,,,,,,,,,,,,,,,,,,,,,,,,,,,,,
47,15,15,13,S43,False,14,6,20,14,0,0,0,0,0,"['B36', 'B459', 'B355', 'B494', 'B82', 'B302', 'B612', 'B600', 'B57', 'B126', 'B229', 'B276', 'B640', 'B110']",7.0,S58,1.78,0,6,6,0.0,,-0.759636,-12.926093,-13.685729,True,False,18,S58,True,6,2.6329,delivery,,,,,,,,,,,,,,,,,,,,,,,,,,,,,,,,,,,,,,,,,,,,,,,,,,,,
47,15,15,22,S58,False,0,6,6,0,14,0,0,0,0,"['B78', 'B301', 'B193', 'B446', 'B676', 'B300', 'B585', 'B733', 'B657', 'B133', 'B695', 'B568', 'B369', 'B510']",7.0,S17,10.37,14,6,20,0.0,,-0.711753,-12.977028,-13.68878,False,False,12,S26,True,7,1.7873,pickup,,,,,,,,,,,,,,,,,,,,,,,,,,,,,,,,,,,,,,,,,,,,,,,,,,,,
47,15,15,39,S17,False,14,6,20,14,0,0,1,0,0,"['B613', 'B78', 'B301', 'B193', 'B446', 'B676', 'B300', 'B585', 'B733', 'B657', 'B133', 'B695', 'B568', 'B369', 'B510']",7.5,S44,9.71,0,7,7,0.0,,-0.962929,-12.897069,-13.859998,True,True,18,S22,True,13,2.9629,delivery+depot_removal,,,,,,,,,,,,,,,,,,,,,,,,,,,,,,,,,,,,,,,,,,,,,,,,,,,,
47,15,15,56,S44,False,0,7,7,0,10,1,1,0,0,"['B532', 'B129', 'B680', 'B216', 'B85', 'B646', 'B529', 'B750', 'B232', 'B160', 'B9']",8.5,S26,7.72,10,8,18,0.0,,-0.798215,-13.069137,-13.867352,True,True,72,S16,True,68,8.7921,pickup+maintenance,,,,,,,,,,,,,,,,,,,,,,,,,,,,,,,,,,,,,,,,,,,,,,,,,,,,
47,15,16,12,S26,False,10,8,18,10,0,0,1,0,0,"['B27', 'B532', 'B129', 'B680', 'B216', 'B85', 'B646', 'B529', 'B750', 'B232', 'B160']",5.5,S22,7.39,0,9,9,0.0,,-1.212201,-13.059601,-14.271802,True,True,24,S22,False,19,2.9172,delivery+depot_removal,,,,,,,,,,,,,,,,,,,,,,,,,,,,,,,,,,,,,,,,,,,,,,,,,,,,
47,15,16,25,S22,False,0,9,9,0,11,0,0,0,0,"['B596', 'B693', 'B146', 'B362', 'B496', 'B1', 'B573', 'B265', 'B332', 'B727', 'B329']",5.5,S46,9.54,11,9,20,0.0,,-1.206143,-13.084669,-14.290813,False,False,12,S43,True,7,1.4055,pickup,,,,,,,,,,,,,,,,,,,,,,,,,,,,,,,,,,,,,,,,,,,,,,,,,,,,
47,15,16,40,S46,False,11,9,20,11,0,0,0,0,0,"['B596', 'B693', 'B146', 'B362', 'B496', 'B1', 'B573', 'B265', 'B332', 'B727', 'B329']",5.5,S20,12.58,0,9,9,0.0,,-0.98956,-13.004126,-13.993686,False,False,12,S43,True,7,1.4788,delivery,,,,,,,,,,,,,,,,,,,,,,,,,,,,,,,,,,,,,,,,,,,,,,,,,,,,
47,15,16,58,S20,False,0,9,9,0,11,0,0,0,0,"['B75', 'B29', 'B304', 'B19', 'B408', 'B740', 'B327', 'B74', 'B322', 'B259', 'B281']",5.5,S54,12.09,11,9,20,0.0,,-1.065847,-13.096533,-14.16238,True,False,18,S19,True,14,2.4048,pickup,,,,,,,,,,,,,,,,,,,,,,,,,,,,,,,,,,,,,,,,,,,,,,,,,,,,
47,15,17,16,S54,False,11,9,20,11,0,0,0,0,0,"['B75', 'B29', 'B304', 'B19', 'B408', 'B740', 'B327', 'B74', 'B322', 'B259', 'B281']",5.5,S42,4.21,0,9,9,0.0,,-0.478395,-12.91626,-13.394655,False,False,12,S66,True,7,1.4145,delivery,,,,,,,,,,,,,,,,,,,,,,,,,,,,,,,,,,,,,,,,,,,,,,,,,,,,
47,15,17,26,S42,False,0,9,9,0,11,1,0,0,0,"['B132', 'B24', 'B465', 'B642', 'B386', 'B500', 'B191', 'B453', 'B764', 'B98', 'B142']",8.5,S27,7.93,11,9,20,0.0,,-0.236167,-12.816719,-13.052885,True,True,36,S27,False,18,4.3325,pickup+onsite,,,,,,,,,,,,,,,,,,,,,,,,,,,,,,,,,,,,,,,,,,,,,,,,,,,,
47,15,17,42,S27,False,11,9,20,11,0,1,0,0,0,"['B132', 'B24', 'B465', 'B642', 'B386', 'B500', 'B191', 'B453', 'B764', 'B98', 'B142']",8.5,S66,1.91,0,9,9,0.0,,-0.607708,-12.991019,-13.598727,True,True,24,S66,False,18,2.2619,delivery+onsite,,,,,,,,,,,,,,,,,,,,,,,,,,,,,,,,,,,,,,,,,,,,,,,,,,,,
47,15,17,53,S66,False,0,9,9,0,11,0,0,0,0,"['B233', 'B440', 'B414', 'B25', 'B31', 'B250', 'B51', 'B533', 'B697', 'B213', 'B73']",5.5,S49,3.26,11,9,20,0.0,,-0.569637,-12.910799,-13.480436,False,False,12,S49,False,6,1.3301,pickup,,,,,,,,,,,,,,,,,,,,,,,,,,,,,,,,,,,,,,,,,,,,,,,,,,,,
47,15,18,1,S49,False,11,9,20,11,0,0,1,0,0,"['B298', 'B233', 'B440', 'B414', 'B25', 'B31', 'B250', 'B51', 'B533', 'B697', 'B213', 'B73']",6.0,S35,10.69,0,10,10,0.0,,-0.3048,-12.850017,-13.154817,True,True,18,S60,True,14,1.7159,delivery+depot_removal,,,,,,,,,,,,,,,,,,,,,,,,,,,,,,,,,,,,,,,,,,,,,,,,,,,,
47,15,18,18,S35,False,0,10,10,0,10,0,0,0,0,"['B345', 'B89', 'B228', 'B357', 'B452', 'B175', 'B335', 'B420', 'B539', 'B729']",5.0,S6,12.74,10,10,20,0.0,,-0.361491,-12.833952,-13.195442,False,False,12,S45,True,7,1.1978,pickup,,,,,,,,,,,,,,,,,,,,,,,,,,,,,,,,,,,,,,,,,,,,,,,,,,,,
47,15,18,36,S6,False,10,10,20,0,0,0,0,0,0,[],0.0,S39,11.34,10,10,20,0.0,,-0.24417,-12.432792,-12.676962,False,False,12,S21,True,4,1.0956,do_nothing,,,,,,,,,,,,,,,,,,,,,,,,,,,,,,,,,,,,,,,,,,,,,,,,,,,,
47,15,18,47,S39,False,10,10,20,10,0,0,0,0,0,"['B345', 'B89', 'B228', 'B357', 'B452', 'B175', 'B335', 'B420', 'B539', 'B729']",5.0,S19,8.33,0,10,10,0.0,,-0.24536,-12.386829,-12.632189,False,False,12,S21,True,9,1.3847,delivery,,,,,,,,,,,,,,,,,,,,,,,,,,,,,,,,,,,,,,,,,,,,,,,,,,,,
47,15,19,0,S19,False,0,10,10,0,8,0,0,0,0,"['B40', 'B120', 'B719', 'B602', 'B57', 'B643', 'B630', 'B718']",4.0,S56,6.24,8,10,18,0.0,,-0.205731,-12.394267,-12.599997,False,False,18,S9,True,9,1.9754,pickup,,,,,,,,,,,,,,,,,,,,,,,,,,,,,,,,,,,,,,,,,,,,,,,,,,,,
47,15,19,11,S56,False,8,10,18,8,0,1,0,0,0,"['B40', 'B120', 'B719', 'B602', 'B57', 'B643', 'B630', 'B718']",7.0,S59,7.49,0,10,10,0.0,,-0.157162,-12.412477,-12.569639,True,True,24,S9,True,18,2.6568,delivery+onsite,,,,,,,,,,,,,,,,,,,,,,,,,,,,,,,,,,,,,,,,,,,,,,,,,,,,
47,15,19,25,S59,False,0,10,10,0,10,0,0,0,0,"['B247', 'B153', 'B165', 'B158', 'B367', 'B30', 'B252', 'B35', 'B236', 'B127']",5.0,S52,2.59,10,10,20,0.0,,-0.313084,-12.341402,-12.654486,False,False,12,S36,True,8,1.1434,pickup,,,,,,,,,,,,,,,,,,,,,,,,,,,,,,,,,,,,,,,,,,,,,,,,,,,,
47,15,19,33,S52,False,10,10,20,10,0,0,0,0,0,"['B247', 'B153', 'B165', 'B158', 'B367', 'B30', 'B252', 'B35', 'B236', 'B127']",5.0,S62,1.55,0,10,10,0.0,,-0.323305,-12.831841,-13.155146,False,False,10,S9,True,5,1.1228,delivery,,,,,,,,,,,,,,,,,,,,,,,,,,,,,,,,,,,,,,,,,,,,,,,,,,,,
47,15,19,39,S62,False,0,10,10,0,10,0,0,0,0,"['B674', 'B137', 'B691', 'B271', 'B567', 'B653', 'B164', 'B121', 'B352', 'B36']",5.0,S54,2.78,10,10,20,0.0,,-0.205238,-12.782926,-12.988164,True,False,10,D0,True,7,1.0513,pickup,,,,,,,,,,,,,,,,,,,,,,,,,,,,,,,,,,,,,,,,,,,,,,,,,,,,
47,15,19,47,S54,False,10,10,20,10,0,1,0,0,0,"['B674', 'B137', 'B691', 'B271', 'B567', 'B653', 'B164', 'B121', 'B352', 'B36']",8.0,D0,1.95,0,10,10,0.0,,-0.292995,-12.967692,-13.260687,True,True,4,D0,False,3,0.4434,delivery+onsite,,,,,,,,,,,,,,,,,,,,,,,,,,,,,,,,,,,,,,,,,,,,,,,,,,,,
47,15,19,57,D0,True,0,10,10,0,0,0,0,10,14,"['B687', 'B54', 'B141', 'B145', 'B528', 'B588', 'B394', 'B222', 'B672', 'B620', 'B293', 'B562', 'B258', 'B536', 'B315', 'B725', 'B411', 'B442', 'B53', 'B468', 'B613', 'B9', 'B27', 'B298']",12.0,D0,0.0,14,0,14,0.0,,-0.272755,-12.902784,-13.175539,True,True,1,D0,False,0,0.1193,do_nothing,,,,,,,,,,,,,,,,,,,,,,,,,,,,,,,,,,,,,,,,,,,,,,,,,,,,
47,16,6,9,D0,True,14,0,14,0,0,0,0,0,0,[],0.0,S40,0.66,14,0,14,0.0,,-3.14989,-13.93293,-17.08282,True,True,5,S40,False,0,0.5052,depot_passthrough,,,,,,,,,,,,,,,,,,,,,,,,,,,,,,,,,,,,,,,,,,,,,,,,,,,,
47,16,6,25,S40,False,14,0,14,0,0,1,0,0,0,[],3.0,S65,6.32,14,0,14,0.0,,-3.140568,-13.951054,-17.091622,True,True,36,S52,True,9,3.658,do_nothing+onsite,,,,,,,,,,,,,,,,,,,,,,,,,,,,,,,,,,,,,,,,,,,,,,,,,,,,
47,16,6,34,S65,False,14,0,14,14,0,0,0,0,0,"['B687', 'B54', 'B141', 'B145', 'B528', 'B588', 'B394', 'B222', 'B672', 'B620', 'B293', 'B562', 'B258', 'B536']",7.0,S52,6.18,0,0,0,0.0,,-2.840737,-13.504339,-16.345076,False,False,12,S52,False,10,1.2973,delivery,,,,,,,,,,,,,,,,,,,,,,,,,,,,,,,,,,,,,,,,,,,,,,,,,,,,
47,16,6,47,S52,False,0,0,0,0,15,0,0,0,0,"['B323', 'B247', 'B153', 'B165', 'B158', 'B367', 'B30', 'B252', 'B35', 'B236', 'B127', 'B654', 'B269', 'B759', 'B638']",7.5,S66,3.13,15,0,15,0.0,,-2.431259,-13.460504,-15.891763,False,False,18,S39,True,8,1.7046,pickup,,,,,,,,,,,,,,,,,,,,,,,,,,,,,,,,,,,,,,,,,,,,,,,,,,,,
47,16,6,58,S66,False,15,0,15,15,0,0,0,0,0,"['B323', 'B247', 'B153', 'B165', 'B158', 'B367', 'B30', 'B252', 'B35', 'B236', 'B127', 'B654', 'B269', 'B759', 'B638']",7.5,S54,5.58,0,0,0,0.0,,-1.570583,-13.437422,-15.008005,False,False,12,S44,True,9,1.4515,delivery,,,,,,,,,,,,,,,,,,,,,,,,,,,,,,,,,,,,,,,,,,,,,,,,,,,,
47,16,7,11,S54,False,0,0,0,0,18,0,0,0,0,"['B488', 'B401', 'B723', 'B355', 'B333', 'B700', 'B195', 'B172', 'B186', 'B192', 'B116', 'B396', 'B649', 'B561', 'B271', 'B349', 'B755', 'B474']",9.0,S51,6.18,18,0,18,0.0,,-1.378538,-13.370965,-14.749503,False,False,18,S39,True,15,2.568,pickup,,,,,,,,,,,,,,,,,,,,,,,,,,,,,,,,,,,,,,,,,,,,,,,,,,,,
47,16,7,26,S51,False,18,0,18,15,0,0,1,0,0,"['B103', 'B488', 'B401', 'B723', 'B355', 'B333', 'B700', 'B195', 'B172', 'B186', 'B192', 'B116', 'B396', 'B649', 'B561', 'B271']",8.0,S36,1.89,3,1,4,0.0,,-1.265241,-13.239094,-14.504336,True,True,36,S36,False,30,4.3817,delivery+depot_removal,,,,,,,,,,,,,,,,,,,,,,,,,,,,,,,,,,,,,,,,,,,,,,,,,,,,
47,16,7,36,S36,False,3,1,4,0,13,0,0,0,0,"['B569', 'B210', 'B554', 'B534', 'B391', 'B550', 'B159', 'B151', 'B406', 'B115', 'B400', 'B104', 'B146']",6.5,S12,3.39,16,1,17,0.0,,-0.831413,-13.465833,-14.297246,False,False,18,S48,True,12,2.2752,pickup,,,,,,,,,,,,,,,,,,,,,,,,,,,,,,,,,,,,,,,,,,,,,,,,,,,,
47,16,7,46,S12,False,16,1,17,16,0,0,0,0,0,"['B349', 'B755', 'B474', 'B569', 'B210', 'B554', 'B534', 'B391', 'B550', 'B159', 'B151', 'B406', 'B115', 'B400', 'B104', 'B146']",8.0,S63,5.44,0,1,1,0.0,,-0.946606,-13.325935,-14.27254,True,False,24,S45,True,12,3.395,delivery,,,,,,,,,,,,,,,,,,,,,,,,,,,,,,,,,,,,,,,,,,,,,,,,,,,,
47,16,7,59,S63,False,0,1,1,0,16,0,0,0,0,"['B686', 'B681', 'B518', 'B563', 'B461', 'B18', 'B266', 'B701', 'B32', 'B295', 'B431', 'B40', 'B60', 'B643', 'B259', 'B712']",8.0,S15,5.25,16,1,17,0.0,,-0.73337,-13.312927,-14.046297,False,False,18,S34,True,7,2.2088,pickup,,,,,,,,,,,,,,,,,,,,,,,,,,,,,,,,,,,,,,,,,,,,,,,,,,,,
47,16,8,13,S15,False,16,1,17,16,0,0,0,0,0,"['B686', 'B681', 'B518', 'B563', 'B461', 'B18', 'B266', 'B701', 'B32', 'B295', 'B431', 'B40', 'B60', 'B643', 'B259', 'B712']",8.0,S44,4.96,0,1,1,0.0,,-0.954922,-13.391324,-14.346246,False,False,12,S3,True,8,1.6545,delivery,,,,,,,,,,,,,,,,,,,,,,,,,,,,,,,,,,,,,,,,,,,,,,,,,,,,
47,16,8,26,S44,False,0,1,1,0,12,0,0,0,0,"['B498', 'B413', 'B198', 'B327', 'B469', 'B68', 'B112', 'B277', 'B33', 'B677', 'B683', 'B147']",6.0,S47,6.18,12,1,13,0.0,,-1.064046,-13.326739,-14.390784,False,False,18,S3,True,12,2.1301,pickup,,,,,,,,,,,,,,,,,,,,,,,,,,,,,,,,,,,,,,,,,,,,,,,,,,,,
47,16,8,38,S47,False,12,1,13,0,0,0,0,0,0,[],0.0,S61,3.69,12,1,13,0.0,,-0.937945,-13.338174,-14.27612,False,False,12,S3,True,1,1.3677,do_nothing,,,,,,,,,,,,,,,,,,,,,,,,,,,,,,,,,,,,,,,,,,,,,,,,,,,,
47,16,8,41,S61,False,12,1,13,8,0,0,1,0,0,"['B699', 'B498', 'B413', 'B198', 'B327', 'B469', 'B68', 'B112', 'B277']",4.5,S42,8.85,4,2,6,0.0,,-0.644272,-13.320719,-13.96499,True,True,36,S42,False,20,3.8301,delivery+depot_removal,,,,,,,,,,,,,,,,,,,,,,,,,,,,,,,,,,,,,,,,,,,,,,,,,,,,
47,16,8,55,S42,False,4,2,6,4,0,0,1,0,0,"['B114', 'B33', 'B677', 'B683', 'B147']",2.5,S36,7.67,0,3,3,0.0,,-0.664315,-13.249759,-13.914075,True,True,24,S36,False,18,2.5227,delivery+depot_removal,,,,,,,,,,,,,,,,,,,,,,,,,,,,,,,,,,,,,,,,,,,,,,,,,,,,
47,16,9,5,S36,False,0,3,3,0,14,0,0,0,0,"['B559', 'B304', 'B185', 'B614', 'B78', 'B609', 'B711', 'B317', 'B457', 'B2', 'B204', 'B287', 'B299', 'B335']",7.0,S47,9.79,14,3,17,0.0,,-0.722389,-13.187721,-13.91011,False,False,18,S27,True,14,2.3046,pickup,,,,,,,,,,,,,,,,,,,,,,,,,,,,,,,,,,,,,,,,,,,,,,,,,,,,
47,16,9,22,S47,False,14,3,17,13,0,0,0,0,0,"['B559', 'B304', 'B185', 'B614', 'B78', 'B609', 'B711', 'B317', 'B457', 'B2', 'B204', 'B287', 'B299']",6.5,S5,6.63,1,3,4,0.0,,-0.920649,-13.189125,-14.109775,False,False,18,S11,True,8,2.2207,delivery,,,,,,,,,,,,,,,,,,,,,,,,,,,,,,,,,,,,,,,,,,,,,,,,,,,,
47,16,9,35,S5,False,1,3,4,0,0,0,0,0,0,[],0.0,S53,13.79,1,3,4,0.0,,-1.008198,-13.43745,-14.445647,False,False,12,S27,True,4,1.6475,do_nothing,,,,,,,,,,,,,,,,,,,,,,,,,,,,,,,,,,,,,,,,,,,,,,,,,,,,
47,16,9,49,S53,False,1,3,4,0,14,0,1,0,0,"['B552', 'B255', 'B267', 'B402', 'B347', 'B75', 'B41', 'B119', 'B55', 'B268', 'B359', 'B108', 'B218', 'B111', 'B525']",7.5,S22,9.3,15,4,19,0.0,,-0.889919,-13.406095,-14.296014,True,True,30,S27,True,27,3.6287,pickup+depot_removal,,,,,,,,,,,,,,,,,,,,,,,,,,,,,,,,,,,,,,,,,,,,,,,,,,,,
47,16,10,5,S22,False,15,4,19,15,0,0,0,0,0,"['B335', 'B552', 'B255', 'B267', 'B402', 'B347', 'B75', 'B41', 'B119', 'B55', 'B268', 'B359', 'B108', 'B218', 'B111']",7.5,S60,4.28,0,4,4,0.0,,-0.956189,-13.571776,-14.527965,False,False,18,S27,True,12,2.0607,delivery,,,,,,,,,,,,,,,,,,,,,,,,,,,,,,,,,,,,,,,,,,,,,,,,,,,,
47,16,10,17,S60,False,0,4,4,0,16,0,0,0,0,"['B319', 'B720', 'B286', 'B67', 'B348', 'B321', 'B334', 'B139', 'B249', 'B679', 'B8', 'B61', 'B716', 'B616', 'B430', 'B655']",8.0,S20,7.68,16,4,20,0.0,,-1.192631,-13.636883,-14.829513,False,False,12,S27,True,7,1.501,pickup,,,,,,,,,,,,,,,,,,,,,,,,,,,,,,,,,,,,,,,,,,,,,,,,,,,,
47,16,10,33,S20,False,16,4,20,11,0,0,1,0,0,"['B473', 'B319', 'B720', 'B286', 'B67', 'B348', 'B321', 'B334', 'B139', 'B249', 'B679', 'B8']",6.0,S33,10.6,5,5,10,0.0,,-1.200774,-13.641931,-14.842705,True,True,30,S34,True,13,2.9982,delivery+depot_removal,,,,,,,,,,,,,,,,,,,,,,,,,,,,,,,,,,,,,,,,,,,,,,,,,,,,
47,16,10,50,S33,False,5,5,10,0,10,0,0,0,0,"['B77', 'B280', 'B372', 'B177', 'B591', 'B107', 'B496', 'B530', 'B58', 'B48']",5.0,S54,3.1,15,5,20,0.0,,-1.087797,-13.556353,-14.64415,False,False,12,S54,False,7,1.4136,pickup,,,,,,,,,,,,,,,,,,,,,,,,,,,,,,,,,,,,,,,,,,,,,,,,,,,,
47,16,10,58,S54,False,15,5,20,15,0,0,1,0,0,"['B171', 'B61', 'B716', 'B616', 'B430', 'B655', 'B77', 'B280', 'B372', 'B177', 'B591', 'B107', 'B496', 'B530', 'B58', 'B48']",8.0,S44,3.95,0,6,6,0.0,,-0.928991,-13.736415,-14.665407,True,True,30,S34,True,24,3.6008,delivery+depot_removal,,,,,,,,,,,,,,,,,,,,,,,,,,,,,,,,,,,,,,,,,,,,,,,,,,,,
47,16,11,10,S44,False,0,6,6,0,9,0,0,0,0,"['B96', 'B673', 'B454', 'B30', 'B183', 'B236', 'B269', 'B651', 'B235']",4.5,S34,4.94,9,6,15,0.0,,-0.929593,-13.572566,-14.502159,False,False,18,S3,True,12,1.9951,pickup,,,,,,,,,,,,,,,,,,,,,,,,,,,,,,,,,,,,,,,,,,,,,,,,,,,,
47,16,11,19,S34,False,9,6,15,9,0,0,0,0,0,"['B96', 'B673', 'B454', 'B30', 'B183', 'B236', 'B269', 'B651', 'B235']",4.5,S21,8.53,0,6,6,0.0,,-0.760565,-13.514092,-14.274656,False,False,12,S21,False,10,1.3542,delivery,,,,,,,,,,,,,,,,,,,,,,,,,,,,,,,,,,,,,,,,,,,,,,,,,,,,
47,16,11,32,S21,False,0,6,6,0,6,0,1,0,0,"['B417', 'B447', 'B170', 'B438', 'B580', 'B408', 'B361']",3.5,S51,12.4,6,7,13,0.0,,-1.172119,-13.458073,-14.630192,True,True,36,S32,True,31,4.1265,pickup+depot_removal,,,,,,,,,,,,,,,,,,,,,,,,,,,,,,,,,,,,,,,,,,,,,,,,,,,,
47,16,11,48,S51,False,6,7,13,6,0,1,0,0,0,"['B417', 'B447', 'B170', 'B438', 'B580', 'B408']",6.0,S32,4.37,0,7,7,0.0,,-1.213017,-13.295073,-14.508091,True,True,24,S32,False,18,2.4504,delivery+onsite,,,,,,,,,,,,,,,,,,,,,,,,,,,,,,,,,,,,,,,,,,,,,,,,,,,,
47,16,11,58,S32,False,0,7,7,0,13,0,0,0,0,"['B726', 'B300', 'B354', 'B245', 'B389', 'B382', 'B450', 'B337', 'B708', 'B452', 'B254', 'B592', 'B559']",6.5,S29,3.29,13,7,20,0.0,,-0.781684,-13.2388,-14.020485,False,False,12,S29,False,6,1.3998,pickup,,,,,,,,,,,,,,,,,,,,,,,,,,,,,,,,,,,,,,,,,,,,,,,,,,,,
47,16,12,8,S29,False,13,7,20,13,0,0,0,0,0,"['B726', 'B300', 'B354', 'B245', 'B389', 'B382', 'B450', 'B337', 'B708', 'B452', 'B254', 'B592', 'B559']",6.5,S61,5.74,0,7,7,0.0,,-0.860299,-13.257021,-14.11732,False,False,12,S6,True,9,1.6928,delivery,,,,,,,,,,,,,,,,,,,,,,,,,,,,,,,,,,,,,,,,,,,,,,,,,,,,
47,16,12,20,S61,False,0,7,7,0,10,0,0,0,0,"['B258', 'B581', 'B90', 'B22', 'B696', 'B638', 'B257', 'B412', 'B273', 'B672']",5.0,S1,8.01,10,7,17,0.0,,-0.829277,-13.429662,-14.25894,False,False,18,S39,True,16,2.3017,pickup,,,,,,,,,,,,,,,,,,,,,,,,,,,,,,,,,,,,,,,,,,,,,,,,,,,,
47,16,12,33,S1,False,10,7,17,10,0,0,0,0,0,"['B258', 'B581', 'B90', 'B22', 'B696', 'B638', 'B257', 'B412', 'B273', 'B672']",5.0,S55,3.22,0,7,7,0.0,,-0.808947,-13.256696,-14.065643,False,False,18,S26,True,14,2.8863,delivery,,,,,,,,,,,,,,,,,,,,,,,,,,,,,,,,,,,,,,,,,,,,,,,,,,,,
47,16,12,42,S55,False,0,7,7,0,12,0,0,0,0,"['B371', 'B590', 'B217', 'B759', 'B293', 'B747', 'B179', 'B514', 'B43', 'B23', 'B316', 'B754']",6.0,S35,3.04,12,7,19,0.0,,-1.287742,-13.26348,-14.551222,True,False,36,S33,True,25,5.0366,pickup,,,,,,,,,,,,,,,,,,,,,,,,,,,,,,,,,,,,,,,,,,,,,,,,,,,,
47,16,12,51,S35,False,12,7,19,12,0,0,1,0,0,"['B491', 'B371', 'B590', 'B217', 'B759', 'B293', 'B747', 'B179', 'B514', 'B43', 'B23', 'B316', 'B754']",6.5,S16,6.87,0,8,8,0.0,,-1.250785,-13.155307,-14.406092,True,True,24,S14,True,20,3.9084,delivery+depot_removal,,,,,,,,,,,,,,,,,,,,,,,,,,,,,,,,,,,,,,,,,,,,,,,,,,,,
47,16,13,4,S16,False,0,8,8,0,8,0,1,0,0,"['B18', 'B165', 'B398', 'B558', 'B266', 'B611', 'B739', 'B664', 'B323']",4.5,S26,7.94,8,9,17,0.0,,-1.337581,-13.304263,-14.641844,True,True,36,S33,True,18,4.0596,pickup+depot_removal,,,,,,,,,,,,,,,,,,,,,,,,,,,,,,,,,,,,,,,,,,,,,,,,,,,,
47,16,13,16,S26,False,8,9,17,8,0,0,0,0,0,"['B18', 'B165', 'B398', 'B558', 'B266', 'B611', 'B739', 'B664']",4.0,S39,9.74,0,9,9,0.0,,-1.706992,-13.201825,-14.908817,False,False,12,S39,False,6,1.2666,delivery,,,,,,,,,,,,,,,,,,,,,,,,,,,,,,,,,,,,,,,,,,,,,,,,,,,,
47,16,13,30,S39,False,0,9,9,0,11,0,0,0,0,"['B666', 'B163', 'B404', 'B703', 'B230', 'B595', 'B459', 'B532', 'B161', 'B605', 'B301']",5.5,S29,9.53,11,9,20,0.0,,-1.588783,-13.379421,-14.968204,False,False,12,S29,False,6,1.2176,pickup,,,,,,,,,,,,,,,,,,,,,,,,,,,,,,,,,,,,,,,,,,,,,,,,,,,,
47,16,13,45,S29,False,11,9,20,11,0,0,0,0,0,"['B666', 'B163', 'B404', 'B703', 'B230', 'B595', 'B459', 'B532', 'B161', 'B605', 'B301']",5.5,S33,4.32,0,9,9,0.0,,-2.23094,-13.362203,-15.593143,False,False,12,S42,True,8,1.4234,delivery,,,,,,,,,,,,,,,,,,,,,,,,,,,,,,,,,,,,,,,,,,,,,,,,,,,,
47,16,13,55,S33,False,0,9,9,0,0,0,0,0,0,[],0.0,S19,6.0,0,9,9,0.0,,-2.046345,-13.453776,-15.500121,False,False,12,S12,True,3,1.3699,do_nothing,,,,,,,,,,,,,,,,,,,,,,,,,,,,,,,,,,,,,,,,,,,,,,,,,,,,
47,16,14,1,S19,False,0,9,9,0,9,0,0,0,0,"['B494', 'B489', 'B503', 'B713', 'B530', 'B498', 'B584', 'B466', 'B597']",4.5,S46,4.09,9,9,18,0.0,,-1.977477,-13.416453,-15.39393,False,False,18,S9,True,12,1.8832,pickup,,,,,,,,,,,,,,,,,,,,,,,,,,,,,,,,,,,,,,,,,,,,,,,,,,,,
47,16,14,10,S46,False,9,9,18,9,0,0,0,0,0,"['B494', 'B489', 'B503', 'B713', 'B530', 'B498', 'B584', 'B466', 'B597']",4.5,S31,5.03,0,9,9,0.0,,-2.435609,-13.39752,-15.833129,False,False,12,S9,True,6,1.2774,delivery,,,,,,,,,,,,,,,,,,,,,,,,,,,,,,,,,,,,,,,,,,,,,,,,,,,,
47,16,14,19,S31,False,0,9,9,0,11,0,0,0,0,"['B598', 'B520', 'B201', 'B574', 'B700', 'B177', 'B143', 'B753', 'B125', 'B49', 'B689']",5.5,S11,10.6,11,9,20,0.0,,-2.705737,-13.507508,-16.213245,False,False,12,S52,True,10,1.3891,pickup,,,,,,,,,,,,,,,,,,,,,,,,,,,,,,,,,,,,,,,,,,,,,,,,,,,,
47,16,14,35,S11,False,11,9,20,11,0,1,0,0,0,"['B598', 'B520', 'B201', 'B574', 'B700', 'B177', 'B143', 'B753', 'B125', 'B49', 'B689']",8.5,S61,9.93,0,9,9,0.0,,-2.251732,-13.500674,-15.752406,True,True,36,S24,True,34,3.7134,delivery+onsite,,,,,,,,,,,,,,,,,,,,,,,,,,,,,,,,,,,,,,,,,,,,,,,,,,,,
47,16,14,54,S61,False,0,9,9,0,9,0,0,0,0,"['B579', 'B559', 'B673', 'B710', 'B212', 'B604', 'B335', 'B616', 'B199']",4.5,S54,4.83,9,9,18,0.0,,-2.702873,-13.624868,-16.327741,False,False,18,S31,True,13,1.8948,pickup,,,,,,,,,,,,,,,,,,,,,,,,,,,,,,,,,,,,,,,,,,,,,,,,,,,,
47,16,15,3,S54,False,9,9,18,9,0,0,1,0,0,"['B13', 'B579', 'B559', 'B673', 'B710', 'B212', 'B604', 'B335', 'B616', 'B199']",5.0,S31,5.7,0,10,10,0.0,,-2.589,-13.673001,-16.262002,True,True,24,S18,True,18,2.7426,delivery+depot_removal,,,,,,,,,,,,,,,,,,,,,,,,,,,,,,,,,,,,,,,,,,,,,,,,,,,,
47,16,15,14,S31,False,0,10,10,0,10,0,0,0,0,"['B62', 'B174', 'B588', 'B351', 'B413', 'B256', 'B670', 'B502', 'B175', 'B440']",5.0,S35,8.41,10,10,20,0.0,,-2.497815,-13.693223,-16.191039,False,False,12,S12,True,8,1.2221,pickup,,,,,,,,,,,,,,,,,,,,,,,,,,,,,,,,,,,,,,,,,,,,,,,,,,,,
47,16,15,27,S35,False,10,10,20,10,0,0,0,0,0,"['B62', 'B174', 'B588', 'B351', 'B413', 'B256', 'B670', 'B502', 'B175', 'B440']",5.0,S18,8.69,0,10,10,0.0,,-2.564842,-13.67607,-16.240913,False,False,12,S42,True,9,1.2263,delivery,,,,,,,,,,,,,,,,,,,,,,,,,,,,,,,,,,,,,,,,,,,,,,,,,,,,
47,16,15,41,S18,False,0,10,10,0,10,0,0,0,0,"['B506', 'B387', 'B261', 'B91', 'B374', 'B380', 'B765', 'B388', 'B213', 'B552']",5.0,S32,5.95,10,10,20,0.0,,-2.270204,-13.611212,-15.881416,False,False,12,S41,True,10,1.2214,pickup,,,,,,,,,,,,,,,,,,,,,,,,,,,,,,,,,,,,,,,,,,,,,,,,,,,,
47,16,15,52,S32,False,10,10,20,10,0,0,0,0,0,"['B506', 'B387', 'B261', 'B91', 'B374', 'B380', 'B765', 'B388', 'B213', 'B552']",5.0,S41,7.65,0,10,10,0.0,,-1.997101,-13.766472,-15.763572,False,False,12,S53,True,7,1.3797,delivery,,,,,,,,,,,,,,,,,,,,,,,,,,,,,,,,,,,,,,,,,,,,,,,,,,,,
47,16,16,4,S41,False,0,10,10,0,10,1,0,0,0,"['B152', 'B328', 'B141', 'B663', 'B377', 'B119', 'B268', 'B668', 'B419', 'B108']",8.0,S26,6.65,10,10,20,0.0,,-1.654098,-13.497555,-15.151652,True,True,24,S26,False,18,2.451,pickup+onsite,,,,,,,,,,,,,,,,,,,,,,,,,,,,,,,,,,,,,,,,,,,,,,,,,,,,
47,16,16,19,S26,False,10,10,20,10,0,0,0,0,0,"['B152', 'B328', 'B141', 'B663', 'B377', 'B119', 'B268', 'B668', 'B419', 'B108']",5.0,S60,6.85,0,10,10,0.0,,-1.901269,-13.326949,-15.228218,False,False,12,S35,True,6,1.2435,delivery,,,,,,,,,,,,,,,,,,,,,,,,,,,,,,,,,,,,,,,,,,,,,,,,,,,,
47,16,16,31,S60,False,0,10,10,0,10,0,0,0,0,"['B496', 'B601', 'B583', 'B278', 'B659', 'B272', 'B622', 'B633', 'B381', 'B280']",5.0,S24,7.55,10,10,20,0.0,,-1.606933,-13.474526,-15.081459,False,False,12,S58,True,9,1.2836,pickup,,,,,,,,,,,,,,,,,,,,,,,,,,,,,,,,,,,,,,,,,,,,,,,,,,,,
47,16,16,43,S24,False,10,10,20,10,0,0,0,0,0,"['B496', 'B601', 'B583', 'B278', 'B659', 'B272', 'B622', 'B633', 'B381', 'B280']",5.0,S48,13.93,0,10,10,0.0,,-1.349406,-13.491669,-14.841075,False,False,12,S58,True,9,1.2552,delivery,,,,,,,,,,,,,,,,,,,,,,,,,,,,,,,,,,,,,,,,,,,,,,,,,,,,
47,16,17,2,S48,False,0,10,10,0,7,0,0,0,0,"['B88', 'B372', 'B150', 'B365', 'B744', 'B48', 'B493']",3.5,S39,7.99,7,10,17,0.0,,-0.940191,-13.363139,-14.30333,False,False,18,S37,True,6,1.6455,pickup,,,,,,,,,,,,,,,,,,,,,,,,,,,,,,,,,,,,,,,,,,,,,,,,,,,,
47,16,17,14,S39,False,7,10,17,7,0,0,0,0,0,"['B88', 'B372', 'B150', 'B365', 'B744', 'B48', 'B493']",3.5,S22,5.77,0,10,10,0.0,,-1.470662,-13.255947,-14.726609,False,False,12,S64,True,7,1.1572,delivery,,,,,,,,,,,,,,,,,,,,,,,,,,,,,,,,,,,,,,,,,,,,,,,,,,,,
47,16,17,23,S22,False,0,10,10,0,10,0,0,0,0,"['B312', 'B352', 'B314', 'B531', 'B681', 'B189', 'B764', 'B168', 'B455', 'B445']",5.0,S54,9.78,10,10,20,0.0,,-0.84396,-13.184429,-14.028389,False,False,12,S27,True,8,1.1295,pickup,,,,,,,,,,,,,,,,,,,,,,,,,,,,,,,,,,,,,,,,,,,,,,,,,,,,
47,16,17,38,S54,False,10,10,20,10,0,0,0,0,0,"['B312', 'B352', 'B314', 'B531', 'B681', 'B189', 'B764', 'B168', 'B455', 'B445']",5.0,S65,8.42,0,10,10,0.0,,-0.558098,-13.151919,-13.710017,False,False,12,S37,True,7,1.2607,delivery,,,,,,,,,,,,,,,,,,,,,,,,,,,,,,,,,,,,,,,,,,,,,,,,,,,,
47,16,17,51,S65,False,0,10,10,0,10,0,0,0,0,"['B730', 'B488', 'B447', 'B76', 'B333', 'B716', 'B626', 'B556', 'B387', 'B563']",5.0,S42,11.85,10,10,20,0.0,,-0.618274,-13.117,-13.735274,True,False,18,S60,True,15,1.983,pickup,,,,,,,,,,,,,,,,,,,,,,,,,,,,,,,,,,,,,,,,,,,,,,,,,,,,
47,16,18,8,S42,False,10,10,20,8,0,0,0,0,0,"['B730', 'B488', 'B447', 'B76', 'B333', 'B716', 'B626', 'B556']",4.0,S60,10.42,2,10,12,0.0,,-0.824355,-13.154603,-13.978958,False,False,18,S29,True,7,1.6261,delivery,,,,,,,,,,,,,,,,,,,,,,,,,,,,,,,,,,,,,,,,,,,,,,,,,,,,
47,16,18,23,S60,False,2,10,12,0,8,0,0,0,0,"['B359', 'B170', 'B405', 'B187', 'B510', 'B83', 'B671', 'B57']",4.0,S49,2.05,10,10,20,0.0,,-0.519162,-13.00843,-13.527592,False,False,12,S52,True,6,1.0324,pickup,,,,,,,,,,,,,,,,,,,,,,,,,,,,,,,,,,,,,,,,,,,,,,,,,,,,
47,16,18,29,S49,False,10,10,20,10,0,0,0,0,0,"['B387', 'B563', 'B359', 'B170', 'B405', 'B187', 'B510', 'B83', 'B671', 'B57']",5.0,S37,3.13,0,10,10,0.0,,-0.557394,-12.895611,-13.453004,False,False,12,S52,True,9,1.1081,delivery,,,,,,,,,,,,,,,,,,,,,,,,,,,,,,,,,,,,,,,,,,,,,,,,,,,,
47,16,18,37,S37,False,0,10,10,0,10,0,0,0,0,"['B693', 'B38', 'B740', 'B683', 'B527', 'B470', 'B188', 'B560', 'B292', 'B123']",5.0,S52,1.18,10,10,20,0.0,,-0.500943,-13.237611,-13.738554,False,False,12,S39,True,7,1.1408,pickup,,,,,,,,,,,,,,,,,,,,,,,,,,,,,,,,,,,,,,,,,,,,,,,,,,,,
47,16,18,43,S52,False,10,10,20,10,0,0,0,0,0,"['B693', 'B38', 'B740', 'B683', 'B527', 'B470', 'B188', 'B560', 'B292', 'B123']",5.0,S7,9.68,0,10,10,0.0,,-0.392316,-13.167745,-13.560061,False,False,12,S31,True,8,1.2187,delivery,,,,,,,,,,,,,,,,,,,,,,,,,,,,,,,,,,,,,,,,,,,,,,,,,,,,
47,16,18,58,S7,False,0,10,10,0,10,0,0,0,0,"['B383', 'B722', 'B733', 'B362', 'B548', 'B571', 'B669', 'B695', 'B342', 'B568']",5.0,S39,7.46,10,10,20,0.0,,-0.470441,-13.261117,-13.731558,True,False,18,S41,True,12,1.7534,pickup,,,,,,,,,,,,,,,,,,,,,,,,,,,,,,,,,,,,,,,,,,,,,,,,,,,,
47,16,19,10,S39,False,10,10,20,10,0,0,0,0,0,"['B383', 'B722', 'B733', 'B362', 'B548', 'B571', 'B669', 'B695', 'B342', 'B568']",5.0,S41,3.32,0,10,10,0.0,,-0.343651,-13.152432,-13.496083,False,False,12,S29,True,6,1.1709,delivery,,,,,,,,,,,,,,,,,,,,,,,,,,,,,,,,,,,,,,,,,,,,,,,,,,,,
47,16,19,18,S41,False,0,10,10,0,10,0,0,0,0,"['B132', 'B607', 'B285', 'B392', 'B112', 'B336', 'B105', 'B220', 'B537', 'B517']",5.0,S58,3.91,10,10,20,0.0,,-0.363202,-13.024059,-13.38726,False,False,12,S58,False,6,1.257,pickup,,,,,,,,,,,,,,,,,,,,,,,,,,,,,,,,,,,,,,,,,,,,,,,,,,,,
47,16,19,27,S58,False,10,10,20,10,0,0,0,0,0,"['B132', 'B607', 'B285', 'B392', 'B112', 'B336', 'B105', 'B220', 'B537', 'B517']",5.0,S12,6.29,0,10,10,0.0,,-0.31305,-12.979782,-13.292833,False,False,12,S29,True,8,1.2375,delivery,,,,,,,,,,,,,,,,,,,,,,,,,,,,,,,,,,,,,,,,,,,,,,,,,,,,
47,16,19,39,S12,False,0,10,10,0,0,1,0,0,0,[],3.0,S9,1.46,0,10,10,0.0,,-0.438044,-13.047278,-13.485322,True,True,8,D0,True,4,0.8558,do_nothing+onsite,,,,,,,,,,,,,,,,,,,,,,,,,,,,,,,,,,,,,,,,,,,,,,,,,,,,
47,16,19,43,S9,False,0,10,10,0,8,0,0,0,0,"['B20', 'B224', 'B228', 'B602', 'B0', 'B205', 'B474', 'B760']",4.0,D0,5.99,8,10,18,0.0,,-0.381186,-13.278269,-13.659455,False,False,3,D0,True,2,0.3429,pickup,,,,,,,,,,,,,,,,,,,,,,,,,,,,,,,,,,,,,,,,,,,,,,,,,,,,
47,16,19,53,D0,True,8,10,18,0,0,0,0,10,0,"['B103', 'B699', 'B114', 'B525', 'B473', 'B171', 'B361', 'B491', 'B323', 'B13']",5.0,D0,0.0,8,0,8,0.0,,-0.341537,-13.238323,-13.57986,True,True,1,D0,False,0,0.1269,do_nothing,,,,,,,,,,,,,,,,,,,,,,,,,,,,,,,,,,,,,,,,,,,,,,,,,,,,
47,17,6,13,D0,True,8,0,8,0,0,0,0,0,10,"['B315', 'B725', 'B411', 'B442', 'B53', 'B468', 'B613', 'B9', 'B27', 'B298']",5.0,S15,1.31,18,0,18,0.0,,-2.803117,-13.759989,-16.563106,True,True,5,S34,True,0,0.796,load_queue,,,,,,,,,,,,,,,,,,,,,,,,,,,,,,,,,,,,,,,,,,,,,,,,,,,,
47,17,6,34,S15,False,18,0,18,18,0,0,0,0,0,"['B20', 'B224', 'B228', 'B602', 'B0', 'B205', 'B474', 'B760', 'B315', 'B725', 'B411', 'B442', 'B53', 'B468', 'B613', 'B9', 'B27', 'B298']",9.0,S46,5.48,0,0,0,0.0,,-2.829859,-13.82429,-16.654148,False,False,12,S46,False,6,2.0507,delivery,,,,,,,,,,,,,,,,,,,,,,,,,,,,,,,,,,,,,,,,,,,,,,,,,,,,
47,17,6,49,S46,False,0,0,0,0,20,0,0,0,0,"['B67', 'B305', 'B640', 'B657', 'B145', 'B440', 'B548', 'B669', 'B362', 'B571', 'B355', 'B217', 'B258', 'B438', 'B47', 'B334', 'B225', 'B638', 'B582', 'B562']",10.0,S66,5.15,20,0,20,0.0,,-2.997566,-13.961678,-16.959244,True,False,18,S37,True,13,3.416,pickup,,,,,,,,,,,,,,,,,,,,,,,,,,,,,,,,,,,,,,,,,,,,,,,,,,,,
47,17,7,4,S66,False,20,0,20,16,0,0,0,0,0,"['B67', 'B305', 'B640', 'B657', 'B145', 'B440', 'B548', 'B669', 'B362', 'B571', 'B355', 'B217', 'B258', 'B438', 'B47', 'B334']",8.0,S54,5.58,4,0,4,0.0,,-2.440243,-14.129453,-16.569696,False,False,18,S27,True,8,2.3944,delivery,,,,,,,,,,,,,,,,,,,,,,,,,,,,,,,,,,,,,,,,,,,,,,,,,,,,
47,17,7,18,S54,False,4,0,4,0,16,0,0,0,0,"['B552', 'B553', 'B195', 'B528', 'B647', 'B419', 'B306', 'B348', 'B341', 'B608', 'B288', 'B208', 'B299', 'B446', 'B754', 'B709']",8.0,S26,5.73,20,0,20,0.0,,-2.216975,-13.857319,-16.074294,False,False,12,S62,True,8,1.6316,pickup,,,,,,,,,,,,,,,,,,,,,,,,,,,,,,,,,,,,,,,,,,,,,,,,,,,,
47,17,7,31,S26,False,20,0,20,18,0,0,0,0,0,"['B225', 'B638', 'B582', 'B562', 'B552', 'B553', 'B195', 'B528', 'B647', 'B419', 'B306', 'B348', 'B341', 'B608', 'B288', 'B208', 'B299', 'B446']",9.0,S55,6.67,2,0,2,0.0,,-2.050033,-13.952303,-16.002336,False,False,18,S27,True,6,2.8271,delivery,,,,,,,,,,,,,,,,,,,,,,,,,,,,,,,,,,,,,,,,,,,,,,,,,,,,
47,17,7,47,S55,False,2,0,2,0,18,1,0,0,0,"['B115', 'B314', 'B680', 'B463', 'B28', 'B721', 'B668', 'B466', 'B450', 'B504', 'B701', 'B188', 'B121', 'B763', 'B724', 'B301', 'B497', 'B475']",12.0,S46,2.88,20,0,20,0.0,,-2.145913,-14.034878,-16.180791,True,True,24,S34,True,19,3.3174,pickup+onsite,,,,,,,,,,,,,,,,,,,,,,,,,,,,,,,,,,,,,,,,,,,,,,,,,,,,
47,17,8,2,S46,False,20,0,20,10,0,0,1,0,0,"['B600', 'B754', 'B709', 'B115', 'B314', 'B680', 'B463', 'B28', 'B721', 'B668', 'B466']",5.5,S62,2.76,10,1,11,0.0,,-1.815201,-13.977099,-15.7923,True,True,30,S62,False,13,4.2099,delivery+depot_removal,,,,,,,,,,,,,,,,,,,,,,,,,,,,,,,,,,,,,,,,,,,,,,,,,,,,
47,17,8,10,S62,False,10,1,11,10,0,1,0,0,0,"['B450', 'B504', 'B701', 'B188', 'B121', 'B763', 'B724', 'B301', 'B497', 'B475']",8.0,S63,2.46,0,1,1,0.0,,-1.901817,-13.807059,-15.708876,True,True,24,S63,False,22,4.0357,delivery+onsite,,,,,,,,,,,,,,,,,,,,,,,,,,,,,,,,,,,,,,,,,,,,,,,,,,,,
47,17,8,21,S63,False,0,1,1,0,15,0,2,0,0,"['B716', 'B14', 'B29', 'B127', 'B666', 'B198', 'B415', 'B370', 'B107', 'B598', 'B93', 'B471', 'B269', 'B63', 'B10', 'B96', 'B68']",8.5,S29,5.25,15,3,18,0.0,,-1.835883,-13.806967,-15.642849,True,True,54,S37,True,30,7.6256,pickup+depot_removal,,,,,,,,,,,,,,,,,,,,,,,,,,,,,,,,,,,,,,,,,,,,,,,,,,,,
47,17,8,34,S29,False,15,3,18,15,0,0,0,0,0,"['B716', 'B14', 'B29', 'B127', 'B666', 'B198', 'B415', 'B370', 'B107', 'B598', 'B93', 'B471', 'B269', 'B63', 'B10']",7.5,S54,1.43,0,3,3,0.0,,-1.710979,-13.62489,-15.33587,False,False,12,S32,True,7,1.6804,delivery,,,,,,,,,,,,,,,,,,,,,,,,,,,,,,,,,,,,,,,,,,,,,,,,,,,,
47,17,8,43,S54,False,0,3,3,0,13,0,0,0,0,"['B641', 'B569', 'B405', 'B163', 'B67', 'B62', 'B623', 'B0', 'B36', 'B413', 'B622', 'B367', 'B573']",6.5,S51,6.18,13,3,16,0.0,,-1.477738,-13.533209,-15.010947,False,False,18,S37,True,16,2.6165,pickup,,,,,,,,,,,,,,,,,,,,,,,,,,,,,,,,,,,,,,,,,,,,,,,,,,,,
47,17,8,56,S51,False,13,3,16,11,0,0,0,0,0,"['B641', 'B569', 'B405', 'B163', 'B67', 'B62', 'B623', 'B0', 'B36', 'B413', 'B622']",5.5,S32,4.37,2,3,5,0.0,,-1.240555,-13.428341,-14.668897,False,False,18,S19,True,7,3.1691,delivery,,,,,,,,,,,,,,,,,,,,,,,,,,,,,,,,,,,,,,,,,,,,,,,,,,,,
47,17,9,6,S32,False,2,3,5,0,13,0,0,0,0,"['B122', 'B329', 'B46', 'B55', 'B31', 'B575', 'B156', 'B184', 'B509', 'B619', 'B715', 'B484', 'B160']",6.5,S65,9.46,15,3,18,0.0,,-1.358662,-13.383614,-14.742276,False,False,18,S10,True,14,2.3956,pickup,,,,,,,,,,,,,,,,,,,,,,,,,,,,,,,,,,,,,,,,,,,,,,,,,,,,
47,17,9,22,S65,False,15,3,18,15,0,0,1,0,0,"['B667', 'B367', 'B573', 'B122', 'B329', 'B46', 'B55', 'B31', 'B575', 'B156', 'B184', 'B509', 'B619', 'B715', 'B484', 'B160']",8.0,S37,5.89,0,4,4,0.0,,-1.067446,-13.482827,-14.550273,True,True,24,S49,True,19,3.2482,delivery+depot_removal,,,,,,,,,,,,,,,,,,,,,,,,,,,,,,,,,,,,,,,,,,,,,,,,,,,,
47,17,9,36,S37,False,0,4,4,0,16,2,0,0,0,"['B636', 'B726', 'B16', 'B264', 'B457', 'B30', 'B149', 'B515', 'B583', 'B617', 'B580', 'B443', 'B88', 'B117', 'B227', 'B167']",14.0,S34,5.37,16,4,20,0.0,,-1.039451,-13.568055,-14.607506,True,True,36,S34,False,30,5.2749,pickup+onsite,,,,,,,,,,,,,,,,,,,,,,,,,,,,,,,,,,,,,,,,,,,,,,,,,,,,
47,17,9,55,S34,False,16,4,20,14,0,0,0,0,0,"['B636', 'B726', 'B16', 'B264', 'B457', 'B30', 'B149', 'B515', 'B583', 'B617', 'B580', 'B443', 'B88', 'B117']",7.0,S60,5.52,2,4,6,0.0,,-0.977139,-13.665708,-14.642847,False,False,18,S50,True,13,2.1682,delivery,,,,,,,,,,,,,,,,,,,,,,,,,,,,,,,,,,,,,,,,,,,,,,,,,,,,
47,17,10,8,S60,False,2,4,6,0,14,0,0,0,0,"['B656', 'B745', 'B480', 'B169', 'B476', 'B451', 'B391', 'B434', 'B549', 'B714', 'B352', 'B704', 'B81', 'B421']",7.0,S50,8.32,16,4,20,0.0,,-0.900489,-13.637109,-14.537598,True,False,24,S61,True,18,2.5704,pickup,,,,,,,,,,,,,,,,,,,,,,,,,,,,,,,,,,,,,,,,,,,,,,,,,,,,
47,17,10,23,S50,False,16,4,20,16,0,0,1,0,0,"['B519', 'B227', 'B167', 'B656', 'B745', 'B480', 'B169', 'B476', 'B451', 'B391', 'B434', 'B549', 'B714', 'B352', 'B704', 'B81', 'B421']",8.5,S53,5.17,0,5,5,0.0,,-0.957377,-13.657064,-14.61444,True,True,18,S1,True,14,2.2556,delivery+depot_removal,,,,,,,,,,,,,,,,,,,,,,,,,,,,,,,,,,,,,,,,,,,,,,,,,,,,
47,17,10,37,S53,False,0,5,5,0,13,0,2,0,0,"['B165', 'B256', 'B48', 'B211', 'B286', 'B514', 'B304', 'B401', 'B494', 'B477', 'B556', 'B85', 'B628', 'B546', 'B652']",7.5,S40,2.27,13,7,20,0.0,,-1.004223,-13.807675,-14.811898,True,True,42,S49,True,40,4.6643,pickup+depot_removal,,,,,,,,,,,,,,,,,,,,,,,,,,,,,,,,,,,,,,,,,,,,,,,,,,,,
47,17,10,46,S40,False,13,7,20,8,0,0,0,0,0,"['B165', 'B256', 'B48', 'B211', 'B286', 'B514', 'B304', 'B401']",4.0,S49,5.8,5,7,12,0.0,,-1.167128,-13.79056,-14.957688,False,False,18,S24,True,8,1.7799,delivery,,,,,,,,,,,,,,,,,,,,,,,,,,,,,,,,,,,,,,,,,,,,,,,,,,,,
47,17,10,56,S49,False,5,7,12,0,8,0,0,0,0,"['B510', 'B83', 'B671', 'B57', 'B266', 'B399', 'B698', 'B347']",4.0,S30,3.29,13,7,20,0.0,,-1.089175,-13.74187,-14.831044,False,False,12,S30,False,9,1.7273,pickup,,,,,,,,,,,,,,,,,,,,,,,,,,,,,,,,,,,,,,,,,,,,,,,,,,,,
47,17,11,3,S30,False,13,7,20,6,0,1,1,0,0,"['B654', 'B494', 'B477', 'B556', 'B85', 'B628', 'B510']",6.5,S29,8.0,7,8,15,0.0,,-1.061506,-13.677146,-14.738652,True,True,60,S12,True,56,5.8256,delivery+maintenance,,,,,,,,,,,,,,,,,,,,,,,,,,,,,,,,,,,,,,,,,,,,,,,,,,,,
47,17,11,18,S29,False,7,8,15,7,0,0,0,0,0,"['B83', 'B671', 'B57', 'B266', 'B399', 'B698', 'B347']",3.5,S55,2.12,0,8,8,0.0,,-0.946336,-13.678273,-14.624609,False,False,12,S44,True,7,1.1919,delivery,,,,,,,,,,,,,,,,,,,,,,,,,,,,,,,,,,,,,,,,,,,,,,,,,,,,
47,17,11,24,S55,False,0,8,8,0,12,0,0,0,0,"['B292', 'B507', 'B489', 'B574', 'B719', 'B488', 'B402', 'B308', 'B472', 'B680', 'B408', 'B437']",6.0,S10,2.1,12,8,20,0.0,,-0.818774,-13.720868,-14.539641,False,False,12,S54,True,7,1.2044,pickup,,,,,,,,,,,,,,,,,,,,,,,,,,,,,,,,,,,,,,,,,,,,,,,,,,,,
47,17,11,32,S10,False,12,8,20,12,0,0,0,0,0,"['B292', 'B507', 'B489', 'B574', 'B719', 'B488', 'B402', 'B308', 'B472', 'B680', 'B408', 'B437']",6.0,S44,4.83,0,8,8,0.0,,-0.975226,-13.504991,-14.480216,False,False,18,S22,True,13,1.8153,delivery,,,,,,,,,,,,,,,,,,,,,,,,,,,,,,,,,,,,,,,,,,,,,,,,,,,,
47,17,11,43,S44,False,0,8,8,0,12,0,0,0,0,"['B120', 'B518', 'B561', 'B541', 'B521', 'B201', 'B349', 'B702', 'B406', 'B203', 'B645', 'B523']",6.0,S29,5.3,12,8,20,0.0,,-1.326042,-13.555735,-14.881777,False,False,18,S18,True,10,1.7401,pickup,,,,,,,,,,,,,,,,,,,,,,,,,,,,,,,,,,,,,,,,,,,,,,,,,,,,
47,17,11,54,S29,False,12,8,20,0,0,0,0,0,0,[],0.0,S54,1.43,12,8,20,0.0,,-1.111945,-13.449599,-14.561544,False,False,12,S12,True,0,1.3016,do_nothing,,,,,,,,,,,,,,,,,,,,,,,,,,,,,,,,,,,,,,,,,,,,,,,,,,,,
47,17,11,55,S54,False,12,8,20,12,0,0,0,0,0,"['B120', 'B518', 'B561', 'B541', 'B521', 'B201', 'B349', 'B702', 'B406', 'B203', 'B645', 'B523']",6.0,S1,3.23,0,8,8,0.0,,-0.878833,-13.440048,-14.318881,False,False,12,S12,True,8,1.3315,delivery,,,,,,,,,,,,,,,,,,,,,,,,,,,,,,,,,,,,,,,,,,,,,,,,,,,,
47,17,12,4,S1,False,0,8,8,0,12,0,0,0,0,"['B272', 'B151', 'B620', 'B175', 'B597', 'B246', 'B130', 'B76', 'B539', 'B287', 'B319', 'B32']",6.0,S29,2.42,12,8,20,0.0,,-0.48815,-13.373059,-13.861209,False,False,12,S18,True,6,1.4443,pickup,,,,,,,,,,,,,,,,,,,,,,,,,,,,,,,,,,,,,,,,,,,,,,,,,,,,
47,17,12,13,S29,False,12,8,20,12,0,0,0,0,0,"['B272', 'B151', 'B620', 'B175', 'B597', 'B246', 'B130', 'B76', 'B539', 'B287', 'B319', 'B32']",6.0,S18,6.89,0,8,8,0.0,,-0.800461,-13.450699,-14.251161,False,False,12,S46,True,6,1.4328,delivery,,,,,,,,,,,,,,,,,,,,,,,,,,,,,,,,,,,,,,,,,,,,,,,,,,,,
47,17,12,26,S18,False,0,8,8,0,12,0,0,0,0,"['B603', 'B182', 'B327', 'B558', 'B570', 'B757', 'B237', 'B430', 'B41', 'B247', 'B220', 'B663']",6.0,S54,5.81,12,8,20,0.0,,-1.429257,-13.692991,-15.122248,False,False,12,S46,True,9,1.525,pickup,,,,,,,,,,,,,,,,,,,,,,,,,,,,,,,,,,,,,,,,,,,,,,,,,,,,
47,17,12,38,S54,False,12,8,20,12,0,0,0,0,0,"['B603', 'B182', 'B327', 'B558', 'B570', 'B757', 'B237', 'B430', 'B41', 'B247', 'B220', 'B663']",6.0,S62,2.78,0,8,8,0.0,,-1.356457,-13.530475,-14.886932,False,False,12,S46,True,7,1.27,delivery,,,,,,,,,,,,,,,,,,,,,,,,,,,,,,,,,,,,,,,,,,,,,,,,,,,,
47,17,12,46,S62,False,0,8,8,0,12,0,0,0,0,"['B330', 'B474', 'B493', 'B447', 'B723', 'B165', 'B666', 'B761', 'B711', 'B23', 'B690', 'B113']",6.0,S46,2.76,12,8,20,0.0,,-1.21756,-13.528843,-14.746403,False,False,18,S66,True,7,1.8959,pickup,,,,,,,,,,,,,,,,,,,,,,,,,,,,,,,,,,,,,,,,,,,,,,,,,,,,
47,17,12,55,S46,False,12,8,20,12,0,0,0,0,0,"['B330', 'B474', 'B493', 'B447', 'B723', 'B165', 'B666', 'B761', 'B711', 'B23', 'B690', 'B113']",6.0,S66,5.15,0,8,8,0.0,,-1.324102,-13.559295,-14.883396,False,False,12,S27,True,8,1.455,delivery,,,,,,,,,,,,,,,,,,,,,,,,,,,,,,,,,,,,,,,,,,,,,,,,,,,,
47,17,13,6,S66,False,0,8,8,0,12,0,0,0,0,"['B668', 'B438', 'B107', 'B225', 'B551', 'B268', 'B750', 'B413', 'B14', 'B83', 'B111', 'B518']",6.0,S54,5.58,12,8,20,0.0,,-1.325352,-13.467172,-14.792525,False,False,12,S29,True,8,1.3451,pickup,,,,,,,,,,,,,,,,,,,,,,,,,,,,,,,,,,,,,,,,,,,,,,,,,,,,
47,17,13,18,S54,False,12,8,20,12,0,0,0,0,0,"['B668', 'B438', 'B107', 'B225', 'B551', 'B268', 'B750', 'B413', 'B14', 'B83', 'B111', 'B518']",6.0,S60,6.45,0,8,8,0.0,,-1.141281,-13.375024,-14.516305,False,False,12,S24,True,6,1.3694,delivery,,,,,,,,,,,,,,,,,,,,,,,,,,,,,,,,,,,,,,,,,,,,,,,,,,,,
47,17,13,30,S60,False,0,8,8,0,0,0,2,0,0,"['B359', 'B125']",1.0,S48,8.25,0,10,10,0.0,,-1.760087,-13.547337,-15.307424,True,True,24,S48,False,15,2.4127,do_nothing+depot_removal,,,,,,,,,,,,,,,,,,,,,,,,,,,,,,,,,,,,,,,,,,,,,,,,,,,,
47,17,13,40,S48,False,0,10,10,0,10,0,0,0,0,"['B255', 'B740', 'B611', 'B133', 'B460', 'B276', 'B300', 'B633', 'B765', 'B603']",5.0,S55,5.56,10,10,20,0.0,,-1.669819,-13.451133,-15.120952,False,False,18,S29,True,9,2.1903,pickup,,,,,,,,,,,,,,,,,,,,,,,,,,,,,,,,,,,,,,,,,,,,,,,,,,,,
47,17,13,50,S55,False,10,10,20,10,0,0,0,0,0,"['B255', 'B740', 'B611', 'B133', 'B460', 'B276', 'B300', 'B633', 'B765', 'B603']",5.0,S60,6.87,0,10,10,0.0,,-2.023105,-13.516779,-15.539884,False,False,12,S32,True,8,1.2963,delivery,,,,,,,,,,,,,,,,,,,,,,,,,,,,,,,,,,,,,,,,,,,,,,,,,,,,
47,17,14,2,S60,False,0,10,10,0,10,0,0,0,0,"['B718', 'B646', 'B302', 'B449', 'B625', 'B453', 'B119', 'B501', 'B758', 'B29']",5.0,S43,4.48,10,10,20,0.0,,-1.914137,-13.438752,-15.35289,False,False,12,S58,True,8,1.3579,pickup,,,,,,,,,,,,,,,,,,,,,,,,,,,,,,,,,,,,,,,,,,,,,,,,,,,,
47,17,14,11,S43,False,10,10,20,10,0,0,0,0,0,"['B718', 'B646', 'B302', 'B449', 'B625', 'B453', 'B119', 'B501', 'B758', 'B29']",5.0,S51,3.12,0,10,10,0.0,,-1.538695,-13.320826,-14.859521,True,False,18,S51,True,6,2.6254,delivery,,,,,,,,,,,,,,,,,,,,,,,,,,,,,,,,,,,,,,,,,,,,,,,,,,,,
47,17,14,20,S51,False,0,10,10,0,10,1,0,0,0,"['B533', 'B459', 'B759', 'B46', 'B99', 'B97', 'B261', 'B681', 'B135', 'B49']",8.0,S55,5.48,10,10,20,0.0,,-1.193142,-13.440023,-14.633165,True,True,36,S9,True,31,4.748,pickup+onsite,,,,,,,,,,,,,,,,,,,,,,,,,,,,,,,,,,,,,,,,,,,,,,,,,,,,
47,17,14,33,S55,False,10,10,20,10,0,0,0,0,0,"['B533', 'B459', 'B759', 'B46', 'B99', 'B97', 'B261', 'B681', 'B135', 'B49']",5.0,S30,7.99,0,10,10,0.0,,-1.812911,-13.290977,-15.103888,False,False,12,S30,False,6,1.4698,delivery,,,,,,,,,,,,,,,,,,,,,,,,,,,,,,,,,,,,,,,,,,,,,,,,,,,,
47,17,14,46,S30,False,0,10,10,0,10,0,0,0,0,"['B510', 'B189', 'B579', 'B86', 'B590', 'B273', 'B351', 'B193', 'B244', 'B401']",5.0,S54,7.41,10,10,20,0.0,,-1.475195,-13.320349,-14.795544,False,False,12,S47,True,10,1.2069,pickup,,,,,,,,,,,,,,,,,,,,,,,,,,,,,,,,,,,,,,,,,,,,,,,,,,,,
47,17,14,58,S54,False,10,10,20,10,0,0,0,0,0,"['B510', 'B189', 'B579', 'B86', 'B590', 'B273', 'B351', 'B193', 'B244', 'B401']",5.0,S60,6.45,0,10,10,0.0,,-0.986692,-13.193112,-14.179804,False,False,12,S31,True,7,1.4849,delivery,,,,,,,,,,,,,,,,,,,,,,,,,,,,,,,,,,,,,,,,,,,,,,,,,,,,
47,17,15,10,S60,False,0,10,10,0,10,0,0,0,0,"['B104', 'B213', 'B31', 'B27', 'B57', 'B144', 'B738', 'B201', 'B87', 'B318']",5.0,S50,8.32,10,10,20,0.0,,-0.898271,-13.183663,-14.081934,False,False,12,S37,True,6,1.3386,pickup,,,,,,,,,,,,,,,,,,,,,,,,,,,,,,,,,,,,,,,,,,,,,,,,,,,,
47,17,15,23,S50,False,10,10,20,10,0,0,0,0,0,"['B104', 'B213', 'B31', 'B27', 'B57', 'B144', 'B738', 'B201', 'B87', 'B318']",5.0,S48,8.86,0,10,10,0.0,,-0.92773,-13.176282,-14.104011,False,False,12,S63,True,9,1.5227,delivery,,,,,,,,,,,,,,,,,,,,,,,,,,,,,,,,,,,,,,,,,,,,,,,,,,,,
47,17,15,37,S48,False,0,10,10,0,9,0,0,0,0,"['B203', 'B157', 'B669', 'B211', 'B589', 'B595', 'B276', 'B343', 'B59']",4.5,S35,8.23,9,10,19,0.0,,-1.058857,-12.996394,-14.05525,True,False,36,S36,True,26,4.4528,pickup,,,,,,,,,,,,,,,,,,,,,,,,,,,,,,,,,,,,,,,,,,,,,,,,,,,,
47,17,15,50,S35,False,9,10,19,9,0,2,0,0,0,"['B203', 'B157', 'B669', 'B211', 'B589', 'B595', 'B276', 'B343', 'B59']",10.5,S41,9.63,0,10,10,0.0,,-0.932034,-13.111532,-14.043566,True,True,36,S36,True,31,5.1021,delivery+onsite,,,,,,,,,,,,,,,,,,,,,,,,,,,,,,,,,,,,,,,,,,,,,,,,,,,,
47,17,16,10,S41,False,0,10,10,0,10,0,0,0,0,"['B283', 'B438', 'B205', 'B713', 'B528', 'B168', 'B478', 'B479', 'B95', 'B497']",5.0,S36,8.44,10,10,20,0.0,,-1.282144,-13.071327,-14.353472,False,False,12,S33,True,10,1.5916,pickup,,,,,,,,,,,,,,,,,,,,,,,,,,,,,,,,,,,,,,,,,,,,,,,,,,,,
47,17,16,23,S36,False,10,10,20,10,0,0,0,0,0,"['B283', 'B438', 'B205', 'B713', 'B528', 'B168', 'B478', 'B479', 'B95', 'B497']",5.0,S31,7.34,0,10,10,0.0,,-1.315659,-12.977258,-14.292916,False,False,12,S55,True,6,1.5697,delivery,,,,,,,,,,,,,,,,,,,,,,,,,,,,,,,,,,,,,,,,,,,,,,,,,,,,
47,17,16,36,S31,False,0,10,10,0,10,1,0,0,0,"['B347', 'B428', 'B53', 'B714', 'B469', 'B328', 'B303', 'B90', 'B62', 'B251']",8.0,S55,6.19,10,10,20,0.0,,-0.656702,-12.99846,-13.655162,True,True,36,S66,True,31,4.4225,pickup+onsite,,,,,,,,,,,,,,,,,,,,,,,,,,,,,,,,,,,,,,,,,,,,,,,,,,,,
47,17,16,50,S55,False,10,10,20,10,0,0,0,0,0,"['B347', 'B428', 'B53', 'B714', 'B469', 'B328', 'B303', 'B90', 'B62', 'B251']",5.0,S60,6.87,0,10,10,0.0,,-1.115868,-12.973055,-14.088922,False,False,12,S33,True,7,1.5688,delivery,,,,,,,,,,,,,,,,,,,,,,,,,,,,,,,,,,,,,,,,,,,,,,,,,,,,
47,17,17,2,S60,False,0,10,10,0,10,0,0,0,0,"['B763', 'B599', 'B19', 'B742', 'B362', 'B409', 'B150', 'B533', 'B300', 'B278']",5.0,S28,9.27,10,10,20,0.0,,-1.077184,-12.864712,-13.941896,False,False,12,S66,True,6,1.4705,pickup,,,,,,,,,,,,,,,,,,,,,,,,,,,,,,,,,,,,,,,,,,,,,,,,,,,,
47,17,17,16,S28,False,10,10,20,10,0,0,0,0,0,"['B763', 'B599', 'B19', 'B742', 'B362', 'B409', 'B150', 'B533', 'B300', 'B278']",5.0,S66,8.95,0,10,10,0.0,,-0.528174,-12.755712,-13.283886,False,False,12,S62,True,10,1.582,delivery,,,,,,,,,,,,,,,,,,,,,,,,,,,,,,,,,,,,,,,,,,,,,,,,,,,,
47,17,17,30,S66,False,0,10,10,0,10,0,0,0,0,"['B252', 'B434', 'B280', 'B521', 'B206', 'B751', 'B661', 'B435', 'B677', 'B444']",5.0,S38,3.69,10,10,20,0.0,,-0.539527,-12.790874,-13.330401,False,False,12,S27,True,7,1.771,pickup,,,,,,,,,,,,,,,,,,,,,,,,,,,,,,,,,,,,,,,,,,,,,,,,,,,,
47,17,17,39,S38,False,10,10,20,9,0,0,0,0,0,"['B252', 'B434', 'B280', 'B521', 'B206', 'B751', 'B661', 'B435', 'B677']",4.5,S4,1.95,1,10,11,0.0,,-0.429509,-13.004507,-13.434016,False,False,18,S62,True,7,2.1076,delivery,,,,,,,,,,,,,,,,,,,,,,,,,,,,,,,,,,,,,,,,,,,,,,,,,,,,
47,17,17,45,S4,False,1,10,11,0,9,0,0,0,0,"['B676', 'B61', 'B174', 'B389', 'B605', 'B683', 'B179', 'B233', 'B471']",4.5,S54,5.11,10,10,20,0.0,,-0.771888,-13.008134,-13.780022,True,False,18,S62,True,14,2.7436,pickup,,,,,,,,,,,,,,,,,,,,,,,,,,,,,,,,,,,,,,,,,,,,,,,,,,,,
47,17,17,55,S54,False,10,10,20,10,0,0,1,0,0,"['B240', 'B444', 'B676', 'B61', 'B174', 'B389', 'B605', 'B683', 'B179', 'B233', 'B471']",5.5,S9,9.33,0,11,11,0.0,,-0.529543,-12.975223,-13.504766,True,True,18,S31,True,16,2.3797,delivery+depot_removal,,,,,,,,,,,,,,,,,,,,,,,,,,,,,,,,,,,,,,,,,,,,,,,,,,,,
47,17,18,10,S9,False,0,11,11,0,6,0,0,0,0,"['B616', 'B320', 'B458', 'B42', 'B344', 'B685']",3.0,S63,6.89,6,11,17,0.0,,-0.66019,-13.071644,-13.731833,False,False,18,S65,True,6,2.4463,pickup,,,,,,,,,,,,,,,,,,,,,,,,,,,,,,,,,,,,,,,,,,,,,,,,,,,,
47,17,18,19,S63,False,6,11,17,6,0,1,1,0,0,"['B447', 'B616', 'B320', 'B458', 'B42', 'B344', 'B685']",6.5,S12,5.44,0,12,12,0.0,,-0.715605,-13.045309,-13.760915,True,True,48,S62,True,44,6.7644,delivery+maintenance,,,,,,,,,,,,,,,,,,,,,,,,,,,,,,,,,,,,,,,,,,,,,,,,,,,,
47,17,18,31,S12,False,0,12,12,0,8,0,0,0,0,"['B128', 'B586', 'B63', 'B597', 'B690', 'B468', 'B297', 'B4']",4.0,S51,2.02,8,12,20,0.0,,-0.372296,-12.885214,-13.25751,True,False,18,S65,True,16,2.646,pickup,,,,,,,,,,,,,,,,,,,,,,,,,,,,,,,,,,,,,,,,,,,,,,,,,,,,
47,17,18,37,S51,False,8,12,20,8,0,0,1,0,0,"['B11', 'B128', 'B586', 'B63', 'B597', 'B690', 'B468', 'B297', 'B4']",4.5,S65,10.57,0,13,13,0.0,,-0.452985,-12.761447,-13.214433,True,True,18,S41,True,13,2.6499,delivery+depot_removal,,,,,,,,,,,,,,,,,,,,,,,,,,,,,,,,,,,,,,,,,,,,,,,,,,,,
47,17,18,53,S65,False,0,13,13,0,7,0,0,0,0,"['B499', 'B324', 'B293', 'B175', 'B316', 'B756', 'B487']",3.5,S62,5.94,7,13,20,0.0,,-0.481454,-12.850569,-13.332024,False,False,12,S39,True,10,1.4704,pickup,,,,,,,,,,,,,,,,,,,,,,,,,,,,,,,,,,,,,,,,,,,,,,,,,,,,
47,17,19,2,S62,False,7,13,20,7,0,1,0,0,0,"['B499', 'B324', 'B293', 'B175', 'B316', 'B756', 'B487']",6.5,S40,0.73,0,13,13,0.0,,-0.391704,-12.896353,-13.288058,True,True,24,S55,True,20,3.1722,delivery+onsite,,,,,,,,,,,,,,,,,,,,,,,,,,,,,,,,,,,,,,,,,,,,,,,,,,,,
47,17,19,9,S40,False,0,13,13,0,7,0,0,0,0,"['B94', 'B566', 'B420', 'B551', 'B298', 'B510', 'B151']",3.5,S55,2.75,7,13,20,0.0,,-0.451932,-12.824523,-13.276455,False,False,12,S41,True,10,1.8866,pickup,,,,,,,,,,,,,,,,,,,,,,,,,,,,,,,,,,,,,,,,,,,,,,,,,,,,
47,17,19,15,S55,False,7,13,20,7,0,0,0,0,0,"['B94', 'B566', 'B420', 'B551', 'B298', 'B510', 'B151']",3.5,S41,7.46,0,13,13,0.0,,-0.321245,-12.913634,-13.234878,False,False,12,S41,False,6,1.7255,delivery,,,,,,,,,,,,,,,,,,,,,,,,,,,,,,,,,,,,,,,,,,,,,,,,,,,,
47,17,19,26,S41,False,0,13,13,0,7,0,0,0,0,"['B256', 'B153', 'B612', 'B191', 'B590', 'B236', 'B387']",3.5,S30,0.92,7,13,20,0.0,,-0.323556,-12.769127,-13.092683,False,False,12,S66,True,10,2.0241,pickup,,,,,,,,,,,,,,,,,,,,,,,,,,,,,,,,,,,,,,,,,,,,,,,,,,,,
47,17,19,31,S30,False,7,13,20,7,0,0,0,0,0,"['B256', 'B153', 'B612', 'B191', 'B590', 'B236', 'B387']",3.5,S66,1.88,0,13,13,0.0,,-0.195375,-12.913054,-13.108429,False,False,12,S59,True,10,1.4438,delivery,,,,,,,,,,,,,,,,,,,,,,,,,,,,,,,,,,,,,,,,,,,,,,,,,,,,
47,17,19,36,S66,False,0,13,13,0,7,0,0,0,0,"['B523', 'B262', 'B440', 'B728', 'B740', 'B741', 'B271']",3.5,S33,3.23,7,13,20,0.0,,-0.194329,-12.886195,-13.080524,False,False,10,S33,False,6,1.4872,pickup,,,,,,,,,,,,,,,,,,,,,,,,,,,,,,,,,,,,,,,,,,,,,,,,,,,,
47,17,19,43,S33,False,7,13,20,0,0,0,0,0,0,[],0.0,S58,2.58,7,13,20,0.0,,-0.175901,-12.817596,-12.993497,True,False,10,S45,True,3,1.1503,do_nothing,,,,,,,,,,,,,,,,,,,,,,,,,,,,,,,,,,,,,,,,,,,,,,,,,,,,
47,17,19,45,S58,False,7,13,20,0,0,0,0,0,0,[],0.0,S33,2.58,7,13,20,0.0,,-0.214029,-12.839435,-13.053463,False,False,4,D0,True,0,0.4836,do_nothing,,,,,,,,,,,,,,,,,,,,,,,,,,,,,,,,,,,,,,,,,,,,,,,,,,,,
47,17,19,48,S33,False,7,13,20,7,0,1,0,0,0,"['B523', 'B262', 'B440', 'B728', 'B740', 'B741', 'B271']",6.5,D0,0.94,0,13,13,0.0,,-0.146882,-13.018124,-13.165006,True,True,4,D0,False,3,0.4453,delivery+onsite,,,,,,,,,,,,,,,,,,,,,,,,,,,,,,,,,,,,,,,,,,,,,,,,,,,,
47,17,19,56,D0,True,0,13,13,0,0,0,0,13,10,"['B103', 'B699', 'B114', 'B525', 'B473', 'B171', 'B361', 'B491', 'B323', 'B13', 'B600', 'B96', 'B68', 'B667', 'B519', 'B546', 'B652', 'B654', 'B359', 'B125', 'B240', 'B447', 'B11']",11.5,D0,0.0,10,0,10,0.0,,-0.195349,-12.996686,-13.192035,True,True,1,D0,False,0,0.1862,do_nothing,,,,,,,,,,,,,,,,,,,,,,,,,,,,,,,,,,,,,,,,,,,,,,,,,,,,
47,18,6,7,D0,True,10,0,10,0,0,0,0,0,0,[],0.0,S54,1.95,10,0,10,0.0,,-1.791117,-13.434463,-15.225579,True,True,5,S62,True,2,0.5783,depot_passthrough,,,,,,,,,,,,,,,,,,,,,,,,,,,,,,,,,,,,,,,,,,,,,,,,,,,,
47,18,6,24,S54,False,10,0,10,0,10,0,0,0,0,"['B396', 'B371', 'B506', 'B115', 'B276', 'B492', 'B293', 'B669', 'B316', 'B746']",5.0,S51,6.18,20,0,20,0.0,,-1.972422,-13.548678,-15.521101,True,False,18,S51,False,14,2.3954,pickup,,,,,,,,,,,,,,,,,,,,,,,,,,,,,,,,,,,,,,,,,,,,,,,,,,,,
47,18,6,35,S51,False,20,0,20,18,0,0,1,0,0,"['B343', 'B103', 'B699', 'B114', 'B525', 'B473', 'B171', 'B361', 'B491', 'B323', 'B13', 'B396', 'B371', 'B506', 'B115', 'B276', 'B492', 'B293', 'B669']",9.5,S60,7.5,2,1,3,0.0,,-1.875269,-13.465184,-15.340452,True,True,30,S22,True,12,3.5854,delivery+depot_removal,,,,,,,,,,,,,,,,,,,,,,,,,,,,,,,,,,,,,,,,,,,,,,,,,,,,
47,18,6,52,S60,False,2,1,3,0,17,0,0,0,0,"['B332', 'B475', 'B0', 'B544', 'B538', 'B372', 'B711', 'B645', 'B23', 'B619', 'B428', 'B670', 'B29', 'B395', 'B251', 'B282', 'B535']",8.5,S65,3.09,19,1,20,0.0,,-1.784524,-13.488429,-15.272954,False,False,12,S66,True,7,1.6218,pickup,,,,,,,,,,,,,,,,,,,,,,,,,,,,,,,,,,,,,,,,,,,,,,,,,,,,
47,18,7,4,S65,False,19,1,20,18,0,0,0,0,0,"['B316', 'B746', 'B332', 'B475', 'B0', 'B544', 'B538', 'B372', 'B711', 'B645', 'B23', 'B619', 'B428', 'B670', 'B29', 'B395', 'B251', 'B282']",9.0,S59,5.18,1,1,2,0.0,,-1.212408,-13.551459,-14.763867,False,False,18,S66,True,10,2.4961,delivery,,,,,,,,,,,,,,,,,,,,,,,,,,,,,,,,,,,,,,,,,,,,,,,,,,,,
47,18,7,18,S59,False,1,1,2,0,13,1,0,0,0,"['B217', 'B529', 'B631', 'B591', 'B110', 'B500', 'B648', 'B518', 'B644', 'B51', 'B2', 'B679', 'B356']",9.5,S66,2.96,14,1,15,0.0,,-1.337956,-13.589743,-14.927699,True,True,36,S38,True,30,4.7474,pickup+onsite,,,,,,,,,,,,,,,,,,,,,,,,,,,,,,,,,,,,,,,,,,,,,,,,,,,,
47,18,7,30,S66,False,14,1,15,14,0,0,0,0,0,"['B535', 'B217', 'B529', 'B631', 'B591', 'B110', 'B500', 'B648', 'B518', 'B644', 'B51', 'B2', 'B679', 'B356']",7.0,S52,3.13,0,1,1,0.0,,-1.066857,-13.589524,-14.656381,False,False,12,S32,True,9,1.6017,delivery,,,,,,,,,,,,,,,,,,,,,,,,,,,,,,,,,,,,,,,,,,,,,,,,,,,,
47,18,7,41,S52,False,0,1,1,0,11,0,0,0,0,"['B765', 'B514', 'B616', 'B320', 'B453', 'B198', 'B307', 'B73', 'B341', 'B43', 'B26']",5.5,S15,4.21,11,1,12,0.0,,-1.134411,-13.554437,-14.688848,False,False,18,S31,True,15,2.3603,pickup,,,,,,,,,,,,,,,,,,,,,,,,,,,,,,,,,,,,,,,,,,,,,,,,,,,,
47,18,7,50,S15,False,11,1,12,11,0,1,0,0,0,"['B765', 'B514', 'B616', 'B320', 'B453', 'B198', 'B307', 'B73', 'B341', 'B43', 'B26']",8.5,S36,7.68,0,1,1,0.0,,-1.114244,-13.499164,-14.613408,True,True,24,S32,True,21,3.4577,delivery+onsite,,,,,,,,,,,,,,,,,,,,,,,,,,,,,,,,,,,,,,,,,,,,,,,,,,,,
47,18,8,6,S36,False,0,1,1,0,12,0,0,0,0,"['B478', 'B479', 'B95', 'B497', 'B54', 'B469', 'B16', 'B74', 'B572', 'B265', 'B330', 'B210']",6.0,S51,1.89,12,1,13,0.0,,-0.968168,-13.716794,-14.684962,False,False,18,S3,True,12,2.0522,pickup,,,,,,,,,,,,,,,,,,,,,,,,,,,,,,,,,,,,,,,,,,,,,,,,,,,,
47,18,8,14,S51,False,12,1,13,12,0,0,0,0,0,"['B478', 'B479', 'B95', 'B497', 'B54', 'B469', 'B16', 'B74', 'B572', 'B265', 'B330', 'B210']",6.0,S54,6.18,0,1,1,0.0,,-0.886116,-13.637531,-14.523648,False,False,12,S56,True,6,1.4867,delivery,,,,,,,,,,,,,,,,,,,,,,,,,,,,,,,,,,,,,,,,,,,,,,,,,,,,
47,18,8,26,S54,False,0,1,1,0,14,0,1,0,0,"['B703', 'B761', 'B83', 'B20', 'B10', 'B567', 'B517', 'B718', 'B610', 'B488', 'B323', 'B676', 'B273', 'B614', 'B159']",7.5,S50,2.71,14,2,16,0.0,,-0.839991,-13.495442,-14.335433,True,True,36,S3,True,22,3.9977,pickup+depot_removal,,,,,,,,,,,,,,,,,,,,,,,,,,,,,,,,,,,,,,,,,,,,,,,,,,,,
47,18,8,37,S50,False,14,2,16,12,0,0,0,0,0,"['B703', 'B761', 'B83', 'B20', 'B10', 'B567', 'B517', 'B718', 'B610', 'B488', 'B323', 'B676']",6.0,S32,4.46,2,2,4,0.0,,-0.719854,-13.328817,-14.048671,False,False,18,S31,True,16,2.7483,delivery,,,,,,,,,,,,,,,,,,,,,,,,,,,,,,,,,,,,,,,,,,,,,,,,,,,,
47,18,8,47,S32,False,2,2,4,0,14,0,0,0,0,"['B184', 'B465', 'B634', 'B131', 'B635', 'B28', 'B149', 'B135', 'B172', 'B415', 'B88', 'B14', 'B4', 'B442']",7.0,S31,6.41,16,2,18,0.0,,-0.585904,-13.233205,-13.819109,False,False,18,S3,True,6,2.6196,pickup,,,,,,,,,,,,,,,,,,,,,,,,,,,,,,,,,,,,,,,,,,,,,,,,,,,,
47,18,9,1,S31,False,16,2,18,16,0,0,1,0,0,"['B8', 'B273', 'B614', 'B184', 'B465', 'B634', 'B131', 'B635', 'B28', 'B149', 'B135', 'B172', 'B415', 'B88', 'B14', 'B4', 'B442']",8.5,S37,2.81,0,3,3,0.0,,-0.544963,-13.14436,-13.689323,True,True,24,S3,True,19,3.4027,delivery+depot_removal,,,,,,,,,,,,,,,,,,,,,,,,,,,,,,,,,,,,,,,,,,,,,,,,,,,,
47,18,9,12,S37,False,0,3,3,0,16,1,0,0,0,"['B411', 'B693', 'B24', 'B628', 'B182', 'B187', 'B570', 'B303', 'B185', 'B190', 'B665', 'B742', 'B124', 'B329', 'B485', 'B272']",11.0,S27,4.19,16,3,19,0.0,,-0.614156,-13.183605,-13.79776,True,True,36,S3,True,18,4.8452,pickup+onsite,,,,,,,,,,,,,,,,,,,,,,,,,,,,,,,,,,,,,,,,,,,,,,,,,,,,
47,18,9,27,S27,False,16,3,19,11,0,0,1,0,0,"['B291', 'B411', 'B693', 'B24', 'B628', 'B182', 'B187', 'B570', 'B303', 'B185', 'B190', 'B665']",6.0,S16,4.73,5,4,9,0.0,,-0.468317,-13.111582,-13.579899,True,True,36,S22,True,20,4.2449,delivery+depot_removal,,,,,,,,,,,,,,,,,,,,,,,,,,,,,,,,,,,,,,,,,,,,,,,,,,,,
47,18,9,38,S16,False,5,4,9,0,9,0,0,0,0,"['B563', 'B228', 'B214', 'B45', 'B594', 'B229', 'B170', 'B285', 'B72']",4.5,S22,8.42,14,4,18,0.0,,-0.526054,-13.20767,-13.733724,False,False,18,S1,True,14,3.3584,pickup,,,,,,,,,,,,,,,,,,,,,,,,,,,,,,,,,,,,,,,,,,,,,,,,,,,,
47,18,9,51,S22,False,14,4,18,14,0,1,0,0,0,"['B742', 'B124', 'B329', 'B485', 'B272', 'B563', 'B228', 'B214', 'B45', 'B594', 'B229', 'B170', 'B285', 'B72']",10.0,S41,3.42,0,4,4,0.0,,-0.566089,-13.183966,-13.750056,True,True,36,S17,True,33,4.6395,delivery+onsite,,,,,,,,,,,,,,,,,,,,,,,,,,,,,,,,,,,,,,,,,,,,,,,,,,,,
47,18,10,4,S41,False,0,4,4,0,13,0,0,0,0,"['B178', 'B646', 'B305', 'B227', 'B250', 'B266', 'B412', 'B133', 'B76', 'B84', 'B53', 'B242', 'B733']",6.5,S26,6.65,13,4,17,0.0,,-0.437658,-13.290521,-13.728178,False,False,18,S30,True,6,2.8946,pickup,,,,,,,,,,,,,,,,,,,,,,,,,,,,,,,,,,,,,,,,,,,,,,,,,,,,
47,18,10,17,S26,False,13,4,17,13,0,0,0,0,0,"['B178', 'B646', 'B305', 'B227', 'B250', 'B266', 'B412', 'B133', 'B76', 'B84', 'B53', 'B242', 'B733']",6.5,S13,11.1,0,4,4,0.0,,-0.399207,-13.183456,-13.582663,False,False,12,S38,True,7,2.3537,delivery,,,,,,,,,,,,,,,,,,,,,,,,,,,,,,,,,,,,,,,,,,,,,,,,,,,,
47,18,10,35,S13,False,0,4,4,0,14,0,1,0,0,"['B106', 'B263', 'B448', 'B397', 'B596', 'B246', 'B355', 'B750', 'B474', 'B34', 'B499', 'B632', 'B56', 'B418', 'B6']",7.5,S12,17.14,14,5,19,0.0,,-0.595098,-13.378194,-13.973292,True,True,36,S5,True,18,6.547,pickup+depot_removal,,,,,,,,,,,,,,,,,,,,,,,,,,,,,,,,,,,,,,,,,,,,,,,,,,,,
47,18,11,0,S12,False,14,5,19,9,0,0,1,0,0,"['B248', 'B106', 'B263', 'B448', 'B397', 'B596', 'B246', 'B355', 'B750', 'B474']",5.0,S1,9.79,5,6,11,0.0,,-0.438425,-13.43566,-13.874086,True,True,36,S17,True,18,4.7474,delivery+depot_removal,,,,,,,,,,,,,,,,,,,,,,,,,,,,,,,,,,,,,,,,,,,,,,,,,,,,
47,18,11,14,S1,False,5,6,11,5,0,0,1,0,0,"['B691', 'B34', 'B499', 'B632', 'B56', 'B418']",3.0,S57,0.66,0,7,7,0.0,,-0.418772,-13.299324,-13.718096,True,True,24,S57,False,18,3.3744,delivery+depot_removal,,,,,,,,,,,,,,,,,,,,,,,,,,,,,,,,,,,,,,,,,,,,,,,,,,,,
47,18,11,18,S57,False,0,7,7,0,12,0,0,0,0,"['B416', 'B422', 'B566', 'B578', 'B200', 'B542', 'B152', 'B467', 'B414', 'B509', 'B225', 'B204']",6.0,S17,8.44,12,7,19,0.0,,-0.515684,-13.283772,-13.799456,False,False,18,S47,True,13,2.9842,pickup,,,,,,,,,,,,,,,,,,,,,,,,,,,,,,,,,,,,,,,,,,,,,,,,,,,,
47,18,11,32,S17,False,12,7,19,12,0,0,1,0,0,"['B354', 'B416', 'B422', 'B566', 'B578', 'B200', 'B542', 'B152', 'B467', 'B414', 'B509', 'B225', 'B204']",6.5,S19,14.14,0,8,8,0.0,,-0.547119,-13.234162,-13.781282,True,True,24,S19,False,21,3.9001,delivery+depot_removal,,,,,,,,,,,,,,,,,,,,,,,,,,,,,,,,,,,,,,,,,,,,,,,,,,,,
47,18,11,53,S19,False,0,8,8,0,6,0,3,0,0,"['B602', 'B393', 'B666', 'B694', 'B233', 'B179', 'B369', 'B495', 'B421']",4.5,S46,4.09,6,11,17,0.0,,-0.436761,-13.24163,-13.678391,True,True,72,S37,True,42,10.7758,pickup+depot_removal,,,,,,,,,,,,,,,,,,,,,,,,,,,,,,,,,,,,,,,,,,,,,,,,,,,,
47,18,12,2,S46,False,6,11,17,6,0,0,0,0,0,"['B602', 'B393', 'B666', 'B694', 'B233', 'B179']",3.0,S16,1.33,0,11,11,0.0,,-0.507795,-13.319365,-13.82716,False,False,12,S40,True,6,1.5366,delivery,,,,,,,,,,,,,,,,,,,,,,,,,,,,,,,,,,,,,,,,,,,,,,,,,,,,
47,18,12,6,S16,False,0,11,11,0,9,0,0,0,0,"['B515', 'B698', 'B18', 'B345', 'B563', 'B697', 'B675', 'B394', 'B703']",4.5,S25,14.05,9,11,20,0.0,,-0.701579,-13.351359,-14.052938,False,False,12,S14,True,8,1.583,pickup,,,,,,,,,,,,,,,,,,,,,,,,,,,,,,,,,,,,,,,,,,,,,,,,,,,,
47,18,12,24,S25,False,9,11,20,9,0,0,0,0,0,"['B515', 'B698', 'B18', 'B345', 'B563', 'B697', 'B675', 'B394', 'B703']",4.5,S37,12.82,0,11,11,0.0,,-1.319401,-13.417389,-14.73679,False,False,12,S37,False,6,1.2685,delivery,,,,,,,,,,,,,,,,,,,,,,,,,,,,,,,,,,,,,,,,,,,,,,,,,,,,
47,18,12,42,S37,False,0,11,11,0,9,1,0,0,0,"['B406', 'B483', 'B308', 'B657', 'B23', 'B619', 'B712', 'B549', 'B701']",7.5,S29,6.23,9,11,20,0.0,,-1.162231,-13.460066,-14.622297,True,True,24,S46,True,19,2.3885,pickup+onsite,,,,,,,,,,,,,,,,,,,,,,,,,,,,,,,,,,,,,,,,,,,,,,,,,,,,
47,18,12,56,S29,False,9,11,20,9,0,0,0,0,0,"['B406', 'B483', 'B308', 'B657', 'B23', 'B619', 'B712', 'B549', 'B701']",4.5,S41,7.7,0,11,11,0.0,,-1.236855,-13.505182,-14.742037,False,False,12,S41,False,6,1.4712,delivery,,,,,,,,,,,,,,,,,,,,,,,,,,,,,,,,,,,,,,,,,,,,,,,,,,,,
47,18,13,8,S41,False,0,11,11,0,9,0,0,0,0,"['B674', 'B224', 'B262', 'B530', 'B740', 'B730', 'B274', 'B40', 'B374']",4.5,S46,6.18,9,11,20,0.0,,-1.570432,-13.504827,-15.075258,False,False,12,S24,True,8,1.271,pickup,,,,,,,,,,,,,,,,,,,,,,,,,,,,,,,,,,,,,,,,,,,,,,,,,,,,
47,18,13,18,S46,False,9,11,20,9,0,0,0,0,0,"['B674', 'B224', 'B262', 'B530', 'B740', 'B730', 'B274', 'B40', 'B374']",4.5,S61,4.04,0,11,11,0.0,,-1.208452,-13.546708,-14.75516,False,False,12,S24,True,10,1.2861,delivery,,,,,,,,,,,,,,,,,,,,,,,,,,,,,,,,,,,,,,,,,,,,,,,,,,,,
47,18,13,27,S61,False,0,11,11,0,5,0,1,0,0,"['B230', 'B738', 'B581', 'B116', 'B742', 'B140']",3.0,S49,3.22,5,12,17,0.0,,-1.277622,-13.557889,-14.835512,True,True,36,S60,True,34,4.0047,pickup+depot_removal,,,,,,,,,,,,,,,,,,,,,,,,,,,,,,,,,,,,,,,,,,,,,,,,,,,,
47,18,13,33,S49,False,5,12,17,5,0,0,0,0,0,"['B230', 'B738', 'B581', 'B116', 'B742']",2.5,S41,2.5,0,12,12,0.0,,-1.471964,-13.272661,-14.744625,True,False,24,S62,True,13,2.7553,delivery,,,,,,,,,,,,,,,,,,,,,,,,,,,,,,,,,,,,,,,,,,,,,,,,,,,,
47,18,13,38,S41,False,0,12,12,0,8,0,0,0,0,"['B310', 'B45', 'B419', 'B229', 'B243', 'B129', 'B758', 'B410']",4.0,S26,6.65,8,12,20,0.0,,-1.515748,-13.318153,-14.833901,False,False,12,S55,True,8,1.349,pickup,,,,,,,,,,,,,,,,,,,,,,,,,,,,,,,,,,,,,,,,,,,,,,,,,,,,
47,18,13,49,S26,False,8,12,20,8,0,0,0,0,0,"['B310', 'B45', 'B419', 'B229', 'B243', 'B129', 'B758', 'B410']",4.0,S30,6.33,0,12,12,0.0,,-1.754543,-13.339463,-15.094006,False,False,12,S62,True,7,1.4389,delivery,,,,,,,,,,,,,,,,,,,,,,,,,,,,,,,,,,,,,,,,,,,,,,,,,,,,
47,18,13,59,S30,False,0,12,12,0,8,0,0,0,0,"['B541', 'B147', 'B314', 'B25', 'B178', 'B517', 'B765', 'B108']",4.0,S29,8.0,8,12,20,0.0,,-1.765482,-13.292773,-15.058255,False,False,12,S29,False,6,1.4388,pickup,,,,,,,,,,,,,,,,,,,,,,,,,,,,,,,,,,,,,,,,,,,,,,,,,,,,
47,18,14,11,S29,False,8,12,20,8,0,0,0,0,0,"['B541', 'B147', 'B314', 'B25', 'B178', 'B517', 'B765', 'B108']",4.0,S55,2.12,0,12,12,0.0,,-1.809218,-13.189313,-14.998531,False,False,12,S42,True,6,1.4803,delivery,,,,,,,,,,,,,,,,,,,,,,,,,,,,,,,,,,,,,,,,,,,,,,,,,,,,
47,18,14,17,S55,False,0,12,12,0,8,0,0,0,0,"['B453', 'B67', 'B544', 'B334', 'B557', 'B705', 'B514', 'B602']",4.0,S35,3.04,8,12,20,0.0,,-1.363513,-13.111906,-14.475419,True,False,24,S9,True,13,2.9039,pickup,,,,,,,,,,,,,,,,,,,,,,,,,,,,,,,,,,,,,,,,,,,,,,,,,,,,
47,18,14,24,S35,False,8,12,20,0,0,2,0,0,0,[],6.0,S54,2.91,8,12,20,0.0,,-1.211264,-13.325635,-14.5369,True,True,36,S42,True,16,4.2444,do_nothing+onsite,,,,,,,,,,,,,,,,,,,,,,,,,,,,,,,,,,,,,,,,,,,,,,,,,,,,
47,18,14,33,S54,False,8,12,20,8,0,0,1,0,0,"['B640', 'B453', 'B67', 'B544', 'B334', 'B557', 'B705', 'B514', 'B602']",4.5,S60,6.45,0,13,13,0.0,,-1.075669,-13.361725,-14.437393,True,True,18,S42,True,12,2.0055,delivery+depot_removal,,,,,,,,,,,,,,,,,,,,,,,,,,,,,,,,,,,,,,,,,,,,,,,,,,,,
47,18,14,44,S60,False,0,13,13,0,7,0,0,0,0,"['B508', 'B221', 'B405', 'B128', 'B26', 'B625', 'B732']",3.5,S29,7.31,7,13,20,0.0,,-1.0386,-13.306689,-14.345289,False,False,12,S29,False,6,1.4283,pickup,,,,,,,,,,,,,,,,,,,,,,,,,,,,,,,,,,,,,,,,,,,,,,,,,,,,
47,18,14,55,S29,False,7,13,20,0,0,0,0,0,0,[],0.0,S35,1.95,7,13,20,0.0,,-0.92704,-13.421478,-14.348518,False,False,12,S35,False,3,1.1948,do_nothing,,,,,,,,,,,,,,,,,,,,,,,,,,,,,,,,,,,,,,,,,,,,,,,,,,,,
47,18,14,57,S35,False,7,13,20,7,0,0,0,0,0,"['B508', 'B221', 'B405', 'B128', 'B26', 'B625', 'B732']",3.5,S60,9.21,0,13,13,0.0,,-0.868506,-13.356157,-14.224663,False,False,12,S42,True,9,1.3704,delivery,,,,,,,,,,,,,,,,,,,,,,,,,,,,,,,,,,,,,,,,,,,,,,,,,,,,
47,18,15,10,S60,False,0,13,13,0,7,0,0,0,0,"['B76', 'B233', 'B133', 'B325', 'B528', 'B84', 'B218']",3.5,S39,2.89,7,13,20,0.0,,-1.092234,-13.226138,-14.318372,False,False,18,S41,True,6,2.273,pickup,,,,,,,,,,,,,,,,,,,,,,,,,,,,,,,,,,,,,,,,,,,,,,,,,,,,
47,18,15,16,S39,False,7,13,20,7,0,1,0,0,0,"['B76', 'B233', 'B133', 'B325', 'B528', 'B84', 'B218']",6.5,S31,3.72,0,13,13,0.0,,-0.78164,-13.074904,-13.856543,True,True,24,S42,True,18,2.5369,delivery+onsite,,,,,,,,,,,,,,,,,,,,,,,,,,,,,,,,,,,,,,,,,,,,,,,,,,,,
47,18,15,26,S31,False,0,13,13,0,7,0,0,0,0,"['B261', 'B644', 'B487', 'B645', 'B713', 'B330', 'B9']",3.5,S42,9.6,7,13,20,0.0,,-0.69537,-12.974728,-13.670098,False,False,12,S38,True,9,1.2676,pickup,,,,,,,,,,,,,,,,,,,,,,,,,,,,,,,,,,,,,,,,,,,,,,,,,,,,
47,18,15,39,S42,False,7,13,20,0,0,1,0,0,0,[],3.0,S32,5.23,7,13,20,0.0,,-0.713516,-13.15544,-13.868955,True,True,48,S31,True,6,4.3746,do_nothing+onsite,,,,,,,,,,,,,,,,,,,,,,,,,,,,,,,,,,,,,,,,,,,,,,,,,,,,
47,18,15,48,S32,False,7,13,20,7,0,0,0,0,0,"['B261', 'B644', 'B487', 'B645', 'B713', 'B330', 'B9']",3.5,S41,7.65,0,13,13,0.0,,-0.771144,-13.10213,-13.873274,False,False,12,S31,True,7,1.0986,delivery,,,,,,,,,,,,,,,,,,,,,,,,,,,,,,,,,,,,,,,,,,,,,,,,,,,,
47,18,15,59,S41,False,0,13,13,0,7,0,0,0,0,"['B456', 'B752', 'B733', 'B522', 'B13', 'B590', 'B322']",3.5,S66,1.41,7,13,20,0.0,,-0.783868,-13.048422,-13.83229,False,False,12,S66,False,6,1.2331,pickup,,,,,,,,,,,,,,,,,,,,,,,,,,,,,,,,,,,,,,,,,,,,,,,,,,,,
47,18,16,4,S66,False,7,13,20,7,0,0,0,0,0,"['B456', 'B752', 'B733', 'B522', 'B13', 'B590', 'B322']",3.5,S16,4.13,0,13,13,0.0,,-0.702609,-13.09119,-13.793798,False,False,12,S31,True,8,1.1675,delivery,,,,,,,,,,,,,,,,,,,,,,,,,,,,,,,,,,,,,,,,,,,,,,,,,,,,
47,18,16,11,S16,False,0,13,13,0,7,0,0,0,0,"['B757', 'B294', 'B507', 'B486', 'B315', 'B565', 'B584']",3.5,S26,7.94,7,13,20,0.0,,-0.645115,-13.100762,-13.745877,False,False,12,S29,True,8,1.4627,pickup,,,,,,,,,,,,,,,,,,,,,,,,,,,,,,,,,,,,,,,,,,,,,,,,,,,,
47,18,16,23,S26,False,7,13,20,7,0,0,0,0,0,"['B757', 'B294', 'B507', 'B486', 'B315', 'B565', 'B584']",3.5,S43,8.51,0,13,13,0.0,,-0.725926,-12.970223,-13.696149,False,False,12,S31,True,10,1.3946,delivery,,,,,,,,,,,,,,,,,,,,,,,,,,,,,,,,,,,,,,,,,,,,,,,,,,,,
47,18,16,35,S43,False,0,13,13,0,7,0,0,0,0,"['B29', 'B663', 'B327', 'B424', 'B616', 'B378', 'B4']",3.5,S54,4.49,7,13,20,0.0,,-0.78583,-12.995095,-13.780926,True,False,48,S33,True,37,4.2286,pickup,,,,,,,,,,,,,,,,,,,,,,,,,,,,,,,,,,,,,,,,,,,,,,,,,,,,
47,18,16,43,S54,False,7,13,20,7,0,0,0,0,0,"['B29', 'B663', 'B327', 'B424', 'B616', 'B378', 'B4']",3.5,S31,5.7,0,13,13,0.0,,-0.557975,-12.876353,-13.434328,False,False,12,S10,True,6,1.0972,delivery,,,,,,,,,,,,,,,,,,,,,,,,,,,,,,,,,,,,,,,,,,,,,,,,,,,,
47,18,16,52,S31,False,0,13,13,0,7,0,0,0,0,"['B301', 'B480', 'B266', 'B365', 'B670', 'B83', 'B231']",3.5,S52,2.99,7,13,20,0.0,,-0.608813,-12.873801,-13.482615,False,False,12,S15,True,7,1.082,pickup,,,,,,,,,,,,,,,,,,,,,,,,,,,,,,,,,,,,,,,,,,,,,,,,,,,,
47,18,16,58,S52,False,7,13,20,7,0,0,1,0,0,"['B260', 'B301', 'B480', 'B266', 'B365', 'B670', 'B83', 'B231']",4.0,S33,0.73,0,14,14,0.0,,-0.704914,-12.752411,-13.457325,True,True,18,S31,True,13,1.5518,delivery+depot_removal,,,,,,,,,,,,,,,,,,,,,,,,,,,,,,,,,,,,,,,,,,,,,,,,,,,,
47,18,17,3,S33,False,0,14,14,0,6,0,0,0,0,"['B91', 'B287', 'B747', 'B592', 'B3', 'B247']",3.0,S54,3.1,6,14,20,0.0,,-0.529056,-12.663327,-13.192383,False,False,12,S47,True,7,1.0662,pickup,,,,,,,,,,,,,,,,,,,,,,,,,,,,,,,,,,,,,,,,,,,,,,,,,,,,
47,18,17,9,S54,False,6,14,20,6,0,0,0,0,0,"['B91', 'B287', 'B747', 'B592', 'B3', 'B247']",3.0,S47,8.4,0,14,14,0.0,,-0.401512,-12.634261,-13.035773,False,False,12,S21,True,7,1.3202,delivery,,,,,,,,,,,,,,,,,,,,,,,,,,,,,,,,,,,,,,,,,,,,,,,,,,,,
47,18,17,21,S47,False,0,14,14,0,6,0,0,0,0,"['B437', 'B413', 'B80', 'B99', 'B50', 'B627']",3.0,S19,10.78,6,14,20,0.0,,-0.409905,-12.701398,-13.111304,False,False,12,S41,True,10,1.2582,pickup,,,,,,,,,,,,,,,,,,,,,,,,,,,,,,,,,,,,,,,,,,,,,,,,,,,,
47,18,17,34,S19,False,6,14,20,0,0,0,0,0,0,[],0.0,S54,6.83,6,14,20,0.0,,-0.439985,-12.91201,-13.351996,False,False,12,S54,False,1,1.3437,do_nothing,,,,,,,,,,,,,,,,,,,,,,,,,,,,,,,,,,,,,,,,,,,,,,,,,,,,
47,18,17,41,S54,False,6,14,20,6,0,0,0,0,0,"['B437', 'B413', 'B80', 'B99', 'B50', 'B627']",3.0,S65,8.42,0,14,14,0.0,,-0.449773,-12.964797,-13.41457,False,False,12,S19,True,8,1.2277,delivery,,,,,,,,,,,,,,,,,,,,,,,,,,,,,,,,,,,,,,,,,,,,,,,,,,,,
47,18,17,53,S65,False,0,14,14,0,6,0,0,0,0,"['B212', 'B751', 'B635', 'B641', 'B604', 'B741']",3.0,S19,11.76,6,14,20,0.0,,-0.549064,-12.816861,-13.365925,False,False,12,S41,True,10,1.2585,pickup,,,,,,,,,,,,,,,,,,,,,,,,,,,,,,,,,,,,,,,,,,,,,,,,,,,,
47,18,18,7,S19,False,6,14,20,6,0,0,0,0,0,"['B212', 'B751', 'B635', 'B641', 'B604', 'B741']",3.0,S44,4.96,0,14,14,0.0,,-0.598962,-12.915355,-13.514317,False,False,12,S44,False,6,1.6061,delivery,,,,,,,,,,,,,,,,,,,,,,,,,,,,,,,,,,,,,,,,,,,,,,,,,,,,
47,18,18,15,S44,False,0,14,14,0,6,0,0,0,0,"['B26', 'B755', 'B639', 'B337', 'B700', 'B314']",3.0,S21,11.46,6,14,20,0.0,,-0.314389,-12.899347,-13.213736,True,False,18,S41,True,16,2.7628,pickup,,,,,,,,,,,,,,,,,,,,,,,,,,,,,,,,,,,,,,,,,,,,,,,,,,,,
47,18,18,30,S21,False,6,14,20,6,0,1,0,0,0,"['B26', 'B755', 'B639', 'B337', 'B700', 'B314']",6.0,S5,20.12,0,14,14,0.0,,-0.302397,-12.857946,-13.160343,True,True,24,S29,True,21,2.9215,delivery+onsite,,,,,,,,,,,,,,,,,,,,,,,,,,,,,,,,,,,,,,,,,,,,,,,,,,,,
47,18,18,56,S5,False,0,14,14,0,6,0,0,0,0,"['B481', 'B139', 'B194', 'B717', 'B141', 'B377']",3.0,S8,22.86,6,14,20,0.0,,-0.195799,-12.869781,-13.065581,False,False,12,S20,True,7,1.3255,pickup,,,,,,,,,,,,,,,,,,,,,,,,,,,,,,,,,,,,,,,,,,,,,,,,,,,,
47,18,19,22,S8,False,6,14,20,0,0,1,0,0,0,[],3.0,S39,18.91,6,14,20,0.0,,-0.174988,-12.852419,-13.027407,True,True,11,S57,True,7,1.1398,do_nothing+onsite,,,,,,,,,,,,,,,,,,,,,,,,,,,,,,,,,,,,,,,,,,,,,,,,,,,,
47,18,19,44,S39,False,6,14,20,6,0,0,0,0,0,"['B481', 'B139', 'B194', 'B717', 'B141', 'B377']",3.0,D0,3.37,0,14,14,0.0,,-0.26364,-13.486468,-13.750108,False,False,2,D0,False,1,0.222,delivery,,,,,,,,,,,,,,,,,,,,,,,,,,,,,,,,,,,,,,,,,,,,,,,,,,,,
47,18,19,50,D0,True,0,14,14,0,0,0,0,14,0,"['B343', 'B159', 'B8', 'B291', 'B6', 'B248', 'B691', 'B354', 'B369', 'B495', 'B421', 'B140', 'B640', 'B260']",7.0,D0,0.0,0,0,0,0.0,,-0.234325,-13.537456,-13.771781,True,True,1,D0,False,0,0.1216,do_nothing,,,,,,,,,,,,,,,,,,,,,,,,,,,,,,,,,,,,,,,,,,,,,,,,,,,,
47,19,6,12,D0,True,0,0,0,0,0,0,0,0,13,"['B600', 'B96', 'B68', 'B667', 'B519', 'B546', 'B652', 'B654', 'B359', 'B125', 'B240', 'B447', 'B11']",6.5,S62,0.46,13,0,13,0.0,,-0.117051,-13.378516,-13.495567,True,True,5,S31,True,0,0.6111,load_queue,,,,,,,,,,,,,,,,,,,,,,,,,,,,,,,,,,,,,,,,,,,,,,,,,,,,
47,19,6,34,S62,False,13,0,13,13,0,1,0,0,0,"['B600', 'B96', 'B68', 'B667', 'B519', 'B546', 'B652', 'B654', 'B359', 'B125', 'B240', 'B447', 'B11']",9.5,S31,2.98,0,0,0,0.0,,-0.088188,-13.348148,-13.436336,True,True,24,S18,True,18,3.3663,delivery+onsite,,,,,,,,,,,,,,,,,,,,,,,,,,,,,,,,,,,,,,,,,,,,,,,,,,,,
47,19,6,47,S31,False,0,0,0,0,20,0,0,0,0,"['B235', 'B609', 'B557', 'B18', 'B138', 'B629', 'B208', 'B622', 'B107', 'B295', 'B563', 'B311', 'B200', 'B672', 'B156', 'B237', 'B186', 'B549', 'B694', 'B453']",10.0,S26,6.02,20,0,20,0.0,,-0.245509,-13.28184,-13.527349,False,False,12,S26,False,6,1.977,pickup,,,,,,,,,,,,,,,,,,,,,,,,,,,,,,,,,,,,,,,,,,,,,,,,,,,,
47,19,7,3,S26,False,20,0,20,11,0,0,0,0,0,"['B235', 'B609', 'B557', 'B18', 'B138', 'B629', 'B208', 'B622', 'B107', 'B295', 'B563']",5.5,S54,5.73,9,0,9,0.0,,-0.195255,-13.232437,-13.427691,False,False,18,S54,False,7,2.1555,delivery,,,,,,,,,,,,,,,,,,,,,,,,,,,,,,,,,,,,,,,,,,,,,,,,,,,,
47,19,7,14,S54,False,9,0,9,9,0,0,0,0,0,"['B311', 'B200', 'B672', 'B156', 'B237', 'B186', 'B549', 'B694', 'B453']",4.5,S18,5.81,0,0,0,0.0,,-0.223814,-13.128405,-13.352219,False,False,12,S47,True,10,1.877,delivery,,,,,,,,,,,,,,,,,,,,,,,,,,,,,,,,,,,,,,,,,,,,,,,,,,,,
47,19,7,24,S18,False,0,0,0,0,13,1,1,0,0,"['B135', 'B497', 'B558', 'B484', 'B154', 'B498', 'B145', 'B436', 'B207', 'B201', 'B590', 'B185', 'B444', 'B160']",10.0,S40,3.81,13,1,14,0.0,,-0.185339,-13.132347,-13.317685,True,True,72,S44,True,42,8.0455,pickup+maintenance,,,,,,,,,,,,,,,,,,,,,,,,,,,,,,,,,,,,,,,,,,,,,,,,,,,,
47,19,7,38,S40,False,13,1,14,13,0,1,0,0,0,"['B135', 'B497', 'B558', 'B484', 'B154', 'B498', 'B145', 'B436', 'B207', 'B201', 'B590', 'B185', 'B444']",9.5,S44,2.76,0,1,1,0.0,,-0.312544,-12.902806,-13.21535,True,True,24,S44,False,18,3.0303,delivery+onsite,,,,,,,,,,,,,,,,,,,,,,,,,,,,,,,,,,,,,,,,,,,,,,,,,,,,
47,19,7,50,S44,False,0,1,1,0,11,0,1,0,0,"['B158', 'B199', 'B363', 'B243', 'B276', 'B573', 'B238', 'B167', 'B716', 'B591', 'B194', 'B450']",6.0,S47,6.18,11,2,13,0.0,,-0.331527,-12.847154,-13.178681,True,True,36,S47,False,34,4.9042,pickup+depot_removal,,,,,,,,,,,,,,,,,,,,,,,,,,,,,,,,,,,,,,,,,,,,,,,,,,,,
47,19,8,2,S47,False,11,2,13,0,7,0,0,0,0,"['B474', 'B38', 'B420', 'B181', 'B271', 'B65', 'B299']",3.5,S48,10.34,18,2,20,0.0,,-0.254255,-12.916446,-13.170701,False,False,12,S29,True,7,1.9003,pickup,,,,,,,,,,,,,,,,,,,,,,,,,,,,,,,,,,,,,,,,,,,,,,,,,,,,
47,19,8,16,S48,False,18,2,20,0,0,3,0,0,0,[],9.0,S19,0.52,18,2,20,0.0,,-0.390807,-12.845931,-13.236738,True,True,48,S29,True,18,5.9484,do_nothing+onsite,,,,,,,,,,,,,,,,,,,,,,,,,,,,,,,,,,,,,,,,,,,,,,,,,,,,
47,19,8,26,S19,False,18,2,20,7,0,0,0,0,0,"['B158', 'B199', 'B363', 'B243', 'B276', 'B573', 'B238']",3.5,S29,8.16,11,2,13,0.0,,-0.428409,-12.930988,-13.359397,False,False,18,S29,False,16,2.1701,delivery,,,,,,,,,,,,,,,,,,,,,,,,,,,,,,,,,,,,,,,,,,,,,,,,,,,,
47,19,8,37,S29,False,11,2,13,11,0,0,0,0,0,"['B167', 'B716', 'B591', 'B194', 'B474', 'B38', 'B420', 'B181', 'B271', 'B65', 'B299']",5.5,S55,2.12,0,2,2,0.0,,-0.350957,-12.926074,-13.27703,False,False,12,S55,False,8,1.5519,delivery,,,,,,,,,,,,,,,,,,,,,,,,,,,,,,,,,,,,,,,,,,,,,,,,,,,,
47,19,8,45,S55,False,0,2,2,0,14,1,0,0,0,"['B559', 'B535', 'B601', 'B544', 'B256', 'B355', 'B173', 'B534', 'B390', 'B480', 'B555', 'B266', 'B704', 'B128']",10.0,S30,7.99,14,2,16,0.0,,-0.234407,-12.871313,-13.10572,True,True,36,S33,True,18,4.7523,pickup+onsite,,,,,,,,,,,,,,,,,,,,,,,,,,,,,,,,,,,,,,,,,,,,,,,,,,,,
47,19,9,3,S30,False,14,2,16,9,0,0,0,0,0,"['B559', 'B535', 'B601', 'B544', 'B256', 'B355', 'B173', 'B534', 'B390']",4.5,S33,5.08,5,2,7,0.0,,-0.264684,-12.841274,-13.105958,False,False,18,S15,True,10,2.4128,delivery,,,,,,,,,,,,,,,,,,,,,,,,,,,,,,,,,,,,,,,,,,,,,,,,,,,,
47,19,9,13,S33,False,5,2,7,0,13,0,0,0,0,"['B710', 'B416', 'B157', 'B21', 'B406', 'B308', 'B595', 'B568', 'B182', 'B317', 'B661', 'B705', 'B405']",6.5,S26,6.45,18,2,20,0.0,,-0.263163,-12.837866,-13.101029,False,False,12,S26,False,8,1.6939,pickup,,,,,,,,,,,,,,,,,,,,,,,,,,,,,,,,,,,,,,,,,,,,,,,,,,,,
47,19,9,26,S26,False,18,2,20,15,0,0,0,0,0,"['B480', 'B555', 'B266', 'B704', 'B128', 'B710', 'B416', 'B157', 'B21', 'B406', 'B308', 'B595', 'B568', 'B182', 'B317']",7.5,S52,7.0,3,2,5,0.0,,-0.439744,-12.858077,-13.297822,False,False,18,S15,True,13,2.4876,delivery,,,,,,,,,,,,,,,,,,,,,,,,,,,,,,,,,,,,,,,,,,,,,,,,,,,,
47,19,9,40,S52,False,3,2,5,0,12,0,0,0,0,"['B659', 'B746', 'B527', 'B688', 'B650', 'B658', 'B304', 'B328', 'B572', 'B723', 'B23', 'B213']",6.0,S15,4.21,15,2,17,0.0,,-0.399873,-12.86341,-13.263283,False,False,18,S15,False,12,3.0554,pickup,,,,,,,,,,,,,,,,,,,,,,,,,,,,,,,,,,,,,,,,,,,,,,,,,,,,
47,19,9,50,S15,False,15,2,17,15,0,0,1,0,0,"['B670', 'B661', 'B705', 'B405', 'B659', 'B746', 'B527', 'B688', 'B650', 'B658', 'B304', 'B328', 'B572', 'B723', 'B23', 'B213']",8.0,S37,4.99,0,3,3,0.0,,-0.409478,-12.833375,-13.242853,True,True,24,S21,True,18,4.6422,delivery+depot_removal,,,,,,,,,,,,,,,,,,,,,,,,,,,,,,,,,,,,,,,,,,,,,,,,,,,,
47,19,10,3,S37,False,0,3,3,0,16,0,1,0,0,"['B761', 'B733', 'B342', 'B114', 'B457', 'B403', 'B580', 'B96', 'B667', 'B519', 'B613', 'B664', 'B566', 'B662', 'B630', 'B196', 'B600']",8.5,S57,7.56,16,4,20,0.0,,-0.584766,-12.95527,-13.540036,True,True,30,S12,True,19,6.1003,pickup+depot_removal,,,,,,,,,,,,,,,,,,,,,,,,,,,,,,,,,,,,,,,,,,,,,,,,,,,,
47,19,10,19,S57,False,16,4,20,16,0,0,1,0,0,"['B703', 'B761', 'B733', 'B342', 'B114', 'B457', 'B403', 'B580', 'B96', 'B667', 'B519', 'B613', 'B664', 'B566', 'B662', 'B630', 'B196']",8.5,S60,9.08,0,5,5,0.0,,-0.505614,-12.867271,-13.372885,True,True,30,S12,True,13,8.1361,delivery+depot_removal,,,,,,,,,,,,,,,,,,,,,,,,,,,,,,,,,,,,,,,,,,,,,,,,,,,,
47,19,10,37,S60,False,0,5,5,0,12,1,0,0,0,"['B724', 'B614', 'B321', 'B305', 'B711', 'B2', 'B51', 'B335', 'B144', 'B16', 'B542', 'B302']",9.0,S12,9.34,12,5,17,0.0,,-0.418555,-12.870218,-13.288773,True,True,36,S43,True,31,6.0522,pickup+onsite,,,,,,,,,,,,,,,,,,,,,,,,,,,,,,,,,,,,,,,,,,,,,,,,,,,,
47,19,10,55,S12,False,12,5,17,12,0,0,0,0,0,"['B724', 'B614', 'B321', 'B305', 'B711', 'B2', 'B51', 'B335', 'B144', 'B16', 'B542', 'B302']",6.0,S58,6.29,0,5,5,0.0,,-0.545063,-12.698104,-13.243167,False,False,12,S45,True,7,2.2606,delivery,,,,,,,,,,,,,,,,,,,,,,,,,,,,,,,,,,,,,,,,,,,,,,,,,,,,
47,19,11,7,S58,False,0,5,5,0,15,0,0,0,0,"['B500', 'B394', 'B731', 'B749', 'B449', 'B184', 'B685', 'B631', 'B466', 'B274', 'B383', 'B136', 'B754', 'B620', 'B699']",7.5,S42,9.82,15,5,20,0.0,,-0.740491,-12.882954,-13.623445,False,False,18,S53,True,8,4.633,pickup,,,,,,,,,,,,,,,,,,,,,,,,,,,,,,,,,,,,,,,,,,,,,,,,,,,,
47,19,11,25,S42,False,15,5,20,7,0,2,2,0,0,"['B123', 'B239', 'B500', 'B394', 'B731', 'B749', 'B449', 'B184', 'B685']",10.5,S44,8.11,8,7,15,0.0,,-0.998045,-12.993601,-13.991646,True,True,126,S35,True,122,13.0069,delivery+maintenance,,,,,,,,,,,,,,,,,,,,,,,,,,,,,,,,,,,,,,,,,,,,,,,,,,,,
47,19,11,43,S44,False,8,7,15,0,5,0,0,0,0,"['B461', 'B735', 'B320', 'B167', 'B97']",2.5,S54,3.95,13,7,20,0.0,,-1.192835,-13.015543,-14.208378,False,False,12,S54,False,7,1.4947,pickup,,,,,,,,,,,,,,,,,,,,,,,,,,,,,,,,,,,,,,,,,,,,,,,,,,,,
47,19,11,50,S54,False,13,7,20,13,0,0,0,0,0,"['B631', 'B466', 'B274', 'B383', 'B136', 'B754', 'B620', 'B699', 'B461', 'B735', 'B320', 'B167', 'B97']",6.5,S30,7.41,0,7,7,0.0,,-1.182975,-12.867595,-14.050571,False,False,18,S10,True,14,2.4487,delivery,,,,,,,,,,,,,,,,,,,,,,,,,,,,,,,,,,,,,,,,,,,,,,,,,,,,
47,19,12,4,S30,False,0,7,7,0,8,0,0,0,0,"['B601', 'B544', 'B256', 'B355', 'B173', 'B534', 'B390', 'B525']",4.0,S63,6.1,8,7,15,0.0,,-0.985203,-12.879574,-13.864777,False,False,18,S47,True,8,2.1942,pickup,,,,,,,,,,,,,,,,,,,,,,,,,,,,,,,,,,,,,,,,,,,,,,,,,,,,
47,19,12,14,S63,False,8,7,15,8,0,1,0,0,0,"['B601', 'B544', 'B256', 'B355', 'B173', 'B534', 'B390', 'B525']",7.0,S45,1.16,0,7,7,0.0,,-0.851497,-12.996725,-13.848222,True,True,24,S45,False,20,4.4171,delivery+onsite,,,,,,,,,,,,,,,,,,,,,,,,,,,,,,,,,,,,,,,,,,,,,,,,,,,,
47,19,12,22,S45,False,0,7,7,0,7,0,1,0,0,"['B110', 'B203', 'B5', 'B528', 'B59', 'B80', 'B745', 'B92']",4.0,S65,7.43,7,8,15,0.0,,-1.054533,-13.039804,-14.094337,True,True,36,S62,True,21,4.7771,pickup+depot_removal,,,,,,,,,,,,,,,,,,,,,,,,,,,,,,,,,,,,,,,,,,,,,,,,,,,,
47,19,12,33,S65,False,7,8,15,0,0,0,0,0,0,[],0.0,S51,10.57,7,8,15,0.0,,-0.782959,-12.887282,-13.67024,False,False,12,S40,True,2,1.596,do_nothing,,,,,,,,,,,,,,,,,,,,,,,,,,,,,,,,,,,,,,,,,,,,,,,,,,,,
47,19,12,44,S51,False,7,8,15,7,0,1,1,0,0,"['B251', 'B110', 'B203', 'B5', 'B528', 'B59', 'B80', 'B745']",7.0,S59,5.65,0,9,9,0.0,,-1.087192,-12.728464,-13.815656,True,True,48,S9,True,45,5.6154,delivery+maintenance,,,,,,,,,,,,,,,,,,,,,,,,,,,,,,,,,,,,,,,,,,,,,,,,,,,,
47,19,12,57,S59,False,0,9,9,0,11,1,0,0,0,"['B657', 'B477', 'B626', 'B189', 'B602', 'B571', 'B386', 'B423', 'B521', 'B169', 'B272']",8.5,S65,5.18,11,9,20,0.0,,-1.598147,-12.936732,-14.534879,True,True,24,S54,True,19,2.7255,pickup+onsite,,,,,,,,,,,,,,,,,,,,,,,,,,,,,,,,,,,,,,,,,,,,,,,,,,,,
47,19,13,10,S65,False,11,9,20,11,0,0,0,0,0,"['B657', 'B477', 'B626', 'B189', 'B602', 'B571', 'B386', 'B423', 'B521', 'B169', 'B272']",5.5,S54,8.42,0,9,9,0.0,,-1.067966,-12.796886,-13.864852,False,False,12,S54,False,6,1.9793,delivery,,,,,,,,,,,,,,,,,,,,,,,,,,,,,,,,,,,,,,,,,,,,,,,,,,,,
47,19,13,24,S54,False,0,9,9,0,11,0,0,0,0,"['B274', 'B383', 'B136', 'B754', 'B620', 'B699', 'B461', 'B735', 'B320', 'B167', 'B97']",5.5,S44,3.95,11,9,20,0.0,,-1.127561,-12.896163,-14.023724,False,False,12,S44,False,6,1.8136,pickup,,,,,,,,,,,,,,,,,,,,,,,,,,,,,,,,,,,,,,,,,,,,,,,,,,,,
47,19,13,34,S44,False,11,9,20,11,0,0,0,0,0,"['B274', 'B383', 'B136', 'B754', 'B620', 'B699', 'B461', 'B735', 'B320', 'B167', 'B97']",5.5,S62,2.2,0,9,9,0.0,,-1.115839,-12.955679,-14.071519,False,False,12,S63,True,6,1.9283,delivery,,,,,,,,,,,,,,,,,,,,,,,,,,,,,,,,,,,,,,,,,,,,,,,,,,,,
47,19,13,41,S62,False,0,9,9,0,11,0,0,0,0,"['B108', 'B435', 'B72', 'B426', 'B382', 'B432', 'B78', 'B535', 'B350', 'B424', 'B138']",5.5,S63,2.46,11,9,20,0.0,,-0.838364,-12.867596,-13.70596,False,False,12,S16,True,8,1.6497,pickup,,,,,,,,,,,,,,,,,,,,,,,,,,,,,,,,,,,,,,,,,,,,,,,,,,,,
47,19,13,49,S63,False,11,9,20,11,0,0,0,0,0,"['B108', 'B435', 'B72', 'B426', 'B382', 'B432', 'B78', 'B535', 'B350', 'B424', 'B138']",5.5,S64,3.66,0,9,9,0.0,,-0.976449,-12.795358,-13.771807,False,False,12,S51,True,10,2.1121,delivery,,,,,,,,,,,,,,,,,,,,,,,,,,,,,,,,,,,,,,,,,,,,,,,,,,,,
47,19,13,59,S64,False,0,9,9,0,7,0,0,0,0,"['B384', 'B275', 'B246', 'B473', 'B669', 'B211', 'B88']",3.5,S16,3.36,7,9,16,0.0,,-0.918758,-12.781222,-13.699981,False,False,18,S37,True,6,2.7788,pickup,,,,,,,,,,,,,,,,,,,,,,,,,,,,,,,,,,,,,,,,,,,,,,,,,,,,
47,19,14,5,S16,False,7,9,16,7,0,1,0,0,0,"['B384', 'B275', 'B246', 'B473', 'B669', 'B211', 'B88']",6.5,S40,2.95,0,9,9,0.0,,-0.584984,-12.750235,-13.335219,True,True,24,S43,True,18,3.4688,delivery+onsite,,,,,,,,,,,,,,,,,,,,,,,,,,,,,,,,,,,,,,,,,,,,,,,,,,,,
47,19,14,15,S40,False,0,9,9,0,11,0,0,0,0,"['B145', 'B436', 'B207', 'B201', 'B590', 'B185', 'B444', 'B401', 'B344', 'B555', 'B266']",5.5,S61,2.69,11,9,20,0.0,,-0.674299,-12.786708,-13.461007,False,False,12,S51,True,10,1.9045,pickup,,,,,,,,,,,,,,,,,,,,,,,,,,,,,,,,,,,,,,,,,,,,,,,,,,,,
47,19,14,23,S61,False,11,9,20,7,0,1,0,0,0,"['B145', 'B436', 'B207', 'B201', 'B590', 'B185', 'B444']",6.5,S51,6.56,4,9,13,0.0,,-0.341124,-12.816428,-13.157551,True,True,36,S63,True,34,5.4093,delivery+onsite,,,,,,,,,,,,,,,,,,,,,,,,,,,,,,,,,,,,,,,,,,,,,,,,,,,,
47,19,14,36,S51,False,4,9,13,0,7,0,0,0,0,"['B746', 'B226', 'B152', 'B617', 'B606', 'B79', 'B319']",3.5,S63,3.43,11,9,20,0.0,,-0.627404,-12.738418,-13.365822,False,False,12,S63,False,6,1.8002,pickup,,,,,,,,,,,,,,,,,,,,,,,,,,,,,,,,,,,,,,,,,,,,,,,,,,,,
47,19,14,43,S63,False,11,9,20,11,0,0,0,0,0,"['B401', 'B344', 'B555', 'B266', 'B746', 'B226', 'B152', 'B617', 'B606', 'B79', 'B319']",5.5,S60,4.47,0,9,9,0.0,,-0.477728,-12.798285,-13.276012,False,False,12,S60,False,6,1.6868,delivery,,,,,,,,,,,,,,,,,,,,,,,,,,,,,,,,,,,,,,,,,,,,,,,,,,,,
47,19,14,53,S60,False,0,9,9,0,11,0,0,0,0,"['B463', 'B409', 'B642', 'B578', 'B347', 'B48', 'B493', 'B11', 'B533', 'B671', 'B375']",5.5,S43,4.48,11,9,20,0.0,,-0.735261,-12.719726,-13.454987,False,False,12,S43,False,6,1.7191,pickup,,,,,,,,,,,,,,,,,,,,,,,,,,,,,,,,,,,,,,,,,,,,,,,,,,,,
47,19,15,3,S43,False,11,9,20,11,0,1,2,0,0,"['B102', 'B360', 'B463', 'B409', 'B642', 'B578', 'B347', 'B48', 'B493', 'B11', 'B533', 'B671', 'B375']",9.5,S54,4.49,0,11,11,0.0,,-0.725448,-12.707089,-13.432537,True,True,48,S54,False,42,5.7149,delivery+maintenance,,,,,,,,,,,,,,,,,,,,,,,,,,,,,,,,,,,,,,,,,,,,,,,,,,,,
47,19,15,17,S54,False,0,11,11,0,9,0,0,0,0,"['B156', 'B367', 'B150', 'B750', 'B658', 'B719', 'B31', 'B560', 'B383']",4.5,S63,3.86,9,11,20,0.0,,-0.692961,-12.597653,-13.290613,False,False,12,S50,True,10,1.5411,pickup,,,,,,,,,,,,,,,,,,,,,,,,,,,,,,,,,,,,,,,,,,,,,,,,,,,,
47,19,15,25,S63,False,9,11,20,9,0,0,0,0,0,"['B156', 'B367', 'B150', 'B750', 'B658', 'B719', 'B31', 'B560', 'B383']",4.5,S21,11.27,0,11,11,0.0,,-0.625338,-12.581627,-13.206965,False,False,12,S23,True,9,1.6624,delivery,,,,,,,,,,,,,,,,,,,,,,,,,,,,,,,,,,,,,,,,,,,,,,,,,,,,
47,19,15,41,S21,False,0,11,11,0,8,0,0,0,0,"['B486', 'B318', 'B440', 'B470', 'B86', 'B305', 'B312', 'B700']",4.0,S35,4.69,8,11,19,0.0,,-0.685766,-12.632127,-13.317893,False,False,18,S48,True,8,2.6212,pickup,,,,,,,,,,,,,,,,,,,,,,,,,,,,,,,,,,,,,,,,,,,,,,,,,,,,
47,19,15,50,S35,False,8,11,19,8,0,1,0,0,0,"['B486', 'B318', 'B440', 'B470', 'B86', 'B305', 'B312', 'B700']",7.0,S56,2.44,0,11,11,0.0,,-0.595407,-12.634853,-13.23026,True,True,24,S23,True,21,3.5576,delivery+onsite,,,,,,,,,,,,,,,,,,,,,,,,,,,,,,,,,,,,,,,,,,,,,,,,,,,,
47,19,15,59,S56,False,0,11,11,0,7,0,0,0,0,"['B625', 'B729', 'B100', 'B427', 'B390', 'B365', 'B730']",3.5,S50,3.2,7,11,18,0.0,,-0.438443,-12.61101,-13.049452,False,False,18,S50,True,6,2.555,pickup,,,,,,,,,,,,,,,,,,,,,,,,,,,,,,,,,,,,,,,,,,,,,,,,,,,,
47,19,16,6,S50,False,7,11,18,7,0,0,0,0,0,"['B625', 'B729', 'B100', 'B427', 'B390', 'B365', 'B730']",3.5,S48,8.86,0,11,11,0.0,,-0.419542,-12.564294,-12.983836,False,False,12,S14,True,6,1.6836,delivery,,,,,,,,,,,,,,,,,,,,,,,,,,,,,,,,,,,,,,,,,,,,,,,,,,,,
47,19,16,18,S48,False,0,11,11,0,9,0,0,0,0,"['B634', 'B284', 'B336', 'B351', 'B591', 'B636', 'B641', 'B544', 'B740']",4.5,S29,7.68,9,11,20,0.0,,-0.342601,-12.489497,-12.832098,False,False,12,S29,False,6,1.4942,pickup,,,,,,,,,,,,,,,,,,,,,,,,,,,,,,,,,,,,,,,,,,,,,,,,,,,,
47,19,16,30,S29,False,9,11,20,9,0,0,0,0,0,"['B634', 'B284', 'B336', 'B351', 'B591', 'B636', 'B641', 'B544', 'B740']",4.5,S64,7.1,0,11,11,0.0,,-0.439559,-12.863978,-13.303537,False,False,12,S16,True,7,1.607,delivery,,,,,,,,,,,,,,,,,,,,,,,,,,,,,,,,,,,,,,,,,,,,,,,,,,,,
47,19,16,42,S64,False,0,11,11,0,8,0,0,0,0,"['B553', 'B420', 'B198', 'B261', 'B535', 'B531', 'B555', 'B632']",4.0,S16,3.36,8,11,19,0.0,,-0.500991,-12.879221,-13.380212,False,False,18,S1,True,9,2.2393,pickup,,,,,,,,,,,,,,,,,,,,,,,,,,,,,,,,,,,,,,,,,,,,,,,,,,,,
47,19,16,49,S16,False,8,11,19,8,0,0,0,0,0,"['B553', 'B420', 'B198', 'B261', 'B535', 'B531', 'B555', 'B632']",4.0,S61,3.01,0,11,11,0.0,,-0.520998,-12.913802,-13.4348,False,False,12,S61,False,6,1.3879,delivery,,,,,,,,,,,,,,,,,,,,,,,,,,,,,,,,,,,,,,,,,,,,,,,,,,,,
47,19,16,56,S61,False,0,11,11,0,9,0,0,0,0,"['B207', 'B356', 'B368', 'B96', 'B9', 'B145', 'B590', 'B704', 'B483']",4.5,S13,9.58,9,11,20,0.0,,-0.272414,-12.891949,-13.164363,False,False,12,S26,True,8,1.3608,pickup,,,,,,,,,,,,,,,,,,,,,,,,,,,,,,,,,,,,,,,,,,,,,,,,,,,,
47,19,17,11,S13,False,9,11,20,0,0,2,0,0,0,[],6.0,S24,9.21,9,11,20,0.0,,-0.283169,-12.934762,-13.21793,True,True,36,S24,False,12,4.6679,do_nothing+onsite,,,,,,,,,,,,,,,,,,,,,,,,,,,,,,,,,,,,,,,,,,,,,,,,,,,,
47,19,17,26,S24,False,9,11,20,9,0,0,0,0,0,"['B207', 'B356', 'B368', 'B96', 'B9', 'B145', 'B590', 'B704', 'B483']",4.5,S62,7.61,0,11,11,0.0,,-0.390804,-12.967589,-13.358393,False,False,12,S66,True,7,1.4383,delivery,,,,,,,,,,,,,,,,,,,,,,,,,,,,,,,,,,,,,,,,,,,,,,,,,,,,
47,19,17,38,S62,False,0,11,11,0,9,0,0,0,0,"['B756', 'B236', 'B394', 'B300', 'B549', 'B452', 'B28', 'B125', 'B489']",4.5,S44,2.2,9,11,20,0.0,,-0.558594,-12.767448,-13.326042,False,False,12,S66,True,9,1.3913,pickup,,,,,,,,,,,,,,,,,,,,,,,,,,,,,,,,,,,,,,,,,,,,,,,,,,,,
47,19,17,45,S44,False,9,11,20,9,0,0,0,0,0,"['B756', 'B236', 'B394', 'B300', 'B549', 'B452', 'B28', 'B125', 'B489']",4.5,S66,3.92,0,11,11,0.0,,-0.274348,-12.656741,-12.93109,True,False,30,S26,True,6,2.9735,delivery,,,,,,,,,,,,,,,,,,,,,,,,,,,,,,,,,,,,,,,,,,,,,,,,,,,,
47,19,17,53,S66,False,0,11,11,0,9,0,0,0,0,"['B186', 'B114', 'B192', 'B345', 'B466', 'B388', 'B50', 'B165', 'B242']",4.5,S17,7.34,9,11,20,0.0,,-0.303902,-12.5836,-12.887502,False,False,12,S26,True,8,1.7251,pickup,,,,,,,,,,,,,,,,,,,,,,,,,,,,,,,,,,,,,,,,,,,,,,,,,,,,
47,19,18,5,S17,False,9,11,20,9,0,0,0,0,0,"['B186', 'B114', 'B192', 'B345', 'B466', 'B388', 'B50', 'B165', 'B242']",4.5,S49,10.55,0,11,11,0.0,,-0.078298,-12.485625,-12.563922,False,False,12,S49,False,6,1.1466,delivery,,,,,,,,,,,,,,,,,,,,,,,,,,,,,,,,,,,,,,,,,,,,,,,,,,,,
47,19,18,20,S49,False,0,11,11,0,9,0,0,0,0,"['B581', 'B116', 'B742', 'B469', 'B210', 'B536', 'B504', 'B370', 'B55']",4.5,S39,0.84,9,11,20,0.0,,-0.146269,-12.458664,-12.604933,True,False,18,S9,True,12,2.2433,pickup,,,,,,,,,,,,,,,,,,,,,,,,,,,,,,,,,,,,,,,,,,,,,,,,,,,,
47,19,18,25,S39,False,9,11,20,9,0,0,0,0,0,"['B581', 'B116', 'B742', 'B469', 'B210', 'B536', 'B504', 'B370', 'B55']",4.5,S9,9.86,0,11,11,0.0,,-0.117299,-12.439254,-12.556554,False,False,12,S60,True,9,1.6378,delivery,,,,,,,,,,,,,,,,,,,,,,,,,,,,,,,,,,,,,,,,,,,,,,,,,,,,
47,19,18,40,S9,False,0,11,11,0,9,0,0,0,0,"['B512', 'B37', 'B399', 'B475', 'B686', 'B371', 'B693', 'B428', 'B254']",4.5,S32,7.34,9,11,20,0.0,,-0.16703,-12.369042,-12.536071,False,False,12,S65,True,9,1.402,pickup,,,,,,,,,,,,,,,,,,,,,,,,,,,,,,,,,,,,,,,,,,,,,,,,,,,,
47,19,18,51,S32,False,9,11,20,9,0,0,2,0,0,"['B419', 'B46', 'B512', 'B37', 'B399', 'B475', 'B686', 'B371', 'B693', 'B428', 'B254']",5.5,S19,4.87,0,13,13,0.0,,-0.146593,-12.456878,-12.603471,True,True,42,S35,True,22,4.5293,delivery+depot_removal,,,,,,,,,,,,,,,,,,,,,,,,,,,,,,,,,,,,,,,,,,,,,,,,,,,,
47,19,19,2,S19,False,0,13,13,0,7,1,0,0,0,"['B384', 'B429', 'B461', 'B152', 'B528', 'B149', 'B662']",6.5,S62,6.84,7,13,20,0.0,,-0.038977,-12.28023,-12.319207,True,True,36,S38,True,21,3.335,pickup+onsite,,,,,,,,,,,,,,,,,,,,,,,,,,,,,,,,,,,,,,,,,,,,,,,,,,,,
47,19,19,15,S62,False,7,13,20,7,0,0,0,0,0,"['B384', 'B429', 'B461', 'B152', 'B528', 'B149', 'B662']",3.5,S12,7.83,0,13,13,0.0,,-0.126587,-12.325087,-12.451674,False,False,12,S10,True,6,1.245,delivery,,,,,,,,,,,,,,,,,,,,,,,,,,,,,,,,,,,,,,,,,,,,,,,,,,,,
47,19,19,26,S12,False,0,13,13,0,7,0,0,0,0,"['B405', 'B190', 'B87', 'B146', 'B607', 'B451', 'B597']",3.5,S38,7.06,7,13,20,0.0,,-0.126738,-12.355162,-12.4819,False,False,11,S20,True,5,1.104,pickup,,,,,,,,,,,,,,,,,,,,,,,,,,,,,,,,,,,,,,,,,,,,,,,,,,,,
47,19,19,37,S38,False,7,13,20,0,0,0,0,0,0,[],0.0,S29,8.13,7,13,20,0.0,,-0.175329,-12.182253,-12.357582,True,False,14,S10,True,4,1.4712,do_nothing,,,,,,,,,,,,,,,,,,,,,,,,,,,,,,,,,,,,,,,,,,,,,,,,,,,,
47,19,19,45,S29,False,7,13,20,0,0,0,0,0,0,[],0.0,S34,2.43,7,13,20,0.0,,-0.233655,-12.229329,-12.462984,False,False,4,S10,True,1,0.4282,do_nothing,,,,,,,,,,,,,,,,,,,,,,,,,,,,,,,,,,,,,,,,,,,,,,,,,,,,
47,19,19,48,S34,False,7,13,20,7,0,0,0,0,0,"['B405', 'B190', 'B87', 'B146', 'B607', 'B451', 'B597']",3.5,D0,1.54,0,13,13,0.0,,-0.186457,-12.413865,-12.600322,False,False,3,D0,True,2,0.3384,delivery,,,,,,,,,,,,,,,,,,,,,,,,,,,,,,,,,,,,,,,,,,,,,,,,,,,,
47,19,19,53,D0,True,0,13,13,0,0,0,0,13,14,"['B343', 'B159', 'B8', 'B291', 'B6', 'B248', 'B691', 'B354', 'B369', 'B495', 'B421', 'B140', 'B640', 'B260', 'B160', 'B450', 'B670', 'B600', 'B703', 'B123', 'B239', 'B92', 'B251', 'B102', 'B360', 'B419', 'B46']",13.5,D0,0.0,14,0,14,0.0,,-0.185073,-12.186219,-12.371292,True,True,1,D0,False,0,0.1192,do_nothing,,,,,,,,,,,,,,,,,,,,,,,,,,,,,,,,,,,,,,,,,,,,,,,,,,,,
47,20,6,6,D0,True,14,0,14,0,0,0,0,0,0,[],0.0,S49,2.94,14,0,14,0.0,,-0.117278,-13.265605,-13.382882,True,True,5,S49,False,0,0.5242,depot_passthrough,,,,,,,,,,,,,,,,,,,,,,,,,,,,,,,,,,,,,,,,,,,,,,,,,,,,
47,20,6,24,S49,False,14,0,14,0,6,0,0,0,0,"['B45', 'B1', 'B208', 'B497', 'B484', 'B202']",3.0,S30,3.29,20,0,20,0.0,,-0.145475,-13.069125,-13.2146,True,False,18,S9,True,14,2.0191,pickup,,,,,,,,,,,,,,,,,,,,,,,,,,,,,,,,,,,,,,,,,,,,,,,,,,,,
47,20,6,30,S30,False,20,0,20,9,0,0,0,0,0,"['B343', 'B159', 'B8', 'B291', 'B6', 'B248', 'B691', 'B354', 'B369']",4.5,S43,6.18,11,0,11,0.0,,-0.077727,-12.989538,-13.067265,False,False,18,S9,True,6,2.3031,delivery,,,,,,,,,,,,,,,,,,,,,,,,,,,,,,,,,,,,,,,,,,,,,,,,,,,,
47,20,6,41,S43,False,11,0,11,0,0,0,0,0,0,[],0.0,S4,2.37,11,0,11,0.0,,-0.126141,-12.98366,-13.109801,False,False,12,S45,True,4,1.4107,do_nothing,,,,,,,,,,,,,,,,,,,,,,,,,,,,,,,,,,,,,,,,,,,,,,,,,,,,
47,20,6,43,S4,False,11,0,11,0,9,0,0,0,0,"['B546', 'B245', 'B178', 'B372', 'B596', 'B759', 'B84', 'B614', 'B460']",4.5,S7,8.53,20,0,20,0.0,,-0.155113,-12.923785,-13.078898,True,False,18,S9,True,16,2.3072,pickup,,,,,,,,,,,,,,,,,,,,,,,,,,,,,,,,,,,,,,,,,,,,,,,,,,,,
47,20,6,56,S7,False,20,0,20,8,0,1,2,0,0,"['B313', 'B12', 'B495', 'B421', 'B140', 'B640', 'B260', 'B45', 'B1', 'B208']",8.0,S43,10.9,12,2,14,0.0,,-0.06846,-12.865051,-12.933512,True,True,84,S9,True,42,10.5762,delivery+maintenance,,,,,,,,,,,,,,,,,,,,,,,,,,,,,,,,,,,,,,,,,,,,,,,,,,,,
47,20,7,15,S43,False,12,2,14,0,6,0,0,0,0,"['B215', 'B523', 'B539', 'B616', 'B134', 'B621']",3.0,S66,4.56,18,2,20,0.0,,-0.087343,-12.9359,-13.023243,False,False,12,S16,True,10,1.2451,pickup,,,,,,,,,,,,,,,,,,,,,,,,,,,,,,,,,,,,,,,,,,,,,,,,,,,,
47,20,7,23,S66,False,18,2,20,0,0,0,0,0,0,[],0.0,S19,8.84,18,2,20,0.0,,-0.039099,-12.902357,-12.941455,False,False,18,S65,True,4,1.8542,do_nothing,,,,,,,,,,,,,,,,,,,,,,,,,,,,,,,,,,,,,,,,,,,,,,,,,,,,
47,20,7,32,S19,False,18,2,20,8,0,0,0,0,0,"['B497', 'B484', 'B202', 'B546', 'B245', 'B178', 'B372', 'B596']",4.0,S63,4.53,10,2,12,0.0,,-0.067964,-12.464138,-12.532103,False,False,18,S16,True,10,1.8904,delivery,,,,,,,,,,,,,,,,,,,,,,,,,,,,,,,,,,,,,,,,,,,,,,,,,,,,
47,20,7,40,S63,False,10,2,12,0,8,1,0,0,0,"['B222', 'B75', 'B331', 'B314', 'B325', 'B326', 'B246', 'B53']",7.0,S21,11.27,18,2,20,0.0,,-0.117697,-12.369732,-12.487428,True,True,24,S16,True,22,2.4351,pickup+onsite,,,,,,,,,,,,,,,,,,,,,,,,,,,,,,,,,,,,,,,,,,,,,,,,,,,,
47,20,7,58,S21,False,18,2,20,0,0,0,0,0,0,[],0.0,S65,15.09,18,2,20,0.0,,-0.175601,-12.434241,-12.609842,False,False,12,S65,True,0,1.368,do_nothing,,,,,,,,,,,,,,,,,,,,,,,,,,,,,,,,,,,,,,,,,,,,,,,,,,,,
47,20,8,14,S65,False,18,2,20,9,0,0,0,0,0,"['B759', 'B84', 'B614', 'B460', 'B215', 'B523', 'B539', 'B616', 'B134']",4.5,S44,6.93,9,2,11,0.0,,-0.145715,-12.46251,-12.608225,False,False,18,S66,True,10,1.8673,delivery,,,,,,,,,,,,,,,,,,,,,,,,,,,,,,,,,,,,,,,,,,,,,,,,,,,,
47,20,8,25,S44,False,9,2,11,0,0,0,1,0,0,['B391'],0.5,S61,2.79,9,3,12,0.0,,-0.126051,-12.536645,-12.662695,True,True,18,S16,True,9,1.8934,do_nothing+depot_removal,,,,,,,,,,,,,,,,,,,,,,,,,,,,,,,,,,,,,,,,,,,,,,,,,,,,
47,20,8,28,S61,False,9,3,12,0,8,1,0,0,0,"['B739', 'B60', 'B448', 'B615', 'B185', 'B458', 'B605', 'B685']",7.0,S1,8.01,17,3,20,0.0,,-0.10665,-12.530293,-12.636944,True,True,24,S1,False,20,2.307,pickup+onsite,,,,,,,,,,,,,,,,,,,,,,,,,,,,,,,,,,,,,,,,,,,,,,,,,,,,
47,20,8,43,S1,False,17,3,20,10,0,0,0,0,0,"['B621', 'B222', 'B75', 'B331', 'B314', 'B325', 'B326', 'B246', 'B53', 'B739']",5.0,S44,7.04,7,3,10,0.0,,-0.087887,-12.509382,-12.597269,False,False,18,S66,True,9,1.6775,delivery,,,,,,,,,,,,,,,,,,,,,,,,,,,,,,,,,,,,,,,,,,,,,,,,,,,,
47,20,8,55,S44,False,7,3,10,0,10,0,0,0,0,"['B697', 'B468', 'B489', 'B23', 'B599', 'B761', 'B105', 'B508', 'B373', 'B440']",5.0,S66,3.92,17,3,20,0.0,,-0.194807,-12.39012,-12.584928,False,False,12,S16,True,6,1.3151,pickup,,,,,,,,,,,,,,,,,,,,,,,,,,,,,,,,,,,,,,,,,,,,,,,,,,,,
47,20,9,4,S66,False,17,3,20,14,0,0,0,0,0,"['B60', 'B448', 'B615', 'B185', 'B458', 'B605', 'B685', 'B697', 'B468', 'B489', 'B23', 'B599', 'B761', 'B105']",7.0,S60,1.23,3,3,6,0.0,,-0.184031,-12.401769,-12.5858,False,False,18,S16,True,13,2.2838,delivery,,,,,,,,,,,,,,,,,,,,,,,,,,,,,,,,,,,,,,,,,,,,,,,,,,,,
47,20,9,13,S60,False,3,3,6,0,12,0,0,0,0,"['B666', 'B262', 'B34', 'B133', 'B106', 'B17', 'B635', 'B598', 'B623', 'B316', 'B199', 'B551']",6.0,S25,10.01,15,3,18,0.0,,-0.087172,-12.416151,-12.503322,False,False,18,S25,False,14,2.6231,pickup,,,,,,,,,,,,,,,,,,,,,,,,,,,,,,,,,,,,,,,,,,,,,,,,,,,,
47,20,9,29,S25,False,15,3,18,13,0,0,0,0,0,"['B508', 'B373', 'B440', 'B666', 'B262', 'B34', 'B133', 'B106', 'B17', 'B635', 'B598', 'B623', 'B316']",6.5,S53,14.7,2,3,5,0.0,,-0.184697,-12.399555,-12.584251,False,False,18,S53,False,7,2.4782,delivery,,,,,,,,,,,,,,,,,,,,,,,,,,,,,,,,,,,,,,,,,,,,,,,,,,,,
47,20,9,50,S53,False,2,3,5,0,15,0,0,0,0,"['B595', 'B226', 'B462', 'B511', 'B721', 'B10', 'B651', 'B74', 'B534', 'B679', 'B69', 'B173', 'B235', 'B355', 'B272']",7.5,S14,7.28,17,3,20,0.0,,-0.126317,-12.217149,-12.343466,False,False,12,S45,True,8,2.0251,pickup,,,,,,,,,,,,,,,,,,,,,,,,,,,,,,,,,,,,,,,,,,,,,,,,,,,,
47,20,10,4,S14,False,17,3,20,0,0,1,0,0,0,[],3.0,S61,8.39,17,3,20,0.0,,-0.117076,-12.239656,-12.356732,True,True,36,S26,True,10,3.3544,do_nothing+onsite,,,,,,,,,,,,,,,,,,,,,,,,,,,,,,,,,,,,,,,,,,,,,,,,,,,,
47,20,10,16,S61,False,17,3,20,7,0,0,0,0,0,"['B199', 'B551', 'B595', 'B226', 'B462', 'B511', 'B721']",3.5,S33,2.17,10,3,13,0.0,,-0.1561,-12.228732,-12.384832,False,False,18,S33,False,16,1.7761,delivery,,,,,,,,,,,,,,,,,,,,,,,,,,,,,,,,,,,,,,,,,,,,,,,,,,,,
47,20,10,22,S33,False,10,3,13,9,0,0,0,0,0,"['B10', 'B651', 'B74', 'B534', 'B679', 'B69', 'B173', 'B235', 'B355']",4.5,S54,3.1,1,3,4,0.0,,-0.166311,-12.125158,-12.291469,False,False,18,S12,True,9,1.9457,delivery,,,,,,,,,,,,,,,,,,,,,,,,,,,,,,,,,,,,,,,,,,,,,,,,,,,,
47,20,10,29,S54,False,1,3,4,0,5,0,1,0,0,"['B156', 'B299', 'B711', 'B436', 'B35', 'B176']",3.0,S26,5.73,6,4,10,0.0,,-0.165293,-12.167854,-12.333147,True,True,36,S12,True,30,3.3711,pickup+depot_removal,,,,,,,,,,,,,,,,,,,,,,,,,,,,,,,,,,,,,,,,,,,,,,,,,,,,
47,20,10,38,S26,False,6,4,10,0,0,0,0,0,0,[],0.0,S14,4.63,6,4,10,0.0,,-0.117771,-12.302248,-12.420019,False,False,12,S12,True,1,1.0669,do_nothing,,,,,,,,,,,,,,,,,,,,,,,,,,,,,,,,,,,,,,,,,,,,,,,,,,,,
47,20,10,43,S14,False,6,4,10,6,0,0,0,0,0,"['B272', 'B156', 'B299', 'B711', 'B436', 'B35']",3.0,S12,12.68,0,4,4,0.0,,-0.174835,-12.240602,-12.415436,False,False,12,S12,False,6,1.1988,delivery,,,,,,,,,,,,,,,,,,,,,,,,,,,,,,,,,,,,,,,,,,,,,,,,,,,,
47,20,10,58,S12,False,0,4,4,0,12,0,0,0,0,"['B481', 'B119', 'B715', 'B48', 'B705', 'B139', 'B16', 'B76', 'B379', 'B59', 'B113', 'B393']",6.0,S48,1.68,12,4,16,0.0,,-0.176079,-12.117282,-12.293361,False,False,18,S32,True,16,1.9949,pickup,,,,,,,,,,,,,,,,,,,,,,,,,,,,,,,,,,,,,,,,,,,,,,,,,,,,
47,20,11,6,S48,False,12,4,16,8,0,0,0,0,0,"['B481', 'B119', 'B715', 'B48', 'B705', 'B139', 'B16', 'B76']",4.0,S45,4.58,4,4,8,0.0,,-0.194241,-12.13597,-12.330211,False,False,18,S45,False,7,1.9411,delivery,,,,,,,,,,,,,,,,,,,,,,,,,,,,,,,,,,,,,,,,,,,,,,,,,,,,
47,20,11,14,S45,False,4,4,8,0,0,0,0,0,0,[],0.0,S61,3.27,4,4,8,0.0,,-0.175105,-12.208911,-12.384016,False,False,12,S58,True,1,1.0963,do_nothing,,,,,,,,,,,,,,,,,,,,,,,,,,,,,,,,,,,,,,,,,,,,,,,,,,,,
47,20,11,18,S61,False,4,4,8,4,0,0,0,0,0,"['B379', 'B59', 'B113', 'B393']",2.0,S58,2.59,0,4,4,0.0,,-0.29203,-12.127513,-12.419543,False,False,12,S58,False,7,1.2239,delivery,,,,,,,,,,,,,,,,,,,,,,,,,,,,,,,,,,,,,,,,,,,,,,,,,,,,
47,20,11,22,S58,False,0,4,4,0,14,0,0,0,0,"['B51', 'B418', 'B553', 'B233', 'B141', 'B203', 'B352', 'B713', 'B626', 'B432', 'B459', 'B502', 'B521', 'B611']",7.0,S45,3.04,14,4,18,0.0,,-0.321865,-12.177693,-12.499557,False,False,18,S32,True,7,2.0197,pickup,,,,,,,,,,,,,,,,,,,,,,,,,,,,,,,,,,,,,,,,,,,,,,,,,,,,
47,20,11,32,S45,False,14,4,18,6,0,0,0,0,0,"['B51', 'B418', 'B553', 'B233', 'B141', 'B203']",3.0,S61,3.27,8,4,12,0.0,,-0.342827,-12.245075,-12.587901,False,False,18,S32,True,14,1.7147,delivery,,,,,,,,,,,,,,,,,,,,,,,,,,,,,,,,,,,,,,,,,,,,,,,,,,,,
47,20,11,39,S61,False,8,4,12,8,0,0,0,0,0,"['B352', 'B713', 'B626', 'B432', 'B459', 'B502', 'B521', 'B611']",4.0,S38,3.09,0,4,4,0.0,,-0.31387,-12.199364,-12.513234,False,False,12,S5,True,10,1.1942,delivery,,,,,,,,,,,,,,,,,,,,,,,,,,,,,,,,,,,,,,,,,,,,,,,,,,,,
47,20,11,46,S38,False,0,4,4,0,8,0,1,0,0,"['B498', 'B338', 'B130', 'B79', 'B151', 'B206', 'B554', 'B743', 'B506']",4.5,S32,6.58,8,5,13,0.0,,-0.254351,-12.199417,-12.453768,True,True,36,S25,True,18,3.5586,pickup+depot_removal,,,,,,,,,,,,,,,,,,,,,,,,,,,,,,,,,,,,,,,,,,,,,,,,,,,,
47,20,11,57,S32,False,8,5,13,8,0,0,0,0,0,"['B498', 'B338', 'B130', 'B79', 'B151', 'B206', 'B554', 'B743']",4.0,S25,16.04,0,5,5,0.0,,-0.273003,-12.134497,-12.4075,False,False,12,S25,False,8,1.3275,delivery,,,,,,,,,,,,,,,,,,,,,,,,,,,,,,,,,,,,,,,,,,,,,,,,,,,,
47,20,12,17,S25,False,0,5,5,0,12,0,0,0,0,"['B508', 'B373', 'B440', 'B666', 'B262', 'B34', 'B133', 'B106', 'B17', 'B635', 'B598', 'B623']",6.0,S22,5.77,12,5,17,0.0,,-0.213986,-12.252506,-12.466493,False,False,18,S20,True,6,2.3235,pickup,,,,,,,,,,,,,,,,,,,,,,,,,,,,,,,,,,,,,,,,,,,,,,,,,,,,
47,20,12,29,S22,False,12,5,17,12,0,1,0,0,0,"['B508', 'B373', 'B440', 'B666', 'B262', 'B34', 'B133', 'B106', 'B17', 'B635', 'B598', 'B623']",9.0,S56,11.43,0,5,5,0.0,,-0.187952,-12.205111,-12.393063,True,True,24,S56,False,21,2.5824,delivery+onsite,,,,,,,,,,,,,,,,,,,,,,,,,,,,,,,,,,,,,,,,,,,,,,,,,,,,
47,20,12,49,S56,False,0,5,5,0,8,0,0,0,0,"['B643', 'B622', 'B570', 'B7', 'B43', 'B110', 'B253', 'B307']",4.0,S62,4.25,8,5,13,0.0,,-0.282147,-12.598678,-12.880825,False,False,18,S20,True,9,1.9783,pickup,,,,,,,,,,,,,,,,,,,,,,,,,,,,,,,,,,,,,,,,,,,,,,,,,,,,
47,20,12,57,S62,False,8,5,13,0,7,0,0,0,0,"['B759', 'B417', 'B645', 'B742', 'B403', 'B458', 'B596']",3.5,S29,3.79,15,5,20,0.0,,-0.310579,-12.551395,-12.861974,False,False,12,S29,False,6,1.3318,pickup,,,,,,,,,,,,,,,,,,,,,,,,,,,,,,,,,,,,,,,,,,,,,,,,,,,,
47,20,13,5,S29,False,15,5,20,15,0,0,0,0,0,"['B643', 'B622', 'B570', 'B7', 'B43', 'B110', 'B253', 'B307', 'B759', 'B417', 'B645', 'B742', 'B403', 'B458', 'B596']",7.5,S55,2.12,0,5,5,0.0,,-0.322506,-12.439873,-12.762379,False,False,12,S55,False,6,1.4216,delivery,,,,,,,,,,,,,,,,,,,,,,,,,,,,,,,,,,,,,,,,,,,,,,,,,,,,
47,20,13,14,S55,False,0,5,5,0,8,0,2,0,0,"['B601', 'B661', 'B448', 'B680', 'B544', 'B383', 'B630', 'B752', 'B695', 'B234']",5.0,S40,2.75,8,7,15,0.0,,-0.213908,-12.422082,-12.63599,True,True,54,S40,False,31,5.1453,pickup+depot_removal,,,,,,,,,,,,,,,,,,,,,,,,,,,,,,,,,,,,,,,,,,,,,,,,,,,,
47,20,13,22,S40,False,8,7,15,0,5,0,0,0,0,"['B204', 'B32', 'B719', 'B532', 'B31']",2.5,S66,3.42,13,7,20,0.0,,-0.193692,-12.426132,-12.619824,False,False,12,S66,False,10,1.2612,pickup,,,,,,,,,,,,,,,,,,,,,,,,,,,,,,,,,,,,,,,,,,,,,,,,,,,,
47,20,13,28,S66,False,13,7,20,8,0,1,0,0,0,"['B601', 'B661', 'B448', 'B680', 'B544', 'B383', 'B630', 'B752']",7.0,S26,5.64,5,7,12,0.0,,-0.24381,-12.41595,-12.65976,True,True,36,S26,False,20,3.3165,delivery+onsite,,,,,,,,,,,,,,,,,,,,,,,,,,,,,,,,,,,,,,,,,,,,,,,,,,,,
47,20,13,40,S26,False,5,7,12,5,0,0,0,0,0,"['B204', 'B32', 'B719', 'B532', 'B31']",2.5,S36,10.11,0,7,7,0.0,,-0.127286,-12.43757,-12.564857,False,False,12,S40,True,9,1.1376,delivery,,,,,,,,,,,,,,,,,,,,,,,,,,,,,,,,,,,,,,,,,,,,,,,,,,,,
47,20,13,53,S36,False,0,7,7,0,12,0,0,0,0,"['B398', 'B587', 'B714', 'B77', 'B653', 'B108', 'B644', 'B746', 'B289', 'B642', 'B415', 'B288']",6.0,S15,7.68,12,7,19,0.0,,-0.165594,-12.418979,-12.584573,False,False,18,S2,True,6,1.8967,pickup,,,,,,,,,,,,,,,,,,,,,,,,,,,,,,,,,,,,,,,,,,,,,,,,,,,,
47,20,14,7,S15,False,12,7,19,12,0,0,0,0,0,"['B398', 'B587', 'B714', 'B77', 'B653', 'B108', 'B644', 'B746', 'B289', 'B642', 'B415', 'B288']",6.0,S40,2.5,0,7,7,0.0,,-0.26111,-12.3704,-12.63151,False,False,12,S40,False,7,1.1834,delivery,,,,,,,,,,,,,,,,,,,,,,,,,,,,,,,,,,,,,,,,,,,,,,,,,,,,
47,20,14,15,S40,False,0,7,7,0,13,0,0,0,0,"['B560', 'B118', 'B581', 'B486', 'B591', 'B430', 'B52', 'B25', 'B226', 'B611', 'B604', 'B105', 'B541']",6.5,S26,5.09,13,7,20,0.0,,-0.155528,-12.248185,-12.403713,False,False,18,S20,True,7,1.8352,pickup,,,,,,,,,,,,,,,,,,,,,,,,,,,,,,,,,,,,,,,,,,,,,,,,,,,,
47,20,14,27,S26,False,13,7,20,13,0,0,0,0,0,"['B560', 'B118', 'B581', 'B486', 'B591', 'B430', 'B52', 'B25', 'B226', 'B611', 'B604', 'B105', 'B541']",6.5,S61,6.04,0,7,7,0.0,,-0.097874,-12.348688,-12.446562,False,False,12,S20,True,9,1.4236,delivery,,,,,,,,,,,,,,,,,,,,,,,,,,,,,,,,,,,,,,,,,,,,,,,,,,,,
47,20,14,39,S61,False,0,7,7,0,9,0,0,0,0,"['B406', 'B39', 'B367', 'B733', 'B681', 'B579', 'B54', 'B178', 'B515']",4.5,S15,3.33,9,7,16,0.0,,-0.155331,-12.060544,-12.215875,False,False,18,S20,True,14,2.3473,pickup,,,,,,,,,,,,,,,,,,,,,,,,,,,,,,,,,,,,,,,,,,,,,,,,,,,,
47,20,14,47,S15,False,9,7,16,9,0,0,0,0,0,"['B406', 'B39', 'B367', 'B733', 'B681', 'B579', 'B54', 'B178', 'B515']",4.5,S32,5.59,0,7,7,0.0,,-0.126961,-12.156901,-12.283863,False,False,12,S20,True,10,1.5932,delivery,,,,,,,,,,,,,,,,,,,,,,,,,,,,,,,,,,,,,,,,,,,,,,,,,,,,
47,20,14,57,S32,False,0,7,7,0,8,0,0,0,0,"['B554', 'B743', 'B396', 'B284', 'B548', 'B329', 'B605', 'B10']",4.0,S23,11.46,8,7,15,0.0,,-0.155311,-12.039407,-12.194718,False,False,18,S20,True,9,2.4841,pickup,,,,,,,,,,,,,,,,,,,,,,,,,,,,,,,,,,,,,,,,,,,,,,,,,,,,
47,20,15,13,S23,False,8,7,15,8,0,1,0,0,0,"['B554', 'B743', 'B396', 'B284', 'B548', 'B329', 'B605', 'B10']",7.0,S2,2.77,0,7,7,0.0,,-0.087842,-12.091177,-12.179019,True,True,48,S49,True,40,4.6199,delivery+onsite,,,,,,,,,,,,,,,,,,,,,,,,,,,,,,,,,,,,,,,,,,,,,,,,,,,,
47,20,15,23,S2,False,0,7,7,0,11,0,0,0,0,"['B574', 'B124', 'B609', 'B278', 'B117', 'B490', 'B603', 'B608', 'B491', 'B595', 'B267']",5.5,S48,12.22,11,7,18,0.0,,-0.116408,-12.055028,-12.171436,False,False,18,S49,True,15,2.0824,pickup,,,,,,,,,,,,,,,,,,,,,,,,,,,,,,,,,,,,,,,,,,,,,,,,,,,,
47,20,15,40,S48,False,11,7,18,6,0,0,0,0,0,"['B574', 'B124', 'B609', 'B278', 'B117', 'B490']",3.0,S47,10.34,5,7,12,0.0,,-0.146235,-12.22886,-12.375096,False,False,18,S0,True,15,1.7596,delivery,,,,,,,,,,,,,,,,,,,,,,,,,,,,,,,,,,,,,,,,,,,,,,,,,,,,
47,20,15,54,S47,False,5,7,12,0,8,0,0,0,0,"['B654', 'B306', 'B707', 'B422', 'B499', 'B445', 'B500', 'B36']",4.0,S0,14.43,13,7,20,0.0,,-0.155058,-12.223829,-12.378887,False,False,12,S52,True,7,1.2583,pickup,,,,,,,,,,,,,,,,,,,,,,,,,,,,,,,,,,,,,,,,,,,,,,,,,,,,
47,20,16,12,S0,False,13,7,20,0,0,0,0,0,0,[],0.0,S35,3.47,13,7,20,0.0,,-0.116231,-12.252244,-12.368475,False,False,18,S35,True,0,1.8823,do_nothing,,,,,,,,,,,,,,,,,,,,,,,,,,,,,,,,,,,,,,,,,,,,,,,,,,,,
47,20,16,16,S35,False,13,7,20,13,0,0,0,0,0,"['B603', 'B608', 'B491', 'B595', 'B267', 'B654', 'B306', 'B707', 'B422', 'B499', 'B445', 'B500', 'B36']",6.5,S37,7.89,0,7,7,0.0,,-0.125672,-12.205047,-12.33072,False,False,12,S1,True,7,1.3462,delivery,,,,,,,,,,,,,,,,,,,,,,,,,,,,,,,,,,,,,,,,,,,,,,,,,,,,
47,20,16,30,S37,False,0,7,7,0,12,0,1,0,0,"['B369', 'B91', 'B671', 'B384', 'B150', 'B620', 'B377', 'B0', 'B206', 'B452', 'B543', 'B68', 'B142']",6.5,S59,1.48,12,8,20,0.0,,-0.184227,-12.212791,-12.397018,True,True,36,S49,True,32,4.166,pickup+depot_removal,,,,,,,,,,,,,,,,,,,,,,,,,,,,,,,,,,,,,,,,,,,,,,,,,,,,
47,20,16,38,S59,False,12,8,20,12,0,0,0,0,0,"['B369', 'B91', 'B671', 'B384', 'B150', 'B620', 'B377', 'B0', 'B206', 'B452', 'B543', 'B68']",6.0,S49,1.68,0,8,8,0.0,,-0.292997,-12.113641,-12.406638,False,False,18,S13,True,14,2.0367,delivery,,,,,,,,,,,,,,,,,,,,,,,,,,,,,,,,,,,,,,,,,,,,,,,,,,,,
47,20,16,46,S49,False,0,8,8,0,11,0,1,0,0,"['B629', 'B420', 'B751', 'B756', 'B28', 'B261', 'B330', 'B412', 'B357', 'B392', 'B457', 'B168']",6.0,S64,1.8,11,9,20,0.0,,-0.184925,-12.084314,-12.269239,True,True,36,S2,True,22,3.6287,pickup+depot_removal,,,,,,,,,,,,,,,,,,,,,,,,,,,,,,,,,,,,,,,,,,,,,,,,,,,,
47,20,16,53,S64,False,11,9,20,8,0,0,0,0,0,"['B629', 'B420', 'B751', 'B756', 'B28', 'B261', 'B330', 'B412']",4.0,S23,5.36,3,9,12,0.0,,-0.245254,-11.965458,-12.210712,False,False,18,S38,True,9,1.911,delivery,,,,,,,,,,,,,,,,,,,,,,,,,,,,,,,,,,,,,,,,,,,,,,,,,,,,
47,20,17,3,S23,False,3,9,12,0,3,0,1,0,0,"['B694', 'B554', 'B743', 'B78']",2.0,S11,15.06,6,10,16,0.0,,-0.244709,-11.912802,-12.157511,True,True,48,S20,True,34,4.1244,pickup+depot_removal,,,,,,,,,,,,,,,,,,,,,,,,,,,,,,,,,,,,,,,,,,,,,,,,,,,,
47,20,17,20,S11,False,6,10,16,6,0,0,0,0,0,"['B357', 'B392', 'B457', 'B694', 'B554', 'B743']",3.0,S20,15.1,0,10,10,0.0,,-0.186233,-11.827434,-12.013667,False,False,12,S20,False,7,1.1476,delivery,,,,,,,,,,,,,,,,,,,,,,,,,,,,,,,,,,,,,,,,,,,,,,,,,,,,
47,20,17,38,S20,False,0,10,10,0,10,0,0,0,0,"['B647', 'B648', 'B376', 'B324', 'B303', 'B690', 'B179', 'B257', 'B517', 'B467']",5.0,S50,12.44,10,10,20,0.0,,-0.274251,-12.187446,-12.461698,False,False,12,S50,False,6,1.4416,pickup,,,,,,,,,,,,,,,,,,,,,,,,,,,,,,,,,,,,,,,,,,,,,,,,,,,,
47,20,17,55,S50,False,10,10,20,10,0,0,0,0,0,"['B647', 'B648', 'B376', 'B324', 'B303', 'B690', 'B179', 'B257', 'B517', 'B467']",5.0,S1,2.13,0,10,10,0.0,,-0.282138,-12.232243,-12.514381,False,False,12,S65,True,6,1.3107,delivery,,,,,,,,,,,,,,,,,,,,,,,,,,,,,,,,,,,,,,,,,,,,,,,,,,,,
47,20,18,2,S1,False,0,10,10,0,7,0,0,0,0,"['B222', 'B75', 'B331', 'B314', 'B325', 'B326', 'B246']",3.5,S65,11.28,7,10,17,0.0,,-0.108528,-12.163487,-12.272015,False,False,18,S29,True,8,1.6338,pickup,,,,,,,,,,,,,,,,,,,,,,,,,,,,,,,,,,,,,,,,,,,,,,,,,,,,
47,20,18,17,S65,False,7,10,17,7,0,0,0,0,0,"['B222', 'B75', 'B331', 'B314', 'B325', 'B326', 'B246']",3.5,S5,5.83,0,10,10,0.0,,-0.127061,-12.164212,-12.291273,False,False,12,S35,True,7,1.0692,delivery,,,,,,,,,,,,,,,,,,,,,,,,,,,,,,,,,,,,,,,,,,,,,,,,,,,,
47,20,18,27,S5,False,0,10,10,0,10,0,0,0,0,"['B649', 'B155', 'B81', 'B464', 'B389', 'B583', 'B698', 'B728', 'B20', 'B353']",5.0,S55,14.82,10,10,20,0.0,,-0.255869,-11.985227,-12.241096,False,False,12,S19,True,8,1.1656,pickup,,,,,,,,,,,,,,,,,,,,,,,,,,,,,,,,,,,,,,,,,,,,,,,,,,,,
47,20,18,46,S55,False,10,10,20,10,0,0,0,0,0,"['B649', 'B155', 'B81', 'B464', 'B389', 'B583', 'B698', 'B728', 'B20', 'B353']",5.0,S19,6.04,0,10,10,0.0,,-0.108933,-12.328823,-12.437756,False,False,12,S35,True,9,1.2627,delivery,,,,,,,,,,,,,,,,,,,,,,,,,,,,,,,,,,,,,,,,,,,,,,,,,,,,
47,20,18,57,S19,False,0,10,10,0,9,0,0,0,0,"['B416', 'B760', 'B243', 'B456', 'B720', 'B525', 'B401', 'B348', 'B712']",4.5,S55,6.04,9,10,19,0.0,,-0.058305,-12.291304,-12.349609,False,False,18,S38,True,15,1.8688,pickup,,,,,,,,,,,,,,,,,,,,,,,,,,,,,,,,,,,,,,,,,,,,,,,,,,,,
47,20,19,8,S55,False,9,10,19,9,0,0,0,0,0,"['B416', 'B760', 'B243', 'B456', 'B720', 'B525', 'B401', 'B348', 'B712']",4.5,S62,3.22,0,10,10,0.0,,-0.029262,-12.298091,-12.327352,False,False,18,S14,True,16,1.6502,delivery,,,,,,,,,,,,,,,,,,,,,,,,,,,,,,,,,,,,,,,,,,,,,,,,,,,,
47,20,19,16,S62,False,0,10,10,0,10,0,0,0,0,"['B188', 'B383', 'B253', 'B30', 'B480', 'B737', 'B103', 'B191', 'B57', 'B249']",5.0,S14,6.76,10,10,20,0.0,,0.0,-12.201113,-12.201113,False,False,12,S44,True,7,1.1497,pickup,,,,,,,,,,,,,,,,,,,,,,,,,,,,,,,,,,,,,,,,,,,,,,,,,,,,
47,20,19,27,S14,False,10,10,20,7,0,0,0,0,0,"['B188', 'B383', 'B253', 'B30', 'B480', 'B737', 'B103']",3.5,S44,8.59,3,10,13,0.0,,-0.048764,-12.207675,-12.25644,False,False,18,S44,False,15,1.6461,delivery,,,,,,,,,,,,,,,,,,,,,,,,,,,,,,,,,,,,,,,,,,,,,,,,,,,,
47,20,19,40,S44,False,3,10,13,0,0,0,0,0,0,[],0.0,S52,0.83,3,10,13,0.0,,-0.038928,-12.465225,-12.504153,False,False,10,S34,True,2,0.9257,do_nothing,,,,,,,,,,,,,,,,,,,,,,,,,,,,,,,,,,,,,,,,,,,,,,,,,,,,
47,20,19,40,S52,False,3,10,13,3,0,0,0,0,0,"['B191', 'B57', 'B249']",1.5,S64,2.64,0,10,10,0.0,,-0.049434,-12.493965,-12.5434,False,False,9,S34,True,7,0.7848,delivery,,,,,,,,,,,,,,,,,,,,,,,,,,,,,,,,,,,,,,,,,,,,,,,,,,,,
47,20,19,44,S64,False,0,10,10,0,0,0,0,0,0,[],0.0,S59,1.25,0,10,10,0.0,,-0.048569,-12.491486,-12.540055,False,False,4,S33,True,1,0.4133,do_nothing,,,,,,,,,,,,,,,,,,,,,,,,,,,,,,,,,,,,,,,,,,,,,,,,,,,,
47,20,19,46,S59,False,0,10,10,0,0,0,0,0,0,[],0.0,S64,1.25,0,10,10,0.0,,-0.048613,-12.493041,-12.541654,False,False,4,D0,True,0,0.4066,do_nothing,,,,,,,,,,,,,,,,,,,,,,,,,,,,,,,,,,,,,,,,,,,,,,,,,,,,
47,20,19,47,S64,False,0,10,10,0,0,0,0,0,0,[],0.0,S18,0.52,0,10,10,0.0,,-0.02971,-12.504194,-12.533904,False,False,3,S18,False,0,0.3329,do_nothing,,,,,,,,,,,,,,,,,,,,,,,,,,,,,,,,,,,,,,,,,,,,,,,,,,,,
47,20,19,48,S18,False,0,10,10,0,0,0,0,0,0,[],0.0,D0,1.79,0,10,10,0.0,,-0.068044,-12.744681,-12.812726,False,False,3,D0,True,0,0.3295,do_nothing,,,,,,,,,,,,,,,,,,,,,,,,,,,,,,,,,,,,,,,,,,,,,,,,,,,,
47,20,19,49,D0,True,0,10,10,0,0,0,0,10,0,"['B313', 'B12', 'B391', 'B176', 'B506', 'B695', 'B234', 'B142', 'B168', 'B78']",5.0,D0,0.0,0,0,0,0.0,,-0.019452,-12.707788,-12.72724,True,True,1,D0,False,0,0.1178,do_nothing,,,,,,,,,,,,,,,,,,,,,,,,,,,,,,,,,,,,,,,,,,,,,,,,,,,,
47,21,6,9,D0,True,0,0,0,0,0,0,0,0,13,"['B160', 'B450', 'B670', 'B600', 'B703', 'B123', 'B239', 'B92', 'B251', 'B102', 'B360', 'B419', 'B46']",6.5,S65,3.15,13,0,13,0.0,,-2.471309,-13.479208,-15.950517,True,True,5,S62,True,2,0.4294,load_queue,,,,,,,,,,,,,,,,,,,,,,,,,,,,,,,,,,,,,,,,,,,,,,,,,,,,
47,21,6,34,S65,False,13,0,13,13,0,0,0,0,0,"['B160', 'B450', 'B670', 'B600', 'B703', 'B123', 'B239', 'B92', 'B251', 'B102', 'B360', 'B419', 'B46']",6.5,S54,8.42,0,0,0,0.0,,-1.20992,-13.212478,-14.422398,False,False,12,S54,False,8,1.1795,delivery,,,,,,,,,,,,,,,,,,,,,,,,,,,,,,,,,,,,,,,,,,,,,,,,,,,,
47,21,6,49,S54,False,0,0,0,0,12,0,0,0,0,"['B329', 'B699', 'B308', 'B136', 'B682', 'B211', 'B516', 'B664', 'B41', 'B444', 'B13', 'B37']",6.0,S62,2.78,12,0,12,0.0,,-1.009302,-13.277345,-14.286647,False,False,18,S55,True,7,1.9155,pickup,,,,,,,,,,,,,,,,,,,,,,,,,,,,,,,,,,,,,,,,,,,,,,,,,,,,
47,21,6,58,S62,False,12,0,12,12,0,0,0,0,0,"['B329', 'B699', 'B308', 'B136', 'B682', 'B211', 'B516', 'B664', 'B41', 'B444', 'B13', 'B37']",6.0,S55,3.22,0,0,0,0.0,,-0.851495,-13.228174,-14.079669,False,False,12,S63,True,7,1.2628,delivery,,,,,,,,,,,,,,,,,,,,,,,,,,,,,,,,,,,,,,,,,,,,,,,,,,,,
47,21,7,7,S55,False,0,0,0,0,12,0,0,0,0,"['B760', 'B243', 'B456', 'B720', 'B525', 'B401', 'B348', 'B712', 'B200', 'B433', 'B88', 'B285']",6.0,S66,6.13,12,0,12,0.0,,-0.597019,-13.202568,-13.799588,False,False,18,S63,True,12,1.9243,pickup,,,,,,,,,,,,,,,,,,,,,,,,,,,,,,,,,,,,,,,,,,,,,,,,,,,,
47,21,7,19,S66,False,12,0,12,12,0,0,0,0,0,"['B760', 'B243', 'B456', 'B720', 'B525', 'B401', 'B348', 'B712', 'B200', 'B433', 'B88', 'B285']",6.0,S63,4.37,0,0,0,0.0,,-0.496226,-13.143448,-13.639674,False,False,12,S63,False,6,1.3851,delivery,,,,,,,,,,,,,,,,,,,,,,,,,,,,,,,,,,,,,,,,,,,,,,,,,,,,
47,21,7,29,S63,False,0,0,0,0,15,0,0,0,0,"['B431', 'B558', 'B533', 'B293', 'B15', 'B210', 'B214', 'B187', 'B669', 'B697', 'B686', 'B259', 'B512', 'B767', 'B580']",7.5,S51,3.43,15,0,15,0.0,,-0.450967,-13.106759,-13.557725,False,False,18,S33,True,8,2.0407,pickup,,,,,,,,,,,,,,,,,,,,,,,,,,,,,,,,,,,,,,,,,,,,,,,,,,,,
47,21,7,40,S51,False,15,0,15,11,0,0,1,0,0,"['B687', 'B431', 'B558', 'B533', 'B293', 'B15', 'B210', 'B214', 'B187', 'B669', 'B697', 'B686']",6.0,S33,4.94,4,1,5,0.0,,-0.536088,-12.962702,-13.498789,True,True,36,S22,True,18,3.8177,delivery+depot_removal,,,,,,,,,,,,,,,,,,,,,,,,,,,,,,,,,,,,,,,,,,,,,,,,,,,,
47,21,7,51,S33,False,4,1,5,0,15,0,0,0,0,"['B209', 'B393', 'B763', 'B363', 'B49', 'B280', 'B741', 'B11', 'B618', 'B382', 'B299', 'B235', 'B107', 'B544', 'B10']",7.5,S61,2.17,19,1,20,0.0,,-0.419045,-12.866826,-13.285871,False,False,12,S61,False,7,1.3808,pickup,,,,,,,,,,,,,,,,,,,,,,,,,,,,,,,,,,,,,,,,,,,,,,,,,,,,
47,21,8,1,S61,False,19,1,20,9,0,0,0,0,0,"['B259', 'B512', 'B767', 'B580', 'B209', 'B393', 'B763', 'B363', 'B49']",4.5,S57,7.47,10,1,11,0.0,,-0.302396,-12.860473,-13.162869,False,False,18,S27,True,9,2.0021,delivery,,,,,,,,,,,,,,,,,,,,,,,,,,,,,,,,,,,,,,,,,,,,,,,,,,,,
47,21,8,13,S57,False,10,1,11,0,9,0,0,0,0,"['B327', 'B14', 'B721', 'B27', 'B144', 'B598', 'B424', 'B347', 'B323']",4.5,S27,6.93,19,1,20,0.0,,-0.397962,-13.019827,-13.417789,True,False,18,S9,True,12,1.8101,pickup,,,,,,,,,,,,,,,,,,,,,,,,,,,,,,,,,,,,,,,,,,,,,,,,,,,,
47,21,8,24,S27,False,19,1,20,14,0,0,0,0,0,"['B280', 'B741', 'B11', 'B618', 'B382', 'B299', 'B235', 'B107', 'B544', 'B10', 'B327', 'B14', 'B721', 'B27']",7.0,S43,5.27,5,1,6,0.0,,-0.252213,-12.930852,-13.183065,False,False,18,S31,True,15,1.9346,delivery,,,,,,,,,,,,,,,,,,,,,,,,,,,,,,,,,,,,,,,,,,,,,,,,,,,,
47,21,8,37,S43,False,5,1,6,0,14,0,0,0,0,"['B497', 'B97', 'B95', 'B104', 'B278', 'B608', 'B701', 'B117', 'B539', 'B414', 'B317', 'B713', 'B253', 'B634']",7.0,S22,8.75,19,1,20,0.0,,-0.233531,-12.803358,-13.036889,False,False,12,S22,False,10,1.4819,pickup,,,,,,,,,,,,,,,,,,,,,,,,,,,,,,,,,,,,,,,,,,,,,,,,,,,,
47,21,8,52,S22,False,19,1,20,12,0,0,0,0,0,"['B144', 'B598', 'B424', 'B347', 'B323', 'B497', 'B97', 'B95', 'B104', 'B278', 'B608', 'B701']",6.0,S1,12.6,7,1,8,0.0,,-0.243193,-12.844775,-13.087968,False,False,18,S20,True,8,1.9786,delivery,,,,,,,,,,,,,,,,,,,,,,,,,,,,,,,,,,,,,,,,,,,,,,,,,,,,
47,21,9,11,S1,False,7,1,8,0,12,0,0,0,0,"['B495', 'B488', 'B310', 'B371', 'B21', 'B291', 'B570', 'B255', 'B51', 'B213', 'B732', 'B740']",6.0,S10,3.07,19,1,20,0.0,,-0.243151,-12.767985,-13.011136,False,False,12,S10,False,6,1.6271,pickup,,,,,,,,,,,,,,,,,,,,,,,,,,,,,,,,,,,,,,,,,,,,,,,,,,,,
47,21,9,20,S10,False,19,1,20,10,0,0,0,0,0,"['B117', 'B539', 'B414', 'B317', 'B713', 'B253', 'B634', 'B495', 'B488', 'B310']",5.0,S65,8.22,9,1,10,0.0,,-0.340789,-12.858912,-13.199701,False,False,18,S26,True,8,2.0218,delivery,,,,,,,,,,,,,,,,,,,,,,,,,,,,,,,,,,,,,,,,,,,,,,,,,,,,
47,21,9,33,S65,False,9,1,10,9,0,0,0,0,0,"['B371', 'B21', 'B291', 'B570', 'B255', 'B51', 'B213', 'B732', 'B740']",4.5,S32,9.46,0,1,1,0.0,,-0.291711,-13.115987,-13.407698,False,False,12,S32,False,7,1.5482,delivery,,,,,,,,,,,,,,,,,,,,,,,,,,,,,,,,,,,,,,,,,,,,,,,,,,,,
47,21,9,47,S32,False,0,1,1,0,15,0,0,0,0,"['B722', 'B408', 'B378', 'B659', 'B567', 'B351', 'B402', 'B248', 'B564', 'B185', 'B698', 'B357', 'B708', 'B714', 'B75']",7.5,S26,7.72,15,1,16,0.0,,-0.446486,-13.262593,-13.709079,False,False,18,S26,False,6,2.853,pickup,,,,,,,,,,,,,,,,,,,,,,,,,,,,,,,,,,,,,,,,,,,,,,,,,,,,
47,21,10,2,S26,False,15,1,16,15,0,0,0,0,0,"['B722', 'B408', 'B378', 'B659', 'B567', 'B351', 'B402', 'B248', 'B564', 'B185', 'B698', 'B357', 'B708', 'B714', 'B75']",7.5,S52,7.0,0,1,1,0.0,,-0.614002,-13.244988,-13.85899,False,False,18,S52,True,16,2.1444,delivery,,,,,,,,,,,,,,,,,,,,,,,,,,,,,,,,,,,,,,,,,,,,,,,,,,,,
47,21,10,17,S52,False,0,1,1,0,8,1,0,0,0,"['B492', 'B755', 'B349', 'B457', 'B103', 'B125', 'B303', 'B558']",7.0,S37,1.18,8,1,9,0.0,,-0.399863,-13.312739,-13.712602,True,True,36,S59,True,21,3.9546,pickup+onsite,,,,,,,,,,,,,,,,,,,,,,,,,,,,,,,,,,,,,,,,,,,,,,,,,,,,
47,21,10,25,S37,False,8,1,9,0,11,0,0,0,0,"['B167', 'B155', 'B110', 'B352', 'B343', 'B342', 'B126', 'B320', 'B386', 'B353', 'B80']",5.5,S29,6.23,19,1,20,0.0,,-0.260573,-13.26056,-13.521133,True,False,24,S11,True,18,2.37,pickup,,,,,,,,,,,,,,,,,,,,,,,,,,,,,,,,,,,,,,,,,,,,,,,,,,,,
47,21,10,37,S29,False,19,1,20,19,0,0,0,0,0,"['B492', 'B755', 'B349', 'B457', 'B103', 'B125', 'B303', 'B558', 'B167', 'B155', 'B110', 'B352', 'B343', 'B342', 'B126', 'B320', 'B386', 'B353', 'B80']",9.5,S59,7.54,0,1,1,0.0,,-0.407684,-13.08884,-13.496525,False,False,18,S63,True,13,2.6008,delivery,,,,,,,,,,,,,,,,,,,,,,,,,,,,,,,,,,,,,,,,,,,,,,,,,,,,
47,21,10,54,S59,False,0,1,1,0,19,0,0,0,0,"['B206', 'B452', 'B543', 'B68', 'B447', 'B462', 'B135', 'B290', 'B411', 'B546', 'B534', 'B736', 'B549', 'B569', 'B40', 'B335', 'B636', 'B662', 'B338']",9.5,S42,10.56,19,1,20,0.0,,-0.634063,-13.409739,-14.043803,False,False,12,S13,True,9,1.4342,pickup,,,,,,,,,,,,,,,,,,,,,,,,,,,,,,,,,,,,,,,,,,,,,,,,,,,,
47,21,11,14,S42,False,19,1,20,16,0,0,0,0,0,"['B206', 'B452', 'B543', 'B68', 'B447', 'B462', 'B135', 'B290', 'B411', 'B546', 'B534', 'B736', 'B549', 'B569', 'B40', 'B335']",8.0,S63,7.96,3,1,4,0.0,,-0.563692,-13.321633,-13.885325,False,False,18,S20,True,10,2.2898,delivery,,,,,,,,,,,,,,,,,,,,,,,,,,,,,,,,,,,,,,,,,,,,,,,,,,,,
47,21,11,30,S63,False,3,1,4,0,12,0,0,0,0,"['B504', 'B417', 'B474', 'B198', 'B250', 'B538', 'B227', 'B389', 'B256', 'B431', 'B344', 'B547']",6.0,S36,3.15,15,1,16,0.0,,-0.770448,-13.486478,-14.256926,False,False,18,S19,True,12,2.3017,pickup,,,,,,,,,,,,,,,,,,,,,,,,,,,,,,,,,,,,,,,,,,,,,,,,,,,,
47,21,11,39,S36,False,15,1,16,10,0,0,0,0,0,"['B636', 'B662', 'B338', 'B504', 'B417', 'B474', 'B198', 'B250', 'B538', 'B227']",5.0,S60,7.61,5,1,6,0.0,,-0.867121,-13.50319,-14.370311,False,False,18,S19,True,6,2.5572,delivery,,,,,,,,,,,,,,,,,,,,,,,,,,,,,,,,,,,,,,,,,,,,,,,,,,,,
47,21,11,52,S60,False,5,1,6,0,14,0,0,0,0,"['B724', 'B622', 'B43', 'B460', 'B482', 'B379', 'B160', 'B23', 'B670', 'B629', 'B239', 'B102', 'B130', 'B371']",7.0,S35,9.21,19,1,20,0.0,,-0.96404,-13.517803,-14.481843,False,False,12,S19,True,9,1.7637,pickup,,,,,,,,,,,,,,,,,,,,,,,,,,,,,,,,,,,,,,,,,,,,,,,,,,,,
47,21,12,8,S35,False,19,1,20,13,0,0,2,0,0,"['B321', 'B370', 'B389', 'B256', 'B431', 'B344', 'B547', 'B724', 'B622', 'B43', 'B460', 'B482', 'B379', 'B160', 'B23']",7.5,S46,5.93,6,3,9,0.0,,-1.277611,-13.451158,-14.728769,True,True,42,S31,True,39,4.1458,delivery+depot_removal,,,,,,,,,,,,,,,,,,,,,,,,,,,,,,,,,,,,,,,,,,,,,,,,,,,,
47,21,12,21,S46,False,6,3,9,6,0,0,0,0,0,"['B670', 'B629', 'B239', 'B102', 'B130', 'B371']",3.0,S66,5.15,0,3,3,0.0,,-1.044097,-13.457517,-14.501614,False,False,12,S66,False,8,1.5832,delivery,,,,,,,,,,,,,,,,,,,,,,,,,,,,,,,,,,,,,,,,,,,,,,,,,,,,
47,21,12,29,S66,False,0,3,3,0,15,0,1,0,0,"['B433', 'B88', 'B285', 'B257', 'B654', 'B123', 'B70', 'B111', 'B293', 'B470', 'B29', 'B51', 'B222', 'B732', 'B18', 'B747']",8.0,S11,10.37,15,4,19,0.0,,-0.792898,-13.501488,-14.294386,True,True,36,S31,True,22,4.3677,pickup+depot_removal,,,,,,,,,,,,,,,,,,,,,,,,,,,,,,,,,,,,,,,,,,,,,,,,,,,,
47,21,12,48,S11,False,15,4,19,11,0,0,0,0,0,"['B433', 'B88', 'B285', 'B257', 'B654', 'B123', 'B70', 'B111', 'B293', 'B470', 'B29']",5.5,S61,9.93,4,4,8,0.0,,-1.40616,-13.598959,-15.005119,False,False,18,S4,True,9,2.1062,delivery,,,,,,,,,,,,,,,,,,,,,,,,,,,,,,,,,,,,,,,,,,,,,,,,,,,,
47,21,13,3,S61,False,4,4,8,0,9,0,0,0,0,"['B33', 'B312', 'B438', 'B265', 'B184', 'B408', 'B314', 'B712', 'B106']",4.5,S4,1.37,13,4,17,0.0,,-1.028819,-13.490376,-14.519195,False,False,18,S4,False,12,2.4834,pickup,,,,,,,,,,,,,,,,,,,,,,,,,,,,,,,,,,,,,,,,,,,,,,,,,,,,
47,21,13,9,S4,False,13,4,17,13,0,0,2,0,0,"['B585', 'B355', 'B51', 'B222', 'B732', 'B18', 'B33', 'B312', 'B438', 'B265', 'B184', 'B408', 'B314', 'B712', 'B106']",7.5,S51,5.42,0,6,6,0.0,,-1.060032,-13.403572,-14.463604,True,True,54,S15,True,48,6.2569,delivery+depot_removal,,,,,,,,,,,,,,,,,,,,,,,,,,,,,,,,,,,,,,,,,,,,,,,,,,,,
47,21,13,22,S51,False,0,6,6,0,10,0,0,0,0,"['B120', 'B441', 'B534', 'B616', 'B455', 'B626', 'B188', 'B453', 'B364', 'B225']",5.0,S15,8.59,10,6,16,0.0,,-1.139927,-13.461029,-14.600956,False,False,18,S12,True,12,1.8869,pickup,,,,,,,,,,,,,,,,,,,,,,,,,,,,,,,,,,,,,,,,,,,,,,,,,,,,
47,21,13,36,S15,False,10,6,16,10,0,0,0,0,0,"['B120', 'B441', 'B534', 'B616', 'B455', 'B626', 'B188', 'B453', 'B364', 'B225']",5.0,S62,2.79,0,6,6,0.0,,-1.071754,-12.826985,-13.898738,False,False,12,S40,True,9,1.2197,delivery,,,,,,,,,,,,,,,,,,,,,,,,,,,,,,,,,,,,,,,,,,,,,,,,,,,,
47,21,13,43,S62,False,0,6,6,0,12,0,0,0,0,"['B685', 'B26', 'B323', 'B374', 'B762', 'B422', 'B158', 'B68', 'B709', 'B447', 'B100', 'B204']",6.0,S54,2.78,12,6,18,0.0,,-1.231946,-12.803212,-14.035157,False,False,18,S41,True,12,1.9809,pickup,,,,,,,,,,,,,,,,,,,,,,,,,,,,,,,,,,,,,,,,,,,,,,,,,,,,
47,21,13,52,S54,False,12,6,18,12,0,0,0,0,0,"['B685', 'B26', 'B323', 'B374', 'B762', 'B422', 'B158', 'B68', 'B709', 'B447', 'B100', 'B204']",6.0,S41,6.96,0,6,6,0.0,,-1.105967,-12.710439,-13.816406,False,False,12,S44,True,9,1.4981,delivery,,,,,,,,,,,,,,,,,,,,,,,,,,,,,,,,,,,,,,,,,,,,,,,,,,,,
47,21,14,5,S41,False,0,6,6,0,13,0,0,0,0,"['B0', 'B541', 'B631', 'B630', 'B89', 'B373', 'B231', 'B336', 'B213', 'B414', 'B307', 'B717', 'B677']",6.5,S42,10.8,13,6,19,0.0,,-1.034225,-12.798226,-13.832451,False,False,18,S60,True,16,2.101,pickup,,,,,,,,,,,,,,,,,,,,,,,,,,,,,,,,,,,,,,,,,,,,,,,,,,,,
47,21,14,22,S42,False,13,6,19,13,0,0,0,0,0,"['B0', 'B541', 'B631', 'B630', 'B89', 'B373', 'B231', 'B336', 'B213', 'B414', 'B307', 'B717', 'B677']",6.5,S40,6.18,0,6,6,0.0,,-0.840649,-12.994843,-13.835492,False,False,12,S40,False,8,1.2496,delivery,,,,,,,,,,,,,,,,,,,,,,,,,,,,,,,,,,,,,,,,,,,,,,,,,,,,
47,21,14,35,S40,False,0,6,6,0,12,0,0,0,0,"['B150', 'B117', 'B563', 'B445', 'B62', 'B308', 'B211', 'B624', 'B79', 'B574', 'B125', 'B688']",6.0,S54,2.17,12,6,18,0.0,,-1.707545,-13.53249,-15.240035,False,False,18,S12,True,12,1.8023,pickup,,,,,,,,,,,,,,,,,,,,,,,,,,,,,,,,,,,,,,,,,,,,,,,,,,,,
47,21,14,43,S54,False,12,6,18,12,0,0,0,0,0,"['B150', 'B117', 'B563', 'B445', 'B62', 'B308', 'B211', 'B624', 'B79', 'B574', 'B125', 'B688']",6.0,S12,8.01,0,6,6,0.0,,-2.278223,-13.613872,-15.892096,False,False,12,S34,True,7,1.0786,delivery,,,,,,,,,,,,,,,,,,,,,,,,,,,,,,,,,,,,,,,,,,,,,,,,,,,,
47,21,14,57,S12,False,0,6,6,0,14,0,0,0,0,"['B337', 'B325', 'B85', 'B606', 'B228', 'B385', 'B223', 'B405', 'B200', 'B260', 'B746', 'B369', 'B153', 'B267']",7.0,S55,7.23,14,6,20,0.0,,-2.11847,-13.665489,-15.78396,False,False,12,S34,True,10,1.278,pickup,,,,,,,,,,,,,,,,,,,,,,,,,,,,,,,,,,,,,,,,,,,,,,,,,,,,
47,21,15,12,S55,False,14,6,20,9,0,0,0,0,0,"['B337', 'B325', 'B85', 'B606', 'B228', 'B385', 'B223', 'B405', 'B200']",4.5,S56,1.03,5,6,11,0.0,,-2.527826,-13.67747,-16.205295,False,False,18,S35,True,9,2.0022,delivery,,,,,,,,,,,,,,,,,,,,,,,,,,,,,,,,,,,,,,,,,,,,,,,,,,,,
47,21,15,17,S56,False,5,6,11,5,0,0,1,0,0,"['B613', 'B260', 'B746', 'B369', 'B153', 'B267']",3.0,S18,7.07,0,7,7,0.0,,-2.465795,-13.640281,-16.106077,True,True,24,S18,False,21,3.183,delivery+depot_removal,,,,,,,,,,,,,,,,,,,,,,,,,,,,,,,,,,,,,,,,,,,,,,,,,,,,
47,21,15,27,S18,False,0,7,7,0,13,0,0,0,0,"['B646', 'B113', 'B124', 'B552', 'B575', 'B13', 'B663', 'B382', 'B510', 'B449', 'B665', 'B206', 'B350']",6.5,S35,8.69,13,7,20,0.0,,-1.556992,-13.518807,-15.075799,False,False,12,S58,True,10,1.598,pickup,,,,,,,,,,,,,,,,,,,,,,,,,,,,,,,,,,,,,,,,,,,,,,,,,,,,
47,21,15,42,S35,False,13,7,20,13,0,0,0,0,0,"['B646', 'B113', 'B124', 'B552', 'B575', 'B13', 'B663', 'B382', 'B510', 'B449', 'B665', 'B206', 'B350']",6.5,S57,0.73,0,7,7,0.0,,-1.470272,-13.230176,-14.700448,False,False,12,S57,False,6,1.6907,delivery,,,,,,,,,,,,,,,,,,,,,,,,,,,,,,,,,,,,,,,,,,,,,,,,,,,,
47,21,15,50,S57,False,0,7,7,0,11,0,1,0,0,"['B505', 'B511', 'B136', 'B641', 'B473', 'B114', 'B497', 'B49', 'B31', 'B365', 'B133', 'B614']",6.0,S42,1.83,11,8,19,0.0,,-1.450519,-13.189712,-14.640231,True,True,60,S66,True,43,7.392,pickup+depot_removal,,,,,,,,,,,,,,,,,,,,,,,,,,,,,,,,,,,,,,,,,,,,,,,,,,,,
47,21,15,57,S42,False,11,8,19,11,0,0,0,0,0,"['B505', 'B511', 'B136', 'B641', 'B473', 'B114', 'B497', 'B49', 'B31', 'B365', 'B133']",5.5,S66,9.4,0,8,8,0.0,,-1.424823,-12.992797,-14.41762,False,False,12,S66,False,6,1.5583,delivery,,,,,,,,,,,,,,,,,,,,,,,,,,,,,,,,,,,,,,,,,,,,,,,,,,,,
47,21,16,12,S66,False,0,8,8,0,0,0,0,0,0,[],0.0,S22,4.43,0,8,8,0.0,,-0.910472,-12.914225,-13.824697,True,False,36,S22,True,0,3.4746,do_nothing,,,,,,,,,,,,,,,,,,,,,,,,,,,,,,,,,,,,,,,,,,,,,,,,,,,,
47,21,16,17,S22,False,0,8,8,0,12,0,0,0,0,"['B701', 'B393', 'B156', 'B173', 'B750', 'B545', 'B50', 'B296', 'B523', 'B47', 'B725', 'B297']",6.0,S58,7.3,12,8,20,0.0,,-0.899513,-12.86902,-13.768533,False,False,12,S59,True,10,1.2387,pickup,,,,,,,,,,,,,,,,,,,,,,,,,,,,,,,,,,,,,,,,,,,,,,,,,,,,
47,21,16,30,S58,False,12,8,20,12,0,1,0,0,0,"['B701', 'B393', 'B156', 'B173', 'B750', 'B545', 'B50', 'B296', 'B523', 'B47', 'B725', 'B297']",9.0,S53,3.51,0,8,8,0.0,,-0.822345,-12.839867,-13.662213,True,True,24,S50,True,18,2.5651,delivery+onsite,,,,,,,,,,,,,,,,,,,,,,,,,,,,,,,,,,,,,,,,,,,,,,,,,,,,
47,21,16,43,S53,False,0,8,8,0,12,0,0,0,0,"['B282', 'B8', 'B457', 'B44', 'B264', 'B682', 'B501', 'B24', 'B279', 'B756', 'B659', 'B434']",6.0,S59,4.5,12,8,20,0.0,,-0.635099,-12.742142,-13.377241,False,False,12,S59,False,6,1.2711,pickup,,,,,,,,,,,,,,,,,,,,,,,,,,,,,,,,,,,,,,,,,,,,,,,,,,,,
47,21,16,53,S59,False,12,8,20,12,0,0,0,0,0,"['B282', 'B8', 'B457', 'B44', 'B264', 'B682', 'B501', 'B24', 'B279', 'B756', 'B659', 'B434']",6.0,S7,8.28,0,8,8,0.0,,-0.752914,-12.736559,-13.489474,False,False,12,S38,True,8,1.492,delivery,,,,,,,,,,,,,,,,,,,,,,,,,,,,,,,,,,,,,,,,,,,,,,,,,,,,
47,21,17,7,S7,False,0,8,8,0,12,0,0,0,0,"['B656', 'B642', 'B17', 'B660', 'B627', 'B165', 'B556', 'B583', 'B108', 'B729', 'B177', 'B349']",6.0,S38,8.64,12,8,20,0.0,,-0.557084,-12.690531,-13.247615,False,False,12,S50,True,8,1.6234,pickup,,,,,,,,,,,,,,,,,,,,,,,,,,,,,,,,,,,,,,,,,,,,,,,,,,,,
47,21,17,22,S38,False,12,8,20,11,0,0,0,0,0,"['B656', 'B642', 'B17', 'B660', 'B627', 'B165', 'B556', 'B583', 'B108', 'B729', 'B177']",5.5,S51,5.47,1,8,9,0.0,,-0.284171,-12.653766,-12.937937,False,False,18,S50,True,6,2.195,delivery,,,,,,,,,,,,,,,,,,,,,,,,,,,,,,,,,,,,,,,,,,,,,,,,,,,,
47,21,17,33,S51,False,1,8,9,0,11,0,0,0,0,"['B102', 'B625', 'B130', 'B705', 'B595', 'B442', 'B11', 'B172', 'B680', 'B618', 'B541']",5.5,S26,11.22,12,8,20,0.0,,-0.634614,-12.526513,-13.161127,False,False,12,S50,True,6,1.4613,pickup,,,,,,,,,,,,,,,,,,,,,,,,,,,,,,,,,,,,,,,,,,,,,,,,,,,,
47,21,17,50,S26,False,12,8,20,12,0,0,0,0,0,"['B349', 'B102', 'B625', 'B130', 'B705', 'B595', 'B442', 'B11', 'B172', 'B680', 'B618', 'B541']",6.0,S65,6.43,0,8,8,0.0,,-0.971421,-12.51856,-13.489981,False,False,12,S13,True,7,1.9608,delivery,,,,,,,,,,,,,,,,,,,,,,,,,,,,,,,,,,,,,,,,,,,,,,,,,,,,
47,21,18,2,S65,False,0,8,8,0,12,1,0,0,0,"['B126', 'B154', 'B555', 'B167', 'B669', 'B352', 'B547', 'B0', 'B280', 'B517', 'B256', 'B265']",9.0,S13,5.55,12,8,20,0.0,,-0.440903,-12.378472,-12.819375,True,True,24,S25,True,22,2.958,pickup+onsite,,,,,,,,,,,,,,,,,,,,,,,,,,,,,,,,,,,,,,,,,,,,,,,,,,,,
47,21,18,17,S13,False,12,8,20,12,0,0,0,0,0,"['B126', 'B154', 'B555', 'B167', 'B669', 'B352', 'B547', 'B0', 'B280', 'B517', 'B256', 'B265']",6.0,S48,16.27,0,8,8,0.0,,-0.566679,-12.434722,-13.001402,False,False,12,S22,True,7,1.5276,delivery,,,,,,,,,,,,,,,,,,,,,,,,,,,,,,,,,,,,,,,,,,,,,,,,,,,,
47,21,18,39,S48,False,0,8,8,0,9,0,1,0,0,"['B286', 'B615', 'B724', 'B743', 'B606', 'B64', 'B616', 'B579', 'B424', 'B730']",5.0,S54,6.34,9,9,18,0.0,,-0.617327,-12.778745,-13.396072,True,True,36,S40,True,30,3.9085,pickup+depot_removal,,,,,,,,,,,,,,,,,,,,,,,,,,,,,,,,,,,,,,,,,,,,,,,,,,,,
47,21,18,50,S54,False,9,9,18,9,0,0,1,0,0,"['B734', 'B286', 'B615', 'B724', 'B743', 'B606', 'B64', 'B616', 'B579', 'B424']",5.0,S22,9.78,0,10,10,0.0,,-0.381705,-12.767609,-13.149314,True,True,24,S40,True,19,2.8212,delivery+depot_removal,,,,,,,,,,,,,,,,,,,,,,,,,,,,,,,,,,,,,,,,,,,,,,,,,,,,
47,21,19,5,S22,False,0,10,10,0,10,0,0,0,0,"['B245', 'B535', 'B407', 'B648', 'B634', 'B16', 'B684', 'B43', 'B540', 'B543']",5.0,S10,9.54,10,10,20,0.0,,-0.528574,-12.74925,-13.277824,False,False,12,S39,True,9,1.4573,pickup,,,,,,,,,,,,,,,,,,,,,,,,,,,,,,,,,,,,,,,,,,,,,,,,,,,,
47,21,19,20,S10,False,10,10,20,10,0,0,0,0,0,"['B245', 'B535', 'B407', 'B648', 'B634', 'B16', 'B684', 'B43', 'B540', 'B543']",5.0,S40,2.46,0,10,10,0.0,,-0.363182,-12.744629,-13.107812,False,False,18,S39,True,14,2.0603,delivery,,,,,,,,,,,,,,,,,,,,,,,,,,,,,,,,,,,,,,,,,,,,,,,,,,,,
47,21,19,27,S40,False,0,10,10,0,10,0,0,0,0,"['B209', 'B272', 'B72', 'B459', 'B77', 'B657', 'B65', 'B54', 'B80', 'B632']",5.0,S39,6.46,10,10,20,0.0,,-0.253458,-12.674336,-12.927794,False,False,12,S39,False,6,1.6172,pickup,,,,,,,,,,,,,,,,,,,,,,,,,,,,,,,,,,,,,,,,,,,,,,,,,,,,
47,21,19,38,S39,False,10,10,20,0,0,0,0,0,0,[],0.0,S54,8.41,10,10,20,0.0,,-0.324008,-12.64262,-12.966628,True,False,11,S54,False,0,1.5664,do_nothing,,,,,,,,,,,,,,,,,,,,,,,,,,,,,,,,,,,,,,,,,,,,,,,,,,,,
47,21,19,47,S54,False,10,10,20,10,0,0,0,0,0,"['B209', 'B272', 'B72', 'B459', 'B77', 'B657', 'B65', 'B54', 'B80', 'B632']",5.0,D0,1.95,0,10,10,0.0,,-0.419564,-12.85216,-13.271724,False,False,2,D0,False,1,0.2252,delivery,,,,,,,,,,,,,,,,,,,,,,,,,,,,,,,,,,,,,,,,,,,,,,,,,,,,
47,21,19,54,D0,True,0,10,10,0,0,0,0,10,10,"['B313', 'B12', 'B391', 'B176', 'B506', 'B695', 'B234', 'B142', 'B168', 'B78', 'B687', 'B321', 'B370', 'B747', 'B585', 'B355', 'B613', 'B614', 'B730', 'B734']",10.0,D0,0.0,10,0,10,0.0,,-0.442588,-12.779265,-13.221853,True,True,1,D0,False,0,0.1288,do_nothing,,,,,,,,,,,,,,,,,,,,,,,,,,,,,,,,,,,,,,,,,,,,,,,,,,,,
47,22,6,4,D0,True,10,0,10,0,0,0,0,0,0,[],0.0,S54,1.95,10,0,10,0.0,,-2.913251,-13.420449,-16.3337,True,True,5,S40,True,4,0.6964,depot_passthrough,,,,,,,,,,,,,,,,,,,,,,,,,,,,,,,,,,,,,,,,,,,,,,,,,,,,
47,22,6,21,S54,False,10,0,10,0,10,1,0,0,0,"['B657', 'B65', 'B54', 'B80', 'B632', 'B14', 'B426', 'B675', 'B211', 'B320']",8.0,S31,5.7,20,0,20,0.0,,-2.361452,-13.338644,-15.700095,True,True,36,S40,True,30,3.9838,pickup+onsite,,,,,,,,,,,,,,,,,,,,,,,,,,,,,,,,,,,,,,,,,,,,,,,,,,,,
47,22,6,35,S31,False,20,0,20,20,0,1,0,0,0,"['B313', 'B12', 'B391', 'B176', 'B506', 'B695', 'B234', 'B142', 'B168', 'B78', 'B657', 'B65', 'B54', 'B80', 'B632', 'B14', 'B426', 'B675', 'B211', 'B320']",13.0,S52,2.99,0,0,0,0.0,,-2.37907,-13.546937,-15.926007,True,True,24,S33,True,19,3.443,delivery+onsite,,,,,,,,,,,,,,,,,,,,,,,,,,,,,,,,,,,,,,,,,,,,,,,,,,,,
47,22,6,51,S52,False,0,0,0,0,14,0,0,0,0,"['B559', 'B469', 'B143', 'B475', 'B227', 'B129', 'B162', 'B202', 'B9', 'B718', 'B181', 'B58', 'B112', 'B186']",7.0,S66,3.13,14,0,14,0.0,,-1.854073,-13.59142,-15.445493,False,False,18,S33,True,13,2.7325,pickup,,,,,,,,,,,,,,,,,,,,,,,,,,,,,,,,,,,,,,,,,,,,,,,,,,,,
47,22,7,1,S66,False,14,0,14,14,0,0,1,0,0,"['B141', 'B559', 'B469', 'B143', 'B475', 'B227', 'B129', 'B162', 'B202', 'B9', 'B718', 'B181', 'B58', 'B112', 'B186']",7.5,S36,7.48,0,1,1,0.0,,-1.50698,-13.505637,-15.012617,True,True,48,S4,True,32,6.0579,delivery+depot_removal,,,,,,,,,,,,,,,,,,,,,,,,,,,,,,,,,,,,,,,,,,,,,,,,,,,,
47,22,7,16,S36,False,0,1,1,0,15,0,0,0,0,"['B285', 'B537', 'B574', 'B190', 'B103', 'B217', 'B413', 'B263', 'B549', 'B479', 'B677', 'B347', 'B389', 'B534', 'B36']",7.5,S61,6.36,15,1,16,0.0,,-0.980219,-13.515257,-14.495476,False,False,18,S31,True,10,2.1094,pickup,,,,,,,,,,,,,,,,,,,,,,,,,,,,,,,,,,,,,,,,,,,,,,,,,,,,
47,22,7,29,S61,False,15,1,16,9,0,0,0,0,0,"['B285', 'B537', 'B574', 'B190', 'B103', 'B217', 'B413', 'B263', 'B549']",4.5,S15,3.33,6,1,7,0.0,,-0.745848,-13.488639,-14.234488,False,False,18,S13,True,10,1.866,delivery,,,,,,,,,,,,,,,,,,,,,,,,,,,,,,,,,,,,,,,,,,,,,,,,,,,,
47,22,7,37,S15,False,6,1,7,6,0,0,0,0,0,"['B479', 'B677', 'B347', 'B389', 'B534', 'B36']",3.0,S37,4.99,0,1,1,0.0,,-0.636087,-13.2635,-13.899587,False,False,12,S37,False,9,1.4966,delivery,,,,,,,,,,,,,,,,,,,,,,,,,,,,,,,,,,,,,,,,,,,,,,,,,,,,
47,22,7,45,S37,False,0,1,1,0,15,0,2,0,0,"['B699', 'B508', 'B26', 'B226', 'B216', 'B154', 'B231', 'B311', 'B480', 'B558', 'B702', 'B409', 'B740', 'B561', 'B564', 'B55', 'B179']",8.5,S31,2.81,15,3,18,0.0,,-0.705497,-13.204446,-13.909943,True,True,42,S31,False,30,5.9505,pickup+depot_removal,,,,,,,,,,,,,,,,,,,,,,,,,,,,,,,,,,,,,,,,,,,,,,,,,,,,
47,22,7,57,S31,False,15,3,18,15,0,0,0,0,0,"['B699', 'B508', 'B26', 'B226', 'B216', 'B154', 'B231', 'B311', 'B480', 'B558', 'B702', 'B409', 'B740', 'B561', 'B564']",7.5,S4,2.07,0,3,3,0.0,,-0.829691,-13.208863,-14.038554,False,False,12,S4,False,7,1.6952,delivery,,,,,,,,,,,,,,,,,,,,,,,,,,,,,,,,,,,,,,,,,,,,,,,,,,,,
47,22,8,6,S4,False,0,3,3,0,0,1,0,0,0,[],3.0,S54,5.11,0,3,3,0.0,,-0.909078,-13.293544,-14.202622,True,True,36,S47,True,7,4.3046,do_nothing+onsite,,,,,,,,,,,,,,,,,,,,,,,,,,,,,,,,,,,,,,,,,,,,,,,,,,,,
47,22,8,14,S54,False,0,3,3,0,14,0,1,0,0,"['B354', 'B571', 'B173', 'B280', 'B150', 'B65', 'B654', 'B168', 'B78', 'B615', 'B657', 'B483', 'B285', 'B103', 'B447']",7.5,S65,8.42,14,4,18,0.0,,-0.676909,-13.176348,-13.853256,True,True,36,S49,True,31,3.9137,pickup+depot_removal,,,,,,,,,,,,,,,,,,,,,,,,,,,,,,,,,,,,,,,,,,,,,,,,,,,,
47,22,8,30,S65,False,14,4,18,14,0,0,0,0,0,"['B354', 'B571', 'B173', 'B280', 'B150', 'B65', 'B654', 'B168', 'B78', 'B615', 'B657', 'B483', 'B285', 'B103']",7.0,S4,5.15,0,4,4,0.0,,-0.645177,-13.104385,-13.749563,False,False,12,S4,False,8,1.3198,delivery,,,,,,,,,,,,,,,,,,,,,,,,,,,,,,,,,,,,,,,,,,,,,,,,,,,,
47,22,8,42,S4,False,0,4,4,0,10,0,0,0,0,"['B485', 'B123', 'B570', 'B100', 'B21', 'B752', 'B155', 'B429', 'B323', 'B628']",5.0,S61,1.37,10,4,14,0.0,,-0.568137,-13.234628,-13.802765,False,False,18,S49,True,14,2.0133,pickup,,,,,,,,,,,,,,,,,,,,,,,,,,,,,,,,,,,,,,,,,,,,,,,,,,,,
47,22,8,49,S61,False,10,4,14,9,0,0,0,0,0,"['B485', 'B123', 'B570', 'B100', 'B21', 'B752', 'B155', 'B429', 'B323']",4.5,S49,3.22,1,4,5,0.0,,-0.593641,-13.14925,-13.742891,False,False,18,S34,True,8,1.7397,delivery,,,,,,,,,,,,,,,,,,,,,,,,,,,,,,,,,,,,,,,,,,,,,,,,,,,,
47,22,8,56,S49,False,1,4,5,0,15,0,0,0,0,"['B222', 'B287', 'B45', 'B597', 'B246', 'B144', 'B517', 'B265', 'B256', 'B82', 'B673', 'B522', 'B372', 'B94', 'B550']",7.5,S19,8.38,16,4,20,0.0,,-0.564549,-13.201267,-13.765816,False,False,12,S1,True,7,1.4157,pickup,,,,,,,,,,,,,,,,,,,,,,,,,,,,,,,,,,,,,,,,,,,,,,,,,,,,
47,22,9,12,S19,False,16,4,20,8,0,0,0,0,0,"['B628', 'B222', 'B287', 'B45', 'B597', 'B246', 'B144', 'B517']",4.0,S17,14.14,8,4,12,0.0,,-0.517668,-13.282503,-13.800171,False,False,18,S40,True,8,1.9748,delivery,,,,,,,,,,,,,,,,,,,,,,,,,,,,,,,,,,,,,,,,,,,,,,,,,,,,
47,22,9,30,S17,False,8,4,12,8,0,0,0,0,0,"['B265', 'B256', 'B82', 'B673', 'B522', 'B372', 'B94', 'B550']",4.0,S5,10.68,0,4,4,0.0,,-0.43042,-13.038734,-13.469154,False,False,12,S38,True,9,1.4757,delivery,,,,,,,,,,,,,,,,,,,,,,,,,,,,,,,,,,,,,,,,,,,,,,,,,,,,
47,22,9,45,S5,False,0,4,4,0,16,0,0,0,0,"['B237', 'B122', 'B602', 'B586', 'B731', 'B515', 'B207', 'B375', 'B636', 'B679', 'B338', 'B562', 'B48', 'B719', 'B640', 'B430']",8.0,S40,12.08,16,4,20,0.0,,-0.457253,-13.035205,-13.492458,False,False,12,S47,True,7,1.5892,pickup,,,,,,,,,,,,,,,,,,,,,,,,,,,,,,,,,,,,,,,,,,,,,,,,,,,,
47,22,10,5,S40,False,16,4,20,11,0,0,0,0,0,"['B237', 'B122', 'B602', 'B586', 'B731', 'B515', 'B207', 'B375', 'B636', 'B679', 'B338']",5.5,S63,2.93,5,4,9,0.0,,-0.516998,-13.287346,-13.804344,False,False,18,S26,True,13,1.8572,delivery,,,,,,,,,,,,,,,,,,,,,,,,,,,,,,,,,,,,,,,,,,,,,,,,,,,,
47,22,10,14,S63,False,5,4,9,0,11,0,0,0,0,"['B682', 'B124', 'B146', 'B390', 'B751', 'B333', 'B99', 'B579', 'B436', 'B159', 'B761']",5.5,S26,7.98,16,4,20,0.0,,-0.493678,-13.350849,-13.844527,False,False,12,S24,True,6,1.3674,pickup,,,,,,,,,,,,,,,,,,,,,,,,,,,,,,,,,,,,,,,,,,,,,,,,,,,,
47,22,10,27,S26,False,16,4,20,16,0,0,0,0,0,"['B562', 'B48', 'B719', 'B640', 'B430', 'B682', 'B124', 'B146', 'B390', 'B751', 'B333', 'B99', 'B579', 'B436', 'B159', 'B761']",8.0,S33,6.45,0,4,4,0.0,,-0.722659,-13.372147,-14.094807,False,False,12,S41,True,6,1.4883,delivery,,,,,,,,,,,,,,,,,,,,,,,,,,,,,,,,,,,,,,,,,,,,,,,,,,,,
47,22,10,42,S33,False,0,4,4,0,16,1,0,0,0,"['B28', 'B25', 'B703', 'B31', 'B497', 'B353', 'B260', 'B626', 'B516', 'B681', 'B163', 'B670', 'B212', 'B205', 'B661', 'B545']",11.0,S29,4.32,16,4,20,0.0,,-1.183171,-13.674219,-14.85739,True,True,36,S55,True,32,4.3301,pickup+onsite,,,,,,,,,,,,,,,,,,,,,,,,,,,,,,,,,,,,,,,,,,,,,,,,,,,,
47,22,10,57,S29,False,16,4,20,16,0,0,0,0,0,"['B28', 'B25', 'B703', 'B31', 'B497', 'B353', 'B260', 'B626', 'B516', 'B681', 'B163', 'B670', 'B212', 'B205', 'B661', 'B545']",8.0,S16,5.41,0,4,4,0.0,,-1.046495,-13.73999,-14.786485,False,False,12,S57,True,10,1.5645,delivery,,,,,,,,,,,,,,,,,,,,,,,,,,,,,,,,,,,,,,,,,,,,,,,,,,,,
47,22,11,10,S16,False,0,4,4,0,10,0,0,0,0,"['B451', 'B62', 'B416', 'B217', 'B342', 'B712', 'B315', 'B240', 'B692', 'B247']",5.0,S34,5.13,10,4,14,0.0,,-0.743019,-13.653444,-14.396462,False,False,18,S37,True,12,2.647,pickup,,,,,,,,,,,,,,,,,,,,,,,,,,,,,,,,,,,,,,,,,,,,,,,,,,,,
47,22,11,20,S34,False,10,4,14,10,0,0,0,0,0,"['B451', 'B62', 'B416', 'B217', 'B342', 'B712', 'B315', 'B240', 'B692', 'B247']",5.0,S37,5.37,0,4,4,0.0,,-0.802054,-13.647416,-14.44947,False,False,12,S37,False,6,1.7737,delivery,,,,,,,,,,,,,,,,,,,,,,,,,,,,,,,,,,,,,,,,,,,,,,,,,,,,
47,22,11,31,S37,False,0,4,4,0,12,1,0,0,0,"['B499', 'B413', 'B643', 'B266', 'B242', 'B475', 'B469', 'B402', 'B194', 'B114', 'B24', 'B523']",9.0,S41,3.7,12,4,16,0.0,,-0.78184,-13.521699,-14.303539,True,True,36,S24,True,32,4.8994,pickup+onsite,,,,,,,,,,,,,,,,,,,,,,,,,,,,,,,,,,,,,,,,,,,,,,,,,,,,
47,22,11,43,S41,False,12,4,16,12,0,0,1,0,0,"['B341', 'B499', 'B413', 'B643', 'B266', 'B242', 'B475', 'B469', 'B402', 'B194', 'B114', 'B24', 'B523']",6.5,S65,2.23,0,5,5,0.0,,-1.077131,-13.472782,-14.549913,True,True,24,S65,False,20,3.0135,delivery+depot_removal,,,,,,,,,,,,,,,,,,,,,,,,,,,,,,,,,,,,,,,,,,,,,,,,,,,,
47,22,11,52,S65,False,0,5,5,0,10,0,0,0,0,"['B150', 'B65', 'B654', 'B168', 'B78', 'B615', 'B657', 'B483', 'B285', 'B103']",5.0,S29,8.87,10,5,15,0.0,,-0.889981,-13.358765,-14.248746,False,False,18,S47,True,15,2.4338,pickup,,,,,,,,,,,,,,,,,,,,,,,,,,,,,,,,,,,,,,,,,,,,,,,,,,,,
47,22,12,6,S29,False,10,5,15,10,0,0,0,0,0,"['B150', 'B65', 'B654', 'B168', 'B78', 'B615', 'B657', 'B483', 'B285', 'B103']",5.0,S42,3.12,0,5,5,0.0,,-0.885857,-13.295762,-14.181619,False,False,12,S42,False,9,2.0079,delivery,,,,,,,,,,,,,,,,,,,,,,,,,,,,,,,,,,,,,,,,,,,,,,,,,,,,
47,22,12,14,S42,False,0,5,5,0,11,0,0,0,0,"['B417', 'B444', 'B744', 'B621', 'B337', 'B110', 'B52', 'B601', 'B250', 'B724', 'B43']",5.5,S46,7.22,11,5,16,0.0,,-0.974526,-13.305238,-14.279764,False,False,18,S54,True,15,2.964,pickup,,,,,,,,,,,,,,,,,,,,,,,,,,,,,,,,,,,,,,,,,,,,,,,,,,,,
47,22,12,27,S46,False,11,5,16,11,0,0,0,0,0,"['B417', 'B444', 'B744', 'B621', 'B337', 'B110', 'B52', 'B601', 'B250', 'B724', 'B43']",5.5,S43,1.46,0,5,5,0.0,,-1.088882,-13.2949,-14.383783,False,False,12,S57,True,6,2.1173,delivery,,,,,,,,,,,,,,,,,,,,,,,,,,,,,,,,,,,,,,,,,,,,,,,,,,,,
47,22,12,34,S43,False,0,5,5,0,11,0,3,0,0,"['B603', 'B294', 'B157', 'B210', 'B605', 'B357', 'B440', 'B324', 'B422', 'B288', 'B331', 'B411', 'B554', 'B281']",7.0,S35,7.26,11,8,19,0.0,,-1.009182,-13.489069,-14.498252,True,True,72,S48,True,68,10.6291,pickup+depot_removal,,,,,,,,,,,,,,,,,,,,,,,,,,,,,,,,,,,,,,,,,,,,,,,,,,,,
47,22,12,48,S35,False,11,8,19,0,0,0,0,0,0,[],0.0,S54,2.91,11,8,19,0.0,,-1.439702,-13.429199,-14.868902,False,False,12,S24,True,0,1.8801,do_nothing,,,,,,,,,,,,,,,,,,,,,,,,,,,,,,,,,,,,,,,,,,,,,,,,,,,,
47,22,12,51,S54,False,11,8,19,11,0,0,0,0,0,"['B603', 'B294', 'B157', 'B210', 'B605', 'B357', 'B440', 'B324', 'B422', 'B288', 'B331']",5.5,S48,6.34,0,8,8,0.0,,-1.27021,-13.315601,-14.585811,False,False,12,S24,True,7,1.7011,delivery,,,,,,,,,,,,,,,,,,,,,,,,,,,,,,,,,,,,,,,,,,,,,,,,,,,,
47,22,13,3,S48,False,0,8,8,0,8,0,0,0,0,"['B137', 'B457', 'B44', 'B671', 'B269', 'B405', 'B125', 'B716']",4.0,S55,5.56,8,8,16,0.0,,-1.932978,-13.382795,-15.315774,False,False,18,S23,True,6,1.6424,pickup,,,,,,,,,,,,,,,,,,,,,,,,,,,,,,,,,,,,,,,,,,,,,,,,,,,,
47,22,13,12,S55,False,8,8,16,8,0,0,0,0,0,"['B137', 'B457', 'B44', 'B671', 'B269', 'B405', 'B125', 'B716']",4.0,S23,11.22,0,8,8,0.0,,-1.736755,-13.211116,-14.947871,False,False,12,S23,False,8,1.1212,delivery,,,,,,,,,,,,,,,,,,,,,,,,,,,,,,,,,,,,,,,,,,,,,,,,,,,,
47,22,13,28,S23,False,0,8,8,0,8,0,0,0,0,"['B393', 'B241', 'B466', 'B394', 'B695', 'B737', 'B540', 'B183']",4.0,S46,9.94,8,8,16,0.0,,-1.628308,-13.196731,-14.825039,False,False,18,S46,False,6,1.7951,pickup,,,,,,,,,,,,,,,,,,,,,,,,,,,,,,,,,,,,,,,,,,,,,,,,,,,,
47,22,13,42,S46,False,8,8,16,8,0,0,0,0,0,"['B393', 'B241', 'B466', 'B394', 'B695', 'B737', 'B540', 'B183']",4.0,S32,2.16,0,8,8,0.0,,-1.486182,-12.903367,-14.389549,False,False,12,S32,False,9,1.124,delivery,,,,,,,,,,,,,,,,,,,,,,,,,,,,,,,,,,,,,,,,,,,,,,,,,,,,
47,22,13,48,S32,False,0,8,8,0,10,0,0,0,0,"['B63', 'B576', 'B531', 'B717', 'B721', 'B253', 'B659', 'B583', 'B364', 'B354']",5.0,S56,1.58,10,8,18,0.0,,-1.406672,-12.973763,-14.380435,False,False,18,S36,True,13,1.6637,pickup,,,,,,,,,,,,,,,,,,,,,,,,,,,,,,,,,,,,,,,,,,,,,,,,,,,,
47,22,13,54,S56,False,10,8,18,8,0,0,0,0,0,"['B63', 'B576', 'B531', 'B717', 'B721', 'B253', 'B659', 'B583']",4.0,S36,4.09,2,8,10,0.0,,-0.963927,-12.873123,-13.83705,False,False,18,S36,False,8,1.7609,delivery,,,,,,,,,,,,,,,,,,,,,,,,,,,,,,,,,,,,,,,,,,,,,,,,,,,,
47,22,14,2,S36,False,2,8,10,2,0,0,0,0,0,"['B364', 'B354']",1.0,S41,8.44,0,8,8,0.0,,-1.258025,-12.851777,-14.109802,False,False,12,S41,False,6,1.1904,delivery,,,,,,,,,,,,,,,,,,,,,,,,,,,,,,,,,,,,,,,,,,,,,,,,,,,,
47,22,14,12,S41,False,0,8,8,0,12,0,0,0,0,"['B402', 'B194', 'B114', 'B24', 'B523', 'B348', 'B329', 'B45', 'B752', 'B300', 'B604', 'B617']",6.0,S35,9.63,12,8,20,0.0,,-0.815225,-12.818028,-13.633253,False,False,12,S35,False,6,1.3843,pickup,,,,,,,,,,,,,,,,,,,,,,,,,,,,,,,,,,,,,,,,,,,,,,,,,,,,
47,22,14,28,S35,False,12,8,20,12,0,0,1,0,0,"['B713', 'B402', 'B194', 'B114', 'B24', 'B523', 'B348', 'B329', 'B45', 'B752', 'B300', 'B604', 'B617']",6.5,S30,9.95,0,9,9,0.0,,-0.981985,-12.816235,-13.798221,True,True,18,S16,True,12,2.193,delivery+depot_removal,,,,,,,,,,,,,,,,,,,,,,,,,,,,,,,,,,,,,,,,,,,,,,,,,,,,
47,22,14,44,S30,False,0,9,9,0,11,0,0,0,0,"['B477', 'B204', 'B164', 'B153', 'B423', 'B706', 'B293', 'B38', 'B84', 'B63', 'B76']",5.5,S29,8.0,11,9,20,0.0,,-0.882872,-12.777097,-13.659969,False,False,18,S64,True,7,2.2183,pickup,,,,,,,,,,,,,,,,,,,,,,,,,,,,,,,,,,,,,,,,,,,,,,,,,,,,
47,22,14,57,S29,False,11,9,20,11,0,1,0,0,0,"['B477', 'B204', 'B164', 'B153', 'B423', 'B706', 'B293', 'B38', 'B84', 'B63', 'B76']",8.5,S53,3.88,0,9,9,0.0,,-0.370586,-12.82259,-13.193176,True,True,24,S26,True,18,2.9941,delivery+onsite,,,,,,,,,,,,,,,,,,,,,,,,,,,,,,,,,,,,,,,,,,,,,,,,,,,,
47,22,15,10,S53,False,0,9,9,0,0,0,0,0,0,[],0.0,S62,2.18,0,9,9,0.0,,-0.84123,-12.966673,-13.807903,False,False,18,S62,False,0,1.6557,do_nothing,,,,,,,,,,,,,,,,,,,,,,,,,,,,,,,,,,,,,,,,,,,,,,,,,,,,
47,22,15,12,S62,False,0,9,9,0,11,0,0,0,0,"['B718', 'B538', 'B112', 'B492', 'B750', 'B446', 'B397', 'B286', 'B69', 'B580', 'B342']",5.5,S18,3.1,11,9,20,0.0,,-0.674443,-12.813146,-13.487589,False,False,12,S18,False,6,1.2394,pickup,,,,,,,,,,,,,,,,,,,,,,,,,,,,,,,,,,,,,,,,,,,,,,,,,,,,
47,22,15,21,S18,False,11,9,20,11,0,0,0,0,0,"['B718', 'B538', 'B112', 'B492', 'B750', 'B446', 'B397', 'B286', 'B69', 'B580', 'B342']",5.5,S41,2.33,0,9,9,0.0,,-0.7336,-12.822164,-13.555764,False,False,12,S30,True,6,1.3208,delivery,,,,,,,,,,,,,,,,,,,,,,,,,,,,,,,,,,,,,,,,,,,,,,,,,,,,
47,22,15,28,S41,False,0,9,9,0,11,0,0,0,0,"['B453', 'B462', 'B146', 'B760', 'B440', 'B758', 'B595', 'B393', 'B224', 'B616', 'B331']",5.5,S17,8.16,11,9,20,0.0,,-0.593756,-12.873542,-13.467298,False,False,12,S30,True,7,1.1897,pickup,,,,,,,,,,,,,,,,,,,,,,,,,,,,,,,,,,,,,,,,,,,,,,,,,,,,
47,22,15,42,S17,False,11,9,20,11,0,0,0,0,0,"['B453', 'B462', 'B146', 'B760', 'B440', 'B758', 'B595', 'B393', 'B224', 'B616', 'B331']",5.5,S12,15.22,0,9,9,0.0,,-0.544553,-12.924652,-13.469206,False,False,12,S30,True,6,1.2514,delivery,,,,,,,,,,,,,,,,,,,,,,,,,,,,,,,,,,,,,,,,,,,,,,,,,,,,
47,22,16,3,S12,False,0,9,9,0,11,0,0,0,0,"['B154', 'B570', 'B558', 'B684', 'B155', 'B306', 'B13', 'B549', 'B694', 'B206', 'B691']",5.5,S66,9.61,11,9,20,0.0,,-0.82393,-12.909971,-13.733901,False,False,12,S44,True,6,1.3936,pickup,,,,,,,,,,,,,,,,,,,,,,,,,,,,,,,,,,,,,,,,,,,,,,,,,,,,
47,22,16,18,S66,False,11,9,20,11,0,1,1,0,0,"['B62', 'B154', 'B570', 'B558', 'B684', 'B155', 'B306', 'B13', 'B549', 'B694', 'B206', 'B691']",9.0,S44,3.92,0,10,10,0.0,,-0.373421,-12.812366,-13.185787,True,True,36,S31,True,32,4.0886,delivery+maintenance,,,,,,,,,,,,,,,,,,,,,,,,,,,,,,,,,,,,,,,,,,,,,,,,,,,,
47,22,16,31,S44,False,0,10,10,0,10,1,0,0,0,"['B27', 'B545', 'B43', 'B568', 'B436', 'B51', 'B542', 'B273', 'B589', 'B167']",8.0,S43,0.79,10,10,20,0.0,,-0.359207,-12.893713,-13.25292,True,True,24,S43,False,18,2.4449,pickup+onsite,,,,,,,,,,,,,,,,,,,,,,,,,,,,,,,,,,,,,,,,,,,,,,,,,,,,
47,22,16,40,S43,False,10,10,20,10,0,0,0,0,0,"['B27', 'B545', 'B43', 'B568', 'B436', 'B51', 'B542', 'B273', 'B589', 'B167']",5.0,S31,4.35,0,10,10,0.0,,-0.566249,-12.803532,-13.369782,False,False,12,S31,False,6,1.2787,delivery,,,,,,,,,,,,,,,,,,,,,,,,,,,,,,,,,,,,,,,,,,,,,,,,,,,,
47,22,16,49,S31,False,0,10,10,0,10,0,0,0,0,"['B383', 'B207', 'B506', 'B260', 'B188', 'B448', 'B575', 'B666', 'B679', 'B313']",5.0,S45,4.28,10,10,20,0.0,,-0.362627,-12.882092,-13.244719,False,False,12,S27,True,10,1.4143,pickup,,,,,,,,,,,,,,,,,,,,,,,,,,,,,,,,,,,,,,,,,,,,,,,,,,,,
47,22,16,58,S45,False,10,10,20,10,0,0,0,0,0,"['B383', 'B207', 'B506', 'B260', 'B188', 'B448', 'B575', 'B666', 'B679', 'B313']",5.0,S20,11.7,0,10,10,0.0,,-0.565836,-12.716115,-13.281951,False,False,18,S26,True,13,1.9862,delivery,,,,,,,,,,,,,,,,,,,,,,,,,,,,,,,,,,,,,,,,,,,,,,,,,,,,
47,22,17,15,S20,False,0,10,10,0,10,1,0,0,0,"['B66', 'B215', 'B648', 'B426', 'B330', 'B480', 'B163', 'B499', 'B48', 'B401']",8.0,S27,7.56,10,10,20,0.0,,-0.459199,-12.553749,-13.012948,True,True,24,S61,True,19,2.2521,pickup+onsite,,,,,,,,,,,,,,,,,,,,,,,,,,,,,,,,,,,,,,,,,,,,,,,,,,,,
47,22,17,31,S27,False,10,10,20,10,0,0,0,0,0,"['B66', 'B215', 'B648', 'B426', 'B330', 'B480', 'B163', 'B499', 'B48', 'B401']",5.0,S65,3.94,0,10,10,0.0,,-0.322233,-12.705312,-13.027545,False,False,12,S31,True,7,1.1646,delivery,,,,,,,,,,,,,,,,,,,,,,,,,,,,,,,,,,,,,,,,,,,,,,,,,,,,
47,22,17,39,S65,False,0,10,10,0,10,0,0,0,0,"['B322', 'B430', 'B433', 'B80', 'B555', 'B676', 'B627', 'B729', 'B185', 'B409']",5.0,S25,6.93,10,10,20,0.0,,-0.362211,-12.661744,-13.023956,False,False,12,S61,True,6,1.3233,pickup,,,,,,,,,,,,,,,,,,,,,,,,,,,,,,,,,,,,,,,,,,,,,,,,,,,,
47,22,17,51,S25,False,10,10,20,10,0,1,0,0,0,"['B322', 'B430', 'B433', 'B80', 'B555', 'B676', 'B627', 'B729', 'B185', 'B409']",8.0,S61,11.05,0,10,10,0.0,,-0.196573,-12.619982,-12.816555,True,True,24,S46,True,19,2.6125,delivery+onsite,,,,,,,,,,,,,,,,,,,,,,,,,,,,,,,,,,,,,,,,,,,,,,,,,,,,
47,22,18,10,S61,False,0,10,10,0,10,0,0,0,0,"['B234', 'B591', 'B97', 'B721', 'B20', 'B618', 'B403', 'B32', 'B419', 'B631']",5.0,S28,10.07,10,10,20,0.0,,-0.224936,-12.682566,-12.907502,False,False,12,S15,True,7,1.3193,pickup,,,,,,,,,,,,,,,,,,,,,,,,,,,,,,,,,,,,,,,,,,,,,,,,,,,,
47,22,18,26,S28,False,10,10,20,10,0,3,0,0,0,"['B234', 'B591', 'B97', 'B721', 'B20', 'B618', 'B403', 'B32', 'B419', 'B631']",14.0,S31,9.18,0,10,10,0.0,,-0.263765,-12.632686,-12.896451,True,True,48,S26,True,42,4.5178,delivery+onsite,,,,,,,,,,,,,,,,,,,,,,,,,,,,,,,,,,,,,,,,,,,,,,,,,,,,
47,22,18,49,S31,False,0,10,10,0,0,0,0,0,0,[],0.0,S66,0.38,0,10,10,0.0,,-0.252707,-12.554718,-12.807424,False,False,12,S66,False,0,1.1202,do_nothing,,,,,,,,,,,,,,,,,,,,,,,,,,,,,,,,,,,,,,,,,,,,,,,,,,,,
47,22,18,49,S66,False,0,10,10,0,10,0,0,0,0,"['B202', 'B553', 'B92', 'B570', 'B520', 'B700', 'B16', 'B604', 'B376', 'B500']",5.0,S26,5.64,10,10,20,0.0,,-0.096513,-12.539569,-12.636082,False,False,12,S15,True,7,1.1058,pickup,,,,,,,,,,,,,,,,,,,,,,,,,,,,,,,,,,,,,,,,,,,,,,,,,,,,
47,22,19,0,S26,False,10,10,20,10,0,0,0,0,0,"['B202', 'B553', 'B92', 'B570', 'B520', 'B700', 'B16', 'B604', 'B376', 'B500']",5.0,S31,6.02,0,10,10,0.0,,-0.086922,-12.460554,-12.547475,False,False,12,S46,True,6,1.1201,delivery,,,,,,,,,,,,,,,,,,,,,,,,,,,,,,,,,,,,,,,,,,,,,,,,,,,,
47,22,19,11,S31,False,0,10,10,0,10,0,0,0,0,"['B96', 'B103', 'B200', 'B289', 'B310', 'B630', 'B262', 'B228', 'B697', 'B732']",5.0,S13,8.57,10,10,20,0.0,,-0.135934,-12.371925,-12.507859,False,False,12,S62,True,8,1.1539,pickup,,,,,,,,,,,,,,,,,,,,,,,,,,,,,,,,,,,,,,,,,,,,,,,,,,,,
47,22,19,24,S13,False,10,10,20,10,0,0,0,0,0,"['B96', 'B103', 'B200', 'B289', 'B310', 'B630', 'B262', 'B228', 'B697', 'B732']",5.0,S62,11.46,0,10,10,0.0,,-0.146814,-12.334816,-12.48163,False,False,12,S64,True,6,1.123,delivery,,,,,,,,,,,,,,,,,,,,,,,,,,,,,,,,,,,,,,,,,,,,,,,,,,,,
47,22,19,41,S62,False,0,10,10,0,0,0,0,0,0,[],0.0,S10,3.18,0,10,10,0.0,,-0.185859,-12.674859,-12.860718,False,False,5,D0,True,0,0.4653,do_nothing,,,,,,,,,,,,,,,,,,,,,,,,,,,,,,,,,,,,,,,,,,,,,,,,,,,,
47,22,19,44,S10,False,0,10,10,0,0,0,0,0,0,[],0.0,S53,3.54,0,10,10,0.0,,-0.194878,-12.683802,-12.878681,False,False,4,S62,True,1,0.3805,do_nothing,,,,,,,,,,,,,,,,,,,,,,,,,,,,,,,,,,,,,,,,,,,,,,,,,,,,
47,22,19,48,S53,False,0,10,10,0,10,0,0,0,0,"['B101', 'B615', 'B532', 'B86', 'B629', 'B746', 'B454', 'B722', 'B498', 'B241']",5.0,D0,1.77,10,10,20,0.0,,-0.233156,-12.920843,-13.153999,False,False,2,D0,False,1,0.2151,pickup,,,,,,,,,,,,,,,,,,,,,,,,,,,,,,,,,,,,,,,,,,,,,,,,,,,,
47,22,19,54,D0,True,10,10,20,0,0,0,0,10,10,"['B687', 'B321', 'B370', 'B747', 'B585', 'B355', 'B613', 'B614', 'B730', 'B734', 'B141', 'B55', 'B179', 'B447', 'B341', 'B411', 'B554', 'B281', 'B713', 'B62']",10.0,D0,0.0,20,0,20,0.0,,-0.204915,-12.785282,-12.990198,True,True,1,D0,False,0,0.1179,do_nothing,,,,,,,,,,,,,,,,,,,,,,,,,,,,,,,,,,,,,,,,,,,,,,,,,,,,
47,23,6,4,D0,True,20,0,20,0,0,0,0,0,0,[],0.0,S65,3.15,20,0,20,0.0,,-3.129393,-13.642706,-16.772099,True,True,5,S65,False,3,0.6085,depot_passthrough,,,,,,,,,,,,,,,,,,,,,,,,,,,,,,,,,,,,,,,,,,,,,,,,,,,,
47,23,6,22,S65,False,20,0,20,20,0,0,0,0,0,"['B101', 'B615', 'B532', 'B86', 'B629', 'B746', 'B454', 'B722', 'B498', 'B241', 'B687', 'B321', 'B370', 'B747', 'B585', 'B355', 'B613', 'B614', 'B730', 'B734']",10.0,S4,5.15,0,0,0,0.0,,-2.78397,-13.775498,-16.559469,False,False,12,S39,True,9,1.553,delivery,,,,,,,,,,,,,,,,,,,,,,,,,,,,,,,,,,,,,,,,,,,,,,,,,,,,
47,23,6,38,S4,False,0,0,0,0,0,0,0,0,0,[],0.0,S54,5.11,0,0,0,0.0,,-2.920222,-13.493556,-16.413778,False,False,18,S37,True,3,2.385,do_nothing,,,,,,,,,,,,,,,,,,,,,,,,,,,,,,,,,,,,,,,,,,,,,,,,,,,,
47,23,6,43,S54,False,0,0,0,0,15,0,0,0,0,"['B385', 'B52', 'B432', 'B357', 'B188', 'B441', 'B226', 'B584', 'B720', 'B17', 'B318', 'B446', 'B104', 'B242', 'B212']",7.5,S66,5.58,15,0,15,0.0,,-2.279475,-13.406688,-15.686163,False,False,18,S37,True,7,2.2184,pickup,,,,,,,,,,,,,,,,,,,,,,,,,,,,,,,,,,,,,,,,,,,,,,,,,,,,
47,23,6,56,S66,False,15,0,15,15,0,0,0,0,0,"['B385', 'B52', 'B432', 'B357', 'B188', 'B441', 'B226', 'B584', 'B720', 'B17', 'B318', 'B446', 'B104', 'B242', 'B212']",7.5,S37,3.07,0,0,0,0.0,,-1.584883,-13.367943,-14.952826,False,False,12,S4,True,7,1.9916,delivery,,,,,,,,,,,,,,,,,,,,,,,,,,,,,,,,,,,,,,,,,,,,,,,,,,,,
47,23,7,6,S37,False,0,0,0,0,20,0,0,0,0,"['B273', 'B202', 'B488', 'B589', 'B680', 'B710', 'B427', 'B374', 'B288', 'B208', 'B456', 'B142', 'B274', 'B138', 'B169', 'B509', 'B414', 'B535', 'B19', 'B611']",10.0,S12,6.56,20,0,20,0.0,,-1.468422,-13.353643,-14.822065,False,False,18,S43,True,9,2.7324,pickup,,,,,,,,,,,,,,,,,,,,,,,,,,,,,,,,,,,,,,,,,,,,,,,,,,,,
47,23,7,23,S12,False,20,0,20,16,0,0,0,0,0,"['B273', 'B202', 'B488', 'B589', 'B680', 'B710', 'B427', 'B374', 'B288', 'B208', 'B456', 'B142', 'B274', 'B138', 'B169', 'B509']",8.0,S10,9.22,4,0,4,0.0,,-1.344064,-13.282405,-14.626469,False,False,18,S43,True,10,2.7119,delivery,,,,,,,,,,,,,,,,,,,,,,,,,,,,,,,,,,,,,,,,,,,,,,,,,,,,
47,23,7,40,S10,False,4,0,4,0,10,0,0,0,0,"['B186', 'B609', 'B551', 'B119', 'B1', 'B526', 'B390', 'B304', 'B661', 'B417']",5.0,S15,3.3,14,0,14,0.0,,-1.059675,-13.262272,-14.321946,False,False,18,S1,True,14,2.4216,pickup,,,,,,,,,,,,,,,,,,,,,,,,,,,,,,,,,,,,,,,,,,,,,,,,,,,,
47,23,7,48,S15,False,14,0,14,14,0,0,0,0,0,"['B414', 'B535', 'B19', 'B611', 'B186', 'B609', 'B551', 'B119', 'B1', 'B526', 'B390', 'B304', 'B661', 'B417']",7.0,S39,7.21,0,0,0,0.0,,-0.850401,-13.301765,-14.152167,False,False,12,S4,True,7,1.9444,delivery,,,,,,,,,,,,,,,,,,,,,,,,,,,,,,,,,,,,,,,,,,,,,,,,,,,,
47,23,8,3,S39,False,0,0,0,0,9,0,2,0,0,"['B728', 'B739', 'B339', 'B134', 'B636', 'B652', 'B88', 'B2', 'B463', 'B131', 'B711']",5.5,S54,8.41,9,2,11,0.0,,-1.271781,-13.43846,-14.710241,True,True,108,S54,True,84,13.9372,pickup+depot_removal,,,,,,,,,,,,,,,,,,,,,,,,,,,,,,,,,,,,,,,,,,,,,,,,,,,,
47,23,8,17,S54,False,9,2,11,0,9,0,0,0,0,"['B559', 'B435', 'B642', 'B724', 'B469', 'B178', 'B477', 'B315', 'B33']",4.5,S61,4.83,18,2,20,0.0,,-1.014766,-13.55828,-14.573047,False,False,12,S61,False,10,1.3906,pickup,,,,,,,,,,,,,,,,,,,,,,,,,,,,,,,,,,,,,,,,,,,,,,,,,,,,
47,23,8,26,S61,False,18,2,20,7,0,0,0,0,0,"['B728', 'B739', 'B339', 'B134', 'B636', 'B652', 'B88']",3.5,S46,4.04,11,2,13,0.0,,-1.064947,-13.616426,-14.681373,False,False,18,S46,False,13,1.9731,delivery,,,,,,,,,,,,,,,,,,,,,,,,,,,,,,,,,,,,,,,,,,,,,,,,,,,,
47,23,8,33,S46,False,11,2,13,11,0,0,0,0,0,"['B2', 'B463', 'B559', 'B435', 'B642', 'B724', 'B469', 'B178', 'B477', 'B315', 'B33']",5.5,S57,5.43,0,2,2,0.0,,-1.455697,-13.465475,-14.921172,False,False,12,S44,True,8,1.7671,delivery,,,,,,,,,,,,,,,,,,,,,,,,,,,,,,,,,,,,,,,,,,,,,,,,,,,,
47,23,8,44,S57,False,0,2,2,0,13,0,0,0,0,"['B276', 'B10', 'B473', 'B566', 'B229', 'B399', 'B348', 'B107', 'B244', 'B122', 'B391', 'B311', 'B27']",6.5,S63,6.22,13,2,15,0.0,,-1.300272,-13.416895,-14.717167,True,False,36,S44,True,25,4.4866,pickup,,,,,,,,,,,,,,,,,,,,,,,,,,,,,,,,,,,,,,,,,,,,,,,,,,,,
47,23,8,57,S63,False,13,2,15,13,0,0,0,0,0,"['B276', 'B10', 'B473', 'B566', 'B229', 'B399', 'B348', 'B107', 'B244', 'B122', 'B391', 'B311', 'B27']",6.5,S36,3.15,0,2,2,0.0,,-1.602641,-13.393091,-14.995733,False,False,12,S23,True,8,1.607,delivery,,,,,,,,,,,,,,,,,,,,,,,,,,,,,,,,,,,,,,,,,,,,,,,,,,,,
47,23,9,7,S36,False,0,2,2,0,11,1,1,0,0,"['B322', 'B222', 'B163', 'B275', 'B78', 'B102', 'B547', 'B434', 'B3', 'B677', 'B464', 'B480']",9.0,S51,1.89,11,3,14,0.0,,-1.695387,-13.419188,-15.114575,True,True,72,S58,True,67,6.9508,pickup+maintenance,,,,,,,,,,,,,,,,,,,,,,,,,,,,,,,,,,,,,,,,,,,,,,,,,,,,
47,23,9,18,S51,False,11,3,14,11,0,0,0,0,0,"['B322', 'B222', 'B163', 'B275', 'B78', 'B102', 'B547', 'B434', 'B3', 'B677', 'B464']",5.5,S58,4.51,0,3,3,0.0,,-1.619428,-13.375858,-14.995287,False,False,12,S44,True,6,1.1538,delivery,,,,,,,,,,,,,,,,,,,,,,,,,,,,,,,,,,,,,,,,,,,,,,,,,,,,
47,23,9,28,S58,False,0,3,3,0,15,0,0,0,0,"['B47', 'B550', 'B378', 'B59', 'B284', 'B568', 'B489', 'B26', 'B136', 'B121', 'B282', 'B120', 'B213', 'B196', 'B468']",7.5,S46,3.13,15,3,18,0.0,,-1.55653,-13.448991,-15.005521,False,False,18,S43,True,9,2.0121,pickup,,,,,,,,,,,,,,,,,,,,,,,,,,,,,,,,,,,,,,,,,,,,,,,,,,,,
47,23,9,38,S46,False,15,3,18,13,0,0,0,0,0,"['B47', 'B550', 'B378', 'B59', 'B284', 'B568', 'B489', 'B26', 'B136', 'B121', 'B282', 'B120', 'B213']",6.5,S52,2.06,2,3,5,0.0,,-0.899492,-13.286606,-14.186099,False,False,18,S43,True,13,1.7303,delivery,,,,,,,,,,,,,,,,,,,,,,,,,,,,,,,,,,,,,,,,,,,,,,,,,,,,
47,23,9,47,S52,False,2,3,5,0,12,0,0,0,0,"['B590', 'B497', 'B306', 'B514', 'B219', 'B147', 'B743', 'B158', 'B725', 'B747', 'B370', 'B82']",6.0,S27,3.68,14,3,17,0.0,,-1.066182,-13.355734,-14.421916,False,False,18,S24,True,13,1.8067,pickup,,,,,,,,,,,,,,,,,,,,,,,,,,,,,,,,,,,,,,,,,,,,,,,,,,,,
47,23,9,56,S27,False,14,3,17,14,0,0,0,0,0,"['B196', 'B468', 'B590', 'B497', 'B306', 'B514', 'B219', 'B147', 'B743', 'B158', 'B725', 'B747', 'B370', 'B82']",7.0,S35,6.86,0,3,3,0.0,,-1.223119,-13.345232,-14.568352,False,False,12,S35,False,7,1.3866,delivery,,,,,,,,,,,,,,,,,,,,,,,,,,,,,,,,,,,,,,,,,,,,,,,,,,,,
47,23,10,10,S35,False,0,3,3,0,14,0,0,0,0,"['B330', 'B14', 'B329', 'B171', 'B630', 'B702', 'B400', 'B581', 'B205', 'B714', 'B617', 'B139', 'B273', 'B492']",7.0,S50,1.61,14,3,17,0.0,,-0.988596,-13.229983,-14.218579,False,False,18,S50,False,12,2.6948,pickup,,,,,,,,,,,,,,,,,,,,,,,,,,,,,,,,,,,,,,,,,,,,,,,,,,,,
47,23,10,19,S50,False,14,3,17,14,0,0,0,0,0,"['B330', 'B14', 'B329', 'B171', 'B630', 'B702', 'B400', 'B581', 'B205', 'B714', 'B617', 'B139', 'B273', 'B492']",7.0,S44,6.58,0,3,3,0.0,,-0.810813,-13.252585,-14.063398,False,False,12,S49,True,7,1.9765,delivery,,,,,,,,,,,,,,,,,,,,,,,,,,,,,,,,,,,,,,,,,,,,,,,,,,,,
47,23,10,33,S44,False,0,3,3,0,10,0,0,0,0,"['B389', 'B379', 'B553', 'B475', 'B271', 'B629', 'B42', 'B762', 'B686', 'B600']",5.0,S20,11.39,10,3,13,0.0,,-0.743621,-13.452302,-14.195923,False,False,18,S49,True,15,2.3074,pickup,,,,,,,,,,,,,,,,,,,,,,,,,,,,,,,,,,,,,,,,,,,,,,,,,,,,
47,23,10,49,S20,False,10,3,13,10,0,0,0,0,0,"['B389', 'B379', 'B553', 'B475', 'B271', 'B629', 'B42', 'B762', 'B686', 'B600']",5.0,S49,8.8,0,3,3,0.0,,-0.517736,-13.333063,-13.850799,False,False,12,S49,False,7,1.9562,delivery,,,,,,,,,,,,,,,,,,,,,,,,,,,,,,,,,,,,,,,,,,,,,,,,,,,,
47,23,11,3,S49,False,0,3,3,0,11,0,0,0,0,"['B565', 'B266', 'B563', 'B752', 'B12', 'B375', 'B132', 'B301', 'B324', 'B58', 'B515']",5.5,S26,8.9,11,3,14,0.0,,-0.587466,-13.095553,-13.683019,False,False,18,S1,True,13,2.0316,pickup,,,,,,,,,,,,,,,,,,,,,,,,,,,,,,,,,,,,,,,,,,,,,,,,,,,,
47,23,11,17,S26,False,11,3,14,0,0,0,0,0,0,[],0.0,S23,8.86,11,3,14,0.0,,-0.379999,-13.146337,-13.526336,False,False,12,S23,True,1,1.3078,do_nothing,,,,,,,,,,,,,,,,,,,,,,,,,,,,,,,,,,,,,,,,,,,,,,,,,,,,
47,23,11,26,S23,False,11,3,14,0,6,0,0,0,0,"['B272', 'B415', 'B626', 'B605', 'B583', 'B587']",3.0,S26,8.86,17,3,20,0.0,,-0.607772,-13.226833,-13.834605,False,False,12,S44,True,6,1.3495,pickup,,,,,,,,,,,,,,,,,,,,,,,,,,,,,,,,,,,,,,,,,,,,,,,,,,,,
47,23,11,38,S26,False,17,3,20,17,0,0,0,0,0,"['B565', 'B266', 'B563', 'B752', 'B12', 'B375', 'B132', 'B301', 'B324', 'B58', 'B515', 'B272', 'B415', 'B626', 'B605', 'B583', 'B587']",8.5,S18,7.46,0,3,3,0.0,,-0.576879,-13.002079,-13.578958,False,False,18,S41,True,13,2.7643,delivery,,,,,,,,,,,,,,,,,,,,,,,,,,,,,,,,,,,,,,,,,,,,,,,,,,,,
47,23,11,54,S18,False,0,3,3,0,13,0,0,0,0,"['B153', 'B692', 'B367', 'B601', 'B482', 'B343', 'B41', 'B356', 'B513', 'B332', 'B751', 'B635', 'B615']",6.5,S44,2.71,13,3,16,0.0,,-0.517964,-13.015534,-13.533498,False,False,18,S32,True,13,2.3671,pickup,,,,,,,,,,,,,,,,,,,,,,,,,,,,,,,,,,,,,,,,,,,,,,,,,,,,
47,23,12,3,S44,False,13,3,16,12,0,0,0,0,0,"['B153', 'B692', 'B367', 'B601', 'B482', 'B343', 'B41', 'B356', 'B513', 'B332', 'B751', 'B635']",6.0,S32,3.42,1,3,4,0.0,,-0.743714,-13.012166,-13.755881,False,False,18,S22,True,16,2.8092,delivery,,,,,,,,,,,,,,,,,,,,,,,,,,,,,,,,,,,,,,,,,,,,,,,,,,,,
47,23,12,12,S32,False,1,3,4,0,11,0,0,0,0,"['B426', 'B461', 'B287', 'B577', 'B68', 'B194', 'B559', 'B420', 'B275', 'B143', 'B253']",5.5,S22,10.82,12,3,15,0.0,,-0.625759,-12.97024,-13.595999,False,False,18,S53,True,14,2.7758,pickup,,,,,,,,,,,,,,,,,,,,,,,,,,,,,,,,,,,,,,,,,,,,,,,,,,,,
47,23,12,29,S22,False,12,3,15,12,0,0,1,0,0,"['B753', 'B615', 'B426', 'B461', 'B287', 'B577', 'B68', 'B194', 'B559', 'B420', 'B275', 'B143', 'B253']",6.5,S16,8.42,0,4,4,0.0,,-0.282612,-12.910934,-13.193546,True,True,24,S16,False,20,4.498,delivery+depot_removal,,,,,,,,,,,,,,,,,,,,,,,,,,,,,,,,,,,,,,,,,,,,,,,,,,,,
47,23,12,44,S16,False,0,4,4,0,7,0,0,0,0,"['B322', 'B410', 'B226', 'B498', 'B450', 'B543', 'B187']",3.5,S53,1.73,7,4,11,0.0,,-0.367716,-13.001783,-13.369499,False,False,18,S53,False,8,2.7288,pickup,,,,,,,,,,,,,,,,,,,,,,,,,,,,,,,,,,,,,,,,,,,,,,,,,,,,
47,23,12,49,S53,False,7,4,11,0,9,0,0,0,0,"['B531', 'B22', 'B759', 'B556', 'B96', 'B576', 'B43', 'B476', 'B570']",4.5,S34,4.23,16,4,20,0.0,,-0.339267,-12.895704,-13.234971,False,False,12,S34,False,9,1.6395,pickup,,,,,,,,,,,,,,,,,,,,,,,,,,,,,,,,,,,,,,,,,,,,,,,,,,,,
47,23,12,58,S34,False,16,4,20,15,0,0,0,0,0,"['B322', 'B410', 'B226', 'B498', 'B450', 'B543', 'B187', 'B531', 'B22', 'B759', 'B556', 'B96', 'B576', 'B43', 'B476']",7.5,S55,3.63,1,4,5,0.0,,-0.690651,-12.707789,-13.39844,False,False,18,S14,True,12,2.6691,delivery,,,,,,,,,,,,,,,,,,,,,,,,,,,,,,,,,,,,,,,,,,,,,,,,,,,,
47,23,13,9,S55,False,1,4,5,0,5,1,1,0,0,"['B10', 'B680', 'B596', 'B47', 'B654', 'B767']",6.0,S41,7.46,6,5,11,0.0,,-0.883288,-13.042641,-13.925929,True,True,72,S52,True,42,7.5143,pickup+maintenance,,,,,,,,,,,,,,,,,,,,,,,,,,,,,,,,,,,,,,,,,,,,,,,,,,,,
47,23,13,22,S41,False,6,5,11,0,0,0,0,0,0,[],0.0,S52,4.13,6,5,11,0.0,,-0.935234,-13.202755,-14.137988,False,False,12,S12,True,0,1.1902,do_nothing,,,,,,,,,,,,,,,,,,,,,,,,,,,,,,,,,,,,,,,,,,,,,,,,,,,,
47,23,13,26,S52,False,6,5,11,6,0,0,0,0,0,"['B570', 'B10', 'B680', 'B596', 'B47', 'B654']",3.0,S31,2.99,0,5,5,0.0,,-0.797512,-13.113568,-13.911081,False,False,12,S12,True,9,1.5738,delivery,,,,,,,,,,,,,,,,,,,,,,,,,,,,,,,,,,,,,,,,,,,,,,,,,,,,
47,23,13,32,S31,False,0,5,5,0,0,0,0,0,0,[],0.0,S51,7.45,0,5,5,0.0,,-1.144588,-13.190393,-14.334981,False,False,18,S66,True,2,1.9392,do_nothing,,,,,,,,,,,,,,,,,,,,,,,,,,,,,,,,,,,,,,,,,,,,,,,,,,,,
47,23,13,40,S51,False,0,5,5,0,13,0,0,0,0,"['B162', 'B434', 'B539', 'B739', 'B107', 'B87', 'B499', 'B171', 'B242', 'B161', 'B688', 'B504', 'B453']",6.5,S54,6.18,13,5,18,0.0,,-1.147124,-13.13622,-14.283344,False,False,18,S12,True,15,2.1808,pickup,,,,,,,,,,,,,,,,,,,,,,,,,,,,,,,,,,,,,,,,,,,,,,,,,,,,
47,23,13,52,S54,False,13,5,18,13,0,0,0,0,0,"['B162', 'B434', 'B539', 'B739', 'B107', 'B87', 'B499', 'B171', 'B242', 'B161', 'B688', 'B504', 'B453']",6.5,S66,5.58,0,5,5,0.0,,-1.163229,-13.319258,-14.482487,False,False,18,S41,True,15,2.2448,delivery,,,,,,,,,,,,,,,,,,,,,,,,,,,,,,,,,,,,,,,,,,,,,,,,,,,,
47,23,14,5,S66,False,0,5,5,0,9,0,0,0,0,"['B566', 'B561', 'B309', 'B679', 'B52', 'B377', 'B617', 'B118', 'B93']",4.5,S64,1.75,9,5,14,0.0,,-1.280179,-13.368679,-14.648858,False,False,18,S31,True,14,2.7785,pickup,,,,,,,,,,,,,,,,,,,,,,,,,,,,,,,,,,,,,,,,,,,,,,,,,,,,
47,23,14,11,S64,False,9,5,14,9,0,0,1,0,0,"['B5', 'B566', 'B561', 'B309', 'B679', 'B52', 'B377', 'B617', 'B118', 'B93']",5.0,S40,4.02,0,6,6,0.0,,-0.887275,-13.20083,-14.088105,True,True,24,S23,True,20,3.008,delivery+depot_removal,,,,,,,,,,,,,,,,,,,,,,,,,,,,,,,,,,,,,,,,,,,,,,,,,,,,
47,23,14,20,S40,False,0,6,6,0,9,0,1,0,0,"['B584', 'B44', 'B103', 'B757', 'B361', 'B334', 'B482', 'B648', 'B125', 'B750']",5.0,S52,2.21,9,7,16,0.0,,-1.105665,-13.265103,-14.370768,True,True,36,S37,True,31,4.402,pickup+depot_removal,,,,,,,,,,,,,,,,,,,,,,,,,,,,,,,,,,,,,,,,,,,,,,,,,,,,
47,23,14,27,S52,False,9,7,16,9,0,0,0,0,0,"['B584', 'B44', 'B103', 'B757', 'B361', 'B334', 'B482', 'B648', 'B125']",4.5,S30,4.89,0,7,7,0.0,,-1.203308,-13.113112,-14.316419,False,False,12,S30,False,8,1.6039,delivery,,,,,,,,,,,,,,,,,,,,,,,,,,,,,,,,,,,,,,,,,,,,,,,,,,,,
47,23,14,36,S30,False,0,7,7,0,8,0,0,0,0,"['B66', 'B262', 'B339', 'B86', 'B300', 'B436', 'B159', 'B148']",4.0,S33,5.08,8,7,15,0.0,,-1.161793,-13.107596,-14.269389,False,False,18,S48,True,7,2.2164,pickup,,,,,,,,,,,,,,,,,,,,,,,,,,,,,,,,,,,,,,,,,,,,,,,,,,,,
47,23,14,46,S33,False,8,7,15,8,0,0,0,0,0,"['B66', 'B262', 'B339', 'B86', 'B300', 'B436', 'B159', 'B148']",4.0,S12,6.96,0,7,7,0.0,,-1.271776,-13.143559,-14.415334,False,False,12,S12,False,6,1.4655,delivery,,,,,,,,,,,,,,,,,,,,,,,,,,,,,,,,,,,,,,,,,,,,,,,,,,,,
47,23,14,56,S12,False,0,7,7,0,11,1,0,0,0,"['B401', 'B34', 'B112', 'B342', 'B426', 'B10', 'B651', 'B89', 'B604', 'B570', 'B47']",8.5,S49,8.77,11,7,18,0.0,,-1.389666,-13.152746,-14.542412,True,True,36,S49,False,30,5.2329,pickup+onsite,,,,,,,,,,,,,,,,,,,,,,,,,,,,,,,,,,,,,,,,,,,,,,,,,,,,
47,23,15,14,S49,False,11,7,18,11,0,0,0,0,0,"['B401', 'B34', 'B112', 'B342', 'B426', 'B10', 'B651', 'B89', 'B604', 'B570', 'B47']",5.5,S41,2.5,0,7,7,0.0,,-1.356547,-13.135944,-14.492491,False,False,18,S55,True,12,2.2933,delivery,,,,,,,,,,,,,,,,,,,,,,,,,,,,,,,,,,,,,,,,,,,,,,,,,,,,
47,23,15,22,S41,False,0,7,7,0,0,0,1,0,0,['B138'],0.5,S62,4.25,0,8,8,0.0,,-1.114922,-13.075577,-14.190499,True,True,60,S23,True,7,6.7628,do_nothing+depot_removal,,,,,,,,,,,,,,,,,,,,,,,,,,,,,,,,,,,,,,,,,,,,,,,,,,,,
47,23,15,26,S62,False,0,8,8,0,12,2,0,0,0,"['B360', 'B469', 'B237', 'B319', 'B227', 'B41', 'B250', 'B100', 'B324', 'B354', 'B463', 'B358']",12.0,S55,3.22,12,8,20,0.0,,-1.131266,-13.059367,-14.190633,True,True,54,S55,False,30,5.9363,pickup+onsite,,,,,,,,,,,,,,,,,,,,,,,,,,,,,,,,,,,,,,,,,,,,,,,,,,,,
47,23,15,42,S55,False,12,8,20,12,0,0,0,0,0,"['B360', 'B469', 'B237', 'B319', 'B227', 'B41', 'B250', 'B100', 'B324', 'B354', 'B463', 'B358']",6.0,S54,0.95,0,8,8,0.0,,-1.410534,-13.000605,-14.411139,False,False,12,S32,True,7,1.324,delivery,,,,,,,,,,,,,,,,,,,,,,,,,,,,,,,,,,,,,,,,,,,,,,,,,,,,
47,23,15,49,S54,False,0,8,8,0,11,0,0,0,0,"['B512', 'B612', 'B497', 'B349', 'B691', 'B343', 'B418', 'B286', 'B197', 'B575', 'B520']",5.5,S35,2.91,11,8,19,0.0,,-1.464442,-12.912845,-14.377287,False,False,18,S32,True,13,1.888,pickup,,,,,,,,,,,,,,,,,,,,,,,,,,,,,,,,,,,,,,,,,,,,,,,,,,,,
47,23,15,57,S35,False,11,8,19,11,0,1,0,0,0,"['B512', 'B612', 'B497', 'B349', 'B691', 'B343', 'B418', 'B286', 'B197', 'B575', 'B520']",8.5,S41,9.63,0,8,8,0.0,,-1.312363,-12.929469,-14.241833,True,True,24,S42,True,18,3.2554,delivery+onsite,,,,,,,,,,,,,,,,,,,,,,,,,,,,,,,,,,,,,,,,,,,,,,,,,,,,
47,23,16,15,S41,False,0,8,8,0,12,1,0,0,0,"['B456', 'B511', 'B31', 'B275', 'B143', 'B683', 'B663', 'B574', 'B455', 'B752', 'B473', 'B647']",9.0,S24,7.02,12,8,20,0.0,,-0.919274,-12.830103,-13.749377,True,True,24,S2,True,20,2.5137,pickup+onsite,,,,,,,,,,,,,,,,,,,,,,,,,,,,,,,,,,,,,,,,,,,,,,,,,,,,
47,23,16,31,S24,False,12,8,20,12,0,0,0,0,0,"['B456', 'B511', 'B31', 'B275', 'B143', 'B683', 'B663', 'B574', 'B455', 'B752', 'B473', 'B647']",6.0,S52,8.87,0,8,8,0.0,,-0.772963,-12.892607,-13.66557,False,False,12,S11,True,7,1.2278,delivery,,,,,,,,,,,,,,,,,,,,,,,,,,,,,,,,,,,,,,,,,,,,,,,,,,,,
47,23,16,46,S52,False,0,8,8,0,12,0,0,0,0,"['B723', 'B270', 'B703', 'B59', 'B180', 'B435', 'B194', 'B727', 'B688', 'B636', 'B670', 'B578']",6.0,S45,1.46,12,8,20,0.0,,-1.186189,-12.860716,-14.046905,False,False,18,S23,True,10,1.9266,pickup,,,,,,,,,,,,,,,,,,,,,,,,,,,,,,,,,,,,,,,,,,,,,,,,,,,,
47,23,16,54,S45,False,12,8,20,7,0,0,0,0,0,"['B723', 'B270', 'B703', 'B59', 'B180', 'B435', 'B194']",3.5,S53,0.56,5,8,13,0.0,,-0.852795,-12.838904,-13.691699,False,False,18,S3,True,12,1.8087,delivery,,,,,,,,,,,,,,,,,,,,,,,,,,,,,,,,,,,,,,,,,,,,,,,,,,,,
47,23,16,58,S53,False,5,8,13,5,0,1,0,0,0,"['B727', 'B688', 'B636', 'B670', 'B578']",5.5,S13,13.39,0,8,8,0.0,,-0.702614,-12.754207,-13.456821,True,True,24,S19,True,19,2.1927,delivery+onsite,,,,,,,,,,,,,,,,,,,,,,,,,,,,,,,,,,,,,,,,,,,,,,,,,,,,
47,23,17,16,S13,False,0,8,8,0,12,0,0,0,0,"['B49', 'B694', 'B145', 'B490', 'B613', 'B90', 'B348', 'B234', 'B406', 'B357', 'B73', 'B563']",6.0,S39,8.67,12,8,20,0.0,,-0.50843,-12.439256,-12.947687,False,False,12,S39,False,6,1.4904,pickup,,,,,,,,,,,,,,,,,,,,,,,,,,,,,,,,,,,,,,,,,,,,,,,,,,,,
47,23,17,31,S39,False,12,8,20,12,0,1,0,0,0,"['B49', 'B694', 'B145', 'B490', 'B613', 'B90', 'B348', 'B234', 'B406', 'B357', 'B73', 'B563']",9.0,S31,3.72,0,8,8,0.0,,-0.323585,-12.241378,-12.564963,True,True,24,S14,True,18,3.4034,delivery+onsite,,,,,,,,,,,,,,,,,,,,,,,,,,,,,,,,,,,,,,,,,,,,,,,,,,,,
47,23,17,44,S31,False,0,8,8,0,12,0,0,0,0,"['B45', 'B623', 'B598', 'B732', 'B137', 'B633', 'B745', 'B317', 'B573', 'B500', 'B581', 'B673']",6.0,S48,8.15,12,8,20,0.0,,-0.410102,-12.282273,-12.692375,False,False,12,S66,True,7,1.6833,pickup,,,,,,,,,,,,,,,,,,,,,,,,,,,,,,,,,,,,,,,,,,,,,,,,,,,,
47,23,17,58,S48,False,12,8,20,11,0,1,0,0,0,"['B45', 'B623', 'B598', 'B732', 'B137', 'B633', 'B745', 'B317', 'B573', 'B500', 'B581']",8.5,S19,0.52,1,8,9,0.0,,-0.488914,-12.510821,-12.999735,True,True,36,S51,True,22,4.303,delivery+onsite,,,,,,,,,,,,,,,,,,,,,,,,,,,,,,,,,,,,,,,,,,,,,,,,,,,,
47,23,18,7,S19,False,1,8,9,0,8,0,0,0,0,"['B379', 'B114', 'B315', 'B351', 'B454', 'B655', 'B9', 'B524']",4.0,S14,11.48,9,8,17,0.0,,-0.479185,-12.415346,-12.894531,False,False,18,S65,True,8,2.1707,pickup,,,,,,,,,,,,,,,,,,,,,,,,,,,,,,,,,,,,,,,,,,,,,,,,,,,,
47,23,18,23,S14,False,9,8,17,9,0,1,0,0,0,"['B673', 'B379', 'B114', 'B315', 'B351', 'B454', 'B655', 'B9', 'B524']",7.5,S48,11.01,0,8,8,0.0,,-0.401955,-12.379501,-12.781456,True,True,36,S2,True,22,5.4135,delivery+onsite,,,,,,,,,,,,,,,,,,,,,,,,,,,,,,,,,,,,,,,,,,,,,,,,,,,,
47,23,18,41,S48,False,0,8,8,0,10,0,0,0,0,"['B45', 'B623', 'B598', 'B732', 'B137', 'B633', 'B745', 'B317', 'B573', 'B500']",5.0,S52,5.29,10,8,18,0.0,,-0.374232,-12.36562,-12.739852,False,False,18,S7,True,12,2.0669,pickup,,,,,,,,,,,,,,,,,,,,,,,,,,,,,,,,,,,,,,,,,,,,,,,,,,,,
47,23,18,51,S52,False,10,8,18,10,0,0,0,0,0,"['B45', 'B623', 'B598', 'B732', 'B137', 'B633', 'B745', 'B317', 'B573', 'B500']",5.0,S7,9.68,0,8,8,0.0,,-0.323676,-12.39642,-12.720096,False,False,18,S2,True,14,2.0733,delivery,,,,,,,,,,,,,,,,,,,,,,,,,,,,,,,,,,,,,,,,,,,,,,,,,,,,
47,23,19,6,S7,False,0,8,8,0,12,0,0,0,0,"['B592', 'B113', 'B255', 'B682', 'B462', 'B178', 'B475', 'B208', 'B184', 'B264', 'B514', 'B618']",6.0,S61,7.71,12,8,20,0.0,,-0.166281,-12.384625,-12.550906,False,False,12,S8,True,8,1.5555,pickup,,,,,,,,,,,,,,,,,,,,,,,,,,,,,,,,,,,,,,,,,,,,,,,,,,,,
47,23,19,20,S61,False,12,8,20,8,0,0,0,0,0,"['B592', 'B113', 'B255', 'B682', 'B462', 'B178', 'B475', 'B208']",4.0,S8,15.18,4,8,12,0.0,,-0.126964,-12.177355,-12.304319,False,False,18,S8,False,7,3.0608,delivery,,,,,,,,,,,,,,,,,,,,,,,,,,,,,,,,,,,,,,,,,,,,,,,,,,,,
47,23,19,39,S8,False,4,8,12,0,0,0,0,0,0,[],0.0,S11,5.36,4,8,12,0.0,,-0.23472,-12.429546,-12.664266,True,False,17,D0,True,0,1.8351,do_nothing,,,,,,,,,,,,,,,,,,,,,,,,,,,,,,,,,,,,,,,,,,,,,,,,,,,,
47,23,19,44,S11,False,4,8,12,0,0,0,0,0,0,[],0.0,D0,4.94,4,8,12,0.0,,-0.354033,-12.658393,-13.012426,False,False,2,D0,True,0,0.2247,do_nothing,,,,,,,,,,,,,,,,,,,,,,,,,,,,,,,,,,,,,,,,,,,,,,,,,,,,
47,23,19,49,D0,True,4,8,12,0,0,0,0,8,0,"['B131', 'B711', 'B480', 'B753', 'B767', 'B5', 'B750', 'B138']",4.0,D0,0.0,4,0,4,0.0,,-0.491102,-12.66288,-13.153983,True,True,1,D0,False,0,0.1171,do_nothing,,,,,,,,,,,,,,,,,,,,,,,,,,,,,,,,,,,,,,,,,,,,,,,,,,,,
47,24,6,8,D0,True,4,0,4,0,0,0,0,0,10,"['B141', 'B55', 'B179', 'B447', 'B341', 'B411', 'B554', 'B281', 'B713', 'B62']",5.0,S41,2.23,14,0,14,0.0,,-2.811491,-13.780159,-16.59165,True,True,5,S55,True,4,0.5249,load_queue,,,,,,,,,,,,,,,,,,,,,,,,,,,,,,,,,,,,,,,,,,,,,,,,,,,,
47,24,6,30,S41,False,14,0,14,14,0,0,1,0,0,"['B263', 'B184', 'B264', 'B514', 'B618', 'B141', 'B55', 'B179', 'B447', 'B341', 'B411', 'B554', 'B281', 'B713', 'B62']",7.5,S39,3.32,0,1,1,0.0,,-2.502148,-13.711984,-16.214131,True,True,24,S55,True,18,2.4108,delivery+depot_removal,,,,,,,,,,,,,,,,,,,,,,,,,,,,,,,,,,,,,,,,,,,,,,,,,,,,
47,24,6,41,S39,False,0,1,1,0,19,0,0,0,0,"['B667', 'B698', 'B154', 'B49', 'B694', 'B145', 'B490', 'B613', 'B90', 'B348', 'B234', 'B406', 'B357', 'B73', 'B563', 'B147', 'B428', 'B685', 'B65']",9.5,S51,7.16,19,1,20,0.0,,-1.988232,-13.801542,-15.789774,False,False,12,S55,True,9,1.2789,pickup,,,,,,,,,,,,,,,,,,,,,,,,,,,,,,,,,,,,,,,,,,,,,,,,,,,,
47,24,6,58,S51,False,19,1,20,16,0,0,0,0,0,"['B667', 'B698', 'B154', 'B49', 'B694', 'B145', 'B490', 'B613', 'B90', 'B348', 'B234', 'B406', 'B357', 'B73', 'B563', 'B147']",8.0,S55,5.48,3,1,4,0.0,,-1.898796,-13.815904,-15.7147,False,False,18,S15,True,8,2.0508,delivery,,,,,,,,,,,,,,,,,,,,,,,,,,,,,,,,,,,,,,,,,,,,,,,,,,,,
47,24,7,11,S55,False,3,1,4,0,16,0,0,0,0,"['B581', 'B423', 'B21', 'B355', 'B384', 'B575', 'B215', 'B182', 'B319', 'B598', 'B329', 'B633', 'B304', 'B328', 'B67', 'B2']",8.0,S15,4.77,19,1,20,0.0,,-1.833247,-13.652952,-15.486199,False,False,12,S32,True,6,1.5763,pickup,,,,,,,,,,,,,,,,,,,,,,,,,,,,,,,,,,,,,,,,,,,,,,,,,,,,
47,24,7,24,S15,False,19,1,20,19,0,0,0,0,0,"['B428', 'B685', 'B65', 'B581', 'B423', 'B21', 'B355', 'B384', 'B575', 'B215', 'B182', 'B319', 'B598', 'B329', 'B633', 'B304', 'B328', 'B67', 'B2']",9.5,S35,5.79,0,1,1,0.0,,-1.675029,-13.679685,-15.354714,False,False,12,S54,True,10,1.7765,delivery,,,,,,,,,,,,,,,,,,,,,,,,,,,,,,,,,,,,,,,,,,,,,,,,,,,,
47,24,7,39,S35,False,0,1,1,0,12,0,1,0,0,"['B13', 'B468', 'B323', 'B381', 'B567', 'B103', 'B526', 'B14', 'B507', 'B747', 'B11', 'B202', 'B195']",6.5,S54,2.91,12,2,14,0.0,,-1.41108,-13.46757,-14.87865,True,True,36,S37,True,31,4.6661,pickup+depot_removal,,,,,,,,,,,,,,,,,,,,,,,,,,,,,,,,,,,,,,,,,,,,,,,,,,,,
47,24,7,49,S54,False,12,2,14,0,6,0,0,0,0,"['B387', 'B64', 'B279', 'B670', 'B270', 'B227']",3.0,S27,4.59,18,2,20,0.0,,-1.223668,-13.380958,-14.604626,True,False,18,S66,True,12,2.5823,pickup,,,,,,,,,,,,,,,,,,,,,,,,,,,,,,,,,,,,,,,,,,,,,,,,,,,,
47,24,7,56,S27,False,18,2,20,18,0,0,1,0,0,"['B326', 'B13', 'B468', 'B323', 'B381', 'B567', 'B103', 'B526', 'B14', 'B507', 'B747', 'B11', 'B202', 'B387', 'B64', 'B279', 'B670', 'B270', 'B227']",9.5,S37,4.19,0,3,3,0.0,,-1.193816,-13.436088,-14.629904,True,True,18,S50,True,13,2.6172,delivery+depot_removal,,,,,,,,,,,,,,,,,,,,,,,,,,,,,,,,,,,,,,,,,,,,,,,,,,,,
47,24,8,10,S37,False,0,3,3,0,17,0,0,0,0,"['B450', 'B609', 'B449', 'B45', 'B151', 'B294', 'B494', 'B501', 'B708', 'B77', 'B345', 'B572', 'B366', 'B509', 'B284', 'B105', 'B10']",8.5,S61,2.04,17,3,20,0.0,,-0.770116,-13.36357,-14.133685,False,False,12,S43,True,8,1.5286,pickup,,,,,,,,,,,,,,,,,,,,,,,,,,,,,,,,,,,,,,,,,,,,,,,,,,,,
47,24,8,21,S61,False,17,3,20,11,0,0,0,0,0,"['B450', 'B609', 'B449', 'B45', 'B151', 'B294', 'B494', 'B501', 'B708', 'B77', 'B345']",5.5,S54,4.83,6,3,9,0.0,,-0.672177,-13.39492,-14.067096,False,False,18,S66,True,16,2.1099,delivery,,,,,,,,,,,,,,,,,,,,,,,,,,,,,,,,,,,,,,,,,,,,,,,,,,,,
47,24,8,31,S54,False,6,3,9,0,11,0,0,0,0,"['B68', 'B171', 'B25', 'B152', 'B157', 'B393', 'B675', 'B543', 'B444', 'B173', 'B403']",5.5,S66,5.58,17,3,20,0.0,,-0.839193,-13.392465,-14.231658,True,False,18,S66,False,14,1.9239,pickup,,,,,,,,,,,,,,,,,,,,,,,,,,,,,,,,,,,,,,,,,,,,,,,,,,,,
47,24,8,42,S66,False,17,3,20,13,0,0,0,0,0,"['B572', 'B366', 'B509', 'B284', 'B105', 'B10', 'B68', 'B171', 'B25', 'B152', 'B157', 'B393', 'B675']",6.5,S46,5.15,4,3,7,0.0,,-0.732113,-13.239396,-13.971508,False,False,18,S43,True,14,2.0801,delivery,,,,,,,,,,,,,,,,,,,,,,,,,,,,,,,,,,,,,,,,,,,,,,,,,,,,
47,24,8,54,S46,False,4,3,7,0,13,0,0,0,0,"['B203', 'B334', 'B591', 'B402', 'B290', 'B409', 'B354', 'B433', 'B469', 'B472', 'B280', 'B746', 'B349']",6.5,S16,1.33,17,3,20,0.0,,-0.684466,-13.282087,-13.966553,False,False,12,S16,False,7,1.5033,pickup,,,,,,,,,,,,,,,,,,,,,,,,,,,,,,,,,,,,,,,,,,,,,,,,,,,,
47,24,9,2,S16,False,17,3,20,7,0,0,1,0,0,"['B570', 'B543', 'B444', 'B173', 'B403', 'B203', 'B334', 'B591']",4.0,S34,5.13,10,4,14,0.0,,-0.806609,-13.332816,-14.139424,True,True,30,S34,False,25,3.509,delivery+depot_removal,,,,,,,,,,,,,,,,,,,,,,,,,,,,,,,,,,,,,,,,,,,,,,,,,,,,
47,24,9,11,S34,False,10,4,14,10,0,0,0,0,0,"['B402', 'B290', 'B409', 'B354', 'B433', 'B469', 'B472', 'B280', 'B746', 'B349']",5.0,S60,5.52,0,4,4,0.0,,-0.694981,-13.282349,-13.97733,False,False,12,S49,True,10,1.3718,delivery,,,,,,,,,,,,,,,,,,,,,,,,,,,,,,,,,,,,,,,,,,,,,,,,,,,,
47,24,9,21,S60,False,0,4,4,0,16,0,0,0,0,"['B756', 'B744', 'B237', 'B674', 'B488', 'B743', 'B116', 'B763', 'B123', 'B299', 'B122', 'B286', 'B140', 'B564', 'B282', 'B26']",8.0,S65,3.09,16,4,20,0.0,,-0.812837,-13.253026,-14.065863,False,False,18,S18,True,6,2.3011,pickup,,,,,,,,,,,,,,,,,,,,,,,,,,,,,,,,,,,,,,,,,,,,,,,,,,,,
47,24,9,32,S65,False,16,4,20,15,0,0,1,0,0,"['B193', 'B756', 'B744', 'B237', 'B674', 'B488', 'B743', 'B116', 'B763', 'B123', 'B299', 'B122', 'B286', 'B140', 'B564', 'B282']",8.0,S18,4.55,1,5,6,0.0,,-0.742799,-13.425635,-14.168434,True,True,30,S22,True,26,3.765,delivery+depot_removal,,,,,,,,,,,,,,,,,,,,,,,,,,,,,,,,,,,,,,,,,,,,,,,,,,,,
47,24,9,45,S18,False,1,5,6,0,13,0,1,0,0,"['B87', 'B257', 'B376', 'B343', 'B358', 'B221', 'B266', 'B197', 'B739', 'B274', 'B761', 'B446', 'B417', 'B692']",7.0,S22,5.73,14,6,20,0.0,,-0.745146,-13.447052,-14.192198,True,True,30,S62,True,26,2.9342,pickup+depot_removal,,,,,,,,,,,,,,,,,,,,,,,,,,,,,,,,,,,,,,,,,,,,,,,,,,,,
47,24,9,58,S22,False,14,6,20,14,0,0,0,0,0,"['B26', 'B87', 'B257', 'B376', 'B343', 'B358', 'B221', 'B266', 'B197', 'B739', 'B274', 'B761', 'B446', 'B417']",7.0,S49,5.18,0,6,6,0.0,,-0.684865,-13.504463,-14.189328,False,False,18,S62,True,15,2.4062,delivery,,,,,,,,,,,,,,,,,,,,,,,,,,,,,,,,,,,,,,,,,,,,,,,,,,,,
47,24,10,10,S49,False,0,6,6,0,10,0,0,0,0,"['B641', 'B492', 'B627', 'B356', 'B728', 'B241', 'B150', 'B48', 'B235', 'B24']",5.0,S43,4.64,10,6,16,0.0,,-0.555512,-13.434825,-13.990337,False,False,18,S64,True,15,1.871,pickup,,,,,,,,,,,,,,,,,,,,,,,,,,,,,,,,,,,,,,,,,,,,,,,,,,,,
47,24,10,19,S43,False,10,6,16,0,0,1,0,0,0,[],3.0,S29,5.89,10,6,16,0.0,,-0.332823,-13.506687,-13.83951,True,True,24,S64,True,8,2.4108,do_nothing+onsite,,,,,,,,,,,,,,,,,,,,,,,,,,,,,,,,,,,,,,,,,,,,,,,,,,,,
47,24,10,28,S29,False,10,6,16,10,0,0,0,0,0,"['B641', 'B492', 'B627', 'B356', 'B728', 'B241', 'B150', 'B48', 'B235', 'B24']",5.0,S36,5.98,0,6,6,0.0,,-0.479439,-13.522066,-14.001505,False,False,12,S64,True,8,1.8254,delivery,,,,,,,,,,,,,,,,,,,,,,,,,,,,,,,,,,,,,,,,,,,,,,,,,,,,
47,24,10,39,S36,False,0,6,6,0,8,0,0,0,0,"['B611', 'B731', 'B592', 'B612', 'B316', 'B424', 'B686', 'B671']",4.0,S26,10.11,8,6,14,0.0,,-0.489877,-13.456371,-13.946247,False,False,18,S64,True,6,1.6502,pickup,,,,,,,,,,,,,,,,,,,,,,,,,,,,,,,,,,,,,,,,,,,,,,,,,,,,
47,24,10,53,S26,False,8,6,14,8,0,0,0,0,0,"['B611', 'B731', 'B592', 'B612', 'B316', 'B424', 'B686', 'B671']",4.0,S64,7.31,0,6,6,0.0,,-0.790026,-13.45931,-14.249336,False,False,12,S64,False,7,1.1748,delivery,,,,,,,,,,,,,,,,,,,,,,,,,,,,,,,,,,,,,,,,,,,,,,,,,,,,
47,24,11,5,S64,False,0,6,6,0,6,0,0,0,0,"['B214', 'B220', 'B429', 'B477', 'B679', 'B373']",3.0,S17,9.06,6,6,12,0.0,,-0.4867,-13.402088,-13.888788,False,False,18,S38,True,7,1.8423,pickup,,,,,,,,,,,,,,,,,,,,,,,,,,,,,,,,,,,,,,,,,,,,,,,,,,,,
47,24,11,17,S17,False,6,6,12,6,0,0,0,0,0,"['B214', 'B220', 'B429', 'B477', 'B679', 'B373']",3.0,S16,9.93,0,6,6,0.0,,-0.799168,-13.412461,-14.211629,False,False,12,S23,True,7,1.3015,delivery,,,,,,,,,,,,,,,,,,,,,,,,,,,,,,,,,,,,,,,,,,,,,,,,,,,,
47,24,11,30,S16,False,0,6,6,0,10,0,0,0,0,"['B661', 'B415', 'B339', 'B532', 'B281', 'B105', 'B66', 'B490', 'B391', 'B659']",5.0,S43,0.58,10,6,16,0.0,,-0.421398,-13.256514,-13.677912,False,False,18,S23,True,6,1.9059,pickup,,,,,,,,,,,,,,,,,,,,,,,,,,,,,,,,,,,,,,,,,,,,,,,,,,,,
47,24,11,35,S43,False,10,6,16,10,0,0,0,0,0,"['B661', 'B415', 'B339', 'B532', 'B281', 'B105', 'B66', 'B490', 'B391', 'B659']",5.0,S37,1.66,0,6,6,0.0,,-0.516689,-13.196652,-13.713341,False,False,12,S23,True,6,1.3867,delivery,,,,,,,,,,,,,,,,,,,,,,,,,,,,,,,,,,,,,,,,,,,,,,,,,,,,
47,24,11,42,S37,False,0,6,6,0,14,0,0,0,0,"['B500', 'B145', 'B308', 'B357', 'B147', 'B678', 'B161', 'B715', 'B284', 'B713', 'B553', 'B91', 'B398', 'B288']",7.0,S29,6.23,14,6,20,0.0,,-0.41066,-13.0613,-13.47196,False,False,18,S27,True,6,1.9764,pickup,,,,,,,,,,,,,,,,,,,,,,,,,,,,,,,,,,,,,,,,,,,,,,,,,,,,
47,24,11,55,S29,False,14,6,20,10,0,0,0,0,0,"['B500', 'B145', 'B308', 'B357', 'B147', 'B678', 'B161', 'B715', 'B284', 'B713']",5.0,S1,2.42,4,6,10,0.0,,-0.584548,-13.171015,-13.755563,False,False,18,S48,True,7,2.5331,delivery,,,,,,,,,,,,,,,,,,,,,,,,,,,,,,,,,,,,,,,,,,,,,,,,,,,,
47,24,12,3,S1,False,4,6,10,0,10,0,0,0,0,"['B407', 'B359', 'B35', 'B646', 'B420', 'B504', 'B115', 'B63', 'B40', 'B542']",5.0,S26,6.95,14,6,20,0.0,,-0.566374,-13.106497,-13.672871,False,False,12,S36,True,7,1.4599,pickup,,,,,,,,,,,,,,,,,,,,,,,,,,,,,,,,,,,,,,,,,,,,,,,,,,,,
47,24,12,14,S26,False,14,6,20,14,0,0,0,0,0,"['B553', 'B91', 'B398', 'B288', 'B407', 'B359', 'B35', 'B646', 'B420', 'B504', 'B115', 'B63', 'B40', 'B542']",7.0,S23,8.86,0,6,6,0.0,,-0.525065,-13.352216,-13.877281,False,False,18,S36,True,15,2.0117,delivery,,,,,,,,,,,,,,,,,,,,,,,,,,,,,,,,,,,,,,,,,,,,,,,,,,,,
47,24,12,30,S23,False,0,6,6,0,10,0,0,0,0,"['B112', 'B465', 'B556', 'B42', 'B187', 'B80', 'B737', 'B181', 'B305', 'B585']",5.0,S36,12.13,10,6,16,0.0,,-1.104176,-13.383142,-14.487318,False,False,18,S62,True,16,2.0121,pickup,,,,,,,,,,,,,,,,,,,,,,,,,,,,,,,,,,,,,,,,,,,,,,,,,,,,
47,24,12,47,S36,False,10,6,16,0,0,0,0,0,0,[],0.0,S52,4.36,10,6,16,0.0,,-1.604469,-13.681003,-15.285471,False,False,12,S38,True,3,1.4468,do_nothing,,,,,,,,,,,,,,,,,,,,,,,,,,,,,,,,,,,,,,,,,,,,,,,,,,,,
47,24,12,52,S52,False,10,6,16,9,0,0,0,0,0,"['B112', 'B465', 'B556', 'B42', 'B187', 'B80', 'B737', 'B181', 'B305']",4.5,S60,3.35,1,6,7,0.0,,-1.705855,-13.64183,-15.347685,False,False,18,S63,True,7,2.2655,delivery,,,,,,,,,,,,,,,,,,,,,,,,,,,,,,,,,,,,,,,,,,,,,,,,,,,,
47,24,13,0,S60,False,1,6,7,1,0,1,0,0,0,['B585'],3.5,S27,3.14,0,6,6,0.0,,-2.384404,-13.756086,-16.14049,True,True,24,S27,False,18,2.6174,delivery+onsite,,,,,,,,,,,,,,,,,,,,,,,,,,,,,,,,,,,,,,,,,,,,,,,,,,,,
47,24,13,6,S27,False,0,6,6,0,14,0,0,0,0,"['B323', 'B381', 'B567', 'B103', 'B526', 'B14', 'B507', 'B747', 'B11', 'B202', 'B387', 'B64', 'B279', 'B670']",7.0,S36,7.66,14,6,20,0.0,,-1.855797,-13.652353,-15.508151,False,False,12,S50,True,10,1.3838,pickup,,,,,,,,,,,,,,,,,,,,,,,,,,,,,,,,,,,,,,,,,,,,,,,,,,,,
47,24,13,21,S36,False,14,6,20,0,0,0,0,0,0,[],0.0,S54,4.67,14,6,20,0.0,,-2.219236,-13.635316,-15.854552,False,False,12,S57,True,0,1.8189,do_nothing,,,,,,,,,,,,,,,,,,,,,,,,,,,,,,,,,,,,,,,,,,,,,,,,,,,,
47,24,13,26,S54,False,14,6,20,14,0,0,1,0,0,"['B458', 'B323', 'B381', 'B567', 'B103', 'B526', 'B14', 'B507', 'B747', 'B11', 'B202', 'B387', 'B64', 'B279', 'B670']",7.5,S40,2.17,0,7,7,0.0,,-1.865247,-13.662956,-15.528203,True,True,18,S57,True,12,2.2348,delivery+depot_removal,,,,,,,,,,,,,,,,,,,,,,,,,,,,,,,,,,,,,,,,,,,,,,,,,,,,
47,24,13,35,S40,False,0,7,7,0,13,0,0,0,0,"['B547', 'B117', 'B162', 'B454', 'B9', 'B524', 'B85', 'B451', 'B463', 'B685', 'B262', 'B577', 'B619']",6.5,S57,4.79,13,7,20,0.0,,-1.52086,-13.349781,-14.87064,False,False,12,S57,False,6,1.4327,pickup,,,,,,,,,,,,,,,,,,,,,,,,,,,,,,,,,,,,,,,,,,,,,,,,,,,,
47,24,13,47,S57,False,13,7,20,13,0,2,0,0,0,"['B547', 'B117', 'B162', 'B454', 'B9', 'B524', 'B85', 'B451', 'B463', 'B685', 'B262', 'B577', 'B619']",12.5,S31,8.31,0,7,7,0.0,,-1.578467,-13.380722,-14.959189,True,True,54,S17,True,48,6.4238,delivery+onsite,,,,,,,,,,,,,,,,,,,,,,,,,,,,,,,,,,,,,,,,,,,,,,,,,,,,
47,24,14,7,S31,False,0,7,7,0,13,0,0,0,0,"['B673', 'B295', 'B609', 'B468', 'B452', 'B656', 'B271', 'B309', 'B120', 'B512', 'B186', 'B573', 'B343']",6.5,S43,4.35,13,7,20,0.0,,-1.666991,-13.474102,-15.141094,False,False,12,S43,False,6,1.4766,pickup,,,,,,,,,,,,,,,,,,,,,,,,,,,,,,,,,,,,,,,,,,,,,,,,,,,,
47,24,14,18,S43,False,13,7,20,13,0,0,0,0,0,"['B673', 'B295', 'B609', 'B468', 'B452', 'B656', 'B271', 'B309', 'B120', 'B512', 'B186', 'B573', 'B343']",6.5,S30,6.18,0,7,7,0.0,,-1.478461,-13.524958,-15.003418,False,False,12,S63,True,7,1.4258,delivery,,,,,,,,,,,,,,,,,,,,,,,,,,,,,,,,,,,,,,,,,,,,,,,,,,,,
47,24,14,31,S30,False,0,7,7,0,0,0,1,0,0,['B640'],0.5,S65,1.33,0,8,8,0.0,,-1.991385,-13.497251,-15.488636,True,True,36,S65,True,7,4.3691,do_nothing+depot_removal,,,,,,,,,,,,,,,,,,,,,,,,,,,,,,,,,,,,,,,,,,,,,,,,,,,,
47,24,14,33,S65,False,0,8,8,0,12,0,0,0,0,"['B219', 'B529', 'B275', 'B180', 'B92', 'B21', 'B533', 'B514', 'B231', 'B762', 'B285', 'B651']",6.0,S63,7.4,12,8,20,0.0,,-2.604493,-13.418399,-16.022892,False,False,12,S41,True,10,1.2969,pickup,,,,,,,,,,,,,,,,,,,,,,,,,,,,,,,,,,,,,,,,,,,,,,,,,,,,
47,24,14,46,S63,False,12,8,20,12,0,0,0,0,0,"['B219', 'B529', 'B275', 'B180', 'B92', 'B21', 'B533', 'B514', 'B231', 'B762', 'B285', 'B651']",6.0,S41,5.29,0,8,8,0.0,,-1.6075,-13.528573,-15.136073,False,False,12,S41,False,6,1.3886,delivery,,,,,,,,,,,,,,,,,,,,,,,,,,,,,,,,,,,,,,,,,,,,,,,,,,,,
47,24,14,57,S41,False,0,8,8,0,12,1,0,0,0,"['B729', 'B178', 'B491', 'B412', 'B146', 'B66', 'B471', 'B508', 'B372', 'B316', 'B300', 'B166']",9.0,S34,5.73,12,8,20,0.0,,-1.606112,-13.462267,-15.068379,True,True,24,S33,True,21,2.5889,pickup+onsite,,,,,,,,,,,,,,,,,,,,,,,,,,,,,,,,,,,,,,,,,,,,,,,,,,,,
47,24,15,12,S34,False,12,8,20,12,0,0,0,0,0,"['B729', 'B178', 'B491', 'B412', 'B146', 'B66', 'B471', 'B508', 'B372', 'B316', 'B300', 'B166']",6.0,S48,8.54,0,8,8,0.0,,-1.233445,-13.438633,-14.672078,False,False,12,S36,True,9,1.2509,delivery,,,,,,,,,,,,,,,,,,,,,,,,,,,,,,,,,,,,,,,,,,,,,,,,,,,,
47,24,15,27,S48,False,0,8,8,0,9,1,0,0,0,"['B43', 'B317', 'B490', 'B249', 'B13', 'B521', 'B509', 'B450', 'B709']",7.5,S50,8.86,9,8,17,0.0,,-1.535348,-13.517198,-15.052547,True,True,36,S66,True,32,3.9502,pickup+onsite,,,,,,,,,,,,,,,,,,,,,,,,,,,,,,,,,,,,,,,,,,,,,,,,,,,,
47,24,15,43,S50,False,9,8,17,9,0,0,0,0,0,"['B43', 'B317', 'B490', 'B249', 'B13', 'B521', 'B509', 'B450', 'B709']",4.5,S13,14.96,0,8,8,0.0,,-1.430334,-13.446811,-14.877145,False,False,12,S7,True,7,1.1436,delivery,,,,,,,,,,,,,,,,,,,,,,,,,,,,,,,,,,,,,,,,,,,,,,,,,,,,
47,24,16,3,S13,False,0,8,8,0,12,1,0,0,0,"['B76', 'B327', 'B662', 'B565', 'B244', 'B426', 'B631', 'B337', 'B615', 'B518', 'B214', 'B429']",9.0,S49,8.38,12,8,20,0.0,,-1.233018,-13.551506,-14.784524,True,True,24,S33,True,22,2.601,pickup+onsite,,,,,,,,,,,,,,,,,,,,,,,,,,,,,,,,,,,,,,,,,,,,,,,,,,,,
47,24,16,20,S49,False,12,8,20,12,0,0,0,0,0,"['B76', 'B327', 'B662', 'B565', 'B244', 'B426', 'B631', 'B337', 'B615', 'B518', 'B214', 'B429']",6.0,S22,5.18,0,8,8,0.0,,-1.446769,-13.430478,-14.877247,False,False,18,S33,True,14,1.8973,delivery,,,,,,,,,,,,,,,,,,,,,,,,,,,,,,,,,,,,,,,,,,,,,,,,,,,,
47,24,16,31,S22,False,0,8,8,0,12,0,0,0,0,"['B739', 'B274', 'B761', 'B446', 'B417', 'B743', 'B549', 'B350', 'B286', 'B428', 'B537', 'B110']",6.0,S10,9.54,12,8,20,0.0,,-1.270712,-13.115387,-14.386098,False,False,12,S17,True,9,1.4507,pickup,,,,,,,,,,,,,,,,,,,,,,,,,,,,,,,,,,,,,,,,,,,,,,,,,,,,
47,24,16,47,S10,False,12,8,20,12,0,0,0,0,0,"['B739', 'B274', 'B761', 'B446', 'B417', 'B743', 'B549', 'B350', 'B286', 'B428', 'B537', 'B110']",6.0,S31,5.83,0,8,8,0.0,,-0.997431,-12.895132,-13.892563,False,False,18,S36,True,12,2.0738,delivery,,,,,,,,,,,,,,,,,,,,,,,,,,,,,,,,,,,,,,,,,,,,,,,,,,,,
47,24,16,58,S31,False,0,8,8,0,12,0,0,0,0,"['B588', 'B403', 'B38', 'B218', 'B216', 'B154', 'B465', 'B375', 'B174', 'B336', 'B73', 'B715']",6.0,S53,4.82,12,8,20,0.0,,-1.311968,-12.921588,-14.233556,False,False,12,S7,True,10,1.3856,pickup,,,,,,,,,,,,,,,,,,,,,,,,,,,,,,,,,,,,,,,,,,,,,,,,,,,,
47,24,17,9,S53,False,12,8,20,12,0,0,0,0,0,"['B588', 'B403', 'B38', 'B218', 'B216', 'B154', 'B465', 'B375', 'B174', 'B336', 'B73', 'B715']",6.0,S32,1.73,0,8,8,0.0,,-0.869121,-12.741013,-13.610135,False,False,12,S62,True,6,1.2665,delivery,,,,,,,,,,,,,,,,,,,,,,,,,,,,,,,,,,,,,,,,,,,,,,,,,,,,
47,24,17,17,S32,False,0,8,8,0,10,0,1,0,0,"['B298', 'B522', 'B764', 'B345', 'B311', 'B681', 'B308', 'B184', 'B92', 'B485', 'B668']",5.5,S54,2.05,10,9,19,0.0,,-1.244949,-12.790562,-14.035511,True,True,60,S7,True,43,5.5395,pickup+depot_removal,,,,,,,,,,,,,,,,,,,,,,,,,,,,,,,,,,,,,,,,,,,,,,,,,,,,
47,24,17,25,S54,False,10,9,19,10,0,0,0,0,0,"['B298', 'B522', 'B764', 'B345', 'B311', 'B681', 'B308', 'B184', 'B92', 'B485']",5.0,S12,8.01,0,9,9,0.0,,-0.841099,-12.656823,-13.497922,False,False,12,S18,True,7,1.0948,delivery,,,,,,,,,,,,,,,,,,,,,,,,,,,,,,,,,,,,,,,,,,,,,,,,,,,,
47,24,17,38,S12,False,0,9,9,0,11,0,0,0,0,"['B255', 'B341', 'B626', 'B150', 'B226', 'B399', 'B540', 'B32', 'B723', 'B575', 'B323']",5.5,S63,5.44,11,9,20,0.0,,-0.763322,-13.09929,-13.862612,False,False,12,S18,True,6,1.1048,pickup,,,,,,,,,,,,,,,,,,,,,,,,,,,,,,,,,,,,,,,,,,,,,,,,,,,,
47,24,17,49,S63,False,11,9,20,11,0,0,0,0,0,"['B255', 'B341', 'B626', 'B150', 'B226', 'B399', 'B540', 'B32', 'B723', 'B575', 'B323']",5.5,S7,10.87,0,9,9,0.0,,-0.625898,-13.025768,-13.651666,False,False,12,S18,True,8,1.1732,delivery,,,,,,,,,,,,,,,,,,,,,,,,,,,,,,,,,,,,,,,,,,,,,,,,,,,,
47,24,18,5,S7,False,0,9,9,0,11,0,0,0,0,"['B464', 'B693', 'B647', 'B611', 'B517', 'B145', 'B111', 'B59', 'B612', 'B62', 'B424']",5.5,S33,9.87,11,9,20,0.0,,-0.498193,-12.9307,-13.428894,False,False,12,S18,True,9,1.6234,pickup,,,,,,,,,,,,,,,,,,,,,,,,,,,,,,,,,,,,,,,,,,,,,,,,,,,,
47,24,18,20,S33,False,11,9,20,11,0,0,1,0,0,"['B544', 'B464', 'B693', 'B647', 'B611', 'B517', 'B145', 'B111', 'B59', 'B612', 'B62', 'B424']",6.0,S18,2.77,0,10,10,0.0,,-0.401882,-12.82506,-13.226943,True,True,18,S51,True,14,2.3996,delivery+depot_removal,,,,,,,,,,,,,,,,,,,,,,,,,,,,,,,,,,,,,,,,,,,,,,,,,,,,
47,24,18,29,S18,False,0,10,10,0,10,0,0,0,0,"['B116', 'B418', 'B287', 'B601', 'B438', 'B721', 'B102', 'B461', 'B510', 'B741']",5.0,S44,2.71,10,10,20,0.0,,-0.321447,-12.63978,-12.961227,False,False,12,S44,False,6,1.6213,pickup,,,,,,,,,,,,,,,,,,,,,,,,,,,,,,,,,,,,,,,,,,,,,,,,,,,,
47,24,18,37,S44,False,10,10,20,10,0,0,2,0,0,"['B27', 'B696', 'B116', 'B418', 'B287', 'B601', 'B438', 'B721', 'B102', 'B461', 'B510', 'B741']",6.0,S51,3.83,0,12,12,0.0,,-0.155432,-12.427896,-12.583329,True,True,24,S37,True,21,3.0037,delivery+depot_removal,,,,,,,,,,,,,,,,,,,,,,,,,,,,,,,,,,,,,,,,,,,,,,,,,,,,
47,24,18,47,S51,False,0,12,12,0,6,0,1,0,0,"['B180', 'B616', 'B177', 'B687', 'B24', 'B583', 'B127']",3.5,S52,4.66,6,13,19,0.0,,-0.174662,-12.413943,-12.588605,True,True,30,S37,True,27,4.3222,pickup+depot_removal,,,,,,,,,,,,,,,,,,,,,,,,,,,,,,,,,,,,,,,,,,,,,,,,,,,,
47,24,18,55,S52,False,6,13,19,6,0,0,0,0,0,"['B180', 'B616', 'B177', 'B687', 'B24', 'B583']",3.0,S66,3.13,0,13,13,0.0,,-0.176048,-12.343242,-12.519291,True,False,24,S19,True,16,2.5426,delivery,,,,,,,,,,,,,,,,,,,,,,,,,,,,,,,,,,,,,,,,,,,,,,,,,,,,
47,24,19,1,S66,False,0,13,13,0,0,0,0,0,0,[],0.0,S23,5.09,0,13,13,0.0,,-0.235001,-12.394122,-12.629123,False,False,12,S30,True,4,1.3812,do_nothing,,,,,,,,,,,,,,,,,,,,,,,,,,,,,,,,,,,,,,,,,,,,,,,,,,,,
47,24,19,6,S23,False,0,13,13,0,7,0,0,0,0,"['B54', 'B240', 'B29', 'B507', 'B738', 'B684', 'B703']",3.5,S17,9.74,7,13,20,0.0,,-0.165912,-12.386469,-12.552381,False,False,12,S30,True,7,1.4505,pickup,,,,,,,,,,,,,,,,,,,,,,,,,,,,,,,,,,,,,,,,,,,,,,,,,,,,
47,24,19,19,S17,False,7,13,20,7,0,0,0,0,0,"['B54', 'B240', 'B29', 'B507', 'B738', 'B684', 'B703']",3.5,S30,7.68,0,13,13,0.0,,-0.243325,-12.413117,-12.656442,False,False,12,S37,True,8,1.3799,delivery,,,,,,,,,,,,,,,,,,,,,,,,,,,,,,,,,,,,,,,,,,,,,,,,,,,,
47,24,19,30,S30,False,0,13,13,0,7,0,0,0,0,"['B756', 'B139', 'B356', 'B677', 'B133', 'B513', 'B229']",3.5,S45,6.19,7,13,20,0.0,,-0.35089,-12.606323,-12.957213,False,False,11,S45,False,6,1.202,pickup,,,,,,,,,,,,,,,,,,,,,,,,,,,,,,,,,,,,,,,,,,,,,,,,,,,,
47,24,19,40,S45,False,7,13,20,7,0,0,0,0,0,"['B756', 'B139', 'B356', 'B677', 'B133', 'B513', 'B229']",3.5,S61,3.27,0,13,13,0.0,,-0.421285,-12.635015,-13.056301,False,False,10,S38,True,8,1.0625,delivery,,,,,,,,,,,,,,,,,,,,,,,,,,,,,,,,,,,,,,,,,,,,,,,,,,,,
47,24,19,47,S61,False,0,13,13,0,0,0,0,0,0,[],0.0,S31,1.01,0,13,13,0.0,,-0.381664,-12.651335,-13.032999,False,False,3,D0,True,0,0.301,do_nothing,,,,,,,,,,,,,,,,,,,,,,,,,,,,,,,,,,,,,,,,,,,,,,,,,,,,
47,24,19,48,S31,False,0,13,13,0,7,0,0,0,0,"['B591', 'B373', 'B698', 'B567', 'B181', 'B328', 'B186']",3.5,D0,1.48,7,13,20,0.0,,-0.401385,-12.833382,-13.234767,False,False,2,D0,False,1,0.2179,pickup,,,,,,,,,,,,,,,,,,,,,,,,,,,,,,,,,,,,,,,,,,,,,,,,,,,,
47,24,19,53,D0,True,7,13,20,0,0,0,0,13,8,"['B131', 'B711', 'B480', 'B753', 'B767', 'B5', 'B750', 'B138', 'B263', 'B195', 'B326', 'B570', 'B193', 'B692', 'B458', 'B640', 'B668', 'B544', 'B27', 'B696', 'B127']",10.5,D0,0.0,15,0,15,0.0,,-0.372313,-12.735484,-13.107797,True,True,1,D0,False,0,0.1212,do_nothing,,,,,,,,,,,,,,,,,,,,,,,,,,,,,,,,,,,,,,,,,,,,,,,,,,,,
47,25,6,3,D0,True,15,0,15,0,0,0,0,0,0,[],0.0,S40,0.66,15,0,15,0.0,,-2.744155,-13.801649,-16.545804,True,True,5,S40,False,1,0.4201,depot_passthrough,,,,,,,,,,,,,,,,,,,,,,,,,,,,,,,,,,,,,,,,,,,,,,,,,,,,
47,25,6,19,S40,False,15,0,15,14,0,0,0,0,0,"['B591', 'B373', 'B698', 'B567', 'B181', 'B328', 'B186', 'B131', 'B711', 'B480', 'B753', 'B767', 'B5', 'B750']",7.0,S37,3.31,1,0,1,0.0,,-2.491232,-13.923954,-16.415185,False,False,18,S60,True,6,1.8621,delivery,,,,,,,,,,,,,,,,,,,,,,,,,,,,,,,,,,,,,,,,,,,,,,,,,,,,
47,25,6,29,S37,False,1,0,1,0,19,0,0,0,0,"['B451', 'B623', 'B340', 'B234', 'B113', 'B582', 'B245', 'B649', 'B499', 'B492', 'B454', 'B563', 'B742', 'B344', 'B86', 'B225', 'B619', 'B352', 'B260']",9.5,S51,4.67,20,0,20,0.0,,-2.361776,-13.82439,-16.186166,False,False,12,S48,True,6,1.4241,pickup,,,,,,,,,,,,,,,,,,,,,,,,,,,,,,,,,,,,,,,,,,,,,,,,,,,,
47,25,6,43,S51,False,20,0,20,18,0,1,0,0,0,"['B138', 'B451', 'B623', 'B340', 'B234', 'B113', 'B582', 'B245', 'B649', 'B499', 'B492', 'B454', 'B563', 'B742', 'B344', 'B86', 'B225', 'B619']",12.0,S54,6.18,2,0,2,0.0,,-2.088854,-13.626554,-15.715408,True,True,36,S15,True,18,4.2254,delivery+onsite,,,,,,,,,,,,,,,,,,,,,,,,,,,,,,,,,,,,,,,,,,,,,,,,,,,,
47,25,7,2,S54,False,2,0,2,0,15,0,0,0,0,"['B275', 'B379', 'B150', 'B673', 'B532', 'B154', 'B467', 'B500', 'B12', 'B212', 'B419', 'B123', 'B242', 'B639', 'B435']",7.5,S12,8.01,17,0,17,0.0,,-1.517755,-13.533984,-15.05174,False,False,18,S15,True,9,2.2116,pickup,,,,,,,,,,,,,,,,,,,,,,,,,,,,,,,,,,,,,,,,,,,,,,,,,,,,
47,25,7,17,S12,False,17,0,17,16,0,0,0,0,0,"['B352', 'B260', 'B275', 'B379', 'B150', 'B673', 'B532', 'B154', 'B467', 'B500', 'B12', 'B212', 'B419', 'B123', 'B242', 'B639']",8.0,S52,6.66,1,0,1,0.0,,-1.231214,-13.456895,-14.688109,False,False,18,S52,False,7,2.4153,delivery,,,,,,,,,,,,,,,,,,,,,,,,,,,,,,,,,,,,,,,,,,,,,,,,,,,,
47,25,7,32,S52,False,1,0,1,0,10,0,1,0,0,"['B180', 'B616', 'B177', 'B687', 'B24', 'B583', 'B202', 'B453', 'B597', 'B596', 'B96']",5.5,S62,1.55,11,1,12,0.0,,-1.202652,-13.713678,-14.916329,True,True,36,S60,True,31,3.6818,pickup+depot_removal,,,,,,,,,,,,,,,,,,,,,,,,,,,,,,,,,,,,,,,,,,,,,,,,,,,,
47,25,7,39,S62,False,11,1,12,11,0,0,0,0,0,"['B435', 'B180', 'B616', 'B177', 'B687', 'B24', 'B583', 'B202', 'B453', 'B597', 'B596']",5.5,S60,3.68,0,1,1,0.0,,-0.809455,-13.560469,-14.369924,False,False,12,S60,False,6,1.2813,delivery,,,,,,,,,,,,,,,,,,,,,,,,,,,,,,,,,,,,,,,,,,,,,,,,,,,,
47,25,7,48,S60,False,0,1,1,0,16,0,0,0,0,"['B550', 'B120', 'B561', 'B38', 'B735', 'B547', 'B715', 'B48', 'B755', 'B576', 'B158', 'B51', 'B760', 'B42', 'B342', 'B10']",8.0,S15,4.42,16,1,17,0.0,,-1.165822,-13.613128,-14.77895,False,False,18,S39,True,10,2.5597,pickup,,,,,,,,,,,,,,,,,,,,,,,,,,,,,,,,,,,,,,,,,,,,,,,,,,,,
47,25,8,0,S15,False,16,1,17,16,0,0,0,0,0,"['B550', 'B120', 'B561', 'B38', 'B735', 'B547', 'B715', 'B48', 'B755', 'B576', 'B158', 'B51', 'B760', 'B42', 'B342', 'B10']",8.0,S61,3.33,0,1,1,0.0,,-1.150148,-13.604978,-14.755125,False,False,12,S56,True,9,1.4275,delivery,,,,,,,,,,,,,,,,,,,,,,,,,,,,,,,,,,,,,,,,,,,,,,,,,,,,
47,25,8,12,S61,False,0,1,1,0,8,0,0,0,0,"['B394', 'B664', 'B615', 'B518', 'B300', 'B429', 'B688', 'B459']",4.0,S40,2.69,8,1,9,0.0,,-0.969377,-13.426671,-14.396048,False,False,18,S40,False,8,2.0181,pickup,,,,,,,,,,,,,,,,,,,,,,,,,,,,,,,,,,,,,,,,,,,,,,,,,,,,
47,25,8,18,S40,False,8,1,9,0,11,0,0,0,0,"['B567', 'B181', 'B328', 'B186', 'B131', 'B711', 'B480', 'B753', 'B767', 'B5', 'B750']",5.5,S26,5.09,19,1,20,0.0,,-1.303492,-13.451494,-14.754986,False,False,12,S66,True,6,1.4739,pickup,,,,,,,,,,,,,,,,,,,,,,,,,,,,,,,,,,,,,,,,,,,,,,,,,,,,
47,25,8,29,S26,False,19,1,20,19,0,0,0,0,0,"['B394', 'B664', 'B615', 'B518', 'B300', 'B429', 'B688', 'B459', 'B567', 'B181', 'B328', 'B186', 'B131', 'B711', 'B480', 'B753', 'B767', 'B5', 'B750']",9.5,S55,6.67,0,1,1,0.0,,-0.974985,-13.277081,-14.252066,False,False,12,S59,True,10,1.6331,delivery,,,,,,,,,,,,,,,,,,,,,,,,,,,,,,,,,,,,,,,,,,,,,,,,,,,,
47,25,8,45,S55,False,0,1,1,0,15,1,0,0,0,"['B569', 'B315', 'B33', 'B105', 'B465', 'B324', 'B522', 'B764', 'B272', 'B325', 'B129', 'B360', 'B665', 'B573', 'B398']",10.5,S43,4.24,15,1,16,0.0,,-0.690714,-13.068976,-13.75969,True,True,36,S1,True,18,6.0429,pickup+onsite,,,,,,,,,,,,,,,,,,,,,,,,,,,,,,,,,,,,,,,,,,,,,,,,,,,,
47,25,9,0,S43,False,15,1,16,15,0,1,0,0,0,"['B569', 'B315', 'B33', 'B105', 'B465', 'B324', 'B522', 'B764', 'B272', 'B325', 'B129', 'B360', 'B665', 'B573', 'B398']",10.5,S39,4.89,0,1,1,0.0,,-0.740648,-12.938005,-13.678653,True,True,24,S11,True,18,3.7321,delivery+onsite,,,,,,,,,,,,,,,,,,,,,,,,,,,,,,,,,,,,,,,,,,,,,,,,,,,,
47,25,9,15,S39,False,0,1,1,0,19,0,0,0,0,"['B389', 'B204', 'B194', 'B691', 'B216', 'B288', 'B16', 'B61', 'B119', 'B268', 'B98', 'B41', 'B60', 'B659', 'B622', 'B232', 'B744', 'B672', 'B59']",9.5,S65,5.08,19,1,20,0.0,,-0.683554,-12.976365,-13.659919,False,False,12,S65,False,6,1.7632,pickup,,,,,,,,,,,,,,,,,,,,,,,,,,,,,,,,,,,,,,,,,,,,,,,,,,,,
47,25,9,30,S65,False,19,1,20,13,0,0,1,0,0,"['B215', 'B389', 'B204', 'B194', 'B691', 'B216', 'B288', 'B16', 'B61', 'B119', 'B268', 'B98', 'B41', 'B60']",7.0,S27,3.94,6,2,8,0.0,,-0.360825,-13.196761,-13.557586,True,True,30,S0,True,26,4.1356,delivery+depot_removal,,,,,,,,,,,,,,,,,,,,,,,,,,,,,,,,,,,,,,,,,,,,,,,,,,,,
47,25,9,41,S27,False,6,2,8,6,0,0,0,0,0,"['B659', 'B622', 'B232', 'B744', 'B672', 'B59']",3.0,S35,6.86,0,2,2,0.0,,-0.497851,-13.159011,-13.656862,False,False,12,S11,True,9,1.793,delivery,,,,,,,,,,,,,,,,,,,,,,,,,,,,,,,,,,,,,,,,,,,,,,,,,,,,
47,25,9,51,S35,False,0,2,2,0,10,1,0,0,0,"['B276', 'B374', 'B18', 'B22', 'B257', 'B736', 'B70', 'B28', 'B413', 'B167']",8.0,S46,5.93,10,2,12,0.0,,-0.675017,-13.181743,-13.85676,True,True,36,S0,True,32,6.0924,pickup+onsite,,,,,,,,,,,,,,,,,,,,,,,,,,,,,,,,,,,,,,,,,,,,,,,,,,,,
47,25,10,5,S46,False,10,2,12,10,0,0,2,0,0,"['B175', 'B137', 'B276', 'B374', 'B18', 'B22', 'B257', 'B736', 'B70', 'B28', 'B413', 'B167']",6.0,S32,2.16,0,4,4,0.0,,-0.593564,-13.283014,-13.876578,True,True,36,S42,True,30,5.2351,delivery+depot_removal,,,,,,,,,,,,,,,,,,,,,,,,,,,,,,,,,,,,,,,,,,,,,,,,,,,,
47,25,10,13,S32,False,0,4,4,0,10,3,0,0,0,"['B395', 'B368', 'B683', 'B756', 'B628', 'B170', 'B392', 'B265', 'B144', 'B25']",14.0,S36,2.69,10,4,14,0.0,,-0.528809,-13.231711,-13.760521,True,True,72,S31,True,70,8.8969,pickup+onsite,,,,,,,,,,,,,,,,,,,,,,,,,,,,,,,,,,,,,,,,,,,,,,,,,,,,
47,25,10,30,S36,False,10,4,14,10,0,0,0,0,0,"['B395', 'B368', 'B683', 'B756', 'B628', 'B170', 'B392', 'B265', 'B144', 'B25']",5.0,S31,7.34,0,4,4,0.0,,-0.585971,-13.254287,-13.840258,False,False,18,S7,True,12,2.384,delivery,,,,,,,,,,,,,,,,,,,,,,,,,,,,,,,,,,,,,,,,,,,,,,,,,,,,
47,25,10,42,S31,False,0,4,4,0,16,0,0,0,0,"['B130', 'B92', 'B401', 'B388', 'B112', 'B697', 'B589', 'B533', 'B339', 'B36', 'B713', 'B383', 'B37', 'B611', 'B434', 'B486']",8.0,S22,4.51,16,4,20,0.0,,-0.564571,-13.481643,-14.046213,False,False,18,S42,True,6,2.3912,pickup,,,,,,,,,,,,,,,,,,,,,,,,,,,,,,,,,,,,,,,,,,,,,,,,,,,,
47,25,10,54,S22,False,16,4,20,15,0,0,0,0,0,"['B130', 'B92', 'B401', 'B388', 'B112', 'B697', 'B589', 'B533', 'B339', 'B36', 'B713', 'B383', 'B37', 'B611', 'B434']",7.5,S6,5.96,1,4,5,0.0,,-0.840865,-13.429753,-14.270618,False,False,18,S7,True,14,2.0554,delivery,,,,,,,,,,,,,,,,,,,,,,,,,,,,,,,,,,,,,,,,,,,,,,,,,,,,
47,25,11,8,S6,False,1,4,5,0,15,0,0,0,0,"['B142', 'B246', 'B629', 'B599', 'B124', 'B94', 'B511', 'B31', 'B663', 'B267', 'B472', 'B621', 'B88', 'B378', 'B523']",7.5,S7,5.87,16,4,20,0.0,,-0.516847,-13.529942,-14.046789,True,False,18,S24,True,13,1.8343,pickup,,,,,,,,,,,,,,,,,,,,,,,,,,,,,,,,,,,,,,,,,,,,,,,,,,,,
47,25,11,21,S7,False,16,4,20,0,0,0,0,0,0,[],0.0,S54,11.95,16,4,20,0.0,,-0.739462,-13.646323,-14.385785,False,False,18,S24,True,1,2.4651,do_nothing,,,,,,,,,,,,,,,,,,,,,,,,,,,,,,,,,,,,,,,,,,,,,,,,,,,,
47,25,11,33,S54,False,16,4,20,16,0,0,0,0,0,"['B486', 'B142', 'B246', 'B629', 'B599', 'B124', 'B94', 'B511', 'B31', 'B663', 'B267', 'B472', 'B621', 'B88', 'B378', 'B523']",8.0,S61,4.83,0,4,4,0.0,,-0.770024,-13.775648,-14.545672,False,False,12,S24,True,8,1.7647,delivery,,,,,,,,,,,,,,,,,,,,,,,,,,,,,,,,,,,,,,,,,,,,,,,,,,,,
47,25,11,46,S61,False,0,4,4,0,0,0,0,0,0,[],0.0,S37,2.04,0,4,4,0.0,,-0.902346,-13.809474,-14.71182,False,False,18,S37,True,0,1.9637,do_nothing,,,,,,,,,,,,,,,,,,,,,,,,,,,,,,,,,,,,,,,,,,,,,,,,,,,,
47,25,11,48,S37,False,0,4,4,0,16,0,0,0,0,"['B725', 'B77', 'B467', 'B107', 'B735', 'B644', 'B473', 'B500', 'B317', 'B212', 'B554', 'B80', 'B14', 'B569', 'B709', 'B562']",8.0,S63,1.78,16,4,20,0.0,,-0.805016,-13.758678,-14.563694,False,False,12,S63,False,6,1.3893,pickup,,,,,,,,,,,,,,,,,,,,,,,,,,,,,,,,,,,,,,,,,,,,,,,,,,,,
47,25,11,58,S63,False,16,4,20,16,0,0,0,0,0,"['B725', 'B77', 'B467', 'B107', 'B735', 'B644', 'B473', 'B500', 'B317', 'B212', 'B554', 'B80', 'B14', 'B569', 'B709', 'B562']",8.0,S61,3.24,0,4,4,0.0,,-1.265072,-13.815465,-15.080537,False,False,18,S24,True,9,1.9214,delivery,,,,,,,,,,,,,,,,,,,,,,,,,,,,,,,,,,,,,,,,,,,,,,,,,,,,
47,25,12,9,S61,False,0,4,4,0,8,0,0,0,0,"['B355', 'B662', 'B689', 'B57', 'B238', 'B441', 'B479', 'B606']",4.0,S46,4.04,8,4,12,0.0,,-1.137434,-13.896029,-15.033464,False,False,18,S41,True,6,2.9001,pickup,,,,,,,,,,,,,,,,,,,,,,,,,,,,,,,,,,,,,,,,,,,,,,,,,,,,
47,25,12,17,S46,False,8,4,12,8,0,0,0,0,0,"['B355', 'B662', 'B689', 'B57', 'B238', 'B441', 'B479', 'B606']",4.0,S51,3.14,0,4,4,0.0,,-1.090751,-13.805091,-14.895842,False,False,12,S32,True,6,1.8802,delivery,,,,,,,,,,,,,,,,,,,,,,,,,,,,,,,,,,,,,,,,,,,,,,,,,,,,
47,25,12,24,S51,False,0,4,4,0,12,0,0,0,0,"['B244', 'B645', 'B354', 'B189', 'B235', 'B190', 'B484', 'B641', 'B591', 'B34', 'B161', 'B145']",6.0,S29,7.57,12,4,16,0.0,,-1.031418,-13.779868,-14.811286,False,False,18,S41,True,6,2.7378,pickup,,,,,,,,,,,,,,,,,,,,,,,,,,,,,,,,,,,,,,,,,,,,,,,,,,,,
47,25,12,38,S29,False,12,4,16,12,0,0,0,0,0,"['B244', 'B645', 'B354', 'B189', 'B235', 'B190', 'B484', 'B641', 'B591', 'B34', 'B161', 'B145']",6.0,S42,3.12,0,4,4,0.0,,-1.551379,-13.61565,-15.16703,False,False,12,S42,False,6,1.7632,delivery,,,,,,,,,,,,,,,,,,,,,,,,,,,,,,,,,,,,,,,,,,,,,,,,,,,,
47,25,12,47,S42,False,0,4,4,0,11,0,0,0,0,"['B503', 'B598', 'B461', 'B470', 'B101', 'B278', 'B563', 'B270', 'B334', 'B577', 'B163']",5.5,S54,4.21,11,4,15,0.0,,-1.482402,-13.716894,-15.199296,False,False,18,S41,True,12,2.8851,pickup,,,,,,,,,,,,,,,,,,,,,,,,,,,,,,,,,,,,,,,,,,,,,,,,,,,,
47,25,12,57,S54,False,11,4,15,11,0,0,0,0,0,"['B503', 'B598', 'B461', 'B470', 'B101', 'B278', 'B563', 'B270', 'B334', 'B577', 'B163']",5.5,S30,7.41,0,4,4,0.0,,-1.540883,-13.658001,-15.198883,False,False,12,S30,False,9,2.0759,delivery,,,,,,,,,,,,,,,,,,,,,,,,,,,,,,,,,,,,,,,,,,,,,,,,,,,,
47,25,13,10,S30,False,0,4,4,0,10,0,0,0,0,"['B531', 'B493', 'B138', 'B422', 'B69', 'B247', 'B492', 'B143', 'B679', 'B637']",5.0,S66,1.88,10,4,14,0.0,,-1.383609,-13.572665,-14.956274,False,False,18,S41,True,14,2.6822,pickup,,,,,,,,,,,,,,,,,,,,,,,,,,,,,,,,,,,,,,,,,,,,,,,,,,,,
47,25,13,16,S66,False,10,4,14,0,6,0,0,0,0,"['B260', 'B187', 'B728', 'B624', 'B567', 'B246']",3.0,S24,6.55,16,4,20,0.0,,-1.082563,-13.43287,-14.515433,False,False,12,S23,True,6,1.337,pickup,,,,,,,,,,,,,,,,,,,,,,,,,,,,,,,,,,,,,,,,,,,,,,,,,,,,
47,25,13,26,S24,False,16,4,20,16,0,0,0,0,0,"['B531', 'B493', 'B138', 'B422', 'B69', 'B247', 'B492', 'B143', 'B679', 'B637', 'B260', 'B187', 'B728', 'B624', 'B567', 'B246']",8.0,S41,7.02,0,4,4,0.0,,-1.144178,-13.339749,-14.483928,False,False,12,S20,True,7,1.88,delivery,,,,,,,,,,,,,,,,,,,,,,,,,,,,,,,,,,,,,,,,,,,,,,,,,,,,
47,25,13,41,S41,False,0,4,4,0,13,1,1,0,0,"['B288', 'B237', 'B486', 'B94', 'B151', 'B418', 'B29', 'B682', 'B130', 'B41', 'B213', 'B283', 'B467', 'B47']",10.0,S39,3.32,13,5,18,0.0,,-1.722456,-13.15054,-14.872996,True,True,72,S63,True,42,8.3197,pickup+maintenance,,,,,,,,,,,,,,,,,,,,,,,,,,,,,,,,,,,,,,,,,,,,,,,,,,,,
47,25,13,54,S39,False,13,5,18,13,0,0,0,0,0,"['B288', 'B237', 'B486', 'B94', 'B151', 'B418', 'B29', 'B682', 'B130', 'B41', 'B213', 'B283', 'B467']",6.5,S20,9.4,0,5,5,0.0,,-1.925008,-13.332086,-15.257093,False,False,12,S20,False,7,1.4743,delivery,,,,,,,,,,,,,,,,,,,,,,,,,,,,,,,,,,,,,,,,,,,,,,,,,,,,
47,25,14,10,S20,False,0,5,5,0,12,0,0,0,0,"['B264', 'B199', 'B620', 'B527', 'B370', 'B1', 'B526', 'B455', 'B74', 'B78', 'B181', 'B242']",6.0,S29,12.12,12,5,17,0.0,,-2.182738,-13.503697,-15.686435,False,False,18,S22,True,7,2.0975,pickup,,,,,,,,,,,,,,,,,,,,,,,,,,,,,,,,,,,,,,,,,,,,,,,,,,,,
47,25,14,28,S29,False,12,5,17,12,0,0,0,0,0,"['B264', 'B199', 'B620', 'B527', 'B370', 'B1', 'B526', 'B455', 'B74', 'B78', 'B181', 'B242']",6.0,S22,10.18,0,5,5,0.0,,-1.537304,-13.238549,-14.775853,False,False,12,S22,False,6,1.2517,delivery,,,,,,,,,,,,,,,,,,,,,,,,,,,,,,,,,,,,,,,,,,,,,,,,,,,,
47,25,14,44,S22,False,0,5,5,0,15,0,0,0,0,"['B589', 'B533', 'B339', 'B36', 'B713', 'B383', 'B37', 'B611', 'B434', 'B149', 'B268', 'B83', 'B623', 'B539', 'B75']",7.5,S26,7.39,15,5,20,0.0,,-1.506901,-13.273897,-14.780798,False,False,12,S26,False,6,1.4966,pickup,,,,,,,,,,,,,,,,,,,,,,,,,,,,,,,,,,,,,,,,,,,,,,,,,,,,
47,25,14,59,S26,False,15,5,20,15,0,0,0,0,0,"['B589', 'B533', 'B339', 'B36', 'B713', 'B383', 'B37', 'B611', 'B434', 'B149', 'B268', 'B83', 'B623', 'B539', 'B75']",7.5,S65,6.43,0,5,5,0.0,,-1.428992,-13.465977,-14.894969,False,False,12,S17,True,6,1.6452,delivery,,,,,,,,,,,,,,,,,,,,,,,,,,,,,,,,,,,,,,,,,,,,,,,,,,,,
47,25,15,13,S65,False,0,5,5,0,15,0,0,0,0,"['B683', 'B508', 'B298', 'B586', 'B670', 'B180', 'B399', 'B580', 'B147', 'B504', 'B655', 'B97', 'B513', 'B490', 'B237']",7.5,S23,2.48,15,5,20,0.0,,-0.928764,-13.323558,-14.252322,False,False,12,S18,True,8,2.0389,pickup,,,,,,,,,,,,,,,,,,,,,,,,,,,,,,,,,,,,,,,,,,,,,,,,,,,,
47,25,15,23,S23,False,15,5,20,9,0,0,1,0,0,"['B251', 'B683', 'B508', 'B298', 'B586', 'B670', 'B180', 'B399', 'B580', 'B147']",5.0,S17,9.74,6,6,12,0.0,,-0.684174,-13.072603,-13.756776,True,True,30,S17,False,13,3.5012,delivery+depot_removal,,,,,,,,,,,,,,,,,,,,,,,,,,,,,,,,,,,,,,,,,,,,,,,,,,,,
47,25,15,38,S17,False,6,6,12,6,0,0,0,0,0,"['B504', 'B655', 'B97', 'B513', 'B490', 'B237']",3.0,S13,11.4,0,6,6,0.0,,-0.792486,-12.935419,-13.727905,False,False,12,S32,True,10,1.5911,delivery,,,,,,,,,,,,,,,,,,,,,,,,,,,,,,,,,,,,,,,,,,,,,,,,,,,,
47,25,15,52,S13,False,0,6,6,0,11,0,1,0,0,"['B425', 'B0', 'B525', 'B656', 'B65', 'B658', 'B316', 'B117', 'B578', 'B344', 'B627', 'B72']",6.0,S21,20.39,11,7,18,0.0,,-0.932341,-12.876422,-13.808763,True,True,30,S43,True,27,4.6791,pickup+depot_removal,,,,,,,,,,,,,,,,,,,,,,,,,,,,,,,,,,,,,,,,,,,,,,,,,,,,
47,25,16,19,S21,False,11,7,18,5,0,1,1,0,0,"['B722', 'B425', 'B0', 'B525', 'B656', 'B65']",6.0,S32,8.36,6,8,14,0.0,,-0.665252,-12.764649,-13.429901,True,True,72,S52,True,44,11.1663,delivery+maintenance,,,,,,,,,,,,,,,,,,,,,,,,,,,,,,,,,,,,,,,,,,,,,,,,,,,,
47,25,16,33,S32,False,6,8,14,0,6,0,0,0,0,"['B7', 'B643', 'B691', 'B322', 'B239', 'B466']",3.0,S46,2.16,12,8,20,0.0,,-0.800369,-12.620582,-13.420951,False,False,12,S19,True,10,1.3401,pickup,,,,,,,,,,,,,,,,,,,,,,,,,,,,,,,,,,,,,,,,,,,,,,,,,,,,
47,25,16,38,S46,False,12,8,20,10,0,0,0,0,0,"['B658', 'B316', 'B117', 'B578', 'B344', 'B627', 'B7', 'B643', 'B691', 'B322']",5.0,S52,2.06,2,8,10,0.0,,-0.872762,-12.647712,-13.520475,False,False,18,S52,False,6,2.7648,delivery,,,,,,,,,,,,,,,,,,,,,,,,,,,,,,,,,,,,,,,,,,,,,,,,,,,,
47,25,16,45,S52,False,2,8,10,2,0,1,0,0,0,"['B239', 'B466']",4.0,S61,2.0,0,8,8,0.0,,-0.48724,-12.651471,-13.138712,True,True,24,S61,False,19,4.2081,delivery+onsite,,,,,,,,,,,,,,,,,,,,,,,,,,,,,,,,,,,,,,,,,,,,,,,,,,,,
47,25,16,51,S61,False,0,8,8,0,12,0,0,0,0,"['B141', 'B398', 'B436', 'B216', 'B107', 'B340', 'B660', 'B361', 'B397', 'B351', 'B573', 'B243']",6.0,S52,2.0,12,8,20,0.0,,-0.35066,-12.482001,-12.832661,False,False,18,S52,True,6,3.1453,pickup,,,,,,,,,,,,,,,,,,,,,,,,,,,,,,,,,,,,,,,,,,,,,,,,,,,,
47,25,16,59,S52,False,12,8,20,12,0,0,0,0,0,"['B141', 'B398', 'B436', 'B216', 'B107', 'B340', 'B660', 'B361', 'B397', 'B351', 'B573', 'B243']",6.0,S30,4.89,0,8,8,0.0,,-0.382164,-12.578842,-12.961006,False,False,12,S43,True,9,2.3337,delivery,,,,,,,,,,,,,,,,,,,,,,,,,,,,,,,,,,,,,,,,,,,,,,,,,,,,
47,25,17,10,S30,False,0,8,8,0,8,0,0,0,0,"['B118', 'B110', 'B710', 'B566', 'B505', 'B332', 'B178', 'B301']",4.0,S16,5.83,8,8,16,0.0,,-0.481291,-12.577812,-13.059104,False,False,18,S43,True,7,2.0286,pickup,,,,,,,,,,,,,,,,,,,,,,,,,,,,,,,,,,,,,,,,,,,,,,,,,,,,
47,25,17,20,S16,False,8,8,16,8,0,0,1,0,0,"['B286', 'B118', 'B110', 'B710', 'B566', 'B505', 'B332', 'B178', 'B301']",4.5,S43,0.58,0,9,9,0.0,,-0.322935,-12.502664,-12.825599,True,True,24,S43,False,18,2.4452,delivery+depot_removal,,,,,,,,,,,,,,,,,,,,,,,,,,,,,,,,,,,,,,,,,,,,,,,,,,,,
47,25,17,25,S43,False,0,9,9,0,11,0,0,0,0,"['B113', 'B509', 'B496', 'B218', 'B676', 'B413', 'B647', 'B270', 'B259', 'B471', 'B162']",5.5,S51,3.12,11,9,20,0.0,,-0.332851,-12.487665,-12.820515,False,False,12,S2,True,10,1.343,pickup,,,,,,,,,,,,,,,,,,,,,,,,,,,,,,,,,,,,,,,,,,,,,,,,,,,,
47,25,17,34,S51,False,11,9,20,10,0,0,1,0,0,"['B380', 'B113', 'B509', 'B496', 'B218', 'B676', 'B413', 'B647', 'B270', 'B259', 'B471']",5.5,S19,1.21,1,10,11,0.0,,-0.243867,-12.513543,-12.757411,True,True,30,S2,True,12,3.3723,delivery+depot_removal,,,,,,,,,,,,,,,,,,,,,,,,,,,,,,,,,,,,,,,,,,,,,,,,,,,,
47,25,17,41,S19,False,1,10,11,1,0,0,0,0,0,['B162'],0.5,S25,18.69,0,10,10,0.0,,-0.254177,-12.51996,-12.774136,False,False,12,S25,False,7,1.5518,delivery,,,,,,,,,,,,,,,,,,,,,,,,,,,,,,,,,,,,,,,,,,,,,,,,,,,,
47,25,18,0,S25,False,0,10,10,0,10,0,0,0,0,"['B367', 'B740', 'B534', 'B700', 'B24', 'B429', 'B63', 'B494', 'B86', 'B197']",5.0,S62,12.56,10,10,20,0.0,,-0.214109,-12.415128,-12.629237,True,False,30,S1,True,25,5.3588,pickup,,,,,,,,,,,,,,,,,,,,,,,,,,,,,,,,,,,,,,,,,,,,,,,,,,,,
47,25,18,17,S62,False,10,10,20,10,0,2,0,0,0,"['B367', 'B740', 'B534', 'B700', 'B24', 'B429', 'B63', 'B494', 'B86', 'B197']",11.0,S44,2.2,0,10,10,0.0,,-0.11787,-12.45306,-12.57093,True,True,36,S44,False,30,4.051,delivery+onsite,,,,,,,,,,,,,,,,,,,,,,,,,,,,,,,,,,,,,,,,,,,,,,,,,,,,
47,25,18,30,S44,False,0,10,10,0,10,0,0,0,0,"['B406', 'B648', 'B150', 'B393', 'B6', 'B639', 'B324', 'B446', 'B510', 'B508']",5.0,S19,4.96,10,10,20,0.0,,-0.07748,-12.810384,-12.887864,False,False,12,S53,True,10,1.4091,pickup,,,,,,,,,,,,,,,,,,,,,,,,,,,,,,,,,,,,,,,,,,,,,,,,,,,,
47,25,18,40,S19,False,10,10,20,7,0,0,0,0,0,"['B406', 'B648', 'B150', 'B393', 'B6', 'B639', 'B324']",3.5,S48,0.52,3,10,13,0.0,,-0.09691,-12.709009,-12.805919,False,False,18,S14,True,12,2.2868,delivery,,,,,,,,,,,,,,,,,,,,,,,,,,,,,,,,,,,,,,,,,,,,,,,,,,,,
47,25,18,44,S48,False,3,10,13,3,0,0,0,0,0,"['B446', 'B510', 'B508']",1.5,S59,6.45,0,10,10,0.0,,-0.077337,-12.656166,-12.733503,False,False,12,S1,True,6,1.3041,delivery,,,,,,,,,,,,,,,,,,,,,,,,,,,,,,,,,,,,,,,,,,,,,,,,,,,,
47,25,18,52,S59,False,0,10,10,0,10,1,0,0,0,"['B528', 'B174', 'B712', 'B250', 'B43', 'B732', 'B602', 'B759', 'B369', 'B123']",8.0,S27,4.6,10,10,20,0.0,,-0.058127,-12.601048,-12.659175,True,True,24,S1,True,21,2.4141,pickup+onsite,,,,,,,,,,,,,,,,,,,,,,,,,,,,,,,,,,,,,,,,,,,,,,,,,,,,
47,25,19,5,S27,False,10,10,20,10,0,0,0,0,0,"['B528', 'B174', 'B712', 'B250', 'B43', 'B732', 'B602', 'B759', 'B369', 'B123']",5.0,S1,7.34,0,10,10,0.0,,-0.077582,-12.481223,-12.558806,False,False,18,S33,True,6,2.8003,delivery,,,,,,,,,,,,,,,,,,,,,,,,,,,,,,,,,,,,,,,,,,,,,,,,,,,,
47,25,19,17,S1,False,0,10,10,0,10,0,0,0,0,"['B489', 'B279', 'B427', 'B211', 'B293', 'B587', 'B116', 'B657', 'B157', 'B210']",5.0,S57,0.66,10,10,20,0.0,,-0.038531,-12.431587,-12.470117,False,False,12,S57,False,6,1.9317,pickup,,,,,,,,,,,,,,,,,,,,,,,,,,,,,,,,,,,,,,,,,,,,,,,,,,,,
47,25,19,23,S57,False,10,10,20,4,0,1,1,0,0,"['B549', 'B489', 'B279', 'B427', 'B211']",5.5,S18,8.45,6,11,17,0.0,,-0.058154,-12.39493,-12.453084,True,True,60,S53,True,33,7.1219,delivery+maintenance,,,,,,,,,,,,,,,,,,,,,,,,,,,,,,,,,,,,,,,,,,,,,,,,,,,,
47,25,19,37,S18,False,6,11,17,6,0,0,1,0,0,"['B318', 'B293', 'B587', 'B116', 'B657', 'B157', 'B210']",3.5,S54,5.81,0,12,12,0.0,,-0.204562,-12.185317,-12.389879,True,True,22,S54,False,20,2.1799,delivery+depot_removal,,,,,,,,,,,,,,,,,,,,,,,,,,,,,,,,,,,,,,,,,,,,,,,,,,,,
47,25,19,46,S54,False,0,12,12,0,8,0,0,0,0,"['B618', 'B438', 'B563', 'B546', 'B230', 'B465', 'B445', 'B100']",4.0,D0,1.95,8,12,20,0.0,,-0.214337,-12.507267,-12.721604,False,False,2,D0,False,1,0.2173,pickup,,,,,,,,,,,,,,,,,,,,,,,,,,,,,,,,,,,,,,,,,,,,,,,,,,,,
47,25,19,52,D0,True,8,12,20,0,0,0,0,12,0,"['B96', 'B215', 'B175', 'B137', 'B47', 'B251', 'B72', 'B722', 'B286', 'B380', 'B549', 'B318']",6.0,D0,0.0,8,0,8,0.0,,-0.352349,-12.507569,-12.859918,True,True,1,D0,False,0,0.1216,do_nothing,,,,,,,,,,,,,,,,,,,,,,,,,,,,,,,,,,,,,,,,,,,,,,,,,,,,
47,26,6,13,D0,True,8,0,8,0,0,0,0,0,12,"['B263', 'B195', 'B326', 'B570', 'B193', 'B692', 'B458', 'B640', 'B668', 'B544', 'B27', 'B696']",6.0,S30,2.5,20,0,20,0.0,,-0.177189,-12.969874,-13.147063,True,True,5,S30,False,0,0.5208,load_queue,,,,,,,,,,,,,,,,,,,,,,,,,,,,,,,,,,,,,,,,,,,,,,,,,,,,
47,26,6,37,S30,False,20,0,20,10,0,0,0,0,0,"['B618', 'B438', 'B563', 'B546', 'B230', 'B465', 'B445', 'B100', 'B263', 'B195']",5.0,S65,1.33,10,0,10,0.0,,-0.196049,-13.237789,-13.433838,False,False,18,S65,False,6,2.0825,delivery,,,,,,,,,,,,,,,,,,,,,,,,,,,,,,,,,,,,,,,,,,,,,,,,,,,,
47,26,6,43,S65,False,10,0,10,10,0,0,0,0,0,"['B326', 'B570', 'B193', 'B692', 'B458', 'B640', 'B668', 'B544', 'B27', 'B696']",5.0,S31,3.2,0,0,0,0.0,,-0.262611,-13.150589,-13.4132,False,False,12,S36,True,7,1.5708,delivery,,,,,,,,,,,,,,,,,,,,,,,,,,,,,,,,,,,,,,,,,,,,,,,,,,,,
47,26,6,51,S31,False,0,0,0,0,20,1,0,0,0,"['B20', 'B109', 'B553', 'B321', 'B547', 'B34', 'B497', 'B664', 'B159', 'B709', 'B106', 'B372', 'B379', 'B670', 'B765', 'B61', 'B605', 'B296', 'B622', 'B470']",13.0,S56,7.22,20,0,20,0.0,,-0.146644,-13.051668,-13.198312,True,True,36,S56,False,30,3.796,pickup+onsite,,,,,,,,,,,,,,,,,,,,,,,,,,,,,,,,,,,,,,,,,,,,,,,,,,,,
47,26,7,11,S56,False,20,0,20,6,0,0,0,0,0,"['B20', 'B109', 'B553', 'B321', 'B547', 'B34']",3.0,S55,1.03,14,0,14,0.0,,-0.19471,-13.073164,-13.267874,False,False,18,S3,True,13,2.4709,delivery,,,,,,,,,,,,,,,,,,,,,,,,,,,,,,,,,,,,,,,,,,,,,,,,,,,,
47,26,7,15,S55,False,14,0,14,0,6,0,0,0,0,"['B498', 'B330', 'B119', 'B255', 'B726', 'B216']",3.0,S53,2.16,20,0,20,0.0,,-0.118276,-13.027928,-13.146205,True,False,18,S4,True,12,2.4607,pickup,,,,,,,,,,,,,,,,,,,,,,,,,,,,,,,,,,,,,,,,,,,,,,,,,,,,
47,26,7,21,S53,False,20,0,20,16,0,0,0,0,0,"['B497', 'B664', 'B159', 'B709', 'B106', 'B372', 'B379', 'B670', 'B765', 'B61', 'B605', 'B296', 'B622', 'B470', 'B498', 'B330']",8.0,S59,4.5,4,0,4,0.0,,-0.126342,-12.885691,-13.012033,False,False,18,S46,True,8,2.6897,delivery,,,,,,,,,,,,,,,,,,,,,,,,,,,,,,,,,,,,,,,,,,,,,,,,,,,,
47,26,7,33,S59,False,4,0,4,0,16,0,0,0,0,"['B569', 'B540', 'B766', 'B384', 'B153', 'B349', 'B29', 'B299', 'B683', 'B228', 'B81', 'B378', 'B661', 'B204', 'B51', 'B329']",8.0,S19,6.86,20,0,20,0.0,,-0.154815,-12.550443,-12.705258,False,False,12,S19,False,8,1.4627,pickup,,,,,,,,,,,,,,,,,,,,,,,,,,,,,,,,,,,,,,,,,,,,,,,,,,,,
47,26,7,48,S19,False,20,0,20,7,0,0,0,0,0,"['B119', 'B255', 'B726', 'B216', 'B569', 'B540', 'B766']",3.5,S44,4.96,13,0,13,0.0,,-0.087045,-12.630107,-12.717152,False,False,18,S22,True,12,1.9531,delivery,,,,,,,,,,,,,,,,,,,,,,,,,,,,,,,,,,,,,,,,,,,,,,,,,,,,
47,26,7,56,S44,False,13,0,13,0,7,0,0,0,0,"['B290', 'B11', 'B207', 'B395', 'B654', 'B266', 'B341']",3.5,S22,8.22,20,0,20,0.0,,-0.077824,-12.545105,-12.622929,False,False,12,S22,False,6,1.4823,pickup,,,,,,,,,,,,,,,,,,,,,,,,,,,,,,,,,,,,,,,,,,,,,,,,,,,,
47,26,8,8,S22,False,20,0,20,12,0,0,0,0,0,"['B384', 'B153', 'B349', 'B29', 'B299', 'B683', 'B228', 'B81', 'B378', 'B661', 'B204', 'B51']",6.0,S2,1.21,8,0,8,0.0,,-0.251895,-12.710786,-12.962682,False,False,18,S2,False,6,1.9336,delivery,,,,,,,,,,,,,,,,,,,,,,,,,,,,,,,,,,,,,,,,,,,,,,,,,,,,
47,26,8,15,S2,False,8,0,8,8,0,0,0,0,0,"['B329', 'B290', 'B11', 'B207', 'B395', 'B654', 'B266', 'B341']",4.0,S35,11.13,0,0,0,0.0,,-0.12632,-12.632007,-12.758327,False,False,12,S11,True,9,1.4428,delivery,,,,,,,,,,,,,,,,,,,,,,,,,,,,,,,,,,,,,,,,,,,,,,,,,,,,
47,26,8,31,S35,False,0,0,0,0,12,0,1,0,0,"['B562', 'B200', 'B699', 'B101', 'B642', 'B85', 'B537', 'B586', 'B336', 'B128', 'B589', 'B428', 'B67']",6.5,S11,2.71,12,1,13,0.0,,-0.2037,-12.579887,-12.783587,True,True,36,S11,False,30,3.7886,pickup+depot_removal,,,,,,,,,,,,,,,,,,,,,,,,,,,,,,,,,,,,,,,,,,,,,,,,,,,,
47,26,8,40,S11,False,12,1,13,0,7,1,0,0,0,"['B300', 'B131', 'B328', 'B169', 'B583', 'B234', 'B706']",6.5,S14,2.55,19,1,20,0.0,,-0.27122,-12.685232,-12.956452,True,True,24,S0,True,21,2.9206,pickup+onsite,,,,,,,,,,,,,,,,,,,,,,,,,,,,,,,,,,,,,,,,,,,,,,,,,,,,
47,26,8,49,S14,False,19,1,20,6,0,1,0,0,0,"['B562', 'B200', 'B699', 'B101', 'B642', 'B85']",6.0,S65,10.47,13,1,14,0.0,,-0.359819,-12.595888,-12.955706,True,True,36,S0,True,33,3.8356,delivery+onsite,,,,,,,,,,,,,,,,,,,,,,,,,,,,,,,,,,,,,,,,,,,,,,,,,,,,
47,26,9,5,S65,False,13,1,14,11,0,0,0,0,0,"['B537', 'B586', 'B336', 'B128', 'B589', 'B428', 'B300', 'B131', 'B328', 'B169', 'B583']",5.5,S60,3.09,2,1,3,0.0,,-0.310025,-12.6473,-12.957326,False,False,18,S52,True,6,2.3392,delivery,,,,,,,,,,,,,,,,,,,,,,,,,,,,,,,,,,,,,,,,,,,,,,,,,,,,
47,26,9,14,S60,False,2,1,3,0,16,0,0,0,0,"['B160', 'B739', 'B5', 'B641', 'B28', 'B588', 'B308', 'B625', 'B667', 'B767', 'B472', 'B698', 'B678', 'B103', 'B302', 'B89']",8.0,S30,1.77,18,1,19,0.0,,-0.428421,-12.727969,-13.15639,False,False,18,S52,True,8,2.3017,pickup,,,,,,,,,,,,,,,,,,,,,,,,,,,,,,,,,,,,,,,,,,,,,,,,,,,,
47,26,9,24,S30,False,18,1,19,9,0,0,0,0,0,"['B234', 'B706', 'B160', 'B739', 'B5', 'B641', 'B28', 'B588', 'B308']",4.5,S52,4.89,9,1,10,0.0,,-0.641022,-12.843102,-13.484124,False,False,18,S15,True,8,2.2194,delivery,,,,,,,,,,,,,,,,,,,,,,,,,,,,,,,,,,,,,,,,,,,,,,,,,,,,
47,26,9,33,S52,False,9,1,10,0,10,0,0,0,0,"['B76', 'B315', 'B239', 'B305', 'B412', 'B617', 'B73', 'B164', 'B284', 'B404']",5.0,S42,8.01,19,1,20,0.0,,-0.497683,-12.739716,-13.237399,False,False,12,S0,True,10,1.3072,pickup,,,,,,,,,,,,,,,,,,,,,,,,,,,,,,,,,,,,,,,,,,,,,,,,,,,,
47,26,9,46,S42,False,19,1,20,8,0,0,1,0,0,"['B502', 'B625', 'B667', 'B767', 'B472', 'B698', 'B678', 'B103', 'B302']",4.5,S0,2.26,11,2,13,0.0,,-0.653346,-12.785025,-13.438371,True,True,30,S0,False,13,3.0224,delivery+depot_removal,,,,,,,,,,,,,,,,,,,,,,,,,,,,,,,,,,,,,,,,,,,,,,,,,,,,
47,26,9,53,S0,False,11,2,13,11,0,0,0,0,0,"['B89', 'B76', 'B315', 'B239', 'B305', 'B412', 'B617', 'B73', 'B164', 'B284', 'B404']",5.5,S45,8.88,0,2,2,0.0,,-0.458516,-12.846891,-13.305407,False,False,12,S45,False,7,1.3849,delivery,,,,,,,,,,,,,,,,,,,,,,,,,,,,,,,,,,,,,,,,,,,,,,,,,,,,
47,26,10,7,S45,False,0,2,2,0,9,0,0,0,0,"['B401', 'B469', 'B417', 'B172', 'B663', 'B154', 'B359', 'B57', 'B402']",4.5,S44,1.28,9,2,11,0.0,,-0.675703,-12.900895,-13.576598,False,False,18,S44,False,12,1.795,pickup,,,,,,,,,,,,,,,,,,,,,,,,,,,,,,,,,,,,,,,,,,,,,,,,,,,,
47,26,10,13,S44,False,9,2,11,0,9,0,0,0,0,"['B753', 'B111', 'B755', 'B142', 'B303', 'B526', 'B571', 'B391', 'B256']",4.5,S35,6.81,18,2,20,0.0,,-0.282697,-12.876383,-13.15908,False,False,12,S35,False,7,1.3223,pickup,,,,,,,,,,,,,,,,,,,,,,,,,,,,,,,,,,,,,,,,,,,,,,,,,,,,
47,26,10,24,S35,False,18,2,20,14,0,0,0,0,0,"['B401', 'B469', 'B417', 'B172', 'B663', 'B154', 'B359', 'B57', 'B402', 'B753', 'B111', 'B755', 'B142', 'B303']",7.0,S63,6.66,4,2,6,0.0,,-0.530252,-12.853103,-13.383355,False,False,18,S26,True,12,1.7988,delivery,,,,,,,,,,,,,,,,,,,,,,,,,,,,,,,,,,,,,,,,,,,,,,,,,,,,
47,26,10,38,S63,False,4,2,6,0,14,0,0,0,0,"['B693', 'B521', 'B565', 'B375', 'B582', 'B282', 'B440', 'B264', 'B413', 'B662', 'B398', 'B287', 'B113', 'B509']",7.0,S32,3.1,18,2,20,0.0,,-0.579006,-12.872507,-13.451513,False,False,12,S56,True,6,1.4397,pickup,,,,,,,,,,,,,,,,,,,,,,,,,,,,,,,,,,,,,,,,,,,,,,,,,,,,
47,26,10,48,S32,False,18,2,20,15,0,0,0,0,0,"['B526', 'B571', 'B391', 'B256', 'B693', 'B521', 'B565', 'B375', 'B582', 'B282', 'B440', 'B264', 'B413', 'B662', 'B398']",7.5,S26,7.72,3,2,5,0.0,,-0.430827,-12.877411,-13.308238,False,False,18,S26,False,12,2.3487,delivery,,,,,,,,,,,,,,,,,,,,,,,,,,,,,,,,,,,,,,,,,,,,,,,,,,,,
47,26,11,3,S26,False,3,2,5,3,0,0,0,0,0,"['B287', 'B113', 'B509']",1.5,S19,12.13,0,2,2,0.0,,-0.322564,-12.734549,-13.057113,False,False,12,S3,True,9,1.446,delivery,,,,,,,,,,,,,,,,,,,,,,,,,,,,,,,,,,,,,,,,,,,,,,,,,,,,
47,26,11,17,S19,False,0,2,2,0,9,0,0,0,0,"['B569', 'B540', 'B766', 'B230', 'B20', 'B553', 'B238', 'B321', 'B235']",4.5,S15,9.58,9,2,11,0.0,,-0.321523,-12.844726,-13.166249,False,False,18,S58,True,14,2.2196,pickup,,,,,,,,,,,,,,,,,,,,,,,,,,,,,,,,,,,,,,,,,,,,,,,,,,,,
47,26,11,31,S15,False,9,2,11,9,0,0,0,0,0,"['B569', 'B540', 'B766', 'B230', 'B20', 'B553', 'B238', 'B321', 'B235']",4.5,S58,5.67,0,2,2,0.0,,-0.564623,-12.815228,-13.379851,False,False,12,S58,False,6,1.4615,delivery,,,,,,,,,,,,,,,,,,,,,,,,,,,,,,,,,,,,,,,,,,,,,,,,,,,,
47,26,11,41,S58,False,0,2,2,0,17,1,0,0,0,"['B50', 'B366', 'B503', 'B343', 'B66', 'B41', 'B132', 'B232', 'B155', 'B520', 'B191', 'B130', 'B599', 'B632', 'B126', 'B456', 'B716']",11.5,S40,4.02,17,2,19,0.0,,-0.477773,-12.97546,-13.453234,True,True,36,S53,True,33,4.4033,pickup+onsite,,,,,,,,,,,,,,,,,,,,,,,,,,,,,,,,,,,,,,,,,,,,,,,,,,,,
47,26,11,57,S40,False,17,2,19,11,0,0,0,0,0,"['B50', 'B366', 'B503', 'B343', 'B66', 'B41', 'B132', 'B232', 'B155', 'B520', 'B191']",5.5,S53,2.27,6,2,8,0.0,,-0.761456,-13.021661,-13.783116,False,False,18,S53,False,6,2.147,delivery,,,,,,,,,,,,,,,,,,,,,,,,,,,,,,,,,,,,,,,,,,,,,,,,,,,,
47,26,12,4,S53,False,6,2,8,6,0,0,0,0,0,"['B130', 'B599', 'B632', 'B126', 'B456', 'B716']",3.0,S46,0.87,0,2,2,0.0,,-0.585757,-12.988192,-13.573949,False,False,12,S37,True,6,1.415,delivery,,,,,,,,,,,,,,,,,,,,,,,,,,,,,,,,,,,,,,,,,,,,,,,,,,,,
47,26,12,8,S46,False,0,2,2,0,9,0,1,0,0,"['B136', 'B386', 'B725', 'B704', 'B441', 'B467', 'B433', 'B283', 'B446', 'B633']",5.0,S42,7.22,9,3,12,0.0,,-0.418659,-12.998813,-13.417471,True,True,36,S37,True,32,3.4695,pickup+depot_removal,,,,,,,,,,,,,,,,,,,,,,,,,,,,,,,,,,,,,,,,,,,,,,,,,,,,
47,26,12,20,S42,False,9,3,12,9,0,0,0,0,0,"['B136', 'B386', 'B725', 'B704', 'B441', 'B467', 'B433', 'B283', 'B446']",4.5,S62,6.87,0,3,3,0.0,,-0.787683,-13.156536,-13.944219,False,False,12,S52,True,8,2.0564,delivery,,,,,,,,,,,,,,,,,,,,,,,,,,,,,,,,,,,,,,,,,,,,,,,,,,,,
47,26,12,32,S62,False,0,3,3,0,9,0,0,0,0,"['B710', 'B128', 'B615', 'B171', 'B601', 'B729', 'B592', 'B233', 'B328']",4.5,S18,3.1,9,3,12,0.0,,-0.642959,-13.190194,-13.833153,False,False,18,S37,True,13,1.8759,pickup,,,,,,,,,,,,,,,,,,,,,,,,,,,,,,,,,,,,,,,,,,,,,,,,,,,,
47,26,12,39,S18,False,9,3,12,0,8,0,0,0,0,"['B157', 'B210', 'B426', 'B518', 'B604', 'B17', 'B340', 'B108']",4.0,S8,16.29,17,3,20,0.0,,-0.751369,-13.115936,-13.867305,False,False,12,S8,False,10,1.6425,pickup,,,,,,,,,,,,,,,,,,,,,,,,,,,,,,,,,,,,,,,,,,,,,,,,,,,,
47,26,13,0,S8,False,17,3,20,15,0,1,6,0,0,"['B346', 'B292', 'B30', 'B267', 'B114', 'B139', 'B710', 'B128', 'B615', 'B171', 'B601', 'B729', 'B592', 'B233', 'B328', 'B157', 'B210', 'B426', 'B518', 'B604', 'B17']",13.5,S51,14.96,2,9,11,0.0,,-0.988779,-13.29245,-14.281229,True,True,72,S26,True,68,9.0088,delivery+maintenance,,,,,,,,,,,,,,,,,,,,,,,,,,,,,,,,,,,,,,,,,,,,,,,,,,,,
47,26,13,28,S51,False,2,9,11,0,9,1,0,0,0,"['B306', 'B307', 'B497', 'B129', 'B392', 'B355', 'B694', 'B111', 'B742']",7.5,S53,3.97,11,9,20,0.0,,-0.721733,-13.349926,-14.071659,True,True,36,S20,True,32,3.4263,pickup+onsite,,,,,,,,,,,,,,,,,,,,,,,,,,,,,,,,,,,,,,,,,,,,,,,,,,,,
47,26,13,40,S53,False,11,9,20,11,0,0,0,0,0,"['B340', 'B108', 'B306', 'B307', 'B497', 'B129', 'B392', 'B355', 'B694', 'B111', 'B742']",5.5,S37,3.02,0,9,9,0.0,,-0.783798,-12.913284,-13.697082,False,False,12,S20,True,9,1.1674,delivery,,,,,,,,,,,,,,,,,,,,,,,,,,,,,,,,,,,,,,,,,,,,,,,,,,,,
47,26,13,48,S37,False,0,9,9,0,11,0,0,0,0,"['B358', 'B59', 'B767', 'B678', 'B382', 'B627', 'B154', 'B65', 'B562', 'B172', 'B302']",5.5,S26,7.79,11,9,20,0.0,,-0.77369,-12.778563,-13.552252,False,False,18,S64,True,12,1.9753,pickup,,,,,,,,,,,,,,,,,,,,,,,,,,,,,,,,,,,,,,,,,,,,,,,,,,,,
47,26,14,1,S26,False,11,9,20,11,0,0,0,0,0,"['B358', 'B59', 'B767', 'B678', 'B382', 'B627', 'B154', 'B65', 'B562', 'B172', 'B302']",5.5,S40,5.09,0,9,9,0.0,,-0.843691,-12.718833,-13.562524,False,False,12,S54,True,7,1.4355,delivery,,,,,,,,,,,,,,,,,,,,,,,,,,,,,,,,,,,,,,,,,,,,,,,,,,,,
47,26,14,12,S40,False,0,9,9,0,11,0,0,0,0,"['B450', 'B755', 'B597', 'B371', 'B629', 'B16', 'B248', 'B616', 'B670', 'B230', 'B652']",5.5,S54,2.17,11,9,20,0.0,,-0.498473,-12.717809,-13.216282,False,False,12,S52,True,6,1.328,pickup,,,,,,,,,,,,,,,,,,,,,,,,,,,,,,,,,,,,,,,,,,,,,,,,,,,,
47,26,14,20,S54,False,11,9,20,11,0,0,1,0,0,"['B535', 'B450', 'B755', 'B597', 'B371', 'B629', 'B16', 'B248', 'B616', 'B670', 'B230', 'B652']",6.0,S42,4.21,0,10,10,0.0,,-0.695464,-12.780908,-13.476373,True,True,18,S60,True,14,1.847,delivery+depot_removal,,,,,,,,,,,,,,,,,,,,,,,,,,,,,,,,,,,,,,,,,,,,,,,,,,,,
47,26,14,30,S42,False,0,10,10,0,10,0,0,0,0,"['B283', 'B446', 'B699', 'B657', 'B727', 'B632', 'B731', 'B758', 'B659', 'B668']",5.0,S48,9.36,10,10,20,0.0,,-0.467918,-12.698892,-13.166809,False,False,12,S17,True,10,1.3304,pickup,,,,,,,,,,,,,,,,,,,,,,,,,,,,,,,,,,,,,,,,,,,,,,,,,,,,
47,26,14,44,S48,False,10,10,20,9,0,0,0,0,0,"['B283', 'B446', 'B699', 'B657', 'B727', 'B632', 'B731', 'B758', 'B659']",4.5,S60,8.25,1,10,11,0.0,,-0.488381,-12.613913,-13.102295,False,False,18,S4,True,6,1.9128,delivery,,,,,,,,,,,,,,,,,,,,,,,,,,,,,,,,,,,,,,,,,,,,,,,,,,,,
47,26,14,57,S60,False,1,10,11,0,9,0,0,0,0,"['B259', 'B247', 'B262', 'B330', 'B622', 'B724', 'B476', 'B563', 'B228']",4.5,S50,8.32,10,10,20,0.0,,-0.388374,-12.646587,-13.034961,False,False,12,S4,True,8,1.5153,pickup,,,,,,,,,,,,,,,,,,,,,,,,,,,,,,,,,,,,,,,,,,,,,,,,,,,,
47,26,15,10,S50,False,10,10,20,10,0,0,0,0,0,"['B668', 'B259', 'B247', 'B262', 'B330', 'B622', 'B724', 'B476', 'B563', 'B228']",5.0,S31,7.46,0,10,10,0.0,,-0.447714,-12.502826,-12.950541,False,False,12,S65,True,6,1.3628,delivery,,,,,,,,,,,,,,,,,,,,,,,,,,,,,,,,,,,,,,,,,,,,,,,,,,,,
47,26,15,22,S31,False,0,10,10,0,0,0,1,0,0,['B461'],0.5,S61,1.01,0,11,11,0.0,,-0.410199,-12.639648,-13.049846,True,True,18,S66,True,6,2.12,do_nothing+depot_removal,,,,,,,,,,,,,,,,,,,,,,,,,,,,,,,,,,,,,,,,,,,,,,,,,,,,
47,26,15,24,S61,False,0,11,11,0,9,0,0,0,0,"['B641', 'B479', 'B750', 'B354', 'B282', 'B366', 'B763', 'B523', 'B340']",4.5,S41,2.24,9,11,20,0.0,,-0.371169,-12.659891,-13.03106,False,False,12,S52,True,8,1.3066,pickup,,,,,,,,,,,,,,,,,,,,,,,,,,,,,,,,,,,,,,,,,,,,,,,,,,,,
47,26,15,31,S41,False,9,11,20,9,0,1,0,0,0,"['B641', 'B479', 'B750', 'B354', 'B282', 'B366', 'B763', 'B523', 'B340']",7.5,S64,1.81,0,11,11,0.0,,-0.351303,-12.62352,-12.974824,True,True,24,S65,True,19,2.5161,delivery+onsite,,,,,,,,,,,,,,,,,,,,,,,,,,,,,,,,,,,,,,,,,,,,,,,,,,,,
47,26,15,40,S64,False,0,11,11,0,8,0,0,0,0,"['B107', 'B570', 'B512', 'B443', 'B468', 'B336', 'B579', 'B243']",4.0,S65,4.04,8,11,19,0.0,,-0.457848,-12.586146,-13.043994,False,False,18,S52,True,9,1.8658,pickup,,,,,,,,,,,,,,,,,,,,,,,,,,,,,,,,,,,,,,,,,,,,,,,,,,,,
47,26,15,48,S65,False,8,11,19,8,0,1,0,0,0,"['B107', 'B570', 'B512', 'B443', 'B468', 'B336', 'B579', 'B243']",7.0,S52,6.18,0,11,11,0.0,,-0.18484,-12.428609,-12.613449,True,True,24,S52,False,22,2.5038,delivery+onsite,,,,,,,,,,,,,,,,,,,,,,,,,,,,,,,,,,,,,,,,,,,,,,,,,,,,
47,26,16,1,S52,False,0,11,11,0,9,0,0,0,0,"['B491', 'B726', 'B717', 'B504', 'B607', 'B595', 'B621', 'B462', 'B495']",4.5,S17,8.97,9,11,20,0.0,,-0.459189,-12.499376,-12.958565,False,False,18,S33,True,15,1.8882,pickup,,,,,,,,,,,,,,,,,,,,,,,,,,,,,,,,,,,,,,,,,,,,,,,,,,,,
47,26,16,15,S17,False,9,11,20,9,0,0,1,0,0,"['B245', 'B491', 'B726', 'B717', 'B504', 'B607', 'B595', 'B621', 'B462', 'B495']",5.0,S31,7.72,0,12,12,0.0,,-0.361879,-12.420349,-12.782228,True,True,18,S31,False,12,1.7384,delivery+depot_removal,,,,,,,,,,,,,,,,,,,,,,,,,,,,,,,,,,,,,,,,,,,,,,,,,,,,
47,26,16,27,S31,False,0,12,12,0,8,0,0,0,0,"['B81', 'B503', 'B217', 'B343', 'B151', 'B705', 'B703', 'B68']",4.0,S29,6.48,8,12,20,0.0,,-0.293196,-12.451274,-12.744471,False,False,12,S54,True,8,1.186,pickup,,,,,,,,,,,,,,,,,,,,,,,,,,,,,,,,,,,,,,,,,,,,,,,,,,,,
47,26,16,38,S29,False,8,12,20,8,0,1,0,0,0,"['B81', 'B503', 'B217', 'B343', 'B151', 'B705', 'B703', 'B68']",7.0,S42,3.12,0,12,12,0.0,,-0.333143,-12.631692,-12.964836,True,True,24,S36,True,20,2.1724,delivery+onsite,,,,,,,,,,,,,,,,,,,,,,,,,,,,,,,,,,,,,,,,,,,,,,,,,,,,
47,26,16,48,S42,False,0,12,12,0,8,0,0,0,0,"['B551', 'B714', 'B691', 'B142', 'B450', 'B550', 'B283', 'B108']",4.0,S33,7.31,8,12,20,0.0,,-0.470695,-12.583896,-13.054591,False,False,12,S54,True,6,1.1293,pickup,,,,,,,,,,,,,,,,,,,,,,,,,,,,,,,,,,,,,,,,,,,,,,,,,,,,
47,26,16,59,S33,False,8,12,20,8,0,0,0,0,0,"['B551', 'B714', 'B691', 'B142', 'B450', 'B550', 'B283', 'B108']",4.0,S54,3.1,0,12,12,0.0,,-0.370688,-12.608778,-12.979466,False,False,12,S36,True,9,1.276,delivery,,,,,,,,,,,,,,,,,,,,,,,,,,,,,,,,,,,,,,,,,,,,,,,,,,,,
47,26,17,6,S54,False,0,12,12,0,8,0,0,0,0,"['B652', 'B720', 'B349', 'B191', 'B193', 'B55', 'B648', 'B334']",4.0,S27,4.59,8,12,20,0.0,,-0.341806,-12.570615,-12.912421,False,False,12,S26,True,7,1.2216,pickup,,,,,,,,,,,,,,,,,,,,,,,,,,,,,,,,,,,,,,,,,,,,,,,,,,,,
47,26,17,15,S27,False,8,12,20,8,0,0,0,0,0,"['B652', 'B720', 'B349', 'B191', 'B193', 'B55', 'B648', 'B334']",4.0,S62,2.6,0,12,12,0.0,,-0.283169,-12.451025,-12.734194,False,False,12,S47,True,6,1.1407,delivery,,,,,,,,,,,,,,,,,,,,,,,,,,,,,,,,,,,,,,,,,,,,,,,,,,,,
47,26,17,22,S62,False,0,12,12,0,8,0,0,0,0,"['B409', 'B508', 'B120', 'B381', 'B353', 'B435', 'B204', 'B606']",4.0,S44,2.2,8,12,20,0.0,,-0.302667,-12.469005,-12.771672,False,False,12,S19,True,9,1.1749,pickup,,,,,,,,,,,,,,,,,,,,,,,,,,,,,,,,,,,,,,,,,,,,,,,,,,,,
47,26,17,28,S44,False,8,12,20,8,0,0,0,0,0,"['B409', 'B508', 'B120', 'B381', 'B353', 'B435', 'B204', 'B606']",4.0,S19,4.96,0,12,12,0.0,,-0.264538,-12.410121,-12.674659,False,False,18,S26,True,10,1.8567,delivery,,,,,,,,,,,,,,,,,,,,,,,,,,,,,,,,,,,,,,,,,,,,,,,,,,,,
47,26,17,37,S19,False,0,12,12,0,7,0,0,0,0,"['B357', 'B693', 'B643', 'B224', 'B125', 'B475', 'B685']",3.5,S32,4.87,7,12,19,0.0,,-0.195741,-12.349578,-12.545319,False,False,18,S26,True,10,1.798,pickup,,,,,,,,,,,,,,,,,,,,,,,,,,,,,,,,,,,,,,,,,,,,,,,,,,,,
47,26,17,45,S32,False,7,12,19,7,0,0,0,0,0,"['B357', 'B693', 'B643', 'B224', 'B125', 'B475', 'B685']",3.5,S66,6.41,0,12,12,0.0,,-0.186059,-12.353484,-12.539543,True,False,24,S36,True,12,2.4655,delivery,,,,,,,,,,,,,,,,,,,,,,,,,,,,,,,,,,,,,,,,,,,,,,,,,,,,
47,26,17,55,S66,False,0,12,12,0,8,0,0,0,0,"['B602', 'B530', 'B629', 'B556', 'B443', 'B466', 'B216', 'B759']",4.0,S47,2.81,8,12,20,0.0,,-0.107236,-12.370273,-12.47751,False,False,12,S26,True,9,1.2482,pickup,,,,,,,,,,,,,,,,,,,,,,,,,,,,,,,,,,,,,,,,,,,,,,,,,,,,
47,26,18,2,S47,False,8,12,20,8,0,0,2,0,0,"['B442', 'B690', 'B602', 'B530', 'B629', 'B556', 'B443', 'B466', 'B216', 'B759']",5.0,S60,2.18,0,14,14,0.0,,-0.147009,-12.334061,-12.48107,True,True,24,S18,True,22,2.1249,delivery+depot_removal,,,,,,,,,,,,,,,,,,,,,,,,,,,,,,,,,,,,,,,,,,,,,,,,,,,,
47,26,18,9,S60,False,0,14,14,0,6,0,0,0,0,"['B587', 'B735', 'B378', 'B27', 'B584', 'B719']",3.0,S4,2.11,6,14,20,0.0,,-0.097977,-12.346885,-12.444862,False,False,12,S18,True,10,1.068,pickup,,,,,,,,,,,,,,,,,,,,,,,,,,,,,,,,,,,,,,,,,,,,,,,,,,,,
47,26,18,14,S4,False,6,14,20,6,0,0,0,0,0,"['B587', 'B735', 'B378', 'B27', 'B584', 'B719']",3.0,S18,0.8,0,14,14,0.0,,-0.078598,-12.284204,-12.362801,False,False,18,S40,True,12,1.6841,delivery,,,,,,,,,,,,,,,,,,,,,,,,,,,,,,,,,,,,,,,,,,,,,,,,,,,,
47,26,18,18,S18,False,0,14,14,0,6,0,0,0,0,"['B291', 'B57', 'B226', 'B510', 'B32', 'B765']",3.0,S55,6.05,6,14,20,0.0,,-0.107384,-12.210139,-12.317523,False,False,12,S40,True,10,1.063,pickup,,,,,,,,,,,,,,,,,,,,,,,,,,,,,,,,,,,,,,,,,,,,,,,,,,,,
47,26,18,27,S55,False,6,14,20,6,0,0,1,0,0,"['B590', 'B291', 'B57', 'B226', 'B510', 'B32', 'B765']",3.5,S1,3.22,0,15,15,0.0,,-0.117395,-12.193245,-12.31064,True,True,18,S12,True,15,1.6631,delivery+depot_removal,,,,,,,,,,,,,,,,,,,,,,,,,,,,,,,,,,,,,,,,,,,,,,,,,,,,
47,26,18,34,S1,False,0,15,15,0,5,0,0,0,0,"['B415', 'B9', 'B707', 'B202', 'B568']",2.5,S42,1.19,5,15,20,0.0,,-0.029236,-12.148917,-12.178153,False,False,12,S22,True,8,1.0301,pickup,,,,,,,,,,,,,,,,,,,,,,,,,,,,,,,,,,,,,,,,,,,,,,,,,,,,
47,26,18,37,S42,False,5,15,20,5,0,0,0,0,0,"['B415', 'B9', 'B707', 'B202', 'B568']",2.5,S22,13.14,0,15,15,0.0,,-0.029287,-12.16807,-12.197357,False,False,12,S12,True,10,1.0658,delivery,,,,,,,,,,,,,,,,,,,,,,,,,,,,,,,,,,,,,,,,,,,,,,,,,,,,
47,26,18,53,S22,False,0,15,15,0,5,0,0,0,0,"['B231', 'B734', 'B22', 'B5', 'B271']",2.5,S58,7.3,5,15,20,0.0,,-0.07748,-12.154064,-12.231544,False,False,12,S66,True,9,1.0239,pickup,,,,,,,,,,,,,,,,,,,,,,,,,,,,,,,,,,,,,,,,,,,,,,,,,,,,
47,26,19,3,S58,False,5,15,20,0,0,0,0,0,0,[],0.0,S30,4.82,5,15,20,0.0,,-0.038728,-12.142149,-12.180876,False,False,12,S24,True,4,1.1,do_nothing,,,,,,,,,,,,,,,,,,,,,,,,,,,,,,,,,,,,,,,,,,,,,,,,,,,,
47,26,19,8,S30,False,5,15,20,5,0,0,0,0,0,"['B231', 'B734', 'B22', 'B5', 'B271']",2.5,S12,11.1,0,15,15,0.0,,-0.07785,-12.164524,-12.242373,False,False,12,S24,True,6,1.0984,delivery,,,,,,,,,,,,,,,,,,,,,,,,,,,,,,,,,,,,,,,,,,,,,,,,,,,,
47,26,19,21,S12,False,0,15,15,0,5,0,0,0,0,"['B745', 'B214', 'B359', 'B324', 'B401']",2.5,S24,15.44,5,15,20,0.0,,-0.029515,-12.213143,-12.242658,False,False,12,S24,False,6,1.0836,pickup,,,,,,,,,,,,,,,,,,,,,,,,,,,,,,,,,,,,,,,,,,,,,,,,,,,,
47,26,19,39,S24,False,5,15,20,0,0,0,0,0,0,[],0.0,S41,7.02,5,15,20,0.0,,-0.028941,-12.363455,-12.392396,False,False,6,D0,True,2,0.5383,do_nothing,,,,,,,,,,,,,,,,,,,,,,,,,,,,,,,,,,,,,,,,,,,,,,,,,,,,
47,26,19,46,S41,False,5,15,20,0,0,0,0,0,0,[],0.0,S61,2.24,5,15,20,0.0,,-0.097924,-12.343054,-12.440978,False,False,3,S61,False,0,0.3025,do_nothing,,,,,,,,,,,,,,,,,,,,,,,,,,,,,,,,,,,,,,,,,,,,,,,,,,,,
47,26,19,48,S61,False,5,15,20,5,0,0,0,0,0,"['B745', 'B214', 'B359', 'B324', 'B401']",2.5,D0,1.02,0,15,15,0.0,,-0.068336,-12.6002,-12.668536,False,False,2,D0,False,1,0.2209,delivery,,,,,,,,,,,,,,,,,,,,,,,,,,,,,,,,,,,,,,,,,,,,,,,,,,,,
47,26,19,52,D0,True,0,15,15,0,0,0,0,15,1,"['B127', 'B67', 'B502', 'B633', 'B346', 'B292', 'B30', 'B267', 'B114', 'B139', 'B535', 'B461', 'B245', 'B442', 'B690', 'B590']",8.0,D0,0.0,1,0,1,0.0,,-0.058277,-12.581768,-12.640045,True,True,1,D0,False,0,0.1233,do_nothing,,,,,,,,,,,,,,,,,,,,,,,,,,,,,,,,,,,,,,,,,,,,,,,,,,,,
47,27,6,0,D0,True,1,0,1,0,0,0,0,0,12,"['B96', 'B215', 'B175', 'B137', 'B47', 'B251', 'B72', 'B722', 'B286', 'B380', 'B549', 'B318']",6.0,S43,2.15,13,0,13,0.0,,-0.252861,-13.388974,-13.641835,True,True,5,S63,True,0,0.5798,load_queue,,,,,,,,,,,,,,,,,,,,,,,,,,,,,,,,,,,,,,,,,,,,,,,,,,,,
47,27,6,23,S43,False,13,0,13,0,0,0,1,0,0,['B190'],0.5,S63,0.64,13,1,14,0.0,,-0.18494,-13.412702,-13.597642,True,True,18,S35,True,6,2.3026,do_nothing+depot_removal,,,,,,,,,,,,,,,,,,,,,,,,,,,,,,,,,,,,,,,,,,,,,,,,,,,,
47,27,6,24,S63,False,13,1,14,0,6,1,0,0,0,"['B243', 'B78', 'B44', 'B182', 'B490', 'B523']",6.0,S35,6.66,19,1,20,0.0,,-0.212825,-13.333568,-13.546393,True,True,24,S35,False,20,2.6892,pickup+onsite,,,,,,,,,,,,,,,,,,,,,,,,,,,,,,,,,,,,,,,,,,,,,,,,,,,,
47,27,6,37,S35,False,19,1,20,14,0,0,0,0,0,"['B127', 'B96', 'B215', 'B175', 'B137', 'B47', 'B251', 'B72', 'B722', 'B286', 'B380', 'B549', 'B318', 'B243']",7.0,S43,7.26,5,1,6,0.0,,-0.244709,-13.222792,-13.467501,True,False,36,S21,True,24,3.6574,delivery,,,,,,,,,,,,,,,,,,,,,,,,,,,,,,,,,,,,,,,,,,,,,,,,,,,,
47,27,6,51,S43,False,5,1,6,0,14,0,0,0,0,"['B111', 'B327', 'B708', 'B686', 'B107', 'B162', 'B254', 'B581', 'B484', 'B163', 'B132', 'B407', 'B660', 'B666']",7.0,S7,10.9,19,1,20,0.0,,-0.410153,-13.158101,-13.568254,False,False,12,S7,False,10,1.2551,pickup,,,,,,,,,,,,,,,,,,,,,,,,,,,,,,,,,,,,,,,,,,,,,,,,,,,,
47,27,7,9,S7,False,19,1,20,11,0,0,0,0,0,"['B78', 'B44', 'B182', 'B490', 'B523', 'B111', 'B327', 'B708', 'B686', 'B107', 'B162']",5.5,S12,15.65,8,1,9,0.0,,-0.477574,-13.03655,-13.514124,False,False,18,S55,True,9,1.8256,delivery,,,,,,,,,,,,,,,,,,,,,,,,,,,,,,,,,,,,,,,,,,,,,,,,,,,,
47,27,7,30,S12,False,8,1,9,0,11,0,0,0,0,"['B393', 'B183', 'B739', 'B427', 'B94', 'B711', 'B10', 'B642', 'B29', 'B697', 'B304']",5.5,S41,10.2,19,1,20,0.0,,-0.399941,-12.63042,-13.030361,False,False,12,S41,False,10,1.3605,pickup,,,,,,,,,,,,,,,,,,,,,,,,,,,,,,,,,,,,,,,,,,,,,,,,,,,,
47,27,7,46,S41,False,19,1,20,13,0,0,0,0,0,"['B254', 'B581', 'B484', 'B163', 'B132', 'B407', 'B660', 'B666', 'B393', 'B183', 'B739', 'B427', 'B94']",6.5,S61,2.24,6,1,7,0.0,,-0.450091,-12.604674,-13.054765,False,False,18,S55,True,16,1.994,delivery,,,,,,,,,,,,,,,,,,,,,,,,,,,,,,,,,,,,,,,,,,,,,,,,,,,,
47,27,7,55,S61,False,6,1,7,0,9,0,0,0,0,"['B521', 'B678', 'B435', 'B738', 'B745', 'B214', 'B359', 'B324', 'B401']",4.5,S55,5.26,15,1,16,0.0,,-0.402621,-12.522604,-12.925225,False,False,18,S36,True,12,2.0535,pickup,,,,,,,,,,,,,,,,,,,,,,,,,,,,,,,,,,,,,,,,,,,,,,,,,,,,
47,27,8,4,S55,False,15,1,16,10,0,0,0,0,0,"['B711', 'B10', 'B642', 'B29', 'B697', 'B304', 'B521', 'B678', 'B435', 'B738']",5.0,S44,3.84,5,1,6,0.0,,-0.343604,-12.483604,-12.827208,False,False,18,S36,True,10,2.0205,delivery,,,,,,,,,,,,,,,,,,,,,,,,,,,,,,,,,,,,,,,,,,,,,,,,,,,,
47,27,8,13,S44,False,5,1,6,0,14,0,0,0,0,"['B204', 'B682', 'B543', 'B671', 'B381', 'B644', 'B496', 'B610', 'B740', 'B199', 'B326', 'B518', 'B49', 'B25']",7.0,S47,6.18,19,1,20,0.0,,-0.205411,-12.506045,-12.711457,True,False,24,S47,True,15,2.621,pickup,,,,,,,,,,,,,,,,,,,,,,,,,,,,,,,,,,,,,,,,,,,,,,,,,,,,
47,27,8,26,S47,False,19,1,20,11,0,0,0,0,0,"['B745', 'B214', 'B359', 'B324', 'B401', 'B204', 'B682', 'B543', 'B671', 'B381', 'B644']",5.5,S36,9.79,8,1,9,0.0,,-0.283289,-12.441956,-12.725244,False,False,18,S36,False,7,2.1725,delivery,,,,,,,,,,,,,,,,,,,,,,,,,,,,,,,,,,,,,,,,,,,,,,,,,,,,
47,27,8,42,S36,False,8,1,9,8,0,0,1,0,0,"['B577', 'B496', 'B610', 'B740', 'B199', 'B326', 'B518', 'B49', 'B25']",4.5,S11,9.15,0,2,2,0.0,,-0.253186,-12.374157,-12.627343,True,True,24,S11,False,19,2.5575,delivery+depot_removal,,,,,,,,,,,,,,,,,,,,,,,,,,,,,,,,,,,,,,,,,,,,,,,,,,,,
47,27,8,55,S11,False,0,2,2,0,0,0,0,0,0,[],0.0,S59,11.79,0,2,2,0.0,,-0.136385,-12.526009,-12.662395,False,False,12,S28,True,4,1.4916,do_nothing,,,,,,,,,,,,,,,,,,,,,,,,,,,,,,,,,,,,,,,,,,,,,,,,,,,,
47,27,9,7,S59,False,0,2,2,0,2,2,0,0,0,"['B516', 'B469']",7.0,S31,2.6,2,2,4,0.0,,-0.184673,-12.427144,-12.611817,True,True,36,S31,True,30,4.0173,pickup+onsite,,,,,,,,,,,,,,,,,,,,,,,,,,,,,,,,,,,,,,,,,,,,,,,,,,,,
47,27,9,17,S31,False,2,2,4,0,16,0,0,0,0,"['B122', 'B337', 'B497', 'B307', 'B372', 'B718', 'B729', 'B279', 'B582', 'B295', 'B355', 'B591', 'B592', 'B713', 'B743', 'B83']",8.0,S40,3.53,18,2,20,0.0,,-0.184347,-12.472302,-12.656649,False,False,12,S40,False,9,1.5262,pickup,,,,,,,,,,,,,,,,,,,,,,,,,,,,,,,,,,,,,,,,,,,,,,,,,,,,
47,27,9,28,S40,False,18,2,20,11,0,0,0,0,0,"['B516', 'B469', 'B122', 'B337', 'B497', 'B307', 'B372', 'B718', 'B729', 'B279', 'B582']",5.5,S51,6.14,7,2,9,0.0,,-0.233556,-12.534639,-12.768195,False,False,18,S34,True,15,2.1155,delivery,,,,,,,,,,,,,,,,,,,,,,,,,,,,,,,,,,,,,,,,,,,,,,,,,,,,
47,27,9,40,S51,False,7,2,9,0,0,1,2,0,0,"['B482', 'B520']",4.0,S63,3.43,7,4,11,0.0,,-0.164111,-12.627133,-12.791243,True,True,108,S62,True,30,11.608,do_nothing+maintenance,,,,,,,,,,,,,,,,,,,,,,,,,,,,,,,,,,,,,,,,,,,,,,,,,,,,
47,27,9,47,S63,False,7,4,11,0,9,0,0,0,0,"['B673', 'B198', 'B373', 'B753', 'B273', 'B133', 'B297', 'B542', 'B377']",4.5,S44,0.47,16,4,20,0.0,,-0.271465,-12.600282,-12.871748,False,False,12,S62,True,6,1.4565,pickup,,,,,,,,,,,,,,,,,,,,,,,,,,,,,,,,,,,,,,,,,,,,,,,,,,,,
47,27,9,52,S44,False,16,4,20,0,0,1,0,0,0,[],3.0,S61,2.79,16,4,20,0.0,,-0.329646,-12.596022,-12.925668,True,True,36,S62,True,10,3.7575,do_nothing+onsite,,,,,,,,,,,,,,,,,,,,,,,,,,,,,,,,,,,,,,,,,,,,,,,,,,,,
47,27,9,58,S61,False,16,4,20,8,0,0,0,0,0,"['B295', 'B355', 'B591', 'B592', 'B713', 'B743', 'B83', 'B673']",4.0,S62,2.06,8,4,12,0.0,,-0.311926,-12.671472,-12.983398,False,False,18,S62,False,6,2.0833,delivery,,,,,,,,,,,,,,,,,,,,,,,,,,,,,,,,,,,,,,,,,,,,,,,,,,,,
47,27,10,4,S62,False,8,4,12,8,0,0,0,0,0,"['B198', 'B373', 'B753', 'B273', 'B133', 'B297', 'B542', 'B377']",4.0,S16,2.41,0,4,4,0.0,,-0.350888,-12.553238,-12.904126,False,False,12,S16,False,7,1.4565,delivery,,,,,,,,,,,,,,,,,,,,,,,,,,,,,,,,,,,,,,,,,,,,,,,,,,,,
47,27,10,11,S16,False,0,4,4,0,8,0,0,0,0,"['B413', 'B7', 'B331', 'B265', 'B680', 'B366', 'B332', 'B23']",4.0,S51,3.59,8,4,12,0.0,,-0.21517,-12.458242,-12.673412,False,False,18,S51,False,6,2.2702,pickup,,,,,,,,,,,,,,,,,,,,,,,,,,,,,,,,,,,,,,,,,,,,,,,,,,,,
47,27,10,18,S51,False,8,4,12,0,8,0,0,0,0,"['B524', 'B105', 'B387', 'B421', 'B485', 'B36', 'B664', 'B287']",4.0,S21,12.4,16,4,20,0.0,,-0.245133,-12.463811,-12.708944,False,False,12,S56,True,9,1.5679,pickup,,,,,,,,,,,,,,,,,,,,,,,,,,,,,,,,,,,,,,,,,,,,,,,,,,,,
47,27,10,35,S21,False,16,4,20,9,0,0,0,0,0,"['B413', 'B7', 'B331', 'B265', 'B680', 'B366', 'B332', 'B23', 'B524']",4.5,S56,6.79,7,4,11,0.0,,-0.07855,-12.11415,-12.192701,False,False,18,S56,True,8,2.2184,delivery,,,,,,,,,,,,,,,,,,,,,,,,,,,,,,,,,,,,,,,,,,,,,,,,,,,,
47,27,10,46,S56,False,7,4,11,7,0,1,0,0,0,"['B105', 'B387', 'B421', 'B485', 'B36', 'B664', 'B287']",6.5,S12,7.46,0,4,4,0.0,,-0.077852,-12.19726,-12.275112,True,True,24,S12,False,19,2.9556,delivery+onsite,,,,,,,,,,,,,,,,,,,,,,,,,,,,,,,,,,,,,,,,,,,,,,,,,,,,
47,27,11,0,S12,False,0,4,4,0,6,0,0,0,0,"['B559', 'B751', 'B313', 'B391', 'B632', 'B731']",3.0,S6,17.81,6,4,10,0.0,,-0.019376,-12.150138,-12.169514,True,False,36,S39,True,13,4.8764,pickup,,,,,,,,,,,,,,,,,,,,,,,,,,,,,,,,,,,,,,,,,,,,,,,,,,,,
47,27,11,21,S6,False,6,4,10,0,0,1,1,0,0,['B4'],3.5,S65,6.27,6,5,11,0.0,,-0.14532,-12.297161,-12.442481,True,True,48,S11,True,22,5.6227,do_nothing+maintenance,,,,,,,,,,,,,,,,,,,,,,,,,,,,,,,,,,,,,,,,,,,,,,,,,,,,
47,27,11,30,S65,False,6,5,11,6,0,1,0,0,0,"['B559', 'B751', 'B313', 'B391', 'B632', 'B731']",6.0,S51,10.57,0,5,5,0.0,,-0.14597,-12.603586,-12.749556,True,True,24,S11,True,20,2.6099,delivery+onsite,,,,,,,,,,,,,,,,,,,,,,,,,,,,,,,,,,,,,,,,,,,,,,,,,,,,
47,27,11,47,S51,False,0,5,5,0,11,0,0,0,0,"['B226', 'B505', 'B573', 'B587', 'B759', 'B494', 'B382', 'B299', 'B163', 'B658', 'B365']",5.5,S19,1.21,11,5,16,0.0,,-0.029413,-12.501096,-12.530509,False,False,18,S39,True,15,1.8624,pickup,,,,,,,,,,,,,,,,,,,,,,,,,,,,,,,,,,,,,,,,,,,,,,,,,,,,
47,27,11,54,S19,False,11,5,16,7,0,0,0,0,0,"['B226', 'B505', 'B573', 'B587', 'B759', 'B494', 'B382']",3.5,S27,9.37,4,5,9,0.0,,-0.135017,-12.580389,-12.715406,False,False,18,S6,True,14,1.589,delivery,,,,,,,,,,,,,,,,,,,,,,,,,,,,,,,,,,,,,,,,,,,,,,,,,,,,
47,27,12,6,S27,False,4,5,9,4,0,0,0,0,0,"['B299', 'B163', 'B658', 'B365']",2.0,S60,3.14,0,5,5,0.0,,-0.144657,-12.463285,-12.607942,False,False,12,S3,True,8,1.3294,delivery,,,,,,,,,,,,,,,,,,,,,,,,,,,,,,,,,,,,,,,,,,,,,,,,,,,,
47,27,12,12,S60,False,0,5,5,0,9,0,0,0,0,"['B194', 'B209', 'B463', 'B764', 'B11', 'B97', 'B750', 'B579', 'B342']",4.5,S39,2.89,9,5,14,0.0,,-0.115693,-12.464187,-12.579879,False,False,18,S39,False,13,1.9985,pickup,,,,,,,,,,,,,,,,,,,,,,,,,,,,,,,,,,,,,,,,,,,,,,,,,,,,
47,27,12,19,S39,False,9,5,14,0,6,1,0,0,0,"['B646', 'B200', 'B589', 'B384', 'B766', 'B546']",6.0,S43,4.89,15,5,20,0.0,,-0.144952,-12.503359,-12.648311,True,True,24,S37,True,21,2.4887,pickup+onsite,,,,,,,,,,,,,,,,,,,,,,,,,,,,,,,,,,,,,,,,,,,,,,,,,,,,
47,27,12,30,S43,False,15,5,20,9,0,0,0,0,0,"['B194', 'B209', 'B463', 'B764', 'B11', 'B97', 'B750', 'B579', 'B342']",4.5,S44,0.79,6,5,11,0.0,,-0.096686,-12.360668,-12.457354,False,False,18,S37,True,10,1.8547,delivery,,,,,,,,,,,,,,,,,,,,,,,,,,,,,,,,,,,,,,,,,,,,,,,,,,,,
47,27,12,35,S44,False,6,5,11,6,0,0,0,0,0,"['B646', 'B200', 'B589', 'B384', 'B766', 'B546']",3.0,S56,4.78,0,5,5,0.0,,-0.145518,-12.434523,-12.580042,False,False,18,S66,True,15,1.7419,delivery,,,,,,,,,,,,,,,,,,,,,,,,,,,,,,,,,,,,,,,,,,,,,,,,,,,,
47,27,12,43,S56,False,0,5,5,0,6,0,0,0,0,"['B387', 'B421', 'B485', 'B36', 'B664', 'B287']",3.0,S54,1.7,6,5,11,0.0,,-0.126812,-12.454313,-12.581125,False,False,18,S54,False,16,1.6843,pickup,,,,,,,,,,,,,,,,,,,,,,,,,,,,,,,,,,,,,,,,,,,,,,,,,,,,
47,27,12,48,S54,False,6,5,11,0,9,0,0,0,0,"['B674', 'B353', 'B457', 'B459', 'B76', 'B516', 'B568', 'B172', 'B540']",4.5,S61,4.83,15,5,20,0.0,,-0.193896,-12.408522,-12.602418,False,False,18,S61,True,12,1.8522,pickup,,,,,,,,,,,,,,,,,,,,,,,,,,,,,,,,,,,,,,,,,,,,,,,,,,,,
47,27,12,57,S61,False,15,5,20,9,0,0,0,0,0,"['B387', 'B421', 'B485', 'B36', 'B664', 'B287', 'B674', 'B353', 'B457']",4.5,S55,5.26,6,5,11,0.0,,-0.155681,-12.376653,-12.532333,False,False,18,S37,True,8,1.8311,delivery,,,,,,,,,,,,,,,,,,,,,,,,,,,,,,,,,,,,,,,,,,,,,,,,,,,,
47,27,13,7,S55,False,6,5,11,0,9,0,0,0,0,"['B304', 'B521', 'B678', 'B435', 'B738', 'B585', 'B574', 'B762', 'B64']",4.5,S5,14.82,15,5,20,0.0,,-0.27157,-12.44274,-12.714311,False,False,12,S5,False,6,1.2841,pickup,,,,,,,,,,,,,,,,,,,,,,,,,,,,,,,,,,,,,,,,,,,,,,,,,,,,
47,27,13,26,S5,False,15,5,20,12,0,0,0,0,0,"['B459', 'B76', 'B516', 'B568', 'B172', 'B540', 'B304', 'B521', 'B678', 'B435', 'B738', 'B585']",6.0,S66,8.92,3,5,8,0.0,,-0.213189,-12.380432,-12.593621,False,False,18,S13,True,10,2.3064,delivery,,,,,,,,,,,,,,,,,,,,,,,,,,,,,,,,,,,,,,,,,,,,,,,,,,,,
47,27,13,41,S66,False,3,5,8,0,11,0,0,0,0,"['B556', 'B656', 'B443', 'B149', 'B152', 'B425', 'B470', 'B156', 'B352', 'B13', 'B741']",5.5,S51,7.67,14,5,19,0.0,,-0.322387,-12.590233,-12.91262,False,False,18,S30,True,12,1.9508,pickup,,,,,,,,,,,,,,,,,,,,,,,,,,,,,,,,,,,,,,,,,,,,,,,,,,,,
47,27,13,54,S51,False,14,5,19,11,0,0,0,0,0,"['B574', 'B762', 'B64', 'B556', 'B656', 'B443', 'B149', 'B152', 'B425', 'B470', 'B156']",5.5,S48,0.84,3,5,8,0.0,,-0.243863,-12.569829,-12.813692,False,False,18,S57,True,8,2.3621,delivery,,,,,,,,,,,,,,,,,,,,,,,,,,,,,,,,,,,,,,,,,,,,,,,,,,,,
47,27,14,1,S48,False,3,5,8,0,12,0,0,0,0,"['B361', 'B8', 'B177', 'B348', 'B246', 'B604', 'B336', 'B698', 'B186', 'B354', 'B637', 'B73']",6.0,S57,7.56,15,5,20,0.0,,-0.205632,-12.51783,-12.723461,False,False,18,S56,True,8,1.8909,pickup,,,,,,,,,,,,,,,,,,,,,,,,,,,,,,,,,,,,,,,,,,,,,,,,,,,,
47,27,14,14,S57,False,15,5,20,11,0,0,0,0,0,"['B352', 'B13', 'B741', 'B361', 'B8', 'B177', 'B348', 'B246', 'B604', 'B336', 'B698']",5.5,S56,1.82,4,5,9,0.0,,-0.184275,-12.582455,-12.76673,False,False,18,S56,False,8,2.0821,delivery,,,,,,,,,,,,,,,,,,,,,,,,,,,,,,,,,,,,,,,,,,,,,,,,,,,,
47,27,14,21,S56,False,4,5,9,4,0,0,0,0,0,"['B186', 'B354', 'B637', 'B73']",2.0,S40,3.75,0,5,5,0.0,,-0.155531,-12.479918,-12.635449,False,False,12,S55,True,8,1.5501,delivery,,,,,,,,,,,,,,,,,,,,,,,,,,,,,,,,,,,,,,,,,,,,,,,,,,,,
47,27,14,27,S40,False,0,5,5,0,10,0,0,0,0,"['B270', 'B122', 'B497', 'B295', 'B307', 'B743', 'B83', 'B181', 'B128', 'B320']",5.0,S26,5.09,10,5,15,0.0,,-0.146385,-12.468526,-12.614911,False,False,18,S55,True,12,1.8723,pickup,,,,,,,,,,,,,,,,,,,,,,,,,,,,,,,,,,,,,,,,,,,,,,,,,,,,
47,27,14,37,S26,False,10,5,15,10,0,0,0,0,0,"['B270', 'B122', 'B497', 'B295', 'B307', 'B743', 'B83', 'B181', 'B128', 'B320']",5.0,S35,6.42,0,5,5,0.0,,-0.185116,-12.869397,-13.054513,False,False,12,S35,False,7,1.6551,delivery,,,,,,,,,,,,,,,,,,,,,,,,,,,,,,,,,,,,,,,,,,,,,,,,,,,,
47,27,14,49,S35,False,0,5,5,0,10,1,1,0,0,"['B380', 'B549', 'B318', 'B243', 'B254', 'B21', 'B115', 'B530', 'B202', 'B627', 'B681']",8.5,S56,2.44,10,6,16,0.0,,-0.215443,-12.722894,-12.938338,True,True,72,S55,True,67,7.7277,pickup+maintenance,,,,,,,,,,,,,,,,,,,,,,,,,,,,,,,,,,,,,,,,,,,,,,,,,,,,
47,27,15,0,S56,False,10,6,16,7,0,0,0,0,0,"['B380', 'B549', 'B318', 'B243', 'B254', 'B21', 'B115']",3.5,S55,1.03,3,6,9,0.0,,-0.476791,-12.698254,-13.175046,False,False,18,S15,True,14,1.6973,delivery,,,,,,,,,,,,,,,,,,,,,,,,,,,,,,,,,,,,,,,,,,,,,,,,,,,,
47,27,15,4,S55,False,3,6,9,0,11,0,0,0,0,"['B225', 'B90', 'B420', 'B222', 'B68', 'B703', 'B311', 'B133', 'B398', 'B1', 'B748']",5.5,S15,4.77,14,6,20,0.0,,-0.301546,-12.660784,-12.96233,False,False,18,S15,True,6,1.9864,pickup,,,,,,,,,,,,,,,,,,,,,,,,,,,,,,,,,,,,,,,,,,,,,,,,,,,,
47,27,15,14,S15,False,14,6,20,14,0,0,0,0,0,"['B530', 'B202', 'B627', 'B225', 'B90', 'B420', 'B222', 'B68', 'B703', 'B311', 'B133', 'B398', 'B1', 'B748']",7.0,S61,3.33,0,6,6,0.0,,-0.126516,-12.526515,-12.653031,False,False,12,S5,True,8,1.3168,delivery,,,,,,,,,,,,,,,,,,,,,,,,,,,,,,,,,,,,,,,,,,,,,,,,,,,,
47,27,15,25,S61,False,0,6,6,0,6,0,0,0,0,"['B235', 'B215', 'B552', 'B618', 'B734', 'B701']",3.0,S31,1.01,6,6,12,0.0,,-0.291093,-12.494865,-12.785958,False,False,18,S5,True,12,1.6751,pickup,,,,,,,,,,,,,,,,,,,,,,,,,,,,,,,,,,,,,,,,,,,,,,,,,,,,
47,27,15,29,S31,False,6,6,12,0,8,0,0,0,0,"['B208', 'B173', 'B81', 'B14', 'B17', 'B390', 'B437', 'B717']",4.0,S20,7.67,14,6,20,0.0,,-0.437354,-12.568818,-13.006172,False,False,12,S20,False,8,1.1884,pickup,,,,,,,,,,,,,,,,,,,,,,,,,,,,,,,,,,,,,,,,,,,,,,,,,,,,
47,27,15,40,S20,False,14,6,20,0,0,0,0,0,0,[],0.0,S29,12.12,14,6,20,0.0,,-0.194751,-12.04374,-12.238491,False,False,18,S13,True,4,1.7761,do_nothing,,,,,,,,,,,,,,,,,,,,,,,,,,,,,,,,,,,,,,,,,,,,,,,,,,,,
47,27,15,53,S29,False,14,6,20,10,0,0,0,0,0,"['B235', 'B215', 'B552', 'B618', 'B734', 'B701', 'B208', 'B173', 'B81', 'B14']",5.0,S63,5.25,4,6,10,0.0,,-0.233928,-12.043607,-12.277534,False,False,18,S26,True,7,1.9887,delivery,,,,,,,,,,,,,,,,,,,,,,,,,,,,,,,,,,,,,,,,,,,,,,,,,,,,
47,27,16,3,S63,False,4,6,10,0,10,0,0,0,0,"['B594', 'B578', 'B357', 'B251', 'B301', 'B308', 'B664', 'B576', 'B123', 'B367']",5.0,S13,12.63,14,6,20,0.0,,-0.213409,-12.112279,-12.325688,False,False,12,S66,True,6,1.2604,pickup,,,,,,,,,,,,,,,,,,,,,,,,,,,,,,,,,,,,,,,,,,,,,,,,,,,,
47,27,16,20,S13,False,14,6,20,14,0,0,0,0,0,"['B17', 'B390', 'B437', 'B717', 'B594', 'B578', 'B357', 'B251', 'B301', 'B308', 'B664', 'B576', 'B123', 'B367']",7.0,S51,15.47,0,6,6,0.0,,-0.146387,-12.038099,-12.184485,False,False,12,S7,True,10,1.251,delivery,,,,,,,,,,,,,,,,,,,,,,,,,,,,,,,,,,,,,,,,,,,,,,,,,,,,
47,27,16,43,S51,False,0,6,6,0,13,0,0,0,0,"['B443', 'B149', 'B152', 'B425', 'B470', 'B156', 'B18', 'B314', 'B623', 'B32', 'B693', 'B288', 'B106']",6.5,S41,8.36,13,6,19,0.0,,-0.430649,-12.608534,-13.039183,False,False,18,S20,True,15,1.7407,pickup,,,,,,,,,,,,,,,,,,,,,,,,,,,,,,,,,,,,,,,,,,,,,,,,,,,,
47,27,16,58,S41,False,13,6,19,0,0,0,0,0,0,[],0.0,S65,2.23,13,6,19,0.0,,-0.410649,-12.654694,-13.065343,False,False,12,S45,True,4,1.2041,do_nothing,,,,,,,,,,,,,,,,,,,,,,,,,,,,,,,,,,,,,,,,,,,,,,,,,,,,
47,27,17,0,S65,False,13,6,19,13,0,0,0,0,0,"['B443', 'B149', 'B152', 'B425', 'B470', 'B156', 'B18', 'B314', 'B623', 'B32', 'B693', 'B288', 'B106']",6.5,S9,13.84,0,6,6,0.0,,-0.31159,-12.65497,-12.96656,False,False,12,S9,False,10,1.5028,delivery,,,,,,,,,,,,,,,,,,,,,,,,,,,,,,,,,,,,,,,,,,,,,,,,,,,,
47,27,17,20,S9,False,0,6,6,0,6,0,1,0,0,"['B483', 'B486', 'B157', 'B431', 'B742', 'B570', 'B185']",3.5,S35,10.99,6,7,13,0.0,,-0.351308,-12.717292,-13.0686,True,True,36,S31,True,18,4.0682,pickup+depot_removal,,,,,,,,,,,,,,,,,,,,,,,,,,,,,,,,,,,,,,,,,,,,,,,,,,,,
47,27,17,35,S35,False,6,7,13,6,0,0,0,0,0,"['B483', 'B486', 'B157', 'B431', 'B742', 'B570']",3.0,S11,2.71,0,7,7,0.0,,-0.136005,-12.863506,-12.999511,False,False,12,S11,False,10,1.4409,delivery,,,,,,,,,,,,,,,,,,,,,,,,,,,,,,,,,,,,,,,,,,,,,,,,,,,,
47,27,17,41,S11,False,0,7,7,0,7,0,0,0,0,"['B213', 'B423', 'B636', 'B91', 'B168', 'B345', 'B206']",3.5,S42,1.48,7,7,14,0.0,,-0.245435,-12.760797,-13.006232,False,False,18,S31,True,10,2.3326,pickup,,,,,,,,,,,,,,,,,,,,,,,,,,,,,,,,,,,,,,,,,,,,,,,,,,,,
47,27,17,46,S42,False,7,7,14,0,4,1,0,0,0,"['B629', 'B54', 'B604', 'B759']",5.0,S59,10.56,11,7,18,0.0,,-0.165734,-12.75032,-12.916054,True,True,48,S59,True,32,5.6888,pickup+onsite,,,,,,,,,,,,,,,,,,,,,,,,,,,,,,,,,,,,,,,,,,,,,,,,,,,,
47,27,18,1,S59,False,11,7,18,11,0,0,0,0,0,"['B213', 'B423', 'B636', 'B91', 'B168', 'B345', 'B206', 'B629', 'B54', 'B604', 'B759']",5.5,S62,3.77,0,7,7,0.0,,-0.126068,-12.764144,-12.890212,False,False,12,S30,True,6,1.6042,delivery,,,,,,,,,,,,,,,,,,,,,,,,,,,,,,,,,,,,,,,,,,,,,,,,,,,,
47,27,18,10,S62,False,0,7,7,0,12,1,1,0,0,"['B467', 'B746', 'B528', 'B298', 'B370', 'B63', 'B404', 'B622', 'B659', 'B153', 'B108', 'B295', 'B582']",9.5,S41,4.25,12,8,20,0.0,,-0.184745,-12.784088,-12.968833,True,True,72,S5,True,43,7.323,pickup+maintenance,,,,,,,,,,,,,,,,,,,,,,,,,,,,,,,,,,,,,,,,,,,,,,,,,,,,
47,27,18,24,S41,False,12,8,20,12,0,0,0,0,0,"['B467', 'B746', 'B528', 'B298', 'B370', 'B63', 'B404', 'B622', 'B659', 'B153', 'B108', 'B295']",6.0,S30,0.92,0,8,8,0.0,,-0.087763,-12.788773,-12.876536,False,False,12,S30,False,6,1.3606,delivery,,,,,,,,,,,,,,,,,,,,,,,,,,,,,,,,,,,,,,,,,,,,,,,,,,,,
47,27,18,31,S30,False,0,8,8,0,9,0,0,0,0,"['B755', 'B553', 'B627', 'B458', 'B380', 'B329', 'B632', 'B669', 'B631']",4.5,S57,9.94,9,8,17,0.0,,-0.195499,-12.697793,-12.893292,False,False,18,S27,True,15,2.1119,pickup,,,,,,,,,,,,,,,,,,,,,,,,,,,,,,,,,,,,,,,,,,,,,,,,,,,,
47,27,18,45,S57,False,9,8,17,9,0,0,0,0,0,"['B755', 'B553', 'B627', 'B458', 'B380', 'B329', 'B632', 'B669', 'B631']",4.5,S31,8.31,0,8,8,0.0,,-0.166164,-12.718191,-12.884355,False,False,12,S23,True,9,1.2479,delivery,,,,,,,,,,,,,,,,,,,,,,,,,,,,,,,,,,,,,,,,,,,,,,,,,,,,
47,27,18,58,S31,False,0,8,8,0,12,1,0,0,0,"['B35', 'B402', 'B689', 'B584', 'B472', 'B712', 'B371', 'B229', 'B661', 'B373', 'B522', 'B591']",9.0,S54,5.7,12,8,20,0.0,,-0.196116,-12.716211,-12.912327,True,True,24,S23,True,20,2.4368,pickup+onsite,,,,,,,,,,,,,,,,,,,,,,,,,,,,,,,,,,,,,,,,,,,,,,,,,,,,
47,27,19,13,S54,False,12,8,20,0,0,0,0,0,0,[],0.0,S44,3.95,12,8,20,0.0,,-0.098622,-12.67673,-12.775351,True,False,30,S44,True,0,2.7238,do_nothing,,,,,,,,,,,,,,,,,,,,,,,,,,,,,,,,,,,,,,,,,,,,,,,,,,,,
47,27,19,17,S44,False,12,8,20,12,0,0,0,0,0,"['B35', 'B402', 'B689', 'B584', 'B472', 'B712', 'B371', 'B229', 'B661', 'B373', 'B522', 'B591']",6.0,S2,7.81,0,8,8,0.0,,-0.078424,-12.625554,-12.703978,False,False,12,S33,True,10,1.2637,delivery,,,,,,,,,,,,,,,,,,,,,,,,,,,,,,,,,,,,,,,,,,,,,,,,,,,,
47,27,19,31,S2,False,0,8,8,0,12,0,0,0,0,"['B289', 'B511', 'B3', 'B569', 'B116', 'B285', 'B146', 'B305', 'B412', 'B241', 'B606', 'B238']",6.0,S37,6.84,12,8,20,0.0,,-0.068435,-12.871386,-12.93982,False,False,12,S37,False,6,1.2076,pickup,,,,,,,,,,,,,,,,,,,,,,,,,,,,,,,,,,,,,,,,,,,,,,,,,,,,
47,27,19,44,S37,False,12,8,20,0,0,0,0,0,0,[],0.0,S59,1.48,12,8,20,0.0,,-0.098172,-12.939704,-13.037876,True,False,5,D0,True,1,0.5524,do_nothing,,,,,,,,,,,,,,,,,,,,,,,,,,,,,,,,,,,,,,,,,,,,,,,,,,,,
47,27,19,45,S59,False,12,8,20,0,0,0,0,0,0,[],0.0,S37,1.48,12,8,20,0.0,,-0.05922,-12.899355,-12.958576,False,False,4,S37,False,0,0.4444,do_nothing,,,,,,,,,,,,,,,,,,,,,,,,,,,,,,,,,,,,,,,,,,,,,,,,,,,,
47,27,19,47,S37,False,12,8,20,12,0,0,0,0,0,"['B289', 'B511', 'B3', 'B569', 'B116', 'B285', 'B146', 'B305', 'B412', 'B241', 'B606', 'B238']",6.0,D0,1.72,0,8,8,0.0,,-0.058748,-13.004106,-13.062854,True,False,3,D0,True,1,0.3284,delivery,,,,,,,,,,,,,,,,,,,,,,,,,,,,,,,,,,,,,,,,,,,,,,,,,,,,
47,27,19,54,D0,True,0,8,8,0,0,0,0,8,15,"['B67', 'B502', 'B633', 'B346', 'B292', 'B30', 'B267', 'B114', 'B139', 'B535', 'B461', 'B245', 'B442', 'B690', 'B590', 'B190', 'B577', 'B482', 'B520', 'B4', 'B681', 'B185', 'B582']",11.5,D0,0.0,15,0,15,0.0,,-0.077628,-12.906487,-12.984115,True,True,1,D0,False,0,0.1228,do_nothing,,,,,,,,,,,,,,,,,,,,,,,,,,,,,,,,,,,,,,,,,,,,,,,,,,,,
