seed,day,hour,minute,current_station_id,is_at_depot,functional_load_before,depot_load_before,total_load_before,functional_deliveries,functional_pickups,onsite_repairs,depot_pickups,depot_deliveries,load_from_queue,bikes_involved,action_duration_min,next_station_id,travel_time_min,functional_load_after,depot_load_after,total_load_after,immediate_reward,vfa_value,accumulated_rollout_reward,tail_value,final_decision_score,maintenance_flag_present,selected_action_is_maintenance,n_total_candidates,vfa_top1_next_station,rollout_changed_decision,winning_candidate_rank,decision_runtime_s,winning_profile_type,phi_rebalancing_imbalance,phi_squared_starvation_penalty,phi_squared_congestion_penalty,phi_starvation_severity_max,phi_congestion_severity_max,phi_starvation_count,phi_congestion_count,phi_gross_starvation_risk,phi_gross_congestion_risk,phi_net_starvation_shortfall,phi_net_congestion_shortfall,phi_trailer_cannibalization,phi_global_onsite_backlog,phi_global_depot_backlog,phi_demand_weighted_depot_backlog,phi_demand_weighted_onsite_backlog,phi_fleet_broken_fraction,phi_depot_idle_fraction,phi_recoverable_starvation,phi_maintenance_urgency,phi_rush_hour_onsite_backlog,phi_fleet_failure_risk,phi_fleet_health_deficit,phi_fleet_low_health_fraction,phi_depot_bound_health_deficit,phi_onsite_health_deficit,phi_maintenance_restoration_value,phi_onsite_shortage_pressure,phi_depot_shortage_pressure,phi_current_station_onsite_shortage_pressure,phi_current_station_depot_shortage_pressure,phi_broken_cargo_distance_pressure,phi_late_broken_cargo_pressure,phi_repaired_idle_away_pressure,phi_depot_pipeline_pressure,phi_depot_queue_pickup_opportunity,phi_degradation_demand_exposure,phi_destination_starv_ratio,phi_destination_cong_ratio,phi_destination_onsite_fraction,phi_destination_depot_fraction,phi_destination_travel_penalty,phi_destination_roi_starvation,phi_cur_station_onsite_fraction,phi_cur_station_func_deficit,phi_functional_load_late_pressure,phi_depot_load_late_pressure,phi_non_depot_late_load_pressure,phi_late_depot_return,phi_depot_slack_fraction,phi_can_return_to_depot,phi_depot_return_urgency
42,7,6,6,D0,True,20,0,20,0,0,0,0,0,0,[],0.0,S51,3.91,20,0,20,0.0,,-2.047685,-5.311091,-7.358777,True,True,5,S22,True,3,0.1413,depot_passthrough,,,,,,,,,,,,,,,,,,,,,,,,,,,,,,,,,,,,,,,,,,,,,,,,,,,,
42,7,6,25,S51,False,20,0,20,17,0,0,0,0,0,"['B287', 'B99', 'B656', 'B320', 'B651', 'B446', 'B498', 'B250', 'B225', 'B725', 'B82', 'B525', 'B513', 'B388', 'B495', 'B166', 'B307']",8.5,S52,4.66,3,0,3,0.0,,-1.619479,-5.306892,-6.926371,False,False,18,S66,True,10,0.5132,delivery,,,,,,,,,,,,,,,,,,,,,,,,,,,,,,,,,,,,,,,,,,,,,,,,,,,,
42,7,6,38,S52,False,3,0,3,0,13,0,0,0,0,"['B426', 'B375', 'B487', 'B86', 'B561', 'B300', 'B68', 'B390', 'B289', 'B104', 'B37', 'B79', 'B709']",6.5,S66,3.13,16,0,16,0.0,,-1.560261,-5.305559,-6.86582,True,False,72,S33,True,24,1.4981,pickup,,,,,,,,,,,,,,,,,,,,,,,,,,,,,,,,,,,,,,,,,,,,,,,,,,,,
42,7,6,48,S66,False,16,0,16,16,0,0,0,0,0,"['B362', 'B368', 'B489', 'B426', 'B375', 'B487', 'B86', 'B561', 'B300', 'B68', 'B390', 'B289', 'B104', 'B37', 'B79', 'B709']",8.0,S33,3.23,0,0,0,0.0,,-1.31988,-5.323603,-6.643482,False,False,12,S33,False,8,0.3317,delivery,,,,,,,,,,,,,,,,,,,,,,,,,,,,,,,,,,,,,,,,,,,,,,,,,,,,
42,7,6,59,S33,False,0,0,0,0,16,0,0,0,0,"['B264', 'B323', 'B672', 'B366', 'B253', 'B708', 'B502', 'B303', 'B173', 'B337', 'B212', 'B28', 'B577', 'B575', 'B357', 'B149']",8.0,S27,3.37,16,0,16,0.0,,-1.043502,-5.340414,-6.383916,False,False,18,S37,True,6,0.45,pickup,,,,,,,,,,,,,,,,,,,,,,,,,,,,,,,,,,,,,,,,,,,,,,,,,,,,
42,7,7,10,S27,False,16,0,16,16,0,0,0,0,0,"['B264', 'B323', 'B672', 'B366', 'B253', 'B708', 'B502', 'B303', 'B173', 'B337', 'B212', 'B28', 'B577', 'B575', 'B357', 'B149']",8.0,S37,4.19,0,0,0,0.0,,-0.768615,-5.286939,-6.055553,True,False,36,S45,True,12,0.9294,delivery,,,,,,,,,,,,,,,,,,,,,,,,,,,,,,,,,,,,,,,,,,,,,,,,,,,,
42,7,7,23,S37,False,0,0,0,0,19,0,0,0,0,"['B449', 'B569', 'B551', 'B642', 'B234', 'B331', 'B266', 'B179', 'B213', 'B386', 'B116', 'B44', 'B345', 'B353', 'B316', 'B562', 'B351', 'B422', 'B321']",9.5,S32,4.74,19,0,19,0.0,,-1.024815,-5.290837,-6.315652,False,False,18,S34,True,13,0.5382,pickup,,,,,,,,,,,,,,,,,,,,,,,,,,,,,,,,,,,,,,,,,,,,,,,,,,,,
42,7,7,37,S32,False,19,0,19,12,0,0,0,0,0,"['B449', 'B569', 'B551', 'B642', 'B234', 'B331', 'B266', 'B179', 'B213', 'B386', 'B116', 'B44']",6.0,S63,3.1,7,0,7,0.0,,-1.044749,-5.281854,-6.326603,False,False,18,S34,True,12,0.4871,delivery,,,,,,,,,,,,,,,,,,,,,,,,,,,,,,,,,,,,,,,,,,,,,,,,,,,,
42,7,7,46,S63,False,7,0,7,0,0,0,0,0,0,[],0.0,S29,5.25,7,0,7,0.0,,-1.243883,-5.330754,-6.574638,False,False,12,S22,True,2,0.3367,do_nothing,,,,,,,,,,,,,,,,,,,,,,,,,,,,,,,,,,,,,,,,,,,,,,,,,,,,
42,7,7,51,S29,False,7,0,7,0,13,0,0,0,0,"['B553', 'B628', 'B473', 'B617', 'B454', 'B154', 'B490', 'B448', 'B276', 'B203', 'B322', 'B356', 'B683']",6.5,S21,6.52,20,0,20,0.0,,-1.065866,-5.303826,-6.369692,True,False,18,S21,False,15,0.4064,pickup,,,,,,,,,,,,,,,,,,,,,,,,,,,,,,,,,,,,,,,,,,,,,,,,,,,,
42,7,8,4,S21,False,20,0,20,9,0,0,1,0,0,"['B50', 'B345', 'B353', 'B316', 'B562', 'B351', 'B422', 'B321', 'B553', 'B628']",5.0,S63,11.27,11,1,12,0.0,,-1.180761,-5.226413,-6.407174,True,True,48,S34,True,19,1.017,delivery+depot_removal,,,,,,,,,,,,,,,,,,,,,,,,,,,,,,,,,,,,,,,,,,,,,,,,,,,,
42,7,8,20,S63,False,11,1,12,0,8,0,0,0,0,"['B281', 'B518', 'B374', 'B510', 'B719', 'B737', 'B630', 'B310']",4.0,S48,4.03,19,1,20,0.0,,-0.630046,-5.203459,-5.833505,False,False,12,S48,False,7,0.346,pickup,,,,,,,,,,,,,,,,,,,,,,,,,,,,,,,,,,,,,,,,,,,,,,,,,,,,
42,7,8,28,S48,False,19,1,20,11,0,0,0,0,0,"['B473', 'B617', 'B454', 'B154', 'B490', 'B448', 'B276', 'B203', 'B322', 'B356', 'B683']",5.5,S57,7.56,8,1,9,0.0,,-0.726117,-5.192771,-5.918888,True,False,36,S55,True,14,0.9147,delivery,,,,,,,,,,,,,,,,,,,,,,,,,,,,,,,,,,,,,,,,,,,,,,,,,,,,
42,7,8,42,S57,False,8,1,9,0,11,0,0,0,0,"['B608', 'B509', 'B373', 'B731', 'B592', 'B582', 'B410', 'B465', 'B170', 'B567', 'B80']",5.5,S34,4.48,19,1,20,0.0,,-0.471813,-5.1849,-5.656712,False,False,12,S34,False,7,0.291,pickup,,,,,,,,,,,,,,,,,,,,,,,,,,,,,,,,,,,,,,,,,,,,,,,,,,,,
42,7,8,51,S34,False,19,1,20,0,0,0,0,0,0,[],0.0,S55,3.63,19,1,20,0.0,,-0.648824,-5.190451,-5.839275,False,False,18,S55,True,0,0.467,do_nothing,,,,,,,,,,,,,,,,,,,,,,,,,,,,,,,,,,,,,,,,,,,,,,,,,,,,
42,7,8,55,S55,False,19,1,20,16,0,0,2,0,0,"['B343', 'B136', 'B281', 'B518', 'B374', 'B510', 'B719', 'B737', 'B630', 'B310', 'B608', 'B509', 'B373', 'B731', 'B592', 'B582', 'B410', 'B465']",9.0,S54,0.95,3,3,6,0.0,,-0.787536,-5.185745,-5.973281,True,True,42,S34,True,18,1.0433,delivery+depot_removal,,,,,,,,,,,,,,,,,,,,,,,,,,,,,,,,,,,,,,,,,,,,,,,,,,,,
42,7,9,5,S54,False,3,3,6,0,13,0,0,0,0,"['B165', 'B441', 'B403', 'B407', 'B98', 'B461', 'B75', 'B488', 'B134', 'B420', 'B285', 'B128', 'B218']",6.5,S29,1.43,16,3,19,0.0,,-0.669446,-5.228656,-5.898102,False,False,18,S34,True,6,0.3723,pickup,,,,,,,,,,,,,,,,,,,,,,,,,,,,,,,,,,,,,,,,,,,,,,,,,,,,
42,7,9,13,S29,False,16,3,19,16,0,0,1,0,0,"['B64', 'B170', 'B567', 'B80', 'B165', 'B441', 'B403', 'B407', 'B98', 'B461', 'B75', 'B488', 'B134', 'B420', 'B285', 'B128', 'B218']",8.5,S58,6.9,0,4,4,0.0,,-0.690223,-5.197084,-5.887306,True,True,24,S10,True,18,0.5429,delivery+depot_removal,,,,,,,,,,,,,,,,,,,,,,,,,,,,,,,,,,,,,,,,,,,,,,,,,,,,
42,7,9,28,S58,False,0,4,4,0,16,0,0,0,0,"['B24', 'B336', 'B450', 'B733', 'B463', 'B659', 'B383', 'B385', 'B58', 'B275', 'B382', 'B89', 'B547', 'B508', 'B142', 'B62']",8.0,S51,4.51,16,4,20,0.0,,-1.025627,-5.204414,-6.230042,False,False,12,S26,True,9,0.2699,pickup,,,,,,,,,,,,,,,,,,,,,,,,,,,,,,,,,,,,,,,,,,,,,,,,,,,,
42,7,9,41,S51,False,16,4,20,12,0,0,0,0,0,"['B24', 'B336', 'B450', 'B733', 'B463', 'B659', 'B383', 'B385', 'B58', 'B275', 'B382', 'B89']",6.0,S22,11.78,4,4,8,0.0,,-0.393119,-5.194758,-5.587877,False,False,18,S22,False,10,0.4256,delivery,,,,,,,,,,,,,,,,,,,,,,,,,,,,,,,,,,,,,,,,,,,,,,,,,,,,
42,7,9,59,S22,False,4,4,8,4,0,0,0,0,0,"['B547', 'B508', 'B142', 'B62']",2.0,S18,5.73,0,4,4,0.0,,-0.589304,-5.230681,-5.819985,False,False,12,S32,True,10,0.3162,delivery,,,,,,,,,,,,,,,,,,,,,,,,,,,,,,,,,,,,,,,,,,,,,,,,,,,,
42,7,10,6,S18,False,0,4,4,0,15,0,0,0,0,"['B713', 'B187', 'B214', 'B3', 'B241', 'B520', 'B54', 'B751', 'B341', 'B1', 'B139', 'B741', 'B504', 'B220', 'B252']",7.5,S65,4.55,15,4,19,0.0,,-0.926606,-5.305276,-6.231882,False,False,18,S62,True,7,0.4771,pickup,,,,,,,,,,,,,,,,,,,,,,,,,,,,,,,,,,,,,,,,,,,,,,,,,,,,
42,7,10,18,S65,False,15,4,19,15,0,0,1,0,0,"['B317', 'B713', 'B187', 'B214', 'B3', 'B241', 'B520', 'B54', 'B751', 'B341', 'B1', 'B139', 'B741', 'B504', 'B220', 'B252']",8.0,S32,9.46,0,5,5,0.0,,-0.471612,-5.270324,-5.741936,True,True,36,S15,True,31,0.7771,delivery+depot_removal,,,,,,,,,,,,,,,,,,,,,,,,,,,,,,,,,,,,,,,,,,,,,,,,,,,,
42,7,10,36,S32,False,0,5,5,0,11,0,0,0,0,"['B551', 'B642', 'B234', 'B331', 'B266', 'B179', 'B213', 'B386', 'B116', 'B44', 'B721']",5.5,S35,3.98,11,5,16,0.0,,-0.705947,-5.289034,-5.994982,True,False,36,S37,True,27,0.7936,pickup,,,,,,,,,,,,,,,,,,,,,,,,,,,,,,,,,,,,,,,,,,,,,,,,,,,,
42,7,10,45,S35,False,11,5,16,11,0,0,0,0,0,"['B551', 'B642', 'B234', 'B331', 'B266', 'B179', 'B213', 'B386', 'B116', 'B44', 'B721']",5.5,S37,7.89,0,5,5,0.0,,-0.610072,-5.327259,-5.937331,True,False,24,S10,True,16,0.4817,delivery,,,,,,,,,,,,,,,,,,,,,,,,,,,,,,,,,,,,,,,,,,,,,,,,,,,,
42,7,10,59,S37,False,0,5,5,0,15,0,0,0,0,"['B727', 'B290', 'B239', 'B249', 'B36', 'B26', 'B744', 'B197', 'B595', 'B340', 'B533', 'B695', 'B743', 'B431', 'B759']",7.5,S26,7.79,15,5,20,0.0,,-0.434321,-5.354349,-5.78867,False,False,12,S15,True,8,0.3128,pickup,,,,,,,,,,,,,,,,,,,,,,,,,,,,,,,,,,,,,,,,,,,,,,,,,,,,
42,7,11,14,S26,False,15,5,20,15,0,0,0,0,0,"['B727', 'B290', 'B239', 'B249', 'B36', 'B26', 'B744', 'B197', 'B595', 'B340', 'B533', 'B695', 'B743', 'B431', 'B759']",7.5,S44,7.72,0,5,5,0.0,,-0.453036,-5.308572,-5.761608,False,False,12,S44,False,6,0.3201,delivery,,,,,,,,,,,,,,,,,,,,,,,,,,,,,,,,,,,,,,,,,,,,,,,,,,,,
42,7,11,29,S44,False,0,5,5,0,10,0,0,0,0,"['B681', 'B224', 'B639', 'B647', 'B588', 'B185', 'B298', 'B428', 'B146', 'B112']",5.0,S52,0.83,10,5,15,0.0,,-0.51071,-5.321382,-5.832092,True,False,36,S52,False,24,1.1229,pickup,,,,,,,,,,,,,,,,,,,,,,,,,,,,,,,,,,,,,,,,,,,,,,,,,,,,
42,7,11,35,S52,False,10,5,15,0,5,0,0,0,0,"['B281', 'B694', 'B761', 'B184', 'B645']",2.5,S22,7.49,15,5,20,0.0,,-0.6294,-5.288633,-5.918033,True,False,36,S34,True,27,1.0679,pickup,,,,,,,,,,,,,,,,,,,,,,,,,,,,,,,,,,,,,,,,,,,,,,,,,,,,
42,7,11,45,S22,False,15,5,20,15,0,0,0,0,0,"['B681', 'B224', 'B639', 'B647', 'B588', 'B185', 'B298', 'B428', 'B146', 'B112', 'B281', 'B694', 'B761', 'B184', 'B645']",7.5,S40,7.68,0,5,5,0.0,,-0.574788,-5.290757,-5.865545,False,False,18,S34,True,16,0.5789,delivery,,,,,,,,,,,,,,,,,,,,,,,,,,,,,,,,,,,,,,,,,,,,,,,,,,,,
42,7,12,0,S40,False,0,5,5,0,12,0,1,0,0,"['B527', 'B400', 'B318', 'B762', 'B57', 'B325', 'B729', 'B202', 'B510', 'B40', 'B493', 'B217', 'B712']",6.5,S15,2.5,12,6,18,0.0,,-0.607989,-5.261221,-5.86921,True,True,36,S39,True,18,0.9728,pickup+depot_removal,,,,,,,,,,,,,,,,,,,,,,,,,,,,,,,,,,,,,,,,,,,,,,,,,,,,
42,7,12,9,S15,False,12,6,18,12,0,0,0,0,0,"['B527', 'B400', 'B318', 'B762', 'B57', 'B325', 'B729', 'B202', 'B510', 'B40', 'B493', 'B217']",6.0,S66,3.2,0,6,6,0.0,,-0.314821,-5.268242,-5.583062,False,False,12,S66,False,8,0.2835,delivery,,,,,,,,,,,,,,,,,,,,,,,,,,,,,,,,,,,,,,,,,,,,,,,,,,,,
42,7,12,18,S66,False,0,6,6,0,10,0,0,0,0,"['B68', 'B390', 'B289', 'B104', 'B37', 'B79', 'B709', 'B405', 'B668', 'B555']",5.0,S29,6.29,10,6,16,0.0,,-0.25386,-5.226481,-5.480341,False,False,18,S39,True,12,0.4633,pickup,,,,,,,,,,,,,,,,,,,,,,,,,,,,,,,,,,,,,,,,,,,,,,,,,,,,
42,7,12,30,S29,False,10,6,16,10,0,0,0,0,0,"['B68', 'B390', 'B289', 'B104', 'B37', 'B79', 'B709', 'B405', 'B668', 'B555']",5.0,S61,5.74,0,6,6,0.0,,-0.393264,-5.217118,-5.610381,False,False,12,S57,True,9,0.3377,delivery,,,,,,,,,,,,,,,,,,,,,,,,,,,,,,,,,,,,,,,,,,,,,,,,,,,,
42,7,12,41,S61,False,0,6,6,0,6,0,1,0,0,"['B636', 'B4', 'B89', 'B250', 'B528', 'B226', 'B692']",3.5,S34,4.15,6,7,13,0.0,,-0.275629,-5.226053,-5.501682,True,True,72,S39,True,54,1.8502,pickup+depot_removal,,,,,,,,,,,,,,,,,,,,,,,,,,,,,,,,,,,,,,,,,,,,,,,,,,,,
42,7,12,48,S34,False,6,7,13,6,0,0,0,0,0,"['B636', 'B4', 'B89', 'B250', 'B528', 'B226']",3.0,S19,9.06,0,7,7,0.0,,-0.255707,-5.197106,-5.452814,False,False,12,S39,True,9,0.336,delivery,,,,,,,,,,,,,,,,,,,,,,,,,,,,,,,,,,,,,,,,,,,,,,,,,,,,
42,7,13,0,S19,False,0,7,7,0,6,1,1,0,0,"['B715', 'B626', 'B418', 'B55', 'B61', 'B92', 'B108']",6.5,S29,8.16,6,8,14,0.0,,-0.571027,-5.345642,-5.916669,True,True,72,S48,True,43,2.2523,pickup+maintenance,,,,,,,,,,,,,,,,,,,,,,,,,,,,,,,,,,,,,,,,,,,,,,,,,,,,
42,7,13,15,S29,False,6,8,14,6,0,0,0,0,0,"['B715', 'B626', 'B418', 'B55', 'B61', 'B92']",3.0,S48,7.68,0,8,8,0.0,,-0.471119,-5.330864,-5.801983,False,False,12,S48,False,9,0.3069,delivery,,,,,,,,,,,,,,,,,,,,,,,,,,,,,,,,,,,,,,,,,,,,,,,,,,,,
42,7,13,26,S48,False,0,8,8,0,10,0,0,0,0,"['B203', 'B322', 'B356', 'B683', 'B637', 'B128', 'B159', 'B483', 'B625', 'B598']",5.0,S26,11.62,10,8,18,0.0,,-0.883209,-5.345305,-6.228515,True,False,36,S32,True,24,0.9506,pickup,,,,,,,,,,,,,,,,,,,,,,,,,,,,,,,,,,,,,,,,,,,,,,,,,,,,
42,7,13,42,S26,False,10,8,18,10,0,0,0,0,0,"['B203', 'B322', 'B356', 'B683', 'B637', 'B128', 'B159', 'B483', 'B625', 'B598']",5.0,S65,6.43,0,8,8,0.0,,-1.215112,-5.36765,-6.582762,False,False,12,S32,True,6,0.2619,delivery,,,,,,,,,,,,,,,,,,,,,,,,,,,,,,,,,,,,,,,,,,,,,,,,,,,,
42,7,13,54,S65,False,0,8,8,0,12,0,0,0,0,"['B139', 'B741', 'B504', 'B220', 'B252', 'B90', 'B255', 'B445', 'B387', 'B286', 'B570', 'B458']",6.0,S35,10.81,12,8,20,0.0,,-1.492144,-5.412469,-6.904613,False,False,12,S29,True,8,0.309,pickup,,,,,,,,,,,,,,,,,,,,,,,,,,,,,,,,,,,,,,,,,,,,,,,,,,,,
42,7,14,10,S35,False,12,8,20,12,0,0,0,0,0,"['B139', 'B741', 'B504', 'B220', 'B252', 'B90', 'B255', 'B445', 'B387', 'B286', 'B570', 'B458']",6.0,S66,8.23,0,8,8,0.0,,-2.009032,-5.312728,-7.321761,True,False,24,S29,True,13,0.4485,delivery,,,,,,,,,,,,,,,,,,,,,,,,,,,,,,,,,,,,,,,,,,,,,,,,,,,,
42,7,14,25,S66,False,0,8,8,0,12,0,0,0,0,"['B352', 'B550', 'B417', 'B643', 'B22', 'B654', 'B156', 'B635', 'B673', 'B581', 'B743', 'B17']",6.0,S29,6.29,12,8,20,0.0,,-1.953688,-5.336924,-7.290612,False,False,12,S62,True,6,0.2644,pickup,,,,,,,,,,,,,,,,,,,,,,,,,,,,,,,,,,,,,,,,,,,,,,,,,,,,
42,7,14,37,S29,False,12,8,20,12,0,0,0,0,0,"['B352', 'B550', 'B417', 'B643', 'B22', 'B654', 'B156', 'B635', 'B673', 'B581', 'B743', 'B17']",6.0,S62,3.79,0,8,8,0.0,,-2.013451,-5.313687,-7.327138,False,False,12,S62,False,6,0.2436,delivery,,,,,,,,,,,,,,,,,,,,,,,,,,,,,,,,,,,,,,,,,,,,,,,,,,,,
42,7,14,47,S62,False,0,8,8,0,12,0,0,0,0,"['B672', 'B651', 'B482', 'B563', 'B132', 'B62', 'B477', 'B739', 'B711', 'B454', 'B83', 'B28']",6.0,S54,2.78,12,8,20,0.0,,-1.975167,-5.341326,-7.316493,True,False,18,S54,False,12,0.362,pickup,,,,,,,,,,,,,,,,,,,,,,,,,,,,,,,,,,,,,,,,,,,,,,,,,,,,
42,7,14,56,S54,False,12,8,20,12,0,0,0,0,0,"['B672', 'B651', 'B482', 'B563', 'B132', 'B62', 'B477', 'B739', 'B711', 'B454', 'B83', 'B28']",6.0,S12,8.01,0,8,8,0.0,,-2.330141,-5.344167,-7.674307,True,False,24,S42,True,13,0.5973,delivery,,,,,,,,,,,,,,,,,,,,,,,,,,,,,,,,,,,,,,,,,,,,,,,,,,,,
42,7,15,10,S12,False,0,8,8,0,12,0,0,0,0,"['B183', 'B370', 'B75', 'B543', 'B489', 'B501', 'B724', 'B58', 'B468', 'B415', 'B590', 'B525']",6.0,S42,10.97,12,8,20,0.0,,-1.695066,-5.328981,-7.024046,False,False,12,S26,True,10,0.2914,pickup,,,,,,,,,,,,,,,,,,,,,,,,,,,,,,,,,,,,,,,,,,,,,,,,,,,,
42,7,15,26,S42,False,12,8,20,12,0,0,0,0,0,"['B183', 'B370', 'B75', 'B543', 'B489', 'B501', 'B724', 'B58', 'B468', 'B415', 'B590', 'B525']",6.0,S31,9.6,0,8,8,0.0,,-2.051388,-5.30457,-7.355958,True,False,30,S35,True,18,0.6232,delivery,,,,,,,,,,,,,,,,,,,,,,,,,,,,,,,,,,,,,,,,,,,,,,,,,,,,
42,7,15,42,S31,False,0,8,8,0,0,0,0,0,0,[],0.0,S51,7.45,0,8,8,0.0,,-1.734517,-5.297462,-7.031979,False,False,12,S26,True,2,0.2445,do_nothing,,,,,,,,,,,,,,,,,,,,,,,,,,,,,,,,,,,,,,,,,,,,,,,,,,,,
42,7,15,50,S51,False,0,8,8,0,0,0,1,0,0,['B294'],0.5,S31,7.45,0,9,9,0.0,,-2.288318,-5.329984,-7.618302,True,True,18,S65,True,6,0.4257,do_nothing+depot_removal,,,,,,,,,,,,,,,,,,,,,,,,,,,,,,,,,,,,,,,,,,,,,,,,,,,,
42,7,15,57,S31,False,0,9,9,0,11,0,0,0,0,"['B140', 'B450', 'B328', 'B505', 'B610', 'B244', 'B165', 'B327', 'B682', 'B68', 'B585']",5.5,S26,6.02,11,9,20,0.0,,-1.8925,-5.301416,-7.193915,False,False,12,S65,True,7,0.266,pickup,,,,,,,,,,,,,,,,,,,,,,,,,,,,,,,,,,,,,,,,,,,,,,,,,,,,
42,7,16,9,S26,False,11,9,20,11,0,0,0,0,0,"['B140', 'B450', 'B328', 'B505', 'B610', 'B244', 'B165', 'B327', 'B682', 'B68', 'B585']",5.5,S22,7.39,0,9,9,0.0,,-1.319127,-5.299631,-6.618757,False,False,12,S4,True,8,0.2544,delivery,,,,,,,,,,,,,,,,,,,,,,,,,,,,,,,,,,,,,,,,,,,,,,,,,,,,
42,7,16,22,S22,False,0,9,9,0,11,0,0,0,0,"['B761', 'B184', 'B645', 'B338', 'B169', 'B593', 'B589', 'B234', 'B168', 'B70', 'B444']",5.5,S52,7.49,11,9,20,0.0,,-1.303105,-5.312006,-6.615111,False,False,12,S2,True,10,0.2713,pickup,,,,,,,,,,,,,,,,,,,,,,,,,,,,,,,,,,,,,,,,,,,,,,,,,,,,
42,7,16,35,S52,False,11,9,20,11,0,1,0,0,0,"['B761', 'B184', 'B645', 'B338', 'B169', 'B593', 'B589', 'B234', 'B168', 'B70', 'B444']",8.5,S12,6.66,0,9,9,0.0,,-1.006095,-5.280497,-6.286593,True,True,36,S4,True,27,0.8017,delivery+onsite,,,,,,,,,,,,,,,,,,,,,,,,,,,,,,,,,,,,,,,,,,,,,,,,,,,,
42,7,16,50,S12,False,0,9,9,0,11,0,0,0,0,"['B54', 'B429', 'B484', 'B471', 'B633', 'B586', 'B296', 'B209', 'B741', 'B642', 'B684']",5.5,S38,7.06,11,9,20,0.0,,-0.866931,-5.262292,-6.129222,False,False,12,S51,True,7,0.2989,pickup,,,,,,,,,,,,,,,,,,,,,,,,,,,,,,,,,,,,,,,,,,,,,,,,,,,,
42,7,17,3,S38,False,11,9,20,11,0,0,1,0,0,"['B497', 'B54', 'B429', 'B484', 'B471', 'B633', 'B586', 'B296', 'B209', 'B741', 'B642', 'B684']",6.0,S53,4.89,0,10,10,0.0,,-0.668848,-5.222431,-5.891279,True,True,18,S31,True,13,0.3626,delivery+depot_removal,,,,,,,,,,,,,,,,,,,,,,,,,,,,,,,,,,,,,,,,,,,,,,,,,,,,
42,7,17,13,S53,False,0,10,10,0,0,0,0,0,0,[],0.0,S51,3.97,0,10,10,0.0,,-0.61113,-5.210032,-5.821163,True,False,24,S51,False,1,0.5006,do_nothing,,,,,,,,,,,,,,,,,,,,,,,,,,,,,,,,,,,,,,,,,,,,,,,,,,,,
42,7,17,17,S51,False,0,10,10,0,10,0,0,0,0,"['B476', 'B86', 'B261', 'B42', 'B293', 'B377', 'B374', 'B390', 'B30', 'B121']",5.0,S11,10.98,10,10,20,0.0,,-0.373893,-5.198344,-5.572237,False,False,12,S11,False,6,0.2466,pickup,,,,,,,,,,,,,,,,,,,,,,,,,,,,,,,,,,,,,,,,,,,,,,,,,,,,
42,7,17,33,S11,False,10,10,20,0,0,0,0,0,0,[],0.0,S14,2.55,10,10,20,0.0,,-0.610574,-5.231765,-5.842339,True,False,18,S17,True,3,0.4127,do_nothing,,,,,,,,,,,,,,,,,,,,,,,,,,,,,,,,,,,,,,,,,,,,,,,,,,,,
42,7,17,36,S14,False,10,10,20,9,0,0,0,0,0,"['B476', 'B86', 'B261', 'B42', 'B293', 'B377', 'B374', 'B390', 'B30']",4.5,S53,7.28,1,10,11,0.0,,-0.45334,-5.249801,-5.703141,True,False,30,S17,True,7,0.5898,delivery,,,,,,,,,,,,,,,,,,,,,,,,,,,,,,,,,,,,,,,,,,,,,,,,,,,,
42,7,17,48,S53,False,1,10,11,0,9,0,0,0,0,"['B583', 'B193', 'B434', 'B252', 'B460', 'B591', 'B634', 'B632', 'B39']",4.5,S24,9.66,10,10,20,0.0,,-0.432462,-5.210656,-5.643118,True,False,24,S4,True,15,0.6374,pickup,,,,,,,,,,,,,,,,,,,,,,,,,,,,,,,,,,,,,,,,,,,,,,,,,,,,
42,7,18,2,S24,False,10,10,20,10,0,0,0,0,0,"['B121', 'B583', 'B193', 'B434', 'B252', 'B460', 'B591', 'B634', 'B632', 'B39']",5.0,S7,7.29,0,10,10,0.0,,-0.452636,-5.254102,-5.706738,False,False,12,S17,True,6,0.2764,delivery,,,,,,,,,,,,,,,,,,,,,,,,,,,,,,,,,,,,,,,,,,,,,,,,,,,,
42,7,18,14,S7,False,0,10,10,0,10,0,0,0,0,"['B597', 'B192', 'B66', 'B254', 'B560', 'B456', 'B103', 'B507', 'B678', 'B641']",5.0,S39,7.46,10,10,20,0.0,,-0.629001,-5.232997,-5.861997,False,False,12,S28,True,9,0.2621,pickup,,,,,,,,,,,,,,,,,,,,,,,,,,,,,,,,,,,,,,,,,,,,,,,,,,,,
42,7,18,27,S39,False,10,10,20,10,0,0,0,0,0,"['B597', 'B192', 'B66', 'B254', 'B560', 'B456', 'B103', 'B507', 'B678', 'B641']",5.0,S48,7.99,0,10,10,0.0,,-0.394274,-5.212943,-5.607217,True,False,18,S15,True,8,0.4232,delivery,,,,,,,,,,,,,,,,,,,,,,,,,,,,,,,,,,,,,,,,,,,,,,,,,,,,
42,7,18,40,S48,False,0,10,10,0,9,0,0,0,0,"['B582', 'B670', 'B693', 'B442', 'B126', 'B441', 'B15', 'B175', 'B565']",4.5,S19,0.52,9,10,19,0.0,,-0.47401,-5.225934,-5.699945,True,False,36,S12,True,24,0.8685,pickup,,,,,,,,,,,,,,,,,,,,,,,,,,,,,,,,,,,,,,,,,,,,,,,,,,,,
42,7,18,45,S19,False,9,10,19,0,0,1,0,0,0,[],3.0,S15,9.58,9,10,19,0.0,,-0.47266,-5.223853,-5.696513,True,True,36,S15,True,10,0.8731,do_nothing+onsite,,,,,,,,,,,,,,,,,,,,,,,,,,,,,,,,,,,,,,,,,,,,,,,,,,,,
42,7,18,57,S15,False,9,10,19,9,0,0,0,0,0,"['B582', 'B670', 'B693', 'B442', 'B126', 'B441', 'B15', 'B175', 'B565']",4.5,S40,2.5,0,10,10,0.0,,-0.138267,-5.192925,-5.331192,False,False,12,S40,False,7,0.293,delivery,,,,,,,,,,,,,,,,,,,,,,,,,,,,,,,,,,,,,,,,,,,,,,,,,,,,
42,7,19,4,S40,False,0,10,10,0,10,0,0,0,0,"['B408', 'B428', 'B639', 'B422', 'B614', 'B351', 'B742', 'B575', 'B82', 'B748']",5.0,S41,4.79,10,10,20,0.0,,-0.432919,-5.225318,-5.658237,False,False,12,S16,True,9,0.2915,pickup,,,,,,,,,,,,,,,,,,,,,,,,,,,,,,,,,,,,,,,,,,,,,,,,,,,,
42,7,19,14,S41,False,10,10,20,10,0,0,0,0,0,"['B408', 'B428', 'B639', 'B422', 'B614', 'B351', 'B742', 'B575', 'B82', 'B748']",5.0,S65,2.23,0,10,10,0.0,,-0.197337,-5.225493,-5.42283,False,False,12,S31,True,7,0.2978,delivery,,,,,,,,,,,,,,,,,,,,,,,,,,,,,,,,,,,,,,,,,,,,,,,,,,,,
42,7,19,21,S65,False,0,10,10,0,10,0,0,0,0,"['B556', 'B297', 'B146', 'B719', 'B220', 'B60', 'B158', 'B469', 'B711', 'B533']",5.0,S2,1.06,10,10,20,0.0,,-0.235884,-5.222355,-5.458239,False,False,12,S22,True,8,0.2853,pickup,,,,,,,,,,,,,,,,,,,,,,,,,,,,,,,,,,,,,,,,,,,,,,,,,,,,
42,7,19,27,S2,False,10,10,20,10,0,1,0,0,0,"['B556', 'B297', 'B146', 'B719', 'B220', 'B60', 'B158', 'B469', 'B711', 'B533']",8.0,S22,1.21,0,10,10,0.0,,-0.196735,-5.217533,-5.414269,True,True,24,S16,True,19,0.598,delivery+onsite,,,,,,,,,,,,,,,,,,,,,,,,,,,,,,,,,,,,,,,,,,,,,,,,,,,,
42,7,19,37,S22,False,0,10,10,0,10,0,0,0,0,"['B200', 'B61', 'B134', 'B309', 'B738', 'B201', 'B483', 'B117', 'B348', 'B730']",5.0,S47,2.32,10,10,20,0.0,,-0.098667,-5.192403,-5.29107,False,False,9,S47,False,6,0.1768,pickup,,,,,,,,,,,,,,,,,,,,,,,,,,,,,,,,,,,,,,,,,,,,,,,,,,,,
42,7,19,44,S47,False,10,10,20,10,0,0,0,0,0,"['B200', 'B61', 'B134', 'B309', 'B738', 'B201', 'B483', 'B117', 'B348', 'B730']",5.0,D0,3.08,0,10,10,0.0,,-0.236779,-5.215226,-5.452005,False,False,2,D0,False,1,0.0659,delivery,,,,,,,,,,,,,,,,,,,,,,,,,,,,,,,,,,,,,,,,,,,,,,,,,,,,
42,7,19,52,D0,True,0,10,10,0,0,0,0,10,7,"['B152', 'B59', 'B171', 'B438', 'B411', 'B43', 'B702', 'B50', 'B343', 'B136', 'B64', 'B317', 'B712', 'B692', 'B108', 'B294', 'B497']",8.5,D0,0.0,7,0,7,0.0,,-0.236881,-5.220921,-5.457802,True,True,1,D0,False,0,0.043,do_nothing,,,,,,,,,,,,,,,,,,,,,,,,,,,,,,,,,,,,,,,,,,,,,,,,,,,,
42,8,6,0,D0,True,7,0,7,0,0,0,0,0,0,[],0.0,S65,3.15,7,0,7,0.0,,-1.497724,-5.291861,-6.789585,True,True,5,S54,True,1,0.1678,depot_passthrough,,,,,,,,,,,,,,,,,,,,,,,,,,,,,,,,,,,,,,,,,,,,,,,,,,,,
42,8,6,19,S65,False,7,0,7,7,0,0,0,0,0,"['B152', 'B59', 'B171', 'B438', 'B411', 'B43', 'B702']",3.5,S54,8.42,0,0,0,0.0,,-2.109515,-5.322026,-7.43154,False,False,12,S52,True,6,0.3774,delivery,,,,,,,,,,,,,,,,,,,,,,,,,,,,,,,,,,,,,,,,,,,,,,,,,,,,
42,8,6,31,S54,False,0,0,0,0,15,0,0,0,0,"['B705', 'B194', 'B388', 'B342', 'B409', 'B422', 'B415', 'B132', 'B15', 'B330', 'B620', 'B426', 'B349', 'B373', 'B697']",7.5,S55,0.95,15,0,15,0.0,,-1.680292,-5.349328,-7.02962,True,False,36,S55,False,12,1.0013,pickup,,,,,,,,,,,,,,,,,,,,,,,,,,,,,,,,,,,,,,,,,,,,,,,,,,,,
42,8,6,39,S55,False,15,0,15,0,5,0,0,0,0,"['B241', 'B94', 'B89', 'B686', 'B735']",2.5,S66,6.13,20,0,20,0.0,,-1.304752,-5.355522,-6.660274,False,False,12,S66,False,8,0.3714,pickup,,,,,,,,,,,,,,,,,,,,,,,,,,,,,,,,,,,,,,,,,,,,,,,,,,,,
42,8,6,48,S66,False,20,0,20,17,0,0,0,0,0,"['B705', 'B194', 'B388', 'B342', 'B409', 'B422', 'B415', 'B132', 'B15', 'B330', 'B620', 'B426', 'B349', 'B373', 'B697', 'B241', 'B94']",8.5,S52,3.13,3,0,3,0.0,,-1.404185,-5.324323,-6.728508,False,False,18,S65,True,8,0.5933,delivery,,,,,,,,,,,,,,,,,,,,,,,,,,,,,,,,,,,,,,,,,,,,,,,,,,,,
42,8,6,59,S52,False,3,0,3,0,13,0,0,0,0,"['B608', 'B58', 'B468', 'B338', 'B66', 'B254', 'B25', 'B716', 'B760', 'B763', 'B440', 'B271', 'B99']",6.5,S65,6.18,16,0,16,0.0,,-1.024771,-5.357568,-6.382339,True,False,36,S22,True,25,1.1404,pickup,,,,,,,,,,,,,,,,,,,,,,,,,,,,,,,,,,,,,,,,,,,,,,,,,,,,
42,8,7,12,S65,False,16,0,16,16,0,0,0,0,0,"['B89', 'B686', 'B735', 'B608', 'B58', 'B468', 'B338', 'B66', 'B254', 'B25', 'B716', 'B760', 'B763', 'B440', 'B271', 'B99']",8.0,S55,9.08,0,0,0,0.0,,-1.063554,-5.303909,-6.367463,False,False,12,S45,True,6,0.2778,delivery,,,,,,,,,,,,,,,,,,,,,,,,,,,,,,,,,,,,,,,,,,,,,,,,,,,,
42,8,7,29,S55,False,0,0,0,0,18,0,0,0,0,"['B385', 'B140', 'B418', 'B563', 'B86', 'B42', 'B27', 'B83', 'B329', 'B308', 'B709', 'B676', 'B679', 'B639', 'B377', 'B656', 'B693', 'B582']",9.0,S48,5.56,18,0,18,0.0,,-0.729018,-5.272012,-6.00103,False,False,18,S26,True,13,0.4585,pickup,,,,,,,,,,,,,,,,,,,,,,,,,,,,,,,,,,,,,,,,,,,,,,,,,,,,
42,8,7,44,S48,False,18,0,18,0,0,1,0,0,0,[],3.0,S62,6.32,18,0,18,0.0,,-0.55216,-5.286712,-5.838871,True,True,36,S26,True,9,0.8824,do_nothing+onsite,,,,,,,,,,,,,,,,,,,,,,,,,,,,,,,,,,,,,,,,,,,,,,,,,,,,
42,8,7,53,S62,False,18,0,18,13,0,0,0,0,0,"['B385', 'B140', 'B418', 'B563', 'B86', 'B42', 'B27', 'B83', 'B329', 'B308', 'B709', 'B676', 'B679']",6.5,S26,5.52,5,0,5,0.0,,-0.60963,-5.246957,-5.856587,True,False,36,S26,False,27,0.907,delivery,,,,,,,,,,,,,,,,,,,,,,,,,,,,,,,,,,,,,,,,,,,,,,,,,,,,
42,8,8,5,S26,False,5,0,5,5,0,0,0,0,0,"['B639', 'B377', 'B656', 'B693', 'B582']",2.5,S57,6.87,0,0,0,0.0,,-0.450199,-5.265682,-5.715881,False,False,12,S59,True,7,0.3273,delivery,,,,,,,,,,,,,,,,,,,,,,,,,,,,,,,,,,,,,,,,,,,,,,,,,,,,
42,8,8,14,S57,False,0,0,0,0,16,0,0,0,0,"['B380', 'B526', 'B33', 'B384', 'B276', 'B243', 'B378', 'B293', 'B291', 'B324', 'B500', 'B185', 'B753', 'B279', 'B259', 'B211']",8.0,S61,7.47,16,0,16,0.0,,-0.433964,-5.26667,-5.700635,True,False,36,S37,True,15,1.1177,pickup,,,,,,,,,,,,,,,,,,,,,,,,,,,,,,,,,,,,,,,,,,,,,,,,,,,,
42,8,8,30,S61,False,16,0,16,0,0,0,2,0,0,"['B95', 'B457']",1.0,S43,3.44,16,2,18,0.0,,-0.5909,-5.280065,-5.870965,True,True,54,S15,True,14,1.3736,do_nothing+depot_removal,,,,,,,,,,,,,,,,,,,,,,,,,,,,,,,,,,,,,,,,,,,,,,,,,,,,
42,8,8,34,S43,False,16,2,18,14,0,2,1,0,0,"['B137', 'B380', 'B526', 'B33', 'B384', 'B276', 'B243', 'B378', 'B293', 'B291', 'B324', 'B500', 'B185', 'B753', 'B279']",13.5,S15,5.75,2,3,5,0.0,,-0.610126,-5.264647,-5.874772,True,True,108,S15,True,105,2.7337,delivery+maintenance,,,,,,,,,,,,,,,,,,,,,,,,,,,,,,,,,,,,,,,,,,,,,,,,,,,,
42,8,8,53,S15,False,2,3,5,2,0,0,0,0,0,"['B259', 'B211']",1.0,S54,3.9,0,3,3,0.0,,-0.847359,-5.274802,-6.122161,False,False,12,S37,True,9,0.3185,delivery,,,,,,,,,,,,,,,,,,,,,,,,,,,,,,,,,,,,,,,,,,,,,,,,,,,,
42,8,8,58,S54,False,0,3,3,0,9,0,0,0,0,"['B70', 'B521', 'B55', 'B602', 'B311', 'B474', 'B537', 'B10', 'B143']",4.5,S37,4.98,9,3,12,0.0,,-1.263005,-5.287116,-6.550121,True,False,36,S37,False,25,0.9651,pickup,,,,,,,,,,,,,,,,,,,,,,,,,,,,,,,,,,,,,,,,,,,,,,,,,,,,
42,8,9,8,S37,False,9,3,12,0,0,0,0,0,0,[],0.0,S35,7.89,9,3,12,0.0,,-0.551551,-5.286606,-5.838157,True,False,24,S35,True,2,0.5096,do_nothing,,,,,,,,,,,,,,,,,,,,,,,,,,,,,,,,,,,,,,,,,,,,,,,,,,,,
42,8,9,16,S35,False,9,3,12,0,0,1,0,0,0,[],3.0,S41,9.63,9,3,12,0.0,,-0.550757,-5.288507,-5.839265,True,True,24,S37,True,9,0.6982,do_nothing+onsite,,,,,,,,,,,,,,,,,,,,,,,,,,,,,,,,,,,,,,,,,,,,,,,,,,,,
42,8,9,28,S41,False,9,3,12,9,0,0,0,0,0,"['B70', 'B521', 'B55', 'B602', 'B311', 'B474', 'B537', 'B10', 'B143']",4.5,S16,5.02,0,3,3,0.0,,-1.003893,-5.334494,-6.338387,False,False,12,S37,True,10,0.3796,delivery,,,,,,,,,,,,,,,,,,,,,,,,,,,,,,,,,,,,,,,,,,,,,,,,,,,,
42,8,9,38,S16,False,0,3,3,0,7,1,0,0,0,"['B666', 'B198', 'B609', 'B501', 'B732', 'B73', 'B282']",6.5,S37,1.47,7,3,10,0.0,,-0.749342,-5.295343,-6.044685,True,True,72,S39,True,38,1.7789,pickup+onsite,,,,,,,,,,,,,,,,,,,,,,,,,,,,,,,,,,,,,,,,,,,,,,,,,,,,
42,8,9,46,S37,False,7,3,10,0,10,0,0,0,0,"['B368', 'B142', 'B157', 'B299', 'B419', 'B287', 'B467', 'B231', 'B554', 'B764']",5.0,S48,5.41,17,3,20,0.0,,-0.434118,-5.289529,-5.723647,True,False,24,S22,True,19,0.6517,pickup,,,,,,,,,,,,,,,,,,,,,,,,,,,,,,,,,,,,,,,,,,,,,,,,,,,,
42,8,9,56,S48,False,17,3,20,11,0,0,0,0,0,"['B666', 'B198', 'B609', 'B501', 'B732', 'B73', 'B282', 'B368', 'B142', 'B157', 'B299']",5.5,S51,0.84,6,3,9,0.0,,-0.946477,-5.295713,-6.24219,False,False,18,S50,True,6,0.3654,delivery,,,,,,,,,,,,,,,,,,,,,,,,,,,,,,,,,,,,,,,,,,,,,,,,,,,,
42,8,10,3,S51,False,6,3,9,6,0,0,0,0,0,"['B419', 'B287', 'B467', 'B231', 'B554', 'B764']",3.0,S10,7.37,0,3,3,0.0,,-0.968451,-5.315158,-6.283608,False,False,12,S66,True,7,0.2977,delivery,,,,,,,,,,,,,,,,,,,,,,,,,,,,,,,,,,,,,,,,,,,,,,,,,,,,
42,8,10,13,S10,False,0,3,3,0,0,0,0,0,0,[],0.0,S63,4.83,0,3,3,0.0,,-1.004403,-5.33152,-6.335923,False,False,12,S39,True,1,0.2889,do_nothing,,,,,,,,,,,,,,,,,,,,,,,,,,,,,,,,,,,,,,,,,,,,,,,,,,,,
42,8,10,18,S63,False,0,3,3,0,14,0,0,0,0,"['B443', 'B265', 'B69', 'B360', 'B566', 'B515', 'B49', 'B105', 'B505', 'B67', 'B433', 'B59', 'B411', 'B407']",7.0,S26,7.98,14,3,17,0.0,,-0.826133,-5.320861,-6.146994,False,False,18,S39,True,6,0.4928,pickup,,,,,,,,,,,,,,,,,,,,,,,,,,,,,,,,,,,,,,,,,,,,,,,,,,,,
42,8,10,33,S26,False,14,3,17,14,0,0,0,0,0,"['B443', 'B265', 'B69', 'B360', 'B566', 'B515', 'B49', 'B105', 'B505', 'B67', 'B433', 'B59', 'B411', 'B407']",7.0,S39,9.74,0,3,3,0.0,,-1.042449,-5.334095,-6.376544,False,False,12,S23,True,7,0.3206,delivery,,,,,,,,,,,,,,,,,,,,,,,,,,,,,,,,,,,,,,,,,,,,,,,,,,,,
42,8,10,49,S39,False,0,3,3,0,17,0,0,0,0,"['B421', 'B127', 'B569', 'B270', 'B555', 'B746', 'B749', 'B174', 'B167', 'B439', 'B710', 'B647', 'B670', 'B632', 'B627', 'B720', 'B658']",8.5,S44,4.87,17,3,20,0.0,,-0.72882,-5.341733,-6.070553,True,False,48,S27,True,37,1.2866,pickup,,,,,,,,,,,,,,,,,,,,,,,,,,,,,,,,,,,,,,,,,,,,,,,,,,,,
42,8,11,3,S44,False,17,3,20,10,0,0,0,0,0,"['B421', 'B127', 'B569', 'B270', 'B555', 'B746', 'B749', 'B174', 'B167', 'B439']",5.0,S37,1.36,7,3,10,0.0,,-0.708495,-5.396287,-6.104782,True,False,30,S28,True,18,0.7494,delivery,,,,,,,,,,,,,,,,,,,,,,,,,,,,,,,,,,,,,,,,,,,,,,,,,,,,
42,8,11,9,S37,False,7,3,10,0,10,0,0,0,0,"['B130', 'B82', 'B596', 'B431', 'B574', 'B297', 'B728', 'B406', 'B430', 'B416']",5.0,S24,9.36,17,3,20,0.0,,-0.668754,-5.403049,-6.071804,True,False,24,S24,False,20,0.59,pickup,,,,,,,,,,,,,,,,,,,,,,,,,,,,,,,,,,,,,,,,,,,,,,,,,,,,
42,8,11,24,S24,False,17,3,20,13,0,0,0,0,0,"['B710', 'B647', 'B670', 'B632', 'B627', 'B720', 'B658', 'B130', 'B82', 'B596', 'B431', 'B574', 'B297']",6.5,S22,6.27,4,3,7,0.0,,-0.769511,-5.41033,-6.179842,False,False,18,S22,False,14,0.4562,delivery,,,,,,,,,,,,,,,,,,,,,,,,,,,,,,,,,,,,,,,,,,,,,,,,,,,,
42,8,11,36,S22,False,4,3,7,4,0,0,0,0,0,"['B728', 'B406', 'B430', 'B416']",2.0,S37,7.12,0,3,3,0.0,,-0.685373,-5.401265,-6.086638,False,False,12,S13,True,9,0.3008,delivery,,,,,,,,,,,,,,,,,,,,,,,,,,,,,,,,,,,,,,,,,,,,,,,,,,,,
42,8,11,45,S37,False,0,3,3,0,12,0,1,0,0,"['B169', 'B235', 'B544', 'B277', 'B75', 'B0', 'B678', 'B109', 'B664', 'B129', 'B672', 'B66', 'B414']",6.5,S63,1.78,12,4,16,0.0,,-0.314027,-5.362687,-5.676714,True,True,54,S59,True,42,1.3893,pickup+depot_removal,,,,,,,,,,,,,,,,,,,,,,,,,,,,,,,,,,,,,,,,,,,,,,,,,,,,
42,8,11,54,S63,False,12,4,16,12,0,0,0,0,0,"['B169', 'B235', 'B544', 'B277', 'B75', 'B0', 'B678', 'B109', 'B664', 'B129', 'B672', 'B66']",6.0,S13,12.63,0,4,4,0.0,,-0.452743,-5.336608,-5.789351,False,False,12,S33,True,8,0.3699,delivery,,,,,,,,,,,,,,,,,,,,,,,,,,,,,,,,,,,,,,,,,,,,,,,,,,,,
42,8,12,12,S13,False,0,4,4,0,16,0,0,0,0,"['B166', 'B706', 'B450', 'B248', 'B159', 'B160', 'B644', 'B657', 'B708', 'B506', 'B698', 'B227', 'B21', 'B181', 'B713', 'B352']",8.0,S29,14.36,16,4,20,0.0,,-0.747688,-5.284803,-6.03249,False,False,12,S28,True,7,0.3578,pickup,,,,,,,,,,,,,,,,,,,,,,,,,,,,,,,,,,,,,,,,,,,,,,,,,,,,
42,8,12,35,S29,False,16,4,20,16,0,0,0,0,0,"['B166', 'B706', 'B450', 'B248', 'B159', 'B160', 'B644', 'B657', 'B708', 'B506', 'B698', 'B227', 'B21', 'B181', 'B713', 'B352']",8.0,S66,6.29,0,4,4,0.0,,-0.732972,-5.275251,-6.008223,False,False,12,S50,True,6,0.3806,delivery,,,,,,,,,,,,,,,,,,,,,,,,,,,,,,,,,,,,,,,,,,,,,,,,,,,,
42,8,12,49,S66,False,0,4,4,0,16,0,0,0,0,"['B10', 'B455', 'B33', 'B143', 'B607', 'B151', 'B716', 'B179', 'B465', 'B140', 'B383', 'B545', 'B665', 'B704', 'B534', 'B87']",8.0,S50,7.23,16,4,20,0.0,,-0.374846,-5.256248,-5.631094,False,False,12,S27,True,7,0.447,pickup,,,,,,,,,,,,,,,,,,,,,,,,,,,,,,,,,,,,,,,,,,,,,,,,,,,,
42,8,13,4,S50,False,16,4,20,16,0,0,0,0,0,"['B10', 'B455', 'B33', 'B143', 'B607', 'B151', 'B716', 'B179', 'B465', 'B140', 'B383', 'B545', 'B665', 'B704', 'B534', 'B87']",8.0,S62,4.95,0,4,4,0.0,,-0.491186,-5.267255,-5.758441,False,False,12,S15,True,9,0.3157,delivery,,,,,,,,,,,,,,,,,,,,,,,,,,,,,,,,,,,,,,,,,,,,,,,,,,,,
42,8,13,17,S62,False,0,4,4,0,0,0,1,0,0,['B628'],0.5,S23,8.01,0,5,5,0.0,,-0.393623,-5.278035,-5.671658,True,True,36,S60,True,10,1.0966,do_nothing+depot_removal,,,,,,,,,,,,,,,,,,,,,,,,,,,,,,,,,,,,,,,,,,,,,,,,,,,,
42,8,13,26,S23,False,0,5,5,0,11,0,0,0,0,"['B365', 'B540', 'B122', 'B538', 'B18', 'B141', 'B410', 'B1', 'B61', 'B668', 'B78']",5.5,S15,7.55,11,5,16,0.0,,-0.805763,-5.25674,-6.062503,False,False,18,S60,True,6,0.472,pickup,,,,,,,,,,,,,,,,,,,,,,,,,,,,,,,,,,,,,,,,,,,,,,,,,,,,
42,8,13,39,S15,False,11,5,16,11,0,0,0,0,0,"['B365', 'B540', 'B122', 'B538', 'B18', 'B141', 'B410', 'B1', 'B61', 'B668', 'B78']",5.5,S48,9.05,0,5,5,0.0,,-0.868483,-5.210851,-6.079333,False,False,12,S16,True,9,0.3502,delivery,,,,,,,,,,,,,,,,,,,,,,,,,,,,,,,,,,,,,,,,,,,,,,,,,,,,
42,8,13,53,S48,False,0,5,5,0,12,0,0,0,0,"['B198', 'B609', 'B501', 'B732', 'B73', 'B282', 'B368', 'B142', 'B157', 'B299', 'B558', 'B370']",6.0,S17,13.62,12,5,17,0.0,,-0.767669,-5.218681,-5.98635,False,False,18,S43,True,16,0.4839,pickup,,,,,,,,,,,,,,,,,,,,,,,,,,,,,,,,,,,,,,,,,,,,,,,,,,,,
42,8,14,13,S17,False,12,5,17,12,0,0,0,0,0,"['B198', 'B609', 'B501', 'B732', 'B73', 'B282', 'B368', 'B142', 'B157', 'B299', 'B558', 'B370']",6.0,S62,7.52,0,5,5,0.0,,-0.690125,-5.203465,-5.89359,False,False,12,S62,False,7,0.3179,delivery,,,,,,,,,,,,,,,,,,,,,,,,,,,,,,,,,,,,,,,,,,,,,,,,,,,,
42,8,14,26,S62,False,0,5,5,0,15,0,0,0,0,"['B615', 'B734', 'B484', 'B361', 'B8', 'B441', 'B623', 'B426', 'B620', 'B125', 'B275', 'B71', 'B693', 'B16', 'B197']",7.5,S29,3.79,15,5,20,0.0,,-0.747392,-5.2179,-5.965292,False,False,12,S39,True,9,0.3151,pickup,,,,,,,,,,,,,,,,,,,,,,,,,,,,,,,,,,,,,,,,,,,,,,,,,,,,
42,8,14,38,S29,False,15,5,20,15,0,0,0,0,0,"['B615', 'B734', 'B484', 'B361', 'B8', 'B441', 'B623', 'B426', 'B620', 'B125', 'B275', 'B71', 'B693', 'B16', 'B197']",7.5,S41,7.7,0,5,5,0.0,,-0.355424,-5.230679,-5.586103,False,False,12,S57,True,8,0.301,delivery,,,,,,,,,,,,,,,,,,,,,,,,,,,,,,,,,,,,,,,,,,,,,,,,,,,,
42,8,14,53,S41,False,0,5,5,0,15,0,0,0,0,"['B2', 'B97', 'B326', 'B443', 'B3', 'B147', 'B314', 'B386', 'B123', 'B99', 'B239', 'B5', 'B45', 'B397', 'B491']",7.5,S26,6.65,15,5,20,0.0,,-1.20514,-5.238504,-6.443644,False,False,18,S60,True,7,0.5535,pickup,,,,,,,,,,,,,,,,,,,,,,,,,,,,,,,,,,,,,,,,,,,,,,,,,,,,
42,8,15,7,S26,False,15,5,20,15,0,0,0,0,0,"['B2', 'B97', 'B326', 'B443', 'B3', 'B147', 'B314', 'B386', 'B123', 'B99', 'B239', 'B5', 'B45', 'B397', 'B491']",7.5,S60,6.85,0,5,5,0.0,,-0.866137,-5.220972,-6.087108,False,False,12,S63,True,6,0.3277,delivery,,,,,,,,,,,,,,,,,,,,,,,,,,,,,,,,,,,,,,,,,,,,,,,,,,,,
42,8,15,21,S60,False,0,5,5,0,15,1,0,0,0,"['B508', 'B14', 'B90', 'B152', 'B602', 'B15', 'B415', 'B579', 'B448', 'B341', 'B47', 'B699', 'B9', 'B21', 'B409']",10.5,S39,2.89,15,5,20,0.0,,-0.731571,-5.229019,-5.960589,True,True,36,S39,True,30,0.8843,pickup+onsite,,,,,,,,,,,,,,,,,,,,,,,,,,,,,,,,,,,,,,,,,,,,,,,,,,,,
42,8,15,35,S39,False,15,5,20,15,0,0,0,0,0,"['B508', 'B14', 'B90', 'B152', 'B602', 'B15', 'B415', 'B579', 'B448', 'B341', 'B47', 'B699', 'B9', 'B21', 'B409']",7.5,S51,7.16,0,5,5,0.0,,-0.92541,-5.247759,-6.173169,True,False,48,S34,True,16,1.0685,delivery,,,,,,,,,,,,,,,,,,,,,,,,,,,,,,,,,,,,,,,,,,,,,,,,,,,,
42,8,15,49,S51,False,0,5,5,0,13,0,0,0,0,"['B211', 'B555', 'B309', 'B437', 'B413', 'B616', 'B112', 'B186', 'B697', 'B89', 'B546', 'B432', 'B429']",6.5,S49,7.18,13,5,18,0.0,,-0.889413,-5.203745,-6.093158,False,False,18,S59,True,10,0.4533,pickup,,,,,,,,,,,,,,,,,,,,,,,,,,,,,,,,,,,,,,,,,,,,,,,,,,,,
42,8,16,3,S49,False,13,5,18,13,0,0,1,0,0,"['B182', 'B211', 'B555', 'B309', 'B437', 'B413', 'B616', 'B112', 'B186', 'B697', 'B89', 'B546', 'B432', 'B429']",7.0,S52,4.16,0,6,6,0.0,,-0.889354,-5.2627,-6.152054,True,True,36,S32,True,33,1.1294,delivery+depot_removal,,,,,,,,,,,,,,,,,,,,,,,,,,,,,,,,,,,,,,,,,,,,,,,,,,,,
42,8,16,14,S52,False,0,6,6,0,8,0,0,0,0,"['B26', 'B312', 'B472', 'B270', 'B517', 'B747', 'B221', 'B22']",4.0,S32,3.72,8,6,14,0.0,,-0.452599,-5.232947,-5.685546,True,False,54,S20,True,19,1.3565,pickup,,,,,,,,,,,,,,,,,,,,,,,,,,,,,,,,,,,,,,,,,,,,,,,,,,,,
42,8,16,22,S32,False,8,6,14,8,0,0,0,0,0,"['B26', 'B312', 'B472', 'B270', 'B517', 'B747', 'B221', 'B22']",4.0,S20,13.51,0,6,6,0.0,,-0.472061,-5.198462,-5.670523,True,False,24,S20,False,13,0.5558,delivery,,,,,,,,,,,,,,,,,,,,,,,,,,,,,,,,,,,,,,,,,,,,,,,,,,,,
42,8,16,40,S20,False,0,6,6,0,0,0,1,0,0,['B355'],0.5,S58,10.73,0,7,7,0.0,,-0.275227,-5.214803,-5.49003,True,True,18,S34,True,6,0.5383,do_nothing+depot_removal,,,,,,,,,,,,,,,,,,,,,,,,,,,,,,,,,,,,,,,,,,,,,,,,,,,,
42,8,16,51,S58,False,0,7,7,0,0,0,1,0,0,['B34'],0.5,S59,1.19,0,8,8,0.0,,-0.55071,-5.210967,-5.761677,True,True,24,S59,True,6,0.6609,do_nothing+depot_removal,,,,,,,,,,,,,,,,,,,,,,,,,,,,,,,,,,,,,,,,,,,,,,,,,,,,
42,8,16,52,S59,False,0,8,8,0,12,0,0,0,0,"['B718', 'B454', 'B200', 'B677', 'B408', 'B217', 'B173', 'B80', 'B319', 'B645', 'B584', 'B428']",6.0,S34,6.35,12,8,20,0.0,,-0.314478,-5.184446,-5.498924,True,False,18,S20,True,13,0.4922,pickup,,,,,,,,,,,,,,,,,,,,,,,,,,,,,,,,,,,,,,,,,,,,,,,,,,,,
42,8,17,5,S34,False,12,8,20,0,0,0,0,0,0,[],0.0,S41,5.73,12,8,20,0.0,,-0.216256,-5.136248,-5.352505,False,False,12,S41,False,0,0.2637,do_nothing,,,,,,,,,,,,,,,,,,,,,,,,,,,,,,,,,,,,,,,,,,,,,,,,,,,,
42,8,17,11,S41,False,12,8,20,12,0,0,0,0,0,"['B718', 'B454', 'B200', 'B677', 'B408', 'B217', 'B173', 'B80', 'B319', 'B645', 'B584', 'B428']",6.0,S47,1.45,0,8,8,0.0,,-0.453485,-5.137164,-5.590649,False,False,12,S20,True,8,0.3123,delivery,,,,,,,,,,,,,,,,,,,,,,,,,,,,,,,,,,,,,,,,,,,,,,,,,,,,
42,8,17,18,S47,False,0,8,8,0,12,0,0,0,0,"['B300', 'B175', 'B701', 'B736', 'B449', 'B562', 'B722', 'B638', 'B278', 'B230', 'B79', 'B98']",6.0,S38,4.38,12,8,20,0.0,,-0.296853,-5.081932,-5.378785,False,False,18,S58,True,8,0.5111,pickup,,,,,,,,,,,,,,,,,,,,,,,,,,,,,,,,,,,,,,,,,,,,,,,,,,,,
42,8,17,28,S38,False,12,8,20,9,0,1,0,0,0,"['B300', 'B175', 'B701', 'B736', 'B449', 'B562', 'B722', 'B638', 'B278']",7.5,S34,7.05,3,8,11,0.0,,-0.2972,-5.13252,-5.42972,True,True,36,S34,True,19,0.9472,delivery+onsite,,,,,,,,,,,,,,,,,,,,,,,,,,,,,,,,,,,,,,,,,,,,,,,,,,,,
42,8,17,43,S34,False,3,8,11,3,0,0,0,0,0,"['B230', 'B79', 'B98']",1.5,S58,6.07,0,8,8,0.0,,-0.177612,-5.156684,-5.334297,False,False,12,S58,False,6,0.223,delivery,,,,,,,,,,,,,,,,,,,,,,,,,,,,,,,,,,,,,,,,,,,,,,,,,,,,
42,8,17,51,S58,False,0,8,8,0,12,0,0,0,0,"['B512', 'B590', 'B263', 'B358', 'B287', 'B624', 'B521', 'B372', 'B565', 'B440', 'B53', 'B444']",6.0,S9,7.7,12,8,20,0.0,,-0.335851,-5.142873,-5.478724,True,False,18,S34,True,13,0.4481,pickup,,,,,,,,,,,,,,,,,,,,,,,,,,,,,,,,,,,,,,,,,,,,,,,,,,,,
42,8,18,4,S9,False,12,8,20,8,0,0,2,0,0,"['B288', 'B499', 'B512', 'B590', 'B263', 'B358', 'B287', 'B624', 'B521', 'B372']",5.0,S16,7.05,4,10,14,0.0,,-0.315077,-5.252101,-5.567178,True,True,54,S6,True,20,1.7686,delivery+depot_removal,,,,,,,,,,,,,,,,,,,,,,,,,,,,,,,,,,,,,,,,,,,,,,,,,,,,
42,8,18,16,S16,False,4,10,14,4,0,0,0,0,0,"['B565', 'B440', 'B53', 'B444']",2.0,S66,4.13,0,10,10,0.0,,-0.414141,-5.210987,-5.625127,True,False,24,S66,False,12,0.765,delivery,,,,,,,,,,,,,,,,,,,,,,,,,,,,,,,,,,,,,,,,,,,,,,,,,,,,
42,8,18,22,S66,False,0,10,10,0,10,0,0,0,0,"['B24', 'B346', 'B551', 'B435', 'B332', 'B337', 'B120', 'B274', 'B17', 'B486']",5.0,S28,8.95,10,10,20,0.0,,-0.510657,-5.200469,-5.711126,True,False,24,S41,True,13,0.7206,pickup,,,,,,,,,,,,,,,,,,,,,,,,,,,,,,,,,,,,,,,,,,,,,,,,,,,,
42,8,18,36,S28,False,10,10,20,10,0,3,0,0,0,"['B24', 'B346', 'B551', 'B435', 'B332', 'B337', 'B120', 'B274', 'B17', 'B486']",14.0,S59,11.39,0,10,10,0.0,,-0.039346,-5.175153,-5.214499,True,True,48,S6,True,44,1.1784,delivery+onsite,,,,,,,,,,,,,,,,,,,,,,,,,,,,,,,,,,,,,,,,,,,,,,,,,,,,
42,8,19,2,S59,False,0,10,10,0,10,0,0,0,0,"['B640', 'B114', 'B503', 'B236', 'B661', 'B604', 'B374', 'B168', 'B748', 'B563']",5.0,S61,2.35,10,10,20,0.0,,-0.395818,-5.194672,-5.590489,True,False,18,S42,True,16,0.3911,pickup,,,,,,,,,,,,,,,,,,,,,,,,,,,,,,,,,,,,,,,,,,,,,,,,,,,,
42,8,19,9,S61,False,10,10,20,10,0,0,0,0,0,"['B640', 'B114', 'B503', 'B236', 'B661', 'B604', 'B374', 'B168', 'B748', 'B563']",5.0,S42,8.85,0,10,10,0.0,,-0.218012,-5.185649,-5.403661,False,False,18,S55,True,15,0.4009,delivery,,,,,,,,,,,,,,,,,,,,,,,,,,,,,,,,,,,,,,,,,,,,,,,,,,,,
42,8,19,23,S42,False,0,10,10,0,0,0,1,0,0,['B548'],0.5,S44,8.11,0,11,11,0.0,,-0.198186,-5.22076,-5.418945,True,True,30,S44,False,7,0.6694,do_nothing+depot_removal,,,,,,,,,,,,,,,,,,,,,,,,,,,,,,,,,,,,,,,,,,,,,,,,,,,,
42,8,19,32,S44,False,0,11,11,0,9,0,0,0,0,"['B506', 'B378', 'B702', 'B675', 'B445', 'B311', 'B37', 'B256', 'B376']",4.5,S18,2.71,9,11,20,0.0,,-0.197081,-5.200551,-5.397633,True,False,18,S55,True,13,0.3709,pickup,,,,,,,,,,,,,,,,,,,,,,,,,,,,,,,,,,,,,,,,,,,,,,,,,,,,
42,8,19,39,S18,False,9,11,20,9,0,0,0,0,0,"['B506', 'B378', 'B702', 'B675', 'B445', 'B311', 'B37', 'B256', 'B376']",4.5,S59,0.93,0,11,11,0.0,,-0.274377,-5.186654,-5.461032,False,False,9,S55,True,5,0.2279,delivery,,,,,,,,,,,,,,,,,,,,,,,,,,,,,,,,,,,,,,,,,,,,,,,,,,,,
42,8,19,44,S59,False,0,11,11,0,0,0,0,0,0,[],0.0,S33,3.27,0,11,11,0.0,,-0.176463,-5.169539,-5.346002,True,False,9,S33,False,2,0.2409,do_nothing,,,,,,,,,,,,,,,,,,,,,,,,,,,,,,,,,,,,,,,,,,,,,,,,,,,,
42,8,19,47,S33,False,0,11,11,0,9,0,0,0,0,"['B128', 'B379', 'B242', 'B542', 'B20', 'B398', 'B234', 'B235', 'B203']",4.5,D0,0.94,9,11,20,0.0,,-0.196436,-5.183815,-5.380251,False,False,3,D0,False,2,0.0966,pickup,,,,,,,,,,,,,,,,,,,,,,,,,,,,,,,,,,,,,,,,,,,,,,,,,,,,
42,8,19,53,D0,True,9,11,20,0,0,0,0,11,10,"['B50', 'B343', 'B136', 'B64', 'B317', 'B712', 'B692', 'B108', 'B294', 'B497', 'B95', 'B457', 'B137', 'B414', 'B628', 'B182', 'B355', 'B34', 'B288', 'B499', 'B548']",10.5,D0,0.0,19,0,19,0.0,,-0.117689,-5.200851,-5.31854,True,True,1,D0,False,0,0.0345,do_nothing,,,,,,,,,,,,,,,,,,,,,,,,,,,,,,,,,,,,,,,,,,,,,,,,,,,,
42,9,6,3,D0,True,19,0,19,0,0,0,0,0,0,[],0.0,S41,2.23,19,0,19,0.0,,-2.148193,-5.306453,-7.454647,True,True,5,S41,False,1,0.1236,depot_passthrough,,,,,,,,,,,,,,,,,,,,,,,,,,,,,,,,,,,,,,,,,,,,,,,,,,,,
42,9,6,21,S41,False,19,0,19,19,0,0,0,0,0,"['B128', 'B379', 'B242', 'B542', 'B20', 'B398', 'B234', 'B235', 'B203', 'B50', 'B343', 'B136', 'B64', 'B317', 'B712', 'B692', 'B108', 'B294', 'B497']",9.5,S59,2.97,0,0,0,0.0,,-1.37918,-5.326468,-6.705648,False,False,12,S46,True,7,0.3452,delivery,,,,,,,,,,,,,,,,,,,,,,,,,,,,,,,,,,,,,,,,,,,,,,,,,,,,
42,9,6,33,S59,False,0,0,0,0,0,0,1,0,0,['B531'],0.5,S54,6.37,0,1,1,0.0,,-1.458544,-5.381864,-6.840408,True,True,30,S39,True,10,0.8606,do_nothing+depot_removal,,,,,,,,,,,,,,,,,,,,,,,,,,,,,,,,,,,,,,,,,,,,,,,,,,,,
42,9,6,40,S54,False,0,1,1,0,13,0,0,0,0,"['B293', 'B305', 'B7', 'B466', 'B349', 'B352', 'B115', 'B587', 'B56', 'B248', 'B708', 'B264', 'B595']",6.5,S46,3.3,13,1,14,0.0,,-1.303957,-5.373768,-6.677726,True,False,36,S46,False,25,0.8648,pickup,,,,,,,,,,,,,,,,,,,,,,,,,,,,,,,,,,,,,,,,,,,,,,,,,,,,
42,9,6,50,S46,False,13,1,14,0,6,0,0,0,0,"['B163', 'B523', 'B11', 'B74', 'B4', 'B117']",3.0,S65,8.22,19,1,20,0.0,,-1.182085,-5.378063,-6.560148,False,False,12,S51,True,8,0.334,pickup,,,,,,,,,,,,,,,,,,,,,,,,,,,,,,,,,,,,,,,,,,,,,,,,,,,,
42,9,7,1,S65,False,19,1,20,16,0,0,0,0,0,"['B293', 'B305', 'B7', 'B466', 'B349', 'B352', 'B115', 'B587', 'B56', 'B248', 'B708', 'B264', 'B595', 'B163', 'B523', 'B11']",8.0,S29,8.87,3,1,4,0.0,,-1.180601,-5.271064,-6.451666,False,False,18,S39,True,9,0.5962,delivery,,,,,,,,,,,,,,,,,,,,,,,,,,,,,,,,,,,,,,,,,,,,,,,,,,,,
42,9,7,18,S29,False,3,1,4,0,14,0,0,0,0,"['B125', 'B275', 'B71', 'B693', 'B16', 'B197', 'B174', 'B566', 'B330', 'B476', 'B655', 'B410', 'B116', 'B465']",7.0,S26,5.02,17,1,18,0.0,,-0.769515,-5.267915,-6.037429,False,False,18,S40,True,15,0.5168,pickup,,,,,,,,,,,,,,,,,,,,,,,,,,,,,,,,,,,,,,,,,,,,,,,,,,,,
42,9,7,30,S26,False,17,1,18,13,0,0,0,0,0,"['B74', 'B4', 'B117', 'B125', 'B275', 'B71', 'B693', 'B16', 'B197', 'B174', 'B566', 'B330', 'B476']",6.5,S15,2.8,4,1,5,0.0,,-0.965149,-5.29669,-6.261838,False,False,18,S12,True,12,0.5133,delivery,,,,,,,,,,,,,,,,,,,,,,,,,,,,,,,,,,,,,,,,,,,,,,,,,,,,
42,9,7,39,S15,False,4,1,5,4,0,0,0,0,0,"['B655', 'B410', 'B116', 'B465']",2.0,S35,5.79,0,1,1,0.0,,-0.73312,-5.282333,-6.015453,False,False,12,S35,False,8,0.4293,delivery,,,,,,,,,,,,,,,,,,,,,,,,,,,,,,,,,,,,,,,,,,,,,,,,,,,,
42,9,7,47,S35,False,0,1,1,0,13,0,0,0,0,"['B99', 'B635', 'B239', 'B46', 'B371', 'B741', 'B513', 'B315', 'B592', 'B253', 'B540', 'B340', 'B656']",6.5,S51,8.32,13,1,14,0.0,,-0.810421,-5.2889,-6.099321,False,False,18,S59,True,15,0.651,pickup,,,,,,,,,,,,,,,,,,,,,,,,,,,,,,,,,,,,,,,,,,,,,,,,,,,,
42,9,8,2,S51,False,13,1,14,10,0,1,0,0,0,"['B99', 'B635', 'B239', 'B46', 'B371', 'B741', 'B513', 'B315', 'B592', 'B253']",8.0,S36,1.89,3,1,4,0.0,,-0.511012,-5.384236,-5.895249,True,True,36,S12,True,30,1.0631,delivery+onsite,,,,,,,,,,,,,,,,,,,,,,,,,,,,,,,,,,,,,,,,,,,,,,,,,,,,
42,9,8,12,S36,False,3,1,4,0,13,1,0,0,0,"['B183', 'B279', 'B380', 'B258', 'B394', 'B390', 'B500', 'B441', 'B227', 'B389', 'B620', 'B525', 'B588']",9.5,S53,2.92,16,1,17,0.0,,-0.552802,-5.349942,-5.902744,True,True,72,S48,True,64,2.0034,pickup+onsite,,,,,,,,,,,,,,,,,,,,,,,,,,,,,,,,,,,,,,,,,,,,,,,,,,,,
42,9,8,24,S53,False,16,1,17,13,0,1,0,0,0,"['B540', 'B340', 'B656', 'B183', 'B279', 'B380', 'B258', 'B394', 'B390', 'B500', 'B441', 'B227', 'B389']",9.5,S54,2.46,3,1,4,0.0,,-0.529937,-5.342461,-5.872397,True,True,36,S33,True,31,0.9752,delivery+onsite,,,,,,,,,,,,,,,,,,,,,,,,,,,,,,,,,,,,,,,,,,,,,,,,,,,,
42,9,8,36,S54,False,3,1,4,0,12,0,0,0,0,"['B225', 'B726', 'B637', 'B624', 'B727', 'B730', 'B614', 'B630', 'B724', 'B623', 'B302', 'B515']",6.0,S17,7.63,15,1,16,0.0,,-0.550662,-5.335569,-5.886231,True,False,36,S57,True,25,1.0571,pickup,,,,,,,,,,,,,,,,,,,,,,,,,,,,,,,,,,,,,,,,,,,,,,,,,,,,
42,9,8,50,S17,False,15,1,16,13,0,0,0,0,0,"['B620', 'B525', 'B588', 'B225', 'B726', 'B637', 'B624', 'B727', 'B730', 'B614', 'B630', 'B724', 'B623']",6.5,S33,8.44,2,1,3,0.0,,-0.650567,-5.349264,-5.99983,False,False,18,S33,False,7,0.4938,delivery,,,,,,,,,,,,,,,,,,,,,,,,,,,,,,,,,,,,,,,,,,,,,,,,,,,,
42,9,9,5,S33,False,2,1,3,0,14,0,0,0,0,"['B678', 'B648', 'B463', 'B54', 'B417', 'B514', 'B660', 'B426', 'B365', 'B363', 'B733', 'B85', 'B12', 'B297']",7.0,S12,6.96,16,1,17,0.0,,-0.610528,-5.252585,-5.863113,False,False,18,S25,True,7,0.5283,pickup,,,,,,,,,,,,,,,,,,,,,,,,,,,,,,,,,,,,,,,,,,,,,,,,,,,,
42,9,9,19,S12,False,16,1,17,12,0,0,0,0,0,"['B302', 'B515', 'B678', 'B648', 'B463', 'B54', 'B417', 'B514', 'B660', 'B426', 'B365', 'B363']",6.0,S60,9.34,4,1,5,0.0,,-0.414194,-5.234096,-5.64829,True,False,36,S15,True,27,1.1481,delivery,,,,,,,,,,,,,,,,,,,,,,,,,,,,,,,,,,,,,,,,,,,,,,,,,,,,
42,9,9,34,S60,False,4,1,5,0,14,0,0,0,0,"['B552', 'B615', 'B645', 'B175', 'B42', 'B1', 'B756', 'B307', 'B13', 'B97', 'B721', 'B482', 'B401', 'B58']",7.0,S66,1.23,18,1,19,0.0,,-0.749089,-5.252375,-6.001464,True,False,30,S66,False,18,0.9063,pickup,,,,,,,,,,,,,,,,,,,,,,,,,,,,,,,,,,,,,,,,,,,,,,,,,,,,
42,9,9,42,S66,False,18,1,19,13,0,0,0,0,0,"['B733', 'B85', 'B12', 'B297', 'B552', 'B615', 'B645', 'B175', 'B42', 'B1', 'B756', 'B307', 'B13']",6.5,S15,3.2,5,1,6,0.0,,-0.750297,-5.263864,-6.014161,True,False,36,S15,False,25,1.163,delivery,,,,,,,,,,,,,,,,,,,,,,,,,,,,,,,,,,,,,,,,,,,,,,,,,,,,
42,9,9,52,S15,False,5,1,6,5,0,0,0,0,0,"['B97', 'B721', 'B482', 'B401', 'B58']",2.5,S39,7.21,0,1,1,0.0,,-0.512457,-5.277979,-5.790436,False,False,12,S25,True,6,0.3885,delivery,,,,,,,,,,,,,,,,,,,,,,,,,,,,,,,,,,,,,,,,,,,,,,,,,,,,
42,9,10,2,S39,False,0,1,1,0,19,1,0,0,0,"['B129', 'B105', 'B598', 'B146', 'B190', 'B124', 'B715', 'B119', 'B126', 'B216', 'B263', 'B433', 'B231', 'B487', 'B438', 'B617', 'B80', 'B757', 'B651']",12.5,S34,8.13,19,1,20,0.0,,-0.983122,-5.219381,-6.202504,True,True,84,S59,True,78,2.6247,pickup+onsite,,,,,,,,,,,,,,,,,,,,,,,,,,,,,,,,,,,,,,,,,,,,,,,,,,,,
42,9,10,22,S34,False,19,1,20,0,0,0,0,0,0,[],0.0,S29,2.43,19,1,20,0.0,,-0.413546,-5.227628,-5.641174,False,False,18,S59,True,0,0.4641,do_nothing,,,,,,,,,,,,,,,,,,,,,,,,,,,,,,,,,,,,,,,,,,,,,,,,,,,,
42,9,10,25,S29,False,19,1,20,17,0,0,0,0,0,"['B129', 'B105', 'B598', 'B146', 'B190', 'B124', 'B715', 'B119', 'B126', 'B216', 'B263', 'B433', 'B231', 'B487', 'B438', 'B617', 'B80']",8.5,S61,5.74,2,1,3,0.0,,-0.572185,-5.235583,-5.807769,False,False,18,S34,True,8,0.4797,delivery,,,,,,,,,,,,,,,,,,,,,,,,,,,,,,,,,,,,,,,,,,,,,,,,,,,,
42,9,10,39,S61,False,2,1,3,0,10,0,1,0,0,"['B21', 'B333', 'B572', 'B509', 'B446', 'B266', 'B702', 'B760', 'B171', 'B713', 'B541']",5.5,S34,4.15,12,2,14,0.0,,-0.747187,-5.226982,-5.974169,True,True,36,S59,True,30,0.9051,pickup+depot_removal,,,,,,,,,,,,,,,,,,,,,,,,,,,,,,,,,,,,,,,,,,,,,,,,,,,,
42,9,10,49,S34,False,12,2,14,12,0,0,0,0,0,"['B757', 'B651', 'B21', 'B333', 'B572', 'B509', 'B446', 'B266', 'B702', 'B760', 'B171', 'B713']",6.0,S37,5.37,0,2,2,0.0,,-0.611378,-5.176715,-5.788093,False,False,12,S58,True,9,0.3109,delivery,,,,,,,,,,,,,,,,,,,,,,,,,,,,,,,,,,,,,,,,,,,,,,,,,,,,
42,9,11,0,S37,False,0,2,2,0,14,0,0,0,0,"['B542', 'B55', 'B286', 'B20', 'B242', 'B329', 'B474', 'B729', 'B404', 'B205', 'B561', 'B397', 'B679', 'B506']",7.0,S57,7.56,14,2,16,0.0,,-0.709542,-5.261898,-5.971441,True,False,30,S59,True,14,1.0408,pickup,,,,,,,,,,,,,,,,,,,,,,,,,,,,,,,,,,,,,,,,,,,,,,,,,,,,
42,9,11,14,S57,False,14,2,16,14,0,1,0,0,0,"['B542', 'B55', 'B286', 'B20', 'B242', 'B329', 'B474', 'B729', 'B404', 'B205', 'B561', 'B397', 'B679', 'B506']",10.0,S44,6.41,0,2,2,0.0,,-0.609892,-5.264492,-5.874383,True,True,48,S21,True,40,1.7317,delivery+onsite,,,,,,,,,,,,,,,,,,,,,,,,,,,,,,,,,,,,,,,,,,,,,,,,,,,,
42,9,11,31,S44,False,0,2,2,0,6,1,1,0,0,"['B195', 'B315', 'B439', 'B640', 'B193', 'B601', 'B392']",6.5,S54,3.95,6,3,9,0.0,,-0.374449,-5.218842,-5.593291,True,True,72,S59,True,44,1.7293,pickup+maintenance,,,,,,,,,,,,,,,,,,,,,,,,,,,,,,,,,,,,,,,,,,,,,,,,,,,,
42,9,11,41,S54,False,6,3,9,6,0,1,0,0,0,"['B195', 'B315', 'B439', 'B640', 'B193', 'B601']",6.0,S59,6.37,0,3,3,0.0,,-0.2945,-5.208045,-5.502544,True,True,48,S59,True,36,1.3988,delivery+onsite,,,,,,,,,,,,,,,,,,,,,,,,,,,,,,,,,,,,,,,,,,,,,,,,,,,,
42,9,11,54,S59,False,0,3,3,0,17,0,0,0,0,"['B744', 'B18', 'B213', 'B585', 'B694', 'B165', 'B172', 'B579', 'B600', 'B610', 'B177', 'B339', 'B550', 'B135', 'B66', 'B735', 'B351']",8.5,S54,6.37,17,3,20,0.0,,-0.510357,-5.234778,-5.745135,False,False,12,S41,True,10,0.4135,pickup,,,,,,,,,,,,,,,,,,,,,,,,,,,,,,,,,,,,,,,,,,,,,,,,,,,,
42,9,12,9,S54,False,17,3,20,12,0,0,0,0,0,"['B744', 'B18', 'B213', 'B585', 'B694', 'B165', 'B172', 'B579', 'B600', 'B610', 'B177', 'B339']",6.0,S50,2.71,5,3,8,0.0,,-0.392971,-5.273356,-5.666327,True,False,30,S50,True,18,0.852,delivery,,,,,,,,,,,,,,,,,,,,,,,,,,,,,,,,,,,,,,,,,,,,,,,,,,,,
42,9,12,17,S50,False,5,3,8,5,0,0,0,0,0,"['B550', 'B135', 'B66', 'B735', 'B351']",2.5,S12,10.53,0,3,3,0.0,,-0.433368,-5.277239,-5.710607,False,False,12,S31,True,9,0.3407,delivery,,,,,,,,,,,,,,,,,,,,,,,,,,,,,,,,,,,,,,,,,,,,,,,,,,,,
42,9,12,30,S12,False,0,3,3,0,11,0,0,0,0,"['B674', 'B287', 'B496', 'B297', 'B618', 'B167', 'B4', 'B747', 'B63', 'B388', 'B147']",5.5,S50,10.53,11,3,14,0.0,,-0.275585,-5.27926,-5.554844,True,False,54,S31,True,18,1.319,pickup,,,,,,,,,,,,,,,,,,,,,,,,,,,,,,,,,,,,,,,,,,,,,,,,,,,,
42,9,12,46,S50,False,11,3,14,0,0,0,0,0,0,[],0.0,S43,7.18,11,3,14,0.0,,-0.80687,-5.306644,-6.113514,False,False,12,S45,True,2,0.2672,do_nothing,,,,,,,,,,,,,,,,,,,,,,,,,,,,,,,,,,,,,,,,,,,,,,,,,,,,
42,9,12,54,S43,False,11,3,14,11,0,0,0,0,0,"['B674', 'B287', 'B496', 'B297', 'B618', 'B167', 'B4', 'B747', 'B63', 'B388', 'B147']",5.5,S66,4.56,0,3,3,0.0,,-0.354073,-5.299905,-5.653978,False,False,12,S45,True,7,0.3063,delivery,,,,,,,,,,,,,,,,,,,,,,,,,,,,,,,,,,,,,,,,,,,,,,,,,,,,
42,9,13,4,S66,False,0,3,3,0,14,0,0,0,0,"['B573', 'B530', 'B187', 'B648', 'B709', 'B41', 'B717', 'B523', 'B126', 'B231', 'B39', 'B520', 'B129', 'B136']",7.0,S29,6.29,14,3,17,0.0,,-0.72907,-5.246913,-5.975984,True,False,36,S31,True,13,0.8527,pickup,,,,,,,,,,,,,,,,,,,,,,,,,,,,,,,,,,,,,,,,,,,,,,,,,,,,
42,9,13,17,S29,False,14,3,17,14,0,0,0,0,0,"['B573', 'B530', 'B187', 'B648', 'B709', 'B41', 'B717', 'B523', 'B126', 'B231', 'B39', 'B520', 'B129', 'B136']",7.0,S61,5.74,0,3,3,0.0,,-1.004749,-5.296103,-6.300853,False,False,12,S61,False,7,0.298,delivery,,,,,,,,,,,,,,,,,,,,,,,,,,,,,,,,,,,,,,,,,,,,,,,,,,,,
42,9,13,30,S61,False,0,3,3,0,8,0,0,0,0,"['B311', 'B104', 'B283', 'B576', 'B737', 'B601', 'B107', 'B134']",4.0,S44,2.79,8,3,11,0.0,,-1.087908,-5.246157,-6.334064,False,False,18,S31,True,8,0.4005,pickup,,,,,,,,,,,,,,,,,,,,,,,,,,,,,,,,,,,,,,,,,,,,,,,,,,,,
42,9,13,36,S44,False,8,3,11,8,0,0,0,0,0,"['B311', 'B104', 'B283', 'B576', 'B737', 'B601', 'B107', 'B134']",4.0,S31,3.74,0,3,3,0.0,,-1.515709,-5.209971,-6.72568,False,False,12,S53,True,6,0.3016,delivery,,,,,,,,,,,,,,,,,,,,,,,,,,,,,,,,,,,,,,,,,,,,,,,,,,,,
42,9,13,44,S31,False,0,3,3,0,17,0,0,0,0,"['B498', 'B559', 'B84', 'B512', 'B616', 'B544', 'B675', 'B89', 'B342', 'B597', 'B765', 'B716', 'B570', 'B9', 'B349', 'B681', 'B686']",8.5,S35,8.41,17,3,20,0.0,,-1.261703,-5.239394,-6.501098,True,False,24,S26,True,13,0.5785,pickup,,,,,,,,,,,,,,,,,,,,,,,,,,,,,,,,,,,,,,,,,,,,,,,,,,,,
42,9,14,1,S35,False,17,3,20,11,0,0,0,0,0,"['B498', 'B559', 'B84', 'B512', 'B616', 'B544', 'B675', 'B89', 'B342', 'B597', 'B765']",5.5,S26,6.42,6,3,9,0.0,,-1.318323,-5.240595,-6.558918,False,False,18,S26,False,6,0.4875,delivery,,,,,,,,,,,,,,,,,,,,,,,,,,,,,,,,,,,,,,,,,,,,,,,,,,,,
42,9,14,13,S26,False,6,3,9,6,0,0,0,0,0,"['B716', 'B570', 'B9', 'B349', 'B681', 'B686']",3.0,S51,11.22,0,3,3,0.0,,-1.179607,-5.296522,-6.476129,False,False,12,S25,True,10,0.4617,delivery,,,,,,,,,,,,,,,,,,,,,,,,,,,,,,,,,,,,,,,,,,,,,,,,,,,,
42,9,14,27,S51,False,0,3,3,0,7,0,0,0,0,"['B734', 'B330', 'B401', 'B580', 'B340', 'B409', 'B56']",3.5,S16,3.59,7,3,10,0.0,,-1.421295,-5.271409,-6.692704,True,False,36,S25,True,15,1.09,pickup,,,,,,,,,,,,,,,,,,,,,,,,,,,,,,,,,,,,,,,,,,,,,,,,,,,,
42,9,14,34,S16,False,7,3,10,7,0,0,0,0,0,"['B734', 'B330', 'B401', 'B580', 'B340', 'B409', 'B56']",3.5,S61,3.01,0,3,3,0.0,,-1.004846,-5.319445,-6.324291,True,False,24,S58,True,13,0.6595,delivery,,,,,,,,,,,,,,,,,,,,,,,,,,,,,,,,,,,,,,,,,,,,,,,,,,,,
42,9,14,41,S61,False,0,3,3,0,6,0,0,0,0,"['B454', 'B473', 'B617', 'B39', 'B599', 'B257']",3.0,S64,1.43,6,3,9,0.0,,-0.867586,-5.28485,-6.152436,False,False,18,S37,True,15,0.5401,pickup,,,,,,,,,,,,,,,,,,,,,,,,,,,,,,,,,,,,,,,,,,,,,,,,,,,,
42,9,14,45,S64,False,6,3,9,6,0,0,0,0,0,"['B454', 'B473', 'B617', 'B39', 'B599', 'B257']",3.0,S30,2.73,0,3,3,0.0,,-0.827644,-5.311618,-6.139262,False,False,12,S37,True,10,0.3767,delivery,,,,,,,,,,,,,,,,,,,,,,,,,,,,,,,,,,,,,,,,,,,,,,,,,,,,
42,9,14,51,S30,False,0,3,3,0,6,0,0,0,0,"['B62', 'B382', 'B482', 'B733', 'B12', 'B140']",3.0,S39,4.07,6,3,9,0.0,,-0.747397,-5.284418,-6.031815,True,False,54,S37,True,36,1.6283,pickup,,,,,,,,,,,,,,,,,,,,,,,,,,,,,,,,,,,,,,,,,,,,,,,,,,,,
42,9,14,58,S39,False,6,3,9,6,0,0,0,0,0,"['B62', 'B382', 'B482', 'B733', 'B12', 'B140']",3.0,S25,11.4,0,3,3,0.0,,-0.766164,-5.289498,-6.055662,True,False,36,S25,False,22,0.9661,delivery,,,,,,,,,,,,,,,,,,,,,,,,,,,,,,,,,,,,,,,,,,,,,,,,,,,,
42,9,15,12,S25,False,0,3,3,0,17,0,0,0,0,"['B366', 'B528', 'B436', 'B745', 'B387', 'B144', 'B664', 'B153', 'B0', 'B73', 'B282', 'B434', 'B714', 'B565', 'B402', 'B352', 'B607']",8.5,S20,2.54,17,3,20,0.0,,-0.806611,-5.249155,-6.055766,False,False,12,S39,True,8,0.3008,pickup,,,,,,,,,,,,,,,,,,,,,,,,,,,,,,,,,,,,,,,,,,,,,,,,,,,,
42,9,15,23,S20,False,17,3,20,0,0,0,0,0,0,[],0.0,S26,8.01,17,3,20,0.0,,-0.750093,-5.220363,-5.970457,False,False,18,S26,True,1,0.4138,do_nothing,,,,,,,,,,,,,,,,,,,,,,,,,,,,,,,,,,,,,,,,,,,,,,,,,,,,
42,9,15,31,S26,False,17,3,20,0,0,0,0,0,0,[],0.0,S39,9.74,17,3,20,0.0,,-1.105028,-5.259978,-6.365007,False,False,12,S39,False,0,0.3115,do_nothing,,,,,,,,,,,,,,,,,,,,,,,,,,,,,,,,,,,,,,,,,,,,,,,,,,,,
42,9,15,41,S39,False,17,3,20,17,0,0,0,0,0,"['B366', 'B528', 'B436', 'B745', 'B387', 'B144', 'B664', 'B153', 'B0', 'B73', 'B282', 'B434', 'B714', 'B565', 'B402', 'B352', 'B607']",8.5,S66,4.09,0,3,3,0.0,,-1.143405,-5.225419,-6.368824,True,False,24,S15,True,8,0.7867,delivery,,,,,,,,,,,,,,,,,,,,,,,,,,,,,,,,,,,,,,,,,,,,,,,,,,,,
42,9,15,54,S66,False,0,3,3,0,8,1,0,0,0,"['B372', 'B325', 'B750', 'B555', 'B60', 'B244', 'B130', 'B129']",7.0,S26,5.64,8,3,11,0.0,,-1.200184,-5.233322,-6.433506,True,True,36,S53,True,19,0.902,pickup+onsite,,,,,,,,,,,,,,,,,,,,,,,,,,,,,,,,,,,,,,,,,,,,,,,,,,,,
42,9,16,6,S26,False,8,3,11,8,0,0,0,0,0,"['B372', 'B325', 'B750', 'B555', 'B60', 'B244', 'B130', 'B129']",4.0,S19,12.13,0,3,3,0.0,,-0.788187,-5.206756,-5.994944,False,False,12,S48,True,9,0.395,delivery,,,,,,,,,,,,,,,,,,,,,,,,,,,,,,,,,,,,,,,,,,,,,,,,,,,,
42,9,16,23,S19,False,0,3,3,0,6,0,0,0,0,"['B178', 'B53', 'B598', 'B260', 'B134', 'B560']",3.0,S51,1.21,6,3,9,0.0,,-0.848064,-5.202694,-6.050758,True,False,36,S51,True,25,1.0986,pickup,,,,,,,,,,,,,,,,,,,,,,,,,,,,,,,,,,,,,,,,,,,,,,,,,,,,
42,9,16,27,S51,False,6,3,9,0,0,0,0,0,0,[],0.0,S48,0.84,6,3,9,0.0,,-1.341196,-5.204134,-6.545329,True,False,36,S49,True,0,0.9432,do_nothing,,,,,,,,,,,,,,,,,,,,,,,,,,,,,,,,,,,,,,,,,,,,,,,,,,,,
42,9,16,28,S48,False,6,3,9,0,9,0,0,0,0,"['B379', 'B295', 'B761', 'B172', 'B7', 'B489', 'B103', 'B20', 'B609']",4.5,S27,8.86,15,3,18,0.0,,-1.222605,-5.183907,-6.406512,True,False,36,S49,True,26,0.9121,pickup,,,,,,,,,,,,,,,,,,,,,,,,,,,,,,,,,,,,,,,,,,,,,,,,,,,,
42,9,16,41,S27,False,15,3,18,14,0,0,1,0,0,"['B32', 'B178', 'B53', 'B598', 'B260', 'B134', 'B560', 'B379', 'B295', 'B761', 'B172', 'B7', 'B489', 'B103', 'B20']",7.5,S29,4.93,1,4,5,0.0,,-0.966397,-5.229376,-6.195773,True,True,36,S34,True,19,1.2546,delivery+depot_removal,,,,,,,,,,,,,,,,,,,,,,,,,,,,,,,,,,,,,,,,,,,,,,,,,,,,
42,9,16,53,S29,False,1,4,5,1,0,0,0,0,0,['B609'],0.5,S30,8.0,0,4,4,0.0,,-1.223962,-5.25744,-6.481402,False,False,12,S58,True,9,0.3738,delivery,,,,,,,,,,,,,,,,,,,,,,,,,,,,,,,,,,,,,,,,,,,,,,,,,,,,
42,9,17,2,S30,False,0,4,4,0,5,0,0,0,0,"['B450', 'B537', 'B265', 'B251', 'B476']",2.5,S54,7.41,5,4,9,0.0,,-1.123433,-5.258798,-6.382231,True,False,54,S58,True,22,1.6213,pickup,,,,,,,,,,,,,,,,,,,,,,,,,,,,,,,,,,,,,,,,,,,,,,,,,,,,
42,9,17,12,S54,False,5,4,9,5,0,0,0,0,0,"['B450', 'B537', 'B265', 'B251', 'B476']",2.5,S58,5.62,0,4,4,0.0,,-0.866482,-5.245001,-6.111483,True,False,24,S58,False,12,0.6324,delivery,,,,,,,,,,,,,,,,,,,,,,,,,,,,,,,,,,,,,,,,,,,,,,,,,,,,
42,9,17,20,S58,False,0,4,4,0,0,0,1,0,0,['B647'],0.5,S52,1.84,0,5,5,0.0,,-1.124239,-5.261248,-6.385487,True,True,30,S15,True,9,0.8862,do_nothing+depot_removal,,,,,,,,,,,,,,,,,,,,,,,,,,,,,,,,,,,,,,,,,,,,,,,,,,,,
42,9,17,22,S52,False,0,5,5,0,9,0,2,0,0,"['B406', 'B357', 'B55', 'B677', 'B651', 'B509', 'B658', 'B662', 'B102', 'B347', 'B447']",5.5,S54,3.81,9,7,16,0.0,,-0.571127,-5.277299,-5.848426,True,True,54,S58,True,50,1.4039,pickup+depot_removal,,,,,,,,,,,,,,,,,,,,,,,,,,,,,,,,,,,,,,,,,,,,,,,,,,,,
42,9,17,32,S54,False,9,7,16,9,0,0,0,0,0,"['B406', 'B357', 'B55', 'B677', 'B651', 'B509', 'B658', 'B662', 'B102']",4.5,S65,8.42,0,7,7,0.0,,-0.769223,-5.243598,-6.012821,True,False,24,S40,True,15,0.5545,delivery,,,,,,,,,,,,,,,,,,,,,,,,,,,,,,,,,,,,,,,,,,,,,,,,,,,,
42,9,17,45,S65,False,0,7,7,0,13,0,0,0,0,"['B199', 'B404', 'B757', 'B126', 'B625', 'B615', 'B397', 'B398', 'B679', 'B696', 'B637', 'B224', 'B577']",6.5,S15,5.1,13,7,20,0.0,,-0.651229,-5.258978,-5.910208,False,False,12,S15,False,6,0.3862,pickup,,,,,,,,,,,,,,,,,,,,,,,,,,,,,,,,,,,,,,,,,,,,,,,,,,,,
42,9,17,56,S15,False,13,7,20,13,0,0,0,0,0,"['B199', 'B404', 'B757', 'B126', 'B625', 'B615', 'B397', 'B398', 'B679', 'B696', 'B637', 'B224', 'B577']",6.5,S40,2.5,0,7,7,0.0,,-0.512005,-5.21975,-5.731755,False,False,12,S8,True,7,0.3482,delivery,,,,,,,,,,,,,,,,,,,,,,,,,,,,,,,,,,,,,,,,,,,,,,,,,,,,
42,9,18,5,S40,False,0,7,7,0,11,0,1,0,0,"['B569', 'B668', 'B612', 'B26', 'B85', 'B10', 'B66', 'B364', 'B576', 'B193', 'B732', 'B221']",6.0,S55,2.75,11,8,19,0.0,,-0.648923,-5.215523,-5.864446,True,True,72,S58,True,57,1.7869,pickup+depot_removal,,,,,,,,,,,,,,,,,,,,,,,,,,,,,,,,,,,,,,,,,,,,,,,,,,,,
42,9,18,14,S55,False,11,8,19,11,0,0,0,0,0,"['B569', 'B668', 'B612', 'B26', 'B85', 'B10', 'B66', 'B364', 'B576', 'B193', 'B732']",5.5,S51,5.48,0,8,8,0.0,,-0.553305,-5.218729,-5.772034,False,False,12,S51,False,8,0.3597,delivery,,,,,,,,,,,,,,,,,,,,,,,,,,,,,,,,,,,,,,,,,,,,,,,,,,,,
42,9,18,25,S51,False,0,8,8,0,11,0,0,0,0,"['B13', 'B669', 'B80', 'B187', 'B200', 'B283', 'B58', 'B695', 'B211', 'B290', 'B1']",5.5,S49,7.18,11,8,19,0.0,,-0.631852,-5.230082,-5.861934,True,False,36,S37,True,12,1.16,pickup,,,,,,,,,,,,,,,,,,,,,,,,,,,,,,,,,,,,,,,,,,,,,,,,,,,,
42,9,18,38,S49,False,11,8,19,11,0,0,0,0,0,"['B13', 'B669', 'B80', 'B187', 'B200', 'B283', 'B58', 'B695', 'B211', 'B290', 'B1']",5.5,S37,3.13,0,8,8,0.0,,-0.414698,-5.220304,-5.635002,True,False,24,S58,True,13,0.5579,delivery,,,,,,,,,,,,,,,,,,,,,,,,,,,,,,,,,,,,,,,,,,,,,,,,,,,,
42,9,18,46,S37,False,0,8,8,0,12,0,0,0,0,"['B401', 'B181', 'B328', 'B432', 'B314', 'B50', 'B122', 'B236', 'B701', 'B424', 'B391', 'B554']",6.0,S39,3.55,12,8,20,0.0,,-0.613874,-5.192294,-5.806168,True,False,36,S39,False,24,0.8675,pickup,,,,,,,,,,,,,,,,,,,,,,,,,,,,,,,,,,,,,,,,,,,,,,,,,,,,
42,9,18,56,S39,False,12,8,20,12,0,0,0,0,0,"['B401', 'B181', 'B328', 'B432', 'B314', 'B50', 'B122', 'B236', 'B701', 'B424', 'B391', 'B554']",6.0,S58,3.13,0,8,8,0.0,,-0.412843,-5.206023,-5.618866,True,False,24,S8,True,6,0.6043,delivery,,,,,,,,,,,,,,,,,,,,,,,,,,,,,,,,,,,,,,,,,,,,,,,,,,,,
42,9,19,5,S58,False,0,8,8,0,11,0,0,0,0,"['B376', 'B393', 'B685', 'B415', 'B15', 'B188', 'B464', 'B456', 'B91', 'B546', 'B164']",5.5,S8,16.06,11,8,19,0.0,,-0.137813,-5.166123,-5.303937,False,False,18,S65,True,12,0.59,pickup,,,,,,,,,,,,,,,,,,,,,,,,,,,,,,,,,,,,,,,,,,,,,,,,,,,,
42,9,19,26,S8,False,11,8,19,0,0,1,0,0,0,[],3.0,S50,8.46,11,8,19,0.0,,-0.078046,-5.114856,-5.192902,True,True,19,S62,True,9,0.5222,do_nothing+onsite,,,,,,,,,,,,,,,,,,,,,,,,,,,,,,,,,,,,,,,,,,,,,,,,,,,,
42,9,19,38,S50,False,11,8,19,11,0,0,0,0,0,"['B376', 'B393', 'B685', 'B415', 'B15', 'B188', 'B464', 'B456', 'B91', 'B546', 'B164']",5.5,S62,4.95,0,8,8,0.0,,-0.256005,-5.111302,-5.367307,False,False,7,S62,False,5,0.199,delivery,,,,,,,,,,,,,,,,,,,,,,,,,,,,,,,,,,,,,,,,,,,,,,,,,,,,
42,9,19,48,S62,False,0,8,8,0,0,0,0,0,0,[],0.0,D0,0.46,0,8,8,0.0,,-0.078845,-5.106825,-5.185671,True,False,9,D0,True,0,0.2669,do_nothing,,,,,,,,,,,,,,,,,,,,,,,,,,,,,,,,,,,,,,,,,,,,,,,,,,,,
42,9,19,49,D0,True,0,8,8,0,0,0,0,8,0,"['B531', 'B541', 'B392', 'B32', 'B647', 'B347', 'B447', 'B221']",4.0,D0,0.0,0,0,0,0.0,,-0.157537,-5.091037,-5.248574,True,True,1,D0,False,0,0.034,do_nothing,,,,,,,,,,,,,,,,,,,,,,,,,,,,,,,,,,,,,,,,,,,,,,,,,,,,
42,10,6,8,D0,True,0,0,0,0,0,0,0,0,11,"['B95', 'B457', 'B137', 'B414', 'B628', 'B182', 'B355', 'B34', 'B288', 'B499', 'B548']",5.5,S46,2.11,11,0,11,0.0,,-2.009302,-5.299795,-7.309097,True,True,5,S46,False,1,0.1141,load_queue,,,,,,,,,,,,,,,,,,,,,,,,,,,,,,,,,,,,,,,,,,,,,,,,,,,,
42,10,6,30,S46,False,11,0,11,0,9,0,0,0,0,"['B721', 'B746', 'B733', 'B490', 'B418', 'B167', 'B646', 'B528', 'B155']",4.5,S51,3.14,20,0,20,0.0,,-1.501151,-5.36835,-6.869501,False,False,12,S51,False,6,0.3807,pickup,,,,,,,,,,,,,,,,,,,,,,,,,,,,,,,,,,,,,,,,,,,,,,,,,,,,
42,10,6,38,S51,False,20,0,20,16,0,0,0,0,0,"['B95', 'B457', 'B137', 'B414', 'B628', 'B182', 'B355', 'B34', 'B288', 'B499', 'B548', 'B721', 'B746', 'B733', 'B490', 'B418']",8.0,S37,4.67,4,0,4,0.0,,-1.797088,-5.389272,-7.18636,True,False,36,S37,False,12,1.2193,delivery,,,,,,,,,,,,,,,,,,,,,,,,,,,,,,,,,,,,,,,,,,,,,,,,,,,,
42,10,6,51,S37,False,4,0,4,0,16,0,0,0,0,"['B753', 'B737', 'B620', 'B213', 'B328', 'B43', 'B104', 'B358', 'B92', 'B57', 'B71', 'B435', 'B346', 'B316', 'B553', 'B407']",8.0,S48,5.41,20,0,20,0.0,,-1.518616,-5.389093,-6.907709,True,False,36,S48,False,27,1.1929,pickup,,,,,,,,,,,,,,,,,,,,,,,,,,,,,,,,,,,,,,,,,,,,,,,,,,,,
42,10,7,4,S48,False,20,0,20,10,0,0,0,0,0,"['B167', 'B646', 'B528', 'B155', 'B753', 'B737', 'B620', 'B213', 'B328', 'B43']",5.0,S65,11.3,10,0,10,0.0,,-1.160428,-5.402738,-6.563167,True,False,60,S15,True,16,1.1844,delivery,,,,,,,,,,,,,,,,,,,,,,,,,,,,,,,,,,,,,,,,,,,,,,,,,,,,
42,10,7,20,S65,False,10,0,10,0,0,0,0,0,0,[],0.0,S41,2.23,10,0,10,0.0,,-1.143617,-5.395447,-6.539064,False,False,12,S35,True,1,0.3872,do_nothing,,,,,,,,,,,,,,,,,,,,,,,,,,,,,,,,,,,,,,,,,,,,,,,,,,,,
42,10,7,23,S41,False,10,0,10,10,0,0,0,0,0,"['B104', 'B358', 'B92', 'B57', 'B71', 'B435', 'B346', 'B316', 'B553', 'B407']",5.0,S54,6.96,0,0,0,0.0,,-1.181803,-5.375168,-6.556972,False,False,12,S35,True,8,0.3151,delivery,,,,,,,,,,,,,,,,,,,,,,,,,,,,,,,,,,,,,,,,,,,,,,,,,,,,
42,10,7,35,S54,False,0,0,0,0,0,0,1,0,0,['B331'],0.5,S35,2.91,0,1,1,0.0,,-0.986073,-5.363537,-6.34961,True,True,72,S3,True,8,1.6378,do_nothing+depot_removal,,,,,,,,,,,,,,,,,,,,,,,,,,,,,,,,,,,,,,,,,,,,,,,,,,,,
42,10,7,38,S35,False,0,1,1,0,12,0,0,0,0,"['B652', 'B260', 'B560', 'B619', 'B734', 'B484', 'B428', 'B517', 'B374', 'B77', 'B63', 'B15']",6.0,S57,0.73,12,1,13,0.0,,-0.691273,-5.367198,-6.058471,False,False,18,S3,True,12,0.4288,pickup,,,,,,,,,,,,,,,,,,,,,,,,,,,,,,,,,,,,,,,,,,,,,,,,,,,,
42,10,7,45,S57,False,12,1,13,12,0,0,0,0,0,"['B652', 'B260', 'B560', 'B619', 'B734', 'B484', 'B428', 'B517', 'B374', 'B77', 'B63', 'B15']",6.0,S54,2.65,0,1,1,0.0,,-0.929966,-5.344487,-6.274453,True,False,24,S54,False,13,0.572,delivery,,,,,,,,,,,,,,,,,,,,,,,,,,,,,,,,,,,,,,,,,,,,,,,,,,,,
42,10,7,53,S54,False,0,1,1,0,16,1,0,0,0,"['B738', 'B306', 'B76', 'B214', 'B617', 'B325', 'B198', 'B16', 'B459', 'B709', 'B495', 'B5', 'B2', 'B288', 'B383', 'B182']",11.0,S15,3.9,16,1,17,0.0,,-1.163285,-5.332634,-6.49592,True,True,36,S15,True,18,0.9221,pickup+onsite,,,,,,,,,,,,,,,,,,,,,,,,,,,,,,,,,,,,,,,,,,,,,,,,,,,,
42,10,8,8,S15,False,16,1,17,16,0,0,0,0,0,"['B738', 'B306', 'B76', 'B214', 'B617', 'B325', 'B198', 'B16', 'B459', 'B709', 'B495', 'B5', 'B2', 'B288', 'B383', 'B182']",8.0,S63,5.25,0,1,1,0.0,,-0.946228,-5.254524,-6.200753,False,False,12,S52,True,10,0.3222,delivery,,,,,,,,,,,,,,,,,,,,,,,,,,,,,,,,,,,,,,,,,,,,,,,,,,,,
42,10,8,22,S63,False,0,1,1,0,13,0,0,0,0,"['B441', 'B419', 'B147', 'B386', 'B521', 'B349', 'B409', 'B168', 'B600', 'B672', 'B356', 'B196', 'B371']",6.5,S36,3.15,13,1,14,0.0,,-0.847462,-5.250204,-6.097666,True,False,36,S36,False,14,0.7837,pickup,,,,,,,,,,,,,,,,,,,,,,,,,,,,,,,,,,,,,,,,,,,,,,,,,,,,
42,10,8,31,S36,False,13,1,14,0,6,0,0,0,0,"['B112', 'B361', 'B598', 'B108', 'B28', 'B193']",3.0,S26,10.11,19,1,20,0.0,,-0.64798,-5.221283,-5.869263,True,False,18,S66,True,12,0.3761,pickup,,,,,,,,,,,,,,,,,,,,,,,,,,,,,,,,,,,,,,,,,,,,,,,,,,,,
42,10,8,44,S26,False,19,1,20,19,0,0,0,0,0,"['B441', 'B419', 'B147', 'B386', 'B521', 'B349', 'B409', 'B168', 'B600', 'B672', 'B356', 'B196', 'B371', 'B112', 'B361', 'B598', 'B108', 'B28', 'B193']",9.5,S64,7.31,0,1,1,0.0,,-0.768061,-5.230469,-5.99853,False,False,12,S33,True,7,0.3372,delivery,,,,,,,,,,,,,,,,,,,,,,,,,,,,,,,,,,,,,,,,,,,,,,,,,,,,
42,10,9,1,S64,False,0,1,1,0,9,0,0,0,0,"['B599', 'B262', 'B265', 'B403', 'B308', 'B174', 'B563', 'B648', 'B714']",4.5,S66,1.75,9,1,10,0.0,,-0.688724,-5.272323,-5.961048,False,False,18,S33,True,12,0.458,pickup,,,,,,,,,,,,,,,,,,,,,,,,,,,,,,,,,,,,,,,,,,,,,,,,,,,,
42,10,9,7,S66,False,9,1,10,9,0,1,0,0,0,"['B599', 'B262', 'B265', 'B403', 'B308', 'B174', 'B563', 'B648', 'B714']",7.5,S49,3.26,0,1,1,0.0,,-0.35452,-5.25666,-5.61118,True,True,24,S33,True,20,0.6362,delivery+onsite,,,,,,,,,,,,,,,,,,,,,,,,,,,,,,,,,,,,,,,,,,,,,,,,,,,,
42,10,9,18,S49,False,0,1,1,0,12,0,0,0,0,"['B200', 'B283', 'B58', 'B695', 'B211', 'B290', 'B1', 'B465', 'B289', 'B705', 'B524', 'B502']",6.0,S34,7.37,12,1,13,0.0,,-0.532284,-5.24026,-5.772543,True,False,36,S33,True,16,0.8288,pickup,,,,,,,,,,,,,,,,,,,,,,,,,,,,,,,,,,,,,,,,,,,,,,,,,,,,
42,10,9,31,S34,False,12,1,13,12,0,0,0,0,0,"['B200', 'B283', 'B58', 'B695', 'B211', 'B290', 'B1', 'B465', 'B289', 'B705', 'B524', 'B502']",6.0,S60,5.52,0,1,1,0.0,,-0.494536,-5.241846,-5.736382,True,False,24,S60,False,13,0.5716,delivery,,,,,,,,,,,,,,,,,,,,,,,,,,,,,,,,,,,,,,,,,,,,,,,,,,,,
42,10,9,43,S60,False,0,1,1,0,0,0,1,0,0,['B754'],0.5,S33,3.7,0,2,2,0.0,,-0.728168,-5.305803,-6.033972,True,True,30,S33,False,6,0.7639,do_nothing+depot_removal,,,,,,,,,,,,,,,,,,,,,,,,,,,,,,,,,,,,,,,,,,,,,,,,,,,,
42,10,9,47,S33,False,0,2,2,0,17,0,0,0,0,"['B640', 'B497', 'B408', 'B116', 'B731', 'B259', 'B89', 'B562', 'B550', 'B450', 'B431', 'B723', 'B453', 'B23', 'B625', 'B333', 'B348']",8.5,S65,6.32,17,2,19,0.0,,-0.592251,-5.273888,-5.866139,False,False,18,S27,True,13,0.4802,pickup,,,,,,,,,,,,,,,,,,,,,,,,,,,,,,,,,,,,,,,,,,,,,,,,,,,,
42,10,10,2,S65,False,17,2,19,15,0,0,0,0,0,"['B640', 'B497', 'B408', 'B116', 'B731', 'B259', 'B89', 'B562', 'B550', 'B450', 'B431', 'B723', 'B453', 'B23', 'B625']",7.5,S60,3.09,2,2,4,0.0,,-0.610336,-5.350278,-5.960613,False,False,18,S23,True,12,0.6736,delivery,,,,,,,,,,,,,,,,,,,,,,,,,,,,,,,,,,,,,,,,,,,,,,,,,,,,
42,10,10,13,S60,False,2,2,4,0,16,0,0,0,0,"['B645', 'B234', 'B677', 'B282', 'B413', 'B698', 'B274', 'B131', 'B390', 'B525', 'B102', 'B81', 'B547', 'B683', 'B83', 'B573']",8.0,S35,9.21,18,2,20,0.0,,-0.747301,-5.355271,-6.102571,False,False,12,S20,True,10,0.4007,pickup,,,,,,,,,,,,,,,,,,,,,,,,,,,,,,,,,,,,,,,,,,,,,,,,,,,,
42,10,10,30,S35,False,18,2,20,14,0,0,0,0,0,"['B333', 'B348', 'B645', 'B234', 'B677', 'B282', 'B413', 'B698', 'B274', 'B131', 'B390', 'B525', 'B102', 'B81']",7.0,S29,1.95,4,2,6,0.0,,-0.709649,-5.335756,-6.045405,False,False,18,S24,True,12,0.4524,delivery,,,,,,,,,,,,,,,,,,,,,,,,,,,,,,,,,,,,,,,,,,,,,,,,,,,,
42,10,10,39,S29,False,4,2,6,4,0,0,0,0,0,"['B547', 'B683', 'B83', 'B573']",2.0,S23,11.23,0,2,2,0.0,,-0.491236,-5.325921,-5.817157,False,False,12,S36,True,10,0.3781,delivery,,,,,,,,,,,,,,,,,,,,,,,,,,,,,,,,,,,,,,,,,,,,,,,,,,,,
42,10,10,52,S23,False,0,2,2,0,8,1,1,0,0,"['B207', 'B342', 'B357', 'B668', 'B114', 'B336', 'B688', 'B678', 'B105']",7.5,S20,4.61,8,3,11,0.0,,-0.672551,-5.339521,-6.012072,True,True,72,S52,True,42,2.0371,pickup+maintenance,,,,,,,,,,,,,,,,,,,,,,,,,,,,,,,,,,,,,,,,,,,,,,,,,,,,
42,10,11,4,S20,False,8,3,11,8,0,0,0,0,0,"['B207', 'B342', 'B357', 'B668', 'B114', 'B336', 'B688', 'B678']",4.0,S44,11.39,0,3,3,0.0,,-0.63115,-5.322268,-5.953418,False,False,12,S44,False,9,0.2117,delivery,,,,,,,,,,,,,,,,,,,,,,,,,,,,,,,,,,,,,,,,,,,,,,,,,,,,
42,10,11,20,S44,False,0,3,3,0,11,0,0,0,0,"['B385', 'B134', 'B233', 'B49', 'B276', 'B318', 'B462', 'B353', 'B130', 'B39', 'B733']",5.5,S27,4.5,11,3,14,0.0,,-0.672096,-5.329009,-6.001105,False,False,18,S33,True,16,0.4271,pickup,,,,,,,,,,,,,,,,,,,,,,,,,,,,,,,,,,,,,,,,,,,,,,,,,,,,
42,10,11,29,S27,False,11,3,14,11,0,0,0,0,0,"['B385', 'B134', 'B233', 'B49', 'B276', 'B318', 'B462', 'B353', 'B130', 'B39', 'B733']",5.5,S52,3.68,0,3,3,0.0,,-0.787642,-5.317421,-6.105063,False,False,12,S52,False,7,0.2931,delivery,,,,,,,,,,,,,,,,,,,,,,,,,,,,,,,,,,,,,,,,,,,,,,,,,,,,
42,10,11,39,S52,False,0,3,3,0,13,0,0,0,0,"['B674', 'B463', 'B296', 'B596', 'B671', 'B732', 'B254', 'B610', 'B325', 'B398', 'B285', 'B746', 'B227']",6.5,S29,5.05,13,3,16,0.0,,-0.630349,-5.30777,-5.93812,False,False,18,S33,True,8,0.5167,pickup,,,,,,,,,,,,,,,,,,,,,,,,,,,,,,,,,,,,,,,,,,,,,,,,,,,,
42,10,11,50,S29,False,13,3,16,13,0,0,0,0,0,"['B674', 'B463', 'B296', 'B596', 'B671', 'B732', 'B254', 'B610', 'B325', 'B398', 'B285', 'B746', 'B227']",6.5,S16,5.41,0,3,3,0.0,,-0.592006,-5.346525,-5.938531,False,False,12,S33,True,8,0.3843,delivery,,,,,,,,,,,,,,,,,,,,,,,,,,,,,,,,,,,,,,,,,,,,,,,,,,,,
42,10,12,2,S16,False,0,3,3,0,6,0,0,0,0,"['B44', 'B725', 'B316', 'B752', 'B694', 'B161']",3.0,S18,2.87,6,3,9,0.0,,-0.394218,-5.30457,-5.698787,True,False,54,S37,True,37,1.6045,pickup,,,,,,,,,,,,,,,,,,,,,,,,,,,,,,,,,,,,,,,,,,,,,,,,,,,,
42,10,12,8,S18,False,6,3,9,0,11,0,0,0,0,"['B190', 'B225', 'B492', 'B406', 'B574', 'B716', 'B578', 'B103', 'B341', 'B104', 'B700']",5.5,S15,4.77,17,3,20,0.0,,-0.647682,-5.305506,-5.953187,False,False,12,S25,True,6,0.3294,pickup,,,,,,,,,,,,,,,,,,,,,,,,,,,,,,,,,,,,,,,,,,,,,,,,,,,,
42,10,12,18,S15,False,17,3,20,16,0,0,0,0,0,"['B44', 'B725', 'B316', 'B752', 'B694', 'B161', 'B190', 'B225', 'B492', 'B406', 'B574', 'B716', 'B578', 'B103', 'B341', 'B104']",8.0,S37,4.99,1,3,4,0.0,,-1.042995,-5.322421,-6.365416,False,False,18,S37,False,6,0.4783,delivery,,,,,,,,,,,,,,,,,,,,,,,,,,,,,,,,,,,,,,,,,,,,,,,,,,,,
42,10,12,31,S37,False,1,3,4,0,16,0,0,0,0,"['B228', 'B281', 'B493', 'B238', 'B324', 'B96', 'B287', 'B335', 'B29', 'B163', 'B263', 'B147', 'B175', 'B352', 'B144', 'B519']",8.0,S54,4.98,17,3,20,0.0,,-0.690317,-5.340415,-6.030732,True,False,36,S58,True,24,1.3025,pickup,,,,,,,,,,,,,,,,,,,,,,,,,,,,,,,,,,,,,,,,,,,,,,,,,,,,
42,10,12,44,S54,False,17,3,20,17,0,0,0,0,0,"['B700', 'B228', 'B281', 'B493', 'B238', 'B324', 'B96', 'B287', 'B335', 'B29', 'B163', 'B263', 'B147', 'B175', 'B352', 'B144', 'B519']",8.5,S62,2.78,0,3,3,0.0,,-0.788035,-5.348864,-6.136899,False,False,18,S24,True,6,0.6116,delivery,,,,,,,,,,,,,,,,,,,,,,,,,,,,,,,,,,,,,,,,,,,,,,,,,,,,
42,10,12,56,S62,False,0,3,3,0,0,0,0,0,0,[],0.0,S51,5.81,0,3,3,0.0,,-0.827498,-5.347838,-6.175336,True,False,54,S43,True,1,1.6457,do_nothing,,,,,,,,,,,,,,,,,,,,,,,,,,,,,,,,,,,,,,,,,,,,,,,,,,,,
42,10,13,1,S51,False,0,3,3,0,13,1,0,0,0,"['B421', 'B178', 'B413', 'B73', 'B84', 'B232', 'B645', 'B351', 'B597', 'B491', 'B553', 'B223', 'B430']",9.5,S26,11.22,13,3,16,0.0,,-1.20504,-5.264551,-6.469591,True,True,36,S31,True,19,1.0952,pickup+onsite,,,,,,,,,,,,,,,,,,,,,,,,,,,,,,,,,,,,,,,,,,,,,,,,,,,,
42,10,13,22,S26,False,13,3,16,0,0,0,0,0,0,[],0.0,S43,8.51,13,3,16,0.0,,-0.961708,-5.283808,-6.245516,False,False,12,S43,False,0,0.3804,do_nothing,,,,,,,,,,,,,,,,,,,,,,,,,,,,,,,,,,,,,,,,,,,,,,,,,,,,
42,10,13,31,S43,False,13,3,16,13,0,0,0,0,0,"['B421', 'B178', 'B413', 'B73', 'B84', 'B232', 'B645', 'B351', 'B597', 'B491', 'B553', 'B223', 'B430']",6.5,S66,4.56,0,3,3,0.0,,-0.668148,-5.270556,-5.938704,False,False,12,S65,True,10,0.2942,delivery,,,,,,,,,,,,,,,,,,,,,,,,,,,,,,,,,,,,,,,,,,,,,,,,,,,,
42,10,13,42,S66,False,0,3,3,0,0,0,0,0,0,[],0.0,S65,3.09,0,3,3,0.0,,-0.942578,-5.273535,-6.216114,False,False,18,S31,True,2,0.477,do_nothing,,,,,,,,,,,,,,,,,,,,,,,,,,,,,,,,,,,,,,,,,,,,,,,,,,,,
42,10,13,45,S65,False,0,3,3,0,13,0,0,0,0,"['B23', 'B625', 'B478', 'B283', 'B16', 'B631', 'B65', 'B764', 'B438', 'B327', 'B196', 'B701', 'B489']",6.5,S15,5.1,13,3,16,0.0,,-0.746449,-5.237378,-5.983827,False,False,18,S31,True,6,0.5215,pickup,,,,,,,,,,,,,,,,,,,,,,,,,,,,,,,,,,,,,,,,,,,,,,,,,,,,
42,10,13,56,S15,False,13,3,16,0,0,0,0,0,0,[],0.0,S35,5.79,13,3,16,0.0,,-1.473114,-5.267402,-6.740516,False,False,12,S10,True,0,0.3994,do_nothing,,,,,,,,,,,,,,,,,,,,,,,,,,,,,,,,,,,,,,,,,,,,,,,,,,,,
42,10,14,2,S35,False,13,3,16,13,0,0,0,0,0,"['B23', 'B625', 'B478', 'B283', 'B16', 'B631', 'B65', 'B764', 'B438', 'B327', 'B196', 'B701', 'B489']",6.5,S66,8.23,0,3,3,0.0,,-1.375647,-5.282541,-6.658188,False,False,12,S45,True,8,0.383,delivery,,,,,,,,,,,,,,,,,,,,,,,,,,,,,,,,,,,,,,,,,,,,,,,,,,,,
42,10,14,17,S66,False,0,3,3,0,0,0,0,0,0,[],0.0,S51,7.67,0,3,3,0.0,,-0.885214,-5.215769,-6.100983,False,False,18,S31,True,1,0.5423,do_nothing,,,,,,,,,,,,,,,,,,,,,,,,,,,,,,,,,,,,,,,,,,,,,,,,,,,,
42,10,14,25,S51,False,0,3,3,0,12,1,0,0,0,"['B211', 'B628', 'B159', 'B402', 'B398', 'B330', 'B280', 'B660', 'B103', 'B267', 'B429', 'B296']",9.0,S42,9.5,12,3,15,0.0,,-1.083999,-5.269834,-6.353833,True,True,36,S31,True,33,1.114,pickup+onsite,,,,,,,,,,,,,,,,,,,,,,,,,,,,,,,,,,,,,,,,,,,,,,,,,,,,
42,10,14,43,S42,False,12,3,15,12,0,1,0,0,0,"['B211', 'B628', 'B159', 'B402', 'B398', 'B330', 'B280', 'B660', 'B103', 'B267', 'B429', 'B296']",9.0,S31,9.6,0,3,3,0.0,,-1.00606,-5.280396,-6.286457,True,True,36,S62,True,30,1.6302,delivery+onsite,,,,,,,,,,,,,,,,,,,,,,,,,,,,,,,,,,,,,,,,,,,,,,,,,,,,
42,10,15,2,S31,False,0,3,3,0,0,0,0,0,0,[],0.0,S12,9.37,0,3,3,0.0,,-1.476064,-5.287884,-6.763949,True,False,36,S12,False,2,1.2265,do_nothing,,,,,,,,,,,,,,,,,,,,,,,,,,,,,,,,,,,,,,,,,,,,,,,,,,,,
42,10,15,11,S12,False,0,3,3,0,0,0,2,0,0,"['B162', 'B261']",1.0,S65,12.43,0,5,5,0.0,,-1.145906,-5.26372,-6.409626,True,True,36,S65,False,14,1.251,do_nothing+depot_removal,,,,,,,,,,,,,,,,,,,,,,,,,,,,,,,,,,,,,,,,,,,,,,,,,,,,
42,10,15,24,S65,False,0,5,5,0,15,0,0,0,0,"['B241', 'B718', 'B120', 'B603', 'B643', 'B212', 'B83', 'B707', 'B648', 'B507', 'B420', 'B509', 'B457', 'B733', 'B333']",7.5,S26,6.43,15,5,20,0.0,,-1.063373,-5.253126,-6.316499,False,False,12,S26,False,6,0.4006,pickup,,,,,,,,,,,,,,,,,,,,,,,,,,,,,,,,,,,,,,,,,,,,,,,,,,,,
42,10,15,38,S26,False,15,5,20,15,0,0,0,0,0,"['B241', 'B718', 'B120', 'B603', 'B643', 'B212', 'B83', 'B707', 'B648', 'B507', 'B420', 'B509', 'B457', 'B733', 'B333']",7.5,S31,6.02,0,5,5,0.0,,-1.241479,-5.243938,-6.485416,False,False,12,S55,True,6,0.37,delivery,,,,,,,,,,,,,,,,,,,,,,,,,,,,,,,,,,,,,,,,,,,,,,,,,,,,
42,10,15,52,S31,False,0,5,5,0,15,0,0,0,0,"['B397', 'B622', 'B546', 'B52', 'B203', 'B490', 'B328', 'B573', 'B233', 'B33', 'B706', 'B113', 'B669', 'B117', 'B292']",7.5,S15,3.53,15,5,20,0.0,,-0.746293,-5.237148,-5.983441,True,False,36,S12,True,18,1.0754,pickup,,,,,,,,,,,,,,,,,,,,,,,,,,,,,,,,,,,,,,,,,,,,,,,,,,,,
42,10,16,3,S15,False,15,5,20,15,0,0,0,0,0,"['B397', 'B622', 'B546', 'B52', 'B203', 'B490', 'B328', 'B573', 'B233', 'B33', 'B706', 'B113', 'B669', 'B117', 'B292']",7.5,S66,3.2,0,5,5,0.0,,-0.946373,-5.179645,-6.126018,False,False,18,S50,True,16,0.5132,delivery,,,,,,,,,,,,,,,,,,,,,,,,,,,,,,,,,,,,,,,,,,,,,,,,,,,,
42,10,16,14,S66,False,0,5,5,0,12,0,1,0,0,"['B270', 'B585', 'B536', 'B189', 'B459', 'B529', 'B321', 'B586', 'B264', 'B269', 'B17', 'B595', 'B489']",6.5,S55,6.13,12,6,18,0.0,,-0.78839,-5.190017,-5.978407,True,True,36,S31,True,30,1.0889,pickup+depot_removal,,,,,,,,,,,,,,,,,,,,,,,,,,,,,,,,,,,,,,,,,,,,,,,,,,,,
42,10,16,26,S55,False,12,6,18,12,0,0,0,0,0,"['B270', 'B585', 'B536', 'B189', 'B459', 'B529', 'B321', 'B586', 'B264', 'B269', 'B17', 'B595']",6.0,S63,3.64,0,6,6,0.0,,-0.669696,-5.132762,-5.802458,False,False,12,S56,True,7,0.4724,delivery,,,,,,,,,,,,,,,,,,,,,,,,,,,,,,,,,,,,,,,,,,,,,,,,,,,,
42,10,16,36,S63,False,0,6,6,0,0,0,0,0,0,[],0.0,S30,6.1,0,6,6,0.0,,-0.90853,-5.161553,-6.070084,True,False,24,S50,True,4,0.8815,do_nothing,,,,,,,,,,,,,,,,,,,,,,,,,,,,,,,,,,,,,,,,,,,,,,,,,,,,
42,10,16,42,S30,False,0,6,6,0,7,0,0,0,0,"['B0', 'B209', 'B659', 'B181', 'B505', 'B7', 'B108']",3.5,S38,4.47,7,6,13,0.0,,-0.906529,-5.138599,-6.045128,True,False,72,S63,True,28,2.1608,pickup,,,,,,,,,,,,,,,,,,,,,,,,,,,,,,,,,,,,,,,,,,,,,,,,,,,,
42,10,16,50,S38,False,7,6,13,7,0,0,0,0,0,"['B0', 'B209', 'B659', 'B181', 'B505', 'B7', 'B108']",3.5,S44,3.16,0,6,6,0.0,,-0.826587,-5.120813,-5.947401,False,False,12,S44,False,10,0.3655,delivery,,,,,,,,,,,,,,,,,,,,,,,,,,,,,,,,,,,,,,,,,,,,,,,,,,,,
42,10,16,57,S44,False,0,6,6,0,12,0,0,0,0,"['B299', 'B657', 'B284', 'B521', 'B542', 'B82', 'B231', 'B569', 'B230', 'B578', 'B427', 'B131']",6.0,S50,6.58,12,6,18,0.0,,-0.471416,-5.089846,-5.561262,False,False,18,S31,True,6,0.595,pickup,,,,,,,,,,,,,,,,,,,,,,,,,,,,,,,,,,,,,,,,,,,,,,,,,,,,
42,10,17,9,S50,False,12,6,18,12,0,0,0,0,0,"['B299', 'B657', 'B284', 'B521', 'B542', 'B82', 'B231', 'B569', 'B230', 'B578', 'B427', 'B131']",6.0,S61,6.8,0,6,6,0.0,,-0.730671,-5.110675,-5.841345,False,False,18,S11,True,16,0.6721,delivery,,,,,,,,,,,,,,,,,,,,,,,,,,,,,,,,,,,,,,,,,,,,,,,,,,,,
42,10,17,22,S61,False,0,6,6,0,5,1,0,0,0,"['B318', 'B496', 'B360', 'B167', 'B337']",5.5,S31,1.01,5,6,11,0.0,,-0.296554,-5.057737,-5.354291,True,True,54,S12,True,42,1.4938,pickup+onsite,,,,,,,,,,,,,,,,,,,,,,,,,,,,,,,,,,,,,,,,,,,,,,,,,,,,
42,10,17,28,S31,False,5,6,11,0,9,0,0,0,0,"['B732', 'B170', 'B305', 'B5', 'B129', 'B528', 'B200', 'B756', 'B96']",4.5,S25,10.09,14,6,20,0.0,,-0.295712,-5.059842,-5.355554,True,False,36,S11,True,22,1.3454,pickup,,,,,,,,,,,,,,,,,,,,,,,,,,,,,,,,,,,,,,,,,,,,,,,,,,,,
42,10,17,43,S25,False,14,6,20,12,0,0,0,0,0,"['B318', 'B496', 'B360', 'B167', 'B337', 'B732', 'B170', 'B305', 'B5', 'B129', 'B528', 'B200']",6.0,S12,19.34,2,6,8,0.0,,-0.177558,-5.033601,-5.211159,False,False,18,S6,True,13,0.9911,delivery,,,,,,,,,,,,,,,,,,,,,,,,,,,,,,,,,,,,,,,,,,,,,,,,,,,,
42,10,18,8,S12,False,2,6,8,0,12,0,0,0,0,"['B172', 'B540', 'B767', 'B577', 'B689', 'B676', 'B107', 'B69', 'B109', 'B632', 'B240', 'B428']",6.0,S19,1.21,14,6,20,0.0,,-0.196538,-5.130157,-5.326695,False,False,12,S19,False,6,0.6376,pickup,,,,,,,,,,,,,,,,,,,,,,,,,,,,,,,,,,,,,,,,,,,,,,,,,,,,
42,10,18,16,S19,False,14,6,20,7,0,0,0,0,0,"['B756', 'B96', 'B172', 'B540', 'B767', 'B577', 'B689']",3.5,S38,6.67,7,6,13,0.0,,-0.078794,-5.128105,-5.206899,True,False,36,S38,False,28,1.4933,delivery,,,,,,,,,,,,,,,,,,,,,,,,,,,,,,,,,,,,,,,,,,,,,,,,,,,,
42,10,18,26,S38,False,7,6,13,7,0,0,0,0,0,"['B676', 'B107', 'B69', 'B109', 'B632', 'B240', 'B428']",3.5,S57,9.48,0,6,6,0.0,,-0.177215,-5.127931,-5.305146,False,False,12,S57,False,6,0.3832,delivery,,,,,,,,,,,,,,,,,,,,,,,,,,,,,,,,,,,,,,,,,,,,,,,,,,,,
42,10,18,39,S57,False,0,6,6,0,14,0,0,0,0,"['B155', 'B486', 'B741', 'B101', 'B98', 'B374', 'B77', 'B407', 'B724', 'B752', 'B385', 'B274', 'B216', 'B37']",7.0,S62,5.43,14,6,20,0.0,,-0.05907,-5.114193,-5.173263,True,False,18,S39,True,16,0.5213,pickup,,,,,,,,,,,,,,,,,,,,,,,,,,,,,,,,,,,,,,,,,,,,,,,,,,,,
42,10,18,51,S62,False,14,6,20,0,0,2,0,0,0,[],6.0,S32,3.53,14,6,20,0.0,,-0.05872,-5.11857,-5.177289,True,True,54,S39,True,16,2.0089,do_nothing+onsite,,,,,,,,,,,,,,,,,,,,,,,,,,,,,,,,,,,,,,,,,,,,,,,,,,,,
42,10,19,1,S32,False,14,6,20,0,0,0,0,0,0,[],0.0,S33,3.27,14,6,20,0.0,,-0.156438,-5.049917,-5.206356,True,False,60,S33,True,0,1.6033,do_nothing,,,,,,,,,,,,,,,,,,,,,,,,,,,,,,,,,,,,,,,,,,,,,,,,,,,,
42,10,19,4,S33,False,14,6,20,14,0,0,0,0,0,"['B155', 'B486', 'B741', 'B101', 'B98', 'B374', 'B77', 'B407', 'B724', 'B752', 'B385', 'B274', 'B216', 'B37']",7.0,S41,4.4,0,6,6,0.0,,-0.178416,-5.032286,-5.210702,False,False,12,S41,False,6,0.425,delivery,,,,,,,,,,,,,,,,,,,,,,,,,,,,,,,,,,,,,,,,,,,,,,,,,,,,
42,10,19,15,S41,False,0,6,6,0,14,0,0,0,0,"['B136', 'B243', 'B618', 'B444', 'B169', 'B86', 'B217', 'B312', 'B338', 'B558', 'B192', 'B376', 'B246', 'B721']",7.0,S13,7.37,14,6,20,0.0,,-0.138267,-5.039315,-5.177581,True,False,24,S52,True,13,1.0483,pickup,,,,,,,,,,,,,,,,,,,,,,,,,,,,,,,,,,,,,,,,,,,,,,,,,,,,
42,10,19,30,S13,False,14,6,20,11,0,0,0,0,0,"['B136', 'B243', 'B618', 'B444', 'B169', 'B86', 'B217', 'B312', 'B338', 'B558', 'B192']",5.5,S52,11.5,3,6,9,0.0,,-0.098367,-5.066049,-5.164416,True,False,41,S52,False,10,0.9485,delivery,,,,,,,,,,,,,,,,,,,,,,,,,,,,,,,,,,,,,,,,,,,,,,,,,,,,
42,10,19,47,S52,False,3,6,9,0,0,0,0,0,0,[],0.0,S33,0.73,3,6,9,0.0,,-0.216862,-5.08195,-5.298811,False,False,3,D0,True,0,0.0748,do_nothing,,,,,,,,,,,,,,,,,,,,,,,,,,,,,,,,,,,,,,,,,,,,,,,,,,,,
42,10,19,47,S33,False,3,6,9,0,0,0,0,0,0,[],0.0,S52,0.73,3,6,9,0.0,,-0.216458,-5.081828,-5.298286,False,False,3,S52,False,0,0.0739,do_nothing,,,,,,,,,,,,,,,,,,,,,,,,,,,,,,,,,,,,,,,,,,,,,,,,,,,,
42,10,19,48,S52,False,3,6,9,3,0,0,0,0,0,"['B376', 'B246', 'B721']",1.5,D0,1.21,0,6,6,0.0,,-0.158139,-5.103944,-5.262083,False,False,2,D0,False,1,0.06,delivery,,,,,,,,,,,,,,,,,,,,,,,,,,,,,,,,,,,,,,,,,,,,,,,,,,,,
42,10,19,51,D0,True,0,6,6,0,0,0,0,6,8,"['B531', 'B541', 'B392', 'B32', 'B647', 'B347', 'B447', 'B221', 'B331', 'B754', 'B105', 'B162', 'B261', 'B489']",7.0,D0,0.0,8,0,8,0.0,,-0.157488,-5.106909,-5.264397,True,True,1,D0,False,0,0.0352,do_nothing,,,,,,,,,,,,,,,,,,,,,,,,,,,,,,,,,,,,,,,,,,,,,,,,,,,,
42,11,6,13,D0,True,8,0,8,0,0,0,0,0,0,[],0.0,S66,1.4,8,0,8,0.0,,-1.553237,-5.234253,-6.78749,True,True,5,S66,False,0,0.0849,depot_passthrough,,,,,,,,,,,,,,,,,,,,,,,,,,,,,,,,,,,,,,,,,,,,,,,,,,,,
42,11,6,29,S66,False,8,0,8,8,0,0,0,0,0,"['B531', 'B541', 'B392', 'B32', 'B647', 'B347', 'B447', 'B221']",4.0,S54,5.58,0,0,0,0.0,,-0.827582,-5.204895,-6.032478,False,False,12,S55,True,7,0.3041,delivery,,,,,,,,,,,,,,,,,,,,,,,,,,,,,,,,,,,,,,,,,,,,,,,,,,,,
42,11,6,39,S54,False,0,0,0,0,15,0,0,0,0,"['B149', 'B303', 'B533', 'B65', 'B581', 'B431', 'B624', 'B709', 'B603', 'B540', 'B279', 'B0', 'B61', 'B350', 'B628']",7.5,S51,6.18,15,0,15,0.0,,-1.245138,-5.244401,-6.489538,False,False,18,S55,True,7,0.5127,pickup,,,,,,,,,,,,,,,,,,,,,,,,,,,,,,,,,,,,,,,,,,,,,,,,,,,,
42,11,6,53,S51,False,15,0,15,15,0,0,0,0,0,"['B149', 'B303', 'B533', 'B65', 'B581', 'B431', 'B624', 'B709', 'B603', 'B540', 'B279', 'B0', 'B61', 'B350', 'B628']",7.5,S55,5.48,0,0,0,0.0,,-0.986783,-5.233875,-6.220658,False,False,12,S38,True,6,0.4299,delivery,,,,,,,,,,,,,,,,,,,,,,,,,,,,,,,,,,,,,,,,,,,,,,,,,,,,
42,11,7,6,S55,False,0,0,0,0,15,0,0,0,0,"['B184', 'B587', 'B415', 'B411', 'B139', 'B332', 'B485', 'B491', 'B663', 'B412', 'B249', 'B406', 'B403', 'B404', 'B741']",7.5,S12,7.23,15,0,15,0.0,,-0.492683,-5.243174,-5.735857,True,False,36,S38,True,15,0.9261,pickup,,,,,,,,,,,,,,,,,,,,,,,,,,,,,,,,,,,,,,,,,,,,,,,,,,,,
42,11,7,20,S12,False,15,0,15,15,0,0,0,0,0,"['B184', 'B587', 'B415', 'B411', 'B139', 'B332', 'B485', 'B491', 'B663', 'B412', 'B249', 'B406', 'B403', 'B404', 'B741']",7.5,S35,9.87,0,0,0,0.0,,-0.769712,-5.225044,-5.994756,False,False,12,S38,True,6,0.4164,delivery,,,,,,,,,,,,,,,,,,,,,,,,,,,,,,,,,,,,,,,,,,,,,,,,,,,,
42,11,7,38,S35,False,0,0,0,0,13,0,1,0,0,"['B552', 'B684', 'B259', 'B13', 'B740', 'B167', 'B526', 'B426', 'B560', 'B18', 'B494', 'B339', 'B395', 'B671']",7.0,S62,5.61,13,1,14,0.0,,-0.610778,-5.214047,-5.824825,True,True,36,S66,True,31,0.8925,pickup+depot_removal,,,,,,,,,,,,,,,,,,,,,,,,,,,,,,,,,,,,,,,,,,,,,,,,,,,,
42,11,7,50,S62,False,13,1,14,0,0,0,0,0,0,[],0.0,S66,2.92,13,1,14,0.0,,-0.532337,-5.249483,-5.78182,False,False,12,S45,True,0,0.3906,do_nothing,,,,,,,,,,,,,,,,,,,,,,,,,,,,,,,,,,,,,,,,,,,,,,,,,,,,
42,11,7,53,S66,False,13,1,14,0,0,0,0,0,0,[],0.0,S43,4.56,13,1,14,0.0,,-0.648929,-5.246878,-5.895807,False,False,12,S38,True,2,0.4218,do_nothing,,,,,,,,,,,,,,,,,,,,,,,,,,,,,,,,,,,,,,,,,,,,,,,,,,,,
42,11,7,58,S43,False,13,1,14,0,0,0,0,0,0,[],0.0,S62,2.99,13,1,14,0.0,,-0.373999,-5.245081,-5.619081,False,False,12,S45,True,2,0.4134,do_nothing,,,,,,,,,,,,,,,,,,,,,,,,,,,,,,,,,,,,,,,,,,,,,,,,,,,,
42,11,8,1,S62,False,13,1,14,13,0,0,0,0,0,"['B552', 'B684', 'B259', 'B13', 'B740', 'B167', 'B526', 'B426', 'B560', 'B18', 'B494', 'B339', 'B395']",6.5,S16,2.41,0,1,1,0.0,,-0.688668,-5.264596,-5.953264,False,False,12,S16,False,6,0.4474,delivery,,,,,,,,,,,,,,,,,,,,,,,,,,,,,,,,,,,,,,,,,,,,,,,,,,,,
42,11,8,10,S16,False,0,1,1,0,8,0,1,0,0,"['B627', 'B263', 'B486', 'B407', 'B616', 'B699', 'B257', 'B708', 'B150']",4.5,S43,0.58,8,2,10,0.0,,-0.529639,-5.237605,-5.767244,True,True,54,S37,True,25,1.994,pickup+depot_removal,,,,,,,,,,,,,,,,,,,,,,,,,,,,,,,,,,,,,,,,,,,,,,,,,,,,
42,11,8,15,S43,False,8,2,10,8,0,0,0,0,0,"['B627', 'B263', 'B486', 'B407', 'B616', 'B699', 'B257', 'B708']",4.0,S37,1.66,0,2,2,0.0,,-0.551459,-5.206465,-5.757924,False,False,12,S57,True,7,0.4746,delivery,,,,,,,,,,,,,,,,,,,,,,,,,,,,,,,,,,,,,,,,,,,,,,,,,,,,
42,11,8,20,S37,False,0,2,2,0,13,1,1,0,0,"['B565', 'B195', 'B527', 'B577', 'B152', 'B38', 'B598', 'B703', 'B566', 'B289', 'B130', 'B244', 'B247', 'B452']",10.0,S48,5.41,13,3,16,0.0,,-0.72432,-5.202549,-5.92687,True,True,108,S57,True,58,3.3479,pickup+maintenance,,,,,,,,,,,,,,,,,,,,,,,,,,,,,,,,,,,,,,,,,,,,,,,,,,,,
42,11,8,36,S48,False,13,3,16,0,0,2,0,0,0,[],6.0,S22,12.53,13,3,16,0.0,,-0.412243,-5.181078,-5.593321,True,True,108,S17,True,27,2.4075,do_nothing+onsite,,,,,,,,,,,,,,,,,,,,,,,,,,,,,,,,,,,,,,,,,,,,,,,,,,,,
42,11,8,54,S22,False,13,3,16,0,0,1,0,0,0,[],3.0,S23,1.6,13,3,16,0.0,,-0.491835,-5.199459,-5.691294,True,True,36,S65,True,10,1.0774,do_nothing+onsite,,,,,,,,,,,,,,,,,,,,,,,,,,,,,,,,,,,,,,,,,,,,,,,,,,,,
42,11,8,59,S23,False,13,3,16,0,0,0,0,0,0,[],0.0,S26,8.86,13,3,16,0.0,,-0.49218,-5.197494,-5.689674,False,False,18,S7,True,0,0.4383,do_nothing,,,,,,,,,,,,,,,,,,,,,,,,,,,,,,,,,,,,,,,,,,,,,,,,,,,,
42,11,9,8,S26,False,13,3,16,13,0,0,0,0,0,"['B565', 'B195', 'B527', 'B577', 'B152', 'B38', 'B598', 'B703', 'B566', 'B289', 'B130', 'B244', 'B247']",6.5,S42,6.95,0,3,3,0.0,,-0.749149,-5.168891,-5.91804,False,False,12,S42,False,7,0.4765,delivery,,,,,,,,,,,,,,,,,,,,,,,,,,,,,,,,,,,,,,,,,,,,,,,,,,,,
42,11,9,21,S42,False,0,3,3,0,11,0,0,0,0,"['B110', 'B258', 'B588', 'B664', 'B80', 'B372', 'B77', 'B9', 'B650', 'B398', 'B308']",5.5,S61,8.85,11,3,14,0.0,,-0.493592,-5.189713,-5.683305,False,False,18,S10,True,10,0.7066,pickup,,,,,,,,,,,,,,,,,,,,,,,,,,,,,,,,,,,,,,,,,,,,,,,,,,,,
42,11,9,36,S61,False,11,3,14,10,0,0,0,0,0,"['B110', 'B258', 'B588', 'B664', 'B80', 'B372', 'B77', 'B9', 'B650', 'B398']",5.0,S10,5.09,1,3,4,0.0,,-0.552712,-5.185059,-5.737771,True,False,36,S10,False,13,1.4787,delivery,,,,,,,,,,,,,,,,,,,,,,,,,,,,,,,,,,,,,,,,,,,,,,,,,,,,
42,11,9,46,S10,False,1,3,4,0,10,1,0,0,0,"['B300', 'B607', 'B456', 'B574', 'B559', 'B563', 'B683', 'B325', 'B589', 'B100']",8.0,S66,5.63,11,3,14,0.0,,-0.413344,-5.182379,-5.595723,True,True,36,S53,True,33,1.6,pickup+onsite,,,,,,,,,,,,,,,,,,,,,,,,,,,,,,,,,,,,,,,,,,,,,,,,,,,,
42,11,9,59,S66,False,11,3,14,0,0,0,0,0,0,[],0.0,S65,3.09,11,3,14,0.0,,-0.354375,-5.206241,-5.560616,False,False,12,S53,True,1,0.4423,do_nothing,,,,,,,,,,,,,,,,,,,,,,,,,,,,,,,,,,,,,,,,,,,,,,,,,,,,
42,11,10,2,S65,False,11,3,14,11,0,0,0,0,0,"['B308', 'B300', 'B607', 'B456', 'B574', 'B559', 'B563', 'B683', 'B325', 'B589', 'B100']",5.5,S47,1.6,0,3,3,0.0,,-0.452444,-5.204545,-5.656988,False,False,12,S47,False,10,0.3628,delivery,,,,,,,,,,,,,,,,,,,,,,,,,,,,,,,,,,,,,,,,,,,,,,,,,,,,
42,11,10,10,S47,False,0,3,3,0,11,0,0,0,0,"['B340', 'B436', 'B391', 'B743', 'B666', 'B614', 'B720', 'B346', 'B264', 'B211', 'B476']",5.5,S22,2.32,11,3,14,0.0,,-0.570783,-5.190009,-5.760792,True,False,36,S53,True,24,1.2972,pickup,,,,,,,,,,,,,,,,,,,,,,,,,,,,,,,,,,,,,,,,,,,,,,,,,,,,
42,11,10,17,S22,False,11,3,14,11,0,0,0,0,0,"['B340', 'B436', 'B391', 'B743', 'B666', 'B614', 'B720', 'B346', 'B264', 'B211', 'B476']",5.5,S53,9.3,0,3,3,0.0,,-0.553511,-5.214027,-5.767538,False,False,12,S53,False,6,0.2889,delivery,,,,,,,,,,,,,,,,,,,,,,,,,,,,,,,,,,,,,,,,,,,,,,,,,,,,
42,11,10,32,S53,False,0,3,3,0,17,0,0,0,0,"['B478', 'B593', 'B7', 'B111', 'B156', 'B67', 'B654', 'B418', 'B595', 'B424', 'B601', 'B473', 'B760', 'B579', 'B496', 'B344', 'B350']",8.5,S46,0.87,17,3,20,0.0,,-0.451793,-5.248692,-5.700484,False,False,18,S46,True,12,0.6407,pickup,,,,,,,,,,,,,,,,,,,,,,,,,,,,,,,,,,,,,,,,,,,,,,,,,,,,
42,11,10,42,S46,False,17,3,20,12,0,0,0,0,0,"['B478', 'B593', 'B7', 'B111', 'B156', 'B67', 'B654', 'B418', 'B595', 'B424', 'B601', 'B473']",6.0,S66,5.15,5,3,8,0.0,,-0.549357,-5.252055,-5.801412,True,False,36,S7,True,14,0.7972,delivery,,,,,,,,,,,,,,,,,,,,,,,,,,,,,,,,,,,,,,,,,,,,,,,,,,,,
42,11,10,53,S66,False,5,3,8,5,0,0,0,0,0,"['B760', 'B579', 'B496', 'B344', 'B350']",2.5,S63,4.37,0,3,3,0.0,,-0.452984,-5.232805,-5.685789,False,False,12,S18,True,8,0.4443,delivery,,,,,,,,,,,,,,,,,,,,,,,,,,,,,,,,,,,,,,,,,,,,,,,,,,,,
42,11,11,0,S63,False,0,3,3,0,0,0,0,0,0,[],0.0,S64,3.66,0,3,3,0.0,,-0.295656,-5.203748,-5.499404,True,False,36,S37,True,1,0.9318,do_nothing,,,,,,,,,,,,,,,,,,,,,,,,,,,,,,,,,,,,,,,,,,,,,,,,,,,,
42,11,11,3,S64,False,0,3,3,0,8,0,0,0,0,"['B253', 'B42', 'B255', 'B17', 'B345', 'B506', 'B481', 'B493']",4.0,S50,8.2,8,3,11,0.0,,-0.079094,-5.188692,-5.267786,False,False,18,S18,True,9,0.4562,pickup,,,,,,,,,,,,,,,,,,,,,,,,,,,,,,,,,,,,,,,,,,,,,,,,,,,,
42,11,11,15,S50,False,8,3,11,8,0,0,0,0,0,"['B253', 'B42', 'B255', 'B17', 'B345', 'B506', 'B481', 'B493']",4.0,S6,11.15,0,3,3,0.0,,-0.411744,-5.207522,-5.619266,True,False,24,S63,True,13,0.6514,delivery,,,,,,,,,,,,,,,,,,,,,,,,,,,,,,,,,,,,,,,,,,,,,,,,,,,,
42,11,11,31,S6,False,0,3,3,0,12,0,0,0,0,"['B700', 'B41', 'B50', 'B602', 'B374', 'B85', 'B324', 'B565', 'B490', 'B195', 'B598', 'B38']",6.0,S54,11.55,12,3,15,0.0,,-0.314832,-5.194091,-5.508922,True,False,96,S37,True,52,2.8183,pickup,,,,,,,,,,,,,,,,,,,,,,,,,,,,,,,,,,,,,,,,,,,,,,,,,,,,
42,11,11,48,S54,False,12,3,15,0,0,0,0,0,0,[],0.0,S35,2.91,12,3,15,0.0,,-0.725377,-5.257293,-5.982671,False,False,12,S16,True,3,0.4068,do_nothing,,,,,,,,,,,,,,,,,,,,,,,,,,,,,,,,,,,,,,,,,,,,,,,,,,,,
42,11,11,51,S35,False,12,3,15,12,0,0,0,0,0,"['B700', 'B41', 'B50', 'B602', 'B374', 'B85', 'B324', 'B565', 'B490', 'B195', 'B598', 'B38']",6.0,S16,6.87,0,3,3,0.0,,-0.47341,-5.225461,-5.69887,False,False,12,S16,False,7,0.2861,delivery,,,,,,,,,,,,,,,,,,,,,,,,,,,,,,,,,,,,,,,,,,,,,,,,,,,,
42,11,12,4,S16,False,0,3,3,0,10,0,0,0,0,"['B628', 'B106', 'B254', 'B689', 'B375', 'B605', 'B421', 'B8', 'B743', 'B524']",5.0,S63,0.31,10,3,13,0.0,,-0.57094,-5.213923,-5.784863,True,False,36,S63,True,24,1.0572,pickup,,,,,,,,,,,,,,,,,,,,,,,,,,,,,,,,,,,,,,,,,,,,,,,,,,,,
42,11,12,9,S63,False,10,3,13,0,0,0,0,0,0,[],0.0,S54,3.86,10,3,13,0.0,,-0.748252,-5.271496,-6.019747,True,False,24,S17,True,3,0.4502,do_nothing,,,,,,,,,,,,,,,,,,,,,,,,,,,,,,,,,,,,,,,,,,,,,,,,,,,,
42,11,12,13,S54,False,10,3,13,10,0,0,0,0,0,"['B628', 'B106', 'B254', 'B689', 'B375', 'B605', 'B421', 'B8', 'B743', 'B524']",5.0,S19,6.83,0,3,3,0.0,,-0.550613,-5.215287,-5.7659,False,False,12,S63,True,7,0.3771,delivery,,,,,,,,,,,,,,,,,,,,,,,,,,,,,,,,,,,,,,,,,,,,,,,,,,,,
42,11,12,25,S19,False,0,3,3,0,8,0,0,0,0,"['B24', 'B575', 'B680', 'B87', 'B759', 'B679', 'B372', 'B315']",4.0,S29,8.16,8,3,11,0.0,,-0.727122,-5.246823,-5.973945,True,False,36,S63,True,24,0.9862,pickup,,,,,,,,,,,,,,,,,,,,,,,,,,,,,,,,,,,,,,,,,,,,,,,,,,,,
42,11,12,37,S29,False,8,3,11,8,0,0,0,0,0,"['B24', 'B575', 'B680', 'B87', 'B759', 'B679', 'B372', 'B315']",4.0,S63,5.25,0,3,3,0.0,,-1.060869,-5.235935,-6.296805,False,False,12,S63,False,8,0.3439,delivery,,,,,,,,,,,,,,,,,,,,,,,,,,,,,,,,,,,,,,,,,,,,,,,,,,,,
42,11,12,46,S63,False,0,3,3,0,12,0,0,0,0,"['B230', 'B578', 'B497', 'B432', 'B687', 'B144', 'B488', 'B59', 'B729', 'B63', 'B742', 'B53']",6.0,S44,0.47,12,3,15,0.0,,-0.470912,-5.265281,-5.736194,True,False,36,S41,True,28,0.9209,pickup,,,,,,,,,,,,,,,,,,,,,,,,,,,,,,,,,,,,,,,,,,,,,,,,,,,,
42,11,12,53,S44,False,12,3,15,10,0,0,0,0,0,"['B230', 'B578', 'B497', 'B432', 'B687', 'B144', 'B488', 'B59', 'B729', 'B63']",5.0,S50,6.58,2,3,5,0.0,,-0.924653,-5.265346,-6.19,False,False,18,S50,False,8,0.5013,delivery,,,,,,,,,,,,,,,,,,,,,,,,,,,,,,,,,,,,,,,,,,,,,,,,,,,,
42,11,13,4,S50,False,2,3,5,2,0,0,0,0,0,"['B742', 'B53']",1.0,S30,8.83,0,3,3,0.0,,-0.884909,-5.302333,-6.187242,True,False,24,S41,True,14,0.6522,delivery,,,,,,,,,,,,,,,,,,,,,,,,,,,,,,,,,,,,,,,,,,,,,,,,,,,,
42,11,13,14,S30,False,0,3,3,0,8,3,0,0,0,"['B221', 'B4', 'B438', 'B376', 'B703', 'B241', 'B289', 'B112']",13.0,S26,6.33,8,3,11,0.0,,-1.001655,-5.266052,-6.267708,True,True,72,S41,True,67,1.7914,pickup+onsite,,,,,,,,,,,,,,,,,,,,,,,,,,,,,,,,,,,,,,,,,,,,,,,,,,,,
42,11,13,33,S26,False,8,3,11,8,0,0,0,0,0,"['B221', 'B4', 'B438', 'B376', 'B703', 'B241', 'B289', 'B112']",4.0,S66,5.64,0,3,3,0.0,,-1.103169,-5.267367,-6.370536,False,False,12,S58,True,7,0.3233,delivery,,,,,,,,,,,,,,,,,,,,,,,,,,,,,,,,,,,,,,,,,,,,,,,,,,,,
42,11,13,43,S66,False,0,3,3,0,14,0,0,0,0,"['B515', 'B328', 'B694', 'B17', 'B348', 'B50', 'B506', 'B461', 'B184', 'B276', 'B654', 'B665', 'B62', 'B145']",7.0,S29,6.29,14,3,17,0.0,,-1.571985,-5.295005,-6.86699,False,False,18,S58,True,6,0.5206,pickup,,,,,,,,,,,,,,,,,,,,,,,,,,,,,,,,,,,,,,,,,,,,,,,,,,,,
42,11,13,56,S29,False,14,3,17,0,0,0,0,0,0,[],0.0,S35,1.95,14,3,17,0.0,,-1.026216,-5.297952,-6.324168,False,False,12,S58,True,1,0.2871,do_nothing,,,,,,,,,,,,,,,,,,,,,,,,,,,,,,,,,,,,,,,,,,,,,,,,,,,,
42,11,13,58,S35,False,14,3,17,14,0,0,0,0,0,"['B515', 'B328', 'B694', 'B17', 'B348', 'B50', 'B506', 'B461', 'B184', 'B276', 'B654', 'B665', 'B62', 'B145']",7.0,S58,8.51,0,3,3,0.0,,-0.925106,-5.262162,-6.187268,False,False,12,S58,False,6,0.3002,delivery,,,,,,,,,,,,,,,,,,,,,,,,,,,,,,,,,,,,,,,,,,,,,,,,,,,,
42,11,14,14,S58,False,0,3,3,0,15,0,1,0,0,"['B140', 'B684', 'B273', 'B536', 'B163', 'B603', 'B353', 'B455', 'B645', 'B760', 'B666', 'B247', 'B663', 'B617', 'B730', 'B119']",8.0,S38,1.38,15,4,19,0.0,,-1.325027,-5.221211,-6.546238,True,True,30,S50,True,19,1.024,pickup+depot_removal,,,,,,,,,,,,,,,,,,,,,,,,,,,,,,,,,,,,,,,,,,,,,,,,,,,,
42,11,14,23,S38,False,15,4,19,11,0,0,0,0,0,"['B140', 'B684', 'B273', 'B536', 'B163', 'B603', 'B353', 'B455', 'B645', 'B760', 'B666']",5.5,S47,4.38,4,4,8,0.0,,-0.968299,-5.160319,-6.128619,False,False,18,S29,True,10,0.6997,delivery,,,,,,,,,,,,,,,,,,,,,,,,,,,,,,,,,,,,,,,,,,,,,,,,,,,,
42,11,14,33,S47,False,4,4,8,4,0,0,0,0,0,"['B247', 'B663', 'B617', 'B730']",2.0,S30,1.18,0,4,4,0.0,,-0.888815,-5.192722,-6.081537,True,False,24,S30,True,12,0.6376,delivery,,,,,,,,,,,,,,,,,,,,,,,,,,,,,,,,,,,,,,,,,,,,,,,,,,,,
42,11,14,36,S30,False,0,4,4,0,10,0,0,0,0,"['B208', 'B2', 'B44', 'B369', 'B154', 'B615', 'B282', 'B575', 'B63', 'B251']",5.0,S50,8.83,10,4,14,0.0,,-0.967901,-5.204148,-6.172049,False,False,18,S60,True,12,0.4146,pickup,,,,,,,,,,,,,,,,,,,,,,,,,,,,,,,,,,,,,,,,,,,,,,,,,,,,
42,11,14,50,S50,False,10,4,14,10,0,0,0,0,0,"['B208', 'B2', 'B44', 'B369', 'B154', 'B615', 'B282', 'B575', 'B63', 'B251']",5.0,S61,6.8,0,4,4,0.0,,-1.326074,-5.190817,-6.51689,True,False,24,S16,True,14,0.6762,delivery,,,,,,,,,,,,,,,,,,,,,,,,,,,,,,,,,,,,,,,,,,,,,,,,,,,,
42,11,15,2,S61,False,0,4,4,0,3,0,0,0,0,"['B46', 'B699', 'B621']",1.5,S60,1.62,3,4,7,0.0,,-1.123533,-5.215305,-6.338838,True,False,36,S60,False,27,1.1911,pickup,,,,,,,,,,,,,,,,,,,,,,,,,,,,,,,,,,,,,,,,,,,,,,,,,,,,
42,11,15,5,S60,False,3,4,7,0,13,0,0,0,0,"['B280', 'B545', 'B103', 'B156', 'B383', 'B642', 'B640', 'B522', 'B643', 'B302', 'B151', 'B725', 'B16']",6.5,S17,8.5,16,4,20,0.0,,-1.003302,-5.23557,-6.238872,True,False,18,S23,True,13,0.6029,pickup,,,,,,,,,,,,,,,,,,,,,,,,,,,,,,,,,,,,,,,,,,,,,,,,,,,,
42,11,15,20,S17,False,16,4,20,15,0,0,0,0,0,"['B46', 'B699', 'B621', 'B280', 'B545', 'B103', 'B156', 'B383', 'B642', 'B640', 'B522', 'B643', 'B302', 'B151', 'B725']",7.5,S39,11.39,1,4,5,0.0,,-0.80842,-5.234189,-6.042609,False,False,18,S39,False,13,0.5925,delivery,,,,,,,,,,,,,,,,,,,,,,,,,,,,,,,,,,,,,,,,,,,,,,,,,,,,
42,11,15,39,S39,False,1,4,5,1,0,1,0,0,0,['B16'],3.5,S62,5.74,0,4,4,0.0,,-0.962495,-5.234524,-6.197019,True,True,96,S62,False,72,2.9129,delivery+onsite,,,,,,,,,,,,,,,,,,,,,,,,,,,,,,,,,,,,,,,,,,,,,,,,,,,,
42,11,15,48,S62,False,0,4,4,0,15,0,0,0,0,"['B630', 'B32', 'B467', 'B691', 'B7', 'B258', 'B67', 'B482', 'B23', 'B506', 'B498', 'B348', 'B422', 'B135', 'B634']",7.5,S26,5.52,15,4,19,0.0,,-0.632103,-5.17617,-5.808273,False,False,18,S39,True,7,0.7764,pickup,,,,,,,,,,,,,,,,,,,,,,,,,,,,,,,,,,,,,,,,,,,,,,,,,,,,
42,11,16,1,S26,False,15,4,19,15,0,0,0,0,0,"['B630', 'B32', 'B467', 'B691', 'B7', 'B258', 'B67', 'B482', 'B23', 'B506', 'B498', 'B348', 'B422', 'B135', 'B634']",7.5,S36,10.11,0,4,4,0.0,,-0.610574,-5.187973,-5.798547,False,False,12,S16,True,6,0.4585,delivery,,,,,,,,,,,,,,,,,,,,,,,,,,,,,,,,,,,,,,,,,,,,,,,,,,,,
42,11,16,19,S36,False,0,4,4,0,11,0,0,0,0,"['B68', 'B599', 'B176', 'B413', 'B89', 'B688', 'B701', 'B756', 'B382', 'B660', 'B675']",5.5,S52,4.36,11,4,15,0.0,,-0.828183,-5.215877,-6.04406,True,False,36,S31,True,25,1.3201,pickup,,,,,,,,,,,,,,,,,,,,,,,,,,,,,,,,,,,,,,,,,,,,,,,,,,,,
42,11,16,29,S52,False,11,4,15,11,0,0,0,0,0,"['B68', 'B599', 'B176', 'B413', 'B89', 'B688', 'B701', 'B756', 'B382', 'B660', 'B675']",5.5,S16,1.07,0,4,4,0.0,,-0.790092,-5.211903,-6.001995,False,False,12,S16,False,8,0.4303,delivery,,,,,,,,,,,,,,,,,,,,,,,,,,,,,,,,,,,,,,,,,,,,,,,,,,,,
42,11,16,35,S16,False,0,4,4,0,6,0,0,0,0,"['B602', 'B224', 'B43', 'B228', 'B587', 'B531']",3.0,S39,4.94,6,4,10,0.0,,-0.670604,-5.183857,-5.854461,True,False,36,S31,True,25,1.2562,pickup,,,,,,,,,,,,,,,,,,,,,,,,,,,,,,,,,,,,,,,,,,,,,,,,,,,,
42,11,16,43,S39,False,6,4,10,6,0,0,3,0,0,"['B451', 'B304', 'B93', 'B602', 'B224', 'B43', 'B228', 'B587', 'B531']",4.5,S31,3.72,0,7,7,0.0,,-0.275378,-5.17435,-5.449728,True,True,48,S31,True,42,1.6572,delivery+depot_removal,,,,,,,,,,,,,,,,,,,,,,,,,,,,,,,,,,,,,,,,,,,,,,,,,,,,
42,11,16,51,S31,False,0,7,7,0,13,0,0,0,0,"['B616', 'B100', 'B238', 'B548', 'B184', 'B733', 'B749', 'B271', 'B684', 'B355', 'B163', 'B720', 'B606']",6.5,S66,0.38,13,7,20,0.0,,-0.412996,-5.152279,-5.565275,True,False,48,S29,True,25,1.7399,pickup,,,,,,,,,,,,,,,,,,,,,,,,,,,,,,,,,,,,,,,,,,,,,,,,,,,,
42,11,16,58,S66,False,13,7,20,0,0,1,0,0,0,[],3.0,S54,5.58,13,7,20,0.0,,-0.43522,-5.15617,-5.591391,True,True,36,S54,True,7,1.2795,do_nothing+onsite,,,,,,,,,,,,,,,,,,,,,,,,,,,,,,,,,,,,,,,,,,,,,,,,,,,,
42,11,17,7,S54,False,13,7,20,11,0,1,0,0,0,"['B616', 'B100', 'B238', 'B548', 'B184', 'B733', 'B749', 'B271', 'B684', 'B355', 'B163']",8.5,S10,1.21,2,7,9,0.0,,-0.533891,-5.122498,-5.656389,True,True,54,S35,True,25,1.5233,delivery+onsite,,,,,,,,,,,,,,,,,,,,,,,,,,,,,,,,,,,,,,,,,,,,,,,,,,,,
42,11,17,17,S10,False,2,7,9,2,0,0,0,0,0,"['B720', 'B606']",1.0,S12,9.22,0,7,7,0.0,,-0.492638,-5.137645,-5.630283,False,False,12,S12,False,8,0.3594,delivery,,,,,,,,,,,,,,,,,,,,,,,,,,,,,,,,,,,,,,,,,,,,,,,,,,,,
42,11,17,27,S12,False,0,7,7,0,13,0,0,0,0,"['B484', 'B550', 'B313', 'B463', 'B389', 'B10', 'B108', 'B56', 'B102', 'B360', 'B395', 'B290', 'B510']",6.5,S35,9.87,13,7,20,0.0,,-0.335496,-5.114806,-5.450302,False,False,12,S39,True,7,0.3232,pickup,,,,,,,,,,,,,,,,,,,,,,,,,,,,,,,,,,,,,,,,,,,,,,,,,,,,
42,11,17,43,S35,False,13,7,20,13,0,1,0,0,0,"['B484', 'B550', 'B313', 'B463', 'B389', 'B10', 'B108', 'B56', 'B102', 'B360', 'B395', 'B290', 'B510']",9.5,S43,7.26,0,7,7,0.0,,-0.237733,-5.0673,-5.305033,True,True,24,S40,True,19,0.7397,delivery+onsite,,,,,,,,,,,,,,,,,,,,,,,,,,,,,,,,,,,,,,,,,,,,,,,,,,,,
42,11,18,0,S43,False,0,7,7,0,11,1,0,0,0,"['B81', 'B565', 'B403', 'B486', 'B537', 'B322', 'B715', 'B257', 'B306', 'B425', 'B55']",8.5,S66,4.56,11,7,18,0.0,,-0.474114,-5.069989,-5.544103,True,True,36,S53,True,33,0.9381,pickup+onsite,,,,,,,,,,,,,,,,,,,,,,,,,,,,,,,,,,,,,,,,,,,,,,,,,,,,
42,11,18,13,S66,False,11,7,18,0,0,0,0,0,0,[],0.0,S24,6.55,11,7,18,0.0,,-0.374995,-5.116864,-5.491859,False,False,12,S41,True,0,0.3911,do_nothing,,,,,,,,,,,,,,,,,,,,,,,,,,,,,,,,,,,,,,,,,,,,,,,,,,,,
42,11,18,20,S24,False,11,7,18,0,0,0,0,0,0,[],0.0,S7,7.29,11,7,18,0.0,,-0.079193,-5.052685,-5.131878,False,False,12,S53,True,1,0.2867,do_nothing,,,,,,,,,,,,,,,,,,,,,,,,,,,,,,,,,,,,,,,,,,,,,,,,,,,,
42,11,18,27,S7,False,11,7,18,11,0,0,0,0,0,"['B81', 'B565', 'B403', 'B486', 'B537', 'B322', 'B715', 'B257', 'B306', 'B425', 'B55']",5.5,S13,2.1,0,7,7,0.0,,-0.237432,-5.053958,-5.29139,False,False,12,S4,True,8,0.587,delivery,,,,,,,,,,,,,,,,,,,,,,,,,,,,,,,,,,,,,,,,,,,,,,,,,,,,
42,11,18,34,S13,False,0,7,7,0,1,2,0,0,0,['B514'],6.5,S23,3.65,1,7,8,0.0,,-0.038998,-5.076275,-5.115273,True,True,144,S5,True,123,3.1259,pickup+onsite,,,,,,,,,,,,,,,,,,,,,,,,,,,,,,,,,,,,,,,,,,,,,,,,,,,,
42,11,18,45,S23,False,1,7,8,1,0,0,0,0,0,['B514'],0.5,S56,12.24,0,7,7,0.0,,-0.078298,-5.052295,-5.130593,True,False,48,S58,True,28,1.3816,delivery,,,,,,,,,,,,,,,,,,,,,,,,,,,,,,,,,,,,,,,,,,,,,,,,,,,,
42,11,18,57,S56,False,0,7,7,0,6,0,0,0,0,"['B190', 'B296', 'B374', 'B718', 'B377', 'B728']",3.0,S50,3.2,6,7,13,0.0,,-0.039147,-5.053127,-5.092274,True,False,36,S58,True,28,0.7485,pickup,,,,,,,,,,,,,,,,,,,,,,,,,,,,,,,,,,,,,,,,,,,,,,,,,,,,
42,11,19,4,S50,False,6,7,13,0,7,0,0,0,0,"['B44', 'B369', 'B154', 'B615', 'B282', 'B575', 'B63']",3.5,S39,10.68,13,7,20,0.0,,-0.039597,-5.095953,-5.13555,True,False,18,S51,True,16,0.5193,pickup,,,,,,,,,,,,,,,,,,,,,,,,,,,,,,,,,,,,,,,,,,,,,,,,,,,,
42,11,19,18,S39,False,13,7,20,13,0,0,0,0,0,"['B190', 'B296', 'B374', 'B718', 'B377', 'B728', 'B44', 'B369', 'B154', 'B615', 'B282', 'B575', 'B63']",6.5,S17,11.39,0,7,7,0.0,,-0.019773,-5.090928,-5.110701,False,False,18,S13,True,16,0.6047,delivery,,,,,,,,,,,,,,,,,,,,,,,,,,,,,,,,,,,,,,,,,,,,,,,,,,,,
42,11,19,36,S17,False,0,7,7,0,0,0,0,0,0,[],0.0,S58,10.37,0,7,7,0.0,,-0.118088,-5.084708,-5.202796,False,False,5,S58,False,0,0.1721,do_nothing,,,,,,,,,,,,,,,,,,,,,,,,,,,,,,,,,,,,,,,,,,,,,,,,,,,,
42,11,19,46,S58,False,0,7,7,0,13,0,0,0,0,"['B85', 'B110', 'B171', 'B543', 'B315', 'B342', 'B367', 'B670', 'B721', 'B612', 'B469', 'B677', 'B419']",6.5,D0,2.14,13,7,20,0.0,,-0.078793,-5.100908,-5.179702,False,False,2,D0,False,1,0.06,pickup,,,,,,,,,,,,,,,,,,,,,,,,,,,,,,,,,,,,,,,,,,,,,,,,,,,,
42,11,19,55,D0,True,13,7,20,0,0,0,0,7,6,"['B331', 'B754', 'B105', 'B162', 'B261', 'B489', 'B671', 'B150', 'B452', 'B119', 'B451', 'B304', 'B93']",6.5,D0,0.0,19,0,19,0.0,,-0.078293,-5.115238,-5.193531,True,True,1,D0,False,0,0.0338,do_nothing,,,,,,,,,,,,,,,,,,,,,,,,,,,,,,,,,,,,,,,,,,,,,,,,,,,,
42,12,6,1,D0,True,19,0,19,0,0,0,0,0,0,[],0.0,S62,0.46,19,0,19,0.0,,-0.059271,-5.163889,-5.22316,True,True,5,S62,False,0,0.3036,depot_passthrough,,,,,,,,,,,,,,,,,,,,,,,,,,,,,,,,,,,,,,,,,,,,,,,,,,,,
42,12,6,17,S62,False,19,0,19,13,0,0,0,0,0,"['B85', 'B110', 'B171', 'B543', 'B315', 'B342', 'B367', 'B670', 'B721', 'B612', 'B469', 'B677', 'B419']",6.5,S31,2.98,6,0,6,0.0,,-0.058823,-5.166288,-5.225111,False,False,18,S40,True,13,0.6918,delivery,,,,,,,,,,,,,,,,,,,,,,,,,,,,,,,,,,,,,,,,,,,,,,,,,,,,
42,12,6,26,S31,False,6,0,6,0,14,0,0,0,0,"['B765', 'B269', 'B685', 'B68', 'B759', 'B89', 'B375', 'B724', 'B42', 'B216', 'B516', 'B463', 'B548', 'B344']",7.0,S22,4.51,20,0,20,0.0,,-0.039246,-5.140574,-5.17982,True,False,48,S22,False,24,1.9187,pickup,,,,,,,,,,,,,,,,,,,,,,,,,,,,,,,,,,,,,,,,,,,,,,,,,,,,
42,12,6,38,S22,False,20,0,20,12,0,0,0,0,0,"['B331', 'B754', 'B105', 'B162', 'B261', 'B489', 'B765', 'B269', 'B685', 'B68', 'B759', 'B89']",6.0,S32,10.82,8,0,8,0.0,,-0.038998,-5.136025,-5.175023,False,False,18,S32,False,9,0.7212,delivery,,,,,,,,,,,,,,,,,,,,,,,,,,,,,,,,,,,,,,,,,,,,,,,,,,,,
42,12,6,54,S32,False,8,0,8,8,0,2,0,0,0,"['B375', 'B724', 'B42', 'B216', 'B516', 'B463', 'B548', 'B344']",10.0,S46,2.16,0,0,0,0.0,,-0.137665,-5.137501,-5.275166,True,True,108,S46,False,91,3.3471,delivery+onsite,,,,,,,,,,,,,,,,,,,,,,,,,,,,,,,,,,,,,,,,,,,,,,,,,,,,
42,12,7,7,S46,False,0,0,0,0,20,1,0,0,0,"['B693', 'B255', 'B445', 'B157', 'B751', 'B203', 'B493', 'B357', 'B131', 'B647', 'B719', 'B515', 'B274', 'B597', 'B601', 'B145', 'B214', 'B442', 'B159', 'B125']",13.0,S16,1.33,20,0,20,0.0,,-0.079196,-5.199159,-5.278354,True,True,24,S40,True,20,0.7981,pickup+onsite,,,,,,,,,,,,,,,,,,,,,,,,,,,,,,,,,,,,,,,,,,,,,,,,,,,,
42,12,7,21,S16,False,20,0,20,6,0,0,0,0,0,"['B693', 'B255', 'B445', 'B157', 'B751', 'B203']",3.0,S45,1.34,14,0,14,0.0,,-0.05882,-5.187858,-5.246678,True,False,30,S24,True,20,0.8783,delivery,,,,,,,,,,,,,,,,,,,,,,,,,,,,,,,,,,,,,,,,,,,,,,,,,,,,
42,12,7,25,S45,False,14,0,14,0,6,0,0,0,0,"['B72', 'B571', 'B430', 'B577', 'B711', 'B492']",3.0,S48,4.58,20,0,20,0.0,,-0.039246,-5.155031,-5.194277,False,False,12,S24,True,8,0.4038,pickup,,,,,,,,,,,,,,,,,,,,,,,,,,,,,,,,,,,,,,,,,,,,,,,,,,,,
42,12,7,33,S48,False,20,0,20,12,0,0,1,0,0,"['B194', 'B493', 'B357', 'B131', 'B647', 'B719', 'B515', 'B274', 'B597', 'B601', 'B145', 'B214', 'B442']",6.5,S24,13.93,8,1,9,0.0,,-0.019623,-5.139608,-5.159231,True,True,30,S24,True,25,0.9107,delivery+depot_removal,,,,,,,,,,,,,,,,,,,,,,,,,,,,,,,,,,,,,,,,,,,,,,,,,,,,
42,12,7,53,S24,False,8,1,9,0,0,0,0,0,0,[],0.0,S40,7.39,8,1,9,0.0,,0.0,-5.111381,-5.111381,False,False,12,S60,True,2,0.4378,do_nothing,,,,,,,,,,,,,,,,,,,,,,,,,,,,,,,,,,,,,,,,,,,,,,,,,,,,
42,12,8,1,S40,False,8,1,9,0,0,1,0,0,0,[],3.0,S29,3.08,8,1,9,0.0,,0.0,-5.048761,-5.048761,True,True,48,S36,True,14,1.4818,do_nothing+onsite,,,,,,,,,,,,,,,,,,,,,,,,,,,,,,,,,,,,,,,,,,,,,,,,,,,,
42,12,8,7,S29,False,8,1,9,8,0,0,0,0,0,"['B159', 'B125', 'B72', 'B571', 'B430', 'B577', 'B711', 'B492']",4.0,S60,7.31,0,1,1,0.0,,0.0,-5.045544,-5.045544,False,False,12,S60,False,9,0.4104,delivery,,,,,,,,,,,,,,,,,,,,,,,,,,,,,,,,,,,,,,,,,,,,,,,,,,,,
42,12,8,18,S60,False,0,1,1,0,14,0,0,0,0,"['B253', 'B404', 'B165', 'B132', 'B75', 'B95', 'B481', 'B307', 'B678', 'B539', 'B390', 'B702', 'B365', 'B697']",7.0,S13,8.16,14,1,15,0.0,,-0.019773,-5.056326,-5.076099,True,False,36,S59,True,14,1.2992,pickup,,,,,,,,,,,,,,,,,,,,,,,,,,,,,,,,,,,,,,,,,,,,,,,,,,,,
42,12,8,33,S13,False,14,1,15,0,0,0,1,0,0,['B396'],0.5,S14,15.58,14,2,16,0.0,,-0.098765,-5.093244,-5.192009,True,True,60,S36,True,10,1.7476,do_nothing+depot_removal,,,,,,,,,,,,,,,,,,,,,,,,,,,,,,,,,,,,,,,,,,,,,,,,,,,,
42,12,8,49,S14,False,14,2,16,0,0,0,0,0,0,[],0.0,S40,6.04,14,2,16,0.0,,-0.098565,-5.111908,-5.210472,True,False,36,S13,True,4,1.134,do_nothing,,,,,,,,,,,,,,,,,,,,,,,,,,,,,,,,,,,,,,,,,,,,,,,,,,,,
42,12,8,55,S40,False,14,2,16,11,0,0,0,0,0,"['B253', 'B404', 'B165', 'B132', 'B75', 'B95', 'B481', 'B307', 'B678', 'B539', 'B390']",5.5,S59,4.5,3,2,5,0.0,,-0.039496,-5.088872,-5.128368,True,False,36,S13,True,14,1.2725,delivery,,,,,,,,,,,,,,,,,,,,,,,,,,,,,,,,,,,,,,,,,,,,,,,,,,,,
42,12,9,5,S59,False,3,2,5,0,12,0,0,0,0,"['B520', 'B517', 'B652', 'B629', 'B636', 'B321', 'B279', 'B649', 'B646', 'B160', 'B248', 'B400']",6.0,S13,9.83,15,2,17,0.0,,-0.05947,-5.121147,-5.180618,True,False,60,S13,False,36,2.2147,pickup,,,,,,,,,,,,,,,,,,,,,,,,,,,,,,,,,,,,,,,,,,,,,,,,,,,,
42,12,9,21,S13,False,15,2,17,15,0,0,0,0,0,"['B702', 'B365', 'B697', 'B520', 'B517', 'B652', 'B629', 'B636', 'B321', 'B279', 'B649', 'B646', 'B160', 'B248', 'B400']",7.5,S36,15.77,0,2,2,0.0,,-0.019723,-5.154604,-5.174326,True,False,48,S65,True,28,1.7053,delivery,,,,,,,,,,,,,,,,,,,,,,,,,,,,,,,,,,,,,,,,,,,,,,,,,,,,
42,12,9,44,S36,False,0,2,2,0,8,1,0,0,0,"['B109', 'B411', 'B441', 'B59', 'B731', 'B73', 'B679', 'B745']",7.0,S45,3.3,8,2,10,0.0,,-0.098266,-5.152258,-5.250525,True,True,72,S37,True,40,1.616,pickup+onsite,,,,,,,,,,,,,,,,,,,,,,,,,,,,,,,,,,,,,,,,,,,,,,,,,,,,
42,12,9,55,S45,False,8,2,10,0,9,0,0,0,0,"['B14', 'B409', 'B462', 'B434', 'B704', 'B370', 'B726', 'B37', 'B299']",4.5,S46,1.01,17,2,19,0.0,,-0.157389,-5.184189,-5.341578,False,False,18,S24,True,12,0.6204,pickup,,,,,,,,,,,,,,,,,,,,,,,,,,,,,,,,,,,,,,,,,,,,,,,,,,,,
42,12,10,0,S46,False,17,2,19,11,0,0,0,0,0,"['B109', 'B411', 'B441', 'B59', 'B731', 'B73', 'B679', 'B745', 'B14', 'B409', 'B462']",5.5,S52,2.06,6,2,8,0.0,,-0.196283,-5.176409,-5.372692,False,False,18,S0,True,8,0.4498,delivery,,,,,,,,,,,,,,,,,,,,,,,,,,,,,,,,,,,,,,,,,,,,,,,,,,,,
42,12,10,8,S52,False,6,2,8,0,10,1,0,0,0,"['B118', 'B309', 'B576', 'B368', 'B340', 'B217', 'B733', 'B675', 'B683', 'B508']",8.0,S27,3.68,16,2,18,0.0,,-0.117291,-5.145156,-5.262448,True,True,36,S27,True,33,0.923,pickup+onsite,,,,,,,,,,,,,,,,,,,,,,,,,,,,,,,,,,,,,,,,,,,,,,,,,,,,
42,12,10,19,S27,False,16,2,18,14,0,0,0,0,0,"['B434', 'B704', 'B370', 'B726', 'B37', 'B299', 'B118', 'B309', 'B576', 'B368', 'B340', 'B217', 'B733', 'B675']",7.0,S66,1.91,2,2,4,0.0,,-0.117391,-5.169325,-5.286716,False,False,18,S0,True,16,0.4601,delivery,,,,,,,,,,,,,,,,,,,,,,,,,,,,,,,,,,,,,,,,,,,,,,,,,,,,
42,12,10,28,S66,False,2,2,4,0,7,0,0,0,0,"['B490', 'B406', 'B666', 'B227', 'B735', 'B600', 'B566']",3.5,S63,4.37,9,2,11,0.0,,-0.177412,-5.169777,-5.347189,True,False,36,S37,True,13,1.1851,pickup,,,,,,,,,,,,,,,,,,,,,,,,,,,,,,,,,,,,,,,,,,,,,,,,,,,,
42,12,10,36,S63,False,9,2,11,0,9,0,0,0,0,"['B682', 'B561', 'B187', 'B598', 'B181', 'B729', 'B569', 'B46', 'B26']",4.5,S7,10.87,18,2,20,0.0,,-0.197387,-5.171636,-5.369023,True,False,24,S7,False,12,0.5231,pickup,,,,,,,,,,,,,,,,,,,,,,,,,,,,,,,,,,,,,,,,,,,,,,,,,,,,
42,12,10,52,S7,False,18,2,20,0,0,0,0,0,0,[],0.0,S47,4.32,18,2,20,0.0,,-0.197681,-5.209875,-5.407557,False,False,18,S37,True,4,0.5471,do_nothing,,,,,,,,,,,,,,,,,,,,,,,,,,,,,,,,,,,,,,,,,,,,,,,,,,,,
42,12,10,56,S47,False,18,2,20,15,0,0,0,0,0,"['B683', 'B508', 'B490', 'B406', 'B666', 'B227', 'B735', 'B600', 'B566', 'B682', 'B561', 'B187', 'B598', 'B181', 'B729']",7.5,S37,4.97,3,2,5,0.0,,-0.433467,-5.189574,-5.623041,True,False,36,S7,True,25,0.8502,delivery,,,,,,,,,,,,,,,,,,,,,,,,,,,,,,,,,,,,,,,,,,,,,,,,,,,,
42,12,11,8,S37,False,3,2,5,0,15,0,0,0,0,"['B750', 'B412', 'B281', 'B523', 'B585', 'B607', 'B551', 'B466', 'B521', 'B114', 'B24', 'B527', 'B192', 'B34', 'B552']",7.5,S10,5.68,18,2,20,0.0,,-0.473668,-5.191052,-5.664719,True,False,24,S8,True,14,0.6391,pickup,,,,,,,,,,,,,,,,,,,,,,,,,,,,,,,,,,,,,,,,,,,,,,,,,,,,
42,12,11,21,S10,False,18,2,20,10,0,0,0,0,0,"['B569', 'B46', 'B26', 'B750', 'B412', 'B281', 'B523', 'B585', 'B607', 'B551']",5.0,S12,9.22,8,2,10,0.0,,-0.395668,-5.189753,-5.585421,False,False,18,S12,False,10,0.4597,delivery,,,,,,,,,,,,,,,,,,,,,,,,,,,,,,,,,,,,,,,,,,,,,,,,,,,,
42,12,11,36,S12,False,8,2,10,8,0,0,0,0,0,"['B466', 'B521', 'B114', 'B24', 'B527', 'B192', 'B34', 'B552']",4.0,S16,5.59,0,2,2,0.0,,-0.649525,-5.207776,-5.857301,False,False,12,S63,True,8,0.3423,delivery,,,,,,,,,,,,,,,,,,,,,,,,,,,,,,,,,,,,,,,,,,,,,,,,,,,,
42,12,11,45,S16,False,0,2,2,0,9,0,0,0,0,"['B286', 'B507', 'B225', 'B219', 'B535', 'B230', 'B663', 'B519', 'B30']",4.5,S58,1.83,9,2,11,0.0,,-0.510467,-5.192632,-5.703099,True,False,36,S58,False,25,0.8629,pickup,,,,,,,,,,,,,,,,,,,,,,,,,,,,,,,,,,,,,,,,,,,,,,,,,,,,
42,12,11,52,S58,False,9,2,11,0,9,0,0,0,0,"['B722', 'B240', 'B98', 'B43', 'B228', 'B555', 'B432', 'B117', 'B661']",4.5,S15,5.67,18,2,20,0.0,,-0.3737,-5.193349,-5.567049,True,False,18,S8,True,12,0.4731,pickup,,,,,,,,,,,,,,,,,,,,,,,,,,,,,,,,,,,,,,,,,,,,,,,,,,,,
42,12,12,2,S15,False,18,2,20,0,0,0,0,0,0,[],0.0,S51,8.59,18,2,20,0.0,,-0.395274,-5.20886,-5.604133,False,False,18,S62,True,1,0.6316,do_nothing,,,,,,,,,,,,,,,,,,,,,,,,,,,,,,,,,,,,,,,,,,,,,,,,,,,,
42,12,12,10,S51,False,18,2,20,13,0,0,1,0,0,"['B664', 'B286', 'B507', 'B225', 'B219', 'B535', 'B230', 'B663', 'B519', 'B30', 'B722', 'B240', 'B98', 'B43']",7.0,S7,13.88,5,3,8,0.0,,-0.078844,-5.20043,-5.279274,True,True,30,S15,True,26,0.848,delivery+depot_removal,,,,,,,,,,,,,,,,,,,,,,,,,,,,,,,,,,,,,,,,,,,,,,,,,,,,
42,12,12,31,S7,False,5,3,8,5,0,0,0,0,0,"['B228', 'B555', 'B432', 'B117', 'B661']",2.5,S54,11.95,0,3,3,0.0,,-0.414092,-5.197165,-5.611257,False,False,12,S54,False,10,0.4042,delivery,,,,,,,,,,,,,,,,,,,,,,,,,,,,,,,,,,,,,,,,,,,,,,,,,,,,
42,12,12,46,S54,False,0,3,3,0,11,0,0,0,0,"['B660', 'B752', 'B497', 'B336', 'B163', 'B388', 'B617', 'B208', 'B92', 'B677', 'B347']",5.5,S35,2.91,11,3,14,0.0,,-0.333155,-5.235301,-5.568456,True,False,36,S60,True,26,1.0702,pickup,,,,,,,,,,,,,,,,,,,,,,,,,,,,,,,,,,,,,,,,,,,,,,,,,,,,
42,12,12,54,S35,False,11,3,14,11,0,0,0,0,0,"['B660', 'B752', 'B497', 'B336', 'B163', 'B388', 'B617', 'B208', 'B92', 'B677', 'B347']",5.5,S60,9.21,0,3,3,0.0,,-0.49204,-5.221139,-5.71318,True,False,24,S19,True,12,0.6308,delivery,,,,,,,,,,,,,,,,,,,,,,,,,,,,,,,,,,,,,,,,,,,,,,,,,,,,
42,12,13,9,S60,False,0,3,3,0,0,0,1,0,0,['B323'],0.5,S61,1.62,0,4,4,0.0,,-0.433173,-5.204793,-5.637966,True,True,60,S8,True,10,1.8273,do_nothing+depot_removal,,,,,,,,,,,,,,,,,,,,,,,,,,,,,,,,,,,,,,,,,,,,,,,,,,,,
42,12,13,11,S61,False,0,4,4,0,7,1,0,0,0,"['B49', 'B517', 'B216', 'B680', 'B608', 'B162', 'B169']",6.5,S63,3.24,7,4,11,0.0,,-0.235581,-5.16207,-5.397651,True,True,36,S60,True,20,0.8891,pickup+onsite,,,,,,,,,,,,,,,,,,,,,,,,,,,,,,,,,,,,,,,,,,,,,,,,,,,,
42,12,13,21,S63,False,7,4,11,0,0,0,0,0,0,[],0.0,S60,4.47,7,4,11,0.0,,-0.667648,-5.189326,-5.856974,True,False,24,S15,True,2,0.6233,do_nothing,,,,,,,,,,,,,,,,,,,,,,,,,,,,,,,,,,,,,,,,,,,,,,,,,,,,
42,12,13,25,S60,False,7,4,11,0,9,0,0,0,0,"['B485', 'B526', 'B264', 'B673', 'B683', 'B196', 'B376', 'B291', 'B393']",4.5,S16,4.19,16,4,20,0.0,,-0.453585,-5.194533,-5.648118,True,False,24,S16,False,16,0.7119,pickup,,,,,,,,,,,,,,,,,,,,,,,,,,,,,,,,,,,,,,,,,,,,,,,,,,,,
42,12,13,34,S16,False,16,4,20,11,0,0,0,0,0,"['B49', 'B517', 'B216', 'B680', 'B608', 'B162', 'B169', 'B485', 'B526', 'B264', 'B673']",5.5,S62,2.41,5,4,9,0.0,,-0.41454,-5.176679,-5.591219,True,False,30,S33,True,21,0.9892,delivery,,,,,,,,,,,,,,,,,,,,,,,,,,,,,,,,,,,,,,,,,,,,,,,,,,,,
42,12,13,42,S62,False,5,4,9,0,11,0,0,0,0,"['B624', 'B473', 'B684', 'B503', 'B714', 'B656', 'B3', 'B668', 'B1', 'B326', 'B702']",5.5,S15,2.79,16,4,20,0.0,,-0.629454,-5.184549,-5.814003,False,False,12,S15,False,7,0.4268,pickup,,,,,,,,,,,,,,,,,,,,,,,,,,,,,,,,,,,,,,,,,,,,,,,,,,,,
42,12,13,50,S15,False,16,4,20,16,0,0,0,0,0,"['B683', 'B196', 'B376', 'B291', 'B393', 'B624', 'B473', 'B684', 'B503', 'B714', 'B656', 'B3', 'B668', 'B1', 'B326', 'B702']",8.0,S48,9.05,0,4,4,0.0,,-0.533339,-5.173392,-5.706731,False,False,18,S33,True,7,0.635,delivery,,,,,,,,,,,,,,,,,,,,,,,,,,,,,,,,,,,,,,,,,,,,,,,,,,,,
42,12,14,7,S48,False,0,4,4,0,8,0,0,0,0,"['B601', 'B145', 'B214', 'B442', 'B254', 'B703', 'B330', 'B312']",4.0,S44,4.46,8,4,12,0.0,,-0.414189,-5.17568,-5.589868,False,False,18,S19,True,9,0.597,pickup,,,,,,,,,,,,,,,,,,,,,,,,,,,,,,,,,,,,,,,,,,,,,,,,,,,,
42,12,14,16,S44,False,8,4,12,0,0,1,0,0,0,[],3.0,S36,3.62,8,4,12,0.0,,-0.51161,-5.175231,-5.686841,True,True,24,S63,True,7,0.7233,do_nothing+onsite,,,,,,,,,,,,,,,,,,,,,,,,,,,,,,,,,,,,,,,,,,,,,,,,,,,,
42,12,14,22,S36,False,8,4,12,8,0,0,0,0,0,"['B601', 'B145', 'B214', 'B442', 'B254', 'B703', 'B330', 'B312']",4.0,S19,2.19,0,4,4,0.0,,-0.372294,-5.168736,-5.541031,True,False,24,S19,False,12,0.7074,delivery,,,,,,,,,,,,,,,,,,,,,,,,,,,,,,,,,,,,,,,,,,,,,,,,,,,,
42,12,14,28,S19,False,0,4,4,0,6,1,0,0,0,"['B195', 'B553', 'B252', 'B428', 'B222', 'B298']",6.0,S9,2.51,6,4,10,0.0,,-0.078343,-5.138298,-5.216642,True,True,36,S51,True,34,1.0872,pickup+onsite,,,,,,,,,,,,,,,,,,,,,,,,,,,,,,,,,,,,,,,,,,,,,,,,,,,,
42,12,14,37,S9,False,6,4,10,0,0,0,0,0,0,[],0.0,S4,8.75,6,4,10,0.0,,-0.254806,-5.142865,-5.397671,True,False,36,S4,True,2,1.2657,do_nothing,,,,,,,,,,,,,,,,,,,,,,,,,,,,,,,,,,,,,,,,,,,,,,,,,,,,
42,12,14,46,S4,False,6,4,10,6,0,0,0,0,0,"['B195', 'B553', 'B252', 'B428', 'B222', 'B298']",3.0,S60,2.11,0,4,4,0.0,,-0.275282,-5.087403,-5.362685,False,False,12,S10,True,8,0.4218,delivery,,,,,,,,,,,,,,,,,,,,,,,,,,,,,,,,,,,,,,,,,,,,,,,,,,,,
42,12,14,51,S60,False,0,4,4,0,15,1,0,0,0,"['B276', 'B104', 'B295', 'B53', 'B101', 'B300', 'B237', 'B279', 'B325', 'B260', 'B619', 'B373', 'B518', 'B114', 'B30']",10.5,S37,2.84,15,4,19,0.0,,-0.216861,-5.090981,-5.307842,True,True,36,S41,True,18,1.3913,pickup+onsite,,,,,,,,,,,,,,,,,,,,,,,,,,,,,,,,,,,,,,,,,,,,,,,,,,,,
42,12,15,4,S37,False,15,4,19,0,0,2,1,0,0,['B244'],6.5,S45,2.51,15,5,20,0.0,,-0.118242,-5.141074,-5.259316,True,True,72,S2,True,31,2.1598,do_nothing+maintenance,,,,,,,,,,,,,,,,,,,,,,,,,,,,,,,,,,,,,,,,,,,,,,,,,,,,
42,12,15,13,S45,False,15,5,20,10,0,0,0,0,0,"['B276', 'B104', 'B295', 'B53', 'B101', 'B300', 'B237', 'B279', 'B325', 'B260']",5.0,S33,1.11,5,5,10,0.0,,-0.257461,-5.144421,-5.401881,False,False,18,S33,False,6,0.4392,delivery,,,,,,,,,,,,,,,,,,,,,,,,,,,,,,,,,,,,,,,,,,,,,,,,,,,,
42,12,15,19,S33,False,5,5,10,5,0,0,0,0,0,"['B619', 'B373', 'B518', 'B114', 'B30']",2.5,S51,4.94,0,5,5,0.0,,-0.117743,-5.100156,-5.217898,False,False,12,S51,False,9,0.3779,delivery,,,,,,,,,,,,,,,,,,,,,,,,,,,,,,,,,,,,,,,,,,,,,,,,,,,,
42,12,15,27,S51,False,0,5,5,0,13,0,1,0,0,"['B655', 'B486', 'B360', 'B615', 'B352', 'B290', 'B407', 'B154', 'B363', 'B365', 'B39', 'B175', 'B282', 'B484']",7.0,S37,4.67,13,6,19,0.0,,-0.294703,-5.128059,-5.422762,True,True,36,S31,True,20,1.0581,pickup+depot_removal,,,,,,,,,,,,,,,,,,,,,,,,,,,,,,,,,,,,,,,,,,,,,,,,,,,,
42,12,15,38,S37,False,13,6,19,13,0,0,0,0,0,"['B655', 'B486', 'B360', 'B615', 'B352', 'B290', 'B407', 'B154', 'B363', 'B365', 'B39', 'B175', 'B282']",6.5,S31,2.81,0,6,6,0.0,,-0.275379,-5.113403,-5.388782,False,False,12,S2,True,6,0.4015,delivery,,,,,,,,,,,,,,,,,,,,,,,,,,,,,,,,,,,,,,,,,,,,,,,,,,,,
42,12,15,48,S31,False,0,6,6,0,0,0,0,0,0,[],0.0,S30,1.91,0,6,6,0.0,,-0.217357,-5.126472,-5.343829,True,False,48,S47,True,3,1.4446,do_nothing,,,,,,,,,,,,,,,,,,,,,,,,,,,,,,,,,,,,,,,,,,,,,,,,,,,,
42,12,15,50,S30,False,0,6,6,0,7,0,0,0,0,"['B183', 'B180', 'B86', 'B641', 'B534', 'B708', 'B633']",3.5,S31,1.91,7,6,13,0.0,,-0.313975,-5.122562,-5.436537,False,False,18,S47,True,6,0.5399,pickup,,,,,,,,,,,,,,,,,,,,,,,,,,,,,,,,,,,,,,,,,,,,,,,,,,,,
42,12,15,55,S31,False,7,6,13,0,7,0,0,0,0,"['B515', 'B391', 'B42', 'B707', 'B213', 'B277', 'B87']",3.5,S29,6.48,14,6,20,0.0,,-0.334,-5.140664,-5.474665,True,False,48,S29,False,26,1.248,pickup,,,,,,,,,,,,,,,,,,,,,,,,,,,,,,,,,,,,,,,,,,,,,,,,,,,,
42,12,16,5,S29,False,14,6,20,14,0,0,0,0,0,"['B183', 'B180', 'B86', 'B641', 'B534', 'B708', 'B633', 'B515', 'B391', 'B42', 'B707', 'B213', 'B277', 'B87']",7.0,S66,6.29,0,6,6,0.0,,-0.255555,-5.06028,-5.315835,False,False,12,S66,False,6,0.4912,delivery,,,,,,,,,,,,,,,,,,,,,,,,,,,,,,,,,,,,,,,,,,,,,,,,,,,,
42,12,16,18,S66,False,0,6,6,0,0,0,1,0,0,['B167'],0.5,S56,7.15,0,7,7,0.0,,-0.295754,-5.110901,-5.406655,True,True,36,S49,True,9,1.1807,do_nothing+depot_removal,,,,,,,,,,,,,,,,,,,,,,,,,,,,,,,,,,,,,,,,,,,,,,,,,,,,
42,12,16,26,S56,False,0,7,7,0,7,0,0,0,0,"['B401', 'B255', 'B761', 'B333', 'B243', 'B692', 'B355']",3.5,S16,4.78,7,7,14,0.0,,-0.314722,-5.106335,-5.421057,True,False,36,S49,True,14,1.2244,pickup,,,,,,,,,,,,,,,,,,,,,,,,,,,,,,,,,,,,,,,,,,,,,,,,,,,,
42,12,16,34,S16,False,7,7,14,7,0,0,0,0,0,"['B401', 'B255', 'B761', 'B333', 'B243', 'B692', 'B355']",3.5,S61,3.01,0,7,7,0.0,,-0.354969,-5.084179,-5.439149,True,False,24,S49,True,13,0.6914,delivery,,,,,,,,,,,,,,,,,,,,,,,,,,,,,,,,,,,,,,,,,,,,,,,,,,,,
42,12,16,41,S61,False,0,7,7,0,10,0,0,0,0,"['B85', 'B486', 'B681', 'B292', 'B326', 'B488', 'B357', 'B606', 'B689', 'B548']",5.0,S4,1.37,10,7,17,0.0,,-0.435366,-5.129566,-5.564932,False,False,18,S66,True,16,0.5229,pickup,,,,,,,,,,,,,,,,,,,,,,,,,,,,,,,,,,,,,,,,,,,,,,,,,,,,
42,12,16,47,S4,False,10,7,17,7,0,0,0,0,0,"['B85', 'B486', 'B681', 'B292', 'B326', 'B488', 'B357']",3.5,S66,2.35,3,7,10,0.0,,-0.671548,-5.11897,-5.790518,False,False,18,S33,True,14,0.5341,delivery,,,,,,,,,,,,,,,,,,,,,,,,,,,,,,,,,,,,,,,,,,,,,,,,,,,,
42,12,16,53,S66,False,3,7,10,0,10,0,0,0,0,"['B576', 'B684', 'B473', 'B577', 'B71', 'B734', 'B704', 'B713', 'B624', 'B315']",5.0,S33,3.23,13,7,20,0.0,,-0.512665,-5.135653,-5.648318,False,False,18,S33,True,12,0.5623,pickup,,,,,,,,,,,,,,,,,,,,,,,,,,,,,,,,,,,,,,,,,,,,,,,,,,,,
42,12,17,1,S33,False,13,7,20,13,0,0,0,0,0,"['B606', 'B689', 'B548', 'B576', 'B684', 'B473', 'B577', 'B71', 'B734', 'B704', 'B713', 'B624', 'B315']",6.5,S19,6.0,0,7,7,0.0,,-0.335651,-5.110367,-5.446018,False,False,12,S64,True,10,0.3858,delivery,,,,,,,,,,,,,,,,,,,,,,,,,,,,,,,,,,,,,,,,,,,,,,,,,,,,
42,12,17,14,S19,False,0,7,7,0,7,0,0,0,0,"['B610', 'B730', 'B56', 'B742', 'B381', 'B698', 'B158']",3.5,S48,0.52,7,7,14,0.0,,-0.276129,-5.092409,-5.368538,False,False,18,S48,False,8,0.4835,pickup,,,,,,,,,,,,,,,,,,,,,,,,,,,,,,,,,,,,,,,,,,,,,,,,,,,,
42,12,17,18,S48,False,7,7,14,0,0,0,0,0,0,[],0.0,S64,7.33,7,7,14,0.0,,-0.11809,-5.062682,-5.180772,False,False,12,S26,True,1,0.3834,do_nothing,,,,,,,,,,,,,,,,,,,,,,,,,,,,,,,,,,,,,,,,,,,,,,,,,,,,
42,12,17,25,S64,False,7,7,14,0,6,0,0,0,0,"['B372', 'B271', 'B470', 'B535', 'B53', 'B189']",3.0,S37,1.94,13,7,20,0.0,,-0.11764,-5.065254,-5.182894,True,False,18,S26,True,14,0.3924,pickup,,,,,,,,,,,,,,,,,,,,,,,,,,,,,,,,,,,,,,,,,,,,,,,,,,,,
42,12,17,30,S37,False,13,7,20,10,0,0,0,0,0,"['B610', 'B730', 'B56', 'B742', 'B381', 'B698', 'B158', 'B372', 'B271', 'B470']",5.0,S30,4.57,3,7,10,0.0,,-0.236629,-5.085278,-5.321907,False,False,18,S26,True,10,0.4906,delivery,,,,,,,,,,,,,,,,,,,,,,,,,,,,,,,,,,,,,,,,,,,,,,,,,,,,
42,12,17,39,S30,False,3,7,10,0,9,0,0,0,0,"['B258', 'B622', 'B726', 'B108', 'B649', 'B360', 'B390', 'B728', 'B141']",4.5,S26,6.33,12,7,19,0.0,,-0.156639,-5.049417,-5.206055,False,False,18,S2,True,12,0.4983,pickup,,,,,,,,,,,,,,,,,,,,,,,,,,,,,,,,,,,,,,,,,,,,,,,,,,,,
42,12,17,50,S26,False,12,7,19,12,0,0,0,0,0,"['B535', 'B53', 'B189', 'B258', 'B622', 'B726', 'B108', 'B649', 'B360', 'B390', 'B728', 'B141']",6.0,S48,11.62,0,7,7,0.0,,-0.216507,-5.041549,-5.258056,False,False,12,S2,True,10,0.449,delivery,,,,,,,,,,,,,,,,,,,,,,,,,,,,,,,,,,,,,,,,,,,,,,,,,,,,
42,12,18,8,S48,False,0,7,7,0,8,0,0,0,0,"['B341', 'B274', 'B384', 'B737', 'B195', 'B691', 'B120', 'B211']",4.0,S44,4.46,8,7,15,0.0,,-0.078393,-5.030906,-5.1093,False,False,18,S49,True,9,0.4902,pickup,,,,,,,,,,,,,,,,,,,,,,,,,,,,,,,,,,,,,,,,,,,,,,,,,,,,
42,12,18,16,S44,False,8,7,15,0,0,0,0,0,0,[],0.0,S8,14.31,8,7,15,0.0,,-0.157837,-5.035427,-5.193264,False,False,12,S52,True,1,0.2807,do_nothing,,,,,,,,,,,,,,,,,,,,,,,,,,,,,,,,,,,,,,,,,,,,,,,,,,,,
42,12,18,31,S8,False,8,7,15,8,0,2,0,0,0,"['B341', 'B274', 'B384', 'B737', 'B195', 'B691', 'B120', 'B211']",10.0,S12,15.98,0,7,7,0.0,,-0.019474,-5.002042,-5.021516,True,True,36,S11,True,30,1.3594,delivery+onsite,,,,,,,,,,,,,,,,,,,,,,,,,,,,,,,,,,,,,,,,,,,,,,,,,,,,
42,12,18,57,S12,False,0,7,7,0,13,0,0,0,0,"['B109', 'B24', 'B358', 'B527', 'B602', 'B75', 'B374', 'B593', 'B214', 'B252', 'B115', 'B68', 'B642']",6.5,S44,5.82,13,7,20,0.0,,-0.097721,-5.040787,-5.138507,False,False,12,S49,True,6,0.347,pickup,,,,,,,,,,,,,,,,,,,,,,,,,,,,,,,,,,,,,,,,,,,,,,,,,,,,
42,12,19,9,S44,False,13,7,20,8,0,0,0,0,0,"['B109', 'B24', 'B358', 'B527', 'B602', 'B75', 'B374', 'B593']",4.0,S43,0.79,5,7,12,0.0,,-0.078394,-5.059566,-5.13796,False,False,18,S17,True,7,0.5104,delivery,,,,,,,,,,,,,,,,,,,,,,,,,,,,,,,,,,,,,,,,,,,,,,,,,,,,
42,12,19,14,S43,False,5,7,12,0,0,1,0,0,0,[],3.0,S17,10.5,5,7,12,0.0,,-0.019623,-5.074812,-5.094435,True,True,24,S49,True,10,0.5734,do_nothing+onsite,,,,,,,,,,,,,,,,,,,,,,,,,,,,,,,,,,,,,,,,,,,,,,,,,,,,
42,12,19,27,S17,False,5,7,12,5,0,0,0,0,0,"['B214', 'B252', 'B115', 'B68', 'B642']",2.5,S58,10.37,0,7,7,0.0,,-0.05892,-5.064654,-5.123573,False,False,12,S49,True,10,0.2809,delivery,,,,,,,,,,,,,,,,,,,,,,,,,,,,,,,,,,,,,,,,,,,,,,,,,,,,
42,12,19,40,S58,False,0,7,7,0,0,0,1,0,0,['B318'],0.5,S54,5.62,0,8,8,0.0,,-0.158242,-5.068561,-5.226803,True,True,12,S54,False,4,0.319,do_nothing+depot_removal,,,,,,,,,,,,,,,,,,,,,,,,,,,,,,,,,,,,,,,,,,,,,,,,,,,,
42,12,19,46,S54,False,0,8,8,0,12,1,0,0,0,"['B658', 'B758', 'B621', 'B481', 'B172', 'B250', 'B727', 'B413', 'B2', 'B163', 'B668', 'B614']",9.0,D0,1.95,12,8,20,0.0,,-0.118192,-5.079802,-5.197994,True,True,4,D0,True,3,0.1175,pickup+onsite,,,,,,,,,,,,,,,,,,,,,,,,,,,,,,,,,,,,,,,,,,,,,,,,,,,,
42,12,19,57,D0,True,12,8,20,0,0,0,0,8,7,"['B671', 'B150', 'B452', 'B119', 'B451', 'B304', 'B93', 'B194', 'B396', 'B664', 'B323', 'B244', 'B484', 'B167', 'B318']",7.5,D0,0.0,19,0,19,0.0,,-0.078943,-5.068347,-5.147291,True,True,1,D0,False,0,0.0333,do_nothing,,,,,,,,,,,,,,,,,,,,,,,,,,,,,,,,,,,,,,,,,,,,,,,,,,,,
42,13,6,5,D0,True,19,0,19,0,0,0,0,0,0,[],0.0,S61,1.02,19,0,19,0.0,,-0.019673,-5.143593,-5.163265,True,True,5,S61,False,0,0.1914,depot_passthrough,,,,,,,,,,,,,,,,,,,,,,,,,,,,,,,,,,,,,,,,,,,,,,,,,,,,
42,13,6,21,S61,False,19,0,19,13,0,0,0,0,0,"['B658', 'B758', 'B621', 'B481', 'B172', 'B250', 'B727', 'B413', 'B2', 'B163', 'B668', 'B614', 'B671']",6.5,S52,2.0,6,0,6,0.0,,-0.05867,-5.127906,-5.186576,False,False,18,S49,True,12,0.6252,delivery,,,,,,,,,,,,,,,,,,,,,,,,,,,,,,,,,,,,,,,,,,,,,,,,,,,,
42,13,6,29,S52,False,6,0,6,0,14,0,0,0,0,"['B278', 'B674', 'B751', 'B77', 'B558', 'B700', 'B193', 'B139', 'B145', 'B508', 'B490', 'B538', 'B362', 'B423']",7.0,S15,4.21,20,0,20,0.0,,-0.098168,-5.126263,-5.22443,False,False,12,S15,False,7,0.3951,pickup,,,,,,,,,,,,,,,,,,,,,,,,,,,,,,,,,,,,,,,,,,,,,,,,,,,,
42,13,6,40,S15,False,20,0,20,11,0,0,0,0,0,"['B150', 'B452', 'B119', 'B451', 'B304', 'B93', 'B278', 'B674', 'B751', 'B77', 'B558']",5.5,S44,4.96,9,0,9,0.0,,-0.019523,-5.154432,-5.173956,False,False,18,S40,True,9,0.5772,delivery,,,,,,,,,,,,,,,,,,,,,,,,,,,,,,,,,,,,,,,,,,,,,,,,,,,,
42,13,6,51,S44,False,9,0,9,0,11,0,0,0,0,"['B593', 'B510', 'B742', 'B109', 'B372', 'B310', 'B9', 'B316', 'B10', 'B701', 'B79']",5.5,S16,0.23,20,0,20,0.0,,-0.039248,-5.132052,-5.1713,True,False,18,S40,True,13,0.5936,pickup,,,,,,,,,,,,,,,,,,,,,,,,,,,,,,,,,,,,,,,,,,,,,,,,,,,,
42,13,6,57,S16,False,20,0,20,7,0,0,0,0,0,"['B700', 'B193', 'B139', 'B145', 'B508', 'B490', 'B538']",3.5,S51,3.59,13,0,13,0.0,,-0.05872,-5.12633,-5.18505,True,False,30,S40,True,18,1.0073,delivery,,,,,,,,,,,,,,,,,,,,,,,,,,,,,,,,,,,,,,,,,,,,,,,,,,,,
42,13,7,4,S51,False,13,0,13,0,7,0,0,0,0,"['B35', 'B83', 'B588', 'B662', 'B228', 'B382', 'B483']",3.5,S33,4.94,20,0,20,0.0,,-0.079096,-5.135007,-5.214102,True,False,18,S33,False,12,0.507,pickup,,,,,,,,,,,,,,,,,,,,,,,,,,,,,,,,,,,,,,,,,,,,,,,,,,,,
42,13,7,12,S33,False,20,0,20,12,0,0,0,0,0,"['B362', 'B423', 'B593', 'B510', 'B742', 'B109', 'B372', 'B310', 'B9', 'B316', 'B10', 'B701']",6.0,S0,9.45,8,0,8,0.0,,0.0,-5.130707,-5.130707,False,False,18,S43,True,12,0.6477,delivery,,,,,,,,,,,,,,,,,,,,,,,,,,,,,,,,,,,,,,,,,,,,,,,,,,,,
42,13,7,28,S0,False,8,0,8,0,12,0,0,0,0,"['B32', 'B571', 'B72', 'B284', 'B672', 'B424', 'B176', 'B27', 'B673', 'B409', 'B332', 'B503']",6.0,S21,1.35,20,0,20,0.0,,-0.098417,-5.125144,-5.223562,False,False,12,S43,True,6,0.4005,pickup,,,,,,,,,,,,,,,,,,,,,,,,,,,,,,,,,,,,,,,,,,,,,,,,,,,,
42,13,7,35,S21,False,20,0,20,0,0,2,0,0,0,[],6.0,S65,15.09,20,0,20,0.0,,0.0,-5.10597,-5.10597,True,True,18,S43,True,16,0.8436,do_nothing+onsite,,,,,,,,,,,,,,,,,,,,,,,,,,,,,,,,,,,,,,,,,,,,,,,,,,,,
42,13,7,56,S65,False,20,0,20,0,0,0,0,0,0,[],0.0,S41,2.23,20,0,20,0.0,,-0.059271,-5.116729,-5.176001,True,False,42,S43,True,2,1.3023,do_nothing,,,,,,,,,,,,,,,,,,,,,,,,,,,,,,,,,,,,,,,,,,,,,,,,,,,,
42,13,7,58,S41,False,20,0,20,9,0,0,0,0,0,"['B79', 'B35', 'B83', 'B588', 'B662', 'B228', 'B382', 'B483', 'B32']",4.5,S59,2.97,11,0,11,0.0,,-0.019573,-5.105607,-5.12518,True,False,36,S43,True,13,1.0463,delivery,,,,,,,,,,,,,,,,,,,,,,,,,,,,,,,,,,,,,,,,,,,,,,,,,,,,
42,13,8,6,S59,False,11,0,11,0,0,0,0,0,0,[],0.0,S49,1.68,11,0,11,0.0,,-0.059172,-5.0359,-5.095072,True,False,36,S1,True,3,1.1918,do_nothing,,,,,,,,,,,,,,,,,,,,,,,,,,,,,,,,,,,,,,,,,,,,,,,,,,,,
42,13,8,7,S49,False,11,0,11,0,9,0,0,0,0,"['B524', 'B744', 'B650', 'B491', 'B144', 'B471', 'B287', 'B59', 'B678']",4.5,S40,5.8,20,0,20,0.0,,-0.15644,-5.009463,-5.165903,True,False,60,S1,True,51,2.1772,pickup,,,,,,,,,,,,,,,,,,,,,,,,,,,,,,,,,,,,,,,,,,,,,,,,,,,,
42,13,8,18,S40,False,20,0,20,8,0,0,0,0,0,"['B571', 'B72', 'B284', 'B672', 'B424', 'B176', 'B27', 'B673']",4.0,S1,5.32,12,0,12,0.0,,-0.039949,-4.999732,-5.039681,True,False,30,S1,False,7,1.0521,delivery,,,,,,,,,,,,,,,,,,,,,,,,,,,,,,,,,,,,,,,,,,,,,,,,,,,,
42,13,8,27,S1,False,12,0,12,11,0,0,0,0,0,"['B409', 'B332', 'B503', 'B524', 'B744', 'B650', 'B491', 'B144', 'B471', 'B287', 'B59']",5.5,S59,9.59,1,0,1,0.0,,-0.157687,-5.022275,-5.179961,False,False,18,S11,True,6,0.5862,delivery,,,,,,,,,,,,,,,,,,,,,,,,,,,,,,,,,,,,,,,,,,,,,,,,,,,,
42,13,8,42,S59,False,1,0,1,0,19,1,0,0,0,"['B22', 'B375', 'B418', 'B501', 'B724', 'B478', 'B19', 'B232', 'B499', 'B439', 'B655', 'B114', 'B738', 'B394', 'B626', 'B231', 'B196', 'B240', 'B28']",12.5,S9,8.74,20,0,20,0.0,,-0.038948,-5.001111,-5.040059,True,True,36,S9,True,31,1.132,pickup+onsite,,,,,,,,,,,,,,,,,,,,,,,,,,,,,,,,,,,,,,,,,,,,,,,,,,,,
42,13,9,3,S9,False,20,0,20,6,0,0,1,0,0,"['B334', 'B678', 'B22', 'B375', 'B418', 'B501', 'B724']",3.5,S21,14.46,14,1,15,0.0,,-0.058771,-5.060543,-5.119314,True,True,30,S43,True,25,1.1189,delivery+depot_removal,,,,,,,,,,,,,,,,,,,,,,,,,,,,,,,,,,,,,,,,,,,,,,,,,,,,
42,13,9,21,S21,False,14,1,15,0,5,0,0,0,0,"['B755', 'B433', 'B644', 'B550', 'B238']",2.5,S43,11.86,19,1,20,0.0,,-0.118191,-5.05433,-5.172521,True,False,18,S43,False,14,0.6707,pickup,,,,,,,,,,,,,,,,,,,,,,,,,,,,,,,,,,,,,,,,,,,,,,,,,,,,
42,13,9,36,S43,False,19,1,20,19,0,0,0,0,0,"['B478', 'B19', 'B232', 'B499', 'B439', 'B655', 'B114', 'B738', 'B394', 'B626', 'B231', 'B196', 'B240', 'B28', 'B755', 'B433', 'B644', 'B550', 'B238']",9.5,S16,0.58,0,1,1,0.0,,-0.058521,-5.046969,-5.10549,False,False,18,S58,True,15,0.6651,delivery,,,,,,,,,,,,,,,,,,,,,,,,,,,,,,,,,,,,,,,,,,,,,,,,,,,,
42,13,9,46,S16,False,0,1,1,0,5,0,1,0,0,"['B700', 'B193', 'B139', 'B145', 'B508', 'B512']",3.0,S23,8.72,5,2,7,0.0,,0.0,-5.041783,-5.041783,True,True,36,S58,True,19,1.1985,pickup+depot_removal,,,,,,,,,,,,,,,,,,,,,,,,,,,,,,,,,,,,,,,,,,,,,,,,,,,,
42,13,9,58,S23,False,5,2,7,0,0,1,0,0,0,[],3.0,S58,7.33,5,2,7,0.0,,0.0,-5.008711,-5.008711,True,True,48,S58,True,13,2.0847,do_nothing+onsite,,,,,,,,,,,,,,,,,,,,,,,,,,,,,,,,,,,,,,,,,,,,,,,,,,,,
42,13,10,8,S58,False,5,2,7,0,13,0,0,0,0,"['B628', 'B364', 'B55', 'B344', 'B140', 'B188', 'B387', 'B203', 'B564', 'B660', 'B581', 'B67', 'B509']",6.5,S59,1.19,18,2,20,0.0,,-0.058771,-4.991947,-5.050718,False,False,18,S63,True,8,0.8961,pickup,,,,,,,,,,,,,,,,,,,,,,,,,,,,,,,,,,,,,,,,,,,,,,,,,,,,
42,13,10,16,S59,False,18,2,20,10,0,0,0,0,0,"['B700', 'B193', 'B139', 'B145', 'B508', 'B628', 'B364', 'B55', 'B344', 'B140']",5.0,S31,2.6,8,2,10,0.0,,-0.039247,-5.00873,-5.047977,True,False,30,S31,True,6,1.4182,delivery,,,,,,,,,,,,,,,,,,,,,,,,,,,,,,,,,,,,,,,,,,,,,,,,,,,,
42,13,10,23,S31,False,8,2,10,8,0,3,0,0,0,"['B188', 'B387', 'B203', 'B564', 'B660', 'B581', 'B67', 'B509']",13.0,S47,2.72,0,2,2,0.0,,-0.078344,-5.006187,-5.084531,True,True,48,S10,True,43,1.6577,delivery+onsite,,,,,,,,,,,,,,,,,,,,,,,,,,,,,,,,,,,,,,,,,,,,,,,,,,,,
42,13,10,39,S47,False,0,2,2,0,9,0,0,0,0,"['B600', 'B566', 'B682', 'B561', 'B187', 'B598', 'B181', 'B729', 'B578']",4.5,S65,1.6,9,2,11,0.0,,-0.059068,-5.003392,-5.062461,True,False,36,S10,True,24,1.5519,pickup,,,,,,,,,,,,,,,,,,,,,,,,,,,,,,,,,,,,,,,,,,,,,,,,,,,,
42,13,10,45,S65,False,9,2,11,9,0,0,2,0,0,"['B41', 'B275', 'B600', 'B566', 'B682', 'B561', 'B187', 'B598', 'B181', 'B729', 'B578']",5.5,S38,5.71,0,4,4,0.0,,-0.216912,-5.016057,-5.232969,True,True,36,S38,True,31,1.3015,delivery+depot_removal,,,,,,,,,,,,,,,,,,,,,,,,,,,,,,,,,,,,,,,,,,,,,,,,,,,,
42,13,10,56,S38,False,0,4,4,0,9,0,0,0,0,"['B552', 'B455', 'B428', 'B670', 'B242', 'B227', 'B568', 'B591', 'B395']",4.5,S59,0.74,9,4,13,0.0,,-0.256703,-5.01755,-5.274253,False,False,18,S10,True,13,0.6854,pickup,,,,,,,,,,,,,,,,,,,,,,,,,,,,,,,,,,,,,,,,,,,,,,,,,,,,
42,13,11,1,S59,False,9,4,13,0,7,0,0,0,0,"['B440', 'B404', 'B340', 'B179', 'B517', 'B86', 'B700']",3.5,S52,2.59,16,4,20,0.0,,-0.138816,-5.039456,-5.178272,True,False,30,S52,True,12,1.8001,pickup,,,,,,,,,,,,,,,,,,,,,,,,,,,,,,,,,,,,,,,,,,,,,,,,,,,,
42,13,11,8,S52,False,16,4,20,9,0,0,0,0,0,"['B552', 'B455', 'B428', 'B670', 'B242', 'B227', 'B568', 'B591', 'B395']",4.5,S63,1.26,7,4,11,0.0,,-0.11824,-5.016108,-5.134347,False,False,18,S63,False,6,0.837,delivery,,,,,,,,,,,,,,,,,,,,,,,,,,,,,,,,,,,,,,,,,,,,,,,,,,,,
42,13,11,13,S63,False,7,4,11,7,0,2,0,0,0,"['B440', 'B404', 'B340', 'B179', 'B517', 'B86', 'B700']",9.5,S5,13.17,0,4,4,0.0,,-0.059671,-4.993428,-5.0531,True,True,72,S5,False,64,2.2722,delivery+onsite,,,,,,,,,,,,,,,,,,,,,,,,,,,,,,,,,,,,,,,,,,,,,,,,,,,,
42,13,11,36,S5,False,0,4,4,0,0,0,0,0,0,[],0.0,S41,7.89,0,4,4,0.0,,-0.038998,-5.009548,-5.048545,False,False,12,S41,False,4,0.5054,do_nothing,,,,,,,,,,,,,,,,,,,,,,,,,,,,,,,,,,,,,,,,,,,,,,,,,,,,
42,13,11,44,S41,False,0,4,4,0,8,1,0,0,0,"['B662', 'B228', 'B382', 'B483', 'B32', 'B753', 'B765', 'B522']",7.0,S12,10.2,8,4,12,0.0,,-0.058869,-5.011369,-5.070238,True,True,36,S4,True,22,0.9334,pickup+onsite,,,,,,,,,,,,,,,,,,,,,,,,,,,,,,,,,,,,,,,,,,,,,,,,,,,,
42,13,12,1,S12,False,8,4,12,0,0,0,0,0,0,[],0.0,S61,8.51,8,4,12,0.0,,-0.078342,-5.035663,-5.114006,False,False,18,S61,True,0,0.591,do_nothing,,,,,,,,,,,,,,,,,,,,,,,,,,,,,,,,,,,,,,,,,,,,,,,,,,,,
42,13,12,10,S61,False,8,4,12,8,0,0,0,0,0,"['B662', 'B228', 'B382', 'B483', 'B32', 'B753', 'B765', 'B522']",4.0,S56,6.29,0,4,4,0.0,,-0.118843,-5.051613,-5.170456,False,False,12,S4,True,8,0.4004,delivery,,,,,,,,,,,,,,,,,,,,,,,,,,,,,,,,,,,,,,,,,,,,,,,,,,,,
42,13,12,20,S56,False,0,4,4,0,7,0,1,0,0,"['B94', 'B326', 'B69', 'B434', 'B39', 'B248', 'B309', 'B690']",4.0,S13,15.62,7,5,12,0.0,,-0.158539,-5.032469,-5.191008,True,True,36,S4,True,18,1.4724,pickup+depot_removal,,,,,,,,,,,,,,,,,,,,,,,,,,,,,,,,,,,,,,,,,,,,,,,,,,,,
42,13,12,39,S13,False,7,5,12,0,0,0,3,0,0,"['B717', 'B461', 'B4']",1.5,S62,11.46,7,8,15,0.0,,-0.098465,-5.035936,-5.134401,True,True,60,S4,True,22,1.9461,do_nothing+depot_removal,,,,,,,,,,,,,,,,,,,,,,,,,,,,,,,,,,,,,,,,,,,,,,,,,,,,
42,13,12,52,S62,False,7,8,15,0,0,1,0,0,0,[],3.0,S13,11.46,7,8,15,0.0,,-0.118441,-5.029508,-5.147949,True,True,48,S4,True,13,1.3704,do_nothing+onsite,,,,,,,,,,,,,,,,,,,,,,,,,,,,,,,,,,,,,,,,,,,,,,,,,,,,
42,13,13,7,S13,False,7,8,15,7,0,0,1,0,0,"['B198', 'B94', 'B326', 'B69', 'B434', 'B39', 'B248', 'B309']",4.0,S1,16.77,0,9,9,0.0,,-0.333748,-5.046142,-5.37989,True,True,24,S1,True,22,0.5364,delivery+depot_removal,,,,,,,,,,,,,,,,,,,,,,,,,,,,,,,,,,,,,,,,,,,,,,,,,,,,
42,13,13,28,S1,False,0,9,9,0,0,0,0,0,0,[],0.0,S35,0.53,0,9,9,0.0,,-0.335301,-5.023367,-5.358668,False,False,12,S57,True,0,0.4315,do_nothing,,,,,,,,,,,,,,,,,,,,,,,,,,,,,,,,,,,,,,,,,,,,,,,,,,,,
42,13,13,28,S35,False,0,9,9,0,11,0,0,0,0,"['B306', 'B745', 'B246', 'B305', 'B624', 'B43', 'B95', 'B597', 'B406', 'B666', 'B121']",5.5,S62,5.61,11,9,20,0.0,,-0.217408,-5.011525,-5.228933,True,False,60,S1,True,50,1.7502,pickup,,,,,,,,,,,,,,,,,,,,,,,,,,,,,,,,,,,,,,,,,,,,,,,,,,,,
42,13,13,39,S62,False,11,9,20,11,0,0,0,0,0,"['B306', 'B745', 'B246', 'B305', 'B624', 'B43', 'B95', 'B597', 'B406', 'B666', 'B121']",5.5,S55,3.22,0,9,9,0.0,,-0.235732,-5.033349,-5.269081,True,False,18,S41,True,8,0.6603,delivery,,,,,,,,,,,,,,,,,,,,,,,,,,,,,,,,,,,,,,,,,,,,,,,,,,,,
42,13,13,48,S55,False,0,9,9,0,10,1,0,0,0,"['B544', 'B270', 'B379', 'B90', 'B550', 'B438', 'B429', 'B232', 'B735', 'B483']",8.0,S57,2.57,10,9,19,0.0,,-0.196983,-5.024383,-5.221366,True,True,72,S1,True,60,2.0568,pickup+onsite,,,,,,,,,,,,,,,,,,,,,,,,,,,,,,,,,,,,,,,,,,,,,,,,,,,,
42,13,13,59,S57,False,10,9,19,10,0,0,0,0,0,"['B544', 'B270', 'B379', 'B90', 'B550', 'B438', 'B429', 'B232', 'B735', 'B483']",5.0,S24,9.86,0,9,9,0.0,,-0.235787,-5.048519,-5.284306,True,False,48,S66,True,27,1.235,delivery,,,,,,,,,,,,,,,,,,,,,,,,,,,,,,,,,,,,,,,,,,,,,,,,,,,,
42,13,14,13,S24,False,0,9,9,0,11,0,0,0,0,"['B422', 'B135', 'B107', 'B265', 'B646', 'B156', 'B239', 'B288', 'B76', 'B134', 'B383']",5.5,S28,5.78,11,9,20,0.0,,-0.098019,-5.04358,-5.141599,False,False,12,S1,True,8,0.3303,pickup,,,,,,,,,,,,,,,,,,,,,,,,,,,,,,,,,,,,,,,,,,,,,,,,,,,,
42,13,14,25,S28,False,11,9,20,11,0,0,0,0,0,"['B422', 'B135', 'B107', 'B265', 'B646', 'B156', 'B239', 'B288', 'B76', 'B134', 'B383']",5.5,S37,11.98,0,9,9,0.0,,-0.019673,-5.045843,-5.065515,False,False,12,S6,True,7,0.4335,delivery,,,,,,,,,,,,,,,,,,,,,,,,,,,,,,,,,,,,,,,,,,,,,,,,,,,,
42,13,14,42,S37,False,0,9,9,0,0,0,0,0,0,[],0.0,S41,3.7,0,9,9,0.0,,-0.078047,-5.084924,-5.162971,False,False,12,S41,False,4,0.3768,do_nothing,,,,,,,,,,,,,,,,,,,,,,,,,,,,,,,,,,,,,,,,,,,,,,,,,,,,
42,13,14,46,S41,False,0,9,9,0,11,0,0,0,0,"['B612', 'B738', 'B554', 'B637', 'B158', 'B526', 'B38', 'B469', 'B150', 'B567', 'B233']",5.5,S15,4.47,11,9,20,0.0,,-0.058521,-5.056474,-5.114995,False,False,12,S33,True,10,0.4487,pickup,,,,,,,,,,,,,,,,,,,,,,,,,,,,,,,,,,,,,,,,,,,,,,,,,,,,
42,13,14,56,S15,False,11,9,20,11,0,0,0,0,0,"['B612', 'B738', 'B554', 'B637', 'B158', 'B526', 'B38', 'B469', 'B150', 'B567', 'B233']",5.5,S32,5.59,0,9,9,0.0,,-0.196236,-5.067615,-5.263852,False,False,18,S14,True,13,0.6257,delivery,,,,,,,,,,,,,,,,,,,,,,,,,,,,,,,,,,,,,,,,,,,,,,,,,,,,
42,13,15,7,S32,False,0,9,9,0,0,0,2,0,0,"['B480', 'B249']",1.0,S37,4.74,0,11,11,0.0,,-0.196385,-5.123857,-5.320243,True,True,48,S37,False,12,1.122,do_nothing+depot_removal,,,,,,,,,,,,,,,,,,,,,,,,,,,,,,,,,,,,,,,,,,,,,,,,,,,,
42,13,15,13,S37,False,0,11,11,0,9,0,0,0,0,"['B165', 'B615', 'B758', 'B23', 'B486', 'B34', 'B368', 'B44', 'B126']",4.5,S62,2.6,9,11,20,0.0,,-0.35482,-5.121722,-5.476542,False,False,12,S32,True,8,0.3267,pickup,,,,,,,,,,,,,,,,,,,,,,,,,,,,,,,,,,,,,,,,,,,,,,,,,,,,
42,13,15,20,S62,False,9,11,20,9,0,0,1,0,0,"['B351', 'B165', 'B615', 'B758', 'B23', 'B486', 'B34', 'B368', 'B44', 'B126']",5.0,S42,6.87,0,12,12,0.0,,-0.196186,-5.115345,-5.311531,True,True,42,S51,True,16,1.1539,delivery+depot_removal,,,,,,,,,,,,,,,,,,,,,,,,,,,,,,,,,,,,,,,,,,,,,,,,,,,,
42,13,15,32,S42,False,0,12,12,0,8,0,0,0,0,"['B481', 'B290', 'B474', 'B705', 'B499', 'B373', 'B75', 'B514']",4.0,S51,9.5,8,12,20,0.0,,-0.354981,-5.118114,-5.473095,True,False,24,S32,True,13,0.6516,pickup,,,,,,,,,,,,,,,,,,,,,,,,,,,,,,,,,,,,,,,,,,,,,,,,,,,,
42,13,15,45,S51,False,8,12,20,8,0,0,0,0,0,"['B481', 'B290', 'B474', 'B705', 'B499', 'B373', 'B75', 'B514']",4.0,S32,4.37,0,12,12,0.0,,-0.315779,-5.104268,-5.420046,True,False,18,S19,True,6,0.3668,delivery,,,,,,,,,,,,,,,,,,,,,,,,,,,,,,,,,,,,,,,,,,,,,,,,,,,,
42,13,15,54,S32,False,0,12,12,0,8,0,0,0,0,"['B154', 'B602', 'B182', 'B616', 'B183', 'B582', 'B623', 'B349']",4.0,S38,6.58,8,12,20,0.0,,-0.296052,-5.131623,-5.427675,True,False,24,S4,True,12,0.491,pickup,,,,,,,,,,,,,,,,,,,,,,,,,,,,,,,,,,,,,,,,,,,,,,,,,,,,
42,13,16,4,S38,False,8,12,20,8,0,0,0,0,0,"['B154', 'B602', 'B182', 'B616', 'B183', 'B582', 'B623', 'B349']",4.0,S37,1.93,0,12,12,0.0,,-0.157834,-5.098735,-5.256569,False,False,12,S14,True,6,0.2374,delivery,,,,,,,,,,,,,,,,,,,,,,,,,,,,,,,,,,,,,,,,,,,,,,,,,,,,
42,13,16,10,S37,False,0,12,12,0,0,0,0,0,0,[],0.0,S61,2.04,0,12,12,0.0,,-0.196885,-5.095494,-5.292379,False,False,12,S12,True,0,0.2852,do_nothing,,,,,,,,,,,,,,,,,,,,,,,,,,,,,,,,,,,,,,,,,,,,,,,,,,,,
42,13,16,12,S61,False,0,12,12,0,6,0,0,0,0,"['B698', 'B17', 'B683', 'B238', 'B625', 'B652']",3.0,S14,8.39,6,12,18,0.0,,-0.256957,-5.097255,-5.354212,False,False,18,S37,True,7,0.3866,pickup,,,,,,,,,,,,,,,,,,,,,,,,,,,,,,,,,,,,,,,,,,,,,,,,,,,,
42,13,16,23,S14,False,6,12,18,6,0,0,0,0,0,"['B698', 'B17', 'B683', 'B238', 'B625', 'B652']",3.0,S37,9.35,0,12,12,0.0,,-0.098717,-5.092878,-5.191596,True,False,24,S42,True,12,0.4661,delivery,,,,,,,,,,,,,,,,,,,,,,,,,,,,,,,,,,,,,,,,,,,,,,,,,,,,
42,13,16,36,S37,False,0,12,12,0,8,0,0,0,0,"['B129', 'B750', 'B673', 'B199', 'B497', 'B337', 'B221', 'B372']",4.0,S14,9.35,8,12,20,0.0,,-0.27483,-5.090125,-5.364956,False,False,12,S62,True,7,0.2432,pickup,,,,,,,,,,,,,,,,,,,,,,,,,,,,,,,,,,,,,,,,,,,,,,,,,,,,
42,13,16,49,S14,False,8,12,20,0,0,0,0,0,0,[],0.0,S12,12.68,8,12,20,0.0,,-0.197088,-5.089701,-5.286789,True,False,18,S12,False,0,0.4056,do_nothing,,,,,,,,,,,,,,,,,,,,,,,,,,,,,,,,,,,,,,,,,,,,,,,,,,,,
42,13,17,2,S12,False,8,12,20,8,0,0,0,0,0,"['B129', 'B750', 'B673', 'B199', 'B497', 'B337', 'B221', 'B372']",4.0,S62,7.83,0,12,12,0.0,,-0.275827,-5.09311,-5.368937,False,False,12,S62,False,6,0.2759,delivery,,,,,,,,,,,,,,,,,,,,,,,,,,,,,,,,,,,,,,,,,,,,,,,,,,,,
42,13,17,14,S62,False,0,12,12,0,8,0,0,0,0,"['B23', 'B486', 'B34', 'B368', 'B44', 'B126', 'B42', 'B391']",4.0,S56,4.25,8,12,20,0.0,,-0.137165,-5.084179,-5.221344,True,False,18,S4,True,14,0.4163,pickup,,,,,,,,,,,,,,,,,,,,,,,,,,,,,,,,,,,,,,,,,,,,,,,,,,,,
42,13,17,22,S56,False,8,12,20,0,0,0,0,0,0,[],0.0,S60,7.9,8,12,20,0.0,,-0.078295,-5.071458,-5.149753,False,False,18,S26,True,4,0.4057,do_nothing,,,,,,,,,,,,,,,,,,,,,,,,,,,,,,,,,,,,,,,,,,,,,,,,,,,,
42,13,17,30,S60,False,8,12,20,8,0,0,0,0,0,"['B23', 'B486', 'B34', 'B368', 'B44', 'B126', 'B42', 'B391']",4.0,S48,8.25,0,12,12,0.0,,-0.157836,-5.087982,-5.245818,True,False,24,S49,True,16,0.5197,delivery,,,,,,,,,,,,,,,,,,,,,,,,,,,,,,,,,,,,,,,,,,,,,,,,,,,,
42,13,17,42,S48,False,0,12,12,0,8,0,0,0,0,"['B506', 'B490', 'B570', 'B312', 'B291', 'B0', 'B105', 'B763']",4.0,S56,5.81,8,12,20,0.0,,-0.058571,-5.110055,-5.168626,False,False,12,S51,True,9,0.2617,pickup,,,,,,,,,,,,,,,,,,,,,,,,,,,,,,,,,,,,,,,,,,,,,,,,,,,,
42,13,17,52,S56,False,8,12,20,7,0,0,0,0,0,"['B506', 'B490', 'B570', 'B312', 'B291', 'B0', 'B105']",3.5,S62,4.25,1,12,13,0.0,,-0.35417,-5.074724,-5.428894,False,False,18,S8,True,14,0.5187,delivery,,,,,,,,,,,,,,,,,,,,,,,,,,,,,,,,,,,,,,,,,,,,,,,,,,,,
42,13,18,0,S62,False,1,12,13,0,0,0,0,0,0,[],0.0,S61,2.06,1,12,13,0.0,,-0.21656,-5.174928,-5.391488,True,False,18,S61,True,1,0.3803,do_nothing,,,,,,,,,,,,,,,,,,,,,,,,,,,,,,,,,,,,,,,,,,,,,,,,,,,,
42,13,18,2,S61,False,1,12,13,0,7,0,0,0,0,"['B698', 'B652', 'B683', 'B407', 'B515', 'B655', 'B145']",3.5,S27,2.28,8,12,20,0.0,,-0.215162,-5.140238,-5.3554,False,False,12,S49,True,6,0.2639,pickup,,,,,,,,,,,,,,,,,,,,,,,,,,,,,,,,,,,,,,,,,,,,,,,,,,,,
42,13,18,7,S27,False,8,12,20,0,0,0,0,0,0,[],0.0,S26,3.79,8,12,20,0.0,,-0.058769,-5.153996,-5.212766,False,False,12,S49,True,1,0.3257,do_nothing,,,,,,,,,,,,,,,,,,,,,,,,,,,,,,,,,,,,,,,,,,,,,,,,,,,,
42,13,18,11,S26,False,8,12,20,0,0,0,0,0,0,[],0.0,S27,3.79,8,12,20,0.0,,-0.157436,-5.13398,-5.291417,False,False,12,S49,True,0,0.3115,do_nothing,,,,,,,,,,,,,,,,,,,,,,,,,,,,,,,,,,,,,,,,,,,,,,,,,,,,
42,13,18,15,S27,False,8,12,20,8,0,0,0,0,0,"['B763', 'B698', 'B652', 'B683', 'B407', 'B515', 'B655', 'B145']",4.0,S4,3.62,0,12,12,0.0,,-0.097919,-5.144264,-5.242183,False,False,12,S49,True,6,0.3298,delivery,,,,,,,,,,,,,,,,,,,,,,,,,,,,,,,,,,,,,,,,,,,,,,,,,,,,
42,13,18,23,S4,False,0,12,12,0,0,0,0,0,0,[],0.0,S62,2.49,0,12,12,0.0,,-0.039296,-5.151674,-5.19097,False,False,12,S59,True,2,0.3252,do_nothing,,,,,,,,,,,,,,,,,,,,,,,,,,,,,,,,,,,,,,,,,,,,,,,,,,,,
42,13,18,25,S62,False,0,12,12,0,8,0,0,0,0,"['B285', 'B607', 'B364', 'B573', 'B398', 'B133', 'B540', 'B625']",4.0,S26,5.52,8,12,20,0.0,,-0.059118,-5.123048,-5.182167,True,False,18,S4,True,13,0.6201,pickup,,,,,,,,,,,,,,,,,,,,,,,,,,,,,,,,,,,,,,,,,,,,,,,,,,,,
42,13,18,35,S26,False,8,12,20,8,0,0,0,0,0,"['B285', 'B607', 'B364', 'B573', 'B398', 'B133', 'B540', 'B625']",4.0,S3,8.28,0,12,12,0.0,,-0.078895,-5.115666,-5.194561,False,False,12,S25,True,10,0.3084,delivery,,,,,,,,,,,,,,,,,,,,,,,,,,,,,,,,,,,,,,,,,,,,,,,,,,,,
42,13,18,47,S3,False,0,12,12,0,8,0,0,0,0,"['B693', 'B178', 'B703', 'B330', 'B529', 'B85', 'B563', 'B661']",4.0,S55,1.62,8,12,20,0.0,,-0.039747,-5.113641,-5.153388,False,False,12,S4,True,6,0.3885,pickup,,,,,,,,,,,,,,,,,,,,,,,,,,,,,,,,,,,,,,,,,,,,,,,,,,,,
42,13,18,53,S55,False,8,12,20,8,0,0,0,0,0,"['B693', 'B178', 'B703', 'B330', 'B529', 'B85', 'B563', 'B661']",4.0,S32,1.17,0,12,12,0.0,,-0.19758,-5.097899,-5.295479,True,False,18,S25,True,6,0.4683,delivery,,,,,,,,,,,,,,,,,,,,,,,,,,,,,,,,,,,,,,,,,,,,,,,,,,,,
42,13,18,58,S32,False,0,12,12,0,8,0,0,0,0,"['B601', 'B657', 'B624', 'B95', 'B597', 'B741', 'B130', 'B142']",4.0,S51,4.37,8,12,20,0.0,,-0.078695,-5.103718,-5.182412,True,False,24,S4,True,15,0.9433,pickup,,,,,,,,,,,,,,,,,,,,,,,,,,,,,,,,,,,,,,,,,,,,,,,,,,,,
42,13,19,6,S51,False,8,12,20,8,0,1,1,0,0,"['B569', 'B601', 'B657', 'B624', 'B95', 'B597', 'B741', 'B130', 'B142']",7.5,S19,1.21,0,13,13,0.0,,-0.118691,-5.052538,-5.171229,True,True,36,S8,True,31,0.8787,delivery+maintenance,,,,,,,,,,,,,,,,,,,,,,,,,,,,,,,,,,,,,,,,,,,,,,,,,,,,
42,13,19,15,S19,False,0,13,13,0,7,1,0,0,0,"['B329', 'B764', 'B602', 'B66', 'B616', 'B485', 'B325']",6.5,S14,11.48,7,13,20,0.0,,-0.079143,-5.06479,-5.143933,True,True,54,S9,True,27,1.222,pickup+onsite,,,,,,,,,,,,,,,,,,,,,,,,,,,,,,,,,,,,,,,,,,,,,,,,,,,,
42,13,19,33,S14,False,7,13,20,7,0,0,0,0,0,"['B329', 'B764', 'B602', 'B66', 'B616', 'B485', 'B325']",3.5,S1,3.53,0,13,13,0.0,,-0.099722,-5.050191,-5.149913,True,False,15,S8,True,6,0.3967,delivery,,,,,,,,,,,,,,,,,,,,,,,,,,,,,,,,,,,,,,,,,,,,,,,,,,,,
42,13,19,40,S1,False,0,13,13,0,7,0,0,0,0,"['B409', 'B332', 'B503', 'B524', 'B744', 'B650', 'B491']",3.5,S55,3.22,7,13,20,0.0,,-0.039697,-5.040897,-5.080594,False,False,8,S35,True,5,0.2382,pickup,,,,,,,,,,,,,,,,,,,,,,,,,,,,,,,,,,,,,,,,,,,,,,,,,,,,
42,13,19,47,S55,False,7,13,20,7,0,0,0,0,0,"['B409', 'B332', 'B503', 'B524', 'B744', 'B650', 'B491']",3.5,D0,2.3,0,13,13,0.0,,-0.039449,-5.063681,-5.10313,True,False,3,D0,False,1,0.0899,delivery,,,,,,,,,,,,,,,,,,,,,,,,,,,,,,,,,,,,,,,,,,,,,,,,,,,,
42,13,19,52,D0,True,0,13,13,0,0,0,0,13,0,"['B334', 'B512', 'B41', 'B275', 'B690', 'B717', 'B461', 'B4', 'B198', 'B480', 'B249', 'B351', 'B569']",6.5,D0,0.0,0,0,0,0.0,,-0.079394,-5.057172,-5.136567,True,True,1,D0,False,0,0.0346,do_nothing,,,,,,,,,,,,,,,,,,,,,,,,,,,,,,,,,,,,,,,,,,,,,,,,,,,,
42,14,6,14,D0,True,0,0,0,0,0,0,0,0,8,"['B194', 'B396', 'B664', 'B323', 'B244', 'B484', 'B167', 'B318']",4.0,S65,3.15,8,0,8,0.0,,-1.556793,-5.383288,-6.940081,True,True,5,S52,True,1,0.1039,load_queue,,,,,,,,,,,,,,,,,,,,,,,,,,,,,,,,,,,,,,,,,,,,,,,,,,,,
42,14,6,36,S65,False,8,0,8,8,0,0,1,0,0,"['B317', 'B194', 'B396', 'B664', 'B323', 'B244', 'B484', 'B167', 'B318']",4.5,S54,8.42,0,1,1,0.0,,-1.382494,-5.415504,-6.797999,True,True,24,S54,True,22,0.5912,delivery+depot_removal,,,,,,,,,,,,,,,,,,,,,,,,,,,,,,,,,,,,,,,,,,,,,,,,,,,,
42,14,6,49,S54,False,0,1,1,0,15,0,0,0,0,"['B645', 'B597', 'B189', 'B752', 'B588', 'B140', 'B358', 'B348', 'B106', 'B341', 'B722', 'B678', 'B390', 'B633', 'B386']",7.5,S31,5.7,15,1,16,0.0,,-1.224967,-5.41594,-6.640908,False,False,18,S52,True,6,0.403,pickup,,,,,,,,,,,,,,,,,,,,,,,,,,,,,,,,,,,,,,,,,,,,,,,,,,,,
42,14,7,2,S31,False,15,1,16,15,0,1,0,0,0,"['B645', 'B597', 'B189', 'B752', 'B588', 'B140', 'B358', 'B348', 'B106', 'B341', 'B722', 'B678', 'B390', 'B633', 'B386']",10.5,S52,2.99,0,1,1,0.0,,-1.280771,-5.377133,-6.657904,True,True,24,S45,True,18,0.7001,delivery+onsite,,,,,,,,,,,,,,,,,,,,,,,,,,,,,,,,,,,,,,,,,,,,,,,,,,,,
42,14,7,16,S52,False,0,1,1,0,15,0,0,0,0,"['B591', 'B395', 'B552', 'B381', 'B634', 'B139', 'B43', 'B406', 'B749', 'B248', 'B477', 'B703', 'B566', 'B46', 'B554']",7.5,S22,7.49,15,1,16,0.0,,-0.750094,-5.34704,-6.097134,False,False,18,S37,True,9,0.5322,pickup,,,,,,,,,,,,,,,,,,,,,,,,,,,,,,,,,,,,,,,,,,,,,,,,,,,,
42,14,7,31,S22,False,15,1,16,14,0,0,0,0,0,"['B591', 'B395', 'B552', 'B381', 'B634', 'B139', 'B43', 'B406', 'B749', 'B248', 'B477', 'B703', 'B566', 'B46']",7.0,S63,8.69,1,1,2,0.0,,-1.203886,-5.344844,-6.548729,False,False,18,S45,True,7,0.5158,delivery,,,,,,,,,,,,,,,,,,,,,,,,,,,,,,,,,,,,,,,,,,,,,,,,,,,,
42,14,7,46,S63,False,1,1,2,0,13,0,0,0,0,"['B360', 'B575', 'B1', 'B10', 'B310', 'B456', 'B298', 'B548', 'B13', 'B157', 'B765', 'B439', 'B762']",6.5,S26,7.98,14,1,15,0.0,,-0.670399,-5.30318,-5.973579,True,False,72,S37,True,50,2.3146,pickup,,,,,,,,,,,,,,,,,,,,,,,,,,,,,,,,,,,,,,,,,,,,,,,,,,,,
42,14,8,1,S26,False,14,1,15,0,0,0,0,0,0,[],0.0,S55,6.67,14,1,15,0.0,,-0.728818,-5.300525,-6.029343,False,False,18,S45,True,0,0.47,do_nothing,,,,,,,,,,,,,,,,,,,,,,,,,,,,,,,,,,,,,,,,,,,,,,,,,,,,
42,14,8,7,S55,False,14,1,15,14,0,0,1,0,0,"['B6', 'B554', 'B360', 'B575', 'B1', 'B10', 'B310', 'B456', 'B298', 'B548', 'B13', 'B157', 'B765', 'B439', 'B762']",7.5,S37,5.04,0,2,2,0.0,,-0.473217,-5.293665,-5.766882,True,True,24,S45,True,19,0.755,delivery+depot_removal,,,,,,,,,,,,,,,,,,,,,,,,,,,,,,,,,,,,,,,,,,,,,,,,,,,,
42,14,8,20,S37,False,0,2,2,0,15,0,1,0,0,"['B230', 'B204', 'B0', 'B105', 'B102', 'B577', 'B410', 'B710', 'B37', 'B470', 'B130', 'B761', 'B763', 'B698', 'B444', 'B478']",8.0,S26,7.79,15,3,18,0.0,,-0.489842,-5.271117,-5.760959,True,True,30,S51,True,22,0.9186,pickup+depot_removal,,,,,,,,,,,,,,,,,,,,,,,,,,,,,,,,,,,,,,,,,,,,,,,,,,,,
42,14,8,36,S26,False,15,3,18,15,0,0,0,0,0,"['B230', 'B204', 'B0', 'B105', 'B102', 'B577', 'B410', 'B710', 'B37', 'B470', 'B130', 'B761', 'B763', 'B698', 'B444']",7.5,S60,6.85,0,3,3,0.0,,-0.373651,-5.250625,-5.624276,False,False,18,S45,True,16,0.5556,delivery,,,,,,,,,,,,,,,,,,,,,,,,,,,,,,,,,,,,,,,,,,,,,,,,,,,,
42,14,8,50,S60,False,0,3,3,0,15,1,0,0,0,"['B44', 'B126', 'B42', 'B391', 'B161', 'B685', 'B505', 'B572', 'B403', 'B581', 'B490', 'B350', 'B181', 'B227', 'B733']",10.5,S51,7.5,15,3,18,0.0,,-0.590053,-5.247285,-5.837338,True,True,36,S11,True,22,1.38,pickup+onsite,,,,,,,,,,,,,,,,,,,,,,,,,,,,,,,,,,,,,,,,,,,,,,,,,,,,
42,14,9,8,S51,False,15,3,18,10,0,0,0,0,0,"['B44', 'B126', 'B42', 'B391', 'B161', 'B685', 'B505', 'B572', 'B403', 'B581']",5.0,S46,3.14,5,3,8,0.0,,-0.471766,-5.209071,-5.680837,False,False,18,S13,True,10,0.3593,delivery,,,,,,,,,,,,,,,,,,,,,,,,,,,,,,,,,,,,,,,,,,,,,,,,,,,,
42,14,9,16,S46,False,5,3,8,5,0,0,0,0,0,"['B490', 'B350', 'B181', 'B227', 'B733']",2.5,S47,7.57,0,3,3,0.0,,-0.394174,-5.168138,-5.562313,False,False,12,S58,True,10,0.2945,delivery,,,,,,,,,,,,,,,,,,,,,,,,,,,,,,,,,,,,,,,,,,,,,,,,,,,,
42,14,9,26,S47,False,0,3,3,0,14,1,0,0,0,"['B418', 'B606', 'B165', 'B499', 'B715', 'B528', 'B45', 'B312', 'B284', 'B209', 'B465', 'B750', 'B398', 'B66']",10.0,S17,8.76,14,3,17,0.0,,-0.31463,-5.178992,-5.493622,True,True,36,S39,True,19,0.8783,pickup+onsite,,,,,,,,,,,,,,,,,,,,,,,,,,,,,,,,,,,,,,,,,,,,,,,,,,,,
42,14,9,45,S17,False,14,3,17,0,0,0,0,0,0,[],0.0,S15,4.76,14,3,17,0.0,,-0.45255,-5.183445,-5.635995,False,False,12,S39,True,0,0.3724,do_nothing,,,,,,,,,,,,,,,,,,,,,,,,,,,,,,,,,,,,,,,,,,,,,,,,,,,,
42,14,9,50,S15,False,14,3,17,14,0,0,0,0,0,"['B418', 'B606', 'B165', 'B499', 'B715', 'B528', 'B45', 'B312', 'B284', 'B209', 'B465', 'B750', 'B398', 'B66']",7.0,S39,7.21,0,3,3,0.0,,-0.316229,-5.17316,-5.489389,False,False,12,S33,True,6,0.3534,delivery,,,,,,,,,,,,,,,,,,,,,,,,,,,,,,,,,,,,,,,,,,,,,,,,,,,,
42,14,10,4,S39,False,0,3,3,0,0,0,1,0,0,['B609'],0.5,S33,5.32,0,4,4,0.0,,-0.510717,-5.256173,-5.76689,True,True,18,S13,True,6,0.6368,do_nothing+depot_removal,,,,,,,,,,,,,,,,,,,,,,,,,,,,,,,,,,,,,,,,,,,,,,,,,,,,
42,14,10,10,S33,False,0,4,4,0,16,0,0,0,0,"['B283', 'B319', 'B408', 'B405', 'B617', 'B754', 'B476', 'B293', 'B504', 'B607', 'B357', 'B649', 'B80', 'B212', 'B719', 'B176']",8.0,S29,4.32,16,4,20,0.0,,-0.256057,-5.270709,-5.526766,True,False,30,S39,True,25,0.8073,pickup,,,,,,,,,,,,,,,,,,,,,,,,,,,,,,,,,,,,,,,,,,,,,,,,,,,,
42,14,10,22,S29,False,16,4,20,16,0,0,0,0,0,"['B283', 'B319', 'B408', 'B405', 'B617', 'B754', 'B476', 'B293', 'B504', 'B607', 'B357', 'B649', 'B80', 'B212', 'B719', 'B176']",8.0,S39,9.53,0,4,4,0.0,,-0.531882,-5.241868,-5.77375,False,False,12,S54,True,7,0.3571,delivery,,,,,,,,,,,,,,,,,,,,,,,,,,,,,,,,,,,,,,,,,,,,,,,,,,,,
42,14,10,40,S39,False,0,4,4,0,16,0,0,0,0,"['B131', 'B635', 'B68', 'B370', 'B711', 'B571', 'B307', 'B602', 'B592', 'B751', 'B168', 'B682', 'B344', 'B562', 'B315', 'B616']",8.0,S55,8.56,16,4,20,0.0,,-0.770021,-5.287474,-6.057496,False,False,12,S55,False,6,0.3731,pickup,,,,,,,,,,,,,,,,,,,,,,,,,,,,,,,,,,,,,,,,,,,,,,,,,,,,
42,14,10,56,S55,False,16,4,20,0,0,0,0,0,0,[],0.0,S29,2.12,16,4,20,0.0,,-0.830037,-5.309416,-6.139452,False,False,18,S13,True,0,0.4679,do_nothing,,,,,,,,,,,,,,,,,,,,,,,,,,,,,,,,,,,,,,,,,,,,,,,,,,,,
42,14,10,58,S29,False,16,4,20,16,0,0,0,0,0,"['B131', 'B635', 'B68', 'B370', 'B711', 'B571', 'B307', 'B602', 'B592', 'B751', 'B168', 'B682', 'B344', 'B562', 'B315', 'B616']",8.0,S10,0.66,0,4,4,0.0,,-0.811171,-5.319314,-6.130485,False,False,12,S10,False,6,0.3744,delivery,,,,,,,,,,,,,,,,,,,,,,,,,,,,,,,,,,,,,,,,,,,,,,,,,,,,
42,14,11,7,S10,False,0,4,4,0,9,0,0,0,0,"['B600', 'B689', 'B237', 'B234', 'B337', 'B115', 'B419', 'B374', 'B660']",4.5,S16,4.96,9,4,13,0.0,,-0.7097,-5.250051,-5.959751,False,False,18,S16,False,15,0.3727,pickup,,,,,,,,,,,,,,,,,,,,,,,,,,,,,,,,,,,,,,,,,,,,,,,,,,,,
42,14,11,17,S16,False,9,4,13,0,7,0,0,0,0,"['B673', 'B420', 'B132', 'B570', 'B77', 'B270', 'B525']",3.5,S17,9.93,16,4,20,0.0,,-0.334199,-5.238196,-5.572395,False,False,12,S17,False,7,0.287,pickup,,,,,,,,,,,,,,,,,,,,,,,,,,,,,,,,,,,,,,,,,,,,,,,,,,,,
42,14,11,30,S17,False,16,4,20,13,0,0,0,0,0,"['B600', 'B689', 'B237', 'B234', 'B337', 'B115', 'B419', 'B374', 'B660', 'B673', 'B420', 'B132', 'B570']",6.5,S20,7.88,3,4,7,0.0,,-0.354924,-5.241426,-5.596351,False,False,18,S20,False,12,0.4811,delivery,,,,,,,,,,,,,,,,,,,,,,,,,,,,,,,,,,,,,,,,,,,,,,,,,,,,
42,14,11,44,S20,False,3,4,7,3,0,1,0,0,0,"['B77', 'B270', 'B525']",4.5,S41,6.82,0,4,4,0.0,,-0.37335,-5.276703,-5.650053,True,True,24,S37,True,21,0.9114,delivery+onsite,,,,,,,,,,,,,,,,,,,,,,,,,,,,,,,,,,,,,,,,,,,,,,,,,,,,
42,14,11,56,S41,False,0,4,4,0,13,0,1,0,0,"['B193', 'B425', 'B677', 'B699', 'B533', 'B672', 'B98', 'B250', 'B230', 'B379', 'B446', 'B612', 'B625', 'B377']",7.0,S35,9.63,13,5,18,0.0,,-0.275828,-5.27666,-5.552488,True,True,36,S37,True,19,1.1421,pickup+depot_removal,,,,,,,,,,,,,,,,,,,,,,,,,,,,,,,,,,,,,,,,,,,,,,,,,,,,
42,14,12,12,S35,False,13,5,18,0,0,1,0,0,0,[],3.0,S29,1.95,13,5,18,0.0,,-0.569739,-5.282257,-5.851996,True,True,108,S29,True,18,3.7087,do_nothing+onsite,,,,,,,,,,,,,,,,,,,,,,,,,,,,,,,,,,,,,,,,,,,,,,,,,,,,
42,14,12,17,S29,False,13,5,18,13,0,0,0,0,0,"['B193', 'B425', 'B677', 'B699', 'B533', 'B672', 'B98', 'B250', 'B230', 'B379', 'B446', 'B612', 'B625']",6.5,S40,3.08,0,5,5,0.0,,-0.807414,-5.278711,-6.086125,False,False,12,S40,False,6,0.5147,delivery,,,,,,,,,,,,,,,,,,,,,,,,,,,,,,,,,,,,,,,,,,,,,,,,,,,,
42,14,12,27,S40,False,0,5,5,0,8,0,0,0,0,"['B48', 'B482', 'B273', 'B291', 'B722', 'B242', 'B5', 'B694']",4.0,S61,2.69,8,5,13,0.0,,-0.766121,-5.284285,-6.050406,True,False,108,S61,True,38,3.3206,pickup,,,,,,,,,,,,,,,,,,,,,,,,,,,,,,,,,,,,,,,,,,,,,,,,,,,,
42,14,12,34,S61,False,8,5,13,0,7,0,0,0,0,"['B256', 'B606', 'B629', 'B283', 'B678', 'B162', 'B504']",3.5,S54,4.83,15,5,20,0.0,,-0.786788,-5.31822,-6.105008,True,False,18,S46,True,13,0.5285,pickup,,,,,,,,,,,,,,,,,,,,,,,,,,,,,,,,,,,,,,,,,,,,,,,,,,,,
42,14,12,42,S54,False,15,5,20,11,0,0,1,0,0,"['B106', 'B48', 'B482', 'B273', 'B291', 'B722', 'B242', 'B5', 'B694', 'B256', 'B606', 'B629']",6.0,S46,3.3,4,6,10,0.0,,-0.688576,-5.359179,-6.047755,True,True,60,S46,False,18,1.6337,delivery+depot_removal,,,,,,,,,,,,,,,,,,,,,,,,,,,,,,,,,,,,,,,,,,,,,,,,,,,,
42,14,12,51,S46,False,4,6,10,4,0,0,0,0,0,"['B283', 'B678', 'B162', 'B504']",2.0,S62,2.76,0,6,6,0.0,,-0.846204,-5.360754,-6.206958,False,False,12,S58,True,7,0.3187,delivery,,,,,,,,,,,,,,,,,,,,,,,,,,,,,,,,,,,,,,,,,,,,,,,,,,,,
42,14,12,56,S62,False,0,6,6,0,0,0,1,0,0,['B387'],0.5,S66,2.92,0,7,7,0.0,,-0.903479,-5.403348,-6.306827,True,True,30,S58,True,6,0.7788,do_nothing+depot_removal,,,,,,,,,,,,,,,,,,,,,,,,,,,,,,,,,,,,,,,,,,,,,,,,,,,,
42,14,12,59,S66,False,0,7,7,0,13,0,0,0,0,"['B318', 'B476', 'B607', 'B617', 'B631', 'B445', 'B357', 'B190', 'B550', 'B431', 'B131', 'B695', 'B682']",6.5,S50,7.23,13,7,20,0.0,,-1.122799,-5.372477,-6.495276,True,False,48,S58,True,24,1.1316,pickup,,,,,,,,,,,,,,,,,,,,,,,,,,,,,,,,,,,,,,,,,,,,,,,,,,,,
42,14,13,13,S50,False,13,7,20,13,0,0,0,0,0,"['B318', 'B476', 'B607', 'B617', 'B631', 'B445', 'B357', 'B190', 'B550', 'B431', 'B131', 'B695', 'B682']",6.5,S58,8.14,0,7,7,0.0,,-1.299113,-5.364399,-6.663512,True,False,18,S62,True,9,0.5715,delivery,,,,,,,,,,,,,,,,,,,,,,,,,,,,,,,,,,,,,,,,,,,,,,,,,,,,
42,14,13,28,S58,False,0,7,7,0,0,0,0,0,0,[],0.0,S62,3.31,0,7,7,0.0,,-1.55535,-5.38991,-6.94526,False,False,12,S62,False,0,0.3832,do_nothing,,,,,,,,,,,,,,,,,,,,,,,,,,,,,,,,,,,,,,,,,,,,,,,,,,,,
42,14,13,31,S62,False,0,7,7,0,13,0,0,0,0,"['B766', 'B567', 'B376', 'B385', 'B233', 'B163', 'B173', 'B657', 'B361', 'B169', 'B24', 'B507', 'B255']",6.5,S26,5.52,13,7,20,0.0,,-1.043149,-5.361965,-6.405114,False,False,12,S29,True,7,0.3858,pickup,,,,,,,,,,,,,,,,,,,,,,,,,,,,,,,,,,,,,,,,,,,,,,,,,,,,
42,14,13,43,S26,False,13,7,20,13,0,0,0,0,0,"['B766', 'B567', 'B376', 'B385', 'B233', 'B163', 'B173', 'B657', 'B361', 'B169', 'B24', 'B507', 'B255']",6.5,S48,11.62,0,7,7,0.0,,-1.654021,-5.383807,-7.037828,False,False,12,S13,True,7,0.5074,delivery,,,,,,,,,,,,,,,,,,,,,,,,,,,,,,,,,,,,,,,,,,,,,,,,,,,,
42,14,14,1,S48,False,0,7,7,0,11,0,0,0,0,"['B706', 'B692', 'B342', 'B138', 'B528', 'B274', 'B534', 'B121', 'B410', 'B622', 'B262']",5.5,S35,8.23,11,7,18,0.0,,-2.50099,-5.283122,-7.784112,False,False,18,S58,True,8,0.6493,pickup,,,,,,,,,,,,,,,,,,,,,,,,,,,,,,,,,,,,,,,,,,,,,,,,,,,,
42,14,14,15,S35,False,11,7,18,11,0,1,2,0,0,"['B62', 'B367', 'B706', 'B692', 'B342', 'B138', 'B528', 'B274', 'B534', 'B121', 'B410', 'B622', 'B262']",9.5,S51,8.32,0,9,9,0.0,,-1.521716,-5.319113,-6.84083,True,True,72,S23,True,69,3.2787,delivery+maintenance,,,,,,,,,,,,,,,,,,,,,,,,,,,,,,,,,,,,,,,,,,,,,,,,,,,,
42,14,14,33,S51,False,0,9,9,0,7,0,1,0,0,"['B242', 'B523', 'B722', 'B371', 'B727', 'B76', 'B147', 'B9']",4.0,S55,5.48,7,10,17,0.0,,-1.933194,-5.389163,-7.322357,True,True,36,S44,True,20,0.8721,pickup+depot_removal,,,,,,,,,,,,,,,,,,,,,,,,,,,,,,,,,,,,,,,,,,,,,,,,,,,,
42,14,14,42,S55,False,7,10,17,7,0,0,0,0,0,"['B242', 'B523', 'B722', 'B371', 'B727', 'B76', 'B147']",3.5,S66,6.13,0,10,10,0.0,,-1.385352,-5.346929,-6.732282,False,False,12,S16,True,6,0.2641,delivery,,,,,,,,,,,,,,,,,,,,,,,,,,,,,,,,,,,,,,,,,,,,,,,,,,,,
42,14,14,52,S66,False,0,10,10,0,10,0,0,0,0,"['B544', 'B279', 'B585', 'B618', 'B301', 'B687', 'B230', 'B477', 'B22', 'B734']",5.0,S54,5.58,10,10,20,0.0,,-1.775286,-5.376763,-7.152049,True,False,30,S37,True,26,1.1116,pickup,,,,,,,,,,,,,,,,,,,,,,,,,,,,,,,,,,,,,,,,,,,,,,,,,,,,
42,14,15,2,S54,False,10,10,20,10,0,1,0,0,0,"['B544', 'B279', 'B585', 'B618', 'B301', 'B687', 'B230', 'B477', 'B22', 'B734']",8.0,S37,4.98,0,10,10,0.0,,-1.674309,-5.379049,-7.053357,True,True,24,S35,True,18,1.4332,delivery+onsite,,,,,,,,,,,,,,,,,,,,,,,,,,,,,,,,,,,,,,,,,,,,,,,,,,,,
42,14,15,15,S37,False,0,10,10,0,0,0,0,0,0,[],0.0,S12,6.56,0,10,10,0.0,,-1.697163,-5.376878,-7.074041,False,False,12,S60,True,0,0.3856,do_nothing,,,,,,,,,,,,,,,,,,,,,,,,,,,,,,,,,,,,,,,,,,,,,,,,,,,,
42,14,15,22,S12,False,0,10,10,0,10,0,0,0,0,"['B683', 'B459', 'B582', 'B315', 'B493', 'B276', 'B386', 'B398', 'B241', 'B456']",5.0,S42,10.97,10,10,20,0.0,,-1.775114,-5.395041,-7.170155,False,False,12,S39,True,8,0.3799,pickup,,,,,,,,,,,,,,,,,,,,,,,,,,,,,,,,,,,,,,,,,,,,,,,,,,,,
42,14,15,38,S42,False,10,10,20,10,0,1,0,0,0,"['B683', 'B459', 'B582', 'B315', 'B493', 'B276', 'B386', 'B398', 'B241', 'B456']",8.0,S60,10.42,0,10,10,0.0,,-1.816728,-5.41181,-7.228539,True,True,24,S35,True,21,0.7014,delivery+onsite,,,,,,,,,,,,,,,,,,,,,,,,,,,,,,,,,,,,,,,,,,,,,,,,,,,,
42,14,15,56,S60,False,0,10,10,0,10,0,0,0,0,"['B261', 'B575', 'B441', 'B594', 'B715', 'B176', 'B433', 'B289', 'B129', 'B42']",5.0,S15,4.42,10,10,20,0.0,,-2.130939,-5.371865,-7.502805,False,False,12,S65,True,9,0.426,pickup,,,,,,,,,,,,,,,,,,,,,,,,,,,,,,,,,,,,,,,,,,,,,,,,,,,,
42,14,16,6,S15,False,10,10,20,10,0,0,0,0,0,"['B261', 'B575', 'B441', 'B594', 'B715', 'B176', 'B433', 'B289', 'B129', 'B42']",5.0,S37,4.99,0,10,10,0.0,,-1.657625,-5.322598,-6.980223,False,False,12,S35,True,10,0.2608,delivery,,,,,,,,,,,,,,,,,,,,,,,,,,,,,,,,,,,,,,,,,,,,,,,,,,,,
42,14,16,16,S37,False,0,10,10,0,10,0,0,0,0,"['B71', 'B142', 'B68', 'B608', 'B350', 'B293', 'B506', 'B215', 'B370', 'B416']",5.0,S26,7.79,10,10,20,0.0,,-1.399323,-5.30018,-6.699503,False,False,12,S65,True,6,0.2672,pickup,,,,,,,,,,,,,,,,,,,,,,,,,,,,,,,,,,,,,,,,,,,,,,,,,,,,
42,14,16,29,S26,False,10,10,20,0,0,0,0,0,0,[],0.0,S35,6.42,10,10,20,0.0,,-1.023916,-5.322893,-6.346809,False,False,12,S35,False,1,0.2641,do_nothing,,,,,,,,,,,,,,,,,,,,,,,,,,,,,,,,,,,,,,,,,,,,,,,,,,,,
42,14,16,35,S35,False,10,10,20,10,0,0,0,0,0,"['B71', 'B142', 'B68', 'B608', 'B350', 'B293', 'B506', 'B215', 'B370', 'B416']",5.0,S62,5.61,0,10,10,0.0,,-1.124138,-5.304728,-6.428866,False,False,12,S52,True,8,0.2593,delivery,,,,,,,,,,,,,,,,,,,,,,,,,,,,,,,,,,,,,,,,,,,,,,,,,,,,
42,14,16,46,S62,False,0,10,10,0,0,0,0,0,0,[],0.0,S51,5.81,0,10,10,0.0,,-1.264516,-5.301733,-6.566249,False,False,12,S51,False,2,0.268,do_nothing,,,,,,,,,,,,,,,,,,,,,,,,,,,,,,,,,,,,,,,,,,,,,,,,,,,,
42,14,16,51,S51,False,0,10,10,0,10,0,0,0,0,"['B340', 'B607', 'B349', 'B213', 'B631', 'B442', 'B93', 'B320', 'B767', 'B219']",5.0,S26,11.22,10,10,20,0.0,,-0.907131,-5.272826,-6.179957,False,False,12,S63,True,7,0.3112,pickup,,,,,,,,,,,,,,,,,,,,,,,,,,,,,,,,,,,,,,,,,,,,,,,,,,,,
42,14,17,8,S26,False,10,10,20,10,0,0,0,0,0,"['B340', 'B607', 'B349', 'B213', 'B631', 'B442', 'B93', 'B320', 'B767', 'B219']",5.0,S33,6.45,0,10,10,0.0,,-0.883603,-5.356221,-6.239823,False,False,12,S63,True,8,0.2795,delivery,,,,,,,,,,,,,,,,,,,,,,,,,,,,,,,,,,,,,,,,,,,,,,,,,,,,
42,14,17,19,S33,False,0,10,10,0,10,0,0,0,0,"['B107', 'B399', 'B643', 'B238', 'B652', 'B530', 'B326', 'B92', 'B408', 'B756']",5.0,S44,1.28,10,10,20,0.0,,-0.630596,-5.30934,-5.939936,True,False,18,S30,True,14,0.4128,pickup,,,,,,,,,,,,,,,,,,,,,,,,,,,,,,,,,,,,,,,,,,,,,,,,,,,,
42,14,17,25,S44,False,10,10,20,10,0,0,0,0,0,"['B107', 'B399', 'B643', 'B238', 'B652', 'B530', 'B326', 'B92', 'B408', 'B756']",5.0,S30,5.63,0,10,10,0.0,,-0.68822,-5.307291,-5.995511,True,False,18,S31,True,7,0.5354,delivery,,,,,,,,,,,,,,,,,,,,,,,,,,,,,,,,,,,,,,,,,,,,,,,,,,,,
42,14,17,36,S30,False,0,10,10,0,10,0,0,0,0,"['B638', 'B73', 'B76', 'B693', 'B224', 'B744', 'B561', 'B38', 'B66', 'B376']",5.0,S52,4.89,10,10,20,0.0,,-0.690116,-5.329989,-6.020105,False,False,12,S62,True,9,0.2861,pickup,,,,,,,,,,,,,,,,,,,,,,,,,,,,,,,,,,,,,,,,,,,,,,,,,,,,
42,14,17,46,S52,False,10,10,20,10,0,0,0,0,0,"['B638', 'B73', 'B76', 'B693', 'B224', 'B744', 'B561', 'B38', 'B66', 'B376']",5.0,S62,1.55,0,10,10,0.0,,-0.610433,-5.306796,-5.917229,False,False,12,S31,True,7,0.3302,delivery,,,,,,,,,,,,,,,,,,,,,,,,,,,,,,,,,,,,,,,,,,,,,,,,,,,,
42,14,17,52,S62,False,0,10,10,0,10,0,0,0,0,"['B319', 'B247', 'B117', 'B5', 'B473', 'B415', 'B571', 'B285', 'B488', 'B729']",5.0,S49,5.09,10,10,20,0.0,,-0.670353,-5.321832,-5.992185,False,False,12,S42,True,8,0.3906,pickup,,,,,,,,,,,,,,,,,,,,,,,,,,,,,,,,,,,,,,,,,,,,,,,,,,,,
42,14,18,2,S49,False,10,10,20,0,0,1,0,0,0,[],3.0,S39,0.84,10,10,20,0.0,,-0.750149,-5.293826,-6.043975,True,True,36,S27,True,6,0.8231,do_nothing+onsite,,,,,,,,,,,,,,,,,,,,,,,,,,,,,,,,,,,,,,,,,,,,,,,,,,,,
42,14,18,6,S39,False,10,10,20,10,0,0,0,0,0,"['B319', 'B247', 'B117', 'B5', 'B473', 'B415', 'B571', 'B285', 'B488', 'B729']",5.0,S31,3.72,0,10,10,0.0,,-0.551461,-5.261482,-5.812943,False,False,12,S27,True,7,0.3214,delivery,,,,,,,,,,,,,,,,,,,,,,,,,,,,,,,,,,,,,,,,,,,,,,,,,,,,
42,14,18,15,S31,False,0,10,10,0,0,0,0,0,0,[],0.0,S65,3.2,0,10,10,0.0,,-0.651526,-5.290065,-5.941591,False,False,12,S65,False,0,0.3037,do_nothing,,,,,,,,,,,,,,,,,,,,,,,,,,,,,,,,,,,,,,,,,,,,,,,,,,,,
42,14,18,18,S65,False,0,10,10,0,10,0,0,0,0,"['B108', 'B754', 'B598', 'B677', 'B292', 'B412', 'B124', 'B174', 'B23', 'B330']",5.0,S63,7.4,10,10,20,0.0,,-0.591955,-5.268229,-5.860184,False,False,12,S49,True,8,0.2831,pickup,,,,,,,,,,,,,,,,,,,,,,,,,,,,,,,,,,,,,,,,,,,,,,,,,,,,
42,14,18,31,S63,False,10,10,20,10,0,0,0,0,0,"['B108', 'B754', 'B598', 'B677', 'B292', 'B412', 'B124', 'B174', 'B23', 'B330']",5.0,S31,4.21,0,10,10,0.0,,-0.552759,-5.231998,-5.784758,True,False,36,S27,True,13,1.0144,delivery,,,,,,,,,,,,,,,,,,,,,,,,,,,,,,,,,,,,,,,,,,,,,,,,,,,,
42,14,18,40,S31,False,0,10,10,0,0,0,0,0,0,[],0.0,S32,6.41,0,10,10,0.0,,-0.356823,-5.224122,-5.580945,False,False,12,S48,True,0,0.5571,do_nothing,,,,,,,,,,,,,,,,,,,,,,,,,,,,,,,,,,,,,,,,,,,,,,,,,,,,
42,14,18,46,S32,False,0,10,10,0,10,0,0,0,0,"['B65', 'B635', 'B639', 'B419', 'B763', 'B189', 'B154', 'B672', 'B375', 'B277']",5.0,S27,5.96,10,10,20,0.0,,-0.590453,-5.212562,-5.803015,True,False,24,S48,True,15,0.8149,pickup,,,,,,,,,,,,,,,,,,,,,,,,,,,,,,,,,,,,,,,,,,,,,,,,,,,,
42,14,18,57,S27,False,10,10,20,10,0,0,0,0,0,"['B65', 'B635', 'B639', 'B419', 'B763', 'B189', 'B154', 'B672', 'B375', 'B277']",5.0,S31,2.27,0,10,10,0.0,,-0.648931,-5.23717,-5.886101,False,False,12,S37,True,7,0.3686,delivery,,,,,,,,,,,,,,,,,,,,,,,,,,,,,,,,,,,,,,,,,,,,,,,,,,,,
42,14,19,4,S31,False,0,10,10,0,0,0,0,0,0,[],0.0,S48,8.15,0,10,10,0.0,,-0.197034,-5.238262,-5.435297,False,False,12,S48,False,0,0.4413,do_nothing,,,,,,,,,,,,,,,,,,,,,,,,,,,,,,,,,,,,,,,,,,,,,,,,,,,,
42,14,19,13,S48,False,0,10,10,0,10,0,0,0,0,"['B402', 'B307', 'B710', 'B518', 'B250', 'B336', 'B483', 'B8', 'B474', 'B612']",5.0,S53,4.33,10,10,20,0.0,,-0.374496,-5.215224,-5.58972,False,False,12,S51,True,7,0.4719,pickup,,,,,,,,,,,,,,,,,,,,,,,,,,,,,,,,,,,,,,,,,,,,,,,,,,,,
42,14,19,22,S53,False,10,10,20,10,0,1,0,0,0,"['B402', 'B307', 'B710', 'B518', 'B250', 'B336', 'B483', 'B8', 'B474', 'B612']",8.0,S31,4.82,0,10,10,0.0,,-0.316022,-5.221368,-5.53739,True,True,52,S26,True,30,1.4746,delivery+onsite,,,,,,,,,,,,,,,,,,,,,,,,,,,,,,,,,,,,,,,,,,,,,,,,,,,,
42,14,19,35,S31,False,0,10,10,0,10,0,0,0,0,"['B711', 'B472', 'B670', 'B746', 'B566', 'B185', 'B33', 'B498', 'B139', 'B720']",5.0,S40,3.53,10,10,20,0.0,,-0.235982,-5.17798,-5.413961,False,False,11,S41,True,8,0.4455,pickup,,,,,,,,,,,,,,,,,,,,,,,,,,,,,,,,,,,,,,,,,,,,,,,,,,,,
42,14,19,43,S40,False,10,10,20,10,0,0,0,0,0,"['B711', 'B472', 'B670', 'B746', 'B566', 'B185', 'B33', 'B498', 'B139', 'B720']",5.0,D0,0.66,0,10,10,0.0,,-0.27578,-5.209363,-5.485143,True,False,11,D0,False,5,0.3892,delivery,,,,,,,,,,,,,,,,,,,,,,,,,,,,,,,,,,,,,,,,,,,,,,,,,,,,
42,14,19,49,D0,True,0,10,10,0,0,0,0,10,0,"['B317', 'B6', 'B478', 'B609', 'B377', 'B106', 'B387', 'B62', 'B367', 'B9']",5.0,D0,0.0,0,0,0,0.0,,-0.17641,-5.212507,-5.388918,True,True,1,D0,False,0,0.04,do_nothing,,,,,,,,,,,,,,,,,,,,,,,,,,,,,,,,,,,,,,,,,,,,,,,,,,,,
42,15,6,9,D0,True,0,0,0,0,0,0,0,0,13,"['B334', 'B512', 'B41', 'B275', 'B690', 'B717', 'B461', 'B4', 'B198', 'B480', 'B249', 'B351', 'B569']",6.5,S66,1.4,13,0,13,0.0,,-1.953315,-5.223266,-7.176581,True,True,5,S54,True,0,0.2439,load_queue,,,,,,,,,,,,,,,,,,,,,,,,,,,,,,,,,,,,,,,,,,,,,,,,,,,,
42,15,6,32,S66,False,13,0,13,13,0,0,0,0,0,"['B334', 'B512', 'B41', 'B275', 'B690', 'B717', 'B461', 'B4', 'B198', 'B480', 'B249', 'B351', 'B569']",6.5,S54,5.58,0,0,0,0.0,,-1.541636,-5.231525,-6.773161,True,False,48,S52,True,25,1.205,delivery,,,,,,,,,,,,,,,,,,,,,,,,,,,,,,,,,,,,,,,,,,,,,,,,,,,,
42,15,6,44,S54,False,0,0,0,0,15,0,0,0,0,"['B763', 'B615', 'B738', 'B577', 'B477', 'B202', 'B309', 'B534', 'B669', 'B645', 'B164', 'B460', 'B538', 'B196', 'B89']",7.5,S65,8.42,15,0,15,0.0,,-1.323434,-5.247235,-6.570668,False,False,18,S33,True,9,0.6747,pickup,,,,,,,,,,,,,,,,,,,,,,,,,,,,,,,,,,,,,,,,,,,,,,,,,,,,
42,15,7,0,S65,False,15,0,15,15,0,0,0,0,0,"['B763', 'B615', 'B738', 'B577', 'B477', 'B202', 'B309', 'B534', 'B669', 'B645', 'B164', 'B460', 'B538', 'B196', 'B89']",7.5,S52,6.18,0,0,0,0.0,,-1.044387,-5.308634,-6.353021,False,False,12,S52,False,10,0.4064,delivery,,,,,,,,,,,,,,,,,,,,,,,,,,,,,,,,,,,,,,,,,,,,,,,,,,,,
42,15,7,14,S52,False,0,0,0,0,10,0,0,0,0,"['B561', 'B38', 'B66', 'B376', 'B548', 'B459', 'B641', 'B582', 'B319', 'B563']",5.0,S27,3.68,10,0,10,0.0,,-0.868687,-5.284395,-6.153081,False,False,18,S63,True,13,0.638,pickup,,,,,,,,,,,,,,,,,,,,,,,,,,,,,,,,,,,,,,,,,,,,,,,,,,,,
42,15,7,22,S27,False,10,0,10,10,0,0,0,0,0,"['B561', 'B38', 'B66', 'B376', 'B548', 'B459', 'B641', 'B582', 'B319', 'B563']",5.0,S44,4.5,0,0,0,0.0,,-0.946986,-5.286366,-6.233352,False,False,12,S45,True,10,0.4634,delivery,,,,,,,,,,,,,,,,,,,,,,,,,,,,,,,,,,,,,,,,,,,,,,,,,,,,
42,15,7,32,S44,False,0,0,0,0,12,0,1,0,0,"['B15', 'B547', 'B253', 'B324', 'B643', 'B0', 'B762', 'B95', 'B633', 'B388', 'B683', 'B169', 'B464']",6.5,S62,2.2,12,1,13,0.0,,-0.691825,-5.262123,-5.953948,True,True,36,S63,True,20,1.3559,pickup+depot_removal,,,,,,,,,,,,,,,,,,,,,,,,,,,,,,,,,,,,,,,,,,,,,,,,,,,,
42,15,7,40,S62,False,12,1,13,12,0,0,0,0,0,"['B15', 'B547', 'B253', 'B324', 'B643', 'B0', 'B762', 'B95', 'B633', 'B388', 'B683', 'B169']",6.0,S33,0.92,0,1,1,0.0,,-0.691266,-5.240321,-5.931586,False,False,12,S33,False,9,0.6299,delivery,,,,,,,,,,,,,,,,,,,,,,,,,,,,,,,,,,,,,,,,,,,,,,,,,,,,
42,15,7,47,S33,False,0,1,1,0,16,0,0,0,0,"['B27', 'B149', 'B220', 'B97', 'B730', 'B293', 'B722', 'B423', 'B335', 'B455', 'B418', 'B659', 'B389', 'B144', 'B433', 'B67']",8.0,S26,6.45,16,1,17,0.0,,-0.965306,-5.212325,-6.177631,True,False,36,S50,True,12,1.2988,pickup,,,,,,,,,,,,,,,,,,,,,,,,,,,,,,,,,,,,,,,,,,,,,,,,,,,,
42,15,8,2,S26,False,16,1,17,15,0,0,0,0,0,"['B27', 'B149', 'B220', 'B97', 'B730', 'B293', 'B722', 'B423', 'B335', 'B455', 'B418', 'B659', 'B389', 'B144', 'B433']",7.5,S63,7.98,1,1,2,0.0,,-0.787292,-5.243503,-6.030795,False,False,18,S32,True,16,0.9977,delivery,,,,,,,,,,,,,,,,,,,,,,,,,,,,,,,,,,,,,,,,,,,,,,,,,,,,
42,15,8,17,S63,False,1,1,2,0,13,1,0,0,0,"['B435', 'B671', 'B468', 'B573', 'B397', 'B644', 'B209', 'B28', 'B540', 'B139', 'B749', 'B306', 'B581']",9.5,S22,8.69,14,1,15,0.0,,-0.373545,-5.241735,-5.61528,True,True,108,S47,True,57,4.4194,pickup+onsite,,,,,,,,,,,,,,,,,,,,,,,,,,,,,,,,,,,,,,,,,,,,,,,,,,,,
42,15,8,35,S22,False,14,1,15,14,0,0,1,0,0,"['B757', 'B67', 'B435', 'B671', 'B468', 'B573', 'B397', 'B644', 'B209', 'B28', 'B540', 'B139', 'B749', 'B306', 'B581']",7.5,S47,2.32,0,2,2,0.0,,-0.452145,-5.245772,-5.697917,True,True,24,S32,True,18,0.9473,delivery+depot_removal,,,,,,,,,,,,,,,,,,,,,,,,,,,,,,,,,,,,,,,,,,,,,,,,,,,,
42,15,8,45,S47,False,0,2,2,0,18,0,0,0,0,"['B444', 'B297', 'B325', 'B255', 'B705', 'B424', 'B385', 'B578', 'B92', 'B210', 'B653', 'B764', 'B250', 'B375', 'B235', 'B313', 'B580', 'B337']",9.0,S53,7.47,18,2,20,0.0,,-0.492294,-5.247935,-5.740229,False,False,12,S53,False,6,0.4448,pickup,,,,,,,,,,,,,,,,,,,,,,,,,,,,,,,,,,,,,,,,,,,,,,,,,,,,
42,15,9,2,S53,False,18,2,20,18,0,0,0,0,0,"['B444', 'B297', 'B325', 'B255', 'B705', 'B424', 'B385', 'B578', 'B92', 'B210', 'B653', 'B764', 'B250', 'B375', 'B235', 'B313', 'B580', 'B337']",9.0,S50,5.17,0,2,2,0.0,,-0.295657,-5.238805,-5.534462,True,False,36,S64,True,16,1.2264,delivery,,,,,,,,,,,,,,,,,,,,,,,,,,,,,,,,,,,,,,,,,,,,,,,,,,,,
42,15,9,16,S50,False,0,2,2,0,10,0,1,0,0,"['B682', 'B50', 'B731', 'B490', 'B225', 'B140', 'B307', 'B336', 'B76', 'B135', 'B308']",5.5,S51,8.8,10,3,13,0.0,,-0.33425,-5.21096,-5.54521,True,True,54,S54,True,46,2.243,pickup+depot_removal,,,,,,,,,,,,,,,,,,,,,,,,,,,,,,,,,,,,,,,,,,,,,,,,,,,,
42,15,9,30,S51,False,10,3,13,10,0,1,1,0,0,"['B326', 'B682', 'B50', 'B731', 'B490', 'B225', 'B140', 'B307', 'B336', 'B76', 'B135']",8.5,S54,6.18,0,4,4,0.0,,-0.274082,-5.204714,-5.478796,True,True,48,S64,True,44,1.4996,delivery+maintenance,,,,,,,,,,,,,,,,,,,,,,,,,,,,,,,,,,,,,,,,,,,,,,,,,,,,
42,15,9,45,S54,False,0,4,4,0,14,0,0,0,0,"['B712', 'B615', 'B738', 'B454', 'B536', 'B264', 'B117', 'B379', 'B452', 'B542', 'B153', 'B221', 'B87', 'B403']",7.0,S17,7.63,14,4,18,0.0,,-0.373692,-5.250938,-5.62463,False,False,18,S58,True,16,0.5742,pickup,,,,,,,,,,,,,,,,,,,,,,,,,,,,,,,,,,,,,,,,,,,,,,,,,,,,
42,15,10,0,S17,False,14,4,18,14,0,0,0,0,0,"['B712', 'B615', 'B738', 'B454', 'B536', 'B264', 'B117', 'B379', 'B452', 'B542', 'B153', 'B221', 'B87', 'B403']",7.0,S58,10.37,0,4,4,0.0,,-0.353624,-5.267647,-5.62127,False,False,12,S58,False,6,0.6414,delivery,,,,,,,,,,,,,,,,,,,,,,,,,,,,,,,,,,,,,,,,,,,,,,,,,,,,
42,15,10,17,S58,False,0,4,4,0,0,0,0,0,0,[],0.0,S52,1.84,0,4,4,0.0,,-0.511659,-5.311014,-5.822674,False,False,12,S37,True,0,0.5489,do_nothing,,,,,,,,,,,,,,,,,,,,,,,,,,,,,,,,,,,,,,,,,,,,,,,,,,,,
42,15,10,19,S52,False,0,4,4,0,13,0,0,0,0,"['B17', 'B174', 'B277', 'B634', 'B628', 'B678', 'B635', 'B600', 'B546', 'B60', 'B596', 'B637', 'B43']",6.5,S40,2.21,13,4,17,0.0,,-0.392073,-5.307853,-5.699926,False,False,18,S58,True,7,0.7893,pickup,,,,,,,,,,,,,,,,,,,,,,,,,,,,,,,,,,,,,,,,,,,,,,,,,,,,
42,15,10,27,S40,False,13,4,17,9,0,1,1,0,0,"['B345', 'B17', 'B174', 'B277', 'B634', 'B628', 'B678', 'B635', 'B600', 'B546']",8.0,S35,4.93,4,5,9,0.0,,-0.533836,-5.309825,-5.843661,True,True,108,S35,True,58,4.337,delivery+maintenance,,,,,,,,,,,,,,,,,,,,,,,,,,,,,,,,,,,,,,,,,,,,,,,,,,,,
42,15,10,40,S35,False,4,5,9,0,0,0,1,0,0,['B576'],0.5,S66,8.23,4,6,10,0.0,,-0.452093,-5.308584,-5.760677,True,True,48,S58,True,9,1.6381,do_nothing+depot_removal,,,,,,,,,,,,,,,,,,,,,,,,,,,,,,,,,,,,,,,,,,,,,,,,,,,,
42,15,10,49,S66,False,4,6,10,0,10,0,0,0,0,"['B249', 'B351', 'B569', 'B176', 'B53', 'B558', 'B737', 'B131', 'B149', 'B492']",5.0,S15,3.2,14,6,20,0.0,,-0.452988,-5.325158,-5.778146,True,False,30,S15,False,28,0.8831,pickup,,,,,,,,,,,,,,,,,,,,,,,,,,,,,,,,,,,,,,,,,,,,,,,,,,,,
42,15,10,57,S15,False,14,6,20,0,0,0,0,0,0,[],0.0,S35,5.79,14,6,20,0.0,,-0.373695,-5.364753,-5.738448,False,False,18,S26,True,2,0.7203,do_nothing,,,,,,,,,,,,,,,,,,,,,,,,,,,,,,,,,,,,,,,,,,,,,,,,,,,,
42,15,11,3,S35,False,14,6,20,12,0,0,0,0,0,"['B60', 'B596', 'B637', 'B43', 'B249', 'B351', 'B569', 'B176', 'B53', 'B558', 'B737', 'B131']",6.0,S32,3.98,2,6,8,0.0,,-0.276427,-5.277386,-5.553813,True,False,36,S15,True,24,1.3031,delivery,,,,,,,,,,,,,,,,,,,,,,,,,,,,,,,,,,,,,,,,,,,,,,,,,,,,
42,15,11,13,S32,False,2,6,8,0,12,0,0,0,0,"['B511', 'B704', 'B85', 'B728', 'B30', 'B216', 'B205', 'B369', 'B13', 'B339', 'B179', 'B101']",6.0,S15,5.59,14,6,20,0.0,,-0.295554,-5.28455,-5.580104,True,False,36,S52,True,19,0.8786,pickup,,,,,,,,,,,,,,,,,,,,,,,,,,,,,,,,,,,,,,,,,,,,,,,,,,,,
42,15,11,25,S15,False,14,6,20,0,0,0,0,0,0,[],0.0,S52,4.21,14,6,20,0.0,,-0.31468,-5.338275,-5.652955,False,False,12,S7,True,1,0.3209,do_nothing,,,,,,,,,,,,,,,,,,,,,,,,,,,,,,,,,,,,,,,,,,,,,,,,,,,,
42,15,11,29,S52,False,14,6,20,11,0,0,0,0,0,"['B149', 'B492', 'B511', 'B704', 'B85', 'B728', 'B30', 'B216', 'B205', 'B369', 'B13']",5.5,S42,8.01,3,6,9,0.0,,-0.471118,-5.352881,-5.824,False,False,18,S15,True,10,0.4976,delivery,,,,,,,,,,,,,,,,,,,,,,,,,,,,,,,,,,,,,,,,,,,,,,,,,,,,
42,15,11,42,S42,False,3,6,9,0,0,1,0,0,0,[],3.0,S63,7.96,3,6,9,0.0,,-1.101417,-5.394902,-6.49632,True,True,24,S3,True,7,0.8116,do_nothing+onsite,,,,,,,,,,,,,,,,,,,,,,,,,,,,,,,,,,,,,,,,,,,,,,,,,,,,
42,15,11,53,S63,False,3,6,9,3,0,0,0,0,0,"['B339', 'B179', 'B101']",1.5,S56,4.53,0,6,6,0.0,,-1.141309,-5.408037,-6.549345,True,False,36,S3,True,21,0.8916,delivery,,,,,,,,,,,,,,,,,,,,,,,,,,,,,,,,,,,,,,,,,,,,,,,,,,,,
42,15,11,59,S56,False,0,6,6,0,5,0,0,0,0,"['B510', 'B229', 'B694', 'B652', 'B636']",2.5,S29,2.28,5,6,11,0.0,,-0.808213,-5.377178,-6.185391,False,False,18,S3,True,12,0.5841,pickup,,,,,,,,,,,,,,,,,,,,,,,,,,,,,,,,,,,,,,,,,,,,,,,,,,,,
42,15,12,4,S29,False,5,6,11,5,0,0,0,0,0,"['B510', 'B229', 'B694', 'B652', 'B636']",2.5,S58,6.9,0,6,6,0.0,,-0.686128,-5.413534,-6.099662,False,False,12,S58,False,9,0.4246,delivery,,,,,,,,,,,,,,,,,,,,,,,,,,,,,,,,,,,,,,,,,,,,,,,,,,,,
42,15,12,14,S58,False,0,6,6,0,14,0,0,0,0,"['B298', 'B747', 'B108', 'B448', 'B54', 'B384', 'B37', 'B354', 'B487', 'B394', 'B224', 'B529', 'B605', 'B754']",7.0,S29,6.9,14,6,20,0.0,,-0.785741,-5.351754,-6.137496,False,False,18,S63,True,7,0.5321,pickup,,,,,,,,,,,,,,,,,,,,,,,,,,,,,,,,,,,,,,,,,,,,,,,,,,,,
42,15,12,27,S29,False,14,6,20,0,0,0,0,0,0,[],0.0,S54,1.43,14,6,20,0.0,,-0.942363,-5.378759,-6.321122,False,False,12,S63,True,0,0.43,do_nothing,,,,,,,,,,,,,,,,,,,,,,,,,,,,,,,,,,,,,,,,,,,,,,,,,,,,
42,15,12,29,S54,False,14,6,20,14,0,0,0,0,0,"['B298', 'B747', 'B108', 'B448', 'B54', 'B384', 'B37', 'B354', 'B487', 'B394', 'B224', 'B529', 'B605', 'B754']",7.0,S51,6.18,0,6,6,0.0,,-0.687375,-5.356784,-6.044159,False,False,12,S29,True,7,0.4433,delivery,,,,,,,,,,,,,,,,,,,,,,,,,,,,,,,,,,,,,,,,,,,,,,,,,,,,
42,15,12,42,S51,False,0,6,6,0,12,0,0,0,0,"['B307', 'B336', 'B76', 'B135', 'B332', 'B682', 'B554', 'B392', 'B419', 'B330', 'B66', 'B753']",6.0,S29,7.57,12,6,18,0.0,,-0.865538,-5.36106,-6.226598,False,False,18,S53,True,7,0.6202,pickup,,,,,,,,,,,,,,,,,,,,,,,,,,,,,,,,,,,,,,,,,,,,,,,,,,,,
42,15,12,56,S29,False,12,6,18,12,0,0,0,0,0,"['B307', 'B336', 'B76', 'B135', 'B332', 'B682', 'B554', 'B392', 'B419', 'B330', 'B66', 'B753']",6.0,S53,3.88,0,6,6,0.0,,-1.380542,-5.373994,-6.754536,False,False,12,S57,True,7,0.4808,delivery,,,,,,,,,,,,,,,,,,,,,,,,,,,,,,,,,,,,,,,,,,,,,,,,,,,,
42,15,13,6,S53,False,0,6,6,0,14,0,0,0,0,"['B385', 'B578', 'B92', 'B210', 'B653', 'B764', 'B250', 'B375', 'B235', 'B313', 'B580', 'B337', 'B730', 'B293']",7.0,S15,4.77,14,6,20,0.0,,-1.084383,-5.418212,-6.502595,True,False,60,S63,True,26,2.2124,pickup,,,,,,,,,,,,,,,,,,,,,,,,,,,,,,,,,,,,,,,,,,,,,,,,,,,,
42,15,13,17,S15,False,14,6,20,14,0,0,0,0,0,"['B385', 'B578', 'B92', 'B210', 'B653', 'B764', 'B250', 'B375', 'B235', 'B313', 'B580', 'B337', 'B730', 'B293']",7.0,S65,5.1,0,6,6,0.0,,-1.340001,-5.427241,-6.767242,False,False,12,S63,True,7,0.4139,delivery,,,,,,,,,,,,,,,,,,,,,,,,,,,,,,,,,,,,,,,,,,,,,,,,,,,,
42,15,13,29,S65,False,0,6,6,0,14,0,0,0,0,"['B538', 'B196', 'B89', 'B357', 'B550', 'B190', 'B59', 'B119', 'B726', 'B715', 'B692', 'B180', 'B619', 'B111']",7.0,S26,6.43,14,6,20,0.0,,-1.122392,-5.393358,-6.51575,False,False,18,S26,True,6,0.6606,pickup,,,,,,,,,,,,,,,,,,,,,,,,,,,,,,,,,,,,,,,,,,,,,,,,,,,,
42,15,13,43,S26,False,14,6,20,0,0,0,0,0,0,[],0.0,S54,5.73,14,6,20,0.0,,-1.479224,-5.442158,-6.921382,False,False,12,S32,True,0,0.485,do_nothing,,,,,,,,,,,,,,,,,,,,,,,,,,,,,,,,,,,,,,,,,,,,,,,,,,,,
42,15,13,49,S54,False,14,6,20,14,0,0,0,0,0,"['B538', 'B196', 'B89', 'B357', 'B550', 'B190', 'B59', 'B119', 'B726', 'B715', 'B692', 'B180', 'B619', 'B111']",7.0,S7,11.95,0,6,6,0.0,,-1.319834,-5.428186,-6.74802,False,False,12,S32,True,10,0.453,delivery,,,,,,,,,,,,,,,,,,,,,,,,,,,,,,,,,,,,,,,,,,,,,,,,,,,,
42,15,14,8,S7,False,0,6,6,0,0,0,2,0,0,"['B40', 'B211']",1.0,S48,14.65,0,8,8,0.0,,-2.0159,-5.33952,-7.35542,True,True,24,S62,True,16,0.62,do_nothing+depot_removal,,,,,,,,,,,,,,,,,,,,,,,,,,,,,,,,,,,,,,,,,,,,,,,,,,,,
42,15,14,23,S48,False,0,8,8,0,11,0,0,0,0,"['B124', 'B679', 'B197', 'B557', 'B717', 'B282', 'B711', 'B675', 'B412', 'B759', 'B18']",5.5,S32,4.4,11,8,19,0.0,,-1.417996,-5.280256,-6.698253,False,False,18,S62,True,12,0.6687,pickup,,,,,,,,,,,,,,,,,,,,,,,,,,,,,,,,,,,,,,,,,,,,,,,,,,,,
42,15,14,33,S32,False,11,8,19,0,0,2,0,0,0,[],6.0,S26,7.72,11,8,19,0.0,,-1.082648,-5.305791,-6.388439,True,True,36,S10,True,12,1.233,do_nothing+onsite,,,,,,,,,,,,,,,,,,,,,,,,,,,,,,,,,,,,,,,,,,,,,,,,,,,,
42,15,14,47,S26,False,11,8,19,11,0,0,0,0,0,"['B124', 'B679', 'B197', 'B557', 'B717', 'B282', 'B711', 'B675', 'B412', 'B759', 'B18']",5.5,S41,6.65,0,8,8,0.0,,-1.281639,-5.291571,-6.573211,False,False,12,S41,False,6,0.3782,delivery,,,,,,,,,,,,,,,,,,,,,,,,,,,,,,,,,,,,,,,,,,,,,,,,,,,,
42,15,14,59,S41,False,0,8,8,0,0,0,0,0,0,[],0.0,S7,5.58,0,8,8,0.0,,-1.041103,-5.311575,-6.352679,False,False,12,S62,True,1,0.5651,do_nothing,,,,,,,,,,,,,,,,,,,,,,,,,,,,,,,,,,,,,,,,,,,,,,,,,,,,
42,15,15,5,S7,False,0,8,8,0,0,0,0,0,0,[],0.0,S41,5.58,0,8,8,0.0,,-0.925795,-5.271958,-6.197753,False,False,18,S62,True,0,0.5828,do_nothing,,,,,,,,,,,,,,,,,,,,,,,,,,,,,,,,,,,,,,,,,,,,,,,,,,,,
42,15,15,10,S41,False,0,8,8,0,12,0,0,0,0,"['B309', 'B380', 'B52', 'B228', 'B456', 'B276', 'B468', 'B286', 'B209', 'B28', 'B433', 'B99']",6.0,S32,7.65,12,8,20,0.0,,-0.924649,-5.253777,-6.178425,False,False,12,S62,True,10,0.4006,pickup,,,,,,,,,,,,,,,,,,,,,,,,,,,,,,,,,,,,,,,,,,,,,,,,,,,,
42,15,15,24,S32,False,12,8,20,12,0,0,0,0,0,"['B309', 'B380', 'B52', 'B228', 'B456', 'B276', 'B468', 'B286', 'B209', 'B28', 'B433', 'B99']",6.0,S62,3.53,0,8,8,0.0,,-1.064365,-5.252347,-6.316712,False,False,18,S63,True,13,0.5731,delivery,,,,,,,,,,,,,,,,,,,,,,,,,,,,,,,,,,,,,,,,,,,,,,,,,,,,
42,15,15,33,S62,False,0,8,8,0,12,0,0,0,0,"['B471', 'B291', 'B208', 'B240', 'B381', 'B417', 'B672', 'B244', 'B176', 'B719', 'B256', 'B350']",6.0,S37,2.6,12,8,20,0.0,,-1.222322,-5.213821,-6.436143,False,False,12,S37,False,6,0.3974,pickup,,,,,,,,,,,,,,,,,,,,,,,,,,,,,,,,,,,,,,,,,,,,,,,,,,,,
42,15,15,42,S37,False,12,8,20,12,0,0,0,0,0,"['B471', 'B291', 'B208', 'B240', 'B381', 'B417', 'B672', 'B244', 'B176', 'B719', 'B256', 'B350']",6.0,S66,3.07,0,8,8,0.0,,-1.46129,-5.26271,-6.724001,False,False,12,S63,True,9,0.4192,delivery,,,,,,,,,,,,,,,,,,,,,,,,,,,,,,,,,,,,,,,,,,,,,,,,,,,,
42,15,15,51,S66,False,0,8,8,0,0,0,3,0,0,"['B716', 'B365', 'B434']",1.5,S31,0.38,0,11,11,0.0,,-0.907735,-5.272333,-6.180067,True,True,54,S31,False,18,1.9353,do_nothing+depot_removal,,,,,,,,,,,,,,,,,,,,,,,,,,,,,,,,,,,,,,,,,,,,,,,,,,,,
42,15,15,53,S31,False,0,11,11,0,9,0,0,0,0,"['B720', 'B162', 'B447', 'B213', 'B136', 'B525', 'B5', 'B366', 'B191']",4.5,S34,4.64,9,11,20,0.0,,-1.144472,-5.250098,-6.39457,True,False,18,S66,True,12,0.5396,pickup,,,,,,,,,,,,,,,,,,,,,,,,,,,,,,,,,,,,,,,,,,,,,,,,,,,,
42,15,16,2,S34,False,9,11,20,9,0,0,0,0,0,"['B720', 'B162', 'B447', 'B213', 'B136', 'B525', 'B5', 'B366', 'B191']",4.5,S61,4.15,0,11,11,0.0,,-0.789342,-5.252968,-6.04231,True,False,48,S35,True,13,1.3014,delivery,,,,,,,,,,,,,,,,,,,,,,,,,,,,,,,,,,,,,,,,,,,,,,,,,,,,
42,15,16,11,S61,False,0,11,11,0,6,0,0,0,0,"['B448', 'B454', 'B171', 'B635', 'B233', 'B331']",3.0,S43,3.44,6,11,17,0.0,,-0.610024,-5.241087,-5.851111,True,False,54,S31,True,18,1.5026,pickup,,,,,,,,,,,,,,,,,,,,,,,,,,,,,,,,,,,,,,,,,,,,,,,,,,,,
42,15,16,17,S43,False,6,11,17,0,0,1,0,0,0,[],3.0,S35,7.26,6,11,17,0.0,,-0.731765,-5.233285,-5.96505,True,True,24,S22,True,9,0.7808,do_nothing+onsite,,,,,,,,,,,,,,,,,,,,,,,,,,,,,,,,,,,,,,,,,,,,,,,,,,,,
42,15,16,27,S35,False,6,11,17,6,0,1,0,0,0,"['B448', 'B454', 'B171', 'B635', 'B233', 'B331']",6.0,S31,8.41,0,11,11,0.0,,-0.747889,-5.261912,-6.009802,True,True,24,S44,True,18,0.8032,delivery+onsite,,,,,,,,,,,,,,,,,,,,,,,,,,,,,,,,,,,,,,,,,,,,,,,,,,,,
42,15,16,42,S31,False,0,11,11,0,9,0,0,0,0,"['B607', 'B702', 'B501', 'B418', 'B34', 'B507', 'B371', 'B562', 'B569']",4.5,S27,2.27,9,11,20,0.0,,-1.262703,-5.244211,-6.506914,True,False,18,S30,True,12,0.4494,pickup,,,,,,,,,,,,,,,,,,,,,,,,,,,,,,,,,,,,,,,,,,,,,,,,,,,,
42,15,16,48,S27,False,9,11,20,0,0,0,0,0,0,[],0.0,S54,4.59,9,11,20,0.0,,-1.007798,-5.235975,-6.243773,False,False,12,S16,True,1,0.2698,do_nothing,,,,,,,,,,,,,,,,,,,,,,,,,,,,,,,,,,,,,,,,,,,,,,,,,,,,
42,15,16,53,S54,False,9,11,20,9,0,0,0,0,0,"['B607', 'B702', 'B501', 'B418', 'B34', 'B507', 'B371', 'B562', 'B569']",4.5,S44,3.95,0,11,11,0.0,,-0.907741,-5.232645,-6.140386,False,False,12,S16,True,7,0.2955,delivery,,,,,,,,,,,,,,,,,,,,,,,,,,,,,,,,,,,,,,,,,,,,,,,,,,,,
42,15,17,2,S44,False,0,11,11,0,9,0,0,0,0,"['B334', 'B660', 'B327', 'B689', 'B363', 'B767', 'B158', 'B685', 'B303']",4.5,S46,1.44,9,11,20,0.0,,-0.453089,-5.215729,-5.668819,True,False,30,S65,True,24,0.8184,pickup,,,,,,,,,,,,,,,,,,,,,,,,,,,,,,,,,,,,,,,,,,,,,,,,,,,,
42,15,17,7,S46,False,9,11,20,0,0,0,0,0,0,[],0.0,S52,2.06,9,11,20,0.0,,-0.609027,-5.237033,-5.84606,True,False,18,S63,True,4,0.5782,do_nothing,,,,,,,,,,,,,,,,,,,,,,,,,,,,,,,,,,,,,,,,,,,,,,,,,,,,
42,15,17,10,S52,False,9,11,20,0,0,0,0,0,0,[],0.0,S28,12.04,9,11,20,0.0,,-0.295148,-5.211278,-5.506425,False,False,12,S31,True,1,0.298,do_nothing,,,,,,,,,,,,,,,,,,,,,,,,,,,,,,,,,,,,,,,,,,,,,,,,,,,,
42,15,17,22,S28,False,9,11,20,9,0,0,0,0,0,"['B334', 'B660', 'B327', 'B689', 'B363', 'B767', 'B158', 'B685', 'B303']",4.5,S65,6.22,0,11,11,0.0,,-0.394621,-5.181411,-5.576032,False,False,12,S52,True,6,0.343,delivery,,,,,,,,,,,,,,,,,,,,,,,,,,,,,,,,,,,,,,,,,,,,,,,,,,,,
42,15,17,32,S65,False,0,11,11,0,9,1,0,0,0,"['B735', 'B93', 'B713', 'B237', 'B227', 'B101', 'B749', 'B423', 'B438']",7.5,S52,6.18,9,11,20,0.0,,-0.455394,-5.205329,-5.660723,True,True,24,S66,True,22,0.5685,pickup+onsite,,,,,,,,,,,,,,,,,,,,,,,,,,,,,,,,,,,,,,,,,,,,,,,,,,,,
42,15,17,46,S52,False,9,11,20,9,0,0,0,0,0,"['B735', 'B93', 'B713', 'B237', 'B227', 'B101', 'B749', 'B423', 'B438']",4.5,S51,4.66,0,11,11,0.0,,-0.552264,-5.196532,-5.748796,False,False,12,S58,True,9,0.3801,delivery,,,,,,,,,,,,,,,,,,,,,,,,,,,,,,,,,,,,,,,,,,,,,,,,,,,,
42,15,17,55,S51,False,0,11,11,0,9,0,0,0,0,"['B305', 'B391', 'B701', 'B382', 'B222', 'B177', 'B667', 'B229', 'B276']",4.5,S63,3.43,9,11,20,0.0,,-0.532082,-5.207746,-5.739828,False,False,12,S46,True,10,0.4071,pickup,,,,,,,,,,,,,,,,,,,,,,,,,,,,,,,,,,,,,,,,,,,,,,,,,,,,
42,15,18,3,S63,False,9,11,20,9,0,0,2,0,0,"['B565', 'B655', 'B305', 'B391', 'B701', 'B382', 'B222', 'B177', 'B667', 'B229', 'B276']",5.5,S19,4.53,0,13,13,0.0,,-0.414241,-5.206129,-5.62037,True,True,24,S46,True,21,0.9337,delivery+depot_removal,,,,,,,,,,,,,,,,,,,,,,,,,,,,,,,,,,,,,,,,,,,,,,,,,,,,
42,15,18,13,S19,False,0,13,13,0,0,0,1,0,0,['B120'],0.5,S58,5.71,0,14,14,0.0,,-0.513457,-5.199089,-5.712547,True,True,72,S66,True,6,2.2919,do_nothing+depot_removal,,,,,,,,,,,,,,,,,,,,,,,,,,,,,,,,,,,,,,,,,,,,,,,,,,,,
42,15,18,19,S58,False,0,14,14,0,6,0,0,0,0,"['B656', 'B231', 'B214', 'B151', 'B670', 'B714']",3.0,S43,1.78,6,14,20,0.0,,-0.276684,-5.206439,-5.483123,True,False,18,S66,True,13,0.4494,pickup,,,,,,,,,,,,,,,,,,,,,,,,,,,,,,,,,,,,,,,,,,,,,,,,,,,,
42,15,18,24,S43,False,6,14,20,6,0,0,0,0,0,"['B656', 'B231', 'B214', 'B151', 'B670', 'B714']",3.0,S66,4.56,0,14,14,0.0,,-0.375952,-5.169965,-5.545917,False,False,12,S46,True,7,0.2991,delivery,,,,,,,,,,,,,,,,,,,,,,,,,,,,,,,,,,,,,,,,,,,,,,,,,,,,
42,15,18,32,S66,False,0,14,14,0,6,0,0,0,0,"['B219', 'B166', 'B481', 'B682', 'B124', 'B127']",3.0,S46,5.15,6,14,20,0.0,,-0.27573,-5.190129,-5.46586,False,False,12,S6,True,10,0.3289,pickup,,,,,,,,,,,,,,,,,,,,,,,,,,,,,,,,,,,,,,,,,,,,,,,,,,,,
42,15,18,40,S46,False,6,14,20,6,0,0,0,0,0,"['B219', 'B166', 'B481', 'B682', 'B124', 'B127']",3.0,S58,3.13,0,14,14,0.0,,-0.27578,-5.209852,-5.485632,True,False,18,S16,True,9,0.5319,delivery,,,,,,,,,,,,,,,,,,,,,,,,,,,,,,,,,,,,,,,,,,,,,,,,,,,,
42,15,18,46,S58,False,0,14,14,0,6,0,0,0,0,"['B202', 'B243', 'B71', 'B483', 'B482', 'B153']",3.0,S27,4.81,6,14,20,0.0,,-0.118291,-5.216418,-5.334708,True,False,18,S66,True,15,0.4579,pickup,,,,,,,,,,,,,,,,,,,,,,,,,,,,,,,,,,,,,,,,,,,,,,,,,,,,
42,15,18,54,S27,False,6,14,20,6,0,0,0,0,0,"['B202', 'B243', 'B71', 'B483', 'B482', 'B153']",3.0,S66,1.91,0,14,14,0.0,,-0.098467,-5.198937,-5.297404,False,False,12,S53,True,7,0.337,delivery,,,,,,,,,,,,,,,,,,,,,,,,,,,,,,,,,,,,,,,,,,,,,,,,,,,,
42,15,18,59,S66,False,0,14,14,0,0,0,0,0,0,[],0.0,S30,1.88,0,14,14,0.0,,-0.137814,-5.189193,-5.327006,False,False,12,S30,False,3,0.3163,do_nothing,,,,,,,,,,,,,,,,,,,,,,,,,,,,,,,,,,,,,,,,,,,,,,,,,,,,
42,15,19,1,S30,False,0,14,14,0,6,0,0,0,0,"['B86', 'B281', 'B512', 'B691', 'B264', 'B568']",3.0,S49,3.29,6,14,20,0.0,,-0.235931,-5.159561,-5.395492,False,False,12,S49,False,6,0.3514,pickup,,,,,,,,,,,,,,,,,,,,,,,,,,,,,,,,,,,,,,,,,,,,,,,,,,,,
42,15,19,7,S49,False,6,14,20,6,0,0,0,0,0,"['B86', 'B281', 'B512', 'B691', 'B264', 'B568']",3.0,S32,7.85,0,14,14,0.0,,-0.315375,-5.146758,-5.462133,True,False,18,S6,True,9,0.4917,delivery,,,,,,,,,,,,,,,,,,,,,,,,,,,,,,,,,,,,,,,,,,,,,,,,,,,,
42,15,19,18,S32,False,0,14,14,0,6,0,0,0,0,"['B28', 'B433', 'B99', 'B347', 'B249', 'B359']",3.0,S26,7.72,6,14,20,0.0,,-0.058819,-5.136343,-5.195162,False,False,12,S19,True,9,0.3562,pickup,,,,,,,,,,,,,,,,,,,,,,,,,,,,,,,,,,,,,,,,,,,,,,,,,,,,
42,15,19,28,S26,False,6,14,20,0,0,0,0,0,0,[],0.0,S55,6.67,6,14,20,0.0,,-0.235432,-5.161732,-5.397164,False,False,12,S6,True,3,0.3664,do_nothing,,,,,,,,,,,,,,,,,,,,,,,,,,,,,,,,,,,,,,,,,,,,,,,,,,,,
42,15,19,35,S55,False,6,14,20,6,0,0,0,0,0,"['B28', 'B433', 'B99', 'B347', 'B249', 'B359']",3.0,S19,6.04,0,14,14,0.0,,-0.157088,-5.169898,-5.326986,True,False,14,S64,True,7,0.3851,delivery,,,,,,,,,,,,,,,,,,,,,,,,,,,,,,,,,,,,,,,,,,,,,,,,,,,,
42,15,19,44,S19,False,0,14,14,0,6,0,0,0,0,"['B156', 'B193', 'B375', 'B173', 'B465', 'B330']",3.0,D0,4.54,6,14,20,0.0,,-0.177312,-5.168072,-5.345385,True,False,4,D0,False,2,0.1297,pickup,,,,,,,,,,,,,,,,,,,,,,,,,,,,,,,,,,,,,,,,,,,,,,,,,,,,
42,15,19,52,D0,True,6,14,20,0,0,0,0,14,10,"['B317', 'B6', 'B478', 'B609', 'B377', 'B106', 'B387', 'B62', 'B367', 'B9', 'B464', 'B757', 'B308', 'B326', 'B345', 'B576', 'B40', 'B211', 'B716', 'B365', 'B434', 'B565', 'B655', 'B120']",12.0,D0,0.0,16,0,16,0.0,,-0.23638,-5.168574,-5.404953,True,True,1,D0,False,0,0.0384,do_nothing,,,,,,,,,,,,,,,,,,,,,,,,,,,,,,,,,,,,,,,,,,,,,,,,,,,,
42,16,6,4,D0,True,16,0,16,0,0,0,0,0,0,[],0.0,S66,1.4,16,0,16,0.0,,-1.47736,-5.252788,-6.730148,True,True,5,S66,False,1,0.1503,depot_passthrough,,,,,,,,,,,,,,,,,,,,,,,,,,,,,,,,,,,,,,,,,,,,,,,,,,,,
42,16,6,20,S66,False,16,0,16,16,0,0,0,0,0,"['B156', 'B193', 'B375', 'B173', 'B465', 'B330', 'B317', 'B6', 'B478', 'B609', 'B377', 'B106', 'B387', 'B62', 'B367', 'B9']",8.0,S47,2.81,0,0,0,0.0,,-1.082285,-5.285629,-6.367914,False,False,12,S64,True,8,0.4287,delivery,,,,,,,,,,,,,,,,,,,,,,,,,,,,,,,,,,,,,,,,,,,,,,,,,,,,
42,16,6,31,S47,False,0,0,0,0,13,0,0,0,0,"['B498', 'B571', 'B332', 'B224', 'B312', 'B287', 'B51', 'B119', 'B187', 'B751', 'B563', 'B284', 'B313']",6.5,S65,1.6,13,0,13,0.0,,-1.084541,-5.286375,-6.370915,True,False,36,S39,True,12,0.8953,pickup,,,,,,,,,,,,,,,,,,,,,,,,,,,,,,,,,,,,,,,,,,,,,,,,,,,,
42,16,6,39,S65,False,13,0,13,13,0,0,0,0,0,"['B498', 'B571', 'B332', 'B224', 'B312', 'B287', 'B51', 'B119', 'B187', 'B751', 'B563', 'B284', 'B313']",6.5,S54,8.42,0,0,0,0.0,,-1.183408,-5.275241,-6.458649,False,False,12,S54,False,10,0.3167,delivery,,,,,,,,,,,,,,,,,,,,,,,,,,,,,,,,,,,,,,,,,,,,,,,,,,,,
42,16,6,54,S54,False,0,0,0,0,13,0,0,0,0,"['B503', 'B130', 'B279', 'B548', 'B762', 'B184', 'B556', 'B424', 'B161', 'B679', 'B741', 'B380', 'B667']",6.5,S46,3.3,13,0,13,0.0,,-0.828289,-5.310984,-6.139272,False,False,18,S39,True,14,0.4857,pickup,,,,,,,,,,,,,,,,,,,,,,,,,,,,,,,,,,,,,,,,,,,,,,,,,,,,
42,16,7,4,S46,False,13,0,13,0,0,0,1,0,0,['B547'],0.5,S39,6.26,13,1,14,0.0,,-0.649718,-5.310489,-5.960207,True,True,18,S26,True,7,0.4182,do_nothing+depot_removal,,,,,,,,,,,,,,,,,,,,,,,,,,,,,,,,,,,,,,,,,,,,,,,,,,,,
42,16,7,10,S39,False,13,1,14,0,6,0,0,0,0,"['B623', 'B108', 'B402', 'B311', 'B248', 'B721']",3.0,S40,6.46,19,1,20,0.0,,-0.572779,-5.31312,-5.885899,True,False,24,S40,False,15,0.5557,pickup,,,,,,,,,,,,,,,,,,,,,,,,,,,,,,,,,,,,,,,,,,,,,,,,,,,,
42,16,7,20,S40,False,19,1,20,16,0,0,0,0,0,"['B503', 'B130', 'B279', 'B548', 'B762', 'B184', 'B556', 'B424', 'B161', 'B679', 'B741', 'B380', 'B667', 'B623', 'B108', 'B402']",8.0,S46,3.01,3,1,4,0.0,,-0.414092,-5.278591,-5.692684,True,False,36,S13,True,14,1.1617,delivery,,,,,,,,,,,,,,,,,,,,,,,,,,,,,,,,,,,,,,,,,,,,,,,,,,,,
42,16,7,31,S46,False,3,1,4,0,11,0,0,0,0,"['B462', 'B338', 'B495', 'B673', 'B718', 'B744', 'B514', 'B23', 'B253', 'B728', 'B695']",5.5,S26,8.08,14,1,15,0.0,,-0.648727,-5.250709,-5.899436,False,False,18,S37,True,16,0.4853,pickup,,,,,,,,,,,,,,,,,,,,,,,,,,,,,,,,,,,,,,,,,,,,,,,,,,,,
42,16,7,44,S26,False,14,1,15,14,0,0,0,0,0,"['B311', 'B248', 'B721', 'B462', 'B338', 'B495', 'B673', 'B718', 'B744', 'B514', 'B23', 'B253', 'B728', 'B695']",7.0,S59,8.38,0,1,1,0.0,,-0.630601,-5.239864,-5.870465,False,False,18,S32,True,13,0.5247,delivery,,,,,,,,,,,,,,,,,,,,,,,,,,,,,,,,,,,,,,,,,,,,,,,,,,,,
42,16,8,0,S59,False,0,1,1,0,17,0,0,0,0,"['B756', 'B342', 'B389', 'B25', 'B436', 'B536', 'B624', 'B610', 'B396', 'B378', 'B36', 'B142', 'B607', 'B100', 'B577', 'B681', 'B296']",8.5,S48,6.45,17,1,18,0.0,,-0.412792,-5.285597,-5.698389,True,False,42,S48,False,24,1.7088,pickup,,,,,,,,,,,,,,,,,,,,,,,,,,,,,,,,,,,,,,,,,,,,,,,,,,,,
42,16,8,15,S48,False,17,1,18,0,0,0,0,0,0,[],0.0,S43,3.81,17,1,18,0.0,,-0.471117,-5.274595,-5.745712,False,False,18,S43,True,0,0.6919,do_nothing,,,,,,,,,,,,,,,,,,,,,,,,,,,,,,,,,,,,,,,,,,,,,,,,,,,,
42,16,8,19,S43,False,17,1,18,15,0,0,0,0,0,"['B756', 'B342', 'B389', 'B25', 'B436', 'B536', 'B624', 'B610', 'B396', 'B378', 'B36', 'B142', 'B607', 'B100', 'B577']",7.5,S52,1.59,2,1,3,0.0,,-0.432265,-5.246218,-5.678484,False,False,18,S52,False,16,0.8561,delivery,,,,,,,,,,,,,,,,,,,,,,,,,,,,,,,,,,,,,,,,,,,,,,,,,,,,
42,16,8,28,S52,False,2,1,3,0,10,0,0,0,0,"['B241', 'B617', 'B509', 'B433', 'B723', 'B702', 'B118', 'B8', 'B68', 'B569']",5.0,S36,4.36,12,1,13,0.0,,-0.23648,-5.251392,-5.487871,False,False,18,S60,True,14,0.5454,pickup,,,,,,,,,,,,,,,,,,,,,,,,,,,,,,,,,,,,,,,,,,,,,,,,,,,,
42,16,8,37,S36,False,12,1,13,0,0,0,2,0,0,"['B611', 'B502']",1.0,S40,5.18,12,3,15,0.0,,-0.216063,-5.260196,-5.476259,True,True,36,S57,True,12,1.1633,do_nothing+depot_removal,,,,,,,,,,,,,,,,,,,,,,,,,,,,,,,,,,,,,,,,,,,,,,,,,,,,
42,16,8,43,S40,False,12,3,15,0,5,0,0,0,0,"['B503', 'B130', 'B279', 'B548', 'B762']",2.5,S27,2.68,17,3,20,0.0,,-0.45279,-5.247903,-5.700692,True,False,24,S27,False,16,0.7761,pickup,,,,,,,,,,,,,,,,,,,,,,,,,,,,,,,,,,,,,,,,,,,,,,,,,,,,
42,16,8,48,S27,False,17,3,20,16,0,0,0,0,0,"['B681', 'B296', 'B241', 'B617', 'B509', 'B433', 'B723', 'B702', 'B118', 'B8', 'B68', 'B569', 'B503', 'B130', 'B279', 'B548']",8.0,S44,4.5,1,3,4,0.0,,-0.256402,-5.221678,-5.478081,False,False,18,S47,True,7,0.6032,delivery,,,,,,,,,,,,,,,,,,,,,,,,,,,,,,,,,,,,,,,,,,,,,,,,,,,,
42,16,9,1,S44,False,1,3,4,0,12,0,1,0,0,"['B327', 'B525', 'B598', 'B15', 'B209', 'B732', 'B422', 'B97', 'B561', 'B550', 'B475', 'B27', 'B234']",6.5,S14,8.59,13,4,17,0.0,,-0.315727,-5.216012,-5.531739,True,True,36,S60,True,20,1.7167,pickup+depot_removal,,,,,,,,,,,,,,,,,,,,,,,,,,,,,,,,,,,,,,,,,,,,,,,,,,,,
42,16,9,16,S14,False,13,4,17,8,0,0,3,0,0,"['B272', 'B584', 'B460', 'B762', 'B327', 'B525', 'B598', 'B15', 'B209', 'B732', 'B422']",5.5,S36,9.29,5,7,12,0.0,,-0.472515,-5.219904,-5.692419,True,True,144,S57,True,70,4.8629,delivery+depot_removal,,,,,,,,,,,,,,,,,,,,,,,,,,,,,,,,,,,,,,,,,,,,,,,,,,,,
42,16,9,31,S36,False,5,7,12,0,0,0,2,0,0,"['B425', 'B634']",1.0,S54,4.67,5,9,14,0.0,,-0.394168,-5.272657,-5.666825,True,True,24,S56,True,13,0.8974,do_nothing+depot_removal,,,,,,,,,,,,,,,,,,,,,,,,,,,,,,,,,,,,,,,,,,,,,,,,,,,,
42,16,9,36,S54,False,5,9,14,0,6,0,0,0,0,"['B635', 'B545', 'B82', 'B42', 'B357', 'B17']",3.0,S57,2.65,11,9,20,0.0,,-0.392919,-5.258104,-5.651023,False,False,12,S56,True,6,0.391,pickup,,,,,,,,,,,,,,,,,,,,,,,,,,,,,,,,,,,,,,,,,,,,,,,,,,,,
42,16,9,42,S57,False,11,9,20,0,0,1,0,0,0,[],3.0,S56,1.82,11,9,20,0.0,,-0.296954,-5.239711,-5.536664,True,True,72,S66,True,6,2.0231,do_nothing+onsite,,,,,,,,,,,,,,,,,,,,,,,,,,,,,,,,,,,,,,,,,,,,,,,,,,,,
42,16,9,47,S56,False,11,9,20,9,0,0,0,0,0,"['B97', 'B561', 'B550', 'B475', 'B27', 'B635', 'B545', 'B82', 'B42']",4.5,S60,7.9,2,9,11,0.0,,-0.315372,-5.253853,-5.569225,False,False,18,S57,True,7,0.5194,delivery,,,,,,,,,,,,,,,,,,,,,,,,,,,,,,,,,,,,,,,,,,,,,,,,,,,,
42,16,9,59,S60,False,2,9,11,0,9,0,0,0,0,"['B210', 'B663', 'B306', 'B705', 'B39', 'B662', 'B273', 'B186', 'B182']",4.5,S57,9.08,11,9,20,0.0,,-0.829392,-5.261033,-6.090426,False,False,12,S66,True,8,0.361,pickup,,,,,,,,,,,,,,,,,,,,,,,,,,,,,,,,,,,,,,,,,,,,,,,,,,,,
42,16,10,13,S57,False,11,9,20,0,0,2,0,0,0,[],6.0,S50,2.14,11,9,20,0.0,,-0.376155,-5.311152,-5.687307,True,True,54,S50,False,12,2.29,do_nothing+onsite,,,,,,,,,,,,,,,,,,,,,,,,,,,,,,,,,,,,,,,,,,,,,,,,,,,,
42,16,10,21,S50,False,11,9,20,11,0,0,0,0,0,"['B357', 'B17', 'B210', 'B663', 'B306', 'B705', 'B39', 'B662', 'B273', 'B186', 'B182']",5.5,S36,7.14,0,9,9,0.0,,-0.352578,-5.314053,-5.666631,True,False,18,S53,True,8,0.6218,delivery,,,,,,,,,,,,,,,,,,,,,,,,,,,,,,,,,,,,,,,,,,,,,,,,,,,,
42,16,10,34,S36,False,0,9,9,0,11,0,0,0,0,"['B474', 'B693', 'B13', 'B221', 'B391', 'B600', 'B539', 'B511', 'B38', 'B477', 'B494']",5.5,S46,2.35,11,9,20,0.0,,-0.434469,-5.320366,-5.754835,False,False,12,S26,True,9,0.3432,pickup,,,,,,,,,,,,,,,,,,,,,,,,,,,,,,,,,,,,,,,,,,,,,,,,,,,,
42,16,10,42,S46,False,11,9,20,11,0,0,0,0,0,"['B474', 'B693', 'B13', 'B221', 'B391', 'B600', 'B539', 'B511', 'B38', 'B477', 'B494']",5.5,S18,4.15,0,9,9,0.0,,-0.532732,-5.324928,-5.85766,False,False,12,S53,True,8,0.4132,delivery,,,,,,,,,,,,,,,,,,,,,,,,,,,,,,,,,,,,,,,,,,,,,,,,,,,,
42,16,10,51,S18,False,0,9,9,0,11,0,0,0,0,"['B745', 'B684', 'B232', 'B638', 'B729', 'B260', 'B685', 'B166', 'B448', 'B507', 'B384']",5.5,S26,7.46,11,9,20,0.0,,-0.334698,-5.278612,-5.61331,False,False,12,S26,False,6,0.4817,pickup,,,,,,,,,,,,,,,,,,,,,,,,,,,,,,,,,,,,,,,,,,,,,,,,,,,,
42,16,11,4,S26,False,11,9,20,11,0,0,0,0,0,"['B745', 'B684', 'B232', 'B638', 'B729', 'B260', 'B685', 'B166', 'B448', 'B507', 'B384']",5.5,S40,5.09,0,9,9,0.0,,-0.354979,-5.298194,-5.653174,False,False,12,S66,True,8,0.4705,delivery,,,,,,,,,,,,,,,,,,,,,,,,,,,,,,,,,,,,,,,,,,,,,,,,,,,,
42,16,11,15,S40,False,0,9,9,0,8,0,0,0,0,"['B679', 'B741', 'B380', 'B667', 'B623', 'B108', 'B402', 'B93']",4.0,S66,3.42,8,9,17,0.0,,-0.807764,-5.29179,-6.099555,True,False,72,S32,True,24,2.6183,pickup,,,,,,,,,,,,,,,,,,,,,,,,,,,,,,,,,,,,,,,,,,,,,,,,,,,,
42,16,11,22,S66,False,8,9,17,8,0,0,0,0,0,"['B679', 'B741', 'B380', 'B667', 'B623', 'B108', 'B402', 'B93']",4.0,S55,6.13,0,9,9,0.0,,-0.727978,-5.318351,-6.04633,False,False,12,S4,True,6,0.3922,delivery,,,,,,,,,,,,,,,,,,,,,,,,,,,,,,,,,,,,,,,,,,,,,,,,,,,,
42,16,11,32,S55,False,0,9,9,0,0,0,2,0,0,"['B399', 'B188']",1.0,S10,2.1,0,11,11,0.0,,-0.393927,-5.268631,-5.662558,True,True,24,S32,True,15,0.6625,do_nothing+depot_removal,,,,,,,,,,,,,,,,,,,,,,,,,,,,,,,,,,,,,,,,,,,,,,,,,,,,
42,16,11,35,S10,False,0,11,11,0,9,0,0,0,0,"['B321', 'B104', 'B126', 'B394', 'B72', 'B364', 'B46', 'B682', 'B53']",4.5,S61,5.09,9,11,20,0.0,,-0.571527,-5.303061,-5.874588,False,False,12,S41,True,10,0.5367,pickup,,,,,,,,,,,,,,,,,,,,,,,,,,,,,,,,,,,,,,,,,,,,,,,,,,,,
42,16,11,45,S61,False,9,11,20,9,0,0,0,0,0,"['B321', 'B104', 'B126', 'B394', 'B72', 'B364', 'B46', 'B682', 'B53']",4.5,S32,5.42,0,11,11,0.0,,-0.45249,-5.308393,-5.760884,True,False,24,S57,True,7,0.6298,delivery,,,,,,,,,,,,,,,,,,,,,,,,,,,,,,,,,,,,,,,,,,,,,,,,,,,,
42,16,11,55,S32,False,0,11,11,0,9,0,0,0,0,"['B330', 'B324', 'B758', 'B96', 'B493', 'B501', 'B332', 'B597', 'B528']",4.5,S41,7.65,9,11,20,0.0,,-0.808917,-5.310931,-6.119847,False,False,12,S57,True,7,0.5596,pickup,,,,,,,,,,,,,,,,,,,,,,,,,,,,,,,,,,,,,,,,,,,,,,,,,,,,
42,16,12,7,S41,False,9,11,20,0,0,1,0,0,0,[],3.0,S63,5.29,9,11,20,0.0,,-0.607979,-5.273646,-5.881625,True,True,24,S57,True,10,0.7694,do_nothing+onsite,,,,,,,,,,,,,,,,,,,,,,,,,,,,,,,,,,,,,,,,,,,,,,,,,,,,
42,16,12,15,S63,False,9,11,20,9,0,0,0,0,0,"['B330', 'B324', 'B758', 'B96', 'B493', 'B501', 'B332', 'B597', 'B528']",4.5,S52,1.26,0,11,11,0.0,,-0.275778,-5.273136,-5.548914,False,False,12,S57,True,10,0.3305,delivery,,,,,,,,,,,,,,,,,,,,,,,,,,,,,,,,,,,,,,,,,,,,,,,,,,,,
42,16,12,21,S52,False,0,11,11,0,9,0,0,0,0,"['B691', 'B593', 'B19', 'B204', 'B714', 'B348', 'B406', 'B736', 'B307']",4.5,S57,6.39,9,11,20,0.0,,-0.335199,-5.264828,-5.600027,False,False,18,S55,True,13,0.5387,pickup,,,,,,,,,,,,,,,,,,,,,,,,,,,,,,,,,,,,,,,,,,,,,,,,,,,,
42,16,12,32,S57,False,9,11,20,9,0,0,0,0,0,"['B691', 'B593', 'B19', 'B204', 'B714', 'B348', 'B406', 'B736', 'B307']",4.5,S11,3.31,0,11,11,0.0,,-0.313825,-5.273433,-5.587258,True,False,18,S53,True,9,0.6917,delivery,,,,,,,,,,,,,,,,,,,,,,,,,,,,,,,,,,,,,,,,,,,,,,,,,,,,
42,16,12,40,S11,False,0,11,11,0,0,0,1,0,0,['B479'],0.5,S53,7.87,0,12,12,0.0,,-0.257109,-5.284325,-5.541435,True,True,162,S53,True,6,5.7004,do_nothing+depot_removal,,,,,,,,,,,,,,,,,,,,,,,,,,,,,,,,,,,,,,,,,,,,,,,,,,,,
42,16,12,48,S53,False,0,12,12,0,8,0,0,0,0,"['B87', 'B407', 'B314', 'B562', 'B256', 'B354', 'B20', 'B116']",4.0,S35,5.18,8,12,20,0.0,,-0.906426,-5.34536,-6.251787,True,False,36,S16,True,27,0.8504,pickup,,,,,,,,,,,,,,,,,,,,,,,,,,,,,,,,,,,,,,,,,,,,,,,,,,,,
42,16,12,57,S35,False,8,12,20,8,0,0,0,0,0,"['B87', 'B407', 'B314', 'B562', 'B256', 'B354', 'B20', 'B116']",4.0,S66,8.23,0,12,12,0.0,,-0.787346,-5.306716,-6.094062,True,False,36,S6,True,14,1.3054,delivery,,,,,,,,,,,,,,,,,,,,,,,,,,,,,,,,,,,,,,,,,,,,,,,,,,,,
42,16,13,10,S66,False,0,12,12,0,8,0,0,0,0,"['B667', 'B623', 'B108', 'B402', 'B93', 'B749', 'B720', 'B291']",4.0,S15,3.2,8,12,20,0.0,,-1.283743,-5.305522,-6.589265,False,False,12,S16,True,6,0.2841,pickup,,,,,,,,,,,,,,,,,,,,,,,,,,,,,,,,,,,,,,,,,,,,,,,,,,,,
42,16,13,17,S15,False,8,12,20,8,0,0,0,0,0,"['B667', 'B623', 'B108', 'B402', 'B93', 'B749', 'B720', 'B291']",4.0,S43,5.75,0,12,12,0.0,,-1.238638,-5.241254,-6.479892,False,False,12,S62,True,7,0.2673,delivery,,,,,,,,,,,,,,,,,,,,,,,,,,,,,,,,,,,,,,,,,,,,,,,,,,,,
42,16,13,27,S43,False,0,12,12,0,8,0,0,0,0,"['B624', 'B610', 'B396', 'B378', 'B36', 'B142', 'B607', 'B100']",4.0,S50,7.18,8,12,20,0.0,,-0.885326,-5.260348,-6.145674,False,False,12,S44,True,7,0.4225,pickup,,,,,,,,,,,,,,,,,,,,,,,,,,,,,,,,,,,,,,,,,,,,,,,,,,,,
42,16,13,38,S50,False,8,12,20,0,0,0,0,0,0,[],0.0,S54,2.71,8,12,20,0.0,,-1.159941,-5.308316,-6.468257,True,False,18,S54,False,3,0.5814,do_nothing,,,,,,,,,,,,,,,,,,,,,,,,,,,,,,,,,,,,,,,,,,,,,,,,,,,,
42,16,13,40,S54,False,8,12,20,8,0,0,0,0,0,"['B624', 'B610', 'B396', 'B378', 'B36', 'B142', 'B607', 'B100']",4.0,S51,6.18,0,12,12,0.0,,-1.020918,-5.283628,-6.304546,False,False,12,S60,True,7,0.3769,delivery,,,,,,,,,,,,,,,,,,,,,,,,,,,,,,,,,,,,,,,,,,,,,,,,,,,,
42,16,13,51,S51,False,0,12,12,0,0,0,1,0,0,['B435'],0.5,S60,7.5,0,13,13,0.0,,-1.179513,-5.299364,-6.478877,True,True,36,S60,False,7,1.0356,do_nothing+depot_removal,,,,,,,,,,,,,,,,,,,,,,,,,,,,,,,,,,,,,,,,,,,,,,,,,,,,
42,16,13,59,S60,False,0,13,13,0,7,0,0,0,0,"['B374', 'B281', 'B574', 'B512', 'B339', 'B51', 'B119']",3.5,S44,4.0,7,13,20,0.0,,-1.592354,-5.332899,-6.925253,False,False,12,S26,True,7,0.3066,pickup,,,,,,,,,,,,,,,,,,,,,,,,,,,,,,,,,,,,,,,,,,,,,,,,,,,,
42,16,14,6,S44,False,7,13,20,7,0,0,0,0,0,"['B374', 'B281', 'B574', 'B512', 'B339', 'B51', 'B119']",3.5,S12,5.82,0,13,13,0.0,,-1.13761,-5.304538,-6.442148,True,False,18,S12,True,6,0.4285,delivery,,,,,,,,,,,,,,,,,,,,,,,,,,,,,,,,,,,,,,,,,,,,,,,,,,,,
42,16,14,15,S12,False,0,13,13,0,7,0,0,0,0,"['B439', 'B175', 'B498', 'B288', 'B481', 'B642', 'B350']",3.5,S26,13.22,7,13,20,0.0,,-0.845708,-5.326007,-6.171715,True,False,48,S26,False,36,1.519,pickup,,,,,,,,,,,,,,,,,,,,,,,,,,,,,,,,,,,,,,,,,,,,,,,,,,,,
42,16,14,32,S26,False,7,13,20,7,0,0,0,0,0,"['B439', 'B175', 'B498', 'B288', 'B481', 'B642', 'B350']",3.5,S48,11.62,0,13,13,0.0,,-0.669299,-5.277013,-5.946312,False,False,12,S52,True,6,0.2429,delivery,,,,,,,,,,,,,,,,,,,,,,,,,,,,,,,,,,,,,,,,,,,,,,,,,,,,
42,16,14,47,S48,False,0,13,13,0,7,0,0,0,0,"['B475', 'B555', 'B478', 'B324', 'B16', 'B423', 'B663']",3.5,S52,5.29,7,13,20,0.0,,-0.531284,-5.336712,-5.867996,False,False,12,S59,True,10,0.3485,pickup,,,,,,,,,,,,,,,,,,,,,,,,,,,,,,,,,,,,,,,,,,,,,,,,,,,,
42,16,14,56,S52,False,7,13,20,0,0,0,0,0,0,[],0.0,S32,3.72,7,13,20,0.0,,-0.867679,-5.311322,-6.179001,False,False,12,S32,False,4,0.3861,do_nothing,,,,,,,,,,,,,,,,,,,,,,,,,,,,,,,,,,,,,,,,,,,,,,,,,,,,
42,16,15,0,S32,False,7,13,20,7,0,0,0,0,0,"['B475', 'B555', 'B478', 'B324', 'B16', 'B423', 'B663']",3.5,S19,4.87,0,13,13,0.0,,-0.786652,-5.276115,-6.062767,False,False,12,S35,True,9,0.3641,delivery,,,,,,,,,,,,,,,,,,,,,,,,,,,,,,,,,,,,,,,,,,,,,,,,,,,,
42,16,15,8,S19,False,0,13,13,0,0,0,1,0,0,['B336'],0.5,S60,8.7,0,14,14,0.0,,-0.867333,-5.294426,-6.161759,True,True,108,S43,True,7,3.3513,do_nothing+depot_removal,,,,,,,,,,,,,,,,,,,,,,,,,,,,,,,,,,,,,,,,,,,,,,,,,,,,
42,16,15,17,S60,False,0,14,14,0,6,0,0,0,0,"['B433', 'B551', 'B92', 'B143', 'B79', 'B534']",3.0,S35,9.21,6,14,20,0.0,,-0.824089,-5.307554,-6.131643,False,False,12,S43,True,10,0.3589,pickup,,,,,,,,,,,,,,,,,,,,,,,,,,,,,,,,,,,,,,,,,,,,,,,,,,,,
42,16,15,30,S35,False,6,14,20,6,0,1,0,0,0,"['B433', 'B551', 'B92', 'B143', 'B79', 'B534']",6.0,S43,7.26,0,14,14,0.0,,-1.006304,-5.229058,-6.235362,True,True,36,S53,True,25,0.7931,delivery+onsite,,,,,,,,,,,,,,,,,,,,,,,,,,,,,,,,,,,,,,,,,,,,,,,,,,,,
42,16,15,43,S43,False,0,14,14,0,6,0,0,0,0,"['B516', 'B450', 'B223', 'B237', 'B740', 'B765']",3.0,S55,4.24,6,14,20,0.0,,-0.98548,-5.26408,-6.24956,False,False,12,S16,True,6,0.3369,pickup,,,,,,,,,,,,,,,,,,,,,,,,,,,,,,,,,,,,,,,,,,,,,,,,,,,,
42,16,15,50,S55,False,6,14,20,6,0,0,0,0,0,"['B516', 'B450', 'B223', 'B237', 'B740', 'B765']",3.0,S16,3.87,0,14,14,0.0,,-1.028234,-5.247281,-6.275515,False,False,12,S29,True,8,0.3532,delivery,,,,,,,,,,,,,,,,,,,,,,,,,,,,,,,,,,,,,,,,,,,,,,,,,,,,
42,16,15,57,S16,False,0,14,14,0,6,0,0,0,0,"['B361', 'B654', 'B767', 'B614', 'B359', 'B90']",3.0,S26,7.94,6,14,20,0.0,,-0.788089,-5.264397,-6.052486,True,False,24,S26,False,12,0.6376,pickup,,,,,,,,,,,,,,,,,,,,,,,,,,,,,,,,,,,,,,,,,,,,,,,,,,,,
42,16,16,8,S26,False,6,14,20,6,0,0,0,0,0,"['B361', 'B654', 'B767', 'B614', 'B359', 'B90']",3.0,S51,11.22,0,14,14,0.0,,-0.827139,-5.256634,-6.083774,False,False,12,S27,True,10,0.2987,delivery,,,,,,,,,,,,,,,,,,,,,,,,,,,,,,,,,,,,,,,,,,,,,,,,,,,,
42,16,16,22,S51,False,0,14,14,0,6,1,0,0,0,"['B575', 'B670', 'B220', 'B751', 'B36', 'B111']",6.0,S59,5.65,6,14,20,0.0,,-0.433461,-5.221376,-5.654837,True,True,24,S4,True,20,0.6014,pickup+onsite,,,,,,,,,,,,,,,,,,,,,,,,,,,,,,,,,,,,,,,,,,,,,,,,,,,,
42,16,16,34,S59,False,6,14,20,6,0,0,0,0,0,"['B575', 'B670', 'B220', 'B751', 'B36', 'B111']",3.0,S30,3.9,0,14,14,0.0,,-0.353528,-5.224164,-5.577692,True,False,24,S64,True,10,0.5794,delivery,,,,,,,,,,,,,,,,,,,,,,,,,,,,,,,,,,,,,,,,,,,,,,,,,,,,
42,16,16,41,S30,False,0,14,14,0,0,0,0,0,0,[],0.0,S62,4.79,0,14,14,0.0,,-0.710299,-5.232534,-5.942833,False,False,12,S4,True,1,0.2642,do_nothing,,,,,,,,,,,,,,,,,,,,,,,,,,,,,,,,,,,,,,,,,,,,,,,,,,,,
42,16,16,45,S62,False,0,14,14,0,0,0,0,0,0,[],0.0,S4,2.49,0,14,14,0.0,,-0.650529,-5.259244,-5.909773,False,False,12,S4,False,2,0.2642,do_nothing,,,,,,,,,,,,,,,,,,,,,,,,,,,,,,,,,,,,,,,,,,,,,,,,,,,,
42,16,16,48,S4,False,0,14,14,0,0,0,0,0,0,[],0.0,S19,6.61,0,14,14,0.0,,-0.649972,-5.285479,-5.935451,False,False,12,S29,True,4,0.2673,do_nothing,,,,,,,,,,,,,,,,,,,,,,,,,,,,,,,,,,,,,,,,,,,,,,,,,,,,
42,16,16,55,S19,False,0,14,14,0,6,1,0,0,0,"['B140', 'B518', 'B181', 'B163', 'B58', 'B679']",6.0,S55,6.04,6,14,20,0.0,,-0.808117,-5.280738,-6.088855,True,True,36,S60,True,25,0.908,pickup+onsite,,,,,,,,,,,,,,,,,,,,,,,,,,,,,,,,,,,,,,,,,,,,,,,,,,,,
42,16,17,7,S55,False,6,14,20,6,0,0,0,0,0,"['B140', 'B518', 'B181', 'B163', 'B58', 'B679']",3.0,S60,6.87,0,14,14,0.0,,-0.667451,-5.256397,-5.923848,False,False,12,S10,True,6,0.2706,delivery,,,,,,,,,,,,,,,,,,,,,,,,,,,,,,,,,,,,,,,,,,,,,,,,,,,,
42,16,17,16,S60,False,0,14,14,0,6,0,0,0,0,"['B536', 'B215', 'B618', 'B84', 'B147', 'B386']",3.0,S34,5.52,6,14,20,0.0,,-0.492995,-5.236461,-5.729456,False,False,12,S34,False,6,0.2556,pickup,,,,,,,,,,,,,,,,,,,,,,,,,,,,,,,,,,,,,,,,,,,,,,,,,,,,
42,16,17,25,S34,False,6,14,20,6,0,1,0,0,0,"['B536', 'B215', 'B618', 'B84', 'B147', 'B386']",6.0,S62,2.8,0,14,14,0.0,,-0.57203,-5.241025,-5.813055,True,True,48,S6,True,30,1.1902,delivery+onsite,,,,,,,,,,,,,,,,,,,,,,,,,,,,,,,,,,,,,,,,,,,,,,,,,,,,
42,16,17,34,S62,False,0,14,14,0,6,0,0,0,0,"['B63', 'B556', 'B544', 'B665', 'B624', 'B259']",3.0,S8,13.2,6,14,20,0.0,,-0.413792,-5.208555,-5.622347,False,False,12,S27,True,10,0.2568,pickup,,,,,,,,,,,,,,,,,,,,,,,,,,,,,,,,,,,,,,,,,,,,,,,,,,,,
42,16,17,50,S8,False,6,14,20,0,0,1,0,0,0,[],3.0,S35,7.6,6,14,20,0.0,,-0.31508,-5.265788,-5.580867,True,True,24,S42,True,7,0.4659,do_nothing+onsite,,,,,,,,,,,,,,,,,,,,,,,,,,,,,,,,,,,,,,,,,,,,,,,,,,,,
42,16,18,1,S35,False,6,14,20,0,0,0,0,0,0,[],0.0,S50,1.61,6,14,20,0.0,,-0.531029,-5.279299,-5.810329,True,False,18,S50,False,2,0.3317,do_nothing,,,,,,,,,,,,,,,,,,,,,,,,,,,,,,,,,,,,,,,,,,,,,,,,,,,,
42,16,18,2,S50,False,6,14,20,0,0,0,0,0,0,[],0.0,S20,12.44,6,14,20,0.0,,-0.255156,-5.312407,-5.567563,True,False,18,S20,False,3,0.3232,do_nothing,,,,,,,,,,,,,,,,,,,,,,,,,,,,,,,,,,,,,,,,,,,,,,,,,,,,
42,16,18,15,S20,False,6,14,20,0,0,0,0,0,0,[],0.0,S39,9.4,6,14,20,0.0,,-0.375202,-5.298077,-5.673278,False,False,12,S60,True,0,0.2444,do_nothing,,,,,,,,,,,,,,,,,,,,,,,,,,,,,,,,,,,,,,,,,,,,,,,,,,,,
42,16,18,24,S39,False,6,14,20,6,0,1,0,0,0,"['B63', 'B556', 'B544', 'B665', 'B624', 'B259']",6.0,S37,3.55,0,14,14,0.0,,-0.453039,-5.33026,-5.783298,True,True,24,S20,True,19,0.4666,delivery+onsite,,,,,,,,,,,,,,,,,,,,,,,,,,,,,,,,,,,,,,,,,,,,,,,,,,,,
42,16,18,34,S37,False,0,14,14,0,6,0,0,0,0,"['B429', 'B182', 'B396', 'B690', 'B338', 'B509']",3.0,S29,6.23,6,14,20,0.0,,-0.554206,-5.334636,-5.888842,False,False,12,S49,True,8,0.2389,pickup,,,,,,,,,,,,,,,,,,,,,,,,,,,,,,,,,,,,,,,,,,,,,,,,,,,,
42,16,18,43,S29,False,6,14,20,0,0,0,0,0,0,[],0.0,S1,2.42,6,14,20,0.0,,-0.415293,-5.304114,-5.719406,False,False,12,S1,False,4,0.2502,do_nothing,,,,,,,,,,,,,,,,,,,,,,,,,,,,,,,,,,,,,,,,,,,,,,,,,,,,
42,16,18,45,S1,False,6,14,20,0,0,0,0,0,0,[],0.0,S35,0.53,6,14,20,0.0,,-0.533631,-5.327936,-5.861568,False,False,12,S35,False,1,0.2422,do_nothing,,,,,,,,,,,,,,,,,,,,,,,,,,,,,,,,,,,,,,,,,,,,,,,,,,,,
42,16,18,46,S35,False,6,14,20,0,0,0,0,0,0,[],0.0,S50,1.61,6,14,20,0.0,,-0.633356,-5.344432,-5.977787,True,False,18,S60,True,4,0.3597,do_nothing,,,,,,,,,,,,,,,,,,,,,,,,,,,,,,,,,,,,,,,,,,,,,,,,,,,,
42,16,18,47,S50,False,6,14,20,0,0,0,0,0,0,[],0.0,S8,8.46,6,14,20,0.0,,-0.395571,-5.321282,-5.716852,True,False,18,S1,True,2,0.3651,do_nothing,,,,,,,,,,,,,,,,,,,,,,,,,,,,,,,,,,,,,,,,,,,,,,,,,,,,
42,16,18,56,S8,False,6,14,20,6,0,0,0,0,0,"['B429', 'B182', 'B396', 'B690', 'B338', 'B509']",3.0,S62,13.2,0,14,14,0.0,,-0.55296,-5.314352,-5.867311,False,False,12,S60,True,8,0.3434,delivery,,,,,,,,,,,,,,,,,,,,,,,,,,,,,,,,,,,,,,,,,,,,,,,,,,,,
42,16,19,12,S62,False,0,14,14,0,6,0,0,0,0,"['B158', 'B177', 'B627', 'B118', 'B233', 'B239']",3.0,S29,3.79,6,14,20,0.0,,-0.414795,-5.233995,-5.64879,False,False,12,S45,True,7,0.276,pickup,,,,,,,,,,,,,,,,,,,,,,,,,,,,,,,,,,,,,,,,,,,,,,,,,,,,
42,16,19,19,S29,False,6,14,20,6,0,0,0,0,0,"['B158', 'B177', 'B627', 'B118', 'B233', 'B239']",3.0,S43,5.89,0,14,14,0.0,,-0.45404,-5.22353,-5.677569,False,False,12,S35,True,10,0.2658,delivery,,,,,,,,,,,,,,,,,,,,,,,,,,,,,,,,,,,,,,,,,,,,,,,,,,,,
42,16,19,28,S43,False,0,14,14,0,6,0,0,0,0,"['B756', 'B421', 'B727', 'B557', 'B723', 'B255']",3.0,S19,4.28,6,14,20,0.0,,-0.27613,-5.19197,-5.4681,False,False,11,S12,True,9,0.2628,pickup,,,,,,,,,,,,,,,,,,,,,,,,,,,,,,,,,,,,,,,,,,,,,,,,,,,,
42,16,19,35,S19,False,6,14,20,6,0,0,0,0,0,"['B756', 'B421', 'B727', 'B557', 'B723', 'B255']",3.0,S12,1.21,0,14,14,0.0,,-0.196987,-5.223176,-5.420163,True,False,17,S45,True,7,0.4141,delivery,,,,,,,,,,,,,,,,,,,,,,,,,,,,,,,,,,,,,,,,,,,,,,,,,,,,
42,16,19,39,S12,False,0,14,14,0,0,0,1,0,0,['B466'],0.5,S63,5.44,0,15,15,0.0,,-0.315525,-5.213126,-5.528651,True,True,25,S51,True,9,0.6165,do_nothing+depot_removal,,,,,,,,,,,,,,,,,,,,,,,,,,,,,,,,,,,,,,,,,,,,,,,,,,,,
42,16,19,45,S63,False,0,15,15,0,0,0,0,0,0,[],0.0,S16,0.31,0,15,15,0.0,,-0.313831,-5.230537,-5.544368,False,False,6,D0,True,3,0.1919,do_nothing,,,,,,,,,,,,,,,,,,,,,,,,,,,,,,,,,,,,,,,,,,,,,,,,,,,,
42,16,19,45,S16,False,0,15,15,0,0,0,0,0,0,[],0.0,S63,0.31,0,15,15,0.0,,-0.236882,-5.212465,-5.449347,True,False,8,S63,False,0,0.1989,do_nothing,,,,,,,,,,,,,,,,,,,,,,,,,,,,,,,,,,,,,,,,,,,,,,,,,,,,
42,16,19,46,S63,False,0,15,15,0,0,0,0,0,0,[],0.0,S43,0.64,0,15,15,0.0,,-0.315572,-5.218472,-5.534044,False,False,6,D0,True,2,0.1452,do_nothing,,,,,,,,,,,,,,,,,,,,,,,,,,,,,,,,,,,,,,,,,,,,,,,,,,,,
42,16,19,46,S43,False,0,15,15,0,0,0,0,0,0,[],0.0,S63,0.64,0,15,15,0.0,,-0.15779,-5.230949,-5.388739,False,False,3,S63,False,0,0.0808,do_nothing,,,,,,,,,,,,,,,,,,,,,,,,,,,,,,,,,,,,,,,,,,,,,,,,,,,,
42,16,19,47,S63,False,0,15,15,0,5,0,0,0,0,"['B280', 'B121', 'B231', 'B358', 'B196']",2.5,D0,1.87,5,15,20,0.0,,-0.138165,-5.243312,-5.381477,False,False,3,D0,False,2,0.0944,pickup,,,,,,,,,,,,,,,,,,,,,,,,,,,,,,,,,,,,,,,,,,,,,,,,,,,,
42,16,19,51,D0,True,5,15,20,0,0,0,0,15,0,"['B547', 'B611', 'B502', 'B234', 'B272', 'B584', 'B460', 'B425', 'B634', 'B399', 'B188', 'B479', 'B435', 'B336', 'B466']",7.5,D0,0.0,5,0,5,0.0,,-0.294897,-5.259195,-5.554092,True,True,1,D0,False,0,0.0379,do_nothing,,,,,,,,,,,,,,,,,,,,,,,,,,,,,,,,,,,,,,,,,,,,,,,,,,,,
42,17,6,14,D0,True,5,0,5,0,0,0,0,0,14,"['B464', 'B757', 'B308', 'B326', 'B345', 'B576', 'B40', 'B211', 'B716', 'B365', 'B434', 'B565', 'B655', 'B120']",7.0,S40,0.66,19,0,19,0.0,,-2.6432,-5.40836,-8.051561,True,True,5,S40,False,1,0.2021,load_queue,,,,,,,,,,,,,,,,,,,,,,,,,,,,,,,,,,,,,,,,,,,,,,,,,,,,
42,17,6,37,S40,False,19,0,19,13,0,0,0,0,0,"['B280', 'B121', 'B231', 'B358', 'B196', 'B464', 'B757', 'B308', 'B326', 'B345', 'B576', 'B40', 'B211']",6.5,S54,2.17,6,0,6,0.0,,-2.454176,-5.442997,-7.897173,True,False,72,S66,True,52,1.5476,delivery,,,,,,,,,,,,,,,,,,,,,,,,,,,,,,,,,,,,,,,,,,,,,,,,,,,,
42,17,6,45,S54,False,6,0,6,0,14,0,0,0,0,"['B644', 'B162', 'B277', 'B506', 'B549', 'B364', 'B99', 'B135', 'B727', 'B10', 'B590', 'B447', 'B528', 'B401']",7.0,S48,6.34,20,0,20,0.0,,-2.055413,-5.451617,-7.50703,False,False,12,S48,False,10,0.2363,pickup,,,,,,,,,,,,,,,,,,,,,,,,,,,,,,,,,,,,,,,,,,,,,,,,,,,,
42,17,6,59,S48,False,20,0,20,17,0,0,0,0,0,"['B716', 'B365', 'B434', 'B565', 'B655', 'B120', 'B644', 'B162', 'B277', 'B506', 'B549', 'B364', 'B99', 'B135', 'B727', 'B10', 'B590']",8.5,S39,7.99,3,0,3,0.0,,-1.810914,-5.458872,-7.269786,False,False,12,S65,True,6,0.3441,delivery,,,,,,,,,,,,,,,,,,,,,,,,,,,,,,,,,,,,,,,,,,,,,,,,,,,,
42,17,7,15,S39,False,3,0,3,0,13,0,0,0,0,"['B463', 'B732', 'B160', 'B726', 'B240', 'B157', 'B658', 'B249', 'B523', 'B273', 'B373', 'B647', 'B521']",6.5,S65,5.08,16,0,16,0.0,,-1.403063,-5.430178,-6.833241,False,False,18,S66,True,10,0.5663,pickup,,,,,,,,,,,,,,,,,,,,,,,,,,,,,,,,,,,,,,,,,,,,,,,,,,,,
42,17,7,27,S65,False,16,0,16,16,0,0,0,0,0,"['B447', 'B528', 'B401', 'B463', 'B732', 'B160', 'B726', 'B240', 'B157', 'B658', 'B249', 'B523', 'B273', 'B373', 'B647', 'B521']",8.0,S44,6.93,0,0,0,0.0,,-1.065918,-5.410598,-6.476516,False,False,12,S38,True,10,0.3151,delivery,,,,,,,,,,,,,,,,,,,,,,,,,,,,,,,,,,,,,,,,,,,,,,,,,,,,
42,17,7,42,S44,False,0,0,0,0,11,0,1,0,0,"['B123', 'B137', 'B102', 'B743', 'B54', 'B298', 'B230', 'B418', 'B330', 'B235', 'B0', 'B579']",6.0,S66,3.92,11,1,12,0.0,,-1.282015,-5.343245,-6.62526,True,True,54,S3,True,28,1.2867,pickup+depot_removal,,,,,,,,,,,,,,,,,,,,,,,,,,,,,,,,,,,,,,,,,,,,,,,,,,,,
42,17,7,51,S66,False,11,1,12,11,0,0,0,0,0,"['B123', 'B137', 'B102', 'B743', 'B54', 'B298', 'B230', 'B418', 'B330', 'B235', 'B0']",5.5,S3,7.38,0,1,1,0.0,,-1.126447,-5.342151,-6.468598,False,False,12,S38,True,6,0.3378,delivery,,,,,,,,,,,,,,,,,,,,,,,,,,,,,,,,,,,,,,,,,,,,,,,,,,,,
42,17,8,4,S3,False,0,1,1,0,8,0,0,0,0,"['B648', 'B360', 'B145', 'B21', 'B180', 'B304', 'B517', 'B456']",4.0,S54,2.56,8,1,9,0.0,,-0.985032,-5.283758,-6.268789,False,False,18,S32,True,10,0.5125,pickup,,,,,,,,,,,,,,,,,,,,,,,,,,,,,,,,,,,,,,,,,,,,,,,,,,,,
42,17,8,11,S54,False,8,1,9,0,11,1,0,0,0,"['B510', 'B462', 'B755', 'B438', 'B711', 'B108', 'B356', 'B57', 'B715', 'B570', 'B276']",8.5,S29,1.43,19,1,20,0.0,,-0.867543,-5.297176,-6.164719,True,True,24,S61,True,18,0.5832,pickup+onsite,,,,,,,,,,,,,,,,,,,,,,,,,,,,,,,,,,,,,,,,,,,,,,,,,,,,
42,17,8,21,S29,False,19,1,20,14,0,0,0,0,0,"['B648', 'B360', 'B145', 'B21', 'B180', 'B304', 'B517', 'B456', 'B510', 'B462', 'B755', 'B438', 'B711', 'B108']",7.0,S15,3.9,5,1,6,0.0,,-0.770066,-5.311416,-6.081482,False,False,18,S26,True,13,0.6561,delivery,,,,,,,,,,,,,,,,,,,,,,,,,,,,,,,,,,,,,,,,,,,,,,,,,,,,
42,17,8,32,S15,False,5,1,6,5,0,0,0,0,0,"['B356', 'B57', 'B715', 'B570', 'B276']",2.5,S37,4.99,0,1,1,0.0,,-0.709703,-5.270945,-5.980649,False,False,12,S36,True,6,0.3574,delivery,,,,,,,,,,,,,,,,,,,,,,,,,,,,,,,,,,,,,,,,,,,,,,,,,,,,
42,17,8,39,S37,False,0,1,1,0,19,0,0,0,0,"['B23', 'B322', 'B191', 'B347', 'B56', 'B499', 'B143', 'B736', 'B662', 'B538', 'B677', 'B627', 'B637', 'B352', 'B470', 'B624', 'B603', 'B221', 'B43']",9.5,S50,7.46,19,1,20,0.0,,-0.846617,-5.284278,-6.130894,False,False,12,S50,False,6,0.3856,pickup,,,,,,,,,,,,,,,,,,,,,,,,,,,,,,,,,,,,,,,,,,,,,,,,,,,,
42,17,8,56,S50,False,19,1,20,15,0,0,1,0,0,"['B440', 'B23', 'B322', 'B191', 'B347', 'B56', 'B499', 'B143', 'B736', 'B662', 'B538', 'B677', 'B627', 'B637', 'B352', 'B470']",8.0,S36,7.14,4,2,6,0.0,,-0.512759,-5.274173,-5.786932,True,True,30,S26,True,26,1.281,delivery+depot_removal,,,,,,,,,,,,,,,,,,,,,,,,,,,,,,,,,,,,,,,,,,,,,,,,,,,,
42,17,9,11,S36,False,4,2,6,0,0,0,1,0,0,['B692'],0.5,S63,3.15,4,3,7,0.0,,-0.769412,-5.319333,-6.088745,True,True,36,S63,True,6,1.0781,do_nothing+depot_removal,,,,,,,,,,,,,,,,,,,,,,,,,,,,,,,,,,,,,,,,,,,,,,,,,,,,
42,17,9,15,S63,False,4,3,7,0,13,0,0,0,0,"['B150', 'B765', 'B585', 'B581', 'B172', 'B758', 'B568', 'B27', 'B254', 'B69', 'B177', 'B349', 'B695']",6.5,S34,5.11,17,3,20,0.0,,-1.026771,-5.314996,-6.341767,False,False,12,S44,True,7,0.3376,pickup,,,,,,,,,,,,,,,,,,,,,,,,,,,,,,,,,,,,,,,,,,,,,,,,,,,,
42,17,9,27,S34,False,17,3,20,14,0,0,0,0,0,"['B624', 'B603', 'B221', 'B43', 'B150', 'B765', 'B585', 'B581', 'B172', 'B758', 'B568', 'B27', 'B254', 'B69']",7.0,S15,1.5,3,3,6,0.0,,-0.807361,-5.315842,-6.123203,True,False,42,S15,False,24,1.2255,delivery,,,,,,,,,,,,,,,,,,,,,,,,,,,,,,,,,,,,,,,,,,,,,,,,,,,,
42,17,9,35,S15,False,3,3,6,3,0,0,0,0,0,"['B177', 'B349', 'B695']",1.5,S32,5.59,0,3,3,0.0,,-0.432618,-5.320136,-5.752755,False,False,12,S55,True,7,0.3495,delivery,,,,,,,,,,,,,,,,,,,,,,,,,,,,,,,,,,,,,,,,,,,,,,,,,,,,
42,17,9,42,S32,False,0,3,3,0,13,1,0,0,0,"['B652', 'B622', 'B86', 'B383', 'B414', 'B175', 'B496', 'B82', 'B483', 'B696', 'B587', 'B577', 'B478']",9.5,S27,5.96,13,3,16,0.0,,-0.47567,-5.338233,-5.813904,True,True,36,S27,True,18,1.1627,pickup+onsite,,,,,,,,,,,,,,,,,,,,,,,,,,,,,,,,,,,,,,,,,,,,,,,,,,,,
42,17,9,58,S27,False,13,3,16,13,0,0,0,0,0,"['B652', 'B622', 'B86', 'B383', 'B414', 'B175', 'B496', 'B82', 'B483', 'B696', 'B587', 'B577', 'B478']",6.5,S37,4.19,0,3,3,0.0,,-0.493287,-5.371229,-5.864516,False,False,12,S55,True,7,0.4252,delivery,,,,,,,,,,,,,,,,,,,,,,,,,,,,,,,,,,,,,,,,,,,,,,,,,,,,
42,17,10,8,S37,False,0,3,3,0,10,0,0,0,0,"['B398', 'B596', 'B719', 'B251', 'B360', 'B664', 'B145', 'B621', 'B554', 'B337']",5.0,S44,1.36,10,3,13,0.0,,-0.413643,-5.351175,-5.764818,False,False,18,S18,True,12,0.8168,pickup,,,,,,,,,,,,,,,,,,,,,,,,,,,,,,,,,,,,,,,,,,,,,,,,,,,,
42,17,10,15,S44,False,10,3,13,9,0,0,1,0,0,"['B475', 'B398', 'B596', 'B719', 'B251', 'B360', 'B664', 'B145', 'B621', 'B554']",5.0,S36,3.62,1,4,5,0.0,,-0.354077,-5.315482,-5.669559,True,True,36,S24,True,19,1.2399,delivery+depot_removal,,,,,,,,,,,,,,,,,,,,,,,,,,,,,,,,,,,,,,,,,,,,,,,,,,,,
42,17,10,23,S36,False,1,4,5,0,12,0,0,0,0,"['B371', 'B79', 'B712', 'B381', 'B700', 'B555', 'B670', 'B335', 'B751', 'B127', 'B133', 'B223']",6.0,S26,10.11,13,4,17,0.0,,-0.652684,-5.322175,-5.974859,False,False,18,S26,False,12,0.7644,pickup,,,,,,,,,,,,,,,,,,,,,,,,,,,,,,,,,,,,,,,,,,,,,,,,,,,,
42,17,10,39,S26,False,13,4,17,0,0,0,0,0,0,[],0.0,S35,6.42,13,4,17,0.0,,-0.805514,-5.391668,-6.197182,False,False,12,S52,True,2,0.485,do_nothing,,,,,,,,,,,,,,,,,,,,,,,,,,,,,,,,,,,,,,,,,,,,,,,,,,,,
42,17,10,46,S35,False,13,4,17,13,0,0,1,0,0,"['B284', 'B337', 'B371', 'B79', 'B712', 'B381', 'B700', 'B555', 'B670', 'B335', 'B751', 'B127', 'B133', 'B223']",7.0,S11,2.71,0,5,5,0.0,,-0.670397,-5.392436,-6.062833,True,True,24,S52,True,18,0.7626,delivery+depot_removal,,,,,,,,,,,,,,,,,,,,,,,,,,,,,,,,,,,,,,,,,,,,,,,,,,,,
42,17,10,56,S11,False,0,5,5,0,14,2,1,0,0,"['B384', 'B514', 'B465', 'B762', 'B756', 'B741', 'B508', 'B515', 'B24', 'B525', 'B601', 'B22', 'B418', 'B482', 'B459']",13.5,S29,4.25,14,6,20,0.0,,-0.809166,-5.435302,-6.244468,True,True,72,S0,True,67,2.0469,pickup+maintenance,,,,,,,,,,,,,,,,,,,,,,,,,,,,,,,,,,,,,,,,,,,,,,,,,,,,
42,17,11,13,S29,False,14,6,20,14,0,0,0,0,0,"['B384', 'B514', 'B465', 'B762', 'B756', 'B741', 'B508', 'B515', 'B24', 'B525', 'B601', 'B22', 'B418', 'B482']",7.0,S52,5.05,0,6,6,0.0,,-0.926161,-5.461505,-6.387666,False,False,12,S3,True,10,0.3099,delivery,,,,,,,,,,,,,,,,,,,,,,,,,,,,,,,,,,,,,,,,,,,,,,,,,,,,
42,17,11,25,S52,False,0,6,6,0,11,0,0,0,0,"['B498', 'B500', 'B211', 'B119', 'B17', 'B274', 'B243', 'B94', 'B262', 'B219', 'B40']",5.5,S53,2.01,11,6,17,0.0,,-0.729177,-5.459461,-6.188638,True,False,72,S33,True,24,1.7657,pickup,,,,,,,,,,,,,,,,,,,,,,,,,,,,,,,,,,,,,,,,,,,,,,,,,,,,
42,17,11,33,S53,False,11,6,17,11,0,0,0,0,0,"['B498', 'B500', 'B211', 'B119', 'B17', 'B274', 'B243', 'B94', 'B262', 'B219', 'B40']",5.5,S33,1.64,0,6,6,0.0,,-0.68802,-5.454404,-6.142425,True,False,48,S44,True,24,1.0589,delivery,,,,,,,,,,,,,,,,,,,,,,,,,,,,,,,,,,,,,,,,,,,,,,,,,,,,
42,17,11,40,S33,False,0,6,6,0,14,0,0,0,0,"['B142', 'B484', 'B295', 'B342', 'B111', 'B415', 'B503', 'B505', 'B259', 'B101', 'B87', 'B264', 'B114', 'B158']",7.0,S26,6.45,14,6,20,0.0,,-0.668804,-5.452648,-6.121451,True,False,18,S55,True,13,0.4434,pickup,,,,,,,,,,,,,,,,,,,,,,,,,,,,,,,,,,,,,,,,,,,,,,,,,,,,
42,17,11,53,S26,False,14,6,20,14,0,0,0,0,0,"['B142', 'B484', 'B295', 'B342', 'B111', 'B415', 'B503', 'B505', 'B259', 'B101', 'B87', 'B264', 'B114', 'B158']",7.0,S51,11.22,0,6,6,0.0,,-1.165343,-5.433106,-6.598449,False,False,12,S3,True,10,0.2762,delivery,,,,,,,,,,,,,,,,,,,,,,,,,,,,,,,,,,,,,,,,,,,,,,,,,,,,
42,17,12,12,S51,False,0,6,6,0,13,0,0,0,0,"['B527', 'B572', 'B269', 'B50', 'B314', 'B495', 'B63', 'B107', 'B531', 'B653', 'B55', 'B720', 'B39']",6.5,S17,13.23,13,6,19,0.0,,-1.339405,-5.378648,-6.718053,False,False,18,S62,True,9,0.5266,pickup,,,,,,,,,,,,,,,,,,,,,,,,,,,,,,,,,,,,,,,,,,,,,,,,,,,,
42,17,12,31,S17,False,13,6,19,0,0,0,0,0,0,[],0.0,S46,10.09,13,6,19,0.0,,-1.199973,-5.417007,-6.616981,False,False,12,S23,True,3,0.3488,do_nothing,,,,,,,,,,,,,,,,,,,,,,,,,,,,,,,,,,,,,,,,,,,,,,,,,,,,
42,17,12,41,S46,False,13,6,19,13,0,0,1,0,0,"['B215', 'B527', 'B572', 'B269', 'B50', 'B314', 'B495', 'B63', 'B107', 'B531', 'B653', 'B55', 'B720', 'B39']",7.0,S62,2.76,0,7,7,0.0,,-0.707597,-5.383911,-6.091508,True,True,24,S49,True,19,0.5902,delivery+depot_removal,,,,,,,,,,,,,,,,,,,,,,,,,,,,,,,,,,,,,,,,,,,,,,,,,,,,
42,17,12,51,S62,False,0,7,7,0,13,0,0,0,0,"['B273', 'B658', 'B608', 'B571', 'B463', 'B113', 'B656', 'B439', 'B655', 'B691', 'B44', 'B230', 'B660']",6.5,S29,3.79,13,7,20,0.0,,-0.844808,-5.377931,-6.222739,False,False,12,S29,False,6,0.2757,pickup,,,,,,,,,,,,,,,,,,,,,,,,,,,,,,,,,,,,,,,,,,,,,,,,,,,,
42,17,13,2,S29,False,13,7,20,13,0,0,0,0,0,"['B273', 'B658', 'B608', 'B571', 'B463', 'B113', 'B656', 'B439', 'B655', 'B691', 'B44', 'B230', 'B660']",6.5,S23,11.23,0,7,7,0.0,,-1.141322,-5.362067,-6.503389,False,False,12,S43,True,7,0.3279,delivery,,,,,,,,,,,,,,,,,,,,,,,,,,,,,,,,,,,,,,,,,,,,,,,,,,,,
42,17,13,19,S23,False,0,7,7,0,8,1,1,0,0,"['B256', 'B519', 'B735', 'B310', 'B493', 'B155', 'B210', 'B18', 'B604']",7.5,S17,9.74,8,8,16,0.0,,-1.575545,-5.385306,-6.960851,True,True,72,S59,True,43,1.8204,pickup+maintenance,,,,,,,,,,,,,,,,,,,,,,,,,,,,,,,,,,,,,,,,,,,,,,,,,,,,
42,17,13,36,S17,False,8,8,16,8,0,0,0,0,0,"['B256', 'B519', 'B735', 'B310', 'B493', 'B155', 'B210', 'B18']",4.0,S59,10.2,0,8,8,0.0,,-1.573431,-5.328701,-6.902132,False,False,12,S59,False,6,0.2656,delivery,,,,,,,,,,,,,,,,,,,,,,,,,,,,,,,,,,,,,,,,,,,,,,,,,,,,
42,17,13,51,S59,False,0,8,8,0,12,0,0,0,0,"['B730', 'B204', 'B293', 'B103', 'B612', 'B28', 'B343', 'B436', 'B33', 'B214', 'B280', 'B734']",6.0,S54,6.37,12,8,20,0.0,,-1.104061,-5.340378,-6.444438,True,False,24,S37,True,19,0.5331,pickup,,,,,,,,,,,,,,,,,,,,,,,,,,,,,,,,,,,,,,,,,,,,,,,,,,,,
42,17,14,3,S54,False,12,8,20,12,0,0,0,0,0,"['B730', 'B204', 'B293', 'B103', 'B612', 'B28', 'B343', 'B436', 'B33', 'B214', 'B280', 'B734']",6.0,S0,6.35,0,8,8,0.0,,-1.754939,-5.289324,-7.044263,True,False,24,S43,True,13,0.5002,delivery,,,,,,,,,,,,,,,,,,,,,,,,,,,,,,,,,,,,,,,,,,,,,,,,,,,,
42,17,14,15,S0,False,0,8,8,0,12,0,0,0,0,"['B192', 'B666', 'B766', 'B764', 'B529', 'B331', 'B382', 'B605', 'B453', 'B38', 'B187', 'B607']",6.0,S35,3.47,12,8,20,0.0,,-1.678023,-5.300746,-6.978769,False,False,12,S37,True,7,0.2134,pickup,,,,,,,,,,,,,,,,,,,,,,,,,,,,,,,,,,,,,,,,,,,,,,,,,,,,
42,17,14,25,S35,False,12,8,20,12,0,0,0,0,0,"['B192', 'B666', 'B766', 'B764', 'B529', 'B331', 'B382', 'B605', 'B453', 'B38', 'B187', 'B607']",6.0,S51,8.32,0,8,8,0.0,,-1.797696,-5.307923,-7.105619,True,False,18,S43,True,7,0.3597,delivery,,,,,,,,,,,,,,,,,,,,,,,,,,,,,,,,,,,,,,,,,,,,,,,,,,,,
42,17,14,39,S51,False,0,8,8,0,12,0,0,0,0,"['B341', 'B146', 'B106', 'B41', 'B56', 'B367', 'B104', 'B271', 'B165', 'B477', 'B415', 'B3']",6.0,S43,3.12,12,8,20,0.0,,-1.284129,-5.295235,-6.579364,False,False,12,S37,True,9,0.2654,pickup,,,,,,,,,,,,,,,,,,,,,,,,,,,,,,,,,,,,,,,,,,,,,,,,,,,,
42,17,14,48,S43,False,12,8,20,12,0,0,0,0,0,"['B341', 'B146', 'B106', 'B41', 'B56', 'B367', 'B104', 'B271', 'B165', 'B477', 'B415', 'B3']",6.0,S12,5.09,0,8,8,0.0,,-1.124593,-5.251886,-6.376479,False,False,12,S29,True,7,0.2689,delivery,,,,,,,,,,,,,,,,,,,,,,,,,,,,,,,,,,,,,,,,,,,,,,,,,,,,
42,17,14,59,S12,False,0,8,8,0,0,0,1,0,0,['B207'],0.5,S37,6.56,0,9,9,0.0,,-1.103264,-5.288763,-6.392027,True,True,36,S37,False,6,0.7867,do_nothing+depot_removal,,,,,,,,,,,,,,,,,,,,,,,,,,,,,,,,,,,,,,,,,,,,,,,,,,,,
42,17,15,6,S37,False,0,9,9,0,11,0,0,0,0,"['B112', 'B498', 'B213', 'B160', 'B167', 'B302', 'B37', 'B52', 'B510', 'B480', 'B288']",5.5,S26,7.79,11,9,20,0.0,,-1.102365,-5.335533,-6.437898,False,False,12,S48,True,6,0.2903,pickup,,,,,,,,,,,,,,,,,,,,,,,,,,,,,,,,,,,,,,,,,,,,,,,,,,,,
42,17,15,20,S26,False,11,9,20,11,0,0,0,0,0,"['B112', 'B498', 'B213', 'B160', 'B167', 'B302', 'B37', 'B52', 'B510', 'B480', 'B288']",5.5,S12,13.22,0,9,9,0.0,,-1.224565,-5.292369,-6.516934,False,False,12,S20,True,6,0.3029,delivery,,,,,,,,,,,,,,,,,,,,,,,,,,,,,,,,,,,,,,,,,,,,,,,,,,,,
42,17,15,38,S12,False,0,9,9,0,11,0,0,0,0,"['B29', 'B139', 'B342', 'B363', 'B100', 'B562', 'B407', 'B177', 'B662', 'B524', 'B105']",5.5,S15,10.6,11,9,20,0.0,,-1.518357,-5.342661,-6.861018,True,False,24,S65,True,16,0.6549,pickup,,,,,,,,,,,,,,,,,,,,,,,,,,,,,,,,,,,,,,,,,,,,,,,,,,,,
42,17,15,55,S15,False,11,9,20,11,0,1,0,0,0,"['B29', 'B139', 'B342', 'B363', 'B100', 'B562', 'B407', 'B177', 'B662', 'B524', 'B105']",8.5,S65,5.1,0,9,9,0.0,,-1.532384,-5.316333,-6.848717,True,True,36,S32,True,24,0.7408,delivery+onsite,,,,,,,,,,,,,,,,,,,,,,,,,,,,,,,,,,,,,,,,,,,,,,,,,,,,
42,17,16,8,S65,False,0,9,9,0,11,0,0,0,0,"['B748', 'B246', 'B345', 'B78', 'B340', 'B290', 'B673', 'B757', 'B638', 'B42', 'B697']",5.5,S33,6.32,11,9,20,0.0,,-1.381245,-5.221904,-6.603149,False,False,18,S7,True,8,0.4839,pickup,,,,,,,,,,,,,,,,,,,,,,,,,,,,,,,,,,,,,,,,,,,,,,,,,,,,
42,17,16,20,S33,False,11,9,20,0,0,0,0,0,0,[],0.0,S35,6.01,11,9,20,0.0,,-1.027227,-5.213396,-6.240623,True,False,18,S35,False,3,0.5232,do_nothing,,,,,,,,,,,,,,,,,,,,,,,,,,,,,,,,,,,,,,,,,,,,,,,,,,,,
42,17,16,26,S35,False,11,9,20,11,0,0,2,0,0,"['B594', 'B725', 'B748', 'B246', 'B345', 'B78', 'B340', 'B290', 'B673', 'B757', 'B638', 'B42', 'B697']",6.5,S48,8.23,0,11,11,0.0,,-0.711594,-5.207311,-5.918904,True,True,24,S7,True,21,0.6421,delivery+depot_removal,,,,,,,,,,,,,,,,,,,,,,,,,,,,,,,,,,,,,,,,,,,,,,,,,,,,
42,17,16,41,S48,False,0,11,11,0,9,0,0,0,0,"['B125', 'B287', 'B454', 'B242', 'B362', 'B411', 'B731', 'B518', 'B269']",4.5,S32,4.4,9,11,20,0.0,,-0.949379,-5.225453,-6.174832,False,False,12,S32,False,6,0.3096,pickup,,,,,,,,,,,,,,,,,,,,,,,,,,,,,,,,,,,,,,,,,,,,,,,,,,,,
42,17,16,50,S32,False,9,11,20,9,0,0,0,0,0,"['B125', 'B287', 'B454', 'B242', 'B362', 'B411', 'B731', 'B518', 'B269']",4.5,S7,13.03,0,11,11,0.0,,-0.848807,-5.194319,-6.043127,False,False,12,S31,True,8,0.3437,delivery,,,,,,,,,,,,,,,,,,,,,,,,,,,,,,,,,,,,,,,,,,,,,,,,,,,,
42,17,17,7,S7,False,0,11,11,0,0,0,0,0,0,[],0.0,S61,7.71,0,11,11,0.0,,-0.551305,-5.206173,-5.757477,False,False,12,S60,True,4,0.4523,do_nothing,,,,,,,,,,,,,,,,,,,,,,,,,,,,,,,,,,,,,,,,,,,,,,,,,,,,
42,17,17,15,S61,False,0,11,11,0,6,1,0,0,0,"['B219', 'B525', 'B763', 'B713', 'B16', 'B686']",6.0,S42,8.85,6,11,17,0.0,,-0.669645,-5.190311,-5.859956,True,True,108,S60,True,56,3.9521,pickup+onsite,,,,,,,,,,,,,,,,,,,,,,,,,,,,,,,,,,,,,,,,,,,,,,,,,,,,
42,17,17,30,S42,False,6,11,17,0,0,1,0,0,0,[],3.0,S41,10.8,6,11,17,0.0,,-0.651273,-5.155439,-5.806712,True,True,48,S7,True,12,1.532,do_nothing+onsite,,,,,,,,,,,,,,,,,,,,,,,,,,,,,,,,,,,,,,,,,,,,,,,,,,,,
42,17,17,44,S41,False,6,11,17,6,0,1,0,0,0,"['B219', 'B525', 'B763', 'B713', 'B16', 'B686']",6.0,S47,1.45,0,11,11,0.0,,-0.650619,-5.131367,-5.781986,True,True,48,S47,False,38,1.5779,delivery+onsite,,,,,,,,,,,,,,,,,,,,,,,,,,,,,,,,,,,,,,,,,,,,,,,,,,,,
42,17,17,51,S47,False,0,11,11,0,0,0,0,0,0,[],0.0,S60,2.18,0,11,11,0.0,,-0.690623,-5.164672,-5.855295,True,False,24,S22,True,1,0.7317,do_nothing,,,,,,,,,,,,,,,,,,,,,,,,,,,,,,,,,,,,,,,,,,,,,,,,,,,,
42,17,17,53,S60,False,0,11,11,0,9,0,0,0,0,"['B428', 'B98', 'B441', 'B624', 'B618', 'B324', 'B421', 'B140', 'B86']",4.5,S25,10.01,9,11,20,0.0,,-0.749746,-5.17914,-5.928886,True,False,18,S12,True,16,0.545,pickup,,,,,,,,,,,,,,,,,,,,,,,,,,,,,,,,,,,,,,,,,,,,,,,,,,,,
42,17,18,8,S25,False,9,11,20,0,0,0,0,0,0,[],0.0,S32,16.04,9,11,20,0.0,,-0.453987,-5.190138,-5.644125,False,False,12,S32,False,3,0.4233,do_nothing,,,,,,,,,,,,,,,,,,,,,,,,,,,,,,,,,,,,,,,,,,,,,,,,,,,,
42,17,18,24,S32,False,9,11,20,0,0,0,0,0,0,[],0.0,S19,4.87,9,11,20,0.0,,-0.315274,-5.232745,-5.54802,False,False,12,S10,True,4,0.3354,do_nothing,,,,,,,,,,,,,,,,,,,,,,,,,,,,,,,,,,,,,,,,,,,,,,,,,,,,
42,17,18,29,S19,False,9,11,20,0,0,0,0,0,0,[],0.0,S10,8.04,9,11,20,0.0,,-0.295797,-5.189561,-5.485358,True,False,54,S10,True,2,0.9887,do_nothing,,,,,,,,,,,,,,,,,,,,,,,,,,,,,,,,,,,,,,,,,,,,,,,,,,,,
42,17,18,37,S10,False,9,11,20,9,0,0,0,0,0,"['B428', 'B98', 'B441', 'B624', 'B618', 'B324', 'B421', 'B140', 'B86']",4.5,S12,9.22,0,11,11,0.0,,-0.315622,-5.156658,-5.472281,False,False,12,S48,True,7,0.3249,delivery,,,,,,,,,,,,,,,,,,,,,,,,,,,,,,,,,,,,,,,,,,,,,,,,,,,,
42,17,18,50,S12,False,0,11,11,0,9,0,0,0,0,"['B695', 'B222', 'B464', 'B519', 'B544', 'B557', 'B592', 'B345', 'B471']",4.5,S48,1.68,9,11,20,0.0,,-0.197088,-5.148539,-5.345628,True,False,24,S48,False,12,0.6646,pickup,,,,,,,,,,,,,,,,,,,,,,,,,,,,,,,,,,,,,,,,,,,,,,,,,,,,
42,17,18,57,S48,False,9,11,20,9,0,0,0,0,0,"['B695', 'B222', 'B464', 'B519', 'B544', 'B557', 'B592', 'B345', 'B471']",4.5,S2,12.22,0,11,11,0.0,,-0.294554,-5.134221,-5.428775,False,False,12,S15,True,7,0.3547,delivery,,,,,,,,,,,,,,,,,,,,,,,,,,,,,,,,,,,,,,,,,,,,,,,,,,,,
42,17,19,13,S2,False,0,11,11,0,0,0,0,0,0,[],0.0,S56,10.6,0,11,11,0.0,,-0.275674,-5.174606,-5.450281,True,False,18,S56,False,3,0.4203,do_nothing,,,,,,,,,,,,,,,,,,,,,,,,,,,,,,,,,,,,,,,,,,,,,,,,,,,,
42,17,19,24,S56,False,0,11,11,0,7,0,0,0,0,"['B598', 'B454', 'B436', 'B508', 'B710', 'B762', 'B375']",3.5,S51,5.88,7,11,18,0.0,,-0.278035,-5.172316,-5.450351,False,False,18,S32,True,9,0.381,pickup,,,,,,,,,,,,,,,,,,,,,,,,,,,,,,,,,,,,,,,,,,,,,,,,,,,,
42,17,19,33,S51,False,7,11,18,7,0,0,0,0,0,"['B598', 'B454', 'B436', 'B508', 'B710', 'B762', 'B375']",3.5,S9,3.47,0,11,11,0.0,,-0.195986,-5.163436,-5.359422,False,False,10,S9,False,8,0.2351,delivery,,,,,,,,,,,,,,,,,,,,,,,,,,,,,,,,,,,,,,,,,,,,,,,,,,,,
42,17,19,40,S9,False,0,11,11,0,6,0,0,0,0,"['B545', 'B622', 'B619', 'B11', 'B576', 'B308']",3.0,D0,5.99,6,11,17,0.0,,-0.215012,-5.183994,-5.399006,False,False,3,D0,False,2,0.0914,pickup,,,,,,,,,,,,,,,,,,,,,,,,,,,,,,,,,,,,,,,,,,,,,,,,,,,,
42,17,19,49,D0,True,6,11,17,0,0,0,0,11,0,"['B579', 'B440', 'B692', 'B475', 'B284', 'B459', 'B215', 'B604', 'B207', 'B594', 'B725']",5.5,D0,0.0,6,0,6,0.0,,-0.197485,-5.191438,-5.388923,True,True,1,D0,False,0,0.0391,do_nothing,,,,,,,,,,,,,,,,,,,,,,,,,,,,,,,,,,,,,,,,,,,,,,,,,,,,
42,18,6,10,D0,True,6,0,6,0,0,0,0,0,14,"['B547', 'B611', 'B502', 'B234', 'B272', 'B584', 'B460', 'B425', 'B634', 'B399', 'B188', 'B479', 'B435', 'B336']",7.0,S51,3.91,20,0,20,0.0,,-1.20294,-5.327103,-6.530043,True,True,5,S36,True,1,0.1433,load_queue,,,,,,,,,,,,,,,,,,,,,,,,,,,,,,,,,,,,,,,,,,,,,,,,,,,,
42,18,6,36,S51,False,20,0,20,18,0,0,0,0,0,"['B545', 'B622', 'B619', 'B11', 'B576', 'B308', 'B547', 'B611', 'B502', 'B234', 'B272', 'B584', 'B460', 'B425', 'B634', 'B399', 'B188', 'B479']",9.0,S54,6.18,2,0,2,0.0,,-0.810208,-5.36242,-6.172628,True,False,36,S47,True,15,1.0408,delivery,,,,,,,,,,,,,,,,,,,,,,,,,,,,,,,,,,,,,,,,,,,,,,,,,,,,
42,18,6,51,S54,False,2,0,2,0,17,1,0,0,0,"['B84', 'B525', 'B120', 'B372', 'B684', 'B577', 'B558', 'B362', 'B33', 'B556', 'B28', 'B226', 'B745', 'B34', 'B403', 'B415', 'B430']",11.5,S66,5.58,19,0,19,0.0,,-0.789191,-5.35582,-6.145012,True,True,60,S36,True,48,1.8329,pickup+onsite,,,,,,,,,,,,,,,,,,,,,,,,,,,,,,,,,,,,,,,,,,,,,,,,,,,,
42,18,7,8,S66,False,19,0,19,19,0,0,0,0,0,"['B435', 'B336', 'B84', 'B525', 'B120', 'B372', 'B684', 'B577', 'B558', 'B362', 'B33', 'B556', 'B28', 'B226', 'B745', 'B34', 'B403', 'B415', 'B430']",9.5,S60,1.23,0,0,0,0.0,,-0.412697,-5.32907,-5.741767,False,False,12,S38,True,7,0.4747,delivery,,,,,,,,,,,,,,,,,,,,,,,,,,,,,,,,,,,,,,,,,,,,,,,,,,,,
42,18,7,19,S60,False,0,0,0,0,16,0,0,0,0,"['B352', 'B394', 'B449', 'B667', 'B447', 'B698', 'B173', 'B632', 'B393', 'B413', 'B633', 'B621', 'B89', 'B747', 'B551', 'B110']",8.0,S62,3.68,16,0,16,0.0,,-0.589805,-5.3118,-5.901605,True,False,36,S39,True,16,1.3037,pickup,,,,,,,,,,,,,,,,,,,,,,,,,,,,,,,,,,,,,,,,,,,,,,,,,,,,
42,18,7,30,S62,False,16,0,16,13,0,0,0,0,0,"['B352', 'B394', 'B449', 'B667', 'B447', 'B698', 'B173', 'B632', 'B393', 'B413', 'B633', 'B621', 'B89']",6.5,S52,1.55,3,0,3,0.0,,-0.689964,-5.321456,-6.011421,False,False,18,S38,True,13,0.6076,delivery,,,,,,,,,,,,,,,,,,,,,,,,,,,,,,,,,,,,,,,,,,,,,,,,,,,,
42,18,7,38,S52,False,3,0,3,0,11,1,0,0,0,"['B666', 'B383', 'B335', 'B211', 'B36', 'B489', 'B283', 'B297', 'B439', 'B177', 'B96']",8.5,S63,1.26,14,0,14,0.0,,-0.632901,-5.291911,-5.924812,True,True,72,S39,True,37,2.2477,pickup+onsite,,,,,,,,,,,,,,,,,,,,,,,,,,,,,,,,,,,,,,,,,,,,,,,,,,,,
42,18,7,48,S63,False,14,0,14,14,0,0,0,0,0,"['B747', 'B551', 'B110', 'B666', 'B383', 'B335', 'B211', 'B36', 'B489', 'B283', 'B297', 'B439', 'B177', 'B96']",7.0,S55,3.64,0,0,0,0.0,,-0.433917,-5.201823,-5.63574,False,False,12,S55,False,8,0.3503,delivery,,,,,,,,,,,,,,,,,,,,,,,,,,,,,,,,,,,,,,,,,,,,,,,,,,,,
42,18,7,59,S55,False,0,0,0,0,0,0,0,0,0,[],0.0,S35,3.04,0,0,0,0.0,,-0.474171,-5.275217,-5.749387,False,False,18,S39,True,1,0.6977,do_nothing,,,,,,,,,,,,,,,,,,,,,,,,,,,,,,,,,,,,,,,,,,,,,,,,,,,,
42,18,8,2,S35,False,0,0,0,0,14,0,0,0,0,"['B286', 'B147', 'B152', 'B488', 'B361', 'B409', 'B540', 'B422', 'B464', 'B416', 'B236', 'B477', 'B590', 'B414']",7.0,S42,1.31,14,0,14,0.0,,-0.452392,-5.269545,-5.721936,False,False,18,S59,True,7,0.5661,pickup,,,,,,,,,,,,,,,,,,,,,,,,,,,,,,,,,,,,,,,,,,,,,,,,,,,,
42,18,8,10,S42,False,14,0,14,10,0,0,1,0,0,"['B537', 'B286', 'B147', 'B152', 'B488', 'B361', 'B409', 'B540', 'B422', 'B464', 'B416']",5.5,S55,4.34,4,1,5,0.0,,-0.177612,-5.219594,-5.397206,True,True,72,S26,True,32,2.1143,delivery+depot_removal,,,,,,,,,,,,,,,,,,,,,,,,,,,,,,,,,,,,,,,,,,,,,,,,,,,,
42,18,8,20,S55,False,4,1,5,0,13,0,0,0,0,"['B557', 'B160', 'B198', 'B544', 'B279', 'B307', 'B767', 'B764', 'B175', 'B530', 'B755', 'B527', 'B187']",6.5,S26,6.67,17,1,18,0.0,,-0.197036,-5.209029,-5.406066,False,False,18,S44,True,12,0.5179,pickup,,,,,,,,,,,,,,,,,,,,,,,,,,,,,,,,,,,,,,,,,,,,,,,,,,,,
42,18,8,33,S26,False,17,1,18,0,0,0,0,0,0,[],0.0,S15,2.8,17,1,18,0.0,,-0.629742,-5.270824,-5.900566,False,False,12,S47,True,0,0.4739,do_nothing,,,,,,,,,,,,,,,,,,,,,,,,,,,,,,,,,,,,,,,,,,,,,,,,,,,,
42,18,8,36,S15,False,17,1,18,15,0,0,0,0,0,"['B236', 'B477', 'B590', 'B414', 'B557', 'B160', 'B198', 'B544', 'B279', 'B307', 'B767', 'B764', 'B175', 'B530', 'B755']",7.5,S47,5.64,2,1,3,0.0,,-0.392964,-5.221129,-5.614093,True,False,36,S47,False,27,1.2112,delivery,,,,,,,,,,,,,,,,,,,,,,,,,,,,,,,,,,,,,,,,,,,,,,,,,,,,
42,18,8,49,S47,False,2,1,3,0,11,0,0,0,0,"['B331', 'B664', 'B141', 'B463', 'B351', 'B555', 'B224', 'B225', 'B676', 'B626', 'B266']",5.5,S41,1.45,13,1,14,0.0,,-0.138063,-5.18881,-5.326873,True,False,36,S59,True,26,1.4055,pickup,,,,,,,,,,,,,,,,,,,,,,,,,,,,,,,,,,,,,,,,,,,,,,,,,,,,
42,18,8,56,S41,False,13,1,14,13,0,1,1,0,0,"['B702', 'B527', 'B187', 'B331', 'B664', 'B141', 'B463', 'B351', 'B555', 'B224', 'B225', 'B676', 'B626', 'B266']",10.0,S59,2.97,0,2,2,0.0,,-0.412145,-5.183692,-5.595836,True,True,72,S16,True,66,3.0637,delivery+maintenance,,,,,,,,,,,,,,,,,,,,,,,,,,,,,,,,,,,,,,,,,,,,,,,,,,,,
42,18,9,9,S59,False,0,2,2,0,18,1,0,0,0,"['B595', 'B191', 'B369', 'B561', 'B665', 'B220', 'B657', 'B66', 'B267', 'B346', 'B316', 'B566', 'B384', 'B231', 'B410', 'B617', 'B274', 'B689']",12.0,S29,7.54,18,2,20,0.0,,-0.354023,-5.197107,-5.55113,True,True,48,S26,True,45,1.2207,pickup+onsite,,,,,,,,,,,,,,,,,,,,,,,,,,,,,,,,,,,,,,,,,,,,,,,,,,,,
42,18,9,28,S29,False,18,2,20,18,0,0,0,0,0,"['B595', 'B191', 'B369', 'B561', 'B665', 'B220', 'B657', 'B66', 'B267', 'B346', 'B316', 'B566', 'B384', 'B231', 'B410', 'B617', 'B274', 'B689']",9.0,S39,9.53,0,2,2,0.0,,-0.275882,-5.160735,-5.436617,True,False,36,S26,True,13,1.0471,delivery,,,,,,,,,,,,,,,,,,,,,,,,,,,,,,,,,,,,,,,,,,,,,,,,,,,,
42,18,9,47,S39,False,0,2,2,0,18,0,0,0,0,"['B262', 'B495', 'B14', 'B427', 'B97', 'B125', 'B270', 'B263', 'B428', 'B499', 'B533', 'B367', 'B706', 'B98', 'B240', 'B204', 'B256', 'B233']",9.0,S26,9.74,18,2,20,0.0,,-0.494689,-5.190377,-5.685065,False,False,12,S26,False,6,0.352,pickup,,,,,,,,,,,,,,,,,,,,,,,,,,,,,,,,,,,,,,,,,,,,,,,,,,,,
42,18,10,6,S26,False,18,2,20,18,0,0,0,0,0,"['B262', 'B495', 'B14', 'B427', 'B97', 'B125', 'B270', 'B263', 'B428', 'B499', 'B533', 'B367', 'B706', 'B98', 'B240', 'B204', 'B256', 'B233']",9.0,S16,7.94,0,2,2,0.0,,-0.355724,-5.207433,-5.563158,False,False,18,S65,True,9,0.4896,delivery,,,,,,,,,,,,,,,,,,,,,,,,,,,,,,,,,,,,,,,,,,,,,,,,,,,,
42,18,10,23,S16,False,0,2,2,0,7,1,0,0,0,"['B715', 'B491', 'B311', 'B196', 'B606', 'B176', 'B746']",6.5,S63,0.31,7,2,9,0.0,,-0.473163,-5.223285,-5.696448,True,True,36,S37,True,18,0.8372,pickup+onsite,,,,,,,,,,,,,,,,,,,,,,,,,,,,,,,,,,,,,,,,,,,,,,,,,,,,
42,18,10,29,S63,False,7,2,9,0,0,0,0,0,0,[],0.0,S35,6.66,7,2,9,0.0,,-0.374047,-5.253276,-5.627322,False,False,12,S35,True,2,0.3264,do_nothing,,,,,,,,,,,,,,,,,,,,,,,,,,,,,,,,,,,,,,,,,,,,,,,,,,,,
42,18,10,36,S35,False,7,2,9,0,0,0,0,0,0,[],0.0,S50,1.61,7,2,9,0.0,,-0.195442,-5.259505,-5.454946,False,False,12,S63,True,0,0.336,do_nothing,,,,,,,,,,,,,,,,,,,,,,,,,,,,,,,,,,,,,,,,,,,,,,,,,,,,
42,18,10,38,S50,False,7,2,9,0,0,1,0,0,0,[],3.0,S35,1.61,7,2,9,0.0,,-0.254911,-5.273046,-5.527957,True,True,48,S63,True,12,1.0855,do_nothing+onsite,,,,,,,,,,,,,,,,,,,,,,,,,,,,,,,,,,,,,,,,,,,,,,,,,,,,
42,18,10,42,S35,False,7,2,9,7,0,0,0,0,0,"['B715', 'B491', 'B311', 'B196', 'B606', 'B176', 'B746']",3.5,S37,7.89,0,2,2,0.0,,-0.315275,-5.211541,-5.526816,False,False,12,S63,True,6,0.3092,delivery,,,,,,,,,,,,,,,,,,,,,,,,,,,,,,,,,,,,,,,,,,,,,,,,,,,,
42,18,10,54,S37,False,0,2,2,0,18,0,0,0,0,"['B179', 'B323', 'B39', 'B398', 'B287', 'B171', 'B93', 'B535', 'B232', 'B385', 'B113', 'B511', 'B504', 'B214', 'B418', 'B558', 'B460', 'B198']",9.0,S50,7.46,18,2,20,0.0,,-0.333301,-5.207683,-5.540984,False,False,12,S50,False,6,0.3235,pickup,,,,,,,,,,,,,,,,,,,,,,,,,,,,,,,,,,,,,,,,,,,,,,,,,,,,
42,18,11,10,S50,False,18,2,20,18,0,0,0,0,0,"['B179', 'B323', 'B39', 'B398', 'B287', 'B171', 'B93', 'B535', 'B232', 'B385', 'B113', 'B511', 'B504', 'B214', 'B418', 'B558', 'B460', 'B198']",9.0,S61,6.8,0,2,2,0.0,,-0.394722,-5.188783,-5.583505,True,False,18,S61,False,6,0.5129,delivery,,,,,,,,,,,,,,,,,,,,,,,,,,,,,,,,,,,,,,,,,,,,,,,,,,,,
42,18,11,26,S61,False,0,2,2,0,0,0,2,0,0,"['B212', 'B680']",1.0,S63,3.24,0,4,4,0.0,,-0.453192,-5.205792,-5.658984,True,True,54,S63,False,15,1.1536,do_nothing+depot_removal,,,,,,,,,,,,,,,,,,,,,,,,,,,,,,,,,,,,,,,,,,,,,,,,,,,,
42,18,11,30,S63,False,0,4,4,0,13,0,0,0,0,"['B177', 'B96', 'B419', 'B332', 'B382', 'B531', 'B68', 'B714', 'B399', 'B649', 'B84', 'B1', 'B690']",6.5,S54,3.86,13,4,17,0.0,,-0.353672,-5.206788,-5.56046,False,False,18,S54,False,12,0.4569,pickup,,,,,,,,,,,,,,,,,,,,,,,,,,,,,,,,,,,,,,,,,,,,,,,,,,,,
42,18,11,41,S54,False,13,4,17,13,0,0,1,0,0,"['B481', 'B177', 'B96', 'B419', 'B332', 'B382', 'B531', 'B68', 'B714', 'B399', 'B649', 'B84', 'B1', 'B690']",7.0,S61,4.83,0,5,5,0.0,,-0.608827,-5.253639,-5.862466,True,True,24,S65,True,19,0.495,delivery+depot_removal,,,,,,,,,,,,,,,,,,,,,,,,,,,,,,,,,,,,,,,,,,,,,,,,,,,,
42,18,11,52,S61,False,0,5,5,0,11,0,0,0,0,"['B507', 'B46', 'B430', 'B195', 'B415', 'B614', 'B277', 'B346', 'B267', 'B152', 'B699']",5.5,S29,5.74,11,5,16,0.0,,-1.104256,-5.24815,-6.352406,False,False,18,S37,True,6,0.3904,pickup,,,,,,,,,,,,,,,,,,,,,,,,,,,,,,,,,,,,,,,,,,,,,,,,,,,,
42,18,12,4,S29,False,11,5,16,11,0,1,0,0,0,"['B507', 'B46', 'B430', 'B195', 'B415', 'B614', 'B277', 'B346', 'B267', 'B152', 'B699']",8.5,S16,5.41,0,5,5,0.0,,-0.786704,-5.257685,-6.044389,True,True,24,S16,False,18,0.8147,delivery+onsite,,,,,,,,,,,,,,,,,,,,,,,,,,,,,,,,,,,,,,,,,,,,,,,,,,,,
42,18,12,18,S16,False,0,5,5,0,10,0,0,0,0,"['B506', 'B142', 'B515', 'B344', 'B582', 'B278', 'B209', 'B129', 'B296', 'B172']",5.0,S45,1.34,10,5,15,0.0,,-0.808866,-5.252975,-6.061841,False,False,18,S43,True,14,0.5282,pickup,,,,,,,,,,,,,,,,,,,,,,,,,,,,,,,,,,,,,,,,,,,,,,,,,,,,
42,18,12,24,S45,False,10,5,15,9,0,0,0,0,0,"['B506', 'B142', 'B515', 'B344', 'B582', 'B278', 'B209', 'B129', 'B296']",4.5,S41,5.49,1,5,6,0.0,,-1.081889,-5.245432,-6.32732,False,False,18,S33,True,9,0.5207,delivery,,,,,,,,,,,,,,,,,,,,,,,,,,,,,,,,,,,,,,,,,,,,,,,,,,,,
42,18,12,34,S41,False,1,5,6,0,12,0,0,0,0,"['B626', 'B266', 'B756', 'B241', 'B3', 'B658', 'B16', 'B107', 'B308', 'B644', 'B648', 'B350']",6.0,S21,14.17,13,5,18,0.0,,-0.610223,-5.224419,-5.834642,False,False,18,S21,False,12,0.6304,pickup,,,,,,,,,,,,,,,,,,,,,,,,,,,,,,,,,,,,,,,,,,,,,,,,,,,,
42,18,12,54,S21,False,13,5,18,0,0,0,2,0,0,"['B88', 'B265']",1.0,S56,6.79,13,7,20,0.0,,-0.885111,-5.246635,-6.131746,True,True,42,S3,True,16,1.1339,do_nothing+depot_removal,,,,,,,,,,,,,,,,,,,,,,,,,,,,,,,,,,,,,,,,,,,,,,,,,,,,
42,18,13,2,S56,False,13,7,20,6,0,0,0,0,0,"['B172', 'B626', 'B266', 'B756', 'B241', 'B3']",3.0,S52,4.9,7,7,14,0.0,,-0.865087,-5.239004,-6.104091,False,False,18,S33,True,15,0.4898,delivery,,,,,,,,,,,,,,,,,,,,,,,,,,,,,,,,,,,,,,,,,,,,,,,,,,,,
42,18,13,10,S52,False,7,7,14,7,0,0,1,0,0,"['B247', 'B658', 'B16', 'B107', 'B308', 'B644', 'B648', 'B350']",4.0,S66,3.13,0,8,8,0.0,,-0.926057,-5.230227,-6.156284,True,True,24,S66,False,18,0.7265,delivery+depot_removal,,,,,,,,,,,,,,,,,,,,,,,,,,,,,,,,,,,,,,,,,,,,,,,,,,,,
42,18,13,17,S66,False,0,8,8,0,12,0,0,0,0,"['B291', 'B275', 'B694', 'B352', 'B519', 'B310', 'B341', 'B105', 'B219', 'B421', 'B616', 'B191']",6.0,S33,3.23,12,8,20,0.0,,-1.004106,-5.192081,-6.196187,False,False,12,S37,True,6,0.4023,pickup,,,,,,,,,,,,,,,,,,,,,,,,,,,,,,,,,,,,,,,,,,,,,,,,,,,,
42,18,13,26,S33,False,12,8,20,12,0,0,0,0,0,"['B291', 'B275', 'B694', 'B352', 'B519', 'B310', 'B341', 'B105', 'B219', 'B421', 'B616', 'B191']",6.0,S30,5.08,0,8,8,0.0,,-1.100003,-5.195658,-6.295661,True,False,18,S58,True,9,0.7166,delivery,,,,,,,,,,,,,,,,,,,,,,,,,,,,,,,,,,,,,,,,,,,,,,,,,,,,
42,18,13,37,S30,False,0,8,8,0,6,1,0,0,0,"['B732', 'B681', 'B0', 'B313', 'B410', 'B42']",6.0,S29,8.0,6,8,14,0.0,,-1.081746,-5.178368,-6.260114,True,True,108,S58,True,48,3.2971,pickup+onsite,,,,,,,,,,,,,,,,,,,,,,,,,,,,,,,,,,,,,,,,,,,,,,,,,,,,
42,18,13,51,S29,False,6,8,14,0,0,0,0,0,0,[],0.0,S56,2.28,6,8,14,0.0,,-1.043894,-5.20694,-6.250834,False,False,12,S37,True,4,0.3236,do_nothing,,,,,,,,,,,,,,,,,,,,,,,,,,,,,,,,,,,,,,,,,,,,,,,,,,,,
42,18,13,53,S56,False,6,8,14,6,0,0,0,0,0,"['B732', 'B681', 'B0', 'B313', 'B410', 'B42']",3.0,S66,7.15,0,8,8,0.0,,-1.574321,-5.19523,-6.769551,False,False,12,S37,True,6,0.367,delivery,,,,,,,,,,,,,,,,,,,,,,,,,,,,,,,,,,,,,,,,,,,,,,,,,,,,
42,18,14,4,S66,False,0,8,8,0,12,0,0,0,0,"['B505', 'B112', 'B5', 'B399', 'B201', 'B315', 'B301', 'B417', 'B195', 'B557', 'B713', 'B546']",6.0,S54,5.58,12,8,20,0.0,,-1.27817,-5.138075,-6.416245,False,False,18,S37,True,9,0.6881,pickup,,,,,,,,,,,,,,,,,,,,,,,,,,,,,,,,,,,,,,,,,,,,,,,,,,,,
42,18,14,15,S54,False,12,8,20,12,0,0,0,0,0,"['B505', 'B112', 'B5', 'B399', 'B201', 'B315', 'B301', 'B417', 'B195', 'B557', 'B713', 'B546']",6.0,S37,4.98,0,8,8,0.0,,-0.808055,-5.168464,-5.976519,True,False,18,S3,True,8,0.514,delivery,,,,,,,,,,,,,,,,,,,,,,,,,,,,,,,,,,,,,,,,,,,,,,,,,,,,
42,18,14,26,S37,False,0,8,8,0,12,0,0,0,0,"['B705', 'B611', 'B390', 'B395', 'B91', 'B520', 'B687', 'B464', 'B409', 'B585', 'B366', 'B384']",6.0,S29,6.23,12,8,20,0.0,,-0.790231,-5.15095,-5.941181,False,False,12,S50,True,7,0.4422,pickup,,,,,,,,,,,,,,,,,,,,,,,,,,,,,,,,,,,,,,,,,,,,,,,,,,,,
42,18,14,38,S29,False,12,8,20,0,0,0,0,0,0,[],0.0,S26,5.02,12,8,20,0.0,,-0.950938,-5.189436,-6.140374,False,False,12,S10,True,2,0.3893,do_nothing,,,,,,,,,,,,,,,,,,,,,,,,,,,,,,,,,,,,,,,,,,,,,,,,,,,,
42,18,14,43,S26,False,12,8,20,12,0,0,0,0,0,"['B705', 'B611', 'B390', 'B395', 'B91', 'B520', 'B687', 'B464', 'B409', 'B585', 'B366', 'B384']",6.0,S40,5.09,0,8,8,0.0,,-1.322931,-5.192609,-6.51554,False,False,12,S10,True,7,0.3385,delivery,,,,,,,,,,,,,,,,,,,,,,,,,,,,,,,,,,,,,,,,,,,,,,,,,,,,
42,18,14,55,S40,False,0,8,8,0,9,1,0,0,0,"['B66', 'B287', 'B1', 'B551', 'B295', 'B553', 'B606', 'B149', 'B633']",7.5,S10,2.46,9,8,17,0.0,,-1.0872,-5.208299,-6.295499,True,True,72,S0,True,62,1.9054,pickup+onsite,,,,,,,,,,,,,,,,,,,,,,,,,,,,,,,,,,,,,,,,,,,,,,,,,,,,
42,18,15,5,S10,False,9,8,17,0,0,0,0,0,0,[],0.0,S29,0.66,9,8,17,0.0,,-0.827336,-5.246658,-6.073994,False,False,12,S43,True,2,0.4222,do_nothing,,,,,,,,,,,,,,,,,,,,,,,,,,,,,,,,,,,,,,,,,,,,,,,,,,,,
42,18,15,5,S29,False,9,8,17,9,0,0,0,0,0,"['B66', 'B287', 'B1', 'B551', 'B295', 'B553', 'B606', 'B149', 'B633']",4.5,S30,8.0,0,8,8,0.0,,-0.908782,-5.211828,-6.120609,False,False,12,S30,False,7,0.4447,delivery,,,,,,,,,,,,,,,,,,,,,,,,,,,,,,,,,,,,,,,,,,,,,,,,,,,,
42,18,15,18,S30,False,0,8,8,0,8,1,0,0,0,"['B293', 'B286', 'B628', 'B647', 'B123', 'B561', 'B371', 'B198']",7.0,S24,6.35,8,8,16,0.0,,-1.496682,-5.216572,-6.713254,True,True,72,S41,True,37,2.4317,pickup+onsite,,,,,,,,,,,,,,,,,,,,,,,,,,,,,,,,,,,,,,,,,,,,,,,,,,,,
42,18,15,31,S24,False,8,8,16,0,0,0,0,0,0,[],0.0,S55,9.44,8,8,16,0.0,,-0.787538,-5.203943,-5.99148,False,False,12,S43,True,0,0.4959,do_nothing,,,,,,,,,,,,,,,,,,,,,,,,,,,,,,,,,,,,,,,,,,,,,,,,,,,,
42,18,15,40,S55,False,8,8,16,8,0,0,0,0,0,"['B293', 'B286', 'B628', 'B647', 'B123', 'B561', 'B371', 'B198']",4.0,S19,6.04,0,8,8,0.0,,-0.669846,-5.202943,-5.872789,False,False,12,S19,False,9,0.7301,delivery,,,,,,,,,,,,,,,,,,,,,,,,,,,,,,,,,,,,,,,,,,,,,,,,,,,,
42,18,15,50,S19,False,0,8,8,0,7,0,0,0,0,"['B187', 'B202', 'B756', 'B372', 'B456', 'B266', 'B489']",3.5,S32,4.87,7,8,15,0.0,,-1.004297,-5.224903,-6.2292,True,False,54,S43,True,20,3.2935,pickup,,,,,,,,,,,,,,,,,,,,,,,,,,,,,,,,,,,,,,,,,,,,,,,,,,,,
42,18,15,59,S32,False,7,8,15,7,0,0,0,0,0,"['B187', 'B202', 'B756', 'B372', 'B456', 'B266', 'B489']",3.5,S62,3.53,0,8,8,0.0,,-0.590904,-5.214294,-5.805198,False,False,12,S62,False,7,1.2189,delivery,,,,,,,,,,,,,,,,,,,,,,,,,,,,,,,,,,,,,,,,,,,,,,,,,,,,
42,18,16,6,S62,False,0,8,8,0,10,0,0,0,0,"['B53', 'B73', 'B539', 'B646', 'B746', 'B214', 'B134', 'B227', 'B147', 'B55']",5.0,S50,4.95,10,8,18,0.0,,-0.788339,-5.161987,-5.950326,False,False,18,S43,True,12,0.8802,pickup,,,,,,,,,,,,,,,,,,,,,,,,,,,,,,,,,,,,,,,,,,,,,,,,,,,,
42,18,16,16,S50,False,10,8,18,10,0,1,0,0,0,"['B53', 'B73', 'B539', 'B646', 'B746', 'B214', 'B134', 'B227', 'B147', 'B55']",8.0,S16,6.69,0,8,8,0.0,,-0.830341,-5.18054,-6.010881,True,True,48,S16,False,40,2.7833,delivery+onsite,,,,,,,,,,,,,,,,,,,,,,,,,,,,,,,,,,,,,,,,,,,,,,,,,,,,
42,18,16,31,S16,False,0,8,8,0,7,0,0,0,0,"['B679', 'B382', 'B334', 'B163', 'B335', 'B584', 'B242']",3.5,S52,1.07,7,8,15,0.0,,-0.413147,-5.158172,-5.57132,False,False,18,S43,True,8,0.6319,pickup,,,,,,,,,,,,,,,,,,,,,,,,,,,,,,,,,,,,,,,,,,,,,,,,,,,,
42,18,16,35,S52,False,7,8,15,7,0,0,0,0,0,"['B679', 'B382', 'B334', 'B163', 'B335', 'B584', 'B242']",3.5,S43,1.59,0,8,8,0.0,,-0.275477,-5.115211,-5.390688,False,False,12,S43,False,6,0.5173,delivery,,,,,,,,,,,,,,,,,,,,,,,,,,,,,,,,,,,,,,,,,,,,,,,,,,,,
42,18,16,40,S43,False,0,8,8,0,12,0,0,0,0,"['B126', 'B673', 'B357', 'B178', 'B132', 'B196', 'B400', 'B618', 'B86', 'B555', 'B281', 'B226']",6.0,S46,1.46,12,8,20,0.0,,-0.156937,-5.121586,-5.278523,True,False,18,S0,True,16,0.8716,pickup,,,,,,,,,,,,,,,,,,,,,,,,,,,,,,,,,,,,,,,,,,,,,,,,,,,,
42,18,16,48,S46,False,12,8,20,10,0,1,1,0,0,"['B535', 'B126', 'B673', 'B357', 'B178', 'B132', 'B196', 'B400', 'B618', 'B86', 'B555']",8.5,S18,4.15,2,9,11,0.0,,-0.177158,-5.145103,-5.322261,True,True,60,S18,True,31,3.1474,delivery+maintenance,,,,,,,,,,,,,,,,,,,,,,,,,,,,,,,,,,,,,,,,,,,,,,,,,,,,
42,18,17,0,S18,False,2,9,11,0,0,0,1,0,0,['B181'],0.5,S55,6.05,2,10,12,0.0,,-0.472816,-5.145893,-5.618709,True,True,24,S47,True,6,1.3406,do_nothing+depot_removal,,,,,,,,,,,,,,,,,,,,,,,,,,,,,,,,,,,,,,,,,,,,,,,,,,,,
42,18,17,7,S55,False,2,10,12,2,0,0,0,0,0,"['B281', 'B226']",1.0,S56,1.03,0,10,10,0.0,,-0.414548,-5.137324,-5.551872,False,False,12,S56,False,6,0.5545,delivery,,,,,,,,,,,,,,,,,,,,,,,,,,,,,,,,,,,,,,,,,,,,,,,,,,,,
42,18,17,9,S56,False,0,10,10,0,7,0,0,0,0,"['B508', 'B667', 'B360', 'B35', 'B582', 'B234', 'B431']",3.5,S24,10.08,7,10,17,0.0,,-0.235934,-5.137162,-5.373096,False,False,18,S54,True,10,0.5571,pickup,,,,,,,,,,,,,,,,,,,,,,,,,,,,,,,,,,,,,,,,,,,,,,,,,,,,
42,18,17,22,S24,False,7,10,17,0,0,0,0,0,0,[],0.0,S35,9.42,7,10,17,0.0,,-0.376498,-5.142635,-5.519134,False,False,12,S65,True,3,0.3762,do_nothing,,,,,,,,,,,,,,,,,,,,,,,,,,,,,,,,,,,,,,,,,,,,,,,,,,,,
42,18,17,32,S35,False,7,10,17,0,0,0,0,0,0,[],0.0,S55,3.04,7,10,17,0.0,,-0.277828,-5.143278,-5.421106,False,False,12,S40,True,0,0.3592,do_nothing,,,,,,,,,,,,,,,,,,,,,,,,,,,,,,,,,,,,,,,,,,,,,,,,,,,,
42,18,17,35,S55,False,7,10,17,7,0,0,0,0,0,"['B508', 'B667', 'B360', 'B35', 'B582', 'B234', 'B431']",3.5,S47,8.91,0,10,10,0.0,,-0.373944,-5.132387,-5.506331,False,False,12,S40,True,7,0.3379,delivery,,,,,,,,,,,,,,,,,,,,,,,,,,,,,,,,,,,,,,,,,,,,,,,,,,,,
42,18,17,47,S47,False,0,10,10,0,10,0,0,0,0,"['B104', 'B632', 'B698', 'B735', 'B401', 'B89', 'B619', 'B225', 'B759', 'B348']",5.0,S24,7.3,10,10,20,0.0,,-0.098466,-5.101226,-5.199692,True,False,24,S39,True,14,0.6224,pickup,,,,,,,,,,,,,,,,,,,,,,,,,,,,,,,,,,,,,,,,,,,,,,,,,,,,
42,18,18,0,S24,False,10,10,20,0,0,0,0,0,0,[],0.0,S63,10.02,10,10,20,0.0,,-0.2955,-5.181435,-5.476935,False,False,12,S63,False,2,0.4848,do_nothing,,,,,,,,,,,,,,,,,,,,,,,,,,,,,,,,,,,,,,,,,,,,,,,,,,,,
42,18,18,10,S63,False,10,10,20,10,0,0,0,0,0,"['B104', 'B632', 'B698', 'B735', 'B401', 'B89', 'B619', 'B225', 'B759', 'B348']",5.0,S58,2.12,0,10,10,0.0,,-0.237032,-5.160536,-5.397568,True,False,18,S24,True,9,0.6409,delivery,,,,,,,,,,,,,,,,,,,,,,,,,,,,,,,,,,,,,,,,,,,,,,,,,,,,
42,18,18,17,S58,False,0,10,10,0,10,0,0,0,0,"['B570', 'B674', 'B468', 'B636', 'B669', 'B589', 'B449', 'B502', 'B15', 'B485']",5.0,S18,1.59,10,10,20,0.0,,-0.392772,-5.171369,-5.56414,True,False,18,S3,True,16,0.5289,pickup,,,,,,,,,,,,,,,,,,,,,,,,,,,,,,,,,,,,,,,,,,,,,,,,,,,,
42,18,18,23,S18,False,10,10,20,10,0,0,0,0,0,"['B570', 'B674', 'B468', 'B636', 'B669', 'B589', 'B449', 'B502', 'B15', 'B485']",5.0,S31,1.71,0,10,10,0.0,,-0.235535,-5.172518,-5.408054,False,False,18,S24,True,13,0.6068,delivery,,,,,,,,,,,,,,,,,,,,,,,,,,,,,,,,,,,,,,,,,,,,,,,,,,,,
42,18,18,30,S31,False,0,10,10,0,10,0,0,0,0,"['B317', 'B727', 'B209', 'B381', 'B557', 'B283', 'B626', 'B18', 'B258', 'B627']",5.0,S55,6.19,10,10,20,0.0,,-0.217613,-5.138367,-5.35598,True,False,72,S37,True,54,1.7206,pickup,,,,,,,,,,,,,,,,,,,,,,,,,,,,,,,,,,,,,,,,,,,,,,,,,,,,
42,18,18,41,S55,False,10,10,20,10,0,0,0,0,0,"['B317', 'B727', 'B209', 'B381', 'B557', 'B283', 'B626', 'B18', 'B258', 'B627']",5.0,S37,5.04,0,10,10,0.0,,-0.078945,-5.15835,-5.237295,False,False,12,S54,True,8,0.3889,delivery,,,,,,,,,,,,,,,,,,,,,,,,,,,,,,,,,,,,,,,,,,,,,,,,,,,,
42,18,18,51,S37,False,0,10,10,0,0,0,1,0,0,['B654'],0.5,S54,4.98,0,11,11,0.0,,-0.098016,-5.148789,-5.246806,True,True,18,S45,True,10,0.5649,do_nothing+depot_removal,,,,,,,,,,,,,,,,,,,,,,,,,,,,,,,,,,,,,,,,,,,,,,,,,,,,
42,18,18,57,S54,False,0,11,11,0,0,0,2,0,0,"['B120', 'B399']",1.0,S42,4.21,0,13,13,0.0,,-0.098566,-5.134562,-5.233128,True,True,36,S37,True,12,0.9174,do_nothing+depot_removal,,,,,,,,,,,,,,,,,,,,,,,,,,,,,,,,,,,,,,,,,,,,,,,,,,,,
42,18,19,2,S42,False,0,13,13,0,7,1,0,0,0,"['B395', 'B302', 'B666', 'B281', 'B670', 'B360', 'B112']",6.5,S26,6.95,7,13,20,0.0,,-0.078893,-5.206796,-5.285689,True,True,60,S54,True,30,1.453,pickup+onsite,,,,,,,,,,,,,,,,,,,,,,,,,,,,,,,,,,,,,,,,,,,,,,,,,,,,
42,18,19,15,S26,False,7,13,20,7,0,0,0,0,0,"['B395', 'B302', 'B666', 'B281', 'B670', 'B360', 'B112']",3.5,S59,8.38,0,13,13,0.0,,-0.237433,-5.220711,-5.458143,False,False,12,S10,True,8,0.3687,delivery,,,,,,,,,,,,,,,,,,,,,,,,,,,,,,,,,,,,,,,,,,,,,,,,,,,,
42,18,19,27,S59,False,0,13,13,0,0,0,0,0,0,[],0.0,S37,1.48,0,13,13,0.0,,-0.255806,-5.204517,-5.460322,True,False,24,S37,False,3,0.6912,do_nothing,,,,,,,,,,,,,,,,,,,,,,,,,,,,,,,,,,,,,,,,,,,,,,,,,,,,
42,18,19,29,S37,False,0,13,13,0,7,0,0,0,0,"['B754', 'B672', 'B142', 'B150', 'B286', 'B712', 'B91']",3.5,S15,4.99,7,13,20,0.0,,-0.23569,-5.216692,-5.452382,False,False,11,S10,True,7,0.3154,pickup,,,,,,,,,,,,,,,,,,,,,,,,,,,,,,,,,,,,,,,,,,,,,,,,,,,,
42,18,19,37,S15,False,7,13,20,7,0,0,1,0,0,"['B32', 'B754', 'B672', 'B142', 'B150', 'B286', 'B712', 'B91']",4.0,S64,4.69,0,14,14,0.0,,-0.216908,-5.207878,-5.424786,True,True,14,S10,True,11,0.3948,delivery+depot_removal,,,,,,,,,,,,,,,,,,,,,,,,,,,,,,,,,,,,,,,,,,,,,,,,,,,,
42,18,19,46,S64,False,0,14,14,0,6,1,0,0,0,"['B202', 'B362', 'B66', 'B726', 'B429', 'B254']",6.0,D0,1.86,6,14,20,0.0,,-0.217009,-5.21965,-5.436659,True,True,10,D0,True,9,0.3161,pickup+onsite,,,,,,,,,,,,,,,,,,,,,,,,,,,,,,,,,,,,,,,,,,,,,,,,,,,,
42,18,19,54,D0,True,6,14,20,0,0,0,0,14,12,"['B466', 'B579', 'B440', 'B692', 'B475', 'B284', 'B459', 'B215', 'B604', 'B207', 'B594', 'B725', 'B537', 'B702', 'B212', 'B680', 'B481', 'B88', 'B265', 'B247', 'B535', 'B181', 'B654', 'B120', 'B399', 'B32']",13.0,D0,0.0,18,0,18,0.0,,-0.236731,-5.211373,-5.448104,True,True,1,D0,False,0,0.0387,do_nothing,,,,,,,,,,,,,,,,,,,,,,,,,,,,,,,,,,,,,,,,,,,,,,,,,,,,
42,19,6,7,D0,True,18,0,18,0,0,0,0,0,0,[],0.0,S43,2.15,18,0,18,0.0,,-0.019823,-5.172621,-5.192444,True,True,5,S48,True,1,0.2373,depot_passthrough,,,,,,,,,,,,,,,,,,,,,,,,,,,,,,,,,,,,,,,,,,,,,,,,,,,,
42,19,6,24,S43,False,18,0,18,15,0,0,0,0,0,"['B202', 'B362', 'B66', 'B726', 'B429', 'B254', 'B466', 'B579', 'B440', 'B692', 'B475', 'B284', 'B459', 'B215', 'B604']",7.5,S37,1.66,3,0,3,0.0,,-0.098266,-5.142701,-5.240967,True,False,36,S48,True,25,1.0314,delivery,,,,,,,,,,,,,,,,,,,,,,,,,,,,,,,,,,,,,,,,,,,,,,,,,,,,
42,19,6,33,S37,False,3,0,3,0,17,0,0,0,0,"['B53', 'B569', 'B244', 'B370', 'B184', 'B77', 'B667', 'B175', 'B324', 'B504', 'B85', 'B716', 'B291', 'B166', 'B553', 'B290', 'B269']",8.5,S48,5.41,20,0,20,0.0,,-0.137263,-5.122793,-5.260056,False,False,12,S48,False,6,0.3678,pickup,,,,,,,,,,,,,,,,,,,,,,,,,,,,,,,,,,,,,,,,,,,,,,,,,,,,
42,19,6,47,S48,False,20,0,20,14,0,0,0,0,0,"['B207', 'B594', 'B725', 'B53', 'B569', 'B244', 'B370', 'B184', 'B77', 'B667', 'B175', 'B324', 'B504', 'B85']",7.0,S0,10.77,6,0,6,0.0,,-0.097968,-5.083156,-5.181124,False,False,18,S59,True,16,0.7836,delivery,,,,,,,,,,,,,,,,,,,,,,,,,,,,,,,,,,,,,,,,,,,,,,,,,,,,
42,19,7,5,S0,False,6,0,6,0,14,0,0,0,0,"['B102', 'B406', 'B668', 'B748', 'B322', 'B248', 'B221', 'B518', 'B294', 'B222', 'B31', 'B164', 'B387', 'B402']",7.0,S24,11.82,20,0,20,0.0,,-0.138414,-5.199902,-5.338317,False,False,12,S20,True,6,0.5339,pickup,,,,,,,,,,,,,,,,,,,,,,,,,,,,,,,,,,,,,,,,,,,,,,,,,,,,
42,19,7,24,S24,False,20,0,20,0,0,0,0,0,0,[],0.0,S26,3.0,20,0,20,0.0,,-0.078943,-5.207077,-5.28602,False,False,18,S60,True,3,0.8464,do_nothing,,,,,,,,,,,,,,,,,,,,,,,,,,,,,,,,,,,,,,,,,,,,,,,,,,,,
42,19,7,27,S26,False,20,0,20,12,0,0,0,0,0,"['B716', 'B291', 'B166', 'B553', 'B290', 'B269', 'B102', 'B406', 'B668', 'B748', 'B322', 'B248']",6.0,S24,3.0,8,0,8,0.0,,-0.137814,-5.176289,-5.314103,False,False,18,S24,True,12,0.6475,delivery,,,,,,,,,,,,,,,,,,,,,,,,,,,,,,,,,,,,,,,,,,,,,,,,,,,,
42,19,7,36,S24,False,8,0,8,0,0,0,0,0,0,[],0.0,S20,5.62,8,0,8,0.0,,-0.097971,-5.201987,-5.299957,False,False,12,S60,True,1,0.3955,do_nothing,,,,,,,,,,,,,,,,,,,,,,,,,,,,,,,,,,,,,,,,,,,,,,,,,,,,
42,19,7,41,S20,False,8,0,8,8,0,0,1,0,0,"['B111', 'B221', 'B518', 'B294', 'B222', 'B31', 'B164', 'B387', 'B402']",4.5,S52,10.6,0,1,1,0.0,,-0.059221,-5.1977,-5.256921,True,True,24,S60,True,22,0.976,delivery+depot_removal,,,,,,,,,,,,,,,,,,,,,,,,,,,,,,,,,,,,,,,,,,,,,,,,,,,,
42,19,7,56,S52,False,0,1,1,0,0,0,0,0,0,[],0.0,S60,3.35,0,1,1,0.0,,-0.059571,-5.188747,-5.248318,False,False,12,S60,False,0,0.4377,do_nothing,,,,,,,,,,,,,,,,,,,,,,,,,,,,,,,,,,,,,,,,,,,,,,,,,,,,
42,19,8,0,S60,False,0,1,1,0,16,0,0,0,0,"['B310', 'B471', 'B34', 'B33', 'B140', 'B377', 'B628', 'B380', 'B316', 'B154', 'B554', 'B744', 'B699', 'B71', 'B731', 'B308']",8.0,S10,6.65,16,1,17,0.0,,-0.059823,-5.086746,-5.146569,True,False,30,S59,True,13,1.2664,pickup,,,,,,,,,,,,,,,,,,,,,,,,,,,,,,,,,,,,,,,,,,,,,,,,,,,,
42,19,8,14,S10,False,16,1,17,10,0,0,0,0,0,"['B310', 'B471', 'B34', 'B33', 'B140', 'B377', 'B628', 'B380', 'B316', 'B154']",5.0,S17,6.51,6,1,7,0.0,,-0.079346,-5.074295,-5.153642,False,False,18,S17,False,8,0.5505,delivery,,,,,,,,,,,,,,,,,,,,,,,,,,,,,,,,,,,,,,,,,,,,,,,,,,,,
42,19,8,26,S17,False,6,1,7,6,0,0,0,0,0,"['B554', 'B744', 'B699', 'B71', 'B731', 'B308']",3.0,S59,10.2,0,1,1,0.0,,-0.097817,-5.055443,-5.15326,False,False,12,S59,False,6,0.5504,delivery,,,,,,,,,,,,,,,,,,,,,,,,,,,,,,,,,,,,,,,,,,,,,,,,,,,,
42,19,8,39,S59,False,0,1,1,0,19,0,0,0,0,"['B216', 'B394', 'B145', 'B131', 'B72', 'B364', 'B572', 'B722', 'B715', 'B472', 'B661', 'B694', 'B741', 'B630', 'B267', 'B523', 'B500', 'B499', 'B193']",9.5,S51,5.65,19,1,20,0.0,,-0.098415,-5.084877,-5.183292,True,False,24,S65,True,19,1.2554,pickup,,,,,,,,,,,,,,,,,,,,,,,,,,,,,,,,,,,,,,,,,,,,,,,,,,,,
42,19,8,54,S51,False,19,1,20,7,0,0,0,0,0,"['B216', 'B394', 'B145', 'B131', 'B72', 'B364', 'B572']",3.5,S12,2.02,12,1,13,0.0,,-0.158439,-5.069918,-5.228357,True,False,54,S22,True,36,2.1661,delivery,,,,,,,,,,,,,,,,,,,,,,,,,,,,,,,,,,,,,,,,,,,,,,,,,,,,
42,19,9,0,S12,False,12,1,13,0,7,1,0,0,0,"['B342', 'B576', 'B493', 'B568', 'B697', 'B734', 'B418']",6.5,S24,15.44,19,1,20,0.0,,-0.17696,-5.079894,-5.256853,True,True,48,S22,True,33,1.8798,pickup+onsite,,,,,,,,,,,,,,,,,,,,,,,,,,,,,,,,,,,,,,,,,,,,,,,,,,,,
42,19,9,22,S24,False,19,1,20,14,0,0,0,0,0,"['B722', 'B715', 'B472', 'B661', 'B694', 'B741', 'B630', 'B267', 'B523', 'B500', 'B499', 'B193', 'B342', 'B576']",7.0,S15,4.89,5,1,6,0.0,,-0.274982,-5.102305,-5.377287,False,False,18,S15,False,12,1.0386,delivery,,,,,,,,,,,,,,,,,,,,,,,,,,,,,,,,,,,,,,,,,,,,,,,,,,,,
42,19,9,34,S15,False,5,1,6,5,0,0,0,0,0,"['B493', 'B568', 'B697', 'B734', 'B418']",2.5,S37,4.99,0,1,1,0.0,,-0.05877,-5.086622,-5.145392,False,False,12,S37,False,6,0.364,delivery,,,,,,,,,,,,,,,,,,,,,,,,,,,,,,,,,,,,,,,,,,,,,,,,,,,,
42,19,9,41,S37,False,0,1,1,0,19,0,0,0,0,"['B381', 'B752', 'B489', 'B714', 'B276', 'B588', 'B486', 'B465', 'B130', 'B599', 'B519', 'B464', 'B610', 'B172', 'B498', 'B73', 'B389', 'B711', 'B186']",9.5,S22,7.12,19,1,20,0.0,,-0.276026,-5.108393,-5.384419,False,False,18,S15,True,14,0.6002,pickup,,,,,,,,,,,,,,,,,,,,,,,,,,,,,,,,,,,,,,,,,,,,,,,,,,,,
42,19,9,58,S22,False,19,1,20,16,0,0,0,0,0,"['B381', 'B752', 'B489', 'B714', 'B276', 'B588', 'B486', 'B465', 'B130', 'B599', 'B519', 'B464', 'B610', 'B172', 'B498', 'B73']",8.0,S51,11.78,3,1,4,0.0,,-0.355475,-5.123983,-5.479458,True,False,30,S15,True,10,1.0531,delivery,,,,,,,,,,,,,,,,,,,,,,,,,,,,,,,,,,,,,,,,,,,,,,,,,,,,
42,19,10,17,S51,False,3,1,4,0,8,0,0,0,0,"['B26', 'B216', 'B394', 'B145', 'B131', 'B72', 'B364', 'B572']",4.0,S35,8.32,11,1,12,0.0,,-0.491291,-5.138292,-5.629584,True,False,54,S35,True,20,1.2734,pickup,,,,,,,,,,,,,,,,,,,,,,,,,,,,,,,,,,,,,,,,,,,,,,,,,,,,
42,19,10,30,S35,False,11,1,12,11,0,0,0,0,0,"['B389', 'B711', 'B186', 'B26', 'B216', 'B394', 'B145', 'B131', 'B72', 'B364', 'B572']",5.5,S16,6.87,0,1,1,0.0,,-0.491789,-5.138988,-5.630777,False,False,12,S52,True,10,0.3116,delivery,,,,,,,,,,,,,,,,,,,,,,,,,,,,,,,,,,,,,,,,,,,,,,,,,,,,
42,19,10,42,S16,False,0,1,1,0,8,0,0,0,0,"['B69', 'B584', 'B246', 'B128', 'B332', 'B614', 'B334', 'B378']",4.0,S52,1.07,8,1,9,0.0,,-0.09842,-5.12795,-5.22637,False,False,18,S58,True,6,0.5694,pickup,,,,,,,,,,,,,,,,,,,,,,,,,,,,,,,,,,,,,,,,,,,,,,,,,,,,
42,19,10,47,S52,False,8,1,9,0,11,0,0,0,0,"['B520', 'B361', 'B634', 'B56', 'B51', 'B370', 'B550', 'B321', 'B723', 'B398', 'B116']",5.5,S15,4.21,19,1,20,0.0,,-0.099017,-5.120148,-5.219165,False,False,12,S53,True,6,0.3387,pickup,,,,,,,,,,,,,,,,,,,,,,,,,,,,,,,,,,,,,,,,,,,,,,,,,,,,
42,19,10,57,S15,False,19,1,20,15,0,0,0,0,0,"['B69', 'B584', 'B246', 'B128', 'B332', 'B614', 'B334', 'B378', 'B520', 'B361', 'B634', 'B56', 'B51', 'B370', 'B550']",7.5,S65,5.1,4,1,5,0.0,,-0.157136,-5.125014,-5.28215,False,False,18,S65,False,12,0.4477,delivery,,,,,,,,,,,,,,,,,,,,,,,,,,,,,,,,,,,,,,,,,,,,,,,,,,,,
42,19,11,10,S65,False,4,1,5,4,0,0,0,0,0,"['B321', 'B723', 'B398', 'B116']",2.0,S19,11.76,0,1,1,0.0,,-0.255157,-5.184386,-5.439544,False,False,12,S58,True,9,0.4946,delivery,,,,,,,,,,,,,,,,,,,,,,,,,,,,,,,,,,,,,,,,,,,,,,,,,,,,
42,19,11,23,S19,False,0,1,1,0,6,2,0,0,0,"['B530', 'B390', 'B633', 'B674', 'B468', 'B545']",9.0,S53,4.85,6,1,7,0.0,,-0.491785,-5.187687,-5.679472,True,True,54,S58,True,30,2.0736,pickup+onsite,,,,,,,,,,,,,,,,,,,,,,,,,,,,,,,,,,,,,,,,,,,,,,,,,,,,
42,19,11,37,S53,False,6,1,7,0,0,1,0,0,0,[],3.0,S38,4.89,6,1,7,0.0,,-0.294901,-5.163058,-5.457958,True,True,48,S58,True,15,1.8333,do_nothing+onsite,,,,,,,,,,,,,,,,,,,,,,,,,,,,,,,,,,,,,,,,,,,,,,,,,,,,
42,19,11,45,S38,False,6,1,7,6,0,0,0,0,0,"['B530', 'B390', 'B633', 'B674', 'B468', 'B545']",3.0,S18,1.67,0,1,1,0.0,,-0.569577,-5.172508,-5.742085,False,False,12,S58,True,8,0.411,delivery,,,,,,,,,,,,,,,,,,,,,,,,,,,,,,,,,,,,,,,,,,,,,,,,,,,,
42,19,11,50,S18,False,0,1,1,0,14,0,0,0,0,"['B589', 'B449', 'B502', 'B15', 'B485', 'B430', 'B395', 'B626', 'B679', 'B281', 'B343', 'B367', 'B60', 'B263']",7.0,S29,6.89,14,1,15,0.0,,-0.589755,-5.158899,-5.748655,False,False,18,S58,True,10,0.75,pickup,,,,,,,,,,,,,,,,,,,,,,,,,,,,,,,,,,,,,,,,,,,,,,,,,,,,
42,19,12,4,S29,False,14,1,15,14,0,0,0,0,0,"['B589', 'B449', 'B502', 'B15', 'B485', 'B430', 'B395', 'B626', 'B679', 'B281', 'B343', 'B367', 'B60', 'B263']",7.0,S58,6.9,0,1,1,0.0,,-0.393422,-5.098269,-5.491691,False,False,12,S58,False,6,0.3768,delivery,,,,,,,,,,,,,,,,,,,,,,,,,,,,,,,,,,,,,,,,,,,,,,,,,,,,
42,19,12,17,S58,False,0,1,1,0,11,0,0,0,0,"['B84', 'B27', 'B338', 'B386', 'B241', 'B617', 'B115', 'B280', 'B289', 'B467', 'B440']",5.5,S44,1.79,11,1,12,0.0,,-0.493946,-5.110487,-5.604434,True,False,36,S44,False,24,1.1776,pickup,,,,,,,,,,,,,,,,,,,,,,,,,,,,,,,,,,,,,,,,,,,,,,,,,,,,
42,19,12,25,S44,False,11,1,12,11,0,0,0,0,0,"['B84', 'B27', 'B338', 'B386', 'B241', 'B617', 'B115', 'B280', 'B289', 'B467', 'B440']",5.5,S60,4.0,0,1,1,0.0,,-0.374494,-5.110584,-5.485078,False,False,18,S62,True,16,0.5623,delivery,,,,,,,,,,,,,,,,,,,,,,,,,,,,,,,,,,,,,,,,,,,,,,,,,,,,
42,19,12,34,S60,False,0,1,1,0,13,0,0,0,0,"['B728', 'B98', 'B651', 'B1', 'B718', 'B645', 'B151', 'B260', 'B597', 'B40', 'B684', 'B681', 'B611']",6.5,S51,7.5,13,1,14,0.0,,-0.790548,-5.113286,-5.903834,True,False,36,S62,True,16,1.3547,pickup,,,,,,,,,,,,,,,,,,,,,,,,,,,,,,,,,,,,,,,,,,,,,,,,,,,,
42,19,12,48,S51,False,13,1,14,0,0,2,0,0,0,[],6.0,S13,15.47,13,1,14,0.0,,-0.788241,-5.158222,-5.946463,True,True,54,S19,True,16,1.6964,do_nothing+onsite,,,,,,,,,,,,,,,,,,,,,,,,,,,,,,,,,,,,,,,,,,,,,,,,,,,,
42,19,13,10,S13,False,13,1,14,0,0,0,0,0,0,[],0.0,S61,9.58,13,1,14,0.0,,-0.653332,-5.203256,-5.856588,False,False,12,S54,True,3,0.5771,do_nothing,,,,,,,,,,,,,,,,,,,,,,,,,,,,,,,,,,,,,,,,,,,,,,,,,,,,
42,19,13,19,S61,False,13,1,14,7,0,0,0,0,0,"['B728', 'B98', 'B651', 'B1', 'B718', 'B645', 'B151']",3.5,S54,4.83,6,1,7,0.0,,-0.513861,-5.190973,-5.704834,False,False,18,S53,True,12,0.61,delivery,,,,,,,,,,,,,,,,,,,,,,,,,,,,,,,,,,,,,,,,,,,,,,,,,,,,
42,19,13,28,S54,False,6,1,7,0,13,0,0,0,0,"['B713', 'B761', 'B667', 'B602', 'B37', 'B757', 'B183', 'B752', 'B587', 'B72', 'B589', 'B449', 'B588']",6.5,S53,2.46,19,1,20,0.0,,-0.471263,-5.190167,-5.66143,False,False,12,S3,True,7,0.3872,pickup,,,,,,,,,,,,,,,,,,,,,,,,,,,,,,,,,,,,,,,,,,,,,,,,,,,,
42,19,13,37,S53,False,19,1,20,18,0,0,0,0,0,"['B260', 'B597', 'B40', 'B684', 'B681', 'B611', 'B713', 'B761', 'B667', 'B602', 'B37', 'B757', 'B183', 'B752', 'B587', 'B72', 'B589', 'B449']",9.0,S40,2.27,1,1,2,0.0,,-0.394678,-5.199831,-5.594509,True,False,60,S36,True,15,2.1165,delivery,,,,,,,,,,,,,,,,,,,,,,,,,,,,,,,,,,,,,,,,,,,,,,,,,,,,
42,19,13,48,S40,False,1,1,2,0,9,0,0,0,0,"['B134', 'B202', 'B146', 'B59', 'B109', 'B325', 'B716', 'B153', 'B52']",4.5,S62,0.73,10,1,11,0.0,,-0.117942,-5.197698,-5.31564,True,False,36,S62,False,24,1.3163,pickup,,,,,,,,,,,,,,,,,,,,,,,,,,,,,,,,,,,,,,,,,,,,,,,,,,,,
42,19,13,53,S62,False,10,1,11,0,9,0,0,0,0,"['B622', 'B110', 'B375', 'B605', 'B595', 'B711', 'B419', 'B168', 'B351']",4.5,S36,5.06,19,1,20,0.0,,-0.236081,-5.197896,-5.433977,False,False,12,S36,False,9,0.2665,pickup,,,,,,,,,,,,,,,,,,,,,,,,,,,,,,,,,,,,,,,,,,,,,,,,,,,,
42,19,14,3,S36,False,19,1,20,12,0,0,0,0,0,"['B588', 'B134', 'B202', 'B146', 'B59', 'B109', 'B325', 'B716', 'B153', 'B52', 'B622', 'B110']",6.0,S18,6.27,7,1,8,0.0,,-0.177312,-5.124141,-5.301453,False,False,18,S63,True,7,0.4532,delivery,,,,,,,,,,,,,,,,,,,,,,,,,,,,,,,,,,,,,,,,,,,,,,,,,,,,
42,19,14,15,S18,False,7,1,8,7,0,0,0,0,0,"['B375', 'B605', 'B595', 'B711', 'B419', 'B168', 'B351']",3.5,S64,0.52,0,1,1,0.0,,-0.471907,-5.140742,-5.61265,False,False,12,S59,True,10,0.7436,delivery,,,,,,,,,,,,,,,,,,,,,,,,,,,,,,,,,,,,,,,,,,,,,,,,,,,,
42,19,14,19,S64,False,0,1,1,0,6,0,0,0,0,"['B598', 'B461', 'B720', 'B724', 'B547', 'B574']",3.0,S63,3.66,6,1,7,0.0,,-0.412244,-5.120834,-5.533078,True,False,54,S59,True,18,3.1293,pickup,,,,,,,,,,,,,,,,,,,,,,,,,,,,,,,,,,,,,,,,,,,,,,,,,,,,
42,19,14,26,S63,False,6,1,7,6,0,0,0,0,0,"['B598', 'B461', 'B720', 'B724', 'B547', 'B574']",3.0,S42,7.96,0,1,1,0.0,,-0.336198,-5.148699,-5.484897,True,False,24,S42,False,13,1.3959,delivery,,,,,,,,,,,,,,,,,,,,,,,,,,,,,,,,,,,,,,,,,,,,,,,,,,,,
42,19,14,37,S42,False,0,1,1,0,10,1,0,0,0,"['B54', 'B217', 'B128', 'B614', 'B686', 'B379', 'B233', 'B249', 'B432', 'B139']",8.0,S35,1.31,10,1,11,0.0,,-0.492685,-5.12682,-5.619505,True,True,72,S35,True,60,2.6184,pickup+onsite,,,,,,,,,,,,,,,,,,,,,,,,,,,,,,,,,,,,,,,,,,,,,,,,,,,,
42,19,14,46,S35,False,10,1,11,0,9,0,0,0,0,"['B426', 'B364', 'B223', 'B491', 'B159', 'B596', 'B408', 'B158', 'B190']",4.5,S44,6.81,19,1,20,0.0,,-0.15869,-5.137989,-5.296679,True,False,36,S44,False,22,0.9048,pickup,,,,,,,,,,,,,,,,,,,,,,,,,,,,,,,,,,,,,,,,,,,,,,,,,,,,
42,19,14,57,S44,False,19,1,20,10,0,0,0,0,0,"['B54', 'B217', 'B128', 'B614', 'B686', 'B379', 'B233', 'B249', 'B432', 'B139']",5.0,S65,6.93,9,1,10,0.0,,-0.295804,-5.127948,-5.423751,False,False,18,S65,False,10,0.6392,delivery,,,,,,,,,,,,,,,,,,,,,,,,,,,,,,,,,,,,,,,,,,,,,,,,,,,,
42,19,15,9,S65,False,9,1,10,0,0,0,0,0,0,[],0.0,S39,5.08,9,1,10,0.0,,-0.2954,-5.173821,-5.469221,False,False,12,S66,True,0,0.5359,do_nothing,,,,,,,,,,,,,,,,,,,,,,,,,,,,,,,,,,,,,,,,,,,,,,,,,,,,
42,19,15,14,S39,False,9,1,10,9,0,0,0,0,0,"['B426', 'B364', 'B223', 'B491', 'B159', 'B596', 'B408', 'B158', 'B190']",4.5,S66,4.09,0,1,1,0.0,,-0.177714,-5.144324,-5.322038,False,False,12,S66,False,9,0.5503,delivery,,,,,,,,,,,,,,,,,,,,,,,,,,,,,,,,,,,,,,,,,,,,,,,,,,,,
42,19,15,23,S66,False,0,1,1,0,10,0,1,0,0,"['B560', 'B254', 'B219', 'B400', 'B415', 'B640', 'B203', 'B78', 'B365', 'B339', 'B633']",5.5,S18,2.06,10,2,12,0.0,,-0.118591,-5.152544,-5.271134,True,True,36,S31,True,32,1.4596,pickup+depot_removal,,,,,,,,,,,,,,,,,,,,,,,,,,,,,,,,,,,,,,,,,,,,,,,,,,,,
42,19,15,30,S18,False,10,2,12,0,0,0,0,0,0,[],0.0,S15,4.77,10,2,12,0.0,,-0.354026,-5.159966,-5.513991,False,False,12,S1,True,0,0.5815,do_nothing,,,,,,,,,,,,,,,,,,,,,,,,,,,,,,,,,,,,,,,,,,,,,,,,,,,,
42,19,15,35,S15,False,10,2,12,10,0,0,0,0,0,"['B560', 'B254', 'B219', 'B400', 'B415', 'B640', 'B203', 'B78', 'B365', 'B339']",5.0,S35,5.79,0,2,2,0.0,,-0.15684,-5.145504,-5.302344,False,False,12,S35,False,9,0.505,delivery,,,,,,,,,,,,,,,,,,,,,,,,,,,,,,,,,,,,,,,,,,,,,,,,,,,,
42,19,15,46,S35,False,0,2,2,0,10,0,0,0,0,"['B615', 'B8', 'B57', 'B394', 'B304', 'B385', 'B154', 'B324', 'B758', 'B259']",5.0,S18,8.69,10,2,12,0.0,,-0.097967,-5.129673,-5.22764,True,False,54,S31,True,40,2.2058,pickup,,,,,,,,,,,,,,,,,,,,,,,,,,,,,,,,,,,,,,,,,,,,,,,,,,,,
42,19,16,0,S18,False,10,2,12,10,0,0,0,0,0,"['B615', 'B8', 'B57', 'B394', 'B304', 'B385', 'B154', 'B324', 'B758', 'B259']",5.0,S51,6.05,0,2,2,0.0,,-0.216958,-5.164968,-5.381926,False,False,12,S51,False,8,0.577,delivery,,,,,,,,,,,,,,,,,,,,,,,,,,,,,,,,,,,,,,,,,,,,,,,,,,,,
42,19,16,11,S51,False,0,2,2,0,6,0,0,0,0,"['B646', 'B334', 'B285', 'B636', 'B373', 'B2']",3.0,S32,4.37,6,2,8,0.0,,-0.118388,-5.130302,-5.248689,False,False,18,S31,True,8,0.6085,pickup,,,,,,,,,,,,,,,,,,,,,,,,,,,,,,,,,,,,,,,,,,,,,,,,,,,,
42,19,16,18,S32,False,6,2,8,0,0,0,0,0,0,[],0.0,S43,3.61,6,2,8,0.0,,-0.355122,-5.161437,-5.516559,False,False,12,S31,True,2,0.4739,do_nothing,,,,,,,,,,,,,,,,,,,,,,,,,,,,,,,,,,,,,,,,,,,,,,,,,,,,
42,19,16,22,S43,False,6,2,8,6,0,0,0,0,0,"['B646', 'B334', 'B285', 'B636', 'B373', 'B2']",3.0,S64,3.6,0,2,2,0.0,,-0.275034,-5.133958,-5.408992,True,False,24,S31,True,13,0.9634,delivery,,,,,,,,,,,,,,,,,,,,,,,,,,,,,,,,,,,,,,,,,,,,,,,,,,,,
42,19,16,28,S64,False,0,2,2,0,7,0,0,0,0,"['B618', 'B86', 'B663', 'B724', 'B598', 'B669', 'B7']",3.5,S63,3.66,7,2,9,0.0,,-0.255754,-5.12228,-5.378034,True,False,54,S31,True,18,2.0983,pickup,,,,,,,,,,,,,,,,,,,,,,,,,,,,,,,,,,,,,,,,,,,,,,,,,,,,
42,19,16,35,S63,False,7,2,9,7,0,0,0,0,0,"['B618', 'B86', 'B663', 'B724', 'B598', 'B669', 'B7']",3.5,S61,3.24,0,2,2,0.0,,-0.216858,-5.103967,-5.320825,True,False,24,S24,True,15,0.8108,delivery,,,,,,,,,,,,,,,,,,,,,,,,,,,,,,,,,,,,,,,,,,,,,,,,,,,,
42,19,16,42,S61,False,0,2,2,0,0,0,0,0,0,[],0.0,S31,1.01,0,2,2,0.0,,-0.176913,-5.112323,-5.289236,False,False,18,S31,True,0,0.7368,do_nothing,,,,,,,,,,,,,,,,,,,,,,,,,,,,,,,,,,,,,,,,,,,,,,,,,,,,
42,19,16,43,S31,False,0,2,2,0,17,1,0,0,0,"['B528', 'B642', 'B677', 'B527', 'B534', 'B87', 'B45', 'B518', 'B719', 'B447', 'B430', 'B56', 'B211', 'B643', 'B97', 'B257', 'B170']",11.5,S32,6.41,17,2,19,0.0,,-0.315976,-5.082148,-5.398124,True,True,144,S3,True,123,3.6693,pickup+onsite,,,,,,,,,,,,,,,,,,,,,,,,,,,,,,,,,,,,,,,,,,,,,,,,,,,,
42,19,17,1,S32,False,17,2,19,15,0,0,0,0,0,"['B528', 'B642', 'B677', 'B527', 'B534', 'B87', 'B45', 'B518', 'B719', 'B447', 'B430', 'B56', 'B211', 'B643', 'B97']",7.5,S52,3.72,2,2,4,0.0,,-0.413239,-5.15409,-5.567329,False,False,18,S52,False,13,0.7704,delivery,,,,,,,,,,,,,,,,,,,,,,,,,,,,,,,,,,,,,,,,,,,,,,,,,,,,
42,19,17,12,S52,False,2,2,4,0,12,0,0,0,0,"['B33', 'B423', 'B48', 'B361', 'B583', 'B635', 'B549', 'B253', 'B678', 'B387', 'B70', 'B73']",6.0,S29,5.05,14,2,16,0.0,,-0.336197,-5.166543,-5.50274,False,False,18,S29,False,12,0.7694,pickup,,,,,,,,,,,,,,,,,,,,,,,,,,,,,,,,,,,,,,,,,,,,,,,,,,,,
42,19,17,23,S29,False,14,2,16,14,0,0,0,0,0,"['B257', 'B170', 'B33', 'B423', 'B48', 'B361', 'B583', 'B635', 'B549', 'B253', 'B678', 'B387', 'B70', 'B73']",7.0,S66,6.29,0,2,2,0.0,,-0.394571,-5.114386,-5.508957,False,False,12,S66,False,7,0.4821,delivery,,,,,,,,,,,,,,,,,,,,,,,,,,,,,,,,,,,,,,,,,,,,,,,,,,,,
42,19,17,37,S66,False,0,2,2,0,14,0,0,0,0,"['B693', 'B216', 'B627', 'B708', 'B689', 'B77', 'B731', 'B245', 'B294', 'B10', 'B345', 'B166', 'B577', 'B668']",7.0,S27,1.91,14,2,16,0.0,,-0.157787,-5.109397,-5.267184,True,False,36,S27,False,24,1.6366,pickup,,,,,,,,,,,,,,,,,,,,,,,,,,,,,,,,,,,,,,,,,,,,,,,,,,,,
42,19,17,46,S27,False,14,2,16,13,0,0,0,0,0,"['B693', 'B216', 'B627', 'B708', 'B689', 'B77', 'B731', 'B245', 'B294', 'B10', 'B345', 'B166', 'B577']",6.5,S6,7.57,1,2,3,0.0,,-0.255256,-5.096901,-5.352158,False,False,18,S62,True,9,0.85,delivery,,,,,,,,,,,,,,,,,,,,,,,,,,,,,,,,,,,,,,,,,,,,,,,,,,,,
42,19,18,0,S6,False,1,2,3,0,10,1,0,0,0,"['B441', 'B470', 'B331', 'B586', 'B346', 'B155', 'B453', 'B688', 'B255', 'B60']",8.0,S17,5.44,11,2,13,0.0,,-0.039347,-5.103272,-5.14262,True,True,144,S49,True,90,5.3951,pickup+onsite,,,,,,,,,,,,,,,,,,,,,,,,,,,,,,,,,,,,,,,,,,,,,,,,,,,,
42,19,18,13,S17,False,11,2,13,0,0,0,0,0,0,[],0.0,S65,7.47,11,2,13,0.0,,-0.05947,-5.083659,-5.143128,False,False,12,S62,True,0,0.3407,do_nothing,,,,,,,,,,,,,,,,,,,,,,,,,,,,,,,,,,,,,,,,,,,,,,,,,,,,
42,19,18,21,S65,False,11,2,13,11,0,0,0,0,0,"['B668', 'B441', 'B470', 'B331', 'B586', 'B346', 'B155', 'B453', 'B688', 'B255', 'B60']",5.5,S62,5.94,0,2,2,0.0,,-0.098465,-5.100241,-5.198706,False,False,12,S62,False,6,0.3494,delivery,,,,,,,,,,,,,,,,,,,,,,,,,,,,,,,,,,,,,,,,,,,,,,,,,,,,
42,19,18,32,S62,False,0,2,2,0,17,0,0,0,0,"['B637', 'B229', 'B536', 'B288', 'B252', 'B529', 'B687', 'B172', 'B292', 'B123', 'B44', 'B462', 'B165', 'B46', 'B298', 'B258', 'B286']",8.5,S30,4.79,17,2,19,0.0,,0.0,-5.093628,-5.093628,False,False,18,S45,True,15,0.5815,pickup,,,,,,,,,,,,,,,,,,,,,,,,,,,,,,,,,,,,,,,,,,,,,,,,,,,,
42,19,18,45,S30,False,17,2,19,7,0,0,0,0,0,"['B637', 'B229', 'B536', 'B288', 'B252', 'B529', 'B687']",3.5,S17,7.68,10,2,12,0.0,,-0.019823,-5.059498,-5.079321,True,False,36,S17,False,25,0.9683,delivery,,,,,,,,,,,,,,,,,,,,,,,,,,,,,,,,,,,,,,,,,,,,,,,,,,,,
42,19,18,56,S17,False,10,2,12,10,0,0,0,0,0,"['B172', 'B292', 'B123', 'B44', 'B462', 'B165', 'B46', 'B298', 'B258', 'B286']",5.0,S9,16.64,0,2,2,0.0,,-0.079295,-5.084578,-5.163873,False,False,12,S9,False,8,0.3506,delivery,,,,,,,,,,,,,,,,,,,,,,,,,,,,,,,,,,,,,,,,,,,,,,,,,,,,
42,19,19,18,S9,False,0,2,2,0,8,0,0,0,0,"['B482', 'B505', 'B743', 'B600', 'B355', 'B679', 'B674', 'B130']",4.0,S57,10.29,8,2,10,0.0,,-0.039647,-5.202148,-5.241795,False,False,18,S57,True,7,0.5932,pickup,,,,,,,,,,,,,,,,,,,,,,,,,,,,,,,,,,,,,,,,,,,,,,,,,,,,
42,19,19,32,S57,False,8,2,10,0,0,0,1,0,0,['B613'],0.5,S26,6.87,8,3,11,0.0,,-0.019425,-5.198538,-5.217963,True,True,20,S26,True,7,0.583,do_nothing+depot_removal,,,,,,,,,,,,,,,,,,,,,,,,,,,,,,,,,,,,,,,,,,,,,,,,,,,,
42,19,19,40,S26,False,8,3,11,0,0,0,0,0,0,[],0.0,S33,6.45,8,3,11,0.0,,-0.059219,-5.201232,-5.260452,False,False,3,D0,True,0,0.0835,do_nothing,,,,,,,,,,,,,,,,,,,,,,,,,,,,,,,,,,,,,,,,,,,,,,,,,,,,
42,19,19,46,S33,False,8,3,11,0,9,0,0,0,0,"['B162', 'B569', 'B760', 'B137', 'B235', 'B756', 'B390', 'B224', 'B198']",4.5,D0,0.94,17,3,20,0.0,,-0.078544,-5.191251,-5.269795,True,False,3,D0,False,2,0.0955,pickup,,,,,,,,,,,,,,,,,,,,,,,,,,,,,,,,,,,,,,,,,,,,,,,,,,,,
42,19,19,52,D0,True,17,3,20,0,0,0,0,3,0,"['B111', 'B633', 'B613']",1.5,D0,0.0,17,0,17,0.0,,-0.157738,-5.209707,-5.367446,True,True,1,D0,False,0,0.0354,do_nothing,,,,,,,,,,,,,,,,,,,,,,,,,,,,,,,,,,,,,,,,,,,,,,,,,,,,
42,20,6,8,D0,True,17,0,17,0,0,0,0,0,3,"['B537', 'B702', 'B212']",1.5,S3,3.11,20,0,20,0.0,,-0.019673,-5.25882,-5.278492,True,True,5,S3,False,0,0.1564,load_queue,,,,,,,,,,,,,,,,,,,,,,,,,,,,,,,,,,,,,,,,,,,,,,,,,,,,
42,20,6,28,S3,False,20,0,20,11,0,0,0,0,0,"['B482', 'B505', 'B743', 'B600', 'B355', 'B679', 'B674', 'B130', 'B162', 'B569', 'B760']",5.5,S49,8.83,9,0,9,0.0,,-0.137816,-5.259431,-5.397248,True,False,30,S37,True,7,0.6736,delivery,,,,,,,,,,,,,,,,,,,,,,,,,,,,,,,,,,,,,,,,,,,,,,,,,,,,
42,20,6,42,S49,False,9,0,9,0,11,0,0,0,0,"['B766', 'B141', 'B521', 'B76', 'B469', 'B463', 'B317', 'B156', 'B195', 'B243', 'B446']",5.5,S37,3.13,20,0,20,0.0,,-0.098316,-5.245111,-5.343427,True,False,18,S37,False,12,0.4058,pickup,,,,,,,,,,,,,,,,,,,,,,,,,,,,,,,,,,,,,,,,,,,,,,,,,,,,
42,20,6,51,S37,False,20,0,20,0,0,0,0,0,0,[],0.0,S62,2.6,20,0,20,0.0,,-0.078493,-5.260997,-5.33949,True,False,30,S62,True,0,0.7655,do_nothing,,,,,,,,,,,,,,,,,,,,,,,,,,,,,,,,,,,,,,,,,,,,,,,,,,,,
42,20,6,53,S62,False,20,0,20,14,0,0,0,0,0,"['B137', 'B235', 'B756', 'B390', 'B224', 'B198', 'B537', 'B702', 'B212', 'B766', 'B141', 'B521', 'B76', 'B469']",7.0,S18,3.1,6,0,6,0.0,,-0.098316,-5.237544,-5.33586,False,False,18,S51,True,15,0.4894,delivery,,,,,,,,,,,,,,,,,,,,,,,,,,,,,,,,,,,,,,,,,,,,,,,,,,,,
42,20,7,3,S18,False,6,0,6,0,0,0,0,0,0,[],0.0,S64,0.52,6,0,6,0.0,,0.0,-5.234766,-5.234766,False,False,12,S37,True,4,0.3734,do_nothing,,,,,,,,,,,,,,,,,,,,,,,,,,,,,,,,,,,,,,,,,,,,,,,,,,,,
42,20,7,4,S64,False,6,0,6,0,7,0,1,0,0,"['B232', 'B701', 'B655', 'B513', 'B550', 'B221', 'B131', 'B200']",4.0,S37,1.94,13,1,14,0.0,,-0.039047,-5.179442,-5.21849,True,True,54,S18,True,26,1.7156,pickup+depot_removal,,,,,,,,,,,,,,,,,,,,,,,,,,,,,,,,,,,,,,,,,,,,,,,,,,,,
42,20,7,10,S37,False,13,1,14,13,0,0,0,0,0,"['B463', 'B317', 'B156', 'B195', 'B243', 'B446', 'B232', 'B701', 'B655', 'B513', 'B550', 'B221', 'B131']",6.5,S18,1.43,0,1,1,0.0,,-0.039047,-5.17257,-5.211617,True,False,36,S18,True,25,0.9669,delivery,,,,,,,,,,,,,,,,,,,,,,,,,,,,,,,,,,,,,,,,,,,,,,,,,,,,
42,20,7,18,S18,False,0,1,1,0,19,0,0,0,0,"['B8', 'B57', 'B394', 'B304', 'B385', 'B154', 'B324', 'B758', 'B259', 'B127', 'B609', 'B340', 'B672', 'B215', 'B34', 'B476', 'B171', 'B699', 'B757']",9.5,S26,7.46,19,1,20,0.0,,-0.019573,-5.160225,-5.179798,False,False,12,S4,True,8,0.408,pickup,,,,,,,,,,,,,,,,,,,,,,,,,,,,,,,,,,,,,,,,,,,,,,,,,,,,
42,20,7,35,S26,False,19,1,20,10,0,0,0,0,0,"['B8', 'B57', 'B394', 'B304', 'B385', 'B154', 'B324', 'B758', 'B259', 'B127']",5.0,S27,3.79,9,1,10,0.0,,-0.039147,-5.145818,-5.184965,False,False,18,S59,True,9,0.5478,delivery,,,,,,,,,,,,,,,,,,,,,,,,,,,,,,,,,,,,,,,,,,,,,,,,,,,,
42,20,7,44,S27,False,9,1,10,0,10,0,0,0,0,"['B693', 'B216', 'B627', 'B708', 'B689', 'B77', 'B731', 'B245', 'B294', 'B10']",5.0,S19,9.37,19,1,20,0.0,,-0.058571,-5.147836,-5.206407,False,False,12,S19,False,9,0.4082,pickup,,,,,,,,,,,,,,,,,,,,,,,,,,,,,,,,,,,,,,,,,,,,,,,,,,,,
42,20,7,58,S19,False,19,1,20,7,0,0,0,0,0,"['B609', 'B340', 'B672', 'B215', 'B34', 'B476', 'B171']",3.5,S51,1.21,12,1,13,0.0,,-0.039646,-5.142651,-5.182298,False,False,18,S12,True,14,0.7713,delivery,,,,,,,,,,,,,,,,,,,,,,,,,,,,,,,,,,,,,,,,,,,,,,,,,,,,
42,20,8,3,S51,False,12,1,13,0,7,0,0,0,0,"['B647', 'B373', 'B397', 'B196', 'B719', 'B205', 'B571']",3.5,S46,3.14,19,1,20,0.0,,-0.019673,-5.014134,-5.033807,False,False,12,S0,True,7,0.5587,pickup,,,,,,,,,,,,,,,,,,,,,,,,,,,,,,,,,,,,,,,,,,,,,,,,,,,,
42,20,8,9,S46,False,19,1,20,12,0,0,0,0,0,"['B699', 'B757', 'B693', 'B216', 'B627', 'B708', 'B689', 'B77', 'B731', 'B245', 'B294', 'B10']",6.0,S59,4.24,7,1,8,0.0,,-0.05892,-5.02021,-5.07913,False,False,18,S53,True,12,0.822,delivery,,,,,,,,,,,,,,,,,,,,,,,,,,,,,,,,,,,,,,,,,,,,,,,,,,,,
42,20,8,19,S59,False,7,1,8,0,12,0,0,0,0,"['B653', 'B19', 'B336', 'B90', 'B305', 'B488', 'B293', 'B66', 'B53', 'B401', 'B220', 'B751']",6.0,S38,0.74,19,1,20,0.0,,-0.058672,-5.023792,-5.082464,True,False,24,S9,True,20,0.9087,pickup,,,,,,,,,,,,,,,,,,,,,,,,,,,,,,,,,,,,,,,,,,,,,,,,,,,,
42,20,8,26,S38,False,19,1,20,0,0,0,0,0,0,[],0.0,S9,8.39,19,1,20,0.0,,-0.019523,-5.026584,-5.046107,False,False,18,S41,True,2,0.7349,do_nothing,,,,,,,,,,,,,,,,,,,,,,,,,,,,,,,,,,,,,,,,,,,,,,,,,,,,
42,20,8,35,S9,False,19,1,20,6,0,0,0,0,0,"['B647', 'B373', 'B397', 'B196', 'B719', 'B205']",3.0,S12,1.46,13,1,14,0.0,,-0.019523,-5.030651,-5.050174,False,False,18,S53,True,12,0.9355,delivery,,,,,,,,,,,,,,,,,,,,,,,,,,,,,,,,,,,,,,,,,,,,,,,,,,,,
42,20,8,39,S12,False,13,1,14,0,6,0,0,0,0,"['B698', 'B115', 'B363', 'B509', 'B234', 'B753']",3.0,S38,7.06,19,1,20,0.0,,-0.019474,-5.00639,-5.025864,True,False,48,S41,True,28,1.7886,pickup,,,,,,,,,,,,,,,,,,,,,,,,,,,,,,,,,,,,,,,,,,,,,,,,,,,,
42,20,8,49,S38,False,19,1,20,7,0,0,0,0,0,"['B571', 'B653', 'B19', 'B336', 'B90', 'B305', 'B488']",3.5,S24,10.24,12,1,13,0.0,,-0.11759,-5.021367,-5.138957,False,False,18,S41,True,16,0.7925,delivery,,,,,,,,,,,,,,,,,,,,,,,,,,,,,,,,,,,,,,,,,,,,,,,,,,,,
42,20,9,3,S24,False,12,1,13,0,7,0,0,0,0,"['B472', 'B661', 'B694', 'B741', 'B630', 'B267', 'B523']",3.5,S30,6.35,19,1,20,0.0,,-0.039497,-5.154284,-5.193781,False,False,18,S32,True,6,0.6182,pickup,,,,,,,,,,,,,,,,,,,,,,,,,,,,,,,,,,,,,,,,,,,,,,,,,,,,
42,20,9,13,S30,False,19,1,20,9,0,0,1,0,0,"['B213', 'B293', 'B66', 'B53', 'B401', 'B220', 'B751', 'B698', 'B115', 'B363']",5.0,S32,8.28,10,2,12,0.0,,-0.019723,-5.16791,-5.187632,True,True,30,S32,False,14,1.3098,delivery+depot_removal,,,,,,,,,,,,,,,,,,,,,,,,,,,,,,,,,,,,,,,,,,,,,,,,,,,,
42,20,9,26,S32,False,10,2,12,10,0,0,0,0,0,"['B509', 'B234', 'B753', 'B472', 'B661', 'B694', 'B741', 'B630', 'B267', 'B523']",5.0,S35,3.98,0,2,2,0.0,,-0.039798,-5.173123,-5.212921,False,False,12,S35,False,6,0.3781,delivery,,,,,,,,,,,,,,,,,,,,,,,,,,,,,,,,,,,,,,,,,,,,,,,,,,,,
42,20,9,35,S35,False,0,2,2,0,10,2,0,0,0,"['B501', 'B89', 'B520', 'B64', 'B748', 'B351', 'B615', 'B614', 'B402', 'B534']",11.0,S8,7.6,10,2,12,0.0,,-0.019523,-5.147497,-5.16702,True,True,54,S57,True,52,2.0048,pickup+onsite,,,,,,,,,,,,,,,,,,,,,,,,,,,,,,,,,,,,,,,,,,,,,,,,,,,,
42,20,9,54,S8,False,10,2,12,0,8,0,0,0,0,"['B754', 'B676', 'B403', 'B92', 'B512', 'B599', 'B67', 'B431']",4.0,S54,10.5,18,2,20,0.0,,-0.039047,-5.149976,-5.189023,True,False,24,S54,False,18,0.6376,pickup,,,,,,,,,,,,,,,,,,,,,,,,,,,,,,,,,,,,,,,,,,,,,,,,,,,,
42,20,10,8,S54,False,18,2,20,10,0,0,0,0,0,"['B501', 'B89', 'B520', 'B64', 'B748', 'B351', 'B615', 'B614', 'B402', 'B534']",5.0,S51,6.18,8,2,10,0.0,,-0.079195,-5.08557,-5.164766,True,False,36,S43,True,25,1.0395,delivery,,,,,,,,,,,,,,,,,,,,,,,,,,,,,,,,,,,,,,,,,,,,,,,,,,,,
42,20,10,19,S51,False,8,2,10,0,10,0,0,0,0,"['B667', 'B530', 'B430', 'B191', 'B244', 'B211', 'B539', 'B467', 'B297', 'B475']",5.0,S43,3.12,18,2,20,0.0,,-0.038899,-5.047473,-5.086372,False,False,12,S6,True,6,0.4646,pickup,,,,,,,,,,,,,,,,,,,,,,,,,,,,,,,,,,,,,,,,,,,,,,,,,,,,
42,20,10,27,S43,False,18,2,20,17,0,0,0,0,0,"['B754', 'B676', 'B403', 'B92', 'B512', 'B599', 'B67', 'B431', 'B667', 'B530', 'B430', 'B191', 'B244', 'B211', 'B539', 'B467', 'B297']",8.5,S23,8.96,1,2,3,0.0,,-0.038948,-5.053661,-5.092609,True,False,30,S36,True,7,1.1583,delivery,,,,,,,,,,,,,,,,,,,,,,,,,,,,,,,,,,,,,,,,,,,,,,,,,,,,
42,20,10,45,S23,False,1,2,3,0,8,1,1,0,0,"['B79', 'B169', 'B270', 'B606', 'B636', 'B690', 'B553', 'B611', 'B487']",7.5,S6,7.38,9,3,12,0.0,,0.0,-5.033221,-5.033221,True,True,72,S6,True,42,3.235,pickup+maintenance,,,,,,,,,,,,,,,,,,,,,,,,,,,,,,,,,,,,,,,,,,,,,,,,,,,,
42,20,11,0,S6,False,9,3,12,0,0,2,0,0,0,[],6.0,S2,5.24,9,3,12,0.0,,-0.019623,-5.001209,-5.020832,True,True,108,S11,True,40,4.0925,do_nothing+onsite,,,,,,,,,,,,,,,,,,,,,,,,,,,,,,,,,,,,,,,,,,,,,,,,,,,,
42,20,11,11,S2,False,9,3,12,9,0,0,0,0,0,"['B475', 'B79', 'B169', 'B270', 'B606', 'B636', 'B690', 'B553', 'B611']",4.5,S3,11.06,0,3,3,0.0,,-0.019425,-4.970285,-4.989709,True,False,24,S11,True,15,0.9053,delivery,,,,,,,,,,,,,,,,,,,,,,,,,,,,,,,,,,,,,,,,,,,,,,,,,,,,
42,20,11,27,S3,False,0,3,3,0,11,0,1,0,0,"['B482', 'B505', 'B743', 'B600', 'B355', 'B679', 'B674', 'B130', 'B162', 'B569', 'B760', 'B65']",6.0,S33,4.25,11,4,15,0.0,,-0.019523,-4.969894,-4.989418,True,True,24,S39,True,21,0.8672,pickup+depot_removal,,,,,,,,,,,,,,,,,,,,,,,,,,,,,,,,,,,,,,,,,,,,,,,,,,,,
42,20,11,37,S33,False,11,4,15,11,0,0,0,0,0,"['B482', 'B505', 'B743', 'B600', 'B355', 'B679', 'B674', 'B130', 'B162', 'B569', 'B760']",5.5,S57,5.72,0,4,4,0.0,,-0.019573,-4.954298,-4.973871,True,False,24,S57,False,14,1.1003,delivery,,,,,,,,,,,,,,,,,,,,,,,,,,,,,,,,,,,,,,,,,,,,,,,,,,,,
42,20,11,48,S57,False,0,4,4,0,10,0,0,0,0,"['B564', 'B762', 'B230', 'B604', 'B50', 'B383', 'B329', 'B266', 'B284', 'B362']",5.0,S31,8.31,10,4,14,0.0,,0.0,-4.912493,-4.912493,True,False,36,S39,True,28,1.4306,pickup,,,,,,,,,,,,,,,,,,,,,,,,,,,,,,,,,,,,,,,,,,,,,,,,,,,,
42,20,12,1,S31,False,10,4,14,0,0,1,2,0,0,"['B261', 'B392']",4.0,S61,1.01,10,6,16,0.0,,-0.098615,-5.098775,-5.197389,True,True,96,S1,True,36,2.8991,do_nothing+maintenance,,,,,,,,,,,,,,,,,,,,,,,,,,,,,,,,,,,,,,,,,,,,,,,,,,,,
42,20,12,6,S61,False,10,6,16,10,0,0,0,0,0,"['B564', 'B762', 'B230', 'B604', 'B50', 'B383', 'B329', 'B266', 'B284', 'B362']",5.0,S1,8.01,0,6,6,0.0,,-0.039246,-5.075407,-5.114653,False,False,12,S60,True,9,0.3552,delivery,,,,,,,,,,,,,,,,,,,,,,,,,,,,,,,,,,,,,,,,,,,,,,,,,,,,
42,20,12,19,S1,False,0,6,6,0,12,0,0,0,0,"['B409', 'B104', 'B312', 'B624', 'B746', 'B24', 'B605', 'B290', 'B102', 'B350', 'B61', 'B377']",6.0,S62,5.98,12,6,18,0.0,,-0.079195,-5.103812,-5.183007,False,False,12,S58,True,10,0.3534,pickup,,,,,,,,,,,,,,,,,,,,,,,,,,,,,,,,,,,,,,,,,,,,,,,,,,,,
42,20,12,31,S62,False,12,6,18,10,0,0,0,0,0,"['B409', 'B104', 'B312', 'B624', 'B746', 'B24', 'B605', 'B290', 'B102', 'B350']",5.0,S26,5.52,2,6,8,0.0,,-0.039398,-5.087509,-5.126907,False,False,18,S26,False,6,0.5256,delivery,,,,,,,,,,,,,,,,,,,,,,,,,,,,,,,,,,,,,,,,,,,,,,,,,,,,
42,20,12,42,S26,False,2,6,8,2,0,0,0,0,0,"['B61', 'B377']",1.0,S58,8.46,0,6,6,0.0,,-0.058871,-5.073794,-5.132666,False,False,12,S58,False,6,0.3686,delivery,,,,,,,,,,,,,,,,,,,,,,,,,,,,,,,,,,,,,,,,,,,,,,,,,,,,
42,20,12,51,S58,False,0,6,6,0,0,0,1,0,0,['B650'],0.5,S51,4.51,0,7,7,0.0,,-0.23503,-5.099579,-5.334609,True,True,30,S31,True,7,0.8044,do_nothing+depot_removal,,,,,,,,,,,,,,,,,,,,,,,,,,,,,,,,,,,,,,,,,,,,,,,,,,,,
42,20,12,56,S51,False,0,7,7,0,9,0,0,0,0,"['B379', 'B436', 'B364', 'B446', 'B51', 'B507', 'B701', 'B568', 'B714']",4.5,S26,11.22,9,7,16,0.0,,-0.019425,-5.105169,-5.124594,False,False,18,S58,True,13,0.6023,pickup,,,,,,,,,,,,,,,,,,,,,,,,,,,,,,,,,,,,,,,,,,,,,,,,,,,,
42,20,13,12,S26,False,9,7,16,9,0,0,0,0,0,"['B379', 'B436', 'B364', 'B446', 'B51', 'B507', 'B701', 'B568', 'B714']",4.5,S58,8.46,0,7,7,0.0,,-0.255057,-5.060364,-5.315421,False,False,12,S58,False,9,0.3076,delivery,,,,,,,,,,,,,,,,,,,,,,,,,,,,,,,,,,,,,,,,,,,,,,,,,,,,
42,20,13,25,S58,False,0,7,7,0,13,0,0,0,0,"['B240', 'B586', 'B29', 'B584', 'B597', 'B303', 'B420', 'B484', 'B740', 'B75', 'B118', 'B119', 'B416']",6.5,S44,1.79,13,7,20,0.0,,-0.55006,-5.091661,-5.641721,False,False,12,S3,True,8,0.3483,pickup,,,,,,,,,,,,,,,,,,,,,,,,,,,,,,,,,,,,,,,,,,,,,,,,,,,,
42,20,13,33,S44,False,13,7,20,7,0,0,0,0,0,"['B240', 'B586', 'B29', 'B584', 'B597', 'B303', 'B420']",3.5,S18,2.71,6,7,13,0.0,,-0.414093,-5.078243,-5.492335,False,False,18,S3,True,16,0.3653,delivery,,,,,,,,,,,,,,,,,,,,,,,,,,,,,,,,,,,,,,,,,,,,,,,,,,,,
42,20,13,39,S18,False,6,7,13,6,0,0,0,0,0,"['B484', 'B740', 'B75', 'B118', 'B119', 'B416']",3.0,S21,13.37,0,7,7,0.0,,-0.256456,-5.097164,-5.35362,False,False,12,S21,False,10,0.3253,delivery,,,,,,,,,,,,,,,,,,,,,,,,,,,,,,,,,,,,,,,,,,,,,,,,,,,,
42,20,13,56,S21,False,0,7,7,0,7,0,0,0,0,"['B391', 'B448', 'B299', 'B645', 'B612', 'B155', 'B625']",3.5,S13,20.39,7,7,14,0.0,,-0.176562,-5.090854,-5.267416,True,False,36,S62,True,15,0.7973,pickup,,,,,,,,,,,,,,,,,,,,,,,,,,,,,,,,,,,,,,,,,,,,,,,,,,,,
42,20,14,20,S13,False,7,7,14,7,0,0,0,0,0,"['B391', 'B448', 'B299', 'B645', 'B612', 'B155', 'B625']",3.5,S54,13.97,0,7,7,0.0,,-0.27753,-5.094431,-5.371961,False,False,12,S48,True,9,0.3213,delivery,,,,,,,,,,,,,,,,,,,,,,,,,,,,,,,,,,,,,,,,,,,,,,,,,,,,
42,20,14,37,S54,False,0,7,7,0,0,0,0,0,0,[],0.0,S48,6.34,0,7,7,0.0,,-0.354422,-5.155511,-5.509933,True,False,36,S48,False,2,1.0717,do_nothing,,,,,,,,,,,,,,,,,,,,,,,,,,,,,,,,,,,,,,,,,,,,,,,,,,,,
42,20,14,44,S48,False,0,7,7,0,0,0,1,0,0,['B682'],0.5,S54,6.34,0,8,8,0.0,,-0.296105,-5.183711,-5.479817,True,True,36,S54,False,8,1.0094,do_nothing+depot_removal,,,,,,,,,,,,,,,,,,,,,,,,,,,,,,,,,,,,,,,,,,,,,,,,,,,,
42,20,14,50,S54,False,0,8,8,0,12,1,0,0,0,"['B196', 'B635', 'B708', 'B689', 'B395', 'B414', 'B383', 'B719', 'B77', 'B402', 'B37', 'B687']",9.0,S26,5.73,12,8,20,0.0,,-0.829679,-5.150765,-5.980444,True,True,24,S48,True,18,0.7204,pickup+onsite,,,,,,,,,,,,,,,,,,,,,,,,,,,,,,,,,,,,,,,,,,,,,,,,,,,,
42,20,15,5,S26,False,12,8,20,12,0,0,0,0,0,"['B196', 'B635', 'B708', 'B689', 'B395', 'B414', 'B383', 'B719', 'B77', 'B402', 'B37', 'B687']",6.0,S66,5.64,0,8,8,0.0,,-0.494092,-5.140296,-5.634388,False,False,12,S35,True,7,0.3087,delivery,,,,,,,,,,,,,,,,,,,,,,,,,,,,,,,,,,,,,,,,,,,,,,,,,,,,
42,20,15,17,S66,False,0,8,8,0,10,0,1,0,0,"['B194', 'B264', 'B718', 'B326', 'B321', 'B56', 'B601', 'B706', 'B341', 'B309', 'B710']",5.5,S41,1.41,10,9,19,0.0,,-0.157088,-5.174104,-5.331192,True,True,30,S36,True,24,0.8766,pickup+depot_removal,,,,,,,,,,,,,,,,,,,,,,,,,,,,,,,,,,,,,,,,,,,,,,,,,,,,
42,20,15,24,S41,False,10,9,19,0,0,0,0,0,0,[],0.0,S65,2.23,10,9,19,0.0,,-0.591296,-5.181195,-5.772491,True,False,30,S36,True,4,0.7536,do_nothing,,,,,,,,,,,,,,,,,,,,,,,,,,,,,,,,,,,,,,,,,,,,,,,,,,,,
42,20,15,26,S65,False,10,9,19,0,0,0,0,0,0,[],0.0,S41,2.23,10,9,19,0.0,,-0.452242,-5.164686,-5.616928,False,False,18,S41,True,0,0.469,do_nothing,,,,,,,,,,,,,,,,,,,,,,,,,,,,,,,,,,,,,,,,,,,,,,,,,,,,
42,20,15,28,S41,False,10,9,19,10,0,0,2,0,0,"['B763', 'B478', 'B194', 'B264', 'B718', 'B326', 'B321', 'B56', 'B601', 'B706', 'B341', 'B309']",6.0,S53,6.04,0,11,11,0.0,,-0.314777,-5.155034,-5.469811,True,True,30,S36,True,25,0.7033,delivery+depot_removal,,,,,,,,,,,,,,,,,,,,,,,,,,,,,,,,,,,,,,,,,,,,,,,,,,,,
42,20,15,40,S53,False,0,11,11,0,9,0,0,0,0,"['B333', 'B269', 'B105', 'B161', 'B54', 'B494', 'B545', 'B537', 'B319']",4.5,S51,3.97,9,11,20,0.0,,-0.236385,-5.147353,-5.383738,True,False,54,S36,True,36,1.169,pickup,,,,,,,,,,,,,,,,,,,,,,,,,,,,,,,,,,,,,,,,,,,,,,,,,,,,
42,20,15,49,S51,False,9,11,20,9,0,0,0,0,0,"['B333', 'B269', 'B105', 'B161', 'B54', 'B494', 'B545', 'B537', 'B319']",4.5,S36,1.89,0,11,11,0.0,,-0.296097,-5.16783,-5.463927,False,False,12,S36,False,6,0.2999,delivery,,,,,,,,,,,,,,,,,,,,,,,,,,,,,,,,,,,,,,,,,,,,,,,,,,,,
42,20,15,55,S36,False,0,11,11,0,0,0,0,0,0,[],0.0,S42,7.67,0,11,11,0.0,,-0.39437,-5.165577,-5.559947,False,False,12,S0,True,1,0.3224,do_nothing,,,,,,,,,,,,,,,,,,,,,,,,,,,,,,,,,,,,,,,,,,,,,,,,,,,,
42,20,16,3,S42,False,0,11,11,0,9,0,0,0,0,"['B92', 'B406', 'B198', 'B590', 'B214', 'B507', 'B446', 'B240', 'B589']",4.5,S14,2.87,9,11,20,0.0,,-0.197036,-5.142496,-5.339532,True,False,18,S63,True,12,0.4127,pickup,,,,,,,,,,,,,,,,,,,,,,,,,,,,,,,,,,,,,,,,,,,,,,,,,,,,
42,20,16,10,S14,False,9,11,20,9,0,0,0,0,0,"['B92', 'B406', 'B198', 'B590', 'B214', 'B507', 'B446', 'B240', 'B589']",4.5,S37,9.35,0,11,11,0.0,,-0.176811,-5.107793,-5.284604,True,False,24,S60,True,13,0.5408,delivery,,,,,,,,,,,,,,,,,,,,,,,,,,,,,,,,,,,,,,,,,,,,,,,,,,,,
42,20,16,24,S37,False,0,11,11,0,9,0,0,0,0,"['B252', 'B34', 'B271', 'B372', 'B331', 'B66', 'B90', 'B40', 'B325']",4.5,S64,1.94,9,11,20,0.0,,-0.157187,-5.112017,-5.269204,True,False,18,S63,True,13,0.3776,pickup,,,,,,,,,,,,,,,,,,,,,,,,,,,,,,,,,,,,,,,,,,,,,,,,,,,,
42,20,16,30,S64,False,9,11,20,0,0,0,0,0,0,[],0.0,S65,4.04,9,11,20,0.0,,-0.197083,-5.11834,-5.315423,True,False,30,S18,True,3,0.6093,do_nothing,,,,,,,,,,,,,,,,,,,,,,,,,,,,,,,,,,,,,,,,,,,,,,,,,,,,
42,20,16,34,S65,False,9,11,20,9,0,0,0,0,0,"['B252', 'B34', 'B271', 'B372', 'B331', 'B66', 'B90', 'B40', 'B325']",4.5,S60,3.09,0,11,11,0.0,,-0.11869,-5.099277,-5.217967,False,False,12,S60,False,6,0.3723,delivery,,,,,,,,,,,,,,,,,,,,,,,,,,,,,,,,,,,,,,,,,,,,,,,,,,,,
42,20,16,42,S60,False,0,11,11,0,9,0,0,0,0,"['B677', 'B419', 'B208', 'B527', 'B140', 'B749', 'B204', 'B761', 'B184']",4.5,S50,8.32,9,11,20,0.0,,-0.078693,-5.079615,-5.158308,True,False,18,S63,True,15,0.4291,pickup,,,,,,,,,,,,,,,,,,,,,,,,,,,,,,,,,,,,,,,,,,,,,,,,,,,,
42,20,16,55,S50,False,9,11,20,9,0,0,0,0,0,"['B677', 'B419', 'B208', 'B527', 'B140', 'B749', 'B204', 'B761', 'B184']",4.5,S63,6.54,0,11,11,0.0,,-0.157833,-5.054496,-5.21233,True,False,18,S42,True,10,0.4697,delivery,,,,,,,,,,,,,,,,,,,,,,,,,,,,,,,,,,,,,,,,,,,,,,,,,,,,
42,20,17,6,S63,False,0,11,11,0,0,0,1,0,0,['B63'],0.5,S48,4.03,0,12,12,0.0,,-0.019573,-5.061128,-5.080701,True,True,18,S45,True,8,0.3786,do_nothing+depot_removal,,,,,,,,,,,,,,,,,,,,,,,,,,,,,,,,,,,,,,,,,,,,,,,,,,,,
42,20,17,10,S48,False,0,12,12,0,8,0,0,0,0,"['B558', 'B201', 'B748', 'B281', 'B351', 'B241', 'B310', 'B533']",4.0,S64,7.33,8,12,20,0.0,,-0.058919,-5.037728,-5.096647,False,False,12,S38,True,8,0.2233,pickup,,,,,,,,,,,,,,,,,,,,,,,,,,,,,,,,,,,,,,,,,,,,,,,,,,,,
42,20,17,22,S64,False,8,12,20,8,0,0,0,0,0,"['B558', 'B201', 'B748', 'B281', 'B351', 'B241', 'B310', 'B533']",4.0,S63,3.66,0,12,12,0.0,,-0.078642,-5.049142,-5.127785,True,False,18,S37,True,9,0.3207,delivery,,,,,,,,,,,,,,,,,,,,,,,,,,,,,,,,,,,,,,,,,,,,,,,,,,,,
42,20,17,29,S63,False,0,12,12,0,8,0,0,0,0,"['B216', 'B104', 'B284', 'B491', 'B505', 'B524', 'B95', 'B509']",4.0,S38,3.49,8,12,20,0.0,,-0.137465,-5.048209,-5.185673,False,False,12,S19,True,6,0.2295,pickup,,,,,,,,,,,,,,,,,,,,,,,,,,,,,,,,,,,,,,,,,,,,,,,,,,,,
42,20,17,37,S38,False,8,12,20,8,0,0,0,0,0,"['B216', 'B104', 'B284', 'B491', 'B505', 'B524', 'B95', 'B509']",4.0,S19,6.67,0,12,12,0.0,,-0.079444,-5.067935,-5.147379,False,False,12,S46,True,8,0.2214,delivery,,,,,,,,,,,,,,,,,,,,,,,,,,,,,,,,,,,,,,,,,,,,,,,,,,,,
42,20,17,48,S19,False,0,12,12,0,0,0,0,0,0,[],0.0,S62,6.84,0,12,12,0.0,,-0.11784,-5.053723,-5.171563,False,False,12,S46,True,0,0.3348,do_nothing,,,,,,,,,,,,,,,,,,,,,,,,,,,,,,,,,,,,,,,,,,,,,,,,,,,,
42,20,17,54,S62,False,0,12,12,0,8,0,0,0,0,"['B726', 'B703', 'B322', 'B67', 'B575', 'B508', 'B430', 'B623']",4.0,S46,2.76,8,12,20,0.0,,-0.138565,-5.065663,-5.204228,False,False,12,S19,True,7,0.2867,pickup,,,,,,,,,,,,,,,,,,,,,,,,,,,,,,,,,,,,,,,,,,,,,,,,,,,,
42,20,18,1,S46,False,8,12,20,0,0,0,0,0,0,[],0.0,S26,8.08,8,12,20,0.0,,-0.078446,-5.206772,-5.285218,False,False,12,S47,True,1,0.3461,do_nothing,,,,,,,,,,,,,,,,,,,,,,,,,,,,,,,,,,,,,,,,,,,,,,,,,,,,
42,20,18,9,S26,False,8,12,20,8,0,0,0,0,0,"['B726', 'B703', 'B322', 'B67', 'B575', 'B508', 'B430', 'B623']",4.0,S37,7.79,0,12,12,0.0,,-0.058572,-5.209921,-5.268493,False,False,12,S47,True,6,0.2562,delivery,,,,,,,,,,,,,,,,,,,,,,,,,,,,,,,,,,,,,,,,,,,,,,,,,,,,
42,20,18,21,S37,False,0,12,12,0,0,0,0,0,0,[],0.0,S19,5.87,0,12,12,0.0,,-0.157334,-5.19866,-5.355994,True,False,18,S19,True,3,0.3579,do_nothing,,,,,,,,,,,,,,,,,,,,,,,,,,,,,,,,,,,,,,,,,,,,,,,,,,,,
42,20,18,27,S19,False,0,12,12,0,0,0,0,0,0,[],0.0,S30,10.44,0,12,12,0.0,,-0.198037,-5.212722,-5.410759,False,False,18,S30,False,1,0.456,do_nothing,,,,,,,,,,,,,,,,,,,,,,,,,,,,,,,,,,,,,,,,,,,,,,,,,,,,
42,20,18,37,S30,False,0,12,12,0,8,0,0,0,0,"['B733', 'B464', 'B275', 'B455', 'B317', 'B480', 'B62', 'B60']",4.0,S54,7.41,8,12,20,0.0,,-0.078844,-5.18122,-5.260064,False,False,12,S47,True,8,0.2421,pickup,,,,,,,,,,,,,,,,,,,,,,,,,,,,,,,,,,,,,,,,,,,,,,,,,,,,
42,20,18,49,S54,False,8,12,20,8,0,1,0,0,0,"['B733', 'B464', 'B275', 'B455', 'B317', 'B480', 'B62', 'B60']",7.0,S19,6.83,0,12,12,0.0,,-0.079747,-5.147701,-5.227448,True,True,24,S1,True,21,0.4722,delivery+onsite,,,,,,,,,,,,,,,,,,,,,,,,,,,,,,,,,,,,,,,,,,,,,,,,,,,,
42,20,19,3,S19,False,0,12,12,0,8,0,0,0,0,"['B638', 'B36', 'B630', 'B731', 'B681', 'B764', 'B376', 'B231']",4.0,S60,8.7,8,12,20,0.0,,0.0,-5.030491,-5.030491,False,False,12,S47,True,7,0.2969,pickup,,,,,,,,,,,,,,,,,,,,,,,,,,,,,,,,,,,,,,,,,,,,,,,,,,,,
42,20,19,15,S60,False,8,12,20,0,0,0,0,0,0,[],0.0,S47,2.18,8,12,20,0.0,,-0.039747,-5.058618,-5.098365,True,False,18,S15,True,0,0.4279,do_nothing,,,,,,,,,,,,,,,,,,,,,,,,,,,,,,,,,,,,,,,,,,,,,,,,,,,,
42,20,19,17,S47,False,8,12,20,8,0,0,0,0,0,"['B638', 'B36', 'B630', 'B731', 'B681', 'B764', 'B376', 'B231']",4.0,S25,8.08,0,12,12,0.0,,-0.039397,-5.053443,-5.09284,True,False,24,S15,True,14,0.5688,delivery,,,,,,,,,,,,,,,,,,,,,,,,,,,,,,,,,,,,,,,,,,,,,,,,,,,,
42,20,19,30,S25,False,0,12,12,0,8,0,0,0,0,"['B580', 'B540', 'B239', 'B454', 'B511', 'B554', 'B227', 'B736']",4.0,S60,10.01,8,12,20,0.0,,-0.039197,-5.019818,-5.059014,True,False,34,S28,True,24,0.8393,pickup,,,,,,,,,,,,,,,,,,,,,,,,,,,,,,,,,,,,,,,,,,,,,,,,,,,,
42,20,19,44,S60,False,8,12,20,0,0,0,0,0,0,[],0.0,S15,4.42,8,12,20,0.0,,0.0,-5.050675,-5.050675,True,False,6,S15,False,1,0.1634,do_nothing,,,,,,,,,,,,,,,,,,,,,,,,,,,,,,,,,,,,,,,,,,,,,,,,,,,,
42,20,19,48,S15,False,8,12,20,8,0,0,0,0,0,"['B580', 'B540', 'B239', 'B454', 'B511', 'B554', 'B227', 'B736']",4.0,D0,1.31,0,12,12,0.0,,0.0,-5.065095,-5.065095,False,False,2,D0,False,1,0.0607,delivery,,,,,,,,,,,,,,,,,,,,,,,,,,,,,,,,,,,,,,,,,,,,,,,,,,,,
42,20,19,53,D0,True,0,12,12,0,0,0,0,12,14,"['B680', 'B481', 'B88', 'B265', 'B247', 'B535', 'B181', 'B654', 'B120', 'B399', 'B32', 'B111', 'B633', 'B613', 'B200', 'B213', 'B487', 'B65', 'B261', 'B392', 'B650', 'B682', 'B710', 'B763', 'B478', 'B63']",13.0,D0,0.0,14,0,14,0.0,,0.0,-5.076048,-5.076048,True,True,1,D0,False,0,0.0362,do_nothing,,,,,,,,,,,,,,,,,,,,,,,,,,,,,,,,,,,,,,,,,,,,,,,,,,,,
42,21,6,6,D0,True,14,0,14,0,0,0,0,0,0,[],0.0,S65,3.15,14,0,14,0.0,,-1.534379,-5.365162,-6.899541,True,True,5,S65,False,2,0.1062,depot_passthrough,,,,,,,,,,,,,,,,,,,,,,,,,,,,,,,,,,,,,,,,,,,,,,,,,,,,
42,21,6,24,S65,False,14,0,14,14,0,0,0,0,0,"['B680', 'B481', 'B88', 'B265', 'B247', 'B535', 'B181', 'B654', 'B120', 'B399', 'B32', 'B111', 'B633', 'B613']",7.0,S39,5.08,0,0,0,0.0,,-1.542543,-5.374234,-6.916777,False,False,12,S52,True,6,0.2934,delivery,,,,,,,,,,,,,,,,,,,,,,,,,,,,,,,,,,,,,,,,,,,,,,,,,,,,
42,21,6,36,S39,False,0,0,0,0,20,0,0,0,0,"['B249', 'B641', 'B727', 'B94', 'B209', 'B243', 'B234', 'B148', 'B26', 'B282', 'B272', 'B170', 'B460', 'B149', 'B152', 'B33', 'B428', 'B101', 'B186', 'B360']",10.0,S12,8.6,20,0,20,0.0,,-1.182757,-5.386647,-6.569403,False,False,12,S41,True,9,0.3957,pickup,,,,,,,,,,,,,,,,,,,,,,,,,,,,,,,,,,,,,,,,,,,,,,,,,,,,
42,21,6,55,S12,False,20,0,20,14,0,3,0,0,0,"['B249', 'B641', 'B727', 'B94', 'B209', 'B243', 'B234', 'B148', 'B26', 'B282', 'B272', 'B170', 'B460', 'B149']",16.0,S31,9.37,6,0,6,0.0,,-1.124035,-5.425146,-6.549181,True,True,72,S26,True,66,1.8795,delivery+onsite,,,,,,,,,,,,,,,,,,,,,,,,,,,,,,,,,,,,,,,,,,,,,,,,,,,,
42,21,7,20,S31,False,6,0,6,6,0,0,0,0,0,"['B152', 'B33', 'B428', 'B101', 'B186', 'B360']",3.0,S54,5.7,0,0,0,0.0,,-0.947431,-5.360918,-6.308349,True,False,36,S63,True,22,0.7582,delivery,,,,,,,,,,,,,,,,,,,,,,,,,,,,,,,,,,,,,,,,,,,,,,,,,,,,
42,21,7,29,S54,False,0,0,0,0,15,0,0,0,0,"['B767', 'B45', 'B303', 'B637', 'B737', 'B292', 'B593', 'B635', 'B37', 'B504', 'B653', 'B655', 'B713', 'B550', 'B575']",7.5,S63,3.86,15,0,15,0.0,,-1.044545,-5.379069,-6.423614,False,False,18,S63,False,10,0.528,pickup,,,,,,,,,,,,,,,,,,,,,,,,,,,,,,,,,,,,,,,,,,,,,,,,,,,,
42,21,7,41,S63,False,15,0,15,0,5,0,0,0,0,"['B528', 'B693', 'B43', 'B289', 'B18']",2.5,S60,4.47,20,0,20,0.0,,-0.946131,-5.350877,-6.297008,False,False,12,S53,True,7,0.4248,pickup,,,,,,,,,,,,,,,,,,,,,,,,,,,,,,,,,,,,,,,,,,,,,,,,,,,,
42,21,7,47,S60,False,20,0,20,20,0,0,0,0,0,"['B767', 'B45', 'B303', 'B637', 'B737', 'B292', 'B593', 'B635', 'B37', 'B504', 'B653', 'B655', 'B713', 'B550', 'B575', 'B528', 'B693', 'B43', 'B289', 'B18']",10.0,S52,3.35,0,0,0,0.0,,-0.908432,-5.34993,-6.258362,True,False,18,S26,True,8,0.5616,delivery,,,,,,,,,,,,,,,,,,,,,,,,,,,,,,,,,,,,,,,,,,,,,,,,,,,,
42,21,8,1,S52,False,0,0,0,0,12,0,0,0,0,"['B618', 'B652', 'B27', 'B53', 'B167', 'B263', 'B388', 'B496', 'B220', 'B751', 'B102', 'B456']",6.0,S38,3.1,12,0,12,0.0,,-0.512159,-5.21532,-5.727479,False,False,18,S59,True,12,0.3574,pickup,,,,,,,,,,,,,,,,,,,,,,,,,,,,,,,,,,,,,,,,,,,,,,,,,,,,
42,21,8,10,S38,False,12,0,12,0,8,0,0,0,0,"['B284', 'B491', 'B505', 'B524', 'B95', 'B509', 'B760', 'B242']",4.0,S26,9.12,20,0,20,0.0,,-0.650481,-5.234227,-5.884708,False,False,12,S26,False,6,0.3914,pickup,,,,,,,,,,,,,,,,,,,,,,,,,,,,,,,,,,,,,,,,,,,,,,,,,,,,
42,21,8,23,S26,False,20,0,20,19,0,0,0,0,0,"['B618', 'B652', 'B27', 'B53', 'B167', 'B263', 'B388', 'B496', 'B220', 'B751', 'B102', 'B456', 'B284', 'B491', 'B505', 'B524', 'B95', 'B509', 'B760']",9.5,S1,6.95,1,0,1,0.0,,-0.33285,-5.194295,-5.527145,False,False,18,S15,True,6,0.4653,delivery,,,,,,,,,,,,,,,,,,,,,,,,,,,,,,,,,,,,,,,,,,,,,,,,,,,,
42,21,8,40,S1,False,1,0,1,0,0,0,0,0,0,[],0.0,S35,0.53,1,0,1,0.0,,-0.412045,-5.23356,-5.645605,False,False,12,S14,True,0,0.3237,do_nothing,,,,,,,,,,,,,,,,,,,,,,,,,,,,,,,,,,,,,,,,,,,,,,,,,,,,
42,21,8,40,S35,False,1,0,1,0,12,0,0,0,0,"['B246', 'B36', 'B745', 'B446', 'B229', 'B622', 'B600', 'B145', 'B355', 'B427', 'B657', 'B606']",6.0,S45,5.53,13,0,13,0.0,,-0.27563,-5.204788,-5.480419,False,False,18,S1,True,16,0.4516,pickup,,,,,,,,,,,,,,,,,,,,,,,,,,,,,,,,,,,,,,,,,,,,,,,,,,,,
42,21,8,52,S45,False,13,0,13,0,7,0,0,0,0,"['B759', 'B677', 'B667', 'B361', 'B752', 'B151', 'B42']",3.5,S53,0.56,20,0,20,0.0,,-0.728616,-5.218805,-5.947421,False,False,12,S53,False,6,0.4294,pickup,,,,,,,,,,,,,,,,,,,,,,,,,,,,,,,,,,,,,,,,,,,,,,,,,,,,
42,21,8,56,S53,False,20,0,20,15,0,0,0,0,0,"['B242', 'B246', 'B36', 'B745', 'B446', 'B229', 'B622', 'B600', 'B145', 'B355', 'B427', 'B657', 'B606', 'B759', 'B677']",7.5,S15,4.77,5,0,5,0.0,,-0.430068,-5.221501,-5.651569,True,False,90,S15,False,54,2.4737,delivery,,,,,,,,,,,,,,,,,,,,,,,,,,,,,,,,,,,,,,,,,,,,,,,,,,,,
42,21,9,8,S15,False,5,0,5,5,0,0,0,0,0,"['B667', 'B361', 'B752', 'B151', 'B42']",2.5,S54,3.9,0,0,0,0.0,,-0.394169,-5.171013,-5.565182,False,False,12,S1,True,7,0.2971,delivery,,,,,,,,,,,,,,,,,,,,,,,,,,,,,,,,,,,,,,,,,,,,,,,,,,,,
42,21,9,14,S54,False,0,0,0,0,13,0,0,0,0,"['B508', 'B2', 'B556', 'B278', 'B158', 'B608', 'B195', 'B283', 'B712', 'B732', 'B747', 'B523', 'B356']",6.5,S50,2.71,13,0,13,0.0,,-0.35497,-5.19063,-5.5456,False,False,18,S1,True,14,0.5071,pickup,,,,,,,,,,,,,,,,,,,,,,,,,,,,,,,,,,,,,,,,,,,,,,,,,,,,
42,21,9,24,S50,False,13,0,13,13,0,0,0,0,0,"['B508', 'B2', 'B556', 'B278', 'B158', 'B608', 'B195', 'B283', 'B712', 'B732', 'B747', 'B523', 'B356']",6.5,S1,2.13,0,0,0,0.0,,-0.295503,-5.157448,-5.452951,True,False,54,S11,True,36,1.2369,delivery,,,,,,,,,,,,,,,,,,,,,,,,,,,,,,,,,,,,,,,,,,,,,,,,,,,,
42,21,9,32,S1,False,0,0,0,0,15,0,0,0,0,"['B707', 'B402', 'B85', 'B253', 'B619', 'B54', 'B22', 'B327', 'B663', 'B425', 'B656', 'B405', 'B105', 'B249', 'B592']",7.5,S27,7.34,15,0,15,0.0,,-0.314927,-5.194536,-5.509463,False,False,12,S32,True,8,0.3297,pickup,,,,,,,,,,,,,,,,,,,,,,,,,,,,,,,,,,,,,,,,,,,,,,,,,,,,
42,21,9,47,S27,False,15,0,15,15,0,0,0,0,0,"['B707', 'B402', 'B85', 'B253', 'B619', 'B54', 'B22', 'B327', 'B663', 'B425', 'B656', 'B405', 'B105', 'B249', 'B592']",7.5,S44,4.5,0,0,0,0.0,,-0.670398,-5.214095,-5.884492,False,False,12,S44,False,7,0.3133,delivery,,,,,,,,,,,,,,,,,,,,,,,,,,,,,,,,,,,,,,,,,,,,,,,,,,,,
42,21,9,59,S44,False,0,0,0,0,12,0,0,0,0,"['B584', 'B59', 'B23', 'B599', 'B615', 'B595', 'B160', 'B39', 'B97', 'B758', 'B557', 'B90']",6.0,S32,3.42,12,0,12,0.0,,-0.511608,-5.209472,-5.72108,False,False,18,S32,False,12,0.5253,pickup,,,,,,,,,,,,,,,,,,,,,,,,,,,,,,,,,,,,,,,,,,,,,,,,,,,,
42,21,10,8,S32,False,12,0,12,0,8,0,0,0,0,"['B335', 'B30', 'B676', 'B518', 'B313', 'B199', 'B649', 'B525']",4.0,S29,3.29,20,0,20,0.0,,-0.611174,-5.25708,-5.868254,True,False,24,S51,True,13,0.5241,pickup,,,,,,,,,,,,,,,,,,,,,,,,,,,,,,,,,,,,,,,,,,,,,,,,,,,,
42,21,10,16,S29,False,20,0,20,20,0,0,0,0,0,"['B584', 'B59', 'B23', 'B599', 'B615', 'B595', 'B160', 'B39', 'B97', 'B758', 'B557', 'B90', 'B335', 'B30', 'B676', 'B518', 'B313', 'B199', 'B649', 'B525']",10.0,S49,8.87,0,0,0,0.0,,-0.373301,-5.219816,-5.593117,False,False,18,S13,True,14,0.6102,delivery,,,,,,,,,,,,,,,,,,,,,,,,,,,,,,,,,,,,,,,,,,,,,,,,,,,,
42,21,10,35,S49,False,0,0,0,0,12,0,0,0,0,"['B426', 'B305', 'B661', 'B573', 'B78', 'B193', 'B744', 'B442', 'B376', 'B439', 'B132', 'B372']",6.0,S63,4.9,12,0,12,0.0,,-0.827543,-5.234786,-6.062329,True,False,36,S63,False,24,0.871,pickup,,,,,,,,,,,,,,,,,,,,,,,,,,,,,,,,,,,,,,,,,,,,,,,,,,,,
42,21,10,45,S63,False,12,0,12,0,8,0,0,0,0,"['B643', 'B331', 'B169', 'B266', 'B173', 'B56', 'B537', 'B384']",4.0,S44,0.47,20,0,20,0.0,,-0.611225,-5.246687,-5.857912,False,False,12,S44,False,6,0.2499,pickup,,,,,,,,,,,,,,,,,,,,,,,,,,,,,,,,,,,,,,,,,,,,,,,,,,,,
42,21,10,50,S44,False,20,0,20,10,0,0,0,0,0,"['B426', 'B305', 'B661', 'B573', 'B78', 'B193', 'B744', 'B442', 'B376', 'B439']",5.0,S51,3.83,10,0,10,0.0,,-0.630104,-5.267008,-5.897112,False,False,18,S13,True,7,0.3918,delivery,,,,,,,,,,,,,,,,,,,,,,,,,,,,,,,,,,,,,,,,,,,,,,,,,,,,
42,21,10,59,S51,False,10,0,10,10,0,0,0,0,0,"['B132', 'B372', 'B643', 'B331', 'B169', 'B266', 'B173', 'B56', 'B537', 'B384']",5.0,S23,11.83,0,0,0,0.0,,-0.494337,-5.267613,-5.76195,False,False,12,S23,False,9,0.3473,delivery,,,,,,,,,,,,,,,,,,,,,,,,,,,,,,,,,,,,,,,,,,,,,,,,,,,,
42,21,11,16,S23,False,0,0,0,0,7,0,0,0,0,"['B725', 'B107', 'B698', 'B183', 'B465', 'B8', 'B68']",3.5,S22,1.6,7,0,7,0.0,,-0.137866,-5.197981,-5.335847,False,False,18,S59,True,6,0.5655,pickup,,,,,,,,,,,,,,,,,,,,,,,,,,,,,,,,,,,,,,,,,,,,,,,,,,,,
42,21,11,21,S22,False,7,0,7,7,0,0,0,0,0,"['B725', 'B107', 'B698', 'B183', 'B465', 'B8', 'B68']",3.5,S59,6.26,0,0,0,0.0,,-0.15719,-5.166635,-5.323825,True,False,36,S59,False,18,1.1711,delivery,,,,,,,,,,,,,,,,,,,,,,,,,,,,,,,,,,,,,,,,,,,,,,,,,,,,
42,21,11,30,S59,False,0,0,0,0,17,0,1,0,0,"['B463', 'B210', 'B572', 'B642', 'B715', 'B494', 'B569', 'B248', 'B501', 'B640', 'B123', 'B267', 'B128', 'B687', 'B483', 'B214', 'B240', 'B443']",9.0,S17,10.2,17,1,18,0.0,,-0.198034,-5.16756,-5.365594,True,True,54,S60,True,43,1.704,pickup+depot_removal,,,,,,,,,,,,,,,,,,,,,,,,,,,,,,,,,,,,,,,,,,,,,,,,,,,,
42,21,11,50,S17,False,17,1,18,13,0,0,0,0,0,"['B463', 'B210', 'B572', 'B642', 'B715', 'B494', 'B569', 'B248', 'B501', 'B640', 'B123', 'B267', 'B128']",6.5,S50,6.31,4,1,5,0.0,,-0.45209,-5.222423,-5.674512,False,False,18,S50,False,12,0.5741,delivery,,,,,,,,,,,,,,,,,,,,,,,,,,,,,,,,,,,,,,,,,,,,,,,,,,,,
42,21,12,2,S50,False,4,1,5,4,0,0,0,0,0,"['B687', 'B483', 'B214', 'B240']",2.0,S60,8.32,0,1,1,0.0,,-0.315729,-5.230092,-5.54582,True,False,36,S60,False,21,0.9981,delivery,,,,,,,,,,,,,,,,,,,,,,,,,,,,,,,,,,,,,,,,,,,,,,,,,,,,
42,21,12,13,S60,False,0,1,1,0,10,0,1,0,0,"['B655', 'B713', 'B550', 'B575', 'B528', 'B693', 'B43', 'B289', 'B18', 'B381', 'B709']",5.5,S50,8.32,10,2,12,0.0,,-0.472059,-5.267852,-5.739911,True,True,36,S50,True,30,1.3572,pickup+depot_removal,,,,,,,,,,,,,,,,,,,,,,,,,,,,,,,,,,,,,,,,,,,,,,,,,,,,
42,21,12,27,S50,False,10,2,12,10,0,0,0,0,0,"['B655', 'B713', 'B550', 'B575', 'B528', 'B693', 'B43', 'B289', 'B18', 'B381']",5.0,S16,6.69,0,2,2,0.0,,-0.491484,-5.277747,-5.76923,True,False,36,S16,False,18,0.9285,delivery,,,,,,,,,,,,,,,,,,,,,,,,,,,,,,,,,,,,,,,,,,,,,,,,,,,,
42,21,12,38,S16,False,0,2,2,0,7,0,0,0,0,"['B20', 'B673', 'B50', 'B52', 'B144', 'B243', 'B234']",3.5,S54,4.04,7,2,9,0.0,,-0.372249,-5.257896,-5.630145,False,False,18,S62,True,9,0.5082,pickup,,,,,,,,,,,,,,,,,,,,,,,,,,,,,,,,,,,,,,,,,,,,,,,,,,,,
42,21,12,46,S54,False,7,2,9,7,0,1,0,0,0,"['B20', 'B673', 'B50', 'B52', 'B144', 'B243', 'B234']",6.5,S51,6.18,0,2,2,0.0,,-0.494543,-5.274452,-5.768995,True,True,24,S62,True,18,0.6624,delivery+onsite,,,,,,,,,,,,,,,,,,,,,,,,,,,,,,,,,,,,,,,,,,,,,,,,,,,,
42,21,12,58,S51,False,0,2,2,0,8,0,0,0,0,"['B173', 'B56', 'B537', 'B384', 'B308', 'B205', 'B668', 'B431']",4.0,S1,8.32,8,2,10,0.0,,-0.827893,-5.277165,-6.105058,False,False,18,S37,True,7,0.48,pickup,,,,,,,,,,,,,,,,,,,,,,,,,,,,,,,,,,,,,,,,,,,,,,,,,,,,
42,21,13,11,S1,False,8,2,10,0,0,0,0,0,0,[],0.0,S56,2.47,8,2,10,0.0,,-0.826647,-5.365286,-6.191933,False,False,12,S62,True,1,0.2521,do_nothing,,,,,,,,,,,,,,,,,,,,,,,,,,,,,,,,,,,,,,,,,,,,,,,,,,,,
42,21,13,13,S56,False,8,2,10,8,0,0,0,0,0,"['B173', 'B56', 'B537', 'B384', 'B308', 'B205', 'B668', 'B431']",4.0,S62,4.25,0,2,2,0.0,,-1.179818,-5.348194,-6.528012,False,False,12,S62,False,6,0.2526,delivery,,,,,,,,,,,,,,,,,,,,,,,,,,,,,,,,,,,,,,,,,,,,,,,,,,,,
42,21,13,22,S62,False,0,2,2,0,15,0,0,0,0,"['B686', 'B666', 'B108', 'B195', 'B354', 'B685', 'B544', 'B96', 'B700', 'B77', 'B91', 'B426', 'B305', 'B101', 'B573']",7.5,S35,5.61,15,2,17,0.0,,-1.06517,-5.333933,-6.399103,False,False,18,S15,True,9,0.4709,pickup,,,,,,,,,,,,,,,,,,,,,,,,,,,,,,,,,,,,,,,,,,,,,,,,,,,,
42,21,13,35,S35,False,15,2,17,12,0,0,0,0,0,"['B686', 'B666', 'B108', 'B195', 'B354', 'B685', 'B544', 'B96', 'B700', 'B77', 'B91', 'B426']",6.0,S15,5.79,3,2,5,0.0,,-0.824383,-5.311502,-6.135885,False,False,18,S15,False,9,0.4431,delivery,,,,,,,,,,,,,,,,,,,,,,,,,,,,,,,,,,,,,,,,,,,,,,,,,,,,
42,21,13,46,S15,False,3,2,5,3,0,0,0,0,0,"['B305', 'B101', 'B573']",1.5,S12,10.6,0,2,2,0.0,,-1.300199,-5.306412,-6.606611,False,False,12,S12,False,7,0.3081,delivery,,,,,,,,,,,,,,,,,,,,,,,,,,,,,,,,,,,,,,,,,,,,,,,,,,,,
42,21,13,59,S12,False,0,2,2,0,18,0,0,0,0,"['B170', 'B460', 'B149', 'B257', 'B235', 'B607', 'B118', 'B394', 'B251', 'B467', 'B726', 'B712', 'B716', 'B602', 'B515', 'B596', 'B626', 'B519']",9.0,S54,8.01,18,2,20,0.0,,-1.85561,-5.332292,-7.187902,False,False,18,S29,True,7,0.4754,pickup,,,,,,,,,,,,,,,,,,,,,,,,,,,,,,,,,,,,,,,,,,,,,,,,,,,,
42,21,14,16,S54,False,18,2,20,18,0,0,0,0,0,"['B170', 'B460', 'B149', 'B257', 'B235', 'B607', 'B118', 'B394', 'B251', 'B467', 'B726', 'B712', 'B716', 'B602', 'B515', 'B596', 'B626', 'B519']",9.0,S19,6.83,0,2,2,0.0,,-2.507923,-5.240543,-7.748467,False,False,12,S29,True,9,0.4457,delivery,,,,,,,,,,,,,,,,,,,,,,,,,,,,,,,,,,,,,,,,,,,,,,,,,,,,
42,21,14,31,S19,False,0,2,2,0,9,0,0,0,0,"['B388', 'B566', 'B9', 'B420', 'B649', 'B332', 'B32', 'B93', 'B111']",4.5,S26,12.13,9,2,11,0.0,,-1.423283,-5.244028,-6.667311,False,False,18,S31,True,14,0.6523,pickup,,,,,,,,,,,,,,,,,,,,,,,,,,,,,,,,,,,,,,,,,,,,,,,,,,,,
42,21,14,48,S26,False,9,2,11,9,0,0,0,0,0,"['B388', 'B566', 'B9', 'B420', 'B649', 'B332', 'B32', 'B93', 'B111']",4.5,S31,6.02,0,2,2,0.0,,-1.223317,-5.22079,-6.444106,False,False,12,S66,True,6,0.3905,delivery,,,,,,,,,,,,,,,,,,,,,,,,,,,,,,,,,,,,,,,,,,,,,,,,,,,,
42,21,14,59,S31,False,0,2,2,0,18,0,0,0,0,"['B634', 'B660', 'B459', 'B323', 'B321', 'B532', 'B728', 'B174', 'B721', 'B469', 'B318', 'B619', 'B434', 'B485', 'B704', 'B72', 'B326', 'B360']",9.0,S39,3.72,18,2,20,0.0,,-1.972551,-5.258093,-7.230644,True,False,30,S41,True,25,1.1774,pickup,,,,,,,,,,,,,,,,,,,,,,,,,,,,,,,,,,,,,,,,,,,,,,,,,,,,
42,21,15,11,S39,False,18,2,20,18,0,0,0,0,0,"['B634', 'B660', 'B459', 'B323', 'B321', 'B532', 'B728', 'B174', 'B721', 'B469', 'B318', 'B619', 'B434', 'B485', 'B704', 'B72', 'B326', 'B360']",9.0,S44,4.87,0,2,2,0.0,,-1.638494,-5.256492,-6.894986,False,False,12,S66,True,9,0.4039,delivery,,,,,,,,,,,,,,,,,,,,,,,,,,,,,,,,,,,,,,,,,,,,,,,,,,,,
42,21,15,25,S44,False,0,2,2,0,11,0,0,0,0,"['B263', 'B446', 'B536', 'B686', 'B750', 'B669', 'B518', 'B1', 'B442', 'B205', 'B767']",5.5,S66,3.92,11,2,13,0.0,,-1.205335,-5.258158,-6.463493,False,False,18,S66,False,12,0.6108,pickup,,,,,,,,,,,,,,,,,,,,,,,,,,,,,,,,,,,,,,,,,,,,,,,,,,,,
42,21,15,35,S66,False,11,2,13,0,7,0,0,0,0,"['B331', 'B575', 'B342', 'B572', 'B97', 'B696', 'B144']",3.5,S15,3.2,18,2,20,0.0,,-0.906027,-5.258,-6.164027,False,False,12,S41,True,6,0.5153,pickup,,,,,,,,,,,,,,,,,,,,,,,,,,,,,,,,,,,,,,,,,,,,,,,,,,,,
42,21,15,41,S15,False,18,2,20,14,0,1,0,0,0,"['B263', 'B446', 'B536', 'B686', 'B750', 'B669', 'B518', 'B1', 'B442', 'B205', 'B767', 'B331', 'B575', 'B342']",10.0,S50,4.47,4,2,6,0.0,,-1.222363,-5.2272,-6.449562,True,True,36,S50,True,31,1.071,delivery+onsite,,,,,,,,,,,,,,,,,,,,,,,,,,,,,,,,,,,,,,,,,,,,,,,,,,,,
42,21,15,56,S50,False,4,2,6,0,0,0,0,0,0,[],0.0,S42,2.31,4,2,6,0.0,,-1.399762,-5.243461,-6.643223,True,False,36,S31,True,1,1.0029,do_nothing,,,,,,,,,,,,,,,,,,,,,,,,,,,,,,,,,,,,,,,,,,,,,,,,,,,,
42,21,15,58,S42,False,4,2,6,0,0,0,0,0,0,[],0.0,S14,2.87,4,2,6,0.0,,-1.36278,-5.20909,-6.57187,True,False,24,S31,True,4,0.6561,do_nothing,,,,,,,,,,,,,,,,,,,,,,,,,,,,,,,,,,,,,,,,,,,,,,,,,,,,
42,21,16,1,S14,False,4,2,6,4,0,1,0,0,0,"['B572', 'B97', 'B696', 'B144']",5.0,S56,5.29,0,2,2,0.0,,-1.262659,-5.195711,-6.45837,True,True,24,S31,True,21,0.6294,delivery+onsite,,,,,,,,,,,,,,,,,,,,,,,,,,,,,,,,,,,,,,,,,,,,,,,,,,,,
42,21,16,11,S56,False,0,2,2,0,7,0,0,0,0,"['B717', 'B287', 'B285', 'B139', 'B352', 'B579', 'B657']",3.5,S54,1.7,7,2,9,0.0,,-1.324567,-5.219713,-6.54428,False,False,18,S31,True,6,0.5622,pickup,,,,,,,,,,,,,,,,,,,,,,,,,,,,,,,,,,,,,,,,,,,,,,,,,,,,
42,21,16,16,S54,False,7,2,9,7,0,0,0,0,0,"['B717', 'B287', 'B285', 'B139', 'B352', 'B579', 'B657']",3.5,S31,5.7,0,2,2,0.0,,-0.848804,-5.185993,-6.034797,True,False,24,S20,True,12,0.8577,delivery,,,,,,,,,,,,,,,,,,,,,,,,,,,,,,,,,,,,,,,,,,,,,,,,,,,,
42,21,16,26,S31,False,0,2,2,0,18,0,0,0,0,"['B393', 'B764', 'B692', 'B512', 'B464', 'B541', 'B206', 'B762', 'B667', 'B550', 'B573', 'B33', 'B85', 'B607', 'B380', 'B413', 'B35', 'B251']",9.0,S4,2.07,18,2,20,0.0,,-0.865929,-5.183572,-6.049501,True,False,30,S4,False,24,1.1083,pickup,,,,,,,,,,,,,,,,,,,,,,,,,,,,,,,,,,,,,,,,,,,,,,,,,,,,
42,21,16,37,S4,False,18,2,20,10,0,0,0,0,0,"['B393', 'B764', 'B692', 'B512', 'B464', 'B541', 'B206', 'B762', 'B667', 'B550']",5.0,S54,5.11,8,2,10,0.0,,-0.925503,-5.174179,-6.099681,True,False,42,S29,True,9,1.2752,delivery,,,,,,,,,,,,,,,,,,,,,,,,,,,,,,,,,,,,,,,,,,,,,,,,,,,,
42,21,16,47,S54,False,8,2,10,8,0,0,1,0,0,"['B340', 'B573', 'B33', 'B85', 'B607', 'B380', 'B413', 'B35', 'B251']",4.5,S30,7.41,0,3,3,0.0,,-0.886415,-5.18869,-6.075106,True,True,24,S20,True,22,0.9321,delivery+depot_removal,,,,,,,,,,,,,,,,,,,,,,,,,,,,,,,,,,,,,,,,,,,,,,,,,,,,
42,21,16,59,S30,False,0,3,3,0,8,0,0,0,0,"['B587', 'B537', 'B679', 'B334', 'B511', 'B663', 'B548', 'B288']",4.0,S35,9.95,8,3,11,0.0,,-1.123636,-5.192533,-6.31617,True,False,36,S31,True,15,1.3577,pickup,,,,,,,,,,,,,,,,,,,,,,,,,,,,,,,,,,,,,,,,,,,,,,,,,,,,
42,21,17,13,S35,False,8,3,11,8,0,0,0,0,0,"['B587', 'B537', 'B679', 'B334', 'B511', 'B663', 'B548', 'B288']",4.0,S51,8.32,0,3,3,0.0,,-0.84961,-5.174356,-6.023966,True,False,24,S51,False,13,0.7683,delivery,,,,,,,,,,,,,,,,,,,,,,,,,,,,,,,,,,,,,,,,,,,,,,,,,,,,
42,21,17,25,S51,False,0,3,3,0,13,0,0,0,0,"['B574', 'B209', 'B239', 'B43', 'B348', 'B156', 'B286', 'B325', 'B498', 'B683', 'B80', 'B519', 'B415']",6.5,S50,8.8,13,3,16,0.0,,-0.335549,-5.165228,-5.500777,False,False,18,S50,False,12,0.6187,pickup,,,,,,,,,,,,,,,,,,,,,,,,,,,,,,,,,,,,,,,,,,,,,,,,,,,,
42,21,17,40,S50,False,13,3,16,0,0,0,0,0,0,[],0.0,S43,7.18,13,3,16,0.0,,-0.23683,-5.121955,-5.358786,True,False,36,S48,True,1,1.2851,do_nothing,,,,,,,,,,,,,,,,,,,,,,,,,,,,,,,,,,,,,,,,,,,,,,,,,,,,
42,21,17,47,S43,False,13,3,16,13,0,0,0,0,0,"['B574', 'B209', 'B239', 'B43', 'B348', 'B156', 'B286', 'B325', 'B498', 'B683', 'B80', 'B519', 'B415']",6.5,S16,0.58,0,3,3,0.0,,-0.472265,-5.143344,-5.615609,True,False,36,S16,False,22,1.2181,delivery,,,,,,,,,,,,,,,,,,,,,,,,,,,,,,,,,,,,,,,,,,,,,,,,,,,,
42,21,17,54,S16,False,0,3,3,0,8,0,0,0,0,"['B255', 'B371', 'B539', 'B425', 'B617', 'B141', 'B436', 'B383']",4.0,S53,1.73,8,3,11,0.0,,-0.492042,-5.153109,-5.645151,False,False,18,S46,True,8,0.5988,pickup,,,,,,,,,,,,,,,,,,,,,,,,,,,,,,,,,,,,,,,,,,,,,,,,,,,,
42,21,18,0,S53,False,8,3,11,0,9,0,0,0,0,"['B293', 'B243', 'B596', 'B716', 'B130', 'B528', 'B87', 'B758', 'B480']",4.5,S64,4.65,17,3,20,0.0,,-0.454937,-5.168058,-5.622995,True,False,90,S61,True,76,2.1133,pickup,,,,,,,,,,,,,,,,,,,,,,,,,,,,,,,,,,,,,,,,,,,,,,,,,,,,
42,21,18,9,S64,False,17,3,20,7,0,0,0,0,0,"['B255', 'B371', 'B539', 'B425', 'B617', 'B141', 'B436']",3.5,S54,6.09,10,3,13,0.0,,-0.65208,-5.149726,-5.801806,True,False,30,S54,False,19,0.706,delivery,,,,,,,,,,,,,,,,,,,,,,,,,,,,,,,,,,,,,,,,,,,,,,,,,,,,
42,21,18,19,S54,False,10,3,13,10,0,0,0,0,0,"['B383', 'B293', 'B243', 'B596', 'B716', 'B130', 'B528', 'B87', 'B758', 'B480']",5.0,S48,6.34,0,3,3,0.0,,-0.237082,-5.164601,-5.401682,False,False,12,S48,False,7,0.314,delivery,,,,,,,,,,,,,,,,,,,,,,,,,,,,,,,,,,,,,,,,,,,,,,,,,,,,
42,21,18,30,S48,False,0,3,3,0,10,0,0,0,0,"['B17', 'B578', 'B159', 'B562', 'B634', 'B210', 'B601', 'B405', 'B525', 'B444']",5.0,S44,4.46,10,3,13,0.0,,-0.2959,-5.139394,-5.435294,False,False,18,S2,True,13,0.4764,pickup,,,,,,,,,,,,,,,,,,,,,,,,,,,,,,,,,,,,,,,,,,,,,,,,,,,,
42,21,18,40,S44,False,10,3,13,10,0,0,0,0,0,"['B17', 'B578', 'B159', 'B562', 'B634', 'B210', 'B601', 'B405', 'B525', 'B444']",5.0,S46,1.44,0,3,3,0.0,,-0.29731,-5.131838,-5.429147,False,False,12,S66,True,9,0.4105,delivery,,,,,,,,,,,,,,,,,,,,,,,,,,,,,,,,,,,,,,,,,,,,,,,,,,,,
42,21,18,46,S46,False,0,3,3,0,11,0,0,0,0,"['B631', 'B22', 'B622', 'B600', 'B50', 'B346', 'B30', 'B461', 'B264', 'B107', 'B26']",5.5,S22,9.54,11,3,14,0.0,,-0.334997,-5.117169,-5.452166,False,False,18,S22,False,12,0.8138,pickup,,,,,,,,,,,,,,,,,,,,,,,,,,,,,,,,,,,,,,,,,,,,,,,,,,,,
42,21,19,1,S22,False,11,3,14,0,0,0,0,0,0,[],0.0,S66,4.43,11,3,14,0.0,,-0.670697,-5.171824,-5.842521,True,False,24,S42,True,1,1.3702,do_nothing,,,,,,,,,,,,,,,,,,,,,,,,,,,,,,,,,,,,,,,,,,,,,,,,,,,,
42,21,19,6,S66,False,11,3,14,0,6,0,0,0,0,"['B602', 'B584', 'B184', 'B459', 'B594', 'B495']",3.0,S41,1.41,17,3,20,0.0,,-0.591606,-5.166805,-5.758411,False,False,12,S42,True,6,0.6234,pickup,,,,,,,,,,,,,,,,,,,,,,,,,,,,,,,,,,,,,,,,,,,,,,,,,,,,
42,21,19,10,S41,False,17,3,20,15,0,0,0,0,0,"['B631', 'B22', 'B622', 'B600', 'B50', 'B346', 'B30', 'B461', 'B264', 'B107', 'B26', 'B602', 'B584', 'B184', 'B459']",7.5,S42,10.8,2,3,5,0.0,,-0.45364,-5.141737,-5.595377,True,False,90,S42,False,58,3.2206,delivery,,,,,,,,,,,,,,,,,,,,,,,,,,,,,,,,,,,,,,,,,,,,,,,,,,,,
42,21,19,28,S42,False,2,3,5,2,0,0,1,0,0,"['B25', 'B594', 'B495']",1.5,S66,9.4,0,4,4,0.0,,-0.157891,-5.130366,-5.288257,True,True,24,S31,True,22,0.7499,delivery+depot_removal,,,,,,,,,,,,,,,,,,,,,,,,,,,,,,,,,,,,,,,,,,,,,,,,,,,,
42,21,19,39,S66,False,0,4,4,0,12,0,0,0,0,"['B691', 'B42', 'B97', 'B472', 'B230', 'B553', 'B507', 'B406', 'B96', 'B626', 'B183', 'B607']",6.0,S31,0.38,12,4,16,0.0,,-0.137966,-5.118519,-5.256485,False,False,8,S31,False,6,0.3579,pickup,,,,,,,,,,,,,,,,,,,,,,,,,,,,,,,,,,,,,,,,,,,,,,,,,,,,
42,21,19,46,S31,False,12,4,16,0,4,0,0,0,0,"['B389', 'B271', 'B589', 'B48']",2.0,D0,1.48,16,4,20,0.0,,-0.157589,-5.115034,-5.272624,True,False,5,D0,False,4,0.1895,pickup,,,,,,,,,,,,,,,,,,,,,,,,,,,,,,,,,,,,,,,,,,,,,,,,,,,,
42,21,19,49,D0,True,16,4,20,0,0,0,0,4,0,"['B443', 'B709', 'B340', 'B25']",2.0,D0,0.0,16,0,16,0.0,,-0.216507,-5.121185,-5.337692,True,True,1,D0,False,0,0.0407,do_nothing,,,,,,,,,,,,,,,,,,,,,,,,,,,,,,,,,,,,,,,,,,,,,,,,,,,,
42,22,6,6,D0,True,16,0,16,0,0,0,0,0,4,"['B200', 'B213', 'B487', 'B65']",2.0,S40,0.66,20,0,20,0.0,,-1.084238,-5.256826,-6.341065,True,True,5,S51,True,0,0.2104,load_queue,,,,,,,,,,,,,,,,,,,,,,,,,,,,,,,,,,,,,,,,,,,,,,,,,,,,
42,22,6,24,S40,False,20,0,20,0,0,1,0,0,0,[],3.0,S51,6.14,20,0,20,0.0,,-1.045745,-5.28937,-6.335116,True,True,84,S65,True,9,2.0343,do_nothing+onsite,,,,,,,,,,,,,,,,,,,,,,,,,,,,,,,,,,,,,,,,,,,,,,,,,,,,
42,22,6,33,S51,False,20,0,20,15,0,0,0,0,0,"['B691', 'B42', 'B97', 'B472', 'B230', 'B553', 'B507', 'B406', 'B96', 'B626', 'B183', 'B607', 'B389', 'B271', 'B589']",7.5,S36,1.89,5,0,5,0.0,,-0.828388,-5.280786,-6.109174,False,False,18,S34,True,14,0.4348,delivery,,,,,,,,,,,,,,,,,,,,,,,,,,,,,,,,,,,,,,,,,,,,,,,,,,,,
42,22,6,42,S36,False,5,0,5,0,14,0,0,0,0,"['B475', 'B270', 'B460', 'B132', 'B52', 'B577', 'B308', 'B279', 'B611', 'B503', 'B677', 'B535', 'B104', 'B239']",7.0,S65,10.54,19,0,19,0.0,,-0.809224,-5.249765,-6.058989,False,False,18,S40,True,9,0.5004,pickup,,,,,,,,,,,,,,,,,,,,,,,,,,,,,,,,,,,,,,,,,,,,,,,,,,,,
42,22,7,0,S65,False,19,0,19,16,0,0,0,0,0,"['B48', 'B200', 'B213', 'B487', 'B65', 'B475', 'B270', 'B460', 'B132', 'B52', 'B577', 'B308', 'B279', 'B611', 'B503', 'B677']",8.0,S45,7.43,3,0,3,0.0,,-0.709897,-5.262357,-5.972254,False,False,18,S4,True,6,0.6749,delivery,,,,,,,,,,,,,,,,,,,,,,,,,,,,,,,,,,,,,,,,,,,,,,,,,,,,
42,22,7,15,S45,False,3,0,3,0,0,0,0,0,0,[],0.0,S54,2.7,3,0,3,0.0,,-0.808453,-5.277171,-6.085623,False,False,12,S33,True,0,0.3807,do_nothing,,,,,,,,,,,,,,,,,,,,,,,,,,,,,,,,,,,,,,,,,,,,,,,,,,,,
42,22,7,18,S54,False,3,0,3,0,13,0,0,0,0,"['B335', 'B523', 'B740', 'B616', 'B722', 'B656', 'B324', 'B165', 'B260', 'B758', 'B21', 'B61', 'B628']",6.5,S12,8.01,16,0,16,0.0,,-0.572832,-5.255604,-5.828436,False,False,18,S42,True,15,0.5328,pickup,,,,,,,,,,,,,,,,,,,,,,,,,,,,,,,,,,,,,,,,,,,,,,,,,,,,
42,22,7,32,S12,False,16,0,16,15,0,0,0,0,0,"['B535', 'B104', 'B239', 'B335', 'B523', 'B740', 'B616', 'B722', 'B656', 'B324', 'B165', 'B260', 'B758', 'B21', 'B61']",7.5,S45,6.14,1,0,1,0.0,,-0.513357,-5.30443,-5.817786,False,False,18,S45,False,12,0.5321,delivery,,,,,,,,,,,,,,,,,,,,,,,,,,,,,,,,,,,,,,,,,,,,,,,,,,,,
42,22,7,46,S45,False,1,0,1,0,13,0,0,0,0,"['B296', 'B362', 'B483', 'B20', 'B234', 'B164', 'B398', 'B694', 'B9', 'B537', 'B587', 'B718', 'B75']",6.5,S19,5.1,14,0,14,0.0,,-0.434821,-5.28292,-5.717741,False,False,12,S63,True,10,0.3963,pickup,,,,,,,,,,,,,,,,,,,,,,,,,,,,,,,,,,,,,,,,,,,,,,,,,,,,
42,22,7,58,S19,False,14,0,14,0,0,0,0,0,0,[],0.0,S42,9.76,14,0,14,0.0,,-0.216708,-5.285466,-5.502174,False,False,12,S42,False,4,0.4362,do_nothing,,,,,,,,,,,,,,,,,,,,,,,,,,,,,,,,,,,,,,,,,,,,,,,,,,,,
42,22,8,7,S42,False,14,0,14,11,0,0,0,0,0,"['B628', 'B296', 'B362', 'B483', 'B20', 'B234', 'B164', 'B398', 'B694', 'B9', 'B537']",5.5,S4,9.3,3,0,3,0.0,,-0.177462,-5.272906,-5.450368,False,False,18,S18,True,6,0.6347,delivery,,,,,,,,,,,,,,,,,,,,,,,,,,,,,,,,,,,,,,,,,,,,,,,,,,,,
42,22,8,22,S4,False,3,0,3,0,0,0,2,0,0,"['B112', 'B458']",1.0,S18,0.8,3,2,5,0.0,,-0.412499,-5.290522,-5.703021,True,True,54,S18,True,12,1.7256,do_nothing+depot_removal,,,,,,,,,,,,,,,,,,,,,,,,,,,,,,,,,,,,,,,,,,,,,,,,,,,,
42,22,8,24,S18,False,3,2,5,0,15,0,0,0,0,"['B596', 'B686', 'B370', 'B229', 'B506', 'B754', 'B222', 'B64', 'B209', 'B195', 'B598', 'B426', 'B314', 'B690', 'B176']",7.5,S30,3.23,18,2,20,0.0,,-0.372996,-5.271067,-5.644062,False,False,18,S30,True,8,0.7244,pickup,,,,,,,,,,,,,,,,,,,,,,,,,,,,,,,,,,,,,,,,,,,,,,,,,,,,
42,22,8,35,S30,False,18,2,20,8,0,0,0,0,0,"['B587', 'B718', 'B75', 'B596', 'B686', 'B370', 'B229', 'B506']",4.0,S34,5.86,10,2,12,0.0,,-0.373591,-5.271945,-5.645535,True,False,30,S34,False,7,1.0611,delivery,,,,,,,,,,,,,,,,,,,,,,,,,,,,,,,,,,,,,,,,,,,,,,,,,,,,
42,22,8,45,S34,False,10,2,12,10,0,0,0,0,0,"['B754', 'B222', 'B64', 'B209', 'B195', 'B598', 'B426', 'B314', 'B690', 'B176']",5.0,S54,2.69,0,2,2,0.0,,-0.47047,-5.258339,-5.728809,True,False,36,S62,True,18,1.5778,delivery,,,,,,,,,,,,,,,,,,,,,,,,,,,,,,,,,,,,,,,,,,,,,,,,,,,,
42,22,8,52,S54,False,0,2,2,0,12,0,0,0,0,"['B32', 'B150', 'B326', 'B252', 'B541', 'B85', 'B230', 'B498', 'B525', 'B520', 'B304', 'B444']",6.0,S45,2.7,12,2,14,0.0,,-0.254207,-5.246468,-5.500675,False,False,18,S62,True,16,0.7264,pickup,,,,,,,,,,,,,,,,,,,,,,,,,,,,,,,,,,,,,,,,,,,,,,,,,,,,
42,22,9,1,S45,False,12,2,14,9,0,0,0,0,0,"['B32', 'B150', 'B326', 'B252', 'B541', 'B85', 'B230', 'B498', 'B525']",4.5,S62,1.77,3,2,5,0.0,,-0.137668,-5.202657,-5.340325,False,False,18,S27,True,10,0.5394,delivery,,,,,,,,,,,,,,,,,,,,,,,,,,,,,,,,,,,,,,,,,,,,,,,,,,,,
42,22,9,7,S62,False,3,2,5,0,0,0,0,0,0,[],0.0,S33,0.92,3,2,5,0.0,,-0.216957,-5.242866,-5.459822,False,False,18,S27,True,1,0.6886,do_nothing,,,,,,,,,,,,,,,,,,,,,,,,,,,,,,,,,,,,,,,,,,,,,,,,,,,,
42,22,9,8,S33,False,3,2,5,0,13,0,0,0,0,"['B477', 'B555', 'B476', 'B144', 'B277', 'B496', 'B22', 'B329', 'B658', 'B744', 'B375', 'B720', 'B431']",6.5,S48,5.49,16,2,18,0.0,,-0.216308,-5.202759,-5.419067,True,False,30,S48,False,22,1.1061,pickup,,,,,,,,,,,,,,,,,,,,,,,,,,,,,,,,,,,,,,,,,,,,,,,,,,,,
42,22,9,20,S48,False,16,2,18,15,0,0,0,0,0,"['B520', 'B304', 'B444', 'B477', 'B555', 'B476', 'B144', 'B277', 'B496', 'B22', 'B329', 'B658', 'B744', 'B375', 'B720']",7.5,S44,4.46,1,2,3,0.0,,-0.156937,-5.230792,-5.387729,False,False,18,S31,True,16,0.7885,delivery,,,,,,,,,,,,,,,,,,,,,,,,,,,,,,,,,,,,,,,,,,,,,,,,,,,,
42,22,9,32,S44,False,1,2,3,0,0,0,0,0,0,[],0.0,S46,1.44,1,2,3,0.0,,-0.314276,-5.225889,-5.540165,False,False,18,S52,True,4,0.5209,do_nothing,,,,,,,,,,,,,,,,,,,,,,,,,,,,,,,,,,,,,,,,,,,,,,,,,,,,
42,22,9,34,S46,False,1,2,3,0,13,0,0,0,0,"['B399', 'B18', 'B151', 'B243', 'B764', 'B491', 'B266', 'B485', 'B175', 'B765', 'B42', 'B603', 'B553']",6.5,S15,5.48,14,2,16,0.0,,-0.234235,-5.212658,-5.446893,False,False,18,S2,True,8,0.6451,pickup,,,,,,,,,,,,,,,,,,,,,,,,,,,,,,,,,,,,,,,,,,,,,,,,,,,,
42,22,9,46,S15,False,14,2,16,14,0,0,0,0,0,"['B431', 'B399', 'B18', 'B151', 'B243', 'B764', 'B491', 'B266', 'B485', 'B175', 'B765', 'B42', 'B603', 'B553']",7.0,S44,4.96,0,2,2,0.0,,-0.37295,-5.26124,-5.634191,True,False,24,S52,True,16,0.9677,delivery,,,,,,,,,,,,,,,,,,,,,,,,,,,,,,,,,,,,,,,,,,,,,,,,,,,,
42,22,9,58,S44,False,0,2,2,0,9,0,0,0,0,"['B246', 'B14', 'B254', 'B60', 'B582', 'B7', 'B705', 'B62', 'B341']",4.5,S27,4.5,9,2,11,0.0,,-0.277032,-5.249426,-5.526457,False,False,18,S52,True,13,0.5604,pickup,,,,,,,,,,,,,,,,,,,,,,,,,,,,,,,,,,,,,,,,,,,,,,,,,,,,
42,22,10,7,S27,False,9,2,11,9,0,0,0,0,0,"['B246', 'B14', 'B254', 'B60', 'B582', 'B7', 'B705', 'B62', 'B341']",4.5,S52,3.68,0,2,2,0.0,,-0.236378,-5.232331,-5.468709,False,False,12,S62,True,9,0.2579,delivery,,,,,,,,,,,,,,,,,,,,,,,,,,,,,,,,,,,,,,,,,,,,,,,,,,,,
42,22,10,15,S52,False,0,2,2,0,8,0,0,0,0,"['B301', 'B700', 'B447', 'B730', 'B95', 'B206', 'B442', 'B297']",4.0,S62,1.55,8,2,10,0.0,,-0.236028,-5.211636,-5.447664,False,False,18,S2,True,10,0.3789,pickup,,,,,,,,,,,,,,,,,,,,,,,,,,,,,,,,,,,,,,,,,,,,,,,,,,,,
42,22,10,20,S62,False,8,2,10,0,10,0,0,0,0,"['B594', 'B101', 'B631', 'B605', 'B339', 'B578', 'B159', 'B608', 'B482', 'B352']",5.0,S24,7.61,18,2,20,0.0,,-0.354927,-5.206837,-5.561764,False,False,12,S24,False,7,0.4657,pickup,,,,,,,,,,,,,,,,,,,,,,,,,,,,,,,,,,,,,,,,,,,,,,,,,,,,
42,22,10,33,S24,False,18,2,20,0,0,0,0,0,0,[],0.0,S29,7.96,18,2,20,0.0,,-0.276631,-5.27004,-5.54667,False,False,18,S26,True,2,0.4572,do_nothing,,,,,,,,,,,,,,,,,,,,,,,,,,,,,,,,,,,,,,,,,,,,,,,,,,,,
42,22,10,41,S29,False,18,2,20,15,0,0,0,0,0,"['B301', 'B700', 'B447', 'B730', 'B95', 'B206', 'B442', 'B297', 'B594', 'B101', 'B631', 'B605', 'B339', 'B578', 'B159']",7.5,S14,3.41,3,2,5,0.0,,-0.177513,-5.250929,-5.428443,False,False,18,S26,True,16,0.4846,delivery,,,,,,,,,,,,,,,,,,,,,,,,,,,,,,,,,,,,,,,,,,,,,,,,,,,,
42,22,10,52,S14,False,3,2,5,3,0,0,0,0,0,"['B608', 'B482', 'B352']",1.5,S2,10.49,0,2,2,0.0,,-0.157138,-5.204868,-5.362006,False,False,12,S57,True,7,0.3323,delivery,,,,,,,,,,,,,,,,,,,,,,,,,,,,,,,,,,,,,,,,,,,,,,,,,,,,
42,22,11,4,S2,False,0,2,2,0,18,0,0,0,0,"['B233', 'B6', 'B632', 'B116', 'B203', 'B196', 'B119', 'B432', 'B169', 'B41', 'B688', 'B652', 'B610', 'B215', 'B556', 'B540', 'B256', 'B456']",9.0,S41,3.24,18,2,20,0.0,,-0.237382,-5.243237,-5.480619,True,False,18,S22,True,14,0.5759,pickup,,,,,,,,,,,,,,,,,,,,,,,,,,,,,,,,,,,,,,,,,,,,,,,,,,,,
42,22,11,16,S41,False,18,2,20,13,0,0,0,0,0,"['B233', 'B6', 'B632', 'B116', 'B203', 'B196', 'B119', 'B432', 'B169', 'B41', 'B688', 'B652', 'B610']",6.5,S60,0.87,5,2,7,0.0,,-0.392325,-5.220113,-5.612438,True,False,90,S24,True,54,2.808,delivery,,,,,,,,,,,,,,,,,,,,,,,,,,,,,,,,,,,,,,,,,,,,,,,,,,,,
42,22,11,23,S60,False,5,2,7,0,13,0,0,0,0,"['B204', 'B86', 'B484', 'B585', 'B269', 'B654', 'B124', 'B373', 'B219', 'B410', 'B79', 'B227', 'B534']",6.5,S24,7.55,18,2,20,0.0,,-0.176515,-5.227724,-5.404239,False,False,12,S24,False,9,0.3983,pickup,,,,,,,,,,,,,,,,,,,,,,,,,,,,,,,,,,,,,,,,,,,,,,,,,,,,
42,22,11,37,S24,False,18,2,20,13,0,0,0,0,0,"['B215', 'B556', 'B540', 'B256', 'B456', 'B204', 'B86', 'B484', 'B585', 'B269', 'B654', 'B124', 'B373']",6.5,S29,7.96,5,2,7,0.0,,-0.196385,-5.192878,-5.389263,False,False,18,S26,True,14,0.5208,delivery,,,,,,,,,,,,,,,,,,,,,,,,,,,,,,,,,,,,,,,,,,,,,,,,,,,,
42,22,11,52,S29,False,5,2,7,5,0,0,0,0,0,"['B219', 'B410', 'B79', 'B227', 'B534']",2.5,S56,2.28,0,2,2,0.0,,-0.390775,-5.203666,-5.594441,False,False,12,S57,True,6,0.386,delivery,,,,,,,,,,,,,,,,,,,,,,,,,,,,,,,,,,,,,,,,,,,,,,,,,,,,
42,22,11,57,S56,False,0,2,2,0,8,0,0,0,0,"['B440', 'B302', 'B601', 'B693', 'B405', 'B363', 'B714', 'B602']",4.0,S29,2.28,8,2,10,0.0,,-0.393769,-5.18262,-5.576389,False,False,18,S57,True,6,0.5879,pickup,,,,,,,,,,,,,,,,,,,,,,,,,,,,,,,,,,,,,,,,,,,,,,,,,,,,
42,22,12,3,S29,False,8,2,10,8,0,0,0,0,0,"['B440', 'B302', 'B601', 'B693', 'B405', 'B363', 'B714', 'B602']",4.0,S51,7.57,0,2,2,0.0,,-0.588404,-5.196649,-5.785053,False,False,12,S57,True,6,0.3081,delivery,,,,,,,,,,,,,,,,,,,,,,,,,,,,,,,,,,,,,,,,,,,,,,,,,,,,
42,22,12,15,S51,False,0,2,2,0,14,0,1,0,0,"['B627', 'B34', 'B347', 'B180', 'B473', 'B586', 'B464', 'B71', 'B351', 'B552', 'B325', 'B645', 'B247', 'B200', 'B696']",7.5,S54,6.18,14,3,17,0.0,,-0.295157,-5.235498,-5.530655,True,True,36,S57,True,30,1.0342,pickup+depot_removal,,,,,,,,,,,,,,,,,,,,,,,,,,,,,,,,,,,,,,,,,,,,,,,,,,,,
42,22,12,28,S54,False,14,3,17,14,0,0,0,0,0,"['B627', 'B34', 'B347', 'B180', 'B473', 'B586', 'B464', 'B71', 'B351', 'B552', 'B325', 'B645', 'B247', 'B200']",7.0,S48,6.34,0,3,3,0.0,,-0.255406,-5.229636,-5.485043,False,False,12,S17,True,6,0.465,delivery,,,,,,,,,,,,,,,,,,,,,,,,,,,,,,,,,,,,,,,,,,,,,,,,,,,,
42,22,12,42,S48,False,0,3,3,0,12,0,0,0,0,"['B144', 'B277', 'B496', 'B22', 'B329', 'B658', 'B744', 'B375', 'B720', 'B676', 'B466', 'B573']",6.0,S17,13.62,12,3,15,0.0,,-0.64677,-5.231455,-5.878224,False,False,18,S10,True,16,0.5987,pickup,,,,,,,,,,,,,,,,,,,,,,,,,,,,,,,,,,,,,,,,,,,,,,,,,,,,
42,22,13,1,S17,False,12,3,15,0,0,0,0,0,0,[],0.0,S29,6.77,12,3,15,0.0,,-0.62969,-5.223641,-5.853332,False,False,12,S9,True,1,0.6037,do_nothing,,,,,,,,,,,,,,,,,,,,,,,,,,,,,,,,,,,,,,,,,,,,,,,,,,,,
42,22,13,8,S29,False,12,3,15,12,0,0,0,0,0,"['B144', 'B277', 'B496', 'B22', 'B329', 'B658', 'B744', 'B375', 'B720', 'B676', 'B466', 'B573']",6.0,S9,10.63,0,3,3,0.0,,-1.217509,-5.207236,-6.424745,False,False,12,S9,False,7,0.3988,delivery,,,,,,,,,,,,,,,,,,,,,,,,,,,,,,,,,,,,,,,,,,,,,,,,,,,,
42,22,13,25,S9,False,0,3,3,0,9,0,0,0,0,"['B390', 'B284', 'B186', 'B527', 'B762', 'B93', 'B111', 'B282', 'B729']",4.5,S54,9.33,9,3,12,0.0,,-0.984521,-5.220769,-6.205289,False,False,18,S26,True,14,0.4641,pickup,,,,,,,,,,,,,,,,,,,,,,,,,,,,,,,,,,,,,,,,,,,,,,,,,,,,
42,22,13,38,S54,False,9,3,12,9,0,0,0,0,0,"['B390', 'B284', 'B186', 'B527', 'B762', 'B93', 'B111', 'B282', 'B729']",4.5,S48,6.34,0,3,3,0.0,,-0.984918,-5.233085,-6.218003,False,False,12,S41,True,8,0.4433,delivery,,,,,,,,,,,,,,,,,,,,,,,,,,,,,,,,,,,,,,,,,,,,,,,,,,,,
42,22,13,49,S48,False,0,3,3,0,9,0,0,0,0,"['B595', 'B21', 'B393', 'B8', 'B46', 'B370', 'B722', 'B207', 'B300']",4.5,S26,11.62,9,3,12,0.0,,-1.384101,-5.184495,-6.568596,False,False,18,S41,True,14,0.5551,pickup,,,,,,,,,,,,,,,,,,,,,,,,,,,,,,,,,,,,,,,,,,,,,,,,,,,,
42,22,14,5,S26,False,9,3,12,9,0,0,0,0,0,"['B595', 'B21', 'B393', 'B8', 'B46', 'B370', 'B722', 'B207', 'B300']",4.5,S41,6.65,0,3,3,0.0,,-1.244833,-5.08342,-6.328254,False,False,12,S41,False,6,0.6324,delivery,,,,,,,,,,,,,,,,,,,,,,,,,,,,,,,,,,,,,,,,,,,,,,,,,,,,
42,22,14,16,S41,False,0,3,3,0,17,1,0,0,0,"['B688', 'B652', 'B610', 'B449', 'B339', 'B758', 'B289', 'B69', 'B428', 'B278', 'B685', 'B505', 'B359', 'B139', 'B698', 'B491', 'B266']",11.5,S52,4.13,17,3,20,0.0,,-0.986168,-5.150724,-6.136891,True,True,90,S47,True,82,2.519,pickup+onsite,,,,,,,,,,,,,,,,,,,,,,,,,,,,,,,,,,,,,,,,,,,,,,,,,,,,
42,22,14,32,S52,False,17,3,20,8,0,0,0,0,0,"['B688', 'B652', 'B610', 'B449', 'B339', 'B758', 'B289', 'B69']",4.0,S35,6.71,9,3,12,0.0,,-1.162487,-5.175233,-6.33772,False,False,18,S17,True,6,0.7583,delivery,,,,,,,,,,,,,,,,,,,,,,,,,,,,,,,,,,,,,,,,,,,,,,,,,,,,
42,22,14,43,S35,False,9,3,12,9,0,1,1,0,0,"['B273', 'B428', 'B278', 'B685', 'B505', 'B359', 'B139', 'B698', 'B491', 'B266']",8.0,S40,4.93,0,4,4,0.0,,-0.848709,-5.17833,-6.027039,True,True,48,S42,True,42,1.4042,delivery+maintenance,,,,,,,,,,,,,,,,,,,,,,,,,,,,,,,,,,,,,,,,,,,,,,,,,,,,
42,22,14,56,S40,False,0,4,4,0,8,0,0,0,0,"['B695', 'B665', 'B360', 'B347', 'B552', 'B386', 'B380', 'B627']",4.0,S10,2.46,8,4,12,0.0,,-0.866233,-5.228623,-6.094856,True,False,72,S60,True,28,2.1466,pickup,,,,,,,,,,,,,,,,,,,,,,,,,,,,,,,,,,,,,,,,,,,,,,,,,,,,
42,22,15,2,S10,False,8,4,12,8,0,0,0,0,0,"['B695', 'B665', 'B360', 'B347', 'B552', 'B386', 'B380', 'B627']",4.0,S65,8.22,0,4,4,0.0,,-0.848307,-5.226327,-6.074634,False,False,12,S42,True,7,0.2805,delivery,,,,,,,,,,,,,,,,,,,,,,,,,,,,,,,,,,,,,,,,,,,,,,,,,,,,
42,22,15,14,S65,False,0,4,4,0,0,0,0,0,0,[],0.0,S51,10.57,0,4,4,0.0,,-0.610777,-5.193991,-5.804769,False,False,18,S58,True,3,0.6887,do_nothing,,,,,,,,,,,,,,,,,,,,,,,,,,,,,,,,,,,,,,,,,,,,,,,,,,,,
42,22,15,25,S51,False,0,4,4,0,7,0,0,0,0,"['B56', 'B642', 'B333', 'B494', 'B281', 'B468', 'B366']",3.5,S42,9.5,7,4,11,0.0,,-0.610825,-5.216377,-5.827202,True,False,36,S65,True,15,0.7346,pickup,,,,,,,,,,,,,,,,,,,,,,,,,,,,,,,,,,,,,,,,,,,,,,,,,,,,
42,22,15,38,S42,False,7,4,11,0,9,0,0,0,0,"['B736', 'B355', 'B457', 'B645', 'B66', 'B117', 'B741', 'B36', 'B58']",4.5,S11,1.48,16,4,20,0.0,,-0.847107,-5.254809,-6.101915,False,False,12,S11,False,6,0.2798,pickup,,,,,,,,,,,,,,,,,,,,,,,,,,,,,,,,,,,,,,,,,,,,,,,,,,,,
42,22,15,44,S11,False,16,4,20,12,0,0,0,0,0,"['B56', 'B642', 'B333', 'B494', 'B281', 'B468', 'B366', 'B736', 'B355', 'B457', 'B645', 'B66']",6.0,S58,11.11,4,4,8,0.0,,-0.985681,-5.240568,-6.226249,False,False,18,S17,True,9,0.443,delivery,,,,,,,,,,,,,,,,,,,,,,,,,,,,,,,,,,,,,,,,,,,,,,,,,,,,
42,22,16,1,S58,False,4,4,8,0,12,0,0,0,0,"['B416', 'B158', 'B379', 'B75', 'B442', 'B30', 'B755', 'B577', 'B389', 'B308', 'B182', 'B673']",6.0,S46,3.13,16,4,20,0.0,,-0.790149,-5.250313,-6.040462,False,False,12,S17,True,6,0.259,pickup,,,,,,,,,,,,,,,,,,,,,,,,,,,,,,,,,,,,,,,,,,,,,,,,,,,,
42,22,16,10,S46,False,16,4,20,13,0,0,0,0,0,"['B117', 'B741', 'B36', 'B58', 'B416', 'B158', 'B379', 'B75', 'B442', 'B30', 'B755', 'B577', 'B389']",6.5,S44,1.44,3,4,7,0.0,,-0.571076,-5.210099,-5.781175,False,False,18,S17,True,12,0.6348,delivery,,,,,,,,,,,,,,,,,,,,,,,,,,,,,,,,,,,,,,,,,,,,,,,,,,,,
42,22,16,18,S44,False,3,4,7,0,13,0,0,0,0,"['B453', 'B547', 'B588', 'B715', 'B554', 'B126', 'B504', 'B501', 'B555', 'B248', 'B486', 'B123', 'B222']",6.5,S45,1.28,16,4,20,0.0,,-0.588958,-5.212991,-5.801949,False,False,18,S27,True,8,0.369,pickup,,,,,,,,,,,,,,,,,,,,,,,,,,,,,,,,,,,,,,,,,,,,,,,,,,,,
42,22,16,26,S45,False,16,4,20,8,0,0,0,0,0,"['B308', 'B182', 'B673', 'B453', 'B547', 'B588', 'B715', 'B554']",4.0,S54,2.7,8,4,12,0.0,,-0.711649,-5.209497,-5.921146,False,False,18,S54,False,6,0.5451,delivery,,,,,,,,,,,,,,,,,,,,,,,,,,,,,,,,,,,,,,,,,,,,,,,,,,,,
42,22,16,33,S54,False,8,4,12,8,0,0,0,0,0,"['B126', 'B504', 'B501', 'B555', 'B248', 'B486', 'B123', 'B222']",4.0,S40,2.17,0,4,4,0.0,,-0.611128,-5.227346,-5.838474,False,False,12,S40,False,6,0.4713,delivery,,,,,,,,,,,,,,,,,,,,,,,,,,,,,,,,,,,,,,,,,,,,,,,,,,,,
42,22,16,39,S40,False,0,4,4,0,0,0,3,0,0,"['B543', 'B382', 'B649']",1.5,S53,2.27,0,7,7,0.0,,-0.750047,-5.23419,-5.984238,True,True,72,S20,True,20,2.1835,do_nothing+depot_removal,,,,,,,,,,,,,,,,,,,,,,,,,,,,,,,,,,,,,,,,,,,,,,,,,,,,
42,22,16,43,S53,False,0,7,7,0,0,0,1,0,0,['B83'],0.5,S32,1.73,0,8,8,0.0,,-0.610736,-5.233776,-5.844512,True,True,90,S20,True,9,3.1073,do_nothing+depot_removal,,,,,,,,,,,,,,,,,,,,,,,,,,,,,,,,,,,,,,,,,,,,,,,,,,,,
42,22,16,45,S32,False,0,8,8,0,7,0,0,0,0,"['B420', 'B192', 'B246', 'B318', 'B53', 'B513', 'B519']",3.5,S17,9.65,7,8,15,0.0,,-0.769118,-5.234035,-6.003153,True,False,108,S53,True,37,2.9291,pickup,,,,,,,,,,,,,,,,,,,,,,,,,,,,,,,,,,,,,,,,,,,,,,,,,,,,
42,22,16,58,S17,False,7,8,15,7,0,0,0,0,0,"['B420', 'B192', 'B246', 'B318', 'B53', 'B513', 'B519']",3.5,S63,9.98,0,8,8,0.0,,-1.043697,-5.23467,-6.278367,False,False,12,S52,True,8,0.2987,delivery,,,,,,,,,,,,,,,,,,,,,,,,,,,,,,,,,,,,,,,,,,,,,,,,,,,,
42,22,17,11,S63,False,0,8,8,0,0,0,0,0,0,[],0.0,S65,7.4,0,8,8,0.0,,-0.769613,-5.205037,-5.974651,True,False,36,S65,False,0,1.1081,do_nothing,,,,,,,,,,,,,,,,,,,,,,,,,,,,,,,,,,,,,,,,,,,,,,,,,,,,
42,22,17,19,S65,False,0,8,8,0,12,0,0,0,0,"['B44', 'B694', 'B233', 'B174', 'B651', 'B502', 'B378', 'B317', 'B243', 'B190', 'B411', 'B153']",6.0,S27,3.94,12,8,20,0.0,,-0.608931,-5.219457,-5.828388,False,False,12,S27,False,6,0.5802,pickup,,,,,,,,,,,,,,,,,,,,,,,,,,,,,,,,,,,,,,,,,,,,,,,,,,,,
42,22,17,29,S27,False,12,8,20,12,0,0,0,0,0,"['B44', 'B694', 'B233', 'B174', 'B651', 'B502', 'B378', 'B317', 'B243', 'B190', 'B411', 'B153']",6.0,S53,4.78,0,8,8,0.0,,-0.474215,-5.216944,-5.691159,False,False,12,S20,True,9,0.5434,delivery,,,,,,,,,,,,,,,,,,,,,,,,,,,,,,,,,,,,,,,,,,,,,,,,,,,,
42,22,17,40,S53,False,0,8,8,0,12,0,0,0,0,"['B550', 'B622', 'B54', 'B135', 'B338', 'B322', 'B742', 'B363', 'B175', 'B713', 'B21', 'B708']",6.0,S19,4.85,12,8,20,0.0,,-0.27533,-5.194476,-5.469806,True,False,54,S62,True,22,2.4254,pickup,,,,,,,,,,,,,,,,,,,,,,,,,,,,,,,,,,,,,,,,,,,,,,,,,,,,
42,22,17,50,S19,False,12,8,20,0,0,1,0,0,0,[],3.0,S28,17.79,12,8,20,0.0,,-0.157237,-5.178458,-5.335696,True,True,36,S28,True,8,1.8756,do_nothing+onsite,,,,,,,,,,,,,,,,,,,,,,,,,,,,,,,,,,,,,,,,,,,,,,,,,,,,
42,22,18,11,S28,False,12,8,20,12,0,3,1,0,0,"['B330', 'B550', 'B622', 'B54', 'B135', 'B338', 'B322', 'B742', 'B363', 'B175', 'B713', 'B21', 'B708']",15.5,S60,9.27,0,9,9,0.0,,-0.374542,-5.21941,-5.593952,True,True,120,S6,True,102,3.8799,delivery+maintenance,,,,,,,,,,,,,,,,,,,,,,,,,,,,,,,,,,,,,,,,,,,,,,,,,,,,
42,22,18,36,S60,False,0,9,9,0,0,0,0,0,0,[],0.0,S62,3.68,0,9,9,0.0,,-0.611826,-5.24052,-5.852345,False,False,12,S62,False,0,0.4003,do_nothing,,,,,,,,,,,,,,,,,,,,,,,,,,,,,,,,,,,,,,,,,,,,,,,,,,,,
42,22,18,40,S62,False,0,9,9,0,11,0,0,0,0,"['B764', 'B570', 'B574', 'B582', 'B293', 'B558', 'B583', 'B391', 'B10', 'B41', 'B90']",5.5,S56,4.25,11,9,20,0.0,,-0.45464,-5.231614,-5.686254,False,False,12,S15,True,9,0.3951,pickup,,,,,,,,,,,,,,,,,,,,,,,,,,,,,,,,,,,,,,,,,,,,,,,,,,,,
42,22,18,49,S56,False,11,9,20,10,0,0,0,0,0,"['B764', 'B570', 'B574', 'B582', 'B293', 'B558', 'B583', 'B391', 'B10', 'B41']",5.0,S42,3.65,1,9,10,0.0,,-0.257207,-5.209414,-5.466621,False,False,18,S6,True,14,0.5934,delivery,,,,,,,,,,,,,,,,,,,,,,,,,,,,,,,,,,,,,,,,,,,,,,,,,,,,
42,22,18,58,S42,False,1,9,10,0,10,0,0,0,0,"['B8', 'B177', 'B463', 'B244', 'B592', 'B444', 'B352', 'B267', 'B304', 'B503']",5.0,S15,6.77,11,9,20,0.0,,-0.3339,-5.184977,-5.518877,True,False,18,S16,True,12,0.5259,pickup,,,,,,,,,,,,,,,,,,,,,,,,,,,,,,,,,,,,,,,,,,,,,,,,,,,,
42,22,19,10,S15,False,11,9,20,0,0,1,0,0,0,[],3.0,S47,5.64,11,9,20,0.0,,-0.117891,-5.183218,-5.301108,True,True,36,S6,True,6,1.2483,do_nothing+onsite,,,,,,,,,,,,,,,,,,,,,,,,,,,,,,,,,,,,,,,,,,,,,,,,,,,,
42,22,19,18,S47,False,11,9,20,11,0,1,0,0,0,"['B90', 'B8', 'B177', 'B463', 'B244', 'B592', 'B444', 'B352', 'B267', 'B304', 'B503']",8.5,S43,6.63,0,9,9,0.0,,-0.177611,-5.156866,-5.334476,True,True,24,S6,True,22,0.8038,delivery+onsite,,,,,,,,,,,,,,,,,,,,,,,,,,,,,,,,,,,,,,,,,,,,,,,,,,,,
42,22,19,34,S43,False,0,9,9,0,10,0,0,0,0,"['B524', 'B429', 'B471', 'B59', 'B61', 'B686', 'B702', 'B695', 'B110', 'B347']",5.0,S64,3.6,10,9,19,0.0,,-0.079043,-5.180475,-5.259518,True,False,30,S33,True,22,0.8993,pickup,,,,,,,,,,,,,,,,,,,,,,,,,,,,,,,,,,,,,,,,,,,,,,,,,,,,
42,22,19,42,S64,False,10,9,19,0,0,0,0,0,0,[],0.0,S37,1.94,10,9,19,0.0,,-0.295554,-5.172396,-5.46795,True,False,11,D0,True,2,0.3379,do_nothing,,,,,,,,,,,,,,,,,,,,,,,,,,,,,,,,,,,,,,,,,,,,,,,,,,,,
42,22,19,44,S37,False,10,9,19,0,0,0,0,0,0,[],0.0,S38,1.93,10,9,19,0.0,,-0.215809,-5.173258,-5.389067,True,False,8,S64,True,1,0.2347,do_nothing,,,,,,,,,,,,,,,,,,,,,,,,,,,,,,,,,,,,,,,,,,,,,,,,,,,,
42,22,19,46,S38,False,10,9,19,10,0,0,0,0,0,"['B524', 'B429', 'B471', 'B59', 'B61', 'B686', 'B702', 'B695', 'B110', 'B347']",5.0,D0,2.69,0,9,9,0.0,,-0.157237,-5.192359,-5.349597,False,False,2,D0,False,1,0.0672,delivery,,,,,,,,,,,,,,,,,,,,,,,,,,,,,,,,,,,,,,,,,,,,,,,,,,,,
42,22,19,54,D0,True,0,9,9,0,0,0,0,9,12,"['B261', 'B392', 'B650', 'B682', 'B710', 'B763', 'B478', 'B63', 'B443', 'B709', 'B340', 'B25', 'B112', 'B458', 'B696', 'B273', 'B543', 'B382', 'B649', 'B83', 'B330']",10.5,D0,0.0,12,0,12,0.0,,-0.197832,-5.192176,-5.390008,True,True,1,D0,False,0,0.0397,do_nothing,,,,,,,,,,,,,,,,,,,,,,,,,,,,,,,,,,,,,,,,,,,,,,,,,,,,
42,23,6,4,D0,True,12,0,12,0,0,0,0,0,0,[],0.0,S40,0.66,12,0,12,0.0,,-2.937793,-5.36129,-8.299083,True,True,5,S40,False,3,0.1215,depot_passthrough,,,,,,,,,,,,,,,,,,,,,,,,,,,,,,,,,,,,,,,,,,,,,,,,,,,,
42,23,6,20,S40,False,12,0,12,12,0,0,0,0,0,"['B261', 'B392', 'B650', 'B682', 'B710', 'B763', 'B478', 'B63', 'B443', 'B709', 'B340', 'B25']",6.0,S52,2.21,0,0,0,0.0,,-2.504272,-5.375142,-7.879414,False,False,12,S52,False,10,0.348,delivery,,,,,,,,,,,,,,,,,,,,,,,,,,,,,,,,,,,,,,,,,,,,,,,,,,,,
42,23,6,28,S52,False,0,0,0,0,12,0,0,0,0,"['B73', 'B236', 'B657', 'B540', 'B595', 'B486', 'B599', 'B441', 'B464', 'B438', 'B275', 'B346']",6.0,S60,3.35,12,0,12,0.0,,-2.372226,-5.386792,-7.759018,False,False,18,S60,False,15,0.5534,pickup,,,,,,,,,,,,,,,,,,,,,,,,,,,,,,,,,,,,,,,,,,,,,,,,,,,,
42,23,6,37,S60,False,12,0,12,0,0,0,0,0,0,[],0.0,S33,3.7,12,0,12,0.0,,-1.738172,-5.38563,-7.123802,False,False,12,S66,True,3,0.3436,do_nothing,,,,,,,,,,,,,,,,,,,,,,,,,,,,,,,,,,,,,,,,,,,,,,,,,,,,
42,23,6,41,S33,False,12,0,12,0,8,0,0,0,0,"['B532', 'B691', 'B641', 'B482', 'B548', 'B470', 'B191', 'B48']",4.0,S66,3.23,20,0,20,0.0,,-2.018314,-5.380621,-7.398935,True,False,18,S12,True,12,0.6173,pickup,,,,,,,,,,,,,,,,,,,,,,,,,,,,,,,,,,,,,,,,,,,,,,,,,,,,
42,23,6,48,S66,False,20,0,20,19,0,0,2,0,0,"['B224', 'B685', 'B73', 'B236', 'B657', 'B540', 'B595', 'B486', 'B599', 'B441', 'B464', 'B438', 'B275', 'B346', 'B532', 'B691', 'B641', 'B482', 'B548', 'B470', 'B191']",10.5,S4,2.35,1,2,3,0.0,,-1.5829,-5.364301,-6.947202,True,True,42,S60,True,22,1.3657,delivery+depot_removal,,,,,,,,,,,,,,,,,,,,,,,,,,,,,,,,,,,,,,,,,,,,,,,,,,,,
42,23,7,1,S4,False,1,2,3,0,10,0,0,0,0,"['B717', 'B586', 'B765', 'B729', 'B514', 'B472', 'B767', 'B248', 'B225', 'B388']",5.0,S61,1.37,11,2,13,0.0,,-1.53573,-5.32703,-6.862759,False,False,18,S59,True,14,0.6945,pickup,,,,,,,,,,,,,,,,,,,,,,,,,,,,,,,,,,,,,,,,,,,,,,,,,,,,
42,23,7,8,S61,False,11,2,13,0,0,2,0,0,0,[],6.0,S12,8.51,11,2,13,0.0,,-1.241869,-5.311492,-6.553361,True,True,108,S12,True,28,2.6943,do_nothing+onsite,,,,,,,,,,,,,,,,,,,,,,,,,,,,,,,,,,,,,,,,,,,,,,,,,,,,
42,23,7,22,S12,False,11,2,13,11,0,0,0,0,0,"['B48', 'B717', 'B586', 'B765', 'B729', 'B514', 'B472', 'B767', 'B248', 'B225', 'B388']",5.5,S35,9.87,0,2,2,0.0,,-0.989429,-5.273845,-6.263274,True,False,24,S45,True,13,0.7103,delivery,,,,,,,,,,,,,,,,,,,,,,,,,,,,,,,,,,,,,,,,,,,,,,,,,,,,
42,23,7,37,S35,False,0,2,2,0,13,0,0,0,0,"['B479', 'B152', 'B216', 'B628', 'B455', 'B203', 'B718', 'B33', 'B557', 'B102', 'B603', 'B385', 'B302']",6.5,S27,6.86,13,2,15,0.0,,-0.887512,-5.262903,-6.150415,False,False,18,S59,True,14,0.528,pickup,,,,,,,,,,,,,,,,,,,,,,,,,,,,,,,,,,,,,,,,,,,,,,,,,,,,
42,23,7,51,S27,False,13,2,15,13,0,0,0,0,0,"['B479', 'B152', 'B216', 'B628', 'B455', 'B203', 'B718', 'B33', 'B557', 'B102', 'B603', 'B385', 'B302']",6.5,S38,5.35,0,2,2,0.0,,-0.983229,-5.259541,-6.24277,False,False,12,S45,True,9,0.3635,delivery,,,,,,,,,,,,,,,,,,,,,,,,,,,,,,,,,,,,,,,,,,,,,,,,,,,,
42,23,8,3,S38,False,0,2,2,0,10,0,0,0,0,"['B44', 'B620', 'B449', 'B524', 'B429', 'B471', 'B59', 'B61', 'B686', 'B702']",5.0,S44,3.16,10,2,12,0.0,,-0.652071,-5.287166,-5.939237,False,False,18,S59,True,13,0.4369,pickup,,,,,,,,,,,,,,,,,,,,,,,,,,,,,,,,,,,,,,,,,,,,,,,,,,,,
42,23,8,11,S44,False,10,2,12,0,8,0,0,0,0,"['B675', 'B707', 'B746', 'B98', 'B42', 'B460', 'B483', 'B701']",4.0,S26,7.72,18,2,20,0.0,,-0.471872,-5.245213,-5.717086,False,False,12,S65,True,7,0.3506,pickup,,,,,,,,,,,,,,,,,,,,,,,,,,,,,,,,,,,,,,,,,,,,,,,,,,,,
42,23,8,23,S26,False,18,2,20,18,0,0,0,0,0,"['B44', 'B620', 'B449', 'B524', 'B429', 'B471', 'B59', 'B61', 'B686', 'B702', 'B675', 'B707', 'B746', 'B98', 'B42', 'B460', 'B483', 'B701']",9.0,S59,8.38,0,2,2,0.0,,-0.472366,-5.225359,-5.697725,False,False,18,S65,True,6,0.5173,delivery,,,,,,,,,,,,,,,,,,,,,,,,,,,,,,,,,,,,,,,,,,,,,,,,,,,,
42,23,8,40,S59,False,0,2,2,0,18,1,0,0,0,"['B637', 'B730', 'B505', 'B151', 'B114', 'B722', 'B133', 'B408', 'B679', 'B617', 'B569', 'B17', 'B647', 'B99', 'B134', 'B345', 'B630', 'B141']",12.0,S43,2.96,18,2,20,0.0,,-0.413244,-5.239455,-5.652699,True,True,36,S4,True,32,0.9618,pickup+onsite,,,,,,,,,,,,,,,,,,,,,,,,,,,,,,,,,,,,,,,,,,,,,,,,,,,,
42,23,8,55,S43,False,18,2,20,18,0,0,0,0,0,"['B637', 'B730', 'B505', 'B151', 'B114', 'B722', 'B133', 'B408', 'B679', 'B617', 'B569', 'B17', 'B647', 'B99', 'B134', 'B345', 'B630', 'B141']",9.0,S1,7.46,0,2,2,0.0,,-0.589758,-5.218569,-5.808328,True,False,42,S65,True,9,0.9797,delivery,,,,,,,,,,,,,,,,,,,,,,,,,,,,,,,,,,,,,,,,,,,,,,,,,,,,
42,23,9,11,S1,False,0,2,2,0,15,0,0,0,0,"['B243', 'B627', 'B34', 'B139', 'B634', 'B234', 'B357', 'B681', 'B593', 'B259', 'B535', 'B494', 'B368', 'B108', 'B48']",7.5,S4,8.34,15,2,17,0.0,,-0.632054,-5.220167,-5.852221,False,False,12,S39,True,10,0.332,pickup,,,,,,,,,,,,,,,,,,,,,,,,,,,,,,,,,,,,,,,,,,,,,,,,,,,,
42,23,9,27,S4,False,15,2,17,0,0,0,0,0,0,[],0.0,S29,6.26,15,2,17,0.0,,-0.807362,-5.192592,-5.999954,False,False,18,S51,True,2,0.4932,do_nothing,,,,,,,,,,,,,,,,,,,,,,,,,,,,,,,,,,,,,,,,,,,,,,,,,,,,
42,23,9,33,S29,False,15,2,17,15,0,0,0,0,0,"['B243', 'B627', 'B34', 'B139', 'B634', 'B234', 'B357', 'B681', 'B593', 'B259', 'B535', 'B494', 'B368', 'B108', 'B48']",7.5,S60,7.31,0,2,2,0.0,,-0.64857,-5.191691,-5.840261,False,False,12,S45,True,7,0.3762,delivery,,,,,,,,,,,,,,,,,,,,,,,,,,,,,,,,,,,,,,,,,,,,,,,,,,,,
42,23,9,48,S60,False,0,2,2,0,18,0,0,0,0,"['B344', 'B462', 'B508', 'B332', 'B18', 'B251', 'B289', 'B506', 'B360', 'B0', 'B28', 'B446', 'B530', 'B538', 'B10', 'B192', 'B425', 'B92']",9.0,S51,7.5,18,2,20,0.0,,-0.632697,-5.200029,-5.832726,False,False,18,S41,True,16,0.7772,pickup,,,,,,,,,,,,,,,,,,,,,,,,,,,,,,,,,,,,,,,,,,,,,,,,,,,,
42,23,10,5,S51,False,18,2,20,7,0,1,0,0,0,"['B344', 'B462', 'B508', 'B332', 'B18', 'B251', 'B289']",6.5,S64,6.57,11,2,13,0.0,,-0.315677,-5.22728,-5.542957,True,True,36,S64,True,33,1.2781,delivery+onsite,,,,,,,,,,,,,,,,,,,,,,,,,,,,,,,,,,,,,,,,,,,,,,,,,,,,
42,23,10,18,S64,False,11,2,13,7,0,0,2,0,0,"['B671', 'B35', 'B506', 'B360', 'B0', 'B28', 'B446', 'B530', 'B538']",4.5,S46,4.62,4,4,8,0.0,,-0.610621,-5.226901,-5.837522,True,True,54,S10,True,49,1.8011,delivery+depot_removal,,,,,,,,,,,,,,,,,,,,,,,,,,,,,,,,,,,,,,,,,,,,,,,,,,,,
42,23,10,27,S46,False,4,4,8,0,12,0,0,0,0,"['B303', 'B665', 'B291', 'B760', 'B467', 'B609', 'B703', 'B137', 'B653', 'B415', 'B364', 'B348']",6.0,S29,4.73,16,4,20,0.0,,-0.334799,-5.255344,-5.590143,True,False,24,S10,True,12,1.0106,pickup,,,,,,,,,,,,,,,,,,,,,,,,,,,,,,,,,,,,,,,,,,,,,,,,,,,,
42,23,10,38,S29,False,16,4,20,16,0,0,0,0,0,"['B10', 'B192', 'B425', 'B92', 'B303', 'B665', 'B291', 'B760', 'B467', 'B609', 'B703', 'B137', 'B653', 'B415', 'B364', 'B348']",8.0,S36,5.98,0,4,4,0.0,,-0.15654,-5.230128,-5.386668,False,False,18,S50,True,6,0.748,delivery,,,,,,,,,,,,,,,,,,,,,,,,,,,,,,,,,,,,,,,,,,,,,,,,,,,,
42,23,10,52,S36,False,0,4,4,0,11,0,0,0,0,"['B750', 'B367', 'B698', 'B721', 'B262', 'B105', 'B757', 'B349', 'B463', 'B69', 'B669']",5.5,S54,4.67,11,4,15,0.0,,-0.315523,-5.269442,-5.584965,False,False,18,S33,True,12,0.9554,pickup,,,,,,,,,,,,,,,,,,,,,,,,,,,,,,,,,,,,,,,,,,,,,,,,,,,,
42,23,11,2,S54,False,11,4,15,10,0,2,0,0,0,"['B750', 'B367', 'B698', 'B721', 'B262', 'B105', 'B757', 'B349', 'B463', 'B69']",11.0,S33,3.1,1,4,5,0.0,,-0.195987,-5.229432,-5.42542,True,True,72,S50,True,39,3.6217,delivery+onsite,,,,,,,,,,,,,,,,,,,,,,,,,,,,,,,,,,,,,,,,,,,,,,,,,,,,
42,23,11,16,S33,False,1,4,5,0,0,0,0,0,0,[],0.0,S16,1.49,1,4,5,0.0,,-0.393778,-5.273194,-5.666972,True,False,30,S16,True,1,2.3064,do_nothing,,,,,,,,,,,,,,,,,,,,,,,,,,,,,,,,,,,,,,,,,,,,,,,,,,,,
42,23,11,17,S16,False,1,4,5,1,0,1,0,0,0,['B669'],3.5,S32,3.38,0,4,4,0.0,,-0.275129,-5.243697,-5.518826,True,True,24,S33,True,19,1.3486,delivery+onsite,,,,,,,,,,,,,,,,,,,,,,,,,,,,,,,,,,,,,,,,,,,,,,,,,,,,
42,23,11,24,S32,False,0,4,4,0,0,0,1,0,0,['B480'],0.5,S33,3.27,0,5,5,0.0,,-0.078447,-5.27802,-5.356466,True,True,108,S33,True,7,4.0662,do_nothing+depot_removal,,,,,,,,,,,,,,,,,,,,,,,,,,,,,,,,,,,,,,,,,,,,,,,,,,,,
42,23,11,28,S33,False,0,5,5,0,15,0,0,0,0,"['B50', 'B608', 'B36', 'B58', 'B591', 'B416', 'B288', 'B379', 'B187', 'B185', 'B214', 'B537', 'B737', 'B308', 'B209']",7.5,S41,4.4,15,5,20,0.0,,-0.157786,-5.268802,-5.426589,True,False,30,S31,True,15,1.3592,pickup,,,,,,,,,,,,,,,,,,,,,,,,,,,,,,,,,,,,,,,,,,,,,,,,,,,,
42,23,11,40,S41,False,15,5,20,0,0,1,0,0,0,[],3.0,S6,8.21,15,5,20,0.0,,-0.196485,-5.231295,-5.427781,True,True,60,S65,True,8,1.9982,do_nothing+onsite,,,,,,,,,,,,,,,,,,,,,,,,,,,,,,,,,,,,,,,,,,,,,,,,,,,,
42,23,11,51,S6,False,15,5,20,11,0,0,0,0,0,"['B50', 'B608', 'B36', 'B58', 'B591', 'B416', 'B288', 'B379', 'B187', 'B185', 'B214']",5.5,S52,11.16,4,5,9,0.0,,-0.257657,-5.249891,-5.507548,True,False,42,S65,True,7,1.702,delivery,,,,,,,,,,,,,,,,,,,,,,,,,,,,,,,,,,,,,,,,,,,,,,,,,,,,
42,23,12,8,S52,False,4,5,9,0,4,0,0,0,0,"['B204', 'B607', 'B344', 'B462']",2.0,S44,0.83,8,5,13,0.0,,-0.275079,-5.199325,-5.474403,False,False,18,S44,False,15,0.4181,pickup,,,,,,,,,,,,,,,,,,,,,,,,,,,,,,,,,,,,,,,,,,,,,,,,,,,,
42,23,12,11,S44,False,8,5,13,0,7,0,0,0,0,"['B433', 'B152', 'B502', 'B561', 'B153', 'B449', 'B31']",3.5,S50,6.58,15,5,20,0.0,,-0.431575,-5.211074,-5.642649,False,False,12,S4,True,6,0.2826,pickup,,,,,,,,,,,,,,,,,,,,,,,,,,,,,,,,,,,,,,,,,,,,,,,,,,,,
42,23,12,21,S50,False,15,5,20,15,0,0,2,0,0,"['B662', 'B67', 'B537', 'B737', 'B308', 'B209', 'B204', 'B607', 'B344', 'B462', 'B433', 'B152', 'B502', 'B561', 'B153', 'B449', 'B31']",8.5,S63,6.54,0,7,7,0.0,,-0.336451,-5.175078,-5.511529,True,True,24,S55,True,21,0.7244,delivery+depot_removal,,,,,,,,,,,,,,,,,,,,,,,,,,,,,,,,,,,,,,,,,,,,,,,,,,,,
42,23,12,36,S63,False,0,7,7,0,9,0,0,0,0,"['B277', 'B172', 'B156', 'B240', 'B279', 'B500', 'B166', 'B362', 'B678']",4.5,S51,3.43,9,7,16,0.0,,-0.47402,-5.217761,-5.691781,True,False,36,S37,True,24,1.0395,pickup,,,,,,,,,,,,,,,,,,,,,,,,,,,,,,,,,,,,,,,,,,,,,,,,,,,,
42,23,12,44,S51,False,9,7,16,9,0,0,0,0,0,"['B277', 'B172', 'B156', 'B240', 'B279', 'B500', 'B166', 'B362', 'B678']",4.5,S61,6.56,0,7,7,0.0,,-0.393866,-5.233041,-5.626907,True,False,24,S37,True,13,0.6584,delivery,,,,,,,,,,,,,,,,,,,,,,,,,,,,,,,,,,,,,,,,,,,,,,,,,,,,
42,23,12,55,S61,False,0,7,7,0,0,0,1,0,0,['B38'],0.5,S42,8.85,0,8,8,0.0,,-0.490991,-5.266427,-5.757418,True,True,36,S37,True,8,1.0064,do_nothing+depot_removal,,,,,,,,,,,,,,,,,,,,,,,,,,,,,,,,,,,,,,,,,,,,,,,,,,,,
42,23,13,4,S42,False,0,8,8,0,7,0,1,0,0,"['B590', 'B145', 'B369', 'B74', 'B511', 'B333', 'B428', 'B676']",4.0,S41,10.8,7,9,16,0.0,,-0.454246,-5.236616,-5.690862,True,True,36,S5,True,20,0.9331,pickup+depot_removal,,,,,,,,,,,,,,,,,,,,,,,,,,,,,,,,,,,,,,,,,,,,,,,,,,,,
42,23,13,19,S41,False,7,9,16,7,0,0,0,0,0,"['B590', 'B145', 'B369', 'B74', 'B511', 'B333', 'B428']",3.5,S66,1.41,0,9,9,0.0,,-0.905325,-5.208536,-6.113861,True,False,24,S66,False,12,0.7468,delivery,,,,,,,,,,,,,,,,,,,,,,,,,,,,,,,,,,,,,,,,,,,,,,,,,,,,
42,23,13,24,S66,False,0,9,9,0,11,0,0,0,0,"['B48', 'B447', 'B159', 'B762', 'B192', 'B425', 'B516', 'B508', 'B702', 'B261', 'B92']",5.5,S29,6.29,11,9,20,0.0,,-1.140461,-5.172919,-6.313381,False,False,18,S5,True,9,0.4996,pickup,,,,,,,,,,,,,,,,,,,,,,,,,,,,,,,,,,,,,,,,,,,,,,,,,,,,
42,23,13,36,S29,False,11,9,20,11,0,0,0,0,0,"['B48', 'B447', 'B159', 'B762', 'B192', 'B425', 'B516', 'B508', 'B702', 'B261', 'B92']",5.5,S61,5.74,0,9,9,0.0,,-0.925356,-5.144297,-6.069653,False,False,12,S34,True,7,0.3996,delivery,,,,,,,,,,,,,,,,,,,,,,,,,,,,,,,,,,,,,,,,,,,,,,,,,,,,
42,23,13,47,S61,False,0,9,9,0,4,0,0,0,0,"['B284', 'B375', 'B426', 'B502']",2.0,S52,2.0,4,9,13,0.0,,-0.750136,-5.153952,-5.904088,False,False,18,S5,True,10,0.6951,pickup,,,,,,,,,,,,,,,,,,,,,,,,,,,,,,,,,,,,,,,,,,,,,,,,,,,,
42,23,13,51,S52,False,4,9,13,4,0,0,0,0,0,"['B284', 'B375', 'B426', 'B502']",2.0,S37,1.18,0,9,9,0.0,,-0.510754,-5.146876,-5.65763,False,False,12,S37,False,6,0.4843,delivery,,,,,,,,,,,,,,,,,,,,,,,,,,,,,,,,,,,,,,,,,,,,,,,,,,,,
42,23,13,54,S37,False,0,9,9,0,11,0,0,0,0,"['B326', 'B605', 'B641', 'B482', 'B536', 'B568', 'B558', 'B181', 'B534', 'B681', 'B167']",5.5,S34,5.37,11,9,20,0.0,,-0.883253,-5.179549,-6.062803,True,False,30,S26,True,13,1.015,pickup,,,,,,,,,,,,,,,,,,,,,,,,,,,,,,,,,,,,,,,,,,,,,,,,,,,,
42,23,14,5,S34,False,11,9,20,11,0,0,0,0,0,"['B326', 'B605', 'B641', 'B482', 'B536', 'B568', 'B558', 'B181', 'B534', 'B681', 'B167']",5.5,S14,4.25,0,9,9,0.0,,-0.808309,-5.183943,-5.992252,True,False,24,S31,True,7,0.8692,delivery,,,,,,,,,,,,,,,,,,,,,,,,,,,,,,,,,,,,,,,,,,,,,,,,,,,,
42,23,14,15,S14,False,0,9,9,0,7,0,0,0,0,"['B620', 'B355', 'B457', 'B342', 'B377', 'B582', 'B66']",3.5,S15,5.49,7,9,16,0.0,,-0.687369,-5.188536,-5.875905,False,False,18,S37,True,7,0.4566,pickup,,,,,,,,,,,,,,,,,,,,,,,,,,,,,,,,,,,,,,,,,,,,,,,,,,,,
42,23,14,24,S15,False,7,9,16,7,0,0,0,0,0,"['B620', 'B355', 'B457', 'B342', 'B377', 'B582', 'B66']",3.5,S66,3.2,0,9,9,0.0,,-0.807857,-5.172438,-5.980295,False,False,12,S19,True,6,0.3474,delivery,,,,,,,,,,,,,,,,,,,,,,,,,,,,,,,,,,,,,,,,,,,,,,,,,,,,
42,23,14,30,S66,False,0,9,9,0,11,0,0,0,0,"['B727', 'B256', 'B85', 'B674', 'B23', 'B311', 'B692', 'B122', 'B627', 'B440', 'B714']",5.5,S17,7.34,11,9,20,0.0,,-0.451592,-5.170661,-5.622253,False,False,12,S29,True,9,0.3543,pickup,,,,,,,,,,,,,,,,,,,,,,,,,,,,,,,,,,,,,,,,,,,,,,,,,,,,
42,23,14,43,S17,False,11,9,20,11,0,0,0,0,0,"['B727', 'B256', 'B85', 'B674', 'B23', 'B311', 'B692', 'B122', 'B627', 'B440', 'B714']",5.5,S41,8.16,0,9,9,0.0,,-1.026566,-5.200557,-6.227123,False,False,12,S27,True,8,0.3183,delivery,,,,,,,,,,,,,,,,,,,,,,,,,,,,,,,,,,,,,,,,,,,,,,,,,,,,
42,23,14,57,S41,False,0,9,9,0,11,0,0,0,0,"['B604', 'B475', 'B71', 'B628', 'B87', 'B746', 'B410', 'B283', 'B212', 'B62', 'B203']",5.5,S27,3.14,11,9,20,0.0,,-1.060671,-5.205754,-6.266425,True,False,18,S62,True,14,0.496,pickup,,,,,,,,,,,,,,,,,,,,,,,,,,,,,,,,,,,,,,,,,,,,,,,,,,,,
42,23,15,6,S27,False,11,9,20,11,0,0,0,0,0,"['B604', 'B475', 'B71', 'B628', 'B87', 'B746', 'B410', 'B283', 'B212', 'B62', 'B203']",5.5,S37,4.19,0,9,9,0.0,,-1.064665,-5.13812,-6.202785,False,False,12,S35,True,8,0.2956,delivery,,,,,,,,,,,,,,,,,,,,,,,,,,,,,,,,,,,,,,,,,,,,,,,,,,,,
42,23,15,15,S37,False,0,9,9,0,11,0,0,0,0,"['B68', 'B644', 'B186', 'B144', 'B503', 'B383', 'B205', 'B539', 'B316', 'B222', 'B606']",5.5,S26,7.79,11,9,20,0.0,,-1.023577,-5.173942,-6.197519,True,False,18,S62,True,12,0.4535,pickup,,,,,,,,,,,,,,,,,,,,,,,,,,,,,,,,,,,,,,,,,,,,,,,,,,,,
42,23,15,28,S26,False,11,9,20,0,0,0,0,0,0,[],0.0,S54,5.73,11,9,20,0.0,,-1.619275,-5.194368,-6.813643,False,False,12,S54,False,4,0.3364,do_nothing,,,,,,,,,,,,,,,,,,,,,,,,,,,,,,,,,,,,,,,,,,,,,,,,,,,,
42,23,15,34,S54,False,11,9,20,11,0,0,0,0,0,"['B68', 'B644', 'B186', 'B144', 'B503', 'B383', 'B205', 'B539', 'B316', 'B222', 'B606']",5.5,S62,2.78,0,9,9,0.0,,-1.341104,-5.16542,-6.506524,True,False,24,S55,True,12,0.6365,delivery,,,,,,,,,,,,,,,,,,,,,,,,,,,,,,,,,,,,,,,,,,,,,,,,,,,,
42,23,15,42,S62,False,0,9,9,0,11,0,0,0,0,"['B22', 'B546', 'B248', 'B720', 'B677', 'B274', 'B548', 'B98', 'B375', 'B514', 'B571']",5.5,S55,3.22,11,9,20,0.0,,-0.786941,-5.133633,-5.920574,True,False,24,S55,False,12,0.6328,pickup,,,,,,,,,,,,,,,,,,,,,,,,,,,,,,,,,,,,,,,,,,,,,,,,,,,,
42,23,15,51,S55,False,11,9,20,11,0,0,0,0,0,"['B22', 'B546', 'B248', 'B720', 'B677', 'B274', 'B548', 'B98', 'B375', 'B514', 'B571']",5.5,S21,7.63,0,9,9,0.0,,-0.787643,-5.146319,-5.933962,True,False,18,S31,True,9,0.5135,delivery,,,,,,,,,,,,,,,,,,,,,,,,,,,,,,,,,,,,,,,,,,,,,,,,,,,,
42,23,16,4,S21,False,0,9,9,0,6,0,0,0,0,"['B759', 'B518', 'B126', 'B136', 'B310', 'B41']",3.0,S26,9.59,6,9,15,0.0,,-0.649669,-5.108693,-5.758362,True,False,36,S31,True,26,0.8905,pickup,,,,,,,,,,,,,,,,,,,,,,,,,,,,,,,,,,,,,,,,,,,,,,,,,,,,
42,23,16,17,S26,False,6,9,15,6,0,0,0,0,0,"['B759', 'B518', 'B126', 'B136', 'B310', 'B41']",3.0,S42,6.95,0,9,9,0.0,,-0.473463,-5.090672,-5.564135,False,False,12,S42,False,9,0.3236,delivery,,,,,,,,,,,,,,,,,,,,,,,,,,,,,,,,,,,,,,,,,,,,,,,,,,,,
42,23,16,27,S42,False,0,9,9,0,8,0,0,0,0,"['B5', 'B613', 'B378', 'B338', 'B65', 'B556', 'B570', 'B189']",4.0,S29,3.12,8,9,17,0.0,,-0.415444,-5.120014,-5.535457,False,False,18,S31,True,7,0.4257,pickup,,,,,,,,,,,,,,,,,,,,,,,,,,,,,,,,,,,,,,,,,,,,,,,,,,,,
42,23,16,34,S29,False,8,9,17,8,0,0,0,0,0,"['B5', 'B613', 'B378', 'B338', 'B65', 'B556', 'B570', 'B189']",4.0,S31,6.48,0,9,9,0.0,,-0.471161,-5.129855,-5.601015,False,False,12,S19,True,6,0.3407,delivery,,,,,,,,,,,,,,,,,,,,,,,,,,,,,,,,,,,,,,,,,,,,,,,,,,,,
42,23,16,44,S31,False,0,9,9,0,11,0,0,0,0,"['B294', 'B335', 'B743', 'B617', 'B157', 'B105', 'B721', 'B580', 'B347', 'B227', 'B710']",5.5,S66,0.38,11,9,20,0.0,,-0.512606,-5.132951,-5.645557,True,False,36,S37,True,30,1.0902,pickup,,,,,,,,,,,,,,,,,,,,,,,,,,,,,,,,,,,,,,,,,,,,,,,,,,,,
42,23,16,50,S66,False,11,9,20,11,0,0,0,0,0,"['B294', 'B335', 'B743', 'B617', 'B157', 'B105', 'B721', 'B580', 'B347', 'B227', 'B710']",5.5,S37,3.07,0,9,9,0.0,,-0.710798,-5.1279,-5.838699,False,False,12,S50,True,8,0.3955,delivery,,,,,,,,,,,,,,,,,,,,,,,,,,,,,,,,,,,,,,,,,,,,,,,,,,,,
42,23,16,59,S37,False,0,9,9,0,11,0,0,0,0,"['B766', 'B275', 'B430', 'B102', 'B387', 'B393', 'B595', 'B403', 'B323', 'B392', 'B356']",5.5,S55,5.04,11,9,20,0.0,,-0.452938,-5.123824,-5.576761,True,False,18,S50,True,13,0.6261,pickup,,,,,,,,,,,,,,,,,,,,,,,,,,,,,,,,,,,,,,,,,,,,,,,,,,,,
42,23,17,9,S55,False,11,9,20,0,0,0,0,0,0,[],0.0,S51,5.48,11,9,20,0.0,,-0.415145,-5.159739,-5.574885,True,False,18,S3,True,1,0.6391,do_nothing,,,,,,,,,,,,,,,,,,,,,,,,,,,,,,,,,,,,,,,,,,,,,,,,,,,,
42,23,17,15,S51,False,11,9,20,0,0,1,0,0,0,[],3.0,S55,5.48,11,9,20,0.0,,-0.414499,-5.132952,-5.547451,True,True,60,S52,True,9,1.7028,do_nothing+onsite,,,,,,,,,,,,,,,,,,,,,,,,,,,,,,,,,,,,,,,,,,,,,,,,,,,,
42,23,17,23,S55,False,11,9,20,0,0,0,0,0,0,[],0.0,S52,3.9,11,9,20,0.0,,-0.413291,-5.144837,-5.558128,True,False,18,S62,True,1,0.5853,do_nothing,,,,,,,,,,,,,,,,,,,,,,,,,,,,,,,,,,,,,,,,,,,,,,,,,,,,
42,23,17,27,S52,False,11,9,20,0,0,0,0,0,0,[],0.0,S55,3.9,11,9,20,0.0,,-0.356624,-5.145845,-5.502469,False,False,18,S10,True,3,0.451,do_nothing,,,,,,,,,,,,,,,,,,,,,,,,,,,,,,,,,,,,,,,,,,,,,,,,,,,,
42,23,17,31,S55,False,11,9,20,11,0,0,0,0,0,"['B766', 'B275', 'B430', 'B102', 'B387', 'B393', 'B595', 'B403', 'B323', 'B392', 'B356']",5.5,S62,3.22,0,9,9,0.0,,-0.353673,-5.17137,-5.525043,True,False,18,S62,False,6,0.5906,delivery,,,,,,,,,,,,,,,,,,,,,,,,,,,,,,,,,,,,,,,,,,,,,,,,,,,,
42,23,17,40,S62,False,0,9,9,0,11,0,0,0,0,"['B521', 'B718', 'B610', 'B517', 'B45', 'B596', 'B150', 'B505', 'B200', 'B607', 'B391']",5.5,S15,2.79,11,9,20,0.0,,-0.353874,-5.147843,-5.501717,True,False,24,S15,False,12,0.8113,pickup,,,,,,,,,,,,,,,,,,,,,,,,,,,,,,,,,,,,,,,,,,,,,,,,,,,,
42,23,17,48,S15,False,11,9,20,0,0,0,0,0,0,[],0.0,S66,3.2,11,9,20,0.0,,-0.215909,-5.160117,-5.376026,False,False,12,S31,True,0,0.3583,do_nothing,,,,,,,,,,,,,,,,,,,,,,,,,,,,,,,,,,,,,,,,,,,,,,,,,,,,
42,23,17,51,S66,False,11,9,20,0,0,0,0,0,0,[],0.0,S30,1.88,11,9,20,0.0,,-0.295051,-5.170748,-5.465798,False,False,12,S15,True,1,0.3104,do_nothing,,,,,,,,,,,,,,,,,,,,,,,,,,,,,,,,,,,,,,,,,,,,,,,,,,,,
42,23,17,53,S30,False,11,9,20,8,0,0,0,0,0,"['B521', 'B718', 'B610', 'B517', 'B45', 'B596', 'B150', 'B505']",4.0,S52,4.89,3,9,12,0.0,,-0.33455,-5.178681,-5.513231,True,False,30,S52,False,10,1.5699,delivery,,,,,,,,,,,,,,,,,,,,,,,,,,,,,,,,,,,,,,,,,,,,,,,,,,,,
42,23,18,2,S52,False,3,9,12,3,0,0,0,0,0,"['B200', 'B607', 'B391']",1.5,S3,4.71,0,9,9,0.0,,-0.354275,-5.096845,-5.45112,False,False,12,S3,False,9,0.4979,delivery,,,,,,,,,,,,,,,,,,,,,,,,,,,,,,,,,,,,,,,,,,,,,,,,,,,,
42,23,18,8,S3,False,0,9,9,0,0,0,0,0,0,[],0.0,S63,4.02,0,9,9,0.0,,-0.373195,-5.092722,-5.465917,False,False,12,S21,True,1,0.3951,do_nothing,,,,,,,,,,,,,,,,,,,,,,,,,,,,,,,,,,,,,,,,,,,,,,,,,,,,
42,23,18,12,S63,False,0,9,9,0,10,0,0,0,0,"['B217', 'B494', 'B262', 'B528', 'B346', 'B373', 'B165', 'B502', 'B537', 'B469']",5.0,S21,11.27,10,9,19,0.0,,-0.216805,-5.070789,-5.287594,True,False,36,S3,True,24,1.2662,pickup,,,,,,,,,,,,,,,,,,,,,,,,,,,,,,,,,,,,,,,,,,,,,,,,,,,,
42,23,18,29,S21,False,10,9,19,0,0,0,0,0,0,[],0.0,S47,15.5,10,9,19,0.0,,-0.513711,-5.08858,-5.602292,True,False,24,S54,True,0,0.6446,do_nothing,,,,,,,,,,,,,,,,,,,,,,,,,,,,,,,,,,,,,,,,,,,,,,,,,,,,
42,23,18,44,S47,False,10,9,19,10,0,0,0,0,0,"['B217', 'B494', 'B262', 'B528', 'B346', 'B373', 'B165', 'B502', 'B537', 'B469']",5.0,S3,10.08,0,9,9,0.0,,-0.692829,-5.090739,-5.783568,False,False,12,S3,False,9,0.3859,delivery,,,,,,,,,,,,,,,,,,,,,,,,,,,,,,,,,,,,,,,,,,,,,,,,,,,,
42,23,18,59,S3,False,0,9,9,0,0,0,0,0,0,[],0.0,S31,7.39,0,9,9,0.0,,-0.45429,-5.117993,-5.572283,False,False,12,S53,True,0,0.3624,do_nothing,,,,,,,,,,,,,,,,,,,,,,,,,,,,,,,,,,,,,,,,,,,,,,,,,,,,
42,23,19,7,S31,False,0,9,9,0,11,0,0,0,0,"['B48', 'B243', 'B324', 'B267', 'B757', 'B485', 'B565', 'B141', 'B108', 'B192', 'B314']",5.5,S15,3.53,11,9,20,0.0,,-0.433017,-5.259246,-5.692263,True,False,36,S3,True,30,0.9236,pickup,,,,,,,,,,,,,,,,,,,,,,,,,,,,,,,,,,,,,,,,,,,,,,,,,,,,
42,23,19,16,S15,False,11,9,20,0,0,0,0,0,0,[],0.0,S54,3.9,11,9,20,0.0,,-0.433865,-5.245076,-5.678941,False,False,12,S54,False,3,0.34,do_nothing,,,,,,,,,,,,,,,,,,,,,,,,,,,,,,,,,,,,,,,,,,,,,,,,,,,,
42,23,19,20,S54,False,11,9,20,0,0,1,0,0,0,[],3.0,S15,3.9,11,9,20,0.0,,-0.157839,-5.270402,-5.428241,True,True,24,S3,True,7,0.6812,do_nothing+onsite,,,,,,,,,,,,,,,,,,,,,,,,,,,,,,,,,,,,,,,,,,,,,,,,,,,,
42,23,19,27,S15,False,11,9,20,0,0,0,0,0,0,[],0.0,S54,3.9,11,9,20,0.0,,-0.176862,-5.258504,-5.435366,False,False,12,S54,False,4,0.3269,do_nothing,,,,,,,,,,,,,,,,,,,,,,,,,,,,,,,,,,,,,,,,,,,,,,,,,,,,
42,23,19,30,S54,False,11,9,20,0,0,0,0,0,0,[],0.0,S15,3.9,11,9,20,0.0,,-0.276577,-5.278252,-5.554828,False,False,12,S3,True,2,0.3381,do_nothing,,,,,,,,,,,,,,,,,,,,,,,,,,,,,,,,,,,,,,,,,,,,,,,,,,,,
42,23,19,34,S15,False,11,9,20,0,0,0,0,0,0,[],0.0,S54,3.9,11,9,20,0.0,,-0.157437,-5.248299,-5.405736,False,False,12,S3,True,4,0.3216,do_nothing,,,,,,,,,,,,,,,,,,,,,,,,,,,,,,,,,,,,,,,,,,,,,,,,,,,,
42,23,19,38,S54,False,11,9,20,10,0,0,0,0,0,"['B48', 'B243', 'B324', 'B267', 'B757', 'B485', 'B565', 'B141', 'B108', 'B192']",5.0,S53,2.46,1,9,10,0.0,,-0.256558,-5.24579,-5.502349,False,False,17,S15,True,7,0.4727,delivery,,,,,,,,,,,,,,,,,,,,,,,,,,,,,,,,,,,,,,,,,,,,,,,,,,,,
42,23,19,46,S53,False,1,9,10,1,0,0,0,0,0,['B314'],0.5,S33,1.64,0,9,9,0.0,,-0.296201,-5.261933,-5.558134,True,False,12,S33,False,7,0.387,delivery,,,,,,,,,,,,,,,,,,,,,,,,,,,,,,,,,,,,,,,,,,,,,,,,,,,,
42,23,19,48,S33,False,0,9,9,0,11,0,0,0,0,"['B25', 'B712', 'B467', 'B86', 'B359', 'B390', 'B109', 'B101', 'B698', 'B425', 'B225']",5.5,D0,0.94,11,9,20,0.0,,-0.216008,-5.261272,-5.47728,True,False,4,D0,False,3,0.1325,pickup,,,,,,,,,,,,,,,,,,,,,,,,,,,,,,,,,,,,,,,,,,,,,,,,,,,,
42,23,19,54,D0,True,11,9,20,0,0,0,0,9,9,"['B112', 'B458', 'B696', 'B273', 'B543', 'B382', 'B649', 'B83', 'B330', 'B224', 'B685', 'B671', 'B35', 'B480', 'B662', 'B67', 'B38', 'B676']",9.0,D0,0.0,20,0,20,0.0,,-0.235836,-5.252547,-5.488383,True,True,1,D0,False,0,0.0374,do_nothing,,,,,,,,,,,,,,,,,,,,,,,,,,,,,,,,,,,,,,,,,,,,,,,,,,,,
42,24,6,3,D0,True,20,0,20,0,0,0,0,0,0,[],0.0,S51,3.91,20,0,20,0.0,,-2.401016,-5.41307,-7.814086,True,True,5,S41,True,4,0.1417,depot_passthrough,,,,,,,,,,,,,,,,,,,,,,,,,,,,,,,,,,,,,,,,,,,,,,,,,,,,
42,24,6,22,S51,False,20,0,20,16,0,0,0,0,0,"['B25', 'B712', 'B467', 'B86', 'B359', 'B390', 'B109', 'B101', 'B698', 'B425', 'B225', 'B112', 'B458', 'B696', 'B273', 'B543']",8.0,S54,6.18,4,0,4,0.0,,-2.746206,-5.418145,-8.164351,True,False,30,S41,True,8,0.928,delivery,,,,,,,,,,,,,,,,,,,,,,,,,,,,,,,,,,,,,,,,,,,,,,,,,,,,
42,24,6,36,S54,False,4,0,4,0,16,0,0,0,0,"['B42', 'B556', 'B125', 'B201', 'B462', 'B486', 'B635', 'B608', 'B490', 'B607', 'B304', 'B252', 'B683', 'B137', 'B307', 'B432']",8.0,S12,8.01,20,0,20,0.0,,-2.034175,-5.394148,-7.428323,False,False,12,S43,True,10,0.3871,pickup,,,,,,,,,,,,,,,,,,,,,,,,,,,,,,,,,,,,,,,,,,,,,,,,,,,,
42,24,6,52,S12,False,20,0,20,17,0,0,0,0,0,"['B382', 'B649', 'B83', 'B330', 'B42', 'B556', 'B125', 'B201', 'B462', 'B486', 'B635', 'B608', 'B490', 'B607', 'B304', 'B252', 'B683']",8.5,S37,6.56,3,0,3,0.0,,-1.993041,-5.364222,-7.357264,True,False,30,S65,True,7,1.1309,delivery,,,,,,,,,,,,,,,,,,,,,,,,,,,,,,,,,,,,,,,,,,,,,,,,,,,,
42,24,7,7,S37,False,3,0,3,0,17,0,0,0,0,"['B312', 'B55', 'B313', 'B456', 'B482', 'B361', 'B95', 'B26', 'B761', 'B657', 'B281', 'B18', 'B718', 'B708', 'B96', 'B316', 'B397']",8.5,S65,5.89,20,0,20,0.0,,-1.496184,-5.411608,-6.907792,True,False,18,S43,True,14,0.4973,pickup,,,,,,,,,,,,,,,,,,,,,,,,,,,,,,,,,,,,,,,,,,,,,,,,,,,,
42,24,7,22,S65,False,20,0,20,17,0,0,0,0,0,"['B137', 'B307', 'B432', 'B312', 'B55', 'B313', 'B456', 'B482', 'B361', 'B95', 'B26', 'B761', 'B657', 'B281', 'B18', 'B718', 'B708']",8.5,S33,6.32,3,0,3,0.0,,-1.279876,-5.359194,-6.63907,False,False,18,S15,True,9,0.5985,delivery,,,,,,,,,,,,,,,,,,,,,,,,,,,,,,,,,,,,,,,,,,,,,,,,,,,,
42,24,7,37,S33,False,3,0,3,0,0,0,1,0,0,['B49'],0.5,S45,1.11,3,1,4,0.0,,-1.02442,-5.405439,-6.429859,True,True,36,S55,True,8,0.9635,do_nothing+depot_removal,,,,,,,,,,,,,,,,,,,,,,,,,,,,,,,,,,,,,,,,,,,,,,,,,,,,
42,24,7,38,S45,False,3,1,4,0,9,0,0,0,0,"['B331', 'B56', 'B14', 'B642', 'B127', 'B602', 'B79', 'B648', 'B745']",4.5,S15,4.47,12,1,13,0.0,,-1.083948,-5.384817,-6.468764,False,False,18,S55,True,12,0.4683,pickup,,,,,,,,,,,,,,,,,,,,,,,,,,,,,,,,,,,,,,,,,,,,,,,,,,,,
42,24,7,47,S15,False,12,1,13,12,0,0,0,0,0,"['B96', 'B316', 'B397', 'B331', 'B56', 'B14', 'B642', 'B127', 'B602', 'B79', 'B648', 'B745']",6.0,S55,4.77,0,1,1,0.0,,-0.927956,-5.379045,-6.307002,False,False,12,S55,False,6,0.3523,delivery,,,,,,,,,,,,,,,,,,,,,,,,,,,,,,,,,,,,,,,,,,,,,,,,,,,,
42,24,7,58,S55,False,0,1,1,0,0,0,1,0,0,['B624'],0.5,S36,3.85,0,2,2,0.0,,-0.612025,-5.383722,-5.995746,True,True,30,S57,True,8,1.0751,do_nothing+depot_removal,,,,,,,,,,,,,,,,,,,,,,,,,,,,,,,,,,,,,,,,,,,,,,,,,,,,
42,24,8,2,S36,False,0,2,2,0,14,0,0,0,0,"['B404', 'B516', 'B555', 'B396', 'B468', 'B223', 'B257', 'B614', 'B702', 'B504', 'B433', 'B301', 'B195', 'B534']",7.0,S61,6.36,14,2,16,0.0,,-0.553756,-5.352328,-5.906084,True,False,36,S43,True,28,1.0987,pickup,,,,,,,,,,,,,,,,,,,,,,,,,,,,,,,,,,,,,,,,,,,,,,,,,,,,
42,24,8,16,S61,False,14,2,16,9,0,0,0,0,0,"['B404', 'B516', 'B555', 'B396', 'B468', 'B223', 'B257', 'B614', 'B702']",4.5,S46,4.04,5,2,7,0.0,,-0.867289,-5.338246,-6.205536,False,False,18,S66,True,10,0.6368,delivery,,,,,,,,,,,,,,,,,,,,,,,,,,,,,,,,,,,,,,,,,,,,,,,,,,,,
42,24,8,24,S46,False,5,2,7,0,13,0,0,0,0,"['B532', 'B259', 'B766', 'B213', 'B182', 'B328', 'B120', 'B356', 'B639', 'B547', 'B595', 'B511', 'B725']",6.5,S43,1.46,18,2,20,0.0,,-0.747243,-5.323391,-6.070634,True,False,36,S66,True,18,1.0816,pickup,,,,,,,,,,,,,,,,,,,,,,,,,,,,,,,,,,,,,,,,,,,,,,,,,,,,
42,24,8,32,S43,False,18,2,20,18,0,0,1,0,0,"['B82', 'B504', 'B433', 'B301', 'B195', 'B534', 'B532', 'B259', 'B766', 'B213', 'B182', 'B328', 'B120', 'B356', 'B639', 'B547', 'B595', 'B511', 'B725']",9.5,S55,4.24,0,3,3,0.0,,-0.671301,-5.303744,-5.975045,True,True,30,S37,True,13,0.7227,delivery+depot_removal,,,,,,,,,,,,,,,,,,,,,,,,,,,,,,,,,,,,,,,,,,,,,,,,,,,,
42,24,8,46,S55,False,0,3,3,0,16,0,0,0,0,"['B258', 'B726', 'B129', 'B538', 'B22', 'B571', 'B701', 'B561', 'B650', 'B512', 'B253', 'B53', 'B764', 'B141', 'B100', 'B617']",8.0,S66,6.13,16,3,19,0.0,,-0.511808,-5.297585,-5.809393,False,False,18,S26,True,7,0.6785,pickup,,,,,,,,,,,,,,,,,,,,,,,,,,,,,,,,,,,,,,,,,,,,,,,,,,,,
42,24,9,0,S66,False,16,3,19,13,0,0,0,0,0,"['B258', 'B726', 'B129', 'B538', 'B22', 'B571', 'B701', 'B561', 'B650', 'B512', 'B253', 'B53', 'B764']",6.5,S37,3.07,3,3,6,0.0,,-0.629451,-5.276695,-5.906146,False,False,18,S34,True,13,0.6069,delivery,,,,,,,,,,,,,,,,,,,,,,,,,,,,,,,,,,,,,,,,,,,,,,,,,,,,
42,24,9,10,S37,False,3,3,6,0,14,0,0,0,0,"['B752', 'B295', 'B548', 'B652', 'B724', 'B128', 'B159', 'B207', 'B309', 'B573', 'B390', 'B373', 'B184', 'B503']",7.0,S24,9.36,17,3,20,0.0,,-0.589354,-5.221277,-5.810631,True,False,18,S34,True,15,0.5486,pickup,,,,,,,,,,,,,,,,,,,,,,,,,,,,,,,,,,,,,,,,,,,,,,,,,,,,
42,24,9,26,S24,False,17,3,20,13,0,0,0,0,0,"['B141', 'B100', 'B617', 'B752', 'B295', 'B548', 'B652', 'B724', 'B128', 'B159', 'B207', 'B309', 'B573']",6.5,S42,9.91,4,3,7,0.0,,-0.730819,-5.252865,-5.983684,False,False,18,S27,True,16,0.5511,delivery,,,,,,,,,,,,,,,,,,,,,,,,,,,,,,,,,,,,,,,,,,,,,,,,,,,,
42,24,9,42,S42,False,4,3,7,0,0,0,0,0,0,[],0.0,S54,4.21,4,3,7,0.0,,-0.750442,-5.241513,-5.991955,False,False,12,S54,True,2,0.3413,do_nothing,,,,,,,,,,,,,,,,,,,,,,,,,,,,,,,,,,,,,,,,,,,,,,,,,,,,
42,24,9,47,S54,False,4,3,7,0,12,0,0,0,0,"['B445', 'B698', 'B603', 'B509', 'B408', 'B180', 'B42', 'B132', 'B91', 'B346', 'B556', 'B466']",6.0,S34,2.69,16,3,19,0.0,,-0.571077,-5.234938,-5.806015,False,False,18,S34,False,12,0.6067,pickup,,,,,,,,,,,,,,,,,,,,,,,,,,,,,,,,,,,,,,,,,,,,,,,,,,,,
42,24,9,55,S34,False,16,3,19,14,0,0,0,0,0,"['B390', 'B373', 'B184', 'B503', 'B445', 'B698', 'B603', 'B509', 'B408', 'B180', 'B42', 'B132', 'B91', 'B346']",7.0,S27,2.68,2,3,5,0.0,,-0.452591,-5.23237,-5.684961,True,False,48,S27,False,31,1.7609,delivery,,,,,,,,,,,,,,,,,,,,,,,,,,,,,,,,,,,,,,,,,,,,,,,,,,,,
42,24,10,5,S27,False,2,3,5,2,0,0,0,0,0,"['B556', 'B466']",1.0,S64,3.52,0,3,3,0.0,,-0.649328,-5.325041,-5.974369,False,False,12,S60,True,7,0.4265,delivery,,,,,,,,,,,,,,,,,,,,,,,,,,,,,,,,,,,,,,,,,,,,,,,,,,,,
42,24,10,9,S64,False,0,3,3,0,7,0,0,0,0,"['B152', 'B623', 'B92', 'B413', 'B176', 'B765', 'B153']",3.5,S26,7.31,7,3,10,0.0,,-0.845605,-5.329322,-6.174927,False,False,18,S60,True,7,0.7389,pickup,,,,,,,,,,,,,,,,,,,,,,,,,,,,,,,,,,,,,,,,,,,,,,,,,,,,
42,24,10,20,S26,False,7,3,10,7,0,0,0,0,0,"['B152', 'B623', 'B92', 'B413', 'B176', 'B765', 'B153']",3.5,S39,9.74,0,3,3,0.0,,-0.434115,-5.285132,-5.719247,False,False,12,S60,True,7,0.4371,delivery,,,,,,,,,,,,,,,,,,,,,,,,,,,,,,,,,,,,,,,,,,,,,,,,,,,,
42,24,10,34,S39,False,0,3,3,0,0,0,0,0,0,[],0.0,S32,8.29,0,3,3,0.0,,-0.511062,-5.319325,-5.830387,True,False,36,S60,True,3,1.5618,do_nothing,,,,,,,,,,,,,,,,,,,,,,,,,,,,,,,,,,,,,,,,,,,,,,,,,,,,
42,24,10,42,S32,False,0,3,3,0,9,2,0,0,0,"['B406', 'B125', 'B119', 'B430', 'B743', 'B660', 'B495', 'B179', 'B757']",10.5,S60,6.97,9,3,12,0.0,,-0.254659,-5.277559,-5.532218,True,True,108,S60,True,97,3.4264,pickup+onsite,,,,,,,,,,,,,,,,,,,,,,,,,,,,,,,,,,,,,,,,,,,,,,,,,,,,
42,24,10,59,S60,False,9,3,12,0,8,0,0,0,0,"['B88', 'B205', 'B599', 'B525', 'B605', 'B524', 'B398', 'B418']",4.0,S29,7.31,17,3,20,0.0,,-0.551717,-5.302697,-5.854414,True,False,24,S41,True,12,0.808,pickup,,,,,,,,,,,,,,,,,,,,,,,,,,,,,,,,,,,,,,,,,,,,,,,,,,,,
42,24,11,11,S29,False,17,3,20,17,0,0,0,0,0,"['B406', 'B125', 'B119', 'B430', 'B743', 'B660', 'B495', 'B179', 'B757', 'B88', 'B205', 'B599', 'B525', 'B605', 'B524', 'B398', 'B418']",8.5,S39,9.53,0,3,3,0.0,,-0.31428,-5.298117,-5.612397,False,False,12,S53,True,7,0.4527,delivery,,,,,,,,,,,,,,,,,,,,,,,,,,,,,,,,,,,,,,,,,,,,,,,,,,,,
42,24,11,29,S39,False,0,3,3,0,17,1,0,0,0,"['B389', 'B544', 'B463', 'B244', 'B447', 'B426', 'B483', 'B497', 'B270', 'B372', 'B477', 'B762', 'B19', 'B632', 'B601', 'B327', 'B738']",11.5,S50,10.68,17,3,20,0.0,,-0.630753,-5.334228,-5.964981,True,True,24,S59,True,21,0.9575,pickup+onsite,,,,,,,,,,,,,,,,,,,,,,,,,,,,,,,,,,,,,,,,,,,,,,,,,,,,
42,24,11,51,S50,False,17,3,20,14,0,0,0,0,0,"['B389', 'B544', 'B463', 'B244', 'B447', 'B426', 'B483', 'B497', 'B270', 'B372', 'B477', 'B762', 'B19', 'B632']",7.0,S40,4.22,3,3,6,0.0,,-0.55126,-5.34975,-5.901011,False,False,18,S53,True,14,0.6753,delivery,,,,,,,,,,,,,,,,,,,,,,,,,,,,,,,,,,,,,,,,,,,,,,,,,,,,
42,24,12,2,S40,False,3,3,6,0,0,1,0,0,0,[],3.0,S54,2.17,3,3,6,0.0,,-0.982386,-5.308436,-6.290821,True,True,24,S38,True,6,0.8709,do_nothing+onsite,,,,,,,,,,,,,,,,,,,,,,,,,,,,,,,,,,,,,,,,,,,,,,,,,,,,
42,24,12,7,S54,False,3,3,6,3,0,0,0,0,0,"['B601', 'B327', 'B738']",1.5,S38,6.91,0,3,3,0.0,,-1.060959,-5.307761,-6.36872,False,False,12,S38,False,9,0.4473,delivery,,,,,,,,,,,,,,,,,,,,,,,,,,,,,,,,,,,,,,,,,,,,,,,,,,,,
42,24,12,16,S38,False,0,3,3,0,11,0,0,0,0,"['B748', 'B747', 'B682', 'B670', 'B637', 'B178', 'B131', 'B417', 'B284', 'B422', 'B354']",5.5,S63,3.49,11,3,14,0.0,,-1.025676,-5.343369,-6.369045,False,False,18,S31,True,7,0.6742,pickup,,,,,,,,,,,,,,,,,,,,,,,,,,,,,,,,,,,,,,,,,,,,,,,,,,,,
42,24,12,25,S63,False,11,3,14,0,0,1,0,0,0,[],3.0,S54,3.86,11,3,14,0.0,,-0.923554,-5.377795,-6.301349,True,True,24,S62,True,8,0.9358,do_nothing+onsite,,,,,,,,,,,,,,,,,,,,,,,,,,,,,,,,,,,,,,,,,,,,,,,,,,,,
42,24,12,31,S54,False,11,3,14,11,0,0,0,0,0,"['B748', 'B747', 'B682', 'B670', 'B637', 'B178', 'B131', 'B417', 'B284', 'B422', 'B354']",5.5,S62,2.78,0,3,3,0.0,,-0.746594,-5.386751,-6.133344,False,False,12,S62,False,6,0.4407,delivery,,,,,,,,,,,,,,,,,,,,,,,,,,,,,,,,,,,,,,,,,,,,,,,,,,,,
42,24,12,40,S62,False,0,3,3,0,17,1,0,0,0,"['B410', 'B710', 'B469', 'B329', 'B532', 'B370', 'B582', 'B271', 'B723', 'B705', 'B209', 'B363', 'B513', 'B149', 'B578', 'B69', 'B291']",11.5,S29,3.79,17,3,20,0.0,,-0.985221,-5.359613,-6.344834,True,True,36,S31,True,30,1.0529,pickup+onsite,,,,,,,,,,,,,,,,,,,,,,,,,,,,,,,,,,,,,,,,,,,,,,,,,,,,
42,24,12,55,S29,False,17,3,20,17,0,0,0,0,0,"['B410', 'B710', 'B469', 'B329', 'B532', 'B370', 'B582', 'B271', 'B723', 'B705', 'B209', 'B363', 'B513', 'B149', 'B578', 'B69', 'B291']",8.5,S31,6.48,0,3,3,0.0,,-1.635856,-5.400065,-7.035921,False,False,12,S31,False,6,0.4757,delivery,,,,,,,,,,,,,,,,,,,,,,,,,,,,,,,,,,,,,,,,,,,,,,,,,,,,
42,24,13,10,S31,False,0,3,3,0,17,0,0,0,0,"['B721', 'B386', 'B226', 'B8', 'B461', 'B402', 'B248', 'B360', 'B554', 'B160', 'B169', 'B431', 'B583', 'B684', 'B556', 'B750', 'B673']",8.5,S63,4.21,17,3,20,0.0,,-1.240137,-5.362633,-6.602771,True,False,36,S41,True,33,1.7865,pickup,,,,,,,,,,,,,,,,,,,,,,,,,,,,,,,,,,,,,,,,,,,,,,,,,,,,
42,24,13,23,S63,False,17,3,20,14,0,0,0,0,0,"['B721', 'B386', 'B226', 'B8', 'B461', 'B402', 'B248', 'B360', 'B554', 'B160', 'B169', 'B431', 'B583', 'B684']",7.0,S15,5.25,3,3,6,0.0,,-1.256601,-5.356678,-6.61328,False,False,18,S15,False,16,0.7229,delivery,,,,,,,,,,,,,,,,,,,,,,,,,,,,,,,,,,,,,,,,,,,,,,,,,,,,
42,24,13,35,S15,False,3,3,6,3,0,0,0,0,0,"['B556', 'B750', 'B673']",1.5,S32,5.59,0,3,3,0.0,,-1.612017,-5.320632,-6.932649,False,False,12,S66,True,7,0.4938,delivery,,,,,,,,,,,,,,,,,,,,,,,,,,,,,,,,,,,,,,,,,,,,,,,,,,,,
42,24,13,42,S32,False,0,3,3,0,13,0,0,0,0,"['B409', 'B338', 'B31', 'B520', 'B672', 'B612', 'B404', 'B336', 'B514', 'B41', 'B702', 'B398', 'B738']",6.5,S57,3.4,13,3,16,0.0,,-1.260143,-5.285992,-6.546135,True,False,54,S66,True,40,2.3925,pickup,,,,,,,,,,,,,,,,,,,,,,,,,,,,,,,,,,,,,,,,,,,,,,,,,,,,
42,24,13,52,S57,False,13,3,16,13,0,0,0,0,0,"['B409', 'B338', 'B31', 'B520', 'B672', 'B612', 'B404', 'B336', 'B514', 'B41', 'B702', 'B398', 'B738']",6.5,S66,8.16,0,3,3,0.0,,-1.534483,-5.283538,-6.818021,True,False,72,S46,True,48,2.7904,delivery,,,,,,,,,,,,,,,,,,,,,,,,,,,,,,,,,,,,,,,,,,,,,,,,,,,,
42,24,14,7,S66,False,0,3,3,0,17,0,0,0,0,"['B764', 'B230', 'B162', 'B753', 'B574', 'B427', 'B546', 'B664', 'B175', 'B361', 'B87', 'B742', 'B757', 'B601', 'B292', 'B708', 'B378']",8.5,S26,5.64,17,3,20,0.0,,-1.084044,-5.296687,-6.380731,False,False,12,S26,False,6,0.6287,pickup,,,,,,,,,,,,,,,,,,,,,,,,,,,,,,,,,,,,,,,,,,,,,,,,,,,,
42,24,14,21,S26,False,17,3,20,17,0,0,0,0,0,"['B764', 'B230', 'B162', 'B753', 'B574', 'B427', 'B546', 'B664', 'B175', 'B361', 'B87', 'B742', 'B757', 'B601', 'B292', 'B708', 'B378']",8.5,S22,7.39,0,3,3,0.0,,-1.283773,-5.260658,-6.54443,False,False,12,S22,False,6,0.6302,delivery,,,,,,,,,,,,,,,,,,,,,,,,,,,,,,,,,,,,,,,,,,,,,,,,,,,,
42,24,14,37,S22,False,0,3,3,0,10,1,0,0,0,"['B712', 'B467', 'B611', 'B48', 'B551', 'B581', 'B735', 'B625', 'B57', 'B18']",8.0,S13,4.2,10,3,13,0.0,,-1.319023,-5.319734,-6.638757,True,True,108,S13,True,92,4.3913,pickup+onsite,,,,,,,,,,,,,,,,,,,,,,,,,,,,,,,,,,,,,,,,,,,,,,,,,,,,
42,24,14,49,S13,False,10,3,13,0,7,0,0,0,0,"['B232', 'B596', 'B54', 'B424', 'B588', 'B552', 'B58']",3.5,S63,12.63,17,3,20,0.0,,-0.689773,-5.316543,-6.006316,True,False,36,S63,False,26,1.5437,pickup,,,,,,,,,,,,,,,,,,,,,,,,,,,,,,,,,,,,,,,,,,,,,,,,,,,,
42,24,15,5,S63,False,17,3,20,17,0,0,0,0,0,"['B712', 'B467', 'B611', 'B48', 'B551', 'B581', 'B735', 'B625', 'B57', 'B18', 'B232', 'B596', 'B54', 'B424', 'B588', 'B552', 'B58']",8.5,S61,3.24,0,3,3,0.0,,-1.238875,-5.321187,-6.560061,False,False,12,S31,True,9,0.4818,delivery,,,,,,,,,,,,,,,,,,,,,,,,,,,,,,,,,,,,,,,,,,,,,,,,,,,,
42,24,15,17,S61,False,0,3,3,0,8,0,0,0,0,"['B469', 'B501', 'B170', 'B1', 'B169', 'B701', 'B388', 'B223']",4.0,S15,3.33,8,3,11,0.0,,-0.768263,-5.269581,-6.037844,False,False,18,S37,True,7,0.6254,pickup,,,,,,,,,,,,,,,,,,,,,,,,,,,,,,,,,,,,,,,,,,,,,,,,,,,,
42,24,15,24,S15,False,8,3,11,0,0,0,0,0,0,[],0.0,S62,2.79,8,3,11,0.0,,-0.847211,-5.295314,-6.142525,False,False,12,S37,True,1,0.46,do_nothing,,,,,,,,,,,,,,,,,,,,,,,,,,,,,,,,,,,,,,,,,,,,,,,,,,,,
42,24,15,27,S62,False,8,3,11,8,0,0,0,0,0,"['B469', 'B501', 'B170', 'B1', 'B169', 'B701', 'B388', 'B223']",4.0,S37,2.6,0,3,3,0.0,,-0.92555,-5.264801,-6.190351,False,False,12,S37,False,7,0.4398,delivery,,,,,,,,,,,,,,,,,,,,,,,,,,,,,,,,,,,,,,,,,,,,,,,,,,,,
42,24,15,33,S37,False,0,3,3,0,17,0,0,0,0,"['B195', 'B374', 'B434', 'B354', 'B656', 'B172', 'B306', 'B745', 'B486', 'B459', 'B63', 'B533', 'B231', 'B468', 'B197', 'B152', 'B174']",8.5,S51,4.67,17,3,20,0.0,,-0.829241,-5.245125,-6.074367,True,False,18,S59,True,15,0.7445,pickup,,,,,,,,,,,,,,,,,,,,,,,,,,,,,,,,,,,,,,,,,,,,,,,,,,,,
42,24,15,47,S51,False,17,3,20,13,0,0,0,0,0,"['B195', 'B374', 'B434', 'B354', 'B656', 'B172', 'B306', 'B745', 'B486', 'B459', 'B63', 'B533', 'B231']",6.5,S15,8.59,4,3,7,0.0,,-0.787191,-5.204308,-5.991499,True,False,30,S15,True,20,1.0896,delivery,,,,,,,,,,,,,,,,,,,,,,,,,,,,,,,,,,,,,,,,,,,,,,,,,,,,
42,24,16,2,S15,False,4,3,7,4,0,0,0,0,0,"['B468', 'B197', 'B152', 'B174']",2.0,S31,3.53,0,3,3,0.0,,-0.730728,-5.211093,-5.94182,False,False,12,S65,True,6,0.4542,delivery,,,,,,,,,,,,,,,,,,,,,,,,,,,,,,,,,,,,,,,,,,,,,,,,,,,,
42,24,16,7,S31,False,0,3,3,0,17,0,0,0,0,"['B316', 'B98', 'B122', 'B558', 'B21', 'B75', 'B389', 'B463', 'B147', 'B571', 'B50', 'B494', 'B313', 'B239', 'B144', 'B390', 'B310']",8.5,S4,2.07,17,3,20,0.0,,-0.86843,-5.19431,-6.06274,True,False,36,S66,True,33,1.7272,pickup,,,,,,,,,,,,,,,,,,,,,,,,,,,,,,,,,,,,,,,,,,,,,,,,,,,,
42,24,16,18,S4,False,17,3,20,11,0,0,0,0,0,"['B316', 'B98', 'B122', 'B558', 'B21', 'B75', 'B389', 'B463', 'B147', 'B571', 'B50']",5.5,S58,1.21,6,3,9,0.0,,-0.908731,-5.172447,-6.081179,False,False,18,S40,True,8,0.6265,delivery,,,,,,,,,,,,,,,,,,,,,,,,,,,,,,,,,,,,,,,,,,,,,,,,,,,,
42,24,16,25,S58,False,6,3,9,0,11,0,0,0,0,"['B479', 'B250', 'B52', 'B441', 'B331', 'B758', 'B586', 'B108', 'B6', 'B448', 'B327']",5.5,S53,3.51,17,3,20,0.0,,-0.333846,-5.151069,-5.484915,True,False,36,S40,True,28,1.1505,pickup,,,,,,,,,,,,,,,,,,,,,,,,,,,,,,,,,,,,,,,,,,,,,,,,,,,,
42,24,16,34,S53,False,17,3,20,13,0,0,0,0,0,"['B494', 'B313', 'B239', 'B144', 'B390', 'B310', 'B479', 'B250', 'B52', 'B441', 'B331', 'B758', 'B586']",6.5,S40,2.27,4,3,7,0.0,,-0.315075,-5.125764,-5.440839,True,False,54,S40,False,36,2.0257,delivery,,,,,,,,,,,,,,,,,,,,,,,,,,,,,,,,,,,,,,,,,,,,,,,,,,,,
42,24,16,42,S40,False,4,3,7,4,0,0,0,0,0,"['B108', 'B6', 'B448', 'B327']",2.0,S22,7.68,0,3,3,0.0,,-0.217312,-5.101636,-5.318948,False,False,12,S22,False,7,0.4832,delivery,,,,,,,,,,,,,,,,,,,,,,,,,,,,,,,,,,,,,,,,,,,,,,,,,,,,
42,24,16,52,S22,False,0,3,3,0,0,0,2,0,0,"['B138', 'B734']",1.0,S13,4.2,0,5,5,0.0,,-0.492944,-5.104661,-5.597604,True,True,48,S39,True,13,1.5589,do_nothing+depot_removal,,,,,,,,,,,,,,,,,,,,,,,,,,,,,,,,,,,,,,,,,,,,,,,,,,,,
42,24,16,57,S13,False,0,5,5,0,0,1,1,0,0,['B135'],3.5,S22,4.2,0,6,6,0.0,,-0.532337,-5.109338,-5.641675,True,True,60,S22,True,18,2.6794,do_nothing+maintenance,,,,,,,,,,,,,,,,,,,,,,,,,,,,,,,,,,,,,,,,,,,,,,,,,,,,
42,24,17,5,S22,False,0,6,6,0,0,0,0,0,0,[],0.0,S35,12.12,0,6,6,0.0,,-0.314673,-5.181761,-5.496434,False,False,18,S35,False,1,0.8248,do_nothing,,,,,,,,,,,,,,,,,,,,,,,,,,,,,,,,,,,,,,,,,,,,,,,,,,,,
42,24,17,17,S35,False,0,6,6,0,12,0,0,0,0,"['B15', 'B549', 'B716', 'B615', 'B219', 'B248', 'B329', 'B46', 'B242', 'B650', 'B101', 'B410']",6.0,S39,11.31,12,6,18,0.0,,-0.295448,-5.202409,-5.497857,False,False,18,S41,True,16,0.9301,pickup,,,,,,,,,,,,,,,,,,,,,,,,,,,,,,,,,,,,,,,,,,,,,,,,,,,,
42,24,17,34,S39,False,12,6,18,12,0,0,0,0,0,"['B15', 'B549', 'B716', 'B615', 'B219', 'B248', 'B329', 'B46', 'B242', 'B650', 'B101', 'B410']",6.0,S65,5.08,0,6,6,0.0,,-0.315425,-5.154125,-5.46955,False,False,12,S20,True,9,0.6011,delivery,,,,,,,,,,,,,,,,,,,,,,,,,,,,,,,,,,,,,,,,,,,,,,,,,,,,
42,24,17,45,S65,False,0,6,6,0,14,0,0,0,0,"['B275', 'B759', 'B260', 'B324', 'B669', 'B39', 'B508', 'B358', 'B271', 'B518', 'B491', 'B68', 'B538', 'B641']",7.0,S25,6.93,14,6,20,0.0,,-0.295201,-5.1392,-5.4344,False,False,18,S41,True,7,0.7567,pickup,,,,,,,,,,,,,,,,,,,,,,,,,,,,,,,,,,,,,,,,,,,,,,,,,,,,
42,24,17,59,S25,False,14,6,20,0,0,2,0,0,0,[],6.0,S28,2.05,14,6,20,0.0,,-0.354076,-5.151426,-5.505502,True,True,72,S28,False,12,2.8614,do_nothing+onsite,,,,,,,,,,,,,,,,,,,,,,,,,,,,,,,,,,,,,,,,,,,,,,,,,,,,
42,24,18,7,S28,False,14,6,20,14,0,0,0,0,0,"['B275', 'B759', 'B260', 'B324', 'B669', 'B39', 'B508', 'B358', 'B271', 'B518', 'B491', 'B68', 'B538', 'B641']",7.0,S11,15.66,0,6,6,0.0,,-0.354826,-5.174524,-5.52935,True,False,24,S57,True,7,0.8827,delivery,,,,,,,,,,,,,,,,,,,,,,,,,,,,,,,,,,,,,,,,,,,,,,,,,,,,
42,24,18,30,S11,False,0,6,6,0,9,0,1,0,0,"['B342', 'B542', 'B249', 'B65', 'B107', 'B555', 'B266', 'B692', 'B593', 'B365']",5.0,S46,8.63,9,7,16,0.0,,-0.474163,-5.146776,-5.620939,True,True,36,S55,True,34,1.0723,pickup+depot_removal,,,,,,,,,,,,,,,,,,,,,,,,,,,,,,,,,,,,,,,,,,,,,,,,,,,,
42,24,18,44,S46,False,9,7,16,9,0,3,0,0,0,"['B342', 'B542', 'B249', 'B65', 'B107', 'B555', 'B266', 'B692', 'B593']",13.5,S55,2.88,0,7,7,0.0,,-0.198085,-5.081737,-5.279822,True,True,48,S55,False,42,1.4845,delivery+onsite,,,,,,,,,,,,,,,,,,,,,,,,,,,,,,,,,,,,,,,,,,,,,,,,,,,,
42,24,19,0,S55,False,0,7,7,0,13,0,0,0,0,"['B672', 'B544', 'B323', 'B643', 'B462', 'B0', 'B129', 'B253', 'B333', 'B516', 'B259', 'B279', 'B621']",6.5,S15,4.77,13,7,20,0.0,,-0.236231,-5.091414,-5.327645,False,False,12,S52,True,7,0.38,pickup,,,,,,,,,,,,,,,,,,,,,,,,,,,,,,,,,,,,,,,,,,,,,,,,,,,,
42,24,19,11,S15,False,13,7,20,0,0,0,0,0,0,[],0.0,S14,5.49,13,7,20,0.0,,-0.118891,-5.097516,-5.216407,False,False,12,S57,True,4,0.3937,do_nothing,,,,,,,,,,,,,,,,,,,,,,,,,,,,,,,,,,,,,,,,,,,,,,,,,,,,
42,24,19,17,S14,False,13,7,20,7,0,0,0,0,0,"['B672', 'B544', 'B323', 'B643', 'B462', 'B0', 'B129']",3.5,S57,3.87,6,7,13,0.0,,-0.215513,-5.094313,-5.309826,False,False,18,S15,True,13,0.4309,delivery,,,,,,,,,,,,,,,,,,,,,,,,,,,,,,,,,,,,,,,,,,,,,,,,,,,,
42,24,19,24,S57,False,6,7,13,0,7,0,0,0,0,"['B646', 'B109', 'B608', 'B81', 'B564', 'B651', 'B722']",3.5,S15,5.96,13,7,20,0.0,,-0.2965,-5.067614,-5.364114,True,False,30,S36,True,25,0.6041,pickup,,,,,,,,,,,,,,,,,,,,,,,,,,,,,,,,,,,,,,,,,,,,,,,,,,,,
42,24,19,34,S15,False,13,7,20,13,0,0,0,0,0,"['B253', 'B333', 'B516', 'B259', 'B279', 'B621', 'B646', 'B109', 'B608', 'B81', 'B564', 'B651', 'B722']",6.5,S54,3.9,0,7,7,0.0,,-0.335054,-5.061754,-5.396808,False,False,10,S54,False,6,0.2937,delivery,,,,,,,,,,,,,,,,,,,,,,,,,,,,,,,,,,,,,,,,,,,,,,,,,,,,
42,24,19,44,S54,False,0,7,7,0,0,0,0,0,0,[],0.0,S56,1.7,0,7,7,0.0,,-0.098465,-5.090028,-5.188493,False,False,5,D0,True,0,0.1471,do_nothing,,,,,,,,,,,,,,,,,,,,,,,,,,,,,,,,,,,,,,,,,,,,,,,,,,,,
42,24,19,46,S56,False,0,7,7,0,0,0,0,0,0,[],0.0,S54,1.7,0,7,7,0.0,,-0.039146,-5.058508,-5.097654,True,False,7,S54,False,0,0.2136,do_nothing,,,,,,,,,,,,,,,,,,,,,,,,,,,,,,,,,,,,,,,,,,,,,,,,,,,,
42,24,19,47,S54,False,0,7,7,0,11,0,0,0,0,"['B682', 'B201', 'B699', 'B208', 'B293', 'B350', 'B11', 'B91', 'B86', 'B371', 'B258']",5.5,D0,1.95,11,7,18,0.0,,-0.158089,-5.07251,-5.230599,False,False,3,D0,False,2,0.1034,pickup,,,,,,,,,,,,,,,,,,,,,,,,,,,,,,,,,,,,,,,,,,,,,,,,,,,,
42,24,19,55,D0,True,11,7,18,0,0,0,0,7,9,"['B224', 'B685', 'B671', 'B35', 'B480', 'B662', 'B67', 'B38', 'B676', 'B49', 'B624', 'B82', 'B138', 'B734', 'B135', 'B365']",8.0,D0,0.0,20,0,20,0.0,,-0.11839,-5.098969,-5.21736,True,True,1,D0,False,0,0.037,do_nothing,,,,,,,,,,,,,,,,,,,,,,,,,,,,,,,,,,,,,,,,,,,,,,,,,,,,
42,25,6,3,D0,True,20,0,20,0,0,0,0,0,0,[],0.0,S51,3.91,20,0,20,0.0,,-2.496981,-5.31258,-7.809561,True,True,5,S62,True,4,0.1909,depot_passthrough,,,,,,,,,,,,,,,,,,,,,,,,,,,,,,,,,,,,,,,,,,,,,,,,,,,,
42,25,6,22,S51,False,20,0,20,18,0,0,1,0,0,"['B349', 'B682', 'B201', 'B699', 'B208', 'B293', 'B350', 'B11', 'B91', 'B86', 'B371', 'B258', 'B224', 'B685', 'B671', 'B35', 'B480', 'B662', 'B67']",9.5,S54,6.18,2,1,3,0.0,,-2.332807,-5.304047,-7.636854,True,True,30,S41,True,13,0.7604,delivery+depot_removal,,,,,,,,,,,,,,,,,,,,,,,,,,,,,,,,,,,,,,,,,,,,,,,,,,,,
42,25,6,37,S54,False,2,1,3,0,17,0,0,0,0,"['B556', 'B627', 'B701', 'B668', 'B704', 'B294', 'B579', 'B192', 'B66', 'B304', 'B445', 'B165', 'B134', 'B249', 'B316', 'B422', 'B48']",8.5,S62,2.78,19,1,20,0.0,,-1.600067,-5.27408,-6.874147,True,False,24,S34,True,13,0.6874,pickup,,,,,,,,,,,,,,,,,,,,,,,,,,,,,,,,,,,,,,,,,,,,,,,,,,,,
42,25,6,49,S62,False,19,1,20,16,0,0,0,0,0,"['B38', 'B676', 'B556', 'B627', 'B701', 'B668', 'B704', 'B294', 'B579', 'B192', 'B66', 'B304', 'B445', 'B165', 'B134', 'B249']",8.0,S46,2.76,3,1,4,0.0,,-1.284932,-5.290631,-6.575563,False,False,18,S46,False,6,0.5913,delivery,,,,,,,,,,,,,,,,,,,,,,,,,,,,,,,,,,,,,,,,,,,,,,,,,,,,
42,25,7,0,S46,False,3,1,4,0,16,0,0,0,0,"['B266', 'B692', 'B593', 'B158', 'B524', 'B710', 'B237', 'B75', 'B79', 'B20', 'B325', 'B453', 'B311', 'B204', 'B408', 'B760']",8.0,S12,5.14,19,1,20,0.0,,-0.966804,-5.195317,-6.162121,False,False,12,S19,True,7,0.4507,pickup,,,,,,,,,,,,,,,,,,,,,,,,,,,,,,,,,,,,,,,,,,,,,,,,,,,,
42,25,7,13,S12,False,19,1,20,16,0,0,0,0,0,"['B316', 'B422', 'B48', 'B266', 'B692', 'B593', 'B158', 'B524', 'B710', 'B237', 'B75', 'B79', 'B20', 'B325', 'B453', 'B311']",8.0,S32,6.07,3,1,4,0.0,,-0.730166,-5.194422,-5.924588,True,False,30,S34,True,6,1.0986,delivery,,,,,,,,,,,,,,,,,,,,,,,,,,,,,,,,,,,,,,,,,,,,,,,,,,,,
42,25,7,27,S32,False,3,1,4,0,10,0,0,0,0,"['B569', 'B298', 'B537', 'B625', 'B580', 'B617', 'B369', 'B279', 'B646', 'B621']",5.0,S65,9.46,13,1,14,0.0,,-0.968157,-5.168173,-6.13633,True,False,54,S55,True,39,1.5654,pickup,,,,,,,,,,,,,,,,,,,,,,,,,,,,,,,,,,,,,,,,,,,,,,,,,,,,
42,25,7,41,S65,False,13,1,14,13,0,0,0,0,0,"['B204', 'B408', 'B760', 'B569', 'B298', 'B537', 'B625', 'B580', 'B617', 'B369', 'B279', 'B646', 'B621']",6.5,S55,9.08,0,1,1,0.0,,-0.550613,-5.177188,-5.727801,True,False,24,S55,False,12,0.7798,delivery,,,,,,,,,,,,,,,,,,,,,,,,,,,,,,,,,,,,,,,,,,,,,,,,,,,,
42,25,7,57,S55,False,0,1,1,0,0,0,0,0,0,[],0.0,S11,5.75,0,1,1,0.0,,-0.472912,-5.196113,-5.669024,False,False,18,S11,True,0,0.6752,do_nothing,,,,,,,,,,,,,,,,,,,,,,,,,,,,,,,,,,,,,,,,,,,,,,,,,,,,
42,25,8,3,S11,False,0,1,1,0,9,0,0,0,0,"['B695', 'B290', 'B429', 'B753', 'B267', 'B583', 'B546', 'B513', 'B149']",4.5,S15,7.51,9,1,10,0.0,,-0.39367,-5.254438,-5.648108,False,False,18,S55,True,14,0.5068,pickup,,,,,,,,,,,,,,,,,,,,,,,,,,,,,,,,,,,,,,,,,,,,,,,,,,,,
42,25,8,15,S15,False,9,1,10,9,0,0,0,0,0,"['B695', 'B290', 'B429', 'B753', 'B267', 'B583', 'B546', 'B513', 'B149']",4.5,S37,4.99,0,1,1,0.0,,-0.610822,-5.251802,-5.862623,False,False,12,S55,True,8,0.3301,delivery,,,,,,,,,,,,,,,,,,,,,,,,,,,,,,,,,,,,,,,,,,,,,,,,,,,,
42,25,8,24,S37,False,0,1,1,0,18,0,0,0,0,"['B160', 'B745', 'B458', 'B174', 'B636', 'B216', 'B285', 'B539', 'B209', 'B484', 'B511', 'B308', 'B402', 'B115', 'B754', 'B502', 'B430', 'B61']",9.0,S26,7.79,18,1,19,0.0,,-0.631205,-5.233617,-5.864822,True,False,36,S3,True,25,1.2184,pickup,,,,,,,,,,,,,,,,,,,,,,,,,,,,,,,,,,,,,,,,,,,,,,,,,,,,
42,25,8,41,S26,False,18,1,19,18,0,0,0,0,0,"['B160', 'B745', 'B458', 'B174', 'B636', 'B216', 'B285', 'B539', 'B209', 'B484', 'B511', 'B308', 'B402', 'B115', 'B754', 'B502', 'B430', 'B61']",9.0,S55,6.67,0,1,1,0.0,,-0.334651,-5.222771,-5.557422,False,False,12,S56,True,8,0.3687,delivery,,,,,,,,,,,,,,,,,,,,,,,,,,,,,,,,,,,,,,,,,,,,,,,,,,,,
42,25,8,56,S55,False,0,1,1,0,10,0,0,0,0,"['B97', 'B683', 'B363', 'B403', 'B717', 'B278', 'B631', 'B107', 'B440', 'B335']",5.0,S56,1.03,10,1,11,0.0,,-0.275927,-5.244464,-5.520392,False,False,18,S3,True,15,0.6236,pickup,,,,,,,,,,,,,,,,,,,,,,,,,,,,,,,,,,,,,,,,,,,,,,,,,,,,
42,25,9,2,S56,False,10,1,11,0,0,0,1,0,0,['B196'],0.5,S32,1.58,10,2,12,0.0,,-0.432419,-5.185186,-5.617605,True,True,36,S29,True,8,0.9754,do_nothing+depot_removal,,,,,,,,,,,,,,,,,,,,,,,,,,,,,,,,,,,,,,,,,,,,,,,,,,,,
42,25,9,5,S32,False,10,2,12,0,8,0,0,0,0,"['B642', 'B397', 'B568', 'B314', 'B368', 'B8', 'B713', 'B607']",4.0,S29,3.29,18,2,20,0.0,,-0.314573,-5.156578,-5.47115,True,False,24,S51,True,22,0.7673,pickup,,,,,,,,,,,,,,,,,,,,,,,,,,,,,,,,,,,,,,,,,,,,,,,,,,,,
42,25,9,12,S29,False,18,2,20,13,0,0,0,0,0,"['B97', 'B683', 'B363', 'B403', 'B717', 'B278', 'B631', 'B107', 'B440', 'B335', 'B642', 'B397', 'B568']",6.5,S51,7.57,5,2,7,0.0,,-0.334597,-5.1707,-5.505298,False,False,18,S51,True,14,0.451,delivery,,,,,,,,,,,,,,,,,,,,,,,,,,,,,,,,,,,,,,,,,,,,,,,,,,,,
42,25,9,26,S51,False,5,2,7,5,0,0,0,0,0,"['B314', 'B368', 'B8', 'B713', 'B607']",2.5,S63,3.43,0,2,2,0.0,,-0.334893,-5.202354,-5.537247,False,False,12,S63,False,7,0.4002,delivery,,,,,,,,,,,,,,,,,,,,,,,,,,,,,,,,,,,,,,,,,,,,,,,,,,,,
42,25,9,32,S63,False,0,2,2,0,14,0,0,0,0,"['B418', 'B715', 'B198', 'B533', 'B645', 'B566', 'B156', 'B30', 'B250', 'B595', 'B705', 'B350', 'B91', 'B456']",7.0,S41,5.29,14,2,16,0.0,,-0.295449,-5.171041,-5.46649,True,False,36,S44,True,16,1.6421,pickup,,,,,,,,,,,,,,,,,,,,,,,,,,,,,,,,,,,,,,,,,,,,,,,,,,,,
42,25,9,44,S41,False,14,2,16,11,0,0,0,0,0,"['B418', 'B715', 'B198', 'B533', 'B645', 'B566', 'B156', 'B30', 'B250', 'B595', 'B705']",5.5,S25,9.14,3,2,5,0.0,,-0.138264,-5.178395,-5.316659,True,False,72,S25,False,26,2.6773,delivery,,,,,,,,,,,,,,,,,,,,,,,,,,,,,,,,,,,,,,,,,,,,,,,,,,,,
42,25,9,59,S25,False,3,2,5,3,0,0,1,0,0,"['B435', 'B350', 'B91', 'B456']",2.0,S54,14.63,0,3,3,0.0,,-0.078343,-5.159328,-5.237671,True,True,36,S3,True,26,1.002,delivery+depot_removal,,,,,,,,,,,,,,,,,,,,,,,,,,,,,,,,,,,,,,,,,,,,,,,,,,,,
42,25,10,15,S54,False,0,3,3,0,11,1,0,0,0,"['B50', 'B181', 'B380', 'B109', 'B51', 'B486', 'B133', 'B529', 'B497', 'B305', 'B296']",8.5,S40,2.17,11,3,14,0.0,,-0.294054,-5.239784,-5.533838,True,True,36,S40,True,30,1.4662,pickup+onsite,,,,,,,,,,,,,,,,,,,,,,,,,,,,,,,,,,,,,,,,,,,,,,,,,,,,
42,25,10,26,S40,False,11,3,14,11,0,0,0,0,0,"['B50', 'B181', 'B380', 'B109', 'B51', 'B486', 'B133', 'B529', 'B497', 'B305', 'B296']",5.5,S37,3.31,0,3,3,0.0,,-0.176159,-5.256416,-5.432576,False,False,12,S37,False,6,0.6021,delivery,,,,,,,,,,,,,,,,,,,,,,,,,,,,,,,,,,,,,,,,,,,,,,,,,,,,
42,25,10,35,S37,False,0,3,3,0,11,0,1,0,0,"['B480', 'B549', 'B467', 'B164', 'B90', 'B136', 'B670', 'B183', 'B165', 'B101', 'B429', 'B106']",6.0,S44,1.36,11,4,15,0.0,,-0.256209,-5.248314,-5.504523,True,True,36,S18,True,30,1.7078,pickup+depot_removal,,,,,,,,,,,,,,,,,,,,,,,,,,,,,,,,,,,,,,,,,,,,,,,,,,,,
42,25,10,42,S44,False,11,4,15,11,0,0,2,0,0,"['B512', 'B103', 'B480', 'B549', 'B467', 'B164', 'B90', 'B136', 'B670', 'B183', 'B165', 'B101', 'B429']",6.5,S23,8.54,0,6,6,0.0,,-0.195834,-5.216553,-5.412387,True,True,54,S66,True,51,2.4688,delivery+depot_removal,,,,,,,,,,,,,,,,,,,,,,,,,,,,,,,,,,,,,,,,,,,,,,,,,,,,
42,25,10,57,S23,False,0,6,6,0,10,0,0,0,0,"['B614', 'B751', 'B401', 'B392', 'B387', 'B416', 'B312', 'B702', 'B432', 'B383']",5.0,S25,6.28,10,6,16,0.0,,-0.255855,-5.268026,-5.523881,False,False,18,S58,True,13,0.6821,pickup,,,,,,,,,,,,,,,,,,,,,,,,,,,,,,,,,,,,,,,,,,,,,,,,,,,,
42,25,11,9,S25,False,10,6,16,10,0,0,1,0,0,"['B687', 'B614', 'B751', 'B401', 'B392', 'B387', 'B416', 'B312', 'B702', 'B432', 'B383']",5.5,S60,10.01,0,7,7,0.0,,-0.235782,-5.236911,-5.472694,True,True,24,S60,True,18,0.8962,delivery+depot_removal,,,,,,,,,,,,,,,,,,,,,,,,,,,,,,,,,,,,,,,,,,,,,,,,,,,,
42,25,11,24,S60,False,0,7,7,0,12,1,0,0,0,"['B112', 'B359', 'B385', 'B765', 'B374', 'B114', 'B255', 'B313', 'B696', 'B321', 'B127', 'B635']",9.0,S27,3.14,12,7,19,0.0,,-0.354128,-5.243324,-5.597452,True,True,60,S58,True,49,2.3065,pickup+onsite,,,,,,,,,,,,,,,,,,,,,,,,,,,,,,,,,,,,,,,,,,,,,,,,,,,,
42,25,11,36,S27,False,12,7,19,12,0,0,0,0,0,"['B112', 'B359', 'B385', 'B765', 'B374', 'B114', 'B255', 'B313', 'B696', 'B321', 'B127', 'B635']",6.0,S51,8.3,0,7,7,0.0,,-0.313274,-5.224792,-5.538066,False,False,12,S51,False,8,0.3642,delivery,,,,,,,,,,,,,,,,,,,,,,,,,,,,,,,,,,,,,,,,,,,,,,,,,,,,
42,25,11,51,S51,False,0,7,7,0,13,0,0,0,0,"['B405', 'B704', 'B1', 'B446', 'B37', 'B658', 'B650', 'B433', 'B27', 'B299', 'B97', 'B86', 'B154']",6.5,S46,3.14,13,7,20,0.0,,-0.332801,-5.262341,-5.595142,False,False,18,S58,True,6,0.6304,pickup,,,,,,,,,,,,,,,,,,,,,,,,,,,,,,,,,,,,,,,,,,,,,,,,,,,,
42,25,12,0,S46,False,13,7,20,13,0,0,0,0,0,"['B405', 'B704', 'B1', 'B446', 'B37', 'B658', 'B650', 'B433', 'B27', 'B299', 'B97', 'B86', 'B154']",6.5,S58,3.13,0,7,7,0.0,,-0.471165,-5.209675,-5.68084,False,False,12,S31,True,8,0.369,delivery,,,,,,,,,,,,,,,,,,,,,,,,,,,,,,,,,,,,,,,,,,,,,,,,,,,,
42,25,12,10,S58,False,0,7,7,0,13,0,0,0,0,"['B413', 'B455', 'B339', 'B7', 'B495', 'B459', 'B34', 'B388', 'B179', 'B167', 'B709', 'B354', 'B496']",6.5,S63,2.12,13,7,20,0.0,,-0.493241,-5.235853,-5.729094,True,False,36,S63,False,24,1.2394,pickup,,,,,,,,,,,,,,,,,,,,,,,,,,,,,,,,,,,,,,,,,,,,,,,,,,,,
42,25,12,18,S63,False,13,7,20,13,0,0,1,0,0,"['B622', 'B413', 'B455', 'B339', 'B7', 'B495', 'B459', 'B34', 'B388', 'B179', 'B167', 'B709', 'B354', 'B496']",7.0,S55,3.64,0,8,8,0.0,,-0.294806,-5.208759,-5.503565,True,True,18,S55,False,12,0.583,delivery+depot_removal,,,,,,,,,,,,,,,,,,,,,,,,,,,,,,,,,,,,,,,,,,,,,,,,,,,,
42,25,12,29,S55,False,0,8,8,0,12,0,0,0,0,"['B534', 'B239', 'B500', 'B223', 'B584', 'B487', 'B570', 'B208', 'B45', 'B644', 'B602', 'B556']",6.0,S29,2.12,12,8,20,0.0,,-0.609929,-5.233596,-5.843525,False,False,12,S29,False,6,0.4147,pickup,,,,,,,,,,,,,,,,,,,,,,,,,,,,,,,,,,,,,,,,,,,,,,,,,,,,
42,25,12,37,S29,False,12,8,20,12,0,0,0,0,0,"['B534', 'B239', 'B500', 'B223', 'B584', 'B487', 'B570', 'B208', 'B45', 'B644', 'B602', 'B556']",6.0,S32,3.29,0,8,8,0.0,,-0.432412,-5.239946,-5.672359,False,False,12,S32,False,6,0.4011,delivery,,,,,,,,,,,,,,,,,,,,,,,,,,,,,,,,,,,,,,,,,,,,,,,,,,,,
42,25,12,46,S32,False,0,8,8,0,12,0,0,0,0,"['B506', 'B434', 'B608', 'B187', 'B134', 'B3', 'B428', 'B394', 'B203', 'B266', 'B577', 'B217']",6.0,S26,7.72,12,8,20,0.0,,-0.706194,-5.233752,-5.939945,True,False,36,S26,True,18,1.151,pickup,,,,,,,,,,,,,,,,,,,,,,,,,,,,,,,,,,,,,,,,,,,,,,,,,,,,
42,25,13,0,S26,False,12,8,20,12,0,0,0,0,0,"['B506', 'B434', 'B608', 'B187', 'B134', 'B3', 'B428', 'B394', 'B203', 'B266', 'B577', 'B217']",6.0,S65,6.43,0,8,8,0.0,,-0.452595,-5.190697,-5.643293,False,False,12,S65,False,6,0.3697,delivery,,,,,,,,,,,,,,,,,,,,,,,,,,,,,,,,,,,,,,,,,,,,,,,,,,,,
42,25,13,13,S65,False,0,8,8,0,12,0,0,0,0,"['B646', 'B621', 'B422', 'B219', 'B575', 'B277', 'B525', 'B448', 'B706', 'B272', 'B580', 'B645']",6.0,S31,3.2,12,8,20,0.0,,-0.67325,-5.201731,-5.874981,True,False,24,S31,False,18,0.8182,pickup,,,,,,,,,,,,,,,,,,,,,,,,,,,,,,,,,,,,,,,,,,,,,,,,,,,,
42,25,13,22,S31,False,12,8,20,0,0,0,0,0,0,[],0.0,S61,1.01,12,8,20,0.0,,-0.925358,-5.221153,-6.146511,True,False,36,S35,True,0,1.3094,do_nothing,,,,,,,,,,,,,,,,,,,,,,,,,,,,,,,,,,,,,,,,,,,,,,,,,,,,
42,25,13,23,S61,False,12,8,20,9,0,0,1,0,0,"['B370', 'B646', 'B621', 'B422', 'B219', 'B575', 'B277', 'B525', 'B448', 'B706']",5.0,S35,7.62,3,9,12,0.0,,-0.334454,-5.220006,-5.55446,True,True,30,S35,False,15,0.8052,delivery+depot_removal,,,,,,,,,,,,,,,,,,,,,,,,,,,,,,,,,,,,,,,,,,,,,,,,,,,,
42,25,13,35,S35,False,3,9,12,3,0,0,0,0,0,"['B272', 'B580', 'B645']",1.5,S30,9.95,0,9,9,0.0,,-0.530578,-5.25336,-5.783938,False,False,12,S43,True,6,0.436,delivery,,,,,,,,,,,,,,,,,,,,,,,,,,,,,,,,,,,,,,,,,,,,,,,,,,,,
42,25,13,47,S30,False,0,9,9,0,6,0,0,0,0,"['B209', 'B753', 'B670', 'B73', 'B108', 'B528']",3.0,S66,1.88,6,9,15,0.0,,-0.882166,-5.267327,-6.149493,True,False,36,S66,False,27,1.3037,pickup,,,,,,,,,,,,,,,,,,,,,,,,,,,,,,,,,,,,,,,,,,,,,,,,,,,,
42,25,13,52,S66,False,6,9,15,0,5,0,0,0,0,"['B642', 'B440', 'B183', 'B717', 'B361']",2.5,S63,4.37,11,9,20,0.0,,-1.697571,-5.253637,-6.951208,True,False,24,S63,False,15,0.6059,pickup,,,,,,,,,,,,,,,,,,,,,,,,,,,,,,,,,,,,,,,,,,,,,,,,,,,,
42,25,13,59,S63,False,11,9,20,0,0,0,0,0,0,[],0.0,S52,1.26,11,9,20,0.0,,-1.298444,-5.303412,-6.601856,True,False,18,S52,False,4,0.7132,do_nothing,,,,,,,,,,,,,,,,,,,,,,,,,,,,,,,,,,,,,,,,,,,,,,,,,,,,
42,25,14,0,S52,False,11,9,20,9,0,0,0,0,0,"['B209', 'B753', 'B670', 'B73', 'B108', 'B528', 'B642', 'B440', 'B183']",4.5,S31,2.99,2,9,11,0.0,,-0.946229,-5.239395,-6.185624,True,False,30,S31,True,9,0.9309,delivery,,,,,,,,,,,,,,,,,,,,,,,,,,,,,,,,,,,,,,,,,,,,,,,,,,,,
42,25,14,7,S31,False,2,9,11,2,0,0,0,0,0,"['B717', 'B361']",1.0,S53,4.82,0,9,9,0.0,,-1.259592,-5.198918,-6.45851,True,False,60,S43,True,33,1.904,delivery,,,,,,,,,,,,,,,,,,,,,,,,,,,,,,,,,,,,,,,,,,,,,,,,,,,,
42,25,14,13,S53,False,0,9,9,0,11,0,0,0,0,"['B479', 'B639', 'B89', 'B643', 'B738', 'B367', 'B104', 'B579', 'B190', 'B593', 'B544']",5.5,S50,5.17,11,9,20,0.0,,-0.749689,-5.175804,-5.925493,True,False,54,S63,True,19,1.3043,pickup,,,,,,,,,,,,,,,,,,,,,,,,,,,,,,,,,,,,,,,,,,,,,,,,,,,,
42,25,14,24,S50,False,11,9,20,0,0,0,0,0,0,[],0.0,S54,2.71,11,9,20,0.0,,-1.043034,-5.222232,-6.265266,False,False,12,S63,True,1,0.2855,do_nothing,,,,,,,,,,,,,,,,,,,,,,,,,,,,,,,,,,,,,,,,,,,,,,,,,,,,
42,25,14,27,S54,False,11,9,20,11,0,0,0,0,0,"['B479', 'B639', 'B89', 'B643', 'B738', 'B367', 'B104', 'B579', 'B190', 'B593', 'B544']",5.5,S5,14.1,0,9,9,0.0,,-0.78859,-5.166063,-5.954653,False,False,12,S63,True,7,0.3291,delivery,,,,,,,,,,,,,,,,,,,,,,,,,,,,,,,,,,,,,,,,,,,,,,,,,,,,
42,25,14,46,S5,False,0,9,9,0,0,0,0,0,0,[],0.0,S52,11.98,0,9,9,0.0,,-0.69172,-5.214798,-5.906518,False,False,12,S7,True,2,0.3972,do_nothing,,,,,,,,,,,,,,,,,,,,,,,,,,,,,,,,,,,,,,,,,,,,,,,,,,,,
42,25,14,58,S52,False,0,9,9,0,9,0,0,0,0,"['B108', 'B528', 'B642', 'B440', 'B183', 'B260', 'B9', 'B391', 'B156']",4.5,S29,5.05,9,9,18,0.0,,-0.670455,-5.189081,-5.859536,True,False,30,S65,True,20,0.7202,pickup,,,,,,,,,,,,,,,,,,,,,,,,,,,,,,,,,,,,,,,,,,,,,,,,,,,,
42,25,15,8,S29,False,9,9,18,0,0,0,0,0,0,[],0.0,S50,1.29,9,9,18,0.0,,-0.511717,-5.196703,-5.70842,False,False,12,S40,True,0,0.3614,do_nothing,,,,,,,,,,,,,,,,,,,,,,,,,,,,,,,,,,,,,,,,,,,,,,,,,,,,
42,25,15,9,S50,False,9,9,18,0,0,0,0,0,0,[],0.0,S29,1.29,9,9,18,0.0,,-0.906173,-5.208465,-6.114637,False,False,12,S35,True,1,0.3987,do_nothing,,,,,,,,,,,,,,,,,,,,,,,,,,,,,,,,,,,,,,,,,,,,,,,,,,,,
42,25,15,10,S29,False,9,9,18,9,0,0,0,0,0,"['B108', 'B528', 'B642', 'B440', 'B183', 'B260', 'B9', 'B391', 'B156']",4.5,S40,3.08,0,9,9,0.0,,-0.571984,-5.183196,-5.75518,False,False,12,S40,False,9,0.3919,delivery,,,,,,,,,,,,,,,,,,,,,,,,,,,,,,,,,,,,,,,,,,,,,,,,,,,,
42,25,15,18,S40,False,0,9,9,0,11,0,0,0,0,"['B305', 'B296', 'B750', 'B539', 'B482', 'B405', 'B626', 'B273', 'B276', 'B384', 'B621']",5.5,S15,2.5,11,9,20,0.0,,-0.670248,-5.172721,-5.842969,False,False,18,S50,True,10,0.4004,pickup,,,,,,,,,,,,,,,,,,,,,,,,,,,,,,,,,,,,,,,,,,,,,,,,,,,,
42,25,15,26,S15,False,11,9,20,11,0,0,0,0,0,"['B305', 'B296', 'B750', 'B539', 'B482', 'B405', 'B626', 'B273', 'B276', 'B384', 'B621']",5.5,S35,5.79,0,9,9,0.0,,-0.393666,-5.154296,-5.547963,False,False,12,S35,False,6,0.3638,delivery,,,,,,,,,,,,,,,,,,,,,,,,,,,,,,,,,,,,,,,,,,,,,,,,,,,,
42,25,15,37,S35,False,0,9,9,0,11,0,0,0,0,"['B476', 'B571', 'B664', 'B510', 'B193', 'B177', 'B520', 'B379', 'B658', 'B400', 'B152']",5.5,S50,1.61,11,9,20,0.0,,-0.392671,-5.171924,-5.564595,True,False,36,S7,True,12,1.1472,pickup,,,,,,,,,,,,,,,,,,,,,,,,,,,,,,,,,,,,,,,,,,,,,,,,,,,,
42,25,15,44,S50,False,11,9,20,11,0,0,0,0,0,"['B476', 'B571', 'B664', 'B510', 'B193', 'B177', 'B520', 'B379', 'B658', 'B400', 'B152']",5.5,S51,8.8,0,9,9,0.0,,-0.570932,-5.138636,-5.709568,False,False,12,S51,False,6,0.3774,delivery,,,,,,,,,,,,,,,,,,,,,,,,,,,,,,,,,,,,,,,,,,,,,,,,,,,,
42,25,15,59,S51,False,0,9,9,0,11,0,0,0,0,"['B7', 'B316', 'B44', 'B615', 'B322', 'B5', 'B625', 'B109', 'B18', 'B36', 'B764']",5.5,S55,5.48,11,9,20,0.0,,-0.374201,-5.139027,-5.513228,True,False,24,S55,False,12,0.9187,pickup,,,,,,,,,,,,,,,,,,,,,,,,,,,,,,,,,,,,,,,,,,,,,,,,,,,,
42,25,16,10,S55,False,11,9,20,0,0,0,0,0,0,[],0.0,S21,7.63,11,9,20,0.0,,-0.590807,-5.182161,-5.772967,False,False,18,S11,True,3,0.6451,do_nothing,,,,,,,,,,,,,,,,,,,,,,,,,,,,,,,,,,,,,,,,,,,,,,,,,,,,
42,25,16,17,S21,False,11,9,20,6,0,1,2,0,0,"['B238', 'B355', 'B7', 'B316', 'B44', 'B615', 'B322', 'B5']",7.0,S55,7.63,5,11,16,0.0,,-0.552456,-5.222273,-5.77473,True,True,126,S55,True,106,3.2326,delivery+maintenance,,,,,,,,,,,,,,,,,,,,,,,,,,,,,,,,,,,,,,,,,,,,,,,,,,,,
42,25,16,32,S55,False,5,11,16,5,0,0,0,0,0,"['B625', 'B109', 'B18', 'B36', 'B764']",2.5,S42,4.34,0,11,11,0.0,,-0.551961,-5.187085,-5.739046,False,False,12,S42,False,7,0.2948,delivery,,,,,,,,,,,,,,,,,,,,,,,,,,,,,,,,,,,,,,,,,,,,,,,,,,,,
42,25,16,39,S42,False,0,11,11,0,9,0,0,0,0,"['B209', 'B344', 'B336', 'B348', 'B724', 'B6', 'B442', 'B48', 'B130']",4.5,S52,8.01,9,11,20,0.0,,-0.45344,-5.191967,-5.645408,True,False,36,S5,True,26,0.9672,pickup,,,,,,,,,,,,,,,,,,,,,,,,,,,,,,,,,,,,,,,,,,,,,,,,,,,,
42,25,16,51,S52,False,9,11,20,9,0,0,0,0,0,"['B209', 'B344', 'B336', 'B348', 'B724', 'B6', 'B442', 'B48', 'B130']",4.5,S66,3.13,0,11,11,0.0,,-0.374343,-5.182165,-5.556508,True,False,18,S43,True,10,0.5792,delivery,,,,,,,,,,,,,,,,,,,,,,,,,,,,,,,,,,,,,,,,,,,,,,,,,,,,
42,25,16,59,S66,False,0,11,11,0,8,0,0,0,0,"['B529', 'B77', 'B4', 'B120', 'B304', 'B459', 'B524', 'B104']",4.0,S22,4.43,8,11,19,0.0,,-0.392521,-5.176598,-5.569119,True,False,36,S5,True,13,0.939,pickup,,,,,,,,,,,,,,,,,,,,,,,,,,,,,,,,,,,,,,,,,,,,,,,,,,,,
42,25,17,7,S22,False,8,11,19,8,0,0,0,0,0,"['B529', 'B77', 'B4', 'B120', 'B304', 'B459', 'B524', 'B104']",4.0,S61,5.51,0,11,11,0.0,,-0.176862,-5.14952,-5.326382,False,False,12,S61,False,7,0.2996,delivery,,,,,,,,,,,,,,,,,,,,,,,,,,,,,,,,,,,,,,,,,,,,,,,,,,,,
42,25,17,17,S61,False,0,11,11,0,9,0,0,0,0,"['B555', 'B477', 'B426', 'B718', 'B305', 'B125', 'B518', 'B440', 'B625']",4.5,S55,5.26,9,11,20,0.0,,-0.157187,-5.10112,-5.258308,False,False,12,S55,False,6,0.3449,pickup,,,,,,,,,,,,,,,,,,,,,,,,,,,,,,,,,,,,,,,,,,,,,,,,,,,,
42,25,17,27,S55,False,9,11,20,9,0,0,0,0,0,"['B555', 'B477', 'B426', 'B718', 'B305', 'B125', 'B518', 'B440', 'B625']",4.5,S12,7.23,0,11,11,0.0,,-0.274476,-5.109556,-5.384032,False,False,12,S16,True,7,0.3355,delivery,,,,,,,,,,,,,,,,,,,,,,,,,,,,,,,,,,,,,,,,,,,,,,,,,,,,
42,25,17,38,S12,False,0,11,11,0,9,0,0,0,0,"['B709', 'B690', 'B95', 'B563', 'B234', 'B700', 'B694', 'B251', 'B222']",4.5,S35,9.87,9,11,20,0.0,,-0.235182,-5.068971,-5.304152,True,False,18,S35,False,12,0.5916,pickup,,,,,,,,,,,,,,,,,,,,,,,,,,,,,,,,,,,,,,,,,,,,,,,,,,,,
42,25,17,53,S35,False,9,11,20,9,0,1,0,0,0,"['B709', 'B690', 'B95', 'B563', 'B234', 'B700', 'B694', 'B251', 'B222']",7.5,S59,9.27,0,11,11,0.0,,-0.255753,-5.056874,-5.312627,True,True,24,S16,True,22,0.7862,delivery+onsite,,,,,,,,,,,,,,,,,,,,,,,,,,,,,,,,,,,,,,,,,,,,,,,,,,,,
42,25,18,9,S59,False,0,11,11,0,9,0,0,0,0,"['B596', 'B418', 'B715', 'B129', 'B194', 'B616', 'B29', 'B438', 'B308']",4.5,S14,10.5,9,11,20,0.0,,-0.158542,-5.146598,-5.30514,True,False,24,S5,True,22,0.8892,pickup,,,,,,,,,,,,,,,,,,,,,,,,,,,,,,,,,,,,,,,,,,,,,,,,,,,,
42,25,18,24,S14,False,9,11,20,9,0,0,0,0,0,"['B596', 'B418', 'B715', 'B129', 'B194', 'B616', 'B29', 'B438', 'B308']",4.5,S44,8.59,0,11,11,0.0,,-0.316176,-5.125891,-5.442067,False,False,12,S23,True,7,0.2659,delivery,,,,,,,,,,,,,,,,,,,,,,,,,,,,,,,,,,,,,,,,,,,,,,,,,,,,
42,25,18,37,S44,False,0,11,11,0,9,0,0,0,0,"['B169', 'B720', 'B469', 'B586', 'B639', 'B612', 'B245', 'B572', 'B537']",4.5,S46,1.44,9,11,20,0.0,,-0.09957,-5.117435,-5.217005,False,False,12,S16,True,7,0.3839,pickup,,,,,,,,,,,,,,,,,,,,,,,,,,,,,,,,,,,,,,,,,,,,,,,,,,,,
42,25,18,43,S46,False,9,11,20,9,0,0,0,0,0,"['B169', 'B720', 'B469', 'B586', 'B639', 'B612', 'B245', 'B572', 'B537']",4.5,S58,3.13,0,11,11,0.0,,-0.17741,-5.135465,-5.312875,False,False,12,S23,True,7,0.3683,delivery,,,,,,,,,,,,,,,,,,,,,,,,,,,,,,,,,,,,,,,,,,,,,,,,,,,,
42,25,18,51,S58,False,0,11,11,0,9,0,0,0,0,"['B208', 'B547', 'B1', 'B58', 'B281', 'B0', 'B737', 'B334', 'B52']",4.5,S23,7.33,9,11,20,0.0,,-0.336049,-5.133948,-5.469998,True,False,108,S5,True,92,3.7882,pickup,,,,,,,,,,,,,,,,,,,,,,,,,,,,,,,,,,,,,,,,,,,,,,,,,,,,
42,25,19,3,S23,False,9,11,20,7,0,0,0,0,0,"['B208', 'B547', 'B1', 'B58', 'B281', 'B0', 'B737']",3.5,S15,7.55,2,11,13,0.0,,-0.138412,-5.167034,-5.305446,False,False,18,S35,True,12,0.3797,delivery,,,,,,,,,,,,,,,,,,,,,,,,,,,,,,,,,,,,,,,,,,,,,,,,,,,,
42,25,19,14,S15,False,2,11,13,0,0,0,0,0,0,[],0.0,S35,5.79,2,11,13,0.0,,-0.25801,-5.185757,-5.443767,False,False,12,S43,True,2,0.369,do_nothing,,,,,,,,,,,,,,,,,,,,,,,,,,,,,,,,,,,,,,,,,,,,,,,,,,,,
42,25,19,20,S35,False,2,11,13,2,0,0,0,0,0,"['B334', 'B52']",1.0,S42,1.31,0,11,11,0.0,,-0.078644,-5.180712,-5.259356,False,False,12,S5,True,9,0.2834,delivery,,,,,,,,,,,,,,,,,,,,,,,,,,,,,,,,,,,,,,,,,,,,,,,,,,,,
42,25,19,22,S42,False,0,11,11,0,4,0,0,0,0,"['B136', 'B7', 'B359', 'B360']",2.0,S35,1.31,4,11,15,0.0,,-0.05942,-5.16769,-5.227109,True,False,70,S29,True,47,1.403,pickup,,,,,,,,,,,,,,,,,,,,,,,,,,,,,,,,,,,,,,,,,,,,,,,,,,,,
42,25,19,25,S35,False,4,11,15,4,0,0,0,0,0,"['B136', 'B7', 'B359', 'B360']",2.0,S57,0.73,0,11,11,0.0,,-0.137564,-5.167668,-5.305232,False,False,11,S14,True,9,0.2696,delivery,,,,,,,,,,,,,,,,,,,,,,,,,,,,,,,,,,,,,,,,,,,,,,,,,,,,
42,25,19,28,S57,False,0,11,11,0,5,0,0,0,0,"['B350', 'B34', 'B752', 'B388', 'B561']",2.5,S10,2.67,5,11,16,0.0,,-0.197231,-5.162869,-5.3601,True,False,68,S29,True,20,1.6236,pickup,,,,,,,,,,,,,,,,,,,,,,,,,,,,,,,,,,,,,,,,,,,,,,,,,,,,
42,25,19,33,S10,False,5,11,16,0,0,1,0,0,0,[],3.0,S15,3.3,5,11,16,0.0,,-0.038849,-5.147112,-5.185961,True,True,22,S43,True,6,0.6929,do_nothing+onsite,,,,,,,,,,,,,,,,,,,,,,,,,,,,,,,,,,,,,,,,,,,,,,,,,,,,
42,25,19,40,S15,False,5,11,16,5,0,0,0,0,0,"['B350', 'B34', 'B752', 'B388', 'B561']",2.5,S29,3.9,0,11,11,0.0,,-0.019425,-5.141812,-5.161236,False,False,7,S29,False,5,0.2913,delivery,,,,,,,,,,,,,,,,,,,,,,,,,,,,,,,,,,,,,,,,,,,,,,,,,,,,
42,25,19,46,S29,False,0,11,11,0,9,0,0,0,0,"['B260', 'B9', 'B391', 'B156', 'B697', 'B543', 'B256', 'B321', 'B239']",4.5,D0,2.43,9,11,20,0.0,,-0.019523,-5.154462,-5.173985,False,False,2,D0,False,1,0.0633,pickup,,,,,,,,,,,,,,,,,,,,,,,,,,,,,,,,,,,,,,,,,,,,,,,,,,,,
42,25,19,53,D0,True,9,11,20,0,0,0,0,11,0,"['B349', 'B196', 'B435', 'B106', 'B512', 'B103', 'B687', 'B622', 'B370', 'B238', 'B355']",5.5,D0,0.0,9,0,9,0.0,,-0.058769,-5.147845,-5.206615,True,True,1,D0,False,0,0.0387,do_nothing,,,,,,,,,,,,,,,,,,,,,,,,,,,,,,,,,,,,,,,,,,,,,,,,,,,,
42,26,6,13,D0,True,9,0,9,0,0,0,0,0,7,"['B49', 'B624', 'B82', 'B138', 'B734', 'B135', 'B365']",3.5,S15,1.31,16,0,16,0.0,,-0.059671,-5.125731,-5.185402,True,True,5,S15,False,0,0.1921,load_queue,,,,,,,,,,,,,,,,,,,,,,,,,,,,,,,,,,,,,,,,,,,,,,,,,,,,
42,26,6,33,S15,False,16,0,16,11,0,0,0,0,0,"['B260', 'B9', 'B391', 'B156', 'B697', 'B543', 'B256', 'B321', 'B239', 'B49', 'B624']",5.5,S18,4.77,5,0,5,0.0,,-0.078896,-5.163537,-5.242433,False,False,18,S26,True,6,0.9335,delivery,,,,,,,,,,,,,,,,,,,,,,,,,,,,,,,,,,,,,,,,,,,,,,,,,,,,
42,26,6,43,S18,False,5,0,5,0,11,0,0,0,0,"['B760', 'B532', 'B299', 'B97', 'B410', 'B102', 'B285', 'B216', 'B214', 'B93', 'B757']",5.5,S26,7.46,16,0,16,0.0,,-0.019425,-5.125307,-5.144731,True,False,72,S37,True,50,4.5234,pickup,,,,,,,,,,,,,,,,,,,,,,,,,,,,,,,,,,,,,,,,,,,,,,,,,,,,
42,26,6,56,S26,False,16,0,16,13,0,0,0,0,0,"['B82', 'B138', 'B734', 'B135', 'B365', 'B760', 'B532', 'B299', 'B97', 'B410', 'B102', 'B285', 'B216']",6.5,S5,10.64,3,0,3,0.0,,-0.078644,-5.107955,-5.1866,False,False,18,S37,True,15,0.8532,delivery,,,,,,,,,,,,,,,,,,,,,,,,,,,,,,,,,,,,,,,,,,,,,,,,,,,,
42,26,7,14,S5,False,3,0,3,0,17,0,0,0,0,"['B191', 'B351', 'B297', 'B59', 'B200', 'B246', 'B300', 'B41', 'B522', 'B343', 'B287', 'B562', 'B758', 'B252', 'B39', 'B751', 'B401']",8.5,S65,5.83,20,0,20,0.0,,-0.039349,-5.168433,-5.207782,False,False,12,S35,True,8,0.4552,pickup,,,,,,,,,,,,,,,,,,,,,,,,,,,,,,,,,,,,,,,,,,,,,,,,,,,,
42,26,7,28,S65,False,20,0,20,12,0,0,0,0,0,"['B214', 'B93', 'B757', 'B191', 'B351', 'B297', 'B59', 'B200', 'B246', 'B300', 'B41', 'B522']",6.0,S35,10.81,8,0,8,0.0,,-0.039596,-5.174455,-5.214051,True,False,42,S35,True,27,1.6683,delivery,,,,,,,,,,,,,,,,,,,,,,,,,,,,,,,,,,,,,,,,,,,,,,,,,,,,
42,26,7,45,S35,False,8,0,8,8,0,0,0,0,0,"['B343', 'B287', 'B562', 'B758', 'B252', 'B39', 'B751', 'B401']",4.0,S52,6.71,0,0,0,0.0,,-0.019474,-5.142712,-5.162186,False,False,12,S52,False,6,0.2546,delivery,,,,,,,,,,,,,,,,,,,,,,,,,,,,,,,,,,,,,,,,,,,,,,,,,,,,
42,26,7,55,S52,False,0,0,0,0,18,0,1,0,0,"['B185', 'B209', 'B523', 'B732', 'B69', 'B460', 'B20', 'B735', 'B369', 'B43', 'B614', 'B375', 'B454', 'B505', 'B108', 'B683', 'B272', 'B519', 'B111']",9.5,S66,3.13,18,1,19,0.0,,0.0,-5.147688,-5.147688,True,True,24,S44,True,18,1.3572,pickup+depot_removal,,,,,,,,,,,,,,,,,,,,,,,,,,,,,,,,,,,,,,,,,,,,,,,,,,,,
42,26,8,8,S66,False,18,1,19,13,0,1,0,0,0,"['B185', 'B209', 'B523', 'B732', 'B69', 'B460', 'B20', 'B735', 'B369', 'B43', 'B614', 'B375', 'B454']",9.5,S60,1.23,5,1,6,0.0,,-0.078495,-5.065742,-5.144237,True,True,72,S2,True,63,2.8697,delivery+onsite,,,,,,,,,,,,,,,,,,,,,,,,,,,,,,,,,,,,,,,,,,,,,,,,,,,,
42,26,8,19,S60,False,5,1,6,0,13,0,1,0,0,"['B762', 'B726', 'B110', 'B212', 'B165', 'B141', 'B754', 'B731', 'B511', 'B540', 'B368', 'B535', 'B705', 'B289']",7.0,S10,6.65,18,2,20,0.0,,-0.059022,-5.101821,-5.160843,True,True,36,S10,True,20,1.6523,pickup+depot_removal,,,,,,,,,,,,,,,,,,,,,,,,,,,,,,,,,,,,,,,,,,,,,,,,,,,,
42,26,8,32,S10,False,18,2,20,10,0,0,0,0,0,"['B505', 'B108', 'B683', 'B272', 'B519', 'B762', 'B726', 'B110', 'B212', 'B165']",5.0,S17,6.51,8,2,10,0.0,,-0.138114,-5.107667,-5.245781,False,False,18,S17,False,6,0.4932,delivery,,,,,,,,,,,,,,,,,,,,,,,,,,,,,,,,,,,,,,,,,,,,,,,,,,,,
42,26,8,44,S17,False,8,2,10,8,0,0,0,0,0,"['B141', 'B754', 'B731', 'B511', 'B540', 'B368', 'B535', 'B705']",4.0,S44,9.71,0,2,2,0.0,,-0.138465,-5.098491,-5.236956,False,False,12,S44,False,9,0.4068,delivery,,,,,,,,,,,,,,,,,,,,,,,,,,,,,,,,,,,,,,,,,,,,,,,,,,,,
42,26,8,58,S44,False,0,2,2,0,8,0,0,0,0,"['B357', 'B599', 'B353', 'B644', 'B95', 'B428', 'B497', 'B259']",4.0,S2,7.81,8,2,10,0.0,,-0.137865,-5.127954,-5.265819,False,False,18,S31,True,10,0.8802,pickup,,,,,,,,,,,,,,,,,,,,,,,,,,,,,,,,,,,,,,,,,,,,,,,,,,,,
42,26,9,9,S2,False,8,2,10,0,0,0,0,0,0,[],0.0,S11,12.74,8,2,10,0.0,,-0.51011,-5.104231,-5.614341,True,False,24,S25,True,4,0.8754,do_nothing,,,,,,,,,,,,,,,,,,,,,,,,,,,,,,,,,,,,,,,,,,,,,,,,,,,,
42,26,9,22,S11,False,8,2,10,8,0,0,0,0,0,"['B357', 'B599', 'B353', 'B644', 'B95', 'B428', 'B497', 'B259']",4.0,S25,17.5,0,2,2,0.0,,-0.137214,-5.12172,-5.258934,False,False,12,S25,False,8,0.509,delivery,,,,,,,,,,,,,,,,,,,,,,,,,,,,,,,,,,,,,,,,,,,,,,,,,,,,
42,26,9,44,S25,False,0,2,2,0,16,0,0,0,0,"['B416', 'B312', 'B702', 'B432', 'B383', 'B142', 'B623', 'B298', 'B630', 'B395', 'B457', 'B68', 'B637', 'B654', 'B609', 'B207']",8.0,S35,16.43,16,2,18,0.0,,-0.11789,-5.160292,-5.278182,False,False,18,S41,True,8,0.8831,pickup,,,,,,,,,,,,,,,,,,,,,,,,,,,,,,,,,,,,,,,,,,,,,,,,,,,,
42,26,10,8,S35,False,16,2,18,16,0,0,0,0,0,"['B416', 'B312', 'B702', 'B432', 'B383', 'B142', 'B623', 'B298', 'B630', 'B395', 'B457', 'B68', 'B637', 'B654', 'B609', 'B207']",8.0,S58,8.51,0,2,2,0.0,,-0.176513,-5.207086,-5.383599,False,False,18,S0,True,9,0.892,delivery,,,,,,,,,,,,,,,,,,,,,,,,,,,,,,,,,,,,,,,,,,,,,,,,,,,,
42,26,10,25,S58,False,0,2,2,0,8,1,0,0,0,"['B381', 'B347', 'B234', 'B694', 'B549', 'B166', 'B361', 'B339']",7.0,S61,2.59,8,2,10,0.0,,-0.355124,-5.221954,-5.577078,True,True,162,S63,True,73,5.0864,pickup+onsite,,,,,,,,,,,,,,,,,,,,,,,,,,,,,,,,,,,,,,,,,,,,,,,,,,,,
42,26,10,34,S61,False,8,2,10,8,0,0,0,0,0,"['B381', 'B347', 'B234', 'B694', 'B549', 'B166', 'B361', 'B339']",4.0,S45,3.27,0,2,2,0.0,,-0.512111,-5.233153,-5.745264,False,False,12,S63,True,7,0.5426,delivery,,,,,,,,,,,,,,,,,,,,,,,,,,,,,,,,,,,,,,,,,,,,,,,,,,,,
42,26,10,41,S45,False,0,2,2,0,7,0,0,0,0,"['B46', 'B470', 'B73', 'B596', 'B304', 'B345', 'B83']",3.5,S42,6.84,7,2,9,0.0,,-0.275726,-5.237976,-5.513702,True,False,36,S63,True,16,1.2285,pickup,,,,,,,,,,,,,,,,,,,,,,,,,,,,,,,,,,,,,,,,,,,,,,,,,,,,
42,26,10,52,S42,False,7,2,9,7,0,1,0,0,0,"['B46', 'B470', 'B73', 'B596', 'B304', 'B345', 'B83']",6.5,S63,7.96,0,2,2,0.0,,-0.671605,-5.201961,-5.873566,True,True,48,S54,True,30,1.3814,delivery+onsite,,,,,,,,,,,,,,,,,,,,,,,,,,,,,,,,,,,,,,,,,,,,,,,,,,,,
42,26,11,6,S63,False,0,2,2,0,15,0,1,0,0,"['B64', 'B503', 'B288', 'B747', 'B7', 'B481', 'B517', 'B65', 'B341', 'B75', 'B261', 'B124', 'B612', 'B195', 'B209', 'B377']",8.0,S41,5.29,15,3,18,0.0,,-0.255553,-5.202089,-5.457641,True,True,30,S41,True,18,1.3712,pickup+depot_removal,,,,,,,,,,,,,,,,,,,,,,,,,,,,,,,,,,,,,,,,,,,,,,,,,,,,
42,26,11,20,S41,False,15,3,18,0,0,3,0,0,0,[],9.0,S40,4.79,15,3,18,0.0,,-0.216261,-5.142064,-5.358325,True,True,144,S40,True,36,5.8278,do_nothing+onsite,,,,,,,,,,,,,,,,,,,,,,,,,,,,,,,,,,,,,,,,,,,,,,,,,,,,
42,26,11,33,S40,False,15,3,18,11,0,0,0,0,0,"['B64', 'B503', 'B288', 'B747', 'B7', 'B481', 'B517', 'B65', 'B341', 'B75', 'B261']",5.5,S62,0.73,4,3,7,0.0,,-0.137113,-5.139807,-5.27692,True,False,36,S15,True,12,1.3188,delivery,,,,,,,,,,,,,,,,,,,,,,,,,,,,,,,,,,,,,,,,,,,,,,,,,,,,
42,26,11,40,S62,False,4,3,7,0,13,0,0,0,0,"['B752', 'B649', 'B529', 'B491', 'B35', 'B461', 'B477', 'B170', 'B598', 'B508', 'B756', 'B724', 'B729']",6.5,S38,4.41,17,3,20,0.0,,-0.09747,-5.166753,-5.264223,False,False,18,S38,True,10,0.6232,pickup,,,,,,,,,,,,,,,,,,,,,,,,,,,,,,,,,,,,,,,,,,,,,,,,,,,,
42,26,11,50,S38,False,17,3,20,13,0,0,0,0,0,"['B124', 'B612', 'B195', 'B209', 'B752', 'B649', 'B529', 'B491', 'B35', 'B461', 'B477', 'B170', 'B598']",6.5,S37,1.93,4,3,7,0.0,,-0.216458,-5.115438,-5.331896,False,False,18,S41,True,12,0.6387,delivery,,,,,,,,,,,,,,,,,,,,,,,,,,,,,,,,,,,,,,,,,,,,,,,,,,,,
42,26,11,59,S37,False,4,3,7,0,13,0,0,0,0,"['B562', 'B171', 'B252', 'B758', 'B648', 'B715', 'B693', 'B84', 'B728', 'B129', 'B378', 'B214', 'B736']",6.5,S8,15.46,17,3,20,0.0,,-0.137761,-5.131802,-5.269562,True,False,24,S8,False,14,0.9543,pickup,,,,,,,,,,,,,,,,,,,,,,,,,,,,,,,,,,,,,,,,,,,,,,,,,,,,
42,26,12,21,S8,False,17,3,20,0,0,0,0,0,0,[],0.0,S21,2.92,17,3,20,0.0,,-0.215358,-5.221399,-5.436758,True,False,84,S2,True,1,2.6156,do_nothing,,,,,,,,,,,,,,,,,,,,,,,,,,,,,,,,,,,,,,,,,,,,,,,,,,,,
42,26,12,24,S21,False,17,3,20,6,0,0,0,0,0,"['B508', 'B756', 'B724', 'B729', 'B562', 'B171']",3.0,S2,15.24,11,3,14,0.0,,-0.255158,-5.229325,-5.484483,True,False,36,S2,False,27,1.1964,delivery,,,,,,,,,,,,,,,,,,,,,,,,,,,,,,,,,,,,,,,,,,,,,,,,,,,,
42,26,12,42,S2,False,11,3,14,0,0,0,1,0,0,['B47'],0.5,S64,5.04,11,4,15,0.0,,-0.648677,-5.288716,-5.937393,True,True,24,S43,True,10,1.1726,do_nothing+depot_removal,,,,,,,,,,,,,,,,,,,,,,,,,,,,,,,,,,,,,,,,,,,,,,,,,,,,
42,26,12,48,S64,False,11,4,15,0,0,0,0,0,0,[],0.0,S44,3.2,11,4,15,0.0,,-0.807205,-5.285836,-6.093041,True,False,36,S44,True,3,1.2844,do_nothing,,,,,,,,,,,,,,,,,,,,,,,,,,,,,,,,,,,,,,,,,,,,,,,,,,,,
42,26,12,51,S44,False,11,4,15,11,0,0,0,0,0,"['B252', 'B758', 'B648', 'B715', 'B693', 'B84', 'B728', 'B129', 'B378', 'B214', 'B736']",5.5,S63,0.47,0,4,4,0.0,,-0.610974,-5.254586,-5.86556,False,False,12,S63,False,6,0.5432,delivery,,,,,,,,,,,,,,,,,,,,,,,,,,,,,,,,,,,,,,,,,,,,,,,,,,,,
42,26,12,57,S63,False,0,4,4,0,15,0,0,0,0,"['B523', 'B591', 'B322', 'B766', 'B44', 'B672', 'B570', 'B286', 'B181', 'B66', 'B150', 'B722', 'B350', 'B422', 'B700']",7.5,S15,5.25,15,4,19,0.0,,-0.452746,-5.26254,-5.715286,False,False,18,S31,True,6,0.8666,pickup,,,,,,,,,,,,,,,,,,,,,,,,,,,,,,,,,,,,,,,,,,,,,,,,,,,,
42,26,13,10,S15,False,15,4,19,15,0,0,0,0,0,"['B523', 'B591', 'B322', 'B766', 'B44', 'B672', 'B570', 'B286', 'B181', 'B66', 'B150', 'B722', 'B350', 'B422', 'B700']",7.5,S55,4.77,0,4,4,0.0,,-0.591512,-5.182583,-5.774095,False,False,12,S54,True,6,0.5093,delivery,,,,,,,,,,,,,,,,,,,,,,,,,,,,,,,,,,,,,,,,,,,,,,,,,,,,
42,26,13,22,S55,False,0,4,4,0,16,0,0,0,0,"['B197', 'B130', 'B17', 'B660', 'B143', 'B496', 'B469', 'B558', 'B233', 'B468', 'B138', 'B9', 'B34', 'B291', 'B483', 'B549']",8.0,S14,5.47,16,4,20,0.0,,-0.609883,-5.202082,-5.811965,True,False,60,S28,True,28,2.3498,pickup,,,,,,,,,,,,,,,,,,,,,,,,,,,,,,,,,,,,,,,,,,,,,,,,,,,,
42,26,13,35,S14,False,16,4,20,7,0,0,0,0,0,"['B197', 'B130', 'B17', 'B660', 'B143', 'B496', 'B469']",3.5,S54,4.84,9,4,13,0.0,,-0.808365,-5.19725,-6.005615,False,False,18,S28,True,12,0.6507,delivery,,,,,,,,,,,,,,,,,,,,,,,,,,,,,,,,,,,,,,,,,,,,,,,,,,,,
42,26,13,44,S54,False,9,4,13,0,7,0,0,0,0,"['B714', 'B354', 'B69', 'B621', 'B616', 'B19', 'B682']",3.5,S66,5.58,16,4,20,0.0,,-0.886616,-5.180378,-6.066995,False,False,12,S66,False,6,0.3708,pickup,,,,,,,,,,,,,,,,,,,,,,,,,,,,,,,,,,,,,,,,,,,,,,,,,,,,
42,26,13,53,S66,False,16,4,20,13,0,0,0,0,0,"['B558', 'B233', 'B468', 'B138', 'B9', 'B34', 'B291', 'B483', 'B549', 'B714', 'B354', 'B69', 'B621']",6.5,S65,3.09,3,4,7,0.0,,-0.453443,-5.157522,-5.610965,True,False,30,S28,True,18,1.5181,delivery,,,,,,,,,,,,,,,,,,,,,,,,,,,,,,,,,,,,,,,,,,,,,,,,,,,,
42,26,14,2,S65,False,3,4,7,0,6,0,3,0,0,"['B144', 'B404', 'B511', 'B346', 'B738', 'B325', 'B293', 'B628', 'B573']",4.5,S16,7.14,9,7,16,0.0,,-0.256306,-5.1732,-5.429506,True,True,72,S10,True,46,2.3002,pickup+depot_removal,,,,,,,,,,,,,,,,,,,,,,,,,,,,,,,,,,,,,,,,,,,,,,,,,,,,
42,26,14,14,S16,False,9,7,16,9,0,0,0,0,0,"['B616', 'B19', 'B682', 'B144', 'B404', 'B511', 'B346', 'B738', 'B325']",4.5,S53,1.73,0,7,7,0.0,,-0.372745,-5.121866,-5.494611,False,False,12,S10,True,7,0.5464,delivery,,,,,,,,,,,,,,,,,,,,,,,,,,,,,,,,,,,,,,,,,,,,,,,,,,,,
42,26,14,20,S53,False,0,7,7,0,10,0,0,0,0,"['B319', 'B156', 'B447', 'B554', 'B686', 'B699', 'B499', 'B376', 'B140', 'B57']",5.0,S64,4.65,10,7,17,0.0,,-0.215708,-5.129546,-5.345254,True,False,54,S10,True,37,2.0506,pickup,,,,,,,,,,,,,,,,,,,,,,,,,,,,,,,,,,,,,,,,,,,,,,,,,,,,
42,26,14,30,S64,False,10,7,17,0,0,1,0,0,0,[],3.0,S28,10.22,10,7,17,0.0,,-0.314772,-5.141803,-5.456575,True,True,36,S28,True,7,1.5218,do_nothing+onsite,,,,,,,,,,,,,,,,,,,,,,,,,,,,,,,,,,,,,,,,,,,,,,,,,,,,
42,26,14,43,S28,False,10,7,17,10,0,0,0,0,0,"['B319', 'B156', 'B447', 'B554', 'B686', 'B699', 'B499', 'B376', 'B140', 'B57']",5.0,S13,5.08,0,7,7,0.0,,-0.611632,-5.144626,-5.756258,True,False,36,S10,True,20,1.1049,delivery,,,,,,,,,,,,,,,,,,,,,,,,,,,,,,,,,,,,,,,,,,,,,,,,,,,,
42,26,14,53,S13,False,0,7,7,0,11,0,0,0,0,"['B656', 'B626', 'B331', 'B367', 'B31', 'B430', 'B271', 'B126', 'B707', 'B14', 'B200']",5.5,S5,1.55,11,7,18,0.0,,-0.432213,-5.159369,-5.591582,True,False,30,S10,True,18,1.3758,pickup,,,,,,,,,,,,,,,,,,,,,,,,,,,,,,,,,,,,,,,,,,,,,,,,,,,,
42,26,15,0,S5,False,11,7,18,11,0,1,0,0,0,"['B656', 'B626', 'B331', 'B367', 'B31', 'B430', 'B271', 'B126', 'B707', 'B14', 'B200']",8.5,S31,9.0,0,7,7,0.0,,-0.374792,-5.122081,-5.496873,True,True,24,S32,True,18,1.3378,delivery+onsite,,,,,,,,,,,,,,,,,,,,,,,,,,,,,,,,,,,,,,,,,,,,,,,,,,,,
42,26,15,18,S31,False,0,7,7,0,13,0,0,0,0,"['B237', 'B608', 'B120', 'B187', 'B375', 'B542', 'B48', 'B199', 'B68', 'B29', 'B740', 'B312', 'B273']",6.5,S45,4.28,13,7,20,0.0,,-0.57208,-5.157092,-5.729173,True,False,36,S47,True,33,1.2229,pickup,,,,,,,,,,,,,,,,,,,,,,,,,,,,,,,,,,,,,,,,,,,,,,,,,,,,
42,26,15,28,S45,False,13,7,20,10,0,0,1,0,0,"['B352', 'B237', 'B608', 'B120', 'B187', 'B375', 'B542', 'B48', 'B199', 'B68', 'B29']",5.5,S41,5.49,3,8,11,0.0,,-0.455342,-5.184937,-5.640279,True,True,30,S41,True,13,1.1715,delivery+depot_removal,,,,,,,,,,,,,,,,,,,,,,,,,,,,,,,,,,,,,,,,,,,,,,,,,,,,
42,26,15,39,S41,False,3,8,11,3,0,0,1,0,0,"['B597', 'B740', 'B312', 'B273']",2.0,S54,6.96,0,9,9,0.0,,-0.178614,-5.146474,-5.325087,True,True,24,S54,True,19,0.9055,delivery+depot_removal,,,,,,,,,,,,,,,,,,,,,,,,,,,,,,,,,,,,,,,,,,,,,,,,,,,,
42,26,15,48,S54,False,0,9,9,0,11,0,0,0,0,"['B28', 'B65', 'B723', 'B445', 'B341', 'B588', 'B278', 'B215', 'B553', 'B513', 'B55']",5.5,S41,6.96,11,9,20,0.0,,-0.434371,-5.168291,-5.602662,False,False,12,S50,True,8,0.5334,pickup,,,,,,,,,,,,,,,,,,,,,,,,,,,,,,,,,,,,,,,,,,,,,,,,,,,,
42,26,16,1,S41,False,11,9,20,11,0,0,0,0,0,"['B28', 'B65', 'B723', 'B445', 'B341', 'B588', 'B278', 'B215', 'B553', 'B513', 'B55']",5.5,S10,7.04,0,9,9,0.0,,-0.15799,-5.096596,-5.254586,False,False,12,S62,True,9,0.5603,delivery,,,,,,,,,,,,,,,,,,,,,,,,,,,,,,,,,,,,,,,,,,,,,,,,,,,,
42,26,16,13,S10,False,0,9,9,0,0,0,0,0,0,[],0.0,S42,3.77,0,9,9,0.0,,-0.137664,-5.147703,-5.285368,False,False,18,S62,True,2,0.5789,do_nothing,,,,,,,,,,,,,,,,,,,,,,,,,,,,,,,,,,,,,,,,,,,,,,,,,,,,
42,26,16,17,S42,False,0,9,9,0,10,2,0,0,0,"['B443', 'B669', 'B650', 'B653', 'B84', 'B474', 'B483', 'B411', 'B379', 'B226']",11.0,S63,7.96,10,9,19,0.0,,-0.216358,-5.13457,-5.350928,True,True,54,S62,True,49,1.3624,pickup+onsite,,,,,,,,,,,,,,,,,,,,,,,,,,,,,,,,,,,,,,,,,,,,,,,,,,,,
42,26,16,36,S63,False,10,9,19,10,0,0,0,0,0,"['B443', 'B669', 'B650', 'B653', 'B84', 'B474', 'B483', 'B411', 'B379', 'B226']",5.0,S9,6.89,0,9,9,0.0,,-0.412594,-5.161348,-5.573943,False,False,12,S9,False,10,0.3694,delivery,,,,,,,,,,,,,,,,,,,,,,,,,,,,,,,,,,,,,,,,,,,,,,,,,,,,
42,26,16,48,S9,False,0,9,9,0,8,0,0,0,0,"['B625', 'B305', 'B510', 'B490', 'B676', 'B695', 'B392', 'B765']",4.0,S29,10.63,8,9,17,0.0,,-0.355326,-5.128277,-5.483603,False,False,18,S62,True,12,0.5109,pickup,,,,,,,,,,,,,,,,,,,,,,,,,,,,,,,,,,,,,,,,,,,,,,,,,,,,
42,26,17,3,S29,False,8,9,17,8,0,0,0,0,0,"['B625', 'B305', 'B510', 'B490', 'B676', 'B695', 'B392', 'B765']",4.0,S62,3.79,0,9,9,0.0,,-0.374298,-5.157038,-5.531336,False,False,12,S35,True,6,0.5544,delivery,,,,,,,,,,,,,,,,,,,,,,,,,,,,,,,,,,,,,,,,,,,,,,,,,,,,
42,26,17,10,S62,False,0,9,9,0,11,0,0,0,0,"['B30', 'B431', 'B214', 'B462', 'B605', 'B116', 'B236', 'B620', 'B432', 'B144', 'B683']",5.5,S35,5.61,11,9,20,0.0,,-0.079245,-5.108836,-5.188081,False,False,12,S18,True,7,0.5625,pickup,,,,,,,,,,,,,,,,,,,,,,,,,,,,,,,,,,,,,,,,,,,,,,,,,,,,
42,26,17,22,S35,False,11,9,20,11,0,1,0,0,0,"['B30', 'B431', 'B214', 'B462', 'B605', 'B116', 'B236', 'B620', 'B432', 'B144', 'B683']",8.5,S46,5.93,0,9,9,0.0,,-0.295702,-5.14847,-5.444171,True,True,24,S46,False,18,0.9328,delivery+onsite,,,,,,,,,,,,,,,,,,,,,,,,,,,,,,,,,,,,,,,,,,,,,,,,,,,,
42,26,17,36,S46,False,0,9,9,0,0,0,0,0,0,[],0.0,S66,5.15,0,9,9,0.0,,-0.274584,-5.200155,-5.47474,False,False,12,S43,True,2,0.4962,do_nothing,,,,,,,,,,,,,,,,,,,,,,,,,,,,,,,,,,,,,,,,,,,,,,,,,,,,
42,26,17,41,S66,False,0,9,9,0,0,0,0,0,0,[],0.0,S46,5.15,0,9,9,0.0,,-0.414092,-5.202087,-5.616179,True,False,30,S46,True,1,1.0523,do_nothing,,,,,,,,,,,,,,,,,,,,,,,,,,,,,,,,,,,,,,,,,,,,,,,,,,,,
42,26,17,46,S46,False,0,9,9,0,11,0,0,0,0,"['B568', 'B748', 'B279', 'B167', 'B418', 'B5', 'B754', 'B272', 'B494', 'B473', 'B480']",5.5,S33,2.0,11,9,20,0.0,,-0.197584,-5.219324,-5.416908,False,False,12,S43,True,7,0.5708,pickup,,,,,,,,,,,,,,,,,,,,,,,,,,,,,,,,,,,,,,,,,,,,,,,,,,,,
42,26,17,54,S33,False,11,9,20,11,0,0,0,0,0,"['B568', 'B748', 'B279', 'B167', 'B418', 'B5', 'B754', 'B272', 'B494', 'B473', 'B480']",5.5,S64,3.13,0,9,9,0.0,,-0.197487,-5.192717,-5.390204,True,False,18,S18,True,6,0.5057,delivery,,,,,,,,,,,,,,,,,,,,,,,,,,,,,,,,,,,,,,,,,,,,,,,,,,,,
42,26,18,2,S64,False,0,9,9,0,0,0,0,0,0,[],0.0,S54,6.09,0,9,9,0.0,,-0.176913,-5.088532,-5.265445,False,False,18,S54,False,2,0.7854,do_nothing,,,,,,,,,,,,,,,,,,,,,,,,,,,,,,,,,,,,,,,,,,,,,,,,,,,,
42,26,18,8,S54,False,0,9,9,0,11,0,0,0,0,"['B66', 'B570', 'B372', 'B124', 'B393', 'B296', 'B394', 'B248', 'B401', 'B109', 'B131']",5.5,S50,2.71,11,9,20,0.0,,-0.373643,-5.104592,-5.478236,False,False,12,S50,False,6,0.5107,pickup,,,,,,,,,,,,,,,,,,,,,,,,,,,,,,,,,,,,,,,,,,,,,,,,,,,,
42,26,18,17,S50,False,11,9,20,11,0,0,0,0,0,"['B66', 'B570', 'B372', 'B124', 'B393', 'B296', 'B394', 'B248', 'B401', 'B109', 'B131']",5.5,S53,5.17,0,9,9,0.0,,-0.118193,-5.064344,-5.182537,False,False,12,S43,True,8,0.4082,delivery,,,,,,,,,,,,,,,,,,,,,,,,,,,,,,,,,,,,,,,,,,,,,,,,,,,,
42,26,18,27,S53,False,0,9,9,0,0,0,0,0,0,[],0.0,S66,4.87,0,9,9,0.0,,-0.157642,-5.08454,-5.242182,True,False,36,S66,False,2,1.5983,do_nothing,,,,,,,,,,,,,,,,,,,,,,,,,,,,,,,,,,,,,,,,,,,,,,,,,,,,
42,26,18,32,S66,False,0,9,9,0,11,0,0,0,0,"['B261', 'B487', 'B654', 'B41', 'B186', 'B45', 'B408', 'B446', 'B528', 'B388', 'B21']",5.5,S43,4.56,11,9,20,0.0,,-0.356681,-5.091309,-5.447989,True,False,18,S31,True,13,0.7183,pickup,,,,,,,,,,,,,,,,,,,,,,,,,,,,,,,,,,,,,,,,,,,,,,,,,,,,
42,26,18,42,S43,False,11,9,20,11,0,0,0,0,0,"['B261', 'B487', 'B654', 'B41', 'B186', 'B45', 'B408', 'B446', 'B528', 'B388', 'B21']",5.5,S53,2.08,0,9,9,0.0,,-0.099069,-5.072523,-5.171592,True,False,30,S53,False,6,1.0159,delivery,,,,,,,,,,,,,,,,,,,,,,,,,,,,,,,,,,,,,,,,,,,,,,,,,,,,
42,26,18,50,S53,False,0,9,9,0,11,1,0,0,0,"['B610', 'B503', 'B690', 'B416', 'B243', 'B602', 'B541', 'B403', 'B174', 'B667', 'B90']",8.5,S32,1.73,11,9,20,0.0,,-0.197084,-5.069164,-5.266248,True,True,36,S45,True,28,1.6335,pickup+onsite,,,,,,,,,,,,,,,,,,,,,,,,,,,,,,,,,,,,,,,,,,,,,,,,,,,,
42,26,19,0,S32,False,11,9,20,0,0,0,0,0,0,[],0.0,S51,4.37,11,9,20,0.0,,-0.078595,-5.100239,-5.178834,True,False,84,S51,True,0,2.5575,do_nothing,,,,,,,,,,,,,,,,,,,,,,,,,,,,,,,,,,,,,,,,,,,,,,,,,,,,
42,26,19,4,S51,False,11,9,20,11,0,0,0,0,0,"['B610', 'B503', 'B690', 'B416', 'B243', 'B602', 'B541', 'B403', 'B174', 'B667', 'B90']",5.5,S12,2.02,0,9,9,0.0,,-0.05892,-5.101586,-5.160506,True,False,24,S12,True,12,0.9754,delivery,,,,,,,,,,,,,,,,,,,,,,,,,,,,,,,,,,,,,,,,,,,,,,,,,,,,
42,26,19,12,S12,False,0,9,9,0,11,0,0,0,0,"['B575', 'B310', 'B265', 'B383', 'B576', 'B502', 'B413', 'B134', 'B747', 'B33', 'B406']",5.5,S42,10.97,11,9,20,0.0,,-0.05902,-5.081493,-5.140513,True,False,18,S60,True,16,0.5864,pickup,,,,,,,,,,,,,,,,,,,,,,,,,,,,,,,,,,,,,,,,,,,,,,,,,,,,
42,26,19,28,S42,False,11,9,20,11,0,0,0,0,0,"['B575', 'B310', 'B265', 'B383', 'B576', 'B502', 'B413', 'B134', 'B747', 'B33', 'B406']",5.5,S33,7.31,0,9,9,0.0,,-0.078193,-5.087273,-5.165467,False,False,13,S32,True,10,0.5506,delivery,,,,,,,,,,,,,,,,,,,,,,,,,,,,,,,,,,,,,,,,,,,,,,,,,,,,
42,26,19,41,S33,False,0,9,9,0,0,0,0,0,0,[],0.0,S60,3.7,0,9,9,0.0,,0.0,-5.104514,-5.104514,True,False,9,S60,False,1,0.278,do_nothing,,,,,,,,,,,,,,,,,,,,,,,,,,,,,,,,,,,,,,,,,,,,,,,,,,,,
42,26,19,45,S60,False,0,9,9,0,11,0,0,0,0,"['B680', 'B711', 'B409', 'B736', 'B614', 'B288', 'B357', 'B366', 'B207', 'B100', 'B682']",5.5,D0,1.95,11,9,20,0.0,,-0.019573,-5.116797,-5.13637,False,False,4,D0,False,3,0.1441,pickup,,,,,,,,,,,,,,,,,,,,,,,,,,,,,,,,,,,,,,,,,,,,,,,,,,,,
42,26,19,52,D0,True,11,9,20,0,0,0,0,9,0,"['B111', 'B289', 'B377', 'B47', 'B293', 'B628', 'B573', 'B352', 'B597']",4.5,D0,0.0,11,0,11,0.0,,-0.039446,-5.122225,-5.16167,True,True,1,D0,False,0,0.0425,do_nothing,,,,,,,,,,,,,,,,,,,,,,,,,,,,,,,,,,,,,,,,,,,,,,,,,,,,
42,27,6,12,D0,True,11,0,11,0,0,0,0,0,9,"['B349', 'B196', 'B435', 'B106', 'B512', 'B103', 'B687', 'B622', 'B370']",4.5,S35,3.57,20,0,20,0.0,,-0.217255,-5.203153,-5.420409,True,True,5,S35,False,0,0.2214,load_queue,,,,,,,,,,,,,,,,,,,,,,,,,,,,,,,,,,,,,,,,,,,,,,,,,,,,
42,27,6,35,S35,False,20,0,20,11,0,0,0,0,0,"['B680', 'B711', 'B409', 'B736', 'B614', 'B288', 'B357', 'B366', 'B207', 'B100', 'B682']",5.5,S51,8.32,9,0,9,0.0,,-0.098868,-5.19344,-5.292308,False,False,18,S57,True,7,0.6715,delivery,,,,,,,,,,,,,,,,,,,,,,,,,,,,,,,,,,,,,,,,,,,,,,,,,,,,
42,27,6,49,S51,False,9,0,9,0,11,1,0,0,0,"['B174', 'B667', 'B90', 'B37', 'B360', 'B249', 'B457', 'B239', 'B634', 'B271', 'B592']",8.5,S32,4.37,20,0,20,0.0,,-0.097969,-5.188483,-5.286453,True,True,24,S15,True,18,0.8566,pickup+onsite,,,,,,,,,,,,,,,,,,,,,,,,,,,,,,,,,,,,,,,,,,,,,,,,,,,,
42,27,7,2,S32,False,20,0,20,6,0,0,2,0,0,"['B550', 'B449', 'B349', 'B196', 'B435', 'B106', 'B512', 'B103']",4.0,S19,4.87,14,2,16,0.0,,-0.078244,-5.146899,-5.225143,True,True,84,S22,True,61,2.43,delivery+depot_removal,,,,,,,,,,,,,,,,,,,,,,,,,,,,,,,,,,,,,,,,,,,,,,,,,,,,
42,27,7,11,S19,False,14,2,16,9,0,0,0,0,0,"['B687', 'B622', 'B370', 'B174', 'B667', 'B90', 'B37', 'B360', 'B249']",4.5,S59,6.86,5,2,7,0.0,,-0.098267,-5.134491,-5.232758,False,False,18,S22,True,6,0.5071,delivery,,,,,,,,,,,,,,,,,,,,,,,,,,,,,,,,,,,,,,,,,,,,,,,,,,,,
42,27,7,22,S59,False,5,2,7,0,13,0,0,0,0,"['B389', 'B342', 'B211', 'B651', 'B250', 'B504', 'B118', 'B63', 'B231', 'B373', 'B692', 'B534', 'B423']",6.5,S46,4.24,18,2,20,0.0,,-0.019873,-5.115458,-5.135332,True,False,24,S15,True,20,0.6487,pickup,,,,,,,,,,,,,,,,,,,,,,,,,,,,,,,,,,,,,,,,,,,,,,,,,,,,
42,27,7,33,S46,False,18,2,20,8,0,0,0,0,0,"['B457', 'B239', 'B634', 'B271', 'B592', 'B389', 'B342', 'B211']",4.0,S53,0.87,10,2,12,0.0,,-0.038948,-5.090164,-5.129112,False,False,18,S22,True,6,0.5377,delivery,,,,,,,,,,,,,,,,,,,,,,,,,,,,,,,,,,,,,,,,,,,,,,,,,,,,
42,27,7,38,S53,False,10,2,12,0,8,0,0,0,0,"['B524', 'B758', 'B8', 'B507', 'B58', 'B129', 'B566', 'B764']",4.0,S22,9.3,18,2,20,0.0,,-0.078493,-5.103517,-5.18201,True,False,24,S22,False,12,0.6972,pickup,,,,,,,,,,,,,,,,,,,,,,,,,,,,,,,,,,,,,,,,,,,,,,,,,,,,
42,27,7,51,S22,False,18,2,20,13,0,0,0,0,0,"['B651', 'B250', 'B504', 'B118', 'B63', 'B231', 'B373', 'B692', 'B534', 'B423', 'B524', 'B758', 'B8']",6.5,S6,5.96,5,2,7,0.0,,-0.019474,-5.089552,-5.109026,False,False,18,S25,True,15,0.6265,delivery,,,,,,,,,,,,,,,,,,,,,,,,,,,,,,,,,,,,,,,,,,,,,,,,,,,,
42,27,8,3,S6,False,5,2,7,0,13,0,0,0,0,"['B92', 'B121', 'B501', 'B745', 'B509', 'B146', 'B98', 'B76', 'B251', 'B427', 'B59', 'B516', 'B763']",6.5,S1,13.27,18,2,20,0.0,,-0.117492,-5.029078,-5.146571,True,False,24,S25,True,19,0.7939,pickup,,,,,,,,,,,,,,,,,,,,,,,,,,,,,,,,,,,,,,,,,,,,,,,,,,,,
42,27,8,23,S1,False,18,2,20,10,0,0,0,0,0,"['B507', 'B58', 'B129', 'B566', 'B764', 'B92', 'B121', 'B501', 'B745', 'B509']",5.0,S59,9.59,8,2,10,0.0,,-0.058972,-5.026863,-5.085836,False,False,18,S25,True,6,1.0214,delivery,,,,,,,,,,,,,,,,,,,,,,,,,,,,,,,,,,,,,,,,,,,,,,,,,,,,
42,27,8,38,S59,False,8,2,10,0,0,0,2,0,0,"['B492', 'B12']",1.0,S64,1.25,8,4,12,0.0,,-0.097817,-5.045002,-5.142819,True,True,24,S25,True,13,0.77,do_nothing+depot_removal,,,,,,,,,,,,,,,,,,,,,,,,,,,,,,,,,,,,,,,,,,,,,,,,,,,,
42,27,8,40,S64,False,8,4,12,0,8,0,0,0,0,"['B6', 'B591', 'B399', 'B72', 'B439', 'B559', 'B749', 'B117']",4.0,S25,10.95,16,4,20,0.0,,-0.11804,-5.03184,-5.14988,False,False,12,S25,False,8,0.5235,pickup,,,,,,,,,,,,,,,,,,,,,,,,,,,,,,,,,,,,,,,,,,,,,,,,,,,,
42,27,8,55,S25,False,16,4,20,10,0,0,0,0,0,"['B146', 'B98', 'B76', 'B251', 'B427', 'B59', 'B516', 'B763', 'B6', 'B591']",5.0,S59,12.03,6,4,10,0.0,,-0.176561,-5.013382,-5.189943,False,False,18,S66,True,7,0.8651,delivery,,,,,,,,,,,,,,,,,,,,,,,,,,,,,,,,,,,,,,,,,,,,,,,,,,,,
42,27,9,12,S59,False,6,4,10,0,8,0,0,0,0,"['B637', 'B718', 'B613', 'B77', 'B767', 'B40', 'B95', 'B2']",4.0,S42,10.56,14,4,18,0.0,,-0.15794,-5.086996,-5.244936,False,False,18,S42,False,10,1.0178,pickup,,,,,,,,,,,,,,,,,,,,,,,,,,,,,,,,,,,,,,,,,,,,,,,,,,,,
42,27,9,26,S42,False,14,4,18,11,0,0,0,0,0,"['B399', 'B72', 'B439', 'B559', 'B749', 'B117', 'B637', 'B718', 'B613', 'B77', 'B767']",5.5,S30,11.07,3,4,7,0.0,,-0.078595,-5.102955,-5.18155,False,False,18,S37,True,8,0.8531,delivery,,,,,,,,,,,,,,,,,,,,,,,,,,,,,,,,,,,,,,,,,,,,,,,,,,,,
42,27,9,43,S30,False,3,4,7,3,0,1,0,0,0,"['B40', 'B95', 'B2']",4.5,S60,1.77,0,4,4,0.0,,-0.137466,-5.09959,-5.237056,True,True,48,S53,True,39,2.666,delivery+onsite,,,,,,,,,,,,,,,,,,,,,,,,,,,,,,,,,,,,,,,,,,,,,,,,,,,,
42,27,9,49,S60,False,0,4,4,0,13,0,0,0,0,"['B472', 'B572', 'B364', 'B353', 'B314', 'B79', 'B582', 'B9', 'B22', 'B220', 'B318', 'B652', 'B234']",6.5,S64,0.95,13,4,17,0.0,,-0.15724,-5.101518,-5.258758,False,False,18,S53,True,7,0.9259,pickup,,,,,,,,,,,,,,,,,,,,,,,,,,,,,,,,,,,,,,,,,,,,,,,,,,,,
42,27,9,57,S64,False,13,4,17,7,0,0,0,0,0,"['B472', 'B572', 'B364', 'B353', 'B314', 'B79', 'B582']",3.5,S66,1.75,6,4,10,0.0,,-0.333602,-5.119553,-5.453155,False,False,18,S66,False,12,0.9989,delivery,,,,,,,,,,,,,,,,,,,,,,,,,,,,,,,,,,,,,,,,,,,,,,,,,,,,
42,27,10,2,S66,False,6,4,10,6,0,0,0,0,0,"['B9', 'B22', 'B220', 'B318', 'B652', 'B234']",3.0,S54,5.58,0,4,4,0.0,,-0.176863,-5.008454,-5.185317,True,False,24,S54,False,13,0.9552,delivery,,,,,,,,,,,,,,,,,,,,,,,,,,,,,,,,,,,,,,,,,,,,,,,,,,,,
42,27,10,11,S54,False,0,4,4,0,9,0,0,0,0,"['B186', 'B141', 'B254', 'B576', 'B549', 'B134', 'B91', 'B75', 'B88']",4.5,S51,6.18,9,4,13,0.0,,-0.137116,-5.004706,-5.141822,False,False,18,S10,True,14,0.6744,pickup,,,,,,,,,,,,,,,,,,,,,,,,,,,,,,,,,,,,,,,,,,,,,,,,,,,,
42,27,10,21,S51,False,9,4,13,0,7,0,0,0,0,"['B421', 'B453', 'B450', 'B371', 'B701', 'B477', 'B644']",3.5,S66,7.67,16,4,20,0.0,,-0.117491,-5.00306,-5.120551,False,False,12,S2,True,7,0.4694,pickup,,,,,,,,,,,,,,,,,,,,,,,,,,,,,,,,,,,,,,,,,,,,,,,,,,,,
42,27,10,32,S66,False,16,4,20,0,0,0,0,0,0,[],0.0,S15,3.2,16,4,20,0.0,,-0.098715,-5.034345,-5.13306,True,False,30,S2,True,4,1.9514,do_nothing,,,,,,,,,,,,,,,,,,,,,,,,,,,,,,,,,,,,,,,,,,,,,,,,,,,,
42,27,10,36,S15,False,16,4,20,11,0,0,0,0,0,"['B186', 'B141', 'B254', 'B576', 'B549', 'B134', 'B91', 'B75', 'B88', 'B421', 'B453']",5.5,S10,3.3,5,4,9,0.0,,-0.079246,-5.026641,-5.105887,False,False,18,S66,True,6,0.5467,delivery,,,,,,,,,,,,,,,,,,,,,,,,,,,,,,,,,,,,,,,,,,,,,,,,,,,,
42,27,10,44,S10,False,5,4,9,0,0,0,0,0,0,[],0.0,S26,4.67,5,4,9,0.0,,-0.11844,-5.033586,-5.152025,False,False,12,S26,True,0,0.5384,do_nothing,,,,,,,,,,,,,,,,,,,,,,,,,,,,,,,,,,,,,,,,,,,,,,,,,,,,
42,27,10,49,S26,False,5,4,9,5,0,0,0,0,0,"['B450', 'B371', 'B701', 'B477', 'B644']",2.5,S10,4.67,0,4,4,0.0,,-0.099118,-5.043677,-5.142795,False,False,12,S10,False,6,0.3613,delivery,,,,,,,,,,,,,,,,,,,,,,,,,,,,,,,,,,,,,,,,,,,,,,,,,,,,
42,27,10,56,S10,False,0,4,4,0,16,0,0,0,0,"['B751', 'B260', 'B564', 'B295', 'B222', 'B721', 'B643', 'B52', 'B569', 'B223', 'B230', 'B123', 'B361', 'B525', 'B732', 'B358']",8.0,S66,5.63,16,4,20,0.0,,-0.137818,-5.034835,-5.172652,False,False,12,S66,False,6,0.6164,pickup,,,,,,,,,,,,,,,,,,,,,,,,,,,,,,,,,,,,,,,,,,,,,,,,,,,,
42,27,11,10,S66,False,16,4,20,12,0,0,1,0,0,"['B467', 'B751', 'B260', 'B564', 'B295', 'B222', 'B721', 'B643', 'B52', 'B569', 'B223', 'B230', 'B123']",6.5,S53,4.87,4,5,9,0.0,,-0.078596,-5.036049,-5.114645,True,True,30,S6,True,14,2.1879,delivery+depot_removal,,,,,,,,,,,,,,,,,,,,,,,,,,,,,,,,,,,,,,,,,,,,,,,,,,,,
42,27,11,21,S53,False,4,5,9,0,11,1,0,0,0,"['B688', 'B48', 'B466', 'B157', 'B11', 'B608', 'B60', 'B192', 'B67', 'B28', 'B334']",8.5,S63,1.49,15,5,20,0.0,,-0.178364,-5.051536,-5.2299,True,True,24,S10,True,21,0.9219,pickup+onsite,,,,,,,,,,,,,,,,,,,,,,,,,,,,,,,,,,,,,,,,,,,,,,,,,,,,
42,27,11,31,S63,False,15,5,20,0,0,0,0,0,0,[],0.0,S61,3.24,15,5,20,0.0,,-0.334503,-5.075056,-5.409559,False,False,18,S6,True,4,0.7386,do_nothing,,,,,,,,,,,,,,,,,,,,,,,,,,,,,,,,,,,,,,,,,,,,,,,,,,,,
42,27,11,34,S61,False,15,5,20,8,0,0,0,0,0,"['B361', 'B525', 'B732', 'B358', 'B688', 'B48', 'B466', 'B157']",4.0,S18,1.44,7,5,12,0.0,,-0.15679,-5.048596,-5.205386,False,False,18,S6,True,10,1.0933,delivery,,,,,,,,,,,,,,,,,,,,,,,,,,,,,,,,,,,,,,,,,,,,,,,,,,,,
42,27,11,40,S18,False,7,5,12,7,0,1,0,0,0,"['B11', 'B608', 'B60', 'B192', 'B67', 'B28', 'B334']",6.5,S21,13.37,0,5,5,0.0,,-0.098218,-4.996006,-5.094224,True,True,72,S6,True,64,4.7285,delivery+onsite,,,,,,,,,,,,,,,,,,,,,,,,,,,,,,,,,,,,,,,,,,,,,,,,,,,,
42,27,12,0,S21,False,0,5,5,0,6,0,0,0,0,"['B533', 'B198', 'B400', 'B201', 'B616', 'B17']",3.0,S16,11.5,6,5,11,0.0,,-0.156541,-5.077166,-5.233707,True,False,36,S55,True,15,1.1228,pickup,,,,,,,,,,,,,,,,,,,,,,,,,,,,,,,,,,,,,,,,,,,,,,,,,,,,
42,27,12,14,S16,False,6,5,11,0,8,0,0,0,0,"['B601', 'B316', 'B519', 'B514', 'B575', 'B383', 'B269', 'B505']",4.0,S54,4.04,14,5,19,0.0,,-0.09742,-5.052147,-5.149567,False,False,18,S2,True,9,0.8364,pickup,,,,,,,,,,,,,,,,,,,,,,,,,,,,,,,,,,,,,,,,,,,,,,,,,,,,
42,27,12,22,S54,False,14,5,19,11,0,0,0,0,0,"['B533', 'B198', 'B400', 'B201', 'B616', 'B17', 'B601', 'B316', 'B519', 'B514', 'B575']",5.5,S2,8.92,3,5,8,0.0,,-0.058621,-5.050699,-5.10932,False,False,18,S2,True,14,0.4875,delivery,,,,,,,,,,,,,,,,,,,,,,,,,,,,,,,,,,,,,,,,,,,,,,,,,,,,
42,27,12,37,S2,False,3,5,8,0,0,0,0,0,0,[],0.0,S22,1.21,3,5,8,0.0,,-0.23608,-5.080052,-5.316132,False,False,12,S55,True,0,0.5738,do_nothing,,,,,,,,,,,,,,,,,,,,,,,,,,,,,,,,,,,,,,,,,,,,,,,,,,,,
42,27,12,38,S22,False,3,5,8,3,0,0,0,0,0,"['B383', 'B269', 'B505']",1.5,S55,10.44,0,5,5,0.0,,-0.078743,-5.056576,-5.135319,False,False,12,S55,False,6,0.5453,delivery,,,,,,,,,,,,,,,,,,,,,,,,,,,,,,,,,,,,,,,,,,,,,,,,,,,,
42,27,12,50,S55,False,0,5,5,0,15,0,0,0,0,"['B626', 'B642', 'B327', 'B753', 'B294', 'B120', 'B193', 'B666', 'B133', 'B639', 'B349', 'B119', 'B296', 'B114', 'B634']",7.5,S13,14.62,15,5,20,0.0,,-0.157534,-5.048692,-5.206226,True,False,36,S13,False,24,1.222,pickup,,,,,,,,,,,,,,,,,,,,,,,,,,,,,,,,,,,,,,,,,,,,,,,,,,,,
42,27,13,12,S13,False,15,5,20,14,0,0,0,0,0,"['B626', 'B642', 'B327', 'B753', 'B294', 'B120', 'B193', 'B666', 'B133', 'B639', 'B349', 'B119', 'B296', 'B114']",7.0,S45,12.85,1,5,6,0.0,,-0.256352,-5.096045,-5.352397,True,False,30,S17,True,6,1.0392,delivery,,,,,,,,,,,,,,,,,,,,,,,,,,,,,,,,,,,,,,,,,,,,,,,,,,,,
42,27,13,32,S45,False,1,5,6,0,12,0,0,0,0,"['B599', 'B406', 'B478', 'B83', 'B93', 'B104', 'B80', 'B137', 'B116', 'B430', 'B486', 'B101']",6.0,S35,5.53,13,5,18,0.0,,-0.314979,-5.103874,-5.418853,True,False,24,S37,True,12,1.0637,pickup,,,,,,,,,,,,,,,,,,,,,,,,,,,,,,,,,,,,,,,,,,,,,,,,,,,,
42,27,13,43,S35,False,13,5,18,13,0,0,0,0,0,"['B634', 'B599', 'B406', 'B478', 'B83', 'B93', 'B104', 'B80', 'B137', 'B116', 'B430', 'B486', 'B101']",6.5,S37,7.89,0,5,5,0.0,,-0.294955,-5.112308,-5.407263,False,False,12,S40,True,7,0.659,delivery,,,,,,,,,,,,,,,,,,,,,,,,,,,,,,,,,,,,,,,,,,,,,,,,,,,,
42,27,13,58,S37,False,0,5,5,0,15,0,0,0,0,"['B476', 'B538', 'B335', 'B34', 'B534', 'B524', 'B423', 'B189', 'B366', 'B213', 'B311', 'B207', 'B234', 'B102', 'B110']",7.5,S62,2.6,15,5,20,0.0,,-0.17726,-5.096826,-5.274086,True,False,24,S58,True,15,1.4578,pickup,,,,,,,,,,,,,,,,,,,,,,,,,,,,,,,,,,,,,,,,,,,,,,,,,,,,
42,27,14,8,S62,False,15,5,20,11,0,0,1,0,0,"['B142', 'B476', 'B538', 'B335', 'B34', 'B534', 'B524', 'B423', 'B189', 'B366', 'B213', 'B311']",6.0,S40,0.73,4,6,10,0.0,,-0.158188,-5.046282,-5.20447,True,True,30,S26,True,12,1.4065,delivery+depot_removal,,,,,,,,,,,,,,,,,,,,,,,,,,,,,,,,,,,,,,,,,,,,,,,,,,,,
42,27,14,15,S40,False,4,6,10,0,8,0,0,0,0,"['B229', 'B413', 'B171', 'B410', 'B210', 'B398', 'B698', 'B539']",4.0,S22,7.68,12,6,18,0.0,,-0.177164,-5.056103,-5.233267,True,False,30,S22,False,13,1.3961,pickup,,,,,,,,,,,,,,,,,,,,,,,,,,,,,,,,,,,,,,,,,,,,,,,,,,,,
42,27,14,26,S22,False,12,6,18,12,0,0,0,0,0,"['B207', 'B234', 'B102', 'B110', 'B229', 'B413', 'B171', 'B410', 'B210', 'B398', 'B698', 'B539']",6.0,S65,1.36,0,6,6,0.0,,-0.196538,-5.066762,-5.2633,False,False,12,S65,False,6,0.8041,delivery,,,,,,,,,,,,,,,,,,,,,,,,,,,,,,,,,,,,,,,,,,,,,,,,,,,,
42,27,14,34,S65,False,0,6,6,0,13,1,1,0,0,"['B68', 'B1', 'B217', 'B719', 'B498', 'B288', 'B318', 'B7', 'B40', 'B694', 'B63', 'B186', 'B241', 'B469']",10.0,S26,6.43,13,7,20,0.0,,-0.137468,-5.055345,-5.192812,True,True,72,S26,True,42,4.32,pickup+maintenance,,,,,,,,,,,,,,,,,,,,,,,,,,,,,,,,,,,,,,,,,,,,,,,,,,,,
42,27,14,50,S26,False,13,7,20,0,0,0,0,0,0,[],0.0,S38,9.12,13,7,20,0.0,,-0.236334,-5.088081,-5.324415,False,False,12,S38,False,2,0.6806,do_nothing,,,,,,,,,,,,,,,,,,,,,,,,,,,,,,,,,,,,,,,,,,,,,,,,,,,,
42,27,14,59,S38,False,13,7,20,10,0,0,0,0,0,"['B68', 'B1', 'B217', 'B719', 'B498', 'B288', 'B318', 'B7', 'B40', 'B694']",5.0,S58,1.38,3,7,10,0.0,,-0.276026,-5.107559,-5.383586,False,False,18,S26,True,6,1.165,delivery,,,,,,,,,,,,,,,,,,,,,,,,,,,,,,,,,,,,,,,,,,,,,,,,,,,,
42,27,15,6,S58,False,3,7,10,0,0,2,0,0,0,[],6.0,S26,8.46,3,7,10,0.0,,-0.196483,-5.117511,-5.313994,True,True,108,S47,True,36,4.5457,do_nothing+onsite,,,,,,,,,,,,,,,,,,,,,,,,,,,,,,,,,,,,,,,,,,,,,,,,,,,,
42,27,15,20,S26,False,3,7,10,3,0,0,0,0,0,"['B63', 'B186', 'B241']",1.5,S41,6.65,0,7,7,0.0,,-0.137613,-5.093145,-5.230757,False,False,12,S41,False,8,0.6043,delivery,,,,,,,,,,,,,,,,,,,,,,,,,,,,,,,,,,,,,,,,,,,,,,,,,,,,
42,27,15,28,S41,False,0,7,7,0,13,0,0,0,0,"['B184', 'B468', 'B713', 'B548', 'B630', 'B317', 'B362', 'B204', 'B568', 'B400', 'B390', 'B17', 'B491']",6.5,S26,6.65,13,7,20,0.0,,-0.255554,-5.100539,-5.356093,False,False,12,S31,True,7,0.5757,pickup,,,,,,,,,,,,,,,,,,,,,,,,,,,,,,,,,,,,,,,,,,,,,,,,,,,,
42,27,15,41,S26,False,13,7,20,13,0,0,0,0,0,"['B184', 'B468', 'B713', 'B548', 'B630', 'B317', 'B362', 'B204', 'B568', 'B400', 'B390', 'B17', 'B491']",6.5,S54,5.73,0,7,7,0.0,,-0.255103,-5.085701,-5.340804,False,False,12,S58,True,6,0.5345,delivery,,,,,,,,,,,,,,,,,,,,,,,,,,,,,,,,,,,,,,,,,,,,,,,,,,,,
42,27,15,54,S54,False,0,7,7,0,13,0,0,0,0,"['B264', 'B29', 'B212', 'B643', 'B316', 'B0', 'B406', 'B178', 'B625', 'B341', 'B661', 'B130', 'B160']",6.5,S58,5.62,13,7,20,0.0,,-0.355374,-5.096681,-5.452055,False,False,12,S57,True,9,0.7305,pickup,,,,,,,,,,,,,,,,,,,,,,,,,,,,,,,,,,,,,,,,,,,,,,,,,,,,
42,27,16,6,S58,False,13,7,20,13,0,0,0,0,0,"['B264', 'B29', 'B212', 'B643', 'B316', 'B0', 'B406', 'B178', 'B625', 'B341', 'B661', 'B130', 'B160']",6.5,S51,4.51,0,7,7,0.0,,-0.236777,-5.061558,-5.298335,True,False,24,S37,True,8,0.7996,delivery,,,,,,,,,,,,,,,,,,,,,,,,,,,,,,,,,,,,,,,,,,,,,,,,,,,,
42,27,16,17,S51,False,0,7,7,0,9,1,0,0,0,"['B532', 'B199', 'B553', 'B514', 'B55', 'B310', 'B61', 'B164', 'B222']",7.5,S6,15.81,9,7,16,0.0,,-0.09822,-5.042825,-5.141045,True,True,36,S37,True,31,1.8523,pickup+onsite,,,,,,,,,,,,,,,,,,,,,,,,,,,,,,,,,,,,,,,,,,,,,,,,,,,,
42,27,16,40,S6,False,9,7,16,0,0,0,0,0,0,[],0.0,S17,5.44,9,7,16,0.0,,-0.019823,-5.075781,-5.095604,True,False,36,S53,True,0,1.5501,do_nothing,,,,,,,,,,,,,,,,,,,,,,,,,,,,,,,,,,,,,,,,,,,,,,,,,,,,
42,27,16,45,S17,False,9,7,16,9,0,0,0,0,0,"['B532', 'B199', 'B553', 'B514', 'B55', 'B310', 'B61', 'B164', 'B222']",4.5,S53,9.29,0,7,7,0.0,,0.0,-5.073399,-5.073399,False,False,12,S53,False,10,0.5313,delivery,,,,,,,,,,,,,,,,,,,,,,,,,,,,,,,,,,,,,,,,,,,,,,,,,,,,
42,27,16,59,S53,False,0,7,7,0,11,0,0,0,0,"['B107', 'B691', 'B89', 'B510', 'B285', 'B431', 'B659', 'B699', 'B32', 'B434', 'B436']",5.5,S62,2.18,11,7,18,0.0,,0.0,-5.061952,-5.061952,False,False,18,S37,True,16,0.7823,pickup,,,,,,,,,,,,,,,,,,,,,,,,,,,,,,,,,,,,,,,,,,,,,,,,,,,,
42,27,17,7,S62,False,11,7,18,0,0,0,0,0,0,[],0.0,S35,5.61,11,7,18,0.0,,-0.099068,-4.950548,-5.049616,False,False,18,S35,True,1,0.6464,do_nothing,,,,,,,,,,,,,,,,,,,,,,,,,,,,,,,,,,,,,,,,,,,,,,,,,,,,
42,27,17,13,S35,False,11,7,18,11,0,0,0,0,0,"['B107', 'B691', 'B89', 'B510', 'B285', 'B431', 'B659', 'B699', 'B32', 'B434', 'B436']",5.5,S37,7.89,0,7,7,0.0,,0.0,-4.931171,-4.931171,False,False,12,S57,True,6,0.6126,delivery,,,,,,,,,,,,,,,,,,,,,,,,,,,,,,,,,,,,,,,,,,,,,,,,,,,,
42,27,17,26,S37,False,0,7,7,0,13,0,0,0,0,"['B536', 'B429', 'B598', 'B549', 'B446', 'B176', 'B140', 'B482', 'B637', 'B149', 'B599', 'B369', 'B38']",6.5,S15,4.99,13,7,20,0.0,,-0.039647,-4.943301,-4.982948,True,False,24,S38,True,14,0.7312,pickup,,,,,,,,,,,,,,,,,,,,,,,,,,,,,,,,,,,,,,,,,,,,,,,,,,,,
42,27,17,37,S15,False,13,7,20,13,0,0,0,0,0,"['B536', 'B429', 'B598', 'B549', 'B446', 'B176', 'B140', 'B482', 'B637', 'B149', 'B599', 'B369', 'B38']",6.5,S66,3.2,0,7,7,0.0,,0.0,-4.932005,-4.932005,False,False,12,S6,True,9,0.3326,delivery,,,,,,,,,,,,,,,,,,,,,,,,,,,,,,,,,,,,,,,,,,,,,,,,,,,,
42,27,17,47,S66,False,0,7,7,0,13,0,0,0,0,"['B596', 'B685', 'B203', 'B137', 'B177', 'B511', 'B351', 'B361', 'B350', 'B513', 'B100', 'B312', 'B564']",6.5,S45,4.34,13,7,20,0.0,,-0.039246,-4.9521,-4.991346,False,False,18,S20,True,8,0.8057,pickup,,,,,,,,,,,,,,,,,,,,,,,,,,,,,,,,,,,,,,,,,,,,,,,,,,,,
42,27,17,58,S45,False,13,7,20,11,0,0,1,0,0,"['B730', 'B596', 'B685', 'B203', 'B137', 'B177', 'B511', 'B351', 'B361', 'B350', 'B513', 'B100']",6.0,S20,11.7,2,8,10,0.0,,0.0,-4.969115,-4.969115,True,True,18,S38,True,14,0.5643,delivery+depot_removal,,,,,,,,,,,,,,,,,,,,,,,,,,,,,,,,,,,,,,,,,,,,,,,,,,,,
42,27,18,16,S20,False,2,8,10,0,10,0,0,0,0,"['B557', 'B545', 'B302', 'B81', 'B329', 'B681', 'B677', 'B635', 'B499', 'B376']",5.0,S54,12.09,12,8,20,0.0,,-0.078544,-5.122427,-5.200971,False,False,18,S10,True,12,1.0433,pickup,,,,,,,,,,,,,,,,,,,,,,,,,,,,,,,,,,,,,,,,,,,,,,,,,,,,
42,27,18,33,S54,False,12,8,20,12,0,0,0,0,0,"['B312', 'B564', 'B557', 'B545', 'B302', 'B81', 'B329', 'B681', 'B677', 'B635', 'B499', 'B376']",6.0,S23,10.66,0,8,8,0.0,,-0.117794,-5.15381,-5.271604,False,False,12,S23,False,6,0.5253,delivery,,,,,,,,,,,,,,,,,,,,,,,,,,,,,,,,,,,,,,,,,,,,,,,,,,,,
42,27,18,49,S23,False,0,8,8,0,12,0,0,0,0,"['B163', 'B617', 'B479', 'B319', 'B746', 'B213', 'B346', 'B162', 'B423', 'B66', 'B504', 'B620']",6.0,S57,13.18,12,8,20,0.0,,-0.15819,-5.135839,-5.294029,False,False,12,S27,True,7,0.5506,pickup,,,,,,,,,,,,,,,,,,,,,,,,,,,,,,,,,,,,,,,,,,,,,,,,,,,,
42,27,19,9,S57,False,12,8,20,12,0,0,0,0,0,"['B163', 'B617', 'B479', 'B319', 'B746', 'B213', 'B346', 'B162', 'B423', 'B66', 'B504', 'B620']",6.0,S1,0.66,0,8,8,0.0,,-0.039298,-5.106926,-5.146224,True,False,60,S27,True,12,2.0566,delivery,,,,,,,,,,,,,,,,,,,,,,,,,,,,,,,,,,,,,,,,,,,,,,,,,,,,
42,27,19,15,S1,False,0,8,8,0,12,0,0,0,0,"['B566', 'B764', 'B92', 'B121', 'B501', 'B745', 'B509', 'B706', 'B507', 'B503', 'B650', 'B235']",6.0,S27,7.34,12,8,20,0.0,,-0.078945,-5.090922,-5.169867,False,False,12,S27,False,6,0.5102,pickup,,,,,,,,,,,,,,,,,,,,,,,,,,,,,,,,,,,,,,,,,,,,,,,,,,,,
42,27,19,29,S27,False,12,8,20,12,0,0,0,0,0,"['B566', 'B764', 'B92', 'B121', 'B501', 'B745', 'B509', 'B706', 'B507', 'B503', 'B650', 'B235']",6.0,S32,5.96,0,8,8,0.0,,-0.058771,-5.08177,-5.14054,True,False,18,S32,False,6,0.6787,delivery,,,,,,,,,,,,,,,,,,,,,,,,,,,,,,,,,,,,,,,,,,,,,,,,,,,,
42,27,19,41,S32,False,0,8,8,0,0,0,0,0,0,[],0.0,S36,2.69,0,8,8,0.0,,-0.078692,-5.075229,-5.15392,True,False,24,S46,True,1,0.8142,do_nothing,,,,,,,,,,,,,,,,,,,,,,,,,,,,,,,,,,,,,,,,,,,,,,,,,,,,
42,27,19,43,S36,False,0,8,8,0,0,0,0,0,0,[],0.0,S46,2.35,0,8,8,0.0,,-0.078094,-5.091404,-5.169498,True,False,10,S46,False,1,0.3722,do_nothing,,,,,,,,,,,,,,,,,,,,,,,,,,,,,,,,,,,,,,,,,,,,,,,,,,,,
42,27,19,46,S46,False,0,8,8,0,0,0,0,0,0,[],0.0,S53,0.87,0,8,8,0.0,,-0.118593,-5.104877,-5.22347,False,False,4,D0,True,1,0.1218,do_nothing,,,,,,,,,,,,,,,,,,,,,,,,,,,,,,,,,,,,,,,,,,,,,,,,,,,,
42,27,19,46,S53,False,0,8,8,0,0,0,0,0,0,[],0.0,S46,0.87,0,8,8,0.0,,-0.117544,-5.08564,-5.203183,False,False,5,S46,False,0,0.1439,do_nothing,,,,,,,,,,,,,,,,,,,,,,,,,,,,,,,,,,,,,,,,,,,,,,,,,,,,
42,27,19,47,S46,False,0,8,8,0,12,0,0,0,0,"['B246', 'B496', 'B43', 'B270', 'B96', 'B325', 'B372', 'B271', 'B682', 'B328', 'B684', 'B674']",6.0,D0,2.11,12,8,20,0.0,,-0.079495,-5.107727,-5.187222,False,False,2,D0,False,1,0.066,pickup,,,,,,,,,,,,,,,,,,,,,,,,,,,,,,,,,,,,,,,,,,,,,,,,,,,,
42,27,19,55,D0,True,12,8,20,0,0,0,0,8,8,"['B238', 'B355', 'B111', 'B289', 'B377', 'B47', 'B293', 'B628', 'B550', 'B449', 'B492', 'B12', 'B467', 'B142', 'B469', 'B730']",8.0,D0,0.0,20,0,20,0.0,,-0.038948,-5.119622,-5.15857,True,True,1,D0,False,0,0.0377,do_nothing,,,,,,,,,,,,,,,,,,,,,,,,,,,,,,,,,,,,,,,,,,,,,,,,,,,,
