seed,day,hour,minute,current_station_id,is_at_depot,functional_load_before,depot_load_before,total_load_before,functional_deliveries,functional_pickups,onsite_repairs,depot_pickups,depot_deliveries,load_from_queue,bikes_involved,action_duration_min,next_station_id,travel_time_min,functional_load_after,depot_load_after,total_load_after,immediate_reward,vfa_value,accumulated_rollout_reward,tail_value,final_decision_score,maintenance_flag_present,selected_action_is_maintenance,n_total_candidates,vfa_top1_next_station,rollout_changed_decision,winning_candidate_rank,decision_runtime_s,winning_profile_type,phi_rebalancing_imbalance,phi_squared_starvation_penalty,phi_squared_congestion_penalty,phi_starvation_severity_max,phi_congestion_severity_max,phi_starvation_count,phi_congestion_count,phi_gross_starvation_risk,phi_gross_congestion_risk,phi_net_starvation_shortfall,phi_net_congestion_shortfall,phi_trailer_cannibalization,phi_global_onsite_backlog,phi_global_depot_backlog,phi_demand_weighted_depot_backlog,phi_demand_weighted_onsite_backlog,phi_fleet_broken_fraction,phi_depot_idle_fraction,phi_recoverable_starvation,phi_maintenance_urgency,phi_rush_hour_onsite_backlog,phi_fleet_failure_risk,phi_fleet_health_deficit,phi_fleet_low_health_fraction,phi_depot_bound_health_deficit,phi_onsite_health_deficit,phi_maintenance_restoration_value,phi_onsite_shortage_pressure,phi_depot_shortage_pressure,phi_current_station_onsite_shortage_pressure,phi_current_station_depot_shortage_pressure,phi_broken_cargo_distance_pressure,phi_late_broken_cargo_pressure,phi_repaired_idle_away_pressure,phi_depot_pipeline_pressure,phi_depot_queue_pickup_opportunity,phi_degradation_demand_exposure,phi_destination_starv_ratio,phi_destination_cong_ratio,phi_destination_onsite_fraction,phi_destination_depot_fraction,phi_destination_travel_penalty,phi_destination_roi_starvation,phi_cur_station_onsite_fraction,phi_cur_station_func_deficit,phi_functional_load_late_pressure,phi_depot_load_late_pressure,phi_non_depot_late_load_pressure,phi_late_depot_return,phi_depot_slack_fraction,phi_can_return_to_depot,phi_depot_return_urgency
50,7,6,0,D0,True,20,0,20,0,0,0,0,0,0,[],0.0,S27,1.1,20,0,20,0.0,,-2.546688,-14.042283,-16.588971,True,True,1,S27,False,0,0.0513,depot_passthrough,,,,,,,,,,,,,,,,,,,,,,,,,,,,,,,,,,,,,,,,,,,,,,,,,,,,
50,7,6,16,S27,False,20,0,20,18,0,0,0,0,0,"['B206', 'B695', 'B73', 'B424', 'B359', 'B247', 'B423', 'B537', 'B132', 'B200', 'B625', 'B746', 'B111', 'B275', 'B413', 'B415', 'B544', 'B595']",9.0,S59,4.6,2,0,2,0.0,,-2.511806,-13.790045,-16.301852,False,False,6,S59,False,2,0.2309,delivery,,,,,,,,,,,,,,,,,,,,,,,,,,,,,,,,,,,,,,,,,,,,,,,,,,,,
50,7,6,29,S59,False,2,0,2,0,18,0,0,0,0,"['B649', 'B285', 'B462', 'B621', 'B428', 'B708', 'B598', 'B601', 'B368', 'B309', 'B136', 'B203', 'B64', 'B122', 'B245', 'B603', 'B589', 'B251']",9.0,S66,2.96,20,0,20,0.0,,-2.023737,-13.867224,-15.890961,False,False,6,S66,True,2,0.2295,pickup,,,,,,,,,,,,,,,,,,,,,,,,,,,,,,,,,,,,,,,,,,,,,,,,,,,,
50,7,6,41,S66,False,20,0,20,17,0,0,0,0,0,"['B63', 'B433', 'B649', 'B285', 'B462', 'B621', 'B428', 'B708', 'B598', 'B601', 'B368', 'B309', 'B136', 'B203', 'B64', 'B122', 'B245']",8.5,S37,3.07,3,0,3,0.0,,-1.280312,-13.414719,-14.695031,False,False,6,S37,False,2,0.3308,delivery,,,,,,,,,,,,,,,,,,,,,,,,,,,,,,,,,,,,,,,,,,,,,,,,,,,,
50,7,6,53,S37,False,3,0,3,0,17,0,0,0,0,"['B20', 'B324', 'B402', 'B720', 'B476', 'B450', 'B184', 'B446', 'B453', 'B688', 'B95', 'B557', 'B123', 'B252', 'B93', 'B395', 'B464']",8.5,S51,4.67,20,0,20,0.0,,-1.538266,-13.368798,-14.907063,False,False,4,S51,False,2,0.1465,pickup,,,,,,,,,,,,,,,,,,,,,,,,,,,,,,,,,,,,,,,,,,,,,,,,,,,,
50,7,7,6,S51,False,20,0,20,12,0,0,0,0,0,"['B603', 'B589', 'B251', 'B20', 'B324', 'B402', 'B720', 'B476', 'B450', 'B184', 'B446', 'B453']",6.0,S38,5.47,8,0,8,0.0,,-1.013626,-13.369969,-14.383595,False,False,6,S26,True,2,0.2309,delivery,,,,,,,,,,,,,,,,,,,,,,,,,,,,,,,,,,,,,,,,,,,,,,,,,,,,
50,7,7,18,S38,False,8,0,8,0,12,0,0,0,0,"['B333', 'B552', 'B520', 'B74', 'B42', 'B124', 'B208', 'B332', 'B442', 'B261', 'B194', 'B541']",6.0,S26,9.12,20,0,20,0.0,,-0.886335,-13.315671,-14.202007,True,False,6,S26,False,4,0.208,pickup,,,,,,,,,,,,,,,,,,,,,,,,,,,,,,,,,,,,,,,,,,,,,,,,,,,,
50,7,7,33,S26,False,20,0,20,20,0,0,0,0,0,"['B688', 'B95', 'B557', 'B123', 'B252', 'B93', 'B395', 'B464', 'B333', 'B552', 'B520', 'B74', 'B42', 'B124', 'B208', 'B332', 'B442', 'B261', 'B194', 'B541']",10.0,S3,8.28,0,0,0,0.0,,-1.335456,-13.299572,-14.635029,False,False,4,S3,False,2,0.1429,delivery,,,,,,,,,,,,,,,,,,,,,,,,,,,,,,,,,,,,,,,,,,,,,,,,,,,,
50,7,7,51,S3,False,0,0,0,0,18,0,0,0,0,"['B432', 'B317', 'B142', 'B176', 'B119', 'B67', 'B318', 'B381', 'B259', 'B69', 'B329', 'B760', 'B490', 'B404', 'B685', 'B447', 'B204', 'B321']",9.0,S40,4.17,18,0,18,0.0,,-1.407193,-13.482675,-14.889868,False,False,4,S29,True,2,0.157,pickup,,,,,,,,,,,,,,,,,,,,,,,,,,,,,,,,,,,,,,,,,,,,,,,,,,,,
50,7,8,4,S40,False,18,0,18,12,0,0,0,0,0,"['B432', 'B317', 'B142', 'B176', 'B119', 'B67', 'B318', 'B381', 'B259', 'B69', 'B329', 'B760']",6.0,S29,3.08,6,0,6,0.0,,-0.944816,-13.465504,-14.41032,False,False,6,S29,False,2,0.2253,delivery,,,,,,,,,,,,,,,,,,,,,,,,,,,,,,,,,,,,,,,,,,,,,,,,,,,,
50,7,8,13,S29,False,6,0,6,0,0,0,0,0,0,[],0.0,S54,1.43,6,0,6,0.0,,-1.525409,-13.548462,-15.073871,False,False,4,S34,True,0,0.1542,do_nothing,,,,,,,,,,,,,,,,,,,,,,,,,,,,,,,,,,,,,,,,,,,,,,,,,,,,
50,7,8,15,S54,False,6,0,6,0,14,0,0,0,0,"['B383', 'B255', 'B680', 'B78', 'B577', 'B422', 'B280', 'B748', 'B57', 'B437', 'B669', 'B741', 'B466', 'B649']",7.0,S34,2.69,20,0,20,0.0,,-1.175796,-13.309264,-14.48506,False,False,4,S34,False,2,0.1477,pickup,,,,,,,,,,,,,,,,,,,,,,,,,,,,,,,,,,,,,,,,,,,,,,,,,,,,
50,7,8,24,S34,False,20,0,20,12,0,0,0,0,0,"['B490', 'B404', 'B685', 'B447', 'B204', 'B321', 'B383', 'B255', 'B680', 'B78', 'B577', 'B422']",6.0,S29,2.43,8,0,8,0.0,,-1.692021,-13.568473,-15.260495,False,False,6,S29,False,2,0.2176,delivery,,,,,,,,,,,,,,,,,,,,,,,,,,,,,,,,,,,,,,,,,,,,,,,,,,,,
50,7,8,33,S29,False,8,0,8,0,0,0,0,0,0,[],0.0,S57,2.05,8,0,8,0.0,,-1.11049,-13.462833,-14.573323,False,False,6,S15,True,0,0.2263,do_nothing,,,,,,,,,,,,,,,,,,,,,,,,,,,,,,,,,,,,,,,,,,,,,,,,,,,,
50,7,8,35,S57,False,8,0,8,0,12,0,0,0,0,"['B51', 'B46', 'B58', 'B45', 'B430', 'B301', 'B763', 'B501', 'B296', 'B668', 'B43', 'B677']",6.0,S42,1.83,20,0,20,0.0,,-1.102378,-13.414224,-14.516603,False,False,4,S42,False,2,0.1675,pickup,,,,,,,,,,,,,,,,,,,,,,,,,,,,,,,,,,,,,,,,,,,,,,,,,,,,
50,7,8,43,S42,False,20,0,20,8,0,0,0,0,0,"['B280', 'B748', 'B57', 'B437', 'B669', 'B741', 'B466', 'B649']",4.0,S49,11.96,12,0,12,0.0,,-1.072268,-13.382445,-14.454714,False,False,6,S49,False,2,0.268,delivery,,,,,,,,,,,,,,,,,,,,,,,,,,,,,,,,,,,,,,,,,,,,,,,,,,,,
50,7,8,59,S49,False,12,0,12,0,0,0,0,0,0,[],0.0,S63,4.9,12,0,12,0.0,,-1.076195,-13.476571,-14.552766,True,False,8,S60,True,0,0.3079,do_nothing,,,,,,,,,,,,,,,,,,,,,,,,,,,,,,,,,,,,,,,,,,,,,,,,,,,,
50,7,9,4,S63,False,12,0,12,0,8,0,0,0,0,"['B14', 'B727', 'B407', 'B606', 'B254', 'B311', 'B487', 'B427']",4.0,S22,8.69,20,0,20,0.0,,-0.946682,-13.218848,-14.16553,True,False,6,S22,False,4,0.2208,pickup,,,,,,,,,,,,,,,,,,,,,,,,,,,,,,,,,,,,,,,,,,,,,,,,,,,,
50,7,9,16,S22,False,20,0,20,16,0,0,0,0,0,"['B51', 'B46', 'B58', 'B45', 'B430', 'B301', 'B763', 'B501', 'B296', 'B668', 'B43', 'B677', 'B14', 'B727', 'B407', 'B606']",8.0,S9,14.99,4,0,4,0.0,,-1.076762,-13.324318,-14.40108,False,False,6,S9,False,2,0.3278,delivery,,,,,,,,,,,,,,,,,,,,,,,,,,,,,,,,,,,,,,,,,,,,,,,,,,,,
50,7,9,39,S9,False,4,0,4,0,0,0,1,0,0,['B707'],0.5,S19,2.51,4,1,5,0.0,,-1.011273,-13.617925,-14.629198,True,True,16,S19,True,2,0.7534,do_nothing+depot_removal,,,,,,,,,,,,,,,,,,,,,,,,,,,,,,,,,,,,,,,,,,,,,,,,,,,,
50,7,9,42,S19,False,4,1,5,4,0,0,1,0,0,"['B326', 'B254', 'B311', 'B487', 'B427']",2.5,S9,2.51,0,2,2,0.0,,-1.110784,-13.631407,-14.74219,True,True,8,D0,True,6,0.3544,delivery+depot_removal,,,,,,,,,,,,,,,,,,,,,,,,,,,,,,,,,,,,,,,,,,,,,,,,,,,,
50,7,9,47,S9,False,0,2,2,0,10,1,0,0,0,"['B737', 'B240', 'B266', 'B33', 'B355', 'B611', 'B624', 'B626', 'B256', 'B483']",8.0,S35,10.99,10,2,12,0.0,,-0.913407,-13.505466,-14.418873,True,True,8,S35,False,6,0.2867,pickup+onsite,,,,,,,,,,,,,,,,,,,,,,,,,,,,,,,,,,,,,,,,,,,,,,,,,,,,
50,7,10,6,S35,False,10,2,12,0,0,0,0,0,0,[],0.0,S1,0.53,10,2,12,0.0,,-0.685224,-13.799093,-14.484317,False,False,4,S3,True,0,0.1499,do_nothing,,,,,,,,,,,,,,,,,,,,,,,,,,,,,,,,,,,,,,,,,,,,,,,,,,,,
50,7,10,7,S1,False,10,2,12,0,0,0,0,0,0,[],0.0,S10,3.07,10,2,12,0.0,,-0.747872,-13.870051,-14.617924,False,False,4,S3,True,0,0.1495,do_nothing,,,,,,,,,,,,,,,,,,,,,,,,,,,,,,,,,,,,,,,,,,,,,,,,,,,,
50,7,10,10,S10,False,10,2,12,0,8,0,0,0,0,"['B631', 'B409', 'B443', 'B99', 'B100', 'B679', 'B134', 'B690']",4.0,S61,5.09,18,2,20,0.0,,-0.978751,-13.937613,-14.916364,False,False,4,S61,False,2,0.1551,pickup,,,,,,,,,,,,,,,,,,,,,,,,,,,,,,,,,,,,,,,,,,,,,,,,,,,,
50,7,10,19,S61,False,18,2,20,10,0,0,0,0,0,"['B737', 'B240', 'B266', 'B33', 'B355', 'B611', 'B624', 'B626', 'B256', 'B483']",5.0,S63,3.24,8,2,10,0.0,,-0.619369,-13.736047,-14.355416,False,False,6,S65,True,4,0.2393,delivery,,,,,,,,,,,,,,,,,,,,,,,,,,,,,,,,,,,,,,,,,,,,,,,,,,,,
50,7,10,27,S63,False,8,2,10,0,10,0,0,0,0,"['B762', 'B85', 'B481', 'B745', 'B403', 'B165', 'B714', 'B154', 'B129', 'B581']",5.0,S46,1.02,18,2,20,0.0,,-0.782326,-13.67708,-14.459406,True,False,6,S46,False,4,0.2586,pickup,,,,,,,,,,,,,,,,,,,,,,,,,,,,,,,,,,,,,,,,,,,,,,,,,,,,
50,7,10,33,S46,False,18,2,20,9,0,1,0,0,0,"['B631', 'B409', 'B443', 'B99', 'B100', 'B679', 'B134', 'B690', 'B762']",7.5,S15,5.48,9,2,11,0.0,,-0.847919,-13.425543,-14.273462,True,True,12,S15,False,6,0.4356,delivery+onsite,,,,,,,,,,,,,,,,,,,,,,,,,,,,,,,,,,,,,,,,,,,,,,,,,,,,
50,7,10,46,S15,False,9,2,11,0,0,0,0,0,0,[],0.0,S29,3.9,9,2,11,0.0,,-0.944461,-13.549435,-14.493896,False,False,4,S49,True,0,0.1805,do_nothing,,,,,,,,,,,,,,,,,,,,,,,,,,,,,,,,,,,,,,,,,,,,,,,,,,,,
50,7,10,50,S29,False,9,2,11,9,0,0,0,0,0,"['B85', 'B481', 'B745', 'B403', 'B165', 'B714', 'B154', 'B129', 'B581']",4.5,S1,2.42,0,2,2,0.0,,-0.747052,-13.656784,-14.403837,False,False,4,S1,False,2,0.1468,delivery,,,,,,,,,,,,,,,,,,,,,,,,,,,,,,,,,,,,,,,,,,,,,,,,,,,,
50,7,10,57,S1,False,0,2,2,0,0,0,0,0,0,[],0.0,S52,7.01,0,2,2,0.0,,-1.043947,-13.653603,-14.697549,False,False,4,S52,False,0,0.1552,do_nothing,,,,,,,,,,,,,,,,,,,,,,,,,,,,,,,,,,,,,,,,,,,,,,,,,,,,
50,7,11,4,S52,False,0,2,2,0,10,0,0,0,0,"['B73', 'B424', 'B603', 'B247', 'B324', 'B423', 'B265', 'B468', 'B476', 'B55']",5.0,S33,0.73,10,2,12,0.0,,-1.138632,-13.763683,-14.902314,False,False,6,D0,True,4,0.2081,pickup,,,,,,,,,,,,,,,,,,,,,,,,,,,,,,,,,,,,,,,,,,,,,,,,,,,,
50,7,11,10,S33,False,10,2,12,0,8,0,0,0,0,"['B331', 'B486', 'B257', 'B18', 'B623', 'B12', 'B385', 'B694']",4.0,S2,7.08,18,2,20,0.0,,-1.074876,-13.860891,-14.935767,False,False,4,S2,False,2,0.1488,pickup,,,,,,,,,,,,,,,,,,,,,,,,,,,,,,,,,,,,,,,,,,,,,,,,,,,,
50,7,11,21,S2,False,18,2,20,16,0,0,0,0,0,"['B73', 'B424', 'B603', 'B247', 'B324', 'B423', 'B265', 'B468', 'B476', 'B55', 'B331', 'B486', 'B257', 'B18', 'B623', 'B12']",8.0,S49,5.43,2,2,4,0.0,,-1.364311,-13.945744,-15.310055,False,False,6,S65,True,2,0.2898,delivery,,,,,,,,,,,,,,,,,,,,,,,,,,,,,,,,,,,,,,,,,,,,,,,,,,,,
50,7,11,34,S49,False,2,2,4,0,12,1,0,0,0,"['B647', 'B227', 'B529', 'B525', 'B597', 'B713', 'B288', 'B691', 'B564', 'B267', 'B130', 'B363']",9.0,S38,1.72,14,2,16,0.0,,-1.173984,-13.805374,-14.979358,True,True,12,S38,False,10,0.5494,pickup+onsite,,,,,,,,,,,,,,,,,,,,,,,,,,,,,,,,,,,,,,,,,,,,,,,,,,,,
50,7,11,45,S38,False,14,2,16,10,0,0,1,0,0,"['B682', 'B385', 'B694', 'B647', 'B227', 'B529', 'B525', 'B597', 'B713', 'B288', 'B691']",5.5,S4,1.95,4,3,7,0.0,,-1.267971,-13.871156,-15.139127,True,True,12,S4,False,6,0.4375,delivery+depot_removal,,,,,,,,,,,,,,,,,,,,,,,,,,,,,,,,,,,,,,,,,,,,,,,,,,,,
50,7,11,52,S4,False,4,3,7,4,0,0,0,0,0,"['B564', 'B267', 'B130', 'B363']",2.0,S61,1.37,0,3,3,0.0,,-1.335415,-13.772645,-15.108061,False,False,4,S61,False,2,0.1539,delivery,,,,,,,,,,,,,,,,,,,,,,,,,,,,,,,,,,,,,,,,,,,,,,,,,,,,
50,7,11,56,S61,False,0,3,3,0,0,0,0,0,0,[],0.0,S32,5.42,0,3,3,0.0,,-0.845941,-13.716074,-14.562015,False,False,6,S32,False,0,0.2171,do_nothing,,,,,,,,,,,,,,,,,,,,,,,,,,,,,,,,,,,,,,,,,,,,,,,,,,,,
50,7,12,1,S32,False,0,3,3,0,16,0,0,0,0,"['B539', 'B126', 'B614', 'B459', 'B676', 'B663', 'B354', 'B380', 'B235', 'B201', 'B248', 'B86', 'B152', 'B50', 'B575', 'B563']",8.0,S15,5.59,16,3,19,0.0,,-1.081166,-13.591954,-14.67312,False,False,6,S15,True,2,0.2193,pickup,,,,,,,,,,,,,,,,,,,,,,,,,,,,,,,,,,,,,,,,,,,,,,,,,,,,
50,7,12,15,S15,False,16,3,19,16,0,0,0,0,0,"['B539', 'B126', 'B614', 'B459', 'B676', 'B663', 'B354', 'B380', 'B235', 'B201', 'B248', 'B86', 'B152', 'B50', 'B575', 'B563']",8.0,S61,3.33,0,3,3,0.0,,-0.973756,-13.378821,-14.352577,False,False,4,S61,False,2,0.2417,delivery,,,,,,,,,,,,,,,,,,,,,,,,,,,,,,,,,,,,,,,,,,,,,,,,,,,,
50,7,12,26,S61,False,0,3,3,0,10,0,0,0,0,"['B611', 'B624', 'B626', 'B256', 'B483', 'B592', 'B119', 'B565', 'B19', 'B635']",5.0,S46,4.04,10,3,13,0.0,,-0.579648,-13.511161,-14.090809,False,False,6,S18,True,4,0.2142,pickup,,,,,,,,,,,,,,,,,,,,,,,,,,,,,,,,,,,,,,,,,,,,,,,,,,,,
50,7,12,35,S46,False,10,3,13,10,0,0,0,0,0,"['B611', 'B624', 'B626', 'B256', 'B483', 'B592', 'B119', 'B565', 'B19', 'B635']",5.0,S16,1.33,0,3,3,0.0,,-0.387535,-13.130526,-13.518061,False,False,4,S16,False,2,0.1446,delivery,,,,,,,,,,,,,,,,,,,,,,,,,,,,,,,,,,,,,,,,,,,,,,,,,,,,
50,7,12,41,S16,False,0,3,3,0,9,0,0,0,0,"['B504', 'B108', 'B636', 'B420', 'B485', 'B590', 'B297', 'B622', 'B309']",4.5,S44,0.23,9,3,12,0.0,,-0.520772,-13.194483,-13.715255,False,False,6,S44,False,4,0.2305,pickup,,,,,,,,,,,,,,,,,,,,,,,,,,,,,,,,,,,,,,,,,,,,,,,,,,,,
50,7,12,46,S44,False,9,3,12,0,8,0,0,0,0,"['B342', 'B751', 'B344', 'B601', 'B748', 'B702', 'B244', 'B30']",4.0,S20,11.39,17,3,20,0.0,,-0.652333,-13.035005,-13.687338,False,False,4,S20,False,2,0.3121,pickup,,,,,,,,,,,,,,,,,,,,,,,,,,,,,,,,,,,,,,,,,,,,,,,,,,,,
50,7,13,2,S20,False,17,3,20,7,0,1,1,0,0,"['B431', 'B504', 'B108', 'B636', 'B420', 'B485', 'B590', 'B297']",7.0,S25,2.54,10,4,14,0.0,,-1.42861,-13.319079,-14.747689,True,True,20,S25,False,18,0.7117,delivery+maintenance,,,,,,,,,,,,,,,,,,,,,,,,,,,,,,,,,,,,,,,,,,,,,,,,,,,,
50,7,13,11,S25,False,10,4,14,0,0,0,0,0,0,[],0.0,S5,2.32,10,4,14,0.0,,-1.343106,-13.300825,-14.64393,False,False,4,S5,True,0,0.1419,do_nothing,,,,,,,,,,,,,,,,,,,,,,,,,,,,,,,,,,,,,,,,,,,,,,,,,,,,
50,7,13,13,S5,False,10,4,14,0,0,0,0,0,0,[],0.0,S25,2.32,10,4,14,0.0,,-0.58378,-13.314157,-13.897937,False,False,4,S25,True,0,0.1515,do_nothing,,,,,,,,,,,,,,,,,,,,,,,,,,,,,,,,,,,,,,,,,,,,,,,,,,,,
50,7,13,16,S25,False,10,4,14,10,0,0,0,0,0,"['B622', 'B309', 'B342', 'B751', 'B344', 'B601', 'B748', 'B702', 'B244', 'B30']",5.0,S63,14.29,0,4,4,0.0,,-1.171256,-13.272963,-14.444219,False,False,4,S63,False,2,0.1795,delivery,,,,,,,,,,,,,,,,,,,,,,,,,,,,,,,,,,,,,,,,,,,,,,,,,,,,
50,7,13,35,S63,False,0,4,4,0,0,0,1,0,0,['B523'],0.5,S66,4.37,0,5,5,0.0,,-1.650518,-12.947327,-14.597845,True,True,10,S56,True,2,0.587,do_nothing+depot_removal,,,,,,,,,,,,,,,,,,,,,,,,,,,,,,,,,,,,,,,,,,,,,,,,,,,,
50,7,13,40,S66,False,0,5,5,0,14,0,0,0,0,"['B533', 'B491', 'B618', 'B716', 'B134', 'B273', 'B516', 'B10', 'B226', 'B466', 'B451', 'B129', 'B359', 'B100']",7.0,S56,7.15,14,5,19,0.0,,-1.239209,-13.052183,-14.291392,False,False,6,S63,True,4,0.3382,pickup,,,,,,,,,,,,,,,,,,,,,,,,,,,,,,,,,,,,,,,,,,,,,,,,,,,,
50,7,13,54,S56,False,14,5,19,0,0,1,0,0,0,[],3.0,S54,1.7,14,5,19,0.0,,-1.00631,-12.824559,-13.830869,True,True,20,S54,True,4,0.9284,do_nothing+onsite,,,,,,,,,,,,,,,,,,,,,,,,,,,,,,,,,,,,,,,,,,,,,,,,,,,,
50,7,13,59,S54,False,14,5,19,13,0,1,0,0,0,"['B533', 'B491', 'B618', 'B716', 'B134', 'B273', 'B516', 'B10', 'B226', 'B466', 'B451', 'B129', 'B359']",9.5,S63,3.86,1,5,6,0.0,,-1.82241,-12.970903,-14.793313,True,True,12,S29,True,6,0.4507,delivery+onsite,,,,,,,,,,,,,,,,,,,,,,,,,,,,,,,,,,,,,,,,,,,,,,,,,,,,
50,7,14,12,S63,False,1,5,6,0,11,0,0,0,0,"['B289', 'B320', 'B182', 'B461', 'B39', 'B84', 'B409', 'B656', 'B430', 'B490', 'B89']",5.5,S55,3.64,12,5,17,0.0,,-1.568558,-12.935255,-14.503813,False,False,6,S55,False,4,0.2077,pickup,,,,,,,,,,,,,,,,,,,,,,,,,,,,,,,,,,,,,,,,,,,,,,,,,,,,
50,7,14,21,S55,False,12,5,17,0,0,0,0,0,0,[],0.0,S35,3.04,12,5,17,0.0,,-2.325935,-13.243099,-15.569034,False,False,4,S16,True,0,0.1379,do_nothing,,,,,,,,,,,,,,,,,,,,,,,,,,,,,,,,,,,,,,,,,,,,,,,,,,,,
50,7,14,24,S35,False,12,5,17,12,0,0,0,0,0,"['B100', 'B289', 'B320', 'B182', 'B461', 'B39', 'B84', 'B409', 'B656', 'B430', 'B490', 'B89']",6.0,S16,6.87,0,5,5,0.0,,-1.496819,-13.174588,-14.671407,False,False,4,S16,False,2,0.1331,delivery,,,,,,,,,,,,,,,,,,,,,,,,,,,,,,,,,,,,,,,,,,,,,,,,,,,,
50,7,14,37,S16,False,0,5,5,0,13,0,0,0,0,"['B285', 'B299', 'B508', 'B625', 'B242', 'B634', 'B419', 'B281', 'B350', 'B394', 'B705', 'B608', 'B7']",6.5,S55,3.87,13,5,18,0.0,,-1.996832,-13.267466,-15.264298,False,False,4,S62,True,2,0.1358,pickup,,,,,,,,,,,,,,,,,,,,,,,,,,,,,,,,,,,,,,,,,,,,,,,,,,,,
50,7,14,48,S55,False,13,5,18,13,0,0,0,0,0,"['B285', 'B299', 'B508', 'B625', 'B242', 'B634', 'B419', 'B281', 'B350', 'B394', 'B705', 'B608', 'B7']",6.5,S62,3.22,0,5,5,0.0,,-2.742639,-13.511518,-16.254157,False,False,4,S62,False,2,0.1399,delivery,,,,,,,,,,,,,,,,,,,,,,,,,,,,,,,,,,,,,,,,,,,,,,,,,,,,
50,7,14,57,S62,False,0,5,5,0,15,0,0,0,0,"['B696', 'B645', 'B58', 'B301', 'B480', 'B754', 'B396', 'B708', 'B616', 'B527', 'B292', 'B695', 'B644', 'B270', 'B491']",7.5,S15,2.79,15,5,20,0.0,,-2.381665,-13.519205,-15.90087,False,False,4,S15,False,2,0.1755,pickup,,,,,,,,,,,,,,,,,,,,,,,,,,,,,,,,,,,,,,,,,,,,,,,,,,,,
50,7,15,8,S15,False,15,5,20,15,0,0,0,0,0,"['B696', 'B645', 'B58', 'B301', 'B480', 'B754', 'B396', 'B708', 'B616', 'B527', 'B292', 'B695', 'B644', 'B270', 'B491']",7.5,S46,5.48,0,5,5,0.0,,-1.923874,-13.226649,-15.150523,True,False,12,S29,True,8,0.4097,delivery,,,,,,,,,,,,,,,,,,,,,,,,,,,,,,,,,,,,,,,,,,,,,,,,,,,,
50,7,15,21,S46,False,0,5,5,0,14,0,0,0,0,"['B611', 'B624', 'B626', 'B256', 'B483', 'B592', 'B119', 'B565', 'B19', 'B635', 'B45', 'B668', 'B553', 'B266']",7.0,S29,4.73,14,5,19,0.0,,-1.437211,-13.316274,-14.753485,False,False,6,S51,True,4,0.2082,pickup,,,,,,,,,,,,,,,,,,,,,,,,,,,,,,,,,,,,,,,,,,,,,,,,,,,,
50,7,15,32,S29,False,14,5,19,14,0,0,0,0,0,"['B611', 'B624', 'B626', 'B256', 'B483', 'B592', 'B119', 'B565', 'B19', 'B635', 'B45', 'B668', 'B553', 'B266']",7.0,S51,7.57,0,5,5,0.0,,-1.565191,-13.073614,-14.638805,False,False,4,S51,False,2,0.178,delivery,,,,,,,,,,,,,,,,,,,,,,,,,,,,,,,,,,,,,,,,,,,,,,,,,,,,
50,7,15,47,S51,False,0,5,5,0,15,0,0,0,0,"['B298', 'B104', 'B271', 'B725', 'B463', 'B31', 'B198', 'B739', 'B367', 'B506', 'B730', 'B557', 'B567', 'B664', 'B351']",7.5,S58,4.51,15,5,20,0.0,,-1.179195,-12.905684,-14.084879,False,False,6,S12,True,2,0.3295,pickup,,,,,,,,,,,,,,,,,,,,,,,,,,,,,,,,,,,,,,,,,,,,,,,,,,,,
50,7,15,59,S58,False,15,5,20,15,0,2,0,0,0,"['B298', 'B104', 'B271', 'B725', 'B463', 'B31', 'B198', 'B739', 'B367', 'B506', 'B730', 'B557', 'B567', 'B664', 'B351']",13.5,S37,0.71,0,5,5,0.0,,-1.767761,-13.000714,-14.768475,True,True,12,S37,False,10,0.5097,delivery+onsite,,,,,,,,,,,,,,,,,,,,,,,,,,,,,,,,,,,,,,,,,,,,,,,,,,,,
50,7,16,13,S37,False,0,5,5,0,10,0,1,0,0,"['B254', 'B755', 'B272', 'B365', 'B330', 'B28', 'B0', 'B698', 'B262', 'B586', 'B17']",5.5,S4,0.75,10,6,16,0.0,,-1.341752,-12.999044,-14.340797,True,True,10,S12,True,8,0.364,pickup+depot_removal,,,,,,,,,,,,,,,,,,,,,,,,,,,,,,,,,,,,,,,,,,,,,,,,,,,,
50,7,16,19,S4,False,10,6,16,0,0,0,0,0,0,[],0.0,S38,1.95,10,6,16,0.0,,-0.979057,-12.823625,-13.802682,False,False,4,S31,True,0,0.1457,do_nothing,,,,,,,,,,,,,,,,,,,,,,,,,,,,,,,,,,,,,,,,,,,,,,,,,,,,
50,7,16,21,S38,False,10,6,16,10,0,0,0,0,0,"['B254', 'B755', 'B272', 'B365', 'B330', 'B28', 'B0', 'B698', 'B262', 'B586']",5.0,S12,7.06,0,6,6,0.0,,-1.335345,-12.778265,-14.11361,False,False,4,S12,False,2,0.1379,delivery,,,,,,,,,,,,,,,,,,,,,,,,,,,,,,,,,,,,,,,,,,,,,,,,,,,,
50,7,16,33,S12,False,0,6,6,0,14,0,0,0,0,"['B699', 'B441', 'B509', 'B253', 'B453', 'B163', 'B551', 'B647', 'B267', 'B357', 'B29', 'B66', 'B263', 'B593']",7.0,S54,8.01,14,6,20,0.0,,-1.533064,-12.854993,-14.388057,False,False,4,S54,False,2,0.1365,pickup,,,,,,,,,,,,,,,,,,,,,,,,,,,,,,,,,,,,,,,,,,,,,,,,,,,,
50,7,16,48,S54,False,14,6,20,14,0,0,0,0,0,"['B699', 'B441', 'B509', 'B253', 'B453', 'B163', 'B551', 'B647', 'B267', 'B357', 'B29', 'B66', 'B263', 'B593']",7.0,S31,5.7,0,6,6,0.0,,-0.94355,-12.81418,-13.75773,False,False,4,S31,False,2,0.1491,delivery,,,,,,,,,,,,,,,,,,,,,,,,,,,,,,,,,,,,,,,,,,,,,,,,,,,,
50,7,17,1,S31,False,0,6,6,0,14,0,0,0,0,"['B238', 'B671', 'B37', 'B642', 'B316', 'B276', 'B669', 'B16', 'B146', 'B99', 'B752', 'B672', 'B131', 'B474']",7.0,S61,1.01,14,6,20,0.0,,-1.333637,-12.815785,-14.149423,False,False,4,S66,True,2,0.1543,pickup,,,,,,,,,,,,,,,,,,,,,,,,,,,,,,,,,,,,,,,,,,,,,,,,,,,,
50,7,17,9,S61,False,14,6,20,8,0,0,0,0,0,"['B238', 'B671', 'B37', 'B642', 'B316', 'B276', 'B669', 'B16']",4.0,S40,2.69,6,6,12,0.0,,-0.944723,-12.76805,-13.712773,False,False,6,S57,True,2,0.2607,delivery,,,,,,,,,,,,,,,,,,,,,,,,,,,,,,,,,,,,,,,,,,,,,,,,,,,,
50,7,17,16,S40,False,6,6,12,0,8,1,0,0,0,"['B499', 'B206', 'B429', 'B397', 'B149', 'B3', 'B373', 'B90']",7.0,S26,5.09,14,6,20,0.0,,-0.882936,-12.700581,-13.583517,True,True,8,S26,False,6,0.3102,pickup+onsite,,,,,,,,,,,,,,,,,,,,,,,,,,,,,,,,,,,,,,,,,,,,,,,,,,,,
50,7,17,28,S26,False,14,6,20,14,0,0,0,0,0,"['B146', 'B99', 'B752', 'B672', 'B131', 'B474', 'B499', 'B206', 'B429', 'B397', 'B149', 'B3', 'B373', 'B90']",7.0,S53,7.29,0,6,6,0.0,,-1.467872,-12.682853,-14.150725,False,False,4,S8,True,2,0.1611,delivery,,,,,,,,,,,,,,,,,,,,,,,,,,,,,,,,,,,,,,,,,,,,,,,,,,,,
50,7,17,42,S53,False,0,6,6,0,0,1,0,0,0,[],3.0,S66,4.87,0,6,6,0.0,,-1.07962,-12.824222,-13.903842,True,True,8,S66,False,2,0.3083,do_nothing+onsite,,,,,,,,,,,,,,,,,,,,,,,,,,,,,,,,,,,,,,,,,,,,,,,,,,,,
50,7,17,50,S66,False,0,6,6,0,11,0,0,0,0,"['B75', 'B651', 'B252', 'B443', 'B470', 'B197', 'B68', 'B210', 'B706', 'B103', 'B529']",5.5,S44,3.92,11,6,17,0.0,,-1.37362,-12.725612,-14.099231,False,False,6,S53,True,4,0.2228,pickup,,,,,,,,,,,,,,,,,,,,,,,,,,,,,,,,,,,,,,,,,,,,,,,,,,,,
50,7,17,59,S44,False,11,6,17,10,0,0,0,0,0,"['B75', 'B651', 'B252', 'B443', 'B470', 'B197', 'B68', 'B210', 'B706', 'B103']",5.0,S53,1.73,1,6,7,0.0,,-1.145771,-12.624897,-13.770668,False,False,6,S53,False,2,0.2523,delivery,,,,,,,,,,,,,,,,,,,,,,,,,,,,,,,,,,,,,,,,,,,,,,,,,,,,
50,7,18,6,S53,False,1,6,7,0,0,0,0,0,0,[],0.0,S22,9.3,1,6,7,0.0,,-1.11171,-12.616422,-13.728132,False,False,4,S57,True,0,0.1515,do_nothing,,,,,,,,,,,,,,,,,,,,,,,,,,,,,,,,,,,,,,,,,,,,,,,,,,,,
50,7,18,15,S22,False,1,6,7,0,13,0,0,0,0,"['B245', 'B175', 'B57', 'B186', 'B141', 'B657', 'B562', 'B497', 'B211', 'B464', 'B133', 'B368', 'B151']",6.5,S28,5.35,14,6,20,0.0,,-0.882116,-12.601945,-13.484061,False,False,4,S28,False,2,0.1653,pickup,,,,,,,,,,,,,,,,,,,,,,,,,,,,,,,,,,,,,,,,,,,,,,,,,,,,
50,7,18,27,S28,False,14,6,20,12,0,1,0,0,0,"['B529', 'B245', 'B175', 'B57', 'B186', 'B141', 'B657', 'B562', 'B497', 'B211', 'B464', 'B133']",9.0,S65,6.22,2,6,8,0.0,,-1.010774,-12.535331,-13.546105,True,True,12,S42,True,6,0.4801,delivery+onsite,,,,,,,,,,,,,,,,,,,,,,,,,,,,,,,,,,,,,,,,,,,,,,,,,,,,
50,7,18,42,S65,False,2,6,8,0,12,0,0,0,0,"['B371', 'B199', 'B599', 'B11', 'B494', 'B704', 'B388', 'B665', 'B758', 'B558', 'B570', 'B127']",6.0,S42,11.85,14,6,20,0.0,,-0.359286,-12.451282,-12.810568,True,False,6,S42,False,4,0.2178,pickup,,,,,,,,,,,,,,,,,,,,,,,,,,,,,,,,,,,,,,,,,,,,,,,,,,,,
50,7,19,0,S42,False,14,6,20,0,0,0,0,0,0,[],0.0,S35,1.31,14,6,20,0.0,,-0.718499,-12.488617,-13.207116,False,False,6,S35,False,0,0.2174,do_nothing,,,,,,,,,,,,,,,,,,,,,,,,,,,,,,,,,,,,,,,,,,,,,,,,,,,,
50,7,19,2,S35,False,14,6,20,11,0,0,0,0,0,"['B368', 'B151', 'B371', 'B199', 'B599', 'B11', 'B494', 'B704', 'B388', 'B665', 'B758']",5.5,S31,8.41,3,6,9,0.0,,-0.556288,-12.469742,-13.026031,False,False,6,S31,False,2,0.2211,delivery,,,,,,,,,,,,,,,,,,,,,,,,,,,,,,,,,,,,,,,,,,,,,,,,,,,,
50,7,19,16,S31,False,3,6,9,0,11,0,0,0,0,"['B479', 'B480', 'B413', 'B628', 'B396', 'B15', 'B205', 'B708', 'B321', 'B341', 'B92']",5.5,S39,3.72,14,6,20,0.0,,-0.228441,-12.164854,-12.393295,False,False,4,S39,False,2,0.1453,pickup,,,,,,,,,,,,,,,,,,,,,,,,,,,,,,,,,,,,,,,,,,,,,,,,,,,,
50,7,19,25,S39,False,14,6,20,14,0,0,0,0,0,"['B558', 'B570', 'B127', 'B479', 'B480', 'B413', 'B628', 'B396', 'B15', 'B205', 'B708', 'B321', 'B341', 'B92']",7.0,S53,6.57,0,6,6,0.0,,-0.358628,-12.332324,-12.690952,False,False,4,S14,True,2,0.1463,delivery,,,,,,,,,,,,,,,,,,,,,,,,,,,,,,,,,,,,,,,,,,,,,,,,,,,,
50,7,19,38,S53,False,0,6,6,0,14,0,0,0,0,"['B349', 'B98', 'B449', 'B374', 'B79', 'B377', 'B36', 'B142', 'B248', 'B697', 'B522', 'B105', 'B304', 'B240']",7.0,D0,1.77,14,6,20,0.0,,-0.619028,-12.654055,-13.273083,False,False,3,D0,False,2,0.1143,pickup,,,,,,,,,,,,,,,,,,,,,,,,,,,,,,,,,,,,,,,,,,,,,,,,,,,,
50,7,19,47,D0,True,14,6,20,0,0,0,0,6,0,"['B707', 'B326', 'B682', 'B431', 'B523', 'B17']",3.0,D0,0.0,14,0,14,0.0,,-0.162286,-12.502498,-12.664783,True,True,1,D0,False,0,0.0554,do_nothing,,,,,,,,,,,,,,,,,,,,,,,,,,,,,,,,,,,,,,,,,,,,,,,,,,,,
50,8,6,5,D0,True,14,0,14,0,0,0,0,0,6,"['B710', 'B540', 'B426', 'B340', 'B169', 'B602']",3.0,S66,1.4,20,0,20,0.0,,-3.201056,-13.493003,-16.69406,True,True,1,S66,False,0,0.0517,load_queue,,,,,,,,,,,,,,,,,,,,,,,,,,,,,,,,,,,,,,,,,,,,,,,,,,,,
50,8,6,25,S66,False,20,0,20,17,0,0,0,0,0,"['B349', 'B98', 'B449', 'B374', 'B79', 'B377', 'B36', 'B142', 'B248', 'B697', 'B522', 'B105', 'B304', 'B240', 'B710', 'B540', 'B426']",8.5,S39,4.09,3,0,3,0.0,,-3.338106,-13.608012,-16.946119,False,False,6,S65,True,2,0.2109,delivery,,,,,,,,,,,,,,,,,,,,,,,,,,,,,,,,,,,,,,,,,,,,,,,,,,,,
50,8,6,37,S39,False,3,0,3,0,17,0,0,0,0,"['B558', 'B570', 'B127', 'B479', 'B480', 'B413', 'B628', 'B396', 'B15', 'B205', 'B708', 'B321', 'B341', 'B92', 'B757', 'B442', 'B691']",8.5,S65,5.08,20,0,20,0.0,,-2.806817,-13.576354,-16.383171,False,False,4,S65,False,2,0.1531,pickup,,,,,,,,,,,,,,,,,,,,,,,,,,,,,,,,,,,,,,,,,,,,,,,,,,,,
50,8,6,51,S65,False,20,0,20,20,0,0,1,0,0,"['B62', 'B340', 'B169', 'B602', 'B558', 'B570', 'B127', 'B479', 'B480', 'B413', 'B628', 'B396', 'B15', 'B205', 'B708', 'B321', 'B341', 'B92', 'B757', 'B442', 'B691']",10.5,S63,7.4,0,1,1,0.0,,-1.860697,-13.472824,-15.333521,True,True,6,S63,False,4,0.2351,delivery+depot_removal,,,,,,,,,,,,,,,,,,,,,,,,,,,,,,,,,,,,,,,,,,,,,,,,,,,,
50,8,7,9,S63,False,0,1,1,0,0,0,0,0,0,[],0.0,S54,3.86,0,1,1,0.0,,-1.303738,-13.521401,-14.825138,False,False,6,S31,True,0,0.2135,do_nothing,,,,,,,,,,,,,,,,,,,,,,,,,,,,,,,,,,,,,,,,,,,,,,,,,,,,
50,8,7,12,S54,False,0,1,1,0,18,0,0,0,0,"['B434', 'B360', 'B634', 'B544', 'B135', 'B460', 'B204', 'B711', 'B399', 'B11', 'B548', 'B295', 'B722', 'B250', 'B735', 'B348', 'B539', 'B108']",9.0,S31,5.7,18,1,19,0.0,,-1.503531,-13.469894,-14.973425,False,False,6,S31,True,4,0.2441,pickup,,,,,,,,,,,,,,,,,,,,,,,,,,,,,,,,,,,,,,,,,,,,,,,,,,,,
50,8,7,27,S31,False,18,1,19,18,0,0,0,0,0,"['B434', 'B360', 'B634', 'B544', 'B135', 'B460', 'B204', 'B711', 'B399', 'B11', 'B548', 'B295', 'B722', 'B250', 'B735', 'B348', 'B539', 'B108']",9.0,S63,4.21,0,1,1,0.0,,-1.731128,-13.463306,-15.194434,False,False,4,S63,False,2,0.3158,delivery,,,,,,,,,,,,,,,,,,,,,,,,,,,,,,,,,,,,,,,,,,,,,,,,,,,,
50,8,7,40,S63,False,0,1,1,0,17,0,0,0,0,"['B47', 'B117', 'B421', 'B287', 'B604', 'B89', 'B496', 'B86', 'B238', 'B537', 'B327', 'B569', 'B521', 'B173', 'B756', 'B696', 'B276']",8.5,S48,4.03,17,1,18,0.0,,-1.341608,-13.302209,-14.643817,False,False,6,S48,False,4,0.3195,pickup,,,,,,,,,,,,,,,,,,,,,,,,,,,,,,,,,,,,,,,,,,,,,,,,,,,,
50,8,7,53,S48,False,17,1,18,16,0,0,0,0,0,"['B47', 'B117', 'B421', 'B287', 'B604', 'B89', 'B496', 'B86', 'B238', 'B537', 'B327', 'B569', 'B521', 'B173', 'B756', 'B696']",8.0,S55,5.56,1,1,2,0.0,,-1.399984,-13.248316,-14.6483,True,False,12,S19,True,4,0.5619,delivery,,,,,,,,,,,,,,,,,,,,,,,,,,,,,,,,,,,,,,,,,,,,,,,,,,,,
50,8,8,6,S55,False,1,1,2,0,18,1,0,0,0,"['B675', 'B156', 'B626', 'B581', 'B171', 'B408', 'B563', 'B109', 'B454', 'B533', 'B282', 'B654', 'B704', 'B738', 'B737', 'B388', 'B762', 'B137']",12.0,S22,10.44,19,1,20,0.0,,-1.041577,-13.222556,-14.264133,True,True,12,S22,True,10,0.4341,pickup+onsite,,,,,,,,,,,,,,,,,,,,,,,,,,,,,,,,,,,,,,,,,,,,,,,,,,,,
50,8,8,29,S22,False,19,1,20,15,0,0,0,0,0,"['B276', 'B675', 'B156', 'B626', 'B581', 'B171', 'B408', 'B563', 'B109', 'B454', 'B533', 'B282', 'B654', 'B704', 'B738']",7.5,S30,2.59,4,1,5,0.0,,-0.816449,-13.021392,-13.837841,False,False,6,S30,False,4,0.592,delivery,,,,,,,,,,,,,,,,,,,,,,,,,,,,,,,,,,,,,,,,,,,,,,,,,,,,
50,8,8,39,S30,False,4,1,5,4,0,5,1,0,0,"['B703', 'B737', 'B388', 'B762', 'B137']",17.5,S10,7.34,0,2,2,0.0,,-0.946285,-13.038063,-13.984347,True,True,40,S10,False,38,1.4784,delivery+maintenance,,,,,,,,,,,,,,,,,,,,,,,,,,,,,,,,,,,,,,,,,,,,,,,,,,,,
50,8,9,4,S10,False,0,2,2,0,10,0,0,0,0,"['B158', 'B439', 'B655', 'B619', 'B473', 'B353', 'B385', 'B81', 'B535', 'B176']",5.0,S49,8.25,10,2,12,0.0,,-0.749276,-13.085618,-13.834894,False,False,6,S49,True,4,0.2203,pickup,,,,,,,,,,,,,,,,,,,,,,,,,,,,,,,,,,,,,,,,,,,,,,,,,,,,
50,8,9,17,S49,False,10,2,12,0,8,0,0,0,0,"['B437', 'B447', 'B685', 'B118', 'B60', 'B461', 'B507', 'B343']",4.0,S27,5.16,18,2,20,0.0,,-0.555266,-13.012522,-13.567788,False,False,4,S27,False,2,0.1504,pickup,,,,,,,,,,,,,,,,,,,,,,,,,,,,,,,,,,,,,,,,,,,,,,,,,,,,
50,8,9,26,S27,False,18,2,20,14,0,0,0,0,0,"['B158', 'B439', 'B655', 'B619', 'B473', 'B353', 'B385', 'B81', 'B535', 'B176', 'B437', 'B447', 'B685', 'B118']",7.0,S54,4.59,4,2,6,0.0,,-0.48746,-12.999621,-13.48708,False,False,6,S54,False,4,0.2833,delivery,,,,,,,,,,,,,,,,,,,,,,,,,,,,,,,,,,,,,,,,,,,,,,,,,,,,
50,8,9,38,S54,False,4,2,6,0,14,1,0,0,0,"['B194', 'B337', 'B125', 'B74', 'B363', 'B632', 'B376', 'B418', 'B719', 'B285', 'B644', 'B103', 'B96', 'B480']",10.0,S32,2.05,18,2,20,0.0,,-0.717585,-12.967863,-13.685449,True,True,8,S52,True,6,0.3187,pickup+onsite,,,,,,,,,,,,,,,,,,,,,,,,,,,,,,,,,,,,,,,,,,,,,,,,,,,,
50,8,9,50,S32,False,18,2,20,12,0,0,0,0,0,"['B60', 'B461', 'B507', 'B343', 'B194', 'B337', 'B125', 'B74', 'B363', 'B632', 'B376', 'B418']",6.0,S35,3.98,6,2,8,0.0,,-0.523563,-13.179531,-13.703094,False,False,6,S35,False,4,0.2234,delivery,,,,,,,,,,,,,,,,,,,,,,,,,,,,,,,,,,,,,,,,,,,,,,,,,,,,
50,8,10,0,S35,False,6,2,8,6,0,0,0,0,0,"['B719', 'B285', 'B644', 'B103', 'B96', 'B480']",3.0,S57,0.73,0,2,2,0.0,,-0.392497,-13.112136,-13.504633,False,False,4,D0,True,2,0.1392,delivery,,,,,,,,,,,,,,,,,,,,,,,,,,,,,,,,,,,,,,,,,,,,,,,,,,,,
50,8,10,4,S57,False,0,2,2,0,0,0,0,0,0,[],0.0,S52,6.39,0,2,2,0.0,,-0.490357,-13.149203,-13.63956,False,False,4,S52,False,0,0.1528,do_nothing,,,,,,,,,,,,,,,,,,,,,,,,,,,,,,,,,,,,,,,,,,,,,,,,,,,,
50,8,10,10,S52,False,0,2,2,0,10,0,0,0,0,"['B154', 'B231', 'B219', 'B263', 'B319', 'B684', 'B362', 'B246', 'B294', 'B20']",5.0,S36,4.36,10,2,12,0.0,,-0.751674,-13.228117,-13.979792,False,False,6,S59,True,4,0.2623,pickup,,,,,,,,,,,,,,,,,,,,,,,,,,,,,,,,,,,,,,,,,,,,,,,,,,,,
50,8,10,19,S36,False,10,2,12,10,0,0,0,0,0,"['B154', 'B231', 'B219', 'B263', 'B319', 'B684', 'B362', 'B246', 'B294', 'B20']",5.0,S48,1.72,0,2,2,0.0,,-0.42436,-13.114291,-13.538651,False,False,4,S48,False,2,0.1923,delivery,,,,,,,,,,,,,,,,,,,,,,,,,,,,,,,,,,,,,,,,,,,,,,,,,,,,
50,8,10,26,S48,False,0,2,2,0,8,1,0,0,0,"['B89', 'B496', 'B86', 'B238', 'B537', 'B327', 'B569', 'B521']",7.0,S60,8.25,8,2,10,0.0,,-0.325691,-13.126108,-13.451798,True,True,12,S60,False,6,0.4901,pickup+onsite,,,,,,,,,,,,,,,,,,,,,,,,,,,,,,,,,,,,,,,,,,,,,,,,,,,,
50,8,10,41,S60,False,8,2,10,8,0,1,0,0,0,"['B89', 'B496', 'B86', 'B238', 'B537', 'B327', 'B569', 'B521']",7.0,S59,2.15,0,2,2,0.0,,-0.748127,-13.221701,-13.969828,True,True,8,S59,False,6,0.391,delivery+onsite,,,,,,,,,,,,,,,,,,,,,,,,,,,,,,,,,,,,,,,,,,,,,,,,,,,,
50,8,10,50,S59,False,0,2,2,0,16,1,0,0,0,"['B132', 'B576', 'B411', 'B126', 'B38', 'B482', 'B310', 'B475', 'B67', 'B566', 'B500', 'B296', 'B259', 'B350', 'B129', 'B630']",11.0,S34,6.35,16,2,18,0.0,,-0.973008,-13.485481,-14.458489,True,True,12,S34,False,6,0.5099,pickup+onsite,,,,,,,,,,,,,,,,,,,,,,,,,,,,,,,,,,,,,,,,,,,,,,,,,,,,
50,8,11,8,S34,False,16,2,18,0,0,0,0,0,0,[],0.0,S54,2.69,16,2,18,0.0,,-0.359295,-13.626876,-13.986171,False,False,6,S54,True,0,0.2271,do_nothing,,,,,,,,,,,,,,,,,,,,,,,,,,,,,,,,,,,,,,,,,,,,,,,,,,,,
50,8,11,10,S54,False,16,2,18,11,0,0,0,0,0,"['B132', 'B576', 'B411', 'B126', 'B38', 'B482', 'B310', 'B475', 'B67', 'B566', 'B500']",5.5,S34,2.69,5,2,7,0.0,,-0.422307,-13.457672,-13.879979,False,False,6,S34,False,2,0.2284,delivery,,,,,,,,,,,,,,,,,,,,,,,,,,,,,,,,,,,,,,,,,,,,,,,,,,,,
50,8,11,19,S34,False,5,2,7,5,0,0,0,0,0,"['B296', 'B259', 'B350', 'B129', 'B630']",2.5,S53,4.23,0,2,2,0.0,,-0.781755,-13.483791,-14.265546,False,False,4,S53,False,2,0.1462,delivery,,,,,,,,,,,,,,,,,,,,,,,,,,,,,,,,,,,,,,,,,,,,,,,,,,,,
50,8,11,25,S53,False,0,2,2,0,16,0,0,0,0,"['B111', 'B666', 'B571', 'B681', 'B436', 'B325', 'B481', 'B551', 'B335', 'B305', 'B646', 'B317', 'B440', 'B10', 'B237', 'B458']",8.0,S63,1.49,16,2,18,0.0,,-0.684361,-13.464388,-14.148749,False,False,6,S32,True,2,0.224,pickup,,,,,,,,,,,,,,,,,,,,,,,,,,,,,,,,,,,,,,,,,,,,,,,,,,,,
50,8,11,35,S63,False,16,2,18,10,0,0,0,0,0,"['B111', 'B666', 'B571', 'B681', 'B436', 'B325', 'B481', 'B551', 'B335', 'B305']",5.0,S32,3.1,6,2,8,0.0,,-0.9731,-13.536136,-14.509236,False,False,6,S32,False,2,0.2286,delivery,,,,,,,,,,,,,,,,,,,,,,,,,,,,,,,,,,,,,,,,,,,,,,,,,,,,
50,8,11,43,S32,False,6,2,8,0,0,0,0,0,0,[],0.0,S50,4.46,6,2,8,0.0,,-0.683373,-13.418073,-14.101447,False,False,4,S50,True,0,0.1827,do_nothing,,,,,,,,,,,,,,,,,,,,,,,,,,,,,,,,,,,,,,,,,,,,,,,,,,,,
50,8,11,47,S50,False,6,2,8,6,0,0,1,0,0,"['B444', 'B646', 'B317', 'B440', 'B10', 'B237', 'B458']",3.5,S32,4.46,0,3,3,0.0,,-1.039357,-13.386743,-14.426099,True,True,8,S32,False,6,0.2968,delivery+depot_removal,,,,,,,,,,,,,,,,,,,,,,,,,,,,,,,,,,,,,,,,,,,,,,,,,,,,
50,8,11,55,S32,False,0,3,3,0,12,0,0,0,0,"['B697', 'B287', 'B732', 'B60', 'B461', 'B507', 'B343', 'B194', 'B337', 'B125', 'B74', 'B363']",6.0,S56,1.58,12,3,15,0.0,,-0.851137,-13.448222,-14.299359,False,False,6,S56,False,4,0.3995,pickup,,,,,,,,,,,,,,,,,,,,,,,,,,,,,,,,,,,,,,,,,,,,,,,,,,,,
50,8,12,3,S56,False,12,3,15,1,0,0,3,0,0,"['B617', 'B274', 'B201', 'B697']",2.0,S35,2.44,11,6,17,0.0,,-0.35845,-13.318144,-13.676595,True,True,30,S35,True,14,1.4875,delivery+depot_removal,,,,,,,,,,,,,,,,,,,,,,,,,,,,,,,,,,,,,,,,,,,,,,,,,,,,
50,8,12,7,S35,False,11,6,17,11,0,0,1,0,0,"['B171', 'B287', 'B732', 'B60', 'B461', 'B507', 'B343', 'B194', 'B337', 'B125', 'B74', 'B363']",6.0,S11,2.71,0,7,7,0.0,,-0.425368,-12.927758,-13.353126,True,True,8,S11,False,6,0.2967,delivery+depot_removal,,,,,,,,,,,,,,,,,,,,,,,,,,,,,,,,,,,,,,,,,,,,,,,,,,,,
50,8,12,16,S11,False,0,7,7,0,8,0,0,0,0,"['B742', 'B358', 'B23', 'B45', 'B368', 'B371', 'B460', 'B699']",4.0,S10,4.86,8,7,15,0.0,,-0.583269,-13.509299,-14.092567,False,False,6,S10,False,2,0.2097,pickup,,,,,,,,,,,,,,,,,,,,,,,,,,,,,,,,,,,,,,,,,,,,,,,,,,,,
50,8,12,25,S10,False,8,7,15,8,0,0,0,0,0,"['B742', 'B358', 'B23', 'B45', 'B368', 'B371', 'B460', 'B699']",4.0,S66,5.63,0,7,7,0.0,,-0.912706,-13.243328,-14.156033,False,False,4,S66,False,2,0.1434,delivery,,,,,,,,,,,,,,,,,,,,,,,,,,,,,,,,,,,,,,,,,,,,,,,,,,,,
50,8,12,35,S66,False,0,7,7,0,0,0,0,0,0,[],0.0,S39,4.09,0,7,7,0.0,,-0.680663,-13.569287,-14.24995,False,False,4,S39,False,0,0.145,do_nothing,,,,,,,,,,,,,,,,,,,,,,,,,,,,,,,,,,,,,,,,,,,,,,,,,,,,
50,8,12,39,S39,False,0,7,7,0,0,0,1,0,0,['B93'],0.5,S66,4.09,0,8,8,0.0,,-1.166309,-13.466779,-14.633089,True,True,6,S66,False,2,0.2027,do_nothing+depot_removal,,,,,,,,,,,,,,,,,,,,,,,,,,,,,,,,,,,,,,,,,,,,,,,,,,,,
50,8,12,43,S66,False,0,8,8,0,12,0,0,0,0,"['B452', 'B463', 'B648', 'B609', 'B755', 'B627', 'B607', 'B548', 'B187', 'B216', 'B671', 'B139']",6.0,S31,0.38,12,8,20,0.0,,-1.105409,-13.544693,-14.650102,False,False,4,S31,False,2,0.1421,pickup,,,,,,,,,,,,,,,,,,,,,,,,,,,,,,,,,,,,,,,,,,,,,,,,,,,,
50,8,12,50,S31,False,12,8,20,0,0,0,0,0,0,[],0.0,S29,6.48,12,8,20,0.0,,-1.068952,-13.705969,-14.774921,False,False,4,S29,False,0,0.1415,do_nothing,,,,,,,,,,,,,,,,,,,,,,,,,,,,,,,,,,,,,,,,,,,,,,,,,,,,
50,8,12,56,S29,False,12,8,20,12,0,0,0,0,0,"['B452', 'B463', 'B648', 'B609', 'B755', 'B627', 'B607', 'B548', 'B187', 'B216', 'B671', 'B139']",6.0,S33,4.32,0,8,8,0.0,,-0.91192,-13.38757,-14.29949,False,False,4,S33,False,2,0.148,delivery,,,,,,,,,,,,,,,,,,,,,,,,,,,,,,,,,,,,,,,,,,,,,,,,,,,,
50,8,13,7,S33,False,0,8,8,0,12,0,0,0,0,"['B5', 'B416', 'B82', 'B53', 'B320', 'B130', 'B8', 'B27', 'B223', 'B285', 'B712', 'B193']",6.0,S46,2.0,12,8,20,0.0,,-1.973169,-13.494523,-15.467692,False,False,6,S39,True,2,0.2291,pickup,,,,,,,,,,,,,,,,,,,,,,,,,,,,,,,,,,,,,,,,,,,,,,,,,,,,
50,8,13,15,S46,False,12,8,20,0,0,0,0,0,0,[],0.0,S50,6.02,12,8,20,0.0,,-1.332887,-13.476139,-14.809026,True,False,6,S16,True,0,0.3267,do_nothing,,,,,,,,,,,,,,,,,,,,,,,,,,,,,,,,,,,,,,,,,,,,,,,,,,,,
50,8,13,21,S50,False,12,8,20,12,0,0,0,0,0,"['B5', 'B416', 'B82', 'B53', 'B320', 'B130', 'B8', 'B27', 'B223', 'B285', 'B712', 'B193']",6.0,S10,1.78,0,8,8,0.0,,-1.586385,-13.549787,-15.136172,False,False,4,S46,True,2,0.1418,delivery,,,,,,,,,,,,,,,,,,,,,,,,,,,,,,,,,,,,,,,,,,,,,,,,,,,,
50,8,13,28,S10,False,0,8,8,0,0,0,0,0,0,[],0.0,S16,4.96,0,8,8,0.0,,-1.231909,-13.377752,-14.609662,False,False,4,S16,False,0,0.2159,do_nothing,,,,,,,,,,,,,,,,,,,,,,,,,,,,,,,,,,,,,,,,,,,,,,,,,,,,
50,8,13,33,S16,False,0,8,8,0,8,2,0,0,0,"['B313', 'B108', 'B376', 'B469', 'B293', 'B317', 'B677', 'B351']",10.0,S46,1.33,8,8,16,0.0,,-1.430039,-12.89883,-14.328868,True,True,18,S46,False,10,0.7389,pickup+onsite,,,,,,,,,,,,,,,,,,,,,,,,,,,,,,,,,,,,,,,,,,,,,,,,,,,,
50,8,13,45,S46,False,8,8,16,0,0,0,1,0,0,['B748'],0.5,S54,3.3,8,9,17,0.0,,-1.200633,-12.971062,-14.171695,True,True,8,S19,True,2,0.3008,do_nothing+depot_removal,,,,,,,,,,,,,,,,,,,,,,,,,,,,,,,,,,,,,,,,,,,,,,,,,,,,
50,8,13,48,S54,False,8,9,17,8,0,0,0,0,0,"['B313', 'B108', 'B376', 'B469', 'B293', 'B317', 'B677', 'B351']",4.0,S19,6.83,0,9,9,0.0,,-1.364106,-13.083657,-14.447763,False,False,4,S19,False,2,0.1738,delivery,,,,,,,,,,,,,,,,,,,,,,,,,,,,,,,,,,,,,,,,,,,,,,,,,,,,
50,8,13,59,S19,False,0,9,9,0,0,1,0,0,0,[],3.0,S48,0.52,0,9,9,0.0,,-2.247765,-13.23356,-15.481325,True,True,8,S48,False,2,0.2886,do_nothing+onsite,,,,,,,,,,,,,,,,,,,,,,,,,,,,,,,,,,,,,,,,,,,,,,,,,,,,
50,8,14,3,S48,False,0,9,9,0,11,0,0,0,0,"['B270', 'B28', 'B561', 'B552', 'B632', 'B101', 'B621', 'B727', 'B418', 'B639', 'B203']",5.5,S35,8.23,11,9,20,0.0,,-2.289505,-13.059212,-15.348717,False,False,4,S35,False,2,0.1329,pickup,,,,,,,,,,,,,,,,,,,,,,,,,,,,,,,,,,,,,,,,,,,,,,,,,,,,
50,8,14,17,S35,False,11,9,20,11,0,0,0,0,0,"['B270', 'B28', 'B561', 'B552', 'B632', 'B101', 'B621', 'B727', 'B418', 'B639', 'B203']",5.5,S51,8.32,0,9,9,0.0,,-2.354717,-13.179253,-15.53397,False,False,4,S57,True,2,0.133,delivery,,,,,,,,,,,,,,,,,,,,,,,,,,,,,,,,,,,,,,,,,,,,,,,,,,,,
50,8,14,30,S51,False,0,9,9,0,11,0,0,0,0,"['B665', 'B155', 'B709', 'B553', 'B31', 'B631', 'B590', 'B445', 'B272', 'B420', 'B213']",5.5,S57,7.68,11,9,20,0.0,,-1.568241,-13.332768,-14.90101,False,False,4,S63,True,2,0.1331,pickup,,,,,,,,,,,,,,,,,,,,,,,,,,,,,,,,,,,,,,,,,,,,,,,,,,,,
50,8,14,43,S57,False,11,9,20,11,0,0,0,0,0,"['B665', 'B155', 'B709', 'B553', 'B31', 'B631', 'B590', 'B445', 'B272', 'B420', 'B213']",5.5,S63,6.22,0,9,9,0.0,,-1.852233,-13.487861,-15.340094,False,False,4,S63,False,2,0.138,delivery,,,,,,,,,,,,,,,,,,,,,,,,,,,,,,,,,,,,,,,,,,,,,,,,,,,,
50,8,14,55,S63,False,0,9,9,0,11,0,0,0,0,"['B98', 'B593', 'B452', 'B502', 'B507', 'B648', 'B609', 'B323', 'B708', 'B701', 'B417']",5.5,S26,7.98,11,9,20,0.0,,-1.590259,-13.450721,-15.04098,False,False,4,S26,False,2,0.1422,pickup,,,,,,,,,,,,,,,,,,,,,,,,,,,,,,,,,,,,,,,,,,,,,,,,,,,,
50,8,15,9,S26,False,11,9,20,11,0,0,0,0,0,"['B98', 'B593', 'B452', 'B502', 'B507', 'B648', 'B609', 'B323', 'B708', 'B701', 'B417']",5.5,S65,6.43,0,9,9,0.0,,-1.334632,-13.288721,-14.623353,False,False,4,S65,False,2,0.134,delivery,,,,,,,,,,,,,,,,,,,,,,,,,,,,,,,,,,,,,,,,,,,,,,,,,,,,
50,8,15,21,S65,False,0,9,9,0,11,0,0,0,0,"['B303', 'B243', 'B238', 'B57', 'B225', 'B280', 'B141', 'B363', 'B364', 'B205', 'B638']",5.5,S17,7.47,11,9,20,0.0,,-1.89088,-13.302613,-15.193493,False,False,4,S17,False,2,0.1699,pickup,,,,,,,,,,,,,,,,,,,,,,,,,,,,,,,,,,,,,,,,,,,,,,,,,,,,
50,8,15,34,S17,False,11,9,20,11,0,0,0,0,0,"['B303', 'B243', 'B238', 'B57', 'B225', 'B280', 'B141', 'B363', 'B364', 'B205', 'B638']",5.5,S27,5.6,0,9,9,0.0,,-1.533212,-13.129723,-14.662935,False,False,4,S27,False,2,0.1328,delivery,,,,,,,,,,,,,,,,,,,,,,,,,,,,,,,,,,,,,,,,,,,,,,,,,,,,
50,8,15,45,S27,False,0,9,9,0,11,0,0,0,0,"['B353', 'B385', 'B81', 'B535', 'B176', 'B437', 'B447', 'B685', 'B118', 'B95', 'B374']",5.5,S34,2.68,11,9,20,0.0,,-1.17705,-13.041962,-14.219012,False,False,4,S34,False,2,0.1641,pickup,,,,,,,,,,,,,,,,,,,,,,,,,,,,,,,,,,,,,,,,,,,,,,,,,,,,
50,8,15,53,S34,False,11,9,20,11,0,0,0,0,0,"['B353', 'B385', 'B81', 'B535', 'B176', 'B437', 'B447', 'B685', 'B118', 'B95', 'B374']",5.5,S58,6.07,0,9,9,0.0,,-1.270875,-13.112222,-14.383097,False,False,4,S32,True,2,0.1366,delivery,,,,,,,,,,,,,,,,,,,,,,,,,,,,,,,,,,,,,,,,,,,,,,,,,,,,
50,8,16,4,S58,False,0,9,9,0,0,0,0,0,0,[],0.0,S41,3.91,0,9,9,0.0,,-1.693835,-13.110781,-14.804616,False,False,4,S41,False,0,0.1514,do_nothing,,,,,,,,,,,,,,,,,,,,,,,,,,,,,,,,,,,,,,,,,,,,,,,,,,,,
50,8,16,8,S41,False,0,9,9,0,11,1,0,0,0,"['B725', 'B215', 'B643', 'B499', 'B767', 'B752', 'B494', 'B530', 'B247', 'B524', 'B543']",8.5,S49,2.5,11,9,20,0.0,,-0.971402,-12.968119,-13.939522,True,True,8,S49,False,6,0.2822,pickup+onsite,,,,,,,,,,,,,,,,,,,,,,,,,,,,,,,,,,,,,,,,,,,,,,,,,,,,
50,8,16,19,S49,False,11,9,20,11,0,0,0,0,0,"['B725', 'B215', 'B643', 'B499', 'B767', 'B752', 'B494', 'B530', 'B247', 'B524', 'B543']",5.5,S58,2.86,0,9,9,0.0,,-1.240917,-12.770782,-14.011699,False,False,4,S58,False,2,0.1329,delivery,,,,,,,,,,,,,,,,,,,,,,,,,,,,,,,,,,,,,,,,,,,,,,,,,,,,
50,8,16,28,S58,False,0,9,9,0,11,0,0,0,0,"['B264', 'B745', 'B455', 'B35', 'B513', 'B515', 'B635', 'B202', 'B166', 'B75', 'B545']",5.5,S46,3.13,11,9,20,0.0,,-1.145352,-12.75493,-13.900282,False,False,4,S62,True,2,0.148,pickup,,,,,,,,,,,,,,,,,,,,,,,,,,,,,,,,,,,,,,,,,,,,,,,,,,,,
50,8,16,36,S46,False,11,9,20,11,0,0,0,0,0,"['B264', 'B745', 'B455', 'B35', 'B513', 'B515', 'B635', 'B202', 'B166', 'B75', 'B545']",5.5,S62,2.76,0,9,9,0.0,,-0.74731,-12.637762,-13.385071,False,False,4,S32,True,2,0.146,delivery,,,,,,,,,,,,,,,,,,,,,,,,,,,,,,,,,,,,,,,,,,,,,,,,,,,,
50,8,16,45,S62,False,0,9,9,0,0,0,1,0,0,['B640'],0.5,S40,0.73,0,10,10,0.0,,-0.714286,-12.567857,-13.282143,True,True,6,S40,False,2,0.2103,do_nothing+depot_removal,,,,,,,,,,,,,,,,,,,,,,,,,,,,,,,,,,,,,,,,,,,,,,,,,,,,
50,8,16,46,S40,False,0,10,10,0,10,0,0,0,0,"['B266', 'B646', 'B4', 'B684', 'B38', 'B537', 'B575', 'B362', 'B459', 'B475']",5.0,S54,2.17,10,10,20,0.0,,-0.948586,-12.539671,-13.488258,False,False,4,S54,False,2,0.1328,pickup,,,,,,,,,,,,,,,,,,,,,,,,,,,,,,,,,,,,,,,,,,,,,,,,,,,,
50,8,16,53,S54,False,10,10,20,10,0,0,0,0,0,"['B266', 'B646', 'B4', 'B684', 'B38', 'B537', 'B575', 'B362', 'B459', 'B475']",5.0,S62,2.78,0,10,10,0.0,,-0.519183,-12.539451,-13.058635,False,False,4,S32,True,2,0.1332,delivery,,,,,,,,,,,,,,,,,,,,,,,,,,,,,,,,,,,,,,,,,,,,,,,,,,,,
50,8,17,1,S62,False,0,10,10,0,10,0,0,0,0,"['B722', 'B51', 'B66', 'B686', 'B282', 'B245', 'B621', 'B339', 'B422', 'B384']",5.0,S11,8.04,10,10,20,0.0,,-0.392818,-12.556066,-12.948884,False,False,4,S11,False,2,0.1327,pickup,,,,,,,,,,,,,,,,,,,,,,,,,,,,,,,,,,,,,,,,,,,,,,,,,,,,
50,8,17,14,S11,False,10,10,20,0,0,0,0,0,0,[],0.0,S35,2.71,10,10,20,0.0,,-0.585328,-12.544781,-13.130108,False,False,6,S35,True,0,0.2408,do_nothing,,,,,,,,,,,,,,,,,,,,,,,,,,,,,,,,,,,,,,,,,,,,,,,,,,,,
50,8,17,17,S35,False,10,10,20,10,0,1,0,0,0,"['B722', 'B51', 'B66', 'B686', 'B282', 'B245', 'B621', 'B339', 'B422', 'B384']",8.0,S37,7.89,0,10,10,0.0,,-0.648841,-12.446885,-13.095726,True,True,8,S11,True,6,0.3545,delivery+onsite,,,,,,,,,,,,,,,,,,,,,,,,,,,,,,,,,,,,,,,,,,,,,,,,,,,,
50,8,17,32,S37,False,0,10,10,0,10,1,0,0,0,"['B713', 'B143', 'B663', 'B678', 'B734', 'B656', 'B100', 'B220', 'B510', 'B623']",8.0,S55,5.04,10,10,20,0.0,,-0.327819,-12.57959,-12.907409,True,True,12,S31,True,10,0.4146,pickup+onsite,,,,,,,,,,,,,,,,,,,,,,,,,,,,,,,,,,,,,,,,,,,,,,,,,,,,
50,8,17,45,S55,False,10,10,20,10,0,0,1,0,0,"['B488', 'B713', 'B143', 'B663', 'B678', 'B734', 'B656', 'B100', 'B220', 'B510', 'B623']",5.5,S31,6.19,0,11,11,0.0,,-0.6218,-12.633435,-13.255235,True,True,6,S31,False,4,0.207,delivery+depot_removal,,,,,,,,,,,,,,,,,,,,,,,,,,,,,,,,,,,,,,,,,,,,,,,,,,,,
50,8,17,57,S31,False,0,11,11,0,0,0,0,0,0,[],0.0,S66,0.38,0,11,11,0.0,,-0.423454,-12.726686,-13.150139,False,False,4,S66,False,0,0.1236,do_nothing,,,,,,,,,,,,,,,,,,,,,,,,,,,,,,,,,,,,,,,,,,,,,,,,,,,,
50,8,17,58,S66,False,0,11,11,0,0,0,0,0,0,[],0.0,S31,0.38,0,11,11,0.0,,-0.329475,-12.710952,-13.040427,False,False,4,S34,True,0,0.1236,do_nothing,,,,,,,,,,,,,,,,,,,,,,,,,,,,,,,,,,,,,,,,,,,,,,,,,,,,
50,8,17,58,S31,False,0,11,11,0,9,0,0,0,0,"['B677', 'B606', 'B731', 'B150', 'B242', 'B129', 'B305', 'B110', 'B379']",4.5,S34,4.64,9,11,20,0.0,,-0.49011,-12.633834,-13.123945,False,False,4,S66,True,2,0.1234,pickup,,,,,,,,,,,,,,,,,,,,,,,,,,,,,,,,,,,,,,,,,,,,,,,,,,,,
50,8,18,7,S34,False,9,11,20,0,0,0,0,0,0,[],0.0,S32,4.62,9,11,20,0.0,,-0.42295,-12.435581,-12.858531,False,False,2,S32,False,0,0.0664,do_nothing,,,,,,,,,,,,,,,,,,,,,,,,,,,,,,,,,,,,,,,,,,,,,,,,,,,,
50,8,18,12,S32,False,9,11,20,9,0,0,0,0,0,"['B677', 'B606', 'B731', 'B150', 'B242', 'B129', 'B305', 'B110', 'B379']",4.5,S66,6.41,0,11,11,0.0,,-0.519931,-12.559466,-13.079396,False,False,4,S66,False,2,0.1322,delivery,,,,,,,,,,,,,,,,,,,,,,,,,,,,,,,,,,,,,,,,,,,,,,,,,,,,
50,8,18,23,S66,False,0,11,11,0,9,0,0,0,0,"['B381', 'B655', 'B10', 'B48', 'B86', 'B76', 'B424', 'B103', 'B360']",4.5,S45,4.34,9,11,20,0.0,,-0.261835,-12.480977,-12.742811,False,False,4,S45,False,2,0.1414,pickup,,,,,,,,,,,,,,,,,,,,,,,,,,,,,,,,,,,,,,,,,,,,,,,,,,,,
50,8,18,31,S45,False,9,11,20,9,0,0,0,0,0,"['B381', 'B655', 'B10', 'B48', 'B86', 'B76', 'B424', 'B103', 'B360']",4.5,S30,6.19,0,11,11,0.0,,-0.2962,-12.269424,-12.565624,False,False,4,S16,True,2,0.1702,delivery,,,,,,,,,,,,,,,,,,,,,,,,,,,,,,,,,,,,,,,,,,,,,,,,,,,,
50,8,18,42,S30,False,0,11,11,0,9,0,0,0,0,"['B526', 'B154', 'B620', 'B297', 'B177', 'B603', 'B425', 'B562', 'B228']",4.5,S63,6.1,9,11,20,0.0,,-0.162628,-12.171785,-12.334413,False,False,6,S63,True,4,0.1965,pickup,,,,,,,,,,,,,,,,,,,,,,,,,,,,,,,,,,,,,,,,,,,,,,,,,,,,
50,8,18,53,S63,False,9,11,20,9,0,0,0,0,0,"['B526', 'B154', 'B620', 'B297', 'B177', 'B603', 'B425', 'B562', 'B228']",4.5,S43,0.64,0,11,11,0.0,,-0.29281,-12.344162,-12.636972,False,False,4,S43,False,2,0.1657,delivery,,,,,,,,,,,,,,,,,,,,,,,,,,,,,,,,,,,,,,,,,,,,,,,,,,,,
50,8,18,58,S43,False,0,11,11,0,9,0,0,0,0,"['B222', 'B492', 'B641', 'B765', 'B421', 'B77', 'B387', 'B605', 'B50']",4.5,S21,11.86,9,11,20,0.0,,-0.230944,-12.356141,-12.587085,False,False,4,S21,False,2,0.1866,pickup,,,,,,,,,,,,,,,,,,,,,,,,,,,,,,,,,,,,,,,,,,,,,,,,,,,,
50,8,19,14,S21,False,9,11,20,5,0,0,1,0,0,"['B113', 'B222', 'B492', 'B641', 'B765', 'B421']",3.0,S3,7.74,4,12,16,0.0,,-0.096883,-12.275129,-12.372012,True,True,10,S3,False,4,0.3374,delivery+depot_removal,,,,,,,,,,,,,,,,,,,,,,,,,,,,,,,,,,,,,,,,,,,,,,,,,,,,
50,8,19,25,S3,False,4,12,16,4,0,0,0,0,0,"['B77', 'B387', 'B605', 'B50']",2.0,S51,4.7,0,12,12,0.0,,-0.261652,-12.318295,-12.579947,False,False,4,S51,False,2,0.138,delivery,,,,,,,,,,,,,,,,,,,,,,,,,,,,,,,,,,,,,,,,,,,,,,,,,,,,
50,8,19,32,S51,False,0,12,12,0,8,0,0,0,0,"['B560', 'B732', 'B610', 'B730', 'B194', 'B553', 'B743', 'B211']",4.0,S64,6.57,8,12,20,0.0,,-0.065005,-12.515915,-12.58092,False,False,4,S64,False,2,0.141,pickup,,,,,,,,,,,,,,,,,,,,,,,,,,,,,,,,,,,,,,,,,,,,,,,,,,,,
50,8,19,42,S64,False,8,12,20,0,0,0,0,0,0,[],0.0,S47,3.03,8,12,20,0.0,,-0.130829,-12.624237,-12.755066,False,False,3,D0,True,0,0.1203,do_nothing,,,,,,,,,,,,,,,,,,,,,,,,,,,,,,,,,,,,,,,,,,,,,,,,,,,,
50,8,19,45,S47,False,8,12,20,0,0,0,0,0,0,[],0.0,D0,3.08,8,12,20,0.0,,-0.13132,-12.769987,-12.901307,True,False,3,D0,True,0,0.1295,do_nothing,,,,,,,,,,,,,,,,,,,,,,,,,,,,,,,,,,,,,,,,,,,,,,,,,,,,
50,8,19,48,D0,True,8,12,20,0,0,0,0,12,9,"['B21', 'B531', 'B613', 'B707', 'B326', 'B682', 'B431', 'B523', 'B17', 'B62', 'B703', 'B444', 'B617', 'B274', 'B201', 'B171', 'B93', 'B748', 'B640', 'B488', 'B113']",10.5,D0,0.0,17,0,17,0.0,,-0.194424,-12.689712,-12.884136,True,True,1,D0,False,0,0.0525,do_nothing,,,,,,,,,,,,,,,,,,,,,,,,,,,,,,,,,,,,,,,,,,,,,,,,,,,,
50,9,6,14,D0,True,17,0,17,0,0,0,0,0,0,[],0.0,S66,1.4,17,0,17,0.0,,-2.486803,-13.838436,-16.325239,True,True,1,S66,False,0,0.0403,depot_passthrough,,,,,,,,,,,,,,,,,,,,,,,,,,,,,,,,,,,,,,,,,,,,,,,,,,,,
50,9,6,30,S66,False,17,0,17,17,0,0,0,0,0,"['B560', 'B732', 'B610', 'B730', 'B194', 'B553', 'B743', 'B211', 'B21', 'B531', 'B613', 'B707', 'B326', 'B682', 'B431', 'B523', 'B17']",8.5,S39,4.09,0,0,0,0.0,,-3.272942,-13.465359,-16.738301,False,False,4,S39,False,2,0.1402,delivery,,,,,,,,,,,,,,,,,,,,,,,,,,,,,,,,,,,,,,,,,,,,,,,,,,,,
50,9,6,43,S39,False,0,0,0,0,0,0,0,0,0,[],0.0,S37,3.55,0,0,0,0.0,,-2.680937,-13.401691,-16.082628,False,False,4,S37,False,0,0.1512,do_nothing,,,,,,,,,,,,,,,,,,,,,,,,,,,,,,,,,,,,,,,,,,,,,,,,,,,,
50,9,6,46,S37,False,0,0,0,0,20,0,0,0,0,"['B403', 'B112', 'B319', 'B521', 'B704', 'B422', 'B652', 'B478', 'B143', 'B235', 'B206', 'B450', 'B249', 'B184', 'B453', 'B351', 'B764', 'B693', 'B108', 'B130']",10.0,S27,4.19,20,0,20,0.0,,-2.225206,-13.393258,-15.618465,True,False,6,S39,True,4,0.2105,pickup,,,,,,,,,,,,,,,,,,,,,,,,,,,,,,,,,,,,,,,,,,,,,,,,,,,,
50,9,7,1,S27,False,20,0,20,16,0,0,0,0,0,"['B403', 'B112', 'B319', 'B521', 'B704', 'B422', 'B652', 'B478', 'B143', 'B235', 'B206', 'B450', 'B249', 'B184', 'B453', 'B351']",8.0,S39,5.98,4,0,4,0.0,,-2.060628,-13.412772,-15.4734,False,False,6,S13,True,2,0.2438,delivery,,,,,,,,,,,,,,,,,,,,,,,,,,,,,,,,,,,,,,,,,,,,,,,,,,,,
50,9,7,15,S39,False,4,0,4,0,16,0,0,0,0,"['B565', 'B577', 'B602', 'B34', 'B58', 'B84', 'B757', 'B611', 'B589', 'B508', 'B175', 'B587', 'B155', 'B400', 'B463', 'B116']",8.0,S13,8.67,20,0,20,0.0,,-1.668181,-13.371444,-15.039625,False,False,4,S13,False,2,0.1675,pickup,,,,,,,,,,,,,,,,,,,,,,,,,,,,,,,,,,,,,,,,,,,,,,,,,,,,
50,9,7,31,S13,False,20,0,20,18,0,0,1,0,0,"['B359', 'B764', 'B693', 'B108', 'B130', 'B565', 'B577', 'B602', 'B34', 'B58', 'B84', 'B757', 'B611', 'B589', 'B508', 'B175', 'B587', 'B155', 'B400']",9.5,S49,8.38,2,1,3,0.0,,-2.218819,-13.7815,-16.000319,True,True,10,S49,False,4,0.3462,delivery+depot_removal,,,,,,,,,,,,,,,,,,,,,,,,,,,,,,,,,,,,,,,,,,,,,,,,,,,,
50,9,7,49,S49,False,2,1,3,0,17,0,0,0,0,"['B494', 'B530', 'B247', 'B524', 'B543', 'B538', 'B170', 'B389', 'B160', 'B129', 'B209', 'B317', 'B660', 'B623', 'B759', 'B380', 'B18']",8.5,S7,7.01,19,1,20,0.0,,-1.104876,-13.567305,-14.672181,False,False,4,S7,False,2,0.1543,pickup,,,,,,,,,,,,,,,,,,,,,,,,,,,,,,,,,,,,,,,,,,,,,,,,,,,,
50,9,8,5,S7,False,19,1,20,12,0,0,0,0,0,"['B463', 'B116', 'B494', 'B530', 'B247', 'B524', 'B543', 'B538', 'B170', 'B389', 'B160', 'B129']",6.0,S26,9.03,7,1,8,0.0,,-1.638513,-13.386386,-15.024899,False,False,6,S26,False,2,0.2207,delivery,,,,,,,,,,,,,,,,,,,,,,,,,,,,,,,,,,,,,,,,,,,,,,,,,,,,
50,9,8,20,S26,False,7,1,8,7,0,0,0,0,0,"['B209', 'B317', 'B660', 'B623', 'B759', 'B380', 'B18']",3.5,S44,7.72,0,1,1,0.0,,-1.297879,-13.71655,-15.014429,False,False,4,S44,False,2,0.1679,delivery,,,,,,,,,,,,,,,,,,,,,,,,,,,,,,,,,,,,,,,,,,,,,,,,,,,,
50,9,8,31,S44,False,0,1,1,0,12,0,0,0,0,"['B138', 'B292', 'B165', 'B158', 'B722', 'B74', 'B290', 'B633', 'B657', 'B270', 'B763', 'B11']",6.0,S52,0.83,12,1,13,0.0,,-1.296831,-13.324291,-14.621122,False,False,6,S52,False,4,0.219,pickup,,,,,,,,,,,,,,,,,,,,,,,,,,,,,,,,,,,,,,,,,,,,,,,,,,,,
50,9,8,38,S52,False,12,1,13,0,7,0,0,0,0,"['B213', 'B3', 'B755', 'B161', 'B402', 'B371', 'B348']",3.5,S15,4.21,19,1,20,0.0,,-1.819718,-13.339538,-15.159256,False,False,4,S15,False,2,0.1915,pickup,,,,,,,,,,,,,,,,,,,,,,,,,,,,,,,,,,,,,,,,,,,,,,,,,,,,
50,9,8,45,S15,False,19,1,20,18,0,1,0,0,0,"['B138', 'B292', 'B165', 'B158', 'B722', 'B74', 'B290', 'B633', 'B657', 'B270', 'B763', 'B11', 'B213', 'B3', 'B755', 'B161', 'B402', 'B371']",12.0,S37,4.99,1,1,2,0.0,,-1.073893,-13.119144,-14.193037,True,True,12,S37,False,6,0.5777,delivery+onsite,,,,,,,,,,,,,,,,,,,,,,,,,,,,,,,,,,,,,,,,,,,,,,,,,,,,
50,9,9,2,S37,False,1,1,2,0,11,0,1,0,0,"['B92', 'B501', 'B723', 'B547', 'B169', 'B14', 'B32', 'B188', 'B291', 'B219', 'B142', 'B430']",6.0,S12,6.56,12,2,14,0.0,,-1.008969,-13.161647,-14.170616,True,True,12,S63,True,10,0.5389,pickup+depot_removal,,,,,,,,,,,,,,,,,,,,,,,,,,,,,,,,,,,,,,,,,,,,,,,,,,,,
50,9,9,15,S12,False,12,2,14,12,0,1,0,0,0,"['B348', 'B92', 'B501', 'B723', 'B547', 'B169', 'B14', 'B32', 'B188', 'B291', 'B219', 'B142']",9.0,S36,3.39,0,2,2,0.0,,-1.04224,-13.23324,-14.27548,True,True,8,S36,False,6,0.2937,delivery+onsite,,,,,,,,,,,,,,,,,,,,,,,,,,,,,,,,,,,,,,,,,,,,,,,,,,,,
50,9,9,27,S36,False,0,2,2,0,14,0,0,0,0,"['B268', 'B174', 'B555', 'B216', 'B661', 'B4', 'B312', 'B298', 'B475', 'B428', 'B665', 'B23', 'B487', 'B148']",7.0,S51,1.89,14,2,16,0.0,,-0.786732,-13.137078,-13.923809,False,False,6,S63,True,4,0.2341,pickup,,,,,,,,,,,,,,,,,,,,,,,,,,,,,,,,,,,,,,,,,,,,,,,,,,,,
50,9,9,36,S51,False,14,2,16,12,0,0,0,0,0,"['B268', 'B174', 'B555', 'B216', 'B661', 'B4', 'B312', 'B298', 'B475', 'B428', 'B665', 'B23']",6.0,S63,3.43,2,2,4,0.0,,-1.826912,-13.333054,-15.159965,False,False,6,S63,False,2,0.2184,delivery,,,,,,,,,,,,,,,,,,,,,,,,,,,,,,,,,,,,,,,,,,,,,,,,,,,,
50,9,9,46,S63,False,2,2,4,0,16,0,0,0,0,"['B620', 'B297', 'B177', 'B603', 'B425', 'B562', 'B228', 'B387', 'B435', 'B760', 'B766', 'B224', 'B681', 'B168', 'B426', 'B52']",8.0,S43,0.64,18,2,20,0.0,,-1.335612,-13.375291,-14.710903,False,False,6,S43,True,4,0.249,pickup,,,,,,,,,,,,,,,,,,,,,,,,,,,,,,,,,,,,,,,,,,,,,,,,,,,,
50,9,9,54,S43,False,18,2,20,17,0,0,0,0,0,"['B487', 'B148', 'B620', 'B297', 'B177', 'B603', 'B425', 'B562', 'B228', 'B387', 'B435', 'B760', 'B766', 'B224', 'B681', 'B168', 'B426']",8.5,S16,0.58,1,2,3,0.0,,-1.172927,-13.451759,-14.624685,False,False,6,S50,True,2,0.2891,delivery,,,,,,,,,,,,,,,,,,,,,,,,,,,,,,,,,,,,,,,,,,,,,,,,,,,,
50,9,10,3,S16,False,1,2,3,0,8,0,1,0,0,"['B591', 'B378', 'B335', 'B462', 'B746', 'B328', 'B231', 'B393', 'B203']",4.5,S44,0.23,9,3,12,0.0,,-0.845753,-13.515933,-14.361686,True,True,12,S44,False,6,0.4397,pickup+depot_removal,,,,,,,,,,,,,,,,,,,,,,,,,,,,,,,,,,,,,,,,,,,,,,,,,,,,
50,9,10,8,S44,False,9,3,12,0,8,0,0,0,0,"['B51', 'B163', 'B265', 'B76', 'B532', 'B164', 'B404', 'B237']",4.0,S26,7.72,17,3,20,0.0,,-0.849313,-13.354742,-14.204055,False,False,4,S26,False,2,0.1418,pickup,,,,,,,,,,,,,,,,,,,,,,,,,,,,,,,,,,,,,,,,,,,,,,,,,,,,
50,9,10,20,S26,False,17,3,20,17,0,0,0,0,0,"['B52', 'B591', 'B378', 'B335', 'B462', 'B746', 'B328', 'B231', 'B393', 'B51', 'B163', 'B265', 'B76', 'B532', 'B164', 'B404', 'B237']",8.5,S32,7.72,0,3,3,0.0,,-1.17581,-13.256292,-14.432102,False,False,4,S32,False,2,0.1544,delivery,,,,,,,,,,,,,,,,,,,,,,,,,,,,,,,,,,,,,,,,,,,,,,,,,,,,
50,9,10,36,S32,False,0,3,3,0,10,0,0,0,0,"['B12', 'B24', 'B636', 'B616', 'B709', 'B191', 'B662', 'B441', 'B737', 'B286']",5.0,S29,3.29,10,3,13,0.0,,-0.942818,-13.598068,-14.540886,False,False,6,S45,True,4,0.2224,pickup,,,,,,,,,,,,,,,,,,,,,,,,,,,,,,,,,,,,,,,,,,,,,,,,,,,,
50,9,10,44,S29,False,10,3,13,10,0,0,0,0,0,"['B12', 'B24', 'B636', 'B616', 'B709', 'B191', 'B662', 'B441', 'B737', 'B286']",5.0,S62,3.79,0,3,3,0.0,,-1.497656,-13.451197,-14.948852,False,False,4,S62,False,2,0.1475,delivery,,,,,,,,,,,,,,,,,,,,,,,,,,,,,,,,,,,,,,,,,,,,,,,,,,,,
50,9,10,53,S62,False,0,3,3,0,15,0,0,0,0,"['B314', 'B733', 'B150', 'B720', 'B41', 'B537', 'B241', 'B5', 'B362', 'B497', 'B575', 'B421', 'B138', 'B548', 'B455']",7.5,S31,2.98,15,3,18,0.0,,-1.50316,-13.666312,-15.169473,False,False,6,S31,True,2,0.2117,pickup,,,,,,,,,,,,,,,,,,,,,,,,,,,,,,,,,,,,,,,,,,,,,,,,,,,,
50,9,11,4,S31,False,15,3,18,0,0,0,0,0,0,[],0.0,S50,7.46,15,3,18,0.0,,-0.813378,-13.561565,-14.374943,False,False,4,S50,False,0,0.1482,do_nothing,,,,,,,,,,,,,,,,,,,,,,,,,,,,,,,,,,,,,,,,,,,,,,,,,,,,
50,9,11,11,S50,False,15,3,18,15,0,0,0,0,0,"['B314', 'B733', 'B150', 'B720', 'B41', 'B537', 'B241', 'B5', 'B362', 'B497', 'B575', 'B421', 'B138', 'B548', 'B455']",7.5,S55,3.32,0,3,3,0.0,,-0.815429,-13.586798,-14.402227,False,False,4,S55,False,2,0.1507,delivery,,,,,,,,,,,,,,,,,,,,,,,,,,,,,,,,,,,,,,,,,,,,,,,,,,,,
50,9,11,22,S55,False,0,3,3,0,16,0,0,0,0,"['B391', 'B482', 'B513', 'B63', 'B110', 'B302', 'B167', 'B544', 'B332', 'B473', 'B326', 'B740', 'B223', 'B263', 'B197', 'B246']",8.0,S31,6.19,16,3,19,0.0,,-1.110898,-13.589538,-14.700435,False,False,6,S31,False,2,0.2176,pickup,,,,,,,,,,,,,,,,,,,,,,,,,,,,,,,,,,,,,,,,,,,,,,,,,,,,
50,9,11,36,S31,False,16,3,19,0,0,0,0,0,0,[],0.0,S61,1.01,16,3,19,0.0,,-1.630475,-13.608127,-15.238603,False,False,4,S60,True,0,0.1828,do_nothing,,,,,,,,,,,,,,,,,,,,,,,,,,,,,,,,,,,,,,,,,,,,,,,,,,,,
50,9,11,37,S61,False,16,3,19,7,0,0,1,0,0,"['B710', 'B391', 'B482', 'B513', 'B63', 'B110', 'B302', 'B167']",4.0,S31,1.01,9,4,13,0.0,,-0.913987,-13.485213,-14.3992,True,True,12,S31,False,10,0.4181,delivery+depot_removal,,,,,,,,,,,,,,,,,,,,,,,,,,,,,,,,,,,,,,,,,,,,,,,,,,,,
50,9,11,42,S31,False,9,4,13,9,0,0,0,0,0,"['B544', 'B332', 'B473', 'B326', 'B740', 'B223', 'B263', 'B197', 'B246']",4.5,S60,0.89,0,4,4,0.0,,-1.113599,-13.300785,-14.414384,False,False,4,S60,False,2,0.1409,delivery,,,,,,,,,,,,,,,,,,,,,,,,,,,,,,,,,,,,,,,,,,,,,,,,,,,,
50,9,11,47,S60,False,0,4,4,0,0,0,0,0,0,[],0.0,S52,3.35,0,4,4,0.0,,-0.813053,-13.595365,-14.408418,False,False,6,S31,True,0,0.2306,do_nothing,,,,,,,,,,,,,,,,,,,,,,,,,,,,,,,,,,,,,,,,,,,,,,,,,,,,
50,9,11,51,S52,False,0,4,4,0,13,0,0,0,0,"['B528', 'B388', 'B758', 'B499', 'B88', 'B365', 'B59', 'B424', 'B103', 'B377', 'B120', 'B699', 'B696']",6.5,S35,6.71,13,4,17,0.0,,-0.814137,-13.406855,-14.220992,False,False,6,S60,True,2,0.2184,pickup,,,,,,,,,,,,,,,,,,,,,,,,,,,,,,,,,,,,,,,,,,,,,,,,,,,,
50,9,12,4,S35,False,13,4,17,13,0,0,0,0,0,"['B528', 'B388', 'B758', 'B499', 'B88', 'B365', 'B59', 'B424', 'B103', 'B377', 'B120', 'B699', 'B696']",6.5,S60,9.21,0,4,4,0.0,,-0.88261,-13.400946,-14.283556,False,False,4,S60,False,2,0.145,delivery,,,,,,,,,,,,,,,,,,,,,,,,,,,,,,,,,,,,,,,,,,,,,,,,,,,,
50,9,12,20,S60,False,0,4,4,0,16,0,0,0,0,"['B196', 'B329', 'B572', 'B316', 'B54', 'B222', 'B7', 'B492', 'B735', 'B705', 'B320', 'B646', 'B767', 'B336', 'B433', 'B563']",8.0,S41,0.87,16,4,20,0.0,,-0.680311,-13.600241,-14.280552,False,False,4,S41,False,2,0.1858,pickup,,,,,,,,,,,,,,,,,,,,,,,,,,,,,,,,,,,,,,,,,,,,,,,,,,,,
50,9,12,29,S41,False,16,4,20,12,0,1,0,0,0,"['B196', 'B329', 'B572', 'B316', 'B54', 'B222', 'B7', 'B492', 'B735', 'B705', 'B320', 'B646']",9.0,S66,1.41,4,4,8,0.0,,-0.814137,-13.536085,-14.350222,True,True,12,S6,True,10,0.4707,delivery+onsite,,,,,,,,,,,,,,,,,,,,,,,,,,,,,,,,,,,,,,,,,,,,,,,,,,,,
50,9,12,39,S66,False,4,4,8,0,12,0,0,0,0,"['B607', 'B28', 'B305', 'B346', 'B310', 'B535', 'B281', 'B334', 'B360', 'B724', 'B420', 'B570']",6.0,S6,8.3,16,4,20,0.0,,-0.979718,-13.130882,-14.1106,False,False,4,S6,False,2,0.147,pickup,,,,,,,,,,,,,,,,,,,,,,,,,,,,,,,,,,,,,,,,,,,,,,,,,,,,
50,9,12,53,S6,False,16,4,20,11,0,0,0,0,0,"['B767', 'B336', 'B433', 'B563', 'B607', 'B28', 'B305', 'B346', 'B310', 'B535', 'B281']",5.5,S29,11.18,5,4,9,0.0,,-1.458203,-13.392416,-14.850619,False,False,6,S29,False,2,0.2212,delivery,,,,,,,,,,,,,,,,,,,,,,,,,,,,,,,,,,,,,,,,,,,,,,,,,,,,
50,9,13,10,S29,False,5,4,9,5,0,0,0,0,0,"['B334', 'B360', 'B724', 'B420', 'B570']",2.5,S62,3.79,0,4,4,0.0,,-1.53079,-13.463937,-14.994727,False,False,4,S62,False,2,0.1501,delivery,,,,,,,,,,,,,,,,,,,,,,,,,,,,,,,,,,,,,,,,,,,,,,,,,,,,
50,9,13,16,S62,False,0,4,4,0,10,0,0,0,0,"['B154', 'B475', 'B596', 'B73', 'B422', 'B167', 'B314', 'B448', 'B286', 'B653']",5.0,S46,2.76,10,4,14,0.0,,-1.52608,-13.30643,-14.83251,False,False,6,S33,True,4,0.2197,pickup,,,,,,,,,,,,,,,,,,,,,,,,,,,,,,,,,,,,,,,,,,,,,,,,,,,,
50,9,13,24,S46,False,10,4,14,10,0,0,0,0,0,"['B154', 'B475', 'B596', 'B73', 'B422', 'B167', 'B314', 'B448', 'B286', 'B653']",5.0,S33,2.0,0,4,4,0.0,,-1.072138,-13.100134,-14.172271,False,False,4,S33,False,2,0.1458,delivery,,,,,,,,,,,,,,,,,,,,,,,,,,,,,,,,,,,,,,,,,,,,,,,,,,,,
50,9,13,31,S33,False,0,4,4,0,11,0,0,0,0,"['B491', 'B20', 'B609', 'B133', 'B100', 'B762', 'B438', 'B554', 'B612', 'B465', 'B71']",5.5,S26,6.45,11,4,15,0.0,,-2.310165,-13.179759,-15.489924,False,False,6,S65,True,4,0.2111,pickup,,,,,,,,,,,,,,,,,,,,,,,,,,,,,,,,,,,,,,,,,,,,,,,,,,,,
50,9,13,43,S26,False,11,4,15,11,0,0,0,0,0,"['B491', 'B20', 'B609', 'B133', 'B100', 'B762', 'B438', 'B554', 'B612', 'B465', 'B71']",5.5,S65,6.43,0,4,4,0.0,,-1.820781,-13.251647,-15.072428,False,False,4,S65,False,2,0.1504,delivery,,,,,,,,,,,,,,,,,,,,,,,,,,,,,,,,,,,,,,,,,,,,,,,,,,,,
50,9,13,55,S65,False,0,4,4,0,15,0,0,0,0,"['B126', 'B187', 'B146', 'B704', 'B77', 'B728', 'B236', 'B39', 'B124', 'B50', 'B110', 'B711', 'B46', 'B53', 'B507']",7.5,S18,4.55,15,4,19,0.0,,-2.056976,-13.28833,-15.345307,False,False,6,S18,True,2,0.233,pickup,,,,,,,,,,,,,,,,,,,,,,,,,,,,,,,,,,,,,,,,,,,,,,,,,,,,
50,9,14,7,S18,False,15,4,19,12,0,0,0,0,0,"['B126', 'B187', 'B146', 'B704', 'B77', 'B728', 'B236', 'B39', 'B124', 'B50', 'B110', 'B711']",6.0,S64,0.52,3,4,7,0.0,,-3.008273,-13.104605,-16.112878,False,False,6,S64,False,2,0.2297,delivery,,,,,,,,,,,,,,,,,,,,,,,,,,,,,,,,,,,,,,,,,,,,,,,,,,,,
50,9,14,14,S64,False,3,4,7,3,0,0,0,0,0,"['B46', 'B53', 'B507']",1.5,S66,1.75,0,4,4,0.0,,-2.12246,-13.311065,-15.433525,False,False,4,S66,False,2,0.1461,delivery,,,,,,,,,,,,,,,,,,,,,,,,,,,,,,,,,,,,,,,,,,,,,,,,,,,,
50,9,14,17,S66,False,0,4,4,0,9,0,0,0,0,"['B231', 'B332', 'B696', 'B678', 'B509', 'B207', 'B152', 'B750', 'B591']",4.5,S24,6.55,9,4,13,0.0,,-2.150469,-13.259519,-15.409988,False,False,6,S30,True,4,0.2215,pickup,,,,,,,,,,,,,,,,,,,,,,,,,,,,,,,,,,,,,,,,,,,,,,,,,,,,
50,9,14,28,S24,False,9,4,13,9,0,0,0,0,0,"['B231', 'B332', 'B696', 'B678', 'B509', 'B207', 'B152', 'B750', 'B591']",4.5,S61,7.36,0,4,4,0.0,,-1.737346,-13.382099,-15.119444,False,False,4,S61,False,2,0.1676,delivery,,,,,,,,,,,,,,,,,,,,,,,,,,,,,,,,,,,,,,,,,,,,,,,,,,,,
50,9,14,40,S61,False,0,4,4,0,9,0,0,0,0,"['B603', 'B29', 'B256', 'B571', 'B546', 'B605', 'B707', 'B83', 'B58']",4.5,S52,2.0,9,4,13,0.0,,-1.927353,-13.269808,-15.197161,False,False,6,S41,True,4,0.2162,pickup,,,,,,,,,,,,,,,,,,,,,,,,,,,,,,,,,,,,,,,,,,,,,,,,,,,,
50,9,14,46,S52,False,9,4,13,9,0,0,0,0,0,"['B603', 'B29', 'B256', 'B571', 'B546', 'B605', 'B707', 'B83', 'B58']",4.5,S51,4.66,0,4,4,0.0,,-1.703457,-13.295886,-14.999342,False,False,4,S51,False,2,0.176,delivery,,,,,,,,,,,,,,,,,,,,,,,,,,,,,,,,,,,,,,,,,,,,,,,,,,,,
50,9,14,55,S51,False,0,4,4,0,0,1,0,0,0,[],3.0,S41,8.36,0,4,4,0.0,,-1.691339,-13.237812,-14.929152,True,True,12,S41,False,2,0.4474,do_nothing+onsite,,,,,,,,,,,,,,,,,,,,,,,,,,,,,,,,,,,,,,,,,,,,,,,,,,,,
50,9,15,7,S41,False,0,4,4,0,16,0,0,0,0,"['B195', 'B157', 'B532', 'B505', 'B491', 'B280', 'B147', 'B517', 'B683', 'B436', 'B660', 'B482', 'B452', 'B352', 'B45', 'B616']",8.0,S49,2.5,16,4,20,0.0,,-1.885567,-13.242398,-15.127965,False,False,4,S49,False,2,0.1517,pickup,,,,,,,,,,,,,,,,,,,,,,,,,,,,,,,,,,,,,,,,,,,,,,,,,,,,
50,9,15,17,S49,False,16,4,20,14,0,0,0,0,0,"['B195', 'B157', 'B532', 'B505', 'B491', 'B280', 'B147', 'B517', 'B683', 'B436', 'B660', 'B482', 'B452', 'B352']",7.0,S39,0.84,2,4,6,0.0,,-0.846071,-13.029355,-13.875426,False,False,6,S39,True,4,0.2171,delivery,,,,,,,,,,,,,,,,,,,,,,,,,,,,,,,,,,,,,,,,,,,,,,,,,,,,
50,9,15,25,S39,False,2,4,6,0,0,0,0,0,0,[],0.0,S60,2.89,2,4,6,0.0,,-1.203636,-13.16525,-14.368885,False,False,4,S60,True,0,0.1544,do_nothing,,,,,,,,,,,,,,,,,,,,,,,,,,,,,,,,,,,,,,,,,,,,,,,,,,,,
50,9,15,28,S60,False,2,4,6,0,12,0,0,0,0,"['B620', 'B749', 'B338', 'B466', 'B111', 'B687', 'B592', 'B154', 'B700', 'B596', 'B443', 'B221']",6.0,S54,6.45,14,4,18,0.0,,-0.458608,-12.914484,-13.373092,False,False,6,S54,False,4,0.2261,pickup,,,,,,,,,,,,,,,,,,,,,,,,,,,,,,,,,,,,,,,,,,,,,,,,,,,,
50,9,15,40,S54,False,14,4,18,10,0,0,0,0,0,"['B45', 'B616', 'B620', 'B749', 'B338', 'B466', 'B111', 'B687', 'B592', 'B154']",5.0,S32,2.05,4,4,8,0.0,,-0.781748,-12.750269,-13.532017,False,False,6,S32,False,2,0.2703,delivery,,,,,,,,,,,,,,,,,,,,,,,,,,,,,,,,,,,,,,,,,,,,,,,,,,,,
50,9,15,47,S32,False,4,4,8,4,0,1,0,0,0,"['B700', 'B596', 'B443', 'B221']",5.0,S10,3.25,0,4,4,0.0,,-0.489957,-12.514591,-13.004548,True,True,8,S10,False,6,0.3525,delivery+onsite,,,,,,,,,,,,,,,,,,,,,,,,,,,,,,,,,,,,,,,,,,,,,,,,,,,,
50,9,15,56,S10,False,0,4,4,0,9,0,1,0,0,"['B252', 'B627', 'B240', 'B439', 'B212', 'B581', 'B202', 'B91', 'B318', 'B449']",5.0,S29,0.66,9,5,14,0.0,,-0.78044,-12.766887,-13.547327,True,True,12,S22,True,10,0.4343,pickup+depot_removal,,,,,,,,,,,,,,,,,,,,,,,,,,,,,,,,,,,,,,,,,,,,,,,,,,,,
50,9,16,1,S29,False,9,5,14,9,0,0,0,0,0,"['B252', 'B627', 'B240', 'B439', 'B212', 'B581', 'B202', 'B91', 'B318']",4.5,S44,5.3,0,5,5,0.0,,-0.713109,-12.799869,-13.512977,False,False,4,S44,False,2,0.1757,delivery,,,,,,,,,,,,,,,,,,,,,,,,,,,,,,,,,,,,,,,,,,,,,,,,,,,,
50,9,16,11,S44,False,0,5,5,0,11,1,0,0,0,"['B733', 'B188', 'B264', 'B38', 'B63', 'B51', 'B724', 'B717', 'B175', 'B442', 'B97']",8.5,S53,1.73,11,5,16,0.0,,-0.293453,-12.659912,-12.953365,True,True,12,S53,False,10,0.6728,pickup+onsite,,,,,,,,,,,,,,,,,,,,,,,,,,,,,,,,,,,,,,,,,,,,,,,,,,,,
50,9,16,21,S53,False,11,5,16,11,0,0,2,0,0,"['B383', 'B513', 'B733', 'B188', 'B264', 'B38', 'B63', 'B51', 'B724', 'B717', 'B175', 'B442', 'B97']",6.5,S22,9.3,0,7,7,0.0,,-0.655166,-12.802158,-13.457323,True,True,18,S34,True,16,0.6395,delivery+depot_removal,,,,,,,,,,,,,,,,,,,,,,,,,,,,,,,,,,,,,,,,,,,,,,,,,,,,
50,9,16,37,S22,False,0,7,7,0,0,0,0,0,0,[],0.0,S23,1.6,0,7,7,0.0,,-0.55934,-12.767278,-13.326618,False,False,6,S2,True,0,0.3577,do_nothing,,,,,,,,,,,,,,,,,,,,,,,,,,,,,,,,,,,,,,,,,,,,,,,,,,,,
50,9,16,39,S23,False,0,7,7,0,6,1,2,0,0,"['B33', 'B440', 'B272', 'B667', 'B295', 'B0', 'B94', 'B471']",7.0,S2,2.77,6,9,15,0.0,,-0.909108,-12.749364,-13.658472,True,True,36,S22,True,34,1.295,pickup+maintenance,,,,,,,,,,,,,,,,,,,,,,,,,,,,,,,,,,,,,,,,,,,,,,,,,,,,
50,9,16,49,S2,False,6,9,15,6,0,0,0,0,0,"['B33', 'B440', 'B272', 'B667', 'B295', 'B0']",3.0,S22,1.21,0,9,9,0.0,,-0.945703,-12.708923,-13.654626,False,False,4,S22,False,2,0.1441,delivery,,,,,,,,,,,,,,,,,,,,,,,,,,,,,,,,,,,,,,,,,,,,,,,,,,,,
50,9,16,53,S22,False,0,9,9,0,0,0,0,0,0,[],0.0,S41,3.42,0,9,9,0.0,,-0.818029,-12.59887,-13.416899,False,False,4,S26,True,0,0.1419,do_nothing,,,,,,,,,,,,,,,,,,,,,,,,,,,,,,,,,,,,,,,,,,,,,,,,,,,,
50,9,16,56,S41,False,0,9,9,0,0,0,0,0,0,[],0.0,S30,0.92,0,9,9,0.0,,-0.916584,-12.669102,-13.585686,False,False,4,S30,False,0,0.1644,do_nothing,,,,,,,,,,,,,,,,,,,,,,,,,,,,,,,,,,,,,,,,,,,,,,,,,,,,
50,9,16,57,S30,False,0,9,9,0,9,0,0,0,0,"['B12', 'B726', 'B184', 'B209', 'B639', 'B537', 'B128', 'B611', 'B5']",4.5,S27,3.18,9,9,18,0.0,,-0.717484,-12.675879,-13.393363,False,False,6,S27,False,4,0.2134,pickup,,,,,,,,,,,,,,,,,,,,,,,,,,,,,,,,,,,,,,,,,,,,,,,,,,,,
50,9,17,5,S27,False,9,9,18,9,0,0,0,0,0,"['B12', 'B726', 'B184', 'B209', 'B639', 'B537', 'B128', 'B611', 'B5']",4.5,S47,4.34,0,9,9,0.0,,-0.781346,-12.39597,-13.177316,False,False,4,S4,True,2,0.1662,delivery,,,,,,,,,,,,,,,,,,,,,,,,,,,,,,,,,,,,,,,,,,,,,,,,,,,,
50,9,17,14,S47,False,0,9,9,0,0,0,1,0,0,['B181'],0.5,S22,2.32,0,10,10,0.0,,-0.520921,-12.499762,-13.020683,True,True,6,S22,False,2,0.2377,do_nothing+depot_removal,,,,,,,,,,,,,,,,,,,,,,,,,,,,,,,,,,,,,,,,,,,,,,,,,,,,
50,9,17,16,S22,False,0,10,10,0,10,0,0,0,0,"['B320', 'B99', 'B130', 'B96', 'B247', 'B245', 'B646', 'B65', 'B519', 'B358']",5.0,S4,6.38,10,10,20,0.0,,-0.425199,-12.494694,-12.919894,False,False,4,S4,False,2,0.1519,pickup,,,,,,,,,,,,,,,,,,,,,,,,,,,,,,,,,,,,,,,,,,,,,,,,,,,,
50,9,17,28,S4,False,10,10,20,0,0,1,0,0,0,[],3.0,S66,2.35,10,10,20,0.0,,-0.32567,-12.519269,-12.844939,True,True,8,S66,False,2,0.2889,do_nothing+onsite,,,,,,,,,,,,,,,,,,,,,,,,,,,,,,,,,,,,,,,,,,,,,,,,,,,,
50,9,17,33,S66,False,10,10,20,10,0,0,1,0,0,"['B740', 'B320', 'B99', 'B130', 'B96', 'B247', 'B245', 'B646', 'B65', 'B519', 'B358']",5.5,S47,2.81,0,11,11,0.0,,-0.359524,-12.479435,-12.838959,True,True,6,S47,False,4,0.2035,delivery+depot_removal,,,,,,,,,,,,,,,,,,,,,,,,,,,,,,,,,,,,,,,,,,,,,,,,,,,,
50,9,17,41,S47,False,0,11,11,0,9,0,0,0,0,"['B35', 'B553', 'B137', 'B747', 'B622', 'B421', 'B405', 'B155', 'B650']",4.5,S4,4.27,9,11,20,0.0,,-0.42329,-12.366801,-12.790091,False,False,4,S4,False,2,0.1389,pickup,,,,,,,,,,,,,,,,,,,,,,,,,,,,,,,,,,,,,,,,,,,,,,,,,,,,
50,9,17,50,S4,False,9,11,20,0,0,0,0,0,0,[],0.0,S54,5.11,9,11,20,0.0,,-0.490273,-12.37952,-12.869794,False,False,4,S54,False,0,0.1383,do_nothing,,,,,,,,,,,,,,,,,,,,,,,,,,,,,,,,,,,,,,,,,,,,,,,,,,,,
50,9,17,55,S54,False,9,11,20,9,0,0,0,0,0,"['B35', 'B553', 'B137', 'B747', 'B622', 'B421', 'B405', 'B155', 'B650']",4.5,S37,4.98,0,11,11,0.0,,-0.588323,-12.43644,-13.024764,False,False,4,S37,False,2,0.1789,delivery,,,,,,,,,,,,,,,,,,,,,,,,,,,,,,,,,,,,,,,,,,,,,,,,,,,,
50,9,18,5,S37,False,0,11,11,0,9,0,0,0,0,"['B628', 'B485', 'B497', 'B387', 'B576', 'B761', 'B169', 'B684', 'B11']",4.5,S39,3.55,9,11,20,0.0,,-0.425611,-12.503451,-12.929062,False,False,4,S60,True,2,0.1341,pickup,,,,,,,,,,,,,,,,,,,,,,,,,,,,,,,,,,,,,,,,,,,,,,,,,,,,
50,9,18,13,S39,False,9,11,20,9,0,0,0,0,0,"['B628', 'B485', 'B497', 'B387', 'B576', 'B761', 'B169', 'B684', 'B11']",4.5,S60,2.89,0,11,11,0.0,,-0.261816,-12.29843,-12.560246,False,False,4,S30,True,2,0.1356,delivery,,,,,,,,,,,,,,,,,,,,,,,,,,,,,,,,,,,,,,,,,,,,,,,,,,,,
50,9,18,20,S60,False,0,11,11,0,9,0,0,0,0,"['B367', 'B381', 'B134', 'B723', 'B327', 'B59', 'B49', 'B573', 'B720']",4.5,S30,1.77,9,11,20,0.0,,-0.230115,-12.435172,-12.665287,False,False,4,S41,True,2,0.1376,pickup,,,,,,,,,,,,,,,,,,,,,,,,,,,,,,,,,,,,,,,,,,,,,,,,,,,,
50,9,18,27,S30,False,9,11,20,9,0,0,0,0,0,"['B367', 'B381', 'B134', 'B723', 'B327', 'B59', 'B49', 'B573', 'B720']",4.5,S41,0.92,0,11,11,0.0,,-0.227778,-12.242614,-12.470392,False,False,4,S41,False,2,0.1425,delivery,,,,,,,,,,,,,,,,,,,,,,,,,,,,,,,,,,,,,,,,,,,,,,,,,,,,
50,9,18,32,S41,False,0,11,11,0,9,0,0,0,0,"['B642', 'B76', 'B338', 'B616', 'B681', 'B462', 'B151', 'B503', 'B34']",4.5,S64,1.81,9,11,20,0.0,,-0.196744,-12.580293,-12.777037,False,False,4,S64,False,2,0.1574,pickup,,,,,,,,,,,,,,,,,,,,,,,,,,,,,,,,,,,,,,,,,,,,,,,,,,,,
50,9,18,38,S64,False,9,11,20,7,0,0,0,0,0,"['B642', 'B76', 'B338', 'B616', 'B681', 'B462', 'B151']",3.5,S41,1.81,2,11,13,0.0,,-0.358197,-12.711963,-13.070159,False,False,6,S41,False,4,0.2158,delivery,,,,,,,,,,,,,,,,,,,,,,,,,,,,,,,,,,,,,,,,,,,,,,,,,,,,
50,9,18,44,S41,False,2,11,13,0,7,0,0,0,0,"['B353', 'B572', 'B749', 'B518', 'B427', 'B234', 'B426']",3.5,S16,5.02,9,11,20,0.0,,-0.323701,-12.667869,-12.991569,False,False,4,S16,False,2,0.1536,pickup,,,,,,,,,,,,,,,,,,,,,,,,,,,,,,,,,,,,,,,,,,,,,,,,,,,,
50,9,18,52,S16,False,9,11,20,7,0,0,0,0,0,"['B503', 'B34', 'B353', 'B572', 'B749', 'B518', 'B427']",3.5,S22,8.42,2,11,13,0.0,,-0.098125,-12.523924,-12.622049,False,False,6,S46,True,4,0.2292,delivery,,,,,,,,,,,,,,,,,,,,,,,,,,,,,,,,,,,,,,,,,,,,,,,,,,,,
50,9,19,4,S22,False,2,11,13,0,7,0,0,0,0,"['B46', 'B479', 'B263', 'B223', 'B150', 'B256', 'B756']",3.5,S28,5.35,9,11,20,0.0,,-0.131082,-12.481581,-12.612662,True,False,6,S28,False,4,0.2111,pickup,,,,,,,,,,,,,,,,,,,,,,,,,,,,,,,,,,,,,,,,,,,,,,,,,,,,
50,9,19,13,S28,False,9,11,20,9,0,0,0,0,0,"['B234', 'B426', 'B46', 'B479', 'B263', 'B223', 'B150', 'B256', 'B756']",4.5,S7,4.27,0,11,11,0.0,,-0.132323,-12.509856,-12.642178,False,False,4,S1,True,2,0.1405,delivery,,,,,,,,,,,,,,,,,,,,,,,,,,,,,,,,,,,,,,,,,,,,,,,,,,,,
50,9,19,22,S7,False,0,11,11,0,9,0,0,0,0,"['B116', 'B494', 'B8', 'B108', 'B685', 'B4', 'B317', 'B562', 'B674']",4.5,S4,8.53,9,11,20,0.0,,-0.066161,-12.411039,-12.4772,False,False,4,S4,False,2,0.1359,pickup,,,,,,,,,,,,,,,,,,,,,,,,,,,,,,,,,,,,,,,,,,,,,,,,,,,,
50,9,19,35,S4,False,9,11,20,9,0,0,0,0,0,"['B116', 'B494', 'B8', 'B108', 'B685', 'B4', 'B317', 'B562', 'B674']",4.5,S52,1.43,0,11,11,0.0,,-0.163708,-12.553941,-12.717649,False,False,4,S52,False,2,0.1608,delivery,,,,,,,,,,,,,,,,,,,,,,,,,,,,,,,,,,,,,,,,,,,,,,,,,,,,
50,9,19,41,S52,False,0,11,11,0,9,0,0,0,0,"['B585', 'B259', 'B106', 'B753', 'B266', 'B173', 'B167', 'B542', 'B582']",4.5,S37,1.18,9,11,20,0.0,,-0.033291,-12.536484,-12.569776,True,False,7,D0,True,4,0.2464,pickup,,,,,,,,,,,,,,,,,,,,,,,,,,,,,,,,,,,,,,,,,,,,,,,,,,,,
50,9,19,46,S37,False,9,11,20,9,0,0,0,0,0,"['B585', 'B259', 'B106', 'B753', 'B266', 'B173', 'B167', 'B542', 'B582']",4.5,D0,1.72,0,11,11,0.0,,-0.161635,-12.771229,-12.932864,False,False,2,D0,False,1,0.0893,delivery,,,,,,,,,,,,,,,,,,,,,,,,,,,,,,,,,,,,,,,,,,,,,,,,,,,,
50,9,19,53,D0,True,0,11,11,0,0,0,0,11,12,"['B62', 'B703', 'B444', 'B617', 'B274', 'B201', 'B171', 'B93', 'B748', 'B640', 'B488', 'B113', 'B359', 'B430', 'B203', 'B710', 'B449', 'B383', 'B513', 'B94', 'B471', 'B181', 'B740']",11.5,D0,0.0,12,0,12,0.0,,-0.032292,-12.495637,-12.527929,True,True,1,D0,False,0,0.0555,do_nothing,,,,,,,,,,,,,,,,,,,,,,,,,,,,,,,,,,,,,,,,,,,,,,,,,,,,
50,10,6,4,D0,True,12,0,12,0,0,0,0,0,0,[],0.0,S15,1.31,12,0,12,0.0,,-2.938513,-13.848903,-16.787416,True,True,1,S15,False,0,0.0423,depot_passthrough,,,,,,,,,,,,,,,,,,,,,,,,,,,,,,,,,,,,,,,,,,,,,,,,,,,,
50,10,6,20,S15,False,12,0,12,12,0,0,0,0,0,"['B62', 'B703', 'B444', 'B617', 'B274', 'B201', 'B171', 'B93', 'B748', 'B640', 'B488', 'B113']",6.0,S59,5.67,0,0,0,0.0,,-2.85144,-13.96866,-16.8201,False,False,4,S59,False,2,0.1884,delivery,,,,,,,,,,,,,,,,,,,,,,,,,,,,,,,,,,,,,,,,,,,,,,,,,,,,
50,10,6,32,S59,False,0,0,0,0,20,0,0,0,0,"['B655', 'B159', 'B586', 'B725', 'B504', 'B487', 'B140', 'B697', 'B454', 'B132', 'B321', 'B36', 'B666', 'B131', 'B448', 'B541', 'B583', 'B662', 'B183', 'B414']",10.0,S41,2.97,20,0,20,0.0,,-3.103492,-13.533416,-16.636908,True,False,8,S41,True,4,0.2903,pickup,,,,,,,,,,,,,,,,,,,,,,,,,,,,,,,,,,,,,,,,,,,,,,,,,,,,
50,10,6,45,S41,False,20,0,20,20,0,0,0,0,0,"['B655', 'B159', 'B586', 'B725', 'B504', 'B487', 'B140', 'B697', 'B454', 'B132', 'B321', 'B36', 'B666', 'B131', 'B448', 'B541', 'B583', 'B662', 'B183', 'B414']",10.0,S39,3.32,0,0,0,0.0,,-2.385544,-13.42743,-15.812974,False,False,6,S65,True,4,0.2484,delivery,,,,,,,,,,,,,,,,,,,,,,,,,,,,,,,,,,,,,,,,,,,,,,,,,,,,
50,10,6,58,S39,False,0,0,0,0,20,0,0,0,0,"['B684', 'B11', 'B716', 'B627', 'B82', 'B501', 'B298', 'B410', 'B327', 'B468', 'B641', 'B635', 'B329', 'B408', 'B163', 'B752', 'B492', 'B166', 'B435', 'B546']",10.0,S65,5.08,20,0,20,0.0,,-1.794027,-13.576948,-15.370975,False,False,4,S65,False,2,0.1815,pickup,,,,,,,,,,,,,,,,,,,,,,,,,,,,,,,,,,,,,,,,,,,,,,,,,,,,
50,10,7,13,S65,False,20,0,20,17,0,1,0,0,0,"['B684', 'B11', 'B716', 'B627', 'B82', 'B501', 'B298', 'B410', 'B327', 'B468', 'B641', 'B635', 'B329', 'B408', 'B163', 'B752', 'B492']",11.5,S18,4.55,3,0,3,0.0,,-1.405864,-13.406547,-14.812411,True,True,12,S22,True,6,0.4992,delivery+onsite,,,,,,,,,,,,,,,,,,,,,,,,,,,,,,,,,,,,,,,,,,,,,,,,,,,,
50,10,7,29,S18,False,3,0,3,0,13,0,0,0,0,"['B762', 'B284', 'B50', 'B110', 'B10', 'B270', 'B689', 'B88', 'B74', 'B726', 'B25', 'B160', 'B403']",6.5,S27,3.68,16,0,16,0.0,,-1.531754,-13.711284,-15.243038,False,False,6,S27,False,4,0.2705,pickup,,,,,,,,,,,,,,,,,,,,,,,,,,,,,,,,,,,,,,,,,,,,,,,,,,,,
50,10,7,40,S27,False,16,0,16,16,0,1,0,0,0,"['B166', 'B435', 'B546', 'B762', 'B284', 'B50', 'B110', 'B10', 'B270', 'B689', 'B88', 'B74', 'B726', 'B25', 'B160', 'B403']",11.0,S52,3.68,0,0,0,0.0,,-1.564828,-13.480396,-15.045224,True,True,8,S66,True,6,0.4731,delivery+onsite,,,,,,,,,,,,,,,,,,,,,,,,,,,,,,,,,,,,,,,,,,,,,,,,,,,,
50,10,7,54,S52,False,0,0,0,0,11,1,1,0,0,"['B670', 'B644', 'B700', 'B590', 'B649', 'B421', 'B456', 'B16', 'B374', 'B538', 'B340', 'B14']",9.0,S62,1.55,11,1,12,0.0,,-1.272878,-13.612,-14.884878,True,True,24,S44,True,22,0.8696,pickup+maintenance,,,,,,,,,,,,,,,,,,,,,,,,,,,,,,,,,,,,,,,,,,,,,,,,,,,,
50,10,8,5,S62,False,11,1,12,11,0,0,0,0,0,"['B670', 'B644', 'B700', 'B590', 'B649', 'B421', 'B456', 'B16', 'B374', 'B538', 'B340']",5.5,S33,0.92,0,1,1,0.0,,-0.843556,-13.526038,-14.369594,False,False,4,S33,False,2,0.1479,delivery,,,,,,,,,,,,,,,,,,,,,,,,,,,,,,,,,,,,,,,,,,,,,,,,,,,,
50,10,8,11,S33,False,0,1,1,0,17,0,0,0,0,"['B328', 'B19', 'B67', 'B286', 'B370', 'B84', 'B119', 'B35', 'B147', 'B656', 'B76', 'B537', 'B576', 'B760', 'B155', 'B169', 'B730']",8.5,S16,1.49,17,1,18,0.0,,-0.681341,-13.33845,-14.01979,False,False,6,S58,True,4,0.2291,pickup,,,,,,,,,,,,,,,,,,,,,,,,,,,,,,,,,,,,,,,,,,,,,,,,,,,,
50,10,8,21,S16,False,17,1,18,10,0,0,0,0,0,"['B328', 'B19', 'B67', 'B286', 'B370', 'B84', 'B119', 'B35', 'B147', 'B656']",5.0,S58,1.83,7,1,8,0.0,,-1.142112,-13.525307,-14.667419,False,False,6,S66,True,2,0.2233,delivery,,,,,,,,,,,,,,,,,,,,,,,,,,,,,,,,,,,,,,,,,,,,,,,,,,,,
50,10,8,28,S58,False,7,1,8,0,12,0,0,0,0,"['B719', 'B490', 'B621', 'B392', 'B86', 'B241', 'B138', 'B226', 'B303', 'B673', 'B766', 'B348']",6.0,S66,3.52,19,1,20,0.0,,-0.64967,-13.253708,-13.903378,False,False,4,S66,False,2,0.1464,pickup,,,,,,,,,,,,,,,,,,,,,,,,,,,,,,,,,,,,,,,,,,,,,,,,,,,,
50,10,8,38,S66,False,19,1,20,0,0,0,0,0,0,[],0.0,S26,5.64,19,1,20,0.0,,-0.520591,-13.111098,-13.631689,False,False,6,S64,True,0,0.2171,do_nothing,,,,,,,,,,,,,,,,,,,,,,,,,,,,,,,,,,,,,,,,,,,,,,,,,,,,
50,10,8,43,S26,False,19,1,20,16,0,0,0,0,0,"['B76', 'B537', 'B576', 'B760', 'B155', 'B169', 'B730', 'B719', 'B490', 'B621', 'B392', 'B86', 'B241', 'B138', 'B226', 'B303']",8.0,S64,7.31,3,1,4,0.0,,-0.940742,-13.133006,-14.073748,False,False,6,S66,True,2,0.233,delivery,,,,,,,,,,,,,,,,,,,,,,,,,,,,,,,,,,,,,,,,,,,,,,,,,,,,
50,10,8,59,S64,False,3,1,4,0,0,0,0,0,0,[],0.0,S4,1.27,3,1,4,0.0,,-1.431676,-13.323871,-14.755547,False,False,4,S4,False,0,0.1543,do_nothing,,,,,,,,,,,,,,,,,,,,,,,,,,,,,,,,,,,,,,,,,,,,,,,,,,,,
50,10,9,0,S4,False,3,1,4,0,9,0,0,0,0,"['B116', 'B494', 'B8', 'B108', 'B685', 'B4', 'B317', 'B562', 'B674']",4.5,S66,2.35,12,1,13,0.0,,-1.009136,-13.202962,-14.212097,False,False,6,S66,False,4,0.2371,pickup,,,,,,,,,,,,,,,,,,,,,,,,,,,,,,,,,,,,,,,,,,,,,,,,,,,,
50,10,9,7,S66,False,12,1,13,12,0,0,0,0,0,"['B673', 'B766', 'B348', 'B116', 'B494', 'B8', 'B108', 'B685', 'B4', 'B317', 'B562', 'B674']",6.0,S41,1.41,0,1,1,0.0,,-0.908286,-13.216606,-14.124892,False,False,4,S41,False,2,0.1911,delivery,,,,,,,,,,,,,,,,,,,,,,,,,,,,,,,,,,,,,,,,,,,,,,,,,,,,
50,10,9,14,S41,False,0,1,1,0,0,1,0,0,0,[],3.0,S54,6.96,0,1,1,0.0,,-1.111035,-13.1802,-14.291235,True,True,12,S54,False,2,0.5142,do_nothing+onsite,,,,,,,,,,,,,,,,,,,,,,,,,,,,,,,,,,,,,,,,,,,,,,,,,,,,
50,10,9,24,S54,False,0,1,1,0,10,0,0,0,0,"['B470', 'B186', 'B738', 'B523', 'B57', 'B318', 'B63', 'B588', 'B7', 'B30']",5.0,S29,1.43,10,1,11,0.0,,-0.911771,-13.248774,-14.160545,False,False,6,S55,True,4,0.23,pickup,,,,,,,,,,,,,,,,,,,,,,,,,,,,,,,,,,,,,,,,,,,,,,,,,,,,
50,10,9,30,S29,False,10,1,11,0,0,0,0,0,0,[],0.0,S12,9.35,10,1,11,0.0,,-0.653312,-13.285231,-13.938543,False,False,4,S25,True,0,0.1938,do_nothing,,,,,,,,,,,,,,,,,,,,,,,,,,,,,,,,,,,,,,,,,,,,,,,,,,,,
50,10,9,40,S12,False,10,1,11,10,0,1,0,0,0,"['B470', 'B186', 'B738', 'B523', 'B57', 'B318', 'B63', 'B588', 'B7', 'B30']",8.0,S25,19.34,0,1,1,0.0,,-0.649433,-13.471256,-14.120689,True,True,8,S25,False,6,0.3547,delivery+onsite,,,,,,,,,,,,,,,,,,,,,,,,,,,,,,,,,,,,,,,,,,,,,,,,,,,,
50,10,10,7,S25,False,0,1,1,0,11,1,0,0,0,"['B278', 'B345', 'B498', 'B95', 'B708', 'B531', 'B239', 'B24', 'B625', 'B291', 'B510']",8.5,S24,7.74,11,1,12,0.0,,-0.420972,-13.50946,-13.930432,True,True,12,S24,False,10,0.4774,pickup+onsite,,,,,,,,,,,,,,,,,,,,,,,,,,,,,,,,,,,,,,,,,,,,,,,,,,,,
50,10,10,23,S24,False,11,1,12,11,0,0,0,0,0,"['B278', 'B345', 'B498', 'B95', 'B708', 'B531', 'B239', 'B24', 'B625', 'B291', 'B510']",5.5,S55,9.44,0,1,1,0.0,,-0.519032,-13.609978,-14.12901,False,False,4,S55,False,2,0.1466,delivery,,,,,,,,,,,,,,,,,,,,,,,,,,,,,,,,,,,,,,,,,,,,,,,,,,,,
50,10,10,38,S55,False,0,1,1,0,15,0,0,0,0,"['B44', 'B521', 'B207', 'B97', 'B124', 'B497', 'B120', 'B191', 'B691', 'B360', 'B438', 'B466', 'B196', 'B222', 'B550']",7.5,S29,2.12,15,1,16,0.0,,-0.517121,-13.727893,-14.245014,False,False,6,S29,False,2,0.253,pickup,,,,,,,,,,,,,,,,,,,,,,,,,,,,,,,,,,,,,,,,,,,,,,,,,,,,
50,10,10,48,S29,False,15,1,16,15,0,0,0,0,0,"['B44', 'B521', 'B207', 'B97', 'B124', 'B497', 'B120', 'B191', 'B691', 'B360', 'B438', 'B466', 'B196', 'B222', 'B550']",7.5,S60,7.31,0,1,1,0.0,,-0.683371,-13.67405,-14.357421,False,False,4,S60,False,2,0.3276,delivery,,,,,,,,,,,,,,,,,,,,,,,,,,,,,,,,,,,,,,,,,,,,,,,,,,,,
50,10,11,3,S60,False,0,1,1,0,14,0,1,0,0,"['B21', 'B405', 'B467', 'B605', 'B557', 'B690', 'B1', 'B73', 'B477', 'B148', 'B354', 'B424', 'B170', 'B145', 'B524']",7.5,S15,4.42,14,2,16,0.0,,-0.718072,-13.654668,-14.37274,True,True,12,S15,True,6,0.4331,pickup+depot_removal,,,,,,,,,,,,,,,,,,,,,,,,,,,,,,,,,,,,,,,,,,,,,,,,,,,,
50,10,11,15,S15,False,14,2,16,14,0,0,0,0,0,"['B21', 'B405', 'B467', 'B605', 'B557', 'B690', 'B1', 'B73', 'B477', 'B148', 'B354', 'B424', 'B170', 'B145']",7.0,S44,4.96,0,2,2,0.0,,-0.913417,-13.75531,-14.668726,False,False,4,S44,False,2,0.1678,delivery,,,,,,,,,,,,,,,,,,,,,,,,,,,,,,,,,,,,,,,,,,,,,,,,,,,,
50,10,11,27,S44,False,0,2,2,0,10,0,0,0,0,"['B420', 'B409', 'B688', 'B746', 'B633', 'B3', 'B276', 'B102', 'B60', 'B644']",5.0,S53,1.73,10,2,12,0.0,,-0.585992,-13.901866,-14.487859,False,False,6,S53,False,4,0.2215,pickup,,,,,,,,,,,,,,,,,,,,,,,,,,,,,,,,,,,,,,,,,,,,,,,,,,,,
50,10,11,33,S53,False,10,2,12,0,0,0,0,0,0,[],0.0,S22,9.3,10,2,12,0.0,,-0.683874,-13.782049,-14.465922,False,False,4,S63,True,0,0.1706,do_nothing,,,,,,,,,,,,,,,,,,,,,,,,,,,,,,,,,,,,,,,,,,,,,,,,,,,,
50,10,11,43,S22,False,10,2,12,10,0,0,1,0,0,"['B469', 'B420', 'B409', 'B688', 'B746', 'B633', 'B3', 'B276', 'B102', 'B60', 'B644']",5.5,S41,3.42,0,3,3,0.0,,-0.681714,-13.469196,-14.15091,True,True,8,S41,False,6,0.3661,delivery+depot_removal,,,,,,,,,,,,,,,,,,,,,,,,,,,,,,,,,,,,,,,,,,,,,,,,,,,,
50,10,11,52,S41,False,0,3,3,0,12,0,0,0,0,"['B126', 'B627', 'B501', 'B82', 'B299', 'B683', 'B171', 'B486', 'B327', 'B748', 'B640', 'B488']",6.0,S29,7.7,12,3,15,0.0,,-0.780434,-13.47099,-14.251424,False,False,6,S29,False,4,0.2508,pickup,,,,,,,,,,,,,,,,,,,,,,,,,,,,,,,,,,,,,,,,,,,,,,,,,,,,
50,10,12,5,S29,False,12,3,15,12,0,0,0,0,0,"['B126', 'B627', 'B501', 'B82', 'B299', 'B683', 'B171', 'B486', 'B327', 'B748', 'B640', 'B488']",6.0,S47,9.08,0,3,3,0.0,,-1.134505,-13.704795,-14.8393,False,False,4,S47,False,2,0.1515,delivery,,,,,,,,,,,,,,,,,,,,,,,,,,,,,,,,,,,,,,,,,,,,,,,,,,,,
50,10,12,20,S47,False,0,3,3,0,0,0,1,0,0,['B275'],0.5,S18,3.54,0,4,4,0.0,,-1.073229,-13.647264,-14.720493,True,True,6,S18,False,2,0.2305,do_nothing+depot_removal,,,,,,,,,,,,,,,,,,,,,,,,,,,,,,,,,,,,,,,,,,,,,,,,,,,,
50,10,12,24,S18,False,0,4,4,0,11,0,0,0,0,"['B319', 'B114', 'B240', 'B134', 'B184', 'B286', 'B79', 'B410', 'B530', 'B336', 'B103']",5.5,S4,0.8,11,4,15,0.0,,-1.401544,-13.858102,-15.259646,False,False,6,S4,False,4,0.2433,pickup,,,,,,,,,,,,,,,,,,,,,,,,,,,,,,,,,,,,,,,,,,,,,,,,,,,,
50,10,12,31,S4,False,11,4,15,11,0,0,0,0,0,"['B319', 'B114', 'B240', 'B134', 'B184', 'B286', 'B79', 'B410', 'B530', 'B336', 'B103']",5.5,S37,0.75,0,4,4,0.0,,-1.526561,-13.555388,-15.081949,False,False,6,S37,True,4,0.2479,delivery,,,,,,,,,,,,,,,,,,,,,,,,,,,,,,,,,,,,,,,,,,,,,,,,,,,,
50,10,12,37,S37,False,0,4,4,0,16,0,0,0,0,"['B568', 'B713', 'B193', 'B632', 'B429', 'B636', 'B511', 'B125', 'B600', 'B436', 'B421', 'B400', 'B304', 'B666', 'B137', 'B20']",8.0,S42,9.19,16,4,20,0.0,,-0.809663,-13.262881,-14.072544,False,False,6,S42,True,2,0.3926,pickup,,,,,,,,,,,,,,,,,,,,,,,,,,,,,,,,,,,,,,,,,,,,,,,,,,,,
50,10,12,54,S42,False,16,4,20,12,0,0,3,0,0,"['B182', 'B652', 'B283', 'B568', 'B713', 'B193', 'B632', 'B429', 'B636', 'B511', 'B125', 'B600', 'B436', 'B421', 'B400']",7.5,S50,2.31,4,7,11,0.0,,-1.374787,-13.564025,-14.938812,True,True,18,S50,False,8,0.6315,delivery+depot_removal,,,,,,,,,,,,,,,,,,,,,,,,,,,,,,,,,,,,,,,,,,,,,,,,,,,,
50,10,13,4,S50,False,4,7,11,0,0,0,0,0,0,[],0.0,S53,5.17,4,7,11,0.0,,-1.624161,-13.397247,-15.021408,False,False,4,S53,False,0,0.1433,do_nothing,,,,,,,,,,,,,,,,,,,,,,,,,,,,,,,,,,,,,,,,,,,,,,,,,,,,
50,10,13,9,S53,False,4,7,11,0,0,0,0,0,0,[],0.0,S44,1.73,4,7,11,0.0,,-1.989662,-13.439269,-15.428931,False,False,4,S59,True,0,0.1689,do_nothing,,,,,,,,,,,,,,,,,,,,,,,,,,,,,,,,,,,,,,,,,,,,,,,,,,,,
50,10,13,11,S44,False,4,7,11,4,0,0,0,0,0,"['B304', 'B666', 'B137', 'B20']",2.0,S59,2.83,0,7,7,0.0,,-1.957781,-13.361147,-15.318928,False,False,4,S59,False,2,0.1638,delivery,,,,,,,,,,,,,,,,,,,,,,,,,,,,,,,,,,,,,,,,,,,,,,,,,,,,
50,10,13,16,S59,False,0,7,7,0,13,1,0,0,0,"['B419', 'B112', 'B96', 'B81', 'B22', 'B650', 'B743', 'B371', 'B362', 'B427', 'B366', 'B338', 'B672']",9.5,S50,8.72,13,7,20,0.0,,-0.744839,-13.250003,-13.994842,True,True,8,S50,False,6,0.2695,pickup+onsite,,,,,,,,,,,,,,,,,,,,,,,,,,,,,,,,,,,,,,,,,,,,,,,,,,,,
50,10,13,34,S50,False,13,7,20,13,0,0,0,0,0,"['B419', 'B112', 'B96', 'B81', 'B22', 'B650', 'B743', 'B371', 'B362', 'B427', 'B366', 'B338', 'B672']",6.5,S10,1.78,0,7,7,0.0,,-1.403945,-13.461298,-14.865242,False,False,4,S57,True,2,0.1332,delivery,,,,,,,,,,,,,,,,,,,,,,,,,,,,,,,,,,,,,,,,,,,,,,,,,,,,
50,10,13,42,S10,False,0,7,7,0,0,0,0,0,0,[],0.0,S27,4.28,0,7,7,0.0,,-2.179968,-13.346102,-15.526071,False,False,4,S27,False,0,0.1431,do_nothing,,,,,,,,,,,,,,,,,,,,,,,,,,,,,,,,,,,,,,,,,,,,,,,,,,,,
50,10,13,46,S27,False,0,7,7,0,11,0,0,0,0,"['B270', 'B689', 'B88', 'B74', 'B726', 'B25', 'B160', 'B403', 'B225', 'B696', 'B48']",5.5,S43,5.27,11,7,18,0.0,,-1.246419,-13.276918,-14.523337,False,False,6,S43,False,4,0.2084,pickup,,,,,,,,,,,,,,,,,,,,,,,,,,,,,,,,,,,,,,,,,,,,,,,,,,,,
50,10,13,57,S43,False,11,7,18,11,0,0,0,0,0,"['B270', 'B689', 'B88', 'B74', 'B726', 'B25', 'B160', 'B403', 'B225', 'B696', 'B48']",5.5,S58,1.78,0,7,7,0.0,,-1.376937,-13.506902,-14.883839,False,False,4,S58,False,2,0.1537,delivery,,,,,,,,,,,,,,,,,,,,,,,,,,,,,,,,,,,,,,,,,,,,,,,,,,,,
50,10,14,5,S58,False,0,7,7,0,10,0,0,0,0,"['B221', 'B684', 'B42', 'B13', 'B709', 'B15', 'B643', 'B68', 'B747', 'B325']",5.0,S33,2.58,10,7,17,0.0,,-0.912335,-13.382373,-14.294707,False,False,6,S33,True,4,0.2183,pickup,,,,,,,,,,,,,,,,,,,,,,,,,,,,,,,,,,,,,,,,,,,,,,,,,,,,
50,10,14,12,S33,False,10,7,17,0,0,0,0,0,0,[],0.0,S55,3.28,10,7,17,0.0,,-1.140095,-13.557869,-14.697964,False,False,4,S66,True,0,0.1645,do_nothing,,,,,,,,,,,,,,,,,,,,,,,,,,,,,,,,,,,,,,,,,,,,,,,,,,,,
50,10,14,15,S55,False,10,7,17,0,0,1,0,0,0,[],3.0,S54,0.95,10,7,17,0.0,,-1.498983,-13.76427,-15.263254,True,True,8,S0,True,2,0.2897,do_nothing+onsite,,,,,,,,,,,,,,,,,,,,,,,,,,,,,,,,,,,,,,,,,,,,,,,,,,,,
50,10,14,19,S54,False,10,7,17,10,0,0,0,0,0,"['B221', 'B684', 'B42', 'B13', 'B709', 'B15', 'B643', 'B68', 'B747', 'B325']",5.0,S30,7.41,0,7,7,0.0,,-1.406436,-13.606882,-15.013318,False,False,4,S33,True,2,0.172,delivery,,,,,,,,,,,,,,,,,,,,,,,,,,,,,,,,,,,,,,,,,,,,,,,,,,,,
50,10,14,32,S30,False,0,7,7,0,10,1,0,0,0,"['B289', 'B712', 'B542', 'B235', 'B439', 'B527', 'B593', 'B148', 'B240', 'B407']",8.0,S33,5.08,10,7,17,0.0,,-1.13524,-13.45345,-14.588689,True,True,12,S65,True,6,0.4139,pickup+onsite,,,,,,,,,,,,,,,,,,,,,,,,,,,,,,,,,,,,,,,,,,,,,,,,,,,,
50,10,14,45,S33,False,10,7,17,10,0,0,0,0,0,"['B289', 'B712', 'B542', 'B235', 'B439', 'B527', 'B593', 'B148', 'B240', 'B407']",5.0,S65,6.32,0,7,7,0.0,,-1.238505,-13.42718,-14.665685,False,False,4,S65,False,2,0.1603,delivery,,,,,,,,,,,,,,,,,,,,,,,,,,,,,,,,,,,,,,,,,,,,,,,,,,,,
50,10,14,56,S65,False,0,7,7,0,13,0,0,0,0,"['B213', 'B479', 'B263', 'B120', 'B150', 'B223', 'B43', 'B382', 'B265', 'B688', 'B61', 'B4', 'B633']",6.5,S39,5.08,13,7,20,0.0,,-1.893063,-13.425796,-15.318859,False,False,4,S39,False,2,0.1887,pickup,,,,,,,,,,,,,,,,,,,,,,,,,,,,,,,,,,,,,,,,,,,,,,,,,,,,
50,10,15,8,S39,False,13,7,20,13,0,1,0,0,0,"['B213', 'B479', 'B263', 'B120', 'B150', 'B223', 'B43', 'B382', 'B265', 'B688', 'B61', 'B4', 'B633']",9.5,S41,3.32,0,7,7,0.0,,-0.915977,-13.557542,-14.47352,True,True,8,S15,True,6,0.3272,delivery+onsite,,,,,,,,,,,,,,,,,,,,,,,,,,,,,,,,,,,,,,,,,,,,,,,,,,,,
50,10,15,21,S41,False,0,7,7,0,11,1,0,0,0,"['B341', 'B215', 'B757', 'B574', 'B600', 'B174', 'B135', 'B572', 'B646', 'B246', 'B69']",8.5,S15,4.47,11,7,18,0.0,,-1.729608,-13.446559,-15.176167,True,True,12,S65,True,10,0.428,pickup+onsite,,,,,,,,,,,,,,,,,,,,,,,,,,,,,,,,,,,,,,,,,,,,,,,,,,,,
50,10,15,33,S15,False,11,7,18,11,0,0,0,0,0,"['B341', 'B215', 'B757', 'B574', 'B600', 'B174', 'B135', 'B572', 'B646', 'B246', 'B69']",5.5,S65,5.1,0,7,7,0.0,,-1.891323,-13.394661,-15.285984,False,False,4,S65,False,2,0.1419,delivery,,,,,,,,,,,,,,,,,,,,,,,,,,,,,,,,,,,,,,,,,,,,,,,,,,,,
50,10,15,44,S65,False,0,7,7,0,13,0,0,0,0,"['B3', 'B184', 'B166', 'B577', 'B17', 'B91', 'B194', 'B651', 'B597', 'B721', 'B134', 'B140', 'B566']",6.5,S26,6.43,13,7,20,0.0,,-1.635215,-13.331107,-14.966321,False,False,6,S26,True,2,0.2164,pickup,,,,,,,,,,,,,,,,,,,,,,,,,,,,,,,,,,,,,,,,,,,,,,,,,,,,
50,10,15,57,S26,False,13,7,20,13,0,0,0,0,0,"['B3', 'B184', 'B166', 'B577', 'B17', 'B91', 'B194', 'B651', 'B597', 'B721', 'B134', 'B140', 'B566']",6.5,S31,6.02,0,7,7,0.0,,-2.12815,-13.210596,-15.338746,False,False,4,S17,True,2,0.148,delivery,,,,,,,,,,,,,,,,,,,,,,,,,,,,,,,,,,,,,,,,,,,,,,,,,,,,
50,10,16,10,S31,False,0,7,7,0,13,0,0,0,0,"['B317', 'B761', 'B435', 'B299', 'B614', 'B662', 'B378', 'B390', 'B211', 'B244', 'B229', 'B708', 'B217']",6.5,S17,7.72,13,7,20,0.0,,-1.212171,-13.222342,-14.434513,True,False,6,S22,True,4,0.2104,pickup,,,,,,,,,,,,,,,,,,,,,,,,,,,,,,,,,,,,,,,,,,,,,,,,,,,,
50,10,16,24,S17,False,13,7,20,13,0,0,0,0,0,"['B317', 'B761', 'B435', 'B299', 'B614', 'B662', 'B378', 'B390', 'B211', 'B244', 'B229', 'B708', 'B217']",6.5,S22,8.16,0,7,7,0.0,,-0.94571,-13.147945,-14.093655,False,False,4,S22,False,2,0.1385,delivery,,,,,,,,,,,,,,,,,,,,,,,,,,,,,,,,,,,,,,,,,,,,,,,,,,,,
50,10,16,38,S22,False,0,7,7,0,13,0,0,0,0,"['B268', 'B613', 'B159', 'B751', 'B541', 'B719', 'B516', 'B752', 'B131', 'B401', 'B536', 'B720', 'B590']",6.5,S41,3.42,13,7,20,0.0,,-1.211809,-13.100737,-14.312547,False,False,4,S41,False,2,0.146,pickup,,,,,,,,,,,,,,,,,,,,,,,,,,,,,,,,,,,,,,,,,,,,,,,,,,,,
50,10,16,48,S41,False,13,7,20,0,0,0,0,0,0,[],0.0,S65,2.23,13,7,20,0.0,,-1.56918,-13.247786,-14.816967,False,False,4,S31,True,0,0.1676,do_nothing,,,,,,,,,,,,,,,,,,,,,,,,,,,,,,,,,,,,,,,,,,,,,,,,,,,,
50,10,16,51,S65,False,13,7,20,13,0,0,0,0,0,"['B268', 'B613', 'B159', 'B751', 'B541', 'B719', 'B516', 'B752', 'B131', 'B401', 'B536', 'B720', 'B590']",6.5,S31,3.2,0,7,7,0.0,,-1.83576,-13.043881,-14.87964,False,False,4,S31,False,2,0.1793,delivery,,,,,,,,,,,,,,,,,,,,,,,,,,,,,,,,,,,,,,,,,,,,,,,,,,,,
50,10,17,0,S31,False,0,7,7,0,0,0,1,0,0,['B604'],0.5,S66,0.38,0,8,8,0.0,,-1.113622,-13.061437,-14.175059,True,True,10,S66,False,2,0.5102,do_nothing+depot_removal,,,,,,,,,,,,,,,,,,,,,,,,,,,,,,,,,,,,,,,,,,,,,,,,,,,,
50,10,17,1,S66,False,0,8,8,0,12,1,0,0,0,"['B170', 'B616', 'B467', 'B444', 'B653', 'B62', 'B491', 'B519', 'B5', 'B356', 'B220', 'B288']",9.0,S41,1.41,12,8,20,0.0,,-1.144512,-12.939511,-14.084023,True,True,20,S41,True,10,0.6792,pickup+onsite,,,,,,,,,,,,,,,,,,,,,,,,,,,,,,,,,,,,,,,,,,,,,,,,,,,,
50,10,17,12,S41,False,12,8,20,12,0,0,0,0,0,"['B170', 'B616', 'B467', 'B444', 'B653', 'B62', 'B491', 'B519', 'B5', 'B356', 'B220', 'B288']",6.0,S35,9.63,0,8,8,0.0,,-0.848716,-12.884152,-13.732868,False,False,4,S3,True,2,0.1652,delivery,,,,,,,,,,,,,,,,,,,,,,,,,,,,,,,,,,,,,,,,,,,,,,,,,,,,
50,10,17,27,S35,False,0,8,8,0,11,0,1,0,0,"['B279', 'B620', 'B640', 'B68', 'B208', 'B388', 'B9', 'B533', 'B610', 'B556', 'B23', 'B157']",6.0,S3,3.69,11,9,20,0.0,,-0.49028,-12.731139,-13.22142,True,True,10,S3,False,8,0.341,pickup+depot_removal,,,,,,,,,,,,,,,,,,,,,,,,,,,,,,,,,,,,,,,,,,,,,,,,,,,,
50,10,17,37,S3,False,11,9,20,0,0,0,0,0,0,[],0.0,S45,3.25,11,9,20,0.0,,-0.489201,-12.735338,-13.224539,False,False,4,S37,True,0,0.1568,do_nothing,,,,,,,,,,,,,,,,,,,,,,,,,,,,,,,,,,,,,,,,,,,,,,,,,,,,
50,10,17,40,S45,False,11,9,20,9,0,0,0,0,0,"['B279', 'B620', 'B640', 'B68', 'B208', 'B388', 'B9', 'B533', 'B610']",4.5,S3,3.25,2,9,11,0.0,,-0.424769,-12.700711,-13.125479,False,False,6,S3,True,2,0.2134,delivery,,,,,,,,,,,,,,,,,,,,,,,,,,,,,,,,,,,,,,,,,,,,,,,,,,,,
50,10,17,48,S3,False,2,9,11,0,0,0,0,0,0,[],0.0,S54,2.56,2,9,11,0.0,,-0.356637,-12.937392,-13.294029,False,False,4,S31,True,0,0.2016,do_nothing,,,,,,,,,,,,,,,,,,,,,,,,,,,,,,,,,,,,,,,,,,,,,,,,,,,,
50,10,17,50,S54,False,2,9,11,2,0,1,1,0,0,"['B291', 'B556', 'B23']",4.5,S31,5.7,0,10,10,0.0,,-0.519753,-12.700763,-13.220516,True,True,16,S31,False,14,0.577,delivery+maintenance,,,,,,,,,,,,,,,,,,,,,,,,,,,,,,,,,,,,,,,,,,,,,,,,,,,,
50,10,18,1,S31,False,0,10,10,0,10,0,0,0,0,"['B154', 'B234', 'B453', 'B160', 'B351', 'B403', 'B262', 'B709', 'B269', 'B48']",5.0,S63,4.21,10,10,20,0.0,,-0.590974,-12.620265,-13.211239,False,False,4,S37,True,2,0.1518,pickup,,,,,,,,,,,,,,,,,,,,,,,,,,,,,,,,,,,,,,,,,,,,,,,,,,,,
50,10,18,10,S63,False,10,10,20,0,0,0,0,0,0,[],0.0,S52,1.26,10,10,20,0.0,,-0.71889,-12.653078,-13.371968,False,False,4,S52,False,0,0.1515,do_nothing,,,,,,,,,,,,,,,,,,,,,,,,,,,,,,,,,,,,,,,,,,,,,,,,,,,,
50,10,18,11,S52,False,10,10,20,10,0,0,1,0,0,"['B41', 'B154', 'B234', 'B453', 'B160', 'B351', 'B403', 'B262', 'B709', 'B269', 'B48']",5.5,S37,1.18,0,11,11,0.0,,-0.585756,-12.54768,-13.133436,True,True,6,S37,False,4,0.2313,delivery+depot_removal,,,,,,,,,,,,,,,,,,,,,,,,,,,,,,,,,,,,,,,,,,,,,,,,,,,,
50,10,18,18,S37,False,0,11,11,0,9,0,0,0,0,"['B488', 'B30', 'B26', 'B142', 'B684', 'B500', 'B237', 'B42', 'B713']",4.5,S63,1.78,9,11,20,0.0,,-0.391581,-12.484827,-12.876408,True,False,6,S51,True,4,0.2496,pickup,,,,,,,,,,,,,,,,,,,,,,,,,,,,,,,,,,,,,,,,,,,,,,,,,,,,
50,10,18,24,S63,False,9,11,20,9,0,0,0,0,0,"['B488', 'B30', 'B26', 'B142', 'B684', 'B500', 'B237', 'B42', 'B713']",4.5,S51,3.43,0,11,11,0.0,,-0.227557,-12.439754,-12.66731,False,False,4,S10,True,2,0.1555,delivery,,,,,,,,,,,,,,,,,,,,,,,,,,,,,,,,,,,,,,,,,,,,,,,,,,,,
50,10,18,32,S51,False,0,11,11,0,9,1,0,0,0,"['B637', 'B103', 'B243', 'B66', 'B470', 'B369', 'B512', 'B420', 'B330']",7.5,S10,7.37,9,11,20,0.0,,-0.195828,-12.288537,-12.484365,True,True,8,S10,False,6,0.3185,pickup+onsite,,,,,,,,,,,,,,,,,,,,,,,,,,,,,,,,,,,,,,,,,,,,,,,,,,,,
50,10,18,47,S10,False,9,11,20,0,0,0,0,0,0,[],0.0,S53,3.54,9,11,20,0.0,,-0.35704,-12.482488,-12.839528,False,False,4,S45,True,0,0.1344,do_nothing,,,,,,,,,,,,,,,,,,,,,,,,,,,,,,,,,,,,,,,,,,,,,,,,,,,,
50,10,18,50,S53,False,9,11,20,0,0,0,0,0,0,[],0.0,S10,3.54,9,11,20,0.0,,-0.262074,-12.453741,-12.715815,False,False,4,S10,False,0,0.1249,do_nothing,,,,,,,,,,,,,,,,,,,,,,,,,,,,,,,,,,,,,,,,,,,,,,,,,,,,
50,10,18,54,S10,False,9,11,20,9,0,0,0,0,0,"['B637', 'B103', 'B243', 'B66', 'B470', 'B369', 'B512', 'B420', 'B330']",4.5,S45,3.67,0,11,11,0.0,,-0.490288,-12.483498,-12.973787,False,False,4,S45,False,2,0.1363,delivery,,,,,,,,,,,,,,,,,,,,,,,,,,,,,,,,,,,,,,,,,,,,,,,,,,,,
50,10,19,2,S45,False,0,11,11,0,0,0,0,0,0,[],0.0,S0,8.88,0,11,11,0.0,,-0.325012,-12.515373,-12.840385,False,False,2,S0,False,0,0.0695,do_nothing,,,,,,,,,,,,,,,,,,,,,,,,,,,,,,,,,,,,,,,,,,,,,,,,,,,,
50,10,19,11,S0,False,0,11,11,0,0,0,0,0,0,[],0.0,S56,5.46,0,11,11,0.0,,-0.097046,-12.493675,-12.590722,False,False,4,S36,True,0,0.3264,do_nothing,,,,,,,,,,,,,,,,,,,,,,,,,,,,,,,,,,,,,,,,,,,,,,,,,,,,
50,10,19,16,S56,False,0,11,11,0,4,1,0,0,0,"['B52', 'B78', 'B46', 'B300']",5.0,S0,5.46,4,11,15,0.0,,-0.164119,-12.512408,-12.676526,True,True,36,S0,False,30,1.4152,pickup+onsite,,,,,,,,,,,,,,,,,,,,,,,,,,,,,,,,,,,,,,,,,,,,,,,,,,,,
50,10,19,27,S0,False,4,11,15,0,5,0,0,0,0,"['B212', 'B507', 'B741', 'B98', 'B565']",2.5,S36,9.16,9,11,20,0.0,,-0.065499,-12.517876,-12.583375,False,False,4,S36,False,2,0.1609,pickup,,,,,,,,,,,,,,,,,,,,,,,,,,,,,,,,,,,,,,,,,,,,,,,,,,,,
50,10,19,39,S36,False,9,11,20,0,0,1,0,0,0,[],3.0,S53,2.92,9,11,20,0.0,,-0.033207,-12.511777,-12.544984,True,True,6,S53,False,2,0.2252,do_nothing+onsite,,,,,,,,,,,,,,,,,,,,,,,,,,,,,,,,,,,,,,,,,,,,,,,,,,,,
50,10,19,44,S53,False,9,11,20,0,0,0,0,0,0,[],0.0,S52,2.01,9,11,20,0.0,,-0.162048,-12.490715,-12.652763,False,False,3,D0,True,0,0.1249,do_nothing,,,,,,,,,,,,,,,,,,,,,,,,,,,,,,,,,,,,,,,,,,,,,,,,,,,,
50,10,19,46,S52,False,9,11,20,0,0,0,0,0,0,[],0.0,S33,0.73,9,11,20,0.0,,0.0,-12.495457,-12.495457,False,False,4,S33,False,0,0.1667,do_nothing,,,,,,,,,,,,,,,,,,,,,,,,,,,,,,,,,,,,,,,,,,,,,,,,,,,,
50,10,19,47,S33,False,9,11,20,0,0,0,0,0,0,[],0.0,S52,0.73,9,11,20,0.0,,-0.064422,-12.508136,-12.572558,False,False,4,D0,True,0,0.1693,do_nothing,,,,,,,,,,,,,,,,,,,,,,,,,,,,,,,,,,,,,,,,,,,,,,,,,,,,
50,10,19,48,S52,False,9,11,20,0,0,0,0,0,0,[],0.0,D0,1.21,9,11,20,0.0,,-0.065327,-12.697336,-12.762663,False,False,3,D0,True,0,0.1376,do_nothing,,,,,,,,,,,,,,,,,,,,,,,,,,,,,,,,,,,,,,,,,,,,,,,,,,,,
50,10,19,49,D0,True,9,11,20,0,0,0,0,11,0,"['B14', 'B524', 'B469', 'B275', 'B182', 'B652', 'B283', 'B604', 'B157', 'B291', 'B41']",5.5,D0,0.0,9,0,9,0.0,,-0.032457,-12.708715,-12.741171,True,True,1,D0,False,0,0.0573,do_nothing,,,,,,,,,,,,,,,,,,,,,,,,,,,,,,,,,,,,,,,,,,,,,,,,,,,,
50,11,6,10,D0,True,9,0,9,0,0,0,0,0,11,"['B359', 'B430', 'B203', 'B710', 'B449', 'B383', 'B513', 'B94', 'B471', 'B181', 'B740']",5.5,S40,0.66,20,0,20,0.0,,-2.124882,-13.873031,-15.997913,True,True,1,S40,False,0,0.0492,load_queue,,,,,,,,,,,,,,,,,,,,,,,,,,,,,,,,,,,,,,,,,,,,,,,,,,,,
50,11,6,31,S40,False,20,0,20,15,0,0,0,0,0,"['B52', 'B78', 'B46', 'B300', 'B212', 'B507', 'B741', 'B98', 'B565', 'B359', 'B430', 'B203', 'B710', 'B449', 'B383']",7.5,S60,4.29,5,0,5,0.0,,-1.530316,-13.582415,-15.112731,False,False,6,S60,False,4,0.2386,delivery,,,,,,,,,,,,,,,,,,,,,,,,,,,,,,,,,,,,,,,,,,,,,,,,,,,,
50,11,6,43,S60,False,5,0,5,0,15,0,0,0,0,"['B270', 'B605', 'B454', 'B67', 'B472', 'B24', 'B705', 'B573', 'B268', 'B307', 'B764', 'B224', 'B58', 'B253', 'B173']",7.5,S66,1.23,20,0,20,0.0,,-1.592983,-13.467324,-15.060308,False,False,4,S66,False,2,0.1828,pickup,,,,,,,,,,,,,,,,,,,,,,,,,,,,,,,,,,,,,,,,,,,,,,,,,,,,
50,11,6,51,S66,False,20,0,20,17,0,0,1,0,0,"['B722', 'B513', 'B94', 'B471', 'B181', 'B740', 'B270', 'B605', 'B454', 'B67', 'B472', 'B24', 'B705', 'B573', 'B268', 'B307', 'B764', 'B224']",9.0,S46,5.15,3,1,4,0.0,,-1.109987,-13.49302,-14.603007,True,True,10,S46,False,4,0.7154,delivery+depot_removal,,,,,,,,,,,,,,,,,,,,,,,,,,,,,,,,,,,,,,,,,,,,,,,,,,,,
50,11,7,6,S46,False,3,1,4,0,14,1,1,0,0,"['B277', 'B92', 'B563', 'B286', 'B743', 'B112', 'B122', 'B45', 'B53', 'B643', 'B399', 'B64', 'B602', 'B726', 'B431']",10.5,S34,5.06,17,2,19,0.0,,-0.780771,-13.467561,-14.248332,True,True,20,S34,False,18,0.6986,pickup+maintenance,,,,,,,,,,,,,,,,,,,,,,,,,,,,,,,,,,,,,,,,,,,,,,,,,,,,
50,11,7,21,S34,False,17,2,19,17,0,0,0,0,0,"['B58', 'B253', 'B173', 'B277', 'B92', 'B563', 'B286', 'B743', 'B112', 'B122', 'B45', 'B53', 'B643', 'B399', 'B64', 'B602', 'B726']",8.5,S4,5.11,0,2,2,0.0,,-0.488048,-13.5183,-14.006348,False,False,4,S4,False,2,0.1399,delivery,,,,,,,,,,,,,,,,,,,,,,,,,,,,,,,,,,,,,,,,,,,,,,,,,,,,
50,11,7,35,S4,False,0,2,2,0,0,0,0,0,0,[],0.0,S37,0.75,0,2,2,0.0,,-1.300278,-13.480033,-14.780312,False,False,4,S37,False,0,0.184,do_nothing,,,,,,,,,,,,,,,,,,,,,,,,,,,,,,,,,,,,,,,,,,,,,,,,,,,,
50,11,7,35,S37,False,0,2,2,0,15,0,1,0,0,"['B405', 'B296', 'B219', 'B518', 'B438', 'B127', 'B273', 'B342', 'B757', 'B258', 'B143', 'B126', 'B12', 'B749', 'B555', 'B294']",8.0,S41,3.7,15,3,18,0.0,,-0.523561,-13.336229,-13.85979,True,True,10,S41,False,6,0.3943,pickup+depot_removal,,,,,,,,,,,,,,,,,,,,,,,,,,,,,,,,,,,,,,,,,,,,,,,,,,,,
50,11,7,47,S41,False,15,3,18,15,0,1,0,0,0,"['B405', 'B296', 'B219', 'B518', 'B438', 'B127', 'B273', 'B342', 'B757', 'B258', 'B143', 'B126', 'B12', 'B749', 'B555']",10.5,S49,2.5,0,3,3,0.0,,-0.620465,-13.196337,-13.816802,True,True,8,S49,False,6,0.2921,delivery+onsite,,,,,,,,,,,,,,,,,,,,,,,,,,,,,,,,,,,,,,,,,,,,,,,,,,,,
50,11,8,0,S49,False,0,3,3,0,12,0,0,0,0,"['B588', 'B725', 'B394', 'B459', 'B496', 'B446', 'B136', 'B313', 'B382', 'B670', 'B4', 'B727']",6.0,S18,2.0,12,3,15,0.0,,-0.717834,-13.207563,-13.925397,False,False,6,S52,True,2,0.2226,pickup,,,,,,,,,,,,,,,,,,,,,,,,,,,,,,,,,,,,,,,,,,,,,,,,,,,,
50,11,8,8,S18,False,12,3,15,12,0,0,0,0,0,"['B588', 'B725', 'B394', 'B459', 'B496', 'B446', 'B136', 'B313', 'B382', 'B670', 'B4', 'B727']",6.0,S58,1.59,0,3,3,0.0,,-1.367919,-13.224677,-14.592596,False,False,4,S58,False,2,0.152,delivery,,,,,,,,,,,,,,,,,,,,,,,,,,,,,,,,,,,,,,,,,,,,,,,,,,,,
50,11,8,16,S58,False,0,3,3,0,10,0,0,0,0,"['B476', 'B562', 'B110', 'B354', 'B702', 'B735', 'B491', 'B252', 'B400', 'B583']",5.0,S44,1.79,10,3,13,0.0,,-0.716759,-13.220397,-13.937156,False,False,6,S44,False,4,0.2237,pickup,,,,,,,,,,,,,,,,,,,,,,,,,,,,,,,,,,,,,,,,,,,,,,,,,,,,
50,11,8,22,S44,False,10,3,13,0,0,0,0,0,0,[],0.0,S51,3.83,10,3,13,0.0,,-0.649541,-13.259578,-13.909119,False,False,4,S54,True,0,0.168,do_nothing,,,,,,,,,,,,,,,,,,,,,,,,,,,,,,,,,,,,,,,,,,,,,,,,,,,,
50,11,8,26,S51,False,10,3,13,10,0,0,1,0,0,"['B377', 'B476', 'B562', 'B110', 'B354', 'B702', 'B735', 'B491', 'B252', 'B400', 'B583']",5.5,S54,6.18,0,4,4,0.0,,-0.811642,-13.126287,-13.937928,True,True,8,S54,False,6,0.3006,delivery+depot_removal,,,,,,,,,,,,,,,,,,,,,,,,,,,,,,,,,,,,,,,,,,,,,,,,,,,,
50,11,8,38,S54,False,0,4,4,0,16,0,0,0,0,"['B237', 'B699', 'B522', 'B159', 'B545', 'B116', 'B477', 'B628', 'B336', 'B162', 'B763', 'B329', 'B331', 'B471', 'B79', 'B181']",8.0,S15,3.9,16,4,20,0.0,,-1.009605,-13.23838,-14.247985,False,False,6,S15,True,2,0.2667,pickup,,,,,,,,,,,,,,,,,,,,,,,,,,,,,,,,,,,,,,,,,,,,,,,,,,,,
50,11,8,50,S15,False,16,4,20,0,0,0,0,0,0,[],0.0,S29,3.9,16,4,20,0.0,,-0.65175,-13.26223,-13.913979,False,False,6,S29,True,0,0.2038,do_nothing,,,,,,,,,,,,,,,,,,,,,,,,,,,,,,,,,,,,,,,,,,,,,,,,,,,,
50,11,8,54,S29,False,16,4,20,16,0,0,0,0,0,"['B237', 'B699', 'B522', 'B159', 'B545', 'B116', 'B477', 'B628', 'B336', 'B162', 'B763', 'B329', 'B331', 'B471', 'B79', 'B181']",8.0,S56,2.28,0,4,4,0.0,,-0.650501,-13.085639,-13.736139,False,False,4,S56,False,2,0.2116,delivery,,,,,,,,,,,,,,,,,,,,,,,,,,,,,,,,,,,,,,,,,,,,,,,,,,,,
50,11,9,4,S56,False,0,4,4,0,4,0,2,0,0,"['B100', 'B620', 'B520', 'B231', 'B648', 'B232']",3.0,S15,5.59,4,6,10,0.0,,-0.780008,-13.304229,-14.084237,True,True,18,S40,True,16,0.6462,pickup+depot_removal,,,,,,,,,,,,,,,,,,,,,,,,,,,,,,,,,,,,,,,,,,,,,,,,,,,,
50,11,9,13,S15,False,4,6,10,4,0,0,0,0,0,"['B100', 'B620', 'B520', 'B231']",2.0,S40,2.5,0,6,6,0.0,,-0.587491,-13.054051,-13.641542,False,False,4,S40,False,2,0.1479,delivery,,,,,,,,,,,,,,,,,,,,,,,,,,,,,,,,,,,,,,,,,,,,,,,,,,,,
50,11,9,17,S40,False,0,6,6,0,12,0,0,0,0,"['B300', 'B212', 'B507', 'B741', 'B98', 'B565', 'B359', 'B430', 'B203', 'B710', 'B449', 'B383']",6.0,S65,6.32,12,6,18,0.0,,-0.456823,-13.066223,-13.523046,False,False,6,S65,True,2,0.2686,pickup,,,,,,,,,,,,,,,,,,,,,,,,,,,,,,,,,,,,,,,,,,,,,,,,,,,,
50,11,9,29,S65,False,12,6,18,12,0,0,0,0,0,"['B300', 'B212', 'B507', 'B741', 'B98', 'B565', 'B359', 'B430', 'B203', 'B710', 'B449', 'B383']",6.0,S2,1.06,0,6,6,0.0,,-0.877464,-13.214947,-14.09241,False,False,4,S2,False,2,0.1411,delivery,,,,,,,,,,,,,,,,,,,,,,,,,,,,,,,,,,,,,,,,,,,,,,,,,,,,
50,11,9,37,S2,False,0,6,6,0,0,0,0,0,0,[],0.0,S47,2.63,0,6,6,0.0,,-0.421457,-13.326829,-13.748286,False,False,4,S47,False,0,0.1527,do_nothing,,,,,,,,,,,,,,,,,,,,,,,,,,,,,,,,,,,,,,,,,,,,,,,,,,,,
50,11,9,39,S47,False,0,6,6,0,12,0,0,0,0,"['B2', 'B25', 'B174', 'B675', 'B373', 'B525', 'B649', 'B8', 'B531', 'B426', 'B285', 'B198']",6.0,S20,5.93,12,6,18,0.0,,-0.32709,-13.299584,-13.626675,False,False,6,S20,False,4,0.285,pickup,,,,,,,,,,,,,,,,,,,,,,,,,,,,,,,,,,,,,,,,,,,,,,,,,,,,
50,11,9,51,S20,False,12,6,18,0,0,0,2,0,0,"['B714', 'B718']",1.0,S22,3.63,12,8,20,0.0,,-0.717514,-13.6948,-14.412313,True,True,12,S6,True,4,0.4008,do_nothing+depot_removal,,,,,,,,,,,,,,,,,,,,,,,,,,,,,,,,,,,,,,,,,,,,,,,,,,,,
50,11,9,56,S22,False,12,8,20,0,0,0,0,0,0,[],0.0,S15,6.37,12,8,20,0.0,,-0.715533,-13.600152,-14.315685,False,False,4,S2,True,0,0.132,do_nothing,,,,,,,,,,,,,,,,,,,,,,,,,,,,,,,,,,,,,,,,,,,,,,,,,,,,
50,11,10,2,S15,False,12,8,20,12,0,0,0,0,0,"['B2', 'B25', 'B174', 'B675', 'B373', 'B525', 'B649', 'B8', 'B531', 'B426', 'B285', 'B198']",6.0,S31,3.53,0,8,8,0.0,,-0.616899,-13.510042,-14.126941,False,False,4,S57,True,2,0.1416,delivery,,,,,,,,,,,,,,,,,,,,,,,,,,,,,,,,,,,,,,,,,,,,,,,,,,,,
50,11,10,12,S31,False,0,8,8,0,0,0,0,0,0,[],0.0,S30,1.91,0,8,8,0.0,,-0.423971,-13.59974,-14.023711,False,False,4,S30,False,0,0.1442,do_nothing,,,,,,,,,,,,,,,,,,,,,,,,,,,,,,,,,,,,,,,,,,,,,,,,,,,,
50,11,10,14,S30,False,0,8,8,0,9,0,0,0,0,"['B671', 'B5', 'B227', 'B691', 'B564', 'B73', 'B356', 'B738', 'B742']",4.5,S22,2.59,9,8,17,0.0,,-0.681398,-13.71666,-14.398058,False,False,6,S22,False,4,0.2036,pickup,,,,,,,,,,,,,,,,,,,,,,,,,,,,,,,,,,,,,,,,,,,,,,,,,,,,
50,11,10,21,S22,False,9,8,17,0,0,0,0,0,0,[],0.0,S35,12.12,9,8,17,0.0,,-0.909996,-13.544909,-14.454905,False,False,4,S2,True,0,0.1387,do_nothing,,,,,,,,,,,,,,,,,,,,,,,,,,,,,,,,,,,,,,,,,,,,,,,,,,,,
50,11,10,33,S35,False,9,8,17,9,0,0,0,0,0,"['B671', 'B5', 'B227', 'B691', 'B564', 'B73', 'B356', 'B738', 'B742']",4.5,S52,6.71,0,8,8,0.0,,-0.75046,-13.471194,-14.221654,False,False,4,S52,False,2,0.164,delivery,,,,,,,,,,,,,,,,,,,,,,,,,,,,,,,,,,,,,,,,,,,,,,,,,,,,
50,11,10,44,S52,False,0,8,8,0,11,0,0,0,0,"['B632', 'B259', 'B160', 'B51', 'B721', 'B593', 'B26', 'B97', 'B269', 'B250', 'B480']",5.5,S12,6.66,11,8,19,0.0,,-0.647036,-13.726494,-14.373529,False,False,6,S12,False,4,0.25,pickup,,,,,,,,,,,,,,,,,,,,,,,,,,,,,,,,,,,,,,,,,,,,,,,,,,,,
50,11,10,56,S12,False,11,8,19,0,0,1,0,0,0,[],3.0,S9,1.46,11,8,19,0.0,,-0.359303,-13.456153,-13.815456,True,True,8,S4,True,2,0.5314,do_nothing+onsite,,,,,,,,,,,,,,,,,,,,,,,,,,,,,,,,,,,,,,,,,,,,,,,,,,,,
50,11,11,1,S9,False,11,8,19,0,0,4,1,0,0,['B260'],12.5,S63,6.89,11,9,20,0.0,,-0.741029,-13.578857,-14.319886,True,True,30,S63,False,18,1.2027,do_nothing+maintenance,,,,,,,,,,,,,,,,,,,,,,,,,,,,,,,,,,,,,,,,,,,,,,,,,,,,
50,11,11,20,S63,False,11,9,20,11,0,0,1,0,0,"['B80', 'B632', 'B259', 'B160', 'B51', 'B721', 'B593', 'B26', 'B97', 'B269', 'B250', 'B480']",6.0,S31,4.21,0,10,10,0.0,,-1.398392,-13.575175,-14.973567,True,True,6,S31,False,4,0.1995,delivery+depot_removal,,,,,,,,,,,,,,,,,,,,,,,,,,,,,,,,,,,,,,,,,,,,,,,,,,,,
50,11,11,30,S31,False,0,10,10,0,10,0,0,0,0,"['B580', 'B309', 'B442', 'B297', 'B535', 'B251', 'B310', 'B256', 'B240', 'B515']",5.0,S29,6.48,10,10,20,0.0,,-0.614102,-13.750618,-14.36472,False,False,4,S29,False,2,0.1442,pickup,,,,,,,,,,,,,,,,,,,,,,,,,,,,,,,,,,,,,,,,,,,,,,,,,,,,
50,11,11,42,S29,False,10,10,20,10,0,0,0,0,0,"['B580', 'B309', 'B442', 'B297', 'B535', 'B251', 'B310', 'B256', 'B240', 'B515']",5.0,S8,9.44,0,10,10,0.0,,-1.299349,-13.800931,-15.10028,False,False,4,S50,True,2,0.262,delivery,,,,,,,,,,,,,,,,,,,,,,,,,,,,,,,,,,,,,,,,,,,,,,,,,,,,
50,11,11,56,S8,False,0,10,10,0,10,2,0,0,0,"['B762', 'B18', 'B245', 'B221', 'B418', 'B754', 'B226', 'B641', 'B303', 'B332']",11.0,S50,8.46,10,10,20,0.0,,-0.681232,-13.636531,-14.317763,True,True,18,S66,True,16,0.7732,pickup+onsite,,,,,,,,,,,,,,,,,,,,,,,,,,,,,,,,,,,,,,,,,,,,,,,,,,,,
50,11,12,16,S50,False,10,10,20,10,0,1,2,0,0,"['B433', 'B257', 'B762', 'B18', 'B245', 'B221', 'B418', 'B754', 'B226', 'B641', 'B303', 'B332']",9.0,S42,2.31,0,12,12,0.0,,-1.522879,-13.848764,-15.371643,True,True,16,S42,False,14,0.5712,delivery+maintenance,,,,,,,,,,,,,,,,,,,,,,,,,,,,,,,,,,,,,,,,,,,,,,,,,,,,
50,11,12,27,S42,False,0,12,12,0,8,0,0,0,0,"['B659', 'B724', 'B444', 'B425', 'B745', 'B343', 'B539', 'B330']",4.0,S29,3.12,8,12,20,0.0,,-1.859099,-13.806422,-15.665521,False,False,4,S66,True,2,0.1422,pickup,,,,,,,,,,,,,,,,,,,,,,,,,,,,,,,,,,,,,,,,,,,,,,,,,,,,
50,11,12,34,S29,False,8,12,20,8,0,0,1,0,0,"['B204', 'B659', 'B724', 'B444', 'B425', 'B745', 'B343', 'B539', 'B330']",4.5,S66,6.29,0,13,13,0.0,,-1.522746,-13.50812,-15.030866,True,True,6,S66,False,4,0.2016,delivery+depot_removal,,,,,,,,,,,,,,,,,,,,,,,,,,,,,,,,,,,,,,,,,,,,,,,,,,,,
50,11,12,45,S66,False,0,13,13,0,7,0,0,0,0,"['B608', 'B668', 'B208', 'B692', 'B88', 'B636', 'B735']",3.5,S46,5.15,7,13,20,0.0,,-1.296305,-13.633153,-14.929458,False,False,4,S46,False,2,0.1375,pickup,,,,,,,,,,,,,,,,,,,,,,,,,,,,,,,,,,,,,,,,,,,,,,,,,,,,
50,11,12,53,S46,False,7,13,20,7,0,0,0,0,0,"['B608', 'B668', 'B208', 'B692', 'B88', 'B636', 'B735']",3.5,S66,5.15,0,13,13,0.0,,-2.364443,-13.600233,-15.964675,False,False,4,S66,False,2,0.1379,delivery,,,,,,,,,,,,,,,,,,,,,,,,,,,,,,,,,,,,,,,,,,,,,,,,,,,,
50,11,13,2,S66,False,0,13,13,0,7,0,0,0,0,"['B120', 'B457', 'B381', 'B446', 'B55', 'B563', 'B314']",3.5,S43,4.56,7,13,20,0.0,,-2.204919,-13.682319,-15.887239,False,False,4,S43,False,2,0.1776,pickup,,,,,,,,,,,,,,,,,,,,,,,,,,,,,,,,,,,,,,,,,,,,,,,,,,,,
50,11,13,10,S43,False,7,13,20,7,0,2,0,0,0,"['B120', 'B457', 'B381', 'B446', 'B55', 'B563', 'B314']",9.5,S58,1.78,0,13,13,0.0,,-3.469335,-13.549124,-17.018459,True,True,12,S63,True,10,0.4013,delivery+onsite,,,,,,,,,,,,,,,,,,,,,,,,,,,,,,,,,,,,,,,,,,,,,,,,,,,,
50,11,13,21,S58,False,0,13,13,0,7,0,0,0,0,"['B405', 'B621', 'B209', 'B494', 'B96', 'B528', 'B159']",3.5,S63,2.12,7,13,20,0.0,,-2.376135,-13.650461,-16.026596,False,False,4,S48,True,2,0.1361,pickup,,,,,,,,,,,,,,,,,,,,,,,,,,,,,,,,,,,,,,,,,,,,,,,,,,,,
50,11,13,27,S63,False,7,13,20,7,0,0,0,0,0,"['B405', 'B621', 'B209', 'B494', 'B96', 'B528', 'B159']",3.5,S48,4.03,0,13,13,0.0,,-2.732601,-13.421638,-16.15424,False,False,4,S48,False,2,0.1363,delivery,,,,,,,,,,,,,,,,,,,,,,,,,,,,,,,,,,,,,,,,,,,,,,,,,,,,
50,11,13,35,S48,False,0,13,13,0,7,0,0,0,0,"['B736', 'B288', 'B319', 'B350', 'B481', 'B460', 'B756']",3.5,S29,7.68,7,13,20,0.0,,-2.572117,-13.449436,-16.021553,False,False,4,S29,False,2,0.1383,pickup,,,,,,,,,,,,,,,,,,,,,,,,,,,,,,,,,,,,,,,,,,,,,,,,,,,,
50,11,13,46,S29,False,7,13,20,7,0,0,0,0,0,"['B736', 'B288', 'B319', 'B350', 'B481', 'B460', 'B756']",3.5,S60,7.31,0,13,13,0.0,,-3.658073,-13.492322,-17.150395,False,False,4,S50,True,2,0.1353,delivery,,,,,,,,,,,,,,,,,,,,,,,,,,,,,,,,,,,,,,,,,,,,,,,,,,,,
50,11,13,57,S60,False,0,13,13,0,0,0,0,0,0,[],0.0,S66,1.23,0,13,13,0.0,,-4.471925,-13.964122,-18.436047,False,False,4,S29,True,0,0.1342,do_nothing,,,,,,,,,,,,,,,,,,,,,,,,,,,,,,,,,,,,,,,,,,,,,,,,,,,,
50,11,13,58,S66,False,0,13,13,0,7,0,0,0,0,"['B680', 'B69', 'B57', 'B607', 'B480', 'B634', 'B593']",3.5,S29,6.29,7,13,20,0.0,,-3.723437,-13.658572,-17.382009,False,False,4,S60,True,2,0.1336,pickup,,,,,,,,,,,,,,,,,,,,,,,,,,,,,,,,,,,,,,,,,,,,,,,,,,,,
50,11,14,8,S29,False,7,13,20,7,0,0,0,0,0,"['B680', 'B69', 'B57', 'B607', 'B480', 'B634', 'B593']",3.5,S31,6.48,0,13,13,0.0,,-4.122915,-13.623543,-17.746459,False,False,4,S31,False,2,0.1576,delivery,,,,,,,,,,,,,,,,,,,,,,,,,,,,,,,,,,,,,,,,,,,,,,,,,,,,
50,11,14,18,S31,False,0,13,13,0,7,1,0,0,0,"['B462', 'B454', 'B686', 'B246', 'B605', 'B553', 'B306']",6.5,S26,6.02,7,13,20,0.0,,-3.861947,-13.767923,-17.62987,True,True,8,S60,True,6,0.2744,pickup+onsite,,,,,,,,,,,,,,,,,,,,,,,,,,,,,,,,,,,,,,,,,,,,,,,,,,,,
50,11,14,30,S26,False,7,13,20,7,0,0,0,0,0,"['B462', 'B454', 'B686', 'B246', 'B605', 'B553', 'B306']",3.5,S60,6.85,0,13,13,0.0,,-3.263057,-13.422484,-16.68554,False,False,4,S50,True,2,0.1352,delivery,,,,,,,,,,,,,,,,,,,,,,,,,,,,,,,,,,,,,,,,,,,,,,,,,,,,
50,11,14,40,S60,False,0,13,13,0,7,0,0,0,0,"['B590', 'B48', 'B52', 'B622', 'B321', 'B289', 'B723']",3.5,S63,4.47,7,13,20,0.0,,-1.994319,-13.559868,-15.554187,False,False,4,S63,False,2,0.1521,pickup,,,,,,,,,,,,,,,,,,,,,,,,,,,,,,,,,,,,,,,,,,,,,,,,,,,,
50,11,14,48,S63,False,7,13,20,7,0,0,0,0,0,"['B590', 'B48', 'B52', 'B622', 'B321', 'B289', 'B723']",3.5,S12,5.44,0,13,13,0.0,,-2.552291,-13.323498,-15.87579,False,False,4,S44,True,2,0.1462,delivery,,,,,,,,,,,,,,,,,,,,,,,,,,,,,,,,,,,,,,,,,,,,,,,,,,,,
50,11,14,57,S12,False,0,13,13,0,7,0,0,0,0,"['B727', 'B395', 'B477', 'B621', 'B574', 'B548', 'B49']",3.5,S50,10.53,7,13,20,0.0,,-2.316911,-13.586545,-15.903456,True,False,6,S51,True,4,0.2075,pickup,,,,,,,,,,,,,,,,,,,,,,,,,,,,,,,,,,,,,,,,,,,,,,,,,,,,
50,11,15,11,S50,False,7,13,20,7,0,0,0,0,0,"['B727', 'B395', 'B477', 'B621', 'B574', 'B548', 'B49']",3.5,S31,7.46,0,13,13,0.0,,-2.215402,-13.466462,-15.681864,False,False,4,S31,False,2,0.1375,delivery,,,,,,,,,,,,,,,,,,,,,,,,,,,,,,,,,,,,,,,,,,,,,,,,,,,,
50,11,15,22,S31,False,0,13,13,0,7,0,0,0,0,"['B505', 'B105', 'B143', 'B111', 'B247', 'B763', 'B248']",3.5,S55,6.19,7,13,20,0.0,,-1.855385,-13.516289,-15.371674,False,False,4,S65,True,2,0.1587,pickup,,,,,,,,,,,,,,,,,,,,,,,,,,,,,,,,,,,,,,,,,,,,,,,,,,,,
50,11,15,32,S55,False,7,13,20,0,0,0,0,0,0,[],0.0,S56,1.03,7,13,20,0.0,,-1.893304,-13.361504,-15.254808,False,False,4,S56,False,0,0.189,do_nothing,,,,,,,,,,,,,,,,,,,,,,,,,,,,,,,,,,,,,,,,,,,,,,,,,,,,
50,11,15,33,S56,False,7,13,20,7,0,0,0,0,0,"['B505', 'B105', 'B143', 'B111', 'B247', 'B763', 'B248']",3.5,S53,3.06,0,13,13,0.0,,-1.962854,-13.133294,-15.096148,False,False,4,S53,False,2,0.1927,delivery,,,,,,,,,,,,,,,,,,,,,,,,,,,,,,,,,,,,,,,,,,,,,,,,,,,,
50,11,15,40,S53,False,0,13,13,0,7,1,0,0,0,"['B227', 'B342', 'B100', 'B497', 'B436', 'B322', 'B496']",6.5,S55,2.16,7,13,20,0.0,,-1.463333,-13.275004,-14.738337,True,True,16,S31,True,14,0.5476,pickup+onsite,,,,,,,,,,,,,,,,,,,,,,,,,,,,,,,,,,,,,,,,,,,,,,,,,,,,
50,11,15,48,S55,False,7,13,20,7,0,0,0,0,0,"['B227', 'B342', 'B100', 'B497', 'B436', 'B322', 'B496']",3.5,S31,6.19,0,13,13,0.0,,-1.531797,-13.209587,-14.741384,False,False,4,S29,True,2,0.1347,delivery,,,,,,,,,,,,,,,,,,,,,,,,,,,,,,,,,,,,,,,,,,,,,,,,,,,,
50,11,15,58,S31,False,0,13,13,0,0,0,0,0,0,[],0.0,S65,3.2,0,13,13,0.0,,-1.852181,-13.176769,-15.028949,False,False,4,S65,False,0,0.1537,do_nothing,,,,,,,,,,,,,,,,,,,,,,,,,,,,,,,,,,,,,,,,,,,,,,,,,,,,
50,11,16,1,S65,False,0,13,13,0,7,1,0,0,0,"['B567', 'B153', 'B599', 'B632', 'B148', 'B741', 'B6']",6.5,S15,5.1,7,13,20,0.0,,-1.4291,-13.202971,-14.632071,True,True,8,S15,False,6,0.2707,pickup+onsite,,,,,,,,,,,,,,,,,,,,,,,,,,,,,,,,,,,,,,,,,,,,,,,,,,,,
50,11,16,13,S15,False,7,13,20,7,0,0,0,0,0,"['B567', 'B153', 'B599', 'B632', 'B148', 'B741', 'B6']",3.5,S31,3.53,0,13,13,0.0,,-1.432448,-13.056672,-14.48912,False,False,4,S31,False,2,0.138,delivery,,,,,,,,,,,,,,,,,,,,,,,,,,,,,,,,,,,,,,,,,,,,,,,,,,,,
50,11,16,20,S31,False,0,13,13,0,7,0,0,0,0,"['B672', 'B410', 'B262', 'B666', 'B313', 'B413', 'B154']",3.5,S52,2.99,7,13,20,0.0,,-0.84666,-13.053682,-13.900341,False,False,4,S61,True,2,0.1394,pickup,,,,,,,,,,,,,,,,,,,,,,,,,,,,,,,,,,,,,,,,,,,,,,,,,,,,
50,11,16,26,S52,False,7,13,20,0,0,0,0,0,0,[],0.0,S44,0.83,7,13,20,0.0,,-1.147568,-12.97593,-14.123498,False,False,4,S44,False,0,0.1367,do_nothing,,,,,,,,,,,,,,,,,,,,,,,,,,,,,,,,,,,,,,,,,,,,,,,,,,,,
50,11,16,27,S44,False,7,13,20,0,0,0,0,0,0,[],0.0,S52,0.83,7,13,20,0.0,,-1.604348,-13.093353,-14.6977,False,False,4,S31,True,0,0.1347,do_nothing,,,,,,,,,,,,,,,,,,,,,,,,,,,,,,,,,,,,,,,,,,,,,,,,,,,,
50,11,16,28,S52,False,7,13,20,7,0,0,0,0,0,"['B672', 'B410', 'B262', 'B666', 'B313', 'B413', 'B154']",3.5,S31,2.99,0,13,13,0.0,,-0.914226,-13.031558,-13.945785,False,False,4,S44,True,2,0.1353,delivery,,,,,,,,,,,,,,,,,,,,,,,,,,,,,,,,,,,,,,,,,,,,,,,,,,,,
50,11,16,34,S31,False,0,13,13,0,0,0,0,0,0,[],0.0,S61,1.01,0,13,13,0.0,,-1.108246,-13.168715,-14.276961,False,False,4,S61,False,0,0.1388,do_nothing,,,,,,,,,,,,,,,,,,,,,,,,,,,,,,,,,,,,,,,,,,,,,,,,,,,,
50,11,16,35,S61,False,0,13,13,0,7,0,0,0,0,"['B293', 'B719', 'B376', 'B53', 'B685', 'B667', 'B462']",3.5,S44,2.79,7,13,20,0.0,,-1.365032,-13.198281,-14.563313,False,False,4,S44,False,2,0.1386,pickup,,,,,,,,,,,,,,,,,,,,,,,,,,,,,,,,,,,,,,,,,,,,,,,,,,,,
50,11,16,42,S44,False,7,13,20,7,0,0,0,0,0,"['B293', 'B719', 'B376', 'B53', 'B685', 'B667', 'B462']",3.5,S31,3.74,0,13,13,0.0,,-0.979058,-13.075674,-14.054732,False,False,4,S31,False,2,0.1384,delivery,,,,,,,,,,,,,,,,,,,,,,,,,,,,,,,,,,,,,,,,,,,,,,,,,,,,
50,11,16,49,S31,False,0,13,13,0,7,0,0,0,0,"['B421', 'B236', 'B255', 'B233', 'B361', 'B352', 'B356']",3.5,S15,3.53,7,13,20,0.0,,-1.140672,-13.411014,-14.551686,False,False,4,S15,False,2,0.1402,pickup,,,,,,,,,,,,,,,,,,,,,,,,,,,,,,,,,,,,,,,,,,,,,,,,,,,,
50,11,16,56,S15,False,7,13,20,0,0,0,0,0,0,[],0.0,S62,2.79,7,13,20,0.0,,-1.139493,-13.08261,-14.222104,False,False,4,S62,False,0,0.1362,do_nothing,,,,,,,,,,,,,,,,,,,,,,,,,,,,,,,,,,,,,,,,,,,,,,,,,,,,
50,11,16,59,S62,False,7,13,20,7,0,0,0,0,0,"['B421', 'B236', 'B255', 'B233', 'B361', 'B352', 'B356']",3.5,S31,2.98,0,13,13,0.0,,-0.717136,-13.020351,-13.737486,False,False,4,S31,False,2,0.1335,delivery,,,,,,,,,,,,,,,,,,,,,,,,,,,,,,,,,,,,,,,,,,,,,,,,,,,,
50,11,17,5,S31,False,0,13,13,0,0,0,0,0,0,[],0.0,S65,3.2,0,13,13,0.0,,-0.453932,-12.964329,-13.41826,False,False,4,S65,False,0,0.136,do_nothing,,,,,,,,,,,,,,,,,,,,,,,,,,,,,,,,,,,,,,,,,,,,,,,,,,,,
50,11,17,8,S65,False,0,13,13,0,7,0,0,0,0,"['B371', 'B391', 'B511', 'B127', 'B364', 'B156', 'B466']",3.5,S39,5.08,7,13,20,0.0,,-0.715945,-12.979479,-13.695424,False,False,4,S39,False,2,0.1391,pickup,,,,,,,,,,,,,,,,,,,,,,,,,,,,,,,,,,,,,,,,,,,,,,,,,,,,
50,11,17,17,S39,False,7,13,20,7,0,0,0,0,0,"['B371', 'B391', 'B511', 'B127', 'B364', 'B156', 'B466']",3.5,S31,3.72,0,13,13,0.0,,-0.553025,-12.914048,-13.467072,False,False,4,S31,False,2,0.1392,delivery,,,,,,,,,,,,,,,,,,,,,,,,,,,,,,,,,,,,,,,,,,,,,,,,,,,,
50,11,17,24,S31,False,0,13,13,0,0,0,0,0,0,[],0.0,S30,1.91,0,13,13,0.0,,-0.455575,-12.99376,-13.449335,False,False,4,S30,False,0,0.1354,do_nothing,,,,,,,,,,,,,,,,,,,,,,,,,,,,,,,,,,,,,,,,,,,,,,,,,,,,
50,11,17,26,S30,False,0,13,13,0,7,0,0,0,0,"['B297', 'B312', 'B564', 'B523', 'B59', 'B541', 'B518']",3.5,S26,6.33,7,13,20,0.0,,-0.453524,-12.819745,-13.273269,False,False,4,S26,False,2,0.1401,pickup,,,,,,,,,,,,,,,,,,,,,,,,,,,,,,,,,,,,,,,,,,,,,,,,,,,,
50,11,17,36,S26,False,7,13,20,7,0,0,0,0,0,"['B297', 'B312', 'B564', 'B523', 'B59', 'B541', 'B518']",3.5,S31,6.02,0,13,13,0.0,,-0.358936,-12.746192,-13.105128,False,False,4,S35,True,2,0.1533,delivery,,,,,,,,,,,,,,,,,,,,,,,,,,,,,,,,,,,,,,,,,,,,,,,,,,,,
50,11,17,46,S31,False,0,13,13,0,7,0,0,0,0,"['B286', 'B280', 'B747', 'B324', 'B93', 'B338', 'B579']",3.5,S39,3.72,7,13,20,0.0,,-0.358138,-12.772882,-13.13102,False,False,4,S39,False,2,0.1451,pickup,,,,,,,,,,,,,,,,,,,,,,,,,,,,,,,,,,,,,,,,,,,,,,,,,,,,
50,11,17,53,S39,False,7,13,20,0,0,0,0,0,0,[],0.0,S16,4.94,7,13,20,0.0,,-0.325495,-12.738931,-13.064426,False,False,4,S16,False,0,0.1465,do_nothing,,,,,,,,,,,,,,,,,,,,,,,,,,,,,,,,,,,,,,,,,,,,,,,,,,,,
50,11,17,58,S16,False,7,13,20,7,0,0,0,0,0,"['B286', 'B280', 'B747', 'B324', 'B93', 'B338', 'B579']",3.5,S44,0.23,0,13,13,0.0,,-0.458564,-12.781435,-13.239999,False,False,4,S54,True,2,0.1473,delivery,,,,,,,,,,,,,,,,,,,,,,,,,,,,,,,,,,,,,,,,,,,,,,,,,,,,
50,11,18,1,S44,False,0,13,13,0,7,0,0,0,0,"['B376', 'B53', 'B685', 'B667', 'B462', 'B68', 'B256']",3.5,S54,3.95,7,13,20,0.0,,-0.295448,-12.797715,-13.093162,False,False,6,S59,True,2,0.2146,pickup,,,,,,,,,,,,,,,,,,,,,,,,,,,,,,,,,,,,,,,,,,,,,,,,,,,,
50,11,18,9,S54,False,7,13,20,7,0,0,0,0,0,"['B376', 'B53', 'B685', 'B667', 'B462', 'B68', 'B256']",3.5,S56,1.7,0,13,13,0.0,,-0.19574,-12.750843,-12.946583,False,False,4,S56,False,2,0.1417,delivery,,,,,,,,,,,,,,,,,,,,,,,,,,,,,,,,,,,,,,,,,,,,,,,,,,,,
50,11,18,14,S56,False,0,13,13,0,7,0,0,0,0,"['B111', 'B247', 'B763', 'B248', 'B92', 'B643', 'B737']",3.5,S3,1.31,7,13,20,0.0,,-0.225808,-12.618435,-12.844242,False,False,4,S3,False,2,0.1421,pickup,,,,,,,,,,,,,,,,,,,,,,,,,,,,,,,,,,,,,,,,,,,,,,,,,,,,
50,11,18,19,S3,False,7,13,20,0,0,0,0,0,0,[],0.0,S8,10.42,7,13,20,0.0,,-0.256789,-12.668139,-12.924928,False,False,4,S59,True,0,0.1533,do_nothing,,,,,,,,,,,,,,,,,,,,,,,,,,,,,,,,,,,,,,,,,,,,,,,,,,,,
50,11,18,29,S8,False,7,13,20,0,0,0,0,0,0,[],0.0,S3,10.42,7,13,20,0.0,,-0.194517,-12.768392,-12.962909,True,False,6,S59,True,0,0.2248,do_nothing,,,,,,,,,,,,,,,,,,,,,,,,,,,,,,,,,,,,,,,,,,,,,,,,,,,,
50,11,18,40,S3,False,7,13,20,0,0,0,0,0,0,[],0.0,S8,10.42,7,13,20,0.0,,-0.456154,-13.089588,-13.545742,False,False,4,S59,True,0,0.1587,do_nothing,,,,,,,,,,,,,,,,,,,,,,,,,,,,,,,,,,,,,,,,,,,,,,,,,,,,
50,11,18,50,S8,False,7,13,20,7,0,0,1,0,0,"['B493', 'B111', 'B247', 'B763', 'B248', 'B92', 'B643', 'B737']",4.0,S59,16.87,0,14,14,0.0,,-0.196166,-12.907475,-13.103641,True,True,6,S59,False,4,0.2187,delivery+depot_removal,,,,,,,,,,,,,,,,,,,,,,,,,,,,,,,,,,,,,,,,,,,,,,,,,,,,
50,11,19,11,S59,False,0,14,14,0,6,0,0,0,0,"['B320', 'B416', 'B765', 'B630', 'B279', 'B620']",3.0,S15,5.67,6,14,20,0.0,,-0.259589,-12.918571,-13.17816,True,False,6,S58,True,4,0.2028,pickup,,,,,,,,,,,,,,,,,,,,,,,,,,,,,,,,,,,,,,,,,,,,,,,,,,,,
50,11,19,20,S15,False,6,14,20,6,0,0,0,0,0,"['B320', 'B416', 'B765', 'B630', 'B279', 'B620']",3.0,S34,1.5,0,14,14,0.0,,-0.262574,-12.943834,-13.206408,False,False,4,S34,False,2,0.1349,delivery,,,,,,,,,,,,,,,,,,,,,,,,,,,,,,,,,,,,,,,,,,,,,,,,,,,,
50,11,19,24,S34,False,0,14,14,0,6,0,0,0,0,"['B64', 'B602', 'B726', 'B730', 'B647', 'B328']",3.0,S26,3.11,6,14,20,0.0,,-0.455496,-12.941319,-13.396815,False,False,4,S2,True,2,0.136,pickup,,,,,,,,,,,,,,,,,,,,,,,,,,,,,,,,,,,,,,,,,,,,,,,,,,,,
50,11,19,30,S26,False,6,14,20,6,0,0,0,0,0,"['B64', 'B602', 'B726', 'B730', 'B647', 'B328']",3.0,S2,6.19,0,14,14,0.0,,-0.161807,-12.86217,-13.023977,False,False,4,S10,True,2,0.1397,delivery,,,,,,,,,,,,,,,,,,,,,,,,,,,,,,,,,,,,,,,,,,,,,,,,,,,,
50,11,19,40,S2,False,0,14,14,0,0,0,0,0,0,[],0.0,S23,2.77,0,14,14,0.0,,-0.294277,-12.81515,-13.109427,False,False,3,S23,False,0,0.1107,do_nothing,,,,,,,,,,,,,,,,,,,,,,,,,,,,,,,,,,,,,,,,,,,,,,,,,,,,
50,11,19,42,S23,False,0,14,14,0,0,0,0,0,0,[],0.0,S2,2.77,0,14,14,0.0,,-0.458232,-12.885378,-13.34361,False,False,3,D0,True,0,0.1112,do_nothing,,,,,,,,,,,,,,,,,,,,,,,,,,,,,,,,,,,,,,,,,,,,,,,,,,,,
50,11,19,45,S2,False,0,14,14,0,6,0,0,0,0,"['B10', 'B402', 'B230', 'B427', 'B530', 'B443']",3.0,D0,3.53,6,14,20,0.0,,-0.585843,-13.15693,-13.742773,False,False,2,D0,False,1,0.0886,pickup,,,,,,,,,,,,,,,,,,,,,,,,,,,,,,,,,,,,,,,,,,,,,,,,,,,,
50,11,19,52,D0,True,6,14,20,0,0,0,0,14,11,"['B14', 'B524', 'B469', 'B275', 'B182', 'B652', 'B283', 'B604', 'B157', 'B291', 'B41', 'B722', 'B431', 'B294', 'B377', 'B648', 'B232', 'B714', 'B718', 'B260', 'B80', 'B433', 'B257', 'B204', 'B493']",12.5,D0,0.0,17,0,17,0.0,,-0.557183,-13.032479,-13.589662,True,True,1,D0,False,0,0.0502,do_nothing,,,,,,,,,,,,,,,,,,,,,,,,,,,,,,,,,,,,,,,,,,,,,,,,,,,,
50,12,6,4,D0,True,17,0,17,0,0,0,0,0,0,[],0.0,S62,0.46,17,0,17,0.0,,-0.096388,-13.242611,-13.338999,True,True,1,S62,False,0,0.0483,depot_passthrough,,,,,,,,,,,,,,,,,,,,,,,,,,,,,,,,,,,,,,,,,,,,,,,,,,,,
50,12,6,20,S62,False,17,0,17,14,0,0,0,0,0,"['B10', 'B402', 'B230', 'B427', 'B530', 'B443', 'B14', 'B524', 'B469', 'B275', 'B182', 'B652', 'B283', 'B604']",7.0,S52,1.55,3,0,3,0.0,,-0.194346,-13.23778,-13.432126,False,False,6,S52,False,4,0.2131,delivery,,,,,,,,,,,,,,,,,,,,,,,,,,,,,,,,,,,,,,,,,,,,,,,,,,,,
50,12,6,28,S52,False,3,0,3,0,17,0,0,0,0,"['B315', 'B200', 'B727', 'B136', 'B325', 'B191', 'B378', 'B468', 'B216', 'B405', 'B721', 'B503', 'B699', 'B732', 'B430', 'B504', 'B310']",8.5,S64,2.64,20,0,20,0.0,,-0.163204,-13.247636,-13.41084,False,False,4,S64,False,2,0.1481,pickup,,,,,,,,,,,,,,,,,,,,,,,,,,,,,,,,,,,,,,,,,,,,,,,,,,,,
50,12,6,39,S64,False,20,0,20,11,0,0,0,0,0,"['B157', 'B291', 'B41', 'B315', 'B200', 'B727', 'B136', 'B325', 'B191', 'B378', 'B468']",5.5,S61,1.43,9,0,9,0.0,,-0.193439,-13.055628,-13.249067,False,False,6,S27,True,2,0.2149,delivery,,,,,,,,,,,,,,,,,,,,,,,,,,,,,,,,,,,,,,,,,,,,,,,,,,,,
50,12,6,46,S61,False,9,0,9,0,11,0,0,0,0,"['B236', 'B576', 'B371', 'B345', 'B6', 'B439', 'B460', 'B391', 'B276', 'B462', 'B642']",5.5,S27,2.28,20,0,20,0.0,,-0.06517,-13.128516,-13.193686,False,False,4,S27,False,2,0.1519,pickup,,,,,,,,,,,,,,,,,,,,,,,,,,,,,,,,,,,,,,,,,,,,,,,,,,,,
50,12,6,54,S27,False,20,0,20,16,0,0,0,0,0,"['B216', 'B405', 'B721', 'B503', 'B699', 'B732', 'B430', 'B504', 'B310', 'B236', 'B576', 'B371', 'B345', 'B6', 'B439', 'B460']",8.0,S31,2.27,4,0,4,0.0,,-0.096142,-13.108976,-13.205118,False,False,6,S31,True,2,0.2308,delivery,,,,,,,,,,,,,,,,,,,,,,,,,,,,,,,,,,,,,,,,,,,,,,,,,,,,
50,12,7,4,S31,False,4,0,4,0,16,0,0,0,0,"['B472', 'B715', 'B351', 'B680', 'B342', 'B471', 'B251', 'B578', 'B423', 'B100', 'B35', 'B572', 'B150', 'B126', 'B133', 'B89']",8.0,S24,6.93,20,0,20,0.0,,-0.161715,-13.141756,-13.30347,False,False,4,S24,False,2,0.1555,pickup,,,,,,,,,,,,,,,,,,,,,,,,,,,,,,,,,,,,,,,,,,,,,,,,,,,,
50,12,7,19,S24,False,20,0,20,0,0,0,0,0,0,[],0.0,S57,9.86,20,0,20,0.0,,-0.224826,-13.231501,-13.456326,False,False,6,S37,True,0,0.2542,do_nothing,,,,,,,,,,,,,,,,,,,,,,,,,,,,,,,,,,,,,,,,,,,,,,,,,,,,
50,12,7,29,S57,False,20,0,20,14,0,0,1,0,0,"['B28', 'B391', 'B276', 'B462', 'B642', 'B472', 'B715', 'B351', 'B680', 'B342', 'B471', 'B251', 'B578', 'B423', 'B100']",7.5,S1,0.66,6,1,7,0.0,,-0.098039,-13.130096,-13.228135,True,True,10,S1,False,8,0.3736,delivery+depot_removal,,,,,,,,,,,,,,,,,,,,,,,,,,,,,,,,,,,,,,,,,,,,,,,,,,,,
50,12,7,37,S1,False,6,1,7,6,0,0,0,0,0,"['B35', 'B572', 'B150', 'B126', 'B133', 'B89']",3.0,S37,8.18,0,1,1,0.0,,-0.096062,-12.744946,-12.841008,False,False,4,S37,False,2,0.156,delivery,,,,,,,,,,,,,,,,,,,,,,,,,,,,,,,,,,,,,,,,,,,,,,,,,,,,
50,12,7,48,S37,False,0,1,1,0,19,0,0,0,0,"['B561', 'B180', 'B546', 'B129', 'B655', 'B314', 'B435', 'B198', 'B665', 'B197', 'B693', 'B290', 'B102', 'B638', 'B392', 'B581', 'B86', 'B590', 'B263']",9.5,S32,4.74,19,1,20,0.0,,-0.130659,-12.747961,-12.87862,True,False,6,S59,True,4,0.2791,pickup,,,,,,,,,,,,,,,,,,,,,,,,,,,,,,,,,,,,,,,,,,,,,,,,,,,,
50,12,8,3,S32,False,19,1,20,15,0,1,0,0,0,"['B561', 'B180', 'B546', 'B129', 'B655', 'B314', 'B435', 'B198', 'B665', 'B197', 'B693', 'B290', 'B102', 'B638', 'B392']",10.5,S59,6.22,4,1,5,0.0,,-0.160564,-12.619387,-12.779951,True,True,12,S43,True,10,0.4779,delivery+onsite,,,,,,,,,,,,,,,,,,,,,,,,,,,,,,,,,,,,,,,,,,,,,,,,,,,,
50,12,8,19,S59,False,4,1,5,0,15,0,0,0,0,"['B698', 'B354', 'B636', 'B300', 'B617', 'B265', 'B542', 'B445', 'B740', 'B264', 'B173', 'B26', 'B96', 'B104', 'B645']",7.5,S43,2.96,19,1,20,0.0,,-0.289578,-12.591374,-12.880951,True,False,6,S43,False,4,0.2155,pickup,,,,,,,,,,,,,,,,,,,,,,,,,,,,,,,,,,,,,,,,,,,,,,,,,,,,
50,12,8,30,S43,False,19,1,20,17,0,0,0,0,0,"['B581', 'B86', 'B590', 'B263', 'B698', 'B354', 'B636', 'B300', 'B617', 'B265', 'B542', 'B445', 'B740', 'B264', 'B173', 'B26', 'B96']",8.5,S44,0.79,2,1,3,0.0,,-0.422036,-12.54489,-12.966926,False,False,6,S44,False,2,0.2674,delivery,,,,,,,,,,,,,,,,,,,,,,,,,,,,,,,,,,,,,,,,,,,,,,,,,,,,
50,12,8,39,S44,False,2,1,3,0,11,0,0,0,0,"['B250', 'B621', 'B116', 'B694', 'B623', 'B496', 'B749', 'B270', 'B552', 'B420', 'B410']",5.5,S33,1.28,13,1,14,0.0,,-0.487122,-12.795247,-13.282369,False,False,6,D0,True,2,0.2127,pickup,,,,,,,,,,,,,,,,,,,,,,,,,,,,,,,,,,,,,,,,,,,,,,,,,,,,
50,12,8,46,S33,False,13,1,14,0,6,0,0,0,0,"['B171', 'B692', 'B45', 'B76', 'B331', 'B605']",3.0,S53,1.64,19,1,20,0.0,,-0.646972,-12.641111,-13.288083,False,False,4,S53,False,2,0.2531,pickup,,,,,,,,,,,,,,,,,,,,,,,,,,,,,,,,,,,,,,,,,,,,,,,,,,,,
50,12,8,50,S53,False,19,1,20,11,0,0,2,0,0,"['B184', 'B658', 'B104', 'B645', 'B250', 'B621', 'B116', 'B694', 'B623', 'B496', 'B749', 'B270', 'B552']",6.5,S46,0.87,8,3,11,0.0,,-0.584186,-12.79986,-13.384046,True,True,14,S46,False,6,0.494,delivery+depot_removal,,,,,,,,,,,,,,,,,,,,,,,,,,,,,,,,,,,,,,,,,,,,,,,,,,,,
50,12,8,58,S46,False,8,3,11,8,0,0,0,0,0,"['B420', 'B410', 'B171', 'B692', 'B45', 'B76', 'B331', 'B605']",4.0,S59,4.24,0,3,3,0.0,,-0.584595,-12.637041,-13.221636,False,False,4,S59,False,2,0.2384,delivery,,,,,,,,,,,,,,,,,,,,,,,,,,,,,,,,,,,,,,,,,,,,,,,,,,,,
50,12,9,6,S59,False,0,3,3,0,2,0,1,0,0,"['B165', 'B29', 'B98']",1.5,S47,3.97,2,4,6,0.0,,-0.356648,-12.561351,-12.917998,True,True,12,S47,False,10,0.4184,pickup+depot_removal,,,,,,,,,,,,,,,,,,,,,,,,,,,,,,,,,,,,,,,,,,,,,,,,,,,,
50,12,9,12,S47,False,2,4,6,0,14,0,0,0,0,"['B438', 'B408', 'B678', 'B626', 'B412', 'B601', 'B304', 'B584', 'B344', 'B444', 'B575', 'B686', 'B615', 'B611']",7.0,S22,2.32,16,4,20,0.0,,-0.649173,-12.705664,-13.354837,False,False,4,S22,False,2,0.1471,pickup,,,,,,,,,,,,,,,,,,,,,,,,,,,,,,,,,,,,,,,,,,,,,,,,,,,,
50,12,9,21,S22,False,16,4,20,16,0,0,0,0,0,"['B165', 'B29', 'B438', 'B408', 'B678', 'B626', 'B412', 'B601', 'B304', 'B584', 'B344', 'B444', 'B575', 'B686', 'B615', 'B611']",8.0,S7,2.21,0,4,4,0.0,,-0.553309,-12.66704,-13.220349,False,False,6,S24,True,2,0.2537,delivery,,,,,,,,,,,,,,,,,,,,,,,,,,,,,,,,,,,,,,,,,,,,,,,,,,,,
50,12,9,31,S7,False,0,4,4,0,12,0,1,0,0,"['B168', 'B109', 'B305', 'B712', 'B146', 'B175', 'B409', 'B254', 'B220', 'B707', 'B570', 'B751', 'B68']",6.5,S24,7.29,12,5,17,0.0,,-1.105004,-12.622881,-13.727885,True,True,12,S24,False,10,0.4481,pickup+depot_removal,,,,,,,,,,,,,,,,,,,,,,,,,,,,,,,,,,,,,,,,,,,,,,,,,,,,
50,12,9,45,S24,False,12,5,17,0,0,0,0,0,0,[],0.0,S42,9.91,12,5,17,0.0,,-0.424955,-12.671018,-13.095973,False,False,4,S42,False,0,0.1632,do_nothing,,,,,,,,,,,,,,,,,,,,,,,,,,,,,,,,,,,,,,,,,,,,,,,,,,,,
50,12,9,55,S42,False,12,5,17,12,0,0,1,0,0,"['B244', 'B168', 'B109', 'B305', 'B712', 'B146', 'B175', 'B409', 'B254', 'B220', 'B707', 'B570', 'B751']",6.5,S58,9.82,0,6,6,0.0,,-0.976338,-12.710068,-13.686406,True,True,8,S58,False,6,0.3481,delivery+depot_removal,,,,,,,,,,,,,,,,,,,,,,,,,,,,,,,,,,,,,,,,,,,,,,,,,,,,
50,12,10,11,S58,False,0,6,6,0,14,0,0,0,0,"['B591', 'B501', 'B82', 'B422', 'B94', 'B759', 'B201', 'B123', 'B507', 'B717', 'B582', 'B470', 'B545', 'B211']",7.0,S26,8.46,14,6,20,0.0,,-0.680718,-12.725721,-13.406438,False,False,4,S26,False,2,0.137,pickup,,,,,,,,,,,,,,,,,,,,,,,,,,,,,,,,,,,,,,,,,,,,,,,,,,,,
50,12,10,27,S26,False,14,6,20,14,0,0,0,0,0,"['B591', 'B501', 'B82', 'B422', 'B94', 'B759', 'B201', 'B123', 'B507', 'B717', 'B582', 'B470', 'B545', 'B211']",7.0,S38,9.12,0,6,6,0.0,,-1.073317,-12.716088,-13.789405,False,False,4,S38,False,2,0.1497,delivery,,,,,,,,,,,,,,,,,,,,,,,,,,,,,,,,,,,,,,,,,,,,,,,,,,,,
50,12,10,43,S38,False,0,6,6,0,14,0,0,0,0,"['B516', 'B266', 'B78', 'B612', 'B388', 'B155', 'B128', 'B406', 'B455', 'B528', 'B407', 'B174', 'B702', 'B397']",7.0,S32,6.58,14,6,20,0.0,,-1.56013,-12.724022,-14.284152,False,False,4,S43,True,2,0.1366,pickup,,,,,,,,,,,,,,,,,,,,,,,,,,,,,,,,,,,,,,,,,,,,,,,,,,,,
50,12,10,56,S32,False,14,6,20,14,0,0,0,0,0,"['B516', 'B266', 'B78', 'B612', 'B388', 'B155', 'B128', 'B406', 'B455', 'B528', 'B407', 'B174', 'B702', 'B397']",7.0,S43,3.61,0,6,6,0.0,,-0.815532,-12.453247,-13.26878,False,False,4,S43,False,2,0.1655,delivery,,,,,,,,,,,,,,,,,,,,,,,,,,,,,,,,,,,,,,,,,,,,,,,,,,,,
50,12,11,7,S43,False,0,6,6,0,14,0,0,0,0,"['B263', 'B698', 'B354', 'B636', 'B300', 'B617', 'B265', 'B542', 'B445', 'B740', 'B264', 'B173', 'B26', 'B96']",7.0,S53,2.08,14,6,20,0.0,,-0.616391,-12.627657,-13.244048,False,False,4,S53,False,2,0.1528,pickup,,,,,,,,,,,,,,,,,,,,,,,,,,,,,,,,,,,,,,,,,,,,,,,,,,,,
50,12,11,16,S53,False,14,6,20,0,0,0,0,0,0,[],0.0,S54,2.46,14,6,20,0.0,,-0.196922,-12.634524,-12.831446,False,False,6,S54,True,0,0.2245,do_nothing,,,,,,,,,,,,,,,,,,,,,,,,,,,,,,,,,,,,,,,,,,,,,,,,,,,,
50,12,11,18,S54,False,14,6,20,14,0,0,0,0,0,"['B263', 'B698', 'B354', 'B636', 'B300', 'B617', 'B265', 'B542', 'B445', 'B740', 'B264', 'B173', 'B26', 'B96']",7.0,S63,3.86,0,6,6,0.0,,-0.519847,-12.573271,-13.093118,False,False,6,S53,True,4,0.2286,delivery,,,,,,,,,,,,,,,,,,,,,,,,,,,,,,,,,,,,,,,,,,,,,,,,,,,,
50,12,11,29,S63,False,0,6,6,0,13,0,0,0,0,"['B573', 'B442', 'B481', 'B464', 'B358', 'B85', 'B4', 'B357', 'B213', 'B322', 'B458', 'B449', 'B531']",6.5,S53,1.49,13,6,19,0.0,,-0.42347,-12.505077,-12.928547,False,False,6,S53,False,4,0.2197,pickup,,,,,,,,,,,,,,,,,,,,,,,,,,,,,,,,,,,,,,,,,,,,,,,,,,,,
50,12,11,37,S53,False,13,6,19,13,0,0,0,0,0,"['B573', 'B442', 'B481', 'B464', 'B358', 'B85', 'B4', 'B357', 'B213', 'B322', 'B458', 'B449', 'B531']",6.5,S60,5.31,0,6,6,0.0,,-0.197649,-12.529147,-12.726796,False,False,4,S17,True,2,0.1415,delivery,,,,,,,,,,,,,,,,,,,,,,,,,,,,,,,,,,,,,,,,,,,,,,,,,,,,
50,12,11,49,S60,False,0,6,6,0,14,0,0,0,0,"['B752', 'B517', 'B38', 'B474', 'B385', 'B172', 'B618', 'B72', 'B553', 'B127', 'B79', 'B590', 'B86', 'B118']",7.0,S17,8.5,14,6,20,0.0,,-0.781661,-12.59491,-13.376571,False,False,4,S17,False,2,0.1538,pickup,,,,,,,,,,,,,,,,,,,,,,,,,,,,,,,,,,,,,,,,,,,,,,,,,,,,
50,12,12,5,S17,False,14,6,20,14,0,0,0,0,0,"['B752', 'B517', 'B38', 'B474', 'B385', 'B172', 'B618', 'B72', 'B553', 'B127', 'B79', 'B590', 'B86', 'B118']",7.0,S52,8.97,0,6,6,0.0,,-0.291957,-12.473944,-12.765901,False,False,6,S24,True,4,0.2187,delivery,,,,,,,,,,,,,,,,,,,,,,,,,,,,,,,,,,,,,,,,,,,,,,,,,,,,
50,12,12,21,S52,False,0,6,6,0,0,0,0,0,0,[],0.0,S45,1.46,0,6,6,0.0,,-0.25876,-12.657297,-12.916057,False,False,6,S45,False,0,0.2126,do_nothing,,,,,,,,,,,,,,,,,,,,,,,,,,,,,,,,,,,,,,,,,,,,,,,,,,,,
50,12,12,22,S45,False,0,6,6,0,8,0,0,0,0,"['B117', 'B667', 'B247', 'B763', 'B438', 'B298', 'B666', 'B248']",4.0,S29,4.09,8,6,14,0.0,,-0.22821,-12.463217,-12.691426,False,False,6,S29,True,4,0.2118,pickup,,,,,,,,,,,,,,,,,,,,,,,,,,,,,,,,,,,,,,,,,,,,,,,,,,,,
50,12,12,30,S29,False,8,6,14,8,0,0,0,0,0,"['B117', 'B667', 'B247', 'B763', 'B438', 'B298', 'B666', 'B248']",4.0,S40,3.08,0,6,6,0.0,,-0.194918,-12.437131,-12.632049,False,False,4,S40,False,2,0.1658,delivery,,,,,,,,,,,,,,,,,,,,,,,,,,,,,,,,,,,,,,,,,,,,,,,,,,,,
50,12,12,37,S40,False,0,6,6,0,5,0,0,0,0,"['B286', 'B212', 'B302', 'B356', 'B574']",2.5,S52,2.21,5,6,11,0.0,,-0.226632,-12.363464,-12.590096,False,False,6,S52,False,4,0.2146,pickup,,,,,,,,,,,,,,,,,,,,,,,,,,,,,,,,,,,,,,,,,,,,,,,,,,,,
50,12,12,42,S52,False,5,6,11,0,9,0,0,0,0,"['B290', 'B350', 'B328', 'B633', 'B609', 'B153', 'B326', 'B685', 'B97']",4.5,S15,4.21,14,6,20,0.0,,-0.161723,-12.277391,-12.439113,False,False,4,S15,False,2,0.1721,pickup,,,,,,,,,,,,,,,,,,,,,,,,,,,,,,,,,,,,,,,,,,,,,,,,,,,,
50,12,12,51,S15,False,14,6,20,14,0,1,0,0,0,"['B286', 'B212', 'B302', 'B356', 'B574', 'B290', 'B350', 'B328', 'B633', 'B609', 'B153', 'B326', 'B685', 'B97']",10.0,S62,2.79,0,6,6,0.0,,-0.294364,-12.32742,-12.621784,True,True,8,S24,True,6,0.3006,delivery+onsite,,,,,,,,,,,,,,,,,,,,,,,,,,,,,,,,,,,,,,,,,,,,,,,,,,,,
50,12,13,3,S62,False,0,6,6,0,9,0,0,0,0,"['B5', 'B630', 'B19', 'B21', 'B275', 'B608', 'B498', 'B509', 'B208']",4.5,S28,11.34,9,6,15,0.0,,-0.09655,-12.107161,-12.203711,False,False,6,S51,True,4,0.2514,pickup,,,,,,,,,,,,,,,,,,,,,,,,,,,,,,,,,,,,,,,,,,,,,,,,,,,,
50,12,13,19,S28,False,9,6,15,9,0,0,1,0,0,"['B653', 'B5', 'B630', 'B19', 'B21', 'B275', 'B608', 'B498', 'B509', 'B208']",5.0,S51,16.62,0,7,7,0.0,,-0.490945,-12.302125,-12.79307,True,True,8,S51,False,6,0.318,delivery+depot_removal,,,,,,,,,,,,,,,,,,,,,,,,,,,,,,,,,,,,,,,,,,,,,,,,,,,,
50,12,13,41,S51,False,0,7,7,0,13,0,0,0,0,"['B347', 'B421', 'B711', 'B600', 'B159', 'B209', 'B90', 'B625', 'B673', 'B109', 'B343', 'B671', 'B626']",6.5,S41,8.36,13,7,20,0.0,,-0.654145,-12.703063,-13.357207,False,False,4,S48,True,2,0.1422,pickup,,,,,,,,,,,,,,,,,,,,,,,,,,,,,,,,,,,,,,,,,,,,,,,,,,,,
50,12,13,56,S41,False,13,7,20,13,0,0,0,0,0,"['B347', 'B421', 'B711', 'B600', 'B159', 'B209', 'B90', 'B625', 'B673', 'B109', 'B343', 'B671', 'B626']",6.5,S48,9.11,0,7,7,0.0,,-0.584518,-12.820795,-13.405313,False,False,4,S48,False,2,0.169,delivery,,,,,,,,,,,,,,,,,,,,,,,,,,,,,,,,,,,,,,,,,,,,,,,,,,,,
50,12,14,11,S48,False,0,7,7,0,8,0,0,0,0,"['B521', 'B413', 'B255', 'B284', 'B561', 'B129', 'B505', 'B365']",4.0,S63,4.03,8,7,15,0.0,,-0.944656,-12.841037,-13.785693,False,False,6,S63,False,2,0.2132,pickup,,,,,,,,,,,,,,,,,,,,,,,,,,,,,,,,,,,,,,,,,,,,,,,,,,,,
50,12,14,19,S63,False,8,7,15,8,0,0,0,0,0,"['B521', 'B413', 'B255', 'B284', 'B561', 'B129', 'B505', 'B365']",4.0,S46,1.02,0,7,7,0.0,,-0.554126,-12.699981,-13.254107,False,False,4,S46,False,2,0.1545,delivery,,,,,,,,,,,,,,,,,,,,,,,,,,,,,,,,,,,,,,,,,,,,,,,,,,,,
50,12,14,24,S46,False,0,7,7,0,12,0,0,0,0,"['B420', 'B410', 'B171', 'B692', 'B45', 'B76', 'B331', 'B605', 'B122', 'B655', 'B720', 'B645']",6.0,S44,1.44,12,7,19,0.0,,-0.325918,-12.604384,-12.930303,False,False,6,S44,False,4,0.2533,pickup,,,,,,,,,,,,,,,,,,,,,,,,,,,,,,,,,,,,,,,,,,,,,,,,,,,,
50,12,14,32,S44,False,12,7,19,12,0,0,1,0,0,"['B518', 'B420', 'B410', 'B171', 'B692', 'B45', 'B76', 'B331', 'B605', 'B122', 'B655', 'B720', 'B645']",6.5,S40,2.76,0,8,8,0.0,,-0.259259,-12.607145,-12.866405,True,True,8,S40,False,6,0.2818,delivery+depot_removal,,,,,,,,,,,,,,,,,,,,,,,,,,,,,,,,,,,,,,,,,,,,,,,,,,,,
50,12,14,41,S40,False,0,8,8,0,0,0,0,0,0,[],0.0,S23,8.5,0,8,8,0.0,,-0.357465,-12.568563,-12.926028,False,False,6,S23,False,0,0.237,do_nothing,,,,,,,,,,,,,,,,,,,,,,,,,,,,,,,,,,,,,,,,,,,,,,,,,,,,
50,12,14,50,S23,False,0,8,8,0,8,0,1,0,0,"['B243', 'B301', 'B207', 'B161', 'B539', 'B197', 'B693', 'B205', 'B66']",4.5,S37,7.3,8,9,17,0.0,,-0.38917,-12.597307,-12.986477,True,True,12,S37,False,6,0.547,pickup+depot_removal,,,,,,,,,,,,,,,,,,,,,,,,,,,,,,,,,,,,,,,,,,,,,,,,,,,,
50,12,15,1,S37,False,8,9,17,0,0,0,2,0,0,"['B631', 'B279']",1.0,S63,1.78,8,11,19,0.0,,-0.750293,-12.710919,-13.461211,True,True,12,S47,True,4,0.3964,do_nothing+depot_removal,,,,,,,,,,,,,,,,,,,,,,,,,,,,,,,,,,,,,,,,,,,,,,,,,,,,
50,12,15,4,S63,False,8,11,19,8,0,0,0,0,0,"['B243', 'B301', 'B207', 'B161', 'B539', 'B197', 'B693', 'B205']",4.0,S53,1.49,0,11,11,0.0,,-0.65399,-12.696632,-13.350622,False,False,4,S53,False,2,0.132,delivery,,,,,,,,,,,,,,,,,,,,,,,,,,,,,,,,,,,,,,,,,,,,,,,,,,,,
50,12,15,10,S53,False,0,11,11,0,9,0,0,0,0,"['B358', 'B85', 'B4', 'B357', 'B213', 'B322', 'B458', 'B449', 'B531']",4.5,S50,5.17,9,11,20,0.0,,-0.323437,-12.509214,-12.832651,False,False,6,S40,True,4,0.197,pickup,,,,,,,,,,,,,,,,,,,,,,,,,,,,,,,,,,,,,,,,,,,,,,,,,,,,
50,12,15,19,S50,False,9,11,20,0,0,0,0,0,0,[],0.0,S57,2.14,9,11,20,0.0,,-0.195171,-12.709794,-12.904964,False,False,4,S57,False,0,0.1329,do_nothing,,,,,,,,,,,,,,,,,,,,,,,,,,,,,,,,,,,,,,,,,,,,,,,,,,,,
50,12,15,21,S57,False,9,11,20,9,0,0,0,0,0,"['B358', 'B85', 'B4', 'B357', 'B213', 'B322', 'B458', 'B449', 'B531']",4.5,S40,4.79,0,11,11,0.0,,-0.323513,-12.588834,-12.912347,False,False,4,S40,False,2,0.132,delivery,,,,,,,,,,,,,,,,,,,,,,,,,,,,,,,,,,,,,,,,,,,,,,,,,,,,
50,12,15,31,S40,False,0,11,11,0,9,0,0,0,0,"['B53', 'B64', 'B112', 'B491', 'B60', 'B595', 'B715', 'B736', 'B703']",4.5,S50,4.22,9,11,20,0.0,,-0.162125,-12.632121,-12.794246,False,False,4,S50,False,2,0.133,pickup,,,,,,,,,,,,,,,,,,,,,,,,,,,,,,,,,,,,,,,,,,,,,,,,,,,,
50,12,15,39,S50,False,9,11,20,9,0,0,0,0,0,"['B53', 'B64', 'B112', 'B491', 'B60', 'B595', 'B715', 'B736', 'B703']",4.5,S42,2.31,0,11,11,0.0,,-0.486657,-12.574362,-13.061019,False,False,4,S10,True,2,0.1366,delivery,,,,,,,,,,,,,,,,,,,,,,,,,,,,,,,,,,,,,,,,,,,,,,,,,,,,
50,12,15,46,S42,False,0,11,11,0,9,0,0,0,0,"['B220', 'B416', 'B252', 'B427', 'B663', 'B321', 'B514', 'B36', 'B701']",4.5,S39,12.59,9,11,20,0.0,,-0.488122,-12.742483,-13.230605,False,False,4,S39,False,2,0.1705,pickup,,,,,,,,,,,,,,,,,,,,,,,,,,,,,,,,,,,,,,,,,,,,,,,,,,,,
50,12,16,3,S39,False,9,11,20,9,0,0,0,0,0,"['B220', 'B416', 'B252', 'B427', 'B663', 'B321', 'B514', 'B36', 'B701']",4.5,S51,7.16,0,11,11,0.0,,-0.458402,-12.496417,-12.954819,False,False,4,S51,False,2,0.1324,delivery,,,,,,,,,,,,,,,,,,,,,,,,,,,,,,,,,,,,,,,,,,,,,,,,,,,,
50,12,16,15,S51,False,0,11,11,0,0,0,0,0,0,[],0.0,S4,5.42,0,11,11,0.0,,-0.557854,-12.653201,-13.211055,False,False,4,S4,False,0,0.1327,do_nothing,,,,,,,,,,,,,,,,,,,,,,,,,,,,,,,,,,,,,,,,,,,,,,,,,,,,
50,12,16,20,S4,False,0,11,11,0,0,0,0,0,0,[],0.0,S51,5.42,0,11,11,0.0,,-0.457563,-12.58853,-13.046093,False,False,4,S51,False,0,0.1329,do_nothing,,,,,,,,,,,,,,,,,,,,,,,,,,,,,,,,,,,,,,,,,,,,,,,,,,,,
50,12,16,26,S51,False,0,11,11,0,9,0,0,0,0,"['B73', 'B105', 'B359', 'B253', 'B707', 'B231', 'B32', 'B616', 'B171']",4.5,S3,4.7,9,11,20,0.0,,-0.780505,-12.730561,-13.511067,False,False,4,S4,True,2,0.1333,pickup,,,,,,,,,,,,,,,,,,,,,,,,,,,,,,,,,,,,,,,,,,,,,,,,,,,,
50,12,16,35,S3,False,9,11,20,0,0,0,0,0,0,[],0.0,S32,0.99,9,11,20,0.0,,-0.650761,-12.61317,-13.263931,False,False,4,S32,False,0,0.1366,do_nothing,,,,,,,,,,,,,,,,,,,,,,,,,,,,,,,,,,,,,,,,,,,,,,,,,,,,
50,12,16,36,S32,False,9,11,20,9,0,0,0,0,0,"['B73', 'B105', 'B359', 'B253', 'B707', 'B231', 'B32', 'B616', 'B171']",4.5,S45,2.27,0,11,11,0.0,,-0.782822,-12.826031,-13.608853,False,False,4,S45,False,2,0.1367,delivery,,,,,,,,,,,,,,,,,,,,,,,,,,,,,,,,,,,,,,,,,,,,,,,,,,,,
50,12,16,43,S45,False,0,11,11,0,0,0,0,0,0,[],0.0,S4,2.89,0,11,11,0.0,,-0.258932,-12.58066,-12.839592,False,False,4,S4,False,0,0.1379,do_nothing,,,,,,,,,,,,,,,,,,,,,,,,,,,,,,,,,,,,,,,,,,,,,,,,,,,,
50,12,16,46,S4,False,0,11,11,0,9,0,0,0,0,"['B494', 'B132', 'B390', 'B462', 'B238', 'B436', 'B472', 'B46', 'B49']",4.5,S37,0.75,9,11,20,0.0,,-0.423051,-12.598826,-13.021877,False,False,4,S37,False,2,0.1362,pickup,,,,,,,,,,,,,,,,,,,,,,,,,,,,,,,,,,,,,,,,,,,,,,,,,,,,
50,12,16,51,S37,False,9,11,20,0,0,0,0,0,0,[],0.0,S29,6.23,9,11,20,0.0,,-0.293041,-12.713528,-13.006569,False,False,4,S45,True,0,0.1503,do_nothing,,,,,,,,,,,,,,,,,,,,,,,,,,,,,,,,,,,,,,,,,,,,,,,,,,,,
50,12,16,57,S29,False,9,11,20,9,0,0,0,0,0,"['B494', 'B132', 'B390', 'B462', 'B238', 'B436', 'B472', 'B46', 'B49']",4.5,S45,4.09,0,11,11,0.0,,-0.523393,-12.575816,-13.099209,False,False,4,S45,False,2,0.1455,delivery,,,,,,,,,,,,,,,,,,,,,,,,,,,,,,,,,,,,,,,,,,,,,,,,,,,,
50,12,17,6,S45,False,0,11,11,0,5,0,0,0,0,"['B259', 'B750', 'B121', 'B565', 'B168']",2.5,S26,7.09,5,11,16,0.0,,-0.295766,-12.627483,-12.923249,False,False,6,S15,True,4,0.2012,pickup,,,,,,,,,,,,,,,,,,,,,,,,,,,,,,,,,,,,,,,,,,,,,,,,,,,,
50,12,17,15,S26,False,5,11,16,5,0,0,0,0,0,"['B259', 'B750', 'B121', 'B565', 'B168']",2.5,S15,2.8,0,11,11,0.0,,-0.423892,-12.636569,-13.060461,False,False,4,S15,False,2,0.1344,delivery,,,,,,,,,,,,,,,,,,,,,,,,,,,,,,,,,,,,,,,,,,,,,,,,,,,,
50,12,17,21,S15,False,0,11,11,0,9,0,0,0,0,"['B302', 'B356', 'B574', 'B290', 'B350', 'B328', 'B633', 'B609', 'B153']",4.5,S26,2.8,9,11,20,0.0,,-0.426017,-12.664864,-13.090881,False,False,4,S26,False,2,0.1494,pickup,,,,,,,,,,,,,,,,,,,,,,,,,,,,,,,,,,,,,,,,,,,,,,,,,,,,
50,12,17,28,S26,False,9,11,20,0,0,0,0,0,0,[],0.0,S24,3.0,9,11,20,0.0,,-0.551156,-12.718702,-13.269857,False,False,4,S24,False,0,0.1377,do_nothing,,,,,,,,,,,,,,,,,,,,,,,,,,,,,,,,,,,,,,,,,,,,,,,,,,,,
50,12,17,31,S24,False,9,11,20,9,0,0,0,0,0,"['B302', 'B356', 'B574', 'B290', 'B350', 'B328', 'B633', 'B609', 'B153']",4.5,S6,3.37,0,11,11,0.0,,-0.391903,-12.623304,-13.015207,False,False,4,S6,False,2,0.1384,delivery,,,,,,,,,,,,,,,,,,,,,,,,,,,,,,,,,,,,,,,,,,,,,,,,,,,,
50,12,17,39,S6,False,0,11,11,0,0,0,0,0,0,[],0.0,S52,11.16,0,11,11,0.0,,-0.292378,-12.673592,-12.96597,False,False,4,S52,False,0,0.151,do_nothing,,,,,,,,,,,,,,,,,,,,,,,,,,,,,,,,,,,,,,,,,,,,,,,,,,,,
50,12,17,50,S52,False,0,11,11,0,9,0,0,0,0,"['B233', 'B249', 'B379', 'B119', 'B562', 'B764', 'B37', 'B457', 'B693']",4.5,S33,0.73,9,11,20,0.0,,-0.652666,-12.86371,-13.516376,False,False,4,S33,False,2,0.1425,pickup,,,,,,,,,,,,,,,,,,,,,,,,,,,,,,,,,,,,,,,,,,,,,,,,,,,,
50,12,17,55,S33,False,9,11,20,0,0,0,0,0,0,[],0.0,S26,6.45,9,11,20,0.0,,-0.456423,-12.852258,-13.308681,False,False,4,S46,True,0,0.1538,do_nothing,,,,,,,,,,,,,,,,,,,,,,,,,,,,,,,,,,,,,,,,,,,,,,,,,,,,
50,12,18,2,S26,False,9,11,20,9,0,0,0,0,0,"['B233', 'B249', 'B379', 'B119', 'B562', 'B764', 'B37', 'B457', 'B693']",4.5,S12,13.22,0,11,11,0.0,,-0.718136,-12.629193,-13.347329,False,False,6,S5,True,2,0.257,delivery,,,,,,,,,,,,,,,,,,,,,,,,,,,,,,,,,,,,,,,,,,,,,,,,,,,,
50,12,18,19,S12,False,0,11,11,0,0,0,2,0,0,"['B56', 'B61']",1.0,S36,3.39,0,13,13,0.0,,-0.390415,-12.622802,-13.013217,True,True,8,S36,False,4,0.3944,do_nothing+depot_removal,,,,,,,,,,,,,,,,,,,,,,,,,,,,,,,,,,,,,,,,,,,,,,,,,,,,
50,12,18,24,S36,False,0,13,13,0,0,2,0,0,0,[],6.0,S12,3.39,0,13,13,0.0,,-0.293793,-12.542879,-12.836671,True,True,12,S12,False,4,0.4277,do_nothing+onsite,,,,,,,,,,,,,,,,,,,,,,,,,,,,,,,,,,,,,,,,,,,,,,,,,,,,
50,12,18,33,S12,False,0,13,13,0,0,0,0,0,0,[],0.0,S36,3.39,0,13,13,0.0,,-0.129015,-12.559109,-12.688123,False,False,4,S5,True,0,0.148,do_nothing,,,,,,,,,,,,,,,,,,,,,,,,,,,,,,,,,,,,,,,,,,,,,,,,,,,,
50,12,18,37,S36,False,0,13,13,0,7,0,0,0,0,"['B380', 'B577', 'B638', 'B594', 'B164', 'B700', 'B697']",3.5,S5,16.32,7,13,20,0.0,,-0.163532,-12.615754,-12.779287,False,False,4,S12,True,2,0.1465,pickup,,,,,,,,,,,,,,,,,,,,,,,,,,,,,,,,,,,,,,,,,,,,,,,,,,,,
50,12,18,56,S5,False,7,13,20,7,0,0,1,0,0,"['B158', 'B380', 'B577', 'B638', 'B594', 'B164', 'B700', 'B697']",4.0,S60,8.73,0,14,14,0.0,,-0.259762,-12.623172,-12.882934,True,True,6,S60,False,4,0.2164,delivery+depot_removal,,,,,,,,,,,,,,,,,,,,,,,,,,,,,,,,,,,,,,,,,,,,,,,,,,,,
50,12,19,9,S60,False,0,14,14,0,0,0,0,0,0,[],0.0,S13,8.16,0,14,14,0.0,,-0.29271,-12.756327,-13.049037,False,False,4,S34,True,0,0.1541,do_nothing,,,,,,,,,,,,,,,,,,,,,,,,,,,,,,,,,,,,,,,,,,,,,,,,,,,,
50,12,19,17,S13,False,0,14,14,0,0,1,0,0,0,[],3.0,S7,2.1,0,14,14,0.0,,-0.325,-12.682874,-13.007874,True,True,8,S34,True,2,0.2713,do_nothing+onsite,,,,,,,,,,,,,,,,,,,,,,,,,,,,,,,,,,,,,,,,,,,,,,,,,,,,
50,12,19,22,S7,False,0,14,14,0,0,0,0,0,0,[],0.0,S13,2.1,0,14,14,0.0,,-0.460227,-12.649432,-13.109659,False,False,4,S13,False,0,0.1371,do_nothing,,,,,,,,,,,,,,,,,,,,,,,,,,,,,,,,,,,,,,,,,,,,,,,,,,,,
50,12,19,24,S13,False,0,14,14,0,6,0,0,0,0,"['B114', 'B538', 'B657', 'B730', 'B101', 'B235']",3.0,S34,12.01,6,14,20,0.0,,-0.328234,-12.64795,-12.976184,False,False,4,S34,False,2,0.1371,pickup,,,,,,,,,,,,,,,,,,,,,,,,,,,,,,,,,,,,,,,,,,,,,,,,,,,,
50,12,19,39,S34,False,6,14,20,6,0,0,0,0,0,"['B114', 'B538', 'B657', 'B730', 'B101', 'B235']",3.0,S54,2.69,0,14,14,0.0,,-0.425115,-12.610011,-13.035126,False,False,4,S54,False,2,0.1339,delivery,,,,,,,,,,,,,,,,,,,,,,,,,,,,,,,,,,,,,,,,,,,,,,,,,,,,
50,12,19,45,S54,False,0,14,14,0,6,0,0,0,0,"['B278', 'B737', 'B432', 'B412', 'B392', 'B425']",3.0,D0,1.95,6,14,20,0.0,,-0.260014,-12.862983,-13.122997,False,False,2,D0,False,1,0.0847,pickup,,,,,,,,,,,,,,,,,,,,,,,,,,,,,,,,,,,,,,,,,,,,,,,,,,,,
50,12,19,50,D0,True,6,14,20,0,0,0,0,14,0,"['B28', 'B184', 'B658', 'B98', 'B68', 'B244', 'B653', 'B518', 'B66', 'B631', 'B279', 'B56', 'B61', 'B158']",7.0,D0,0.0,6,0,6,0.0,,-0.393089,-12.809692,-13.202781,True,True,1,D0,False,0,0.0539,do_nothing,,,,,,,,,,,,,,,,,,,,,,,,,,,,,,,,,,,,,,,,,,,,,,,,,,,,
50,13,6,12,D0,True,6,0,6,0,0,0,0,0,14,"['B722', 'B431', 'B294', 'B377', 'B648', 'B232', 'B714', 'B718', 'B260', 'B80', 'B433', 'B257', 'B204', 'B493']",7.0,S3,3.11,20,0,20,0.0,,-0.193943,-13.447023,-13.640966,True,True,1,S3,False,0,0.0499,load_queue,,,,,,,,,,,,,,,,,,,,,,,,,,,,,,,,,,,,,,,,,,,,,,,,,,,,
50,13,6,37,S3,False,20,0,20,11,0,0,0,0,0,"['B278', 'B737', 'B432', 'B412', 'B392', 'B425', 'B722', 'B431', 'B294', 'B377', 'B648']",5.5,S66,7.38,9,0,9,0.0,,-0.129834,-13.101926,-13.23176,False,False,6,S66,False,2,0.2374,delivery,,,,,,,,,,,,,,,,,,,,,,,,,,,,,,,,,,,,,,,,,,,,,,,,,,,,
50,13,6,50,S66,False,9,0,9,0,0,0,1,0,0,['B520'],0.5,S60,1.23,9,1,10,0.0,,-0.259446,-13.100153,-13.359599,True,True,6,S23,True,2,0.2171,do_nothing+depot_removal,,,,,,,,,,,,,,,,,,,,,,,,,,,,,,,,,,,,,,,,,,,,,,,,,,,,
50,13,6,52,S60,False,9,1,10,0,10,0,0,0,0,"['B18', 'B187', 'B550', 'B234', 'B502', 'B665', 'B298', 'B589', 'B486', 'B355']",5.0,S23,4.55,19,1,20,0.0,,-0.324251,-13.021044,-13.345295,False,False,4,S23,False,2,0.1498,pickup,,,,,,,,,,,,,,,,,,,,,,,,,,,,,,,,,,,,,,,,,,,,,,,,,,,,
50,13,7,1,S23,False,19,1,20,6,0,0,0,0,0,"['B232', 'B714', 'B718', 'B260', 'B80', 'B433']",3.0,S65,2.48,13,1,14,0.0,,-0.194093,-13.04898,-13.243073,False,False,6,S65,False,4,0.2177,delivery,,,,,,,,,,,,,,,,,,,,,,,,,,,,,,,,,,,,,,,,,,,,,,,,,,,,
50,13,7,7,S65,False,13,1,14,0,0,0,0,0,0,[],0.0,S0,14.1,13,1,14,0.0,,-0.491292,-12.967326,-13.458617,False,False,4,S0,True,0,0.3088,do_nothing,,,,,,,,,,,,,,,,,,,,,,,,,,,,,,,,,,,,,,,,,,,,,,,,,,,,
50,13,7,21,S0,False,13,1,14,0,6,2,0,0,0,"['B733', 'B273', 'B319', 'B297', 'B753', 'B163']",9.0,S57,3.76,19,1,20,0.0,,-0.163873,-13.000631,-13.164504,True,True,18,S57,False,16,0.7397,pickup+onsite,,,,,,,,,,,,,,,,,,,,,,,,,,,,,,,,,,,,,,,,,,,,,,,,,,,,
50,13,7,34,S57,False,19,1,20,13,0,0,0,0,0,"['B257', 'B204', 'B493', 'B18', 'B187', 'B550', 'B234', 'B502', 'B665', 'B298', 'B589', 'B486', 'B355']",6.5,S35,0.73,6,1,7,0.0,,-0.358122,-12.46106,-12.819183,False,False,6,S35,False,4,0.29,delivery,,,,,,,,,,,,,,,,,,,,,,,,,,,,,,,,,,,,,,,,,,,,,,,,,,,,
50,13,7,41,S35,False,6,1,7,0,12,1,0,0,0,"['B627', 'B52', 'B628', 'B23', 'B256', 'B455', 'B75', 'B30', 'B524', 'B506', 'B411', 'B459']",9.0,S65,10.81,18,1,19,0.0,,-0.19491,-12.482647,-12.677558,True,True,12,S65,True,6,0.4488,pickup+onsite,,,,,,,,,,,,,,,,,,,,,,,,,,,,,,,,,,,,,,,,,,,,,,,,,,,,
50,13,8,1,S65,False,18,1,19,9,0,0,0,0,0,"['B733', 'B273', 'B319', 'B297', 'B753', 'B163', 'B627', 'B52', 'B628']",4.5,S59,5.18,9,1,10,0.0,,-0.230189,-12.381344,-12.611533,False,False,6,S10,True,2,0.2175,delivery,,,,,,,,,,,,,,,,,,,,,,,,,,,,,,,,,,,,,,,,,,,,,,,,,,,,
50,13,8,10,S59,False,9,1,10,0,10,0,0,0,0,"['B283', 'B552', 'B542', 'B566', 'B687', 'B222', 'B144', 'B267', 'B200', 'B74']",5.0,S51,5.65,19,1,20,0.0,,-0.259276,-12.428275,-12.687551,False,False,4,S51,False,2,0.1461,pickup,,,,,,,,,,,,,,,,,,,,,,,,,,,,,,,,,,,,,,,,,,,,,,,,,,,,
50,13,8,21,S51,False,19,1,20,12,0,0,0,0,0,"['B23', 'B256', 'B455', 'B75', 'B30', 'B524', 'B506', 'B411', 'B459', 'B283', 'B552', 'B542']",6.0,S43,3.12,7,1,8,0.0,,-0.194178,-12.397485,-12.591663,False,False,6,S43,False,2,0.29,delivery,,,,,,,,,,,,,,,,,,,,,,,,,,,,,,,,,,,,,,,,,,,,,,,,,,,,
50,13,8,30,S43,False,7,1,8,0,0,1,1,0,0,['B337'],3.5,S61,3.44,7,2,9,0.0,,-0.355404,-12.260845,-12.616249,True,True,12,S37,True,6,0.4676,do_nothing+maintenance,,,,,,,,,,,,,,,,,,,,,,,,,,,,,,,,,,,,,,,,,,,,,,,,,,,,
50,13,8,37,S61,False,7,2,9,0,9,0,0,0,0,"['B176', 'B497', 'B255', 'B751', 'B462', 'B53', 'B472', 'B146', 'B551']",4.5,S37,2.04,16,2,18,0.0,,-0.162947,-12.077991,-12.240938,False,False,6,S37,False,4,0.2166,pickup,,,,,,,,,,,,,,,,,,,,,,,,,,,,,,,,,,,,,,,,,,,,,,,,,,,,
50,13,8,44,S37,False,16,2,18,15,0,0,0,0,0,"['B566', 'B687', 'B222', 'B144', 'B267', 'B200', 'B74', 'B176', 'B497', 'B255', 'B751', 'B462', 'B53', 'B472', 'B146']",7.5,D0,1.72,1,2,3,0.0,,-0.194174,-12.179146,-12.37332,False,False,6,S43,True,5,0.2151,delivery,,,,,,,,,,,,,,,,,,,,,,,,,,,,,,,,,,,,,,,,,,,,,,,,,,,,
50,13,8,53,D0,True,1,2,3,0,0,0,0,2,0,"['B520', 'B337']",1.0,S43,2.15,1,0,1,0.0,,-0.230941,-12.153691,-12.384632,True,True,1,S43,False,0,0.0414,depot_passthrough,,,,,,,,,,,,,,,,,,,,,,,,,,,,,,,,,,,,,,,,,,,,,,,,,,,,
50,13,9,11,S43,False,1,0,1,0,10,0,0,0,0,"['B20', 'B709', 'B539', 'B694', 'B614', 'B371', 'B25', 'B426', 'B137', 'B564']",5.0,S63,0.64,11,0,11,0.0,,-0.130497,-12.238378,-12.368874,False,False,6,S55,True,4,0.2193,pickup,,,,,,,,,,,,,,,,,,,,,,,,,,,,,,,,,,,,,,,,,,,,,,,,,,,,
50,13,9,17,S63,False,11,0,11,11,0,0,0,0,0,"['B551', 'B20', 'B709', 'B539', 'B694', 'B614', 'B371', 'B25', 'B426', 'B137', 'B564']",5.5,S55,3.64,0,0,0,0.0,,-0.031885,-12.281344,-12.313229,False,False,4,S55,False,2,0.1517,delivery,,,,,,,,,,,,,,,,,,,,,,,,,,,,,,,,,,,,,,,,,,,,,,,,,,,,
50,13,9,26,S55,False,0,0,0,0,20,0,0,0,0,"['B546', 'B13', 'B570', 'B135', 'B59', 'B116', 'B765', 'B677', 'B710', 'B323', 'B47', 'B763', 'B65', 'B262', 'B398', 'B4', 'B511', 'B313', 'B359', 'B639']",10.0,S10,2.1,20,0,20,0.0,,-0.522742,-12.33512,-12.857862,False,False,6,S10,True,4,0.228,pickup,,,,,,,,,,,,,,,,,,,,,,,,,,,,,,,,,,,,,,,,,,,,,,,,,,,,
50,13,9,38,S10,False,20,0,20,11,0,0,0,0,0,"['B546', 'B13', 'B570', 'B135', 'B59', 'B116', 'B765', 'B677', 'B710', 'B323', 'B47']",5.5,S34,1.86,9,0,9,0.0,,-0.386455,-12.310469,-12.696924,False,False,6,S34,True,4,0.2181,delivery,,,,,,,,,,,,,,,,,,,,,,,,,,,,,,,,,,,,,,,,,,,,,,,,,,,,
50,13,9,45,S34,False,9,0,9,0,0,0,0,0,0,[],0.0,S29,2.43,9,0,9,0.0,,-0.258104,-12.218403,-12.476507,False,False,4,S31,True,0,0.1753,do_nothing,,,,,,,,,,,,,,,,,,,,,,,,,,,,,,,,,,,,,,,,,,,,,,,,,,,,
50,13,9,48,S29,False,9,0,9,0,0,0,0,0,0,[],0.0,S34,2.43,9,0,9,0.0,,-0.096062,-12.339803,-12.435864,False,False,4,S0,True,0,0.1567,do_nothing,,,,,,,,,,,,,,,,,,,,,,,,,,,,,,,,,,,,,,,,,,,,,,,,,,,,
50,13,9,50,S34,False,9,0,9,9,0,0,0,0,0,"['B763', 'B65', 'B262', 'B398', 'B4', 'B511', 'B313', 'B359', 'B639']",4.5,S31,4.64,0,0,0,0.0,,-0.515389,-12.227376,-12.742765,False,False,4,S31,False,2,0.1975,delivery,,,,,,,,,,,,,,,,,,,,,,,,,,,,,,,,,,,,,,,,,,,,,,,,,,,,
50,13,9,59,S31,False,0,0,0,0,0,1,0,0,0,[],3.0,S53,4.82,0,0,0,0.0,,-0.195321,-12.186386,-12.381708,True,True,12,S66,True,2,0.5139,do_nothing+onsite,,,,,,,,,,,,,,,,,,,,,,,,,,,,,,,,,,,,,,,,,,,,,,,,,,,,
50,13,10,7,S53,False,0,0,0,0,10,0,1,0,0,"['B139', 'B15', 'B645', 'B54', 'B423', 'B584', 'B115', 'B372', 'B742', 'B100', 'B573']",5.5,S45,0.56,10,1,11,0.0,,-0.420739,-12.377753,-12.798492,True,True,12,D0,True,10,0.4207,pickup+depot_removal,,,,,,,,,,,,,,,,,,,,,,,,,,,,,,,,,,,,,,,,,,,,,,,,,,,,
50,13,10,13,S45,False,10,1,11,0,0,0,0,0,0,[],0.0,S54,2.7,10,1,11,0.0,,-0.324996,-12.461663,-12.786659,False,False,4,S61,True,0,0.148,do_nothing,,,,,,,,,,,,,,,,,,,,,,,,,,,,,,,,,,,,,,,,,,,,,,,,,,,,
50,13,10,16,S54,False,10,1,11,0,9,0,0,0,0,"['B635', 'B320', 'B162', 'B238', 'B346', 'B666', 'B696', 'B388', 'B105']",4.5,S35,2.91,19,1,20,0.0,,-0.225983,-12.283699,-12.509683,False,False,4,S35,False,2,0.1463,pickup,,,,,,,,,,,,,,,,,,,,,,,,,,,,,,,,,,,,,,,,,,,,,,,,,,,,
50,13,10,23,S35,False,19,1,20,0,0,0,0,0,0,[],0.0,S61,7.62,19,1,20,0.0,,-0.26184,-12.222578,-12.484418,False,False,6,S61,True,0,0.2235,do_nothing,,,,,,,,,,,,,,,,,,,,,,,,,,,,,,,,,,,,,,,,,,,,,,,,,,,,
50,13,10,31,S61,False,19,1,20,10,0,0,0,0,0,"['B139', 'B15', 'B645', 'B54', 'B423', 'B584', 'B115', 'B372', 'B742', 'B100']",5.0,S35,7.62,9,1,10,0.0,,-0.421087,-12.139267,-12.560354,False,False,6,S35,False,2,0.224,delivery,,,,,,,,,,,,,,,,,,,,,,,,,,,,,,,,,,,,,,,,,,,,,,,,,,,,
50,13,10,44,S35,False,9,1,10,9,0,0,0,0,0,"['B635', 'B320', 'B162', 'B238', 'B346', 'B666', 'B696', 'B388', 'B105']",4.5,S51,8.32,0,1,1,0.0,,-0.324836,-12.326555,-12.651391,False,False,4,S51,False,2,0.1474,delivery,,,,,,,,,,,,,,,,,,,,,,,,,,,,,,,,,,,,,,,,,,,,,,,,,,,,
50,13,10,56,S51,False,0,1,1,0,13,0,0,0,0,"['B506', 'B411', 'B459', 'B283', 'B552', 'B542', 'B193', 'B737', 'B75', 'B88', 'B420', 'B130', 'B395']",6.5,S23,11.83,13,1,14,0.0,,-0.420477,-12.271468,-12.691945,False,False,6,S23,False,4,0.2224,pickup,,,,,,,,,,,,,,,,,,,,,,,,,,,,,,,,,,,,,,,,,,,,,,,,,,,,
50,13,11,15,S23,False,13,1,14,0,6,0,0,0,0,"['B714', 'B718', 'B260', 'B80', 'B433', 'B0']",3.0,S29,11.23,19,1,20,0.0,,-0.423044,-12.335033,-12.758077,False,False,4,S29,False,2,0.1571,pickup,,,,,,,,,,,,,,,,,,,,,,,,,,,,,,,,,,,,,,,,,,,,,,,,,,,,
50,13,11,29,S29,False,19,1,20,15,0,0,0,0,0,"['B506', 'B411', 'B459', 'B283', 'B552', 'B542', 'B193', 'B737', 'B75', 'B88', 'B420', 'B130', 'B395', 'B714', 'B718']",7.5,S14,3.41,4,1,5,0.0,,-0.390667,-12.294028,-12.684694,False,False,6,S14,False,4,0.2733,delivery,,,,,,,,,,,,,,,,,,,,,,,,,,,,,,,,,,,,,,,,,,,,,,,,,,,,
50,13,11,40,S14,False,4,1,5,4,0,0,1,0,0,"['B42', 'B260', 'B80', 'B433', 'B0']",2.5,S17,5.48,0,2,2,0.0,,-0.129839,-12.487269,-12.617108,True,True,8,S17,False,6,0.2831,delivery+depot_removal,,,,,,,,,,,,,,,,,,,,,,,,,,,,,,,,,,,,,,,,,,,,,,,,,,,,
50,13,11,48,S17,False,0,2,2,0,0,0,0,0,0,[],0.0,S39,11.39,0,2,2,0.0,,-0.261663,-12.506526,-12.76819,False,False,4,S27,True,0,0.1411,do_nothing,,,,,,,,,,,,,,,,,,,,,,,,,,,,,,,,,,,,,,,,,,,,,,,,,,,,
50,13,11,59,S39,False,0,2,2,0,0,0,0,0,0,[],0.0,S64,2.55,0,2,2,0.0,,-0.163363,-12.511301,-12.674663,False,False,4,S64,False,0,0.1501,do_nothing,,,,,,,,,,,,,,,,,,,,,,,,,,,,,,,,,,,,,,,,,,,,,,,,,,,,
50,13,12,2,S64,False,0,2,2,0,7,0,0,0,0,"['B588', 'B150', 'B201', 'B617', 'B556', 'B560', 'B78']",3.5,S58,2.1,7,2,9,0.0,,-0.391916,-12.584367,-12.976283,False,False,6,S58,False,2,0.2146,pickup,,,,,,,,,,,,,,,,,,,,,,,,,,,,,,,,,,,,,,,,,,,,,,,,,,,,
50,13,12,7,S58,False,7,2,9,0,11,0,0,0,0,"['B536', 'B721', 'B548', 'B178', 'B713', 'B596', 'B488', 'B498', 'B241', 'B712', 'B108']",5.5,S37,0.71,18,2,20,0.0,,-0.615383,-12.507182,-13.122566,False,False,4,S37,False,2,0.1444,pickup,,,,,,,,,,,,,,,,,,,,,,,,,,,,,,,,,,,,,,,,,,,,,,,,,,,,
50,13,12,14,S37,False,18,2,20,15,0,0,0,0,0,"['B588', 'B150', 'B201', 'B617', 'B556', 'B560', 'B78', 'B536', 'B721', 'B548', 'B178', 'B713', 'B596', 'B488', 'B498']",7.5,S16,1.47,3,2,5,0.0,,-0.32526,-12.404614,-12.729874,False,False,6,S55,True,4,0.2276,delivery,,,,,,,,,,,,,,,,,,,,,,,,,,,,,,,,,,,,,,,,,,,,,,,,,,,,
50,13,12,23,S16,False,3,2,5,0,8,0,0,0,0,"['B661', 'B212', 'B404', 'B281', 'B455', 'B85', 'B357', 'B473']",4.0,S65,7.14,11,2,13,0.0,,-0.391819,-12.477455,-12.869274,False,False,6,S65,False,2,0.2135,pickup,,,,,,,,,,,,,,,,,,,,,,,,,,,,,,,,,,,,,,,,,,,,,,,,,,,,
50,13,12,34,S65,False,11,2,13,0,7,0,0,0,0,"['B733', 'B273', 'B319', 'B297', 'B753', 'B163', 'B627']",3.5,S13,5.55,18,2,20,0.0,,-0.488622,-12.4983,-12.986922,False,False,4,S13,False,2,0.144,pickup,,,,,,,,,,,,,,,,,,,,,,,,,,,,,,,,,,,,,,,,,,,,,,,,,,,,
50,13,12,43,S13,False,18,2,20,0,0,0,0,0,0,[],0.0,S14,15.58,18,2,20,0.0,,-0.357808,-12.514915,-12.872723,False,False,6,S0,True,0,0.2843,do_nothing,,,,,,,,,,,,,,,,,,,,,,,,,,,,,,,,,,,,,,,,,,,,,,,,,,,,
50,13,12,58,S14,False,18,2,20,7,0,0,0,0,0,"['B241', 'B712', 'B108', 'B661', 'B212', 'B404', 'B281']",3.5,S13,15.58,11,2,13,0.0,,-0.228386,-12.368462,-12.596848,False,False,6,S13,False,4,0.2117,delivery,,,,,,,,,,,,,,,,,,,,,,,,,,,,,,,,,,,,,,,,,,,,,,,,,,,,
50,13,13,17,S13,False,11,2,13,0,0,0,0,0,0,[],0.0,S45,12.85,11,2,13,0.0,,-0.48978,-12.644784,-13.134564,False,False,4,S45,True,0,0.1348,do_nothing,,,,,,,,,,,,,,,,,,,,,,,,,,,,,,,,,,,,,,,,,,,,,,,,,,,,
50,13,13,30,S45,False,11,2,13,0,7,0,0,0,0,"['B611', 'B36', 'B50', 'B374', 'B97', 'B613', 'B161']",3.5,S51,4.13,18,2,20,0.0,,-0.521847,-12.430036,-12.951883,False,False,4,S51,False,2,0.148,pickup,,,,,,,,,,,,,,,,,,,,,,,,,,,,,,,,,,,,,,,,,,,,,,,,,,,,
50,13,13,38,S51,False,18,2,20,15,0,0,0,0,0,"['B455', 'B85', 'B357', 'B473', 'B733', 'B273', 'B319', 'B297', 'B753', 'B163', 'B627', 'B611', 'B36', 'B50', 'B374']",7.5,S13,15.47,3,2,5,0.0,,-0.552799,-12.689915,-13.242714,False,False,6,S13,False,4,0.2194,delivery,,,,,,,,,,,,,,,,,,,,,,,,,,,,,,,,,,,,,,,,,,,,,,,,,,,,
50,13,14,1,S13,False,3,2,5,0,0,0,0,0,0,[],0.0,S43,12.6,3,2,5,0.0,,-0.520655,-12.652791,-13.173445,False,False,4,S37,True,0,0.1427,do_nothing,,,,,,,,,,,,,,,,,,,,,,,,,,,,,,,,,,,,,,,,,,,,,,,,,,,,
50,13,14,13,S43,False,3,2,5,3,0,0,0,0,0,"['B97', 'B613', 'B161']",1.5,S37,1.66,0,2,2,0.0,,-0.391812,-12.844891,-13.236703,False,False,4,S37,False,2,0.1425,delivery,,,,,,,,,,,,,,,,,,,,,,,,,,,,,,,,,,,,,,,,,,,,,,,,,,,,
50,13,14,17,S37,False,0,2,2,0,15,0,0,0,0,"['B150', 'B201', 'B617', 'B556', 'B560', 'B78', 'B536', 'B721', 'B548', 'B178', 'B713', 'B596', 'B488', 'B498', 'B676']",7.5,S43,1.66,15,2,17,0.0,,-0.487046,-12.646119,-13.133166,False,False,6,S43,False,2,0.2148,pickup,,,,,,,,,,,,,,,,,,,,,,,,,,,,,,,,,,,,,,,,,,,,,,,,,,,,
50,13,14,26,S43,False,15,2,17,15,0,0,0,0,0,"['B150', 'B201', 'B617', 'B556', 'B560', 'B78', 'B536', 'B721', 'B548', 'B178', 'B713', 'B596', 'B488', 'B498', 'B676']",7.5,S32,3.61,0,2,2,0.0,,-0.779543,-12.745418,-13.524961,False,False,4,S32,False,2,0.1409,delivery,,,,,,,,,,,,,,,,,,,,,,,,,,,,,,,,,,,,,,,,,,,,,,,,,,,,
50,13,14,37,S32,False,0,2,2,0,12,0,0,0,0,"['B257', 'B709', 'B539', 'B708', 'B705', 'B162', 'B761', 'B83', 'B477', 'B264', 'B145', 'B646']",6.0,S33,3.27,12,2,14,0.0,,-0.425127,-12.537804,-12.962931,False,False,6,S33,False,4,0.2,pickup,,,,,,,,,,,,,,,,,,,,,,,,,,,,,,,,,,,,,,,,,,,,,,,,,,,,
50,13,14,46,S33,False,12,2,14,0,0,0,0,0,0,[],0.0,S15,3.7,12,2,14,0.0,,-0.814952,-12.570769,-13.38572,False,False,4,S31,True,0,0.1445,do_nothing,,,,,,,,,,,,,,,,,,,,,,,,,,,,,,,,,,,,,,,,,,,,,,,,,,,,
50,13,14,50,S15,False,12,2,14,12,0,0,0,0,0,"['B257', 'B709', 'B539', 'B708', 'B705', 'B162', 'B761', 'B83', 'B477', 'B264', 'B145', 'B646']",6.0,S17,4.76,0,2,2,0.0,,-0.390336,-12.569233,-12.959569,False,False,4,S17,False,2,0.1345,delivery,,,,,,,,,,,,,,,,,,,,,,,,,,,,,,,,,,,,,,,,,,,,,,,,,,,,
50,13,15,1,S17,False,0,2,2,0,0,0,0,0,0,[],0.0,S47,8.76,0,2,2,0.0,,-0.978895,-12.50773,-13.486625,False,False,4,S47,False,0,0.1322,do_nothing,,,,,,,,,,,,,,,,,,,,,,,,,,,,,,,,,,,,,,,,,,,,,,,,,,,,
50,13,15,9,S47,False,0,2,2,0,0,0,0,0,0,[],0.0,S65,1.6,0,2,2,0.0,,-0.458399,-12.493353,-12.951753,False,False,4,S38,True,0,0.141,do_nothing,,,,,,,,,,,,,,,,,,,,,,,,,,,,,,,,,,,,,,,,,,,,,,,,,,,,
50,13,15,11,S65,False,0,2,2,0,11,0,0,0,0,"['B550', 'B222', 'B387', 'B541', 'B651', 'B34', 'B233', 'B647', 'B318', 'B732', 'B175']",5.5,S47,1.6,11,2,13,0.0,,-0.915731,-12.564125,-13.479857,False,False,6,S47,False,4,0.2034,pickup,,,,,,,,,,,,,,,,,,,,,,,,,,,,,,,,,,,,,,,,,,,,,,,,,,,,
50,13,15,18,S47,False,11,2,13,0,0,0,0,0,0,[],0.0,S38,4.38,11,2,13,0.0,,-0.816181,-12.559932,-13.376112,False,False,4,S38,True,0,0.1342,do_nothing,,,,,,,,,,,,,,,,,,,,,,,,,,,,,,,,,,,,,,,,,,,,,,,,,,,,
50,13,15,22,S38,False,11,2,13,11,0,0,0,0,0,"['B550', 'B222', 'B387', 'B541', 'B651', 'B34', 'B233', 'B647', 'B318', 'B732', 'B175']",5.5,S47,4.38,0,2,2,0.0,,-1.337919,-12.574528,-13.912448,False,False,4,S47,False,2,0.1346,delivery,,,,,,,,,,,,,,,,,,,,,,,,,,,,,,,,,,,,,,,,,,,,,,,,,,,,
50,13,15,32,S47,False,0,2,2,0,18,0,0,0,0,"['B272', 'B333', 'B221', 'B247', 'B603', 'B347', 'B413', 'B399', 'B209', 'B343', 'B335', 'B87', 'B400', 'B258', 'B727', 'B760', 'B46', 'B11']",9.0,S26,7.49,18,2,20,0.0,,-0.779444,-12.581449,-13.360893,False,False,4,S26,False,2,0.1435,pickup,,,,,,,,,,,,,,,,,,,,,,,,,,,,,,,,,,,,,,,,,,,,,,,,,,,,
50,13,15,49,S26,False,18,2,20,0,0,0,0,0,0,[],0.0,S51,11.22,18,2,20,0.0,,-0.815377,-12.739606,-13.554983,False,False,6,S51,False,0,0.2268,do_nothing,,,,,,,,,,,,,,,,,,,,,,,,,,,,,,,,,,,,,,,,,,,,,,,,,,,,
50,13,16,0,S51,False,18,2,20,7,0,0,0,0,0,"['B272', 'B333', 'B221', 'B247', 'B603', 'B347', 'B413']",3.5,S13,15.47,11,2,13,0.0,,-1.208535,-12.688397,-13.896932,False,False,6,S13,False,4,0.2025,delivery,,,,,,,,,,,,,,,,,,,,,,,,,,,,,,,,,,,,,,,,,,,,,,,,,,,,
50,13,16,19,S13,False,11,2,13,11,0,0,0,0,0,"['B399', 'B209', 'B343', 'B335', 'B87', 'B400', 'B258', 'B727', 'B760', 'B46', 'B11']",5.5,S7,2.1,0,2,2,0.0,,-0.647537,-12.737997,-13.385534,False,False,4,S7,False,2,0.1349,delivery,,,,,,,,,,,,,,,,,,,,,,,,,,,,,,,,,,,,,,,,,,,,,,,,,,,,
50,13,16,27,S7,False,0,2,2,0,0,0,0,0,0,[],0.0,S31,6.71,0,2,2,0.0,,-0.620544,-12.531042,-13.151586,False,False,4,S31,False,0,0.1443,do_nothing,,,,,,,,,,,,,,,,,,,,,,,,,,,,,,,,,,,,,,,,,,,,,,,,,,,,
50,13,16,33,S31,False,0,2,2,0,18,0,0,0,0,"['B111', 'B454', 'B623', 'B287', 'B662', 'B463', 'B285', 'B440', 'B702', 'B301', 'B102', 'B217', 'B416', 'B358', 'B758', 'B675', 'B31', 'B18']",9.0,S4,2.07,18,2,20,0.0,,-0.519098,-12.492154,-13.011252,False,False,4,S4,False,2,0.1683,pickup,,,,,,,,,,,,,,,,,,,,,,,,,,,,,,,,,,,,,,,,,,,,,,,,,,,,
50,13,16,44,S4,False,18,2,20,13,0,0,1,0,0,"['B1', 'B111', 'B454', 'B623', 'B287', 'B662', 'B463', 'B285', 'B440', 'B702', 'B301', 'B102', 'B217', 'B416']",7.0,S61,1.37,5,3,8,0.0,,-0.521198,-12.324023,-12.845221,True,True,10,S61,False,8,0.3835,delivery+depot_removal,,,,,,,,,,,,,,,,,,,,,,,,,,,,,,,,,,,,,,,,,,,,,,,,,,,,
50,13,16,53,S61,False,5,3,8,0,8,0,0,0,0,"['B280', 'B49', 'B174', 'B655', 'B764', 'B130', 'B67', 'B543']",4.0,S26,6.04,13,3,16,0.0,,-0.260418,-12.232942,-12.49336,False,False,6,S26,False,2,0.2011,pickup,,,,,,,,,,,,,,,,,,,,,,,,,,,,,,,,,,,,,,,,,,,,,,,,,,,,
50,13,17,3,S26,False,13,3,16,0,0,0,0,0,0,[],0.0,S22,7.39,13,3,16,0.0,,-0.195496,-12.422644,-12.61814,False,False,4,S17,True,0,0.133,do_nothing,,,,,,,,,,,,,,,,,,,,,,,,,,,,,,,,,,,,,,,,,,,,,,,,,,,,
50,13,17,10,S22,False,13,3,16,13,0,0,0,0,0,"['B358', 'B758', 'B675', 'B31', 'B18', 'B280', 'B49', 'B174', 'B655', 'B764', 'B130', 'B67', 'B543']",6.5,S31,4.51,0,3,3,0.0,,-0.228129,-12.170433,-12.398563,False,False,4,S31,False,2,0.138,delivery,,,,,,,,,,,,,,,,,,,,,,,,,,,,,,,,,,,,,,,,,,,,,,,,,,,,
50,13,17,21,S31,False,0,3,3,0,15,0,0,0,0,"['B567', 'B312', 'B683', 'B664', 'B695', 'B453', 'B248', 'B467', 'B551', 'B131', 'B151', 'B138', 'B562', 'B69', 'B289']",7.5,S26,6.02,15,3,18,0.0,,-0.3269,-12.222498,-12.549398,False,False,6,S26,False,2,0.2892,pickup,,,,,,,,,,,,,,,,,,,,,,,,,,,,,,,,,,,,,,,,,,,,,,,,,,,,
50,13,17,35,S26,False,15,3,18,15,0,0,0,0,0,"['B567', 'B312', 'B683', 'B664', 'B695', 'B453', 'B248', 'B467', 'B551', 'B131', 'B151', 'B138', 'B562', 'B69', 'B289']",7.5,S62,5.52,0,3,3,0.0,,-0.163376,-12.609246,-12.772622,False,False,4,S62,False,2,0.2237,delivery,,,,,,,,,,,,,,,,,,,,,,,,,,,,,,,,,,,,,,,,,,,,,,,,,,,,
50,13,17,48,S62,False,0,3,3,0,13,1,1,0,0,"['B65', 'B54', 'B626', 'B466', 'B373', 'B369', 'B211', 'B581', 'B571', 'B160', 'B696', 'B406', 'B689', 'B670']",10.0,S52,1.55,13,4,17,0.0,,-0.556022,-12.657358,-13.21338,True,True,24,S52,False,22,0.8584,pickup+maintenance,,,,,,,,,,,,,,,,,,,,,,,,,,,,,,,,,,,,,,,,,,,,,,,,,,,,
50,13,17,59,S52,False,13,4,17,13,0,0,0,0,0,"['B65', 'B54', 'B626', 'B466', 'B373', 'B369', 'B211', 'B581', 'B571', 'B160', 'B696', 'B406', 'B689']",6.5,S37,1.18,0,4,4,0.0,,-0.262083,-12.602449,-12.864532,False,False,4,S37,False,2,0.1778,delivery,,,,,,,,,,,,,,,,,,,,,,,,,,,,,,,,,,,,,,,,,,,,,,,,,,,,
50,13,18,7,S37,False,0,4,4,0,0,0,0,0,0,[],0.0,S61,2.04,0,4,4,0.0,,-0.195818,-12.589469,-12.785286,False,False,6,S61,True,0,0.2149,do_nothing,,,,,,,,,,,,,,,,,,,,,,,,,,,,,,,,,,,,,,,,,,,,,,,,,,,,
50,13,18,9,S61,False,0,4,4,0,0,0,0,0,0,[],0.0,S18,1.44,0,4,4,0.0,,-0.326655,-12.509454,-12.836108,False,False,6,S18,True,0,0.2773,do_nothing,,,,,,,,,,,,,,,,,,,,,,,,,,,,,,,,,,,,,,,,,,,,,,,,,,,,
50,13,18,10,S18,False,0,4,4,0,12,1,0,0,0,"['B698', 'B288', 'B219', 'B2', 'B449', 'B744', 'B152', 'B566', 'B546', 'B220', 'B269', 'B126']",9.0,S64,0.52,12,4,16,0.0,,-0.19541,-12.486884,-12.682294,True,True,12,S61,True,6,0.4165,pickup+onsite,,,,,,,,,,,,,,,,,,,,,,,,,,,,,,,,,,,,,,,,,,,,,,,,,,,,
50,13,18,20,S64,False,12,4,16,0,0,0,0,0,0,[],0.0,S47,3.03,12,4,16,0.0,,-0.458091,-12.571205,-13.029296,False,False,4,S47,False,0,0.1531,do_nothing,,,,,,,,,,,,,,,,,,,,,,,,,,,,,,,,,,,,,,,,,,,,,,,,,,,,
50,13,18,23,S47,False,12,4,16,0,0,0,0,0,0,[],0.0,S27,4.34,12,4,16,0.0,,-0.424626,-12.608573,-13.033199,False,False,6,S23,True,0,0.2103,do_nothing,,,,,,,,,,,,,,,,,,,,,,,,,,,,,,,,,,,,,,,,,,,,,,,,,,,,
50,13,18,27,S27,False,12,4,16,12,0,0,0,0,0,"['B698', 'B288', 'B219', 'B2', 'B449', 'B744', 'B152', 'B566', 'B546', 'B220', 'B269', 'B126']",6.0,S61,2.28,0,4,4,0.0,,-0.297194,-12.654666,-12.95186,False,False,6,S61,True,4,0.2268,delivery,,,,,,,,,,,,,,,,,,,,,,,,,,,,,,,,,,,,,,,,,,,,,,,,,,,,
50,13,18,36,S61,False,0,4,4,0,9,0,0,0,0,"['B309', 'B637', 'B423', 'B6', 'B448', 'B570', 'B319', 'B345', 'B14']",4.5,S54,4.83,9,4,13,0.0,,-0.229612,-12.657379,-12.886991,False,False,6,S54,False,4,0.2987,pickup,,,,,,,,,,,,,,,,,,,,,,,,,,,,,,,,,,,,,,,,,,,,,,,,,,,,
50,13,18,45,S54,False,9,4,13,9,0,0,0,0,0,"['B309', 'B637', 'B423', 'B6', 'B448', 'B570', 'B319', 'B345', 'B14']",4.5,S23,10.66,0,4,4,0.0,,-0.199072,-12.798472,-12.997544,False,False,4,S23,False,2,0.1579,delivery,,,,,,,,,,,,,,,,,,,,,,,,,,,,,,,,,,,,,,,,,,,,,,,,,,,,
50,13,19,0,S23,False,0,4,4,0,8,0,0,0,0,"['B206', 'B474', 'B549', 'B678', 'B545', 'B93', 'B63', 'B23']",4.0,S47,2.37,8,4,12,0.0,,-0.227869,-12.91454,-13.142409,False,False,6,S58,True,2,0.2223,pickup,,,,,,,,,,,,,,,,,,,,,,,,,,,,,,,,,,,,,,,,,,,,,,,,,,,,
50,13,19,6,S47,False,8,4,12,0,0,0,0,0,0,[],0.0,S58,5.06,8,4,12,0.0,,-0.131993,-12.818653,-12.950646,False,False,4,S58,True,0,0.1483,do_nothing,,,,,,,,,,,,,,,,,,,,,,,,,,,,,,,,,,,,,,,,,,,,,,,,,,,,
50,13,19,11,S58,False,8,4,12,0,0,0,0,0,0,[],0.0,S47,5.06,8,4,12,0.0,,-0.359132,-12.869221,-13.228353,False,False,4,S47,True,0,0.1577,do_nothing,,,,,,,,,,,,,,,,,,,,,,,,,,,,,,,,,,,,,,,,,,,,,,,,,,,,
50,13,19,17,S47,False,8,4,12,0,0,0,0,0,0,[],0.0,S58,5.06,8,4,12,0.0,,-0.520824,-12.839155,-13.359978,False,False,4,S58,True,0,0.1477,do_nothing,,,,,,,,,,,,,,,,,,,,,,,,,,,,,,,,,,,,,,,,,,,,,,,,,,,,
50,13,19,22,S58,False,8,4,12,0,8,0,0,0,0,"['B274', 'B254', 'B224', 'B229', 'B210', 'B510', 'B149', 'B159']",4.0,S47,5.06,16,4,20,0.0,,-0.261402,-12.946355,-13.207757,False,False,4,S47,False,2,0.2202,pickup,,,,,,,,,,,,,,,,,,,,,,,,,,,,,,,,,,,,,,,,,,,,,,,,,,,,
50,13,19,31,S47,False,16,4,20,0,0,0,0,0,0,[],0.0,S60,2.18,16,4,20,0.0,,-0.228042,-12.75913,-12.987173,False,False,3,D0,True,0,0.117,do_nothing,,,,,,,,,,,,,,,,,,,,,,,,,,,,,,,,,,,,,,,,,,,,,,,,,,,,
50,13,19,33,S60,False,16,4,20,13,0,0,0,0,0,"['B206', 'B474', 'B549', 'B678', 'B545', 'B93', 'B63', 'B23', 'B274', 'B254', 'B224', 'B229', 'B210']",6.5,S47,2.18,3,4,7,0.0,,-0.294038,-12.814912,-13.10895,False,False,5,S47,False,3,0.1768,delivery,,,,,,,,,,,,,,,,,,,,,,,,,,,,,,,,,,,,,,,,,,,,,,,,,,,,
50,13,19,42,S47,False,3,4,7,0,0,0,0,0,0,[],0.0,D0,3.08,3,4,7,0.0,,-0.324343,-12.865934,-13.190277,False,False,2,D0,True,0,0.0899,do_nothing,,,,,,,,,,,,,,,,,,,,,,,,,,,,,,,,,,,,,,,,,,,,,,,,,,,,
50,13,19,45,D0,True,3,4,7,0,0,0,0,4,0,"['B573', 'B42', 'B1', 'B670']",2.0,D0,0.0,3,0,3,0.0,,-0.294032,-12.93368,-13.227712,True,True,1,D0,False,0,0.0514,do_nothing,,,,,,,,,,,,,,,,,,,,,,,,,,,,,,,,,,,,,,,,,,,,,,,,,,,,
50,14,6,2,D0,True,3,0,3,0,0,0,0,0,14,"['B28', 'B184', 'B658', 'B98', 'B68', 'B244', 'B653', 'B518', 'B66', 'B631', 'B279', 'B56', 'B61', 'B158']",7.0,S41,2.23,17,0,17,0.0,,-1.276241,-13.183232,-14.459473,True,True,1,S41,False,0,0.0397,load_queue,,,,,,,,,,,,,,,,,,,,,,,,,,,,,,,,,,,,,,,,,,,,,,,,,,,,
50,14,6,26,S41,False,17,0,17,17,0,0,0,0,0,"['B510', 'B149', 'B159', 'B28', 'B184', 'B658', 'B98', 'B68', 'B244', 'B653', 'B518', 'B66', 'B631', 'B279', 'B56', 'B61', 'B158']",8.5,S37,3.7,0,0,0,0.0,,-1.526658,-13.422091,-14.948749,False,False,4,S37,False,2,0.142,delivery,,,,,,,,,,,,,,,,,,,,,,,,,,,,,,,,,,,,,,,,,,,,,,,,,,,,
50,14,6,38,S37,False,0,0,0,0,0,0,1,0,0,['B299'],0.5,S59,1.48,0,1,1,0.0,,-0.652664,-13.400468,-14.053132,True,True,6,S59,False,2,0.2035,do_nothing+depot_removal,,,,,,,,,,,,,,,,,,,,,,,,,,,,,,,,,,,,,,,,,,,,,,,,,,,,
50,14,6,40,S59,False,0,1,1,0,19,0,0,0,0,"['B649', 'B188', 'B587', 'B597', 'B70', 'B490', 'B107', 'B681', 'B659', 'B0', 'B183', 'B60', 'B669', 'B386', 'B157', 'B634', 'B317', 'B110', 'B256']",9.5,S31,2.6,19,1,20,0.0,,-1.212321,-13.31825,-14.530571,False,False,4,S37,True,2,0.1392,pickup,,,,,,,,,,,,,,,,,,,,,,,,,,,,,,,,,,,,,,,,,,,,,,,,,,,,
50,14,6,52,S31,False,19,1,20,19,0,0,0,0,0,"['B649', 'B188', 'B587', 'B597', 'B70', 'B490', 'B107', 'B681', 'B659', 'B0', 'B183', 'B60', 'B669', 'B386', 'B157', 'B634', 'B317', 'B110', 'B256']",9.5,S37,2.81,0,1,1,0.0,,-1.171576,-13.35655,-14.528126,False,False,6,S66,True,4,0.2088,delivery,,,,,,,,,,,,,,,,,,,,,,,,,,,,,,,,,,,,,,,,,,,,,,,,,,,,
50,14,7,4,S37,False,0,1,1,0,19,0,0,0,0,"['B605', 'B22', 'B482', 'B297', 'B704', 'B413', 'B165', 'B383', 'B741', 'B462', 'B753', 'B255', 'B596', 'B718', 'B286', 'B24', 'B353', 'B92', 'B262']",9.5,S26,7.79,19,1,20,0.0,,-1.139779,-13.358862,-14.498641,False,False,4,S26,False,2,0.1428,pickup,,,,,,,,,,,,,,,,,,,,,,,,,,,,,,,,,,,,,,,,,,,,,,,,,,,,
50,14,7,22,S26,False,19,1,20,19,0,0,0,0,0,"['B605', 'B22', 'B482', 'B297', 'B704', 'B413', 'B165', 'B383', 'B741', 'B462', 'B753', 'B255', 'B596', 'B718', 'B286', 'B24', 'B353', 'B92', 'B262']",9.5,S52,7.0,0,1,1,0.0,,-0.911854,-13.437959,-14.349813,False,False,4,S52,False,2,0.1504,delivery,,,,,,,,,,,,,,,,,,,,,,,,,,,,,,,,,,,,,,,,,,,,,,,,,,,,
50,14,7,38,S52,False,0,1,1,0,14,0,0,0,0,"['B211', 'B581', 'B571', 'B160', 'B696', 'B406', 'B689', 'B727', 'B258', 'B481', 'B549', 'B342', 'B63', 'B475']",7.0,S40,2.21,14,1,15,0.0,,-0.654901,-13.143383,-13.798284,False,False,6,S40,False,4,0.2374,pickup,,,,,,,,,,,,,,,,,,,,,,,,,,,,,,,,,,,,,,,,,,,,,,,,,,,,
50,14,7,47,S40,False,14,1,15,0,0,0,0,0,0,[],0.0,S27,2.68,14,1,15,0.0,,-0.657315,-12.965792,-13.623107,False,False,6,S45,True,0,0.2373,do_nothing,,,,,,,,,,,,,,,,,,,,,,,,,,,,,,,,,,,,,,,,,,,,,,,,,,,,
50,14,7,50,S27,False,14,1,15,14,0,0,0,0,0,"['B211', 'B581', 'B571', 'B160', 'B696', 'B406', 'B689', 'B727', 'B258', 'B481', 'B549', 'B342', 'B63', 'B475']",7.0,S39,5.98,0,1,1,0.0,,-1.236187,-13.009164,-14.24535,False,False,4,S39,False,2,0.1438,delivery,,,,,,,,,,,,,,,,,,,,,,,,,,,,,,,,,,,,,,,,,,,,,,,,,,,,
50,14,8,3,S39,False,0,1,1,0,15,0,0,0,0,"['B687', 'B547', 'B123', 'B40', 'B711', 'B757', 'B132', 'B487', 'B10', 'B76', 'B488', 'B728', 'B391', 'B698', 'B33']",7.5,S40,6.46,15,1,16,0.0,,-0.651997,-13.147966,-13.799963,False,False,6,S49,True,2,0.2089,pickup,,,,,,,,,,,,,,,,,,,,,,,,,,,,,,,,,,,,,,,,,,,,,,,,,,,,
50,14,8,17,S40,False,15,1,16,12,0,0,0,0,0,"['B687', 'B547', 'B123', 'B40', 'B711', 'B757', 'B132', 'B487', 'B10', 'B76', 'B488', 'B728']",6.0,S45,2.01,3,1,4,0.0,,-0.487311,-13.26552,-13.752831,False,False,6,S45,False,2,0.3363,delivery,,,,,,,,,,,,,,,,,,,,,,,,,,,,,,,,,,,,,,,,,,,,,,,,,,,,
50,14,8,25,S45,False,3,1,4,0,12,0,1,0,0,"['B615', 'B202', 'B686', 'B610', 'B664', 'B205', 'B15', 'B9', 'B707', 'B357', 'B237', 'B192', 'B599']",6.5,S63,1.16,15,2,17,0.0,,-0.621427,-13.198472,-13.819899,True,True,8,S53,True,6,0.5895,pickup+depot_removal,,,,,,,,,,,,,,,,,,,,,,,,,,,,,,,,,,,,,,,,,,,,,,,,,,,,
50,14,8,33,S63,False,15,2,17,11,0,1,1,0,0,"['B733', 'B391', 'B698', 'B33', 'B615', 'B202', 'B686', 'B610', 'B664', 'B205', 'B15', 'B9']",9.0,S53,1.49,4,3,7,0.0,,-0.552379,-12.99062,-13.542999,True,True,24,S51,True,22,1.1342,delivery+maintenance,,,,,,,,,,,,,,,,,,,,,,,,,,,,,,,,,,,,,,,,,,,,,,,,,,,,
50,14,8,43,S53,False,4,3,7,0,13,1,0,0,0,"['B394', 'B485', 'B13', 'B375', 'B640', 'B583', 'B80', 'B3', 'B561', 'B750', 'B550', 'B662', 'B305']",9.5,S50,5.17,17,3,20,0.0,,-0.64704,-13.033302,-13.680342,True,True,12,S50,False,6,0.4786,pickup+onsite,,,,,,,,,,,,,,,,,,,,,,,,,,,,,,,,,,,,,,,,,,,,,,,,,,,,
50,14,8,58,S50,False,17,3,20,15,0,0,0,0,0,"['B707', 'B357', 'B237', 'B192', 'B394', 'B485', 'B13', 'B375', 'B640', 'B583', 'B80', 'B3', 'B561', 'B750', 'B550']",7.5,S37,7.46,2,3,5,0.0,,-0.747396,-13.121322,-13.868718,False,False,6,S37,False,4,0.2573,delivery,,,,,,,,,,,,,,,,,,,,,,,,,,,,,,,,,,,,,,,,,,,,,,,,,,,,
50,14,9,13,S37,False,2,3,5,0,15,0,0,0,0,"['B2', 'B333', 'B449', 'B390', 'B152', 'B105', 'B143', 'B433', 'B657', 'B267', 'B169', 'B653', 'B489', 'B321', 'B588']",7.5,S22,7.12,17,3,20,0.0,,-1.04001,-13.195752,-14.235762,False,False,4,S22,False,2,0.1489,pickup,,,,,,,,,,,,,,,,,,,,,,,,,,,,,,,,,,,,,,,,,,,,,,,,,,,,
50,14,9,27,S22,False,17,3,20,0,0,0,0,0,0,[],0.0,S65,1.36,17,3,20,0.0,,-1.015178,-13.217385,-14.232563,False,False,6,S65,True,0,0.2205,do_nothing,,,,,,,,,,,,,,,,,,,,,,,,,,,,,,,,,,,,,,,,,,,,,,,,,,,,
50,14,9,29,S65,False,17,3,20,17,0,0,0,0,0,"['B662', 'B305', 'B2', 'B333', 'B449', 'B390', 'B152', 'B105', 'B143', 'B433', 'B657', 'B267', 'B169', 'B653', 'B489', 'B321', 'B588']",8.5,S62,5.94,0,3,3,0.0,,-1.499682,-13.246819,-14.746501,False,False,6,S22,True,2,0.2209,delivery,,,,,,,,,,,,,,,,,,,,,,,,,,,,,,,,,,,,,,,,,,,,,,,,,,,,
50,14,9,43,S62,False,0,3,3,0,15,0,0,0,0,"['B601', 'B222', 'B194', 'B645', 'B737', 'B420', 'B368', 'B719', 'B252', 'B464', 'B179', 'B567', 'B346', 'B180', 'B407']",7.5,S15,2.79,15,3,18,0.0,,-1.761038,-13.672335,-15.433373,False,False,6,S15,False,2,0.2365,pickup,,,,,,,,,,,,,,,,,,,,,,,,,,,,,,,,,,,,,,,,,,,,,,,,,,,,
50,14,9,54,S15,False,15,3,18,15,0,0,0,0,0,"['B601', 'B222', 'B194', 'B645', 'B737', 'B420', 'B368', 'B719', 'B252', 'B464', 'B179', 'B567', 'B346', 'B180', 'B407']",7.5,S32,5.59,0,3,3,0.0,,-1.104903,-13.66716,-14.772063,False,False,4,S32,False,2,0.179,delivery,,,,,,,,,,,,,,,,,,,,,,,,,,,,,,,,,,,,,,,,,,,,,,,,,,,,
50,14,10,7,S32,False,0,3,3,0,14,0,1,0,0,"['B50', 'B498', 'B676', 'B16', 'B46', 'B435', 'B259', 'B397', 'B270', 'B289', 'B266', 'B714', 'B552', 'B340', 'B766']",7.5,S29,3.29,14,4,18,0.0,,-1.046481,-13.644778,-14.691259,True,True,12,S57,True,6,0.4675,pickup+depot_removal,,,,,,,,,,,,,,,,,,,,,,,,,,,,,,,,,,,,,,,,,,,,,,,,,,,,
50,14,10,17,S29,False,14,4,18,14,0,0,0,0,0,"['B50', 'B498', 'B676', 'B16', 'B46', 'B435', 'B259', 'B397', 'B270', 'B289', 'B266', 'B714', 'B552', 'B340']",7.0,S57,2.05,0,4,4,0.0,,-1.236754,-13.548436,-14.78519,False,False,4,S57,False,2,0.1695,delivery,,,,,,,,,,,,,,,,,,,,,,,,,,,,,,,,,,,,,,,,,,,,,,,,,,,,
50,14,10,26,S57,False,0,4,4,0,0,0,1,0,0,['B331'],0.5,S40,4.79,0,5,5,0.0,,-0.588246,-13.447715,-14.035961,True,True,10,S40,False,2,0.375,do_nothing+depot_removal,,,,,,,,,,,,,,,,,,,,,,,,,,,,,,,,,,,,,,,,,,,,,,,,,,,,
50,14,10,32,S40,False,0,5,5,0,14,0,0,0,0,"['B132', 'B487', 'B10', 'B76', 'B488', 'B728', 'B14', 'B220', 'B77', 'B526', 'B693', 'B404', 'B615', 'B354']",7.0,S29,3.08,14,5,19,0.0,,-0.586995,-13.233774,-13.820769,False,False,6,S29,False,4,0.2412,pickup,,,,,,,,,,,,,,,,,,,,,,,,,,,,,,,,,,,,,,,,,,,,,,,,,,,,
50,14,10,42,S29,False,14,5,19,10,0,0,0,0,0,"['B132', 'B487', 'B10', 'B76', 'B488', 'B728', 'B14', 'B220', 'B77', 'B526']",5.0,S57,2.05,4,5,9,0.0,,-0.649583,-13.216525,-13.866108,False,False,6,S14,True,2,0.2113,delivery,,,,,,,,,,,,,,,,,,,,,,,,,,,,,,,,,,,,,,,,,,,,,,,,,,,,
50,14,10,49,S57,False,4,5,9,0,11,0,0,0,0,"['B443', 'B460', 'B680', 'B563', 'B568', 'B578', 'B43', 'B48', 'B285', 'B173', 'B539']",5.5,S51,7.68,15,5,20,0.0,,-0.721154,-13.255343,-13.976496,False,False,4,S51,False,2,0.1638,pickup,,,,,,,,,,,,,,,,,,,,,,,,,,,,,,,,,,,,,,,,,,,,,,,,,,,,
50,14,11,2,S51,False,15,5,20,8,0,0,0,0,0,"['B693', 'B404', 'B615', 'B354', 'B443', 'B460', 'B680', 'B563']",4.0,S53,3.97,7,5,12,0.0,,-0.686456,-13.262812,-13.949268,False,False,6,S53,False,2,0.2046,delivery,,,,,,,,,,,,,,,,,,,,,,,,,,,,,,,,,,,,,,,,,,,,,,,,,,,,
50,14,11,10,S53,False,7,5,12,7,0,0,0,0,0,"['B568', 'B578', 'B43', 'B48', 'B285', 'B173', 'B539']",3.5,S33,1.64,0,5,5,0.0,,-0.844849,-13.411351,-14.256201,False,False,4,S33,False,2,0.1363,delivery,,,,,,,,,,,,,,,,,,,,,,,,,,,,,,,,,,,,,,,,,,,,,,,,,,,,
50,14,11,15,S33,False,0,5,5,0,0,0,0,0,0,[],0.0,S44,1.28,0,5,5,0.0,,-0.685796,-13.301329,-13.987125,False,False,4,S44,False,0,0.2328,do_nothing,,,,,,,,,,,,,,,,,,,,,,,,,,,,,,,,,,,,,,,,,,,,,,,,,,,,
50,14,11,16,S44,False,0,5,5,0,11,1,0,0,0,"['B665', 'B463', 'B437', 'B401', 'B137', 'B546', 'B364', 'B534', 'B0', 'B189', 'B319']",8.5,S43,0.79,11,5,16,0.0,,-0.424782,-13.24858,-13.673362,True,True,24,D0,True,12,0.8017,pickup+onsite,,,,,,,,,,,,,,,,,,,,,,,,,,,,,,,,,,,,,,,,,,,,,,,,,,,,
50,14,11,26,S43,False,11,5,16,11,0,0,0,0,0,"['B665', 'B463', 'B437', 'B401', 'B137', 'B546', 'B364', 'B534', 'B0', 'B189', 'B319']",5.5,S37,1.66,0,5,5,0.0,,-0.882782,-13.160288,-14.04307,False,False,4,S35,True,2,0.1757,delivery,,,,,,,,,,,,,,,,,,,,,,,,,,,,,,,,,,,,,,,,,,,,,,,,,,,,
50,14,11,33,S37,False,0,5,5,0,13,0,0,0,0,"['B417', 'B211', 'B126', 'B322', 'B466', 'B697', 'B595', 'B55', 'B111', 'B361', 'B359', 'B625', 'B382']",6.5,S56,6.02,13,5,18,0.0,,-0.617373,-12.874137,-13.49151,False,False,6,S56,False,4,0.226,pickup,,,,,,,,,,,,,,,,,,,,,,,,,,,,,,,,,,,,,,,,,,,,,,,,,,,,
50,14,11,45,S56,False,13,5,18,0,0,0,1,0,0,['B228'],0.5,S35,2.44,13,6,19,0.0,,-0.911332,-13.129064,-14.040395,True,True,8,S35,False,2,0.4436,do_nothing+depot_removal,,,,,,,,,,,,,,,,,,,,,,,,,,,,,,,,,,,,,,,,,,,,,,,,,,,,
50,14,11,48,S35,False,13,6,19,13,0,0,2,0,0,"['B49', 'B501', 'B417', 'B211', 'B126', 'B322', 'B466', 'B697', 'B595', 'B55', 'B111', 'B361', 'B359', 'B625', 'B382']",7.5,S33,6.01,0,8,8,0.0,,-0.74791,-12.924026,-13.671935,True,True,16,S29,True,14,0.563,delivery+depot_removal,,,,,,,,,,,,,,,,,,,,,,,,,,,,,,,,,,,,,,,,,,,,,,,,,,,,
50,14,12,2,S33,False,0,8,8,0,0,0,0,0,0,[],0.0,S62,0.92,0,8,8,0.0,,-0.881452,-12.923114,-13.804566,False,False,6,S62,False,0,0.2015,do_nothing,,,,,,,,,,,,,,,,,,,,,,,,,,,,,,,,,,,,,,,,,,,,,,,,,,,,
50,14,12,3,S62,False,0,8,8,0,12,0,0,0,0,"['B244', 'B167', 'B744', 'B171', 'B284', 'B176', 'B480', 'B351', 'B67', 'B566', 'B516', 'B667']",6.0,S29,3.79,12,8,20,0.0,,-0.62269,-12.77314,-13.39583,False,False,4,S29,False,2,0.1415,pickup,,,,,,,,,,,,,,,,,,,,,,,,,,,,,,,,,,,,,,,,,,,,,,,,,,,,
50,14,12,13,S29,False,12,8,20,12,0,0,0,0,0,"['B244', 'B167', 'B744', 'B171', 'B284', 'B176', 'B480', 'B351', 'B67', 'B566', 'B516', 'B667']",6.0,S10,0.66,0,8,8,0.0,,-0.713093,-12.98964,-13.702734,False,False,4,S10,False,2,0.1423,delivery,,,,,,,,,,,,,,,,,,,,,,,,,,,,,,,,,,,,,,,,,,,,,,,,,,,,
50,14,12,19,S10,False,0,8,8,0,10,0,0,0,0,"['B765', 'B677', 'B710', 'B323', 'B47', 'B740', 'B496', 'B89', 'B525', 'B282']",5.0,S50,1.78,10,8,18,0.0,,-0.683612,-12.907585,-13.591196,False,False,6,S50,True,4,0.2075,pickup,,,,,,,,,,,,,,,,,,,,,,,,,,,,,,,,,,,,,,,,,,,,,,,,,,,,
50,14,12,26,S50,False,10,8,18,10,0,0,0,0,0,"['B765', 'B677', 'B710', 'B323', 'B47', 'B740', 'B496', 'B89', 'B525', 'B282']",5.0,S55,3.32,0,8,8,0.0,,-1.073805,-12.938122,-14.011927,False,False,4,S1,True,2,0.1358,delivery,,,,,,,,,,,,,,,,,,,,,,,,,,,,,,,,,,,,,,,,,,,,,,,,,,,,
50,14,12,34,S55,False,0,8,8,0,0,0,0,0,0,[],0.0,S52,3.9,0,8,8,0.0,,-1.040927,-13.192117,-14.233044,False,False,4,S1,True,0,0.1413,do_nothing,,,,,,,,,,,,,,,,,,,,,,,,,,,,,,,,,,,,,,,,,,,,,,,,,,,,
50,14,12,38,S52,False,0,8,8,0,10,0,0,0,0,"['B170', 'B317', 'B221', 'B672', 'B706', 'B200', 'B458', 'B4', 'B622', 'B313']",5.0,S1,7.01,10,8,18,0.0,,-0.775808,-13.222538,-13.998346,False,False,6,S1,False,4,0.2073,pickup,,,,,,,,,,,,,,,,,,,,,,,,,,,,,,,,,,,,,,,,,,,,,,,,,,,,
50,14,12,50,S1,False,10,8,18,10,0,0,0,0,0,"['B170', 'B317', 'B221', 'B672', 'B706', 'B200', 'B458', 'B4', 'B622', 'B313']",5.0,S42,1.19,0,8,8,0.0,,-1.108149,-12.94818,-14.056329,False,False,4,S42,False,2,0.1416,delivery,,,,,,,,,,,,,,,,,,,,,,,,,,,,,,,,,,,,,,,,,,,,,,,,,,,,
50,14,12,56,S42,False,0,8,8,0,0,0,0,0,0,[],0.0,S39,12.59,0,8,8,0.0,,-0.979474,-12.943794,-13.923269,False,False,6,S39,False,0,0.2172,do_nothing,,,,,,,,,,,,,,,,,,,,,,,,,,,,,,,,,,,,,,,,,,,,,,,,,,,,
50,14,13,9,S39,False,0,8,8,0,0,0,0,0,0,[],0.0,S65,5.08,0,8,8,0.0,,-2.604706,-13.234626,-15.839331,False,False,4,S65,False,0,0.1542,do_nothing,,,,,,,,,,,,,,,,,,,,,,,,,,,,,,,,,,,,,,,,,,,,,,,,,,,,
50,14,13,14,S65,False,0,8,8,0,12,0,0,0,0,"['B143', 'B433', 'B657', 'B267', 'B169', 'B653', 'B489', 'B321', 'B588', 'B709', 'B522', 'B612']",6.0,S44,6.93,12,8,20,0.0,,-1.760033,-13.100834,-14.860867,False,False,4,S55,True,2,0.1536,pickup,,,,,,,,,,,,,,,,,,,,,,,,,,,,,,,,,,,,,,,,,,,,,,,,,,,,
50,14,13,27,S44,False,12,8,20,11,0,0,1,0,0,"['B429', 'B143', 'B433', 'B657', 'B267', 'B169', 'B653', 'B489', 'B321', 'B588', 'B709', 'B522']",6.0,S55,3.84,1,9,10,0.0,,-2.693398,-13.128359,-15.821757,True,True,10,S55,False,4,0.3354,delivery+depot_removal,,,,,,,,,,,,,,,,,,,,,,,,,,,,,,,,,,,,,,,,,,,,,,,,,,,,
50,14,13,37,S55,False,1,9,10,0,10,0,0,0,0,"['B662', 'B610', 'B605', 'B162', 'B301', 'B338', 'B304', 'B220', 'B735', 'B615']",5.0,S29,2.12,11,9,20,0.0,,-2.609804,-12.738015,-15.347819,False,False,4,S29,False,2,0.1362,pickup,,,,,,,,,,,,,,,,,,,,,,,,,,,,,,,,,,,,,,,,,,,,,,,,,,,,
50,14,13,44,S29,False,11,9,20,0,0,0,0,0,0,[],0.0,S35,1.95,11,9,20,0.0,,-2.253044,-12.803047,-15.056091,False,False,4,S35,False,0,0.1386,do_nothing,,,,,,,,,,,,,,,,,,,,,,,,,,,,,,,,,,,,,,,,,,,,,,,,,,,,
50,14,13,46,S35,False,11,9,20,11,0,0,0,0,0,"['B612', 'B662', 'B610', 'B605', 'B162', 'B301', 'B338', 'B304', 'B220', 'B735', 'B615']",5.5,S48,8.23,0,9,9,0.0,,-1.571424,-12.724858,-14.296281,False,False,4,S48,False,2,0.1416,delivery,,,,,,,,,,,,,,,,,,,,,,,,,,,,,,,,,,,,,,,,,,,,,,,,,,,,
50,14,14,0,S48,False,0,9,9,0,11,0,0,0,0,"['B717', 'B586', 'B660', 'B206', 'B201', 'B371', 'B461', 'B572', 'B181', 'B148', 'B360']",5.5,S54,6.34,11,9,20,0.0,,-2.058275,-13.010161,-15.068436,False,False,6,S54,True,2,0.2436,pickup,,,,,,,,,,,,,,,,,,,,,,,,,,,,,,,,,,,,,,,,,,,,,,,,,,,,
50,14,14,12,S54,False,11,9,20,11,0,0,0,0,0,"['B717', 'B586', 'B660', 'B206', 'B201', 'B371', 'B461', 'B572', 'B181', 'B148', 'B360']",5.5,S53,2.46,0,9,9,0.0,,-2.84681,-13.017691,-15.864501,True,False,8,S29,True,4,0.2641,delivery,,,,,,,,,,,,,,,,,,,,,,,,,,,,,,,,,,,,,,,,,,,,,,,,,,,,
50,14,14,20,S53,False,0,9,9,0,0,0,0,0,0,[],0.0,S51,3.97,0,9,9,0.0,,-1.767323,-12.989566,-14.756889,False,False,4,S51,False,0,0.1357,do_nothing,,,,,,,,,,,,,,,,,,,,,,,,,,,,,,,,,,,,,,,,,,,,,,,,,,,,
50,14,14,23,S51,False,0,9,9,0,11,0,0,0,0,"['B114', 'B146', 'B427', 'B53', 'B359', 'B333', 'B444', 'B544', 'B486', 'B310', 'B706']",5.5,S29,7.57,11,9,20,0.0,,-1.990697,-13.083606,-15.074304,False,False,4,S29,False,2,0.1339,pickup,,,,,,,,,,,,,,,,,,,,,,,,,,,,,,,,,,,,,,,,,,,,,,,,,,,,
50,14,14,37,S29,False,11,9,20,0,0,0,0,0,0,[],0.0,S54,1.43,11,9,20,0.0,,-2.677301,-13.340496,-16.017797,False,False,4,S53,True,0,0.1513,do_nothing,,,,,,,,,,,,,,,,,,,,,,,,,,,,,,,,,,,,,,,,,,,,,,,,,,,,
50,14,14,38,S54,False,11,9,20,11,0,1,0,0,0,"['B114', 'B146', 'B427', 'B53', 'B359', 'B333', 'B444', 'B544', 'B486', 'B310', 'B706']",8.5,S53,2.46,0,9,9,0.0,,-1.570391,-12.951378,-14.521769,True,True,8,S29,True,6,0.2638,delivery+onsite,,,,,,,,,,,,,,,,,,,,,,,,,,,,,,,,,,,,,,,,,,,,,,,,,,,,
50,14,14,49,S53,False,0,9,9,0,11,0,0,0,0,"['B76', 'B705', 'B43', 'B322', 'B211', 'B166', 'B426', 'B268', 'B231', 'B305', 'B167']",5.5,S29,3.88,11,9,20,0.0,,-2.363829,-12.993768,-15.357597,False,False,4,S29,False,2,0.1331,pickup,,,,,,,,,,,,,,,,,,,,,,,,,,,,,,,,,,,,,,,,,,,,,,,,,,,,
50,14,14,58,S29,False,11,9,20,0,0,0,0,0,0,[],0.0,S35,1.95,11,9,20,0.0,,-1.959463,-13.362423,-15.321886,True,False,6,S62,True,0,0.2072,do_nothing,,,,,,,,,,,,,,,,,,,,,,,,,,,,,,,,,,,,,,,,,,,,,,,,,,,,
50,14,15,0,S35,False,11,9,20,11,0,0,0,0,0,"['B76', 'B705', 'B43', 'B322', 'B211', 'B166', 'B426', 'B268', 'B231', 'B305', 'B167']",5.5,S46,5.93,0,9,9,0.0,,-1.332054,-13.053901,-14.385955,False,False,4,S46,False,2,0.1514,delivery,,,,,,,,,,,,,,,,,,,,,,,,,,,,,,,,,,,,,,,,,,,,,,,,,,,,
50,14,15,12,S46,False,0,9,9,0,9,0,0,0,0,"['B56', 'B492', 'B190', 'B598', 'B594', 'B13', 'B3', 'B2', 'B731']",4.5,S32,2.16,9,9,18,0.0,,-1.797187,-13.252616,-15.049803,False,False,6,S62,True,4,0.2056,pickup,,,,,,,,,,,,,,,,,,,,,,,,,,,,,,,,,,,,,,,,,,,,,,,,,,,,
50,14,15,18,S32,False,9,9,18,9,0,0,0,0,0,"['B56', 'B492', 'B190', 'B598', 'B594', 'B13', 'B3', 'B2', 'B731']",4.5,S37,4.74,0,9,9,0.0,,-1.108419,-13.198391,-14.30681,False,False,4,S37,False,2,0.1519,delivery,,,,,,,,,,,,,,,,,,,,,,,,,,,,,,,,,,,,,,,,,,,,,,,,,,,,
50,14,15,28,S37,False,0,9,9,0,11,0,0,0,0,"['B263', 'B106', 'B663', 'B519', 'B173', 'B213', 'B467', 'B74', 'B541', 'B82', 'B555']",5.5,S58,0.71,11,9,20,0.0,,-1.23808,-13.10254,-14.34062,False,False,4,S58,False,2,0.1479,pickup,,,,,,,,,,,,,,,,,,,,,,,,,,,,,,,,,,,,,,,,,,,,,,,,,,,,
50,14,15,34,S58,False,11,9,20,11,0,0,1,0,0,"['B755', 'B263', 'B106', 'B663', 'B519', 'B173', 'B213', 'B467', 'B74', 'B541', 'B82', 'B555']",6.0,S66,3.52,0,10,10,0.0,,-1.528069,-13.165673,-14.693743,True,True,6,S66,False,4,0.198,delivery+depot_removal,,,,,,,,,,,,,,,,,,,,,,,,,,,,,,,,,,,,,,,,,,,,,,,,,,,,
50,14,15,43,S66,False,0,10,10,0,0,0,0,0,0,[],0.0,S62,2.92,0,10,10,0.0,,-1.275006,-12.964402,-14.239409,False,False,4,S62,False,0,0.1326,do_nothing,,,,,,,,,,,,,,,,,,,,,,,,,,,,,,,,,,,,,,,,,,,,,,,,,,,,
50,14,15,46,S62,False,0,10,10,0,10,0,0,0,0,"['B382', 'B252', 'B464', 'B577', 'B666', 'B414', 'B407', 'B338', 'B720', 'B586']",5.0,S26,5.52,10,10,20,0.0,,-1.269307,-12.857723,-14.12703,False,False,4,S26,False,2,0.1329,pickup,,,,,,,,,,,,,,,,,,,,,,,,,,,,,,,,,,,,,,,,,,,,,,,,,,,,
50,14,15,57,S26,False,10,10,20,10,0,0,0,0,0,"['B382', 'B252', 'B464', 'B577', 'B666', 'B414', 'B407', 'B338', 'B720', 'B586']",5.0,S66,5.64,0,10,10,0.0,,-1.693405,-13.026307,-14.719713,False,False,4,S17,True,2,0.1417,delivery,,,,,,,,,,,,,,,,,,,,,,,,,,,,,,,,,,,,,,,,,,,,,,,,,,,,
50,14,16,7,S66,False,0,10,10,0,7,0,0,0,0,"['B721', 'B750', 'B145', 'B176', 'B77', 'B423', 'B221']",3.5,S15,3.2,7,10,17,0.0,,-1.50559,-12.808748,-14.314338,False,False,6,S39,True,2,0.1986,pickup,,,,,,,,,,,,,,,,,,,,,,,,,,,,,,,,,,,,,,,,,,,,,,,,,,,,
50,14,16,14,S15,False,7,10,17,0,0,0,0,0,0,[],0.0,S35,5.79,7,10,17,0.0,,-1.013431,-12.859897,-13.873327,False,False,4,S35,False,0,0.1362,do_nothing,,,,,,,,,,,,,,,,,,,,,,,,,,,,,,,,,,,,,,,,,,,,,,,,,,,,
50,14,16,20,S35,False,7,10,17,7,0,0,0,0,0,"['B721', 'B750', 'B145', 'B176', 'B77', 'B423', 'B221']",3.5,S48,8.23,0,10,10,0.0,,-0.783971,-12.739615,-13.523586,False,False,4,S48,False,2,0.1331,delivery,,,,,,,,,,,,,,,,,,,,,,,,,,,,,,,,,,,,,,,,,,,,,,,,,,,,
50,14,16,32,S48,False,0,10,10,0,10,0,0,0,0,"['B123', 'B494', 'B420', 'B94', 'B754', 'B448', 'B0', 'B324', 'B139', 'B582']",5.0,S15,9.05,10,10,20,0.0,,-1.138131,-12.625398,-13.76353,False,False,4,S15,False,2,0.1364,pickup,,,,,,,,,,,,,,,,,,,,,,,,,,,,,,,,,,,,,,,,,,,,,,,,,,,,
50,14,16,46,S15,False,10,10,20,10,0,0,0,0,0,"['B123', 'B494', 'B420', 'B94', 'B754', 'B448', 'B0', 'B324', 'B139', 'B582']",5.0,S44,4.96,0,10,10,0.0,,-1.207539,-12.78431,-13.991849,False,False,4,S44,False,2,0.147,delivery,,,,,,,,,,,,,,,,,,,,,,,,,,,,,,,,,,,,,,,,,,,,,,,,,,,,
50,14,16,56,S44,False,0,10,10,0,10,0,0,0,0,"['B640', 'B296', 'B269', 'B287', 'B79', 'B69', 'B48', 'B194', 'B31', 'B35']",5.0,S52,0.83,10,10,20,0.0,,-0.978902,-12.757659,-13.736562,False,False,4,S52,False,2,0.1349,pickup,,,,,,,,,,,,,,,,,,,,,,,,,,,,,,,,,,,,,,,,,,,,,,,,,,,,
50,14,17,1,S52,False,10,10,20,10,0,0,0,0,0,"['B640', 'B296', 'B269', 'B287', 'B79', 'B69', 'B48', 'B194', 'B31', 'B35']",5.0,S51,4.66,0,10,10,0.0,,-0.915715,-12.708003,-13.623718,False,False,4,S51,False,2,0.1358,delivery,,,,,,,,,,,,,,,,,,,,,,,,,,,,,,,,,,,,,,,,,,,,,,,,,,,,
50,14,17,11,S51,False,0,10,10,0,10,0,0,0,0,"['B764', 'B249', 'B156', 'B250', 'B628', 'B161', 'B636', 'B9', 'B257', 'B8']",5.0,S29,7.57,10,10,20,0.0,,-0.685538,-12.451736,-13.137273,False,False,4,S29,False,2,0.154,pickup,,,,,,,,,,,,,,,,,,,,,,,,,,,,,,,,,,,,,,,,,,,,,,,,,,,,
50,14,17,24,S29,False,10,10,20,10,0,0,1,0,0,"['B685', 'B764', 'B249', 'B156', 'B250', 'B628', 'B161', 'B636', 'B9', 'B257', 'B8']",5.5,S30,8.0,0,11,11,0.0,,-0.356977,-12.27448,-12.631457,True,True,6,S30,False,4,0.2617,delivery+depot_removal,,,,,,,,,,,,,,,,,,,,,,,,,,,,,,,,,,,,,,,,,,,,,,,,,,,,
50,14,17,37,S30,False,0,11,11,0,9,1,0,0,0,"['B447', 'B502', 'B650', 'B457', 'B424', 'B732', 'B27', 'B198', 'B646']",7.5,S38,4.47,9,11,20,0.0,,-0.588145,-12.697292,-13.285437,True,True,8,S38,False,6,0.2668,pickup+onsite,,,,,,,,,,,,,,,,,,,,,,,,,,,,,,,,,,,,,,,,,,,,,,,,,,,,
50,14,17,49,S38,False,9,11,20,9,0,0,0,0,0,"['B447', 'B502', 'B650', 'B457', 'B424', 'B732', 'B27', 'B198', 'B646']",4.5,S39,1.78,0,11,11,0.0,,-0.29255,-12.794474,-13.087025,False,False,4,S39,False,2,0.1335,delivery,,,,,,,,,,,,,,,,,,,,,,,,,,,,,,,,,,,,,,,,,,,,,,,,,,,,
50,14,17,55,S39,False,0,11,11,0,9,0,0,0,0,"['B245', 'B203', 'B311', 'B521', 'B149', 'B553', 'B254', 'B482', 'B483']",4.5,S18,2.65,9,11,20,0.0,,-0.29075,-12.570646,-12.861396,False,False,4,S48,True,2,0.1364,pickup,,,,,,,,,,,,,,,,,,,,,,,,,,,,,,,,,,,,,,,,,,,,,,,,,,,,
50,14,18,3,S18,False,9,11,20,0,0,0,0,0,0,[],0.0,S64,0.52,9,11,20,0.0,,-0.391168,-12.696052,-13.087219,False,False,4,S22,True,0,0.1423,do_nothing,,,,,,,,,,,,,,,,,,,,,,,,,,,,,,,,,,,,,,,,,,,,,,,,,,,,
50,14,18,3,S64,False,9,11,20,0,0,0,0,0,0,[],0.0,S18,0.52,9,11,20,0.0,,-0.227042,-12.627859,-12.854901,False,False,6,S18,True,0,0.2,do_nothing,,,,,,,,,,,,,,,,,,,,,,,,,,,,,,,,,,,,,,,,,,,,,,,,,,,,
50,14,18,4,S18,False,9,11,20,9,0,0,0,0,0,"['B245', 'B203', 'B311', 'B521', 'B149', 'B553', 'B254', 'B482', 'B483']",4.5,S48,6.81,0,11,11,0.0,,-0.519828,-12.603616,-13.123444,False,False,4,S48,False,2,0.1639,delivery,,,,,,,,,,,,,,,,,,,,,,,,,,,,,,,,,,,,,,,,,,,,,,,,,,,,
50,14,18,15,S48,False,0,11,11,0,9,0,0,0,0,"['B506', 'B500', 'B433', 'B344', 'B379', 'B362', 'B351', 'B498', 'B55']",4.5,S36,1.72,9,11,20,0.0,,-0.163613,-12.450403,-12.614016,True,False,6,S36,False,4,0.2152,pickup,,,,,,,,,,,,,,,,,,,,,,,,,,,,,,,,,,,,,,,,,,,,,,,,,,,,
50,14,18,21,S36,False,9,11,20,9,0,1,0,0,0,"['B506', 'B500', 'B433', 'B344', 'B379', 'B362', 'B351', 'B498', 'B55']",7.5,S22,11.83,0,11,11,0.0,,-0.257539,-12.470238,-12.727777,True,True,8,S22,False,6,0.2631,delivery+onsite,,,,,,,,,,,,,,,,,,,,,,,,,,,,,,,,,,,,,,,,,,,,,,,,,,,,
50,14,18,41,S22,False,0,11,11,0,9,0,0,0,0,"['B11', 'B566', 'B651', 'B267', 'B365', 'B96', 'B561', 'B493', 'B87']",4.5,S41,3.42,9,11,20,0.0,,-0.228938,-12.441265,-12.670203,False,False,4,S0,True,2,0.1418,pickup,,,,,,,,,,,,,,,,,,,,,,,,,,,,,,,,,,,,,,,,,,,,,,,,,,,,
50,14,18,48,S41,False,9,11,20,9,0,0,0,0,0,"['B11', 'B566', 'B651', 'B267', 'B365', 'B96', 'B561', 'B493', 'B87']",4.5,S0,13.06,0,11,11,0.0,,-0.162536,-12.340326,-12.502862,False,False,4,S46,True,2,0.1417,delivery,,,,,,,,,,,,,,,,,,,,,,,,,,,,,,,,,,,,,,,,,,,,,,,,,,,,
50,14,19,6,S0,False,0,11,11,0,0,0,1,0,0,['B349'],0.5,S31,11.85,0,12,12,0.0,,-0.427938,-12.283265,-12.711204,True,True,6,S31,False,2,0.2076,do_nothing+depot_removal,,,,,,,,,,,,,,,,,,,,,,,,,,,,,,,,,,,,,,,,,,,,,,,,,,,,
50,14,19,18,S31,False,0,12,12,0,0,0,0,0,0,[],0.0,S7,6.71,0,12,12,0.0,,-0.294787,-12.427988,-12.722775,False,False,4,S7,False,0,0.1425,do_nothing,,,,,,,,,,,,,,,,,,,,,,,,,,,,,,,,,,,,,,,,,,,,,,,,,,,,
50,14,19,25,S7,False,0,12,12,0,8,0,0,0,0,"['B641', 'B210', 'B484', 'B759', 'B219', 'B626', 'B83', 'B505']",4.0,S14,13.48,8,12,20,0.0,,-0.197815,-12.324212,-12.522027,True,False,6,S31,True,4,0.1988,pickup,,,,,,,,,,,,,,,,,,,,,,,,,,,,,,,,,,,,,,,,,,,,,,,,,,,,
50,14,19,43,S14,False,8,12,20,0,0,0,0,0,0,[],0.0,S35,3.16,8,12,20,0.0,,-0.162865,-12.694431,-12.857296,False,False,3,S35,False,0,0.1094,do_nothing,,,,,,,,,,,,,,,,,,,,,,,,,,,,,,,,,,,,,,,,,,,,,,,,,,,,
50,14,19,46,S35,False,8,12,20,8,0,0,0,0,0,"['B641', 'B210', 'B484', 'B759', 'B219', 'B626', 'B83', 'B505']",4.0,D0,3.57,0,12,12,0.0,,-0.197159,-12.788514,-12.985673,False,False,2,D0,False,1,0.0854,delivery,,,,,,,,,,,,,,,,,,,,,,,,,,,,,,,,,,,,,,,,,,,,,,,,,,,,
50,14,19,53,D0,True,0,12,12,0,0,0,0,12,6,"['B520', 'B337', 'B573', 'B42', 'B1', 'B670', 'B299', 'B599', 'B733', 'B766', 'B331', 'B228', 'B49', 'B501', 'B429', 'B755', 'B685', 'B349']",9.0,D0,0.0,6,0,6,0.0,,-0.097464,-12.86009,-12.957554,True,True,1,D0,False,0,0.0542,do_nothing,,,,,,,,,,,,,,,,,,,,,,,,,,,,,,,,,,,,,,,,,,,,,,,,,,,,
50,15,6,2,D0,True,6,0,6,0,0,0,0,0,0,[],0.0,S39,3.37,6,0,6,0.0,,-2.317316,-13.604169,-15.921485,True,True,1,S39,False,0,0.0428,depot_passthrough,,,,,,,,,,,,,,,,,,,,,,,,,,,,,,,,,,,,,,,,,,,,,,,,,,,,
50,15,6,21,S39,False,6,0,6,0,14,0,0,0,0,"['B308', 'B707', 'B672', 'B300', 'B313', 'B175', 'B361', 'B376', 'B664', 'B625', 'B304', 'B155', 'B637', 'B459']",7.0,S65,5.08,20,0,20,0.0,,-2.448938,-13.667719,-16.116657,False,False,4,S65,False,2,0.1454,pickup,,,,,,,,,,,,,,,,,,,,,,,,,,,,,,,,,,,,,,,,,,,,,,,,,,,,
50,15,6,33,S65,False,20,0,20,20,0,0,0,0,0,"['B520', 'B337', 'B573', 'B42', 'B1', 'B670', 'B308', 'B707', 'B672', 'B300', 'B313', 'B175', 'B361', 'B376', 'B664', 'B625', 'B304', 'B155', 'B637', 'B459']",10.0,S47,1.6,0,0,0,0.0,,-2.192183,-13.870936,-16.063119,False,False,4,S47,False,2,0.1522,delivery,,,,,,,,,,,,,,,,,,,,,,,,,,,,,,,,,,,,,,,,,,,,,,,,,,,,
50,15,6,44,S47,False,0,0,0,0,15,0,0,0,0,"['B352', 'B610', 'B335', 'B284', 'B724', 'B743', 'B186', 'B150', 'B166', 'B386', 'B418', 'B261', 'B44', 'B164', 'B88']",7.5,S22,2.32,15,0,15,0.0,,-1.500166,-13.8367,-15.336866,False,False,6,S39,True,2,0.2144,pickup,,,,,,,,,,,,,,,,,,,,,,,,,,,,,,,,,,,,,,,,,,,,,,,,,,,,
50,15,6,54,S22,False,15,0,15,15,0,0,0,0,0,"['B352', 'B610', 'B335', 'B284', 'B724', 'B743', 'B186', 'B150', 'B166', 'B386', 'B418', 'B261', 'B44', 'B164', 'B88']",7.5,S39,5.77,0,0,0,0.0,,-1.826741,-13.890281,-15.717022,False,False,4,S39,False,2,0.1443,delivery,,,,,,,,,,,,,,,,,,,,,,,,,,,,,,,,,,,,,,,,,,,,,,,,,,,,
50,15,7,7,S39,False,0,0,0,0,20,0,0,0,0,"['B140', 'B454', 'B25', 'B274', 'B518', 'B246', 'B542', 'B341', 'B551', 'B435', 'B107', 'B566', 'B701', 'B7', 'B644', 'B220', 'B567', 'B87', 'B614', 'B236']",10.0,S41,3.32,20,0,20,0.0,,-1.767005,-13.924296,-15.691301,False,False,4,S41,False,2,0.153,pickup,,,,,,,,,,,,,,,,,,,,,,,,,,,,,,,,,,,,,,,,,,,,,,,,,,,,
50,15,7,21,S41,False,20,0,20,17,0,0,0,0,0,"['B140', 'B454', 'B25', 'B274', 'B518', 'B246', 'B542', 'B341', 'B551', 'B435', 'B107', 'B566', 'B701', 'B7', 'B644', 'B220', 'B567']",8.5,S59,2.97,3,0,3,0.0,,-1.407919,-13.790298,-15.198217,False,False,6,S59,False,2,0.2081,delivery,,,,,,,,,,,,,,,,,,,,,,,,,,,,,,,,,,,,,,,,,,,,,,,,,,,,
50,15,7,32,S59,False,3,0,3,0,17,0,0,0,0,"['B620', 'B192', 'B50', 'B270', 'B703', 'B124', 'B661', 'B495', 'B497', 'B6', 'B90', 'B656', 'B207', 'B532', 'B564', 'B443', 'B563']",8.5,S61,2.35,20,0,20,0.0,,-1.664305,-13.70134,-15.365645,False,False,4,S61,False,2,0.179,pickup,,,,,,,,,,,,,,,,,,,,,,,,,,,,,,,,,,,,,,,,,,,,,,,,,,,,
50,15,7,43,S61,False,20,0,20,9,0,1,0,0,0,"['B87', 'B614', 'B236', 'B620', 'B192', 'B50', 'B270', 'B703', 'B124']",7.5,S63,3.24,11,0,11,0.0,,-1.044403,-13.632317,-14.676721,True,True,12,S63,False,6,0.4276,delivery+onsite,,,,,,,,,,,,,,,,,,,,,,,,,,,,,,,,,,,,,,,,,,,,,,,,,,,,
50,15,7,54,S63,False,11,0,11,0,9,0,0,0,0,"['B336', 'B240', 'B434', 'B43', 'B168', 'B759', 'B597', 'B438', 'B193']",4.5,S48,4.03,20,0,20,0.0,,-0.880704,-13.596946,-14.47765,False,False,4,S48,False,2,0.1831,pickup,,,,,,,,,,,,,,,,,,,,,,,,,,,,,,,,,,,,,,,,,,,,,,,,,,,,
50,15,8,2,S48,False,20,0,20,11,0,0,1,0,0,"['B753', 'B661', 'B495', 'B497', 'B6', 'B90', 'B656', 'B207', 'B532', 'B564', 'B443', 'B563']",6.0,S19,0.52,9,1,10,0.0,,-0.879702,-13.550094,-14.429796,True,True,10,S19,True,8,0.4427,delivery+depot_removal,,,,,,,,,,,,,,,,,,,,,,,,,,,,,,,,,,,,,,,,,,,,,,,,,,,,
50,15,8,9,S19,False,9,1,10,9,0,0,1,0,0,"['B729', 'B336', 'B240', 'B434', 'B43', 'B168', 'B759', 'B597', 'B438', 'B193']",5.0,S46,4.09,0,2,2,0.0,,-0.971893,-13.584525,-14.556418,True,True,8,S46,False,6,0.381,delivery+depot_removal,,,,,,,,,,,,,,,,,,,,,,,,,,,,,,,,,,,,,,,,,,,,,,,,,,,,
50,15,8,18,S46,False,0,2,2,0,13,1,0,0,0,"['B500', 'B433', 'B562', 'B243', 'B739', 'B659', 'B247', 'B655', 'B328', 'B533', 'B695', 'B354', 'B728']",9.5,S37,2.79,13,2,15,0.0,,-1.427477,-13.516721,-14.944199,True,True,12,S37,False,10,0.4596,pickup+onsite,,,,,,,,,,,,,,,,,,,,,,,,,,,,,,,,,,,,,,,,,,,,,,,,,,,,
50,15,8,30,S37,False,13,2,15,0,0,0,0,0,0,[],0.0,S54,4.98,13,2,15,0.0,,-1.465379,-13.563765,-15.029144,False,False,4,S1,True,0,0.2123,do_nothing,,,,,,,,,,,,,,,,,,,,,,,,,,,,,,,,,,,,,,,,,,,,,,,,,,,,
50,15,8,35,S54,False,13,2,15,0,5,0,0,0,0,"['B510', 'B320', 'B351', 'B606', 'B53']",2.5,S1,3.23,18,2,20,0.0,,-1.462353,-13.527073,-14.989426,True,False,6,S1,False,4,0.2102,pickup,,,,,,,,,,,,,,,,,,,,,,,,,,,,,,,,,,,,,,,,,,,,,,,,,,,,
50,15,8,41,S1,False,18,2,20,13,0,0,0,0,0,"['B500', 'B433', 'B562', 'B243', 'B739', 'B659', 'B247', 'B655', 'B328', 'B533', 'B695', 'B354', 'B728']",6.5,S37,8.18,5,2,7,0.0,,-1.468942,-13.528041,-14.996983,False,False,6,S37,False,2,0.2381,delivery,,,,,,,,,,,,,,,,,,,,,,,,,,,,,,,,,,,,,,,,,,,,,,,,,,,,
50,15,8,56,S37,False,5,2,7,0,13,0,0,0,0,"['B653', 'B481', 'B360', 'B416', 'B371', 'B441', 'B201', 'B512', 'B678', 'B411', 'B483', 'B643', 'B668']",6.5,S61,2.04,18,2,20,0.0,,-1.076036,-13.64329,-14.719325,False,False,4,S61,False,2,0.1533,pickup,,,,,,,,,,,,,,,,,,,,,,,,,,,,,,,,,,,,,,,,,,,,,,,,,,,,
50,15,9,4,S61,False,18,2,20,9,0,0,0,0,0,"['B510', 'B320', 'B351', 'B606', 'B53', 'B653', 'B481', 'B360', 'B416']",4.5,S49,3.22,9,2,11,0.0,,-0.942218,-13.546698,-14.488915,False,False,6,S66,True,2,0.2313,delivery,,,,,,,,,,,,,,,,,,,,,,,,,,,,,,,,,,,,,,,,,,,,,,,,,,,,
50,15,9,12,S49,False,9,2,11,0,9,0,0,0,0,"['B265', 'B530', 'B197', 'B674', 'B278', 'B569', 'B290', 'B734', 'B348']",4.5,S66,3.26,18,2,20,0.0,,-0.748386,-13.570586,-14.318972,False,False,4,S66,False,2,0.1627,pickup,,,,,,,,,,,,,,,,,,,,,,,,,,,,,,,,,,,,,,,,,,,,,,,,,,,,
50,15,9,20,S66,False,18,2,20,13,0,0,1,0,0,"['B706', 'B371', 'B441', 'B201', 'B512', 'B678', 'B411', 'B483', 'B643', 'B668', 'B265', 'B530', 'B197', 'B674']",7.0,S64,1.75,5,3,8,0.0,,-0.948614,-13.727141,-14.675755,True,True,10,S64,False,8,0.3461,delivery+depot_removal,,,,,,,,,,,,,,,,,,,,,,,,,,,,,,,,,,,,,,,,,,,,,,,,,,,,
50,15,9,28,S64,False,5,3,8,0,12,0,0,0,0,"['B105', 'B749', 'B556', 'B561', 'B307', 'B681', 'B507', 'B649', 'B222', 'B115', 'B148', 'B388']",6.0,S43,3.6,17,3,20,0.0,,-1.132845,-13.620457,-14.753302,False,False,4,S43,False,2,0.1352,pickup,,,,,,,,,,,,,,,,,,,,,,,,,,,,,,,,,,,,,,,,,,,,,,,,,,,,
50,15,9,38,S43,False,17,3,20,17,0,0,0,0,0,"['B278', 'B569', 'B290', 'B734', 'B348', 'B105', 'B749', 'B556', 'B561', 'B307', 'B681', 'B507', 'B649', 'B222', 'B115', 'B148', 'B388']",8.5,S58,1.78,0,3,3,0.0,,-0.809655,-13.437525,-14.24718,False,False,4,S58,False,2,0.1416,delivery,,,,,,,,,,,,,,,,,,,,,,,,,,,,,,,,,,,,,,,,,,,,,,,,,,,,
50,15,9,48,S58,False,0,3,3,0,17,0,0,0,0,"['B565', 'B730', 'B514', 'B312', 'B75', 'B642', 'B254', 'B700', 'B623', 'B754', 'B747', 'B654', 'B369', 'B432', 'B558', 'B235', 'B249']",8.5,S65,6.14,17,3,20,0.0,,-1.109231,-13.488581,-14.597813,False,False,4,S65,False,2,0.1778,pickup,,,,,,,,,,,,,,,,,,,,,,,,,,,,,,,,,,,,,,,,,,,,,,,,,,,,
50,15,10,3,S65,False,17,3,20,12,0,0,0,0,0,"['B565', 'B730', 'B514', 'B312', 'B75', 'B642', 'B254', 'B700', 'B623', 'B754', 'B747', 'B654']",6.0,S17,7.47,5,3,8,0.0,,-1.43763,-13.535488,-14.973118,False,False,6,S17,False,2,0.2129,delivery,,,,,,,,,,,,,,,,,,,,,,,,,,,,,,,,,,,,,,,,,,,,,,,,,,,,
50,15,10,16,S17,False,5,3,8,5,0,0,0,0,0,"['B369', 'B432', 'B558', 'B235', 'B249']",2.5,S62,7.52,0,3,3,0.0,,-2.018785,-13.583623,-15.602408,False,False,4,S62,False,2,0.2994,delivery,,,,,,,,,,,,,,,,,,,,,,,,,,,,,,,,,,,,,,,,,,,,,,,,,,,,
50,15,10,26,S62,False,0,3,3,0,13,1,2,0,0,"['B256', 'B420', 'B543', 'B123', 'B94', 'B67', 'B74', 'B571', 'B419', 'B639', 'B294', 'B673', 'B139', 'B358', 'B301']",10.5,S18,3.1,13,5,18,0.0,,-0.584336,-13.505176,-14.089512,True,True,36,S33,True,22,1.5222,pickup+maintenance,,,,,,,,,,,,,,,,,,,,,,,,,,,,,,,,,,,,,,,,,,,,,,,,,,,,
50,15,10,40,S18,False,13,5,18,12,0,0,0,0,0,"['B256', 'B420', 'B543', 'B123', 'B94', 'B67', 'B74', 'B571', 'B419', 'B639', 'B294', 'B673']",6.0,S63,3.17,1,5,6,0.0,,-0.650012,-13.551289,-14.2013,False,False,6,S63,False,2,0.2443,delivery,,,,,,,,,,,,,,,,,,,,,,,,,,,,,,,,,,,,,,,,,,,,,,,,,,,,
50,15,10,49,S63,False,1,5,6,0,0,0,0,0,0,[],0.0,S33,1.55,1,5,6,0.0,,-0.937447,-13.546512,-14.483959,False,False,4,S53,True,0,0.1892,do_nothing,,,,,,,,,,,,,,,,,,,,,,,,,,,,,,,,,,,,,,,,,,,,,,,,,,,,
50,15,10,51,S33,False,1,5,6,0,13,0,1,0,0,"['B394', 'B120', 'B509', 'B180', 'B121', 'B488', 'B521', 'B373', 'B684', 'B503', 'B511', 'B33', 'B711', 'B592']",7.0,S26,6.45,14,6,20,0.0,,-1.390074,-13.470496,-14.860569,True,True,10,S63,True,8,0.3951,pickup+depot_removal,,,,,,,,,,,,,,,,,,,,,,,,,,,,,,,,,,,,,,,,,,,,,,,,,,,,
50,15,11,4,S26,False,14,6,20,11,0,0,0,0,0,"['B139', 'B394', 'B120', 'B509', 'B180', 'B121', 'B488', 'B521', 'B373', 'B684', 'B503']",5.5,S32,7.72,3,6,9,0.0,,-1.195565,-13.44745,-14.643016,False,False,6,S42,True,2,0.2554,delivery,,,,,,,,,,,,,,,,,,,,,,,,,,,,,,,,,,,,,,,,,,,,,,,,,,,,
50,15,11,17,S32,False,3,6,9,0,0,0,0,0,0,[],0.0,S3,0.99,3,6,9,0.0,,-1.225538,-13.591177,-14.816715,False,False,4,S46,True,0,0.1588,do_nothing,,,,,,,,,,,,,,,,,,,,,,,,,,,,,,,,,,,,,,,,,,,,,,,,,,,,
50,15,11,18,S3,False,3,6,9,0,0,0,0,0,0,[],0.0,S32,0.99,3,6,9,0.0,,-0.678127,-13.571552,-14.249679,False,False,4,S46,True,0,0.1586,do_nothing,,,,,,,,,,,,,,,,,,,,,,,,,,,,,,,,,,,,,,,,,,,,,,,,,,,,
50,15,11,19,S32,False,3,6,9,0,11,0,0,0,0,"['B64', 'B316', 'B143', 'B144', 'B651', 'B526', 'B742', 'B100', 'B359', 'B764', 'B604']",5.5,S46,2.16,14,6,20,0.0,,-1.488736,-13.528673,-15.017409,False,False,4,S46,False,2,0.1549,pickup,,,,,,,,,,,,,,,,,,,,,,,,,,,,,,,,,,,,,,,,,,,,,,,,,,,,
50,15,11,27,S46,False,14,6,20,0,0,0,0,0,0,[],0.0,S53,0.87,14,6,20,0.0,,-0.649262,-13.599726,-14.248988,False,False,6,S53,True,0,0.2294,do_nothing,,,,,,,,,,,,,,,,,,,,,,,,,,,,,,,,,,,,,,,,,,,,,,,,,,,,
50,15,11,28,S53,False,14,6,20,14,0,0,0,0,0,"['B511', 'B33', 'B711', 'B64', 'B316', 'B143', 'B144', 'B651', 'B526', 'B742', 'B100', 'B359', 'B764', 'B604']",7.0,S3,2.7,0,6,6,0.0,,-0.547763,-13.462537,-14.0103,False,False,6,S46,True,4,0.2293,delivery,,,,,,,,,,,,,,,,,,,,,,,,,,,,,,,,,,,,,,,,,,,,,,,,,,,,
50,15,11,38,S3,False,0,6,6,0,0,0,0,0,0,[],0.0,S66,7.38,0,6,6,0.0,,-0.878327,-13.427741,-14.306069,False,False,4,S66,False,0,0.2118,do_nothing,,,,,,,,,,,,,,,,,,,,,,,,,,,,,,,,,,,,,,,,,,,,,,,,,,,,
50,15,11,45,S66,False,0,6,6,0,14,0,0,0,0,"['B512', 'B678', 'B411', 'B483', 'B643', 'B668', 'B265', 'B530', 'B197', 'B674', 'B497', 'B444', 'B25', 'B405']",7.0,S46,5.15,14,6,20,0.0,,-1.363061,-13.620782,-14.983843,False,False,6,S46,True,2,0.2366,pickup,,,,,,,,,,,,,,,,,,,,,,,,,,,,,,,,,,,,,,,,,,,,,,,,,,,,
50,15,11,57,S46,False,14,6,20,14,0,0,0,0,0,"['B512', 'B678', 'B411', 'B483', 'B643', 'B668', 'B265', 'B530', 'B197', 'B674', 'B497', 'B444', 'B25', 'B405']",7.0,S3,3.03,0,6,6,0.0,,-1.001946,-13.481562,-14.483508,False,False,4,S42,True,2,0.1873,delivery,,,,,,,,,,,,,,,,,,,,,,,,,,,,,,,,,,,,,,,,,,,,,,,,,,,,
50,15,12,7,S3,False,0,6,6,0,0,0,0,0,0,[],0.0,S32,0.99,0,6,6,0.0,,-0.713942,-13.29658,-14.010522,False,False,6,S32,False,0,0.2759,do_nothing,,,,,,,,,,,,,,,,,,,,,,,,,,,,,,,,,,,,,,,,,,,,,,,,,,,,
50,15,12,8,S32,False,0,6,6,0,11,0,0,0,0,"['B280', 'B54', 'B140', 'B680', 'B693', 'B192', 'B703', 'B398', 'B605', 'B208', 'B702']",5.5,S54,2.05,11,6,17,0.0,,-0.745235,-13.206596,-13.951831,False,False,6,S54,False,4,0.3764,pickup,,,,,,,,,,,,,,,,,,,,,,,,,,,,,,,,,,,,,,,,,,,,,,,,,,,,
50,15,12,16,S54,False,11,6,17,11,0,0,1,0,0,"['B471', 'B280', 'B54', 'B140', 'B680', 'B693', 'B192', 'B703', 'B398', 'B605', 'B208', 'B702']",6.0,S11,5.5,0,7,7,0.0,,-0.713841,-13.306068,-14.019908,True,True,8,S50,True,6,0.6285,delivery+depot_removal,,,,,,,,,,,,,,,,,,,,,,,,,,,,,,,,,,,,,,,,,,,,,,,,,,,,
50,15,12,27,S11,False,0,7,7,0,7,2,0,0,0,"['B326', 'B446', 'B353', 'B156', 'B421', 'B82', 'B61']",9.5,S50,3.14,7,7,14,0.0,,-0.712375,-13.595194,-14.307569,True,True,24,S62,True,12,1.4317,pickup+onsite,,,,,,,,,,,,,,,,,,,,,,,,,,,,,,,,,,,,,,,,,,,,,,,,,,,,
50,15,12,40,S50,False,7,7,14,7,0,1,1,0,0,"['B306', 'B326', 'B446', 'B353', 'B156', 'B421', 'B82', 'B61']",7.0,S66,7.23,0,8,8,0.0,,-1.036377,-13.860444,-14.896821,True,True,16,S66,False,14,0.6038,delivery+maintenance,,,,,,,,,,,,,,,,,,,,,,,,,,,,,,,,,,,,,,,,,,,,,,,,,,,,
50,15,12,54,S66,False,0,8,8,0,12,0,0,0,0,"['B572', 'B498', 'B453', 'B194', 'B585', 'B44', 'B48', 'B342', 'B756', 'B461', 'B538', 'B37']",6.0,S54,5.58,12,8,20,0.0,,-1.390657,-13.552459,-14.943116,False,False,4,S18,True,2,0.1599,pickup,,,,,,,,,,,,,,,,,,,,,,,,,,,,,,,,,,,,,,,,,,,,,,,,,,,,
50,15,13,6,S54,False,12,8,20,12,0,0,0,0,0,"['B572', 'B498', 'B453', 'B194', 'B585', 'B44', 'B48', 'B342', 'B756', 'B461', 'B538', 'B37']",6.0,S18,5.81,0,8,8,0.0,,-1.288637,-13.705455,-14.994092,False,False,6,S29,True,4,0.2204,delivery,,,,,,,,,,,,,,,,,,,,,,,,,,,,,,,,,,,,,,,,,,,,,,,,,,,,
50,15,13,17,S18,False,0,8,8,0,12,0,0,0,0,"['B256', 'B420', 'B543', 'B123', 'B94', 'B67', 'B74', 'B571', 'B419', 'B639', 'B294', 'B673']",6.0,S26,7.46,12,8,20,0.0,,-1.652604,-13.678047,-15.330651,False,False,4,S26,False,2,0.1455,pickup,,,,,,,,,,,,,,,,,,,,,,,,,,,,,,,,,,,,,,,,,,,,,,,,,,,,
50,15,13,31,S26,False,12,8,20,0,0,0,0,0,0,[],0.0,S29,5.02,12,8,20,0.0,,-2.142531,-13.45533,-15.597861,False,False,4,S29,False,0,0.1456,do_nothing,,,,,,,,,,,,,,,,,,,,,,,,,,,,,,,,,,,,,,,,,,,,,,,,,,,,
50,15,13,36,S29,False,12,8,20,12,0,0,0,0,0,"['B256', 'B420', 'B543', 'B123', 'B94', 'B67', 'B74', 'B571', 'B419', 'B639', 'B294', 'B673']",6.0,S43,5.89,0,8,8,0.0,,-2.666254,-13.427254,-16.093508,False,False,4,S43,False,2,0.1455,delivery,,,,,,,,,,,,,,,,,,,,,,,,,,,,,,,,,,,,,,,,,,,,,,,,,,,,
50,15,13,48,S43,False,0,8,8,0,12,0,0,0,0,"['B734', 'B348', 'B105', 'B749', 'B556', 'B561', 'B307', 'B681', 'B507', 'B649', 'B222', 'B115']",6.0,S26,8.51,12,8,20,0.0,,-2.090704,-13.343326,-15.43403,False,False,4,S26,False,2,0.1458,pickup,,,,,,,,,,,,,,,,,,,,,,,,,,,,,,,,,,,,,,,,,,,,,,,,,,,,
50,15,14,2,S26,False,12,8,20,12,0,0,0,0,0,"['B734', 'B348', 'B105', 'B749', 'B556', 'B561', 'B307', 'B681', 'B507', 'B649', 'B222', 'B115']",6.0,S62,5.52,0,8,8,0.0,,-2.478987,-13.3697,-15.848687,False,False,4,S62,False,2,0.1455,delivery,,,,,,,,,,,,,,,,,,,,,,,,,,,,,,,,,,,,,,,,,,,,,,,,,,,,
50,15,14,14,S62,False,0,8,8,0,12,0,0,0,0,"['B85', 'B670', 'B371', 'B584', 'B297', 'B381', 'B470', 'B595', 'B225', 'B376', 'B404', 'B311']",6.0,S35,5.61,12,8,20,0.0,,-2.161077,-13.415665,-15.576741,False,False,4,S35,False,2,0.156,pickup,,,,,,,,,,,,,,,,,,,,,,,,,,,,,,,,,,,,,,,,,,,,,,,,,,,,
50,15,14,25,S35,False,12,8,20,12,0,0,1,0,0,"['B477', 'B85', 'B670', 'B371', 'B584', 'B297', 'B381', 'B470', 'B595', 'B225', 'B376', 'B404', 'B311']",6.5,S60,9.21,0,9,9,0.0,,-1.723971,-13.473624,-15.197595,True,True,6,S60,False,4,0.2168,delivery+depot_removal,,,,,,,,,,,,,,,,,,,,,,,,,,,,,,,,,,,,,,,,,,,,,,,,,,,,
50,15,14,41,S60,False,0,9,9,0,11,0,0,0,0,"['B418', 'B154', 'B30', 'B177', 'B304', 'B495', 'B480', 'B352', 'B750', 'B4', 'B316']",5.5,S64,0.95,11,9,20,0.0,,-1.729843,-13.08235,-14.812193,False,False,4,S64,False,2,0.1456,pickup,,,,,,,,,,,,,,,,,,,,,,,,,,,,,,,,,,,,,,,,,,,,,,,,,,,,
50,15,14,48,S64,False,11,9,20,11,0,0,0,0,0,"['B418', 'B154', 'B30', 'B177', 'B304', 'B495', 'B480', 'B352', 'B750', 'B4', 'B316']",5.5,S59,1.25,0,9,9,0.0,,-2.24749,-13.253819,-15.50131,False,False,4,S47,True,2,0.1454,delivery,,,,,,,,,,,,,,,,,,,,,,,,,,,,,,,,,,,,,,,,,,,,,,,,,,,,
50,15,14,54,S59,False,0,9,9,0,11,0,0,0,0,"['B5', 'B648', 'B474', 'B601', 'B11', 'B323', 'B63', 'B392', 'B242', 'B8', 'B712']",5.5,S39,2.08,11,9,20,0.0,,-2.481192,-13.484821,-15.966013,False,False,4,S60,True,2,0.1673,pickup,,,,,,,,,,,,,,,,,,,,,,,,,,,,,,,,,,,,,,,,,,,,,,,,,,,,
50,15,15,2,S39,False,11,9,20,11,0,1,0,0,0,"['B5', 'B648', 'B474', 'B601', 'B11', 'B323', 'B63', 'B392', 'B242', 'B8', 'B712']",8.5,S60,2.89,0,9,9,0.0,,-2.382853,-13.250438,-15.633291,True,True,8,S49,True,6,0.2962,delivery+onsite,,,,,,,,,,,,,,,,,,,,,,,,,,,,,,,,,,,,,,,,,,,,,,,,,,,,
50,15,15,13,S60,False,0,9,9,0,11,0,0,0,0,"['B290', 'B367', 'B344', 'B90', 'B364', 'B443', 'B440', 'B201', 'B99', 'B356', 'B171']",5.5,S49,2.05,11,9,20,0.0,,-1.080278,-13.062246,-14.142524,False,False,4,S65,True,2,0.1454,pickup,,,,,,,,,,,,,,,,,,,,,,,,,,,,,,,,,,,,,,,,,,,,,,,,,,,,
50,15,15,21,S49,False,11,9,20,11,0,0,0,0,0,"['B290', 'B367', 'B344', 'B90', 'B364', 'B443', 'B440', 'B201', 'B99', 'B356', 'B171']",5.5,S65,4.37,0,9,9,0.0,,-1.402947,-12.891863,-14.29481,False,False,4,S2,True,2,0.1451,delivery,,,,,,,,,,,,,,,,,,,,,,,,,,,,,,,,,,,,,,,,,,,,,,,,,,,,
50,15,15,31,S65,False,0,9,9,0,11,0,0,0,0,"['B654', 'B481', 'B281', 'B264', 'B468', 'B161', 'B460', 'B653', 'B303', 'B111', 'B330']",5.5,S2,1.06,11,9,20,0.0,,-1.141379,-13.296781,-14.43816,False,False,4,S2,False,2,0.1954,pickup,,,,,,,,,,,,,,,,,,,,,,,,,,,,,,,,,,,,,,,,,,,,,,,,,,,,
50,15,15,37,S2,False,11,9,20,11,0,0,0,0,0,"['B654', 'B481', 'B281', 'B264', 'B468', 'B161', 'B460', 'B653', 'B303', 'B111', 'B330']",5.5,S62,6.61,0,9,9,0.0,,-1.332333,-13.235644,-14.567977,False,False,4,S62,False,2,0.1389,delivery,,,,,,,,,,,,,,,,,,,,,,,,,,,,,,,,,,,,,,,,,,,,,,,,,,,,
50,15,15,49,S62,False,0,9,9,0,11,0,0,0,0,"['B336', 'B9', 'B400', 'B144', 'B742', 'B87', 'B504', 'B651', 'B83', 'B661', 'B246']",5.5,S17,7.52,11,9,20,0.0,,-1.241985,-13.15087,-14.392855,False,False,4,S17,False,2,0.1518,pickup,,,,,,,,,,,,,,,,,,,,,,,,,,,,,,,,,,,,,,,,,,,,,,,,,,,,
50,15,16,2,S17,False,11,9,20,0,0,0,0,0,0,[],0.0,S35,7.9,11,9,20,0.0,,-0.817531,-13.038368,-13.855899,False,False,4,S35,False,0,0.133,do_nothing,,,,,,,,,,,,,,,,,,,,,,,,,,,,,,,,,,,,,,,,,,,,,,,,,,,,
50,15,16,10,S35,False,11,9,20,11,0,0,0,0,0,"['B336', 'B9', 'B400', 'B144', 'B742', 'B87', 'B504', 'B651', 'B83', 'B661', 'B246']",5.5,S31,8.41,0,9,9,0.0,,-0.45931,-12.999772,-13.459082,False,False,4,S1,True,2,0.1331,delivery,,,,,,,,,,,,,,,,,,,,,,,,,,,,,,,,,,,,,,,,,,,,,,,,,,,,
50,15,16,24,S31,False,0,9,9,0,11,0,0,0,0,"['B701', 'B527', 'B693', 'B208', 'B717', 'B176', 'B329', 'B134', 'B623', 'B756', 'B450']",5.5,S17,7.72,11,9,20,0.0,,-0.58304,-12.956146,-13.539186,False,False,4,S17,False,2,0.174,pickup,,,,,,,,,,,,,,,,,,,,,,,,,,,,,,,,,,,,,,,,,,,,,,,,,,,,
50,15,16,37,S17,False,11,9,20,11,0,0,0,0,0,"['B701', 'B527', 'B693', 'B208', 'B717', 'B176', 'B329', 'B134', 'B623', 'B756', 'B450']",5.5,S31,7.72,0,9,9,0.0,,-0.356298,-12.833995,-13.190293,False,False,4,S31,False,2,0.133,delivery,,,,,,,,,,,,,,,,,,,,,,,,,,,,,,,,,,,,,,,,,,,,,,,,,,,,
50,15,16,51,S31,False,0,9,9,0,11,0,0,0,0,"['B181', 'B248', 'B195', 'B96', 'B57', 'B688', 'B75', 'B675', 'B32', 'B705', 'B626']",5.5,S54,5.7,11,9,20,0.0,,-0.550244,-12.793989,-13.344232,False,False,4,S54,False,2,0.1546,pickup,,,,,,,,,,,,,,,,,,,,,,,,,,,,,,,,,,,,,,,,,,,,,,,,,,,,
50,15,17,2,S54,False,11,9,20,11,0,0,1,0,0,"['B732', 'B181', 'B248', 'B195', 'B96', 'B57', 'B688', 'B75', 'B675', 'B32', 'B705', 'B626']",6.0,S0,6.35,0,10,10,0.0,,-1.075124,-12.872511,-13.947635,True,True,10,S1,True,8,0.3439,delivery+depot_removal,,,,,,,,,,,,,,,,,,,,,,,,,,,,,,,,,,,,,,,,,,,,,,,,,,,,
50,15,17,14,S0,False,0,10,10,0,0,0,0,0,0,[],0.0,S65,14.1,0,10,10,0.0,,-0.259017,-12.775342,-13.034358,False,False,4,S65,False,0,0.1423,do_nothing,,,,,,,,,,,,,,,,,,,,,,,,,,,,,,,,,,,,,,,,,,,,,,,,,,,,
50,15,17,28,S65,False,0,10,10,0,0,0,0,0,0,[],0.0,S31,3.2,0,10,10,0.0,,-0.162559,-12.750947,-12.913505,False,False,4,S34,True,0,0.1365,do_nothing,,,,,,,,,,,,,,,,,,,,,,,,,,,,,,,,,,,,,,,,,,,,,,,,,,,,
50,15,17,32,S31,False,0,10,10,0,10,0,0,0,0,"['B650', 'B326', 'B625', 'B740', 'B462', 'B667', 'B408', 'B602', 'B194', 'B745']",5.0,S34,4.64,10,10,20,0.0,,-0.323846,-13.067852,-13.391698,False,False,4,S34,False,2,0.1741,pickup,,,,,,,,,,,,,,,,,,,,,,,,,,,,,,,,,,,,,,,,,,,,,,,,,,,,
50,15,17,41,S34,False,10,10,20,10,0,0,0,0,0,"['B650', 'B326', 'B625', 'B740', 'B462', 'B667', 'B408', 'B602', 'B194', 'B745']",5.0,S0,7.52,0,10,10,0.0,,-0.322936,-12.93042,-13.253355,False,False,4,S0,False,2,0.1735,delivery,,,,,,,,,,,,,,,,,,,,,,,,,,,,,,,,,,,,,,,,,,,,,,,,,,,,
50,15,17,54,S0,False,0,10,10,0,0,0,0,0,0,[],0.0,S65,14.1,0,10,10,0.0,,-0.19418,-13.128696,-13.322876,False,False,4,S65,False,0,0.1441,do_nothing,,,,,,,,,,,,,,,,,,,,,,,,,,,,,,,,,,,,,,,,,,,,,,,,,,,,
50,15,18,8,S65,False,0,10,10,0,9,0,0,0,0,"['B524', 'B160', 'B743', 'B274', 'B98', 'B639', 'B711', 'B266', 'B368']",4.5,S28,6.22,9,10,19,0.0,,-0.555015,-13.134694,-13.689709,False,False,6,S66,True,4,0.2979,pickup,,,,,,,,,,,,,,,,,,,,,,,,,,,,,,,,,,,,,,,,,,,,,,,,,,,,
50,15,18,19,S28,False,9,10,19,9,0,0,0,0,0,"['B524', 'B160', 'B743', 'B274', 'B98', 'B639', 'B711', 'B266', 'B368']",4.5,S66,8.95,0,10,10,0.0,,-0.389344,-13.216268,-13.605612,True,False,12,S26,True,6,0.4368,delivery,,,,,,,,,,,,,,,,,,,,,,,,,,,,,,,,,,,,,,,,,,,,,,,,,,,,
50,15,18,32,S66,False,0,10,10,0,10,0,0,0,0,"['B125', 'B122', 'B542', 'B735', 'B120', 'B48', 'B286', 'B46', 'B404', 'B317']",5.0,S26,5.64,10,10,20,0.0,,-0.390653,-12.620824,-13.011477,True,False,6,S61,True,4,0.2669,pickup,,,,,,,,,,,,,,,,,,,,,,,,,,,,,,,,,,,,,,,,,,,,,,,,,,,,
50,15,18,43,S26,False,10,10,20,10,0,0,0,0,0,"['B125', 'B122', 'B542', 'B735', 'B120', 'B48', 'B286', 'B46', 'B404', 'B317']",5.0,S60,6.85,0,10,10,0.0,,-0.291816,-12.666296,-12.958112,False,False,4,S60,False,2,0.1335,delivery,,,,,,,,,,,,,,,,,,,,,,,,,,,,,,,,,,,,,,,,,,,,,,,,,,,,
50,15,18,54,S60,False,0,10,10,0,10,0,0,0,0,"['B564', 'B709', 'B129', 'B128', 'B466', 'B16', 'B398', 'B1', 'B23', 'B612']",5.0,S50,8.32,10,10,20,0.0,,-0.590498,-12.642412,-13.23291,False,False,4,S61,True,2,0.1753,pickup,,,,,,,,,,,,,,,,,,,,,,,,,,,,,,,,,,,,,,,,,,,,,,,,,,,,
50,15,19,8,S50,False,10,10,20,10,0,0,0,0,0,"['B564', 'B709', 'B129', 'B128', 'B466', 'B16', 'B398', 'B1', 'B23', 'B612']",5.0,S59,8.72,0,10,10,0.0,,-0.816494,-12.69984,-13.516333,False,False,4,S59,False,2,0.137,delivery,,,,,,,,,,,,,,,,,,,,,,,,,,,,,,,,,,,,,,,,,,,,,,,,,,,,
50,15,19,22,S59,False,0,10,10,0,0,0,0,0,0,[],0.0,S51,5.65,0,10,10,0.0,,-0.359189,-12.63209,-12.991279,False,False,4,S51,False,0,0.1453,do_nothing,,,,,,,,,,,,,,,,,,,,,,,,,,,,,,,,,,,,,,,,,,,,,,,,,,,,
50,15,19,27,S51,False,0,10,10,0,10,0,0,0,0,"['B313', 'B227', 'B572', 'B400', 'B64', 'B687', 'B540', 'B62', 'B458', 'B80']",5.0,S48,0.84,10,10,20,0.0,,-0.525147,-12.674273,-13.19942,True,False,6,S48,False,4,0.2276,pickup,,,,,,,,,,,,,,,,,,,,,,,,,,,,,,,,,,,,,,,,,,,,,,,,,,,,
50,15,19,33,S48,False,10,10,20,8,0,0,1,0,0,"['B280', 'B313', 'B227', 'B572', 'B400', 'B64', 'B687', 'B540', 'B62']",4.5,S19,0.52,2,11,13,0.0,,-0.453191,-12.839018,-13.292209,True,True,10,S47,True,4,0.4859,delivery+depot_removal,,,,,,,,,,,,,,,,,,,,,,,,,,,,,,,,,,,,,,,,,,,,,,,,,,,,
50,15,19,38,S19,False,2,11,13,0,0,0,0,0,0,[],0.0,S59,6.86,2,11,13,0.0,,-0.520015,-12.967044,-13.487059,True,False,7,D0,True,0,0.2908,do_nothing,,,,,,,,,,,,,,,,,,,,,,,,,,,,,,,,,,,,,,,,,,,,,,,,,,,,
50,15,19,45,S59,False,2,11,13,0,7,0,0,0,0,"['B60', 'B482', 'B166', 'B10', 'B638', 'B615', 'B302']",3.5,D0,2.27,9,11,20,0.0,,-0.294443,-13.134633,-13.429076,False,False,2,D0,False,1,0.0895,pickup,,,,,,,,,,,,,,,,,,,,,,,,,,,,,,,,,,,,,,,,,,,,,,,,,,,,
50,15,19,51,D0,True,9,11,20,0,0,0,0,11,0,"['B753', 'B729', 'B706', 'B358', 'B301', 'B592', 'B471', 'B306', 'B477', 'B732', 'B280']",5.5,D0,0.0,9,0,9,0.0,,-0.19607,-13.089268,-13.285338,True,True,1,D0,False,0,0.0539,do_nothing,,,,,,,,,,,,,,,,,,,,,,,,,,,,,,,,,,,,,,,,,,,,,,,,,,,,
50,16,6,11,D0,True,9,0,9,0,0,0,0,0,11,"['B299', 'B599', 'B733', 'B766', 'B331', 'B228', 'B49', 'B501', 'B429', 'B755', 'B685']",5.5,S66,1.4,20,0,20,0.0,,-2.910607,-13.623171,-16.533777,True,True,1,S66,False,0,0.071,load_queue,,,,,,,,,,,,,,,,,,,,,,,,,,,,,,,,,,,,,,,,,,,,,,,,,,,,
50,16,6,33,S66,False,20,0,20,19,0,0,1,0,0,"['B395', 'B458', 'B80', 'B60', 'B482', 'B166', 'B10', 'B638', 'B615', 'B302', 'B299', 'B599', 'B733', 'B766', 'B331', 'B228', 'B49', 'B501', 'B429', 'B755']",10.0,S39,4.09,1,1,2,0.0,,-2.462264,-13.236739,-15.699003,True,True,10,S39,False,4,0.3499,delivery+depot_removal,,,,,,,,,,,,,,,,,,,,,,,,,,,,,,,,,,,,,,,,,,,,,,,,,,,,
50,16,6,47,S39,False,1,1,2,0,18,0,0,0,0,"['B412', 'B629', 'B5', 'B648', 'B474', 'B601', 'B11', 'B323', 'B63', 'B392', 'B242', 'B8', 'B712', 'B728', 'B258', 'B328', 'B180', 'B107']",9.0,S65,5.08,19,1,20,0.0,,-2.589885,-13.599004,-16.188889,False,False,4,S65,False,2,0.143,pickup,,,,,,,,,,,,,,,,,,,,,,,,,,,,,,,,,,,,,,,,,,,,,,,,,,,,
50,16,7,1,S65,False,19,1,20,18,0,0,0,0,0,"['B685', 'B412', 'B629', 'B5', 'B648', 'B474', 'B601', 'B11', 'B323', 'B63', 'B392', 'B242', 'B8', 'B712', 'B728', 'B258', 'B328', 'B180']",9.0,S54,8.42,1,1,2,0.0,,-1.571263,-13.454084,-15.025347,False,False,6,S7,True,2,0.287,delivery,,,,,,,,,,,,,,,,,,,,,,,,,,,,,,,,,,,,,,,,,,,,,,,,,,,,
50,16,7,19,S54,False,1,1,2,0,16,1,0,0,0,"['B663', 'B700', 'B123', 'B522', 'B214', 'B73', 'B431', 'B51', 'B3', 'B187', 'B59', 'B496', 'B315', 'B619', 'B217', 'B481']",11.0,S51,6.18,17,1,18,0.0,,-0.950178,-13.591215,-14.541394,True,True,12,S51,False,6,0.5473,pickup+onsite,,,,,,,,,,,,,,,,,,,,,,,,,,,,,,,,,,,,,,,,,,,,,,,,,,,,
50,16,7,36,S51,False,17,1,18,15,0,0,1,0,0,"['B676', 'B107', 'B663', 'B700', 'B123', 'B522', 'B214', 'B73', 'B431', 'B51', 'B3', 'B187', 'B59', 'B496', 'B315', 'B619']",8.0,S59,5.65,2,2,4,0.0,,-0.947043,-13.644344,-14.591387,True,True,12,S59,False,10,0.4197,delivery+depot_removal,,,,,,,,,,,,,,,,,,,,,,,,,,,,,,,,,,,,,,,,,,,,,,,,,,,,
50,16,7,49,S59,False,2,2,4,0,0,0,0,0,0,[],0.0,S46,4.24,2,2,4,0.0,,-0.685057,-13.647527,-14.332584,False,False,4,S58,True,0,0.1575,do_nothing,,,,,,,,,,,,,,,,,,,,,,,,,,,,,,,,,,,,,,,,,,,,,,,,,,,,
50,16,7,54,S46,False,2,2,4,0,14,0,0,0,0,"['B265', 'B448', 'B621', 'B418', 'B72', 'B99', 'B492', 'B558', 'B384', 'B213', 'B578', 'B278', 'B407', 'B291']",7.0,S62,2.76,16,2,18,0.0,,-0.816531,-13.654001,-14.470532,False,False,6,S62,False,4,0.2222,pickup,,,,,,,,,,,,,,,,,,,,,,,,,,,,,,,,,,,,,,,,,,,,,,,,,,,,
50,16,8,3,S62,False,16,2,18,10,0,0,0,0,0,"['B217', 'B481', 'B265', 'B448', 'B621', 'B418', 'B72', 'B99', 'B492', 'B558']",5.0,S42,6.87,6,2,8,0.0,,-0.326334,-13.555011,-13.881345,False,False,6,S42,False,2,0.293,delivery,,,,,,,,,,,,,,,,,,,,,,,,,,,,,,,,,,,,,,,,,,,,,,,,,,,,
50,16,8,15,S42,False,6,2,8,6,0,0,1,0,0,"['B736', 'B384', 'B213', 'B578', 'B278', 'B407', 'B291']",3.5,S0,2.26,0,3,3,0.0,,-0.876407,-13.583823,-14.46023,True,True,8,S0,False,6,0.2756,delivery+depot_removal,,,,,,,,,,,,,,,,,,,,,,,,,,,,,,,,,,,,,,,,,,,,,,,,,,,,
50,16,8,21,S0,False,0,3,3,0,0,0,0,0,0,[],0.0,S44,10.16,0,3,3,0.0,,-0.422952,-13.433805,-13.856757,False,False,4,S47,True,0,0.1654,do_nothing,,,,,,,,,,,,,,,,,,,,,,,,,,,,,,,,,,,,,,,,,,,,,,,,,,,,
50,16,8,31,S44,False,0,3,3,0,11,0,0,0,0,"['B425', 'B476', 'B231', 'B139', 'B7', 'B596', 'B199', 'B713', 'B749', 'B721', 'B41']",5.5,S59,2.83,11,3,14,0.0,,-0.389166,-13.226222,-13.615388,False,False,6,S59,False,4,0.222,pickup,,,,,,,,,,,,,,,,,,,,,,,,,,,,,,,,,,,,,,,,,,,,,,,,,,,,
50,16,8,40,S59,False,11,3,14,0,6,0,0,0,0,"['B449', 'B376', 'B325', 'B497', 'B649', 'B614']",3.0,S47,3.97,17,3,20,0.0,,-0.551819,-13.13756,-13.689379,False,False,4,S47,False,2,0.1522,pickup,,,,,,,,,,,,,,,,,,,,,,,,,,,,,,,,,,,,,,,,,,,,,,,,,,,,
50,16,8,47,S47,False,17,3,20,14,0,0,0,0,0,"['B425', 'B476', 'B231', 'B139', 'B7', 'B596', 'B199', 'B713', 'B749', 'B721', 'B41', 'B449', 'B376', 'B325']",7.0,S48,10.34,3,3,6,0.0,,-0.880924,-13.139294,-14.020218,False,False,6,S48,False,4,0.2196,delivery,,,,,,,,,,,,,,,,,,,,,,,,,,,,,,,,,,,,,,,,,,,,,,,,,,,,
50,16,9,4,S48,False,3,3,6,3,0,0,0,0,0,"['B497', 'B649', 'B614']",1.5,S0,10.77,0,3,3,0.0,,-0.750452,-13.169563,-13.920015,False,False,4,S0,False,2,0.1569,delivery,,,,,,,,,,,,,,,,,,,,,,,,,,,,,,,,,,,,,,,,,,,,,,,,,,,,
50,16,9,16,S0,False,0,3,3,0,17,0,0,0,0,"['B576', 'B699', 'B580', 'B591', 'B574', 'B600', 'B168', 'B438', 'B512', 'B446', 'B385', 'B210', 'B95', 'B760', 'B575', 'B654', 'B333']",8.5,S26,8.93,17,3,20,0.0,,-0.51768,-13.022252,-13.539931,False,False,4,S26,False,2,0.1712,pickup,,,,,,,,,,,,,,,,,,,,,,,,,,,,,,,,,,,,,,,,,,,,,,,,,,,,
50,16,9,34,S26,False,17,3,20,17,0,0,0,0,0,"['B576', 'B699', 'B580', 'B591', 'B574', 'B600', 'B168', 'B438', 'B512', 'B446', 'B385', 'B210', 'B95', 'B760', 'B575', 'B654', 'B333']",8.5,S10,4.67,0,3,3,0.0,,-0.848843,-13.393684,-14.242527,False,False,4,S10,False,2,0.1702,delivery,,,,,,,,,,,,,,,,,,,,,,,,,,,,,,,,,,,,,,,,,,,,,,,,,,,,
50,16,9,47,S10,False,0,3,3,0,10,0,0,0,0,"['B297', 'B267', 'B35', 'B628', 'B56', 'B157', 'B647', 'B716', 'B516', 'B544']",5.0,S55,2.1,10,3,13,0.0,,-1.042334,-13.360266,-14.4026,False,False,6,S55,False,4,0.2766,pickup,,,,,,,,,,,,,,,,,,,,,,,,,,,,,,,,,,,,,,,,,,,,,,,,,,,,
50,16,9,54,S55,False,10,3,13,0,7,1,0,0,0,"['B261', 'B523', 'B548', 'B691', 'B154', 'B605', 'B1']",6.5,S12,7.23,17,3,20,0.0,,-1.201325,-13.383312,-14.584637,True,True,8,S12,False,6,0.2918,pickup+onsite,,,,,,,,,,,,,,,,,,,,,,,,,,,,,,,,,,,,,,,,,,,,,,,,,,,,
50,16,10,8,S12,False,17,3,20,12,0,0,0,0,0,"['B297', 'B267', 'B35', 'B628', 'B56', 'B157', 'B647', 'B716', 'B516', 'B544', 'B261', 'B523']",6.0,S53,5.94,5,3,8,0.0,,-0.781164,-13.395986,-14.177149,False,False,6,S53,False,2,0.2424,delivery,,,,,,,,,,,,,,,,,,,,,,,,,,,,,,,,,,,,,,,,,,,,,,,,,,,,
50,16,10,20,S53,False,5,3,8,0,12,0,0,0,0,"['B230', 'B33', 'B29', 'B191', 'B17', 'B279', 'B563', 'B559', 'B455', 'B135', 'B281', 'B198']",6.0,S50,5.17,17,3,20,0.0,,-0.588067,-13.329445,-13.917511,False,False,4,S50,False,2,0.1445,pickup,,,,,,,,,,,,,,,,,,,,,,,,,,,,,,,,,,,,,,,,,,,,,,,,,,,,
50,16,10,31,S50,False,17,3,20,17,0,0,0,0,0,"['B548', 'B691', 'B154', 'B605', 'B1', 'B230', 'B33', 'B29', 'B191', 'B17', 'B279', 'B563', 'B559', 'B455', 'B135', 'B281', 'B198']",8.5,S32,4.46,0,3,3,0.0,,-0.489856,-13.658484,-14.14834,False,False,6,S32,True,2,0.2502,delivery,,,,,,,,,,,,,,,,,,,,,,,,,,,,,,,,,,,,,,,,,,,,,,,,,,,,
50,16,10,44,S32,False,0,3,3,0,17,0,0,0,0,"['B78', 'B609', 'B247', 'B27', 'B641', 'B466', 'B356', 'B16', 'B394', 'B398', 'B587', 'B241', 'B132', 'B588', 'B109', 'B547', 'B50']",8.5,S54,2.05,17,3,20,0.0,,-0.585078,-13.744887,-14.329965,False,False,6,S54,True,4,0.2573,pickup,,,,,,,,,,,,,,,,,,,,,,,,,,,,,,,,,,,,,,,,,,,,,,,,,,,,
50,16,10,54,S54,False,17,3,20,17,0,0,0,0,0,"['B78', 'B609', 'B247', 'B27', 'B641', 'B466', 'B356', 'B16', 'B394', 'B398', 'B587', 'B241', 'B132', 'B588', 'B109', 'B547', 'B50']",8.5,S66,5.58,0,3,3,0.0,,-0.654577,-13.638158,-14.292735,False,False,6,S29,True,2,0.2288,delivery,,,,,,,,,,,,,,,,,,,,,,,,,,,,,,,,,,,,,,,,,,,,,,,,,,,,
50,16,11,8,S66,False,0,3,3,0,15,0,0,0,0,"['B501', 'B429', 'B755', 'B60', 'B342', 'B269', 'B503', 'B554', 'B31', 'B680', 'B272', 'B149', 'B15', 'B294', 'B97']",7.5,S58,3.52,15,3,18,0.0,,-0.682037,-13.599361,-14.281399,False,False,6,S58,True,2,0.2148,pickup,,,,,,,,,,,,,,,,,,,,,,,,,,,,,,,,,,,,,,,,,,,,,,,,,,,,
50,16,11,19,S58,False,15,3,18,14,0,0,0,0,0,"['B501', 'B429', 'B755', 'B60', 'B342', 'B269', 'B503', 'B554', 'B31', 'B680', 'B272', 'B149', 'B15', 'B294']",7.0,S3,6.13,1,3,4,0.0,,-0.969667,-13.511446,-14.481113,False,False,6,S3,False,2,0.2203,delivery,,,,,,,,,,,,,,,,,,,,,,,,,,,,,,,,,,,,,,,,,,,,,,,,,,,,
50,16,11,32,S3,False,1,3,4,0,0,0,0,0,0,[],0.0,S55,1.62,1,3,4,0.0,,-0.909362,-13.500035,-14.409397,False,False,6,S31,True,0,0.2129,do_nothing,,,,,,,,,,,,,,,,,,,,,,,,,,,,,,,,,,,,,,,,,,,,,,,,,,,,
50,16,11,34,S55,False,1,3,4,0,0,0,0,0,0,[],0.0,S3,1.62,1,3,4,0.0,,-1.496079,-13.695548,-15.191627,False,False,6,S31,True,0,0.2158,do_nothing,,,,,,,,,,,,,,,,,,,,,,,,,,,,,,,,,,,,,,,,,,,,,,,,,,,,
50,16,11,36,S3,False,1,3,4,0,0,0,0,0,0,[],0.0,S55,1.62,1,3,4,0.0,,-0.776711,-13.710662,-14.487373,False,False,6,S31,True,0,0.2154,do_nothing,,,,,,,,,,,,,,,,,,,,,,,,,,,,,,,,,,,,,,,,,,,,,,,,,,,,
50,16,11,37,S55,False,1,3,4,0,0,0,0,0,0,[],0.0,S3,1.62,1,3,4,0.0,,-1.108901,-13.645724,-14.754625,False,False,6,S31,True,0,0.2094,do_nothing,,,,,,,,,,,,,,,,,,,,,,,,,,,,,,,,,,,,,,,,,,,,,,,,,,,,
50,16,11,39,S3,False,1,3,4,0,0,0,0,0,0,[],0.0,S55,1.62,1,3,4,0.0,,-1.138546,-13.435188,-14.573734,False,False,6,S31,True,0,0.2109,do_nothing,,,,,,,,,,,,,,,,,,,,,,,,,,,,,,,,,,,,,,,,,,,,,,,,,,,,
50,16,11,41,S55,False,1,3,4,0,0,0,0,0,0,[],0.0,S3,1.62,1,3,4,0.0,,-0.784937,-13.546496,-14.331433,False,False,6,S29,True,0,0.2219,do_nothing,,,,,,,,,,,,,,,,,,,,,,,,,,,,,,,,,,,,,,,,,,,,,,,,,,,,
50,16,11,42,S3,False,1,3,4,0,0,0,0,0,0,[],0.0,S55,1.62,1,3,4,0.0,,-1.367316,-13.548517,-14.915833,False,False,6,S31,True,0,0.221,do_nothing,,,,,,,,,,,,,,,,,,,,,,,,,,,,,,,,,,,,,,,,,,,,,,,,,,,,
50,16,11,44,S55,False,1,3,4,0,12,0,0,0,0,"['B528', 'B481', 'B723', 'B265', 'B448', 'B764', 'B68', 'B372', 'B286', 'B681', 'B83', 'B9']",6.0,S29,2.12,13,3,16,0.0,,-1.20479,-13.506178,-14.710969,False,False,6,S29,False,4,0.2152,pickup,,,,,,,,,,,,,,,,,,,,,,,,,,,,,,,,,,,,,,,,,,,,,,,,,,,,
50,16,11,52,S29,False,13,3,16,13,0,0,0,0,0,"['B97', 'B528', 'B481', 'B723', 'B265', 'B448', 'B764', 'B68', 'B372', 'B286', 'B681', 'B83', 'B9']",6.5,S3,3.51,0,3,3,0.0,,-1.500241,-13.621942,-15.122182,False,False,4,S3,False,2,0.1514,delivery,,,,,,,,,,,,,,,,,,,,,,,,,,,,,,,,,,,,,,,,,,,,,,,,,,,,
50,16,12,2,S3,False,0,3,3,0,0,0,0,0,0,[],0.0,S16,4.31,0,3,3,0.0,,-0.944801,-13.522087,-14.466888,False,False,6,S16,False,0,0.2506,do_nothing,,,,,,,,,,,,,,,,,,,,,,,,,,,,,,,,,,,,,,,,,,,,,,,,,,,,
50,16,12,6,S16,False,0,3,3,0,10,0,0,0,0,"['B233', 'B223', 'B59', 'B187', 'B581', 'B315', 'B502', 'B615', 'B509', 'B309']",5.0,S44,0.23,10,3,13,0.0,,-1.529173,-13.52373,-15.052903,False,False,6,S44,False,4,0.2688,pickup,,,,,,,,,,,,,,,,,,,,,,,,,,,,,,,,,,,,,,,,,,,,,,,,,,,,
50,16,12,11,S44,False,10,3,13,0,7,0,0,0,0,"['B218', 'B593', 'B604', 'B119', 'B684', 'B621', 'B493']",3.5,S27,4.5,17,3,20,0.0,,-0.782244,-13.297814,-14.080058,True,False,6,S27,False,4,0.2789,pickup,,,,,,,,,,,,,,,,,,,,,,,,,,,,,,,,,,,,,,,,,,,,,,,,,,,,
50,16,12,19,S27,False,17,3,20,13,0,0,0,0,0,"['B233', 'B223', 'B59', 'B187', 'B581', 'B315', 'B502', 'B615', 'B509', 'B309', 'B218', 'B593', 'B604']",6.5,S6,7.57,4,3,7,0.0,,-0.879345,-13.228478,-14.107823,True,False,12,S6,True,8,0.5741,delivery,,,,,,,,,,,,,,,,,,,,,,,,,,,,,,,,,,,,,,,,,,,,,,,,,,,,
50,16,12,34,S6,False,4,3,7,4,0,0,1,0,0,"['B348', 'B119', 'B684', 'B621', 'B493']",2.5,S38,11.75,0,4,4,0.0,,-1.530281,-13.519588,-15.049869,True,True,8,S38,False,6,0.4239,delivery+depot_removal,,,,,,,,,,,,,,,,,,,,,,,,,,,,,,,,,,,,,,,,,,,,,,,,,,,,
50,16,12,48,S38,False,0,4,4,0,11,1,0,0,0,"['B427', 'B715', 'B377', 'B103', 'B660', 'B137', 'B391', 'B661', 'B248', 'B533', 'B311']",8.5,S37,1.93,11,4,15,0.0,,-1.236417,-13.418629,-14.655046,True,True,12,S37,False,10,0.4291,pickup+onsite,,,,,,,,,,,,,,,,,,,,,,,,,,,,,,,,,,,,,,,,,,,,,,,,,,,,
50,16,12,58,S37,False,11,4,15,11,0,0,0,0,0,"['B427', 'B715', 'B377', 'B103', 'B660', 'B137', 'B391', 'B661', 'B248', 'B533', 'B311']",5.5,S18,1.43,0,4,4,0.0,,-1.263182,-13.287718,-14.5509,False,False,4,S18,False,2,0.155,delivery,,,,,,,,,,,,,,,,,,,,,,,,,,,,,,,,,,,,,,,,,,,,,,,,,,,,
50,16,13,5,S18,False,0,4,4,0,9,0,0,0,0,"['B519', 'B478', 'B13', 'B457', 'B273', 'B640', 'B197', 'B148', 'B101']",4.5,S64,0.52,9,4,13,0.0,,-1.270365,-13.204963,-14.475327,False,False,6,S62,True,4,0.2365,pickup,,,,,,,,,,,,,,,,,,,,,,,,,,,,,,,,,,,,,,,,,,,,,,,,,,,,
50,16,13,10,S64,False,9,4,13,0,0,0,0,0,0,[],0.0,S35,8.94,9,4,13,0.0,,-1.816088,-13.542433,-15.35852,False,False,6,S35,True,0,0.2089,do_nothing,,,,,,,,,,,,,,,,,,,,,,,,,,,,,,,,,,,,,,,,,,,,,,,,,,,,
50,16,13,19,S35,False,9,4,13,9,0,0,0,0,0,"['B519', 'B478', 'B13', 'B457', 'B273', 'B640', 'B197', 'B148', 'B101']",4.5,S62,5.61,0,4,4,0.0,,-1.203292,-13.21147,-14.414762,False,False,4,S62,False,2,0.1841,delivery,,,,,,,,,,,,,,,,,,,,,,,,,,,,,,,,,,,,,,,,,,,,,,,,,,,,
50,16,13,29,S62,False,0,4,4,0,0,0,0,0,0,[],0.0,S40,0.73,0,4,4,0.0,,-1.793704,-13.165835,-14.959538,False,False,6,S40,False,0,0.2558,do_nothing,,,,,,,,,,,,,,,,,,,,,,,,,,,,,,,,,,,,,,,,,,,,,,,,,,,,
50,16,13,30,S40,False,0,4,4,0,10,0,1,0,0,"['B698', 'B402', 'B75', 'B664', 'B133', 'B113', 'B263', 'B67', 'B45', 'B317', 'B731']",5.5,S62,0.73,10,5,15,0.0,,-1.824923,-13.420238,-15.245161,True,True,12,S62,False,10,0.4261,pickup+depot_removal,,,,,,,,,,,,,,,,,,,,,,,,,,,,,,,,,,,,,,,,,,,,,,,,,,,,
50,16,13,36,S62,False,10,5,15,0,5,0,0,0,0,"['B476', 'B441', 'B572', 'B582', 'B231']",2.5,S44,2.2,15,5,20,0.0,,-1.655758,-13.452874,-15.108632,False,False,4,S44,False,2,0.1831,pickup,,,,,,,,,,,,,,,,,,,,,,,,,,,,,,,,,,,,,,,,,,,,,,,,,,,,
50,16,13,41,S44,False,15,5,20,10,0,0,1,0,0,"['B459', 'B698', 'B402', 'B75', 'B664', 'B133', 'B113', 'B263', 'B67', 'B45', 'B317']",5.5,S36,3.62,5,6,11,0.0,,-1.144081,-13.052227,-14.196308,True,True,10,S36,False,4,0.3636,delivery+depot_removal,,,,,,,,,,,,,,,,,,,,,,,,,,,,,,,,,,,,,,,,,,,,,,,,,,,,
50,16,13,50,S36,False,5,6,11,5,0,0,0,0,0,"['B476', 'B441', 'B572', 'B582', 'B231']",2.5,S60,7.61,0,6,6,0.0,,-1.534834,-13.237988,-14.772822,False,False,4,S60,False,2,0.1387,delivery,,,,,,,,,,,,,,,,,,,,,,,,,,,,,,,,,,,,,,,,,,,,,,,,,,,,
50,16,14,0,S60,False,0,6,6,0,14,0,0,0,0,"['B435', 'B726', 'B6', 'B678', 'B553', 'B762', 'B327', 'B250', 'B412', 'B105', 'B579', 'B324', 'B247', 'B719']",7.0,S15,4.42,14,6,20,0.0,,-1.00981,-13.160918,-14.170728,False,False,6,S15,True,2,0.2626,pickup,,,,,,,,,,,,,,,,,,,,,,,,,,,,,,,,,,,,,,,,,,,,,,,,,,,,
50,16,14,12,S15,False,14,6,20,14,0,0,0,0,0,"['B435', 'B726', 'B6', 'B678', 'B553', 'B762', 'B327', 'B250', 'B412', 'B105', 'B579', 'B324', 'B247', 'B719']",7.0,S41,4.47,0,6,6,0.0,,-0.849522,-13.020808,-13.87033,False,False,4,S41,False,2,0.1985,delivery,,,,,,,,,,,,,,,,,,,,,,,,,,,,,,,,,,,,,,,,,,,,,,,,,,,,
50,16,14,23,S41,False,0,6,6,0,14,2,0,0,0,"['B641', 'B411', 'B392', 'B675', 'B297', 'B46', 'B259', 'B589', 'B39', 'B643', 'B195', 'B388', 'B695', 'B686']",13.0,S39,3.32,14,6,20,0.0,,-0.872343,-13.156609,-14.028952,True,True,18,S39,False,16,0.6626,pickup+onsite,,,,,,,,,,,,,,,,,,,,,,,,,,,,,,,,,,,,,,,,,,,,,,,,,,,,
50,16,14,39,S39,False,14,6,20,0,0,0,0,0,0,[],0.0,S29,9.53,14,6,20,0.0,,-1.143555,-12.986895,-14.130451,False,False,4,S29,False,0,0.1393,do_nothing,,,,,,,,,,,,,,,,,,,,,,,,,,,,,,,,,,,,,,,,,,,,,,,,,,,,
50,16,14,49,S29,False,14,6,20,14,0,0,0,0,0,"['B641', 'B411', 'B392', 'B675', 'B297', 'B46', 'B259', 'B589', 'B39', 'B643', 'B195', 'B388', 'B695', 'B686']",7.0,S65,8.87,0,6,6,0.0,,-0.950322,-12.889428,-13.83975,False,False,4,S65,False,2,0.2197,delivery,,,,,,,,,,,,,,,,,,,,,,,,,,,,,,,,,,,,,,,,,,,,,,,,,,,,
50,16,15,5,S65,False,0,6,6,0,14,0,0,0,0,"['B663', 'B691', 'B302', 'B567', 'B63', 'B397', 'B110', 'B424', 'B469', 'B335', 'B705', 'B515', 'B95', 'B583']",7.0,S39,5.08,14,6,20,0.0,,-0.884994,-12.99,-13.874994,False,False,6,S63,True,2,0.2149,pickup,,,,,,,,,,,,,,,,,,,,,,,,,,,,,,,,,,,,,,,,,,,,,,,,,,,,
50,16,15,17,S39,False,14,6,20,0,0,0,0,0,0,[],0.0,S38,1.78,14,6,20,0.0,,-1.339269,-13.299653,-14.638923,False,False,4,S38,False,0,0.1715,do_nothing,,,,,,,,,,,,,,,,,,,,,,,,,,,,,,,,,,,,,,,,,,,,,,,,,,,,
50,16,15,19,S38,False,14,6,20,14,0,0,0,0,0,"['B663', 'B691', 'B302', 'B567', 'B63', 'B397', 'B110', 'B424', 'B469', 'B335', 'B705', 'B515', 'B95', 'B583']",7.0,S63,3.49,0,6,6,0.0,,-1.762464,-13.135913,-14.898378,False,False,6,S39,True,4,0.2333,delivery,,,,,,,,,,,,,,,,,,,,,,,,,,,,,,,,,,,,,,,,,,,,,,,,,,,,
50,16,15,29,S63,False,0,6,6,0,13,0,1,0,0,"['B152', 'B316', 'B320', 'B42', 'B307', 'B184', 'B276', 'B697', 'B476', 'B287', 'B754', 'B96', 'B163', 'B214']",7.0,S55,3.64,13,7,20,0.0,,-2.320197,-13.090001,-15.410198,True,True,10,S55,False,8,0.4206,pickup+depot_removal,,,,,,,,,,,,,,,,,,,,,,,,,,,,,,,,,,,,,,,,,,,,,,,,,,,,
50,16,15,40,S55,False,13,7,20,13,0,0,0,0,0,"['B152', 'B316', 'B320', 'B42', 'B307', 'B184', 'B276', 'B697', 'B476', 'B287', 'B754', 'B96', 'B163']",6.5,S41,7.46,0,7,7,0.0,,-1.206788,-13.024403,-14.231191,False,False,4,S41,False,2,0.1488,delivery,,,,,,,,,,,,,,,,,,,,,,,,,,,,,,,,,,,,,,,,,,,,,,,,,,,,
50,16,15,54,S41,False,0,7,7,0,0,0,1,0,0,['B362'],0.5,S31,1.27,0,8,8,0.0,,-2.253446,-12.99645,-15.249896,True,True,6,S39,True,2,0.2546,do_nothing+depot_removal,,,,,,,,,,,,,,,,,,,,,,,,,,,,,,,,,,,,,,,,,,,,,,,,,,,,
50,16,15,55,S31,False,0,8,8,0,12,0,0,0,0,"['B145', 'B265', 'B465', 'B154', 'B162', 'B52', 'B34', 'B169', 'B83', 'B28', 'B532', 'B478']",6.0,S39,3.72,12,8,20,0.0,,-1.336848,-12.970202,-14.307051,True,False,10,S41,True,4,0.3449,pickup,,,,,,,,,,,,,,,,,,,,,,,,,,,,,,,,,,,,,,,,,,,,,,,,,,,,
50,16,16,5,S39,False,12,8,20,0,0,0,0,0,0,[],0.0,S26,9.74,12,8,20,0.0,,-2.453458,-12.976146,-15.429604,False,False,6,S26,True,0,0.2111,do_nothing,,,,,,,,,,,,,,,,,,,,,,,,,,,,,,,,,,,,,,,,,,,,,,,,,,,,
50,16,16,15,S26,False,12,8,20,12,0,0,0,0,0,"['B145', 'B265', 'B465', 'B154', 'B162', 'B52', 'B34', 'B169', 'B83', 'B28', 'B532', 'B478']",6.0,S41,6.65,0,8,8,0.0,,-1.698481,-13.007913,-14.706394,False,False,4,S27,True,2,0.155,delivery,,,,,,,,,,,,,,,,,,,,,,,,,,,,,,,,,,,,,,,,,,,,,,,,,,,,
50,16,16,28,S41,False,0,8,8,0,12,0,0,0,0,"['B410', 'B114', 'B619', 'B626', 'B594', 'B331', 'B539', 'B679', 'B585', 'B291', 'B231', 'B628']",6.0,S27,3.14,12,8,20,0.0,,-1.50414,-12.877989,-14.382128,False,False,4,S27,False,2,0.189,pickup,,,,,,,,,,,,,,,,,,,,,,,,,,,,,,,,,,,,,,,,,,,,,,,,,,,,
50,16,16,37,S27,False,12,8,20,12,0,1,0,0,0,"['B410', 'B114', 'B619', 'B626', 'B594', 'B331', 'B539', 'B679', 'B585', 'B291', 'B231', 'B628']",9.0,S43,5.27,0,8,8,0.0,,-1.112534,-13.222458,-14.334992,True,True,8,S43,False,6,0.2896,delivery+onsite,,,,,,,,,,,,,,,,,,,,,,,,,,,,,,,,,,,,,,,,,,,,,,,,,,,,
50,16,16,51,S43,False,0,8,8,0,0,0,1,0,0,['B520'],0.5,S16,0.58,0,9,9,0.0,,-1.534939,-13.353308,-14.888246,True,True,6,S2,True,2,0.2901,do_nothing+depot_removal,,,,,,,,,,,,,,,,,,,,,,,,,,,,,,,,,,,,,,,,,,,,,,,,,,,,
50,16,16,52,S16,False,0,9,9,0,9,0,0,0,0,"['B298', 'B129', 'B688', 'B495', 'B23', 'B209', 'B425', 'B197', 'B547']",4.5,S2,8.02,9,9,18,0.0,,-0.951073,-13.14478,-14.095853,True,False,12,S43,True,8,0.3985,pickup,,,,,,,,,,,,,,,,,,,,,,,,,,,,,,,,,,,,,,,,,,,,,,,,,,,,
50,16,17,5,S2,False,9,9,18,0,0,0,0,0,0,[],0.0,S25,6.03,9,9,18,0.0,,-1.173243,-13.292811,-14.466054,False,False,6,S25,True,0,0.2441,do_nothing,,,,,,,,,,,,,,,,,,,,,,,,,,,,,,,,,,,,,,,,,,,,,,,,,,,,
50,16,17,11,S25,False,9,9,18,9,0,1,0,0,0,"['B298', 'B129', 'B688', 'B495', 'B23', 'B209', 'B425', 'B197', 'B547']",7.5,S23,6.28,0,9,9,0.0,,-0.94651,-13.124512,-14.071022,True,True,8,S17,True,6,0.3586,delivery+onsite,,,,,,,,,,,,,,,,,,,,,,,,,,,,,,,,,,,,,,,,,,,,,,,,,,,,
50,16,17,24,S23,False,0,9,9,0,7,1,0,0,0,"['B35', 'B700', 'B65', 'B491', 'B117', 'B725', 'B262']",6.5,S51,11.83,7,9,16,0.0,,-0.653315,-13.122876,-13.776191,True,True,12,S51,False,6,0.3971,pickup+onsite,,,,,,,,,,,,,,,,,,,,,,,,,,,,,,,,,,,,,,,,,,,,,,,,,,,,
50,16,17,43,S51,False,7,9,16,7,0,0,0,0,0,"['B35', 'B700', 'B65', 'B491', 'B117', 'B725', 'B262']",3.5,S62,5.81,0,9,9,0.0,,-0.521593,-13.062884,-13.584478,False,False,4,S62,False,2,0.1882,delivery,,,,,,,,,,,,,,,,,,,,,,,,,,,,,,,,,,,,,,,,,,,,,,,,,,,,
50,16,17,52,S62,False,0,9,9,0,11,1,0,0,0,"['B322', 'B138', 'B614', 'B561', 'B148', 'B120', 'B194', 'B131', 'B385', 'B638', 'B550']",8.5,S35,5.61,11,9,20,0.0,,-0.947093,-13.057356,-14.004449,True,True,12,S3,True,10,0.4105,pickup+onsite,,,,,,,,,,,,,,,,,,,,,,,,,,,,,,,,,,,,,,,,,,,,,,,,,,,,
50,16,18,6,S35,False,11,9,20,11,0,0,0,0,0,"['B322', 'B138', 'B614', 'B561', 'B148', 'B120', 'B194', 'B131', 'B385', 'B638', 'B550']",5.5,S58,8.51,0,9,9,0.0,,-0.687283,-12.934295,-13.621578,False,False,6,S1,True,4,0.2572,delivery,,,,,,,,,,,,,,,,,,,,,,,,,,,,,,,,,,,,,,,,,,,,,,,,,,,,
50,16,18,20,S58,False,0,9,9,0,11,0,0,0,0,"['B149', 'B15', 'B294', 'B32', 'B460', 'B220', 'B66', 'B548', 'B475', 'B160', 'B685']",5.5,S49,2.86,11,9,20,0.0,,-0.588472,-12.994415,-13.582887,True,False,6,S44,True,4,0.2224,pickup,,,,,,,,,,,,,,,,,,,,,,,,,,,,,,,,,,,,,,,,,,,,,,,,,,,,
50,16,18,29,S49,False,11,9,20,11,0,0,1,0,0,"['B761', 'B149', 'B15', 'B294', 'B32', 'B460', 'B220', 'B66', 'B548', 'B475', 'B160', 'B685']",6.0,S31,2.89,0,10,10,0.0,,-0.585671,-12.872584,-13.458255,True,True,6,S31,False,4,0.2805,delivery+depot_removal,,,,,,,,,,,,,,,,,,,,,,,,,,,,,,,,,,,,,,,,,,,,,,,,,,,,
50,16,18,37,S31,False,0,10,10,0,10,0,0,0,0,"['B182', 'B45', 'B508', 'B427', 'B453', 'B513', 'B128', 'B176', 'B449', 'B284']",5.0,S39,3.72,10,10,20,0.0,,-0.394991,-12.64361,-13.038601,True,False,12,S41,True,8,0.4114,pickup,,,,,,,,,,,,,,,,,,,,,,,,,,,,,,,,,,,,,,,,,,,,,,,,,,,,
50,16,18,46,S39,False,10,10,20,10,0,0,0,0,0,"['B182', 'B45', 'B508', 'B427', 'B453', 'B513', 'B128', 'B176', 'B449', 'B284']",5.0,S41,3.32,0,10,10,0.0,,-0.260909,-12.565553,-12.826462,False,False,4,S20,True,2,0.152,delivery,,,,,,,,,,,,,,,,,,,,,,,,,,,,,,,,,,,,,,,,,,,,,,,,,,,,
50,16,18,54,S41,False,0,10,10,0,10,0,0,0,0,"['B263', 'B629', 'B693', 'B186', 'B500', 'B69', 'B750', 'B174', 'B367', 'B536']",5.0,S20,6.82,10,10,20,0.0,,-0.424192,-12.557588,-12.981781,False,False,4,S62,True,2,0.2004,pickup,,,,,,,,,,,,,,,,,,,,,,,,,,,,,,,,,,,,,,,,,,,,,,,,,,,,
50,16,19,6,S20,False,10,10,20,9,0,0,2,0,0,"['B537', 'B506', 'B263', 'B629', 'B693', 'B186', 'B500', 'B69', 'B750', 'B174', 'B367']",5.5,S5,2.84,1,12,13,0.0,,-0.325005,-12.580182,-12.905187,True,True,14,S5,False,6,0.4854,delivery+depot_removal,,,,,,,,,,,,,,,,,,,,,,,,,,,,,,,,,,,,,,,,,,,,,,,,,,,,
50,16,19,15,S5,False,1,12,13,1,0,0,0,0,0,['B536'],0.5,S62,11.75,0,12,12,0.0,,-0.194929,-12.686495,-12.881424,False,False,4,S62,False,2,0.1453,delivery,,,,,,,,,,,,,,,,,,,,,,,,,,,,,,,,,,,,,,,,,,,,,,,,,,,,
50,16,19,27,S62,False,0,12,12,0,8,0,0,0,0,"['B248', 'B697', 'B740', 'B551', 'B438', 'B227', 'B67', 'B637']",4.0,S37,2.6,8,12,20,0.0,,-0.197651,-12.584484,-12.782136,True,False,6,S46,True,4,0.2024,pickup,,,,,,,,,,,,,,,,,,,,,,,,,,,,,,,,,,,,,,,,,,,,,,,,,,,,
50,16,19,33,S37,False,8,12,20,0,0,0,0,0,0,[],0.0,S4,0.75,8,12,20,0.0,,-0.325675,-12.697629,-13.023304,False,False,4,S4,False,0,0.1379,do_nothing,,,,,,,,,,,,,,,,,,,,,,,,,,,,,,,,,,,,,,,,,,,,,,,,,,,,
50,16,19,34,S4,False,8,12,20,8,0,0,0,0,0,"['B248', 'B697', 'B740', 'B551', 'B438', 'B227', 'B67', 'B637']",4.0,S46,3.35,0,12,12,0.0,,-0.228788,-12.757542,-12.986331,False,False,4,S46,False,2,0.1375,delivery,,,,,,,,,,,,,,,,,,,,,,,,,,,,,,,,,,,,,,,,,,,,,,,,,,,,
50,16,19,42,S46,False,0,12,12,0,0,0,0,0,0,[],0.0,S32,2.16,0,12,12,0.0,,-0.292214,-12.719855,-13.01207,False,False,3,S32,False,0,0.1094,do_nothing,,,,,,,,,,,,,,,,,,,,,,,,,,,,,,,,,,,,,,,,,,,,,,,,,,,,
50,16,19,44,S32,False,0,12,12,0,0,0,0,0,0,[],0.0,S3,0.99,0,12,12,0.0,,-0.360534,-12.68967,-13.050204,False,False,3,D0,True,0,0.1095,do_nothing,,,,,,,,,,,,,,,,,,,,,,,,,,,,,,,,,,,,,,,,,,,,,,,,,,,,
50,16,19,45,S3,False,0,12,12,0,0,0,0,0,0,[],0.0,S32,0.99,0,12,12,0.0,,-0.489119,-12.798763,-13.287882,False,False,3,S32,False,0,0.1093,do_nothing,,,,,,,,,,,,,,,,,,,,,,,,,,,,,,,,,,,,,,,,,,,,,,,,,,,,
50,16,19,46,S32,False,0,12,12,0,8,0,0,0,0,"['B659', 'B276', 'B30', 'B662', 'B303', 'B361', 'B245', 'B400']",4.0,D0,2.55,8,12,20,0.0,,-0.389427,-12.961141,-13.350568,False,False,2,D0,False,1,0.0855,pickup,,,,,,,,,,,,,,,,,,,,,,,,,,,,,,,,,,,,,,,,,,,,,,,,,,,,
50,16,19,52,D0,True,8,12,20,0,0,0,0,12,12,"['B349', 'B753', 'B729', 'B706', 'B358', 'B301', 'B592', 'B471', 'B306', 'B477', 'B732', 'B280', 'B395', 'B676', 'B736', 'B348', 'B731', 'B459', 'B214', 'B362', 'B520', 'B761', 'B537', 'B506']",12.0,D0,0.0,20,0,20,0.0,,-0.196152,-12.824675,-13.020827,True,True,1,D0,False,0,0.0508,do_nothing,,,,,,,,,,,,,,,,,,,,,,,,,,,,,,,,,,,,,,,,,,,,,,,,,,,,
50,17,6,4,D0,True,20,0,20,0,0,0,0,0,0,[],0.0,S66,1.4,20,0,20,0.0,,-3.881338,-14.07868,-17.960018,True,True,1,S66,False,0,0.0508,depot_passthrough,,,,,,,,,,,,,,,,,,,,,,,,,,,,,,,,,,,,,,,,,,,,,,,,,,,,
50,17,6,21,S66,False,20,0,20,20,0,0,0,0,0,"['B659', 'B276', 'B30', 'B662', 'B303', 'B361', 'B245', 'B400', 'B349', 'B753', 'B729', 'B706', 'B358', 'B301', 'B592', 'B471', 'B306', 'B477', 'B732', 'B280']",10.0,S60,1.23,0,0,0,0.0,,-3.436283,-13.936585,-17.372868,False,False,6,S65,True,4,0.2246,delivery,,,,,,,,,,,,,,,,,,,,,,,,,,,,,,,,,,,,,,,,,,,,,,,,,,,,
50,17,6,32,S60,False,0,0,0,0,18,0,0,0,0,"['B21', 'B86', 'B354', 'B304', 'B672', 'B257', 'B73', 'B183', 'B140', 'B492', 'B573', 'B458', 'B616', 'B177', 'B605', 'B261', 'B389', 'B450']",9.0,S65,3.09,18,0,18,0.0,,-2.389465,-13.572731,-15.962197,False,False,6,S65,False,4,0.2001,pickup,,,,,,,,,,,,,,,,,,,,,,,,,,,,,,,,,,,,,,,,,,,,,,,,,,,,
50,17,6,44,S65,False,18,0,18,18,0,0,0,0,0,"['B21', 'B86', 'B354', 'B304', 'B672', 'B257', 'B73', 'B183', 'B140', 'B492', 'B573', 'B458', 'B616', 'B177', 'B605', 'B261', 'B389', 'B450']",9.0,S46,8.22,0,0,0,0.0,,-1.475583,-13.479407,-14.95499,False,False,4,S46,False,2,0.1518,delivery,,,,,,,,,,,,,,,,,,,,,,,,,,,,,,,,,,,,,,,,,,,,,,,,,,,,
50,17,7,1,S46,False,0,0,0,0,15,0,0,0,0,"['B698', 'B480', 'B29', 'B191', 'B455', 'B307', 'B484', 'B181', 'B431', 'B175', 'B494', 'B440', 'B162', 'B449', 'B566']",7.5,S3,3.03,15,0,15,0.0,,-1.238498,-13.521993,-14.760491,False,False,6,S3,True,2,0.207,pickup,,,,,,,,,,,,,,,,,,,,,,,,,,,,,,,,,,,,,,,,,,,,,,,,,,,,
50,17,7,12,S3,False,15,0,15,0,5,0,0,0,0,"['B277', 'B144', 'B207', 'B517', 'B445']",2.5,S12,6.18,20,0,20,0.0,,-0.787297,-13.306727,-14.094024,False,False,4,S12,False,2,0.1508,pickup,,,,,,,,,,,,,,,,,,,,,,,,,,,,,,,,,,,,,,,,,,,,,,,,,,,,
50,17,7,20,S12,False,20,0,20,15,0,0,0,0,0,"['B698', 'B480', 'B29', 'B191', 'B455', 'B307', 'B484', 'B181', 'B431', 'B175', 'B494', 'B440', 'B162', 'B449', 'B566']",7.5,S51,2.02,5,0,5,0.0,,-0.785404,-13.126958,-13.912362,False,False,6,S51,False,4,0.2773,delivery,,,,,,,,,,,,,,,,,,,,,,,,,,,,,,,,,,,,,,,,,,,,,,,,,,,,
50,17,7,30,S51,False,5,0,5,5,0,1,0,0,0,"['B277', 'B144', 'B207', 'B517', 'B445']",5.5,S52,4.66,0,0,0,0.0,,-1.239468,-13.25047,-14.489938,True,True,8,S52,False,6,0.2915,delivery+onsite,,,,,,,,,,,,,,,,,,,,,,,,,,,,,,,,,,,,,,,,,,,,,,,,,,,,
50,17,7,40,S52,False,0,0,0,0,12,0,0,0,0,"['B735', 'B353', 'B754', 'B745', 'B511', 'B661', 'B248', 'B697', 'B95', 'B10', 'B199', 'B456']",6.0,S33,0.73,12,0,12,0.0,,-0.491036,-13.173673,-13.664709,False,False,6,S33,False,4,0.2189,pickup,,,,,,,,,,,,,,,,,,,,,,,,,,,,,,,,,,,,,,,,,,,,,,,,,,,,
50,17,7,47,S33,False,12,0,12,0,8,0,0,0,0,"['B437', 'B240', 'B101', 'B143', 'B549', 'B673', 'B145', 'B414']",4.0,S66,3.23,20,0,20,0.0,,-0.359219,-13.276986,-13.636205,False,False,4,S66,False,2,0.1493,pickup,,,,,,,,,,,,,,,,,,,,,,,,,,,,,,,,,,,,,,,,,,,,,,,,,,,,
50,17,7,54,S66,False,20,0,20,16,0,0,0,0,0,"['B735', 'B353', 'B754', 'B745', 'B511', 'B661', 'B248', 'B697', 'B95', 'B10', 'B199', 'B456', 'B437', 'B240', 'B101', 'B143']",8.0,S18,2.06,4,0,4,0.0,,-0.716744,-13.415976,-14.132719,False,False,6,S22,True,2,0.2353,delivery,,,,,,,,,,,,,,,,,,,,,,,,,,,,,,,,,,,,,,,,,,,,,,,,,,,,
50,17,8,4,S18,False,4,0,4,0,10,0,0,0,0,"['B217', 'B77', 'B356', 'B325', 'B25', 'B730', 'B580', 'B187', 'B531', 'B315']",5.0,S37,1.43,14,0,14,0.0,,-0.421961,-13.315825,-13.737786,False,False,6,S37,False,4,0.2856,pickup,,,,,,,,,,,,,,,,,,,,,,,,,,,,,,,,,,,,,,,,,,,,,,,,,,,,
50,17,8,11,S37,False,14,0,14,0,0,1,1,0,0,['B571'],3.5,S11,10.46,14,1,15,0.0,,-0.746164,-13.461698,-14.207862,True,True,12,S26,True,6,0.5094,do_nothing+maintenance,,,,,,,,,,,,,,,,,,,,,,,,,,,,,,,,,,,,,,,,,,,,,,,,,,,,
50,17,8,25,S11,False,14,1,15,0,0,1,0,0,0,[],3.0,S37,10.46,14,1,15,0.0,,-0.648438,-13.56701,-14.215448,True,True,8,S26,True,2,0.2959,do_nothing+onsite,,,,,,,,,,,,,,,,,,,,,,,,,,,,,,,,,,,,,,,,,,,,,,,,,,,,
50,17,8,38,S37,False,14,1,15,0,5,0,0,0,0,"['B125', 'B427', 'B141', 'B719', 'B36']",2.5,S51,4.67,19,1,20,0.0,,-0.618774,-13.486079,-14.104852,False,False,4,S51,False,2,0.1447,pickup,,,,,,,,,,,,,,,,,,,,,,,,,,,,,,,,,,,,,,,,,,,,,,,,,,,,
50,17,8,45,S51,False,19,1,20,14,0,0,0,0,0,"['B549', 'B673', 'B145', 'B414', 'B217', 'B77', 'B356', 'B325', 'B25', 'B730', 'B580', 'B187', 'B531', 'B315']",7.0,S37,4.67,5,1,6,0.0,,-0.713941,-13.420602,-14.134543,False,False,6,S37,True,4,0.217,delivery,,,,,,,,,,,,,,,,,,,,,,,,,,,,,,,,,,,,,,,,,,,,,,,,,,,,
50,17,8,57,S37,False,5,1,6,0,14,0,0,0,0,"['B173', 'B469', 'B215', 'B130', 'B160', 'B302', 'B96', 'B544', 'B289', 'B213', 'B328', 'B390', 'B750', 'B615']",7.0,S26,7.79,19,1,20,0.0,,-0.683379,-13.256365,-13.939745,False,False,4,S26,False,2,0.1583,pickup,,,,,,,,,,,,,,,,,,,,,,,,,,,,,,,,,,,,,,,,,,,,,,,,,,,,
50,17,9,12,S26,False,19,1,20,19,0,0,0,0,0,"['B125', 'B427', 'B141', 'B719', 'B36', 'B173', 'B469', 'B215', 'B130', 'B160', 'B302', 'B96', 'B544', 'B289', 'B213', 'B328', 'B390', 'B750', 'B615']",9.5,S33,6.45,0,1,1,0.0,,-0.655884,-13.369161,-14.025045,False,False,6,S24,True,4,0.2348,delivery,,,,,,,,,,,,,,,,,,,,,,,,,,,,,,,,,,,,,,,,,,,,,,,,,,,,
50,17,9,28,S33,False,0,1,1,0,0,0,0,0,0,[],0.0,S32,3.27,0,1,1,0.0,,-1.009876,-13.517981,-14.527857,False,False,6,S32,False,0,0.288,do_nothing,,,,,,,,,,,,,,,,,,,,,,,,,,,,,,,,,,,,,,,,,,,,,,,,,,,,
50,17,9,31,S32,False,0,1,1,0,14,0,0,0,0,"['B423', 'B64', 'B247', 'B385', 'B717', 'B508', 'B432', 'B489', 'B588', 'B273', 'B693', 'B690', 'B127', 'B737']",7.0,S62,3.53,14,1,15,0.0,,-0.654723,-13.697165,-14.351888,False,False,6,S33,True,2,0.275,pickup,,,,,,,,,,,,,,,,,,,,,,,,,,,,,,,,,,,,,,,,,,,,,,,,,,,,
50,17,9,41,S62,False,14,1,15,0,0,0,1,0,0,['B457'],0.5,S15,2.79,14,2,16,0.0,,-0.748158,-13.657892,-14.40605,True,True,12,S33,True,2,0.4524,do_nothing+depot_removal,,,,,,,,,,,,,,,,,,,,,,,,,,,,,,,,,,,,,,,,,,,,,,,,,,,,
50,17,9,45,S15,False,14,2,16,14,0,0,0,0,0,"['B423', 'B64', 'B247', 'B385', 'B717', 'B508', 'B432', 'B489', 'B588', 'B273', 'B693', 'B690', 'B127', 'B737']",7.0,S33,3.7,0,2,2,0.0,,-0.781279,-13.731757,-14.513037,False,False,4,S33,False,2,0.2025,delivery,,,,,,,,,,,,,,,,,,,,,,,,,,,,,,,,,,,,,,,,,,,,,,,,,,,,
50,17,9,55,S33,False,0,2,2,0,16,0,0,0,0,"['B61', 'B561', 'B614', 'B499', 'B535', 'B279', 'B579', 'B170', 'B108', 'B343', 'B351', 'B2', 'B523', 'B270', 'B636', 'B698']",8.0,S62,0.92,16,2,18,0.0,,-0.976347,-13.762189,-14.738536,False,False,6,S55,True,2,0.2617,pickup,,,,,,,,,,,,,,,,,,,,,,,,,,,,,,,,,,,,,,,,,,,,,,,,,,,,
50,17,10,4,S62,False,16,2,18,10,0,0,0,0,0,"['B61', 'B561', 'B614', 'B499', 'B535', 'B279', 'B579', 'B170', 'B108', 'B343']",5.0,S31,2.98,6,2,8,0.0,,-0.850236,-13.647157,-14.497393,False,False,6,S31,False,2,0.3859,delivery,,,,,,,,,,,,,,,,,,,,,,,,,,,,,,,,,,,,,,,,,,,,,,,,,,,,
50,17,10,12,S31,False,6,2,8,6,0,0,1,0,0,"['B123', 'B351', 'B2', 'B523', 'B270', 'B636', 'B698']",3.5,S63,4.21,0,3,3,0.0,,-0.649013,-13.558606,-14.207619,True,True,16,S63,True,10,0.5827,delivery+depot_removal,,,,,,,,,,,,,,,,,,,,,,,,,,,,,,,,,,,,,,,,,,,,,,,,,,,,
50,17,10,20,S63,False,0,3,3,0,16,0,0,0,0,"['B44', 'B113', 'B522', 'B75', 'B426', 'B303', 'B128', 'B24', 'B644', 'B504', 'B27', 'B277', 'B296', 'B53', 'B519', 'B725']",8.0,S16,0.31,16,3,19,0.0,,-0.390019,-13.453125,-13.843144,False,False,6,S16,True,2,0.3323,pickup,,,,,,,,,,,,,,,,,,,,,,,,,,,,,,,,,,,,,,,,,,,,,,,,,,,,
50,17,10,28,S16,False,16,3,19,8,0,0,2,0,0,"['B556', 'B41', 'B44', 'B113', 'B522', 'B75', 'B426', 'B303', 'B128', 'B24']",5.0,S11,9.53,8,5,13,0.0,,-0.782059,-13.539551,-14.32161,True,True,16,S11,True,8,0.5787,delivery+depot_removal,,,,,,,,,,,,,,,,,,,,,,,,,,,,,,,,,,,,,,,,,,,,,,,,,,,,
50,17,10,43,S11,False,8,5,13,0,7,0,0,0,0,"['B490', 'B148', 'B57', 'B350', 'B507', 'B281', 'B513']",3.5,S24,9.97,15,5,20,0.0,,-0.38787,-13.768927,-14.156797,False,False,4,S24,False,2,0.1517,pickup,,,,,,,,,,,,,,,,,,,,,,,,,,,,,,,,,,,,,,,,,,,,,,,,,,,,
50,17,10,56,S24,False,15,5,20,15,0,0,0,0,0,"['B644', 'B504', 'B27', 'B277', 'B296', 'B53', 'B519', 'B725', 'B490', 'B148', 'B57', 'B350', 'B507', 'B281', 'B513']",7.5,S55,9.44,0,5,5,0.0,,-0.617384,-13.472438,-14.089822,False,False,6,S17,True,4,0.2593,delivery,,,,,,,,,,,,,,,,,,,,,,,,,,,,,,,,,,,,,,,,,,,,,,,,,,,,
50,17,11,13,S55,False,0,5,5,0,14,0,1,0,0,"['B50', 'B339', 'B230', 'B564', 'B19', 'B233', 'B748', 'B37', 'B447', 'B422', 'B345', 'B672', 'B252', 'B112', 'B397']",7.5,S29,2.12,14,6,20,0.0,,-0.390088,-13.676717,-14.066804,True,True,12,S29,False,10,0.4053,pickup+depot_removal,,,,,,,,,,,,,,,,,,,,,,,,,,,,,,,,,,,,,,,,,,,,,,,,,,,,
50,17,11,23,S29,False,14,6,20,11,0,0,0,0,0,"['B50', 'B339', 'B230', 'B564', 'B19', 'B233', 'B748', 'B37', 'B447', 'B422', 'B345']",5.5,S22,10.18,3,6,9,0.0,,-0.358542,-13.85289,-14.211433,False,False,6,S22,False,2,0.2062,delivery,,,,,,,,,,,,,,,,,,,,,,,,,,,,,,,,,,,,,,,,,,,,,,,,,,,,
50,17,11,38,S22,False,3,6,9,3,0,0,0,0,0,"['B672', 'B252', 'B112']",1.5,S39,5.77,0,6,6,0.0,,-0.42278,-13.385116,-13.807896,False,False,4,S39,False,2,0.1788,delivery,,,,,,,,,,,,,,,,,,,,,,,,,,,,,,,,,,,,,,,,,,,,,,,,,,,,
50,17,11,46,S39,False,0,6,6,0,14,1,0,0,0,"['B682', 'B380', 'B317', 'B620', 'B238', 'B424', 'B373', 'B711', 'B349', 'B473', 'B129', 'B99', 'B688', 'B206']",10.0,S22,5.77,14,6,20,0.0,,-0.646612,-13.541826,-14.188439,True,True,12,S22,True,6,0.451,pickup+onsite,,,,,,,,,,,,,,,,,,,,,,,,,,,,,,,,,,,,,,,,,,,,,,,,,,,,
50,17,12,2,S22,False,14,6,20,0,0,0,0,0,0,[],0.0,S17,8.16,14,6,20,0.0,,-0.847577,-13.539756,-14.387333,False,False,6,S17,True,0,0.2101,do_nothing,,,,,,,,,,,,,,,,,,,,,,,,,,,,,,,,,,,,,,,,,,,,,,,,,,,,
50,17,12,10,S17,False,14,6,20,14,0,0,0,0,0,"['B682', 'B380', 'B317', 'B620', 'B238', 'B424', 'B373', 'B711', 'B349', 'B473', 'B129', 'B99', 'B688', 'B206']",7.0,S62,7.52,0,6,6,0.0,,-1.461221,-13.592078,-15.053299,False,False,4,S34,True,2,0.1567,delivery,,,,,,,,,,,,,,,,,,,,,,,,,,,,,,,,,,,,,,,,,,,,,,,,,,,,
50,17,12,24,S62,False,0,6,6,0,12,0,0,0,0,"['B343', 'B642', 'B685', 'B541', 'B462', 'B433', 'B168', 'B691', 'B707', 'B306', 'B354', 'B207']",6.0,S34,2.8,12,6,18,0.0,,-1.464283,-13.65972,-15.124003,False,False,6,S37,True,4,0.2163,pickup,,,,,,,,,,,,,,,,,,,,,,,,,,,,,,,,,,,,,,,,,,,,,,,,,,,,
50,17,12,33,S34,False,12,6,18,0,0,0,0,0,0,[],0.0,S54,2.69,12,6,18,0.0,,-1.109079,-13.57523,-14.684309,False,False,4,S37,True,0,0.1916,do_nothing,,,,,,,,,,,,,,,,,,,,,,,,,,,,,,,,,,,,,,,,,,,,,,,,,,,,
50,17,12,36,S54,False,12,6,18,12,0,1,1,0,0,"['B650', 'B343', 'B642', 'B685', 'B541', 'B462', 'B433', 'B168', 'B691', 'B707', 'B306', 'B354', 'B207']",9.5,S37,4.98,0,7,7,0.0,,-0.913402,-13.379641,-14.293043,True,True,16,S37,False,14,0.5532,delivery+maintenance,,,,,,,,,,,,,,,,,,,,,,,,,,,,,,,,,,,,,,,,,,,,,,,,,,,,
50,17,12,50,S37,False,0,7,7,0,13,0,0,0,0,"['B77', 'B406', 'B325', 'B641', 'B764', 'B337', 'B221', 'B186', 'B11', 'B284', 'B91', 'B338', 'B69']",6.5,S34,5.37,13,7,20,0.0,,-0.881432,-13.21095,-14.092383,False,False,4,S34,False,2,0.1571,pickup,,,,,,,,,,,,,,,,,,,,,,,,,,,,,,,,,,,,,,,,,,,,,,,,,,,,
50,17,13,2,S34,False,13,7,20,0,0,0,0,0,0,[],0.0,S29,2.43,13,7,20,0.0,,-1.695296,-13.573481,-15.268777,False,False,6,S29,True,0,0.2051,do_nothing,,,,,,,,,,,,,,,,,,,,,,,,,,,,,,,,,,,,,,,,,,,,,,,,,,,,
50,17,13,4,S29,False,13,7,20,13,0,0,0,0,0,"['B77', 'B406', 'B325', 'B641', 'B764', 'B337', 'B221', 'B186', 'B11', 'B284', 'B91', 'B338', 'B69']",6.5,S10,0.66,0,7,7,0.0,,-1.590745,-13.467884,-15.05863,False,False,4,S10,False,2,0.1423,delivery,,,,,,,,,,,,,,,,,,,,,,,,,,,,,,,,,,,,,,,,,,,,,,,,,,,,
50,17,13,12,S10,False,0,7,7,0,0,0,0,0,0,[],0.0,S42,3.77,0,7,7,0.0,,-1.451943,-13.414019,-14.865961,False,False,4,S42,False,0,0.2057,do_nothing,,,,,,,,,,,,,,,,,,,,,,,,,,,,,,,,,,,,,,,,,,,,,,,,,,,,
50,17,13,15,S42,False,0,7,7,0,0,0,2,0,0,"['B574', 'B765']",1.0,S51,9.5,0,9,9,0.0,,-0.941762,-13.390469,-14.332232,True,True,16,S51,False,4,0.5671,do_nothing+depot_removal,,,,,,,,,,,,,,,,,,,,,,,,,,,,,,,,,,,,,,,,,,,,,,,,,,,,
50,17,13,26,S51,False,0,9,9,0,11,0,0,0,0,"['B604', 'B570', 'B512', 'B533', 'B167', 'B81', 'B72', 'B182', 'B102', 'B474', 'B581']",5.5,S36,1.89,11,9,20,0.0,,-1.587277,-13.44786,-15.035137,False,False,4,S36,False,2,0.1759,pickup,,,,,,,,,,,,,,,,,,,,,,,,,,,,,,,,,,,,,,,,,,,,,,,,,,,,
50,17,13,33,S36,False,11,9,20,11,0,0,0,0,0,"['B604', 'B570', 'B512', 'B533', 'B167', 'B81', 'B72', 'B182', 'B102', 'B474', 'B581']",5.5,S32,2.69,0,9,9,0.0,,-1.6896,-13.287817,-14.977416,False,False,4,S43,True,2,0.1335,delivery,,,,,,,,,,,,,,,,,,,,,,,,,,,,,,,,,,,,,,,,,,,,,,,,,,,,
50,17,13,41,S32,False,0,9,9,0,11,0,0,0,0,"['B418', 'B607', 'B593', 'B476', 'B92', 'B651', 'B228', 'B196', 'B617', 'B1', 'B483']",5.5,S33,3.27,11,9,20,0.0,,-1.133418,-13.495094,-14.628512,False,False,4,S33,False,2,0.1365,pickup,,,,,,,,,,,,,,,,,,,,,,,,,,,,,,,,,,,,,,,,,,,,,,,,,,,,
50,17,13,50,S33,False,11,9,20,11,0,0,0,0,0,"['B418', 'B607', 'B593', 'B476', 'B92', 'B651', 'B228', 'B196', 'B617', 'B1', 'B483']",5.5,S51,4.94,0,9,9,0.0,,-1.759395,-13.363744,-15.123139,False,False,4,S51,False,2,0.1378,delivery,,,,,,,,,,,,,,,,,,,,,,,,,,,,,,,,,,,,,,,,,,,,,,,,,,,,
50,17,14,1,S51,False,0,9,9,0,11,0,0,0,0,"['B199', 'B393', 'B430', 'B222', 'B659', 'B426', 'B247', 'B576', 'B583', 'B722', 'B489']",5.5,S63,3.43,11,9,20,0.0,,-2.219674,-13.660661,-15.880335,False,False,4,S12,True,2,0.1508,pickup,,,,,,,,,,,,,,,,,,,,,,,,,,,,,,,,,,,,,,,,,,,,,,,,,,,,
50,17,14,10,S63,False,11,9,20,11,0,0,0,0,0,"['B199', 'B393', 'B430', 'B222', 'B659', 'B426', 'B247', 'B576', 'B583', 'B722', 'B489']",5.5,S41,5.29,0,9,9,0.0,,-2.422225,-13.596025,-16.01825,False,False,4,S44,True,2,0.1433,delivery,,,,,,,,,,,,,,,,,,,,,,,,,,,,,,,,,,,,,,,,,,,,,,,,,,,,
50,17,14,20,S41,False,0,9,9,0,11,0,0,0,0,"['B637', 'B370', 'B503', 'B528', 'B335', 'B5', 'B94', 'B89', 'B662', 'B138', 'B654']",5.5,S39,3.32,11,9,20,0.0,,-2.029079,-13.376121,-15.4052,False,False,4,S39,False,2,0.145,pickup,,,,,,,,,,,,,,,,,,,,,,,,,,,,,,,,,,,,,,,,,,,,,,,,,,,,
50,17,14,29,S39,False,11,9,20,11,0,0,0,0,0,"['B637', 'B370', 'B503', 'B528', 'B335', 'B5', 'B94', 'B89', 'B662', 'B138', 'B654']",5.5,S48,7.99,0,9,9,0.0,,-1.667519,-13.316046,-14.983565,False,False,4,S58,True,2,0.1774,delivery,,,,,,,,,,,,,,,,,,,,,,,,,,,,,,,,,,,,,,,,,,,,,,,,,,,,
50,17,14,43,S48,False,0,9,9,0,11,0,0,0,0,"['B496', 'B394', 'B695', 'B103', 'B10', 'B6', 'B660', 'B151', 'B100', 'B730', 'B658']",5.5,S58,5.29,11,9,20,0.0,,-1.732348,-13.209942,-14.94229,False,False,4,S58,False,2,0.2145,pickup,,,,,,,,,,,,,,,,,,,,,,,,,,,,,,,,,,,,,,,,,,,,,,,,,,,,
50,17,14,54,S58,False,11,9,20,11,0,1,1,0,0,"['B235', 'B496', 'B394', 'B695', 'B103', 'B10', 'B6', 'B660', 'B151', 'B100', 'B730', 'B658']",9.0,S66,3.52,0,10,10,0.0,,-1.787468,-13.368847,-15.156315,True,True,12,S66,False,10,0.4496,delivery+maintenance,,,,,,,,,,,,,,,,,,,,,,,,,,,,,,,,,,,,,,,,,,,,,,,,,,,,
50,17,15,6,S66,False,0,10,10,0,9,0,1,0,0,"['B674', 'B24', 'B396', 'B641', 'B635', 'B132', 'B399', 'B289', 'B62', 'B656']",5.0,S26,5.64,9,11,20,0.0,,-2.508984,-13.316855,-15.825839,True,True,10,S31,True,8,0.3824,pickup+depot_removal,,,,,,,,,,,,,,,,,,,,,,,,,,,,,,,,,,,,,,,,,,,,,,,,,,,,
50,17,15,17,S26,False,9,11,20,0,0,0,0,0,0,[],0.0,S34,3.11,9,11,20,0.0,,-2.25477,-13.378654,-15.633424,False,False,4,S34,False,0,0.1599,do_nothing,,,,,,,,,,,,,,,,,,,,,,,,,,,,,,,,,,,,,,,,,,,,,,,,,,,,
50,17,15,20,S34,False,9,11,20,9,0,0,0,0,0,"['B674', 'B24', 'B396', 'B641', 'B635', 'B132', 'B399', 'B289', 'B62']",4.5,S31,4.64,0,11,11,0.0,,-2.283107,-13.527437,-15.810544,False,False,4,S31,False,2,0.1532,delivery,,,,,,,,,,,,,,,,,,,,,,,,,,,,,,,,,,,,,,,,,,,,,,,,,,,,
50,17,15,29,S31,False,0,11,11,0,9,1,0,0,0,"['B438', 'B22', 'B307', 'B623', 'B681', 'B672', 'B114', 'B257', 'B552']",7.5,S26,6.02,9,11,20,0.0,,-2.510222,-13.652084,-16.162306,True,True,8,S65,True,6,0.2686,pickup+onsite,,,,,,,,,,,,,,,,,,,,,,,,,,,,,,,,,,,,,,,,,,,,,,,,,,,,
50,17,15,42,S26,False,9,11,20,9,0,0,0,0,0,"['B438', 'B22', 'B307', 'B623', 'B681', 'B672', 'B114', 'B257', 'B552']",4.5,S41,6.65,0,11,11,0.0,,-2.810167,-13.365175,-16.175342,False,False,4,S50,True,2,0.1388,delivery,,,,,,,,,,,,,,,,,,,,,,,,,,,,,,,,,,,,,,,,,,,,,,,,,,,,
50,17,15,54,S41,False,0,11,11,0,9,0,0,0,0,"['B13', 'B160', 'B566', 'B323', 'B472', 'B593', 'B131', 'B679', 'B295']",4.5,S39,3.32,9,11,20,0.0,,-2.440829,-13.650866,-16.091696,False,False,4,S39,False,2,0.1374,pickup,,,,,,,,,,,,,,,,,,,,,,,,,,,,,,,,,,,,,,,,,,,,,,,,,,,,
50,17,16,1,S39,False,9,11,20,0,0,0,0,0,0,[],0.0,S49,0.84,9,11,20,0.0,,-2.255317,-13.480502,-15.735819,False,False,4,S49,False,0,0.1416,do_nothing,,,,,,,,,,,,,,,,,,,,,,,,,,,,,,,,,,,,,,,,,,,,,,,,,,,,
50,17,16,2,S49,False,9,11,20,9,0,0,0,0,0,"['B13', 'B160', 'B566', 'B323', 'B472', 'B593', 'B131', 'B679', 'B295']",4.5,S31,2.89,0,11,11,0.0,,-1.405098,-13.33049,-14.735588,False,False,4,S31,False,2,0.1337,delivery,,,,,,,,,,,,,,,,,,,,,,,,,,,,,,,,,,,,,,,,,,,,,,,,,,,,
50,17,16,10,S31,False,0,11,11,0,9,0,0,0,0,"['B243', 'B539', 'B68', 'B304', 'B413', 'B456', 'B667', 'B98', 'B144']",4.5,S66,0.38,9,11,20,0.0,,-2.610292,-13.439113,-16.049405,False,False,4,S37,True,2,0.1335,pickup,,,,,,,,,,,,,,,,,,,,,,,,,,,,,,,,,,,,,,,,,,,,,,,,,,,,
50,17,16,15,S66,False,9,11,20,9,0,0,0,0,0,"['B243', 'B539', 'B68', 'B304', 'B413', 'B456', 'B667', 'B98', 'B144']",4.5,S31,0.38,0,11,11,0.0,,-1.074965,-13.245153,-14.320118,False,False,4,S50,True,2,0.1385,delivery,,,,,,,,,,,,,,,,,,,,,,,,,,,,,,,,,,,,,,,,,,,,,,,,,,,,
50,17,16,19,S31,False,0,11,11,0,9,0,0,0,0,"['B442', 'B548', 'B325', 'B352', 'B250', 'B47', 'B594', 'B596', 'B353']",4.5,S39,3.72,9,11,20,0.0,,-1.464411,-13.245592,-14.710003,False,False,4,S37,True,2,0.1375,pickup,,,,,,,,,,,,,,,,,,,,,,,,,,,,,,,,,,,,,,,,,,,,,,,,,,,,
50,17,16,28,S39,False,9,11,20,9,0,0,0,0,0,"['B442', 'B548', 'B325', 'B352', 'B250', 'B47', 'B594', 'B596', 'B353']",4.5,S37,3.55,0,11,11,0.0,,-2.147665,-13.288054,-15.435719,False,False,4,S50,True,2,0.1369,delivery,,,,,,,,,,,,,,,,,,,,,,,,,,,,,,,,,,,,,,,,,,,,,,,,,,,,
50,17,16,36,S37,False,0,11,11,0,9,0,0,0,0,"['B665', 'B447', 'B300', 'B551', 'B734', 'B75', 'B326', 'B400', 'B445']",4.5,S33,1.91,9,11,20,0.0,,-1.435789,-13.302115,-14.737904,False,False,4,S16,True,2,0.1397,pickup,,,,,,,,,,,,,,,,,,,,,,,,,,,,,,,,,,,,,,,,,,,,,,,,,,,,
50,17,16,42,S33,False,9,11,20,9,0,0,0,0,0,"['B665', 'B447', 'B300', 'B551', 'B734', 'B75', 'B326', 'B400', 'B445']",4.5,S63,1.55,0,11,11,0.0,,-1.333465,-13.403876,-14.737341,False,False,4,S50,True,2,0.1384,delivery,,,,,,,,,,,,,,,,,,,,,,,,,,,,,,,,,,,,,,,,,,,,,,,,,,,,
50,17,16,48,S63,False,0,11,11,0,9,0,0,0,0,"['B609', 'B150', 'B25', 'B15', 'B276', 'B532', 'B767', 'B212', 'B4']",4.5,S36,3.15,9,11,20,0.0,,-1.407267,-13.412286,-14.819553,False,False,4,S16,True,2,0.138,pickup,,,,,,,,,,,,,,,,,,,,,,,,,,,,,,,,,,,,,,,,,,,,,,,,,,,,
50,17,16,56,S36,False,9,11,20,9,0,0,0,0,0,"['B609', 'B150', 'B25', 'B15', 'B276', 'B532', 'B767', 'B212', 'B4']",4.5,S22,11.83,0,11,11,0.0,,-1.53284,-13.372322,-14.905161,False,False,4,S22,False,2,0.2083,delivery,,,,,,,,,,,,,,,,,,,,,,,,,,,,,,,,,,,,,,,,,,,,,,,,,,,,
50,17,17,12,S22,False,0,11,11,0,0,1,0,0,0,[],3.0,S65,1.36,0,11,11,0.0,,-0.488308,-13.150199,-13.638506,True,True,12,S65,False,2,0.414,do_nothing+onsite,,,,,,,,,,,,,,,,,,,,,,,,,,,,,,,,,,,,,,,,,,,,,,,,,,,,
50,17,17,16,S65,False,0,11,11,0,9,0,0,0,0,"['B8', 'B297', 'B225', 'B166', 'B624', 'B357', 'B236', 'B319', 'B141']",4.5,S47,1.6,9,11,20,0.0,,-0.525319,-12.997254,-13.522573,False,False,4,S47,False,2,0.1505,pickup,,,,,,,,,,,,,,,,,,,,,,,,,,,,,,,,,,,,,,,,,,,,,,,,,,,,
50,17,17,23,S47,False,9,11,20,9,0,0,0,0,0,"['B8', 'B297', 'B225', 'B166', 'B624', 'B357', 'B236', 'B319', 'B141']",4.5,S18,3.54,0,11,11,0.0,,-0.5253,-13.069381,-13.594681,False,False,4,S30,True,2,0.1721,delivery,,,,,,,,,,,,,,,,,,,,,,,,,,,,,,,,,,,,,,,,,,,,,,,,,,,,
50,17,17,31,S18,False,0,11,11,0,9,0,0,0,0,"['B522', 'B162', 'B538', 'B63', 'B205', 'B171', 'B376', 'B345', 'B105']",4.5,S54,5.81,9,11,20,0.0,,-0.816876,-12.921525,-13.738401,False,False,4,S54,False,2,0.1461,pickup,,,,,,,,,,,,,,,,,,,,,,,,,,,,,,,,,,,,,,,,,,,,,,,,,,,,
50,17,17,41,S54,False,9,11,20,9,0,0,0,0,0,"['B522', 'B162', 'B538', 'B63', 'B205', 'B171', 'B376', 'B345', 'B105']",4.5,S32,2.05,0,11,11,0.0,,-0.552549,-12.851553,-13.404101,False,False,4,S32,False,2,0.1761,delivery,,,,,,,,,,,,,,,,,,,,,,,,,,,,,,,,,,,,,,,,,,,,,,,,,,,,
50,17,17,47,S32,False,0,11,11,0,9,0,0,0,0,"['B388', 'B697', 'B11', 'B284', 'B176', 'B555', 'B88', 'B619', 'B172']",4.5,S55,1.17,9,11,20,0.0,,-0.75111,-12.900878,-13.651988,False,False,4,S12,True,2,0.1848,pickup,,,,,,,,,,,,,,,,,,,,,,,,,,,,,,,,,,,,,,,,,,,,,,,,,,,,
50,17,17,53,S55,False,9,11,20,9,0,1,0,0,0,"['B388', 'B697', 'B11', 'B284', 'B176', 'B555', 'B88', 'B619', 'B172']",7.5,S12,7.23,0,11,11,0.0,,-0.523494,-12.905417,-13.428911,True,True,12,S12,True,8,0.4634,delivery+onsite,,,,,,,,,,,,,,,,,,,,,,,,,,,,,,,,,,,,,,,,,,,,,,,,,,,,
50,17,18,8,S12,False,0,11,11,0,9,0,0,0,0,"['B428', 'B760', 'B217', 'B90', 'B475', 'B187', 'B303', 'B598', 'B336']",4.5,S39,8.6,9,11,20,0.0,,-0.295601,-12.832514,-13.128115,True,False,6,S51,True,4,0.2815,pickup,,,,,,,,,,,,,,,,,,,,,,,,,,,,,,,,,,,,,,,,,,,,,,,,,,,,
50,17,18,21,S39,False,9,11,20,9,0,0,0,0,0,"['B428', 'B760', 'B217', 'B90', 'B475', 'B187', 'B303', 'B598', 'B336']",4.5,S51,7.16,0,11,11,0.0,,-0.456505,-12.82873,-13.285235,False,False,4,S30,True,2,0.2545,delivery,,,,,,,,,,,,,,,,,,,,,,,,,,,,,,,,,,,,,,,,,,,,,,,,,,,,
50,17,18,33,S51,False,0,11,11,0,9,1,0,0,0,"['B720', 'B9', 'B464', 'B455', 'B402', 'B316', 'B130', 'B577', 'B180']",7.5,S44,3.83,9,11,20,0.0,,-0.097124,-12.834426,-12.93155,True,True,12,S44,False,10,0.407,pickup+onsite,,,,,,,,,,,,,,,,,,,,,,,,,,,,,,,,,,,,,,,,,,,,,,,,,,,,
50,17,18,44,S44,False,9,11,20,9,0,0,0,0,0,"['B720', 'B9', 'B464', 'B455', 'B402', 'B316', 'B130', 'B577', 'B180']",4.5,S45,1.28,0,11,11,0.0,,-0.358385,-12.908578,-13.266963,False,False,4,S45,False,2,0.1364,delivery,,,,,,,,,,,,,,,,,,,,,,,,,,,,,,,,,,,,,,,,,,,,,,,,,,,,
50,17,18,50,S45,False,0,11,11,0,9,0,0,0,0,"['B423', 'B308', 'B371', 'B372', 'B365', 'B309', 'B203', 'B117', 'B748']",4.5,S52,1.46,9,11,20,0.0,,-0.455585,-12.996394,-13.451979,False,False,4,S52,False,2,0.1485,pickup,,,,,,,,,,,,,,,,,,,,,,,,,,,,,,,,,,,,,,,,,,,,,,,,,,,,
50,17,18,56,S52,False,9,11,20,9,0,0,0,0,0,"['B423', 'B308', 'B371', 'B372', 'B365', 'B309', 'B203', 'B117', 'B748']",4.5,S41,4.13,0,11,11,0.0,,-0.552965,-12.776589,-13.329554,False,False,4,S41,False,2,0.1292,delivery,,,,,,,,,,,,,,,,,,,,,,,,,,,,,,,,,,,,,,,,,,,,,,,,,,,,
50,17,19,4,S41,False,0,11,11,0,9,0,0,0,0,"['B637', 'B232', 'B575', 'B700', 'B528', 'B273', 'B662', 'B727', 'B446']",4.5,S60,0.87,9,11,20,0.0,,-0.358702,-12.79882,-13.157522,False,False,4,S60,False,2,0.1403,pickup,,,,,,,,,,,,,,,,,,,,,,,,,,,,,,,,,,,,,,,,,,,,,,,,,,,,
50,17,19,10,S60,False,9,11,20,0,0,0,0,0,0,[],0.0,S45,4.75,9,11,20,0.0,,-0.421792,-12.848218,-13.27001,False,False,4,S45,False,0,0.1373,do_nothing,,,,,,,,,,,,,,,,,,,,,,,,,,,,,,,,,,,,,,,,,,,,,,,,,,,,
50,17,19,14,S45,False,9,11,20,9,0,0,0,0,0,"['B637', 'B232', 'B575', 'B700', 'B528', 'B273', 'B662', 'B727', 'B446']",4.5,S53,0.56,0,11,11,0.0,,-0.291477,-12.930742,-13.22222,False,False,4,S53,False,2,0.1538,delivery,,,,,,,,,,,,,,,,,,,,,,,,,,,,,,,,,,,,,,,,,,,,,,,,,,,,
50,17,19,20,S53,False,0,11,11,0,0,0,1,0,0,['B558'],0.5,S37,3.02,0,12,12,0.0,,-0.294034,-12.895157,-13.189191,True,True,6,S37,False,2,0.2145,do_nothing+depot_removal,,,,,,,,,,,,,,,,,,,,,,,,,,,,,,,,,,,,,,,,,,,,,,,,,,,,
50,17,19,23,S37,False,0,12,12,0,0,0,0,0,0,[],0.0,S58,0.71,0,12,12,0.0,,-0.261428,-12.880812,-13.14224,False,False,3,S58,False,0,0.1232,do_nothing,,,,,,,,,,,,,,,,,,,,,,,,,,,,,,,,,,,,,,,,,,,,,,,,,,,,
50,17,19,24,S58,False,0,12,12,0,0,0,1,0,0,['B87'],0.5,S37,0.71,0,13,13,0.0,,-0.291715,-12.922274,-13.213989,True,True,5,S37,False,2,0.1809,do_nothing+depot_removal,,,,,,,,,,,,,,,,,,,,,,,,,,,,,,,,,,,,,,,,,,,,,,,,,,,,
50,17,19,25,S37,False,0,13,13,0,0,0,0,0,0,[],0.0,S58,0.71,0,13,13,0.0,,-0.260001,-12.990672,-13.250673,False,False,3,S58,False,0,0.1132,do_nothing,,,,,,,,,,,,,,,,,,,,,,,,,,,,,,,,,,,,,,,,,,,,,,,,,,,,
50,17,19,26,S58,False,0,13,13,0,0,0,0,0,0,[],0.0,S37,0.71,0,13,13,0.0,,-0.681878,-13.148334,-13.830212,False,False,3,D0,True,0,0.1155,do_nothing,,,,,,,,,,,,,,,,,,,,,,,,,,,,,,,,,,,,,,,,,,,,,,,,,,,,
50,17,19,26,S37,False,0,13,13,0,0,0,0,0,0,[],0.0,S58,0.71,0,13,13,0.0,,-0.326164,-12.99747,-13.323633,False,False,3,S58,False,0,0.1115,do_nothing,,,,,,,,,,,,,,,,,,,,,,,,,,,,,,,,,,,,,,,,,,,,,,,,,,,,
50,17,19,27,S58,False,0,13,13,0,0,0,0,0,0,[],0.0,S37,0.71,0,13,13,0.0,,-0.2942,-12.840563,-13.134763,False,False,3,D0,True,0,0.1099,do_nothing,,,,,,,,,,,,,,,,,,,,,,,,,,,,,,,,,,,,,,,,,,,,,,,,,,,,
50,17,19,28,S37,False,0,13,13,0,0,0,0,0,0,[],0.0,S58,0.71,0,13,13,0.0,,-0.161546,-12.926985,-13.088531,False,False,3,S58,False,0,0.1108,do_nothing,,,,,,,,,,,,,,,,,,,,,,,,,,,,,,,,,,,,,,,,,,,,,,,,,,,,
50,17,19,29,S58,False,0,13,13,0,0,0,0,0,0,[],0.0,S37,0.71,0,13,13,0.0,,-0.26266,-12.992498,-13.255158,False,False,3,D0,True,0,0.112,do_nothing,,,,,,,,,,,,,,,,,,,,,,,,,,,,,,,,,,,,,,,,,,,,,,,,,,,,
50,17,19,29,S37,False,0,13,13,0,0,0,0,0,0,[],0.0,S58,0.71,0,13,13,0.0,,-0.454025,-13.049212,-13.503237,False,False,3,S58,False,0,0.1136,do_nothing,,,,,,,,,,,,,,,,,,,,,,,,,,,,,,,,,,,,,,,,,,,,,,,,,,,,
50,17,19,30,S58,False,0,13,13,0,7,0,0,0,0,"['B100', 'B730', 'B658', 'B31', 'B588', 'B458', 'B729']",3.5,S52,1.84,7,13,20,0.0,,-0.390514,-12.99087,-13.381384,False,False,4,S52,False,2,0.1389,pickup,,,,,,,,,,,,,,,,,,,,,,,,,,,,,,,,,,,,,,,,,,,,,,,,,,,,
50,17,19,35,S52,False,7,13,20,0,0,0,0,0,0,[],0.0,S47,5.53,7,13,20,0.0,,-0.487136,-12.984838,-13.471973,False,False,4,S47,False,0,0.1371,do_nothing,,,,,,,,,,,,,,,,,,,,,,,,,,,,,,,,,,,,,,,,,,,,,,,,,,,,
50,17,19,41,S47,False,7,13,20,7,0,0,0,0,0,"['B100', 'B730', 'B658', 'B31', 'B588', 'B458', 'B729']",3.5,D0,3.08,0,13,13,0.0,,-0.356305,-13.126367,-13.482672,False,False,2,D0,False,1,0.0913,delivery,,,,,,,,,,,,,,,,,,,,,,,,,,,,,,,,,,,,,,,,,,,,,,,,,,,,
50,17,19,47,D0,True,0,13,13,0,0,0,0,13,0,"['B571', 'B457', 'B123', 'B556', 'B41', 'B397', 'B650', 'B574', 'B765', 'B235', 'B656', 'B558', 'B87']",6.5,D0,0.0,0,0,0,0.0,,-0.260995,-13.119115,-13.380109,True,True,1,D0,False,0,0.0534,do_nothing,,,,,,,,,,,,,,,,,,,,,,,,,,,,,,,,,,,,,,,,,,,,,,,,,,,,
50,18,6,9,D0,True,0,0,0,0,0,0,0,0,12,"['B395', 'B676', 'B736', 'B348', 'B731', 'B459', 'B214', 'B362', 'B520', 'B761', 'B537', 'B506']",6.0,S39,3.37,12,0,12,0.0,,-2.192702,-14.003893,-16.196595,True,True,1,S39,False,0,0.0444,load_queue,,,,,,,,,,,,,,,,,,,,,,,,,,,,,,,,,,,,,,,,,,,,,,,,,,,,
50,18,6,33,S39,False,12,0,12,0,8,0,0,0,0,"['B594', 'B596', 'B353', 'B374', 'B437', 'B428', 'B760', 'B217']",4.0,S62,5.74,20,0,20,0.0,,-3.014675,-13.82158,-16.836255,False,False,4,S62,False,2,0.1713,pickup,,,,,,,,,,,,,,,,,,,,,,,,,,,,,,,,,,,,,,,,,,,,,,,,,,,,
50,18,6,43,S62,False,20,0,20,16,0,0,1,0,0,"['B387', 'B395', 'B676', 'B736', 'B348', 'B731', 'B459', 'B214', 'B362', 'B520', 'B761', 'B537', 'B506', 'B594', 'B596', 'B353', 'B374']",8.5,S37,2.6,4,1,5,0.0,,-1.699853,-13.722762,-15.422615,True,True,10,S37,False,4,0.496,delivery+depot_removal,,,,,,,,,,,,,,,,,,,,,,,,,,,,,,,,,,,,,,,,,,,,,,,,,,,,
50,18,6,54,S37,False,4,1,5,0,15,0,0,0,0,"['B753', 'B252', 'B166', 'B595', 'B68', 'B682', 'B304', 'B179', 'B476', 'B39', 'B456', 'B182', 'B720', 'B555', 'B81']",7.5,S51,4.67,19,1,20,0.0,,-1.931023,-13.805938,-15.736961,False,False,4,S51,False,2,0.1634,pickup,,,,,,,,,,,,,,,,,,,,,,,,,,,,,,,,,,,,,,,,,,,,,,,,,,,,
50,18,7,6,S51,False,19,1,20,12,0,0,1,0,0,"['B741', 'B437', 'B428', 'B760', 'B217', 'B753', 'B252', 'B166', 'B595', 'B68', 'B682', 'B304', 'B179']",6.5,S12,2.02,7,2,9,0.0,,-1.500232,-13.756323,-15.256555,True,True,10,S12,False,4,0.5472,delivery+depot_removal,,,,,,,,,,,,,,,,,,,,,,,,,,,,,,,,,,,,,,,,,,,,,,,,,,,,
50,18,7,15,S12,False,7,2,9,7,0,0,2,0,0,"['B183', 'B633', 'B476', 'B39', 'B456', 'B182', 'B720', 'B555', 'B81']",4.5,S46,5.14,0,4,4,0.0,,-2.059339,-13.657201,-15.71654,True,True,12,S46,False,10,0.4412,delivery+depot_removal,,,,,,,,,,,,,,,,,,,,,,,,,,,,,,,,,,,,,,,,,,,,,,,,,,,,
50,18,7,24,S46,False,0,4,4,0,13,0,0,0,0,"['B314', 'B538', 'B551', 'B400', 'B626', 'B265', 'B541', 'B21', 'B368', 'B345', 'B43', 'B554', 'B617']",6.5,S65,8.22,13,4,17,0.0,,-1.07428,-13.563562,-14.637842,False,False,6,S37,True,4,0.2083,pickup,,,,,,,,,,,,,,,,,,,,,,,,,,,,,,,,,,,,,,,,,,,,,,,,,,,,
50,18,7,39,S65,False,13,4,17,13,0,0,0,0,0,"['B314', 'B538', 'B551', 'B400', 'B626', 'B265', 'B541', 'B21', 'B368', 'B345', 'B43', 'B554', 'B617']",6.5,S39,5.08,0,4,4,0.0,,-1.14574,-13.932006,-15.077746,False,False,4,S39,False,2,0.1381,delivery,,,,,,,,,,,,,,,,,,,,,,,,,,,,,,,,,,,,,,,,,,,,,,,,,,,,
50,18,7,51,S39,False,0,4,4,0,16,0,0,0,0,"['B187', 'B303', 'B598', 'B336', 'B580', 'B201', 'B356', 'B612', 'B31', 'B7', 'B724', 'B96', 'B280', 'B135', 'B328', 'B29']",8.0,S34,8.13,16,4,20,0.0,,-1.177257,-13.827674,-15.004931,False,False,4,S37,True,2,0.1478,pickup,,,,,,,,,,,,,,,,,,,,,,,,,,,,,,,,,,,,,,,,,,,,,,,,,,,,
50,18,8,7,S34,False,16,4,20,16,0,0,0,0,0,"['B187', 'B303', 'B598', 'B336', 'B580', 'B201', 'B356', 'B612', 'B31', 'B7', 'B724', 'B96', 'B280', 'B135', 'B328', 'B29']",8.0,S54,2.69,0,4,4,0.0,,-1.566414,-13.653691,-15.220105,False,False,6,S26,True,2,0.2165,delivery,,,,,,,,,,,,,,,,,,,,,,,,,,,,,,,,,,,,,,,,,,,,,,,,,,,,
50,18,8,18,S54,False,0,4,4,0,16,0,0,0,0,"['B496', 'B652', 'B742', 'B453', 'B454', 'B497', 'B154', 'B102', 'B311', 'B722', 'B738', 'B214', 'B733', 'B641', 'B323', 'B198']",8.0,S26,5.73,16,4,20,0.0,,-0.489384,-13.799969,-14.289354,False,False,6,S26,True,2,0.2123,pickup,,,,,,,,,,,,,,,,,,,,,,,,,,,,,,,,,,,,,,,,,,,,,,,,,,,,
50,18,8,31,S26,False,16,4,20,16,0,0,0,0,0,"['B496', 'B652', 'B742', 'B453', 'B454', 'B497', 'B154', 'B102', 'B311', 'B722', 'B738', 'B214', 'B733', 'B641', 'B323', 'B198']",8.0,S6,6.34,0,4,4,0.0,,-1.298631,-13.551854,-14.850485,False,False,4,S6,False,2,0.1487,delivery,,,,,,,,,,,,,,,,,,,,,,,,,,,,,,,,,,,,,,,,,,,,,,,,,,,,
50,18,8,46,S6,False,0,4,4,0,16,0,0,0,0,"['B493', 'B33', 'B749', 'B200', 'B565', 'B76', 'B14', 'B723', 'B398', 'B611', 'B332', 'B137', 'B165', 'B168', 'B306', 'B745']",8.0,S28,2.72,16,4,20,0.0,,-0.553884,-13.333881,-13.887765,False,False,4,S28,False,2,0.2442,pickup,,,,,,,,,,,,,,,,,,,,,,,,,,,,,,,,,,,,,,,,,,,,,,,,,,,,
50,18,8,56,S28,False,16,4,20,11,0,1,0,0,0,"['B493', 'B33', 'B749', 'B200', 'B565', 'B76', 'B14', 'B723', 'B398', 'B611', 'B332']",8.5,S15,9.29,5,4,9,0.0,,-0.650685,-13.223065,-13.87375,True,True,18,S15,True,8,0.6259,delivery+onsite,,,,,,,,,,,,,,,,,,,,,,,,,,,,,,,,,,,,,,,,,,,,,,,,,,,,
50,18,9,14,S15,False,5,4,9,5,0,0,0,0,0,"['B137', 'B165', 'B168', 'B306', 'B745']",2.5,S3,6.36,0,4,4,0.0,,-0.583021,-13.64305,-14.226072,False,False,4,S3,False,2,0.1418,delivery,,,,,,,,,,,,,,,,,,,,,,,,,,,,,,,,,,,,,,,,,,,,,,,,,,,,
50,18,9,23,S3,False,0,4,4,0,0,0,0,0,0,[],0.0,S37,5.7,0,4,4,0.0,,-0.883931,-13.498388,-14.382319,False,False,4,S55,True,0,0.1767,do_nothing,,,,,,,,,,,,,,,,,,,,,,,,,,,,,,,,,,,,,,,,,,,,,,,,,,,,
50,18,9,29,S37,False,0,4,4,0,16,0,0,0,0,"['B215', 'B584', 'B49', 'B492', 'B516', 'B45', 'B282', 'B325', 'B458', 'B536', 'B267', 'B164', 'B393', 'B333', 'B546', 'B396']",8.0,S66,3.07,16,4,20,0.0,,-1.368476,-13.393489,-14.761965,False,False,6,S66,True,4,0.238,pickup,,,,,,,,,,,,,,,,,,,,,,,,,,,,,,,,,,,,,,,,,,,,,,,,,,,,
50,18,9,40,S66,False,16,4,20,15,0,0,0,0,0,"['B215', 'B584', 'B49', 'B492', 'B516', 'B45', 'B282', 'B325', 'B458', 'B536', 'B267', 'B164', 'B393', 'B333', 'B546']",7.5,S63,4.37,1,4,5,0.0,,-1.078426,-13.45335,-14.531776,False,False,6,S63,True,4,0.232,delivery,,,,,,,,,,,,,,,,,,,,,,,,,,,,,,,,,,,,,,,,,,,,,,,,,,,,
50,18,9,52,S63,False,1,4,5,0,15,0,0,0,0,"['B677', 'B544', 'B714', 'B499', 'B559', 'B287', 'B16', 'B149', 'B327', 'B449', 'B82', 'B228', 'B669', 'B383', 'B256']",7.5,S29,5.25,16,4,20,0.0,,-0.846731,-13.458351,-14.305082,False,False,4,S29,False,2,0.1503,pickup,,,,,,,,,,,,,,,,,,,,,,,,,,,,,,,,,,,,,,,,,,,,,,,,,,,,
50,18,10,4,S29,False,16,4,20,16,0,0,0,0,0,"['B396', 'B677', 'B544', 'B714', 'B499', 'B559', 'B287', 'B16', 'B149', 'B327', 'B449', 'B82', 'B228', 'B669', 'B383', 'B256']",8.0,S54,1.43,0,4,4,0.0,,-0.390255,-13.486139,-13.876394,True,False,6,S54,True,2,0.2546,delivery,,,,,,,,,,,,,,,,,,,,,,,,,,,,,,,,,,,,,,,,,,,,,,,,,,,,
50,18,10,14,S54,False,0,4,4,0,12,0,0,0,0,"['B400', 'B166', 'B193', 'B160', 'B660', 'B304', 'B28', 'B337', 'B265', 'B315', 'B626', 'B157']",6.0,S55,0.95,12,4,16,0.0,,-0.907538,-13.689653,-14.597191,False,False,6,S55,False,4,0.2912,pickup,,,,,,,,,,,,,,,,,,,,,,,,,,,,,,,,,,,,,,,,,,,,,,,,,,,,
50,18,10,21,S55,False,12,4,16,12,0,0,1,0,0,"['B463', 'B400', 'B166', 'B193', 'B160', 'B660', 'B304', 'B28', 'B337', 'B265', 'B315', 'B626', 'B157']",6.5,S37,5.04,0,5,5,0.0,,-0.876884,-13.535526,-14.412409,True,True,8,S37,False,6,0.3037,delivery+depot_removal,,,,,,,,,,,,,,,,,,,,,,,,,,,,,,,,,,,,,,,,,,,,,,,,,,,,
50,18,10,32,S37,False,0,5,5,0,13,0,0,0,0,"['B24', 'B379', 'B595', 'B270', 'B500', 'B230', 'B8', 'B171', 'B172', 'B692', 'B707', 'B313', 'B317']",6.5,S40,3.31,13,5,18,0.0,,-0.976098,-13.613389,-14.589487,False,False,6,S40,False,4,0.2364,pickup,,,,,,,,,,,,,,,,,,,,,,,,,,,,,,,,,,,,,,,,,,,,,,,,,,,,
50,18,10,42,S40,False,13,5,18,13,0,0,0,0,0,"['B24', 'B379', 'B595', 'B270', 'B500', 'B230', 'B8', 'B171', 'B172', 'B692', 'B707', 'B313', 'B317']",6.5,S61,2.69,0,5,5,0.0,,-0.423629,-13.82062,-14.244249,False,False,6,S65,True,4,0.4233,delivery,,,,,,,,,,,,,,,,,,,,,,,,,,,,,,,,,,,,,,,,,,,,,,,,,,,,
50,18,10,51,S61,False,0,5,5,0,6,1,3,0,0,"['B89', 'B698', 'B755', 'B187', 'B174', 'B139', 'B484', 'B181', 'B386']",7.5,S22,5.51,6,8,14,0.0,,-0.837929,-13.859135,-14.697064,True,True,48,S49,True,30,1.756,pickup+maintenance,,,,,,,,,,,,,,,,,,,,,,,,,,,,,,,,,,,,,,,,,,,,,,,,,,,,
50,18,11,4,S22,False,6,8,14,0,0,0,0,0,0,[],0.0,S65,1.36,6,8,14,0.0,,-0.711645,-13.873701,-14.585346,False,False,4,S60,True,0,0.1401,do_nothing,,,,,,,,,,,,,,,,,,,,,,,,,,,,,,,,,,,,,,,,,,,,,,,,,,,,
50,18,11,6,S65,False,6,8,14,6,0,0,0,0,0,"['B89', 'B698', 'B755', 'B187', 'B174', 'B139']",3.0,S60,3.09,0,8,8,0.0,,-0.488375,-13.860769,-14.349144,False,False,4,S60,False,2,0.1439,delivery,,,,,,,,,,,,,,,,,,,,,,,,,,,,,,,,,,,,,,,,,,,,,,,,,,,,
50,18,11,12,S60,False,0,8,8,0,12,0,0,0,0,"['B103', 'B119', 'B481', 'B518', 'B25', 'B435', 'B642', 'B98', 'B117', 'B748', 'B585', 'B13']",6.0,S54,6.45,12,8,20,0.0,,-0.748441,-13.779214,-14.527655,False,False,4,S54,False,2,0.1644,pickup,,,,,,,,,,,,,,,,,,,,,,,,,,,,,,,,,,,,,,,,,,,,,,,,,,,,
50,18,11,24,S54,False,12,8,20,12,0,0,0,0,0,"['B103', 'B119', 'B481', 'B518', 'B25', 'B435', 'B642', 'B98', 'B117', 'B748', 'B585', 'B13']",6.0,S33,3.1,0,8,8,0.0,,-0.718016,-13.853318,-14.571334,False,False,4,S33,False,2,0.1475,delivery,,,,,,,,,,,,,,,,,,,,,,,,,,,,,,,,,,,,,,,,,,,,,,,,,,,,
50,18,11,33,S33,False,0,8,8,0,12,0,0,0,0,"['B610', 'B292', 'B147', 'B67', 'B587', 'B338', 'B264', 'B718', 'B106', 'B78', 'B703', 'B695']",6.0,S50,5.56,12,8,20,0.0,,-0.776881,-13.810216,-14.587097,False,False,4,S50,False,2,0.1478,pickup,,,,,,,,,,,,,,,,,,,,,,,,,,,,,,,,,,,,,,,,,,,,,,,,,,,,
50,18,11,45,S50,False,12,8,20,12,0,0,0,0,0,"['B610', 'B292', 'B147', 'B67', 'B587', 'B338', 'B264', 'B718', 'B106', 'B78', 'B703', 'B695']",6.0,S52,6.29,0,8,8,0.0,,-1.593544,-13.839638,-15.433182,False,False,4,S52,False,2,0.1602,delivery,,,,,,,,,,,,,,,,,,,,,,,,,,,,,,,,,,,,,,,,,,,,,,,,,,,,
50,18,11,57,S52,False,0,8,8,0,12,0,0,0,0,"['B720', 'B9', 'B72', 'B413', 'B130', 'B730', 'B396', 'B128', 'B598', 'B30', 'B240', 'B538']",6.0,S29,5.05,12,8,20,0.0,,-1.146808,-13.82618,-14.972987,False,False,6,S37,True,2,0.2416,pickup,,,,,,,,,,,,,,,,,,,,,,,,,,,,,,,,,,,,,,,,,,,,,,,,,,,,
50,18,12,8,S29,False,12,8,20,12,0,0,1,0,0,"['B508', 'B720', 'B9', 'B72', 'B413', 'B130', 'B730', 'B396', 'B128', 'B598', 'B30', 'B240', 'B538']",6.5,S66,6.29,0,9,9,0.0,,-1.427003,-13.992221,-15.419224,True,True,6,S66,False,4,0.2074,delivery+depot_removal,,,,,,,,,,,,,,,,,,,,,,,,,,,,,,,,,,,,,,,,,,,,,,,,,,,,
50,18,12,21,S66,False,0,9,9,0,11,0,0,0,0,"['B536', 'B267', 'B164', 'B393', 'B333', 'B546', 'B137', 'B47', 'B511', 'B18', 'B370']",5.5,S18,2.06,11,9,20,0.0,,-1.205037,-13.656632,-14.861669,False,False,4,S18,False,2,0.1499,pickup,,,,,,,,,,,,,,,,,,,,,,,,,,,,,,,,,,,,,,,,,,,,,,,,,,,,
50,18,12,29,S18,False,11,9,20,0,0,0,0,0,0,[],0.0,S54,5.81,11,9,20,0.0,,-1.329691,-13.963752,-15.293443,False,False,4,S31,True,0,0.1478,do_nothing,,,,,,,,,,,,,,,,,,,,,,,,,,,,,,,,,,,,,,,,,,,,,,,,,,,,
50,18,12,34,S54,False,11,9,20,11,0,0,0,0,0,"['B536', 'B267', 'B164', 'B393', 'B333', 'B546', 'B137', 'B47', 'B511', 'B18', 'B370']",5.5,S32,2.05,0,9,9,0.0,,-1.505513,-13.604554,-15.110067,False,False,4,S32,False,2,0.1407,delivery,,,,,,,,,,,,,,,,,,,,,,,,,,,,,,,,,,,,,,,,,,,,,,,,,,,,
50,18,12,42,S32,False,0,9,9,0,11,0,0,0,0,"['B426', 'B374', 'B189', 'B210', 'B34', 'B682', 'B358', 'B79', 'B717', 'B424', 'B545']",5.5,S29,3.29,11,9,20,0.0,,-2.280025,-13.606855,-15.88688,False,False,4,S53,True,2,0.1382,pickup,,,,,,,,,,,,,,,,,,,,,,,,,,,,,,,,,,,,,,,,,,,,,,,,,,,,
50,18,12,51,S29,False,11,9,20,11,0,0,0,0,0,"['B426', 'B374', 'B189', 'B210', 'B34', 'B682', 'B358', 'B79', 'B717', 'B424', 'B545']",5.5,S31,6.48,0,9,9,0.0,,-1.395752,-13.390964,-14.786716,False,False,4,S31,False,2,0.1497,delivery,,,,,,,,,,,,,,,,,,,,,,,,,,,,,,,,,,,,,,,,,,,,,,,,,,,,
50,18,13,3,S31,False,0,9,9,0,11,0,0,0,0,"['B455', 'B177', 'B335', 'B561', 'B654', 'B483', 'B114', 'B502', 'B125', 'B303', 'B334']",5.5,S26,6.02,11,9,20,0.0,,-2.181796,-13.424637,-15.606433,True,False,10,S26,True,4,0.3545,pickup,,,,,,,,,,,,,,,,,,,,,,,,,,,,,,,,,,,,,,,,,,,,,,,,,,,,
50,18,13,14,S26,False,11,9,20,11,0,0,0,0,0,"['B455', 'B177', 'B335', 'B561', 'B654', 'B483', 'B114', 'B502', 'B125', 'B303', 'B334']",5.5,S66,5.64,0,9,9,0.0,,-1.404751,-13.377726,-14.782478,False,False,4,S66,False,2,0.1447,delivery,,,,,,,,,,,,,,,,,,,,,,,,,,,,,,,,,,,,,,,,,,,,,,,,,,,,
50,18,13,25,S66,False,0,9,9,0,11,0,0,0,0,"['B45', 'B249', 'B606', 'B608', 'B400', 'B669', 'B736', 'B28', 'B119', 'B341', 'B509']",5.5,S29,6.29,11,9,20,0.0,,-1.174904,-13.201522,-14.376426,False,False,4,S58,True,2,0.1391,pickup,,,,,,,,,,,,,,,,,,,,,,,,,,,,,,,,,,,,,,,,,,,,,,,,,,,,
50,18,13,37,S29,False,11,9,20,11,0,0,0,0,0,"['B45', 'B249', 'B606', 'B608', 'B400', 'B669', 'B736', 'B28', 'B119', 'B341', 'B509']",5.5,S58,6.9,0,9,9,0.0,,-1.102021,-13.11261,-14.214631,False,False,4,S58,False,2,0.1346,delivery,,,,,,,,,,,,,,,,,,,,,,,,,,,,,,,,,,,,,,,,,,,,,,,,,,,,
50,18,13,50,S58,False,0,9,9,0,11,0,0,0,0,"['B557', 'B186', 'B272', 'B515', 'B220', 'B620', 'B10', 'B614', 'B609', 'B127', 'B589']",5.5,S38,1.38,11,9,20,0.0,,-0.878941,-12.873479,-13.75242,False,False,4,S38,False,2,0.1749,pickup,,,,,,,,,,,,,,,,,,,,,,,,,,,,,,,,,,,,,,,,,,,,,,,,,,,,
50,18,13,56,S38,False,11,9,20,10,0,0,1,0,0,"['B175', 'B557', 'B186', 'B272', 'B515', 'B220', 'B620', 'B10', 'B614', 'B609', 'B127']",5.5,S59,0.74,1,10,11,0.0,,-1.236678,-13.001538,-14.238216,True,True,10,S59,False,4,0.3976,delivery+depot_removal,,,,,,,,,,,,,,,,,,,,,,,,,,,,,,,,,,,,,,,,,,,,,,,,,,,,
50,18,14,3,S59,False,1,10,11,0,9,0,0,0,0,"['B663', 'B5', 'B618', 'B411', 'B728', 'B746', 'B143', 'B685', 'B275']",4.5,S26,8.38,10,10,20,0.0,,-1.56001,-13.045281,-14.605292,True,False,6,S26,False,4,0.2132,pickup,,,,,,,,,,,,,,,,,,,,,,,,,,,,,,,,,,,,,,,,,,,,,,,,,,,,
50,18,14,16,S26,False,10,10,20,10,0,0,0,0,0,"['B589', 'B663', 'B5', 'B618', 'B411', 'B728', 'B746', 'B143', 'B685', 'B275']",5.0,S22,7.39,0,10,10,0.0,,-1.555835,-13.065377,-14.621212,False,False,4,S10,True,2,0.14,delivery,,,,,,,,,,,,,,,,,,,,,,,,,,,,,,,,,,,,,,,,,,,,,,,,,,,,
50,18,14,28,S22,False,0,10,10,0,0,0,0,0,0,[],0.0,S30,2.59,0,10,10,0.0,,-1.731264,-13.200469,-14.931734,False,False,4,S47,True,0,0.2523,do_nothing,,,,,,,,,,,,,,,,,,,,,,,,,,,,,,,,,,,,,,,,,,,,,,,,,,,,
50,18,14,31,S30,False,0,10,10,0,6,1,1,0,0,"['B363', 'B551', 'B311', 'B187', 'B154', 'B674', 'B486']",6.5,S41,0.92,6,11,17,0.0,,-1.631908,-13.431471,-15.06338,True,True,24,S22,True,22,1.2732,pickup+maintenance,,,,,,,,,,,,,,,,,,,,,,,,,,,,,,,,,,,,,,,,,,,,,,,,,,,,
50,18,14,38,S41,False,6,11,17,0,0,1,1,0,0,['B170'],3.5,S4,2.96,6,12,18,0.0,,-0.752183,-13.136189,-13.888372,True,True,16,S4,False,6,0.6288,do_nothing+maintenance,,,,,,,,,,,,,,,,,,,,,,,,,,,,,,,,,,,,,,,,,,,,,,,,,,,,
50,18,14,44,S4,False,6,12,18,6,0,0,1,0,0,"['B750', 'B363', 'B551', 'B311', 'B187', 'B154', 'B674']",3.5,S40,3.22,0,13,13,0.0,,-0.684623,-13.088375,-13.772998,True,True,8,S40,False,6,0.3313,delivery+depot_removal,,,,,,,,,,,,,,,,,,,,,,,,,,,,,,,,,,,,,,,,,,,,,,,,,,,,
50,18,14,51,S40,False,0,13,13,0,7,0,0,0,0,"['B215', 'B256', 'B570', 'B572', 'B694', 'B583', 'B593']",3.5,S45,2.01,7,13,20,0.0,,-1.23361,-13.17538,-14.40899,False,False,4,S45,False,2,0.1774,pickup,,,,,,,,,,,,,,,,,,,,,,,,,,,,,,,,,,,,,,,,,,,,,,,,,,,,
50,18,14,57,S45,False,7,13,20,7,0,0,1,0,0,"['B80', 'B215', 'B256', 'B570', 'B572', 'B694', 'B583', 'B593']",4.0,S53,0.56,0,14,14,0.0,,-1.108805,-13.1928,-14.301605,True,True,6,S53,False,4,0.2041,delivery+depot_removal,,,,,,,,,,,,,,,,,,,,,,,,,,,,,,,,,,,,,,,,,,,,,,,,,,,,
50,18,15,1,S53,False,0,14,14,0,0,0,0,0,0,[],0.0,S52,2.01,0,14,14,0.0,,-1.04588,-13.335433,-14.381313,False,False,4,S52,False,0,0.1386,do_nothing,,,,,,,,,,,,,,,,,,,,,,,,,,,,,,,,,,,,,,,,,,,,,,,,,,,,
50,18,15,3,S52,False,0,14,14,0,6,0,0,0,0,"['B252', 'B38', 'B45', 'B255', 'B372', 'B668']",3.0,S50,6.29,6,14,20,0.0,,-1.498324,-13.277193,-14.775517,False,False,4,S50,False,2,0.1403,pickup,,,,,,,,,,,,,,,,,,,,,,,,,,,,,,,,,,,,,,,,,,,,,,,,,,,,
50,18,15,13,S50,False,6,14,20,6,0,0,0,0,0,"['B252', 'B38', 'B45', 'B255', 'B372', 'B668']",3.0,S53,5.17,0,14,14,0.0,,-1.201155,-13.291324,-14.492479,False,False,4,S53,False,2,0.1389,delivery,,,,,,,,,,,,,,,,,,,,,,,,,,,,,,,,,,,,,,,,,,,,,,,,,,,,
50,18,15,21,S53,False,0,14,14,0,6,0,0,0,0,"['B696', 'B63', 'B152', 'B428', 'B37', 'B761']",3.0,S55,2.16,6,14,20,0.0,,-1.17348,-13.221792,-14.395272,False,False,4,S22,True,2,0.1386,pickup,,,,,,,,,,,,,,,,,,,,,,,,,,,,,,,,,,,,,,,,,,,,,,,,,,,,
50,18,15,26,S55,False,6,14,20,6,0,0,1,0,0,"['B550', 'B696', 'B63', 'B152', 'B428', 'B37', 'B761']",3.5,S53,2.16,0,15,15,0.0,,-1.076638,-13.043395,-14.120033,True,True,6,S53,False,4,0.2958,delivery+depot_removal,,,,,,,,,,,,,,,,,,,,,,,,,,,,,,,,,,,,,,,,,,,,,,,,,,,,
50,18,15,31,S53,False,0,15,15,0,0,0,0,0,0,[],0.0,S22,9.3,0,15,15,0.0,,-1.238183,-13.132036,-14.370219,False,False,4,S22,False,0,0.1352,do_nothing,,,,,,,,,,,,,,,,,,,,,,,,,,,,,,,,,,,,,,,,,,,,,,,,,,,,
50,18,15,41,S22,False,0,15,15,0,0,0,0,0,0,[],0.0,S65,1.36,0,15,15,0.0,,-0.720302,-13.158574,-13.878876,False,False,4,S65,False,0,0.1377,do_nothing,,,,,,,,,,,,,,,,,,,,,,,,,,,,,,,,,,,,,,,,,,,,,,,,,,,,
50,18,15,42,S65,False,0,15,15,0,0,0,0,0,0,[],0.0,S22,1.36,0,15,15,0.0,,-0.979973,-13.132694,-14.112667,False,False,4,S39,True,0,0.1398,do_nothing,,,,,,,,,,,,,,,,,,,,,,,,,,,,,,,,,,,,,,,,,,,,,,,,,,,,
50,18,15,44,S22,False,0,15,15,0,0,0,0,0,0,[],0.0,S65,1.36,0,15,15,0.0,,-0.977327,-13.222186,-14.199512,False,False,4,S65,False,0,0.1377,do_nothing,,,,,,,,,,,,,,,,,,,,,,,,,,,,,,,,,,,,,,,,,,,,,,,,,,,,
50,18,15,45,S65,False,0,15,15,0,5,0,0,0,0,"['B110', 'B226', 'B364', 'B388', 'B203']",2.5,S39,5.08,5,15,20,0.0,,-0.587732,-13.096757,-13.684489,False,False,4,S39,False,2,0.1414,pickup,,,,,,,,,,,,,,,,,,,,,,,,,,,,,,,,,,,,,,,,,,,,,,,,,,,,
50,18,15,52,S39,False,5,15,20,5,0,0,0,0,0,"['B110', 'B226', 'B364', 'B388', 'B203']",2.5,S22,5.77,0,15,15,0.0,,-0.554701,-13.226996,-13.781698,False,False,4,S18,True,2,0.1362,delivery,,,,,,,,,,,,,,,,,,,,,,,,,,,,,,,,,,,,,,,,,,,,,,,,,,,,
50,18,16,1,S22,False,0,15,15,0,5,0,0,0,0,"['B149', 'B569', 'B50', 'B85', 'B81']",2.5,S63,8.69,5,15,20,0.0,,-1.137721,-13.335306,-14.473026,False,False,4,S63,False,2,0.1354,pickup,,,,,,,,,,,,,,,,,,,,,,,,,,,,,,,,,,,,,,,,,,,,,,,,,,,,
50,18,16,12,S63,False,5,15,20,5,0,0,0,0,0,"['B149', 'B569', 'B50', 'B85', 'B81']",2.5,S33,1.55,0,15,15,0.0,,-0.46023,-13.241864,-13.702094,False,False,4,S33,False,2,0.1482,delivery,,,,,,,,,,,,,,,,,,,,,,,,,,,,,,,,,,,,,,,,,,,,,,,,,,,,
50,18,16,16,S33,False,0,15,15,0,0,0,0,0,0,[],0.0,S57,5.72,0,15,15,0.0,,-0.58517,-13.093769,-13.678939,True,False,6,S57,False,0,0.3123,do_nothing,,,,,,,,,,,,,,,,,,,,,,,,,,,,,,,,,,,,,,,,,,,,,,,,,,,,
50,18,16,22,S57,False,0,15,15,0,5,2,0,0,0,"['B284', 'B596', 'B112', 'B162', 'B21']",8.5,S50,2.14,5,15,20,0.0,,-0.453692,-12.99235,-13.446041,True,True,18,S36,True,16,0.6595,pickup+onsite,,,,,,,,,,,,,,,,,,,,,,,,,,,,,,,,,,,,,,,,,,,,,,,,,,,,
50,18,16,32,S50,False,5,15,20,0,0,0,0,0,0,[],0.0,S54,2.71,5,15,20,0.0,,-0.716419,-12.79958,-13.515999,False,False,4,S65,True,0,0.1374,do_nothing,,,,,,,,,,,,,,,,,,,,,,,,,,,,,,,,,,,,,,,,,,,,,,,,,,,,
50,18,16,35,S54,False,5,15,20,0,0,0,0,0,0,[],0.0,S50,2.71,5,15,20,0.0,,-0.425455,-12.805167,-13.230622,False,False,4,S50,False,0,0.141,do_nothing,,,,,,,,,,,,,,,,,,,,,,,,,,,,,,,,,,,,,,,,,,,,,,,,,,,,
50,18,16,38,S50,False,5,15,20,5,0,0,0,0,0,"['B284', 'B596', 'B112', 'B162', 'B21']",2.5,S65,9.57,0,15,15,0.0,,-0.293298,-12.93778,-13.231079,False,False,4,S65,False,2,0.138,delivery,,,,,,,,,,,,,,,,,,,,,,,,,,,,,,,,,,,,,,,,,,,,,,,,,,,,
50,18,16,50,S65,False,0,15,15,0,5,0,0,0,0,"['B719', 'B705', 'B450', 'B227', 'B430']",2.5,S7,3.57,5,15,20,0.0,,-0.684454,-12.709531,-13.393985,False,False,4,S30,True,2,0.1497,pickup,,,,,,,,,,,,,,,,,,,,,,,,,,,,,,,,,,,,,,,,,,,,,,,,,,,,
50,18,16,56,S7,False,5,15,20,5,0,0,1,0,0,"['B366', 'B719', 'B705', 'B450', 'B227', 'B430']",3.0,S13,2.1,0,16,16,0.0,,-1.59815,-12.942468,-14.540618,True,True,6,S13,False,4,0.2408,delivery+depot_removal,,,,,,,,,,,,,,,,,,,,,,,,,,,,,,,,,,,,,,,,,,,,,,,,,,,,
50,18,17,1,S13,False,0,16,16,0,0,0,0,0,0,[],0.0,S56,15.62,0,16,16,0.0,,-0.846413,-13.02636,-13.872773,True,False,14,S56,True,0,0.6721,do_nothing,,,,,,,,,,,,,,,,,,,,,,,,,,,,,,,,,,,,,,,,,,,,,,,,,,,,
50,18,17,17,S56,False,0,16,16,0,4,3,0,0,0,"['B455', 'B479', 'B306', 'B132']",11.0,S10,2.55,4,16,20,0.0,,-0.753423,-12.799317,-13.552741,True,True,16,S10,False,14,0.786,pickup+onsite,,,,,,,,,,,,,,,,,,,,,,,,,,,,,,,,,,,,,,,,,,,,,,,,,,,,
50,18,17,30,S10,False,4,16,20,4,0,0,0,0,0,"['B455', 'B479', 'B306', 'B132']",2.0,S35,2.61,0,16,16,0.0,,-1.397172,-13.271105,-14.668277,False,False,4,S35,False,2,0.188,delivery,,,,,,,,,,,,,,,,,,,,,,,,,,,,,,,,,,,,,,,,,,,,,,,,,,,,
50,18,17,35,S35,False,0,16,16,0,2,1,1,0,0,"['B332', 'B470', 'B578']",4.5,S8,7.6,2,17,19,0.0,,-0.946439,-13.254494,-14.200933,True,True,16,S1,True,14,0.6825,pickup+maintenance,,,,,,,,,,,,,,,,,,,,,,,,,,,,,,,,,,,,,,,,,,,,,,,,,,,,
50,18,17,47,S8,False,2,17,19,2,0,0,1,0,0,"['B78', 'B332', 'B470']",1.5,S21,2.92,0,18,18,0.0,,-1.27733,-13.366231,-14.64356,True,True,8,S21,False,6,0.2924,delivery+depot_removal,,,,,,,,,,,,,,,,,,,,,,,,,,,,,,,,,,,,,,,,,,,,,,,,,,,,
50,18,17,51,S21,False,0,18,18,0,0,2,0,0,0,[],6.0,S31,12.98,0,18,18,0.0,,-0.880554,-13.263992,-14.144546,True,True,6,S31,False,4,0.3046,do_nothing+onsite,,,,,,,,,,,,,,,,,,,,,,,,,,,,,,,,,,,,,,,,,,,,,,,,,,,,
50,18,18,10,S31,False,0,18,18,0,2,1,0,0,0,"['B400', 'B239']",4.0,S46,5.03,2,18,20,0.0,,-0.976521,-13.255472,-14.231994,True,True,12,S41,True,10,0.5807,pickup+onsite,,,,,,,,,,,,,,,,,,,,,,,,,,,,,,,,,,,,,,,,,,,,,,,,,,,,
50,18,18,19,S46,False,2,18,20,0,0,0,0,0,0,[],0.0,S54,3.3,2,18,20,0.0,,-0.751685,-13.258281,-14.009966,False,False,4,S54,False,0,0.1786,do_nothing,,,,,,,,,,,,,,,,,,,,,,,,,,,,,,,,,,,,,,,,,,,,,,,,,,,,
50,18,18,23,S54,False,2,18,20,2,0,0,0,0,0,"['B400', 'B239']",1.0,S59,6.37,0,18,18,0.0,,-0.751937,-13.153542,-13.905479,False,False,4,S59,False,2,0.1787,delivery,,,,,,,,,,,,,,,,,,,,,,,,,,,,,,,,,,,,,,,,,,,,,,,,,,,,
50,18,18,30,S59,False,0,18,18,0,2,1,0,0,0,"['B644', 'B229']",4.0,S46,4.24,2,18,20,0.0,,-0.585837,-13.382709,-13.968546,True,True,12,S41,True,10,0.4889,pickup+onsite,,,,,,,,,,,,,,,,,,,,,,,,,,,,,,,,,,,,,,,,,,,,,,,,,,,,
50,18,18,38,S46,False,2,18,20,2,0,0,0,0,0,"['B644', 'B229']",1.0,S41,6.18,0,18,18,0.0,,-0.71925,-13.168092,-13.887342,False,False,4,S41,False,2,0.1596,delivery,,,,,,,,,,,,,,,,,,,,,,,,,,,,,,,,,,,,,,,,,,,,,,,,,,,,
50,18,18,45,S41,False,0,18,18,0,0,1,1,0,0,['B288'],3.5,S13,7.37,0,19,19,0.0,,-0.855118,-13.238711,-14.093829,True,True,8,S13,False,6,0.3429,do_nothing+maintenance,,,,,,,,,,,,,,,,,,,,,,,,,,,,,,,,,,,,,,,,,,,,,,,,,,,,
50,18,18,56,S13,False,0,19,19,0,1,0,0,0,0,['B676'],0.5,S27,9.45,1,19,20,0.0,,-0.978724,-13.300857,-14.279581,True,False,6,S28,True,4,0.2261,pickup,,,,,,,,,,,,,,,,,,,,,,,,,,,,,,,,,,,,,,,,,,,,,,,,,,,,
50,18,19,6,S27,False,1,19,20,1,0,0,0,0,0,['B676'],0.5,S28,8.79,0,19,19,0.0,,-0.652408,-13.326995,-13.979403,False,False,4,S28,False,2,0.1485,delivery,,,,,,,,,,,,,,,,,,,,,,,,,,,,,,,,,,,,,,,,,,,,,,,,,,,,
50,18,19,15,S28,False,0,19,19,0,0,2,0,0,0,[],6.0,S13,5.08,0,19,19,0.0,,-0.620689,-13.359084,-13.979773,True,True,6,S13,False,4,0.2331,do_nothing+onsite,,,,,,,,,,,,,,,,,,,,,,,,,,,,,,,,,,,,,,,,,,,,,,,,,,,,
50,18,19,27,S13,False,0,19,19,0,1,0,0,0,0,['B232'],0.5,S26,11.1,1,19,20,0.0,,-0.392422,-13.433376,-13.825798,True,False,6,S20,True,4,0.2043,pickup,,,,,,,,,,,,,,,,,,,,,,,,,,,,,,,,,,,,,,,,,,,,,,,,,,,,
50,18,19,38,S26,False,1,19,20,0,0,0,0,0,0,[],0.0,S10,4.67,1,19,20,0.0,,-0.849563,-13.291716,-14.141279,False,False,3,S10,False,0,0.1096,do_nothing,,,,,,,,,,,,,,,,,,,,,,,,,,,,,,,,,,,,,,,,,,,,,,,,,,,,
50,18,19,43,S10,False,1,19,20,1,0,0,0,0,0,['B232'],0.5,D0,2.04,0,19,19,0.0,,-0.589145,-13.650475,-14.23962,False,False,2,D0,False,1,0.0841,delivery,,,,,,,,,,,,,,,,,,,,,,,,,,,,,,,,,,,,,,,,,,,,,,,,,,,,
50,18,19,45,D0,True,0,19,19,0,0,0,0,19,0,"['B387', 'B741', 'B183', 'B633', 'B463', 'B484', 'B181', 'B386', 'B508', 'B175', 'B486', 'B170', 'B750', 'B80', 'B550', 'B366', 'B578', 'B78', 'B288']",9.5,D0,0.0,0,0,0,0.0,,-0.784968,-13.474203,-14.25917,True,True,1,D0,False,0,0.0526,do_nothing,,,,,,,,,,,,,,,,,,,,,,,,,,,,,,,,,,,,,,,,,,,,,,,,,,,,
50,19,6,10,D0,True,0,0,0,0,0,0,0,0,13,"['B571', 'B457', 'B123', 'B556', 'B41', 'B397', 'B650', 'B574', 'B765', 'B235', 'B656', 'B558', 'B87']",6.5,S33,0.94,13,0,13,0.0,,-0.131244,-13.007117,-13.138361,True,True,1,S33,False,0,0.0545,load_queue,,,,,,,,,,,,,,,,,,,,,,,,,,,,,,,,,,,,,,,,,,,,,,,,,,,,
50,19,6,32,S33,False,13,0,13,0,7,0,0,0,0,"['B102', 'B357', 'B205', 'B101', 'B613', 'B159', 'B452']",3.5,S54,3.1,20,0,20,0.0,,-0.16263,-13.423799,-13.586429,True,False,6,S54,False,4,0.2264,pickup,,,,,,,,,,,,,,,,,,,,,,,,,,,,,,,,,,,,,,,,,,,,,,,,,,,,
50,19,6,39,S54,False,20,0,20,13,0,0,0,0,0,"['B571', 'B457', 'B123', 'B556', 'B41', 'B397', 'B650', 'B574', 'B765', 'B235', 'B656', 'B558', 'B87']",6.5,S36,4.67,7,0,7,0.0,,-0.065335,-13.318665,-13.384,False,False,6,S36,False,4,0.2243,delivery,,,,,,,,,,,,,,,,,,,,,,,,,,,,,,,,,,,,,,,,,,,,,,,,,,,,
50,19,6,50,S36,False,7,0,7,0,13,0,0,0,0,"['B623', 'B622', 'B121', 'B716', 'B326', 'B385', 'B25', 'B188', 'B254', 'B179', 'B580', 'B304', 'B242']",6.5,S27,7.66,20,0,20,0.0,,-0.097877,-13.358977,-13.456853,False,False,4,S27,False,2,0.1637,pickup,,,,,,,,,,,,,,,,,,,,,,,,,,,,,,,,,,,,,,,,,,,,,,,,,,,,
50,19,7,4,S27,False,20,0,20,14,0,0,0,0,0,"['B102', 'B357', 'B205', 'B101', 'B613', 'B159', 'B452', 'B623', 'B622', 'B121', 'B716', 'B326', 'B385', 'B25']",7.0,S31,2.27,6,0,6,0.0,,-0.160076,-13.20723,-13.367306,False,False,6,S31,True,4,0.2469,delivery,,,,,,,,,,,,,,,,,,,,,,,,,,,,,,,,,,,,,,,,,,,,,,,,,,,,
50,19,7,14,S31,False,6,0,6,0,14,0,0,0,0,"['B256', 'B139', 'B84', 'B375', 'B377', 'B570', 'B702', 'B278', 'B491', 'B95', 'B133', 'B60', 'B761', 'B10']",7.0,S32,6.41,20,0,20,0.0,,-0.160485,-13.233251,-13.393736,True,False,6,S32,False,4,0.2464,pickup,,,,,,,,,,,,,,,,,,,,,,,,,,,,,,,,,,,,,,,,,,,,,,,,,,,,
50,19,7,27,S32,False,20,0,20,13,0,0,0,0,0,"['B188', 'B254', 'B179', 'B580', 'B304', 'B242', 'B256', 'B139', 'B84', 'B375', 'B377', 'B570', 'B702']",6.5,S3,0.99,7,0,7,0.0,,0.0,-13.082502,-13.082502,False,False,6,S26,True,4,0.2245,delivery,,,,,,,,,,,,,,,,,,,,,,,,,,,,,,,,,,,,,,,,,,,,,,,,,,,,
50,19,7,34,S3,False,7,0,7,0,13,0,0,0,0,"['B244', 'B649', 'B758', 'B658', 'B527', 'B348', 'B322', 'B528', 'B196', 'B529', 'B446', 'B48', 'B627']",6.5,S26,8.28,20,0,20,0.0,,-0.226384,-12.69597,-12.922354,False,False,4,S26,False,2,0.1534,pickup,,,,,,,,,,,,,,,,,,,,,,,,,,,,,,,,,,,,,,,,,,,,,,,,,,,,
50,19,7,49,S26,False,20,0,20,10,0,0,0,0,0,"['B278', 'B491', 'B95', 'B133', 'B60', 'B761', 'B10', 'B244', 'B649', 'B758']",5.0,S52,7.0,10,0,10,0.0,,-0.195579,-12.622963,-12.818542,False,False,6,S52,False,2,0.2466,delivery,,,,,,,,,,,,,,,,,,,,,,,,,,,,,,,,,,,,,,,,,,,,,,,,,,,,
50,19,8,1,S52,False,10,0,10,0,5,0,0,0,0,"['B546', 'B481', 'B225', 'B274', 'B593']",2.5,S33,0.73,15,0,15,0.0,,-0.323099,-12.619234,-12.942333,False,False,6,S62,True,4,0.238,pickup,,,,,,,,,,,,,,,,,,,,,,,,,,,,,,,,,,,,,,,,,,,,,,,,,,,,
50,19,8,4,S33,False,15,0,15,0,5,0,0,0,0,"['B257', 'B766', 'B557', 'B89', 'B371']",2.5,S62,0.92,20,0,20,0.0,,-0.096387,-12.612525,-12.708912,True,False,6,S62,False,4,0.2373,pickup,,,,,,,,,,,,,,,,,,,,,,,,,,,,,,,,,,,,,,,,,,,,,,,,,,,,
50,19,8,8,S62,False,20,0,20,12,0,0,0,0,0,"['B658', 'B527', 'B348', 'B322', 'B528', 'B196', 'B529', 'B446', 'B48', 'B627', 'B546', 'B481']",6.0,S59,3.77,8,0,8,0.0,,-0.130089,-12.529569,-12.659658,False,False,6,S42,True,4,0.2295,delivery,,,,,,,,,,,,,,,,,,,,,,,,,,,,,,,,,,,,,,,,,,,,,,,,,,,,
50,19,8,18,S59,False,8,0,8,0,12,0,0,0,0,"['B83', 'B552', 'B346', 'B604', 'B626', 'B748', 'B566', 'B136', 'B661', 'B191', 'B169', 'B601']",6.0,S42,10.56,20,0,20,0.0,,-0.033122,-12.461077,-12.4942,True,False,6,S42,False,4,0.217,pickup,,,,,,,,,,,,,,,,,,,,,,,,,,,,,,,,,,,,,,,,,,,,,,,,,,,,
50,19,8,34,S42,False,20,0,20,12,0,0,0,0,0,"['B225', 'B274', 'B593', 'B257', 'B766', 'B557', 'B89', 'B371', 'B83', 'B552', 'B346', 'B604']",6.0,S57,1.83,8,0,8,0.0,,-0.064258,-12.691567,-12.755826,False,False,6,S57,False,2,0.25,delivery,,,,,,,,,,,,,,,,,,,,,,,,,,,,,,,,,,,,,,,,,,,,,,,,,,,,
50,19,8,42,S57,False,8,0,8,0,0,0,1,0,0,['B236'],0.5,S49,10.46,8,1,9,0.0,,-0.098447,-12.69997,-12.798417,True,True,6,S48,True,2,0.2318,do_nothing+depot_removal,,,,,,,,,,,,,,,,,,,,,,,,,,,,,,,,,,,,,,,,,,,,,,,,,,,,
50,19,8,53,S49,False,8,1,9,0,11,0,0,0,0,"['B351', 'B258', 'B297', 'B277', 'B520', 'B353', 'B406', 'B631', 'B701', 'B283', 'B562']",5.5,S39,0.84,19,1,20,0.0,,-0.258841,-12.648717,-12.907559,False,False,4,S39,False,2,0.159,pickup,,,,,,,,,,,,,,,,,,,,,,,,,,,,,,,,,,,,,,,,,,,,,,,,,,,,
50,19,8,59,S39,False,19,1,20,0,0,0,0,0,0,[],0.0,S51,7.16,19,1,20,0.0,,-0.161225,-12.872054,-13.033279,False,False,6,S51,False,0,0.352,do_nothing,,,,,,,,,,,,,,,,,,,,,,,,,,,,,,,,,,,,,,,,,,,,,,,,,,,,
50,19,9,6,S51,False,19,1,20,12,0,0,1,0,0,"['B298', 'B626', 'B748', 'B566', 'B136', 'B661', 'B191', 'B169', 'B601', 'B351', 'B258', 'B297', 'B277']",6.5,S58,4.51,7,2,9,0.0,,-0.64837,-12.895658,-13.544028,True,True,10,S15,True,8,0.364,delivery+depot_removal,,,,,,,,,,,,,,,,,,,,,,,,,,,,,,,,,,,,,,,,,,,,,,,,,,,,
50,19,9,17,S58,False,7,2,9,0,11,0,0,0,0,"['B511', 'B412', 'B422', 'B168', 'B46', 'B482', 'B560', 'B391', 'B68', 'B198', 'B111']",5.5,S15,5.67,18,2,20,0.0,,-0.194598,-12.914763,-13.109362,False,False,4,S15,False,2,0.1433,pickup,,,,,,,,,,,,,,,,,,,,,,,,,,,,,,,,,,,,,,,,,,,,,,,,,,,,
50,19,9,29,S15,False,18,2,20,0,0,0,0,0,0,[],0.0,S56,5.59,18,2,20,0.0,,-0.485808,-13.032836,-13.518644,False,False,4,S61,True,0,0.1519,do_nothing,,,,,,,,,,,,,,,,,,,,,,,,,,,,,,,,,,,,,,,,,,,,,,,,,,,,
50,19,9,34,S56,False,18,2,20,9,0,0,0,0,0,"['B520', 'B353', 'B406', 'B631', 'B701', 'B283', 'B562', 'B511', 'B412']",4.5,S15,5.59,9,2,11,0.0,,-0.520346,-12.639434,-13.159779,False,False,6,S15,False,2,0.2039,delivery,,,,,,,,,,,,,,,,,,,,,,,,,,,,,,,,,,,,,,,,,,,,,,,,,,,,
50,19,9,44,S15,False,9,2,11,9,0,0,0,0,0,"['B422', 'B168', 'B46', 'B482', 'B560', 'B391', 'B68', 'B198', 'B111']",4.5,S37,4.99,0,2,2,0.0,,-0.648761,-12.708443,-13.357204,False,False,4,S37,False,2,0.1429,delivery,,,,,,,,,,,,,,,,,,,,,,,,,,,,,,,,,,,,,,,,,,,,,,,,,,,,
50,19,9,54,S37,False,0,2,2,0,0,0,0,0,0,[],0.0,S54,4.98,0,2,2,0.0,,-0.686132,-12.816166,-13.502298,False,False,4,S15,True,0,0.1551,do_nothing,,,,,,,,,,,,,,,,,,,,,,,,,,,,,,,,,,,,,,,,,,,,,,,,,,,,
50,19,9,59,S54,False,0,2,2,0,13,0,0,0,0,"['B41', 'B397', 'B650', 'B574', 'B765', 'B235', 'B656', 'B558', 'B87', 'B86', 'B689', 'B712', 'B459']",6.5,S37,4.98,13,2,15,0.0,,-0.425523,-12.744416,-13.169939,False,False,6,S37,False,4,0.2299,pickup,,,,,,,,,,,,,,,,,,,,,,,,,,,,,,,,,,,,,,,,,,,,,,,,,,,,
50,19,10,10,S37,False,13,2,15,0,5,0,0,0,0,"['B436', 'B43', 'B588', 'B79', 'B756']",2.5,S7,9.25,18,2,20,0.0,,-0.163446,-12.967086,-13.130533,False,False,4,S7,False,2,0.1409,pickup,,,,,,,,,,,,,,,,,,,,,,,,,,,,,,,,,,,,,,,,,,,,,,,,,,,,
50,19,10,22,S7,False,18,2,20,18,0,0,0,0,0,"['B41', 'B397', 'B650', 'B574', 'B765', 'B235', 'B656', 'B558', 'B87', 'B86', 'B689', 'B712', 'B459', 'B436', 'B43', 'B588', 'B79', 'B756']",9.0,S37,9.25,0,2,2,0.0,,-0.359939,-12.837366,-13.197305,False,False,4,S37,False,2,0.1428,delivery,,,,,,,,,,,,,,,,,,,,,,,,,,,,,,,,,,,,,,,,,,,,,,,,,,,,
50,19,10,40,S37,False,0,2,2,0,18,0,0,0,0,"['B92', 'B427', 'B97', 'B530', 'B540', 'B438', 'B345', 'B339', 'B549', 'B471', 'B473', 'B537', 'B152', 'B544', 'B559', 'B208', 'B317', 'B743']",9.0,S0,11.31,18,2,20,0.0,,-0.68627,-13.05682,-13.74309,False,False,6,S0,True,4,0.2325,pickup,,,,,,,,,,,,,,,,,,,,,,,,,,,,,,,,,,,,,,,,,,,,,,,,,,,,
50,19,11,1,S0,False,18,2,20,10,0,0,0,0,0,"['B92', 'B427', 'B97', 'B530', 'B540', 'B438', 'B345', 'B339', 'B549', 'B471']",5.0,S53,8.47,8,2,10,0.0,,-1.233136,-13.146046,-14.379183,False,False,6,S53,False,2,0.22,delivery,,,,,,,,,,,,,,,,,,,,,,,,,,,,,,,,,,,,,,,,,,,,,,,,,,,,
50,19,11,14,S53,False,8,2,10,8,0,0,0,0,0,"['B473', 'B537', 'B152', 'B544', 'B559', 'B208', 'B317', 'B743']",4.0,S62,2.18,0,2,2,0.0,,-0.779363,-13.108801,-13.888164,False,False,4,S62,False,2,0.1504,delivery,,,,,,,,,,,,,,,,,,,,,,,,,,,,,,,,,,,,,,,,,,,,,,,,,,,,
50,19,11,20,S62,False,0,2,2,0,18,0,0,0,0,"['B48', 'B627', 'B546', 'B481', 'B200', 'B419', 'B22', 'B349', 'B332', 'B303', 'B47', 'B14', 'B555', 'B406', 'B680', 'B348', 'B645', 'B654']",9.0,S29,3.79,18,2,20,0.0,,-0.61837,-13.090432,-13.708803,False,False,6,S29,True,4,0.2455,pickup,,,,,,,,,,,,,,,,,,,,,,,,,,,,,,,,,,,,,,,,,,,,,,,,,,,,
50,19,11,33,S29,False,18,2,20,16,0,0,0,0,0,"['B48', 'B627', 'B546', 'B481', 'B200', 'B419', 'B22', 'B349', 'B332', 'B303', 'B47', 'B14', 'B555', 'B406', 'B680', 'B348']",8.0,S16,5.41,2,2,4,0.0,,-0.517709,-13.066502,-13.584211,False,False,6,S16,False,2,0.2876,delivery,,,,,,,,,,,,,,,,,,,,,,,,,,,,,,,,,,,,,,,,,,,,,,,,,,,,
50,19,11,46,S16,False,2,2,4,0,9,0,1,0,0,"['B648', 'B275', 'B591', 'B405', 'B759', 'B413', 'B426', 'B695', 'B596', 'B194']",5.0,S63,0.31,11,3,14,0.0,,-0.390332,-13.17453,-13.564862,True,True,12,S63,False,10,0.4414,pickup+depot_removal,,,,,,,,,,,,,,,,,,,,,,,,,,,,,,,,,,,,,,,,,,,,,,,,,,,,
50,19,11,52,S63,False,11,3,14,0,6,0,0,0,0,"['B50', 'B228', 'B700', 'B569', 'B7', 'B409']",3.0,S53,1.49,17,3,20,0.0,,-0.748478,-13.34914,-14.097619,False,False,4,S53,False,2,0.1473,pickup,,,,,,,,,,,,,,,,,,,,,,,,,,,,,,,,,,,,,,,,,,,,,,,,,,,,
50,19,11,56,S53,False,17,3,20,14,0,0,0,0,0,"['B645', 'B654', 'B648', 'B275', 'B591', 'B405', 'B759', 'B413', 'B426', 'B695', 'B596', 'B50', 'B228', 'B700']",7.0,S15,4.77,3,3,6,0.0,,-0.293689,-13.31125,-13.604939,False,False,6,S15,False,4,0.2387,delivery,,,,,,,,,,,,,,,,,,,,,,,,,,,,,,,,,,,,,,,,,,,,,,,,,,,,
50,19,12,8,S15,False,3,3,6,3,0,0,0,0,0,"['B569', 'B7', 'B409']",1.5,S57,5.96,0,3,3,0.0,,-0.617286,-13.104944,-13.72223,False,False,4,S57,False,2,0.1495,delivery,,,,,,,,,,,,,,,,,,,,,,,,,,,,,,,,,,,,,,,,,,,,,,,,,,,,
50,19,12,15,S57,False,0,3,3,0,17,0,0,0,0,"['B199', 'B197', 'B176', 'B286', 'B592', 'B647', 'B114', 'B370', 'B589', 'B662', 'B379', 'B344', 'B642', 'B477', 'B739', 'B71', 'B432']",8.5,S35,0.73,17,3,20,0.0,,-1.143535,-13.403261,-14.546797,False,False,6,S35,True,4,0.2648,pickup,,,,,,,,,,,,,,,,,,,,,,,,,,,,,,,,,,,,,,,,,,,,,,,,,,,,
50,19,12,25,S35,False,17,3,20,12,0,0,0,0,0,"['B199', 'B197', 'B176', 'B286', 'B592', 'B647', 'B114', 'B370', 'B589', 'B662', 'B379', 'B344']",6.0,S42,1.31,5,3,8,0.0,,-0.94536,-13.308533,-14.253893,False,False,6,S42,False,2,0.2176,delivery,,,,,,,,,,,,,,,,,,,,,,,,,,,,,,,,,,,,,,,,,,,,,,,,,,,,
50,19,12,32,S42,False,5,3,8,5,0,0,0,0,0,"['B642', 'B477', 'B739', 'B71', 'B432']",2.5,S60,10.42,0,3,3,0.0,,-0.881437,-13.189761,-14.071197,False,False,4,S60,False,2,0.1725,delivery,,,,,,,,,,,,,,,,,,,,,,,,,,,,,,,,,,,,,,,,,,,,,,,,,,,,
50,19,12,45,S60,False,0,3,3,0,17,1,0,0,0,"['B279', 'B516', 'B663', 'B261', 'B331', 'B373', 'B66', 'B36', 'B564', 'B9', 'B62', 'B241', 'B227', 'B705', 'B473', 'B575', 'B725']",11.5,S15,4.42,17,3,20,0.0,,-0.324763,-13.015206,-13.339969,True,True,12,S15,True,10,0.6433,pickup+onsite,,,,,,,,,,,,,,,,,,,,,,,,,,,,,,,,,,,,,,,,,,,,,,,,,,,,
50,19,13,1,S15,False,17,3,20,17,0,0,0,0,0,"['B279', 'B516', 'B663', 'B261', 'B331', 'B373', 'B66', 'B36', 'B564', 'B9', 'B62', 'B241', 'B227', 'B705', 'B473', 'B575', 'B725']",8.5,S54,3.9,0,3,3,0.0,,-0.911429,-13.19878,-14.110209,False,False,6,S26,True,2,0.2119,delivery,,,,,,,,,,,,,,,,,,,,,,,,,,,,,,,,,,,,,,,,,,,,,,,,,,,,
50,19,13,13,S54,False,0,3,3,0,14,0,0,0,0,"['B4', 'B606', 'B448', 'B147', 'B196', 'B710', 'B179', 'B297', 'B232', 'B509', 'B268', 'B203', 'B766', 'B545']",7.0,S8,10.5,14,3,17,0.0,,-0.585421,-13.172092,-13.757513,False,False,6,S8,False,4,0.2548,pickup,,,,,,,,,,,,,,,,,,,,,,,,,,,,,,,,,,,,,,,,,,,,,,,,,,,,
50,19,13,31,S8,False,14,3,17,14,0,1,0,0,0,"['B4', 'B606', 'B448', 'B147', 'B196', 'B710', 'B179', 'B297', 'B232', 'B509', 'B268', 'B203', 'B766', 'B545']",10.0,S59,16.87,0,3,3,0.0,,-1.270127,-12.940716,-14.210844,True,True,8,S59,False,6,0.4297,delivery+onsite,,,,,,,,,,,,,,,,,,,,,,,,,,,,,,,,,,,,,,,,,,,,,,,,,,,,
50,19,13,58,S59,False,0,3,3,0,0,1,1,0,0,['B542'],3.5,S37,1.48,0,4,4,0.0,,-0.976171,-12.994828,-13.970999,True,True,24,S37,False,6,0.9757,do_nothing+maintenance,,,,,,,,,,,,,,,,,,,,,,,,,,,,,,,,,,,,,,,,,,,,,,,,,,,,
50,19,14,3,S37,False,0,4,4,0,16,1,0,0,0,"['B289', 'B537', 'B457', 'B517', 'B767', 'B152', 'B611', 'B640', 'B424', 'B609', 'B480', 'B126', 'B271', 'B416', 'B283', 'B639']",11.0,S26,7.79,16,4,20,0.0,,-0.616811,-12.909315,-13.526125,True,True,12,S59,True,6,0.4029,pickup+onsite,,,,,,,,,,,,,,,,,,,,,,,,,,,,,,,,,,,,,,,,,,,,,,,,,,,,
50,19,14,21,S26,False,16,4,20,16,0,0,0,0,0,"['B289', 'B537', 'B457', 'B517', 'B767', 'B152', 'B611', 'B640', 'B424', 'B609', 'B480', 'B126', 'B271', 'B416', 'B283', 'B639']",8.0,S31,6.02,0,4,4,0.0,,-1.079343,-12.864225,-13.943568,False,False,4,S31,False,2,0.1836,delivery,,,,,,,,,,,,,,,,,,,,,,,,,,,,,,,,,,,,,,,,,,,,,,,,,,,,
50,19,14,35,S31,False,0,4,4,0,0,0,2,0,0,"['B751', 'B626']",1.0,S40,3.53,0,6,6,0.0,,-1.429696,-13.020742,-14.450439,True,True,8,S40,False,4,0.3085,do_nothing+depot_removal,,,,,,,,,,,,,,,,,,,,,,,,,,,,,,,,,,,,,,,,,,,,,,,,,,,,
50,19,14,40,S40,False,0,6,6,0,13,0,0,0,0,"['B454', 'B665', 'B668', 'B116', 'B620', 'B693', 'B242', 'B587', 'B112', 'B411', 'B392', 'B132', 'B749']",6.5,S27,2.68,13,6,19,0.0,,-0.842133,-13.168083,-14.010216,False,False,6,S27,False,4,0.2018,pickup,,,,,,,,,,,,,,,,,,,,,,,,,,,,,,,,,,,,,,,,,,,,,,,,,,,,
50,19,14,49,S27,False,13,6,19,13,0,0,0,0,0,"['B454', 'B665', 'B668', 'B116', 'B620', 'B693', 'B242', 'B587', 'B112', 'B411', 'B392', 'B132', 'B749']",6.5,S31,2.27,0,6,6,0.0,,-0.846177,-13.020235,-13.866411,False,False,4,S32,True,2,0.1462,delivery,,,,,,,,,,,,,,,,,,,,,,,,,,,,,,,,,,,,,,,,,,,,,,,,,,,,
50,19,14,58,S31,False,0,6,6,0,0,0,0,0,0,[],0.0,S35,8.41,0,6,6,0.0,,-0.986859,-12.963279,-13.950138,False,False,4,S35,False,0,0.1488,do_nothing,,,,,,,,,,,,,,,,,,,,,,,,,,,,,,,,,,,,,,,,,,,,,,,,,,,,
50,19,15,6,S35,False,0,6,6,0,14,0,0,0,0,"['B40', 'B630', 'B312', 'B145', 'B595', 'B284', 'B482', 'B396', 'B613', 'B135', 'B691', 'B246', 'B540', 'B117']",7.0,S39,11.31,14,6,20,0.0,,-1.374255,-12.834477,-14.208732,False,False,6,S39,True,2,0.2075,pickup,,,,,,,,,,,,,,,,,,,,,,,,,,,,,,,,,,,,,,,,,,,,,,,,,,,,
50,19,15,25,S39,False,14,6,20,14,0,0,0,0,0,"['B40', 'B630', 'B312', 'B145', 'B595', 'B284', 'B482', 'B396', 'B613', 'B135', 'B691', 'B246', 'B540', 'B117']",7.0,S31,3.72,0,6,6,0.0,,-1.205887,-13.038325,-14.244213,False,False,4,S18,True,2,0.1343,delivery,,,,,,,,,,,,,,,,,,,,,,,,,,,,,,,,,,,,,,,,,,,,,,,,,,,,
50,19,15,35,S31,False,0,6,6,0,14,0,0,0,0,"['B251', 'B563', 'B161', 'B302', 'B477', 'B210', 'B307', 'B576', 'B316', 'B64', 'B423', 'B378', 'B442', 'B543']",7.0,S41,1.27,14,6,20,0.0,,-0.876222,-12.765743,-13.641965,False,False,4,S41,False,2,0.1688,pickup,,,,,,,,,,,,,,,,,,,,,,,,,,,,,,,,,,,,,,,,,,,,,,,,,,,,
50,19,15,44,S41,False,14,6,20,14,0,0,0,0,0,"['B251', 'B563', 'B161', 'B302', 'B477', 'B210', 'B307', 'B576', 'B316', 'B64', 'B423', 'B378', 'B442', 'B543']",7.0,S31,1.27,0,6,6,0.0,,-1.305256,-12.764314,-14.06957,False,False,4,S31,False,2,0.1374,delivery,,,,,,,,,,,,,,,,,,,,,,,,,,,,,,,,,,,,,,,,,,,,,,,,,,,,
50,19,15,52,S31,False,0,6,6,0,14,0,0,0,0,"['B765', 'B84', 'B286', 'B77', 'B56', 'B266', 'B667', 'B360', 'B272', 'B197', 'B752', 'B426', 'B597', 'B165']",7.0,S18,1.71,14,6,20,0.0,,-0.716334,-12.743325,-13.459659,False,False,4,S43,True,2,0.187,pickup,,,,,,,,,,,,,,,,,,,,,,,,,,,,,,,,,,,,,,,,,,,,,,,,,,,,
50,19,16,1,S18,False,14,6,20,14,0,0,0,0,0,"['B765', 'B84', 'B286', 'B77', 'B56', 'B266', 'B667', 'B360', 'B272', 'B197', 'B752', 'B426', 'B597', 'B165']",7.0,S22,5.73,0,6,6,0.0,,-0.687096,-12.627283,-13.314379,False,False,6,S3,True,4,0.2458,delivery,,,,,,,,,,,,,,,,,,,,,,,,,,,,,,,,,,,,,,,,,,,,,,,,,,,,
50,19,16,13,S22,False,0,6,6,0,12,1,0,0,0,"['B154', 'B34', 'B224', 'B492', 'B551', 'B506', 'B567', 'B528', 'B346', 'B287', 'B403', 'B464']",9.0,S3,11.77,12,6,18,0.0,,-0.977577,-12.602,-13.579577,True,True,12,S3,False,10,0.4153,pickup+onsite,,,,,,,,,,,,,,,,,,,,,,,,,,,,,,,,,,,,,,,,,,,,,,,,,,,,
50,19,16,34,S3,False,12,6,18,12,0,0,0,0,0,"['B154', 'B34', 'B224', 'B492', 'B551', 'B506', 'B567', 'B528', 'B346', 'B287', 'B403', 'B464']",6.0,S55,1.62,0,6,6,0.0,,-0.751283,-12.561164,-13.312447,False,False,4,S55,False,2,0.133,delivery,,,,,,,,,,,,,,,,,,,,,,,,,,,,,,,,,,,,,,,,,,,,,,,,,,,,
50,19,16,42,S55,False,0,6,6,0,14,0,0,0,0,"['B157', 'B429', 'B68', 'B13', 'B219', 'B164', 'B589', 'B342', 'B2', 'B111', 'B702', 'B560', 'B85', 'B67']",7.0,S32,1.17,14,6,20,0.0,,-0.425447,-12.589085,-13.014532,False,False,4,S32,False,2,0.222,pickup,,,,,,,,,,,,,,,,,,,,,,,,,,,,,,,,,,,,,,,,,,,,,,,,,,,,
50,19,16,50,S32,False,14,6,20,14,0,0,0,0,0,"['B157', 'B429', 'B68', 'B13', 'B219', 'B164', 'B589', 'B342', 'B2', 'B111', 'B702', 'B560', 'B85', 'B67']",7.0,S43,3.61,0,6,6,0.0,,-0.423864,-12.337725,-12.761589,False,False,6,S26,True,4,0.2854,delivery,,,,,,,,,,,,,,,,,,,,,,,,,,,,,,,,,,,,,,,,,,,,,,,,,,,,
50,19,17,0,S43,False,0,6,6,0,12,1,1,0,0,"['B529', 'B245', 'B250', 'B169', 'B258', 'B23', 'B649', 'B619', 'B546', 'B141', 'B370', 'B187', 'B737']",9.5,S26,8.51,12,7,19,0.0,,-0.651417,-12.353529,-13.004946,True,True,20,S26,False,18,0.7487,pickup+maintenance,,,,,,,,,,,,,,,,,,,,,,,,,,,,,,,,,,,,,,,,,,,,,,,,,,,,
50,19,17,18,S26,False,12,7,19,0,0,0,0,0,0,[],0.0,S29,5.02,12,7,19,0.0,,-0.525311,-12.441575,-12.966886,False,False,4,S64,True,0,0.1555,do_nothing,,,,,,,,,,,,,,,,,,,,,,,,,,,,,,,,,,,,,,,,,,,,,,,,,,,,
50,19,17,24,S29,False,12,7,19,0,0,0,0,0,0,[],0.0,S26,5.02,12,7,19,0.0,,-0.328911,-12.420135,-12.749046,False,False,4,S26,False,0,0.1517,do_nothing,,,,,,,,,,,,,,,,,,,,,,,,,,,,,,,,,,,,,,,,,,,,,,,,,,,,
50,19,17,29,S26,False,12,7,19,0,0,0,0,0,0,[],0.0,S29,5.02,12,7,19,0.0,,-0.521584,-12.547544,-13.069127,False,False,4,S64,True,0,0.1533,do_nothing,,,,,,,,,,,,,,,,,,,,,,,,,,,,,,,,,,,,,,,,,,,,,,,,,,,,
50,19,17,34,S29,False,12,7,19,0,0,0,0,0,0,[],0.0,S26,5.02,12,7,19,0.0,,-0.423703,-12.386454,-12.810157,False,False,4,S26,False,0,0.1569,do_nothing,,,,,,,,,,,,,,,,,,,,,,,,,,,,,,,,,,,,,,,,,,,,,,,,,,,,
50,19,17,39,S26,False,12,7,19,12,0,0,0,0,0,"['B529', 'B245', 'B250', 'B169', 'B258', 'B23', 'B649', 'B619', 'B546', 'B141', 'B370', 'B187']",6.0,S64,7.31,0,7,7,0.0,,-0.756847,-12.378123,-13.134969,False,False,4,S64,False,2,0.1575,delivery,,,,,,,,,,,,,,,,,,,,,,,,,,,,,,,,,,,,,,,,,,,,,,,,,,,,
50,19,17,52,S64,False,0,7,7,0,12,0,1,0,0,"['B491', 'B650', 'B397', 'B729', 'B315', 'B562', 'B601', 'B336', 'B496', 'B247', 'B81', 'B446', 'B278']",6.5,S29,7.1,12,8,20,0.0,,-0.818913,-12.195162,-13.014074,True,True,8,S38,True,6,0.2944,pickup+depot_removal,,,,,,,,,,,,,,,,,,,,,,,,,,,,,,,,,,,,,,,,,,,,,,,,,,,,
50,19,18,5,S29,False,12,8,20,12,0,0,0,0,0,"['B491', 'B650', 'B397', 'B729', 'B315', 'B562', 'B601', 'B336', 'B496', 'B247', 'B81', 'B446']",6.0,S33,4.32,0,8,8,0.0,,-0.491097,-12.206907,-12.698004,False,False,4,S40,True,2,0.1639,delivery,,,,,,,,,,,,,,,,,,,,,,,,,,,,,,,,,,,,,,,,,,,,,,,,,,,,
50,19,18,16,S33,False,0,8,8,0,0,0,1,0,0,['B599'],0.5,S1,6.32,0,9,9,0.0,,-0.065663,-12.13398,-12.199644,True,True,10,S1,False,2,0.3943,do_nothing+depot_removal,,,,,,,,,,,,,,,,,,,,,,,,,,,,,,,,,,,,,,,,,,,,,,,,,,,,
50,19,18,23,S1,False,0,9,9,0,11,0,0,0,0,"['B522', 'B418', 'B553', 'B375', 'B42', 'B230', 'B532', 'B22', 'B50', 'B710', 'B488']",5.5,S35,0.53,11,9,20,0.0,,-0.163119,-12.091322,-12.254441,True,False,6,S33,True,4,0.2145,pickup,,,,,,,,,,,,,,,,,,,,,,,,,,,,,,,,,,,,,,,,,,,,,,,,,,,,
50,19,18,29,S35,False,11,9,20,11,0,0,0,0,0,"['B522', 'B418', 'B553', 'B375', 'B42', 'B230', 'B532', 'B22', 'B50', 'B710', 'B488']",5.5,S42,1.31,0,9,9,0.0,,-0.197983,-12.117544,-12.315527,False,False,4,S42,False,2,0.1574,delivery,,,,,,,,,,,,,,,,,,,,,,,,,,,,,,,,,,,,,,,,,,,,,,,,,,,,
50,19,18,35,S42,False,0,9,9,0,0,0,0,0,0,[],0.0,S11,1.48,0,9,9,0.0,,-0.295692,-12.437963,-12.733655,False,False,6,S11,False,0,0.2432,do_nothing,,,,,,,,,,,,,,,,,,,,,,,,,,,,,,,,,,,,,,,,,,,,,,,,,,,,
50,19,18,37,S11,False,0,9,9,0,0,0,0,0,0,[],0.0,S42,1.48,0,9,9,0.0,,-0.163044,-12.464269,-12.627313,False,False,6,S40,True,0,0.2475,do_nothing,,,,,,,,,,,,,,,,,,,,,,,,,,,,,,,,,,,,,,,,,,,,,,,,,,,,
50,19,18,38,S42,False,0,9,9,0,0,0,0,0,0,[],0.0,S11,1.48,0,9,9,0.0,,0.0,-12.398389,-12.398389,False,False,6,S11,False,0,0.2503,do_nothing,,,,,,,,,,,,,,,,,,,,,,,,,,,,,,,,,,,,,,,,,,,,,,,,,,,,
50,19,18,40,S11,False,0,9,9,0,0,0,0,0,0,[],0.0,S42,1.48,0,9,9,0.0,,-0.064095,-12.499686,-12.563781,False,False,6,S40,True,0,0.2524,do_nothing,,,,,,,,,,,,,,,,,,,,,,,,,,,,,,,,,,,,,,,,,,,,,,,,,,,,
50,19,18,41,S42,False,0,9,9,0,0,0,0,0,0,[],0.0,S11,1.48,0,9,9,0.0,,-0.197234,-12.458813,-12.656048,False,False,6,S11,False,0,0.2454,do_nothing,,,,,,,,,,,,,,,,,,,,,,,,,,,,,,,,,,,,,,,,,,,,,,,,,,,,
50,19,18,43,S11,False,0,9,9,0,0,0,0,0,0,[],0.0,S42,1.48,0,9,9,0.0,,-0.130582,-12.504444,-12.635026,False,False,6,S40,True,0,0.243,do_nothing,,,,,,,,,,,,,,,,,,,,,,,,,,,,,,,,,,,,,,,,,,,,,,,,,,,,
50,19,18,44,S42,False,0,9,9,0,0,0,0,0,0,[],0.0,S11,1.48,0,9,9,0.0,,-0.033207,-12.475218,-12.508425,False,False,6,S11,False,0,0.2498,do_nothing,,,,,,,,,,,,,,,,,,,,,,,,,,,,,,,,,,,,,,,,,,,,,,,,,,,,
50,19,18,46,S11,False,0,9,9,0,0,0,0,0,0,[],0.0,S42,1.48,0,9,9,0.0,,-0.228548,-12.506949,-12.735497,False,False,6,S40,True,0,0.2934,do_nothing,,,,,,,,,,,,,,,,,,,,,,,,,,,,,,,,,,,,,,,,,,,,,,,,,,,,
50,19,18,47,S42,False,0,9,9,0,0,0,0,0,0,[],0.0,S11,1.48,0,9,9,0.0,,-0.193119,-12.519224,-12.712343,False,False,6,S11,False,0,0.2802,do_nothing,,,,,,,,,,,,,,,,,,,,,,,,,,,,,,,,,,,,,,,,,,,,,,,,,,,,
50,19,18,49,S11,False,0,9,9,0,8,0,0,0,0,"['B273', 'B365', 'B296', 'B614', 'B617', 'B282', 'B600', 'B211']",4.0,S40,7.32,8,9,17,0.0,,-0.198157,-12.492179,-12.690336,False,False,6,S40,False,2,0.2862,pickup,,,,,,,,,,,,,,,,,,,,,,,,,,,,,,,,,,,,,,,,,,,,,,,,,,,,
50,19,19,0,S40,False,8,9,17,4,0,0,1,0,0,"['B251', 'B273', 'B365', 'B296', 'B614']",2.5,S33,1.51,4,10,14,0.0,,-0.098451,-12.484201,-12.582653,True,True,12,S63,True,10,0.4143,delivery+depot_removal,,,,,,,,,,,,,,,,,,,,,,,,,,,,,,,,,,,,,,,,,,,,,,,,,,,,
50,19,19,4,S33,False,4,10,14,0,6,0,0,0,0,"['B612', 'B18', 'B162', 'B627', 'B239', 'B570']",3.0,S63,1.55,10,10,20,0.0,,-0.097542,-12.45682,-12.554361,False,False,4,S63,False,2,0.1345,pickup,,,,,,,,,,,,,,,,,,,,,,,,,,,,,,,,,,,,,,,,,,,,,,,,,,,,
50,19,19,9,S63,False,10,10,20,10,0,0,0,0,0,"['B617', 'B282', 'B600', 'B211', 'B612', 'B18', 'B162', 'B627', 'B239', 'B570']",5.0,S33,1.55,0,10,10,0.0,,0.0,-12.351515,-12.351515,False,False,4,S44,True,2,0.1608,delivery,,,,,,,,,,,,,,,,,,,,,,,,,,,,,,,,,,,,,,,,,,,,,,,,,,,,
50,19,19,15,S33,False,0,10,10,0,10,0,0,0,0,"['B708', 'B216', 'B696', 'B340', 'B606', 'B425', 'B493', 'B767', 'B131', 'B108']",5.0,S44,1.28,10,10,20,0.0,,-0.128926,-12.264941,-12.393866,False,False,4,S44,False,2,0.1664,pickup,,,,,,,,,,,,,,,,,,,,,,,,,,,,,,,,,,,,,,,,,,,,,,,,,,,,
50,19,19,21,S44,False,10,10,20,8,0,0,1,0,0,"['B248', 'B708', 'B216', 'B696', 'B340', 'B606', 'B425', 'B493', 'B767']",4.5,S54,3.95,2,11,13,0.0,,-0.031966,-12.234039,-12.266005,True,True,10,S54,False,4,0.3505,delivery+depot_removal,,,,,,,,,,,,,,,,,,,,,,,,,,,,,,,,,,,,,,,,,,,,,,,,,,,,
50,19,19,30,S54,False,2,11,13,0,7,0,0,0,0,"['B275', 'B640', 'B240', 'B443', 'B192', 'B548', 'B243']",3.5,S10,1.21,9,11,20,0.0,,-0.194661,-12.067014,-12.261675,False,False,3,S10,False,1,0.1199,pickup,,,,,,,,,,,,,,,,,,,,,,,,,,,,,,,,,,,,,,,,,,,,,,,,,,,,
50,19,19,35,S10,False,9,11,20,0,0,0,0,0,0,[],0.0,S34,1.86,9,11,20,0.0,,-0.066245,-11.911028,-11.977273,False,False,4,D0,True,0,0.1609,do_nothing,,,,,,,,,,,,,,,,,,,,,,,,,,,,,,,,,,,,,,,,,,,,,,,,,,,,
50,19,19,37,S34,False,9,11,20,0,0,0,0,0,0,[],0.0,S10,1.86,9,11,20,0.0,,-0.065245,-12.005556,-12.070801,False,False,4,S10,False,0,0.161,do_nothing,,,,,,,,,,,,,,,,,,,,,,,,,,,,,,,,,,,,,,,,,,,,,,,,,,,,
50,19,19,38,S10,False,9,11,20,0,0,0,0,0,0,[],0.0,S34,1.86,9,11,20,0.0,,-0.064342,-11.922515,-11.986857,False,False,4,D0,True,0,0.1611,do_nothing,,,,,,,,,,,,,,,,,,,,,,,,,,,,,,,,,,,,,,,,,,,,,,,,,,,,
50,19,19,40,S34,False,9,11,20,0,0,0,0,0,0,[],0.0,S10,1.86,9,11,20,0.0,,-0.16254,-12.023669,-12.186209,False,False,4,S10,False,0,0.165,do_nothing,,,,,,,,,,,,,,,,,,,,,,,,,,,,,,,,,,,,,,,,,,,,,,,,,,,,
50,19,19,42,S10,False,9,11,20,0,0,0,0,0,0,[],0.0,S34,1.86,9,11,20,0.0,,-0.098864,-11.994237,-12.093102,False,False,4,D0,True,0,0.1655,do_nothing,,,,,,,,,,,,,,,,,,,,,,,,,,,,,,,,,,,,,,,,,,,,,,,,,,,,
50,19,19,44,S34,False,9,11,20,0,0,0,0,0,0,[],0.0,S10,1.86,9,11,20,0.0,,-0.032129,-12.047257,-12.079386,False,False,4,S10,False,0,0.1697,do_nothing,,,,,,,,,,,,,,,,,,,,,,,,,,,,,,,,,,,,,,,,,,,,,,,,,,,,
50,19,19,46,S10,False,9,11,20,0,0,0,0,0,0,[],0.0,S34,1.86,9,11,20,0.0,,-0.066582,-11.709282,-11.775864,False,False,4,D0,True,0,0.1623,do_nothing,,,,,,,,,,,,,,,,,,,,,,,,,,,,,,,,,,,,,,,,,,,,,,,,,,,,
50,19,19,48,S34,False,9,11,20,9,0,0,0,0,0,"['B131', 'B108', 'B275', 'B640', 'B240', 'B443', 'B192', 'B548', 'B243']",4.5,D0,1.54,0,11,11,0.0,,-0.066245,-11.949015,-12.01526,False,False,3,D0,True,1,0.1289,delivery,,,,,,,,,,,,,,,,,,,,,,,,,,,,,,,,,,,,,,,,,,,,,,,,,,,,
50,19,19,54,D0,True,0,11,11,0,0,0,0,11,19,"['B387', 'B741', 'B183', 'B633', 'B463', 'B484', 'B181', 'B386', 'B508', 'B175', 'B486', 'B170', 'B750', 'B80', 'B550', 'B366', 'B578', 'B78', 'B288', 'B236', 'B298', 'B194', 'B542', 'B751', 'B626', 'B737', 'B278', 'B599', 'B251', 'B248']",15.0,D0,0.0,19,0,19,0.0,,-0.032539,-11.812543,-11.845082,True,True,1,D0,False,0,0.0501,do_nothing,,,,,,,,,,,,,,,,,,,,,,,,,,,,,,,,,,,,,,,,,,,,,,,,,,,,
50,20,6,9,D0,True,19,0,19,0,0,0,0,0,0,[],0.0,S23,4.45,19,0,19,0.0,,0.0,-12.816284,-12.816284,True,True,1,S23,False,0,0.047,depot_passthrough,,,,,,,,,,,,,,,,,,,,,,,,,,,,,,,,,,,,,,,,,,,,,,,,,,,,
50,20,6,28,S23,False,19,0,19,0,0,0,0,0,0,[],0.0,S20,4.61,19,0,19,0.0,,-0.032539,-12.735638,-12.768177,False,False,6,S59,True,0,0.2448,do_nothing,,,,,,,,,,,,,,,,,,,,,,,,,,,,,,,,,,,,,,,,,,,,,,,,,,,,
50,20,6,33,S20,False,19,0,19,11,0,1,0,0,0,"['B387', 'B741', 'B183', 'B633', 'B463', 'B484', 'B181', 'B386', 'B508', 'B175', 'B486']",8.5,S23,4.61,8,0,8,0.0,,0.0,-12.445538,-12.445538,True,True,12,S23,True,10,0.4329,delivery+onsite,,,,,,,,,,,,,,,,,,,,,,,,,,,,,,,,,,,,,,,,,,,,,,,,,,,,
50,20,6,46,S23,False,8,0,8,8,0,0,0,0,0,"['B170', 'B750', 'B80', 'B550', 'B366', 'B578', 'B78', 'B288']",4.0,S59,6.18,0,0,0,0.0,,-0.064754,-12.357497,-12.422251,False,False,4,S59,False,2,0.1376,delivery,,,,,,,,,,,,,,,,,,,,,,,,,,,,,,,,,,,,,,,,,,,,,,,,,,,,
50,20,6,56,S59,False,0,0,0,0,20,0,0,0,0,"['B447', 'B706', 'B182', 'B333', 'B465', 'B6', 'B98', 'B8', 'B352', 'B504', 'B421', 'B503', 'B659', 'B451', 'B330', 'B441', 'B372', 'B53', 'B401', 'B449']",10.0,S40,4.5,20,0,20,0.0,,-0.031885,-12.371704,-12.403589,False,False,4,S40,False,2,0.1235,pickup,,,,,,,,,,,,,,,,,,,,,,,,,,,,,,,,,,,,,,,,,,,,,,,,,,,,
50,20,7,11,S40,False,20,0,20,0,0,0,0,0,0,[],0.0,S65,6.32,20,0,20,0.0,,0.0,-12.431641,-12.431641,False,False,2,S65,False,0,0.0757,do_nothing,,,,,,,,,,,,,,,,,,,,,,,,,,,,,,,,,,,,,,,,,,,,,,,,,,,,
50,20,7,17,S65,False,20,0,20,0,0,0,0,0,0,[],0.0,S25,6.93,20,0,20,0.0,,-0.065161,-12.36411,-12.429271,False,False,6,S47,True,0,0.2544,do_nothing,,,,,,,,,,,,,,,,,,,,,,,,,,,,,,,,,,,,,,,,,,,,,,,,,,,,
50,20,7,24,S25,False,20,0,20,9,0,0,0,0,0,"['B447', 'B706', 'B182', 'B333', 'B465', 'B6', 'B98', 'B8', 'B352']",4.5,S65,6.93,11,0,11,0.0,,-0.099116,-12.433202,-12.532318,False,False,6,S65,False,2,0.2219,delivery,,,,,,,,,,,,,,,,,,,,,,,,,,,,,,,,,,,,,,,,,,,,,,,,,,,,
50,20,7,35,S65,False,11,0,11,0,0,0,0,0,0,[],0.0,S38,5.71,11,0,11,0.0,,-0.162794,-11.738719,-11.901513,False,False,4,S38,True,0,0.1362,do_nothing,,,,,,,,,,,,,,,,,,,,,,,,,,,,,,,,,,,,,,,,,,,,,,,,,,,,
50,20,7,41,S38,False,11,0,11,0,9,0,0,0,0,"['B466', 'B474', 'B65', 'B594', 'B637', 'B367', 'B173', 'B717', 'B746']",4.5,S65,5.71,20,0,20,0.0,,-0.03221,-11.722187,-11.754398,False,False,4,S65,False,2,0.1461,pickup,,,,,,,,,,,,,,,,,,,,,,,,,,,,,,,,,,,,,,,,,,,,,,,,,,,,
50,20,7,51,S65,False,20,0,20,0,0,0,0,0,0,[],0.0,S19,11.76,20,0,20,0.0,,-0.033291,-11.64655,-11.679841,False,False,6,S47,True,0,0.3214,do_nothing,,,,,,,,,,,,,,,,,,,,,,,,,,,,,,,,,,,,,,,,,,,,,,,,,,,,
50,20,8,3,S19,False,20,0,20,6,0,1,0,0,0,"['B504', 'B421', 'B503', 'B659', 'B451', 'B330']",6.0,S63,4.53,14,0,14,0.0,,-0.031885,-11.788655,-11.82054,True,True,12,S65,True,10,0.4335,delivery+onsite,,,,,,,,,,,,,,,,,,,,,,,,,,,,,,,,,,,,,,,,,,,,,,,,,,,,
50,20,8,13,S63,False,14,0,14,0,6,0,0,0,0,"['B162', 'B627', 'B239', 'B570', 'B608', 'B188']",3.0,S65,7.4,20,0,20,0.0,,0.0,-11.76624,-11.76624,False,False,4,S65,False,2,0.1432,pickup,,,,,,,,,,,,,,,,,,,,,,,,,,,,,,,,,,,,,,,,,,,,,,,,,,,,
50,20,8,24,S65,False,20,0,20,15,0,0,0,0,0,"['B441', 'B372', 'B53', 'B401', 'B449', 'B466', 'B474', 'B65', 'B594', 'B637', 'B367', 'B173', 'B717', 'B746', 'B162']",7.5,D0,3.15,5,0,5,0.0,,-0.064096,-11.846973,-11.911069,False,False,6,S18,True,5,0.2351,delivery,,,,,,,,,,,,,,,,,,,,,,,,,,,,,,,,,,,,,,,,,,,,,,,,,,,,
50,20,8,34,D0,True,5,0,5,0,0,0,0,0,0,[],0.0,S18,1.79,5,0,5,0.0,,-0.064671,-12.044062,-12.108733,True,True,1,S18,False,0,0.0433,depot_passthrough,,,,,,,,,,,,,,,,,,,,,,,,,,,,,,,,,,,,,,,,,,,,,,,,,,,,
50,20,8,51,S18,False,5,0,5,0,0,0,0,0,0,[],0.0,S59,0.93,5,0,5,0.0,,0.0,-12.079916,-12.079916,False,False,4,S21,True,0,0.1307,do_nothing,,,,,,,,,,,,,,,,,,,,,,,,,,,,,,,,,,,,,,,,,,,,,,,,,,,,
50,20,8,52,S59,False,5,0,5,0,0,0,0,0,0,[],0.0,D0,2.27,5,0,5,0.0,,-0.032129,-12.103162,-12.13529,False,False,4,S18,True,1,0.1382,do_nothing,,,,,,,,,,,,,,,,,,,,,,,,,,,,,,,,,,,,,,,,,,,,,,,,,,,,
50,20,8,54,D0,True,5,0,5,0,0,0,0,0,0,[],0.0,S18,1.79,5,0,5,0.0,,0.0,-12.249561,-12.249561,True,True,1,S18,False,0,0.0449,depot_passthrough,,,,,,,,,,,,,,,,,,,,,,,,,,,,,,,,,,,,,,,,,,,,,,,,,,,,
50,20,9,11,S18,False,5,0,5,0,1,0,0,0,0,['B272'],0.5,S4,0.8,6,0,6,0.0,,0.0,-12.112289,-12.112289,False,False,8,D0,True,4,0.2789,pickup,,,,,,,,,,,,,,,,,,,,,,,,,,,,,,,,,,,,,,,,,,,,,,,,,,,,
50,20,9,13,S4,False,6,0,6,0,0,0,0,0,0,[],0.0,S66,2.35,6,0,6,0.0,,0.0,-12.119233,-12.119233,False,False,4,S66,False,0,0.1489,do_nothing,,,,,,,,,,,,,,,,,,,,,,,,,,,,,,,,,,,,,,,,,,,,,,,,,,,,
50,20,9,15,S66,False,6,0,6,6,0,0,0,0,0,"['B627', 'B239', 'B570', 'B608', 'B188', 'B272']",3.0,D0,1.4,0,0,0,0.0,,-0.064177,-12.216875,-12.281053,False,False,4,D0,False,3,0.1359,delivery,,,,,,,,,,,,,,,,,,,,,,,,,,,,,,,,,,,,,,,,,,,,,,,,,,,,
50,20,9,19,D0,True,0,0,0,0,0,0,0,0,0,[],0.0,S4,1.53,0,0,0,0.0,,-0.096551,-12.363635,-12.460187,True,True,1,S4,False,0,0.0399,depot_passthrough,,,,,,,,,,,,,,,,,,,,,,,,,,,,,,,,,,,,,,,,,,,,,,,,,,,,
50,20,9,36,S4,False,0,0,0,0,9,0,0,0,0,"['B653', 'B289', 'B371', 'B674', 'B590', 'B257', 'B412', 'B537', 'B244']",4.5,S54,5.11,9,0,9,0.0,,-0.128934,-12.176901,-12.305835,False,False,4,S51,True,2,0.1954,pickup,,,,,,,,,,,,,,,,,,,,,,,,,,,,,,,,,,,,,,,,,,,,,,,,,,,,
50,20,9,45,S54,False,9,0,9,9,0,1,0,0,0,"['B653', 'B289', 'B371', 'B674', 'B590', 'B257', 'B412', 'B537', 'B244']",7.5,S51,6.18,0,0,0,0.0,,-0.224742,-12.061537,-12.286279,True,True,8,S51,False,6,0.4225,delivery+onsite,,,,,,,,,,,,,,,,,,,,,,,,,,,,,,,,,,,,,,,,,,,,,,,,,,,,
50,20,9,59,S51,False,0,0,0,0,11,0,1,0,0,"['B593', 'B369', 'B381', 'B111', 'B34', 'B702', 'B92', 'B85', 'B220', 'B7', 'B266', 'B452']",6.0,S30,9.24,11,1,12,0.0,,0.0,-11.954329,-11.954329,True,True,12,S30,True,6,0.5339,pickup+depot_removal,,,,,,,,,,,,,,,,,,,,,,,,,,,,,,,,,,,,,,,,,,,,,,,,,,,,
50,20,10,14,S30,False,11,1,12,9,0,0,0,0,0,"['B593', 'B369', 'B381', 'B111', 'B34', 'B702', 'B92', 'B85', 'B220']",4.5,S17,7.68,2,1,3,0.0,,-0.129091,-11.952967,-12.082058,False,False,6,S4,True,2,0.2215,delivery,,,,,,,,,,,,,,,,,,,,,,,,,,,,,,,,,,,,,,,,,,,,,,,,,,,,
50,20,10,27,S17,False,2,1,3,0,17,0,0,0,0,"['B410', 'B221', 'B107', 'B670', 'B124', 'B764', 'B453', 'B758', 'B24', 'B437', 'B109', 'B572', 'B657', 'B733', 'B327', 'B303', 'B478']",8.5,S35,7.9,19,1,20,0.0,,-0.06475,-12.075924,-12.140674,False,False,4,S35,False,2,0.1441,pickup,,,,,,,,,,,,,,,,,,,,,,,,,,,,,,,,,,,,,,,,,,,,,,,,,,,,
50,20,10,43,S35,False,19,1,20,0,0,0,0,0,0,[],0.0,S4,8.01,19,1,20,0.0,,-0.098282,-12.087225,-12.185507,False,False,6,S4,False,0,0.211,do_nothing,,,,,,,,,,,,,,,,,,,,,,,,,,,,,,,,,,,,,,,,,,,,,,,,,,,,
50,20,10,51,S4,False,19,1,20,0,0,0,0,0,0,[],0.0,S35,8.01,19,1,20,0.0,,-0.130242,-12.271212,-12.401454,False,False,6,S35,False,0,0.2239,do_nothing,,,,,,,,,,,,,,,,,,,,,,,,,,,,,,,,,,,,,,,,,,,,,,,,,,,,
50,20,10,59,S35,False,19,1,20,14,0,0,0,0,0,"['B7', 'B266', 'B410', 'B221', 'B107', 'B670', 'B124', 'B764', 'B453', 'B758', 'B24', 'B437', 'B109', 'B572']",7.0,S46,5.93,5,1,6,0.0,,-0.163135,-12.225083,-12.388217,False,False,6,S46,False,4,0.2243,delivery,,,,,,,,,,,,,,,,,,,,,,,,,,,,,,,,,,,,,,,,,,,,,,,,,,,,
50,20,11,12,S46,False,5,1,6,5,0,0,0,0,0,"['B657', 'B733', 'B327', 'B303', 'B478']",2.5,S39,6.26,0,1,1,0.0,,-0.257616,-12.290042,-12.547658,False,False,4,S39,False,2,0.145,delivery,,,,,,,,,,,,,,,,,,,,,,,,,,,,,,,,,,,,,,,,,,,,,,,,,,,,
50,20,11,21,S39,False,0,1,1,0,0,0,0,0,0,[],0.0,S37,3.55,0,1,1,0.0,,-0.129419,-12.17707,-12.306489,False,False,4,S37,False,0,0.1596,do_nothing,,,,,,,,,,,,,,,,,,,,,,,,,,,,,,,,,,,,,,,,,,,,,,,,,,,,
50,20,11,24,S37,False,0,1,1,0,17,0,0,0,0,"['B274', 'B623', 'B55', 'B69', 'B13', 'B631', 'B136', 'B25', 'B130', 'B511', 'B50', 'B97', 'B710', 'B384', 'B125', 'B487', 'B436']",8.5,S4,0.75,17,1,18,0.0,,-0.197239,-12.277377,-12.474615,False,False,6,S39,True,4,0.2212,pickup,,,,,,,,,,,,,,,,,,,,,,,,,,,,,,,,,,,,,,,,,,,,,,,,,,,,
50,20,11,33,S4,False,17,1,18,8,0,0,0,0,0,"['B274', 'B623', 'B55', 'B69', 'B13', 'B631', 'B136', 'B25']",4.0,S39,3.3,9,1,10,0.0,,-0.29336,-12.277525,-12.570884,False,False,6,S39,False,2,0.2194,delivery,,,,,,,,,,,,,,,,,,,,,,,,,,,,,,,,,,,,,,,,,,,,,,,,,,,,
50,20,11,41,S39,False,9,1,10,0,0,0,0,0,0,[],0.0,S23,5.18,9,1,10,0.0,,-0.261574,-12.096857,-12.358432,False,False,4,S32,True,0,0.1548,do_nothing,,,,,,,,,,,,,,,,,,,,,,,,,,,,,,,,,,,,,,,,,,,,,,,,,,,,
50,20,11,46,S23,False,9,1,10,0,10,0,0,0,0,"['B78', 'B288', 'B17', 'B610', 'B521', 'B176', 'B621', 'B679', 'B42', 'B560']",5.0,S62,8.01,19,1,20,0.0,,-0.356544,-11.984359,-12.340903,False,False,6,S62,True,2,0.2255,pickup,,,,,,,,,,,,,,,,,,,,,,,,,,,,,,,,,,,,,,,,,,,,,,,,,,,,
50,20,11,59,S62,False,19,1,20,13,0,0,0,0,0,"['B130', 'B511', 'B50', 'B97', 'B710', 'B384', 'B125', 'B487', 'B436', 'B78', 'B288', 'B17', 'B610']",6.5,S39,5.74,6,1,7,0.0,,-0.065665,-12.028004,-12.09367,False,False,6,S39,False,4,0.2349,delivery,,,,,,,,,,,,,,,,,,,,,,,,,,,,,,,,,,,,,,,,,,,,,,,,,,,,
50,20,12,11,S39,False,6,1,7,0,0,0,0,0,0,[],0.0,S49,0.84,6,1,7,0.0,,-0.356628,-12.152073,-12.5087,False,False,6,S49,True,0,0.2247,do_nothing,,,,,,,,,,,,,,,,,,,,,,,,,,,,,,,,,,,,,,,,,,,,,,,,,,,,
50,20,12,12,S49,False,6,1,7,6,0,0,0,0,0,"['B521', 'B176', 'B621', 'B679', 'B42', 'B560']",3.0,S30,3.29,0,1,1,0.0,,-0.390427,-12.062844,-12.453271,False,False,4,S30,False,2,0.1559,delivery,,,,,,,,,,,,,,,,,,,,,,,,,,,,,,,,,,,,,,,,,,,,,,,,,,,,
50,20,12,18,S30,False,0,1,1,0,7,0,0,0,0,"['B593', 'B369', 'B381', 'B111', 'B34', 'B702', 'B92']",3.5,S31,1.91,7,1,8,0.0,,-0.161138,-12.103037,-12.264175,False,False,6,S3,True,2,0.2115,pickup,,,,,,,,,,,,,,,,,,,,,,,,,,,,,,,,,,,,,,,,,,,,,,,,,,,,
50,20,12,24,S31,False,7,1,8,0,0,0,0,0,0,[],0.0,S66,0.38,7,1,8,0.0,,-0.258685,-12.266539,-12.525224,False,False,4,S3,True,0,0.1396,do_nothing,,,,,,,,,,,,,,,,,,,,,,,,,,,,,,,,,,,,,,,,,,,,,,,,,,,,
50,20,12,24,S66,False,7,1,8,7,0,0,0,0,0,"['B593', 'B369', 'B381', 'B111', 'B34', 'B702', 'B92']",3.5,D0,1.4,0,1,1,0.0,,-0.224499,-12.243886,-12.468385,False,False,4,S3,True,3,0.1361,delivery,,,,,,,,,,,,,,,,,,,,,,,,,,,,,,,,,,,,,,,,,,,,,,,,,,,,
50,20,12,29,D0,True,0,1,1,0,0,0,0,1,0,['B452'],0.5,S3,3.11,0,0,0,0.0,,-0.129093,-12.334349,-12.463443,True,True,1,S3,False,0,0.0392,depot_passthrough,,,,,,,,,,,,,,,,,,,,,,,,,,,,,,,,,,,,,,,,,,,,,,,,,,,,
50,20,12,48,S3,False,0,0,0,0,0,0,0,0,0,[],0.0,S55,1.62,0,0,0,0.0,,-0.194168,-12.208373,-12.402541,False,False,4,S55,False,0,0.1841,do_nothing,,,,,,,,,,,,,,,,,,,,,,,,,,,,,,,,,,,,,,,,,,,,,,,,,,,,
50,20,12,49,S55,False,0,0,0,0,10,1,0,0,0,"['B663', 'B724', 'B207', 'B756', 'B444', 'B707', 'B583', 'B674', 'B699', 'B271']",8.0,S3,1.62,10,0,10,0.0,,-0.484737,-12.163544,-12.648281,True,True,12,S3,False,10,0.4295,pickup+onsite,,,,,,,,,,,,,,,,,,,,,,,,,,,,,,,,,,,,,,,,,,,,,,,,,,,,
50,20,12,59,S3,False,10,0,10,0,0,0,0,0,0,[],0.0,S63,4.02,10,0,10,0.0,,-0.129757,-12.315077,-12.444834,False,False,4,S63,True,0,0.1503,do_nothing,,,,,,,,,,,,,,,,,,,,,,,,,,,,,,,,,,,,,,,,,,,,,,,,,,,,
50,20,13,3,S63,False,10,0,10,0,0,0,0,0,0,[],0.0,S12,5.44,10,0,10,0.0,,-0.194925,-12.502693,-12.697617,False,False,4,S12,True,0,0.1439,do_nothing,,,,,,,,,,,,,,,,,,,,,,,,,,,,,,,,,,,,,,,,,,,,,,,,,,,,
50,20,13,8,S12,False,10,0,10,0,10,0,0,0,0,"['B566', 'B95', 'B199', 'B291', 'B134', 'B445', 'B205', 'B379', 'B708', 'B760']",5.0,D0,5.12,20,0,20,0.0,,-0.064096,-12.392116,-12.456211,False,False,4,S51,True,3,0.1566,pickup,,,,,,,,,,,,,,,,,,,,,,,,,,,,,,,,,,,,,,,,,,,,,,,,,,,,
50,20,13,18,D0,True,20,0,20,0,0,0,0,0,0,[],0.0,S31,1.48,20,0,20,0.0,,-0.195583,-12.27621,-12.471793,True,True,1,S31,False,0,0.0487,depot_passthrough,,,,,,,,,,,,,,,,,,,,,,,,,,,,,,,,,,,,,,,,,,,,,,,,,,,,
50,20,13,35,S31,False,20,0,20,12,0,0,0,0,0,"['B663', 'B724', 'B207', 'B756', 'B444', 'B707', 'B583', 'B674', 'B699', 'B271', 'B566', 'B95']",6.0,S54,5.7,8,0,8,0.0,,-0.164127,-12.618798,-12.782925,False,False,6,S54,False,4,0.2248,delivery,,,,,,,,,,,,,,,,,,,,,,,,,,,,,,,,,,,,,,,,,,,,,,,,,,,,
50,20,13,47,S54,False,8,0,8,0,12,0,0,0,0,"['B622', 'B507', 'B198', 'B742', 'B91', 'B686', 'B592', 'B747', 'B371', 'B382', 'B576', 'B94']",6.0,S15,3.9,20,0,20,0.0,,-0.194604,-12.596386,-12.790991,False,False,6,S15,True,2,0.2248,pickup,,,,,,,,,,,,,,,,,,,,,,,,,,,,,,,,,,,,,,,,,,,,,,,,,,,,
50,20,13,57,S15,False,20,0,20,11,0,0,0,0,0,"['B199', 'B291', 'B134', 'B445', 'B205', 'B379', 'B708', 'B760', 'B622', 'B507', 'B198']",5.5,S55,4.77,9,0,9,0.0,,-0.489775,-12.53683,-13.026605,False,False,6,S33,True,2,0.225,delivery,,,,,,,,,,,,,,,,,,,,,,,,,,,,,,,,,,,,,,,,,,,,,,,,,,,,
50,20,14,7,S55,False,9,0,9,0,11,0,0,0,0,"['B609', 'B657', 'B227', 'B579', 'B705', 'B767', 'B500', 'B656', 'B336', 'B338', 'B166']",5.5,S33,3.28,20,0,20,0.0,,-0.19599,-12.481623,-12.677613,False,False,4,S33,False,2,0.1484,pickup,,,,,,,,,,,,,,,,,,,,,,,,,,,,,,,,,,,,,,,,,,,,,,,,,,,,
50,20,14,16,S33,False,20,0,20,17,0,0,0,0,0,"['B742', 'B91', 'B686', 'B592', 'B747', 'B371', 'B382', 'B576', 'B94', 'B609', 'B657', 'B227', 'B579', 'B705', 'B767', 'B500', 'B656']",8.5,S37,1.91,3,0,3,0.0,,-0.354827,-12.627408,-12.982235,False,False,6,S37,False,2,0.228,delivery,,,,,,,,,,,,,,,,,,,,,,,,,,,,,,,,,,,,,,,,,,,,,,,,,,,,
50,20,14,26,S37,False,3,0,3,0,17,0,0,0,0,"['B215', 'B12', 'B677', 'B598', 'B476', 'B358', 'B342', 'B413', 'B133', 'B616', 'B615', 'B238', 'B518', 'B487', 'B495', 'B472', 'B311']",8.5,S58,0.71,20,0,20,0.0,,-0.226138,-12.410902,-12.637041,False,False,4,S58,False,2,0.1759,pickup,,,,,,,,,,,,,,,,,,,,,,,,,,,,,,,,,,,,,,,,,,,,,,,,,,,,
50,20,14,35,S58,False,20,0,20,7,0,0,1,0,0,"['B350', 'B336', 'B338', 'B166', 'B215', 'B12', 'B677', 'B598']",4.0,S18,1.59,13,1,14,0.0,,-0.422711,-12.351004,-12.773715,True,True,10,S26,True,8,0.3639,delivery+depot_removal,,,,,,,,,,,,,,,,,,,,,,,,,,,,,,,,,,,,,,,,,,,,,,,,,,,,
50,20,14,41,S18,False,13,1,14,0,6,0,0,0,0,"['B20', 'B151', 'B155', 'B77', 'B177', 'B574']",3.0,S26,7.46,19,1,20,0.0,,-0.651569,-12.312166,-12.963735,False,False,4,S26,False,2,0.1461,pickup,,,,,,,,,,,,,,,,,,,,,,,,,,,,,,,,,,,,,,,,,,,,,,,,,,,,
50,20,14,51,S26,False,19,1,20,0,0,0,0,0,0,[],0.0,S29,5.02,19,1,20,0.0,,-0.52207,-12.366527,-12.888597,False,False,6,S24,True,0,0.2235,do_nothing,,,,,,,,,,,,,,,,,,,,,,,,,,,,,,,,,,,,,,,,,,,,,,,,,,,,
50,20,14,56,S29,False,19,1,20,11,0,0,1,0,0,"['B544', 'B476', 'B358', 'B342', 'B413', 'B133', 'B616', 'B615', 'B238', 'B518', 'B487', 'B495']",6.0,S26,5.02,8,2,10,0.0,,-0.391905,-12.311402,-12.703307,True,True,10,S26,False,4,0.3493,delivery+depot_removal,,,,,,,,,,,,,,,,,,,,,,,,,,,,,,,,,,,,,,,,,,,,,,,,,,,,
50,20,15,7,S26,False,8,2,10,0,0,0,0,0,0,[],0.0,S24,3.0,8,2,10,0.0,,-0.426499,-12.314164,-12.740663,False,False,4,S24,True,0,0.1425,do_nothing,,,,,,,,,,,,,,,,,,,,,,,,,,,,,,,,,,,,,,,,,,,,,,,,,,,,
50,20,15,10,S24,False,8,2,10,0,10,0,0,0,0,"['B513', 'B260', 'B684', 'B120', 'B722', 'B323', 'B186', 'B439', 'B389', 'B607']",5.0,S26,3.0,18,2,20,0.0,,-0.360925,-12.219167,-12.580093,False,False,4,S26,False,2,0.1363,pickup,,,,,,,,,,,,,,,,,,,,,,,,,,,,,,,,,,,,,,,,,,,,,,,,,,,,
50,20,15,18,S26,False,18,2,20,0,0,0,0,0,0,[],0.0,S64,7.31,18,2,20,0.0,,-0.294194,-12.363219,-12.657413,False,False,4,S34,True,0,0.1816,do_nothing,,,,,,,,,,,,,,,,,,,,,,,,,,,,,,,,,,,,,,,,,,,,,,,,,,,,
50,20,15,26,S64,False,18,2,20,9,0,0,0,0,0,"['B472', 'B311', 'B20', 'B151', 'B155', 'B77', 'B177', 'B574', 'B513']",4.5,S26,7.31,9,2,11,0.0,,-0.293882,-12.380933,-12.674815,False,False,6,S26,False,2,0.2105,delivery,,,,,,,,,,,,,,,,,,,,,,,,,,,,,,,,,,,,,,,,,,,,,,,,,,,,
50,20,15,37,S26,False,9,2,11,9,0,0,0,0,0,"['B260', 'B684', 'B120', 'B722', 'B323', 'B186', 'B439', 'B389', 'B607']",4.5,S34,3.11,0,2,2,0.0,,-0.096307,-12.447943,-12.54425,False,False,4,S34,False,2,0.1946,delivery,,,,,,,,,,,,,,,,,,,,,,,,,,,,,,,,,,,,,,,,,,,,,,,,,,,,
50,20,15,45,S34,False,0,2,2,0,11,0,0,0,0,"['B217', 'B422', 'B235', 'B470', 'B620', 'B139', 'B692', 'B131', 'B108', 'B275', 'B640']",5.5,S57,4.48,11,2,13,0.0,,-0.097462,-12.31765,-12.415112,True,False,12,S57,True,8,0.6028,pickup,,,,,,,,,,,,,,,,,,,,,,,,,,,,,,,,,,,,,,,,,,,,,,,,,,,,
50,20,15,55,S57,False,11,2,13,0,0,1,0,0,0,[],3.0,S3,3.01,11,2,13,0.0,,-0.45485,-12.411858,-12.866708,True,True,8,S3,True,2,0.2767,do_nothing+onsite,,,,,,,,,,,,,,,,,,,,,,,,,,,,,,,,,,,,,,,,,,,,,,,,,,,,
50,20,16,1,S3,False,11,2,13,0,7,0,0,0,0,"['B224', 'B492', 'B551', 'B506', 'B567', 'B528', 'B346']",3.5,S57,3.01,18,2,20,0.0,,-0.323848,-12.328123,-12.65197,False,False,4,S57,False,2,0.1502,pickup,,,,,,,,,,,,,,,,,,,,,,,,,,,,,,,,,,,,,,,,,,,,,,,,,,,,
50,20,16,7,S57,False,18,2,20,12,0,0,0,0,0,"['B217', 'B422', 'B235', 'B470', 'B620', 'B139', 'B692', 'B131', 'B108', 'B275', 'B640', 'B224']",6.0,S35,0.73,6,2,8,0.0,,-0.290974,-12.356864,-12.647838,False,False,6,S35,False,2,0.2154,delivery,,,,,,,,,,,,,,,,,,,,,,,,,,,,,,,,,,,,,,,,,,,,,,,,,,,,
50,20,16,14,S35,False,6,2,8,6,0,0,0,0,0,"['B492', 'B551', 'B506', 'B567', 'B528', 'B346']",3.0,S37,7.89,0,2,2,0.0,,-0.358375,-12.23542,-12.593795,False,False,4,S37,False,2,0.1339,delivery,,,,,,,,,,,,,,,,,,,,,,,,,,,,,,,,,,,,,,,,,,,,,,,,,,,,
50,20,16,25,S37,False,0,2,2,0,18,0,0,0,0,"['B458', 'B366', 'B159', 'B295', 'B124', 'B660', 'B363', 'B125', 'B469', 'B736', 'B14', 'B710', 'B92', 'B322', 'B160', 'B625', 'B681', 'B720']",9.0,S13,10.95,18,2,20,0.0,,-0.228541,-12.113327,-12.341868,False,False,6,S13,True,2,0.3539,pickup,,,,,,,,,,,,,,,,,,,,,,,,,,,,,,,,,,,,,,,,,,,,,,,,,,,,
50,20,16,45,S13,False,18,2,20,16,0,0,3,0,0,"['B666', 'B32', 'B123', 'B458', 'B366', 'B159', 'B295', 'B124', 'B660', 'B363', 'B125', 'B469', 'B736', 'B14', 'B710', 'B92', 'B322', 'B160', 'B625']",9.5,S7,2.1,2,5,7,0.0,,-0.58567,-12.030678,-12.616348,True,True,18,S7,False,8,0.888,delivery+depot_removal,,,,,,,,,,,,,,,,,,,,,,,,,,,,,,,,,,,,,,,,,,,,,,,,,,,,
50,20,16,57,S7,False,2,5,7,0,13,0,0,0,0,"['B70', 'B533', 'B743', 'B602', 'B172', 'B59', 'B143', 'B459', 'B343', 'B690', 'B54', 'B671', 'B387']",6.5,S17,9.43,15,5,20,0.0,,-0.622932,-12.121588,-12.744521,True,False,6,S17,False,4,0.1818,pickup,,,,,,,,,,,,,,,,,,,,,,,,,,,,,,,,,,,,,,,,,,,,,,,,,,,,
50,20,17,13,S17,False,15,5,20,0,0,0,0,0,0,[],0.0,S52,8.97,15,5,20,0.0,,-0.361686,-12.104119,-12.465805,False,False,2,S52,False,0,0.0684,do_nothing,,,,,,,,,,,,,,,,,,,,,,,,,,,,,,,,,,,,,,,,,,,,,,,,,,,,
50,20,17,22,S52,False,15,5,20,15,0,0,0,0,0,"['B681', 'B720', 'B70', 'B533', 'B743', 'B602', 'B172', 'B59', 'B143', 'B459', 'B343', 'B690', 'B54', 'B671', 'B387']",7.5,S33,0.73,0,5,5,0.0,,-0.394388,-12.103359,-12.497746,False,False,4,S33,False,2,0.1492,delivery,,,,,,,,,,,,,,,,,,,,,,,,,,,,,,,,,,,,,,,,,,,,,,,,,,,,
50,20,17,30,S33,False,0,5,5,0,0,0,0,0,0,[],0.0,S53,1.64,0,5,5,0.0,,-0.327161,-12.6031,-12.930261,False,False,6,S45,True,0,0.235,do_nothing,,,,,,,,,,,,,,,,,,,,,,,,,,,,,,,,,,,,,,,,,,,,,,,,,,,,
50,20,17,31,S53,False,0,5,5,0,0,0,1,0,0,['B673'],0.5,S33,1.64,0,6,6,0.0,,-0.591884,-12.713383,-13.305267,True,True,10,S45,True,2,0.3599,do_nothing+depot_removal,,,,,,,,,,,,,,,,,,,,,,,,,,,,,,,,,,,,,,,,,,,,,,,,,,,,
50,20,17,34,S33,False,0,6,6,0,14,0,0,0,0,"['B590', 'B247', 'B742', 'B91', 'B686', 'B592', 'B747', 'B371', 'B382', 'B576', 'B94', 'B609', 'B657', 'B227']",7.0,S45,1.11,14,6,20,0.0,,-0.459906,-12.670143,-13.130049,False,False,6,S53,True,2,0.2144,pickup,,,,,,,,,,,,,,,,,,,,,,,,,,,,,,,,,,,,,,,,,,,,,,,,,,,,
50,20,17,42,S45,False,14,6,20,11,0,0,0,0,0,"['B590', 'B247', 'B742', 'B91', 'B686', 'B592', 'B747', 'B371', 'B382', 'B576', 'B94']",5.5,S53,0.56,3,6,9,0.0,,-0.324342,-12.718775,-13.043117,False,False,4,S50,True,2,0.1476,delivery,,,,,,,,,,,,,,,,,,,,,,,,,,,,,,,,,,,,,,,,,,,,,,,,,,,,
50,20,17,48,S53,False,3,6,9,0,11,0,0,0,0,"['B211', 'B652', 'B763', 'B617', 'B282', 'B658', 'B405', 'B716', 'B645', 'B328', 'B195']",5.5,S35,5.18,14,6,20,0.0,,-0.327821,-12.692462,-13.020283,False,False,4,S35,False,2,0.1472,pickup,,,,,,,,,,,,,,,,,,,,,,,,,,,,,,,,,,,,,,,,,,,,,,,,,,,,
50,20,17,58,S35,False,14,6,20,14,0,0,0,0,0,"['B609', 'B657', 'B227', 'B211', 'B652', 'B763', 'B617', 'B282', 'B658', 'B405', 'B716', 'B645', 'B328', 'B195']",7.0,S40,4.93,0,6,6,0.0,,-0.324187,-12.687502,-13.011689,False,False,6,S50,True,4,0.2035,delivery,,,,,,,,,,,,,,,,,,,,,,,,,,,,,,,,,,,,,,,,,,,,,,,,,,,,
50,20,18,10,S40,False,0,6,6,0,8,0,0,0,0,"['B296', 'B597', 'B614', 'B562', 'B431', 'B369', 'B698', 'B474']",4.0,S1,5.32,8,6,14,0.0,,-0.229793,-12.658238,-12.888031,False,False,6,S1,False,2,0.2665,pickup,,,,,,,,,,,,,,,,,,,,,,,,,,,,,,,,,,,,,,,,,,,,,,,,,,,,
50,20,18,20,S1,False,8,6,14,0,0,0,0,0,0,[],0.0,S17,8.41,8,6,14,0.0,,-0.487386,-12.594355,-13.081741,True,False,8,S29,True,0,0.2794,do_nothing,,,,,,,,,,,,,,,,,,,,,,,,,,,,,,,,,,,,,,,,,,,,,,,,,,,,
50,20,18,28,S17,False,8,6,14,0,0,0,0,0,0,[],0.0,S22,8.16,8,6,14,0.0,,-0.583597,-12.674164,-13.257761,False,False,4,S29,True,0,0.1371,do_nothing,,,,,,,,,,,,,,,,,,,,,,,,,,,,,,,,,,,,,,,,,,,,,,,,,,,,
50,20,18,36,S22,False,8,6,14,0,0,0,0,0,0,[],0.0,S17,8.16,8,6,14,0.0,,-0.162464,-12.595035,-12.757499,False,False,4,S30,True,0,0.1449,do_nothing,,,,,,,,,,,,,,,,,,,,,,,,,,,,,,,,,,,,,,,,,,,,,,,,,,,,
50,20,18,44,S17,False,8,6,14,0,0,0,0,0,0,[],0.0,S22,8.16,8,6,14,0.0,,-0.35697,-12.512894,-12.869864,False,False,4,S29,True,0,0.1372,do_nothing,,,,,,,,,,,,,,,,,,,,,,,,,,,,,,,,,,,,,,,,,,,,,,,,,,,,
50,20,18,53,S22,False,8,6,14,8,0,0,0,0,0,"['B296', 'B597', 'B614', 'B562', 'B431', 'B369', 'B698', 'B474']",4.0,S30,2.59,0,6,6,0.0,,-0.16278,-12.340737,-12.503516,False,False,4,S30,False,2,0.1699,delivery,,,,,,,,,,,,,,,,,,,,,,,,,,,,,,,,,,,,,,,,,,,,,,,,,,,,
50,20,18,59,S30,False,0,6,6,0,10,0,0,0,0,"['B734', 'B204', 'B310', 'B426', 'B752', 'B37', 'B693', 'B438', 'B653', 'B468']",5.0,S17,7.68,10,6,16,0.0,,-0.065576,-12.351577,-12.417152,False,False,6,S17,True,4,0.2257,pickup,,,,,,,,,,,,,,,,,,,,,,,,,,,,,,,,,,,,,,,,,,,,,,,,,,,,
50,20,19,12,S17,False,10,6,16,10,0,0,0,0,0,"['B734', 'B204', 'B310', 'B426', 'B752', 'B37', 'B693', 'B438', 'B653', 'B468']",5.0,S10,6.51,0,6,6,0.0,,-0.226473,-12.285295,-12.511768,False,False,4,S10,False,2,0.1403,delivery,,,,,,,,,,,,,,,,,,,,,,,,,,,,,,,,,,,,,,,,,,,,,,,,,,,,
50,20,19,23,S10,False,0,6,6,0,14,0,0,0,0,"['B266', 'B107', 'B478', 'B327', 'B24', 'B437', 'B549', 'B167', 'B740', 'B639', 'B635', 'B230', 'B85', 'B557']",7.0,S44,4.83,14,6,20,0.0,,-0.259752,-12.452597,-12.712349,False,False,4,S42,True,2,0.1346,pickup,,,,,,,,,,,,,,,,,,,,,,,,,,,,,,,,,,,,,,,,,,,,,,,,,,,,
50,20,19,35,S44,False,14,6,20,0,0,0,0,0,0,[],0.0,S43,0.79,14,6,20,0.0,,-0.227382,-12.429395,-12.656777,False,False,4,S46,True,0,0.1347,do_nothing,,,,,,,,,,,,,,,,,,,,,,,,,,,,,,,,,,,,,,,,,,,,,,,,,,,,
50,20,19,36,S43,False,14,6,20,0,0,0,0,0,0,[],0.0,S44,0.79,14,6,20,0.0,,-0.131823,-12.508139,-12.639961,False,False,4,S44,False,0,0.1366,do_nothing,,,,,,,,,,,,,,,,,,,,,,,,,,,,,,,,,,,,,,,,,,,,,,,,,,,,
50,20,19,37,S44,False,14,6,20,0,0,0,0,0,0,[],0.0,S43,0.79,14,6,20,0.0,,-0.328995,-12.543233,-12.872228,False,False,4,S46,True,0,0.1358,do_nothing,,,,,,,,,,,,,,,,,,,,,,,,,,,,,,,,,,,,,,,,,,,,,,,,,,,,
50,20,19,38,S43,False,14,6,20,0,0,0,0,0,0,[],0.0,S44,0.79,14,6,20,0.0,,-0.198003,-12.54092,-12.738923,False,False,4,S44,False,0,0.1358,do_nothing,,,,,,,,,,,,,,,,,,,,,,,,,,,,,,,,,,,,,,,,,,,,,,,,,,,,
50,20,19,38,S44,False,14,6,20,0,0,0,0,0,0,[],0.0,S43,0.79,14,6,20,0.0,,-0.392888,-12.501951,-12.89484,False,False,4,S46,True,0,0.1353,do_nothing,,,,,,,,,,,,,,,,,,,,,,,,,,,,,,,,,,,,,,,,,,,,,,,,,,,,
50,20,19,39,S43,False,14,6,20,0,0,0,0,0,0,[],0.0,S44,0.79,14,6,20,0.0,,-0.260594,-12.479413,-12.740007,False,False,3,S44,False,0,0.1128,do_nothing,,,,,,,,,,,,,,,,,,,,,,,,,,,,,,,,,,,,,,,,,,,,,,,,,,,,
50,20,19,40,S44,False,14,6,20,0,0,0,0,0,0,[],0.0,S43,0.79,14,6,20,0.0,,-0.328075,-12.450704,-12.778779,False,False,3,D0,True,0,0.112,do_nothing,,,,,,,,,,,,,,,,,,,,,,,,,,,,,,,,,,,,,,,,,,,,,,,,,,,,
50,20,19,41,S43,False,14,6,20,0,0,0,0,0,0,[],0.0,S44,0.79,14,6,20,0.0,,-0.391655,-12.563189,-12.954844,False,False,3,S44,False,0,0.1085,do_nothing,,,,,,,,,,,,,,,,,,,,,,,,,,,,,,,,,,,,,,,,,,,,,,,,,,,,
50,20,19,42,S44,False,14,6,20,0,0,0,0,0,0,[],0.0,S43,0.79,14,6,20,0.0,,-0.391316,-12.439282,-12.830598,False,False,3,D0,True,0,0.1089,do_nothing,,,,,,,,,,,,,,,,,,,,,,,,,,,,,,,,,,,,,,,,,,,,,,,,,,,,
50,20,19,42,S43,False,14,6,20,0,0,0,0,0,0,[],0.0,S44,0.79,14,6,20,0.0,,-0.161476,-12.496975,-12.658452,False,False,3,S44,False,0,0.1093,do_nothing,,,,,,,,,,,,,,,,,,,,,,,,,,,,,,,,,,,,,,,,,,,,,,,,,,,,
50,20,19,43,S44,False,14,6,20,0,0,0,0,0,0,[],0.0,S43,0.79,14,6,20,0.0,,-0.391169,-12.511149,-12.902318,False,False,3,D0,True,0,0.1109,do_nothing,,,,,,,,,,,,,,,,,,,,,,,,,,,,,,,,,,,,,,,,,,,,,,,,,,,,
50,20,19,44,S43,False,14,6,20,0,0,0,0,0,0,[],0.0,S44,0.79,14,6,20,0.0,,-0.260744,-12.562774,-12.823518,False,False,3,S44,False,0,0.1131,do_nothing,,,,,,,,,,,,,,,,,,,,,,,,,,,,,,,,,,,,,,,,,,,,,,,,,,,,
50,20,19,45,S44,False,14,6,20,0,0,0,0,0,0,[],0.0,S43,0.79,14,6,20,0.0,,-0.22936,-12.386597,-12.615957,False,False,3,D0,True,0,0.113,do_nothing,,,,,,,,,,,,,,,,,,,,,,,,,,,,,,,,,,,,,,,,,,,,,,,,,,,,
50,20,19,45,S43,False,14,6,20,0,0,0,0,0,0,[],0.0,S44,0.79,14,6,20,0.0,,-0.164037,-12.562716,-12.726753,False,False,3,S44,False,0,0.1121,do_nothing,,,,,,,,,,,,,,,,,,,,,,,,,,,,,,,,,,,,,,,,,,,,,,,,,,,,
50,20,19,46,S44,False,14,6,20,14,0,0,0,0,0,"['B266', 'B107', 'B478', 'B327', 'B24', 'B437', 'B549', 'B167', 'B740', 'B639', 'B635', 'B230', 'B85', 'B557']",7.0,D0,1.67,0,6,6,0.0,,-0.131579,-12.611556,-12.743135,False,False,3,D0,False,2,0.1141,delivery,,,,,,,,,,,,,,,,,,,,,,,,,,,,,,,,,,,,,,,,,,,,,,,,,,,,
50,20,19,55,D0,True,0,6,6,0,0,0,0,6,11,"['B236', 'B298', 'B194', 'B542', 'B751', 'B626', 'B737', 'B278', 'B599', 'B251', 'B248', 'B350', 'B544', 'B666', 'B32', 'B123', 'B673']",8.5,D0,0.0,11,0,11,0.0,,-0.098118,-12.564386,-12.662504,True,True,1,D0,False,0,0.0545,do_nothing,,,,,,,,,,,,,,,,,,,,,,,,,,,,,,,,,,,,,,,,,,,,,,,,,,,,
50,21,6,3,D0,True,11,0,11,0,0,0,0,0,0,[],0.0,S39,3.37,11,0,11,0.0,,-4.426495,-14.273011,-18.699506,True,True,1,S39,False,0,0.0421,depot_passthrough,,,,,,,,,,,,,,,,,,,,,,,,,,,,,,,,,,,,,,,,,,,,,,,,,,,,
50,21,6,22,S39,False,11,0,11,0,9,0,0,0,0,"['B15', 'B40', 'B337', 'B43', 'B212', 'B629', 'B510', 'B612', 'B408']",4.5,S41,3.32,20,0,20,0.0,,-4.28468,-14.223963,-18.508643,False,False,4,S41,False,2,0.1494,pickup,,,,,,,,,,,,,,,,,,,,,,,,,,,,,,,,,,,,,,,,,,,,,,,,,,,,
50,21,6,30,S41,False,20,0,20,20,0,0,0,0,0,"['B236', 'B298', 'B194', 'B542', 'B751', 'B626', 'B737', 'B278', 'B599', 'B251', 'B248', 'B15', 'B40', 'B337', 'B43', 'B212', 'B629', 'B510', 'B612', 'B408']",10.0,S39,3.32,0,0,0,0.0,,-4.216105,-14.143172,-18.359277,False,False,4,S39,False,2,0.1866,delivery,,,,,,,,,,,,,,,,,,,,,,,,,,,,,,,,,,,,,,,,,,,,,,,,,,,,
50,21,6,43,S39,False,0,0,0,0,20,0,0,0,0,"['B18', 'B146', 'B373', 'B555', 'B414', 'B477', 'B344', 'B709', 'B522', 'B169', 'B663', 'B724', 'B3', 'B13', 'B594', 'B326', 'B232', 'B34', 'B334', 'B398']",10.0,S65,5.08,20,0,20,0.0,,-3.098896,-14.129354,-17.22825,False,False,4,S65,False,2,0.2216,pickup,,,,,,,,,,,,,,,,,,,,,,,,,,,,,,,,,,,,,,,,,,,,,,,,,,,,
50,21,6,58,S65,False,20,0,20,18,0,0,2,0,0,"['B582', 'B466', 'B18', 'B146', 'B373', 'B555', 'B414', 'B477', 'B344', 'B709', 'B522', 'B169', 'B663', 'B724', 'B3', 'B13', 'B594', 'B326', 'B232', 'B34']",10.0,S44,6.93,2,2,4,0.0,,-2.32261,-13.813292,-16.135902,True,True,14,S44,False,6,0.5355,delivery+depot_removal,,,,,,,,,,,,,,,,,,,,,,,,,,,,,,,,,,,,,,,,,,,,,,,,,,,,
50,21,7,15,S44,False,2,2,4,0,9,0,0,0,0,"['B327', 'B24', 'B437', 'B549', 'B167', 'B740', 'B639', 'B635', 'B230']",4.5,S52,0.83,11,2,13,0.0,,-2.649546,-13.968983,-16.618529,False,False,6,S52,False,4,0.2228,pickup,,,,,,,,,,,,,,,,,,,,,,,,,,,,,,,,,,,,,,,,,,,,,,,,,,,,
50,21,7,20,S52,False,11,2,13,0,7,0,0,0,0,"['B70', 'B533', 'B743', 'B602', 'B172', 'B59', 'B143']",3.5,S26,7.0,18,2,20,0.0,,-1.991504,-13.991557,-15.983062,False,False,4,S26,False,2,0.1499,pickup,,,,,,,,,,,,,,,,,,,,,,,,,,,,,,,,,,,,,,,,,,,,,,,,,,,,
50,21,7,31,S26,False,18,2,20,18,0,0,0,0,0,"['B334', 'B398', 'B327', 'B24', 'B437', 'B549', 'B167', 'B740', 'B639', 'B635', 'B230', 'B70', 'B533', 'B743', 'B602', 'B172', 'B59', 'B143']",9.0,S49,8.9,0,2,2,0.0,,-1.27353,-13.487905,-14.761435,False,False,4,S49,False,2,0.1539,delivery,,,,,,,,,,,,,,,,,,,,,,,,,,,,,,,,,,,,,,,,,,,,,,,,,,,,
50,21,7,49,S49,False,0,2,2,0,0,0,1,0,0,['B430'],0.5,S59,1.68,0,3,3,0.0,,-1.17615,-13.361905,-14.538055,True,True,6,S59,False,2,0.2078,do_nothing+depot_removal,,,,,,,,,,,,,,,,,,,,,,,,,,,,,,,,,,,,,,,,,,,,,,,,,,,,
50,21,7,51,S59,False,0,3,3,0,17,0,0,0,0,"['B727', 'B100', 'B178', 'B415', 'B362', 'B704', 'B411', 'B321', 'B303', 'B111', 'B516', 'B374', 'B524', 'B543', 'B121', 'B84', 'B202']",8.5,S40,4.5,17,3,20,0.0,,-1.335993,-13.470061,-14.806054,False,False,4,S40,False,2,0.1417,pickup,,,,,,,,,,,,,,,,,,,,,,,,,,,,,,,,,,,,,,,,,,,,,,,,,,,,
50,21,8,4,S40,False,17,3,20,11,0,0,0,0,0,"['B727', 'B100', 'B178', 'B415', 'B362', 'B704', 'B411', 'B321', 'B303', 'B111', 'B516']",5.5,S49,5.8,6,3,9,0.0,,-1.561517,-13.454133,-15.015651,False,False,6,S27,True,2,0.2199,delivery,,,,,,,,,,,,,,,,,,,,,,,,,,,,,,,,,,,,,,,,,,,,,,,,,,,,
50,21,8,15,S49,False,6,3,9,0,11,0,0,0,0,"['B715', 'B53', 'B27', 'B521', 'B176', 'B621', 'B679', 'B42', 'B560', 'B501', 'B35']",5.5,S27,5.16,17,3,20,0.0,,-2.056015,-13.31657,-15.372585,False,False,4,S27,False,2,0.1502,pickup,,,,,,,,,,,,,,,,,,,,,,,,,,,,,,,,,,,,,,,,,,,,,,,,,,,,
50,21,8,26,S27,False,17,3,20,17,0,0,0,0,0,"['B374', 'B524', 'B543', 'B121', 'B84', 'B202', 'B715', 'B53', 'B27', 'B521', 'B176', 'B621', 'B679', 'B42', 'B560', 'B501', 'B35']",8.5,S37,4.19,0,3,3,0.0,,-1.728019,-13.287981,-15.016,False,False,6,S37,True,2,0.2228,delivery,,,,,,,,,,,,,,,,,,,,,,,,,,,,,,,,,,,,,,,,,,,,,,,,,,,,
50,21,8,39,S37,False,0,3,3,0,17,0,0,0,0,"['B95', 'B152', 'B412', 'B5', 'B272', 'B71', 'B109', 'B283', 'B540', 'B712', 'B493', 'B149', 'B439', 'B609', 'B552', 'B630', 'B31']",8.5,S51,4.67,17,3,20,0.0,,-0.948097,-12.921742,-13.869839,False,False,4,S51,False,2,0.1538,pickup,,,,,,,,,,,,,,,,,,,,,,,,,,,,,,,,,,,,,,,,,,,,,,,,,,,,
50,21,8,52,S51,False,17,3,20,16,0,0,0,0,0,"['B95', 'B152', 'B412', 'B5', 'B272', 'B71', 'B109', 'B283', 'B540', 'B712', 'B493', 'B149', 'B439', 'B609', 'B552', 'B630']",8.0,S11,10.98,1,3,4,0.0,,-1.109089,-12.97663,-14.085719,False,False,6,S48,True,2,0.2893,delivery,,,,,,,,,,,,,,,,,,,,,,,,,,,,,,,,,,,,,,,,,,,,,,,,,,,,
50,21,9,11,S11,False,1,3,4,0,8,0,0,0,0,"['B99', 'B44', 'B689', 'B536', 'B261', 'B183', 'B532', 'B525']",4.0,S22,13.83,9,3,12,0.0,,-0.978645,-12.864371,-13.843017,False,False,6,S8,True,2,0.233,pickup,,,,,,,,,,,,,,,,,,,,,,,,,,,,,,,,,,,,,,,,,,,,,,,,,,,,
50,21,9,29,S22,False,9,3,12,9,0,0,0,0,0,"['B31', 'B99', 'B44', 'B689', 'B536', 'B261', 'B183', 'B532', 'B525']",4.5,S62,7.3,0,3,3,0.0,,-0.811343,-12.9053,-13.716643,False,False,4,S62,False,2,0.1583,delivery,,,,,,,,,,,,,,,,,,,,,,,,,,,,,,,,,,,,,,,,,,,,,,,,,,,,
50,21,9,40,S62,False,0,3,3,0,11,0,0,0,0,"['B613', 'B479', 'B245', 'B502', 'B449', 'B331', 'B702', 'B471', 'B416', 'B699', 'B266']",5.5,S52,1.55,11,3,14,0.0,,-0.588075,-13.264337,-13.852413,False,False,6,S52,False,4,0.2121,pickup,,,,,,,,,,,,,,,,,,,,,,,,,,,,,,,,,,,,,,,,,,,,,,,,,,,,
50,21,9,47,S52,False,11,3,14,0,6,0,0,0,0,"['B253', 'B565', 'B484', 'B75', 'B73', 'B660']",3.0,S63,1.26,17,3,20,0.0,,-1.044986,-13.220592,-14.265579,False,False,4,S63,False,2,0.1489,pickup,,,,,,,,,,,,,,,,,,,,,,,,,,,,,,,,,,,,,,,,,,,,,,,,,,,,
50,21,9,52,S63,False,17,3,20,14,0,0,0,0,0,"['B613', 'B479', 'B245', 'B502', 'B449', 'B331', 'B702', 'B471', 'B416', 'B699', 'B266', 'B253', 'B565', 'B484']",7.0,S12,5.44,3,3,6,0.0,,-0.392747,-13.070136,-13.462883,False,False,6,S12,False,4,0.2279,delivery,,,,,,,,,,,,,,,,,,,,,,,,,,,,,,,,,,,,,,,,,,,,,,,,,,,,
50,21,10,4,S12,False,3,3,6,3,0,0,0,0,0,"['B75', 'B73', 'B660']",1.5,S38,7.06,0,3,3,0.0,,-0.682388,-13.242011,-13.924399,False,False,4,S38,False,2,0.1614,delivery,,,,,,,,,,,,,,,,,,,,,,,,,,,,,,,,,,,,,,,,,,,,,,,,,,,,
50,21,10,13,S38,False,0,3,3,0,10,0,0,0,0,"['B259', 'B753', 'B642', 'B636', 'B667', 'B765', 'B726', 'B600', 'B453', 'B534']",5.0,S59,0.74,10,3,13,0.0,,-0.328004,-12.99735,-13.325354,False,False,6,S59,False,4,0.2204,pickup,,,,,,,,,,,,,,,,,,,,,,,,,,,,,,,,,,,,,,,,,,,,,,,,,,,,
50,21,10,18,S59,False,10,3,13,0,7,0,0,0,0,"['B480', 'B370', 'B330', 'B531', 'B82', 'B218', 'B316']",3.5,S61,2.35,17,3,20,0.0,,-0.587652,-13.184009,-13.771661,False,False,4,S61,False,2,0.211,pickup,,,,,,,,,,,,,,,,,,,,,,,,,,,,,,,,,,,,,,,,,,,,,,,,,,,,
50,21,10,24,S61,False,17,3,20,7,0,1,1,0,0,"['B216', 'B259', 'B753', 'B642', 'B636', 'B667', 'B765', 'B726']",7.0,S10,5.09,10,4,14,0.0,,-0.749478,-13.128378,-13.877856,True,True,20,S15,True,18,0.7183,delivery+maintenance,,,,,,,,,,,,,,,,,,,,,,,,,,,,,,,,,,,,,,,,,,,,,,,,,,,,
50,21,10,36,S10,False,10,4,14,0,6,0,0,0,0,"['B410', 'B6', 'B289', 'B101', 'B243', 'B563']",3.0,S34,1.86,16,4,20,0.0,,-0.816708,-13.073896,-13.890603,False,False,4,S34,False,2,0.1748,pickup,,,,,,,,,,,,,,,,,,,,,,,,,,,,,,,,,,,,,,,,,,,,,,,,,,,,
50,21,10,41,S34,False,16,4,20,12,0,1,0,0,0,"['B600', 'B453', 'B534', 'B480', 'B370', 'B330', 'B531', 'B82', 'B218', 'B316', 'B410', 'B6']",9.0,S54,2.69,4,4,8,0.0,,-0.484255,-13.068763,-13.553018,True,True,12,S54,False,6,0.4458,delivery+onsite,,,,,,,,,,,,,,,,,,,,,,,,,,,,,,,,,,,,,,,,,,,,,,,,,,,,
50,21,10,53,S54,False,4,4,8,0,0,0,0,0,0,[],0.0,S40,2.17,4,4,8,0.0,,-0.29238,-13.12051,-13.41289,False,False,4,S15,True,0,0.1588,do_nothing,,,,,,,,,,,,,,,,,,,,,,,,,,,,,,,,,,,,,,,,,,,,,,,,,,,,
50,21,10,55,S40,False,4,4,8,0,10,0,0,0,0,"['B411', 'B321', 'B303', 'B111', 'B516', 'B43', 'B459', 'B727', 'B178', 'B671']",5.0,S37,3.31,14,4,18,0.0,,-0.616796,-12.920902,-13.537697,False,False,6,S37,False,4,0.2292,pickup,,,,,,,,,,,,,,,,,,,,,,,,,,,,,,,,,,,,,,,,,,,,,,,,,,,,
50,21,11,3,S37,False,14,4,18,0,0,0,0,0,0,[],0.0,S23,7.3,14,4,18,0.0,,-0.552223,-13.12019,-13.672413,False,False,6,S23,False,0,0.2534,do_nothing,,,,,,,,,,,,,,,,,,,,,,,,,,,,,,,,,,,,,,,,,,,,,,,,,,,,
50,21,11,11,S23,False,14,4,18,11,0,0,0,0,0,"['B289', 'B101', 'B243', 'B563', 'B411', 'B321', 'B303', 'B111', 'B516', 'B43', 'B459']",5.5,S60,4.55,3,4,7,0.0,,-0.910111,-13.245733,-14.155844,False,False,6,S60,False,2,0.2679,delivery,,,,,,,,,,,,,,,,,,,,,,,,,,,,,,,,,,,,,,,,,,,,,,,,,,,,
50,21,11,21,S60,False,3,4,7,0,13,1,0,0,0,"['B177', 'B458', 'B562', 'B422', 'B677', 'B378', 'B146', 'B737', 'B373', 'B346', 'B435', 'B40', 'B643']",9.5,S41,0.87,16,4,20,0.0,,-1.33041,-13.13099,-14.4614,True,True,8,S41,False,6,0.3014,pickup+onsite,,,,,,,,,,,,,,,,,,,,,,,,,,,,,,,,,,,,,,,,,,,,,,,,,,,,
50,21,11,31,S41,False,16,4,20,9,0,0,0,0,0,"['B727', 'B178', 'B671', 'B177', 'B458', 'B562', 'B422', 'B677', 'B378']",4.5,S18,2.33,7,4,11,0.0,,-1.238158,-12.904485,-14.142644,False,False,6,S18,False,2,0.2046,delivery,,,,,,,,,,,,,,,,,,,,,,,,,,,,,,,,,,,,,,,,,,,,,,,,,,,,
50,21,11,38,S18,False,7,4,11,0,0,0,0,0,0,[],0.0,S61,1.44,7,4,11,0.0,,-0.5177,-13.265498,-13.783198,False,False,4,S26,True,0,0.1507,do_nothing,,,,,,,,,,,,,,,,,,,,,,,,,,,,,,,,,,,,,,,,,,,,,,,,,,,,
50,21,11,39,S61,False,7,4,11,0,8,0,0,0,0,"['B325', 'B315', 'B259', 'B753', 'B642', 'B636', 'B667', 'B765']",4.0,S26,6.04,15,4,19,0.0,,-0.680482,-12.996224,-13.676705,False,False,6,S26,False,2,0.2252,pickup,,,,,,,,,,,,,,,,,,,,,,,,,,,,,,,,,,,,,,,,,,,,,,,,,,,,
50,21,11,49,S26,False,15,4,19,14,0,0,0,0,0,"['B146', 'B737', 'B373', 'B346', 'B435', 'B40', 'B643', 'B325', 'B315', 'B259', 'B753', 'B642', 'B636', 'B667']",7.0,S54,5.73,1,4,5,0.0,,-0.875884,-12.954164,-13.830048,False,False,6,S54,False,2,0.2346,delivery,,,,,,,,,,,,,,,,,,,,,,,,,,,,,,,,,,,,,,,,,,,,,,,,,,,,
50,21,12,2,S54,False,1,4,5,0,8,0,0,0,0,"['B412', 'B22', 'B492', 'B450', 'B387', 'B86', 'B724', 'B296']",4.0,S1,3.23,9,4,13,0.0,,-0.878129,-13.152678,-14.030807,False,False,6,S1,False,2,0.2644,pickup,,,,,,,,,,,,,,,,,,,,,,,,,,,,,,,,,,,,,,,,,,,,,,,,,,,,
50,21,12,9,S1,False,9,4,13,0,0,0,1,0,0,['B153'],0.5,S35,0.53,9,5,14,0.0,,-0.650346,-13.160341,-13.810687,True,True,8,S57,True,2,0.2913,do_nothing+depot_removal,,,,,,,,,,,,,,,,,,,,,,,,,,,,,,,,,,,,,,,,,,,,,,,,,,,,
50,21,12,10,S35,False,9,5,14,9,0,0,0,0,0,"['B765', 'B412', 'B22', 'B492', 'B450', 'B387', 'B86', 'B724', 'B296']",4.5,S57,0.73,0,5,5,0.0,,-0.520343,-13.016144,-13.536487,False,False,4,S57,False,2,0.1467,delivery,,,,,,,,,,,,,,,,,,,,,,,,,,,,,,,,,,,,,,,,,,,,,,,,,,,,
50,21,12,16,S57,False,0,5,5,0,11,0,0,0,0,"['B561', 'B718', 'B341', 'B515', 'B655', 'B291', 'B428', 'B481', 'B207', 'B237', 'B651']",5.5,S1,0.66,11,5,16,0.0,,-0.779219,-12.928901,-13.70812,False,False,6,S1,False,4,0.2123,pickup,,,,,,,,,,,,,,,,,,,,,,,,,,,,,,,,,,,,,,,,,,,,,,,,,,,,
50,21,12,22,S1,False,11,5,16,11,0,0,0,0,0,"['B561', 'B718', 'B341', 'B515', 'B655', 'B291', 'B428', 'B481', 'B207', 'B237', 'B651']",5.5,S18,9.04,0,5,5,0.0,,-0.685933,-12.953119,-13.639052,False,False,4,S18,False,2,0.1476,delivery,,,,,,,,,,,,,,,,,,,,,,,,,,,,,,,,,,,,,,,,,,,,,,,,,,,,
50,21,12,36,S18,False,0,5,5,0,13,0,0,0,0,"['B63', 'B235', 'B11', 'B419', 'B299', 'B25', 'B607', 'B194', 'B254', 'B354', 'B340', 'B767', 'B227']",6.5,S46,4.15,13,5,18,0.0,,-0.711303,-13.354694,-14.065996,False,False,6,S46,False,4,0.2129,pickup,,,,,,,,,,,,,,,,,,,,,,,,,,,,,,,,,,,,,,,,,,,,,,,,,,,,
50,21,12,47,S46,False,13,5,18,13,0,0,0,0,0,"['B63', 'B235', 'B11', 'B419', 'B299', 'B25', 'B607', 'B194', 'B254', 'B354', 'B340', 'B767', 'B227']",6.5,S7,11.74,0,5,5,0.0,,-0.875816,-13.104454,-13.98027,False,False,4,S7,False,2,0.1692,delivery,,,,,,,,,,,,,,,,,,,,,,,,,,,,,,,,,,,,,,,,,,,,,,,,,,,,
50,21,13,5,S7,False,0,5,5,0,0,0,1,0,0,['B586'],0.5,S61,7.71,0,6,6,0.0,,-1.507201,-13.394861,-14.902062,True,True,12,S61,False,2,0.4352,do_nothing+depot_removal,,,,,,,,,,,,,,,,,,,,,,,,,,,,,,,,,,,,,,,,,,,,,,,,,,,,
50,21,13,13,S61,False,0,6,6,0,9,0,0,0,0,"['B629', 'B546', 'B232', 'B265', 'B479', 'B566', 'B513', 'B359', 'B58']",4.5,S15,3.33,9,6,15,0.0,,-1.500824,-13.319005,-14.81983,False,False,6,S63,True,4,0.2115,pickup,,,,,,,,,,,,,,,,,,,,,,,,,,,,,,,,,,,,,,,,,,,,,,,,,,,,
50,21,13,21,S15,False,9,6,15,0,0,0,0,0,0,[],0.0,S54,3.9,9,6,15,0.0,,-1.519416,-13.437922,-14.957338,False,False,4,S34,True,0,0.1373,do_nothing,,,,,,,,,,,,,,,,,,,,,,,,,,,,,,,,,,,,,,,,,,,,,,,,,,,,
50,21,13,25,S54,False,9,6,15,9,0,0,1,0,0,"['B16', 'B629', 'B546', 'B232', 'B265', 'B479', 'B566', 'B513', 'B359', 'B58']",5.0,S40,2.17,0,7,7,0.0,,-1.680281,-13.499155,-15.179436,True,True,8,S40,False,6,0.2976,delivery+depot_removal,,,,,,,,,,,,,,,,,,,,,,,,,,,,,,,,,,,,,,,,,,,,,,,,,,,,
50,21,13,32,S40,False,0,7,7,0,13,0,0,0,0,"['B470', 'B709', 'B371', 'B372', 'B711', 'B306', 'B225', 'B367', 'B764', 'B199', 'B583', 'B220', 'B670']",6.5,S15,2.5,13,7,20,0.0,,-0.614483,-12.743509,-13.357992,False,False,6,S15,True,2,0.2138,pickup,,,,,,,,,,,,,,,,,,,,,,,,,,,,,,,,,,,,,,,,,,,,,,,,,,,,
50,21,13,41,S15,False,13,7,20,13,0,0,0,0,0,"['B470', 'B709', 'B371', 'B372', 'B711', 'B306', 'B225', 'B367', 'B764', 'B199', 'B583', 'B220', 'B670']",6.5,S63,5.25,0,7,7,0.0,,-1.656935,-12.980481,-14.637416,False,False,4,S63,False,2,0.1449,delivery,,,,,,,,,,,,,,,,,,,,,,,,,,,,,,,,,,,,,,,,,,,,,,,,,,,,
50,21,13,53,S63,False,0,7,7,0,0,0,0,0,0,[],0.0,S66,4.37,0,7,7,0.0,,-2.181034,-13.120827,-15.301862,False,False,4,S3,True,0,0.1608,do_nothing,,,,,,,,,,,,,,,,,,,,,,,,,,,,,,,,,,,,,,,,,,,,,,,,,,,,
50,21,13,57,S66,False,0,7,7,0,10,0,0,0,0,"['B247', 'B268', 'B417', 'B496', 'B198', 'B494', 'B102', 'B497', 'B210', 'B628']",5.0,S13,8.55,10,7,17,0.0,,-2.412342,-13.142275,-15.554617,False,False,6,S63,True,4,0.2122,pickup,,,,,,,,,,,,,,,,,,,,,,,,,,,,,,,,,,,,,,,,,,,,,,,,,,,,
50,21,14,11,S13,False,10,7,17,10,0,0,0,0,0,"['B247', 'B268', 'B417', 'B496', 'B198', 'B494', 'B102', 'B497', 'B210', 'B628']",5.0,S7,2.1,0,7,7,0.0,,-1.730447,-13.005576,-14.736023,False,False,4,S7,False,2,0.1406,delivery,,,,,,,,,,,,,,,,,,,,,,,,,,,,,,,,,,,,,,,,,,,,,,,,,,,,
50,21,14,18,S7,False,0,7,7,0,13,0,0,0,0,"['B606', 'B610', 'B145', 'B104', 'B182', 'B706', 'B401', 'B509', 'B705', 'B692', 'B298', 'B90', 'B333']",6.5,S54,11.95,13,7,20,0.0,,-1.176301,-12.80414,-13.980441,False,False,4,S22,True,2,0.1391,pickup,,,,,,,,,,,,,,,,,,,,,,,,,,,,,,,,,,,,,,,,,,,,,,,,,,,,
50,21,14,36,S54,False,13,7,20,0,0,0,0,0,0,[],0.0,S35,2.91,13,7,20,0.0,,-1.819536,-13.178177,-14.997713,False,False,4,S35,False,0,0.1593,do_nothing,,,,,,,,,,,,,,,,,,,,,,,,,,,,,,,,,,,,,,,,,,,,,,,,,,,,
50,21,14,39,S35,False,13,7,20,13,0,1,0,0,0,"['B606', 'B610', 'B145', 'B104', 'B182', 'B706', 'B401', 'B509', 'B705', 'B692', 'B298', 'B90', 'B333']",9.5,S44,6.81,0,7,7,0.0,,-1.996143,-13.239751,-15.235894,True,True,8,S57,True,6,0.2775,delivery+onsite,,,,,,,,,,,,,,,,,,,,,,,,,,,,,,,,,,,,,,,,,,,,,,,,,,,,
50,21,14,56,S44,False,0,7,7,0,13,0,0,0,0,"['B687', 'B370', 'B271', 'B684', 'B257', 'B604', 'B164', 'B233', 'B547', 'B747', 'B427', 'B470', 'B397']",6.5,S43,0.79,13,7,20,0.0,,-2.47105,-13.132354,-15.603404,False,False,4,S43,False,2,0.1518,pickup,,,,,,,,,,,,,,,,,,,,,,,,,,,,,,,,,,,,,,,,,,,,,,,,,,,,
50,21,15,3,S43,False,13,7,20,13,0,0,1,0,0,"['B263', 'B687', 'B370', 'B271', 'B684', 'B257', 'B604', 'B164', 'B233', 'B547', 'B747', 'B427', 'B470', 'B397']",7.0,S62,2.99,0,8,8,0.0,,-1.21083,-12.905162,-14.115992,True,True,6,S62,False,4,0.2252,delivery+depot_removal,,,,,,,,,,,,,,,,,,,,,,,,,,,,,,,,,,,,,,,,,,,,,,,,,,,,
50,21,15,13,S62,False,0,8,8,0,12,0,0,0,0,"['B405', 'B272', 'B631', 'B301', 'B510', 'B678', 'B765', 'B31', 'B0', 'B279', 'B539', 'B355']",6.0,S58,3.31,12,8,20,0.0,,-2.086562,-12.917066,-15.003628,False,False,4,S58,False,2,0.151,pickup,,,,,,,,,,,,,,,,,,,,,,,,,,,,,,,,,,,,,,,,,,,,,,,,,,,,
50,21,15,22,S58,False,12,8,20,12,0,0,1,0,0,"['B611', 'B405', 'B272', 'B631', 'B301', 'B510', 'B678', 'B765', 'B31', 'B0', 'B279', 'B539', 'B355']",6.5,S37,0.71,0,9,9,0.0,,-2.407163,-13.139271,-15.546434,True,True,6,S37,False,4,0.2195,delivery+depot_removal,,,,,,,,,,,,,,,,,,,,,,,,,,,,,,,,,,,,,,,,,,,,,,,,,,,,
50,21,15,30,S37,False,0,9,9,0,11,0,0,0,0,"['B46', 'B314', 'B469', 'B669', 'B752', 'B475', 'B54', 'B431', 'B276', 'B444', 'B482']",5.5,S39,3.55,11,9,20,0.0,,-2.480741,-12.785867,-15.266608,False,False,4,S12,True,2,0.1557,pickup,,,,,,,,,,,,,,,,,,,,,,,,,,,,,,,,,,,,,,,,,,,,,,,,,,,,
50,21,15,39,S39,False,11,9,20,11,0,0,2,0,0,"['B326', 'B696', 'B46', 'B314', 'B469', 'B669', 'B752', 'B475', 'B54', 'B431', 'B276', 'B444', 'B482']",6.5,S41,3.32,0,11,11,0.0,,-1.92766,-12.746679,-14.674339,True,True,8,S41,False,6,0.3016,delivery+depot_removal,,,,,,,,,,,,,,,,,,,,,,,,,,,,,,,,,,,,,,,,,,,,,,,,,,,,
50,21,15,48,S41,False,0,11,11,0,9,0,0,0,0,"['B352', 'B293', 'B490', 'B160', 'B118', 'B13', 'B190', 'B661', 'B139']",4.5,S26,6.65,9,11,20,0.0,,-1.598344,-12.669274,-14.267618,True,False,6,S12,True,4,0.2067,pickup,,,,,,,,,,,,,,,,,,,,,,,,,,,,,,,,,,,,,,,,,,,,,,,,,,,,
50,21,16,0,S26,False,9,11,20,0,0,0,0,0,0,[],0.0,S35,6.42,9,11,20,0.0,,-1.470619,-12.686451,-14.157069,False,False,4,S35,False,0,0.1515,do_nothing,,,,,,,,,,,,,,,,,,,,,,,,,,,,,,,,,,,,,,,,,,,,,,,,,,,,
50,21,16,6,S35,False,9,11,20,9,0,1,0,0,0,"['B352', 'B293', 'B490', 'B160', 'B118', 'B13', 'B190', 'B661', 'B139']",7.5,S12,9.87,0,11,11,0.0,,-1.992174,-12.615315,-14.607489,True,True,8,S12,False,6,0.2725,delivery+onsite,,,,,,,,,,,,,,,,,,,,,,,,,,,,,,,,,,,,,,,,,,,,,,,,,,,,
50,21,16,23,S12,False,0,11,11,0,9,0,0,0,0,"['B520', 'B117', 'B99', 'B725', 'B557', 'B570', 'B574', 'B564', 'B613']",4.5,S26,13.22,9,11,20,0.0,,-1.505522,-12.663141,-14.168663,False,False,4,S26,False,2,0.1446,pickup,,,,,,,,,,,,,,,,,,,,,,,,,,,,,,,,,,,,,,,,,,,,,,,,,,,,
50,21,16,41,S26,False,9,11,20,9,0,0,0,0,0,"['B520', 'B117', 'B99', 'B725', 'B557', 'B570', 'B574', 'B564', 'B613']",4.5,S31,6.02,0,11,11,0.0,,-1.3074,-12.945326,-14.252726,False,False,4,S54,True,2,0.1458,delivery,,,,,,,,,,,,,,,,,,,,,,,,,,,,,,,,,,,,,,,,,,,,,,,,,,,,
50,21,16,52,S31,False,0,11,11,0,9,0,0,0,0,"['B28', 'B246', 'B492', 'B723', 'B274', 'B392', 'B154', 'B7', 'B351']",4.5,S66,0.38,9,11,20,0.0,,-1.07688,-12.900498,-13.977378,True,False,6,S41,True,4,0.2237,pickup,,,,,,,,,,,,,,,,,,,,,,,,,,,,,,,,,,,,,,,,,,,,,,,,,,,,
50,21,16,56,S66,False,9,11,20,9,0,0,0,0,0,"['B28', 'B246', 'B492', 'B723', 'B274', 'B392', 'B154', 'B7', 'B351']",4.5,S41,1.41,0,11,11,0.0,,-1.274171,-12.931417,-14.205588,False,False,4,S41,False,2,0.1574,delivery,,,,,,,,,,,,,,,,,,,,,,,,,,,,,,,,,,,,,,,,,,,,,,,,,,,,
50,21,17,2,S41,False,0,11,11,0,0,0,1,0,0,['B549'],0.5,S30,0.92,0,12,12,0.0,,-1.045483,-12.90854,-13.954023,True,True,6,S30,False,2,0.2027,do_nothing+depot_removal,,,,,,,,,,,,,,,,,,,,,,,,,,,,,,,,,,,,,,,,,,,,,,,,,,,,
50,21,17,4,S30,False,0,12,12,0,8,0,0,0,0,"['B76', 'B124', 'B41', 'B240', 'B39', 'B643', 'B435', 'B173']",4.0,S24,6.35,8,12,20,0.0,,-1.600599,-12.956125,-14.556725,False,False,4,S24,False,2,0.1354,pickup,,,,,,,,,,,,,,,,,,,,,,,,,,,,,,,,,,,,,,,,,,,,,,,,,,,,
50,21,17,14,S24,False,8,12,20,8,0,0,0,0,0,"['B76', 'B124', 'B41', 'B240', 'B39', 'B643', 'B435', 'B173']",4.0,S22,6.27,0,12,12,0.0,,-0.97808,-12.853373,-13.831453,False,False,4,S22,False,2,0.1334,delivery,,,,,,,,,,,,,,,,,,,,,,,,,,,,,,,,,,,,,,,,,,,,,,,,,,,,
50,21,17,24,S22,False,0,12,12,0,8,0,0,0,0,"['B223', 'B461', 'B221', 'B710', 'B538', 'B87', 'B664', 'B98']",4.0,S17,8.16,8,12,20,0.0,,-0.883166,-12.802131,-13.685297,False,False,4,S17,False,2,0.14,pickup,,,,,,,,,,,,,,,,,,,,,,,,,,,,,,,,,,,,,,,,,,,,,,,,,,,,
50,21,17,37,S17,False,8,12,20,8,0,0,0,0,0,"['B223', 'B461', 'B221', 'B710', 'B538', 'B87', 'B664', 'B98']",4.0,S41,8.16,0,12,12,0.0,,-0.26315,-12.768069,-13.031218,False,False,4,S41,False,2,0.1356,delivery,,,,,,,,,,,,,,,,,,,,,,,,,,,,,,,,,,,,,,,,,,,,,,,,,,,,
50,21,17,49,S41,False,0,12,12,0,0,0,0,0,0,[],0.0,S48,9.11,0,12,12,0.0,,-0.261503,-12.892652,-13.154155,False,False,4,S10,True,0,0.1518,do_nothing,,,,,,,,,,,,,,,,,,,,,,,,,,,,,,,,,,,,,,,,,,,,,,,,,,,,
50,21,17,58,S48,False,0,12,12,0,0,1,0,0,0,[],3.0,S51,0.84,0,12,12,0.0,,-0.388772,-12.765731,-13.154503,True,True,8,S11,True,2,0.3608,do_nothing+onsite,,,,,,,,,,,,,,,,,,,,,,,,,,,,,,,,,,,,,,,,,,,,,,,,,,,,
50,21,18,2,S51,False,0,12,12,0,8,0,0,0,0,"['B182', 'B404', 'B732', 'B225', 'B199', 'B161', 'B590', 'B34']",4.0,S54,6.18,8,12,20,0.0,,-0.455178,-12.961614,-13.416792,True,False,10,S48,True,4,0.356,pickup,,,,,,,,,,,,,,,,,,,,,,,,,,,,,,,,,,,,,,,,,,,,,,,,,,,,
50,21,18,12,S54,False,8,12,20,8,0,0,0,0,0,"['B182', 'B404', 'B732', 'B225', 'B199', 'B161', 'B590', 'B34']",4.0,S40,2.17,0,12,12,0.0,,-0.884334,-12.837264,-13.721597,False,False,4,S40,False,2,0.1432,delivery,,,,,,,,,,,,,,,,,,,,,,,,,,,,,,,,,,,,,,,,,,,,,,,,,,,,
50,21,18,18,S40,False,0,12,12,0,8,0,0,0,0,"['B695', 'B674', 'B536', 'B111', 'B226', 'B718', 'B532', 'B635']",4.0,S57,4.79,8,12,20,0.0,,-0.42338,-12.798153,-13.221533,False,False,4,S57,False,2,0.1458,pickup,,,,,,,,,,,,,,,,,,,,,,,,,,,,,,,,,,,,,,,,,,,,,,,,,,,,
50,21,18,27,S57,False,8,12,20,8,0,0,1,0,0,"['B147', 'B695', 'B674', 'B536', 'B111', 'B226', 'B718', 'B532', 'B635']",4.5,S37,7.56,0,13,13,0.0,,-0.229702,-12.603158,-12.83286,True,True,6,S37,False,4,0.2041,delivery+depot_removal,,,,,,,,,,,,,,,,,,,,,,,,,,,,,,,,,,,,,,,,,,,,,,,,,,,,
50,21,18,39,S37,False,0,13,13,0,7,0,0,0,0,"['B254', 'B178', 'B49', 'B212', 'B685', 'B393', 'B200']",3.5,S42,9.19,7,13,20,0.0,,-0.16115,-12.583924,-12.745075,False,False,4,S58,True,2,0.1353,pickup,,,,,,,,,,,,,,,,,,,,,,,,,,,,,,,,,,,,,,,,,,,,,,,,,,,,
50,21,18,52,S42,False,7,13,20,7,0,0,0,0,0,"['B254', 'B178', 'B49', 'B212', 'B685', 'B393', 'B200']",3.5,S22,13.14,0,13,13,0.0,,-0.486408,-12.482709,-12.969117,False,False,4,S22,False,2,0.1377,delivery,,,,,,,,,,,,,,,,,,,,,,,,,,,,,,,,,,,,,,,,,,,,,,,,,,,,
50,21,19,8,S22,False,0,13,13,0,7,0,0,0,0,"['B179', 'B565', 'B576', 'B556', 'B349', 'B378', 'B74']",3.5,S23,1.6,7,13,20,0.0,,-0.455501,-12.542448,-12.997948,False,False,4,S23,False,2,0.1464,pickup,,,,,,,,,,,,,,,,,,,,,,,,,,,,,,,,,,,,,,,,,,,,,,,,,,,,
50,21,19,13,S23,False,7,13,20,7,0,0,0,0,0,"['B179', 'B565', 'B576', 'B556', 'B349', 'B378', 'B74']",3.5,S31,5.05,0,13,13,0.0,,-0.228048,-12.555212,-12.78326,False,False,4,S31,False,2,0.1798,delivery,,,,,,,,,,,,,,,,,,,,,,,,,,,,,,,,,,,,,,,,,,,,,,,,,,,,
50,21,19,22,S31,False,0,13,13,0,7,0,0,0,0,"['B720', 'B742', 'B594', 'B183', 'B69', 'B759', 'B189']",3.5,S3,7.39,7,13,20,0.0,,-0.325168,-12.41343,-12.738598,True,False,6,S66,True,4,0.2217,pickup,,,,,,,,,,,,,,,,,,,,,,,,,,,,,,,,,,,,,,,,,,,,,,,,,,,,
50,21,19,33,S3,False,7,13,20,0,0,1,0,0,0,[],3.0,S54,2.56,7,13,20,0.0,,-0.193198,-12.733293,-12.926491,True,True,8,S48,True,2,0.2715,do_nothing+onsite,,,,,,,,,,,,,,,,,,,,,,,,,,,,,,,,,,,,,,,,,,,,,,,,,,,,
50,21,19,38,S54,False,7,13,20,0,0,0,0,0,0,[],0.0,S3,2.56,7,13,20,0.0,,-0.650826,-12.774556,-13.425382,False,False,3,S3,False,0,0.1121,do_nothing,,,,,,,,,,,,,,,,,,,,,,,,,,,,,,,,,,,,,,,,,,,,,,,,,,,,
50,21,19,41,S3,False,7,13,20,0,0,0,0,0,0,[],0.0,S54,2.56,7,13,20,0.0,,-0.583681,-12.693262,-13.276944,False,False,3,D0,True,0,0.1134,do_nothing,,,,,,,,,,,,,,,,,,,,,,,,,,,,,,,,,,,,,,,,,,,,,,,,,,,,
50,21,19,43,S54,False,7,13,20,0,0,0,0,0,0,[],0.0,S3,2.56,7,13,20,0.0,,-0.45277,-12.785188,-13.237959,False,False,3,S3,False,0,0.11,do_nothing,,,,,,,,,,,,,,,,,,,,,,,,,,,,,,,,,,,,,,,,,,,,,,,,,,,,
50,21,19,46,S3,False,7,13,20,0,0,0,0,0,0,[],0.0,D0,3.11,7,13,20,0.0,,-0.421148,-12.98842,-13.409568,False,False,2,D0,True,0,0.0852,do_nothing,,,,,,,,,,,,,,,,,,,,,,,,,,,,,,,,,,,,,,,,,,,,,,,,,,,,
50,21,19,49,D0,True,7,13,20,0,0,0,0,13,1,"['B452', 'B582', 'B466', 'B430', 'B216', 'B153', 'B586', 'B16', 'B263', 'B611', 'B326', 'B696', 'B549', 'B147']",7.0,D0,0.0,8,0,8,0.0,,-0.358272,-12.921171,-13.279443,True,True,1,D0,False,0,0.055,do_nothing,,,,,,,,,,,,,,,,,,,,,,,,,,,,,,,,,,,,,,,,,,,,,,,,,,,,
50,22,6,11,D0,True,8,0,8,0,0,0,0,0,6,"['B350', 'B544', 'B666', 'B32', 'B123', 'B673']",3.0,S34,1.54,14,0,14,0.0,,-2.060925,-13.656674,-15.717599,True,True,1,S34,False,0,0.0436,load_queue,,,,,,,,,,,,,,,,,,,,,,,,,,,,,,,,,,,,,,,,,,,,,,,,,,,,
50,22,6,31,S34,False,14,0,14,14,0,0,0,0,0,"['B720', 'B742', 'B594', 'B183', 'B69', 'B759', 'B189', 'B452', 'B350', 'B544', 'B666', 'B32', 'B123', 'B673']",7.0,S63,5.11,0,0,0,0.0,,-1.867457,-13.556255,-15.423713,False,False,4,S63,False,2,0.1379,delivery,,,,,,,,,,,,,,,,,,,,,,,,,,,,,,,,,,,,,,,,,,,,,,,,,,,,
50,22,6,43,S63,False,0,0,0,0,19,0,0,0,0,"['B343', 'B551', 'B559', 'B257', 'B287', 'B18', 'B68', 'B265', 'B657', 'B498', 'B145', 'B482', 'B237', 'B340', 'B35', 'B199', 'B12', 'B208', 'B761']",9.5,S62,2.46,19,0,19,0.0,,-2.186956,-13.667319,-15.854275,False,False,6,S62,False,4,0.2633,pickup,,,,,,,,,,,,,,,,,,,,,,,,,,,,,,,,,,,,,,,,,,,,,,,,,,,,
50,22,6,55,S62,False,19,0,19,17,0,0,0,0,0,"['B343', 'B551', 'B559', 'B257', 'B287', 'B18', 'B68', 'B265', 'B657', 'B498', 'B145', 'B482', 'B237', 'B340', 'B35', 'B199', 'B12']",8.5,S33,0.92,2,0,2,0.0,,-2.775915,-13.577316,-16.353231,False,False,6,S33,False,2,0.2856,delivery,,,,,,,,,,,,,,,,,,,,,,,,,,,,,,,,,,,,,,,,,,,,,,,,,,,,
50,22,7,4,S33,False,2,0,2,0,9,1,0,0,0,"['B36', 'B567', 'B169', 'B396', 'B394', 'B754', 'B232', 'B591', 'B687']",7.5,S52,0.73,11,0,11,0.0,,-2.549759,-13.565242,-16.115001,True,True,12,S52,False,10,0.5461,pickup+onsite,,,,,,,,,,,,,,,,,,,,,,,,,,,,,,,,,,,,,,,,,,,,,,,,,,,,
50,22,7,12,S52,False,11,0,11,0,9,0,0,0,0,"['B329', 'B244', 'B29', 'B475', 'B667', 'B649', 'B357', 'B20', 'B372']",4.5,S18,2.22,20,0,20,0.0,,-1.439225,-13.563972,-15.003197,True,False,6,S18,False,4,0.2728,pickup,,,,,,,,,,,,,,,,,,,,,,,,,,,,,,,,,,,,,,,,,,,,,,,,,,,,
50,22,7,19,S18,False,20,0,20,15,0,0,2,0,0,"['B757', 'B120', 'B208', 'B761', 'B36', 'B567', 'B169', 'B396', 'B394', 'B754', 'B232', 'B591', 'B687', 'B329', 'B244', 'B29', 'B475']",8.5,S59,0.93,5,2,7,0.0,,-1.506021,-13.495946,-15.001967,True,True,14,S59,True,12,0.4978,delivery+depot_removal,,,,,,,,,,,,,,,,,,,,,,,,,,,,,,,,,,,,,,,,,,,,,,,,,,,,
50,22,7,28,S59,False,5,2,7,0,13,0,0,0,0,"['B195', 'B362', 'B704', 'B746', 'B149', 'B181', 'B656', 'B267', 'B150', 'B295', 'B327', 'B414', 'B270']",6.5,S22,6.26,18,2,20,0.0,,-1.402018,-13.433483,-14.835501,False,False,4,S22,False,2,0.153,pickup,,,,,,,,,,,,,,,,,,,,,,,,,,,,,,,,,,,,,,,,,,,,,,,,,,,,
50,22,7,41,S22,False,18,2,20,16,0,0,0,0,0,"['B667', 'B649', 'B357', 'B20', 'B372', 'B195', 'B362', 'B704', 'B746', 'B149', 'B181', 'B656', 'B267', 'B150', 'B295', 'B327']",8.0,S54,9.78,2,2,4,0.0,,-0.779703,-13.301521,-14.081223,False,False,6,S65,True,2,0.2433,delivery,,,,,,,,,,,,,,,,,,,,,,,,,,,,,,,,,,,,,,,,,,,,,,,,,,,,
50,22,7,59,S54,False,2,2,4,0,16,0,0,0,0,"['B476', 'B631', 'B561', 'B359', 'B45', 'B678', 'B675', 'B137', 'B518', 'B225', 'B156', 'B581', 'B10', 'B99', 'B2', 'B351']",8.0,S31,5.7,18,2,20,0.0,,-0.879306,-13.456477,-14.335783,False,False,4,S31,False,2,0.1726,pickup,,,,,,,,,,,,,,,,,,,,,,,,,,,,,,,,,,,,,,,,,,,,,,,,,,,,
50,22,8,13,S31,False,18,2,20,0,0,0,0,0,0,[],0.0,S15,3.53,18,2,20,0.0,,-0.883584,-13.574179,-14.457763,True,False,10,S15,False,0,0.5997,do_nothing,,,,,,,,,,,,,,,,,,,,,,,,,,,,,,,,,,,,,,,,,,,,,,,,,,,,
50,22,8,16,S15,False,18,2,20,15,0,0,0,0,0,"['B414', 'B270', 'B476', 'B631', 'B561', 'B359', 'B45', 'B678', 'B675', 'B137', 'B518', 'B225', 'B156', 'B581', 'B10']",7.5,S47,5.64,3,2,5,0.0,,-1.008134,-13.550636,-14.55877,False,False,6,S47,False,4,0.3474,delivery,,,,,,,,,,,,,,,,,,,,,,,,,,,,,,,,,,,,,,,,,,,,,,,,,,,,
50,22,8,29,S47,False,3,2,5,0,15,1,0,0,0,"['B500', 'B134', 'B188', 'B382', 'B546', 'B493', 'B294', 'B3', 'B324', 'B655', 'B83', 'B575', 'B551', 'B389', 'B287']",10.5,S31,2.72,18,2,20,0.0,,-0.973443,-13.464384,-14.437828,True,True,16,S31,False,14,0.6896,pickup+onsite,,,,,,,,,,,,,,,,,,,,,,,,,,,,,,,,,,,,,,,,,,,,,,,,,,,,
50,22,8,43,S31,False,18,2,20,18,0,0,1,0,0,"['B647', 'B99', 'B2', 'B351', 'B500', 'B134', 'B188', 'B382', 'B546', 'B493', 'B294', 'B3', 'B324', 'B655', 'B83', 'B575', 'B551', 'B389', 'B287']",9.5,S37,2.81,0,3,3,0.0,,-0.716159,-13.492635,-14.208793,True,True,6,S37,False,4,0.2283,delivery+depot_removal,,,,,,,,,,,,,,,,,,,,,,,,,,,,,,,,,,,,,,,,,,,,,,,,,,,,
50,22,8,55,S37,False,0,3,3,0,0,0,0,0,0,[],0.0,S44,1.36,0,3,3,0.0,,-0.687008,-13.503759,-14.190767,False,False,6,S1,True,0,0.2222,do_nothing,,,,,,,,,,,,,,,,,,,,,,,,,,,,,,,,,,,,,,,,,,,,,,,,,,,,
50,22,8,56,S44,False,0,3,3,0,11,0,1,0,0,"['B508', 'B644', 'B407', 'B374', 'B128', 'B48', 'B709', 'B705', 'B91', 'B642', 'B272', 'B344']",6.0,S37,1.36,11,4,15,0.0,,-0.974462,-13.521078,-14.49554,True,True,12,S37,False,10,0.4129,pickup+depot_removal,,,,,,,,,,,,,,,,,,,,,,,,,,,,,,,,,,,,,,,,,,,,,,,,,,,,
50,22,9,4,S37,False,11,4,15,0,5,0,0,0,0,"['B460', 'B133', 'B395', 'B505', 'B201']",2.5,S60,2.84,16,4,20,0.0,,-0.912423,-13.660784,-14.573207,False,False,4,S60,False,2,0.1378,pickup,,,,,,,,,,,,,,,,,,,,,,,,,,,,,,,,,,,,,,,,,,,,,,,,,,,,
50,22,9,9,S60,False,16,4,20,16,0,0,0,0,0,"['B508', 'B644', 'B407', 'B374', 'B128', 'B48', 'B709', 'B705', 'B91', 'B642', 'B272', 'B460', 'B133', 'B395', 'B505', 'B201']",8.0,S55,6.87,0,4,4,0.0,,-1.432183,-13.582068,-15.01425,False,False,4,S66,True,2,0.1444,delivery,,,,,,,,,,,,,,,,,,,,,,,,,,,,,,,,,,,,,,,,,,,,,,,,,,,,
50,22,9,24,S55,False,0,4,4,0,16,0,0,0,0,"['B725', 'B125', 'B609', 'B81', 'B305', 'B90', 'B107', 'B0', 'B393', 'B718', 'B458', 'B410', 'B701', 'B142', 'B682', 'B621']",8.0,S40,2.75,16,4,20,0.0,,-1.495435,-13.662942,-15.158377,False,False,4,S40,False,2,0.146,pickup,,,,,,,,,,,,,,,,,,,,,,,,,,,,,,,,,,,,,,,,,,,,,,,,,,,,
50,22,9,35,S40,False,16,4,20,16,0,0,0,0,0,"['B725', 'B125', 'B609', 'B81', 'B305', 'B90', 'B107', 'B0', 'B393', 'B718', 'B458', 'B410', 'B701', 'B142', 'B682', 'B621']",8.0,S52,2.21,0,4,4,0.0,,-1.404252,-13.326545,-14.730797,False,False,4,S27,True,2,0.1753,delivery,,,,,,,,,,,,,,,,,,,,,,,,,,,,,,,,,,,,,,,,,,,,,,,,,,,,
50,22,9,45,S52,False,0,4,4,0,9,0,1,0,0,"['B121', 'B409', 'B88', 'B734', 'B712', 'B487', 'B92', 'B43', 'B54', 'B601']",5.0,S27,3.68,9,5,14,0.0,,-1.173562,-13.415176,-14.588738,True,True,12,S16,True,10,0.4353,pickup+depot_removal,,,,,,,,,,,,,,,,,,,,,,,,,,,,,,,,,,,,,,,,,,,,,,,,,,,,
50,22,9,53,S27,False,9,5,14,9,0,0,0,0,0,"['B121', 'B409', 'B88', 'B734', 'B712', 'B487', 'B92', 'B43', 'B54']",4.5,S54,4.59,0,5,5,0.0,,-1.106445,-13.236377,-14.342823,False,False,4,S66,True,2,0.1456,delivery,,,,,,,,,,,,,,,,,,,,,,,,,,,,,,,,,,,,,,,,,,,,,,,,,,,,
50,22,10,3,S54,False,0,5,5,0,4,0,0,0,0,"['B416', 'B386', 'B366', 'B261']",2.0,S32,2.05,4,5,9,0.0,,-0.977814,-13.177031,-14.154845,False,False,6,S32,False,4,0.2203,pickup,,,,,,,,,,,,,,,,,,,,,,,,,,,,,,,,,,,,,,,,,,,,,,,,,,,,
50,22,10,7,S32,False,4,5,9,0,11,0,0,0,0,"['B415', 'B203', 'B106', 'B741', 'B271', 'B24', 'B53', 'B632', 'B339', 'B653', 'B463']",5.5,S26,7.72,15,5,20,0.0,,-0.750439,-13.111431,-13.86187,False,False,4,S26,False,2,0.1395,pickup,,,,,,,,,,,,,,,,,,,,,,,,,,,,,,,,,,,,,,,,,,,,,,,,,,,,
50,22,10,20,S26,False,15,5,20,15,0,0,0,0,0,"['B416', 'B386', 'B366', 'B261', 'B415', 'B203', 'B106', 'B741', 'B271', 'B24', 'B53', 'B632', 'B339', 'B653', 'B463']",7.5,S58,8.46,0,5,5,0.0,,-0.884918,-13.188613,-14.073531,False,False,4,S58,False,2,0.1668,delivery,,,,,,,,,,,,,,,,,,,,,,,,,,,,,,,,,,,,,,,,,,,,,,,,,,,,
50,22,10,36,S58,False,0,5,5,0,12,0,1,0,0,"['B276', 'B338', 'B211', 'B58', 'B547', 'B193', 'B328', 'B292', 'B459', 'B80', 'B504', 'B144', 'B418']",6.5,S17,10.37,12,6,18,0.0,,-0.974934,-13.495767,-14.470701,True,True,10,S43,True,8,0.3569,pickup+depot_removal,,,,,,,,,,,,,,,,,,,,,,,,,,,,,,,,,,,,,,,,,,,,,,,,,,,,
50,22,10,53,S17,False,12,6,18,12,0,0,0,0,0,"['B276', 'B338', 'B211', 'B58', 'B547', 'B193', 'B328', 'B292', 'B459', 'B80', 'B504', 'B144']",6.0,S43,10.5,0,6,6,0.0,,-0.878062,-13.453728,-14.331789,False,False,4,S43,False,2,0.1548,delivery,,,,,,,,,,,,,,,,,,,,,,,,,,,,,,,,,,,,,,,,,,,,,,,,,,,,
50,22,11,9,S43,False,0,6,6,0,14,0,0,0,0,"['B665', 'B98', 'B161', 'B755', 'B620', 'B587', 'B28', 'B87', 'B431', 'B64', 'B8', 'B60', 'B247', 'B553']",7.0,S24,10.46,14,6,20,0.0,,-0.621354,-13.6379,-14.259254,False,False,6,S16,True,2,0.2244,pickup,,,,,,,,,,,,,,,,,,,,,,,,,,,,,,,,,,,,,,,,,,,,,,,,,,,,
50,22,11,27,S24,False,14,6,20,14,0,0,0,0,0,"['B665', 'B98', 'B161', 'B755', 'B620', 'B587', 'B28', 'B87', 'B431', 'B64', 'B8', 'B60', 'B247', 'B553']",7.0,S41,7.02,0,6,6,0.0,,-0.454443,-13.58965,-14.044093,False,False,6,S1,True,4,0.2231,delivery,,,,,,,,,,,,,,,,,,,,,,,,,,,,,,,,,,,,,,,,,,,,,,,,,,,,
50,22,11,41,S41,False,0,6,6,0,14,0,0,0,0,"['B33', 'B630', 'B347', 'B207', 'B384', 'B334', 'B239', 'B316', 'B255', 'B589', 'B453', 'B753', 'B411', 'B743']",7.0,S46,6.18,14,6,20,0.0,,-0.808335,-13.394094,-14.202429,False,False,4,S46,False,2,0.1572,pickup,,,,,,,,,,,,,,,,,,,,,,,,,,,,,,,,,,,,,,,,,,,,,,,,,,,,
50,22,11,54,S46,False,14,6,20,14,0,0,0,0,0,"['B33', 'B630', 'B347', 'B207', 'B384', 'B334', 'B239', 'B316', 'B255', 'B589', 'B453', 'B753', 'B411', 'B743']",7.0,S32,2.16,0,6,6,0.0,,-0.939747,-13.207546,-14.147294,False,False,4,S32,False,2,0.1795,delivery,,,,,,,,,,,,,,,,,,,,,,,,,,,,,,,,,,,,,,,,,,,,,,,,,,,,
50,22,12,3,S32,False,0,6,6,0,13,0,0,0,0,"['B353', 'B313', 'B108', 'B515', 'B735', 'B104', 'B663', 'B335', 'B361', 'B574', 'B451', 'B454', 'B571']",6.5,S54,2.05,13,6,19,0.0,,-0.678193,-13.118466,-13.796659,False,False,6,S54,False,4,0.2153,pickup,,,,,,,,,,,,,,,,,,,,,,,,,,,,,,,,,,,,,,,,,,,,,,,,,,,,
50,22,12,12,S54,False,13,6,19,13,0,0,1,0,0,"['B523', 'B353', 'B313', 'B108', 'B515', 'B735', 'B104', 'B663', 'B335', 'B361', 'B574', 'B451', 'B454', 'B571']",7.0,S16,4.04,0,7,7,0.0,,-0.681172,-13.209793,-13.890965,True,True,8,S29,True,6,0.459,delivery+depot_removal,,,,,,,,,,,,,,,,,,,,,,,,,,,,,,,,,,,,,,,,,,,,,,,,,,,,
50,22,12,23,S16,False,0,7,7,0,8,0,1,0,0,"['B423', 'B731', 'B308', 'B310', 'B737', 'B669', 'B652', 'B726', 'B633']",4.5,S63,0.31,8,8,16,0.0,,-0.550813,-13.372688,-13.9235,True,True,12,S13,True,6,0.5194,pickup+depot_removal,,,,,,,,,,,,,,,,,,,,,,,,,,,,,,,,,,,,,,,,,,,,,,,,,,,,
50,22,12,27,S63,False,8,8,16,0,0,1,0,0,0,[],3.0,S29,5.25,8,8,16,0.0,,-0.29262,-13.178383,-13.471002,True,True,8,S13,True,2,0.3813,do_nothing+onsite,,,,,,,,,,,,,,,,,,,,,,,,,,,,,,,,,,,,,,,,,,,,,,,,,,,,
50,22,12,36,S29,False,8,8,16,8,0,2,0,0,0,"['B423', 'B731', 'B308', 'B310', 'B737', 'B669', 'B652', 'B726']",10.0,S13,14.36,0,8,8,0.0,,-0.289019,-13.349037,-13.638056,True,True,12,S13,False,10,0.4846,delivery+onsite,,,,,,,,,,,,,,,,,,,,,,,,,,,,,,,,,,,,,,,,,,,,,,,,,,,,
50,22,13,0,S13,False,0,8,8,0,0,1,0,0,0,[],3.0,S23,3.65,0,8,8,0.0,,-1.37195,-13.196614,-14.568564,True,True,12,S23,True,2,0.4415,do_nothing+onsite,,,,,,,,,,,,,,,,,,,,,,,,,,,,,,,,,,,,,,,,,,,,,,,,,,,,
50,22,13,7,S23,False,0,8,8,0,9,0,0,0,0,"['B170', 'B751', 'B467', 'B728', 'B761', 'B139', 'B492', 'B232', 'B306']",4.5,S54,10.66,9,8,17,0.0,,-1.336209,-13.426461,-14.76267,False,False,6,S54,False,4,0.209,pickup,,,,,,,,,,,,,,,,,,,,,,,,,,,,,,,,,,,,,,,,,,,,,,,,,,,,
50,22,13,22,S54,False,9,8,17,9,0,0,0,0,0,"['B170', 'B751', 'B467', 'B728', 'B761', 'B139', 'B492', 'B232', 'B306']",4.5,S41,6.96,0,8,8,0.0,,-1.693305,-13.394949,-15.088255,False,False,4,S41,False,2,0.1579,delivery,,,,,,,,,,,,,,,,,,,,,,,,,,,,,,,,,,,,,,,,,,,,,,,,,,,,
50,22,13,33,S41,False,0,8,8,0,12,0,0,0,0,"['B74', 'B676', 'B295', 'B6', 'B9', 'B234', 'B629', 'B628', 'B73', 'B724', 'B421', 'B610']",6.0,S50,8.63,12,8,20,0.0,,-1.107595,-12.829846,-13.937441,False,False,4,S50,False,2,0.1533,pickup,,,,,,,,,,,,,,,,,,,,,,,,,,,,,,,,,,,,,,,,,,,,,,,,,,,,
50,22,13,48,S50,False,12,8,20,12,0,0,1,0,0,"['B568', 'B74', 'B676', 'B295', 'B6', 'B9', 'B234', 'B629', 'B628', 'B73', 'B724', 'B421', 'B610']",6.5,S12,10.53,0,9,9,0.0,,-1.49069,-12.900055,-14.390745,True,True,6,S12,False,4,0.2213,delivery+depot_removal,,,,,,,,,,,,,,,,,,,,,,,,,,,,,,,,,,,,,,,,,,,,,,,,,,,,
50,22,14,5,S12,False,0,9,9,0,11,0,0,0,0,"['B284', 'B357', 'B748', 'B742', 'B541', 'B404', 'B323', 'B639', 'B188', 'B23', 'B29']",5.5,S35,9.87,11,9,20,0.0,,-1.822943,-13.11986,-14.942804,False,False,4,S35,False,2,0.1421,pickup,,,,,,,,,,,,,,,,,,,,,,,,,,,,,,,,,,,,,,,,,,,,,,,,,,,,
50,22,14,20,S35,False,11,9,20,11,0,0,0,0,0,"['B284', 'B357', 'B748', 'B742', 'B541', 'B404', 'B323', 'B639', 'B188', 'B23', 'B29']",5.5,S60,9.21,0,9,9,0.0,,-1.243729,-13.086038,-14.329767,False,False,4,S60,False,2,0.1537,delivery,,,,,,,,,,,,,,,,,,,,,,,,,,,,,,,,,,,,,,,,,,,,,,,,,,,,
50,22,14,35,S60,False,0,9,9,0,11,0,0,0,0,"['B505', 'B201', 'B409', 'B489', 'B155', 'B499', 'B303', 'B44', 'B197', 'B150', 'B441']",5.5,S64,0.95,11,9,20,0.0,,-1.597276,-13.117317,-14.714594,False,False,4,S64,False,2,0.1383,pickup,,,,,,,,,,,,,,,,,,,,,,,,,,,,,,,,,,,,,,,,,,,,,,,,,,,,
50,22,14,41,S64,False,11,9,20,0,0,0,0,0,0,[],0.0,S43,3.6,11,9,20,0.0,,-0.878481,-13.225434,-14.103915,False,False,4,S43,False,0,0.1375,do_nothing,,,,,,,,,,,,,,,,,,,,,,,,,,,,,,,,,,,,,,,,,,,,,,,,,,,,
50,22,14,45,S43,False,11,9,20,0,0,0,0,0,0,[],0.0,S57,6.81,11,9,20,0.0,,-0.845924,-13.254602,-14.100527,False,False,4,S57,False,0,0.155,do_nothing,,,,,,,,,,,,,,,,,,,,,,,,,,,,,,,,,,,,,,,,,,,,,,,,,,,,
50,22,14,52,S57,False,11,9,20,11,0,1,0,0,0,"['B505', 'B201', 'B409', 'B489', 'B155', 'B499', 'B303', 'B44', 'B197', 'B150', 'B441']",8.5,S41,9.56,0,9,9,0.0,,-0.753849,-12.890325,-13.644174,True,True,8,S41,False,6,0.2713,delivery+onsite,,,,,,,,,,,,,,,,,,,,,,,,,,,,,,,,,,,,,,,,,,,,,,,,,,,,
50,22,15,10,S41,False,0,9,9,0,11,0,0,0,0,"['B728', 'B165', 'B612', 'B94', 'B245', 'B50', 'B471', 'B383', 'B202', 'B135', 'B271']",5.5,S64,1.81,11,9,20,0.0,,-0.45559,-12.964917,-13.420508,False,False,4,S64,False,2,0.1462,pickup,,,,,,,,,,,,,,,,,,,,,,,,,,,,,,,,,,,,,,,,,,,,,,,,,,,,
50,22,15,17,S64,False,11,9,20,9,0,0,0,0,0,"['B728', 'B165', 'B612', 'B94', 'B245', 'B50', 'B471', 'B383', 'B202']",4.5,S31,1.37,2,9,11,0.0,,-0.999066,-13.064476,-14.063542,False,False,6,S31,False,2,0.2047,delivery,,,,,,,,,,,,,,,,,,,,,,,,,,,,,,,,,,,,,,,,,,,,,,,,,,,,
50,22,15,23,S31,False,2,9,11,0,9,0,0,0,0,"['B564', 'B672', 'B59', 'B68', 'B107', 'B563', 'B93', 'B764', 'B615']",4.5,S37,2.81,11,9,20,0.0,,-0.487815,-12.829533,-13.317348,False,False,4,S37,False,2,0.1387,pickup,,,,,,,,,,,,,,,,,,,,,,,,,,,,,,,,,,,,,,,,,,,,,,,,,,,,
50,22,15,30,S37,False,11,9,20,11,0,0,0,0,0,"['B135', 'B271', 'B564', 'B672', 'B59', 'B68', 'B107', 'B563', 'B93', 'B764', 'B615']",5.5,S33,1.91,0,9,9,0.0,,-0.585739,-12.865772,-13.45151,False,False,4,S33,False,2,0.1705,delivery,,,,,,,,,,,,,,,,,,,,,,,,,,,,,,,,,,,,,,,,,,,,,,,,,,,,
50,22,15,38,S33,False,0,9,9,0,0,1,0,0,0,[],3.0,S12,6.96,0,9,9,0.0,,-0.779188,-12.806122,-13.58531,True,True,12,S12,False,2,0.4021,do_nothing+onsite,,,,,,,,,,,,,,,,,,,,,,,,,,,,,,,,,,,,,,,,,,,,,,,,,,,,
50,22,15,48,S12,False,0,9,9,0,11,0,0,0,0,"['B448', 'B413', 'B141', 'B199', 'B603', 'B473', 'B20', 'B623', 'B209', 'B69', 'B355']",5.5,S50,10.53,11,9,20,0.0,,-1.047061,-12.915771,-13.962832,False,False,4,S48,True,2,0.1588,pickup,,,,,,,,,,,,,,,,,,,,,,,,,,,,,,,,,,,,,,,,,,,,,,,,,,,,
50,22,16,4,S50,False,11,9,20,11,0,0,0,0,0,"['B448', 'B413', 'B141', 'B199', 'B603', 'B473', 'B20', 'B623', 'B209', 'B69', 'B355']",5.5,S31,7.46,0,9,9,0.0,,-1.861234,-12.960486,-14.82172,False,False,6,S29,True,4,0.2101,delivery,,,,,,,,,,,,,,,,,,,,,,,,,,,,,,,,,,,,,,,,,,,,,,,,,,,,
50,22,16,17,S31,False,0,9,9,0,11,0,0,0,0,"['B410', 'B619', 'B405', 'B262', 'B539', 'B34', 'B30', 'B574', 'B578', 'B190', 'B297']",5.5,S66,0.38,11,9,20,0.0,,-1.408332,-12.931625,-14.339957,False,False,4,S44,True,2,0.1965,pickup,,,,,,,,,,,,,,,,,,,,,,,,,,,,,,,,,,,,,,,,,,,,,,,,,,,,
50,22,16,23,S66,False,11,9,20,0,0,1,0,0,0,[],3.0,S54,5.58,11,9,20,0.0,,-1.108609,-13.052375,-14.160984,True,True,8,S51,True,2,0.3164,do_nothing+onsite,,,,,,,,,,,,,,,,,,,,,,,,,,,,,,,,,,,,,,,,,,,,,,,,,,,,
50,22,16,31,S54,False,11,9,20,11,0,0,0,0,0,"['B410', 'B619', 'B405', 'B262', 'B539', 'B34', 'B30', 'B574', 'B578', 'B190', 'B297']",5.5,S62,2.78,0,9,9,0.0,,-0.879721,-12.780204,-13.659924,False,False,4,S62,False,2,0.1363,delivery,,,,,,,,,,,,,,,,,,,,,,,,,,,,,,,,,,,,,,,,,,,,,,,,,,,,
50,22,16,40,S62,False,0,9,9,0,0,0,0,0,0,[],0.0,S51,5.81,0,9,9,0.0,,-1.075796,-12.857625,-13.933422,False,False,4,S29,True,0,0.1578,do_nothing,,,,,,,,,,,,,,,,,,,,,,,,,,,,,,,,,,,,,,,,,,,,,,,,,,,,
50,22,16,45,S51,False,0,9,9,0,0,0,2,0,0,"['B214', 'B698']",1.0,S62,5.81,0,11,11,0.0,,-1.311023,-12.738266,-14.049289,True,True,8,S62,False,4,0.2766,do_nothing+depot_removal,,,,,,,,,,,,,,,,,,,,,,,,,,,,,,,,,,,,,,,,,,,,,,,,,,,,
50,22,16,52,S62,False,0,11,11,0,9,0,0,0,0,"['B503', 'B426', 'B566', 'B79', 'B613', 'B648', 'B127', 'B514', 'B576']",4.5,S29,3.79,9,11,20,0.0,,-0.980745,-12.772683,-13.753428,False,False,4,S29,False,2,0.1262,pickup,,,,,,,,,,,,,,,,,,,,,,,,,,,,,,,,,,,,,,,,,,,,,,,,,,,,
50,22,17,0,S29,False,9,11,20,0,0,0,0,0,0,[],0.0,S1,2.42,9,11,20,0.0,,-0.880894,-12.899459,-13.780353,False,False,2,S1,False,0,0.0673,do_nothing,,,,,,,,,,,,,,,,,,,,,,,,,,,,,,,,,,,,,,,,,,,,,,,,,,,,
50,22,17,3,S1,False,9,11,20,0,0,0,0,0,0,[],0.0,S41,10.06,9,11,20,0.0,,-0.846255,-12.676454,-13.52271,False,False,4,S41,False,0,0.1738,do_nothing,,,,,,,,,,,,,,,,,,,,,,,,,,,,,,,,,,,,,,,,,,,,,,,,,,,,
50,22,17,13,S41,False,9,11,20,9,0,0,0,0,0,"['B503', 'B426', 'B566', 'B79', 'B613', 'B648', 'B127', 'B514', 'B576']",4.5,S20,6.82,0,11,11,0.0,,-0.785105,-12.759377,-13.544482,False,False,4,S20,False,2,0.1399,delivery,,,,,,,,,,,,,,,,,,,,,,,,,,,,,,,,,,,,,,,,,,,,,,,,,,,,
50,22,17,24,S20,False,0,11,11,0,0,0,0,0,0,[],0.0,S51,15.11,0,11,11,0.0,,-0.556779,-12.688315,-13.245093,False,False,4,S51,False,0,0.1364,do_nothing,,,,,,,,,,,,,,,,,,,,,,,,,,,,,,,,,,,,,,,,,,,,,,,,,,,,
50,22,17,39,S51,False,0,11,11,0,9,0,0,0,0,"['B175', 'B166', 'B327', 'B658', 'B631', 'B90', 'B667', 'B400', 'B638']",4.5,S1,8.32,9,11,20,0.0,,-0.72055,-12.922433,-13.642982,False,False,4,S1,False,2,0.1364,pickup,,,,,,,,,,,,,,,,,,,,,,,,,,,,,,,,,,,,,,,,,,,,,,,,,,,,
50,22,17,52,S1,False,9,11,20,9,0,0,0,0,0,"['B175', 'B166', 'B327', 'B658', 'B631', 'B90', 'B667', 'B400', 'B638']",4.5,S42,1.19,0,11,11,0.0,,-0.589241,-12.932859,-13.522099,False,False,4,S42,False,2,0.1965,delivery,,,,,,,,,,,,,,,,,,,,,,,,,,,,,,,,,,,,,,,,,,,,,,,,,,,,
50,22,17,58,S42,False,0,11,11,0,9,1,0,0,0,"['B543', 'B449', 'B218', 'B173', 'B338', 'B350', 'B36', 'B11', 'B341']",7.5,S35,1.31,9,11,20,0.0,,-0.788969,-12.930088,-13.719057,True,True,8,S35,False,6,0.3799,pickup+onsite,,,,,,,,,,,,,,,,,,,,,,,,,,,,,,,,,,,,,,,,,,,,,,,,,,,,
50,22,18,7,S35,False,9,11,20,9,0,2,0,0,0,"['B543', 'B449', 'B218', 'B173', 'B338', 'B350', 'B36', 'B11', 'B341']",10.5,S1,0.53,0,11,11,0.0,,-0.421211,-12.911941,-13.333152,True,True,12,S26,True,10,0.4091,delivery+onsite,,,,,,,,,,,,,,,,,,,,,,,,,,,,,,,,,,,,,,,,,,,,,,,,,,,,
50,22,18,18,S1,False,0,11,11,0,8,0,0,0,0,"['B166', 'B327', 'B658', 'B631', 'B90', 'B667', 'B400', 'B638']",4.0,S26,6.95,8,11,19,0.0,,-0.291073,-12.93747,-13.228543,False,False,4,S35,True,2,0.1486,pickup,,,,,,,,,,,,,,,,,,,,,,,,,,,,,,,,,,,,,,,,,,,,,,,,,,,,
50,22,18,29,S26,False,8,11,19,8,0,0,0,0,0,"['B166', 'B327', 'B658', 'B631', 'B90', 'B667', 'B400', 'B638']",4.0,S2,6.19,0,11,11,0.0,,-0.390566,-12.945783,-13.336349,False,False,4,S2,False,2,0.1432,delivery,,,,,,,,,,,,,,,,,,,,,,,,,,,,,,,,,,,,,,,,,,,,,,,,,,,,
50,22,18,39,S2,False,0,11,11,0,9,0,0,0,0,"['B312', 'B385', 'B540', 'B158', 'B88', 'B487', 'B729', 'B233', 'B91']",4.5,S41,3.24,9,11,20,0.0,,-0.587982,-12.83671,-13.424691,True,False,6,S30,True,4,0.2162,pickup,,,,,,,,,,,,,,,,,,,,,,,,,,,,,,,,,,,,,,,,,,,,,,,,,,,,
50,22,18,47,S41,False,9,11,20,9,0,0,0,0,0,"['B312', 'B385', 'B540', 'B158', 'B88', 'B487', 'B729', 'B233', 'B91']",4.5,S30,0.92,0,11,11,0.0,,-0.876222,-13.036793,-13.913015,False,False,4,S30,False,2,0.146,delivery,,,,,,,,,,,,,,,,,,,,,,,,,,,,,,,,,,,,,,,,,,,,,,,,,,,,
50,22,18,52,S30,False,0,11,11,0,8,0,0,0,0,"['B45', 'B380', 'B366', 'B171', 'B753', 'B246', 'B680', 'B542']",4.0,S15,4.47,8,11,19,0.0,,-0.493344,-12.772471,-13.265816,False,False,6,S62,True,2,0.2133,pickup,,,,,,,,,,,,,,,,,,,,,,,,,,,,,,,,,,,,,,,,,,,,,,,,,,,,
50,22,19,0,S15,False,8,11,19,8,0,0,0,0,0,"['B45', 'B380', 'B366', 'B171', 'B753', 'B246', 'B680', 'B542']",4.0,S62,2.79,0,11,11,0.0,,-0.42412,-12.79468,-13.2188,False,False,4,S55,True,2,0.1414,delivery,,,,,,,,,,,,,,,,,,,,,,,,,,,,,,,,,,,,,,,,,,,,,,,,,,,,
50,22,19,7,S62,False,0,11,11,0,9,0,0,0,0,"['B685', 'B507', 'B63', 'B133', 'B140', 'B709', 'B389', 'B354', 'B256']",4.5,S55,3.22,9,11,20,0.0,,-0.390664,-12.754499,-13.145163,False,False,4,S55,False,2,0.1349,pickup,,,,,,,,,,,,,,,,,,,,,,,,,,,,,,,,,,,,,,,,,,,,,,,,,,,,
50,22,19,15,S55,False,9,11,20,9,0,0,0,0,0,"['B685', 'B507', 'B63', 'B133', 'B140', 'B709', 'B389', 'B354', 'B256']",4.5,S51,5.48,0,11,11,0.0,,-0.587802,-12.806245,-13.394047,False,False,4,S54,True,2,0.1336,delivery,,,,,,,,,,,,,,,,,,,,,,,,,,,,,,,,,,,,,,,,,,,,,,,,,,,,
50,22,19,25,S51,False,0,11,11,0,9,0,0,0,0,"['B606', 'B593', 'B462', 'B448', 'B414', 'B340', 'B529', 'B142', 'B253']",4.5,S38,5.47,9,11,20,0.0,,-0.423055,-12.591698,-13.014753,False,False,4,S38,False,2,0.1583,pickup,,,,,,,,,,,,,,,,,,,,,,,,,,,,,,,,,,,,,,,,,,,,,,,,,,,,
50,22,19,35,S38,False,9,11,20,0,0,0,0,0,0,[],0.0,S37,1.93,9,11,20,0.0,,-0.35921,-12.818969,-13.178179,True,False,6,S59,True,0,0.208,do_nothing,,,,,,,,,,,,,,,,,,,,,,,,,,,,,,,,,,,,,,,,,,,,,,,,,,,,
50,22,19,37,S37,False,9,11,20,9,0,0,0,0,0,"['B606', 'B593', 'B462', 'B448', 'B414', 'B340', 'B529', 'B142', 'B253']",4.5,S31,2.81,0,11,11,0.0,,-0.390754,-12.856983,-13.247737,False,False,4,S38,True,2,0.1479,delivery,,,,,,,,,,,,,,,,,,,,,,,,,,,,,,,,,,,,,,,,,,,,,,,,,,,,
50,22,19,44,S31,False,0,11,11,0,0,0,0,0,0,[],0.0,S59,2.6,0,11,11,0.0,,-0.458158,-12.864922,-13.323079,False,False,3,D0,True,0,0.1156,do_nothing,,,,,,,,,,,,,,,,,,,,,,,,,,,,,,,,,,,,,,,,,,,,,,,,,,,,
50,22,19,47,S59,False,0,11,11,0,9,0,0,0,0,"['B187', 'B524', 'B660', 'B704', 'B391', 'B1', 'B342', 'B739', 'B617']",4.5,D0,2.27,9,11,20,0.0,,-0.26226,-13.083986,-13.346246,False,False,2,D0,False,1,0.0872,pickup,,,,,,,,,,,,,,,,,,,,,,,,,,,,,,,,,,,,,,,,,,,,,,,,,,,,
50,22,19,54,D0,True,9,11,20,0,0,0,0,11,11,"['B582', 'B466', 'B430', 'B216', 'B153', 'B586', 'B16', 'B263', 'B611', 'B326', 'B696', 'B757', 'B120', 'B647', 'B344', 'B601', 'B418', 'B523', 'B633', 'B568', 'B214', 'B698']",11.0,D0,0.0,20,0,20,0.0,,-0.29628,-12.841869,-13.138149,True,True,1,D0,False,0,0.0516,do_nothing,,,,,,,,,,,,,,,,,,,,,,,,,,,,,,,,,,,,,,,,,,,,,,,,,,,,
50,23,6,5,D0,True,20,0,20,0,0,0,0,0,0,[],0.0,S27,1.1,20,0,20,0.0,,-2.250634,-13.610077,-15.860711,True,True,1,S27,False,0,0.0402,depot_passthrough,,,,,,,,,,,,,,,,,,,,,,,,,,,,,,,,,,,,,,,,,,,,,,,,,,,,
50,23,6,21,S27,False,20,0,20,20,0,0,0,0,0,"['B187', 'B524', 'B660', 'B704', 'B391', 'B1', 'B342', 'B739', 'B617', 'B582', 'B466', 'B430', 'B216', 'B153', 'B586', 'B16', 'B263', 'B611', 'B326', 'B696']",10.0,S39,5.98,0,0,0,0.0,,-2.614673,-13.639345,-16.254018,False,False,4,S39,False,2,0.1958,delivery,,,,,,,,,,,,,,,,,,,,,,,,,,,,,,,,,,,,,,,,,,,,,,,,,,,,
50,23,6,37,S39,False,0,0,0,0,20,1,0,0,0,"['B458', 'B572', 'B184', 'B695', 'B300', 'B714', 'B733', 'B351', 'B641', 'B506', 'B284', 'B15', 'B580', 'B177', 'B286', 'B489', 'B436', 'B26', 'B269', 'B282']",13.0,S41,3.32,20,0,20,0.0,,-2.098542,-13.486623,-15.585165,True,True,8,S41,False,6,0.2887,pickup+onsite,,,,,,,,,,,,,,,,,,,,,,,,,,,,,,,,,,,,,,,,,,,,,,,,,,,,
50,23,6,53,S41,False,20,0,20,19,0,0,0,0,0,"['B458', 'B572', 'B184', 'B695', 'B300', 'B714', 'B733', 'B351', 'B641', 'B506', 'B284', 'B15', 'B580', 'B177', 'B286', 'B489', 'B436', 'B26', 'B269']",9.5,S60,0.87,1,0,1,0.0,,-2.059894,-13.484306,-15.5442,False,False,6,S60,False,2,0.2592,delivery,,,,,,,,,,,,,,,,,,,,,,,,,,,,,,,,,,,,,,,,,,,,,,,,,,,,
50,23,7,3,S60,False,1,0,1,0,8,0,0,0,0,"['B196', 'B597', 'B190', 'B422', 'B535', 'B356', 'B61', 'B336']",4.0,S66,1.23,9,0,9,0.0,,-1.799278,-13.394703,-15.19398,False,False,6,S63,True,2,0.3065,pickup,,,,,,,,,,,,,,,,,,,,,,,,,,,,,,,,,,,,,,,,,,,,,,,,,,,,
50,23,7,8,S66,False,9,0,9,9,0,0,0,0,0,"['B282', 'B196', 'B597', 'B190', 'B422', 'B535', 'B356', 'B61', 'B336']",4.5,S63,4.37,0,0,0,0.0,,-2.352532,-13.425498,-15.77803,True,False,8,S63,True,4,0.428,delivery,,,,,,,,,,,,,,,,,,,,,,,,,,,,,,,,,,,,,,,,,,,,,,,,,,,,
50,23,7,17,S63,False,0,0,0,0,14,0,0,0,0,"['B46', 'B94', 'B652', 'B727', 'B283', 'B41', 'B517', 'B588', 'B44', 'B711', 'B750', 'B395', 'B703', 'B534']",7.0,S46,1.02,14,0,14,0.0,,-1.468454,-13.257155,-14.725609,True,False,12,S46,True,4,0.4454,pickup,,,,,,,,,,,,,,,,,,,,,,,,,,,,,,,,,,,,,,,,,,,,,,,,,,,,
50,23,7,25,S46,False,14,0,14,0,6,0,0,0,0,"['B114', 'B384', 'B690', 'B513', 'B197', 'B461']",3.0,S51,3.14,20,0,20,0.0,,-0.882352,-13.208425,-14.090777,False,False,4,S51,False,2,0.1522,pickup,,,,,,,,,,,,,,,,,,,,,,,,,,,,,,,,,,,,,,,,,,,,,,,,,,,,
50,23,7,32,S51,False,20,0,20,15,0,0,0,0,0,"['B46', 'B94', 'B652', 'B727', 'B283', 'B41', 'B517', 'B588', 'B44', 'B711', 'B750', 'B395', 'B703', 'B534', 'B114']",7.5,S12,2.02,5,0,5,0.0,,-0.910581,-13.423211,-14.333792,False,False,6,S12,False,4,0.2203,delivery,,,,,,,,,,,,,,,,,,,,,,,,,,,,,,,,,,,,,,,,,,,,,,,,,,,,
50,23,7,41,S12,False,5,0,5,5,0,0,0,0,0,"['B384', 'B690', 'B513', 'B197', 'B461']",2.5,S8,15.98,0,0,0,0.0,,-0.810983,-13.191767,-14.00275,False,False,4,S8,False,2,0.1609,delivery,,,,,,,,,,,,,,,,,,,,,,,,,,,,,,,,,,,,,,,,,,,,,,,,,,,,
50,23,8,0,S8,False,0,0,0,0,11,0,0,0,0,"['B681', 'B608', 'B229', 'B528', 'B722', 'B191', 'B379', 'B545', 'B429', 'B530', 'B266']",5.5,S65,17.96,11,0,11,0.0,,-0.58633,-13.528137,-14.114468,False,False,6,S65,False,4,0.2986,pickup,,,,,,,,,,,,,,,,,,,,,,,,,,,,,,,,,,,,,,,,,,,,,,,,,,,,
50,23,8,23,S65,False,11,0,11,11,0,0,2,0,0,"['B447', 'B307', 'B681', 'B608', 'B229', 'B528', 'B722', 'B191', 'B379', 'B545', 'B429', 'B530', 'B266']",6.5,S37,5.89,0,2,2,0.0,,-0.586494,-13.357951,-13.944446,True,True,12,S37,False,10,0.4414,delivery+depot_removal,,,,,,,,,,,,,,,,,,,,,,,,,,,,,,,,,,,,,,,,,,,,,,,,,,,,
50,23,8,35,S37,False,0,2,2,0,17,0,0,0,0,"['B487', 'B32', 'B170', 'B206', 'B590', 'B91', 'B228', 'B128', 'B702', 'B68', 'B615', 'B752', 'B98', 'B595', 'B465', 'B302', 'B160']",8.5,S15,4.99,17,2,19,0.0,,-0.748369,-13.319012,-14.067382,False,False,6,S15,False,4,0.2326,pickup,,,,,,,,,,,,,,,,,,,,,,,,,,,,,,,,,,,,,,,,,,,,,,,,,,,,
50,23,8,49,S15,False,17,2,19,0,0,0,0,0,0,[],0.0,S26,2.8,17,2,19,0.0,,-1.006307,-13.157342,-14.163648,False,False,6,S26,True,0,0.2238,do_nothing,,,,,,,,,,,,,,,,,,,,,,,,,,,,,,,,,,,,,,,,,,,,,,,,,,,,
50,23,8,52,S26,False,17,2,19,17,0,0,0,0,0,"['B487', 'B32', 'B170', 'B206', 'B590', 'B91', 'B228', 'B128', 'B702', 'B68', 'B615', 'B752', 'B98', 'B595', 'B465', 'B302', 'B160']",8.5,S36,10.11,0,2,2,0.0,,-0.976097,-13.231286,-14.207383,False,False,6,S15,True,2,0.2273,delivery,,,,,,,,,,,,,,,,,,,,,,,,,,,,,,,,,,,,,,,,,,,,,,,,,,,,
50,23,9,10,S36,False,0,2,2,0,14,0,0,0,0,"['B723', 'B766', 'B456', 'B577', 'B241', 'B85', 'B679', 'B268', 'B273', 'B180', 'B693', 'B492', 'B231', 'B13']",7.0,S18,6.27,14,2,16,0.0,,-0.975774,-13.213583,-14.189358,False,False,6,S18,False,4,0.2262,pickup,,,,,,,,,,,,,,,,,,,,,,,,,,,,,,,,,,,,,,,,,,,,,,,,,,,,
50,23,9,24,S18,False,14,2,16,0,0,0,0,0,0,[],0.0,S22,5.73,14,2,16,0.0,,-0.752939,-13.192454,-13.945393,False,False,4,S52,True,0,0.1665,do_nothing,,,,,,,,,,,,,,,,,,,,,,,,,,,,,,,,,,,,,,,,,,,,,,,,,,,,
50,23,9,29,S22,False,14,2,16,0,0,0,1,0,0,['B103'],0.5,S18,5.73,14,3,17,0.0,,-1.598354,-13.195769,-14.794123,True,True,8,S25,True,2,0.269,do_nothing+depot_removal,,,,,,,,,,,,,,,,,,,,,,,,,,,,,,,,,,,,,,,,,,,,,,,,,,,,
50,23,9,36,S18,False,14,3,17,14,0,0,0,0,0,"['B723', 'B766', 'B456', 'B577', 'B241', 'B85', 'B679', 'B268', 'B273', 'B180', 'B693', 'B492', 'B231', 'B13']",7.0,S52,2.22,0,3,3,0.0,,-1.370806,-13.252235,-14.623041,False,False,4,S52,False,2,0.1861,delivery,,,,,,,,,,,,,,,,,,,,,,,,,,,,,,,,,,,,,,,,,,,,,,,,,,,,
50,23,9,45,S52,False,0,3,3,0,14,0,0,0,0,"['B30', 'B400', 'B56', 'B291', 'B150', 'B407', 'B251', 'B643', 'B537', 'B314', 'B211', 'B95', 'B501', 'B405']",7.0,S61,2.0,14,3,17,0.0,,-0.688853,-13.302231,-13.991083,False,False,6,S54,True,2,0.2571,pickup,,,,,,,,,,,,,,,,,,,,,,,,,,,,,,,,,,,,,,,,,,,,,,,,,,,,
50,23,9,54,S61,False,14,3,17,9,0,0,1,0,0,"['B89', 'B30', 'B400', 'B56', 'B291', 'B150', 'B407', 'B251', 'B643', 'B537']",5.0,S41,2.24,5,4,9,0.0,,-0.617554,-13.057836,-13.67539,True,True,12,S41,False,6,0.4196,delivery+depot_removal,,,,,,,,,,,,,,,,,,,,,,,,,,,,,,,,,,,,,,,,,,,,,,,,,,,,
50,23,10,1,S41,False,5,4,9,5,0,0,0,0,0,"['B314', 'B211', 'B95', 'B501', 'B405']",2.5,S59,2.97,0,4,4,0.0,,-0.587397,-13.081053,-13.66845,False,False,4,S59,False,2,0.1388,delivery,,,,,,,,,,,,,,,,,,,,,,,,,,,,,,,,,,,,,,,,,,,,,,,,,,,,
50,23,10,6,S59,False,0,4,4,0,16,0,0,0,0,"['B323', 'B134', 'B74', 'B310', 'B125', 'B426', 'B671', 'B243', 'B560', 'B664', 'B261', 'B362', 'B576', 'B232', 'B363', 'B419']",8.0,S31,2.6,16,4,20,0.0,,-0.521669,-13.157709,-13.679378,False,False,4,S31,False,2,0.156,pickup,,,,,,,,,,,,,,,,,,,,,,,,,,,,,,,,,,,,,,,,,,,,,,,,,,,,
50,23,10,17,S31,False,16,4,20,16,0,0,0,0,0,"['B323', 'B134', 'B74', 'B310', 'B125', 'B426', 'B671', 'B243', 'B560', 'B664', 'B261', 'B362', 'B576', 'B232', 'B363', 'B419']",8.0,S35,8.41,0,4,4,0.0,,-0.753695,-13.273624,-14.027318,False,False,6,S66,True,2,0.2766,delivery,,,,,,,,,,,,,,,,,,,,,,,,,,,,,,,,,,,,,,,,,,,,,,,,,,,,
50,23,10,33,S35,False,0,4,4,0,16,0,0,0,0,"['B434', 'B546', 'B265', 'B2', 'B384', 'B355', 'B675', 'B12', 'B626', 'B680', 'B585', 'B676', 'B50', 'B630', 'B580', 'B383']",8.0,S29,1.95,16,4,20,0.0,,-1.045472,-13.494244,-14.539716,False,False,6,S0,True,2,0.2126,pickup,,,,,,,,,,,,,,,,,,,,,,,,,,,,,,,,,,,,,,,,,,,,,,,,,,,,
50,23,10,43,S29,False,16,4,20,16,0,0,0,0,0,"['B434', 'B546', 'B265', 'B2', 'B384', 'B355', 'B675', 'B12', 'B626', 'B680', 'B585', 'B676', 'B50', 'B630', 'B580', 'B383']",8.0,S0,5.36,0,4,4,0.0,,-0.71692,-13.550401,-14.267321,False,False,6,S34,True,2,0.2122,delivery,,,,,,,,,,,,,,,,,,,,,,,,,,,,,,,,,,,,,,,,,,,,,,,,,,,,
50,23,10,57,S0,False,0,4,4,0,16,0,0,0,0,"['B295', 'B767', 'B6', 'B299', 'B296', 'B512', 'B176', 'B495', 'B648', 'B462', 'B340', 'B475', 'B480', 'B146', 'B700', 'B688']",8.0,S34,7.52,16,4,20,0.0,,-0.78051,-13.479301,-14.259811,False,False,4,S34,False,2,0.1542,pickup,,,,,,,,,,,,,,,,,,,,,,,,,,,,,,,,,,,,,,,,,,,,,,,,,,,,
50,23,11,12,S34,False,16,4,20,16,0,0,0,0,0,"['B295', 'B767', 'B6', 'B299', 'B296', 'B512', 'B176', 'B495', 'B648', 'B462', 'B340', 'B475', 'B480', 'B146', 'B700', 'B688']",8.0,S55,3.63,0,4,4,0.0,,-1.235542,-13.564068,-14.79961,False,False,4,S55,False,2,0.1825,delivery,,,,,,,,,,,,,,,,,,,,,,,,,,,,,,,,,,,,,,,,,,,,,,,,,,,,
50,23,11,24,S55,False,0,4,4,0,13,0,0,0,0,"['B412', 'B603', 'B551', 'B445', 'B398', 'B149', 'B409', 'B79', 'B452', 'B652', 'B535', 'B651', 'B189']",6.5,S54,0.95,13,4,17,0.0,,-0.556055,-13.636256,-14.19231,False,False,6,S54,False,4,0.2367,pickup,,,,,,,,,,,,,,,,,,,,,,,,,,,,,,,,,,,,,,,,,,,,,,,,,,,,
50,23,11,31,S54,False,13,4,17,12,0,0,0,0,0,"['B412', 'B603', 'B551', 'B445', 'B398', 'B149', 'B409', 'B79', 'B452', 'B652', 'B535', 'B651']",6.0,S65,8.42,1,4,5,0.0,,-1.102552,-13.458164,-14.560716,False,False,6,S65,True,4,0.2113,delivery,,,,,,,,,,,,,,,,,,,,,,,,,,,,,,,,,,,,,,,,,,,,,,,,,,,,
50,23,11,46,S65,False,1,4,5,1,0,0,0,0,0,['B189'],0.5,S23,2.48,0,4,4,0.0,,-1.135073,-13.577065,-14.712138,False,False,4,S5,True,2,0.157,delivery,,,,,,,,,,,,,,,,,,,,,,,,,,,,,,,,,,,,,,,,,,,,,,,,,,,,
50,23,11,49,S23,False,0,4,4,0,11,0,0,0,0,"['B735', 'B410', 'B36', 'B267', 'B294', 'B644', 'B276', 'B236', 'B161', 'B230', 'B436']",5.5,S65,2.48,11,4,15,0.0,,-0.875261,-13.551773,-14.427034,False,False,4,S7,True,2,0.149,pickup,,,,,,,,,,,,,,,,,,,,,,,,,,,,,,,,,,,,,,,,,,,,,,,,,,,,
50,23,11,57,S65,False,11,4,15,11,0,0,0,0,0,"['B735', 'B410', 'B36', 'B267', 'B294', 'B644', 'B276', 'B236', 'B161', 'B230', 'B436']",5.5,S7,3.57,0,4,4,0.0,,-1.199572,-13.409158,-14.60873,False,False,4,S7,False,2,0.1877,delivery,,,,,,,,,,,,,,,,,,,,,,,,,,,,,,,,,,,,,,,,,,,,,,,,,,,,
50,23,12,6,S7,False,0,4,4,0,10,0,0,0,0,"['B561', 'B674', 'B411', 'B554', 'B477', 'B649', 'B386', 'B745', 'B33', 'B28']",5.0,S25,3.98,10,4,14,0.0,,-0.616314,-13.566763,-14.183077,False,False,6,S25,False,4,0.2296,pickup,,,,,,,,,,,,,,,,,,,,,,,,,,,,,,,,,,,,,,,,,,,,,,,,,,,,
50,23,12,15,S25,False,10,4,14,0,6,0,0,0,0,"['B605', 'B716', 'B122', 'B168', 'B40', 'B22']",3.0,S23,6.28,16,4,20,0.0,,-0.648864,-13.526792,-14.175655,False,False,4,S23,False,2,0.1559,pickup,,,,,,,,,,,,,,,,,,,,,,,,,,,,,,,,,,,,,,,,,,,,,,,,,,,,
50,23,12,24,S23,False,16,4,20,9,0,0,0,0,0,"['B561', 'B674', 'B411', 'B554', 'B477', 'B649', 'B386', 'B745', 'B33']",4.5,S22,1.6,7,4,11,0.0,,-1.000206,-13.474529,-14.474735,False,False,6,S22,False,2,0.219,delivery,,,,,,,,,,,,,,,,,,,,,,,,,,,,,,,,,,,,,,,,,,,,,,,,,,,,
50,23,12,30,S22,False,7,4,11,7,0,0,0,0,0,"['B28', 'B605', 'B716', 'B122', 'B168', 'B40', 'B22']",3.5,S33,7.66,0,4,4,0.0,,-0.814611,-13.385562,-14.200173,False,False,4,S33,False,2,0.149,delivery,,,,,,,,,,,,,,,,,,,,,,,,,,,,,,,,,,,,,,,,,,,,,,,,,,,,
50,23,12,41,S33,False,0,4,4,0,14,0,0,0,0,"['B45', 'B638', 'B553', 'B227', 'B490', 'B677', 'B29', 'B548', 'B361', 'B471', 'B385', 'B415', 'B486', 'B661']",7.0,S57,5.72,14,4,18,0.0,,-0.842343,-13.206328,-14.048671,False,False,6,S57,False,4,0.2632,pickup,,,,,,,,,,,,,,,,,,,,,,,,,,,,,,,,,,,,,,,,,,,,,,,,,,,,
50,23,12,54,S57,False,14,4,18,13,0,0,0,0,0,"['B45', 'B638', 'B553', 'B227', 'B490', 'B677', 'B29', 'B548', 'B361', 'B471', 'B385', 'B415', 'B486']",6.5,S1,0.66,1,4,5,0.0,,-1.26121,-13.366101,-14.627311,False,False,6,S1,False,2,0.2264,delivery,,,,,,,,,,,,,,,,,,,,,,,,,,,,,,,,,,,,,,,,,,,,,,,,,,,,
50,23,13,1,S1,False,1,4,5,1,0,0,0,0,0,['B661'],0.5,S51,8.32,0,4,4,0.0,,-1.664073,-13.363134,-15.027207,False,False,4,S51,False,2,0.1742,delivery,,,,,,,,,,,,,,,,,,,,,,,,,,,,,,,,,,,,,,,,,,,,,,,,,,,,
50,23,13,10,S51,False,0,4,4,0,13,0,1,0,0,"['B313', 'B51', 'B443', 'B403', 'B493', 'B346', 'B224', 'B240', 'B64', 'B245', 'B18', 'B585', 'B734', 'B500']",7.0,S46,3.14,13,5,18,0.0,,-1.814735,-13.593276,-15.408011,True,True,12,S12,True,6,0.4332,pickup+depot_removal,,,,,,,,,,,,,,,,,,,,,,,,,,,,,,,,,,,,,,,,,,,,,,,,,,,,
50,23,13,20,S46,False,13,5,18,0,0,0,0,0,0,[],0.0,S29,4.73,13,5,18,0.0,,-1.653518,-13.555206,-15.208723,False,False,4,S62,True,0,0.1514,do_nothing,,,,,,,,,,,,,,,,,,,,,,,,,,,,,,,,,,,,,,,,,,,,,,,,,,,,
50,23,13,25,S29,False,13,5,18,0,0,0,0,0,0,[],0.0,S35,1.95,13,5,18,0.0,,-1.629942,-13.485584,-15.115526,False,False,4,S62,True,0,0.1437,do_nothing,,,,,,,,,,,,,,,,,,,,,,,,,,,,,,,,,,,,,,,,,,,,,,,,,,,,
50,23,13,27,S35,False,13,5,18,0,0,0,0,0,0,[],0.0,S29,1.95,13,5,18,0.0,,-2.079421,-13.768703,-15.848124,False,False,4,S62,True,0,0.1442,do_nothing,,,,,,,,,,,,,,,,,,,,,,,,,,,,,,,,,,,,,,,,,,,,,,,,,,,,
50,23,13,29,S29,False,13,5,18,0,0,0,0,0,0,[],0.0,S35,1.95,13,5,18,0.0,,-2.022594,-13.788051,-15.810645,False,False,4,S62,True,0,0.1463,do_nothing,,,,,,,,,,,,,,,,,,,,,,,,,,,,,,,,,,,,,,,,,,,,,,,,,,,,
50,23,13,31,S35,False,13,5,18,13,0,0,0,0,0,"['B313', 'B51', 'B443', 'B403', 'B493', 'B346', 'B224', 'B240', 'B64', 'B245', 'B18', 'B585', 'B734']",6.5,S62,5.61,0,5,5,0.0,,-2.246237,-13.588039,-15.834276,False,False,4,S62,False,2,0.1507,delivery,,,,,,,,,,,,,,,,,,,,,,,,,,,,,,,,,,,,,,,,,,,,,,,,,,,,
50,23,13,43,S62,False,0,5,5,0,15,0,0,0,0,"['B368', 'B542', 'B366', 'B616', 'B721', 'B264', 'B237', 'B221', 'B167', 'B737', 'B528', 'B186', 'B406', 'B662', 'B724']",7.5,S29,3.79,15,5,20,0.0,,-3.256615,-13.596705,-16.85332,False,False,6,S29,True,2,0.2457,pickup,,,,,,,,,,,,,,,,,,,,,,,,,,,,,,,,,,,,,,,,,,,,,,,,,,,,
50,23,13,54,S29,False,15,5,20,15,0,0,0,0,0,"['B368', 'B542', 'B366', 'B616', 'B721', 'B264', 'B237', 'B221', 'B167', 'B737', 'B528', 'B186', 'B406', 'B662', 'B724']",7.5,S12,9.35,0,5,5,0.0,,-2.447554,-13.410137,-15.857691,False,False,4,S55,True,2,0.1459,delivery,,,,,,,,,,,,,,,,,,,,,,,,,,,,,,,,,,,,,,,,,,,,,,,,,,,,
50,23,14,11,S12,False,0,5,5,0,0,0,0,0,0,[],0.0,S51,2.02,0,5,5,0.0,,-2.081314,-13.535898,-15.617212,False,False,6,S46,True,0,0.2256,do_nothing,,,,,,,,,,,,,,,,,,,,,,,,,,,,,,,,,,,,,,,,,,,,,,,,,,,,
50,23,14,13,S51,False,0,5,5,0,15,0,0,0,0,"['B513', 'B86', 'B570', 'B325', 'B34', 'B142', 'B334', 'B621', 'B175', 'B661', 'B450', 'B604', 'B600', 'B149', 'B278']",7.5,S46,3.14,15,5,20,0.0,,-2.969844,-13.727873,-16.697717,False,False,4,S48,True,2,0.1854,pickup,,,,,,,,,,,,,,,,,,,,,,,,,,,,,,,,,,,,,,,,,,,,,,,,,,,,
50,23,14,24,S46,False,15,5,20,13,0,0,0,0,0,"['B513', 'B86', 'B570', 'B325', 'B34', 'B142', 'B334', 'B621', 'B175', 'B661', 'B450', 'B604', 'B600']",6.5,S37,2.79,2,5,7,0.0,,-1.635422,-13.610259,-15.245682,False,False,6,S37,False,2,0.2135,delivery,,,,,,,,,,,,,,,,,,,,,,,,,,,,,,,,,,,,,,,,,,,,,,,,,,,,
50,23,14,33,S37,False,2,5,7,0,0,0,0,0,0,[],0.0,S66,3.07,2,5,7,0.0,,-1.951921,-13.627274,-15.579194,False,False,4,S15,True,0,0.1634,do_nothing,,,,,,,,,,,,,,,,,,,,,,,,,,,,,,,,,,,,,,,,,,,,,,,,,,,,
50,23,14,36,S66,False,2,5,7,0,13,1,0,0,0,"['B754', 'B608', 'B541', 'B170', 'B756', 'B201', 'B483', 'B327', 'B403', 'B373', 'B346', 'B715', 'B368']",9.5,S15,3.2,15,5,20,0.0,,-2.408811,-13.688889,-16.0977,True,True,8,S15,False,6,0.3118,pickup+onsite,,,,,,,,,,,,,,,,,,,,,,,,,,,,,,,,,,,,,,,,,,,,,,,,,,,,
50,23,14,49,S15,False,15,5,20,15,0,0,0,0,0,"['B149', 'B278', 'B754', 'B608', 'B541', 'B170', 'B756', 'B201', 'B483', 'B327', 'B403', 'B373', 'B346', 'B715', 'B368']",7.5,S37,4.99,0,5,5,0.0,,-3.274916,-13.483732,-16.758649,False,False,4,S37,False,2,0.1428,delivery,,,,,,,,,,,,,,,,,,,,,,,,,,,,,,,,,,,,,,,,,,,,,,,,,,,,
50,23,15,1,S37,False,0,5,5,0,0,0,0,0,0,[],0.0,S31,2.81,0,5,5,0.0,,-2.705722,-13.891323,-16.597045,False,False,4,S55,True,0,0.1606,do_nothing,,,,,,,,,,,,,,,,,,,,,,,,,,,,,,,,,,,,,,,,,,,,,,,,,,,,
50,23,15,4,S31,False,0,5,5,0,0,1,0,0,0,[],3.0,S65,3.2,0,5,5,0.0,,-2.05493,-13.556818,-15.611748,True,True,8,S65,False,2,0.2963,do_nothing+onsite,,,,,,,,,,,,,,,,,,,,,,,,,,,,,,,,,,,,,,,,,,,,,,,,,,,,
50,23,15,10,S65,False,0,5,5,0,15,0,0,0,0,"['B276', 'B236', 'B161', 'B230', 'B436', 'B587', 'B719', 'B265', 'B158', 'B534', 'B317', 'B626', 'B90', 'B76', 'B412']",7.5,S26,6.43,15,5,20,0.0,,-2.210715,-13.676078,-15.886793,False,False,6,S26,True,2,0.2019,pickup,,,,,,,,,,,,,,,,,,,,,,,,,,,,,,,,,,,,,,,,,,,,,,,,,,,,
50,23,15,24,S26,False,15,5,20,15,0,0,0,0,0,"['B276', 'B236', 'B161', 'B230', 'B436', 'B587', 'B719', 'B265', 'B158', 'B534', 'B317', 'B626', 'B90', 'B76', 'B412']",7.5,S31,6.02,0,5,5,0.0,,-2.995832,-13.775364,-16.771196,False,False,4,S31,False,2,0.1503,delivery,,,,,,,,,,,,,,,,,,,,,,,,,,,,,,,,,,,,,,,,,,,,,,,,,,,,
50,23,15,38,S31,False,0,5,5,0,15,0,0,0,0,"['B261', 'B362', 'B576', 'B232', 'B363', 'B419', 'B116', 'B556', 'B514', 'B404', 'B339', 'B382', 'B115', 'B405', 'B413']",7.5,S39,3.72,15,5,20,0.0,,-2.389137,-13.273139,-15.662275,False,False,4,S22,True,2,0.1465,pickup,,,,,,,,,,,,,,,,,,,,,,,,,,,,,,,,,,,,,,,,,,,,,,,,,,,,
50,23,15,49,S39,False,15,5,20,15,0,0,0,0,0,"['B261', 'B362', 'B576', 'B232', 'B363', 'B419', 'B116', 'B556', 'B514', 'B404', 'B339', 'B382', 'B115', 'B405', 'B413']",7.5,S25,11.4,0,5,5,0.0,,-2.226197,-13.33708,-15.563278,False,False,4,S55,True,2,0.1474,delivery,,,,,,,,,,,,,,,,,,,,,,,,,,,,,,,,,,,,,,,,,,,,,,,,,,,,
50,23,16,8,S25,False,0,5,5,0,13,0,0,0,0,"['B614', 'B518', 'B225', 'B446', 'B469', 'B659', 'B620', 'B159', 'B154', 'B571', 'B669', 'B731', 'B540']",6.5,S47,8.08,13,5,18,0.0,,-2.058721,-13.293431,-15.352152,False,False,6,S47,False,4,0.3158,pickup,,,,,,,,,,,,,,,,,,,,,,,,,,,,,,,,,,,,,,,,,,,,,,,,,,,,
50,23,16,22,S47,False,13,5,18,13,0,0,2,0,0,"['B377', 'B254', 'B614', 'B518', 'B225', 'B446', 'B469', 'B659', 'B620', 'B159', 'B154', 'B571', 'B669', 'B731', 'B540']",7.5,S22,2.32,0,7,7,0.0,,-1.798386,-13.324699,-15.123084,True,True,12,S22,False,10,0.438,delivery+depot_removal,,,,,,,,,,,,,,,,,,,,,,,,,,,,,,,,,,,,,,,,,,,,,,,,,,,,
50,23,16,32,S22,False,0,7,7,0,13,0,0,0,0,"['B682', 'B733', 'B66', 'B13', 'B184', 'B33', 'B148', 'B623', 'B730', 'B220', 'B150', 'B426', 'B619']",6.5,S50,10.84,13,7,20,0.0,,-1.505779,-13.462732,-14.968511,False,False,6,S50,True,2,0.2094,pickup,,,,,,,,,,,,,,,,,,,,,,,,,,,,,,,,,,,,,,,,,,,,,,,,,,,,
50,23,16,50,S50,False,13,7,20,13,0,0,0,0,0,"['B682', 'B733', 'B66', 'B13', 'B184', 'B33', 'B148', 'B623', 'B730', 'B220', 'B150', 'B426', 'B619']",6.5,S62,4.95,0,7,7,0.0,,-1.301685,-13.275544,-14.57723,False,False,4,S62,False,2,0.1441,delivery,,,,,,,,,,,,,,,,,,,,,,,,,,,,,,,,,,,,,,,,,,,,,,,,,,,,
50,23,17,1,S62,False,0,7,7,0,0,0,0,0,0,[],0.0,S37,2.6,0,7,7,0.0,,-1.302331,-13.247245,-14.549576,False,False,4,S66,True,0,0.1342,do_nothing,,,,,,,,,,,,,,,,,,,,,,,,,,,,,,,,,,,,,,,,,,,,,,,,,,,,
50,23,17,4,S37,False,0,7,7,0,13,0,0,0,0,"['B240', 'B752', 'B263', 'B554', 'B223', 'B188', 'B766', 'B107', 'B706', 'B639', 'B393', 'B631', 'B634']",6.5,S66,3.07,13,7,20,0.0,,-0.911665,-13.129771,-14.041435,False,False,4,S62,True,2,0.1447,pickup,,,,,,,,,,,,,,,,,,,,,,,,,,,,,,,,,,,,,,,,,,,,,,,,,,,,
50,23,17,13,S66,False,13,7,20,13,0,0,0,0,0,"['B240', 'B752', 'B263', 'B554', 'B223', 'B188', 'B766', 'B107', 'B706', 'B639', 'B393', 'B631', 'B634']",6.5,S62,2.92,0,7,7,0.0,,-0.782808,-13.106228,-13.889035,False,False,6,S27,True,4,0.2195,delivery,,,,,,,,,,,,,,,,,,,,,,,,,,,,,,,,,,,,,,,,,,,,,,,,,,,,
50,23,17,23,S62,False,0,7,7,0,13,0,0,0,0,"['B725', 'B409', 'B354', 'B602', 'B97', 'B313', 'B126', 'B79', 'B268', 'B717', 'B751', 'B100', 'B67']",6.5,S27,2.6,13,7,20,0.0,,-1.207036,-13.135129,-14.342165,False,False,4,S27,False,2,0.1701,pickup,,,,,,,,,,,,,,,,,,,,,,,,,,,,,,,,,,,,,,,,,,,,,,,,,,,,
50,23,17,32,S27,False,13,7,20,13,0,0,0,0,0,"['B725', 'B409', 'B354', 'B602', 'B97', 'B313', 'B126', 'B79', 'B268', 'B717', 'B751', 'B100', 'B67']",6.5,S37,4.19,0,7,7,0.0,,-0.652228,-13.018297,-13.670525,False,False,4,S37,False,2,0.1434,delivery,,,,,,,,,,,,,,,,,,,,,,,,,,,,,,,,,,,,,,,,,,,,,,,,,,,,
50,23,17,42,S37,False,0,7,7,0,12,0,0,0,0,"['B139', 'B691', 'B3', 'B244', 'B17', 'B512', 'B624', 'B535', 'B243', 'B516', 'B226', 'B621']",6.0,S35,7.89,12,7,19,0.0,,-1.116382,-12.992108,-14.108491,False,False,6,S58,True,4,0.25,pickup,,,,,,,,,,,,,,,,,,,,,,,,,,,,,,,,,,,,,,,,,,,,,,,,,,,,
50,23,17,56,S35,False,12,7,19,0,0,0,1,0,0,['B422'],0.5,S56,2.44,12,8,20,0.0,,-0.914741,-12.953316,-13.868057,True,True,8,S50,True,2,0.4289,do_nothing+depot_removal,,,,,,,,,,,,,,,,,,,,,,,,,,,,,,,,,,,,,,,,,,,,,,,,,,,,
50,23,17,59,S56,False,12,8,20,0,0,2,0,0,0,[],6.0,S35,2.44,12,8,20,0.0,,-0.717085,-12.895958,-13.613043,True,True,18,S35,True,4,0.6557,do_nothing+onsite,,,,,,,,,,,,,,,,,,,,,,,,,,,,,,,,,,,,,,,,,,,,,,,,,,,,
50,23,18,8,S35,False,12,8,20,12,0,0,0,0,0,"['B139', 'B691', 'B3', 'B244', 'B17', 'B512', 'B624', 'B535', 'B243', 'B516', 'B226', 'B621']",6.0,S58,8.51,0,8,8,0.0,,-0.425021,-12.869797,-13.294818,False,False,6,S1,True,4,0.2568,delivery,,,,,,,,,,,,,,,,,,,,,,,,,,,,,,,,,,,,,,,,,,,,,,,,,,,,
50,23,18,22,S58,False,0,8,8,0,12,1,0,0,0,"['B280', 'B229', 'B151', 'B73', 'B735', 'B529', 'B379', 'B353', 'B19', 'B445', 'B466', 'B233']",9.0,S63,2.12,12,8,20,0.0,,-0.552307,-12.703997,-13.256304,True,True,12,S63,False,10,0.575,pickup+onsite,,,,,,,,,,,,,,,,,,,,,,,,,,,,,,,,,,,,,,,,,,,,,,,,,,,,
50,23,18,33,S63,False,12,8,20,12,0,0,1,0,0,"['B8', 'B280', 'B229', 'B151', 'B73', 'B735', 'B529', 'B379', 'B353', 'B19', 'B445', 'B466', 'B233']",6.5,S58,2.12,0,9,9,0.0,,-0.492261,-12.816336,-13.308597,True,True,6,S58,False,4,0.2735,delivery+depot_removal,,,,,,,,,,,,,,,,,,,,,,,,,,,,,,,,,,,,,,,,,,,,,,,,,,,,
50,23,18,42,S58,False,0,9,9,0,0,0,1,0,0,['B612'],0.5,S65,6.14,0,10,10,0.0,,-0.360522,-12.93167,-13.292192,True,True,10,S65,False,2,0.3427,do_nothing+depot_removal,,,,,,,,,,,,,,,,,,,,,,,,,,,,,,,,,,,,,,,,,,,,,,,,,,,,
50,23,18,49,S65,False,0,10,10,0,10,0,0,0,0,"['B54', 'B398', 'B648', 'B337', 'B474', 'B209', 'B378', 'B232', 'B284', 'B35']",5.0,S47,1.6,10,10,20,0.0,,-0.291234,-12.981122,-13.272355,False,False,4,S47,False,2,0.1355,pickup,,,,,,,,,,,,,,,,,,,,,,,,,,,,,,,,,,,,,,,,,,,,,,,,,,,,
50,23,18,55,S47,False,10,10,20,10,0,0,0,0,0,"['B54', 'B398', 'B648', 'B337', 'B474', 'B209', 'B378', 'B232', 'B284', 'B35']",5.0,S58,5.06,0,10,10,0.0,,-0.293533,-12.789463,-13.082996,False,False,4,S58,False,2,0.1427,delivery,,,,,,,,,,,,,,,,,,,,,,,,,,,,,,,,,,,,,,,,,,,,,,,,,,,,
50,23,19,5,S58,False,0,10,10,0,4,0,0,0,0,"['B517', 'B117', 'B253', 'B168']",2.0,S62,3.31,4,10,14,0.0,,-0.229201,-13.110184,-13.339384,False,False,6,S62,False,4,0.226,pickup,,,,,,,,,,,,,,,,,,,,,,,,,,,,,,,,,,,,,,,,,,,,,,,,,,,,
50,23,19,10,S62,False,4,10,14,0,0,0,0,0,0,[],0.0,S45,1.77,4,10,14,0.0,,-0.4564,-13.079698,-13.536098,False,False,4,S45,True,0,0.1709,do_nothing,,,,,,,,,,,,,,,,,,,,,,,,,,,,,,,,,,,,,,,,,,,,,,,,,,,,
50,23,19,12,S45,False,4,10,14,0,0,0,1,0,0,['B442'],0.5,S62,1.77,4,11,15,0.0,,-0.257934,-13.029187,-13.287121,True,True,8,S62,True,2,0.2815,do_nothing+depot_removal,,,,,,,,,,,,,,,,,,,,,,,,,,,,,,,,,,,,,,,,,,,,,,,,,,,,
50,23,19,15,S62,False,4,11,15,0,0,0,0,0,0,[],0.0,S18,3.1,4,11,15,0.0,,-0.324516,-12.989343,-13.31386,False,False,4,S5,True,0,0.1485,do_nothing,,,,,,,,,,,,,,,,,,,,,,,,,,,,,,,,,,,,,,,,,,,,,,,,,,,,
50,23,19,18,S18,False,4,11,15,0,5,0,0,0,0,"['B248', 'B723', 'B402', 'B320', 'B162']",2.5,S61,1.44,9,11,20,0.0,,-0.650815,-13.041383,-13.692198,False,False,4,S61,False,2,0.1478,pickup,,,,,,,,,,,,,,,,,,,,,,,,,,,,,,,,,,,,,,,,,,,,,,,,,,,,
50,23,19,22,S61,False,9,11,20,8,0,0,0,0,0,"['B517', 'B117', 'B253', 'B168', 'B248', 'B723', 'B402', 'B320']",4.0,S62,2.06,1,11,12,0.0,,-0.323683,-12.949606,-13.273289,False,False,6,S62,False,2,0.2145,delivery,,,,,,,,,,,,,,,,,,,,,,,,,,,,,,,,,,,,,,,,,,,,,,,,,,,,
50,23,19,28,S62,False,1,11,12,0,0,0,0,0,0,[],0.0,S51,5.81,1,11,12,0.0,,-0.457496,-12.865384,-13.322879,False,False,3,S51,False,0,0.1158,do_nothing,,,,,,,,,,,,,,,,,,,,,,,,,,,,,,,,,,,,,,,,,,,,,,,,,,,,
50,23,19,33,S51,False,1,11,12,0,0,0,0,0,0,[],0.0,S62,5.81,1,11,12,0.0,,-0.488473,-12.630241,-13.118714,False,False,3,D0,True,0,0.1125,do_nothing,,,,,,,,,,,,,,,,,,,,,,,,,,,,,,,,,,,,,,,,,,,,,,,,,,,,
50,23,19,39,S62,False,1,11,12,0,0,0,0,0,0,[],0.0,S51,5.81,1,11,12,0.0,,-0.458669,-12.597246,-13.055915,False,False,3,S51,False,0,0.1135,do_nothing,,,,,,,,,,,,,,,,,,,,,,,,,,,,,,,,,,,,,,,,,,,,,,,,,,,,
50,23,19,45,S51,False,1,11,12,0,8,0,0,0,0,"['B180', 'B627', 'B235', 'B498', 'B170', 'B672', 'B406', 'B177']",4.0,D0,3.91,9,11,20,0.0,,-0.163622,-12.930128,-13.09375,False,False,2,D0,False,1,0.092,pickup,,,,,,,,,,,,,,,,,,,,,,,,,,,,,,,,,,,,,,,,,,,,,,,,,,,,
50,23,19,53,D0,True,9,11,20,0,0,0,0,11,2,"['B549', 'B147', 'B447', 'B307', 'B103', 'B89', 'B500', 'B377', 'B254', 'B422', 'B8', 'B612', 'B442']",6.5,D0,0.0,11,0,11,0.0,,-0.130498,-12.950353,-13.080851,True,True,1,D0,False,0,0.054,do_nothing,,,,,,,,,,,,,,,,,,,,,,,,,,,,,,,,,,,,,,,,,,,,,,,,,,,,
50,24,6,14,D0,True,11,0,11,0,0,0,0,0,9,"['B757', 'B120', 'B647', 'B344', 'B601', 'B418', 'B523', 'B633', 'B568']",4.5,S66,1.4,20,0,20,0.0,,-4.993317,-14.158727,-19.152044,True,True,1,S66,False,0,0.0718,load_queue,,,,,,,,,,,,,,,,,,,,,,,,,,,,,,,,,,,,,,,,,,,,,,,,,,,,
50,24,6,35,S66,False,20,0,20,19,0,0,1,0,0,"['B52', 'B162', 'B180', 'B627', 'B235', 'B498', 'B170', 'B672', 'B406', 'B177', 'B549', 'B147', 'B757', 'B120', 'B647', 'B344', 'B601', 'B418', 'B523', 'B633']",10.0,S59,2.96,1,1,2,0.0,,-2.939972,-14.091915,-17.031886,True,True,10,S59,False,4,0.3439,delivery+depot_removal,,,,,,,,,,,,,,,,,,,,,,,,,,,,,,,,,,,,,,,,,,,,,,,,,,,,
50,24,6,48,S59,False,1,1,2,0,18,0,0,0,0,"['B343', 'B133', 'B645', 'B705', 'B190', 'B520', 'B606', 'B62', 'B153', 'B597', 'B641', 'B132', 'B695', 'B452', 'B473', 'B649', 'B295', 'B137']",9.0,S65,5.18,19,1,20,0.0,,-2.773219,-14.153261,-16.92648,False,False,4,S65,False,2,0.1503,pickup,,,,,,,,,,,,,,,,,,,,,,,,,,,,,,,,,,,,,,,,,,,,,,,,,,,,
50,24,7,3,S65,False,19,1,20,19,0,0,0,0,0,"['B568', 'B343', 'B133', 'B645', 'B705', 'B190', 'B520', 'B606', 'B62', 'B153', 'B597', 'B641', 'B132', 'B695', 'B452', 'B473', 'B649', 'B295', 'B137']",9.5,S49,4.37,0,1,1,0.0,,-2.030328,-14.149257,-16.179585,False,False,6,S22,True,4,0.2283,delivery,,,,,,,,,,,,,,,,,,,,,,,,,,,,,,,,,,,,,,,,,,,,,,,,,,,,
50,24,7,16,S49,False,0,1,1,0,14,0,0,0,0,"['B61', 'B557', 'B53', 'B501', 'B330', 'B530', 'B432', 'B140', 'B599', 'B524', 'B643', 'B272', 'B391', 'B721']",7.0,S22,5.18,14,1,15,0.0,,-1.336859,-14.075039,-15.411898,False,False,6,S22,False,4,0.2151,pickup,,,,,,,,,,,,,,,,,,,,,,,,,,,,,,,,,,,,,,,,,,,,,,,,,,,,
50,24,7,29,S22,False,14,1,15,14,0,0,0,0,0,"['B61', 'B557', 'B53', 'B501', 'B330', 'B530', 'B432', 'B140', 'B599', 'B524', 'B643', 'B272', 'B391', 'B721']",7.0,S18,5.73,0,1,1,0.0,,-2.355008,-14.162437,-16.517445,False,False,4,S18,False,2,0.1513,delivery,,,,,,,,,,,,,,,,,,,,,,,,,,,,,,,,,,,,,,,,,,,,,,,,,,,,
50,24,7,41,S18,False,0,1,1,0,13,0,0,0,0,"['B691', 'B503', 'B316', 'B348', 'B616', 'B300', 'B751', 'B453', 'B738', 'B476', 'B51', 'B724', 'B138']",6.5,S27,3.68,13,1,14,0.0,,-1.404796,-13.641644,-15.046441,False,False,6,S55,True,4,0.2207,pickup,,,,,,,,,,,,,,,,,,,,,,,,,,,,,,,,,,,,,,,,,,,,,,,,,,,,
50,24,7,51,S27,False,13,1,14,13,0,0,0,0,0,"['B691', 'B503', 'B316', 'B348', 'B616', 'B300', 'B751', 'B453', 'B738', 'B476', 'B51', 'B724', 'B138']",6.5,S54,4.59,0,1,1,0.0,,-1.723721,-13.684855,-15.408576,False,False,4,S54,False,2,0.1484,delivery,,,,,,,,,,,,,,,,,,,,,,,,,,,,,,,,,,,,,,,,,,,,,,,,,,,,
50,24,8,3,S54,False,0,1,1,0,14,0,0,0,0,"['B687', 'B357', 'B578', 'B225', 'B261', 'B762', 'B750', 'B48', 'B554', 'B253', 'B197', 'B627', 'B605', 'B74']",7.0,S66,5.58,14,1,15,0.0,,-1.499806,-13.553713,-15.053518,False,False,6,S66,False,4,0.2335,pickup,,,,,,,,,,,,,,,,,,,,,,,,,,,,,,,,,,,,,,,,,,,,,,,,,,,,
50,24,8,15,S66,False,14,1,15,13,0,0,0,0,0,"['B687', 'B357', 'B578', 'B225', 'B261', 'B762', 'B750', 'B48', 'B554', 'B253', 'B197', 'B627', 'B605']",6.5,S55,6.13,1,1,2,0.0,,-1.072507,-13.432316,-14.504823,False,False,6,S55,False,2,0.2681,delivery,,,,,,,,,,,,,,,,,,,,,,,,,,,,,,,,,,,,,,,,,,,,,,,,,,,,
50,24,8,28,S55,False,1,1,2,0,15,0,0,0,0,"['B106', 'B727', 'B159', 'B716', 'B516', 'B491', 'B465', 'B416', 'B529', 'B379', 'B17', 'B760', 'B644', 'B680', 'B487']",7.5,S51,5.48,16,1,17,0.0,,-0.979251,-13.431947,-14.411198,False,False,6,S51,False,2,0.3244,pickup,,,,,,,,,,,,,,,,,,,,,,,,,,,,,,,,,,,,,,,,,,,,,,,,,,,,
50,24,8,41,S51,False,16,1,17,10,0,0,0,0,0,"['B74', 'B106', 'B727', 'B159', 'B716', 'B516', 'B491', 'B465', 'B416', 'B529']",5.0,S41,8.36,6,1,7,0.0,,-0.585011,-13.806086,-14.391097,False,False,6,S41,False,2,0.2174,delivery,,,,,,,,,,,,,,,,,,,,,,,,,,,,,,,,,,,,,,,,,,,,,,,,,,,,
50,24,8,54,S41,False,6,1,7,6,0,0,0,0,0,"['B379', 'B17', 'B760', 'B644', 'B680', 'B487']",3.0,S22,3.42,0,1,1,0.0,,-0.779177,-13.66106,-14.440238,False,False,4,D0,True,2,0.1491,delivery,,,,,,,,,,,,,,,,,,,,,,,,,,,,,,,,,,,,,,,,,,,,,,,,,,,,
50,24,9,1,S22,False,0,1,1,0,5,0,0,0,0,"['B61', 'B557', 'B53', 'B501', 'B330']",2.5,S12,13.59,5,1,6,0.0,,-0.781605,-13.780734,-14.562339,False,False,6,S60,True,2,0.2296,pickup,,,,,,,,,,,,,,,,,,,,,,,,,,,,,,,,,,,,,,,,,,,,,,,,,,,,
50,24,9,17,S12,False,5,1,6,5,0,0,0,0,0,"['B61', 'B557', 'B53', 'B501', 'B330']",2.5,S46,5.14,0,1,1,0.0,,-1.370253,-13.666786,-15.037039,False,False,4,S46,False,2,0.1683,delivery,,,,,,,,,,,,,,,,,,,,,,,,,,,,,,,,,,,,,,,,,,,,,,,,,,,,
50,24,9,24,S46,False,0,1,1,0,8,0,0,0,0,"['B339', 'B248', 'B324', 'B635', 'B498', 'B291', 'B378', 'B672']",4.0,S40,3.01,8,1,9,0.0,,-0.814748,-13.715255,-14.530002,False,False,6,S40,False,2,0.3403,pickup,,,,,,,,,,,,,,,,,,,,,,,,,,,,,,,,,,,,,,,,,,,,,,,,,,,,
50,24,9,31,S40,False,8,1,9,8,0,0,1,0,0,"['B694', 'B339', 'B248', 'B324', 'B635', 'B498', 'B291', 'B378', 'B672']",4.5,S63,2.93,0,2,2,0.0,,-0.74912,-13.545381,-14.294501,True,True,8,S63,False,6,0.296,delivery+depot_removal,,,,,,,,,,,,,,,,,,,,,,,,,,,,,,,,,,,,,,,,,,,,,,,,,,,,
50,24,9,39,S63,False,0,2,2,0,16,0,0,0,0,"['B562', 'B658', 'B27', 'B345', 'B398', 'B210', 'B305', 'B531', 'B46', 'B389', 'B126', 'B477', 'B337', 'B325', 'B406', 'B733']",8.0,S31,4.21,16,2,18,0.0,,-0.986136,-13.601054,-14.58719,False,False,6,S31,True,2,0.2181,pickup,,,,,,,,,,,,,,,,,,,,,,,,,,,,,,,,,,,,,,,,,,,,,,,,,,,,
50,24,9,51,S31,False,16,2,18,16,0,0,0,0,0,"['B562', 'B658', 'B27', 'B345', 'B398', 'B210', 'B305', 'B531', 'B46', 'B389', 'B126', 'B477', 'B337', 'B325', 'B406', 'B733']",8.0,S37,2.81,0,2,2,0.0,,-0.653088,-13.804219,-14.457308,False,False,4,S37,False,2,0.1527,delivery,,,,,,,,,,,,,,,,,,,,,,,,,,,,,,,,,,,,,,,,,,,,,,,,,,,,
50,24,10,2,S37,False,0,2,2,0,16,0,0,0,0,"['B468', 'B55', 'B112', 'B592', 'B752', 'B72', 'B645', 'B236', 'B660', 'B79', 'B215', 'B726', 'B550', 'B63', 'B265', 'B182']",8.0,S26,7.79,16,2,18,0.0,,-0.782221,-13.604774,-14.386995,False,False,6,S58,True,2,0.2112,pickup,,,,,,,,,,,,,,,,,,,,,,,,,,,,,,,,,,,,,,,,,,,,,,,,,,,,
50,24,10,17,S26,False,16,2,18,16,0,0,0,0,0,"['B468', 'B55', 'B112', 'B592', 'B752', 'B72', 'B645', 'B236', 'B660', 'B79', 'B215', 'B726', 'B550', 'B63', 'B265', 'B182']",8.0,S60,6.85,0,2,2,0.0,,-1.075889,-13.690038,-14.765927,False,False,4,S60,False,2,0.1518,delivery,,,,,,,,,,,,,,,,,,,,,,,,,,,,,,,,,,,,,,,,,,,,,,,,,,,,
50,24,10,32,S60,False,0,2,2,0,0,0,0,0,0,[],0.0,S58,3.05,0,2,2,0.0,,-0.387955,-13.66618,-14.054134,False,False,6,S58,False,0,0.2766,do_nothing,,,,,,,,,,,,,,,,,,,,,,,,,,,,,,,,,,,,,,,,,,,,,,,,,,,,
50,24,10,35,S58,False,0,2,2,0,16,0,0,0,0,"['B620', 'B154', 'B359', 'B130', 'B187', 'B390', 'B281', 'B614', 'B301', 'B268', 'B100', 'B646', 'B367', 'B555', 'B82', 'B34']",8.0,S31,3.21,16,2,18,0.0,,-0.813646,-13.640136,-14.453781,False,False,6,S31,False,2,0.2803,pickup,,,,,,,,,,,,,,,,,,,,,,,,,,,,,,,,,,,,,,,,,,,,,,,,,,,,
50,24,10,47,S31,False,16,2,18,0,0,0,1,0,0,['B465'],0.5,S13,8.57,16,3,19,0.0,,-0.878243,-13.593819,-14.472061,True,True,12,S13,False,2,0.5594,do_nothing+depot_removal,,,,,,,,,,,,,,,,,,,,,,,,,,,,,,,,,,,,,,,,,,,,,,,,,,,,
50,24,10,56,S13,False,16,3,19,15,0,0,2,0,0,"['B231', 'B370', 'B620', 'B154', 'B359', 'B130', 'B187', 'B390', 'B281', 'B614', 'B301', 'B268', 'B100', 'B646', 'B367', 'B555', 'B82']",8.5,S60,8.16,1,5,6,0.0,,-1.07571,-13.588366,-14.664076,True,True,16,S60,False,14,0.5824,delivery+depot_removal,,,,,,,,,,,,,,,,,,,,,,,,,,,,,,,,,,,,,,,,,,,,,,,,,,,,
50,24,11,12,S60,False,1,5,6,0,14,0,0,0,0,"['B548', 'B440', 'B299', 'B560', 'B536', 'B87', 'B470', 'B518', 'B546', 'B588', 'B232', 'B539', 'B302', 'B47']",7.0,S15,4.42,15,5,20,0.0,,-0.713036,-13.619295,-14.332331,False,False,6,S15,True,2,0.2023,pickup,,,,,,,,,,,,,,,,,,,,,,,,,,,,,,,,,,,,,,,,,,,,,,,,,,,,
50,24,11,24,S15,False,15,5,20,15,0,0,0,0,0,"['B34', 'B548', 'B440', 'B299', 'B560', 'B536', 'B87', 'B470', 'B518', 'B546', 'B588', 'B232', 'B539', 'B302', 'B47']",7.5,S52,4.21,0,5,5,0.0,,-0.194834,-13.362839,-13.557673,False,False,4,S52,False,2,0.1519,delivery,,,,,,,,,,,,,,,,,,,,,,,,,,,,,,,,,,,,,,,,,,,,,,,,,,,,
50,24,11,35,S52,False,0,5,5,0,12,0,0,0,0,"['B541', 'B366', 'B754', 'B202', 'B409', 'B387', 'B629', 'B10', 'B339', 'B757', 'B635', 'B109']",6.0,S50,6.29,12,5,17,0.0,,-0.91076,-13.498348,-14.409108,False,False,6,S16,True,2,0.211,pickup,,,,,,,,,,,,,,,,,,,,,,,,,,,,,,,,,,,,,,,,,,,,,,,,,,,,
50,24,11,48,S50,False,12,5,17,12,0,0,0,0,0,"['B541', 'B366', 'B754', 'B202', 'B409', 'B387', 'B629', 'B10', 'B339', 'B757', 'B635', 'B109']",6.0,S28,13.22,0,5,5,0.0,,-0.970834,-13.568961,-14.539795,False,False,4,S28,False,2,0.1476,delivery,,,,,,,,,,,,,,,,,,,,,,,,,,,,,,,,,,,,,,,,,,,,,,,,,,,,
50,24,12,7,S28,False,0,5,5,0,11,0,0,0,0,"['B656', 'B563', 'B519', 'B401', 'B385', 'B329', 'B736', 'B657', 'B428', 'B315', 'B397']",5.5,S24,5.78,11,5,16,0.0,,-0.387945,-13.628224,-14.016169,False,False,6,S39,True,4,0.2053,pickup,,,,,,,,,,,,,,,,,,,,,,,,,,,,,,,,,,,,,,,,,,,,,,,,,,,,
50,24,12,18,S24,False,11,5,16,11,0,0,0,0,0,"['B656', 'B563', 'B519', 'B401', 'B385', 'B329', 'B736', 'B657', 'B428', 'B315', 'B397']",5.5,S39,10.34,0,5,5,0.0,,-0.837995,-13.591719,-14.429714,False,False,4,S39,False,2,0.1364,delivery,,,,,,,,,,,,,,,,,,,,,,,,,,,,,,,,,,,,,,,,,,,,,,,,,,,,
50,24,12,34,S39,False,0,5,5,0,15,0,0,0,0,"['B209', 'B56', 'B497', 'B671', 'B169', 'B584', 'B54', 'B478', 'B73', 'B224', 'B239', 'B495', 'B715', 'B18', 'B662']",7.5,S29,9.53,15,5,20,0.0,,-1.397048,-13.499673,-14.896721,False,False,4,S29,False,2,0.1475,pickup,,,,,,,,,,,,,,,,,,,,,,,,,,,,,,,,,,,,,,,,,,,,,,,,,,,,
50,24,12,51,S29,False,15,5,20,15,0,0,0,0,0,"['B209', 'B56', 'B497', 'B671', 'B169', 'B584', 'B54', 'B478', 'B73', 'B224', 'B239', 'B495', 'B715', 'B18', 'B662']",7.5,S8,9.44,0,5,5,0.0,,-1.65477,-13.560459,-15.215229,False,False,4,S8,False,2,0.1523,delivery,,,,,,,,,,,,,,,,,,,,,,,,,,,,,,,,,,,,,,,,,,,,,,,,,,,,
50,24,13,8,S8,False,0,5,5,0,13,0,0,0,0,"['B288', 'B502', 'B297', 'B437', 'B21', 'B709', 'B463', 'B586', 'B743', 'B16', 'B2', 'B274', 'B211']",6.5,S54,10.5,13,5,18,0.0,,-1.925391,-13.934088,-15.859479,False,False,6,S54,True,2,0.2566,pickup,,,,,,,,,,,,,,,,,,,,,,,,,,,,,,,,,,,,,,,,,,,,,,,,,,,,
50,24,13,25,S54,False,13,5,18,13,0,0,0,0,0,"['B288', 'B502', 'B297', 'B437', 'B21', 'B709', 'B463', 'B586', 'B743', 'B16', 'B2', 'B274', 'B211']",6.5,S51,6.18,0,5,5,0.0,,-1.818891,-13.75983,-15.578721,False,False,4,S51,False,2,0.182,delivery,,,,,,,,,,,,,,,,,,,,,,,,,,,,,,,,,,,,,,,,,,,,,,,,,,,,
50,24,13,38,S51,False,0,5,5,0,13,1,0,0,0,"['B732', 'B36', 'B750', 'B485', 'B395', 'B153', 'B91', 'B324', 'B179', 'B424', 'B553', 'B116', 'B77']",9.5,S43,3.12,13,5,18,0.0,,-1.590862,-13.590222,-15.181084,True,True,12,S59,True,10,0.8148,pickup+onsite,,,,,,,,,,,,,,,,,,,,,,,,,,,,,,,,,,,,,,,,,,,,,,,,,,,,
50,24,13,50,S43,False,13,5,18,0,0,2,1,0,0,['B427'],6.5,S33,2.06,13,6,19,0.0,,-2.674857,-13.716919,-16.391776,True,True,36,S33,True,10,1.59,do_nothing+maintenance,,,,,,,,,,,,,,,,,,,,,,,,,,,,,,,,,,,,,,,,,,,,,,,,,,,,
50,24,13,59,S33,False,13,6,19,0,0,1,0,0,0,[],3.0,S29,4.32,13,6,19,0.0,,-2.123876,-13.731073,-15.854949,True,True,8,S29,False,2,0.296,do_nothing+onsite,,,,,,,,,,,,,,,,,,,,,,,,,,,,,,,,,,,,,,,,,,,,,,,,,,,,
50,24,14,6,S29,False,13,6,19,13,0,0,0,0,0,"['B732', 'B36', 'B750', 'B485', 'B395', 'B153', 'B91', 'B324', 'B179', 'B424', 'B553', 'B116', 'B77']",6.5,S37,6.23,0,6,6,0.0,,-2.085147,-13.992854,-16.078001,False,False,4,S37,False,2,0.1449,delivery,,,,,,,,,,,,,,,,,,,,,,,,,,,,,,,,,,,,,,,,,,,,,,,,,,,,
50,24,14,19,S37,False,0,6,6,0,14,0,0,0,0,"['B39', 'B350', 'B647', 'B355', 'B143', 'B264', 'B728', 'B412', 'B46', 'B97', 'B499', 'B702', 'B255', 'B87']",7.0,S33,1.91,14,6,20,0.0,,-2.55371,-13.547494,-16.101204,False,False,4,S33,False,2,0.1481,pickup,,,,,,,,,,,,,,,,,,,,,,,,,,,,,,,,,,,,,,,,,,,,,,,,,,,,
50,24,14,28,S33,False,14,6,20,14,0,0,0,0,0,"['B39', 'B350', 'B647', 'B355', 'B143', 'B264', 'B728', 'B412', 'B46', 'B97', 'B499', 'B702', 'B255', 'B87']",7.0,S41,4.4,0,6,6,0.0,,-2.449691,-13.582619,-16.032311,False,False,4,S41,False,2,0.2309,delivery,,,,,,,,,,,,,,,,,,,,,,,,,,,,,,,,,,,,,,,,,,,,,,,,,,,,
50,24,14,39,S41,False,0,6,6,0,14,0,0,0,0,"['B248', 'B404', 'B522', 'B396', 'B335', 'B347', 'B368', 'B196', 'B258', 'B506', 'B310', 'B744', 'B72', 'B81']",7.0,S26,6.65,14,6,20,0.0,,-1.693849,-13.327464,-15.021313,False,False,4,S26,False,2,0.1512,pickup,,,,,,,,,,,,,,,,,,,,,,,,,,,,,,,,,,,,,,,,,,,,,,,,,,,,
50,24,14,53,S26,False,14,6,20,14,0,0,0,0,0,"['B248', 'B404', 'B522', 'B396', 'B335', 'B347', 'B368', 'B196', 'B258', 'B506', 'B310', 'B744', 'B72', 'B81']",7.0,S65,6.43,0,6,6,0.0,,-1.925329,-13.459573,-15.384901,False,False,4,S35,True,2,0.2458,delivery,,,,,,,,,,,,,,,,,,,,,,,,,,,,,,,,,,,,,,,,,,,,,,,,,,,,
50,24,15,6,S65,False,0,6,6,0,14,0,0,0,0,"['B207', 'B205', 'B438', 'B159', 'B386', 'B136', 'B125', 'B626', 'B610', 'B561', 'B379', 'B66', 'B253', 'B271']",7.0,S55,9.08,14,6,20,0.0,,-1.140933,-13.440879,-14.581812,False,False,4,S55,False,2,0.1505,pickup,,,,,,,,,,,,,,,,,,,,,,,,,,,,,,,,,,,,,,,,,,,,,,,,,,,,
50,24,15,22,S55,False,14,6,20,0,0,0,0,0,0,[],0.0,S32,1.17,14,6,20,0.0,,-1.343596,-13.382992,-14.726588,False,False,4,S32,False,0,0.1586,do_nothing,,,,,,,,,,,,,,,,,,,,,,,,,,,,,,,,,,,,,,,,,,,,,,,,,,,,
50,24,15,24,S32,False,14,6,20,14,0,1,0,0,0,"['B207', 'B205', 'B438', 'B159', 'B386', 'B136', 'B125', 'B626', 'B610', 'B561', 'B379', 'B66', 'B253', 'B271']",10.0,S12,6.07,0,6,6,0.0,,-1.465815,-13.443012,-14.908827,True,True,8,S36,True,6,0.3157,delivery+onsite,,,,,,,,,,,,,,,,,,,,,,,,,,,,,,,,,,,,,,,,,,,,,,,,,,,,
50,24,15,40,S12,False,0,6,6,0,14,0,0,0,0,"['B517', 'B737', 'B684', 'B463', 'B102', 'B114', 'B236', 'B292', 'B680', 'B371', 'B209', 'B341', 'B98', 'B461']",7.0,S36,3.39,14,6,20,0.0,,-1.048117,-13.292325,-14.340441,False,False,4,S13,True,2,0.1615,pickup,,,,,,,,,,,,,,,,,,,,,,,,,,,,,,,,,,,,,,,,,,,,,,,,,,,,
50,24,15,50,S36,False,14,6,20,14,0,1,0,0,0,"['B517', 'B737', 'B684', 'B463', 'B102', 'B114', 'B236', 'B292', 'B680', 'B371', 'B209', 'B341', 'B98', 'B461']",10.0,S13,15.77,0,6,6,0.0,,-1.824071,-13.35969,-15.183761,True,True,8,S13,False,6,0.2935,delivery+onsite,,,,,,,,,,,,,,,,,,,,,,,,,,,,,,,,,,,,,,,,,,,,,,,,,,,,
50,24,16,16,S13,False,0,6,6,0,14,0,0,0,0,"['B301', 'B268', 'B100', 'B646', 'B367', 'B555', 'B82', 'B481', 'B357', 'B250', 'B202', 'B549', 'B448', 'B651']",7.0,S55,14.62,14,6,20,0.0,,-0.751524,-13.049046,-13.800571,False,False,4,S55,False,2,0.1481,pickup,,,,,,,,,,,,,,,,,,,,,,,,,,,,,,,,,,,,,,,,,,,,,,,,,,,,
50,24,16,37,S55,False,14,6,20,14,0,0,0,0,0,"['B301', 'B268', 'B100', 'B646', 'B367', 'B555', 'B82', 'B481', 'B357', 'B250', 'B202', 'B549', 'B448', 'B651']",7.0,S18,6.05,0,6,6,0.0,,-0.717264,-13.058475,-13.775739,False,False,4,S18,False,2,0.2514,delivery,,,,,,,,,,,,,,,,,,,,,,,,,,,,,,,,,,,,,,,,,,,,,,,,,,,,
50,24,16,51,S18,False,0,6,6,0,14,0,0,0,0,"['B132', 'B473', 'B303', 'B665', 'B739', 'B4', 'B259', 'B686', 'B459', 'B407', 'B585', 'B740', 'B735', 'B748']",7.0,S4,0.8,14,6,20,0.0,,-0.751338,-12.850775,-13.602113,False,False,4,S4,False,2,0.1651,pickup,,,,,,,,,,,,,,,,,,,,,,,,,,,,,,,,,,,,,,,,,,,,,,,,,,,,
50,24,16,58,S4,False,14,6,20,11,0,0,1,0,0,"['B247', 'B132', 'B473', 'B303', 'B665', 'B739', 'B4', 'B259', 'B686', 'B459', 'B407', 'B585']",6.0,S31,2.07,3,7,10,0.0,,-0.323841,-13.077621,-13.401462,True,True,10,S31,False,4,0.3542,delivery+depot_removal,,,,,,,,,,,,,,,,,,,,,,,,,,,,,,,,,,,,,,,,,,,,,,,,,,,,
50,24,17,6,S31,False,3,7,10,0,10,0,0,0,0,"['B497', 'B419', 'B635', 'B129', 'B297', 'B532', 'B617', 'B704', 'B582', 'B78']",5.0,S49,2.89,13,7,20,0.0,,-0.849486,-13.119407,-13.968892,False,False,4,S49,False,2,0.1476,pickup,,,,,,,,,,,,,,,,,,,,,,,,,,,,,,,,,,,,,,,,,,,,,,,,,,,,
50,24,17,14,S49,False,13,7,20,13,0,0,0,0,0,"['B740', 'B735', 'B748', 'B497', 'B419', 'B635', 'B129', 'B297', 'B532', 'B617', 'B704', 'B582', 'B78']",6.5,S59,1.68,0,7,7,0.0,,-0.650945,-12.850407,-13.501353,False,False,6,S38,True,4,0.2385,delivery,,,,,,,,,,,,,,,,,,,,,,,,,,,,,,,,,,,,,,,,,,,,,,,,,,,,
50,24,17,22,S59,False,0,7,7,0,13,0,0,0,0,"['B755', 'B725', 'B458', 'B200', 'B558', 'B285', 'B296', 'B528', 'B354', 'B440', 'B560', 'B197', 'B433']",6.5,S38,0.74,13,7,20,0.0,,-0.52197,-12.773585,-13.295555,False,False,4,S46,True,2,0.1664,pickup,,,,,,,,,,,,,,,,,,,,,,,,,,,,,,,,,,,,,,,,,,,,,,,,,,,,
50,24,17,30,S38,False,13,7,20,10,0,0,0,0,0,"['B755', 'B725', 'B458', 'B200', 'B558', 'B285', 'B296', 'B528', 'B354', 'B440']",5.0,S46,4.5,3,7,10,0.0,,-0.781451,-12.77548,-13.556931,True,False,10,S46,True,2,0.3535,delivery,,,,,,,,,,,,,,,,,,,,,,,,,,,,,,,,,,,,,,,,,,,,,,,,,,,,
50,24,17,39,S46,False,3,7,10,0,0,0,0,0,0,[],0.0,S33,2.0,3,7,10,0.0,,-0.618711,-12.723153,-13.341864,False,False,4,S3,True,0,0.1414,do_nothing,,,,,,,,,,,,,,,,,,,,,,,,,,,,,,,,,,,,,,,,,,,,,,,,,,,,
50,24,17,41,S33,False,3,7,10,0,0,0,0,0,0,[],0.0,S46,2.0,3,7,10,0.0,,-0.683291,-12.788419,-13.471709,False,False,4,S3,True,0,0.1449,do_nothing,,,,,,,,,,,,,,,,,,,,,,,,,,,,,,,,,,,,,,,,,,,,,,,,,,,,
50,24,17,43,S46,False,3,7,10,0,0,0,0,0,0,[],0.0,S33,2.0,3,7,10,0.0,,-0.813781,-12.688235,-13.502017,False,False,4,S3,True,0,0.1396,do_nothing,,,,,,,,,,,,,,,,,,,,,,,,,,,,,,,,,,,,,,,,,,,,,,,,,,,,
50,24,17,45,S33,False,3,7,10,0,10,0,0,0,0,"['B143', 'B264', 'B728', 'B412', 'B46', 'B97', 'B499', 'B702', 'B255', 'B87']",5.0,S51,4.94,13,7,20,0.0,,-0.262488,-12.535297,-12.797784,False,False,4,S51,False,2,0.1469,pickup,,,,,,,,,,,,,,,,,,,,,,,,,,,,,,,,,,,,,,,,,,,,,,,,,,,,
50,24,17,55,S51,False,13,7,20,13,0,0,0,0,0,"['B560', 'B197', 'B433', 'B143', 'B264', 'B728', 'B412', 'B46', 'B97', 'B499', 'B702', 'B255', 'B87']",6.5,S46,3.14,0,7,7,0.0,,-0.392148,-12.574076,-12.966224,False,False,6,S63,True,4,0.2176,delivery,,,,,,,,,,,,,,,,,,,,,,,,,,,,,,,,,,,,,,,,,,,,,,,,,,,,
50,24,18,5,S46,False,0,7,7,0,13,0,0,0,0,"['B287', 'B384', 'B584', 'B190', 'B502', 'B18', 'B389', 'B628', 'B219', 'B360', 'B564', 'B175', 'B59']",6.5,S63,1.02,13,7,20,0.0,,-0.653472,-12.64221,-13.295682,False,False,6,S63,True,2,0.2289,pickup,,,,,,,,,,,,,,,,,,,,,,,,,,,,,,,,,,,,,,,,,,,,,,,,,,,,
50,24,18,12,S63,False,13,7,20,13,0,0,0,0,0,"['B287', 'B384', 'B584', 'B190', 'B502', 'B18', 'B389', 'B628', 'B219', 'B360', 'B564', 'B175', 'B59']",6.5,S45,1.16,0,7,7,0.0,,-0.68462,-12.617126,-13.301746,False,False,4,S45,False,2,0.254,delivery,,,,,,,,,,,,,,,,,,,,,,,,,,,,,,,,,,,,,,,,,,,,,,,,,,,,
50,24,18,20,S45,False,0,7,7,0,0,1,0,0,0,[],3.0,S7,10.98,0,7,7,0.0,,-0.749211,-12.395334,-13.144546,True,True,8,S7,False,2,0.4038,do_nothing+onsite,,,,,,,,,,,,,,,,,,,,,,,,,,,,,,,,,,,,,,,,,,,,,,,,,,,,
50,24,18,34,S7,False,0,7,7,0,13,0,0,0,0,"['B166', 'B531', 'B112', 'B55', 'B90', 'B656', 'B108', 'B478', 'B715', 'B645', 'B215', 'B111', 'B337']",6.5,S25,3.98,13,7,20,0.0,,-0.819936,-12.77874,-13.598676,False,False,4,S25,False,2,0.2328,pickup,,,,,,,,,,,,,,,,,,,,,,,,,,,,,,,,,,,,,,,,,,,,,,,,,,,,
50,24,18,44,S25,False,13,7,20,13,0,0,0,0,0,"['B166', 'B531', 'B112', 'B55', 'B90', 'B656', 'B108', 'B478', 'B715', 'B645', 'B215', 'B111', 'B337']",6.5,S45,14.2,0,7,7,0.0,,-0.688671,-12.87518,-13.563851,False,False,4,S45,False,2,0.1671,delivery,,,,,,,,,,,,,,,,,,,,,,,,,,,,,,,,,,,,,,,,,,,,,,,,,,,,
50,24,19,5,S45,False,0,7,7,0,1,0,0,0,0,['B267'],0.5,S16,1.34,1,7,8,0.0,,-0.456248,-12.673146,-13.129394,False,False,4,S53,True,2,0.2327,pickup,,,,,,,,,,,,,,,,,,,,,,,,,,,,,,,,,,,,,,,,,,,,,,,,,,,,
50,24,19,7,S16,False,1,7,8,1,0,0,0,0,0,['B267'],0.5,S37,1.47,0,7,7,0.0,,-0.194499,-12.723332,-12.917831,False,False,4,S37,False,2,0.1662,delivery,,,,,,,,,,,,,,,,,,,,,,,,,,,,,,,,,,,,,,,,,,,,,,,,,,,,
50,24,19,9,S37,False,0,7,7,0,11,0,1,0,0,"['B658', 'B19', 'B53', 'B636', 'B152', 'B470', 'B650', 'B30', 'B432', 'B257', 'B324', 'B270']",6.0,S18,1.43,11,8,19,0.0,,-0.74987,-12.804718,-13.554588,True,True,10,S59,True,8,0.3298,pickup+depot_removal,,,,,,,,,,,,,,,,,,,,,,,,,,,,,,,,,,,,,,,,,,,,,,,,,,,,
50,24,19,16,S18,False,11,8,19,11,0,0,0,0,0,"['B658', 'B19', 'B53', 'B636', 'B152', 'B470', 'B650', 'B30', 'B432', 'B257', 'B324']",5.5,S59,0.93,0,8,8,0.0,,-0.619192,-12.77386,-13.393053,False,False,4,S59,False,2,0.1421,delivery,,,,,,,,,,,,,,,,,,,,,,,,,,,,,,,,,,,,,,,,,,,,,,,,,,,,
50,24,19,23,S59,False,0,8,8,0,0,0,0,0,0,[],0.0,S22,6.26,0,8,8,0.0,,-0.492343,-12.693984,-13.186327,False,False,4,S22,False,0,0.1685,do_nothing,,,,,,,,,,,,,,,,,,,,,,,,,,,,,,,,,,,,,,,,,,,,,,,,,,,,
50,24,19,29,S22,False,0,8,8,0,12,1,0,0,0,"['B540', 'B661', 'B598', 'B118', 'B445', 'B430', 'B415', 'B738', 'B217', 'B124', 'B455', 'B84']",9.0,S16,8.42,12,8,20,0.0,,-0.194421,-12.612118,-12.806539,True,True,8,S54,True,6,0.2935,pickup+onsite,,,,,,,,,,,,,,,,,,,,,,,,,,,,,,,,,,,,,,,,,,,,,,,,,,,,
50,24,19,47,S16,False,12,8,20,0,0,0,0,0,0,[],0.0,S44,0.23,12,8,20,0.0,,-0.424539,-12.706043,-13.130581,False,False,4,D0,True,0,0.2541,do_nothing,,,,,,,,,,,,,,,,,,,,,,,,,,,,,,,,,,,,,,,,,,,,,,,,,,,,
50,24,19,47,S44,False,12,8,20,0,0,0,0,0,0,[],0.0,S16,0.23,12,8,20,0.0,,-0.550826,-12.686192,-13.237018,True,False,13,S16,False,0,0.5667,do_nothing,,,,,,,,,,,,,,,,,,,,,,,,,,,,,,,,,,,,,,,,,,,,,,,,,,,,
50,24,19,47,S16,False,12,8,20,0,0,0,0,0,0,[],0.0,S44,0.23,12,8,20,0.0,,-0.686959,-12.685104,-13.372063,False,False,4,D0,True,0,0.2502,do_nothing,,,,,,,,,,,,,,,,,,,,,,,,,,,,,,,,,,,,,,,,,,,,,,,,,,,,
50,24,19,47,S44,False,12,8,20,0,0,0,0,0,0,[],0.0,S16,0.23,12,8,20,0.0,,-0.88086,-12.796015,-13.676875,True,False,13,S16,False,0,0.576,do_nothing,,,,,,,,,,,,,,,,,,,,,,,,,,,,,,,,,,,,,,,,,,,,,,,,,,,,
50,24,19,47,S16,False,12,8,20,0,0,0,0,0,0,[],0.0,S44,0.23,12,8,20,0.0,,-0.362024,-12.758726,-13.12075,False,False,4,D0,True,0,0.2489,do_nothing,,,,,,,,,,,,,,,,,,,,,,,,,,,,,,,,,,,,,,,,,,,,,,,,,,,,
50,24,19,48,S44,False,12,8,20,5,0,3,0,0,0,"['B540', 'B661', 'B598', 'B118', 'B445']",11.5,D0,1.67,7,8,15,0.0,,-0.617951,-12.996304,-13.614255,True,True,12,D0,True,7,0.5351,delivery+onsite,,,,,,,,,,,,,,,,,,,,,,,,,,,,,,,,,,,,,,,,,,,,,,,,,,,,
50,25,6,1,D0,True,7,8,15,0,0,0,0,8,13,"['B214', 'B698', 'B447', 'B307', 'B103', 'B89', 'B500', 'B377', 'B254', 'B422', 'B8', 'B612', 'B442', 'B52', 'B694', 'B465', 'B231', 'B370', 'B427', 'B247', 'B270']",10.5,S15,1.31,20,0,20,0.0,,-3.075145,-13.956692,-17.031837,True,True,1,S15,False,0,0.0492,load_queue,,,,,,,,,,,,,,,,,,,,,,,,,,,,,,,,,,,,,,,,,,,,,,,,,,,,
50,25,6,28,S15,False,20,0,20,18,0,0,0,0,0,"['B430', 'B415', 'B738', 'B217', 'B124', 'B455', 'B84', 'B214', 'B698', 'B447', 'B307', 'B103', 'B89', 'B500', 'B377', 'B254', 'B422', 'B8']",9.0,S47,5.64,2,0,2,0.0,,-2.83966,-14.019244,-16.858903,False,False,6,S47,False,2,0.2122,delivery,,,,,,,,,,,,,,,,,,,,,,,,,,,,,,,,,,,,,,,,,,,,,,,,,,,,
50,25,6,42,S47,False,2,0,2,0,18,0,0,0,0,"['B380', 'B317', 'B71', 'B436', 'B714', 'B760', 'B74', 'B510', 'B170', 'B305', 'B273', 'B49', 'B685', 'B326', 'B652', 'B110', 'B66', 'B104']",9.0,S22,2.32,20,0,20,0.0,,-2.64913,-13.519084,-16.168214,False,False,4,S22,False,2,0.1519,pickup,,,,,,,,,,,,,,,,,,,,,,,,,,,,,,,,,,,,,,,,,,,,,,,,,,,,
50,25,6,54,S22,False,20,0,20,19,0,0,0,0,0,"['B612', 'B442', 'B380', 'B317', 'B71', 'B436', 'B714', 'B760', 'B74', 'B510', 'B170', 'B305', 'B273', 'B49', 'B685', 'B326', 'B652', 'B110', 'B66']",9.5,S60,4.28,1,0,1,0.0,,-2.256494,-13.45375,-15.710244,False,False,6,S60,False,2,0.2353,delivery,,,,,,,,,,,,,,,,,,,,,,,,,,,,,,,,,,,,,,,,,,,,,,,,,,,,
50,25,7,7,S60,False,1,0,1,0,16,0,0,0,0,"['B737', 'B275', 'B241', 'B503', 'B533', 'B623', 'B83', 'B684', 'B321', 'B88', 'B483', 'B471', 'B302', 'B53', 'B452', 'B702']",8.0,S31,0.89,17,0,17,0.0,,-2.18128,-13.386435,-15.567715,False,False,6,S31,False,2,0.21,pickup,,,,,,,,,,,,,,,,,,,,,,,,,,,,,,,,,,,,,,,,,,,,,,,,,,,,
50,25,7,16,S31,False,17,0,17,0,0,0,0,0,0,[],0.0,S66,0.38,17,0,17,0.0,,-2.459603,-13.432279,-15.891881,False,False,4,S66,False,0,0.1335,do_nothing,,,,,,,,,,,,,,,,,,,,,,,,,,,,,,,,,,,,,,,,,,,,,,,,,,,,
50,25,7,17,S66,False,17,0,17,17,0,0,0,0,0,"['B104', 'B737', 'B275', 'B241', 'B503', 'B533', 'B623', 'B83', 'B684', 'B321', 'B88', 'B483', 'B471', 'B302', 'B53', 'B452', 'B702']",8.5,S4,2.35,0,0,0,0.0,,-2.744779,-13.308452,-16.053231,False,False,4,S4,False,2,0.1371,delivery,,,,,,,,,,,,,,,,,,,,,,,,,,,,,,,,,,,,,,,,,,,,,,,,,,,,
50,25,7,28,S4,False,0,0,0,0,0,0,0,0,0,[],0.0,S53,3.43,0,0,0,0.0,,-1.339281,-13.357826,-14.697107,False,False,4,S53,False,0,0.2309,do_nothing,,,,,,,,,,,,,,,,,,,,,,,,,,,,,,,,,,,,,,,,,,,,,,,,,,,,
50,25,7,31,S53,False,0,0,0,0,17,1,1,0,0,"['B538', 'B153', 'B366', 'B57', 'B35', 'B475', 'B70', 'B476', 'B556', 'B316', 'B45', 'B606', 'B705', 'B303', 'B406', 'B92', 'B600', 'B3']",12.0,S31,4.82,17,1,18,0.0,,-1.629346,-13.313593,-14.942939,True,True,24,S31,True,22,0.862,pickup+maintenance,,,,,,,,,,,,,,,,,,,,,,,,,,,,,,,,,,,,,,,,,,,,,,,,,,,,
50,25,7,48,S31,False,17,1,18,17,0,0,0,0,0,"['B538', 'B153', 'B366', 'B57', 'B35', 'B475', 'B70', 'B476', 'B556', 'B316', 'B45', 'B606', 'B705', 'B303', 'B406', 'B92', 'B600']",8.5,S4,2.07,0,1,1,0.0,,-2.281996,-13.470496,-15.752492,False,False,4,S4,False,2,0.148,delivery,,,,,,,,,,,,,,,,,,,,,,,,,,,,,,,,,,,,,,,,,,,,,,,,,,,,
50,25,7,58,S4,False,0,1,1,0,0,0,0,0,0,[],0.0,S54,5.11,0,1,1,0.0,,-1.337769,-13.270763,-14.608532,False,False,4,S54,False,0,0.1545,do_nothing,,,,,,,,,,,,,,,,,,,,,,,,,,,,,,,,,,,,,,,,,,,,,,,,,,,,
50,25,8,3,S54,False,0,1,1,0,17,0,0,0,0,"['B353', 'B725', 'B486', 'B545', 'B277', 'B707', 'B691', 'B319', 'B683', 'B753', 'B540', 'B513', 'B114', 'B463', 'B354', 'B676', 'B618']",8.5,S42,4.21,17,1,18,0.0,,-1.10587,-13.41267,-14.51854,False,False,6,S42,True,4,0.2364,pickup,,,,,,,,,,,,,,,,,,,,,,,,,,,,,,,,,,,,,,,,,,,,,,,,,,,,
50,25,8,16,S42,False,17,1,18,0,0,0,0,0,0,[],0.0,S20,14.72,17,1,18,0.0,,-0.686955,-13.497086,-14.184042,False,False,6,S21,True,0,0.2388,do_nothing,,,,,,,,,,,,,,,,,,,,,,,,,,,,,,,,,,,,,,,,,,,,,,,,,,,,
50,25,8,31,S20,False,17,1,18,10,0,0,0,0,0,"['B353', 'B725', 'B486', 'B545', 'B277', 'B707', 'B691', 'B319', 'B683', 'B753']",5.0,S36,14.93,7,1,8,0.0,,-1.141863,-13.37306,-14.514923,True,False,12,S36,True,4,0.4492,delivery,,,,,,,,,,,,,,,,,,,,,,,,,,,,,,,,,,,,,,,,,,,,,,,,,,,,
50,25,8,51,S36,False,7,1,8,0,11,0,0,0,0,"['B342', 'B508', 'B106', 'B237', 'B28', 'B593', 'B51', 'B655', 'B189', 'B145', 'B281']",5.5,S42,7.67,18,1,19,0.0,,-1.535806,-13.288141,-14.823947,False,False,6,S42,False,4,0.3213,pickup,,,,,,,,,,,,,,,,,,,,,,,,,,,,,,,,,,,,,,,,,,,,,,,,,,,,
50,25,9,4,S42,False,18,1,19,11,0,0,0,0,0,"['B540', 'B513', 'B114', 'B463', 'B354', 'B676', 'B618', 'B342', 'B508', 'B106', 'B237']",5.5,S35,1.31,7,1,8,0.0,,-1.234789,-13.334024,-14.568813,False,False,6,S35,True,4,0.6597,delivery,,,,,,,,,,,,,,,,,,,,,,,,,,,,,,,,,,,,,,,,,,,,,,,,,,,,
50,25,9,11,S35,False,7,1,8,0,0,0,4,0,0,"['B411', 'B730', 'B710', 'B722']",2.0,S10,2.61,7,5,12,0.0,,-1.069746,-13.33123,-14.400976,True,True,52,S12,True,8,1.9504,do_nothing+depot_removal,,,,,,,,,,,,,,,,,,,,,,,,,,,,,,,,,,,,,,,,,,,,,,,,,,,,
50,25,9,15,S10,False,7,5,12,0,8,0,0,0,0,"['B644', 'B76', 'B509', 'B152', 'B470', 'B244', 'B33', 'B663']",4.0,S43,5.46,15,5,20,0.0,,-0.618145,-13.102046,-13.720191,False,False,4,S43,False,2,0.1731,pickup,,,,,,,,,,,,,,,,,,,,,,,,,,,,,,,,,,,,,,,,,,,,,,,,,,,,
50,25,9,25,S43,False,15,5,20,15,0,0,1,0,0,"['B219', 'B28', 'B593', 'B51', 'B655', 'B189', 'B145', 'B281', 'B644', 'B76', 'B509', 'B152', 'B470', 'B244', 'B33', 'B663']",8.0,S39,4.89,0,6,6,0.0,,-1.619498,-13.023252,-14.64275,True,True,6,S39,False,4,0.2459,delivery+depot_removal,,,,,,,,,,,,,,,,,,,,,,,,,,,,,,,,,,,,,,,,,,,,,,,,,,,,
50,25,9,38,S39,False,0,6,6,0,14,0,0,0,0,"['B678', 'B746', 'B591', 'B283', 'B693', 'B393', 'B596', 'B564', 'B344', 'B373', 'B315', 'B601', 'B117', 'B360']",7.0,S61,3.98,14,6,20,0.0,,-0.389523,-13.086208,-13.475732,False,False,4,S61,False,2,0.1925,pickup,,,,,,,,,,,,,,,,,,,,,,,,,,,,,,,,,,,,,,,,,,,,,,,,,,,,
50,25,9,49,S61,False,14,6,20,10,0,0,2,0,0,"['B340', 'B602', 'B678', 'B746', 'B591', 'B283', 'B693', 'B393', 'B596', 'B564', 'B344', 'B373']",6.0,S17,7.88,4,8,12,0.0,,-0.840712,-12.968557,-13.809269,True,True,14,S17,False,6,0.5028,delivery+depot_removal,,,,,,,,,,,,,,,,,,,,,,,,,,,,,,,,,,,,,,,,,,,,,,,,,,,,
50,25,10,3,S17,False,4,8,12,4,0,0,0,0,0,"['B315', 'B601', 'B117', 'B360']",2.0,S0,9.9,0,8,8,0.0,,-0.78382,-13.080187,-13.864008,False,False,4,S0,False,2,0.1374,delivery,,,,,,,,,,,,,,,,,,,,,,,,,,,,,,,,,,,,,,,,,,,,,,,,,,,,
50,25,10,15,S0,False,0,8,8,0,12,0,0,0,0,"['B496', 'B346', 'B364', 'B149', 'B444', 'B363', 'B696', 'B400', 'B91', 'B143', 'B588', 'B726']",6.0,S51,11.05,12,8,20,0.0,,-1.009468,-13.137962,-14.14743,False,False,4,S51,False,2,0.1395,pickup,,,,,,,,,,,,,,,,,,,,,,,,,,,,,,,,,,,,,,,,,,,,,,,,,,,,
50,25,10,32,S51,False,12,8,20,0,0,0,0,0,0,[],0.0,S12,2.02,12,8,20,0.0,,-0.715354,-13.438952,-14.154306,False,False,6,S12,True,0,0.2127,do_nothing,,,,,,,,,,,,,,,,,,,,,,,,,,,,,,,,,,,,,,,,,,,,,,,,,,,,
50,25,10,34,S12,False,12,8,20,12,0,0,0,0,0,"['B496', 'B346', 'B364', 'B149', 'B444', 'B363', 'B696', 'B400', 'B91', 'B143', 'B588', 'B726']",6.0,S54,8.01,0,8,8,0.0,,-1.008896,-13.411677,-14.420572,False,False,4,S54,False,2,0.1707,delivery,,,,,,,,,,,,,,,,,,,,,,,,,,,,,,,,,,,,,,,,,,,,,,,,,,,,
50,25,10,48,S54,False,0,8,8,0,10,0,0,0,0,"['B24', 'B374', 'B525', 'B461', 'B665', 'B57', 'B390', 'B371', 'B739', 'B80']",5.0,S65,8.42,10,8,18,0.0,,-0.646498,-13.411362,-14.057859,False,False,6,S33,True,4,0.2076,pickup,,,,,,,,,,,,,,,,,,,,,,,,,,,,,,,,,,,,,,,,,,,,,,,,,,,,
50,25,11,1,S65,False,10,8,18,10,0,0,0,0,0,"['B24', 'B374', 'B525', 'B461', 'B665', 'B57', 'B390', 'B371', 'B739', 'B80']",5.0,S33,6.32,0,8,8,0.0,,-0.780574,-13.438393,-14.218967,False,False,4,S33,False,2,0.1392,delivery,,,,,,,,,,,,,,,,,,,,,,,,,,,,,,,,,,,,,,,,,,,,,,,,,,,,
50,25,11,12,S33,False,0,8,8,0,12,0,0,0,0,"['B560', 'B673', 'B563', 'B543', 'B660', 'B403', 'B48', 'B290', 'B762', 'B636', 'B68', 'B165']",6.0,S46,2.0,12,8,20,0.0,,-0.325919,-13.513611,-13.839531,False,False,4,S62,True,2,0.1526,pickup,,,,,,,,,,,,,,,,,,,,,,,,,,,,,,,,,,,,,,,,,,,,,,,,,,,,
50,25,11,20,S46,False,12,8,20,12,0,0,0,0,0,"['B560', 'B673', 'B563', 'B543', 'B660', 'B403', 'B48', 'B290', 'B762', 'B636', 'B68', 'B165']",6.0,S4,3.35,0,8,8,0.0,,-0.912727,-13.43154,-14.344267,False,False,6,S48,True,4,0.263,delivery,,,,,,,,,,,,,,,,,,,,,,,,,,,,,,,,,,,,,,,,,,,,,,,,,,,,
50,25,11,30,S4,False,0,8,8,0,8,0,0,0,0,"['B50', 'B620', 'B453', 'B314', 'B472', 'B706', 'B521', 'B289']",4.0,S29,6.26,8,8,16,0.0,,-0.550995,-13.610448,-14.161444,False,False,6,S29,False,2,0.2083,pickup,,,,,,,,,,,,,,,,,,,,,,,,,,,,,,,,,,,,,,,,,,,,,,,,,,,,
50,25,11,40,S29,False,8,8,16,8,0,0,0,0,0,"['B50', 'B620', 'B453', 'B314', 'B472', 'B706', 'B521', 'B289']",4.0,S35,1.95,0,8,8,0.0,,-0.878535,-13.559502,-14.438037,False,False,4,S35,False,2,0.1757,delivery,,,,,,,,,,,,,,,,,,,,,,,,,,,,,,,,,,,,,,,,,,,,,,,,,,,,
50,25,11,46,S35,False,0,8,8,0,0,1,0,0,0,[],3.0,S37,7.89,0,8,8,0.0,,-0.876326,-13.64206,-14.518386,True,True,12,S57,True,2,0.4536,do_nothing+onsite,,,,,,,,,,,,,,,,,,,,,,,,,,,,,,,,,,,,,,,,,,,,,,,,,,,,
50,25,11,57,S37,False,0,8,8,0,12,0,0,0,0,"['B285', 'B142', 'B755', 'B357', 'B101', 'B477', 'B286', 'B100', 'B634', 'B156', 'B266', 'B23']",6.0,S58,0.71,12,8,20,0.0,,-1.135023,-13.710903,-14.845926,False,False,4,S58,False,2,0.2324,pickup,,,,,,,,,,,,,,,,,,,,,,,,,,,,,,,,,,,,,,,,,,,,,,,,,,,,
50,25,12,3,S58,False,12,8,20,0,0,0,0,0,0,[],0.0,S36,4.95,12,8,20,0.0,,-1.656475,-13.62771,-15.284185,False,False,4,S36,False,0,0.1516,do_nothing,,,,,,,,,,,,,,,,,,,,,,,,,,,,,,,,,,,,,,,,,,,,,,,,,,,,
50,25,12,8,S36,False,12,8,20,12,0,0,0,0,0,"['B285', 'B142', 'B755', 'B357', 'B101', 'B477', 'B286', 'B100', 'B634', 'B156', 'B266', 'B23']",6.0,S35,6.52,0,8,8,0.0,,-1.533181,-13.734503,-15.267684,False,False,6,S54,True,4,0.2181,delivery,,,,,,,,,,,,,,,,,,,,,,,,,,,,,,,,,,,,,,,,,,,,,,,,,,,,
50,25,12,21,S35,False,0,8,8,0,8,0,0,0,0,"['B127', 'B345', 'B504', 'B190', 'B570', 'B498', 'B87', 'B540']",4.0,S54,2.91,8,8,16,0.0,,-1.070101,-13.68964,-14.759741,False,False,6,S1,True,2,0.2102,pickup,,,,,,,,,,,,,,,,,,,,,,,,,,,,,,,,,,,,,,,,,,,,,,,,,,,,
50,25,12,28,S54,False,8,8,16,0,0,1,0,0,0,[],3.0,S29,1.43,8,8,16,0.0,,-1.332854,-13.571359,-14.904213,True,True,12,S29,True,2,0.4749,do_nothing+onsite,,,,,,,,,,,,,,,,,,,,,,,,,,,,,,,,,,,,,,,,,,,,,,,,,,,,
50,25,12,32,S29,False,8,8,16,8,0,0,0,0,0,"['B127', 'B345', 'B504', 'B190', 'B570', 'B498', 'B87', 'B540']",4.0,S55,2.12,0,8,8,0.0,,-1.33878,-13.519092,-14.857872,False,False,4,S55,False,2,0.1816,delivery,,,,,,,,,,,,,,,,,,,,,,,,,,,,,,,,,,,,,,,,,,,,,,,,,,,,
50,25,12,38,S55,False,0,8,8,0,10,0,1,0,0,"['B121', 'B119', 'B492', 'B737', 'B593', 'B51', 'B35', 'B70', 'B655', 'B64', 'B95']",5.5,S54,0.95,10,9,19,0.0,,-1.625149,-13.636439,-15.261589,True,True,10,S54,False,8,0.3733,pickup+depot_removal,,,,,,,,,,,,,,,,,,,,,,,,,,,,,,,,,,,,,,,,,,,,,,,,,,,,
50,25,12,45,S54,False,10,9,19,10,0,0,0,0,0,"['B121', 'B119', 'B492', 'B737', 'B593', 'B51', 'B35', 'B70', 'B655', 'B64']",5.0,S30,7.41,0,9,9,0.0,,-0.813388,-13.491146,-14.304534,False,False,6,S56,True,4,0.2935,delivery,,,,,,,,,,,,,,,,,,,,,,,,,,,,,,,,,,,,,,,,,,,,,,,,,,,,
50,25,12,57,S30,False,0,9,9,0,9,0,1,0,0,"['B46', 'B650', 'B296', 'B204', 'B429', 'B90', 'B669', 'B428', 'B335', 'B173']",5.0,S46,6.95,9,10,19,0.0,,-1.402793,-13.578423,-14.981216,True,True,12,S46,False,10,0.4859,pickup+depot_removal,,,,,,,,,,,,,,,,,,,,,,,,,,,,,,,,,,,,,,,,,,,,,,,,,,,,
50,25,13,9,S46,False,9,10,19,9,0,0,0,0,0,"['B46', 'B650', 'B296', 'B204', 'B429', 'B90', 'B669', 'B428', 'B335']",4.5,S62,2.76,0,10,10,0.0,,-1.391825,-13.521852,-14.913677,False,False,4,S43,True,2,0.1387,delivery,,,,,,,,,,,,,,,,,,,,,,,,,,,,,,,,,,,,,,,,,,,,,,,,,,,,
50,25,13,16,S62,False,0,10,10,0,10,0,0,0,0,"['B292', 'B732', 'B550', 'B82', 'B763', 'B431', 'B350', 'B242', 'B367', 'B445']",5.0,S43,2.99,10,10,20,0.0,,-1.37058,-13.501718,-14.872298,False,False,4,S43,False,2,0.1488,pickup,,,,,,,,,,,,,,,,,,,,,,,,,,,,,,,,,,,,,,,,,,,,,,,,,,,,
50,25,13,24,S43,False,10,10,20,10,0,0,0,0,0,"['B292', 'B732', 'B550', 'B82', 'B763', 'B431', 'B350', 'B242', 'B367', 'B445']",5.0,S59,2.96,0,10,10,0.0,,-1.885372,-13.621079,-15.506451,False,False,4,S18,True,2,0.1458,delivery,,,,,,,,,,,,,,,,,,,,,,,,,,,,,,,,,,,,,,,,,,,,,,,,,,,,
50,25,13,32,S59,False,0,10,10,0,10,0,0,0,0,"['B349', 'B85', 'B282', 'B489', 'B158', 'B379', 'B263', 'B387', 'B701', 'B491']",5.0,S18,0.93,10,10,20,0.0,,-2.431324,-13.516672,-15.947996,True,False,6,S20,True,4,0.2575,pickup,,,,,,,,,,,,,,,,,,,,,,,,,,,,,,,,,,,,,,,,,,,,,,,,,,,,
50,25,13,38,S18,False,10,10,20,10,0,0,0,0,0,"['B349', 'B85', 'B282', 'B489', 'B158', 'B379', 'B263', 'B387', 'B701', 'B491']",5.0,S40,3.81,0,10,10,0.0,,-1.526433,-13.445363,-14.971796,False,False,4,S40,False,2,0.1426,delivery,,,,,,,,,,,,,,,,,,,,,,,,,,,,,,,,,,,,,,,,,,,,,,,,,,,,
50,25,13,47,S40,False,0,10,10,0,10,0,0,0,0,"['B178', 'B651', 'B640', 'B384', 'B462', 'B539', 'B137', 'B538', 'B693', 'B38']",5.0,S29,3.08,10,10,20,0.0,,-1.989847,-13.370292,-15.360139,False,False,4,S29,False,2,0.1458,pickup,,,,,,,,,,,,,,,,,,,,,,,,,,,,,,,,,,,,,,,,,,,,,,,,,,,,
50,25,13,55,S29,False,10,10,20,10,0,0,0,0,0,"['B178', 'B651', 'B640', 'B384', 'B462', 'B539', 'B137', 'B538', 'B693', 'B38']",5.0,S32,3.29,0,10,10,0.0,,-2.53325,-13.445893,-15.979143,False,False,4,S32,False,2,0.1367,delivery,,,,,,,,,,,,,,,,,,,,,,,,,,,,,,,,,,,,,,,,,,,,,,,,,,,,
50,25,14,4,S32,False,0,10,10,0,10,0,0,0,0,"['B159', 'B524', 'B269', 'B534', 'B105', 'B304', 'B413', 'B114', 'B423', 'B673']",5.0,S50,4.46,10,10,20,0.0,,-2.860188,-13.554675,-16.414863,False,False,4,S50,False,2,0.1406,pickup,,,,,,,,,,,,,,,,,,,,,,,,,,,,,,,,,,,,,,,,,,,,,,,,,,,,
50,25,14,13,S50,False,10,10,20,10,0,0,0,0,0,"['B159', 'B524', 'B269', 'B534', 'B105', 'B304', 'B413', 'B114', 'B423', 'B673']",5.0,S22,10.84,0,10,10,0.0,,-2.313861,-13.216855,-15.530715,False,False,4,S22,False,2,0.1378,delivery,,,,,,,,,,,,,,,,,,,,,,,,,,,,,,,,,,,,,,,,,,,,,,,,,,,,
50,25,14,29,S22,False,0,10,10,0,10,0,0,0,0,"['B510', 'B170', 'B305', 'B273', 'B49', 'B685', 'B326', 'B652', 'B110', 'B66']",5.0,S41,3.42,10,10,20,0.0,,-1.962935,-13.35963,-15.322565,False,False,4,S41,False,2,0.137,pickup,,,,,,,,,,,,,,,,,,,,,,,,,,,,,,,,,,,,,,,,,,,,,,,,,,,,
50,25,14,37,S41,False,10,10,20,10,0,0,0,0,0,"['B510', 'B170', 'B305', 'B273', 'B49', 'B685', 'B326', 'B652', 'B110', 'B66']",5.0,S65,2.23,0,10,10,0.0,,-1.799709,-13.210185,-15.009894,False,False,4,S65,False,2,0.1351,delivery,,,,,,,,,,,,,,,,,,,,,,,,,,,,,,,,,,,,,,,,,,,,,,,,,,,,
50,25,14,44,S65,False,0,10,10,0,10,0,0,0,0,"['B449', 'B463', 'B679', 'B152', 'B386', 'B587', 'B317', 'B92', 'B213', 'B541']",5.0,S47,1.6,10,10,20,0.0,,-0.951197,-13.130881,-14.082078,False,False,4,S47,False,2,0.1377,pickup,,,,,,,,,,,,,,,,,,,,,,,,,,,,,,,,,,,,,,,,,,,,,,,,,,,,
50,25,14,51,S47,False,10,10,20,10,0,0,0,0,0,"['B449', 'B463', 'B679', 'B152', 'B386', 'B587', 'B317', 'B92', 'B213', 'B541']",5.0,S12,11.33,0,10,10,0.0,,-0.878294,-13.064256,-13.94255,False,False,4,S12,False,2,0.1446,delivery,,,,,,,,,,,,,,,,,,,,,,,,,,,,,,,,,,,,,,,,,,,,,,,,,,,,
50,25,15,7,S12,False,0,10,10,0,10,0,0,0,0,"['B149', 'B444', 'B363', 'B696', 'B400', 'B91', 'B143', 'B588', 'B726', 'B47']",5.0,S18,7.88,10,10,20,0.0,,-0.720298,-13.076913,-13.797212,False,False,4,S18,False,2,0.2327,pickup,,,,,,,,,,,,,,,,,,,,,,,,,,,,,,,,,,,,,,,,,,,,,,,,,,,,
50,25,15,20,S18,False,10,10,20,10,0,0,0,0,0,"['B149', 'B444', 'B363', 'B696', 'B400', 'B91', 'B143', 'B588', 'B726', 'B47']",5.0,S31,1.71,0,10,10,0.0,,-0.876472,-13.136272,-14.012744,False,False,4,S31,False,2,0.144,delivery,,,,,,,,,,,,,,,,,,,,,,,,,,,,,,,,,,,,,,,,,,,,,,,,,,,,
50,25,15,27,S31,False,0,10,10,0,0,0,1,0,0,['B26'],0.5,S22,4.51,0,11,11,0.0,,-1.296619,-13.233665,-14.530284,True,True,6,S22,False,2,0.2012,do_nothing+depot_removal,,,,,,,,,,,,,,,,,,,,,,,,,,,,,,,,,,,,,,,,,,,,,,,,,,,,
50,25,15,32,S22,False,0,11,11,0,9,0,0,0,0,"['B88', 'B323', 'B124', 'B229', 'B633', 'B259', 'B221', 'B489', 'B62']",4.5,S24,6.27,9,11,20,0.0,,-1.110631,-13.109706,-14.220336,False,False,4,S24,False,2,0.1343,pickup,,,,,,,,,,,,,,,,,,,,,,,,,,,,,,,,,,,,,,,,,,,,,,,,,,,,
50,25,15,43,S24,False,9,11,20,9,0,0,0,0,0,"['B88', 'B323', 'B124', 'B229', 'B633', 'B259', 'B221', 'B489', 'B62']",4.5,S65,5.83,0,11,11,0.0,,-1.008883,-13.103329,-14.112211,False,False,4,S65,False,2,0.1339,delivery,,,,,,,,,,,,,,,,,,,,,,,,,,,,,,,,,,,,,,,,,,,,,,,,,,,,
50,25,15,53,S65,False,0,11,11,0,9,0,0,0,0,"['B448', 'B371', 'B521', 'B237', 'B265', 'B207', 'B629', 'B287', 'B765']",4.5,S26,6.43,9,11,20,0.0,,-1.140603,-13.140495,-14.281098,False,False,4,S26,False,2,0.1335,pickup,,,,,,,,,,,,,,,,,,,,,,,,,,,,,,,,,,,,,,,,,,,,,,,,,,,,
50,25,16,4,S26,False,9,11,20,9,0,0,0,0,0,"['B448', 'B371', 'B521', 'B237', 'B265', 'B207', 'B629', 'B287', 'B765']",4.5,S31,6.02,0,11,11,0.0,,-0.622598,-12.902274,-13.524872,False,False,4,S29,True,2,0.1367,delivery,,,,,,,,,,,,,,,,,,,,,,,,,,,,,,,,,,,,,,,,,,,,,,,,,,,,
50,25,16,15,S31,False,0,11,11,0,9,0,0,0,0,"['B680', 'B74', 'B662', 'B536', 'B603', 'B596', 'B30', 'B492', 'B339']",4.5,S29,6.48,9,11,20,0.0,,-0.911178,-12.926196,-13.837374,False,False,4,S43,True,2,0.1356,pickup,,,,,,,,,,,,,,,,,,,,,,,,,,,,,,,,,,,,,,,,,,,,,,,,,,,,
50,25,16,26,S29,False,9,11,20,9,0,0,0,0,0,"['B680', 'B74', 'B662', 'B536', 'B603', 'B596', 'B30', 'B492', 'B339']",4.5,S43,5.89,0,11,11,0.0,,-0.879788,-12.821103,-13.700891,False,False,4,S43,False,2,0.1334,delivery,,,,,,,,,,,,,,,,,,,,,,,,,,,,,,,,,,,,,,,,,,,,,,,,,,,,
50,25,16,36,S43,False,0,11,11,0,0,0,0,0,0,[],0.0,S32,3.61,0,11,11,0.0,,-0.916957,-12.74831,-13.665267,False,False,4,S32,False,0,0.1383,do_nothing,,,,,,,,,,,,,,,,,,,,,,,,,,,,,,,,,,,,,,,,,,,,,,,,,,,,
50,25,16,40,S32,False,0,11,11,0,0,0,0,0,0,[],0.0,S43,3.61,0,11,11,0.0,,-0.883879,-12.776333,-13.660212,False,False,4,S15,True,0,0.1371,do_nothing,,,,,,,,,,,,,,,,,,,,,,,,,,,,,,,,,,,,,,,,,,,,,,,,,,,,
50,25,16,43,S43,False,0,11,11,0,9,0,0,0,0,"['B36', 'B507', 'B248', 'B372', 'B121', 'B108', 'B549', 'B325', 'B218']",4.5,S63,0.64,9,11,20,0.0,,-0.719898,-12.680802,-13.4007,False,False,4,S32,True,2,0.1425,pickup,,,,,,,,,,,,,,,,,,,,,,,,,,,,,,,,,,,,,,,,,,,,,,,,,,,,
50,25,16,48,S63,False,9,11,20,9,0,0,1,0,0,"['B138', 'B36', 'B507', 'B248', 'B372', 'B121', 'B108', 'B549', 'B325', 'B218']",5.0,S32,3.1,0,12,12,0.0,,-0.586657,-12.575524,-13.162181,True,True,6,S32,False,4,0.2779,delivery+depot_removal,,,,,,,,,,,,,,,,,,,,,,,,,,,,,,,,,,,,,,,,,,,,,,,,,,,,
50,25,16,56,S32,False,0,12,12,0,8,0,0,0,0,"['B250', 'B135', 'B33', 'B166', 'B55', 'B246', 'B539', 'B159']",4.0,S15,5.59,8,12,20,0.0,,-0.784244,-12.813677,-13.597921,False,False,4,S15,False,2,0.1341,pickup,,,,,,,,,,,,,,,,,,,,,,,,,,,,,,,,,,,,,,,,,,,,,,,,,,,,
50,25,17,6,S15,False,8,12,20,0,0,0,0,0,0,[],0.0,S34,1.5,8,12,20,0.0,,-0.621847,-12.722406,-13.344252,False,False,4,S34,False,0,0.1448,do_nothing,,,,,,,,,,,,,,,,,,,,,,,,,,,,,,,,,,,,,,,,,,,,,,,,,,,,
50,25,17,7,S34,False,8,12,20,0,0,0,0,0,0,[],0.0,S17,5.09,8,12,20,0.0,,-0.817617,-12.637101,-13.454718,False,False,4,S20,True,0,0.1458,do_nothing,,,,,,,,,,,,,,,,,,,,,,,,,,,,,,,,,,,,,,,,,,,,,,,,,,,,
50,25,17,13,S17,False,8,12,20,8,0,0,0,0,0,"['B250', 'B135', 'B33', 'B166', 'B55', 'B246', 'B539', 'B159']",4.0,S20,7.88,0,12,12,0.0,,-0.519268,-12.542055,-13.061323,False,False,4,S34,True,2,0.1478,delivery,,,,,,,,,,,,,,,,,,,,,,,,,,,,,,,,,,,,,,,,,,,,,,,,,,,,
50,25,17,24,S20,False,0,12,12,0,8,0,0,0,0,"['B691', 'B319', 'B683', 'B753', 'B347', 'B274', 'B519', 'B365']",4.0,S34,9.7,8,12,20,0.0,,-0.686029,-12.671929,-13.357958,True,False,6,S25,True,4,0.2454,pickup,,,,,,,,,,,,,,,,,,,,,,,,,,,,,,,,,,,,,,,,,,,,,,,,,,,,
50,25,17,38,S34,False,8,12,20,0,0,0,0,0,0,[],0.0,S4,5.11,8,12,20,0.0,,-0.393247,-13.010373,-13.40362,False,False,4,S44,True,0,0.1362,do_nothing,,,,,,,,,,,,,,,,,,,,,,,,,,,,,,,,,,,,,,,,,,,,,,,,,,,,
50,25,17,43,S4,False,8,12,20,8,0,0,0,0,0,"['B691', 'B319', 'B683', 'B753', 'B347', 'B274', 'B519', 'B365']",4.0,S59,1.29,0,12,12,0.0,,-0.586678,-12.86898,-13.455658,False,False,4,S59,False,2,0.1423,delivery,,,,,,,,,,,,,,,,,,,,,,,,,,,,,,,,,,,,,,,,,,,,,,,,,,,,
50,25,17,49,S59,False,0,12,12,0,8,0,0,0,0,"['B746', 'B750', 'B716', 'B13', 'B373', 'B179', 'B334', 'B255']",4.0,S39,2.08,8,12,20,0.0,,-0.488468,-12.874773,-13.363241,True,False,6,S44,True,4,0.202,pickup,,,,,,,,,,,,,,,,,,,,,,,,,,,,,,,,,,,,,,,,,,,,,,,,,,,,
50,25,17,55,S39,False,8,12,20,8,0,0,0,0,0,"['B746', 'B750', 'B716', 'B13', 'B373', 'B179', 'B334', 'B255']",4.0,S22,5.77,0,12,12,0.0,,-0.748968,-12.965416,-13.714384,False,False,4,S34,True,2,0.1373,delivery,,,,,,,,,,,,,,,,,,,,,,,,,,,,,,,,,,,,,,,,,,,,,,,,,,,,
50,25,18,4,S22,False,0,12,12,0,8,0,0,0,0,"['B98', 'B89', 'B147', 'B172', 'B558', 'B749', 'B58', 'B704']",4.0,S34,7.86,8,12,20,0.0,,-0.295782,-12.790014,-13.085796,False,False,4,S34,False,2,0.149,pickup,,,,,,,,,,,,,,,,,,,,,,,,,,,,,,,,,,,,,,,,,,,,,,,,,,,,
50,25,18,16,S34,False,8,12,20,8,0,0,0,0,0,"['B98', 'B89', 'B147', 'B172', 'B558', 'B749', 'B58', 'B704']",4.0,S62,2.8,0,12,12,0.0,,-0.327905,-12.904979,-13.232884,False,False,4,S45,True,2,0.1501,delivery,,,,,,,,,,,,,,,,,,,,,,,,,,,,,,,,,,,,,,,,,,,,,,,,,,,,
50,25,18,23,S62,False,0,12,12,0,0,0,1,0,0,['B282'],0.5,S44,2.2,0,13,13,0.0,,-0.264317,-12.763524,-13.027841,True,True,6,S44,False,2,0.2048,do_nothing+depot_removal,,,,,,,,,,,,,,,,,,,,,,,,,,,,,,,,,,,,,,,,,,,,,,,,,,,,
50,25,18,26,S44,False,0,13,13,0,7,0,0,0,0,"['B97', 'B421', 'B382', 'B728', 'B648', 'B39', 'B148']",3.5,S16,0.23,7,13,20,0.0,,-0.162131,-12.745311,-12.907441,False,False,4,S16,False,2,0.1358,pickup,,,,,,,,,,,,,,,,,,,,,,,,,,,,,,,,,,,,,,,,,,,,,,,,,,,,
50,25,18,29,S16,False,7,13,20,7,0,0,0,0,0,"['B97', 'B421', 'B382', 'B728', 'B648', 'B39', 'B148']",3.5,S43,0.58,0,13,13,0.0,,-0.362182,-12.777136,-13.139318,False,False,4,S43,False,2,0.1374,delivery,,,,,,,,,,,,,,,,,,,,,,,,,,,,,,,,,,,,,,,,,,,,,,,,,,,,
50,25,18,34,S43,False,0,13,13,0,7,0,0,0,0,"['B632', 'B118', 'B336', 'B322', 'B175', 'B708', 'B562']",3.5,S45,1.8,7,13,20,0.0,,-0.197321,-12.671844,-12.869165,False,False,4,S62,True,2,0.1402,pickup,,,,,,,,,,,,,,,,,,,,,,,,,,,,,,,,,,,,,,,,,,,,,,,,,,,,
50,25,18,39,S45,False,7,13,20,7,0,0,0,0,0,"['B632', 'B118', 'B336', 'B322', 'B175', 'B708', 'B562']",3.5,S62,1.77,0,13,13,0.0,,-0.225731,-12.720336,-12.946067,False,False,4,S62,False,2,0.1494,delivery,,,,,,,,,,,,,,,,,,,,,,,,,,,,,,,,,,,,,,,,,,,,,,,,,,,,
50,25,18,44,S62,False,0,13,13,0,0,0,0,0,0,[],0.0,S31,2.98,0,13,13,0.0,,-0.227878,-12.822767,-13.050645,False,False,4,S40,True,0,0.1342,do_nothing,,,,,,,,,,,,,,,,,,,,,,,,,,,,,,,,,,,,,,,,,,,,,,,,,,,,
50,25,18,47,S31,False,0,13,13,0,0,0,0,0,0,[],0.0,S62,2.98,0,13,13,0.0,,-0.065331,-12.61794,-12.683271,False,False,4,S62,False,0,0.1628,do_nothing,,,,,,,,,,,,,,,,,,,,,,,,,,,,,,,,,,,,,,,,,,,,,,,,,,,,
50,25,18,50,S62,False,0,13,13,0,7,0,0,0,0,"['B738', 'B129', 'B198', 'B288', 'B144', 'B264', 'B585']",3.5,S33,0.92,7,13,20,0.0,,-0.227881,-12.592873,-12.820754,False,False,4,S33,False,2,0.1437,pickup,,,,,,,,,,,,,,,,,,,,,,,,,,,,,,,,,,,,,,,,,,,,,,,,,,,,
50,25,18,55,S33,False,7,13,20,0,0,0,0,0,0,[],0.0,S52,0.73,7,13,20,0.0,,-0.226967,-12.557233,-12.784199,True,False,6,S52,False,0,0.2403,do_nothing,,,,,,,,,,,,,,,,,,,,,,,,,,,,,,,,,,,,,,,,,,,,,,,,,,,,
50,25,18,55,S52,False,7,13,20,7,0,1,1,0,0,"['B201', 'B738', 'B129', 'B198', 'B288', 'B144', 'B264', 'B585']",7.0,S31,2.99,0,14,14,0.0,,-0.162456,-12.524577,-12.687033,True,True,12,S31,False,10,0.4162,delivery+maintenance,,,,,,,,,,,,,,,,,,,,,,,,,,,,,,,,,,,,,,,,,,,,,,,,,,,,
50,25,19,5,S31,False,0,14,14,0,6,0,0,0,0,"['B542', 'B122', 'B163', 'B409', 'B356', 'B73']",3.0,S33,3.18,6,14,20,0.0,,0.0,-12.413544,-12.413544,False,False,4,S1,True,2,0.1481,pickup,,,,,,,,,,,,,,,,,,,,,,,,,,,,,,,,,,,,,,,,,,,,,,,,,,,,
50,25,19,11,S33,False,6,14,20,6,0,0,1,0,0,"['B432', 'B542', 'B122', 'B163', 'B409', 'B356', 'B73']",3.5,S1,6.32,0,15,15,0.0,,-0.130489,-12.540238,-12.670727,True,True,6,S1,False,4,0.2035,delivery+depot_removal,,,,,,,,,,,,,,,,,,,,,,,,,,,,,,,,,,,,,,,,,,,,,,,,,,,,
50,25,19,21,S1,False,0,15,15,0,5,0,0,0,0,"['B692', 'B675', 'B32', 'B146', 'B464']",2.5,S11,2.67,5,15,20,0.0,,-0.065579,-12.531142,-12.596721,False,False,4,S11,False,2,0.1439,pickup,,,,,,,,,,,,,,,,,,,,,,,,,,,,,,,,,,,,,,,,,,,,,,,,,,,,
50,25,19,26,S11,False,5,15,20,5,0,0,0,0,0,"['B692', 'B675', 'B32', 'B146', 'B464']",2.5,S3,6.3,0,15,15,0.0,,-0.131247,-12.424581,-12.555828,True,False,6,S35,True,2,0.2659,delivery,,,,,,,,,,,,,,,,,,,,,,,,,,,,,,,,,,,,,,,,,,,,,,,,,,,,
50,25,19,35,S3,False,0,15,15,0,0,0,0,0,0,[],0.0,S56,1.31,0,15,15,0.0,,-0.033039,-12.397565,-12.430604,False,False,4,S56,False,0,0.1564,do_nothing,,,,,,,,,,,,,,,,,,,,,,,,,,,,,,,,,,,,,,,,,,,,,,,,,,,,
50,25,19,37,S56,False,0,15,15,0,5,1,0,0,0,"['B71', 'B424', 'B550', 'B628', 'B294']",5.5,S40,3.75,5,15,20,0.0,,-0.131738,-12.468324,-12.600063,True,True,8,S40,False,6,0.2765,pickup+onsite,,,,,,,,,,,,,,,,,,,,,,,,,,,,,,,,,,,,,,,,,,,,,,,,,,,,
50,25,19,46,S40,False,5,15,20,5,0,0,0,0,0,"['B71', 'B424', 'B550', 'B628', 'B294']",2.5,D0,0.66,0,15,15,0.0,,-0.031966,-12.773971,-12.805937,False,False,2,D0,False,1,0.0853,delivery,,,,,,,,,,,,,,,,,,,,,,,,,,,,,,,,,,,,,,,,,,,,,,,,,,,,
50,25,19,49,D0,True,0,15,15,0,0,0,0,15,0,"['B3', 'B411', 'B730', 'B710', 'B722', 'B219', 'B340', 'B602', 'B95', 'B173', 'B26', 'B138', 'B282', 'B201', 'B432']",7.5,D0,0.0,0,0,0,0.0,,-0.09787,-12.738315,-12.836185,True,True,1,D0,False,0,0.0518,do_nothing,,,,,,,,,,,,,,,,,,,,,,,,,,,,,,,,,,,,,,,,,,,,,,,,,,,,
50,26,6,11,D0,True,0,0,0,0,0,0,0,0,8,"['B52', 'B694', 'B465', 'B231', 'B370', 'B427', 'B247', 'B270']",4.0,S36,3.5,8,0,8,0.0,,-0.260918,-13.126423,-13.387341,True,True,1,S36,False,0,0.043,load_queue,,,,,,,,,,,,,,,,,,,,,,,,,,,,,,,,,,,,,,,,,,,,,,,,,,,,
50,26,6,34,S36,False,8,0,8,0,12,0,0,0,0,"['B732', 'B471', 'B297', 'B690', 'B109', 'B615', 'B393', 'B591', 'B751', 'B313', 'B251', 'B77']",6.0,S64,6.77,20,0,20,0.0,,-0.098116,-13.043443,-13.14156,False,False,4,S64,False,2,0.1796,pickup,,,,,,,,,,,,,,,,,,,,,,,,,,,,,,,,,,,,,,,,,,,,,,,,,,,,
50,26,6,47,S64,False,20,0,20,11,0,0,1,0,0,"['B309', 'B52', 'B694', 'B465', 'B231', 'B370', 'B427', 'B247', 'B270', 'B732', 'B471', 'B297']",6.0,S59,1.25,9,1,10,0.0,,-0.129755,-12.951009,-13.080764,True,True,10,S59,False,4,0.4187,delivery+depot_removal,,,,,,,,,,,,,,,,,,,,,,,,,,,,,,,,,,,,,,,,,,,,,,,,,,,,
50,26,6,54,S59,False,9,1,10,0,10,0,0,0,0,"['B316', 'B406', 'B120', 'B701', 'B204', 'B90', 'B290', 'B524', 'B40', 'B197']",5.0,S22,6.26,19,1,20,0.0,,-0.193349,-12.945651,-13.139,True,False,6,S22,False,4,0.2336,pickup,,,,,,,,,,,,,,,,,,,,,,,,,,,,,,,,,,,,,,,,,,,,,,,,,,,,
50,26,7,5,S22,False,19,1,20,16,0,0,1,0,0,"['B116', 'B690', 'B109', 'B615', 'B393', 'B591', 'B751', 'B313', 'B251', 'B77', 'B316', 'B406', 'B120', 'B701', 'B204', 'B90', 'B290']",8.5,S37,7.12,3,2,5,0.0,,-0.031966,-12.834707,-12.866673,True,True,10,S37,False,4,0.3529,delivery+depot_removal,,,,,,,,,,,,,,,,,,,,,,,,,,,,,,,,,,,,,,,,,,,,,,,,,,,,
50,26,7,21,S37,False,3,2,5,0,0,0,0,0,0,[],0.0,S59,1.48,3,2,5,0.0,,-0.096552,-12.932001,-13.028553,False,False,4,S40,True,0,0.1556,do_nothing,,,,,,,,,,,,,,,,,,,,,,,,,,,,,,,,,,,,,,,,,,,,,,,,,,,,
50,26,7,22,S59,False,3,2,5,0,15,0,0,0,0,"['B420', 'B678', 'B69', 'B344', 'B624', 'B331', 'B641', 'B581', 'B59', 'B549', 'B589', 'B446', 'B653', 'B14', 'B187']",7.5,S40,4.5,18,2,20,0.0,,-0.064997,-12.854061,-12.919058,True,False,6,S40,False,4,0.224,pickup,,,,,,,,,,,,,,,,,,,,,,,,,,,,,,,,,,,,,,,,,,,,,,,,,,,,
50,26,7,34,S40,False,18,2,20,0,0,0,0,0,0,[],0.0,S26,5.09,18,2,20,0.0,,0.0,-12.736937,-12.736937,False,False,6,S26,False,0,0.2115,do_nothing,,,,,,,,,,,,,,,,,,,,,,,,,,,,,,,,,,,,,,,,,,,,,,,,,,,,
50,26,7,39,S26,False,18,2,20,14,0,0,0,0,0,"['B524', 'B40', 'B197', 'B420', 'B678', 'B69', 'B344', 'B624', 'B331', 'B641', 'B581', 'B59', 'B549', 'B589']",7.0,S37,7.79,4,2,6,0.0,,-0.096144,-12.855565,-12.951709,False,False,6,S37,True,4,0.2187,delivery,,,,,,,,,,,,,,,,,,,,,,,,,,,,,,,,,,,,,,,,,,,,,,,,,,,,
50,26,7,54,S37,False,4,2,6,0,14,0,0,0,0,"['B490', 'B87', 'B75', 'B103', 'B639', 'B754', 'B584', 'B638', 'B230', 'B712', 'B86', 'B263', 'B461', 'B88']",7.0,S40,3.31,18,2,20,0.0,,-0.160904,-12.921553,-13.082456,False,False,4,S40,False,2,0.1473,pickup,,,,,,,,,,,,,,,,,,,,,,,,,,,,,,,,,,,,,,,,,,,,,,,,,,,,
50,26,8,4,S40,False,18,2,20,11,0,0,0,0,0,"['B446', 'B653', 'B14', 'B187', 'B490', 'B87', 'B75', 'B103', 'B639', 'B754', 'B584']",5.5,S31,3.53,7,2,9,0.0,,-0.258019,-12.819162,-13.077182,False,False,6,S31,False,2,0.2173,delivery,,,,,,,,,,,,,,,,,,,,,,,,,,,,,,,,,,,,,,,,,,,,,,,,,,,,
50,26,8,14,S31,False,7,2,9,0,11,0,0,0,0,"['B149', 'B184', 'B243', 'B631', 'B11', 'B679', 'B626', 'B645', 'B606', 'B391', 'B72']",5.5,S46,5.03,18,2,20,0.0,,-0.128353,-12.975725,-13.104078,False,False,4,S46,False,2,0.149,pickup,,,,,,,,,,,,,,,,,,,,,,,,,,,,,,,,,,,,,,,,,,,,,,,,,,,,
50,26,8,24,S46,False,18,2,20,13,0,0,0,0,0,"['B638', 'B230', 'B712', 'B86', 'B263', 'B461', 'B88', 'B149', 'B184', 'B243', 'B631', 'B11', 'B679']",6.5,S48,3.57,5,2,7,0.0,,-0.193117,-12.851223,-13.04434,False,False,6,S48,False,4,0.2286,delivery,,,,,,,,,,,,,,,,,,,,,,,,,,,,,,,,,,,,,,,,,,,,,,,,,,,,
50,26,8,34,S48,False,5,2,7,0,0,0,1,0,0,['B434'],0.5,S3,4.55,5,3,8,0.0,,-0.097127,-12.806022,-12.903149,True,True,8,S3,True,2,0.2766,do_nothing+depot_removal,,,,,,,,,,,,,,,,,,,,,,,,,,,,,,,,,,,,,,,,,,,,,,,,,,,,
50,26,8,39,S3,False,5,3,8,0,0,0,0,0,0,[],0.0,S48,4.55,5,3,8,0.0,,-0.03221,-12.995108,-13.027319,False,False,4,S48,True,0,0.1416,do_nothing,,,,,,,,,,,,,,,,,,,,,,,,,,,,,,,,,,,,,,,,,,,,,,,,,,,,
50,26,8,44,S48,False,5,3,8,0,0,0,0,0,0,[],0.0,S3,4.55,5,3,8,0.0,,-0.162703,-12.976881,-13.139584,False,False,4,S3,True,0,0.1393,do_nothing,,,,,,,,,,,,,,,,,,,,,,,,,,,,,,,,,,,,,,,,,,,,,,,,,,,,
50,26,8,48,S3,False,5,3,8,0,12,0,0,0,0,"['B544', 'B10', 'B182', 'B578', 'B649', 'B164', 'B168', 'B700', 'B590', 'B378', 'B599', 'B126']",6.0,S48,4.55,17,3,20,0.0,,-0.226893,-12.969203,-13.196095,False,False,4,S48,False,2,0.1512,pickup,,,,,,,,,,,,,,,,,,,,,,,,,,,,,,,,,,,,,,,,,,,,,,,,,,,,
50,26,8,59,S48,False,17,3,20,0,0,0,0,0,0,[],0.0,S19,0.52,17,3,20,0.0,,-0.164532,-13.234121,-13.398653,False,False,4,S19,False,0,0.2178,do_nothing,,,,,,,,,,,,,,,,,,,,,,,,,,,,,,,,,,,,,,,,,,,,,,,,,,,,
50,26,8,59,S19,False,17,3,20,5,0,1,1,0,0,"['B286', 'B626', 'B645', 'B606', 'B391', 'B72']",6.0,S48,0.52,12,4,16,0.0,,-0.356568,-12.951535,-13.308103,True,True,20,S48,False,10,0.787,delivery+maintenance,,,,,,,,,,,,,,,,,,,,,,,,,,,,,,,,,,,,,,,,,,,,,,,,,,,,
50,26,9,6,S48,False,12,4,16,4,0,0,0,0,0,"['B544', 'B10', 'B182', 'B578']",2.0,S15,9.05,8,4,12,0.0,,-0.16221,-13.187938,-13.350148,False,False,6,S15,False,2,0.21,delivery,,,,,,,,,,,,,,,,,,,,,,,,,,,,,,,,,,,,,,,,,,,,,,,,,,,,
50,26,9,17,S15,False,8,4,12,0,0,0,0,0,0,[],0.0,S47,5.64,8,4,12,0.0,,-0.356724,-13.076547,-13.433272,False,False,4,S47,True,0,0.1388,do_nothing,,,,,,,,,,,,,,,,,,,,,,,,,,,,,,,,,,,,,,,,,,,,,,,,,,,,
50,26,9,23,S47,False,8,4,12,0,8,0,0,0,0,"['B213', 'B541', 'B477', 'B514', 'B574', 'B500', 'B577', 'B346']",4.0,S15,5.64,16,4,20,0.0,,-0.551381,-13.36816,-13.919541,False,False,4,S15,False,2,0.1408,pickup,,,,,,,,,,,,,,,,,,,,,,,,,,,,,,,,,,,,,,,,,,,,,,,,,,,,
50,26,9,32,S15,False,16,4,20,16,0,0,0,0,0,"['B649', 'B164', 'B168', 'B700', 'B590', 'B378', 'B599', 'B126', 'B213', 'B541', 'B477', 'B514', 'B574', 'B500', 'B577', 'B346']",8.0,S37,4.99,0,4,4,0.0,,-0.648126,-12.94321,-13.591336,False,False,4,S37,False,2,0.1475,delivery,,,,,,,,,,,,,,,,,,,,,,,,,,,,,,,,,,,,,,,,,,,,,,,,,,,,
50,26,9,45,S37,False,0,4,4,0,0,0,0,0,0,[],0.0,S54,4.98,0,4,4,0.0,,-0.71188,-13.008536,-13.720417,False,False,4,S54,False,0,0.1596,do_nothing,,,,,,,,,,,,,,,,,,,,,,,,,,,,,,,,,,,,,,,,,,,,,,,,,,,,
50,26,9,50,S54,False,0,4,4,0,13,0,0,0,0,"['B327', 'B502', 'B421', 'B162', 'B625', 'B617', 'B484', 'B632', 'B718', 'B178', 'B225', 'B222', 'B345']",6.5,S53,2.46,13,4,17,0.0,,-0.647861,-13.052425,-13.700286,False,False,6,S53,False,4,0.2253,pickup,,,,,,,,,,,,,,,,,,,,,,,,,,,,,,,,,,,,,,,,,,,,,,,,,,,,
50,26,9,59,S53,False,13,4,17,13,0,0,0,0,0,"['B327', 'B502', 'B421', 'B162', 'B625', 'B617', 'B484', 'B632', 'B718', 'B178', 'B225', 'B222', 'B345']",6.5,S37,3.02,0,4,4,0.0,,-0.876713,-13.002719,-13.879432,False,False,4,S42,True,2,0.1464,delivery,,,,,,,,,,,,,,,,,,,,,,,,,,,,,,,,,,,,,,,,,,,,,,,,,,,,
50,26,10,9,S37,False,0,4,4,0,16,0,0,0,0,"['B522', 'B157', 'B323', 'B559', 'B648', 'B85', 'B506', 'B664', 'B582', 'B43', 'B636', 'B53', 'B143', 'B287', 'B518', 'B765']",8.0,S65,5.89,16,4,20,0.0,,-0.748334,-12.930315,-13.678649,False,False,4,S65,False,2,0.1839,pickup,,,,,,,,,,,,,,,,,,,,,,,,,,,,,,,,,,,,,,,,,,,,,,,,,,,,
50,26,10,23,S65,False,16,4,20,16,0,0,0,0,0,"['B522', 'B157', 'B323', 'B559', 'B648', 'B85', 'B506', 'B664', 'B582', 'B43', 'B636', 'B53', 'B143', 'B287', 'B518', 'B765']",8.0,S63,7.4,0,4,4,0.0,,-0.681467,-12.908627,-13.590095,False,False,4,S63,False,2,0.2233,delivery,,,,,,,,,,,,,,,,,,,,,,,,,,,,,,,,,,,,,,,,,,,,,,,,,,,,
50,26,10,38,S63,False,0,4,4,0,16,2,0,0,0,"['B439', 'B458', 'B41', 'B67', 'B385', 'B650', 'B562', 'B665', 'B264', 'B121', 'B727', 'B512', 'B242', 'B608', 'B555', 'B324']",14.0,S12,5.44,16,4,20,0.0,,-1.011963,-13.042022,-14.053985,True,True,12,S12,False,10,0.4425,pickup+onsite,,,,,,,,,,,,,,,,,,,,,,,,,,,,,,,,,,,,,,,,,,,,,,,,,,,,
50,26,10,57,S12,False,16,4,20,16,0,0,0,0,0,"['B439', 'B458', 'B41', 'B67', 'B385', 'B650', 'B562', 'B665', 'B264', 'B121', 'B727', 'B512', 'B242', 'B608', 'B555', 'B324']",8.0,S43,5.09,0,4,4,0.0,,-0.814529,-12.996469,-13.810998,False,False,4,S43,False,2,0.1944,delivery,,,,,,,,,,,,,,,,,,,,,,,,,,,,,,,,,,,,,,,,,,,,,,,,,,,,
50,26,11,10,S43,False,0,4,4,0,16,0,0,0,0,"['B299', 'B658', 'B118', 'B552', 'B640', 'B443', 'B50', 'B127', 'B511', 'B361', 'B410', 'B532', 'B613', 'B60', 'B612', 'B495']",8.0,S29,5.89,16,4,20,0.0,,-0.946535,-12.984198,-13.930733,False,False,6,S29,True,2,0.2188,pickup,,,,,,,,,,,,,,,,,,,,,,,,,,,,,,,,,,,,,,,,,,,,,,,,,,,,
50,26,11,24,S29,False,16,4,20,16,0,0,0,0,0,"['B299', 'B658', 'B118', 'B552', 'B640', 'B443', 'B50', 'B127', 'B511', 'B361', 'B410', 'B532', 'B613', 'B60', 'B612', 'B495']",8.0,S58,6.9,0,4,4,0.0,,-1.108241,-13.061036,-14.169276,False,False,4,S58,False,2,0.1584,delivery,,,,,,,,,,,,,,,,,,,,,,,,,,,,,,,,,,,,,,,,,,,,,,,,,,,,
50,26,11,39,S58,False,0,4,4,0,0,0,0,0,0,[],0.0,S44,1.79,0,4,4,0.0,,-1.40337,-13.053189,-14.456559,False,False,4,S66,True,0,0.1904,do_nothing,,,,,,,,,,,,,,,,,,,,,,,,,,,,,,,,,,,,,,,,,,,,,,,,,,,,
50,26,11,41,S44,False,0,4,4,0,13,0,0,0,0,"['B46', 'B64', 'B761', 'B52', 'B465', 'B370', 'B97', 'B570', 'B666', 'B653', 'B469', 'B416', 'B669']",6.5,S32,3.42,13,4,17,0.0,,-1.202793,-12.929478,-14.13227,False,False,6,S58,True,2,0.2189,pickup,,,,,,,,,,,,,,,,,,,,,,,,,,,,,,,,,,,,,,,,,,,,,,,,,,,,
50,26,11,51,S32,False,13,4,17,12,0,0,0,0,0,"['B46', 'B64', 'B761', 'B52', 'B465', 'B370', 'B97', 'B570', 'B666', 'B653', 'B469', 'B416']",6.0,S58,5.2,1,4,5,0.0,,-0.555297,-12.924672,-13.479969,False,False,6,S58,False,2,0.2319,delivery,,,,,,,,,,,,,,,,,,,,,,,,,,,,,,,,,,,,,,,,,,,,,,,,,,,,
50,26,12,2,S58,False,1,4,5,0,15,0,0,0,0,"['B311', 'B169', 'B619', 'B600', 'B330', 'B36', 'B550', 'B715', 'B695', 'B540', 'B462', 'B244', 'B134', 'B630', 'B657']",7.5,S66,3.52,16,4,20,0.0,,-0.813798,-12.964431,-13.778229,False,False,4,S66,False,2,0.1978,pickup,,,,,,,,,,,,,,,,,,,,,,,,,,,,,,,,,,,,,,,,,,,,,,,,,,,,
50,26,12,13,S66,False,16,4,20,14,0,1,0,0,0,"['B669', 'B311', 'B169', 'B619', 'B600', 'B330', 'B36', 'B550', 'B715', 'B695', 'B540', 'B462', 'B244', 'B134']",10.0,S24,6.55,2,4,6,0.0,,-1.04034,-12.976168,-14.016508,True,True,12,S24,False,10,0.5391,delivery+onsite,,,,,,,,,,,,,,,,,,,,,,,,,,,,,,,,,,,,,,,,,,,,,,,,,,,,
50,26,12,30,S24,False,2,4,6,0,0,0,0,0,0,[],0.0,S42,9.91,2,4,6,0.0,,-1.077035,-13.015651,-14.092686,False,False,4,S40,True,0,0.1452,do_nothing,,,,,,,,,,,,,,,,,,,,,,,,,,,,,,,,,,,,,,,,,,,,,,,,,,,,
50,26,12,40,S42,False,2,4,6,2,0,0,0,0,0,"['B630', 'B657']",1.0,S1,1.19,0,4,4,0.0,,-1.07645,-13.069264,-14.145713,False,False,4,S1,False,2,0.1355,delivery,,,,,,,,,,,,,,,,,,,,,,,,,,,,,,,,,,,,,,,,,,,,,,,,,,,,
50,26,12,42,S1,False,0,4,4,0,0,0,0,0,0,[],0.0,S40,5.32,0,4,4,0.0,,-0.916395,-12.891546,-13.807941,False,False,4,S40,False,0,0.1447,do_nothing,,,,,,,,,,,,,,,,,,,,,,,,,,,,,,,,,,,,,,,,,,,,,,,,,,,,
50,26,12,47,S40,False,0,4,4,0,10,0,0,0,0,"['B639', 'B754', 'B584', 'B446', 'B23', 'B87', 'B435', 'B254', 'B7', 'B232']",5.0,S59,4.5,10,4,14,0.0,,-1.310285,-13.059789,-14.370074,False,False,6,S59,False,4,0.2319,pickup,,,,,,,,,,,,,,,,,,,,,,,,,,,,,,,,,,,,,,,,,,,,,,,,,,,,
50,26,12,57,S59,False,10,4,14,0,6,0,0,0,0,"['B496', 'B705', 'B400', 'B687', 'B210', 'B720']",3.0,S51,5.65,16,4,20,0.0,,-0.749457,-13.079335,-13.828792,True,False,6,S51,False,4,0.237,pickup,,,,,,,,,,,,,,,,,,,,,,,,,,,,,,,,,,,,,,,,,,,,,,,,,,,,
50,26,13,5,S51,False,16,4,20,10,0,0,0,0,0,"['B639', 'B754', 'B584', 'B446', 'B23', 'B87', 'B435', 'B254', 'B7', 'B232']",5.0,S26,11.22,6,4,10,0.0,,-0.973778,-13.136052,-14.10983,False,False,6,S26,True,4,0.2134,delivery,,,,,,,,,,,,,,,,,,,,,,,,,,,,,,,,,,,,,,,,,,,,,,,,,,,,
50,26,13,22,S26,False,6,4,10,6,0,0,0,0,0,"['B496', 'B705', 'B400', 'B687', 'B210', 'B720']",3.0,S10,4.67,0,4,4,0.0,,-1.110333,-13.241166,-14.351499,False,False,4,S10,False,2,0.16,delivery,,,,,,,,,,,,,,,,,,,,,,,,,,,,,,,,,,,,,,,,,,,,,,,,,,,,
50,26,13,29,S10,False,0,4,4,0,11,0,0,0,0,"['B167', 'B505', 'B6', 'B33', 'B246', 'B55', 'B197', 'B338', 'B671', 'B583', 'B76']",5.5,S44,4.83,11,4,15,0.0,,-1.306681,-13.209105,-14.515786,False,False,4,S60,True,2,0.1782,pickup,,,,,,,,,,,,,,,,,,,,,,,,,,,,,,,,,,,,,,,,,,,,,,,,,,,,
50,26,13,40,S44,False,11,4,15,11,0,0,0,0,0,"['B167', 'B505', 'B6', 'B33', 'B246', 'B55', 'B197', 'B338', 'B671', 'B583', 'B76']",5.5,S45,1.28,0,4,4,0.0,,-0.978344,-13.171769,-14.150113,False,False,4,S45,False,2,0.1462,delivery,,,,,,,,,,,,,,,,,,,,,,,,,,,,,,,,,,,,,,,,,,,,,,,,,,,,
50,26,13,46,S45,False,0,4,4,0,7,0,0,0,0,"['B546', 'B25', 'B375', 'B284', 'B610', 'B629', 'B0']",3.5,S60,4.75,7,4,11,0.0,,-0.883181,-13.042263,-13.925443,False,False,6,S60,False,2,0.2527,pickup,,,,,,,,,,,,,,,,,,,,,,,,,,,,,,,,,,,,,,,,,,,,,,,,,,,,
50,26,13,55,S60,False,7,4,11,0,9,0,0,0,0,"['B347', 'B274', 'B402', 'B122', 'B213', 'B104', 'B426', 'B737', 'B404']",4.5,S41,0.87,16,4,20,0.0,,-0.85059,-12.980917,-13.831507,True,False,6,S41,False,4,0.2136,pickup,,,,,,,,,,,,,,,,,,,,,,,,,,,,,,,,,,,,,,,,,,,,,,,,,,,,
50,26,14,0,S41,False,16,4,20,12,0,0,0,0,0,"['B546', 'B25', 'B375', 'B284', 'B610', 'B629', 'B0', 'B347', 'B274', 'B402', 'B122', 'B213']",6.0,S65,2.23,4,4,8,0.0,,-1.014518,-13.033506,-14.048024,False,False,6,S65,False,2,0.2684,delivery,,,,,,,,,,,,,,,,,,,,,,,,,,,,,,,,,,,,,,,,,,,,,,,,,,,,
50,26,14,8,S65,False,4,4,8,4,0,0,1,0,0,"['B584', 'B104', 'B426', 'B737', 'B404']",2.5,S25,6.93,0,5,5,0.0,,-0.785631,-12.961253,-13.746884,True,True,8,S25,False,6,0.3429,delivery+depot_removal,,,,,,,,,,,,,,,,,,,,,,,,,,,,,,,,,,,,,,,,,,,,,,,,,,,,
50,26,14,18,S25,False,0,5,5,0,10,1,0,0,0,"['B216', 'B102', 'B601', 'B572', 'B566', 'B215', 'B111', 'B516', 'B12', 'B68']",8.0,S26,10.38,10,5,15,0.0,,-0.685355,-12.984961,-13.670316,True,True,12,S26,False,10,0.4742,pickup+onsite,,,,,,,,,,,,,,,,,,,,,,,,,,,,,,,,,,,,,,,,,,,,,,,,,,,,
50,26,14,36,S26,False,10,5,15,10,0,0,0,0,0,"['B216', 'B102', 'B601', 'B572', 'B566', 'B215', 'B111', 'B516', 'B12', 'B68']",5.0,S35,6.42,0,5,5,0.0,,-0.782841,-12.820686,-13.603528,False,False,4,S35,False,2,0.2486,delivery,,,,,,,,,,,,,,,,,,,,,,,,,,,,,,,,,,,,,,,,,,,,,,,,,,,,
50,26,14,47,S35,False,0,5,5,0,11,1,2,0,0,"['B190', 'B354', 'B10', 'B501', 'B437', 'B141', 'B656', 'B191', 'B600', 'B717', 'B28', 'B467', 'B0']",9.5,S54,2.91,11,7,18,0.0,,-0.814313,-12.795736,-13.610049,True,True,36,S0,True,34,1.352,pickup+maintenance,,,,,,,,,,,,,,,,,,,,,,,,,,,,,,,,,,,,,,,,,,,,,,,,,,,,
50,26,15,0,S54,False,11,7,18,11,0,0,0,0,0,"['B190', 'B354', 'B10', 'B501', 'B437', 'B141', 'B656', 'B191', 'B600', 'B717', 'B28']",5.5,S33,3.1,0,7,7,0.0,,-0.453524,-12.821627,-13.275151,False,False,6,S15,True,4,0.2383,delivery,,,,,,,,,,,,,,,,,,,,,,,,,,,,,,,,,,,,,,,,,,,,,,,,,,,,
50,26,15,8,S33,False,0,7,7,0,8,1,0,0,0,"['B202', 'B270', 'B200', 'B732', 'B156', 'B108', 'B42', 'B642']",7.0,S45,1.11,8,7,15,0.0,,-1.172982,-12.951088,-14.12407,True,True,12,S59,True,6,0.4766,pickup+onsite,,,,,,,,,,,,,,,,,,,,,,,,,,,,,,,,,,,,,,,,,,,,,,,,,,,,
50,26,15,17,S45,False,8,7,15,0,0,0,0,0,0,[],0.0,S63,1.16,8,7,15,0.0,,-0.913237,-12.901927,-13.815164,False,False,4,S43,True,0,0.1455,do_nothing,,,,,,,,,,,,,,,,,,,,,,,,,,,,,,,,,,,,,,,,,,,,,,,,,,,,
50,26,15,18,S63,False,8,7,15,0,0,0,0,0,0,[],0.0,S45,1.16,8,7,15,0.0,,-0.818683,-12.691379,-13.510062,False,False,4,S43,True,0,0.1455,do_nothing,,,,,,,,,,,,,,,,,,,,,,,,,,,,,,,,,,,,,,,,,,,,,,,,,,,,
50,26,15,19,S45,False,8,7,15,8,0,0,0,0,0,"['B202', 'B270', 'B200', 'B732', 'B156', 'B108', 'B42', 'B642']",4.0,S43,1.8,0,7,7,0.0,,-1.174674,-12.859113,-14.033787,False,False,4,S43,False,2,0.145,delivery,,,,,,,,,,,,,,,,,,,,,,,,,,,,,,,,,,,,,,,,,,,,,,,,,,,,
50,26,15,25,S43,False,0,7,7,0,12,0,0,0,0,"['B267', 'B139', 'B544', 'B428', 'B258', 'B171', 'B40', 'B650', 'B579', 'B71', 'B378', 'B427']",6.0,S63,0.64,12,7,19,0.0,,-1.013026,-12.727543,-13.74057,False,False,6,S59,True,2,0.2298,pickup,,,,,,,,,,,,,,,,,,,,,,,,,,,,,,,,,,,,,,,,,,,,,,,,,,,,
50,26,15,31,S63,False,12,7,19,12,0,0,0,0,0,"['B267', 'B139', 'B544', 'B428', 'B258', 'B171', 'B40', 'B650', 'B579', 'B71', 'B378', 'B427']",6.0,S46,1.02,0,7,7,0.0,,-0.490862,-12.791386,-13.282248,False,False,4,S46,False,2,0.1421,delivery,,,,,,,,,,,,,,,,,,,,,,,,,,,,,,,,,,,,,,,,,,,,,,,,,,,,
50,26,15,38,S46,False,0,7,7,0,0,0,0,0,0,[],0.0,S59,4.24,0,7,7,0.0,,-0.619454,-12.826051,-13.445506,False,False,6,S59,False,0,0.2298,do_nothing,,,,,,,,,,,,,,,,,,,,,,,,,,,,,,,,,,,,,,,,,,,,,,,,,,,,
50,26,15,43,S59,False,0,7,7,0,0,0,1,0,0,['B723'],0.5,S52,2.59,0,8,8,0.0,,-0.81206,-12.786376,-13.598436,True,True,10,S52,False,2,0.3488,do_nothing+depot_removal,,,,,,,,,,,,,,,,,,,,,,,,,,,,,,,,,,,,,,,,,,,,,,,,,,,,
50,26,15,46,S52,False,0,8,8,0,0,0,0,0,0,[],0.0,S59,2.59,0,8,8,0.0,,-0.616712,-12.652646,-13.269358,False,False,6,S15,True,0,0.2083,do_nothing,,,,,,,,,,,,,,,,,,,,,,,,,,,,,,,,,,,,,,,,,,,,,,,,,,,,
50,26,15,48,S59,False,0,8,8,0,0,0,0,0,0,[],0.0,S52,2.59,0,8,8,0.0,,-0.976181,-12.817307,-13.793488,False,False,6,S52,False,0,0.2289,do_nothing,,,,,,,,,,,,,,,,,,,,,,,,,,,,,,,,,,,,,,,,,,,,,,,,,,,,
50,26,15,51,S52,False,0,8,8,0,10,0,0,0,0,"['B65', 'B59', 'B107', 'B573', 'B44', 'B524', 'B183', 'B570', 'B336', 'B157']",5.0,S44,0.83,10,8,18,0.0,,-0.684297,-12.733434,-13.41773,False,False,6,S44,True,4,0.2147,pickup,,,,,,,,,,,,,,,,,,,,,,,,,,,,,,,,,,,,,,,,,,,,,,,,,,,,
50,26,15,57,S44,False,10,8,18,10,0,0,0,0,0,"['B65', 'B59', 'B107', 'B573', 'B44', 'B524', 'B183', 'B570', 'B336', 'B157']",5.0,S40,2.76,0,8,8,0.0,,-0.621032,-12.659356,-13.280387,False,False,4,S40,False,2,0.1789,delivery,,,,,,,,,,,,,,,,,,,,,,,,,,,,,,,,,,,,,,,,,,,,,,,,,,,,
50,26,16,4,S40,False,0,8,8,0,7,1,0,0,0,"['B619', 'B27', 'B668', 'B83', 'B223', 'B229', 'B7']",6.5,S27,2.68,7,8,15,0.0,,-0.327496,-12.565109,-12.892606,True,True,12,S48,True,6,0.4263,pickup+onsite,,,,,,,,,,,,,,,,,,,,,,,,,,,,,,,,,,,,,,,,,,,,,,,,,,,,
50,26,16,14,S27,False,7,8,15,7,0,0,0,0,0,"['B619', 'B27', 'B668', 'B83', 'B223', 'B229', 'B7']",3.5,S48,8.86,0,8,8,0.0,,-0.522165,-12.574989,-13.097154,False,False,4,S48,False,2,0.1443,delivery,,,,,,,,,,,,,,,,,,,,,,,,,,,,,,,,,,,,,,,,,,,,,,,,,,,,
50,26,16,26,S48,False,0,8,8,0,11,0,0,0,0,"['B628', 'B498', 'B394', 'B234', 'B163', 'B175', 'B251', 'B718', 'B162', 'B317', 'B493']",5.5,S3,4.55,11,8,19,0.0,,-0.421309,-12.608806,-13.030116,False,False,6,S51,True,4,0.1996,pickup,,,,,,,,,,,,,,,,,,,,,,,,,,,,,,,,,,,,,,,,,,,,,,,,,,,,
50,26,16,36,S3,False,11,8,19,11,0,0,0,0,0,"['B628', 'B498', 'B394', 'B234', 'B163', 'B175', 'B251', 'B718', 'B162', 'B317', 'B493']",5.5,S51,4.7,0,8,8,0.0,,-0.620602,-12.825665,-13.446267,False,False,4,S51,False,2,0.1878,delivery,,,,,,,,,,,,,,,,,,,,,,,,,,,,,,,,,,,,,,,,,,,,,,,,,,,,
50,26,16,46,S51,False,0,8,8,0,12,0,0,0,0,"['B281', 'B556', 'B103', 'B748', 'B528', 'B547', 'B574', 'B303', 'B483', 'B465', 'B226', 'B489']",6.0,S55,5.48,12,8,20,0.0,,-0.581288,-12.904665,-13.485954,False,False,4,S55,False,2,0.1878,pickup,,,,,,,,,,,,,,,,,,,,,,,,,,,,,,,,,,,,,,,,,,,,,,,,,,,,
50,26,16,58,S55,False,12,8,20,12,0,0,2,0,0,"['B208', 'B372', 'B281', 'B556', 'B103', 'B748', 'B528', 'B547', 'B574', 'B303', 'B483', 'B465', 'B226', 'B489']",7.0,S30,7.99,0,10,10,0.0,,-0.883353,-12.846144,-13.729497,True,True,14,S54,True,12,0.4979,delivery+depot_removal,,,,,,,,,,,,,,,,,,,,,,,,,,,,,,,,,,,,,,,,,,,,,,,,,,,,
50,26,17,13,S30,False,0,10,10,0,9,0,0,0,0,"['B329', 'B592', 'B306', 'B517', 'B271', 'B339', 'B18', 'B79', 'B259']",4.5,S54,7.41,9,10,19,0.0,,-0.295115,-12.676423,-12.971538,False,False,6,S54,False,4,0.2068,pickup,,,,,,,,,,,,,,,,,,,,,,,,,,,,,,,,,,,,,,,,,,,,,,,,,,,,
50,26,17,25,S54,False,9,10,19,9,0,0,0,0,0,"['B329', 'B592', 'B306', 'B517', 'B271', 'B339', 'B18', 'B79', 'B259']",4.5,S38,6.91,0,10,10,0.0,,-0.525459,-12.637319,-13.162779,False,False,4,S38,False,2,0.1413,delivery,,,,,,,,,,,,,,,,,,,,,,,,,,,,,,,,,,,,,,,,,,,,,,,,,,,,
50,26,17,36,S38,False,0,10,10,0,0,0,1,0,0,['B113'],0.5,S16,3.2,0,11,11,0.0,,-0.429182,-12.734953,-13.164135,True,True,6,S16,False,2,0.209,do_nothing+depot_removal,,,,,,,,,,,,,,,,,,,,,,,,,,,,,,,,,,,,,,,,,,,,,,,,,,,,
50,26,17,40,S16,False,0,11,11,0,9,0,0,0,0,"['B518', 'B193', 'B644', 'B287', 'B646', 'B64', 'B672', 'B617', 'B760']",4.5,S29,5.41,9,11,20,0.0,,-0.261004,-12.691426,-12.95243,False,False,4,S29,False,2,0.1326,pickup,,,,,,,,,,,,,,,,,,,,,,,,,,,,,,,,,,,,,,,,,,,,,,,,,,,,
50,26,17,50,S29,False,9,11,20,0,0,0,0,0,0,[],0.0,S10,0.66,9,11,20,0.0,,-0.358216,-12.713092,-13.071308,False,False,4,S10,False,0,0.1441,do_nothing,,,,,,,,,,,,,,,,,,,,,,,,,,,,,,,,,,,,,,,,,,,,,,,,,,,,
50,26,17,50,S10,False,9,11,20,9,0,0,0,0,0,"['B518', 'B193', 'B644', 'B287', 'B646', 'B64', 'B672', 'B617', 'B760']",4.5,S38,7.56,0,11,11,0.0,,-0.327306,-12.690793,-13.018099,False,False,4,S38,False,2,0.1417,delivery,,,,,,,,,,,,,,,,,,,,,,,,,,,,,,,,,,,,,,,,,,,,,,,,,,,,
50,26,18,2,S38,False,0,11,11,0,9,0,0,0,0,"['B553', 'B422', 'B8', 'B388', 'B235', 'B137', 'B279', 'B403', 'B110']",4.5,S17,10.94,9,11,20,0.0,,-0.261079,-12.648025,-12.909105,False,False,4,S17,False,2,0.1418,pickup,,,,,,,,,,,,,,,,,,,,,,,,,,,,,,,,,,,,,,,,,,,,,,,,,,,,
50,26,18,18,S17,False,9,11,20,9,0,0,1,0,0,"['B474', 'B553', 'B422', 'B8', 'B388', 'B235', 'B137', 'B279', 'B403', 'B110']",5.0,S12,15.22,0,12,12,0.0,,-0.098698,-12.4937,-12.592399,True,True,6,S12,False,4,0.2069,delivery+depot_removal,,,,,,,,,,,,,,,,,,,,,,,,,,,,,,,,,,,,,,,,,,,,,,,,,,,,
50,26,18,38,S12,False,0,12,12,0,8,0,0,0,0,"['B555', 'B324', 'B713', 'B283', 'B204', 'B277', 'B541', 'B515']",4.0,S27,10.31,8,12,20,0.0,,-0.427511,-12.418484,-12.845995,False,False,4,S62,True,2,0.1342,pickup,,,,,,,,,,,,,,,,,,,,,,,,,,,,,,,,,,,,,,,,,,,,,,,,,,,,
50,26,18,52,S27,False,8,12,20,8,0,0,0,0,0,"['B555', 'B324', 'B713', 'B283', 'B204', 'B277', 'B541', 'B515']",4.0,S62,2.6,0,12,12,0.0,,-0.455856,-12.453607,-12.909463,False,False,4,S24,True,2,0.1333,delivery,,,,,,,,,,,,,,,,,,,,,,,,,,,,,,,,,,,,,,,,,,,,,,,,,,,,
50,26,18,59,S62,False,0,12,12,0,0,0,0,0,0,[],0.0,S33,0.92,0,12,12,0.0,,-0.196244,-12.501429,-12.697673,False,False,4,S24,True,0,0.1351,do_nothing,,,,,,,,,,,,,,,,,,,,,,,,,,,,,,,,,,,,,,,,,,,,,,,,,,,,
50,26,19,0,S33,False,0,12,12,0,8,0,0,0,0,"['B763', 'B233', 'B478', 'B395', 'B311', 'B218', 'B149', 'B453']",4.0,S24,8.48,8,12,20,0.0,,-0.327575,-12.517883,-12.845457,False,False,4,S13,True,2,0.1439,pickup,,,,,,,,,,,,,,,,,,,,,,,,,,,,,,,,,,,,,,,,,,,,,,,,,,,,
50,26,19,12,S24,False,8,12,20,8,0,0,0,0,0,"['B763', 'B233', 'B478', 'B395', 'B311', 'B218', 'B149', 'B453']",4.0,S13,9.21,0,12,12,0.0,,-0.096714,-12.486163,-12.582877,False,False,4,S13,False,2,0.1423,delivery,,,,,,,,,,,,,,,,,,,,,,,,,,,,,,,,,,,,,,,,,,,,,,,,,,,,
50,26,19,26,S13,False,0,12,12,0,8,0,0,0,0,"['B291', 'B491', 'B195', 'B531', 'B582', 'B477', 'B41', 'B308']",4.0,S61,9.58,8,12,20,0.0,,-0.453926,-12.469605,-12.923531,True,False,6,S7,True,4,0.2346,pickup,,,,,,,,,,,,,,,,,,,,,,,,,,,,,,,,,,,,,,,,,,,,,,,,,,,,
50,26,19,39,S61,False,8,12,20,0,0,1,0,0,0,[],3.0,S43,3.44,8,12,20,0.0,,-0.323841,-12.596042,-12.919883,True,True,8,S43,False,2,0.3435,do_nothing+onsite,,,,,,,,,,,,,,,,,,,,,,,,,,,,,,,,,,,,,,,,,,,,,,,,,,,,
50,26,19,46,S43,False,8,12,20,8,0,1,0,0,0,"['B291', 'B491', 'B195', 'B531', 'B582', 'B477', 'B41', 'B308']",7.0,D0,2.15,0,12,12,0.0,,-0.195754,-12.776508,-12.972262,True,True,4,D0,False,3,0.1699,delivery+onsite,,,,,,,,,,,,,,,,,,,,,,,,,,,,,,,,,,,,,,,,,,,,,,,,,,,,
50,26,19,55,D0,True,0,12,12,0,0,0,0,12,15,"['B3', 'B411', 'B730', 'B710', 'B722', 'B219', 'B340', 'B602', 'B95', 'B173', 'B26', 'B138', 'B282', 'B201', 'B432', 'B309', 'B116', 'B434', 'B286', 'B584', 'B467', 'B0', 'B723', 'B208', 'B372', 'B113', 'B474']",13.5,D0,0.0,15,0,15,0.0,,-0.194262,-12.591059,-12.78532,True,True,1,D0,False,0,0.0553,do_nothing,,,,,,,,,,,,,,,,,,,,,,,,,,,,,,,,,,,,,,,,,,,,,,,,,,,,
50,27,6,8,D0,True,15,0,15,0,0,0,0,0,0,[],0.0,S66,1.4,15,0,15,0.0,,-0.130008,-12.999545,-13.129553,True,True,1,S66,False,0,0.0446,depot_passthrough,,,,,,,,,,,,,,,,,,,,,,,,,,,,,,,,,,,,,,,,,,,,,,,,,,,,
50,27,6,25,S66,False,15,0,15,0,5,0,0,0,0,"['B80', 'B254', 'B605', 'B671', 'B135']",2.5,S61,1.13,20,0,20,0.0,,-0.225891,-13.058051,-13.283942,False,False,4,S61,False,2,0.1446,pickup,,,,,,,,,,,,,,,,,,,,,,,,,,,,,,,,,,,,,,,,,,,,,,,,,,,,
50,27,6,28,S61,False,20,0,20,12,0,0,0,0,0,"['B3', 'B411', 'B730', 'B710', 'B722', 'B219', 'B340', 'B602', 'B95', 'B173', 'B26', 'B138']",6.0,S59,2.35,8,0,8,0.0,,0.0,-13.009996,-13.009996,False,False,6,S59,False,2,0.2589,delivery,,,,,,,,,,,,,,,,,,,,,,,,,,,,,,,,,,,,,,,,,,,,,,,,,,,,
50,27,6,37,S59,False,8,0,8,0,0,0,0,0,0,[],0.0,S51,5.65,8,0,8,0.0,,-0.032292,-12.52079,-12.553082,False,False,4,S23,True,0,0.1898,do_nothing,,,,,,,,,,,,,,,,,,,,,,,,,,,,,,,,,,,,,,,,,,,,,,,,,,,,
50,27,6,42,S51,False,8,0,8,0,12,0,0,0,0,"['B668', 'B684', 'B359', 'B239', 'B746', 'B331', 'B571', 'B105', 'B78', 'B333', 'B506', 'B107']",6.0,S23,11.83,20,0,20,0.0,,-0.259755,-12.619589,-12.879344,False,False,4,S23,False,2,0.2507,pickup,,,,,,,,,,,,,,,,,,,,,,,,,,,,,,,,,,,,,,,,,,,,,,,,,,,,
50,27,7,0,S23,False,20,0,20,7,0,1,2,0,0,"['B94', 'B756', 'B282', 'B201', 'B432', 'B80', 'B254', 'B605', 'B671']",7.5,S59,6.18,13,2,15,0.0,,-0.129993,-12.548352,-12.678344,True,True,28,S59,False,26,0.9936,delivery+maintenance,,,,,,,,,,,,,,,,,,,,,,,,,,,,,,,,,,,,,,,,,,,,,,,,,,,,
50,27,7,14,S59,False,13,2,15,0,5,0,0,0,0,"['B289', 'B358', 'B63', 'B542', 'B220']",2.5,S30,3.9,18,2,20,0.0,,-0.098455,-12.644388,-12.742843,False,False,4,S30,False,2,0.1458,pickup,,,,,,,,,,,,,,,,,,,,,,,,,,,,,,,,,,,,,,,,,,,,,,,,,,,,
50,27,7,20,S30,False,18,2,20,10,0,0,0,0,0,"['B135', 'B668', 'B684', 'B359', 'B239', 'B746', 'B331', 'B571', 'B105', 'B78']",5.0,S65,1.33,8,2,10,0.0,,-0.097372,-12.595951,-12.693323,False,False,6,S65,False,2,0.2104,delivery,,,,,,,,,,,,,,,,,,,,,,,,,,,,,,,,,,,,,,,,,,,,,,,,,,,,
50,27,7,26,S65,False,8,2,10,8,0,0,0,0,0,"['B333', 'B506', 'B107', 'B289', 'B358', 'B63', 'B542', 'B220']",4.0,S59,5.18,0,2,2,0.0,,-0.032457,-12.456782,-12.489239,False,False,4,S59,False,2,0.1383,delivery,,,,,,,,,,,,,,,,,,,,,,,,,,,,,,,,,,,,,,,,,,,,,,,,,,,,
50,27,7,36,S59,False,0,2,2,0,18,0,0,0,0,"['B225', 'B712', 'B470', 'B669', 'B75', 'B158', 'B293', 'B17', 'B126', 'B367', 'B735', 'B122', 'B423', 'B535', 'B325', 'B457', 'B593', 'B724']",9.0,S16,2.92,18,2,20,0.0,,-0.033039,-12.107395,-12.140433,False,False,4,S16,False,2,0.1429,pickup,,,,,,,,,,,,,,,,,,,,,,,,,,,,,,,,,,,,,,,,,,,,,,,,,,,,
50,27,7,48,S16,False,18,2,20,9,0,0,0,0,0,"['B225', 'B712', 'B470', 'B669', 'B75', 'B158', 'B293', 'B17', 'B126']",4.5,S62,2.41,9,2,11,0.0,,-0.195169,-11.997908,-12.193077,False,False,6,S62,False,2,0.2161,delivery,,,,,,,,,,,,,,,,,,,,,,,,,,,,,,,,,,,,,,,,,,,,,,,,,,,,
50,27,7,54,S62,False,9,2,11,0,9,0,0,0,0,"['B591', 'B202', 'B407', 'B227', 'B416', 'B99', 'B82', 'B656', 'B413']",4.5,S35,5.61,18,2,20,0.0,,-0.194344,-12.020346,-12.21469,False,False,4,S35,False,2,0.1445,pickup,,,,,,,,,,,,,,,,,,,,,,,,,,,,,,,,,,,,,,,,,,,,,,,,,,,,
50,27,8,5,S35,False,18,2,20,12,0,0,0,0,0,"['B367', 'B735', 'B122', 'B423', 'B535', 'B325', 'B457', 'B593', 'B724', 'B591', 'B202', 'B407']",6.0,S50,1.61,6,2,8,0.0,,-0.293207,-12.100323,-12.39353,False,False,6,S50,False,2,0.2104,delivery,,,,,,,,,,,,,,,,,,,,,,,,,,,,,,,,,,,,,,,,,,,,,,,,,,,,
50,27,8,12,S50,False,6,2,8,0,0,0,0,0,0,[],0.0,S61,6.8,6,2,8,0.0,,-0.128681,-11.93746,-12.066142,False,False,4,S61,False,0,0.1516,do_nothing,,,,,,,,,,,,,,,,,,,,,,,,,,,,,,,,,,,,,,,,,,,,,,,,,,,,
50,27,8,19,S61,False,6,2,8,0,9,0,0,0,0,"['B37', 'B3', 'B411', 'B730', 'B710', 'B722', 'B219', 'B340', 'B602']",4.5,S34,4.15,15,2,17,0.0,,-0.097623,-11.861361,-11.958985,False,False,6,S34,False,4,0.2183,pickup,,,,,,,,,,,,,,,,,,,,,,,,,,,,,,,,,,,,,,,,,,,,,,,,,,,,
50,27,8,28,S34,False,15,2,17,0,0,0,0,0,0,[],0.0,S29,2.43,15,2,17,0.0,,-0.097215,-11.962781,-12.059996,False,False,6,S18,True,0,0.2123,do_nothing,,,,,,,,,,,,,,,,,,,,,,,,,,,,,,,,,,,,,,,,,,,,,,,,,,,,
50,27,8,30,S29,False,15,2,17,8,0,0,0,0,0,"['B227', 'B416', 'B99', 'B82', 'B656', 'B413', 'B37', 'B3']",4.0,S50,1.29,7,2,9,0.0,,-0.097867,-12.189429,-12.287297,False,False,6,S50,False,2,0.2182,delivery,,,,,,,,,,,,,,,,,,,,,,,,,,,,,,,,,,,,,,,,,,,,,,,,,,,,
50,27,8,35,S50,False,7,2,9,0,0,0,0,0,0,[],0.0,D0,3.06,7,2,9,0.0,,-0.228314,-12.109638,-12.337952,False,False,4,S18,True,1,0.1425,do_nothing,,,,,,,,,,,,,,,,,,,,,,,,,,,,,,,,,,,,,,,,,,,,,,,,,,,,
50,27,8,38,D0,True,7,2,9,0,0,0,0,2,0,"['B94', 'B756']",1.0,S18,1.79,7,0,7,0.0,,-0.098045,-12.341888,-12.439933,True,True,1,S18,False,0,0.0421,depot_passthrough,,,,,,,,,,,,,,,,,,,,,,,,,,,,,,,,,,,,,,,,,,,,,,,,,,,,
50,27,8,56,S18,False,7,0,7,0,0,0,0,0,0,[],0.0,S44,2.71,7,0,7,0.0,,-0.131249,-12.193483,-12.324732,False,False,4,S34,True,0,0.1805,do_nothing,,,,,,,,,,,,,,,,,,,,,,,,,,,,,,,,,,,,,,,,,,,,,,,,,,,,
50,27,8,59,S44,False,7,0,7,0,0,1,0,0,0,[],3.0,S63,0.47,7,0,7,0.0,,-0.06542,-12.166939,-12.232359,True,True,8,S34,True,2,0.3071,do_nothing+onsite,,,,,,,,,,,,,,,,,,,,,,,,,,,,,,,,,,,,,,,,,,,,,,,,,,,,
50,27,9,2,S63,False,7,0,7,0,0,0,0,0,0,[],0.0,S34,5.11,7,0,7,0.0,,0.0,-12.210018,-12.210018,False,False,6,S34,False,0,0.2196,do_nothing,,,,,,,,,,,,,,,,,,,,,,,,,,,,,,,,,,,,,,,,,,,,,,,,,,,,
50,27,9,7,S34,False,7,0,7,7,0,0,0,0,0,"['B411', 'B730', 'B710', 'B722', 'B219', 'B340', 'B602']",3.5,S0,7.52,0,0,0,0.0,,-0.195172,-12.312036,-12.507208,False,False,4,S0,False,2,0.1396,delivery,,,,,,,,,,,,,,,,,,,,,,,,,,,,,,,,,,,,,,,,,,,,,,,,,,,,
50,27,9,19,S0,False,0,0,0,0,0,0,0,0,0,[],0.0,S31,11.85,0,0,0,0.0,,0.0,-12.361922,-12.361922,False,False,4,S31,False,0,0.2404,do_nothing,,,,,,,,,,,,,,,,,,,,,,,,,,,,,,,,,,,,,,,,,,,,,,,,,,,,
50,27,9,30,S31,False,0,0,0,0,18,0,0,0,0,"['B697', 'B334', 'B255', 'B362', 'B538', 'B561', 'B594', 'B131', 'B539', 'B329', 'B449', 'B118', 'B521', 'B184', 'B767', 'B71', 'B752', 'B155']",9.0,S66,0.38,18,0,18,0.0,,0.0,-12.245943,-12.245943,False,False,6,S66,False,4,0.261,pickup,,,,,,,,,,,,,,,,,,,,,,,,,,,,,,,,,,,,,,,,,,,,,,,,,,,,
50,27,9,40,S66,False,18,0,18,7,0,0,0,0,0,"['B697', 'B334', 'B255', 'B362', 'B538', 'B561', 'B594']",3.5,S30,1.88,11,0,11,0.0,,-0.064585,-12.409139,-12.473724,False,False,6,S30,False,4,0.2238,delivery,,,,,,,,,,,,,,,,,,,,,,,,,,,,,,,,,,,,,,,,,,,,,,,,,,,,
50,27,9,45,S30,False,11,0,11,9,0,0,0,0,0,"['B131', 'B539', 'B329', 'B449', 'B118', 'B521', 'B184', 'B767', 'B71']",4.5,S0,13.32,2,0,2,0.0,,-0.260256,-12.289241,-12.549497,False,False,6,S0,False,2,0.2177,delivery,,,,,,,,,,,,,,,,,,,,,,,,,,,,,,,,,,,,,,,,,,,,,,,,,,,,
50,27,10,3,S0,False,2,0,2,0,10,0,0,0,0,"['B616', 'B430', 'B48', 'B150', 'B509', 'B502', 'B764', 'B256', 'B205', 'B32']",5.0,S12,12.27,12,0,12,0.0,,-0.096389,-12.373069,-12.469458,False,False,6,S12,False,4,0.2113,pickup,,,,,,,,,,,,,,,,,,,,,,,,,,,,,,,,,,,,,,,,,,,,,,,,,,,,
50,27,10,20,S12,False,12,0,12,0,8,0,0,0,0,"['B447', 'B74', 'B758', 'B606', 'B503', 'B563', 'B631', 'B702']",4.0,S61,8.51,20,0,20,0.0,,-0.45585,-12.399443,-12.855293,False,False,4,S61,False,2,0.1449,pickup,,,,,,,,,,,,,,,,,,,,,,,,,,,,,,,,,,,,,,,,,,,,,,,,,,,,
50,27,10,33,S61,False,20,0,20,12,0,0,0,0,0,"['B752', 'B155', 'B616', 'B430', 'B48', 'B150', 'B509', 'B502', 'B764', 'B256', 'B205', 'B32']",6.0,S64,1.43,8,0,8,0.0,,-0.163373,-12.142232,-12.305605,False,False,6,D0,True,4,0.2052,delivery,,,,,,,,,,,,,,,,,,,,,,,,,,,,,,,,,,,,,,,,,,,,,,,,,,,,
50,27,10,40,S64,False,8,0,8,8,0,0,0,0,0,"['B447', 'B74', 'B758', 'B606', 'B503', 'B563', 'B631', 'B702']",4.0,S60,0.95,0,0,0,0.0,,-0.226226,-12.090315,-12.316541,False,False,4,S60,False,2,0.2036,delivery,,,,,,,,,,,,,,,,,,,,,,,,,,,,,,,,,,,,,,,,,,,,,,,,,,,,
50,27,10,45,S60,False,0,0,0,0,0,0,1,0,0,['B466'],0.5,S23,4.55,0,1,1,0.0,,-0.227392,-12.180954,-12.408345,True,True,12,S23,True,2,0.4222,do_nothing+depot_removal,,,,,,,,,,,,,,,,,,,,,,,,,,,,,,,,,,,,,,,,,,,,,,,,,,,,
50,27,10,50,S23,False,0,1,1,0,11,0,0,0,0,"['B240', 'B282', 'B201', 'B432', 'B80', 'B254', 'B605', 'B671', 'B281', 'B547', 'B661']",5.5,S57,13.18,11,1,12,0.0,,-0.258439,-12.258212,-12.516651,False,False,6,S57,False,4,0.2323,pickup,,,,,,,,,,,,,,,,,,,,,,,,,,,,,,,,,,,,,,,,,,,,,,,,,,,,
50,27,11,9,S57,False,11,1,12,0,0,0,0,0,0,[],0.0,S52,6.39,11,1,12,0.0,,-0.163044,-12.346882,-12.509925,False,False,4,S3,True,0,0.1453,do_nothing,,,,,,,,,,,,,,,,,,,,,,,,,,,,,,,,,,,,,,,,,,,,,,,,,,,,
50,27,11,15,S52,False,11,1,12,11,0,0,0,0,0,"['B240', 'B282', 'B201', 'B432', 'B80', 'B254', 'B605', 'B671', 'B281', 'B547', 'B661']",5.5,S39,4.66,0,1,1,0.0,,-0.423043,-12.370505,-12.793549,False,False,6,S39,True,4,0.2075,delivery,,,,,,,,,,,,,,,,,,,,,,,,,,,,,,,,,,,,,,,,,,,,,,,,,,,,
50,27,11,25,S39,False,0,1,1,0,0,0,0,0,0,[],0.0,S37,3.55,0,1,1,0.0,,-0.291294,-12.416553,-12.707848,False,False,4,S37,False,0,0.1852,do_nothing,,,,,,,,,,,,,,,,,,,,,,,,,,,,,,,,,,,,,,,,,,,,,,,,,,,,
50,27,11,29,S37,False,0,1,1,0,15,1,0,0,0,"['B152', 'B611', 'B556', 'B377', 'B103', 'B164', 'B504', 'B633', 'B667', 'B43', 'B321', 'B417', 'B700', 'B590', 'B551']",10.5,S43,1.66,15,1,16,0.0,,-0.226959,-12.328031,-12.554989,True,True,12,D0,True,6,0.4283,pickup+onsite,,,,,,,,,,,,,,,,,,,,,,,,,,,,,,,,,,,,,,,,,,,,,,,,,,,,
50,27,11,41,S43,False,15,1,16,0,0,0,0,0,0,[],0.0,S63,0.64,15,1,16,0.0,,-0.031885,-12.188526,-12.220411,False,False,6,S39,True,0,0.2121,do_nothing,,,,,,,,,,,,,,,,,,,,,,,,,,,,,,,,,,,,,,,,,,,,,,,,,,,,
50,27,11,42,S63,False,15,1,16,9,0,0,0,0,0,"['B152', 'B611', 'B556', 'B377', 'B103', 'B164', 'B504', 'B633', 'B667']",4.5,S43,0.64,6,1,7,0.0,,-0.160157,-12.334215,-12.494371,False,False,6,S43,False,2,0.2144,delivery,,,,,,,,,,,,,,,,,,,,,,,,,,,,,,,,,,,,,,,,,,,,,,,,,,,,
50,27,11,47,S43,False,6,1,7,6,0,0,0,0,0,"['B43', 'B321', 'B417', 'B700', 'B590', 'B551']",3.0,D0,2.15,0,1,1,0.0,,-0.064258,-12.220277,-12.284535,False,False,4,S39,True,3,0.1405,delivery,,,,,,,,,,,,,,,,,,,,,,,,,,,,,,,,,,,,,,,,,,,,,,,,,,,,
50,27,11,52,D0,True,0,1,1,0,0,0,0,1,0,['B466'],0.5,S39,3.37,0,0,0,0.0,,-0.258518,-12.339923,-12.598441,True,True,1,S39,False,0,0.0399,depot_passthrough,,,,,,,,,,,,,,,,,,,,,,,,,,,,,,,,,,,,,,,,,,,,,,,,,,,,
50,27,12,11,S39,False,0,0,0,0,6,0,0,0,0,"['B761', 'B315', 'B305', 'B45', 'B567', 'B382']",3.0,S61,3.98,6,0,6,0.0,,-0.130575,-12.352935,-12.483509,False,False,6,S55,True,2,0.2284,pickup,,,,,,,,,,,,,,,,,,,,,,,,,,,,,,,,,,,,,,,,,,,,,,,,,,,,
50,27,12,18,S61,False,6,0,6,6,0,0,0,0,0,"['B761', 'B315', 'B305', 'B45', 'B567', 'B382']",3.0,S55,5.26,0,0,0,0.0,,-0.129828,-12.380985,-12.510812,False,False,4,S55,False,2,0.1481,delivery,,,,,,,,,,,,,,,,,,,,,,,,,,,,,,,,,,,,,,,,,,,,,,,,,,,,
50,27,12,26,S55,False,0,0,0,0,14,0,0,0,0,"['B544', 'B27', 'B212', 'B209', 'B583', 'B385', 'B79', 'B81', 'B112', 'B139', 'B550', 'B239', 'B183', 'B620']",7.0,S28,14.03,14,0,14,0.0,,-0.260906,-12.291597,-12.552502,False,False,6,S28,False,2,0.2546,pickup,,,,,,,,,,,,,,,,,,,,,,,,,,,,,,,,,,,,,,,,,,,,,,,,,,,,
50,27,12,47,S28,False,14,0,14,14,0,0,1,0,0,"['B245', 'B544', 'B27', 'B212', 'B209', 'B583', 'B385', 'B79', 'B81', 'B112', 'B139', 'B550', 'B239', 'B183', 'B620']",7.5,S13,5.08,0,1,1,0.0,,-0.32443,-12.703672,-13.028102,True,True,8,S13,False,6,0.3727,delivery+depot_removal,,,,,,,,,,,,,,,,,,,,,,,,,,,,,,,,,,,,,,,,,,,,,,,,,,,,
50,27,13,0,S13,False,0,1,1,0,9,0,1,0,0,"['B565', 'B290', 'B484', 'B170', 'B421', 'B38', 'B431', 'B368', 'B571', 'B186']",5.0,S5,1.55,9,2,11,0.0,,-0.196069,-12.589396,-12.785465,True,True,12,S5,False,10,0.9046,pickup+depot_removal,,,,,,,,,,,,,,,,,,,,,,,,,,,,,,,,,,,,,,,,,,,,,,,,,,,,
50,27,13,6,S5,False,9,2,11,0,0,2,1,0,0,['B369'],6.5,S25,2.32,9,3,12,0.0,,-0.097461,-12.615684,-12.713146,True,True,24,S25,True,10,0.8166,do_nothing+maintenance,,,,,,,,,,,,,,,,,,,,,,,,,,,,,,,,,,,,,,,,,,,,,,,,,,,,
50,27,13,15,S25,False,9,3,12,0,8,0,0,0,0,"['B350', 'B86', 'B250', 'B698', 'B418', 'B405', 'B384', 'B297']",4.0,S57,16.69,17,3,20,0.0,,-0.128434,-12.575901,-12.704335,False,False,4,S57,False,2,0.1439,pickup,,,,,,,,,,,,,,,,,,,,,,,,,,,,,,,,,,,,,,,,,,,,,,,,,,,,
50,27,13,36,S57,False,17,3,20,13,0,0,0,0,0,"['B565', 'B290', 'B484', 'B170', 'B421', 'B38', 'B431', 'B368', 'B571', 'B350', 'B86', 'B250', 'B698']",6.5,S15,5.96,4,3,7,0.0,,-0.355558,-12.24603,-12.601589,False,False,6,S15,False,4,0.2194,delivery,,,,,,,,,,,,,,,,,,,,,,,,,,,,,,,,,,,,,,,,,,,,,,,,,,,,
50,27,13,48,S15,False,4,3,7,0,0,0,0,0,0,[],0.0,S61,3.33,4,3,7,0.0,,-0.031966,-12.240438,-12.272404,False,False,4,S61,True,0,0.154,do_nothing,,,,,,,,,,,,,,,,,,,,,,,,,,,,,,,,,,,,,,,,,,,,,,,,,,,,
50,27,13,52,S61,False,4,3,7,0,9,0,0,0,0,"['B408', 'B758', 'B651', 'B424', 'B152', 'B701', 'B732', 'B425', 'B247']",4.5,S15,3.33,13,3,16,0.0,,-0.195324,-12.135535,-12.33086,False,False,6,S15,False,4,0.2037,pickup,,,,,,,,,,,,,,,,,,,,,,,,,,,,,,,,,,,,,,,,,,,,,,,,,,,,
50,27,13,59,S15,False,13,3,16,13,0,0,0,0,0,"['B418', 'B405', 'B384', 'B297', 'B408', 'B758', 'B651', 'B424', 'B152', 'B701', 'B732', 'B425', 'B247']",6.5,S12,10.6,0,3,3,0.0,,-0.129089,-12.365462,-12.494551,False,False,4,S12,False,2,0.1535,delivery,,,,,,,,,,,,,,,,,,,,,,,,,,,,,,,,,,,,,,,,,,,,,,,,,,,,
50,27,14,17,S12,False,0,3,3,0,7,0,0,0,0,"['B459', 'B178', 'B98', 'B29', 'B595', 'B263', 'B695']",3.5,S53,5.94,7,3,10,0.0,,-0.322283,-12.660956,-12.983239,False,False,6,S53,False,2,0.2144,pickup,,,,,,,,,,,,,,,,,,,,,,,,,,,,,,,,,,,,,,,,,,,,,,,,,,,,
50,27,14,26,S53,False,7,3,10,0,10,0,0,0,0,"['B7', 'B90', 'B609', 'B446', 'B77', 'B450', 'B659', 'B683', 'B16', 'B15']",5.0,S46,0.87,17,3,20,0.0,,-0.291158,-12.519089,-12.810247,False,False,4,S46,False,2,0.1515,pickup,,,,,,,,,,,,,,,,,,,,,,,,,,,,,,,,,,,,,,,,,,,,,,,,,,,,
50,27,14,32,S46,False,17,3,20,0,0,0,0,0,0,[],0.0,S8,13.25,17,3,20,0.0,,-0.423028,-12.357216,-12.780244,False,False,6,S8,True,0,0.2719,do_nothing,,,,,,,,,,,,,,,,,,,,,,,,,,,,,,,,,,,,,,,,,,,,,,,,,,,,
50,27,14,45,S8,False,17,3,20,15,0,0,1,0,0,"['B253', 'B459', 'B178', 'B98', 'B29', 'B595', 'B263', 'B695', 'B7', 'B90', 'B609', 'B446', 'B77', 'B450', 'B659', 'B683']",8.0,S22,19.18,2,4,6,0.0,,-0.422213,-12.524851,-12.947063,True,True,10,S22,False,8,0.4424,delivery+depot_removal,,,,,,,,,,,,,,,,,,,,,,,,,,,,,,,,,,,,,,,,,,,,,,,,,,,,
50,27,15,12,S22,False,2,4,6,2,0,1,0,0,0,"['B16', 'B15']",4.0,S36,11.83,0,4,4,0.0,,-0.420881,-12.60973,-13.030611,True,True,8,S36,False,6,0.2773,delivery+onsite,,,,,,,,,,,,,,,,,,,,,,,,,,,,,,,,,,,,,,,,,,,,,,,,,,,,
50,27,15,28,S36,False,0,4,4,0,16,0,0,0,0,"['B230', 'B109', 'B46', 'B97', 'B766', 'B548', 'B627', 'B33', 'B540', 'B740', 'B608', 'B637', 'B628', 'B394', 'B536', 'B619']",8.0,S38,6.19,16,4,20,0.0,,-0.195013,-12.512791,-12.707803,False,False,4,S38,False,2,0.143,pickup,,,,,,,,,,,,,,,,,,,,,,,,,,,,,,,,,,,,,,,,,,,,,,,,,,,,
50,27,15,42,S38,False,16,4,20,16,0,0,0,0,0,"['B230', 'B109', 'B46', 'B97', 'B766', 'B548', 'B627', 'B33', 'B540', 'B740', 'B608', 'B637', 'B628', 'B394', 'B536', 'B619']",8.0,S47,4.38,0,4,4,0.0,,-0.651672,-12.569529,-13.2212,False,False,4,S22,True,2,0.1469,delivery,,,,,,,,,,,,,,,,,,,,,,,,,,,,,,,,,,,,,,,,,,,,,,,,,,,,
50,27,15,55,S47,False,0,4,4,0,16,0,0,0,0,"['B379', 'B714', 'B96', 'B738', 'B355', 'B731', 'B129', 'B438', 'B313', 'B435', 'B154', 'B248', 'B303', 'B444', 'B476', 'B441']",8.0,S22,2.32,16,4,20,0.0,,-0.423385,-12.482111,-12.905496,False,False,4,S53,True,2,0.1532,pickup,,,,,,,,,,,,,,,,,,,,,,,,,,,,,,,,,,,,,,,,,,,,,,,,,,,,
50,27,16,5,S22,False,16,4,20,10,0,0,0,0,0,"['B379', 'B714', 'B96', 'B738', 'B355', 'B731', 'B129', 'B438', 'B313', 'B435']",5.0,S7,2.21,6,4,10,0.0,,-0.420972,-12.541183,-12.962155,False,False,6,S7,False,2,0.2181,delivery,,,,,,,,,,,,,,,,,,,,,,,,,,,,,,,,,,,,,,,,,,,,,,,,,,,,
50,27,16,12,S7,False,6,4,10,0,10,0,0,0,0,"['B22', 'B380', 'B638', 'B124', 'B128', 'B376', 'B396', 'B465', 'B585', 'B668']",5.0,S66,6.64,16,4,20,0.0,,-0.487294,-12.558128,-13.045422,False,False,4,S66,False,2,0.15,pickup,,,,,,,,,,,,,,,,,,,,,,,,,,,,,,,,,,,,,,,,,,,,,,,,,,,,
50,27,16,24,S66,False,16,4,20,13,0,0,0,0,0,"['B154', 'B248', 'B303', 'B444', 'B476', 'B441', 'B22', 'B380', 'B638', 'B124', 'B128', 'B376', 'B396']",6.5,S60,1.23,3,4,7,0.0,,-0.587072,-12.65933,-13.246402,False,False,6,S60,False,4,0.2305,delivery,,,,,,,,,,,,,,,,,,,,,,,,,,,,,,,,,,,,,,,,,,,,,,,,,,,,
50,27,16,32,S60,False,3,4,7,0,0,0,0,0,0,[],0.0,S30,1.77,3,4,7,0.0,,-0.423041,-12.265147,-12.688188,False,False,4,S14,True,0,0.1762,do_nothing,,,,,,,,,,,,,,,,,,,,,,,,,,,,,,,,,,,,,,,,,,,,,,,,,,,,
50,27,16,33,S30,False,3,4,7,0,10,0,0,0,0,"['B329', 'B449', 'B118', 'B521', 'B184', 'B767', 'B71', 'B410', 'B572', 'B577']",5.0,S14,9.96,13,4,17,0.0,,-0.455501,-12.286753,-12.742254,False,False,6,S60,True,4,0.2479,pickup,,,,,,,,,,,,,,,,,,,,,,,,,,,,,,,,,,,,,,,,,,,,,,,,,,,,
50,27,16,48,S14,False,13,4,17,10,0,0,1,0,0,"['B194', 'B465', 'B585', 'B668', 'B329', 'B449', 'B118', 'B521', 'B184', 'B767', 'B71']",5.5,S42,2.87,3,5,8,0.0,,-0.389745,-12.382843,-12.772588,True,True,12,S42,False,6,0.4491,delivery+depot_removal,,,,,,,,,,,,,,,,,,,,,,,,,,,,,,,,,,,,,,,,,,,,,,,,,,,,
50,27,16,57,S42,False,3,5,8,0,12,0,0,0,0,"['B342', 'B727', 'B559', 'B135', 'B334', 'B171', 'B80', 'B254', 'B546', 'B276', 'B75', 'B133']",6.0,S48,9.36,15,5,20,0.0,,-0.587411,-12.329659,-12.91707,False,False,4,S48,False,2,0.1856,pickup,,,,,,,,,,,,,,,,,,,,,,,,,,,,,,,,,,,,,,,,,,,,,,,,,,,,
50,27,17,12,S48,False,15,5,20,6,0,0,0,0,0,"['B410', 'B572', 'B577', 'B342', 'B727', 'B559']",3.0,S51,0.84,9,5,14,0.0,,-0.356738,-12.230705,-12.587443,False,False,6,S51,False,4,0.2191,delivery,,,,,,,,,,,,,,,,,,,,,,,,,,,,,,,,,,,,,,,,,,,,,,,,,,,,
50,27,17,16,S51,False,9,5,14,9,0,0,0,0,0,"['B135', 'B334', 'B171', 'B80', 'B254', 'B546', 'B276', 'B75', 'B133']",4.5,S53,3.97,0,5,5,0.0,,-0.390013,-12.001517,-12.39153,False,False,4,S53,False,2,0.1432,delivery,,,,,,,,,,,,,,,,,,,,,,,,,,,,,,,,,,,,,,,,,,,,,,,,,,,,
50,27,17,24,S53,False,0,5,5,0,15,0,0,0,0,"['B238', 'B531', 'B532', 'B663', 'B189', 'B611', 'B576', 'B693', 'B349', 'B131', 'B726', 'B633', 'B524', 'B345', 'B506']",7.5,S45,0.56,15,5,20,0.0,,-0.555687,-12.12672,-12.682406,False,False,4,S45,False,2,0.1505,pickup,,,,,,,,,,,,,,,,,,,,,,,,,,,,,,,,,,,,,,,,,,,,,,,,,,,,
50,27,17,32,S45,False,15,5,20,0,0,0,0,0,0,[],0.0,S65,7.43,15,5,20,0.0,,-0.263059,-12.44151,-12.704569,True,False,6,S65,True,0,0.2138,do_nothing,,,,,,,,,,,,,,,,,,,,,,,,,,,,,,,,,,,,,,,,,,,,,,,,,,,,
50,27,17,40,S65,False,15,5,20,15,0,0,0,0,0,"['B238', 'B531', 'B532', 'B663', 'B189', 'B611', 'B576', 'B693', 'B349', 'B131', 'B726', 'B633', 'B524', 'B345', 'B506']",7.5,S37,5.89,0,5,5,0.0,,-0.197326,-12.38018,-12.577506,False,False,6,S26,True,4,0.2212,delivery,,,,,,,,,,,,,,,,,,,,,,,,,,,,,,,,,,,,,,,,,,,,,,,,,,,,
50,27,17,53,S37,False,0,5,5,0,15,0,0,0,0,"['B70', 'B45', 'B421', 'B151', 'B669', 'B354', 'B552', 'B517', 'B83', 'B44', 'B226', 'B299', 'B720', 'B368', 'B315']",7.5,S45,2.51,15,5,20,0.0,,-0.227704,-12.386452,-12.614156,False,False,6,S45,True,2,0.2776,pickup,,,,,,,,,,,,,,,,,,,,,,,,,,,,,,,,,,,,,,,,,,,,,,,,,,,,
50,27,18,3,S45,False,15,5,20,4,0,0,1,0,0,"['B457', 'B70', 'B45', 'B421', 'B151']",2.5,S15,4.47,11,6,17,0.0,,-0.097875,-12.358878,-12.456753,True,True,10,S15,False,4,0.3499,delivery+depot_removal,,,,,,,,,,,,,,,,,,,,,,,,,,,,,,,,,,,,,,,,,,,,,,,,,,,,
50,27,18,10,S15,False,11,6,17,0,0,0,0,0,0,[],0.0,S47,5.64,11,6,17,0.0,,-0.291798,-12.400229,-12.692026,False,False,4,S62,True,0,0.1617,do_nothing,,,,,,,,,,,,,,,,,,,,,,,,,,,,,,,,,,,,,,,,,,,,,,,,,,,,
50,27,18,16,S47,False,11,6,17,0,0,0,1,0,0,['B190'],0.5,S15,5.64,11,7,18,0.0,,-0.128516,-12.329986,-12.458502,True,True,8,S23,True,2,0.2666,do_nothing+depot_removal,,,,,,,,,,,,,,,,,,,,,,,,,,,,,,,,,,,,,,,,,,,,,,,,,,,,
50,27,18,22,S15,False,11,7,18,0,0,0,0,0,0,[],0.0,S47,5.64,11,7,18,0.0,,-0.227145,-12.348884,-12.576029,False,False,4,S23,True,0,0.1379,do_nothing,,,,,,,,,,,,,,,,,,,,,,,,,,,,,,,,,,,,,,,,,,,,,,,,,,,,
50,27,18,28,S47,False,11,7,18,0,0,0,0,0,0,[],0.0,S15,5.64,11,7,18,0.0,,-0.098458,-12.303142,-12.4016,False,False,4,S23,True,0,0.1338,do_nothing,,,,,,,,,,,,,,,,,,,,,,,,,,,,,,,,,,,,,,,,,,,,,,,,,,,,
50,27,18,33,S15,False,11,7,18,11,0,0,0,0,0,"['B669', 'B354', 'B552', 'B517', 'B83', 'B44', 'B226', 'B299', 'B720', 'B368', 'B315']",5.5,S62,2.79,0,7,7,0.0,,-0.358551,-12.25996,-12.618511,False,False,4,S62,False,2,0.1476,delivery,,,,,,,,,,,,,,,,,,,,,,,,,,,,,,,,,,,,,,,,,,,,,,,,,,,,
50,27,18,42,S62,False,0,7,7,0,11,0,0,0,0,"['B321', 'B586', 'B406', 'B564', 'B298', 'B670', 'B41', 'B104', 'B215', 'B489', 'B458']",5.5,S47,5.69,11,7,18,0.0,,-0.552717,-12.323784,-12.876501,False,False,6,S47,False,4,0.1986,pickup,,,,,,,,,,,,,,,,,,,,,,,,,,,,,,,,,,,,,,,,,,,,,,,,,,,,
50,27,18,53,S47,False,11,7,18,0,0,0,0,0,0,[],0.0,S42,12.17,11,7,18,0.0,,0.0,-12.294707,-12.294707,False,False,4,S42,False,0,0.1519,do_nothing,,,,,,,,,,,,,,,,,,,,,,,,,,,,,,,,,,,,,,,,,,,,,,,,,,,,
50,27,19,5,S42,False,11,7,18,8,0,0,0,0,0,"['B321', 'B586', 'B406', 'B564', 'B298', 'B670', 'B41', 'B104']",4.0,S1,1.19,3,7,10,0.0,,-0.196335,-12.252314,-12.448649,False,False,6,S1,True,2,0.209,delivery,,,,,,,,,,,,,,,,,,,,,,,,,,,,,,,,,,,,,,,,,,,,,,,,,,,,
50,27,19,10,S1,False,3,7,10,0,10,0,0,0,0,"['B294', 'B145', 'B399', 'B266', 'B61', 'B272', 'B494', 'B508', 'B305', 'B187']",5.0,S47,11.46,13,7,20,0.0,,-0.197159,-12.336977,-12.534136,False,False,4,S47,False,2,0.1399,pickup,,,,,,,,,,,,,,,,,,,,,,,,,,,,,,,,,,,,,,,,,,,,,,,,,,,,
50,27,19,27,S47,False,13,7,20,13,0,0,0,0,0,"['B215', 'B489', 'B458', 'B294', 'B145', 'B399', 'B266', 'B61', 'B272', 'B494', 'B508', 'B305', 'B187']",6.5,S23,2.37,0,7,7,0.0,,-0.098368,-12.395378,-12.493746,False,False,4,S23,False,2,0.1536,delivery,,,,,,,,,,,,,,,,,,,,,,,,,,,,,,,,,,,,,,,,,,,,,,,,,,,,
50,27,19,35,S23,False,0,7,7,0,10,0,0,0,0,"['B412', 'B278', 'B397', 'B622', 'B610', 'B502', 'B673', 'B125', 'B422', 'B328']",5.0,S37,7.3,10,7,17,0.0,,-0.130579,-12.464773,-12.595352,False,False,5,S37,True,3,0.186,pickup,,,,,,,,,,,,,,,,,,,,,,,,,,,,,,,,,,,,,,,,,,,,,,,,,,,,
50,27,19,48,S37,False,10,7,17,10,0,0,0,0,0,"['B412', 'B278', 'B397', 'B622', 'B610', 'B502', 'B673', 'B125', 'B422', 'B328']",5.0,D0,1.72,0,7,7,0.0,,-0.096633,-12.746893,-12.843526,False,False,2,D0,False,1,0.084,delivery,,,,,,,,,,,,,,,,,,,,,,,,,,,,,,,,,,,,,,,,,,,,,,,,,,,,
50,27,19,54,D0,True,0,7,7,0,0,0,0,7,0,"['B245', 'B186', 'B369', 'B253', 'B194', 'B457', 'B190']",3.5,D0,0.0,0,0,0,0.0,,-0.260588,-12.681716,-12.942304,True,True,1,D0,False,0,0.0516,do_nothing,,,,,,,,,,,,,,,,,,,,,,,,,,,,,,,,,,,,,,,,,,,,,,,,,,,,
