seed,day,hour,minute,current_station_id,is_at_depot,functional_load_before,depot_load_before,total_load_before,functional_deliveries,functional_pickups,onsite_repairs,depot_pickups,depot_deliveries,load_from_queue,bikes_involved,action_duration_min,next_station_id,travel_time_min,functional_load_after,depot_load_after,total_load_after,immediate_reward,vfa_value,accumulated_rollout_reward,tail_value,final_decision_score,maintenance_flag_present,selected_action_is_maintenance,n_total_candidates,vfa_top1_next_station,rollout_changed_decision,winning_candidate_rank,decision_runtime_s,winning_profile_type,phi_rebalancing_imbalance,phi_squared_starvation_penalty,phi_squared_congestion_penalty,phi_starvation_severity_max,phi_congestion_severity_max,phi_starvation_count,phi_congestion_count,phi_gross_starvation_risk,phi_gross_congestion_risk,phi_net_starvation_shortfall,phi_net_congestion_shortfall,phi_trailer_cannibalization,phi_global_onsite_backlog,phi_global_depot_backlog,phi_demand_weighted_depot_backlog,phi_demand_weighted_onsite_backlog,phi_fleet_broken_fraction,phi_depot_idle_fraction,phi_recoverable_starvation,phi_maintenance_urgency,phi_rush_hour_onsite_backlog,phi_fleet_failure_risk,phi_fleet_health_deficit,phi_fleet_low_health_fraction,phi_depot_bound_health_deficit,phi_onsite_health_deficit,phi_maintenance_restoration_value,phi_onsite_shortage_pressure,phi_depot_shortage_pressure,phi_current_station_onsite_shortage_pressure,phi_current_station_depot_shortage_pressure,phi_broken_cargo_distance_pressure,phi_late_broken_cargo_pressure,phi_repaired_idle_away_pressure,phi_depot_pipeline_pressure,phi_depot_queue_pickup_opportunity,phi_degradation_demand_exposure,phi_destination_starv_ratio,phi_destination_cong_ratio,phi_destination_onsite_fraction,phi_destination_depot_fraction,phi_destination_travel_penalty,phi_destination_roi_starvation,phi_cur_station_onsite_fraction,phi_cur_station_func_deficit,phi_functional_load_late_pressure,phi_depot_load_late_pressure,phi_non_depot_late_load_pressure,phi_late_depot_return,phi_depot_slack_fraction,phi_can_return_to_depot,phi_depot_return_urgency
50,7,6,0,D0,True,20,0,20,0,0,0,0,0,0,[],0.0,S51,3.91,20,0,20,0.0,,-1.516452,-8.257566,-9.774018,True,True,5,S27,True,4,0.1265,depot_passthrough,,,,,,,,,,,,,,,,,,,,,,,,,,,,,,,,,,,,,,,,,,,,,,,,,,,,
50,7,6,19,S51,False,20,0,20,16,0,0,0,0,0,"['B206', 'B695', 'B73', 'B424', 'B359', 'B247', 'B423', 'B537', 'B132', 'B200', 'B625', 'B746', 'B111', 'B275', 'B413', 'B415']",8.0,S63,3.43,4,0,4,0.0,,-1.024911,-8.333949,-9.358861,False,False,18,S26,True,7,0.473,delivery,,,,,,,,,,,,,,,,,,,,,,,,,,,,,,,,,,,,,,,,,,,,,,,,,,,,
50,7,6,30,S63,False,4,0,4,0,13,0,0,0,0,"['B390', 'B600', 'B350', 'B725', 'B299', 'B79', 'B14', 'B727', 'B407', 'B606', 'B254', 'B311', 'B487']",6.5,S66,4.37,17,0,17,0.0,,-1.107215,-8.236286,-9.343501,True,False,30,S40,True,20,0.6999,pickup,,,,,,,,,,,,,,,,,,,,,,,,,,,,,,,,,,,,,,,,,,,,,,,,,,,,
50,7,6,41,S66,False,17,0,17,17,0,0,0,0,0,"['B544', 'B595', 'B63', 'B433', 'B390', 'B600', 'B350', 'B725', 'B299', 'B79', 'B14', 'B727', 'B407', 'B606', 'B254', 'B311', 'B487']",8.5,S59,2.96,0,0,0,0.0,,-0.850514,-8.161354,-9.011868,False,False,12,S50,True,6,0.3842,delivery,,,,,,,,,,,,,,,,,,,,,,,,,,,,,,,,,,,,,,,,,,,,,,,,,,,,
50,7,6,52,S59,False,0,0,0,0,19,0,0,0,0,"['B649', 'B285', 'B462', 'B621', 'B428', 'B708', 'B598', 'B601', 'B368', 'B309', 'B136', 'B203', 'B64', 'B122', 'B245', 'B603', 'B589', 'B251', 'B635']",9.5,S65,5.18,19,0,19,0.0,,-0.828841,-8.273678,-9.102519,False,False,18,S39,True,13,0.6337,pickup,,,,,,,,,,,,,,,,,,,,,,,,,,,,,,,,,,,,,,,,,,,,,,,,,,,,
50,7,7,7,S65,False,19,0,19,17,0,0,0,0,0,"['B649', 'B285', 'B462', 'B621', 'B428', 'B708', 'B598', 'B601', 'B368', 'B309', 'B136', 'B203', 'B64', 'B122', 'B245', 'B603', 'B589']",8.5,S52,6.18,2,0,2,0.0,,-0.905782,-8.258852,-9.164634,False,False,18,S27,True,8,0.4577,delivery,,,,,,,,,,,,,,,,,,,,,,,,,,,,,,,,,,,,,,,,,,,,,,,,,,,,
50,7,7,22,S52,False,2,0,2,0,14,0,0,0,0,"['B662', 'B216', 'B438', 'B210', 'B237', 'B144', 'B17', 'B396', 'B250', 'B666', 'B241', 'B22', 'B388', 'B671']",7.0,S34,4.35,16,0,16,0.0,,-0.669397,-8.213625,-8.883023,False,False,18,S27,True,15,0.458,pickup,,,,,,,,,,,,,,,,,,,,,,,,,,,,,,,,,,,,,,,,,,,,,,,,,,,,
50,7,7,33,S34,False,16,0,16,15,0,0,0,0,0,"['B251', 'B635', 'B662', 'B216', 'B438', 'B210', 'B237', 'B144', 'B17', 'B396', 'B250', 'B666', 'B241', 'B22', 'B388']",7.5,S35,4.29,1,0,1,0.0,,-0.888267,-8.16691,-9.055176,False,False,18,S35,False,15,0.4567,delivery,,,,,,,,,,,,,,,,,,,,,,,,,,,,,,,,,,,,,,,,,,,,,,,,,,,,
50,7,7,45,S35,False,1,0,1,0,15,1,0,0,0,"['B39', 'B287', 'B201', 'B609', 'B71', 'B86', 'B401', 'B732', 'B152', 'B344', 'B665', 'B549', 'B379', 'B565', 'B280']",10.5,S26,6.42,16,0,16,0.0,,-0.749843,-8.192907,-8.94275,True,True,36,S39,True,18,1.0865,pickup+onsite,,,,,,,,,,,,,,,,,,,,,,,,,,,,,,,,,,,,,,,,,,,,,,,,,,,,
50,7,8,2,S26,False,16,0,16,16,0,0,0,0,0,"['B671', 'B39', 'B287', 'B201', 'B609', 'B71', 'B86', 'B401', 'B732', 'B152', 'B344', 'B665', 'B549', 'B379', 'B565', 'B280']",8.0,S37,7.79,0,0,0,0.0,,-0.373402,-8.132876,-8.506278,False,False,18,S57,True,6,0.4156,delivery,,,,,,,,,,,,,,,,,,,,,,,,,,,,,,,,,,,,,,,,,,,,,,,,,,,,
50,7,8,18,S37,False,0,0,0,0,20,0,0,0,0,"['B402', 'B720', 'B476', 'B450', 'B184', 'B446', 'B453', 'B688', 'B95', 'B557', 'B123', 'B252', 'B93', 'B395', 'B464', 'B660', 'B213', 'B228', 'B283', 'B313']",10.0,S27,4.19,20,0,20,0.0,,-0.529827,-8.121186,-8.651013,False,False,12,S27,False,6,0.328,pickup,,,,,,,,,,,,,,,,,,,,,,,,,,,,,,,,,,,,,,,,,,,,,,,,,,,,
50,7,8,32,S27,False,20,0,20,15,0,0,0,0,0,"['B402', 'B720', 'B476', 'B450', 'B184', 'B446', 'B453', 'B688', 'B95', 'B557', 'B123', 'B252', 'B93', 'B395', 'B464']",7.5,S40,2.68,5,0,5,0.0,,-0.843867,-8.156866,-9.000732,False,False,18,S40,False,13,0.4495,delivery,,,,,,,,,,,,,,,,,,,,,,,,,,,,,,,,,,,,,,,,,,,,,,,,,,,,
50,7,8,42,S40,False,5,0,5,5,0,0,0,0,0,"['B660', 'B213', 'B228', 'B283', 'B313']",2.5,S57,4.79,0,0,0,0.0,,-0.746588,-8.103219,-8.849807,False,False,12,S57,False,7,0.2903,delivery,,,,,,,,,,,,,,,,,,,,,,,,,,,,,,,,,,,,,,,,,,,,,,,,,,,,
50,7,8,49,S57,False,0,0,0,0,17,0,0,0,0,"['B51', 'B46', 'B58', 'B45', 'B430', 'B301', 'B763', 'B501', 'B296', 'B668', 'B43', 'B677', 'B721', 'B182', 'B478', 'B233', 'B246']",8.5,S35,0.73,17,0,17,0.0,,-0.708034,-7.974573,-8.682608,False,False,18,S49,True,12,0.4483,pickup,,,,,,,,,,,,,,,,,,,,,,,,,,,,,,,,,,,,,,,,,,,,,,,,,,,,
50,7,8,58,S35,False,17,0,17,15,0,0,0,0,0,"['B51', 'B46', 'B58', 'B45', 'B430', 'B301', 'B763', 'B501', 'B296', 'B668', 'B43', 'B677', 'B721', 'B182', 'B478']",7.5,S54,2.91,2,0,2,0.0,,-0.589955,-8.02334,-8.613294,False,False,18,S10,True,16,0.5462,delivery,,,,,,,,,,,,,,,,,,,,,,,,,,,,,,,,,,,,,,,,,,,,,,,,,,,,
50,7,9,9,S54,False,2,0,2,0,9,0,0,0,0,"['B577', 'B78', 'B663', 'B741', 'B234', 'B56', 'B586', 'B532', 'B620']",4.5,S22,9.78,11,0,11,0.0,,-0.730118,-8.070037,-8.800155,False,False,18,S39,True,15,0.4612,pickup,,,,,,,,,,,,,,,,,,,,,,,,,,,,,,,,,,,,,,,,,,,,,,,,,,,,
50,7,9,23,S22,False,11,0,11,11,0,0,0,0,0,"['B233', 'B246', 'B577', 'B78', 'B663', 'B741', 'B234', 'B56', 'B586', 'B532', 'B620']",5.5,S39,5.77,0,0,0,0.0,,-0.789089,-8.000946,-8.790035,False,False,12,S39,False,6,0.3362,delivery,,,,,,,,,,,,,,,,,,,,,,,,,,,,,,,,,,,,,,,,,,,,,,,,,,,,
50,7,9,34,S39,False,0,0,0,0,20,0,0,0,0,"['B556', 'B160', 'B578', 'B170', 'B526', 'B0', 'B80', 'B31', 'B724', 'B761', 'B567', 'B612', 'B323', 'B276', 'B735', 'B387', 'B151', 'B639', 'B232', 'B541']",10.0,S61,3.98,20,0,20,0.0,,-0.611475,-7.869834,-8.481309,False,False,18,S15,True,7,0.6173,pickup,,,,,,,,,,,,,,,,,,,,,,,,,,,,,,,,,,,,,,,,,,,,,,,,,,,,
50,7,9,48,S61,False,20,0,20,11,0,0,0,0,0,"['B556', 'B160', 'B578', 'B170', 'B526', 'B0', 'B80', 'B31', 'B724', 'B761', 'B567']",5.5,S32,5.42,9,0,9,0.0,,-0.571023,-7.964371,-8.535394,False,False,18,S15,True,14,0.3888,delivery,,,,,,,,,,,,,,,,,,,,,,,,,,,,,,,,,,,,,,,,,,,,,,,,,,,,
50,7,9,59,S32,False,9,0,9,0,11,0,0,0,0,"['B239', 'B348', 'B628', 'B542', 'B269', 'B539', 'B126', 'B163', 'B204', 'B195', 'B400']",5.5,S19,4.87,20,0,20,0.0,,-0.711041,-7.890441,-8.601482,False,False,12,S42,True,9,0.3497,pickup,,,,,,,,,,,,,,,,,,,,,,,,,,,,,,,,,,,,,,,,,,,,,,,,,,,,
50,7,10,10,S19,False,20,0,20,5,0,0,1,0,0,"['B326', 'B612', 'B323', 'B276', 'B735', 'B387']",3.0,S15,9.58,15,1,16,0.0,,-0.374899,-7.984104,-8.359003,True,True,30,S15,True,24,0.7602,delivery+depot_removal,,,,,,,,,,,,,,,,,,,,,,,,,,,,,,,,,,,,,,,,,,,,,,,,,,,,
50,7,10,22,S15,False,15,1,16,15,0,0,0,0,0,"['B151', 'B639', 'B232', 'B541', 'B239', 'B348', 'B628', 'B542', 'B269', 'B539', 'B126', 'B163', 'B204', 'B195', 'B400']",7.5,S10,3.3,0,1,1,0.0,,-0.67015,-7.951829,-8.621979,False,False,12,S23,True,8,0.5152,delivery,,,,,,,,,,,,,,,,,,,,,,,,,,,,,,,,,,,,,,,,,,,,,,,,,,,,
50,7,10,33,S10,False,0,1,1,0,10,0,0,0,0,"['B631', 'B409', 'B443', 'B99', 'B100', 'B679', 'B134', 'B690', 'B139', 'B168']",5.0,S42,3.77,10,1,11,0.0,,-0.394119,-7.923387,-8.317506,False,False,18,S49,True,15,0.529,pickup,,,,,,,,,,,,,,,,,,,,,,,,,,,,,,,,,,,,,,,,,,,,,,,,,,,,
50,7,10,42,S42,False,10,1,11,10,0,0,0,0,0,"['B631', 'B409', 'B443', 'B99', 'B100', 'B679', 'B134', 'B690', 'B139', 'B168']",5.0,S49,11.96,0,1,1,0.0,,-0.454644,-7.956667,-8.411311,False,False,12,S38,True,7,0.3403,delivery,,,,,,,,,,,,,,,,,,,,,,,,,,,,,,,,,,,,,,,,,,,,,,,,,,,,
50,7,10,59,S49,False,0,1,1,0,14,1,0,0,0,"['B647', 'B227', 'B529', 'B525', 'B597', 'B713', 'B288', 'B691', 'B564', 'B267', 'B130', 'B363', 'B164', 'B73']",10.0,S29,8.87,14,1,15,0.0,,-0.966645,-8.108499,-9.075144,True,True,36,S63,True,18,1.0583,pickup+onsite,,,,,,,,,,,,,,,,,,,,,,,,,,,,,,,,,,,,,,,,,,,,,,,,,,,,
50,7,11,18,S29,False,14,1,15,14,0,0,0,0,0,"['B647', 'B227', 'B529', 'B525', 'B597', 'B713', 'B288', 'B691', 'B564', 'B267', 'B130', 'B363', 'B164', 'B73']",7.0,S61,5.74,0,1,1,0.0,,-0.671703,-7.870584,-8.542287,False,False,12,S46,True,8,0.2717,delivery,,,,,,,,,,,,,,,,,,,,,,,,,,,,,,,,,,,,,,,,,,,,,,,,,,,,
50,7,11,30,S61,False,0,1,1,0,10,0,0,0,0,"['B578', 'B170', 'B526', 'B0', 'B80', 'B31', 'B724', 'B761', 'B567', 'B368']",5.0,S4,1.37,10,1,11,0.0,,-0.944181,-7.856813,-8.800994,False,False,18,S33,True,16,0.4164,pickup,,,,,,,,,,,,,,,,,,,,,,,,,,,,,,,,,,,,,,,,,,,,,,,,,,,,
50,7,11,37,S4,False,10,1,11,0,0,0,0,0,0,[],0.0,S46,3.35,10,1,11,0.0,,-0.766168,-7.757337,-8.523506,False,False,12,S33,True,2,0.2913,do_nothing,,,,,,,,,,,,,,,,,,,,,,,,,,,,,,,,,,,,,,,,,,,,,,,,,,,,
50,7,11,40,S46,False,10,1,11,10,0,0,0,0,0,"['B578', 'B170', 'B526', 'B0', 'B80', 'B31', 'B724', 'B761', 'B567', 'B368']",5.0,S37,2.79,0,1,1,0.0,,-0.393465,-7.845127,-8.238592,False,False,12,S33,True,7,0.2764,delivery,,,,,,,,,,,,,,,,,,,,,,,,,,,,,,,,,,,,,,,,,,,,,,,,,,,,
50,7,11,48,S37,False,0,1,1,0,17,0,0,0,0,"['B79', 'B127', 'B373', 'B601', 'B405', 'B740', 'B621', 'B58', 'B415', 'B173', 'B441', 'B501', 'B55', 'B105', 'B179', 'B323', 'B276']",8.5,S66,3.07,17,1,18,0.0,,-0.315576,-7.605763,-7.921339,False,False,18,S54,True,13,0.569,pickup,,,,,,,,,,,,,,,,,,,,,,,,,,,,,,,,,,,,,,,,,,,,,,,,,,,,
50,7,11,59,S66,False,17,1,18,13,0,0,0,0,0,"['B79', 'B127', 'B373', 'B601', 'B405', 'B740', 'B621', 'B58', 'B415', 'B173', 'B441', 'B501', 'B55']",6.5,S4,2.35,4,1,5,0.0,,-0.196685,-7.635115,-7.831801,False,False,18,S2,True,14,0.7651,delivery,,,,,,,,,,,,,,,,,,,,,,,,,,,,,,,,,,,,,,,,,,,,,,,,,,,,
50,7,12,8,S4,False,4,1,5,4,0,0,0,0,0,"['B105', 'B179', 'B323', 'B276']",2.0,S16,2.09,0,1,1,0.0,,-0.176914,-7.439652,-7.616566,False,False,12,S18,True,7,0.4976,delivery,,,,,,,,,,,,,,,,,,,,,,,,,,,,,,,,,,,,,,,,,,,,,,,,,,,,
50,7,12,12,S16,False,0,1,1,0,8,0,0,0,0,"['B272', 'B504', 'B28', 'B477', 'B221', 'B362', 'B606', 'B311']",4.0,S33,1.49,8,1,9,0.0,,-0.23658,-7.62816,-7.86474,False,False,18,S33,False,10,0.5619,pickup,,,,,,,,,,,,,,,,,,,,,,,,,,,,,,,,,,,,,,,,,,,,,,,,,,,,
50,7,12,18,S33,False,8,1,9,0,9,0,0,0,0,"['B486', 'B257', 'B18', 'B623', 'B12', 'B385', 'B171', 'B206', 'B128']",4.5,S30,5.08,17,1,18,0.0,,-0.217461,-7.444629,-7.66209,True,False,36,S20,True,27,1.8993,pickup,,,,,,,,,,,,,,,,,,,,,,,,,,,,,,,,,,,,,,,,,,,,,,,,,,,,
50,7,12,27,S30,False,17,1,18,0,0,4,1,0,0,['B703'],12.5,S20,5.9,17,2,19,0.0,,-0.373801,-7.619338,-7.99314,True,True,180,S9,True,54,6.428,do_nothing+maintenance,,,,,,,,,,,,,,,,,,,,,,,,,,,,,,,,,,,,,,,,,,,,,,,,,,,,
50,7,12,46,S20,False,17,2,19,14,0,0,0,0,0,"['B272', 'B504', 'B28', 'B477', 'B221', 'B362', 'B606', 'B311', 'B486', 'B257', 'B18', 'B623', 'B12', 'B385']",7.0,S61,8.6,3,2,5,0.0,,-0.707204,-7.821428,-8.528632,True,False,72,S46,True,52,1.9407,delivery,,,,,,,,,,,,,,,,,,,,,,,,,,,,,,,,,,,,,,,,,,,,,,,,,,,,
50,7,13,1,S61,False,3,2,5,0,9,0,0,0,0,"['B700', 'B704', 'B154', 'B646', 'B7', 'B342', 'B372', 'B0', 'B451']",4.5,S50,6.8,12,2,14,0.0,,-0.885905,-7.996968,-8.882873,False,False,18,S32,True,12,0.4426,pickup,,,,,,,,,,,,,,,,,,,,,,,,,,,,,,,,,,,,,,,,,,,,,,,,,,,,
50,7,13,13,S50,False,12,2,14,12,0,0,0,0,0,"['B171', 'B206', 'B128', 'B700', 'B704', 'B154', 'B646', 'B7', 'B342', 'B372', 'B0', 'B451']",6.0,S32,4.46,0,2,2,0.0,,-0.727572,-7.995545,-8.723117,False,False,12,S32,False,6,0.3643,delivery,,,,,,,,,,,,,,,,,,,,,,,,,,,,,,,,,,,,,,,,,,,,,,,,,,,,
50,7,13,23,S32,False,0,2,2,0,13,0,0,0,0,"['B157', 'B664', 'B177', 'B268', 'B660', 'B571', 'B333', 'B566', 'B46', 'B423', 'B506', 'B45', 'B474']",6.5,S52,3.72,13,2,15,0.0,,-0.845409,-8.069146,-8.914554,False,False,18,S18,True,15,0.6318,pickup,,,,,,,,,,,,,,,,,,,,,,,,,,,,,,,,,,,,,,,,,,,,,,,,,,,,
50,7,13,33,S52,False,13,2,15,0,5,0,0,0,0,"['B432', 'B631', 'B203', 'B317', 'B49']",2.5,S42,8.01,18,2,20,0.0,,-0.688624,-7.964523,-8.653147,False,False,12,S42,False,8,0.3967,pickup,,,,,,,,,,,,,,,,,,,,,,,,,,,,,,,,,,,,,,,,,,,,,,,,,,,,
50,7,13,44,S42,False,18,2,20,12,0,0,0,0,0,"['B157', 'B664', 'B177', 'B268', 'B660', 'B571', 'B333', 'B566', 'B46', 'B423', 'B506', 'B45']",6.0,S66,9.4,6,2,8,0.0,,-0.765218,-8.059684,-8.824902,False,False,18,S56,True,8,0.5653,delivery,,,,,,,,,,,,,,,,,,,,,,,,,,,,,,,,,,,,,,,,,,,,,,,,,,,,
50,7,13,59,S66,False,6,2,8,0,12,0,0,0,0,"['B621', 'B58', 'B415', 'B173', 'B441', 'B501', 'B55', 'B75', 'B425', 'B273', 'B190', 'B282']",6.0,S4,2.35,18,2,20,0.0,,-1.14196,-8.102796,-9.244757,False,False,12,S4,False,7,0.4734,pickup,,,,,,,,,,,,,,,,,,,,,,,,,,,,,,,,,,,,,,,,,,,,,,,,,,,,
50,7,14,8,S4,False,18,2,20,10,0,0,0,0,0,"['B474', 'B432', 'B631', 'B203', 'B317', 'B49', 'B621', 'B58', 'B415', 'B173']",5.0,S22,6.38,8,2,10,0.0,,-1.712947,-8.02741,-9.740357,False,False,18,S43,True,10,0.4429,delivery,,,,,,,,,,,,,,,,,,,,,,,,,,,,,,,,,,,,,,,,,,,,,,,,,,,,
50,7,14,19,S22,False,8,2,10,0,10,0,0,0,0,"['B663', 'B741', 'B234', 'B56', 'B586', 'B532', 'B620', 'B503', 'B612', 'B245']",5.0,S35,12.12,18,2,20,0.0,,-2.054536,-8.053644,-10.10818,False,False,12,S35,False,7,0.2867,pickup,,,,,,,,,,,,,,,,,,,,,,,,,,,,,,,,,,,,,,,,,,,,,,,,,,,,
50,7,14,36,S35,False,18,2,20,18,0,0,0,0,0,"['B441', 'B501', 'B55', 'B75', 'B425', 'B273', 'B190', 'B282', 'B663', 'B741', 'B234', 'B56', 'B586', 'B532', 'B620', 'B503', 'B612', 'B245']",9.0,S12,9.87,0,2,2,0.0,,-1.440668,-7.967067,-9.407735,True,False,24,S15,True,12,0.5509,delivery,,,,,,,,,,,,,,,,,,,,,,,,,,,,,,,,,,,,,,,,,,,,,,,,,,,,
50,7,14,55,S12,False,0,2,2,0,18,0,0,0,0,"['B79', 'B354', 'B2', 'B758', 'B740', 'B261', 'B66', 'B590', 'B137', 'B410', 'B524', 'B149', 'B183', 'B757', 'B615', 'B428', 'B424', 'B115']",9.0,S15,10.6,18,2,20,0.0,,-1.461596,-8.273358,-9.734954,False,False,12,S54,True,9,0.3728,pickup,,,,,,,,,,,,,,,,,,,,,,,,,,,,,,,,,,,,,,,,,,,,,,,,,,,,
50,7,15,15,S15,False,18,2,20,18,0,0,0,0,0,"['B79', 'B354', 'B2', 'B758', 'B740', 'B261', 'B66', 'B590', 'B137', 'B410', 'B524', 'B149', 'B183', 'B757', 'B615', 'B428', 'B424', 'B115']",9.0,S62,2.79,0,2,2,0.0,,-1.322473,-8.208421,-9.530894,False,False,18,S58,True,9,0.5632,delivery,,,,,,,,,,,,,,,,,,,,,,,,,,,,,,,,,,,,,,,,,,,,,,,,,,,,
50,7,15,26,S62,False,0,2,2,0,11,0,0,0,0,"['B499', 'B717', 'B409', 'B235', 'B380', 'B316', 'B699', 'B596', 'B676', 'B512', 'B468']",5.5,S58,3.31,11,2,13,0.0,,-1.55471,-8.283518,-9.838229,False,False,18,S65,True,12,0.8127,pickup,,,,,,,,,,,,,,,,,,,,,,,,,,,,,,,,,,,,,,,,,,,,,,,,,,,,
50,7,15,35,S58,False,11,2,13,11,0,1,0,0,0,"['B499', 'B717', 'B409', 'B235', 'B380', 'B316', 'B699', 'B596', 'B676', 'B512', 'B468']",8.5,S65,6.14,0,2,2,0.0,,-1.913939,-8.171378,-10.085317,True,True,24,S66,True,21,0.582,delivery+onsite,,,,,,,,,,,,,,,,,,,,,,,,,,,,,,,,,,,,,,,,,,,,,,,,,,,,
50,7,15,50,S65,False,0,2,2,0,16,0,0,0,0,"['B325', 'B247', 'B155', 'B31', 'B407', 'B522', 'B227', 'B194', 'B492', 'B337', 'B461', 'B351', 'B13', 'B724', 'B8', 'B142']",8.0,S41,2.23,16,2,18,0.0,,-1.732312,-8.322323,-10.054636,False,False,18,S39,True,10,0.466,pickup,,,,,,,,,,,,,,,,,,,,,,,,,,,,,,,,,,,,,,,,,,,,,,,,,,,,
50,7,16,0,S41,False,16,2,18,10,0,0,0,0,0,"['B325', 'B247', 'B155', 'B31', 'B407', 'B522', 'B227', 'B194', 'B492', 'B337']",5.0,S35,9.63,6,2,8,0.0,,-1.912877,-8.194791,-10.107668,False,False,18,S35,False,10,0.4307,delivery,,,,,,,,,,,,,,,,,,,,,,,,,,,,,,,,,,,,,,,,,,,,,,,,,,,,
50,7,16,15,S35,False,6,2,8,0,0,1,0,0,0,[],3.0,S54,2.91,6,2,8,0.0,,-1.203296,-8.251021,-9.454318,True,True,24,S22,True,9,0.7611,do_nothing+onsite,,,,,,,,,,,,,,,,,,,,,,,,,,,,,,,,,,,,,,,,,,,,,,,,,,,,
50,7,16,21,S54,False,6,2,8,6,0,0,0,0,0,"['B461', 'B351', 'B13', 'B724', 'B8', 'B142']",3.0,S22,9.78,0,2,2,0.0,,-0.708589,-8.221216,-8.929805,False,False,12,S10,True,9,0.4147,delivery,,,,,,,,,,,,,,,,,,,,,,,,,,,,,,,,,,,,,,,,,,,,,,,,,,,,
50,7,16,33,S22,False,0,2,2,0,0,0,0,0,0,[],0.0,S31,4.51,0,2,2,0.0,,-0.926197,-8.106075,-9.032272,False,False,18,S31,True,0,0.5511,do_nothing,,,,,,,,,,,,,,,,,,,,,,,,,,,,,,,,,,,,,,,,,,,,,,,,,,,,
50,7,16,38,S31,False,0,2,2,0,18,0,0,0,0,"['B725', 'B20', 'B422', 'B567', 'B89', 'B553', 'B638', 'B550', 'B564', 'B111', 'B164', 'B439', 'B109', 'B412', 'B4', 'B566', 'B199', 'B487']",9.0,S2,4.07,18,2,20,0.0,,-0.810521,-8.145851,-8.956372,False,False,12,S26,True,7,0.3628,pickup,,,,,,,,,,,,,,,,,,,,,,,,,,,,,,,,,,,,,,,,,,,,,,,,,,,,
50,7,16,51,S2,False,18,2,20,16,0,0,0,0,0,"['B725', 'B20', 'B422', 'B567', 'B89', 'B553', 'B638', 'B550', 'B564', 'B111', 'B164', 'B439', 'B109', 'B412', 'B4', 'B566']",8.0,S20,3.61,2,2,4,0.0,,-1.358363,-8.269861,-9.628224,False,False,18,S29,True,9,0.644,delivery,,,,,,,,,,,,,,,,,,,,,,,,,,,,,,,,,,,,,,,,,,,,,,,,,,,,
50,7,17,3,S20,False,2,2,4,0,0,0,0,0,0,[],0.0,S40,10.23,2,2,4,0.0,,-1.06192,-8.176334,-9.238254,True,False,72,S38,True,2,1.9326,do_nothing,,,,,,,,,,,,,,,,,,,,,,,,,,,,,,,,,,,,,,,,,,,,,,,,,,,,
50,7,17,13,S40,False,2,2,4,0,13,0,0,0,0,"['B127', 'B669', 'B220', 'B632', 'B578', 'B298', 'B530', 'B484', 'B92', 'B417', 'B9', 'B384', 'B668']",6.5,S57,4.79,15,2,17,0.0,,-0.807967,-8.213938,-9.021905,False,False,18,S51,True,7,0.5801,pickup,,,,,,,,,,,,,,,,,,,,,,,,,,,,,,,,,,,,,,,,,,,,,,,,,,,,
50,7,17,24,S57,False,15,2,17,15,0,0,0,0,0,"['B199', 'B487', 'B127', 'B669', 'B220', 'B632', 'B578', 'B298', 'B530', 'B484', 'B92', 'B417', 'B9', 'B384', 'B668']",7.5,S33,5.72,0,2,2,0.0,,-1.026626,-8.144824,-9.17145,False,False,18,S51,True,14,0.5485,delivery,,,,,,,,,,,,,,,,,,,,,,,,,,,,,,,,,,,,,,,,,,,,,,,,,,,,
50,7,17,37,S33,False,0,2,2,0,0,1,0,0,0,[],3.0,S66,3.23,0,2,2,0.0,,-0.333552,-8.240834,-8.574387,True,True,36,S31,True,7,1.2923,do_nothing+onsite,,,,,,,,,,,,,,,,,,,,,,,,,,,,,,,,,,,,,,,,,,,,,,,,,,,,
50,7,17,44,S66,False,0,2,2,0,14,0,0,0,0,"['B268', 'B22', 'B388', 'B363', 'B579', 'B356', 'B620', 'B96', 'B559', 'B501', 'B270', 'B11', 'B213', 'B225']",7.0,S8,15.69,14,2,16,0.0,,-0.531035,-8.189843,-8.720878,False,False,18,S22,True,7,0.5726,pickup,,,,,,,,,,,,,,,,,,,,,,,,,,,,,,,,,,,,,,,,,,,,,,,,,,,,
50,7,18,6,S8,False,14,2,16,12,0,0,1,0,0,"['B493', 'B268', 'B22', 'B388', 'B363', 'B579', 'B356', 'B620', 'B96', 'B559', 'B501', 'B270', 'B11']",6.5,S42,6.33,2,3,5,0.0,,-0.770413,-8.053053,-8.823466,True,True,36,S18,True,19,1.0169,delivery+depot_removal,,,,,,,,,,,,,,,,,,,,,,,,,,,,,,,,,,,,,,,,,,,,,,,,,,,,
50,7,18,19,S42,False,2,3,5,2,0,0,0,0,0,"['B213', 'B225']",1.0,S18,9.96,0,3,3,0.0,,-0.375546,-8.025103,-8.400649,False,False,12,S22,True,7,0.2883,delivery,,,,,,,,,,,,,,,,,,,,,,,,,,,,,,,,,,,,,,,,,,,,,,,,,,,,
50,7,18,30,S18,False,0,3,3,0,14,0,0,0,0,"['B386', 'B308', 'B575', 'B653', 'B736', 'B560', 'B643', 'B6', 'B324', 'B551', 'B742', 'B321', 'B174', 'B589']",7.0,S44,2.71,14,3,17,0.0,,-0.315729,-7.95,-8.265729,False,False,18,S22,True,14,0.5396,pickup,,,,,,,,,,,,,,,,,,,,,,,,,,,,,,,,,,,,,,,,,,,,,,,,,,,,
50,7,18,40,S44,False,14,3,17,11,0,1,0,0,0,"['B386', 'B308', 'B575', 'B653', 'B736', 'B560', 'B643', 'B6', 'B324', 'B551', 'B742']",8.5,S22,8.22,3,3,6,0.0,,-0.415147,-7.931956,-8.347103,True,True,36,S29,True,21,0.9663,delivery+onsite,,,,,,,,,,,,,,,,,,,,,,,,,,,,,,,,,,,,,,,,,,,,,,,,,,,,
50,7,18,57,S22,False,3,3,6,0,14,0,0,0,0,"['B88', 'B756', 'B36', 'B188', 'B305', 'B120', 'B367', 'B285', 'B158', 'B253', 'B119', 'B211', 'B117', 'B497']",7.0,S42,13.14,17,3,20,0.0,,-0.473816,-7.912162,-8.385977,False,False,12,S42,False,8,0.3751,pickup,,,,,,,,,,,,,,,,,,,,,,,,,,,,,,,,,,,,,,,,,,,,,,,,,,,,
50,7,19,17,S42,False,17,3,20,10,0,0,0,0,0,"['B321', 'B174', 'B589', 'B88', 'B756', 'B36', 'B188', 'B305', 'B120', 'B367']",5.0,S52,8.01,7,3,10,0.0,,-0.295603,-7.894631,-8.190234,False,False,18,S28,True,10,0.6029,delivery,,,,,,,,,,,,,,,,,,,,,,,,,,,,,,,,,,,,,,,,,,,,,,,,,,,,
50,7,19,30,S52,False,7,3,10,0,10,0,0,0,0,"['B411', 'B43', 'B751', 'B273', 'B219', 'B746', 'B302', 'B152', 'B297', 'B63']",5.0,S55,3.9,17,3,20,0.0,,-0.533092,-8.105019,-8.638111,False,False,11,S55,False,7,0.3076,pickup,,,,,,,,,,,,,,,,,,,,,,,,,,,,,,,,,,,,,,,,,,,,,,,,,,,,
50,7,19,39,S55,False,17,3,20,0,0,0,0,0,0,[],0.0,S56,1.03,17,3,20,0.0,,-0.573037,-8.056083,-8.62912,True,False,8,D0,True,0,0.3294,do_nothing,,,,,,,,,,,,,,,,,,,,,,,,,,,,,,,,,,,,,,,,,,,,,,,,,,,,
50,7,19,40,S56,False,17,3,20,6,0,0,0,0,0,"['B285', 'B158', 'B253', 'B119', 'B211', 'B117']",3.0,S55,1.03,11,3,14,0.0,,-0.178518,-8.045114,-8.223632,True,False,36,S55,False,21,1.0514,delivery,,,,,,,,,,,,,,,,,,,,,,,,,,,,,,,,,,,,,,,,,,,,,,,,,,,,
50,7,19,44,S55,False,11,3,14,0,0,0,0,0,0,[],0.0,S45,2.56,11,3,14,0.0,,-0.216409,-7.885872,-8.10228,True,False,6,S45,False,0,0.1425,do_nothing,,,,,,,,,,,,,,,,,,,,,,,,,,,,,,,,,,,,,,,,,,,,,,,,,,,,
50,7,19,46,S45,False,11,3,14,0,0,0,0,0,0,[],0.0,S33,1.11,11,3,14,0.0,,-0.59026,-7.951957,-8.542217,False,False,4,S33,False,1,0.1078,do_nothing,,,,,,,,,,,,,,,,,,,,,,,,,,,,,,,,,,,,,,,,,,,,,,,,,,,,
50,7,19,47,S33,False,11,3,14,0,6,0,0,0,0,"['B30', 'B135', 'B303', 'B100', 'B309', 'B200']",3.0,D0,0.94,17,3,20,0.0,,-0.274679,-8.006598,-8.281276,False,False,2,D0,False,1,0.0701,pickup,,,,,,,,,,,,,,,,,,,,,,,,,,,,,,,,,,,,,,,,,,,,,,,,,,,,
50,7,19,51,D0,True,17,3,20,0,0,0,0,3,3,"['B710', 'B540', 'B426', 'B326', 'B703', 'B493']",3.0,D0,0.0,20,0,20,0.0,,-0.23698,-7.993937,-8.230918,True,True,1,D0,False,0,0.0535,do_nothing,,,,,,,,,,,,,,,,,,,,,,,,,,,,,,,,,,,,,,,,,,,,,,,,,,,,
50,8,6,9,D0,True,20,0,20,0,0,0,0,0,0,[],0.0,S65,3.15,20,0,20,0.0,,-2.465512,-8.381815,-10.847327,True,True,5,S65,False,1,0.1396,depot_passthrough,,,,,,,,,,,,,,,,,,,,,,,,,,,,,,,,,,,,,,,,,,,,,,,,,,,,
50,8,6,27,S65,False,20,0,20,20,0,0,0,0,0,"['B497', 'B411', 'B43', 'B751', 'B273', 'B219', 'B746', 'B302', 'B152', 'B297', 'B63', 'B30', 'B135', 'B303', 'B100', 'B309', 'B200', 'B710', 'B540', 'B426']",10.0,S54,8.42,0,0,0,0.0,,-2.726434,-8.526752,-11.253186,False,False,12,S63,True,8,0.3588,delivery,,,,,,,,,,,,,,,,,,,,,,,,,,,,,,,,,,,,,,,,,,,,,,,,,,,,
50,8,6,46,S54,False,0,0,0,0,15,0,0,0,0,"['B659', 'B522', 'B202', 'B464', 'B36', 'B749', 'B577', 'B364', 'B734', 'B671', 'B737', 'B547', 'B128', 'B77', 'B571']",7.5,S63,3.86,15,0,15,0.0,,-1.403125,-8.457474,-9.860599,False,False,18,S63,False,8,0.8062,pickup,,,,,,,,,,,,,,,,,,,,,,,,,,,,,,,,,,,,,,,,,,,,,,,,,,,,
50,8,6,57,S63,False,15,0,15,0,5,0,0,0,0,"['B420', 'B266', 'B361', 'B587', 'B415']",2.5,S48,4.03,20,0,20,0.0,,-1.137965,-8.385362,-9.523328,True,False,18,S66,True,15,0.9406,pickup,,,,,,,,,,,,,,,,,,,,,,,,,,,,,,,,,,,,,,,,,,,,,,,,,,,,
50,8,7,4,S48,False,20,0,20,13,0,0,0,0,0,"['B659', 'B522', 'B202', 'B464', 'B36', 'B749', 'B577', 'B364', 'B734', 'B671', 'B737', 'B547', 'B128']",6.5,S51,0.84,7,0,7,0.0,,-0.9237,-8.416361,-9.34006,True,False,36,S41,True,24,1.4221,delivery,,,,,,,,,,,,,,,,,,,,,,,,,,,,,,,,,,,,,,,,,,,,,,,,,,,,
50,8,7,11,S51,False,7,0,7,7,0,0,0,0,0,"['B77', 'B571', 'B420', 'B266', 'B361', 'B587', 'B415']",3.5,S55,5.48,0,0,0,0.0,,-0.828679,-8.28391,-9.112588,True,False,96,S55,True,49,2.9319,delivery,,,,,,,,,,,,,,,,,,,,,,,,,,,,,,,,,,,,,,,,,,,,,,,,,,,,
50,8,7,20,S55,False,0,0,0,0,0,0,2,0,0,"['B394', 'B680']",1.0,S52,3.9,0,2,2,0.0,,-1.204886,-8.400818,-9.605704,True,True,48,S52,False,16,1.3629,do_nothing+depot_removal,,,,,,,,,,,,,,,,,,,,,,,,,,,,,,,,,,,,,,,,,,,,,,,,,,,,
50,8,7,25,S52,False,0,2,2,0,12,0,0,0,0,"['B95', 'B79', 'B242', 'B640', 'B691', 'B37', 'B317', 'B61', 'B767', 'B633', 'B657', 'B719']",6.0,S41,4.13,12,2,14,0.0,,-0.830492,-8.391337,-9.221829,False,False,18,S45,True,7,0.4925,pickup,,,,,,,,,,,,,,,,,,,,,,,,,,,,,,,,,,,,,,,,,,,,,,,,,,,,
50,8,7,35,S41,False,12,2,14,12,0,0,0,0,0,"['B95', 'B79', 'B242', 'B640', 'B691', 'B37', 'B317', 'B61', 'B767', 'B633', 'B657', 'B719']",6.0,S63,5.29,0,2,2,0.0,,-0.591552,-8.378836,-8.970387,True,False,24,S45,True,12,0.6261,delivery,,,,,,,,,,,,,,,,,,,,,,,,,,,,,,,,,,,,,,,,,,,,,,,,,,,,
50,8,7,46,S63,False,0,2,2,0,16,0,0,0,0,"['B26', 'B336', 'B107', 'B189', 'B209', 'B199', 'B342', 'B573', 'B544', 'B410', 'B10', 'B518', 'B321', 'B408', 'B190', 'B67']",8.0,S18,3.17,16,2,18,0.0,,-0.611132,-8.323568,-8.9347,True,False,30,S31,True,14,0.7401,pickup,,,,,,,,,,,,,,,,,,,,,,,,,,,,,,,,,,,,,,,,,,,,,,,,,,,,
50,8,7,58,S18,False,16,2,18,11,0,0,0,0,0,"['B26', 'B336', 'B107', 'B189', 'B209', 'B199', 'B342', 'B573', 'B544', 'B410', 'B10']",5.5,S66,2.06,5,2,7,0.0,,-0.827741,-8.427671,-9.255412,False,False,18,S66,False,7,0.4597,delivery,,,,,,,,,,,,,,,,,,,,,,,,,,,,,,,,,,,,,,,,,,,,,,,,,,,,
50,8,8,5,S66,False,5,2,7,5,0,0,0,0,0,"['B518', 'B321', 'B408', 'B190', 'B67']",2.5,S59,2.96,0,2,2,0.0,,-0.629802,-8.352089,-8.981891,False,False,12,S40,True,8,0.2512,delivery,,,,,,,,,,,,,,,,,,,,,,,,,,,,,,,,,,,,,,,,,,,,,,,,,,,,
50,8,8,11,S59,False,0,2,2,0,0,0,0,0,0,[],0.0,S40,4.5,0,2,2,0.0,,-0.531585,-8.251604,-8.783189,False,False,12,S53,True,1,0.3387,do_nothing,,,,,,,,,,,,,,,,,,,,,,,,,,,,,,,,,,,,,,,,,,,,,,,,,,,,
50,8,8,15,S40,False,0,2,2,0,0,0,0,0,0,[],0.0,S55,2.75,0,2,2,0.0,,-0.767077,-8.370948,-9.138026,False,False,18,S59,True,4,0.4202,do_nothing,,,,,,,,,,,,,,,,,,,,,,,,,,,,,,,,,,,,,,,,,,,,,,,,,,,,
50,8,8,18,S55,False,0,2,2,0,17,0,0,0,0,"['B3', 'B106', 'B247', 'B55', 'B291', 'B480', 'B305', 'B562', 'B120', 'B740', 'B492', 'B5', 'B232', 'B444', 'B750', 'B419', 'B589']",8.5,S22,10.44,17,2,19,0.0,,-0.530636,-8.207128,-8.737764,False,False,18,S40,True,13,0.4661,pickup,,,,,,,,,,,,,,,,,,,,,,,,,,,,,,,,,,,,,,,,,,,,,,,,,,,,
50,8,8,37,S22,False,17,2,19,15,0,0,0,0,0,"['B3', 'B106', 'B247', 'B55', 'B291', 'B480', 'B305', 'B562', 'B120', 'B740', 'B492', 'B5', 'B232', 'B444', 'B750']",7.5,S4,6.38,2,2,4,0.0,,-0.708794,-8.291416,-9.00021,False,False,18,S40,True,16,0.4241,delivery,,,,,,,,,,,,,,,,,,,,,,,,,,,,,,,,,,,,,,,,,,,,,,,,,,,,
50,8,8,51,S4,False,2,2,4,0,13,0,0,0,0,"['B353', 'B330', 'B322', 'B282', 'B207', 'B40', 'B669', 'B401', 'B382', 'B507', 'B582', 'B246', 'B398']",6.5,S19,6.61,15,2,17,0.0,,-0.434268,-8.083061,-8.517329,False,False,18,S7,True,10,0.4516,pickup,,,,,,,,,,,,,,,,,,,,,,,,,,,,,,,,,,,,,,,,,,,,,,,,,,,,
50,8,9,4,S19,False,15,2,17,8,0,0,0,0,0,"['B419', 'B589', 'B353', 'B330', 'B322', 'B282', 'B207', 'B40']",4.0,S63,4.53,7,2,9,0.0,,-0.492836,-8.342776,-8.835612,False,False,18,S63,False,7,0.9642,delivery,,,,,,,,,,,,,,,,,,,,,,,,,,,,,,,,,,,,,,,,,,,,,,,,,,,,
50,8,9,12,S63,False,7,2,9,7,0,0,0,0,0,"['B669', 'B401', 'B382', 'B507', 'B582', 'B246', 'B398']",3.5,S54,3.86,0,2,2,0.0,,-0.570089,-8.271319,-8.841407,True,False,24,S33,True,13,0.7091,delivery,,,,,,,,,,,,,,,,,,,,,,,,,,,,,,,,,,,,,,,,,,,,,,,,,,,,
50,8,9,20,S54,False,0,2,2,0,0,0,1,0,0,['B513'],0.5,S33,3.1,0,3,3,0.0,,-0.511211,-8.326316,-8.837527,True,True,36,S33,False,6,0.9809,do_nothing+depot_removal,,,,,,,,,,,,,,,,,,,,,,,,,,,,,,,,,,,,,,,,,,,,,,,,,,,,
50,8,9,23,S33,False,0,3,3,0,17,0,0,0,0,"['B82', 'B287', 'B289', 'B300', 'B614', 'B171', 'B369', 'B8', 'B351', 'B205', 'B758', 'B472', 'B345', 'B134', 'B588', 'B215', 'B403']",8.5,S66,3.23,17,3,20,0.0,,-0.472663,-8.255416,-8.72808,False,False,18,S53,True,13,0.5512,pickup,,,,,,,,,,,,,,,,,,,,,,,,,,,,,,,,,,,,,,,,,,,,,,,,,,,,
50,8,9,35,S66,False,17,3,20,13,0,0,0,0,0,"['B82', 'B287', 'B289', 'B300', 'B614', 'B171', 'B369', 'B8', 'B351', 'B205', 'B758', 'B472', 'B345']",6.5,S54,5.58,4,3,7,0.0,,-0.197385,-8.204065,-8.40145,False,False,18,S65,True,14,0.5007,delivery,,,,,,,,,,,,,,,,,,,,,,,,,,,,,,,,,,,,,,,,,,,,,,,,,,,,
50,8,9,47,S54,False,4,3,7,0,13,0,0,0,0,"['B591', 'B522', 'B450', 'B464', 'B161', 'B208', 'B308', 'B730', 'B63', 'B415', 'B33', 'B160', 'B741']",6.5,S65,8.42,17,3,20,0.0,,-0.454639,-8.075215,-8.529854,False,False,12,S9,True,8,0.3827,pickup,,,,,,,,,,,,,,,,,,,,,,,,,,,,,,,,,,,,,,,,,,,,,,,,,,,,
50,8,10,2,S65,False,17,3,20,12,0,0,0,0,0,"['B134', 'B588', 'B215', 'B403', 'B591', 'B522', 'B450', 'B464', 'B161', 'B208', 'B308', 'B730']",6.0,S26,6.43,5,3,8,0.0,,-0.354725,-8.236259,-8.590984,False,False,18,S26,False,6,0.5036,delivery,,,,,,,,,,,,,,,,,,,,,,,,,,,,,,,,,,,,,,,,,,,,,,,,,,,,
50,8,10,14,S26,False,5,3,8,5,0,0,0,0,0,"['B63', 'B415', 'B33', 'B160', 'B741']",2.5,S11,7.12,0,3,3,0.0,,-0.295049,-7.885343,-8.180393,False,False,12,S59,True,7,0.3092,delivery,,,,,,,,,,,,,,,,,,,,,,,,,,,,,,,,,,,,,,,,,,,,,,,,,,,,
50,8,10,24,S11,False,0,3,3,0,11,0,0,0,0,"['B467', 'B45', 'B195', 'B196', 'B295', 'B449', 'B739', 'B380', 'B365', 'B145', 'B280']",5.5,S24,9.97,11,3,14,0.0,,-0.29475,-8.050331,-8.345081,False,False,18,S59,True,10,0.4193,pickup,,,,,,,,,,,,,,,,,,,,,,,,,,,,,,,,,,,,,,,,,,,,,,,,,,,,
50,8,10,40,S24,False,11,3,14,10,0,0,0,0,0,"['B467', 'B45', 'B195', 'B196', 'B295', 'B449', 'B739', 'B380', 'B365', 'B145']",5.0,S16,9.91,1,3,4,0.0,,-0.355772,-7.97494,-8.330712,False,False,18,S16,False,10,0.4636,delivery,,,,,,,,,,,,,,,,,,,,,,,,,,,,,,,,,,,,,,,,,,,,,,,,,,,,
50,8,10,54,S16,False,1,3,4,0,11,0,0,0,0,"['B660', 'B203', 'B721', 'B600', 'B571', 'B275', 'B648', 'B462', 'B408', 'B67', 'B367']",5.5,S34,5.13,12,3,15,0.0,,-0.256107,-7.943743,-8.199849,False,False,18,S34,True,9,0.7787,pickup,,,,,,,,,,,,,,,,,,,,,,,,,,,,,,,,,,,,,,,,,,,,,,,,,,,,
50,8,11,5,S34,False,12,3,15,12,0,0,0,0,0,"['B280', 'B660', 'B203', 'B721', 'B600', 'B571', 'B275', 'B648', 'B462', 'B408', 'B67', 'B367']",6.0,S39,8.13,0,3,3,0.0,,-0.333699,-7.921389,-8.255088,False,False,12,S28,True,10,0.3284,delivery,,,,,,,,,,,,,,,,,,,,,,,,,,,,,,,,,,,,,,,,,,,,,,,,,,,,
50,8,11,19,S39,False,0,3,3,0,15,0,0,0,0,"['B148', 'B235', 'B0', 'B469', 'B180', 'B677', 'B46', 'B167', 'B626', 'B473', 'B256', 'B35', 'B234', 'B534', 'B68']",7.5,S28,11.12,15,3,18,0.0,,-0.492936,-7.862543,-8.355479,True,False,36,S31,True,13,1.2195,pickup,,,,,,,,,,,,,,,,,,,,,,,,,,,,,,,,,,,,,,,,,,,,,,,,,,,,
50,8,11,38,S28,False,15,3,18,15,0,0,0,0,0,"['B148', 'B235', 'B0', 'B469', 'B180', 'B677', 'B46', 'B167', 'B626', 'B473', 'B256', 'B35', 'B234', 'B534', 'B68']",7.5,S32,14.73,0,3,3,0.0,,-0.552862,-7.815333,-8.368196,True,False,24,S59,True,12,0.5887,delivery,,,,,,,,,,,,,,,,,,,,,,,,,,,,,,,,,,,,,,,,,,,,,,,,,,,,
50,8,12,0,S32,False,0,3,3,0,12,0,0,0,0,"['B163', 'B463', 'B57', 'B738', 'B53', 'B236', 'B363', 'B485', 'B131', 'B14', 'B518', 'B430']",6.0,S50,4.46,12,3,15,0.0,,-0.61224,-7.860012,-8.472252,False,False,18,S59,True,12,0.5951,pickup,,,,,,,,,,,,,,,,,,,,,,,,,,,,,,,,,,,,,,,,,,,,,,,,,,,,
50,8,12,11,S50,False,12,3,15,12,0,0,0,0,0,"['B163', 'B463', 'B57', 'B738', 'B53', 'B236', 'B363', 'B485', 'B131', 'B14', 'B518', 'B430']",6.0,S59,8.72,0,3,3,0.0,,-0.669193,-7.922326,-8.591519,False,False,12,S59,False,9,0.3859,delivery,,,,,,,,,,,,,,,,,,,,,,,,,,,,,,,,,,,,,,,,,,,,,,,,,,,,
50,8,12,25,S59,False,0,3,3,0,17,0,0,0,0,"['B642', 'B546', 'B683', 'B166', 'B170', 'B526', 'B254', 'B373', 'B227', 'B296', 'B595', 'B699', 'B498', 'B201', 'B66', 'B541', 'B599']",8.5,S29,7.54,17,3,20,0.0,,-0.788395,-8.032345,-8.82074,False,False,18,S29,True,12,0.5834,pickup,,,,,,,,,,,,,,,,,,,,,,,,,,,,,,,,,,,,,,,,,,,,,,,,,,,,
50,8,12,41,S29,False,17,3,20,17,0,0,0,0,0,"['B642', 'B546', 'B683', 'B166', 'B170', 'B526', 'B254', 'B373', 'B227', 'B296', 'B595', 'B699', 'B498', 'B201', 'B66', 'B541', 'B599']",8.5,S37,6.23,0,3,3,0.0,,-1.101715,-7.961701,-9.063416,False,False,12,S37,False,6,0.462,delivery,,,,,,,,,,,,,,,,,,,,,,,,,,,,,,,,,,,,,,,,,,,,,,,,,,,,
50,8,12,56,S37,False,0,3,3,0,16,0,0,0,0,"['B756', 'B190', 'B517', 'B364', 'B765', 'B446', 'B407', 'B585', 'B65', 'B563', 'B527', 'B400', 'B519', 'B18', 'B23', 'B220']",8.0,S63,1.78,16,3,19,0.0,,-1.043847,-7.811239,-8.855086,True,False,36,S63,True,12,1.7561,pickup,,,,,,,,,,,,,,,,,,,,,,,,,,,,,,,,,,,,,,,,,,,,,,,,,,,,
50,8,13,6,S63,False,16,3,19,0,0,0,0,0,0,[],0.0,S54,3.86,16,3,19,0.0,,-1.179602,-7.992739,-9.172341,True,False,36,S4,True,1,0.9787,do_nothing,,,,,,,,,,,,,,,,,,,,,,,,,,,,,,,,,,,,,,,,,,,,,,,,,,,,
50,8,13,10,S54,False,16,3,19,14,0,0,0,0,0,"['B756', 'B190', 'B517', 'B364', 'B765', 'B446', 'B407', 'B585', 'B65', 'B563', 'B527', 'B400', 'B519', 'B18']",7.0,S26,5.73,2,3,5,0.0,,-1.257457,-8.081952,-9.33941,False,False,18,S26,False,12,0.6038,delivery,,,,,,,,,,,,,,,,,,,,,,,,,,,,,,,,,,,,,,,,,,,,,,,,,,,,
50,8,13,22,S26,False,2,3,5,2,0,0,0,0,0,"['B23', 'B220']",1.0,S66,5.64,0,3,3,0.0,,-1.34149,-8.053175,-9.394664,False,False,12,S41,True,10,0.3997,delivery,,,,,,,,,,,,,,,,,,,,,,,,,,,,,,,,,,,,,,,,,,,,,,,,,,,,
50,8,13,29,S66,False,0,3,3,0,14,0,0,0,0,"['B433', 'B137', 'B267', 'B25', 'B229', 'B719', 'B657', 'B622', 'B651', 'B559', 'B330', 'B761', 'B598', 'B374']",7.0,S26,5.64,14,3,17,0.0,,-1.514457,-7.962187,-9.476645,False,False,18,S41,True,6,0.5296,pickup,,,,,,,,,,,,,,,,,,,,,,,,,,,,,,,,,,,,,,,,,,,,,,,,,,,,
50,8,13,42,S26,False,14,3,17,14,0,0,0,0,0,"['B433', 'B137', 'B267', 'B25', 'B229', 'B719', 'B657', 'B622', 'B651', 'B559', 'B330', 'B761', 'B598', 'B374']",7.0,S41,6.65,0,3,3,0.0,,-1.947983,-8.080043,-10.028026,False,False,12,S19,True,6,0.3177,delivery,,,,,,,,,,,,,,,,,,,,,,,,,,,,,,,,,,,,,,,,,,,,,,,,,,,,
50,8,13,55,S41,False,0,3,3,0,17,0,0,0,0,"['B392', 'B712', 'B294', 'B194', 'B279', 'B625', 'B317', 'B659', 'B442', 'B126', 'B644', 'B91', 'B436', 'B83', 'B482', 'B204', 'B177']",8.5,S4,2.96,17,3,20,0.0,,-2.184794,-8.005097,-10.18989,True,False,18,S50,True,16,0.5364,pickup,,,,,,,,,,,,,,,,,,,,,,,,,,,,,,,,,,,,,,,,,,,,,,,,,,,,
50,8,14,7,S4,False,17,3,20,9,0,0,0,0,0,"['B392', 'B712', 'B294', 'B194', 'B279', 'B625', 'B317', 'B659', 'B442']",4.5,S35,8.01,8,3,11,0.0,,-1.711885,-8.054159,-9.766044,False,False,18,S38,True,6,0.5631,delivery,,,,,,,,,,,,,,,,,,,,,,,,,,,,,,,,,,,,,,,,,,,,,,,,,,,,
50,8,14,19,S35,False,8,3,11,8,0,0,1,0,0,"['B683', 'B126', 'B644', 'B91', 'B436', 'B83', 'B482', 'B204', 'B177']",4.5,S65,10.81,0,4,4,0.0,,-1.219497,-7.827308,-9.046804,True,True,24,S65,False,20,0.855,delivery+depot_removal,,,,,,,,,,,,,,,,,,,,,,,,,,,,,,,,,,,,,,,,,,,,,,,,,,,,
50,8,14,35,S65,False,0,4,4,0,16,0,0,0,0,"['B308', 'B730', 'B129', 'B206', 'B548', 'B0', 'B759', 'B320', 'B119', 'B447', 'B710', 'B191', 'B510', 'B553', 'B556', 'B86']",8.0,S17,7.47,16,4,20,0.0,,-0.84671,-7.868798,-8.715509,False,False,18,S47,True,14,0.6217,pickup,,,,,,,,,,,,,,,,,,,,,,,,,,,,,,,,,,,,,,,,,,,,,,,,,,,,
50,8,14,50,S17,False,16,4,20,16,0,0,0,0,0,"['B308', 'B730', 'B129', 'B206', 'B548', 'B0', 'B759', 'B320', 'B119', 'B447', 'B710', 'B191', 'B510', 'B553', 'B556', 'B86']",8.0,S48,13.62,0,4,4,0.0,,-1.082038,-7.928346,-9.010384,False,False,12,S57,True,8,0.4544,delivery,,,,,,,,,,,,,,,,,,,,,,,,,,,,,,,,,,,,,,,,,,,,,,,,,,,,
50,8,15,12,S48,False,0,4,4,0,10,0,0,0,0,"['B499', 'B249', 'B650', 'B753', 'B413', 'B489', 'B604', 'B242', 'B741', 'B763']",5.0,S55,5.56,10,4,14,0.0,,-1.083691,-7.941971,-9.025662,True,False,36,S33,True,24,2.0014,pickup,,,,,,,,,,,,,,,,,,,,,,,,,,,,,,,,,,,,,,,,,,,,,,,,,,,,
50,8,15,22,S55,False,10,4,14,10,0,0,0,0,0,"['B499', 'B249', 'B650', 'B753', 'B413', 'B489', 'B604', 'B242', 'B741', 'B763']",5.0,S33,3.28,0,4,4,0.0,,-0.927749,-7.773068,-8.700817,True,False,24,S57,True,12,0.932,delivery,,,,,,,,,,,,,,,,,,,,,,,,,,,,,,,,,,,,,,,,,,,,,,,,,,,,
50,8,15,31,S33,False,0,4,4,0,16,0,0,0,0,"['B402', 'B132', 'B200', 'B8', 'B583', 'B153', 'B747', 'B472', 'B148', 'B97', 'B174', 'B579', 'B61', 'B162', 'B615', 'B755']",8.0,S57,5.72,16,4,20,0.0,,-0.870244,-7.867401,-8.737644,False,False,12,S50,True,9,0.5588,pickup,,,,,,,,,,,,,,,,,,,,,,,,,,,,,,,,,,,,,,,,,,,,,,,,,,,,
50,8,15,44,S57,False,16,4,20,13,0,0,0,0,0,"['B402', 'B132', 'B200', 'B8', 'B583', 'B153', 'B747', 'B472', 'B148', 'B97', 'B174', 'B579', 'B61']",6.5,S60,9.08,3,4,7,0.0,,-1.005058,-7.901595,-8.906653,False,False,18,S50,True,16,0.6653,delivery,,,,,,,,,,,,,,,,,,,,,,,,,,,,,,,,,,,,,,,,,,,,,,,,,,,,
50,8,16,0,S60,False,3,4,7,0,11,0,0,0,0,"['B717', 'B188', 'B638', 'B104', 'B712', 'B653', 'B356', 'B568', 'B288', 'B309', 'B337']",5.5,S35,9.21,14,4,18,0.0,,-0.670397,-7.766268,-8.436665,True,False,42,S50,True,28,1.5361,pickup,,,,,,,,,,,,,,,,,,,,,,,,,,,,,,,,,,,,,,,,,,,,,,,,,,,,
50,8,16,15,S35,False,14,4,18,12,0,0,0,0,0,"['B162', 'B615', 'B755', 'B717', 'B188', 'B638', 'B104', 'B712', 'B653', 'B356', 'B568', 'B288']",6.0,S50,1.61,2,4,6,0.0,,-0.492235,-7.784458,-8.276692,False,False,18,S50,False,6,0.7529,delivery,,,,,,,,,,,,,,,,,,,,,,,,,,,,,,,,,,,,,,,,,,,,,,,,,,,,
50,8,16,22,S50,False,2,4,6,2,0,0,0,0,0,"['B309', 'B337']",1.0,S44,6.58,0,4,4,0.0,,-1.182415,-7.826928,-9.009343,False,False,12,S41,True,9,0.388,delivery,,,,,,,,,,,,,,,,,,,,,,,,,,,,,,,,,,,,,,,,,,,,,,,,,,,,
50,8,16,30,S44,False,0,4,4,0,10,0,0,0,0,"['B731', 'B107', 'B411', 'B718', 'B28', 'B495', 'B367', 'B5', 'B570', 'B124']",5.0,S41,4.82,10,4,14,0.0,,-0.532741,-7.686256,-8.218997,False,False,18,S41,False,13,0.6806,pickup,,,,,,,,,,,,,,,,,,,,,,,,,,,,,,,,,,,,,,,,,,,,,,,,,,,,
50,8,16,40,S41,False,10,4,14,0,6,0,0,0,0,"['B59', 'B484', 'B175', 'B52', 'B720', 'B756']",3.0,S26,6.65,16,4,20,0.0,,-0.472763,-7.670844,-8.143607,True,False,18,S47,True,13,0.6114,pickup,,,,,,,,,,,,,,,,,,,,,,,,,,,,,,,,,,,,,,,,,,,,,,,,,,,,
50,8,16,49,S26,False,16,4,20,16,0,0,0,0,0,"['B731', 'B107', 'B411', 'B718', 'B28', 'B495', 'B367', 'B5', 'B570', 'B124', 'B59', 'B484', 'B175', 'B52', 'B720', 'B756']",8.0,S51,11.22,0,4,4,0.0,,-0.256107,-7.666797,-7.922904,False,False,12,S36,True,7,0.422,delivery,,,,,,,,,,,,,,,,,,,,,,,,,,,,,,,,,,,,,,,,,,,,,,,,,,,,
50,8,17,8,S51,False,0,4,4,0,6,3,0,0,0,"['B501', 'B271', 'B491', 'B177', 'B416', 'B20']",12.0,S65,10.57,6,4,10,0.0,,-0.234835,-7.760864,-7.995699,True,True,144,S65,True,86,4.5531,pickup+onsite,,,,,,,,,,,,,,,,,,,,,,,,,,,,,,,,,,,,,,,,,,,,,,,,,,,,
50,8,17,31,S65,False,6,4,10,0,10,1,0,0,0,"['B219', 'B51', 'B369', 'B642', 'B272', 'B492', 'B744', 'B454', 'B115', 'B40']",8.0,S49,4.37,16,4,20,0.0,,-0.079194,-7.680566,-7.759761,True,True,24,S39,True,18,0.7437,pickup+onsite,,,,,,,,,,,,,,,,,,,,,,,,,,,,,,,,,,,,,,,,,,,,,,,,,,,,
50,8,17,43,S49,False,16,4,20,13,0,0,0,0,0,"['B501', 'B271', 'B491', 'B177', 'B416', 'B20', 'B219', 'B51', 'B369', 'B642', 'B272', 'B492', 'B744']",6.5,S55,8.04,3,4,7,0.0,,-0.335452,-7.739121,-8.074573,False,False,18,S55,False,13,0.6976,delivery,,,,,,,,,,,,,,,,,,,,,,,,,,,,,,,,,,,,,,,,,,,,,,,,,,,,
50,8,17,58,S55,False,3,4,7,3,0,1,0,0,0,"['B454', 'B115', 'B40']",4.5,S61,5.26,0,4,4,0.0,,-0.393767,-7.794253,-8.18802,True,True,24,S36,True,21,0.8927,delivery+onsite,,,,,,,,,,,,,,,,,,,,,,,,,,,,,,,,,,,,,,,,,,,,,,,,,,,,
50,8,18,8,S61,False,0,4,4,0,11,0,1,0,0,"['B118', 'B135', 'B322', 'B532', 'B116', 'B465', 'B481', 'B676', 'B127', 'B665', 'B448', 'B89']",6.0,S39,3.98,11,5,16,0.0,,-0.078395,-7.884818,-7.963213,True,True,36,S36,True,20,1.1255,pickup+depot_removal,,,,,,,,,,,,,,,,,,,,,,,,,,,,,,,,,,,,,,,,,,,,,,,,,,,,
50,8,18,18,S39,False,11,5,16,11,0,1,0,0,0,"['B118', 'B135', 'B322', 'B532', 'B116', 'B465', 'B481', 'B676', 'B127', 'B665', 'B448']",8.5,S36,7.97,0,5,5,0.0,,-0.196588,-7.890177,-8.086765,True,True,24,S36,False,18,0.9824,delivery+onsite,,,,,,,,,,,,,,,,,,,,,,,,,,,,,,,,,,,,,,,,,,,,,,,,,,,,
50,8,18,34,S36,False,0,5,5,0,14,0,0,0,0,"['B158', 'B488', 'B581', 'B84', 'B722', 'B742', 'B632', 'B745', 'B690', 'B623', 'B178', 'B264', 'B85', 'B471']",7.0,S32,2.69,14,5,19,0.0,,-0.295352,-7.861725,-8.157077,False,False,18,S50,True,7,0.7258,pickup,,,,,,,,,,,,,,,,,,,,,,,,,,,,,,,,,,,,,,,,,,,,,,,,,,,,
50,8,18,44,S32,False,14,5,19,12,0,0,0,0,0,"['B158', 'B488', 'B581', 'B84', 'B722', 'B742', 'B632', 'B745', 'B690', 'B623', 'B178', 'B264']",6.0,S56,1.58,2,5,7,0.0,,-0.177264,-7.928307,-8.105571,False,False,18,S50,True,7,0.5786,delivery,,,,,,,,,,,,,,,,,,,,,,,,,,,,,,,,,,,,,,,,,,,,,,,,,,,,
50,8,18,51,S56,False,2,5,7,2,0,1,1,0,0,"['B617', 'B85', 'B471']",4.5,S10,2.55,0,6,6,0.0,,-0.157388,-7.838715,-7.996104,True,True,72,S44,True,61,1.9794,delivery+maintenance,,,,,,,,,,,,,,,,,,,,,,,,,,,,,,,,,,,,,,,,,,,,,,,,,,,,
50,8,18,58,S10,False,0,6,6,0,8,0,0,0,0,"['B749', 'B643', 'B658', 'B389', 'B671', 'B424', 'B205', 'B190']",4.0,S35,2.61,8,6,14,0.0,,-0.118593,-7.800345,-7.918938,True,False,36,S35,True,13,0.9547,pickup,,,,,,,,,,,,,,,,,,,,,,,,,,,,,,,,,,,,,,,,,,,,,,,,,,,,
50,8,19,5,S35,False,8,6,14,0,6,0,0,0,0,"['B275', 'B573', 'B359', 'B608', 'B604', 'B319']",3.0,S50,1.61,14,6,20,0.0,,-0.158239,-7.514526,-7.672765,False,False,12,S50,False,6,0.3092,pickup,,,,,,,,,,,,,,,,,,,,,,,,,,,,,,,,,,,,,,,,,,,,,,,,,,,,
50,8,19,10,S50,False,14,6,20,14,0,0,0,0,0,"['B749', 'B643', 'B658', 'B389', 'B671', 'B424', 'B205', 'B190', 'B275', 'B573', 'B359', 'B608', 'B604', 'B319']",7.0,S51,8.8,0,6,6,0.0,,-0.176862,-7.532422,-7.709284,False,False,12,S31,True,8,0.4349,delivery,,,,,,,,,,,,,,,,,,,,,,,,,,,,,,,,,,,,,,,,,,,,,,,,,,,,
50,8,19,25,S51,False,0,6,6,0,9,0,1,0,0,"['B497', 'B567', 'B19', 'B22', 'B629', 'B273', 'B128', 'B741', 'B328', 'B634']",5.0,S56,5.88,9,7,16,0.0,,-0.098467,-7.582016,-7.680483,True,True,33,S31,True,31,1.0892,pickup+depot_removal,,,,,,,,,,,,,,,,,,,,,,,,,,,,,,,,,,,,,,,,,,,,,,,,,,,,
50,8,19,36,S56,False,9,7,16,9,0,0,0,0,0,"['B497', 'B567', 'B19', 'B22', 'B629', 'B273', 'B128', 'B741', 'B328']",4.5,S66,7.15,0,7,7,0.0,,-0.098569,-7.627723,-7.726292,True,False,23,S31,True,18,0.6435,delivery,,,,,,,,,,,,,,,,,,,,,,,,,,,,,,,,,,,,,,,,,,,,,,,,,,,,
50,8,19,48,S66,False,0,7,7,0,10,0,0,0,0,"['B666', 'B236', 'B341', 'B297', 'B7', 'B549', 'B490', 'B160', 'B526', 'B104']",5.0,D0,1.4,10,7,17,0.0,,-0.218162,-7.731465,-7.949627,False,False,3,D0,False,2,0.1189,pickup,,,,,,,,,,,,,,,,,,,,,,,,,,,,,,,,,,,,,,,,,,,,,,,,,,,,
50,8,19,54,D0,True,10,7,17,0,0,0,0,7,9,"['B340', 'B169', 'B602', 'B21', 'B531', 'B613', 'B326', 'B703', 'B493', 'B394', 'B680', 'B513', 'B683', 'B89', 'B617', 'B634']",8.0,D0,0.0,19,0,19,0.0,,-0.05937,-7.744812,-7.804182,True,True,1,D0,False,0,0.0302,do_nothing,,,,,,,,,,,,,,,,,,,,,,,,,,,,,,,,,,,,,,,,,,,,,,,,,,,,
50,9,6,2,D0,True,19,0,19,0,0,0,0,0,0,[],0.0,S66,1.4,19,0,19,0.0,,-2.047587,-8.347972,-10.395559,True,True,5,S66,False,0,0.133,depot_passthrough,,,,,,,,,,,,,,,,,,,,,,,,,,,,,,,,,,,,,,,,,,,,,,,,,,,,
50,9,6,19,S66,False,19,0,19,19,0,0,0,0,0,"['B666', 'B236', 'B341', 'B297', 'B7', 'B549', 'B490', 'B160', 'B526', 'B104', 'B340', 'B169', 'B602', 'B21', 'B531', 'B613', 'B326', 'B703', 'B493']",9.5,S52,3.13,0,0,0,0.0,,-2.052617,-8.215422,-10.268039,False,False,12,S49,True,7,0.4552,delivery,,,,,,,,,,,,,,,,,,,,,,,,,,,,,,,,,,,,,,,,,,,,,,,,,,,,
50,9,6,31,S52,False,0,0,0,0,13,0,0,0,0,"['B157', 'B395', 'B407', 'B585', 'B453', 'B387', 'B598', 'B446', 'B583', 'B153', 'B60', 'B248', 'B231']",6.5,S39,4.66,13,0,13,0.0,,-2.09554,-8.290233,-10.385773,False,False,18,S39,False,12,0.5478,pickup,,,,,,,,,,,,,,,,,,,,,,,,,,,,,,,,,,,,,,,,,,,,,,,,,,,,
50,9,6,43,S39,False,13,0,13,0,7,0,0,0,0,"['B117', 'B118', 'B135', 'B322', 'B532', 'B116', 'B465']",3.5,S7,7.46,20,0,20,0.0,,-1.719655,-8.253216,-9.972871,False,False,12,S51,True,7,0.4301,pickup,,,,,,,,,,,,,,,,,,,,,,,,,,,,,,,,,,,,,,,,,,,,,,,,,,,,
50,9,6,53,S7,False,20,0,20,18,0,0,0,0,0,"['B157', 'B395', 'B407', 'B585', 'B453', 'B387', 'B598', 'B446', 'B583', 'B153', 'B60', 'B248', 'B231', 'B117', 'B118', 'B135', 'B322', 'B532']",9.0,S49,7.01,2,0,2,0.0,,-1.402831,-8.306353,-9.709183,False,False,18,S27,True,9,0.6349,delivery,,,,,,,,,,,,,,,,,,,,,,,,,,,,,,,,,,,,,,,,,,,,,,,,,,,,
50,9,7,9,S49,False,2,0,2,0,18,0,0,0,0,"['B416', 'B20', 'B219', 'B51', 'B369', 'B642', 'B272', 'B492', 'B744', 'B524', 'B616', 'B392', 'B267', 'B701', 'B10', 'B251', 'B41', 'B214']",9.0,S51,7.18,20,0,20,0.0,,-0.966546,-8.314893,-9.281439,False,False,12,S30,True,8,0.4666,pickup,,,,,,,,,,,,,,,,,,,,,,,,,,,,,,,,,,,,,,,,,,,,,,,,,,,,
50,9,7,26,S51,False,20,0,20,15,0,0,0,0,0,"['B116', 'B465', 'B416', 'B20', 'B219', 'B51', 'B369', 'B642', 'B272', 'B492', 'B744', 'B524', 'B616', 'B392', 'B267']",7.5,S48,0.84,5,0,5,0.0,,-1.066427,-8.132679,-9.199106,False,False,18,S12,True,12,0.6054,delivery,,,,,,,,,,,,,,,,,,,,,,,,,,,,,,,,,,,,,,,,,,,,,,,,,,,,
50,9,7,34,S48,False,5,0,5,5,0,1,0,0,0,"['B701', 'B10', 'B251', 'B41', 'B214']",5.5,S32,4.4,0,0,0,0.0,,-1.024738,-8.086167,-9.110905,True,True,24,S39,True,20,0.7835,delivery+onsite,,,,,,,,,,,,,,,,,,,,,,,,,,,,,,,,,,,,,,,,,,,,,,,,,,,,
50,9,7,44,S32,False,0,0,0,0,16,0,0,0,0,"['B690', 'B623', 'B178', 'B264', 'B8', 'B721', 'B698', 'B312', 'B746', 'B614', 'B87', 'B607', 'B33', 'B542', 'B717', 'B692']",8.0,S13,14.96,16,0,16,0.0,,-0.847861,-8.042103,-8.889964,False,False,18,S39,True,8,0.5834,pickup,,,,,,,,,,,,,,,,,,,,,,,,,,,,,,,,,,,,,,,,,,,,,,,,,,,,
50,9,8,7,S13,False,16,0,16,11,0,0,0,0,0,"['B690', 'B623', 'B178', 'B264', 'B8', 'B721', 'B698', 'B312', 'B746', 'B614', 'B87']",5.5,S42,17.27,5,0,5,0.0,,-0.729867,-8.219204,-8.949071,False,False,18,S18,True,8,0.6697,delivery,,,,,,,,,,,,,,,,,,,,,,,,,,,,,,,,,,,,,,,,,,,,,,,,,,,,
50,9,8,30,S42,False,5,0,5,5,0,0,1,0,0,"['B311', 'B607', 'B33', 'B542', 'B717', 'B692']",3.0,S37,9.19,0,1,1,0.0,,-0.845858,-8.071785,-8.917642,True,True,24,S18,True,18,0.7314,delivery+depot_removal,,,,,,,,,,,,,,,,,,,,,,,,,,,,,,,,,,,,,,,,,,,,,,,,,,,,
50,9,8,42,S37,False,0,1,1,0,18,1,0,0,0,"['B5', 'B694', 'B414', 'B398', 'B586', 'B726', 'B323', 'B765', 'B370', 'B238', 'B727', 'B575', 'B3', 'B257', 'B477', 'B562', 'B669', 'B451']",12.0,S48,5.41,18,1,19,0.0,,-0.511661,-8.227068,-8.73873,True,True,60,S18,True,51,1.9815,pickup+onsite,,,,,,,,,,,,,,,,,,,,,,,,,,,,,,,,,,,,,,,,,,,,,,,,,,,,
50,9,8,59,S48,False,18,1,19,9,0,0,0,0,0,"['B5', 'B694', 'B414', 'B398', 'B586', 'B726', 'B323', 'B765', 'B370']",4.5,S12,1.68,9,1,10,0.0,,-0.905021,-8.34177,-9.246791,False,False,18,S12,False,6,0.583,delivery,,,,,,,,,,,,,,,,,,,,,,,,,,,,,,,,,,,,,,,,,,,,,,,,,,,,
50,9,9,5,S12,False,9,1,10,9,0,0,0,0,0,"['B238', 'B727', 'B575', 'B3', 'B257', 'B477', 'B562', 'B669', 'B451']",4.5,S54,8.01,0,1,1,0.0,,-1.100775,-8.290583,-9.391358,False,False,12,S44,True,8,0.5332,delivery,,,,,,,,,,,,,,,,,,,,,,,,,,,,,,,,,,,,,,,,,,,,,,,,,,,,
50,9,9,18,S54,False,0,1,1,0,14,0,0,0,0,"['B30', 'B761', 'B303', 'B439', 'B488', 'B256', 'B675', 'B105', 'B405', 'B219', 'B518', 'B350', 'B116', 'B1']",7.0,S44,3.95,14,1,15,0.0,,-0.845608,-8.202426,-9.048034,False,False,18,S39,True,16,0.7026,pickup,,,,,,,,,,,,,,,,,,,,,,,,,,,,,,,,,,,,,,,,,,,,,,,,,,,,
50,9,9,29,S44,False,14,1,15,0,5,0,0,0,0,"['B747', 'B509', 'B96', 'B432', 'B597']",2.5,S46,1.44,19,1,20,0.0,,-0.670293,-8.18848,-8.858774,False,False,12,S46,False,7,0.4595,pickup,,,,,,,,,,,,,,,,,,,,,,,,,,,,,,,,,,,,,,,,,,,,,,,,,,,,
50,9,9,33,S46,False,19,1,20,13,0,0,0,0,0,"['B30', 'B761', 'B303', 'B439', 'B488', 'B256', 'B675', 'B105', 'B405', 'B219', 'B518', 'B350', 'B116']",6.5,S27,5.34,6,1,7,0.0,,-0.749894,-8.159667,-8.909561,True,False,30,S43,True,20,1.0321,delivery,,,,,,,,,,,,,,,,,,,,,,,,,,,,,,,,,,,,,,,,,,,,,,,,,,,,
50,9,9,45,S27,False,6,1,7,6,0,0,0,0,0,"['B1', 'B747', 'B509', 'B96', 'B432', 'B597']",3.0,S16,4.73,0,1,1,0.0,,-0.730221,-7.997969,-8.72819,True,False,24,S61,True,15,0.8669,delivery,,,,,,,,,,,,,,,,,,,,,,,,,,,,,,,,,,,,,,,,,,,,,,,,,,,,
50,9,9,52,S16,False,0,1,1,0,11,0,0,0,0,"['B260', 'B590', 'B485', 'B718', 'B406', 'B764', 'B732', 'B70', 'B358', 'B656', 'B693']",5.5,S44,0.23,11,1,12,0.0,,-0.533085,-8.056023,-8.589109,False,False,18,S39,True,6,0.5744,pickup,,,,,,,,,,,,,,,,,,,,,,,,,,,,,,,,,,,,,,,,,,,,,,,,,,,,
50,9,9,58,S44,False,11,1,12,0,8,0,0,0,0,"['B170', 'B728', 'B464', 'B201', 'B279', 'B385', 'B628', 'B624']",4.0,S26,7.72,19,1,20,0.0,,-0.530882,-8.009552,-8.540433,False,False,12,S28,True,8,0.3547,pickup,,,,,,,,,,,,,,,,,,,,,,,,,,,,,,,,,,,,,,,,,,,,,,,,,,,,
50,9,10,10,S26,False,19,1,20,14,0,0,0,0,0,"['B260', 'B590', 'B485', 'B718', 'B406', 'B764', 'B732', 'B70', 'B358', 'B656', 'B693', 'B170', 'B728', 'B464']",7.0,S60,6.85,5,1,6,0.0,,-0.471064,-8.162078,-8.633142,False,False,18,S20,True,13,0.8728,delivery,,,,,,,,,,,,,,,,,,,,,,,,,,,,,,,,,,,,,,,,,,,,,,,,,,,,
50,9,10,24,S60,False,5,1,6,0,0,0,1,0,0,['B670'],0.5,S62,3.68,5,2,7,0.0,,-0.334498,-8.094044,-8.428541,True,True,72,S4,True,7,2.9561,do_nothing+depot_removal,,,,,,,,,,,,,,,,,,,,,,,,,,,,,,,,,,,,,,,,,,,,,,,,,,,,
50,9,10,28,S62,False,5,2,7,0,13,0,0,0,0,"['B57', 'B442', 'B471', 'B280', 'B677', 'B544', 'B514', 'B596', 'B377', 'B713', 'B14', 'B27', 'B128']",6.5,S29,3.79,18,2,20,0.0,,-0.41435,-8.124022,-8.538372,True,False,18,S56,True,13,0.7763,pickup,,,,,,,,,,,,,,,,,,,,,,,,,,,,,,,,,,,,,,,,,,,,,,,,,,,,
50,9,10,38,S29,False,18,2,20,18,0,0,0,0,0,"['B201', 'B279', 'B385', 'B628', 'B624', 'B57', 'B442', 'B471', 'B280', 'B677', 'B544', 'B514', 'B596', 'B377', 'B713', 'B14', 'B27', 'B128']",9.0,S52,5.05,0,2,2,0.0,,-0.491539,-8.127697,-8.619236,False,False,18,S31,True,10,0.7216,delivery,,,,,,,,,,,,,,,,,,,,,,,,,,,,,,,,,,,,,,,,,,,,,,,,,,,,
50,9,10,52,S52,False,0,2,2,0,11,0,0,0,0,"['B183', 'B501', 'B346', 'B254', 'B479', 'B115', 'B750', 'B519', 'B47', 'B472', 'B239']",5.5,S31,2.99,11,2,13,0.0,,-0.413343,-8.175962,-8.589305,False,False,18,S53,True,6,0.7511,pickup,,,,,,,,,,,,,,,,,,,,,,,,,,,,,,,,,,,,,,,,,,,,,,,,,,,,
50,9,11,1,S31,False,11,2,13,0,0,2,1,0,0,['B635'],6.5,S23,5.05,11,3,14,0.0,,-0.374146,-8.207469,-8.581614,True,True,72,S40,True,31,2.535,do_nothing+maintenance,,,,,,,,,,,,,,,,,,,,,,,,,,,,,,,,,,,,,,,,,,,,,,,,,,,,
50,9,11,12,S23,False,11,3,14,0,0,0,1,0,0,['B94'],0.5,S40,8.5,11,4,15,0.0,,-0.630753,-8.133312,-8.764064,True,True,18,S25,True,10,0.5112,do_nothing+depot_removal,,,,,,,,,,,,,,,,,,,,,,,,,,,,,,,,,,,,,,,,,,,,,,,,,,,,
50,9,11,21,S40,False,11,4,15,0,5,0,0,0,0,"['B475', 'B287', 'B672', 'B538', 'B255']",2.5,S61,2.69,16,4,20,0.0,,-0.768463,-8.164111,-8.932575,False,False,12,S61,False,8,0.356,pickup,,,,,,,,,,,,,,,,,,,,,,,,,,,,,,,,,,,,,,,,,,,,,,,,,,,,
50,9,11,26,S61,False,16,4,20,9,0,0,0,0,0,"['B183', 'B501', 'B346', 'B254', 'B479', 'B115', 'B750', 'B519', 'B47']",4.5,S23,6.04,7,4,11,0.0,,-0.314325,-8.046424,-8.360749,False,False,18,S25,True,8,0.5242,delivery,,,,,,,,,,,,,,,,,,,,,,,,,,,,,,,,,,,,,,,,,,,,,,,,,,,,
50,9,11,37,S23,False,7,4,11,0,9,0,0,0,0,"['B28', 'B408', 'B138', 'B106', 'B342', 'B622', 'B549', 'B690', 'B753']",4.5,S25,6.28,16,4,20,0.0,,-0.432765,-7.975611,-8.408376,False,False,12,S25,False,7,0.2999,pickup,,,,,,,,,,,,,,,,,,,,,,,,,,,,,,,,,,,,,,,,,,,,,,,,,,,,
50,9,11,48,S25,False,16,4,20,16,0,0,0,0,0,"['B472', 'B239', 'B475', 'B287', 'B672', 'B538', 'B255', 'B28', 'B408', 'B138', 'B106', 'B342', 'B622', 'B549', 'B690', 'B753']",8.0,S39,11.4,0,4,4,0.0,,-0.510861,-8.091614,-8.602475,True,False,18,S60,True,7,0.5223,delivery,,,,,,,,,,,,,,,,,,,,,,,,,,,,,,,,,,,,,,,,,,,,,,,,,,,,
50,9,12,7,S39,False,0,4,4,0,0,0,0,0,0,[],0.0,S60,2.89,0,4,4,0.0,,-0.727781,-8.032959,-8.76074,False,False,18,S60,False,0,0.6158,do_nothing,,,,,,,,,,,,,,,,,,,,,,,,,,,,,,,,,,,,,,,,,,,,,,,,,,,,
50,9,12,10,S60,False,0,4,4,0,16,1,0,0,0,"['B561', 'B285', 'B438', 'B709', 'B147', 'B134', 'B195', 'B643', 'B685', 'B54', 'B374', 'B645', 'B271', 'B17', 'B444', 'B316']",11.0,S27,3.14,16,4,20,0.0,,-0.591997,-7.876093,-8.468089,True,True,36,S27,True,30,1.0611,pickup+onsite,,,,,,,,,,,,,,,,,,,,,,,,,,,,,,,,,,,,,,,,,,,,,,,,,,,,
50,9,12,24,S27,False,16,4,20,13,0,0,0,0,0,"['B561', 'B285', 'B438', 'B709', 'B147', 'B134', 'B195', 'B643', 'B685', 'B54', 'B374', 'B645', 'B271']",6.5,S54,4.59,3,4,7,0.0,,-0.74724,-7.942586,-8.689826,True,False,36,S6,True,24,1.0475,delivery,,,,,,,,,,,,,,,,,,,,,,,,,,,,,,,,,,,,,,,,,,,,,,,,,,,,
50,9,12,35,S54,False,3,4,7,3,0,0,0,0,0,"['B17', 'B444', 'B316']",1.5,S40,2.17,0,4,4,0.0,,-0.826281,-7.955052,-8.781334,False,False,12,S8,True,6,0.3369,delivery,,,,,,,,,,,,,,,,,,,,,,,,,,,,,,,,,,,,,,,,,,,,,,,,,,,,
50,9,12,39,S40,False,0,4,4,0,11,0,0,0,0,"['B478', 'B393', 'B638', 'B627', 'B236', 'B621', 'B266', 'B192', 'B647', 'B531', 'B420']",5.5,S54,2.17,11,4,15,0.0,,-1.063014,-8.0375,-9.100515,False,False,18,S8,True,6,0.4211,pickup,,,,,,,,,,,,,,,,,,,,,,,,,,,,,,,,,,,,,,,,,,,,,,,,,,,,
50,9,12,47,S54,False,11,4,15,11,0,0,0,0,0,"['B478', 'B393', 'B638', 'B627', 'B236', 'B621', 'B266', 'B192', 'B647', 'B531', 'B420']",5.5,S8,10.5,0,4,4,0.0,,-0.823334,-7.957918,-8.781252,False,False,12,S1,True,6,0.3306,delivery,,,,,,,,,,,,,,,,,,,,,,,,,,,,,,,,,,,,,,,,,,,,,,,,,,,,
50,9,13,3,S8,False,0,4,4,0,9,0,0,0,0,"['B711', 'B347', 'B487', 'B142', 'B620', 'B75', 'B664', 'B351', 'B348']",4.5,S1,7.29,9,4,13,0.0,,-0.844903,-7.964326,-8.809229,False,False,18,S51,True,16,0.5082,pickup,,,,,,,,,,,,,,,,,,,,,,,,,,,,,,,,,,,,,,,,,,,,,,,,,,,,
50,9,13,14,S1,False,9,4,13,9,0,0,0,0,0,"['B711', 'B347', 'B487', 'B142', 'B620', 'B75', 'B664', 'B351', 'B348']",4.5,S51,8.32,0,4,4,0.0,,-1.575721,-7.904654,-9.480375,True,False,36,S63,True,24,1.2112,delivery,,,,,,,,,,,,,,,,,,,,,,,,,,,,,,,,,,,,,,,,,,,,,,,,,,,,
50,9,13,27,S51,False,0,4,4,0,16,0,0,0,0,"['B563', 'B157', 'B247', 'B25', 'B624', 'B507', 'B663', 'B44', 'B223', 'B662', 'B250', 'B77', 'B713', 'B551', 'B237', 'B520']",8.0,S56,5.88,16,4,20,0.0,,-0.765024,-8.110602,-8.875627,False,False,18,S62,True,16,0.6643,pickup,,,,,,,,,,,,,,,,,,,,,,,,,,,,,,,,,,,,,,,,,,,,,,,,,,,,
50,9,13,41,S56,False,16,4,20,8,0,0,1,0,0,"['B274', 'B563', 'B157', 'B247', 'B25', 'B624', 'B507', 'B663', 'B44']",4.5,S35,2.44,8,5,13,0.0,,-1.9683,-8.251788,-10.220088,True,True,30,S46,True,13,0.924,delivery+depot_removal,,,,,,,,,,,,,,,,,,,,,,,,,,,,,,,,,,,,,,,,,,,,,,,,,,,,
50,9,13,48,S35,False,8,5,13,8,0,2,0,0,0,"['B223', 'B662', 'B250', 'B77', 'B713', 'B551', 'B237', 'B520']",10.0,S66,8.23,0,5,5,0.0,,-1.946278,-8.189,-10.135278,True,True,36,S46,True,32,0.981,delivery+onsite,,,,,,,,,,,,,,,,,,,,,,,,,,,,,,,,,,,,,,,,,,,,,,,,,,,,
50,9,14,6,S66,False,0,5,5,0,15,0,0,0,0,"['B509', 'B550', 'B105', 'B600', 'B257', 'B356', 'B597', 'B712', 'B59', 'B631', 'B290', 'B76', 'B99', 'B608', 'B234']",7.5,S26,5.64,15,5,20,0.0,,-1.711283,-8.137509,-9.848791,True,False,24,S62,True,12,0.9111,pickup,,,,,,,,,,,,,,,,,,,,,,,,,,,,,,,,,,,,,,,,,,,,,,,,,,,,
50,9,14,19,S26,False,15,5,20,15,0,0,0,0,0,"['B509', 'B550', 'B105', 'B600', 'B257', 'B356', 'B597', 'B712', 'B59', 'B631', 'B290', 'B76', 'B99', 'B608', 'B234']",7.5,S62,5.52,0,5,5,0.0,,-1.397159,-8.084739,-9.481898,False,False,12,S62,False,6,0.4437,delivery,,,,,,,,,,,,,,,,,,,,,,,,,,,,,,,,,,,,,,,,,,,,,,,,,,,,
50,9,14,32,S62,False,0,5,5,0,0,0,1,0,0,['B9'],0.5,S19,6.84,0,6,6,0.0,,-0.786287,-8.071474,-8.857761,True,True,30,S29,True,8,1.0045,do_nothing+depot_removal,,,,,,,,,,,,,,,,,,,,,,,,,,,,,,,,,,,,,,,,,,,,,,,,,,,,
50,9,14,40,S19,False,0,6,6,0,10,0,0,0,0,"['B444', 'B429', 'B319', 'B703', 'B756', 'B762', 'B366', 'B298', 'B559', 'B671']",5.0,S54,6.83,10,6,16,0.0,,-1.497629,-8.000757,-9.498386,False,False,18,S62,True,9,0.5028,pickup,,,,,,,,,,,,,,,,,,,,,,,,,,,,,,,,,,,,,,,,,,,,,,,,,,,,
50,9,14,52,S54,False,10,6,16,10,0,0,0,0,0,"['B444', 'B429', 'B319', 'B703', 'B756', 'B762', 'B366', 'B298', 'B559', 'B671']",5.0,S41,6.96,0,6,6,0.0,,-0.72682,-7.928328,-8.655147,False,False,12,S30,True,8,0.353,delivery,,,,,,,,,,,,,,,,,,,,,,,,,,,,,,,,,,,,,,,,,,,,,,,,,,,,
50,9,15,4,S41,False,0,6,6,0,14,0,0,0,0,"['B742', 'B142', 'B620', 'B529', 'B183', 'B223', 'B534', 'B662', 'B717', 'B77', 'B488', 'B391', 'B450', 'B397']",7.0,S32,7.65,14,6,20,0.0,,-0.750685,-7.88782,-8.638505,True,False,24,S55,True,20,0.731,pickup,,,,,,,,,,,,,,,,,,,,,,,,,,,,,,,,,,,,,,,,,,,,,,,,,,,,
50,9,15,18,S32,False,14,6,20,14,0,0,0,0,0,"['B742', 'B142', 'B620', 'B529', 'B183', 'B223', 'B534', 'B662', 'B717', 'B77', 'B488', 'B391', 'B450', 'B397']",7.0,S62,3.53,0,6,6,0.0,,-0.51076,-7.791874,-8.302634,False,False,18,S29,True,12,0.5459,delivery,,,,,,,,,,,,,,,,,,,,,,,,,,,,,,,,,,,,,,,,,,,,,,,,,,,,
50,9,15,29,S62,False,0,6,6,0,14,0,0,0,0,"['B128', 'B302', 'B160', 'B132', 'B314', 'B656', 'B197', 'B758', 'B502', 'B211', 'B478', 'B451', 'B194', 'B168']",7.0,S46,2.76,14,6,20,0.0,,-0.333504,-7.92643,-8.259933,False,False,18,S55,True,10,0.6058,pickup,,,,,,,,,,,,,,,,,,,,,,,,,,,,,,,,,,,,,,,,,,,,,,,,,,,,
50,9,15,39,S46,False,14,6,20,14,0,0,0,0,0,"['B128', 'B302', 'B160', 'B132', 'B314', 'B656', 'B197', 'B758', 'B502', 'B211', 'B478', 'B451', 'B194', 'B168']",7.0,S30,6.95,0,6,6,0.0,,-0.472814,-7.683503,-8.156316,True,False,30,S29,True,22,0.8738,delivery,,,,,,,,,,,,,,,,,,,,,,,,,,,,,,,,,,,,,,,,,,,,,,,,,,,,
50,9,15,52,S30,False,0,6,6,0,10,0,0,0,0,"['B544', 'B479', 'B17', 'B217', 'B88', 'B449', 'B516', 'B644', 'B228', 'B605']",5.0,S15,4.47,10,6,16,0.0,,-0.611731,-7.682125,-8.293856,False,False,18,S25,True,12,0.5232,pickup,,,,,,,,,,,,,,,,,,,,,,,,,,,,,,,,,,,,,,,,,,,,,,,,,,,,
50,9,16,2,S15,False,10,6,16,10,0,0,0,0,0,"['B544', 'B479', 'B17', 'B217', 'B88', 'B449', 'B516', 'B644', 'B228', 'B605']",5.0,S44,4.96,0,6,6,0.0,,-0.451697,-7.579142,-8.030838,False,False,18,S64,True,12,0.5209,delivery,,,,,,,,,,,,,,,,,,,,,,,,,,,,,,,,,,,,,,,,,,,,,,,,,,,,
50,9,16,12,S44,False,0,6,6,0,13,0,0,0,0,"['B354', 'B739', 'B200', 'B285', 'B57', 'B250', 'B465', 'B624', 'B361', 'B225', 'B235', 'B309', 'B619']",6.5,S34,4.94,13,6,19,0.0,,-0.255405,-7.471944,-7.727349,False,False,18,S29,True,13,0.6467,pickup,,,,,,,,,,,,,,,,,,,,,,,,,,,,,,,,,,,,,,,,,,,,,,,,,,,,
50,9,16,23,S34,False,13,6,19,13,0,0,0,0,0,"['B354', 'B739', 'B200', 'B285', 'B57', 'B250', 'B465', 'B624', 'B361', 'B225', 'B235', 'B309', 'B619']",6.5,S25,12.22,0,6,6,0.0,,-0.492437,-7.524918,-8.017356,False,False,12,S55,True,7,0.4768,delivery,,,,,,,,,,,,,,,,,,,,,,,,,,,,,,,,,,,,,,,,,,,,,,,,,,,,
50,9,16,42,S25,False,0,6,6,0,12,0,0,0,0,"['B472', 'B239', 'B475', 'B287', 'B672', 'B538', 'B255', 'B28', 'B408', 'B138', 'B106', 'B342']",6.0,S55,15.44,12,6,18,0.0,,-0.257157,-7.525404,-7.782561,True,False,30,S41,True,21,1.022,pickup,,,,,,,,,,,,,,,,,,,,,,,,,,,,,,,,,,,,,,,,,,,,,,,,,,,,
50,9,17,4,S55,False,12,6,18,12,0,0,0,0,0,"['B472', 'B239', 'B475', 'B287', 'B672', 'B538', 'B255', 'B28', 'B408', 'B138', 'B106', 'B342']",6.0,S41,7.46,0,6,6,0.0,,-0.257004,-7.657284,-7.914288,True,False,36,S41,False,26,1.3229,delivery,,,,,,,,,,,,,,,,,,,,,,,,,,,,,,,,,,,,,,,,,,,,,,,,,,,,
50,9,17,17,S41,False,0,6,6,0,7,0,0,0,0,"['B352', 'B424', 'B98', 'B721', 'B616', 'B365', 'B700']",3.5,S64,1.81,7,6,13,0.0,,-0.098416,-7.522212,-7.620628,True,False,108,S60,True,39,3.2032,pickup,,,,,,,,,,,,,,,,,,,,,,,,,,,,,,,,,,,,,,,,,,,,,,,,,,,,
50,9,17,22,S64,False,7,6,13,0,7,0,0,0,0,"['B476', 'B701', 'B500', 'B188', 'B376', 'B118', 'B31']",3.5,S29,7.1,14,6,20,0.0,,-0.315876,-7.635104,-7.95098,False,False,12,S42,True,7,0.3399,pickup,,,,,,,,,,,,,,,,,,,,,,,,,,,,,,,,,,,,,,,,,,,,,,,,,,,,
50,9,17,33,S29,False,14,6,20,14,0,1,0,0,0,"['B352', 'B424', 'B98', 'B721', 'B616', 'B365', 'B700', 'B476', 'B701', 'B500', 'B188', 'B376', 'B118', 'B31']",10.0,S60,7.31,0,6,6,0.0,,-0.236929,-7.541486,-7.778415,True,True,24,S54,True,18,0.8779,delivery+onsite,,,,,,,,,,,,,,,,,,,,,,,,,,,,,,,,,,,,,,,,,,,,,,,,,,,,
50,9,17,50,S60,False,0,6,6,0,14,0,0,0,0,"['B749', 'B273', 'B84', 'B261', 'B740', 'B660', 'B693', 'B468', 'B728', 'B564', 'B629', 'B151', 'B127', 'B115']",7.0,S42,10.42,14,6,20,0.0,,-0.355421,-7.597271,-7.952692,True,False,18,S66,True,15,0.6363,pickup,,,,,,,,,,,,,,,,,,,,,,,,,,,,,,,,,,,,,,,,,,,,,,,,,,,,
50,9,18,8,S42,False,14,6,20,0,0,0,0,0,0,[],0.0,S54,4.21,14,6,20,0.0,,-0.11784,-7.725463,-7.843303,True,False,30,S0,True,3,0.6659,do_nothing,,,,,,,,,,,,,,,,,,,,,,,,,,,,,,,,,,,,,,,,,,,,,,,,,,,,
50,9,18,12,S54,False,14,6,20,14,0,0,0,0,0,"['B749', 'B273', 'B84', 'B261', 'B740', 'B660', 'B693', 'B468', 'B728', 'B564', 'B629', 'B151', 'B127', 'B115']",7.0,S33,3.1,0,6,6,0.0,,-0.059021,-7.497362,-7.556383,False,False,18,S0,True,12,0.5525,delivery,,,,,,,,,,,,,,,,,,,,,,,,,,,,,,,,,,,,,,,,,,,,,,,,,,,,
50,9,18,22,S33,False,0,6,6,0,14,0,0,0,0,"['B570', 'B152', 'B588', 'B215', 'B457', 'B293', 'B107', 'B603', 'B101', 'B715', 'B150', 'B39', 'B348', 'B543']",7.0,S0,9.45,14,6,20,0.0,,-0.05887,-7.550424,-7.609294,False,False,12,S39,True,7,0.4654,pickup,,,,,,,,,,,,,,,,,,,,,,,,,,,,,,,,,,,,,,,,,,,,,,,,,,,,
50,9,18,38,S0,False,14,6,20,12,0,0,0,0,0,"['B570', 'B152', 'B588', 'B215', 'B457', 'B293', 'B107', 'B603', 'B101', 'B715', 'B150', 'B39']",6.0,S30,13.32,2,6,8,0.0,,-0.158137,-7.525153,-7.68329,False,False,18,S30,False,9,0.6729,delivery,,,,,,,,,,,,,,,,,,,,,,,,,,,,,,,,,,,,,,,,,,,,,,,,,,,,
50,9,18,58,S30,False,2,6,8,2,0,1,0,0,0,"['B348', 'B543']",4.0,S7,4.79,0,6,6,0.0,,-0.197681,-7.623301,-7.820982,True,True,24,S27,True,20,1.4744,delivery+onsite,,,,,,,,,,,,,,,,,,,,,,,,,,,,,,,,,,,,,,,,,,,,,,,,,,,,
50,9,19,6,S7,False,0,6,6,0,0,0,0,0,0,[],0.0,S2,3.07,0,6,6,0.0,,-0.078644,-7.406218,-7.484862,False,False,12,S46,True,0,0.3936,do_nothing,,,,,,,,,,,,,,,,,,,,,,,,,,,,,,,,,,,,,,,,,,,,,,,,,,,,
50,9,19,10,S2,False,0,6,6,0,14,0,0,0,0,"['B681', 'B687', 'B466', 'B626', 'B291', 'B473', 'B35', 'B184', 'B601', 'B280', 'B78', 'B244', 'B358', 'B268']",7.0,S39,6.13,14,6,20,0.0,,-0.157837,-7.507121,-7.664958,True,False,18,S7,True,12,0.735,pickup,,,,,,,,,,,,,,,,,,,,,,,,,,,,,,,,,,,,,,,,,,,,,,,,,,,,
50,9,19,23,S39,False,14,6,20,14,0,0,0,0,0,"['B681', 'B687', 'B466', 'B626', 'B291', 'B473', 'B35', 'B184', 'B601', 'B280', 'B78', 'B244', 'B358', 'B268']",7.0,S7,7.46,0,6,6,0.0,,-0.276632,-7.383514,-7.660146,False,False,12,S7,False,6,0.4085,delivery,,,,,,,,,,,,,,,,,,,,,,,,,,,,,,,,,,,,,,,,,,,,,,,,,,,,
50,9,19,37,S7,False,0,6,6,0,14,0,0,0,0,"['B371', 'B665', 'B50', 'B387', 'B598', 'B561', 'B120', 'B316', 'B296', 'B103', 'B153', 'B611', 'B117', 'B346']",7.0,D0,5.29,14,6,20,0.0,,-0.137963,-7.5199,-7.657863,False,False,4,D0,False,3,0.1093,pickup,,,,,,,,,,,,,,,,,,,,,,,,,,,,,,,,,,,,,,,,,,,,,,,,,,,,
50,9,19,49,D0,True,14,6,20,0,0,0,0,6,0,"['B311', 'B670', 'B635', 'B94', 'B274', 'B9']",3.0,D0,0.0,14,0,14,0.0,,-0.314576,-7.476903,-7.791479,True,True,1,D0,False,0,0.0415,do_nothing,,,,,,,,,,,,,,,,,,,,,,,,,,,,,,,,,,,,,,,,,,,,,,,,,,,,
50,10,6,7,D0,True,14,0,14,0,0,0,0,0,6,"['B394', 'B680', 'B513', 'B683', 'B89', 'B617']",3.0,S65,3.15,20,0,20,0.0,,-1.969534,-8.258654,-10.228188,True,True,5,S65,False,2,0.3031,load_queue,,,,,,,,,,,,,,,,,,,,,,,,,,,,,,,,,,,,,,,,,,,,,,,,,,,,
50,10,6,29,S65,False,20,0,20,20,0,0,0,0,0,"['B371', 'B665', 'B50', 'B387', 'B598', 'B561', 'B120', 'B316', 'B296', 'B103', 'B153', 'B611', 'B117', 'B346', 'B394', 'B680', 'B513', 'B683', 'B89', 'B617']",10.0,S46,8.22,0,0,0,0.0,,-2.015781,-8.263702,-10.279483,False,False,12,S39,True,7,0.6611,delivery,,,,,,,,,,,,,,,,,,,,,,,,,,,,,,,,,,,,,,,,,,,,,,,,,,,,
50,10,6,47,S46,False,0,0,0,0,20,0,0,0,0,"['B351', 'B370', 'B730', 'B573', 'B132', 'B677', 'B230', 'B568', 'B520', 'B652', 'B575', 'B510', 'B553', 'B503', 'B409', 'B411', 'B454', 'B535', 'B49', 'B393']",10.0,S66,5.15,20,0,20,0.0,,-1.680271,-8.281213,-9.961484,True,False,18,S39,True,12,0.7204,pickup,,,,,,,,,,,,,,,,,,,,,,,,,,,,,,,,,,,,,,,,,,,,,,,,,,,,
50,10,7,2,S66,False,20,0,20,0,0,4,0,0,0,[],12.0,S51,7.67,20,0,20,0.0,,-0.788995,-7.876658,-8.665654,True,True,90,S22,True,28,3.3586,do_nothing+onsite,,,,,,,,,,,,,,,,,,,,,,,,,,,,,,,,,,,,,,,,,,,,,,,,,,,,
50,10,7,22,S51,False,20,0,20,11,0,0,0,0,0,"['B351', 'B370', 'B730', 'B573', 'B132', 'B677', 'B230', 'B568', 'B520', 'B652', 'B575']",5.5,S62,5.81,9,0,9,0.0,,-0.770923,-7.943474,-8.714396,True,False,36,S22,True,16,1.1587,delivery,,,,,,,,,,,,,,,,,,,,,,,,,,,,,,,,,,,,,,,,,,,,,,,,,,,,
50,10,7,33,S62,False,9,0,9,9,0,0,0,0,0,"['B510', 'B553', 'B503', 'B409', 'B411', 'B454', 'B535', 'B49', 'B393']",4.5,S58,3.31,0,0,0,0.0,,-0.512716,-8.056716,-8.569431,False,False,12,S44,True,6,0.5034,delivery,,,,,,,,,,,,,,,,,,,,,,,,,,,,,,,,,,,,,,,,,,,,,,,,,,,,
50,10,7,41,S58,False,0,0,0,0,19,1,0,0,0,"['B199', 'B699', 'B565', 'B321', 'B547', 'B398', 'B315', 'B355', 'B643', 'B688', 'B238', 'B738', 'B20', 'B196', 'B664', 'B435', 'B338', 'B95', 'B525']",12.5,S66,3.52,19,0,19,0.0,,-0.904777,-8.047009,-8.951786,True,True,36,S15,True,31,1.4337,pickup+onsite,,,,,,,,,,,,,,,,,,,,,,,,,,,,,,,,,,,,,,,,,,,,,,,,,,,,
50,10,7,57,S66,False,19,0,19,16,0,0,0,0,0,"['B199', 'B699', 'B565', 'B321', 'B547', 'B398', 'B315', 'B355', 'B643', 'B688', 'B238', 'B738', 'B20', 'B196', 'B664', 'B435']",8.0,S54,5.58,3,0,3,0.0,,-0.82939,-7.925563,-8.754953,False,False,18,S52,True,6,0.7479,delivery,,,,,,,,,,,,,,,,,,,,,,,,,,,,,,,,,,,,,,,,,,,,,,,,,,,,
50,10,8,10,S54,False,3,0,3,0,12,0,0,0,0,"['B13', 'B98', 'B418', 'B27', 'B665', 'B209', 'B33', 'B240', 'B452', 'B312', 'B231', 'B213']",6.0,S15,3.9,15,0,15,0.0,,-1.359425,-8.112134,-9.471559,True,False,54,S15,True,37,2.2568,pickup,,,,,,,,,,,,,,,,,,,,,,,,,,,,,,,,,,,,,,,,,,,,,,,,,,,,
50,10,8,20,S15,False,15,0,15,15,0,0,0,0,0,"['B338', 'B95', 'B525', 'B13', 'B98', 'B418', 'B27', 'B665', 'B209', 'B33', 'B240', 'B452', 'B312', 'B231', 'B213']",7.5,S52,4.21,0,0,0,0.0,,-1.08609,-8.014402,-9.100492,False,False,12,S52,False,8,0.4564,delivery,,,,,,,,,,,,,,,,,,,,,,,,,,,,,,,,,,,,,,,,,,,,,,,,,,,,
50,10,8,32,S52,False,0,0,0,0,12,1,0,0,0,"['B208', 'B413', 'B353', 'B15', 'B360', 'B428', 'B270', 'B641', 'B552', 'B354', 'B388', 'B759']",9.0,S41,4.13,12,0,12,0.0,,-0.728964,-8.032783,-8.761747,True,True,36,S33,True,20,1.3973,pickup+onsite,,,,,,,,,,,,,,,,,,,,,,,,,,,,,,,,,,,,,,,,,,,,,,,,,,,,
50,10,8,45,S41,False,12,0,12,12,0,0,1,0,0,"['B58', 'B208', 'B413', 'B353', 'B15', 'B360', 'B428', 'B270', 'B641', 'B552', 'B354', 'B388', 'B759']",6.5,S33,4.4,0,1,1,0.0,,-1.163836,-7.9458,-9.109637,True,True,72,S33,True,42,2.9066,delivery+depot_removal,,,,,,,,,,,,,,,,,,,,,,,,,,,,,,,,,,,,,,,,,,,,,,,,,,,,
50,10,8,56,S33,False,0,1,1,0,19,0,0,0,0,"['B584', 'B667', 'B659', 'B704', 'B399', 'B485', 'B404', 'B165', 'B512', 'B466', 'B532', 'B473', 'B126', 'B128', 'B341', 'B371', 'B679', 'B103', 'B455']",9.5,S43,2.06,19,1,20,0.0,,-0.885712,-7.766817,-8.652529,False,False,18,S43,True,12,0.5438,pickup,,,,,,,,,,,,,,,,,,,,,,,,,,,,,,,,,,,,,,,,,,,,,,,,,,,,
50,10,9,8,S43,False,19,1,20,19,0,0,0,0,0,"['B584', 'B667', 'B659', 'B704', 'B399', 'B485', 'B404', 'B165', 'B512', 'B466', 'B532', 'B473', 'B126', 'B128', 'B341', 'B371', 'B679', 'B103', 'B455']",9.5,S44,0.79,0,1,1,0.0,,-0.610378,-7.953367,-8.563745,False,False,18,S22,True,10,0.7745,delivery,,,,,,,,,,,,,,,,,,,,,,,,,,,,,,,,,,,,,,,,,,,,,,,,,,,,
50,10,9,18,S44,False,0,1,1,0,11,0,0,0,0,"['B166', 'B313', 'B248', 'B744', 'B453', 'B581', 'B482', 'B614', 'B140', 'B662', 'B689']",5.5,S53,1.73,11,1,12,0.0,,-0.82859,-7.841549,-8.670139,False,False,18,S39,True,10,0.6656,pickup,,,,,,,,,,,,,,,,,,,,,,,,,,,,,,,,,,,,,,,,,,,,,,,,,,,,
50,10,9,25,S53,False,11,1,12,11,0,1,0,0,0,"['B166', 'B313', 'B248', 'B744', 'B453', 'B581', 'B482', 'B614', 'B140', 'B662', 'B689']",8.5,S39,6.57,0,1,1,0.0,,-0.474016,-7.843471,-8.317487,True,True,24,S39,False,18,1.1556,delivery+onsite,,,,,,,,,,,,,,,,,,,,,,,,,,,,,,,,,,,,,,,,,,,,,,,,,,,,
50,10,9,40,S39,False,0,1,1,0,19,0,0,0,0,"['B358', 'B268', 'B16', 'B12', 'B739', 'B766', 'B144', 'B529', 'B521', 'B692', 'B3', 'B2', 'B162', 'B366', 'B486', 'B171', 'B445', 'B304', 'B121']",9.5,S12,8.6,19,1,20,0.0,,-0.574085,-7.878233,-8.452317,False,False,18,S62,True,9,0.6687,pickup,,,,,,,,,,,,,,,,,,,,,,,,,,,,,,,,,,,,,,,,,,,,,,,,,,,,
50,10,9,58,S12,False,19,1,20,14,0,0,0,0,0,"['B358', 'B268', 'B16', 'B12', 'B739', 'B766', 'B144', 'B529', 'B521', 'B692', 'B3', 'B2', 'B162', 'B366']",7.0,S50,10.53,5,1,6,0.0,,-0.731317,-7.929963,-8.66128,False,False,18,S50,False,14,0.8415,delivery,,,,,,,,,,,,,,,,,,,,,,,,,,,,,,,,,,,,,,,,,,,,,,,,,,,,
50,10,10,16,S50,False,5,1,6,5,0,0,0,0,0,"['B486', 'B171', 'B445', 'B304', 'B121']",2.5,S51,8.8,0,1,1,0.0,,-0.39423,-7.655706,-8.049936,False,False,12,S51,False,6,0.4441,delivery,,,,,,,,,,,,,,,,,,,,,,,,,,,,,,,,,,,,,,,,,,,,,,,,,,,,
50,10,10,27,S51,False,0,1,1,0,12,1,0,0,0,"['B289', 'B72', 'B342', 'B310', 'B244', 'B549', 'B260', 'B160', 'B547', 'B198', 'B582', 'B68']",9.0,S65,10.57,12,1,13,0.0,,-0.27608,-7.731557,-8.007637,True,True,36,S18,True,31,1.0178,pickup+onsite,,,,,,,,,,,,,,,,,,,,,,,,,,,,,,,,,,,,,,,,,,,,,,,,,,,,
50,10,10,47,S65,False,12,1,13,12,0,0,0,0,0,"['B289', 'B72', 'B342', 'B310', 'B244', 'B549', 'B260', 'B160', 'B547', 'B198', 'B582', 'B68']",6.0,S52,6.18,0,1,1,0.0,,-0.373698,-7.812291,-8.18599,False,False,12,S18,True,7,0.5805,delivery,,,,,,,,,,,,,,,,,,,,,,,,,,,,,,,,,,,,,,,,,,,,,,,,,,,,
50,10,10,59,S52,False,0,1,1,0,10,0,0,0,0,"['B316', 'B292', 'B718', 'B432', 'B677', 'B732', 'B170', 'B551', 'B446', 'B26']",5.0,S18,2.22,10,1,11,0.0,,-0.215906,-7.881598,-8.097504,False,False,18,S18,False,12,0.545,pickup,,,,,,,,,,,,,,,,,,,,,,,,,,,,,,,,,,,,,,,,,,,,,,,,,,,,
50,10,11,6,S18,False,10,1,11,0,9,0,0,0,0,"['B105', 'B221', 'B600', 'B19', 'B406', 'B357', 'B36', 'B108', 'B627']",4.5,S29,6.89,19,1,20,0.0,,-0.21741,-7.809032,-8.026442,False,False,12,S29,False,6,0.4458,pickup,,,,,,,,,,,,,,,,,,,,,,,,,,,,,,,,,,,,,,,,,,,,,,,,,,,,
50,10,11,17,S29,False,19,1,20,17,0,0,0,0,0,"['B316', 'B292', 'B718', 'B432', 'B677', 'B732', 'B170', 'B551', 'B446', 'B26', 'B105', 'B221', 'B600', 'B19', 'B406', 'B357', 'B36']",8.5,S47,9.08,2,1,3,0.0,,-0.353275,-7.901483,-8.254758,False,False,18,S3,True,10,0.7527,delivery,,,,,,,,,,,,,,,,,,,,,,,,,,,,,,,,,,,,,,,,,,,,,,,,,,,,
50,10,11,35,S47,False,2,1,3,0,9,0,0,0,0,"['B514', 'B320', 'B343', 'B623', 'B139', 'B637', 'B382', 'B484', 'B571']",4.5,S50,9.95,11,1,12,0.0,,-0.453743,-7.808584,-8.262328,True,False,144,S22,True,97,4.1404,pickup,,,,,,,,,,,,,,,,,,,,,,,,,,,,,,,,,,,,,,,,,,,,,,,,,,,,
50,10,11,49,S50,False,11,1,12,11,0,0,0,0,0,"['B108', 'B627', 'B514', 'B320', 'B343', 'B623', 'B139', 'B637', 'B382', 'B484', 'B571']",5.5,S61,6.8,0,1,1,0.0,,-0.335152,-7.788395,-8.123547,False,False,12,S1,True,9,0.4059,delivery,,,,,,,,,,,,,,,,,,,,,,,,,,,,,,,,,,,,,,,,,,,,,,,,,,,,
50,10,12,2,S61,False,0,1,1,0,8,0,1,0,0,"['B504', 'B716', 'B519', 'B358', 'B12', 'B264', 'B648', 'B4', 'B580']",4.5,S24,7.36,8,2,10,0.0,,-0.512565,-7.879413,-8.391977,True,True,72,S31,True,32,1.6951,pickup+depot_removal,,,,,,,,,,,,,,,,,,,,,,,,,,,,,,,,,,,,,,,,,,,,,,,,,,,,
50,10,12,14,S24,False,8,2,10,8,0,0,0,0,0,"['B504', 'B716', 'B519', 'B358', 'B12', 'B264', 'B648', 'B4']",4.0,S32,10.39,0,2,2,0.0,,-0.687627,-7.904539,-8.592166,False,False,12,S1,True,8,0.3801,delivery,,,,,,,,,,,,,,,,,,,,,,,,,,,,,,,,,,,,,,,,,,,,,,,,,,,,
50,10,12,28,S32,False,0,2,2,0,0,0,0,0,0,[],0.0,S66,6.41,0,2,2,0.0,,-0.471361,-7.929018,-8.400379,True,False,54,S66,False,3,1.3662,do_nothing,,,,,,,,,,,,,,,,,,,,,,,,,,,,,,,,,,,,,,,,,,,,,,,,,,,,
50,10,12,34,S66,False,0,2,2,0,11,0,0,0,0,"['B664', 'B435', 'B398', 'B10', 'B333', 'B230', 'B297', 'B355', 'B148', 'B59', 'B187']",5.5,S28,8.95,11,2,13,0.0,,-0.48954,-7.976093,-8.465633,False,False,18,S31,True,15,0.429,pickup,,,,,,,,,,,,,,,,,,,,,,,,,,,,,,,,,,,,,,,,,,,,,,,,,,,,
50,10,12,49,S28,False,11,2,13,0,0,1,0,0,0,[],3.0,S50,13.22,11,2,13,0.0,,-0.864635,-8.155604,-9.020238,True,True,24,S31,True,8,0.7266,do_nothing+onsite,,,,,,,,,,,,,,,,,,,,,,,,,,,,,,,,,,,,,,,,,,,,,,,,,,,,
50,10,13,5,S50,False,11,2,13,11,0,0,0,0,0,"['B664', 'B435', 'B398', 'B10', 'B333', 'B230', 'B297', 'B355', 'B148', 'B59', 'B187']",5.5,S32,4.46,0,2,2,0.0,,-1.63091,-8.270239,-9.90115,False,False,12,S40,True,9,0.3273,delivery,,,,,,,,,,,,,,,,,,,,,,,,,,,,,,,,,,,,,,,,,,,,,,,,,,,,
50,10,13,15,S32,False,0,2,2,0,13,0,0,0,0,"['B37', 'B671', 'B758', 'B616', 'B694', 'B158', 'B598', 'B147', 'B30', 'B653', 'B644', 'B584', 'B388']",6.5,S29,3.29,13,2,15,0.0,,-1.753897,-8.317057,-10.070954,True,False,54,S40,True,36,1.2755,pickup,,,,,,,,,,,,,,,,,,,,,,,,,,,,,,,,,,,,,,,,,,,,,,,,,,,,
50,10,13,25,S29,False,13,2,15,13,0,0,0,0,0,"['B37', 'B671', 'B758', 'B616', 'B694', 'B158', 'B598', 'B147', 'B30', 'B653', 'B644', 'B584', 'B388']",6.5,S31,6.48,0,2,2,0.0,,-1.814019,-7.926065,-9.740083,False,False,12,S31,False,6,0.2854,delivery,,,,,,,,,,,,,,,,,,,,,,,,,,,,,,,,,,,,,,,,,,,,,,,,,,,,
50,10,13,38,S31,False,0,2,2,0,18,0,0,0,0,"['B680', 'B555', 'B454', 'B383', 'B626', 'B118', 'B197', 'B561', 'B535', 'B495', 'B719', 'B367', 'B710', 'B222', 'B154', 'B326', 'B188', 'B699']",9.0,S26,6.02,18,2,20,0.0,,-1.519707,-8.054977,-9.574684,False,False,12,S43,True,7,0.3204,pickup,,,,,,,,,,,,,,,,,,,,,,,,,,,,,,,,,,,,,,,,,,,,,,,,,,,,
50,10,13,53,S26,False,18,2,20,18,0,0,0,0,0,"['B680', 'B555', 'B454', 'B383', 'B626', 'B118', 'B197', 'B561', 'B535', 'B495', 'B719', 'B367', 'B710', 'B222', 'B154', 'B326', 'B188', 'B699']",9.0,S40,5.09,0,2,2,0.0,,-1.318336,-8.133569,-9.451905,False,False,12,S40,False,6,0.3619,delivery,,,,,,,,,,,,,,,,,,,,,,,,,,,,,,,,,,,,,,,,,,,,,,,,,,,,
50,10,14,7,S40,False,0,2,2,0,8,0,1,0,0,"['B17', 'B331', 'B449', 'B247', 'B392', 'B318', 'B600', 'B660', 'B476']",4.5,S54,2.17,8,3,11,0.0,,-1.792188,-8.006018,-9.798206,True,True,36,S0,True,18,1.1635,pickup+depot_removal,,,,,,,,,,,,,,,,,,,,,,,,,,,,,,,,,,,,,,,,,,,,,,,,,,,,
50,10,14,14,S54,False,8,3,11,8,0,0,0,0,0,"['B17', 'B331', 'B449', 'B247', 'B392', 'B318', 'B600', 'B660']",4.0,S45,2.7,0,3,3,0.0,,-1.123174,-7.88911,-9.012283,True,False,36,S0,True,19,1.157,delivery,,,,,,,,,,,,,,,,,,,,,,,,,,,,,,,,,,,,,,,,,,,,,,,,,,,,
50,10,14,20,S45,False,0,3,3,0,7,0,0,0,0,"['B617', 'B404', 'B606', 'B52', 'B573', 'B11', 'B701']",3.5,S43,1.8,7,3,10,0.0,,-1.144817,-7.967812,-9.112628,False,False,18,S18,True,7,0.5316,pickup,,,,,,,,,,,,,,,,,,,,,,,,,,,,,,,,,,,,,,,,,,,,,,,,,,,,
50,10,14,26,S43,False,7,3,10,7,0,0,0,0,0,"['B617', 'B404', 'B606', 'B52', 'B573', 'B11', 'B701']",3.5,S41,5.33,0,3,3,0.0,,-0.511261,-7.907962,-8.419223,False,False,12,S65,True,6,0.4763,delivery,,,,,,,,,,,,,,,,,,,,,,,,,,,,,,,,,,,,,,,,,,,,,,,,,,,,
50,10,14,34,S41,False,0,3,3,0,17,1,0,0,0,"['B678', 'B295', 'B574', 'B711', 'B456', 'B27', 'B90', 'B246', 'B2', 'B734', 'B620', 'B177', 'B438', 'B616', 'B15', 'B248', 'B524']",11.5,S50,8.63,17,3,20,0.0,,-0.630352,-7.910627,-8.54098,True,True,108,S15,True,103,3.5791,pickup+onsite,,,,,,,,,,,,,,,,,,,,,,,,,,,,,,,,,,,,,,,,,,,,,,,,,,,,
50,10,14,55,S50,False,17,3,20,17,0,0,0,0,0,"['B678', 'B295', 'B574', 'B711', 'B456', 'B27', 'B90', 'B246', 'B2', 'B734', 'B620', 'B177', 'B438', 'B616', 'B15', 'B248', 'B524']",8.5,S65,9.57,0,3,3,0.0,,-0.946574,-7.7908,-8.737374,False,False,12,S0,True,7,0.3398,delivery,,,,,,,,,,,,,,,,,,,,,,,,,,,,,,,,,,,,,,,,,,,,,,,,,,,,
50,10,15,13,S65,False,0,3,3,0,17,0,0,0,0,"['B68', 'B411', 'B709', 'B478', 'B418', 'B263', 'B323', 'B479', 'B196', 'B79', 'B417', 'B241', 'B759', 'B48', 'B0', 'B622', 'B286']",8.5,S20,4.59,17,3,20,0.0,,-0.51346,-7.748922,-8.262382,False,False,12,S15,True,9,0.5393,pickup,,,,,,,,,,,,,,,,,,,,,,,,,,,,,,,,,,,,,,,,,,,,,,,,,,,,
50,10,15,26,S20,False,17,3,20,11,0,0,0,0,0,"['B68', 'B411', 'B709', 'B478', 'B418', 'B263', 'B323', 'B479', 'B196', 'B79', 'B417']",5.5,S12,17.0,6,3,9,0.0,,-0.689524,-7.823021,-8.512544,True,False,60,S15,True,15,1.8665,delivery,,,,,,,,,,,,,,,,,,,,,,,,,,,,,,,,,,,,,,,,,,,,,,,,,,,,
50,10,15,48,S12,False,6,3,9,0,11,1,0,0,0,"['B115', 'B278', 'B340', 'B451', 'B578', 'B728', 'B588', 'B215', 'B615', 'B570', 'B32']",8.5,S15,10.6,17,3,20,0.0,,-0.45464,-7.746805,-8.201444,True,True,24,S63,True,20,0.9324,pickup+onsite,,,,,,,,,,,,,,,,,,,,,,,,,,,,,,,,,,,,,,,,,,,,,,,,,,,,
50,10,16,7,S15,False,17,3,20,12,0,0,0,0,0,"['B241', 'B759', 'B48', 'B0', 'B622', 'B286', 'B115', 'B278', 'B340', 'B451', 'B578', 'B728']",6.0,S4,4.54,5,3,8,0.0,,-0.394819,-7.858396,-8.253215,False,False,18,S17,True,8,0.598,delivery,,,,,,,,,,,,,,,,,,,,,,,,,,,,,,,,,,,,,,,,,,,,,,,,,,,,
50,10,16,18,S4,False,5,3,8,0,0,2,0,0,0,[],6.0,S51,5.42,5,3,8,0.0,,-0.432807,-7.949958,-8.382766,True,True,36,S58,True,15,1.1301,do_nothing+onsite,,,,,,,,,,,,,,,,,,,,,,,,,,,,,,,,,,,,,,,,,,,,,,,,,,,,
50,10,16,29,S51,False,5,3,8,0,0,0,0,0,0,[],0.0,S34,8.2,5,3,8,0.0,,-0.472766,-7.932661,-8.405427,False,False,12,S0,True,1,0.3859,do_nothing,,,,,,,,,,,,,,,,,,,,,,,,,,,,,,,,,,,,,,,,,,,,,,,,,,,,
50,10,16,37,S34,False,5,3,8,5,0,0,0,0,0,"['B588', 'B215', 'B615', 'B570', 'B32']",2.5,S0,7.52,0,3,3,0.0,,-0.315323,-8.047575,-8.362898,False,False,12,S0,False,10,0.4053,delivery,,,,,,,,,,,,,,,,,,,,,,,,,,,,,,,,,,,,,,,,,,,,,,,,,,,,
50,10,16,48,S0,False,0,3,3,0,13,0,0,0,0,"['B150', 'B39', 'B402', 'B172', 'B70', 'B324', 'B151', 'B428', 'B354', 'B604', 'B85', 'B579', 'B84']",6.5,S36,9.16,13,3,16,0.0,,-0.256103,-7.811914,-8.068017,False,False,18,S21,True,7,0.5937,pickup,,,,,,,,,,,,,,,,,,,,,,,,,,,,,,,,,,,,,,,,,,,,,,,,,,,,
50,10,17,3,S36,False,13,3,16,10,0,0,0,0,0,"['B150', 'B39', 'B402', 'B172', 'B70', 'B324', 'B151', 'B428', 'B354', 'B604']",5.0,S58,4.95,3,3,6,0.0,,-0.414896,-7.936586,-8.351482,True,False,54,S58,False,18,2.1596,delivery,,,,,,,,,,,,,,,,,,,,,,,,,,,,,,,,,,,,,,,,,,,,,,,,,,,,
50,10,17,13,S58,False,3,3,6,0,14,0,0,0,0,"['B575', 'B453', 'B713', 'B386', 'B103', 'B76', 'B296', 'B67', 'B544', 'B130', 'B546', 'B275', 'B651', 'B384']",7.0,S47,5.06,17,3,20,0.0,,-0.452743,-7.716255,-8.168998,False,False,12,S65,True,6,0.7568,pickup,,,,,,,,,,,,,,,,,,,,,,,,,,,,,,,,,,,,,,,,,,,,,,,,,,,,
50,10,17,25,S47,False,17,3,20,17,0,0,3,0,0,"['B181', 'B462', 'B621', 'B85', 'B579', 'B84', 'B575', 'B453', 'B713', 'B386', 'B103', 'B76', 'B296', 'B67', 'B544', 'B130', 'B546', 'B275', 'B651', 'B384']",10.0,S66,2.81,0,6,6,0.0,,-0.454946,-7.696218,-8.151164,True,True,108,S65,True,34,3.2888,delivery+depot_removal,,,,,,,,,,,,,,,,,,,,,,,,,,,,,,,,,,,,,,,,,,,,,,,,,,,,
50,10,17,38,S66,False,0,6,6,0,12,0,0,0,0,"['B307', 'B377', 'B120', 'B501', 'B454', 'B123', 'B388', 'B739', 'B661', 'B387', 'B628', 'B493']",6.0,S51,7.67,12,6,18,0.0,,-0.295805,-7.681168,-7.976973,False,False,18,S41,True,16,0.5793,pickup,,,,,,,,,,,,,,,,,,,,,,,,,,,,,,,,,,,,,,,,,,,,,,,,,,,,
50,10,17,52,S51,False,12,6,18,6,0,0,0,0,0,"['B307', 'B377', 'B120', 'B501', 'B454', 'B123']",3.0,S63,3.43,6,6,12,0.0,,-0.413994,-7.546624,-7.960618,False,False,18,S33,True,14,0.6171,delivery,,,,,,,,,,,,,,,,,,,,,,,,,,,,,,,,,,,,,,,,,,,,,,,,,,,,
50,10,17,58,S63,False,6,6,12,6,0,0,0,0,0,"['B388', 'B739', 'B661', 'B387', 'B628', 'B493']",3.0,S1,6.86,0,6,6,0.0,,-0.315175,-7.49935,-7.814525,True,False,36,S31,True,20,1.1144,delivery,,,,,,,,,,,,,,,,,,,,,,,,,,,,,,,,,,,,,,,,,,,,,,,,,,,,
50,10,18,8,S1,False,0,6,6,0,0,0,0,0,0,[],0.0,S14,3.53,0,6,6,0.0,,-0.295451,-7.59594,-7.891391,True,False,24,S39,True,2,0.7021,do_nothing,,,,,,,,,,,,,,,,,,,,,,,,,,,,,,,,,,,,,,,,,,,,,,,,,,,,
50,10,18,11,S14,False,0,6,6,0,6,1,0,0,0,"['B221', 'B466', 'B37', 'B594', 'B531', 'B194']",6.0,S50,2.16,6,6,12,0.0,,-0.473963,-7.586063,-8.060026,True,True,36,S1,True,32,0.6495,pickup+onsite,,,,,,,,,,,,,,,,,,,,,,,,,,,,,,,,,,,,,,,,,,,,,,,,,,,,
50,10,18,20,S50,False,6,6,12,0,8,0,0,0,0,"['B711', 'B456', 'B27', 'B90', 'B246', 'B2', 'B734', 'B620']",4.0,S24,7.82,14,6,20,0.0,,-0.296097,-7.711998,-8.008095,False,False,12,S1,True,7,0.2519,pickup,,,,,,,,,,,,,,,,,,,,,,,,,,,,,,,,,,,,,,,,,,,,,,,,,,,,
50,10,18,31,S24,False,14,6,20,11,0,0,0,0,0,"['B221', 'B466', 'B37', 'B594', 'B531', 'B194', 'B711', 'B456', 'B27', 'B90', 'B246']",5.5,S41,7.02,3,6,9,0.0,,-0.236828,-7.808881,-8.045709,False,False,18,S39,True,9,0.5477,delivery,,,,,,,,,,,,,,,,,,,,,,,,,,,,,,,,,,,,,,,,,,,,,,,,,,,,
50,10,18,44,S41,False,3,6,9,3,0,0,0,0,0,"['B2', 'B734', 'B620']",1.5,S30,0.92,0,6,6,0.0,,-0.314732,-7.720324,-8.035056,True,False,60,S52,True,33,1.4766,delivery,,,,,,,,,,,,,,,,,,,,,,,,,,,,,,,,,,,,,,,,,,,,,,,,,,,,
50,10,18,46,S30,False,0,6,6,0,8,1,0,0,0,"['B583', 'B353', 'B469', 'B657', 'B54', 'B316', 'B308', 'B368']",7.0,S39,4.07,8,6,14,0.0,,-0.237136,-7.600639,-7.837775,True,True,36,S31,True,18,1.2288,pickup+onsite,,,,,,,,,,,,,,,,,,,,,,,,,,,,,,,,,,,,,,,,,,,,,,,,,,,,
50,10,18,57,S39,False,8,6,14,8,0,0,0,0,0,"['B583', 'B353', 'B469', 'B657', 'B54', 'B316', 'B308', 'B368']",4.0,S31,3.72,0,6,6,0.0,,-0.177164,-7.346369,-7.523533,False,False,12,S54,True,7,0.3865,delivery,,,,,,,,,,,,,,,,,,,,,,,,,,,,,,,,,,,,,,,,,,,,,,,,,,,,
50,10,19,5,S31,False,0,6,6,0,0,0,1,0,0,['B536'],0.5,S56,7.22,0,7,7,0.0,,-0.059873,-7.447189,-7.507062,True,True,18,S52,True,10,0.5751,do_nothing+depot_removal,,,,,,,,,,,,,,,,,,,,,,,,,,,,,,,,,,,,,,,,,,,,,,,,,,,,
50,10,19,13,S56,False,0,7,7,0,7,0,0,0,0,"['B487', 'B683', 'B745', 'B708', 'B600', 'B373', 'B610']",3.5,S18,7.07,7,7,14,0.0,,-0.176858,-7.314365,-7.491223,False,False,18,S59,True,9,0.4366,pickup,,,,,,,,,,,,,,,,,,,,,,,,,,,,,,,,,,,,,,,,,,,,,,,,,,,,
50,10,19,23,S18,False,7,7,14,7,0,0,1,0,0,"['B20', 'B487', 'B683', 'B745', 'B708', 'B600', 'B373', 'B610']",4.0,S54,5.81,0,8,8,0.0,,-0.217109,-7.214196,-7.431306,True,True,24,S61,True,21,0.6737,delivery+depot_removal,,,,,,,,,,,,,,,,,,,,,,,,,,,,,,,,,,,,,,,,,,,,,,,,,,,,
50,10,19,33,S54,False,0,8,8,0,9,0,0,0,0,"['B598', 'B749', 'B626', 'B538', 'B537', 'B4', 'B566', 'B319', 'B556']",4.5,S52,3.81,9,8,17,0.0,,-0.098219,-7.145729,-7.243947,True,False,38,S31,True,23,0.9296,pickup,,,,,,,,,,,,,,,,,,,,,,,,,,,,,,,,,,,,,,,,,,,,,,,,,,,,
50,10,19,42,S52,False,9,8,17,9,0,0,0,0,0,"['B598', 'B749', 'B626', 'B538', 'B537', 'B4', 'B566', 'B319', 'B556']",4.5,S61,2.0,0,8,8,0.0,,-0.059422,-7.199218,-7.25864,False,False,8,S61,False,6,0.2817,delivery,,,,,,,,,,,,,,,,,,,,,,,,,,,,,,,,,,,,,,,,,,,,,,,,,,,,
50,10,19,48,S61,False,0,8,8,0,9,1,0,0,0,"['B671', 'B260', 'B677', 'B25', 'B78', 'B391', 'B543', 'B241', 'B403']",7.5,D0,1.02,9,8,17,0.0,,-0.078445,-7.393863,-7.472308,True,True,6,D0,True,5,0.1519,pickup+onsite,,,,,,,,,,,,,,,,,,,,,,,,,,,,,,,,,,,,,,,,,,,,,,,,,,,,
50,10,19,57,D0,True,9,8,17,0,0,0,0,8,7,"['B634', 'B311', 'B670', 'B635', 'B94', 'B274', 'B9', 'B58', 'B580', 'B476', 'B181', 'B462', 'B621', 'B536', 'B20']",7.5,D0,0.0,16,0,16,0.0,,-0.334795,-7.499133,-7.833927,True,True,1,D0,False,0,0.0292,do_nothing,,,,,,,,,,,,,,,,,,,,,,,,,,,,,,,,,,,,,,,,,,,,,,,,,,,,
50,11,6,4,D0,True,16,0,16,0,0,0,0,0,0,[],0.0,S65,3.15,16,0,16,0.0,,-1.713533,-8.333087,-10.046621,True,True,5,S41,True,2,0.2022,depot_passthrough,,,,,,,,,,,,,,,,,,,,,,,,,,,,,,,,,,,,,,,,,,,,,,,,,,,,
50,11,6,22,S65,False,16,0,16,16,0,0,0,0,0,"['B671', 'B260', 'B677', 'B25', 'B78', 'B391', 'B543', 'B241', 'B403', 'B634', 'B311', 'B670', 'B635', 'B94', 'B274', 'B9']",8.0,S47,1.6,0,0,0,0.0,,-1.740265,-8.257499,-9.997764,False,False,12,S47,False,6,0.4047,delivery,,,,,,,,,,,,,,,,,,,,,,,,,,,,,,,,,,,,,,,,,,,,,,,,,,,,
50,11,6,32,S47,False,0,0,0,0,20,1,0,0,0,"['B386', 'B103', 'B76', 'B296', 'B67', 'B544', 'B130', 'B546', 'B275', 'B651', 'B384', 'B178', 'B126', 'B212', 'B587', 'B669', 'B263', 'B511', 'B125', 'B402']",13.0,S41,1.45,20,0,20,0.0,,-1.441221,-8.337488,-9.778709,True,True,24,S41,True,18,0.796,pickup+onsite,,,,,,,,,,,,,,,,,,,,,,,,,,,,,,,,,,,,,,,,,,,,,,,,,,,,
50,11,6,46,S41,False,20,0,20,16,0,0,1,0,0,"['B459', 'B386', 'B103', 'B76', 'B296', 'B67', 'B544', 'B130', 'B546', 'B275', 'B651', 'B384', 'B178', 'B126', 'B212', 'B587', 'B669']",8.5,S51,8.36,4,1,5,0.0,,-0.613435,-8.243299,-8.856734,True,True,66,S51,False,16,1.8473,delivery+depot_removal,,,,,,,,,,,,,,,,,,,,,,,,,,,,,,,,,,,,,,,,,,,,,,,,,,,,
50,11,7,3,S51,False,4,1,5,4,0,0,0,0,0,"['B263', 'B511', 'B125', 'B402']",2.0,S46,3.14,0,1,1,0.0,,-0.334951,-8.166781,-8.501732,False,False,12,S46,False,6,0.3168,delivery,,,,,,,,,,,,,,,,,,,,,,,,,,,,,,,,,,,,,,,,,,,,,,,,,,,,
50,11,7,8,S46,False,0,1,1,0,14,0,0,0,0,"['B705', 'B441', 'B425', 'B561', 'B527', 'B530', 'B46', 'B276', 'B244', 'B575', 'B119', 'B555', 'B140', 'B590']",7.0,S1,6.08,14,1,15,0.0,,-0.452385,-8.169606,-8.621991,True,False,36,S58,True,28,1.0128,pickup,,,,,,,,,,,,,,,,,,,,,,,,,,,,,,,,,,,,,,,,,,,,,,,,,,,,
50,11,7,21,S1,False,14,1,15,0,5,0,0,0,0,"['B219', 'B534', 'B249', 'B765', 'B229']",2.5,S34,4.8,19,1,20,0.0,,-0.413192,-8.053396,-8.466588,True,False,24,S66,True,12,0.5856,pickup,,,,,,,,,,,,,,,,,,,,,,,,,,,,,,,,,,,,,,,,,,,,,,,,,,,,
50,11,7,29,S34,False,19,1,20,18,0,0,0,0,0,"['B705', 'B441', 'B425', 'B561', 'B527', 'B530', 'B46', 'B276', 'B244', 'B575', 'B119', 'B555', 'B140', 'B590', 'B219', 'B534', 'B249', 'B765']",9.0,S54,2.69,1,1,2,0.0,,-0.532082,-8.089722,-8.621804,False,False,18,S66,True,9,0.5885,delivery,,,,,,,,,,,,,,,,,,,,,,,,,,,,,,,,,,,,,,,,,,,,,,,,,,,,
50,11,7,40,S54,False,1,1,2,0,8,0,0,0,0,"['B440', 'B520', 'B166', 'B637', 'B747', 'B242', 'B227', 'B302']",4.0,S66,5.58,9,1,10,0.0,,-0.413896,-8.102745,-8.516641,True,False,54,S19,True,18,1.5693,pickup,,,,,,,,,,,,,,,,,,,,,,,,,,,,,,,,,,,,,,,,,,,,,,,,,,,,
50,11,7,50,S66,False,9,1,10,9,0,0,0,0,0,"['B229', 'B440', 'B520', 'B166', 'B637', 'B747', 'B242', 'B227', 'B302']",4.5,S37,3.07,0,1,1,0.0,,-0.410794,-7.881585,-8.29238,False,False,12,S58,True,7,0.3366,delivery,,,,,,,,,,,,,,,,,,,,,,,,,,,,,,,,,,,,,,,,,,,,,,,,,,,,
50,11,7,58,S37,False,0,1,1,0,18,0,1,0,0,"['B528', 'B234', 'B605', 'B753', 'B193', 'B98', 'B474', 'B142', 'B108', 'B694', 'B112', 'B75', 'B36', 'B674', 'B614', 'B554', 'B659', 'B378', 'B92']",9.5,S19,5.87,18,2,20,0.0,,-0.294705,-7.801939,-8.096644,True,True,36,S58,True,30,1.1898,pickup+depot_removal,,,,,,,,,,,,,,,,,,,,,,,,,,,,,,,,,,,,,,,,,,,,,,,,,,,,
50,11,8,13,S19,False,18,2,20,6,0,0,0,0,0,"['B528', 'B234', 'B605', 'B753', 'B193', 'B98']",3.0,S18,7.25,12,2,14,0.0,,-0.235386,-7.868516,-8.103902,True,False,30,S18,False,21,0.8193,delivery,,,,,,,,,,,,,,,,,,,,,,,,,,,,,,,,,,,,,,,,,,,,,,,,,,,,
50,11,8,23,S18,False,12,2,14,12,0,0,0,0,0,"['B474', 'B142', 'B108', 'B694', 'B112', 'B75', 'B36', 'B674', 'B614', 'B554', 'B659', 'B378']",6.0,S58,1.59,0,2,2,0.0,,-0.236582,-7.67158,-7.908161,False,False,12,S58,False,9,0.3317,delivery,,,,,,,,,,,,,,,,,,,,,,,,,,,,,,,,,,,,,,,,,,,,,,,,,,,,
50,11,8,31,S58,False,0,2,2,0,18,0,0,0,0,"['B297', 'B255', 'B630', 'B238', 'B61', 'B2', 'B395', 'B553', 'B756', 'B487', 'B435', 'B757', 'B247', 'B563', 'B390', 'B510', 'B762', 'B625']",9.0,S17,10.37,18,2,20,0.0,,-0.237485,-7.543091,-7.780576,False,False,18,S33,True,15,0.6183,pickup,,,,,,,,,,,,,,,,,,,,,,,,,,,,,,,,,,,,,,,,,,,,,,,,,,,,
50,11,8,50,S17,False,18,2,20,11,0,0,0,0,0,"['B297', 'B255', 'B630', 'B238', 'B61', 'B2', 'B395', 'B553', 'B756', 'B487', 'B435']",5.5,S53,9.29,7,2,9,0.0,,-0.373997,-7.572871,-7.946868,False,False,18,S53,False,10,0.6583,delivery,,,,,,,,,,,,,,,,,,,,,,,,,,,,,,,,,,,,,,,,,,,,,,,,,,,,
50,11,9,5,S53,False,7,2,9,7,0,1,1,0,0,"['B474', 'B757', 'B247', 'B563', 'B390', 'B510', 'B762', 'B625']",7.0,S33,1.64,0,3,3,0.0,,-0.394775,-7.644211,-8.038987,True,True,48,S33,True,42,1.5829,delivery+maintenance,,,,,,,,,,,,,,,,,,,,,,,,,,,,,,,,,,,,,,,,,,,,,,,,,,,,
50,11,9,14,S33,False,0,3,3,0,12,0,0,0,0,"['B210', 'B698', 'B724', 'B445', 'B109', 'B515', 'B623', 'B450', 'B118', 'B124', 'B701', 'B206']",6.0,S51,4.94,12,3,15,0.0,,-0.352773,-7.615014,-7.967787,True,False,36,S40,True,25,1.5186,pickup,,,,,,,,,,,,,,,,,,,,,,,,,,,,,,,,,,,,,,,,,,,,,,,,,,,,
50,11,9,25,S51,False,12,3,15,10,0,0,0,0,0,"['B210', 'B698', 'B724', 'B445', 'B109', 'B515', 'B623', 'B450', 'B118', 'B124']",5.0,S54,6.18,2,3,5,0.0,,-0.511758,-7.659848,-8.171606,False,False,18,S57,True,6,0.7922,delivery,,,,,,,,,,,,,,,,,,,,,,,,,,,,,,,,,,,,,,,,,,,,,,,,,,,,
50,11,9,36,S54,False,2,3,5,0,14,0,1,0,0,"['B634', 'B366', 'B351', 'B556', 'B398', 'B537', 'B88', 'B656', 'B159', 'B148', 'B261', 'B303', 'B522', 'B239', 'B586']",7.5,S29,1.43,16,4,20,0.0,,-0.434171,-7.641476,-8.075647,True,True,96,S10,True,42,4.1171,pickup+depot_removal,,,,,,,,,,,,,,,,,,,,,,,,,,,,,,,,,,,,,,,,,,,,,,,,,,,,
50,11,9,45,S29,False,16,4,20,14,0,0,0,0,0,"['B701', 'B206', 'B634', 'B366', 'B351', 'B556', 'B398', 'B537', 'B88', 'B656', 'B159', 'B148', 'B261', 'B303']",7.0,S57,2.05,2,4,6,0.0,,-0.432821,-7.830408,-8.26323,False,False,18,S57,False,12,0.6585,delivery,,,,,,,,,,,,,,,,,,,,,,,,,,,,,,,,,,,,,,,,,,,,,,,,,,,,
50,11,9,54,S57,False,2,4,6,0,0,0,0,0,0,[],0.0,S15,5.96,2,4,6,0.0,,-0.472313,-7.830106,-8.302419,True,False,24,S60,True,0,0.8156,do_nothing,,,,,,,,,,,,,,,,,,,,,,,,,,,,,,,,,,,,,,,,,,,,,,,,,,,,
50,11,10,0,S15,False,2,4,6,2,0,0,0,0,0,"['B522', 'B239']",1.0,S60,4.42,0,4,4,0.0,,-0.374598,-7.891615,-8.266213,False,False,12,S60,False,7,0.3242,delivery,,,,,,,,,,,,,,,,,,,,,,,,,,,,,,,,,,,,,,,,,,,,,,,,,,,,
50,11,10,5,S60,False,0,4,4,0,11,0,0,0,0,"['B34', 'B59', 'B726', 'B688', 'B335', 'B298', 'B216', 'B455', 'B662', 'B237', 'B486']",5.5,S57,9.08,11,4,15,0.0,,-0.2956,-7.785729,-8.081329,True,False,48,S30,True,32,1.4549,pickup,,,,,,,,,,,,,,,,,,,,,,,,,,,,,,,,,,,,,,,,,,,,,,,,,,,,
50,11,10,20,S57,False,11,4,15,11,0,0,1,0,0,"['B727', 'B34', 'B59', 'B726', 'B688', 'B335', 'B298', 'B216', 'B455', 'B662', 'B237', 'B486']",6.0,S30,9.94,0,5,5,0.0,,-0.176114,-7.552175,-7.728289,True,True,24,S30,True,20,0.8174,delivery+depot_removal,,,,,,,,,,,,,,,,,,,,,,,,,,,,,,,,,,,,,,,,,,,,,,,,,,,,
50,11,10,36,S30,False,0,5,5,0,9,0,0,0,0,"['B357', 'B599', 'B39', 'B207', 'B729', 'B601', 'B496', 'B478', 'B417']",4.5,S12,11.1,9,5,14,0.0,,-0.178067,-7.652793,-7.830861,False,False,18,S31,True,14,0.5706,pickup,,,,,,,,,,,,,,,,,,,,,,,,,,,,,,,,,,,,,,,,,,,,,,,,,,,,
50,11,10,51,S12,False,9,5,14,9,0,0,0,0,0,"['B357', 'B599', 'B39', 'B207', 'B729', 'B601', 'B496', 'B478', 'B417']",4.5,S51,2.02,0,5,5,0.0,,-0.196738,-7.695989,-7.892727,False,False,12,S49,True,9,0.3347,delivery,,,,,,,,,,,,,,,,,,,,,,,,,,,,,,,,,,,,,,,,,,,,,,,,,,,,
50,11,10,58,S51,False,0,5,5,0,8,1,0,0,0,"['B515', 'B623', 'B450', 'B118', 'B124', 'B513', 'B464', 'B449']",7.0,S35,8.32,8,5,13,0.0,,-0.355124,-7.646844,-8.001967,True,True,36,S49,True,18,1.1244,pickup+onsite,,,,,,,,,,,,,,,,,,,,,,,,,,,,,,,,,,,,,,,,,,,,,,,,,,,,
50,11,11,13,S35,False,8,5,13,0,0,0,0,0,0,[],0.0,S50,1.61,8,5,13,0.0,,-0.568782,-7.873955,-8.442736,True,False,24,S46,True,0,0.8286,do_nothing,,,,,,,,,,,,,,,,,,,,,,,,,,,,,,,,,,,,,,,,,,,,,,,,,,,,
50,11,11,15,S50,False,8,5,13,8,0,0,0,0,0,"['B515', 'B623', 'B450', 'B118', 'B124', 'B513', 'B464', 'B449']",4.0,S31,7.46,0,5,5,0.0,,-0.550003,-7.799078,-8.349081,False,False,12,S23,True,6,0.36,delivery,,,,,,,,,,,,,,,,,,,,,,,,,,,,,,,,,,,,,,,,,,,,,,,,,,,,
50,11,11,26,S31,False,0,5,5,0,15,0,0,0,0,"['B226', 'B484', 'B55', 'B542', 'B350', 'B381', 'B746', 'B383', 'B266', 'B135', 'B102', 'B589', 'B507', 'B29', 'B139']",7.5,S46,5.03,15,5,20,0.0,,-0.944733,-7.775919,-8.720652,False,False,12,S29,True,7,0.4003,pickup,,,,,,,,,,,,,,,,,,,,,,,,,,,,,,,,,,,,,,,,,,,,,,,,,,,,
50,11,11,39,S46,False,15,5,20,0,0,0,0,0,0,[],0.0,S29,4.73,15,5,20,0.0,,-0.82779,-8.089308,-8.917098,True,False,30,S29,True,1,1.1846,do_nothing,,,,,,,,,,,,,,,,,,,,,,,,,,,,,,,,,,,,,,,,,,,,,,,,,,,,
50,11,11,43,S29,False,15,5,20,15,0,0,0,0,0,"['B226', 'B484', 'B55', 'B542', 'B350', 'B381', 'B746', 'B383', 'B266', 'B135', 'B102', 'B589', 'B507', 'B29', 'B139']",7.5,S66,6.29,0,5,5,0.0,,-1.141029,-8.050448,-9.191477,False,False,12,S66,False,6,0.409,delivery,,,,,,,,,,,,,,,,,,,,,,,,,,,,,,,,,,,,,,,,,,,,,,,,,,,,
50,11,11,57,S66,False,0,5,5,0,12,0,0,0,0,"['B271', 'B363', 'B30', 'B691', 'B472', 'B635', 'B19', 'B210', 'B720', 'B698', 'B714', 'B730']",6.0,S54,5.58,12,5,17,0.0,,-1.55901,-8.128987,-9.687997,True,False,36,S59,True,13,1.0465,pickup,,,,,,,,,,,,,,,,,,,,,,,,,,,,,,,,,,,,,,,,,,,,,,,,,,,,
50,11,12,9,S54,False,12,5,17,12,0,1,0,0,0,"['B271', 'B363', 'B30', 'B691', 'B472', 'B635', 'B19', 'B210', 'B720', 'B698', 'B714', 'B730']",9.0,S16,4.04,0,5,5,0.0,,-1.758352,-8.143209,-9.901562,True,True,48,S16,True,38,1.4247,delivery+onsite,,,,,,,,,,,,,,,,,,,,,,,,,,,,,,,,,,,,,,,,,,,,,,,,,,,,
50,11,12,22,S16,False,0,5,5,0,11,0,0,0,0,"['B260', 'B437', 'B299', 'B482', 'B400', 'B600', 'B696', 'B354', 'B310', 'B43', 'B726']",5.5,S46,1.33,11,5,16,0.0,,-1.577029,-8.223964,-9.800993,False,False,18,S59,True,12,0.5713,pickup,,,,,,,,,,,,,,,,,,,,,,,,,,,,,,,,,,,,,,,,,,,,,,,,,,,,
50,11,12,29,S46,False,11,5,16,11,0,0,0,0,0,"['B260', 'B437', 'B299', 'B482', 'B400', 'B600', 'B696', 'B354', 'B310', 'B43', 'B726']",5.5,S51,3.14,0,5,5,0.0,,-1.671268,-8.174493,-9.84576,True,False,24,S19,True,12,0.748,delivery,,,,,,,,,,,,,,,,,,,,,,,,,,,,,,,,,,,,,,,,,,,,,,,,,,,,
50,11,12,37,S51,False,0,5,5,0,15,0,0,0,0,"['B173', 'B477', 'B721', 'B526', 'B764', 'B712', 'B111', 'B264', 'B663', 'B660', 'B17', 'B382', 'B222', 'B716', 'B408']",7.5,S15,8.59,15,5,20,0.0,,-1.477725,-8.101163,-9.578888,False,False,18,S59,True,6,0.6134,pickup,,,,,,,,,,,,,,,,,,,,,,,,,,,,,,,,,,,,,,,,,,,,,,,,,,,,
50,11,12,53,S15,False,15,5,20,0,0,0,0,0,0,[],0.0,S50,4.47,15,5,20,0.0,,-1.239177,-8.078208,-9.317385,False,False,12,S50,False,1,0.391,do_nothing,,,,,,,,,,,,,,,,,,,,,,,,,,,,,,,,,,,,,,,,,,,,,,,,,,,,
50,11,12,58,S50,False,15,5,20,15,0,0,0,0,0,"['B173', 'B477', 'B721', 'B526', 'B764', 'B712', 'B111', 'B264', 'B663', 'B660', 'B17', 'B382', 'B222', 'B716', 'B408']",7.5,S59,8.72,0,5,5,0.0,,-1.195235,-8.164608,-9.359843,False,False,12,S59,False,6,0.4011,delivery,,,,,,,,,,,,,,,,,,,,,,,,,,,,,,,,,,,,,,,,,,,,,,,,,,,,
50,11,13,14,S59,False,0,5,5,0,15,1,0,0,0,"['B50', 'B240', 'B333', 'B162', 'B218', 'B147', 'B342', 'B176', 'B57', 'B352', 'B581', 'B174', 'B312', 'B232', 'B453']",10.5,S61,2.35,15,5,20,0.0,,-1.516656,-8.101283,-9.617939,True,True,24,S63,True,21,0.791,pickup+onsite,,,,,,,,,,,,,,,,,,,,,,,,,,,,,,,,,,,,,,,,,,,,,,,,,,,,
50,11,13,27,S61,False,15,5,20,9,0,0,0,0,0,"['B50', 'B240', 'B333', 'B162', 'B218', 'B147', 'B342', 'B176', 'B57']",4.5,S63,3.24,6,5,11,0.0,,-2.280941,-8.1655,-10.446441,True,False,30,S63,True,8,0.7,delivery,,,,,,,,,,,,,,,,,,,,,,,,,,,,,,,,,,,,,,,,,,,,,,,,,,,,
50,11,13,35,S63,False,6,5,11,6,0,0,0,0,0,"['B352', 'B581', 'B174', 'B312', 'B232', 'B453']",3.0,S66,4.37,0,5,5,0.0,,-2.24833,-8.210651,-10.458981,True,False,36,S60,True,19,1.1093,delivery,,,,,,,,,,,,,,,,,,,,,,,,,,,,,,,,,,,,,,,,,,,,,,,,,,,,
50,11,13,42,S66,False,0,5,5,0,15,1,0,0,0,"['B745', 'B522', 'B88', 'B484', 'B541', 'B587', 'B527', 'B5', 'B437', 'B691', 'B468', 'B41', 'B589', 'B173', 'B672']",10.5,S26,5.64,15,5,20,0.0,,-2.482271,-8.19719,-10.679461,True,True,36,S60,True,19,0.9689,pickup+onsite,,,,,,,,,,,,,,,,,,,,,,,,,,,,,,,,,,,,,,,,,,,,,,,,,,,,
50,11,13,58,S26,False,15,5,20,0,0,0,0,0,0,[],0.0,S43,8.51,15,5,20,0.0,,-2.500488,-8.204439,-10.704927,False,False,12,S43,False,4,0.4599,do_nothing,,,,,,,,,,,,,,,,,,,,,,,,,,,,,,,,,,,,,,,,,,,,,,,,,,,,
50,11,14,7,S43,False,15,5,20,15,0,0,0,0,0,"['B745', 'B522', 'B88', 'B484', 'B541', 'B587', 'B527', 'B5', 'B437', 'B691', 'B468', 'B41', 'B589', 'B173', 'B672']",7.5,S60,4.48,0,5,5,0.0,,-3.531066,-8.187441,-11.718508,False,False,12,S60,False,6,0.3558,delivery,,,,,,,,,,,,,,,,,,,,,,,,,,,,,,,,,,,,,,,,,,,,,,,,,,,,
50,11,14,19,S60,False,0,5,5,0,15,0,0,0,0,"['B429', 'B282', 'B121', 'B593', 'B562', 'B3', 'B42', 'B360', 'B51', 'B230', 'B655', 'B416', 'B201', 'B588', 'B421']",7.5,S26,6.85,15,5,20,0.0,,-2.504026,-8.173907,-10.677933,True,False,24,S26,False,18,0.9439,pickup,,,,,,,,,,,,,,,,,,,,,,,,,,,,,,,,,,,,,,,,,,,,,,,,,,,,
50,11,14,33,S26,False,15,5,20,15,0,0,0,0,0,"['B429', 'B282', 'B121', 'B593', 'B562', 'B3', 'B42', 'B360', 'B51', 'B230', 'B655', 'B416', 'B201', 'B588', 'B421']",7.5,S12,13.22,0,5,5,0.0,,-1.832871,-8.161795,-9.994666,False,False,12,S63,True,6,0.422,delivery,,,,,,,,,,,,,,,,,,,,,,,,,,,,,,,,,,,,,,,,,,,,,,,,,,,,
50,11,14,54,S12,False,0,5,5,0,15,0,0,0,0,"['B159', 'B657', 'B573', 'B94', 'B671', 'B668', 'B515', 'B526', 'B327', 'B684', 'B596', 'B111', 'B287', 'B133', 'B229']",7.5,S15,10.6,15,5,20,0.0,,-1.737325,-7.989678,-9.727003,False,False,12,S50,True,10,1.7661,pickup,,,,,,,,,,,,,,,,,,,,,,,,,,,,,,,,,,,,,,,,,,,,,,,,,,,,
50,11,15,12,S15,False,15,5,20,13,0,0,0,0,0,"['B159', 'B657', 'B573', 'B94', 'B671', 'B668', 'B515', 'B526', 'B327', 'B684', 'B596', 'B111', 'B287']",6.5,S55,4.77,2,5,7,0.0,,-1.539178,-8.064154,-9.603332,False,False,18,S55,False,7,0.589,delivery,,,,,,,,,,,,,,,,,,,,,,,,,,,,,,,,,,,,,,,,,,,,,,,,,,,,
50,11,15,23,S55,False,2,5,7,2,0,2,0,0,0,"['B133', 'B229']",7.0,S40,2.75,0,5,5,0.0,,-1.654764,-7.968829,-9.623593,True,True,36,S31,True,34,1.6316,delivery+onsite,,,,,,,,,,,,,,,,,,,,,,,,,,,,,,,,,,,,,,,,,,,,,,,,,,,,
50,11,15,33,S40,False,0,5,5,0,12,0,0,0,0,"['B82', 'B677', 'B160', 'B741', 'B543', 'B492', 'B53', 'B434', 'B767', 'B138', 'B55', 'B110']",6.0,S50,4.22,12,5,17,0.0,,-1.579428,-7.88863,-9.468058,True,False,36,S31,True,12,1.41,pickup,,,,,,,,,,,,,,,,,,,,,,,,,,,,,,,,,,,,,,,,,,,,,,,,,,,,
50,11,15,43,S50,False,12,5,17,12,0,0,0,0,0,"['B82', 'B677', 'B160', 'B741', 'B543', 'B492', 'B53', 'B434', 'B767', 'B138', 'B55', 'B110']",6.0,S31,7.46,0,5,5,0.0,,-0.987515,-7.84083,-8.828345,False,False,12,S32,True,6,0.6724,delivery,,,,,,,,,,,,,,,,,,,,,,,,,,,,,,,,,,,,,,,,,,,,,,,,,,,,
50,11,15,56,S31,False,0,5,5,0,15,0,0,0,0,"['B158', 'B26', 'B666', 'B54', 'B196', 'B489', 'B685', 'B559', 'B740', 'B458', 'B710', 'B406', 'B16', 'B329', 'B103']",7.5,S16,3.96,15,5,20,0.0,,-1.22172,-7.872135,-9.093856,True,False,18,S55,True,16,0.7841,pickup,,,,,,,,,,,,,,,,,,,,,,,,,,,,,,,,,,,,,,,,,,,,,,,,,,,,
50,11,16,8,S16,False,15,5,20,7,0,0,0,0,0,"['B158', 'B26', 'B666', 'B54', 'B196', 'B489', 'B685']",3.5,S52,1.07,8,5,13,0.0,,-0.827535,-7.981618,-8.809153,False,False,18,S29,True,14,0.4611,delivery,,,,,,,,,,,,,,,,,,,,,,,,,,,,,,,,,,,,,,,,,,,,,,,,,,,,
50,11,16,13,S52,False,8,5,13,8,0,0,0,0,0,"['B559', 'B740', 'B458', 'B710', 'B406', 'B16', 'B329', 'B103']",4.0,S32,3.72,0,5,5,0.0,,-0.904975,-7.974604,-8.879579,True,False,24,S44,True,13,0.9125,delivery,,,,,,,,,,,,,,,,,,,,,,,,,,,,,,,,,,,,,,,,,,,,,,,,,,,,
50,11,16,20,S32,False,0,5,5,0,13,0,0,0,0,"['B14', 'B736', 'B178', 'B389', 'B371', 'B697', 'B381', 'B383', 'B444', 'B56', 'B401', 'B592', 'B402']",6.5,S55,1.17,13,5,18,0.0,,-0.729674,-7.995453,-8.725127,True,False,108,S31,True,40,2.4891,pickup,,,,,,,,,,,,,,,,,,,,,,,,,,,,,,,,,,,,,,,,,,,,,,,,,,,,
50,11,16,28,S55,False,13,5,18,13,0,0,0,0,0,"['B14', 'B736', 'B178', 'B389', 'B371', 'B697', 'B381', 'B383', 'B444', 'B56', 'B401', 'B592', 'B402']",6.5,S30,7.99,0,5,5,0.0,,-0.751092,-7.867912,-8.619005,False,False,12,S30,False,9,0.3742,delivery,,,,,,,,,,,,,,,,,,,,,,,,,,,,,,,,,,,,,,,,,,,,,,,,,,,,
50,11,16,42,S30,False,0,5,5,0,8,0,0,0,0,"['B613', 'B330', 'B451', 'B373', 'B715', 'B644', 'B303', 'B64']",4.0,S65,1.33,8,5,13,0.0,,-0.927058,-7.967078,-8.894136,False,False,18,S65,False,6,0.493,pickup,,,,,,,,,,,,,,,,,,,,,,,,,,,,,,,,,,,,,,,,,,,,,,,,,,,,
50,11,16,48,S65,False,8,5,13,0,7,0,0,0,0,"['B36', 'B658', 'B302', 'B368', 'B100', 'B374', 'B260']",3.5,S44,6.93,15,5,20,0.0,,-0.553063,-7.802582,-8.355646,True,False,24,S44,False,21,0.5487,pickup,,,,,,,,,,,,,,,,,,,,,,,,,,,,,,,,,,,,,,,,,,,,,,,,,,,,
50,11,16,58,S44,False,15,5,20,11,0,0,0,0,0,"['B613', 'B330', 'B451', 'B373', 'B715', 'B644', 'B303', 'B64', 'B36', 'B658', 'B302']",5.5,S15,4.96,4,5,9,0.0,,-0.473965,-7.811805,-8.28577,False,False,18,S39,True,6,0.4869,delivery,,,,,,,,,,,,,,,,,,,,,,,,,,,,,,,,,,,,,,,,,,,,,,,,,,,,
50,11,17,9,S15,False,4,5,9,0,0,0,0,0,0,[],0.0,S35,5.79,4,5,9,0.0,,-0.474367,-7.462967,-7.937334,False,False,12,S47,True,1,0.3469,do_nothing,,,,,,,,,,,,,,,,,,,,,,,,,,,,,,,,,,,,,,,,,,,,,,,,,,,,
50,11,17,14,S35,False,4,5,9,4,0,1,0,0,0,"['B368', 'B100', 'B374', 'B260']",5.0,S47,11.02,0,5,5,0.0,,-0.514008,-7.356416,-7.870424,True,True,48,S47,False,37,1.3822,delivery+onsite,,,,,,,,,,,,,,,,,,,,,,,,,,,,,,,,,,,,,,,,,,,,,,,,,,,,
50,11,17,30,S47,False,0,5,5,0,15,0,0,0,0,"['B466', 'B577', 'B93', 'B452', 'B457', 'B362', 'B564', 'B497', 'B52', 'B62', 'B130', 'B297', 'B8', 'B763', 'B465']",7.5,S39,3.52,15,5,20,0.0,,-0.394018,-7.470932,-7.86495,False,False,18,S59,True,6,0.7617,pickup,,,,,,,,,,,,,,,,,,,,,,,,,,,,,,,,,,,,,,,,,,,,,,,,,,,,
50,11,17,41,S39,False,15,5,20,15,0,0,0,0,0,"['B466', 'B577', 'B93', 'B452', 'B457', 'B362', 'B564', 'B497', 'B52', 'B62', 'B130', 'B297', 'B8', 'B763', 'B465']",7.5,S65,5.08,0,5,5,0.0,,-0.669455,-7.634491,-8.303946,True,False,18,S37,True,10,0.6217,delivery,,,,,,,,,,,,,,,,,,,,,,,,,,,,,,,,,,,,,,,,,,,,,,,,,,,,
50,11,17,54,S65,False,0,5,5,0,9,0,2,0,0,"['B746', 'B493', 'B0', 'B589', 'B119', 'B252', 'B397', 'B419', 'B235', 'B168', 'B142']",5.5,S19,11.76,9,7,16,0.0,,-0.394276,-7.326074,-7.72035,True,True,54,S37,True,50,1.7281,pickup+depot_removal,,,,,,,,,,,,,,,,,,,,,,,,,,,,,,,,,,,,,,,,,,,,,,,,,,,,
50,11,18,11,S19,False,9,7,16,9,0,0,1,0,0,"['B69', 'B746', 'B493', 'B0', 'B589', 'B119', 'B252', 'B397', 'B419', 'B235']",5.0,S31,8.63,0,8,8,0.0,,-0.452836,-7.6284,-8.081236,True,True,108,S63,True,43,3.7241,delivery+depot_removal,,,,,,,,,,,,,,,,,,,,,,,,,,,,,,,,,,,,,,,,,,,,,,,,,,,,
50,11,18,25,S31,False,0,8,8,0,12,0,0,0,0,"['B25', 'B120', 'B734', 'B261', 'B144', 'B203', 'B539', 'B514', 'B213', 'B10', 'B204', 'B612']",6.0,S62,2.98,12,8,20,0.0,,-0.157387,-7.522794,-7.680182,True,False,18,S62,False,12,0.6363,pickup,,,,,,,,,,,,,,,,,,,,,,,,,,,,,,,,,,,,,,,,,,,,,,,,,,,,
50,11,18,34,S62,False,12,8,20,12,0,1,0,0,0,"['B25', 'B120', 'B734', 'B261', 'B144', 'B203', 'B539', 'B514', 'B213', 'B10', 'B204', 'B612']",9.0,S59,3.77,0,8,8,0.0,,-0.29605,-7.469321,-7.765371,True,True,60,S63,True,48,2.1071,delivery+onsite,,,,,,,,,,,,,,,,,,,,,,,,,,,,,,,,,,,,,,,,,,,,,,,,,,,,
50,11,18,47,S59,False,0,8,8,0,12,0,0,0,0,"['B498', 'B565', 'B509', 'B603', 'B87', 'B755', 'B182', 'B638', 'B118', 'B533', 'B125', 'B679']",6.0,S32,6.22,12,8,20,0.0,,-0.198338,-7.529545,-7.727883,False,False,12,S37,True,7,0.4508,pickup,,,,,,,,,,,,,,,,,,,,,,,,,,,,,,,,,,,,,,,,,,,,,,,,,,,,
50,11,18,59,S32,False,12,8,20,10,0,0,0,0,0,"['B498', 'B565', 'B509', 'B603', 'B87', 'B755', 'B182', 'B638', 'B118', 'B533']",5.0,S37,4.74,2,8,10,0.0,,-0.137514,-7.316604,-7.454118,True,False,90,S25,True,18,2.5853,delivery,,,,,,,,,,,,,,,,,,,,,,,,,,,,,,,,,,,,,,,,,,,,,,,,,,,,
50,11,19,9,S37,False,2,8,10,0,10,0,0,0,0,"['B234', 'B548', 'B268', 'B427', 'B546', 'B717', 'B468', 'B344', 'B24', 'B221']",5.0,S63,1.78,12,8,20,0.0,,-0.313979,-7.108312,-7.42229,True,False,42,S63,True,37,1.1424,pickup,,,,,,,,,,,,,,,,,,,,,,,,,,,,,,,,,,,,,,,,,,,,,,,,,,,,
50,11,19,15,S63,False,12,8,20,12,0,0,0,0,0,"['B125', 'B679', 'B234', 'B548', 'B268', 'B427', 'B546', 'B717', 'B468', 'B344', 'B24', 'B221']",6.0,S48,4.03,0,8,8,0.0,,-0.236832,-7.039652,-7.276484,True,False,42,S10,True,24,1.1184,delivery,,,,,,,,,,,,,,,,,,,,,,,,,,,,,,,,,,,,,,,,,,,,,,,,,,,,
50,11,19,25,S48,False,0,8,8,0,10,1,0,0,0,"['B304', 'B696', 'B5', 'B162', 'B424', 'B597', 'B82', 'B494', 'B193', 'B740']",8.0,S15,9.05,10,8,18,0.0,,-0.23683,-6.945397,-7.182227,True,True,32,S49,True,30,1.136,pickup+onsite,,,,,,,,,,,,,,,,,,,,,,,,,,,,,,,,,,,,,,,,,,,,,,,,,,,,
50,11,19,43,S15,False,10,8,18,0,0,0,0,0,0,[],0.0,S27,1.32,10,8,18,0.0,,-0.256607,-7.040879,-7.297486,False,False,6,S10,True,2,0.1777,do_nothing,,,,,,,,,,,,,,,,,,,,,,,,,,,,,,,,,,,,,,,,,,,,,,,,,,,,
50,11,19,44,S27,False,10,8,18,10,0,1,0,0,0,"['B304', 'B696', 'B5', 'B162', 'B424', 'B597', 'B82', 'B494', 'B193', 'B740']",8.0,D0,1.1,0,8,8,0.0,,-0.33355,-7.098842,-7.432392,True,True,9,D0,True,8,0.2691,delivery+onsite,,,,,,,,,,,,,,,,,,,,,,,,,,,,,,,,,,,,,,,,,,,,,,,,,,,,
50,11,19,53,D0,True,0,8,8,0,0,0,0,8,0,"['B459', 'B92', 'B474', 'B586', 'B727', 'B168', 'B142', 'B69']",4.0,D0,0.0,0,0,0,0.0,,-0.314627,-7.078682,-7.39331,True,True,1,D0,False,0,0.0297,do_nothing,,,,,,,,,,,,,,,,,,,,,,,,,,,,,,,,,,,,,,,,,,,,,,,,,,,,
50,12,6,12,D0,True,0,0,0,0,0,0,0,0,8,"['B58', 'B580', 'B476', 'B181', 'B462', 'B621', 'B536', 'B20']",4.0,S44,1.67,8,0,8,0.0,,-0.117941,-7.693801,-7.811742,True,True,5,S52,True,2,0.1182,load_queue,,,,,,,,,,,,,,,,,,,,,,,,,,,,,,,,,,,,,,,,,,,,,,,,,,,,
50,12,6,33,S44,False,8,0,8,0,12,0,0,0,0,"['B715', 'B644', 'B303', 'B64', 'B36', 'B658', 'B302', 'B349', 'B622', 'B54', 'B478', 'B196']",6.0,S48,4.46,20,0,20,0.0,,-0.098668,-7.660288,-7.758956,False,False,12,S48,False,6,0.3118,pickup,,,,,,,,,,,,,,,,,,,,,,,,,,,,,,,,,,,,,,,,,,,,,,,,,,,,
50,12,6,43,S48,False,20,0,20,15,0,0,0,0,0,"['B58', 'B580', 'B476', 'B181', 'B462', 'B621', 'B536', 'B20', 'B715', 'B644', 'B303', 'B64', 'B36', 'B658', 'B302']",7.5,S52,5.29,5,0,5,0.0,,-0.059119,-7.609348,-7.668467,False,False,18,S26,True,13,0.6978,delivery,,,,,,,,,,,,,,,,,,,,,,,,,,,,,,,,,,,,,,,,,,,,,,,,,,,,
50,12,6,56,S52,False,5,0,5,0,15,1,0,0,0,"['B372', 'B127', 'B463', 'B382', 'B741', 'B625', 'B265', 'B694', 'B526', 'B34', 'B606', 'B480', 'B598', 'B70', 'B264']",10.5,S26,7.0,20,0,20,0.0,,-0.05927,-7.51957,-7.578839,True,True,24,S26,True,18,0.9021,pickup+onsite,,,,,,,,,,,,,,,,,,,,,,,,,,,,,,,,,,,,,,,,,,,,,,,,,,,,
50,12,7,13,S26,False,20,0,20,11,0,0,0,0,0,"['B349', 'B622', 'B54', 'B478', 'B196', 'B372', 'B127', 'B463', 'B382', 'B741', 'B625']",5.5,S23,8.86,9,0,9,0.0,,-0.019474,-7.441586,-7.46106,False,False,18,S22,True,8,0.6522,delivery,,,,,,,,,,,,,,,,,,,,,,,,,,,,,,,,,,,,,,,,,,,,,,,,,,,,
50,12,7,28,S23,False,9,0,9,0,11,0,0,0,0,"['B197', 'B208', 'B155', 'B346', 'B535', 'B143', 'B48', 'B198', 'B112', 'B312', 'B211']",5.5,S22,1.6,20,0,20,0.0,,-0.059571,-7.472461,-7.532032,True,False,18,S54,True,12,0.5315,pickup,,,,,,,,,,,,,,,,,,,,,,,,,,,,,,,,,,,,,,,,,,,,,,,,,,,,
50,12,7,35,S22,False,20,0,20,16,0,0,0,0,0,"['B265', 'B694', 'B526', 'B34', 'B606', 'B480', 'B598', 'B70', 'B264', 'B197', 'B208', 'B155', 'B346', 'B535', 'B143', 'B48']",8.0,S59,6.26,4,0,4,0.0,,-0.098066,-7.416984,-7.51505,True,False,42,S1,True,9,1.278,delivery,,,,,,,,,,,,,,,,,,,,,,,,,,,,,,,,,,,,,,,,,,,,,,,,,,,,
50,12,7,49,S59,False,4,0,4,0,16,0,0,0,0,"['B66', 'B267', 'B13', 'B432', 'B566', 'B422', 'B667', 'B516', 'B443', 'B180', 'B317', 'B388', 'B187', 'B109', 'B306', 'B101']",8.0,S1,9.59,20,0,20,0.0,,-0.098566,-7.436425,-7.534991,False,False,18,S54,True,12,0.7931,pickup,,,,,,,,,,,,,,,,,,,,,,,,,,,,,,,,,,,,,,,,,,,,,,,,,,,,
50,12,8,7,S1,False,20,0,20,0,0,1,0,0,0,[],3.0,S19,8.58,20,0,20,0.0,,-0.11834,-7.356632,-7.474972,True,True,12,S29,True,7,0.6225,do_nothing+onsite,,,,,,,,,,,,,,,,,,,,,,,,,,,,,,,,,,,,,,,,,,,,,,,,,,,,
50,12,8,18,S19,False,20,0,20,9,0,0,0,0,0,"['B198', 'B112', 'B312', 'B211', 'B66', 'B267', 'B13', 'B432', 'B566']",4.5,S63,4.53,11,0,11,0.0,,-0.118391,-7.32056,-7.438951,True,False,60,S10,True,14,1.8922,delivery,,,,,,,,,,,,,,,,,,,,,,,,,,,,,,,,,,,,,,,,,,,,,,,,,,,,
50,12,8,27,S63,False,11,0,11,0,9,0,0,0,0,"['B125', 'B679', 'B234', 'B548', 'B268', 'B427', 'B546', 'B717', 'B468']",4.5,S10,4.83,20,0,20,0.0,,-0.019723,-7.330969,-7.350691,True,False,24,S10,False,19,0.6257,pickup,,,,,,,,,,,,,,,,,,,,,,,,,,,,,,,,,,,,,,,,,,,,,,,,,,,,
50,12,8,37,S10,False,20,0,20,0,0,1,0,0,0,[],3.0,S54,1.21,20,0,20,0.0,,-0.019425,-7.441942,-7.461367,True,True,60,S54,True,7,2.1198,do_nothing+onsite,,,,,,,,,,,,,,,,,,,,,,,,,,,,,,,,,,,,,,,,,,,,,,,,,,,,
50,12,8,41,S54,False,20,0,20,12,0,0,1,0,0,"['B394', 'B422', 'B667', 'B516', 'B443', 'B180', 'B317', 'B388', 'B187', 'B109', 'B306', 'B101', 'B125']",6.5,S2,8.92,8,1,9,0.0,,-0.097668,-7.375648,-7.473316,True,True,42,S2,True,33,1.3609,delivery+depot_removal,,,,,,,,,,,,,,,,,,,,,,,,,,,,,,,,,,,,,,,,,,,,,,,,,,,,
50,12,8,56,S2,False,8,1,9,0,0,0,0,0,0,[],0.0,S42,12.1,8,1,9,0.0,,-0.216504,-7.392944,-7.609448,True,False,24,S31,True,3,0.8905,do_nothing,,,,,,,,,,,,,,,,,,,,,,,,,,,,,,,,,,,,,,,,,,,,,,,,,,,,
50,12,9,8,S42,False,8,1,9,8,0,1,1,0,0,"['B337', 'B679', 'B234', 'B548', 'B268', 'B427', 'B546', 'B717', 'B468']",7.5,S47,12.17,0,2,2,0.0,,-0.334998,-7.399505,-7.734503,True,True,48,S47,True,42,1.8797,delivery+maintenance,,,,,,,,,,,,,,,,,,,,,,,,,,,,,,,,,,,,,,,,,,,,,,,,,,,,
50,12,9,28,S47,False,0,2,2,0,18,1,0,0,0,"['B496', 'B724', 'B453', 'B530', 'B215', 'B634', 'B19', 'B666', 'B93', 'B583', 'B685', 'B318', 'B760', 'B84', 'B442', 'B511', 'B725', 'B493']",12.0,S32,9.1,18,2,20,0.0,,-0.593353,-7.606638,-8.199991,True,True,24,S41,True,20,0.8897,pickup+onsite,,,,,,,,,,,,,,,,,,,,,,,,,,,,,,,,,,,,,,,,,,,,,,,,,,,,
50,12,9,49,S32,False,18,2,20,16,0,0,1,0,0,"['B269', 'B496', 'B724', 'B453', 'B530', 'B215', 'B634', 'B19', 'B666', 'B93', 'B583', 'B685', 'B318', 'B760', 'B84', 'B442', 'B511']",8.5,S53,1.73,2,3,5,0.0,,-0.158238,-7.57604,-7.734278,True,True,90,S53,False,24,3.4494,delivery+depot_removal,,,,,,,,,,,,,,,,,,,,,,,,,,,,,,,,,,,,,,,,,,,,,,,,,,,,
50,12,9,59,S53,False,2,3,5,2,0,0,0,0,0,"['B725', 'B493']",1.0,S37,3.02,0,3,3,0.0,,-0.33315,-7.76118,-8.09433,False,False,12,S45,True,6,0.4432,delivery,,,,,,,,,,,,,,,,,,,,,,,,,,,,,,,,,,,,,,,,,,,,,,,,,,,,
50,12,10,3,S37,False,0,3,3,0,16,0,0,0,0,"['B709', 'B700', 'B40', 'B134', 'B555', 'B331', 'B273', 'B108', 'B169', 'B531', 'B490', 'B194', 'B133', 'B626', 'B38', 'B63']",8.0,S65,5.89,16,3,19,0.0,,-0.137414,-7.64217,-7.779584,True,False,36,S65,False,18,1.1239,pickup,,,,,,,,,,,,,,,,,,,,,,,,,,,,,,,,,,,,,,,,,,,,,,,,,,,,
50,12,10,17,S65,False,16,3,19,16,0,0,0,0,0,"['B709', 'B700', 'B40', 'B134', 'B555', 'B331', 'B273', 'B108', 'B169', 'B531', 'B490', 'B194', 'B133', 'B626', 'B38', 'B63']",8.0,S58,6.14,0,3,3,0.0,,-0.314081,-7.482382,-7.796463,False,False,12,S17,True,6,0.367,delivery,,,,,,,,,,,,,,,,,,,,,,,,,,,,,,,,,,,,,,,,,,,,,,,,,,,,
50,12,10,31,S58,False,0,3,3,0,15,0,0,0,0,"['B14', 'B253', 'B385', 'B398', 'B333', 'B229', 'B243', 'B191', 'B383', 'B278', 'B402', 'B469', 'B30', 'B277', 'B173']",7.5,S23,7.33,15,3,18,0.0,,-0.2963,-7.483028,-7.779328,False,False,18,S63,True,10,0.4588,pickup,,,,,,,,,,,,,,,,,,,,,,,,,,,,,,,,,,,,,,,,,,,,,,,,,,,,
50,12,10,46,S23,False,15,3,18,6,0,0,0,0,0,"['B14', 'B253', 'B385', 'B398', 'B333', 'B229']",3.0,S49,4.79,9,3,12,0.0,,-0.157136,-7.555714,-7.71285,True,False,36,S6,True,25,0.776,delivery,,,,,,,,,,,,,,,,,,,,,,,,,,,,,,,,,,,,,,,,,,,,,,,,,,,,
50,12,10,54,S49,False,9,3,12,0,8,0,0,0,0,"['B766', 'B525', 'B652', 'B386', 'B220', 'B674', 'B214', 'B653']",4.0,S17,10.55,17,3,20,0.0,,-0.176609,-7.499207,-7.675816,False,False,12,S28,True,8,0.2933,pickup,,,,,,,,,,,,,,,,,,,,,,,,,,,,,,,,,,,,,,,,,,,,,,,,,,,,
50,12,11,9,S17,False,17,3,20,17,0,0,0,0,0,"['B243', 'B191', 'B383', 'B278', 'B402', 'B469', 'B30', 'B277', 'B173', 'B766', 'B525', 'B652', 'B386', 'B220', 'B674', 'B214', 'B653']",8.5,S16,9.93,0,3,3,0.0,,-0.197583,-7.51609,-7.713672,False,False,18,S53,True,8,0.5727,delivery,,,,,,,,,,,,,,,,,,,,,,,,,,,,,,,,,,,,,,,,,,,,,,,,,,,,
50,12,11,27,S16,False,0,3,3,0,9,0,0,0,0,"['B538', 'B617', 'B293', 'B683', 'B35', 'B267', 'B667', 'B252', 'B534']",4.5,S28,13.08,9,3,12,0.0,,-0.237687,-7.318486,-7.556173,False,False,18,S63,True,14,0.4878,pickup,,,,,,,,,,,,,,,,,,,,,,,,,,,,,,,,,,,,,,,,,,,,,,,,,,,,
50,12,11,45,S28,False,9,3,12,9,0,0,0,0,0,"['B538', 'B617', 'B293', 'B683', 'B35', 'B267', 'B667', 'B252', 'B534']",4.5,S33,11.98,0,3,3,0.0,,-0.196837,-7.456352,-7.653189,False,False,12,S63,True,9,0.4622,delivery,,,,,,,,,,,,,,,,,,,,,,,,,,,,,,,,,,,,,,,,,,,,,,,,,,,,
50,12,12,1,S33,False,0,3,3,0,14,0,0,0,0,"['B294', 'B124', 'B637', 'B320', 'B418', 'B722', 'B296', 'B106', 'B718', 'B257', 'B114', 'B405', 'B593', 'B473']",7.0,S54,3.1,14,3,17,0.0,,-0.296658,-7.463503,-7.76016,True,False,30,S15,True,15,0.8035,pickup,,,,,,,,,,,,,,,,,,,,,,,,,,,,,,,,,,,,,,,,,,,,,,,,,,,,
50,12,12,11,S54,False,14,3,17,9,0,0,1,0,0,"['B71', 'B294', 'B124', 'B637', 'B320', 'B418', 'B722', 'B296', 'B106', 'B718']",5.0,S42,4.21,5,4,9,0.0,,-0.178611,-7.452804,-7.631414,True,True,36,S34,True,21,0.7744,delivery+depot_removal,,,,,,,,,,,,,,,,,,,,,,,,,,,,,,,,,,,,,,,,,,,,,,,,,,,,
50,12,12,20,S42,False,5,4,9,5,0,0,0,0,0,"['B257', 'B114', 'B405', 'B593', 'B473']",2.5,S45,6.84,0,4,4,0.0,,-0.177059,-7.399801,-7.57686,False,False,12,S34,True,10,0.2826,delivery,,,,,,,,,,,,,,,,,,,,,,,,,,,,,,,,,,,,,,,,,,,,,,,,,,,,
50,12,12,30,S45,False,0,4,4,0,7,0,0,0,0,"['B558', 'B619', 'B28', 'B181', 'B149', 'B557', 'B486']",3.5,S15,4.47,7,4,11,0.0,,-0.058571,-7.368318,-7.426889,False,False,18,S34,True,6,0.4398,pickup,,,,,,,,,,,,,,,,,,,,,,,,,,,,,,,,,,,,,,,,,,,,,,,,,,,,
50,12,12,38,S15,False,7,4,11,7,0,0,0,0,0,"['B558', 'B619', 'B28', 'B181', 'B149', 'B557', 'B486']",3.5,S62,2.79,0,4,4,0.0,,-0.039197,-7.178515,-7.217713,False,False,12,S31,True,8,0.3626,delivery,,,,,,,,,,,,,,,,,,,,,,,,,,,,,,,,,,,,,,,,,,,,,,,,,,,,
50,12,12,44,S62,False,0,4,4,0,10,0,0,0,0,"['B681', 'B635', 'B498', 'B634', 'B650', 'B40', 'B390', 'B281', 'B499', 'B11']",5.0,S29,3.79,10,4,14,0.0,,-0.039047,-7.191604,-7.230651,True,False,36,S31,True,25,0.9499,pickup,,,,,,,,,,,,,,,,,,,,,,,,,,,,,,,,,,,,,,,,,,,,,,,,,,,,
50,12,12,53,S29,False,10,4,14,10,0,0,0,0,0,"['B681', 'B635', 'B498', 'B634', 'B650', 'B40', 'B390', 'B281', 'B499', 'B11']",5.0,S31,6.48,0,4,4,0.0,,-0.097717,-7.132697,-7.230414,False,False,12,S34,True,6,0.3791,delivery,,,,,,,,,,,,,,,,,,,,,,,,,,,,,,,,,,,,,,,,,,,,,,,,,,,,
50,12,13,4,S31,False,0,4,4,0,9,0,0,0,0,"['B177', 'B503', 'B623', 'B646', 'B450', 'B305', 'B321', 'B79', 'B391']",4.5,S66,0.38,9,4,13,0.0,,-0.019573,-7.233477,-7.25305,True,False,48,S60,True,30,1.7463,pickup,,,,,,,,,,,,,,,,,,,,,,,,,,,,,,,,,,,,,,,,,,,,,,,,,,,,
50,12,13,9,S66,False,9,4,13,9,0,0,0,0,0,"['B177', 'B503', 'B623', 'B646', 'B450', 'B305', 'B321', 'B79', 'B391']",4.5,S48,8.36,0,4,4,0.0,,-0.078696,-7.133142,-7.211838,False,False,12,S48,False,7,0.4126,delivery,,,,,,,,,,,,,,,,,,,,,,,,,,,,,,,,,,,,,,,,,,,,,,,,,,,,
50,12,13,22,S48,False,0,4,4,0,9,0,0,0,0,"['B536', 'B20', 'B715', 'B644', 'B303', 'B64', 'B36', 'B658', 'B302']",4.5,S41,9.11,9,4,13,0.0,,-0.13847,-7.333775,-7.472244,False,False,18,S51,True,13,0.5939,pickup,,,,,,,,,,,,,,,,,,,,,,,,,,,,,,,,,,,,,,,,,,,,,,,,,,,,
50,12,13,36,S41,False,9,4,13,9,0,0,0,0,0,"['B536', 'B20', 'B715', 'B644', 'B303', 'B64', 'B36', 'B658', 'B302']",4.5,S7,5.58,0,4,4,0.0,,-0.136566,-7.472432,-7.608998,True,False,48,S63,True,28,1.6952,delivery,,,,,,,,,,,,,,,,,,,,,,,,,,,,,,,,,,,,,,,,,,,,,,,,,,,,
50,12,13,46,S7,False,0,4,4,0,10,2,0,0,0,"['B585', 'B248', 'B448', 'B96', 'B627', 'B663', 'B205', 'B241', 'B699', 'B216']",11.0,S18,7.84,10,4,14,0.0,,-0.274724,-7.534476,-7.809199,True,True,54,S51,True,49,1.8342,pickup+onsite,,,,,,,,,,,,,,,,,,,,,,,,,,,,,,,,,,,,,,,,,,,,,,,,,,,,
50,12,14,4,S18,False,10,4,14,10,0,0,0,0,0,"['B585', 'B248', 'B448', 'B96', 'B627', 'B663', 'B205', 'B241', 'B699', 'B216']",5.0,S51,6.05,0,4,4,0.0,,-0.613431,-7.512924,-8.126355,False,False,12,S52,True,7,0.3619,delivery,,,,,,,,,,,,,,,,,,,,,,,,,,,,,,,,,,,,,,,,,,,,,,,,,,,,
50,12,14,16,S51,False,0,4,4,0,12,0,0,0,0,"['B706', 'B641', 'B457', 'B144', 'B647', 'B748', 'B479', 'B137', 'B508', 'B80', 'B187', 'B472']",6.0,S26,11.22,12,4,16,0.0,,-0.196136,-7.424059,-7.620195,False,False,18,S26,False,12,0.7749,pickup,,,,,,,,,,,,,,,,,,,,,,,,,,,,,,,,,,,,,,,,,,,,,,,,,,,,
50,12,14,33,S26,False,12,4,16,12,0,0,0,0,0,"['B706', 'B641', 'B457', 'B144', 'B647', 'B748', 'B479', 'B137', 'B508', 'B80', 'B187', 'B472']",6.0,S52,7.0,0,4,4,0.0,,-0.118493,-7.592503,-7.710996,False,False,12,S12,True,6,0.3854,delivery,,,,,,,,,,,,,,,,,,,,,,,,,,,,,,,,,,,,,,,,,,,,,,,,,,,,
50,12,14,46,S52,False,0,4,4,0,10,0,0,0,0,"['B128', 'B102', 'B199', 'B381', 'B530', 'B456', 'B533', 'B532', 'B455', 'B725']",5.0,S35,6.71,10,4,14,0.0,,-0.196482,-7.477107,-7.67359,False,False,18,S35,False,13,0.6818,pickup,,,,,,,,,,,,,,,,,,,,,,,,,,,,,,,,,,,,,,,,,,,,,,,,,,,,
50,12,14,57,S35,False,10,4,14,0,6,0,0,0,0,"['B181', 'B82', 'B718', 'B449', 'B536', 'B132']",3.0,S16,6.87,16,4,20,0.0,,-0.431719,-7.547665,-7.979384,True,False,18,S5,True,12,0.7143,pickup,,,,,,,,,,,,,,,,,,,,,,,,,,,,,,,,,,,,,,,,,,,,,,,,,,,,
50,12,15,7,S16,False,16,4,20,6,0,1,0,0,0,"['B128', 'B102', 'B199', 'B381', 'B530', 'B456']",6.0,S44,0.23,10,4,14,0.0,,-0.178011,-7.588053,-7.766064,True,True,54,S44,True,42,1.3371,delivery+onsite,,,,,,,,,,,,,,,,,,,,,,,,,,,,,,,,,,,,,,,,,,,,,,,,,,,,
50,12,15,14,S44,False,10,4,14,10,0,0,0,0,0,"['B533', 'B532', 'B455', 'B725', 'B181', 'B82', 'B718', 'B449', 'B536', 'B132']",5.0,S60,4.0,0,4,4,0.0,,-0.453744,-7.587649,-8.041393,False,False,12,S40,True,6,0.4059,delivery,,,,,,,,,,,,,,,,,,,,,,,,,,,,,,,,,,,,,,,,,,,,,,,,,,,,
50,12,15,23,S60,False,0,4,4,0,12,0,0,0,0,"['B471', 'B208', 'B179', 'B217', 'B273', 'B458', 'B118', 'B416', 'B332', 'B239', 'B631', 'B93']",6.0,S57,9.08,12,4,16,0.0,,-0.512954,-7.683451,-8.196405,True,False,48,S17,True,32,1.7159,pickup,,,,,,,,,,,,,,,,,,,,,,,,,,,,,,,,,,,,,,,,,,,,,,,,,,,,
50,12,15,38,S57,False,12,4,16,12,0,0,0,0,0,"['B471', 'B208', 'B179', 'B217', 'B273', 'B458', 'B118', 'B416', 'B332', 'B239', 'B631', 'B93']",6.0,S35,0.73,0,4,4,0.0,,-0.534182,-7.72669,-8.260872,False,False,12,S35,False,6,0.4333,delivery,,,,,,,,,,,,,,,,,,,,,,,,,,,,,,,,,,,,,,,,,,,,,,,,,,,,
50,12,15,44,S35,False,0,4,4,0,12,0,0,0,0,"['B473', 'B436', 'B198', 'B327', 'B465', 'B604', 'B150', 'B539', 'B638', 'B312', 'B336', 'B601']",6.0,S41,9.63,12,4,16,0.0,,-0.452391,-7.698118,-8.150509,True,False,36,S17,True,13,1.1353,pickup,,,,,,,,,,,,,,,,,,,,,,,,,,,,,,,,,,,,,,,,,,,,,,,,,,,,
50,12,16,0,S41,False,12,4,16,0,0,0,0,0,0,[],0.0,S32,7.65,12,4,16,0.0,,-0.413739,-7.650434,-8.064172,True,False,48,S40,True,0,1.4254,do_nothing,,,,,,,,,,,,,,,,,,,,,,,,,,,,,,,,,,,,,,,,,,,,,,,,,,,,
50,12,16,8,S32,False,12,4,16,12,0,0,0,0,0,"['B473', 'B436', 'B198', 'B327', 'B465', 'B604', 'B150', 'B539', 'B638', 'B312', 'B336', 'B601']",6.0,S31,6.41,0,4,4,0.0,,-0.511009,-7.704494,-8.215503,True,False,36,S41,True,20,1.1458,delivery,,,,,,,,,,,,,,,,,,,,,,,,,,,,,,,,,,,,,,,,,,,,,,,,,,,,
50,12,16,20,S31,False,0,4,4,0,11,0,0,0,0,"['B378', 'B56', 'B696', 'B124', 'B739', 'B658', 'B556', 'B77', 'B244', 'B45', 'B184']",5.5,S63,4.21,11,4,15,0.0,,-0.590807,-7.664838,-8.255645,True,False,42,S61,True,25,1.538,pickup,,,,,,,,,,,,,,,,,,,,,,,,,,,,,,,,,,,,,,,,,,,,,,,,,,,,
50,12,16,30,S63,False,11,4,15,11,0,1,0,0,0,"['B378', 'B56', 'B696', 'B124', 'B739', 'B658', 'B556', 'B77', 'B244', 'B45', 'B184']",8.5,S12,5.44,0,4,4,0.0,,-0.453395,-7.683433,-8.136828,True,True,72,S48,True,56,2.1304,delivery+onsite,,,,,,,,,,,,,,,,,,,,,,,,,,,,,,,,,,,,,,,,,,,,,,,,,,,,
50,12,16,44,S12,False,0,4,4,0,0,0,0,0,0,[],0.0,S61,8.51,0,4,4,0.0,,-0.395524,-7.729635,-8.125159,True,False,36,S48,True,1,1.1551,do_nothing,,,,,,,,,,,,,,,,,,,,,,,,,,,,,,,,,,,,,,,,,,,,,,,,,,,,
50,12,16,52,S61,False,0,4,4,0,8,0,1,0,0,"['B379', 'B223', 'B322', 'B165', 'B742', 'B108', 'B429', 'B36', 'B315']",4.5,S41,2.24,8,5,13,0.0,,-0.314324,-7.721714,-8.036038,True,True,36,S12,True,18,1.0908,pickup+depot_removal,,,,,,,,,,,,,,,,,,,,,,,,,,,,,,,,,,,,,,,,,,,,,,,,,,,,
50,12,16,59,S41,False,8,5,13,8,0,0,0,0,0,"['B379', 'B223', 'B322', 'B165', 'B742', 'B108', 'B429', 'B36']",4.0,S48,9.11,0,5,5,0.0,,-0.375296,-7.566393,-7.941689,True,False,48,S48,False,24,1.4716,delivery,,,,,,,,,,,,,,,,,,,,,,,,,,,,,,,,,,,,,,,,,,,,,,,,,,,,
50,12,17,12,S48,False,0,5,5,0,11,0,0,0,0,"['B757', 'B212', 'B359', 'B233', 'B677', 'B531', 'B15', 'B543', 'B724', 'B417', 'B498']",5.5,S59,6.45,11,5,16,0.0,,-0.216707,-7.508092,-7.724799,False,False,18,S46,True,10,0.5185,pickup,,,,,,,,,,,,,,,,,,,,,,,,,,,,,,,,,,,,,,,,,,,,,,,,,,,,
50,12,17,24,S59,False,11,5,16,11,0,0,0,0,0,"['B757', 'B212', 'B359', 'B233', 'B677', 'B531', 'B15', 'B543', 'B724', 'B417', 'B498']",5.5,S46,4.24,0,5,5,0.0,,-0.493288,-7.663908,-8.157196,False,False,12,S46,False,7,0.3384,delivery,,,,,,,,,,,,,,,,,,,,,,,,,,,,,,,,,,,,,,,,,,,,,,,,,,,,
50,12,17,34,S46,False,0,5,5,0,14,0,0,0,0,"['B591', 'B759', 'B51', 'B444', 'B58', 'B504', 'B245', 'B2', 'B662', 'B659', 'B260', 'B648', 'B672', 'B388']",7.0,S5,14.03,14,5,19,0.0,,-0.374345,-7.616953,-7.991298,True,False,30,S29,True,21,0.8991,pickup,,,,,,,,,,,,,,,,,,,,,,,,,,,,,,,,,,,,,,,,,,,,,,,,,,,,
50,12,17,55,S5,False,14,5,19,14,0,0,0,0,0,"['B591', 'B759', 'B51', 'B444', 'B58', 'B504', 'B245', 'B2', 'B662', 'B659', 'B260', 'B648', 'B672', 'B388']",7.0,S66,8.92,0,5,5,0.0,,-0.295649,-7.692002,-7.987652,False,False,12,S38,True,6,0.2924,delivery,,,,,,,,,,,,,,,,,,,,,,,,,,,,,,,,,,,,,,,,,,,,,,,,,,,,
50,12,18,11,S66,False,0,5,5,0,12,0,0,0,0,"['B275', 'B477', 'B281', 'B570', 'B725', 'B14', 'B701', 'B83', 'B584', 'B132', 'B576', 'B257']",6.0,S16,4.13,12,5,17,0.0,,-0.275478,-7.565355,-7.840833,False,False,18,S12,True,14,0.512,pickup,,,,,,,,,,,,,,,,,,,,,,,,,,,,,,,,,,,,,,,,,,,,,,,,,,,,
50,12,18,21,S16,False,12,5,17,10,0,0,0,0,0,"['B275', 'B477', 'B281', 'B570', 'B725', 'B14', 'B701', 'B83', 'B584', 'B132']",5.0,S12,5.59,2,5,7,0.0,,-0.157489,-7.492866,-7.650355,True,False,36,S47,True,25,1.0297,delivery,,,,,,,,,,,,,,,,,,,,,,,,,,,,,,,,,,,,,,,,,,,,,,,,,,,,
50,12,18,31,S12,False,2,5,7,0,13,0,0,0,0,"['B232', 'B554', 'B226', 'B399', 'B242', 'B738', 'B280', 'B190', 'B484', 'B490', 'B207', 'B27', 'B502']",6.5,S47,11.33,15,5,20,0.0,,-0.35527,-7.648846,-8.004116,True,False,24,S44,True,15,0.7167,pickup,,,,,,,,,,,,,,,,,,,,,,,,,,,,,,,,,,,,,,,,,,,,,,,,,,,,
50,12,18,49,S47,False,15,5,20,14,0,0,0,0,0,"['B576', 'B257', 'B232', 'B554', 'B226', 'B399', 'B242', 'B738', 'B280', 'B190', 'B484', 'B490', 'B207', 'B27']",7.0,S35,11.02,1,5,6,0.0,,-0.257407,-7.583467,-7.840874,False,False,18,S35,False,10,0.6159,delivery,,,,,,,,,,,,,,,,,,,,,,,,,,,,,,,,,,,,,,,,,,,,,,,,,,,,
50,12,19,7,S35,False,1,5,6,1,0,0,0,0,0,['B502'],0.5,S14,3.16,0,5,5,0.0,,-0.315071,-7.792722,-8.107793,True,False,24,S7,True,14,0.4478,delivery,,,,,,,,,,,,,,,,,,,,,,,,,,,,,,,,,,,,,,,,,,,,,,,,,,,,
50,12,19,11,S14,False,0,5,5,0,9,0,0,0,0,"['B698', 'B193', 'B49', 'B695', 'B353', 'B296', 'B114', 'B593', 'B753']",4.5,S51,10.95,9,5,14,0.0,,-0.236429,-7.804848,-8.041277,False,False,18,S7,True,13,0.4067,pickup,,,,,,,,,,,,,,,,,,,,,,,,,,,,,,,,,,,,,,,,,,,,,,,,,,,,
50,12,19,26,S51,False,9,5,14,9,0,0,0,0,0,"['B698', 'B193', 'B49', 'B695', 'B353', 'B296', 'B114', 'B593', 'B753']",4.5,S23,11.83,0,5,5,0.0,,-0.137663,-7.645779,-7.783442,False,False,10,S23,False,8,0.3185,delivery,,,,,,,,,,,,,,,,,,,,,,,,,,,,,,,,,,,,,,,,,,,,,,,,,,,,
50,12,19,43,S23,False,0,5,5,0,9,0,0,0,0,"['B333', 'B229', 'B608', 'B392', 'B589', 'B590', 'B344', 'B607', 'B467']",4.5,D0,4.45,9,5,14,0.0,,-0.237681,-7.739217,-7.976898,True,False,9,D0,False,7,0.3427,pickup,,,,,,,,,,,,,,,,,,,,,,,,,,,,,,,,,,,,,,,,,,,,,,,,,,,,
50,12,19,52,D0,True,9,5,14,0,0,0,0,5,0,"['B394', 'B337', 'B269', 'B71', 'B315']",2.5,D0,0.0,9,0,9,0.0,,-0.197482,-7.725838,-7.92332,True,True,1,D0,False,0,0.0302,do_nothing,,,,,,,,,,,,,,,,,,,,,,,,,,,,,,,,,,,,,,,,,,,,,,,,,,,,
50,13,6,9,D0,True,9,0,9,0,0,0,0,0,8,"['B459', 'B92', 'B474', 'B586', 'B727', 'B168', 'B142', 'B69']",4.0,S30,2.5,17,0,17,0.0,,0.0,-7.767096,-7.767096,True,True,5,S30,False,3,0.2148,load_queue,,,,,,,,,,,,,,,,,,,,,,,,,,,,,,,,,,,,,,,,,,,,,,,,,,,,
50,13,6,31,S30,False,17,0,17,10,0,0,0,0,0,"['B333', 'B229', 'B608', 'B392', 'B589', 'B590', 'B344', 'B607', 'B467', 'B459']",5.0,S38,4.47,7,0,7,0.0,,-0.078492,-7.632149,-7.710642,False,False,18,S23,True,16,0.5617,delivery,,,,,,,,,,,,,,,,,,,,,,,,,,,,,,,,,,,,,,,,,,,,,,,,,,,,
50,13,6,40,S38,False,7,0,7,0,13,0,0,0,0,"['B528', 'B747', 'B183', 'B169', 'B274', 'B599', 'B3', 'B368', 'B670', 'B718', 'B574', 'B329', 'B367']",6.5,S44,3.16,20,0,20,0.0,,-0.039548,-7.580982,-7.62053,True,False,18,S44,False,15,0.5165,pickup,,,,,,,,,,,,,,,,,,,,,,,,,,,,,,,,,,,,,,,,,,,,,,,,,,,,
50,13,6,50,S44,False,20,0,20,9,0,0,0,0,0,"['B92', 'B474', 'B586', 'B727', 'B168', 'B142', 'B69', 'B528', 'B747']",4.5,S32,3.42,11,0,11,0.0,,-0.079192,-7.502851,-7.582043,True,False,36,S32,True,16,1.0645,delivery,,,,,,,,,,,,,,,,,,,,,,,,,,,,,,,,,,,,,,,,,,,,,,,,,,,,
50,13,6,58,S32,False,11,0,11,11,0,0,0,0,0,"['B183', 'B169', 'B274', 'B599', 'B3', 'B368', 'B670', 'B718', 'B574', 'B329', 'B367']",5.5,S31,6.41,0,0,0,0.0,,-0.137117,-7.419201,-7.556319,True,False,36,S43,True,21,1.0653,delivery,,,,,,,,,,,,,,,,,,,,,,,,,,,,,,,,,,,,,,,,,,,,,,,,,,,,
50,13,7,10,S31,False,0,0,0,0,17,0,0,0,0,"['B304', 'B390', 'B627', 'B676', 'B56', 'B737', 'B9', 'B91', 'B327', 'B613', 'B604', 'B154', 'B70', 'B84', 'B415', 'B241', 'B485']",8.5,S3,7.39,17,0,17,0.0,,-0.079192,-7.367219,-7.446411,True,False,42,S17,True,26,1.6913,pickup,,,,,,,,,,,,,,,,,,,,,,,,,,,,,,,,,,,,,,,,,,,,,,,,,,,,
50,13,7,26,S3,False,17,0,17,10,0,2,0,0,0,"['B304', 'B390', 'B627', 'B676', 'B56', 'B737', 'B9', 'B91', 'B327', 'B613']",11.0,S54,2.56,7,0,7,0.0,,-0.079595,-7.270455,-7.35005,True,True,72,S65,True,36,2.224,delivery+onsite,,,,,,,,,,,,,,,,,,,,,,,,,,,,,,,,,,,,,,,,,,,,,,,,,,,,
50,13,7,39,S54,False,7,0,7,0,13,0,0,0,0,"['B161', 'B121', 'B319', 'B175', 'B455', 'B252', 'B172', 'B79', 'B555', 'B762', 'B509', 'B307', 'B4']",6.5,S65,8.42,20,0,20,0.0,,-0.039798,-7.150948,-7.190746,False,False,12,S65,False,6,0.3232,pickup,,,,,,,,,,,,,,,,,,,,,,,,,,,,,,,,,,,,,,,,,,,,,,,,,,,,
50,13,7,54,S65,False,20,0,20,18,0,0,0,0,0,"['B604', 'B154', 'B70', 'B84', 'B415', 'B241', 'B485', 'B161', 'B121', 'B319', 'B175', 'B455', 'B252', 'B172', 'B79', 'B555', 'B762', 'B509']",9.0,S17,7.47,2,0,2,0.0,,0.0,-7.186345,-7.186345,False,False,18,S17,False,6,0.5773,delivery,,,,,,,,,,,,,,,,,,,,,,,,,,,,,,,,,,,,,,,,,,,,,,,,,,,,
50,13,8,10,S17,False,2,0,2,0,18,0,0,0,0,"['B288', 'B243', 'B191', 'B383', 'B278', 'B402', 'B469', 'B30', 'B277', 'B173', 'B766', 'B525', 'B652', 'B386', 'B220', 'B674', 'B214', 'B653']",9.0,S29,6.77,20,0,20,0.0,,0.0,-7.214555,-7.214555,False,False,12,S20,True,7,0.4046,pickup,,,,,,,,,,,,,,,,,,,,,,,,,,,,,,,,,,,,,,,,,,,,,,,,,,,,
50,13,8,26,S29,False,20,0,20,10,0,0,0,0,0,"['B307', 'B4', 'B288', 'B243', 'B191', 'B383', 'B278', 'B402', 'B469', 'B30']",5.0,S43,5.89,10,0,10,0.0,,-0.059071,-7.140207,-7.199279,False,False,18,S10,True,6,0.5643,delivery,,,,,,,,,,,,,,,,,,,,,,,,,,,,,,,,,,,,,,,,,,,,,,,,,,,,
50,13,8,37,S43,False,10,0,10,0,10,0,0,0,0,"['B18', 'B72', 'B66', 'B527', 'B568', 'B67', 'B405', 'B107', 'B370', 'B153']",5.0,S57,6.81,20,0,20,0.0,,-0.177311,-7.085974,-7.263286,False,False,12,S57,False,9,0.4954,pickup,,,,,,,,,,,,,,,,,,,,,,,,,,,,,,,,,,,,,,,,,,,,,,,,,,,,
50,13,8,49,S57,False,20,0,20,14,0,0,0,0,0,"['B277', 'B173', 'B766', 'B525', 'B652', 'B386', 'B220', 'B674', 'B214', 'B653', 'B18', 'B72', 'B66', 'B527']",7.0,S61,7.47,6,0,6,0.0,,-0.177761,-7.0812,-7.258961,False,False,18,S35,True,13,0.6598,delivery,,,,,,,,,,,,,,,,,,,,,,,,,,,,,,,,,,,,,,,,,,,,,,,,,,,,
50,13,9,3,S61,False,6,0,6,0,5,1,0,0,0,"['B486', 'B11', 'B193', 'B410', 'B353']",5.5,S23,6.04,11,0,11,0.0,,-0.039296,-7.238255,-7.277551,True,True,36,S23,True,31,1.0773,pickup+onsite,,,,,,,,,,,,,,,,,,,,,,,,,,,,,,,,,,,,,,,,,,,,,,,,,,,,
50,13,9,15,S23,False,11,0,11,11,0,0,1,0,0,"['B171', 'B568', 'B67', 'B405', 'B107', 'B370', 'B153', 'B486', 'B11', 'B193', 'B410', 'B353']",6.0,S65,2.48,0,1,1,0.0,,-0.058972,-7.233173,-7.292145,True,True,24,S65,False,18,0.926,delivery+depot_removal,,,,,,,,,,,,,,,,,,,,,,,,,,,,,,,,,,,,,,,,,,,,,,,,,,,,
50,13,9,23,S65,False,0,1,1,0,15,0,0,0,0,"['B587', 'B575', 'B604', 'B154', 'B70', 'B84', 'B415', 'B241', 'B485', 'B161', 'B121', 'B319', 'B175', 'B455', 'B252']",7.5,S26,6.43,15,1,16,0.0,,-0.09782,-7.150513,-7.248333,False,False,18,S53,True,9,0.8297,pickup,,,,,,,,,,,,,,,,,,,,,,,,,,,,,,,,,,,,,,,,,,,,,,,,,,,,
50,13,9,37,S26,False,15,1,16,13,0,0,0,0,0,"['B587', 'B575', 'B604', 'B154', 'B70', 'B84', 'B415', 'B241', 'B485', 'B161', 'B121', 'B319', 'B175']",6.5,S60,6.85,2,1,3,0.0,,-0.039447,-7.088799,-7.128245,False,False,18,S37,True,14,0.4656,delivery,,,,,,,,,,,,,,,,,,,,,,,,,,,,,,,,,,,,,,,,,,,,,,,,,,,,
50,13,9,51,S60,False,2,1,3,0,9,0,0,0,0,"['B626', 'B623', 'B75', 'B398', 'B454', 'B579', 'B215', 'B178', 'B529']",4.5,S53,5.31,11,1,12,0.0,,-0.098467,-7.236629,-7.335096,True,False,54,S37,True,37,2.4619,pickup,,,,,,,,,,,,,,,,,,,,,,,,,,,,,,,,,,,,,,,,,,,,,,,,,,,,
50,13,10,1,S53,False,11,1,12,0,8,0,0,0,0,"['B211', 'B666', 'B268', 'B729', 'B209', 'B38', 'B194', 'B435']",4.0,S35,5.18,19,1,20,0.0,,-0.118092,-7.314264,-7.432356,False,False,12,S35,False,6,0.383,pickup,,,,,,,,,,,,,,,,,,,,,,,,,,,,,,,,,,,,,,,,,,,,,,,,,,,,
50,13,10,10,S35,False,19,1,20,14,0,0,1,0,0,"['B375', 'B455', 'B252', 'B626', 'B623', 'B75', 'B398', 'B454', 'B579', 'B215', 'B178', 'B529', 'B211', 'B666', 'B268']",7.5,S61,7.62,5,2,7,0.0,,-0.078492,-7.371878,-7.45037,True,True,30,S6,True,26,0.8147,delivery+depot_removal,,,,,,,,,,,,,,,,,,,,,,,,,,,,,,,,,,,,,,,,,,,,,,,,,,,,
50,13,10,25,S61,False,5,2,7,5,0,1,0,0,0,"['B729', 'B209', 'B38', 'B194', 'B435']",5.5,S23,6.04,0,2,2,0.0,,-0.237534,-7.173689,-7.411222,True,True,24,S23,False,18,0.5808,delivery+onsite,,,,,,,,,,,,,,,,,,,,,,,,,,,,,,,,,,,,,,,,,,,,,,,,,,,,
50,13,10,36,S23,False,0,2,2,0,11,0,0,0,0,"['B568', 'B67', 'B405', 'B107', 'B370', 'B153', 'B486', 'B11', 'B193', 'B410', 'B353']",5.5,S6,7.38,11,2,13,0.0,,-0.17766,-7.226565,-7.404226,False,False,18,S5,True,12,0.8308,pickup,,,,,,,,,,,,,,,,,,,,,,,,,,,,,,,,,,,,,,,,,,,,,,,,,,,,
50,13,10,49,S6,False,11,2,13,11,0,1,0,0,0,"['B568', 'B67', 'B405', 'B107', 'B370', 'B153', 'B486', 'B11', 'B193', 'B410', 'B353']",8.5,S5,6.11,0,2,2,0.0,,-0.216861,-7.326506,-7.543368,True,True,24,S45,True,19,0.7787,delivery+onsite,,,,,,,,,,,,,,,,,,,,,,,,,,,,,,,,,,,,,,,,,,,,,,,,,,,,
50,13,11,4,S5,False,0,2,2,0,14,0,0,0,0,"['B591', 'B759', 'B51', 'B444', 'B58', 'B504', 'B245', 'B2', 'B662', 'B659', 'B260', 'B648', 'B672', 'B388']",7.0,S61,10.0,14,2,16,0.0,,-0.394517,-7.467208,-7.861726,False,False,12,S16,True,9,0.5058,pickup,,,,,,,,,,,,,,,,,,,,,,,,,,,,,,,,,,,,,,,,,,,,,,,,,,,,
50,13,11,21,S61,False,14,2,16,0,0,0,0,0,0,[],0.0,S14,8.39,14,2,16,0.0,,-0.256659,-7.408591,-7.66525,False,False,18,S37,True,4,0.8613,do_nothing,,,,,,,,,,,,,,,,,,,,,,,,,,,,,,,,,,,,,,,,,,,,,,,,,,,,
50,13,11,29,S14,False,14,2,16,9,0,0,0,0,0,"['B591', 'B759', 'B51', 'B444', 'B58', 'B504', 'B245', 'B2', 'B662']",4.5,S16,8.72,5,2,7,0.0,,-0.198738,-7.293645,-7.492382,False,False,18,S16,True,9,0.8733,delivery,,,,,,,,,,,,,,,,,,,,,,,,,,,,,,,,,,,,,,,,,,,,,,,,,,,,
50,13,11,42,S16,False,5,2,7,0,7,0,0,0,0,"['B132', 'B562', 'B125', 'B124', 'B20', 'B728', 'B384']",3.5,S27,4.73,12,2,14,0.0,,-0.078045,-7.465225,-7.543269,True,False,36,S39,True,12,1.7085,pickup,,,,,,,,,,,,,,,,,,,,,,,,,,,,,,,,,,,,,,,,,,,,,,,,,,,,
50,13,11,51,S27,False,12,2,14,0,0,0,0,0,0,[],0.0,S37,4.19,12,2,14,0.0,,-0.177511,-7.422662,-7.600173,False,False,12,S3,True,0,0.6193,do_nothing,,,,,,,,,,,,,,,,,,,,,,,,,,,,,,,,,,,,,,,,,,,,,,,,,,,,
50,13,11,55,S37,False,12,2,14,12,0,0,1,0,0,"['B301', 'B659', 'B260', 'B648', 'B672', 'B388', 'B132', 'B562', 'B125', 'B124', 'B20', 'B728', 'B384']",6.5,S52,1.18,0,3,3,0.0,,-0.157386,-7.361477,-7.518863,True,True,36,S52,True,28,1.8072,delivery+depot_removal,,,,,,,,,,,,,,,,,,,,,,,,,,,,,,,,,,,,,,,,,,,,,,,,,,,,
50,13,12,3,S52,False,0,3,3,0,7,0,0,0,0,"['B347', 'B720', 'B6', 'B133', 'B756', 'B86', 'B253']",3.5,S28,12.04,7,3,10,0.0,,-0.256006,-7.333817,-7.589823,False,False,18,S1,True,6,0.6176,pickup,,,,,,,,,,,,,,,,,,,,,,,,,,,,,,,,,,,,,,,,,,,,,,,,,,,,
50,13,12,18,S28,False,7,3,10,7,0,0,0,0,0,"['B347', 'B720', 'B6', 'B133', 'B756', 'B86', 'B253']",3.5,S56,14.88,0,3,3,0.0,,-0.255955,-7.382318,-7.638273,False,False,12,S1,True,8,0.4021,delivery,,,,,,,,,,,,,,,,,,,,,,,,,,,,,,,,,,,,,,,,,,,,,,,,,,,,
50,13,12,36,S56,False,0,3,3,0,5,0,1,0,0,"['B88', 'B563', 'B658', 'B39', 'B115', 'B105']",3.0,S61,6.29,5,4,9,0.0,,-0.218014,-7.343436,-7.561449,True,True,108,S1,True,81,2.6213,pickup+depot_removal,,,,,,,,,,,,,,,,,,,,,,,,,,,,,,,,,,,,,,,,,,,,,,,,,,,,
50,13,12,46,S61,False,5,4,9,5,0,0,0,0,0,"['B88', 'B563', 'B658', 'B39', 'B115']",2.5,S45,3.27,0,4,4,0.0,,-0.11799,-7.241795,-7.359784,False,False,12,S58,True,8,0.3676,delivery,,,,,,,,,,,,,,,,,,,,,,,,,,,,,,,,,,,,,,,,,,,,,,,,,,,,
50,13,12,52,S45,False,0,4,4,0,9,0,0,0,0,"['B660', 'B309', 'B300', 'B636', 'B517', 'B603', 'B297', 'B391', 'B684']",4.5,S55,2.56,9,4,13,0.0,,-0.059021,-7.41993,-7.478951,False,False,18,S58,True,13,0.5669,pickup,,,,,,,,,,,,,,,,,,,,,,,,,,,,,,,,,,,,,,,,,,,,,,,,,,,,
50,13,12,59,S55,False,9,4,13,0,7,0,0,0,0,"['B183', 'B447', 'B323', 'B80', 'B187', 'B595', 'B748']",3.5,S15,4.77,16,4,20,0.0,,-0.079145,-7.413111,-7.492256,True,False,18,S15,False,16,0.4265,pickup,,,,,,,,,,,,,,,,,,,,,,,,,,,,,,,,,,,,,,,,,,,,,,,,,,,,
50,13,13,7,S15,False,16,4,20,0,0,0,0,0,0,[],0.0,S5,10.44,16,4,20,0.0,,-0.098166,-7.470066,-7.568232,False,False,18,S5,True,0,0.4814,do_nothing,,,,,,,,,,,,,,,,,,,,,,,,,,,,,,,,,,,,,,,,,,,,,,,,,,,,
50,13,13,17,S5,False,16,4,20,13,0,0,0,0,0,"['B660', 'B309', 'B300', 'B636', 'B517', 'B603', 'B297', 'B391', 'B684', 'B183', 'B447', 'B323', 'B80']",6.5,S7,2.31,3,4,7,0.0,,-0.039196,-7.445325,-7.484521,False,False,18,S15,True,14,0.4501,delivery,,,,,,,,,,,,,,,,,,,,,,,,,,,,,,,,,,,,,,,,,,,,,,,,,,,,
50,13,13,26,S7,False,3,4,7,0,13,0,0,0,0,"['B585', 'B356', 'B235', 'B534', 'B553', 'B46', 'B248', 'B279', 'B635', 'B722', 'B632', 'B126', 'B228']",6.5,S15,8.41,16,4,20,0.0,,-0.255054,-7.558148,-7.813201,False,False,12,S13,True,7,0.3583,pickup,,,,,,,,,,,,,,,,,,,,,,,,,,,,,,,,,,,,,,,,,,,,,,,,,,,,
50,13,13,41,S15,False,16,4,20,16,0,0,0,0,0,"['B187', 'B595', 'B748', 'B585', 'B356', 'B235', 'B534', 'B553', 'B46', 'B248', 'B279', 'B635', 'B722', 'B632', 'B126', 'B228']",8.0,S55,4.77,0,4,4,0.0,,-0.353622,-7.472223,-7.825844,False,False,18,S29,True,10,0.7189,delivery,,,,,,,,,,,,,,,,,,,,,,,,,,,,,,,,,,,,,,,,,,,,,,,,,,,,
50,13,13,54,S55,False,0,4,4,0,11,0,0,0,0,"['B116', 'B265', 'B755', 'B345', 'B223', 'B691', 'B550', 'B605', 'B76', 'B687', 'B358']",5.5,S29,2.12,11,4,15,0.0,,-0.137665,-7.458262,-7.595927,True,False,36,S1,True,24,1.6347,pickup,,,,,,,,,,,,,,,,,,,,,,,,,,,,,,,,,,,,,,,,,,,,,,,,,,,,
50,13,14,1,S29,False,11,4,15,11,0,0,0,0,0,"['B116', 'B265', 'B755', 'B345', 'B223', 'B691', 'B550', 'B605', 'B76', 'B687', 'B358']",5.5,S21,6.52,0,4,4,0.0,,-0.176966,-7.587582,-7.764548,False,False,12,S21,False,8,0.35,delivery,,,,,,,,,,,,,,,,,,,,,,,,,,,,,,,,,,,,,,,,,,,,,,,,,,,,
50,13,14,13,S21,False,0,4,4,0,7,0,2,0,0,"['B492', 'B597', 'B1', 'B272', 'B181', 'B17', 'B624', 'B113', 'B32']",4.5,S27,11.21,7,6,13,0.0,,-0.098668,-7.319897,-7.418565,True,True,54,S1,True,30,1.5295,pickup+depot_removal,,,,,,,,,,,,,,,,,,,,,,,,,,,,,,,,,,,,,,,,,,,,,,,,,,,,
50,13,14,29,S27,False,7,6,13,7,0,0,0,0,0,"['B492', 'B597', 'B1', 'B272', 'B181', 'B17', 'B624']",3.5,S61,2.28,0,6,6,0.0,,-0.396072,-7.528486,-7.924559,False,False,12,S40,True,6,0.3255,delivery,,,,,,,,,,,,,,,,,,,,,,,,,,,,,,,,,,,,,,,,,,,,,,,,,,,,
50,13,14,35,S61,False,0,6,6,0,9,0,0,0,0,"['B754', 'B119', 'B593', 'B499', 'B432', 'B402', 'B354', 'B127', 'B645']",4.5,S2,5.02,9,6,15,0.0,,-0.314826,-7.572109,-7.886935,False,False,18,S54,True,13,0.8836,pickup,,,,,,,,,,,,,,,,,,,,,,,,,,,,,,,,,,,,,,,,,,,,,,,,,,,,
50,13,14,44,S2,False,9,6,15,9,0,0,1,0,0,"['B325', 'B754', 'B119', 'B593', 'B499', 'B432', 'B402', 'B354', 'B127', 'B645']",5.0,S40,6.9,0,7,7,0.0,,-0.295305,-7.437077,-7.732382,True,True,24,S40,True,18,0.9114,delivery+depot_removal,,,,,,,,,,,,,,,,,,,,,,,,,,,,,,,,,,,,,,,,,,,,,,,,,,,,
50,13,14,56,S40,False,0,7,7,0,9,0,0,0,0,"['B362', 'B651', 'B16', 'B403', 'B671', 'B548', 'B355', 'B400', 'B206']",4.5,S60,4.29,9,7,16,0.0,,-0.235883,-7.607258,-7.843141,True,False,36,S54,True,24,1.7118,pickup,,,,,,,,,,,,,,,,,,,,,,,,,,,,,,,,,,,,,,,,,,,,,,,,,,,,
50,13,15,5,S60,False,9,7,16,0,0,0,0,0,0,[],0.0,S38,2.79,9,7,16,0.0,,-0.335898,-7.457336,-7.793234,True,False,36,S54,True,0,1.5376,do_nothing,,,,,,,,,,,,,,,,,,,,,,,,,,,,,,,,,,,,,,,,,,,,,,,,,,,,
50,13,15,8,S38,False,9,7,16,9,0,0,1,0,0,"['B682', 'B362', 'B651', 'B16', 'B403', 'B671', 'B548', 'B355', 'B400', 'B206']",5.0,S54,6.91,0,8,8,0.0,,-0.235582,-7.472099,-7.70768,True,True,24,S54,True,21,1.212,delivery+depot_removal,,,,,,,,,,,,,,,,,,,,,,,,,,,,,,,,,,,,,,,,,,,,,,,,,,,,
50,13,15,20,S54,False,0,8,8,0,10,0,0,0,0,"['B302', 'B278', 'B489', 'B601', 'B215', 'B647', 'B112', 'B634', 'B669', 'B455']",5.0,S51,6.18,10,8,18,0.0,,-0.395323,-7.400355,-7.795678,False,False,18,S58,True,13,0.5466,pickup,,,,,,,,,,,,,,,,,,,,,,,,,,,,,,,,,,,,,,,,,,,,,,,,,,,,
50,13,15,31,S51,False,10,8,18,10,0,0,0,0,0,"['B302', 'B278', 'B489', 'B601', 'B215', 'B647', 'B112', 'B634', 'B669', 'B455']",5.0,S1,8.32,0,8,8,0.0,,-0.136469,-7.36342,-7.499889,True,False,36,S32,True,21,1.1634,delivery,,,,,,,,,,,,,,,,,,,,,,,,,,,,,,,,,,,,,,,,,,,,,,,,,,,,
50,13,15,44,S1,False,0,8,8,0,10,0,0,0,0,"['B376', 'B240', 'B533', 'B583', 'B313', 'B642', 'B303', 'B559', 'B453', 'B22']",5.0,S52,7.01,10,8,18,0.0,,-0.079044,-7.314235,-7.393279,False,False,18,S47,True,14,0.6067,pickup,,,,,,,,,,,,,,,,,,,,,,,,,,,,,,,,,,,,,,,,,,,,,,,,,,,,
50,13,15,56,S52,False,10,8,18,10,0,0,0,0,0,"['B376', 'B240', 'B533', 'B583', 'B313', 'B642', 'B303', 'B559', 'B453', 'B22']",5.0,S58,1.84,0,8,8,0.0,,-0.058822,-7.229631,-7.288453,False,False,12,S32,True,8,0.3467,delivery,,,,,,,,,,,,,,,,,,,,,,,,,,,,,,,,,,,,,,,,,,,,,,,,,,,,
50,13,16,3,S58,False,0,8,8,0,12,0,0,0,0,"['B425', 'B359', 'B281', 'B677', 'B570', 'B549', 'B23', 'B422', 'B426', 'B59', 'B342', 'B649']",6.0,S13,10.98,12,8,20,0.0,,-0.196432,-7.00775,-7.204182,False,False,12,S36,True,7,0.4089,pickup,,,,,,,,,,,,,,,,,,,,,,,,,,,,,,,,,,,,,,,,,,,,,,,,,,,,
50,13,16,20,S13,False,12,8,20,12,0,0,0,0,0,"['B425', 'B359', 'B281', 'B677', 'B570', 'B549', 'B23', 'B422', 'B426', 'B59', 'B342', 'B649']",6.0,S31,8.57,0,8,8,0.0,,-0.039346,-7.00526,-7.044605,False,False,12,S17,True,9,0.4141,delivery,,,,,,,,,,,,,,,,,,,,,,,,,,,,,,,,,,,,,,,,,,,,,,,,,,,,
50,13,16,35,S31,False,0,8,8,0,8,0,0,0,0,"['B698', 'B742', 'B612', 'B556', 'B255', 'B36', 'B318', 'B221']",4.0,S36,7.34,8,8,16,0.0,,-0.078344,-7.048995,-7.127339,True,False,42,S37,True,19,1.8694,pickup,,,,,,,,,,,,,,,,,,,,,,,,,,,,,,,,,,,,,,,,,,,,,,,,,,,,
50,13,16,46,S36,False,8,8,16,8,0,2,0,0,0,"['B698', 'B742', 'B612', 'B556', 'B255', 'B36', 'B318', 'B221']",10.0,S37,4.84,0,8,8,0.0,,-0.216207,-7.001625,-7.217832,True,True,48,S3,True,36,1.8353,delivery+onsite,,,,,,,,,,,,,,,,,,,,,,,,,,,,,,,,,,,,,,,,,,,,,,,,,,,,
50,13,17,1,S37,False,0,8,8,0,12,0,0,0,0,"['B620', 'B173', 'B623', 'B19', 'B446', 'B672', 'B389', 'B579', 'B566', 'B379', 'B178', 'B396']",6.0,S42,9.19,12,8,20,0.0,,-0.21626,-7.47003,-7.68629,True,False,18,S26,True,15,0.7202,pickup,,,,,,,,,,,,,,,,,,,,,,,,,,,,,,,,,,,,,,,,,,,,,,,,,,,,
50,13,17,16,S42,False,12,8,20,12,0,0,0,0,0,"['B620', 'B173', 'B623', 'B19', 'B446', 'B672', 'B389', 'B579', 'B566', 'B379', 'B178', 'B396']",6.0,S66,9.4,0,8,8,0.0,,-0.078693,-7.248269,-7.326962,True,False,54,S26,True,37,1.5746,delivery,,,,,,,,,,,,,,,,,,,,,,,,,,,,,,,,,,,,,,,,,,,,,,,,,,,,
50,13,17,32,S66,False,0,8,8,0,10,1,0,0,0,"['B14', 'B395', 'B227', 'B518', 'B667', 'B616', 'B179', 'B283', 'B519', 'B633']",8.0,S26,5.64,10,8,18,0.0,,-0.117491,-7.297292,-7.414783,True,True,36,S31,True,30,1.8776,pickup+onsite,,,,,,,,,,,,,,,,,,,,,,,,,,,,,,,,,,,,,,,,,,,,,,,,,,,,
50,13,17,45,S26,False,10,8,18,10,0,0,0,0,0,"['B14', 'B395', 'B227', 'B518', 'B667', 'B616', 'B179', 'B283', 'B519', 'B633']",5.0,S31,6.02,0,8,8,0.0,,-0.078594,-7.305621,-7.384215,False,False,12,S12,True,6,0.4037,delivery,,,,,,,,,,,,,,,,,,,,,,,,,,,,,,,,,,,,,,,,,,,,,,,,,,,,
50,13,17,56,S31,False,0,8,8,0,12,0,0,0,0,"['B520', 'B7', 'B277', 'B177', 'B581', 'B631', 'B701', 'B510', 'B243', 'B330', 'B191', 'B237']",6.0,S22,4.51,12,8,20,0.0,,-0.118088,-7.381487,-7.499575,True,False,24,S45,True,22,1.0302,pickup,,,,,,,,,,,,,,,,,,,,,,,,,,,,,,,,,,,,,,,,,,,,,,,,,,,,
50,13,18,7,S22,False,12,8,20,12,0,0,0,0,0,"['B520', 'B7', 'B277', 'B177', 'B581', 'B631', 'B701', 'B510', 'B243', 'B330', 'B191', 'B237']",6.0,S5,4.5,0,8,8,0.0,,-0.078893,-7.106958,-7.185851,True,False,30,S17,True,7,0.8372,delivery,,,,,,,,,,,,,,,,,,,,,,,,,,,,,,,,,,,,,,,,,,,,,,,,,,,,
50,13,18,17,S5,False,0,8,8,0,0,0,0,0,0,[],0.0,S23,4.49,0,8,8,0.0,,-0.217006,-7.135163,-7.35217,False,False,12,S23,False,0,0.4471,do_nothing,,,,,,,,,,,,,,,,,,,,,,,,,,,,,,,,,,,,,,,,,,,,,,,,,,,,
50,13,18,22,S23,False,0,8,8,0,12,0,0,0,0,"['B158', 'B751', 'B35', 'B103', 'B568', 'B362', 'B310', 'B268', 'B204', 'B79', 'B366', 'B509']",6.0,S60,4.55,12,8,20,0.0,,-0.139166,-7.280678,-7.419844,False,False,12,S17,True,7,0.4498,pickup,,,,,,,,,,,,,,,,,,,,,,,,,,,,,,,,,,,,,,,,,,,,,,,,,,,,
50,13,18,32,S60,False,12,8,20,12,0,0,0,0,0,"['B158', 'B751', 'B35', 'B103', 'B568', 'B362', 'B310', 'B268', 'B204', 'B79', 'B366', 'B509']",6.0,S3,7.95,0,8,8,0.0,,-0.05907,-7.096807,-7.155877,True,False,24,S41,True,10,0.9153,delivery,,,,,,,,,,,,,,,,,,,,,,,,,,,,,,,,,,,,,,,,,,,,,,,,,,,,
50,13,18,46,S3,False,0,8,8,0,12,0,0,0,0,"['B413', 'B304', 'B390', 'B627', 'B676', 'B56', 'B737', 'B9', 'B91', 'B327', 'B613', 'B182']",6.0,S17,10.16,12,8,20,0.0,,-0.078894,-7.222693,-7.301587,True,False,24,S54,True,13,0.8733,pickup,,,,,,,,,,,,,,,,,,,,,,,,,,,,,,,,,,,,,,,,,,,,,,,,,,,,
50,13,19,2,S17,False,12,8,20,11,0,0,0,0,0,"['B413', 'B304', 'B390', 'B627', 'B676', 'B56', 'B737', 'B9', 'B91', 'B327', 'B613']",5.5,S40,7.1,1,8,9,0.0,,-0.078695,-7.234691,-7.313386,False,False,18,S41,True,7,0.7505,delivery,,,,,,,,,,,,,,,,,,,,,,,,,,,,,,,,,,,,,,,,,,,,,,,,,,,,
50,13,19,15,S40,False,1,8,9,0,10,0,0,0,0,"['B465', 'B657', 'B216', 'B373', 'B302', 'B334', 'B441', 'B544', 'B472', 'B229']",5.0,S56,3.75,11,8,19,0.0,,-0.039548,-7.127705,-7.167253,True,False,30,S56,False,19,1.6762,pickup,,,,,,,,,,,,,,,,,,,,,,,,,,,,,,,,,,,,,,,,,,,,,,,,,,,,
50,13,19,24,S56,False,11,8,19,6,0,0,1,0,0,"['B264', 'B182', 'B465', 'B657', 'B216', 'B373', 'B302']",3.5,S14,5.29,5,9,14,0.0,,-0.05862,-7.165276,-7.223896,True,True,72,S41,True,58,3.3127,delivery+depot_removal,,,,,,,,,,,,,,,,,,,,,,,,,,,,,,,,,,,,,,,,,,,,,,,,,,,,
50,13,19,32,S14,False,5,9,14,5,0,0,0,0,0,"['B334', 'B441', 'B544', 'B472', 'B229']",2.5,S32,6.61,0,9,9,0.0,,-0.039146,-7.03887,-7.078016,True,False,22,S32,False,12,0.7826,delivery,,,,,,,,,,,,,,,,,,,,,,,,,,,,,,,,,,,,,,,,,,,,,,,,,,,,
50,13,19,42,S32,False,0,9,9,0,0,0,0,0,0,[],0.0,S43,3.61,0,9,9,0.0,,-0.039197,-7.19131,-7.230507,True,False,13,D0,True,4,0.3175,do_nothing,,,,,,,,,,,,,,,,,,,,,,,,,,,,,,,,,,,,,,,,,,,,,,,,,,,,
50,13,19,45,S43,False,0,9,9,0,0,0,1,0,0,['B26'],0.5,S46,1.46,0,10,10,0.0,,-0.098216,-7.244739,-7.342955,True,True,10,D0,True,5,0.2379,do_nothing+depot_removal,,,,,,,,,,,,,,,,,,,,,,,,,,,,,,,,,,,,,,,,,,,,,,,,,,,,
50,13,19,47,S46,False,0,10,10,0,0,0,0,0,0,[],0.0,D0,2.11,0,10,10,0.0,,-0.019573,-7.377336,-7.396909,True,False,4,D0,True,0,0.1003,do_nothing,,,,,,,,,,,,,,,,,,,,,,,,,,,,,,,,,,,,,,,,,,,,,,,,,,,,
50,13,19,49,D0,True,0,10,10,0,0,0,0,10,0,"['B171', 'B375', 'B301', 'B105', 'B113', 'B32', 'B325', 'B682', 'B264', 'B26']",5.0,D0,0.0,0,0,0,0.0,,-0.079243,-7.378736,-7.457979,True,True,1,D0,False,0,0.0294,do_nothing,,,,,,,,,,,,,,,,,,,,,,,,,,,,,,,,,,,,,,,,,,,,,,,,,,,,
50,14,6,9,D0,True,0,0,0,0,0,0,0,0,5,"['B394', 'B337', 'B269', 'B71', 'B315']",2.5,S41,2.23,5,0,5,0.0,,-1.162227,-8.176058,-9.338285,True,True,5,S37,True,0,0.2302,load_queue,,,,,,,,,,,,,,,,,,,,,,,,,,,,,,,,,,,,,,,,,,,,,,,,,,,,
50,14,6,29,S41,False,5,0,5,5,0,1,0,0,0,"['B394', 'B337', 'B269', 'B71', 'B315']",5.5,S37,3.7,0,0,0,0.0,,-1.087235,-8.18818,-9.275415,True,True,144,S37,True,96,4.3099,delivery+onsite,,,,,,,,,,,,,,,,,,,,,,,,,,,,,,,,,,,,,,,,,,,,,,,,,,,,
50,14,6,38,S37,False,0,0,0,0,20,0,0,0,0,"['B728', 'B669', 'B306', 'B550', 'B199', 'B168', 'B665', 'B766', 'B552', 'B386', 'B443', 'B661', 'B282', 'B340', 'B339', 'B42', 'B462', 'B456', 'B225', 'B591']",10.0,S26,7.79,20,0,20,0.0,,-1.106623,-8.219473,-9.326096,True,False,18,S41,True,15,0.6024,pickup,,,,,,,,,,,,,,,,,,,,,,,,,,,,,,,,,,,,,,,,,,,,,,,,,,,,
50,14,6,56,S26,False,20,0,20,20,0,0,0,0,0,"['B728', 'B669', 'B306', 'B550', 'B199', 'B168', 'B665', 'B766', 'B552', 'B386', 'B443', 'B661', 'B282', 'B340', 'B339', 'B42', 'B462', 'B456', 'B225', 'B591']",10.0,S47,7.49,0,0,0,0.0,,-1.615573,-8.183378,-9.798951,False,False,12,S41,True,7,0.497,delivery,,,,,,,,,,,,,,,,,,,,,,,,,,,,,,,,,,,,,,,,,,,,,,,,,,,,
50,14,7,13,S47,False,0,0,0,0,13,0,0,0,0,"['B259', 'B539', 'B599', 'B329', 'B492', 'B597', 'B361', 'B111', 'B3', 'B116', 'B311', 'B328', 'B471']",6.5,S41,1.45,13,0,13,0.0,,-0.865432,-8.215474,-9.080906,False,False,18,S39,True,16,0.7261,pickup,,,,,,,,,,,,,,,,,,,,,,,,,,,,,,,,,,,,,,,,,,,,,,,,,,,,
50,14,7,21,S41,False,13,0,13,13,0,0,2,0,0,"['B224', 'B343', 'B259', 'B539', 'B599', 'B329', 'B492', 'B597', 'B361', 'B111', 'B3', 'B116', 'B311', 'B328', 'B471']",7.5,S49,2.5,0,2,2,0.0,,-0.631196,-8.01492,-8.646116,True,True,96,S52,True,60,3.4705,delivery+depot_removal,,,,,,,,,,,,,,,,,,,,,,,,,,,,,,,,,,,,,,,,,,,,,,,,,,,,
50,14,7,31,S49,False,0,2,2,0,0,0,0,0,0,[],0.0,S52,4.16,0,2,2,0.0,,-0.846814,-8.09597,-8.942784,False,False,12,S31,True,1,0.3611,do_nothing,,,,,,,,,,,,,,,,,,,,,,,,,,,,,,,,,,,,,,,,,,,,,,,,,,,,
50,14,7,36,S52,False,0,2,2,0,14,0,0,0,0,"['B453', 'B22', 'B692', 'B15', 'B543', 'B756', 'B549', 'B23', 'B520', 'B7', 'B469', 'B195', 'B581', 'B307']",7.0,S51,4.66,14,2,16,0.0,,-0.37519,-8.035594,-8.410784,False,False,18,S49,True,16,0.6915,pickup,,,,,,,,,,,,,,,,,,,,,,,,,,,,,,,,,,,,,,,,,,,,,,,,,,,,
50,14,7,47,S51,False,14,2,16,0,0,2,0,0,0,[],6.0,S31,7.45,14,2,16,0.0,,-0.334353,-7.936948,-8.2713,True,True,54,S45,True,12,2.0482,do_nothing+onsite,,,,,,,,,,,,,,,,,,,,,,,,,,,,,,,,,,,,,,,,,,,,,,,,,,,,
50,14,8,1,S31,False,14,2,16,14,0,0,0,0,0,"['B453', 'B22', 'B692', 'B15', 'B543', 'B756', 'B549', 'B23', 'B520', 'B7', 'B469', 'B195', 'B581', 'B307']",7.0,S57,8.31,0,2,2,0.0,,-0.295052,-7.750275,-8.045328,True,False,36,S57,False,20,0.9906,delivery,,,,,,,,,,,,,,,,,,,,,,,,,,,,,,,,,,,,,,,,,,,,,,,,,,,,
50,14,8,16,S57,False,0,2,2,0,13,0,0,0,0,"['B174', 'B588', 'B601', 'B647', 'B495', 'B455', 'B81', 'B233', 'B421', 'B736', 'B97', 'B69', 'B261']",6.5,S27,6.93,13,2,15,0.0,,-0.790443,-7.918218,-8.708661,True,False,36,S49,True,27,1.198,pickup,,,,,,,,,,,,,,,,,,,,,,,,,,,,,,,,,,,,,,,,,,,,,,,,,,,,
50,14,8,29,S27,False,13,2,15,13,0,0,0,0,0,"['B174', 'B588', 'B601', 'B647', 'B495', 'B455', 'B81', 'B233', 'B421', 'B736', 'B97', 'B69', 'B261']",6.5,S49,5.16,0,2,2,0.0,,-0.452793,-7.850855,-8.303648,False,False,12,S45,True,6,0.6012,delivery,,,,,,,,,,,,,,,,,,,,,,,,,,,,,,,,,,,,,,,,,,,,,,,,,,,,
50,14,8,41,S49,False,0,2,2,0,18,0,0,0,0,"['B683', 'B346', 'B513', 'B571', 'B681', 'B466', 'B197', 'B184', 'B141', 'B663', 'B757', 'B440', 'B473', 'B531', 'B594', 'B654', 'B189', 'B567']",9.0,S63,4.9,18,2,20,0.0,,-0.531937,-7.752043,-8.283981,False,False,12,S60,True,9,0.7166,pickup,,,,,,,,,,,,,,,,,,,,,,,,,,,,,,,,,,,,,,,,,,,,,,,,,,,,
50,14,8,55,S63,False,18,2,20,15,0,0,0,0,0,"['B683', 'B346', 'B513', 'B571', 'B681', 'B466', 'B197', 'B184', 'B141', 'B663', 'B757', 'B440', 'B473', 'B531', 'B594']",7.5,S37,1.78,3,2,5,0.0,,-0.335204,-7.712998,-8.048203,True,False,42,S50,True,24,4.3057,delivery,,,,,,,,,,,,,,,,,,,,,,,,,,,,,,,,,,,,,,,,,,,,,,,,,,,,
50,14,9,4,S37,False,3,2,5,0,15,0,0,0,0,"['B667', 'B403', 'B485', 'B617', 'B744', 'B257', 'B710', 'B0', 'B389', 'B48', 'B293', 'B76', 'B587', 'B657', 'B118']",7.5,S19,5.87,18,2,20,0.0,,-0.23693,-7.693019,-7.929949,True,False,24,S19,False,21,2.4437,pickup,,,,,,,,,,,,,,,,,,,,,,,,,,,,,,,,,,,,,,,,,,,,,,,,,,,,
50,14,9,18,S19,False,18,2,20,9,0,0,0,0,0,"['B654', 'B189', 'B567', 'B667', 'B403', 'B485', 'B617', 'B744', 'B257']",4.5,S1,8.58,9,2,11,0.0,,-0.314724,-7.647469,-7.962193,True,False,60,S15,True,15,2.6176,delivery,,,,,,,,,,,,,,,,,,,,,,,,,,,,,,,,,,,,,,,,,,,,,,,,,,,,
50,14,9,31,S1,False,9,2,11,0,9,0,0,0,0,"['B272', 'B533', 'B583', 'B313', 'B642', 'B612', 'B413', 'B706', 'B390']",4.5,S15,6.29,18,2,20,0.0,,-0.373746,-7.733386,-8.107132,False,False,12,S15,False,6,0.3477,pickup,,,,,,,,,,,,,,,,,,,,,,,,,,,,,,,,,,,,,,,,,,,,,,,,,,,,
50,14,9,41,S15,False,18,2,20,18,0,0,0,0,0,"['B710', 'B0', 'B389', 'B48', 'B293', 'B76', 'B587', 'B657', 'B118', 'B272', 'B533', 'B583', 'B313', 'B642', 'B612', 'B413', 'B706', 'B390']",9.0,S55,4.77,0,2,2,0.0,,-0.592305,-7.617206,-8.209511,False,False,12,S62,True,7,0.627,delivery,,,,,,,,,,,,,,,,,,,,,,,,,,,,,,,,,,,,,,,,,,,,,,,,,,,,
50,14,9,55,S55,False,0,2,2,0,15,0,1,0,0,"['B424', 'B514', 'B568', 'B263', 'B359', 'B255', 'B489', 'B555', 'B34', 'B19', 'B465', 'B722', 'B631', 'B669', 'B194', 'B143']",8.0,S29,2.12,15,3,18,0.0,,-0.493487,-7.675181,-8.168668,True,True,36,S62,True,18,1.8369,pickup+depot_removal,,,,,,,,,,,,,,,,,,,,,,,,,,,,,,,,,,,,,,,,,,,,,,,,,,,,
50,14,10,5,S29,False,15,3,18,15,0,0,0,0,0,"['B424', 'B514', 'B568', 'B263', 'B359', 'B255', 'B489', 'B555', 'B34', 'B19', 'B465', 'B722', 'B631', 'B669', 'B194']",7.5,S32,3.29,0,3,3,0.0,,-0.511561,-7.912679,-8.42424,False,False,12,S56,True,7,0.6641,delivery,,,,,,,,,,,,,,,,,,,,,,,,,,,,,,,,,,,,,,,,,,,,,,,,,,,,
50,14,10,16,S32,False,0,3,3,0,8,0,0,0,0,"['B347', 'B312', 'B621', 'B637', 'B276', 'B102', 'B132', 'B522']",4.0,S56,1.58,8,3,11,0.0,,-0.472714,-7.771892,-8.244606,True,False,108,S62,True,38,4.8476,pickup,,,,,,,,,,,,,,,,,,,,,,,,,,,,,,,,,,,,,,,,,,,,,,,,,,,,
50,14,10,22,S56,False,8,3,11,7,0,1,0,0,0,"['B347', 'B312', 'B621', 'B637', 'B276', 'B102', 'B132']",6.5,S62,4.25,1,3,4,0.0,,-0.472612,-7.816258,-8.28887,True,True,36,S62,True,30,1.6454,delivery+onsite,,,,,,,,,,,,,,,,,,,,,,,,,,,,,,,,,,,,,,,,,,,,,,,,,,,,
50,14,10,32,S62,False,1,3,4,0,13,0,0,0,0,"['B219', 'B414', 'B385', 'B538', 'B501', 'B577', 'B408', 'B648', 'B534', 'B162', 'B579', 'B41', 'B186']",6.5,S65,5.94,14,3,17,0.0,,-0.216709,-7.862562,-8.079271,True,False,96,S13,True,61,3.2491,pickup,,,,,,,,,,,,,,,,,,,,,,,,,,,,,,,,,,,,,,,,,,,,,,,,,,,,
50,14,10,45,S65,False,14,3,17,13,0,0,0,0,0,"['B522', 'B219', 'B414', 'B385', 'B538', 'B501', 'B577', 'B408', 'B648', 'B534', 'B162', 'B579', 'B41']",6.5,S54,8.42,1,3,4,0.0,,-0.197337,-7.842696,-8.040033,False,False,18,S39,True,7,0.6583,delivery,,,,,,,,,,,,,,,,,,,,,,,,,,,,,,,,,,,,,,,,,,,,,,,,,,,,
50,14,11,0,S54,False,1,3,4,0,15,0,0,0,0,"['B498', 'B623', 'B346', 'B382', 'B398', 'B513', 'B527', 'B602', 'B567', 'B450', 'B520', 'B659', 'B109', 'B710', 'B767']",7.5,S29,1.43,16,3,19,0.0,,-0.353128,-7.456785,-7.809912,False,False,18,S19,True,6,0.6929,pickup,,,,,,,,,,,,,,,,,,,,,,,,,,,,,,,,,,,,,,,,,,,,,,,,,,,,
50,14,11,9,S29,False,16,3,19,16,0,0,0,0,0,"['B186', 'B498', 'B623', 'B346', 'B382', 'B398', 'B513', 'B527', 'B602', 'B567', 'B450', 'B520', 'B659', 'B109', 'B710', 'B767']",8.0,S37,6.23,0,3,3,0.0,,-0.196584,-7.509437,-7.706022,False,False,12,S39,True,6,0.4806,delivery,,,,,,,,,,,,,,,,,,,,,,,,,,,,,,,,,,,,,,,,,,,,,,,,,,,,
50,14,11,23,S37,False,0,3,3,0,17,0,0,0,0,"['B608', 'B174', 'B629', 'B453', 'B727', 'B139', 'B49', 'B671', 'B165', 'B715', 'B638', 'B163', 'B582', 'B258', 'B172', 'B532', 'B173']",8.5,S41,3.7,17,3,20,0.0,,-0.651726,-7.63336,-8.285085,True,False,24,S39,True,20,0.8285,pickup,,,,,,,,,,,,,,,,,,,,,,,,,,,,,,,,,,,,,,,,,,,,,,,,,,,,
50,14,11,35,S41,False,17,3,20,17,0,0,0,0,0,"['B608', 'B174', 'B629', 'B453', 'B727', 'B139', 'B49', 'B671', 'B165', 'B715', 'B638', 'B163', 'B582', 'B258', 'B172', 'B532', 'B173']",8.5,S61,2.24,0,3,3,0.0,,-0.295404,-7.456256,-7.751659,True,False,60,S23,True,14,2.0744,delivery,,,,,,,,,,,,,,,,,,,,,,,,,,,,,,,,,,,,,,,,,,,,,,,,,,,,
50,14,11,46,S61,False,0,3,3,0,0,0,1,0,0,['B61'],0.5,S48,7.23,0,4,4,0.0,,-0.255654,-7.696999,-7.952653,True,True,36,S39,True,8,1.322,do_nothing+depot_removal,,,,,,,,,,,,,,,,,,,,,,,,,,,,,,,,,,,,,,,,,,,,,,,,,,,,
50,14,11,54,S48,False,0,4,4,0,11,0,0,0,0,"['B40', 'B280', 'B401', 'B731', 'B718', 'B79', 'B366', 'B64', 'B765', 'B515', 'B689']",5.5,S50,8.86,11,4,15,0.0,,-0.176662,-7.557735,-7.734397,False,False,18,S39,True,8,1.0373,pickup,,,,,,,,,,,,,,,,,,,,,,,,,,,,,,,,,,,,,,,,,,,,,,,,,,,,
50,14,12,8,S50,False,11,4,15,11,0,0,0,0,0,"['B40', 'B280', 'B401', 'B731', 'B718', 'B79', 'B366', 'B64', 'B765', 'B515', 'B689']",5.5,S18,8.03,0,4,4,0.0,,-0.412737,-7.653568,-8.066305,True,False,24,S39,True,13,1.0196,delivery,,,,,,,,,,,,,,,,,,,,,,,,,,,,,,,,,,,,,,,,,,,,,,,,,,,,
50,14,12,22,S18,False,0,4,4,0,12,0,0,0,0,"['B492', 'B152', 'B558', 'B484', 'B712', 'B525', 'B696', 'B133', 'B242', 'B47', 'B585', 'B70']",6.0,S35,8.69,12,4,16,0.0,,-0.413792,-7.62899,-8.042782,False,False,18,S39,True,9,0.8308,pickup,,,,,,,,,,,,,,,,,,,,,,,,,,,,,,,,,,,,,,,,,,,,,,,,,,,,
50,14,12,36,S35,False,12,4,16,12,0,0,0,0,0,"['B492', 'B152', 'B558', 'B484', 'B712', 'B525', 'B696', 'B133', 'B242', 'B47', 'B585', 'B70']",6.0,S61,7.62,0,4,4,0.0,,-0.492136,-7.621792,-8.113928,True,False,24,S30,True,13,0.8928,delivery,,,,,,,,,,,,,,,,,,,,,,,,,,,,,,,,,,,,,,,,,,,,,,,,,,,,
50,14,12,50,S61,False,0,4,4,0,10,0,0,0,0,"['B354', 'B199', 'B522', 'B108', 'B45', 'B722', 'B415', 'B84', 'B216', 'B481']",5.0,S30,2.92,10,4,14,0.0,,-0.355371,-7.603049,-7.95842,False,False,18,S39,True,15,0.5851,pickup,,,,,,,,,,,,,,,,,,,,,,,,,,,,,,,,,,,,,,,,,,,,,,,,,,,,
50,14,12,58,S30,False,10,4,14,0,6,0,0,0,0,"['B161', 'B721', 'B144', 'B68', 'B478', 'B508']",3.0,S29,8.0,16,4,20,0.0,,-0.333598,-7.597661,-7.931259,False,False,12,S29,False,7,0.362,pickup,,,,,,,,,,,,,,,,,,,,,,,,,,,,,,,,,,,,,,,,,,,,,,,,,,,,
50,14,13,9,S29,False,16,4,20,16,0,0,0,0,0,"['B354', 'B199', 'B522', 'B108', 'B45', 'B722', 'B415', 'B84', 'B216', 'B481', 'B161', 'B721', 'B144', 'B68', 'B478', 'B508']",8.0,S40,3.08,0,4,4,0.0,,-0.746694,-7.633502,-8.380196,False,False,12,S62,True,8,0.6084,delivery,,,,,,,,,,,,,,,,,,,,,,,,,,,,,,,,,,,,,,,,,,,,,,,,,,,,
50,14,13,20,S40,False,0,4,4,0,13,0,0,0,0,"['B348', 'B464', 'B700', 'B670', 'B632', 'B659', 'B78', 'B263', 'B71', 'B396', 'B213', 'B712', 'B426']",6.5,S35,4.93,13,4,17,0.0,,-0.905385,-7.679251,-8.584636,True,False,36,S62,True,13,1.7476,pickup,,,,,,,,,,,,,,,,,,,,,,,,,,,,,,,,,,,,,,,,,,,,,,,,,,,,
50,14,13,31,S35,False,13,4,17,13,0,1,0,0,0,"['B348', 'B464', 'B700', 'B670', 'B632', 'B659', 'B78', 'B263', 'B71', 'B396', 'B213', 'B712', 'B426']",9.5,S61,7.62,0,4,4,0.0,,-0.849413,-7.706425,-8.555838,True,True,36,S54,True,31,1.5748,delivery+onsite,,,,,,,,,,,,,,,,,,,,,,,,,,,,,,,,,,,,,,,,,,,,,,,,,,,,
50,14,13,48,S61,False,0,4,4,0,7,0,0,0,0,"['B538', 'B492', 'B231', 'B141', 'B647', 'B135', 'B209']",3.5,S54,4.83,7,4,11,0.0,,-1.459298,-7.972382,-9.43168,False,False,18,S30,True,9,0.6722,pickup,,,,,,,,,,,,,,,,,,,,,,,,,,,,,,,,,,,,,,,,,,,,,,,,,,,,
50,14,13,57,S54,False,7,4,11,7,0,0,0,0,0,"['B538', 'B492', 'B231', 'B141', 'B647', 'B135', 'B209']",3.5,S62,2.78,0,4,4,0.0,,-1.001751,-7.850804,-8.852555,False,False,12,S33,True,6,0.3805,delivery,,,,,,,,,,,,,,,,,,,,,,,,,,,,,,,,,,,,,,,,,,,,,,,,,,,,
50,14,14,3,S62,False,0,4,4,0,16,1,0,0,0,"['B449', 'B705', 'B539', 'B649', 'B188', 'B274', 'B622', 'B751', 'B265', 'B106', 'B614', 'B448', 'B365', 'B73', 'B696', 'B429']",11.0,S54,2.78,16,4,20,0.0,,-1.139659,-7.979427,-9.119086,True,True,48,S65,True,42,1.2394,pickup+onsite,,,,,,,,,,,,,,,,,,,,,,,,,,,,,,,,,,,,,,,,,,,,,,,,,,,,
50,14,14,17,S54,False,16,4,20,16,0,0,0,0,0,"['B449', 'B705', 'B539', 'B649', 'B188', 'B274', 'B622', 'B751', 'B265', 'B106', 'B614', 'B448', 'B365', 'B73', 'B696', 'B429']",8.0,S65,8.42,0,4,4,0.0,,-0.94637,-7.803021,-8.749391,False,False,18,S17,True,8,0.4689,delivery,,,,,,,,,,,,,,,,,,,,,,,,,,,,,,,,,,,,,,,,,,,,,,,,,,,,
50,14,14,33,S65,False,0,4,4,0,13,0,0,0,0,"['B162', 'B579', 'B41', 'B27', 'B13', 'B51', 'B288', 'B467', 'B43', 'B713', 'B570', 'B234', 'B747']",6.5,S41,2.23,13,4,17,0.0,,-0.869279,-7.88688,-8.756159,False,False,18,S47,True,13,0.5503,pickup,,,,,,,,,,,,,,,,,,,,,,,,,,,,,,,,,,,,,,,,,,,,,,,,,,,,
50,14,14,42,S41,False,13,4,17,0,0,2,0,0,0,[],6.0,S34,5.73,13,4,17,0.0,,-1.439978,-7.806903,-9.246881,True,True,72,S16,True,26,1.9218,do_nothing+onsite,,,,,,,,,,,,,,,,,,,,,,,,,,,,,,,,,,,,,,,,,,,,,,,,,,,,
50,14,14,54,S34,False,13,4,17,0,0,0,0,0,0,[],0.0,S60,5.52,13,4,17,0.0,,-1.106033,-7.870142,-8.976175,False,False,12,S16,True,0,0.3185,do_nothing,,,,,,,,,,,,,,,,,,,,,,,,,,,,,,,,,,,,,,,,,,,,,,,,,,,,
50,14,14,59,S60,False,13,4,17,13,0,0,0,0,0,"['B162', 'B579', 'B41', 'B27', 'B13', 'B51', 'B288', 'B467', 'B43', 'B713', 'B570', 'B234', 'B747']",6.5,S53,5.31,0,4,4,0.0,,-0.65047,-7.943225,-8.593696,True,False,36,S7,True,21,1.1725,delivery,,,,,,,,,,,,,,,,,,,,,,,,,,,,,,,,,,,,,,,,,,,,,,,,,,,,
50,14,15,11,S53,False,0,4,4,0,8,1,0,0,0,"['B595', 'B72', 'B643', 'B567', 'B464', 'B453', 'B700', 'B519']",7.0,S4,3.43,8,4,12,0.0,,-1.084948,-8.027158,-9.112106,True,True,36,S27,True,21,1.2381,pickup+onsite,,,,,,,,,,,,,,,,,,,,,,,,,,,,,,,,,,,,,,,,,,,,,,,,,,,,
50,14,15,21,S4,False,8,4,12,8,0,0,0,0,0,"['B595', 'B72', 'B643', 'B567', 'B464', 'B453', 'B700', 'B519']",4.0,S27,3.62,0,4,4,0.0,,-1.280931,-8.026316,-9.307247,True,False,24,S27,False,12,0.8934,delivery,,,,,,,,,,,,,,,,,,,,,,,,,,,,,,,,,,,,,,,,,,,,,,,,,,,,
50,14,15,29,S27,False,0,4,4,0,15,0,0,0,0,"['B495', 'B455', 'B81', 'B233', 'B421', 'B736', 'B97', 'B69', 'B261', 'B605', 'B677', 'B168', 'B555', 'B674', 'B208']",7.5,S17,5.6,15,4,19,0.0,,-1.005699,-7.944416,-8.950115,False,False,18,S26,True,7,0.8216,pickup,,,,,,,,,,,,,,,,,,,,,,,,,,,,,,,,,,,,,,,,,,,,,,,,,,,,
50,14,15,42,S17,False,15,4,19,15,0,0,0,0,0,"['B495', 'B455', 'B81', 'B233', 'B421', 'B736', 'B97', 'B69', 'B261', 'B605', 'B677', 'B168', 'B555', 'B674', 'B208']",7.5,S5,10.68,0,4,4,0.0,,-0.927759,-7.704055,-8.631815,False,False,12,S57,True,6,0.5848,delivery,,,,,,,,,,,,,,,,,,,,,,,,,,,,,,,,,,,,,,,,,,,,,,,,,,,,
50,14,16,0,S5,False,0,4,4,0,16,0,0,0,0,"['B603', 'B297', 'B391', 'B684', 'B183', 'B447', 'B323', 'B80', 'B309', 'B300', 'B673', 'B100', 'B704', 'B252', 'B6', 'B425']",8.0,S35,16.22,16,4,20,0.0,,-1.165438,-7.764812,-8.93025,False,False,12,S15,True,8,0.5882,pickup,,,,,,,,,,,,,,,,,,,,,,,,,,,,,,,,,,,,,,,,,,,,,,,,,,,,
50,14,16,25,S35,False,16,4,20,15,0,0,0,0,0,"['B603', 'B297', 'B391', 'B684', 'B183', 'B447', 'B323', 'B80', 'B309', 'B300', 'B673', 'B100', 'B704', 'B252', 'B6']",7.5,S42,1.31,1,4,5,0.0,,-1.360418,-7.887632,-9.24805,False,False,18,S15,True,13,0.9741,delivery,,,,,,,,,,,,,,,,,,,,,,,,,,,,,,,,,,,,,,,,,,,,,,,,,,,,
50,14,16,33,S42,False,1,4,5,0,0,2,0,0,0,[],6.0,S50,2.31,1,4,5,0.0,,-0.929808,-7.920341,-8.850149,True,True,36,S43,True,12,1.7258,do_nothing+onsite,,,,,,,,,,,,,,,,,,,,,,,,,,,,,,,,,,,,,,,,,,,,,,,,,,,,
50,14,16,42,S50,False,1,4,5,0,0,0,0,0,0,[],0.0,S32,4.46,1,4,5,0.0,,-0.908233,-7.890911,-8.799143,True,False,24,S51,True,2,1.2944,do_nothing,,,,,,,,,,,,,,,,,,,,,,,,,,,,,,,,,,,,,,,,,,,,,,,,,,,,
50,14,16,46,S32,False,1,4,5,1,0,1,0,0,0,['B425'],3.5,S51,4.37,0,4,4,0.0,,-0.630506,-7.770829,-8.401334,True,True,72,S51,True,49,3.0303,delivery+onsite,,,,,,,,,,,,,,,,,,,,,,,,,,,,,,,,,,,,,,,,,,,,,,,,,,,,
50,14,16,54,S51,False,0,4,4,0,15,0,0,0,0,"['B670', 'B310', 'B509', 'B330', 'B96', 'B197', 'B279', 'B8', 'B179', 'B303', 'B679', 'B161', 'B696', 'B429', 'B622']",7.5,S32,4.37,15,4,19,0.0,,-0.511911,-7.791358,-8.303269,False,False,18,S15,True,7,0.8162,pickup,,,,,,,,,,,,,,,,,,,,,,,,,,,,,,,,,,,,,,,,,,,,,,,,,,,,
50,14,17,6,S32,False,15,4,19,12,0,0,0,0,0,"['B670', 'B310', 'B509', 'B330', 'B96', 'B197', 'B279', 'B8', 'B179', 'B303', 'B679', 'B161']",6.0,S48,4.4,3,4,7,0.0,,-0.709599,-7.912883,-8.622483,True,False,72,S29,True,25,2.1548,delivery,,,,,,,,,,,,,,,,,,,,,,,,,,,,,,,,,,,,,,,,,,,,,,,,,,,,
50,14,17,16,S48,False,3,4,7,0,12,0,0,0,0,"['B46', 'B723', 'B701', 'B255', 'B328', 'B336', 'B749', 'B755', 'B574', 'B750', 'B600', 'B432']",6.0,S29,7.68,15,4,19,0.0,,-0.452045,-7.786652,-8.238697,False,False,18,S64,True,12,0.6658,pickup,,,,,,,,,,,,,,,,,,,,,,,,,,,,,,,,,,,,,,,,,,,,,,,,,,,,
50,14,17,30,S29,False,15,4,19,15,0,0,0,0,0,"['B696', 'B429', 'B622', 'B46', 'B723', 'B701', 'B255', 'B328', 'B336', 'B749', 'B755', 'B574', 'B750', 'B600', 'B432']",7.5,S22,10.18,0,4,4,0.0,,-0.592448,-7.716392,-8.30884,False,False,18,S10,True,13,0.7627,delivery,,,,,,,,,,,,,,,,,,,,,,,,,,,,,,,,,,,,,,,,,,,,,,,,,,,,
50,14,17,48,S22,False,0,4,4,0,10,0,1,0,0,"['B345', 'B141', 'B488', 'B276', 'B312', 'B662', 'B514', 'B710', 'B78', 'B59', 'B146']",5.5,S54,9.78,10,5,15,0.0,,-0.335702,-7.698513,-8.034215,True,True,72,S54,True,58,2.3151,pickup+depot_removal,,,,,,,,,,,,,,,,,,,,,,,,,,,,,,,,,,,,,,,,,,,,,,,,,,,,
50,14,18,3,S54,False,10,5,15,0,5,0,0,0,0,"['B517', 'B30', 'B474', 'B63', 'B652']",2.5,S42,4.21,15,5,20,0.0,,-0.255708,-7.895336,-8.151044,False,False,12,S42,False,6,0.3544,pickup,,,,,,,,,,,,,,,,,,,,,,,,,,,,,,,,,,,,,,,,,,,,,,,,,,,,
50,14,18,10,S42,False,15,5,20,13,0,0,0,0,0,"['B345', 'B141', 'B488', 'B276', 'B312', 'B662', 'B514', 'B710', 'B78', 'B59', 'B517', 'B30', 'B474']",6.5,S30,11.07,2,5,7,0.0,,-0.196736,-7.741489,-7.938225,False,False,18,S15,True,10,0.7331,delivery,,,,,,,,,,,,,,,,,,,,,,,,,,,,,,,,,,,,,,,,,,,,,,,,,,,,
50,14,18,27,S30,False,2,5,7,0,8,0,0,0,0,"['B683', 'B500', 'B87', 'B767', 'B340', 'B589', 'B194', 'B446']",4.0,S64,2.73,10,5,15,0.0,,-0.158086,-7.651134,-7.80922,False,False,18,S64,False,9,0.627,pickup,,,,,,,,,,,,,,,,,,,,,,,,,,,,,,,,,,,,,,,,,,,,,,,,,,,,
50,14,18,34,S64,False,10,5,15,7,0,0,0,0,0,"['B63', 'B652', 'B683', 'B500', 'B87', 'B767', 'B340']",3.5,S18,0.52,3,5,8,0.0,,-0.196736,-7.742165,-7.938901,True,False,36,S18,False,24,1.5682,delivery,,,,,,,,,,,,,,,,,,,,,,,,,,,,,,,,,,,,,,,,,,,,,,,,,,,,
50,14,18,38,S18,False,3,5,8,3,0,0,0,0,0,"['B589', 'B194', 'B446']",1.5,S16,2.87,0,5,5,0.0,,-0.176912,-7.7701,-7.947012,True,False,24,S16,False,15,1.3553,delivery,,,,,,,,,,,,,,,,,,,,,,,,,,,,,,,,,,,,,,,,,,,,,,,,,,,,
50,14,18,42,S16,False,0,5,5,0,6,1,0,0,0,"['B520', 'B327', 'B157', 'B654', 'B614', 'B424']",6.0,S28,13.08,6,5,11,0.0,,-0.395419,-7.679276,-8.074695,True,True,36,S33,True,30,2.0475,pickup+onsite,,,,,,,,,,,,,,,,,,,,,,,,,,,,,,,,,,,,,,,,,,,,,,,,,,,,
50,14,19,1,S28,False,6,5,11,0,0,0,0,0,0,[],0.0,S11,15.66,6,5,11,0.0,,-0.137863,-7.582689,-7.720552,False,False,12,S11,True,1,0.4895,do_nothing,,,,,,,,,,,,,,,,,,,,,,,,,,,,,,,,,,,,,,,,,,,,,,,,,,,,
50,14,19,17,S11,False,6,5,11,0,9,1,0,0,0,"['B402', 'B588', 'B324', 'B368', 'B720', 'B490', 'B7', 'B493', 'B561']",7.5,S44,9.45,15,5,20,0.0,,-0.236084,-7.700199,-7.936283,True,True,24,S44,True,20,1.2269,pickup+onsite,,,,,,,,,,,,,,,,,,,,,,,,,,,,,,,,,,,,,,,,,,,,,,,,,,,,
50,14,19,34,S44,False,15,5,20,10,0,0,0,0,0,"['B520', 'B327', 'B157', 'B654', 'B614', 'B424', 'B402', 'B588', 'B324', 'B368']",5.0,S57,6.41,5,5,10,0.0,,-0.295403,-7.646827,-7.942229,True,False,23,S18,True,12,0.8222,delivery,,,,,,,,,,,,,,,,,,,,,,,,,,,,,,,,,,,,,,,,,,,,,,,,,,,,
50,14,19,45,S57,False,5,5,10,0,10,0,0,0,0,"['B676', 'B207', 'B444', 'B694', 'B219', 'B660', 'B36', 'B504', 'B491', 'B433']",5.0,D0,3.51,15,5,20,0.0,,-0.354478,-7.776367,-8.130846,True,False,4,D0,False,2,0.1033,pickup,,,,,,,,,,,,,,,,,,,,,,,,,,,,,,,,,,,,,,,,,,,,,,,,,,,,
50,14,19,54,D0,True,15,5,20,0,0,0,0,5,5,"['B171', 'B375', 'B301', 'B105', 'B113', 'B224', 'B343', 'B143', 'B61', 'B146']",5.0,D0,0.0,20,0,20,0.0,,-0.414545,-7.795706,-8.210251,True,True,1,D0,False,0,0.0292,do_nothing,,,,,,,,,,,,,,,,,,,,,,,,,,,,,,,,,,,,,,,,,,,,,,,,,,,,
50,15,6,14,D0,True,20,0,20,0,0,0,0,0,0,[],0.0,S41,2.23,20,0,20,0.0,,-2.843155,-8.451145,-11.2943,True,True,5,S41,False,0,0.196,depot_passthrough,,,,,,,,,,,,,,,,,,,,,,,,,,,,,,,,,,,,,,,,,,,,,,,,,,,,
50,15,6,31,S41,False,20,0,20,20,0,0,0,0,0,"['B720', 'B490', 'B7', 'B493', 'B561', 'B676', 'B207', 'B444', 'B694', 'B219', 'B660', 'B36', 'B504', 'B491', 'B433', 'B171', 'B375', 'B301', 'B105', 'B113']",10.0,S52,4.13,0,0,0,0.0,,-2.07543,-8.453451,-10.528881,True,False,30,S65,True,21,1.3751,delivery,,,,,,,,,,,,,,,,,,,,,,,,,,,,,,,,,,,,,,,,,,,,,,,,,,,,
50,15,6,45,S52,False,0,0,0,0,14,0,0,0,0,"['B99', 'B649', 'B483', 'B544', 'B616', 'B11', 'B650', 'B410', 'B180', 'B569', 'B230', 'B80', 'B680', 'B662']",7.0,S65,6.18,14,0,14,0.0,,-1.736184,-8.454072,-10.190256,False,False,18,S44,True,16,0.9321,pickup,,,,,,,,,,,,,,,,,,,,,,,,,,,,,,,,,,,,,,,,,,,,,,,,,,,,
50,15,6,58,S65,False,14,0,14,14,0,0,0,0,0,"['B99', 'B649', 'B483', 'B544', 'B616', 'B11', 'B650', 'B410', 'B180', 'B569', 'B230', 'B80', 'B680', 'B662']",7.0,S46,8.22,0,0,0,0.0,,-1.280369,-8.465078,-9.745447,True,False,24,S49,True,13,1.5628,delivery,,,,,,,,,,,,,,,,,,,,,,,,,,,,,,,,,,,,,,,,,,,,,,,,,,,,
50,15,7,14,S46,False,0,0,0,0,15,0,1,0,0,"['B370', 'B551', 'B210', 'B459', 'B575', 'B764', 'B296', 'B399', 'B738', 'B392', 'B395', 'B292', 'B543', 'B667', 'B81', 'B136']",8.0,S22,9.54,15,1,16,0.0,,-1.872576,-8.418815,-10.291392,True,True,36,S44,True,21,1.9818,pickup+depot_removal,,,,,,,,,,,,,,,,,,,,,,,,,,,,,,,,,,,,,,,,,,,,,,,,,,,,
50,15,7,31,S22,False,15,1,16,15,0,0,0,0,0,"['B370', 'B551', 'B210', 'B459', 'B575', 'B764', 'B296', 'B399', 'B738', 'B392', 'B395', 'B292', 'B543', 'B667', 'B81']",7.5,S44,8.22,0,1,1,0.0,,-1.482657,-8.386264,-9.86892,True,False,36,S45,True,22,1.3804,delivery,,,,,,,,,,,,,,,,,,,,,,,,,,,,,,,,,,,,,,,,,,,,,,,,,,,,
50,15,7,47,S44,False,0,1,1,0,11,1,0,0,0,"['B424', 'B402', 'B588', 'B324', 'B368', 'B5', 'B236', 'B564', 'B126', 'B59', 'B580']",8.5,S54,3.95,11,1,12,0.0,,-1.203538,-8.341,-9.544538,True,True,36,S54,True,34,2.0507,pickup+onsite,,,,,,,,,,,,,,,,,,,,,,,,,,,,,,,,,,,,,,,,,,,,,,,,,,,,
50,15,7,59,S54,False,11,1,12,0,8,0,0,0,0,"['B198', 'B639', 'B521', 'B34', 'B282', 'B196', 'B654', 'B60']",4.0,S48,6.34,19,1,20,0.0,,-0.612025,-8.306718,-8.918743,False,False,12,S26,True,10,0.8883,pickup,,,,,,,,,,,,,,,,,,,,,,,,,,,,,,,,,,,,,,,,,,,,,,,,,,,,
50,15,8,10,S48,False,19,1,20,11,0,0,0,0,0,"['B424', 'B402', 'B588', 'B324', 'B368', 'B5', 'B236', 'B564', 'B126', 'B59', 'B580']",5.5,S26,11.62,8,1,9,0.0,,-0.629559,-8.282047,-8.911606,False,False,18,S31,True,15,0.8062,delivery,,,,,,,,,,,,,,,,,,,,,,,,,,,,,,,,,,,,,,,,,,,,,,,,,,,,
50,15,8,27,S26,False,8,1,9,8,0,0,0,0,0,"['B198', 'B639', 'B521', 'B34', 'B282', 'B196', 'B654', 'B60']",4.0,S49,8.9,0,1,1,0.0,,-0.708649,-8.233086,-8.941734,False,False,12,S10,True,10,0.3468,delivery,,,,,,,,,,,,,,,,,,,,,,,,,,,,,,,,,,,,,,,,,,,,,,,,,,,,
50,15,8,40,S49,False,0,1,1,0,19,0,0,0,0,"['B93', 'B502', 'B205', 'B753', 'B466', 'B307', 'B356', 'B534', 'B512', 'B567', 'B477', 'B112', 'B428', 'B550', 'B335', 'B742', 'B448', 'B486', 'B155']",9.5,S61,3.22,19,1,20,0.0,,-0.747833,-8.224109,-8.971942,False,False,12,S31,True,7,0.5254,pickup,,,,,,,,,,,,,,,,,,,,,,,,,,,,,,,,,,,,,,,,,,,,,,,,,,,,
50,15,8,52,S61,False,19,1,20,9,0,0,0,0,0,"['B93', 'B502', 'B205', 'B753', 'B466', 'B307', 'B356', 'B534', 'B512']",4.5,S31,1.01,10,1,11,0.0,,-0.728967,-8.109662,-8.838629,False,False,18,S31,False,6,0.6184,delivery,,,,,,,,,,,,,,,,,,,,,,,,,,,,,,,,,,,,,,,,,,,,,,,,,,,,
50,15,8,58,S31,False,10,1,11,0,0,0,0,0,0,[],0.0,S66,0.38,10,1,11,0.0,,-0.68797,-8.169136,-8.857106,True,False,48,S66,False,3,1.6964,do_nothing,,,,,,,,,,,,,,,,,,,,,,,,,,,,,,,,,,,,,,,,,,,,,,,,,,,,
50,15,8,58,S66,False,10,1,11,10,0,0,1,0,0,"['B311', 'B567', 'B477', 'B112', 'B428', 'B550', 'B335', 'B742', 'B448', 'B486', 'B155']",5.5,S39,4.09,0,2,2,0.0,,-0.727564,-8.077002,-8.804566,True,True,24,S10,True,22,1.0004,delivery+depot_removal,,,,,,,,,,,,,,,,,,,,,,,,,,,,,,,,,,,,,,,,,,,,,,,,,,,,
50,15,9,8,S39,False,0,2,2,0,18,0,0,0,0,"['B406', 'B154', 'B756', 'B678', 'B593', 'B734', 'B35', 'B165', 'B67', 'B401', 'B72', 'B377', 'B761', 'B713', 'B286', 'B251', 'B655', 'B462']",9.0,S50,10.68,18,2,20,0.0,,-1.005187,-8.092027,-9.097214,True,False,90,S33,True,73,4.0175,pickup,,,,,,,,,,,,,,,,,,,,,,,,,,,,,,,,,,,,,,,,,,,,,,,,,,,,
50,15,9,28,S50,False,18,2,20,18,0,0,0,0,0,"['B406', 'B154', 'B756', 'B678', 'B593', 'B734', 'B35', 'B165', 'B67', 'B401', 'B72', 'B377', 'B761', 'B713', 'B286', 'B251', 'B655', 'B462']",9.0,S54,2.71,0,2,2,0.0,,-1.082809,-8.209725,-9.292534,True,False,18,S54,False,6,0.8384,delivery,,,,,,,,,,,,,,,,,,,,,,,,,,,,,,,,,,,,,,,,,,,,,,,,,,,,
50,15,9,39,S54,False,0,2,2,0,17,0,0,0,0,"['B141', 'B262', 'B509', 'B410', 'B570', 'B28', 'B180', 'B483', 'B124', 'B6', 'B14', 'B106', 'B488', 'B672', 'B693', 'B363', 'B345']",8.5,S31,5.7,17,2,19,0.0,,-1.003305,-8.227825,-9.23113,False,False,18,S33,True,12,0.7903,pickup,,,,,,,,,,,,,,,,,,,,,,,,,,,,,,,,,,,,,,,,,,,,,,,,,,,,
50,15,9,54,S31,False,17,2,19,0,0,0,0,0,0,[],0.0,S65,3.2,17,2,19,0.0,,-0.710047,-8.201969,-8.912016,True,False,36,S64,True,0,1.7558,do_nothing,,,,,,,,,,,,,,,,,,,,,,,,,,,,,,,,,,,,,,,,,,,,,,,,,,,,
50,15,9,57,S65,False,17,2,19,17,0,0,1,0,0,"['B132', 'B141', 'B262', 'B509', 'B410', 'B570', 'B28', 'B180', 'B483', 'B124', 'B6', 'B14', 'B106', 'B488', 'B672', 'B693', 'B363', 'B345']",9.0,S62,5.94,0,3,3,0.0,,-0.63095,-8.100224,-8.731174,True,True,36,S25,True,20,1.5823,delivery+depot_removal,,,,,,,,,,,,,,,,,,,,,,,,,,,,,,,,,,,,,,,,,,,,,,,,,,,,
50,15,10,12,S62,False,0,3,3,0,12,0,0,0,0,"['B696', 'B636', 'B712', 'B638', 'B679', 'B17', 'B104', 'B372', 'B701', 'B749', 'B574', 'B519']",6.0,S32,3.53,12,3,15,0.0,,-0.491788,-8.009201,-8.500989,True,False,54,S33,True,38,3.1627,pickup,,,,,,,,,,,,,,,,,,,,,,,,,,,,,,,,,,,,,,,,,,,,,,,,,,,,
50,15,10,21,S32,False,12,3,15,0,5,0,0,0,0,"['B642', 'B730', 'B82', 'B43', 'B255']",2.5,S51,4.37,17,3,20,0.0,,-0.648485,-8.111203,-8.759688,True,False,48,S13,True,37,1.6888,pickup,,,,,,,,,,,,,,,,,,,,,,,,,,,,,,,,,,,,,,,,,,,,,,,,,,,,
50,15,10,28,S51,False,17,3,20,12,0,0,0,0,0,"['B696', 'B636', 'B712', 'B638', 'B679', 'B17', 'B104', 'B372', 'B701', 'B749', 'B574', 'B519']",6.0,S33,4.94,5,3,8,0.0,,-0.39367,-8.107386,-8.501055,True,False,30,S54,True,18,1.496,delivery,,,,,,,,,,,,,,,,,,,,,,,,,,,,,,,,,,,,,,,,,,,,,,,,,,,,
50,15,10,39,S33,False,5,3,8,0,12,0,0,0,0,"['B361', 'B317', 'B408', 'B746', 'B628', 'B426', 'B661', 'B658', 'B259', 'B295', 'B585', 'B310']",6.0,S54,3.1,17,3,20,0.0,,-0.551509,-8.126554,-8.678063,True,False,36,S54,False,24,1.3315,pickup,,,,,,,,,,,,,,,,,,,,,,,,,,,,,,,,,,,,,,,,,,,,,,,,,,,,
50,15,10,48,S54,False,17,3,20,16,0,0,0,0,0,"['B642', 'B730', 'B82', 'B43', 'B255', 'B361', 'B317', 'B408', 'B746', 'B628', 'B426', 'B661', 'B658', 'B259', 'B295', 'B585']",8.0,S32,2.05,1,3,4,0.0,,-0.274931,-8.142758,-8.417688,False,False,18,S34,True,6,0.8401,delivery,,,,,,,,,,,,,,,,,,,,,,,,,,,,,,,,,,,,,,,,,,,,,,,,,,,,
50,15,10,58,S32,False,1,3,4,0,11,0,0,0,0,"['B328', 'B336', 'B51', 'B129', 'B117', 'B755', 'B359', 'B432', 'B424', 'B92', 'B520']",5.5,S49,7.85,12,3,15,0.0,,-0.414642,-7.97742,-8.392062,True,False,108,S59,True,75,3.4872,pickup,,,,,,,,,,,,,,,,,,,,,,,,,,,,,,,,,,,,,,,,,,,,,,,,,,,,
50,15,11,12,S49,False,12,3,15,9,0,0,0,0,0,"['B310', 'B328', 'B336', 'B51', 'B129', 'B117', 'B755', 'B359', 'B432']",4.5,S52,4.16,3,3,6,0.0,,-0.434514,-8.061796,-8.49631,False,False,18,S52,False,7,0.5218,delivery,,,,,,,,,,,,,,,,,,,,,,,,,,,,,,,,,,,,,,,,,,,,,,,,,,,,
50,15,11,20,S52,False,3,3,6,3,0,0,0,0,0,"['B424', 'B92', 'B520']",1.5,S59,2.59,0,3,3,0.0,,-0.709004,-8.030918,-8.739922,False,False,12,S59,False,6,0.5209,delivery,,,,,,,,,,,,,,,,,,,,,,,,,,,,,,,,,,,,,,,,,,,,,,,,,,,,
50,15,11,24,S59,False,0,3,3,0,17,0,0,0,0,"['B419', 'B15', 'B148', 'B186', 'B597', 'B536', 'B302', 'B422', 'B178', 'B56', 'B651', 'B33', 'B449', 'B135', 'B450', 'B451', 'B200']",8.5,S52,2.59,17,3,20,0.0,,-0.709403,-8.098431,-8.807834,True,False,18,S46,True,13,0.6124,pickup,,,,,,,,,,,,,,,,,,,,,,,,,,,,,,,,,,,,,,,,,,,,,,,,,,,,
50,15,11,35,S52,False,17,3,20,0,0,0,0,0,0,[],0.0,S26,7.0,17,3,20,0.0,,-0.451344,-8.03536,-8.486704,False,False,18,S26,True,1,0.5576,do_nothing,,,,,,,,,,,,,,,,,,,,,,,,,,,,,,,,,,,,,,,,,,,,,,,,,,,,
50,15,11,42,S26,False,17,3,20,17,0,0,0,0,0,"['B419', 'B15', 'B148', 'B186', 'B597', 'B536', 'B302', 'B422', 'B178', 'B56', 'B651', 'B33', 'B449', 'B135', 'B450', 'B451', 'B200']",8.5,S66,5.64,0,3,3,0.0,,-0.788189,-8.010319,-8.798508,False,False,12,S35,True,10,0.4223,delivery,,,,,,,,,,,,,,,,,,,,,,,,,,,,,,,,,,,,,,,,,,,,,,,,,,,,
50,15,11,57,S66,False,0,3,3,0,12,0,0,0,0,"['B335', 'B742', 'B448', 'B486', 'B155', 'B236', 'B272', 'B37', 'B254', 'B663', 'B564', 'B418']",6.0,S35,8.23,12,3,15,0.0,,-0.690229,-8.08834,-8.778569,False,False,18,S35,False,16,0.6782,pickup,,,,,,,,,,,,,,,,,,,,,,,,,,,,,,,,,,,,,,,,,,,,,,,,,,,,
50,15,12,11,S35,False,12,3,15,0,5,0,0,0,0,"['B189', 'B297', 'B218', 'B644', 'B319']",2.5,S46,5.93,17,3,20,0.0,,-0.827992,-7.932066,-8.760058,True,False,18,S46,False,13,0.8163,pickup,,,,,,,,,,,,,,,,,,,,,,,,,,,,,,,,,,,,,,,,,,,,,,,,,,,,
50,15,12,19,S46,False,17,3,20,13,0,0,0,0,0,"['B335', 'B742', 'B448', 'B486', 'B155', 'B236', 'B272', 'B37', 'B254', 'B663', 'B564', 'B418', 'B189']",6.5,S51,3.14,4,3,7,0.0,,-0.492393,-7.929908,-8.4223,False,False,18,S31,True,12,0.968,delivery,,,,,,,,,,,,,,,,,,,,,,,,,,,,,,,,,,,,,,,,,,,,,,,,,,,,
50,15,12,29,S51,False,4,3,7,0,13,0,0,0,0,"['B372', 'B701', 'B749', 'B574', 'B519', 'B542', 'B375', 'B8', 'B730', 'B579', 'B370', 'B531', 'B506']",6.5,S31,7.45,17,3,20,0.0,,-0.275378,-7.729031,-8.004409,True,False,18,S31,False,15,1.005,pickup,,,,,,,,,,,,,,,,,,,,,,,,,,,,,,,,,,,,,,,,,,,,,,,,,,,,
50,15,12,43,S31,False,17,3,20,10,0,0,1,0,0,"['B98', 'B297', 'B218', 'B644', 'B319', 'B372', 'B701', 'B749', 'B574', 'B519', 'B542']",5.5,S28,9.18,7,4,11,0.0,,-0.807012,-7.771771,-8.578783,True,True,54,S28,True,15,2.1701,delivery+depot_removal,,,,,,,,,,,,,,,,,,,,,,,,,,,,,,,,,,,,,,,,,,,,,,,,,,,,
50,15,12,57,S28,False,7,4,11,7,0,0,0,0,0,"['B375', 'B8', 'B730', 'B579', 'B370', 'B531', 'B506']",3.5,S66,8.95,0,4,4,0.0,,-1.181758,-7.914261,-9.096019,False,False,12,S62,True,6,0.7433,delivery,,,,,,,,,,,,,,,,,,,,,,,,,,,,,,,,,,,,,,,,,,,,,,,,,,,,
50,15,13,10,S66,False,0,4,4,0,9,0,0,0,0,"['B194', 'B548', 'B99', 'B703', 'B607', 'B11', 'B720', 'B268', 'B321']",4.5,S55,6.13,9,4,13,0.0,,-1.024281,-7.847417,-8.871698,False,False,18,S65,True,14,0.8929,pickup,,,,,,,,,,,,,,,,,,,,,,,,,,,,,,,,,,,,,,,,,,,,,,,,,,,,
50,15,13,21,S55,False,9,4,13,9,0,0,0,0,0,"['B194', 'B548', 'B99', 'B703', 'B607', 'B11', 'B720', 'B268', 'B321']",4.5,S62,3.22,0,4,4,0.0,,-1.512828,-8.033802,-9.54663,False,False,12,S62,False,9,0.6335,delivery,,,,,,,,,,,,,,,,,,,,,,,,,,,,,,,,,,,,,,,,,,,,,,,,,,,,
50,15,13,28,S62,False,0,4,4,0,14,0,0,0,0,"['B376', 'B342', 'B687', 'B510', 'B753', 'B303', 'B394', 'B102', 'B296', 'B500', 'B16', 'B205', 'B642', 'B601']",7.0,S29,3.79,14,4,18,0.0,,-1.555759,-7.891215,-9.446974,True,False,54,S65,True,19,3.3713,pickup,,,,,,,,,,,,,,,,,,,,,,,,,,,,,,,,,,,,,,,,,,,,,,,,,,,,
50,15,13,39,S29,False,14,4,18,0,0,0,0,0,0,[],0.0,S54,1.43,14,4,18,0.0,,-1.438204,-7.886575,-9.324779,False,False,12,S33,True,1,0.6259,do_nothing,,,,,,,,,,,,,,,,,,,,,,,,,,,,,,,,,,,,,,,,,,,,,,,,,,,,
50,15,13,40,S54,False,14,4,18,11,0,0,0,0,0,"['B376', 'B342', 'B687', 'B510', 'B753', 'B303', 'B394', 'B102', 'B296', 'B500', 'B16']",5.5,S29,1.43,3,4,7,0.0,,-1.419544,-7.934168,-9.353711,False,False,18,S57,True,6,0.7059,delivery,,,,,,,,,,,,,,,,,,,,,,,,,,,,,,,,,,,,,,,,,,,,,,,,,,,,
50,15,13,47,S29,False,3,4,7,3,0,0,0,0,0,"['B205', 'B642', 'B601']",1.5,S65,8.87,0,4,4,0.0,,-1.355529,-7.973902,-9.329431,False,False,12,S33,True,8,1.0989,delivery,,,,,,,,,,,,,,,,,,,,,,,,,,,,,,,,,,,,,,,,,,,,,,,,,,,,
50,15,13,58,S65,False,0,4,4,0,14,0,0,0,0,"['B6', 'B14', 'B106', 'B488', 'B672', 'B693', 'B363', 'B345', 'B142', 'B62', 'B457', 'B4', 'B751', 'B401']",7.0,S52,6.18,14,4,18,0.0,,-1.257007,-8.008493,-9.2655,False,False,18,S29,True,14,0.7527,pickup,,,,,,,,,,,,,,,,,,,,,,,,,,,,,,,,,,,,,,,,,,,,,,,,,,,,
50,15,14,11,S52,False,14,4,18,10,0,0,0,0,0,"['B6', 'B14', 'B106', 'B488', 'B672', 'B693', 'B363', 'B345', 'B142', 'B62']",5.0,S29,5.05,4,4,8,0.0,,-1.439055,-8.026035,-9.46509,False,False,18,S29,False,9,1.0729,delivery,,,,,,,,,,,,,,,,,,,,,,,,,,,,,,,,,,,,,,,,,,,,,,,,,,,,
50,15,14,21,S29,False,4,4,8,4,0,0,0,0,0,"['B457', 'B4', 'B751', 'B401']",2.0,S60,7.31,0,4,4,0.0,,-2.073412,-8.027279,-10.100691,False,False,12,S60,False,6,0.5165,delivery,,,,,,,,,,,,,,,,,,,,,,,,,,,,,,,,,,,,,,,,,,,,,,,,,,,,
50,15,14,30,S60,False,0,4,4,0,0,0,2,0,0,"['B702', 'B74']",1.0,S66,1.23,0,6,6,0.0,,-1.638812,-7.995963,-9.634776,True,True,24,S39,True,12,0.8865,do_nothing+depot_removal,,,,,,,,,,,,,,,,,,,,,,,,,,,,,,,,,,,,,,,,,,,,,,,,,,,,
50,15,14,33,S66,False,0,6,6,0,13,0,0,0,0,"['B190', 'B270', 'B239', 'B27', 'B63', 'B550', 'B513', 'B522', 'B43', 'B600', 'B679', 'B42', 'B718']",6.5,S57,8.16,13,6,19,0.0,,-1.380393,-7.945594,-9.325987,False,False,18,S60,True,14,0.5955,pickup,,,,,,,,,,,,,,,,,,,,,,,,,,,,,,,,,,,,,,,,,,,,,,,,,,,,
50,15,14,47,S57,False,13,6,19,13,0,0,0,0,0,"['B190', 'B270', 'B239', 'B27', 'B63', 'B550', 'B513', 'B522', 'B43', 'B600', 'B679', 'B42', 'B718']",6.5,S60,9.08,0,6,6,0.0,,-1.280273,-7.994543,-9.274816,True,False,36,S15,True,18,1.368,delivery,,,,,,,,,,,,,,,,,,,,,,,,,,,,,,,,,,,,,,,,,,,,,,,,,,,,
50,15,15,3,S60,False,0,6,6,0,14,0,0,0,0,"['B399', 'B499', 'B568', 'B290', 'B589', 'B76', 'B471', 'B191', 'B684', 'B595', 'B184', 'B384', 'B90', 'B410']",7.0,S15,4.42,14,6,20,0.0,,-1.261604,-8.048218,-9.309822,False,False,12,S39,True,8,0.7327,pickup,,,,,,,,,,,,,,,,,,,,,,,,,,,,,,,,,,,,,,,,,,,,,,,,,,,,
50,15,15,14,S15,False,14,6,20,14,0,0,0,0,0,"['B399', 'B499', 'B568', 'B290', 'B589', 'B76', 'B471', 'B191', 'B684', 'B595', 'B184', 'B384', 'B90', 'B410']",7.0,S33,3.7,0,6,6,0.0,,-1.023174,-7.960854,-8.984028,False,False,12,S53,True,6,0.7139,delivery,,,,,,,,,,,,,,,,,,,,,,,,,,,,,,,,,,,,,,,,,,,,,,,,,,,,
50,15,15,25,S33,False,0,6,6,0,13,1,0,0,0,"['B18', 'B353', 'B553', 'B571', 'B565', 'B453', 'B278', 'B493', 'B653', 'B36', 'B685', 'B466', 'B527']",9.5,S49,4.76,13,6,19,0.0,,-0.608624,-7.928352,-8.536976,True,True,60,S39,True,50,3.2199,pickup+onsite,,,,,,,,,,,,,,,,,,,,,,,,,,,,,,,,,,,,,,,,,,,,,,,,,,,,
50,15,15,39,S49,False,13,6,19,12,0,0,0,0,0,"['B18', 'B353', 'B553', 'B571', 'B565', 'B453', 'B278', 'B493', 'B653', 'B36', 'B685', 'B466']",6.0,S39,0.84,1,6,7,0.0,,-0.670258,-7.917791,-8.588048,False,False,18,S39,False,6,0.7904,delivery,,,,,,,,,,,,,,,,,,,,,,,,,,,,,,,,,,,,,,,,,,,,,,,,,,,,
50,15,15,46,S39,False,1,6,7,1,0,2,1,0,0,"['B95', 'B527']",7.0,S41,3.32,0,7,7,0.0,,-1.002753,-7.931745,-8.934498,True,True,72,S31,True,67,2.4239,delivery+maintenance,,,,,,,,,,,,,,,,,,,,,,,,,,,,,,,,,,,,,,,,,,,,,,,,,,,,
50,15,15,56,S41,False,0,7,7,0,13,0,0,0,0,"['B339', 'B51', 'B326', 'B740', 'B625', 'B521', 'B530', 'B467', 'B342', 'B160', 'B738', 'B316', 'B536']",6.5,S26,6.65,13,7,20,0.0,,-1.122842,-8.174525,-9.297367,True,False,60,S31,True,25,2.0109,pickup,,,,,,,,,,,,,,,,,,,,,,,,,,,,,,,,,,,,,,,,,,,,,,,,,,,,
50,15,16,9,S26,False,13,7,20,13,0,0,0,0,0,"['B339', 'B51', 'B326', 'B740', 'B625', 'B521', 'B530', 'B467', 'B342', 'B160', 'B738', 'B316', 'B536']",6.5,S61,6.04,0,7,7,0.0,,-1.163073,-7.923355,-9.086428,True,False,24,S35,True,15,0.9157,delivery,,,,,,,,,,,,,,,,,,,,,,,,,,,,,,,,,,,,,,,,,,,,,,,,,,,,
50,15,16,22,S61,False,0,7,7,0,5,0,0,0,0,"['B320', 'B6', 'B488', 'B405', 'B5']",2.5,S31,1.01,5,7,12,0.0,,-0.591859,-7.865476,-8.457336,False,False,18,S31,False,12,0.6422,pickup,,,,,,,,,,,,,,,,,,,,,,,,,,,,,,,,,,,,,,,,,,,,,,,,,,,,
50,15,16,26,S31,False,5,7,12,0,8,0,0,0,0,"['B701', 'B749', 'B574', 'B519', 'B542', 'B645', 'B137', 'B416']",4.0,S35,8.41,13,7,20,0.0,,-0.454686,-7.913889,-8.368576,True,False,24,S10,True,21,0.6389,pickup,,,,,,,,,,,,,,,,,,,,,,,,,,,,,,,,,,,,,,,,,,,,,,,,,,,,
50,15,16,38,S35,False,13,7,20,13,0,0,0,0,0,"['B320', 'B6', 'B488', 'B405', 'B5', 'B701', 'B749', 'B574', 'B519', 'B542', 'B645', 'B137', 'B416']",6.5,S31,8.41,0,7,7,0.0,,-0.335201,-7.825989,-8.16119,True,False,42,S29,True,24,1.6953,delivery,,,,,,,,,,,,,,,,,,,,,,,,,,,,,,,,,,,,,,,,,,,,,,,,,,,,
50,15,16,53,S31,False,0,7,7,0,13,0,0,0,0,"['B594', 'B424', 'B69', 'B655', 'B548', 'B661', 'B333', 'B158', 'B291', 'B596', 'B672', 'B332', 'B390']",6.5,S32,6.41,13,7,20,0.0,,-0.432964,-7.831408,-8.264372,True,False,24,S39,True,20,1.0199,pickup,,,,,,,,,,,,,,,,,,,,,,,,,,,,,,,,,,,,,,,,,,,,,,,,,,,,
50,15,17,6,S32,False,13,7,20,9,0,0,1,0,0,"['B334', 'B594', 'B424', 'B69', 'B655', 'B548', 'B661', 'B333', 'B158', 'B291']",5.0,S63,3.1,4,8,12,0.0,,-0.55076,-7.722791,-8.273551,True,True,84,S63,True,22,3.3573,delivery+depot_removal,,,,,,,,,,,,,,,,,,,,,,,,,,,,,,,,,,,,,,,,,,,,,,,,,,,,
50,15,17,14,S63,False,4,8,12,4,0,1,0,0,0,"['B596', 'B672', 'B332', 'B390']",5.0,S65,7.4,0,8,8,0.0,,-0.275377,-7.824745,-8.100122,True,True,108,S65,True,75,2.6296,delivery+onsite,,,,,,,,,,,,,,,,,,,,,,,,,,,,,,,,,,,,,,,,,,,,,,,,,,,,
50,15,17,26,S65,False,0,8,8,0,12,1,0,0,0,"['B747', 'B581', 'B610', 'B463', 'B755', 'B13', 'B140', 'B321', 'B441', 'B123', 'B535', 'B426']",9.0,S54,8.42,12,8,20,0.0,,-0.314524,-7.791259,-8.105783,True,True,24,S34,True,21,0.7587,pickup+onsite,,,,,,,,,,,,,,,,,,,,,,,,,,,,,,,,,,,,,,,,,,,,,,,,,,,,
50,15,17,44,S54,False,12,8,20,12,0,0,0,0,0,"['B747', 'B581', 'B610', 'B463', 'B755', 'B13', 'B140', 'B321', 'B441', 'B123', 'B535', 'B426']",6.0,S66,5.58,0,8,8,0.0,,-0.492139,-7.82516,-8.317299,True,False,36,S34,True,24,0.953,delivery,,,,,,,,,,,,,,,,,,,,,,,,,,,,,,,,,,,,,,,,,,,,,,,,,,,,
50,15,17,55,S66,False,0,8,8,0,12,0,0,0,0,"['B760', 'B117', 'B79', 'B553', 'B210', 'B404', 'B336', 'B166', 'B612', 'B622', 'B576', 'B293']",6.0,S13,8.55,12,8,20,0.0,,-0.375947,-7.691913,-8.06786,True,False,24,S34,True,13,0.7416,pickup,,,,,,,,,,,,,,,,,,,,,,,,,,,,,,,,,,,,,,,,,,,,,,,,,,,,
50,15,18,10,S13,False,12,8,20,12,0,0,0,0,0,"['B760', 'B117', 'B79', 'B553', 'B210', 'B404', 'B336', 'B166', 'B612', 'B622', 'B576', 'B293']",6.0,S4,10.26,0,8,8,0.0,,-0.118688,-7.657771,-7.77646,True,False,18,S60,True,8,0.6509,delivery,,,,,,,,,,,,,,,,,,,,,,,,,,,,,,,,,,,,,,,,,,,,,,,,,,,,
50,15,18,26,S4,False,0,8,8,0,11,0,0,0,0,"['B232', 'B330', 'B391', 'B53', 'B392', 'B248', 'B704', 'B346', 'B354', 'B693', 'B644']",5.5,S6,10.65,11,8,19,0.0,,-0.098266,-7.720883,-7.819149,True,False,36,S60,True,12,1.1806,pickup,,,,,,,,,,,,,,,,,,,,,,,,,,,,,,,,,,,,,,,,,,,,,,,,,,,,
50,15,18,42,S6,False,11,8,19,11,0,0,0,0,0,"['B232', 'B330', 'B391', 'B53', 'B392', 'B248', 'B704', 'B346', 'B354', 'B693', 'B644']",5.5,S59,11.11,0,8,8,0.0,,-0.079042,-7.563064,-7.642106,False,False,12,S31,True,9,0.4399,delivery,,,,,,,,,,,,,,,,,,,,,,,,,,,,,,,,,,,,,,,,,,,,,,,,,,,,
50,15,18,59,S59,False,0,8,8,0,12,0,0,0,0,"['B138', 'B373', 'B131', 'B120', 'B25', 'B179', 'B706', 'B78', 'B193', 'B93', 'B456', 'B99']",6.0,S49,1.68,12,8,20,0.0,,-0.471516,-7.707338,-8.178854,True,False,18,S60,True,14,0.6951,pickup,,,,,,,,,,,,,,,,,,,,,,,,,,,,,,,,,,,,,,,,,,,,,,,,,,,,
50,15,19,6,S49,False,12,8,20,12,0,0,0,0,0,"['B138', 'B373', 'B131', 'B120', 'B25', 'B179', 'B706', 'B78', 'B193', 'B93', 'B456', 'B99']",6.0,S44,4.49,0,8,8,0.0,,-0.255558,-7.642783,-7.898341,False,False,12,S46,True,8,0.3365,delivery,,,,,,,,,,,,,,,,,,,,,,,,,,,,,,,,,,,,,,,,,,,,,,,,,,,,
50,15,19,17,S44,False,0,8,8,0,0,0,0,0,0,[],0.0,S51,3.83,0,8,8,0.0,,-0.315627,-7.644787,-7.960413,False,False,18,S51,False,2,0.8111,do_nothing,,,,,,,,,,,,,,,,,,,,,,,,,,,,,,,,,,,,,,,,,,,,,,,,,,,,
50,15,19,21,S51,False,0,8,8,0,10,1,0,0,0,"['B708', 'B476', 'B6', 'B324', 'B584', 'B703', 'B731', 'B178', 'B161', 'B268']",8.0,S46,3.14,10,8,18,0.0,,-0.197085,-7.63093,-7.828014,True,True,60,S46,True,48,2.3302,pickup+onsite,,,,,,,,,,,,,,,,,,,,,,,,,,,,,,,,,,,,,,,,,,,,,,,,,,,,
50,15,19,32,S46,False,10,8,18,10,0,0,0,0,0,"['B708', 'B476', 'B6', 'B324', 'B584', 'B703', 'B731', 'B178', 'B161', 'B268']",5.0,S36,2.35,0,8,8,0.0,,-0.197785,-7.52335,-7.721135,False,False,12,S36,False,8,0.6089,delivery,,,,,,,,,,,,,,,,,,,,,,,,,,,,,,,,,,,,,,,,,,,,,,,,,,,,
50,15,19,39,S36,False,0,8,8,0,9,0,0,0,0,"['B41', 'B244', 'B763', 'B649', 'B607', 'B149', 'B22', 'B43', 'B272']",4.5,S63,3.15,9,8,17,0.0,,-0.315227,-7.572554,-7.887781,True,False,41,S44,True,33,1.3365,pickup,,,,,,,,,,,,,,,,,,,,,,,,,,,,,,,,,,,,,,,,,,,,,,,,,,,,
50,15,19,47,S63,False,9,8,17,0,0,0,0,0,0,[],0.0,S52,1.26,9,8,17,0.0,,-0.354579,-7.650487,-8.005065,True,False,13,D0,True,0,0.3494,do_nothing,,,,,,,,,,,,,,,,,,,,,,,,,,,,,,,,,,,,,,,,,,,,,,,,,,,,
50,15,19,48,S52,False,9,8,17,9,0,0,0,0,0,"['B41', 'B244', 'B763', 'B649', 'B607', 'B149', 'B22', 'B43', 'B272']",4.5,D0,1.21,0,8,8,0.0,,-0.314472,-7.799294,-8.113765,False,False,2,D0,False,1,0.0713,delivery,,,,,,,,,,,,,,,,,,,,,,,,,,,,,,,,,,,,,,,,,,,,,,,,,,,,
50,15,19,54,D0,True,0,8,8,0,0,0,0,8,5,"['B32', 'B325', 'B682', 'B264', 'B26', 'B136', 'B311', 'B132', 'B98', 'B702', 'B74', 'B95', 'B334']",6.5,D0,0.0,5,0,5,0.0,,-0.177114,-7.649258,-7.826371,True,True,1,D0,False,0,0.0314,do_nothing,,,,,,,,,,,,,,,,,,,,,,,,,,,,,,,,,,,,,,,,,,,,,,,,,,,,
50,16,6,0,D0,True,5,0,5,0,0,0,0,0,5,"['B224', 'B343', 'B143', 'B61', 'B146']",2.5,S60,1.95,10,0,10,0.0,,-2.544492,-8.330096,-10.874588,True,True,5,S60,False,2,0.1392,load_queue,,,,,,,,,,,,,,,,,,,,,,,,,,,,,,,,,,,,,,,,,,,,,,,,,,,,
50,16,6,20,S60,False,10,0,10,0,10,0,0,0,0,"['B109', 'B504', 'B257', 'B650', 'B539', 'B200', 'B201', 'B274', 'B366', 'B309']",5.0,S12,9.34,20,0,20,0.0,,-2.446401,-8.244021,-10.690422,False,False,12,S51,True,9,0.3574,pickup,,,,,,,,,,,,,,,,,,,,,,,,,,,,,,,,,,,,,,,,,,,,,,,,,,,,
50,16,6,34,S12,False,20,0,20,0,0,2,0,0,0,[],6.0,S48,1.68,20,0,20,0.0,,-1.41994,-8.245158,-9.665098,True,True,54,S27,True,15,1.6167,do_nothing+onsite,,,,,,,,,,,,,,,,,,,,,,,,,,,,,,,,,,,,,,,,,,,,,,,,,,,,
50,16,6,42,S48,False,20,0,20,14,0,0,0,0,0,"['B32', 'B325', 'B682', 'B264', 'B26', 'B224', 'B343', 'B143', 'B61', 'B146', 'B109', 'B504', 'B257', 'B650']",7.0,S51,0.84,6,0,6,0.0,,-1.262656,-8.307653,-9.570309,False,False,18,S66,True,13,0.6097,delivery,,,,,,,,,,,,,,,,,,,,,,,,,,,,,,,,,,,,,,,,,,,,,,,,,,,,
50,16,6,50,S51,False,6,0,6,6,0,0,0,0,0,"['B539', 'B200', 'B201', 'B274', 'B366', 'B309']",3.0,S44,3.83,0,0,0,0.0,,-1.026381,-8.179424,-9.205805,True,False,24,S44,False,13,0.626,delivery,,,,,,,,,,,,,,,,,,,,,,,,,,,,,,,,,,,,,,,,,,,,,,,,,,,,
50,16,6,57,S44,False,0,0,0,0,16,0,0,0,0,"['B716', 'B452', 'B397', 'B137', 'B333', 'B466', 'B235', 'B198', 'B186', 'B205', 'B230', 'B134', 'B195', 'B35', 'B537', 'B102']",8.0,S12,5.82,16,0,16,0.0,,-1.141654,-8.234037,-9.37569,False,False,18,S39,True,8,0.4711,pickup,,,,,,,,,,,,,,,,,,,,,,,,,,,,,,,,,,,,,,,,,,,,,,,,,,,,
50,16,7,10,S12,False,16,0,16,16,0,0,0,0,0,"['B716', 'B452', 'B397', 'B137', 'B333', 'B466', 'B235', 'B198', 'B186', 'B205', 'B230', 'B134', 'B195', 'B35', 'B537', 'B102']",8.0,S54,8.01,0,0,0,0.0,,-0.828481,-8.122411,-8.950893,False,False,12,S38,True,6,0.4073,delivery,,,,,,,,,,,,,,,,,,,,,,,,,,,,,,,,,,,,,,,,,,,,,,,,,,,,
50,16,7,26,S54,False,0,0,0,0,17,1,0,0,0,"['B370', 'B543', 'B308', 'B324', 'B674', 'B356', 'B605', 'B678', 'B638', 'B332', 'B428', 'B206', 'B673', 'B447', 'B50', 'B602', 'B196']",11.5,S65,8.42,17,0,17,0.0,,-0.965297,-8.001769,-8.967066,True,True,36,S55,True,34,1.0953,pickup+onsite,,,,,,,,,,,,,,,,,,,,,,,,,,,,,,,,,,,,,,,,,,,,,,,,,,,,
50,16,7,46,S65,False,17,0,17,17,0,0,0,0,0,"['B370', 'B543', 'B308', 'B324', 'B674', 'B356', 'B605', 'B678', 'B638', 'B332', 'B428', 'B206', 'B673', 'B447', 'B50', 'B602', 'B196']",8.5,S38,5.71,0,0,0,0.0,,-0.552618,-8.015536,-8.568154,False,False,18,S38,True,14,0.5463,delivery,,,,,,,,,,,,,,,,,,,,,,,,,,,,,,,,,,,,,,,,,,,,,,,,,,,,
50,16,8,1,S38,False,0,0,0,0,10,0,0,0,0,"['B705', 'B477', 'B396', 'B472', 'B566', 'B165', 'B546', 'B633', 'B603', 'B439']",5.0,S66,3.69,10,0,10,0.0,,-0.691825,-7.984995,-8.67682,False,False,18,S55,True,13,0.7003,pickup,,,,,,,,,,,,,,,,,,,,,,,,,,,,,,,,,,,,,,,,,,,,,,,,,,,,
50,16,8,9,S66,False,10,0,10,10,0,0,0,0,0,"['B705', 'B477', 'B396', 'B472', 'B566', 'B165', 'B546', 'B633', 'B603', 'B439']",5.0,S52,3.13,0,0,0,0.0,,-0.57008,-7.893414,-8.463493,True,False,36,S55,True,20,1.2762,delivery,,,,,,,,,,,,,,,,,,,,,,,,,,,,,,,,,,,,,,,,,,,,,,,,,,,,
50,16,8,17,S52,False,0,0,0,0,11,0,0,0,0,"['B649', 'B607', 'B149', 'B22', 'B43', 'B272', 'B414', 'B197', 'B75', 'B175', 'B586']",5.5,S26,7.0,11,0,11,0.0,,-0.393772,-7.931426,-8.325198,True,False,36,S37,True,15,1.2712,pickup,,,,,,,,,,,,,,,,,,,,,,,,,,,,,,,,,,,,,,,,,,,,,,,,,,,,
50,16,8,30,S26,False,11,0,11,11,0,1,0,0,0,"['B649', 'B607', 'B149', 'B22', 'B43', 'B272', 'B414', 'B197', 'B75', 'B175', 'B586']",8.5,S37,7.79,0,0,0,0.0,,-0.549606,-7.767185,-8.316791,True,True,24,S55,True,18,0.699,delivery+onsite,,,,,,,,,,,,,,,,,,,,,,,,,,,,,,,,,,,,,,,,,,,,,,,,,,,,
50,16,8,46,S37,False,0,0,0,0,19,0,0,0,0,"['B508', 'B653', 'B303', 'B171', 'B17', 'B253', 'B634', 'B686', 'B419', 'B727', 'B304', 'B218', 'B148', 'B173', 'B418', 'B580', 'B624', 'B286', 'B474']",9.5,S17,9.71,19,0,19,0.0,,-0.512759,-7.671143,-8.183902,True,False,36,S64,True,26,1.6189,pickup,,,,,,,,,,,,,,,,,,,,,,,,,,,,,,,,,,,,,,,,,,,,,,,,,,,,
50,16,9,5,S17,False,19,0,19,14,0,0,0,0,0,"['B508', 'B653', 'B303', 'B171', 'B17', 'B253', 'B634', 'B686', 'B419', 'B727', 'B304', 'B218', 'B148', 'B173']",7.0,S55,8.57,5,0,5,0.0,,-0.334492,-7.569443,-7.903935,False,False,18,S24,True,14,0.479,delivery,,,,,,,,,,,,,,,,,,,,,,,,,,,,,,,,,,,,,,,,,,,,,,,,,,,,
50,16,9,21,S55,False,5,0,5,0,15,0,0,0,0,"['B374', 'B97', 'B167', 'B4', 'B130', 'B41', 'B115', 'B301', 'B754', 'B111', 'B6', 'B279', 'B471', 'B280', 'B617']",7.5,S42,4.34,20,0,20,0.0,,-0.847757,-7.669048,-8.516805,False,False,12,S42,False,8,0.378,pickup,,,,,,,,,,,,,,,,,,,,,,,,,,,,,,,,,,,,,,,,,,,,,,,,,,,,
50,16,9,33,S42,False,20,0,20,10,0,0,0,0,0,"['B418', 'B580', 'B624', 'B286', 'B474', 'B374', 'B97', 'B167', 'B4', 'B130']",5.0,S50,2.31,10,0,10,0.0,,-0.591458,-7.670095,-8.261553,False,False,18,S50,False,6,0.6163,delivery,,,,,,,,,,,,,,,,,,,,,,,,,,,,,,,,,,,,,,,,,,,,,,,,,,,,
50,16,9,40,S50,False,10,0,10,10,0,0,0,0,0,"['B41', 'B115', 'B301', 'B754', 'B111', 'B6', 'B279', 'B471', 'B280', 'B617']",5.0,S39,10.68,0,0,0,0.0,,-0.589802,-7.387327,-7.977128,True,False,24,S39,False,12,1.1673,delivery,,,,,,,,,,,,,,,,,,,,,,,,,,,,,,,,,,,,,,,,,,,,,,,,,,,,
50,16,9,56,S39,False,0,0,0,0,19,0,0,0,0,"['B231', 'B420', 'B108', 'B445', 'B310', 'B13', 'B262', 'B127', 'B696', 'B73', 'B520', 'B213', 'B440', 'B711', 'B221', 'B609', 'B71', 'B222', 'B60']",9.5,S61,3.98,19,0,19,0.0,,-0.396674,-7.529757,-7.926431,False,False,18,S27,True,15,0.6614,pickup,,,,,,,,,,,,,,,,,,,,,,,,,,,,,,,,,,,,,,,,,,,,,,,,,,,,
50,16,10,9,S61,False,19,0,19,7,0,0,0,0,0,"['B231', 'B420', 'B108', 'B445', 'B310', 'B13', 'B262']",3.5,S46,4.04,12,0,12,0.0,,-0.491889,-7.306011,-7.7979,True,False,36,S34,True,25,1.143,delivery,,,,,,,,,,,,,,,,,,,,,,,,,,,,,,,,,,,,,,,,,,,,,,,,,,,,
50,16,10,17,S46,False,12,0,12,0,8,0,0,0,0,"['B240', 'B203', 'B656', 'B750', 'B328', 'B124', 'B621', 'B327']",4.0,S34,5.06,20,0,20,0.0,,-0.354921,-7.445038,-7.79996,False,False,12,S27,True,6,0.4455,pickup,,,,,,,,,,,,,,,,,,,,,,,,,,,,,,,,,,,,,,,,,,,,,,,,,,,,
50,16,10,26,S34,False,20,0,20,15,0,0,0,0,0,"['B127', 'B696', 'B73', 'B520', 'B213', 'B440', 'B711', 'B221', 'B609', 'B71', 'B222', 'B60', 'B240', 'B203', 'B656']",7.5,S32,4.62,5,0,5,0.0,,-0.117391,-7.24505,-7.362441,False,False,18,S29,True,14,0.9366,delivery,,,,,,,,,,,,,,,,,,,,,,,,,,,,,,,,,,,,,,,,,,,,,,,,,,,,
50,16,10,38,S32,False,5,0,5,0,14,2,1,0,0,"['B651', 'B34', 'B176', 'B505', 'B482', 'B76', 'B245', 'B735', 'B449', 'B241', 'B532', 'B281', 'B115', 'B383', 'B344']",13.5,S29,3.29,19,1,20,0.0,,-0.117341,-7.458345,-7.575686,True,True,108,S27,True,66,4.6362,pickup+maintenance,,,,,,,,,,,,,,,,,,,,,,,,,,,,,,,,,,,,,,,,,,,,,,,,,,,,
50,16,10,55,S29,False,19,1,20,15,0,0,0,0,0,"['B750', 'B328', 'B124', 'B621', 'B327', 'B651', 'B34', 'B176', 'B505', 'B482', 'B76', 'B245', 'B735', 'B449', 'B241']",7.5,S54,1.43,4,1,5,0.0,,-0.334602,-7.524991,-7.859593,False,False,18,S27,True,16,0.8,delivery,,,,,,,,,,,,,,,,,,,,,,,,,,,,,,,,,,,,,,,,,,,,,,,,,,,,
50,16,11,4,S54,False,4,1,5,4,0,0,0,0,0,"['B532', 'B281', 'B115', 'B383']",2.0,S55,0.95,0,1,1,0.0,,-0.53098,-7.565505,-8.096484,True,False,24,S43,True,15,1.2186,delivery,,,,,,,,,,,,,,,,,,,,,,,,,,,,,,,,,,,,,,,,,,,,,,,,,,,,
50,16,11,7,S55,False,0,1,1,0,11,0,0,0,0,"['B738', 'B526', 'B364', 'B759', 'B512', 'B466', 'B27', 'B198', 'B41', 'B615', 'B227']",5.5,S50,3.32,11,1,12,0.0,,-0.531936,-7.489315,-8.021251,True,False,36,S43,True,25,1.787,pickup,,,,,,,,,,,,,,,,,,,,,,,,,,,,,,,,,,,,,,,,,,,,,,,,,,,,
50,16,11,15,S50,False,11,1,12,11,0,0,0,0,0,"['B738', 'B526', 'B364', 'B759', 'B512', 'B466', 'B27', 'B198', 'B41', 'B615', 'B227']",5.5,S57,2.14,0,1,1,0.0,,-0.570631,-7.479369,-8.05,True,False,24,S53,True,15,1.4084,delivery,,,,,,,,,,,,,,,,,,,,,,,,,,,,,,,,,,,,,,,,,,,,,,,,,,,,
50,16,11,23,S57,False,0,1,1,0,2,0,1,0,0,"['B450', 'B459', 'B237']",1.5,S53,4.73,2,2,4,0.0,,-0.592108,-7.317448,-7.909555,True,True,108,S43,True,80,4.7741,pickup+depot_removal,,,,,,,,,,,,,,,,,,,,,,,,,,,,,,,,,,,,,,,,,,,,,,,,,,,,
50,16,11,29,S53,False,2,2,4,0,11,0,1,0,0,"['B258', 'B527', 'B513', 'B522', 'B315', 'B689', 'B666', 'B555', 'B636', 'B463', 'B572', 'B729']",6.0,S54,2.46,13,3,16,0.0,,-0.296055,-7.300544,-7.596599,True,True,36,S61,True,32,1.7254,pickup+depot_removal,,,,,,,,,,,,,,,,,,,,,,,,,,,,,,,,,,,,,,,,,,,,,,,,,,,,
50,16,11,38,S54,False,13,3,16,13,0,0,1,0,0,"['B486', 'B450', 'B459', 'B258', 'B527', 'B513', 'B522', 'B315', 'B689', 'B666', 'B555', 'B636', 'B463', 'B572']",7.0,S44,3.95,0,4,4,0.0,,-0.450794,-7.264698,-7.715492,True,True,36,S44,True,34,1.6516,delivery+depot_removal,,,,,,,,,,,,,,,,,,,,,,,,,,,,,,,,,,,,,,,,,,,,,,,,,,,,
50,16,11,49,S44,False,0,4,4,0,11,0,0,0,0,"['B477', 'B607', 'B493', 'B86', 'B452', 'B643', 'B509', 'B6', 'B762', 'B472', 'B101']",5.5,S52,0.83,11,4,15,0.0,,-0.530433,-7.258842,-7.789275,False,False,18,S43,True,7,0.7993,pickup,,,,,,,,,,,,,,,,,,,,,,,,,,,,,,,,,,,,,,,,,,,,,,,,,,,,
50,16,11,55,S52,False,11,4,15,0,5,1,0,0,0,"['B42', 'B84', 'B36', 'B479', 'B7']",5.5,S20,10.6,16,4,20,0.0,,-0.591156,-7.248561,-7.839717,True,True,24,S24,True,21,0.9586,pickup+onsite,,,,,,,,,,,,,,,,,,,,,,,,,,,,,,,,,,,,,,,,,,,,,,,,,,,,
50,16,12,11,S20,False,16,4,20,9,0,0,0,0,0,"['B477', 'B607', 'B493', 'B86', 'B452', 'B643', 'B509', 'B6', 'B762']",4.5,S27,7.56,7,4,11,0.0,,-0.489593,-7.379318,-7.86891,True,False,60,S22,True,13,2.4853,delivery,,,,,,,,,,,,,,,,,,,,,,,,,,,,,,,,,,,,,,,,,,,,,,,,,,,,
50,16,12,23,S27,False,7,4,11,7,0,0,0,0,0,"['B472', 'B101', 'B42', 'B84', 'B36', 'B479', 'B7']",3.5,S32,5.96,0,4,4,0.0,,-0.432414,-7.328646,-7.761059,False,False,12,S32,False,9,0.6292,delivery,,,,,,,,,,,,,,,,,,,,,,,,,,,,,,,,,,,,,,,,,,,,,,,,,,,,
50,16,12,33,S32,False,0,4,4,0,8,0,0,0,0,"['B183', 'B121', 'B453', 'B562', 'B231', 'B730', 'B141', 'B569']",4.0,S22,10.82,8,4,12,0.0,,-0.334346,-7.289106,-7.623452,False,False,18,S35,True,7,1.1211,pickup,,,,,,,,,,,,,,,,,,,,,,,,,,,,,,,,,,,,,,,,,,,,,,,,,,,,
50,16,12,47,S22,False,8,4,12,8,0,0,3,0,0,"['B266', 'B480', 'B350', 'B183', 'B121', 'B453', 'B562', 'B231', 'B730', 'B141', 'B569']",5.5,S23,1.6,0,7,7,0.0,,-0.689773,-7.460388,-8.15016,True,True,48,S23,True,42,2.9082,delivery+depot_removal,,,,,,,,,,,,,,,,,,,,,,,,,,,,,,,,,,,,,,,,,,,,,,,,,,,,
50,16,12,55,S23,False,0,7,7,0,4,0,1,0,0,"['B434', 'B256', 'B399', 'B51', 'B387']",2.5,S36,12.13,4,8,12,0.0,,-0.553259,-7.336173,-7.889432,True,True,72,S10,True,31,4.0001,pickup+depot_removal,,,,,,,,,,,,,,,,,,,,,,,,,,,,,,,,,,,,,,,,,,,,,,,,,,,,
50,16,13,9,S36,False,4,8,12,4,0,1,0,0,0,"['B434', 'B256', 'B399', 'B51']",5.0,S66,7.48,0,8,8,0.0,,-0.587953,-7.332991,-7.920944,True,True,108,S65,True,73,4.3638,delivery+onsite,,,,,,,,,,,,,,,,,,,,,,,,,,,,,,,,,,,,,,,,,,,,,,,,,,,,
50,16,13,22,S66,False,0,8,8,0,9,0,0,0,0,"['B353', 'B291', 'B687', 'B598', 'B763', 'B205', 'B48', 'B315', 'B104']",4.5,S54,5.58,9,8,17,0.0,,-0.650226,-7.239651,-7.889878,True,False,54,S31,True,38,2.0831,pickup,,,,,,,,,,,,,,,,,,,,,,,,,,,,,,,,,,,,,,,,,,,,,,,,,,,,
50,16,13,32,S54,False,9,8,17,9,0,0,0,0,0,"['B353', 'B291', 'B687', 'B598', 'B763', 'B205', 'B48', 'B315', 'B104']",4.5,S48,6.34,0,8,8,0.0,,-0.570672,-7.379084,-7.949756,False,False,12,S65,True,7,0.427,delivery,,,,,,,,,,,,,,,,,,,,,,,,,,,,,,,,,,,,,,,,,,,,,,,,,,,,
50,16,13,43,S48,False,0,8,8,0,11,0,0,0,0,"['B736', 'B164', 'B580', 'B219', 'B475', 'B168', 'B675', 'B238', 'B232', 'B226', 'B323']",5.5,S55,5.56,11,8,19,0.0,,-1.063727,-7.517116,-8.580844,False,False,18,S36,True,7,0.6076,pickup,,,,,,,,,,,,,,,,,,,,,,,,,,,,,,,,,,,,,,,,,,,,,,,,,,,,
50,16,13,54,S55,False,11,8,19,0,0,1,0,0,0,[],3.0,S26,6.67,11,8,19,0.0,,-1.18176,-7.593137,-8.774897,True,True,24,S57,True,7,1.1348,do_nothing+onsite,,,,,,,,,,,,,,,,,,,,,,,,,,,,,,,,,,,,,,,,,,,,,,,,,,,,
50,16,14,3,S26,False,11,8,19,11,0,0,0,0,0,"['B736', 'B164', 'B580', 'B219', 'B475', 'B168', 'B675', 'B238', 'B232', 'B226', 'B323']",5.5,S31,6.02,0,8,8,0.0,,-1.337498,-7.7788,-9.116299,False,False,12,S41,True,6,0.5258,delivery,,,,,,,,,,,,,,,,,,,,,,,,,,,,,,,,,,,,,,,,,,,,,,,,,,,,
50,16,14,15,S31,False,0,8,8,0,12,0,0,0,0,"['B279', 'B410', 'B126', 'B551', 'B307', 'B601', 'B668', 'B550', 'B258', 'B483', 'B749', 'B557']",6.0,S29,6.48,12,8,20,0.0,,-1.615617,-7.825513,-9.441131,True,False,24,S27,True,20,1.0965,pickup,,,,,,,,,,,,,,,,,,,,,,,,,,,,,,,,,,,,,,,,,,,,,,,,,,,,
50,16,14,27,S29,False,12,8,20,12,0,0,0,0,0,"['B279', 'B410', 'B126', 'B551', 'B307', 'B601', 'B668', 'B550', 'B258', 'B483', 'B749', 'B557']",6.0,S41,7.7,0,8,8,0.0,,-1.125834,-7.579244,-8.705078,False,False,12,S27,True,6,0.5563,delivery,,,,,,,,,,,,,,,,,,,,,,,,,,,,,,,,,,,,,,,,,,,,,,,,,,,,
50,16,14,41,S41,False,0,8,8,0,0,0,1,0,0,['B250'],0.5,S30,0.92,0,9,9,0.0,,-0.927309,-7.794408,-8.721718,True,True,54,S39,True,7,1.9106,do_nothing+depot_removal,,,,,,,,,,,,,,,,,,,,,,,,,,,,,,,,,,,,,,,,,,,,,,,,,,,,
50,16,14,42,S30,False,0,9,9,0,8,0,0,0,0,"['B473', 'B617', 'B347', 'B449', 'B636', 'B318', 'B646', 'B135']",4.0,S64,2.73,8,9,17,0.0,,-1.142562,-7.826092,-8.968654,True,False,36,S41,True,14,1.5314,pickup,,,,,,,,,,,,,,,,,,,,,,,,,,,,,,,,,,,,,,,,,,,,,,,,,,,,
50,16,14,49,S64,False,8,9,17,8,0,1,0,0,0,"['B473', 'B617', 'B347', 'B449', 'B636', 'B318', 'B646', 'B135']",7.0,S41,1.81,0,9,9,0.0,,-0.691734,-7.532434,-8.224168,True,True,48,S65,True,36,2.2098,delivery+onsite,,,,,,,,,,,,,,,,,,,,,,,,,,,,,,,,,,,,,,,,,,,,,,,,,,,,
50,16,14,58,S41,False,0,9,9,0,11,0,0,0,0,"['B651', 'B169', 'B200', 'B619', 'B525', 'B516', 'B520', 'B262', 'B340', 'B466', 'B515']",5.5,S54,6.96,11,9,20,0.0,,-0.826836,-7.755911,-8.582747,True,False,36,S39,True,20,1.6733,pickup,,,,,,,,,,,,,,,,,,,,,,,,,,,,,,,,,,,,,,,,,,,,,,,,,,,,
50,16,15,10,S54,False,11,9,20,11,0,0,0,0,0,"['B651', 'B169', 'B200', 'B619', 'B525', 'B516', 'B520', 'B262', 'B340', 'B466', 'B515']",5.5,S37,4.98,0,9,9,0.0,,-1.321783,-7.844855,-9.166638,False,False,12,S27,True,7,0.7397,delivery,,,,,,,,,,,,,,,,,,,,,,,,,,,,,,,,,,,,,,,,,,,,,,,,,,,,
50,16,15,21,S37,False,0,9,9,0,11,0,0,0,0,"['B420', 'B669', 'B227', 'B379', 'B742', 'B257', 'B374', 'B111', 'B104', 'B19', 'B549']",5.5,S39,3.55,11,9,20,0.0,,-0.768113,-7.770421,-8.538533,True,False,72,S65,True,36,2.5171,pickup,,,,,,,,,,,,,,,,,,,,,,,,,,,,,,,,,,,,,,,,,,,,,,,,,,,,
50,16,15,30,S39,False,11,9,20,11,0,0,0,0,0,"['B420', 'B669', 'B227', 'B379', 'B742', 'B257', 'B374', 'B111', 'B104', 'B19', 'B549']",5.5,S65,5.08,0,9,9,0.0,,-1.044545,-7.849237,-8.893782,False,False,12,S27,True,8,0.4826,delivery,,,,,,,,,,,,,,,,,,,,,,,,,,,,,,,,,,,,,,,,,,,,,,,,,,,,
50,16,15,41,S65,False,0,9,9,0,11,0,0,0,0,"['B46', 'B766', 'B299', 'B191', 'B217', 'B355', 'B255', 'B489', 'B498', 'B33', 'B79']",5.5,S55,9.08,11,9,20,0.0,,-1.026872,-8.001832,-9.028704,False,False,12,S27,True,9,0.3559,pickup,,,,,,,,,,,,,,,,,,,,,,,,,,,,,,,,,,,,,,,,,,,,,,,,,,,,
50,16,15,55,S55,False,11,9,20,11,0,0,0,0,0,"['B46', 'B766', 'B299', 'B191', 'B217', 'B355', 'B255', 'B489', 'B498', 'B33', 'B79']",5.5,S57,2.57,0,9,9,0.0,,-0.67135,-8.037645,-8.708995,False,False,12,S42,True,9,0.4199,delivery,,,,,,,,,,,,,,,,,,,,,,,,,,,,,,,,,,,,,,,,,,,,,,,,,,,,
50,16,16,3,S57,False,0,9,9,0,11,2,0,0,0,"['B317', 'B16', 'B142', 'B14', 'B596', 'B441', 'B524', 'B657', 'B453', 'B51', 'B759']",11.5,S42,1.83,11,9,20,0.0,,-0.531486,-8.089401,-8.620887,True,True,54,S22,True,51,2.4119,pickup+onsite,,,,,,,,,,,,,,,,,,,,,,,,,,,,,,,,,,,,,,,,,,,,,,,,,,,,
50,16,16,17,S42,False,11,9,20,11,0,0,0,0,0,"['B317', 'B16', 'B142', 'B14', 'B596', 'B441', 'B524', 'B657', 'B453', 'B51', 'B759']",5.5,S41,10.8,0,9,9,0.0,,-0.967753,-8.170678,-9.138431,False,False,12,S43,True,8,0.4815,delivery,,,,,,,,,,,,,,,,,,,,,,,,,,,,,,,,,,,,,,,,,,,,,,,,,,,,
50,16,16,33,S41,False,0,9,9,0,0,0,0,0,0,[],0.0,S61,2.24,0,9,9,0.0,,-1.20419,-8.179641,-9.38383,True,False,36,S47,True,3,1.2986,do_nothing,,,,,,,,,,,,,,,,,,,,,,,,,,,,,,,,,,,,,,,,,,,,,,,,,,,,
50,16,16,35,S61,False,0,9,9,0,7,0,0,0,0,"['B206', 'B221', 'B325', 'B5', 'B205', 'B601', 'B141']",3.5,S26,6.04,7,9,16,0.0,,-1.242179,-8.095244,-9.337423,True,False,36,S60,True,12,1.1885,pickup,,,,,,,,,,,,,,,,,,,,,,,,,,,,,,,,,,,,,,,,,,,,,,,,,,,,
50,16,16,45,S26,False,7,9,16,7,0,0,0,0,0,"['B206', 'B221', 'B325', 'B5', 'B205', 'B601', 'B141']",3.5,S41,6.65,0,9,9,0.0,,-1.143364,-8.127619,-9.270984,False,False,12,S41,False,6,0.5941,delivery,,,,,,,,,,,,,,,,,,,,,,,,,,,,,,,,,,,,,,,,,,,,,,,,,,,,
50,16,16,55,S41,False,0,9,9,0,11,1,0,0,0,"['B563', 'B583', 'B488', 'B703', 'B456', 'B744', 'B267', 'B529', 'B360', 'B3', 'B124']",8.5,S27,3.14,11,9,20,0.0,,-1.027022,-8.132429,-9.159452,True,True,36,S49,True,26,1.3131,pickup+onsite,,,,,,,,,,,,,,,,,,,,,,,,,,,,,,,,,,,,,,,,,,,,,,,,,,,,
50,16,17,6,S27,False,11,9,20,11,0,0,0,0,0,"['B563', 'B583', 'B488', 'B703', 'B456', 'B744', 'B267', 'B529', 'B360', 'B3', 'B124']",5.5,S60,3.14,0,9,9,0.0,,-0.887506,-8.162687,-9.050192,False,False,12,S51,True,6,1.264,delivery,,,,,,,,,,,,,,,,,,,,,,,,,,,,,,,,,,,,,,,,,,,,,,,,,,,,
50,16,17,15,S60,False,0,9,9,0,11,0,0,0,0,"['B692', 'B197', 'B49', 'B597', 'B731', 'B137', 'B264', 'B253', 'B634', 'B465', 'B747']",5.5,S51,7.5,11,9,20,0.0,,-0.571228,-8.056606,-8.627834,False,False,12,S4,True,7,0.8098,pickup,,,,,,,,,,,,,,,,,,,,,,,,,,,,,,,,,,,,,,,,,,,,,,,,,,,,
50,16,17,28,S51,False,11,9,20,11,0,0,2,0,0,"['B507', 'B491', 'B692', 'B197', 'B49', 'B597', 'B731', 'B137', 'B264', 'B253', 'B634', 'B465', 'B747']",6.5,S47,9.57,0,11,11,0.0,,-0.708543,-7.962692,-8.671234,True,True,30,S43,True,19,1.8329,delivery+depot_removal,,,,,,,,,,,,,,,,,,,,,,,,,,,,,,,,,,,,,,,,,,,,,,,,,,,,
50,16,17,44,S47,False,0,11,11,0,9,1,0,0,0,"['B683', 'B45', 'B548', 'B208', 'B391', 'B722', 'B53', 'B276', 'B244']",7.5,S35,11.02,9,11,20,0.0,,-0.434065,-7.904938,-8.339003,True,True,24,S35,True,18,1.2313,pickup+onsite,,,,,,,,,,,,,,,,,,,,,,,,,,,,,,,,,,,,,,,,,,,,,,,,,,,,
50,16,18,3,S35,False,9,11,20,9,0,0,0,0,0,"['B683', 'B45', 'B548', 'B208', 'B391', 'B722', 'B53', 'B276', 'B244']",4.5,S31,8.41,0,11,11,0.0,,-0.198235,-7.903916,-8.102151,True,False,72,S20,True,18,2.9313,delivery,,,,,,,,,,,,,,,,,,,,,,,,,,,,,,,,,,,,,,,,,,,,,,,,,,,,
50,16,18,16,S31,False,0,11,11,0,9,0,0,0,0,"['B254', 'B139', 'B720', 'B650', 'B357', 'B310', 'B414', 'B160', 'B564']",4.5,S49,2.89,9,11,20,0.0,,-0.158087,-7.895568,-8.053655,True,False,24,S49,False,18,0.7121,pickup,,,,,,,,,,,,,,,,,,,,,,,,,,,,,,,,,,,,,,,,,,,,,,,,,,,,
50,16,18,23,S49,False,9,11,20,9,0,0,0,0,0,"['B254', 'B139', 'B720', 'B650', 'B357', 'B310', 'B414', 'B160', 'B564']",4.5,S6,10.6,0,11,11,0.0,,-0.216908,-7.881231,-8.098138,False,False,12,S38,True,10,0.4654,delivery,,,,,,,,,,,,,,,,,,,,,,,,,,,,,,,,,,,,,,,,,,,,,,,,,,,,
50,16,18,38,S6,False,0,11,11,0,9,0,0,0,0,"['B392', 'B248', 'B704', 'B346', 'B354', 'B693', 'B644', 'B728', 'B321']",4.5,S8,18.18,9,11,20,0.0,,-0.117741,-7.862677,-7.980418,False,False,12,S41,True,8,0.3934,pickup,,,,,,,,,,,,,,,,,,,,,,,,,,,,,,,,,,,,,,,,,,,,,,,,,,,,
50,16,19,1,S8,False,9,11,20,9,0,0,0,0,0,"['B392', 'B248', 'B704', 'B346', 'B354', 'B693', 'B644', 'B728', 'B321']",4.5,S62,13.2,0,11,11,0.0,,-0.296753,-7.693803,-7.990556,True,False,48,S1,True,12,3.8381,delivery,,,,,,,,,,,,,,,,,,,,,,,,,,,,,,,,,,,,,,,,,,,,,,,,,,,,
50,16,19,18,S62,False,0,11,11,0,9,0,0,0,0,"['B748', 'B642', 'B102', 'B688', 'B353', 'B46', 'B86', 'B402', 'B763']",4.5,S37,2.6,9,11,20,0.0,,-0.039196,-7.685263,-7.72446,True,False,24,S37,False,18,1.123,pickup,,,,,,,,,,,,,,,,,,,,,,,,,,,,,,,,,,,,,,,,,,,,,,,,,,,,
50,16,19,26,S37,False,9,11,20,9,0,1,0,0,0,"['B748', 'B642', 'B102', 'B688', 'B353', 'B46', 'B86', 'B402', 'B763']",7.5,S3,5.7,0,11,11,0.0,,-0.178712,-7.62699,-7.805702,True,True,48,S4,True,34,1.8398,delivery+onsite,,,,,,,,,,,,,,,,,,,,,,,,,,,,,,,,,,,,,,,,,,,,,,,,,,,,
50,16,19,39,S3,False,0,11,11,0,0,0,0,0,0,[],0.0,S63,4.02,0,11,11,0.0,,-0.099168,-7.743452,-7.84262,True,False,21,S33,True,1,0.7089,do_nothing,,,,,,,,,,,,,,,,,,,,,,,,,,,,,,,,,,,,,,,,,,,,,,,,,,,,
50,16,19,43,S63,False,0,11,11,0,9,0,0,0,0,"['B143', 'B72', 'B399', 'B306', 'B572', 'B63', 'B304', 'B262', 'B661']",4.5,S44,0.47,9,11,20,0.0,,-0.177316,-7.838385,-8.0157,True,False,28,S33,True,25,1.0976,pickup,,,,,,,,,,,,,,,,,,,,,,,,,,,,,,,,,,,,,,,,,,,,,,,,,,,,
50,16,19,48,S44,False,9,11,20,9,0,0,0,0,0,"['B143', 'B72', 'B399', 'B306', 'B572', 'B63', 'B304', 'B262', 'B661']",4.5,D0,1.67,0,11,11,0.0,,-0.255354,-7.803503,-8.058857,False,False,2,D0,False,1,0.0548,delivery,,,,,,,,,,,,,,,,,,,,,,,,,,,,,,,,,,,,,,,,,,,,,,,,,,,,
50,16,19,54,D0,True,0,11,11,0,0,0,0,11,0,"['B344', 'B237', 'B729', 'B486', 'B266', 'B480', 'B350', 'B387', 'B250', 'B507', 'B491']",5.5,D0,0.0,0,0,0,0.0,,-0.157786,-7.777541,-7.935327,True,True,1,D0,False,0,0.03,do_nothing,,,,,,,,,,,,,,,,,,,,,,,,,,,,,,,,,,,,,,,,,,,,,,,,,,,,
50,17,6,14,D0,True,0,0,0,0,0,0,0,0,8,"['B136', 'B311', 'B132', 'B98', 'B702', 'B74', 'B95', 'B334']",4.0,S65,3.15,8,0,8,0.0,,-2.168964,-8.351477,-10.52044,True,True,5,S60,True,4,0.1253,load_queue,,,,,,,,,,,,,,,,,,,,,,,,,,,,,,,,,,,,,,,,,,,,,,,,,,,,
50,17,6,37,S65,False,8,0,8,8,0,0,0,0,0,"['B136', 'B311', 'B132', 'B98', 'B702', 'B74', 'B95', 'B334']",4.0,S63,7.4,0,0,0,0.0,,-2.211129,-8.388649,-10.599777,False,False,12,S46,True,8,0.3572,delivery,,,,,,,,,,,,,,,,,,,,,,,,,,,,,,,,,,,,,,,,,,,,,,,,,,,,
50,17,6,48,S63,False,0,0,0,0,13,0,0,0,0,"['B33', 'B411', 'B225', 'B363', 'B554', 'B524', 'B335', 'B594', 'B598', 'B43', 'B698', 'B188', 'B419']",6.5,S46,1.02,13,0,13,0.0,,-2.232467,-8.371906,-10.604373,True,False,108,S60,True,72,3.5472,pickup,,,,,,,,,,,,,,,,,,,,,,,,,,,,,,,,,,,,,,,,,,,,,,,,,,,,
50,17,6,55,S46,False,13,0,13,0,7,0,0,0,0,"['B516', 'B234', 'B515', 'B383', 'B258', 'B612', 'B381']",3.5,S12,5.14,20,0,20,0.0,,-1.65658,-8.369764,-10.026344,False,False,12,S12,False,8,0.3872,pickup,,,,,,,,,,,,,,,,,,,,,,,,,,,,,,,,,,,,,,,,,,,,,,,,,,,,
50,17,7,4,S12,False,20,0,20,19,0,0,0,0,0,"['B33', 'B411', 'B225', 'B363', 'B554', 'B524', 'B335', 'B594', 'B598', 'B43', 'B698', 'B188', 'B419', 'B516', 'B234', 'B515', 'B383', 'B258', 'B612']",9.5,S35,9.87,1,0,1,0.0,,-1.401764,-8.270165,-9.671929,False,False,18,S15,True,9,1.0311,delivery,,,,,,,,,,,,,,,,,,,,,,,,,,,,,,,,,,,,,,,,,,,,,,,,,,,,
50,17,7,23,S35,False,1,0,1,0,0,0,3,0,0,"['B578', 'B269', 'B687']",1.5,S55,3.04,1,3,4,0.0,,-0.788039,-8.227694,-9.015733,True,True,216,S55,True,18,8.3602,do_nothing+depot_removal,,,,,,,,,,,,,,,,,,,,,,,,,,,,,,,,,,,,,,,,,,,,,,,,,,,,
50,17,7,28,S55,False,1,3,4,0,16,0,0,0,0,"['B172', 'B245', 'B738', 'B633', 'B498', 'B75', 'B253', 'B568', 'B405', 'B635', 'B699', 'B481', 'B149', 'B196', 'B485', 'B757']",8.0,S66,6.13,17,3,20,0.0,,-1.342349,-8.207427,-9.549776,False,False,12,S51,True,7,0.4644,pickup,,,,,,,,,,,,,,,,,,,,,,,,,,,,,,,,,,,,,,,,,,,,,,,,,,,,
50,17,7,42,S66,False,17,3,20,0,0,2,0,0,0,[],6.0,S15,3.2,17,3,20,0.0,,-0.927849,-8.166183,-9.094033,True,True,54,S15,False,12,2.2476,do_nothing+onsite,,,,,,,,,,,,,,,,,,,,,,,,,,,,,,,,,,,,,,,,,,,,,,,,,,,,
50,17,7,51,S15,False,17,3,20,17,0,0,0,0,0,"['B381', 'B172', 'B245', 'B738', 'B633', 'B498', 'B75', 'B253', 'B568', 'B405', 'B635', 'B699', 'B481', 'B149', 'B196', 'B485', 'B757']",8.5,S52,4.21,0,3,3,0.0,,-0.965401,-8.253278,-9.218678,False,False,12,S33,True,9,0.6571,delivery,,,,,,,,,,,,,,,,,,,,,,,,,,,,,,,,,,,,,,,,,,,,,,,,,,,,
50,17,8,4,S52,False,0,3,3,0,10,0,0,0,0,"['B2', 'B252', 'B452', 'B203', 'B582', 'B746', 'B493', 'B20', 'B653', 'B389']",5.0,S54,3.81,10,3,13,0.0,,-1.024566,-8.207545,-9.232111,False,False,18,S33,True,14,0.6839,pickup,,,,,,,,,,,,,,,,,,,,,,,,,,,,,,,,,,,,,,,,,,,,,,,,,,,,
50,17,8,13,S54,False,10,3,13,0,7,0,0,0,0,"['B39', 'B315', 'B630', 'B299', 'B517', 'B51', 'B731']",3.5,S66,5.58,17,3,20,0.0,,-0.808571,-8.218519,-9.02709,True,False,24,S51,True,19,0.8781,pickup,,,,,,,,,,,,,,,,,,,,,,,,,,,,,,,,,,,,,,,,,,,,,,,,,,,,
50,17,8,22,S66,False,17,3,20,16,0,0,0,0,0,"['B2', 'B252', 'B452', 'B203', 'B582', 'B746', 'B493', 'B20', 'B653', 'B389', 'B39', 'B315', 'B630', 'B299', 'B517', 'B51']",8.0,S33,3.23,1,3,4,0.0,,-0.628806,-8.141328,-8.770134,False,False,18,S26,True,7,0.7381,delivery,,,,,,,,,,,,,,,,,,,,,,,,,,,,,,,,,,,,,,,,,,,,,,,,,,,,
50,17,8,33,S33,False,1,3,4,0,16,0,0,0,0,"['B423', 'B592', 'B233', 'B660', 'B133', 'B689', 'B317', 'B427', 'B123', 'B298', 'B286', 'B166', 'B97', 'B605', 'B537', 'B429']",8.0,S58,2.58,17,3,20,0.0,,-0.571885,-8.162545,-8.734431,True,False,30,S34,True,28,1.8313,pickup,,,,,,,,,,,,,,,,,,,,,,,,,,,,,,,,,,,,,,,,,,,,,,,,,,,,
50,17,8,44,S58,False,17,3,20,7,0,1,0,0,0,"['B731', 'B423', 'B592', 'B233', 'B660', 'B133', 'B689']",6.5,S64,2.1,10,3,13,0.0,,-0.589357,-8.060946,-8.650302,True,True,36,S26,True,31,1.7384,delivery+onsite,,,,,,,,,,,,,,,,,,,,,,,,,,,,,,,,,,,,,,,,,,,,,,,,,,,,
50,17,8,52,S64,False,10,3,13,0,7,0,0,0,0,"['B503', 'B414', 'B222', 'B160', 'B700', 'B243', 'B408']",3.5,S26,7.31,17,3,20,0.0,,-0.630297,-7.922882,-8.553179,True,False,18,S26,False,12,0.8321,pickup,,,,,,,,,,,,,,,,,,,,,,,,,,,,,,,,,,,,,,,,,,,,,,,,,,,,
50,17,9,3,S26,False,17,3,20,17,0,0,0,0,0,"['B317', 'B427', 'B123', 'B298', 'B286', 'B166', 'B97', 'B605', 'B537', 'B429', 'B503', 'B414', 'B222', 'B160', 'B700', 'B243', 'B408']",8.5,S10,4.67,0,3,3,0.0,,-0.692723,-7.958976,-8.651699,False,False,12,S60,True,10,0.4183,delivery,,,,,,,,,,,,,,,,,,,,,,,,,,,,,,,,,,,,,,,,,,,,,,,,,,,,
50,17,9,16,S10,False,0,3,3,0,7,0,0,0,0,"['B69', 'B144', 'B688', 'B10', 'B758', 'B224', 'B461']",3.5,S52,4.51,7,3,10,0.0,,-0.709443,-7.963458,-8.672901,True,False,36,S37,True,14,1.7596,pickup,,,,,,,,,,,,,,,,,,,,,,,,,,,,,,,,,,,,,,,,,,,,,,,,,,,,
50,17,9,24,S52,False,7,3,10,7,0,0,0,0,0,"['B69', 'B144', 'B688', 'B10', 'B758', 'B224', 'B461']",3.5,S46,2.06,0,3,3,0.0,,-0.549106,-8.016261,-8.565367,False,False,12,S60,True,10,0.5051,delivery,,,,,,,,,,,,,,,,,,,,,,,,,,,,,,,,,,,,,,,,,,,,,,,,,,,,
50,17,9,30,S46,False,0,3,3,0,0,0,0,0,0,[],0.0,S44,1.44,0,3,3,0.0,,-0.807356,-8.007893,-8.815249,False,False,18,S37,True,4,0.9299,do_nothing,,,,,,,,,,,,,,,,,,,,,,,,,,,,,,,,,,,,,,,,,,,,,,,,,,,,
50,17,9,31,S44,False,0,3,3,0,9,0,0,0,0,"['B304', 'B262', 'B661', 'B457', 'B82', 'B248', 'B444', 'B607', 'B471']",4.5,S37,1.36,9,3,12,0.0,,-0.648627,-7.971032,-8.619658,False,False,18,S37,False,12,0.9694,pickup,,,,,,,,,,,,,,,,,,,,,,,,,,,,,,,,,,,,,,,,,,,,,,,,,,,,
50,17,9,37,S37,False,9,3,12,0,8,0,0,0,0,"['B239', 'B361', 'B639', 'B302', 'B180', 'B90', 'B108', 'B1']",4.0,S34,5.37,17,3,20,0.0,,-0.532781,-7.898321,-8.431102,True,False,24,S29,True,19,0.8861,pickup,,,,,,,,,,,,,,,,,,,,,,,,,,,,,,,,,,,,,,,,,,,,,,,,,,,,
50,17,9,47,S34,False,17,3,20,14,0,0,0,0,0,"['B304', 'B262', 'B661', 'B457', 'B82', 'B248', 'B444', 'B607', 'B471', 'B239', 'B361', 'B639', 'B302', 'B180']",7.0,S17,5.09,3,3,6,0.0,,-0.670443,-7.891049,-8.561492,False,False,18,S29,True,15,0.7499,delivery,,,,,,,,,,,,,,,,,,,,,,,,,,,,,,,,,,,,,,,,,,,,,,,,,,,,
50,17,9,59,S17,False,3,3,6,3,0,0,0,0,0,"['B90', 'B108', 'B1']",1.5,S63,9.98,0,3,3,0.0,,-1.064575,-7.940501,-9.005076,False,False,12,S60,True,6,0.5825,delivery,,,,,,,,,,,,,,,,,,,,,,,,,,,,,,,,,,,,,,,,,,,,,,,,,,,,
50,17,10,10,S63,False,0,3,3,0,12,1,1,0,0,"['B96', 'B476', 'B624', 'B208', 'B528', 'B143', 'B520', 'B632', 'B271', 'B25', 'B0', 'B764', 'B523']",9.5,S29,5.25,12,4,16,0.0,,-0.45349,-7.904098,-8.357588,True,True,108,S60,True,96,3.9012,pickup+maintenance,,,,,,,,,,,,,,,,,,,,,,,,,,,,,,,,,,,,,,,,,,,,,,,,,,,,
50,17,10,25,S29,False,12,4,16,12,0,0,0,0,0,"['B96', 'B476', 'B624', 'B208', 'B528', 'B143', 'B520', 'B632', 'B271', 'B25', 'B0', 'B764']",6.0,S46,4.73,0,4,4,0.0,,-0.412495,-7.811673,-8.224168,True,False,24,S18,True,12,0.9373,delivery,,,,,,,,,,,,,,,,,,,,,,,,,,,,,,,,,,,,,,,,,,,,,,,,,,,,
50,17,10,36,S46,False,0,4,4,0,0,0,0,0,0,[],0.0,S54,3.3,0,4,4,0.0,,-0.334054,-7.902603,-8.236657,False,False,18,S60,True,3,0.6486,do_nothing,,,,,,,,,,,,,,,,,,,,,,,,,,,,,,,,,,,,,,,,,,,,,,,,,,,,
50,17,10,39,S54,False,0,4,4,0,10,0,2,0,0,"['B441', 'B593', 'B88', 'B394', 'B656', 'B536', 'B305', 'B498', 'B336', 'B524', 'B199', 'B15']",6.0,S20,12.09,10,6,16,0.0,,-0.393523,-7.755781,-8.149304,True,True,54,S60,True,52,2.6485,pickup+depot_removal,,,,,,,,,,,,,,,,,,,,,,,,,,,,,,,,,,,,,,,,,,,,,,,,,,,,
50,17,10,57,S20,False,10,6,16,0,0,1,0,0,0,[],3.0,S29,12.12,10,6,16,0.0,,-0.45299,-7.906715,-8.359705,True,True,48,S18,True,14,3.541,do_nothing+onsite,,,,,,,,,,,,,,,,,,,,,,,,,,,,,,,,,,,,,,,,,,,,,,,,,,,,
50,17,11,12,S29,False,10,6,16,0,0,0,0,0,0,[],0.0,S22,10.18,10,6,16,0.0,,-0.570932,-7.726387,-8.29732,True,False,24,S0,True,0,1.1439,do_nothing,,,,,,,,,,,,,,,,,,,,,,,,,,,,,,,,,,,,,,,,,,,,,,,,,,,,
50,17,11,22,S22,False,10,6,16,10,0,0,0,0,0,"['B441', 'B593', 'B88', 'B394', 'B656', 'B536', 'B305', 'B498', 'B336', 'B524']",5.0,S16,8.42,0,6,6,0.0,,-0.373994,-7.735341,-8.109336,False,False,12,S16,False,8,0.4214,delivery,,,,,,,,,,,,,,,,,,,,,,,,,,,,,,,,,,,,,,,,,,,,,,,,,,,,
50,17,11,36,S16,False,0,6,6,0,10,1,0,0,0,"['B102', 'B542', 'B667', 'B697', 'B352', 'B28', 'B582', 'B649', 'B493', 'B20']",8.0,S20,11.61,10,6,16,0.0,,-0.394122,-7.676273,-8.070395,True,True,36,S3,True,22,1.8081,pickup+onsite,,,,,,,,,,,,,,,,,,,,,,,,,,,,,,,,,,,,,,,,,,,,,,,,,,,,
50,17,11,55,S20,False,10,6,16,10,0,0,1,0,0,"['B431', 'B102', 'B542', 'B667', 'B697', 'B352', 'B28', 'B582', 'B649', 'B493', 'B20']",5.5,S41,6.82,0,7,7,0.0,,-0.372997,-7.782501,-8.155498,True,True,24,S60,True,20,0.8938,delivery+depot_removal,,,,,,,,,,,,,,,,,,,,,,,,,,,,,,,,,,,,,,,,,,,,,,,,,,,,
50,17,12,8,S41,False,0,7,7,0,12,0,0,0,0,"['B502', 'B702', 'B290', 'B415', 'B80', 'B323', 'B75', 'B385', 'B92', 'B564', 'B630', 'B126']",6.0,S29,7.7,12,7,19,0.0,,-0.374597,-7.672241,-8.046838,True,False,54,S60,True,18,2.3066,pickup,,,,,,,,,,,,,,,,,,,,,,,,,,,,,,,,,,,,,,,,,,,,,,,,,,,,
50,17,12,21,S29,False,12,7,19,12,0,0,0,0,0,"['B502', 'B702', 'B290', 'B415', 'B80', 'B323', 'B75', 'B385', 'B92', 'B564', 'B630', 'B126']",6.0,S0,5.36,0,7,7,0.0,,-0.647377,-7.726775,-8.374152,True,False,24,S18,True,14,1.1269,delivery,,,,,,,,,,,,,,,,,,,,,,,,,,,,,,,,,,,,,,,,,,,,,,,,,,,,
50,17,12,33,S0,False,0,7,7,0,8,0,1,0,0,"['B487', 'B230', 'B579', 'B446', 'B513', 'B581', 'B343', 'B466', 'B739']",4.5,S54,6.35,8,8,16,0.0,,-1.064118,-7.925709,-8.989827,True,True,54,S18,True,24,2.7799,pickup+depot_removal,,,,,,,,,,,,,,,,,,,,,,,,,,,,,,,,,,,,,,,,,,,,,,,,,,,,
50,17,12,44,S54,False,8,8,16,8,0,0,0,0,0,"['B487', 'B230', 'B579', 'B446', 'B513', 'B581', 'B343', 'B466']",4.0,S18,5.81,0,8,8,0.0,,-0.844208,-7.961608,-8.805816,False,False,12,S18,False,6,0.6917,delivery,,,,,,,,,,,,,,,,,,,,,,,,,,,,,,,,,,,,,,,,,,,,,,,,,,,,
50,17,12,53,S18,False,0,8,8,0,12,0,0,0,0,"['B562', 'B533', 'B22', 'B447', 'B159', 'B539', 'B42', 'B755', 'B606', 'B93', 'B63', 'B412']",6.0,S44,2.71,12,8,20,0.0,,-0.590053,-7.830856,-8.420909,True,False,42,S36,True,22,1.511,pickup,,,,,,,,,,,,,,,,,,,,,,,,,,,,,,,,,,,,,,,,,,,,,,,,,,,,
50,17,13,2,S44,False,12,8,20,0,0,0,0,0,0,[],0.0,S57,6.41,12,8,20,0.0,,-1.16089,-7.712524,-8.873414,False,False,18,S57,True,3,0.6561,do_nothing,,,,,,,,,,,,,,,,,,,,,,,,,,,,,,,,,,,,,,,,,,,,,,,,,,,,
50,17,13,9,S57,False,12,8,20,12,0,0,0,0,0,"['B562', 'B533', 'B22', 'B447', 'B159', 'B539', 'B42', 'B755', 'B606', 'B93', 'B63', 'B412']",6.0,S9,10.29,0,8,8,0.0,,-1.279476,-7.640661,-8.920137,False,False,12,S10,True,8,0.4497,delivery,,,,,,,,,,,,,,,,,,,,,,,,,,,,,,,,,,,,,,,,,,,,,,,,,,,,
50,17,13,25,S9,False,0,8,8,0,7,0,1,0,0,"['B645', 'B684', 'B455', 'B538', 'B280', 'B594', 'B566', 'B707']",4.0,S35,10.99,7,9,16,0.0,,-1.597907,-7.784143,-9.38205,True,True,72,S39,True,45,3.0743,pickup+depot_removal,,,,,,,,,,,,,,,,,,,,,,,,,,,,,,,,,,,,,,,,,,,,,,,,,,,,
50,17,13,40,S35,False,7,9,16,7,0,0,0,0,0,"['B645', 'B684', 'B455', 'B538', 'B280', 'B594', 'B566']",3.5,S20,13.93,0,9,9,0.0,,-0.943584,-7.793192,-8.736776,True,False,36,S55,True,21,2.0068,delivery,,,,,,,,,,,,,,,,,,,,,,,,,,,,,,,,,,,,,,,,,,,,,,,,,,,,
50,17,13,57,S20,False,0,9,9,0,11,0,0,0,0,"['B102', 'B542', 'B667', 'B697', 'B352', 'B28', 'B582', 'B649', 'B493', 'B20', 'B448']",5.5,S29,12.12,11,9,20,0.0,,-1.239836,-7.932263,-9.172098,False,False,18,S5,True,7,2.2775,pickup,,,,,,,,,,,,,,,,,,,,,,,,,,,,,,,,,,,,,,,,,,,,,,,,,,,,
50,17,14,15,S29,False,11,9,20,11,0,0,0,0,0,"['B102', 'B542', 'B667', 'B697', 'B352', 'B28', 'B582', 'B649', 'B493', 'B20', 'B448']",5.5,S51,7.57,0,9,9,0.0,,-2.786564,-8.032412,-10.818976,True,False,18,S66,True,7,0.8023,delivery,,,,,,,,,,,,,,,,,,,,,,,,,,,,,,,,,,,,,,,,,,,,,,,,,,,,
50,17,14,28,S51,False,0,9,9,0,11,0,0,0,0,"['B495', 'B549', 'B142', 'B106', 'B195', 'B212', 'B120', 'B43', 'B271', 'B501', 'B587']",5.5,S26,11.22,11,9,20,0.0,,-2.59095,-7.997178,-10.588127,True,False,18,S55,True,14,0.8186,pickup,,,,,,,,,,,,,,,,,,,,,,,,,,,,,,,,,,,,,,,,,,,,,,,,,,,,
50,17,14,45,S26,False,11,9,20,11,0,0,0,0,0,"['B495', 'B549', 'B142', 'B106', 'B195', 'B212', 'B120', 'B43', 'B271', 'B501', 'B587']",5.5,S66,5.64,0,9,9,0.0,,-1.737372,-8.135436,-9.872808,False,False,12,S18,True,6,0.3647,delivery,,,,,,,,,,,,,,,,,,,,,,,,,,,,,,,,,,,,,,,,,,,,,,,,,,,,
50,17,14,56,S66,False,0,9,9,0,11,0,0,0,0,"['B75', 'B565', 'B323', 'B572', 'B364', 'B92', 'B757', 'B579', 'B522', 'B457', 'B158']",5.5,S50,7.23,11,9,20,0.0,,-1.617077,-8.141742,-9.758819,False,False,12,S12,True,9,0.8413,pickup,,,,,,,,,,,,,,,,,,,,,,,,,,,,,,,,,,,,,,,,,,,,,,,,,,,,
50,17,15,9,S50,False,11,9,20,0,0,0,0,0,0,[],0.0,S35,1.61,11,9,20,0.0,,-1.341583,-8.086419,-9.428003,True,False,18,S49,True,0,0.6576,do_nothing,,,,,,,,,,,,,,,,,,,,,,,,,,,,,,,,,,,,,,,,,,,,,,,,,,,,
50,17,15,10,S35,False,11,9,20,11,0,1,0,0,0,"['B75', 'B565', 'B323', 'B572', 'B364', 'B92', 'B757', 'B579', 'B522', 'B457', 'B158']",8.5,S65,10.81,0,9,9,0.0,,-1.340994,-8.064208,-9.405202,True,True,36,S49,True,25,1.4881,delivery+onsite,,,,,,,,,,,,,,,,,,,,,,,,,,,,,,,,,,,,,,,,,,,,,,,,,,,,
50,17,15,29,S65,False,0,9,9,0,11,0,0,0,0,"['B116', 'B223', 'B453', 'B279', 'B214', 'B411', 'B98', 'B268', 'B221', 'B724', 'B18']",5.5,S50,9.57,11,9,20,0.0,,-1.361868,-7.951617,-9.313485,False,False,12,S62,True,8,0.7846,pickup,,,,,,,,,,,,,,,,,,,,,,,,,,,,,,,,,,,,,,,,,,,,,,,,,,,,
50,17,15,44,S50,False,11,9,20,11,0,0,0,0,0,"['B116', 'B223', 'B453', 'B279', 'B214', 'B411', 'B98', 'B268', 'B221', 'B724', 'B18']",5.5,S41,8.63,0,9,9,0.0,,-1.400521,-8.025391,-9.425912,True,False,18,S62,True,10,0.8748,delivery,,,,,,,,,,,,,,,,,,,,,,,,,,,,,,,,,,,,,,,,,,,,,,,,,,,,
50,17,15,59,S41,False,0,9,9,0,9,2,0,0,0,"['B146', 'B178', 'B360', 'B710', 'B451', 'B202', 'B484', 'B336', 'B393']",10.5,S49,2.5,9,9,18,0.0,,-1.342887,-8.135011,-9.477898,True,True,162,S13,True,145,6.1752,pickup+onsite,,,,,,,,,,,,,,,,,,,,,,,,,,,,,,,,,,,,,,,,,,,,,,,,,,,,
50,17,16,12,S49,False,9,9,18,9,0,0,0,0,0,"['B146', 'B178', 'B360', 'B710', 'B451', 'B202', 'B484', 'B336', 'B393']",4.5,S6,10.6,0,9,9,0.0,,-0.908132,-7.902444,-8.810576,False,False,12,S6,False,9,0.408,delivery,,,,,,,,,,,,,,,,,,,,,,,,,,,,,,,,,,,,,,,,,,,,,,,,,,,,
50,17,16,27,S6,False,0,9,9,0,0,0,0,0,0,[],0.0,S65,6.27,0,9,9,0.0,,-1.143554,-7.920682,-9.064236,True,False,24,S65,False,4,0.8048,do_nothing,,,,,,,,,,,,,,,,,,,,,,,,,,,,,,,,,,,,,,,,,,,,,,,,,,,,
50,17,16,33,S65,False,0,9,9,0,11,0,0,0,0,"['B3', 'B124', 'B730', 'B721', 'B390', 'B720', 'B667', 'B161', 'B253', 'B753', 'B659']",5.5,S23,2.48,11,9,20,0.0,,-0.610877,-7.805354,-8.41623,False,False,12,S24,True,8,0.3472,pickup,,,,,,,,,,,,,,,,,,,,,,,,,,,,,,,,,,,,,,,,,,,,,,,,,,,,
50,17,16,41,S23,False,11,9,20,8,0,0,0,0,0,"['B3', 'B124', 'B730', 'B721', 'B390', 'B720', 'B667', 'B161']",4.0,S13,3.65,3,9,12,0.0,,-0.374045,-7.833209,-8.207254,True,False,42,S4,True,9,1.289,delivery,,,,,,,,,,,,,,,,,,,,,,,,,,,,,,,,,,,,,,,,,,,,,,,,,,,,
50,17,16,49,S13,False,3,9,12,0,0,0,0,0,0,[],0.0,S37,10.95,3,9,12,0.0,,-0.551717,-7.764266,-8.315983,True,False,30,S4,True,1,0.8402,do_nothing,,,,,,,,,,,,,,,,,,,,,,,,,,,,,,,,,,,,,,,,,,,,,,,,,,,,
50,17,17,0,S37,False,3,9,12,0,8,0,0,0,0,"['B439', 'B417', 'B101', 'B529', 'B606', 'B463', 'B543', 'B152']",4.0,S18,1.43,11,9,20,0.0,,-0.451838,-7.909741,-8.361579,True,False,24,S64,True,20,0.8644,pickup,,,,,,,,,,,,,,,,,,,,,,,,,,,,,,,,,,,,,,,,,,,,,,,,,,,,
50,17,17,5,S18,False,11,9,20,11,0,0,0,0,0,"['B253', 'B753', 'B659', 'B439', 'B417', 'B101', 'B529', 'B606', 'B463', 'B543', 'B152']",5.5,S32,5.95,0,9,9,0.0,,-0.43527,-7.795646,-8.230916,True,False,24,S43,True,7,0.7391,delivery,,,,,,,,,,,,,,,,,,,,,,,,,,,,,,,,,,,,,,,,,,,,,,,,,,,,
50,17,17,16,S32,False,0,9,9,0,11,0,0,0,0,"['B238', 'B59', 'B717', 'B552', 'B104', 'B405', 'B692', 'B611', 'B690', 'B603', 'B465']",5.5,S24,10.39,11,9,20,0.0,,-0.315171,-7.735122,-8.050293,True,False,18,S62,True,16,0.5414,pickup,,,,,,,,,,,,,,,,,,,,,,,,,,,,,,,,,,,,,,,,,,,,,,,,,,,,
50,17,17,32,S24,False,11,9,20,11,0,0,0,0,0,"['B238', 'B59', 'B717', 'B552', 'B104', 'B405', 'B692', 'B611', 'B690', 'B603', 'B465']",5.5,S12,15.44,0,9,9,0.0,,-0.432867,-7.652027,-8.084895,False,False,12,S54,True,7,0.3838,delivery,,,,,,,,,,,,,,,,,,,,,,,,,,,,,,,,,,,,,,,,,,,,,,,,,,,,
50,17,17,53,S12,False,0,9,9,0,11,0,0,0,0,"['B13', 'B555', 'B670', 'B301', 'B560', 'B472', 'B540', 'B321', 'B609', 'B521', 'B14']",5.5,S62,7.83,11,9,20,0.0,,-0.451586,-7.840039,-8.291625,False,False,12,S62,False,6,0.7475,pickup,,,,,,,,,,,,,,,,,,,,,,,,,,,,,,,,,,,,,,,,,,,,,,,,,,,,
50,17,18,7,S62,False,11,9,20,11,0,1,0,0,0,"['B13', 'B555', 'B670', 'B301', 'B560', 'B472', 'B540', 'B321', 'B609', 'B521', 'B14']",8.5,S61,2.06,0,9,9,0.0,,-0.334448,-7.919905,-8.254353,True,True,48,S40,True,31,1.356,delivery+onsite,,,,,,,,,,,,,,,,,,,,,,,,,,,,,,,,,,,,,,,,,,,,,,,,,,,,
50,17,18,17,S61,False,0,9,9,0,9,1,0,0,0,"['B124', 'B617', 'B244', 'B636', 'B1', 'B418', 'B334', 'B258', 'B17']",7.5,S47,3.69,9,9,18,0.0,,-0.216009,-7.917358,-8.133367,True,True,36,S65,True,34,0.9682,pickup+onsite,,,,,,,,,,,,,,,,,,,,,,,,,,,,,,,,,,,,,,,,,,,,,,,,,,,,
50,17,18,28,S47,False,9,9,18,0,0,0,0,0,0,[],0.0,S39,3.52,9,9,18,0.0,,-0.294299,-7.8651,-8.159399,False,False,12,S3,True,0,0.3858,do_nothing,,,,,,,,,,,,,,,,,,,,,,,,,,,,,,,,,,,,,,,,,,,,,,,,,,,,
50,17,18,32,S39,False,9,9,18,9,0,0,0,0,0,"['B124', 'B617', 'B244', 'B636', 'B1', 'B418', 'B334', 'B258', 'B17']",4.5,S37,3.55,0,9,9,0.0,,-0.354973,-7.686668,-8.041641,True,False,24,S65,True,16,0.6772,delivery,,,,,,,,,,,,,,,,,,,,,,,,,,,,,,,,,,,,,,,,,,,,,,,,,,,,
50,17,18,40,S37,False,0,9,9,0,11,0,0,0,0,"['B166', 'B245', 'B433', 'B514', 'B73', 'B759', 'B74', 'B312', 'B533', 'B0', 'B680']",5.5,S52,1.18,11,9,20,0.0,,-0.296049,-7.773196,-8.069244,True,False,42,S3,True,36,1.2368,pickup,,,,,,,,,,,,,,,,,,,,,,,,,,,,,,,,,,,,,,,,,,,,,,,,,,,,
50,17,18,47,S52,False,11,9,20,11,0,0,0,0,0,"['B166', 'B245', 'B433', 'B514', 'B73', 'B759', 'B74', 'B312', 'B533', 'B0', 'B680']",5.5,S3,4.71,0,9,9,0.0,,-0.236131,-7.775036,-8.011166,False,False,18,S25,True,13,0.5375,delivery,,,,,,,,,,,,,,,,,,,,,,,,,,,,,,,,,,,,,,,,,,,,,,,,,,,,
50,17,18,57,S3,False,0,9,9,0,11,0,0,0,0,"['B458', 'B342', 'B530', 'B750', 'B295', 'B281', 'B613', 'B509', 'B714', 'B727', 'B9']",5.5,S47,10.08,11,9,20,0.0,,-0.217559,-7.536688,-7.754247,True,False,36,S53,True,26,0.9757,pickup,,,,,,,,,,,,,,,,,,,,,,,,,,,,,,,,,,,,,,,,,,,,,,,,,,,,
50,17,19,12,S47,False,11,9,20,11,0,0,0,0,0,"['B458', 'B342', 'B530', 'B750', 'B295', 'B281', 'B613', 'B509', 'B714', 'B727', 'B9']",5.5,S35,11.02,0,9,9,0.0,,-0.215113,-7.825033,-8.040146,False,False,12,S31,True,10,0.3395,delivery,,,,,,,,,,,,,,,,,,,,,,,,,,,,,,,,,,,,,,,,,,,,,,,,,,,,
50,17,19,29,S35,False,0,9,9,0,11,1,0,0,0,"['B317', 'B347', 'B447', 'B296', 'B515', 'B146', 'B738', 'B93', 'B182', 'B693', 'B368']",8.5,S54,2.91,11,9,20,0.0,,-0.275078,-7.889328,-8.164406,True,True,23,S1,True,21,0.802,pickup+onsite,,,,,,,,,,,,,,,,,,,,,,,,,,,,,,,,,,,,,,,,,,,,,,,,,,,,
50,17,19,40,S54,False,11,9,20,11,0,0,0,0,0,"['B317', 'B347', 'B447', 'B296', 'B515', 'B146', 'B738', 'B93', 'B182', 'B693', 'B368']",5.5,S40,2.17,0,9,9,0.0,,-0.216808,-7.996294,-8.213102,False,False,10,S33,True,8,0.3887,delivery,,,,,,,,,,,,,,,,,,,,,,,,,,,,,,,,,,,,,,,,,,,,,,,,,,,,
50,17,19,48,S40,False,0,9,9,0,10,0,0,0,0,"['B51', 'B571', 'B440', 'B725', 'B151', 'B144', 'B96', 'B622', 'B155', 'B126']",5.0,D0,0.66,10,9,19,0.0,,-0.196334,-7.946636,-8.14297,True,False,6,D0,False,4,1.5593,pickup,,,,,,,,,,,,,,,,,,,,,,,,,,,,,,,,,,,,,,,,,,,,,,,,,,,,
50,17,19,54,D0,True,10,9,19,0,0,0,0,9,0,"['B578', 'B269', 'B687', 'B523', 'B199', 'B15', 'B431', 'B739', 'B707']",4.5,D0,0.0,10,0,10,0.0,,-0.157686,-8.007319,-8.165006,True,True,1,D0,False,0,0.0329,do_nothing,,,,,,,,,,,,,,,,,,,,,,,,,,,,,,,,,,,,,,,,,,,,,,,,,,,,
50,18,6,13,D0,True,10,0,10,0,0,0,0,0,10,"['B344', 'B237', 'B729', 'B486', 'B266', 'B480', 'B350', 'B387', 'B250', 'B507']",5.0,S51,3.91,20,0,20,0.0,,-1.441209,-8.15464,-9.595849,True,True,5,S51,False,0,0.2027,load_queue,,,,,,,,,,,,,,,,,,,,,,,,,,,,,,,,,,,,,,,,,,,,,,,,,,,,
50,18,6,37,S51,False,20,0,20,18,0,0,0,0,0,"['B51', 'B571', 'B440', 'B725', 'B151', 'B144', 'B96', 'B622', 'B155', 'B126', 'B344', 'B237', 'B729', 'B486', 'B266', 'B480', 'B350', 'B387']",9.0,S37,4.67,2,0,2,0.0,,-1.087093,-8.271362,-9.358455,True,False,54,S48,True,6,2.0818,delivery,,,,,,,,,,,,,,,,,,,,,,,,,,,,,,,,,,,,,,,,,,,,,,,,,,,,
50,18,6,51,S37,False,2,0,2,0,0,0,2,0,0,"['B547', 'B541']",1.0,S54,4.98,2,2,4,0.0,,-0.889756,-8.25278,-9.142535,True,True,24,S39,True,15,0.7874,do_nothing+depot_removal,,,,,,,,,,,,,,,,,,,,,,,,,,,,,,,,,,,,,,,,,,,,,,,,,,,,
50,18,6,57,S54,False,2,2,4,0,16,1,0,0,0,"['B566', 'B356', 'B647', 'B320', 'B413', 'B252', 'B610', 'B441', 'B683', 'B66', 'B34', 'B209', 'B676', 'B530', 'B23', 'B731']",11.0,S65,8.42,18,2,20,0.0,,-0.491799,-8.257836,-8.749636,True,True,24,S36,True,19,0.8858,pickup+onsite,,,,,,,,,,,,,,,,,,,,,,,,,,,,,,,,,,,,,,,,,,,,,,,,,,,,
50,18,7,16,S65,False,18,2,20,18,0,0,0,0,0,"['B250', 'B507', 'B566', 'B356', 'B647', 'B320', 'B413', 'B252', 'B610', 'B441', 'B683', 'B66', 'B34', 'B209', 'B676', 'B530', 'B23', 'B731']",9.0,S37,5.89,0,2,2,0.0,,-1.459828,-8.306859,-9.766687,False,False,12,S39,True,7,0.3116,delivery,,,,,,,,,,,,,,,,,,,,,,,,,,,,,,,,,,,,,,,,,,,,,,,,,,,,
50,18,7,31,S37,False,0,2,2,0,18,0,0,0,0,"['B572', 'B621', 'B629', 'B257', 'B264', 'B230', 'B559', 'B346', 'B127', 'B328', 'B686', 'B722', 'B75', 'B386', 'B445', 'B537', 'B48', 'B746']",9.0,S41,3.7,18,2,20,0.0,,-1.404812,-8.305513,-9.710325,False,False,12,S41,False,6,0.3372,pickup,,,,,,,,,,,,,,,,,,,,,,,,,,,,,,,,,,,,,,,,,,,,,,,,,,,,
50,18,7,44,S41,False,18,2,20,0,0,0,0,0,0,[],0.0,S62,4.25,18,2,20,0.0,,-1.144168,-8.279117,-9.423285,True,False,24,S39,True,3,0.8145,do_nothing,,,,,,,,,,,,,,,,,,,,,,,,,,,,,,,,,,,,,,,,,,,,,,,,,,,,
50,18,7,48,S62,False,18,2,20,18,0,0,2,0,0,"['B409', 'B468', 'B572', 'B621', 'B629', 'B257', 'B264', 'B230', 'B559', 'B346', 'B127', 'B328', 'B686', 'B722', 'B75', 'B386', 'B445', 'B537', 'B48', 'B746']",10.0,S46,2.76,0,4,4,0.0,,-0.90488,-8.250708,-9.155588,True,True,42,S41,True,20,1.4477,delivery+depot_removal,,,,,,,,,,,,,,,,,,,,,,,,,,,,,,,,,,,,,,,,,,,,,,,,,,,,
50,18,8,1,S46,False,0,4,4,0,13,0,0,0,0,"['B624', 'B205', 'B343', 'B27', 'B562', 'B398', 'B382', 'B219', 'B509', 'B40', 'B103', 'B29', 'B9']",6.5,S55,2.88,13,4,17,0.0,,-0.927106,-8.294316,-9.221422,False,False,18,S27,True,10,0.4225,pickup,,,,,,,,,,,,,,,,,,,,,,,,,,,,,,,,,,,,,,,,,,,,,,,,,,,,
50,18,8,10,S55,False,13,4,17,13,0,0,0,0,0,"['B624', 'B205', 'B343', 'B27', 'B562', 'B398', 'B382', 'B219', 'B509', 'B40', 'B103', 'B29', 'B9']",6.5,S6,12.46,0,4,4,0.0,,-0.806215,-8.162474,-8.96869,False,False,12,S6,False,10,0.353,delivery,,,,,,,,,,,,,,,,,,,,,,,,,,,,,,,,,,,,,,,,,,,,,,,,,,,,
50,18,8,29,S6,False,0,4,4,0,16,0,0,0,0,"['B450', 'B198', 'B265', 'B165', 'B625', 'B546', 'B669', 'B78', 'B674', 'B706', 'B682', 'B326', 'B232', 'B227', 'B373', 'B308']",8.0,S26,6.34,16,4,20,0.0,,-1.003197,-8.1221,-9.125297,True,False,24,S26,False,12,0.8259,pickup,,,,,,,,,,,,,,,,,,,,,,,,,,,,,,,,,,,,,,,,,,,,,,,,,,,,
50,18,8,43,S26,False,16,4,20,16,0,0,0,0,0,"['B450', 'B198', 'B265', 'B165', 'B625', 'B546', 'B669', 'B78', 'B674', 'B706', 'B682', 'B326', 'B232', 'B227', 'B373', 'B308']",8.0,S54,5.73,0,4,4,0.0,,-0.945572,-8.143603,-9.089175,False,False,12,S29,True,6,0.474,delivery,,,,,,,,,,,,,,,,,,,,,,,,,,,,,,,,,,,,,,,,,,,,,,,,,,,,
50,18,8,57,S54,False,0,4,4,0,16,0,0,0,0,"['B285', 'B600', 'B522', 'B532', 'B582', 'B250', 'B247', 'B201', 'B615', 'B517', 'B747', 'B144', 'B629', 'B72', 'B392', 'B680']",8.0,S15,3.9,16,4,20,0.0,,-0.708802,-8.005225,-8.714027,False,False,18,S27,True,8,0.6797,pickup,,,,,,,,,,,,,,,,,,,,,,,,,,,,,,,,,,,,,,,,,,,,,,,,,,,,
50,18,9,9,S15,False,16,4,20,0,0,0,0,0,0,[],0.0,S29,3.9,16,4,20,0.0,,-0.590103,-7.968055,-8.558158,False,False,12,S29,False,0,0.4392,do_nothing,,,,,,,,,,,,,,,,,,,,,,,,,,,,,,,,,,,,,,,,,,,,,,,,,,,,
50,18,9,13,S29,False,16,4,20,12,0,0,0,0,0,"['B285', 'B600', 'B522', 'B532', 'B582', 'B250', 'B247', 'B201', 'B615', 'B517', 'B747', 'B144']",6.0,S15,3.9,4,4,8,0.0,,-0.6303,-7.986824,-8.617123,True,False,30,S15,False,18,1.1435,delivery,,,,,,,,,,,,,,,,,,,,,,,,,,,,,,,,,,,,,,,,,,,,,,,,,,,,
50,18,9,23,S15,False,4,4,8,4,0,0,0,0,0,"['B629', 'B72', 'B392', 'B680']",2.0,S39,7.21,0,4,4,0.0,,-0.551558,-7.947176,-8.498734,False,False,12,S39,False,6,0.353,delivery,,,,,,,,,,,,,,,,,,,,,,,,,,,,,,,,,,,,,,,,,,,,,,,,,,,,
50,18,9,32,S39,False,0,4,4,0,16,0,0,0,0,"['B418', 'B334', 'B258', 'B17', 'B659', 'B670', 'B315', 'B67', 'B484', 'B613', 'B267', 'B693', 'B714', 'B649', 'B87', 'B339']",8.0,S41,3.32,16,4,20,0.0,,-0.771268,-7.955781,-8.727049,True,False,36,S41,False,18,1.322,pickup,,,,,,,,,,,,,,,,,,,,,,,,,,,,,,,,,,,,,,,,,,,,,,,,,,,,
50,18,9,43,S41,False,16,4,20,13,0,0,2,0,0,"['B82', 'B76', 'B418', 'B334', 'B258', 'B17', 'B659', 'B670', 'B315', 'B67', 'B484', 'B613', 'B267', 'B693', 'B714']",7.5,S61,2.24,3,6,9,0.0,,-0.375651,-7.914016,-8.289667,True,True,42,S66,True,38,1.3035,delivery+depot_removal,,,,,,,,,,,,,,,,,,,,,,,,,,,,,,,,,,,,,,,,,,,,,,,,,,,,
50,18,9,53,S61,False,3,6,9,3,0,0,0,0,0,"['B649', 'B87', 'B339']",1.5,S27,2.28,0,6,6,0.0,,-0.47272,-7.966785,-8.439505,False,False,12,S27,False,7,0.4086,delivery,,,,,,,,,,,,,,,,,,,,,,,,,,,,,,,,,,,,,,,,,,,,,,,,,,,,
50,18,9,57,S27,False,0,6,6,0,14,0,0,0,0,"['B112', 'B492', 'B361', 'B216', 'B639', 'B508', 'B459', 'B372', 'B561', 'B633', 'B696', 'B422', 'B215', 'B500']",7.0,S66,1.91,14,6,20,0.0,,-0.59176,-7.793189,-8.384949,False,False,18,S15,True,9,1.0867,pickup,,,,,,,,,,,,,,,,,,,,,,,,,,,,,,,,,,,,,,,,,,,,,,,,,,,,
50,18,10,6,S66,False,14,6,20,12,0,0,0,0,0,"['B112', 'B492', 'B361', 'B216', 'B639', 'B508', 'B459', 'B372', 'B561', 'B633', 'B696', 'B422']",6.0,S37,3.07,2,6,8,0.0,,-0.473814,-7.93302,-8.406834,False,False,18,S59,True,7,1.006,delivery,,,,,,,,,,,,,,,,,,,,,,,,,,,,,,,,,,,,,,,,,,,,,,,,,,,,
50,18,10,15,S37,False,2,6,8,0,12,0,0,0,0,"['B336', 'B595', 'B664', 'B357', 'B275', 'B155', 'B152', 'B487', 'B434', 'B729', 'B324', 'B3']",6.0,S29,6.23,14,6,20,0.0,,-0.510807,-7.85869,-8.369498,False,False,12,S12,True,6,0.6282,pickup,,,,,,,,,,,,,,,,,,,,,,,,,,,,,,,,,,,,,,,,,,,,,,,,,,,,
50,18,10,27,S29,False,14,6,20,14,0,1,1,0,0,"['B57', 'B215', 'B500', 'B336', 'B595', 'B664', 'B357', 'B275', 'B155', 'B152', 'B487', 'B434', 'B729', 'B324', 'B3']",10.5,S53,3.88,0,7,7,0.0,,-0.374593,-7.750361,-8.124954,True,True,36,S40,True,32,1.5936,delivery+maintenance,,,,,,,,,,,,,,,,,,,,,,,,,,,,,,,,,,,,,,,,,,,,,,,,,,,,
50,18,10,41,S53,False,0,7,7,0,13,0,0,0,0,"['B538', 'B94', 'B401', 'B287', 'B81', 'B691', 'B297', 'B656', 'B554', 'B679', 'B157', 'B193', 'B497']",6.5,S25,14.7,13,7,20,0.0,,-0.47301,-7.862487,-8.335497,False,False,12,S40,True,9,0.4859,pickup,,,,,,,,,,,,,,,,,,,,,,,,,,,,,,,,,,,,,,,,,,,,,,,,,,,,
50,18,11,3,S25,False,13,7,20,0,0,0,0,0,0,[],0.0,S22,5.77,13,7,20,0.0,,-0.513914,-7.869986,-8.3839,True,False,42,S28,True,3,1.7449,do_nothing,,,,,,,,,,,,,,,,,,,,,,,,,,,,,,,,,,,,,,,,,,,,,,,,,,,,
50,18,11,8,S22,False,13,7,20,0,0,0,0,0,0,[],0.0,S20,3.63,13,7,20,0.0,,-0.413845,-7.855589,-8.269434,False,False,18,S40,True,3,0.6313,do_nothing,,,,,,,,,,,,,,,,,,,,,,,,,,,,,,,,,,,,,,,,,,,,,,,,,,,,
50,18,11,12,S20,False,13,7,20,9,0,0,0,0,0,"['B538', 'B94', 'B401', 'B287', 'B81', 'B691', 'B297', 'B656', 'B554']",4.5,S40,10.23,4,7,11,0.0,,-0.353974,-7.80651,-8.160485,False,False,18,S40,False,10,0.4758,delivery,,,,,,,,,,,,,,,,,,,,,,,,,,,,,,,,,,,,,,,,,,,,,,,,,,,,
50,18,11,27,S40,False,4,7,11,4,0,0,0,0,0,"['B679', 'B157', 'B193', 'B497']",2.0,S37,3.31,0,7,7,0.0,,-0.452686,-7.707065,-8.159751,True,False,24,S37,False,12,0.8324,delivery,,,,,,,,,,,,,,,,,,,,,,,,,,,,,,,,,,,,,,,,,,,,,,,,,,,,
50,18,11,32,S37,False,0,7,7,0,13,0,0,0,0,"['B495', 'B454', 'B754', 'B515', 'B665', 'B24', 'B600', 'B573', 'B544', 'B472', 'B388', 'B672', 'B629']",6.5,S43,1.66,13,7,20,0.0,,-0.649364,-7.824651,-8.474015,False,False,12,S43,False,6,0.4785,pickup,,,,,,,,,,,,,,,,,,,,,,,,,,,,,,,,,,,,,,,,,,,,,,,,,,,,
50,18,11,40,S43,False,13,7,20,13,0,0,0,0,0,"['B495', 'B454', 'B754', 'B515', 'B665', 'B24', 'B600', 'B573', 'B544', 'B472', 'B388', 'B672', 'B629']",6.5,S61,3.44,0,7,7,0.0,,-0.432768,-7.6673,-8.100068,True,False,60,S34,True,31,2.5327,delivery,,,,,,,,,,,,,,,,,,,,,,,,,,,,,,,,,,,,,,,,,,,,,,,,,,,,
50,18,11,50,S61,False,0,7,7,0,9,0,0,0,0,"['B536', 'B453', 'B722', 'B705', 'B566', 'B175', 'B118', 'B50', 'B336']",4.5,S50,6.8,9,7,16,0.0,,-0.591503,-7.86783,-8.459333,False,False,18,S8,True,12,0.5734,pickup,,,,,,,,,,,,,,,,,,,,,,,,,,,,,,,,,,,,,,,,,,,,,,,,,,,,
50,18,12,2,S50,False,9,7,16,9,0,0,0,0,0,"['B536', 'B453', 'B722', 'B705', 'B566', 'B175', 'B118', 'B50', 'B336']",4.5,S66,7.23,0,7,7,0.0,,-0.784938,-7.887331,-8.672269,True,False,24,S14,True,13,0.8594,delivery,,,,,,,,,,,,,,,,,,,,,,,,,,,,,,,,,,,,,,,,,,,,,,,,,,,,
50,18,12,13,S66,False,0,7,7,0,13,0,0,0,0,"['B361', 'B216', 'B639', 'B508', 'B459', 'B372', 'B561', 'B633', 'B696', 'B422', 'B673', 'B40', 'B402']",6.5,S54,5.58,13,7,20,0.0,,-0.731131,-7.685437,-8.416568,False,False,12,S31,True,6,0.3587,pickup,,,,,,,,,,,,,,,,,,,,,,,,,,,,,,,,,,,,,,,,,,,,,,,,,,,,
50,18,12,25,S54,False,13,7,20,13,0,0,0,0,0,"['B361', 'B216', 'B639', 'B508', 'B459', 'B372', 'B561', 'B633', 'B696', 'B422', 'B673', 'B40', 'B402']",6.5,S31,5.7,0,7,7,0.0,,-0.37415,-7.828273,-8.202423,False,False,12,S28,True,6,0.4006,delivery,,,,,,,,,,,,,,,,,,,,,,,,,,,,,,,,,,,,,,,,,,,,,,,,,,,,
50,18,12,38,S31,False,0,7,7,0,13,1,0,0,0,"['B348', 'B300', 'B586', 'B218', 'B518', 'B393', 'B694', 'B762', 'B100', 'B113', 'B123', 'B111', 'B109']",9.5,S26,6.02,13,7,20,0.0,,-0.569684,-7.742887,-8.312572,True,True,72,S26,True,60,3.1647,pickup+onsite,,,,,,,,,,,,,,,,,,,,,,,,,,,,,,,,,,,,,,,,,,,,,,,,,,,,
50,18,12,53,S26,False,13,7,20,0,0,0,0,0,0,[],0.0,S29,5.02,13,7,20,0.0,,-1.279831,-7.95347,-9.233301,False,False,12,S29,False,0,0.547,do_nothing,,,,,,,,,,,,,,,,,,,,,,,,,,,,,,,,,,,,,,,,,,,,,,,,,,,,
50,18,12,58,S29,False,13,7,20,13,0,0,0,0,0,"['B348', 'B300', 'B586', 'B218', 'B518', 'B393', 'B694', 'B762', 'B100', 'B113', 'B123', 'B111', 'B109']",6.5,S30,8.0,0,7,7,0.0,,-0.885052,-7.702533,-8.587585,False,False,12,S31,True,7,0.5503,delivery,,,,,,,,,,,,,,,,,,,,,,,,,,,,,,,,,,,,,,,,,,,,,,,,,,,,
50,18,13,13,S30,False,0,7,7,0,8,0,1,0,0,"['B357', 'B83', 'B152', 'B724', 'B487', 'B330', 'B351', 'B676', 'B376']",4.5,S26,6.33,8,8,16,0.0,,-1.200683,-7.779698,-8.980381,True,True,36,S66,True,18,1.2987,pickup+depot_removal,,,,,,,,,,,,,,,,,,,,,,,,,,,,,,,,,,,,,,,,,,,,,,,,,,,,
50,18,13,23,S26,False,8,8,16,8,0,0,0,0,0,"['B357', 'B83', 'B152', 'B724', 'B487', 'B330', 'B351', 'B676']",4.0,S66,5.64,0,8,8,0.0,,-0.72827,-7.715937,-8.444207,False,False,12,S33,True,7,0.5836,delivery,,,,,,,,,,,,,,,,,,,,,,,,,,,,,,,,,,,,,,,,,,,,,,,,,,,,
50,18,13,33,S66,False,0,8,8,0,11,0,0,0,0,"['B215', 'B313', 'B555', 'B609', 'B506', 'B20', 'B295', 'B429', 'B756', 'B325', 'B536']",5.5,S50,7.23,11,8,19,0.0,,-0.945128,-7.724069,-8.669198,False,False,18,S50,True,6,1.3072,pickup,,,,,,,,,,,,,,,,,,,,,,,,,,,,,,,,,,,,,,,,,,,,,,,,,,,,
50,18,13,46,S50,False,11,8,19,0,0,0,0,0,0,[],0.0,S46,6.02,11,8,19,0.0,,-0.511317,-7.767007,-8.278324,True,False,24,S33,True,1,1.385,do_nothing,,,,,,,,,,,,,,,,,,,,,,,,,,,,,,,,,,,,,,,,,,,,,,,,,,,,
50,18,13,52,S46,False,11,8,19,11,0,0,0,0,0,"['B215', 'B313', 'B555', 'B609', 'B506', 'B20', 'B295', 'B429', 'B756', 'B325', 'B536']",5.5,S53,0.87,0,8,8,0.0,,-0.649273,-7.709439,-8.358712,False,False,12,S53,False,6,0.5605,delivery,,,,,,,,,,,,,,,,,,,,,,,,,,,,,,,,,,,,,,,,,,,,,,,,,,,,
50,18,13,58,S53,False,0,8,8,0,12,0,0,0,0,"['B399', 'B765', 'B144', 'B617', 'B217', 'B483', 'B71', 'B701', 'B441', 'B331', 'B230', 'B165']",6.0,S26,7.29,12,8,20,0.0,,-0.512413,-7.70905,-8.221464,False,False,18,S63,True,9,0.734,pickup,,,,,,,,,,,,,,,,,,,,,,,,,,,,,,,,,,,,,,,,,,,,,,,,,,,,
50,18,14,11,S26,False,12,8,20,12,0,0,0,0,0,"['B399', 'B765', 'B144', 'B617', 'B217', 'B483', 'B71', 'B701', 'B441', 'B331', 'B230', 'B165']",6.0,S30,6.33,0,8,8,0.0,,-1.578272,-7.626378,-9.20465,False,False,12,S63,True,9,0.8668,delivery,,,,,,,,,,,,,,,,,,,,,,,,,,,,,,,,,,,,,,,,,,,,,,,,,,,,
50,18,14,24,S30,False,0,8,8,0,7,0,0,0,0,"['B160', 'B229', 'B582', 'B686', 'B521', 'B586', 'B742']",3.5,S63,6.1,7,8,15,0.0,,-1.065872,-7.609967,-8.675838,False,False,18,S65,True,7,1.6488,pickup,,,,,,,,,,,,,,,,,,,,,,,,,,,,,,,,,,,,,,,,,,,,,,,,,,,,
50,18,14,33,S63,False,7,8,15,0,0,0,0,0,0,[],0.0,S54,3.86,7,8,15,0.0,,-1.301659,-7.881439,-9.183098,True,False,48,S10,True,1,2.706,do_nothing,,,,,,,,,,,,,,,,,,,,,,,,,,,,,,,,,,,,,,,,,,,,,,,,,,,,
50,18,14,37,S54,False,7,8,15,7,0,0,0,0,0,"['B160', 'B229', 'B582', 'B686', 'B521', 'B586', 'B742']",3.5,S33,3.1,0,8,8,0.0,,-1.144218,-7.757404,-8.901622,False,False,12,S33,False,7,0.4951,delivery,,,,,,,,,,,,,,,,,,,,,,,,,,,,,,,,,,,,,,,,,,,,,,,,,,,,
50,18,14,44,S33,False,0,8,8,0,12,0,0,0,0,"['B39', 'B625', 'B683', 'B615', 'B730', 'B563', 'B674', 'B607', 'B225', 'B467', 'B203', 'B301']",6.0,S50,5.56,12,8,20,0.0,,-1.065571,-7.712025,-8.777596,True,False,18,S12,True,13,0.6603,pickup,,,,,,,,,,,,,,,,,,,,,,,,,,,,,,,,,,,,,,,,,,,,,,,,,,,,
50,18,14,55,S50,False,12,8,20,12,0,0,0,0,0,"['B39', 'B625', 'B683', 'B615', 'B730', 'B563', 'B674', 'B607', 'B225', 'B467', 'B203', 'B301']",6.0,S12,10.53,0,8,8,0.0,,-1.379594,-7.968032,-9.347626,True,False,18,S10,True,7,0.4923,delivery,,,,,,,,,,,,,,,,,,,,,,,,,,,,,,,,,,,,,,,,,,,,,,,,,,,,
50,18,15,12,S12,False,0,8,8,0,12,0,0,0,0,"['B205', 'B741', 'B425', 'B571', 'B509', 'B29', 'B576', 'B592', 'B489', 'B573', 'B108', 'B320']",6.0,S51,2.02,12,8,20,0.0,,-1.026924,-7.886271,-8.913195,False,False,18,S62,True,9,1.0004,pickup,,,,,,,,,,,,,,,,,,,,,,,,,,,,,,,,,,,,,,,,,,,,,,,,,,,,
50,18,15,20,S51,False,12,8,20,8,0,0,0,0,0,"['B205', 'B741', 'B425', 'B571', 'B509', 'B29', 'B576', 'B592']",4.0,S66,7.67,4,8,12,0.0,,-1.203227,-8.004362,-9.207588,True,False,54,S66,True,8,2.3351,delivery,,,,,,,,,,,,,,,,,,,,,,,,,,,,,,,,,,,,,,,,,,,,,,,,,,,,
50,18,15,32,S66,False,4,8,12,0,0,1,0,0,0,[],3.0,S55,6.13,4,8,12,0.0,,-0.786383,-7.960521,-8.746904,True,True,24,S62,True,7,1.4045,do_nothing+onsite,,,,,,,,,,,,,,,,,,,,,,,,,,,,,,,,,,,,,,,,,,,,,,,,,,,,
50,18,15,41,S55,False,4,8,12,4,0,0,0,0,0,"['B489', 'B573', 'B108', 'B320']",2.0,S62,3.22,0,8,8,0.0,,-0.885406,-7.937156,-8.822561,False,False,12,S62,False,6,0.7752,delivery,,,,,,,,,,,,,,,,,,,,,,,,,,,,,,,,,,,,,,,,,,,,,,,,,,,,
50,18,15,46,S62,False,0,8,8,0,12,0,0,0,0,"['B36', 'B653', 'B538', 'B162', 'B372', 'B264', 'B271', 'B451', 'B196', 'B764', 'B18', 'B388']",6.0,S66,2.92,12,8,20,0.0,,-0.511314,-7.873553,-8.384867,True,False,18,S66,False,12,1.225,pickup,,,,,,,,,,,,,,,,,,,,,,,,,,,,,,,,,,,,,,,,,,,,,,,,,,,,
50,18,15,55,S66,False,12,8,20,12,0,0,0,0,0,"['B36', 'B653', 'B538', 'B162', 'B372', 'B264', 'B271', 'B451', 'B196', 'B764', 'B18', 'B388']",6.0,S44,3.92,0,8,8,0.0,,-0.768509,-7.896726,-8.665236,False,False,12,S44,False,6,0.742,delivery,,,,,,,,,,,,,,,,,,,,,,,,,,,,,,,,,,,,,,,,,,,,,,,,,,,,
50,18,16,5,S44,False,0,8,8,0,5,0,1,0,0,"['B149', 'B302', 'B486', 'B445', 'B657', 'B150']",3.0,S45,1.28,5,9,14,0.0,,-0.472659,-7.780477,-8.253137,True,True,108,S57,True,79,4.8396,pickup+depot_removal,,,,,,,,,,,,,,,,,,,,,,,,,,,,,,,,,,,,,,,,,,,,,,,,,,,,
50,18,16,9,S45,False,5,9,14,5,0,0,0,0,0,"['B149', 'B302', 'B486', 'B445', 'B657']",2.5,S57,5.13,0,9,9,0.0,,-0.631399,-7.741629,-8.373028,True,False,24,S57,False,13,0.9698,delivery,,,,,,,,,,,,,,,,,,,,,,,,,,,,,,,,,,,,,,,,,,,,,,,,,,,,
50,18,16,17,S57,False,0,9,9,0,11,0,0,0,0,"['B139', 'B228', 'B622', 'B667', 'B597', 'B290', 'B252', 'B718', 'B606', 'B166', 'B699']",5.5,S54,2.65,11,9,20,0.0,,-0.45269,-7.804254,-8.256944,False,False,12,S29,True,7,0.4378,pickup,,,,,,,,,,,,,,,,,,,,,,,,,,,,,,,,,,,,,,,,,,,,,,,,,,,,
50,18,16,25,S54,False,11,9,20,11,0,0,0,0,0,"['B139', 'B228', 'B622', 'B667', 'B597', 'B290', 'B252', 'B718', 'B606', 'B166', 'B699']",5.5,S65,8.42,0,9,9,0.0,,-0.433716,-7.707825,-8.141541,False,False,12,S27,True,6,0.4974,delivery,,,,,,,,,,,,,,,,,,,,,,,,,,,,,,,,,,,,,,,,,,,,,,,,,,,,
50,18,16,39,S65,False,0,9,9,0,11,0,0,0,0,"['B136', 'B581', 'B417', 'B693', 'B340', 'B21', 'B124', 'B726', 'B495', 'B54', 'B312']",5.5,S26,6.43,11,9,20,0.0,,-0.354325,-7.680215,-8.03454,True,False,18,S27,True,15,0.7525,pickup,,,,,,,,,,,,,,,,,,,,,,,,,,,,,,,,,,,,,,,,,,,,,,,,,,,,
50,18,16,51,S26,False,11,9,20,0,0,0,0,0,0,[],0.0,S27,3.79,11,9,20,0.0,,-0.532086,-7.751455,-8.283542,False,False,12,S4,True,0,0.4097,do_nothing,,,,,,,,,,,,,,,,,,,,,,,,,,,,,,,,,,,,,,,,,,,,,,,,,,,,
50,18,16,55,S27,False,11,9,20,11,0,0,0,0,0,"['B136', 'B581', 'B417', 'B693', 'B340', 'B21', 'B124', 'B726', 'B495', 'B54', 'B312']",5.5,S40,2.68,0,9,9,0.0,,-0.45409,-7.687885,-8.141976,False,False,12,S4,True,7,0.5465,delivery,,,,,,,,,,,,,,,,,,,,,,,,,,,,,,,,,,,,,,,,,,,,,,,,,,,,
50,18,17,3,S40,False,0,9,9,0,11,0,0,0,0,"['B620', 'B128', 'B484', 'B246', 'B272', 'B493', 'B604', 'B255', 'B268', 'B507', 'B566']",5.5,S26,5.09,11,9,20,0.0,,-0.452641,-7.565333,-8.017973,True,False,30,S13,True,13,1.4435,pickup,,,,,,,,,,,,,,,,,,,,,,,,,,,,,,,,,,,,,,,,,,,,,,,,,,,,
50,18,17,13,S26,False,11,9,20,11,0,0,0,0,0,"['B620', 'B128', 'B484', 'B246', 'B272', 'B493', 'B604', 'B255', 'B268', 'B507', 'B566']",5.5,S13,11.1,0,9,9,0.0,,-0.414091,-7.489842,-7.903934,False,False,12,S4,True,6,0.5668,delivery,,,,,,,,,,,,,,,,,,,,,,,,,,,,,,,,,,,,,,,,,,,,,,,,,,,,
50,18,17,30,S13,False,0,9,9,0,11,0,0,0,0,"['B257', 'B755', 'B240', 'B10', 'B112', 'B356', 'B419', 'B516', 'B258', 'B46', 'B147']",5.5,S4,10.26,11,9,20,0.0,,-0.413799,-7.709677,-8.123476,True,False,36,S39,True,32,1.7809,pickup,,,,,,,,,,,,,,,,,,,,,,,,,,,,,,,,,,,,,,,,,,,,,,,,,,,,
50,18,17,46,S4,False,11,9,20,0,0,1,0,0,0,[],3.0,S39,3.3,11,9,20,0.0,,-0.594061,-7.77379,-8.36785,True,True,36,S35,True,6,2.1159,do_nothing+onsite,,,,,,,,,,,,,,,,,,,,,,,,,,,,,,,,,,,,,,,,,,,,,,,,,,,,
50,18,17,52,S39,False,11,9,20,11,0,2,0,0,0,"['B257', 'B755', 'B240', 'B10', 'B112', 'B356', 'B419', 'B516', 'B258', 'B46', 'B147']",11.5,S48,7.99,0,9,9,0.0,,-0.750648,-7.642289,-8.392937,True,True,36,S35,True,34,1.6701,delivery+onsite,,,,,,,,,,,,,,,,,,,,,,,,,,,,,,,,,,,,,,,,,,,,,,,,,,,,
50,18,18,11,S48,False,0,9,9,0,7,0,0,0,0,"['B377', 'B688', 'B39', 'B217', 'B535', 'B698', 'B96']",3.5,S23,12.62,7,9,16,0.0,,-0.15889,-7.372152,-7.531042,False,False,18,S43,True,9,0.9263,pickup,,,,,,,,,,,,,,,,,,,,,,,,,,,,,,,,,,,,,,,,,,,,,,,,,,,,
50,18,18,28,S23,False,7,9,16,0,0,0,2,0,0,"['B55', 'B58']",1.0,S54,10.66,7,11,18,0.0,,-0.454597,-7.535945,-7.990542,True,True,36,S54,True,15,1.3158,do_nothing+depot_removal,,,,,,,,,,,,,,,,,,,,,,,,,,,,,,,,,,,,,,,,,,,,,,,,,,,,
50,18,18,39,S54,False,7,11,18,7,0,0,0,0,0,"['B377', 'B688', 'B39', 'B217', 'B535', 'B698', 'B96']",3.5,S56,1.7,0,11,11,0.0,,-0.158286,-7.514619,-7.672905,False,False,12,S56,False,7,0.6927,delivery,,,,,,,,,,,,,,,,,,,,,,,,,,,,,,,,,,,,,,,,,,,,,,,,,,,,
50,18,18,44,S56,False,0,11,11,0,6,0,0,0,0,"['B127', 'B565', 'B64', 'B424', 'B97', 'B610']",3.0,S38,7.92,6,11,17,0.0,,-0.276929,-7.479287,-7.756216,True,False,54,S63,True,20,3.763,pickup,,,,,,,,,,,,,,,,,,,,,,,,,,,,,,,,,,,,,,,,,,,,,,,,,,,,
50,18,18,55,S38,False,6,11,17,6,0,0,0,0,0,"['B127', 'B565', 'B64', 'B424', 'B97', 'B610']",3.0,S64,1.95,0,11,11,0.0,,-0.295398,-7.332157,-7.627555,False,False,12,S64,False,8,1.1498,delivery,,,,,,,,,,,,,,,,,,,,,,,,,,,,,,,,,,,,,,,,,,,,,,,,,,,,
50,18,19,0,S64,False,0,11,11,0,9,0,0,0,0,"['B276', 'B756', 'B429', 'B638', 'B346', 'B219', 'B30', 'B674', 'B98']",4.5,S4,1.27,9,11,20,0.0,,-0.216508,-7.345617,-7.562125,True,False,24,S0,True,21,1.4755,pickup,,,,,,,,,,,,,,,,,,,,,,,,,,,,,,,,,,,,,,,,,,,,,,,,,,,,
50,18,19,6,S4,False,9,11,20,9,0,0,1,0,0,"['B752', 'B276', 'B756', 'B429', 'B638', 'B346', 'B219', 'B30', 'B674', 'B98']",5.0,S0,11.46,0,12,12,0.0,,-0.177306,-7.218719,-7.396025,True,True,18,S31,True,16,0.9061,delivery+depot_removal,,,,,,,,,,,,,,,,,,,,,,,,,,,,,,,,,,,,,,,,,,,,,,,,,,,,
50,18,19,23,S0,False,0,12,12,0,0,0,1,0,0,['B658'],0.5,S63,9.96,0,13,13,0.0,,-0.176863,-7.267551,-7.444413,True,True,17,S63,True,10,0.9479,do_nothing+depot_removal,,,,,,,,,,,,,,,,,,,,,,,,,,,,,,,,,,,,,,,,,,,,,,,,,,,,
50,18,19,33,S63,False,0,13,13,0,7,1,0,0,0,"['B103', 'B83', 'B423', 'B432', 'B704', 'B251', 'B457']",6.5,S16,0.31,7,13,20,0.0,,-0.137962,-7.176198,-7.31416,True,True,32,S43,True,28,1.386,pickup+onsite,,,,,,,,,,,,,,,,,,,,,,,,,,,,,,,,,,,,,,,,,,,,,,,,,,,,
50,18,19,40,S16,False,7,13,20,7,0,0,0,0,0,"['B103', 'B83', 'B423', 'B432', 'B704', 'B251', 'B457']",3.5,S31,3.96,0,13,13,0.0,,-0.098118,-7.304682,-7.4028,False,False,13,S43,True,10,1.0735,delivery,,,,,,,,,,,,,,,,,,,,,,,,,,,,,,,,,,,,,,,,,,,,,,,,,,,,
50,18,19,47,S31,False,0,13,13,0,0,0,0,0,0,[],0.0,S61,1.01,0,13,13,0.0,,-0.138465,-7.340521,-7.478986,True,False,14,S61,False,0,0.5133,do_nothing,,,,,,,,,,,,,,,,,,,,,,,,,,,,,,,,,,,,,,,,,,,,,,,,,,,,
50,18,19,48,S61,False,0,13,13,0,7,0,0,0,0,"['B646', 'B270', 'B320', 'B741', 'B146', 'B736', 'B5']",3.5,D0,1.02,7,13,20,0.0,,-0.078742,-7.402654,-7.481397,True,False,4,D0,False,2,0.1665,pickup,,,,,,,,,,,,,,,,,,,,,,,,,,,,,,,,,,,,,,,,,,,,,,,,,,,,
50,18,19,53,D0,True,7,13,20,0,0,0,0,13,1,"['B491', 'B547', 'B541', 'B409', 'B468', 'B82', 'B76', 'B57', 'B376', 'B150', 'B55', 'B58', 'B752', 'B658']",7.0,D0,0.0,8,0,8,0.0,,-0.05952,-7.360875,-7.420395,True,True,1,D0,False,0,0.0476,do_nothing,,,,,,,,,,,,,,,,,,,,,,,,,,,,,,,,,,,,,,,,,,,,,,,,,,,,
50,19,6,0,D0,True,8,0,8,0,0,0,0,0,9,"['B578', 'B269', 'B687', 'B523', 'B199', 'B15', 'B431', 'B739', 'B707']",4.5,S9,5.99,17,0,17,0.0,,0.0,-7.002978,-7.002978,True,True,5,S48,True,2,0.3252,load_queue,,,,,,,,,,,,,,,,,,,,,,,,,,,,,,,,,,,,,,,,,,,,,,,,,,,,
50,19,6,25,S9,False,17,0,17,0,0,3,0,0,0,[],9.0,S34,11.57,17,0,17,0.0,,-0.019573,-7.06754,-7.087113,True,True,144,S48,True,55,6.7528,do_nothing+onsite,,,,,,,,,,,,,,,,,,,,,,,,,,,,,,,,,,,,,,,,,,,,,,,,,,,,
50,19,6,46,S34,False,17,0,17,11,0,0,0,0,0,"['B646', 'B270', 'B320', 'B741', 'B146', 'B736', 'B5', 'B491', 'B578', 'B269', 'B687']",5.5,S48,8.54,6,0,6,0.0,,-0.019924,-7.011262,-7.031186,False,False,18,S36,True,9,2.3852,delivery,,,,,,,,,,,,,,,,,,,,,,,,,,,,,,,,,,,,,,,,,,,,,,,,,,,,
50,19,7,0,S48,False,6,0,6,6,0,0,0,0,0,"['B523', 'B199', 'B15', 'B431', 'B739', 'B707']",3.0,S31,8.15,0,0,0,0.0,,-0.05887,-7.695651,-7.754521,False,False,12,S52,True,8,1.6422,delivery,,,,,,,,,,,,,,,,,,,,,,,,,,,,,,,,,,,,,,,,,,,,,,,,,,,,
50,19,7,11,S31,False,0,0,0,0,17,0,0,0,0,"['B196', 'B666', 'B451', 'B18', 'B2', 'B411', 'B342', 'B221', 'B144', 'B108', 'B622', 'B652', 'B228', 'B6', 'B635', 'B202', 'B696']",8.5,S64,1.37,17,0,17,0.0,,-0.078294,-7.694969,-7.773262,True,False,162,S60,True,109,6.2496,pickup,,,,,,,,,,,,,,,,,,,,,,,,,,,,,,,,,,,,,,,,,,,,,,,,,,,,
50,19,7,21,S64,False,17,0,17,8,0,0,1,0,0,"['B494', 'B196', 'B666', 'B451', 'B18', 'B2', 'B411', 'B342', 'B221']",4.5,S52,2.64,9,1,10,0.0,,0.0,-7.773524,-7.773524,True,True,54,S18,True,24,2.4262,delivery+depot_removal,,,,,,,,,,,,,,,,,,,,,,,,,,,,,,,,,,,,,,,,,,,,,,,,,,,,
50,19,7,28,S52,False,9,1,10,0,0,0,0,0,0,[],0.0,S43,1.59,9,1,10,0.0,,-0.039246,-7.794452,-7.833698,False,False,12,S43,True,0,0.3657,do_nothing,,,,,,,,,,,,,,,,,,,,,,,,,,,,,,,,,,,,,,,,,,,,,,,,,,,,
50,19,7,30,S43,False,9,1,10,0,0,0,0,0,0,[],0.0,S52,1.59,9,1,10,0.0,,-0.059171,-7.815802,-7.874973,True,False,60,S62,True,0,2.1889,do_nothing,,,,,,,,,,,,,,,,,,,,,,,,,,,,,,,,,,,,,,,,,,,,,,,,,,,,
50,19,7,31,S52,False,9,1,10,0,10,0,0,0,0,"['B136', 'B747', 'B178', 'B598', 'B226', 'B90', 'B576', 'B61', 'B716', 'B656']",5.0,S53,2.01,19,1,20,0.0,,-0.019523,-7.716057,-7.735581,False,False,12,S43,True,6,0.6886,pickup,,,,,,,,,,,,,,,,,,,,,,,,,,,,,,,,,,,,,,,,,,,,,,,,,,,,
50,19,7,38,S53,False,19,1,20,13,0,0,0,0,0,"['B144', 'B108', 'B622', 'B652', 'B228', 'B6', 'B635', 'B202', 'B696', 'B136', 'B747', 'B178', 'B598']",6.5,S60,5.31,6,1,7,0.0,,-0.136667,-7.733791,-7.870458,False,False,18,S32,True,14,0.5957,delivery,,,,,,,,,,,,,,,,,,,,,,,,,,,,,,,,,,,,,,,,,,,,,,,,,,,,
50,19,7,50,S60,False,6,1,7,0,13,1,0,0,0,"['B245', 'B711', 'B31', 'B629', 'B710', 'B161', 'B332', 'B259', 'B647', 'B492', 'B514', 'B460', 'B135']",9.5,S62,3.68,19,1,20,0.0,,-0.058869,-7.464277,-7.523146,True,True,24,S62,True,21,2.1551,pickup+onsite,,,,,,,,,,,,,,,,,,,,,,,,,,,,,,,,,,,,,,,,,,,,,,,,,,,,
50,19,8,3,S62,False,19,1,20,11,0,0,1,0,0,"['B651', 'B226', 'B90', 'B576', 'B61', 'B716', 'B656', 'B245', 'B711', 'B31', 'B629', 'B710']",6.0,S59,3.77,8,2,10,0.0,,-0.059369,-7.193675,-7.253044,True,True,30,S17,True,16,1.6056,delivery+depot_removal,,,,,,,,,,,,,,,,,,,,,,,,,,,,,,,,,,,,,,,,,,,,,,,,,,,,
50,19,8,13,S59,False,8,2,10,0,0,0,2,0,0,"['B709', 'B13']",1.0,S4,1.29,8,4,12,0.0,,-0.078595,-7.335418,-7.414013,True,True,24,S10,True,13,0.7972,do_nothing+depot_removal,,,,,,,,,,,,,,,,,,,,,,,,,,,,,,,,,,,,,,,,,,,,,,,,,,,,
50,19,8,15,S4,False,8,4,12,0,8,0,0,0,0,"['B638', 'B346', 'B219', 'B30', 'B674', 'B98', 'B304', 'B115']",4.0,S17,9.2,16,4,20,0.0,,-0.078493,-7.353423,-7.431916,False,False,12,S10,True,6,0.8061,pickup,,,,,,,,,,,,,,,,,,,,,,,,,,,,,,,,,,,,,,,,,,,,,,,,,,,,
50,19,8,28,S17,False,16,4,20,16,0,0,0,0,0,"['B161', 'B332', 'B259', 'B647', 'B492', 'B514', 'B460', 'B135', 'B638', 'B346', 'B219', 'B30', 'B674', 'B98', 'B304', 'B115']",8.0,S59,10.2,0,4,4,0.0,,-0.05902,-7.331691,-7.390711,True,False,36,S7,True,15,1.1476,delivery,,,,,,,,,,,,,,,,,,,,,,,,,,,,,,,,,,,,,,,,,,,,,,,,,,,,
50,19,8,47,S59,False,0,4,4,0,16,0,0,0,0,"['B670', 'B613', 'B708', 'B318', 'B176', 'B368', 'B569', 'B577', 'B88', 'B101', 'B134', 'B317', 'B679', 'B502', 'B347', 'B591']",8.0,S42,10.56,16,4,20,0.0,,-0.176013,-7.468289,-7.644301,False,False,12,S33,True,9,0.6886,pickup,,,,,,,,,,,,,,,,,,,,,,,,,,,,,,,,,,,,,,,,,,,,,,,,,,,,
50,19,9,5,S42,False,16,4,20,12,0,0,0,0,0,"['B670', 'B613', 'B708', 'B318', 'B176', 'B368', 'B569', 'B577', 'B88', 'B101', 'B134', 'B317']",6.0,S56,3.65,4,4,8,0.0,,-0.058871,-7.492896,-7.551767,True,False,42,S56,False,9,1.6178,delivery,,,,,,,,,,,,,,,,,,,,,,,,,,,,,,,,,,,,,,,,,,,,,,,,,,,,
50,19,9,15,S56,False,4,4,8,4,0,0,1,0,0,"['B601', 'B679', 'B502', 'B347', 'B591']",2.5,S58,6.56,0,5,5,0.0,,-0.137015,-7.333842,-7.470857,True,True,36,S58,True,24,1.4549,delivery+depot_removal,,,,,,,,,,,,,,,,,,,,,,,,,,,,,,,,,,,,,,,,,,,,,,,,,,,,
50,19,9,24,S58,False,0,5,5,0,15,0,0,0,0,"['B334', 'B531', 'B253', 'B216', 'B632', 'B389', 'B349', 'B505', 'B131', 'B132', 'B573', 'B449', 'B743', 'B287', 'B391']",7.5,S15,5.67,15,5,20,0.0,,-0.078943,-7.477929,-7.556871,True,False,24,S15,False,12,1.6543,pickup,,,,,,,,,,,,,,,,,,,,,,,,,,,,,,,,,,,,,,,,,,,,,,,,,,,,
50,19,9,37,S15,False,15,5,20,0,0,0,0,0,0,[],0.0,S56,5.59,15,5,20,0.0,,-0.314425,-7.549259,-7.863685,False,False,12,S32,True,1,0.6219,do_nothing,,,,,,,,,,,,,,,,,,,,,,,,,,,,,,,,,,,,,,,,,,,,,,,,,,,,
50,19,9,43,S56,False,15,5,20,9,0,0,1,0,0,"['B524', 'B334', 'B531', 'B253', 'B216', 'B632', 'B389', 'B349', 'B505', 'B131']",5.0,S32,1.58,6,6,12,0.0,,-0.217962,-7.565901,-7.783863,True,True,30,S32,False,12,0.6943,delivery+depot_removal,,,,,,,,,,,,,,,,,,,,,,,,,,,,,,,,,,,,,,,,,,,,,,,,,,,,
50,19,9,49,S32,False,6,6,12,6,0,0,0,0,0,"['B132', 'B573', 'B449', 'B743', 'B287', 'B391']",3.0,S52,3.72,0,6,6,0.0,,-0.098518,-7.543998,-7.642515,True,False,24,S37,True,16,0.7913,delivery,,,,,,,,,,,,,,,,,,,,,,,,,,,,,,,,,,,,,,,,,,,,,,,,,,,,
50,19,9,56,S52,False,0,6,6,0,8,0,0,0,0,"['B466', 'B479', 'B481', 'B618', 'B364', 'B167', 'B433', 'B688']",4.0,S15,4.21,8,6,14,0.0,,-0.058571,-7.549355,-7.607926,False,False,18,S37,True,6,0.6023,pickup,,,,,,,,,,,,,,,,,,,,,,,,,,,,,,,,,,,,,,,,,,,,,,,,,,,,
50,19,10,4,S15,False,8,6,14,8,0,0,0,0,0,"['B466', 'B479', 'B481', 'B618', 'B364', 'B167', 'B433', 'B688']",4.0,S37,4.99,0,6,6,0.0,,-0.256208,-7.458089,-7.714297,False,False,12,S37,False,6,0.3247,delivery,,,,,,,,,,,,,,,,,,,,,,,,,,,,,,,,,,,,,,,,,,,,,,,,,,,,
50,19,10,13,S37,False,0,6,6,0,14,0,0,0,0,"['B534', 'B4', 'B194', 'B584', 'B537', 'B401', 'B450', 'B446', 'B655', 'B542', 'B363', 'B619', 'B440', 'B105']",7.0,S29,6.23,14,6,20,0.0,,-0.038899,-7.435149,-7.474047,False,False,12,S29,False,6,0.4033,pickup,,,,,,,,,,,,,,,,,,,,,,,,,,,,,,,,,,,,,,,,,,,,,,,,,,,,
50,19,10,26,S29,False,14,6,20,14,0,0,0,0,0,"['B534', 'B4', 'B194', 'B584', 'B537', 'B401', 'B450', 'B446', 'B655', 'B542', 'B363', 'B619', 'B440', 'B105']",7.0,S16,5.41,0,6,6,0.0,,-0.237132,-7.409263,-7.646396,False,False,12,S7,True,10,0.3928,delivery,,,,,,,,,,,,,,,,,,,,,,,,,,,,,,,,,,,,,,,,,,,,,,,,,,,,
50,19,10,39,S16,False,0,6,6,0,7,0,0,0,0,"['B184', 'B500', 'B509', 'B162', 'B630', 'B724', 'B182']",3.5,S61,3.01,7,6,13,0.0,,-0.353221,-7.632589,-7.98581,False,False,18,S63,True,10,0.5741,pickup,,,,,,,,,,,,,,,,,,,,,,,,,,,,,,,,,,,,,,,,,,,,,,,,,,,,
50,19,10,45,S61,False,7,6,13,0,0,1,0,0,0,[],3.0,S28,10.07,7,6,13,0.0,,-0.196588,-7.469783,-7.66637,True,True,24,S33,True,6,1.0306,do_nothing+onsite,,,,,,,,,,,,,,,,,,,,,,,,,,,,,,,,,,,,,,,,,,,,,,,,,,,,
50,19,10,58,S28,False,7,6,13,7,0,0,0,0,0,"['B184', 'B500', 'B509', 'B162', 'B630', 'B724', 'B182']",3.5,S54,13.18,0,6,6,0.0,,-0.236478,-7.438532,-7.67501,False,False,12,S54,False,7,0.3762,delivery,,,,,,,,,,,,,,,,,,,,,,,,,,,,,,,,,,,,,,,,,,,,,,,,,,,,
50,19,11,15,S54,False,0,6,6,0,12,0,0,0,0,"['B243', 'B744', 'B695', 'B664', 'B406', 'B580', 'B359', 'B650', 'B577', 'B239', 'B643', 'B251']",6.0,S10,1.21,12,6,18,0.0,,-0.353423,-7.610315,-7.963737,False,False,18,S63,True,6,0.7793,pickup,,,,,,,,,,,,,,,,,,,,,,,,,,,,,,,,,,,,,,,,,,,,,,,,,,,,
50,19,11,22,S10,False,12,6,18,12,0,0,1,0,0,"['B470', 'B243', 'B744', 'B695', 'B664', 'B406', 'B580', 'B359', 'B650', 'B577', 'B239', 'B643', 'B251']",6.5,S63,4.83,0,7,7,0.0,,-0.549405,-7.782318,-8.331723,True,True,36,S26,True,30,1.9261,delivery+depot_removal,,,,,,,,,,,,,,,,,,,,,,,,,,,,,,,,,,,,,,,,,,,,,,,,,,,,
50,19,11,34,S63,False,0,7,7,0,13,0,0,0,0,"['B290', 'B86', 'B338', 'B682', 'B116', 'B279', 'B223', 'B556', 'B540', 'B728', 'B765', 'B489', 'B303']",6.5,S42,7.96,13,7,20,0.0,,-0.569532,-7.657889,-8.227421,True,False,18,S53,True,14,1.9878,pickup,,,,,,,,,,,,,,,,,,,,,,,,,,,,,,,,,,,,,,,,,,,,,,,,,,,,
50,19,11,48,S42,False,13,7,20,13,0,0,0,0,0,"['B290', 'B86', 'B338', 'B682', 'B116', 'B279', 'B223', 'B556', 'B540', 'B728', 'B765', 'B489', 'B303']",6.5,S58,9.82,0,7,7,0.0,,-0.21621,-7.703254,-7.919464,True,False,42,S28,True,24,2.6516,delivery,,,,,,,,,,,,,,,,,,,,,,,,,,,,,,,,,,,,,,,,,,,,,,,,,,,,
50,19,12,4,S58,False,0,7,7,0,13,0,0,0,0,"['B191', 'B126', 'B755', 'B476', 'B240', 'B10', 'B552', 'B52', 'B296', 'B96', 'B681', 'B103', 'B727']",6.5,S7,9.38,13,7,20,0.0,,-0.373145,-7.693023,-8.066168,True,False,36,S37,True,21,3.6952,pickup,,,,,,,,,,,,,,,,,,,,,,,,,,,,,,,,,,,,,,,,,,,,,,,,,,,,
50,19,12,20,S7,False,13,7,20,13,0,0,0,0,0,"['B191', 'B126', 'B755', 'B476', 'B240', 'B10', 'B552', 'B52', 'B296', 'B96', 'B681', 'B103', 'B727']",6.5,S37,9.25,0,7,7,0.0,,-0.844258,-7.777728,-8.621986,False,False,12,S37,False,6,0.9599,delivery,,,,,,,,,,,,,,,,,,,,,,,,,,,,,,,,,,,,,,,,,,,,,,,,,,,,
50,19,12,36,S37,False,0,7,7,0,13,1,0,0,0,"['B179', 'B423', 'B622', 'B510', 'B80', 'B228', 'B614', 'B677', 'B635', 'B202', 'B354', 'B298', 'B696']",9.5,S4,0.75,13,7,20,0.0,,-0.668593,-7.766388,-8.434981,True,True,24,S4,True,18,1.8299,pickup+onsite,,,,,,,,,,,,,,,,,,,,,,,,,,,,,,,,,,,,,,,,,,,,,,,,,,,,
50,19,12,46,S4,False,13,7,20,11,0,0,0,0,0,"['B179', 'B423', 'B622', 'B510', 'B80', 'B228', 'B614', 'B677', 'B635', 'B202', 'B354']",5.5,S15,4.54,2,7,9,0.0,,-0.785946,-7.629201,-8.415147,False,False,18,S15,False,6,1.3238,delivery,,,,,,,,,,,,,,,,,,,,,,,,,,,,,,,,,,,,,,,,,,,,,,,,,,,,
50,19,12,56,S15,False,2,7,9,0,0,0,0,0,0,[],0.0,S51,8.59,2,7,9,0.0,,-0.236483,-7.802756,-8.039239,False,False,12,S33,True,1,1.1552,do_nothing,,,,,,,,,,,,,,,,,,,,,,,,,,,,,,,,,,,,,,,,,,,,,,,,,,,,
50,19,13,5,S51,False,2,7,9,0,0,0,2,0,0,"['B293', 'B365']",1.0,S28,16.62,2,9,11,0.0,,-0.314874,-7.79127,-8.106144,True,True,48,S12,True,14,2.6265,do_nothing+depot_removal,,,,,,,,,,,,,,,,,,,,,,,,,,,,,,,,,,,,,,,,,,,,,,,,,,,,
50,19,13,23,S28,False,2,9,11,2,0,0,0,0,0,"['B298', 'B696']",1.0,S60,9.27,0,9,9,0.0,,-0.985868,-7.898182,-8.88405,False,False,12,S33,True,6,0.4947,delivery,,,,,,,,,,,,,,,,,,,,,,,,,,,,,,,,,,,,,,,,,,,,,,,,,,,,
50,19,13,33,S60,False,0,9,9,0,11,0,0,0,0,"['B19', 'B747', 'B276', 'B608', 'B500', 'B184', 'B509', 'B28', 'B33', 'B626', 'B132']",5.5,S27,3.14,11,9,20,0.0,,-0.373999,-7.746901,-8.1209,False,False,12,S41,True,7,0.7062,pickup,,,,,,,,,,,,,,,,,,,,,,,,,,,,,,,,,,,,,,,,,,,,,,,,,,,,
50,19,13,41,S27,False,11,9,20,11,0,0,0,0,0,"['B19', 'B747', 'B276', 'B608', 'B500', 'B184', 'B509', 'B28', 'B33', 'B626', 'B132']",5.5,S40,2.68,0,9,9,0.0,,-1.02527,-7.747682,-8.772952,False,False,12,S44,True,7,0.4009,delivery,,,,,,,,,,,,,,,,,,,,,,,,,,,,,,,,,,,,,,,,,,,,,,,,,,,,
50,19,13,50,S40,False,0,9,9,0,11,0,0,0,0,"['B568', 'B171', 'B301', 'B23', 'B159', 'B89', 'B87', 'B630', 'B224', 'B767', 'B133']",5.5,S44,2.76,11,9,20,0.0,,-0.827438,-7.807168,-8.634607,True,False,30,S42,True,26,2.0721,pickup,,,,,,,,,,,,,,,,,,,,,,,,,,,,,,,,,,,,,,,,,,,,,,,,,,,,
50,19,13,58,S44,False,11,9,20,11,0,0,0,0,0,"['B568', 'B171', 'B301', 'B23', 'B159', 'B89', 'B87', 'B630', 'B224', 'B767', 'B133']",5.5,S42,8.11,0,9,9,0.0,,-1.024924,-7.920116,-8.94504,True,False,36,S43,True,13,2.0251,delivery,,,,,,,,,,,,,,,,,,,,,,,,,,,,,,,,,,,,,,,,,,,,,,,,,,,,
50,19,14,12,S42,False,0,9,9,0,11,0,0,0,0,"['B290', 'B746', 'B688', 'B483', 'B181', 'B53', 'B140', 'B620', 'B716', 'B249', 'B258']",5.5,S26,6.95,11,9,20,0.0,,-0.787432,-7.803687,-8.59112,True,False,36,S12,True,18,1.4048,pickup,,,,,,,,,,,,,,,,,,,,,,,,,,,,,,,,,,,,,,,,,,,,,,,,,,,,
50,19,14,24,S26,False,11,9,20,11,0,0,0,0,0,"['B290', 'B746', 'B688', 'B483', 'B181', 'B53', 'B140', 'B620', 'B716', 'B249', 'B258']",5.5,S12,13.22,0,9,9,0.0,,-0.374349,-7.737654,-8.112003,False,False,12,S65,True,7,0.4667,delivery,,,,,,,,,,,,,,,,,,,,,,,,,,,,,,,,,,,,,,,,,,,,,,,,,,,,
50,19,14,43,S12,False,0,9,9,0,11,0,0,0,0,"['B737', 'B110', 'B372', 'B331', 'B45', 'B139', 'B445', 'B253', 'B482', 'B123', 'B395']",5.5,S15,10.6,11,9,20,0.0,,-0.236232,-7.626419,-7.862651,False,False,18,S33,True,7,0.9003,pickup,,,,,,,,,,,,,,,,,,,,,,,,,,,,,,,,,,,,,,,,,,,,,,,,,,,,
50,19,14,59,S15,False,11,9,20,11,0,0,0,0,0,"['B737', 'B110', 'B372', 'B331', 'B45', 'B139', 'B445', 'B253', 'B482', 'B123', 'B395']",5.5,S40,2.5,0,9,9,0.0,,-0.31463,-7.760363,-8.074993,False,False,12,S65,True,6,0.4978,delivery,,,,,,,,,,,,,,,,,,,,,,,,,,,,,,,,,,,,,,,,,,,,,,,,,,,,
50,19,15,7,S40,False,0,9,9,0,8,0,0,0,0,"['B127', 'B720', 'B621', 'B764', 'B694', 'B498', 'B363', 'B467']",4.0,S65,6.32,8,9,17,0.0,,-0.550805,-7.587234,-8.13804,True,False,36,S18,True,16,1.6201,pickup,,,,,,,,,,,,,,,,,,,,,,,,,,,,,,,,,,,,,,,,,,,,,,,,,,,,
50,19,15,17,S65,False,8,9,17,0,0,0,0,0,0,[],0.0,S41,2.23,8,9,17,0.0,,-0.629897,-7.55667,-8.186567,True,False,36,S61,True,0,1.9627,do_nothing,,,,,,,,,,,,,,,,,,,,,,,,,,,,,,,,,,,,,,,,,,,,,,,,,,,,
50,19,15,19,S41,False,8,9,17,8,0,0,0,0,0,"['B127', 'B720', 'B621', 'B764', 'B694', 'B498', 'B363', 'B467']",4.0,S61,2.24,0,9,9,0.0,,-0.55256,-7.550008,-8.102568,True,False,36,S61,False,21,1.3975,delivery,,,,,,,,,,,,,,,,,,,,,,,,,,,,,,,,,,,,,,,,,,,,,,,,,,,,
50,19,15,26,S61,False,0,9,9,0,8,0,0,0,0,"['B79', 'B217', 'B14', 'B234', 'B540', 'B450', 'B765', 'B35']",4.0,S45,3.27,8,9,17,0.0,,-0.691473,-7.499469,-8.190942,False,False,18,S17,True,7,0.7422,pickup,,,,,,,,,,,,,,,,,,,,,,,,,,,,,,,,,,,,,,,,,,,,,,,,,,,,
50,19,15,33,S45,False,8,9,17,0,0,0,0,0,0,[],0.0,S53,0.56,8,9,17,0.0,,-0.650135,-7.50975,-8.159885,True,False,24,S42,True,0,1.007,do_nothing,,,,,,,,,,,,,,,,,,,,,,,,,,,,,,,,,,,,,,,,,,,,,,,,,,,,
50,19,15,33,S53,False,8,9,17,8,0,0,0,0,0,"['B79', 'B217', 'B14', 'B234', 'B540', 'B450', 'B765', 'B35']",4.0,S35,5.18,0,9,9,0.0,,-0.335548,-7.460325,-7.795873,False,False,12,S42,True,10,0.5516,delivery,,,,,,,,,,,,,,,,,,,,,,,,,,,,,,,,,,,,,,,,,,,,,,,,,,,,
50,19,15,43,S35,False,0,9,9,0,11,0,0,0,0,"['B361', 'B389', 'B204', 'B481', 'B159', 'B89', 'B453', 'B88', 'B529', 'B11', 'B146']",5.5,S18,8.69,11,9,20,0.0,,-0.789691,-7.625447,-8.415138,False,False,12,S18,False,6,0.5592,pickup,,,,,,,,,,,,,,,,,,,,,,,,,,,,,,,,,,,,,,,,,,,,,,,,,,,,
50,19,15,57,S18,False,11,9,20,11,0,0,0,0,0,"['B361', 'B389', 'B204', 'B481', 'B159', 'B89', 'B453', 'B88', 'B529', 'B11', 'B146']",5.5,S31,1.71,0,9,9,0.0,,-0.494737,-7.630577,-8.125314,True,False,24,S31,False,6,1.4311,delivery,,,,,,,,,,,,,,,,,,,,,,,,,,,,,,,,,,,,,,,,,,,,,,,,,,,,
50,19,16,4,S31,False,0,9,9,0,11,0,0,0,0,"['B419', 'B535', 'B1', 'B235', 'B600', 'B512', 'B230', 'B83', 'B237', 'B51', 'B699']",5.5,S25,10.09,11,9,20,0.0,,-0.274732,-7.565739,-7.84047,True,False,72,S26,True,55,4.3951,pickup,,,,,,,,,,,,,,,,,,,,,,,,,,,,,,,,,,,,,,,,,,,,,,,,,,,,
50,19,16,20,S25,False,11,9,20,11,0,1,0,0,0,"['B419', 'B535', 'B1', 'B235', 'B600', 'B512', 'B230', 'B83', 'B237', 'B51', 'B699']",8.5,S64,10.95,0,9,9,0.0,,-0.632349,-7.56092,-8.193269,True,True,48,S41,True,31,3.0761,delivery+onsite,,,,,,,,,,,,,,,,,,,,,,,,,,,,,,,,,,,,,,,,,,,,,,,,,,,,
50,19,16,39,S64,False,0,9,9,0,7,0,0,0,0,"['B711', 'B616', 'B392', 'B697', 'B283', 'B564', 'B565']",3.5,S32,6.35,7,9,16,0.0,,-0.452592,-7.600438,-8.05303,True,False,54,S31,True,21,2.3169,pickup,,,,,,,,,,,,,,,,,,,,,,,,,,,,,,,,,,,,,,,,,,,,,,,,,,,,
50,19,16,49,S32,False,7,9,16,7,0,0,0,0,0,"['B711', 'B616', 'B392', 'B697', 'B283', 'B564', 'B565']",3.5,S21,8.36,0,9,9,0.0,,-0.689328,-7.557921,-8.247248,True,False,24,S66,True,16,1.3665,delivery,,,,,,,,,,,,,,,,,,,,,,,,,,,,,,,,,,,,,,,,,,,,,,,,,,,,
50,19,17,1,S21,False,0,9,9,0,7,0,0,0,0,"['B685', 'B555', 'B279', 'B223', 'B334', 'B265', 'B684']",3.5,S26,9.59,7,9,16,0.0,,-0.51191,-7.584043,-8.095953,True,False,36,S66,True,13,1.6952,pickup,,,,,,,,,,,,,,,,,,,,,,,,,,,,,,,,,,,,,,,,,,,,,,,,,,,,
50,19,17,14,S26,False,7,9,16,7,0,0,0,0,0,"['B685', 'B555', 'B279', 'B223', 'B334', 'B265', 'B684']",3.5,S66,5.64,0,9,9,0.0,,-0.376549,-7.462828,-7.839376,False,False,12,S43,True,6,0.539,delivery,,,,,,,,,,,,,,,,,,,,,,,,,,,,,,,,,,,,,,,,,,,,,,,,,,,,
50,19,17,23,S66,False,0,9,9,0,11,0,0,0,0,"['B646', 'B110', 'B608', 'B483', 'B476', 'B312', 'B160', 'B328', 'B694', 'B3', 'B544']",5.5,S51,7.67,11,9,20,0.0,,-0.25796,-7.48371,-7.741671,False,False,12,S41,True,8,0.5854,pickup,,,,,,,,,,,,,,,,,,,,,,,,,,,,,,,,,,,,,,,,,,,,,,,,,,,,
50,19,17,36,S51,False,11,9,20,11,0,0,0,0,0,"['B646', 'B110', 'B608', 'B483', 'B476', 'B312', 'B160', 'B328', 'B694', 'B3', 'B544']",5.5,S63,3.43,0,9,9,0.0,,-0.43187,-7.505858,-7.937727,True,False,24,S63,False,6,2.1547,delivery,,,,,,,,,,,,,,,,,,,,,,,,,,,,,,,,,,,,,,,,,,,,,,,,,,,,
50,19,17,45,S63,False,0,9,9,0,0,0,1,0,0,['B407'],0.5,S43,0.64,0,10,10,0.0,,-0.17776,-7.704042,-7.881803,True,True,24,S43,True,7,1.2653,do_nothing+depot_removal,,,,,,,,,,,,,,,,,,,,,,,,,,,,,,,,,,,,,,,,,,,,,,,,,,,,
50,19,17,46,S43,False,0,10,10,0,8,0,0,0,0,"['B722', 'B267', 'B516', 'B441', 'B586', 'B306', 'B130', 'B546']",4.0,S29,5.89,8,10,18,0.0,,-0.275779,-7.683822,-7.959601,True,False,150,S63,True,60,6.5657,pickup,,,,,,,,,,,,,,,,,,,,,,,,,,,,,,,,,,,,,,,,,,,,,,,,,,,,
50,19,17,56,S29,False,8,10,18,8,0,0,0,0,0,"['B722', 'B267', 'B516', 'B441', 'B586', 'B306', 'B130', 'B546']",4.0,S63,5.25,0,10,10,0.0,,-0.375746,-7.607843,-7.983589,False,False,12,S16,True,7,0.5134,delivery,,,,,,,,,,,,,,,,,,,,,,,,,,,,,,,,,,,,,,,,,,,,,,,,,,,,
50,19,18,5,S63,False,0,10,10,0,10,0,0,0,0,"['B330', 'B343', 'B717', 'B645', 'B80', 'B648', 'B579', 'B623', 'B404', 'B48']",5.0,S65,7.4,10,10,20,0.0,,-0.177411,-7.600408,-7.777819,True,False,18,S45,True,13,1.2532,pickup,,,,,,,,,,,,,,,,,,,,,,,,,,,,,,,,,,,,,,,,,,,,,,,,,,,,
50,19,18,18,S65,False,10,10,20,10,0,0,0,0,0,"['B330', 'B343', 'B717', 'B645', 'B80', 'B648', 'B579', 'B623', 'B404', 'B48']",5.0,S1,11.28,0,10,10,0.0,,-0.295807,-7.408573,-7.70438,True,False,18,S31,True,10,0.977,delivery,,,,,,,,,,,,,,,,,,,,,,,,,,,,,,,,,,,,,,,,,,,,,,,,,,,,
50,19,18,34,S1,False,0,10,10,0,10,0,0,0,0,"['B143', 'B164', 'B403', 'B689', 'B379', 'B16', 'B138', 'B416', 'B344', 'B266']",5.0,S8,7.29,10,10,20,0.0,,-0.078596,-7.379055,-7.457652,False,False,12,S8,False,6,0.6129,pickup,,,,,,,,,,,,,,,,,,,,,,,,,,,,,,,,,,,,,,,,,,,,,,,,,,,,
50,19,18,46,S8,False,10,10,20,10,0,1,0,0,0,"['B143', 'B164', 'B403', 'B689', 'B379', 'B16', 'B138', 'B416', 'B344', 'B266']",8.0,S11,5.36,0,10,10,0.0,,-0.039347,-7.270569,-7.309917,True,True,48,S36,True,32,2.8927,delivery+onsite,,,,,,,,,,,,,,,,,,,,,,,,,,,,,,,,,,,,,,,,,,,,,,,,,,,,
50,19,19,0,S11,False,0,10,10,0,8,1,0,0,0,"['B74', 'B501', 'B536', 'B43', 'B183', 'B474', 'B92', 'B368']",7.0,S48,10.85,8,10,18,0.0,,-0.099569,-7.428064,-7.527633,True,True,108,S33,True,54,6.1146,pickup+onsite,,,,,,,,,,,,,,,,,,,,,,,,,,,,,,,,,,,,,,,,,,,,,,,,,,,,
50,19,19,17,S48,False,8,10,18,8,0,0,0,0,0,"['B74', 'B501', 'B536', 'B43', 'B183', 'B474', 'B92', 'B368']",4.0,S16,4.23,0,10,10,0.0,,-0.019924,-7.461555,-7.481479,False,False,12,S16,False,10,0.9292,delivery,,,,,,,,,,,,,,,,,,,,,,,,,,,,,,,,,,,,,,,,,,,,,,,,,,,,
50,19,19,26,S16,False,0,10,10,0,9,0,0,0,0,"['B371', 'B321', 'B238', 'B104', 'B281', 'B148', 'B607', 'B187', 'B221']",4.5,S44,0.23,9,10,19,0.0,,-0.039697,-7.375973,-7.41567,True,False,30,S33,True,19,2.3075,pickup,,,,,,,,,,,,,,,,,,,,,,,,,,,,,,,,,,,,,,,,,,,,,,,,,,,,
50,19,19,30,S44,False,9,10,19,0,0,1,0,0,0,[],3.0,S61,2.79,9,10,19,0.0,,-0.019823,-7.392704,-7.412527,True,True,72,S12,True,13,6.6415,do_nothing+onsite,,,,,,,,,,,,,,,,,,,,,,,,,,,,,,,,,,,,,,,,,,,,,,,,,,,,
50,19,19,36,S61,False,9,10,19,9,0,0,0,0,0,"['B371', 'B321', 'B238', 'B104', 'B281', 'B148', 'B607', 'B187', 'B221']",4.5,S64,1.43,0,10,10,0.0,,0.0,-7.43155,-7.43155,False,False,10,S33,True,8,0.8181,delivery,,,,,,,,,,,,,,,,,,,,,,,,,,,,,,,,,,,,,,,,,,,,,,,,,,,,
50,19,19,42,S64,False,0,10,10,0,0,0,0,0,0,[],0.0,S33,3.13,0,10,10,0.0,,0.0,-7.379997,-7.379997,True,False,20,S33,True,1,0.8978,do_nothing,,,,,,,,,,,,,,,,,,,,,,,,,,,,,,,,,,,,,,,,,,,,,,,,,,,,
50,19,19,45,S33,False,0,10,10,0,10,0,0,0,0,"['B196', 'B31', 'B534', 'B167', 'B715', 'B440', 'B560', 'B339', 'B280', 'B108']",5.0,D0,0.94,10,10,20,0.0,,-0.039248,-7.446684,-7.485931,True,False,3,D0,False,2,0.0865,pickup,,,,,,,,,,,,,,,,,,,,,,,,,,,,,,,,,,,,,,,,,,,,,,,,,,,,
50,19,19,51,D0,True,10,10,20,0,0,0,0,10,0,"['B494', 'B651', 'B709', 'B13', 'B601', 'B524', 'B470', 'B293', 'B365', 'B407']",5.0,D0,0.0,10,0,10,0.0,,-0.05947,-7.499442,-7.558912,True,True,1,D0,False,0,0.0353,do_nothing,,,,,,,,,,,,,,,,,,,,,,,,,,,,,,,,,,,,,,,,,,,,,,,,,,,,
50,20,6,11,D0,True,10,0,10,0,0,0,0,0,10,"['B547', 'B541', 'B409', 'B468', 'B82', 'B76', 'B57', 'B376', 'B150', 'B55']",5.0,S55,2.3,20,0,20,0.0,,-0.118889,-7.831544,-7.950433,True,True,5,S23,True,1,0.2134,load_queue,,,,,,,,,,,,,,,,,,,,,,,,,,,,,,,,,,,,,,,,,,,,,,,,,,,,
50,20,6,34,S55,False,20,0,20,12,0,0,0,0,0,"['B196', 'B31', 'B534', 'B167', 'B715', 'B440', 'B560', 'B339', 'B280', 'B108', 'B547', 'B541']",6.0,S66,6.13,8,0,8,0.0,,-0.137767,-7.790755,-7.928522,False,False,18,S23,True,12,1.4851,delivery,,,,,,,,,,,,,,,,,,,,,,,,,,,,,,,,,,,,,,,,,,,,,,,,,,,,
50,20,6,46,S66,False,8,0,8,0,12,0,0,0,0,"['B225', 'B725', 'B604', 'B243', 'B106', 'B613', 'B184', 'B217', 'B500', 'B95', 'B161', 'B342']",6.0,S23,5.09,20,0,20,0.0,,-0.335199,-7.616462,-7.95166,False,False,12,S23,False,6,1.0375,pickup,,,,,,,,,,,,,,,,,,,,,,,,,,,,,,,,,,,,,,,,,,,,,,,,,,,,
50,20,6,57,S23,False,20,0,20,13,0,0,0,0,0,"['B409', 'B468', 'B82', 'B76', 'B57', 'B376', 'B150', 'B55', 'B225', 'B725', 'B604', 'B243', 'B106']",6.5,S51,11.83,7,0,7,0.0,,-0.177211,-7.729492,-7.906703,True,False,30,S51,True,6,5.1987,delivery,,,,,,,,,,,,,,,,,,,,,,,,,,,,,,,,,,,,,,,,,,,,,,,,,,,,
50,20,7,15,S51,False,7,0,7,0,8,0,1,0,0,"['B20', 'B435', 'B683', 'B432', 'B666', 'B552', 'B127', 'B8', 'B766']",4.5,S21,12.4,15,1,16,0.0,,-0.178917,-7.609265,-7.788182,True,True,54,S18,True,26,5.8883,pickup+depot_removal,,,,,,,,,,,,,,,,,,,,,,,,,,,,,,,,,,,,,,,,,,,,,,,,,,,,
50,20,7,32,S21,False,15,1,16,11,0,1,0,0,0,"['B613', 'B184', 'B217', 'B500', 'B95', 'B161', 'B342', 'B20', 'B435', 'B683', 'B432']",8.5,S17,10.33,4,1,5,0.0,,-0.078643,-7.655337,-7.73398,True,True,24,S65,True,18,2.3629,delivery+onsite,,,,,,,,,,,,,,,,,,,,,,,,,,,,,,,,,,,,,,,,,,,,,,,,,,,,
50,20,7,51,S17,False,4,1,5,0,15,0,0,0,0,"['B492', 'B514', 'B460', 'B135', 'B638', 'B346', 'B219', 'B30', 'B674', 'B98', 'B304', 'B115', 'B526', 'B340', 'B288']",7.5,S19,14.14,19,1,20,0.0,,-0.176262,-7.57435,-7.750612,True,False,24,S19,False,13,1.6021,pickup,,,,,,,,,,,,,,,,,,,,,,,,,,,,,,,,,,,,,,,,,,,,,,,,,,,,
50,20,8,12,S19,False,19,1,20,8,0,0,2,0,0,"['B745', 'B37', 'B666', 'B552', 'B127', 'B8', 'B492', 'B514', 'B460', 'B135']",5.0,S53,4.85,11,3,14,0.0,,-0.05867,-7.61905,-7.67772,True,True,126,S53,True,30,7.3059,delivery+depot_removal,,,,,,,,,,,,,,,,,,,,,,,,,,,,,,,,,,,,,,,,,,,,,,,,,,,,
50,20,8,22,S53,False,11,3,14,11,0,0,0,0,0,"['B638', 'B346', 'B219', 'B30', 'B674', 'B98', 'B304', 'B115', 'B526', 'B340', 'B288']",5.5,S31,4.82,0,3,3,0.0,,-0.019723,-7.535742,-7.555465,True,False,24,S23,True,14,1.6535,delivery,,,,,,,,,,,,,,,,,,,,,,,,,,,,,,,,,,,,,,,,,,,,,,,,,,,,
50,20,8,33,S31,False,0,3,3,0,17,0,0,0,0,"['B728', 'B259', 'B155', 'B504', 'B21', 'B333', 'B653', 'B158', 'B679', 'B454', 'B15', 'B19', 'B615', 'B716', 'B449', 'B18', 'B578']",8.5,S65,3.2,17,3,20,0.0,,-0.098217,-7.442751,-7.540968,True,False,168,S18,True,146,8.3159,pickup,,,,,,,,,,,,,,,,,,,,,,,,,,,,,,,,,,,,,,,,,,,,,,,,,,,,
50,20,8,44,S65,False,17,3,20,11,0,0,0,0,0,"['B728', 'B259', 'B155', 'B504', 'B21', 'B333', 'B653', 'B158', 'B679', 'B454', 'B15']",5.5,S41,2.23,6,3,9,0.0,,-0.039548,-7.454603,-7.494151,True,False,30,S41,False,9,1.7354,delivery,,,,,,,,,,,,,,,,,,,,,,,,,,,,,,,,,,,,,,,,,,,,,,,,,,,,
50,20,8,52,S41,False,6,3,9,6,0,0,0,0,0,"['B19', 'B615', 'B716', 'B449', 'B18', 'B578']",3.0,S61,2.24,0,3,3,0.0,,-0.117692,-7.380929,-7.498621,True,False,36,S18,True,22,3.0485,delivery,,,,,,,,,,,,,,,,,,,,,,,,,,,,,,,,,,,,,,,,,,,,,,,,,,,,
50,20,8,57,S61,False,0,3,3,0,8,0,0,0,0,"['B531', 'B411', 'B299', 'B145', 'B23', 'B144', 'B634', 'B682']",4.0,S52,2.0,8,3,11,0.0,,-0.059221,-7.438,-7.497221,False,False,18,S18,True,8,2.3437,pickup,,,,,,,,,,,,,,,,,,,,,,,,,,,,,,,,,,,,,,,,,,,,,,,,,,,,
50,20,9,3,S52,False,8,3,11,0,7,0,0,0,0,"['B488', 'B448', 'B732', 'B451', 'B26', 'B56', 'B129']",3.5,S58,1.84,15,3,18,0.0,,-0.058373,-7.577188,-7.635561,True,False,36,S5,True,12,5.4535,pickup,,,,,,,,,,,,,,,,,,,,,,,,,,,,,,,,,,,,,,,,,,,,,,,,,,,,
50,20,9,9,S58,False,15,3,18,12,0,1,0,0,0,"['B531', 'B411', 'B299', 'B145', 'B23', 'B144', 'B634', 'B682', 'B488', 'B448', 'B732', 'B451']",9.0,S5,11.69,3,3,6,0.0,,-0.039347,-7.58192,-7.621267,True,True,54,S38,True,44,4.5619,delivery+onsite,,,,,,,,,,,,,,,,,,,,,,,,,,,,,,,,,,,,,,,,,,,,,,,,,,,,
50,20,9,29,S5,False,3,3,6,0,14,0,0,0,0,"['B323', 'B464', 'B263', 'B236', 'B78', 'B222', 'B520', 'B188', 'B355', 'B507', 'B270', 'B226', 'B495', 'B597']",7.0,S41,7.89,17,3,20,0.0,,-0.177963,-7.573574,-7.751537,True,False,24,S34,True,15,0.8937,pickup,,,,,,,,,,,,,,,,,,,,,,,,,,,,,,,,,,,,,,,,,,,,,,,,,,,,
50,20,9,44,S41,False,17,3,20,0,0,0,0,0,0,[],0.0,S30,0.92,17,3,20,0.0,,-0.236383,-7.687526,-7.923909,True,False,42,S30,True,0,3.6629,do_nothing,,,,,,,,,,,,,,,,,,,,,,,,,,,,,,,,,,,,,,,,,,,,,,,,,,,,
50,20,9,45,S30,False,17,3,20,9,0,0,1,0,0,"['B704', 'B26', 'B56', 'B129', 'B323', 'B464', 'B263', 'B236', 'B78', 'B222']",5.0,S66,1.88,8,4,12,0.0,,-0.177014,-7.651251,-7.828265,True,True,30,S66,False,12,1.0395,delivery+depot_removal,,,,,,,,,,,,,,,,,,,,,,,,,,,,,,,,,,,,,,,,,,,,,,,,,,,,
50,20,9,52,S66,False,8,4,12,8,0,0,0,0,0,"['B520', 'B188', 'B355', 'B507', 'B270', 'B226', 'B495', 'B597']",4.0,S38,3.69,0,4,4,0.0,,-0.274532,-7.618988,-7.89352,False,False,12,S38,False,10,0.9221,delivery,,,,,,,,,,,,,,,,,,,,,,,,,,,,,,,,,,,,,,,,,,,,,,,,,,,,
50,20,10,0,S38,False,0,4,4,0,8,0,0,0,0,"['B311', 'B156', 'B282', 'B554', 'B639', 'B385', 'B38', 'B753']",4.0,S12,7.06,8,4,12,0.0,,-0.158888,-7.375915,-7.534803,False,False,18,S12,False,7,1.0107,pickup,,,,,,,,,,,,,,,,,,,,,,,,,,,,,,,,,,,,,,,,,,,,,,,,,,,,
50,20,10,11,S12,False,8,4,12,0,8,0,0,0,0,"['B271', 'B673', 'B664', 'B216', 'B711', 'B616', 'B502', 'B570']",4.0,S42,10.97,16,4,20,0.0,,-0.216612,-7.495273,-7.711885,False,False,12,S42,False,6,0.9139,pickup,,,,,,,,,,,,,,,,,,,,,,,,,,,,,,,,,,,,,,,,,,,,,,,,,,,,
50,20,10,26,S42,False,16,4,20,13,0,0,2,0,0,"['B398', 'B758', 'B311', 'B156', 'B282', 'B554', 'B639', 'B385', 'B38', 'B753', 'B271', 'B673', 'B664', 'B216', 'B711']",7.5,S41,10.8,3,6,9,0.0,,-0.333905,-7.476237,-7.810143,True,True,42,S41,False,37,2.0584,delivery+depot_removal,,,,,,,,,,,,,,,,,,,,,,,,,,,,,,,,,,,,,,,,,,,,,,,,,,,,
50,20,10,44,S41,False,3,6,9,3,0,0,0,0,0,"['B616', 'B502', 'B570']",1.5,S23,3.8,0,6,6,0.0,,-0.51096,-7.430967,-7.941927,True,False,36,S36,True,19,1.9766,delivery,,,,,,,,,,,,,,,,,,,,,,,,,,,,,,,,,,,,,,,,,,,,,,,,,,,,
50,20,10,49,S23,False,0,6,6,0,10,0,0,0,0,"['B57', 'B376', 'B150', 'B55', 'B225', 'B725', 'B604', 'B243', 'B106', 'B18']",5.0,S41,3.8,10,6,16,0.0,,-0.15794,-7.372101,-7.530041,True,False,36,S13,True,28,2.76,pickup,,,,,,,,,,,,,,,,,,,,,,,,,,,,,,,,,,,,,,,,,,,,,,,,,,,,
50,20,10,58,S41,False,10,6,16,0,0,0,0,0,0,[],0.0,S32,7.65,10,6,16,0.0,,-0.21701,-7.373152,-7.590162,True,False,36,S32,False,2,2.5062,do_nothing,,,,,,,,,,,,,,,,,,,,,,,,,,,,,,,,,,,,,,,,,,,,,,,,,,,,
50,20,11,6,S32,False,10,6,16,10,0,0,0,0,0,"['B57', 'B376', 'B150', 'B55', 'B225', 'B725', 'B604', 'B243', 'B106', 'B18']",5.0,S57,3.4,0,6,6,0.0,,-0.235384,-7.502119,-7.737503,True,False,24,S21,True,16,1.9529,delivery,,,,,,,,,,,,,,,,,,,,,,,,,,,,,,,,,,,,,,,,,,,,,,,,,,,,
50,20,11,14,S57,False,0,6,6,0,10,0,0,0,0,"['B680', 'B458', 'B244', 'B646', 'B174', 'B391', 'B565', 'B42', 'B676', 'B14']",5.0,S54,2.65,10,6,16,0.0,,-0.273629,-7.528462,-7.802092,False,False,18,S29,True,14,0.83,pickup,,,,,,,,,,,,,,,,,,,,,,,,,,,,,,,,,,,,,,,,,,,,,,,,,,,,
50,20,11,22,S54,False,10,6,16,10,0,2,0,0,0,"['B680', 'B458', 'B244', 'B646', 'B174', 'B391', 'B565', 'B42', 'B676', 'B14']",11.0,S55,0.95,0,6,6,0.0,,-0.434164,-7.394785,-7.82895,True,True,36,S46,True,31,1.9282,delivery+onsite,,,,,,,,,,,,,,,,,,,,,,,,,,,,,,,,,,,,,,,,,,,,,,,,,,,,
50,20,11,34,S55,False,0,6,6,0,10,0,0,0,0,"['B560', 'B339', 'B280', 'B108', 'B547', 'B541', 'B148', 'B281', 'B187', 'B607']",5.0,S10,2.1,10,6,16,0.0,,-0.196036,-7.392766,-7.588802,False,False,18,S32,True,15,0.8013,pickup,,,,,,,,,,,,,,,,,,,,,,,,,,,,,,,,,,,,,,,,,,,,,,,,,,,,
50,20,11,41,S10,False,10,6,16,10,0,0,0,0,0,"['B560', 'B339', 'B280', 'B108', 'B547', 'B541', 'B148', 'B281', 'B187', 'B607']",5.0,S18,6.27,0,6,6,0.0,,-0.275783,-7.361848,-7.637631,False,False,12,S18,False,7,0.655,delivery,,,,,,,,,,,,,,,,,,,,,,,,,,,,,,,,,,,,,,,,,,,,,,,,,,,,
50,20,11,52,S18,False,0,6,6,0,13,0,0,0,0,"['B443', 'B644', 'B647', 'B251', 'B537', 'B707', 'B345', 'B349', 'B687', 'B757', 'B633', 'B250', 'B154']",6.5,S61,1.44,13,6,19,0.0,,-0.156638,-7.466536,-7.623174,True,False,48,S46,True,19,3.4809,pickup,,,,,,,,,,,,,,,,,,,,,,,,,,,,,,,,,,,,,,,,,,,,,,,,,,,,
50,20,12,0,S61,False,13,6,19,0,0,0,0,0,0,[],0.0,S26,6.04,13,6,19,0.0,,-0.25476,-7.410627,-7.665387,False,False,18,S28,True,2,1.3036,do_nothing,,,,,,,,,,,,,,,,,,,,,,,,,,,,,,,,,,,,,,,,,,,,,,,,,,,,
50,20,12,6,S26,False,13,6,19,13,0,0,0,0,0,"['B443', 'B644', 'B647', 'B251', 'B537', 'B707', 'B345', 'B349', 'B687', 'B757', 'B633', 'B250', 'B154']",6.5,S30,6.33,0,6,6,0.0,,-0.158288,-7.293043,-7.451331,False,False,18,S30,False,16,1.1165,delivery,,,,,,,,,,,,,,,,,,,,,,,,,,,,,,,,,,,,,,,,,,,,,,,,,,,,
50,20,12,19,S30,False,0,6,6,0,6,0,0,0,0,"['B129', 'B323', 'B464', 'B263', 'B236', 'B78']",3.0,S47,1.18,6,6,12,0.0,,-0.137565,-7.350302,-7.487867,False,False,18,S0,True,15,1.0784,pickup,,,,,,,,,,,,,,,,,,,,,,,,,,,,,,,,,,,,,,,,,,,,,,,,,,,,
50,20,12,23,S47,False,6,6,12,6,0,0,0,0,0,"['B129', 'B323', 'B464', 'B263', 'B236', 'B78']",3.0,S51,9.57,0,6,6,0.0,,-0.177666,-7.283617,-7.461283,False,False,12,S51,False,9,1.2202,delivery,,,,,,,,,,,,,,,,,,,,,,,,,,,,,,,,,,,,,,,,,,,,,,,,,,,,
50,20,12,36,S51,False,0,6,6,0,10,2,1,0,0,"['B343', 'B54', 'B34', 'B52', 'B81', 'B466', 'B317', 'B591', 'B605', 'B56', 'B759']",11.5,S28,16.62,10,7,17,0.0,,-0.372797,-7.401978,-7.774774,True,True,108,S43,True,102,7.6926,pickup+maintenance,,,,,,,,,,,,,,,,,,,,,,,,,,,,,,,,,,,,,,,,,,,,,,,,,,,,
50,20,13,4,S28,False,10,7,17,10,0,0,0,0,0,"['B343', 'B54', 'B34', 'B52', 'B81', 'B466', 'B317', 'B591', 'B605', 'B56']",5.0,S21,18.1,0,7,7,0.0,,-0.196282,-7.407829,-7.604111,False,False,12,S21,False,9,0.9141,delivery,,,,,,,,,,,,,,,,,,,,,,,,,,,,,,,,,,,,,,,,,,,,,,,,,,,,
50,20,13,27,S21,False,0,7,7,0,8,0,0,0,0,"['B500', 'B95', 'B161', 'B342', 'B20', 'B435', 'B683', 'B432']",4.0,S13,20.39,8,7,15,0.0,,-0.453089,-7.468566,-7.921654,False,False,18,S54,True,13,1.1438,pickup,,,,,,,,,,,,,,,,,,,,,,,,,,,,,,,,,,,,,,,,,,,,,,,,,,,,
50,20,13,51,S13,False,8,7,15,8,0,0,0,0,0,"['B500', 'B95', 'B161', 'B342', 'B20', 'B435', 'B683', 'B432']",4.0,S54,13.97,0,7,7,0.0,,-0.296151,-7.508435,-7.804586,True,False,60,S22,True,31,2.3866,delivery,,,,,,,,,,,,,,,,,,,,,,,,,,,,,,,,,,,,,,,,,,,,,,,,,,,,
50,20,14,9,S54,False,0,7,7,0,13,0,0,0,0,"['B565', 'B42', 'B676', 'B14', 'B474', 'B629', 'B313', 'B24', 'B525', 'B590', 'B287', 'B577', 'B518']",6.5,S29,1.43,13,7,20,0.0,,-0.353028,-7.552046,-7.905074,False,False,12,S55,True,6,0.4833,pickup,,,,,,,,,,,,,,,,,,,,,,,,,,,,,,,,,,,,,,,,,,,,,,,,,,,,
50,20,14,17,S29,False,13,7,20,13,0,0,0,0,0,"['B565', 'B42', 'B676', 'B14', 'B474', 'B629', 'B313', 'B24', 'B525', 'B590', 'B287', 'B577', 'B518']",6.5,S55,2.12,0,7,7,0.0,,-0.394071,-7.468681,-7.862752,False,False,12,S55,False,6,0.6416,delivery,,,,,,,,,,,,,,,,,,,,,,,,,,,,,,,,,,,,,,,,,,,,,,,,,,,,
50,20,14,26,S55,False,0,7,7,0,13,1,0,0,0,"['B426', 'B511', 'B299', 'B517', 'B445', 'B253', 'B145', 'B220', 'B487', 'B636', 'B61', 'B553', 'B201']",9.5,S15,4.77,13,7,20,0.0,,-0.335051,-7.520977,-7.856028,True,True,24,S37,True,18,1.4128,pickup+onsite,,,,,,,,,,,,,,,,,,,,,,,,,,,,,,,,,,,,,,,,,,,,,,,,,,,,
50,20,14,40,S15,False,13,7,20,13,0,0,0,0,0,"['B426', 'B511', 'B299', 'B517', 'B445', 'B253', 'B145', 'B220', 'B487', 'B636', 'B61', 'B553', 'B201']",6.5,S7,8.41,0,7,7,0.0,,-0.177009,-7.468382,-7.645391,False,False,12,S37,True,10,0.6694,delivery,,,,,,,,,,,,,,,,,,,,,,,,,,,,,,,,,,,,,,,,,,,,,,,,,,,,
50,20,14,55,S7,False,0,7,7,0,10,0,0,0,0,"['B727', 'B197', 'B557', 'B414', 'B84', 'B720', 'B621', 'B612', 'B218', 'B386']",5.0,S26,9.03,10,7,17,0.0,,-0.312976,-7.496975,-7.80995,True,False,36,S37,True,25,2.0461,pickup,,,,,,,,,,,,,,,,,,,,,,,,,,,,,,,,,,,,,,,,,,,,,,,,,,,,
50,20,15,9,S26,False,10,7,17,10,0,0,0,0,0,"['B727', 'B197', 'B557', 'B414', 'B84', 'B720', 'B621', 'B612', 'B218', 'B386']",5.0,S37,7.79,0,7,7,0.0,,-0.297105,-7.250361,-7.547465,False,False,12,S42,True,6,2.0633,delivery,,,,,,,,,,,,,,,,,,,,,,,,,,,,,,,,,,,,,,,,,,,,,,,,,,,,
50,20,15,22,S37,False,0,7,7,0,13,0,0,0,0,"['B116', 'B126', 'B128', 'B444', 'B264', 'B25', 'B564', 'B555', 'B57', 'B225', 'B99', 'B41', 'B657']",6.5,S58,0.71,13,7,20,0.0,,-0.256953,-7.214841,-7.471794,False,False,12,S31,True,9,1.2118,pickup,,,,,,,,,,,,,,,,,,,,,,,,,,,,,,,,,,,,,,,,,,,,,,,,,,,,
50,20,15,29,S58,False,13,7,20,10,0,0,0,0,0,"['B116', 'B126', 'B128', 'B444', 'B264', 'B25', 'B564', 'B555', 'B57', 'B225']",5.0,S37,0.71,3,7,10,0.0,,-0.137966,-7.221462,-7.359428,True,False,36,S45,True,14,2.5949,delivery,,,,,,,,,,,,,,,,,,,,,,,,,,,,,,,,,,,,,,,,,,,,,,,,,,,,
50,20,15,35,S37,False,3,7,10,0,10,0,0,0,0,"['B190', 'B655', 'B549', 'B563', 'B539', 'B90', 'B460', 'B309', 'B29', 'B516']",5.0,S52,1.18,13,7,20,0.0,,-0.274629,-7.238219,-7.512848,False,False,12,S45,True,9,0.9521,pickup,,,,,,,,,,,,,,,,,,,,,,,,,,,,,,,,,,,,,,,,,,,,,,,,,,,,
50,20,15,41,S52,False,13,7,20,7,0,1,0,0,0,"['B99', 'B41', 'B657', 'B190', 'B655', 'B549', 'B563']",6.5,S65,6.18,6,7,13,0.0,,-0.196634,-7.311449,-7.508082,True,True,36,S31,True,32,2.7478,delivery+onsite,,,,,,,,,,,,,,,,,,,,,,,,,,,,,,,,,,,,,,,,,,,,,,,,,,,,
50,20,15,54,S65,False,6,7,13,0,7,0,0,0,0,"['B450', 'B188', 'B587', 'B270', 'B248', 'B512', 'B55']",3.5,S31,3.2,13,7,20,0.0,,-0.176562,-7.292329,-7.468891,True,False,18,S57,True,12,1.9751,pickup,,,,,,,,,,,,,,,,,,,,,,,,,,,,,,,,,,,,,,,,,,,,,,,,,,,,
50,20,16,0,S31,False,13,7,20,0,0,0,0,0,0,[],0.0,S35,8.41,13,7,20,0.0,,-0.176765,-7.224581,-7.401346,True,False,96,S35,True,2,7.4655,do_nothing,,,,,,,,,,,,,,,,,,,,,,,,,,,,,,,,,,,,,,,,,,,,,,,,,,,,
50,20,16,9,S35,False,13,7,20,13,0,0,0,0,0,"['B539', 'B90', 'B460', 'B309', 'B29', 'B516', 'B450', 'B188', 'B587', 'B270', 'B248', 'B512', 'B55']",6.5,S61,7.62,0,7,7,0.0,,-0.059321,-7.188491,-7.247812,False,False,12,S42,True,10,0.7359,delivery,,,,,,,,,,,,,,,,,,,,,,,,,,,,,,,,,,,,,,,,,,,,,,,,,,,,
50,20,16,23,S61,False,0,7,7,0,4,0,0,0,0,"['B237', 'B144', 'B54', 'B448']",2.0,S57,7.47,4,7,11,0.0,,-0.295304,-7.281277,-7.576581,True,False,36,S42,True,27,4.0558,pickup,,,,,,,,,,,,,,,,,,,,,,,,,,,,,,,,,,,,,,,,,,,,,,,,,,,,
50,20,16,32,S57,False,4,7,11,4,0,0,0,0,0,"['B237', 'B144', 'B54', 'B448']",2.0,S42,1.83,0,7,7,0.0,,-0.256557,-7.251985,-7.508541,False,False,12,S42,False,6,0.6846,delivery,,,,,,,,,,,,,,,,,,,,,,,,,,,,,,,,,,,,,,,,,,,,,,,,,,,,
50,20,16,36,S42,False,0,7,7,0,13,0,0,0,0,"['B738', 'B334', 'B609', 'B730', 'B322', 'B615', 'B133', 'B702', 'B96', 'B490', 'B556', 'B110', 'B399']",6.5,S66,9.4,13,7,20,0.0,,-0.157887,-7.146273,-7.30416,False,False,12,S13,True,8,0.9612,pickup,,,,,,,,,,,,,,,,,,,,,,,,,,,,,,,,,,,,,,,,,,,,,,,,,,,,
50,20,16,52,S66,False,13,7,20,0,0,0,0,0,0,[],0.0,S39,4.09,13,7,20,0.0,,-0.196188,-7.21402,-7.410208,False,False,18,S13,True,4,1.3524,do_nothing,,,,,,,,,,,,,,,,,,,,,,,,,,,,,,,,,,,,,,,,,,,,,,,,,,,,
50,20,16,56,S39,False,13,7,20,13,0,0,0,0,0,"['B738', 'B334', 'B609', 'B730', 'B322', 'B615', 'B133', 'B702', 'B96', 'B490', 'B556', 'B110', 'B399']",6.5,S19,8.33,0,7,7,0.0,,-0.15849,-7.250212,-7.408702,False,False,18,S66,True,15,1.4661,delivery,,,,,,,,,,,,,,,,,,,,,,,,,,,,,,,,,,,,,,,,,,,,,,,,,,,,
50,20,17,11,S19,False,0,7,7,0,5,1,0,0,0,"['B521', 'B135', 'B171', 'B155', 'B134']",5.5,S37,5.87,5,7,12,0.0,,-0.098567,-7.237045,-7.335612,True,True,54,S37,True,42,2.9411,pickup+onsite,,,,,,,,,,,,,,,,,,,,,,,,,,,,,,,,,,,,,,,,,,,,,,,,,,,,
50,20,17,22,S37,False,5,7,12,0,0,0,0,0,0,[],0.0,S45,2.51,5,7,12,0.0,,-0.039247,-7.227793,-7.26704,False,False,12,S5,True,0,1.8358,do_nothing,,,,,,,,,,,,,,,,,,,,,,,,,,,,,,,,,,,,,,,,,,,,,,,,,,,,
50,20,17,25,S45,False,5,7,12,5,0,0,0,0,0,"['B521', 'B135', 'B171', 'B155', 'B134']",2.5,S9,7.57,0,7,7,0.0,,0.0,-7.175125,-7.175125,True,False,24,S40,True,15,2.648,delivery,,,,,,,,,,,,,,,,,,,,,,,,,,,,,,,,,,,,,,,,,,,,,,,,,,,,
50,20,17,35,S9,False,0,7,7,0,6,0,0,0,0,"['B397', 'B131', 'B326', 'B206', 'B497', 'B53']",3.0,S35,10.99,6,7,13,0.0,,-0.019873,-7.192823,-7.212697,True,False,54,S37,True,21,4.0434,pickup,,,,,,,,,,,,,,,,,,,,,,,,,,,,,,,,,,,,,,,,,,,,,,,,,,,,
50,20,17,49,S35,False,6,7,13,6,0,0,0,0,0,"['B397', 'B131', 'B326', 'B206', 'B497', 'B53']",3.0,S37,7.89,0,7,7,0.0,,0.0,-7.199259,-7.199259,False,False,12,S40,True,6,0.7279,delivery,,,,,,,,,,,,,,,,,,,,,,,,,,,,,,,,,,,,,,,,,,,,,,,,,,,,
50,20,18,0,S37,False,0,7,7,0,13,0,0,0,0,"['B627', 'B692', 'B66', 'B623', 'B77', 'B132', 'B100', 'B469', 'B363', 'B693', 'B31', 'B406', 'B169']",6.5,S13,10.95,13,7,20,0.0,,-0.019924,-7.189374,-7.209298,False,False,12,S31,True,10,1.3786,pickup,,,,,,,,,,,,,,,,,,,,,,,,,,,,,,,,,,,,,,,,,,,,,,,,,,,,
50,20,18,17,S13,False,13,7,20,9,0,0,0,0,0,"['B627', 'B692', 'B66', 'B623', 'B77', 'B132', 'B100', 'B469', 'B363']",4.5,S22,4.2,4,7,11,0.0,,-0.157686,-7.289626,-7.447311,True,False,66,S22,False,6,5.5458,delivery,,,,,,,,,,,,,,,,,,,,,,,,,,,,,,,,,,,,,,,,,,,,,,,,,,,,
50,20,18,26,S22,False,4,7,11,0,0,1,0,0,0,[],3.0,S31,4.51,4,7,11,0.0,,-0.157387,-7.164611,-7.321998,True,True,72,S0,True,12,3.1671,do_nothing+onsite,,,,,,,,,,,,,,,,,,,,,,,,,,,,,,,,,,,,,,,,,,,,,,,,,,,,
50,20,18,33,S31,False,4,7,11,4,0,3,2,0,0,"['B733', 'B329', 'B693', 'B31', 'B406', 'B169']",12.0,S8,15.9,0,9,9,0.0,,-0.059621,-7.187212,-7.246833,True,True,144,S3,True,142,5.3711,delivery+maintenance,,,,,,,,,,,,,,,,,,,,,,,,,,,,,,,,,,,,,,,,,,,,,,,,,,,,
50,20,19,1,S8,False,0,9,9,0,6,0,1,0,0,"['B164', 'B403', 'B689', 'B379', 'B16', 'B138', 'B65']",3.5,S14,7.64,6,10,16,0.0,,0.0,-7.311188,-7.311188,True,True,54,S0,True,25,2.2276,pickup+depot_removal,,,,,,,,,,,,,,,,,,,,,,,,,,,,,,,,,,,,,,,,,,,,,,,,,,,,
50,20,19,13,S14,False,6,10,16,6,0,0,0,0,0,"['B164', 'B403', 'B689', 'B379', 'B16', 'B138']",3.0,S10,3.77,0,10,10,0.0,,-0.058969,-7.312826,-7.371795,True,False,24,S0,True,12,0.7561,delivery,,,,,,,,,,,,,,,,,,,,,,,,,,,,,,,,,,,,,,,,,,,,,,,,,,,,
50,20,19,19,S10,False,0,10,10,0,10,0,0,0,0,"['B547', 'B541', 'B148', 'B281', 'B187', 'B607', 'B93', 'B305', 'B50', 'B566']",5.0,S56,2.55,10,10,20,0.0,,-0.019975,-7.407252,-7.427227,False,False,12,S39,True,10,0.5149,pickup,,,,,,,,,,,,,,,,,,,,,,,,,,,,,,,,,,,,,,,,,,,,,,,,,,,,
50,20,19,27,S56,False,10,10,20,6,0,0,0,0,0,"['B547', 'B541', 'B148', 'B281', 'B187', 'B607']",3.0,S44,4.78,4,10,14,0.0,,0.0,-7.18422,-7.18422,True,False,30,S55,True,19,1.4911,delivery,,,,,,,,,,,,,,,,,,,,,,,,,,,,,,,,,,,,,,,,,,,,,,,,,,,,
50,20,19,35,S44,False,4,10,14,4,0,0,0,0,0,"['B93', 'B305', 'B50', 'B566']",2.0,S39,4.87,0,10,10,0.0,,0.0,-7.161954,-7.161954,True,False,24,S55,True,13,1.3496,delivery,,,,,,,,,,,,,,,,,,,,,,,,,,,,,,,,,,,,,,,,,,,,,,,,,,,,
50,20,19,41,S39,False,0,10,10,0,0,0,0,0,0,[],0.0,S59,2.08,0,10,10,0.0,,0.0,-7.235688,-7.235688,False,False,5,S59,False,1,0.1317,do_nothing,,,,,,,,,,,,,,,,,,,,,,,,,,,,,,,,,,,,,,,,,,,,,,,,,,,,
50,20,19,44,S59,False,0,10,10,0,0,0,0,0,0,[],0.0,S39,2.08,0,10,10,0.0,,0.0,-7.256423,-7.256423,False,False,6,S39,False,0,0.2162,do_nothing,,,,,,,,,,,,,,,,,,,,,,,,,,,,,,,,,,,,,,,,,,,,,,,,,,,,
50,20,19,46,S39,False,0,10,10,0,10,0,0,0,0,"['B622', 'B238', 'B438', 'B290', 'B364', 'B753', 'B217', 'B458', 'B506', 'B408']",5.0,D0,3.37,10,10,20,0.0,,-0.019474,-7.246544,-7.266018,False,False,2,D0,False,1,0.0838,pickup,,,,,,,,,,,,,,,,,,,,,,,,,,,,,,,,,,,,,,,,,,,,,,,,,,,,
50,20,19,54,D0,True,10,10,20,0,0,0,0,10,10,"['B58', 'B752', 'B658', 'B494', 'B651', 'B709', 'B13', 'B601', 'B524', 'B470', 'B766', 'B745', 'B37', 'B704', 'B398', 'B758', 'B759', 'B733', 'B329', 'B65']",10.0,D0,0.0,20,0,20,0.0,,-0.059319,-7.472308,-7.531627,True,True,1,D0,False,0,0.0533,do_nothing,,,,,,,,,,,,,,,,,,,,,,,,,,,,,,,,,,,,,,,,,,,,,,,,,,,,
50,21,6,4,D0,True,20,0,20,0,0,0,0,0,0,[],0.0,S65,3.15,20,0,20,0.0,,-2.067309,-8.343633,-10.410943,True,True,5,S26,True,4,0.3924,depot_passthrough,,,,,,,,,,,,,,,,,,,,,,,,,,,,,,,,,,,,,,,,,,,,,,,,,,,,
50,21,6,22,S65,False,20,0,20,18,0,0,0,0,0,"['B622', 'B238', 'B438', 'B290', 'B364', 'B753', 'B217', 'B458', 'B506', 'B408', 'B58', 'B752', 'B658', 'B494', 'B651', 'B709', 'B13', 'B601']",9.0,S39,5.08,2,0,2,0.0,,-2.584713,-8.321339,-10.906052,True,False,30,S26,True,6,1.0217,delivery,,,,,,,,,,,,,,,,,,,,,,,,,,,,,,,,,,,,,,,,,,,,,,,,,,,,
50,21,6,36,S39,False,2,0,2,0,18,0,0,0,0,"['B230', 'B738', 'B334', 'B609', 'B730', 'B322', 'B615', 'B133', 'B702', 'B96', 'B490', 'B556', 'B110', 'B399', 'B763', 'B69', 'B221', 'B480']",9.0,S41,3.32,20,0,20,0.0,,-2.289534,-8.388362,-10.677896,False,False,12,S22,True,6,0.7246,pickup,,,,,,,,,,,,,,,,,,,,,,,,,,,,,,,,,,,,,,,,,,,,,,,,,,,,
50,21,6,49,S41,False,20,0,20,20,0,0,0,0,0,"['B524', 'B470', 'B230', 'B738', 'B334', 'B609', 'B730', 'B322', 'B615', 'B133', 'B702', 'B96', 'B490', 'B556', 'B110', 'B399', 'B763', 'B69', 'B221', 'B480']",10.0,S59,2.97,0,0,0,0.0,,-1.560623,-8.289208,-9.849831,True,False,24,S59,True,6,1.1237,delivery,,,,,,,,,,,,,,,,,,,,,,,,,,,,,,,,,,,,,,,,,,,,,,,,,,,,
50,21,7,2,S59,False,0,0,0,0,20,0,0,0,0,"['B522', 'B36', 'B180', 'B181', 'B417', 'B198', 'B617', 'B404', 'B626', 'B573', 'B722', 'B533', 'B267', 'B33', 'B589', 'B0', 'B421', 'B330', 'B662', 'B613']",10.0,S26,8.38,20,0,20,0.0,,-1.713743,-8.30862,-10.022363,False,False,12,S60,True,7,0.7296,pickup,,,,,,,,,,,,,,,,,,,,,,,,,,,,,,,,,,,,,,,,,,,,,,,,,,,,
50,21,7,20,S26,False,20,0,20,20,0,0,0,0,0,"['B522', 'B36', 'B180', 'B181', 'B417', 'B198', 'B617', 'B404', 'B626', 'B573', 'B722', 'B533', 'B267', 'B33', 'B589', 'B0', 'B421', 'B330', 'B662', 'B613']",10.0,S37,7.79,0,0,0,0.0,,-1.613832,-8.399309,-10.01314,False,False,12,S49,True,7,0.461,delivery,,,,,,,,,,,,,,,,,,,,,,,,,,,,,,,,,,,,,,,,,,,,,,,,,,,,
50,21,7,38,S37,False,0,0,0,0,20,0,0,0,0,"['B194', 'B659', 'B676', 'B285', 'B184', 'B607', 'B418', 'B637', 'B608', 'B441', 'B486', 'B414', 'B706', 'B10', 'B187', 'B571', 'B692', 'B84', 'B624', 'B151']",10.0,S22,7.12,20,0,20,0.0,,-0.969306,-8.328574,-9.29788,True,False,18,S66,True,16,0.9564,pickup,,,,,,,,,,,,,,,,,,,,,,,,,,,,,,,,,,,,,,,,,,,,,,,,,,,,
50,21,7,55,S22,False,20,0,20,18,0,0,0,0,0,"['B194', 'B659', 'B676', 'B285', 'B184', 'B607', 'B418', 'B637', 'B608', 'B441', 'B486', 'B414', 'B706', 'B10', 'B187', 'B571', 'B692', 'B84']",9.0,S52,7.49,2,0,2,0.0,,-1.085094,-8.34683,-9.431924,True,False,60,S27,True,16,3.2584,delivery,,,,,,,,,,,,,,,,,,,,,,,,,,,,,,,,,,,,,,,,,,,,,,,,,,,,
50,21,8,11,S52,False,2,0,2,0,14,0,0,0,0,"['B190', 'B655', 'B549', 'B563', 'B357', 'B95', 'B28', 'B97', 'B440', 'B495', 'B375', 'B66', 'B552', 'B504']",7.0,S12,6.66,16,0,16,0.0,,-1.002451,-8.11577,-9.118221,False,False,18,S49,True,9,1.5547,pickup,,,,,,,,,,,,,,,,,,,,,,,,,,,,,,,,,,,,,,,,,,,,,,,,,,,,
50,21,8,25,S12,False,16,0,16,0,0,1,0,0,0,[],3.0,S43,5.09,16,0,16,0.0,,-0.865382,-8.11903,-8.984412,True,True,36,S45,True,10,3.3487,do_nothing+onsite,,,,,,,,,,,,,,,,,,,,,,,,,,,,,,,,,,,,,,,,,,,,,,,,,,,,
50,21,8,33,S43,False,16,0,16,0,0,2,0,0,0,[],6.0,S51,3.12,16,0,16,0.0,,-0.788994,-8.043347,-8.832341,True,True,180,S45,True,25,7.8045,do_nothing+onsite,,,,,,,,,,,,,,,,,,,,,,,,,,,,,,,,,,,,,,,,,,,,,,,,,,,,
50,21,8,42,S51,False,16,0,16,13,0,0,1,0,0,"['B668', 'B624', 'B151', 'B190', 'B655', 'B549', 'B563', 'B357', 'B95', 'B28', 'B97', 'B440', 'B495', 'B375']",7.0,S49,7.18,3,1,4,0.0,,-1.377248,-8.103088,-9.480335,True,True,36,S45,True,30,1.3183,delivery+depot_removal,,,,,,,,,,,,,,,,,,,,,,,,,,,,,,,,,,,,,,,,,,,,,,,,,,,,
50,21,8,56,S49,False,3,1,4,0,16,0,0,0,0,"['B551', 'B255', 'B11', 'B146', 'B619', 'B409', 'B222', 'B350', 'B465', 'B616', 'B559', 'B80', 'B332', 'B53', 'B512', 'B59']",8.0,S27,5.16,19,1,20,0.0,,-1.024266,-8.005545,-9.029811,False,False,12,S40,True,6,0.3646,pickup,,,,,,,,,,,,,,,,,,,,,,,,,,,,,,,,,,,,,,,,,,,,,,,,,,,,
50,21,9,9,S27,False,19,1,20,15,0,0,0,0,0,"['B66', 'B552', 'B504', 'B551', 'B255', 'B11', 'B146', 'B619', 'B409', 'B222', 'B350', 'B465', 'B616', 'B559', 'B80']",7.5,S66,1.91,4,1,5,0.0,,-0.787441,-7.97223,-8.759671,False,False,18,S66,False,12,0.6243,delivery,,,,,,,,,,,,,,,,,,,,,,,,,,,,,,,,,,,,,,,,,,,,,,,,,,,,
50,21,9,19,S66,False,4,1,5,4,0,0,0,0,0,"['B332', 'B53', 'B512', 'B59']",2.0,S32,6.41,0,1,1,0.0,,-1.102421,-8.030643,-9.133064,False,False,12,S32,False,6,0.6621,delivery,,,,,,,,,,,,,,,,,,,,,,,,,,,,,,,,,,,,,,,,,,,,,,,,,,,,
50,21,9,27,S32,False,0,1,1,0,13,0,0,0,0,"['B508', 'B186', 'B214', 'B491', 'B474', 'B754', 'B192', 'B727', 'B627', 'B700', 'B243', 'B226', 'B450']",6.5,S12,6.07,13,1,14,0.0,,-0.785388,-8.041859,-8.827247,True,False,54,S58,True,37,2.378,pickup,,,,,,,,,,,,,,,,,,,,,,,,,,,,,,,,,,,,,,,,,,,,,,,,,,,,
50,21,9,40,S12,False,13,1,14,13,0,0,0,0,0,"['B508', 'B186', 'B214', 'B491', 'B474', 'B754', 'B192', 'B727', 'B627', 'B700', 'B243', 'B226', 'B450']",6.5,S58,6.29,0,1,1,0.0,,-0.884062,-7.940942,-8.825004,False,False,12,S0,True,6,0.6086,delivery,,,,,,,,,,,,,,,,,,,,,,,,,,,,,,,,,,,,,,,,,,,,,,,,,,,,
50,21,9,53,S58,False,0,1,1,0,17,1,0,0,0,"['B57', 'B225', 'B385', 'B324', 'B519', 'B634', 'B213', 'B123', 'B138', 'B698', 'B454', 'B234', 'B568', 'B360', 'B511', 'B343', 'B753']",11.5,S65,6.14,17,1,18,0.0,,-0.473562,-7.714251,-8.187813,True,True,36,S65,True,30,2.0133,pickup+onsite,,,,,,,,,,,,,,,,,,,,,,,,,,,,,,,,,,,,,,,,,,,,,,,,,,,,
50,21,10,10,S65,False,17,1,18,16,0,0,0,0,0,"['B57', 'B225', 'B385', 'B324', 'B519', 'B634', 'B213', 'B123', 'B138', 'B698', 'B454', 'B234', 'B568', 'B360', 'B511', 'B343']",8.0,S33,6.32,1,1,2,0.0,,-0.333696,-7.910523,-8.244219,True,False,36,S25,True,14,2.2828,delivery,,,,,,,,,,,,,,,,,,,,,,,,,,,,,,,,,,,,,,,,,,,,,,,,,,,,
50,21,10,25,S33,False,1,1,2,0,14,0,1,0,0,"['B89', 'B762', 'B323', 'B539', 'B649', 'B492', 'B536', 'B166', 'B688', 'B205', 'B470', 'B32', 'B693', 'B646', 'B314']",7.5,S25,13.09,15,2,17,0.0,,-0.334103,-7.928458,-8.262561,True,True,36,S18,True,22,1.9839,pickup+depot_removal,,,,,,,,,,,,,,,,,,,,,,,,,,,,,,,,,,,,,,,,,,,,,,,,,,,,
50,21,10,45,S25,False,15,2,17,0,0,0,0,0,0,[],0.0,S15,10.79,15,2,17,0.0,,-0.511208,-7.9543,-8.465508,True,False,54,S38,True,1,2.7814,do_nothing,,,,,,,,,,,,,,,,,,,,,,,,,,,,,,,,,,,,,,,,,,,,,,,,,,,,
50,21,10,56,S15,False,15,2,17,15,0,0,0,0,0,"['B753', 'B89', 'B762', 'B323', 'B539', 'B649', 'B492', 'B536', 'B166', 'B688', 'B205', 'B470', 'B32', 'B693', 'B646']",7.5,S18,4.77,0,2,2,0.0,,-0.491535,-7.979542,-8.471078,False,False,12,S16,True,8,0.7537,delivery,,,,,,,,,,,,,,,,,,,,,,,,,,,,,,,,,,,,,,,,,,,,,,,,,,,,
50,21,11,8,S18,False,0,2,2,0,12,0,2,0,0,"['B623', 'B18', 'B304', 'B699', 'B661', 'B109', 'B632', 'B158', 'B443', 'B671', 'B4', 'B290', 'B284', 'B436']",7.0,S50,8.03,12,4,16,0.0,,-0.571681,-7.806917,-8.378598,True,True,72,S16,True,36,3.2182,pickup+depot_removal,,,,,,,,,,,,,,,,,,,,,,,,,,,,,,,,,,,,,,,,,,,,,,,,,,,,
50,21,11,23,S50,False,12,4,16,12,0,0,1,0,0,"['B260', 'B623', 'B18', 'B304', 'B699', 'B661', 'B109', 'B632', 'B158', 'B443', 'B671', 'B4', 'B290']",6.5,S60,8.32,0,5,5,0.0,,-0.728167,-7.887683,-8.61585,True,True,24,S60,True,18,1.1653,delivery+depot_removal,,,,,,,,,,,,,,,,,,,,,,,,,,,,,,,,,,,,,,,,,,,,,,,,,,,,
50,21,11,38,S60,False,0,5,5,0,13,0,0,0,0,"['B94', 'B687', 'B219', 'B658', 'B25', 'B133', 'B666', 'B38', 'B667', 'B599', 'B383', 'B405', 'B128']",6.5,S34,5.52,13,5,18,0.0,,-0.550558,-7.937167,-8.487725,False,False,18,S2,True,13,0.6652,pickup,,,,,,,,,,,,,,,,,,,,,,,,,,,,,,,,,,,,,,,,,,,,,,,,,,,,
50,21,11,50,S34,False,13,5,18,13,0,0,0,0,0,"['B94', 'B687', 'B219', 'B658', 'B25', 'B133', 'B666', 'B38', 'B667', 'B599', 'B383', 'B405', 'B128']",6.5,S16,5.13,0,5,5,0.0,,-0.570379,-7.928202,-8.498581,False,False,12,S16,False,9,0.491,delivery,,,,,,,,,,,,,,,,,,,,,,,,,,,,,,,,,,,,,,,,,,,,,,,,,,,,
50,21,12,2,S16,False,0,5,5,0,8,0,0,0,0,"['B175', 'B701', 'B129', 'B572', 'B593', 'B130', 'B315', 'B79']",4.0,S37,1.47,8,5,13,0.0,,-0.666598,-7.880208,-8.546806,True,False,36,S37,True,15,1.9829,pickup,,,,,,,,,,,,,,,,,,,,,,,,,,,,,,,,,,,,,,,,,,,,,,,,,,,,
50,21,12,7,S37,False,8,5,13,0,7,0,0,0,0,"['B121', 'B167', 'B560', 'B316', 'B524', 'B756', 'B196']",3.5,S44,1.36,15,5,20,0.0,,-0.432717,-7.78737,-8.220087,True,False,24,S21,True,18,1.1943,pickup,,,,,,,,,,,,,,,,,,,,,,,,,,,,,,,,,,,,,,,,,,,,,,,,,,,,
50,21,12,12,S44,False,15,5,20,10,0,1,1,0,0,"['B335', 'B175', 'B701', 'B129', 'B572', 'B593', 'B130', 'B315', 'B79', 'B121', 'B167']",8.5,S21,11.46,5,6,11,0.0,,-0.314872,-7.729321,-8.044194,True,True,60,S21,True,34,2.3296,delivery+maintenance,,,,,,,,,,,,,,,,,,,,,,,,,,,,,,,,,,,,,,,,,,,,,,,,,,,,
50,21,12,32,S21,False,5,6,11,5,0,0,0,0,0,"['B560', 'B316', 'B524', 'B756', 'B196']",2.5,S59,13.96,0,6,6,0.0,,-0.745988,-7.8322,-8.578188,False,False,12,S7,True,7,0.3871,delivery,,,,,,,,,,,,,,,,,,,,,,,,,,,,,,,,,,,,,,,,,,,,,,,,,,,,
50,21,12,49,S59,False,0,6,6,0,14,0,0,0,0,"['B431', 'B569', 'B463', 'B63', 'B697', 'B111', 'B677', 'B248', 'B333', 'B656', 'B305', 'B90', 'B493', 'B557']",7.0,S54,6.37,14,6,20,0.0,,-0.942029,-7.797264,-8.739293,False,False,12,S7,True,9,0.4485,pickup,,,,,,,,,,,,,,,,,,,,,,,,,,,,,,,,,,,,,,,,,,,,,,,,,,,,
50,21,13,2,S54,False,14,6,20,12,0,2,0,0,0,"['B431', 'B569', 'B463', 'B63', 'B697', 'B111', 'B677', 'B248', 'B333', 'B656', 'B305', 'B90']",12.0,S32,2.05,2,6,8,0.0,,-0.470814,-8.048315,-8.519129,True,True,54,S13,True,32,2.4992,delivery+onsite,,,,,,,,,,,,,,,,,,,,,,,,,,,,,,,,,,,,,,,,,,,,,,,,,,,,
50,21,13,16,S32,False,2,6,8,2,0,0,0,0,0,"['B493', 'B557']",1.0,S22,10.82,0,6,6,0.0,,-0.629409,-8.090653,-8.720062,True,False,36,S22,False,19,1.5735,delivery,,,,,,,,,,,,,,,,,,,,,,,,,,,,,,,,,,,,,,,,,,,,,,,,,,,,
50,21,13,28,S22,False,0,6,6,0,13,0,0,0,0,"['B608', 'B441', 'B486', 'B414', 'B706', 'B10', 'B187', 'B571', 'B692', 'B84', 'B368', 'B480', 'B376']",6.5,S58,7.3,13,6,19,0.0,,-1.058521,-8.053661,-9.112182,True,False,72,S13,True,26,2.9124,pickup,,,,,,,,,,,,,,,,,,,,,,,,,,,,,,,,,,,,,,,,,,,,,,,,,,,,
50,21,13,42,S58,False,13,6,19,13,0,0,0,0,0,"['B608', 'B441', 'B486', 'B414', 'B706', 'B10', 'B187', 'B571', 'B692', 'B84', 'B368', 'B480', 'B376']",6.5,S51,4.51,0,6,6,0.0,,-1.15958,-8.06543,-9.22501,True,False,24,S19,True,13,1.1259,delivery,,,,,,,,,,,,,,,,,,,,,,,,,,,,,,,,,,,,,,,,,,,,,,,,,,,,
50,21,13,53,S51,False,0,6,6,0,0,0,0,0,0,[],0.0,S19,1.21,0,6,6,0.0,,-1.13991,-8.295803,-9.435714,False,False,18,S40,True,0,1.1231,do_nothing,,,,,,,,,,,,,,,,,,,,,,,,,,,,,,,,,,,,,,,,,,,,,,,,,,,,
50,21,13,54,S19,False,0,6,6,0,8,0,0,0,0,"['B510', 'B437', 'B75', 'B92', 'B426', 'B135', 'B272', 'B338']",4.0,S29,8.16,8,6,14,0.0,,-1.670995,-8.24393,-9.914924,True,False,36,S51,True,12,1.9416,pickup,,,,,,,,,,,,,,,,,,,,,,,,,,,,,,,,,,,,,,,,,,,,,,,,,,,,
50,21,14,6,S29,False,8,6,14,8,0,0,0,0,0,"['B510', 'B437', 'B75', 'B92', 'B426', 'B135', 'B272', 'B338']",4.0,S51,7.57,0,6,6,0.0,,-1.341187,-7.935149,-9.276336,False,False,12,S40,True,9,0.5662,delivery,,,,,,,,,,,,,,,,,,,,,,,,,,,,,,,,,,,,,,,,,,,,,,,,,,,,
50,21,14,18,S51,False,0,6,6,0,14,0,0,0,0,"['B576', 'B116', 'B201', 'B601', 'B528', 'B515', 'B762', 'B124', 'B506', 'B560', 'B171', 'B517', 'B179', 'B639']",7.0,S54,6.18,14,6,20,0.0,,-1.895002,-8.18564,-10.080643,False,False,18,S12,True,6,1.0774,pickup,,,,,,,,,,,,,,,,,,,,,,,,,,,,,,,,,,,,,,,,,,,,,,,,,,,,
50,21,14,31,S54,False,14,6,20,14,0,0,0,0,0,"['B576', 'B116', 'B201', 'B601', 'B528', 'B515', 'B762', 'B124', 'B506', 'B560', 'B171', 'B517', 'B179', 'B639']",7.0,S12,8.01,0,6,6,0.0,,-1.675295,-8.228464,-9.903759,False,False,12,S43,True,7,0.3896,delivery,,,,,,,,,,,,,,,,,,,,,,,,,,,,,,,,,,,,,,,,,,,,,,,,,,,,
50,21,14,46,S12,False,0,6,6,0,14,0,0,0,0,"['B558', 'B672', 'B649', 'B5', 'B161', 'B310', 'B22', 'B95', 'B526', 'B674', 'B406', 'B45', 'B716', 'B51']",7.0,S55,7.23,14,6,20,0.0,,-1.914942,-8.265439,-10.180381,False,False,12,S43,True,10,0.4518,pickup,,,,,,,,,,,,,,,,,,,,,,,,,,,,,,,,,,,,,,,,,,,,,,,,,,,,
50,21,15,0,S55,False,14,6,20,11,0,0,0,0,0,"['B558', 'B672', 'B649', 'B5', 'B161', 'B310', 'B22', 'B95', 'B526', 'B674', 'B406']",5.5,S35,3.04,3,6,9,0.0,,-1.477807,-8.257434,-9.735241,False,False,18,S43,True,9,1.0727,delivery,,,,,,,,,,,,,,,,,,,,,,,,,,,,,,,,,,,,,,,,,,,,,,,,,,,,
50,21,15,8,S35,False,3,6,9,3,0,0,0,0,0,"['B45', 'B716', 'B51']",1.5,S37,7.89,0,6,6,0.0,,-1.065063,-8.234687,-9.29975,False,False,12,S44,True,6,0.5134,delivery,,,,,,,,,,,,,,,,,,,,,,,,,,,,,,,,,,,,,,,,,,,,,,,,,,,,
50,21,15,18,S37,False,0,6,6,0,14,0,0,0,0,"['B547', 'B194', 'B14', 'B629', 'B474', 'B467', 'B325', 'B144', 'B500', 'B188', 'B623', 'B484', 'B453', 'B285']",7.0,S32,4.74,14,6,20,0.0,,-1.494728,-8.255573,-9.7503,True,False,48,S26,True,37,2.4087,pickup,,,,,,,,,,,,,,,,,,,,,,,,,,,,,,,,,,,,,,,,,,,,,,,,,,,,
50,21,15,30,S32,False,14,6,20,14,0,0,2,0,0,"['B163', 'B410', 'B547', 'B194', 'B14', 'B629', 'B474', 'B467', 'B325', 'B144', 'B500', 'B188', 'B623', 'B484', 'B453', 'B285']",8.0,S44,3.42,0,8,8,0.0,,-2.106654,-8.22235,-10.329004,True,True,24,S62,True,19,0.929,delivery+depot_removal,,,,,,,,,,,,,,,,,,,,,,,,,,,,,,,,,,,,,,,,,,,,,,,,,,,,
50,21,15,41,S44,False,0,8,8,0,12,0,0,0,0,"['B345', 'B146', 'B533', 'B658', 'B423', 'B460', 'B744', 'B305', 'B294', 'B175', 'B341', 'B8']",6.0,S26,7.72,12,8,20,0.0,,-0.947089,-8.109859,-9.056948,False,False,18,S62,True,6,0.7042,pickup,,,,,,,,,,,,,,,,,,,,,,,,,,,,,,,,,,,,,,,,,,,,,,,,,,,,
50,21,15,55,S26,False,12,8,20,0,0,0,0,0,0,[],0.0,S35,6.42,12,8,20,0.0,,-1.358073,-8.254337,-9.612411,False,False,12,S35,False,2,0.3982,do_nothing,,,,,,,,,,,,,,,,,,,,,,,,,,,,,,,,,,,,,,,,,,,,,,,,,,,,
50,21,16,1,S35,False,12,8,20,12,0,0,0,0,0,"['B345', 'B146', 'B533', 'B658', 'B423', 'B460', 'B744', 'B305', 'B294', 'B175', 'B341', 'B8']",6.0,S62,5.61,0,8,8,0.0,,-1.180907,-8.1707,-9.351607,False,False,12,S62,False,6,0.3151,delivery,,,,,,,,,,,,,,,,,,,,,,,,,,,,,,,,,,,,,,,,,,,,,,,,,,,,
50,21,16,13,S62,False,0,8,8,0,12,0,0,0,0,"['B660', 'B1', 'B633', 'B607', 'B270', 'B86', 'B488', 'B348', 'B714', 'B760', 'B355', 'B461']",6.0,S66,2.92,12,8,20,0.0,,-0.77067,-8.082422,-8.853093,False,False,12,S15,True,9,0.3102,pickup,,,,,,,,,,,,,,,,,,,,,,,,,,,,,,,,,,,,,,,,,,,,,,,,,,,,
50,21,16,22,S66,False,12,8,20,12,0,0,0,0,0,"['B660', 'B1', 'B633', 'B607', 'B270', 'B86', 'B488', 'B348', 'B714', 'B760', 'B355', 'B461']",6.0,S65,3.09,0,8,8,0.0,,-0.748988,-8.050139,-8.799126,True,False,30,S15,True,21,0.9692,delivery,,,,,,,,,,,,,,,,,,,,,,,,,,,,,,,,,,,,,,,,,,,,,,,,,,,,
50,21,16,31,S65,False,0,8,8,0,12,0,0,0,0,"['B50', 'B432', 'B529', 'B214', 'B404', 'B97', 'B130', 'B656', 'B761', 'B419', 'B527', 'B385']",6.0,S49,4.37,12,8,20,0.0,,-1.1653,-8.205184,-9.370484,True,False,18,S26,True,15,0.53,pickup,,,,,,,,,,,,,,,,,,,,,,,,,,,,,,,,,,,,,,,,,,,,,,,,,,,,
50,21,16,41,S49,False,12,8,20,11,0,0,0,0,0,"['B50', 'B432', 'B529', 'B214', 'B404', 'B97', 'B130', 'B656', 'B761', 'B419', 'B527']",5.5,S15,6.4,1,8,9,0.0,,-1.162486,-8.160559,-9.323045,False,False,18,S46,True,9,0.4788,delivery,,,,,,,,,,,,,,,,,,,,,,,,,,,,,,,,,,,,,,,,,,,,,,,,,,,,
50,21,16,53,S15,False,1,8,9,1,0,1,0,0,0,['B385'],3.5,S22,6.37,0,8,8,0.0,,-1.302808,-8.117105,-9.419913,True,True,24,S41,True,21,0.7049,delivery+onsite,,,,,,,,,,,,,,,,,,,,,,,,,,,,,,,,,,,,,,,,,,,,,,,,,,,,
50,21,17,3,S22,False,0,8,8,0,0,0,1,0,0,['B257'],0.5,S51,11.78,0,9,9,0.0,,-1.222406,-8.161658,-9.384064,True,True,60,S51,False,8,1.6909,do_nothing+depot_removal,,,,,,,,,,,,,,,,,,,,,,,,,,,,,,,,,,,,,,,,,,,,,,,,,,,,
50,21,17,15,S51,False,0,9,9,0,11,0,0,0,0,"['B400', 'B347', 'B616', 'B571', 'B440', 'B659', 'B234', 'B630', 'B611', 'B612', 'B77']",5.5,S26,11.22,11,9,20,0.0,,-0.770217,-8.025672,-8.795889,False,False,12,S41,True,6,0.4717,pickup,,,,,,,,,,,,,,,,,,,,,,,,,,,,,,,,,,,,,,,,,,,,,,,,,,,,
50,21,17,32,S26,False,11,9,20,11,0,0,0,0,0,"['B400', 'B347', 'B616', 'B571', 'B440', 'B659', 'B234', 'B630', 'B611', 'B612', 'B77']",5.5,S22,7.39,0,9,9,0.0,,-0.613785,-7.966199,-8.579984,False,False,12,S41,True,8,0.4809,delivery,,,,,,,,,,,,,,,,,,,,,,,,,,,,,,,,,,,,,,,,,,,,,,,,,,,,
50,21,17,45,S22,False,0,9,9,0,11,0,0,0,0,"['B615', 'B364', 'B492', 'B89', 'B755', 'B688', 'B671', 'B556', 'B698', 'B222', 'B176']",5.5,S17,8.16,11,9,20,0.0,,-0.670241,-8.081534,-8.751775,True,False,36,S41,True,12,1.8176,pickup,,,,,,,,,,,,,,,,,,,,,,,,,,,,,,,,,,,,,,,,,,,,,,,,,,,,
50,21,17,58,S17,False,11,9,20,11,0,0,0,0,0,"['B615', 'B364', 'B492', 'B89', 'B755', 'B688', 'B671', 'B556', 'B698', 'B222', 'B176']",5.5,S60,8.5,0,9,9,0.0,,-0.532338,-8.027043,-8.559381,True,False,24,S11,True,16,1.7699,delivery,,,,,,,,,,,,,,,,,,,,,,,,,,,,,,,,,,,,,,,,,,,,,,,,,,,,
50,21,18,12,S60,False,0,9,9,0,11,0,0,0,0,"['B166', 'B705', 'B376', 'B709', 'B126', 'B734', 'B128', 'B542', 'B738', 'B544', 'B438']",5.5,S42,10.42,11,9,20,0.0,,-0.812221,-8.09855,-8.910771,False,False,12,S54,True,10,0.6325,pickup,,,,,,,,,,,,,,,,,,,,,,,,,,,,,,,,,,,,,,,,,,,,,,,,,,,,
50,21,18,28,S42,False,11,9,20,11,0,0,0,0,0,"['B166', 'B705', 'B376', 'B709', 'B126', 'B734', 'B128', 'B542', 'B738', 'B544', 'B438']",5.5,S40,6.18,0,9,9,0.0,,-0.493485,-8.09486,-8.588345,False,False,12,S54,True,8,0.4397,delivery,,,,,,,,,,,,,,,,,,,,,,,,,,,,,,,,,,,,,,,,,,,,,,,,,,,,
50,21,18,40,S40,False,0,9,9,0,11,0,0,0,0,"['B59', 'B753', 'B167', 'B240', 'B154', 'B463', 'B315', 'B601', 'B566', 'B553', 'B202']",5.5,S44,2.76,11,9,20,0.0,,-0.672848,-8.204992,-8.87784,True,False,30,S37,True,16,1.0098,pickup,,,,,,,,,,,,,,,,,,,,,,,,,,,,,,,,,,,,,,,,,,,,,,,,,,,,
50,21,18,48,S44,False,11,9,20,11,0,0,0,0,0,"['B59', 'B753', 'B167', 'B240', 'B154', 'B463', 'B315', 'B601', 'B566', 'B553', 'B202']",5.5,S37,1.36,0,9,9,0.0,,-0.6701,-8.161882,-8.831983,False,False,12,S37,False,6,0.411,delivery,,,,,,,,,,,,,,,,,,,,,,,,,,,,,,,,,,,,,,,,,,,,,,,,,,,,
50,21,18,55,S37,False,0,9,9,0,11,0,0,0,0,"['B562', 'B697', 'B192', 'B464', 'B765', 'B489', 'B81', 'B290', 'B323', 'B6', 'B534']",5.5,S15,4.99,11,9,20,0.0,,-0.630102,-7.914947,-8.545049,True,False,48,S31,True,40,1.8948,pickup,,,,,,,,,,,,,,,,,,,,,,,,,,,,,,,,,,,,,,,,,,,,,,,,,,,,
50,21,19,6,S15,False,11,9,20,11,0,0,0,0,0,"['B562', 'B697', 'B192', 'B464', 'B765', 'B489', 'B81', 'B290', 'B323', 'B6', 'B534']",5.5,S31,3.53,0,9,9,0.0,,-0.414342,-7.984805,-8.399146,False,False,12,S54,True,6,0.381,delivery,,,,,,,,,,,,,,,,,,,,,,,,,,,,,,,,,,,,,,,,,,,,,,,,,,,,
50,21,19,15,S31,False,0,9,9,0,11,0,0,0,0,"['B530', 'B111', 'B94', 'B708', 'B88', 'B287', 'B401', 'B226', 'B31', 'B580', 'B426']",5.5,S54,5.7,11,9,20,0.0,,-0.335202,-7.854711,-8.189913,True,False,18,S48,True,12,0.6304,pickup,,,,,,,,,,,,,,,,,,,,,,,,,,,,,,,,,,,,,,,,,,,,,,,,,,,,
50,21,19,26,S54,False,11,9,20,11,0,0,0,0,0,"['B530', 'B111', 'B94', 'B708', 'B88', 'B287', 'B401', 'B226', 'B31', 'B580', 'B426']",5.5,S0,6.35,0,9,9,0.0,,-0.236679,-7.714132,-7.950811,False,False,12,S31,True,10,0.4884,delivery,,,,,,,,,,,,,,,,,,,,,,,,,,,,,,,,,,,,,,,,,,,,,,,,,,,,
50,21,19,38,S0,False,0,9,9,0,11,0,0,0,0,"['B136', 'B523', 'B712', 'B691', 'B427', 'B193', 'B265', 'B485', 'B223', 'B377', 'B26']",5.5,D0,5.65,11,9,20,0.0,,-0.276074,-7.695917,-7.971991,False,False,3,D0,False,2,0.0888,pickup,,,,,,,,,,,,,,,,,,,,,,,,,,,,,,,,,,,,,,,,,,,,,,,,,,,,
50,21,19,49,D0,True,11,9,20,0,0,0,0,9,3,"['B293', 'B365', 'B407', 'B668', 'B314', 'B284', 'B436', 'B260', 'B335', 'B163', 'B410', 'B257']",6.0,D0,0.0,14,0,14,0.0,,-0.196636,-7.829516,-8.026152,True,True,1,D0,False,0,0.0441,do_nothing,,,,,,,,,,,,,,,,,,,,,,,,,,,,,,,,,,,,,,,,,,,,,,,,,,,,
50,22,6,10,D0,True,14,0,14,0,0,0,0,0,6,"['B766', 'B745', 'B37', 'B704', 'B398', 'B758']",3.0,S66,1.4,20,0,20,0.0,,-1.577431,-8.104085,-9.681516,True,True,5,S66,False,2,0.1531,load_queue,,,,,,,,,,,,,,,,,,,,,,,,,,,,,,,,,,,,,,,,,,,,,,,,,,,,
50,22,6,29,S66,False,20,0,20,0,0,0,0,0,0,[],0.0,S65,3.09,20,0,20,0.0,,-1.382932,-8.12548,-9.508412,True,False,30,S65,False,0,1.087,do_nothing,,,,,,,,,,,,,,,,,,,,,,,,,,,,,,,,,,,,,,,,,,,,,,,,,,,,
50,22,6,32,S65,False,20,0,20,20,0,0,0,0,0,"['B136', 'B523', 'B712', 'B691', 'B427', 'B193', 'B265', 'B485', 'B223', 'B377', 'B26', 'B293', 'B365', 'B407', 'B766', 'B745', 'B37', 'B704', 'B398', 'B758']",10.0,S33,6.32,0,0,0,0.0,,-1.457289,-8.124537,-9.581826,True,False,18,S33,False,6,0.6927,delivery,,,,,,,,,,,,,,,,,,,,,,,,,,,,,,,,,,,,,,,,,,,,,,,,,,,,
50,22,6,49,S33,False,0,0,0,0,15,0,0,0,0,"['B58', 'B429', 'B64', 'B230', 'B439', 'B531', 'B279', 'B569', 'B316', 'B276', 'B654', 'B450', 'B392', 'B756', 'B90']",7.5,S62,0.92,15,0,15,0.0,,-1.164345,-8.169558,-9.333903,False,False,18,S52,True,6,0.8394,pickup,,,,,,,,,,,,,,,,,,,,,,,,,,,,,,,,,,,,,,,,,,,,,,,,,,,,
50,22,6,57,S62,False,15,0,15,15,0,0,0,0,0,"['B58', 'B429', 'B64', 'B230', 'B439', 'B531', 'B279', 'B569', 'B316', 'B276', 'B654', 'B450', 'B392', 'B756', 'B90']",7.5,S45,1.77,0,0,0,0.0,,-1.535142,-8.191115,-9.726257,False,False,12,S45,False,7,0.6723,delivery,,,,,,,,,,,,,,,,,,,,,,,,,,,,,,,,,,,,,,,,,,,,,,,,,,,,
50,22,7,6,S45,False,0,0,0,0,12,0,1,0,0,"['B497', 'B591', 'B283', 'B518', 'B606', 'B681', 'B499', 'B351', 'B424', 'B564', 'B522', 'B178', 'B114']",6.5,S66,4.34,12,1,13,0.0,,-1.043989,-8.250548,-9.294537,True,True,24,S36,True,20,1.5155,pickup+depot_removal,,,,,,,,,,,,,,,,,,,,,,,,,,,,,,,,,,,,,,,,,,,,,,,,,,,,
50,22,7,17,S66,False,12,1,13,12,0,0,1,0,0,"['B593', 'B497', 'B591', 'B283', 'B518', 'B606', 'B681', 'B499', 'B351', 'B424', 'B564', 'B522', 'B178']",6.5,S54,5.58,0,2,2,0.0,,-1.300553,-8.175487,-9.476041,True,True,24,S54,True,19,1.4989,delivery+depot_removal,,,,,,,,,,,,,,,,,,,,,,,,,,,,,,,,,,,,,,,,,,,,,,,,,,,,
50,22,7,29,S54,False,0,2,2,0,14,0,0,0,0,"['B205', 'B59', 'B323', 'B641', 'B239', 'B414', 'B399', 'B513', 'B469', 'B471', 'B93', 'B752', 'B24', 'B504']",7.0,S27,4.59,14,2,16,0.0,,-0.888304,-8.18237,-9.070674,False,False,18,S27,False,12,1.0112,pickup,,,,,,,,,,,,,,,,,,,,,,,,,,,,,,,,,,,,,,,,,,,,,,,,,,,,
50,22,7,41,S27,False,14,2,16,14,0,0,0,0,0,"['B205', 'B59', 'B323', 'B641', 'B239', 'B414', 'B399', 'B513', 'B469', 'B471', 'B93', 'B752', 'B24', 'B504']",7.0,S36,7.66,0,2,2,0.0,,-0.690972,-8.162184,-8.853156,False,False,12,S44,True,7,0.6753,delivery,,,,,,,,,,,,,,,,,,,,,,,,,,,,,,,,,,,,,,,,,,,,,,,,,,,,
50,22,7,56,S36,False,0,2,2,0,12,1,2,0,0,"['B155', 'B208', 'B165', 'B53', 'B30', 'B716', 'B411', 'B643', 'B658', 'B470', 'B11', 'B213', 'B242', 'B442']",10.0,S19,2.19,12,4,16,0.0,,-0.905791,-8.142763,-9.048554,True,True,216,S44,True,109,8.1259,pickup+maintenance,,,,,,,,,,,,,,,,,,,,,,,,,,,,,,,,,,,,,,,,,,,,,,,,,,,,
50,22,8,8,S19,False,12,4,16,11,0,0,0,0,0,"['B155', 'B208', 'B165', 'B53', 'B30', 'B716', 'B411', 'B643', 'B658', 'B470', 'B11']",5.5,S44,4.96,1,4,5,0.0,,-0.491941,-8.13326,-8.625201,True,False,36,S15,True,14,1.1765,delivery,,,,,,,,,,,,,,,,,,,,,,,,,,,,,,,,,,,,,,,,,,,,,,,,,,,,
50,22,8,18,S44,False,1,4,5,0,11,0,0,0,0,"['B463', 'B315', 'B601', 'B566', 'B553', 'B202', 'B503', 'B657', 'B466', 'B464', 'B183']",5.5,S31,3.74,12,4,16,0.0,,-0.433866,-8.18963,-8.623496,False,False,18,S34,True,12,0.8314,pickup,,,,,,,,,,,,,,,,,,,,,,,,,,,,,,,,,,,,,,,,,,,,,,,,,,,,
50,22,8,27,S31,False,12,4,16,12,0,0,0,0,0,"['B213', 'B463', 'B315', 'B601', 'B566', 'B553', 'B202', 'B503', 'B657', 'B466', 'B464', 'B183']",6.0,S64,1.37,0,4,4,0.0,,-0.51031,-8.169791,-8.680101,True,False,24,S14,True,14,1.2012,delivery,,,,,,,,,,,,,,,,,,,,,,,,,,,,,,,,,,,,,,,,,,,,,,,,,,,,
50,22,8,35,S64,False,0,4,4,0,7,0,0,0,0,"['B70', 'B560', 'B195', 'B511', 'B536', 'B186', 'B494']",3.5,S15,4.69,7,4,11,0.0,,-0.668001,-8.087938,-8.755939,True,False,54,S37,True,21,1.6895,pickup,,,,,,,,,,,,,,,,,,,,,,,,,,,,,,,,,,,,,,,,,,,,,,,,,,,,
50,22,8,43,S15,False,7,4,11,7,0,0,0,0,0,"['B70', 'B560', 'B195', 'B511', 'B536', 'B186', 'B494']",3.5,S50,4.47,0,4,4,0.0,,-0.727414,-8.075005,-8.802419,False,False,12,S50,False,9,0.3557,delivery,,,,,,,,,,,,,,,,,,,,,,,,,,,,,,,,,,,,,,,,,,,,,,,,,,,,
50,22,8,51,S50,False,0,4,4,0,15,0,0,0,0,"['B675', 'B453', 'B285', 'B63', 'B215', 'B109', 'B517', 'B132', 'B289', 'B490', 'B158', 'B134', 'B421', 'B404', 'B235']",7.5,S11,3.14,15,4,19,0.0,,-0.925701,-8.043379,-8.96908,False,False,18,S55,True,7,0.655,pickup,,,,,,,,,,,,,,,,,,,,,,,,,,,,,,,,,,,,,,,,,,,,,,,,,,,,
50,22,9,2,S11,False,15,4,19,10,0,0,0,0,0,"['B675', 'B453', 'B285', 'B63', 'B215', 'B109', 'B517', 'B132', 'B289', 'B490']",5.0,S55,5.75,5,4,9,0.0,,-1.065015,-8.121664,-9.186679,True,False,48,S40,True,31,1.6822,delivery,,,,,,,,,,,,,,,,,,,,,,,,,,,,,,,,,,,,,,,,,,,,,,,,,,,,
50,22,9,12,S55,False,5,4,9,0,0,0,0,0,0,[],0.0,S54,0.95,5,4,9,0.0,,-0.847414,-8.135277,-8.982691,False,False,12,S48,True,0,0.488,do_nothing,,,,,,,,,,,,,,,,,,,,,,,,,,,,,,,,,,,,,,,,,,,,,,,,,,,,
50,22,9,13,S54,False,5,4,9,0,11,0,0,0,0,"['B229', 'B426', 'B432', 'B670', 'B137', 'B1', 'B64', 'B531', 'B666', 'B498', 'B437']",5.5,S48,6.34,16,4,20,0.0,,-1.024662,-8.095385,-9.120047,False,False,12,S48,False,9,0.5134,pickup,,,,,,,,,,,,,,,,,,,,,,,,,,,,,,,,,,,,,,,,,,,,,,,,,,,,
50,22,9,25,S48,False,16,4,20,12,0,0,0,0,0,"['B158', 'B134', 'B421', 'B404', 'B235', 'B229', 'B426', 'B432', 'B670', 'B137', 'B1', 'B64']",6.0,S55,5.56,4,4,8,0.0,,-0.72866,-8.029918,-8.758578,True,False,60,S46,True,13,2.2157,delivery,,,,,,,,,,,,,,,,,,,,,,,,,,,,,,,,,,,,,,,,,,,,,,,,,,,,
50,22,9,37,S55,False,4,4,8,0,12,0,0,0,0,"['B149', 'B317', 'B259', 'B707', 'B92', 'B697', 'B334', 'B42', 'B533', 'B730', 'B693', 'B290']",6.0,S46,2.88,16,4,20,0.0,,-0.905528,-8.040154,-8.945682,False,False,12,S46,False,8,0.5953,pickup,,,,,,,,,,,,,,,,,,,,,,,,,,,,,,,,,,,,,,,,,,,,,,,,,,,,
50,22,9,46,S46,False,16,4,20,16,0,0,0,0,0,"['B531', 'B666', 'B498', 'B437', 'B149', 'B317', 'B259', 'B707', 'B92', 'B697', 'B334', 'B42', 'B533', 'B730', 'B693', 'B290']",8.0,S42,7.22,0,4,4,0.0,,-0.910786,-7.931128,-8.841914,True,False,30,S51,True,10,1.5231,delivery,,,,,,,,,,,,,,,,,,,,,,,,,,,,,,,,,,,,,,,,,,,,,,,,,,,,
50,22,10,1,S42,False,0,4,4,0,10,0,1,0,0,"['B725', 'B188', 'B744', 'B128', 'B376', 'B378', 'B486', 'B41', 'B710', 'B167', 'B179']",5.5,S34,5.28,10,5,15,0.0,,-0.846413,-7.675872,-8.522286,True,True,36,S37,True,33,2.3092,pickup+depot_removal,,,,,,,,,,,,,,,,,,,,,,,,,,,,,,,,,,,,,,,,,,,,,,,,,,,,
50,22,10,12,S34,False,10,5,15,10,0,0,0,0,0,"['B725', 'B188', 'B744', 'B128', 'B376', 'B378', 'B486', 'B41', 'B710', 'B167']",5.0,S52,4.35,0,5,5,0.0,,-0.532582,-7.711163,-8.243745,False,False,12,S52,False,8,0.4288,delivery,,,,,,,,,,,,,,,,,,,,,,,,,,,,,,,,,,,,,,,,,,,,,,,,,,,,
50,22,10,21,S52,False,0,5,5,0,8,0,0,0,0,"['B299', 'B361', 'B238', 'B451', 'B705', 'B291', 'B140', 'B386']",4.0,S32,3.72,8,5,13,0.0,,-0.376698,-7.655495,-8.032192,True,False,72,S37,True,25,2.4617,pickup,,,,,,,,,,,,,,,,,,,,,,,,,,,,,,,,,,,,,,,,,,,,,,,,,,,,
50,22,10,29,S32,False,8,5,13,0,7,0,0,0,0,"['B174', 'B765', 'B138', 'B489', 'B406', 'B29', 'B438']",3.5,S51,4.37,15,5,20,0.0,,-0.257706,-7.640182,-7.897888,False,False,12,S53,True,7,0.6825,pickup,,,,,,,,,,,,,,,,,,,,,,,,,,,,,,,,,,,,,,,,,,,,,,,,,,,,
50,22,10,37,S51,False,15,5,20,12,0,0,0,0,0,"['B299', 'B361', 'B238', 'B451', 'B705', 'B291', 'B140', 'B386', 'B174', 'B765', 'B138', 'B489']",6.0,S37,4.67,3,5,8,0.0,,-0.236982,-7.50303,-7.740013,False,False,18,S53,True,6,1.0067,delivery,,,,,,,,,,,,,,,,,,,,,,,,,,,,,,,,,,,,,,,,,,,,,,,,,,,,
50,22,10,47,S37,False,3,5,8,0,12,1,0,0,0,"['B763', 'B150', 'B194', 'B52', 'B159', 'B619', 'B139', 'B363', 'B588', 'B62', 'B403', 'B509']",9.0,S53,3.02,15,5,20,0.0,,-0.276986,-7.700727,-7.977713,True,True,48,S24,True,43,2.5777,pickup+onsite,,,,,,,,,,,,,,,,,,,,,,,,,,,,,,,,,,,,,,,,,,,,,,,,,,,,
50,22,10,59,S53,False,15,5,20,13,0,0,0,0,0,"['B406', 'B29', 'B438', 'B763', 'B150', 'B194', 'B52', 'B159', 'B619', 'B139', 'B363', 'B588', 'B62']",6.5,S21,9.78,2,5,7,0.0,,-0.078694,-7.525097,-7.603791,True,False,60,S6,True,15,1.8253,delivery,,,,,,,,,,,,,,,,,,,,,,,,,,,,,,,,,,,,,,,,,,,,,,,,,,,,
50,22,11,16,S21,False,2,5,7,0,6,0,0,0,0,"['B131', 'B296', 'B330', 'B500', 'B409', 'B111']",3.0,S22,16.33,8,5,13,0.0,,-0.23533,-7.643604,-7.878934,False,False,18,S24,True,15,0.4053,pickup,,,,,,,,,,,,,,,,,,,,,,,,,,,,,,,,,,,,,,,,,,,,,,,,,,,,
50,22,11,35,S22,False,8,5,13,0,0,1,0,0,0,[],3.0,S15,6.37,8,5,13,0.0,,-0.255306,-7.796196,-8.051502,True,True,24,S15,False,6,0.8093,do_nothing+onsite,,,,,,,,,,,,,,,,,,,,,,,,,,,,,,,,,,,,,,,,,,,,,,,,,,,,
50,22,11,44,S15,False,8,5,13,8,0,0,0,0,0,"['B403', 'B509', 'B131', 'B296', 'B330', 'B500', 'B409', 'B111']",4.0,S32,5.59,0,5,5,0.0,,-0.433565,-7.952914,-8.386479,False,False,12,S32,False,6,0.3703,delivery,,,,,,,,,,,,,,,,,,,,,,,,,,,,,,,,,,,,,,,,,,,,,,,,,,,,
50,22,11,54,S32,False,0,5,5,0,14,0,0,0,0,"['B309', 'B680', 'B423', 'B124', 'B462', 'B634', 'B78', 'B228', 'B308', 'B249', 'B754', 'B177', 'B465', 'B467']",7.0,S22,10.82,14,5,19,0.0,,-0.68847,-7.956605,-8.645076,False,False,18,S46,True,8,0.5386,pickup,,,,,,,,,,,,,,,,,,,,,,,,,,,,,,,,,,,,,,,,,,,,,,,,,,,,
50,22,12,12,S22,False,14,5,19,12,0,0,0,0,0,"['B309', 'B680', 'B423', 'B124', 'B462', 'B634', 'B78', 'B228', 'B308', 'B249', 'B754', 'B177']",6.0,S41,3.42,2,5,7,0.0,,-0.374543,-7.720973,-8.095516,False,False,18,S27,True,8,0.9619,delivery,,,,,,,,,,,,,,,,,,,,,,,,,,,,,,,,,,,,,,,,,,,,,,,,,,,,
50,22,12,21,S41,False,2,5,7,0,12,0,0,0,0,"['B602', 'B684', 'B358', 'B603', 'B620', 'B563', 'B618', 'B189', 'B164', 'B35', 'B214', 'B108']",6.0,S63,5.29,14,5,19,0.0,,-0.412045,-8.0093,-8.421345,True,False,36,S63,True,24,1.4291,pickup,,,,,,,,,,,,,,,,,,,,,,,,,,,,,,,,,,,,,,,,,,,,,,,,,,,,
50,22,12,32,S63,False,14,5,19,14,0,0,1,0,0,"['B505', 'B465', 'B467', 'B602', 'B684', 'B358', 'B603', 'B620', 'B563', 'B618', 'B189', 'B164', 'B35', 'B214', 'B108']",7.5,S51,3.43,0,6,6,0.0,,-0.77132,-7.794254,-8.565574,True,True,24,S54,True,18,1.116,delivery+depot_removal,,,,,,,,,,,,,,,,,,,,,,,,,,,,,,,,,,,,,,,,,,,,,,,,,,,,
50,22,12,43,S51,False,0,6,6,0,14,0,0,0,0,"['B386', 'B174', 'B765', 'B138', 'B489', 'B149', 'B298', 'B497', 'B623', 'B636', 'B580', 'B622', 'B8', 'B466']",7.0,S29,7.57,14,6,20,0.0,,-0.669145,-7.883808,-8.552953,False,False,12,S11,True,7,0.505,pickup,,,,,,,,,,,,,,,,,,,,,,,,,,,,,,,,,,,,,,,,,,,,,,,,,,,,
50,22,12,58,S29,False,14,6,20,14,0,0,0,0,0,"['B386', 'B174', 'B765', 'B138', 'B489', 'B149', 'B298', 'B497', 'B623', 'B636', 'B580', 'B622', 'B8', 'B466']",7.0,S48,7.68,0,6,6,0.0,,-0.710954,-7.744849,-8.455802,False,False,12,S11,True,7,0.5464,delivery,,,,,,,,,,,,,,,,,,,,,,,,,,,,,,,,,,,,,,,,,,,,,,,,,,,,
50,22,13,13,S48,False,0,6,6,0,11,0,1,0,0,"['B229', 'B426', 'B432', 'B670', 'B137', 'B1', 'B64', 'B699', 'B209', 'B460', 'B629', 'B123']",6.0,S54,6.34,11,7,18,0.0,,-0.811228,-7.991593,-8.802821,True,True,72,S46,True,31,3.5422,pickup+depot_removal,,,,,,,,,,,,,,,,,,,,,,,,,,,,,,,,,,,,,,,,,,,,,,,,,,,,
50,22,13,25,S54,False,11,7,18,11,0,0,0,0,0,"['B229', 'B426', 'B432', 'B670', 'B137', 'B1', 'B64', 'B699', 'B209', 'B460', 'B629']",5.5,S19,6.83,0,7,7,0.0,,-1.160683,-7.952812,-9.113495,True,False,24,S11,True,12,1.3338,delivery,,,,,,,,,,,,,,,,,,,,,,,,,,,,,,,,,,,,,,,,,,,,,,,,,,,,
50,22,13,37,S19,False,0,7,7,0,12,1,0,0,0,"['B550', 'B732', 'B565', 'B405', 'B455', 'B211', 'B281', 'B647', 'B603', 'B340', 'B234', 'B346']",9.0,S52,5.79,12,7,19,0.0,,-1.260709,-8.016471,-9.277179,True,True,24,S11,True,21,1.2499,pickup+onsite,,,,,,,,,,,,,,,,,,,,,,,,,,,,,,,,,,,,,,,,,,,,,,,,,,,,
50,22,13,52,S52,False,12,7,19,0,0,1,0,0,0,[],3.0,S26,7.0,12,7,19,0.0,,-1.29861,-7.990638,-9.289247,True,True,48,S50,True,14,1.9379,do_nothing+onsite,,,,,,,,,,,,,,,,,,,,,,,,,,,,,,,,,,,,,,,,,,,,,,,,,,,,
50,22,14,2,S26,False,12,7,19,12,0,1,0,0,0,"['B550', 'B732', 'B565', 'B405', 'B455', 'B211', 'B281', 'B647', 'B603', 'B340', 'B234', 'B346']",9.0,S60,6.85,0,7,7,0.0,,-1.379592,-7.952982,-9.332574,True,True,24,S50,True,18,0.8752,delivery+onsite,,,,,,,,,,,,,,,,,,,,,,,,,,,,,,,,,,,,,,,,,,,,,,,,,,,,
50,22,14,18,S60,False,0,7,7,0,13,0,0,0,0,"['B251', 'B204', 'B414', 'B45', 'B525', 'B469', 'B365', 'B676', 'B704', 'B674', 'B705', 'B97', 'B408']",6.5,S64,0.95,13,7,20,0.0,,-1.973684,-7.996421,-9.970104,False,False,12,S65,True,6,0.5523,pickup,,,,,,,,,,,,,,,,,,,,,,,,,,,,,,,,,,,,,,,,,,,,,,,,,,,,
50,22,14,25,S64,False,13,7,20,0,0,0,0,0,0,[],0.0,S35,8.94,13,7,20,0.0,,-1.264057,-8.015789,-9.279846,True,False,24,S57,True,0,1.3104,do_nothing,,,,,,,,,,,,,,,,,,,,,,,,,,,,,,,,,,,,,,,,,,,,,,,,,,,,
50,22,14,34,S35,False,13,7,20,13,0,0,0,0,0,"['B251', 'B204', 'B414', 'B45', 'B525', 'B469', 'B365', 'B676', 'B704', 'B674', 'B705', 'B97', 'B408']",6.5,S65,10.81,0,7,7,0.0,,-1.818063,-8.136361,-9.954424,True,False,24,S57,True,13,1.0157,delivery,,,,,,,,,,,,,,,,,,,,,,,,,,,,,,,,,,,,,,,,,,,,,,,,,,,,
50,22,14,52,S65,False,0,7,7,0,13,0,0,0,0,"['B686', 'B616', 'B127', 'B27', 'B602', 'B413', 'B617', 'B67', 'B592', 'B635', 'B564', 'B543', 'B562']",6.5,S17,7.47,13,7,20,0.0,,-1.460394,-8.026524,-9.486918,True,False,18,S6,True,15,0.9722,pickup,,,,,,,,,,,,,,,,,,,,,,,,,,,,,,,,,,,,,,,,,,,,,,,,,,,,
50,22,15,6,S17,False,13,7,20,13,0,1,0,0,0,"['B686', 'B616', 'B127', 'B27', 'B602', 'B413', 'B617', 'B67', 'B592', 'B635', 'B564', 'B543', 'B562']",9.5,S53,9.29,0,7,7,0.0,,-1.067976,-7.935716,-9.003692,True,True,24,S57,True,19,0.8726,delivery+onsite,,,,,,,,,,,,,,,,,,,,,,,,,,,,,,,,,,,,,,,,,,,,,,,,,,,,
50,22,15,24,S53,False,0,7,7,0,13,0,0,0,0,"['B588', 'B62', 'B685', 'B323', 'B90', 'B382', 'B213', 'B88', 'B301', 'B93', 'B660', 'B77', 'B639']",6.5,S57,4.73,13,7,20,0.0,,-1.026019,-8.063704,-9.089723,True,False,36,S50,True,26,1.303,pickup,,,,,,,,,,,,,,,,,,,,,,,,,,,,,,,,,,,,,,,,,,,,,,,,,,,,
50,22,15,36,S57,False,13,7,20,13,0,0,1,0,0,"['B718', 'B588', 'B62', 'B685', 'B323', 'B90', 'B382', 'B213', 'B88', 'B301', 'B93', 'B660', 'B77', 'B639']",7.0,S12,9.18,0,8,8,0.0,,-0.98892,-7.920614,-8.909534,True,True,18,S12,True,12,0.7638,delivery+depot_removal,,,,,,,,,,,,,,,,,,,,,,,,,,,,,,,,,,,,,,,,,,,,,,,,,,,,
50,22,15,52,S12,False,0,8,8,0,12,1,0,0,0,"['B429', 'B355', 'B572', 'B374', 'B38', 'B547', 'B232', 'B152', 'B522', 'B417', 'B354', 'B673']",9.0,S50,10.53,12,8,20,0.0,,-1.184758,-7.896171,-9.080929,True,True,36,S50,True,24,2.2248,pickup+onsite,,,,,,,,,,,,,,,,,,,,,,,,,,,,,,,,,,,,,,,,,,,,,,,,,,,,
50,22,16,11,S50,False,12,8,20,12,0,0,0,0,0,"['B429', 'B355', 'B572', 'B374', 'B38', 'B547', 'B232', 'B152', 'B522', 'B417', 'B354', 'B673']",6.0,S63,6.54,0,8,8,0.0,,-0.868575,-8.033296,-8.90187,True,False,18,S31,True,10,0.924,delivery,,,,,,,,,,,,,,,,,,,,,,,,,,,,,,,,,,,,,,,,,,,,,,,,,,,,
50,22,16,24,S63,False,0,8,8,0,12,0,0,0,0,"['B489', 'B445', 'B703', 'B539', 'B470', 'B386', 'B0', 'B154', 'B553', 'B657', 'B512', 'B552']",6.0,S18,3.17,12,8,20,0.0,,-0.987383,-7.849927,-8.83731,True,False,36,S37,True,14,3.7677,pickup,,,,,,,,,,,,,,,,,,,,,,,,,,,,,,,,,,,,,,,,,,,,,,,,,,,,
50,22,16,33,S18,False,12,8,20,0,0,0,0,0,0,[],0.0,S54,5.81,12,8,20,0.0,,-1.025673,-8.071513,-9.097186,True,False,18,S41,True,2,1.9222,do_nothing,,,,,,,,,,,,,,,,,,,,,,,,,,,,,,,,,,,,,,,,,,,,,,,,,,,,
50,22,16,39,S54,False,12,8,20,12,0,1,0,0,0,"['B489', 'B445', 'B703', 'B539', 'B470', 'B386', 'B0', 'B154', 'B553', 'B657', 'B512', 'B552']",9.0,S20,12.09,0,8,8,0.0,,-0.946927,-7.976476,-8.923403,True,True,72,S37,True,40,4.2163,delivery+onsite,,,,,,,,,,,,,,,,,,,,,,,,,,,,,,,,,,,,,,,,,,,,,,,,,,,,
50,22,17,0,S20,False,0,8,8,0,0,0,0,0,0,[],0.0,S65,4.59,0,8,8,0.0,,-1.104571,-7.950532,-9.055102,False,False,12,S65,False,0,0.5992,do_nothing,,,,,,,,,,,,,,,,,,,,,,,,,,,,,,,,,,,,,,,,,,,,,,,,,,,,
50,22,17,4,S65,False,0,8,8,0,12,0,0,0,0,"['B516', 'B643', 'B717', 'B43', 'B194', 'B108', 'B689', 'B449', 'B426', 'B233', 'B206', 'B226']",6.0,S37,5.89,12,8,20,0.0,,-1.086647,-7.875022,-8.961669,True,False,18,S41,True,15,0.7397,pickup,,,,,,,,,,,,,,,,,,,,,,,,,,,,,,,,,,,,,,,,,,,,,,,,,,,,
50,22,17,16,S37,False,12,8,20,0,0,0,0,0,0,[],0.0,S41,3.7,12,8,20,0.0,,-0.492588,-7.76195,-8.254538,True,False,24,S18,True,0,1.0431,do_nothing,,,,,,,,,,,,,,,,,,,,,,,,,,,,,,,,,,,,,,,,,,,,,,,,,,,,
50,22,17,20,S41,False,12,8,20,12,0,0,0,0,0,"['B516', 'B643', 'B717', 'B43', 'B194', 'B108', 'B689', 'B449', 'B426', 'B233', 'B206', 'B226']",6.0,S31,1.27,0,8,8,0.0,,-0.808555,-7.931879,-8.740434,True,False,24,S18,True,6,1.1989,delivery,,,,,,,,,,,,,,,,,,,,,,,,,,,,,,,,,,,,,,,,,,,,,,,,,,,,
50,22,17,27,S31,False,0,8,8,0,12,0,0,0,0,"['B756', 'B140', 'B723', 'B295', 'B357', 'B15', 'B33', 'B713', 'B23', 'B495', 'B294', 'B623']",6.0,S37,2.81,12,8,20,0.0,,-0.512759,-7.713999,-8.226758,True,False,18,S0,True,12,0.9546,pickup,,,,,,,,,,,,,,,,,,,,,,,,,,,,,,,,,,,,,,,,,,,,,,,,,,,,
50,22,17,36,S37,False,12,8,20,12,0,0,0,0,0,"['B756', 'B140', 'B723', 'B295', 'B357', 'B15', 'B33', 'B713', 'B23', 'B495', 'B294', 'B623']",6.0,S51,4.67,0,8,8,0.0,,-0.414899,-7.769981,-8.18488,True,False,24,S35,True,9,1.0225,delivery,,,,,,,,,,,,,,,,,,,,,,,,,,,,,,,,,,,,,,,,,,,,,,,,,,,,
50,22,17,47,S51,False,0,8,8,0,12,0,0,0,0,"['B290', 'B591', 'B138', 'B414', 'B510', 'B166', 'B78', 'B168', 'B62', 'B610', 'B416', 'B198']",6.0,S35,8.32,12,8,20,0.0,,-0.551563,-7.733003,-8.284566,True,False,60,S0,True,25,2.8848,pickup,,,,,,,,,,,,,,,,,,,,,,,,,,,,,,,,,,,,,,,,,,,,,,,,,,,,
50,22,18,1,S35,False,12,8,20,9,0,1,0,0,0,"['B290', 'B591', 'B138', 'B414', 'B510', 'B166', 'B78', 'B168', 'B62']",7.5,S16,6.87,3,8,11,0.0,,-0.355426,-7.734505,-8.089931,True,True,36,S15,True,22,1.1221,delivery+onsite,,,,,,,,,,,,,,,,,,,,,,,,,,,,,,,,,,,,,,,,,,,,,,,,,,,,
50,22,18,15,S16,False,3,8,11,0,0,0,1,0,0,['B117'],0.5,S15,5.18,3,9,12,0.0,,-0.216508,-7.780828,-7.997336,True,True,36,S0,True,6,1.522,do_nothing+depot_removal,,,,,,,,,,,,,,,,,,,,,,,,,,,,,,,,,,,,,,,,,,,,,,,,,,,,
50,22,18,21,S15,False,3,9,12,3,0,0,0,0,0,"['B610', 'B416', 'B198']",1.5,S62,2.79,0,9,9,0.0,,-0.413042,-7.871782,-8.284824,False,False,12,S0,True,9,0.3329,delivery,,,,,,,,,,,,,,,,,,,,,,,,,,,,,,,,,,,,,,,,,,,,,,,,,,,,
50,22,18,25,S62,False,0,9,9,0,11,0,0,0,0,"['B368', 'B134', 'B100', 'B325', 'B419', 'B210', 'B195', 'B101', 'B406', 'B385', 'B763']",5.5,S55,3.22,11,9,20,0.0,,-0.236782,-7.643993,-7.880776,True,False,36,S0,True,12,1.1771,pickup,,,,,,,,,,,,,,,,,,,,,,,,,,,,,,,,,,,,,,,,,,,,,,,,,,,,
50,22,18,34,S55,False,11,9,20,0,0,0,0,0,0,[],0.0,S16,3.87,11,9,20,0.0,,-0.177859,-7.710603,-7.888463,False,False,12,S16,False,2,0.4603,do_nothing,,,,,,,,,,,,,,,,,,,,,,,,,,,,,,,,,,,,,,,,,,,,,,,,,,,,
50,22,18,38,S16,False,11,9,20,8,0,0,0,0,0,"['B368', 'B134', 'B100', 'B325', 'B419', 'B210', 'B195', 'B101']",4.0,S55,3.87,3,9,12,0.0,,-0.177714,-7.79162,-7.969334,True,False,30,S55,False,7,1.3182,delivery,,,,,,,,,,,,,,,,,,,,,,,,,,,,,,,,,,,,,,,,,,,,,,,,,,,,
50,22,18,46,S55,False,3,9,12,3,0,0,0,0,0,"['B406', 'B385', 'B763']",1.5,S53,2.16,0,9,9,0.0,,-0.158487,-7.858181,-8.016669,False,False,12,S0,True,6,0.5784,delivery,,,,,,,,,,,,,,,,,,,,,,,,,,,,,,,,,,,,,,,,,,,,,,,,,,,,
50,22,18,50,S53,False,0,9,9,0,11,1,0,0,0,"['B388', 'B271', 'B193', 'B762', 'B453', 'B143', 'B615', 'B440', 'B481', 'B330', 'B531']",8.5,S55,2.16,11,9,20,0.0,,-0.374142,-7.894037,-8.26818,True,True,36,S0,True,31,1.3905,pickup+onsite,,,,,,,,,,,,,,,,,,,,,,,,,,,,,,,,,,,,,,,,,,,,,,,,,,,,
50,22,19,0,S55,False,11,9,20,11,0,0,0,0,0,"['B388', 'B271', 'B193', 'B762', 'B453', 'B143', 'B615', 'B440', 'B481', 'B330', 'B531']",5.5,S22,10.44,0,9,9,0.0,,-0.393423,-7.916792,-8.310215,False,False,12,S7,True,8,0.4179,delivery,,,,,,,,,,,,,,,,,,,,,,,,,,,,,,,,,,,,,,,,,,,,,,,,,,,,
50,22,19,16,S22,False,0,9,9,0,11,0,0,0,0,"['B467', 'B21', 'B371', 'B421', 'B339', 'B247', 'B181', 'B444', 'B652', 'B83', 'B383']",5.5,S13,4.2,11,9,20,0.0,,-0.216713,-7.800733,-8.017446,True,False,24,S13,False,12,0.6278,pickup,,,,,,,,,,,,,,,,,,,,,,,,,,,,,,,,,,,,,,,,,,,,,,,,,,,,
50,22,19,26,S13,False,11,9,20,11,0,0,0,0,0,"['B467', 'B21', 'B371', 'B421', 'B339', 'B247', 'B181', 'B444', 'B652', 'B83', 'B383']",5.5,S7,2.1,0,9,9,0.0,,-0.354418,-7.773935,-8.128353,True,False,34,S18,True,5,1.0457,delivery,,,,,,,,,,,,,,,,,,,,,,,,,,,,,,,,,,,,,,,,,,,,,,,,,,,,
50,22,19,33,S7,False,0,9,9,0,11,0,0,0,0,"['B519', 'B743', 'B482', 'B395', 'B258', 'B322', 'B262', 'B319', 'B760', 'B492', 'B89']",5.5,S18,7.84,11,9,20,0.0,,-0.216107,-7.740508,-7.956614,True,False,16,S47,True,12,0.9363,pickup,,,,,,,,,,,,,,,,,,,,,,,,,,,,,,,,,,,,,,,,,,,,,,,,,,,,
50,22,19,47,S18,False,11,9,20,11,0,0,0,0,0,"['B519', 'B743', 'B482', 'B395', 'B258', 'B322', 'B262', 'B319', 'B760', 'B492', 'B89']",5.5,D0,1.79,0,9,9,0.0,,-0.35498,-7.945215,-8.300195,True,False,4,D0,False,2,0.1297,delivery,,,,,,,,,,,,,,,,,,,,,,,,,,,,,,,,,,,,,,,,,,,,,,,,,,,,
50,22,19,54,D0,True,0,9,9,0,0,0,0,9,13,"['B759', 'B733', 'B329', 'B65', 'B668', 'B314', 'B284', 'B436', 'B260', 'B335', 'B163', 'B410', 'B257', 'B114', 'B593', 'B242', 'B442', 'B179', 'B505', 'B123', 'B718', 'B117']",11.0,D0,0.0,13,0,13,0.0,,-0.414093,-8.006386,-8.420479,True,True,1,D0,False,0,0.0353,do_nothing,,,,,,,,,,,,,,,,,,,,,,,,,,,,,,,,,,,,,,,,,,,,,,,,,,,,
50,23,6,5,D0,True,13,0,13,0,0,0,0,0,0,[],0.0,S41,2.23,13,0,13,0.0,,-1.301698,-8.133343,-9.435041,True,True,5,S39,True,1,0.1598,depot_passthrough,,,,,,,,,,,,,,,,,,,,,,,,,,,,,,,,,,,,,,,,,,,,,,,,,,,,
50,23,6,22,S41,False,13,0,13,13,0,0,0,0,0,"['B759', 'B733', 'B329', 'B65', 'B668', 'B314', 'B284', 'B436', 'B260', 'B335', 'B163', 'B410', 'B257']",6.5,S39,3.32,0,0,0,0.0,,-1.383379,-8.06852,-9.451899,True,False,36,S49,True,18,1.3859,delivery,,,,,,,,,,,,,,,,,,,,,,,,,,,,,,,,,,,,,,,,,,,,,,,,,,,,
50,23,6,32,S39,False,0,0,0,0,20,0,0,0,0,"['B300', 'B80', 'B155', 'B423', 'B418', 'B81', 'B124', 'B381', 'B687', 'B141', 'B619', 'B441', 'B308', 'B605', 'B588', 'B219', 'B426', 'B87', 'B100', 'B325']",10.0,S26,9.74,20,0,20,0.0,,-1.028226,-8.067503,-9.095729,False,False,12,S15,True,9,0.4151,pickup,,,,,,,,,,,,,,,,,,,,,,,,,,,,,,,,,,,,,,,,,,,,,,,,,,,,
50,23,6,52,S26,False,20,0,20,0,0,0,0,0,0,[],0.0,S65,6.43,20,0,20,0.0,,-0.909139,-8.117138,-9.026277,False,False,18,S59,True,2,0.9861,do_nothing,,,,,,,,,,,,,,,,,,,,,,,,,,,,,,,,,,,,,,,,,,,,,,,,,,,,
50,23,6,58,S65,False,20,0,20,19,0,0,0,0,0,"['B300', 'B80', 'B155', 'B423', 'B418', 'B81', 'B124', 'B381', 'B687', 'B141', 'B619', 'B441', 'B308', 'B605', 'B588', 'B219', 'B426', 'B87', 'B100']",9.5,S59,5.18,1,0,1,0.0,,-0.845262,-8.110523,-8.955785,True,False,30,S59,False,6,1.323,delivery,,,,,,,,,,,,,,,,,,,,,,,,,,,,,,,,,,,,,,,,,,,,,,,,,,,,
50,23,7,13,S59,False,1,0,1,0,18,0,0,0,0,"['B251', 'B204', 'B187', 'B606', 'B47', 'B724', 'B516', 'B128', 'B451', 'B699', 'B236', 'B503', 'B407', 'B45', 'B667', 'B517', 'B633', 'B467']",9.0,S12,7.36,19,0,19,0.0,,-0.826883,-7.899465,-8.726347,False,False,18,S61,True,13,0.974,pickup,,,,,,,,,,,,,,,,,,,,,,,,,,,,,,,,,,,,,,,,,,,,,,,,,,,,
50,23,7,29,S12,False,19,0,19,16,0,1,0,0,0,"['B325', 'B251', 'B204', 'B187', 'B606', 'B47', 'B724', 'B516', 'B128', 'B451', 'B699', 'B236', 'B503', 'B407', 'B45', 'B667']",11.0,S52,6.66,3,0,3,0.0,,-0.550654,-7.82056,-8.371214,True,True,36,S49,True,20,2.4075,delivery+onsite,,,,,,,,,,,,,,,,,,,,,,,,,,,,,,,,,,,,,,,,,,,,,,,,,,,,
50,23,7,47,S52,False,3,0,3,0,8,1,0,0,0,"['B193', 'B513', 'B147', 'B30', 'B675', 'B224', 'B419', 'B176']",7.0,S61,2.0,11,0,11,0.0,,-0.572089,-7.893098,-8.465187,True,True,72,S49,True,38,4.6657,pickup+onsite,,,,,,,,,,,,,,,,,,,,,,,,,,,,,,,,,,,,,,,,,,,,,,,,,,,,
50,23,7,56,S61,False,11,0,11,9,0,0,0,0,0,"['B517', 'B633', 'B467', 'B193', 'B513', 'B147', 'B30', 'B675', 'B224']",4.5,S36,6.36,2,0,2,0.0,,-0.511813,-7.81977,-8.331583,True,False,36,S49,True,14,1.9863,delivery,,,,,,,,,,,,,,,,,,,,,,,,,,,,,,,,,,,,,,,,,,,,,,,,,,,,
50,23,8,7,S36,False,2,0,2,0,13,0,0,0,0,"['B331', 'B18', 'B627', 'B279', 'B174', 'B63', 'B607', 'B42', 'B154', 'B172', 'B349', 'B552', 'B506']",6.5,S54,4.67,15,0,15,0.0,,-0.394077,-8.029207,-8.423283,True,False,72,S51,True,51,3.5699,pickup,,,,,,,,,,,,,,,,,,,,,,,,,,,,,,,,,,,,,,,,,,,,,,,,,,,,
50,23,8,18,S54,False,15,0,15,0,5,0,0,0,0,"['B231', 'B730', 'B178', 'B461', 'B664']",2.5,S26,5.73,20,0,20,0.0,,-0.530386,-7.858209,-8.388595,True,False,48,S26,False,37,2.1254,pickup,,,,,,,,,,,,,,,,,,,,,,,,,,,,,,,,,,,,,,,,,,,,,,,,,,,,
50,23,8,26,S26,False,20,0,20,19,0,0,0,0,0,"['B419', 'B176', 'B331', 'B18', 'B627', 'B279', 'B174', 'B63', 'B607', 'B42', 'B154', 'B172', 'B349', 'B552', 'B506', 'B231', 'B730', 'B178', 'B461']",9.5,S57,6.87,1,0,1,0.0,,-0.650323,-7.775904,-8.426227,False,False,18,S15,True,6,0.9064,delivery,,,,,,,,,,,,,,,,,,,,,,,,,,,,,,,,,,,,,,,,,,,,,,,,,,,,
50,23,8,43,S57,False,1,0,1,0,0,0,0,0,0,[],0.0,S54,2.65,1,0,1,0.0,,-0.50976,-7.835999,-8.345758,False,False,18,S0,True,1,0.887,do_nothing,,,,,,,,,,,,,,,,,,,,,,,,,,,,,,,,,,,,,,,,,,,,,,,,,,,,
50,23,8,45,S54,False,1,0,1,0,11,0,1,0,0,"['B195', 'B702', 'B394', 'B313', 'B262', 'B131', 'B202', 'B653', 'B101', 'B55', 'B628', 'B341']",6.0,S15,3.9,12,1,13,0.0,,-0.570579,-7.735892,-8.306471,True,True,108,S56,True,78,4.3639,pickup+depot_removal,,,,,,,,,,,,,,,,,,,,,,,,,,,,,,,,,,,,,,,,,,,,,,,,,,,,
50,23,8,55,S15,False,12,1,13,12,0,0,0,0,0,"['B664', 'B195', 'B702', 'B394', 'B313', 'B262', 'B131', 'B202', 'B653', 'B101', 'B55', 'B628']",6.0,S52,4.21,0,1,1,0.0,,-0.314274,-7.784936,-8.09921,False,False,12,S52,False,8,0.6005,delivery,,,,,,,,,,,,,,,,,,,,,,,,,,,,,,,,,,,,,,,,,,,,,,,,,,,,
50,23,9,5,S52,False,0,1,1,0,11,0,0,0,0,"['B338', 'B192', 'B346', 'B498', 'B370', 'B235', 'B382', 'B454', 'B350', 'B661', 'B371']",5.5,S66,3.13,11,1,12,0.0,,-0.513663,-7.811296,-8.324959,True,False,36,S0,True,26,1.3085,pickup,,,,,,,,,,,,,,,,,,,,,,,,,,,,,,,,,,,,,,,,,,,,,,,,,,,,
50,23,9,14,S66,False,11,1,12,11,0,0,0,0,0,"['B338', 'B192', 'B346', 'B498', 'B370', 'B235', 'B382', 'B454', 'B350', 'B661', 'B371']",5.5,S0,11.65,0,1,1,0.0,,-0.570635,-7.826873,-8.397508,True,False,24,S57,True,12,0.9364,delivery,,,,,,,,,,,,,,,,,,,,,,,,,,,,,,,,,,,,,,,,,,,,,,,,,,,,
50,23,9,31,S0,False,0,1,1,0,19,0,0,0,0,"['B554', 'B456', 'B709', 'B579', 'B570', 'B507', 'B749', 'B715', 'B716', 'B103', 'B740', 'B548', 'B37', 'B544', 'B54', 'B273', 'B33', 'B23', 'B228']",9.5,S27,10.18,19,1,20,0.0,,-0.530631,-7.637099,-8.16773,False,False,12,S29,True,8,0.603,pickup,,,,,,,,,,,,,,,,,,,,,,,,,,,,,,,,,,,,,,,,,,,,,,,,,,,,
50,23,9,51,S27,False,19,1,20,17,0,0,0,0,0,"['B554', 'B456', 'B709', 'B579', 'B570', 'B507', 'B749', 'B715', 'B716', 'B103', 'B740', 'B548', 'B37', 'B544', 'B54', 'B273', 'B33']",8.5,S1,7.34,2,1,3,0.0,,-0.39397,-7.459571,-7.853541,False,False,18,S41,True,9,0.7379,delivery,,,,,,,,,,,,,,,,,,,,,,,,,,,,,,,,,,,,,,,,,,,,,,,,,,,,
50,23,10,7,S1,False,2,1,3,0,12,0,0,0,0,"['B208', 'B61', 'B270', 'B109', 'B215', 'B75', 'B26', 'B428', 'B689', 'B31', 'B120', 'B643']",6.0,S41,10.06,14,1,15,0.0,,-0.472517,-7.697442,-8.169959,False,False,12,S41,False,7,0.3337,pickup,,,,,,,,,,,,,,,,,,,,,,,,,,,,,,,,,,,,,,,,,,,,,,,,,,,,
50,23,10,23,S41,False,14,1,15,14,0,0,1,0,0,"['B594', 'B23', 'B228', 'B208', 'B61', 'B270', 'B109', 'B215', 'B75', 'B26', 'B428', 'B689', 'B31', 'B120', 'B643']",7.5,S49,2.5,0,2,2,0.0,,-0.354467,-7.842868,-8.197335,True,True,36,S49,True,24,1.8176,delivery+depot_removal,,,,,,,,,,,,,,,,,,,,,,,,,,,,,,,,,,,,,,,,,,,,,,,,,,,,
50,23,10,33,S49,False,0,2,2,0,10,0,0,0,0,"['B682', 'B542', 'B729', 'B378', 'B333', 'B29', 'B587', 'B471', 'B48', 'B401']",5.0,S54,7.81,10,2,12,0.0,,-0.393119,-7.800292,-8.193411,False,False,18,S53,True,14,0.6812,pickup,,,,,,,,,,,,,,,,,,,,,,,,,,,,,,,,,,,,,,,,,,,,,,,,,,,,
50,23,10,46,S54,False,10,2,12,10,0,1,1,0,0,"['B404', 'B682', 'B542', 'B729', 'B378', 'B333', 'B29', 'B587', 'B471', 'B48', 'B401']",8.5,S55,0.95,0,3,3,0.0,,-0.653524,-7.834099,-8.487623,True,True,48,S34,True,42,1.7505,delivery+maintenance,,,,,,,,,,,,,,,,,,,,,,,,,,,,,,,,,,,,,,,,,,,,,,,,,,,,
50,23,10,55,S55,False,0,3,3,0,15,0,0,0,0,"['B156', 'B758', 'B25', 'B495', 'B203', 'B475', 'B210', 'B734', 'B487', 'B282', 'B692', 'B421', 'B291', 'B580', 'B418']",7.5,S29,2.12,15,3,18,0.0,,-0.571727,-7.783529,-8.355256,False,False,18,S35,True,8,0.9202,pickup,,,,,,,,,,,,,,,,,,,,,,,,,,,,,,,,,,,,,,,,,,,,,,,,,,,,
50,23,11,5,S29,False,15,3,18,15,0,0,0,0,0,"['B156', 'B758', 'B25', 'B495', 'B203', 'B475', 'B210', 'B734', 'B487', 'B282', 'B692', 'B421', 'B291', 'B580', 'B418']",7.5,S37,6.23,0,3,3,0.0,,-0.355323,-7.693226,-8.048549,False,False,18,S11,True,12,0.9714,delivery,,,,,,,,,,,,,,,,,,,,,,,,,,,,,,,,,,,,,,,,,,,,,,,,,,,,
50,23,11,18,S37,False,0,3,3,0,17,0,0,0,0,"['B603', 'B35', 'B584', 'B241', 'B706', 'B260', 'B577', 'B335', 'B416', 'B463', 'B568', 'B180', 'B581', 'B59', 'B700', 'B269', 'B12']",8.5,S34,5.37,17,3,20,0.0,,-0.531488,-7.720585,-8.252073,True,False,24,S31,True,19,1.2203,pickup,,,,,,,,,,,,,,,,,,,,,,,,,,,,,,,,,,,,,,,,,,,,,,,,,,,,
50,23,11,32,S34,False,17,3,20,16,0,0,0,0,0,"['B603', 'B35', 'B584', 'B241', 'B706', 'B260', 'B577', 'B335', 'B416', 'B463', 'B568', 'B180', 'B581', 'B59', 'B700', 'B269']",8.0,S11,6.07,1,3,4,0.0,,-0.671899,-7.729194,-8.401093,False,False,18,S31,True,7,0.8251,delivery,,,,,,,,,,,,,,,,,,,,,,,,,,,,,,,,,,,,,,,,,,,,,,,,,,,,
50,23,11,46,S11,False,1,3,4,0,8,0,2,0,0,"['B529', 'B276', 'B322', 'B258', 'B144', 'B469', 'B762', 'B165', 'B362', 'B207']",5.0,S6,13.34,9,5,14,0.0,,-0.591806,-7.607109,-8.198916,True,True,54,S23,True,34,2.5036,pickup+depot_removal,,,,,,,,,,,,,,,,,,,,,,,,,,,,,,,,,,,,,,,,,,,,,,,,,,,,
50,23,12,5,S6,False,9,5,14,0,0,1,0,0,0,[],3.0,S54,11.55,9,5,14,0.0,,-0.829183,-7.573902,-8.403085,True,True,36,S53,True,7,1.2731,do_nothing+onsite,,,,,,,,,,,,,,,,,,,,,,,,,,,,,,,,,,,,,,,,,,,,,,,,,,,,
50,23,12,19,S54,False,9,5,14,9,0,0,0,0,0,"['B12', 'B529', 'B276', 'B322', 'B258', 'B144', 'B469', 'B762', 'B165']",4.5,S42,4.21,0,5,5,0.0,,-0.611128,-7.658826,-8.269954,False,False,12,S53,True,6,0.3706,delivery,,,,,,,,,,,,,,,,,,,,,,,,,,,,,,,,,,,,,,,,,,,,,,,,,,,,
50,23,12,28,S42,False,0,5,5,0,10,1,0,0,0,"['B608', 'B216', 'B325', 'B389', 'B618', 'B8', 'B183', 'B356', 'B604', 'B208']",8.0,S8,6.33,10,5,15,0.0,,-0.374098,-7.559524,-7.933622,True,True,36,S8,True,32,0.9857,pickup+onsite,,,,,,,,,,,,,,,,,,,,,,,,,,,,,,,,,,,,,,,,,,,,,,,,,,,,
50,23,12,42,S8,False,10,5,15,0,0,0,1,0,0,['B496'],0.5,S6,18.18,10,6,16,0.0,,-0.531088,-7.649059,-8.180147,True,True,18,S29,True,10,0.4852,do_nothing+depot_removal,,,,,,,,,,,,,,,,,,,,,,,,,,,,,,,,,,,,,,,,,,,,,,,,,,,,
50,23,13,1,S6,False,10,6,16,0,0,1,0,0,0,[],3.0,S54,11.55,10,6,16,0.0,,-1.263005,-7.725731,-8.988735,True,True,36,S23,True,10,1.0809,do_nothing+onsite,,,,,,,,,,,,,,,,,,,,,,,,,,,,,,,,,,,,,,,,,,,,,,,,,,,,
50,23,13,15,S54,False,10,6,16,0,0,0,0,0,0,[],0.0,S35,2.91,10,6,16,0.0,,-1.494842,-7.805147,-9.29999,False,False,12,S53,True,2,0.5846,do_nothing,,,,,,,,,,,,,,,,,,,,,,,,,,,,,,,,,,,,,,,,,,,,,,,,,,,,
50,23,13,18,S35,False,10,6,16,10,0,0,0,0,0,"['B608', 'B216', 'B325', 'B389', 'B618', 'B8', 'B183', 'B356', 'B604', 'B208']",5.0,S12,9.87,0,6,6,0.0,,-1.163943,-7.72095,-8.884893,False,False,12,S53,True,6,0.8277,delivery,,,,,,,,,,,,,,,,,,,,,,,,,,,,,,,,,,,,,,,,,,,,,,,,,,,,
50,23,13,33,S12,False,0,6,6,0,13,0,0,0,0,"['B128', 'B451', 'B699', 'B236', 'B503', 'B407', 'B45', 'B667', 'B527', 'B6', 'B255', 'B427', 'B682']",6.5,S50,10.53,13,6,19,0.0,,-1.53748,-7.852328,-9.389808,False,False,18,S29,True,14,0.757,pickup,,,,,,,,,,,,,,,,,,,,,,,,,,,,,,,,,,,,,,,,,,,,,,,,,,,,
50,23,13,50,S50,False,13,6,19,13,0,0,0,0,0,"['B128', 'B451', 'B699', 'B236', 'B503', 'B407', 'B45', 'B667', 'B527', 'B6', 'B255', 'B427', 'B682']",6.5,S51,8.8,0,6,6,0.0,,-2.208868,-7.969505,-10.178373,True,False,24,S51,False,12,1.0977,delivery,,,,,,,,,,,,,,,,,,,,,,,,,,,,,,,,,,,,,,,,,,,,,,,,,,,,
50,23,14,6,S51,False,0,6,6,0,13,0,0,0,0,"['B376', 'B35', 'B530', 'B542', 'B263', 'B121', 'B11', 'B139', 'B299', 'B210', 'B205', 'B219', 'B120']",6.5,S29,7.57,13,6,19,0.0,,-1.415939,-8.172219,-9.588159,True,False,120,S53,True,48,4.3292,pickup,,,,,,,,,,,,,,,,,,,,,,,,,,,,,,,,,,,,,,,,,,,,,,,,,,,,
50,23,14,20,S29,False,13,6,19,13,0,0,0,0,0,"['B376', 'B35', 'B530', 'B542', 'B263', 'B121', 'B11', 'B139', 'B299', 'B210', 'B205', 'B219', 'B120']",6.5,S53,3.88,0,6,6,0.0,,-2.030262,-8.17377,-10.204032,False,False,12,S37,True,8,0.8756,delivery,,,,,,,,,,,,,,,,,,,,,,,,,,,,,,,,,,,,,,,,,,,,,,,,,,,,
50,23,14,30,S53,False,0,6,6,0,11,0,1,0,0,"['B53', 'B342', 'B750', 'B142', 'B361', 'B330', 'B83', 'B386', 'B476', 'B274', 'B613', 'B582']",6.0,S54,2.46,11,7,18,0.0,,-1.638603,-8.167358,-9.805962,True,True,30,S37,True,24,1.1529,pickup+depot_removal,,,,,,,,,,,,,,,,,,,,,,,,,,,,,,,,,,,,,,,,,,,,,,,,,,,,
50,23,14,38,S54,False,11,7,18,11,0,0,0,0,0,"['B53', 'B342', 'B750', 'B142', 'B361', 'B330', 'B83', 'B386', 'B476', 'B274', 'B613']",5.5,S37,4.98,0,7,7,0.0,,-1.322081,-8.041605,-9.363686,False,False,12,S12,True,6,0.3956,delivery,,,,,,,,,,,,,,,,,,,,,,,,,,,,,,,,,,,,,,,,,,,,,,,,,,,,
50,23,14,49,S37,False,0,7,7,0,13,0,0,0,0,"['B565', 'B490', 'B475', 'B360', 'B528', 'B541', 'B482', 'B438', 'B522', 'B289', 'B192', 'B452', 'B713']",6.5,S32,4.74,13,7,20,0.0,,-1.560863,-8.182633,-9.743497,True,False,48,S63,True,38,1.5512,pickup,,,,,,,,,,,,,,,,,,,,,,,,,,,,,,,,,,,,,,,,,,,,,,,,,,,,
50,23,15,0,S32,False,13,7,20,13,0,0,0,0,0,"['B565', 'B490', 'B475', 'B360', 'B528', 'B541', 'B482', 'B438', 'B522', 'B289', 'B192', 'B452', 'B713']",6.5,S41,7.65,0,7,7,0.0,,-1.124779,-7.902242,-9.027021,False,False,12,S35,True,6,0.3756,delivery,,,,,,,,,,,,,,,,,,,,,,,,,,,,,,,,,,,,,,,,,,,,,,,,,,,,
50,23,15,14,S41,False,0,7,7,0,13,1,0,0,0,"['B485', 'B720', 'B612', 'B221', 'B604', 'B7', 'B601', 'B16', 'B150', 'B338', 'B108', 'B365', 'B264']",9.5,S55,7.46,13,7,20,0.0,,-0.926854,-7.870428,-8.797281,True,True,36,S55,True,30,1.4307,pickup+onsite,,,,,,,,,,,,,,,,,,,,,,,,,,,,,,,,,,,,,,,,,,,,,,,,,,,,
50,23,15,31,S55,False,13,7,20,13,0,0,0,0,0,"['B485', 'B720', 'B612', 'B221', 'B604', 'B7', 'B601', 'B16', 'B150', 'B338', 'B108', 'B365', 'B264']",6.5,S8,10.47,0,7,7,0.0,,-0.611234,-7.787764,-8.398997,False,False,12,S8,False,6,0.5579,delivery,,,,,,,,,,,,,,,,,,,,,,,,,,,,,,,,,,,,,,,,,,,,,,,,,,,,
50,23,15,48,S8,False,0,7,7,0,13,0,0,0,0,"['B79', 'B14', 'B474', 'B160', 'B526', 'B611', 'B695', 'B148', 'B757', 'B82', 'B405', 'B197', 'B549']",6.5,S51,14.96,13,7,20,0.0,,-0.927509,-7.869219,-8.796727,False,False,12,S39,True,10,0.5598,pickup,,,,,,,,,,,,,,,,,,,,,,,,,,,,,,,,,,,,,,,,,,,,,,,,,,,,
50,23,16,10,S51,False,13,7,20,10,0,1,0,0,0,"['B79', 'B14', 'B474', 'B160', 'B526', 'B611', 'B695', 'B148', 'B757', 'B82']",8.0,S26,11.22,3,7,10,0.0,,-0.850615,-7.718286,-8.568901,True,True,108,S35,True,36,5.8157,delivery+onsite,,,,,,,,,,,,,,,,,,,,,,,,,,,,,,,,,,,,,,,,,,,,,,,,,,,,
50,23,16,29,S26,False,3,7,10,3,0,0,0,0,0,"['B405', 'B197', 'B549']",1.5,S62,5.52,0,7,7,0.0,,-0.571328,-7.651004,-8.222333,False,False,12,S62,False,6,0.5961,delivery,,,,,,,,,,,,,,,,,,,,,,,,,,,,,,,,,,,,,,,,,,,,,,,,,,,,
50,23,16,36,S62,False,0,7,7,0,13,1,0,0,0,"['B99', 'B636', 'B705', 'B597', 'B80', 'B53', 'B576', 'B354', 'B281', 'B607', 'B21', 'B534', 'B485']",9.5,S63,2.46,13,7,20,0.0,,-0.571184,-7.69345,-8.264634,True,True,24,S26,True,21,1.6234,pickup+onsite,,,,,,,,,,,,,,,,,,,,,,,,,,,,,,,,,,,,,,,,,,,,,,,,,,,,
50,23,16,48,S63,False,13,7,20,0,0,2,0,0,0,[],6.0,S45,1.16,13,7,20,0.0,,-0.533086,-7.673359,-8.206444,True,True,90,S46,True,15,5.8424,do_nothing+onsite,,,,,,,,,,,,,,,,,,,,,,,,,,,,,,,,,,,,,,,,,,,,,,,,,,,,
50,23,16,55,S45,False,13,7,20,7,0,0,0,0,0,"['B99', 'B636', 'B705', 'B597', 'B80', 'B53', 'B576']",3.5,S46,1.01,6,7,13,0.0,,-0.76876,-7.754666,-8.523425,False,False,18,S11,True,14,0.4714,delivery,,,,,,,,,,,,,,,,,,,,,,,,,,,,,,,,,,,,,,,,,,,,,,,,,,,,
50,23,17,0,S46,False,6,7,13,6,0,0,0,0,0,"['B354', 'B281', 'B607', 'B21', 'B534', 'B485']",3.0,S51,3.14,0,7,7,0.0,,-0.316075,-7.698442,-8.014517,True,False,24,S51,False,15,1.6812,delivery,,,,,,,,,,,,,,,,,,,,,,,,,,,,,,,,,,,,,,,,,,,,,,,,,,,,
50,23,17,6,S51,False,0,7,7,0,10,0,3,0,0,"['B14', 'B474', 'B160', 'B526', 'B611', 'B695', 'B148', 'B757', 'B82', 'B522', 'B96', 'B257', 'B583']",6.5,S15,8.59,10,10,20,0.0,,-0.533127,-7.637233,-8.17036,True,True,72,S37,True,66,4.8921,pickup+depot_removal,,,,,,,,,,,,,,,,,,,,,,,,,,,,,,,,,,,,,,,,,,,,,,,,,,,,
50,23,17,21,S15,False,10,10,20,0,0,0,0,0,0,[],0.0,S35,5.79,10,10,20,0.0,,-0.473158,-7.70326,-8.176418,False,False,12,S35,False,0,0.6383,do_nothing,,,,,,,,,,,,,,,,,,,,,,,,,,,,,,,,,,,,,,,,,,,,,,,,,,,,
50,23,17,27,S35,False,10,10,20,0,0,1,0,0,0,[],3.0,S56,2.44,10,10,20,0.0,,-0.277077,-7.788199,-8.065276,True,True,24,S50,True,7,0.8456,do_nothing+onsite,,,,,,,,,,,,,,,,,,,,,,,,,,,,,,,,,,,,,,,,,,,,,,,,,,,,
50,23,17,32,S56,False,10,10,20,0,0,2,0,0,0,[],6.0,S32,1.58,10,10,20,0.0,,-0.276583,-7.777465,-8.054048,True,True,126,S15,True,16,2.6376,do_nothing+onsite,,,,,,,,,,,,,,,,,,,,,,,,,,,,,,,,,,,,,,,,,,,,,,,,,,,,
50,23,17,40,S32,False,10,10,20,10,0,0,0,0,0,"['B14', 'B474', 'B160', 'B526', 'B611', 'B695', 'B148', 'B757', 'B82', 'B522']",5.0,S22,10.82,0,10,10,0.0,,-0.473215,-7.802022,-8.275237,False,False,12,S35,True,9,0.4847,delivery,,,,,,,,,,,,,,,,,,,,,,,,,,,,,,,,,,,,,,,,,,,,,,,,,,,,
50,23,17,55,S22,False,0,10,10,0,10,1,0,0,0,"['B95', 'B573', 'B291', 'B680', 'B327', 'B353', 'B340', 'B520', 'B728', 'B767']",8.0,S15,6.37,10,10,20,0.0,,-0.728826,-7.730128,-8.458954,True,True,36,S65,True,18,1.719,pickup+onsite,,,,,,,,,,,,,,,,,,,,,,,,,,,,,,,,,,,,,,,,,,,,,,,,,,,,
50,23,18,10,S15,False,10,10,20,10,0,0,0,0,0,"['B95', 'B573', 'B291', 'B680', 'B327', 'B353', 'B340', 'B520', 'B728', 'B767']",5.0,S65,5.1,0,10,10,0.0,,-0.413291,-7.717983,-8.131274,False,False,12,S63,True,7,0.5372,delivery,,,,,,,,,,,,,,,,,,,,,,,,,,,,,,,,,,,,,,,,,,,,,,,,,,,,
50,23,18,20,S65,False,0,10,10,0,10,0,0,0,0,"['B317', 'B332', 'B41', 'B12', 'B81', 'B663', 'B359', 'B72', 'B517', 'B639']",5.0,S63,7.4,10,10,20,0.0,,-0.176716,-7.848113,-8.024829,True,False,18,S39,True,14,0.503,pickup,,,,,,,,,,,,,,,,,,,,,,,,,,,,,,,,,,,,,,,,,,,,,,,,,,,,
50,23,18,32,S63,False,10,10,20,10,0,0,0,0,0,"['B317', 'B332', 'B41', 'B12', 'B81', 'B663', 'B359', 'B72', 'B517', 'B639']",5.0,S18,3.17,0,10,10,0.0,,-0.33495,-7.66667,-8.001619,True,False,18,S58,True,8,0.8908,delivery,,,,,,,,,,,,,,,,,,,,,,,,,,,,,,,,,,,,,,,,,,,,,,,,,,,,
50,23,18,41,S18,False,0,10,10,0,10,0,0,0,0,"['B32', 'B55', 'B415', 'B240', 'B589', 'B212', 'B566', 'B759', 'B477', 'B48']",5.0,S12,7.88,10,10,20,0.0,,-0.25671,-7.672835,-7.929544,True,False,18,S62,True,15,0.7841,pickup,,,,,,,,,,,,,,,,,,,,,,,,,,,,,,,,,,,,,,,,,,,,,,,,,,,,
50,23,18,53,S12,False,10,10,20,10,0,0,0,0,0,"['B32', 'B55', 'B415', 'B240', 'B589', 'B212', 'B566', 'B759', 'B477', 'B48']",5.0,S62,7.83,0,10,10,0.0,,-0.533632,-7.899571,-8.433203,False,False,12,S58,True,7,0.5642,delivery,,,,,,,,,,,,,,,,,,,,,,,,,,,,,,,,,,,,,,,,,,,,,,,,,,,,
50,23,19,6,S62,False,0,10,10,0,10,0,0,0,0,"['B358', 'B42', 'B188', 'B234', 'B688', 'B261', 'B36', 'B71', 'B175', 'B455']",5.0,S61,2.06,10,10,20,0.0,,-0.3733,-7.882958,-8.256258,False,False,12,S61,False,6,0.5389,pickup,,,,,,,,,,,,,,,,,,,,,,,,,,,,,,,,,,,,,,,,,,,,,,,,,,,,
50,23,19,13,S61,False,10,10,20,10,0,0,1,0,0,"['B533', 'B358', 'B42', 'B188', 'B234', 'B688', 'B261', 'B36', 'B71', 'B175', 'B455']",5.5,S58,2.59,0,11,11,0.0,,-0.118139,-7.696024,-7.814162,True,True,120,S39,True,82,6.5445,delivery+depot_removal,,,,,,,,,,,,,,,,,,,,,,,,,,,,,,,,,,,,,,,,,,,,,,,,,,,,
50,23,19,21,S58,False,0,11,11,0,0,0,0,0,0,[],0.0,S65,6.14,0,11,11,0.0,,-0.23623,-7.655119,-7.891349,True,False,36,S65,True,0,2.0207,do_nothing,,,,,,,,,,,,,,,,,,,,,,,,,,,,,,,,,,,,,,,,,,,,,,,,,,,,
50,23,19,28,S65,False,0,11,11,0,9,0,0,0,0,"['B712', 'B548', 'B255', 'B194', 'B224', 'B349', 'B402', 'B13', 'B734']",4.5,S39,5.08,9,11,20,0.0,,-0.138314,-7.529345,-7.667659,True,False,18,S55,True,12,0.739,pickup,,,,,,,,,,,,,,,,,,,,,,,,,,,,,,,,,,,,,,,,,,,,,,,,,,,,
50,23,19,37,S39,False,9,11,20,9,0,0,0,0,0,"['B712', 'B548', 'B255', 'B194', 'B224', 'B349', 'B402', 'B13', 'B734']",4.5,S58,3.13,0,11,11,0.0,,-0.215911,-7.533388,-7.749299,False,False,8,S62,True,6,0.3093,delivery,,,,,,,,,,,,,,,,,,,,,,,,,,,,,,,,,,,,,,,,,,,,,,,,,,,,
50,23,19,45,S58,False,0,11,11,0,9,0,0,0,0,"['B687', 'B708', 'B596', 'B512', 'B414', 'B348', 'B298', 'B763', 'B215']",4.5,D0,2.14,9,11,20,0.0,,-0.236285,-7.779852,-8.016137,True,False,10,D0,False,8,0.3708,pickup,,,,,,,,,,,,,,,,,,,,,,,,,,,,,,,,,,,,,,,,,,,,,,,,,,,,
50,23,19,51,D0,True,9,11,20,0,0,0,0,11,0,"['B341', 'B594', 'B404', 'B362', 'B207', 'B496', 'B582', 'B96', 'B257', 'B583', 'B533']",5.5,D0,0.0,9,0,9,0.0,,-0.019474,-7.671575,-7.691049,True,True,1,D0,False,0,0.0312,do_nothing,,,,,,,,,,,,,,,,,,,,,,,,,,,,,,,,,,,,,,,,,,,,,,,,,,,,
50,24,6,12,D0,True,9,0,9,0,0,0,0,0,9,"['B114', 'B593', 'B242', 'B442', 'B179', 'B505', 'B123', 'B718', 'B117']",4.5,S65,3.15,18,0,18,0.0,,-1.993169,-8.276264,-10.269432,True,True,5,S65,False,0,0.2278,load_queue,,,,,,,,,,,,,,,,,,,,,,,,,,,,,,,,,,,,,,,,,,,,,,,,,,,,
50,24,6,35,S65,False,18,0,18,18,0,0,0,0,0,"['B687', 'B708', 'B596', 'B512', 'B414', 'B348', 'B298', 'B763', 'B215', 'B114', 'B593', 'B242', 'B442', 'B179', 'B505', 'B123', 'B718', 'B117']",9.0,S59,5.18,0,0,0,0.0,,-2.194469,-8.306835,-10.501304,True,False,24,S53,True,12,1.2629,delivery,,,,,,,,,,,,,,,,,,,,,,,,,,,,,,,,,,,,,,,,,,,,,,,,,,,,
50,24,6,49,S59,False,0,0,0,0,20,0,0,0,0,"['B206', 'B673', 'B387', 'B227', 'B323', 'B570', 'B331', 'B115', 'B64', 'B163', 'B401', 'B250', 'B50', 'B445', 'B735', 'B693', 'B385', 'B615', 'B329', 'B666']",10.0,S12,7.36,20,0,20,0.0,,-1.715101,-8.229862,-9.944964,False,False,12,S55,True,9,0.6751,pickup,,,,,,,,,,,,,,,,,,,,,,,,,,,,,,,,,,,,,,,,,,,,,,,,,,,,
50,24,7,6,S12,False,20,0,20,15,0,0,0,0,0,"['B206', 'B673', 'B387', 'B227', 'B323', 'B570', 'B331', 'B115', 'B64', 'B163', 'B401', 'B250', 'B50', 'B445', 'B735']",7.5,S55,7.23,5,0,5,0.0,,-1.69376,-8.226118,-9.919878,False,False,18,S27,True,12,1.0553,delivery,,,,,,,,,,,,,,,,,,,,,,,,,,,,,,,,,,,,,,,,,,,,,,,,,,,,
50,24,7,21,S55,False,5,0,5,0,15,0,0,0,0,"['B766', 'B457', 'B10', 'B3', 'B304', 'B490', 'B95', 'B33', 'B97', 'B90', 'B431', 'B186', 'B540', 'B88', 'B87']",7.5,S26,6.67,20,0,20,0.0,,-1.420388,-8.19342,-9.613808,False,False,12,S66,True,7,0.5194,pickup,,,,,,,,,,,,,,,,,,,,,,,,,,,,,,,,,,,,,,,,,,,,,,,,,,,,
50,24,7,35,S26,False,20,0,20,18,0,0,0,0,0,"['B693', 'B385', 'B615', 'B329', 'B666', 'B766', 'B457', 'B10', 'B3', 'B304', 'B490', 'B95', 'B33', 'B97', 'B90', 'B431', 'B186', 'B540']",9.0,S3,8.28,2,0,2,0.0,,-0.966148,-8.237861,-9.204008,False,False,18,S27,True,6,1.7596,delivery,,,,,,,,,,,,,,,,,,,,,,,,,,,,,,,,,,,,,,,,,,,,,,,,,,,,
50,24,7,52,S3,False,2,0,2,0,0,0,0,0,0,[],0.0,S53,2.7,2,0,2,0.0,,-1.005007,-8.229315,-9.234321,True,False,48,S53,True,3,3.7313,do_nothing,,,,,,,,,,,,,,,,,,,,,,,,,,,,,,,,,,,,,,,,,,,,,,,,,,,,
50,24,7,55,S53,False,2,0,2,0,18,0,0,0,0,"['B717', 'B501', 'B365', 'B612', 'B184', 'B539', 'B177', 'B285', 'B716', 'B751', 'B405', 'B147', 'B740', 'B72', 'B193', 'B621', 'B611', 'B689']",9.0,S66,4.87,20,0,20,0.0,,-0.807463,-8.180722,-8.988186,True,False,36,S61,True,26,2.7105,pickup,,,,,,,,,,,,,,,,,,,,,,,,,,,,,,,,,,,,,,,,,,,,,,,,,,,,
50,24,8,9,S66,False,20,0,20,13,0,0,0,0,0,"['B88', 'B87', 'B717', 'B501', 'B365', 'B612', 'B184', 'B539', 'B177', 'B285', 'B716', 'B751', 'B405']",6.5,S54,5.58,7,0,7,0.0,,-0.668941,-8.027378,-8.69632,True,False,30,S61,True,22,2.3642,delivery,,,,,,,,,,,,,,,,,,,,,,,,,,,,,,,,,,,,,,,,,,,,,,,,,,,,
50,24,8,21,S54,False,7,0,7,0,13,0,0,0,0,"['B510', 'B23', 'B11', 'B495', 'B99', 'B254', 'B31', 'B744', 'B520', 'B346', 'B672', 'B18', 'B175']",6.5,S31,5.7,20,0,20,0.0,,-0.64578,-7.964222,-8.610002,True,False,30,S10,True,13,2.5678,pickup,,,,,,,,,,,,,,,,,,,,,,,,,,,,,,,,,,,,,,,,,,,,,,,,,,,,
50,24,8,33,S31,False,20,0,20,17,0,1,2,0,0,"['B478', 'B664', 'B147', 'B740', 'B72', 'B193', 'B621', 'B611', 'B689', 'B510', 'B23', 'B11', 'B495', 'B99', 'B254', 'B31', 'B744', 'B520', 'B346']",12.5,S61,1.01,3,2,5,0.0,,-0.80617,-7.978792,-8.784962,True,True,84,S6,True,42,5.6839,delivery+maintenance,,,,,,,,,,,,,,,,,,,,,,,,,,,,,,,,,,,,,,,,,,,,,,,,,,,,
50,24,8,47,S61,False,3,2,5,3,0,3,0,0,0,"['B672', 'B18', 'B175']",10.5,S36,6.36,0,2,2,0.0,,-0.530186,-7.851059,-8.381245,True,True,48,S38,True,45,3.488,delivery+onsite,,,,,,,,,,,,,,,,,,,,,,,,,,,,,,,,,,,,,,,,,,,,,,,,,,,,
50,24,9,3,S36,False,0,2,2,0,3,1,1,0,0,"['B335', 'B232', 'B463', 'B585']",5.0,S40,5.18,3,3,6,0.0,,-0.274929,-7.848085,-8.123014,True,True,72,S16,True,54,5.7359,pickup+maintenance,,,,,,,,,,,,,,,,,,,,,,,,,,,,,,,,,,,,,,,,,,,,,,,,,,,,
50,24,9,14,S40,False,3,3,6,3,0,1,0,0,0,"['B335', 'B232', 'B463']",4.5,S16,2.95,0,3,3,0.0,,-0.471015,-7.73719,-8.208205,True,True,48,S16,False,39,2.6676,delivery+onsite,,,,,,,,,,,,,,,,,,,,,,,,,,,,,,,,,,,,,,,,,,,,,,,,,,,,
50,24,9,21,S16,False,0,3,3,0,7,0,1,0,0,"['B150', 'B338', 'B469', 'B628', 'B671', 'B259', 'B58', 'B480']",4.0,S27,4.73,7,4,11,0.0,,-0.451187,-7.643826,-8.095013,True,True,36,S46,True,19,2.8107,pickup+depot_removal,,,,,,,,,,,,,,,,,,,,,,,,,,,,,,,,,,,,,,,,,,,,,,,,,,,,
50,24,9,30,S27,False,7,4,11,7,0,0,0,0,0,"['B150', 'B338', 'B469', 'B628', 'B671', 'B259', 'B58']",3.5,S64,3.52,0,4,4,0.0,,-0.21546,-7.791606,-8.007066,False,False,12,S58,True,10,1.1296,delivery,,,,,,,,,,,,,,,,,,,,,,,,,,,,,,,,,,,,,,,,,,,,,,,,,,,,
50,24,9,37,S64,False,0,4,4,0,6,1,0,0,0,"['B423', 'B739', 'B217', 'B326', 'B486', 'B27']",6.0,S43,3.6,6,4,10,0.0,,-0.05957,-7.673202,-7.732773,True,True,108,S58,True,58,6.9994,pickup+onsite,,,,,,,,,,,,,,,,,,,,,,,,,,,,,,,,,,,,,,,,,,,,,,,,,,,,
50,24,9,46,S43,False,6,4,10,0,9,0,0,0,0,"['B685', 'B678', 'B477', 'B230', 'B286', 'B288', 'B534', 'B176', 'B569']",4.5,S24,10.46,15,4,19,0.0,,-0.176311,-7.704191,-7.880502,True,False,144,S48,True,100,5.7884,pickup,,,,,,,,,,,,,,,,,,,,,,,,,,,,,,,,,,,,,,,,,,,,,,,,,,,,
50,24,10,1,S24,False,15,4,19,12,0,0,0,0,0,"['B423', 'B739', 'B217', 'B326', 'B486', 'B27', 'B685', 'B678', 'B477', 'B230', 'B286', 'B288']",6.0,S20,5.62,3,4,7,0.0,,-0.157185,-7.635616,-7.7928,True,False,48,S6,True,14,1.7623,delivery,,,,,,,,,,,,,,,,,,,,,,,,,,,,,,,,,,,,,,,,,,,,,,,,,,,,
50,24,10,13,S20,False,3,4,7,3,0,0,0,0,0,"['B534', 'B176', 'B569']",1.5,S46,12.58,0,4,4,0.0,,-0.137214,-7.794743,-7.931957,False,False,12,S46,False,6,0.4868,delivery,,,,,,,,,,,,,,,,,,,,,,,,,,,,,,,,,,,,,,,,,,,,,,,,,,,,
50,24,10,27,S46,False,0,4,4,0,13,0,0,0,0,"['B418', 'B625', 'B673', 'B378', 'B521', 'B668', 'B438', 'B644', 'B323', 'B2', 'B278', 'B459', 'B397']",6.5,S15,5.48,13,4,17,0.0,,-0.315474,-7.895677,-8.211151,True,False,36,S63,True,13,1.5738,pickup,,,,,,,,,,,,,,,,,,,,,,,,,,,,,,,,,,,,,,,,,,,,,,,,,,,,
50,24,10,39,S15,False,13,4,17,13,0,0,0,0,0,"['B418', 'B625', 'B673', 'B378', 'B521', 'B668', 'B438', 'B644', 'B323', 'B2', 'B278', 'B459', 'B397']",6.5,S21,9.99,0,4,4,0.0,,-0.412896,-7.779089,-8.191985,False,False,12,S21,False,8,0.5076,delivery,,,,,,,,,,,,,,,,,,,,,,,,,,,,,,,,,,,,,,,,,,,,,,,,,,,,
50,24,10,56,S21,False,0,4,4,0,0,0,0,0,0,[],0.0,S58,13.19,0,4,4,0.0,,-0.649132,-7.772684,-8.421816,True,False,24,S37,True,1,1.2212,do_nothing,,,,,,,,,,,,,,,,,,,,,,,,,,,,,,,,,,,,,,,,,,,,,,,,,,,,
50,24,11,9,S58,False,0,4,4,0,12,0,0,0,0,"['B471', 'B602', 'B649', 'B102', 'B634', 'B733', 'B608', 'B624', 'B187', 'B126', 'B201', 'B488']",6.0,S35,8.51,12,4,16,0.0,,-0.944276,-7.777604,-8.72188,True,False,60,S37,True,40,3.4942,pickup,,,,,,,,,,,,,,,,,,,,,,,,,,,,,,,,,,,,,,,,,,,,,,,,,,,,
50,24,11,23,S35,False,12,4,16,12,0,1,0,0,0,"['B471', 'B602', 'B649', 'B102', 'B634', 'B733', 'B608', 'B624', 'B187', 'B126', 'B201', 'B488']",9.0,S37,7.89,0,4,4,0.0,,-0.47411,-7.734747,-8.208858,True,True,24,S37,False,19,1.474,delivery+onsite,,,,,,,,,,,,,,,,,,,,,,,,,,,,,,,,,,,,,,,,,,,,,,,,,,,,
50,24,11,40,S37,False,0,4,4,0,16,0,0,0,0,"['B309', 'B553', 'B377', 'B465', 'B441', 'B464', 'B14', 'B416', 'B656', 'B690', 'B530', 'B261', 'B709', 'B597', 'B287', 'B365']",8.0,S54,4.98,16,4,20,0.0,,-0.666997,-7.78949,-8.456487,True,False,48,S22,True,40,2.8875,pickup,,,,,,,,,,,,,,,,,,,,,,,,,,,,,,,,,,,,,,,,,,,,,,,,,,,,
50,24,11,53,S54,False,16,4,20,16,0,0,1,0,0,"['B350', 'B309', 'B553', 'B377', 'B465', 'B441', 'B464', 'B14', 'B416', 'B656', 'B690', 'B530', 'B261', 'B709', 'B597', 'B287', 'B365']",8.5,S44,3.95,0,5,5,0.0,,-0.414839,-7.746905,-8.161744,True,True,30,S22,True,13,1.7422,delivery+depot_removal,,,,,,,,,,,,,,,,,,,,,,,,,,,,,,,,,,,,,,,,,,,,,,,,,,,,
50,24,12,6,S44,False,0,5,5,0,9,0,0,0,0,"['B332', 'B216', 'B570', 'B9', 'B157', 'B63', 'B291', 'B399', 'B382']",4.5,S13,12.17,9,5,14,0.0,,-0.570579,-7.732735,-8.303314,False,False,18,S59,True,16,1.4739,pickup,,,,,,,,,,,,,,,,,,,,,,,,,,,,,,,,,,,,,,,,,,,,,,,,,,,,
50,24,12,22,S13,False,9,5,14,9,0,0,3,0,0,"['B337', 'B107', 'B60', 'B332', 'B216', 'B570', 'B9', 'B157', 'B63', 'B291', 'B399', 'B382']",6.0,S37,10.95,0,8,8,0.0,,-0.236779,-7.676706,-7.913485,True,True,60,S59,True,45,2.1059,delivery+depot_removal,,,,,,,,,,,,,,,,,,,,,,,,,,,,,,,,,,,,,,,,,,,,,,,,,,,,
50,24,12,39,S37,False,0,8,8,0,12,1,0,0,0,"['B281', 'B479', 'B66', 'B174', 'B197', 'B760', 'B224', 'B442', 'B383', 'B205', 'B109', 'B21']",9.0,S44,1.36,12,8,20,0.0,,-0.352924,-7.774642,-8.127566,True,True,84,S59,True,81,5.3432,pickup+onsite,,,,,,,,,,,,,,,,,,,,,,,,,,,,,,,,,,,,,,,,,,,,,,,,,,,,
50,24,12,50,S44,False,12,8,20,8,0,0,0,0,0,"['B281', 'B479', 'B66', 'B174', 'B197', 'B760', 'B224', 'B442']",4.0,S29,5.3,4,8,12,0.0,,-0.567886,-7.905253,-8.473139,False,False,18,S33,True,9,0.9393,delivery,,,,,,,,,,,,,,,,,,,,,,,,,,,,,,,,,,,,,,,,,,,,,,,,,,,,
50,24,12,59,S29,False,4,8,12,4,0,0,0,0,0,"['B383', 'B205', 'B109', 'B21']",2.0,S62,3.79,0,8,8,0.0,,-0.827189,-7.744706,-8.571896,False,False,12,S33,True,6,0.3006,delivery,,,,,,,,,,,,,,,,,,,,,,,,,,,,,,,,,,,,,,,,,,,,,,,,,,,,
50,24,13,5,S62,False,0,8,8,0,12,0,0,0,0,"['B424', 'B242', 'B743', 'B428', 'B11', 'B534', 'B683', 'B499', 'B699', 'B564', 'B320', 'B458']",6.0,S54,2.78,12,8,20,0.0,,-0.828237,-7.809171,-8.637408,True,False,30,S59,True,13,1.4162,pickup,,,,,,,,,,,,,,,,,,,,,,,,,,,,,,,,,,,,,,,,,,,,,,,,,,,,
50,24,13,13,S54,False,12,8,20,12,0,0,0,0,0,"['B424', 'B242', 'B743', 'B428', 'B11', 'B534', 'B683', 'B499', 'B699', 'B564', 'B320', 'B458']",6.0,S23,10.66,0,8,8,0.0,,-0.687377,-7.655799,-8.343177,True,False,18,S43,True,8,0.8513,delivery,,,,,,,,,,,,,,,,,,,,,,,,,,,,,,,,,,,,,,,,,,,,,,,,,,,,
50,24,13,30,S23,False,0,8,8,0,6,0,0,0,0,"['B697', 'B611', 'B98', 'B221', 'B742', 'B340']",3.0,S29,11.23,6,8,14,0.0,,-0.964903,-7.587489,-8.552391,True,False,36,S59,True,24,2.0066,pickup,,,,,,,,,,,,,,,,,,,,,,,,,,,,,,,,,,,,,,,,,,,,,,,,,,,,
50,24,13,44,S29,False,6,8,14,6,0,0,0,0,0,"['B697', 'B611', 'B98', 'B221', 'B742', 'B340']",3.0,S59,7.54,0,8,8,0.0,,-0.689612,-7.796099,-8.485711,False,False,12,S63,True,6,0.5681,delivery,,,,,,,,,,,,,,,,,,,,,,,,,,,,,,,,,,,,,,,,,,,,,,,,,,,,
50,24,13,55,S59,False,0,8,8,0,12,0,0,0,0,"['B694', 'B618', 'B264', 'B509', 'B605', 'B22', 'B129', 'B140', 'B568', 'B43', 'B339', 'B40']",6.0,S54,6.37,12,8,20,0.0,,-1.355916,-7.804081,-9.159996,False,False,12,S63,True,8,0.4702,pickup,,,,,,,,,,,,,,,,,,,,,,,,,,,,,,,,,,,,,,,,,,,,,,,,,,,,
50,24,14,7,S54,False,12,8,20,12,0,0,1,0,0,"['B54', 'B694', 'B618', 'B264', 'B509', 'B605', 'B22', 'B129', 'B140', 'B568', 'B43', 'B339', 'B40']",6.5,S51,6.18,0,9,9,0.0,,-1.183103,-7.643962,-8.827065,True,True,18,S43,True,12,0.7789,delivery+depot_removal,,,,,,,,,,,,,,,,,,,,,,,,,,,,,,,,,,,,,,,,,,,,,,,,,,,,
50,24,14,20,S51,False,0,9,9,0,11,0,0,0,0,"['B684', 'B673', 'B445', 'B259', 'B188', 'B226', 'B270', 'B690', 'B553', 'B559', 'B612']",5.5,S26,11.22,11,9,20,0.0,,-1.383338,-7.781868,-9.165207,True,False,18,S0,True,14,0.8416,pickup,,,,,,,,,,,,,,,,,,,,,,,,,,,,,,,,,,,,,,,,,,,,,,,,,,,,
50,24,14,37,S26,False,11,9,20,11,0,0,0,0,0,"['B684', 'B673', 'B445', 'B259', 'B188', 'B226', 'B270', 'B690', 'B553', 'B559', 'B612']",5.5,S65,6.43,0,9,9,0.0,,-0.989934,-7.705583,-8.695517,False,False,12,S35,True,6,0.4787,delivery,,,,,,,,,,,,,,,,,,,,,,,,,,,,,,,,,,,,,,,,,,,,,,,,,,,,
50,24,14,49,S65,False,0,9,9,0,11,0,0,0,0,"['B767', 'B728', 'B327', 'B366', 'B301', 'B635', 'B756', 'B13', 'B396', 'B453', 'B144']",5.5,S55,9.08,11,9,20,0.0,,-1.005501,-7.776334,-8.781835,True,False,18,S43,True,16,0.7122,pickup,,,,,,,,,,,,,,,,,,,,,,,,,,,,,,,,,,,,,,,,,,,,,,,,,,,,
50,24,15,3,S55,False,11,9,20,11,0,0,0,0,0,"['B767', 'B728', 'B327', 'B366', 'B301', 'B635', 'B756', 'B13', 'B396', 'B453', 'B144']",5.5,S65,9.08,0,9,9,0.0,,-0.785638,-7.883899,-8.669537,False,False,12,S50,True,7,0.6332,delivery,,,,,,,,,,,,,,,,,,,,,,,,,,,,,,,,,,,,,,,,,,,,,,,,,,,,
50,24,15,18,S65,False,0,9,9,0,11,0,0,0,0,"['B208', 'B656', 'B269', 'B179', 'B236', 'B261', 'B48', 'B675', 'B760', 'B161', 'B733']",5.5,S32,9.46,11,9,20,0.0,,-0.829082,-7.926687,-8.755769,True,False,18,S43,True,15,0.7253,pickup,,,,,,,,,,,,,,,,,,,,,,,,,,,,,,,,,,,,,,,,,,,,,,,,,,,,
50,24,15,33,S32,False,11,9,20,11,0,0,0,0,0,"['B208', 'B656', 'B269', 'B179', 'B236', 'B261', 'B48', 'B675', 'B760', 'B161', 'B733']",5.5,S30,8.28,0,9,9,0.0,,-0.691229,-7.897065,-8.588294,False,False,12,S35,True,7,0.4973,delivery,,,,,,,,,,,,,,,,,,,,,,,,,,,,,,,,,,,,,,,,,,,,,,,,,,,,
50,24,15,46,S30,False,0,9,9,0,10,0,0,0,0,"['B488', 'B601', 'B313', 'B696', 'B422', 'B216', 'B668', 'B467', 'B764', 'B73']",5.0,S50,8.83,10,9,19,0.0,,-0.98708,-7.900053,-8.887133,False,False,18,S12,True,13,0.9323,pickup,,,,,,,,,,,,,,,,,,,,,,,,,,,,,,,,,,,,,,,,,,,,,,,,,,,,
50,24,16,0,S50,False,10,9,19,0,0,0,0,0,0,[],0.0,S35,1.61,10,9,19,0.0,,-0.807666,-7.991022,-8.798688,True,False,24,S45,True,2,0.6303,do_nothing,,,,,,,,,,,,,,,,,,,,,,,,,,,,,,,,,,,,,,,,,,,,,,,,,,,,
50,24,16,2,S35,False,10,9,19,10,0,0,0,0,0,"['B488', 'B601', 'B313', 'B696', 'B422', 'B216', 'B668', 'B467', 'B764', 'B73']",5.0,S45,5.53,0,9,9,0.0,,-0.868742,-7.882649,-8.751392,False,False,12,S45,False,8,0.3368,delivery,,,,,,,,,,,,,,,,,,,,,,,,,,,,,,,,,,,,,,,,,,,,,,,,,,,,
50,24,16,12,S45,False,0,9,9,0,7,0,0,0,0,"['B709', 'B531', 'B162', 'B591', 'B242', 'B70', 'B439']",3.5,S33,1.11,7,9,16,0.0,,-0.571386,-7.867237,-8.438623,False,False,18,S37,True,6,0.9337,pickup,,,,,,,,,,,,,,,,,,,,,,,,,,,,,,,,,,,,,,,,,,,,,,,,,,,,
50,24,16,17,S33,False,7,9,16,7,0,0,0,0,0,"['B709', 'B531', 'B162', 'B591', 'B242', 'B70', 'B439']",3.5,S60,3.7,0,9,9,0.0,,-0.848002,-7.795421,-8.643423,False,False,12,S37,True,7,0.5224,delivery,,,,,,,,,,,,,,,,,,,,,,,,,,,,,,,,,,,,,,,,,,,,,,,,,,,,
50,24,16,24,S60,False,0,9,9,0,11,0,0,0,0,"['B41', 'B247', 'B560', 'B672', 'B351', 'B386', 'B282', 'B613', 'B354', 'B263', 'B184']",5.5,S50,8.32,11,9,20,0.0,,-0.552007,-7.798946,-8.350954,False,False,12,S50,False,6,0.3799,pickup,,,,,,,,,,,,,,,,,,,,,,,,,,,,,,,,,,,,,,,,,,,,,,,,,,,,
50,24,16,38,S50,False,11,9,20,11,0,0,0,0,0,"['B41', 'B247', 'B560', 'B672', 'B351', 'B386', 'B282', 'B613', 'B354', 'B263', 'B184']",5.5,S52,6.29,0,9,9,0.0,,-0.393917,-7.703805,-8.097722,True,False,18,S55,True,9,0.5947,delivery,,,,,,,,,,,,,,,,,,,,,,,,,,,,,,,,,,,,,,,,,,,,,,,,,,,,
50,24,16,50,S52,False,0,9,9,0,8,0,0,0,0,"['B366', 'B563', 'B316', 'B163', 'B260', 'B272', 'B561', 'B446']",4.0,S55,3.9,8,9,17,0.0,,-0.473218,-7.630109,-8.103327,True,False,72,S37,True,24,3.2352,pickup,,,,,,,,,,,,,,,,,,,,,,,,,,,,,,,,,,,,,,,,,,,,,,,,,,,,
50,24,16,58,S55,False,8,9,17,8,0,0,0,0,0,"['B366', 'B563', 'B316', 'B163', 'B260', 'B272', 'B561', 'B446']",4.0,S37,5.04,0,9,9,0.0,,-0.45304,-7.597882,-8.050921,False,False,12,S16,True,7,0.5506,delivery,,,,,,,,,,,,,,,,,,,,,,,,,,,,,,,,,,,,,,,,,,,,,,,,,,,,
50,24,17,7,S37,False,0,9,9,0,11,0,0,0,0,"['B556', 'B676', 'B528', 'B652', 'B340', 'B160', 'B530', 'B417', 'B423', 'B345', 'B419']",5.5,S30,4.57,11,9,20,0.0,,-0.631295,-7.663611,-8.294906,True,False,24,S12,True,22,1.1255,pickup,,,,,,,,,,,,,,,,,,,,,,,,,,,,,,,,,,,,,,,,,,,,,,,,,,,,
50,24,17,17,S30,False,11,9,20,8,0,0,0,0,0,"['B556', 'B676', 'B528', 'B652', 'B340', 'B160', 'B530', 'B417']",4.0,S12,11.1,3,9,12,0.0,,-0.651325,-7.537622,-8.188947,False,False,18,S3,True,8,1.3626,delivery,,,,,,,,,,,,,,,,,,,,,,,,,,,,,,,,,,,,,,,,,,,,,,,,,,,,
50,24,17,32,S12,False,3,9,12,0,8,0,0,0,0,"['B407', 'B145', 'B552', 'B108', 'B611', 'B287', 'B700', 'B634']",4.0,S51,2.02,11,9,20,0.0,,-0.511258,-7.608139,-8.119397,True,False,24,S3,True,13,1.6354,pickup,,,,,,,,,,,,,,,,,,,,,,,,,,,,,,,,,,,,,,,,,,,,,,,,,,,,
50,24,17,38,S51,False,11,9,20,9,0,0,0,0,0,"['B423', 'B345', 'B419', 'B407', 'B145', 'B552', 'B108', 'B611', 'B287']",4.5,S2,11.5,2,9,11,0.0,,-0.435219,-7.532214,-7.967433,True,False,30,S3,True,8,1.8019,delivery,,,,,,,,,,,,,,,,,,,,,,,,,,,,,,,,,,,,,,,,,,,,,,,,,,,,
50,24,17,54,S2,False,2,9,11,0,0,2,0,0,0,[],6.0,S64,5.04,2,9,11,0.0,,-0.374092,-7.409773,-7.783865,True,True,108,S34,True,38,3.1435,do_nothing+onsite,,,,,,,,,,,,,,,,,,,,,,,,,,,,,,,,,,,,,,,,,,,,,,,,,,,,
50,24,18,5,S64,False,2,9,11,2,0,0,2,0,0,"['B297', 'B292', 'B700', 'B634']",2.0,S60,0.95,0,11,11,0.0,,-0.177064,-7.566745,-7.743809,True,True,36,S60,True,30,2.2132,delivery+depot_removal,,,,,,,,,,,,,,,,,,,,,,,,,,,,,,,,,,,,,,,,,,,,,,,,,,,,
50,24,18,8,S60,False,0,11,11,0,9,0,0,0,0,"['B186', 'B398', 'B344', 'B543', 'B738', 'B34', 'B219', 'B111', 'B618']",4.5,S10,6.65,9,11,20,0.0,,-0.413148,-7.54121,-7.954358,False,False,12,S38,True,7,0.6709,pickup,,,,,,,,,,,,,,,,,,,,,,,,,,,,,,,,,,,,,,,,,,,,,,,,,,,,
50,24,18,19,S10,False,9,11,20,0,0,1,0,0,0,[],3.0,S19,8.04,9,11,20,0.0,,-0.138263,-7.473271,-7.611534,True,True,24,S19,False,9,1.074,do_nothing+onsite,,,,,,,,,,,,,,,,,,,,,,,,,,,,,,,,,,,,,,,,,,,,,,,,,,,,
50,24,18,30,S19,False,9,11,20,7,0,0,0,0,0,"['B186', 'B398', 'B344', 'B543', 'B738', 'B34', 'B219']",3.5,S38,6.67,2,11,13,0.0,,-0.11834,-7.438713,-7.557053,False,False,18,S38,False,14,1.0188,delivery,,,,,,,,,,,,,,,,,,,,,,,,,,,,,,,,,,,,,,,,,,,,,,,,,,,,
50,24,18,40,S38,False,2,11,13,2,0,1,0,0,0,"['B111', 'B618']",4.0,S43,3.11,0,11,11,0.0,,-0.137665,-7.539674,-7.67734,True,True,72,S43,False,58,3.3437,delivery+onsite,,,,,,,,,,,,,,,,,,,,,,,,,,,,,,,,,,,,,,,,,,,,,,,,,,,,
50,24,18,47,S43,False,0,11,11,0,0,3,0,0,0,[],9.0,S12,5.09,0,11,11,0.0,,-0.098768,-7.376729,-7.475497,True,True,96,S12,False,72,2.5866,do_nothing+onsite,,,,,,,,,,,,,,,,,,,,,,,,,,,,,,,,,,,,,,,,,,,,,,,,,,,,
50,24,19,2,S12,False,0,11,11,0,0,0,0,0,0,[],0.0,S19,1.21,0,11,11,0.0,,-0.156938,-7.521156,-7.678094,True,False,36,S59,True,1,1.2072,do_nothing,,,,,,,,,,,,,,,,,,,,,,,,,,,,,,,,,,,,,,,,,,,,,,,,,,,,
50,24,19,3,S19,False,0,11,11,0,8,0,0,0,0,"['B186', 'B398', 'B344', 'B543', 'B738', 'B34', 'B219', 'B192']",4.0,S15,9.58,8,11,19,0.0,,-0.039298,-7.484054,-7.523352,False,False,18,S59,True,12,0.6174,pickup,,,,,,,,,,,,,,,,,,,,,,,,,,,,,,,,,,,,,,,,,,,,,,,,,,,,
50,24,19,16,S15,False,8,11,19,8,0,0,0,0,0,"['B186', 'B398', 'B344', 'B543', 'B738', 'B34', 'B219', 'B192']",4.0,S0,9.01,0,11,11,0.0,,-0.05957,-7.417335,-7.476905,False,False,12,S40,True,6,0.3703,delivery,,,,,,,,,,,,,,,,,,,,,,,,,,,,,,,,,,,,,,,,,,,,,,,,,,,,
50,24,19,29,S0,False,0,11,11,0,9,0,0,0,0,"['B436', 'B667', 'B172', 'B220', 'B633', 'B507', 'B148', 'B118', 'B276']",4.5,S18,12.15,9,11,20,0.0,,-0.138363,-7.304648,-7.443011,False,False,12,S62,True,9,0.5598,pickup,,,,,,,,,,,,,,,,,,,,,,,,,,,,,,,,,,,,,,,,,,,,,,,,,,,,
50,24,19,46,S18,False,9,11,20,9,0,0,0,0,0,"['B436', 'B667', 'B172', 'B220', 'B633', 'B507', 'B148', 'B118', 'B276']",4.5,D0,1.79,0,11,11,0.0,,-0.236531,-7.544972,-7.781503,True,False,7,D0,False,4,0.4243,delivery,,,,,,,,,,,,,,,,,,,,,,,,,,,,,,,,,,,,,,,,,,,,,,,,,,,,
50,24,19,52,D0,True,0,11,11,0,0,0,0,11,11,"['B341', 'B594', 'B404', 'B362', 'B207', 'B496', 'B582', 'B96', 'B257', 'B583', 'B533', 'B478', 'B664', 'B585', 'B480', 'B350', 'B337', 'B107', 'B60', 'B54', 'B297', 'B292']",11.0,D0,0.0,11,0,11,0.0,,-0.198189,-7.51304,-7.711229,True,True,1,D0,False,0,0.0383,do_nothing,,,,,,,,,,,,,,,,,,,,,,,,,,,,,,,,,,,,,,,,,,,,,,,,,,,,
50,25,6,3,D0,True,11,0,11,0,0,0,0,0,0,[],0.0,S46,2.11,11,0,11,0.0,,-1.474402,-8.169244,-9.643646,True,True,5,S66,True,2,0.1958,depot_passthrough,,,,,,,,,,,,,,,,,,,,,,,,,,,,,,,,,,,,,,,,,,,,,,,,,,,,
50,25,6,20,S46,False,11,0,11,0,9,0,0,0,0,"['B205', 'B228', 'B325', 'B697', 'B607', 'B98', 'B461', 'B632', 'B737']",4.5,S66,5.15,20,0,20,0.0,,-1.874377,-8.057909,-9.932286,True,False,18,S66,False,12,0.7404,pickup,,,,,,,,,,,,,,,,,,,,,,,,,,,,,,,,,,,,,,,,,,,,,,,,,,,,
50,25,6,30,S66,False,20,0,20,20,0,0,0,0,0,"['B341', 'B594', 'B404', 'B362', 'B207', 'B496', 'B582', 'B96', 'B257', 'B583', 'B533', 'B205', 'B228', 'B325', 'B697', 'B607', 'B98', 'B461', 'B632', 'B737']",10.0,S39,4.09,0,0,0,0.0,,-2.029916,-8.120943,-10.15086,True,False,90,S15,True,54,1.7645,delivery,,,,,,,,,,,,,,,,,,,,,,,,,,,,,,,,,,,,,,,,,,,,,,,,,,,,
50,25,6,44,S39,False,0,0,0,0,0,0,0,0,0,[],0.0,S54,8.41,0,0,0,0.0,,-1.14616,-8.072567,-9.218726,False,False,12,S27,True,0,0.3638,do_nothing,,,,,,,,,,,,,,,,,,,,,,,,,,,,,,,,,,,,,,,,,,,,,,,,,,,,
50,25,6,53,S54,False,0,0,0,0,19,0,0,0,0,"['B115', 'B209', 'B402', 'B274', 'B259', 'B149', 'B382', 'B691', 'B477', 'B58', 'B254', 'B373', 'B452', 'B35', 'B710', 'B258', 'B26', 'B421', 'B707']",9.5,S15,3.9,19,0,19,0.0,,-1.068029,-8.062664,-9.130693,False,False,18,S39,True,12,0.6322,pickup,,,,,,,,,,,,,,,,,,,,,,,,,,,,,,,,,,,,,,,,,,,,,,,,,,,,
50,25,7,6,S15,False,19,0,19,13,0,0,0,0,0,"['B115', 'B209', 'B402', 'B274', 'B259', 'B149', 'B382', 'B691', 'B477', 'B58', 'B254', 'B373', 'B452']",6.5,S39,7.21,6,0,6,0.0,,-1.083304,-7.959923,-9.043227,False,False,18,S20,True,12,0.5662,delivery,,,,,,,,,,,,,,,,,,,,,,,,,,,,,,,,,,,,,,,,,,,,,,,,,,,,
50,25,7,20,S39,False,6,0,6,0,14,0,0,0,0,"['B363', 'B47', 'B240', 'B245', 'B180', 'B360', 'B581', 'B388', 'B129', 'B2', 'B126', 'B94', 'B515', 'B555']",7.0,S61,3.98,20,0,20,0.0,,-0.712903,-7.942534,-8.655437,False,False,12,S61,False,10,0.404,pickup,,,,,,,,,,,,,,,,,,,,,,,,,,,,,,,,,,,,,,,,,,,,,,,,,,,,
50,25,7,31,S61,False,20,0,20,9,0,0,0,0,0,"['B35', 'B710', 'B258', 'B26', 'B421', 'B707', 'B363', 'B47', 'B240']",4.5,S49,3.22,11,0,11,0.0,,-0.612729,-7.854159,-8.466888,False,False,18,S27,True,9,0.5367,delivery,,,,,,,,,,,,,,,,,,,,,,,,,,,,,,,,,,,,,,,,,,,,,,,,,,,,
50,25,7,38,S49,False,11,0,11,0,9,1,0,0,0,"['B682', 'B199', 'B359', 'B332', 'B78', 'B370', 'B200', 'B216', 'B488']",7.5,S20,8.8,20,0,20,0.0,,-0.315924,-7.749453,-8.065377,True,True,24,S27,True,20,0.7402,pickup+onsite,,,,,,,,,,,,,,,,,,,,,,,,,,,,,,,,,,,,,,,,,,,,,,,,,,,,
50,25,7,55,S20,False,20,0,20,15,0,0,0,0,0,"['B245', 'B180', 'B360', 'B581', 'B388', 'B129', 'B2', 'B126', 'B94', 'B515', 'B555', 'B682', 'B199', 'B359', 'B332']",7.5,S18,9.13,5,0,5,0.0,,-0.671052,-7.734583,-8.405635,False,False,18,S65,True,14,0.6329,delivery,,,,,,,,,,,,,,,,,,,,,,,,,,,,,,,,,,,,,,,,,,,,,,,,,,,,
50,25,8,11,S18,False,5,0,5,0,0,0,0,0,0,[],0.0,S42,9.96,5,0,5,0.0,,-0.27448,-7.810622,-8.085101,True,False,36,S59,True,4,1.3471,do_nothing,,,,,,,,,,,,,,,,,,,,,,,,,,,,,,,,,,,,,,,,,,,,,,,,,,,,
50,25,8,21,S42,False,5,0,5,5,0,0,0,0,0,"['B78', 'B370', 'B200', 'B216', 'B488']",2.5,S52,8.01,0,0,0,0.0,,-0.471317,-7.870732,-8.342049,True,False,24,S59,True,15,0.8511,delivery,,,,,,,,,,,,,,,,,,,,,,,,,,,,,,,,,,,,,,,,,,,,,,,,,,,,
50,25,8,32,S52,False,0,0,0,0,8,2,0,0,0,"['B40', 'B169', 'B738', 'B262', 'B34', 'B648', 'B219', 'B192']",10.0,S54,3.81,8,0,8,0.0,,-0.667404,-7.954341,-8.621745,True,True,108,S60,True,63,3.0465,pickup+onsite,,,,,,,,,,,,,,,,,,,,,,,,,,,,,,,,,,,,,,,,,,,,,,,,,,,,
50,25,8,46,S54,False,8,0,8,0,12,0,0,0,0,"['B147', 'B119', 'B490', 'B731', 'B93', 'B379', 'B530', 'B676', 'B629', 'B651', 'B750', 'B633']",6.0,S24,8.5,20,0,20,0.0,,-0.571378,-7.936918,-8.508296,False,False,12,S18,True,9,0.5505,pickup,,,,,,,,,,,,,,,,,,,,,,,,,,,,,,,,,,,,,,,,,,,,,,,,,,,,
50,25,9,0,S24,False,20,0,20,13,0,0,0,0,0,"['B40', 'B169', 'B738', 'B262', 'B34', 'B648', 'B219', 'B192', 'B147', 'B119', 'B490', 'B731', 'B93']",6.5,S65,5.83,7,0,7,0.0,,-0.551611,-7.835512,-8.387123,True,False,42,S55,True,24,1.3667,delivery,,,,,,,,,,,,,,,,,,,,,,,,,,,,,,,,,,,,,,,,,,,,,,,,,,,,
50,25,9,12,S65,False,7,0,7,7,0,0,0,0,0,"['B379', 'B530', 'B676', 'B629', 'B651', 'B750', 'B633']",3.5,S40,6.32,0,0,0,0.0,,-0.353422,-7.741829,-8.095251,True,False,24,S53,True,14,1.0911,delivery,,,,,,,,,,,,,,,,,,,,,,,,,,,,,,,,,,,,,,,,,,,,,,,,,,,,
50,25,9,22,S40,False,0,0,0,0,11,0,0,0,0,"['B206', 'B42', 'B339', 'B321', 'B214', 'B597', 'B508', 'B531', 'B484', 'B116', 'B131']",5.5,S27,2.68,11,0,11,0.0,,-0.509213,-7.721813,-8.231026,True,False,36,S53,True,26,1.5064,pickup,,,,,,,,,,,,,,,,,,,,,,,,,,,,,,,,,,,,,,,,,,,,,,,,,,,,
50,25,9,30,S27,False,11,0,11,11,0,0,0,0,0,"['B206', 'B42', 'B339', 'B321', 'B214', 'B597', 'B508', 'B531', 'B484', 'B116', 'B131']",5.5,S63,4.87,0,0,0,0.0,,-0.394474,-7.546578,-7.941052,False,False,12,S63,False,6,0.5408,delivery,,,,,,,,,,,,,,,,,,,,,,,,,,,,,,,,,,,,,,,,,,,,,,,,,,,,
50,25,9,41,S63,False,0,0,0,0,16,1,2,0,0,"['B620', 'B290', 'B758', 'B469', 'B401', 'B177', 'B709', 'B654', 'B729', 'B315', 'B498', 'B375', 'B202', 'B146', 'B167', 'B520', 'B155', 'B156']",12.0,S51,3.43,16,2,18,0.0,,-0.216457,-7.419874,-7.636331,True,True,108,S59,True,68,4.942,pickup+maintenance,,,,,,,,,,,,,,,,,,,,,,,,,,,,,,,,,,,,,,,,,,,,,,,,,,,,
50,25,9,56,S51,False,16,2,18,16,0,0,1,0,0,"['B23', 'B620', 'B290', 'B758', 'B469', 'B401', 'B177', 'B709', 'B654', 'B729', 'B315', 'B498', 'B375', 'B202', 'B146', 'B167', 'B520']",8.5,S66,7.67,0,3,3,0.0,,-0.236133,-7.523489,-7.759622,True,True,54,S46,True,28,2.3635,delivery+depot_removal,,,,,,,,,,,,,,,,,,,,,,,,,,,,,,,,,,,,,,,,,,,,,,,,,,,,
50,25,10,12,S66,False,0,3,3,0,7,2,0,0,0,"['B583', 'B533', 'B205', 'B228', 'B325', 'B697', 'B607']",9.5,S59,2.96,7,3,10,0.0,,-0.433413,-7.507177,-7.94059,True,True,108,S59,True,60,3.0543,pickup+onsite,,,,,,,,,,,,,,,,,,,,,,,,,,,,,,,,,,,,,,,,,,,,,,,,,,,,
50,25,10,25,S59,False,7,3,10,0,10,0,0,0,0,"['B86', 'B689', 'B103', 'B19', 'B82', 'B189', 'B683', 'B112', 'B499', 'B444']",5.0,S46,4.24,17,3,20,0.0,,-0.492886,-7.569756,-8.062642,True,False,24,S46,False,22,0.8397,pickup,,,,,,,,,,,,,,,,,,,,,,,,,,,,,,,,,,,,,,,,,,,,,,,,,,,,
50,25,10,34,S46,False,17,3,20,11,0,0,0,0,0,"['B583', 'B533', 'B205', 'B228', 'B325', 'B697', 'B607', 'B86', 'B689', 'B103', 'B19']",5.5,S12,5.14,6,3,9,0.0,,-0.294998,-7.49177,-7.786769,True,False,30,S12,False,6,0.927,delivery,,,,,,,,,,,,,,,,,,,,,,,,,,,,,,,,,,,,,,,,,,,,,,,,,,,,
50,25,10,45,S12,False,6,3,9,6,0,1,0,0,0,"['B82', 'B189', 'B683', 'B112', 'B499', 'B444']",6.0,S10,9.22,0,3,3,0.0,,-0.19748,-7.476177,-7.673657,True,True,24,S10,False,18,0.6804,delivery+onsite,,,,,,,,,,,,,,,,,,,,,,,,,,,,,,,,,,,,,,,,,,,,,,,,,,,,
50,25,11,0,S10,False,0,3,3,0,0,0,0,0,0,[],0.0,S61,5.09,0,3,3,0.0,,-0.415094,-7.727705,-8.142798,False,False,18,S29,True,0,0.4572,do_nothing,,,,,,,,,,,,,,,,,,,,,,,,,,,,,,,,,,,,,,,,,,,,,,,,,,,,
50,25,11,5,S61,False,0,3,3,0,9,0,0,0,0,"['B261', 'B305', 'B45', 'B178', 'B496', 'B166', 'B582', 'B427', 'B646']",4.5,S43,3.44,9,3,12,0.0,,-0.454135,-7.60396,-8.058096,False,False,18,S41,True,12,0.5052,pickup,,,,,,,,,,,,,,,,,,,,,,,,,,,,,,,,,,,,,,,,,,,,,,,,,,,,
50,25,11,13,S43,False,9,3,12,9,0,0,0,0,0,"['B261', 'B305', 'B45', 'B178', 'B496', 'B166', 'B582', 'B427', 'B646']",4.5,S16,0.58,0,3,3,0.0,,-0.373098,-7.48215,-7.855248,True,False,48,S16,False,24,1.4219,delivery,,,,,,,,,,,,,,,,,,,,,,,,,,,,,,,,,,,,,,,,,,,,,,,,,,,,
50,25,11,18,S16,False,0,3,3,0,9,0,1,0,0,"['B263', 'B354', 'B733', 'B407', 'B266', 'B403', 'B556', 'B718', 'B476', 'B20']",5.0,S63,0.31,9,4,13,0.0,,-0.137165,-7.544321,-7.681486,True,True,36,S63,True,30,1.3692,pickup+depot_removal,,,,,,,,,,,,,,,,,,,,,,,,,,,,,,,,,,,,,,,,,,,,,,,,,,,,
50,25,11,23,S63,False,9,4,13,9,0,0,0,0,0,"['B263', 'B354', 'B733', 'B407', 'B266', 'B403', 'B556', 'B718', 'B476']",4.5,S39,5.24,0,4,4,0.0,,-0.393624,-7.61293,-8.006554,False,False,12,S39,False,8,0.3342,delivery,,,,,,,,,,,,,,,,,,,,,,,,,,,,,,,,,,,,,,,,,,,,,,,,,,,,
50,25,11,33,S39,False,0,4,4,0,11,0,0,0,0,"['B458', 'B284', 'B288', 'B606', 'B111', 'B88', 'B486', 'B222', 'B9', 'B447', 'B104']",5.5,S42,12.59,11,4,15,0.0,,-0.355778,-7.59739,-7.953168,False,False,18,S23,True,14,0.587,pickup,,,,,,,,,,,,,,,,,,,,,,,,,,,,,,,,,,,,,,,,,,,,,,,,,,,,
50,25,11,51,S42,False,11,4,15,11,0,0,1,0,0,"['B657', 'B458', 'B284', 'B288', 'B606', 'B111', 'B88', 'B486', 'B222', 'B9', 'B447', 'B104']",6.0,S35,1.31,0,5,5,0.0,,-0.277532,-7.513267,-7.790799,True,True,24,S23,True,18,0.6057,delivery+depot_removal,,,,,,,,,,,,,,,,,,,,,,,,,,,,,,,,,,,,,,,,,,,,,,,,,,,,
50,25,11,58,S35,False,0,5,5,0,14,0,0,0,0,"['B134', 'B756', 'B145', 'B281', 'B268', 'B560', 'B514', 'B386', 'B489', 'B730', 'B538', 'B714', 'B229', 'B364']",7.0,S29,1.95,14,5,19,0.0,,-0.452789,-7.551667,-8.004456,False,False,18,S29,True,6,0.4769,pickup,,,,,,,,,,,,,,,,,,,,,,,,,,,,,,,,,,,,,,,,,,,,,,,,,,,,
50,25,12,7,S29,False,14,5,19,14,0,0,0,0,0,"['B134', 'B756', 'B145', 'B281', 'B268', 'B560', 'B514', 'B386', 'B489', 'B730', 'B538', 'B714', 'B229', 'B364']",7.0,S10,0.66,0,5,5,0.0,,-0.216561,-7.580211,-7.796772,False,False,12,S58,True,6,0.5169,delivery,,,,,,,,,,,,,,,,,,,,,,,,,,,,,,,,,,,,,,,,,,,,,,,,,,,,
50,25,12,15,S10,False,0,5,5,0,6,0,0,0,0,"['B617', 'B493', 'B456', 'B357', 'B726', 'B378']",3.0,S58,6.36,6,5,11,0.0,,-0.492139,-7.596559,-8.088698,False,False,18,S26,True,16,0.6756,pickup,,,,,,,,,,,,,,,,,,,,,,,,,,,,,,,,,,,,,,,,,,,,,,,,,,,,
50,25,12,24,S58,False,6,5,11,6,0,1,0,0,0,"['B617', 'B493', 'B456', 'B357', 'B726', 'B378']",6.0,S37,0.71,0,5,5,0.0,,-0.411442,-7.609952,-8.021393,True,True,48,S24,True,36,1.6415,delivery+onsite,,,,,,,,,,,,,,,,,,,,,,,,,,,,,,,,,,,,,,,,,,,,,,,,,,,,
50,25,12,31,S37,False,0,5,5,0,9,0,1,0,0,"['B651', 'B713', 'B639', 'B750', 'B265', 'B179', 'B125', 'B39', 'B183', 'B736']",5.0,S36,4.84,9,6,15,0.0,,-0.176111,-7.624517,-7.800628,True,True,54,S4,True,44,1.6887,pickup+depot_removal,,,,,,,,,,,,,,,,,,,,,,,,,,,,,,,,,,,,,,,,,,,,,,,,,,,,
50,25,12,41,S36,False,9,6,15,0,0,1,0,0,0,[],3.0,S26,10.11,9,6,15,0.0,,-0.528739,-7.866298,-8.395037,True,True,24,S30,True,7,0.8174,do_nothing+onsite,,,,,,,,,,,,,,,,,,,,,,,,,,,,,,,,,,,,,,,,,,,,,,,,,,,,
50,25,12,54,S26,False,9,6,15,9,0,0,0,0,0,"['B651', 'B713', 'B639', 'B750', 'B265', 'B179', 'B125', 'B39', 'B183']",4.5,S30,6.33,0,6,6,0.0,,-0.770275,-7.889119,-8.659394,False,False,12,S46,True,7,0.5167,delivery,,,,,,,,,,,,,,,,,,,,,,,,,,,,,,,,,,,,,,,,,,,,,,,,,,,,
50,25,13,5,S30,False,0,6,6,0,11,0,0,0,0,"['B734', 'B763', 'B226', 'B387', 'B628', 'B766', 'B590', 'B570', 'B542', 'B536', 'B208']",5.5,S46,6.95,11,6,17,0.0,,-1.414443,-7.884442,-9.298884,False,False,18,S62,True,6,0.6556,pickup,,,,,,,,,,,,,,,,,,,,,,,,,,,,,,,,,,,,,,,,,,,,,,,,,,,,
50,25,13,17,S46,False,11,6,17,11,0,0,0,0,0,"['B734', 'B763', 'B226', 'B387', 'B628', 'B766', 'B590', 'B570', 'B542', 'B536', 'B208']",5.5,S20,12.58,0,6,6,0.0,,-1.119692,-7.962523,-9.082215,True,False,24,S20,False,15,0.8128,delivery,,,,,,,,,,,,,,,,,,,,,,,,,,,,,,,,,,,,,,,,,,,,,,,,,,,,
50,25,13,35,S20,False,0,6,6,0,12,0,0,0,0,"['B360', 'B581', 'B388', 'B129', 'B2', 'B126', 'B94', 'B515', 'B555', 'B682', 'B199', 'B359']",6.0,S43,12.01,12,6,18,0.0,,-1.808117,-8.065548,-9.873665,False,False,18,S62,True,6,0.6241,pickup,,,,,,,,,,,,,,,,,,,,,,,,,,,,,,,,,,,,,,,,,,,,,,,,,,,,
50,25,13,53,S43,False,12,6,18,12,0,0,3,0,0,"['B434', 'B235', 'B249', 'B360', 'B581', 'B388', 'B129', 'B2', 'B126', 'B94', 'B515', 'B555', 'B682', 'B199', 'B359']",7.5,S62,2.99,0,9,9,0.0,,-1.396072,-7.899076,-9.295149,True,True,42,S48,True,36,1.5947,delivery+depot_removal,,,,,,,,,,,,,,,,,,,,,,,,,,,,,,,,,,,,,,,,,,,,,,,,,,,,
50,25,14,4,S62,False,0,9,9,0,11,0,0,0,0,"['B286', 'B654', 'B342', 'B272', 'B402', 'B195', 'B707', 'B215', 'B744', 'B749', 'B548']",5.5,S18,3.1,11,9,20,0.0,,-1.004459,-7.605744,-8.610204,True,False,36,S45,True,26,1.2108,pickup,,,,,,,,,,,,,,,,,,,,,,,,,,,,,,,,,,,,,,,,,,,,,,,,,,,,
50,25,14,13,S18,False,11,9,20,11,0,0,0,0,0,"['B286', 'B654', 'B342', 'B272', 'B402', 'B195', 'B707', 'B215', 'B744', 'B749', 'B548']",5.5,S48,6.81,0,9,9,0.0,,-0.886504,-7.754801,-8.641306,True,False,24,S47,True,7,0.7522,delivery,,,,,,,,,,,,,,,,,,,,,,,,,,,,,,,,,,,,,,,,,,,,,,,,,,,,
50,25,14,25,S48,False,0,9,9,0,8,0,1,0,0,"['B175', 'B598', 'B293', 'B130', 'B1', 'B614', 'B619', 'B533', 'B138']",4.5,S41,9.11,8,10,18,0.0,,-1.221241,-7.707481,-8.928722,True,True,72,S40,True,30,1.7481,pickup+depot_removal,,,,,,,,,,,,,,,,,,,,,,,,,,,,,,,,,,,,,,,,,,,,,,,,,,,,
50,25,14,38,S41,False,8,10,18,0,0,0,1,0,0,['B721'],0.5,S64,1.81,8,11,19,0.0,,-1.047596,-7.640081,-8.687677,True,True,24,S40,True,9,0.8216,do_nothing+depot_removal,,,,,,,,,,,,,,,,,,,,,,,,,,,,,,,,,,,,,,,,,,,,,,,,,,,,
50,25,14,41,S64,False,8,11,19,8,0,0,0,0,0,"['B175', 'B598', 'B293', 'B130', 'B1', 'B614', 'B619', 'B533']",4.0,S40,4.02,0,11,11,0.0,,-0.848308,-7.756911,-8.605218,False,False,12,S40,False,7,0.3318,delivery,,,,,,,,,,,,,,,,,,,,,,,,,,,,,,,,,,,,,,,,,,,,,,,,,,,,
50,25,14,49,S40,False,0,11,11,0,9,0,0,0,0,"['B437', 'B154', 'B245', 'B280', 'B516', 'B470', 'B270', 'B524', 'B223']",4.5,S26,5.09,9,11,20,0.0,,-0.852074,-7.751416,-8.60349,True,False,18,S29,True,13,0.6953,pickup,,,,,,,,,,,,,,,,,,,,,,,,,,,,,,,,,,,,,,,,,,,,,,,,,,,,
50,25,14,58,S26,False,9,11,20,9,0,0,0,0,0,"['B437', 'B154', 'B245', 'B280', 'B516', 'B470', 'B270', 'B524', 'B223']",4.5,S12,13.22,0,11,11,0.0,,-1.125594,-7.722578,-8.848171,False,False,12,S41,True,8,0.4262,delivery,,,,,,,,,,,,,,,,,,,,,,,,,,,,,,,,,,,,,,,,,,,,,,,,,,,,
50,25,15,16,S12,False,0,11,11,0,9,0,0,0,0,"['B683', 'B112', 'B499', 'B444', 'B177', 'B740', 'B167', 'B210', 'B296']",4.5,S29,9.35,9,11,20,0.0,,-0.886057,-7.835043,-8.7211,False,False,18,S22,True,13,0.6278,pickup,,,,,,,,,,,,,,,,,,,,,,,,,,,,,,,,,,,,,,,,,,,,,,,,,,,,
50,25,15,30,S29,False,9,11,20,9,0,0,0,0,0,"['B683', 'B112', 'B499', 'B444', 'B177', 'B740', 'B167', 'B210', 'B296']",4.5,S22,10.18,0,11,11,0.0,,-0.727819,-7.876893,-8.604712,False,False,12,S22,False,6,0.4774,delivery,,,,,,,,,,,,,,,,,,,,,,,,,,,,,,,,,,,,,,,,,,,,,,,,,,,,
50,25,15,45,S22,False,0,11,11,0,9,0,0,0,0,"['B98', 'B670', 'B103', 'B290', 'B676', 'B672', 'B101', 'B100', 'B477']",4.5,S14,11.63,9,11,20,0.0,,-0.630755,-7.713069,-8.343824,True,False,24,S65,True,14,0.9092,pickup,,,,,,,,,,,,,,,,,,,,,,,,,,,,,,,,,,,,,,,,,,,,,,,,,,,,
50,25,16,1,S14,False,9,11,20,6,0,0,0,0,0,"['B98', 'B670', 'B103', 'B290', 'B676', 'B672']",3.0,S50,2.16,3,11,14,0.0,,-0.593009,-7.509591,-8.1026,True,False,42,S49,True,24,1.3718,delivery,,,,,,,,,,,,,,,,,,,,,,,,,,,,,,,,,,,,,,,,,,,,,,,,,,,,
50,25,16,6,S50,False,3,11,14,3,0,0,0,0,0,"['B101', 'B100', 'B477']",1.5,S13,14.96,0,11,11,0.0,,-0.709992,-7.442606,-8.152597,True,False,24,S23,True,14,0.8464,delivery,,,,,,,,,,,,,,,,,,,,,,,,,,,,,,,,,,,,,,,,,,,,,,,,,,,,
50,25,16,22,S13,False,0,11,11,0,9,2,0,0,0,"['B717', 'B705', 'B468', 'B578', 'B168', 'B186', 'B253', 'B3', 'B157']",10.5,S15,10.5,9,11,20,0.0,,-0.432573,-7.293998,-7.726571,True,True,90,S65,True,84,2.6062,pickup+onsite,,,,,,,,,,,,,,,,,,,,,,,,,,,,,,,,,,,,,,,,,,,,,,,,,,,,
50,25,16,43,S15,False,9,11,20,9,0,0,0,0,0,"['B717', 'B705', 'B468', 'B578', 'B168', 'B186', 'B253', 'B3', 'B157']",4.5,S65,5.1,0,11,11,0.0,,-0.592055,-7.538126,-8.130181,False,False,12,S65,False,6,0.3405,delivery,,,,,,,,,,,,,,,,,,,,,,,,,,,,,,,,,,,,,,,,,,,,,,,,,,,,
50,25,16,53,S65,False,0,11,11,0,0,0,1,0,0,['B631'],0.5,S22,1.36,0,12,12,0.0,,-0.552757,-7.577647,-8.130404,True,True,18,S22,False,8,0.4831,do_nothing+depot_removal,,,,,,,,,,,,,,,,,,,,,,,,,,,,,,,,,,,,,,,,,,,,,,,,,,,,
50,25,16,55,S22,False,0,12,12,0,0,0,0,0,0,[],0.0,S65,1.36,0,12,12,0.0,,-0.571176,-7.611014,-8.18219,True,False,24,S20,True,0,0.706,do_nothing,,,,,,,,,,,,,,,,,,,,,,,,,,,,,,,,,,,,,,,,,,,,,,,,,,,,
50,25,16,56,S65,False,0,12,12,0,8,0,0,0,0,"['B73', 'B335', 'B198', 'B755', 'B140', 'B603', 'B55', 'B673']",4.0,S45,7.43,8,12,20,0.0,,-0.513059,-7.461974,-7.975032,False,False,12,S22,True,9,0.3184,pickup,,,,,,,,,,,,,,,,,,,,,,,,,,,,,,,,,,,,,,,,,,,,,,,,,,,,
50,25,17,8,S45,False,8,12,20,8,0,0,0,0,0,"['B73', 'B335', 'B198', 'B755', 'B140', 'B603', 'B55', 'B673']",4.0,S22,8.77,0,12,12,0.0,,-0.118792,-7.276023,-7.394816,False,False,18,S17,True,6,0.8171,delivery,,,,,,,,,,,,,,,,,,,,,,,,,,,,,,,,,,,,,,,,,,,,,,,,,,,,
50,25,17,20,S22,False,0,12,12,0,8,0,0,0,0,"['B496', 'B142', 'B162', 'B148', 'B134', 'B336', 'B131', 'B146']",4.0,S17,8.16,8,12,20,0.0,,-0.335901,-7.259249,-7.595151,True,False,24,S61,True,12,0.8803,pickup,,,,,,,,,,,,,,,,,,,,,,,,,,,,,,,,,,,,,,,,,,,,,,,,,,,,
50,25,17,33,S17,False,8,12,20,0,0,0,0,0,0,[],0.0,S42,8.17,8,12,20,0.0,,-0.237031,-7.287241,-7.524272,True,False,18,S42,False,4,0.6182,do_nothing,,,,,,,,,,,,,,,,,,,,,,,,,,,,,,,,,,,,,,,,,,,,,,,,,,,,
50,25,17,41,S42,False,8,12,20,8,0,1,0,0,0,"['B496', 'B142', 'B162', 'B148', 'B134', 'B336', 'B131', 'B146']",7.0,S61,8.85,0,12,12,0.0,,-0.314926,-7.245687,-7.560613,True,True,24,S59,True,20,0.9013,delivery+onsite,,,,,,,,,,,,,,,,,,,,,,,,,,,,,,,,,,,,,,,,,,,,,,,,,,,,
50,25,17,57,S61,False,0,12,12,0,4,0,0,0,0,"['B177', 'B283', 'B378', 'B699']",2.0,S17,7.88,4,12,16,0.0,,-0.137363,-7.350897,-7.48826,False,False,18,S44,True,14,0.6674,pickup,,,,,,,,,,,,,,,,,,,,,,,,,,,,,,,,,,,,,,,,,,,,,,,,,,,,
50,25,18,6,S17,False,4,12,16,4,0,0,0,0,0,"['B177', 'B283', 'B378', 'B699']",2.0,S44,9.71,0,12,12,0.0,,-0.117641,-7.330808,-7.448449,True,False,24,S44,False,13,0.6672,delivery,,,,,,,,,,,,,,,,,,,,,,,,,,,,,,,,,,,,,,,,,,,,,,,,,,,,
50,25,18,18,S44,False,0,12,12,0,8,0,0,0,0,"['B338', 'B358', 'B391', 'B250', 'B663', 'B679', 'B560', 'B543']",4.0,S38,3.16,8,12,20,0.0,,-0.039197,-7.130073,-7.16927,True,False,18,S32,True,13,0.5692,pickup,,,,,,,,,,,,,,,,,,,,,,,,,,,,,,,,,,,,,,,,,,,,,,,,,,,,
50,25,18,25,S38,False,8,12,20,8,0,0,0,0,0,"['B338', 'B358', 'B391', 'B250', 'B663', 'B679', 'B560', 'B543']",4.0,S64,1.95,0,12,12,0.0,,-0.078446,-7.096489,-7.174935,True,False,24,S16,True,7,0.6356,delivery,,,,,,,,,,,,,,,,,,,,,,,,,,,,,,,,,,,,,,,,,,,,,,,,,,,,
50,25,18,31,S64,False,0,12,12,0,8,0,0,0,0,"['B619', 'B533', 'B544', 'B175', 'B449', 'B403', 'B332', 'B526']",4.0,S30,2.73,8,12,20,0.0,,-0.09942,-7.053272,-7.152692,False,False,18,S37,True,12,0.5774,pickup,,,,,,,,,,,,,,,,,,,,,,,,,,,,,,,,,,,,,,,,,,,,,,,,,,,,
50,25,18,38,S30,False,8,12,20,8,0,0,0,0,0,"['B619', 'B533', 'B544', 'B175', 'B449', 'B403', 'B332', 'B526']",4.0,S59,3.9,0,12,12,0.0,,-0.098967,-7.029338,-7.128305,False,False,12,S16,True,6,0.3601,delivery,,,,,,,,,,,,,,,,,,,,,,,,,,,,,,,,,,,,,,,,,,,,,,,,,,,,
50,25,18,46,S59,False,0,12,12,0,8,0,0,0,0,"['B314', 'B18', 'B106', 'B647', 'B655', 'B627', 'B207', 'B366']",4.0,S40,4.5,8,12,20,0.0,,-0.019773,-6.967659,-6.987432,True,False,24,S37,True,18,0.7099,pickup,,,,,,,,,,,,,,,,,,,,,,,,,,,,,,,,,,,,,,,,,,,,,,,,,,,,
50,25,18,54,S40,False,8,12,20,8,0,0,0,0,0,"['B314', 'B18', 'B106', 'B647', 'B655', 'B627', 'B207', 'B366']",4.0,S31,3.53,0,12,12,0.0,,-0.019924,-6.935351,-6.955275,True,False,18,S16,True,6,0.6443,delivery,,,,,,,,,,,,,,,,,,,,,,,,,,,,,,,,,,,,,,,,,,,,,,,,,,,,
50,25,19,2,S31,False,0,12,12,0,8,0,0,0,0,"['B653', 'B473', 'B386', 'B500', 'B67', 'B271', 'B685', 'B635']",4.0,S66,0.38,8,12,20,0.0,,-0.157738,-6.742577,-6.900314,True,False,18,S37,True,12,0.5231,pickup,,,,,,,,,,,,,,,,,,,,,,,,,,,,,,,,,,,,,,,,,,,,,,,,,,,,
50,25,19,6,S66,False,8,12,20,8,0,0,0,0,0,"['B653', 'B473', 'B386', 'B500', 'B67', 'B271', 'B685', 'B635']",4.0,S25,9.93,0,12,12,0.0,,-0.05882,-6.774031,-6.832851,True,False,18,S31,True,8,0.5564,delivery,,,,,,,,,,,,,,,,,,,,,,,,,,,,,,,,,,,,,,,,,,,,,,,,,,,,
50,25,19,20,S25,False,0,12,12,0,8,0,0,0,0,"['B51', 'B135', 'B609', 'B421', 'B59', 'B709', 'B643', 'B206']",4.0,S52,13.05,8,12,20,0.0,,-0.059722,-6.797362,-6.857083,True,False,48,S28,True,40,1.4092,pickup,,,,,,,,,,,,,,,,,,,,,,,,,,,,,,,,,,,,,,,,,,,,,,,,,,,,
50,25,19,37,S52,False,8,12,20,0,0,0,0,0,0,[],0.0,S16,1.07,8,12,20,0.0,,-0.058923,-6.919218,-6.978141,True,False,24,S16,True,3,0.5751,do_nothing,,,,,,,,,,,,,,,,,,,,,,,,,,,,,,,,,,,,,,,,,,,,,,,,,,,,
50,25,19,38,S16,False,8,12,20,8,0,0,0,0,0,"['B51', 'B135', 'B609', 'B421', 'B59', 'B709', 'B643', 'B206']",4.0,S37,1.47,0,12,12,0.0,,-0.059472,-6.798967,-6.858439,False,False,14,S46,True,6,0.3703,delivery,,,,,,,,,,,,,,,,,,,,,,,,,,,,,,,,,,,,,,,,,,,,,,,,,,,,
50,25,19,44,S37,False,0,12,12,0,0,0,0,0,0,[],0.0,S59,1.48,0,12,12,0.0,,-0.019975,-6.798743,-6.818718,True,False,9,D0,True,0,0.4576,do_nothing,,,,,,,,,,,,,,,,,,,,,,,,,,,,,,,,,,,,,,,,,,,,,,,,,,,,
50,25,19,45,S59,False,0,12,12,0,0,0,0,0,0,[],0.0,S37,1.48,0,12,12,0.0,,-0.019523,-6.77348,-6.793003,True,False,12,S37,False,0,0.3828,do_nothing,,,,,,,,,,,,,,,,,,,,,,,,,,,,,,,,,,,,,,,,,,,,,,,,,,,,
50,25,19,47,S37,False,0,12,12,0,8,0,0,0,0,"['B109', 'B561', 'B728', 'B756', 'B713', 'B252', 'B559', 'B522']",4.0,D0,1.72,8,12,20,0.0,,-0.138316,-6.828156,-6.966472,True,False,3,D0,False,2,0.0888,pickup,,,,,,,,,,,,,,,,,,,,,,,,,,,,,,,,,,,,,,,,,,,,,,,,,,,,
50,25,19,53,D0,True,8,12,20,0,0,0,0,12,11,"['B478', 'B664', 'B585', 'B480', 'B350', 'B337', 'B107', 'B60', 'B54', 'B297', 'B292', 'B155', 'B156', 'B23', 'B20', 'B657', 'B736', 'B434', 'B235', 'B249', 'B138', 'B721', 'B631']",11.5,D0,0.0,19,0,19,0.0,,-0.098321,-6.872445,-6.970766,True,True,1,D0,False,0,0.0328,do_nothing,,,,,,,,,,,,,,,,,,,,,,,,,,,,,,,,,,,,,,,,,,,,,,,,,,,,
50,26,6,4,D0,True,19,0,19,0,0,0,0,0,0,[],0.0,S26,2.99,19,0,19,0.0,,-0.039498,-7.775276,-7.814774,True,True,5,S26,False,0,0.2782,depot_passthrough,,,,,,,,,,,,,,,,,,,,,,,,,,,,,,,,,,,,,,,,,,,,,,,,,,,,
50,26,6,22,S26,False,19,0,19,19,0,0,0,0,0,"['B109', 'B561', 'B728', 'B756', 'B713', 'B252', 'B559', 'B522', 'B478', 'B664', 'B585', 'B480', 'B350', 'B337', 'B107', 'B60', 'B54', 'B297', 'B292']",9.5,S59,8.38,0,0,0,0.0,,-0.05867,-7.729373,-7.788043,False,False,18,S3,True,6,0.6927,delivery,,,,,,,,,,,,,,,,,,,,,,,,,,,,,,,,,,,,,,,,,,,,,,,,,,,,
50,26,6,40,S59,False,0,0,0,0,20,0,0,0,0,"['B120', 'B509', 'B35', 'B33', 'B448', 'B463', 'B409', 'B244', 'B766', 'B353', 'B570', 'B431', 'B84', 'B394', 'B373', 'B29', 'B70', 'B143', 'B221', 'B300']",10.0,S22,6.26,20,0,20,0.0,,-0.058571,-7.564807,-7.623378,True,False,24,S22,False,18,0.9043,pickup,,,,,,,,,,,,,,,,,,,,,,,,,,,,,,,,,,,,,,,,,,,,,,,,,,,,
50,26,6,56,S22,False,20,0,20,13,0,1,0,0,0,"['B120', 'B509', 'B35', 'B33', 'B448', 'B463', 'B409', 'B244', 'B766', 'B353', 'B570', 'B431', 'B84']",9.5,S48,12.53,7,0,7,0.0,,-0.118289,-7.420881,-7.53917,True,True,36,S48,True,33,1.9142,delivery+onsite,,,,,,,,,,,,,,,,,,,,,,,,,,,,,,,,,,,,,,,,,,,,,,,,,,,,
50,26,7,18,S48,False,7,0,7,7,0,1,0,0,0,"['B394', 'B373', 'B29', 'B70', 'B143', 'B221', 'B300']",6.5,S43,3.81,0,0,0,0.0,,-0.019975,-7.075767,-7.095741,True,True,24,S3,True,21,1.2119,delivery+onsite,,,,,,,,,,,,,,,,,,,,,,,,,,,,,,,,,,,,,,,,,,,,,,,,,,,,
50,26,7,29,S43,False,0,0,0,0,16,0,0,0,0,"['B711', 'B14', 'B691', 'B301', 'B515', 'B726', 'B159', 'B30', 'B586', 'B203', 'B4', 'B411', 'B140', 'B69', 'B707', 'B173']",8.0,S16,0.58,16,0,16,0.0,,-0.059171,-7.072476,-7.131647,False,False,18,S37,True,7,0.8616,pickup,,,,,,,,,,,,,,,,,,,,,,,,,,,,,,,,,,,,,,,,,,,,,,,,,,,,
50,26,7,37,S16,False,16,0,16,6,0,0,0,0,0,"['B711', 'B14', 'B691', 'B301', 'B515', 'B726']",3.0,S37,1.47,10,0,10,0.0,,-0.079445,-7.077012,-7.156457,False,False,18,S37,False,12,0.8572,delivery,,,,,,,,,,,,,,,,,,,,,,,,,,,,,,,,,,,,,,,,,,,,,,,,,,,,
50,26,7,42,S37,False,10,0,10,0,10,0,0,0,0,"['B428', 'B580', 'B665', 'B656', 'B115', 'B659', 'B456', 'B202', 'B481', 'B219']",5.0,S51,4.67,20,0,20,0.0,,-0.098168,-7.087708,-7.185876,True,False,18,S51,False,12,1.479,pickup,,,,,,,,,,,,,,,,,,,,,,,,,,,,,,,,,,,,,,,,,,,,,,,,,,,,
50,26,7,51,S51,False,20,0,20,14,0,0,0,0,0,"['B159', 'B30', 'B586', 'B203', 'B4', 'B411', 'B140', 'B69', 'B707', 'B173', 'B428', 'B580', 'B665', 'B656']",7.0,S31,7.45,6,0,6,0.0,,-0.05947,-7.030534,-7.090004,True,False,30,S19,True,21,1.6737,delivery,,,,,,,,,,,,,,,,,,,,,,,,,,,,,,,,,,,,,,,,,,,,,,,,,,,,
50,26,8,6,S31,False,6,0,6,0,14,0,0,0,0,"['B575', 'B139', 'B346', 'B304', 'B99', 'B172', 'B349', 'B73', 'B198', 'B370', 'B755', 'B598', 'B462', 'B188']",7.0,S64,1.37,20,0,20,0.0,,-0.019823,-7.12788,-7.147703,True,False,36,S64,False,24,2.6382,pickup,,,,,,,,,,,,,,,,,,,,,,,,,,,,,,,,,,,,,,,,,,,,,,,,,,,,
50,26,8,14,S64,False,20,0,20,7,0,0,0,0,0,"['B115', 'B659', 'B456', 'B202', 'B481', 'B219', 'B575']",3.5,S38,1.95,13,0,13,0.0,,-0.078695,-7.264603,-7.343298,False,False,18,S46,True,16,1.9858,delivery,,,,,,,,,,,,,,,,,,,,,,,,,,,,,,,,,,,,,,,,,,,,,,,,,,,,
50,26,8,19,S38,False,13,0,13,0,7,0,0,0,0,"['B279', 'B574', 'B338', 'B358', 'B391', 'B250', 'B663']",3.5,S46,4.5,20,0,20,0.0,,-0.078395,-7.224946,-7.303341,True,False,24,S46,False,18,1.3164,pickup,,,,,,,,,,,,,,,,,,,,,,,,,,,,,,,,,,,,,,,,,,,,,,,,,,,,
50,26,8,27,S46,False,20,0,20,9,0,0,1,0,0,"['B412', 'B139', 'B346', 'B304', 'B99', 'B172', 'B349', 'B73', 'B198', 'B370']",5.0,S32,2.16,11,1,12,0.0,,-0.039498,-7.154506,-7.194004,True,True,30,S7,True,16,0.7639,delivery+depot_removal,,,,,,,,,,,,,,,,,,,,,,,,,,,,,,,,,,,,,,,,,,,,,,,,,,,,
50,26,8,35,S32,False,11,1,12,0,8,0,0,0,0,"['B687', 'B118', 'B212', 'B313', 'B230', 'B464', 'B476', 'B583']",4.0,S42,5.23,19,1,20,0.0,,-0.078094,-7.224252,-7.302346,False,False,12,S17,True,7,0.3231,pickup,,,,,,,,,,,,,,,,,,,,,,,,,,,,,,,,,,,,,,,,,,,,,,,,,,,,
50,26,8,44,S42,False,19,1,20,7,0,0,0,0,0,"['B755', 'B598', 'B462', 'B188', 'B279', 'B574', 'B338']",3.5,S17,8.17,12,1,13,0.0,,-0.019425,-7.138248,-7.157672,True,False,30,S17,False,19,0.951,delivery,,,,,,,,,,,,,,,,,,,,,,,,,,,,,,,,,,,,,,,,,,,,,,,,,,,,
50,26,8,56,S17,False,12,1,13,12,0,0,0,0,0,"['B358', 'B391', 'B250', 'B663', 'B687', 'B118', 'B212', 'B313', 'B230', 'B464', 'B476', 'B583']",6.0,S3,10.16,0,1,1,0.0,,-0.058921,-7.034395,-7.093316,True,False,24,S3,False,13,0.9625,delivery,,,,,,,,,,,,,,,,,,,,,,,,,,,,,,,,,,,,,,,,,,,,,,,,,,,,
50,26,9,12,S3,False,0,1,1,0,16,1,0,0,0,"['B150', 'B163', 'B605', 'B600', 'B440', 'B194', 'B348', 'B624', 'B164', 'B389', 'B653', 'B473', 'B723', 'B175', 'B541', 'B256']",11.0,S66,7.38,16,1,17,0.0,,0.0,-7.276113,-7.276113,True,True,48,S37,True,38,1.638,pickup+onsite,,,,,,,,,,,,,,,,,,,,,,,,,,,,,,,,,,,,,,,,,,,,,,,,,,,,
50,26,9,30,S66,False,16,1,17,15,0,0,0,0,0,"['B150', 'B163', 'B605', 'B600', 'B440', 'B194', 'B348', 'B624', 'B164', 'B389', 'B653', 'B473', 'B723', 'B175', 'B541']",7.5,S37,3.07,1,1,2,0.0,,-0.079147,-7.465683,-7.54483,True,False,36,S40,True,24,1.3339,delivery,,,,,,,,,,,,,,,,,,,,,,,,,,,,,,,,,,,,,,,,,,,,,,,,,,,,
50,26,9,41,S37,False,1,1,2,0,18,0,0,0,0,"['B192', 'B717', 'B696', 'B632', 'B626', 'B354', 'B458', 'B584', 'B421', 'B397', 'B225', 'B13', 'B764', 'B577', 'B459', 'B561', 'B94', 'B108']",9.0,S6,11.36,19,1,20,0.0,,-0.039097,-7.453388,-7.492485,True,False,18,S57,True,15,0.6532,pickup,,,,,,,,,,,,,,,,,,,,,,,,,,,,,,,,,,,,,,,,,,,,,,,,,,,,
50,26,10,1,S6,False,19,1,20,11,0,0,0,0,0,"['B256', 'B192', 'B717', 'B696', 'B632', 'B626', 'B354', 'B458', 'B584', 'B421', 'B397']",5.5,S63,12.39,8,1,9,0.0,,-0.079244,-7.418295,-7.497539,False,False,18,S7,True,8,0.6615,delivery,,,,,,,,,,,,,,,,,,,,,,,,,,,,,,,,,,,,,,,,,,,,,,,,,,,,
50,26,10,19,S63,False,8,1,9,0,11,0,0,0,0,"['B437', 'B85', 'B291', 'B8', 'B582', 'B209', 'B335', 'B684', 'B82', 'B27', 'B116']",5.5,S65,7.4,19,1,20,0.0,,-0.27688,-7.402747,-7.679627,False,False,12,S65,False,6,0.4437,pickup,,,,,,,,,,,,,,,,,,,,,,,,,,,,,,,,,,,,,,,,,,,,,,,,,,,,
50,26,10,32,S65,False,19,1,20,18,0,0,1,0,0,"['B186', 'B225', 'B13', 'B764', 'B577', 'B459', 'B561', 'B94', 'B108', 'B437', 'B85', 'B291', 'B8', 'B582', 'B209', 'B335', 'B684', 'B82', 'B27']",9.5,S44,6.93,1,2,3,0.0,,-0.196037,-7.527277,-7.723314,True,True,30,S44,False,12,1.4046,delivery+depot_removal,,,,,,,,,,,,,,,,,,,,,,,,,,,,,,,,,,,,,,,,,,,,,,,,,,,,
50,26,10,48,S44,False,1,2,3,0,12,0,1,0,0,"['B678', 'B531', 'B222', 'B142', 'B738', 'B635', 'B37', 'B341', 'B514', 'B461', 'B571', 'B131', 'B65']",6.5,S9,7.28,13,3,16,0.0,,-0.216057,-7.540914,-7.756971,True,True,36,S29,True,33,1.6825,pickup+depot_removal,,,,,,,,,,,,,,,,,,,,,,,,,,,,,,,,,,,,,,,,,,,,,,,,,,,,
50,26,11,2,S9,False,13,3,16,5,0,0,0,0,0,"['B116', 'B678', 'B531', 'B222', 'B142']",2.5,S58,7.7,8,3,11,0.0,,-0.275828,-7.465187,-7.741015,True,False,54,S58,False,18,1.5165,delivery,,,,,,,,,,,,,,,,,,,,,,,,,,,,,,,,,,,,,,,,,,,,,,,,,,,,
50,26,11,12,S58,False,8,3,11,0,9,0,0,0,0,"['B184', 'B171', 'B694', 'B197', 'B152', 'B715', 'B207', 'B106', 'B32']",4.5,S22,7.3,17,3,20,0.0,,-0.196835,-7.657539,-7.854374,True,False,36,S22,False,25,1.0597,pickup,,,,,,,,,,,,,,,,,,,,,,,,,,,,,,,,,,,,,,,,,,,,,,,,,,,,
50,26,11,24,S22,False,17,3,20,13,0,0,0,0,0,"['B738', 'B635', 'B37', 'B341', 'B514', 'B461', 'B571', 'B131', 'B184', 'B171', 'B694', 'B197', 'B152']",6.5,S18,5.73,4,3,7,0.0,,-0.334249,-7.492954,-7.827202,False,False,18,S15,True,13,0.6752,delivery,,,,,,,,,,,,,,,,,,,,,,,,,,,,,,,,,,,,,,,,,,,,,,,,,,,,
50,26,11,36,S18,False,4,3,7,0,11,0,0,0,0,"['B161', 'B64', 'B765', 'B498', 'B680', 'B179', 'B564', 'B303', 'B213', 'B658', 'B491']",5.5,S15,4.77,15,3,18,0.0,,-0.157388,-7.365522,-7.52291,True,False,42,S32,True,24,1.0854,pickup,,,,,,,,,,,,,,,,,,,,,,,,,,,,,,,,,,,,,,,,,,,,,,,,,,,,
50,26,11,47,S15,False,15,3,18,15,0,0,0,0,0,"['B715', 'B207', 'B106', 'B32', 'B161', 'B64', 'B765', 'B498', 'B680', 'B179', 'B564', 'B303', 'B213', 'B658', 'B491']",7.5,S52,4.21,0,3,3,0.0,,-0.216555,-7.46095,-7.677505,False,False,12,S16,True,10,0.4114,delivery,,,,,,,,,,,,,,,,,,,,,,,,,,,,,,,,,,,,,,,,,,,,,,,,,,,,
50,26,11,58,S52,False,0,3,3,0,7,0,2,0,0,"['B562', 'B216', 'B474', 'B448', 'B263', 'B409', 'B671', 'B443', 'B376']",4.5,S32,3.72,7,5,12,0.0,,-0.05862,-7.433031,-7.491651,True,True,72,S16,True,40,2.4407,pickup+depot_removal,,,,,,,,,,,,,,,,,,,,,,,,,,,,,,,,,,,,,,,,,,,,,,,,,,,,
50,26,12,6,S32,False,7,5,12,0,0,0,0,0,0,[],0.0,S29,3.29,7,5,12,0.0,,-0.275333,-7.572796,-7.848129,False,False,12,S60,True,0,0.3604,do_nothing,,,,,,,,,,,,,,,,,,,,,,,,,,,,,,,,,,,,,,,,,,,,,,,,,,,,
50,26,12,10,S29,False,7,5,12,7,0,0,0,0,0,"['B562', 'B216', 'B474', 'B448', 'B263', 'B409', 'B671']",3.5,S45,4.09,0,5,5,0.0,,-0.078496,-7.491621,-7.570117,False,False,12,S60,True,9,0.3267,delivery,,,,,,,,,,,,,,,,,,,,,,,,,,,,,,,,,,,,,,,,,,,,,,,,,,,,
50,26,12,17,S45,False,0,5,5,0,6,0,0,0,0,"['B323', 'B616', 'B67', 'B339', 'B705', 'B627']",3.0,S24,9.35,6,5,11,0.0,,-0.118191,-7.408812,-7.527003,False,False,18,S59,True,10,0.5989,pickup,,,,,,,,,,,,,,,,,,,,,,,,,,,,,,,,,,,,,,,,,,,,,,,,,,,,
50,26,12,30,S24,False,6,5,11,0,0,0,0,0,0,[],0.0,S23,7.87,6,5,11,0.0,,-0.177613,-7.586941,-7.764554,True,False,36,S61,True,3,1.0902,do_nothing,,,,,,,,,,,,,,,,,,,,,,,,,,,,,,,,,,,,,,,,,,,,,,,,,,,,
50,26,12,38,S23,False,6,5,11,6,0,0,0,0,0,"['B323', 'B616', 'B67', 'B339', 'B705', 'B627']",3.0,S18,5.87,0,5,5,0.0,,-0.157389,-7.68135,-7.838738,True,False,24,S59,True,14,0.9506,delivery,,,,,,,,,,,,,,,,,,,,,,,,,,,,,,,,,,,,,,,,,,,,,,,,,,,,
50,26,12,46,S18,False,0,5,5,0,0,0,0,0,0,[],0.0,S64,0.52,0,5,5,0.0,,-0.414042,-7.698937,-8.112979,True,False,54,S64,False,2,1.8035,do_nothing,,,,,,,,,,,,,,,,,,,,,,,,,,,,,,,,,,,,,,,,,,,,,,,,,,,,
50,26,12,47,S64,False,0,5,5,0,8,0,0,0,0,"['B219', 'B575', 'B452', 'B529', 'B276', 'B719', 'B618', 'B269']",4.0,S51,6.57,8,5,13,0.0,,-0.294603,-7.706593,-8.001196,False,False,18,S59,True,10,0.6224,pickup,,,,,,,,,,,,,,,,,,,,,,,,,,,,,,,,,,,,,,,,,,,,,,,,,,,,
50,26,12,58,S51,False,8,5,13,8,0,0,1,0,0,"['B218', 'B219', 'B575', 'B452', 'B529', 'B276', 'B719', 'B618', 'B269']",4.5,S59,5.65,0,6,6,0.0,,-0.275281,-7.557133,-7.832415,True,True,24,S52,True,18,0.8469,delivery+depot_removal,,,,,,,,,,,,,,,,,,,,,,,,,,,,,,,,,,,,,,,,,,,,,,,,,,,,
50,26,13,8,S59,False,0,6,6,0,14,0,0,0,0,"['B81', 'B273', 'B579', 'B363', 'B751', 'B725', 'B113', 'B566', 'B254', 'B595', 'B211', 'B278', 'B144', 'B61']",7.0,S44,2.83,14,6,20,0.0,,-0.275781,-7.40117,-7.676951,True,False,24,S44,False,18,0.7729,pickup,,,,,,,,,,,,,,,,,,,,,,,,,,,,,,,,,,,,,,,,,,,,,,,,,,,,
50,26,13,17,S44,False,14,6,20,11,0,0,0,0,0,"['B81', 'B273', 'B579', 'B363', 'B751', 'B725', 'B113', 'B566', 'B254', 'B595', 'B211']",5.5,S4,1.93,3,6,9,0.0,,-0.336051,-7.411261,-7.747312,False,False,18,S4,False,6,0.5679,delivery,,,,,,,,,,,,,,,,,,,,,,,,,,,,,,,,,,,,,,,,,,,,,,,,,,,,
50,26,13,25,S4,False,3,6,9,3,0,0,0,0,0,"['B278', 'B144', 'B61']",1.5,S63,2.39,0,6,6,0.0,,-0.393671,-7.55927,-7.952941,False,False,12,S63,False,10,0.4978,delivery,,,,,,,,,,,,,,,,,,,,,,,,,,,,,,,,,,,,,,,,,,,,,,,,,,,,
50,26,13,29,S63,False,0,6,6,0,7,0,0,0,0,"['B697', 'B440', 'B756', 'B622', 'B332', 'B217', 'B22']",3.5,S56,4.53,7,6,13,0.0,,-0.255808,-7.420998,-7.676806,False,False,18,S16,True,8,0.6952,pickup,,,,,,,,,,,,,,,,,,,,,,,,,,,,,,,,,,,,,,,,,,,,,,,,,,,,
50,26,13,37,S56,False,7,6,13,7,0,0,2,0,0,"['B182', 'B356', 'B697', 'B440', 'B756', 'B622', 'B332', 'B217', 'B22']",4.5,S21,6.79,0,8,8,0.0,,-0.215012,-7.379822,-7.594834,True,True,36,S21,False,31,1.3047,delivery+depot_removal,,,,,,,,,,,,,,,,,,,,,,,,,,,,,,,,,,,,,,,,,,,,,,,,,,,,
50,26,13,48,S21,False,0,8,8,0,7,0,0,0,0,"['B41', 'B40', 'B88', 'B681', 'B590', 'B682', 'B199']",3.5,S20,17.58,7,8,15,0.0,,-0.157437,-7.393319,-7.550756,True,False,36,S8,True,14,0.9767,pickup,,,,,,,,,,,,,,,,,,,,,,,,,,,,,,,,,,,,,,,,,,,,,,,,,,,,
50,26,14,9,S20,False,7,8,15,7,0,1,0,0,0,"['B41', 'B40', 'B88', 'B681', 'B590', 'B682', 'B199']",6.5,S52,10.6,0,8,8,0.0,,-0.235137,-7.541665,-7.776802,True,True,24,S52,False,19,1.1639,delivery+onsite,,,,,,,,,,,,,,,,,,,,,,,,,,,,,,,,,,,,,,,,,,,,,,,,,,,,
50,26,14,26,S52,False,0,8,8,0,7,0,0,0,0,"['B406', 'B233', 'B506', 'B496', 'B367', 'B457', 'B602']",3.5,S37,1.18,7,8,15,0.0,,-0.316173,-7.466309,-7.782482,True,False,36,S1,True,12,1.4114,pickup,,,,,,,,,,,,,,,,,,,,,,,,,,,,,,,,,,,,,,,,,,,,,,,,,,,,
50,26,14,31,S37,False,7,8,15,7,0,0,0,0,0,"['B406', 'B233', 'B506', 'B496', 'B367', 'B457', 'B602']",3.5,S59,1.48,0,8,8,0.0,,-0.215656,-7.354303,-7.569959,True,False,36,S25,True,19,1.5664,delivery,,,,,,,,,,,,,,,,,,,,,,,,,,,,,,,,,,,,,,,,,,,,,,,,,,,,
50,26,14,36,S59,False,0,8,8,0,8,0,2,0,0,"['B530', 'B712', 'B482', 'B109', 'B76', 'B651', 'B408', 'B317', 'B521', 'B519']",5.0,S4,1.29,8,10,18,0.0,,-0.274832,-7.268569,-7.543401,True,True,48,S25,True,31,1.8059,pickup+depot_removal,,,,,,,,,,,,,,,,,,,,,,,,,,,,,,,,,,,,,,,,,,,,,,,,,,,,
50,26,14,42,S4,False,8,10,18,8,0,0,0,0,0,"['B530', 'B712', 'B482', 'B109', 'B76', 'B651', 'B408', 'B317']",4.0,S62,2.49,0,10,10,0.0,,-0.11864,-7.296461,-7.415101,False,False,12,S25,True,7,0.5183,delivery,,,,,,,,,,,,,,,,,,,,,,,,,,,,,,,,,,,,,,,,,,,,,,,,,,,,
50,26,14,49,S62,False,0,10,10,0,0,0,1,0,0,['B248'],0.5,S1,5.98,0,11,11,0.0,,-0.275028,-7.281936,-7.556964,True,True,72,S63,True,9,2.5362,do_nothing+depot_removal,,,,,,,,,,,,,,,,,,,,,,,,,,,,,,,,,,,,,,,,,,,,,,,,,,,,
50,26,14,55,S1,False,0,11,11,0,9,0,0,0,0,"['B573', 'B236', 'B10', 'B399', 'B92', 'B608', 'B415', 'B275', 'B210']",4.5,S65,11.28,9,11,20,0.0,,-0.177012,-7.291204,-7.468216,False,False,12,S62,True,8,0.419,pickup,,,,,,,,,,,,,,,,,,,,,,,,,,,,,,,,,,,,,,,,,,,,,,,,,,,,
50,26,15,11,S65,False,9,11,20,0,0,0,0,0,0,[],0.0,S66,3.09,9,11,20,0.0,,-0.355826,-7.358652,-7.714478,True,False,24,S66,True,0,0.7283,do_nothing,,,,,,,,,,,,,,,,,,,,,,,,,,,,,,,,,,,,,,,,,,,,,,,,,,,,
50,26,15,14,S66,False,9,11,20,9,0,0,0,0,0,"['B573', 'B236', 'B10', 'B399', 'B92', 'B608', 'B415', 'B275', 'B210']",4.5,S30,1.88,0,11,11,0.0,,-0.138366,-7.402693,-7.541058,True,False,18,S31,True,10,0.5398,delivery,,,,,,,,,,,,,,,,,,,,,,,,,,,,,,,,,,,,,,,,,,,,,,,,,,,,
50,26,15,20,S30,False,0,11,11,0,8,0,0,0,0,"['B479', 'B555', 'B523', 'B686', 'B623', 'B2', 'B592', 'B259']",4.0,S65,1.33,8,11,19,0.0,,-0.257007,-7.303774,-7.560781,False,False,18,S31,True,6,0.4805,pickup,,,,,,,,,,,,,,,,,,,,,,,,,,,,,,,,,,,,,,,,,,,,,,,,,,,,
50,26,15,26,S65,False,8,11,19,8,0,1,0,0,0,"['B479', 'B555', 'B523', 'B686', 'B623', 'B2', 'B592', 'B259']",7.0,S25,6.93,0,11,11,0.0,,-0.295451,-7.337147,-7.632598,True,True,24,S25,False,20,0.8094,delivery+onsite,,,,,,,,,,,,,,,,,,,,,,,,,,,,,,,,,,,,,,,,,,,,,,,,,,,,
50,26,15,40,S25,False,0,11,11,0,9,0,0,0,0,"['B93', 'B489', 'B371', 'B293', 'B690', 'B644', 'B130', 'B524', 'B532']",4.5,S63,14.29,9,11,20,0.0,,-0.454347,-7.397302,-7.851649,True,False,84,S31,True,72,2.7056,pickup,,,,,,,,,,,,,,,,,,,,,,,,,,,,,,,,,,,,,,,,,,,,,,,,,,,,
50,26,15,59,S63,False,9,11,20,0,0,0,0,0,0,[],0.0,S41,5.29,9,11,20,0.0,,-0.432715,-7.37981,-7.812525,False,False,12,S44,True,2,0.3679,do_nothing,,,,,,,,,,,,,,,,,,,,,,,,,,,,,,,,,,,,,,,,,,,,,,,,,,,,
50,26,16,4,S41,False,9,11,20,9,0,0,0,0,0,"['B93', 'B489', 'B371', 'B293', 'B690', 'B644', 'B130', 'B524', 'B532']",4.5,S31,1.27,0,11,11,0.0,,-0.373843,-7.409661,-7.783504,False,False,12,S27,True,6,0.461,delivery,,,,,,,,,,,,,,,,,,,,,,,,,,,,,,,,,,,,,,,,,,,,,,,,,,,,
50,26,16,10,S31,False,0,11,11,0,9,0,0,0,0,"['B493', 'B215', 'B541', 'B220', 'B536', 'B456', 'B429', 'B83', 'B329']",4.5,S63,4.21,9,11,20,0.0,,-0.314525,-7.36556,-7.680085,True,False,54,S27,True,37,2.0999,pickup,,,,,,,,,,,,,,,,,,,,,,,,,,,,,,,,,,,,,,,,,,,,,,,,,,,,
50,26,16,18,S63,False,9,11,20,9,0,0,0,0,0,"['B493', 'B215', 'B541', 'B220', 'B536', 'B456', 'B429', 'B83', 'B329']",4.5,S40,2.93,0,11,11,0.0,,-0.275679,-7.454241,-7.72992,False,False,12,S27,True,10,0.3852,delivery,,,,,,,,,,,,,,,,,,,,,,,,,,,,,,,,,,,,,,,,,,,,,,,,,,,,
50,26,16,26,S40,False,0,11,11,0,9,0,0,0,0,"['B37', 'B507', 'B487', 'B401', 'B612', 'B115', 'B634', 'B410', 'B302']",4.5,S27,2.68,9,11,20,0.0,,-0.375148,-7.353108,-7.728256,True,False,30,S3,True,25,0.9012,pickup,,,,,,,,,,,,,,,,,,,,,,,,,,,,,,,,,,,,,,,,,,,,,,,,,,,,
50,26,16,33,S27,False,9,11,20,9,0,0,0,0,0,"['B37', 'B507', 'B487', 'B401', 'B612', 'B115', 'B634', 'B410', 'B302']",4.5,S23,6.33,0,11,11,0.0,,-0.198239,-7.389261,-7.5875,False,False,12,S31,True,9,0.3731,delivery,,,,,,,,,,,,,,,,,,,,,,,,,,,,,,,,,,,,,,,,,,,,,,,,,,,,
50,26,16,44,S23,False,0,11,11,0,9,0,0,0,0,"['B346', 'B579', 'B554', 'B633', 'B527', 'B203', 'B84', 'B548', 'B420']",4.5,S26,8.86,9,11,20,0.0,,-0.255455,-7.383399,-7.638853,True,False,30,S31,True,24,0.8419,pickup,,,,,,,,,,,,,,,,,,,,,,,,,,,,,,,,,,,,,,,,,,,,,,,,,,,,
50,26,16,57,S26,False,9,11,20,9,0,0,0,0,0,"['B346', 'B579', 'B554', 'B633', 'B527', 'B203', 'B84', 'B548', 'B420']",4.5,S31,6.02,0,11,11,0.0,,-0.176913,-7.475856,-7.65277,False,False,12,S54,True,6,0.3466,delivery,,,,,,,,,,,,,,,,,,,,,,,,,,,,,,,,,,,,,,,,,,,,,,,,,,,,
50,26,17,8,S31,False,0,11,11,0,9,0,0,0,0,"['B744', 'B580', 'B447', 'B180', 'B511', 'B755', 'B386', 'B395', 'B32']",4.5,S54,5.7,9,11,20,0.0,,-0.11819,-7.345563,-7.463753,True,False,54,S18,True,38,1.7402,pickup,,,,,,,,,,,,,,,,,,,,,,,,,,,,,,,,,,,,,,,,,,,,,,,,,,,,
50,26,17,18,S54,False,9,11,20,9,0,0,1,0,0,"['B132', 'B744', 'B580', 'B447', 'B180', 'B511', 'B755', 'B386', 'B395', 'B32']",5.0,S38,6.91,0,12,12,0.0,,-0.176858,-7.309353,-7.486211,True,True,18,S15,True,14,0.4947,delivery+depot_removal,,,,,,,,,,,,,,,,,,,,,,,,,,,,,,,,,,,,,,,,,,,,,,,,,,,,
50,26,17,30,S38,False,0,12,12,0,8,0,0,0,0,"['B720', 'B309', 'B492', 'B12', 'B119', 'B539', 'B753', 'B469']",4.0,S29,8.13,8,12,20,0.0,,-0.334698,-7.332681,-7.667379,True,False,24,S15,True,18,0.7441,pickup,,,,,,,,,,,,,,,,,,,,,,,,,,,,,,,,,,,,,,,,,,,,,,,,,,,,
50,26,17,42,S29,False,8,12,20,8,0,0,0,0,0,"['B720', 'B309', 'B492', 'B12', 'B119', 'B539', 'B753', 'B469']",4.0,S52,5.05,0,12,12,0.0,,-0.236328,-7.182892,-7.41922,False,False,12,S37,True,8,0.3412,delivery,,,,,,,,,,,,,,,,,,,,,,,,,,,,,,,,,,,,,,,,,,,,,,,,,,,,
50,26,17,51,S52,False,0,12,12,0,7,0,1,0,0,"['B153', 'B388', 'B427', 'B231', 'B766', 'B18', 'B157', 'B675']",4.0,S42,8.01,7,13,20,0.0,,-0.276731,-7.199277,-7.476008,True,True,30,S46,True,19,0.8379,pickup+depot_removal,,,,,,,,,,,,,,,,,,,,,,,,,,,,,,,,,,,,,,,,,,,,,,,,,,,,
50,26,18,3,S42,False,7,13,20,7,0,0,0,0,0,"['B153', 'B388', 'B427', 'B231', 'B766', 'B18', 'B157']",3.5,S0,2.26,0,13,13,0.0,,-0.197333,-7.358077,-7.555409,True,False,18,S66,True,10,0.5851,delivery,,,,,,,,,,,,,,,,,,,,,,,,,,,,,,,,,,,,,,,,,,,,,,,,,,,,
50,26,18,9,S0,False,0,13,13,0,7,0,0,0,0,"['B368', 'B557', 'B572', 'B154', 'B342', 'B542', 'B688']",3.5,S44,10.16,7,13,20,0.0,,-0.178465,-7.390759,-7.569223,False,False,18,S66,True,7,0.5796,pickup,,,,,,,,,,,,,,,,,,,,,,,,,,,,,,,,,,,,,,,,,,,,,,,,,,,,
50,26,18,22,S44,False,7,13,20,7,0,0,0,0,0,"['B368', 'B557', 'B572', 'B154', 'B342', 'B542', 'B688']",3.5,S66,3.92,0,13,13,0.0,,-0.196639,-7.298439,-7.495078,False,False,12,S66,False,6,0.3184,delivery,,,,,,,,,,,,,,,,,,,,,,,,,,,,,,,,,,,,,,,,,,,,,,,,,,,,
50,26,18,30,S66,False,0,13,13,0,7,0,0,0,0,"['B101', 'B448', 'B563', 'B608', 'B321', 'B676', 'B484']",3.5,S8,15.69,7,13,20,0.0,,-0.098268,-7.22666,-7.324928,True,False,18,S8,False,12,0.6108,pickup,,,,,,,,,,,,,,,,,,,,,,,,,,,,,,,,,,,,,,,,,,,,,,,,,,,,
50,26,18,49,S8,False,7,13,20,7,0,0,0,0,0,"['B101', 'B448', 'B563', 'B608', 'B321', 'B676', 'B484']",3.5,S19,14.87,0,13,13,0.0,,-0.098269,-7.358724,-7.456993,True,False,18,S37,True,7,0.5842,delivery,,,,,,,,,,,,,,,,,,,,,,,,,,,,,,,,,,,,,,,,,,,,,,,,,,,,
50,26,19,7,S19,False,0,13,13,0,0,0,0,0,0,[],0.0,S33,6.0,0,13,13,0.0,,-0.098467,-7.159522,-7.257989,True,False,108,S33,True,0,3.4493,do_nothing,,,,,,,,,,,,,,,,,,,,,,,,,,,,,,,,,,,,,,,,,,,,,,,,,,,,
50,26,19,13,S33,False,0,13,13,0,7,0,0,0,0,"['B136', 'B704', 'B19', 'B362', 'B99', 'B208', 'B673']",3.5,S37,1.91,7,13,20,0.0,,-0.157788,-7.293361,-7.451148,False,False,12,S62,True,6,0.334,pickup,,,,,,,,,,,,,,,,,,,,,,,,,,,,,,,,,,,,,,,,,,,,,,,,,,,,
50,26,19,19,S37,False,7,13,20,7,0,0,0,0,0,"['B136', 'B704', 'B19', 'B362', 'B99', 'B208', 'B673']",3.5,S54,4.98,0,13,13,0.0,,-0.157585,-7.175615,-7.333201,True,False,24,S33,True,9,0.7584,delivery,,,,,,,,,,,,,,,,,,,,,,,,,,,,,,,,,,,,,,,,,,,,,,,,,,,,
50,26,19,27,S54,False,0,13,13,0,0,0,0,0,0,[],0.0,S62,2.78,0,13,13,0.0,,-0.11834,-7.176228,-7.294567,False,False,12,S62,False,3,0.2833,do_nothing,,,,,,,,,,,,,,,,,,,,,,,,,,,,,,,,,,,,,,,,,,,,,,,,,,,,
50,26,19,30,S62,False,0,13,13,0,7,0,0,0,0,"['B398', 'B305', 'B300', 'B189', 'B591', 'B523', 'B226']",3.5,S53,2.18,7,13,20,0.0,,-0.098615,-7.183283,-7.281898,True,False,34,S61,True,24,0.9684,pickup,,,,,,,,,,,,,,,,,,,,,,,,,,,,,,,,,,,,,,,,,,,,,,,,,,,,
50,26,19,36,S53,False,7,13,20,7,0,1,0,0,0,"['B398', 'B305', 'B300', 'B189', 'B591', 'B523', 'B226']",6.5,S54,2.46,0,13,13,0.0,,-0.118091,-7.054383,-7.172473,True,True,22,S38,True,17,0.525,delivery+onsite,,,,,,,,,,,,,,,,,,,,,,,,,,,,,,,,,,,,,,,,,,,,,,,,,,,,
50,26,19,45,S54,False,0,13,13,0,7,0,0,0,0,"['B32', 'B352', 'B358', 'B315', 'B287', 'B332', 'B108']",3.5,D0,1.95,7,13,20,0.0,,-0.039899,-7.20978,-7.249678,False,False,3,D0,False,2,0.0706,pickup,,,,,,,,,,,,,,,,,,,,,,,,,,,,,,,,,,,,,,,,,,,,,,,,,,,,
50,26,19,50,D0,True,7,13,20,0,0,0,0,13,0,"['B412', 'B186', 'B65', 'B443', 'B376', 'B218', 'B182', 'B356', 'B521', 'B519', 'B248', 'B132', 'B675']",6.5,D0,0.0,7,0,7,0.0,,-0.05862,-7.228087,-7.286707,True,True,1,D0,False,0,0.0356,do_nothing,,,,,,,,,,,,,,,,,,,,,,,,,,,,,,,,,,,,,,,,,,,,,,,,,,,,
50,27,6,12,D0,True,7,0,7,0,0,0,0,0,12,"['B155', 'B156', 'B23', 'B20', 'B657', 'B736', 'B434', 'B235', 'B249', 'B138', 'B721', 'B631']",6.0,S61,1.02,19,0,19,0.0,,-0.098466,-6.916721,-7.015188,True,True,5,S23,True,4,0.1585,load_queue,,,,,,,,,,,,,,,,,,,,,,,,,,,,,,,,,,,,,,,,,,,,,,,,,,,,
50,27,6,34,S61,False,19,0,19,10,0,0,0,0,0,"['B32', 'B352', 'B358', 'B315', 'B287', 'B332', 'B108', 'B155', 'B156', 'B23']",5.0,S31,1.01,9,0,9,0.0,,-0.117941,-6.923606,-7.041546,False,False,18,S23,True,6,0.6645,delivery,,,,,,,,,,,,,,,,,,,,,,,,,,,,,,,,,,,,,,,,,,,,,,,,,,,,
50,27,6,40,S31,False,9,0,9,0,11,1,0,0,0,"['B237', 'B393', 'B735', 'B176', 'B117', 'B570', 'B147', 'B743', 'B51', 'B245', 'B172']",8.5,S3,7.39,20,0,20,0.0,,-0.058819,-6.785674,-6.844493,True,True,54,S23,True,44,1.4031,pickup+onsite,,,,,,,,,,,,,,,,,,,,,,,,,,,,,,,,,,,,,,,,,,,,,,,,,,,,
50,27,6,55,S3,False,20,0,20,11,0,0,1,0,0,"['B369', 'B20', 'B657', 'B736', 'B434', 'B235', 'B249', 'B138', 'B721', 'B631', 'B237', 'B393']",6.0,S23,12.44,9,1,10,0.0,,-0.098517,-6.830354,-6.928871,True,True,30,S23,True,13,1.1555,delivery+depot_removal,,,,,,,,,,,,,,,,,,,,,,,,,,,,,,,,,,,,,,,,,,,,,,,,,,,,
50,27,7,14,S23,False,9,1,10,0,0,0,0,0,0,[],0.0,S30,3.25,9,1,10,0.0,,-0.158289,-7.177388,-7.335677,True,False,36,S13,True,3,1.2923,do_nothing,,,,,,,,,,,,,,,,,,,,,,,,,,,,,,,,,,,,,,,,,,,,,,,,,,,,
50,27,7,17,S30,False,9,1,10,8,0,0,0,0,0,"['B735', 'B176', 'B117', 'B570', 'B147', 'B743', 'B51', 'B245']",4.0,S59,3.9,1,1,2,0.0,,-0.059171,-7.057838,-7.117008,False,False,18,S13,True,6,0.6254,delivery,,,,,,,,,,,,,,,,,,,,,,,,,,,,,,,,,,,,,,,,,,,,,,,,,,,,
50,27,7,25,S59,False,1,1,2,0,18,0,0,0,0,"['B767', 'B533', 'B732', 'B6', 'B747', 'B457', 'B709', 'B171', 'B555', 'B534', 'B259', 'B318', 'B706', 'B512', 'B551', 'B104', 'B113', 'B686']",9.0,S41,2.97,19,1,20,0.0,,-0.078592,-7.071444,-7.150036,False,False,12,S65,True,8,0.4496,pickup,,,,,,,,,,,,,,,,,,,,,,,,,,,,,,,,,,,,,,,,,,,,,,,,,,,,
50,27,7,37,S41,False,19,1,20,10,0,0,0,0,0,"['B172', 'B767', 'B533', 'B732', 'B6', 'B747', 'B457', 'B709', 'B171', 'B555']",5.0,S62,4.25,9,1,10,0.0,,-0.137861,-7.080852,-7.218713,False,False,18,S65,True,9,0.5333,delivery,,,,,,,,,,,,,,,,,,,,,,,,,,,,,,,,,,,,,,,,,,,,,,,,,,,,
50,27,7,46,S62,False,9,1,10,0,10,1,0,0,0,"['B440', 'B205', 'B481', 'B285', 'B284', 'B25', 'B335', 'B101', 'B563', 'B461']",8.0,S21,10.28,19,1,20,0.0,,-0.177058,-7.077958,-7.255016,True,True,36,S11,True,33,1.1847,pickup+onsite,,,,,,,,,,,,,,,,,,,,,,,,,,,,,,,,,,,,,,,,,,,,,,,,,,,,
50,27,8,5,S21,False,19,1,20,7,0,0,0,0,0,"['B534', 'B259', 'B318', 'B706', 'B512', 'B551', 'B104']",3.5,S42,3.41,12,1,13,0.0,,-0.17781,-7.485988,-7.663798,True,False,24,S34,True,12,0.6312,delivery,,,,,,,,,,,,,,,,,,,,,,,,,,,,,,,,,,,,,,,,,,,,,,,,,,,,
50,27,8,11,S42,False,12,1,13,0,0,0,1,0,0,['B242'],0.5,S61,8.85,12,2,14,0.0,,-0.09872,-7.371194,-7.469914,True,True,18,S34,True,8,0.5429,do_nothing+depot_removal,,,,,,,,,,,,,,,,,,,,,,,,,,,,,,,,,,,,,,,,,,,,,,,,,,,,
50,27,8,21,S61,False,12,2,14,0,6,0,0,0,0,"['B72', 'B683', 'B759', 'B32', 'B352', 'B358']",3.0,S62,2.06,18,2,20,0.0,,-0.098764,-7.338904,-7.437668,False,False,12,S34,True,8,0.3382,pickup,,,,,,,,,,,,,,,,,,,,,,,,,,,,,,,,,,,,,,,,,,,,,,,,,,,,
50,27,8,26,S62,False,18,2,20,11,0,0,1,0,0,"['B240', 'B113', 'B686', 'B440', 'B205', 'B481', 'B285', 'B284', 'B25', 'B335', 'B101', 'B563']",6.0,S4,2.49,7,3,10,0.0,,0.0,-7.106045,-7.106045,True,True,30,S34,True,27,0.9921,delivery+depot_removal,,,,,,,,,,,,,,,,,,,,,,,,,,,,,,,,,,,,,,,,,,,,,,,,,,,,
50,27,8,34,S4,False,7,3,10,0,10,1,0,0,0,"['B198', 'B538', 'B22', 'B169', 'B82', 'B41', 'B746', 'B379', 'B146', 'B75']",8.0,S34,5.11,17,3,20,0.0,,-0.079445,-7.175977,-7.255422,True,True,24,S34,True,18,0.993,pickup+onsite,,,,,,,,,,,,,,,,,,,,,,,,,,,,,,,,,,,,,,,,,,,,,,,,,,,,
50,27,8,47,S34,False,17,3,20,14,0,0,0,0,0,"['B461', 'B72', 'B683', 'B759', 'B32', 'B352', 'B358', 'B198', 'B538', 'B22', 'B169', 'B82', 'B41', 'B746']",7.0,S42,5.28,3,3,6,0.0,,0.0,-6.944003,-6.944003,False,False,18,S15,True,16,0.6718,delivery,,,,,,,,,,,,,,,,,,,,,,,,,,,,,,,,,,,,,,,,,,,,,,,,,,,,
50,27,9,0,S42,False,3,3,6,0,10,0,0,0,0,"['B244', 'B196', 'B48', 'B264', 'B601', 'B625', 'B306', 'B459', 'B374', 'B401']",5.0,S18,9.96,13,3,16,0.0,,-0.019723,-6.935007,-6.95473,False,False,18,S21,True,14,0.5902,pickup,,,,,,,,,,,,,,,,,,,,,,,,,,,,,,,,,,,,,,,,,,,,,,,,,,,,
50,27,9,15,S18,False,13,3,16,11,0,0,0,0,0,"['B379', 'B146', 'B75', 'B244', 'B196', 'B48', 'B264', 'B601', 'B625', 'B306', 'B459']",5.5,S59,0.93,2,3,5,0.0,,0.0,-6.928898,-6.928898,True,False,54,S59,False,21,2.7598,delivery,,,,,,,,,,,,,,,,,,,,,,,,,,,,,,,,,,,,,,,,,,,,,,,,,,,,
50,27,9,21,S59,False,2,3,5,2,0,0,0,0,0,"['B374', 'B401']",1.0,S5,10.58,0,3,3,0.0,,0.0,-6.89259,-6.89259,False,False,12,S21,True,9,0.6248,delivery,,,,,,,,,,,,,,,,,,,,,,,,,,,,,,,,,,,,,,,,,,,,,,,,,,,,
50,27,9,33,S5,False,0,3,3,0,11,1,0,0,0,"['B611', 'B674', 'B385', 'B400', 'B39', 'B741', 'B739', 'B472', 'B470', 'B689', 'B338']",8.5,S30,7.09,11,3,14,0.0,,-0.019773,-6.959783,-6.979555,True,True,24,S13,True,22,1.239,pickup+onsite,,,,,,,,,,,,,,,,,,,,,,,,,,,,,,,,,,,,,,,,,,,,,,,,,,,,
50,27,9,48,S30,False,11,3,14,9,0,0,0,0,0,"['B611', 'B674', 'B385', 'B400', 'B39', 'B741', 'B739', 'B472', 'B470']",4.5,S60,1.77,2,3,5,0.0,,-0.019975,-6.993912,-7.013886,False,False,18,S66,True,9,1.0085,delivery,,,,,,,,,,,,,,,,,,,,,,,,,,,,,,,,,,,,,,,,,,,,,,,,,,,,
50,27,9,55,S60,False,2,3,5,0,8,0,0,0,0,"['B225', 'B67', 'B462', 'B124', 'B280', 'B254', 'B399', 'B690']",4.0,S66,1.23,10,3,13,0.0,,-0.039397,-6.977703,-7.0171,True,False,54,S23,True,18,2.4122,pickup,,,,,,,,,,,,,,,,,,,,,,,,,,,,,,,,,,,,,,,,,,,,,,,,,,,,
50,27,10,0,S66,False,10,3,13,10,0,0,0,0,0,"['B689', 'B338', 'B225', 'B67', 'B462', 'B124', 'B280', 'B254', 'B399', 'B690']",5.0,S17,7.34,0,3,3,0.0,,-0.039399,-7.05982,-7.099219,True,False,24,S12,True,15,0.8897,delivery,,,,,,,,,,,,,,,,,,,,,,,,,,,,,,,,,,,,,,,,,,,,,,,,,,,,
50,27,10,12,S17,False,0,3,3,0,14,0,0,0,0,"['B663', 'B687', 'B118', 'B212', 'B313', 'B230', 'B464', 'B476', 'B583', 'B559', 'B703', 'B90', 'B594', 'B561']",7.0,S57,8.44,14,3,17,0.0,,-0.039899,-6.987939,-7.027838,True,False,24,S12,True,12,1.0629,pickup,,,,,,,,,,,,,,,,,,,,,,,,,,,,,,,,,,,,,,,,,,,,,,,,,,,,
50,27,10,28,S57,False,14,3,17,12,0,0,0,0,0,"['B663', 'B687', 'B118', 'B212', 'B313', 'B230', 'B464', 'B476', 'B583', 'B559', 'B703', 'B90']",6.0,S42,1.83,2,3,5,0.0,,-0.137512,-7.073218,-7.210731,True,False,36,S12,True,16,1.3155,delivery,,,,,,,,,,,,,,,,,,,,,,,,,,,,,,,,,,,,,,,,,,,,,,,,,,,,
50,27,10,35,S42,False,2,3,5,0,0,0,0,0,0,[],0.0,S66,9.4,2,3,5,0.0,,-0.157836,-7.158727,-7.316563,False,False,12,S12,True,4,0.4185,do_nothing,,,,,,,,,,,,,,,,,,,,,,,,,,,,,,,,,,,,,,,,,,,,,,,,,,,,
50,27,10,45,S66,False,2,3,5,2,0,0,0,0,0,"['B594', 'B561']",1.0,S12,9.61,0,3,3,0.0,,0.0,-7.280592,-7.280592,True,False,24,S12,False,14,0.8908,delivery,,,,,,,,,,,,,,,,,,,,,,,,,,,,,,,,,,,,,,,,,,,,,,,,,,,,
50,27,10,55,S12,False,0,3,3,0,0,0,0,0,0,[],0.0,S48,1.68,0,3,3,0.0,,-0.05947,-7.299389,-7.35886,True,False,36,S31,True,4,1.7709,do_nothing,,,,,,,,,,,,,,,,,,,,,,,,,,,,,,,,,,,,,,,,,,,,,,,,,,,,
50,27,10,57,S48,False,0,3,3,0,8,0,0,0,0,"['B510', 'B377', 'B220', 'B13', 'B744', 'B77', 'B167', 'B388']",4.0,S51,0.84,8,3,11,0.0,,-0.137663,-7.19162,-7.329284,False,False,18,S31,True,6,1.0325,pickup,,,,,,,,,,,,,,,,,,,,,,,,,,,,,,,,,,,,,,,,,,,,,,,,,,,,
50,27,11,2,S51,False,8,3,11,0,9,1,0,0,0,"['B605', 'B33', 'B222', 'B145', 'B7', 'B496', 'B265', 'B664', 'B629']",7.5,S52,4.66,17,3,20,0.0,,-0.118943,-7.427955,-7.546898,True,True,36,S52,False,33,1.0116,pickup+onsite,,,,,,,,,,,,,,,,,,,,,,,,,,,,,,,,,,,,,,,,,,,,,,,,,,,,
50,27,11,14,S52,False,17,3,20,10,0,0,0,0,0,"['B510', 'B377', 'B220', 'B13', 'B744', 'B77', 'B167', 'B388', 'B605', 'B33']",5.0,S61,2.0,7,3,10,0.0,,-0.177762,-7.476215,-7.653977,False,False,18,S61,False,6,0.5721,delivery,,,,,,,,,,,,,,,,,,,,,,,,,,,,,,,,,,,,,,,,,,,,,,,,,,,,
50,27,11,21,S61,False,7,3,10,7,0,0,0,0,0,"['B222', 'B145', 'B7', 'B496', 'B265', 'B664', 'B629']",3.5,S31,1.01,0,3,3,0.0,,-0.25461,-7.374291,-7.628901,False,False,12,S31,False,6,0.6621,delivery,,,,,,,,,,,,,,,,,,,,,,,,,,,,,,,,,,,,,,,,,,,,,,,,,,,,
50,27,11,26,S31,False,0,3,3,0,14,0,0,0,0,"['B593', 'B311', 'B131', 'B509', 'B268', 'B140', 'B572', 'B69', 'B573', 'B697', 'B543', 'B102', 'B347', 'B679']",7.0,S49,2.89,14,3,17,0.0,,-0.156838,-7.432169,-7.589007,True,False,60,S27,True,28,2.644,pickup,,,,,,,,,,,,,,,,,,,,,,,,,,,,,,,,,,,,,,,,,,,,,,,,,,,,
50,27,11,36,S49,False,14,3,17,8,0,0,0,0,0,"['B593', 'B311', 'B131', 'B509', 'B268', 'B140', 'B572', 'B69']",4.0,S29,8.87,6,3,9,0.0,,-0.098815,-7.415891,-7.514706,False,False,18,S29,False,8,0.4627,delivery,,,,,,,,,,,,,,,,,,,,,,,,,,,,,,,,,,,,,,,,,,,,,,,,,,,,
50,27,11,48,S29,False,6,3,9,6,0,0,0,0,0,"['B573', 'B697', 'B543', 'B102', 'B347', 'B679']",3.0,S21,6.52,0,3,3,0.0,,-0.15674,-7.331553,-7.488293,False,False,12,S13,True,9,0.5689,delivery,,,,,,,,,,,,,,,,,,,,,,,,,,,,,,,,,,,,,,,,,,,,,,,,,,,,
50,27,11,58,S21,False,0,3,3,0,0,0,0,0,0,[],0.0,S13,20.39,0,3,3,0.0,,-0.21716,-7.431839,-7.648999,True,False,36,S9,True,2,1.9692,do_nothing,,,,,,,,,,,,,,,,,,,,,,,,,,,,,,,,,,,,,,,,,,,,,,,,,,,,
50,27,12,18,S13,False,0,3,3,0,6,0,0,0,0,"['B403', 'B454', 'B750', 'B281', 'B87', 'B628']",3.0,S14,15.58,6,3,9,0.0,,-0.631355,-7.745755,-8.37711,True,False,72,S55,True,27,2.8113,pickup,,,,,,,,,,,,,,,,,,,,,,,,,,,,,,,,,,,,,,,,,,,,,,,,,,,,
50,27,12,37,S14,False,6,3,9,6,0,0,1,0,0,"['B380', 'B403', 'B454', 'B750', 'B281', 'B87', 'B628']",3.5,S55,5.47,0,4,4,0.0,,-0.572584,-7.891368,-8.463952,True,True,36,S55,True,24,1.2339,delivery+depot_removal,,,,,,,,,,,,,,,,,,,,,,,,,,,,,,,,,,,,,,,,,,,,,,,,,,,,
50,27,12,46,S55,False,0,4,4,0,16,0,0,0,0,"['B154', 'B121', 'B542', 'B298', 'B99', 'B578', 'B160', 'B150', 'B86', 'B202', 'B54', 'B324', 'B449', 'B12', 'B119', 'B428']",8.0,S11,5.75,16,4,20,0.0,,-0.512058,-7.700803,-8.212861,True,False,24,S29,True,13,0.9935,pickup,,,,,,,,,,,,,,,,,,,,,,,,,,,,,,,,,,,,,,,,,,,,,,,,,,,,
50,27,13,0,S11,False,16,4,20,6,0,0,0,0,0,"['B154', 'B121', 'B542', 'B298', 'B99', 'B578']",3.0,S41,11.76,10,4,14,0.0,,-0.633854,-7.682347,-8.316201,False,False,18,S42,True,13,0.5637,delivery,,,,,,,,,,,,,,,,,,,,,,,,,,,,,,,,,,,,,,,,,,,,,,,,,,,,
50,27,13,14,S41,False,10,4,14,0,6,0,0,0,0,"['B765', 'B211', 'B314', 'B285', 'B604', 'B624']",3.0,S66,1.41,16,4,20,0.0,,-0.334402,-7.537948,-7.872349,False,False,12,S12,True,8,0.4861,pickup,,,,,,,,,,,,,,,,,,,,,,,,,,,,,,,,,,,,,,,,,,,,,,,,,,,,
50,27,13,19,S66,False,16,4,20,11,0,0,1,0,0,"['B190', 'B160', 'B150', 'B86', 'B202', 'B54', 'B324', 'B449', 'B12', 'B119', 'B428', 'B765']",6.0,S16,4.13,5,5,10,0.0,,-0.453292,-7.552589,-8.005881,True,True,30,S16,True,27,1.1981,delivery+depot_removal,,,,,,,,,,,,,,,,,,,,,,,,,,,,,,,,,,,,,,,,,,,,,,,,,,,,
50,27,13,29,S16,False,5,5,10,5,0,1,0,0,0,"['B211', 'B314', 'B285', 'B604', 'B624']",5.5,S12,5.59,0,5,5,0.0,,-0.493833,-7.26774,-7.761573,True,True,24,S12,False,18,1.0142,delivery+onsite,,,,,,,,,,,,,,,,,,,,,,,,,,,,,,,,,,,,,,,,,,,,,,,,,,,,
50,27,13,40,S12,False,0,5,5,0,15,1,0,0,0,"['B341', 'B486', 'B448', 'B30', 'B649', 'B362', 'B157', 'B295', 'B387', 'B657', 'B568', 'B296', 'B724', 'B760', 'B334']",10.5,S5,17.94,15,5,20,0.0,,-0.454689,-7.262355,-7.717044,True,True,36,S17,True,20,2.056,pickup+onsite,,,,,,,,,,,,,,,,,,,,,,,,,,,,,,,,,,,,,,,,,,,,,,,,,,,,
50,27,14,8,S5,False,15,5,20,12,0,0,0,0,0,"['B341', 'B486', 'B448', 'B30', 'B649', 'B362', 'B157', 'B295', 'B387', 'B657', 'B568', 'B296']",6.0,S30,7.09,3,5,8,0.0,,-0.276878,-7.542176,-7.819055,False,False,18,S2,True,9,1.0097,delivery,,,,,,,,,,,,,,,,,,,,,,,,,,,,,,,,,,,,,,,,,,,,,,,,,,,,
50,27,14,22,S30,False,3,5,8,0,9,0,0,0,0,"['B385', 'B400', 'B39', 'B741', 'B739', 'B472', 'B470', 'B544', 'B47']",4.5,S2,2.32,12,5,17,0.0,,-0.472963,-7.595332,-8.068295,False,False,18,S2,False,12,0.6438,pickup,,,,,,,,,,,,,,,,,,,,,,,,,,,,,,,,,,,,,,,,,,,,,,,,,,,,
50,27,14,28,S2,False,12,5,17,12,0,0,0,0,0,"['B724', 'B760', 'B334', 'B385', 'B400', 'B39', 'B741', 'B739', 'B472', 'B470', 'B544', 'B47']",6.0,S61,5.02,0,5,5,0.0,,-0.236228,-7.61077,-7.846998,True,False,36,S61,False,22,1.6797,delivery,,,,,,,,,,,,,,,,,,,,,,,,,,,,,,,,,,,,,,,,,,,,,,,,,,,,
50,27,14,39,S61,False,0,5,5,0,9,0,0,0,0,"['B265', 'B96', 'B499', 'B671', 'B456', 'B368', 'B757', 'B76', 'B559']",4.5,S38,3.09,9,5,14,0.0,,-0.453491,-7.527452,-7.980944,False,False,18,S31,True,16,0.6422,pickup,,,,,,,,,,,,,,,,,,,,,,,,,,,,,,,,,,,,,,,,,,,,,,,,,,,,
50,27,14,47,S38,False,9,5,14,9,0,0,0,0,0,"['B265', 'B96', 'B499', 'B671', 'B456', 'B368', 'B757', 'B76', 'B559']",4.5,S54,6.91,0,5,5,0.0,,-0.552154,-7.638094,-8.190248,True,False,36,S54,False,18,1.1463,delivery,,,,,,,,,,,,,,,,,,,,,,,,,,,,,,,,,,,,,,,,,,,,,,,,,,,,
50,27,14,58,S54,False,0,5,5,0,12,0,0,0,0,"['B629', 'B762', 'B504', 'B222', 'B599', 'B105', 'B480', 'B74', 'B351', 'B708', 'B404', 'B749']",6.0,S22,9.78,12,5,17,0.0,,-0.433766,-7.550804,-7.98457,False,False,18,S29,True,14,0.9541,pickup,,,,,,,,,,,,,,,,,,,,,,,,,,,,,,,,,,,,,,,,,,,,,,,,,,,,
50,27,15,14,S22,False,12,5,17,12,0,0,0,0,0,"['B629', 'B762', 'B504', 'B222', 'B599', 'B105', 'B480', 'B74', 'B351', 'B708', 'B404', 'B749']",6.0,S47,2.32,0,5,5,0.0,,-0.610119,-7.795946,-8.406065,False,False,12,S53,True,6,0.379,delivery,,,,,,,,,,,,,,,,,,,,,,,,,,,,,,,,,,,,,,,,,,,,,,,,,,,,
50,27,15,22,S47,False,0,5,5,0,15,0,0,0,0,"['B407', 'B733', 'B725', 'B644', 'B574', 'B694', 'B516', 'B112', 'B518', 'B582', 'B162', 'B179', 'B367', 'B256', 'B5']",7.5,S44,6.18,15,5,20,0.0,,-0.374803,-7.676801,-8.051605,False,False,12,S44,False,6,0.321,pickup,,,,,,,,,,,,,,,,,,,,,,,,,,,,,,,,,,,,,,,,,,,,,,,,,,,,
50,27,15,36,S44,False,15,5,20,11,0,0,0,0,0,"['B407', 'B733', 'B725', 'B644', 'B574', 'B694', 'B516', 'B112', 'B518', 'B582', 'B162']",5.5,S48,4.46,4,5,9,0.0,,-0.25781,-7.563907,-7.821716,False,False,18,S51,True,9,0.3903,delivery,,,,,,,,,,,,,,,,,,,,,,,,,,,,,,,,,,,,,,,,,,,,,,,,,,,,
50,27,15,46,S48,False,4,5,9,4,0,0,0,0,0,"['B179', 'B367', 'B256', 'B5']",2.0,S31,8.15,0,5,5,0.0,,-0.374647,-7.562582,-7.937229,False,False,12,S19,True,8,0.4257,delivery,,,,,,,,,,,,,,,,,,,,,,,,,,,,,,,,,,,,,,,,,,,,,,,,,,,,
50,27,15,56,S31,False,0,5,5,0,15,1,0,0,0,"['B349', 'B165', 'B247', 'B720', 'B144', 'B609', 'B666', 'B539', 'B382', 'B92', 'B7', 'B62', 'B446', 'B415', 'B399']",10.5,S64,1.37,15,5,20,0.0,,-0.373046,-7.718256,-8.091303,True,True,60,S53,True,31,1.7054,pickup+onsite,,,,,,,,,,,,,,,,,,,,,,,,,,,,,,,,,,,,,,,,,,,,,,,,,,,,
50,27,16,8,S64,False,15,5,20,0,0,0,0,0,0,[],0.0,S29,7.1,15,5,20,0.0,,-0.255553,-7.545496,-7.801049,False,False,18,S17,True,4,0.4963,do_nothing,,,,,,,,,,,,,,,,,,,,,,,,,,,,,,,,,,,,,,,,,,,,,,,,,,,,
50,27,16,15,S29,False,15,5,20,0,0,0,0,0,0,[],0.0,S24,7.96,15,5,20,0.0,,-0.355169,-7.487733,-7.842902,False,False,12,S17,True,4,0.4069,do_nothing,,,,,,,,,,,,,,,,,,,,,,,,,,,,,,,,,,,,,,,,,,,,,,,,,,,,
50,27,16,23,S24,False,15,5,20,11,0,0,0,0,0,"['B349', 'B165', 'B247', 'B720', 'B144', 'B609', 'B666', 'B539', 'B382', 'B92', 'B7']",5.5,S29,7.96,4,5,9,0.0,,-0.395527,-7.522004,-7.917531,True,False,42,S17,True,8,0.9978,delivery,,,,,,,,,,,,,,,,,,,,,,,,,,,,,,,,,,,,,,,,,,,,,,,,,,,,
50,27,16,37,S29,False,4,5,9,0,0,0,0,0,0,[],0.0,S32,3.29,4,5,9,0.0,,-0.473573,-7.573421,-8.046993,False,False,12,S60,True,1,0.3313,do_nothing,,,,,,,,,,,,,,,,,,,,,,,,,,,,,,,,,,,,,,,,,,,,,,,,,,,,
50,27,16,40,S32,False,4,5,9,4,0,0,0,0,0,"['B62', 'B446', 'B415', 'B399']",2.0,S21,8.36,0,5,5,0.0,,-0.434571,-7.465814,-7.900386,False,False,12,S60,True,8,0.45,delivery,,,,,,,,,,,,,,,,,,,,,,,,,,,,,,,,,,,,,,,,,,,,,,,,,,,,
50,27,16,50,S21,False,0,5,5,0,10,1,0,0,0,"['B259', 'B318', 'B706', 'B512', 'B551', 'B104', 'B332', 'B660', 'B85', 'B712']",8.0,S23,17.53,10,5,15,0.0,,-0.493188,-7.398828,-7.892016,True,True,24,S60,True,22,0.8508,pickup+onsite,,,,,,,,,,,,,,,,,,,,,,,,,,,,,,,,,,,,,,,,,,,,,,,,,,,,
50,27,17,16,S23,False,10,5,15,0,5,0,0,0,0,"['B336', 'B524', 'B406', 'B594', 'B261']",2.5,S64,5.36,15,5,20,0.0,,-0.395073,-7.515769,-7.910841,True,False,18,S64,False,13,0.4809,pickup,,,,,,,,,,,,,,,,,,,,,,,,,,,,,,,,,,,,,,,,,,,,,,,,,,,,
50,27,17,24,S64,False,15,5,20,11,0,0,0,0,0,"['B259', 'B318', 'B706', 'B512', 'B551', 'B104', 'B332', 'B660', 'B85', 'B712', 'B336']",5.5,S51,6.57,4,5,9,0.0,,-0.315427,-7.533677,-7.849105,False,False,18,S29,True,10,0.5183,delivery,,,,,,,,,,,,,,,,,,,,,,,,,,,,,,,,,,,,,,,,,,,,,,,,,,,,
50,27,17,36,S51,False,4,5,9,4,0,0,0,0,0,"['B524', 'B406', 'B594', 'B261']",2.0,S9,3.47,0,5,5,0.0,,-0.23493,-7.350403,-7.585332,False,False,12,S9,False,8,0.4332,delivery,,,,,,,,,,,,,,,,,,,,,,,,,,,,,,,,,,,,,,,,,,,,,,,,,,,,
50,27,17,41,S9,False,0,5,5,0,5,0,1,0,0,"['B699', 'B547', 'B684', 'B416', 'B711', 'B545']",3.0,S53,7.35,5,6,11,0.0,,-0.079244,-7.35154,-7.430784,True,True,54,S53,True,45,1.8127,pickup+depot_removal,,,,,,,,,,,,,,,,,,,,,,,,,,,,,,,,,,,,,,,,,,,,,,,,,,,,
50,27,17,52,S53,False,5,6,11,0,9,0,0,0,0,"['B266', 'B113', 'B411', 'B83', 'B148', 'B570', 'B726', 'B466', 'B648']",4.5,S15,4.77,14,6,20,0.0,,-0.216905,-7.33272,-7.549626,True,False,18,S15,False,16,0.4684,pickup,,,,,,,,,,,,,,,,,,,,,,,,,,,,,,,,,,,,,,,,,,,,,,,,,,,,
50,27,18,1,S15,False,14,6,20,14,0,0,0,0,0,"['B699', 'B547', 'B684', 'B416', 'B711', 'B266', 'B113', 'B411', 'B83', 'B148', 'B570', 'B726', 'B466', 'B648']",7.0,S62,2.79,0,6,6,0.0,,-0.197035,-7.748754,-7.945789,False,False,12,S62,False,6,0.4071,delivery,,,,,,,,,,,,,,,,,,,,,,,,,,,,,,,,,,,,,,,,,,,,,,,,,,,,
50,27,18,11,S62,False,0,6,6,0,14,0,0,0,0,"['B27', 'B418', 'B365', 'B42', 'B765', 'B154', 'B753', 'B6', 'B667', 'B222', 'B698', 'B553', 'B115', 'B12']",7.0,S17,7.52,14,6,20,0.0,,-0.256106,-7.77155,-8.027656,False,False,18,S0,True,7,0.6476,pickup,,,,,,,,,,,,,,,,,,,,,,,,,,,,,,,,,,,,,,,,,,,,,,,,,,,,
50,27,18,25,S17,False,14,6,20,13,0,0,0,0,0,"['B27', 'B418', 'B365', 'B42', 'B765', 'B154', 'B753', 'B6', 'B667', 'B222', 'B698', 'B553', 'B115']",6.5,S26,2.01,1,6,7,0.0,,-0.157639,-7.739995,-7.897634,True,False,30,S38,True,7,0.7512,delivery,,,,,,,,,,,,,,,,,,,,,,,,,,,,,,,,,,,,,,,,,,,,,,,,,,,,
50,27,18,34,S26,False,1,6,7,1,0,0,0,0,0,['B12'],0.5,S0,8.93,0,6,6,0.0,,-0.156738,-7.656596,-7.813334,False,False,12,S27,True,6,0.3525,delivery,,,,,,,,,,,,,,,,,,,,,,,,,,,,,,,,,,,,,,,,,,,,,,,,,,,,
50,27,18,43,S0,False,0,6,6,0,14,0,0,0,0,"['B123', 'B331', 'B490', 'B497', 'B618', 'B636', 'B492', 'B654', 'B573', 'B615', 'B189', 'B338', 'B197', 'B447']",7.0,S14,4.43,14,6,20,0.0,,-0.039697,-7.494446,-7.534143,False,False,12,S38,True,10,0.3855,pickup,,,,,,,,,,,,,,,,,,,,,,,,,,,,,,,,,,,,,,,,,,,,,,,,,,,,
50,27,18,55,S14,False,14,6,20,8,0,0,0,0,0,"['B123', 'B331', 'B490', 'B497', 'B618', 'B636', 'B492', 'B654']",4.0,S58,10.04,6,6,12,0.0,,-0.078694,-7.311838,-7.390532,True,False,30,S27,True,10,0.8432,delivery,,,,,,,,,,,,,,,,,,,,,,,,,,,,,,,,,,,,,,,,,,,,,,,,,,,,
50,27,19,9,S58,False,6,6,12,0,0,0,1,0,0,['B28'],0.5,S64,2.1,6,7,13,0.0,,-0.078743,-7.329651,-7.408394,True,True,36,S21,True,6,0.9614,do_nothing+depot_removal,,,,,,,,,,,,,,,,,,,,,,,,,,,,,,,,,,,,,,,,,,,,,,,,,,,,
50,27,19,11,S64,False,6,7,13,0,7,0,0,0,0,"['B259', 'B318', 'B706', 'B512', 'B551', 'B104', 'B332']",3.5,S21,13.61,13,7,20,0.0,,-0.039196,-7.375473,-7.414669,False,False,12,S21,False,10,0.3051,pickup,,,,,,,,,,,,,,,,,,,,,,,,,,,,,,,,,,,,,,,,,,,,,,,,,,,,
50,27,19,28,S21,False,13,7,20,11,0,0,0,0,0,"['B573', 'B615', 'B189', 'B338', 'B197', 'B447', 'B259', 'B318', 'B706', 'B512', 'B551']",5.5,S58,13.19,2,7,9,0.0,,-0.098816,-7.36488,-7.463695,False,False,15,S29,True,8,0.3859,delivery,,,,,,,,,,,,,,,,,,,,,,,,,,,,,,,,,,,,,,,,,,,,,,,,,,,,
50,27,19,47,S58,False,2,7,9,0,11,1,0,0,0,"['B647', 'B25', 'B335', 'B389', 'B101', 'B78', 'B366', 'B653', 'B729', 'B710', 'B700']",8.5,D0,2.14,13,7,20,0.0,,-0.039497,-7.587517,-7.627014,True,True,4,D0,True,3,0.1112,pickup+onsite,,,,,,,,,,,,,,,,,,,,,,,,,,,,,,,,,,,,,,,,,,,,,,,,,,,,
50,27,19,58,D0,True,13,7,20,0,0,0,0,7,7,"['B412', 'B186', 'B65', 'B443', 'B376', 'B218', 'B182', 'B369', 'B242', 'B240', 'B380', 'B190', 'B545', 'B28']",7.0,D0,0.0,20,0,20,0.0,,-0.059071,-7.424649,-7.483721,True,True,1,D0,False,0,0.0326,do_nothing,,,,,,,,,,,,,,,,,,,,,,,,,,,,,,,,,,,,,,,,,,,,,,,,,,,,
