seed,day,hour,minute,current_station_id,is_at_depot,functional_load_before,depot_load_before,total_load_before,functional_deliveries,functional_pickups,onsite_repairs,depot_pickups,depot_deliveries,load_from_queue,bikes_involved,action_duration_min,next_station_id,travel_time_min,functional_load_after,depot_load_after,total_load_after,immediate_reward,vfa_value,accumulated_rollout_reward,tail_value,final_decision_score,maintenance_flag_present,selected_action_is_maintenance,n_total_candidates,vfa_top1_next_station,rollout_changed_decision,winning_candidate_rank,decision_runtime_s,winning_profile_type,phi_rebalancing_imbalance,phi_squared_starvation_penalty,phi_squared_congestion_penalty,phi_exponential_starvation_penalty,phi_exponential_congestion_penalty,phi_starvation_severity_max,phi_congestion_severity_max,phi_starvation_count,phi_congestion_count,phi_gross_starvation_risk,phi_gross_congestion_risk,phi_net_starvation_shortfall,phi_net_congestion_shortfall,phi_trailer_cannibalization,phi_global_onsite_backlog,phi_global_depot_backlog,phi_demand_weighted_depot_backlog,phi_demand_weighted_onsite_backlog,phi_fleet_broken_fraction,phi_depot_idle_fraction,phi_recoverable_starvation,phi_maintenance_urgency,phi_rush_hour_onsite_backlog,phi_fleet_failure_risk,phi_fleet_health_deficit,phi_fleet_low_health_fraction,phi_depot_bound_health_deficit,phi_onsite_health_deficit,phi_maintenance_restoration_value,phi_onsite_shortage_pressure,phi_depot_shortage_pressure,phi_current_station_onsite_shortage_pressure,phi_current_station_depot_shortage_pressure,phi_broken_cargo_distance_pressure,phi_late_broken_cargo_pressure,phi_repaired_idle_away_pressure,phi_depot_pipeline_pressure,phi_depot_queue_pickup_opportunity,phi_degradation_demand_exposure,phi_time_remaining_fraction,phi_functional_bikes_time_penalty,phi_reachable_imbalance_fraction,phi_recoverable_imbalance_fraction,phi_imbalance_hotspot_distance,phi_destination_starv_ratio,phi_destination_cong_ratio,phi_destination_onsite_fraction,phi_destination_depot_fraction,phi_destination_travel_penalty,phi_destination_roi_starvation,phi_cur_station_onsite_fraction,phi_cur_station_func_deficit,phi_functional_load_late_pressure,phi_depot_load_late_pressure,phi_non_depot_late_load_pressure,phi_late_depot_return,phi_depot_slack_fraction,phi_can_return_to_depot,phi_depot_return_urgency
47,7,6,8,D0,True,20,0,20,0,0,0,0,0,0,[],3.0,S65,3.15,20,0,20,0.0,,-0.462009,-5.734971,-6.19698,True,True,5,S65,False,2,0.158,depot_passthrough,,,,,,,,,,,,,,,,,,,,,,,,,,,,,,,,,,,,,,,,,,,,,,,,,,,,,,,,,,,
47,7,6,29,S65,False,20,0,20,18,0,0,0,0,0,"['B575', 'B183', 'B612', 'B185', 'B357', 'B661', 'B305', 'B490', 'B755', 'B634', 'B127', 'B280', 'B22', 'B164', 'B688', 'B380', 'B725', 'B594']",12.0,S37,5.89,2,0,2,0.0,,-0.420754,-5.729026,-6.14978,False,False,18,S37,False,6,0.5294,delivery,,,,,,,,,,,,,,,,,,,,,,,,,,,,,,,,,,,,,,,,,,,,,,,,,,,,,,,,,,,
47,7,6,47,S37,False,2,0,2,0,18,0,0,0,0,"['B179', 'B411', 'B644', 'B576', 'B595', 'B62', 'B289', 'B696', 'B94', 'B480', 'B519', 'B589', 'B36', 'B241', 'B743', 'B237', 'B596', 'B177']",12.0,S61,2.04,20,0,20,0.0,,-0.248907,-5.739944,-5.98885,False,False,12,S61,False,8,0.4402,pickup,,,,,,,,,,,,,,,,,,,,,,,,,,,,,,,,,,,,,,,,,,,,,,,,,,,,,,,,,,,
47,7,7,1,S61,False,20,0,20,10,0,1,0,0,0,"['B145', 'B391', 'B179', 'B411', 'B644', 'B576', 'B595', 'B62', 'B289', 'B696']",11.0,S46,4.04,10,0,10,0.0,,-0.176911,-5.692032,-5.868944,True,True,108,S26,True,40,2.442,delivery+onsite,,,,,,,,,,,,,,,,,,,,,,,,,,,,,,,,,,,,,,,,,,,,,,,,,,,,,,,,,,,
47,7,7,16,S46,False,10,0,10,0,10,0,0,0,0,"['B50', 'B35', 'B654', 'B614', 'B714', 'B503', 'B153', 'B297', 'B47', 'B92']",8.0,S32,2.16,20,0,20,0.0,,-0.183218,-5.705779,-5.888997,False,False,12,S32,False,6,0.3411,pickup,,,,,,,,,,,,,,,,,,,,,,,,,,,,,,,,,,,,,,,,,,,,,,,,,,,,,,,,,,,
47,7,7,26,S32,False,20,0,20,15,0,0,0,0,0,"['B94', 'B480', 'B519', 'B589', 'B36', 'B241', 'B743', 'B237', 'B596', 'B177', 'B50', 'B35', 'B654', 'B614', 'B714']",10.5,S51,4.37,5,0,5,0.0,,-0.111973,-5.702302,-5.814275,True,False,30,S51,False,22,1.0278,delivery,,,,,,,,,,,,,,,,,,,,,,,,,,,,,,,,,,,,,,,,,,,,,,,,,,,,,,,,,,,
47,7,7,41,S51,False,5,0,5,5,0,0,0,0,0,"['B503', 'B153', 'B297', 'B47', 'B92']",5.5,S63,3.43,0,0,0,0.0,,-0.118523,-5.671982,-5.790504,False,False,12,S38,True,10,0.3016,delivery,,,,,,,,,,,,,,,,,,,,,,,,,,,,,,,,,,,,,,,,,,,,,,,,,,,,,,,,,,,
47,7,7,50,S63,False,0,0,0,0,14,0,0,0,0,"['B134', 'B72', 'B645', 'B112', 'B624', 'B166', 'B296', 'B138', 'B482', 'B384', 'B98', 'B643', 'B118', 'B551']",10.0,S26,7.98,14,0,14,0.0,,-0.112665,-5.658897,-5.771561,True,False,36,S39,True,14,1.0787,pickup,,,,,,,,,,,,,,,,,,,,,,,,,,,,,,,,,,,,,,,,,,,,,,,,,,,,,,,,,,,
47,7,8,8,S26,False,14,0,14,14,0,0,0,0,0,"['B134', 'B72', 'B645', 'B112', 'B624', 'B166', 'B296', 'B138', 'B482', 'B384', 'B98', 'B643', 'B118', 'B551']",10.0,S59,8.38,0,0,0,0.0,,-0.106042,-5.666669,-5.772711,False,False,12,S45,True,8,0.3437,delivery,,,,,,,,,,,,,,,,,,,,,,,,,,,,,,,,,,,,,,,,,,,,,,,,,,,,,,,,,,,
47,7,8,26,S59,False,0,0,0,0,20,0,0,0,0,"['B760', 'B216', 'B9', 'B502', 'B633', 'B462', 'B51', 'B547', 'B260', 'B148', 'B757', 'B211', 'B708', 'B340', 'B223', 'B618', 'B510', 'B63', 'B709', 'B408']",13.0,S14,10.5,20,0,20,0.0,,-0.111853,-5.644545,-5.756398,False,False,12,S27,True,10,0.5155,pickup,,,,,,,,,,,,,,,,,,,,,,,,,,,,,,,,,,,,,,,,,,,,,,,,,,,,,,,,,,,
47,7,8,49,S14,False,20,0,20,7,0,0,0,0,0,"['B760', 'B216', 'B9', 'B502', 'B633', 'B462', 'B51']",6.5,S27,6.81,13,0,13,0.0,,-0.112303,-5.603374,-5.715677,True,False,90,S24,True,56,2.2184,delivery,,,,,,,,,,,,,,,,,,,,,,,,,,,,,,,,,,,,,,,,,,,,,,,,,,,,,,,,,,,
47,7,9,3,S27,False,13,0,13,13,0,0,0,0,0,"['B547', 'B260', 'B148', 'B757', 'B211', 'B708', 'B340', 'B223', 'B618', 'B510', 'B63', 'B709', 'B408']",9.5,S38,5.35,0,0,0,0.0,,-0.100111,-5.58749,-5.687601,True,False,24,S38,True,16,0.7259,delivery,,,,,,,,,,,,,,,,,,,,,,,,,,,,,,,,,,,,,,,,,,,,,,,,,,,,,,,,,,,
47,7,9,18,S38,False,0,0,0,0,11,0,0,0,0,"['B604', 'B174', 'B349', 'B203', 'B171', 'B135', 'B116', 'B65', 'B727', 'B616', 'B651']",8.5,S22,6.7,11,0,11,0.0,,-0.177167,-5.604132,-5.781299,False,False,18,S62,True,7,0.478,pickup,,,,,,,,,,,,,,,,,,,,,,,,,,,,,,,,,,,,,,,,,,,,,,,,,,,,,,,,,,,
47,7,9,33,S22,False,11,0,11,11,0,0,0,0,0,"['B604', 'B174', 'B349', 'B203', 'B171', 'B135', 'B116', 'B65', 'B727', 'B616', 'B651']",8.5,S39,5.77,0,0,0,0.0,,-0.148091,-5.612197,-5.760287,False,False,12,S62,True,9,0.4203,delivery,,,,,,,,,,,,,,,,,,,,,,,,,,,,,,,,,,,,,,,,,,,,,,,,,,,,,,,,,,,
47,7,9,47,S39,False,0,0,0,0,16,0,0,0,0,"['B474', 'B367', 'B592', 'B233', 'B637', 'B538', 'B486', 'B750', 'B638', 'B421', 'B226', 'B373', 'B109', 'B599', 'B499', 'B381']",11.0,S61,3.98,16,0,16,0.0,,-0.224818,-5.611612,-5.83643,True,False,36,S37,True,13,1.2323,pickup,,,,,,,,,,,,,,,,,,,,,,,,,,,,,,,,,,,,,,,,,,,,,,,,,,,,,,,,,,,
47,7,10,2,S61,False,16,0,16,11,0,0,2,0,0,"['B629', 'B556', 'B474', 'B367', 'B592', 'B233', 'B637', 'B538', 'B486', 'B750', 'B638', 'B421', 'B226']",9.5,S62,2.06,5,2,7,0.0,,-0.237073,-5.666854,-5.903927,True,True,72,S55,True,60,2.0291,delivery+depot_removal,,,,,,,,,,,,,,,,,,,,,,,,,,,,,,,,,,,,,,,,,,,,,,,,,,,,,,,,,,,
47,7,10,14,S62,False,5,2,7,0,13,0,0,0,0,"['B658', 'B32', 'B17', 'B199', 'B686', 'B366', 'B719', 'B347', 'B406', 'B544', 'B246', 'B395', 'B60']",9.5,S51,5.81,18,2,20,0.0,,-0.212788,-5.666837,-5.879626,False,False,12,S51,False,8,0.3407,pickup,,,,,,,,,,,,,,,,,,,,,,,,,,,,,,,,,,,,,,,,,,,,,,,,,,,,,,,,,,,
47,7,10,29,S51,False,18,2,20,13,0,0,0,0,0,"['B373', 'B109', 'B599', 'B499', 'B381', 'B658', 'B32', 'B17', 'B199', 'B686', 'B366', 'B719', 'B347']",9.5,S45,4.13,5,2,7,0.0,,-0.077117,-5.681589,-5.758705,False,False,18,S15,True,15,0.5711,delivery,,,,,,,,,,,,,,,,,,,,,,,,,,,,,,,,,,,,,,,,,,,,,,,,,,,,,,,,,,,
47,7,10,43,S45,False,5,2,7,0,7,0,0,0,0,"['B435', 'B362', 'B566', 'B627', 'B189', 'B685', 'B240']",6.5,S15,4.47,12,2,14,0.0,,-0.218795,-5.714578,-5.933373,False,False,18,S56,True,9,0.5573,pickup,,,,,,,,,,,,,,,,,,,,,,,,,,,,,,,,,,,,,,,,,,,,,,,,,,,,,,,,,,,
47,7,10,54,S15,False,12,2,14,12,0,0,0,0,0,"['B406', 'B544', 'B246', 'B395', 'B60', 'B435', 'B362', 'B566', 'B627', 'B189', 'B685', 'B240']",9.0,S48,9.05,0,2,2,0.0,,-0.271088,-5.707334,-5.978422,False,False,12,S48,False,9,0.3658,delivery,,,,,,,,,,,,,,,,,,,,,,,,,,,,,,,,,,,,,,,,,,,,,,,,,,,,,,,,,,,
47,7,11,12,S48,False,0,2,2,0,11,0,0,0,0,"['B515', 'B209', 'B588', 'B141', 'B169', 'B496', 'B623', 'B89', 'B476', 'B193', 'B426']",8.5,S29,7.68,11,2,13,0.0,,-0.278177,-5.715522,-5.993699,False,False,18,S52,True,6,0.4303,pickup,,,,,,,,,,,,,,,,,,,,,,,,,,,,,,,,,,,,,,,,,,,,,,,,,,,,,,,,,,,
47,7,11,28,S29,False,11,2,13,11,0,0,0,0,0,"['B515', 'B209', 'B588', 'B141', 'B169', 'B496', 'B623', 'B89', 'B476', 'B193', 'B426']",8.5,S52,5.05,0,2,2,0.0,,-0.135777,-5.714438,-5.850215,False,False,12,S11,True,9,0.3532,delivery,,,,,,,,,,,,,,,,,,,,,,,,,,,,,,,,,,,,,,,,,,,,,,,,,,,,,,,,,,,
47,7,11,41,S52,False,0,2,2,0,10,0,0,0,0,"['B34', 'B441', 'B555', 'B726', 'B670', 'B371', 'B341', 'B475', 'B735', 'B256']",8.0,S50,6.29,10,2,12,0.0,,-0.236965,-5.726311,-5.963276,False,False,18,S11,True,13,0.593,pickup,,,,,,,,,,,,,,,,,,,,,,,,,,,,,,,,,,,,,,,,,,,,,,,,,,,,,,,,,,,
47,7,11,56,S50,False,10,2,12,10,0,0,0,0,0,"['B34', 'B441', 'B555', 'B726', 'B670', 'B371', 'B341', 'B475', 'B735', 'B256']",8.0,S11,3.14,0,2,2,0.0,,-0.135688,-5.748735,-5.884422,False,False,12,S11,False,7,0.4401,delivery,,,,,,,,,,,,,,,,,,,,,,,,,,,,,,,,,,,,,,,,,,,,,,,,,,,,,,,,,,,
47,7,12,7,S11,False,0,2,2,0,7,0,0,0,0,"['B429', 'B374', 'B729', 'B19', 'B243', 'B74', 'B163']",6.5,S29,4.25,7,2,9,0.0,,-0.112319,-5.720899,-5.833219,False,False,18,S1,True,7,0.7843,pickup,,,,,,,,,,,,,,,,,,,,,,,,,,,,,,,,,,,,,,,,,,,,,,,,,,,,,,,,,,,
47,7,12,17,S29,False,7,2,9,7,0,0,0,0,0,"['B429', 'B374', 'B729', 'B19', 'B243', 'B74', 'B163']",6.5,S61,5.74,0,2,2,0.0,,-0.182603,-5.757759,-5.940362,False,False,12,S35,True,6,0.6014,delivery,,,,,,,,,,,,,,,,,,,,,,,,,,,,,,,,,,,,,,,,,,,,,,,,,,,,,,,,,,,
47,7,12,30,S61,False,0,2,2,0,9,0,0,0,0,"['B645', 'B268', 'B271', 'B112', 'B454', 'B22', 'B624', 'B759', 'B619']",7.5,S46,4.04,9,2,11,0.0,,-0.272278,-5.75928,-6.031558,True,False,36,S18,True,24,1.1384,pickup,,,,,,,,,,,,,,,,,,,,,,,,,,,,,,,,,,,,,,,,,,,,,,,,,,,,,,,,,,,
47,7,12,41,S46,False,9,2,11,9,0,0,0,0,0,"['B645', 'B268', 'B271', 'B112', 'B454', 'B22', 'B624', 'B759', 'B619']",7.5,S51,3.14,0,2,2,0.0,,-0.112093,-5.752161,-5.864254,False,False,12,S18,True,8,0.5347,delivery,,,,,,,,,,,,,,,,,,,,,,,,,,,,,,,,,,,,,,,,,,,,,,,,,,,,,,,,,,,
47,7,12,52,S51,False,0,2,2,0,14,0,0,0,0,"['B214', 'B713', 'B609', 'B61', 'B31', 'B83', 'B676', 'B237', 'B188', 'B749', 'B453', 'B601', 'B406', 'B747']",10.0,S17,13.23,14,2,16,0.0,,-0.165,-5.746119,-5.911118,True,False,36,S18,True,13,1.2544,pickup,,,,,,,,,,,,,,,,,,,,,,,,,,,,,,,,,,,,,,,,,,,,,,,,,,,,,,,,,,,
47,7,13,15,S17,False,14,2,16,14,0,0,0,0,0,"['B214', 'B713', 'B609', 'B61', 'B31', 'B83', 'B676', 'B237', 'B188', 'B749', 'B453', 'B601', 'B406', 'B747']",10.0,S30,7.68,0,2,2,0.0,,-0.229955,-5.773951,-6.003905,False,False,12,S30,False,6,0.6165,delivery,,,,,,,,,,,,,,,,,,,,,,,,,,,,,,,,,,,,,,,,,,,,,,,,,,,,,,,,,,,
47,7,13,33,S30,False,0,2,2,0,9,0,0,0,0,"['B80', 'B595', 'B505', 'B84', 'B46', 'B660', 'B458', 'B717', 'B665']",7.5,S57,9.94,9,2,11,0.0,,-0.260247,-5.773019,-6.033266,True,False,72,S53,True,48,2.2998,pickup,,,,,,,,,,,,,,,,,,,,,,,,,,,,,,,,,,,,,,,,,,,,,,,,,,,,,,,,,,,
47,7,13,50,S57,False,9,2,11,9,0,0,2,0,0,"['B451', 'B438', 'B80', 'B595', 'B505', 'B84', 'B46', 'B660', 'B458', 'B717', 'B665']",8.5,S62,5.43,0,4,4,0.0,,-0.449303,-5.787487,-6.23679,True,True,36,S62,True,31,1.2476,delivery+depot_removal,,,,,,,,,,,,,,,,,,,,,,,,,,,,,,,,,,,,,,,,,,,,,,,,,,,,,,,,,,,
47,7,14,4,S62,False,0,4,4,0,16,0,0,0,0,"['B309', 'B615', 'B612', 'B693', 'B580', 'B120', 'B12', 'B365', 'B146', 'B565', 'B114', 'B696', 'B698', 'B666', 'B167', 'B104']",11.0,S34,2.8,16,4,20,0.0,,-0.378284,-5.766784,-6.145068,False,False,12,S53,True,6,0.3593,pickup,,,,,,,,,,,,,,,,,,,,,,,,,,,,,,,,,,,,,,,,,,,,,,,,,,,,,,,,,,,
47,7,14,18,S34,False,16,4,20,16,0,0,0,0,0,"['B309', 'B615', 'B612', 'B693', 'B580', 'B120', 'B12', 'B365', 'B146', 'B565', 'B114', 'B696', 'B698', 'B666', 'B167', 'B104']",11.0,S12,10.17,0,4,4,0.0,,-0.538583,-5.769996,-6.308579,False,False,12,S53,True,9,0.4523,delivery,,,,,,,,,,,,,,,,,,,,,,,,,,,,,,,,,,,,,,,,,,,,,,,,,,,,,,,,,,,
47,7,14,39,S12,False,0,4,4,0,16,0,0,0,0,"['B25', 'B422', 'B174', 'B298', 'B145', 'B704', 'B644', 'B464', 'B576', 'B299', 'B611', 'B172', 'B208', 'B511', 'B206', 'B634']",11.0,S35,9.87,16,4,20,0.0,,-0.62808,-5.795186,-6.423266,True,False,18,S53,True,14,0.6011,pickup,,,,,,,,,,,,,,,,,,,,,,,,,,,,,,,,,,,,,,,,,,,,,,,,,,,,,,,,,,,
47,7,15,0,S35,False,16,4,20,16,0,0,0,0,0,"['B25', 'B422', 'B174', 'B298', 'B145', 'B704', 'B644', 'B464', 'B576', 'B299', 'B611', 'B172', 'B208', 'B511', 'B206', 'B634']",11.0,S31,8.41,0,4,4,0.0,,-0.727424,-5.797995,-6.525419,True,False,42,S42,True,6,1.0158,delivery,,,,,,,,,,,,,,,,,,,,,,,,,,,,,,,,,,,,,,,,,,,,,,,,,,,,,,,,,,,
47,7,15,19,S31,False,0,4,4,0,16,0,0,0,0,"['B547', 'B739', 'B631', 'B443', 'B310', 'B29', 'B415', 'B211', 'B166', 'B416', 'B596', 'B654', 'B503', 'B232', 'B614', 'B582']",11.0,S16,3.96,16,4,20,0.0,,-0.395825,-5.734129,-6.129954,False,False,12,S53,True,10,0.4794,pickup,,,,,,,,,,,,,,,,,,,,,,,,,,,,,,,,,,,,,,,,,,,,,,,,,,,,,,,,,,,
47,7,15,34,S16,False,16,4,20,8,0,0,0,0,0,"['B547', 'B739', 'B631', 'B443', 'B310', 'B29', 'B415', 'B211']",7.0,S50,6.69,8,4,12,0.0,,-0.342931,-5.718082,-6.061013,True,False,66,S29,True,10,1.5044,delivery,,,,,,,,,,,,,,,,,,,,,,,,,,,,,,,,,,,,,,,,,,,,,,,,,,,,,,,,,,,
47,7,15,48,S50,False,8,4,12,0,0,0,0,0,0,[],3.0,S15,4.47,8,4,12,0.0,,-0.343804,-5.723039,-6.066843,False,False,12,S66,True,4,0.3587,do_nothing,,,,,,,,,,,,,,,,,,,,,,,,,,,,,,,,,,,,,,,,,,,,,,,,,,,,,,,,,,,
47,7,15,56,S15,False,8,4,12,8,0,0,0,0,0,"['B166', 'B416', 'B596', 'B654', 'B503', 'B232', 'B614', 'B582']",7.0,S66,3.2,0,4,4,0.0,,-0.367082,-5.724383,-6.091465,False,False,12,S66,False,6,0.3475,delivery,,,,,,,,,,,,,,,,,,,,,,,,,,,,,,,,,,,,,,,,,,,,,,,,,,,,,,,,,,,
47,7,16,6,S66,False,0,4,4,0,10,0,0,0,0,"['B384', 'B200', 'B410', 'B563', 'B512', 'B622', 'B444', 'B337', 'B758', 'B182']",8.0,S29,6.29,10,4,14,0.0,,-0.367172,-5.700368,-6.067539,True,False,36,S48,True,26,1.0307,pickup,,,,,,,,,,,,,,,,,,,,,,,,,,,,,,,,,,,,,,,,,,,,,,,,,,,,,,,,,,,
47,7,16,20,S29,False,10,4,14,10,0,0,0,0,0,"['B384', 'B200', 'B410', 'B563', 'B512', 'B622', 'B444', 'B337', 'B758', 'B182']",8.0,S48,7.68,0,4,4,0.0,,-0.189437,-5.655289,-5.844726,False,False,12,S48,False,9,0.3709,delivery,,,,,,,,,,,,,,,,,,,,,,,,,,,,,,,,,,,,,,,,,,,,,,,,,,,,,,,,,,,
47,7,16,36,S48,False,0,4,4,0,9,0,0,0,0,"['B28', 'B123', 'B516', 'B280', 'B68', 'B673', 'B433', 'B57', 'B175']",7.5,S26,11.62,9,4,13,0.0,,-0.308318,-5.674349,-5.982667,False,False,18,S12,True,14,0.5953,pickup,,,,,,,,,,,,,,,,,,,,,,,,,,,,,,,,,,,,,,,,,,,,,,,,,,,,,,,,,,,
47,7,16,55,S26,False,9,4,13,0,0,0,0,0,0,[],3.0,S54,5.73,9,4,13,0.0,,-0.194964,-5.682371,-5.877335,False,False,12,S51,True,1,0.4427,do_nothing,,,,,,,,,,,,,,,,,,,,,,,,,,,,,,,,,,,,,,,,,,,,,,,,,,,,,,,,,,,
47,7,17,4,S54,False,9,4,13,9,0,1,0,0,0,"['B28', 'B123', 'B516', 'B280', 'B68', 'B673', 'B433', 'B57', 'B175']",10.5,S51,6.18,0,4,4,0.0,,-0.153303,-5.618854,-5.772157,True,True,36,S10,True,18,1.1513,delivery+onsite,,,,,,,,,,,,,,,,,,,,,,,,,,,,,,,,,,,,,,,,,,,,,,,,,,,,,,,,,,,
47,7,17,20,S51,False,0,4,4,0,10,1,0,0,0,"['B573', 'B147', 'B369', 'B7', 'B187', 'B102', 'B110', 'B125', 'B571', 'B74']",11.0,S11,10.98,10,4,14,0.0,,-0.189437,-5.650432,-5.839869,True,True,36,S31,True,33,1.2679,pickup+onsite,,,,,,,,,,,,,,,,,,,,,,,,,,,,,,,,,,,,,,,,,,,,,,,,,,,,,,,,,,,
47,7,17,42,S11,False,10,4,14,10,0,0,0,0,0,"['B573', 'B147', 'B369', 'B7', 'B187', 'B102', 'B110', 'B125', 'B571', 'B74']",8.0,S60,11.46,0,4,4,0.0,,-0.065298,-5.604644,-5.669942,False,False,12,S12,True,9,0.4977,delivery,,,,,,,,,,,,,,,,,,,,,,,,,,,,,,,,,,,,,,,,,,,,,,,,,,,,,,,,,,,
47,7,18,2,S60,False,0,4,4,0,16,0,0,0,0,"['B674', 'B168', 'B227', 'B10', 'B103', 'B577', 'B215', 'B584', 'B122', 'B351', 'B759', 'B538', 'B205', 'B207', 'B520', 'B247']",11.0,S39,2.89,16,4,20,0.0,,-0.135493,-5.630961,-5.766454,False,False,18,S40,True,6,0.755,pickup,,,,,,,,,,,,,,,,,,,,,,,,,,,,,,,,,,,,,,,,,,,,,,,,,,,,,,,,,,,
47,7,18,16,S39,False,16,4,20,16,0,1,0,0,0,"['B674', 'B168', 'B227', 'B10', 'B103', 'B577', 'B215', 'B584', 'B122', 'B351', 'B759', 'B538', 'B205', 'B207', 'B520', 'B247']",14.0,S9,9.86,0,4,4,0.0,,-0.100771,-5.593086,-5.693856,True,True,24,S61,True,22,0.7963,delivery+onsite,,,,,,,,,,,,,,,,,,,,,,,,,,,,,,,,,,,,,,,,,,,,,,,,,,,,,,,,,,,
47,7,18,39,S9,False,0,4,4,0,7,0,0,0,0,"['B230', 'B196', 'B414', 'B664', 'B436', 'B325', 'B154']",6.5,S42,12.03,7,4,11,0.0,,-0.077087,-5.569689,-5.646776,False,False,18,S48,True,9,0.5,pickup,,,,,,,,,,,,,,,,,,,,,,,,,,,,,,,,,,,,,,,,,,,,,,,,,,,,,,,,,,,
47,7,18,58,S42,False,7,4,11,7,0,0,0,0,0,"['B230', 'B196', 'B414', 'B664', 'B436', 'B325', 'B154']",6.5,S48,9.36,0,4,4,0.0,,-0.053374,-5.555365,-5.608739,False,False,12,S48,False,7,0.2764,delivery,,,,,,,,,,,,,,,,,,,,,,,,,,,,,,,,,,,,,,,,,,,,,,,,,,,,,,,,,,,
47,7,19,14,S48,False,0,4,4,0,16,0,0,0,0,"['B518', 'B604', 'B605', 'B362', 'B757', 'B418', 'B600', 'B702', 'B29', 'B84', 'B157', 'B126', 'B558', 'B324', 'B415', 'B281']",11.0,S43,3.81,16,4,20,0.0,,-0.047322,-5.532323,-5.579645,False,False,12,S51,True,8,0.5626,pickup,,,,,,,,,,,,,,,,,,,,,,,,,,,,,,,,,,,,,,,,,,,,,,,,,,,,,,,,,,,
47,7,19,29,S43,False,16,4,20,0,0,0,0,0,0,[],3.0,S14,9.23,16,4,20,0.0,,-0.088921,-5.557865,-5.646785,False,False,14,S14,False,1,0.5966,do_nothing,,,,,,,,,,,,,,,,,,,,,,,,,,,,,,,,,,,,,,,,,,,,,,,,,,,,,,,,,,,
47,7,19,41,S14,False,16,4,20,8,0,0,0,0,0,"['B518', 'B604', 'B605', 'B362', 'B757', 'B418', 'B600', 'B702']",7.0,D0,4.04,8,4,12,0.0,,-0.065059,-5.571778,-5.636836,True,False,15,D0,False,3,0.444,delivery,,,,,,,,,,,,,,,,,,,,,,,,,,,,,,,,,,,,,,,,,,,,,,,,,,,,,,,,,,,
47,7,19,52,D0,True,8,4,12,4,0,0,0,4,12,"['B695', 'B311', 'B467', 'B137', 'B419', 'B657', 'B731', 'B730', 'B437', 'B303', 'B20', 'B128', 'B629', 'B556', 'B451', 'B438']",13.0,D0,0.0,16,0,16,0.0,,-0.082434,-5.577468,-5.659902,True,True,1,D0,False,0,0.0306,do_nothing,,,,,,,,,,,,,,,,,,,,,,,,,,,,,,,,,,,,,,,,,,,,,,,,,,,,,,,,,,,
47,8,6,14,D0,True,20,0,20,0,0,0,0,0,0,[],3.0,S65,3.15,20,0,20,0.0,,-0.656336,-5.778732,-6.435068,True,True,5,S62,True,2,0.1363,depot_passthrough,,,,,,,,,,,,,,,,,,,,,,,,,,,,,,,,,,,,,,,,,,,,,,,,,,,,,,,,,,,
47,8,6,35,S65,False,20,0,20,20,0,0,0,0,0,"['B29', 'B84', 'B157', 'B126', 'B558', 'B324', 'B415', 'B281', 'B695', 'B311', 'B467', 'B137', 'B419', 'B657', 'B731', 'B730', 'B437', 'B303', 'B20', 'B128']",13.0,S54,8.42,0,0,0,0.0,,-0.632612,-5.761927,-6.39454,False,False,12,S41,True,9,0.5383,delivery,,,,,,,,,,,,,,,,,,,,,,,,,,,,,,,,,,,,,,,,,,,,,,,,,,,,,,,,,,,
47,8,6,56,S54,False,0,0,0,0,13,0,0,0,0,"['B626', 'B11', 'B448', 'B99', 'B17', 'B410', 'B79', 'B693', 'B495', 'B396', 'B100', 'B385', 'B588']",9.5,S33,3.1,13,0,13,0.0,,-0.4743,-5.828405,-6.302705,True,False,108,S33,True,73,3.4714,pickup,,,,,,,,,,,,,,,,,,,,,,,,,,,,,,,,,,,,,,,,,,,,,,,,,,,,,,,,,,,
47,8,7,9,S33,False,13,0,13,0,7,0,0,0,0,"['B656', 'B732', 'B173', 'B407', 'B363', 'B5', 'B515']",6.5,S62,0.92,20,0,20,0.0,,-0.331519,-5.781582,-6.113101,False,False,12,S62,False,6,0.7661,pickup,,,,,,,,,,,,,,,,,,,,,,,,,,,,,,,,,,,,,,,,,,,,,,,,,,,,,,,,,,,
47,8,7,16,S62,False,20,0,20,19,0,0,0,0,0,"['B626', 'B11', 'B448', 'B99', 'B17', 'B410', 'B79', 'B693', 'B495', 'B396', 'B100', 'B385', 'B588', 'B656', 'B732', 'B173', 'B407', 'B363', 'B5']",12.5,S36,5.06,1,0,1,0.0,,-0.313981,-5.733658,-6.04764,False,False,18,S66,True,7,0.6299,delivery,,,,,,,,,,,,,,,,,,,,,,,,,,,,,,,,,,,,,,,,,,,,,,,,,,,,,,,,,,,
47,8,7,34,S36,False,1,0,1,0,17,0,0,0,0,"['B513', 'B413', 'B282', 'B334', 'B360', 'B366', 'B307', 'B189', 'B514', 'B409', 'B751', 'B670', 'B434', 'B527', 'B618', 'B576', 'B277']",11.5,S48,1.72,18,0,18,0.0,,-0.189014,-5.741715,-5.930729,False,False,18,S48,True,12,0.7725,pickup,,,,,,,,,,,,,,,,,,,,,,,,,,,,,,,,,,,,,,,,,,,,,,,,,,,,,,,,,,,
47,8,7,47,S48,False,18,0,18,13,0,0,0,0,0,"['B515', 'B513', 'B413', 'B282', 'B334', 'B360', 'B366', 'B307', 'B189', 'B514', 'B409', 'B751', 'B670']",9.5,S44,4.46,5,0,5,0.0,,-0.171385,-5.720953,-5.892338,False,False,18,S41,True,16,0.6898,delivery,,,,,,,,,,,,,,,,,,,,,,,,,,,,,,,,,,,,,,,,,,,,,,,,,,,,,,,,,,,
47,8,8,1,S44,False,5,0,5,0,12,0,0,0,0,"['B652', 'B387', 'B602', 'B338', 'B575', 'B167', 'B42', 'B744', 'B104', 'B456', 'B269', 'B177']",9.0,S16,0.23,17,0,17,0.0,,-0.153439,-5.739989,-5.893428,False,False,18,S16,False,12,0.7655,pickup,,,,,,,,,,,,,,,,,,,,,,,,,,,,,,,,,,,,,,,,,,,,,,,,,,,,,,,,,,,
47,8,8,10,S16,False,17,0,17,7,0,0,4,0,0,"['B71', 'B191', 'B706', 'B718', 'B434', 'B527', 'B618', 'B576', 'B277', 'B652', 'B387']",8.5,S22,8.42,10,4,14,0.0,,-0.141919,-5.745744,-5.887664,True,True,84,S43,True,81,2.4224,delivery+depot_removal,,,,,,,,,,,,,,,,,,,,,,,,,,,,,,,,,,,,,,,,,,,,,,,,,,,,,,,,,,,
47,8,8,27,S22,False,10,4,14,10,0,0,0,0,0,"['B602', 'B338', 'B575', 'B167', 'B42', 'B744', 'B104', 'B456', 'B269', 'B177']",8.0,S18,5.73,0,4,4,0.0,,-0.241548,-5.7353,-5.976849,True,False,24,S18,False,13,0.7249,delivery,,,,,,,,,,,,,,,,,,,,,,,,,,,,,,,,,,,,,,,,,,,,,,,,,,,,,,,,,,,
47,8,8,41,S18,False,0,4,4,0,14,0,0,0,0,"['B144', 'B231', 'B689', 'B720', 'B422', 'B345', 'B97', 'B330', 'B69', 'B539', 'B638', 'B116', 'B90', 'B394']",10.0,S61,1.44,14,4,18,0.0,,-0.271419,-5.767165,-6.038583,True,False,36,S59,True,15,1.1195,pickup,,,,,,,,,,,,,,,,,,,,,,,,,,,,,,,,,,,,,,,,,,,,,,,,,,,,,,,,,,,
47,8,8,53,S61,False,14,4,18,9,0,0,0,0,0,"['B144', 'B231', 'B689', 'B720', 'B422', 'B345', 'B97', 'B330', 'B69']",7.5,S40,2.69,5,4,9,0.0,,-0.28914,-5.779358,-6.068498,True,False,54,S58,True,20,1.7447,delivery,,,,,,,,,,,,,,,,,,,,,,,,,,,,,,,,,,,,,,,,,,,,,,,,,,,,,,,,,,,
47,8,9,3,S40,False,5,4,9,0,3,0,0,0,0,"['B41', 'B114', 'B681']",4.5,S50,4.22,8,4,12,0.0,,-0.200848,-5.821331,-6.022179,False,False,18,S66,True,13,0.5502,pickup,,,,,,,,,,,,,,,,,,,,,,,,,,,,,,,,,,,,,,,,,,,,,,,,,,,,,,,,,,,
47,8,9,11,S50,False,8,4,12,8,0,0,0,0,0,"['B539', 'B638', 'B116', 'B90', 'B394', 'B41', 'B114', 'B681']",7.0,S39,10.68,0,4,4,0.0,,-0.278116,-5.798631,-6.076747,False,False,12,S52,True,6,0.4688,delivery,,,,,,,,,,,,,,,,,,,,,,,,,,,,,,,,,,,,,,,,,,,,,,,,,,,,,,,,,,,
47,8,9,29,S39,False,0,4,4,0,16,0,0,0,0,"['B207', 'B520', 'B247', 'B365', 'B98', 'B109', 'B255', 'B148', 'B491', 'B252', 'B236', 'B381', 'B411', 'B150', 'B683', 'B674']",11.0,S63,5.24,16,4,20,0.0,,-0.195489,-5.793802,-5.989291,True,False,18,S52,True,13,0.8584,pickup,,,,,,,,,,,,,,,,,,,,,,,,,,,,,,,,,,,,,,,,,,,,,,,,,,,,,,,,,,,
47,8,9,45,S63,False,16,4,20,13,0,0,0,0,0,"['B207', 'B520', 'B247', 'B365', 'B98', 'B109', 'B255', 'B148', 'B491', 'B252', 'B236', 'B381', 'B411']",9.5,S52,1.26,3,4,7,0.0,,-0.248756,-5.774254,-6.02301,True,False,30,S66,True,19,1.4083,delivery,,,,,,,,,,,,,,,,,,,,,,,,,,,,,,,,,,,,,,,,,,,,,,,,,,,,,,,,,,,
47,8,9,56,S52,False,3,4,7,0,13,0,0,0,0,"['B151', 'B408', 'B616', 'B566', 'B612', 'B178', 'B367', 'B83', 'B606', 'B348', 'B558', 'B579', 'B133']",9.5,S66,3.13,16,4,20,0.0,,-0.147925,-5.750264,-5.89819,False,False,18,S66,True,8,0.9114,pickup,,,,,,,,,,,,,,,,,,,,,,,,,,,,,,,,,,,,,,,,,,,,,,,,,,,,,,,,,,,
47,8,10,9,S66,False,16,4,20,9,0,0,0,0,0,"['B150', 'B683', 'B674', 'B151', 'B408', 'B616', 'B566', 'B612', 'B178']",7.5,S41,1.41,7,4,11,0.0,,-0.195188,-5.741525,-5.936712,True,False,30,S41,False,10,1.0312,delivery,,,,,,,,,,,,,,,,,,,,,,,,,,,,,,,,,,,,,,,,,,,,,,,,,,,,,,,,,,,
47,8,10,18,S41,False,7,4,11,7,0,1,0,0,0,"['B367', 'B83', 'B606', 'B348', 'B558', 'B579', 'B133']",9.5,S32,7.65,0,4,4,0.0,,-0.18969,-5.760362,-5.950052,True,True,48,S32,False,38,1.4623,delivery+onsite,,,,,,,,,,,,,,,,,,,,,,,,,,,,,,,,,,,,,,,,,,,,,,,,,,,,,,,,,,,
47,8,10,35,S32,False,0,4,4,0,13,0,0,0,0,"['B480', 'B447', 'B714', 'B540', 'B243', 'B115', 'B222', 'B374', 'B19', 'B759', 'B544', 'B147', 'B620']",9.5,S26,7.72,13,4,17,0.0,,-0.141843,-5.796613,-5.938455,True,False,36,S26,False,24,1.3751,pickup,,,,,,,,,,,,,,,,,,,,,,,,,,,,,,,,,,,,,,,,,,,,,,,,,,,,,,,,,,,
47,8,10,52,S26,False,13,4,17,13,0,0,0,0,0,"['B480', 'B447', 'B714', 'B540', 'B243', 'B115', 'B222', 'B374', 'B19', 'B759', 'B544', 'B147', 'B620']",9.5,S10,4.67,0,4,4,0.0,,-0.153692,-5.763542,-5.917235,False,False,12,S51,True,6,0.5455,delivery,,,,,,,,,,,,,,,,,,,,,,,,,,,,,,,,,,,,,,,,,,,,,,,,,,,,,,,,,,,
47,8,11,6,S10,False,0,4,4,0,8,1,0,0,0,"['B172', 'B698', 'B666', 'B536', 'B302', 'B734', 'B23', 'B479']",10.0,S54,1.21,8,4,12,0.0,,-0.100455,-5.816035,-5.91649,True,True,36,S54,True,22,1.4355,pickup+onsite,,,,,,,,,,,,,,,,,,,,,,,,,,,,,,,,,,,,,,,,,,,,,,,,,,,,,,,,,,,
47,8,11,17,S54,False,8,4,12,0,8,0,0,0,0,"['B478', 'B443', 'B216', 'B319', 'B99', 'B502', 'B128', 'B690']",7.0,S58,5.62,16,4,20,0.0,,-0.076712,-5.799642,-5.876355,True,False,48,S1,True,36,1.3368,pickup,,,,,,,,,,,,,,,,,,,,,,,,,,,,,,,,,,,,,,,,,,,,,,,,,,,,,,,,,,,
47,8,11,30,S58,False,16,4,20,16,0,0,1,0,0,"['B375', 'B172', 'B698', 'B666', 'B536', 'B302', 'B734', 'B23', 'B479', 'B478', 'B443', 'B216', 'B319', 'B99', 'B502', 'B128', 'B690']",11.5,S44,1.79,0,5,5,0.0,,-0.106416,-5.814464,-5.920881,True,True,18,S30,True,15,0.5713,delivery+depot_removal,,,,,,,,,,,,,,,,,,,,,,,,,,,,,,,,,,,,,,,,,,,,,,,,,,,,,,,,,,,
47,8,11,43,S44,False,0,5,5,0,12,0,0,0,0,"['B723', 'B509', 'B575', 'B42', 'B434', 'B426', 'B339', 'B527', 'B476', 'B626', 'B94', 'B642']",9.0,S30,5.63,12,5,17,0.0,,-0.106071,-5.787159,-5.89323,False,False,18,S33,True,8,0.6202,pickup,,,,,,,,,,,,,,,,,,,,,,,,,,,,,,,,,,,,,,,,,,,,,,,,,,,,,,,,,,,
47,8,11,58,S30,False,12,5,17,8,0,0,0,0,0,"['B723', 'B509', 'B575', 'B42', 'B434', 'B426', 'B339', 'B527']",7.0,S47,1.18,4,5,9,0.0,,-0.070719,-5.803138,-5.873857,True,False,72,S47,False,27,2.0127,delivery,,,,,,,,,,,,,,,,,,,,,,,,,,,,,,,,,,,,,,,,,,,,,,,,,,,,,,,,,,,
47,8,12,6,S47,False,4,5,9,4,0,1,0,0,0,"['B476', 'B626', 'B94', 'B642']",8.0,S33,5.84,0,5,5,0.0,,-0.147493,-5.81037,-5.957862,True,True,24,S33,False,20,0.7342,delivery+onsite,,,,,,,,,,,,,,,,,,,,,,,,,,,,,,,,,,,,,,,,,,,,,,,,,,,,,,,,,,,
47,8,12,20,S33,False,0,5,5,0,12,0,0,0,0,"['B153', 'B496', 'B213', 'B704', 'B371', 'B57', 'B335', 'B436', 'B668', 'B63', 'B248', 'B416']",9.0,S24,8.48,12,5,17,0.0,,-0.135807,-5.804705,-5.940512,False,False,18,S55,True,15,0.5938,pickup,,,,,,,,,,,,,,,,,,,,,,,,,,,,,,,,,,,,,,,,,,,,,,,,,,,,,,,,,,,
47,8,12,37,S24,False,12,5,17,12,0,0,0,0,0,"['B153', 'B496', 'B213', 'B704', 'B371', 'B57', 'B335', 'B436', 'B668', 'B63', 'B248', 'B416']",9.0,S52,8.87,0,5,5,0.0,,-0.236578,-5.811485,-6.048062,False,False,12,S52,False,7,0.5103,delivery,,,,,,,,,,,,,,,,,,,,,,,,,,,,,,,,,,,,,,,,,,,,,,,,,,,,,,,,,,,
47,8,12,55,S52,False,0,5,5,0,11,0,0,0,0,"['B184', 'B726', 'B675', 'B410', 'B624', 'B464', 'B333', 'B337', 'B627', 'B368', 'B232']",8.5,S54,3.81,11,5,16,0.0,,-0.242211,-5.884546,-6.126756,False,False,18,S55,True,12,0.8347,pickup,,,,,,,,,,,,,,,,,,,,,,,,,,,,,,,,,,,,,,,,,,,,,,,,,,,,,,,,,,,
47,8,13,8,S54,False,11,5,16,11,0,1,0,0,0,"['B184', 'B726', 'B675', 'B410', 'B624', 'B464', 'B333', 'B337', 'B627', 'B368', 'B232']",11.5,S48,6.34,0,5,5,0.0,,-0.336446,-5.863286,-6.199732,True,True,72,S36,True,55,2.3979,delivery+onsite,,,,,,,,,,,,,,,,,,,,,,,,,,,,,,,,,,,,,,,,,,,,,,,,,,,,,,,,,,,
47,8,13,26,S48,False,0,5,5,0,9,1,0,0,0,"['B670', 'B96', 'B2', 'B249', 'B240', 'B266', 'B732', 'B585', 'B160']",10.5,S50,8.86,9,5,14,0.0,,-0.331624,-5.83697,-6.168593,True,True,36,S31,True,33,1.1112,pickup+onsite,,,,,,,,,,,,,,,,,,,,,,,,,,,,,,,,,,,,,,,,,,,,,,,,,,,,,,,,,,,
47,8,13,45,S50,False,9,5,14,9,0,0,0,0,0,"['B670', 'B96', 'B2', 'B249', 'B240', 'B266', 'B732', 'B585', 'B160']",7.5,S31,7.46,0,5,5,0.0,,-0.294395,-5.809384,-6.103779,False,False,12,S41,True,6,0.4123,delivery,,,,,,,,,,,,,,,,,,,,,,,,,,,,,,,,,,,,,,,,,,,,,,,,,,,,,,,,,,,
47,8,14,0,S31,False,0,5,5,0,15,0,0,0,0,"['B215', 'B754', 'B138', 'B1', 'B28', 'B521', 'B685', 'B211', 'B724', 'B126', 'B176', 'B615', 'B355', 'B194', 'B660']",10.5,S47,2.72,15,5,20,0.0,,-0.483846,-5.756025,-6.239871,True,False,18,S47,False,12,0.4967,pickup,,,,,,,,,,,,,,,,,,,,,,,,,,,,,,,,,,,,,,,,,,,,,,,,,,,,,,,,,,,
47,8,14,13,S47,False,15,5,20,14,0,0,0,0,0,"['B215', 'B754', 'B138', 'B1', 'B28', 'B521', 'B685', 'B211', 'B724', 'B126', 'B176', 'B615', 'B355', 'B194']",10.0,S66,2.81,1,5,6,0.0,,-0.519331,-5.729629,-6.24896,False,False,18,S26,True,9,0.5808,delivery,,,,,,,,,,,,,,,,,,,,,,,,,,,,,,,,,,,,,,,,,,,,,,,,,,,,,,,,,,,
47,8,14,26,S66,False,1,5,6,0,12,0,0,0,0,"['B295', 'B491', 'B540', 'B396', 'B243', 'B80', 'B454', 'B131', 'B359', 'B207', 'B299', 'B334']",9.0,S29,6.29,13,5,18,0.0,,-0.413731,-5.740201,-6.153932,True,False,30,S41,True,22,0.9701,pickup,,,,,,,,,,,,,,,,,,,,,,,,,,,,,,,,,,,,,,,,,,,,,,,,,,,,,,,,,,,
47,8,14,41,S29,False,13,5,18,13,0,0,0,0,0,"['B660', 'B295', 'B491', 'B540', 'B396', 'B243', 'B80', 'B454', 'B131', 'B359', 'B207', 'B299', 'B334']",9.5,S41,7.7,0,5,5,0.0,,-0.497077,-5.764126,-6.261203,True,False,24,S10,True,12,0.594,delivery,,,,,,,,,,,,,,,,,,,,,,,,,,,,,,,,,,,,,,,,,,,,,,,,,,,,,,,,,,,
47,8,14,58,S41,False,0,5,5,0,15,0,0,0,0,"['B172', 'B762', 'B270', 'B49', 'B148', 'B429', 'B476', 'B302', 'B626', 'B53', 'B94', 'B363', 'B166', 'B222', 'B399']",10.5,S43,5.33,15,5,20,0.0,,-0.313048,-5.77333,-6.086379,True,False,24,S43,False,18,0.9217,pickup,,,,,,,,,,,,,,,,,,,,,,,,,,,,,,,,,,,,,,,,,,,,,,,,,,,,,,,,,,,
47,8,15,14,S43,False,15,5,20,15,0,0,0,0,0,"['B172', 'B762', 'B270', 'B49', 'B148', 'B429', 'B476', 'B302', 'B626', 'B53', 'B94', 'B363', 'B166', 'B222', 'B399']",10.5,S51,3.12,0,5,5,0.0,,-0.194752,-5.738826,-5.933578,False,False,12,S12,True,7,0.3729,delivery,,,,,,,,,,,,,,,,,,,,,,,,,,,,,,,,,,,,,,,,,,,,,,,,,,,,,,,,,,,
47,8,15,28,S51,False,0,5,5,0,12,0,0,0,0,"['B425', 'B180', 'B725', 'B417', 'B21', 'B441', 'B201', 'B226', 'B140', 'B546', 'B404', 'B167']",9.0,S26,11.22,12,5,17,0.0,,-0.277409,-5.716806,-5.994215,False,False,18,S26,False,12,0.5362,pickup,,,,,,,,,,,,,,,,,,,,,,,,,,,,,,,,,,,,,,,,,,,,,,,,,,,,,,,,,,,
47,8,15,48,S26,False,12,5,17,12,0,0,0,0,0,"['B425', 'B180', 'B725', 'B417', 'B21', 'B441', 'B201', 'B226', 'B140', 'B546', 'B404', 'B167']",9.0,S60,6.85,0,5,5,0.0,,-0.354585,-5.715702,-6.070288,False,False,12,S47,True,6,0.3875,delivery,,,,,,,,,,,,,,,,,,,,,,,,,,,,,,,,,,,,,,,,,,,,,,,,,,,,,,,,,,,
47,8,16,4,S60,False,0,5,5,0,15,0,0,0,0,"['B385', 'B576', 'B382', 'B328', 'B117', 'B512', 'B182', 'B183', 'B667', 'B621', 'B478', 'B216', 'B741', 'B129', 'B737']",10.5,S35,9.21,15,5,20,0.0,,-0.301964,-5.717044,-6.019008,False,False,18,S66,True,8,0.8545,pickup,,,,,,,,,,,,,,,,,,,,,,,,,,,,,,,,,,,,,,,,,,,,,,,,,,,,,,,,,,,
47,8,16,24,S35,False,15,5,20,13,0,0,0,0,0,"['B385', 'B576', 'B382', 'B328', 'B117', 'B512', 'B182', 'B183', 'B667', 'B621', 'B478', 'B216', 'B741']",9.5,S31,8.41,2,5,7,0.0,,-0.326278,-5.698019,-6.024296,True,False,42,S54,True,8,1.2,delivery,,,,,,,,,,,,,,,,,,,,,,,,,,,,,,,,,,,,,,,,,,,,,,,,,,,,,,,,,,,
47,8,16,41,S31,False,2,5,7,0,13,0,0,0,0,"['B414', 'B7', 'B534', 'B761', 'B578', 'B313', 'B664', 'B61', 'B83', 'B291', 'B547', 'B672', 'B661']",9.5,S54,5.7,15,5,20,0.0,,-0.195398,-5.72599,-5.921388,True,False,18,S27,True,14,0.9588,pickup,,,,,,,,,,,,,,,,,,,,,,,,,,,,,,,,,,,,,,,,,,,,,,,,,,,,,,,,,,,
47,8,16,57,S54,False,15,5,20,0,0,0,0,0,0,[],3.0,S7,11.95,15,5,20,0.0,,-0.194783,-5.709304,-5.904086,True,False,42,S27,True,4,1.6706,do_nothing,,,,,,,,,,,,,,,,,,,,,,,,,,,,,,,,,,,,,,,,,,,,,,,,,,,,,,,,,,,
47,8,17,12,S7,False,15,5,20,13,0,0,0,0,0,"['B129', 'B737', 'B414', 'B7', 'B534', 'B761', 'B578', 'B313', 'B664', 'B61', 'B83', 'B291', 'B547']",9.5,S27,7.39,2,5,7,0.0,,-0.171326,-5.66939,-5.840716,True,False,36,S27,False,14,1.2878,delivery,,,,,,,,,,,,,,,,,,,,,,,,,,,,,,,,,,,,,,,,,,,,,,,,,,,,,,,,,,,
47,8,17,29,S27,False,2,5,7,2,0,1,1,0,0,"['B195', 'B672', 'B661']",7.5,S66,1.91,0,6,6,0.0,,-0.213041,-5.658322,-5.871364,True,True,48,S66,True,43,1.9991,delivery+maintenance,,,,,,,,,,,,,,,,,,,,,,,,,,,,,,,,,,,,,,,,,,,,,,,,,,,,,,,,,,,
47,8,17,38,S66,False,0,6,6,0,14,0,0,0,0,"['B241', 'B105', 'B648', 'B612', 'B339', 'B177', 'B526', 'B686', 'B210', 'B369', 'B595', 'B360', 'B609', 'B255']",10.0,S54,5.58,14,6,20,0.0,,-0.272981,-5.653303,-5.926284,True,False,18,S49,True,13,0.7888,pickup,,,,,,,,,,,,,,,,,,,,,,,,,,,,,,,,,,,,,,,,,,,,,,,,,,,,,,,,,,,
47,8,17,54,S54,False,14,6,20,14,0,0,0,0,0,"['B241', 'B105', 'B648', 'B612', 'B339', 'B177', 'B526', 'B686', 'B210', 'B369', 'B595', 'B360', 'B609', 'B255']",10.0,S47,8.4,0,6,6,0.0,,-0.183366,-5.675745,-5.859111,True,False,84,S52,True,50,2.3586,delivery,,,,,,,,,,,,,,,,,,,,,,,,,,,,,,,,,,,,,,,,,,,,,,,,,,,,,,,,,,,
47,8,18,12,S47,False,0,6,6,0,14,0,0,0,0,"['B47', 'B215', 'B754', 'B138', 'B1', 'B28', 'B521', 'B685', 'B211', 'B724', 'B126', 'B176', 'B615', 'B355']",10.0,S65,1.6,14,6,20,0.0,,-0.141813,-5.672768,-5.814581,False,False,12,S65,False,6,0.4776,pickup,,,,,,,,,,,,,,,,,,,,,,,,,,,,,,,,,,,,,,,,,,,,,,,,,,,,,,,,,,,
47,8,18,24,S65,False,14,6,20,13,0,0,0,0,0,"['B47', 'B215', 'B754', 'B138', 'B1', 'B28', 'B521', 'B685', 'B211', 'B724', 'B126', 'B176', 'B615']",9.5,S18,4.55,1,6,7,0.0,,-0.141918,-5.635935,-5.777853,False,False,18,S49,True,6,0.7459,delivery,,,,,,,,,,,,,,,,,,,,,,,,,,,,,,,,,,,,,,,,,,,,,,,,,,,,,,,,,,,
47,8,18,38,S18,False,1,6,7,0,13,0,0,0,0,"['B8', 'B670', 'B297', 'B765', 'B542', 'B152', 'B135', 'B681', 'B100', 'B570', 'B302', 'B642', 'B497']",9.5,S49,2.0,14,6,20,0.0,,-0.118626,-5.618689,-5.737316,True,False,18,S44,True,12,0.641,pickup,,,,,,,,,,,,,,,,,,,,,,,,,,,,,,,,,,,,,,,,,,,,,,,,,,,,,,,,,,,
47,8,18,49,S49,False,14,6,20,14,0,0,0,0,0,"['B355', 'B8', 'B670', 'B297', 'B765', 'B542', 'B152', 'B135', 'B681', 'B100', 'B570', 'B302', 'B642', 'B497']",10.0,S31,2.89,0,6,6,0.0,,-0.100111,-5.635008,-5.735119,False,False,18,S6,True,12,0.8006,delivery,,,,,,,,,,,,,,,,,,,,,,,,,,,,,,,,,,,,,,,,,,,,,,,,,,,,,,,,,,,
47,8,19,2,S31,False,0,6,6,0,14,0,0,0,0,"['B691', 'B544', 'B193', 'B156', 'B253', 'B103', 'B539', 'B120', 'B137', 'B677', 'B392', 'B348', 'B243', 'B585']",10.0,S38,3.31,14,6,20,0.0,,-0.094554,-5.590726,-5.68528,True,False,18,S51,True,12,0.763,pickup,,,,,,,,,,,,,,,,,,,,,,,,,,,,,,,,,,,,,,,,,,,,,,,,,,,,,,,,,,,
47,8,19,15,S38,False,14,6,20,14,0,0,0,0,0,"['B691', 'B544', 'B193', 'B156', 'B253', 'B103', 'B539', 'B120', 'B137', 'B677', 'B392', 'B348', 'B243', 'B585']",10.0,S51,5.47,0,6,6,0.0,,-0.077253,-5.582401,-5.659654,False,False,12,S27,True,7,0.6259,delivery,,,,,,,,,,,,,,,,,,,,,,,,,,,,,,,,,,,,,,,,,,,,,,,,,,,,,,,,,,,
47,8,19,31,S51,False,0,6,6,0,10,0,0,0,0,"['B693', 'B516', 'B654', 'B477', 'B93', 'B112', 'B720', 'B349', 'B548', 'B673']",8.0,S39,7.16,10,6,16,0.0,,-0.082809,-5.573551,-5.65636,False,False,14,S39,False,9,0.8292,pickup,,,,,,,,,,,,,,,,,,,,,,,,,,,,,,,,,,,,,,,,,,,,,,,,,,,,,,,,,,,
47,8,19,46,S39,False,10,6,16,10,0,0,0,0,0,"['B693', 'B516', 'B654', 'B477', 'B93', 'B112', 'B720', 'B349', 'B548', 'B673']",8.0,D0,3.37,0,6,6,0.0,,-0.082449,-5.563751,-5.6462,True,False,4,D0,False,2,0.1118,delivery,,,,,,,,,,,,,,,,,,,,,,,,,,,,,,,,,,,,,,,,,,,,,,,,,,,,,,,,,,,
47,8,19,57,D0,True,0,6,6,6,0,0,0,6,13,"['B701', 'B76', 'B597', 'B40', 'B218', 'B630', 'B326', 'B508', 'B483', 'B629', 'B556', 'B451', 'B438', 'B71', 'B191', 'B706', 'B718', 'B375', 'B195']",15.5,D0,0.0,7,0,7,0.0,,-0.035623,-5.579963,-5.615586,True,True,1,D0,False,0,0.0408,do_nothing,,,,,,,,,,,,,,,,,,,,,,,,,,,,,,,,,,,,,,,,,,,,,,,,,,,,,,,,,,,
47,9,6,4,D0,True,13,0,13,0,0,0,0,0,0,[],3.0,S40,0.66,13,0,13,0.0,,-0.614638,-5.692026,-6.306664,True,True,5,S40,False,3,0.1391,depot_passthrough,,,,,,,,,,,,,,,,,,,,,,,,,,,,,,,,,,,,,,,,,,,,,,,,,,,,,,,,,,,
47,9,6,22,S40,False,13,0,13,0,0,0,0,0,0,[],3.0,S66,3.42,13,0,13,0.0,,-0.551318,-5.735675,-6.286994,False,False,12,S3,True,2,0.5511,do_nothing,,,,,,,,,,,,,,,,,,,,,,,,,,,,,,,,,,,,,,,,,,,,,,,,,,,,,,,,,,,
47,9,6,29,S66,False,13,0,13,13,0,0,0,0,0,"['B701', 'B76', 'B597', 'B40', 'B218', 'B630', 'B326', 'B508', 'B483', 'B629', 'B556', 'B451', 'B438']",9.5,S38,3.69,0,0,0,0.0,,-0.415122,-5.696403,-6.111525,True,False,24,S38,False,16,0.759,delivery,,,,,,,,,,,,,,,,,,,,,,,,,,,,,,,,,,,,,,,,,,,,,,,,,,,,,,,,,,,
47,9,6,42,S38,False,0,0,0,0,13,0,0,0,0,"['B661', 'B691', 'B544', 'B193', 'B156', 'B253', 'B103', 'B539', 'B120', 'B137', 'B677', 'B392', 'B348']",9.5,S59,0.74,13,0,13,0.0,,-0.349498,-5.731493,-6.080991,False,False,18,S59,False,12,0.4663,pickup,,,,,,,,,,,,,,,,,,,,,,,,,,,,,,,,,,,,,,,,,,,,,,,,,,,,,,,,,,,
47,9,6,52,S59,False,13,0,13,0,7,0,0,0,0,"['B203', 'B290', 'B507', 'B81', 'B573', 'B102', 'B582']",6.5,S51,5.65,20,0,20,0.0,,-0.337936,-5.721547,-6.059483,False,False,12,S51,False,10,0.3712,pickup,,,,,,,,,,,,,,,,,,,,,,,,,,,,,,,,,,,,,,,,,,,,,,,,,,,,,,,,,,,
47,9,7,4,S51,False,20,0,20,15,0,0,0,0,0,"['B661', 'B691', 'B544', 'B193', 'B156', 'B253', 'B103', 'B539', 'B120', 'B137', 'B677', 'B392', 'B348', 'B203', 'B290']",10.5,S49,7.18,5,0,5,0.0,,-0.195203,-5.67867,-5.873873,False,False,18,S48,True,13,0.7651,delivery,,,,,,,,,,,,,,,,,,,,,,,,,,,,,,,,,,,,,,,,,,,,,,,,,,,,,,,,,,,
47,9,7,22,S49,False,5,0,5,0,15,0,0,0,0,"['B542', 'B152', 'B135', 'B681', 'B100', 'B570', 'B302', 'B642', 'B497', 'B738', 'B453', 'B133', 'B506', 'B420', 'B308']",10.5,S61,3.22,20,0,20,0.0,,-0.182813,-5.700268,-5.883081,False,False,12,S61,False,8,0.3751,pickup,,,,,,,,,,,,,,,,,,,,,,,,,,,,,,,,,,,,,,,,,,,,,,,,,,,,,,,,,,,
47,9,7,36,S61,False,20,0,20,11,0,0,0,0,0,"['B507', 'B81', 'B573', 'B102', 'B582', 'B542', 'B152', 'B135', 'B681', 'B100', 'B570']",8.5,S40,2.69,9,0,9,0.0,,-0.10083,-5.685173,-5.786003,True,False,54,S40,True,33,2.0577,delivery,,,,,,,,,,,,,,,,,,,,,,,,,,,,,,,,,,,,,,,,,,,,,,,,,,,,,,,,,,,
47,9,7,47,S40,False,9,0,9,9,0,0,0,0,0,"['B302', 'B642', 'B497', 'B738', 'B453', 'B133', 'B506', 'B420', 'B308']",7.5,S46,3.01,0,0,0,0.0,,-0.117935,-5.650552,-5.768487,False,False,12,S46,False,9,0.6323,delivery,,,,,,,,,,,,,,,,,,,,,,,,,,,,,,,,,,,,,,,,,,,,,,,,,,,,,,,,,,,
47,9,7,58,S46,False,0,0,0,0,12,0,0,0,0,"['B609', 'B742', 'B405', 'B652', 'B658', 'B760', 'B368', 'B215', 'B295', 'B29', 'B222', 'B145']",9.0,S41,6.18,12,0,12,0.0,,-0.070975,-5.682937,-5.753912,True,False,36,S55,True,25,1.9099,pickup,,,,,,,,,,,,,,,,,,,,,,,,,,,,,,,,,,,,,,,,,,,,,,,,,,,,,,,,,,,
47,9,8,13,S41,False,12,0,12,12,0,0,0,0,0,"['B609', 'B742', 'B405', 'B652', 'B658', 'B760', 'B368', 'B215', 'B295', 'B29', 'B222', 'B145']",9.0,S55,7.46,0,0,0,0.0,,-0.100109,-5.682035,-5.782144,True,False,48,S18,True,27,2.1143,delivery,,,,,,,,,,,,,,,,,,,,,,,,,,,,,,,,,,,,,,,,,,,,,,,,,,,,,,,,,,,
47,9,8,29,S55,False,0,0,0,0,19,2,0,0,0,"['B117', 'B543', 'B517', 'B374', 'B178', 'B575', 'B188', 'B758', 'B149', 'B737', 'B240', 'B592', 'B588', 'B47', 'B148', 'B39', 'B269', 'B601', 'B593']",18.5,S48,5.56,19,0,19,0.0,,-0.112258,-5.702955,-5.815213,True,True,54,S36,True,51,3.3666,pickup+onsite,,,,,,,,,,,,,,,,,,,,,,,,,,,,,,,,,,,,,,,,,,,,,,,,,,,,,,,,,,,
47,9,8,53,S48,False,19,0,19,10,0,0,0,0,0,"['B117', 'B543', 'B517', 'B374', 'B178', 'B575', 'B188', 'B758', 'B149', 'B737']",8.0,S15,9.05,9,0,9,0.0,,-0.277125,-5.72627,-6.003395,False,False,18,S15,False,9,0.9516,delivery,,,,,,,,,,,,,,,,,,,,,,,,,,,,,,,,,,,,,,,,,,,,,,,,,,,,,,,,,,,
47,9,9,10,S15,False,9,0,9,9,0,0,0,0,0,"['B240', 'B592', 'B588', 'B47', 'B148', 'B39', 'B269', 'B601', 'B593']",7.5,S37,4.99,0,0,0,0.0,,-0.200969,-5.698906,-5.899875,False,False,12,S45,True,9,0.5228,delivery,,,,,,,,,,,,,,,,,,,,,,,,,,,,,,,,,,,,,,,,,,,,,,,,,,,,,,,,,,,
47,9,9,23,S37,False,0,0,0,0,15,1,0,0,0,"['B702', 'B746', 'B422', 'B644', 'B12', 'B65', 'B693', 'B418', 'B559', 'B34', 'B459', 'B690', 'B7', 'B254', 'B670']",13.5,S29,6.23,15,0,15,0.0,,-0.183279,-5.712453,-5.895732,True,True,72,S60,True,33,3.5215,pickup+onsite,,,,,,,,,,,,,,,,,,,,,,,,,,,,,,,,,,,,,,,,,,,,,,,,,,,,,,,,,,,
47,9,9,43,S29,False,15,0,15,15,0,1,0,0,0,"['B702', 'B746', 'B422', 'B644', 'B12', 'B65', 'B693', 'B418', 'B559', 'B34', 'B459', 'B690', 'B7', 'B254', 'B670']",13.5,S36,5.98,0,0,0,0.0,,-0.17161,-5.731053,-5.902663,True,True,24,S36,False,19,1.1483,delivery+onsite,,,,,,,,,,,,,,,,,,,,,,,,,,,,,,,,,,,,,,,,,,,,,,,,,,,,,,,,,,,
47,9,10,2,S36,False,0,0,0,0,12,0,0,0,0,"['B478', 'B372', 'B494', 'B754', 'B69', 'B725', 'B555', 'B413', 'B604', 'B70', 'B395', 'B654']",9.0,S19,2.19,12,0,12,0.0,,-0.165799,-5.767103,-5.932902,True,False,36,S60,True,15,1.162,pickup,,,,,,,,,,,,,,,,,,,,,,,,,,,,,,,,,,,,,,,,,,,,,,,,,,,,,,,,,,,
47,9,10,13,S19,False,12,0,12,9,0,0,0,0,0,"['B478', 'B372', 'B494', 'B754', 'B69', 'B725', 'B555', 'B413', 'B604']",7.5,S18,7.25,3,0,3,0.0,,-0.224875,-5.78144,-6.006315,True,False,54,S63,True,21,1.943,delivery,,,,,,,,,,,,,,,,,,,,,,,,,,,,,,,,,,,,,,,,,,,,,,,,,,,,,,,,,,,
47,9,10,28,S18,False,3,0,3,0,12,0,0,0,0,"['B110', 'B109', 'B722', 'B31', 'B138', 'B49', 'B216', 'B125', 'B278', 'B675', 'B91', 'B378']",9.0,S50,8.03,15,0,15,0.0,,-0.201497,-5.794828,-5.996325,True,False,36,S60,True,28,1.1438,pickup,,,,,,,,,,,,,,,,,,,,,,,,,,,,,,,,,,,,,,,,,,,,,,,,,,,,,,,,,,,
47,9,10,45,S50,False,15,0,15,15,0,0,0,0,0,"['B70', 'B395', 'B654', 'B110', 'B109', 'B722', 'B31', 'B138', 'B49', 'B216', 'B125', 'B278', 'B675', 'B91', 'B378']",10.5,S44,6.58,0,0,0,0.0,,-0.336776,-5.838497,-6.175273,False,False,12,S44,False,9,0.4354,delivery,,,,,,,,,,,,,,,,,,,,,,,,,,,,,,,,,,,,,,,,,,,,,,,,,,,,,,,,,,,
47,9,11,2,S44,False,0,0,0,0,11,0,0,0,0,"['B755', 'B258', 'B476', 'B503', 'B629', 'B322', 'B442', 'B59', 'B78', 'B331', 'B335']",8.5,S29,5.3,11,0,11,0.0,,-0.212609,-5.851836,-6.064445,False,False,18,S60,True,9,0.6113,pickup,,,,,,,,,,,,,,,,,,,,,,,,,,,,,,,,,,,,,,,,,,,,,,,,,,,,,,,,,,,
47,9,11,16,S29,False,11,0,11,11,0,0,0,0,0,"['B755', 'B258', 'B476', 'B503', 'B629', 'B322', 'B442', 'B59', 'B78', 'B331', 'B335']",8.5,S3,3.51,0,0,0,0.0,,-0.170455,-5.856531,-6.026986,False,False,12,S57,True,7,0.531,delivery,,,,,,,,,,,,,,,,,,,,,,,,,,,,,,,,,,,,,,,,,,,,,,,,,,,,,,,,,,,
47,9,11,28,S3,False,0,0,0,0,11,1,0,0,0,"['B205', 'B764', 'B552', 'B307', 'B262', 'B10', 'B26', 'B159', 'B510', 'B475', 'B36']",11.5,S46,3.03,11,0,11,0.0,,-0.141529,-5.840752,-5.982281,True,True,36,S60,True,21,1.1342,pickup+onsite,,,,,,,,,,,,,,,,,,,,,,,,,,,,,,,,,,,,,,,,,,,,,,,,,,,,,,,,,,,
47,9,11,42,S46,False,11,0,11,11,0,0,1,0,0,"['B428', 'B205', 'B764', 'B552', 'B307', 'B262', 'B10', 'B26', 'B159', 'B510', 'B475', 'B36']",9.0,S60,5.39,0,1,1,0.0,,-0.224322,-5.813942,-6.038265,True,True,36,S63,True,30,1.092,delivery+depot_removal,,,,,,,,,,,,,,,,,,,,,,,,,,,,,,,,,,,,,,,,,,,,,,,,,,,,,,,,,,,
47,9,11,57,S60,False,0,1,1,0,15,0,0,0,0,"['B700', 'B252', 'B624', 'B579', 'B454', 'B698', 'B207', 'B53', 'B526', 'B414', 'B85', 'B474', 'B496', 'B391', 'B185']",10.5,S65,3.09,15,1,16,0.0,,-0.253955,-5.814557,-6.068512,True,False,36,S65,False,12,2.4619,pickup,,,,,,,,,,,,,,,,,,,,,,,,,,,,,,,,,,,,,,,,,,,,,,,,,,,,,,,,,,,
47,9,12,10,S65,False,15,1,16,10,0,0,0,0,0,"['B700', 'B252', 'B624', 'B579', 'B454', 'B698', 'B207', 'B53', 'B526', 'B414']",8.0,S26,6.43,5,1,6,0.0,,-0.235995,-5.835529,-6.071524,False,False,18,S27,True,8,0.7333,delivery,,,,,,,,,,,,,,,,,,,,,,,,,,,,,,,,,,,,,,,,,,,,,,,,,,,,,,,,,,,
47,9,12,25,S26,False,5,1,6,5,0,0,0,0,0,"['B85', 'B474', 'B496', 'B391', 'B185']",5.5,S41,6.65,0,1,1,0.0,,-0.206226,-5.824515,-6.030742,False,False,12,S8,True,8,0.6225,delivery,,,,,,,,,,,,,,,,,,,,,,,,,,,,,,,,,,,,,,,,,,,,,,,,,,,,,,,,,,,
47,9,12,37,S41,False,0,1,1,0,11,0,0,0,0,"['B609', 'B739', 'B379', 'B313', 'B11', 'B384', 'B627', 'B430', 'B650', 'B112', 'B146']",8.5,S61,2.24,11,1,12,0.0,,-0.288916,-5.827199,-6.116116,True,False,90,S31,True,64,3.6935,pickup,,,,,,,,,,,,,,,,,,,,,,,,,,,,,,,,,,,,,,,,,,,,,,,,,,,,,,,,,,,
47,9,12,48,S61,False,11,1,12,0,7,0,0,0,0,"['B720', 'B673', 'B238', 'B101', 'B497', 'B763', 'B518']",6.5,S29,5.74,18,1,19,0.0,,-0.17685,-5.80202,-5.97887,True,False,42,S27,True,27,1.6688,pickup,,,,,,,,,,,,,,,,,,,,,,,,,,,,,,,,,,,,,,,,,,,,,,,,,,,,,,,,,,,
47,9,13,0,S29,False,18,1,19,18,0,0,0,0,0,"['B609', 'B739', 'B379', 'B313', 'B11', 'B384', 'B627', 'B430', 'B650', 'B112', 'B146', 'B720', 'B673', 'B238', 'B101', 'B497', 'B763', 'B518']",12.0,S31,6.48,0,1,1,0.0,,-0.277128,-5.815403,-6.092531,False,False,12,S42,True,6,0.507,delivery,,,,,,,,,,,,,,,,,,,,,,,,,,,,,,,,,,,,,,,,,,,,,,,,,,,,,,,,,,,
47,9,13,18,S31,False,0,1,1,0,19,0,0,0,0,"['B767', 'B703', 'B333', 'B282', 'B267', 'B419', 'B740', 'B642', 'B55', 'B328', 'B213', 'B96', 'B634', 'B530', 'B324', 'B392', 'B692', 'B52', 'B505']",12.5,S56,7.22,19,1,20,0.0,,-0.343311,-5.775362,-6.118673,True,False,24,S26,True,22,1.3945,pickup,,,,,,,,,,,,,,,,,,,,,,,,,,,,,,,,,,,,,,,,,,,,,,,,,,,,,,,,,,,
47,9,13,38,S56,False,19,1,20,8,0,0,0,0,0,"['B767', 'B703', 'B333', 'B282', 'B267', 'B419', 'B740', 'B642']",7.0,S35,2.44,11,1,12,0.0,,-0.614055,-5.770682,-6.384737,True,False,72,S57,True,18,1.9483,delivery,,,,,,,,,,,,,,,,,,,,,,,,,,,,,,,,,,,,,,,,,,,,,,,,,,,,,,,,,,,
47,9,13,48,S35,False,11,1,12,11,0,0,0,0,0,"['B55', 'B328', 'B213', 'B96', 'B634', 'B530', 'B324', 'B392', 'B692', 'B52', 'B505']",8.5,S66,8.23,0,1,1,0.0,,-0.490512,-5.714958,-6.20547,True,False,36,S66,False,18,1.4925,delivery,,,,,,,,,,,,,,,,,,,,,,,,,,,,,,,,,,,,,,,,,,,,,,,,,,,,,,,,,,,
47,9,14,4,S66,False,0,1,1,0,15,0,0,0,0,"['B745', 'B330', 'B125', 'B331', 'B565', 'B316', 'B123', 'B514', 'B212', 'B491', 'B283', 'B87', 'B702', 'B292', 'B672']",10.5,S26,5.64,15,1,16,0.0,,-0.544416,-5.712817,-6.257234,True,False,36,S65,True,13,1.7018,pickup,,,,,,,,,,,,,,,,,,,,,,,,,,,,,,,,,,,,,,,,,,,,,,,,,,,,,,,,,,,
47,9,14,20,S26,False,15,1,16,15,0,0,0,0,0,"['B745', 'B330', 'B125', 'B331', 'B565', 'B316', 'B123', 'B514', 'B212', 'B491', 'B283', 'B87', 'B702', 'B292', 'B672']",10.5,S65,6.43,0,1,1,0.0,,-0.538746,-5.706947,-6.245693,False,False,12,S30,True,6,0.5819,delivery,,,,,,,,,,,,,,,,,,,,,,,,,,,,,,,,,,,,,,,,,,,,,,,,,,,,,,,,,,,
47,9,14,37,S65,False,0,1,1,0,14,0,0,0,0,"['B207', 'B53', 'B526', 'B414', 'B681', 'B206', 'B550', 'B709', 'B94', 'B120', 'B693', 'B150', 'B164', 'B34']",10.0,S49,4.37,14,1,15,0.0,,-0.332616,-5.692084,-6.0247,False,False,18,S31,True,14,1.0383,pickup,,,,,,,,,,,,,,,,,,,,,,,,,,,,,,,,,,,,,,,,,,,,,,,,,,,,,,,,,,,
47,9,14,52,S49,False,14,1,15,13,0,0,0,0,0,"['B207', 'B53', 'B526', 'B414', 'B681', 'B206', 'B550', 'B709', 'B94', 'B120', 'B693', 'B150', 'B164']",9.5,S30,3.29,1,1,2,0.0,,-0.350117,-5.698121,-6.048238,False,False,18,S30,False,9,1.249,delivery,,,,,,,,,,,,,,,,,,,,,,,,,,,,,,,,,,,,,,,,,,,,,,,,,,,,,,,,,,,
47,9,15,5,S30,False,1,1,2,0,6,1,0,0,0,"['B57', 'B184', 'B7', 'B236', 'B379', 'B328']",9.0,S27,3.18,7,1,8,0.0,,-0.218225,-5.709378,-5.927603,True,True,72,S31,True,38,2.71,pickup+onsite,,,,,,,,,,,,,,,,,,,,,,,,,,,,,,,,,,,,,,,,,,,,,,,,,,,,,,,,,,,
47,9,15,17,S27,False,7,1,8,7,0,0,0,0,0,"['B34', 'B57', 'B184', 'B7', 'B236', 'B379', 'B328']",6.5,S62,2.6,0,1,1,0.0,,-0.230688,-5.688618,-5.919307,False,False,12,S47,True,8,0.4392,delivery,,,,,,,,,,,,,,,,,,,,,,,,,,,,,,,,,,,,,,,,,,,,,,,,,,,,,,,,,,,
47,9,15,26,S62,False,0,1,1,0,12,0,0,0,0,"['B549', 'B762', 'B348', 'B767', 'B441', 'B392', 'B583', 'B333', 'B85', 'B505', 'B240', 'B41']",9.0,S50,4.95,12,1,13,0.0,,-0.212611,-5.668157,-5.880768,False,False,18,S31,True,10,0.602,pickup,,,,,,,,,,,,,,,,,,,,,,,,,,,,,,,,,,,,,,,,,,,,,,,,,,,,,,,,,,,
47,9,15,40,S50,False,12,1,13,0,0,0,0,0,0,[],3.0,S15,4.47,12,1,13,0.0,,-0.183008,-5.644336,-5.827344,False,False,12,S47,True,1,0.5603,do_nothing,,,,,,,,,,,,,,,,,,,,,,,,,,,,,,,,,,,,,,,,,,,,,,,,,,,,,,,,,,,
47,9,15,47,S15,False,12,1,13,12,0,0,0,0,0,"['B549', 'B762', 'B348', 'B767', 'B441', 'B392', 'B583', 'B333', 'B85', 'B505', 'B240', 'B41']",9.0,S31,3.53,0,1,1,0.0,,-0.212338,-5.615621,-5.827958,False,False,12,S47,True,6,0.5226,delivery,,,,,,,,,,,,,,,,,,,,,,,,,,,,,,,,,,,,,,,,,,,,,,,,,,,,,,,,,,,
47,9,16,0,S31,False,0,1,1,0,19,0,0,0,0,"['B118', 'B527', 'B447', 'B97', 'B252', 'B654', 'B410', 'B366', 'B722', 'B303', 'B519', 'B79', 'B368', 'B445', 'B508', 'B285', 'B530', 'B232', 'B688']",12.5,S54,5.7,19,1,20,0.0,,-0.18379,-5.57361,-5.757399,True,False,24,S47,True,22,1.0544,pickup,,,,,,,,,,,,,,,,,,,,,,,,,,,,,,,,,,,,,,,,,,,,,,,,,,,,,,,,,,,
47,9,16,18,S54,False,19,1,20,10,0,1,0,0,0,"['B118', 'B527', 'B447', 'B97', 'B252', 'B654', 'B410', 'B366', 'B722', 'B303']",11.0,S35,2.91,9,1,10,0.0,,-0.059006,-5.53244,-5.591446,True,True,84,S50,True,31,3.0616,delivery+onsite,,,,,,,,,,,,,,,,,,,,,,,,,,,,,,,,,,,,,,,,,,,,,,,,,,,,,,,,,,,
47,9,16,32,S35,False,9,1,10,9,0,0,0,0,0,"['B519', 'B79', 'B368', 'B445', 'B508', 'B285', 'B530', 'B232', 'B688']",7.5,S60,9.21,0,1,1,0.0,,-0.083214,-5.538829,-5.622042,True,False,36,S48,True,19,1.2928,delivery,,,,,,,,,,,,,,,,,,,,,,,,,,,,,,,,,,,,,,,,,,,,,,,,,,,,,,,,,,,
47,9,16,49,S60,False,0,1,1,0,0,0,0,0,0,[],3.0,S48,8.25,0,1,1,0.0,,-0.047231,-5.520102,-5.567332,True,False,36,S30,True,3,1.8098,do_nothing,,,,,,,,,,,,,,,,,,,,,,,,,,,,,,,,,,,,,,,,,,,,,,,,,,,,,,,,,,,
47,9,17,0,S48,False,0,1,1,0,7,0,0,0,0,"['B104', 'B277', 'B271', 'B704', 'B590', 'B452', 'B738']",6.5,S57,7.56,7,1,8,0.0,,-0.035607,-5.544979,-5.580586,False,False,18,S47,True,8,0.8723,pickup,,,,,,,,,,,,,,,,,,,,,,,,,,,,,,,,,,,,,,,,,,,,,,,,,,,,,,,,,,,
47,9,17,14,S57,False,7,1,8,0,0,0,0,0,0,[],3.0,S63,6.22,7,1,8,0.0,,-0.029886,-5.535836,-5.565722,True,False,36,S63,False,4,1.5642,do_nothing,,,,,,,,,,,,,,,,,,,,,,,,,,,,,,,,,,,,,,,,,,,,,,,,,,,,,,,,,,,
47,9,17,23,S63,False,7,1,8,7,0,0,1,0,0,"['B472', 'B104', 'B277', 'B271', 'B704', 'B590', 'B452', 'B738']",7.0,S41,5.29,0,2,2,0.0,,-0.035412,-5.524588,-5.56,True,True,24,S44,True,22,0.978,delivery+depot_removal,,,,,,,,,,,,,,,,,,,,,,,,,,,,,,,,,,,,,,,,,,,,,,,,,,,,,,,,,,,
47,9,17,35,S41,False,0,2,2,0,2,0,2,0,0,"['B584', 'B653', 'B136', 'B115']",5.0,S62,4.25,2,4,6,0.0,,-0.094732,-5.524554,-5.619287,True,True,90,S62,True,68,3.0835,pickup+depot_removal,,,,,,,,,,,,,,,,,,,,,,,,,,,,,,,,,,,,,,,,,,,,,,,,,,,,,,,,,,,
47,9,17,45,S62,False,2,4,6,0,14,0,0,0,0,"['B110', 'B383', 'B444', 'B31', 'B703', 'B325', 'B741', 'B11', 'B390', 'B36', 'B650', 'B408', 'B52', 'B365']",10.0,S4,2.49,16,4,20,0.0,,-0.011909,-5.506076,-5.517985,False,False,12,S4,False,6,0.5112,pickup,,,,,,,,,,,,,,,,,,,,,,,,,,,,,,,,,,,,,,,,,,,,,,,,,,,,,,,,,,,
47,9,17,57,S4,False,16,4,20,10,0,0,0,0,0,"['B584', 'B653', 'B110', 'B383', 'B444', 'B31', 'B703', 'B325', 'B741', 'B11']",8.0,S65,5.15,6,4,10,0.0,,-0.035322,-5.569878,-5.605199,True,False,60,S29,True,14,1.7325,delivery,,,,,,,,,,,,,,,,,,,,,,,,,,,,,,,,,,,,,,,,,,,,,,,,,,,,,,,,,,,
47,9,18,10,S65,False,6,4,10,0,10,0,0,0,0,"['B750', 'B543', 'B381', 'B290', 'B327', 'B176', 'B173', 'B410', 'B398', 'B701']",8.0,S66,3.09,16,4,20,0.0,,-0.047246,-5.565559,-5.612805,False,False,12,S66,False,9,0.4507,pickup,,,,,,,,,,,,,,,,,,,,,,,,,,,,,,,,,,,,,,,,,,,,,,,,,,,,,,,,,,,
47,9,18,21,S66,False,16,4,20,10,0,0,0,0,0,"['B390', 'B36', 'B650', 'B408', 'B52', 'B365', 'B750', 'B543', 'B381', 'B290']",8.0,S60,1.23,6,4,10,0.0,,-0.029555,-5.55465,-5.584205,True,False,30,S55,True,6,0.9739,delivery,,,,,,,,,,,,,,,,,,,,,,,,,,,,,,,,,,,,,,,,,,,,,,,,,,,,,,,,,,,
47,9,18,31,S60,False,6,4,10,0,10,1,0,0,0,"['B711', 'B163', 'B40', 'B266', 'B521', 'B424', 'B334', 'B467', 'B141', 'B134']",11.0,S53,5.31,16,4,20,0.0,,-0.011789,-5.533006,-5.544795,True,True,24,S55,True,18,0.8676,pickup+onsite,,,,,,,,,,,,,,,,,,,,,,,,,,,,,,,,,,,,,,,,,,,,,,,,,,,,,,,,,,,
47,9,18,47,S53,False,16,4,20,16,0,0,0,0,0,"['B327', 'B176', 'B173', 'B410', 'B398', 'B701', 'B711', 'B163', 'B40', 'B266', 'B521', 'B424', 'B334', 'B467', 'B141', 'B134']",11.0,S12,5.94,0,4,4,0.0,,-0.053252,-5.538104,-5.591356,False,False,12,S55,True,10,0.6067,delivery,,,,,,,,,,,,,,,,,,,,,,,,,,,,,,,,,,,,,,,,,,,,,,,,,,,,,,,,,,,
47,9,19,4,S12,False,0,4,4,0,10,0,0,0,0,"['B304', 'B86', 'B249', 'B691', 'B700', 'B692', 'B546', 'B564', 'B227', 'B579']",8.0,S9,1.46,10,4,14,0.0,,-0.017766,-5.473944,-5.49171,True,False,108,S9,False,73,3.6264,pickup,,,,,,,,,,,,,,,,,,,,,,,,,,,,,,,,,,,,,,,,,,,,,,,,,,,,,,,,,,,
47,9,19,13,S9,False,10,4,14,0,6,0,0,0,0,"['B529', 'B478', 'B247', 'B264', 'B5', 'B609']",6.0,S29,10.63,16,4,20,0.0,,-0.041284,-5.487743,-5.529027,True,False,24,S17,True,16,0.6739,pickup,,,,,,,,,,,,,,,,,,,,,,,,,,,,,,,,,,,,,,,,,,,,,,,,,,,,,,,,,,,
47,9,19,30,S29,False,16,4,20,0,0,0,0,0,0,[],3.0,S55,2.12,16,4,20,0.0,,-0.047111,-5.489432,-5.536543,False,False,15,S45,True,3,0.3566,do_nothing,,,,,,,,,,,,,,,,,,,,,,,,,,,,,,,,,,,,,,,,,,,,,,,,,,,,,,,,,,,
47,9,19,35,S55,False,16,4,20,13,0,0,0,0,0,"['B304', 'B86', 'B249', 'B691', 'B700', 'B692', 'B546', 'B564', 'B227', 'B579', 'B529', 'B478', 'B247']",9.5,S45,2.56,3,4,7,0.0,,-0.023488,-5.469966,-5.493454,False,False,9,S45,False,6,0.2386,delivery,,,,,,,,,,,,,,,,,,,,,,,,,,,,,,,,,,,,,,,,,,,,,,,,,,,,,,,,,,,
47,9,19,47,S45,False,3,4,7,3,0,0,0,0,0,"['B264', 'B5', 'B609']",4.5,D0,1.52,0,4,4,0.0,,-0.065058,-5.492867,-5.557925,False,False,2,D0,False,1,0.0572,delivery,,,,,,,,,,,,,,,,,,,,,,,,,,,,,,,,,,,,,,,,,,,,,,,,,,,,,,,,,,,
47,9,19,53,D0,True,0,4,4,4,0,0,0,4,0,"['B428', 'B472', 'B136', 'B115']",7.0,D0,0.0,0,0,0,0.0,,-0.153589,-5.503453,-5.657042,True,True,1,D0,False,0,0.0305,do_nothing,,,,,,,,,,,,,,,,,,,,,,,,,,,,,,,,,,,,,,,,,,,,,,,,,,,,,,,,,,,
47,10,6,9,D0,True,0,0,0,0,0,0,0,0,6,"['B71', 'B191', 'B706', 'B718', 'B375', 'B195']",6.0,S66,1.4,6,0,6,0.0,,-0.391049,-5.695525,-6.086574,True,True,5,S52,True,0,0.2125,load_queue,,,,,,,,,,,,,,,,,,,,,,,,,,,,,,,,,,,,,,,,,,,,,,,,,,,,,,,,,,,
47,10,6,32,S66,False,6,0,6,6,0,0,0,0,0,"['B71', 'B191', 'B706', 'B718', 'B375', 'B195']",6.0,S49,3.26,0,0,0,0.0,,-0.514904,-5.703017,-6.217921,True,False,72,S52,True,39,1.9489,delivery,,,,,,,,,,,,,,,,,,,,,,,,,,,,,,,,,,,,,,,,,,,,,,,,,,,,,,,,,,,
47,10,6,41,S49,False,0,0,0,0,15,0,0,0,0,"['B693', 'B150', 'B164', 'B282', 'B393', 'B494', 'B60', 'B710', 'B293', 'B593', 'B739', 'B234', 'B109', 'B452', 'B719']",10.5,S65,4.37,15,0,15,0.0,,-0.366917,-5.713522,-6.080439,False,False,18,S52,True,8,0.8129,pickup,,,,,,,,,,,,,,,,,,,,,,,,,,,,,,,,,,,,,,,,,,,,,,,,,,,,,,,,,,,
47,10,6,56,S65,False,15,0,15,15,0,0,0,0,0,"['B693', 'B150', 'B164', 'B282', 'B393', 'B494', 'B60', 'B710', 'B293', 'B593', 'B739', 'B234', 'B109', 'B452', 'B719']",10.5,S47,1.6,0,0,0,0.0,,-0.342815,-5.726498,-6.069314,False,False,12,S52,True,7,0.4764,delivery,,,,,,,,,,,,,,,,,,,,,,,,,,,,,,,,,,,,,,,,,,,,,,,,,,,,,,,,,,,
47,10,7,8,S47,False,0,0,0,0,12,0,0,0,0,"['B395', 'B511', 'B555', 'B97', 'B721', 'B545', 'B8', 'B122', 'B578', 'B406', 'B620', 'B91']",9.0,S15,5.64,12,0,12,0.0,,-0.319654,-5.69702,-6.016674,False,False,18,S52,True,14,0.7945,pickup,,,,,,,,,,,,,,,,,,,,,,,,,,,,,,,,,,,,,,,,,,,,,,,,,,,,,,,,,,,
47,10,7,22,S15,False,12,0,12,12,0,0,0,0,0,"['B395', 'B511', 'B555', 'B97', 'B721', 'B545', 'B8', 'B122', 'B578', 'B406', 'B620', 'B91']",9.0,S52,4.21,0,0,0,0.0,,-0.207578,-5.656734,-5.864311,False,False,12,S52,False,6,0.476,delivery,,,,,,,,,,,,,,,,,,,,,,,,,,,,,,,,,,,,,,,,,,,,,,,,,,,,,,,,,,,
47,10,7,36,S52,False,0,0,0,0,13,0,0,0,0,"['B335', 'B475', 'B362', 'B759', 'B264', 'B290', 'B125', 'B239', 'B289', 'B190', 'B498', 'B174', 'B758']",9.5,S22,7.49,13,0,13,0.0,,-0.154399,-5.634613,-5.789012,False,False,18,S18,True,14,0.8761,pickup,,,,,,,,,,,,,,,,,,,,,,,,,,,,,,,,,,,,,,,,,,,,,,,,,,,,,,,,,,,
47,10,7,53,S22,False,13,0,13,13,0,0,0,0,0,"['B335', 'B475', 'B362', 'B759', 'B264', 'B290', 'B125', 'B239', 'B289', 'B190', 'B498', 'B174', 'B758']",9.5,S36,11.83,0,0,0,0.0,,-0.153484,-5.623237,-5.77672,True,False,48,S18,True,27,1.6954,delivery,,,,,,,,,,,,,,,,,,,,,,,,,,,,,,,,,,,,,,,,,,,,,,,,,,,,,,,,,,,
47,10,8,14,S36,False,0,0,0,0,12,0,0,0,0,"['B634', 'B583', 'B93', 'B572', 'B405', 'B64', 'B480', 'B358', 'B598', 'B68', 'B390', 'B380']",9.0,S66,7.48,12,0,12,0.0,,-0.248952,-5.665181,-5.914134,True,False,36,S37,True,26,2.2375,pickup,,,,,,,,,,,,,,,,,,,,,,,,,,,,,,,,,,,,,,,,,,,,,,,,,,,,,,,,,,,
47,10,8,30,S66,False,12,0,12,0,0,1,2,0,0,"['B139', 'B270']",7.0,S61,1.13,12,2,14,0.0,,-0.141365,-5.672966,-5.814331,True,True,72,S60,True,33,4.5285,do_nothing+maintenance,,,,,,,,,,,,,,,,,,,,,,,,,,,,,,,,,,,,,,,,,,,,,,,,,,,,,,,,,,,
47,10,8,39,S61,False,12,2,14,7,0,0,0,0,0,"['B634', 'B583', 'B93', 'B572', 'B405', 'B64', 'B480']",6.5,S66,1.13,5,2,7,0.0,,-0.100304,-5.678191,-5.778495,True,False,72,S66,False,50,4.0349,delivery,,,,,,,,,,,,,,,,,,,,,,,,,,,,,,,,,,,,,,,,,,,,,,,,,,,,,,,,,,,
47,10,8,46,S66,False,5,2,7,5,0,0,0,0,0,"['B358', 'B598', 'B68', 'B390', 'B380']",5.5,S37,3.07,0,2,2,0.0,,-0.1656,-5.676596,-5.842196,False,False,12,S18,True,6,0.6508,delivery,,,,,,,,,,,,,,,,,,,,,,,,,,,,,,,,,,,,,,,,,,,,,,,,,,,,,,,,,,,
47,10,8,55,S37,False,0,2,2,0,18,3,0,0,0,"['B462', 'B278', 'B624', 'B206', 'B309', 'B524', 'B137', 'B259', 'B588', 'B94', 'B66', 'B48', 'B630', 'B603', 'B520', 'B753', 'B204', 'B582']",21.0,S26,7.79,18,2,20,0.0,,-0.130114,-5.691536,-5.82165,True,True,48,S18,True,42,2.7149,pickup+onsite,,,,,,,,,,,,,,,,,,,,,,,,,,,,,,,,,,,,,,,,,,,,,,,,,,,,,,,,,,,
47,10,9,24,S26,False,18,2,20,18,0,0,0,0,0,"['B462', 'B278', 'B624', 'B206', 'B309', 'B524', 'B137', 'B259', 'B588', 'B94', 'B66', 'B48', 'B630', 'B603', 'B520', 'B753', 'B204', 'B582']",12.0,S60,6.85,0,2,2,0.0,,-0.171881,-5.707867,-5.879748,False,False,12,S56,True,6,0.441,delivery,,,,,,,,,,,,,,,,,,,,,,,,,,,,,,,,,,,,,,,,,,,,,,,,,,,,,,,,,,,
47,10,9,42,S60,False,0,2,2,0,18,0,0,0,0,"['B152', 'B287', 'B690', 'B399', 'B203', 'B219', 'B626', 'B655', 'B27', 'B715', 'B38', 'B246', 'B751', 'B56', 'B384', 'B671', 'B207', 'B421']",12.0,S27,3.14,18,2,20,0.0,,-0.111795,-5.726825,-5.83862,False,False,18,S27,True,6,0.5273,pickup,,,,,,,,,,,,,,,,,,,,,,,,,,,,,,,,,,,,,,,,,,,,,,,,,,,,,,,,,,,
47,10,9,58,S27,False,18,2,20,14,0,0,0,0,0,"['B152', 'B287', 'B690', 'B399', 'B203', 'B219', 'B626', 'B655', 'B27', 'B715', 'B38', 'B246', 'B751', 'B56']",10.0,S43,5.27,4,2,6,0.0,,-0.159039,-5.734684,-5.893723,False,False,18,S24,True,14,0.4854,delivery,,,,,,,,,,,,,,,,,,,,,,,,,,,,,,,,,,,,,,,,,,,,,,,,,,,,,,,,,,,
47,10,10,13,S43,False,4,2,6,0,14,0,0,0,0,"['B337', 'B324', 'B502', 'B732', 'B465', 'B286', 'B275', 'B133', 'B277', 'B343', 'B723', 'B45', 'B42', 'B513']",10.0,S17,10.5,18,2,20,0.0,,-0.082418,-5.712635,-5.795053,True,False,18,S56,True,16,1.3399,pickup,,,,,,,,,,,,,,,,,,,,,,,,,,,,,,,,,,,,,,,,,,,,,,,,,,,,,,,,,,,
47,10,10,33,S17,False,18,2,20,13,0,0,0,0,0,"['B384', 'B671', 'B207', 'B421', 'B337', 'B324', 'B502', 'B732', 'B465', 'B286', 'B275', 'B133', 'B277']",9.5,S13,11.4,5,2,7,0.0,,-0.241941,-5.788741,-6.030681,False,False,18,S10,True,14,0.762,delivery,,,,,,,,,,,,,,,,,,,,,,,,,,,,,,,,,,,,,,,,,,,,,,,,,,,,,,,,,,,
47,10,10,54,S13,False,5,2,7,0,0,1,0,0,0,[],6.0,S29,14.36,5,2,7,0.0,,-0.284454,-5.8235,-6.107954,True,True,24,S18,True,7,0.8657,do_nothing+onsite,,,,,,,,,,,,,,,,,,,,,,,,,,,,,,,,,,,,,,,,,,,,,,,,,,,,,,,,,,,
47,10,11,15,S29,False,5,2,7,5,0,0,0,0,0,"['B343', 'B723', 'B45', 'B42', 'B513']",5.5,S41,7.7,0,2,2,0.0,,-0.294729,-5.819333,-6.114061,False,False,12,S33,True,7,0.4873,delivery,,,,,,,,,,,,,,,,,,,,,,,,,,,,,,,,,,,,,,,,,,,,,,,,,,,,,,,,,,,
47,10,11,28,S41,False,0,2,2,0,13,0,0,0,0,"['B409', 'B363', 'B266', 'B645', 'B525', 'B280', 'B736', 'B8', 'B129', 'B545', 'B517', 'B446', 'B700']",9.5,S54,6.96,13,2,15,0.0,,-0.313067,-5.825908,-6.138975,True,False,90,S33,True,32,2.8867,pickup,,,,,,,,,,,,,,,,,,,,,,,,,,,,,,,,,,,,,,,,,,,,,,,,,,,,,,,,,,,
47,10,11,44,S54,False,13,2,15,0,0,0,0,0,0,[],3.0,S50,2.71,13,2,15,0.0,,-0.342379,-5.818551,-6.16093,True,False,36,S56,True,0,1.1878,do_nothing,,,,,,,,,,,,,,,,,,,,,,,,,,,,,,,,,,,,,,,,,,,,,,,,,,,,,,,,,,,
47,10,11,50,S50,False,13,2,15,0,0,0,0,0,0,[],3.0,S54,2.71,13,2,15,0.0,,-0.532366,-5.855498,-6.387864,False,False,12,S33,True,1,0.35,do_nothing,,,,,,,,,,,,,,,,,,,,,,,,,,,,,,,,,,,,,,,,,,,,,,,,,,,,,,,,,,,
47,10,11,56,S54,False,13,2,15,13,0,0,2,0,0,"['B25', 'B435', 'B409', 'B363', 'B266', 'B645', 'B525', 'B280', 'B736', 'B8', 'B129', 'B545', 'B517', 'B446', 'B700']",10.5,S33,3.1,0,4,4,0.0,,-0.420365,-5.828831,-6.249196,True,True,36,S52,True,30,0.9331,delivery+depot_removal,,,,,,,,,,,,,,,,,,,,,,,,,,,,,,,,,,,,,,,,,,,,,,,,,,,,,,,,,,,
47,10,12,9,S33,False,0,4,4,0,16,0,0,0,0,"['B407', 'B230', 'B338', 'B767', 'B110', 'B30', 'B627', 'B658', 'B569', 'B581', 'B366', 'B488', 'B729', 'B401', 'B329', 'B279']",11.0,S29,4.32,16,4,20,0.0,,-0.401985,-5.839895,-6.241879,False,False,18,S29,True,6,0.5807,pickup,,,,,,,,,,,,,,,,,,,,,,,,,,,,,,,,,,,,,,,,,,,,,,,,,,,,,,,,,,,
47,10,12,25,S29,False,16,4,20,16,0,0,0,0,0,"['B407', 'B230', 'B338', 'B767', 'B110', 'B30', 'B627', 'B658', 'B569', 'B581', 'B366', 'B488', 'B729', 'B401', 'B329', 'B279']",11.0,S18,6.89,0,4,4,0.0,,-0.466395,-5.835463,-6.301859,False,False,12,S56,True,6,0.5931,delivery,,,,,,,,,,,,,,,,,,,,,,,,,,,,,,,,,,,,,,,,,,,,,,,,,,,,,,,,,,,
47,10,12,42,S18,False,0,4,4,0,13,0,0,0,0,"['B143', 'B63', 'B123', 'B322', 'B491', 'B212', 'B504', 'B515', 'B648', 'B306', 'B100', 'B396', 'B592']",9.5,S63,3.17,13,4,17,0.0,,-0.359935,-5.854726,-6.214661,True,False,36,S15,True,28,0.9532,pickup,,,,,,,,,,,,,,,,,,,,,,,,,,,,,,,,,,,,,,,,,,,,,,,,,,,,,,,,,,,
47,10,12,55,S63,False,13,4,17,13,0,0,0,0,0,"['B143', 'B63', 'B123', 'B322', 'B491', 'B212', 'B504', 'B515', 'B648', 'B306', 'B100', 'B396', 'B592']",9.5,S16,0.31,0,4,4,0.0,,-0.589902,-5.912714,-6.502617,False,False,12,S16,False,6,0.459,delivery,,,,,,,,,,,,,,,,,,,,,,,,,,,,,,,,,,,,,,,,,,,,,,,,,,,,,,,,,,,
47,10,13,5,S16,False,0,4,4,0,7,0,0,0,0,"['B425', 'B677', 'B695', 'B390', 'B148', 'B601', 'B450']",6.5,S44,0.23,7,4,11,0.0,,-0.496538,-5.859413,-6.355951,False,False,18,S59,True,6,0.6943,pickup,,,,,,,,,,,,,,,,,,,,,,,,,,,,,,,,,,,,,,,,,,,,,,,,,,,,,,,,,,,
47,10,13,12,S44,False,7,4,11,7,0,1,0,0,0,"['B425', 'B677', 'B695', 'B390', 'B148', 'B601', 'B450']",9.5,S9,7.28,0,4,4,0.0,,-0.555105,-5.874167,-6.429272,True,True,24,S32,True,21,0.8476,delivery+onsite,,,,,,,,,,,,,,,,,,,,,,,,,,,,,,,,,,,,,,,,,,,,,,,,,,,,,,,,,,,
47,10,13,28,S9,False,0,4,4,0,11,1,0,0,0,"['B474', 'B168', 'B544', 'B356', 'B118', 'B180', 'B67', 'B271', 'B551', 'B633', 'B682']",11.5,S46,6.57,11,4,15,0.0,,-0.28923,-5.823571,-6.112802,True,True,24,S65,True,20,0.8637,pickup+onsite,,,,,,,,,,,,,,,,,,,,,,,,,,,,,,,,,,,,,,,,,,,,,,,,,,,,,,,,,,,
47,10,13,47,S46,False,11,4,15,11,0,0,0,0,0,"['B474', 'B168', 'B544', 'B356', 'B118', 'B180', 'B67', 'B271', 'B551', 'B633', 'B682']",8.5,S65,8.22,0,4,4,0.0,,-0.60797,-5.842149,-6.450118,False,False,12,S65,False,8,0.4484,delivery,,,,,,,,,,,,,,,,,,,,,,,,,,,,,,,,,,,,,,,,,,,,,,,,,,,,,,,,,,,
47,10,14,3,S65,False,0,4,4,0,16,0,0,0,0,"['B45', 'B759', 'B155', 'B440', 'B707', 'B437', 'B441', 'B12', 'B501', 'B319', 'B535', 'B524', 'B513', 'B663', 'B614', 'B190']",11.0,S54,8.42,16,4,20,0.0,,-0.828446,-5.848545,-6.676991,False,False,18,S33,True,15,0.6617,pickup,,,,,,,,,,,,,,,,,,,,,,,,,,,,,,,,,,,,,,,,,,,,,,,,,,,,,,,,,,,
47,10,14,23,S54,False,16,4,20,13,0,0,0,0,0,"['B45', 'B759', 'B155', 'B440', 'B707', 'B437', 'B441', 'B12', 'B501', 'B319', 'B535', 'B524', 'B513']",9.5,S66,5.58,3,4,7,0.0,,-0.461887,-5.811274,-6.27316,False,False,18,S34,True,16,0.6085,delivery,,,,,,,,,,,,,,,,,,,,,,,,,,,,,,,,,,,,,,,,,,,,,,,,,,,,,,,,,,,
47,10,14,38,S66,False,3,4,7,0,13,0,0,0,0,"['B655', 'B116', 'B736', 'B453', 'B128', 'B652', 'B109', 'B3', 'B725', 'B728', 'B46', 'B635', 'B715']",9.5,S64,1.75,16,4,20,0.0,,-0.325363,-5.73822,-6.063583,False,False,12,S64,False,10,0.396,pickup,,,,,,,,,,,,,,,,,,,,,,,,,,,,,,,,,,,,,,,,,,,,,,,,,,,,,,,,,,,
47,10,14,49,S64,False,16,4,20,0,0,1,0,0,0,[],6.0,S35,8.94,16,4,20,0.0,,-0.367564,-5.737466,-6.10503,True,True,60,S15,True,10,1.5168,do_nothing+onsite,,,,,,,,,,,,,,,,,,,,,,,,,,,,,,,,,,,,,,,,,,,,,,,,,,,,,,,,,,,
47,10,15,4,S35,False,16,4,20,11,0,0,0,0,0,"['B663', 'B614', 'B190', 'B655', 'B116', 'B736', 'B453', 'B128', 'B652', 'B109', 'B3']",8.5,S56,2.44,5,4,9,0.0,,-0.301441,-5.731646,-6.033087,True,False,42,S56,False,10,2.155,delivery,,,,,,,,,,,,,,,,,,,,,,,,,,,,,,,,,,,,,,,,,,,,,,,,,,,,,,,,,,,
47,10,15,15,S56,False,5,4,9,5,0,2,4,0,0,"['B647', 'B158', 'B606', 'B130', 'B725', 'B728', 'B46', 'B635', 'B715']",13.5,S31,7.22,0,8,8,0.0,,-0.247571,-5.716899,-5.96447,True,True,180,S3,True,174,8.0721,delivery+maintenance,,,,,,,,,,,,,,,,,,,,,,,,,,,,,,,,,,,,,,,,,,,,,,,,,,,,,,,,,,,
47,10,15,36,S31,False,0,8,8,0,12,0,0,0,0,"['B422', 'B226', 'B369', 'B326', 'B36', 'B339', 'B385', 'B424', 'B409', 'B246', 'B76', 'B39']",9.0,S26,6.02,12,8,20,0.0,,-0.271988,-5.760526,-6.032514,True,False,30,S37,True,24,1.1799,pickup,,,,,,,,,,,,,,,,,,,,,,,,,,,,,,,,,,,,,,,,,,,,,,,,,,,,,,,,,,,
47,10,15,51,S26,False,12,8,20,12,0,0,0,0,0,"['B422', 'B226', 'B369', 'B326', 'B36', 'B339', 'B385', 'B424', 'B409', 'B246', 'B76', 'B39']",9.0,S37,7.79,0,8,8,0.0,,-0.283465,-5.747367,-6.030832,False,False,12,S34,True,6,0.3787,delivery,,,,,,,,,,,,,,,,,,,,,,,,,,,,,,,,,,,,,,,,,,,,,,,,,,,,,,,,,,,
47,10,16,7,S37,False,0,8,8,0,12,0,0,0,0,"['B183', 'B251', 'B545', 'B32', 'B591', 'B342', 'B82', 'B411', 'B89', 'B398', 'B410', 'B508']",9.0,S36,4.84,12,8,20,0.0,,-0.159685,-5.708408,-5.868093,False,False,12,S33,True,7,0.3163,pickup,,,,,,,,,,,,,,,,,,,,,,,,,,,,,,,,,,,,,,,,,,,,,,,,,,,,,,,,,,,
47,10,16,21,S36,False,12,8,20,12,0,0,0,0,0,"['B183', 'B251', 'B545', 'B32', 'B591', 'B342', 'B82', 'B411', 'B89', 'B398', 'B410', 'B508']",9.0,S7,14.02,0,8,8,0.0,,-0.355338,-5.709452,-6.06479,True,False,18,S35,True,7,0.6353,delivery,,,,,,,,,,,,,,,,,,,,,,,,,,,,,,,,,,,,,,,,,,,,,,,,,,,,,,,,,,,
47,10,16,44,S7,False,0,8,8,0,12,0,0,0,0,"['B197', 'B558', 'B605', 'B640', 'B731', 'B470', 'B244', 'B253', 'B708', 'B83', 'B471', 'B38']",9.0,S10,11.65,12,8,20,0.0,,-0.20151,-5.713446,-5.914956,True,False,24,S24,True,16,0.7167,pickup,,,,,,,,,,,,,,,,,,,,,,,,,,,,,,,,,,,,,,,,,,,,,,,,,,,,,,,,,,,
47,10,17,5,S10,False,12,8,20,8,0,0,0,0,0,"['B197', 'B558', 'B605', 'B640', 'B731', 'B470', 'B244', 'B253']",7.0,S54,1.21,4,8,12,0.0,,-0.28405,-5.699818,-5.983869,False,False,18,S54,False,6,0.6124,delivery,,,,,,,,,,,,,,,,,,,,,,,,,,,,,,,,,,,,,,,,,,,,,,,,,,,,,,,,,,,
47,10,17,13,S54,False,4,8,12,4,0,0,0,0,0,"['B708', 'B83', 'B471', 'B38']",5.0,S31,5.7,0,8,8,0.0,,-0.153033,-5.677469,-5.830502,True,False,24,S60,True,13,0.9935,delivery,,,,,,,,,,,,,,,,,,,,,,,,,,,,,,,,,,,,,,,,,,,,,,,,,,,,,,,,,,,
47,10,17,24,S31,False,0,8,8,0,12,0,0,0,0,"['B20', 'B393', 'B568', 'B601', 'B204', 'B299', 'B440', 'B513', 'B272', 'B551', 'B678', 'B184']",9.0,S54,5.7,12,8,20,0.0,,-0.195428,-5.697676,-5.893104,True,False,30,S60,True,26,1.063,pickup,,,,,,,,,,,,,,,,,,,,,,,,,,,,,,,,,,,,,,,,,,,,,,,,,,,,,,,,,,,
47,10,17,39,S54,False,12,8,20,12,0,0,1,0,0,"['B37', 'B20', 'B393', 'B568', 'B601', 'B204', 'B299', 'B440', 'B513', 'B272', 'B551', 'B678', 'B184']",9.5,S60,6.45,0,9,9,0.0,,-0.165951,-5.64652,-5.812471,True,True,18,S32,True,15,0.8994,delivery+depot_removal,,,,,,,,,,,,,,,,,,,,,,,,,,,,,,,,,,,,,,,,,,,,,,,,,,,,,,,,,,,
47,10,17,54,S60,False,0,9,9,0,11,0,0,0,0,"['B289', 'B127', 'B388', 'B577', 'B466', 'B78', 'B170', 'B478', 'B727', 'B745', 'B346']",8.5,S24,7.55,11,9,20,0.0,,-0.106687,-5.632847,-5.739534,False,False,12,S41,True,9,0.5716,pickup,,,,,,,,,,,,,,,,,,,,,,,,,,,,,,,,,,,,,,,,,,,,,,,,,,,,,,,,,,,
47,10,18,11,S24,False,11,9,20,11,0,0,0,0,0,"['B289', 'B127', 'B388', 'B577', 'B466', 'B78', 'B170', 'B478', 'B727', 'B745', 'B346']",8.5,S42,9.91,0,9,9,0.0,,-0.088815,-5.601276,-5.69009,False,False,12,S65,True,7,0.4451,delivery,,,,,,,,,,,,,,,,,,,,,,,,,,,,,,,,,,,,,,,,,,,,,,,,,,,,,,,,,,,
47,10,18,29,S42,False,0,9,9,0,11,0,0,0,0,"['B122', 'B631', 'B693', 'B538', 'B190', 'B368', 'B265', 'B684', 'B501', 'B603', 'B206']",8.5,S44,8.11,11,9,20,0.0,,-0.100574,-5.6121,-5.712675,False,False,12,S39,True,9,0.4413,pickup,,,,,,,,,,,,,,,,,,,,,,,,,,,,,,,,,,,,,,,,,,,,,,,,,,,,,,,,,,,
47,10,18,46,S44,False,11,9,20,11,0,0,0,0,0,"['B122', 'B631', 'B693', 'B538', 'B190', 'B368', 'B265', 'B684', 'B501', 'B603', 'B206']",8.5,S65,6.93,0,9,9,0.0,,-0.04169,-5.594653,-5.636343,False,False,12,S65,False,6,0.3848,delivery,,,,,,,,,,,,,,,,,,,,,,,,,,,,,,,,,,,,,,,,,,,,,,,,,,,,,,,,,,,
47,10,19,1,S65,False,0,9,9,0,11,0,0,0,0,"['B700', 'B480', 'B476', 'B194', 'B634', 'B743', 'B70', 'B135', 'B443', 'B518', 'B132']",8.5,S33,6.32,11,9,20,0.0,,-0.064608,-5.588684,-5.653292,False,False,12,S33,False,6,0.3374,pickup,,,,,,,,,,,,,,,,,,,,,,,,,,,,,,,,,,,,,,,,,,,,,,,,,,,,,,,,,,,
47,10,19,16,S33,False,11,9,20,11,0,0,0,0,0,"['B700', 'B480', 'B476', 'B194', 'B634', 'B743', 'B70', 'B135', 'B443', 'B518', 'B132']",8.5,S22,7.66,0,9,9,0.0,,-0.011879,-5.578425,-5.590304,False,False,12,S34,True,7,0.3291,delivery,,,,,,,,,,,,,,,,,,,,,,,,,,,,,,,,,,,,,,,,,,,,,,,,,,,,,,,,,,,
47,10,19,32,S22,False,0,9,9,0,11,0,0,0,0,"['B181', 'B544', 'B284', 'B511', 'B335', 'B483', 'B688', 'B188', 'B635', 'B650', 'B207']",8.5,S15,6.37,11,9,20,0.0,,-0.029525,-5.583757,-5.613282,True,False,23,S15,False,19,0.4807,pickup,,,,,,,,,,,,,,,,,,,,,,,,,,,,,,,,,,,,,,,,,,,,,,,,,,,,,,,,,,,
47,10,19,47,S15,False,11,9,20,11,0,0,0,0,0,"['B181', 'B544', 'B284', 'B511', 'B335', 'B483', 'B688', 'B188', 'B635', 'B650', 'B207']",8.5,D0,1.31,0,9,9,0.0,,-0.011834,-5.576059,-5.587893,False,False,2,D0,False,1,0.0547,delivery,,,,,,,,,,,,,,,,,,,,,,,,,,,,,,,,,,,,,,,,,,,,,,,,,,,,,,,,,,,
47,10,19,57,D0,True,0,9,9,9,0,0,0,9,4,"['B428', 'B472', 'B136', 'B115', 'B139', 'B270', 'B25', 'B435', 'B647', 'B158', 'B606', 'B130', 'B37']",14.0,D0,0.0,0,0,0,0.0,,-0.035487,-5.582228,-5.617716,True,True,1,D0,False,0,0.0314,do_nothing,,,,,,,,,,,,,,,,,,,,,,,,,,,,,,,,,,,,,,,,,,,,,,,,,,,,,,,,,,,
47,11,6,2,D0,True,4,0,4,0,0,0,0,0,0,[],3.0,S54,1.95,4,0,4,0.0,,-0.589002,-5.774154,-6.363156,True,True,5,S54,False,0,0.1339,depot_passthrough,,,,,,,,,,,,,,,,,,,,,,,,,,,,,,,,,,,,,,,,,,,,,,,,,,,,,,,,,,,
47,11,6,22,S54,False,4,0,4,0,16,0,0,0,0,"['B385', 'B442', 'B161', 'B684', 'B8', 'B565', 'B190', 'B491', 'B603', 'B147', 'B542', 'B296', 'B304', 'B155', 'B526', 'B290']",11.0,S65,8.42,20,0,20,0.0,,-0.44397,-5.774893,-6.218863,False,False,12,S19,True,8,0.5801,pickup,,,,,,,,,,,,,,,,,,,,,,,,,,,,,,,,,,,,,,,,,,,,,,,,,,,,,,,,,,,
47,11,6,41,S65,False,20,0,20,20,0,0,0,0,0,"['B428', 'B472', 'B136', 'B115', 'B385', 'B442', 'B161', 'B684', 'B8', 'B565', 'B190', 'B491', 'B603', 'B147', 'B542', 'B296', 'B304', 'B155', 'B526', 'B290']",13.0,S39,5.08,0,0,0,0.0,,-0.484935,-5.78182,-6.266755,False,False,18,S47,True,13,0.6731,delivery,,,,,,,,,,,,,,,,,,,,,,,,,,,,,,,,,,,,,,,,,,,,,,,,,,,,,,,,,,,
47,11,6,59,S39,False,0,0,0,0,20,0,0,0,0,"['B502', 'B100', 'B721', 'B413', 'B145', 'B709', 'B637', 'B293', 'B679', 'B114', 'B68', 'B388', 'B527', 'B761', 'B484', 'B577', 'B118', 'B78', 'B31', 'B466']",13.0,S12,8.6,20,0,20,0.0,,-0.29614,-5.809529,-6.105669,True,False,36,S49,True,27,1.5793,pickup,,,,,,,,,,,,,,,,,,,,,,,,,,,,,,,,,,,,,,,,,,,,,,,,,,,,,,,,,,,
47,11,7,21,S12,False,20,0,20,16,0,1,1,0,0,"['B431', 'B502', 'B100', 'B721', 'B413', 'B145', 'B709', 'B637', 'B293', 'B679', 'B114', 'B68', 'B388', 'B527', 'B761', 'B484', 'B577']",14.5,S51,2.02,4,1,5,0.0,,-0.319879,-5.801622,-6.121501,True,True,90,S51,True,37,4.3374,delivery+maintenance,,,,,,,,,,,,,,,,,,,,,,,,,,,,,,,,,,,,,,,,,,,,,,,,,,,,,,,,,,,
47,11,7,37,S51,False,4,1,5,4,0,0,0,0,0,"['B118', 'B78', 'B31', 'B466']",5.0,S37,4.67,0,1,1,0.0,,-0.225495,-5.795141,-6.020636,True,False,144,S49,True,72,5.9872,delivery,,,,,,,,,,,,,,,,,,,,,,,,,,,,,,,,,,,,,,,,,,,,,,,,,,,,,,,,,,,
47,11,7,47,S37,False,0,1,1,0,19,1,0,0,0,"['B609', 'B328', 'B299', 'B309', 'B667', 'B372', 'B555', 'B638', 'B433', 'B294', 'B449', 'B154', 'B697', 'B661', 'B97', 'B558', 'B94', 'B642', 'B651']",15.5,S66,3.07,19,1,20,0.0,,-0.165751,-5.756795,-5.922546,True,True,24,S49,True,19,0.9216,pickup+onsite,,,,,,,,,,,,,,,,,,,,,,,,,,,,,,,,,,,,,,,,,,,,,,,,,,,,,,,,,,,
47,11,8,5,S66,False,19,1,20,11,0,0,0,0,0,"['B609', 'B328', 'B299', 'B309', 'B667', 'B372', 'B555', 'B638', 'B433', 'B294', 'B449']",8.5,S60,1.23,8,1,9,0.0,,-0.19525,-5.803429,-5.998679,False,False,18,S34,True,7,0.5252,delivery,,,,,,,,,,,,,,,,,,,,,,,,,,,,,,,,,,,,,,,,,,,,,,,,,,,,,,,,,,,
47,11,8,15,S60,False,8,1,9,0,11,0,0,0,0,"['B271', 'B13', 'B173', 'B211', 'B676', 'B219', 'B134', 'B120', 'B524', 'B434', 'B287']",8.5,S34,5.52,19,1,20,0.0,,-0.212638,-5.796338,-6.008976,False,False,12,S44,True,7,0.2997,pickup,,,,,,,,,,,,,,,,,,,,,,,,,,,,,,,,,,,,,,,,,,,,,,,,,,,,,,,,,,,
47,11,8,29,S34,False,19,1,20,0,0,0,0,0,0,[],3.0,S42,5.28,19,1,20,0.0,,-0.205987,-5.797019,-6.003006,False,False,18,S44,True,3,0.4667,do_nothing,,,,,,,,,,,,,,,,,,,,,,,,,,,,,,,,,,,,,,,,,,,,,,,,,,,,,,,,,,,
47,11,8,38,S42,False,19,1,20,12,0,0,0,0,0,"['B154', 'B697', 'B661', 'B97', 'B558', 'B94', 'B642', 'B651', 'B271', 'B13', 'B173', 'B211']",9.0,S54,4.21,7,1,8,0.0,,-0.247674,-5.80966,-6.057334,False,False,18,S26,True,10,0.4082,delivery,,,,,,,,,,,,,,,,,,,,,,,,,,,,,,,,,,,,,,,,,,,,,,,,,,,,,,,,,,,
47,11,8,51,S54,False,7,1,8,0,12,0,0,0,0,"['B135', 'B623', 'B731', 'B554', 'B67', 'B502', 'B91', 'B551', 'B565', 'B702', 'B440', 'B132']",9.0,S26,5.73,19,1,20,0.0,,-0.241788,-5.78521,-6.026998,False,False,12,S44,True,8,0.3297,pickup,,,,,,,,,,,,,,,,,,,,,,,,,,,,,,,,,,,,,,,,,,,,,,,,,,,,,,,,,,,
47,11,9,5,S26,False,19,1,20,0,0,0,0,0,0,[],3.0,S29,5.02,19,1,20,0.0,,-0.272258,-5.777893,-6.050151,False,False,12,S29,False,0,0.3891,do_nothing,,,,,,,,,,,,,,,,,,,,,,,,,,,,,,,,,,,,,,,,,,,,,,,,,,,,,,,,,,,
47,11,9,13,S29,False,19,1,20,19,0,0,0,0,0,"['B676', 'B219', 'B134', 'B120', 'B524', 'B434', 'B287', 'B135', 'B623', 'B731', 'B554', 'B67', 'B502', 'B91', 'B551', 'B565', 'B702', 'B440', 'B132']",12.5,S49,8.87,0,1,1,0.0,,-0.384651,-5.785915,-6.170566,False,False,18,S3,True,16,0.5409,delivery,,,,,,,,,,,,,,,,,,,,,,,,,,,,,,,,,,,,,,,,,,,,,,,,,,,,,,,,,,,
47,11,9,35,S49,False,0,1,1,0,11,0,0,0,0,"['B738', 'B573', 'B467', 'B79', 'B616', 'B179', 'B416', 'B719', 'B510', 'B56', 'B557']",8.5,S59,1.68,11,1,12,0.0,,-0.153857,-5.767117,-5.920974,False,False,18,S59,False,12,0.6145,pickup,,,,,,,,,,,,,,,,,,,,,,,,,,,,,,,,,,,,,,,,,,,,,,,,,,,,,,,,,,,
47,11,9,45,S59,False,11,1,12,0,8,0,0,0,0,"['B612', 'B447', 'B152', 'B214', 'B691', 'B572', 'B80', 'B522']",7.0,S27,4.6,19,1,20,0.0,,-0.259463,-5.761987,-6.021451,False,False,12,S27,False,9,0.8244,pickup,,,,,,,,,,,,,,,,,,,,,,,,,,,,,,,,,,,,,,,,,,,,,,,,,,,,,,,,,,,
47,11,9,57,S27,False,19,1,20,11,0,0,0,0,0,"['B738', 'B573', 'B467', 'B79', 'B616', 'B179', 'B416', 'B719', 'B510', 'B56', 'B557']",8.5,S11,8.75,8,1,9,0.0,,-0.214036,-5.755766,-5.969802,False,False,18,S26,True,9,1.1274,delivery,,,,,,,,,,,,,,,,,,,,,,,,,,,,,,,,,,,,,,,,,,,,,,,,,,,,,,,,,,,
47,11,10,14,S11,False,8,1,9,0,3,0,0,0,0,"['B317', 'B492', 'B570']",4.5,S35,2.71,11,1,12,0.0,,-0.254914,-5.758915,-6.01383,False,False,18,S35,False,12,0.5424,pickup,,,,,,,,,,,,,,,,,,,,,,,,,,,,,,,,,,,,,,,,,,,,,,,,,,,,,,,,,,,
47,11,10,21,S35,False,11,1,12,11,0,0,0,0,0,"['B612', 'B447', 'B152', 'B214', 'B691', 'B572', 'B80', 'B522', 'B317', 'B492', 'B570']",8.5,S52,6.71,0,1,1,0.0,,-0.165723,-5.763694,-5.929417,True,False,48,S16,True,25,1.9384,delivery,,,,,,,,,,,,,,,,,,,,,,,,,,,,,,,,,,,,,,,,,,,,,,,,,,,,,,,,,,,
47,11,10,36,S52,False,0,1,1,0,13,0,0,0,0,"['B316', 'B423', 'B575', 'B421', 'B212', 'B322', 'B559', 'B430', 'B587', 'B341', 'B348', 'B51', 'B487']",9.5,S26,7.0,13,1,14,0.0,,-0.117859,-5.763984,-5.881843,False,False,18,S18,True,7,0.5164,pickup,,,,,,,,,,,,,,,,,,,,,,,,,,,,,,,,,,,,,,,,,,,,,,,,,,,,,,,,,,,
47,11,10,53,S26,False,13,1,14,13,0,0,0,0,0,"['B316', 'B423', 'B575', 'B421', 'B212', 'B322', 'B559', 'B430', 'B587', 'B341', 'B348', 'B51', 'B487']",9.5,S18,7.46,0,1,1,0.0,,-0.218406,-5.804106,-6.022512,False,False,12,S32,True,7,0.4848,delivery,,,,,,,,,,,,,,,,,,,,,,,,,,,,,,,,,,,,,,,,,,,,,,,,,,,,,,,,,,,
47,11,11,10,S18,False,0,1,1,0,11,0,0,0,0,"['B589', 'B681', 'B345', 'B607', 'B700', 'B501', 'B392', 'B265', 'B722', 'B674', 'B69']",8.5,S47,3.54,11,1,12,0.0,,-0.112439,-5.779667,-5.892106,True,False,36,S47,False,27,1.0072,pickup,,,,,,,,,,,,,,,,,,,,,,,,,,,,,,,,,,,,,,,,,,,,,,,,,,,,,,,,,,,
47,11,11,22,S47,False,11,1,12,0,8,0,0,0,0,"['B33', 'B569', 'B509', 'B764', 'B391', 'B291', 'B140', 'B437']",7.0,S22,2.32,19,1,20,0.0,,-0.188808,-5.778443,-5.967251,False,False,12,S65,True,8,0.4162,pickup,,,,,,,,,,,,,,,,,,,,,,,,,,,,,,,,,,,,,,,,,,,,,,,,,,,,,,,,,,,
47,11,11,31,S22,False,19,1,20,12,0,0,1,0,0,"['B24', 'B589', 'B681', 'B345', 'B607', 'B700', 'B501', 'B392', 'B265', 'B722', 'B674', 'B69', 'B33']",9.5,S65,1.36,7,2,9,0.0,,-0.195038,-5.770458,-5.965497,True,True,60,S28,True,18,2.2442,delivery+depot_removal,,,,,,,,,,,,,,,,,,,,,,,,,,,,,,,,,,,,,,,,,,,,,,,,,,,,,,,,,,,
47,11,11,42,S65,False,7,2,9,7,0,0,0,0,0,"['B569', 'B509', 'B764', 'B391', 'B291', 'B140', 'B437']",6.5,S58,6.14,0,2,2,0.0,,-0.282472,-5.779396,-6.061868,False,False,12,S8,True,8,0.4078,delivery,,,,,,,,,,,,,,,,,,,,,,,,,,,,,,,,,,,,,,,,,,,,,,,,,,,,,,,,,,,
47,11,11,55,S58,False,0,2,2,0,15,0,0,0,0,"['B163', 'B481', 'B57', 'B189', 'B758', 'B169', 'B160', 'B480', 'B131', 'B326', 'B385', 'B610', 'B659', 'B359', 'B76']",10.5,S29,6.9,15,2,17,0.0,,-0.288916,-5.772807,-6.061723,True,False,30,S16,True,12,0.9833,pickup,,,,,,,,,,,,,,,,,,,,,,,,,,,,,,,,,,,,,,,,,,,,,,,,,,,,,,,,,,,
47,11,12,12,S29,False,15,2,17,0,0,0,0,0,0,[],3.0,S54,1.43,15,2,17,0.0,,-0.366739,-5.795851,-6.162591,False,False,12,S16,True,0,0.6357,do_nothing,,,,,,,,,,,,,,,,,,,,,,,,,,,,,,,,,,,,,,,,,,,,,,,,,,,,,,,,,,,
47,11,12,16,S54,False,15,2,17,15,0,0,0,0,0,"['B163', 'B481', 'B57', 'B189', 'B758', 'B169', 'B160', 'B480', 'B131', 'B326', 'B385', 'B610', 'B659', 'B359', 'B76']",10.5,S16,4.04,0,2,2,0.0,,-0.455344,-5.754641,-6.209984,False,False,12,S62,True,6,0.5743,delivery,,,,,,,,,,,,,,,,,,,,,,,,,,,,,,,,,,,,,,,,,,,,,,,,,,,,,,,,,,,
47,11,12,31,S16,False,0,2,2,0,11,0,0,0,0,"['B353', 'B602', 'B665', 'B306', 'B699', 'B364', 'B234', 'B662', 'B115', 'B757', 'B408']",8.5,S29,5.41,11,2,13,0.0,,-0.43145,-5.759907,-6.191358,False,False,18,S30,True,12,0.7693,pickup,,,,,,,,,,,,,,,,,,,,,,,,,,,,,,,,,,,,,,,,,,,,,,,,,,,,,,,,,,,
47,11,12,45,S29,False,11,2,13,11,0,0,0,0,0,"['B353', 'B602', 'B665', 'B306', 'B699', 'B364', 'B234', 'B662', 'B115', 'B757', 'B408']",8.5,S30,8.0,0,2,2,0.0,,-0.272169,-5.727426,-5.999596,False,False,12,S30,False,8,0.5673,delivery,,,,,,,,,,,,,,,,,,,,,,,,,,,,,,,,,,,,,,,,,,,,,,,,,,,,,,,,,,,
47,11,13,1,S30,False,0,2,2,0,9,0,0,0,0,"['B100', 'B603', 'B400', 'B549', 'B704', 'B491', 'B630', 'B28', 'B427']",7.5,S57,9.94,9,2,11,0.0,,-0.212698,-5.75925,-5.971948,True,False,36,S59,True,25,1.7781,pickup,,,,,,,,,,,,,,,,,,,,,,,,,,,,,,,,,,,,,,,,,,,,,,,,,,,,,,,,,,,
47,11,13,19,S57,False,9,2,11,9,0,2,0,0,0,"['B100', 'B603', 'B400', 'B549', 'B704', 'B491', 'B630', 'B28', 'B427']",13.5,S32,3.4,0,2,2,0.0,,-0.43806,-5.710197,-6.148256,True,True,108,S8,True,91,4.5159,delivery+onsite,,,,,,,,,,,,,,,,,,,,,,,,,,,,,,,,,,,,,,,,,,,,,,,,,,,,,,,,,,,
47,11,13,36,S32,False,0,2,2,0,8,1,0,0,0,"['B466', 'B690', 'B379', 'B432', 'B274', 'B515', 'B664', 'B488']",10.0,S35,3.98,8,2,10,0.0,,-0.341927,-5.728718,-6.070646,True,True,144,S59,True,74,5.2943,pickup+onsite,,,,,,,,,,,,,,,,,,,,,,,,,,,,,,,,,,,,,,,,,,,,,,,,,,,,,,,,,,,
47,11,13,50,S35,False,8,2,10,8,0,0,3,0,0,"['B733', 'B628', 'B475', 'B466', 'B690', 'B379', 'B432', 'B274', 'B515', 'B664', 'B488']",8.5,S66,8.23,0,5,5,0.0,,-0.674713,-5.713411,-6.388123,True,True,48,S8,True,43,1.7926,delivery+depot_removal,,,,,,,,,,,,,,,,,,,,,,,,,,,,,,,,,,,,,,,,,,,,,,,,,,,,,,,,,,,
47,11,14,6,S66,False,0,5,5,0,11,0,0,0,0,"['B264', 'B8', 'B319', 'B610', 'B131', 'B54', 'B486', 'B659', 'B327', 'B595', 'B676']",8.5,S29,6.29,11,5,16,0.0,,-0.49116,-5.731855,-6.223015,False,False,18,S59,True,13,0.5948,pickup,,,,,,,,,,,,,,,,,,,,,,,,,,,,,,,,,,,,,,,,,,,,,,,,,,,,,,,,,,,
47,11,14,21,S29,False,11,5,16,0,0,0,0,0,0,[],3.0,S54,1.43,11,5,16,0.0,,-0.409009,-5.69846,-6.107469,False,False,12,S8,True,2,0.4178,do_nothing,,,,,,,,,,,,,,,,,,,,,,,,,,,,,,,,,,,,,,,,,,,,,,,,,,,,,,,,,,,
47,11,14,26,S54,False,11,5,16,11,0,0,0,0,0,"['B264', 'B8', 'B319', 'B610', 'B131', 'B54', 'B486', 'B659', 'B327', 'B595', 'B676']",8.5,S31,5.7,0,5,5,0.0,,-0.308244,-5.67083,-5.979074,False,False,12,S51,True,7,0.4914,delivery,,,,,,,,,,,,,,,,,,,,,,,,,,,,,,,,,,,,,,,,,,,,,,,,,,,,,,,,,,,
47,11,14,40,S31,False,0,5,5,0,15,0,0,0,0,"['B110', 'B498', 'B689', 'B506', 'B253', 'B410', 'B582', 'B288', 'B263', 'B718', 'B254', 'B205', 'B331', 'B572', 'B612']",10.5,S50,7.46,15,5,20,0.0,,-0.266131,-5.671252,-5.937384,True,False,30,S59,True,24,1.2522,pickup,,,,,,,,,,,,,,,,,,,,,,,,,,,,,,,,,,,,,,,,,,,,,,,,,,,,,,,,,,,
47,11,14,58,S50,False,15,5,20,15,0,0,0,0,0,"['B110', 'B498', 'B689', 'B506', 'B253', 'B410', 'B582', 'B288', 'B263', 'B718', 'B254', 'B205', 'B331', 'B572', 'B612']",10.5,S59,8.72,0,5,5,0.0,,-0.248324,-5.689803,-5.938127,False,False,12,S10,True,6,0.4153,delivery,,,,,,,,,,,,,,,,,,,,,,,,,,,,,,,,,,,,,,,,,,,,,,,,,,,,,,,,,,,
47,11,15,17,S59,False,0,5,5,0,15,0,0,0,0,"['B686', 'B655', 'B568', 'B43', 'B608', 'B165', 'B458', 'B451', 'B395', 'B18', 'B303', 'B321', 'B304', 'B118', 'B508']",10.5,S26,8.38,15,5,20,0.0,,-0.260756,-5.624392,-5.885148,False,False,18,S22,True,7,0.7665,pickup,,,,,,,,,,,,,,,,,,,,,,,,,,,,,,,,,,,,,,,,,,,,,,,,,,,,,,,,,,,
47,11,15,36,S26,False,15,5,20,15,0,0,0,0,0,"['B686', 'B655', 'B568', 'B43', 'B608', 'B165', 'B458', 'B451', 'B395', 'B18', 'B303', 'B321', 'B304', 'B118', 'B508']",10.5,S3,8.28,0,5,5,0.0,,-0.207338,-5.647504,-5.854842,False,False,12,S22,True,7,0.5564,delivery,,,,,,,,,,,,,,,,,,,,,,,,,,,,,,,,,,,,,,,,,,,,,,,,,,,,,,,,,,,
47,11,15,55,S3,False,0,5,5,0,13,0,0,0,0,"['B564', 'B93', 'B414', 'B384', 'B556', 'B324', 'B713', 'B759', 'B525', 'B2', 'B177', 'B516', 'B278']",9.5,S16,4.31,13,5,18,0.0,,-0.21884,-5.620323,-5.839163,False,False,18,S40,True,9,0.8801,pickup,,,,,,,,,,,,,,,,,,,,,,,,,,,,,,,,,,,,,,,,,,,,,,,,,,,,,,,,,,,
47,11,16,9,S16,False,13,5,18,7,0,0,0,0,0,"['B564', 'B93', 'B414', 'B384', 'B556', 'B324', 'B713']",6.5,S54,4.04,6,5,11,0.0,,-0.178159,-5.594453,-5.772611,False,False,18,S54,False,15,0.5734,delivery,,,,,,,,,,,,,,,,,,,,,,,,,,,,,,,,,,,,,,,,,,,,,,,,,,,,,,,,,,,
47,11,16,19,S54,False,6,5,11,6,0,0,0,0,0,"['B759', 'B525', 'B2', 'B177', 'B516', 'B278']",6.0,S56,1.7,0,5,5,0.0,,-0.212639,-5.574307,-5.786946,False,False,12,S56,False,7,0.5442,delivery,,,,,,,,,,,,,,,,,,,,,,,,,,,,,,,,,,,,,,,,,,,,,,,,,,,,,,,,,,,
47,11,16,27,S56,False,0,5,5,0,7,1,0,0,0,"['B755', 'B153', 'B643', 'B335', 'B601', 'B333', 'B96']",9.5,S29,2.28,7,5,12,0.0,,-0.124078,-5.6034,-5.727478,True,True,36,S31,True,18,1.6408,pickup+onsite,,,,,,,,,,,,,,,,,,,,,,,,,,,,,,,,,,,,,,,,,,,,,,,,,,,,,,,,,,,
47,11,16,39,S29,False,7,5,12,7,0,0,0,0,0,"['B755', 'B153', 'B643', 'B335', 'B601', 'B333', 'B96']",6.5,S31,6.48,0,5,5,0.0,,-0.130565,-5.58281,-5.713375,False,False,12,S10,True,6,0.5334,delivery,,,,,,,,,,,,,,,,,,,,,,,,,,,,,,,,,,,,,,,,,,,,,,,,,,,,,,,,,,,
47,11,16,52,S31,False,0,5,5,0,15,0,0,0,0,"['B560', 'B361', 'B283', 'B706', 'B256', 'B128', 'B742', 'B385', 'B625', 'B112', 'B236', 'B750', 'B149', 'B548', 'B367']",10.5,S63,4.21,15,5,20,0.0,,-0.088771,-5.5678,-5.656571,True,False,60,S32,True,49,3.9673,pickup,,,,,,,,,,,,,,,,,,,,,,,,,,,,,,,,,,,,,,,,,,,,,,,,,,,,,,,,,,,
47,11,17,6,S63,False,15,5,20,9,0,0,0,0,0,"['B560', 'B361', 'B283', 'B706', 'B256', 'B128', 'B742', 'B385', 'B625']",7.5,S61,3.24,6,5,11,0.0,,-0.124154,-5.539273,-5.663427,False,False,18,S10,True,10,0.8157,delivery,,,,,,,,,,,,,,,,,,,,,,,,,,,,,,,,,,,,,,,,,,,,,,,,,,,,,,,,,,,
47,11,17,17,S61,False,6,5,11,0,6,0,3,0,0,"['B272', 'B235', 'B186', 'B137', 'B322', 'B310', 'B412', 'B687', 'B574']",7.5,S34,4.15,12,8,20,0.0,,-0.08871,-5.558343,-5.647053,True,True,60,S10,True,55,2.1142,pickup+depot_removal,,,,,,,,,,,,,,,,,,,,,,,,,,,,,,,,,,,,,,,,,,,,,,,,,,,,,,,,,,,
47,11,17,29,S34,False,12,8,20,0,0,0,0,0,0,[],3.0,S54,2.69,12,8,20,0.0,,-0.076996,-5.550403,-5.627399,False,False,12,S14,True,2,0.6221,do_nothing,,,,,,,,,,,,,,,,,,,,,,,,,,,,,,,,,,,,,,,,,,,,,,,,,,,,,,,,,,,
47,11,17,34,S54,False,12,8,20,12,0,0,0,0,0,"['B112', 'B236', 'B750', 'B149', 'B548', 'B367', 'B272', 'B235', 'B186', 'B137', 'B322', 'B310']",9.0,S64,6.09,0,8,8,0.0,,-0.064772,-5.518361,-5.583133,False,False,12,S32,True,10,0.4994,delivery,,,,,,,,,,,,,,,,,,,,,,,,,,,,,,,,,,,,,,,,,,,,,,,,,,,,,,,,,,,
47,11,17,49,S64,False,0,8,8,0,6,0,0,0,0,"['B195', 'B522', 'B495', 'B87', 'B499', 'B362']",6.0,S34,5.58,6,8,14,0.0,,-0.053089,-5.540607,-5.593696,True,False,54,S49,True,38,2.1333,pickup,,,,,,,,,,,,,,,,,,,,,,,,,,,,,,,,,,,,,,,,,,,,,,,,,,,,,,,,,,,
47,11,18,1,S34,False,6,8,14,0,0,0,0,0,0,[],3.0,S54,2.69,6,8,14,0.0,,-0.053298,-5.528148,-5.581446,False,False,12,S32,True,3,0.9329,do_nothing,,,,,,,,,,,,,,,,,,,,,,,,,,,,,,,,,,,,,,,,,,,,,,,,,,,,,,,,,,,
47,11,18,7,S54,False,6,8,14,6,0,0,0,0,0,"['B195', 'B522', 'B495', 'B87', 'B499', 'B362']",6.0,S42,4.21,0,8,8,0.0,,-0.088845,-5.527262,-5.616107,False,False,12,S42,False,7,0.9393,delivery,,,,,,,,,,,,,,,,,,,,,,,,,,,,,,,,,,,,,,,,,,,,,,,,,,,,,,,,,,,
47,11,18,17,S42,False,0,8,8,0,10,1,0,0,0,"['B424', 'B651', 'B429', 'B244', 'B32', 'B364', 'B98', 'B492', 'B660', 'B554']",11.0,S35,1.31,10,8,18,0.0,,-0.082928,-5.513573,-5.5965,True,True,60,S11,True,51,4.5426,pickup+onsite,,,,,,,,,,,,,,,,,,,,,,,,,,,,,,,,,,,,,,,,,,,,,,,,,,,,,,,,,,,
47,11,18,29,S35,False,10,8,18,8,0,0,0,0,0,"['B424', 'B651', 'B429', 'B244', 'B32', 'B364', 'B98', 'B492']",7.0,S34,4.29,2,8,10,0.0,,-0.041314,-5.505126,-5.54644,False,False,18,S14,True,7,1.2828,delivery,,,,,,,,,,,,,,,,,,,,,,,,,,,,,,,,,,,,,,,,,,,,,,,,,,,,,,,,,,,
47,11,18,40,S34,False,2,8,10,0,0,0,0,0,0,[],3.0,S14,4.25,2,8,10,0.0,,-0.053584,-5.501073,-5.554657,False,False,12,S61,True,0,0.9768,do_nothing,,,,,,,,,,,,,,,,,,,,,,,,,,,,,,,,,,,,,,,,,,,,,,,,,,,,,,,,,,,
47,11,18,48,S14,False,2,8,10,2,0,2,0,0,0,"['B660', 'B554']",10.0,S61,8.39,0,8,8,0.0,,-0.07114,-5.494596,-5.565736,True,True,72,S61,False,62,4.3091,delivery+onsite,,,,,,,,,,,,,,,,,,,,,,,,,,,,,,,,,,,,,,,,,,,,,,,,,,,,,,,,,,,
47,11,19,6,S61,False,0,8,8,0,8,0,0,0,0,"['B363', 'B750', 'B43', 'B235', 'B137', 'B187', 'B392', 'B437']",7.0,S15,3.33,8,8,16,0.0,,-0.02972,-5.458974,-5.488694,False,False,18,S38,True,8,0.8332,pickup,,,,,,,,,,,,,,,,,,,,,,,,,,,,,,,,,,,,,,,,,,,,,,,,,,,,,,,,,,,
47,11,19,16,S15,False,8,8,16,8,0,0,0,0,0,"['B363', 'B750', 'B43', 'B235', 'B137', 'B187', 'B392', 'B437']",7.0,S49,6.4,0,8,8,0.0,,-0.029675,-5.479324,-5.508999,False,False,12,S49,False,8,0.5061,delivery,,,,,,,,,,,,,,,,,,,,,,,,,,,,,,,,,,,,,,,,,,,,,,,,,,,,,,,,,,,
47,11,19,30,S49,False,0,8,8,0,12,0,0,0,0,"['B627', 'B459', 'B64', 'B588', 'B732', 'B415', 'B318', 'B735', 'B637', 'B300', 'B323', 'B652']",9.0,S10,8.25,12,8,20,0.0,,-0.023788,-5.48289,-5.506678,False,False,12,S22,True,8,0.7228,pickup,,,,,,,,,,,,,,,,,,,,,,,,,,,,,,,,,,,,,,,,,,,,,,,,,,,,,,,,,,,
47,11,19,47,S10,False,12,8,20,0,0,0,0,0,0,[],3.0,D0,2.04,12,8,20,0.0,,-0.011939,-5.486494,-5.498434,False,False,2,D0,True,0,0.0518,do_nothing,,,,,,,,,,,,,,,,,,,,,,,,,,,,,,,,,,,,,,,,,,,,,,,,,,,,,,,,,,,
47,11,19,52,D0,True,12,8,20,8,0,0,0,8,0,"['B431', 'B24', 'B733', 'B628', 'B475', 'B412', 'B687', 'B574']",11.0,D0,0.0,4,0,4,0.0,,-0.029646,-5.487716,-5.517362,True,True,1,D0,False,0,0.041,do_nothing,,,,,,,,,,,,,,,,,,,,,,,,,,,,,,,,,,,,,,,,,,,,,,,,,,,,,,,,,,,
47,12,6,12,D0,True,12,0,12,0,0,0,0,0,8,"['B139', 'B270', 'B25', 'B435', 'B647', 'B158', 'B606', 'B130']",7.0,S56,2.9,20,0,20,0.0,,-0.017751,-5.617337,-5.635089,True,True,5,S34,True,1,0.2647,load_queue,,,,,,,,,,,,,,,,,,,,,,,,,,,,,,,,,,,,,,,,,,,,,,,,,,,,,,,,,,,
47,12,6,37,S56,False,20,0,20,12,0,0,0,0,0,"['B627', 'B459', 'B64', 'B588', 'B732', 'B415', 'B318', 'B735', 'B637', 'B300', 'B323', 'B652']",9.0,S44,4.78,8,0,8,0.0,,-0.035577,-5.623231,-5.658808,False,False,12,S34,True,9,0.6141,delivery,,,,,,,,,,,,,,,,,,,,,,,,,,,,,,,,,,,,,,,,,,,,,,,,,,,,,,,,,,,
47,12,6,51,S44,False,8,0,8,0,12,0,0,0,0,"['B641', 'B201', 'B585', 'B511', 'B486', 'B568', 'B478', 'B466', 'B541', 'B314', 'B149', 'B56']",9.0,S34,4.94,20,0,20,0.0,,-0.035337,-5.593409,-5.628746,False,False,18,S34,True,6,1.3754,pickup,,,,,,,,,,,,,,,,,,,,,,,,,,,,,,,,,,,,,,,,,,,,,,,,,,,,,,,,,,,
47,12,7,5,S34,False,20,0,20,13,0,0,0,0,0,"['B139', 'B270', 'B25', 'B435', 'B647', 'B158', 'B606', 'B130', 'B641', 'B201', 'B585', 'B511', 'B486']",9.5,S57,4.48,7,0,7,0.0,,-0.041465,-5.597694,-5.63916,False,False,18,S24,True,14,0.7136,delivery,,,,,,,,,,,,,,,,,,,,,,,,,,,,,,,,,,,,,,,,,,,,,,,,,,,,,,,,,,,
47,12,7,19,S57,False,7,0,7,7,0,0,0,0,0,"['B568', 'B478', 'B466', 'B541', 'B314', 'B149', 'B56']",6.5,S31,8.31,0,0,0,0.0,,-0.023458,-5.57998,-5.603438,True,False,36,S56,True,18,1.908,delivery,,,,,,,,,,,,,,,,,,,,,,,,,,,,,,,,,,,,,,,,,,,,,,,,,,,,,,,,,,,
47,12,7,34,S31,False,0,0,0,0,18,0,0,0,0,"['B531', 'B97', 'B86', 'B717', 'B202', 'B171', 'B305', 'B621', 'B666', 'B591', 'B725', 'B148', 'B195', 'B686', 'B730', 'B401', 'B600', 'B639']",12.0,S41,1.27,18,0,18,0.0,,-0.029465,-5.594336,-5.623801,True,False,234,S59,True,182,12.9085,pickup,,,,,,,,,,,,,,,,,,,,,,,,,,,,,,,,,,,,,,,,,,,,,,,,,,,,,,,,,,,
47,12,7,47,S41,False,18,0,18,10,0,0,0,0,0,"['B531', 'B97', 'B86', 'B717', 'B202', 'B171', 'B305', 'B621', 'B666', 'B591']",8.0,S40,4.79,8,0,8,0.0,,-0.082839,-5.602437,-5.685276,True,False,78,S24,True,19,7.1043,delivery,,,,,,,,,,,,,,,,,,,,,,,,,,,,,,,,,,,,,,,,,,,,,,,,,,,,,,,,,,,
47,12,8,0,S40,False,8,0,8,0,0,0,0,0,0,[],3.0,S10,2.46,8,0,8,0.0,,-0.053074,-5.613196,-5.666269,False,False,12,S16,True,4,0.6657,do_nothing,,,,,,,,,,,,,,,,,,,,,,,,,,,,,,,,,,,,,,,,,,,,,,,,,,,,,,,,,,,
47,12,8,5,S10,False,8,0,8,8,0,0,0,0,0,"['B725', 'B148', 'B195', 'B686', 'B730', 'B401', 'B600', 'B639']",7.0,S16,4.96,0,0,0,0.0,,-0.023369,-5.60869,-5.632059,False,False,12,S16,False,8,0.3112,delivery,,,,,,,,,,,,,,,,,,,,,,,,,,,,,,,,,,,,,,,,,,,,,,,,,,,,,,,,,,,
47,12,8,17,S16,False,0,0,0,0,9,0,0,0,0,"['B658', 'B424', 'B177', 'B651', 'B150', 'B327', 'B512', 'B59', 'B493']",7.5,S51,3.59,9,0,9,0.0,,-0.029466,-5.597263,-5.626729,False,False,18,S59,True,14,1.3482,pickup,,,,,,,,,,,,,,,,,,,,,,,,,,,,,,,,,,,,,,,,,,,,,,,,,,,,,,,,,,,
47,12,8,28,S51,False,9,0,9,0,0,5,2,0,0,"['B729', 'B92']",19.0,S4,5.42,9,2,11,0.0,,-0.029331,-5.599313,-5.628644,True,True,240,S48,True,112,13.3574,do_nothing+maintenance,,,,,,,,,,,,,,,,,,,,,,,,,,,,,,,,,,,,,,,,,,,,,,,,,,,,,,,,,,,
47,12,8,53,S4,False,9,2,11,0,9,0,0,0,0,"['B179', 'B84', 'B505', 'B115', 'B413', 'B629', 'B671', 'B375', 'B400']",7.5,S64,1.27,18,2,20,0.0,,-0.035368,-5.591403,-5.626771,True,False,36,S64,False,24,1.5246,pickup,,,,,,,,,,,,,,,,,,,,,,,,,,,,,,,,,,,,,,,,,,,,,,,,,,,,,,,,,,,
47,12,9,1,S64,False,18,2,20,6,0,0,2,0,0,"['B221', 'B16', 'B658', 'B424', 'B177', 'B651', 'B150', 'B327']",7.0,S51,6.57,12,4,16,0.0,,-0.029526,-5.601318,-5.630844,True,True,42,S51,False,40,3.6779,delivery+depot_removal,,,,,,,,,,,,,,,,,,,,,,,,,,,,,,,,,,,,,,,,,,,,,,,,,,,,,,,,,,,
47,12,9,15,S51,False,12,4,16,12,0,0,0,0,0,"['B512', 'B59', 'B493', 'B179', 'B84', 'B505', 'B115', 'B413', 'B629', 'B671', 'B375', 'B400']",9.0,S58,4.51,0,4,4,0.0,,-0.017721,-5.610235,-5.627956,True,False,24,S19,True,12,1.9723,delivery,,,,,,,,,,,,,,,,,,,,,,,,,,,,,,,,,,,,,,,,,,,,,,,,,,,,,,,,,,,
47,12,9,28,S58,False,0,4,4,0,16,0,0,0,0,"['B90', 'B378', 'B279', 'B178', 'B758', 'B619', 'B107', 'B487', 'B409', 'B380', 'B259', 'B488', 'B603', 'B528', 'B667', 'B499']",11.0,S65,6.14,16,4,20,0.0,,-0.047201,-5.630931,-5.678132,True,False,30,S44,True,13,1.8174,pickup,,,,,,,,,,,,,,,,,,,,,,,,,,,,,,,,,,,,,,,,,,,,,,,,,,,,,,,,,,,
47,12,9,46,S65,False,16,4,20,16,0,0,0,0,0,"['B90', 'B378', 'B279', 'B178', 'B758', 'B619', 'B107', 'B487', 'B409', 'B380', 'B259', 'B488', 'B603', 'B528', 'B667', 'B499']",11.0,S44,6.93,0,4,4,0.0,,-0.035412,-5.634633,-5.670045,True,False,60,S62,True,12,3.7758,delivery,,,,,,,,,,,,,,,,,,,,,,,,,,,,,,,,,,,,,,,,,,,,,,,,,,,,,,,,,,,
47,12,10,3,S44,False,0,4,4,0,13,0,0,0,0,"['B284', 'B26', 'B34', 'B485', 'B565', 'B408', 'B31', 'B467', 'B428', 'B326', 'B631', 'B60', 'B99']",9.5,S24,9.68,13,4,17,0.0,,-0.053148,-5.668634,-5.721782,False,False,18,S26,True,13,1.4587,pickup,,,,,,,,,,,,,,,,,,,,,,,,,,,,,,,,,,,,,,,,,,,,,,,,,,,,,,,,,,,
47,12,10,23,S24,False,13,4,17,13,0,0,0,0,0,"['B284', 'B26', 'B34', 'B485', 'B565', 'B408', 'B31', 'B467', 'B428', 'B326', 'B631', 'B60', 'B99']",9.5,S63,10.02,0,4,4,0.0,,-0.118266,-5.66191,-5.780175,False,False,12,S35,True,6,1.0037,delivery,,,,,,,,,,,,,,,,,,,,,,,,,,,,,,,,,,,,,,,,,,,,,,,,,,,,,,,,,,,
47,12,10,42,S63,False,0,4,4,0,16,1,0,0,0,"['B617', 'B522', 'B262', 'B128', 'B753', 'B283', 'B374', 'B546', 'B342', 'B109', 'B764', 'B309', 'B207', 'B589', 'B711', 'B366']",14.0,S19,4.53,16,4,20,0.0,,-0.065207,-5.681405,-5.746612,True,True,24,S26,True,19,1.745,pickup+onsite,,,,,,,,,,,,,,,,,,,,,,,,,,,,,,,,,,,,,,,,,,,,,,,,,,,,,,,,,,,
47,12,11,1,S19,False,16,4,20,6,0,2,1,0,0,"['B694', 'B617', 'B522', 'B262', 'B128', 'B753', 'B283']",12.5,S41,9.56,10,5,15,0.0,,-0.177644,-5.721563,-5.899207,True,True,162,S40,True,144,9.0267,delivery+maintenance,,,,,,,,,,,,,,,,,,,,,,,,,,,,,,,,,,,,,,,,,,,,,,,,,,,,,,,,,,,
47,12,11,23,S41,False,10,5,15,10,0,0,0,0,0,"['B374', 'B546', 'B342', 'B109', 'B764', 'B309', 'B207', 'B589', 'B711', 'B366']",8.0,S37,3.7,0,5,5,0.0,,-0.183639,-5.711241,-5.89488,True,False,60,S31,True,30,3.4704,delivery,,,,,,,,,,,,,,,,,,,,,,,,,,,,,,,,,,,,,,,,,,,,,,,,,,,,,,,,,,,
47,12,11,34,S37,False,0,5,5,0,15,2,0,0,0,"['B722', 'B649', 'B227', 'B393', 'B368', 'B334', 'B98', 'B650', 'B102', 'B482', 'B540', 'B599', 'B539', 'B349', 'B498']",16.5,S20,10.44,15,5,20,0.0,,-0.218751,-5.700254,-5.919005,True,True,36,S27,True,31,1.7719,pickup+onsite,,,,,,,,,,,,,,,,,,,,,,,,,,,,,,,,,,,,,,,,,,,,,,,,,,,,,,,,,,,
47,12,12,1,S20,False,15,5,20,9,0,0,0,0,0,"['B722', 'B649', 'B227', 'B393', 'B368', 'B334', 'B98', 'B650', 'B102']",7.5,S51,15.11,6,5,11,0.0,,-0.177256,-5.722142,-5.899399,True,False,30,S51,False,9,0.7808,delivery,,,,,,,,,,,,,,,,,,,,,,,,,,,,,,,,,,,,,,,,,,,,,,,,,,,,,,,,,,,
47,12,12,24,S51,False,6,5,11,6,0,0,0,0,0,"['B482', 'B540', 'B599', 'B539', 'B349', 'B498']",6.0,S9,3.47,0,5,5,0.0,,-0.147851,-5.711329,-5.859181,True,False,24,S45,True,15,0.7439,delivery,,,,,,,,,,,,,,,,,,,,,,,,,,,,,,,,,,,,,,,,,,,,,,,,,,,,,,,,,,,
47,12,12,33,S9,False,0,5,5,0,7,0,0,0,0,"['B566', 'B664', 'B414', 'B324', 'B452', 'B238', 'B17']",6.5,S66,11.06,7,5,12,0.0,,-0.076936,-5.682713,-5.759648,True,False,36,S33,True,15,1.0351,pickup,,,,,,,,,,,,,,,,,,,,,,,,,,,,,,,,,,,,,,,,,,,,,,,,,,,,,,,,,,,
47,12,12,51,S66,False,7,5,12,7,0,0,0,0,0,"['B566', 'B664', 'B414', 'B324', 'B452', 'B238', 'B17']",6.5,S33,3.23,0,5,5,0.0,,-0.17715,-5.668037,-5.845187,False,False,12,S33,False,7,0.9056,delivery,,,,,,,,,,,,,,,,,,,,,,,,,,,,,,,,,,,,,,,,,,,,,,,,,,,,,,,,,,,
47,12,13,1,S33,False,0,5,5,0,14,0,0,0,0,"['B46', 'B143', 'B243', 'B264', 'B381', 'B584', 'B261', 'B761', 'B233', 'B110', 'B305', 'B590', 'B621', 'B369']",10.0,S32,3.27,14,5,19,0.0,,-0.23608,-5.682794,-5.918875,False,False,18,S45,True,7,1.3141,pickup,,,,,,,,,,,,,,,,,,,,,,,,,,,,,,,,,,,,,,,,,,,,,,,,,,,,,,,,,,,
47,12,13,14,S32,False,14,5,19,13,0,0,3,0,0,"['B461', 'B438', 'B126', 'B46', 'B143', 'B243', 'B264', 'B381', 'B584', 'B261', 'B761', 'B233', 'B110', 'B305', 'B590', 'B621']",11.0,S45,2.27,1,8,9,0.0,,-0.064832,-5.617351,-5.682184,True,True,60,S17,True,34,3.5414,delivery+depot_removal,,,,,,,,,,,,,,,,,,,,,,,,,,,,,,,,,,,,,,,,,,,,,,,,,,,,,,,,,,,
47,12,13,27,S45,False,1,8,9,0,7,0,0,0,0,"['B710', 'B460', 'B567', 'B64', 'B206', 'B225', 'B203']",6.5,S17,9.1,8,8,16,0.0,,-0.064622,-5.60296,-5.667582,False,False,18,S17,False,9,0.9137,pickup,,,,,,,,,,,,,,,,,,,,,,,,,,,,,,,,,,,,,,,,,,,,,,,,,,,,,,,,,,,
47,12,13,43,S17,False,8,8,16,8,0,0,0,0,0,"['B369', 'B710', 'B460', 'B567', 'B64', 'B206', 'B225', 'B203']",7.0,S55,8.57,0,8,8,0.0,,-0.100665,-5.597095,-5.69776,False,False,12,S31,True,6,0.7904,delivery,,,,,,,,,,,,,,,,,,,,,,,,,,,,,,,,,,,,,,,,,,,,,,,,,,,,,,,,,,,
47,12,13,58,S55,False,0,8,8,0,12,0,0,0,0,"['B392', 'B502', 'B77', 'B299', 'B596', 'B119', 'B715', 'B322', 'B5', 'B383', 'B453', 'B683']",9.0,S27,5.34,12,8,20,0.0,,-0.08844,-5.58899,-5.67743,True,False,36,S31,True,26,1.8362,pickup,,,,,,,,,,,,,,,,,,,,,,,,,,,,,,,,,,,,,,,,,,,,,,,,,,,,,,,,,,,
47,12,14,13,S27,False,12,8,20,12,0,0,0,0,0,"['B392', 'B502', 'B77', 'B299', 'B596', 'B119', 'B715', 'B322', 'B5', 'B383', 'B453', 'B683']",9.0,S59,4.6,0,8,8,0.0,,-0.082508,-5.571724,-5.654232,False,False,12,S31,True,6,0.7796,delivery,,,,,,,,,,,,,,,,,,,,,,,,,,,,,,,,,,,,,,,,,,,,,,,,,,,,,,,,,,,
47,12,14,26,S59,False,0,8,8,0,12,0,0,0,0,"['B190', 'B595', 'B302', 'B445', 'B295', 'B174', 'B706', 'B501', 'B329', 'B127', 'B161', 'B346']",9.0,S26,8.38,12,8,20,0.0,,-0.10029,-5.637736,-5.738026,False,False,12,S28,True,7,0.7472,pickup,,,,,,,,,,,,,,,,,,,,,,,,,,,,,,,,,,,,,,,,,,,,,,,,,,,,,,,,,,,
47,12,14,44,S26,False,12,8,20,12,0,0,0,0,0,"['B190', 'B595', 'B302', 'B445', 'B295', 'B174', 'B706', 'B501', 'B329', 'B127', 'B161', 'B346']",9.0,S42,6.95,0,8,8,0.0,,-0.08871,-5.584586,-5.673296,False,False,12,S24,True,7,0.5923,delivery,,,,,,,,,,,,,,,,,,,,,,,,,,,,,,,,,,,,,,,,,,,,,,,,,,,,,,,,,,,
47,12,15,0,S42,False,0,8,8,0,11,0,0,0,0,"['B52', 'B69', 'B664', 'B300', 'B414', 'B410', 'B738', 'B658', 'B732', 'B712', 'B289']",8.5,S51,9.5,11,8,19,0.0,,-0.148602,-5.586772,-5.735373,True,False,30,S15,True,21,1.7839,pickup,,,,,,,,,,,,,,,,,,,,,,,,,,,,,,,,,,,,,,,,,,,,,,,,,,,,,,,,,,,
47,12,15,18,S51,False,11,8,19,11,0,0,0,0,0,"['B52', 'B69', 'B664', 'B300', 'B414', 'B410', 'B738', 'B658', 'B732', 'B712', 'B289']",8.5,S62,5.81,0,8,8,0.0,,-0.195051,-5.594693,-5.789744,True,False,30,S62,False,13,1.4996,delivery,,,,,,,,,,,,,,,,,,,,,,,,,,,,,,,,,,,,,,,,,,,,,,,,,,,,,,,,,,,
47,12,15,32,S62,False,0,8,8,0,8,0,0,0,0,"['B717', 'B27', 'B670', 'B266', 'B212', 'B625', 'B95', 'B97']",7.0,S66,2.92,8,8,16,0.0,,-0.195261,-5.613998,-5.809259,True,False,42,S15,True,20,2.0058,pickup,,,,,,,,,,,,,,,,,,,,,,,,,,,,,,,,,,,,,,,,,,,,,,,,,,,,,,,,,,,
47,12,15,42,S66,False,8,8,16,8,0,0,0,0,0,"['B717', 'B27', 'B670', 'B266', 'B212', 'B625', 'B95', 'B97']",7.0,S53,4.87,0,8,8,0.0,,-0.200909,-5.602437,-5.803346,False,False,12,S52,True,9,0.9257,delivery,,,,,,,,,,,,,,,,,,,,,,,,,,,,,,,,,,,,,,,,,,,,,,,,,,,,,,,,,,,
47,12,15,54,S53,False,0,8,8,0,12,0,0,0,0,"['B180', 'B237', 'B318', 'B193', 'B735', 'B653', 'B718', 'B652', 'B43', 'B298', 'B167', 'B747']",9.0,S35,5.18,12,8,20,0.0,,-0.154293,-5.617537,-5.771829,False,False,18,S44,True,9,0.6723,pickup,,,,,,,,,,,,,,,,,,,,,,,,,,,,,,,,,,,,,,,,,,,,,,,,,,,,,,,,,,,
47,12,16,8,S35,False,12,8,20,9,0,0,0,0,0,"['B180', 'B237', 'B318', 'B193', 'B735', 'B653', 'B718', 'B652', 'B43']",7.5,S29,1.95,3,8,11,0.0,,-0.159565,-5.588498,-5.748063,False,False,18,S6,True,6,0.9049,delivery,,,,,,,,,,,,,,,,,,,,,,,,,,,,,,,,,,,,,,,,,,,,,,,,,,,,,,,,,,,
47,12,16,17,S29,False,3,8,11,3,0,0,0,0,0,"['B298', 'B167', 'B747']",4.5,S61,5.74,0,8,8,0.0,,-0.094492,-5.609471,-5.703962,False,False,12,S51,True,7,0.6223,delivery,,,,,,,,,,,,,,,,,,,,,,,,,,,,,,,,,,,,,,,,,,,,,,,,,,,,,,,,,,,
47,12,16,28,S61,False,0,8,8,0,10,0,0,0,0,"['B25', 'B470', 'B155', 'B524', 'B76', 'B197', 'B435', 'B549', 'B8', 'B664']",8.0,S29,5.74,10,8,18,0.0,,-0.076951,-5.561133,-5.638084,False,False,18,S44,True,12,1.0569,pickup,,,,,,,,,,,,,,,,,,,,,,,,,,,,,,,,,,,,,,,,,,,,,,,,,,,,,,,,,,,
47,12,16,41,S29,False,10,8,18,10,0,0,0,0,0,"['B25', 'B470', 'B155', 'B524', 'B76', 'B197', 'B435', 'B549', 'B8', 'B664']",8.0,S8,9.44,0,8,8,0.0,,-0.04112,-5.565631,-5.60675,False,False,12,S15,True,8,0.7778,delivery,,,,,,,,,,,,,,,,,,,,,,,,,,,,,,,,,,,,,,,,,,,,,,,,,,,,,,,,,,,
47,12,16,59,S8,False,0,8,8,0,11,2,0,0,0,"['B38', 'B36', 'B104', 'B644', 'B657', 'B245', 'B530', 'B394', 'B604', 'B306', 'B132']",14.5,S25,22.58,11,8,19,0.0,,-0.052863,-5.571758,-5.62462,True,True,72,S51,True,63,3.4666,pickup+onsite,,,,,,,,,,,,,,,,,,,,,,,,,,,,,,,,,,,,,,,,,,,,,,,,,,,,,,,,,,,
47,12,17,36,S25,False,11,8,19,11,0,0,0,0,0,"['B38', 'B36', 'B104', 'B644', 'B657', 'B245', 'B530', 'B394', 'B604', 'B306', 'B132']",8.5,S66,9.93,0,8,8,0.0,,-0.041419,-5.541517,-5.582936,True,False,30,S66,False,12,1.1231,delivery,,,,,,,,,,,,,,,,,,,,,,,,,,,,,,,,,,,,,,,,,,,,,,,,,,,,,,,,,,,
47,12,17,54,S66,False,0,8,8,0,12,0,0,0,0,"['B95', 'B97', 'B270', 'B513', 'B636', 'B517', 'B196', 'B15', 'B159', 'B487', 'B364', 'B503']",9.0,S18,2.06,12,8,20,0.0,,-0.088337,-5.552869,-5.641206,False,False,12,S31,True,6,0.9538,pickup,,,,,,,,,,,,,,,,,,,,,,,,,,,,,,,,,,,,,,,,,,,,,,,,,,,,,,,,,,,
47,12,18,5,S18,False,12,8,20,10,0,0,0,0,0,"['B95', 'B97', 'B270', 'B513', 'B636', 'B517', 'B196', 'B15', 'B159', 'B487']",8.0,S62,3.1,2,8,10,0.0,,-0.064832,-5.494856,-5.559688,True,False,42,S55,True,9,2.3273,delivery,,,,,,,,,,,,,,,,,,,,,,,,,,,,,,,,,,,,,,,,,,,,,,,,,,,,,,,,,,,
47,12,18,17,S62,False,2,8,10,0,10,0,0,0,0,"['B391', 'B532', 'B115', 'B323', 'B344', 'B680', 'B655', 'B637', 'B314', 'B437']",8.0,S55,3.22,12,8,20,0.0,,-0.047082,-5.492965,-5.540047,True,False,24,S33,True,18,0.7926,pickup,,,,,,,,,,,,,,,,,,,,,,,,,,,,,,,,,,,,,,,,,,,,,,,,,,,,,,,,,,,
47,12,18,28,S55,False,12,8,20,12,0,0,0,0,0,"['B364', 'B503', 'B391', 'B532', 'B115', 'B323', 'B344', 'B680', 'B655', 'B637', 'B314', 'B437']",9.0,S42,4.34,0,8,8,0.0,,-0.017736,-5.476722,-5.494458,True,False,48,S42,True,12,1.4551,delivery,,,,,,,,,,,,,,,,,,,,,,,,,,,,,,,,,,,,,,,,,,,,,,,,,,,,,,,,,,,
47,12,18,41,S42,False,0,8,8,0,12,0,0,0,0,"['B734', 'B386', 'B58', 'B414', 'B93', 'B738', 'B744', 'B712', 'B669', 'B318', 'B652', 'B338']",9.0,S45,6.84,12,8,20,0.0,,-0.017586,-5.470709,-5.488295,True,False,30,S11,True,14,0.7559,pickup,,,,,,,,,,,,,,,,,,,,,,,,,,,,,,,,,,,,,,,,,,,,,,,,,,,,,,,,,,,
47,12,18,57,S45,False,12,8,20,0,0,0,0,0,0,[],3.0,S29,4.09,12,8,20,0.0,,-0.041239,-5.488096,-5.529335,False,False,12,S29,True,1,0.5962,do_nothing,,,,,,,,,,,,,,,,,,,,,,,,,,,,,,,,,,,,,,,,,,,,,,,,,,,,,,,,,,,
47,12,19,4,S29,False,12,8,20,12,0,0,0,0,0,"['B734', 'B386', 'B58', 'B414', 'B93', 'B738', 'B744', 'B712', 'B669', 'B318', 'B652', 'B338']",9.0,S64,7.1,0,8,8,0.0,,-0.011849,-5.455984,-5.467833,False,False,12,S54,True,10,0.5051,delivery,,,,,,,,,,,,,,,,,,,,,,,,,,,,,,,,,,,,,,,,,,,,,,,,,,,,,,,,,,,
47,12,19,20,S64,False,0,8,8,0,7,0,0,0,0,"['B262', 'B430', 'B396', 'B0', 'B400', 'B593', 'B368']",6.5,S18,0.52,7,8,15,0.0,,-0.011744,-5.440703,-5.452447,False,False,18,S16,True,6,1.6477,pickup,,,,,,,,,,,,,,,,,,,,,,,,,,,,,,,,,,,,,,,,,,,,,,,,,,,,,,,,,,,
47,12,19,27,S18,False,7,8,15,0,5,0,0,0,0,"['B95', 'B97', 'B270', 'B513', 'B636']",5.5,S55,6.05,12,8,20,0.0,,-0.029555,-5.435213,-5.464768,True,False,24,S55,False,20,2.2113,pickup,,,,,,,,,,,,,,,,,,,,,,,,,,,,,,,,,,,,,,,,,,,,,,,,,,,,,,,,,,,
47,12,19,39,S55,False,12,8,20,0,0,0,0,0,0,[],3.0,S46,2.88,12,8,20,0.0,,-0.011759,-5.426941,-5.438699,True,False,14,S10,True,2,0.4164,do_nothing,,,,,,,,,,,,,,,,,,,,,,,,,,,,,,,,,,,,,,,,,,,,,,,,,,,,,,,,,,,
47,12,19,45,S46,False,12,8,20,12,0,0,0,0,0,"['B262', 'B430', 'B396', 'B0', 'B400', 'B593', 'B368', 'B95', 'B97', 'B270', 'B513', 'B636']",9.0,D0,2.11,0,8,8,0.0,,-0.041375,-5.450027,-5.491402,False,False,3,D0,True,2,0.0917,delivery,,,,,,,,,,,,,,,,,,,,,,,,,,,,,,,,,,,,,,,,,,,,,,,,,,,,,,,,,,,
47,12,19,56,D0,True,0,8,8,8,0,0,0,8,9,"['B37', 'B431', 'B24', 'B733', 'B628', 'B475', 'B412', 'B687', 'B574', 'B729', 'B92', 'B221', 'B16', 'B694', 'B461', 'B438', 'B126']",15.5,D0,0.0,1,0,1,0.0,,-0.100365,-5.451221,-5.551586,True,True,1,D0,False,0,0.0368,do_nothing,,,,,,,,,,,,,,,,,,,,,,,,,,,,,,,,,,,,,,,,,,,,,,,,,,,,,,,,,,,
47,13,6,2,D0,True,9,0,9,0,0,0,0,0,0,[],3.0,S44,1.67,9,0,9,0.0,,-0.047412,-5.467648,-5.51506,True,True,5,S40,True,2,0.1557,depot_passthrough,,,,,,,,,,,,,,,,,,,,,,,,,,,,,,,,,,,,,,,,,,,,,,,,,,,,,,,,,,,
47,13,6,22,S44,False,9,0,9,0,11,0,0,0,0,"['B2', 'B417', 'B380', 'B13', 'B190', 'B507', 'B420', 'B23', 'B149', 'B151', 'B117']",8.5,S30,5.63,20,0,20,0.0,,-0.029676,-5.468419,-5.498095,False,False,12,S30,False,7,0.4249,pickup,,,,,,,,,,,,,,,,,,,,,,,,,,,,,,,,,,,,,,,,,,,,,,,,,,,,,,,,,,,
47,13,6,36,S30,False,20,0,20,10,0,0,0,0,0,"['B37', 'B431', 'B24', 'B733', 'B628', 'B475', 'B412', 'B687', 'B574', 'B2']",8.0,S60,1.77,10,0,10,0.0,,-0.005917,-5.467572,-5.473489,True,False,30,S40,True,19,1.3324,delivery,,,,,,,,,,,,,,,,,,,,,,,,,,,,,,,,,,,,,,,,,,,,,,,,,,,,,,,,,,,
47,13,6,46,S60,False,10,0,10,0,10,0,0,0,0,"['B563', 'B707', 'B450', 'B189', 'B259', 'B763', 'B309', 'B554', 'B728', 'B367']",8.0,S15,4.42,20,0,20,0.0,,-0.017527,-5.442323,-5.45985,False,False,12,S15,False,8,0.4929,pickup,,,,,,,,,,,,,,,,,,,,,,,,,,,,,,,,,,,,,,,,,,,,,,,,,,,,,,,,,,,
47,13,6,58,S15,False,20,0,20,12,0,0,0,0,0,"['B417', 'B380', 'B13', 'B190', 'B507', 'B420', 'B23', 'B149', 'B151', 'B117', 'B563', 'B707']",9.0,S41,4.47,8,0,8,0.0,,-0.02957,-5.45289,-5.48246,False,False,18,S40,True,7,1.2935,delivery,,,,,,,,,,,,,,,,,,,,,,,,,,,,,,,,,,,,,,,,,,,,,,,,,,,,,,,,,,,
47,13,7,12,S41,False,8,0,8,0,9,0,3,0,0,"['B258', 'B482', 'B714', 'B522', 'B599', 'B300', 'B497', 'B452', 'B555', 'B200', 'B281', 'B44']",9.0,S22,3.42,17,3,20,0.0,,-0.017721,-5.465944,-5.483666,True,True,84,S22,True,78,5.1307,pickup+depot_removal,,,,,,,,,,,,,,,,,,,,,,,,,,,,,,,,,,,,,,,,,,,,,,,,,,,,,,,,,,,
47,13,7,24,S22,False,17,3,20,15,0,0,0,0,0,"['B450', 'B189', 'B259', 'B763', 'B309', 'B554', 'B728', 'B367', 'B258', 'B482', 'B714', 'B522', 'B599', 'B300', 'B497']",10.5,S31,4.51,2,3,5,0.0,,-0.011864,-5.464376,-5.47624,True,False,36,S33,True,26,2.3059,delivery,,,,,,,,,,,,,,,,,,,,,,,,,,,,,,,,,,,,,,,,,,,,,,,,,,,,,,,,,,,
47,13,7,39,S31,False,2,3,5,0,7,2,0,0,0,"['B759', 'B291', 'B411', 'B673', 'B174', 'B761', 'B70']",12.5,S12,9.37,9,3,12,0.0,,-0.011804,-5.472518,-5.484322,True,True,252,S12,True,153,10.8661,pickup+onsite,,,,,,,,,,,,,,,,,,,,,,,,,,,,,,,,,,,,,,,,,,,,,,,,,,,,,,,,,,,
47,13,8,1,S12,False,9,3,12,0,8,0,0,0,0,"['B632', 'B722', 'B472', 'B686', 'B558', 'B758', 'B139', 'B725']",7.0,S1,9.79,17,3,20,0.0,,-0.017646,-5.500514,-5.51816,True,False,24,S33,True,12,0.8799,pickup,,,,,,,,,,,,,,,,,,,,,,,,,,,,,,,,,,,,,,,,,,,,,,,,,,,,,,,,,,,
47,13,8,18,S1,False,17,3,20,11,0,0,0,0,0,"['B452', 'B555', 'B759', 'B291', 'B411', 'B673', 'B174', 'B761', 'B70', 'B632', 'B722']",8.5,S11,2.67,6,3,9,0.0,,-0.011684,-5.472088,-5.483772,False,False,18,S53,True,6,0.6867,delivery,,,,,,,,,,,,,,,,,,,,,,,,,,,,,,,,,,,,,,,,,,,,,,,,,,,,,,,,,,,
47,13,8,29,S11,False,6,3,9,0,11,0,0,0,0,"['B646', 'B223', 'B276', 'B402', 'B137', 'B80', 'B601', 'B623', 'B50', 'B736', 'B603']",8.5,S33,8.56,17,3,20,0.0,,0.0,-5.469476,-5.469476,False,False,12,S33,False,9,0.5345,pickup,,,,,,,,,,,,,,,,,,,,,,,,,,,,,,,,,,,,,,,,,,,,,,,,,,,,,,,,,,,
47,13,8,46,S33,False,17,3,20,0,0,0,0,0,0,[],3.0,S55,3.28,17,3,20,0.0,,-0.005947,-5.468562,-5.474509,False,False,18,S53,True,1,0.9072,do_nothing,,,,,,,,,,,,,,,,,,,,,,,,,,,,,,,,,,,,,,,,,,,,,,,,,,,,,,,,,,,
47,13,8,52,S55,False,17,3,20,0,0,1,0,0,0,[],6.0,S33,3.28,17,3,20,0.0,,-0.005887,-5.458394,-5.46428,True,True,84,S53,True,7,4.3324,do_nothing+onsite,,,,,,,,,,,,,,,,,,,,,,,,,,,,,,,,,,,,,,,,,,,,,,,,,,,,,,,,,,,
47,13,9,2,S33,False,17,3,20,14,0,0,0,0,0,"['B472', 'B686', 'B558', 'B758', 'B139', 'B725', 'B646', 'B223', 'B276', 'B402', 'B137', 'B80', 'B601', 'B623']",10.0,S5,12.15,3,3,6,0.0,,-0.011699,-5.493434,-5.505133,False,False,18,S55,True,16,0.8298,delivery,,,,,,,,,,,,,,,,,,,,,,,,,,,,,,,,,,,,,,,,,,,,,,,,,,,,,,,,,,,
47,13,9,24,S5,False,3,3,6,0,14,0,0,0,0,"['B500', 'B481', 'B28', 'B591', 'B457', 'B654', 'B444', 'B325', 'B609', 'B135', 'B488', 'B105', 'B65', 'B146']",10.0,S14,15.22,17,3,20,0.0,,-0.005992,-5.47924,-5.485232,True,False,24,S14,False,13,1.3207,pickup,,,,,,,,,,,,,,,,,,,,,,,,,,,,,,,,,,,,,,,,,,,,,,,,,,,,,,,,,,,
47,13,9,49,S14,False,17,3,20,8,0,0,1,0,0,"['B273', 'B50', 'B736', 'B603', 'B500', 'B481', 'B28', 'B591', 'B457']",7.5,S51,10.95,9,4,13,0.0,,-0.052834,-5.53695,-5.589784,True,True,30,S10,True,13,1.2389,delivery+depot_removal,,,,,,,,,,,,,,,,,,,,,,,,,,,,,,,,,,,,,,,,,,,,,,,,,,,,,,,,,,,
47,13,10,7,S51,False,9,4,13,0,7,0,0,0,0,"['B551', 'B762', 'B30', 'B653', 'B545', 'B478', 'B246']",6.5,S41,8.36,16,4,20,0.0,,-0.035442,-5.53488,-5.570322,True,False,24,S48,True,19,0.8023,pickup,,,,,,,,,,,,,,,,,,,,,,,,,,,,,,,,,,,,,,,,,,,,,,,,,,,,,,,,,,,
47,13,10,22,S41,False,16,4,20,13,0,0,1,0,0,"['B351', 'B654', 'B444', 'B325', 'B609', 'B135', 'B488', 'B105', 'B65', 'B146', 'B551', 'B762', 'B30', 'B653']",10.0,S45,5.49,3,5,8,0.0,,-0.047306,-5.544336,-5.591642,True,True,30,S26,True,26,1.9052,delivery+depot_removal,,,,,,,,,,,,,,,,,,,,,,,,,,,,,,,,,,,,,,,,,,,,,,,,,,,,,,,,,,,
47,13,10,38,S45,False,3,5,8,0,0,0,0,0,0,[],3.0,S61,3.27,3,5,8,0.0,,-0.135343,-5.608194,-5.743537,False,False,12,S61,False,1,0.4258,do_nothing,,,,,,,,,,,,,,,,,,,,,,,,,,,,,,,,,,,,,,,,,,,,,,,,,,,,,,,,,,,
47,13,10,44,S61,False,3,5,8,3,0,0,0,0,0,"['B545', 'B478', 'B246']",4.5,S23,6.04,0,5,5,0.0,,-0.088514,-5.575351,-5.663865,True,False,24,S12,True,16,1.2257,delivery,,,,,,,,,,,,,,,,,,,,,,,,,,,,,,,,,,,,,,,,,,,,,,,,,,,,,,,,,,,
47,13,10,55,S23,False,0,5,5,0,6,0,0,0,0,"['B764', 'B521', 'B157', 'B213', 'B100', 'B181']",6.0,S32,11.46,6,5,11,0.0,,-0.094687,-5.600515,-5.695202,True,False,108,S12,True,73,3.8821,pickup,,,,,,,,,,,,,,,,,,,,,,,,,,,,,,,,,,,,,,,,,,,,,,,,,,,,,,,,,,,
47,13,11,12,S32,False,6,5,11,6,0,0,0,0,0,"['B764', 'B521', 'B157', 'B213', 'B100', 'B181']",6.0,S51,4.37,0,5,5,0.0,,-0.147491,-5.586325,-5.733816,False,False,12,S51,False,6,0.5461,delivery,,,,,,,,,,,,,,,,,,,,,,,,,,,,,,,,,,,,,,,,,,,,,,,,,,,,,,,,,,,
47,13,11,22,S51,False,0,5,5,0,10,0,1,0,0,"['B466', 'B529', 'B621', 'B72', 'B350', 'B150', 'B733', 'B628', 'B678', 'B264', 'B169']",8.5,S55,5.48,10,6,16,0.0,,-0.035143,-5.571026,-5.606169,True,True,54,S52,True,46,3.2327,pickup+depot_removal,,,,,,,,,,,,,,,,,,,,,,,,,,,,,,,,,,,,,,,,,,,,,,,,,,,,,,,,,,,
47,13,11,36,S55,False,10,6,16,10,0,0,0,0,0,"['B466', 'B529', 'B621', 'B72', 'B350', 'B150', 'B733', 'B628', 'B678', 'B264']",8.0,S52,3.9,0,6,6,0.0,,-0.041015,-5.585475,-5.626489,True,False,36,S52,False,22,1.6966,delivery,,,,,,,,,,,,,,,,,,,,,,,,,,,,,,,,,,,,,,,,,,,,,,,,,,,,,,,,,,,
47,13,11,48,S52,False,0,6,6,0,10,0,1,0,0,"['B101', 'B348', 'B602', 'B131', 'B120', 'B342', 'B447', 'B570', 'B231', 'B392', 'B48']",8.5,S62,1.55,10,7,17,0.0,,-0.076802,-5.558738,-5.63554,True,True,36,S31,True,32,1.8355,pickup+depot_removal,,,,,,,,,,,,,,,,,,,,,,,,,,,,,,,,,,,,,,,,,,,,,,,,,,,,,,,,,,,
47,13,11,58,S62,False,10,7,17,10,0,0,2,0,0,"['B723', 'B462', 'B101', 'B348', 'B602', 'B131', 'B120', 'B342', 'B447', 'B570', 'B231', 'B392']",9.0,S9,9.28,0,9,9,0.0,,-0.082568,-5.546788,-5.629356,True,True,54,S10,True,50,2.7537,delivery+depot_removal,,,,,,,,,,,,,,,,,,,,,,,,,,,,,,,,,,,,,,,,,,,,,,,,,,,,,,,,,,,
47,13,12,17,S9,False,0,9,9,0,6,0,0,0,0,"['B134', 'B81', 'B202', 'B539', 'B152', 'B178']",6.0,S48,3.03,6,9,15,0.0,,-0.058796,-5.58548,-5.644276,True,False,36,S12,True,27,1.3638,pickup,,,,,,,,,,,,,,,,,,,,,,,,,,,,,,,,,,,,,,,,,,,,,,,,,,,,,,,,,,,
47,13,12,26,S48,False,6,9,15,6,0,0,0,0,0,"['B134', 'B81', 'B202', 'B539', 'B152', 'B178']",6.0,S12,1.68,0,9,9,0.0,,-0.052939,-5.55152,-5.604459,False,False,12,S12,False,6,0.543,delivery,,,,,,,,,,,,,,,,,,,,,,,,,,,,,,,,,,,,,,,,,,,,,,,,,,,,,,,,,,,
47,13,12,33,S12,False,0,9,9,0,7,0,0,0,0,"['B391', 'B263', 'B711', 'B384', 'B629', 'B734', 'B205']",6.5,S26,13.22,7,9,16,0.0,,-0.059066,-5.576797,-5.635862,True,False,72,S0,True,24,2.366,pickup,,,,,,,,,,,,,,,,,,,,,,,,,,,,,,,,,,,,,,,,,,,,,,,,,,,,,,,,,,,
47,13,12,53,S26,False,7,9,16,0,0,0,0,0,0,[],3.0,S61,6.04,7,9,16,0.0,,-0.183879,-5.608277,-5.792156,False,False,12,S56,True,1,0.4877,do_nothing,,,,,,,,,,,,,,,,,,,,,,,,,,,,,,,,,,,,,,,,,,,,,,,,,,,,,,,,,,,
47,13,13,2,S61,False,7,9,16,0,0,0,0,0,0,[],3.0,S26,6.04,7,9,16,0.0,,-0.159535,-5.61054,-5.770075,True,False,36,S30,True,0,1.4688,do_nothing,,,,,,,,,,,,,,,,,,,,,,,,,,,,,,,,,,,,,,,,,,,,,,,,,,,,,,,,,,,
47,13,13,11,S26,False,7,9,16,7,0,0,0,0,0,"['B391', 'B263', 'B711', 'B384', 'B629', 'B734', 'B205']",6.5,S60,6.85,0,9,9,0.0,,-0.153889,-5.56579,-5.719679,False,False,12,S30,True,10,0.6528,delivery,,,,,,,,,,,,,,,,,,,,,,,,,,,,,,,,,,,,,,,,,,,,,,,,,,,,,,,,,,,
47,13,13,24,S60,False,0,9,9,0,11,0,0,0,0,"['B163', 'B227', 'B339', 'B204', 'B416', 'B752', 'B566', 'B490', 'B600', 'B531', 'B436']",8.5,S30,1.77,11,9,20,0.0,,-0.195321,-5.581983,-5.777303,False,False,12,S13,True,7,0.499,pickup,,,,,,,,,,,,,,,,,,,,,,,,,,,,,,,,,,,,,,,,,,,,,,,,,,,,,,,,,,,
47,13,13,35,S30,False,11,9,20,8,0,0,0,0,0,"['B163', 'B227', 'B339', 'B204', 'B416', 'B752', 'B566', 'B490']",7.0,S51,9.24,3,9,12,0.0,,-0.077026,-5.566736,-5.643762,True,False,30,S51,False,8,1.2989,delivery,,,,,,,,,,,,,,,,,,,,,,,,,,,,,,,,,,,,,,,,,,,,,,,,,,,,,,,,,,,
47,13,13,51,S51,False,3,9,12,3,0,0,0,0,0,"['B600', 'B531', 'B436']",4.5,S41,8.36,0,9,9,0.0,,-0.118551,-5.564769,-5.68332,True,False,24,S41,False,12,1.1114,delivery,,,,,,,,,,,,,,,,,,,,,,,,,,,,,,,,,,,,,,,,,,,,,,,,,,,,,,,,,,,
47,13,14,4,S41,False,0,9,9,0,11,0,0,0,0,"['B105', 'B65', 'B146', 'B551', 'B762', 'B30', 'B653', 'B637', 'B725', 'B718', 'B636']",8.5,S5,7.89,11,9,20,0.0,,-0.136528,-5.566485,-5.703014,False,False,12,S5,False,6,0.5459,pickup,,,,,,,,,,,,,,,,,,,,,,,,,,,,,,,,,,,,,,,,,,,,,,,,,,,,,,,,,,,
47,13,14,20,S5,False,11,9,20,11,0,0,0,0,0,"['B105', 'B65', 'B146', 'B551', 'B762', 'B30', 'B653', 'B637', 'B725', 'B718', 'B636']",8.5,S63,13.17,0,9,9,0.0,,-0.077252,-5.532233,-5.609485,True,False,24,S13,True,12,1.3089,delivery,,,,,,,,,,,,,,,,,,,,,,,,,,,,,,,,,,,,,,,,,,,,,,,,,,,,,,,,,,,
47,13,14,42,S63,False,0,9,9,0,0,0,0,0,0,[],3.0,S38,3.49,0,9,9,0.0,,-0.09409,-5.586818,-5.680908,True,False,24,S38,False,4,0.7821,do_nothing,,,,,,,,,,,,,,,,,,,,,,,,,,,,,,,,,,,,,,,,,,,,,,,,,,,,,,,,,,,
47,13,14,48,S38,False,0,9,9,0,9,0,0,0,0,"['B154', 'B21', 'B27', 'B277', 'B558', 'B139', 'B223', 'B646', 'B402']",7.5,S23,6.46,9,9,18,0.0,,-0.106356,-5.547276,-5.653632,False,False,18,S15,True,16,0.8552,pickup,,,,,,,,,,,,,,,,,,,,,,,,,,,,,,,,,,,,,,,,,,,,,,,,,,,,,,,,,,,
47,13,15,2,S23,False,9,9,18,7,0,0,0,0,0,"['B154', 'B21', 'B27', 'B277', 'B558', 'B139', 'B223']",6.5,S32,11.46,2,9,11,0.0,,-0.130162,-5.55823,-5.688392,True,False,108,S13,True,72,3.1778,delivery,,,,,,,,,,,,,,,,,,,,,,,,,,,,,,,,,,,,,,,,,,,,,,,,,,,,,,,,,,,
47,13,15,20,S32,False,2,9,11,0,9,0,0,0,0,"['B100', 'B181', 'B213', 'B237', 'B193', 'B158', 'B101', 'B746', 'B447']",7.5,S48,4.4,11,9,20,0.0,,-0.130131,-5.570289,-5.70042,False,False,12,S48,False,7,0.351,pickup,,,,,,,,,,,,,,,,,,,,,,,,,,,,,,,,,,,,,,,,,,,,,,,,,,,,,,,,,,,
47,13,15,32,S48,False,11,9,20,10,0,0,0,0,0,"['B646', 'B402', 'B100', 'B181', 'B213', 'B237', 'B193', 'B158', 'B101', 'B746']",8.0,S63,4.03,1,9,10,0.0,,-0.11175,-5.590694,-5.702444,False,False,18,S15,True,8,0.6534,delivery,,,,,,,,,,,,,,,,,,,,,,,,,,,,,,,,,,,,,,,,,,,,,,,,,,,,,,,,,,,
47,13,15,44,S63,False,1,9,10,0,10,0,0,0,0,"['B584', 'B53', 'B399', 'B370', 'B491', 'B386', 'B58', 'B364', 'B82', 'B697']",8.0,S15,5.25,11,9,20,0.0,,-0.159534,-5.589535,-5.74907,True,False,24,S12,True,12,0.7558,pickup,,,,,,,,,,,,,,,,,,,,,,,,,,,,,,,,,,,,,,,,,,,,,,,,,,,,,,,,,,,
47,13,15,57,S15,False,11,9,20,11,0,0,0,0,0,"['B447', 'B584', 'B53', 'B399', 'B370', 'B491', 'B386', 'B58', 'B364', 'B82', 'B697']",8.5,S61,3.33,0,9,9,0.0,,-0.123733,-5.613097,-5.73683,False,False,12,S21,True,9,0.3914,delivery,,,,,,,,,,,,,,,,,,,,,,,,,,,,,,,,,,,,,,,,,,,,,,,,,,,,,,,,,,,
47,13,16,9,S61,False,0,9,9,0,10,1,0,0,0,"['B20', 'B361', 'B22', 'B57', 'B147', 'B523', 'B45', 'B516', 'B145', 'B5']",11.0,S35,7.62,10,9,19,0.0,,-0.076953,-5.560425,-5.637378,True,True,72,S62,True,62,3.2141,pickup+onsite,,,,,,,,,,,,,,,,,,,,,,,,,,,,,,,,,,,,,,,,,,,,,,,,,,,,,,,,,,,
47,13,16,28,S35,False,10,9,19,10,0,0,0,0,0,"['B20', 'B361', 'B22', 'B57', 'B147', 'B523', 'B45', 'B516', 'B145', 'B5']",8.0,S62,5.61,0,9,9,0.0,,-0.05908,-5.562389,-5.621469,False,False,12,S62,False,6,0.4117,delivery,,,,,,,,,,,,,,,,,,,,,,,,,,,,,,,,,,,,,,,,,,,,,,,,,,,,,,,,,,,
47,13,16,42,S62,False,0,9,9,0,11,0,0,0,0,"['B625', 'B183', 'B378', 'B215', 'B246', 'B187', 'B189', 'B363', 'B233', 'B691', 'B407']",8.5,S13,11.46,11,9,20,0.0,,-0.041269,-5.551625,-5.592894,False,False,12,S13,False,6,0.5144,pickup,,,,,,,,,,,,,,,,,,,,,,,,,,,,,,,,,,,,,,,,,,,,,,,,,,,,,,,,,,,
47,13,17,1,S13,False,11,9,20,11,0,0,0,0,0,"['B625', 'B183', 'B378', 'B215', 'B246', 'B187', 'B189', 'B363', 'B233', 'B691', 'B407']",8.5,S23,3.65,0,9,9,0.0,,-0.023683,-5.493436,-5.517119,True,False,24,S31,True,9,1.1928,delivery,,,,,,,,,,,,,,,,,,,,,,,,,,,,,,,,,,,,,,,,,,,,,,,,,,,,,,,,,,,
47,13,17,14,S23,False,0,9,9,0,6,1,0,0,0,"['B154', 'B21', 'B27', 'B277', 'B558', 'B139']",9.0,S51,11.83,6,9,15,0.0,,-0.041509,-5.496242,-5.537751,True,True,108,S31,True,51,4.0132,pickup+onsite,,,,,,,,,,,,,,,,,,,,,,,,,,,,,,,,,,,,,,,,,,,,,,,,,,,,,,,,,,,
47,13,17,34,S51,False,6,9,15,6,0,0,1,0,0,"['B456', 'B154', 'B21', 'B27', 'B277', 'B558', 'B139']",6.5,S54,6.18,0,10,10,0.0,,-0.035728,-5.496449,-5.532177,True,True,24,S54,True,21,0.7755,delivery+depot_removal,,,,,,,,,,,,,,,,,,,,,,,,,,,,,,,,,,,,,,,,,,,,,,,,,,,,,,,,,,,
47,13,17,47,S54,False,0,10,10,0,10,0,0,0,0,"['B708', 'B243', 'B190', 'B425', 'B284', 'B492', 'B669', 'B156', 'B393', 'B678']",8.0,S11,5.5,10,10,20,0.0,,-0.082869,-5.507545,-5.590414,False,False,12,S50,True,9,0.3054,pickup,,,,,,,,,,,,,,,,,,,,,,,,,,,,,,,,,,,,,,,,,,,,,,,,,,,,,,,,,,,
47,13,18,1,S11,False,10,10,20,8,0,0,0,0,0,"['B708', 'B243', 'B190', 'B425', 'B284', 'B492', 'B669', 'B156']",7.0,S0,1.89,2,10,12,0.0,,-0.065012,-5.483152,-5.548164,False,False,18,S27,True,7,0.5523,delivery,,,,,,,,,,,,,,,,,,,,,,,,,,,,,,,,,,,,,,,,,,,,,,,,,,,,,,,,,,,
47,13,18,10,S0,False,2,10,12,0,8,0,0,0,0,"['B564', 'B87', 'B66', 'B257', 'B229', 'B97', 'B18', 'B237']",7.0,S21,1.35,10,10,20,0.0,,-0.035654,-5.496683,-5.532336,True,False,18,S21,False,15,0.5732,pickup,,,,,,,,,,,,,,,,,,,,,,,,,,,,,,,,,,,,,,,,,,,,,,,,,,,,,,,,,,,
47,13,18,18,S21,False,10,10,20,2,0,0,0,0,0,"['B393', 'B678']",4.0,S27,11.21,8,10,18,0.0,,-0.071079,-5.494469,-5.565549,True,False,48,S27,False,6,1.0507,delivery,,,,,,,,,,,,,,,,,,,,,,,,,,,,,,,,,,,,,,,,,,,,,,,,,,,,,,,,,,,
47,13,18,33,S27,False,8,10,18,8,0,0,0,0,0,"['B564', 'B87', 'B66', 'B257', 'B229', 'B97', 'B18', 'B237']",7.0,S31,2.27,0,10,10,0.0,,-0.041225,-5.498024,-5.539249,False,False,12,S23,True,7,0.4749,delivery,,,,,,,,,,,,,,,,,,,,,,,,,,,,,,,,,,,,,,,,,,,,,,,,,,,,,,,,,,,
47,13,18,42,S31,False,0,10,10,0,0,0,0,0,0,[],3.0,S43,4.35,0,10,10,0.0,,-0.017811,-5.468522,-5.486333,True,False,60,S62,True,1,1.6592,do_nothing,,,,,,,,,,,,,,,,,,,,,,,,,,,,,,,,,,,,,,,,,,,,,,,,,,,,,,,,,,,
47,13,18,50,S43,False,0,10,10,0,10,1,0,0,0,"['B287', 'B498', 'B633', 'B47', 'B736', 'B742', 'B609', 'B548', 'B344', 'B165']",11.0,S54,4.49,10,10,20,0.0,,-0.005827,-5.4717,-5.477527,True,True,60,S62,True,32,1.846,pickup+onsite,,,,,,,,,,,,,,,,,,,,,,,,,,,,,,,,,,,,,,,,,,,,,,,,,,,,,,,,,,,
47,13,19,5,S54,False,10,10,20,10,0,0,0,0,0,"['B287', 'B498', 'B633', 'B47', 'B736', 'B742', 'B609', 'B548', 'B344', 'B165']",8.0,S62,2.78,0,10,10,0.0,,-0.017706,-5.437718,-5.455424,False,False,12,S14,True,10,0.2664,delivery,,,,,,,,,,,,,,,,,,,,,,,,,,,,,,,,,,,,,,,,,,,,,,,,,,,,,,,,,,,
47,13,19,16,S62,False,0,10,10,0,10,0,0,0,0,"['B431', 'B324', 'B657', 'B296', 'B108', 'B140', 'B486', 'B695', 'B684', 'B205']",8.0,S14,6.76,10,10,20,0.0,,0.0,-5.425146,-5.425146,False,False,12,S55,True,8,0.335,pickup,,,,,,,,,,,,,,,,,,,,,,,,,,,,,,,,,,,,,,,,,,,,,,,,,,,,,,,,,,,
47,13,19,31,S14,False,10,10,20,7,0,0,0,0,0,"['B431', 'B324', 'B657', 'B296', 'B108', 'B140', 'B486']",6.5,S32,6.61,3,10,13,0.0,,-0.005932,-5.418967,-5.424899,False,False,16,S55,True,14,0.3885,delivery,,,,,,,,,,,,,,,,,,,,,,,,,,,,,,,,,,,,,,,,,,,,,,,,,,,,,,,,,,,
47,13,19,44,S32,False,3,10,13,0,7,0,0,0,0,"['B134', 'B83', 'B339', 'B10', 'B508', 'B504', 'B421']",6.5,D0,2.55,10,10,20,0.0,,-0.023504,-5.44791,-5.471415,False,False,2,D0,False,1,0.0815,pickup,,,,,,,,,,,,,,,,,,,,,,,,,,,,,,,,,,,,,,,,,,,,,,,,,,,,,,,,,,,
47,13,19,53,D0,True,10,10,20,10,0,0,0,10,0,"['B200', 'B281', 'B44', 'B273', 'B351', 'B169', 'B48', 'B723', 'B462', 'B456']",13.0,D0,0.0,0,0,0,0.0,,-0.065103,-5.467089,-5.532192,True,True,1,D0,False,0,0.0352,do_nothing,,,,,,,,,,,,,,,,,,,,,,,,,,,,,,,,,,,,,,,,,,,,,,,,,,,,,,,,,,,
47,14,6,15,D0,True,10,0,10,0,0,0,0,0,8,"['B729', 'B92', 'B221', 'B16', 'B694', 'B461', 'B438', 'B126']",7.0,S40,0.66,18,0,18,0.0,,-0.46606,-5.660719,-6.126779,True,True,5,S27,True,2,0.2516,load_queue,,,,,,,,,,,,,,,,,,,,,,,,,,,,,,,,,,,,,,,,,,,,,,,,,,,,,,,,,,,
47,14,6,38,S40,False,18,0,18,16,0,0,0,0,0,"['B695', 'B684', 'B205', 'B134', 'B83', 'B339', 'B10', 'B508', 'B504', 'B421', 'B729', 'B92', 'B221', 'B16', 'B694', 'B461']",11.0,S54,2.17,2,0,2,0.0,,-0.148106,-5.657647,-5.805753,True,False,36,S27,True,14,1.1824,delivery,,,,,,,,,,,,,,,,,,,,,,,,,,,,,,,,,,,,,,,,,,,,,,,,,,,,,,,,,,,
47,14,6,51,S54,False,2,0,2,0,16,0,0,0,0,"['B344', 'B165', 'B685', 'B307', 'B188', 'B522', 'B575', 'B56', 'B143', 'B604', 'B423', 'B253', 'B147', 'B222', 'B127', 'B57']",11.0,S26,5.73,18,0,18,0.0,,-0.118131,-5.690888,-5.809019,False,False,18,S0,True,7,0.753,pickup,,,,,,,,,,,,,,,,,,,,,,,,,,,,,,,,,,,,,,,,,,,,,,,,,,,,,,,,,,,
47,14,7,7,S26,False,18,0,18,18,0,0,0,0,0,"['B438', 'B126', 'B344', 'B165', 'B685', 'B307', 'B188', 'B522', 'B575', 'B56', 'B143', 'B604', 'B423', 'B253', 'B147', 'B222', 'B127', 'B57']",12.0,S37,7.79,0,0,0,0.0,,-0.153213,-5.671843,-5.825056,False,False,12,S35,True,7,0.4689,delivery,,,,,,,,,,,,,,,,,,,,,,,,,,,,,,,,,,,,,,,,,,,,,,,,,,,,,,,,,,,
47,14,7,27,S37,False,0,0,0,0,18,0,0,0,0,"['B589', 'B753', 'B573', 'B449', 'B139', 'B161', 'B301', 'B574', 'B338', 'B285', 'B36', 'B110', 'B650', 'B201', 'B230', 'B51', 'B346', 'B296']",12.0,S15,4.99,18,0,18,0.0,,-0.130339,-5.680057,-5.810395,False,False,18,S29,True,15,0.7115,pickup,,,,,,,,,,,,,,,,,,,,,,,,,,,,,,,,,,,,,,,,,,,,,,,,,,,,,,,,,,,
47,14,7,44,S15,False,18,0,18,16,0,0,0,0,0,"['B589', 'B753', 'B573', 'B449', 'B139', 'B161', 'B301', 'B574', 'B338', 'B285', 'B36', 'B110', 'B650', 'B201', 'B230', 'B51']",11.0,S35,5.79,2,0,2,0.0,,-0.189466,-5.675713,-5.865179,False,False,18,S61,True,7,2.4712,delivery,,,,,,,,,,,,,,,,,,,,,,,,,,,,,,,,,,,,,,,,,,,,,,,,,,,,,,,,,,,
47,14,8,1,S35,False,2,0,2,0,14,0,0,0,0,"['B596', 'B483', 'B431', 'B287', 'B498', 'B555', 'B540', 'B558', 'B581', 'B436', 'B211', 'B136', 'B446', 'B611']",10.0,S31,8.41,16,0,16,0.0,,-0.159926,-5.652576,-5.812502,False,False,18,S32,True,8,0.959,pickup,,,,,,,,,,,,,,,,,,,,,,,,,,,,,,,,,,,,,,,,,,,,,,,,,,,,,,,,,,,
47,14,8,19,S31,False,16,0,16,16,0,0,0,0,0,"['B346', 'B296', 'B596', 'B483', 'B431', 'B287', 'B498', 'B555', 'B540', 'B558', 'B581', 'B436', 'B211', 'B136', 'B446', 'B611']",11.0,S52,2.99,0,0,0,0.0,,-0.224428,-5.667589,-5.892016,True,False,54,S45,True,27,3.1519,delivery,,,,,,,,,,,,,,,,,,,,,,,,,,,,,,,,,,,,,,,,,,,,,,,,,,,,,,,,,,,
47,14,8,33,S52,False,0,0,0,0,11,0,0,0,0,"['B75', 'B481', 'B675', 'B525', 'B633', 'B315', 'B276', 'B68', 'B635', 'B665', 'B687']",8.5,S4,1.43,11,0,11,0.0,,-0.111705,-5.67627,-5.787975,False,False,18,S63,True,14,0.8212,pickup,,,,,,,,,,,,,,,,,,,,,,,,,,,,,,,,,,,,,,,,,,,,,,,,,,,,,,,,,,,
47,14,8,43,S4,False,11,0,11,11,0,1,0,0,0,"['B75', 'B481', 'B675', 'B525', 'B633', 'B315', 'B276', 'B68', 'B635', 'B665', 'B687']",11.5,S63,2.39,0,0,0,0.0,,-0.200489,-5.681251,-5.881739,True,True,48,S63,True,36,1.794,delivery+onsite,,,,,,,,,,,,,,,,,,,,,,,,,,,,,,,,,,,,,,,,,,,,,,,,,,,,,,,,,,,
47,14,8,57,S63,False,0,0,0,0,13,1,0,0,0,"['B86', 'B227', 'B95', 'B509', 'B534', 'B116', 'B277', 'B300', 'B179', 'B732', 'B564', 'B688', 'B204']",12.5,S45,1.16,13,0,13,0.0,,-0.165257,-5.683104,-5.848361,True,True,36,S44,True,30,1.6694,pickup+onsite,,,,,,,,,,,,,,,,,,,,,,,,,,,,,,,,,,,,,,,,,,,,,,,,,,,,,,,,,,,
47,14,9,11,S45,False,13,0,13,0,7,0,0,0,0,"['B331', 'B170', 'B480', 'B726', 'B371', 'B646', 'B748']",6.5,S61,3.27,20,0,20,0.0,,-0.236442,-5.684005,-5.920447,False,False,18,S27,True,9,1.0309,pickup,,,,,,,,,,,,,,,,,,,,,,,,,,,,,,,,,,,,,,,,,,,,,,,,,,,,,,,,,,,
47,14,9,21,S61,False,20,0,20,6,0,0,0,0,0,"['B86', 'B227', 'B95', 'B509', 'B534', 'B116']",6.0,S27,2.28,14,0,14,0.0,,-0.171476,-5.710596,-5.882072,True,False,60,S27,True,36,5.7047,delivery,,,,,,,,,,,,,,,,,,,,,,,,,,,,,,,,,,,,,,,,,,,,,,,,,,,,,,,,,,,
47,14,9,29,S27,False,14,0,14,14,0,1,0,0,0,"['B277', 'B300', 'B179', 'B732', 'B564', 'B688', 'B204', 'B331', 'B170', 'B480', 'B726', 'B371', 'B646', 'B748']",13.0,S33,3.37,0,0,0,0.0,,-0.106222,-5.681386,-5.787607,True,True,24,S44,True,19,1.8273,delivery+onsite,,,,,,,,,,,,,,,,,,,,,,,,,,,,,,,,,,,,,,,,,,,,,,,,,,,,,,,,,,,
47,14,9,45,S33,False,0,0,0,0,12,0,0,0,0,"['B218', 'B355', 'B337', 'B383', 'B135', 'B488', 'B55', 'B608', 'B624', 'B381', 'B53', 'B399']",9.0,S12,6.96,12,0,12,0.0,,-0.135987,-5.678934,-5.814922,False,False,18,S44,True,14,1.6867,pickup,,,,,,,,,,,,,,,,,,,,,,,,,,,,,,,,,,,,,,,,,,,,,,,,,,,,,,,,,,,
47,14,10,1,S12,False,12,0,12,12,0,1,0,0,0,"['B218', 'B355', 'B337', 'B383', 'B135', 'B488', 'B55', 'B608', 'B624', 'B381', 'B53', 'B399']",12.0,S52,6.66,0,0,0,0.0,,-0.135658,-5.741352,-5.877009,True,True,48,S16,True,40,2.2524,delivery+onsite,,,,,,,,,,,,,,,,,,,,,,,,,,,,,,,,,,,,,,,,,,,,,,,,,,,,,,,,,,,
47,14,10,20,S52,False,0,0,0,0,7,0,0,0,0,"['B565', 'B196', 'B16', 'B160', 'B692', 'B532', 'B212']",6.5,S16,1.07,7,0,7,0.0,,-0.076785,-5.761638,-5.838424,False,False,18,S16,False,7,0.8195,pickup,,,,,,,,,,,,,,,,,,,,,,,,,,,,,,,,,,,,,,,,,,,,,,,,,,,,,,,,,,,
47,14,10,27,S16,False,7,0,7,0,9,0,0,0,0,"['B175', 'B524', 'B327', 'B527', 'B249', 'B186', 'B290', 'B185', 'B681']",7.5,S51,3.59,16,0,16,0.0,,-0.158696,-5.791782,-5.950478,False,False,18,S17,True,16,0.9623,pickup,,,,,,,,,,,,,,,,,,,,,,,,,,,,,,,,,,,,,,,,,,,,,,,,,,,,,,,,,,,
47,14,10,39,S51,False,16,0,16,0,0,0,0,0,0,[],3.0,S65,10.57,16,0,16,0.0,,-0.11199,-5.792908,-5.904897,False,False,18,S29,True,2,0.8473,do_nothing,,,,,,,,,,,,,,,,,,,,,,,,,,,,,,,,,,,,,,,,,,,,,,,,,,,,,,,,,,,
47,14,10,52,S65,False,16,0,16,13,0,1,1,0,0,"['B166', 'B565', 'B196', 'B16', 'B160', 'B692', 'B532', 'B212', 'B175', 'B524', 'B327', 'B527', 'B249', 'B186']",13.0,S63,7.4,3,1,4,0.0,,-0.312719,-5.81216,-6.124879,True,True,72,S38,True,66,5.1977,delivery+maintenance,,,,,,,,,,,,,,,,,,,,,,,,,,,,,,,,,,,,,,,,,,,,,,,,,,,,,,,,,,,
47,14,11,13,S63,False,3,1,4,0,13,0,0,0,0,"['B293', 'B418', 'B484', 'B616', 'B647', 'B360', 'B390', 'B502', 'B458', 'B93', 'B329', 'B714', 'B115']",9.5,S29,5.25,16,1,17,0.0,,-0.45455,-5.814147,-6.268697,False,False,18,S19,True,12,0.9732,pickup,,,,,,,,,,,,,,,,,,,,,,,,,,,,,,,,,,,,,,,,,,,,,,,,,,,,,,,,,,,
47,14,11,27,S29,False,16,1,17,16,0,0,0,0,0,"['B290', 'B185', 'B681', 'B293', 'B418', 'B484', 'B616', 'B647', 'B360', 'B390', 'B502', 'B458', 'B93', 'B329', 'B714', 'B115']",11.0,S48,7.68,0,1,1,0.0,,-0.336493,-5.818291,-6.154784,True,False,48,S48,True,27,1.8983,delivery,,,,,,,,,,,,,,,,,,,,,,,,,,,,,,,,,,,,,,,,,,,,,,,,,,,,,,,,,,,
47,14,11,46,S48,False,0,1,1,0,9,0,0,0,0,"['B76', 'B22', 'B656', 'B447', 'B361', 'B582', 'B754', 'B231', 'B638']",7.5,S36,1.72,9,1,10,0.0,,-0.331025,-5.83949,-6.170515,False,False,18,S60,True,13,1.0179,pickup,,,,,,,,,,,,,,,,,,,,,,,,,,,,,,,,,,,,,,,,,,,,,,,,,,,,,,,,,,,
47,14,11,55,S36,False,9,1,10,9,0,0,0,0,0,"['B76', 'B22', 'B656', 'B447', 'B361', 'B582', 'B754', 'B231', 'B638']",7.5,S39,7.97,0,1,1,0.0,,-0.306903,-5.792419,-6.099322,True,False,24,S45,True,13,1.1497,delivery,,,,,,,,,,,,,,,,,,,,,,,,,,,,,,,,,,,,,,,,,,,,,,,,,,,,,,,,,,,
47,14,12,11,S39,False,0,1,1,0,19,1,0,0,0,"['B342', 'B289', 'B434', 'B520', 'B690', 'B444', 'B244', 'B304', 'B195', 'B587', 'B352', 'B245', 'B752', 'B700', 'B122', 'B232', 'B26', 'B283', 'B551']",15.5,S54,8.41,19,1,20,0.0,,-0.312853,-5.80967,-6.122524,True,True,72,S60,True,46,2.6306,pickup+onsite,,,,,,,,,,,,,,,,,,,,,,,,,,,,,,,,,,,,,,,,,,,,,,,,,,,,,,,,,,,
47,14,12,35,S54,False,19,1,20,15,0,0,0,0,0,"['B342', 'B289', 'B434', 'B520', 'B690', 'B444', 'B244', 'B304', 'B195', 'B587', 'B352', 'B245', 'B752', 'B700', 'B122']",10.5,S29,1.43,4,1,5,0.0,,-0.44333,-5.847087,-6.290417,False,False,18,S35,True,12,0.4932,delivery,,,,,,,,,,,,,,,,,,,,,,,,,,,,,,,,,,,,,,,,,,,,,,,,,,,,,,,,,,,
47,14,12,47,S29,False,4,1,5,4,0,1,0,0,0,"['B232', 'B26', 'B283', 'B551']",8.0,S60,7.31,0,1,1,0.0,,-0.366391,-5.801693,-6.168084,True,True,48,S60,False,38,1.2367,delivery+onsite,,,,,,,,,,,,,,,,,,,,,,,,,,,,,,,,,,,,,,,,,,,,,,,,,,,,,,,,,,,
47,14,13,2,S60,False,0,1,1,0,18,1,0,0,0,"['B427', 'B226', 'B191', 'B410', 'B400', 'B182', 'B192', 'B33', 'B568', 'B257', 'B554', 'B580', 'B517', 'B755', 'B404', 'B727', 'B235', 'B75']",15.0,S29,7.31,18,1,19,0.0,,-0.372683,-5.79674,-6.169424,True,True,36,S47,True,30,1.1392,pickup+onsite,,,,,,,,,,,,,,,,,,,,,,,,,,,,,,,,,,,,,,,,,,,,,,,,,,,,,,,,,,,
47,14,13,24,S29,False,18,1,19,18,0,0,0,0,0,"['B427', 'B226', 'B191', 'B410', 'B400', 'B182', 'B192', 'B33', 'B568', 'B257', 'B554', 'B580', 'B517', 'B755', 'B404', 'B727', 'B235', 'B75']",12.0,S66,6.29,0,1,1,0.0,,-0.478859,-5.80857,-6.287429,True,False,24,S62,True,13,0.7021,delivery,,,,,,,,,,,,,,,,,,,,,,,,,,,,,,,,,,,,,,,,,,,,,,,,,,,,,,,,,,,
47,14,13,42,S66,False,0,1,1,0,16,1,0,0,0,"['B225', 'B69', 'B326', 'B369', 'B203', 'B247', 'B492', 'B484', 'B234', 'B616', 'B95', 'B570', 'B329', 'B512', 'B567', 'B588']",14.0,S50,7.23,16,1,17,0.0,,-0.490018,-5.799476,-6.289493,True,True,36,S65,True,19,1.6294,pickup+onsite,,,,,,,,,,,,,,,,,,,,,,,,,,,,,,,,,,,,,,,,,,,,,,,,,,,,,,,,,,,
47,14,14,4,S50,False,16,1,17,0,0,0,0,0,0,[],3.0,S35,1.61,16,1,17,0.0,,-0.715135,-5.7926,-6.507735,False,False,18,S40,True,0,0.6614,do_nothing,,,,,,,,,,,,,,,,,,,,,,,,,,,,,,,,,,,,,,,,,,,,,,,,,,,,,,,,,,,
47,14,14,8,S35,False,16,1,17,16,0,0,0,0,0,"['B225', 'B69', 'B326', 'B369', 'B203', 'B247', 'B492', 'B484', 'B234', 'B616', 'B95', 'B570', 'B329', 'B512', 'B567', 'B588']",11.0,S62,5.61,0,1,1,0.0,,-0.773899,-5.816892,-6.590791,False,False,12,S55,True,6,0.4985,delivery,,,,,,,,,,,,,,,,,,,,,,,,,,,,,,,,,,,,,,,,,,,,,,,,,,,,,,,,,,,
47,14,14,25,S62,False,0,1,1,0,19,0,0,0,0,"['B431', 'B499', 'B548', 'B43', 'B623', 'B664', 'B90', 'B374', 'B618', 'B430', 'B501', 'B58', 'B565', 'B32', 'B157', 'B196', 'B70', 'B289', 'B690']",12.5,S55,3.22,19,1,20,0.0,,-0.860241,-5.850391,-6.710632,False,False,12,S65,True,7,0.4429,pickup,,,,,,,,,,,,,,,,,,,,,,,,,,,,,,,,,,,,,,,,,,,,,,,,,,,,,,,,,,,
47,14,14,41,S55,False,19,1,20,18,0,0,0,0,0,"['B431', 'B499', 'B548', 'B43', 'B623', 'B664', 'B90', 'B374', 'B618', 'B430', 'B501', 'B58', 'B565', 'B32', 'B157', 'B196', 'B70', 'B289']",12.0,S65,9.08,1,1,2,0.0,,-0.782884,-5.817703,-6.600588,True,False,54,S29,True,8,2.0067,delivery,,,,,,,,,,,,,,,,,,,,,,,,,,,,,,,,,,,,,,,,,,,,,,,,,,,,,,,,,,,
47,14,15,2,S65,False,1,1,2,0,18,0,0,0,0,"['B186', 'B560', 'B596', 'B421', 'B16', 'B631', 'B96', 'B47', 'B698', 'B322', 'B25', 'B692', 'B151', 'B418', 'B123', 'B386', 'B190', 'B380']",12.0,S39,5.08,19,1,20,0.0,,-0.621306,-5.811534,-6.432839,False,False,18,S32,True,12,0.7433,pickup,,,,,,,,,,,,,,,,,,,,,,,,,,,,,,,,,,,,,,,,,,,,,,,,,,,,,,,,,,,
47,14,15,19,S39,False,19,1,20,0,0,0,0,0,0,[],3.0,S42,12.59,19,1,20,0.0,,-0.354677,-5.766592,-6.121269,True,False,24,S42,False,4,1.2922,do_nothing,,,,,,,,,,,,,,,,,,,,,,,,,,,,,,,,,,,,,,,,,,,,,,,,,,,,,,,,,,,
47,14,15,34,S42,False,19,1,20,12,0,0,0,0,0,"['B690', 'B186', 'B560', 'B596', 'B421', 'B16', 'B631', 'B96', 'B47', 'B698', 'B322', 'B25']",9.0,S32,5.23,7,1,8,0.0,,-0.437788,-5.784304,-6.222092,True,False,60,S32,False,16,1.5684,delivery,,,,,,,,,,,,,,,,,,,,,,,,,,,,,,,,,,,,,,,,,,,,,,,,,,,,,,,,,,,
47,14,15,49,S32,False,7,1,8,7,0,0,0,0,0,"['B692', 'B151', 'B418', 'B123', 'B386', 'B190', 'B380']",6.5,S13,14.96,0,1,1,0.0,,-0.3844,-5.761922,-6.146322,False,False,12,S40,True,8,0.5473,delivery,,,,,,,,,,,,,,,,,,,,,,,,,,,,,,,,,,,,,,,,,,,,,,,,,,,,,,,,,,,
47,14,16,10,S13,False,0,1,1,0,12,0,0,0,0,"['B233', 'B691', 'B407', 'B659', 'B183', 'B460', 'B74', 'B206', 'B686', 'B518', 'B533', 'B428']",9.0,S50,14.96,12,1,13,0.0,,-0.431943,-5.733784,-6.165727,True,False,54,S53,True,40,1.9746,pickup,,,,,,,,,,,,,,,,,,,,,,,,,,,,,,,,,,,,,,,,,,,,,,,,,,,,,,,,,,,
47,14,16,34,S50,False,12,1,13,0,0,0,0,0,0,[],3.0,S54,2.71,12,1,13,0.0,,-0.259856,-5.687129,-5.946985,False,False,18,S54,False,2,0.716,do_nothing,,,,,,,,,,,,,,,,,,,,,,,,,,,,,,,,,,,,,,,,,,,,,,,,,,,,,,,,,,,
47,14,16,40,S54,False,12,1,13,12,0,0,0,0,0,"['B233', 'B691', 'B407', 'B659', 'B183', 'B460', 'B74', 'B206', 'B686', 'B518', 'B533', 'B428']",9.0,S51,6.18,0,1,1,0.0,,-0.308828,-5.693406,-6.002234,True,False,24,S51,False,15,0.8473,delivery,,,,,,,,,,,,,,,,,,,,,,,,,,,,,,,,,,,,,,,,,,,,,,,,,,,,,,,,,,,
47,14,16,55,S51,False,0,1,1,0,14,0,1,0,0,"['B346', 'B335', 'B136', 'B395', 'B105', 'B609', 'B185', 'B490', 'B302', 'B84', 'B480', 'B243', 'B374', 'B318', 'B394']",10.5,S52,4.66,14,2,16,0.0,,-0.130174,-5.686728,-5.816902,True,True,36,S53,True,21,1.2059,pickup+depot_removal,,,,,,,,,,,,,,,,,,,,,,,,,,,,,,,,,,,,,,,,,,,,,,,,,,,,,,,,,,,
47,14,17,10,S52,False,14,2,16,10,0,0,0,0,0,"['B346', 'B335', 'B136', 'B395', 'B105', 'B609', 'B185', 'B490', 'B302', 'B84']",8.0,S53,2.01,4,2,6,0.0,,-0.171548,-5.641464,-5.813012,False,False,18,S29,True,7,0.6174,delivery,,,,,,,,,,,,,,,,,,,,,,,,,,,,,,,,,,,,,,,,,,,,,,,,,,,,,,,,,,,
47,14,17,20,S53,False,4,2,6,0,14,0,0,0,0,"['B129', 'B1', 'B505', 'B651', 'B625', 'B652', 'B381', 'B79', 'B378', 'B17', 'B429', 'B746', 'B666', 'B307']",10.0,S24,9.66,18,2,20,0.0,,-0.153889,-5.627041,-5.780929,False,False,12,S10,True,9,0.4078,pickup,,,,,,,,,,,,,,,,,,,,,,,,,,,,,,,,,,,,,,,,,,,,,,,,,,,,,,,,,,,
47,14,17,40,S24,False,18,2,20,13,0,0,0,0,0,"['B480', 'B243', 'B374', 'B318', 'B129', 'B1', 'B505', 'B651', 'B625', 'B652', 'B381', 'B79', 'B378']",9.5,S35,9.42,5,2,7,0.0,,-0.124815,-5.602313,-5.727128,False,False,18,S35,False,16,0.7461,delivery,,,,,,,,,,,,,,,,,,,,,,,,,,,,,,,,,,,,,,,,,,,,,,,,,,,,,,,,,,,
47,14,17,59,S35,False,5,2,7,5,0,0,0,0,0,"['B17', 'B429', 'B746', 'B666', 'B307']",5.5,S33,6.01,0,2,2,0.0,,-0.118012,-5.585041,-5.703053,False,False,12,S48,True,8,0.5032,delivery,,,,,,,,,,,,,,,,,,,,,,,,,,,,,,,,,,,,,,,,,,,,,,,,,,,,,,,,,,,
47,14,18,10,S33,False,0,2,2,0,15,0,0,0,0,"['B85', 'B36', 'B86', 'B681', 'B538', 'B27', 'B722', 'B583', 'B465', 'B493', 'B99', 'B755', 'B650', 'B601', 'B235']",10.5,S39,5.32,15,2,17,0.0,,-0.111929,-5.564187,-5.676116,True,False,36,S16,True,13,1.4617,pickup,,,,,,,,,,,,,,,,,,,,,,,,,,,,,,,,,,,,,,,,,,,,,,,,,,,,,,,,,,,
47,14,18,26,S39,False,15,2,17,15,0,0,0,0,0,"['B85', 'B36', 'B86', 'B681', 'B538', 'B27', 'B722', 'B583', 'B465', 'B493', 'B99', 'B755', 'B650', 'B601', 'B235']",10.5,S16,4.94,0,2,2,0.0,,-0.094747,-5.569645,-5.664392,True,False,36,S64,True,19,1.4686,delivery,,,,,,,,,,,,,,,,,,,,,,,,,,,,,,,,,,,,,,,,,,,,,,,,,,,,,,,,,,,
47,14,18,41,S16,False,0,2,2,0,8,0,0,0,0,"['B411', 'B414', 'B487', 'B358', 'B732', 'B306', 'B231', 'B270']",7.0,S10,4.96,8,2,10,0.0,,-0.071184,-5.554006,-5.62519,False,False,18,S29,True,10,0.6326,pickup,,,,,,,,,,,,,,,,,,,,,,,,,,,,,,,,,,,,,,,,,,,,,,,,,,,,,,,,,,,
47,14,18,53,S10,False,8,2,10,8,0,0,0,0,0,"['B411', 'B414', 'B487', 'B358', 'B732', 'B306', 'B231', 'B270']",7.0,S7,11.65,0,2,2,0.0,,-0.088921,-5.516273,-5.605195,False,False,12,S48,True,10,0.5058,delivery,,,,,,,,,,,,,,,,,,,,,,,,,,,,,,,,,,,,,,,,,,,,,,,,,,,,,,,,,,,
47,14,19,12,S7,False,0,2,2,0,18,0,0,0,0,"['B175', 'B726', 'B641', 'B603', 'B115', 'B702', 'B559', 'B34', 'B607', 'B752', 'B98', 'B214', 'B359', 'B589', 'B101', 'B499', 'B66', 'B346']",12.0,S54,11.95,18,2,20,0.0,,-0.041614,-5.566252,-5.607866,True,False,72,S54,False,54,3.341,pickup,,,,,,,,,,,,,,,,,,,,,,,,,,,,,,,,,,,,,,,,,,,,,,,,,,,,,,,,,,,
47,14,19,36,S54,False,18,2,20,14,0,0,0,0,0,"['B175', 'B726', 'B641', 'B603', 'B115', 'B702', 'B559', 'B34', 'B607', 'B752', 'B98', 'B214', 'B359', 'B589']",10.0,D0,1.95,4,2,6,0.0,,-0.058975,-5.601443,-5.660419,True,False,11,D0,False,8,0.4706,delivery,,,,,,,,,,,,,,,,,,,,,,,,,,,,,,,,,,,,,,,,,,,,,,,,,,,,,,,,,,,
47,14,19,48,D0,True,4,2,6,2,0,0,0,2,0,"['B166', 'B394']",5.0,D0,0.0,2,0,2,0.0,,-0.077027,-5.585405,-5.662432,True,True,1,D0,False,0,0.0385,do_nothing,,,,,,,,,,,,,,,,,,,,,,,,,,,,,,,,,,,,,,,,,,,,,,,,,,,,,,,,,,,
47,15,6,2,D0,True,4,0,4,0,0,0,0,0,10,"['B200', 'B281', 'B44', 'B273', 'B351', 'B169', 'B48', 'B723', 'B462', 'B456']",8.0,S41,2.23,14,0,14,0.0,,-0.496897,-5.688504,-6.185402,True,True,5,S61,True,2,0.3303,load_queue,,,,,,,,,,,,,,,,,,,,,,,,,,,,,,,,,,,,,,,,,,,,,,,,,,,,,,,,,,,
47,15,6,27,S41,False,14,0,14,14,0,0,0,0,0,"['B101', 'B499', 'B66', 'B346', 'B200', 'B281', 'B44', 'B273', 'B351', 'B169', 'B48', 'B723', 'B462', 'B456']",10.0,S58,3.91,0,0,0,0.0,,-0.236322,-5.71579,-5.952112,True,False,24,S45,True,13,0.906,delivery,,,,,,,,,,,,,,,,,,,,,,,,,,,,,,,,,,,,,,,,,,,,,,,,,,,,,,,,,,,
47,15,6,41,S58,False,0,0,0,0,20,0,0,0,0,"['B167', 'B433', 'B699', 'B383', 'B345', 'B419', 'B470', 'B501', 'B430', 'B218', 'B344', 'B600', 'B423', 'B571', 'B117', 'B234', 'B269', 'B38', 'B639', 'B746']",13.0,S65,6.14,20,0,20,0.0,,-0.337216,-5.749696,-6.086913,True,False,42,S66,True,20,1.8592,pickup,,,,,,,,,,,,,,,,,,,,,,,,,,,,,,,,,,,,,,,,,,,,,,,,,,,,,,,,,,,
47,15,7,0,S65,False,20,0,20,15,0,0,0,0,0,"['B167', 'B433', 'B699', 'B383', 'B345', 'B419', 'B470', 'B501', 'B430', 'B218', 'B344', 'B600', 'B423', 'B571', 'B117']",10.5,S7,3.57,5,0,5,0.0,,-0.230345,-5.738713,-5.969058,False,False,18,S66,True,13,0.8552,delivery,,,,,,,,,,,,,,,,,,,,,,,,,,,,,,,,,,,,,,,,,,,,,,,,,,,,,,,,,,,
47,15,7,14,S7,False,5,0,5,5,0,1,1,0,0,"['B168', 'B234', 'B269', 'B38', 'B639', 'B746']",9.0,S63,10.87,0,1,1,0.0,,-0.242373,-5.75185,-5.994222,True,True,108,S63,True,80,2.8942,delivery+maintenance,,,,,,,,,,,,,,,,,,,,,,,,,,,,,,,,,,,,,,,,,,,,,,,,,,,,,,,,,,,
47,15,7,34,S63,False,0,1,1,0,0,0,0,0,0,[],3.0,S52,1.26,0,1,1,0.0,,-0.242914,-5.751243,-5.994157,True,False,36,S52,False,3,1.4657,do_nothing,,,,,,,,,,,,,,,,,,,,,,,,,,,,,,,,,,,,,,,,,,,,,,,,,,,,,,,,,,,
47,15,7,38,S52,False,0,1,1,0,12,0,0,0,0,"['B84', 'B55', 'B548', 'B190', 'B20', 'B494', 'B365', 'B564', 'B159', 'B136', 'B40', 'B761']",9.0,S45,1.46,12,1,13,0.0,,-0.218734,-5.745144,-5.963878,False,False,18,S63,True,9,0.6744,pickup,,,,,,,,,,,,,,,,,,,,,,,,,,,,,,,,,,,,,,,,,,,,,,,,,,,,,,,,,,,
47,15,7,49,S45,False,12,1,13,0,7,0,0,0,0,"['B13', 'B64', 'B67', 'B620', 'B567', 'B492', 'B588']",6.5,S26,7.09,19,1,20,0.0,,-0.194573,-5.752446,-5.947019,False,False,12,S26,False,10,0.5216,pickup,,,,,,,,,,,,,,,,,,,,,,,,,,,,,,,,,,,,,,,,,,,,,,,,,,,,,,,,,,,
47,15,8,2,S26,False,19,1,20,15,0,0,0,0,0,"['B84', 'B55', 'B548', 'B190', 'B20', 'B494', 'B365', 'B564', 'B159', 'B136', 'B40', 'B761', 'B13', 'B64', 'B67']",10.5,S15,2.8,4,1,5,0.0,,-0.183265,-5.782169,-5.965434,False,False,18,S15,False,13,0.7035,delivery,,,,,,,,,,,,,,,,,,,,,,,,,,,,,,,,,,,,,,,,,,,,,,,,,,,,,,,,,,,
47,15,8,16,S15,False,4,1,5,4,0,0,0,0,0,"['B620', 'B567', 'B492', 'B588']",5.0,S32,5.59,0,1,1,0.0,,-0.194513,-5.765987,-5.9605,False,False,12,S32,False,10,0.4237,delivery,,,,,,,,,,,,,,,,,,,,,,,,,,,,,,,,,,,,,,,,,,,,,,,,,,,,,,,,,,,
47,15,8,26,S32,False,0,1,1,0,9,0,0,0,0,"['B10', 'B133', 'B748', 'B299', 'B187', 'B596', 'B687', 'B138', 'B95']",7.5,S35,3.98,9,1,10,0.0,,-0.242255,-5.77499,-6.017245,False,False,18,S59,True,16,0.7824,pickup,,,,,,,,,,,,,,,,,,,,,,,,,,,,,,,,,,,,,,,,,,,,,,,,,,,,,,,,,,,
47,15,8,38,S35,False,9,1,10,0,10,0,0,0,0,"['B469', 'B8', 'B624', 'B713', 'B432', 'B673', 'B641', 'B597', 'B340', 'B556']",8.0,S31,8.41,19,1,20,0.0,,-0.188417,-5.790012,-5.978429,False,False,12,S15,True,6,0.4466,pickup,,,,,,,,,,,,,,,,,,,,,,,,,,,,,,,,,,,,,,,,,,,,,,,,,,,,,,,,,,,
47,15,8,54,S31,False,19,1,20,0,0,0,0,0,0,[],3.0,S22,4.51,19,1,20,0.0,,-0.318427,-5.831057,-6.149484,True,False,36,S53,True,1,1.5207,do_nothing,,,,,,,,,,,,,,,,,,,,,,,,,,,,,,,,,,,,,,,,,,,,,,,,,,,,,,,,,,,
47,15,9,2,S22,False,19,1,20,13,0,0,0,0,0,"['B10', 'B133', 'B748', 'B299', 'B187', 'B596', 'B687', 'B138', 'B95', 'B469', 'B8', 'B624', 'B713']",9.5,S31,4.51,6,1,7,0.0,,-0.248531,-5.812982,-6.061513,True,False,54,S31,False,36,2.204,delivery,,,,,,,,,,,,,,,,,,,,,,,,,,,,,,,,,,,,,,,,,,,,,,,,,,,,,,,,,,,
47,15,9,16,S31,False,6,1,7,6,0,0,1,0,0,"['B268', 'B432', 'B673', 'B641', 'B597', 'B340', 'B556']",6.5,S59,2.6,0,2,2,0.0,,-0.224743,-5.801844,-6.026587,True,True,60,S59,True,40,2.1729,delivery+depot_removal,,,,,,,,,,,,,,,,,,,,,,,,,,,,,,,,,,,,,,,,,,,,,,,,,,,,,,,,,,,
47,15,9,25,S59,False,0,2,2,0,18,0,0,0,0,"['B521', 'B356', 'B406', 'B758', 'B491', 'B189', 'B148', 'B263', 'B191', 'B96', 'B731', 'B341', 'B689', 'B201', 'B6', 'B715', 'B238', 'B584']",12.0,S53,4.5,18,2,20,0.0,,-0.218358,-5.810014,-6.028372,False,False,18,S49,True,14,0.7104,pickup,,,,,,,,,,,,,,,,,,,,,,,,,,,,,,,,,,,,,,,,,,,,,,,,,,,,,,,,,,,
47,15,9,41,S53,False,18,2,20,18,0,0,0,0,0,"['B521', 'B356', 'B406', 'B758', 'B491', 'B189', 'B148', 'B263', 'B191', 'B96', 'B731', 'B341', 'B689', 'B201', 'B6', 'B715', 'B238', 'B584']",12.0,S49,6.13,0,2,2,0.0,,-0.123778,-5.814362,-5.938141,False,False,12,S49,False,6,0.531,delivery,,,,,,,,,,,,,,,,,,,,,,,,,,,,,,,,,,,,,,,,,,,,,,,,,,,,,,,,,,,
47,15,9,59,S49,False,0,2,2,0,18,0,0,0,0,"['B83', 'B376', 'B495', 'B180', 'B445', 'B691', 'B516', 'B655', 'B678', 'B579', 'B81', 'B3', 'B75', 'B693', 'B413', 'B661', 'B383', 'B141']",12.0,S29,8.87,18,2,20,0.0,,-0.271989,-5.852658,-6.124647,False,False,12,S60,True,10,0.6515,pickup,,,,,,,,,,,,,,,,,,,,,,,,,,,,,,,,,,,,,,,,,,,,,,,,,,,,,,,,,,,
47,15,10,20,S29,False,18,2,20,14,0,0,0,0,0,"['B83', 'B376', 'B495', 'B180', 'B445', 'B691', 'B516', 'B655', 'B678', 'B579', 'B81', 'B3', 'B75', 'B693']",10.0,S40,3.08,4,2,6,0.0,,-0.135716,-5.840766,-5.976482,True,False,30,S34,True,22,1.0458,delivery,,,,,,,,,,,,,,,,,,,,,,,,,,,,,,,,,,,,,,,,,,,,,,,,,,,,,,,,,,,
47,15,10,33,S40,False,4,2,6,0,11,0,0,0,0,"['B157', 'B353', 'B236', 'B528', 'B541', 'B56', 'B585', 'B607', 'B700', 'B186', 'B544']",8.5,S34,2.19,15,2,17,0.0,,-0.112513,-5.819418,-5.93193,True,False,36,S14,True,24,0.927,pickup,,,,,,,,,,,,,,,,,,,,,,,,,,,,,,,,,,,,,,,,,,,,,,,,,,,,,,,,,,,
47,15,10,44,S34,False,15,2,17,14,0,0,0,0,0,"['B413', 'B661', 'B383', 'B141', 'B157', 'B353', 'B236', 'B528', 'B541', 'B56', 'B585', 'B607', 'B700', 'B186']",10.0,S63,5.11,1,2,3,0.0,,-0.230075,-5.867215,-6.09729,False,False,18,S46,True,10,0.59,delivery,,,,,,,,,,,,,,,,,,,,,,,,,,,,,,,,,,,,,,,,,,,,,,,,,,,,,,,,,,,
47,15,10,59,S63,False,1,2,3,0,17,1,0,0,0,"['B530', 'B358', 'B724', 'B271', 'B179', 'B361', 'B553', 'B76', 'B30', 'B603', 'B46', 'B62', 'B122', 'B368', 'B563', 'B707', 'B219']",14.5,S17,9.98,18,2,20,0.0,,-0.177227,-5.851067,-6.028294,True,True,36,S60,True,33,1.3409,pickup+onsite,,,,,,,,,,,,,,,,,,,,,,,,,,,,,,,,,,,,,,,,,,,,,,,,,,,,,,,,,,,
47,15,11,24,S17,False,18,2,20,11,0,0,0,0,0,"['B544', 'B530', 'B358', 'B724', 'B271', 'B179', 'B361', 'B553', 'B76', 'B30', 'B603']",8.5,S42,8.17,7,2,9,0.0,,-0.194857,-5.871321,-6.066178,False,False,18,S42,False,10,0.7215,delivery,,,,,,,,,,,,,,,,,,,,,,,,,,,,,,,,,,,,,,,,,,,,,,,,,,,,,,,,,,,
47,15,11,40,S42,False,7,2,9,7,0,1,0,0,0,"['B46', 'B62', 'B122', 'B368', 'B563', 'B707', 'B219']",9.5,S56,3.65,0,2,2,0.0,,-0.171144,-5.86315,-6.034294,True,True,48,S3,True,40,1.7131,delivery+onsite,,,,,,,,,,,,,,,,,,,,,,,,,,,,,,,,,,,,,,,,,,,,,,,,,,,,,,,,,,,
47,15,11,53,S56,False,0,2,2,0,8,0,0,0,0,"['B209', 'B226', 'B518', 'B695', 'B436', 'B491', 'B191', 'B39']",7.0,S43,5.09,8,2,10,0.0,,-0.252874,-5.877271,-6.130145,False,False,18,S39,True,7,0.6951,pickup,,,,,,,,,,,,,,,,,,,,,,,,,,,,,,,,,,,,,,,,,,,,,,,,,,,,,,,,,,,
47,15,12,6,S43,False,8,2,10,8,0,0,0,0,0,"['B209', 'B226', 'B518', 'B695', 'B436', 'B491', 'B191', 'B39']",7.0,S51,3.12,0,2,2,0.0,,-0.28863,-5.854701,-6.143331,True,False,24,S39,True,12,1.1138,delivery,,,,,,,,,,,,,,,,,,,,,,,,,,,,,,,,,,,,,,,,,,,,,,,,,,,,,,,,,,,
47,15,12,16,S51,False,0,2,2,0,15,0,0,0,0,"['B97', 'B760', 'B645', 'B188', 'B557', 'B229', 'B59', 'B131', 'B282', 'B450', 'B17', 'B722', 'B556', 'B2', 'B121']",10.5,S29,7.57,15,2,17,0.0,,-0.365886,-5.891532,-6.257418,True,False,36,S4,True,13,1.8893,pickup,,,,,,,,,,,,,,,,,,,,,,,,,,,,,,,,,,,,,,,,,,,,,,,,,,,,,,,,,,,
47,15,12,34,S29,False,15,2,17,15,0,0,0,0,0,"['B97', 'B760', 'B645', 'B188', 'B557', 'B229', 'B59', 'B131', 'B282', 'B450', 'B17', 'B722', 'B556', 'B2', 'B121']",10.5,S4,6.26,0,2,2,0.0,,-0.41921,-5.838251,-6.257461,True,False,24,S4,False,15,1.1379,delivery,,,,,,,,,,,,,,,,,,,,,,,,,,,,,,,,,,,,,,,,,,,,,,,,,,,,,,,,,,,
47,15,12,51,S4,False,0,2,2,0,8,0,0,0,0,"['B15', 'B621', 'B230', 'B426', 'B750', 'B119', 'B228', 'B87']",7.0,S54,5.11,8,2,10,0.0,,-0.284292,-5.815183,-6.099474,True,False,54,S54,False,18,2.6336,pickup,,,,,,,,,,,,,,,,,,,,,,,,,,,,,,,,,,,,,,,,,,,,,,,,,,,,,,,,,,,
47,15,13,3,S54,False,8,2,10,8,0,1,0,0,0,"['B15', 'B621', 'B230', 'B426', 'B750', 'B119', 'B228', 'B87']",10.0,S47,8.4,0,2,2,0.0,,-0.200879,-5.84228,-6.043159,True,True,96,S47,False,76,3.8395,delivery+onsite,,,,,,,,,,,,,,,,,,,,,,,,,,,,,,,,,,,,,,,,,,,,,,,,,,,,,,,,,,,
47,15,13,21,S47,False,0,2,2,0,12,0,0,0,0,"['B420', 'B581', 'B666', 'B237', 'B51', 'B611', 'B685', 'B623', 'B704', 'B644', 'B481', 'B386']",9.0,S49,2.88,12,2,14,0.0,,-0.277922,-5.806266,-6.084189,False,False,18,S26,True,15,0.6382,pickup,,,,,,,,,,,,,,,,,,,,,,,,,,,,,,,,,,,,,,,,,,,,,,,,,,,,,,,,,,,
47,15,13,33,S49,False,12,2,14,12,0,0,0,0,0,"['B420', 'B581', 'B666', 'B237', 'B51', 'B611', 'B685', 'B623', 'B704', 'B644', 'B481', 'B386']",9.0,S12,8.77,0,2,2,0.0,,-0.436031,-5.790739,-6.22677,False,False,12,S12,False,6,0.5677,delivery,,,,,,,,,,,,,,,,,,,,,,,,,,,,,,,,,,,,,,,,,,,,,,,,,,,,,,,,,,,
47,15,13,51,S12,False,0,2,2,0,16,0,0,0,0,"['B679', 'B646', 'B348', 'B634', 'B596', 'B173', 'B694', 'B197', 'B95', 'B624', 'B454', 'B329', 'B543', 'B153', 'B632', 'B75']",11.0,S26,13.22,16,2,18,0.0,,-0.466757,-5.746369,-6.213126,True,False,72,S62,True,25,2.0317,pickup,,,,,,,,,,,,,,,,,,,,,,,,,,,,,,,,,,,,,,,,,,,,,,,,,,,,,,,,,,,
47,15,14,15,S26,False,16,2,18,16,0,0,0,0,0,"['B679', 'B646', 'B348', 'B634', 'B596', 'B173', 'B694', 'B197', 'B95', 'B624', 'B454', 'B329', 'B543', 'B153', 'B632', 'B75']",11.0,S62,5.52,0,2,2,0.0,,-0.460866,-5.687974,-6.14884,False,False,12,S62,False,6,0.4769,delivery,,,,,,,,,,,,,,,,,,,,,,,,,,,,,,,,,,,,,,,,,,,,,,,,,,,,,,,,,,,
47,15,14,31,S62,False,0,2,2,0,17,0,1,0,0,"['B385', 'B492', 'B588', 'B164', 'B165', 'B461', 'B400', 'B412', 'B90', 'B691', 'B662', 'B80', 'B533', 'B304', 'B259', 'B707', 'B578', 'B9']",12.0,S50,4.95,17,3,20,0.0,,-0.414566,-5.683082,-6.097648,True,True,36,S43,True,32,1.5289,pickup+depot_removal,,,,,,,,,,,,,,,,,,,,,,,,,,,,,,,,,,,,,,,,,,,,,,,,,,,,,,,,,,,
47,15,14,48,S50,False,17,3,20,17,0,0,0,0,0,"['B385', 'B492', 'B588', 'B164', 'B165', 'B461', 'B400', 'B412', 'B90', 'B691', 'B662', 'B80', 'B533', 'B304', 'B259', 'B707', 'B578']",11.5,S65,9.57,0,3,3,0.0,,-0.331238,-5.72249,-6.053729,False,False,18,S15,True,12,0.8435,delivery,,,,,,,,,,,,,,,,,,,,,,,,,,,,,,,,,,,,,,,,,,,,,,,,,,,,,,,,,,,
47,15,15,9,S65,False,0,3,3,0,11,0,0,0,0,"['B438', 'B388', 'B243', 'B100', 'B70', 'B688', 'B131', 'B279', 'B743', 'B155', 'B185']",8.5,S15,5.1,11,3,14,0.0,,-0.218299,-5.696938,-5.915237,False,False,18,S44,True,12,0.8892,pickup,,,,,,,,,,,,,,,,,,,,,,,,,,,,,,,,,,,,,,,,,,,,,,,,,,,,,,,,,,,
47,15,15,23,S15,False,11,3,14,11,0,0,0,0,0,"['B438', 'B388', 'B243', 'B100', 'B70', 'B688', 'B131', 'B279', 'B743', 'B155', 'B185']",8.5,S44,4.96,0,3,3,0.0,,-0.289754,-5.702769,-5.992523,False,False,12,S44,False,7,0.507,delivery,,,,,,,,,,,,,,,,,,,,,,,,,,,,,,,,,,,,,,,,,,,,,,,,,,,,,,,,,,,
47,15,15,36,S44,False,0,3,3,0,12,0,0,0,0,"['B608', 'B699', 'B134', 'B376', 'B339', 'B754', 'B146', 'B587', 'B218', 'B114', 'B349', 'B609']",9.0,S55,3.84,12,3,15,0.0,,-0.343367,-5.708846,-6.052214,True,False,36,S58,True,15,1.4292,pickup,,,,,,,,,,,,,,,,,,,,,,,,,,,,,,,,,,,,,,,,,,,,,,,,,,,,,,,,,,,
47,15,15,49,S55,False,12,3,15,0,0,0,0,0,0,[],3.0,S16,3.87,12,3,15,0.0,,-0.153664,-5.669356,-5.82302,True,False,60,S16,False,3,1.8621,do_nothing,,,,,,,,,,,,,,,,,,,,,,,,,,,,,,,,,,,,,,,,,,,,,,,,,,,,,,,,,,,
47,15,15,56,S16,False,12,3,15,9,0,0,0,0,0,"['B608', 'B699', 'B134', 'B376', 'B339', 'B754', 'B146', 'B587', 'B218']",7.5,S55,3.87,3,3,6,0.0,,-0.124303,-5.66099,-5.785292,False,False,18,S43,True,8,0.7437,delivery,,,,,,,,,,,,,,,,,,,,,,,,,,,,,,,,,,,,,,,,,,,,,,,,,,,,,,,,,,,
47,15,16,8,S55,False,3,3,6,0,0,0,0,0,0,[],3.0,S43,4.24,3,3,6,0.0,,-0.1005,-5.657082,-5.757583,True,False,60,S40,True,0,2.8926,do_nothing,,,,,,,,,,,,,,,,,,,,,,,,,,,,,,,,,,,,,,,,,,,,,,,,,,,,,,,,,,,
47,15,16,15,S43,False,3,3,6,3,0,0,0,0,0,"['B114', 'B349', 'B609']",4.5,S40,3.52,0,3,3,0.0,,-0.135806,-5.638948,-5.774755,True,False,24,S40,False,14,1.1517,delivery,,,,,,,,,,,,,,,,,,,,,,,,,,,,,,,,,,,,,,,,,,,,,,,,,,,,,,,,,,,
47,15,16,23,S40,False,0,3,3,0,8,0,0,0,0,"['B371', 'B261', 'B212', 'B42', 'B470', 'B269', 'B747', 'B440']",7.0,S54,2.17,8,3,11,0.0,,-0.112199,-5.654087,-5.766286,True,False,72,S13,True,24,3.779,pickup,,,,,,,,,,,,,,,,,,,,,,,,,,,,,,,,,,,,,,,,,,,,,,,,,,,,,,,,,,,
47,15,16,32,S54,False,8,3,11,8,0,1,2,0,0,"['B21', 'B5', 'B371', 'B261', 'B212', 'B42', 'B470', 'B269', 'B747', 'B440']",11.0,S13,13.97,0,5,5,0.0,,-0.153769,-5.630242,-5.78401,True,True,96,S13,True,85,4.0893,delivery+maintenance,,,,,,,,,,,,,,,,,,,,,,,,,,,,,,,,,,,,,,,,,,,,,,,,,,,,,,,,,,,
47,15,16,57,S13,False,0,5,5,0,15,0,0,0,0,"['B33', 'B568', 'B196', 'B232', 'B573', 'B690', 'B55', 'B305', 'B145', 'B223', 'B594', 'B117', 'B514', 'B493', 'B287']",10.5,S54,13.97,15,5,20,0.0,,-0.189856,-5.647762,-5.837618,True,False,36,S54,True,18,1.5314,pickup,,,,,,,,,,,,,,,,,,,,,,,,,,,,,,,,,,,,,,,,,,,,,,,,,,,,,,,,,,,
47,15,17,21,S54,False,15,5,20,11,0,0,0,0,0,"['B33', 'B568', 'B196', 'B232', 'B573', 'B690', 'B55', 'B305', 'B145', 'B223', 'B594']",8.5,S46,3.3,4,5,9,0.0,,-0.071006,-5.601524,-5.67253,True,False,30,S27,True,7,0.9242,delivery,,,,,,,,,,,,,,,,,,,,,,,,,,,,,,,,,,,,,,,,,,,,,,,,,,,,,,,,,,,
47,15,17,33,S46,False,4,5,9,4,0,2,0,0,0,"['B117', 'B514', 'B493', 'B287']",11.0,S66,5.15,0,5,5,0.0,,-0.14243,-5.580565,-5.722995,True,True,36,S66,False,31,1.2328,delivery+onsite,,,,,,,,,,,,,,,,,,,,,,,,,,,,,,,,,,,,,,,,,,,,,,,,,,,,,,,,,,,
47,15,17,49,S66,False,0,5,5,0,15,0,0,0,0,"['B72', 'B86', 'B621', 'B25', 'B546', 'B459', 'B728', 'B634', 'B59', 'B209', 'B726', 'B635', 'B235', 'B278', 'B2']",10.5,S28,8.95,15,5,20,0.0,,-0.094899,-5.599984,-5.694884,True,False,18,S31,True,14,1.0193,pickup,,,,,,,,,,,,,,,,,,,,,,,,,,,,,,,,,,,,,,,,,,,,,,,,,,,,,,,,,,,
47,15,18,9,S28,False,15,5,20,15,0,0,0,0,0,"['B72', 'B86', 'B621', 'B25', 'B546', 'B459', 'B728', 'B634', 'B59', 'B209', 'B726', 'B635', 'B235', 'B278', 'B2']",10.5,S36,16.33,0,5,5,0.0,,-0.083033,-5.629458,-5.712491,True,False,24,S58,True,9,1.2072,delivery,,,,,,,,,,,,,,,,,,,,,,,,,,,,,,,,,,,,,,,,,,,,,,,,,,,,,,,,,,,
47,15,18,36,S36,False,0,5,5,0,13,0,0,0,0,"['B270', 'B433', 'B714', 'B419', 'B619', 'B180', 'B312', 'B471', 'B54', 'B755', 'B399', 'B39', 'B579']",9.5,S21,10.51,13,5,18,0.0,,-0.082479,-5.594451,-5.676931,True,False,36,S45,True,14,1.6438,pickup,,,,,,,,,,,,,,,,,,,,,,,,,,,,,,,,,,,,,,,,,,,,,,,,,,,,,,,,,,,
47,15,18,56,S21,False,13,5,18,9,0,0,1,0,0,"['B705', 'B270', 'B433', 'B714', 'B419', 'B619', 'B180', 'B312', 'B471', 'B54']",8.0,S51,12.4,4,6,10,0.0,,-0.082972,-5.630533,-5.713506,True,True,42,S51,True,25,1.5577,delivery+depot_removal,,,,,,,,,,,,,,,,,,,,,,,,,,,,,,,,,,,,,,,,,,,,,,,,,,,,,,,,,,,
47,15,19,16,S51,False,4,6,10,4,0,1,0,0,0,"['B755', 'B399', 'B39', 'B579']",8.0,S31,7.45,0,6,6,0.0,,-0.077087,-5.595082,-5.672168,True,True,24,S4,True,19,1.2479,delivery+onsite,,,,,,,,,,,,,,,,,,,,,,,,,,,,,,,,,,,,,,,,,,,,,,,,,,,,,,,,,,,
47,15,19,32,S31,False,0,6,6,0,14,0,0,0,0,"['B763', 'B251', 'B139', 'B668', 'B616', 'B137', 'B3', 'B45', 'B572', 'B736', 'B43', 'B409', 'B294', 'B258']",10.0,S27,2.27,14,6,20,0.0,,-0.059185,-5.587853,-5.647038,True,False,32,S30,True,30,1.2414,pickup,,,,,,,,,,,,,,,,,,,,,,,,,,,,,,,,,,,,,,,,,,,,,,,,,,,,,,,,,,,
47,15,19,44,S27,False,14,6,20,14,0,0,0,0,0,"['B763', 'B251', 'B139', 'B668', 'B616', 'B137', 'B3', 'B45', 'B572', 'B736', 'B43', 'B409', 'B294', 'B258']",10.0,D0,1.1,0,6,6,0.0,,-0.07093,-5.600292,-5.671222,False,False,3,D0,True,2,0.0787,delivery,,,,,,,,,,,,,,,,,,,,,,,,,,,,,,,,,,,,,,,,,,,,,,,,,,,,,,,,,,,
47,15,19,55,D0,True,0,6,6,6,0,0,0,6,2,"['B166', 'B394', 'B168', 'B268', 'B9', 'B21', 'B5', 'B705']",10.0,D0,0.0,0,0,0,0.0,,-0.112288,-5.615633,-5.727921,True,True,1,D0,False,0,0.0304,do_nothing,,,,,,,,,,,,,,,,,,,,,,,,,,,,,,,,,,,,,,,,,,,,,,,,,,,,,,,,,,,
47,16,6,14,D0,True,2,0,2,0,0,0,0,0,0,[],3.0,S60,1.95,2,0,2,0.0,,-0.681415,-5.776641,-6.458056,True,True,5,S60,False,0,0.2063,depot_passthrough,,,,,,,,,,,,,,,,,,,,,,,,,,,,,,,,,,,,,,,,,,,,,,,,,,,,,,,,,,,
47,16,6,34,S60,False,2,0,2,0,16,0,0,0,0,"['B297', 'B628', 'B631', 'B436', 'B365', 'B733', 'B657', 'B639', 'B346', 'B494', 'B651', 'B584', 'B554', 'B24', 'B245', 'B727']",11.0,S66,1.23,18,0,18,0.0,,-0.687863,-5.806808,-6.494671,False,False,18,S30,True,6,0.9698,pickup,,,,,,,,,,,,,,,,,,,,,,,,,,,,,,,,,,,,,,,,,,,,,,,,,,,,,,,,,,,
47,16,6,46,S66,False,18,0,18,18,0,0,0,0,0,"['B166', 'B394', 'B297', 'B628', 'B631', 'B436', 'B365', 'B733', 'B657', 'B639', 'B346', 'B494', 'B651', 'B584', 'B554', 'B24', 'B245', 'B727']",12.0,S46,5.15,0,0,0,0.0,,-0.556249,-5.783608,-6.339857,True,False,24,S46,False,15,1.3937,delivery,,,,,,,,,,,,,,,,,,,,,,,,,,,,,,,,,,,,,,,,,,,,,,,,,,,,,,,,,,,
47,16,7,3,S46,False,0,0,0,0,12,0,0,0,0,"['B544', 'B711', 'B305', 'B690', 'B688', 'B410', 'B752', 'B308', 'B136', 'B542', 'B238', 'B569']",9.0,S48,3.57,12,0,12,0.0,,-0.414224,-5.790902,-6.205125,False,False,18,S51,True,16,0.8456,pickup,,,,,,,,,,,,,,,,,,,,,,,,,,,,,,,,,,,,,,,,,,,,,,,,,,,,,,,,,,,
47,16,7,16,S48,False,12,0,12,12,0,0,0,0,0,"['B544', 'B711', 'B305', 'B690', 'B688', 'B410', 'B752', 'B308', 'B136', 'B542', 'B238', 'B569']",9.0,S54,6.34,0,0,0,0.0,,-0.408741,-5.788888,-6.197629,True,False,24,S54,False,12,1.3765,delivery,,,,,,,,,,,,,,,,,,,,,,,,,,,,,,,,,,,,,,,,,,,,,,,,,,,,,,,,,,,
47,16,7,31,S54,False,0,0,0,0,19,0,1,0,0,"['B247', 'B89', 'B719', 'B601', 'B652', 'B254', 'B104', 'B229', 'B425', 'B48', 'B341', 'B537', 'B215', 'B151', 'B230', 'B720', 'B196', 'B760', 'B447', 'B248']",13.0,S40,2.17,19,1,20,0.0,,-0.254838,-5.781791,-6.03663,True,True,36,S52,True,20,1.9732,pickup+depot_removal,,,,,,,,,,,,,,,,,,,,,,,,,,,,,,,,,,,,,,,,,,,,,,,,,,,,,,,,,,,
47,16,7,46,S40,False,19,1,20,12,0,1,0,0,0,"['B247', 'B89', 'B719', 'B601', 'B652', 'B254', 'B104', 'B229', 'B425', 'B48', 'B341', 'B537']",12.0,S60,4.29,7,1,8,0.0,,-0.224879,-5.781109,-6.005987,True,True,60,S60,True,26,1.4304,delivery+onsite,,,,,,,,,,,,,,,,,,,,,,,,,,,,,,,,,,,,,,,,,,,,,,,,,,,,,,,,,,,
47,16,8,3,S60,False,7,1,8,7,0,0,0,0,0,"['B215', 'B151', 'B230', 'B720', 'B196', 'B760', 'B447']",6.5,S52,3.35,0,1,1,0.0,,-0.153872,-5.774575,-5.928447,False,False,12,S52,False,7,0.6743,delivery,,,,,,,,,,,,,,,,,,,,,,,,,,,,,,,,,,,,,,,,,,,,,,,,,,,,,,,,,,,
47,16,8,12,S52,False,0,1,1,0,8,0,0,0,0,"['B732', 'B319', 'B511', 'B751', 'B132', 'B391', 'B435', 'B529']",7.0,S61,2.0,8,1,9,0.0,,-0.083259,-5.743613,-5.826872,False,False,18,S58,True,9,0.9704,pickup,,,,,,,,,,,,,,,,,,,,,,,,,,,,,,,,,,,,,,,,,,,,,,,,,,,,,,,,,,,
47,16,8,21,S61,False,8,1,9,8,0,2,0,0,0,"['B732', 'B319', 'B511', 'B751', 'B132', 'B391', 'B435', 'B529']",13.0,S58,2.59,0,1,1,0.0,,-0.235992,-5.74948,-5.985472,True,True,108,S58,False,90,5.8272,delivery+onsite,,,,,,,,,,,,,,,,,,,,,,,,,,,,,,,,,,,,,,,,,,,,,,,,,,,,,,,,,,,
47,16,8,37,S58,False,0,1,1,0,14,0,0,0,0,"['B289', 'B372', 'B20', 'B553', 'B361', 'B677', 'B76', 'B30', 'B191', 'B424', 'B401', 'B724', 'B523', 'B290']",10.0,S15,5.67,14,1,15,0.0,,-0.070945,-5.726907,-5.797852,True,False,54,S37,True,19,2.1104,pickup,,,,,,,,,,,,,,,,,,,,,,,,,,,,,,,,,,,,,,,,,,,,,,,,,,,,,,,,,,,
47,16,8,53,S15,False,14,1,15,14,0,0,0,0,0,"['B289', 'B372', 'B20', 'B553', 'B361', 'B677', 'B76', 'B30', 'B191', 'B424', 'B401', 'B724', 'B523', 'B290']",10.0,S37,4.99,0,1,1,0.0,,-0.123838,-5.745716,-5.869554,False,False,12,S36,True,6,0.4082,delivery,,,,,,,,,,,,,,,,,,,,,,,,,,,,,,,,,,,,,,,,,,,,,,,,,,,,,,,,,,,
47,16,9,8,S37,False,0,1,1,0,18,1,0,0,0,"['B111', 'B325', 'B155', 'B169', 'B301', 'B610', 'B499', 'B33', 'B164', 'B483', 'B299', 'B426', 'B644', 'B665', 'B131', 'B563', 'B449', 'B67']",15.0,S22,7.12,18,1,19,0.0,,-0.147659,-5.689778,-5.837436,True,True,36,S36,True,33,1.959,pickup+onsite,,,,,,,,,,,,,,,,,,,,,,,,,,,,,,,,,,,,,,,,,,,,,,,,,,,,,,,,,,,
47,16,9,30,S22,False,18,1,19,0,0,2,0,0,0,[],9.0,S29,10.18,18,1,19,0.0,,-0.188717,-5.713883,-5.9026,True,True,144,S29,True,27,4.6996,do_nothing+onsite,,,,,,,,,,,,,,,,,,,,,,,,,,,,,,,,,,,,,,,,,,,,,,,,,,,,,,,,,,,
47,16,9,49,S29,False,18,1,19,18,0,0,0,0,0,"['B111', 'B325', 'B155', 'B169', 'B301', 'B610', 'B499', 'B33', 'B164', 'B483', 'B299', 'B426', 'B644', 'B665', 'B131', 'B563', 'B449', 'B67']",12.0,S40,3.08,0,1,1,0.0,,-0.266015,-5.72111,-5.987125,True,False,36,S36,True,24,1.5294,delivery,,,,,,,,,,,,,,,,,,,,,,,,,,,,,,,,,,,,,,,,,,,,,,,,,,,,,,,,,,,
47,16,10,4,S40,False,0,1,1,0,12,0,0,0,0,"['B522', 'B500', 'B247', 'B89', 'B719', 'B601', 'B652', 'B254', 'B104', 'B229', 'B425', 'B48']",9.0,S26,5.09,12,1,13,0.0,,-0.248199,-5.741653,-5.989852,True,False,36,S53,True,14,1.0716,pickup,,,,,,,,,,,,,,,,,,,,,,,,,,,,,,,,,,,,,,,,,,,,,,,,,,,,,,,,,,,
47,16,10,18,S26,False,12,1,13,12,0,0,1,0,0,"['B415', 'B522', 'B500', 'B247', 'B89', 'B719', 'B601', 'B652', 'B254', 'B104', 'B229', 'B425', 'B48']",9.5,S53,7.29,0,2,2,0.0,,-0.266221,-5.743831,-6.010052,True,True,24,S44,True,18,0.7221,delivery+depot_removal,,,,,,,,,,,,,,,,,,,,,,,,,,,,,,,,,,,,,,,,,,,,,,,,,,,,,,,,,,,
47,16,10,35,S53,False,0,2,2,0,18,0,0,0,0,"['B115', 'B17', 'B182', 'B53', 'B34', 'B240', 'B603', 'B192', 'B575', 'B110', 'B684', 'B218', 'B455', 'B68', 'B62', 'B591', 'B3', 'B637']",12.0,S54,2.46,18,2,20,0.0,,-0.194692,-5.739582,-5.934274,False,False,12,S34,True,10,0.4403,pickup,,,,,,,,,,,,,,,,,,,,,,,,,,,,,,,,,,,,,,,,,,,,,,,,,,,,,,,,,,,
47,16,10,49,S54,False,18,2,20,14,0,0,0,0,0,"['B115', 'B17', 'B182', 'B53', 'B34', 'B240', 'B603', 'B192', 'B575', 'B110', 'B684', 'B218', 'B455', 'B68']",10.0,S50,2.71,4,2,6,0.0,,-0.223753,-5.797329,-6.021081,False,False,18,S50,False,13,0.5996,delivery,,,,,,,,,,,,,,,,,,,,,,,,,,,,,,,,,,,,,,,,,,,,,,,,,,,,,,,,,,,
47,16,11,2,S50,False,4,2,6,4,0,0,0,0,0,"['B62', 'B591', 'B3', 'B637']",5.0,S44,6.58,0,2,2,0.0,,-0.248366,-5.770499,-6.018864,False,False,12,S14,True,10,0.3642,delivery,,,,,,,,,,,,,,,,,,,,,,,,,,,,,,,,,,,,,,,,,,,,,,,,,,,,,,,,,,,
47,16,11,14,S44,False,0,2,2,0,7,0,0,0,0,"['B93', 'B116', 'B543', 'B138', 'B387', 'B651', 'B250']",6.5,S51,3.83,7,2,9,0.0,,-0.218318,-5.783443,-6.001761,True,False,36,S63,True,14,0.9878,pickup,,,,,,,,,,,,,,,,,,,,,,,,,,,,,,,,,,,,,,,,,,,,,,,,,,,,,,,,,,,
47,16,11,24,S51,False,7,2,9,7,0,0,0,0,0,"['B93', 'B116', 'B543', 'B138', 'B387', 'B651', 'B250']",6.5,S33,4.94,0,2,2,0.0,,-0.141861,-5.750224,-5.892084,False,False,12,S3,True,9,0.5598,delivery,,,,,,,,,,,,,,,,,,,,,,,,,,,,,,,,,,,,,,,,,,,,,,,,,,,,,,,,,,,
47,16,11,35,S33,False,0,2,2,0,12,0,0,0,0,"['B423', 'B695', 'B702', 'B564', 'B586', 'B186', 'B171', 'B330', 'B535', 'B281', 'B354', 'B201']",9.0,S34,3.68,12,2,14,0.0,,-0.166038,-5.742404,-5.908442,True,False,36,S63,True,24,1.4947,pickup,,,,,,,,,,,,,,,,,,,,,,,,,,,,,,,,,,,,,,,,,,,,,,,,,,,,,,,,,,,
47,16,11,48,S34,False,12,2,14,12,0,0,0,0,0,"['B423', 'B695', 'B702', 'B564', 'B586', 'B186', 'B171', 'B330', 'B535', 'B281', 'B354', 'B201']",9.0,S56,4.31,0,2,2,0.0,,-0.195399,-5.749503,-5.944902,False,False,12,S3,True,8,0.6144,delivery,,,,,,,,,,,,,,,,,,,,,,,,,,,,,,,,,,,,,,,,,,,,,,,,,,,,,,,,,,,
47,16,12,1,S56,False,0,2,2,0,8,0,0,0,0,"['B303', 'B307', 'B194', 'B648', 'B667', 'B510', 'B411', 'B410']",7.0,S17,9.03,8,2,10,0.0,,-0.135868,-5.757398,-5.893266,False,False,18,S3,True,15,0.7669,pickup,,,,,,,,,,,,,,,,,,,,,,,,,,,,,,,,,,,,,,,,,,,,,,,,,,,,,,,,,,,
47,16,12,18,S17,False,8,2,10,8,0,0,0,0,0,"['B303', 'B307', 'B194', 'B648', 'B667', 'B510', 'B411', 'B410']",7.0,S63,9.98,0,2,2,0.0,,-0.1415,-5.742677,-5.884176,False,False,12,S63,False,9,0.6901,delivery,,,,,,,,,,,,,,,,,,,,,,,,,,,,,,,,,,,,,,,,,,,,,,,,,,,,,,,,,,,
47,16,12,34,S63,False,0,2,2,0,11,0,0,0,0,"['B497', 'B470', 'B227', 'B693', 'B289', 'B246', 'B135', 'B525', 'B711', 'B20', 'B553']",8.5,S29,5.25,11,2,13,0.0,,-0.158921,-5.757943,-5.916865,True,False,36,S39,True,24,1.4552,pickup,,,,,,,,,,,,,,,,,,,,,,,,,,,,,,,,,,,,,,,,,,,,,,,,,,,,,,,,,,,
47,16,12,48,S29,False,11,2,13,11,0,0,0,0,0,"['B497', 'B470', 'B227', 'B693', 'B289', 'B246', 'B135', 'B525', 'B711', 'B20', 'B553']",8.5,S48,7.68,0,2,2,0.0,,-0.224473,-5.764747,-5.98922,True,False,24,S48,False,16,1.0084,delivery,,,,,,,,,,,,,,,,,,,,,,,,,,,,,,,,,,,,,,,,,,,,,,,,,,,,,,,,,,,
47,16,13,4,S48,False,0,2,2,0,11,0,0,0,0,"['B752', 'B308', 'B136', 'B542', 'B238', 'B569', 'B348', 'B245', 'B380', 'B280', 'B43']",8.5,S50,8.86,11,2,13,0.0,,-0.193823,-5.759584,-5.953408,True,False,36,S53,True,14,1.6538,pickup,,,,,,,,,,,,,,,,,,,,,,,,,,,,,,,,,,,,,,,,,,,,,,,,,,,,,,,,,,,
47,16,13,22,S50,False,11,2,13,0,0,0,0,0,0,[],3.0,S42,2.31,11,2,13,0.0,,-0.520489,-5.795139,-6.315628,False,False,12,S39,True,4,0.6864,do_nothing,,,,,,,,,,,,,,,,,,,,,,,,,,,,,,,,,,,,,,,,,,,,,,,,,,,,,,,,,,,
47,16,13,27,S42,False,11,2,13,0,0,0,0,0,0,[],3.0,S35,1.31,11,2,13,0.0,,-0.437231,-5.778727,-6.215958,True,False,54,S11,True,0,2.6348,do_nothing,,,,,,,,,,,,,,,,,,,,,,,,,,,,,,,,,,,,,,,,,,,,,,,,,,,,,,,,,,,
47,16,13,31,S35,False,11,2,13,0,0,0,0,0,0,[],3.0,S46,5.93,11,2,13,0.0,,-0.301818,-5.766335,-6.068153,True,False,48,S39,True,3,2.5256,do_nothing,,,,,,,,,,,,,,,,,,,,,,,,,,,,,,,,,,,,,,,,,,,,,,,,,,,,,,,,,,,
47,16,13,40,S46,False,11,2,13,0,0,0,0,0,0,[],3.0,S35,5.93,11,2,13,0.0,,-0.349649,-5.790039,-6.139688,False,False,12,S39,True,3,0.7724,do_nothing,,,,,,,,,,,,,,,,,,,,,,,,,,,,,,,,,,,,,,,,,,,,,,,,,,,,,,,,,,,
47,16,13,49,S35,False,11,2,13,11,0,1,0,0,0,"['B752', 'B308', 'B136', 'B542', 'B238', 'B569', 'B348', 'B245', 'B380', 'B280', 'B43']",11.5,S9,10.99,0,2,2,0.0,,-0.401654,-5.776656,-6.17831,True,True,48,S42,True,38,2.7464,delivery+onsite,,,,,,,,,,,,,,,,,,,,,,,,,,,,,,,,,,,,,,,,,,,,,,,,,,,,,,,,,,,
47,16,14,12,S9,False,0,2,2,0,5,0,0,0,0,"['B715', 'B108', 'B236', 'B286', 'B394']",5.5,S52,8.11,5,2,7,0.0,,-0.420035,-5.76927,-6.189306,True,False,72,S66,True,52,3.15,pickup,,,,,,,,,,,,,,,,,,,,,,,,,,,,,,,,,,,,,,,,,,,,,,,,,,,,,,,,,,,
47,16,14,25,S52,False,5,2,7,5,0,0,0,0,0,"['B715', 'B108', 'B236', 'B286', 'B394']",5.5,S66,3.13,0,2,2,0.0,,-0.30722,-5.751975,-6.059195,False,False,12,S18,True,7,0.7401,delivery,,,,,,,,,,,,,,,,,,,,,,,,,,,,,,,,,,,,,,,,,,,,,,,,,,,,,,,,,,,
47,16,14,34,S66,False,0,2,2,0,14,0,0,0,0,"['B466', 'B369', 'B684', 'B189', 'B58', 'B207', 'B95', 'B200', 'B459', 'B556', 'B736', 'B161', 'B714', 'B522']",10.0,S63,4.37,14,2,16,0.0,,-0.242688,-5.756928,-5.999617,True,False,36,S31,True,28,1.42,pickup,,,,,,,,,,,,,,,,,,,,,,,,,,,,,,,,,,,,,,,,,,,,,,,,,,,,,,,,,,,
47,16,14,48,S63,False,14,2,16,0,0,0,1,0,0,['B388'],3.5,S32,3.1,14,3,17,0.0,,-0.206901,-5.738305,-5.945206,True,True,36,S46,True,10,1.4099,do_nothing+depot_removal,,,,,,,,,,,,,,,,,,,,,,,,,,,,,,,,,,,,,,,,,,,,,,,,,,,,,,,,,,,
47,16,14,55,S32,False,14,3,17,12,0,0,0,0,0,"['B466', 'B369', 'B684', 'B189', 'B58', 'B207', 'B95', 'B200', 'B459', 'B556', 'B736', 'B161']",9.0,S54,2.05,2,3,5,0.0,,-0.302222,-5.755275,-6.057496,False,False,18,S54,False,7,0.7376,delivery,,,,,,,,,,,,,,,,,,,,,,,,,,,,,,,,,,,,,,,,,,,,,,,,,,,,,,,,,,,
47,16,15,6,S54,False,2,3,5,2,0,0,0,0,0,"['B714', 'B522']",4.0,S41,6.96,0,3,3,0.0,,-0.283777,-5.743411,-6.027189,False,False,12,S41,False,7,0.6539,delivery,,,,,,,,,,,,,,,,,,,,,,,,,,,,,,,,,,,,,,,,,,,,,,,,,,,,,,,,,,,
47,16,15,17,S41,False,0,3,3,0,17,0,0,0,0,"['B708', 'B603', 'B579', 'B292', 'B653', 'B38', 'B18', 'B238', 'B220', 'B601', 'B78', 'B455', 'B44', 'B661', 'B594', 'B458', 'B393']",11.5,S26,6.65,17,3,20,0.0,,-0.094193,-5.681208,-5.775401,True,False,18,S64,True,12,0.8557,pickup,,,,,,,,,,,,,,,,,,,,,,,,,,,,,,,,,,,,,,,,,,,,,,,,,,,,,,,,,,,
47,16,15,35,S26,False,17,3,20,17,0,0,0,0,0,"['B708', 'B603', 'B579', 'B292', 'B653', 'B38', 'B18', 'B238', 'B220', 'B601', 'B78', 'B455', 'B44', 'B661', 'B594', 'B458', 'B393']",11.5,S31,6.02,0,3,3,0.0,,-0.188759,-5.737324,-5.926083,False,False,12,S11,True,6,0.5099,delivery,,,,,,,,,,,,,,,,,,,,,,,,,,,,,,,,,,,,,,,,,,,,,,,,,,,,,,,,,,,
47,16,15,53,S31,False,0,3,3,0,17,0,0,0,0,"['B273', 'B511', 'B662', 'B679', 'B504', 'B100', 'B10', 'B164', 'B177', 'B392', 'B41', 'B76', 'B75', 'B686', 'B204', 'B588', 'B624']",11.5,S35,8.41,17,3,20,0.0,,-0.307538,-5.728656,-6.036195,True,False,72,S18,True,63,2.5397,pickup,,,,,,,,,,,,,,,,,,,,,,,,,,,,,,,,,,,,,,,,,,,,,,,,,,,,,,,,,,,
47,16,16,13,S35,False,17,3,20,13,0,0,0,0,0,"['B273', 'B511', 'B662', 'B679', 'B504', 'B100', 'B10', 'B164', 'B177', 'B392', 'B41', 'B76', 'B75']",9.5,S42,1.31,4,3,7,0.0,,-0.277428,-5.721034,-5.998462,True,False,30,S58,True,20,1.2319,delivery,,,,,,,,,,,,,,,,,,,,,,,,,,,,,,,,,,,,,,,,,,,,,,,,,,,,,,,,,,,
47,16,16,23,S42,False,4,3,7,4,0,0,0,0,0,"['B686', 'B204', 'B588', 'B624']",5.0,S48,9.36,0,3,3,0.0,,-0.172178,-5.658328,-5.830507,True,False,36,S48,False,20,1.7703,delivery,,,,,,,,,,,,,,,,,,,,,,,,,,,,,,,,,,,,,,,,,,,,,,,,,,,,,,,,,,,
47,16,16,38,S48,False,0,3,3,0,8,0,0,0,0,"['B711', 'B678', 'B23', 'B517', 'B285', 'B628', 'B139', 'B733']",7.0,S27,8.86,8,3,11,0.0,,-0.17095,-5.693175,-5.864124,True,False,36,S19,True,16,2.5257,pickup,,,,,,,,,,,,,,,,,,,,,,,,,,,,,,,,,,,,,,,,,,,,,,,,,,,,,,,,,,,
47,16,16,54,S27,False,8,3,11,8,0,2,0,0,0,"['B711', 'B678', 'B23', 'B517', 'B285', 'B628', 'B139', 'B733']",13.0,S18,3.68,0,3,3,0.0,,-0.076696,-5.684284,-5.76098,True,True,36,S18,False,33,2.1186,delivery+onsite,,,,,,,,,,,,,,,,,,,,,,,,,,,,,,,,,,,,,,,,,,,,,,,,,,,,,,,,,,,
47,16,17,10,S18,False,0,3,3,0,13,0,0,0,0,"['B551', 'B153', 'B386', 'B437', 'B15', 'B277', 'B735', 'B677', 'B39', 'B616', 'B747', 'B452', 'B17']",9.5,S54,5.81,13,3,16,0.0,,-0.165454,-5.667754,-5.833208,True,False,54,S60,True,20,2.5762,pickup,,,,,,,,,,,,,,,,,,,,,,,,,,,,,,,,,,,,,,,,,,,,,,,,,,,,,,,,,,,
47,16,17,26,S54,False,13,3,16,13,0,0,0,0,0,"['B551', 'B153', 'B386', 'B437', 'B15', 'B277', 'B735', 'B677', 'B39', 'B616', 'B747', 'B452', 'B17']",9.5,S60,6.45,0,3,3,0.0,,-0.047186,-5.665829,-5.713015,False,False,12,S60,False,6,0.7144,delivery,,,,,,,,,,,,,,,,,,,,,,,,,,,,,,,,,,,,,,,,,,,,,,,,,,,,,,,,,,,
47,16,17,42,S60,False,0,3,3,0,17,0,0,0,0,"['B144', 'B408', 'B234', 'B623', 'B148', 'B498', 'B607', 'B589', 'B132', 'B471', 'B166', 'B111', 'B754', 'B340', 'B558', 'B183', 'B695']",11.5,S48,8.25,17,3,20,0.0,,-0.076817,-5.629098,-5.705914,False,False,12,S15,True,10,0.7097,pickup,,,,,,,,,,,,,,,,,,,,,,,,,,,,,,,,,,,,,,,,,,,,,,,,,,,,,,,,,,,
47,16,18,1,S48,False,17,3,20,8,0,0,0,0,0,"['B144', 'B408', 'B234', 'B623', 'B148', 'B498', 'B607', 'B589']",7.0,S29,7.68,9,3,12,0.0,,-0.082598,-5.654285,-5.736883,True,False,30,S29,False,6,2.3778,delivery,,,,,,,,,,,,,,,,,,,,,,,,,,,,,,,,,,,,,,,,,,,,,,,,,,,,,,,,,,,
47,16,18,16,S29,False,9,3,12,9,0,0,1,0,0,"['B595', 'B132', 'B471', 'B166', 'B111', 'B754', 'B340', 'B558', 'B183', 'B695']",8.0,S35,1.95,0,4,4,0.0,,-0.106281,-5.665152,-5.771434,True,True,24,S35,True,18,1.517,delivery+depot_removal,,,,,,,,,,,,,,,,,,,,,,,,,,,,,,,,,,,,,,,,,,,,,,,,,,,,,,,,,,,
47,16,18,26,S35,False,0,4,4,0,13,0,0,0,0,"['B392', 'B41', 'B76', 'B75', 'B48', 'B684', 'B173', 'B586', 'B690', 'B487', 'B614', 'B722', 'B269']",9.5,S21,4.69,13,4,17,0.0,,-0.159446,-5.656287,-5.815733,True,False,36,S31,True,13,1.9136,pickup,,,,,,,,,,,,,,,,,,,,,,,,,,,,,,,,,,,,,,,,,,,,,,,,,,,,,,,,,,,
47,16,18,40,S21,False,13,4,17,10,0,0,0,0,0,"['B392', 'B41', 'B76', 'B75', 'B48', 'B684', 'B173', 'B586', 'B690', 'B487']",8.0,S41,14.17,3,4,7,0.0,,-0.142308,-5.650256,-5.792564,True,False,36,S1,True,21,1.4614,delivery,,,,,,,,,,,,,,,,,,,,,,,,,,,,,,,,,,,,,,,,,,,,,,,,,,,,,,,,,,,
47,16,19,2,S41,False,3,4,7,0,13,0,0,0,0,"['B424', 'B516', 'B123', 'B706', 'B185', 'B265', 'B212', 'B1', 'B83', 'B54', 'B11', 'B256', 'B625']",9.5,S13,7.37,16,4,20,0.0,,-0.106627,-5.518303,-5.62493,True,False,24,S38,True,19,0.8927,pickup,,,,,,,,,,,,,,,,,,,,,,,,,,,,,,,,,,,,,,,,,,,,,,,,,,,,,,,,,,,
47,16,19,19,S13,False,16,4,20,16,0,0,0,0,0,"['B614', 'B722', 'B269', 'B424', 'B516', 'B123', 'B706', 'B185', 'B265', 'B212', 'B1', 'B83', 'B54', 'B11', 'B256', 'B625']",11.0,S65,5.55,0,4,4,0.0,,-0.047157,-5.520774,-5.567931,True,False,42,S45,True,6,2.2225,delivery,,,,,,,,,,,,,,,,,,,,,,,,,,,,,,,,,,,,,,,,,,,,,,,,,,,,,,,,,,,
47,16,19,36,S65,False,0,4,4,0,14,0,0,0,0,"['B629', 'B322', 'B667', 'B51', 'B472', 'B504', 'B325', 'B541', 'B485', 'B718', 'B400', 'B593', 'B74', 'B441']",10.0,D0,3.15,14,4,18,0.0,,-0.088365,-5.526384,-5.614749,True,False,13,D0,False,11,0.7687,pickup,,,,,,,,,,,,,,,,,,,,,,,,,,,,,,,,,,,,,,,,,,,,,,,,,,,,,,,,,,,
47,16,19,49,D0,True,14,4,18,4,0,0,0,4,0,"['B248', 'B415', 'B388', 'B595']",7.0,D0,0.0,10,0,10,0.0,,-0.082582,-5.522505,-5.605088,True,True,1,D0,False,0,0.0327,do_nothing,,,,,,,,,,,,,,,,,,,,,,,,,,,,,,,,,,,,,,,,,,,,,,,,,,,,,,,,,,,
47,17,6,5,D0,True,14,0,14,0,0,0,0,0,6,"['B168', 'B268', 'B9', 'B21', 'B5', 'B705']",6.0,S65,3.15,20,0,20,0.0,,-0.668461,-5.791967,-6.460428,True,True,5,S34,True,1,0.1535,load_queue,,,,,,,,,,,,,,,,,,,,,,,,,,,,,,,,,,,,,,,,,,,,,,,,,,,,,,,,,,,
47,17,6,29,S65,False,20,0,20,20,0,0,0,0,0,"['B629', 'B322', 'B667', 'B51', 'B472', 'B504', 'B325', 'B541', 'B485', 'B718', 'B400', 'B593', 'B74', 'B441', 'B168', 'B268', 'B9', 'B21', 'B5', 'B705']",13.0,S63,7.4,0,0,0,0.0,,-0.587092,-5.772757,-6.359849,True,False,18,S41,True,8,0.8814,delivery,,,,,,,,,,,,,,,,,,,,,,,,,,,,,,,,,,,,,,,,,,,,,,,,,,,,,,,,,,,
47,17,6,49,S63,False,0,0,0,0,19,0,0,0,0,"['B22', 'B306', 'B426', 'B305', 'B65', 'B435', 'B647', 'B147', 'B283', 'B600', 'B80', 'B246', 'B292', 'B232', 'B177', 'B588', 'B206', 'B144', 'B436']",12.5,S15,5.25,19,0,19,0.0,,-0.461472,-5.823623,-6.285096,False,False,18,S58,True,16,0.7531,pickup,,,,,,,,,,,,,,,,,,,,,,,,,,,,,,,,,,,,,,,,,,,,,,,,,,,,,,,,,,,
47,17,7,7,S15,False,19,0,19,19,0,0,0,0,0,"['B22', 'B306', 'B426', 'B305', 'B65', 'B435', 'B647', 'B147', 'B283', 'B600', 'B80', 'B246', 'B292', 'B232', 'B177', 'B588', 'B206', 'B144', 'B436']",12.5,S54,3.9,0,0,0,0.0,,-0.454589,-5.786355,-6.240944,False,False,12,S66,True,7,0.5758,delivery,,,,,,,,,,,,,,,,,,,,,,,,,,,,,,,,,,,,,,,,,,,,,,,,,,,,,,,,,,,
47,17,7,24,S54,False,0,0,0,0,17,0,0,0,0,"['B721', 'B59', 'B221', 'B64', 'B319', 'B741', 'B454', 'B614', 'B357', 'B39', 'B564', 'B737', 'B471', 'B546', 'B729', 'B117', 'B72']",11.5,S27,4.59,17,0,17,0.0,,-0.283837,-5.785676,-6.069513,False,False,18,S35,True,13,0.764,pickup,,,,,,,,,,,,,,,,,,,,,,,,,,,,,,,,,,,,,,,,,,,,,,,,,,,,,,,,,,,
47,17,7,40,S27,False,17,0,17,17,0,0,0,0,0,"['B721', 'B59', 'B221', 'B64', 'B319', 'B741', 'B454', 'B614', 'B357', 'B39', 'B564', 'B737', 'B471', 'B546', 'B729', 'B117', 'B72']",11.5,S52,3.68,0,0,0,0.0,,-0.343535,-5.781522,-6.125058,False,False,12,S52,False,7,0.6368,delivery,,,,,,,,,,,,,,,,,,,,,,,,,,,,,,,,,,,,,,,,,,,,,,,,,,,,,,,,,,,
47,17,7,55,S52,False,0,0,0,0,13,0,0,0,0,"['B169', 'B345', 'B637', 'B524', 'B643', 'B285', 'B136', 'B606', 'B294', 'B43', 'B158', 'B349', 'B467']",9.5,S41,4.13,13,0,13,0.0,,-0.384221,-5.772513,-6.156733,False,False,18,S37,True,14,0.925,pickup,,,,,,,,,,,,,,,,,,,,,,,,,,,,,,,,,,,,,,,,,,,,,,,,,,,,,,,,,,,
47,17,8,8,S41,False,13,0,13,13,0,0,2,0,0,"['B649', 'B735', 'B169', 'B345', 'B637', 'B524', 'B643', 'B285', 'B136', 'B606', 'B294', 'B43', 'B158', 'B349', 'B467']",10.5,S37,3.7,0,2,2,0.0,,-0.188747,-5.786177,-5.974924,True,True,36,S18,True,30,1.9637,delivery+depot_removal,,,,,,,,,,,,,,,,,,,,,,,,,,,,,,,,,,,,,,,,,,,,,,,,,,,,,,,,,,,
47,17,8,23,S37,False,0,2,2,0,18,0,0,0,0,"['B446', 'B209', 'B312', 'B660', 'B692', 'B251', 'B713', 'B470', 'B641', 'B160', 'B430', 'B259', 'B121', 'B511', 'B679', 'B304', 'B50', 'B498']",12.0,S29,6.23,18,2,20,0.0,,-0.301334,-5.77407,-6.075404,False,False,12,S66,True,8,0.6576,pickup,,,,,,,,,,,,,,,,,,,,,,,,,,,,,,,,,,,,,,,,,,,,,,,,,,,,,,,,,,,
47,17,8,41,S29,False,18,2,20,0,0,0,0,0,0,[],3.0,S61,5.74,18,2,20,0.0,,-0.165589,-5.766913,-5.932501,False,False,18,S62,True,3,0.8984,do_nothing,,,,,,,,,,,,,,,,,,,,,,,,,,,,,,,,,,,,,,,,,,,,,,,,,,,,,,,,,,,
47,17,8,50,S61,False,18,2,20,9,0,0,0,0,0,"['B446', 'B209', 'B312', 'B660', 'B692', 'B251', 'B713', 'B470', 'B641']",7.5,S51,6.56,9,2,11,0.0,,-0.153393,-5.739701,-5.893094,True,False,54,S51,False,9,1.2844,delivery,,,,,,,,,,,,,,,,,,,,,,,,,,,,,,,,,,,,,,,,,,,,,,,,,,,,,,,,,,,
47,17,9,4,S51,False,9,2,11,9,0,0,1,0,0,"['B380', 'B160', 'B430', 'B259', 'B121', 'B511', 'B679', 'B304', 'B50', 'B498']",8.0,S53,3.97,0,3,3,0.0,,-0.153649,-5.727183,-5.880832,True,True,24,S1,True,21,1.1909,delivery+depot_removal,,,,,,,,,,,,,,,,,,,,,,,,,,,,,,,,,,,,,,,,,,,,,,,,,,,,,,,,,,,
47,17,9,16,S53,False,0,3,3,0,16,0,0,0,0,"['B37', 'B204', 'B135', 'B89', 'B573', 'B691', 'B425', 'B568', 'B363', 'B109', 'B733', 'B40', 'B228', 'B210', 'B276', 'B186']",11.0,S29,3.88,16,3,19,0.0,,-0.094538,-5.718269,-5.812807,True,False,36,S55,True,13,1.7818,pickup,,,,,,,,,,,,,,,,,,,,,,,,,,,,,,,,,,,,,,,,,,,,,,,,,,,,,,,,,,,
47,17,9,30,S29,False,16,3,19,13,0,0,0,0,0,"['B37', 'B204', 'B135', 'B89', 'B573', 'B691', 'B425', 'B568', 'B363', 'B109', 'B733', 'B40', 'B228']",9.5,S62,3.79,3,3,6,0.0,,-0.141904,-5.75033,-5.892234,False,False,18,S34,True,12,0.6861,delivery,,,,,,,,,,,,,,,,,,,,,,,,,,,,,,,,,,,,,,,,,,,,,,,,,,,,,,,,,,,
47,17,9,44,S62,False,3,3,6,3,0,0,0,0,0,"['B210', 'B276', 'B186']",4.5,S60,3.68,0,3,3,0.0,,-0.052819,-5.739635,-5.792455,False,False,12,S1,True,6,0.4039,delivery,,,,,,,,,,,,,,,,,,,,,,,,,,,,,,,,,,,,,,,,,,,,,,,,,,,,,,,,,,,
47,17,9,52,S60,False,0,3,3,0,17,0,0,0,0,"['B677', 'B236', 'B616', 'B438', 'B748', 'B571', 'B608', 'B416', 'B752', 'B514', 'B703', 'B161', 'B581', 'B30', 'B731', 'B375', 'B231']",11.5,S34,5.52,17,3,20,0.0,,-0.071004,-5.7161,-5.787104,False,False,18,S31,True,15,1.0894,pickup,,,,,,,,,,,,,,,,,,,,,,,,,,,,,,,,,,,,,,,,,,,,,,,,,,,,,,,,,,,
47,17,10,9,S34,False,17,3,20,11,0,0,0,0,0,"['B677', 'B236', 'B616', 'B438', 'B748', 'B571', 'B608', 'B416', 'B752', 'B514', 'B703']",8.5,S50,2.99,6,3,9,0.0,,-0.082959,-5.73013,-5.813089,False,False,18,S24,True,7,0.9856,delivery,,,,,,,,,,,,,,,,,,,,,,,,,,,,,,,,,,,,,,,,,,,,,,,,,,,,,,,,,,,
47,17,10,20,S50,False,6,3,9,6,0,0,0,0,0,"['B161', 'B581', 'B30', 'B731', 'B375', 'B231']",6.0,S55,3.32,0,3,3,0.0,,-0.123929,-5.720343,-5.844272,False,False,12,S1,True,6,0.5855,delivery,,,,,,,,,,,,,,,,,,,,,,,,,,,,,,,,,,,,,,,,,,,,,,,,,,,,,,,,,,,
47,17,10,30,S55,False,0,3,3,0,15,1,0,0,0,"['B526', 'B354', 'B513', 'B340', 'B245', 'B220', 'B223', 'B291', 'B618', 'B634', 'B728', 'B105', 'B77', 'B79', 'B201']",13.5,S57,2.57,15,3,18,0.0,,-0.035637,-5.68355,-5.719187,True,True,156,S0,True,80,6.6814,pickup+onsite,,,,,,,,,,,,,,,,,,,,,,,,,,,,,,,,,,,,,,,,,,,,,,,,,,,,,,,,,,,
47,17,10,46,S57,False,15,3,18,10,0,0,3,0,0,"['B382', 'B740', 'B658', 'B526', 'B354', 'B513', 'B340', 'B245', 'B220', 'B223', 'B291', 'B618', 'B634']",9.5,S26,6.87,5,6,11,0.0,,-0.106057,-5.735932,-5.841989,True,True,66,S24,True,36,1.9749,delivery+depot_removal,,,,,,,,,,,,,,,,,,,,,,,,,,,,,,,,,,,,,,,,,,,,,,,,,,,,,,,,,,,
47,17,11,2,S26,False,5,6,11,5,0,0,0,0,0,"['B728', 'B105', 'B77', 'B79', 'B201']",5.5,S39,9.74,0,6,6,0.0,,-0.053224,-5.732372,-5.785596,False,False,12,S1,True,10,0.5691,delivery,,,,,,,,,,,,,,,,,,,,,,,,,,,,,,,,,,,,,,,,,,,,,,,,,,,,,,,,,,,
47,17,11,17,S39,False,0,6,6,0,10,0,1,0,0,"['B730', 'B512', 'B765', 'B370', 'B191', 'B314', 'B576', 'B619', 'B282', 'B653', 'B311']",8.5,S22,5.77,10,7,17,0.0,,-0.11181,-5.742144,-5.853954,True,True,42,S18,True,30,2.0757,pickup+depot_removal,,,,,,,,,,,,,,,,,,,,,,,,,,,,,,,,,,,,,,,,,,,,,,,,,,,,,,,,,,,
47,17,11,32,S22,False,10,7,17,0,0,1,1,0,0,['B515'],6.5,S12,13.59,10,8,18,0.0,,-0.047246,-5.746368,-5.793614,True,True,48,S12,True,18,2.3486,do_nothing+maintenance,,,,,,,,,,,,,,,,,,,,,,,,,,,,,,,,,,,,,,,,,,,,,,,,,,,,,,,,,,,
47,17,11,52,S12,False,10,8,18,10,0,2,1,0,0,"['B73', 'B730', 'B512', 'B765', 'B370', 'B191', 'B314', 'B576', 'B619', 'B282', 'B653']",14.5,S44,5.82,0,9,9,0.0,,-0.082389,-5.747775,-5.830164,True,True,108,S36,True,96,6.3339,delivery+maintenance,,,,,,,,,,,,,,,,,,,,,,,,,,,,,,,,,,,,,,,,,,,,,,,,,,,,,,,,,,,
47,17,12,12,S44,False,0,9,9,0,9,1,0,0,0,"['B394', 'B569', 'B10', 'B711', 'B736', 'B591', 'B44', 'B453', 'B237']",10.5,S50,6.58,9,9,18,0.0,,-0.100425,-5.778867,-5.879292,True,True,108,S18,True,90,5.9734,pickup+onsite,,,,,,,,,,,,,,,,,,,,,,,,,,,,,,,,,,,,,,,,,,,,,,,,,,,,,,,,,,,
47,17,12,29,S50,False,9,9,18,9,0,0,0,0,0,"['B394', 'B569', 'B10', 'B711', 'B736', 'B591', 'B44', 'B453', 'B237']",7.5,S18,8.03,0,9,9,0.0,,-0.235464,-5.751051,-5.986514,False,False,12,S0,True,6,0.4082,delivery,,,,,,,,,,,,,,,,,,,,,,,,,,,,,,,,,,,,,,,,,,,,,,,,,,,,,,,,,,,
47,17,12,45,S18,False,0,9,9,0,11,0,0,0,0,"['B207', 'B543', 'B367', 'B474', 'B323', 'B418', 'B698', 'B234', 'B427', 'B673', 'B684']",8.5,S54,5.81,11,9,20,0.0,,-0.27229,-5.807208,-6.079498,True,False,24,S1,True,19,0.9366,pickup,,,,,,,,,,,,,,,,,,,,,,,,,,,,,,,,,,,,,,,,,,,,,,,,,,,,,,,,,,,
47,17,12,59,S54,False,11,9,20,11,0,0,0,0,0,"['B207', 'B543', 'B367', 'B474', 'B323', 'B418', 'B698', 'B234', 'B427', 'B673', 'B684']",8.5,S1,3.23,0,9,9,0.0,,-0.241833,-5.765751,-6.007584,False,False,12,S55,True,7,0.4341,delivery,,,,,,,,,,,,,,,,,,,,,,,,,,,,,,,,,,,,,,,,,,,,,,,,,,,,,,,,,,,
47,17,13,11,S1,False,0,9,9,0,11,0,0,0,0,"['B584', 'B16', 'B558', 'B270', 'B170', 'B452', 'B570', 'B527', 'B173', 'B630', 'B3']",8.5,S29,2.42,11,9,20,0.0,,-0.301739,-5.768134,-6.069874,False,False,12,S29,False,6,0.6332,pickup,,,,,,,,,,,,,,,,,,,,,,,,,,,,,,,,,,,,,,,,,,,,,,,,,,,,,,,,,,,
47,17,13,22,S29,False,11,9,20,11,0,0,0,0,0,"['B584', 'B16', 'B558', 'B270', 'B170', 'B452', 'B570', 'B527', 'B173', 'B630', 'B3']",8.5,S60,7.31,0,9,9,0.0,,-0.365976,-5.785262,-6.151238,False,False,12,S55,True,7,0.5247,delivery,,,,,,,,,,,,,,,,,,,,,,,,,,,,,,,,,,,,,,,,,,,,,,,,,,,,,,,,,,,
47,17,13,38,S60,False,0,9,9,0,11,0,0,0,0,"['B668', 'B485', 'B747', 'B430', 'B517', 'B689', 'B670', 'B292', 'B244', 'B379', 'B155']",8.5,S55,6.87,11,9,20,0.0,,-0.36597,-5.762712,-6.128682,False,False,12,S55,False,6,0.6564,pickup,,,,,,,,,,,,,,,,,,,,,,,,,,,,,,,,,,,,,,,,,,,,,,,,,,,,,,,,,,,
47,17,13,53,S55,False,11,9,20,11,0,0,0,0,0,"['B668', 'B485', 'B747', 'B430', 'B517', 'B689', 'B670', 'B292', 'B244', 'B379', 'B155']",8.5,S31,6.19,0,9,9,0.0,,-0.466219,-5.761047,-6.227266,True,False,36,S31,False,6,2.2132,delivery,,,,,,,,,,,,,,,,,,,,,,,,,,,,,,,,,,,,,,,,,,,,,,,,,,,,,,,,,,,
47,17,14,8,S31,False,0,9,9,0,11,0,0,0,0,"['B37', 'B386', 'B704', 'B75', 'B288', 'B209', 'B509', 'B43', 'B228', 'B441', 'B53']",8.5,S54,5.7,11,9,20,0.0,,-0.384713,-5.760673,-6.145386,True,False,72,S0,True,64,2.8389,pickup,,,,,,,,,,,,,,,,,,,,,,,,,,,,,,,,,,,,,,,,,,,,,,,,,,,,,,,,,,,
47,17,14,22,S54,False,11,9,20,11,0,0,0,0,0,"['B37', 'B386', 'B704', 'B75', 'B288', 'B209', 'B509', 'B43', 'B228', 'B441', 'B53']",8.5,S0,6.35,0,9,9,0.0,,-0.241681,-5.750996,-5.992677,False,False,12,S62,True,7,0.3,delivery,,,,,,,,,,,,,,,,,,,,,,,,,,,,,,,,,,,,,,,,,,,,,,,,,,,,,,,,,,,
47,17,14,37,S0,False,0,9,9,0,11,0,0,0,0,"['B587', 'B334', 'B761', 'B429', 'B482', 'B445', 'B615', 'B710', 'B743', 'B683', 'B560']",8.5,S35,3.47,11,9,20,0.0,,-0.474087,-5.781621,-6.255708,True,False,18,S62,True,12,0.5354,pickup,,,,,,,,,,,,,,,,,,,,,,,,,,,,,,,,,,,,,,,,,,,,,,,,,,,,,,,,,,,
47,17,14,49,S35,False,11,9,20,11,0,1,0,0,0,"['B587', 'B334', 'B761', 'B429', 'B482', 'B445', 'B615', 'B710', 'B743', 'B683', 'B560']",11.5,S12,9.87,0,9,9,0.0,,-0.668555,-5.801675,-6.47023,True,True,36,S54,True,25,1.0592,delivery+onsite,,,,,,,,,,,,,,,,,,,,,,,,,,,,,,,,,,,,,,,,,,,,,,,,,,,,,,,,,,,
47,17,15,10,S12,False,0,9,9,0,11,0,0,0,0,"['B137', 'B463', 'B360', 'B345', 'B196', 'B287', 'B578', 'B757', 'B238', 'B660', 'B181']",8.5,S39,8.6,11,9,20,0.0,,-0.331386,-5.766905,-6.098292,True,False,18,S39,False,12,0.7678,pickup,,,,,,,,,,,,,,,,,,,,,,,,,,,,,,,,,,,,,,,,,,,,,,,,,,,,,,,,,,,
47,17,15,27,S39,False,11,9,20,11,0,0,0,0,0,"['B137', 'B463', 'B360', 'B345', 'B196', 'B287', 'B578', 'B757', 'B238', 'B660', 'B181']",8.5,S48,7.99,0,9,9,0.0,,-0.300645,-5.751513,-6.052158,True,False,18,S50,True,10,0.6119,delivery,,,,,,,,,,,,,,,,,,,,,,,,,,,,,,,,,,,,,,,,,,,,,,,,,,,,,,,,,,,
47,17,15,44,S48,False,0,9,9,0,0,0,0,0,0,[],3.0,S41,9.11,0,9,9,0.0,,-0.195052,-5.761545,-5.956597,True,False,30,S63,True,1,0.8564,do_nothing,,,,,,,,,,,,,,,,,,,,,,,,,,,,,,,,,,,,,,,,,,,,,,,,,,,,,,,,,,,
47,17,15,56,S41,False,0,9,9,0,11,0,0,0,0,"['B299', 'B518', 'B647', 'B714', 'B558', 'B510', 'B758', 'B478', 'B8', 'B294', 'B244']",8.5,S63,5.29,11,9,20,0.0,,-0.242495,-5.736628,-5.979123,False,False,12,S26,True,10,0.5318,pickup,,,,,,,,,,,,,,,,,,,,,,,,,,,,,,,,,,,,,,,,,,,,,,,,,,,,,,,,,,,
47,17,16,9,S63,False,11,9,20,0,0,0,0,0,0,[],3.0,S26,7.98,11,9,20,0.0,,-0.094913,-5.673822,-5.768735,False,False,18,S26,True,1,0.978,do_nothing,,,,,,,,,,,,,,,,,,,,,,,,,,,,,,,,,,,,,,,,,,,,,,,,,,,,,,,,,,,
47,17,16,20,S26,False,11,9,20,11,0,0,0,0,0,"['B299', 'B518', 'B647', 'B714', 'B558', 'B510', 'B758', 'B478', 'B8', 'B294', 'B244']",8.5,S60,6.85,0,9,9,0.0,,-0.26035,-5.655004,-5.915354,False,False,12,S29,True,7,0.4207,delivery,,,,,,,,,,,,,,,,,,,,,,,,,,,,,,,,,,,,,,,,,,,,,,,,,,,,,,,,,,,
47,17,16,36,S60,False,0,9,9,0,11,0,0,0,0,"['B80', 'B718', 'B326', 'B688', 'B200', 'B149', 'B531', 'B557', 'B362', 'B264', 'B253']",8.5,S18,1.46,11,9,20,0.0,,-0.07066,-5.663796,-5.734456,False,False,12,S66,True,10,0.5265,pickup,,,,,,,,,,,,,,,,,,,,,,,,,,,,,,,,,,,,,,,,,,,,,,,,,,,,,,,,,,,
47,17,16,46,S18,False,11,9,20,11,0,0,2,0,0,"['B332', 'B626', 'B80', 'B718', 'B326', 'B688', 'B200', 'B149', 'B531', 'B557', 'B362', 'B264', 'B253']",9.5,S66,2.06,0,11,11,0.0,,-0.106373,-5.659887,-5.76626,True,True,42,S38,True,39,2.4132,delivery+depot_removal,,,,,,,,,,,,,,,,,,,,,,,,,,,,,,,,,,,,,,,,,,,,,,,,,,,,,,,,,,,
47,17,16,57,S66,False,0,11,11,0,9,0,0,0,0,"['B93', 'B85', 'B298', 'B286', 'B682', 'B41', 'B579', 'B461', 'B34']",7.5,S38,3.69,9,11,20,0.0,,-0.112034,-5.649873,-5.761907,True,False,60,S64,True,50,2.8915,pickup,,,,,,,,,,,,,,,,,,,,,,,,,,,,,,,,,,,,,,,,,,,,,,,,,,,,,,,,,,,
47,17,17,8,S38,False,9,11,20,9,0,1,0,0,0,"['B93', 'B85', 'B298', 'B286', 'B682', 'B41', 'B579', 'B461', 'B34']",10.5,S7,8.64,0,11,11,0.0,,-0.112349,-5.598013,-5.710362,True,True,24,S61,True,22,1.1539,delivery+onsite,,,,,,,,,,,,,,,,,,,,,,,,,,,,,,,,,,,,,,,,,,,,,,,,,,,,,,,,,,,
47,17,17,28,S7,False,0,11,11,0,9,0,0,0,0,"['B763', 'B27', 'B411', 'B211', 'B669', 'B639', 'B577', 'B151', 'B728']",7.5,S55,12.63,9,11,20,0.0,,-0.088787,-5.54703,-5.635817,True,False,36,S27,True,26,2.6426,pickup,,,,,,,,,,,,,,,,,,,,,,,,,,,,,,,,,,,,,,,,,,,,,,,,,,,,,,,,,,,
47,17,17,48,S55,False,9,11,20,9,0,0,0,0,0,"['B763', 'B27', 'B411', 'B211', 'B669', 'B639', 'B577', 'B151', 'B728']",7.5,S12,7.23,0,11,11,0.0,,-0.053344,-5.529694,-5.583038,True,False,36,S45,True,7,2.3077,delivery,,,,,,,,,,,,,,,,,,,,,,,,,,,,,,,,,,,,,,,,,,,,,,,,,,,,,,,,,,,
47,17,18,2,S12,False,0,11,11,0,9,0,0,0,0,"['B359', 'B19', 'B548', 'B217', 'B329', 'B584', 'B400', 'B265', 'B654']",7.5,S10,9.22,9,11,20,0.0,,-0.08877,-5.59577,-5.684539,True,False,18,S51,True,13,1.1092,pickup,,,,,,,,,,,,,,,,,,,,,,,,,,,,,,,,,,,,,,,,,,,,,,,,,,,,,,,,,,,
47,17,18,19,S10,False,9,11,20,9,0,0,0,0,0,"['B359', 'B19', 'B548', 'B217', 'B329', 'B584', 'B400', 'B265', 'B654']",7.5,S42,3.77,0,11,11,0.0,,-0.070675,-5.572219,-5.642894,False,False,12,S54,True,6,0.5784,delivery,,,,,,,,,,,,,,,,,,,,,,,,,,,,,,,,,,,,,,,,,,,,,,,,,,,,,,,,,,,
47,17,18,30,S42,False,0,11,11,0,9,0,0,0,0,"['B469', 'B668', 'B651', 'B697', 'B323', 'B729', 'B70', 'B190', 'B144']",7.5,S35,1.31,9,11,20,0.0,,-0.035458,-5.555546,-5.591004,True,False,24,S39,True,20,1.2877,pickup,,,,,,,,,,,,,,,,,,,,,,,,,,,,,,,,,,,,,,,,,,,,,,,,,,,,,,,,,,,
47,17,18,39,S35,False,9,11,20,9,0,0,0,0,0,"['B469', 'B668', 'B651', 'B697', 'B323', 'B729', 'B70', 'B190', 'B144']",7.5,S2,11.13,0,11,11,0.0,,-0.011774,-5.535305,-5.547079,True,False,18,S24,True,9,1.0027,delivery,,,,,,,,,,,,,,,,,,,,,,,,,,,,,,,,,,,,,,,,,,,,,,,,,,,,,,,,,,,
47,17,18,58,S2,False,0,11,11,0,9,0,0,0,0,"['B523', 'B420', 'B86', 'B678', 'B364', 'B414', 'B726', 'B409', 'B701']",7.5,S8,18.07,9,11,20,0.0,,-0.035547,-5.535452,-5.571,False,False,12,S27,True,10,0.5006,pickup,,,,,,,,,,,,,,,,,,,,,,,,,,,,,,,,,,,,,,,,,,,,,,,,,,,,,,,,,,,
47,17,19,23,S8,False,9,11,20,9,0,0,0,0,0,"['B523', 'B420', 'B86', 'B678', 'B364', 'B414', 'B726', 'B409', 'B701']",7.5,S46,13.25,0,11,11,0.0,,-0.023788,-5.559409,-5.583197,True,False,26,S45,True,15,0.8773,delivery,,,,,,,,,,,,,,,,,,,,,,,,,,,,,,,,,,,,,,,,,,,,,,,,,,,,,,,,,,,
47,17,19,44,S46,False,0,11,11,0,9,0,0,0,0,"['B191', 'B452', 'B576', 'B723', 'B11', 'B441', 'B304', 'B162', 'B505']",7.5,D0,2.11,9,11,20,0.0,,-0.053358,-5.613776,-5.667134,False,False,2,D0,False,1,0.0532,pickup,,,,,,,,,,,,,,,,,,,,,,,,,,,,,,,,,,,,,,,,,,,,,,,,,,,,,,,,,,,
47,17,19,54,D0,True,9,11,20,11,0,0,0,11,4,"['B248', 'B415', 'B388', 'B595', 'B649', 'B735', 'B380', 'B382', 'B740', 'B658', 'B311', 'B515', 'B73', 'B332', 'B626']",16.0,D0,0.0,2,0,2,0.0,,-0.053194,-5.637142,-5.690336,True,True,1,D0,False,0,0.0351,do_nothing,,,,,,,,,,,,,,,,,,,,,,,,,,,,,,,,,,,,,,,,,,,,,,,,,,,,,,,,,,,
47,18,6,1,D0,True,13,0,13,0,0,0,0,0,0,[],3.0,S62,0.46,13,0,13,0.0,,-0.313335,-5.642863,-5.956198,True,True,5,S62,False,0,0.1574,depot_passthrough,,,,,,,,,,,,,,,,,,,,,,,,,,,,,,,,,,,,,,,,,,,,,,,,,,,,,,,,,,,
47,18,6,19,S62,False,13,0,13,13,0,0,0,0,0,"['B191', 'B452', 'B576', 'B723', 'B11', 'B441', 'B304', 'B162', 'B505', 'B248', 'B415', 'B388', 'B595']",9.5,S54,2.78,0,0,0,0.0,,-0.509285,-5.663331,-6.172617,True,False,24,S35,True,13,0.7861,delivery,,,,,,,,,,,,,,,,,,,,,,,,,,,,,,,,,,,,,,,,,,,,,,,,,,,,,,,,,,,
47,18,6,32,S54,False,0,0,0,0,18,0,0,0,0,"['B757', 'B451', 'B391', 'B66', 'B470', 'B192', 'B760', 'B586', 'B486', 'B645', 'B297', 'B78', 'B36', 'B98', 'B434', 'B718', 'B347', 'B395']",12.0,S51,6.18,18,0,18,0.0,,-0.356042,-5.670935,-6.026976,False,False,18,S60,True,13,0.8385,pickup,,,,,,,,,,,,,,,,,,,,,,,,,,,,,,,,,,,,,,,,,,,,,,,,,,,,,,,,,,,
47,18,6,50,S51,False,18,0,18,18,0,0,0,0,0,"['B757', 'B451', 'B391', 'B66', 'B470', 'B192', 'B760', 'B586', 'B486', 'B645', 'B297', 'B78', 'B36', 'B98', 'B434', 'B718', 'B347', 'B395']",12.0,S38,5.47,0,0,0,0.0,,-0.290494,-5.691502,-5.981996,False,False,12,S65,True,9,0.5237,delivery,,,,,,,,,,,,,,,,,,,,,,,,,,,,,,,,,,,,,,,,,,,,,,,,,,,,,,,,,,,
47,18,7,7,S38,False,0,0,0,0,11,0,0,0,0,"['B286', 'B682', 'B41', 'B579', 'B461', 'B34', 'B38', 'B281', 'B201', 'B80', 'B53']",8.5,S65,5.71,11,0,11,0.0,,-0.183833,-5.673536,-5.857369,True,False,36,S60,True,28,1.9098,pickup,,,,,,,,,,,,,,,,,,,,,,,,,,,,,,,,,,,,,,,,,,,,,,,,,,,,,,,,,,,
47,18,7,21,S65,False,11,0,11,11,0,1,0,0,0,"['B286', 'B682', 'B41', 'B579', 'B461', 'B34', 'B38', 'B281', 'B201', 'B80', 'B53']",11.5,S60,3.09,0,0,0,0.0,,-0.153813,-5.693766,-5.847579,True,True,48,S32,True,36,2.313,delivery+onsite,,,,,,,,,,,,,,,,,,,,,,,,,,,,,,,,,,,,,,,,,,,,,,,,,,,,,,,,,,,
47,18,7,36,S60,False,0,0,0,0,0,0,0,0,0,[],3.0,S35,9.21,0,0,0,0.0,,-0.195158,-5.706637,-5.901795,False,False,18,S31,True,3,0.9775,do_nothing,,,,,,,,,,,,,,,,,,,,,,,,,,,,,,,,,,,,,,,,,,,,,,,,,,,,,,,,,,,
47,18,7,48,S35,False,0,0,0,0,13,0,0,0,0,"['B261', 'B278', 'B611', 'B695', 'B59', 'B75', 'B111', 'B178', 'B369', 'B268', 'B361', 'B389', 'B358']",9.5,S15,5.79,13,0,13,0.0,,-0.106642,-5.711817,-5.818459,True,False,36,S60,True,28,2.1008,pickup,,,,,,,,,,,,,,,,,,,,,,,,,,,,,,,,,,,,,,,,,,,,,,,,,,,,,,,,,,,
47,18,8,4,S15,False,13,0,13,13,0,0,0,0,0,"['B261', 'B278', 'B611', 'B695', 'B59', 'B75', 'B111', 'B178', 'B369', 'B268', 'B361', 'B389', 'B358']",9.5,S60,4.42,0,0,0,0.0,,-0.212864,-5.712292,-5.925156,False,False,12,S60,False,6,0.6206,delivery,,,,,,,,,,,,,,,,,,,,,,,,,,,,,,,,,,,,,,,,,,,,,,,,,,,,,,,,,,,
47,18,8,17,S60,False,0,0,0,0,20,0,0,0,0,"['B338', 'B664', 'B479', 'B319', 'B551', 'B225', 'B762', 'B620', 'B310', 'B568', 'B2', 'B375', 'B688', 'B651', 'B105', 'B411', 'B583', 'B221', 'B702', 'B495']",13.0,S51,7.5,20,0,20,0.0,,-0.147311,-5.687917,-5.835228,True,False,30,S31,True,27,2.1408,pickup,,,,,,,,,,,,,,,,,,,,,,,,,,,,,,,,,,,,,,,,,,,,,,,,,,,,,,,,,,,
47,18,8,38,S51,False,20,0,20,12,0,0,0,0,0,"['B338', 'B664', 'B479', 'B319', 'B551', 'B225', 'B762', 'B620', 'B310', 'B568', 'B2', 'B375']",9.0,S31,7.45,8,0,8,0.0,,-0.124558,-5.704037,-5.828594,False,False,18,S31,False,6,0.8022,delivery,,,,,,,,,,,,,,,,,,,,,,,,,,,,,,,,,,,,,,,,,,,,,,,,,,,,,,,,,,,
47,18,8,54,S31,False,8,0,8,8,0,1,5,0,0,"['B562', 'B172', 'B443', 'B767', 'B31', 'B688', 'B651', 'B105', 'B411', 'B583', 'B221', 'B702', 'B495']",12.5,S3,7.39,0,5,5,0.0,,-0.176851,-5.68292,-5.859771,True,True,120,S3,True,116,4.957,delivery+maintenance,,,,,,,,,,,,,,,,,,,,,,,,,,,,,,,,,,,,,,,,,,,,,,,,,,,,,,,,,,,
47,18,9,14,S3,False,0,5,5,0,0,0,0,0,0,[],3.0,S32,0.99,0,5,5,0.0,,-0.142114,-5.732701,-5.874815,False,False,12,S32,False,2,0.598,do_nothing,,,,,,,,,,,,,,,,,,,,,,,,,,,,,,,,,,,,,,,,,,,,,,,,,,,,,,,,,,,
47,18,9,18,S32,False,0,5,5,0,14,0,0,0,0,"['B245', 'B724', 'B194', 'B137', 'B615', 'B299', 'B686', 'B143', 'B491', 'B619', 'B352', 'B733', 'B429', 'B258']",10.0,S66,6.41,14,5,19,0.0,,-0.112755,-5.722249,-5.835004,False,False,18,S3,True,7,0.9165,pickup,,,,,,,,,,,,,,,,,,,,,,,,,,,,,,,,,,,,,,,,,,,,,,,,,,,,,,,,,,,
47,18,9,35,S66,False,14,5,19,0,0,2,0,0,0,[],9.0,S22,4.43,14,5,19,0.0,,-0.118026,-5.730298,-5.848324,True,True,108,S22,True,26,2.8697,do_nothing+onsite,,,,,,,,,,,,,,,,,,,,,,,,,,,,,,,,,,,,,,,,,,,,,,,,,,,,,,,,,,,
47,18,9,48,S22,False,14,5,19,12,0,0,0,0,0,"['B245', 'B724', 'B194', 'B137', 'B615', 'B299', 'B686', 'B143', 'B491', 'B619', 'B352', 'B733']",9.0,S20,3.63,2,5,7,0.0,,-0.141934,-5.725793,-5.867727,False,False,18,S66,True,6,0.6897,delivery,,,,,,,,,,,,,,,,,,,,,,,,,,,,,,,,,,,,,,,,,,,,,,,,,,,,,,,,,,,
47,18,10,1,S20,False,2,5,7,2,0,1,1,0,0,"['B91', 'B429', 'B258']",7.5,S54,12.09,0,6,6,0.0,,-0.154127,-5.766256,-5.920383,True,True,72,S63,True,57,2.7476,delivery+maintenance,,,,,,,,,,,,,,,,,,,,,,,,,,,,,,,,,,,,,,,,,,,,,,,,,,,,,,,,,,,
47,18,10,20,S54,False,0,6,6,0,11,0,0,0,0,"['B356', 'B314', 'B18', 'B388', 'B546', 'B101', 'B64', 'B373', 'B513', 'B30', 'B403']",8.5,S35,2.91,11,6,17,0.0,,-0.254028,-5.83212,-6.086148,False,False,18,S37,True,13,0.8312,pickup,,,,,,,,,,,,,,,,,,,,,,,,,,,,,,,,,,,,,,,,,,,,,,,,,,,,,,,,,,,
47,18,10,32,S35,False,11,6,17,11,0,0,0,0,0,"['B356', 'B314', 'B18', 'B388', 'B546', 'B101', 'B64', 'B373', 'B513', 'B30', 'B403']",8.5,S37,7.89,0,6,6,0.0,,-0.223977,-5.808001,-6.031978,True,False,24,S18,True,12,1.275,delivery,,,,,,,,,,,,,,,,,,,,,,,,,,,,,,,,,,,,,,,,,,,,,,,,,,,,,,,,,,,
47,18,10,48,S37,False,0,6,6,0,14,0,0,0,0,"['B62', 'B690', 'B663', 'B748', 'B252', 'B197', 'B200', 'B216', 'B84', 'B660', 'B548', 'B458', 'B301', 'B219']",10.0,S50,7.46,14,6,20,0.0,,-0.159399,-5.805297,-5.964696,True,False,36,S50,False,18,2.5146,pickup,,,,,,,,,,,,,,,,,,,,,,,,,,,,,,,,,,,,,,,,,,,,,,,,,,,,,,,,,,,
47,18,11,6,S50,False,14,6,20,14,0,0,0,0,0,"['B62', 'B690', 'B663', 'B748', 'B252', 'B197', 'B200', 'B216', 'B84', 'B660', 'B548', 'B458', 'B301', 'B219']",10.0,S41,8.63,0,6,6,0.0,,-0.271719,-5.789223,-6.060941,True,False,24,S65,True,12,1.2565,delivery,,,,,,,,,,,,,,,,,,,,,,,,,,,,,,,,,,,,,,,,,,,,,,,,,,,,,,,,,,,
47,18,11,24,S41,False,0,6,6,0,14,2,0,0,0,"['B727', 'B433', 'B474', 'B440', 'B436', 'B269', 'B431', 'B670', 'B669', 'B44', 'B368', 'B438', 'B524', 'B554']",16.0,S29,7.7,14,6,20,0.0,,-0.218674,-5.792125,-6.010799,True,True,90,S18,True,52,4.597,pickup+onsite,,,,,,,,,,,,,,,,,,,,,,,,,,,,,,,,,,,,,,,,,,,,,,,,,,,,,,,,,,,
47,18,11,48,S29,False,14,6,20,14,0,0,0,0,0,"['B727', 'B433', 'B474', 'B440', 'B436', 'B269', 'B431', 'B670', 'B669', 'B44', 'B368', 'B438', 'B524', 'B554']",10.0,S18,6.89,0,6,6,0.0,,-0.235842,-5.825967,-6.061808,False,False,12,S65,True,7,0.6825,delivery,,,,,,,,,,,,,,,,,,,,,,,,,,,,,,,,,,,,,,,,,,,,,,,,,,,,,,,,,,,
47,18,12,5,S18,False,0,6,6,0,13,0,0,0,0,"['B114', 'B704', 'B693', 'B26', 'B77', 'B570', 'B173', 'B728', 'B759', 'B57', 'B732', 'B232', 'B138']",9.5,S26,7.46,13,6,19,0.0,,-0.171324,-5.838129,-6.009453,False,False,18,S26,True,6,0.8949,pickup,,,,,,,,,,,,,,,,,,,,,,,,,,,,,,,,,,,,,,,,,,,,,,,,,,,,,,,,,,,
47,18,12,22,S26,False,13,6,19,0,0,0,0,0,0,[],3.0,S54,5.73,13,6,19,0.0,,-0.207022,-5.818418,-6.025441,False,False,12,S16,True,1,0.552,do_nothing,,,,,,,,,,,,,,,,,,,,,,,,,,,,,,,,,,,,,,,,,,,,,,,,,,,,,,,,,,,
47,18,12,31,S54,False,13,6,19,13,0,1,0,0,0,"['B114', 'B704', 'B693', 'B26', 'B77', 'B570', 'B173', 'B728', 'B759', 'B57', 'B732', 'B232', 'B138']",12.5,S37,4.98,0,6,6,0.0,,-0.235961,-5.824581,-6.060542,True,True,24,S17,True,19,1.4826,delivery+onsite,,,,,,,,,,,,,,,,,,,,,,,,,,,,,,,,,,,,,,,,,,,,,,,,,,,,,,,,,,,
47,18,12,48,S37,False,0,6,6,0,14,0,0,0,0,"['B39', 'B695', 'B588', 'B103', 'B290', 'B275', 'B621', 'B586', 'B531', 'B391', 'B53', 'B461', 'B215', 'B677']",10.0,S26,7.79,14,6,20,0.0,,-0.123823,-5.81025,-5.934073,True,False,36,S46,True,19,2.6435,pickup,,,,,,,,,,,,,,,,,,,,,,,,,,,,,,,,,,,,,,,,,,,,,,,,,,,,,,,,,,,
47,18,13,6,S26,False,14,6,20,14,0,0,0,0,0,"['B39', 'B695', 'B588', 'B103', 'B290', 'B275', 'B621', 'B586', 'B531', 'B391', 'B53', 'B461', 'B215', 'B677']",10.0,S41,6.65,0,6,6,0.0,,-0.330005,-5.806561,-6.136566,False,False,12,S17,True,6,0.4914,delivery,,,,,,,,,,,,,,,,,,,,,,,,,,,,,,,,,,,,,,,,,,,,,,,,,,,,,,,,,,,
47,18,13,22,S41,False,0,6,6,0,14,0,0,0,0,"['B421', 'B303', 'B192', 'B603', 'B514', 'B609', 'B565', 'B238', 'B501', 'B129', 'B43', 'B36', 'B666', 'B296']",10.0,S17,8.16,14,6,20,0.0,,-0.254299,-5.819359,-6.073657,True,False,18,S29,True,16,0.9052,pickup,,,,,,,,,,,,,,,,,,,,,,,,,,,,,,,,,,,,,,,,,,,,,,,,,,,,,,,,,,,
47,18,13,41,S17,False,14,6,20,13,0,0,0,0,0,"['B421', 'B303', 'B192', 'B603', 'B514', 'B609', 'B565', 'B238', 'B501', 'B129', 'B43', 'B36', 'B666']",9.5,S46,10.09,1,6,7,0.0,,-0.235661,-5.745136,-5.980797,False,False,18,S24,True,9,0.6362,delivery,,,,,,,,,,,,,,,,,,,,,,,,,,,,,,,,,,,,,,,,,,,,,,,,,,,,,,,,,,,
47,18,14,0,S46,False,1,6,7,1,0,1,0,0,0,['B296'],6.5,S61,4.04,0,6,6,0.0,,-0.348655,-5.733066,-6.081721,True,True,24,S63,True,21,1.2993,delivery+onsite,,,,,,,,,,,,,,,,,,,,,,,,,,,,,,,,,,,,,,,,,,,,,,,,,,,,,,,,,,,
47,18,14,11,S61,False,0,6,6,0,0,0,0,0,0,[],3.0,S66,1.13,0,6,6,0.0,,-0.343007,-5.757595,-6.100602,True,False,72,S66,False,1,2.281,do_nothing,,,,,,,,,,,,,,,,,,,,,,,,,,,,,,,,,,,,,,,,,,,,,,,,,,,,,,,,,,,
47,18,14,15,S66,False,0,6,6,0,12,0,1,0,0,"['B324', 'B351', 'B570', 'B200', 'B77', 'B436', 'B438', 'B664', 'B524', 'B313', 'B248', 'B366', 'B398']",9.5,S29,6.29,12,7,19,0.0,,-0.230615,-5.734648,-5.965263,True,True,36,S59,True,18,1.3438,pickup+depot_removal,,,,,,,,,,,,,,,,,,,,,,,,,,,,,,,,,,,,,,,,,,,,,,,,,,,,,,,,,,,
47,18,14,31,S29,False,12,7,19,12,0,0,0,0,0,"['B324', 'B351', 'B570', 'B200', 'B77', 'B436', 'B438', 'B664', 'B524', 'B313', 'B248', 'B366']",9.0,S59,7.54,0,7,7,0.0,,-0.290118,-5.704243,-5.994361,False,False,12,S10,True,6,0.717,delivery,,,,,,,,,,,,,,,,,,,,,,,,,,,,,,,,,,,,,,,,,,,,,,,,,,,,,,,,,,,
47,18,14,47,S59,False,0,7,7,0,13,0,0,0,0,"['B592', 'B482', 'B19', 'B119', 'B447', 'B487', 'B667', 'B699', 'B378', 'B237', 'B577', 'B386', 'B598']",9.5,S1,9.59,13,7,20,0.0,,-0.218871,-5.706414,-5.925285,False,False,12,S37,True,10,0.9267,pickup,,,,,,,,,,,,,,,,,,,,,,,,,,,,,,,,,,,,,,,,,,,,,,,,,,,,,,,,,,,
47,18,15,6,S1,False,13,7,20,7,0,0,0,0,0,"['B592', 'B482', 'B19', 'B119', 'B447', 'B487', 'B667']",6.5,S50,2.13,6,7,13,0.0,,-0.111989,-5.708679,-5.820669,False,False,18,S21,True,12,0.6483,delivery,,,,,,,,,,,,,,,,,,,,,,,,,,,,,,,,,,,,,,,,,,,,,,,,,,,,,,,,,,,
47,18,15,15,S50,False,6,7,13,0,0,1,0,0,0,[],6.0,S32,4.46,6,7,13,0.0,,-0.123688,-5.69516,-5.818848,True,True,24,S5,True,7,1.6855,do_nothing+onsite,,,,,,,,,,,,,,,,,,,,,,,,,,,,,,,,,,,,,,,,,,,,,,,,,,,,,,,,,,,
47,18,15,25,S32,False,6,7,13,6,0,1,0,0,0,"['B699', 'B378', 'B237', 'B577', 'B386', 'B598']",9.0,S5,15.27,0,7,7,0.0,,-0.09421,-5.666472,-5.760682,True,True,48,S62,True,39,3.4207,delivery+onsite,,,,,,,,,,,,,,,,,,,,,,,,,,,,,,,,,,,,,,,,,,,,,,,,,,,,,,,,,,,
47,18,15,50,S5,False,0,7,7,0,13,0,0,0,0,"['B717', 'B636', 'B754', 'B188', 'B115', 'B152', 'B648', 'B302', 'B210', 'B92', 'B542', 'B715', 'B525']",9.5,S25,2.32,13,7,20,0.0,,-0.206483,-5.689838,-5.89632,True,False,36,S43,True,18,2.3505,pickup,,,,,,,,,,,,,,,,,,,,,,,,,,,,,,,,,,,,,,,,,,,,,,,,,,,,,,,,,,,
47,18,16,1,S25,False,13,7,20,0,0,2,0,0,0,[],9.0,S54,14.63,13,7,20,0.0,,-0.231126,-5.692472,-5.923598,True,True,126,S15,True,16,9.9805,do_nothing+onsite,,,,,,,,,,,,,,,,,,,,,,,,,,,,,,,,,,,,,,,,,,,,,,,,,,,,,,,,,,,
47,18,16,25,S54,False,13,7,20,13,0,0,0,0,0,"['B717', 'B636', 'B754', 'B188', 'B115', 'B152', 'B648', 'B302', 'B210', 'B92', 'B542', 'B715', 'B525']",9.5,S43,4.49,0,7,7,0.0,,-0.153858,-5.648058,-5.801916,False,False,12,S43,False,6,0.6752,delivery,,,,,,,,,,,,,,,,,,,,,,,,,,,,,,,,,,,,,,,,,,,,,,,,,,,,,,,,,,,
47,18,16,39,S43,False,0,7,7,0,12,0,0,0,0,"['B492', 'B615', 'B110', 'B241', 'B587', 'B173', 'B415', 'B413', 'B753', 'B372', 'B486', 'B76']",9.0,S15,5.75,12,7,19,0.0,,-0.177333,-5.696438,-5.873771,True,False,144,S0,True,108,4.2873,pickup,,,,,,,,,,,,,,,,,,,,,,,,,,,,,,,,,,,,,,,,,,,,,,,,,,,,,,,,,,,
47,18,16,54,S15,False,12,7,19,12,0,0,0,0,0,"['B492', 'B615', 'B110', 'B241', 'B587', 'B173', 'B415', 'B413', 'B753', 'B372', 'B486', 'B76']",9.0,S31,3.53,0,7,7,0.0,,-0.076802,-5.68072,-5.757522,False,False,12,S52,True,6,0.5377,delivery,,,,,,,,,,,,,,,,,,,,,,,,,,,,,,,,,,,,,,,,,,,,,,,,,,,,,,,,,,,
47,18,17,6,S31,False,0,7,7,0,13,2,0,0,0,"['B239', 'B42', 'B448', 'B79', 'B763', 'B480', 'B87', 'B673', 'B298', 'B627', 'B77', 'B438', 'B307']",15.5,S26,6.02,13,7,20,0.0,,-0.129936,-5.649093,-5.779029,True,True,54,S63,True,31,1.6125,pickup+onsite,,,,,,,,,,,,,,,,,,,,,,,,,,,,,,,,,,,,,,,,,,,,,,,,,,,,,,,,,,,
47,18,17,28,S26,False,13,7,20,13,0,0,0,0,0,"['B239', 'B42', 'B448', 'B79', 'B763', 'B480', 'B87', 'B673', 'B298', 'B627', 'B77', 'B438', 'B307']",9.5,S63,7.98,0,7,7,0.0,,-0.123674,-5.601268,-5.724942,False,False,12,S34,True,6,0.3544,delivery,,,,,,,,,,,,,,,,,,,,,,,,,,,,,,,,,,,,,,,,,,,,,,,,,,,,,,,,,,,
47,18,17,45,S63,False,0,7,7,0,13,0,0,0,0,"['B165', 'B571', 'B144', 'B483', 'B250', 'B158', 'B581', 'B279', 'B21', 'B50', 'B423', 'B546', 'B611']",9.5,S35,6.66,13,7,20,0.0,,-0.112213,-5.606986,-5.719199,False,False,12,S43,True,7,0.8334,pickup,,,,,,,,,,,,,,,,,,,,,,,,,,,,,,,,,,,,,,,,,,,,,,,,,,,,,,,,,,,
47,18,18,2,S35,False,13,7,20,0,0,0,0,0,0,[],3.0,S54,2.91,13,7,20,0.0,,-0.165348,-5.538501,-5.703849,True,False,30,S54,True,0,1.5693,do_nothing,,,,,,,,,,,,,,,,,,,,,,,,,,,,,,,,,,,,,,,,,,,,,,,,,,,,,,,,,,,
47,18,18,7,S54,False,13,7,20,0,0,0,0,0,0,[],3.0,S39,8.41,13,7,20,0.0,,-0.124333,-5.529499,-5.653832,False,False,12,S62,True,0,0.8198,do_nothing,,,,,,,,,,,,,,,,,,,,,,,,,,,,,,,,,,,,,,,,,,,,,,,,,,,,,,,,,,,
47,18,18,19,S39,False,13,7,20,13,0,0,1,0,0,"['B766', 'B165', 'B571', 'B144', 'B483', 'B250', 'B158', 'B581', 'B279', 'B21', 'B50', 'B423', 'B546', 'B611']",10.0,S41,3.32,0,8,8,0.0,,-0.094552,-5.525197,-5.619749,True,True,24,S21,True,15,1.1767,delivery+depot_removal,,,,,,,,,,,,,,,,,,,,,,,,,,,,,,,,,,,,,,,,,,,,,,,,,,,,,,,,,,,
47,18,18,32,S41,False,0,8,8,0,9,0,0,0,0,"['B524', 'B273', 'B475', 'B737', 'B256', 'B599', 'B433', 'B153', 'B309']",7.5,S61,2.24,9,8,17,0.0,,-0.059321,-5.513743,-5.573065,True,False,60,S65,True,40,2.1031,pickup,,,,,,,,,,,,,,,,,,,,,,,,,,,,,,,,,,,,,,,,,,,,,,,,,,,,,,,,,,,
47,18,18,42,S61,False,9,8,17,7,0,0,0,0,0,"['B524', 'B273', 'B475', 'B737', 'B256', 'B599', 'B433']",6.5,S46,4.04,2,8,10,0.0,,-0.08329,-5.51152,-5.594809,True,False,72,S46,False,49,2.9999,delivery,,,,,,,,,,,,,,,,,,,,,,,,,,,,,,,,,,,,,,,,,,,,,,,,,,,,,,,,,,,
47,18,18,52,S46,False,2,8,10,0,0,0,0,0,0,[],3.0,S19,4.09,2,8,10,0.0,,-0.05902,-5.485917,-5.544937,False,False,12,S47,True,2,1.0407,do_nothing,,,,,,,,,,,,,,,,,,,,,,,,,,,,,,,,,,,,,,,,,,,,,,,,,,,,,,,,,,,
47,18,19,0,S19,False,2,8,10,0,0,3,0,0,0,[],12.0,S10,8.04,2,8,10,0.0,,-0.035472,-5.469963,-5.505435,True,True,144,S10,False,54,4.6796,do_nothing+onsite,,,,,,,,,,,,,,,,,,,,,,,,,,,,,,,,,,,,,,,,,,,,,,,,,,,,,,,,,,,
47,18,19,20,S10,False,2,8,10,2,0,0,0,0,0,"['B153', 'B309']",4.0,S60,6.65,0,8,8,0.0,,-0.029526,-5.44646,-5.475986,False,False,12,S60,False,9,0.5437,delivery,,,,,,,,,,,,,,,,,,,,,,,,,,,,,,,,,,,,,,,,,,,,,,,,,,,,,,,,,,,
47,18,19,30,S60,False,0,8,8,0,12,0,0,0,0,"['B286', 'B647', 'B474', 'B703', 'B532', 'B270', 'B70', 'B672', 'B741', 'B764', 'B62', 'B570']",9.0,S10,6.65,12,8,20,0.0,,-0.017797,-5.468095,-5.485892,True,False,14,S65,True,10,0.5405,pickup,,,,,,,,,,,,,,,,,,,,,,,,,,,,,,,,,,,,,,,,,,,,,,,,,,,,,,,,,,,
47,18,19,46,S10,False,12,8,20,12,0,0,0,0,0,"['B286', 'B647', 'B474', 'B703', 'B532', 'B270', 'B70', 'B672', 'B741', 'B764', 'B62', 'B570']",9.0,D0,2.04,0,8,8,0.0,,-0.02957,-5.471509,-5.501079,False,False,2,D0,False,1,0.0517,delivery,,,,,,,,,,,,,,,,,,,,,,,,,,,,,,,,,,,,,,,,,,,,,,,,,,,,,,,,,,,
47,18,19,57,D0,True,0,8,8,8,0,0,0,8,11,"['B649', 'B735', 'B380', 'B382', 'B740', 'B658', 'B311', 'B515', 'B73', 'B332', 'B626', 'B562', 'B172', 'B443', 'B767', 'B31', 'B91', 'B398', 'B766']",16.5,D0,0.0,3,0,3,0.0,,-0.0296,-5.480823,-5.510423,True,True,1,D0,False,0,0.0339,do_nothing,,,,,,,,,,,,,,,,,,,,,,,,,,,,,,,,,,,,,,,,,,,,,,,,,,,,,,,,,,,
47,19,6,4,D0,True,11,0,11,0,0,0,0,0,0,[],3.0,S33,0.94,11,0,11,0.0,,0.0,-5.499494,-5.499494,True,True,5,S33,False,0,0.2129,depot_passthrough,,,,,,,,,,,,,,,,,,,,,,,,,,,,,,,,,,,,,,,,,,,,,,,,,,,,,,,,,,,
47,19,6,23,S33,False,11,0,11,0,9,0,0,0,0,"['B128', 'B305', 'B630', 'B451', 'B757', 'B579', 'B272', 'B268', 'B634']",7.5,S34,3.68,20,0,20,0.0,,0.0,-5.492805,-5.492805,True,False,30,S34,False,26,1.4264,pickup,,,,,,,,,,,,,,,,,,,,,,,,,,,,,,,,,,,,,,,,,,,,,,,,,,,,,,,,,,,
47,19,6,35,S34,False,20,0,20,13,0,0,0,0,0,"['B649', 'B735', 'B380', 'B382', 'B740', 'B658', 'B311', 'B515', 'B73', 'B332', 'B626', 'B128', 'B305']",9.5,S19,9.06,7,0,7,0.0,,0.0,-5.476109,-5.476109,False,False,18,S19,True,15,0.9474,delivery,,,,,,,,,,,,,,,,,,,,,,,,,,,,,,,,,,,,,,,,,,,,,,,,,,,,,,,,,,,
47,19,6,53,S19,False,7,0,7,7,0,0,0,0,0,"['B630', 'B451', 'B757', 'B579', 'B272', 'B268', 'B634']",6.5,S13,16.68,0,0,0,0.0,,0.0,-5.483626,-5.483626,True,False,36,S0,True,20,2.4755,delivery,,,,,,,,,,,,,,,,,,,,,,,,,,,,,,,,,,,,,,,,,,,,,,,,,,,,,,,,,,,
47,19,7,16,S13,False,0,0,0,0,10,1,1,0,0,"['B724', 'B41', 'B622', 'B244', 'B345', 'B100', 'B39', 'B607', 'B22', 'B103', 'B397']",11.5,S7,2.1,10,1,11,0.0,,-0.005857,-5.537249,-5.543106,True,True,144,S47,True,128,6.6638,pickup+maintenance,,,,,,,,,,,,,,,,,,,,,,,,,,,,,,,,,,,,,,,,,,,,,,,,,,,,,,,,,,,
47,19,7,30,S7,False,10,1,11,0,0,1,0,0,0,[],6.0,S51,13.88,10,1,11,0.0,,0.0,-5.542482,-5.542482,True,True,48,S51,False,14,2.0966,do_nothing+onsite,,,,,,,,,,,,,,,,,,,,,,,,,,,,,,,,,,,,,,,,,,,,,,,,,,,,,,,,,,,
47,19,7,50,S51,False,10,1,11,10,0,1,0,0,0,"['B724', 'B41', 'B622', 'B244', 'B345', 'B100', 'B39', 'B607', 'B22', 'B103']",11.0,S47,9.57,0,1,1,0.0,,-0.011655,-5.534622,-5.546277,True,True,48,S47,False,37,3.0481,delivery+onsite,,,,,,,,,,,,,,,,,,,,,,,,,,,,,,,,,,,,,,,,,,,,,,,,,,,,,,,,,,,
47,19,8,10,S47,False,0,1,1,0,12,0,0,0,0,"['B765', 'B589', 'B743', 'B96', 'B509', 'B261', 'B744', 'B507', 'B297', 'B528', 'B83', 'B54']",9.0,S30,1.18,12,1,13,0.0,,-0.005977,-5.538818,-5.544795,False,False,18,S59,True,6,0.801,pickup,,,,,,,,,,,,,,,,,,,,,,,,,,,,,,,,,,,,,,,,,,,,,,,,,,,,,,,,,,,
47,19,8,21,S30,False,12,1,13,0,0,2,0,0,0,[],9.0,S64,2.73,12,1,13,0.0,,-0.005857,-5.553267,-5.559124,True,True,108,S64,False,26,3.5948,do_nothing+onsite,,,,,,,,,,,,,,,,,,,,,,,,,,,,,,,,,,,,,,,,,,,,,,,,,,,,,,,,,,,
47,19,8,32,S64,False,12,1,13,7,0,0,0,0,0,"['B765', 'B589', 'B743', 'B96', 'B509', 'B261', 'B744']",6.5,S59,1.25,5,1,6,0.0,,-0.070675,-5.556019,-5.626694,True,False,36,S26,True,24,1.1281,delivery,,,,,,,,,,,,,,,,,,,,,,,,,,,,,,,,,,,,,,,,,,,,,,,,,,,,,,,,,,,
47,19,8,40,S59,False,5,1,6,0,14,0,0,0,0,"['B259', 'B78', 'B694', 'B26', 'B656', 'B320', 'B130', 'B725', 'B202', 'B614', 'B105', 'B719', 'B98', 'B598']",10.0,S30,3.9,19,1,20,0.0,,-0.076652,-5.528371,-5.605023,True,False,24,S30,False,13,1.0237,pickup,,,,,,,,,,,,,,,,,,,,,,,,,,,,,,,,,,,,,,,,,,,,,,,,,,,,,,,,,,,
47,19,8,54,S30,False,19,1,20,12,0,0,0,0,0,"['B507', 'B297', 'B528', 'B83', 'B54', 'B259', 'B78', 'B694', 'B26', 'B656', 'B320', 'B130']",9.0,S26,6.33,7,1,8,0.0,,-0.076906,-5.551169,-5.628075,True,False,30,S26,True,18,1.3685,delivery,,,,,,,,,,,,,,,,,,,,,,,,,,,,,,,,,,,,,,,,,,,,,,,,,,,,,,,,,,,
47,19,9,9,S26,False,7,1,8,7,0,0,0,0,0,"['B725', 'B202', 'B614', 'B105', 'B719', 'B98', 'B598']",6.5,S44,7.72,0,1,1,0.0,,-0.10029,-5.564819,-5.665109,False,False,12,S44,False,8,0.7332,delivery,,,,,,,,,,,,,,,,,,,,,,,,,,,,,,,,,,,,,,,,,,,,,,,,,,,,,,,,,,,
47,19,9,23,S44,False,0,1,1,0,10,0,0,0,0,"['B19', 'B234', 'B174', 'B387', 'B664', 'B150', 'B82', 'B373', 'B357', 'B467']",8.0,S42,8.11,10,1,11,0.0,,-0.059245,-5.554686,-5.613931,True,False,54,S33,True,36,7.4667,pickup,,,,,,,,,,,,,,,,,,,,,,,,,,,,,,,,,,,,,,,,,,,,,,,,,,,,,,,,,,,
47,19,9,40,S42,False,10,1,11,10,0,2,0,0,0,"['B19', 'B234', 'B174', 'B387', 'B664', 'B150', 'B82', 'B373', 'B357', 'B467']",14.0,S55,4.34,0,1,1,0.0,,-0.059455,-5.561905,-5.62136,True,True,144,S8,True,108,10.0632,delivery+onsite,,,,,,,,,,,,,,,,,,,,,,,,,,,,,,,,,,,,,,,,,,,,,,,,,,,,,,,,,,,
47,19,9,58,S55,False,0,1,1,0,11,0,0,0,0,"['B551', 'B714', 'B58', 'B736', 'B637', 'B67', 'B219', 'B124', 'B698', 'B557', 'B745']",8.5,S29,2.12,11,1,12,0.0,,-0.065074,-5.61058,-5.675653,True,False,90,S45,True,63,5.8309,pickup,,,,,,,,,,,,,,,,,,,,,,,,,,,,,,,,,,,,,,,,,,,,,,,,,,,,,,,,,,,
47,19,10,9,S29,False,11,1,12,0,0,0,0,0,0,[],3.0,S54,1.43,11,1,12,0.0,,-0.023593,-5.570856,-5.594449,False,False,12,S54,False,4,0.8995,do_nothing,,,,,,,,,,,,,,,,,,,,,,,,,,,,,,,,,,,,,,,,,,,,,,,,,,,,,,,,,,,
47,19,10,13,S54,False,11,1,12,11,0,0,0,0,0,"['B551', 'B714', 'B58', 'B736', 'B637', 'B67', 'B219', 'B124', 'B698', 'B557', 'B745']",8.5,S44,3.95,0,1,1,0.0,,-0.005917,-5.576071,-5.581988,False,False,18,S45,True,13,1.5426,delivery,,,,,,,,,,,,,,,,,,,,,,,,,,,,,,,,,,,,,,,,,,,,,,,,,,,,,,,,,,,
47,19,10,25,S44,False,0,1,1,0,6,0,0,0,0,"['B441', 'B646', 'B733', 'B289', 'B517', 'B571']",6.0,S61,2.79,6,1,7,0.0,,-0.035262,-5.601671,-5.636933,True,False,72,S45,True,50,6.0899,pickup,,,,,,,,,,,,,,,,,,,,,,,,,,,,,,,,,,,,,,,,,,,,,,,,,,,,,,,,,,,
47,19,10,34,S61,False,6,1,7,6,0,0,0,0,0,"['B441', 'B646', 'B733', 'B289', 'B517', 'B571']",6.0,S60,1.62,0,1,1,0.0,,-0.035322,-5.593357,-5.628679,True,False,48,S45,True,27,3.1773,delivery,,,,,,,,,,,,,,,,,,,,,,,,,,,,,,,,,,,,,,,,,,,,,,,,,,,,,,,,,,,
47,19,10,42,S60,False,0,1,1,0,0,0,0,0,0,[],3.0,S45,4.75,0,1,1,0.0,,-0.059068,-5.613638,-5.672706,True,False,36,S45,False,0,1.951,do_nothing,,,,,,,,,,,,,,,,,,,,,,,,,,,,,,,,,,,,,,,,,,,,,,,,,,,,,,,,,,,
47,19,10,50,S45,False,0,1,1,0,10,0,0,0,0,"['B526', 'B459', 'B230', 'B302', 'B458', 'B265', 'B440', 'B70', 'B688', 'B399']",8.0,S29,4.09,10,1,11,0.0,,-0.059156,-5.638684,-5.69784,False,False,18,S37,True,14,1.137,pickup,,,,,,,,,,,,,,,,,,,,,,,,,,,,,,,,,,,,,,,,,,,,,,,,,,,,,,,,,,,
47,19,11,2,S29,False,10,1,11,10,0,0,0,0,0,"['B526', 'B459', 'B230', 'B302', 'B458', 'B265', 'B440', 'B70', 'B688', 'B399']",8.0,S37,6.23,0,1,1,0.0,,-0.070884,-5.642964,-5.713848,False,False,12,S37,False,6,0.7143,delivery,,,,,,,,,,,,,,,,,,,,,,,,,,,,,,,,,,,,,,,,,,,,,,,,,,,,,,,,,,,
47,19,11,16,S37,False,0,1,1,0,19,2,0,0,0,"['B37', 'B485', 'B50', 'B641', 'B69', 'B72', 'B568', 'B199', 'B676', 'B241', 'B173', 'B378', 'B413', 'B341', 'B426', 'B2', 'B612', 'B71', 'B449']",18.5,S24,9.36,19,1,20,0.0,,-0.041463,-5.64443,-5.685893,True,True,54,S51,True,52,3.2671,pickup+onsite,,,,,,,,,,,,,,,,,,,,,,,,,,,,,,,,,,,,,,,,,,,,,,,,,,,,,,,,,,,
47,19,11,44,S24,False,19,1,20,11,0,0,0,0,0,"['B37', 'B485', 'B50', 'B641', 'B69', 'B72', 'B568', 'B199', 'B676', 'B241', 'B173']",8.5,S38,10.24,8,1,9,0.0,,-0.117862,-5.655565,-5.773427,False,False,18,S38,False,10,0.682,delivery,,,,,,,,,,,,,,,,,,,,,,,,,,,,,,,,,,,,,,,,,,,,,,,,,,,,,,,,,,,
47,19,12,2,S38,False,8,1,9,8,0,1,0,0,0,"['B378', 'B413', 'B341', 'B426', 'B2', 'B612', 'B71', 'B449']",10.0,S60,2.79,0,1,1,0.0,,-0.112108,-5.663988,-5.776096,True,True,24,S40,True,19,1.9067,delivery+onsite,,,,,,,,,,,,,,,,,,,,,,,,,,,,,,,,,,,,,,,,,,,,,,,,,,,,,,,,,,,
47,19,12,15,S60,False,0,1,1,0,15,0,0,0,0,"['B127', 'B527', 'B573', 'B520', 'B404', 'B472', 'B483', 'B276', 'B272', 'B423', 'B250', 'B23', 'B739', 'B62', 'B628']",10.5,S42,10.42,15,1,16,0.0,,-0.195397,-5.642702,-5.838099,True,False,54,S40,True,21,4.4021,pickup,,,,,,,,,,,,,,,,,,,,,,,,,,,,,,,,,,,,,,,,,,,,,,,,,,,,,,,,,,,
47,19,12,36,S42,False,15,1,16,12,0,1,1,0,0,"['B464', 'B127', 'B527', 'B573', 'B520', 'B404', 'B472', 'B483', 'B276', 'B272', 'B423', 'B250', 'B23']",12.5,S44,8.11,3,2,5,0.0,,-0.219247,-5.647285,-5.866532,True,True,108,S44,True,62,9.4469,delivery+maintenance,,,,,,,,,,,,,,,,,,,,,,,,,,,,,,,,,,,,,,,,,,,,,,,,,,,,,,,,,,,
47,19,12,57,S44,False,3,2,5,3,0,0,0,0,0,"['B739', 'B62', 'B628']",4.5,S58,1.79,0,2,2,0.0,,-0.254148,-5.665344,-5.919492,True,False,48,S58,False,24,3.7064,delivery,,,,,,,,,,,,,,,,,,,,,,,,,,,,,,,,,,,,,,,,,,,,,,,,,,,,,,,,,,,
47,19,13,3,S58,False,0,2,2,0,9,0,0,0,0,"['B514', 'B194', 'B158', 'B314', 'B141', 'B156', 'B133', 'B600', 'B216']",7.5,S16,1.83,9,2,11,0.0,,-0.213257,-5.640606,-5.853863,True,False,144,S48,True,98,7.1269,pickup,,,,,,,,,,,,,,,,,,,,,,,,,,,,,,,,,,,,,,,,,,,,,,,,,,,,,,,,,,,
47,19,13,12,S16,False,9,2,11,8,0,0,0,0,0,"['B514', 'B194', 'B158', 'B314', 'B141', 'B156', 'B133', 'B600']",7.0,S48,4.23,1,2,3,0.0,,-0.153813,-5.631901,-5.785715,True,False,54,S44,True,19,5.0632,delivery,,,,,,,,,,,,,,,,,,,,,,,,,,,,,,,,,,,,,,,,,,,,,,,,,,,,,,,,,,,
47,19,13,24,S48,False,1,2,3,0,9,0,0,0,0,"['B275', 'B703', 'B532', 'B556', 'B603', 'B356', 'B741', 'B747', 'B168']",7.5,S44,4.46,10,2,12,0.0,,-0.153753,-5.619424,-5.773177,True,False,36,S44,False,25,1.8864,pickup,,,,,,,,,,,,,,,,,,,,,,,,,,,,,,,,,,,,,,,,,,,,,,,,,,,,,,,,,,,
47,19,13,36,S44,False,10,2,12,0,0,0,0,0,0,[],3.0,S63,0.47,10,2,12,0.0,,-0.123657,-5.630667,-5.754324,True,False,48,S40,True,1,5.1562,do_nothing,,,,,,,,,,,,,,,,,,,,,,,,,,,,,,,,,,,,,,,,,,,,,,,,,,,,,,,,,,,
47,19,13,39,S63,False,10,2,12,0,0,0,0,0,0,[],3.0,S44,0.47,10,2,12,0.0,,-0.106266,-5.629222,-5.735488,True,False,36,S40,True,0,3.6867,do_nothing,,,,,,,,,,,,,,,,,,,,,,,,,,,,,,,,,,,,,,,,,,,,,,,,,,,,,,,,,,,
47,19,13,43,S44,False,10,2,12,8,0,0,0,0,0,"['B216', 'B275', 'B703', 'B532', 'B556', 'B603', 'B356', 'B741']",7.0,S51,3.83,2,2,4,0.0,,-0.124708,-5.62722,-5.751928,True,False,72,S7,True,24,7.0997,delivery,,,,,,,,,,,,,,,,,,,,,,,,,,,,,,,,,,,,,,,,,,,,,,,,,,,,,,,,,,,
47,19,13,53,S51,False,2,2,4,0,12,0,0,0,0,"['B690', 'B243', 'B322', 'B537', 'B251', 'B724', 'B210', 'B363', 'B51', 'B704', 'B410', 'B198']",9.0,S26,11.22,14,2,16,0.0,,-0.094506,-5.640079,-5.734585,True,False,36,S50,True,24,3.2646,pickup,,,,,,,,,,,,,,,,,,,,,,,,,,,,,,,,,,,,,,,,,,,,,,,,,,,,,,,,,,,
47,19,14,14,S26,False,14,2,16,14,0,0,0,0,0,"['B747', 'B168', 'B690', 'B243', 'B322', 'B537', 'B251', 'B724', 'B210', 'B363', 'B51', 'B704', 'B410', 'B198']",10.0,S40,5.09,0,2,2,0.0,,-0.201314,-5.657478,-5.858792,False,False,12,S40,False,6,0.6624,delivery,,,,,,,,,,,,,,,,,,,,,,,,,,,,,,,,,,,,,,,,,,,,,,,,,,,,,,,,,,,
47,19,14,29,S40,False,0,2,2,0,12,1,0,0,0,"['B421', 'B262', 'B181', 'B383', 'B101', 'B570', 'B697', 'B98', 'B371', 'B284', 'B563', 'B592']",12.0,S65,6.32,12,2,14,0.0,,-0.278461,-5.69187,-5.970331,True,True,108,S63,True,94,8.7109,pickup+onsite,,,,,,,,,,,,,,,,,,,,,,,,,,,,,,,,,,,,,,,,,,,,,,,,,,,,,,,,,,,
47,19,14,47,S65,False,12,2,14,12,0,0,0,0,0,"['B421', 'B262', 'B181', 'B383', 'B101', 'B570', 'B697', 'B98', 'B371', 'B284', 'B563', 'B592']",9.0,S52,6.18,0,2,2,0.0,,-0.355881,-5.676603,-6.032484,True,False,36,S52,False,18,2.9181,delivery,,,,,,,,,,,,,,,,,,,,,,,,,,,,,,,,,,,,,,,,,,,,,,,,,,,,,,,,,,,
47,19,15,2,S52,False,0,2,2,0,7,0,0,0,0,"['B457', 'B385', 'B583', 'B298', 'B441', 'B477', 'B67']",6.5,S43,1.59,7,2,9,0.0,,-0.165813,-5.648219,-5.814032,True,False,72,S64,True,25,5.4345,pickup,,,,,,,,,,,,,,,,,,,,,,,,,,,,,,,,,,,,,,,,,,,,,,,,,,,,,,,,,,,
47,19,15,10,S43,False,7,2,9,0,0,3,0,0,0,[],12.0,S63,0.64,7,2,9,0.0,,-0.118311,-5.640534,-5.758845,True,True,240,S16,True,90,9.3568,do_nothing+onsite,,,,,,,,,,,,,,,,,,,,,,,,,,,,,,,,,,,,,,,,,,,,,,,,,,,,,,,,,,,
47,19,15,23,S63,False,7,2,9,7,0,0,2,0,0,"['B354', 'B693', 'B457', 'B385', 'B583', 'B298', 'B441', 'B477', 'B67']",7.5,S54,3.86,0,4,4,0.0,,-0.106418,-5.637669,-5.744087,True,True,36,S43,True,31,1.3823,delivery+depot_removal,,,,,,,,,,,,,,,,,,,,,,,,,,,,,,,,,,,,,,,,,,,,,,,,,,,,,,,,,,,
47,19,15,34,S54,False,0,4,4,0,11,0,0,0,0,"['B122', 'B483', 'B701', 'B423', 'B5', 'B250', 'B609', 'B23', 'B541', 'B580', 'B445']",8.5,S55,0.95,11,4,15,0.0,,-0.112093,-5.652841,-5.764934,True,False,72,S31,True,50,3.4066,pickup,,,,,,,,,,,,,,,,,,,,,,,,,,,,,,,,,,,,,,,,,,,,,,,,,,,,,,,,,,,
47,19,15,44,S55,False,11,4,15,11,0,0,0,0,0,"['B122', 'B483', 'B701', 'B423', 'B5', 'B250', 'B609', 'B23', 'B541', 'B580', 'B445']",8.5,S62,3.22,0,4,4,0.0,,-0.053358,-5.617792,-5.67115,True,False,60,S62,False,32,2.8457,delivery,,,,,,,,,,,,,,,,,,,,,,,,,,,,,,,,,,,,,,,,,,,,,,,,,,,,,,,,,,,
47,19,15,55,S62,False,0,4,4,0,12,0,0,0,0,"['B460', 'B486', 'B653', 'B686', 'B342', 'B323', 'B235', 'B127', 'B41', 'B533', 'B675', 'B482']",9.0,S23,8.01,12,4,16,0.0,,-0.118522,-5.606476,-5.724998,True,False,36,S31,True,27,1.9546,pickup,,,,,,,,,,,,,,,,,,,,,,,,,,,,,,,,,,,,,,,,,,,,,,,,,,,,,,,,,,,
47,19,16,12,S23,False,12,4,16,6,0,1,0,0,0,"['B460', 'B486', 'B653', 'B686', 'B342', 'B323']",9.0,S30,3.25,6,4,10,0.0,,-0.118267,-5.559829,-5.678096,True,True,108,S16,True,87,3.7132,delivery+onsite,,,,,,,,,,,,,,,,,,,,,,,,,,,,,,,,,,,,,,,,,,,,,,,,,,,,,,,,,,,
47,19,16,25,S30,False,6,4,10,0,8,0,0,0,0,"['B320', 'B130', 'B765', 'B116', 'B245', 'B469', 'B648', 'B500']",7.0,S17,7.68,14,4,18,0.0,,-0.047441,-5.541567,-5.589009,True,False,36,S16,True,13,1.4929,pickup,,,,,,,,,,,,,,,,,,,,,,,,,,,,,,,,,,,,,,,,,,,,,,,,,,,,,,,,,,,
47,19,16,39,S17,False,14,4,18,11,0,0,0,0,0,"['B235', 'B127', 'B41', 'B533', 'B675', 'B482', 'B320', 'B130', 'B765', 'B116', 'B245']",8.5,S66,7.34,3,4,7,0.0,,-0.071291,-5.555455,-5.626747,False,False,18,S41,True,6,0.7449,delivery,,,,,,,,,,,,,,,,,,,,,,,,,,,,,,,,,,,,,,,,,,,,,,,,,,,,,,,,,,,
47,19,16,55,S66,False,3,4,7,0,13,0,0,0,0,"['B516', 'B542', 'B12', 'B247', 'B183', 'B450', 'B378', 'B34', 'B269', 'B78', 'B143', 'B552', 'B44']",9.5,S16,4.13,16,4,20,0.0,,-0.083094,-5.575886,-5.65898,False,False,18,S16,True,8,0.9454,pickup,,,,,,,,,,,,,,,,,,,,,,,,,,,,,,,,,,,,,,,,,,,,,,,,,,,,,,,,,,,
47,19,17,9,S16,False,16,4,20,5,0,0,0,0,0,"['B469', 'B648', 'B500', 'B516', 'B542']",5.5,S62,2.41,11,4,15,0.0,,-0.035547,-5.607428,-5.642975,True,False,42,S41,True,26,2.7235,delivery,,,,,,,,,,,,,,,,,,,,,,,,,,,,,,,,,,,,,,,,,,,,,,,,,,,,,,,,,,,
47,19,17,17,S62,False,11,4,15,0,5,0,0,0,0,"['B329', 'B572', 'B145', 'B373', 'B404']",5.5,S35,5.61,16,4,20,0.0,,-0.077357,-5.580596,-5.657953,True,False,18,S35,False,13,1.0725,pickup,,,,,,,,,,,,,,,,,,,,,,,,,,,,,,,,,,,,,,,,,,,,,,,,,,,,,,,,,,,
47,19,17,28,S35,False,16,4,20,16,0,0,3,0,0,"['B339', 'B637', 'B600', 'B12', 'B247', 'B183', 'B450', 'B378', 'B34', 'B269', 'B78', 'B143', 'B552', 'B44', 'B329', 'B572', 'B145', 'B373', 'B404']",12.5,S60,9.21,0,7,7,0.0,,-0.041149,-5.560777,-5.601926,True,True,108,S50,True,33,4.0927,delivery+depot_removal,,,,,,,,,,,,,,,,,,,,,,,,,,,,,,,,,,,,,,,,,,,,,,,,,,,,,,,,,,,
47,19,17,50,S60,False,0,7,7,0,13,0,0,0,0,"['B54', 'B115', 'B46', 'B24', 'B734', 'B633', 'B248', 'B314', 'B152', 'B393', 'B154', 'B517', 'B40']",9.5,S41,0.87,13,7,20,0.0,,-0.08272,-5.59327,-5.67599,True,False,24,S31,True,18,1.5941,pickup,,,,,,,,,,,,,,,,,,,,,,,,,,,,,,,,,,,,,,,,,,,,,,,,,,,,,,,,,,,
47,19,18,0,S41,False,13,7,20,13,0,0,1,0,0,"['B1', 'B54', 'B115', 'B46', 'B24', 'B734', 'B633', 'B248', 'B314', 'B152', 'B393', 'B154', 'B517', 'B40']",10.0,S36,8.44,0,8,8,0.0,,-0.082537,-5.513011,-5.595549,True,True,60,S25,True,46,2.1277,delivery+depot_removal,,,,,,,,,,,,,,,,,,,,,,,,,,,,,,,,,,,,,,,,,,,,,,,,,,,,,,,,,,,
47,19,18,18,S36,False,0,8,8,0,12,0,0,0,0,"['B368', 'B182', 'B710', 'B258', 'B331', 'B750', 'B407', 'B381', 'B277', 'B446', 'B326', 'B487']",9.0,S44,3.62,12,8,20,0.0,,-0.07105,-5.489187,-5.560237,True,False,24,S51,True,18,1.1459,pickup,,,,,,,,,,,,,,,,,,,,,,,,,,,,,,,,,,,,,,,,,,,,,,,,,,,,,,,,,,,
47,19,18,31,S44,False,12,8,20,11,0,0,3,0,0,"['B49', 'B131', 'B471', 'B368', 'B182', 'B710', 'B258', 'B331', 'B750', 'B407', 'B381', 'B277', 'B446', 'B326']",10.0,S29,5.3,1,11,12,0.0,,-0.071005,-5.491973,-5.562978,True,True,54,S25,True,25,2.6631,delivery+depot_removal,,,,,,,,,,,,,,,,,,,,,,,,,,,,,,,,,,,,,,,,,,,,,,,,,,,,,,,,,,,
47,19,18,46,S29,False,1,11,12,0,0,0,0,0,0,[],3.0,S14,3.41,1,11,12,0.0,,-0.053329,-5.496398,-5.549727,False,False,12,S49,True,1,0.4525,do_nothing,,,,,,,,,,,,,,,,,,,,,,,,,,,,,,,,,,,,,,,,,,,,,,,,,,,,,,,,,,,
47,19,18,53,S14,False,1,11,12,1,0,1,0,0,0,['B487'],6.5,S49,11.61,0,11,11,0.0,,-0.011804,-5.484799,-5.496602,True,True,48,S49,False,36,1.636,delivery+onsite,,,,,,,,,,,,,,,,,,,,,,,,,,,,,,,,,,,,,,,,,,,,,,,,,,,,,,,,,,,
47,19,19,11,S49,False,0,11,11,0,9,0,0,0,0,"['B93', 'B359', 'B220', 'B164', 'B425', 'B702', 'B205', 'B160', 'B369']",7.5,S29,8.87,9,11,20,0.0,,-0.02954,-5.503342,-5.532882,True,False,24,S29,False,12,1.0859,pickup,,,,,,,,,,,,,,,,,,,,,,,,,,,,,,,,,,,,,,,,,,,,,,,,,,,,,,,,,,,
47,19,19,27,S29,False,9,11,20,0,0,0,0,0,0,[],3.0,S43,5.89,9,11,20,0.0,,-0.02957,-5.516695,-5.546265,False,False,12,S50,True,1,0.4144,do_nothing,,,,,,,,,,,,,,,,,,,,,,,,,,,,,,,,,,,,,,,,,,,,,,,,,,,,,,,,,,,
47,19,19,36,S43,False,9,11,20,0,0,0,0,0,0,[],3.0,S29,5.89,9,11,20,0.0,,-0.023593,-5.504642,-5.528236,True,False,27,S33,True,0,1.2575,do_nothing,,,,,,,,,,,,,,,,,,,,,,,,,,,,,,,,,,,,,,,,,,,,,,,,,,,,,,,,,,,
47,19,19,45,S29,False,9,11,20,0,0,0,0,0,0,[],3.0,D0,2.43,9,11,20,0.0,,-0.041404,-5.532495,-5.573899,False,False,2,D0,True,0,0.0569,do_nothing,,,,,,,,,,,,,,,,,,,,,,,,,,,,,,,,,,,,,,,,,,,,,,,,,,,,,,,,,,,
47,19,19,50,D0,True,9,11,20,11,0,0,0,11,0,"['B397', 'B464', 'B354', 'B693', 'B339', 'B637', 'B600', 'B1', 'B49', 'B131', 'B471']",14.0,D0,0.0,0,0,0,0.0,,-0.011834,-5.531293,-5.543126,True,True,1,D0,False,0,0.0398,do_nothing,,,,,,,,,,,,,,,,,,,,,,,,,,,,,,,,,,,,,,,,,,,,,,,,,,,,,,,,,,,
47,20,6,13,D0,True,9,0,9,0,0,0,0,0,8,"['B562', 'B172', 'B443', 'B767', 'B31', 'B91', 'B398', 'B766']",7.0,S30,2.5,17,0,17,0.0,,-0.047172,-5.587595,-5.634767,True,True,5,S30,False,1,0.3271,load_queue,,,,,,,,,,,,,,,,,,,,,,,,,,,,,,,,,,,,,,,,,,,,,,,,,,,,,,,,,,,
47,20,6,38,S30,False,17,0,17,10,0,1,0,0,0,"['B93', 'B359', 'B220', 'B164', 'B425', 'B702', 'B205', 'B160', 'B369', 'B562']",11.0,S44,5.63,7,0,7,0.0,,-0.035518,-5.598869,-5.634387,True,True,72,S44,True,64,3.0826,delivery+onsite,,,,,,,,,,,,,,,,,,,,,,,,,,,,,,,,,,,,,,,,,,,,,,,,,,,,,,,,,,,
47,20,6,55,S44,False,7,0,7,0,12,0,0,0,0,"['B326', 'B70', 'B661', 'B492', 'B270', 'B274', 'B703', 'B666', 'B325', 'B182', 'B348', 'B407']",9.0,S16,0.23,19,0,19,0.0,,-0.005842,-5.597916,-5.603758,False,False,18,S14,True,12,0.8766,pickup,,,,,,,,,,,,,,,,,,,,,,,,,,,,,,,,,,,,,,,,,,,,,,,,,,,,,,,,,,,
47,20,7,4,S16,False,19,0,19,9,0,0,0,0,0,"['B172', 'B443', 'B767', 'B31', 'B91', 'B398', 'B766', 'B326', 'B70']",7.5,S65,7.14,10,0,10,0.0,,-0.017751,-5.604174,-5.621925,True,False,48,S65,False,12,1.8729,delivery,,,,,,,,,,,,,,,,,,,,,,,,,,,,,,,,,,,,,,,,,,,,,,,,,,,,,,,,,,,
47,20,7,18,S65,False,10,0,10,10,0,0,1,0,0,"['B315', 'B661', 'B492', 'B270', 'B274', 'B703', 'B666', 'B325', 'B182', 'B348', 'B407']",8.5,S31,3.2,0,1,1,0.0,,-0.029645,-5.582416,-5.612061,True,True,36,S20,True,24,1.2219,delivery+depot_removal,,,,,,,,,,,,,,,,,,,,,,,,,,,,,,,,,,,,,,,,,,,,,,,,,,,,,,,,,,,
47,20,7,30,S31,False,0,1,1,0,19,0,0,0,0,"['B729', 'B21', 'B629', 'B319', 'B670', 'B535', 'B559', 'B625', 'B189', 'B642', 'B30', 'B243', 'B610', 'B306', 'B484', 'B240', 'B114', 'B210', 'B578']",12.5,S46,5.03,19,1,20,0.0,,-0.029315,-5.568833,-5.598148,True,False,18,S46,False,12,0.8121,pickup,,,,,,,,,,,,,,,,,,,,,,,,,,,,,,,,,,,,,,,,,,,,,,,,,,,,,,,,,,,
47,20,7,48,S46,False,19,1,20,14,0,0,0,0,0,"['B729', 'B21', 'B629', 'B319', 'B670', 'B535', 'B559', 'B625', 'B189', 'B642', 'B30', 'B243', 'B610', 'B306']",10.0,S18,4.15,5,1,6,0.0,,-0.041285,-5.582376,-5.623661,False,False,18,S55,True,15,1.0306,delivery,,,,,,,,,,,,,,,,,,,,,,,,,,,,,,,,,,,,,,,,,,,,,,,,,,,,,,,,,,,
47,20,8,2,S18,False,5,1,6,0,14,0,0,0,0,"['B641', 'B739', 'B364', 'B525', 'B86', 'B476', 'B757', 'B227', 'B586', 'B497', 'B675', 'B183', 'B370', 'B181']",10.0,S25,11.47,19,1,20,0.0,,-0.053043,-5.575411,-5.628454,False,False,12,S25,False,6,0.5108,pickup,,,,,,,,,,,,,,,,,,,,,,,,,,,,,,,,,,,,,,,,,,,,,,,,,,,,,,,,,,,
47,20,8,23,S25,False,19,1,20,14,0,0,1,0,0,"['B113', 'B484', 'B240', 'B114', 'B210', 'B578', 'B641', 'B739', 'B364', 'B525', 'B86', 'B476', 'B757', 'B227', 'B586']",10.5,S59,12.03,5,2,7,0.0,,-0.052909,-5.586413,-5.639322,True,True,42,S7,True,30,2.1642,delivery+depot_removal,,,,,,,,,,,,,,,,,,,,,,,,,,,,,,,,,,,,,,,,,,,,,,,,,,,,,,,,,,,
47,20,8,46,S59,False,5,2,7,0,13,0,0,0,0,"['B706', 'B467', 'B728', 'B288', 'B55', 'B507', 'B136', 'B447', 'B290', 'B659', 'B196', 'B643', 'B194']",9.5,S21,13.96,18,2,20,0.0,,-0.070614,-5.568855,-5.639469,True,False,24,S21,False,12,1.3256,pickup,,,,,,,,,,,,,,,,,,,,,,,,,,,,,,,,,,,,,,,,,,,,,,,,,,,,,,,,,,,
47,20,9,9,S21,False,18,2,20,0,0,2,0,0,0,[],9.0,S14,4.97,18,2,20,0.0,,-0.076725,-5.558119,-5.634844,True,True,18,S14,False,12,0.9958,do_nothing+onsite,,,,,,,,,,,,,,,,,,,,,,,,,,,,,,,,,,,,,,,,,,,,,,,,,,,,,,,,,,,
47,20,9,23,S14,False,18,2,20,8,0,0,0,0,0,"['B497', 'B675', 'B183', 'B370', 'B181', 'B706', 'B467', 'B728']",7.0,S7,13.48,10,2,12,0.0,,-0.02978,-5.552551,-5.582331,True,False,30,S50,True,8,1.1425,delivery,,,,,,,,,,,,,,,,,,,,,,,,,,,,,,,,,,,,,,,,,,,,,,,,,,,,,,,,,,,
47,20,9,44,S7,False,10,2,12,10,0,0,0,0,0,"['B288', 'B55', 'B507', 'B136', 'B447', 'B290', 'B659', 'B196', 'B643', 'B194']",8.0,S58,9.38,0,2,2,0.0,,-0.065072,-5.547963,-5.613034,True,False,24,S4,True,14,1.507,delivery,,,,,,,,,,,,,,,,,,,,,,,,,,,,,,,,,,,,,,,,,,,,,,,,,,,,,,,,,,,
47,20,10,1,S58,False,0,2,2,0,10,1,2,0,0,"['B634', 'B105', 'B337', 'B696', 'B190', 'B742', 'B714', 'B20', 'B548', 'B141', 'B640', 'B317']",12.0,S50,8.14,10,4,14,0.0,,-0.047412,-5.543806,-5.591217,True,True,144,S4,True,133,6.6423,pickup+maintenance,,,,,,,,,,,,,,,,,,,,,,,,,,,,,,,,,,,,,,,,,,,,,,,,,,,,,,,,,,,
47,20,10,21,S50,False,10,4,14,10,0,0,0,0,0,"['B634', 'B105', 'B337', 'B696', 'B190', 'B742', 'B714', 'B20', 'B548', 'B141']",8.0,S35,1.61,0,4,4,0.0,,-0.047171,-5.535356,-5.582528,False,False,12,S35,False,10,0.5613,delivery,,,,,,,,,,,,,,,,,,,,,,,,,,,,,,,,,,,,,,,,,,,,,,,,,,,,,,,,,,,
47,20,10,31,S35,False,0,4,4,0,10,1,0,0,0,"['B44', 'B329', 'B572', 'B145', 'B373', 'B404', 'B235', 'B518', 'B415', 'B344']",11.0,S42,1.31,10,4,14,0.0,,-0.023713,-5.535269,-5.558982,True,True,36,S42,True,30,1.7305,pickup+onsite,,,,,,,,,,,,,,,,,,,,,,,,,,,,,,,,,,,,,,,,,,,,,,,,,,,,,,,,,,,
47,20,10,43,S42,False,10,4,14,10,0,0,0,0,0,"['B44', 'B329', 'B572', 'B145', 'B373', 'B404', 'B235', 'B518', 'B415', 'B344']",8.0,S54,4.21,0,4,4,0.0,,-0.023592,-5.564405,-5.587998,True,False,24,S54,False,15,1.3668,delivery,,,,,,,,,,,,,,,,,,,,,,,,,,,,,,,,,,,,,,,,,,,,,,,,,,,,,,,,,,,
47,20,10,55,S54,False,0,4,4,0,10,1,0,0,0,"['B560', 'B472', 'B592', 'B201', 'B636', 'B673', 'B387', 'B383', 'B238', 'B109']",11.0,S55,0.95,10,4,14,0.0,,-0.035262,-5.56147,-5.596733,True,True,72,S55,True,60,3.5378,pickup+onsite,,,,,,,,,,,,,,,,,,,,,,,,,,,,,,,,,,,,,,,,,,,,,,,,,,,,,,,,,,,
47,20,11,7,S55,False,10,4,14,9,0,0,4,0,0,"['B260', 'B674', 'B125', 'B257', 'B560', 'B472', 'B592', 'B201', 'B636', 'B673', 'B387', 'B383', 'B238']",9.5,S51,5.48,1,8,9,0.0,,-0.070673,-5.566887,-5.637561,True,True,90,S45,True,57,3.9455,delivery+depot_removal,,,,,,,,,,,,,,,,,,,,,,,,,,,,,,,,,,,,,,,,,,,,,,,,,,,,,,,,,,,
47,20,11,22,S51,False,1,8,9,0,10,0,0,0,0,"['B151', 'B672', 'B516', 'B616', 'B717', 'B631', 'B253', 'B99', 'B299', 'B719']",8.0,S29,7.57,11,8,19,0.0,,-0.112335,-5.574308,-5.686643,True,False,36,S61,True,24,1.3663,pickup,,,,,,,,,,,,,,,,,,,,,,,,,,,,,,,,,,,,,,,,,,,,,,,,,,,,,,,,,,,
47,20,11,38,S29,False,11,8,19,11,0,1,0,0,0,"['B109', 'B151', 'B672', 'B516', 'B616', 'B717', 'B631', 'B253', 'B99', 'B299', 'B719']",11.5,S38,8.13,0,8,8,0.0,,-0.088382,-5.56836,-5.656742,True,True,24,S32,True,19,1.0922,delivery+onsite,,,,,,,,,,,,,,,,,,,,,,,,,,,,,,,,,,,,,,,,,,,,,,,,,,,,,,,,,,,
47,20,11,57,S38,False,0,8,8,0,9,0,0,0,0,"['B101', 'B341', 'B2', 'B684', 'B685', 'B360', 'B449', 'B88', 'B589']",7.5,S61,3.09,9,8,17,0.0,,-0.112093,-5.580448,-5.692542,False,False,18,S41,True,14,0.7423,pickup,,,,,,,,,,,,,,,,,,,,,,,,,,,,,,,,,,,,,,,,,,,,,,,,,,,,,,,,,,,
47,20,12,8,S61,False,9,8,17,9,0,0,0,0,0,"['B101', 'B341', 'B2', 'B684', 'B685', 'B360', 'B449', 'B88', 'B589']",7.5,S16,3.01,0,8,8,0.0,,-0.064848,-5.526988,-5.591836,True,False,48,S66,True,26,2.2256,delivery,,,,,,,,,,,,,,,,,,,,,,,,,,,,,,,,,,,,,,,,,,,,,,,,,,,,,,,,,,,
47,20,12,19,S16,False,0,8,8,0,0,0,0,0,0,[],3.0,S41,5.02,0,8,8,0.0,,-0.09481,-5.551503,-5.646313,True,False,54,S41,True,0,2.67,do_nothing,,,,,,,,,,,,,,,,,,,,,,,,,,,,,,,,,,,,,,,,,,,,,,,,,,,,,,,,,,,
47,20,12,27,S41,False,0,8,8,0,12,0,0,0,0,"['B469', 'B156', 'B534', 'B648', 'B191', 'B11', 'B159', 'B445', 'B477', 'B67', 'B353', 'B68']",9.0,S66,1.41,12,8,20,0.0,,-0.065132,-5.567862,-5.632994,True,False,24,S22,True,13,1.2894,pickup,,,,,,,,,,,,,,,,,,,,,,,,,,,,,,,,,,,,,,,,,,,,,,,,,,,,,,,,,,,
47,20,12,37,S66,False,12,8,20,12,0,0,0,0,0,"['B469', 'B156', 'B534', 'B648', 'B191', 'B11', 'B159', 'B445', 'B477', 'B67', 'B353', 'B68']",9.0,S56,7.15,0,8,8,0.0,,-0.035608,-5.551408,-5.587015,True,False,30,S22,True,21,1.5266,delivery,,,,,,,,,,,,,,,,,,,,,,,,,,,,,,,,,,,,,,,,,,,,,,,,,,,,,,,,,,,
47,20,12,53,S56,False,0,8,8,0,6,1,0,0,0,"['B219', 'B175', 'B87', 'B628', 'B301', 'B120']",9.0,S16,4.78,6,8,14,0.0,,-0.047202,-5.560748,-5.60795,True,True,72,S16,False,63,3.1354,pickup+onsite,,,,,,,,,,,,,,,,,,,,,,,,,,,,,,,,,,,,,,,,,,,,,,,,,,,,,,,,,,,
47,20,13,7,S16,False,6,8,14,0,4,0,0,0,0,"['B172', 'B443', 'B767', 'B31']",5.0,S15,5.18,10,8,18,0.0,,-0.112092,-5.592979,-5.705071,True,False,42,S15,False,26,2.0224,pickup,,,,,,,,,,,,,,,,,,,,,,,,,,,,,,,,,,,,,,,,,,,,,,,,,,,,,,,,,,,
47,20,13,17,S15,False,10,8,18,10,0,0,0,0,0,"['B219', 'B175', 'B87', 'B628', 'B301', 'B120', 'B172', 'B443', 'B767', 'B31']",8.0,S41,4.47,0,8,8,0.0,,-0.082702,-5.540629,-5.623331,False,False,12,S54,True,6,0.4831,delivery,,,,,,,,,,,,,,,,,,,,,,,,,,,,,,,,,,,,,,,,,,,,,,,,,,,,,,,,,,,
47,20,13,30,S41,False,0,8,8,0,12,1,0,0,0,"['B15', 'B662', 'B652', 'B585', 'B385', 'B729', 'B639', 'B753', 'B551', 'B64', 'B7', 'B378']",12.0,S65,2.23,12,8,20,0.0,,-0.076877,-5.571548,-5.648425,True,True,24,S40,True,21,0.8911,pickup+onsite,,,,,,,,,,,,,,,,,,,,,,,,,,,,,,,,,,,,,,,,,,,,,,,,,,,,,,,,,,,
47,20,13,44,S65,False,12,8,20,0,0,0,0,0,0,[],3.0,S22,1.36,12,8,20,0.0,,-0.041419,-5.570638,-5.612058,True,False,30,S35,True,3,1.1498,do_nothing,,,,,,,,,,,,,,,,,,,,,,,,,,,,,,,,,,,,,,,,,,,,,,,,,,,,,,,,,,,
47,20,13,48,S22,False,12,8,20,11,0,0,0,0,0,"['B15', 'B662', 'B652', 'B585', 'B385', 'B729', 'B639', 'B753', 'B551', 'B64', 'B7']",8.5,S40,7.68,1,8,9,0.0,,-0.047291,-5.559364,-5.606655,False,False,18,S35,True,16,0.6814,delivery,,,,,,,,,,,,,,,,,,,,,,,,,,,,,,,,,,,,,,,,,,,,,,,,,,,,,,,,,,,
47,20,14,4,S40,False,1,8,9,0,10,0,0,0,0,"['B731', 'B287', 'B356', 'B764', 'B226', 'B612', 'B24', 'B84', 'B157', 'B556']",8.0,S33,1.51,11,8,19,0.0,,-0.070839,-5.525478,-5.596317,True,False,36,S33,False,24,1.5439,pickup,,,,,,,,,,,,,,,,,,,,,,,,,,,,,,,,,,,,,,,,,,,,,,,,,,,,,,,,,,,
47,20,14,14,S33,False,11,8,19,11,0,0,1,0,0,"['B106', 'B378', 'B731', 'B287', 'B356', 'B764', 'B226', 'B612', 'B24', 'B84', 'B157', 'B556']",9.0,S55,3.28,0,9,9,0.0,,-0.07069,-5.501563,-5.572253,True,True,36,S20,True,18,1.8177,delivery+depot_removal,,,,,,,,,,,,,,,,,,,,,,,,,,,,,,,,,,,,,,,,,,,,,,,,,,,,,,,,,,,
47,20,14,26,S55,False,0,9,9,0,11,0,0,0,0,"['B10', 'B215', 'B730', 'B58', 'B347', 'B262', 'B488', 'B48', 'B702', 'B497', 'B329']",8.5,S57,2.57,11,9,20,0.0,,-0.029481,-5.522192,-5.551673,False,False,12,S20,True,7,0.5263,pickup,,,,,,,,,,,,,,,,,,,,,,,,,,,,,,,,,,,,,,,,,,,,,,,,,,,,,,,,,,,
47,20,14,37,S57,False,11,9,20,11,0,0,0,0,0,"['B10', 'B215', 'B730', 'B58', 'B347', 'B262', 'B488', 'B48', 'B702', 'B497', 'B329']",8.5,S42,1.83,0,9,9,0.0,,-0.017616,-5.511007,-5.528623,False,False,12,S35,True,6,0.5529,delivery,,,,,,,,,,,,,,,,,,,,,,,,,,,,,,,,,,,,,,,,,,,,,,,,,,,,,,,,,,,
47,20,14,48,S42,False,0,9,9,0,10,0,0,0,0,"['B73', 'B327', 'B501', 'B101', 'B117', 'B732', 'B567', 'B449', 'B746', 'B606']",8.0,S35,1.31,10,9,19,0.0,,-0.040925,-5.533213,-5.574138,True,False,30,S26,True,20,1.5938,pickup,,,,,,,,,,,,,,,,,,,,,,,,,,,,,,,,,,,,,,,,,,,,,,,,,,,,,,,,,,,
47,20,14,57,S35,False,10,9,19,9,0,0,0,0,0,"['B73', 'B327', 'B501', 'B101', 'B117', 'B732', 'B567', 'B449', 'B746']",7.5,S63,6.66,1,9,10,0.0,,-0.041045,-5.522346,-5.56339,True,False,36,S26,True,13,1.1548,delivery,,,,,,,,,,,,,,,,,,,,,,,,,,,,,,,,,,,,,,,,,,,,,,,,,,,,,,,,,,,
47,20,15,11,S63,False,1,9,10,0,10,0,0,0,0,"['B23', 'B298', 'B526', 'B296', 'B510', 'B42', 'B362', 'B80', 'B421', 'B486']",8.0,S48,4.03,11,9,20,0.0,,-0.05905,-5.495082,-5.554132,False,False,12,S48,False,8,0.3949,pickup,,,,,,,,,,,,,,,,,,,,,,,,,,,,,,,,,,,,,,,,,,,,,,,,,,,,,,,,,,,
47,20,15,23,S48,False,11,9,20,9,0,0,0,0,0,"['B606', 'B23', 'B298', 'B526', 'B296', 'B510', 'B42', 'B362', 'B80']",7.5,S51,0.84,2,9,11,0.0,,-0.046917,-5.516021,-5.562938,True,False,30,S51,False,6,1.49,delivery,,,,,,,,,,,,,,,,,,,,,,,,,,,,,,,,,,,,,,,,,,,,,,,,,,,,,,,,,,,
47,20,15,31,S51,False,2,9,11,2,0,0,0,0,0,"['B421', 'B486']",4.0,S61,6.56,0,9,9,0.0,,-0.041388,-5.513807,-5.555195,True,False,36,S53,True,22,1.6327,delivery,,,,,,,,,,,,,,,,,,,,,,,,,,,,,,,,,,,,,,,,,,,,,,,,,,,,,,,,,,,
47,20,15,42,S61,False,0,9,9,0,8,0,0,0,0,"['B479', 'B75', 'B431', 'B358', 'B374', 'B652', 'B651', 'B44']",7.0,S41,2.24,8,9,17,0.0,,-0.05375,-5.512946,-5.566696,True,False,72,S53,True,27,2.7624,pickup,,,,,,,,,,,,,,,,,,,,,,,,,,,,,,,,,,,,,,,,,,,,,,,,,,,,,,,,,,,
47,20,15,51,S41,False,8,9,17,8,0,1,0,0,0,"['B479', 'B75', 'B431', 'B358', 'B374', 'B652', 'B651', 'B44']",10.0,S53,6.04,0,9,9,0.0,,-0.035608,-5.500481,-5.536088,True,True,24,S53,False,18,1.1717,delivery+onsite,,,,,,,,,,,,,,,,,,,,,,,,,,,,,,,,,,,,,,,,,,,,,,,,,,,,,,,,,,,
47,20,16,7,S53,False,0,9,9,0,11,0,0,0,0,"['B700', 'B286', 'B503', 'B92', 'B409', 'B26', 'B32', 'B307', 'B110', 'B96', 'B675']",8.5,S51,3.97,11,9,20,0.0,,-0.023683,-5.560538,-5.58422,True,False,54,S15,True,40,2.1607,pickup,,,,,,,,,,,,,,,,,,,,,,,,,,,,,,,,,,,,,,,,,,,,,,,,,,,,,,,,,,,
47,20,16,20,S51,False,11,9,20,8,0,0,2,0,0,"['B264', 'B448', 'B700', 'B286', 'B503', 'B92', 'B409', 'B26', 'B32', 'B307']",8.0,S42,9.5,3,11,14,0.0,,-0.023578,-5.544644,-5.568222,True,True,42,S15,True,21,1.3795,delivery+depot_removal,,,,,,,,,,,,,,,,,,,,,,,,,,,,,,,,,,,,,,,,,,,,,,,,,,,,,,,,,,,
47,20,16,37,S42,False,3,11,14,0,6,0,0,0,0,"['B679', 'B726', 'B355', 'B661', 'B502', 'B386']",6.0,S11,1.48,9,11,20,0.0,,-0.070734,-5.572937,-5.643671,True,False,18,S11,False,12,0.5941,pickup,,,,,,,,,,,,,,,,,,,,,,,,,,,,,,,,,,,,,,,,,,,,,,,,,,,,,,,,,,,
47,20,16,45,S11,False,9,11,20,9,0,1,1,0,0,"['B27', 'B110', 'B96', 'B675', 'B679', 'B726', 'B355', 'B661', 'B502', 'B386']",11.0,S31,10.6,0,12,12,0.0,,-0.065223,-5.545155,-5.610378,True,True,60,S15,True,55,2.4136,delivery+maintenance,,,,,,,,,,,,,,,,,,,,,,,,,,,,,,,,,,,,,,,,,,,,,,,,,,,,,,,,,,,
47,20,17,6,S31,False,0,12,12,0,8,0,0,0,0,"['B684', 'B228', 'B387', 'B496', 'B203', 'B690', 'B480', 'B57']",7.0,S65,3.2,8,12,20,0.0,,-0.153528,-5.535042,-5.68857,True,False,18,S20,True,13,0.6172,pickup,,,,,,,,,,,,,,,,,,,,,,,,,,,,,,,,,,,,,,,,,,,,,,,,,,,,,,,,,,,
47,20,17,16,S65,False,8,12,20,8,0,0,0,0,0,"['B684', 'B228', 'B387', 'B496', 'B203', 'B690', 'B480', 'B57']",7.0,S20,4.59,0,12,12,0.0,,-0.106311,-5.524395,-5.630706,True,False,18,S20,False,6,0.5628,delivery,,,,,,,,,,,,,,,,,,,,,,,,,,,,,,,,,,,,,,,,,,,,,,,,,,,,,,,,,,,
47,20,17,28,S20,False,0,12,12,0,8,2,0,0,0,"['B627', 'B77', 'B752', 'B155', 'B280', 'B279', 'B747', 'B139']",13.0,S23,4.61,8,12,20,0.0,,-0.065208,-5.518685,-5.583893,True,True,36,S19,True,34,1.1325,pickup+onsite,,,,,,,,,,,,,,,,,,,,,,,,,,,,,,,,,,,,,,,,,,,,,,,,,,,,,,,,,,,
47,20,17,46,S23,False,8,12,20,0,0,1,0,0,0,[],6.0,S38,6.46,8,12,20,0.0,,-0.076592,-5.534319,-5.610911,True,True,36,S37,True,6,1.4115,do_nothing+onsite,,,,,,,,,,,,,,,,,,,,,,,,,,,,,,,,,,,,,,,,,,,,,,,,,,,,,,,,,,,
47,20,17,58,S38,False,8,12,20,8,0,0,0,0,0,"['B627', 'B77', 'B752', 'B155', 'B280', 'B279', 'B747', 'B139']",7.0,S49,1.72,0,12,12,0.0,,-0.088051,-5.542502,-5.630553,False,False,12,S45,True,10,0.4115,delivery,,,,,,,,,,,,,,,,,,,,,,,,,,,,,,,,,,,,,,,,,,,,,,,,,,,,,,,,,,,
47,20,18,7,S49,False,0,12,12,0,8,2,0,0,0,"['B619', 'B83', 'B493', 'B335', 'B79', 'B50', 'B231', 'B285']",13.0,S55,8.04,8,12,20,0.0,,-0.065133,-5.528093,-5.593225,True,True,54,S55,True,48,2.0503,pickup+onsite,,,,,,,,,,,,,,,,,,,,,,,,,,,,,,,,,,,,,,,,,,,,,,,,,,,,,,,,,,,
47,20,18,28,S55,False,8,12,20,8,0,0,0,0,0,"['B619', 'B83', 'B493', 'B335', 'B79', 'B50', 'B231', 'B285']",7.0,S40,2.75,0,12,12,0.0,,-0.023714,-5.51115,-5.534864,False,False,12,S10,True,10,0.4635,delivery,,,,,,,,,,,,,,,,,,,,,,,,,,,,,,,,,,,,,,,,,,,,,,,,,,,,,,,,,,,
47,20,18,38,S40,False,0,12,12,0,7,0,0,0,0,"['B534', 'B434', 'B76', 'B475', 'B250', 'B102', 'B276']",6.5,S15,2.5,7,12,19,0.0,,-0.023759,-5.523584,-5.547343,True,False,36,S43,True,18,1.2463,pickup,,,,,,,,,,,,,,,,,,,,,,,,,,,,,,,,,,,,,,,,,,,,,,,,,,,,,,,,,,,
47,20,18,47,S15,False,7,12,19,7,0,0,0,0,0,"['B534', 'B434', 'B76', 'B475', 'B250', 'B102', 'B276']",6.5,S62,2.79,0,12,12,0.0,,-0.106718,-5.523426,-5.630144,False,False,12,S65,True,7,0.5302,delivery,,,,,,,,,,,,,,,,,,,,,,,,,,,,,,,,,,,,,,,,,,,,,,,,,,,,,,,,,,,
47,20,18,56,S62,False,0,12,12,0,8,0,0,0,0,"['B298', 'B729', 'B668', 'B526', 'B560', 'B660', 'B744', 'B580']",7.0,S65,5.94,8,12,20,0.0,,-0.023639,-5.509234,-5.532873,True,False,18,S55,True,16,1.0503,pickup,,,,,,,,,,,,,,,,,,,,,,,,,,,,,,,,,,,,,,,,,,,,,,,,,,,,,,,,,,,
47,20,19,9,S65,False,8,12,20,8,0,0,0,0,0,"['B298', 'B729', 'B668', 'B526', 'B560', 'B660', 'B744', 'B580']",7.0,S33,6.32,0,12,12,0.0,,-0.011909,-5.483275,-5.495184,True,False,18,S33,False,6,0.4473,delivery,,,,,,,,,,,,,,,,,,,,,,,,,,,,,,,,,,,,,,,,,,,,,,,,,,,,,,,,,,,
47,20,19,22,S33,False,0,12,12,0,8,0,0,0,0,"['B226', 'B612', 'B24', 'B84', 'B157', 'B556', 'B666', 'B330']",7.0,S45,1.11,8,12,20,0.0,,-0.017751,-5.490126,-5.507877,True,False,24,S43,True,21,0.6887,pickup,,,,,,,,,,,,,,,,,,,,,,,,,,,,,,,,,,,,,,,,,,,,,,,,,,,,,,,,,,,
47,20,19,30,S45,False,8,12,20,7,0,0,0,0,0,"['B226', 'B612', 'B24', 'B84', 'B157', 'B556', 'B666']",6.5,S52,1.46,1,12,13,0.0,,-0.011894,-5.46997,-5.481864,False,False,18,S52,False,12,0.6108,delivery,,,,,,,,,,,,,,,,,,,,,,,,,,,,,,,,,,,,,,,,,,,,,,,,,,,,,,,,,,,
47,20,19,38,S52,False,1,12,13,1,0,0,0,0,0,['B330'],3.5,S43,1.59,0,12,12,0.0,,-0.029629,-5.458628,-5.488257,True,False,39,S64,True,20,1.1623,delivery,,,,,,,,,,,,,,,,,,,,,,,,,,,,,,,,,,,,,,,,,,,,,,,,,,,,,,,,,,,
47,20,19,43,S43,False,0,12,12,0,8,0,0,0,0,"['B470', 'B8', 'B648', 'B379', 'B445', 'B687', 'B263', 'B564']",7.0,D0,2.15,8,12,20,0.0,,0.0,-5.475038,-5.475038,True,False,7,D0,False,6,0.1917,pickup,,,,,,,,,,,,,,,,,,,,,,,,,,,,,,,,,,,,,,,,,,,,,,,,,,,,,,,,,,,
47,20,19,52,D0,True,8,12,20,12,0,0,0,12,11,"['B397', 'B464', 'B354', 'B693', 'B339', 'B637', 'B600', 'B1', 'B49', 'B131', 'B471', 'B315', 'B113', 'B640', 'B317', 'B260', 'B674', 'B125', 'B257', 'B106', 'B264', 'B448', 'B27']",20.5,D0,0.0,7,0,7,0.0,,-0.035173,-5.489998,-5.52517,True,True,1,D0,False,0,0.0323,do_nothing,,,,,,,,,,,,,,,,,,,,,,,,,,,,,,,,,,,,,,,,,,,,,,,,,,,,,,,,,,,
47,21,6,4,D0,True,19,0,19,0,0,0,0,0,0,[],3.0,S62,0.46,19,0,19,0.0,,-0.579042,-5.769999,-6.349041,True,True,5,S62,False,0,0.2233,depot_passthrough,,,,,,,,,,,,,,,,,,,,,,,,,,,,,,,,,,,,,,,,,,,,,,,,,,,,,,,,,,,
47,21,6,22,S62,False,19,0,19,13,0,0,0,0,0,"['B470', 'B8', 'B648', 'B379', 'B445', 'B687', 'B263', 'B564', 'B397', 'B464', 'B354', 'B693', 'B339']",9.5,S66,2.92,6,0,6,0.0,,-0.45037,-5.76236,-6.21273,True,False,36,S65,True,24,1.1737,delivery,,,,,,,,,,,,,,,,,,,,,,,,,,,,,,,,,,,,,,,,,,,,,,,,,,,,,,,,,,,
47,21,6,35,S66,False,6,0,6,6,0,1,0,0,0,"['B637', 'B600', 'B1', 'B49', 'B131', 'B471']",9.0,S45,4.34,0,0,0,0.0,,-0.32568,-5.744235,-6.069916,True,True,48,S45,False,40,1.3246,delivery+onsite,,,,,,,,,,,,,,,,,,,,,,,,,,,,,,,,,,,,,,,,,,,,,,,,,,,,,,,,,,,
47,21,6,48,S45,False,0,0,0,0,10,0,0,0,0,"['B226', 'B612', 'B24', 'B84', 'B157', 'B556', 'B666', 'B318', 'B488', 'B324']",8.0,S51,4.13,10,0,10,0.0,,-0.266958,-5.724908,-5.991866,False,False,18,S63,True,7,0.5744,pickup,,,,,,,,,,,,,,,,,,,,,,,,,,,,,,,,,,,,,,,,,,,,,,,,,,,,,,,,,,,
47,21,7,0,S51,False,10,0,10,10,0,0,0,0,0,"['B226', 'B612', 'B24', 'B84', 'B157', 'B556', 'B666', 'B318', 'B488', 'B324']",8.0,S63,3.43,0,0,0,0.0,,-0.248128,-5.713907,-5.962035,False,False,12,S63,False,6,0.5125,delivery,,,,,,,,,,,,,,,,,,,,,,,,,,,,,,,,,,,,,,,,,,,,,,,,,,,,,,,,,,,
47,21,7,12,S63,False,0,0,0,0,18,0,0,0,0,"['B83', 'B615', 'B159', 'B743', 'B362', 'B519', 'B19', 'B395', 'B507', 'B570', 'B46', 'B89', 'B461', 'B651', 'B717', 'B655', 'B243', 'B399']",12.0,S65,7.4,18,0,18,0.0,,-0.10008,-5.697912,-5.797992,False,False,18,S16,True,13,0.8504,pickup,,,,,,,,,,,,,,,,,,,,,,,,,,,,,,,,,,,,,,,,,,,,,,,,,,,,,,,,,,,
47,21,7,31,S65,False,18,0,18,14,0,0,1,0,0,"['B85', 'B83', 'B615', 'B159', 'B743', 'B362', 'B519', 'B19', 'B395', 'B507', 'B570', 'B46', 'B89', 'B461', 'B651']",10.5,S61,4.19,4,1,5,0.0,,-0.177423,-5.717812,-5.895235,True,True,36,S61,False,33,1.866,delivery+depot_removal,,,,,,,,,,,,,,,,,,,,,,,,,,,,,,,,,,,,,,,,,,,,,,,,,,,,,,,,,,,
47,21,7,46,S61,False,4,1,5,4,0,0,0,0,0,"['B717', 'B655', 'B243', 'B399']",5.0,S54,4.83,0,1,1,0.0,,-0.124333,-5.699678,-5.824011,True,False,48,S33,True,28,2.0986,delivery,,,,,,,,,,,,,,,,,,,,,,,,,,,,,,,,,,,,,,,,,,,,,,,,,,,,,,,,,,,
47,21,7,56,S54,False,0,1,1,0,14,0,1,0,0,"['B617', 'B559', 'B673', 'B151', 'B104', 'B710', 'B506', 'B738', 'B170', 'B282', 'B679', 'B122', 'B376', 'B726', 'B599']",10.5,S22,9.78,14,2,16,0.0,,-0.053208,-5.717788,-5.770996,True,True,36,S33,True,22,1.9044,pickup+depot_removal,,,,,,,,,,,,,,,,,,,,,,,,,,,,,,,,,,,,,,,,,,,,,,,,,,,,,,,,,,,
47,21,8,16,S22,False,14,2,16,14,0,0,0,0,0,"['B617', 'B559', 'B673', 'B151', 'B104', 'B710', 'B506', 'B738', 'B170', 'B282', 'B679', 'B122', 'B376', 'B726']",10.0,S57,12.19,0,2,2,0.0,,-0.088441,-5.680477,-5.768918,False,False,18,S57,True,13,0.837,delivery,,,,,,,,,,,,,,,,,,,,,,,,,,,,,,,,,,,,,,,,,,,,,,,,,,,,,,,,,,,
47,21,8,38,S57,False,0,2,2,0,15,0,0,0,0,"['B562', 'B152', 'B467', 'B652', 'B44', 'B418', 'B610', 'B696', 'B51', 'B156', 'B297', 'B683', 'B62', 'B594', 'B221']",10.5,S51,7.68,15,2,17,0.0,,-0.094328,-5.713207,-5.807535,False,False,18,S26,True,9,0.5578,pickup,,,,,,,,,,,,,,,,,,,,,,,,,,,,,,,,,,,,,,,,,,,,,,,,,,,,,,,,,,,
47,21,8,56,S51,False,15,2,17,12,0,0,0,0,0,"['B562', 'B152', 'B467', 'B652', 'B44', 'B418', 'B610', 'B696', 'B51', 'B156', 'B297', 'B683']",9.0,S26,11.22,3,2,5,0.0,,-0.094642,-5.722264,-5.816906,False,False,18,S26,False,10,0.853,delivery,,,,,,,,,,,,,,,,,,,,,,,,,,,,,,,,,,,,,,,,,,,,,,,,,,,,,,,,,,,
47,21,9,17,S26,False,3,2,5,3,0,0,0,0,0,"['B62', 'B594', 'B221']",4.5,S37,7.79,0,2,2,0.0,,-0.15949,-5.734255,-5.893746,False,False,12,S33,True,6,0.6316,delivery,,,,,,,,,,,,,,,,,,,,,,,,,,,,,,,,,,,,,,,,,,,,,,,,,,,,,,,,,,,
47,21,9,29,S37,False,0,2,2,0,18,0,0,0,0,"['B80', 'B247', 'B33', 'B566', 'B413', 'B705', 'B326', 'B703', 'B750', 'B619', 'B514', 'B585', 'B630', 'B54', 'B396', 'B230', 'B203', 'B119']",12.0,S29,6.23,18,2,20,0.0,,-0.153769,-5.752725,-5.906494,True,False,24,S26,True,14,1.2489,pickup,,,,,,,,,,,,,,,,,,,,,,,,,,,,,,,,,,,,,,,,,,,,,,,,,,,,,,,,,,,
47,21,9,47,S29,False,18,2,20,18,0,0,0,0,0,"['B80', 'B247', 'B33', 'B566', 'B413', 'B705', 'B326', 'B703', 'B750', 'B619', 'B514', 'B585', 'B630', 'B54', 'B396', 'B230', 'B203', 'B119']",12.0,S44,5.3,0,2,2,0.0,,-0.112544,-5.719036,-5.83158,False,False,12,S8,True,7,0.498,delivery,,,,,,,,,,,,,,,,,,,,,,,,,,,,,,,,,,,,,,,,,,,,,,,,,,,,,,,,,,,
47,21,10,4,S44,False,0,2,2,0,8,0,0,0,0,"['B635', 'B351', 'B742', 'B74', 'B140', 'B472', 'B161', 'B616']",7.0,S4,1.93,8,2,10,0.0,,-0.118085,-5.742615,-5.8607,False,False,18,S62,True,9,0.6755,pickup,,,,,,,,,,,,,,,,,,,,,,,,,,,,,,,,,,,,,,,,,,,,,,,,,,,,,,,,,,,
47,21,10,13,S4,False,8,2,10,8,0,0,3,0,0,"['B613', 'B195', 'B528', 'B635', 'B351', 'B742', 'B74', 'B140', 'B472', 'B161', 'B616']",8.5,S62,2.49,0,5,5,0.0,,-0.105803,-5.754738,-5.860541,True,True,48,S62,True,43,1.8766,delivery+depot_removal,,,,,,,,,,,,,,,,,,,,,,,,,,,,,,,,,,,,,,,,,,,,,,,,,,,,,,,,,,,
47,21,10,24,S62,False,0,5,5,0,13,0,0,0,0,"['B693', 'B339', 'B371', 'B411', 'B72', 'B379', 'B408', 'B445', 'B301', 'B288', 'B207', 'B234', 'B751']",9.5,S26,5.52,13,5,18,0.0,,-0.064668,-5.755145,-5.819813,True,False,30,S63,True,20,1.2968,pickup,,,,,,,,,,,,,,,,,,,,,,,,,,,,,,,,,,,,,,,,,,,,,,,,,,,,,,,,,,,
47,21,10,39,S26,False,13,5,18,13,0,0,0,0,0,"['B693', 'B339', 'B371', 'B411', 'B72', 'B379', 'B408', 'B445', 'B301', 'B288', 'B207', 'B234', 'B751']",9.5,S63,7.98,0,5,5,0.0,,-0.118012,-5.773649,-5.891661,False,False,12,S33,True,6,0.5262,delivery,,,,,,,,,,,,,,,,,,,,,,,,,,,,,,,,,,,,,,,,,,,,,,,,,,,,,,,,,,,
47,21,10,57,S63,False,0,5,5,0,15,0,0,0,0,"['B438', 'B322', 'B478', 'B398', 'B345', 'B470', 'B515', 'B236', 'B49', 'B698', 'B521', 'B430', 'B56', 'B111', 'B503']",10.5,S9,6.89,15,5,20,0.0,,-0.10661,-5.776242,-5.882852,False,False,12,S29,True,7,0.6008,pickup,,,,,,,,,,,,,,,,,,,,,,,,,,,,,,,,,,,,,,,,,,,,,,,,,,,,,,,,,,,
47,21,11,14,S9,False,15,5,20,0,0,3,0,0,0,[],12.0,S12,1.46,15,5,20,0.0,,-0.176596,-5.801564,-5.97816,True,True,72,S12,True,18,2.9799,do_nothing+onsite,,,,,,,,,,,,,,,,,,,,,,,,,,,,,,,,,,,,,,,,,,,,,,,,,,,,,,,,,,,
47,21,11,28,S12,False,15,5,20,15,0,0,0,0,0,"['B438', 'B322', 'B478', 'B398', 'B345', 'B470', 'B515', 'B236', 'B49', 'B698', 'B521', 'B430', 'B56', 'B111', 'B503']",10.5,S51,2.02,0,5,5,0.0,,-0.147565,-5.804115,-5.95168,True,False,30,S29,True,20,0.9522,delivery,,,,,,,,,,,,,,,,,,,,,,,,,,,,,,,,,,,,,,,,,,,,,,,,,,,,,,,,,,,
47,21,11,40,S51,False,0,5,5,0,13,0,0,0,0,"['B297', 'B683', 'B450', 'B255', 'B723', 'B328', 'B220', 'B507', 'B513', 'B311', 'B497', 'B417', 'B707']",9.5,S50,8.8,13,5,18,0.0,,-0.195023,-5.829886,-6.024909,False,False,18,S41,True,7,0.8393,pickup,,,,,,,,,,,,,,,,,,,,,,,,,,,,,,,,,,,,,,,,,,,,,,,,,,,,,,,,,,,
47,21,11,58,S50,False,13,5,18,0,0,0,0,0,0,[],3.0,S35,1.61,13,5,18,0.0,,-0.271676,-5.836671,-6.108347,False,False,12,S35,False,2,0.6344,do_nothing,,,,,,,,,,,,,,,,,,,,,,,,,,,,,,,,,,,,,,,,,,,,,,,,,,,,,,,,,,,
47,21,12,3,S35,False,13,5,18,13,0,0,1,0,0,"['B645', 'B297', 'B683', 'B450', 'B255', 'B723', 'B328', 'B220', 'B507', 'B513', 'B311', 'B497', 'B417', 'B707']",10.0,S16,6.87,0,6,6,0.0,,-0.235513,-5.799378,-6.034891,True,True,36,S42,True,32,1.4625,delivery+depot_removal,,,,,,,,,,,,,,,,,,,,,,,,,,,,,,,,,,,,,,,,,,,,,,,,,,,,,,,,,,,
47,21,12,20,S16,False,0,6,6,0,9,0,1,0,0,"['B571', 'B302', 'B598', 'B560', 'B533', 'B404', 'B607', 'B261', 'B23', 'B163']",8.0,S21,11.5,9,7,16,0.0,,-0.252966,-5.78902,-6.041986,True,True,54,S59,True,46,1.6839,pickup+depot_removal,,,,,,,,,,,,,,,,,,,,,,,,,,,,,,,,,,,,,,,,,,,,,,,,,,,,,,,,,,,
47,21,12,39,S21,False,9,7,16,0,0,0,0,0,0,[],3.0,S29,6.52,9,7,16,0.0,,-0.22425,-5.821905,-6.046155,True,False,36,S10,True,0,1.0586,do_nothing,,,,,,,,,,,,,,,,,,,,,,,,,,,,,,,,,,,,,,,,,,,,,,,,,,,,,,,,,,,
47,21,12,49,S29,False,9,7,16,9,0,0,0,0,0,"['B571', 'B302', 'B598', 'B560', 'B533', 'B404', 'B607', 'B261', 'B23']",7.5,S41,7.7,0,7,7,0.0,,-0.318948,-5.813202,-6.13215,False,False,12,S10,True,6,0.3343,delivery,,,,,,,,,,,,,,,,,,,,,,,,,,,,,,,,,,,,,,,,,,,,,,,,,,,,,,,,,,,
47,21,13,4,S41,False,0,7,7,0,13,0,0,0,0,"['B744', 'B194', 'B543', 'B196', 'B567', 'B283', 'B627', 'B401', 'B440', 'B591', 'B486', 'B89', 'B58']",9.5,S50,8.63,13,7,20,0.0,,-0.201152,-5.796902,-5.998053,False,False,12,S15,True,7,0.4571,pickup,,,,,,,,,,,,,,,,,,,,,,,,,,,,,,,,,,,,,,,,,,,,,,,,,,,,,,,,,,,
47,21,13,22,S50,False,13,7,20,13,0,0,0,0,0,"['B744', 'B194', 'B543', 'B196', 'B567', 'B283', 'B627', 'B401', 'B440', 'B591', 'B486', 'B89', 'B58']",9.5,S60,8.32,0,7,7,0.0,,-0.301362,-5.779484,-6.080847,False,False,12,S10,True,7,0.4269,delivery,,,,,,,,,,,,,,,,,,,,,,,,,,,,,,,,,,,,,,,,,,,,,,,,,,,,,,,,,,,
47,21,13,40,S60,False,0,7,7,0,13,0,0,0,0,"['B362', 'B684', 'B19', 'B519', 'B588', 'B673', 'B151', 'B95', 'B134', 'B481', 'B569', 'B705', 'B51']",9.5,S29,7.31,13,7,20,0.0,,-0.353867,-5.762479,-6.116346,True,False,24,S15,True,19,0.8698,pickup,,,,,,,,,,,,,,,,,,,,,,,,,,,,,,,,,,,,,,,,,,,,,,,,,,,,,,,,,,,
47,21,13,57,S29,False,13,7,20,0,0,0,0,0,0,[],3.0,S42,3.12,13,7,20,0.0,,-0.650033,-5.793417,-6.443451,False,False,12,S42,False,3,0.5533,do_nothing,,,,,,,,,,,,,,,,,,,,,,,,,,,,,,,,,,,,,,,,,,,,,,,,,,,,,,,,,,,
47,21,14,3,S42,False,13,7,20,13,0,1,0,0,0,"['B362', 'B684', 'B19', 'B519', 'B588', 'B673', 'B151', 'B95', 'B134', 'B481', 'B569', 'B705', 'B51']",12.5,S12,10.97,0,7,7,0.0,,-0.478335,-5.763762,-6.242097,True,True,60,S57,True,36,2.612,delivery+onsite,,,,,,,,,,,,,,,,,,,,,,,,,,,,,,,,,,,,,,,,,,,,,,,,,,,,,,,,,,,
47,21,14,26,S12,False,0,7,7,0,13,0,0,0,0,"['B478', 'B398', 'B345', 'B470', 'B515', 'B236', 'B49', 'B698', 'B521', 'B430', 'B56', 'B111', 'B503']",9.5,S29,9.35,13,7,20,0.0,,-0.414129,-5.755084,-6.169213,True,False,18,S54,True,14,0.5882,pickup,,,,,,,,,,,,,,,,,,,,,,,,,,,,,,,,,,,,,,,,,,,,,,,,,,,,,,,,,,,
47,21,14,45,S29,False,13,7,20,13,0,0,0,0,0,"['B478', 'B398', 'B345', 'B470', 'B515', 'B236', 'B49', 'B698', 'B521', 'B430', 'B56', 'B111', 'B503']",9.5,S66,6.29,0,7,7,0.0,,-0.395858,-5.804671,-6.200529,False,False,12,S42,True,7,0.516,delivery,,,,,,,,,,,,,,,,,,,,,,,,,,,,,,,,,,,,,,,,,,,,,,,,,,,,,,,,,,,
47,21,15,1,S66,False,0,7,7,0,13,0,0,0,0,"['B72', 'B245', 'B609', 'B650', 'B23', 'B103', 'B138', 'B669', 'B135', 'B24', 'B489', 'B424', 'B261']",9.5,S4,2.35,13,7,20,0.0,,-0.360323,-5.823864,-6.184187,True,False,18,S39,True,16,0.7717,pickup,,,,,,,,,,,,,,,,,,,,,,,,,,,,,,,,,,,,,,,,,,,,,,,,,,,,,,,,,,,
47,21,15,13,S4,False,13,7,20,8,0,0,0,0,0,"['B72', 'B245', 'B609', 'B650', 'B23', 'B103', 'B138', 'B669']",7.0,S39,3.3,5,7,12,0.0,,-0.414975,-5.82357,-6.238545,False,False,18,S58,True,6,0.5511,delivery,,,,,,,,,,,,,,,,,,,,,,,,,,,,,,,,,,,,,,,,,,,,,,,,,,,,,,,,,,,
47,21,15,23,S39,False,5,7,12,5,0,1,1,0,0,"['B206', 'B135', 'B24', 'B489', 'B424', 'B261']",9.0,S51,7.16,0,8,8,0.0,,-0.414404,-5.792804,-6.207208,True,True,48,S51,True,44,1.1995,delivery+maintenance,,,,,,,,,,,,,,,,,,,,,,,,,,,,,,,,,,,,,,,,,,,,,,,,,,,,,,,,,,,
47,21,15,39,S51,False,0,8,8,0,12,0,0,0,0,"['B116', 'B583', 'B143', 'B434', 'B375', 'B202', 'B279', 'B69', 'B15', 'B449', 'B621', 'B314']",9.0,S26,11.22,12,8,20,0.0,,-0.326083,-5.849012,-6.175096,False,False,12,S12,True,6,0.4832,pickup,,,,,,,,,,,,,,,,,,,,,,,,,,,,,,,,,,,,,,,,,,,,,,,,,,,,,,,,,,,
47,21,16,0,S26,False,12,8,20,12,0,0,0,0,0,"['B116', 'B583', 'B143', 'B434', 'B375', 'B202', 'B279', 'B69', 'B15', 'B449', 'B621', 'B314']",9.0,S12,13.22,0,8,8,0.0,,-0.283751,-5.751752,-6.035503,False,False,12,S42,True,7,0.5696,delivery,,,,,,,,,,,,,,,,,,,,,,,,,,,,,,,,,,,,,,,,,,,,,,,,,,,,,,,,,,,
47,21,16,22,S12,False,0,8,8,0,12,0,0,0,0,"['B641', 'B68', 'B562', 'B573', 'B488', 'B139', 'B433', 'B232', 'B109', 'B17', 'B459', 'B199']",9.0,S15,10.6,12,8,20,0.0,,-0.278014,-5.755539,-6.033553,True,False,18,S9,True,12,0.7163,pickup,,,,,,,,,,,,,,,,,,,,,,,,,,,,,,,,,,,,,,,,,,,,,,,,,,,,,,,,,,,
47,21,16,41,S15,False,12,8,20,12,0,0,0,0,0,"['B641', 'B68', 'B562', 'B573', 'B488', 'B139', 'B433', 'B232', 'B109', 'B17', 'B459', 'B199']",9.0,S31,3.53,0,8,8,0.0,,-0.219712,-5.724831,-5.944543,False,False,12,S42,True,6,0.5644,delivery,,,,,,,,,,,,,,,,,,,,,,,,,,,,,,,,,,,,,,,,,,,,,,,,,,,,,,,,,,,
47,21,16,54,S31,False,0,8,8,0,12,0,0,0,0,"['B323', 'B560', 'B162', 'B73', 'B225', 'B120', 'B192', 'B48', 'B344', 'B211', 'B286', 'B65']",9.0,S52,2.99,12,8,20,0.0,,-0.290521,-5.777329,-6.06785,True,False,18,S18,True,13,0.7214,pickup,,,,,,,,,,,,,,,,,,,,,,,,,,,,,,,,,,,,,,,,,,,,,,,,,,,,,,,,,,,
47,21,17,6,S52,False,12,8,20,0,0,1,0,0,0,[],6.0,S27,3.68,12,8,20,0.0,,-0.17152,-5.727656,-5.899176,True,True,72,S38,True,6,3.0391,do_nothing+onsite,,,,,,,,,,,,,,,,,,,,,,,,,,,,,,,,,,,,,,,,,,,,,,,,,,,,,,,,,,,
47,21,17,16,S27,False,12,8,20,12,0,0,0,0,0,"['B323', 'B560', 'B162', 'B73', 'B225', 'B120', 'B192', 'B48', 'B344', 'B211', 'B286', 'B65']",9.0,S7,7.39,0,8,8,0.0,,-0.283658,-5.704225,-5.987882,True,False,18,S35,True,10,0.6602,delivery,,,,,,,,,,,,,,,,,,,,,,,,,,,,,,,,,,,,,,,,,,,,,,,,,,,,,,,,,,,
47,21,17,32,S7,False,0,8,8,0,12,1,0,0,0,"['B570', 'B736', 'B764', 'B366', 'B532', 'B217', 'B274', 'B154', 'B419', 'B259', 'B665', 'B691']",12.0,S38,8.64,12,8,20,0.0,,-0.260229,-5.717749,-5.977978,True,True,60,S48,True,34,2.0358,pickup+onsite,,,,,,,,,,,,,,,,,,,,,,,,,,,,,,,,,,,,,,,,,,,,,,,,,,,,,,,,,,,
47,21,17,53,S38,False,12,8,20,10,0,0,0,0,0,"['B570', 'B736', 'B764', 'B366', 'B532', 'B217', 'B274', 'B154', 'B419', 'B259']",8.0,S48,6.3,2,8,10,0.0,,-0.236668,-5.686953,-5.923622,False,False,18,S11,True,10,0.8162,delivery,,,,,,,,,,,,,,,,,,,,,,,,,,,,,,,,,,,,,,,,,,,,,,,,,,,,,,,,,,,
47,21,18,7,S48,False,2,8,10,0,10,0,0,0,0,"['B170', 'B160', 'B464', 'B443', 'B334', 'B338', 'B675', 'B335', 'B80', 'B265']",8.0,S54,6.34,12,8,20,0.0,,-0.242751,-5.686135,-5.928886,True,False,30,S10,True,12,1.0885,pickup,,,,,,,,,,,,,,,,,,,,,,,,,,,,,,,,,,,,,,,,,,,,,,,,,,,,,,,,,,,
47,21,18,21,S54,False,12,8,20,12,0,0,0,0,0,"['B665', 'B691', 'B170', 'B160', 'B464', 'B443', 'B334', 'B338', 'B675', 'B335', 'B80', 'B265']",9.0,S65,8.42,0,8,8,0.0,,-0.082839,-5.644334,-5.727173,False,False,12,S65,False,6,0.4633,delivery,,,,,,,,,,,,,,,,,,,,,,,,,,,,,,,,,,,,,,,,,,,,,,,,,,,,,,,,,,,
47,21,18,39,S65,False,0,8,8,0,12,0,0,0,0,"['B623', 'B606', 'B480', 'B74', 'B565', 'B282', 'B395', 'B306', 'B137', 'B533', 'B558', 'B575']",9.0,S24,5.83,12,8,20,0.0,,-0.148062,-5.629533,-5.777595,False,False,12,S61,True,7,0.5788,pickup,,,,,,,,,,,,,,,,,,,,,,,,,,,,,,,,,,,,,,,,,,,,,,,,,,,,,,,,,,,
47,21,18,54,S24,False,12,8,20,11,0,0,0,0,0,"['B623', 'B606', 'B480', 'B74', 'B565', 'B282', 'B395', 'B306', 'B137', 'B533', 'B558']",8.5,S18,8.61,1,8,9,0.0,,-0.177481,-5.624744,-5.802225,False,False,18,S42,True,9,0.6933,delivery,,,,,,,,,,,,,,,,,,,,,,,,,,,,,,,,,,,,,,,,,,,,,,,,,,,,,,,,,,,
47,21,19,11,S18,False,1,8,9,0,11,0,0,0,0,"['B254', 'B663', 'B329', 'B477', 'B728', 'B209', 'B10', 'B243', 'B474', 'B381', 'B194']",8.5,S54,5.81,12,8,20,0.0,,-0.16024,-5.622784,-5.783024,True,False,30,S42,True,26,0.8502,pickup,,,,,,,,,,,,,,,,,,,,,,,,,,,,,,,,,,,,,,,,,,,,,,,,,,,,,,,,,,,
47,21,19,25,S54,False,12,8,20,12,0,0,0,0,0,"['B575', 'B254', 'B663', 'B329', 'B477', 'B728', 'B209', 'B10', 'B243', 'B474', 'B381', 'B194']",9.0,S65,8.42,0,8,8,0.0,,-0.254555,-5.628478,-5.883032,False,False,12,S42,True,9,0.4035,delivery,,,,,,,,,,,,,,,,,,,,,,,,,,,,,,,,,,,,,,,,,,,,,,,,,,,,,,,,,,,
47,21,19,42,S65,False,0,8,8,0,12,0,0,0,0,"['B446', 'B130', 'B596', 'B45', 'B721', 'B759', 'B424', 'B555', 'B261', 'B714', 'B505', 'B572']",9.0,D0,3.15,12,8,20,0.0,,-0.243171,-5.650725,-5.893897,False,False,2,D0,False,1,0.0533,pickup,,,,,,,,,,,,,,,,,,,,,,,,,,,,,,,,,,,,,,,,,,,,,,,,,,,,,,,,,,,
47,21,19,55,D0,True,12,8,20,8,0,0,0,8,8,"['B315', 'B113', 'B640', 'B317', 'B260', 'B674', 'B125', 'B257', 'B85', 'B599', 'B613', 'B195', 'B528', 'B645', 'B163', 'B206']",15.0,D0,0.0,12,0,12,0.0,,-0.242403,-5.661296,-5.903699,True,True,1,D0,False,0,0.0305,do_nothing,,,,,,,,,,,,,,,,,,,,,,,,,,,,,,,,,,,,,,,,,,,,,,,,,,,,,,,,,,,
47,22,6,1,D0,True,20,0,20,0,0,0,0,0,0,[],3.0,S15,1.31,20,0,20,0.0,,-0.353612,-5.717453,-6.071065,True,True,5,S15,False,2,0.3094,depot_passthrough,,,,,,,,,,,,,,,,,,,,,,,,,,,,,,,,,,,,,,,,,,,,,,,,,,,,,,,,,,,
47,22,6,20,S15,False,20,0,20,16,0,0,0,0,0,"['B446', 'B130', 'B596', 'B45', 'B721', 'B759', 'B424', 'B555', 'B261', 'B714', 'B505', 'B572', 'B315', 'B113', 'B640', 'B317']",11.0,S54,3.9,4,0,4,0.0,,-0.361645,-5.737566,-6.099211,False,False,18,S66,True,7,0.7274,delivery,,,,,,,,,,,,,,,,,,,,,,,,,,,,,,,,,,,,,,,,,,,,,,,,,,,,,,,,,,,
47,22,6,35,S54,False,4,0,4,0,12,0,0,0,0,"['B717', 'B110', 'B490', 'B666', 'B183', 'B479', 'B225', 'B383', 'B631', 'B20', 'B423', 'B431']",9.0,S40,2.17,16,0,16,0.0,,-0.307566,-5.76228,-6.069846,False,False,18,S40,False,12,0.9392,pickup,,,,,,,,,,,,,,,,,,,,,,,,,,,,,,,,,,,,,,,,,,,,,,,,,,,,,,,,,,,
47,22,6,46,S40,False,16,0,16,14,0,0,2,0,0,"['B94', 'B713', 'B260', 'B674', 'B125', 'B257', 'B717', 'B110', 'B490', 'B666', 'B183', 'B479', 'B225', 'B383', 'B631', 'B20']",11.0,S63,2.93,2,2,4,0.0,,-0.266777,-5.762323,-6.0291,True,True,162,S38,True,120,7.8578,delivery+depot_removal,,,,,,,,,,,,,,,,,,,,,,,,,,,,,,,,,,,,,,,,,,,,,,,,,,,,,,,,,,,
47,22,7,0,S63,False,2,2,4,0,16,0,0,0,0,"['B23', 'B411', 'B641', 'B630', 'B562', 'B585', 'B265', 'B340', 'B396', 'B662', 'B334', 'B707', 'B740', 'B19', 'B142', 'B223']",11.0,S65,7.4,18,2,20,0.0,,-0.254479,-5.735308,-5.989786,False,False,12,S19,True,9,0.7069,pickup,,,,,,,,,,,,,,,,,,,,,,,,,,,,,,,,,,,,,,,,,,,,,,,,,,,,,,,,,,,
47,22,7,18,S65,False,18,2,20,16,0,0,0,0,0,"['B423', 'B431', 'B23', 'B411', 'B641', 'B630', 'B562', 'B585', 'B265', 'B340', 'B396', 'B662', 'B334', 'B707', 'B740', 'B19']",11.0,S37,5.89,2,2,4,0.0,,-0.200535,-5.72088,-5.921416,False,False,18,S61,True,6,0.7788,delivery,,,,,,,,,,,,,,,,,,,,,,,,,,,,,,,,,,,,,,,,,,,,,,,,,,,,,,,,,,,
47,22,7,35,S37,False,2,2,4,0,16,1,0,0,0,"['B117', 'B412', 'B119', 'B438', 'B622', 'B436', 'B18', 'B233', 'B591', 'B67', 'B705', 'B574', 'B139', 'B433', 'B560', 'B162']",14.0,S61,2.04,18,2,20,0.0,,-0.124499,-5.717354,-5.841853,True,True,60,S61,True,54,2.5,pickup+onsite,,,,,,,,,,,,,,,,,,,,,,,,,,,,,,,,,,,,,,,,,,,,,,,,,,,,,,,,,,,
47,22,7,51,S61,False,18,2,20,9,0,0,3,0,0,"['B709', 'B249', 'B346', 'B142', 'B223', 'B117', 'B412', 'B119', 'B438', 'B622', 'B436', 'B18']",9.0,S66,1.13,9,5,14,0.0,,-0.206243,-5.755971,-5.962215,True,True,54,S18,True,24,2.2638,delivery+depot_removal,,,,,,,,,,,,,,,,,,,,,,,,,,,,,,,,,,,,,,,,,,,,,,,,,,,,,,,,,,,
47,22,8,1,S66,False,9,5,14,9,0,0,1,0,0,"['B100', 'B233', 'B591', 'B67', 'B705', 'B574', 'B139', 'B433', 'B560', 'B162']",8.0,S54,5.58,0,6,6,0.0,,-0.082705,-5.73816,-5.820864,True,True,24,S54,True,18,0.8652,delivery+depot_removal,,,,,,,,,,,,,,,,,,,,,,,,,,,,,,,,,,,,,,,,,,,,,,,,,,,,,,,,,,,
47,22,8,15,S54,False,0,6,6,0,14,0,0,0,0,"['B545', 'B597', 'B531', 'B245', 'B717', 'B230', 'B127', 'B625', 'B125', 'B736', 'B698', 'B711', 'B8', 'B685']",10.0,S19,6.83,14,6,20,0.0,,-0.047231,-5.717374,-5.764605,False,False,12,S44,True,7,0.5428,pickup,,,,,,,,,,,,,,,,,,,,,,,,,,,,,,,,,,,,,,,,,,,,,,,,,,,,,,,,,,,
47,22,8,32,S19,False,14,6,20,11,0,0,0,0,0,"['B545', 'B597', 'B531', 'B245', 'B717', 'B230', 'B127', 'B625', 'B125', 'B736', 'B698']",8.5,S26,12.13,3,6,9,0.0,,-0.076696,-5.700026,-5.776722,True,False,24,S26,False,8,1.0497,delivery,,,,,,,,,,,,,,,,,,,,,,,,,,,,,,,,,,,,,,,,,,,,,,,,,,,,,,,,,,,
47,22,8,52,S26,False,3,6,9,3,0,0,0,0,0,"['B711', 'B8', 'B685']",4.5,S44,7.72,0,6,6,0.0,,-0.135552,-5.725677,-5.861229,False,False,12,S44,False,10,0.6666,delivery,,,,,,,,,,,,,,,,,,,,,,,,,,,,,,,,,,,,,,,,,,,,,,,,,,,,,,,,,,,
47,22,9,5,S44,False,0,6,6,0,11,1,1,0,0,"['B22', 'B726', 'B101', 'B663', 'B218', 'B731', 'B753', 'B682', 'B114', 'B303', 'B326', 'B141']",12.0,S51,3.83,11,7,18,0.0,,-0.129874,-5.743036,-5.872911,True,True,72,S52,True,43,2.8313,pickup+maintenance,,,,,,,,,,,,,,,,,,,,,,,,,,,,,,,,,,,,,,,,,,,,,,,,,,,,,,,,,,,
47,22,9,20,S51,False,11,7,18,9,0,0,0,0,0,"['B22', 'B726', 'B101', 'B663', 'B218', 'B731', 'B753', 'B682', 'B114']",7.5,S38,5.47,2,7,9,0.0,,-0.070795,-5.716041,-5.786836,False,False,18,S43,True,9,0.8639,delivery,,,,,,,,,,,,,,,,,,,,,,,,,,,,,,,,,,,,,,,,,,,,,,,,,,,,,,,,,,,
47,22,9,33,S38,False,2,7,9,0,11,0,0,0,0,"['B274', 'B154', 'B419', 'B259', 'B102', 'B50', 'B254', 'B491', 'B131', 'B426', 'B461']",8.5,S17,10.94,13,7,20,0.0,,-0.052908,-5.704305,-5.757213,False,False,18,S17,True,9,0.8482,pickup,,,,,,,,,,,,,,,,,,,,,,,,,,,,,,,,,,,,,,,,,,,,,,,,,,,,,,,,,,,
47,22,9,53,S17,False,13,7,20,13,0,0,0,0,0,"['B303', 'B326', 'B274', 'B154', 'B419', 'B259', 'B102', 'B50', 'B254', 'B491', 'B131', 'B426', 'B461']",9.5,S52,8.97,0,7,7,0.0,,-0.105968,-5.74994,-5.855907,False,False,18,S35,True,13,0.9034,delivery,,,,,,,,,,,,,,,,,,,,,,,,,,,,,,,,,,,,,,,,,,,,,,,,,,,,,,,,,,,
47,22,10,11,S52,False,0,7,7,0,8,0,0,0,0,"['B129', 'B157', 'B514', 'B429', 'B373', 'B494', 'B69', 'B592']",7.0,S13,11.5,8,7,15,0.0,,-0.106386,-5.732192,-5.838578,True,False,108,S16,True,39,3.9589,pickup,,,,,,,,,,,,,,,,,,,,,,,,,,,,,,,,,,,,,,,,,,,,,,,,,,,,,,,,,,,
47,22,10,30,S13,False,8,7,15,8,0,0,0,0,0,"['B129', 'B157', 'B514', 'B429', 'B373', 'B494', 'B69', 'B592']",7.0,S20,3.9,0,7,7,0.0,,-0.21342,-5.732732,-5.946153,True,False,36,S20,False,22,1.2809,delivery,,,,,,,,,,,,,,,,,,,,,,,,,,,,,,,,,,,,,,,,,,,,,,,,,,,,,,,,,,,
47,22,10,41,S20,False,0,7,7,0,11,0,0,0,0,"['B748', 'B689', 'B611', 'B734', 'B686', 'B128', 'B5', 'B341', 'B96', 'B320', 'B677']",8.5,S34,9.7,11,7,18,0.0,,-0.200956,-5.76138,-5.962336,False,False,18,S55,True,7,0.7621,pickup,,,,,,,,,,,,,,,,,,,,,,,,,,,,,,,,,,,,,,,,,,,,,,,,,,,,,,,,,,,
47,22,10,59,S34,False,11,7,18,11,0,0,0,0,0,"['B748', 'B689', 'B611', 'B734', 'B686', 'B128', 'B5', 'B341', 'B96', 'B320', 'B677']",8.5,S16,5.13,0,7,7,0.0,,-0.15952,-5.757029,-5.916549,False,False,12,S16,False,8,0.4375,delivery,,,,,,,,,,,,,,,,,,,,,,,,,,,,,,,,,,,,,,,,,,,,,,,,,,,,,,,,,,,
47,22,11,13,S16,False,0,7,7,0,7,0,0,0,0,"['B475', 'B160', 'B231', 'B156', 'B21', 'B273', 'B757']",6.5,S62,2.41,7,7,14,0.0,,-0.195503,-5.757943,-5.953446,True,False,36,S33,True,13,1.6,pickup,,,,,,,,,,,,,,,,,,,,,,,,,,,,,,,,,,,,,,,,,,,,,,,,,,,,,,,,,,,
47,22,11,21,S62,False,7,7,14,7,0,1,0,0,0,"['B475', 'B160', 'B231', 'B156', 'B21', 'B273', 'B757']",9.5,S39,5.74,0,7,7,0.0,,-0.236562,-5.750039,-5.986601,True,True,48,S1,True,39,2.1344,delivery+onsite,,,,,,,,,,,,,,,,,,,,,,,,,,,,,,,,,,,,,,,,,,,,,,,,,,,,,,,,,,,
47,22,11,37,S39,False,0,7,7,0,13,0,0,0,0,"['B675', 'B250', 'B38', 'B34', 'B488', 'B518', 'B91', 'B93', 'B275', 'B25', 'B205', 'B170', 'B443']",9.5,S57,11.04,13,7,20,0.0,,-0.206962,-5.759028,-5.96599,False,False,12,S57,False,6,0.6522,pickup,,,,,,,,,,,,,,,,,,,,,,,,,,,,,,,,,,,,,,,,,,,,,,,,,,,,,,,,,,,
47,22,11,57,S57,False,13,7,20,13,0,0,0,0,0,"['B675', 'B250', 'B38', 'B34', 'B488', 'B518', 'B91', 'B93', 'B275', 'B25', 'B205', 'B170', 'B443']",9.5,S33,5.72,0,7,7,0.0,,-0.195129,-5.725858,-5.920987,False,False,12,S8,True,7,0.6746,delivery,,,,,,,,,,,,,,,,,,,,,,,,,,,,,,,,,,,,,,,,,,,,,,,,,,,,,,,,,,,
47,22,12,12,S33,False,0,7,7,0,13,0,0,0,0,"['B256', 'B367', 'B669', 'B277', 'B501', 'B752', 'B289', 'B578', 'B699', 'B244', 'B511', 'B564', 'B398']",9.5,S55,3.28,13,7,20,0.0,,-0.064772,-5.760445,-5.825217,True,False,54,S29,True,27,2.5635,pickup,,,,,,,,,,,,,,,,,,,,,,,,,,,,,,,,,,,,,,,,,,,,,,,,,,,,,,,,,,,
47,22,12,25,S55,False,13,7,20,0,0,0,0,0,0,[],3.0,S35,3.04,13,7,20,0.0,,-0.253458,-5.761432,-6.014891,True,False,30,S56,True,1,1.133,do_nothing,,,,,,,,,,,,,,,,,,,,,,,,,,,,,,,,,,,,,,,,,,,,,,,,,,,,,,,,,,,
47,22,12,31,S35,False,13,7,20,13,0,1,0,0,0,"['B256', 'B367', 'B669', 'B277', 'B501', 'B752', 'B289', 'B578', 'B699', 'B244', 'B511', 'B564', 'B398']",12.5,S37,7.89,0,7,7,0.0,,-0.300494,-5.75492,-6.055414,True,True,24,S36,True,18,1.2018,delivery+onsite,,,,,,,,,,,,,,,,,,,,,,,,,,,,,,,,,,,,,,,,,,,,,,,,,,,,,,,,,,,
47,22,12,52,S37,False,0,7,7,0,13,0,0,0,0,"['B104', 'B666', 'B655', 'B183', 'B681', 'B65', 'B479', 'B691', 'B236', 'B136', 'B177', 'B263', 'B560']",9.5,S29,6.23,13,7,20,0.0,,-0.413174,-5.78426,-6.197434,True,False,18,S29,False,12,0.7394,pickup,,,,,,,,,,,,,,,,,,,,,,,,,,,,,,,,,,,,,,,,,,,,,,,,,,,,,,,,,,,
47,22,13,7,S29,False,13,7,20,13,0,0,0,0,0,"['B104', 'B666', 'B655', 'B183', 'B681', 'B65', 'B479', 'B691', 'B236', 'B136', 'B177', 'B263', 'B560']",9.5,S48,7.68,0,7,7,0.0,,-0.449064,-5.764649,-6.213713,True,False,18,S36,True,8,0.5487,delivery,,,,,,,,,,,,,,,,,,,,,,,,,,,,,,,,,,,,,,,,,,,,,,,,,,,,,,,,,,,
47,22,13,25,S48,False,0,7,7,0,9,0,2,0,0,"['B427', 'B112', 'B704', 'B130', 'B629', 'B233', 'B536', 'B279', 'B300', 'B107', 'B375']",8.5,S55,5.56,9,9,18,0.0,,-0.419333,-5.733143,-6.152476,True,True,54,S60,True,50,1.7599,pickup+depot_removal,,,,,,,,,,,,,,,,,,,,,,,,,,,,,,,,,,,,,,,,,,,,,,,,,,,,,,,,,,,
47,22,13,39,S55,False,9,9,18,9,0,0,0,0,0,"['B427', 'B112', 'B704', 'B130', 'B629', 'B233', 'B536', 'B279', 'B300']",7.5,S60,6.87,0,9,9,0.0,,-0.396429,-5.692056,-6.088484,True,False,24,S36,True,13,0.9095,delivery,,,,,,,,,,,,,,,,,,,,,,,,,,,,,,,,,,,,,,,,,,,,,,,,,,,,,,,,,,,
47,22,13,53,S60,False,0,9,9,0,11,0,0,0,0,"['B421', 'B251', 'B702', 'B286', 'B7', 'B566', 'B228', 'B639', 'B717', 'B142', 'B281']",8.5,S26,6.85,11,9,20,0.0,,-0.349373,-5.716867,-6.06624,True,False,24,S49,True,18,0.9594,pickup,,,,,,,,,,,,,,,,,,,,,,,,,,,,,,,,,,,,,,,,,,,,,,,,,,,,,,,,,,,
47,22,14,8,S26,False,11,9,20,11,0,0,0,0,0,"['B421', 'B251', 'B702', 'B286', 'B7', 'B566', 'B228', 'B639', 'B717', 'B142', 'B281']",8.5,S41,6.65,0,9,9,0.0,,-0.189436,-5.653273,-5.842709,False,False,12,S41,False,6,0.437,delivery,,,,,,,,,,,,,,,,,,,,,,,,,,,,,,,,,,,,,,,,,,,,,,,,,,,,,,,,,,,
47,22,14,24,S41,False,0,9,9,0,11,0,0,0,0,"['B568', 'B357', 'B400', 'B396', 'B374', 'B267', 'B722', 'B519', 'B355', 'B659', 'B669']",8.5,S64,1.81,11,9,20,0.0,,-0.367125,-5.713399,-6.080525,True,False,18,S49,True,13,0.7658,pickup,,,,,,,,,,,,,,,,,,,,,,,,,,,,,,,,,,,,,,,,,,,,,,,,,,,,,,,,,,,
47,22,14,34,S64,False,11,9,20,11,0,0,0,0,0,"['B568', 'B357', 'B400', 'B396', 'B374', 'B267', 'B722', 'B519', 'B355', 'B659', 'B669']",8.5,S49,1.8,0,9,9,0.0,,-0.231033,-5.688916,-5.919949,True,False,24,S18,True,15,0.8557,delivery,,,,,,,,,,,,,,,,,,,,,,,,,,,,,,,,,,,,,,,,,,,,,,,,,,,,,,,,,,,
47,22,14,44,S49,False,0,9,9,0,8,0,0,0,0,"['B327', 'B733', 'B496', 'B78', 'B226', 'B181', 'B739', 'B389']",7.0,S47,2.88,8,9,17,0.0,,-0.195713,-5.673685,-5.869398,True,False,36,S39,True,13,1.7235,pickup,,,,,,,,,,,,,,,,,,,,,,,,,,,,,,,,,,,,,,,,,,,,,,,,,,,,,,,,,,,
47,22,14,54,S47,False,8,9,17,0,0,1,0,0,0,[],6.0,S35,11.02,8,9,17,0.0,,-0.189422,-5.652133,-5.841556,True,True,48,S20,True,12,2.2991,do_nothing+onsite,,,,,,,,,,,,,,,,,,,,,,,,,,,,,,,,,,,,,,,,,,,,,,,,,,,,,,,,,,,
47,22,15,11,S35,False,8,9,17,8,0,0,0,0,0,"['B327', 'B733', 'B496', 'B78', 'B226', 'B181', 'B739', 'B389']",7.0,S62,5.61,0,9,9,0.0,,-0.148076,-5.63201,-5.780087,False,False,12,S62,False,8,0.4369,delivery,,,,,,,,,,,,,,,,,,,,,,,,,,,,,,,,,,,,,,,,,,,,,,,,,,,,,,,,,,,
47,22,15,24,S62,False,0,9,9,0,11,0,0,0,0,"['B223', 'B239', 'B446', 'B408', 'B322', 'B248', 'B404', 'B309', 'B492', 'B703', 'B571']",8.5,S32,3.53,11,9,20,0.0,,-0.106056,-5.655207,-5.761263,True,False,18,S18,True,13,0.8446,pickup,,,,,,,,,,,,,,,,,,,,,,,,,,,,,,,,,,,,,,,,,,,,,,,,,,,,,,,,,,,
47,22,15,36,S32,False,11,9,20,11,0,0,2,0,0,"['B414', 'B743', 'B223', 'B239', 'B446', 'B408', 'B322', 'B248', 'B404', 'B309', 'B492', 'B703', 'B571']",9.5,S54,2.05,0,11,11,0.0,,-0.064982,-5.615222,-5.680204,True,True,24,S54,True,18,0.8815,delivery+depot_removal,,,,,,,,,,,,,,,,,,,,,,,,,,,,,,,,,,,,,,,,,,,,,,,,,,,,,,,,,,,
47,22,15,47,S54,False,0,11,11,0,9,0,0,0,0,"['B325', 'B406', 'B262', 'B539', 'B204', 'B25', 'B153', 'B126', 'B273']",7.5,S61,4.83,9,11,20,0.0,,-0.053268,-5.616818,-5.670086,True,False,18,S55,True,16,0.6641,pickup,,,,,,,,,,,,,,,,,,,,,,,,,,,,,,,,,,,,,,,,,,,,,,,,,,,,,,,,,,,
47,22,16,0,S61,False,9,11,20,9,0,0,0,0,0,"['B325', 'B406', 'B262', 'B539', 'B204', 'B25', 'B153', 'B126', 'B273']",7.5,S41,2.24,0,11,11,0.0,,-0.064802,-5.577569,-5.642371,False,False,18,S66,True,12,0.4189,delivery,,,,,,,,,,,,,,,,,,,,,,,,,,,,,,,,,,,,,,,,,,,,,,,,,,,,,,,,,,,
47,22,16,9,S41,False,0,11,11,0,9,0,0,0,0,"['B116', 'B175', 'B270', 'B323', 'B345', 'B532', 'B467', 'B212', 'B509']",7.5,S66,1.41,9,11,20,0.0,,-0.1005,-5.572861,-5.673361,True,False,18,S66,False,12,0.5028,pickup,,,,,,,,,,,,,,,,,,,,,,,,,,,,,,,,,,,,,,,,,,,,,,,,,,,,,,,,,,,
47,22,16,18,S66,False,9,11,20,9,0,0,0,0,0,"['B116', 'B175', 'B270', 'B323', 'B345', 'B532', 'B467', 'B212', 'B509']",7.5,S20,7.48,0,11,11,0.0,,-0.04148,-5.537616,-5.579096,False,False,12,S20,False,6,0.2873,delivery,,,,,,,,,,,,,,,,,,,,,,,,,,,,,,,,,,,,,,,,,,,,,,,,,,,,,,,,,,,
47,22,16,33,S20,False,0,11,11,0,9,0,0,0,0,"['B110', 'B573', 'B628', 'B579', 'B685', 'B490', 'B697', 'B162', 'B55']",7.5,S29,12.12,9,11,20,0.0,,-0.076892,-5.548102,-5.624994,False,False,12,S26,True,8,0.3921,pickup,,,,,,,,,,,,,,,,,,,,,,,,,,,,,,,,,,,,,,,,,,,,,,,,,,,,,,,,,,,
47,22,16,53,S29,False,9,11,20,9,0,0,1,0,0,"['B45', 'B110', 'B573', 'B628', 'B579', 'B685', 'B490', 'B697', 'B162', 'B55']",8.0,S51,7.57,0,12,12,0.0,,-0.100335,-5.560876,-5.661211,True,True,18,S1,True,12,0.701,delivery+depot_removal,,,,,,,,,,,,,,,,,,,,,,,,,,,,,,,,,,,,,,,,,,,,,,,,,,,,,,,,,,,
47,22,17,8,S51,False,0,12,12,0,8,0,0,0,0,"['B425', 'B24', 'B735', 'B660', 'B647', 'B568', 'B379', 'B374']",7.0,S19,1.21,8,12,20,0.0,,-0.106582,-5.533673,-5.640254,True,False,18,S61,True,12,0.8539,pickup,,,,,,,,,,,,,,,,,,,,,,,,,,,,,,,,,,,,,,,,,,,,,,,,,,,,,,,,,,,
47,22,17,17,S19,False,8,12,20,8,0,0,1,0,0,"['B468', 'B425', 'B24', 'B735', 'B660', 'B647', 'B568', 'B379', 'B374']",7.5,S61,7.72,0,13,13,0.0,,-0.064936,-5.533243,-5.59818,True,True,42,S1,True,13,1.9602,delivery+depot_removal,,,,,,,,,,,,,,,,,,,,,,,,,,,,,,,,,,,,,,,,,,,,,,,,,,,,,,,,,,,
47,22,17,32,S61,False,0,13,13,0,7,0,0,0,0,"['B539', 'B204', 'B25', 'B153', 'B126', 'B273', 'B357']",6.5,S23,6.04,7,13,20,0.0,,-0.059051,-5.555086,-5.614136,False,False,12,S1,True,10,0.3861,pickup,,,,,,,,,,,,,,,,,,,,,,,,,,,,,,,,,,,,,,,,,,,,,,,,,,,,,,,,,,,
47,22,17,44,S23,False,7,13,20,7,0,0,0,0,0,"['B539', 'B204', 'B25', 'B153', 'B126', 'B273', 'B357']",6.5,S58,7.33,0,13,13,0.0,,-0.04142,-5.536726,-5.578146,True,False,18,S31,True,7,0.5782,delivery,,,,,,,,,,,,,,,,,,,,,,,,,,,,,,,,,,,,,,,,,,,,,,,,,,,,,,,,,,,
47,22,17,58,S58,False,0,13,13,0,7,0,0,0,0,"['B701', 'B634', 'B431', 'B148', 'B546', 'B60', 'B194']",6.5,S22,7.3,7,13,20,0.0,,-0.070495,-5.527654,-5.598149,True,False,18,S43,True,13,0.696,pickup,,,,,,,,,,,,,,,,,,,,,,,,,,,,,,,,,,,,,,,,,,,,,,,,,,,,,,,,,,,
47,22,18,12,S22,False,7,13,20,0,0,1,0,0,0,[],6.0,S45,8.77,7,13,20,0.0,,-0.029585,-5.589852,-5.619437,True,True,36,S45,False,7,1.2558,do_nothing+onsite,,,,,,,,,,,,,,,,,,,,,,,,,,,,,,,,,,,,,,,,,,,,,,,,,,,,,,,,,,,
47,22,18,27,S45,False,7,13,20,7,0,0,0,0,0,"['B701', 'B634', 'B431', 'B148', 'B546', 'B60', 'B194']",6.5,S44,1.28,0,13,13,0.0,,-0.041329,-5.59537,-5.636699,False,False,12,S43,True,7,0.4651,delivery,,,,,,,,,,,,,,,,,,,,,,,,,,,,,,,,,,,,,,,,,,,,,,,,,,,,,,,,,,,
47,22,18,35,S44,False,0,13,13,0,7,0,0,0,0,"['B241', 'B285', 'B543', 'B627', 'B219', 'B196', 'B75']",6.5,S39,4.87,7,13,20,0.0,,-0.023758,-5.592129,-5.615887,False,False,12,S63,True,10,0.4937,pickup,,,,,,,,,,,,,,,,,,,,,,,,,,,,,,,,,,,,,,,,,,,,,,,,,,,,,,,,,,,
47,22,18,46,S39,False,7,13,20,7,0,0,0,0,0,"['B241', 'B285', 'B543', 'B627', 'B219', 'B196', 'B75']",6.5,S10,8.92,0,13,13,0.0,,-0.02957,-5.572496,-5.602066,False,False,12,S26,True,8,0.4622,delivery,,,,,,,,,,,,,,,,,,,,,,,,,,,,,,,,,,,,,,,,,,,,,,,,,,,,,,,,,,,
47,22,19,1,S10,False,0,13,13,0,7,0,0,0,0,"['B182', 'B67', 'B515', 'B409', 'B393', 'B459', 'B337']",6.5,S28,12.51,7,13,20,0.0,,-0.041569,-5.477412,-5.518982,False,False,12,S51,True,7,0.4647,pickup,,,,,,,,,,,,,,,,,,,,,,,,,,,,,,,,,,,,,,,,,,,,,,,,,,,,,,,,,,,
47,22,19,20,S28,False,7,13,20,0,0,1,0,0,0,[],6.0,S26,8.54,7,13,20,0.0,,-0.047321,-5.482973,-5.530294,True,True,55,S6,True,6,2.2747,do_nothing+onsite,,,,,,,,,,,,,,,,,,,,,,,,,,,,,,,,,,,,,,,,,,,,,,,,,,,,,,,,,,,
47,22,19,35,S26,False,7,13,20,7,0,0,0,0,0,"['B182', 'B67', 'B515', 'B409', 'B393', 'B459', 'B337']",6.5,S31,6.02,0,13,13,0.0,,-0.100605,-5.508554,-5.609159,False,False,7,S31,False,4,0.2641,delivery,,,,,,,,,,,,,,,,,,,,,,,,,,,,,,,,,,,,,,,,,,,,,,,,,,,,,,,,,,,
47,22,19,47,S31,False,0,13,13,0,7,0,0,0,0,"['B394', 'B637', 'B526', 'B7', 'B269', 'B71', 'B534']",6.5,D0,1.48,7,13,20,0.0,,-0.076936,-5.51734,-5.594277,True,False,6,D0,False,4,0.1557,pickup,,,,,,,,,,,,,,,,,,,,,,,,,,,,,,,,,,,,,,,,,,,,,,,,,,,,,,,,,,,
47,22,19,55,D0,True,7,13,20,13,0,0,0,13,12,"['B106', 'B264', 'B448', 'B27', 'B85', 'B599', 'B613', 'B195', 'B528', 'B645', 'B163', 'B206', 'B94', 'B713', 'B709', 'B249', 'B346', 'B100', 'B141', 'B107', 'B375', 'B414', 'B743', 'B45', 'B468']",22.0,D0,0.0,6,0,6,0.0,,-0.058586,-5.512049,-5.570635,True,True,1,D0,False,0,0.0322,do_nothing,,,,,,,,,,,,,,,,,,,,,,,,,,,,,,,,,,,,,,,,,,,,,,,,,,,,,,,,,,,
47,23,6,8,D0,True,19,0,19,0,0,0,0,0,0,[],3.0,S66,1.4,19,0,19,0.0,,-0.804566,-5.755345,-6.559911,True,True,5,S40,True,2,0.3004,depot_passthrough,,,,,,,,,,,,,,,,,,,,,,,,,,,,,,,,,,,,,,,,,,,,,,,,,,,,,,,,,,,
47,23,6,28,S66,False,19,0,19,19,0,0,0,0,0,"['B394', 'B637', 'B526', 'B7', 'B269', 'B71', 'B534', 'B106', 'B264', 'B448', 'B27', 'B85', 'B599', 'B613', 'B195', 'B528', 'B645', 'B163', 'B206']",12.5,S39,4.09,0,0,0,0.0,,-0.747693,-5.805998,-6.553691,False,False,12,S38,True,6,0.6477,delivery,,,,,,,,,,,,,,,,,,,,,,,,,,,,,,,,,,,,,,,,,,,,,,,,,,,,,,,,,,,
47,23,6,44,S39,False,0,0,0,0,20,0,0,0,0,"['B241', 'B285', 'B543', 'B627', 'B219', 'B196', 'B75', 'B701', 'B506', 'B585', 'B427', 'B340', 'B626', 'B315', 'B472', 'B243', 'B223', 'B668', 'B34', 'B353']",13.0,S30,4.07,20,0,20,0.0,,-0.467811,-5.778533,-6.246345,False,False,12,S35,True,10,0.5366,pickup,,,,,,,,,,,,,,,,,,,,,,,,,,,,,,,,,,,,,,,,,,,,,,,,,,,,,,,,,,,
47,23,7,1,S30,False,20,0,20,11,0,0,0,0,0,"['B241', 'B285', 'B543', 'B627', 'B219', 'B196', 'B75', 'B701', 'B506', 'B585', 'B427']",8.5,S27,3.18,9,0,9,0.0,,-0.425591,-5.771014,-6.196605,True,False,60,S43,True,13,2.882,delivery,,,,,,,,,,,,,,,,,,,,,,,,,,,,,,,,,,,,,,,,,,,,,,,,,,,,,,,,,,,
47,23,7,13,S27,False,9,0,9,9,0,0,0,0,0,"['B340', 'B626', 'B315', 'B472', 'B243', 'B223', 'B668', 'B34', 'B353']",7.5,S37,4.19,0,0,0,0.0,,-0.378179,-5.767974,-6.146154,True,False,24,S4,True,12,1.1586,delivery,,,,,,,,,,,,,,,,,,,,,,,,,,,,,,,,,,,,,,,,,,,,,,,,,,,,,,,,,,,
47,23,7,25,S37,False,0,0,0,0,20,0,0,0,0,"['B225', 'B204', 'B714', 'B649', 'B91', 'B765', 'B3', 'B158', 'B608', 'B671', 'B451', 'B295', 'B433', 'B378', 'B545', 'B431', 'B540', 'B364', 'B30', 'B246']",13.0,S51,4.67,20,0,20,0.0,,-0.473794,-5.717426,-6.19122,True,False,30,S35,True,14,1.7501,pickup,,,,,,,,,,,,,,,,,,,,,,,,,,,,,,,,,,,,,,,,,,,,,,,,,,,,,,,,,,,
47,23,7,42,S51,False,20,0,20,18,0,0,0,0,0,"['B225', 'B204', 'B714', 'B649', 'B91', 'B765', 'B3', 'B158', 'B608', 'B671', 'B451', 'B295', 'B433', 'B378', 'B545', 'B431', 'B540', 'B364']",12.0,S35,8.32,2,0,2,0.0,,-0.236937,-5.740588,-5.977525,True,False,30,S19,True,9,1.4319,delivery,,,,,,,,,,,,,,,,,,,,,,,,,,,,,,,,,,,,,,,,,,,,,,,,,,,,,,,,,,,
47,23,8,3,S35,False,2,0,2,0,9,0,0,0,0,"['B552', 'B240', 'B322', 'B445', 'B698', 'B659', 'B355', 'B421', 'B408']",7.5,S12,9.87,11,0,11,0.0,,-0.242538,-5.775599,-6.018136,False,False,18,S57,True,16,0.6262,pickup,,,,,,,,,,,,,,,,,,,,,,,,,,,,,,,,,,,,,,,,,,,,,,,,,,,,,,,,,,,
47,23,8,20,S12,False,11,0,11,11,0,0,0,0,0,"['B30', 'B246', 'B552', 'B240', 'B322', 'B445', 'B698', 'B659', 'B355', 'B421', 'B408']",8.5,S57,9.18,0,0,0,0.0,,-0.147687,-5.723844,-5.871531,True,False,24,S44,True,12,0.9251,delivery,,,,,,,,,,,,,,,,,,,,,,,,,,,,,,,,,,,,,,,,,,,,,,,,,,,,,,,,,,,
47,23,8,38,S57,False,0,0,0,0,16,1,0,0,0,"['B43', 'B681', 'B638', 'B641', 'B220', 'B128', 'B150', 'B347', 'B288', 'B122', 'B179', 'B595', 'B297', 'B488', 'B18', 'B275']",14.0,S43,6.81,16,0,16,0.0,,-0.265487,-5.773616,-6.039103,True,True,36,S44,True,21,2.0265,pickup+onsite,,,,,,,,,,,,,,,,,,,,,,,,,,,,,,,,,,,,,,,,,,,,,,,,,,,,,,,,,,,
47,23,8,59,S43,False,16,0,16,16,0,1,0,0,0,"['B43', 'B681', 'B638', 'B641', 'B220', 'B128', 'B150', 'B347', 'B288', 'B122', 'B179', 'B595', 'B297', 'B488', 'B18', 'B275']",14.0,S44,0.79,0,0,0,0.0,,-0.307791,-5.738892,-6.046683,True,True,180,S63,True,90,7.3072,delivery+onsite,,,,,,,,,,,,,,,,,,,,,,,,,,,,,,,,,,,,,,,,,,,,,,,,,,,,,,,,,,,
47,23,9,13,S44,False,0,0,0,0,0,0,0,0,0,[],3.0,S35,6.81,0,0,0,0.0,,-0.129979,-5.728839,-5.858817,False,False,18,S52,True,1,0.7949,do_nothing,,,,,,,,,,,,,,,,,,,,,,,,,,,,,,,,,,,,,,,,,,,,,,,,,,,,,,,,,,,
47,23,9,23,S35,False,0,0,0,0,17,0,0,0,0,"['B653', 'B76', 'B400', 'B113', 'B235', 'B20', 'B726', 'B553', 'B103', 'B81', 'B762', 'B190', 'B560', 'B205', 'B618', 'B88', 'B279']",11.5,S42,1.31,17,0,17,0.0,,-0.224832,-5.730105,-5.954937,False,False,18,S44,True,15,0.8881,pickup,,,,,,,,,,,,,,,,,,,,,,,,,,,,,,,,,,,,,,,,,,,,,,,,,,,,,,,,,,,
47,23,9,36,S42,False,17,0,17,0,0,1,3,0,0,"['B266', 'B453', 'B380']",7.5,S14,2.87,17,3,20,0.0,,-0.236893,-5.72506,-5.961952,True,True,144,S27,True,45,4.6127,do_nothing+maintenance,,,,,,,,,,,,,,,,,,,,,,,,,,,,,,,,,,,,,,,,,,,,,,,,,,,,,,,,,,,
47,23,9,46,S14,False,17,3,20,8,0,0,0,0,0,"['B653', 'B76', 'B400', 'B113', 'B235', 'B20', 'B726', 'B553']",7.0,S27,6.81,9,3,12,0.0,,-0.16003,-5.720564,-5.880594,True,False,30,S27,False,7,1.0236,delivery,,,,,,,,,,,,,,,,,,,,,,,,,,,,,,,,,,,,,,,,,,,,,,,,,,,,,,,,,,,
47,23,10,0,S27,False,9,3,12,9,0,0,0,0,0,"['B103', 'B81', 'B762', 'B190', 'B560', 'B205', 'B618', 'B88', 'B279']",7.5,S52,3.68,0,3,3,0.0,,-0.260049,-5.744397,-6.004446,True,False,24,S45,True,16,0.8213,delivery,,,,,,,,,,,,,,,,,,,,,,,,,,,,,,,,,,,,,,,,,,,,,,,,,,,,,,,,,,,
47,23,10,11,S52,False,0,3,3,0,8,2,0,0,0,"['B476', 'B191', 'B351', 'B406', 'B23', 'B382', 'B457', 'B383']",13.0,S45,1.46,8,3,11,0.0,,-0.183607,-5.778258,-5.961865,True,True,108,S45,True,64,3.2112,pickup+onsite,,,,,,,,,,,,,,,,,,,,,,,,,,,,,,,,,,,,,,,,,,,,,,,,,,,,,,,,,,,
47,23,10,26,S45,False,8,3,11,0,7,0,0,0,0,"['B514', 'B634', 'B684', 'B44', 'B710', 'B475', 'B2']",6.5,S26,7.09,15,3,18,0.0,,-0.296156,-5.794974,-6.091131,False,False,18,S19,True,7,0.7033,pickup,,,,,,,,,,,,,,,,,,,,,,,,,,,,,,,,,,,,,,,,,,,,,,,,,,,,,,,,,,,
47,23,10,39,S26,False,15,3,18,15,0,0,0,0,0,"['B476', 'B191', 'B351', 'B406', 'B23', 'B382', 'B457', 'B383', 'B514', 'B634', 'B684', 'B44', 'B710', 'B475', 'B2']",10.5,S44,7.72,0,3,3,0.0,,-0.195202,-5.758921,-5.954123,False,False,12,S56,True,6,0.4905,delivery,,,,,,,,,,,,,,,,,,,,,,,,,,,,,,,,,,,,,,,,,,,,,,,,,,,,,,,,,,,
47,23,10,58,S44,False,0,3,3,0,9,0,0,0,0,"['B98', 'B417', 'B644', 'B261', 'B647', 'B192', 'B203', 'B416', 'B675']",7.5,S63,0.47,9,3,12,0.0,,-0.184014,-5.797337,-5.981351,False,False,18,S58,True,12,0.9199,pickup,,,,,,,,,,,,,,,,,,,,,,,,,,,,,,,,,,,,,,,,,,,,,,,,,,,,,,,,,,,
47,23,11,6,S63,False,9,3,12,9,0,0,0,0,0,"['B98', 'B417', 'B644', 'B261', 'B647', 'B192', 'B203', 'B416', 'B675']",7.5,S18,3.17,0,3,3,0.0,,-0.106071,-5.774903,-5.880974,False,False,12,S18,False,9,0.564,delivery,,,,,,,,,,,,,,,,,,,,,,,,,,,,,,,,,,,,,,,,,,,,,,,,,,,,,,,,,,,
47,23,11,16,S18,False,0,3,3,0,11,0,0,0,0,"['B135', 'B282', 'B657', 'B155', 'B74', 'B629', 'B252', 'B570', 'B379', 'B256', 'B334']",8.5,S61,1.44,11,3,14,0.0,,-0.112634,-5.794333,-5.906967,True,False,36,S61,False,24,1.6343,pickup,,,,,,,,,,,,,,,,,,,,,,,,,,,,,,,,,,,,,,,,,,,,,,,,,,,,,,,,,,,
47,23,11,26,S61,False,11,3,14,9,0,0,0,0,0,"['B135', 'B282', 'B657', 'B155', 'B74', 'B629', 'B252', 'B570', 'B379']",7.5,S44,2.79,2,3,5,0.0,,-0.165691,-5.804886,-5.970577,False,False,18,S44,False,7,0.6659,delivery,,,,,,,,,,,,,,,,,,,,,,,,,,,,,,,,,,,,,,,,,,,,,,,,,,,,,,,,,,,
47,23,11,37,S44,False,2,3,5,2,0,0,0,0,0,"['B256', 'B334']",4.0,S11,9.45,0,3,3,0.0,,-0.142115,-5.747689,-5.889804,False,False,12,S11,False,10,0.6091,delivery,,,,,,,,,,,,,,,,,,,,,,,,,,,,,,,,,,,,,,,,,,,,,,,,,,,,,,,,,,,
47,23,11,50,S11,False,0,3,3,0,0,0,0,0,0,[],3.0,S10,4.86,0,3,3,0.0,,-0.183367,-5.775532,-5.958899,False,False,18,S29,True,4,0.7539,do_nothing,,,,,,,,,,,,,,,,,,,,,,,,,,,,,,,,,,,,,,,,,,,,,,,,,,,,,,,,,,,
47,23,11,58,S10,False,0,3,3,0,11,0,0,0,0,"['B312', 'B70', 'B598', 'B624', 'B746', 'B97', 'B388', 'B221', 'B332', 'B364', 'B276']",8.5,S44,4.83,11,3,14,0.0,,-0.159941,-5.756121,-5.916062,False,False,18,S29,True,9,0.6683,pickup,,,,,,,,,,,,,,,,,,,,,,,,,,,,,,,,,,,,,,,,,,,,,,,,,,,,,,,,,,,
47,23,12,11,S44,False,11,3,14,0,0,0,0,0,0,[],3.0,S63,0.47,11,3,14,0.0,,-0.141903,-5.746415,-5.888318,False,False,18,S38,True,0,0.724,do_nothing,,,,,,,,,,,,,,,,,,,,,,,,,,,,,,,,,,,,,,,,,,,,,,,,,,,,,,,,,,,
47,23,12,15,S63,False,11,3,14,11,0,0,0,0,0,"['B312', 'B70', 'B598', 'B624', 'B746', 'B97', 'B388', 'B221', 'B332', 'B364', 'B276']",8.5,S16,0.31,0,3,3,0.0,,-0.135835,-5.730927,-5.866762,False,False,12,S38,True,6,0.5219,delivery,,,,,,,,,,,,,,,,,,,,,,,,,,,,,,,,,,,,,,,,,,,,,,,,,,,,,,,,,,,
47,23,12,23,S16,False,0,3,3,0,7,0,0,0,0,"['B540', 'B485', 'B134', 'B539', 'B245', 'B602', 'B458']",6.5,S44,0.23,7,3,10,0.0,,-0.082599,-5.71576,-5.798358,True,False,36,S38,True,12,1.4281,pickup,,,,,,,,,,,,,,,,,,,,,,,,,,,,,,,,,,,,,,,,,,,,,,,,,,,,,,,,,,,
47,23,12,30,S44,False,7,3,10,0,0,0,0,0,0,[],3.0,S46,1.44,7,3,10,0.0,,-0.124181,-5.742971,-5.867152,False,False,12,S38,True,2,0.5009,do_nothing,,,,,,,,,,,,,,,,,,,,,,,,,,,,,,,,,,,,,,,,,,,,,,,,,,,,,,,,,,,
47,23,12,35,S46,False,7,3,10,7,0,0,0,0,0,"['B540', 'B485', 'B134', 'B539', 'B245', 'B602', 'B458']",6.5,S64,4.62,0,3,3,0.0,,-0.18939,-5.726585,-5.915974,False,False,12,S29,True,10,0.4694,delivery,,,,,,,,,,,,,,,,,,,,,,,,,,,,,,,,,,,,,,,,,,,,,,,,,,,,,,,,,,,
47,23,12,46,S64,False,0,3,3,0,6,0,0,0,0,"['B146', 'B26', 'B594', 'B757', 'B102', 'B496']",6.0,S44,3.2,6,3,9,0.0,,-0.142264,-5.737488,-5.879752,True,False,36,S18,True,28,1.1701,pickup,,,,,,,,,,,,,,,,,,,,,,,,,,,,,,,,,,,,,,,,,,,,,,,,,,,,,,,,,,,
47,23,12,55,S44,False,6,3,9,6,0,0,0,0,0,"['B146', 'B26', 'B594', 'B757', 'B102', 'B496']",6.0,S18,2.71,0,3,3,0.0,,-0.153409,-5.709104,-5.862513,False,False,12,S18,False,6,0.4727,delivery,,,,,,,,,,,,,,,,,,,,,,,,,,,,,,,,,,,,,,,,,,,,,,,,,,,,,,,,,,,
47,23,13,4,S18,False,0,3,3,0,12,0,0,0,0,"['B617', 'B752', 'B456', 'B588', 'B601', 'B64', 'B96', 'B320', 'B409', 'B92', 'B715', 'B195']",9.0,S34,5.53,12,3,15,0.0,,-0.029405,-5.722374,-5.751779,True,False,36,S15,True,25,1.2948,pickup,,,,,,,,,,,,,,,,,,,,,,,,,,,,,,,,,,,,,,,,,,,,,,,,,,,,,,,,,,,
47,23,13,18,S34,False,12,3,15,12,0,0,0,0,0,"['B617', 'B752', 'B456', 'B588', 'B601', 'B64', 'B96', 'B320', 'B409', 'B92', 'B715', 'B195']",9.0,S23,9.01,0,3,3,0.0,,-0.15937,-5.728584,-5.887954,False,False,12,S23,False,7,0.4829,delivery,,,,,,,,,,,,,,,,,,,,,,,,,,,,,,,,,,,,,,,,,,,,,,,,,,,,,,,,,,,
47,23,13,36,S23,False,0,3,3,0,8,0,0,0,0,"['B508', 'B413', 'B423', 'B518', 'B547', 'B189', 'B342', 'B24']",7.0,S44,8.54,8,3,11,0.0,,-0.437787,-5.782716,-6.220504,True,False,36,S26,True,16,1.3204,pickup,,,,,,,,,,,,,,,,,,,,,,,,,,,,,,,,,,,,,,,,,,,,,,,,,,,,,,,,,,,
47,23,13,52,S44,False,8,3,11,8,0,0,0,0,0,"['B508', 'B413', 'B423', 'B518', 'B547', 'B189', 'B342', 'B24']",7.0,S48,4.46,0,3,3,0.0,,-0.673793,-5.791792,-6.465586,False,False,12,S48,False,9,0.5184,delivery,,,,,,,,,,,,,,,,,,,,,,,,,,,,,,,,,,,,,,,,,,,,,,,,,,,,,,,,,,,
47,23,14,3,S48,False,0,3,3,0,12,0,0,0,0,"['B766', 'B324', 'B117', 'B631', 'B747', 'B419', 'B285', 'B647', 'B5', 'B738', 'B42', 'B253']",9.0,S15,9.05,12,3,15,0.0,,-0.579524,-5.782169,-6.361694,False,False,18,S37,True,15,0.7829,pickup,,,,,,,,,,,,,,,,,,,,,,,,,,,,,,,,,,,,,,,,,,,,,,,,,,,,,,,,,,,
47,23,14,21,S15,False,12,3,15,12,0,0,0,0,0,"['B766', 'B324', 'B117', 'B631', 'B747', 'B419', 'B285', 'B647', 'B5', 'B738', 'B42', 'B253']",9.0,S51,8.59,0,3,3,0.0,,-0.467939,-5.799893,-6.267832,False,False,12,S30,True,7,0.4456,delivery,,,,,,,,,,,,,,,,,,,,,,,,,,,,,,,,,,,,,,,,,,,,,,,,,,,,,,,,,,,
47,23,14,39,S51,False,0,3,3,0,13,0,0,0,0,"['B323', 'B150', 'B761', 'B717', 'B235', 'B498', 'B227', 'B624', 'B341', 'B123', 'B660', 'B255', 'B254']",9.5,S33,4.94,13,3,16,0.0,,-0.283407,-5.747826,-6.031232,True,False,36,S4,True,24,1.7653,pickup,,,,,,,,,,,,,,,,,,,,,,,,,,,,,,,,,,,,,,,,,,,,,,,,,,,,,,,,,,,
47,23,14,53,S33,False,13,3,16,13,0,0,3,0,0,"['B169', 'B361', 'B687', 'B323', 'B150', 'B761', 'B717', 'B235', 'B498', 'B227', 'B624', 'B341', 'B123', 'B660', 'B255', 'B254']",11.0,S4,2.03,0,6,6,0.0,,-0.295027,-5.758316,-6.053342,True,True,48,S4,True,43,2.1662,delivery+depot_removal,,,,,,,,,,,,,,,,,,,,,,,,,,,,,,,,,,,,,,,,,,,,,,,,,,,,,,,,,,,
47,23,15,6,S4,False,0,6,6,0,0,0,1,0,0,['B480'],3.5,S66,2.35,0,7,7,0.0,,-0.407586,-5.766486,-6.174072,True,True,36,S13,True,9,1.385,do_nothing+depot_removal,,,,,,,,,,,,,,,,,,,,,,,,,,,,,,,,,,,,,,,,,,,,,,,,,,,,,,,,,,,
47,23,15,12,S66,False,0,7,7,0,11,0,0,0,0,"['B496', 'B263', 'B351', 'B577', 'B202', 'B46', 'B552', 'B645', 'B446', 'B467', 'B109']",8.5,S26,5.64,11,7,18,0.0,,-0.260544,-5.741676,-6.00222,False,False,18,S37,True,12,0.73,pickup,,,,,,,,,,,,,,,,,,,,,,,,,,,,,,,,,,,,,,,,,,,,,,,,,,,,,,,,,,,
47,23,15,26,S26,False,11,7,18,11,0,0,0,0,0,"['B496', 'B263', 'B351', 'B577', 'B202', 'B46', 'B552', 'B645', 'B446', 'B467', 'B109']",8.5,S37,7.79,0,7,7,0.0,,-0.366465,-5.739218,-6.105683,False,False,12,S24,True,8,0.4638,delivery,,,,,,,,,,,,,,,,,,,,,,,,,,,,,,,,,,,,,,,,,,,,,,,,,,,,,,,,,,,
47,23,15,43,S37,False,0,7,7,0,13,0,0,0,0,"['B515', 'B221', 'B489', 'B586', 'B357', 'B367', 'B529', 'B509', 'B412', 'B256', 'B134', 'B379', 'B314']",9.5,S35,7.89,13,7,20,0.0,,-0.455554,-5.766479,-6.222033,True,False,18,S55,True,15,0.7251,pickup,,,,,,,,,,,,,,,,,,,,,,,,,,,,,,,,,,,,,,,,,,,,,,,,,,,,,,,,,,,
47,23,16,0,S35,False,13,7,20,13,0,0,1,0,0,"['B299', 'B515', 'B221', 'B489', 'B586', 'B357', 'B367', 'B529', 'B509', 'B412', 'B256', 'B134', 'B379', 'B314']",10.0,S41,9.63,0,8,8,0.0,,-0.307956,-5.71727,-6.025226,True,True,18,S8,True,12,0.8061,delivery+depot_removal,,,,,,,,,,,,,,,,,,,,,,,,,,,,,,,,,,,,,,,,,,,,,,,,,,,,,,,,,,,
47,23,16,20,S41,False,0,8,8,0,0,0,0,0,0,[],3.0,S62,4.25,0,8,8,0.0,,-0.325151,-5.749358,-6.074509,True,False,36,S62,False,0,1.4317,do_nothing,,,,,,,,,,,,,,,,,,,,,,,,,,,,,,,,,,,,,,,,,,,,,,,,,,,,,,,,,,,
47,23,16,27,S62,False,0,8,8,0,12,0,0,0,0,"['B245', 'B383', 'B186', 'B736', 'B95', 'B44', 'B584', 'B327', 'B332', 'B734', 'B43', 'B368']",9.0,S24,7.61,12,8,20,0.0,,-0.224593,-5.729961,-5.954554,True,False,18,S4,True,14,0.7265,pickup,,,,,,,,,,,,,,,,,,,,,,,,,,,,,,,,,,,,,,,,,,,,,,,,,,,,,,,,,,,
47,23,16,43,S24,False,12,8,20,12,0,0,0,0,0,"['B245', 'B383', 'B186', 'B736', 'B95', 'B44', 'B584', 'B327', 'B332', 'B734', 'B43', 'B368']",9.0,S4,8.73,0,8,8,0.0,,-0.278734,-5.72036,-5.999093,False,False,12,S55,True,8,0.5368,delivery,,,,,,,,,,,,,,,,,,,,,,,,,,,,,,,,,,,,,,,,,,,,,,,,,,,,,,,,,,,
47,23,17,1,S4,False,0,8,8,0,9,0,0,0,0,"['B318', 'B451', 'B55', 'B463', 'B492', 'B559', 'B742', 'B591', 'B112']",7.5,S16,2.09,9,8,17,0.0,,-0.277818,-5.710905,-5.988722,False,False,18,S13,True,15,0.7324,pickup,,,,,,,,,,,,,,,,,,,,,,,,,,,,,,,,,,,,,,,,,,,,,,,,,,,,,,,,,,,
47,23,17,11,S16,False,9,8,17,8,0,0,0,0,0,"['B318', 'B451', 'B55', 'B463', 'B492', 'B559', 'B742', 'B591']",7.0,S53,1.73,1,8,9,0.0,,-0.106252,-5.672238,-5.778489,True,False,36,S51,True,13,1.4716,delivery,,,,,,,,,,,,,,,,,,,,,,,,,,,,,,,,,,,,,,,,,,,,,,,,,,,,,,,,,,,
47,23,17,20,S53,False,1,8,9,1,0,3,0,0,0,['B112'],12.5,S58,3.51,0,8,8,0.0,,-0.224608,-5.66402,-5.888628,True,True,96,S47,True,86,3.2171,delivery+onsite,,,,,,,,,,,,,,,,,,,,,,,,,,,,,,,,,,,,,,,,,,,,,,,,,,,,,,,,,,,
47,23,17,36,S58,False,0,8,8,0,12,0,0,0,0,"['B454', 'B139', 'B214', 'B424', 'B649', 'B160', 'B466', 'B17', 'B477', 'B154', 'B144', 'B441']",9.0,S55,5.61,12,8,20,0.0,,-0.189629,-5.664769,-5.854399,True,False,18,S39,True,14,0.6441,pickup,,,,,,,,,,,,,,,,,,,,,,,,,,,,,,,,,,,,,,,,,,,,,,,,,,,,,,,,,,,
47,23,17,50,S55,False,12,8,20,12,0,1,2,0,0,"['B291', 'B152', 'B454', 'B139', 'B214', 'B424', 'B649', 'B160', 'B466', 'B17', 'B477', 'B154', 'B144', 'B441']",13.0,S22,10.44,0,10,10,0.0,,-0.118867,-5.61738,-5.736247,True,True,48,S51,True,46,1.8885,delivery+maintenance,,,,,,,,,,,,,,,,,,,,,,,,,,,,,,,,,,,,,,,,,,,,,,,,,,,,,,,,,,,
47,23,18,14,S22,False,0,10,10,0,10,1,0,0,0,"['B592', 'B340', 'B450', 'B420', 'B275', 'B49', 'B142', 'B179', 'B127', 'B98']",11.0,S49,5.18,10,10,20,0.0,,-0.082913,-5.611701,-5.694614,True,True,36,S39,True,31,2.055,pickup+onsite,,,,,,,,,,,,,,,,,,,,,,,,,,,,,,,,,,,,,,,,,,,,,,,,,,,,,,,,,,,
47,23,18,30,S49,False,10,10,20,0,0,1,0,0,0,[],6.0,S8,18.29,10,10,20,0.0,,-0.053178,-5.587469,-5.640647,True,True,36,S21,True,7,1.6193,do_nothing+onsite,,,,,,,,,,,,,,,,,,,,,,,,,,,,,,,,,,,,,,,,,,,,,,,,,,,,,,,,,,,
47,23,18,54,S8,False,10,10,20,0,0,8,0,0,0,[],27.0,S21,2.92,10,10,20,0.0,,-0.076907,-5.558066,-5.634972,True,True,59,S16,True,24,2.2373,do_nothing+onsite,,,,,,,,,,,,,,,,,,,,,,,,,,,,,,,,,,,,,,,,,,,,,,,,,,,,,,,,,,,
47,23,19,24,S21,False,10,10,20,7,0,0,1,0,0,"['B439', 'B592', 'B340', 'B450', 'B420', 'B275', 'B49', 'B142']",7.0,S62,10.28,3,11,14,0.0,,-0.136091,-5.499354,-5.635445,True,True,30,S1,True,24,0.7473,delivery+depot_removal,,,,,,,,,,,,,,,,,,,,,,,,,,,,,,,,,,,,,,,,,,,,,,,,,,,,,,,,,,,
47,23,19,41,S62,False,3,11,14,0,0,0,0,0,0,[],3.0,S61,2.06,3,11,14,0.0,,-0.035667,-5.489329,-5.524996,True,False,5,S61,False,0,0.1107,do_nothing,,,,,,,,,,,,,,,,,,,,,,,,,,,,,,,,,,,,,,,,,,,,,,,,,,,,,,,,,,,
47,23,19,46,S61,False,3,11,14,3,0,0,0,0,0,"['B179', 'B127', 'B98']",4.5,D0,1.02,0,11,11,0.0,,-0.065222,-5.50574,-5.570963,False,False,2,D0,False,1,0.0546,delivery,,,,,,,,,,,,,,,,,,,,,,,,,,,,,,,,,,,,,,,,,,,,,,,,,,,,,,,,,,,
47,23,19,52,D0,True,0,11,11,11,0,0,0,11,0,"['B266', 'B453', 'B380', 'B169', 'B361', 'B687', 'B480', 'B299', 'B291', 'B152', 'B439']",14.0,D0,0.0,0,0,0,0.0,,-0.112078,-5.504748,-5.616827,True,True,1,D0,False,0,0.032,do_nothing,,,,,,,,,,,,,,,,,,,,,,,,,,,,,,,,,,,,,,,,,,,,,,,,,,,,,,,,,,,
47,24,6,15,D0,True,0,0,0,0,0,0,0,0,13,"['B94', 'B713', 'B709', 'B249', 'B346', 'B100', 'B141', 'B107', 'B375', 'B414', 'B743', 'B45', 'B468']",9.5,S65,3.15,13,0,13,0.0,,-0.716049,-5.77879,-6.494839,True,True,5,S37,True,2,0.2294,load_queue,,,,,,,,,,,,,,,,,,,,,,,,,,,,,,,,,,,,,,,,,,,,,,,,,,,,,,,,,,,
47,24,6,42,S65,False,13,0,13,13,0,0,0,0,0,"['B94', 'B713', 'B709', 'B249', 'B346', 'B100', 'B141', 'B107', 'B375', 'B414', 'B743', 'B45', 'B468']",9.5,S54,8.42,0,0,0,0.0,,-0.50301,-5.783321,-6.28633,True,False,36,S35,True,21,1.574,delivery,,,,,,,,,,,,,,,,,,,,,,,,,,,,,,,,,,,,,,,,,,,,,,,,,,,,,,,,,,,
47,24,7,0,S54,False,0,0,0,0,13,1,2,0,0,"['B697', 'B257', 'B635', 'B721', 'B293', 'B9', 'B437', 'B231', 'B187', 'B253', 'B506', 'B233', 'B530', 'B597', 'B703']",13.5,S41,6.96,13,2,15,0.0,,-0.450252,-5.847556,-6.297808,True,True,108,S35,True,104,4.1362,pickup+maintenance,,,,,,,,,,,,,,,,,,,,,,,,,,,,,,,,,,,,,,,,,,,,,,,,,,,,,,,,,,,
47,24,7,21,S41,False,13,2,15,13,0,0,0,0,0,"['B697', 'B257', 'B635', 'B721', 'B293', 'B9', 'B437', 'B231', 'B187', 'B253', 'B506', 'B233', 'B530']",9.5,S35,9.63,0,2,2,0.0,,-0.41454,-5.844039,-6.258578,True,False,60,S35,False,34,2.1421,delivery,,,,,,,,,,,,,,,,,,,,,,,,,,,,,,,,,,,,,,,,,,,,,,,,,,,,,,,,,,,
47,24,7,40,S35,False,0,2,2,0,12,0,0,0,0,"['B591', 'B460', 'B690', 'B624', 'B600', 'B86', 'B424', 'B195', 'B160', 'B208', 'B17', 'B395']",9.0,S31,8.41,12,2,14,0.0,,-0.277831,-5.811386,-6.089217,False,False,18,S29,True,13,0.5968,pickup,,,,,,,,,,,,,,,,,,,,,,,,,,,,,,,,,,,,,,,,,,,,,,,,,,,,,,,,,,,
47,24,7,57,S31,False,12,2,14,0,0,0,0,0,0,[],3.0,S61,1.01,12,2,14,0.0,,-0.224908,-5.838929,-6.063837,True,False,48,S61,True,4,1.3786,do_nothing,,,,,,,,,,,,,,,,,,,,,,,,,,,,,,,,,,,,,,,,,,,,,,,,,,,,,,,,,,,
47,24,8,1,S61,False,12,2,14,9,0,0,0,0,0,"['B591', 'B460', 'B690', 'B624', 'B600', 'B86', 'B424', 'B195', 'B160']",7.5,S33,2.17,3,2,5,0.0,,-0.135687,-5.819184,-5.954871,False,False,18,S66,True,9,0.5775,delivery,,,,,,,,,,,,,,,,,,,,,,,,,,,,,,,,,,,,,,,,,,,,,,,,,,,,,,,,,,,
47,24,8,11,S33,False,3,2,5,0,15,0,0,0,0,"['B188', 'B382', 'B515', 'B287', 'B210', 'B165', 'B402', 'B240', 'B550', 'B441', 'B84', 'B537', 'B512', 'B119', 'B647']",10.5,S15,3.7,18,2,20,0.0,,-0.135897,-5.809568,-5.945465,False,False,12,S16,True,7,0.4352,pickup,,,,,,,,,,,,,,,,,,,,,,,,,,,,,,,,,,,,,,,,,,,,,,,,,,,,,,,,,,,
47,24,8,25,S15,False,18,2,20,16,0,0,0,0,0,"['B208', 'B17', 'B395', 'B188', 'B382', 'B515', 'B287', 'B210', 'B165', 'B402', 'B240', 'B550', 'B441', 'B84', 'B537', 'B512']",11.0,S42,6.77,2,2,4,0.0,,-0.194485,-5.821815,-6.0163,True,False,36,S16,True,14,1.3202,delivery,,,,,,,,,,,,,,,,,,,,,,,,,,,,,,,,,,,,,,,,,,,,,,,,,,,,,,,,,,,
47,24,8,43,S42,False,2,2,4,0,12,0,0,0,0,"['B411', 'B173', 'B128', 'B64', 'B419', 'B518', 'B342', 'B262', 'B651', 'B592', 'B747', 'B521']",9.0,S51,9.5,14,2,16,0.0,,-0.20636,-5.826123,-6.032483,True,False,36,S16,True,27,1.5564,pickup,,,,,,,,,,,,,,,,,,,,,,,,,,,,,,,,,,,,,,,,,,,,,,,,,,,,,,,,,,,
47,24,9,2,S51,False,14,2,16,12,0,0,0,0,0,"['B119', 'B647', 'B411', 'B173', 'B128', 'B64', 'B419', 'B518', 'B342', 'B262', 'B651', 'B592']",9.0,S54,6.18,2,2,4,0.0,,-0.212474,-5.807834,-6.020308,True,False,72,S43,True,49,2.7679,delivery,,,,,,,,,,,,,,,,,,,,,,,,,,,,,,,,,,,,,,,,,,,,,,,,,,,,,,,,,,,
47,24,9,17,S54,False,2,2,4,0,16,0,0,0,0,"['B711', 'B230', 'B44', 'B508', 'B115', 'B171', 'B378', 'B459', 'B21', 'B61', 'B656', 'B686', 'B179', 'B639', 'B655', 'B619']",11.0,S12,8.01,18,2,20,0.0,,-0.177871,-5.806233,-5.984103,False,False,18,S28,True,8,1.1027,pickup,,,,,,,,,,,,,,,,,,,,,,,,,,,,,,,,,,,,,,,,,,,,,,,,,,,,,,,,,,,
47,24,9,36,S12,False,18,2,20,14,0,0,0,0,0,"['B747', 'B521', 'B711', 'B230', 'B44', 'B508', 'B115', 'B171', 'B378', 'B459', 'B21', 'B61', 'B656', 'B686']",10.0,S65,12.43,4,2,6,0.0,,-0.177631,-5.841219,-6.01885,True,False,30,S43,True,21,1.3376,delivery,,,,,,,,,,,,,,,,,,,,,,,,,,,,,,,,,,,,,,,,,,,,,,,,,,,,,,,,,,,
47,24,9,58,S65,False,4,2,6,0,0,1,0,0,0,[],6.0,S52,6.18,4,2,6,0.0,,-0.147461,-5.806159,-5.95362,True,True,36,S47,True,10,1.9059,do_nothing+onsite,,,,,,,,,,,,,,,,,,,,,,,,,,,,,,,,,,,,,,,,,,,,,,,,,,,,,,,,,,,
47,24,10,10,S52,False,4,2,6,4,0,1,0,0,0,"['B179', 'B639', 'B655', 'B619']",8.0,S37,1.18,0,2,2,0.0,,-0.307358,-5.851998,-6.159356,True,True,48,S18,True,37,2.2125,delivery+onsite,,,,,,,,,,,,,,,,,,,,,,,,,,,,,,,,,,,,,,,,,,,,,,,,,,,,,,,,,,,
47,24,10,20,S37,False,0,2,2,0,18,0,0,0,0,"['B466', 'B40', 'B566', 'B584', 'B343', 'B260', 'B244', 'B93', 'B30', 'B654', 'B722', 'B646', 'B359', 'B461', 'B234', 'B671', 'B355', 'B304']",12.0,S63,1.78,18,2,20,0.0,,-0.159657,-5.853037,-6.012694,True,False,42,S18,True,39,1.9647,pickup,,,,,,,,,,,,,,,,,,,,,,,,,,,,,,,,,,,,,,,,,,,,,,,,,,,,,,,,,,,
47,24,10,33,S63,False,18,2,20,12,0,1,0,0,0,"['B466', 'B40', 'B566', 'B584', 'B343', 'B260', 'B244', 'B93', 'B30', 'B654', 'B722', 'B646']",12.0,S65,7.4,6,2,8,0.0,,-0.159429,-5.849866,-6.009295,True,True,36,S43,True,20,1.2663,delivery+onsite,,,,,,,,,,,,,,,,,,,,,,,,,,,,,,,,,,,,,,,,,,,,,,,,,,,,,,,,,,,
47,24,10,53,S65,False,6,2,8,6,0,1,0,0,0,"['B359', 'B461', 'B234', 'B671', 'B355', 'B304']",9.0,S18,4.55,0,2,2,0.0,,-0.177678,-5.852999,-6.030677,True,True,24,S18,False,20,1.4287,delivery+onsite,,,,,,,,,,,,,,,,,,,,,,,,,,,,,,,,,,,,,,,,,,,,,,,,,,,,,,,,,,,
47,24,11,6,S18,False,0,2,2,0,10,0,0,0,0,"['B102', 'B148', 'B217', 'B618', 'B313', 'B114', 'B183', 'B578', 'B121', 'B255']",8.0,S38,1.67,10,2,12,0.0,,-0.124333,-5.82172,-5.946053,True,False,36,S38,False,25,2.0009,pickup,,,,,,,,,,,,,,,,,,,,,,,,,,,,,,,,,,,,,,,,,,,,,,,,,,,,,,,,,,,
47,24,11,16,S38,False,10,2,12,0,8,0,0,0,0,"['B181', 'B376', 'B97', 'B704', 'B389', 'B652', 'B702', 'B554']",7.0,S43,3.11,18,2,20,0.0,,-0.177346,-5.796223,-5.973568,False,False,12,S48,True,7,0.5697,pickup,,,,,,,,,,,,,,,,,,,,,,,,,,,,,,,,,,,,,,,,,,,,,,,,,,,,,,,,,,,
47,24,11,26,S43,False,18,2,20,18,0,0,3,0,0,"['B242', 'B308', 'B465', 'B102', 'B148', 'B217', 'B618', 'B313', 'B114', 'B183', 'B578', 'B121', 'B255', 'B181', 'B376', 'B97', 'B704', 'B389', 'B652', 'B702', 'B554']",13.5,S23,8.96,0,5,5,0.0,,-0.194677,-5.781305,-5.975982,True,True,66,S48,True,28,2.6256,delivery+depot_removal,,,,,,,,,,,,,,,,,,,,,,,,,,,,,,,,,,,,,,,,,,,,,,,,,,,,,,,,,,,
47,24,11,48,S23,False,0,5,5,0,7,0,0,0,0,"['B251', 'B110', 'B339', 'B673', 'B767', 'B312', 'B509']",6.5,S47,2.37,7,5,12,0.0,,-0.141726,-5.757529,-5.899254,True,False,36,S47,False,16,2.1759,pickup,,,,,,,,,,,,,,,,,,,,,,,,,,,,,,,,,,,,,,,,,,,,,,,,,,,,,,,,,,,
47,24,11,57,S47,False,7,5,12,0,8,0,0,0,0,"['B448', 'B198', 'B568', 'B286', 'B345', 'B297', 'B145', 'B19']",7.0,S48,10.34,15,5,20,0.0,,-0.076683,-5.764805,-5.841487,True,False,24,S48,False,22,1.6319,pickup,,,,,,,,,,,,,,,,,,,,,,,,,,,,,,,,,,,,,,,,,,,,,,,,,,,,,,,,,,,
47,24,12,15,S48,False,15,5,20,7,0,0,0,0,0,"['B251', 'B110', 'B339', 'B673', 'B767', 'B312', 'B509']",6.5,S29,7.68,8,5,13,0.0,,-0.094538,-5.73109,-5.825628,False,False,18,S34,True,12,0.619,delivery,,,,,,,,,,,,,,,,,,,,,,,,,,,,,,,,,,,,,,,,,,,,,,,,,,,,,,,,,,,
47,24,12,29,S29,False,8,5,13,0,0,0,0,0,0,[],3.0,S34,2.43,8,5,13,0.0,,-0.100006,-5.773782,-5.873787,False,False,12,S11,True,1,0.4844,do_nothing,,,,,,,,,,,,,,,,,,,,,,,,,,,,,,,,,,,,,,,,,,,,,,,,,,,,,,,,,,,
47,24,12,34,S34,False,8,5,13,0,0,0,0,0,0,[],3.0,S63,5.11,8,5,13,0.0,,-0.135266,-5.764077,-5.899343,False,False,12,S1,True,4,0.5239,do_nothing,,,,,,,,,,,,,,,,,,,,,,,,,,,,,,,,,,,,,,,,,,,,,,,,,,,,,,,,,,,
47,24,12,42,S63,False,8,5,13,8,0,0,0,0,0,"['B448', 'B198', 'B568', 'B286', 'B345', 'B297', 'B145', 'B19']",7.0,S5,13.17,0,5,5,0.0,,-0.176297,-5.755974,-5.932271,False,False,12,S5,False,7,0.5649,delivery,,,,,,,,,,,,,,,,,,,,,,,,,,,,,,,,,,,,,,,,,,,,,,,,,,,,,,,,,,,
47,24,13,3,S5,False,0,5,5,0,10,0,0,0,0,"['B237', 'B129', 'B732', 'B363', 'B739', 'B569', 'B723', 'B766', 'B323', 'B462']",8.0,S29,14.34,10,5,15,0.0,,-0.283,-5.792477,-6.075477,True,False,108,S13,True,73,5.6001,pickup,,,,,,,,,,,,,,,,,,,,,,,,,,,,,,,,,,,,,,,,,,,,,,,,,,,,,,,,,,,
47,24,13,25,S29,False,10,5,15,10,0,0,0,0,0,"['B237', 'B129', 'B732', 'B363', 'B739', 'B569', 'B723', 'B766', 'B323', 'B462']",8.0,S13,14.36,0,5,5,0.0,,-0.490256,-5.772284,-6.26254,False,False,12,S1,True,6,0.3728,delivery,,,,,,,,,,,,,,,,,,,,,,,,,,,,,,,,,,,,,,,,,,,,,,,,,,,,,,,,,,,
47,24,13,47,S13,False,0,5,5,0,15,0,0,0,0,"['B56', 'B507', 'B470', 'B80', 'B335', 'B274', 'B502', 'B481', 'B398', 'B318', 'B81', 'B140', 'B536', 'B108', 'B13']",10.5,S26,11.1,15,5,20,0.0,,-0.544042,-5.742208,-6.28625,True,False,24,S26,False,18,1.6511,pickup,,,,,,,,,,,,,,,,,,,,,,,,,,,,,,,,,,,,,,,,,,,,,,,,,,,,,,,,,,,
47,24,14,9,S26,False,15,5,20,15,0,0,0,0,0,"['B56', 'B507', 'B470', 'B80', 'B335', 'B274', 'B502', 'B481', 'B398', 'B318', 'B81', 'B140', 'B536', 'B108', 'B13']",10.5,S41,6.65,0,5,5,0.0,,-0.55646,-5.746262,-6.302722,True,False,18,S63,True,6,1.1529,delivery,,,,,,,,,,,,,,,,,,,,,,,,,,,,,,,,,,,,,,,,,,,,,,,,,,,,,,,,,,,
47,24,14,26,S41,False,0,5,5,0,0,0,0,0,0,[],3.0,S37,3.7,0,5,5,0.0,,-0.639836,-5.784733,-6.424569,True,False,90,S37,True,0,3.7336,do_nothing,,,,,,,,,,,,,,,,,,,,,,,,,,,,,,,,,,,,,,,,,,,,,,,,,,,,,,,,,,,
47,24,14,33,S37,False,0,5,5,0,15,0,0,0,0,"['B168', 'B238', 'B325', 'B418', 'B642', 'B419', 'B657', 'B495', 'B539', 'B646', 'B585', 'B304', 'B626', 'B394', 'B625']",10.5,S43,1.66,15,5,20,0.0,,-0.575625,-5.776376,-6.352001,True,False,48,S43,False,36,3.5474,pickup,,,,,,,,,,,,,,,,,,,,,,,,,,,,,,,,,,,,,,,,,,,,,,,,,,,,,,,,,,,
47,24,14,45,S43,False,15,5,20,15,0,0,0,0,0,"['B168', 'B238', 'B325', 'B418', 'B642', 'B419', 'B657', 'B495', 'B539', 'B646', 'B585', 'B304', 'B626', 'B394', 'B625']",10.5,S23,8.96,0,5,5,0.0,,-0.545454,-5.755717,-6.301171,True,False,18,S44,True,10,1.1359,delivery,,,,,,,,,,,,,,,,,,,,,,,,,,,,,,,,,,,,,,,,,,,,,,,,,,,,,,,,,,,
47,24,15,4,S23,False,0,5,5,0,7,0,0,0,0,"['B245', 'B234', 'B135', 'B643', 'B276', 'B346', 'B681']",6.5,S12,13.52,7,5,12,0.0,,-0.265937,-5.745064,-6.011001,True,False,36,S12,False,16,1.5679,pickup,,,,,,,,,,,,,,,,,,,,,,,,,,,,,,,,,,,,,,,,,,,,,,,,,,,,,,,,,,,
47,24,15,24,S12,False,7,5,12,0,0,0,0,0,0,[],3.0,S65,12.43,7,5,12,0.0,,-0.242641,-5.723007,-5.965648,True,False,36,S49,True,2,0.7878,do_nothing,,,,,,,,,,,,,,,,,,,,,,,,,,,,,,,,,,,,,,,,,,,,,,,,,,,,,,,,,,,
47,24,15,40,S65,False,7,5,12,0,8,0,0,0,0,"['B602', 'B375', 'B93', 'B458', 'B78', 'B671', 'B759', 'B43']",7.0,S50,9.57,15,5,20,0.0,,-0.331387,-5.781304,-6.112691,False,False,12,S49,True,10,0.3294,pickup,,,,,,,,,,,,,,,,,,,,,,,,,,,,,,,,,,,,,,,,,,,,,,,,,,,,,,,,,,,
47,24,15,56,S50,False,15,5,20,15,0,0,0,0,0,"['B245', 'B234', 'B135', 'B643', 'B276', 'B346', 'B681', 'B602', 'B375', 'B93', 'B458', 'B78', 'B671', 'B759', 'B43']",10.5,S48,8.86,0,5,5,0.0,,-0.419988,-5.761012,-6.181,False,False,12,S63,True,8,0.4943,delivery,,,,,,,,,,,,,,,,,,,,,,,,,,,,,,,,,,,,,,,,,,,,,,,,,,,,,,,,,,,
47,24,16,16,S48,False,0,5,5,0,9,0,0,0,0,"['B673', 'B767', 'B312', 'B509', 'B640', 'B121', 'B255', 'B535', 'B427']",7.5,S34,8.54,9,5,14,0.0,,-0.15973,-5.731262,-5.890992,False,False,18,S12,True,13,0.8696,pickup,,,,,,,,,,,,,,,,,,,,,,,,,,,,,,,,,,,,,,,,,,,,,,,,,,,,,,,,,,,
47,24,16,32,S34,False,9,5,14,0,0,0,0,0,0,[],3.0,S35,4.29,9,5,14,0.0,,-0.201449,-5.722456,-5.923905,False,False,12,S35,False,3,0.6043,do_nothing,,,,,,,,,,,,,,,,,,,,,,,,,,,,,,,,,,,,,,,,,,,,,,,,,,,,,,,,,,,
47,24,16,39,S35,False,9,5,14,9,0,0,0,0,0,"['B673', 'B767', 'B312', 'B509', 'B640', 'B121', 'B255', 'B535', 'B427']",7.5,S22,12.12,0,5,5,0.0,,-0.272109,-5.757384,-6.029493,False,False,12,S22,False,7,0.6538,delivery,,,,,,,,,,,,,,,,,,,,,,,,,,,,,,,,,,,,,,,,,,,,,,,,,,,,,,,,,,,
47,24,16,59,S22,False,0,5,5,0,15,0,0,0,0,"['B667', 'B252', 'B69', 'B460', 'B721', 'B564', 'B525', 'B758', 'B624', 'B386', 'B382', 'B149', 'B567', 'B648', 'B256']",10.5,S60,4.28,15,5,20,0.0,,-0.360685,-5.806005,-6.16669,True,False,18,S65,True,16,1.1822,pickup,,,,,,,,,,,,,,,,,,,,,,,,,,,,,,,,,,,,,,,,,,,,,,,,,,,,,,,,,,,
47,24,17,13,S60,False,15,5,20,15,0,0,4,0,0,"['B718', 'B66', 'B565', 'B631', 'B667', 'B252', 'B69', 'B460', 'B721', 'B564', 'B525', 'B758', 'B624', 'B386', 'B382', 'B149', 'B567', 'B648', 'B256']",12.5,S32,6.97,0,9,9,0.0,,-0.236487,-5.71347,-5.949957,True,True,36,S45,True,32,1.5275,delivery+depot_removal,,,,,,,,,,,,,,,,,,,,,,,,,,,,,,,,,,,,,,,,,,,,,,,,,,,,,,,,,,,
47,24,17,33,S32,False,0,9,9,0,11,0,0,0,0,"['B183', 'B301', 'B504', 'B387', 'B289', 'B294', 'B145', 'B292', 'B598', 'B647', 'B206']",8.5,S49,7.85,11,9,20,0.0,,-0.135746,-5.64707,-5.782816,False,False,18,S18,True,6,0.652,pickup,,,,,,,,,,,,,,,,,,,,,,,,,,,,,,,,,,,,,,,,,,,,,,,,,,,,,,,,,,,
47,24,17,49,S49,False,11,9,20,11,0,0,0,0,0,"['B183', 'B301', 'B504', 'B387', 'B289', 'B294', 'B145', 'B292', 'B598', 'B647', 'B206']",8.5,S18,2.0,0,9,9,0.0,,-0.171204,-5.63595,-5.807154,True,False,18,S31,True,7,0.965,delivery,,,,,,,,,,,,,,,,,,,,,,,,,,,,,,,,,,,,,,,,,,,,,,,,,,,,,,,,,,,
47,24,18,0,S18,False,0,9,9,0,11,0,0,0,0,"['B282', 'B727', 'B340', 'B717', 'B261', 'B230', 'B27', 'B87', 'B719', 'B161', 'B271']",8.5,S38,1.67,11,9,20,0.0,,-0.218301,-5.678517,-5.896818,True,False,18,S66,True,14,0.9316,pickup,,,,,,,,,,,,,,,,,,,,,,,,,,,,,,,,,,,,,,,,,,,,,,,,,,,,,,,,,,,
47,24,18,10,S38,False,11,9,20,11,0,0,0,0,0,"['B282', 'B727', 'B340', 'B717', 'B261', 'B230', 'B27', 'B87', 'B719', 'B161', 'B271']",8.5,S42,11.11,0,9,9,0.0,,-0.171262,-5.648938,-5.8202,False,False,12,S44,True,9,0.387,delivery,,,,,,,,,,,,,,,,,,,,,,,,,,,,,,,,,,,,,,,,,,,,,,,,,,,,,,,,,,,
47,24,18,30,S42,False,0,9,9,0,11,0,0,0,0,"['B491', 'B566', 'B73', 'B269', 'B632', 'B600', 'B492', 'B556', 'B725', 'B374', 'B114']",8.5,S44,8.11,11,9,20,0.0,,-0.142189,-5.641079,-5.783269,True,False,18,S63,True,16,0.546,pickup,,,,,,,,,,,,,,,,,,,,,,,,,,,,,,,,,,,,,,,,,,,,,,,,,,,,,,,,,,,
47,24,18,46,S44,False,11,9,20,11,0,0,0,0,0,"['B491', 'B566', 'B73', 'B269', 'B632', 'B600', 'B492', 'B556', 'B725', 'B374', 'B114']",8.5,S35,6.81,0,9,9,0.0,,-0.082958,-5.614577,-5.697536,False,False,12,S35,False,6,0.3806,delivery,,,,,,,,,,,,,,,,,,,,,,,,,,,,,,,,,,,,,,,,,,,,,,,,,,,,,,,,,,,
47,24,19,1,S35,False,0,9,9,0,11,0,0,0,0,"['B716', 'B107', 'B165', 'B547', 'B436', 'B103', 'B97', 'B411', 'B675', 'B123', 'B616']",8.5,S33,6.01,11,9,20,0.0,,-0.076651,-5.616186,-5.692837,False,False,12,S33,False,6,0.3796,pickup,,,,,,,,,,,,,,,,,,,,,,,,,,,,,,,,,,,,,,,,,,,,,,,,,,,,,,,,,,,
47,24,19,16,S33,False,11,9,20,11,0,0,0,0,0,"['B716', 'B107', 'B165', 'B547', 'B436', 'B103', 'B97', 'B411', 'B675', 'B123', 'B616']",8.5,S31,3.18,0,9,9,0.0,,-0.076952,-5.587183,-5.664135,False,False,12,S34,True,6,0.4541,delivery,,,,,,,,,,,,,,,,,,,,,,,,,,,,,,,,,,,,,,,,,,,,,,,,,,,,,,,,,,,
47,24,19,28,S31,False,0,9,9,0,11,0,0,0,0,"['B684', 'B363', 'B732', 'B28', 'B356', 'B613', 'B484', 'B499', 'B364', 'B185', 'B142']",8.5,S52,2.99,11,9,20,0.0,,-0.071214,-5.591669,-5.662883,True,False,34,S66,True,24,1.179,pickup,,,,,,,,,,,,,,,,,,,,,,,,,,,,,,,,,,,,,,,,,,,,,,,,,,,,,,,,,,,
47,24,19,39,S52,False,11,9,20,0,0,0,0,0,0,[],3.0,S15,4.21,11,9,20,0.0,,-0.047067,-5.605583,-5.65265,True,False,7,S34,True,1,0.195,do_nothing,,,,,,,,,,,,,,,,,,,,,,,,,,,,,,,,,,,,,,,,,,,,,,,,,,,,,,,,,,,
47,24,19,46,S15,False,11,9,20,11,0,1,0,0,0,"['B684', 'B363', 'B732', 'B28', 'B356', 'B613', 'B484', 'B499', 'B364', 'B185', 'B142']",11.5,D0,1.31,0,9,9,0.0,,-0.100876,-5.617503,-5.718379,True,True,4,D0,False,3,0.1087,delivery+onsite,,,,,,,,,,,,,,,,,,,,,,,,,,,,,,,,,,,,,,,,,,,,,,,,,,,,,,,,,,,
47,24,19,59,D0,True,0,9,9,9,0,0,0,9,11,"['B266', 'B453', 'B380', 'B169', 'B361', 'B687', 'B480', 'B299', 'B291', 'B152', 'B439', 'B597', 'B703', 'B242', 'B308', 'B465', 'B718', 'B66', 'B565', 'B631']",17.5,D0,0.0,2,0,2,0.0,,-0.08865,-5.609151,-5.697801,True,True,1,D0,False,0,0.0331,do_nothing,,,,,,,,,,,,,,,,,,,,,,,,,,,,,,,,,,,,,,,,,,,,,,,,,,,,,,,,,,,
47,25,6,8,D0,True,11,0,11,0,0,0,0,0,0,[],3.0,S40,0.66,11,0,11,0.0,,-0.306846,-5.745337,-6.052182,True,True,5,S34,True,1,0.2156,depot_passthrough,,,,,,,,,,,,,,,,,,,,,,,,,,,,,,,,,,,,,,,,,,,,,,,,,,,,,,,,,,,
47,25,6,26,S40,False,11,0,11,11,0,0,0,0,0,"['B266', 'B453', 'B380', 'B169', 'B361', 'B687', 'B480', 'B299', 'B291', 'B152', 'B439']",8.5,S54,2.17,0,0,0,0.0,,-0.302533,-5.743564,-6.046097,True,False,36,S27,True,22,1.158,delivery,,,,,,,,,,,,,,,,,,,,,,,,,,,,,,,,,,,,,,,,,,,,,,,,,,,,,,,,,,,
47,25,6,37,S54,False,0,0,0,0,16,0,0,0,0,"['B337', 'B393', 'B64', 'B172', 'B99', 'B90', 'B701', 'B351', 'B494', 'B577', 'B426', 'B627', 'B689', 'B155', 'B673', 'B712']",11.0,S51,6.18,16,0,16,0.0,,-0.272635,-5.77468,-6.047316,False,False,18,S60,True,7,0.6507,pickup,,,,,,,,,,,,,,,,,,,,,,,,,,,,,,,,,,,,,,,,,,,,,,,,,,,,,,,,,,,
47,25,6,54,S51,False,16,0,16,16,0,0,0,0,0,"['B337', 'B393', 'B64', 'B172', 'B99', 'B90', 'B701', 'B351', 'B494', 'B577', 'B426', 'B627', 'B689', 'B155', 'B673', 'B712']",11.0,S60,7.5,0,0,0,0.0,,-0.147731,-5.746888,-5.894619,True,False,72,S15,True,38,2.8696,delivery,,,,,,,,,,,,,,,,,,,,,,,,,,,,,,,,,,,,,,,,,,,,,,,,,,,,,,,,,,,
47,25,7,13,S60,False,0,0,0,0,20,0,0,0,0,"['B386', 'B382', 'B149', 'B567', 'B648', 'B256', 'B12', 'B558', 'B630', 'B580', 'B530', 'B3', 'B430', 'B220', 'B640', 'B504', 'B294', 'B683', 'B178', 'B639']",13.0,S27,3.14,20,0,20,0.0,,-0.123913,-5.739118,-5.863031,False,False,18,S66,True,10,0.9119,pickup,,,,,,,,,,,,,,,,,,,,,,,,,,,,,,,,,,,,,,,,,,,,,,,,,,,,,,,,,,,
47,25,7,29,S27,False,20,0,20,11,0,0,0,0,0,"['B386', 'B382', 'B149', 'B567', 'B648', 'B256', 'B12', 'B558', 'B630', 'B580', 'B530']",8.5,S15,1.32,9,0,9,0.0,,-0.177422,-5.783242,-5.960664,True,False,60,S15,False,16,1.7671,delivery,,,,,,,,,,,,,,,,,,,,,,,,,,,,,,,,,,,,,,,,,,,,,,,,,,,,,,,,,,,
47,25,7,39,S15,False,9,0,9,9,0,0,0,0,0,"['B3', 'B430', 'B220', 'B640', 'B504', 'B294', 'B683', 'B178', 'B639']",7.5,S37,4.99,0,0,0,0.0,,-0.171895,-5.739163,-5.911058,False,False,12,S4,True,8,0.5797,delivery,,,,,,,,,,,,,,,,,,,,,,,,,,,,,,,,,,,,,,,,,,,,,,,,,,,,,,,,,,,
47,25,7,51,S37,False,0,0,0,0,20,1,0,0,0,"['B143', 'B706', 'B170', 'B86', 'B259', 'B6', 'B134', 'B656', 'B702', 'B23', 'B762', 'B709', 'B177', 'B518', 'B487', 'B167', 'B620', 'B365', 'B171', 'B381']",16.0,S62,2.6,20,0,20,0.0,,-0.201194,-5.751895,-5.953089,True,True,72,S43,True,43,3.6116,pickup+onsite,,,,,,,,,,,,,,,,,,,,,,,,,,,,,,,,,,,,,,,,,,,,,,,,,,,,,,,,,,,
47,25,8,10,S62,False,20,0,20,13,0,0,0,0,0,"['B143', 'B706', 'B170', 'B86', 'B259', 'B6', 'B134', 'B656', 'B702', 'B23', 'B762', 'B709', 'B177']",9.5,S55,3.22,7,0,7,0.0,,-0.195622,-5.804602,-6.000224,True,False,60,S53,True,39,2.0904,delivery,,,,,,,,,,,,,,,,,,,,,,,,,,,,,,,,,,,,,,,,,,,,,,,,,,,,,,,,,,,
47,25,8,22,S55,False,7,0,7,0,13,0,0,0,0,"['B131', 'B307', 'B113', 'B417', 'B578', 'B600', 'B766', 'B421', 'B698', 'B610', 'B767', 'B707', 'B65']",9.5,S26,6.67,20,0,20,0.0,,-0.183069,-5.789845,-5.972914,False,False,12,S43,True,7,0.3991,pickup,,,,,,,,,,,,,,,,,,,,,,,,,,,,,,,,,,,,,,,,,,,,,,,,,,,,,,,,,,,
47,25,8,39,S26,False,20,0,20,20,0,0,0,0,0,"['B518', 'B487', 'B167', 'B620', 'B365', 'B171', 'B381', 'B131', 'B307', 'B113', 'B417', 'B578', 'B600', 'B766', 'B421', 'B698', 'B610', 'B767', 'B707', 'B65']",13.0,S31,6.02,0,0,0,0.0,,-0.094448,-5.759427,-5.853874,True,False,18,S59,True,8,1.3361,delivery,,,,,,,,,,,,,,,,,,,,,,,,,,,,,,,,,,,,,,,,,,,,,,,,,,,,,,,,,,,
47,25,8,58,S31,False,0,0,0,0,20,0,0,0,0,"['B110', 'B338', 'B36', 'B507', 'B607', 'B301', 'B760', 'B595', 'B145', 'B292', 'B708', 'B509', 'B343', 'B717', 'B204', 'B151', 'B451', 'B633', 'B505', 'B688']",13.0,S43,4.35,20,0,20,0.0,,-0.242523,-5.787166,-6.029689,True,False,60,S61,True,25,4.2931,pickup,,,,,,,,,,,,,,,,,,,,,,,,,,,,,,,,,,,,,,,,,,,,,,,,,,,,,,,,,,,
47,25,9,15,S43,False,20,0,20,0,0,0,0,0,0,[],3.0,S63,0.64,20,0,20,0.0,,-0.165482,-5.739593,-5.905075,True,False,54,S63,True,0,2.1955,do_nothing,,,,,,,,,,,,,,,,,,,,,,,,,,,,,,,,,,,,,,,,,,,,,,,,,,,,,,,,,,,
47,25,9,19,S63,False,20,0,20,11,0,0,0,0,0,"['B110', 'B338', 'B36', 'B507', 'B607', 'B301', 'B760', 'B595', 'B145', 'B292', 'B708']",8.5,S43,0.64,9,0,9,0.0,,-0.106717,-5.755542,-5.862259,True,False,30,S65,True,6,1.2027,delivery,,,,,,,,,,,,,,,,,,,,,,,,,,,,,,,,,,,,,,,,,,,,,,,,,,,,,,,,,,,
47,25,9,28,S43,False,9,0,9,9,0,0,1,0,0,"['B392', 'B509', 'B343', 'B717', 'B204', 'B151', 'B451', 'B633', 'B505', 'B688']",8.0,S39,4.89,0,1,1,0.0,,-0.177826,-5.741668,-5.919494,True,True,48,S39,True,30,2.3053,delivery+depot_removal,,,,,,,,,,,,,,,,,,,,,,,,,,,,,,,,,,,,,,,,,,,,,,,,,,,,,,,,,,,
47,25,9,41,S39,False,0,1,1,0,19,0,0,0,0,"['B104', 'B24', 'B403', 'B319', 'B523', 'B552', 'B719', 'B77', 'B680', 'B516', 'B564', 'B280', 'B734', 'B271', 'B704', 'B187', 'B519', 'B123', 'B545']",12.5,S24,10.34,19,1,20,0.0,,-0.13028,-5.704109,-5.834389,True,False,24,S0,True,19,1.6889,pickup,,,,,,,,,,,,,,,,,,,,,,,,,,,,,,,,,,,,,,,,,,,,,,,,,,,,,,,,,,,
47,25,10,3,S24,False,19,1,20,10,0,0,0,0,0,"['B104', 'B24', 'B403', 'B319', 'B523', 'B552', 'B719', 'B77', 'B680', 'B516']",8.0,S57,9.86,9,1,10,0.0,,-0.047291,-5.685964,-5.733256,False,False,18,S57,False,7,1.1875,delivery,,,,,,,,,,,,,,,,,,,,,,,,,,,,,,,,,,,,,,,,,,,,,,,,,,,,,,,,,,,
47,25,10,21,S57,False,9,1,10,9,0,0,0,0,0,"['B564', 'B280', 'B734', 'B271', 'B704', 'B187', 'B519', 'B123', 'B545']",7.5,S32,3.4,0,1,1,0.0,,-0.118312,-5.692042,-5.810353,False,False,12,S32,False,6,0.6788,delivery,,,,,,,,,,,,,,,,,,,,,,,,,,,,,,,,,,,,,,,,,,,,,,,,,,,,,,,,,,,
47,25,10,32,S32,False,0,1,1,0,12,0,0,0,0,"['B353', 'B16', 'B297', 'B399', 'B740', 'B326', 'B245', 'B635', 'B70', 'B172', 'B614', 'B174']",9.0,S22,10.82,12,1,13,0.0,,-0.094749,-5.729684,-5.824433,False,False,18,S22,False,12,1.0442,pickup,,,,,,,,,,,,,,,,,,,,,,,,,,,,,,,,,,,,,,,,,,,,,,,,,,,,,,,,,,,
47,25,10,52,S22,False,12,1,13,0,0,0,0,0,0,[],3.0,S65,1.36,12,1,13,0.0,,-0.206632,-5.763481,-5.970114,True,False,24,S8,True,0,1.7668,do_nothing,,,,,,,,,,,,,,,,,,,,,,,,,,,,,,,,,,,,,,,,,,,,,,,,,,,,,,,,,,,
47,25,10,56,S65,False,12,1,13,0,0,1,0,0,0,[],6.0,S34,6.58,12,1,13,0.0,,-0.117936,-5.769839,-5.887775,True,True,24,S8,True,8,1.651,do_nothing+onsite,,,,,,,,,,,,,,,,,,,,,,,,,,,,,,,,,,,,,,,,,,,,,,,,,,,,,,,,,,,
47,25,11,9,S34,False,12,1,13,12,0,0,0,0,0,"['B353', 'B16', 'B297', 'B399', 'B740', 'B326', 'B245', 'B635', 'B70', 'B172', 'B614', 'B174']",9.0,S64,5.58,0,1,1,0.0,,-0.159714,-5.765528,-5.925242,False,False,12,S64,False,10,0.6407,delivery,,,,,,,,,,,,,,,,,,,,,,,,,,,,,,,,,,,,,,,,,,,,,,,,,,,,,,,,,,,
47,25,11,24,S64,False,0,1,1,0,8,1,0,0,0,"['B215', 'B547', 'B436', 'B612', 'B588', 'B251', 'B2', 'B643']",10.0,S29,7.1,8,1,9,0.0,,-0.229265,-5.79595,-6.025214,True,True,36,S59,True,32,2.1076,pickup+onsite,,,,,,,,,,,,,,,,,,,,,,,,,,,,,,,,,,,,,,,,,,,,,,,,,,,,,,,,,,,
47,25,11,41,S29,False,8,1,9,8,0,0,0,0,0,"['B215', 'B547', 'B436', 'B612', 'B588', 'B251', 'B2', 'B643']",7.0,S55,2.12,0,1,1,0.0,,-0.259901,-5.804264,-6.064165,False,False,12,S55,False,6,0.6459,delivery,,,,,,,,,,,,,,,,,,,,,,,,,,,,,,,,,,,,,,,,,,,,,,,,,,,,,,,,,,,
47,25,11,50,S55,False,0,1,1,0,18,0,0,0,0,"['B264', 'B652', 'B51', 'B180', 'B32', 'B205', 'B650', 'B73', 'B764', 'B232', 'B28', 'B566', 'B653', 'B601', 'B395', 'B533', 'B550', 'B340']",12.0,S54,0.95,18,1,19,0.0,,-0.272307,-5.822318,-6.094624,False,False,18,S54,False,12,1.1533,pickup,,,,,,,,,,,,,,,,,,,,,,,,,,,,,,,,,,,,,,,,,,,,,,,,,,,,,,,,,,,
47,25,12,3,S54,False,18,1,19,17,0,0,0,0,0,"['B264', 'B652', 'B51', 'B180', 'B32', 'B205', 'B650', 'B73', 'B764', 'B232', 'B28', 'B566', 'B653', 'B601', 'B395', 'B533', 'B550']",11.5,S42,4.21,1,1,2,0.0,,-0.206195,-5.832389,-6.038584,False,False,18,S17,True,6,1.0339,delivery,,,,,,,,,,,,,,,,,,,,,,,,,,,,,,,,,,,,,,,,,,,,,,,,,,,,,,,,,,,
47,25,12,18,S42,False,1,1,2,0,8,0,0,0,0,"['B302', 'B261', 'B277', 'B194', 'B738', 'B741', 'B415', 'B374']",7.0,S36,7.67,9,1,10,0.0,,-0.254525,-5.840807,-6.095332,True,False,36,S32,True,16,1.6703,pickup,,,,,,,,,,,,,,,,,,,,,,,,,,,,,,,,,,,,,,,,,,,,,,,,,,,,,,,,,,,
47,25,12,33,S36,False,9,1,10,9,0,0,2,0,0,"['B336', 'B350', 'B340', 'B302', 'B261', 'B277', 'B194', 'B738', 'B741', 'B415', 'B374']",8.5,S51,1.89,0,3,3,0.0,,-0.366721,-5.837186,-6.203907,True,True,36,S32,True,30,1.867,delivery+depot_removal,,,,,,,,,,,,,,,,,,,,,,,,,,,,,,,,,,,,,,,,,,,,,,,,,,,,,,,,,,,
47,25,12,44,S51,False,0,3,3,0,10,1,0,0,0,"['B745', 'B292', 'B592', 'B244', 'B570', 'B226', 'B367', 'B335', 'B162', 'B534']",11.0,S29,7.57,10,3,13,0.0,,-0.27792,-5.814964,-6.092884,True,True,108,S59,True,91,4.6688,pickup+onsite,,,,,,,,,,,,,,,,,,,,,,,,,,,,,,,,,,,,,,,,,,,,,,,,,,,,,,,,,,,
47,25,13,2,S29,False,10,3,13,10,0,0,0,0,0,"['B745', 'B292', 'B592', 'B244', 'B570', 'B226', 'B367', 'B335', 'B162', 'B534']",8.0,S41,7.7,0,3,3,0.0,,-0.442413,-5.821078,-6.263492,False,False,12,S41,False,6,0.615,delivery,,,,,,,,,,,,,,,,,,,,,,,,,,,,,,,,,,,,,,,,,,,,,,,,,,,,,,,,,,,
47,25,13,18,S41,False,0,3,3,0,10,0,0,0,0,"['B470', 'B634', 'B9', 'B761', 'B577', 'B647', 'B682', 'B342', 'B323', 'B72']",8.0,S30,0.92,10,3,13,0.0,,-0.336746,-5.805267,-6.142013,True,False,84,S31,True,54,4.2938,pickup,,,,,,,,,,,,,,,,,,,,,,,,,,,,,,,,,,,,,,,,,,,,,,,,,,,,,,,,,,,
47,25,13,27,S30,False,10,3,13,0,7,1,0,0,0,"['B278', 'B454', 'B748', 'B379', 'B95', 'B659', 'B562']",9.5,S26,6.33,17,3,20,0.0,,-0.353029,-5.774067,-6.127096,True,True,48,S23,True,44,1.5875,pickup+onsite,,,,,,,,,,,,,,,,,,,,,,,,,,,,,,,,,,,,,,,,,,,,,,,,,,,,,,,,,,,
47,25,13,43,S26,False,17,3,20,17,0,0,1,0,0,"['B503', 'B470', 'B634', 'B9', 'B761', 'B577', 'B647', 'B682', 'B342', 'B323', 'B72', 'B278', 'B454', 'B748', 'B379', 'B95', 'B659', 'B562']",12.0,S40,5.09,0,4,4,0.0,,-0.412992,-5.797792,-6.210784,True,True,18,S23,True,12,1.0643,delivery+depot_removal,,,,,,,,,,,,,,,,,,,,,,,,,,,,,,,,,,,,,,,,,,,,,,,,,,,,,,,,,,,
47,25,14,0,S40,False,0,4,4,0,10,0,0,0,0,"['B112', 'B192', 'B697', 'B238', 'B409', 'B429', 'B626', 'B203', 'B434', 'B361']",8.0,S39,6.46,10,4,14,0.0,,-0.609084,-5.821437,-6.430521,True,False,54,S31,True,37,2.1433,pickup,,,,,,,,,,,,,,,,,,,,,,,,,,,,,,,,,,,,,,,,,,,,,,,,,,,,,,,,,,,
47,25,14,14,S39,False,10,4,14,10,0,0,0,0,0,"['B112', 'B192', 'B697', 'B238', 'B409', 'B429', 'B626', 'B203', 'B434', 'B361']",8.0,S31,3.72,0,4,4,0.0,,-0.6042,-5.775074,-6.379273,True,False,36,S44,True,19,2.253,delivery,,,,,,,,,,,,,,,,,,,,,,,,,,,,,,,,,,,,,,,,,,,,,,,,,,,,,,,,,,,
47,25,14,26,S31,False,0,4,4,0,16,0,0,0,0,"['B585', 'B743', 'B443', 'B487', 'B32', 'B305', 'B51', 'B137', 'B2', 'B153', 'B571', 'B149', 'B588', 'B228', 'B218', 'B566']",11.0,S29,6.48,16,4,20,0.0,,-0.490812,-5.810306,-6.301118,True,False,36,S41,True,25,2.1576,pickup,,,,,,,,,,,,,,,,,,,,,,,,,,,,,,,,,,,,,,,,,,,,,,,,,,,,,,,,,,,
47,25,14,43,S29,False,16,4,20,16,0,0,0,0,0,"['B585', 'B743', 'B443', 'B487', 'B32', 'B305', 'B51', 'B137', 'B2', 'B153', 'B571', 'B149', 'B588', 'B228', 'B218', 'B566']",11.0,S5,14.34,0,4,4,0.0,,-0.373735,-5.775581,-6.149315,False,False,12,S10,True,8,0.6605,delivery,,,,,,,,,,,,,,,,,,,,,,,,,,,,,,,,,,,,,,,,,,,,,,,,,,,,,,,,,,,
47,25,15,9,S5,False,0,4,4,0,16,0,0,0,0,"['B385', 'B199', 'B227', 'B477', 'B235', 'B360', 'B122', 'B593', 'B249', 'B37', 'B376', 'B750', 'B419', 'B100', 'B502', 'B611']",11.0,S23,4.49,16,4,20,0.0,,-0.15299,-5.690479,-5.843469,True,False,54,S62,True,36,4.7835,pickup,,,,,,,,,,,,,,,,,,,,,,,,,,,,,,,,,,,,,,,,,,,,,,,,,,,,,,,,,,,
47,25,15,24,S23,False,16,4,20,0,0,0,0,0,0,[],3.0,S2,2.77,16,4,20,0.0,,-0.207442,-5.689303,-5.896746,True,False,42,S17,True,4,2.7315,do_nothing,,,,,,,,,,,,,,,,,,,,,,,,,,,,,,,,,,,,,,,,,,,,,,,,,,,,,,,,,,,
47,25,15,30,S2,False,16,4,20,11,0,0,0,0,0,"['B385', 'B199', 'B227', 'B477', 'B235', 'B360', 'B122', 'B593', 'B249', 'B37', 'B376']",8.5,S17,6.97,5,4,9,0.0,,-0.225042,-5.666026,-5.891068,False,False,18,S17,False,6,1.0642,delivery,,,,,,,,,,,,,,,,,,,,,,,,,,,,,,,,,,,,,,,,,,,,,,,,,,,,,,,,,,,
47,25,15,45,S17,False,5,4,9,0,0,0,0,0,0,[],3.0,S14,5.48,5,4,9,0.0,,-0.266613,-5.647817,-5.914431,False,False,12,S14,False,3,0.7049,do_nothing,,,,,,,,,,,,,,,,,,,,,,,,,,,,,,,,,,,,,,,,,,,,,,,,,,,,,,,,,,,
47,25,15,54,S14,False,5,4,9,5,0,0,0,0,0,"['B750', 'B419', 'B100', 'B502', 'B611']",5.5,S62,6.76,0,4,4,0.0,,-0.31359,-5.654737,-5.968326,True,False,24,S62,False,12,1.1594,delivery,,,,,,,,,,,,,,,,,,,,,,,,,,,,,,,,,,,,,,,,,,,,,,,,,,,,,,,,,,,
47,25,16,6,S62,False,0,4,4,0,11,1,1,0,0,"['B355', 'B343', 'B378', 'B84', 'B527', 'B126', 'B7', 'B402', 'B326', 'B187', 'B23', 'B538']",12.0,S53,2.18,11,5,16,0.0,,-0.230448,-5.648948,-5.879396,True,True,72,S32,True,68,2.5825,pickup+maintenance,,,,,,,,,,,,,,,,,,,,,,,,,,,,,,,,,,,,,,,,,,,,,,,,,,,,,,,,,,,
47,25,16,20,S53,False,11,5,16,0,0,0,0,0,0,[],3.0,S63,1.49,11,5,16,0.0,,-0.136392,-5.640929,-5.777321,True,False,24,S19,True,0,0.989,do_nothing,,,,,,,,,,,,,,,,,,,,,,,,,,,,,,,,,,,,,,,,,,,,,,,,,,,,,,,,,,,
47,25,16,25,S63,False,11,5,16,0,0,0,0,0,0,[],3.0,S46,1.02,11,5,16,0.0,,-0.170994,-5.645662,-5.816656,True,False,24,S32,True,4,0.8297,do_nothing,,,,,,,,,,,,,,,,,,,,,,,,,,,,,,,,,,,,,,,,,,,,,,,,,,,,,,,,,,,
47,25,16,29,S46,False,11,5,16,11,0,0,0,0,0,"['B355', 'B343', 'B378', 'B84', 'B527', 'B126', 'B7', 'B402', 'B326', 'B187', 'B23']",8.5,S8,13.25,0,5,5,0.0,,-0.153845,-5.619441,-5.773286,False,False,18,S63,True,15,0.6417,delivery,,,,,,,,,,,,,,,,,,,,,,,,,,,,,,,,,,,,,,,,,,,,,,,,,,,,,,,,,,,
47,25,16,51,S8,False,0,5,5,0,12,0,0,0,0,"['B733', 'B522', 'B34', 'B241', 'B63', 'B591', 'B464', 'B39', 'B318', 'B125', 'B106', 'B275']",9.0,S63,14.1,12,5,17,0.0,,-0.212925,-5.642044,-5.854969,False,False,18,S63,False,12,0.9792,pickup,,,,,,,,,,,,,,,,,,,,,,,,,,,,,,,,,,,,,,,,,,,,,,,,,,,,,,,,,,,
47,25,17,14,S63,False,12,5,17,0,0,0,1,0,0,['B676'],3.5,S16,0.31,12,6,18,0.0,,-0.1125,-5.610211,-5.722711,True,True,36,S16,True,6,1.7521,do_nothing+depot_removal,,,,,,,,,,,,,,,,,,,,,,,,,,,,,,,,,,,,,,,,,,,,,,,,,,,,,,,,,,,
47,25,17,17,S16,False,12,6,18,10,0,0,0,0,0,"['B733', 'B522', 'B34', 'B241', 'B63', 'B591', 'B464', 'B39', 'B318', 'B125']",8.0,S37,1.47,2,6,8,0.0,,-0.136317,-5.584863,-5.721179,True,False,36,S17,True,12,1.6479,delivery,,,,,,,,,,,,,,,,,,,,,,,,,,,,,,,,,,,,,,,,,,,,,,,,,,,,,,,,,,,
47,25,17,27,S37,False,2,6,8,0,12,0,0,0,0,"['B219', 'B27', 'B267', 'B155', 'B668', 'B519', 'B13', 'B604', 'B285', 'B687', 'B540', 'B421']",9.0,S19,5.87,14,6,20,0.0,,-0.136543,-5.572981,-5.709523,True,False,30,S19,False,26,1.3833,pickup,,,,,,,,,,,,,,,,,,,,,,,,,,,,,,,,,,,,,,,,,,,,,,,,,,,,,,,,,,,
47,25,17,42,S19,False,14,6,20,9,0,0,0,0,0,"['B106', 'B275', 'B219', 'B27', 'B267', 'B155', 'B668', 'B519', 'B13']",7.5,S31,8.63,5,6,11,0.0,,-0.082973,-5.551527,-5.6345,True,False,60,S17,True,12,2.3367,delivery,,,,,,,,,,,,,,,,,,,,,,,,,,,,,,,,,,,,,,,,,,,,,,,,,,,,,,,,,,,
47,25,17,58,S31,False,5,6,11,0,9,0,0,0,0,"['B81', 'B393', 'B225', 'B79', 'B564', 'B116', 'B555', 'B178', 'B233']",7.5,S17,7.72,14,6,20,0.0,,-0.064967,-5.552651,-5.617619,True,False,54,S15,True,36,4.2945,pickup,,,,,,,,,,,,,,,,,,,,,,,,,,,,,,,,,,,,,,,,,,,,,,,,,,,,,,,,,,,
47,25,18,13,S17,False,14,6,20,0,0,0,0,0,0,[],3.0,S23,9.74,14,6,20,0.0,,-0.017691,-5.498826,-5.516517,False,False,18,S41,True,2,1.3399,do_nothing,,,,,,,,,,,,,,,,,,,,,,,,,,,,,,,,,,,,,,,,,,,,,,,,,,,,,,,,,,,
47,25,18,26,S23,False,14,6,20,8,0,0,0,0,0,"['B604', 'B285', 'B687', 'B540', 'B421', 'B81', 'B393', 'B225']",7.0,S59,6.18,6,6,12,0.0,,-0.035382,-5.496605,-5.531987,True,False,42,S7,True,10,3.901,delivery,,,,,,,,,,,,,,,,,,,,,,,,,,,,,,,,,,,,,,,,,,,,,,,,,,,,,,,,,,,
47,25,18,39,S59,False,6,6,12,0,0,0,1,0,0,['B755'],3.5,S61,2.35,6,7,13,0.0,,0.0,-5.472735,-5.472735,True,True,36,S40,True,7,2.4023,do_nothing+depot_removal,,,,,,,,,,,,,,,,,,,,,,,,,,,,,,,,,,,,,,,,,,,,,,,,,,,,,,,,,,,
47,25,18,45,S61,False,6,7,13,0,7,0,0,0,0,"['B667', 'B757', 'B48', 'B198', 'B505', 'B137', 'B58']",6.5,S7,7.71,13,7,20,0.0,,0.0,-5.468833,-5.468833,True,False,18,S17,True,15,1.0989,pickup,,,,,,,,,,,,,,,,,,,,,,,,,,,,,,,,,,,,,,,,,,,,,,,,,,,,,,,,,,,
47,25,18,59,S7,False,13,7,20,8,0,0,0,0,0,"['B79', 'B564', 'B116', 'B555', 'B178', 'B233', 'B667', 'B757']",7.0,S32,13.03,5,7,12,0.0,,0.0,-5.458367,-5.458367,True,False,162,S17,True,20,12.7249,delivery,,,,,,,,,,,,,,,,,,,,,,,,,,,,,,,,,,,,,,,,,,,,,,,,,,,,,,,,,,,
47,25,19,19,S32,False,5,7,12,0,8,0,0,0,0,"['B445', 'B201', 'B111', 'B381', 'B292', 'B121', 'B492', 'B76']",7.0,S15,5.59,13,7,20,0.0,,-0.017646,-5.462674,-5.480319,False,False,12,S10,True,8,0.6061,pickup,,,,,,,,,,,,,,,,,,,,,,,,,,,,,,,,,,,,,,,,,,,,,,,,,,,,,,,,,,,
47,25,19,32,S15,False,13,7,20,12,0,0,0,0,0,"['B48', 'B198', 'B505', 'B137', 'B58', 'B445', 'B201', 'B111', 'B381', 'B292', 'B121', 'B492']",9.0,S60,4.42,1,7,8,0.0,,-0.005992,-5.457044,-5.463037,False,False,13,S10,True,7,0.6042,delivery,,,,,,,,,,,,,,,,,,,,,,,,,,,,,,,,,,,,,,,,,,,,,,,,,,,,,,,,,,,
47,25,19,45,S60,False,1,7,8,0,12,0,0,0,0,"['B156', 'B461', 'B11', 'B615', 'B723', 'B87', 'B307', 'B364', 'B529', 'B183', 'B124', 'B669']",9.0,D0,1.95,13,7,20,0.0,,-0.07093,-5.492192,-5.563121,False,False,2,D0,False,1,0.0548,pickup,,,,,,,,,,,,,,,,,,,,,,,,,,,,,,,,,,,,,,,,,,,,,,,,,,,,,,,,,,,
47,25,19,56,D0,True,13,7,20,7,0,0,0,7,0,"['B392', 'B336', 'B350', 'B503', 'B538', 'B676', 'B755']",10.0,D0,0.0,6,0,6,0.0,,0.0,-5.484573,-5.484573,True,True,1,D0,False,0,0.0307,do_nothing,,,,,,,,,,,,,,,,,,,,,,,,,,,,,,,,,,,,,,,,,,,,,,,,,,,,,,,,,,,
47,26,6,15,D0,True,13,0,13,0,0,0,0,0,7,"['B597', 'B703', 'B242', 'B308', 'B465', 'B718', 'B66']",6.5,S53,1.77,20,0,20,0.0,,-0.017871,-5.590859,-5.60873,True,True,5,S65,True,1,0.1769,load_queue,,,,,,,,,,,,,,,,,,,,,,,,,,,,,,,,,,,,,,,,,,,,,,,,,,,,,,,,,,,
47,26,6,38,S53,False,20,0,20,13,0,0,1,0,0,"['B229', 'B76', 'B156', 'B461', 'B11', 'B615', 'B723', 'B87', 'B307', 'B364', 'B529', 'B183', 'B124', 'B669']",10.0,S65,7.96,7,1,8,0.0,,-0.023593,-5.597434,-5.621027,True,True,30,S65,True,28,0.9403,delivery+depot_removal,,,,,,,,,,,,,,,,,,,,,,,,,,,,,,,,,,,,,,,,,,,,,,,,,,,,,,,,,,,
47,26,6,56,S65,False,7,1,8,7,0,0,0,0,0,"['B597', 'B703', 'B242', 'B308', 'B465', 'B718', 'B66']",6.5,S31,3.2,0,1,1,0.0,,-0.053194,-5.602107,-5.655301,False,False,12,S36,True,6,0.5142,delivery,,,,,,,,,,,,,,,,,,,,,,,,,,,,,,,,,,,,,,,,,,,,,,,,,,,,,,,,,,,
47,26,7,6,S31,False,0,1,1,0,19,0,0,0,0,"['B240', 'B692', 'B204', 'B128', 'B108', 'B334', 'B248', 'B641', 'B514', 'B74', 'B480', 'B230', 'B105', 'B311', 'B498', 'B123', 'B170', 'B658', 'B251']",12.5,S30,1.91,19,1,20,0.0,,-0.029466,-5.610935,-5.640401,True,False,54,S61,True,38,2.7139,pickup,,,,,,,,,,,,,,,,,,,,,,,,,,,,,,,,,,,,,,,,,,,,,,,,,,,,,,,,,,,
47,26,7,20,S30,False,19,1,20,8,0,0,0,0,0,"['B240', 'B692', 'B204', 'B128', 'B108', 'B334', 'B248', 'B641']",7.0,S22,2.59,11,1,12,0.0,,-0.047352,-5.599644,-5.646996,True,False,42,S63,True,6,2.6982,delivery,,,,,,,,,,,,,,,,,,,,,,,,,,,,,,,,,,,,,,,,,,,,,,,,,,,,,,,,,,,
47,26,7,30,S22,False,11,1,12,11,0,0,0,0,0,"['B514', 'B74', 'B480', 'B230', 'B105', 'B311', 'B498', 'B123', 'B170', 'B658', 'B251']",8.5,S64,5.21,0,1,1,0.0,,-0.029436,-5.581314,-5.61075,True,False,24,S64,False,16,1.0856,delivery,,,,,,,,,,,,,,,,,,,,,,,,,,,,,,,,,,,,,,,,,,,,,,,,,,,,,,,,,,,
47,26,7,44,S64,False,0,1,1,0,7,0,0,0,0,"['B216', 'B681', 'B424', 'B647', 'B761', 'B577', 'B687']",6.5,S63,3.66,7,1,8,0.0,,-0.017587,-5.604617,-5.622204,False,False,18,S59,True,7,0.7441,pickup,,,,,,,,,,,,,,,,,,,,,,,,,,,,,,,,,,,,,,,,,,,,,,,,,,,,,,,,,,,
47,26,7,54,S63,False,7,1,8,7,0,0,0,0,0,"['B216', 'B681', 'B424', 'B647', 'B761', 'B577', 'B687']",6.5,S59,3.22,0,1,1,0.0,,-0.017586,-5.554836,-5.572422,False,False,12,S47,True,7,0.6266,delivery,,,,,,,,,,,,,,,,,,,,,,,,,,,,,,,,,,,,,,,,,,,,,,,,,,,,,,,,,,,
47,26,8,4,S59,False,0,1,1,0,19,0,0,0,0,"['B359', 'B54', 'B59', 'B710', 'B677', 'B250', 'B22', 'B157', 'B702', 'B169', 'B404', 'B62', 'B263', 'B481', 'B598', 'B609', 'B579', 'B151', 'B260']",12.5,S40,4.5,19,1,20,0.0,,-0.023713,-5.585232,-5.608946,True,False,24,S65,True,14,1.3855,pickup,,,,,,,,,,,,,,,,,,,,,,,,,,,,,,,,,,,,,,,,,,,,,,,,,,,,,,,,,,,
47,26,8,21,S40,False,19,1,20,11,0,2,0,0,0,"['B359', 'B54', 'B59', 'B710', 'B677', 'B250', 'B22', 'B157', 'B702', 'B169', 'B404']",14.5,S65,6.32,8,1,9,0.0,,-0.023623,-5.617487,-5.64111,True,True,54,S65,True,30,1.4629,delivery+onsite,,,,,,,,,,,,,,,,,,,,,,,,,,,,,,,,,,,,,,,,,,,,,,,,,,,,,,,,,,,
47,26,8,41,S65,False,8,1,9,8,0,0,0,0,0,"['B62', 'B263', 'B481', 'B598', 'B609', 'B579', 'B151', 'B260']",7.0,S36,10.54,0,1,1,0.0,,-0.07072,-5.637911,-5.708631,False,False,12,S36,False,7,0.851,delivery,,,,,,,,,,,,,,,,,,,,,,,,,,,,,,,,,,,,,,,,,,,,,,,,,,,,,,,,,,,
47,26,8,59,S36,False,0,1,1,0,19,0,0,0,0,"['B375', 'B280', 'B541', 'B426', 'B573', 'B430', 'B592', 'B440', 'B279', 'B63', 'B591', 'B464', 'B39', 'B318', 'B125', 'B545', 'B682', 'B447', 'B296']",12.5,S42,7.67,19,1,20,0.0,,-0.124079,-5.641173,-5.765253,False,False,12,S37,True,6,0.8081,pickup,,,,,,,,,,,,,,,,,,,,,,,,,,,,,,,,,,,,,,,,,,,,,,,,,,,,,,,,,,,
47,26,9,19,S42,False,19,1,20,11,0,1,0,0,0,"['B375', 'B280', 'B541', 'B426', 'B573', 'B430', 'B592', 'B440', 'B279', 'B63', 'B591']",11.5,S41,10.8,8,1,9,0.0,,-0.106536,-5.697913,-5.804449,True,True,84,S41,True,31,4.4015,delivery+onsite,,,,,,,,,,,,,,,,,,,,,,,,,,,,,,,,,,,,,,,,,,,,,,,,,,,,,,,,,,,
47,26,9,41,S41,False,8,1,9,0,0,0,0,0,0,[],3.0,S35,9.63,8,1,9,0.0,,-0.117906,-5.725272,-5.843178,True,False,120,S35,True,2,5.4855,do_nothing,,,,,,,,,,,,,,,,,,,,,,,,,,,,,,,,,,,,,,,,,,,,,,,,,,,,,,,,,,,
47,26,9,54,S35,False,8,1,9,8,0,1,0,0,0,"['B464', 'B39', 'B318', 'B125', 'B545', 'B682', 'B447', 'B296']",10.0,S37,7.89,0,1,1,0.0,,-0.135569,-5.699,-5.834569,True,True,48,S55,True,38,2.7663,delivery+onsite,,,,,,,,,,,,,,,,,,,,,,,,,,,,,,,,,,,,,,,,,,,,,,,,,,,,,,,,,,,
47,26,10,12,S37,False,0,1,1,0,13,0,0,0,0,"['B728', 'B30', 'B106', 'B600', 'B385', 'B34', 'B237', 'B429', 'B282', 'B644', 'B428', 'B483', 'B643']",9.5,S65,5.89,13,1,14,0.0,,-0.177615,-5.713796,-5.891411,True,False,66,S58,True,25,3.5004,pickup,,,,,,,,,,,,,,,,,,,,,,,,,,,,,,,,,,,,,,,,,,,,,,,,,,,,,,,,,,,
47,26,10,27,S65,False,13,1,14,13,0,0,0,0,0,"['B728', 'B30', 'B106', 'B600', 'B385', 'B34', 'B237', 'B429', 'B282', 'B644', 'B428', 'B483', 'B643']",9.5,S58,6.14,0,1,1,0.0,,-0.17152,-5.727805,-5.899324,False,False,12,S45,True,6,0.5834,delivery,,,,,,,,,,,,,,,,,,,,,,,,,,,,,,,,,,,,,,,,,,,,,,,,,,,,,,,,,,,
47,26,10,43,S58,False,0,1,1,0,19,0,0,0,0,"['B396', 'B407', 'B684', 'B754', 'B112', 'B152', 'B411', 'B135', 'B179', 'B569', 'B515', 'B626', 'B553', 'B374', 'B722', 'B306', 'B624', 'B160', 'B206']",12.5,S30,4.82,19,1,20,0.0,,-0.183592,-5.710963,-5.894555,True,False,42,S64,True,40,1.5329,pickup,,,,,,,,,,,,,,,,,,,,,,,,,,,,,,,,,,,,,,,,,,,,,,,,,,,,,,,,,,,
47,26,11,0,S30,False,19,1,20,7,0,0,2,0,0,"['B4', 'B628', 'B396', 'B407', 'B684', 'B754', 'B112', 'B152', 'B411']",7.5,S66,1.88,12,3,15,0.0,,-0.189422,-5.735963,-5.925386,True,True,42,S66,True,37,2.0224,delivery+depot_removal,,,,,,,,,,,,,,,,,,,,,,,,,,,,,,,,,,,,,,,,,,,,,,,,,,,,,,,,,,,
47,26,11,10,S66,False,12,3,15,12,0,0,0,0,0,"['B135', 'B179', 'B569', 'B515', 'B626', 'B553', 'B374', 'B722', 'B306', 'B624', 'B160', 'B206']",9.0,S18,2.06,0,3,3,0.0,,-0.230359,-5.731256,-5.961615,False,False,18,S17,True,13,0.9691,delivery,,,,,,,,,,,,,,,,,,,,,,,,,,,,,,,,,,,,,,,,,,,,,,,,,,,,,,,,,,,
47,26,11,21,S18,False,0,3,3,0,13,1,0,0,0,"['B163', 'B443', 'B313', 'B43', 'B686', 'B167', 'B26', 'B412', 'B202', 'B664', 'B245', 'B662', 'B211']",12.5,S53,4.23,13,3,16,0.0,,-0.118595,-5.70955,-5.828145,True,True,72,S63,True,36,3.6788,pickup+onsite,,,,,,,,,,,,,,,,,,,,,,,,,,,,,,,,,,,,,,,,,,,,,,,,,,,,,,,,,,,
47,26,11,38,S53,False,13,3,16,13,0,0,0,0,0,"['B163', 'B443', 'B313', 'B43', 'B686', 'B167', 'B26', 'B412', 'B202', 'B664', 'B245', 'B662', 'B211']",9.5,S45,0.56,0,3,3,0.0,,-0.100861,-5.668803,-5.769664,False,False,12,S45,False,9,0.4937,delivery,,,,,,,,,,,,,,,,,,,,,,,,,,,,,,,,,,,,,,,,,,,,,,,,,,,,,,,,,,,
47,26,11,48,S45,False,0,3,3,0,7,0,0,0,0,"['B472', 'B310', 'B510', 'B614', 'B172', 'B246', 'B661']",6.5,S63,1.16,7,3,10,0.0,,-0.118103,-5.691866,-5.809969,True,False,36,S63,True,12,0.9656,pickup,,,,,,,,,,,,,,,,,,,,,,,,,,,,,,,,,,,,,,,,,,,,,,,,,,,,,,,,,,,
47,26,11,55,S63,False,7,3,10,0,10,0,0,0,0,"['B38', 'B28', 'B194', 'B23', 'B446', 'B347', 'B766', 'B535', 'B199', 'B571']",8.0,S32,3.1,17,3,20,0.0,,-0.118208,-5.685098,-5.803306,False,False,12,S32,False,6,0.4544,pickup,,,,,,,,,,,,,,,,,,,,,,,,,,,,,,,,,,,,,,,,,,,,,,,,,,,,,,,,,,,
47,26,12,6,S32,False,17,3,20,12,0,0,0,0,0,"['B472', 'B310', 'B510', 'B614', 'B172', 'B246', 'B661', 'B38', 'B28', 'B194', 'B23', 'B446']",9.0,S42,5.23,5,3,8,0.0,,-0.118283,-5.686151,-5.804434,False,False,18,S42,False,6,0.7233,delivery,,,,,,,,,,,,,,,,,,,,,,,,,,,,,,,,,,,,,,,,,,,,,,,,,,,,,,,,,,,
47,26,12,21,S42,False,5,3,8,5,0,1,0,0,0,"['B347', 'B766', 'B535', 'B199', 'B571']",8.5,S60,10.42,0,3,3,0.0,,-0.1424,-5.688495,-5.830895,True,True,72,S60,False,54,2.3723,delivery+onsite,,,,,,,,,,,,,,,,,,,,,,,,,,,,,,,,,,,,,,,,,,,,,,,,,,,,,,,,,,,
47,26,12,39,S60,False,0,3,3,0,17,0,0,0,0,"['B409', 'B387', 'B740', 'B508', 'B210', 'B708', 'B74', 'B514', 'B759', 'B230', 'B311', 'B531', 'B334', 'B187', 'B181', 'B141', 'B234']",11.5,S15,4.42,17,3,20,0.0,,-0.141951,-5.687762,-5.829713,False,False,18,S15,True,12,1.0247,pickup,,,,,,,,,,,,,,,,,,,,,,,,,,,,,,,,,,,,,,,,,,,,,,,,,,,,,,,,,,,
47,26,12,55,S15,False,17,3,20,17,0,0,0,0,0,"['B409', 'B387', 'B740', 'B508', 'B210', 'B708', 'B74', 'B514', 'B759', 'B230', 'B311', 'B531', 'B334', 'B187', 'B181', 'B141', 'B234']",11.5,S59,5.67,0,3,3,0.0,,-0.153303,-5.722117,-5.87542,False,False,12,S4,True,7,0.6782,delivery,,,,,,,,,,,,,,,,,,,,,,,,,,,,,,,,,,,,,,,,,,,,,,,,,,,,,,,,,,,
47,26,13,13,S59,False,0,3,3,0,16,0,0,0,0,"['B460', 'B97', 'B496', 'B558', 'B697', 'B601', 'B711', 'B148', 'B649', 'B671', 'B286', 'B53', 'B448', 'B266', 'B637', 'B416']",11.0,S4,1.29,16,3,19,0.0,,-0.165918,-5.656307,-5.822226,True,False,36,S4,True,12,1.9247,pickup,,,,,,,,,,,,,,,,,,,,,,,,,,,,,,,,,,,,,,,,,,,,,,,,,,,,,,,,,,,
47,26,13,25,S4,False,16,3,19,10,0,1,0,0,0,"['B460', 'B97', 'B496', 'B558', 'B697', 'B601', 'B711', 'B148', 'B649', 'B671']",11.0,S17,9.2,6,3,9,0.0,,-0.112063,-5.657179,-5.769242,True,True,36,S17,True,22,1.308,delivery+onsite,,,,,,,,,,,,,,,,,,,,,,,,,,,,,,,,,,,,,,,,,,,,,,,,,,,,,,,,,,,
47,26,13,45,S17,False,6,3,9,0,0,0,0,0,0,[],3.0,S26,2.01,6,3,9,0.0,,-0.112544,-5.626082,-5.738626,False,False,12,S14,True,0,0.5918,do_nothing,,,,,,,,,,,,,,,,,,,,,,,,,,,,,,,,,,,,,,,,,,,,,,,,,,,,,,,,,,,
47,26,13,50,S26,False,6,3,9,6,0,0,0,0,0,"['B286', 'B53', 'B448', 'B266', 'B637', 'B416']",6.0,S48,11.62,0,3,3,0.0,,-0.094089,-5.614509,-5.708598,False,False,12,S64,True,10,0.7165,delivery,,,,,,,,,,,,,,,,,,,,,,,,,,,,,,,,,,,,,,,,,,,,,,,,,,,,,,,,,,,
47,26,14,8,S48,False,0,3,3,0,6,0,0,0,0,"['B655', 'B512', 'B247', 'B424', 'B669', 'B709']",6.0,S19,0.52,6,3,9,0.0,,-0.059426,-5.627874,-5.6873,False,False,18,S51,True,14,1.2348,pickup,,,,,,,,,,,,,,,,,,,,,,,,,,,,,,,,,,,,,,,,,,,,,,,,,,,,,,,,,,,
47,26,14,14,S19,False,6,3,9,0,3,1,0,0,0,"['B204', 'B281', 'B49']",7.5,S12,1.21,9,3,12,0.0,,-0.171608,-5.612291,-5.783899,True,True,108,S12,True,86,5.9322,pickup+onsite,,,,,,,,,,,,,,,,,,,,,,,,,,,,,,,,,,,,,,,,,,,,,,,,,,,,,,,,,,,
47,26,14,23,S12,False,9,3,12,0,0,1,0,0,0,[],6.0,S37,6.56,9,3,12,0.0,,-0.117652,-5.623287,-5.740938,True,True,48,S45,True,12,2.3473,do_nothing+onsite,,,,,,,,,,,,,,,,,,,,,,,,,,,,,,,,,,,,,,,,,,,,,,,,,,,,,,,,,,,
47,26,14,35,S37,False,9,3,12,9,0,0,3,0,0,"['B720', 'B563', 'B570', 'B655', 'B512', 'B247', 'B424', 'B669', 'B709', 'B204', 'B281', 'B49']",9.0,S40,3.31,0,6,6,0.0,,-0.071124,-5.601502,-5.672626,True,True,48,S40,True,42,2.5973,delivery+depot_removal,,,,,,,,,,,,,,,,,,,,,,,,,,,,,,,,,,,,,,,,,,,,,,,,,,,,,,,,,,,
47,26,14,48,S40,False,0,6,6,0,14,0,0,0,0,"['B604', 'B564', 'B480', 'B64', 'B588', 'B617', 'B3', 'B534', 'B215', 'B69', 'B477', 'B686', 'B132', 'B766']",10.0,S36,5.18,14,6,20,0.0,,-0.088575,-5.632488,-5.721063,False,False,12,S36,False,6,0.5813,pickup,,,,,,,,,,,,,,,,,,,,,,,,,,,,,,,,,,,,,,,,,,,,,,,,,,,,,,,,,,,
47,26,15,3,S36,False,14,6,20,11,0,0,0,0,0,"['B604', 'B564', 'B480', 'B64', 'B588', 'B617', 'B3', 'B534', 'B215', 'B69', 'B477']",8.5,S31,7.34,3,6,9,0.0,,-0.053073,-5.651175,-5.704248,False,False,18,S8,True,10,0.8078,delivery,,,,,,,,,,,,,,,,,,,,,,,,,,,,,,,,,,,,,,,,,,,,,,,,,,,,,,,,,,,
47,26,15,19,S31,False,3,6,9,0,11,1,0,0,0,"['B282', 'B47', 'B240', 'B371', 'B284', 'B110', 'B594', 'B625', 'B183', 'B605', 'B519']",11.5,S35,8.41,14,6,20,0.0,,-0.106538,-5.654776,-5.761314,True,True,54,S35,True,44,2.9085,pickup+onsite,,,,,,,,,,,,,,,,,,,,,,,,,,,,,,,,,,,,,,,,,,,,,,,,,,,,,,,,,,,
47,26,15,39,S35,False,14,6,20,12,0,0,0,0,0,"['B686', 'B132', 'B766', 'B282', 'B47', 'B240', 'B371', 'B284', 'B110', 'B594', 'B625', 'B183']",9.0,S57,0.73,2,6,8,0.0,,-0.106387,-5.675688,-5.782075,True,False,60,S57,False,12,3.7204,delivery,,,,,,,,,,,,,,,,,,,,,,,,,,,,,,,,,,,,,,,,,,,,,,,,,,,,,,,,,,,
47,26,15,48,S57,False,2,6,8,2,0,0,0,0,0,"['B605', 'B519']",4.0,S64,8.74,0,6,6,0.0,,-0.111974,-5.675994,-5.787967,False,False,12,S64,False,9,0.7397,delivery,,,,,,,,,,,,,,,,,,,,,,,,,,,,,,,,,,,,,,,,,,,,,,,,,,,,,,,,,,,
47,26,16,1,S64,False,0,6,6,0,7,0,0,0,0,"['B226', 'B397', 'B283', 'B260', 'B287', 'B507', 'B85']",6.5,S61,1.43,7,6,13,0.0,,-0.123702,-5.677439,-5.801142,False,False,18,S58,True,7,1.0388,pickup,,,,,,,,,,,,,,,,,,,,,,,,,,,,,,,,,,,,,,,,,,,,,,,,,,,,,,,,,,,
47,26,16,9,S61,False,7,6,13,0,7,0,0,0,0,"['B662', 'B326', 'B701', 'B213', 'B60', 'B55', 'B724']",6.5,S41,2.24,14,6,20,0.0,,-0.07096,-5.68214,-5.7531,True,False,18,S17,True,12,0.7604,pickup,,,,,,,,,,,,,,,,,,,,,,,,,,,,,,,,,,,,,,,,,,,,,,,,,,,,,,,,,,,
47,26,16,18,S41,False,14,6,20,0,0,1,0,0,0,[],6.0,S17,8.16,14,6,20,0.0,,-0.064878,-5.638725,-5.703602,True,True,72,S17,False,8,4.584,do_nothing+onsite,,,,,,,,,,,,,,,,,,,,,,,,,,,,,,,,,,,,,,,,,,,,,,,,,,,,,,,,,,,
47,26,16,32,S17,False,14,6,20,14,0,0,0,0,0,"['B226', 'B397', 'B283', 'B260', 'B287', 'B507', 'B85', 'B662', 'B326', 'B701', 'B213', 'B60', 'B55', 'B724']",10.0,S55,8.57,0,6,6,0.0,,-0.07063,-5.651026,-5.721657,False,False,18,S41,True,15,0.8206,delivery,,,,,,,,,,,,,,,,,,,,,,,,,,,,,,,,,,,,,,,,,,,,,,,,,,,,,,,,,,,
47,26,16,51,S55,False,0,6,6,0,14,0,0,0,0,"['B554', 'B166', 'B179', 'B518', 'B194', 'B23', 'B356', 'B245', 'B252', 'B263', 'B557', 'B279', 'B128', 'B108']",10.0,S1,3.22,14,6,20,0.0,,-0.08314,-5.618447,-5.701587,False,False,18,S54,True,7,0.6007,pickup,,,,,,,,,,,,,,,,,,,,,,,,,,,,,,,,,,,,,,,,,,,,,,,,,,,,,,,,,,,
47,26,17,4,S1,False,14,6,20,7,0,0,0,0,0,"['B554', 'B166', 'B179', 'B518', 'B194', 'B23', 'B356']",6.5,S35,0.53,7,6,13,0.0,,-0.094658,-5.579688,-5.674346,True,False,36,S41,True,25,1.1853,delivery,,,,,,,,,,,,,,,,,,,,,,,,,,,,,,,,,,,,,,,,,,,,,,,,,,,,,,,,,,,
47,26,17,11,S35,False,7,6,13,0,7,0,0,0,0,"['B371', 'B284', 'B110', 'B594', 'B625', 'B183', 'B402']",6.5,S41,9.63,14,6,20,0.0,,-0.065297,-5.586252,-5.651549,True,False,36,S49,True,24,1.3291,pickup,,,,,,,,,,,,,,,,,,,,,,,,,,,,,,,,,,,,,,,,,,,,,,,,,,,,,,,,,,,
47,26,17,27,S41,False,14,6,20,14,0,0,2,0,0,"['B41', 'B236', 'B245', 'B252', 'B263', 'B557', 'B279', 'B128', 'B108', 'B371', 'B284', 'B110', 'B594', 'B625', 'B183', 'B402']",11.0,S62,4.25,0,8,8,0.0,,-0.023698,-5.573103,-5.596801,True,True,36,S49,True,13,1.4248,delivery+depot_removal,,,,,,,,,,,,,,,,,,,,,,,,,,,,,,,,,,,,,,,,,,,,,,,,,,,,,,,,,,,
47,26,17,42,S62,False,0,8,8,0,11,0,0,0,0,"['B667', 'B651', 'B529', 'B664', 'B240', 'B338', 'B90', 'B291', 'B460', 'B32', 'B205']",8.5,S5,11.75,11,8,19,0.0,,-0.053329,-5.541626,-5.594955,False,False,18,S33,True,16,0.7333,pickup,,,,,,,,,,,,,,,,,,,,,,,,,,,,,,,,,,,,,,,,,,,,,,,,,,,,,,,,,,,
47,26,18,2,S5,False,11,8,19,0,0,2,0,0,0,[],9.0,S44,12.71,11,8,19,0.0,,-0.059592,-5.506888,-5.566479,True,True,72,S44,False,26,4.6382,do_nothing+onsite,,,,,,,,,,,,,,,,,,,,,,,,,,,,,,,,,,,,,,,,,,,,,,,,,,,,,,,,,,,
47,26,18,24,S44,False,11,8,19,9,0,0,0,0,0,"['B667', 'B651', 'B529', 'B664', 'B240', 'B338', 'B90', 'B291', 'B460']",7.5,S54,3.95,2,8,10,0.0,,-0.053524,-5.507843,-5.561367,True,False,36,S8,True,13,1.289,delivery,,,,,,,,,,,,,,,,,,,,,,,,,,,,,,,,,,,,,,,,,,,,,,,,,,,,,,,,,,,
47,26,18,36,S54,False,2,8,10,0,10,0,0,0,0,"['B464', 'B134', 'B655', 'B173', 'B695', 'B607', 'B709', 'B764', 'B261', 'B646']",8.0,S10,1.21,12,8,20,0.0,,-0.04136,-5.502855,-5.544215,False,False,12,S10,False,9,0.3406,pickup,,,,,,,,,,,,,,,,,,,,,,,,,,,,,,,,,,,,,,,,,,,,,,,,,,,,,,,,,,,
47,26,18,45,S10,False,12,8,20,10,0,0,0,0,0,"['B32', 'B205', 'B464', 'B134', 'B655', 'B173', 'B695', 'B607', 'B709', 'B764']",8.0,S6,10.71,2,8,10,0.0,,-0.047426,-5.498749,-5.546175,True,False,36,S8,True,27,1.4805,delivery,,,,,,,,,,,,,,,,,,,,,,,,,,,,,,,,,,,,,,,,,,,,,,,,,,,,,,,,,,,
47,26,19,4,S6,False,2,8,10,0,10,0,0,0,0,"['B726', 'B270', 'B341', 'B715', 'B365', 'B301', 'B575', 'B107', 'B758', 'B370']",8.0,S48,16.42,12,8,20,0.0,,-0.035411,-5.485759,-5.521171,True,False,72,S49,True,61,3.3969,pickup,,,,,,,,,,,,,,,,,,,,,,,,,,,,,,,,,,,,,,,,,,,,,,,,,,,,,,,,,,,
47,26,19,28,S48,False,12,8,20,8,0,0,0,0,0,"['B261', 'B646', 'B726', 'B270', 'B341', 'B715', 'B365', 'B301']",7.0,S54,6.34,4,8,12,0.0,,-0.011819,-5.470947,-5.482767,True,False,31,S35,True,12,1.2237,delivery,,,,,,,,,,,,,,,,,,,,,,,,,,,,,,,,,,,,,,,,,,,,,,,,,,,,,,,,,,,
47,26,19,41,S54,False,4,8,12,0,8,0,0,0,0,"['B502', 'B517', 'B760', 'B175', 'B471', 'B717', 'B639', 'B116']",7.0,D0,1.95,12,8,20,0.0,,0.0,-5.484656,-5.484656,False,False,2,D0,False,1,0.0543,pickup,,,,,,,,,,,,,,,,,,,,,,,,,,,,,,,,,,,,,,,,,,,,,,,,,,,,,,,,,,,
47,26,19,50,D0,True,12,8,20,8,0,0,0,8,2,"['B565', 'B631', 'B229', 'B4', 'B628', 'B720', 'B563', 'B570', 'B41', 'B236']",12.0,D0,0.0,6,0,6,0.0,,-0.017932,-5.497185,-5.515117,True,True,1,D0,False,0,0.0302,do_nothing,,,,,,,,,,,,,,,,,,,,,,,,,,,,,,,,,,,,,,,,,,,,,,,,,,,,,,,,,,,
47,27,6,11,D0,True,14,0,14,0,0,0,0,0,6,"['B392', 'B336', 'B350', 'B503', 'B538', 'B676']",6.0,S35,3.57,20,0,20,0.0,,-0.011759,-5.540403,-5.552162,True,True,5,S35,False,0,0.2863,load_queue,,,,,,,,,,,,,,,,,,,,,,,,,,,,,,,,,,,,,,,,,,,,,,,,,,,,,,,,,,,
47,27,6,36,S35,False,20,0,20,11,0,1,0,0,0,"['B575', 'B107', 'B758', 'B370', 'B502', 'B517', 'B760', 'B175', 'B471', 'B717', 'B639']",11.5,S18,8.69,9,0,9,0.0,,-0.011849,-5.533035,-5.544884,True,True,90,S40,True,33,3.424,delivery+onsite,,,,,,,,,,,,,,,,,,,,,,,,,,,,,,,,,,,,,,,,,,,,,,,,,,,,,,,,,,,
47,27,6,56,S18,False,9,0,9,0,11,0,0,0,0,"['B54', 'B574', 'B292', 'B383', 'B413', 'B244', 'B734', 'B688', 'B468', 'B635', 'B260']",8.5,S55,6.05,20,0,20,0.0,,-0.011849,-5.541661,-5.55351,True,False,18,S40,True,16,0.8279,pickup,,,,,,,,,,,,,,,,,,,,,,,,,,,,,,,,,,,,,,,,,,,,,,,,,,,,,,,,,,,
47,27,7,11,S55,False,20,0,20,17,0,0,0,0,0,"['B116', 'B565', 'B631', 'B392', 'B336', 'B350', 'B503', 'B538', 'B676', 'B54', 'B574', 'B292', 'B383', 'B413', 'B244', 'B734', 'B688']",11.5,S12,7.23,3,0,3,0.0,,-0.017676,-5.527716,-5.545392,False,False,18,S36,True,9,0.6027,delivery,,,,,,,,,,,,,,,,,,,,,,,,,,,,,,,,,,,,,,,,,,,,,,,,,,,,,,,,,,,
47,27,7,29,S12,False,3,0,3,0,14,1,0,0,0,"['B295', 'B592', 'B427', 'B416', 'B767', 'B262', 'B515', 'B293', 'B545', 'B184', 'B254', 'B269', 'B697', 'B367']",13.0,S36,3.39,17,0,17,0.0,,-0.011819,-5.543642,-5.555461,True,True,72,S36,True,36,2.6554,pickup+onsite,,,,,,,,,,,,,,,,,,,,,,,,,,,,,,,,,,,,,,,,,,,,,,,,,,,,,,,,,,,
47,27,7,46,S36,False,17,0,17,14,0,0,0,0,0,"['B468', 'B635', 'B260', 'B295', 'B592', 'B427', 'B416', 'B767', 'B262', 'B515', 'B293', 'B545', 'B184', 'B254']",10.0,S31,7.34,3,0,3,0.0,,-0.011819,-5.554729,-5.566548,False,False,18,S65,True,12,0.6713,delivery,,,,,,,,,,,,,,,,,,,,,,,,,,,,,,,,,,,,,,,,,,,,,,,,,,,,,,,,,,,
47,27,8,3,S31,False,3,0,3,0,17,0,0,0,0,"['B103', 'B451', 'B644', 'B571', 'B66', 'B132', 'B500', 'B281', 'B296', 'B656', 'B679', 'B428', 'B266', 'B534', 'B718', 'B171', 'B69']",11.5,S47,2.72,20,0,20,0.0,,-0.04103,-5.548752,-5.589782,True,False,36,S47,False,24,1.7257,pickup,,,,,,,,,,,,,,,,,,,,,,,,,,,,,,,,,,,,,,,,,,,,,,,,,,,,,,,,,,,
47,27,8,17,S47,False,20,0,20,11,0,0,0,0,0,"['B269', 'B697', 'B367', 'B103', 'B451', 'B644', 'B571', 'B66', 'B132', 'B500', 'B281']",8.5,S44,6.18,9,0,9,0.0,,-0.029405,-5.554684,-5.584089,True,False,108,S57,True,15,3.6494,delivery,,,,,,,,,,,,,,,,,,,,,,,,,,,,,,,,,,,,,,,,,,,,,,,,,,,,,,,,,,,
47,27,8,32,S44,False,9,0,9,0,11,1,0,0,0,"['B460', 'B76', 'B617', 'B667', 'B599', 'B529', 'B664', 'B339', 'B448', 'B594', 'B342']",11.5,S57,6.41,20,0,20,0.0,,-0.05893,-5.55044,-5.60937,True,True,24,S57,True,18,0.8382,pickup+onsite,,,,,,,,,,,,,,,,,,,,,,,,,,,,,,,,,,,,,,,,,,,,,,,,,,,,,,,,,,,
47,27,8,50,S57,False,20,0,20,15,0,0,0,0,0,"['B296', 'B656', 'B679', 'B428', 'B266', 'B534', 'B718', 'B171', 'B69', 'B460', 'B76', 'B617', 'B667', 'B599', 'B529']",10.5,S52,6.39,5,0,5,0.0,,-0.04124,-5.538582,-5.579821,False,False,18,S1,True,15,0.7692,delivery,,,,,,,,,,,,,,,,,,,,,,,,,,,,,,,,,,,,,,,,,,,,,,,,,,,,,,,,,,,
47,27,9,7,S52,False,5,0,5,0,6,0,0,0,0,"['B22', 'B494', 'B636', 'B209', 'B160', 'B525']",6.0,S30,4.89,11,0,11,0.0,,-0.047232,-5.576591,-5.623822,True,False,54,S30,False,36,2.2771,pickup,,,,,,,,,,,,,,,,,,,,,,,,,,,,,,,,,,,,,,,,,,,,,,,,,,,,,,,,,,,
47,27,9,18,S30,False,11,0,11,11,0,0,0,0,0,"['B664', 'B339', 'B448', 'B594', 'B342', 'B22', 'B494', 'B636', 'B209', 'B160', 'B525']",8.5,S51,9.24,0,0,0,0.0,,-0.023803,-5.563508,-5.587311,True,False,24,S51,False,15,1.7857,delivery,,,,,,,,,,,,,,,,,,,,,,,,,,,,,,,,,,,,,,,,,,,,,,,,,,,,,,,,,,,
47,27,9,35,S51,False,0,0,0,0,8,0,0,0,0,"['B488', 'B300', 'B555', 'B477', 'B321', 'B687', 'B222', 'B203']",7.0,S48,0.84,8,0,8,0.0,,-0.053344,-5.581757,-5.635101,True,False,72,S48,False,28,3.2408,pickup,,,,,,,,,,,,,,,,,,,,,,,,,,,,,,,,,,,,,,,,,,,,,,,,,,,,,,,,,,,
47,27,9,43,S48,False,8,0,8,0,5,0,0,0,0,"['B646', 'B726', 'B270', 'B341', 'B715']",5.5,S43,3.81,13,0,13,0.0,,-0.047186,-5.580742,-5.627928,True,False,36,S18,True,24,1.4361,pickup,,,,,,,,,,,,,,,,,,,,,,,,,,,,,,,,,,,,,,,,,,,,,,,,,,,,,,,,,,,
47,27,9,53,S43,False,13,0,13,0,7,0,0,0,0,"['B310', 'B279', 'B671', 'B137', 'B40', 'B463', 'B491']",6.5,S40,3.52,20,0,20,0.0,,-0.05926,-5.571461,-5.630721,True,False,24,S40,False,22,1.0667,pickup,,,,,,,,,,,,,,,,,,,,,,,,,,,,,,,,,,,,,,,,,,,,,,,,,,,,,,,,,,,
47,27,10,3,S40,False,20,0,20,10,0,0,0,0,0,"['B488', 'B300', 'B555', 'B477', 'B321', 'B687', 'B222', 'B203', 'B646', 'B726']",8.0,S32,3.28,10,0,10,0.0,,-0.082344,-5.588348,-5.670692,False,False,18,S50,True,7,0.3955,delivery,,,,,,,,,,,,,,,,,,,,,,,,,,,,,,,,,,,,,,,,,,,,,,,,,,,,,,,,,,,
47,27,10,14,S32,False,10,0,10,0,0,0,0,0,0,[],3.0,S56,1.58,10,0,10,0.0,,-0.017691,-5.558399,-5.576091,False,False,12,S55,True,0,0.4569,do_nothing,,,,,,,,,,,,,,,,,,,,,,,,,,,,,,,,,,,,,,,,,,,,,,,,,,,,,,,,,,,
47,27,10,18,S56,False,10,0,10,6,0,0,0,0,0,"['B270', 'B341', 'B715', 'B310', 'B279', 'B671']",6.0,S55,1.03,4,0,4,0.0,,-0.041479,-5.564724,-5.606203,True,False,54,S50,True,37,1.8087,delivery,,,,,,,,,,,,,,,,,,,,,,,,,,,,,,,,,,,,,,,,,,,,,,,,,,,,,,,,,,,
47,27,10,25,S55,False,4,0,4,0,14,0,0,0,0,"['B565', 'B631', 'B392', 'B336', 'B350', 'B503', 'B538', 'B676', 'B54', 'B574', 'B292', 'B383', 'B413', 'B244']",10.0,S26,6.67,18,0,18,0.0,,-0.023789,-5.563888,-5.587677,False,False,18,S50,True,8,0.6212,pickup,,,,,,,,,,,,,,,,,,,,,,,,,,,,,,,,,,,,,,,,,,,,,,,,,,,,,,,,,,,
47,27,10,42,S26,False,18,0,18,16,0,0,0,0,0,"['B137', 'B40', 'B463', 'B491', 'B565', 'B631', 'B392', 'B336', 'B350', 'B503', 'B538', 'B676', 'B54', 'B574', 'B292', 'B383']",11.0,S51,11.22,2,0,2,0.0,,-0.005962,-5.53175,-5.537712,False,False,18,S6,True,9,1.1588,delivery,,,,,,,,,,,,,,,,,,,,,,,,,,,,,,,,,,,,,,,,,,,,,,,,,,,,,,,,,,,
47,27,11,4,S51,False,2,0,2,0,11,0,3,0,0,"['B539', 'B211', 'B415', 'B5', 'B650', 'B526', 'B692', 'B673', 'B198', 'B414', 'B681', 'B207', 'B629', 'B257']",10.0,S41,8.36,13,3,16,0.0,,-0.017586,-5.535955,-5.553541,True,True,72,S6,True,44,3.4853,pickup+depot_removal,,,,,,,,,,,,,,,,,,,,,,,,,,,,,,,,,,,,,,,,,,,,,,,,,,,,,,,,,,,
47,27,11,23,S41,False,13,3,16,10,0,0,0,0,0,"['B413', 'B244', 'B539', 'B211', 'B415', 'B5', 'B650', 'B526', 'B692', 'B673']",8.0,S27,3.14,3,3,6,0.0,,-0.017661,-5.54702,-5.564681,True,False,90,S6,True,32,4.7073,delivery,,,,,,,,,,,,,,,,,,,,,,,,,,,,,,,,,,,,,,,,,,,,,,,,,,,,,,,,,,,
47,27,11,34,S27,False,3,3,6,3,0,1,0,0,0,"['B198', 'B414', 'B681']",7.5,S16,4.73,0,3,3,0.0,,0.0,-5.53697,-5.53697,True,True,48,S16,False,40,2.1273,delivery+onsite,,,,,,,,,,,,,,,,,,,,,,,,,,,,,,,,,,,,,,,,,,,,,,,,,,,,,,,,,,,
47,27,11,46,S16,False,0,3,3,0,6,0,1,0,0,"['B263', 'B142', 'B429', 'B354', 'B95', 'B170', 'B390']",6.5,S31,3.96,6,4,10,0.0,,-0.023563,-5.539338,-5.562901,True,True,36,S39,True,33,1.3544,pickup+depot_removal,,,,,,,,,,,,,,,,,,,,,,,,,,,,,,,,,,,,,,,,,,,,,,,,,,,,,,,,,,,
47,27,11,57,S31,False,6,4,10,0,10,0,0,0,0,"['B202', 'B453', 'B128', 'B722', 'B109', 'B478', 'B633', 'B178', 'B67', 'B179']",8.0,S6,8.61,16,4,20,0.0,,-0.011789,-5.529931,-5.54172,True,False,36,S6,False,24,1.1542,pickup,,,,,,,,,,,,,,,,,,,,,,,,,,,,,,,,,,,,,,,,,,,,,,,,,,,,,,,,,,,
47,27,12,13,S6,False,16,4,20,0,0,1,0,0,0,[],6.0,S42,13.28,16,4,20,0.0,,-0.023818,-5.561369,-5.585187,True,True,12,S37,True,9,1.0696,do_nothing+onsite,,,,,,,,,,,,,,,,,,,,,,,,,,,,,,,,,,,,,,,,,,,,,,,,,,,,,,,,,,,
47,27,12,32,S42,False,16,4,20,9,0,0,0,0,0,"['B263', 'B142', 'B429', 'B354', 'B95', 'B170', 'B202', 'B453', 'B128']",7.5,S61,8.85,7,4,11,0.0,,-0.106942,-5.594137,-5.701079,True,False,42,S8,True,8,1.3686,delivery,,,,,,,,,,,,,,,,,,,,,,,,,,,,,,,,,,,,,,,,,,,,,,,,,,,,,,,,,,,
47,27,12,49,S61,False,7,4,11,7,0,0,0,0,0,"['B722', 'B109', 'B478', 'B633', 'B178', 'B67', 'B179']",6.5,S54,4.83,0,4,4,0.0,,-0.041405,-5.581819,-5.623224,True,False,24,S54,False,15,0.8434,delivery,,,,,,,,,,,,,,,,,,,,,,,,,,,,,,,,,,,,,,,,,,,,,,,,,,,,,,,,,,,
47,27,13,0,S54,False,0,4,4,0,12,0,0,0,0,"['B430', 'B641', 'B345', 'B59', 'B240', 'B407', 'B684', 'B139', 'B26', 'B50', 'B510', 'B488']",9.0,S63,3.86,12,4,16,0.0,,-0.124335,-5.563877,-5.688212,False,False,18,S55,True,13,0.7401,pickup,,,,,,,,,,,,,,,,,,,,,,,,,,,,,,,,,,,,,,,,,,,,,,,,,,,,,,,,,,,
47,27,13,13,S63,False,12,4,16,12,0,0,0,0,0,"['B430', 'B641', 'B345', 'B59', 'B240', 'B407', 'B684', 'B139', 'B26', 'B50', 'B510', 'B488']",9.0,S55,3.64,0,4,4,0.0,,-0.10068,-5.538304,-5.638984,False,False,12,S55,False,6,0.5236,delivery,,,,,,,,,,,,,,,,,,,,,,,,,,,,,,,,,,,,,,,,,,,,,,,,,,,,,,,,,,,
47,27,13,26,S55,False,0,4,4,0,16,0,0,0,0,"['B732', 'B356', 'B152', 'B389', 'B358', 'B557', 'B422', 'B374', 'B116', 'B339', 'B762', 'B602', 'B665', 'B58', 'B167', 'B325']",11.0,S32,1.17,16,4,20,0.0,,-0.059186,-5.572244,-5.63143,False,False,12,S8,True,7,0.5856,pickup,,,,,,,,,,,,,,,,,,,,,,,,,,,,,,,,,,,,,,,,,,,,,,,,,,,,,,,,,,,
47,27,13,38,S32,False,16,4,20,0,0,0,0,0,0,[],3.0,S51,4.37,16,4,20,0.0,,-0.136034,-5.602605,-5.738639,True,False,30,S51,True,0,0.9391,do_nothing,,,,,,,,,,,,,,,,,,,,,,,,,,,,,,,,,,,,,,,,,,,,,,,,,,,,,,,,,,,
47,27,13,45,S51,False,16,4,20,14,0,0,0,0,0,"['B732', 'B356', 'B152', 'B389', 'B358', 'B557', 'B422', 'B374', 'B116', 'B339', 'B762', 'B602', 'B665', 'B58']",10.0,S8,14.96,2,4,6,0.0,,-0.047142,-5.583112,-5.630254,False,False,18,S8,False,13,0.8996,delivery,,,,,,,,,,,,,,,,,,,,,,,,,,,,,,,,,,,,,,,,,,,,,,,,,,,,,,,,,,,
47,27,14,10,S8,False,2,4,6,2,0,1,1,0,0,"['B306', 'B167', 'B325']",7.5,S21,2.92,0,5,5,0.0,,-0.059261,-5.586698,-5.645959,True,True,48,S21,True,42,2.3838,delivery+maintenance,,,,,,,,,,,,,,,,,,,,,,,,,,,,,,,,,,,,,,,,,,,,,,,,,,,,,,,,,,,
47,27,14,21,S21,False,0,5,5,0,7,0,0,0,0,"['B499', 'B346', 'B250', 'B15', 'B18', 'B221', 'B693']",6.5,S56,6.79,7,5,12,0.0,,-0.106193,-5.590443,-5.696636,True,False,36,S55,True,16,1.4585,pickup,,,,,,,,,,,,,,,,,,,,,,,,,,,,,,,,,,,,,,,,,,,,,,,,,,,,,,,,,,,
47,27,14,34,S56,False,7,5,12,7,0,0,0,0,0,"['B499', 'B346', 'B250', 'B15', 'B18', 'B221', 'B693']",6.5,S31,7.22,0,5,5,0.0,,-0.064697,-5.568179,-5.632876,True,False,36,S55,True,20,1.4361,delivery,,,,,,,,,,,,,,,,,,,,,,,,,,,,,,,,,,,,,,,,,,,,,,,,,,,,,,,,,,,
47,27,14,48,S31,False,0,5,5,0,0,0,0,0,0,[],3.0,S35,8.41,0,5,5,0.0,,-0.064833,-5.595827,-5.66066,True,False,36,S55,True,1,1.304,do_nothing,,,,,,,,,,,,,,,,,,,,,,,,,,,,,,,,,,,,,,,,,,,,,,,,,,,,,,,,,,,
47,27,14,59,S35,False,0,5,5,0,13,1,0,0,0,"['B717', 'B639', 'B276', 'B384', 'B289', 'B657', 'B489', 'B168', 'B190', 'B8', 'B539', 'B244', 'B509']",12.5,S33,6.01,13,5,18,0.0,,-0.094449,-5.576644,-5.671093,True,True,108,S55,True,54,3.4513,pickup+onsite,,,,,,,,,,,,,,,,,,,,,,,,,,,,,,,,,,,,,,,,,,,,,,,,,,,,,,,,,,,
47,27,15,17,S33,False,13,5,18,13,0,0,0,0,0,"['B717', 'B639', 'B276', 'B384', 'B289', 'B657', 'B489', 'B168', 'B190', 'B8', 'B539', 'B244', 'B509']",9.5,S31,3.18,0,5,5,0.0,,-0.058765,-5.575701,-5.634466,False,False,12,S42,True,6,0.5189,delivery,,,,,,,,,,,,,,,,,,,,,,,,,,,,,,,,,,,,,,,,,,,,,,,,,,,,,,,,,,,
47,27,15,30,S31,False,0,5,5,0,15,0,0,0,0,"['B62', 'B307', 'B728', 'B399', 'B288', 'B9', 'B700', 'B303', 'B725', 'B683', 'B750', 'B670', 'B369', 'B126', 'B428']",10.5,S57,8.31,15,5,20,0.0,,-0.094597,-5.558981,-5.653578,True,False,36,S59,True,25,1.9824,pickup,,,,,,,,,,,,,,,,,,,,,,,,,,,,,,,,,,,,,,,,,,,,,,,,,,,,,,,,,,,
47,27,15,49,S57,False,15,5,20,15,0,0,0,0,0,"['B62', 'B307', 'B728', 'B399', 'B288', 'B9', 'B700', 'B303', 'B725', 'B683', 'B750', 'B670', 'B369', 'B126', 'B428']",10.5,S61,7.47,0,5,5,0.0,,-0.083019,-5.567913,-5.650933,True,False,24,S62,True,13,0.824,delivery,,,,,,,,,,,,,,,,,,,,,,,,,,,,,,,,,,,,,,,,,,,,,,,,,,,,,,,,,,,
47,27,16,7,S61,False,0,5,5,0,9,0,0,0,0,"['B227', 'B699', 'B130', 'B215', 'B543', 'B648', 'B499', 'B402', 'B120']",7.5,S59,2.35,9,5,14,0.0,,-0.029525,-5.569627,-5.599152,True,False,36,S42,True,24,1.9093,pickup,,,,,,,,,,,,,,,,,,,,,,,,,,,,,,,,,,,,,,,,,,,,,,,,,,,,,,,,,,,
47,27,16,17,S59,False,9,5,14,9,0,1,0,0,0,"['B227', 'B699', 'B130', 'B215', 'B543', 'B648', 'B499', 'B402', 'B120']",10.5,S51,5.65,0,5,5,0.0,,-0.023518,-5.533578,-5.557096,True,True,24,S42,True,21,0.9609,delivery+onsite,,,,,,,,,,,,,,,,,,,,,,,,,,,,,,,,,,,,,,,,,,,,,,,,,,,,,,,,,,,
47,27,16,33,S51,False,0,5,5,0,10,0,0,0,0,"['B762', 'B602', 'B665', 'B58', 'B398', 'B260', 'B76', 'B446', 'B285', 'B591']",8.0,S41,8.36,10,5,15,0.0,,-0.071049,-5.561272,-5.632321,False,False,18,S42,True,12,0.9359,pickup,,,,,,,,,,,,,,,,,,,,,,,,,,,,,,,,,,,,,,,,,,,,,,,,,,,,,,,,,,,
47,27,16,49,S41,False,10,5,15,10,0,0,3,0,0,"['B746', 'B52', 'B361', 'B762', 'B602', 'B665', 'B58', 'B398', 'B260', 'B76', 'B446', 'B285', 'B591']",9.5,S30,0.92,0,8,8,0.0,,-0.064533,-5.54621,-5.610743,True,True,60,S30,True,49,3.8486,delivery+depot_removal,,,,,,,,,,,,,,,,,,,,,,,,,,,,,,,,,,,,,,,,,,,,,,,,,,,,,,,,,,,
47,27,17,0,S30,False,0,8,8,0,7,0,0,0,0,"['B160', 'B525', 'B133', 'B148', 'B129', 'B721', 'B487']",6.5,S65,1.33,7,8,15,0.0,,-0.035157,-5.478347,-5.513504,True,False,36,S31,True,13,1.2317,pickup,,,,,,,,,,,,,,,,,,,,,,,,,,,,,,,,,,,,,,,,,,,,,,,,,,,,,,,,,,,
47,27,17,8,S65,False,7,8,15,7,0,0,0,0,0,"['B160', 'B525', 'B133', 'B148', 'B129', 'B721', 'B487']",6.5,S55,9.08,0,8,8,0.0,,-0.017646,-5.475794,-5.49344,False,False,12,S66,True,8,0.3865,delivery,,,,,,,,,,,,,,,,,,,,,,,,,,,,,,,,,,,,,,,,,,,,,,,,,,,,,,,,,,,
47,27,17,23,S55,False,0,8,8,0,0,0,0,0,0,[],3.0,S66,6.13,0,8,8,0.0,,-0.07123,-5.480681,-5.551911,False,False,12,S50,True,2,0.4432,do_nothing,,,,,,,,,,,,,,,,,,,,,,,,,,,,,,,,,,,,,,,,,,,,,,,,,,,,,,,,,,,
47,27,17,32,S66,False,0,8,8,0,11,0,0,0,0,"['B226', 'B5', 'B280', 'B356', 'B72', 'B534', 'B206', 'B472', 'B241', 'B739', 'B758']",8.5,S50,7.23,11,8,19,0.0,,-0.035367,-5.465709,-5.501076,True,False,30,S55,True,18,0.9338,pickup,,,,,,,,,,,,,,,,,,,,,,,,,,,,,,,,,,,,,,,,,,,,,,,,,,,,,,,,,,,
47,27,17,48,S50,False,11,8,19,11,0,0,0,0,0,"['B226', 'B5', 'B280', 'B356', 'B72', 'B534', 'B206', 'B472', 'B241', 'B739', 'B758']",8.5,S60,8.32,0,8,8,0.0,,-0.011939,-5.452146,-5.464085,False,False,12,S6,True,7,0.3773,delivery,,,,,,,,,,,,,,,,,,,,,,,,,,,,,,,,,,,,,,,,,,,,,,,,,,,,,,,,,,,
47,27,18,5,S60,False,0,8,8,0,12,0,0,0,0,"['B16', 'B357', 'B436', 'B450', 'B418', 'B486', 'B637', 'B382', 'B622', 'B711', 'B136', 'B258']",9.0,S59,2.15,12,8,20,0.0,,-0.005872,-5.509807,-5.515679,False,False,12,S59,False,6,0.5974,pickup,,,,,,,,,,,,,,,,,,,,,,,,,,,,,,,,,,,,,,,,,,,,,,,,,,,,,,,,,,,
47,27,18,16,S59,False,12,8,20,12,0,0,0,0,0,"['B16', 'B357', 'B436', 'B450', 'B418', 'B486', 'B637', 'B382', 'B622', 'B711', 'B136', 'B258']",9.0,S31,2.6,0,8,8,0.0,,-0.029736,-5.504022,-5.533759,False,False,12,S58,True,8,0.5282,delivery,,,,,,,,,,,,,,,,,,,,,,,,,,,,,,,,,,,,,,,,,,,,,,,,,,,,,,,,,,,
47,27,18,28,S31,False,0,8,8,0,12,0,0,0,0,"['B113', 'B608', 'B706', 'B194', 'B554', 'B321', 'B744', 'B91', 'B93', 'B687', 'B338', 'B118']",9.0,S54,5.7,12,8,20,0.0,,-0.017571,-5.501985,-5.519556,True,False,36,S58,True,26,1.6041,pickup,,,,,,,,,,,,,,,,,,,,,,,,,,,,,,,,,,,,,,,,,,,,,,,,,,,,,,,,,,,
47,27,18,42,S54,False,12,8,20,12,0,1,0,0,0,"['B113', 'B608', 'B706', 'B194', 'B554', 'B321', 'B744', 'B91', 'B93', 'B687', 'B338', 'B118']",12.0,S23,10.66,0,8,8,0.0,,-0.011729,-5.503694,-5.515423,True,True,24,S52,True,20,0.7937,delivery+onsite,,,,,,,,,,,,,,,,,,,,,,,,,,,,,,,,,,,,,,,,,,,,,,,,,,,,,,,,,,,
47,27,19,5,S23,False,0,8,8,0,6,0,0,0,0,"['B228', 'B697', 'B10', 'B650', 'B256', 'B359']",6.0,S63,9.0,6,8,14,0.0,,-0.017781,-5.457929,-5.47571,True,False,54,S63,False,36,2.3388,pickup,,,,,,,,,,,,,,,,,,,,,,,,,,,,,,,,,,,,,,,,,,,,,,,,,,,,,,,,,,,
47,27,19,20,S63,False,6,8,14,0,6,0,0,0,0,"['B583', 'B174', 'B434', 'B380', 'B553', 'B154']",6.0,S52,1.26,12,8,20,0.0,,-0.005977,-5.454902,-5.460879,True,False,24,S52,False,12,0.7885,pickup,,,,,,,,,,,,,,,,,,,,,,,,,,,,,,,,,,,,,,,,,,,,,,,,,,,,,,,,,,,
47,27,19,27,S52,False,12,8,20,12,0,0,0,0,0,"['B228', 'B697', 'B10', 'B650', 'B256', 'B359', 'B583', 'B174', 'B434', 'B380', 'B553', 'B154']",9.0,S43,1.59,0,8,8,0.0,,-0.005947,-5.448597,-5.454544,True,False,24,S33,True,10,0.9068,delivery,,,,,,,,,,,,,,,,,,,,,,,,,,,,,,,,,,,,,,,,,,,,,,,,,,,,,,,,,,,
47,27,19,38,S43,False,0,8,8,0,12,0,0,0,0,"['B90', 'B645', 'B114', 'B131', 'B137', 'B80', 'B128', 'B641', 'B28', 'B334', 'B541', 'B726']",9.0,S44,0.79,12,8,20,0.0,,0.0,-5.459863,-5.459863,True,False,24,S44,False,22,0.7113,pickup,,,,,,,,,,,,,,,,,,,,,,,,,,,,,,,,,,,,,,,,,,,,,,,,,,,,,,,,,,,
47,27,19,48,S44,False,12,8,20,12,0,0,0,0,0,"['B90', 'B645', 'B114', 'B131', 'B137', 'B80', 'B128', 'B641', 'B28', 'B334', 'B541', 'B726']",9.0,D0,1.67,0,8,8,0.0,,0.0,-5.471804,-5.471804,False,False,2,D0,False,1,0.0517,delivery,,,,,,,,,,,,,,,,,,,,,,,,,,,,,,,,,,,,,,,,,,,,,,,,,,,,,,,,,,,
47,27,19,58,D0,True,0,8,8,8,0,0,0,8,9,"['B755', 'B229', 'B4', 'B628', 'B720', 'B563', 'B570', 'B41', 'B236', 'B207', 'B629', 'B257', 'B390', 'B306', 'B746', 'B52', 'B361']",15.5,D0,0.0,1,0,1,0.0,,0.0,-5.486208,-5.486208,True,True,1,D0,False,0,0.0336,do_nothing,,,,,,,,,,,,,,,,,,,,,,,,,,,,,,,,,,,,,,,,,,,,,,,,,,,,,,,,,,,
