seed,day,hour,minute,current_station_id,is_at_depot,functional_load_before,depot_load_before,total_load_before,functional_deliveries,functional_pickups,onsite_repairs,depot_pickups,depot_deliveries,load_from_queue,bikes_involved,action_duration_min,next_station_id,travel_time_min,functional_load_after,depot_load_after,total_load_after,immediate_reward,vfa_value,accumulated_rollout_reward,tail_value,final_decision_score,maintenance_flag_present,selected_action_is_maintenance,n_total_candidates,vfa_top1_next_station,rollout_changed_decision,winning_candidate_rank,decision_runtime_s,winning_profile_type,phi_rebalancing_imbalance,phi_squared_starvation_penalty,phi_squared_congestion_penalty,phi_starvation_severity_max,phi_congestion_severity_max,phi_starvation_count,phi_congestion_count,phi_gross_starvation_risk,phi_gross_congestion_risk,phi_net_starvation_shortfall,phi_net_congestion_shortfall,phi_trailer_cannibalization,phi_global_onsite_backlog,phi_global_depot_backlog,phi_demand_weighted_depot_backlog,phi_demand_weighted_onsite_backlog,phi_fleet_broken_fraction,phi_depot_idle_fraction,phi_recoverable_starvation,phi_maintenance_urgency,phi_rush_hour_onsite_backlog,phi_fleet_failure_risk,phi_fleet_health_deficit,phi_fleet_low_health_fraction,phi_depot_bound_health_deficit,phi_onsite_health_deficit,phi_maintenance_restoration_value,phi_onsite_shortage_pressure,phi_depot_shortage_pressure,phi_current_station_onsite_shortage_pressure,phi_current_station_depot_shortage_pressure,phi_broken_cargo_distance_pressure,phi_late_broken_cargo_pressure,phi_repaired_idle_away_pressure,phi_depot_pipeline_pressure,phi_depot_queue_pickup_opportunity,phi_degradation_demand_exposure,phi_destination_starv_ratio,phi_destination_cong_ratio,phi_destination_onsite_fraction,phi_destination_depot_fraction,phi_destination_travel_penalty,phi_destination_roi_starvation,phi_cur_station_onsite_fraction,phi_cur_station_func_deficit,phi_functional_load_late_pressure,phi_depot_load_late_pressure,phi_non_depot_late_load_pressure,phi_late_depot_return,phi_depot_slack_fraction,phi_can_return_to_depot,phi_depot_return_urgency
45,7,6,9,D0,True,16,0,16,0,0,0,0,0,4,"['B638', 'B47', 'B218', 'B559']",2.0,S65,3.15,20,0,20,0.0,,-3.053458,-14.075625,-17.129084,True,True,5,S65,False,4,0.1367,load_queue,,,,,,,,,,,,,,,,,,,,,,,,,,,,,,,,,,,,,,,,,,,,,,,,,,,,
45,7,6,29,S65,False,20,0,20,18,0,1,0,0,0,"['B603', 'B215', 'B220', 'B609', 'B164', 'B254', 'B611', 'B695', 'B230', 'B72', 'B460', 'B98', 'B510', 'B562', 'B749', 'B132', 'B638', 'B47']",12.0,S33,6.32,2,0,2,0.0,,-1.973545,-14.069372,-16.042917,True,True,36,S26,True,19,1.0133,delivery+onsite,,,,,,,,,,,,,,,,,,,,,,,,,,,,,,,,,,,,,,,,,,,,,,,,,,,,
45,7,6,48,S33,False,2,0,2,0,16,0,0,0,0,"['B354', 'B550', 'B422', 'B199', 'B452', 'B147', 'B594', 'B568', 'B361', 'B3', 'B407', 'B683', 'B731', 'B245', 'B133', 'B196']",8.0,S41,4.4,18,0,18,0.0,,-1.955884,-14.057866,-16.01375,False,False,18,S34,True,6,0.4831,pickup,,,,,,,,,,,,,,,,,,,,,,,,,,,,,,,,,,,,,,,,,,,,,,,,,,,,
45,7,7,0,S41,False,18,0,18,15,0,0,0,0,0,"['B218', 'B559', 'B354', 'B550', 'B422', 'B199', 'B452', 'B147', 'B594', 'B568', 'B361', 'B3', 'B407', 'B683', 'B731']",7.5,S54,6.96,3,0,3,0.0,,-0.965789,-13.969561,-14.935349,False,False,18,S45,True,15,0.4428,delivery,,,,,,,,,,,,,,,,,,,,,,,,,,,,,,,,,,,,,,,,,,,,,,,,,,,,
45,7,7,15,S54,False,3,0,3,0,14,0,1,0,0,"['B251', 'B325', 'B652', 'B172', 'B605', 'B269', 'B680', 'B331', 'B291', 'B114', 'B566', 'B178', 'B721', 'B130', 'B688']",7.5,S66,5.58,17,1,18,0.0,,-0.885609,-13.935117,-14.820726,True,True,36,S66,False,32,0.9003,pickup+depot_removal,,,,,,,,,,,,,,,,,,,,,,,,,,,,,,,,,,,,,,,,,,,,,,,,,,,,
45,7,7,28,S66,False,17,1,18,14,0,0,0,0,0,"['B245', 'B133', 'B196', 'B251', 'B325', 'B652', 'B172', 'B605', 'B269', 'B680', 'B331', 'B291', 'B114', 'B566']",7.0,S38,3.69,3,1,4,0.0,,-0.790994,-13.680362,-14.471356,False,False,18,S63,True,12,0.4297,delivery,,,,,,,,,,,,,,,,,,,,,,,,,,,,,,,,,,,,,,,,,,,,,,,,,,,,
45,7,7,38,S38,False,3,1,4,0,0,0,0,0,0,[],0.0,S52,3.1,3,1,4,0.0,,-0.922956,-13.811007,-14.733962,False,False,12,S34,True,3,0.2877,do_nothing,,,,,,,,,,,,,,,,,,,,,,,,,,,,,,,,,,,,,,,,,,,,,,,,,,,,
45,7,7,41,S52,False,3,1,4,0,14,0,0,0,0,"['B4', 'B121', 'B94', 'B252', 'B507', 'B396', 'B264', 'B253', 'B259', 'B49', 'B385', 'B67', 'B415', 'B118']",7.0,S26,7.0,17,1,18,0.0,,-0.61263,-13.767551,-14.380181,False,False,18,S34,True,12,0.4251,pickup,,,,,,,,,,,,,,,,,,,,,,,,,,,,,,,,,,,,,,,,,,,,,,,,,,,,
45,7,7,55,S26,False,17,1,18,17,0,0,0,0,0,"['B178', 'B721', 'B130', 'B4', 'B121', 'B94', 'B252', 'B507', 'B396', 'B264', 'B253', 'B259', 'B49', 'B385', 'B67', 'B415', 'B118']",8.5,S63,7.98,0,1,1,0.0,,-0.51466,-13.722011,-14.236671,False,False,12,S63,False,9,0.4227,delivery,,,,,,,,,,,,,,,,,,,,,,,,,,,,,,,,,,,,,,,,,,,,,,,,,,,,
45,7,8,12,S63,False,0,1,1,0,15,1,0,0,0,"['B214', 'B750', 'B716', 'B352', 'B78', 'B368', 'B723', 'B518', 'B160', 'B391', 'B567', 'B267', 'B77', 'B461', 'B135']",10.5,S15,5.25,15,1,16,0.0,,-0.433319,-13.303269,-13.736588,True,True,36,S40,True,19,0.9332,pickup+onsite,,,,,,,,,,,,,,,,,,,,,,,,,,,,,,,,,,,,,,,,,,,,,,,,,,,,
45,7,8,28,S15,False,15,1,16,15,0,0,0,0,0,"['B214', 'B750', 'B716', 'B352', 'B78', 'B368', 'B723', 'B518', 'B160', 'B391', 'B567', 'B267', 'B77', 'B461', 'B135']",7.5,S37,4.99,0,1,1,0.0,,-0.53163,-13.243759,-13.775389,False,False,12,S45,True,8,0.3682,delivery,,,,,,,,,,,,,,,,,,,,,,,,,,,,,,,,,,,,,,,,,,,,,,,,,,,,
45,7,8,40,S37,False,0,1,1,0,17,0,1,0,0,"['B258', 'B707', 'B506', 'B257', 'B366', 'B92', 'B450', 'B62', 'B651', 'B741', 'B467', 'B480', 'B672', 'B0', 'B549', 'B645', 'B255', 'B70']",9.0,S13,10.95,17,2,19,0.0,,-0.531084,-13.23619,-13.767274,True,True,30,S40,True,26,0.6898,pickup+depot_removal,,,,,,,,,,,,,,,,,,,,,,,,,,,,,,,,,,,,,,,,,,,,,,,,,,,,
45,7,9,0,S13,False,17,2,19,17,0,0,0,0,0,"['B258', 'B707', 'B506', 'B257', 'B366', 'B92', 'B450', 'B62', 'B651', 'B741', 'B467', 'B480', 'B672', 'B0', 'B549', 'B645', 'B255']",8.5,S31,8.57,0,2,2,0.0,,-0.432616,-12.985876,-13.418492,False,False,18,S38,True,13,0.8062,delivery,,,,,,,,,,,,,,,,,,,,,,,,,,,,,,,,,,,,,,,,,,,,,,,,,,,,
45,7,9,17,S31,False,0,2,2,0,0,0,1,0,0,['B347'],0.5,S44,3.74,0,3,3,0.0,,-0.236031,-13.15579,-13.391822,True,True,72,S44,True,6,1.7643,do_nothing+depot_removal,,,,,,,,,,,,,,,,,,,,,,,,,,,,,,,,,,,,,,,,,,,,,,,,,,,,
45,7,9,21,S44,False,0,3,3,0,11,0,1,0,0,"['B505', 'B219', 'B761', 'B15', 'B767', 'B606', 'B248', 'B34', 'B304', 'B489', 'B204', 'B58']",6.0,S25,13.83,11,4,15,0.0,,-0.255907,-13.013068,-13.268976,True,True,36,S58,True,32,0.8868,pickup+depot_removal,,,,,,,,,,,,,,,,,,,,,,,,,,,,,,,,,,,,,,,,,,,,,,,,,,,,
45,7,9,41,S25,False,11,4,15,11,0,0,0,0,0,"['B505', 'B219', 'B761', 'B15', 'B767', 'B606', 'B248', 'B34', 'B304', 'B489', 'B204']",5.5,S32,16.04,0,4,4,0.0,,-0.392619,-13.180116,-13.572735,False,False,12,S65,True,6,0.3634,delivery,,,,,,,,,,,,,,,,,,,,,,,,,,,,,,,,,,,,,,,,,,,,,,,,,,,,
45,7,10,3,S32,False,0,4,4,0,14,0,1,0,0,"['B103', 'B455', 'B329', 'B664', 'B669', 'B308', 'B625', 'B342', 'B699', 'B145', 'B122', 'B212', 'B41', 'B634', 'B64']",7.5,S55,1.17,14,5,19,0.0,,-0.68882,-13.572186,-14.261006,True,True,36,S39,True,18,0.9206,pickup+depot_removal,,,,,,,,,,,,,,,,,,,,,,,,,,,,,,,,,,,,,,,,,,,,,,,,,,,,
45,7,10,11,S55,False,14,5,19,14,0,0,1,0,0,"['B306', 'B103', 'B455', 'B329', 'B664', 'B669', 'B308', 'B625', 'B342', 'B699', 'B145', 'B122', 'B212', 'B41', 'B634']",7.5,S49,8.04,0,6,6,0.0,,-0.767717,-13.469707,-14.237424,True,True,24,S45,True,19,0.6803,delivery+depot_removal,,,,,,,,,,,,,,,,,,,,,,,,,,,,,,,,,,,,,,,,,,,,,,,,,,,,
45,7,10,27,S49,False,0,6,6,0,14,0,0,0,0,"['B661', 'B764', 'B393', 'B189', 'B632', 'B231', 'B51', 'B194', 'B671', 'B68', 'B294', 'B441', 'B593', 'B46']",7.0,S34,7.37,14,6,20,0.0,,-0.76817,-13.494673,-14.262843,False,False,18,S39,True,9,0.4496,pickup,,,,,,,,,,,,,,,,,,,,,,,,,,,,,,,,,,,,,,,,,,,,,,,,,,,,
45,7,10,41,S34,False,14,6,20,14,0,0,0,0,0,"['B661', 'B764', 'B393', 'B189', 'B632', 'B231', 'B51', 'B194', 'B671', 'B68', 'B294', 'B441', 'B593', 'B46']",7.0,S39,8.13,0,6,6,0.0,,-0.572088,-13.362153,-13.934242,False,False,18,S27,True,12,0.4294,delivery,,,,,,,,,,,,,,,,,,,,,,,,,,,,,,,,,,,,,,,,,,,,,,,,,,,,
45,7,10,56,S39,False,0,6,6,0,14,0,0,0,0,"['B588', 'B427', 'B87', 'B429', 'B191', 'B322', 'B112', 'B428', 'B153', 'B32', 'B576', 'B332', 'B158', 'B171']",7.0,S14,12.35,14,6,20,0.0,,-0.334448,-13.42452,-13.758968,True,False,18,S38,True,16,0.5111,pickup,,,,,,,,,,,,,,,,,,,,,,,,,,,,,,,,,,,,,,,,,,,,,,,,,,,,
45,7,11,16,S14,False,14,6,20,6,0,0,0,0,0,"['B588', 'B427', 'B87', 'B429', 'B191', 'B322']",3.0,S29,3.41,8,6,14,0.0,,-0.393872,-13.71703,-14.110902,False,False,18,S22,True,13,0.4419,delivery,,,,,,,,,,,,,,,,,,,,,,,,,,,,,,,,,,,,,,,,,,,,,,,,,,,,
45,7,11,22,S29,False,8,6,14,8,0,0,0,0,0,"['B112', 'B428', 'B153', 'B32', 'B576', 'B332', 'B158', 'B171']",4.0,S53,3.88,0,6,6,0.0,,-0.492239,-13.62763,-14.119869,False,False,12,S16,True,8,0.366,delivery,,,,,,,,,,,,,,,,,,,,,,,,,,,,,,,,,,,,,,,,,,,,,,,,,,,,
45,7,11,30,S53,False,0,6,6,0,14,0,0,0,0,"['B1', 'B711', 'B136', 'B232', 'B584', 'B647', 'B56', 'B766', 'B581', 'B287', 'B88', 'B405', 'B101', 'B624']",7.0,S22,9.3,14,6,20,0.0,,-0.63015,-13.738372,-14.368523,False,False,12,S29,True,7,0.3724,pickup,,,,,,,,,,,,,,,,,,,,,,,,,,,,,,,,,,,,,,,,,,,,,,,,,,,,
45,7,11,46,S22,False,14,6,20,13,0,0,0,0,0,"['B1', 'B711', 'B136', 'B232', 'B584', 'B647', 'B56', 'B766', 'B581', 'B287', 'B88', 'B405', 'B101']",6.5,S52,7.49,1,6,7,0.0,,-0.256257,-13.682964,-13.939221,False,False,18,S29,True,10,0.4664,delivery,,,,,,,,,,,,,,,,,,,,,,,,,,,,,,,,,,,,,,,,,,,,,,,,,,,,
45,7,12,0,S52,False,1,6,7,0,12,0,0,0,0,"['B105', 'B745', 'B188', 'B31', 'B626', 'B319', 'B117', 'B599', 'B706', 'B359', 'B254', 'B536']",6.0,S29,5.05,13,6,19,0.0,,-0.237132,-13.746454,-13.983586,False,False,18,S64,True,6,0.3904,pickup,,,,,,,,,,,,,,,,,,,,,,,,,,,,,,,,,,,,,,,,,,,,,,,,,,,,
45,7,12,11,S29,False,13,6,19,13,0,0,0,0,0,"['B624', 'B105', 'B745', 'B188', 'B31', 'B626', 'B319', 'B117', 'B599', 'B706', 'B359', 'B254', 'B536']",6.5,S33,4.32,0,6,6,0.0,,-0.336352,-13.424945,-13.761297,False,False,12,S55,True,7,0.3761,delivery,,,,,,,,,,,,,,,,,,,,,,,,,,,,,,,,,,,,,,,,,,,,,,,,,,,,
45,7,12,22,S33,False,0,6,6,0,0,0,0,0,0,[],0.0,S16,1.49,0,6,6,0.0,,-0.393773,-13.53247,-13.926243,False,False,18,S16,False,0,0.4807,do_nothing,,,,,,,,,,,,,,,,,,,,,,,,,,,,,,,,,,,,,,,,,,,,,,,,,,,,
45,7,12,24,S16,False,0,6,6,0,9,0,0,0,0,"['B198', 'B657', 'B152', 'B350', 'B310', 'B225', 'B431', 'B758', 'B38']",4.5,S35,6.87,9,6,15,0.0,,-0.493444,-13.439016,-13.93246,False,False,18,S43,True,12,0.4856,pickup,,,,,,,,,,,,,,,,,,,,,,,,,,,,,,,,,,,,,,,,,,,,,,,,,,,,
45,7,12,35,S35,False,9,6,15,9,0,0,1,0,0,"['B380', 'B198', 'B657', 'B152', 'B350', 'B310', 'B225', 'B431', 'B758', 'B38']",5.0,S66,8.23,0,7,7,0.0,,-0.275626,-13.422494,-13.69812,True,True,24,S66,False,19,0.6312,delivery+depot_removal,,,,,,,,,,,,,,,,,,,,,,,,,,,,,,,,,,,,,,,,,,,,,,,,,,,,
45,7,12,48,S66,False,0,7,7,0,8,0,0,0,0,"['B331', 'B291', 'B114', 'B566', 'B676', 'B522', 'B710', 'B44']",4.0,S10,5.63,8,7,15,0.0,,-0.392519,-13.425805,-13.818324,False,False,18,S42,True,8,0.5306,pickup,,,,,,,,,,,,,,,,,,,,,,,,,,,,,,,,,,,,,,,,,,,,,,,,,,,,
45,7,12,58,S10,False,8,7,15,8,0,1,0,0,0,"['B331', 'B291', 'B114', 'B566', 'B676', 'B522', 'B710', 'B44']",7.0,S42,3.77,0,7,7,0.0,,-0.885652,-13.447625,-14.333277,True,True,24,S42,False,18,0.6163,delivery+onsite,,,,,,,,,,,,,,,,,,,,,,,,,,,,,,,,,,,,,,,,,,,,,,,,,,,,
45,7,13,9,S42,False,0,7,7,0,12,0,0,0,0,"['B569', 'B299', 'B627', 'B161', 'B528', 'B17', 'B495', 'B681', 'B16', 'B153', 'B576', 'B635']",6.0,S29,3.12,12,7,19,0.0,,-0.65118,-13.633883,-14.285063,False,False,18,S29,True,6,0.4152,pickup,,,,,,,,,,,,,,,,,,,,,,,,,,,,,,,,,,,,,,,,,,,,,,,,,,,,
45,7,13,18,S29,False,12,7,19,12,0,0,0,0,0,"['B569', 'B299', 'B627', 'B161', 'B528', 'B17', 'B495', 'B681', 'B16', 'B153', 'B576', 'B635']",6.0,S33,4.32,0,7,7,0.0,,-0.647776,-13.527968,-14.175744,False,False,12,S33,False,9,0.4068,delivery,,,,,,,,,,,,,,,,,,,,,,,,,,,,,,,,,,,,,,,,,,,,,,,,,,,,
45,7,13,28,S33,False,0,7,7,0,13,0,0,0,0,"['B640', 'B159', 'B437', 'B464', 'B692', 'B318', 'B485', 'B417', 'B137', 'B343', 'B519', 'B278', 'B614']",6.5,S64,3.13,13,7,20,0.0,,-0.847757,-13.792864,-14.640621,False,False,18,S15,True,9,0.6135,pickup,,,,,,,,,,,,,,,,,,,,,,,,,,,,,,,,,,,,,,,,,,,,,,,,,,,,
45,7,13,38,S64,False,13,7,20,8,0,0,0,0,0,"['B640', 'B159', 'B437', 'B464', 'B692', 'B318', 'B485', 'B417']",4.0,S66,1.75,5,7,12,0.0,,-0.904727,-13.793805,-14.698532,False,False,18,S4,True,6,0.4679,delivery,,,,,,,,,,,,,,,,,,,,,,,,,,,,,,,,,,,,,,,,,,,,,,,,,,,,
45,7,13,44,S66,False,5,7,12,0,8,0,0,0,0,"['B755', 'B554', 'B553', 'B308', 'B534', 'B428', 'B470', 'B458']",4.0,S4,2.35,13,7,20,0.0,,-1.066125,-13.939285,-15.00541,False,False,12,S4,False,8,0.2943,pickup,,,,,,,,,,,,,,,,,,,,,,,,,,,,,,,,,,,,,,,,,,,,,,,,,,,,
45,7,13,50,S4,False,13,7,20,9,0,0,0,0,0,"['B137', 'B343', 'B519', 'B278', 'B614', 'B755', 'B554', 'B553', 'B308']",4.5,S61,1.37,4,7,11,0.0,,-0.767614,-13.712174,-14.479787,False,False,18,S15,True,8,0.5079,delivery,,,,,,,,,,,,,,,,,,,,,,,,,,,,,,,,,,,,,,,,,,,,,,,,,,,,
45,7,13,56,S61,False,4,7,11,0,0,0,1,0,0,['B263'],0.5,S65,4.19,4,8,12,0.0,,-1.001245,-13.906083,-14.907328,True,True,30,S15,True,7,0.8842,do_nothing+depot_removal,,,,,,,,,,,,,,,,,,,,,,,,,,,,,,,,,,,,,,,,,,,,,,,,,,,,
45,7,14,0,S65,False,4,8,12,0,8,0,0,0,0,"['B638', 'B47', 'B740', 'B481', 'B477', 'B116', 'B261', 'B703']",4.0,S26,6.43,12,8,20,0.0,,-0.787984,-13.31583,-14.103814,False,False,12,S24,True,6,0.2465,pickup,,,,,,,,,,,,,,,,,,,,,,,,,,,,,,,,,,,,,,,,,,,,,,,,,,,,
45,7,14,11,S26,False,12,8,20,12,0,0,0,0,0,"['B534', 'B428', 'B470', 'B458', 'B638', 'B47', 'B740', 'B481', 'B477', 'B116', 'B261', 'B703']",6.0,S66,5.64,0,8,8,0.0,,-1.023011,-13.333363,-14.356374,False,False,12,S24,True,6,0.2823,delivery,,,,,,,,,,,,,,,,,,,,,,,,,,,,,,,,,,,,,,,,,,,,,,,,,,,,
45,7,14,23,S66,False,0,8,8,0,12,0,0,0,0,"['B579', 'B10', 'B436', 'B604', 'B463', 'B592', 'B127', 'B49', 'B569', 'B176', 'B56', 'B167']",6.0,S55,6.13,12,8,20,0.0,,-1.543997,-13.549673,-15.09367,False,False,12,S53,True,8,0.2591,pickup,,,,,,,,,,,,,,,,,,,,,,,,,,,,,,,,,,,,,,,,,,,,,,,,,,,,
45,7,14,35,S55,False,12,8,20,12,0,0,0,0,0,"['B579', 'B10', 'B436', 'B604', 'B463', 'B592', 'B127', 'B49', 'B569', 'B176', 'B56', 'B167']",6.0,S7,12.63,0,8,8,0.0,,-1.661365,-13.563523,-15.224888,False,False,12,S53,True,8,0.2988,delivery,,,,,,,,,,,,,,,,,,,,,,,,,,,,,,,,,,,,,,,,,,,,,,,,,,,,
45,7,14,53,S7,False,0,8,8,0,12,1,0,0,0,"['B388', 'B52', 'B445', 'B383', 'B192', 'B200', 'B14', 'B550', 'B379', 'B12', 'B123', 'B714']",9.0,S54,11.95,12,8,20,0.0,,-1.419549,-13.844131,-15.26368,True,True,24,S65,True,20,0.5773,pickup+onsite,,,,,,,,,,,,,,,,,,,,,,,,,,,,,,,,,,,,,,,,,,,,,,,,,,,,
45,7,15,14,S54,False,12,8,20,12,0,0,1,0,0,"['B691', 'B388', 'B52', 'B445', 'B383', 'B192', 'B200', 'B14', 'B550', 'B379', 'B12', 'B123', 'B714']",6.5,S65,8.42,0,9,9,0.0,,-1.199925,-13.569116,-14.769042,True,True,30,S42,True,26,0.691,delivery+depot_removal,,,,,,,,,,,,,,,,,,,,,,,,,,,,,,,,,,,,,,,,,,,,,,,,,,,,
45,7,15,29,S65,False,0,9,9,0,11,0,0,0,0,"['B711', 'B173', 'B508', 'B517', 'B177', 'B212', 'B683', 'B368', 'B591', 'B279', 'B267']",5.5,S17,7.47,11,9,20,0.0,,-0.907484,-13.433887,-14.341371,False,False,12,S62,True,8,0.2702,pickup,,,,,,,,,,,,,,,,,,,,,,,,,,,,,,,,,,,,,,,,,,,,,,,,,,,,
45,7,15,42,S17,False,11,9,20,11,0,0,0,0,0,"['B711', 'B173', 'B508', 'B517', 'B177', 'B212', 'B683', 'B368', 'B591', 'B279', 'B267']",5.5,S62,7.52,0,9,9,0.0,,-0.966501,-13.334725,-14.301226,False,False,12,S62,False,6,0.3021,delivery,,,,,,,,,,,,,,,,,,,,,,,,,,,,,,,,,,,,,,,,,,,,,,,,,,,,
45,7,15,55,S62,False,0,9,9,0,11,0,0,0,0,"['B729', 'B382', 'B73', 'B138', 'B247', 'B397', 'B403', 'B117', 'B160', 'B374', 'B22']",5.5,S52,1.55,11,9,20,0.0,,-0.56959,-13.173567,-13.743158,True,False,18,S53,True,16,0.4914,pickup,,,,,,,,,,,,,,,,,,,,,,,,,,,,,,,,,,,,,,,,,,,,,,,,,,,,
45,7,16,2,S52,False,11,9,20,11,0,0,0,0,0,"['B729', 'B382', 'B73', 'B138', 'B247', 'B397', 'B403', 'B117', 'B160', 'B374', 'B22']",5.5,S63,1.26,0,9,9,0.0,,-0.392717,-13.237654,-13.63037,False,False,18,S29,True,15,0.4847,delivery,,,,,,,,,,,,,,,,,,,,,,,,,,,,,,,,,,,,,,,,,,,,,,,,,,,,
45,7,16,9,S63,False,0,9,9,0,9,0,1,0,0,"['B482', 'B438', 'B720', 'B33', 'B460', 'B576', 'B174', 'B122', 'B331', 'B682']",5.0,S10,4.83,9,10,19,0.0,,-0.275479,-13.263821,-13.539299,True,True,60,S53,True,46,1.6638,pickup+depot_removal,,,,,,,,,,,,,,,,,,,,,,,,,,,,,,,,,,,,,,,,,,,,,,,,,,,,
45,7,16,19,S10,False,9,10,19,9,0,0,0,0,0,"['B482', 'B438', 'B720', 'B33', 'B460', 'B576', 'B174', 'B122', 'B331']",4.5,S30,7.34,0,10,10,0.0,,-0.393767,-13.073292,-13.467059,False,False,12,S53,True,8,0.3746,delivery,,,,,,,,,,,,,,,,,,,,,,,,,,,,,,,,,,,,,,,,,,,,,,,,,,,,
45,7,16,31,S30,False,0,10,10,0,7,2,0,0,0,"['B512', 'B459', 'B71', 'B401', 'B582', 'B468', 'B518']",9.5,S50,8.83,7,10,17,0.0,,-0.453736,-13.12217,-13.575906,True,True,54,S53,True,32,1.4494,pickup+onsite,,,,,,,,,,,,,,,,,,,,,,,,,,,,,,,,,,,,,,,,,,,,,,,,,,,,
45,7,16,49,S50,False,7,10,17,7,0,1,1,0,0,"['B330', 'B512', 'B459', 'B71', 'B401', 'B582', 'B468', 'B518']",7.0,S53,5.17,0,11,11,0.0,,-0.432472,-13.046418,-13.47889,True,True,48,S14,True,43,1.161,delivery+maintenance,,,,,,,,,,,,,,,,,,,,,,,,,,,,,,,,,,,,,,,,,,,,,,,,,,,,
45,7,17,1,S53,False,0,11,11,0,9,0,0,0,0,"['B535', 'B700', 'B313', 'B461', 'B24', 'B187', 'B624', 'B546', 'B734']",4.5,S26,7.29,9,11,20,0.0,,-0.67065,-13.369086,-14.039736,False,False,12,S66,True,6,0.2767,pickup,,,,,,,,,,,,,,,,,,,,,,,,,,,,,,,,,,,,,,,,,,,,,,,,,,,,
45,7,17,13,S26,False,9,11,20,9,0,0,0,0,0,"['B535', 'B700', 'B313', 'B461', 'B24', 'B187', 'B624', 'B546', 'B734']",4.5,S66,5.64,0,11,11,0.0,,-0.631154,-13.316255,-13.94741,False,False,12,S14,True,7,0.3019,delivery,,,,,,,,,,,,,,,,,,,,,,,,,,,,,,,,,,,,,,,,,,,,,,,,,,,,
45,7,17,23,S66,False,0,11,11,0,9,0,0,0,0,"['B102', 'B275', 'B209', 'B233', 'B669', 'B291', 'B615', 'B430', 'B257']",4.5,S27,1.91,9,11,20,0.0,,-0.532385,-13.12787,-13.660255,False,False,12,S61,True,6,0.2592,pickup,,,,,,,,,,,,,,,,,,,,,,,,,,,,,,,,,,,,,,,,,,,,,,,,,,,,
45,7,17,29,S27,False,9,11,20,9,0,0,0,0,0,"['B102', 'B275', 'B209', 'B233', 'B669', 'B291', 'B615', 'B430', 'B257']",4.5,S61,2.28,0,11,11,0.0,,-0.708247,-13.158869,-13.867116,False,False,12,S14,True,10,0.2789,delivery,,,,,,,,,,,,,,,,,,,,,,,,,,,,,,,,,,,,,,,,,,,,,,,,,,,,
45,7,17,36,S61,False,0,11,11,0,9,0,0,0,0,"['B620', 'B405', 'B360', 'B709', 'B524', 'B343', 'B176', 'B240', 'B288']",4.5,S29,5.74,9,11,20,0.0,,-0.53188,-13.206987,-13.738867,False,False,18,S29,True,12,0.4635,pickup,,,,,,,,,,,,,,,,,,,,,,,,,,,,,,,,,,,,,,,,,,,,,,,,,,,,
45,7,17,46,S29,False,9,11,20,9,0,0,0,0,0,"['B620', 'B405', 'B360', 'B709', 'B524', 'B343', 'B176', 'B240', 'B288']",4.5,S31,6.48,0,11,11,0.0,,-0.473113,-12.997758,-13.470871,False,False,12,S14,True,6,0.3314,delivery,,,,,,,,,,,,,,,,,,,,,,,,,,,,,,,,,,,,,,,,,,,,,,,,,,,,
45,7,17,57,S31,False,0,11,11,0,9,0,0,0,0,"['B764', 'B500', 'B216', 'B139', 'B766', 'B399', 'B552', 'B129', 'B17']",4.5,S19,8.63,9,11,20,0.0,,-0.413744,-12.968389,-13.382133,True,False,24,S54,True,14,0.7711,pickup,,,,,,,,,,,,,,,,,,,,,,,,,,,,,,,,,,,,,,,,,,,,,,,,,,,,
45,7,18,11,S19,False,9,11,20,0,0,2,0,0,0,[],6.0,S42,9.76,9,11,20,0.0,,-0.256455,-12.841015,-13.09747,True,True,90,S42,True,12,2.0904,do_nothing+onsite,,,,,,,,,,,,,,,,,,,,,,,,,,,,,,,,,,,,,,,,,,,,,,,,,,,,
45,7,18,26,S42,False,9,11,20,9,0,0,0,0,0,"['B764', 'B500', 'B216', 'B139', 'B766', 'B399', 'B552', 'B129', 'B17']",4.5,S32,5.23,0,11,11,0.0,,-0.136965,-12.688308,-12.825273,False,False,12,S24,True,8,0.3519,delivery,,,,,,,,,,,,,,,,,,,,,,,,,,,,,,,,,,,,,,,,,,,,,,,,,,,,
45,7,18,36,S32,False,0,11,11,0,9,0,0,0,0,"['B369', 'B98', 'B616', 'B52', 'B566', 'B393', 'B457', 'B65', 'B304']",4.5,S24,10.39,9,11,20,0.0,,-0.176415,-12.576786,-12.7532,False,False,12,S24,False,6,0.2756,pickup,,,,,,,,,,,,,,,,,,,,,,,,,,,,,,,,,,,,,,,,,,,,,,,,,,,,
45,7,18,51,S24,False,9,11,20,9,0,0,1,0,0,"['B483', 'B369', 'B98', 'B616', 'B52', 'B566', 'B393', 'B457', 'B65', 'B304']",5.0,S33,8.48,0,12,12,0.0,,-0.118039,-12.557568,-12.675607,True,True,18,S43,True,16,0.4474,delivery+depot_removal,,,,,,,,,,,,,,,,,,,,,,,,,,,,,,,,,,,,,,,,,,,,,,,,,,,,
45,7,19,4,S33,False,0,12,12,0,8,0,0,0,0,"['B57', 'B567', 'B201', 'B504', 'B587', 'B689', 'B83', 'B350']",4.0,S44,1.28,8,12,20,0.0,,-0.256905,-12.542354,-12.799259,False,False,12,S43,True,6,0.2805,pickup,,,,,,,,,,,,,,,,,,,,,,,,,,,,,,,,,,,,,,,,,,,,,,,,,,,,
45,7,19,10,S44,False,8,12,20,8,0,0,0,0,0,"['B57', 'B567', 'B201', 'B504', 'B587', 'B689', 'B83', 'B350']",4.0,S31,3.74,0,12,12,0.0,,-0.237433,-12.446811,-12.684244,False,False,12,S51,True,6,0.2749,delivery,,,,,,,,,,,,,,,,,,,,,,,,,,,,,,,,,,,,,,,,,,,,,,,,,,,,
45,7,19,17,S31,False,0,12,12,0,8,1,0,0,0,"['B610', 'B237', 'B140', 'B538', 'B25', 'B105', 'B9', 'B378']",7.0,S34,4.64,8,12,20,0.0,,-0.275979,-12.407772,-12.68375,True,True,24,S43,True,22,0.5308,pickup+onsite,,,,,,,,,,,,,,,,,,,,,,,,,,,,,,,,,,,,,,,,,,,,,,,,,,,,
45,7,19,29,S34,False,8,12,20,8,0,0,0,0,0,"['B610', 'B237', 'B140', 'B538', 'B25', 'B105', 'B9', 'B378']",4.0,S43,5.7,0,12,12,0.0,,-0.157439,-12.392851,-12.55029,False,False,12,S31,True,10,0.2469,delivery,,,,,,,,,,,,,,,,,,,,,,,,,,,,,,,,,,,,,,,,,,,,,,,,,,,,
45,7,19,39,S43,False,0,12,12,0,8,0,0,0,0,"['B539', 'B205', 'B145', 'B321', 'B384', 'B530', 'B388', 'B663']",4.0,S16,0.58,8,12,20,0.0,,-0.118389,-12.307603,-12.425991,True,False,14,S37,True,11,0.2938,pickup,,,,,,,,,,,,,,,,,,,,,,,,,,,,,,,,,,,,,,,,,,,,,,,,,,,,
45,7,19,43,S16,False,8,12,20,8,0,0,0,0,0,"['B539', 'B205', 'B145', 'B321', 'B384', 'B530', 'B388', 'B663']",4.0,D0,1.81,0,12,12,0.0,,-0.156686,-12.583599,-12.740285,False,False,2,D0,False,1,0.068,delivery,,,,,,,,,,,,,,,,,,,,,,,,,,,,,,,,,,,,,,,,,,,,,,,,,,,,
45,7,19,49,D0,True,0,12,12,0,0,0,0,12,2,"['B572', 'B733', 'B688', 'B70', 'B347', 'B58', 'B64', 'B306', 'B380', 'B263', 'B691', 'B682', 'B330', 'B483']",7.0,D0,0.0,2,0,2,0.0,,-0.137412,-12.586942,-12.724354,True,True,1,D0,False,0,0.0393,do_nothing,,,,,,,,,,,,,,,,,,,,,,,,,,,,,,,,,,,,,,,,,,,,,,,,,,,,
45,8,6,11,D0,True,2,0,2,0,0,0,0,0,6,"['B300', 'B600', 'B426', 'B2', 'B737', 'B498']",3.0,S54,1.95,8,0,8,0.0,,-3.608786,-14.383357,-17.992143,True,True,5,S54,False,3,0.0929,load_queue,,,,,,,,,,,,,,,,,,,,,,,,,,,,,,,,,,,,,,,,,,,,,,,,,,,,
45,8,6,31,S54,False,8,0,8,0,12,0,0,0,0,"['B379', 'B408', 'B127', 'B619', 'B599', 'B385', 'B690', 'B603', 'B649', 'B447', 'B464', 'B198']",6.0,S66,5.58,20,0,20,0.0,,-2.64394,-14.499796,-17.143737,False,False,12,S15,True,7,0.276,pickup,,,,,,,,,,,,,,,,,,,,,,,,,,,,,,,,,,,,,,,,,,,,,,,,,,,,
45,8,6,43,S66,False,20,0,20,17,0,0,0,0,0,"['B572', 'B733', 'B300', 'B600', 'B426', 'B2', 'B737', 'B498', 'B379', 'B408', 'B127', 'B619', 'B599', 'B385', 'B690', 'B603', 'B649']",8.5,S52,3.13,3,0,3,0.0,,-2.651158,-14.664649,-17.315807,False,False,18,S33,True,8,0.4696,delivery,,,,,,,,,,,,,,,,,,,,,,,,,,,,,,,,,,,,,,,,,,,,,,,,,,,,
45,8,6,54,S52,False,3,0,3,0,14,0,0,0,0,"['B403', 'B117', 'B160', 'B374', 'B22', 'B718', 'B740', 'B476', 'B261', 'B40', 'B614', 'B335', 'B108', 'B530']",7.0,S27,3.68,17,0,17,0.0,,-1.634111,-14.750432,-16.384544,False,False,18,S27,False,12,0.4464,pickup,,,,,,,,,,,,,,,,,,,,,,,,,,,,,,,,,,,,,,,,,,,,,,,,,,,,
45,8,7,5,S27,False,17,0,17,17,0,0,0,0,0,"['B447', 'B464', 'B198', 'B403', 'B117', 'B160', 'B374', 'B22', 'B718', 'B740', 'B476', 'B261', 'B40', 'B614', 'B335', 'B108', 'B530']",8.5,S37,4.19,0,0,0,0.0,,-1.615162,-14.483429,-16.098592,False,False,12,S45,True,7,0.3269,delivery,,,,,,,,,,,,,,,,,,,,,,,,,,,,,,,,,,,,,,,,,,,,,,,,,,,,
45,8,7,18,S37,False,0,0,0,0,19,0,1,0,0,"['B460', 'B712', 'B272', 'B427', 'B633', 'B156', 'B274', 'B173', 'B191', 'B331', 'B122', 'B748', 'B539', 'B610', 'B286', 'B171', 'B630', 'B638', 'B731', 'B532']",10.0,S65,5.89,19,1,20,0.0,,-1.793634,-14.436758,-16.230391,True,True,30,S41,True,27,0.8815,pickup+depot_removal,,,,,,,,,,,,,,,,,,,,,,,,,,,,,,,,,,,,,,,,,,,,,,,,,,,,
45,8,7,34,S65,False,19,1,20,16,0,0,0,0,0,"['B460', 'B712', 'B272', 'B427', 'B633', 'B156', 'B274', 'B173', 'B191', 'B331', 'B122', 'B748', 'B539', 'B610', 'B286', 'B171']",8.0,S46,8.22,3,1,4,0.0,,-1.617525,-14.415979,-16.033504,False,False,18,S41,True,10,0.4784,delivery,,,,,,,,,,,,,,,,,,,,,,,,,,,,,,,,,,,,,,,,,,,,,,,,,,,,
45,8,7,50,S46,False,3,1,4,0,13,0,0,0,0,"['B143', 'B749', 'B144', 'B559', 'B197', 'B237', 'B489', 'B199', 'B564', 'B129', 'B167', 'B39', 'B384']",6.5,S60,5.39,16,1,17,0.0,,-1.422698,-14.240805,-15.663502,False,False,18,S62,True,15,0.5383,pickup,,,,,,,,,,,,,,,,,,,,,,,,,,,,,,,,,,,,,,,,,,,,,,,,,,,,
45,8,8,2,S60,False,16,1,17,16,0,1,0,0,0,"['B630', 'B638', 'B731', 'B143', 'B749', 'B144', 'B559', 'B197', 'B237', 'B489', 'B199', 'B564', 'B129', 'B167', 'B39', 'B384']",11.0,S54,6.45,0,1,1,0.0,,-1.757145,-14.248908,-16.006052,True,True,36,S31,True,24,1.0604,delivery+onsite,,,,,,,,,,,,,,,,,,,,,,,,,,,,,,,,,,,,,,,,,,,,,,,,,,,,
45,8,8,19,S54,False,0,1,1,0,18,0,0,0,0,"['B26', 'B656', 'B627', 'B397', 'B444', 'B713', 'B586', 'B594', 'B113', 'B411', 'B318', 'B221', 'B351', 'B29', 'B477', 'B597', 'B553', 'B399']",9.0,S31,5.7,18,1,19,0.0,,-1.61613,-14.127334,-15.743463,False,False,18,S31,True,12,0.6924,pickup,,,,,,,,,,,,,,,,,,,,,,,,,,,,,,,,,,,,,,,,,,,,,,,,,,,,
45,8,8,34,S31,False,18,1,19,18,0,0,0,0,0,"['B26', 'B656', 'B627', 'B397', 'B444', 'B713', 'B586', 'B594', 'B113', 'B411', 'B318', 'B221', 'B351', 'B29', 'B477', 'B597', 'B553', 'B399']",9.0,S44,3.74,0,1,1,0.0,,-1.38099,-14.107084,-15.488074,False,False,12,S44,False,7,0.3557,delivery,,,,,,,,,,,,,,,,,,,,,,,,,,,,,,,,,,,,,,,,,,,,,,,,,,,,
45,8,8,47,S44,False,0,1,1,0,12,0,0,0,0,"['B57', 'B567', 'B201', 'B504', 'B587', 'B689', 'B83', 'B350', 'B281', 'B383', 'B229', 'B576']",6.0,S15,4.96,12,1,13,0.0,,-1.021566,-13.993787,-15.015353,False,False,18,S63,True,14,0.5295,pickup,,,,,,,,,,,,,,,,,,,,,,,,,,,,,,,,,,,,,,,,,,,,,,,,,,,,
45,8,8,58,S15,False,12,1,13,12,0,0,0,0,0,"['B57', 'B567', 'B201', 'B504', 'B587', 'B689', 'B83', 'B350', 'B281', 'B383', 'B229', 'B576']",6.0,S49,6.4,0,1,1,0.0,,-1.160545,-13.8151,-14.975645,False,False,12,S10,True,10,0.4384,delivery,,,,,,,,,,,,,,,,,,,,,,,,,,,,,,,,,,,,,,,,,,,,,,,,,,,,
45,8,9,10,S49,False,0,1,1,0,19,0,0,0,0,"['B636', 'B189', 'B231', 'B361', 'B497', 'B465', 'B436', 'B605', 'B372', 'B164', 'B43', 'B10', 'B76', 'B750', 'B159', 'B420', 'B514', 'B158', 'B438']",9.5,S19,8.38,19,1,20,0.0,,-0.987323,-13.995198,-14.982521,False,False,12,S33,True,10,0.4344,pickup,,,,,,,,,,,,,,,,,,,,,,,,,,,,,,,,,,,,,,,,,,,,,,,,,,,,
45,8,9,28,S19,False,19,1,20,8,0,0,1,0,0,"['B154', 'B636', 'B189', 'B231', 'B361', 'B497', 'B465', 'B436', 'B605']",4.5,S12,1.21,11,2,13,0.0,,-0.769968,-14.033083,-14.803052,True,True,30,S12,False,16,1.1608,delivery+depot_removal,,,,,,,,,,,,,,,,,,,,,,,,,,,,,,,,,,,,,,,,,,,,,,,,,,,,
45,8,9,34,S12,False,11,2,13,11,0,0,0,0,0,"['B372', 'B164', 'B43', 'B10', 'B76', 'B750', 'B159', 'B420', 'B514', 'B158', 'B438']",5.5,S63,5.44,0,2,2,0.0,,-0.986618,-13.895892,-14.88251,False,False,12,S16,True,10,0.3463,delivery,,,,,,,,,,,,,,,,,,,,,,,,,,,,,,,,,,,,,,,,,,,,,,,,,,,,
45,8,9,45,S63,False,0,2,2,0,12,0,0,0,0,"['B104', 'B548', 'B615', 'B126', 'B730', 'B283', 'B181', 'B462', 'B545', 'B701', 'B517', 'B177']",6.0,S51,3.43,12,2,14,0.0,,-0.690417,-13.938288,-14.628705,True,False,36,S33,True,28,1.0677,pickup,,,,,,,,,,,,,,,,,,,,,,,,,,,,,,,,,,,,,,,,,,,,,,,,,,,,
45,8,9,54,S51,False,12,2,14,12,0,0,1,0,0,"['B324', 'B104', 'B548', 'B615', 'B126', 'B730', 'B283', 'B181', 'B462', 'B545', 'B701', 'B517', 'B177']",6.5,S36,1.89,0,3,3,0.0,,-0.494236,-13.800143,-14.294379,True,True,24,S16,True,18,0.6721,delivery+depot_removal,,,,,,,,,,,,,,,,,,,,,,,,,,,,,,,,,,,,,,,,,,,,,,,,,,,,
45,8,10,2,S36,False,0,3,3,0,12,0,1,0,0,"['B291', 'B103', 'B190', 'B183', 'B544', 'B309', 'B675', 'B179', 'B243', 'B703', 'B767', 'B337', 'B710']",6.5,S22,11.83,12,4,16,0.0,,-0.354621,-13.34739,-13.70201,True,True,36,S33,True,19,1.0006,pickup+depot_removal,,,,,,,,,,,,,,,,,,,,,,,,,,,,,,,,,,,,,,,,,,,,,,,,,,,,
45,8,10,21,S22,False,12,4,16,12,0,0,0,0,0,"['B291', 'B103', 'B190', 'B183', 'B544', 'B309', 'B675', 'B179', 'B243', 'B703', 'B767', 'B337']",6.0,S33,7.66,0,4,4,0.0,,-0.373995,-13.529265,-13.90326,False,False,12,S21,True,7,0.2972,delivery,,,,,,,,,,,,,,,,,,,,,,,,,,,,,,,,,,,,,,,,,,,,,,,,,,,,
45,8,10,34,S33,False,0,4,4,0,0,0,0,0,0,[],0.0,S16,1.49,0,4,4,0.0,,-0.433319,-13.829287,-14.262606,False,False,18,S39,True,1,0.5443,do_nothing,,,,,,,,,,,,,,,,,,,,,,,,,,,,,,,,,,,,,,,,,,,,,,,,,,,,
45,8,10,36,S16,False,0,4,4,0,9,0,0,0,0,"['B264', 'B112', 'B233', 'B757', 'B302', 'B211', 'B406', 'B392', 'B494']",4.5,S13,12.35,9,4,13,0.0,,-0.41335,-13.721348,-14.134698,False,False,18,S59,True,15,0.4776,pickup,,,,,,,,,,,,,,,,,,,,,,,,,,,,,,,,,,,,,,,,,,,,,,,,,,,,
45,8,10,53,S13,False,9,4,13,9,0,0,0,0,0,"['B264', 'B112', 'B233', 'B757', 'B302', 'B211', 'B406', 'B392', 'B494']",4.5,S39,8.67,0,4,4,0.0,,-0.354271,-13.756956,-14.111227,False,False,12,S66,True,7,0.3817,delivery,,,,,,,,,,,,,,,,,,,,,,,,,,,,,,,,,,,,,,,,,,,,,,,,,,,,
45,8,11,6,S39,False,0,4,4,0,15,0,1,0,0,"['B223', 'B668', 'B747', 'B580', 'B547', 'B326', 'B454', 'B722', 'B566', 'B52', 'B119', 'B114', 'B170', 'B357', 'B194', 'B178']",8.0,S23,5.18,15,5,20,0.0,,-0.470668,-13.902874,-14.373542,True,True,30,S23,False,18,0.7861,pickup+depot_removal,,,,,,,,,,,,,,,,,,,,,,,,,,,,,,,,,,,,,,,,,,,,,,,,,,,,
45,8,11,19,S23,False,15,5,20,8,0,0,1,0,0,"['B134', 'B223', 'B668', 'B747', 'B580', 'B547', 'B326', 'B454', 'B722']",4.5,S65,2.48,7,6,13,0.0,,-0.216758,-13.928431,-14.145188,True,True,30,S65,False,15,0.6111,delivery+depot_removal,,,,,,,,,,,,,,,,,,,,,,,,,,,,,,,,,,,,,,,,,,,,,,,,,,,,
45,8,11,26,S65,False,7,6,13,7,0,0,0,0,0,"['B566', 'B52', 'B119', 'B114', 'B170', 'B357', 'B194']",3.5,S66,3.09,0,6,6,0.0,,-0.314574,-13.815438,-14.130012,False,False,12,S66,False,10,0.2649,delivery,,,,,,,,,,,,,,,,,,,,,,,,,,,,,,,,,,,,,,,,,,,,,,,,,,,,
45,8,11,33,S66,False,0,6,6,0,13,0,0,0,0,"['B690', 'B603', 'B649', 'B560', 'B310', 'B666', 'B301', 'B528', 'B59', 'B455', 'B377', 'B184', 'B297']",6.5,S29,6.29,13,6,19,0.0,,-0.235429,-13.851983,-14.087412,False,False,18,S29,True,6,0.41,pickup,,,,,,,,,,,,,,,,,,,,,,,,,,,,,,,,,,,,,,,,,,,,,,,,,,,,
45,8,11,45,S29,False,13,6,19,13,0,0,0,0,0,"['B690', 'B603', 'B649', 'B560', 'B310', 'B666', 'B301', 'B528', 'B59', 'B455', 'B377', 'B184', 'B297']",6.5,S59,7.54,0,6,6,0.0,,-0.117293,-13.783711,-13.901004,False,False,12,S0,True,9,0.4298,delivery,,,,,,,,,,,,,,,,,,,,,,,,,,,,,,,,,,,,,,,,,,,,,,,,,,,,
45,8,11,59,S59,False,0,6,6,0,14,0,0,0,0,"['B54', 'B573', 'B296', 'B260', 'B432', 'B463', 'B289', 'B226', 'B102', 'B6', 'B508', 'B698', 'B254', 'B299']",7.0,S46,4.24,14,6,20,0.0,,-0.295204,-13.970657,-14.265861,False,False,12,S0,True,6,0.4006,pickup,,,,,,,,,,,,,,,,,,,,,,,,,,,,,,,,,,,,,,,,,,,,,,,,,,,,
45,8,12,11,S46,False,14,6,20,14,0,0,0,0,0,"['B54', 'B573', 'B296', 'B260', 'B432', 'B463', 'B289', 'B226', 'B102', 'B6', 'B508', 'B698', 'B254', 'B299']",7.0,S35,5.93,0,6,6,0.0,,-0.314077,-13.683585,-13.997662,False,False,18,S36,True,15,0.5412,delivery,,,,,,,,,,,,,,,,,,,,,,,,,,,,,,,,,,,,,,,,,,,,,,,,,,,,
45,8,12,24,S35,False,0,6,6,0,10,0,3,0,0,"['B2', 'B485', 'B352', 'B313', 'B652', 'B717', 'B575', 'B443', 'B627', 'B93', 'B77', 'B521', 'B492']",6.5,S63,6.66,10,9,19,0.0,,-0.11789,-13.671405,-13.789295,True,True,72,S57,True,66,2.0564,pickup+depot_removal,,,,,,,,,,,,,,,,,,,,,,,,,,,,,,,,,,,,,,,,,,,,,,,,,,,,
45,8,12,37,S63,False,10,9,19,10,0,1,0,0,0,"['B2', 'B485', 'B352', 'B313', 'B652', 'B717', 'B575', 'B443', 'B627', 'B93']",8.0,S43,0.64,0,9,9,0.0,,-0.491635,-13.702528,-14.194162,True,True,24,S6,True,18,0.5263,delivery+onsite,,,,,,,,,,,,,,,,,,,,,,,,,,,,,,,,,,,,,,,,,,,,,,,,,,,,
45,8,12,45,S43,False,0,9,9,0,11,0,0,0,0,"['B55', 'B671', 'B502', 'B613', 'B210', 'B60', 'B533', 'B295', 'B31', 'B92', 'B761']",5.5,S29,5.89,11,9,20,0.0,,-0.550107,-13.879793,-14.4299,True,False,18,S29,False,12,0.4982,pickup,,,,,,,,,,,,,,,,,,,,,,,,,,,,,,,,,,,,,,,,,,,,,,,,,,,,
45,8,12,57,S29,False,11,9,20,11,0,0,0,0,0,"['B55', 'B671', 'B502', 'B613', 'B210', 'B60', 'B533', 'B295', 'B31', 'B92', 'B761']",5.5,S51,7.57,0,9,9,0.0,,-0.766204,-13.791354,-14.557558,False,False,12,S51,False,6,0.3416,delivery,,,,,,,,,,,,,,,,,,,,,,,,,,,,,,,,,,,,,,,,,,,,,,,,,,,,
45,8,13,10,S51,False,0,9,9,0,7,0,0,0,0,"['B540', 'B49', 'B726', 'B375', 'B97', 'B251', 'B376']",3.5,S54,6.18,7,9,16,0.0,,-0.689226,-14.039443,-14.728669,False,False,18,S60,True,6,0.4285,pickup,,,,,,,,,,,,,,,,,,,,,,,,,,,,,,,,,,,,,,,,,,,,,,,,,,,,
45,8,13,19,S54,False,7,9,16,7,0,0,0,0,0,"['B540', 'B49', 'B726', 'B375', 'B97', 'B251', 'B376']",3.5,S60,6.45,0,9,9,0.0,,-1.102477,-13.937523,-15.04,False,False,12,S19,True,8,0.3299,delivery,,,,,,,,,,,,,,,,,,,,,,,,,,,,,,,,,,,,,,,,,,,,,,,,,,,,
45,8,13,29,S60,False,0,9,9,0,11,0,0,0,0,"['B489', 'B199', 'B564', 'B129', 'B167', 'B39', 'B384', 'B191', 'B562', 'B539', 'B655']",5.5,S52,3.35,11,9,20,0.0,,-1.31947,-14.057506,-15.376975,True,False,24,S55,True,13,0.5552,pickup,,,,,,,,,,,,,,,,,,,,,,,,,,,,,,,,,,,,,,,,,,,,,,,,,,,,
45,8,13,38,S52,False,11,9,20,11,0,0,0,0,0,"['B489', 'B199', 'B564', 'B129', 'B167', 'B39', 'B384', 'B191', 'B562', 'B539', 'B655']",5.5,S48,5.29,0,9,9,0.0,,-1.278666,-14.085815,-15.364481,False,False,12,S63,True,8,0.2745,delivery,,,,,,,,,,,,,,,,,,,,,,,,,,,,,,,,,,,,,,,,,,,,,,,,,,,,
45,8,13,49,S48,False,0,9,9,0,9,1,0,0,0,"['B345', 'B422', 'B145', 'B173', 'B284', 'B556', 'B222', 'B463', 'B146']",7.5,S54,6.34,9,9,18,0.0,,-1.415736,-14.119583,-15.535319,True,True,36,S41,True,33,0.8206,pickup+onsite,,,,,,,,,,,,,,,,,,,,,,,,,,,,,,,,,,,,,,,,,,,,,,,,,,,,
45,8,14,3,S54,False,9,9,18,9,0,0,0,0,0,"['B345', 'B422', 'B145', 'B173', 'B284', 'B556', 'B222', 'B463', 'B146']",4.5,S66,5.58,0,9,9,0.0,,-1.867125,-13.963166,-15.830292,False,False,12,S66,False,9,0.2833,delivery,,,,,,,,,,,,,,,,,,,,,,,,,,,,,,,,,,,,,,,,,,,,,,,,,,,,
45,8,14,13,S66,False,0,9,9,0,11,0,0,0,0,"['B469', 'B574', 'B584', 'B287', 'B570', 'B103', 'B2', 'B715', 'B353', 'B733', 'B79']",5.5,S26,5.64,11,9,20,0.0,,-2.150498,-14.040908,-16.191406,True,False,18,S23,True,12,0.3931,pickup,,,,,,,,,,,,,,,,,,,,,,,,,,,,,,,,,,,,,,,,,,,,,,,,,,,,
45,8,14,24,S26,False,11,9,20,11,0,0,0,0,0,"['B469', 'B574', 'B584', 'B287', 'B570', 'B103', 'B2', 'B715', 'B353', 'B733', 'B79']",5.5,S41,6.65,0,9,9,0.0,,-1.699263,-13.764262,-15.463525,False,False,12,S41,False,6,0.2793,delivery,,,,,,,,,,,,,,,,,,,,,,,,,,,,,,,,,,,,,,,,,,,,,,,,,,,,
45,8,14,36,S41,False,0,9,9,0,11,0,0,0,0,"['B588', 'B171', 'B759', 'B99', 'B648', 'B561', 'B680', 'B116', 'B148', 'B590', 'B343']",5.5,S35,9.63,11,9,20,0.0,,-1.8,-13.834966,-15.634965,False,False,12,S35,False,6,0.2657,pickup,,,,,,,,,,,,,,,,,,,,,,,,,,,,,,,,,,,,,,,,,,,,,,,,,,,,
45,8,14,51,S35,False,11,9,20,11,0,1,0,0,0,"['B588', 'B171', 'B759', 'B99', 'B648', 'B561', 'B680', 'B116', 'B148', 'B590', 'B343']",8.5,S51,8.32,0,9,9,0.0,,-1.818133,-13.853868,-15.672001,True,True,24,S6,True,18,0.6533,delivery+onsite,,,,,,,,,,,,,,,,,,,,,,,,,,,,,,,,,,,,,,,,,,,,,,,,,,,,
45,8,15,8,S51,False,0,9,9,0,9,1,0,0,0,"['B363', 'B32', 'B125', 'B167', 'B646', 'B366', 'B402', 'B495', 'B466']",7.5,S26,11.22,9,9,18,0.0,,-1.379442,-13.6442,-15.023642,True,True,36,S44,True,30,0.918,pickup+onsite,,,,,,,,,,,,,,,,,,,,,,,,,,,,,,,,,,,,,,,,,,,,,,,,,,,,
45,8,15,27,S26,False,9,9,18,9,0,0,0,0,0,"['B363', 'B32', 'B125', 'B167', 'B646', 'B366', 'B402', 'B495', 'B466']",4.5,S44,7.72,0,9,9,0.0,,-1.279788,-13.693476,-14.973264,False,False,12,S44,False,7,0.2586,delivery,,,,,,,,,,,,,,,,,,,,,,,,,,,,,,,,,,,,,,,,,,,,,,,,,,,,
45,8,15,39,S44,False,0,9,9,0,11,0,0,0,0,"['B578', 'B269', 'B155', 'B9', 'B493', 'B663', 'B46', 'B136', 'B553', 'B526', 'B543']",5.5,S55,3.84,11,9,20,0.0,,-1.380749,-13.56326,-14.944009,False,False,12,S55,False,6,0.2507,pickup,,,,,,,,,,,,,,,,,,,,,,,,,,,,,,,,,,,,,,,,,,,,,,,,,,,,
45,8,15,49,S55,False,11,9,20,11,0,0,1,0,0,"['B721', 'B578', 'B269', 'B155', 'B9', 'B493', 'B663', 'B46', 'B136', 'B553', 'B526', 'B543']",6.0,S62,3.22,0,10,10,0.0,,-1.167439,-13.589003,-14.756442,True,True,18,S62,False,12,0.3703,delivery+depot_removal,,,,,,,,,,,,,,,,,,,,,,,,,,,,,,,,,,,,,,,,,,,,,,,,,,,,
45,8,15,58,S62,False,0,10,10,0,10,0,0,0,0,"['B731', 'B26', 'B274', 'B756', 'B189', 'B723', 'B388', 'B375', 'B762', 'B565']",5.0,S38,4.41,10,10,20,0.0,,-0.988574,-13.563111,-14.551685,True,False,18,S51,True,15,0.3747,pickup,,,,,,,,,,,,,,,,,,,,,,,,,,,,,,,,,,,,,,,,,,,,,,,,,,,,
45,8,16,7,S38,False,10,10,20,9,0,0,0,0,0,"['B731', 'B26', 'B274', 'B756', 'B189', 'B723', 'B388', 'B375', 'B762']",4.5,S51,5.47,1,10,11,0.0,,-1.304757,-13.657205,-14.961963,False,False,18,S49,True,8,0.5149,delivery,,,,,,,,,,,,,,,,,,,,,,,,,,,,,,,,,,,,,,,,,,,,,,,,,,,,
45,8,16,17,S51,False,1,10,11,0,9,0,0,0,0,"['B552', 'B86', 'B150', 'B272', 'B122', 'B151', 'B559', 'B517', 'B140']",4.5,S54,6.18,10,10,20,0.0,,-0.730114,-13.422525,-14.152639,False,False,12,S54,False,6,0.2682,pickup,,,,,,,,,,,,,,,,,,,,,,,,,,,,,,,,,,,,,,,,,,,,,,,,,,,,
45,8,16,28,S54,False,10,10,20,10,0,0,0,0,0,"['B565', 'B552', 'B86', 'B150', 'B272', 'B122', 'B151', 'B559', 'B517', 'B140']",5.0,S12,8.01,0,10,10,0.0,,-0.511717,-13.394525,-13.906242,False,False,12,S20,True,8,0.2598,delivery,,,,,,,,,,,,,,,,,,,,,,,,,,,,,,,,,,,,,,,,,,,,,,,,,,,,
45,8,16,41,S12,False,0,10,10,0,10,0,0,0,0,"['B81', 'B673', 'B66', 'B351', 'B412', 'B603', 'B71', 'B27', 'B391', 'B563']",5.0,S39,8.6,10,10,20,0.0,,-0.450989,-13.326843,-13.777832,False,False,12,S22,True,6,0.2374,pickup,,,,,,,,,,,,,,,,,,,,,,,,,,,,,,,,,,,,,,,,,,,,,,,,,,,,
45,8,16,54,S39,False,10,10,20,10,0,0,0,0,0,"['B81', 'B673', 'B66', 'B351', 'B412', 'B603', 'B71', 'B27', 'B391', 'B563']",5.0,S51,7.16,0,10,10,0.0,,-0.690124,-13.6134,-14.303524,False,False,12,S49,True,7,0.2429,delivery,,,,,,,,,,,,,,,,,,,,,,,,,,,,,,,,,,,,,,,,,,,,,,,,,,,,
45,8,17,7,S51,False,0,10,10,0,10,0,0,0,0,"['B639', 'B507', 'B228', 'B31', 'B316', 'B697', 'B128', 'B308', 'B389', 'B503']",5.0,S24,13.42,10,10,20,0.0,,-0.473357,-13.534734,-14.008091,False,False,12,S34,True,9,0.337,pickup,,,,,,,,,,,,,,,,,,,,,,,,,,,,,,,,,,,,,,,,,,,,,,,,,,,,
45,8,17,25,S24,False,10,10,20,10,0,0,0,0,0,"['B639', 'B507', 'B228', 'B31', 'B316', 'B697', 'B128', 'B308', 'B389', 'B503']",5.0,S31,6.93,0,10,10,0.0,,-0.51291,-13.695171,-14.20808,False,False,12,S31,False,6,0.2277,delivery,,,,,,,,,,,,,,,,,,,,,,,,,,,,,,,,,,,,,,,,,,,,,,,,,,,,
45,8,17,37,S31,False,0,10,10,0,10,0,0,0,0,"['B575', 'B730', 'B472', 'B558', 'B15', 'B654', 'B198', 'B482', 'B385', 'B601']",5.0,S49,2.89,10,10,20,0.0,,-0.551114,-13.614536,-14.16565,False,False,12,S4,True,7,0.2583,pickup,,,,,,,,,,,,,,,,,,,,,,,,,,,,,,,,,,,,,,,,,,,,,,,,,,,,
45,8,17,45,S49,False,10,10,20,10,0,0,0,0,0,"['B575', 'B730', 'B472', 'B558', 'B15', 'B654', 'B198', 'B482', 'B385', 'B601']",5.0,S65,4.37,0,10,10,0.0,,-0.375596,-13.512658,-13.888254,False,False,12,S43,True,6,0.3648,delivery,,,,,,,,,,,,,,,,,,,,,,,,,,,,,,,,,,,,,,,,,,,,,,,,,,,,
45,8,17,54,S65,False,0,10,10,0,10,0,0,0,0,"['B237', 'B107', 'B73', 'B413', 'B210', 'B410', 'B50', 'B666', 'B628', 'B132']",5.0,S43,7.5,10,10,20,0.0,,-0.434419,-13.45933,-13.893749,False,False,12,S34,True,8,0.2978,pickup,,,,,,,,,,,,,,,,,,,,,,,,,,,,,,,,,,,,,,,,,,,,,,,,,,,,
45,8,18,7,S43,False,10,10,20,0,0,0,0,0,0,[],0.0,S63,0.64,10,10,20,0.0,,-0.334902,-13.448915,-13.783816,True,False,18,S53,True,0,0.3828,do_nothing,,,,,,,,,,,,,,,,,,,,,,,,,,,,,,,,,,,,,,,,,,,,,,,,,,,,
45,8,18,7,S63,False,10,10,20,10,0,0,0,0,0,"['B237', 'B107', 'B73', 'B413', 'B210', 'B410', 'B50', 'B666', 'B628', 'B132']",5.0,S35,6.66,0,10,10,0.0,,-0.493686,-13.337473,-13.83116,False,False,12,S43,True,8,0.2534,delivery,,,,,,,,,,,,,,,,,,,,,,,,,,,,,,,,,,,,,,,,,,,,,,,,,,,,
45,8,18,19,S35,False,0,10,10,0,10,1,0,0,0,"['B748', 'B278', 'B573', 'B551', 'B293', 'B527', 'B660', 'B508', 'B622', 'B127']",8.0,S26,6.42,10,10,20,0.0,,-0.375947,-13.294466,-13.670413,True,True,24,S50,True,19,0.6017,pickup+onsite,,,,,,,,,,,,,,,,,,,,,,,,,,,,,,,,,,,,,,,,,,,,,,,,,,,,
45,8,18,33,S26,False,10,10,20,10,0,0,0,0,0,"['B748', 'B278', 'B573', 'B551', 'B293', 'B527', 'B660', 'B508', 'B622', 'B127']",5.0,S53,7.29,0,10,10,0.0,,-0.51221,-13.273654,-13.785864,False,False,12,S32,True,6,0.2413,delivery,,,,,,,,,,,,,,,,,,,,,,,,,,,,,,,,,,,,,,,,,,,,,,,,,,,,
45,8,18,46,S53,False,0,10,10,0,10,1,0,0,0,"['B615', 'B662', 'B432', 'B571', 'B184', 'B518', 'B605', 'B49', 'B475', 'B608']",8.0,S50,5.17,10,10,20,0.0,,-0.394523,-13.277259,-13.671782,True,True,24,S4,True,20,0.5094,pickup+onsite,,,,,,,,,,,,,,,,,,,,,,,,,,,,,,,,,,,,,,,,,,,,,,,,,,,,
45,8,18,59,S50,False,10,10,20,10,0,0,0,0,0,"['B615', 'B662', 'B432', 'B571', 'B184', 'B518', 'B605', 'B49', 'B475', 'B608']",5.0,S4,7.44,0,10,10,0.0,,-0.394668,-13.317725,-13.712393,False,False,12,S55,True,9,0.3014,delivery,,,,,,,,,,,,,,,,,,,,,,,,,,,,,,,,,,,,,,,,,,,,,,,,,,,,
45,8,19,11,S4,False,0,10,10,0,10,0,0,0,0,"['B29', 'B247', 'B484', 'B60', 'B569', 'B473', 'B512', 'B444', 'B63', 'B329']",5.0,S43,2.37,10,10,20,0.0,,-0.592056,-13.189531,-13.781586,False,False,18,S19,True,8,0.3833,pickup,,,,,,,,,,,,,,,,,,,,,,,,,,,,,,,,,,,,,,,,,,,,,,,,,,,,
45,8,19,19,S43,False,10,10,20,10,0,0,1,0,0,"['B213', 'B29', 'B247', 'B484', 'B60', 'B569', 'B473', 'B512', 'B444', 'B63', 'B329']",5.5,S19,4.28,0,11,11,0.0,,-0.473308,-13.16794,-13.641248,True,True,18,S59,True,14,0.4385,delivery+depot_removal,,,,,,,,,,,,,,,,,,,,,,,,,,,,,,,,,,,,,,,,,,,,,,,,,,,,
45,8,19,28,S19,False,0,11,11,0,8,0,0,0,0,"['B431', 'B203', 'B553', 'B567', 'B292', 'B237', 'B705', 'B448']",4.0,S55,6.04,8,11,19,0.0,,-0.374945,-13.151413,-13.526359,False,False,16,S22,True,11,0.5438,pickup,,,,,,,,,,,,,,,,,,,,,,,,,,,,,,,,,,,,,,,,,,,,,,,,,,,,
45,8,19,38,S55,False,8,11,19,8,0,0,0,0,0,"['B431', 'B203', 'B553', 'B567', 'B292', 'B237', 'B705', 'B448']",4.0,S27,5.34,0,11,11,0.0,,-0.137614,-13.06649,-13.204103,False,False,7,S27,False,5,0.2386,delivery,,,,,,,,,,,,,,,,,,,,,,,,,,,,,,,,,,,,,,,,,,,,,,,,,,,,
45,8,19,48,S27,False,0,11,11,0,9,0,0,0,0,"['B378', 'B434', 'B182', 'B290', 'B355', 'B579', 'B740', 'B613', 'B28']",4.5,D0,1.1,9,11,20,0.0,,-0.257755,-13.395336,-13.653091,False,False,2,D0,False,1,0.0702,pickup,,,,,,,,,,,,,,,,,,,,,,,,,,,,,,,,,,,,,,,,,,,,,,,,,,,,
45,8,19,53,D0,True,9,11,20,0,0,0,0,11,11,"['B688', 'B70', 'B347', 'B58', 'B64', 'B306', 'B380', 'B263', 'B691', 'B682', 'B330', 'B532', 'B154', 'B324', 'B710', 'B178', 'B134', 'B77', 'B521', 'B492', 'B721', 'B213']",11.0,D0,0.0,20,0,20,0.0,,-0.472263,-13.231886,-13.704149,True,True,1,D0,False,0,0.0393,do_nothing,,,,,,,,,,,,,,,,,,,,,,,,,,,,,,,,,,,,,,,,,,,,,,,,,,,,
45,9,6,4,D0,True,20,0,20,0,0,0,0,0,0,[],0.0,S65,3.15,20,0,20,0.0,,-1.931648,-13.418669,-15.350318,True,True,5,S65,False,3,0.1325,depot_passthrough,,,,,,,,,,,,,,,,,,,,,,,,,,,,,,,,,,,,,,,,,,,,,,,,,,,,
45,9,6,23,S65,False,20,0,20,20,0,0,0,0,0,"['B378', 'B434', 'B182', 'B290', 'B355', 'B579', 'B740', 'B613', 'B28', 'B688', 'B70', 'B347', 'B58', 'B64', 'B306', 'B380', 'B263', 'B691', 'B682', 'B330']",10.0,S35,10.81,0,0,0,0.0,,-1.659169,-13.517354,-15.176524,False,False,12,S60,True,10,0.4245,delivery,,,,,,,,,,,,,,,,,,,,,,,,,,,,,,,,,,,,,,,,,,,,,,,,,,,,
45,9,6,43,S35,False,0,0,0,0,11,0,0,0,0,"['B12', 'B30', 'B180', 'B205', 'B241', 'B319', 'B573', 'B753', 'B705', 'B448', 'B292']",5.5,S34,4.29,11,0,11,0.0,,-0.988633,-13.722199,-14.710832,True,False,36,S37,True,27,1.0951,pickup,,,,,,,,,,,,,,,,,,,,,,,,,,,,,,,,,,,,,,,,,,,,,,,,,,,,
45,9,6,53,S34,False,11,0,11,11,0,0,0,0,0,"['B12', 'B30', 'B180', 'B205', 'B241', 'B319', 'B573', 'B753', 'B705', 'B448', 'B292']",5.5,S56,4.31,0,0,0,0.0,,-0.909539,-13.75209,-14.661628,False,False,12,S37,True,10,0.4735,delivery,,,,,,,,,,,,,,,,,,,,,,,,,,,,,,,,,,,,,,,,,,,,,,,,,,,,
45,9,7,3,S56,False,0,0,0,0,1,1,3,0,0,"['B744', 'B728', 'B643', 'B720']",5.0,S37,6.02,1,3,4,0.0,,-0.747092,-13.639105,-14.386197,True,True,144,S37,True,140,4.6704,pickup+maintenance,,,,,,,,,,,,,,,,,,,,,,,,,,,,,,,,,,,,,,,,,,,,,,,,,,,,
45,9,7,14,S37,False,1,3,4,0,0,0,0,0,0,[],0.0,S54,4.98,1,3,4,0.0,,-0.946274,-13.667047,-14.613321,False,False,12,S30,True,0,0.3236,do_nothing,,,,,,,,,,,,,,,,,,,,,,,,,,,,,,,,,,,,,,,,,,,,,,,,,,,,
45,9,7,19,S54,False,1,3,4,0,16,0,0,0,0,"['B600', 'B708', 'B301', 'B119', 'B6', 'B318', 'B217', 'B97', 'B353', 'B153', 'B464', 'B700', 'B645', 'B291', 'B692', 'B78']",8.0,S66,5.58,17,3,20,0.0,,-0.865384,-13.659537,-14.524921,True,False,24,S37,True,19,0.5756,pickup,,,,,,,,,,,,,,,,,,,,,,,,,,,,,,,,,,,,,,,,,,,,,,,,,,,,
45,9,7,33,S66,False,17,3,20,12,0,0,1,0,0,"['B436', 'B744', 'B600', 'B708', 'B301', 'B119', 'B6', 'B318', 'B217', 'B97', 'B353', 'B153', 'B464']",6.5,S15,3.2,5,4,9,0.0,,-0.630999,-13.763118,-14.394117,True,True,30,S15,False,13,0.8112,delivery+depot_removal,,,,,,,,,,,,,,,,,,,,,,,,,,,,,,,,,,,,,,,,,,,,,,,,,,,,
45,9,7,42,S15,False,5,4,9,5,0,0,0,0,0,"['B700', 'B645', 'B291', 'B692', 'B78']",2.5,S52,4.21,0,4,4,0.0,,-0.651881,-13.771578,-14.423459,False,False,12,S52,False,8,0.2874,delivery,,,,,,,,,,,,,,,,,,,,,,,,,,,,,,,,,,,,,,,,,,,,,,,,,,,,
45,9,7,49,S52,False,0,4,4,0,11,0,0,0,0,"['B86', 'B737', 'B236', 'B596', 'B699', 'B402', 'B548', 'B702', 'B648', 'B751', 'B362']",5.5,S61,2.0,11,4,15,0.0,,-0.395673,-13.709873,-14.105546,False,False,18,S37,True,14,0.4723,pickup,,,,,,,,,,,,,,,,,,,,,,,,,,,,,,,,,,,,,,,,,,,,,,,,,,,,
45,9,7,56,S61,False,11,4,15,9,0,1,0,0,0,"['B86', 'B737', 'B236', 'B596', 'B699', 'B402', 'B548', 'B702', 'B648']",7.5,S37,2.04,2,4,6,0.0,,-0.433968,-13.674245,-14.108214,True,True,36,S30,True,18,0.8718,delivery+onsite,,,,,,,,,,,,,,,,,,,,,,,,,,,,,,,,,,,,,,,,,,,,,,,,,,,,
45,9,8,6,S37,False,2,4,6,0,14,0,0,0,0,"['B666', 'B388', 'B375', 'B107', 'B293', 'B527', 'B508', 'B122', 'B72', 'B348', 'B370', 'B349', 'B709', 'B272']",7.0,S26,7.79,16,4,20,0.0,,-0.611182,-13.518885,-14.130068,False,False,12,S48,True,8,0.2916,pickup,,,,,,,,,,,,,,,,,,,,,,,,,,,,,,,,,,,,,,,,,,,,,,,,,,,,
45,9,8,21,S26,False,16,4,20,16,0,0,0,0,0,"['B751', 'B362', 'B666', 'B388', 'B375', 'B107', 'B293', 'B527', 'B508', 'B122', 'B72', 'B348', 'B370', 'B349', 'B709', 'B272']",8.0,S0,8.93,0,4,4,0.0,,-0.471866,-13.524994,-13.99686,False,False,18,S47,True,7,0.4747,delivery,,,,,,,,,,,,,,,,,,,,,,,,,,,,,,,,,,,,,,,,,,,,,,,,,,,,
45,9,8,38,S0,False,0,4,4,0,16,1,0,0,0,"['B188', 'B479', 'B421', 'B519', 'B88', 'B620', 'B139', 'B478', 'B707', 'B200', 'B510', 'B581', 'B164', 'B80', 'B739', 'B564']",11.0,S42,2.26,16,4,20,0.0,,-0.62821,-13.627629,-14.255839,True,True,24,S18,True,18,0.6858,pickup+onsite,,,,,,,,,,,,,,,,,,,,,,,,,,,,,,,,,,,,,,,,,,,,,,,,,,,,
45,9,8,51,S42,False,16,4,20,12,0,1,0,0,0,"['B188', 'B479', 'B421', 'B519', 'B88', 'B620', 'B139', 'B478', 'B707', 'B200', 'B510', 'B581']",9.0,S18,9.96,4,4,8,0.0,,-0.807664,-13.542499,-14.350163,True,True,36,S47,True,18,0.8478,delivery+onsite,,,,,,,,,,,,,,,,,,,,,,,,,,,,,,,,,,,,,,,,,,,,,,,,,,,,
45,9,9,10,S18,False,4,4,8,0,10,0,0,0,0,"['B746', 'B455', 'B408', 'B206', 'B516', 'B53', 'B506', 'B452', 'B54', 'B667']",5.0,S17,9.27,14,4,18,0.0,,-0.610827,-13.218003,-13.82883,False,False,18,S60,True,14,0.439,pickup,,,,,,,,,,,,,,,,,,,,,,,,,,,,,,,,,,,,,,,,,,,,,,,,,,,,
45,9,9,24,S17,False,14,4,18,14,0,0,0,0,0,"['B164', 'B80', 'B739', 'B564', 'B746', 'B455', 'B408', 'B206', 'B516', 'B53', 'B506', 'B452', 'B54', 'B667']",7.0,S60,8.5,0,4,4,0.0,,-0.412992,-13.255623,-13.668615,False,False,12,S10,True,6,0.3797,delivery,,,,,,,,,,,,,,,,,,,,,,,,,,,,,,,,,,,,,,,,,,,,,,,,,,,,
45,9,9,40,S60,False,0,4,4,0,16,1,0,0,0,"['B344', 'B169', 'B764', 'B559', 'B253', 'B494', 'B669', 'B44', 'B175', 'B142', 'B82', 'B222', 'B726', 'B758', 'B420', 'B473']",11.0,S47,2.18,16,4,20,0.0,,-0.197084,-13.250678,-13.447762,True,True,36,S47,False,30,0.9109,pickup+onsite,,,,,,,,,,,,,,,,,,,,,,,,,,,,,,,,,,,,,,,,,,,,,,,,,,,,
45,9,9,53,S47,False,16,4,20,13,0,0,0,0,0,"['B344', 'B169', 'B764', 'B559', 'B253', 'B494', 'B669', 'B44', 'B175', 'B142', 'B82', 'B222', 'B726']",6.5,S51,9.57,3,4,7,0.0,,-0.493688,-13.279775,-13.773462,False,False,18,S12,True,14,0.4954,delivery,,,,,,,,,,,,,,,,,,,,,,,,,,,,,,,,,,,,,,,,,,,,,,,,,,,,
45,9,10,9,S51,False,3,4,7,3,0,0,0,0,0,"['B758', 'B420', 'B473']",1.5,S46,3.14,0,4,4,0.0,,-0.533836,-13.421792,-13.955628,True,False,24,S55,True,12,0.7657,delivery,,,,,,,,,,,,,,,,,,,,,,,,,,,,,,,,,,,,,,,,,,,,,,,,,,,,
45,9,10,14,S46,False,0,4,4,0,12,0,0,0,0,"['B575', 'B384', 'B423', 'B571', 'B401', 'B524', 'B211', 'B147', 'B18', 'B505', 'B545', 'B52']",6.0,S12,5.14,12,4,16,0.0,,-0.590151,-13.344191,-13.934342,False,False,18,S55,True,14,0.5944,pickup,,,,,,,,,,,,,,,,,,,,,,,,,,,,,,,,,,,,,,,,,,,,,,,,,,,,
45,9,10,25,S12,False,12,4,16,12,0,0,0,0,0,"['B575', 'B384', 'B423', 'B571', 'B401', 'B524', 'B211', 'B147', 'B18', 'B505', 'B545', 'B52']",6.0,S55,7.23,0,4,4,0.0,,-0.295354,-13.19589,-13.491244,False,False,18,S19,True,16,0.6401,delivery,,,,,,,,,,,,,,,,,,,,,,,,,,,,,,,,,,,,,,,,,,,,,,,,,,,,
45,9,10,38,S55,False,0,4,4,0,15,0,0,0,0,"['B759', 'B283', 'B190', 'B176', 'B321', 'B451', 'B612', 'B379', 'B340', 'B714', 'B277', 'B443', 'B166', 'B50', 'B46']",7.5,S54,0.95,15,4,19,0.0,,-0.41234,-13.340117,-13.752458,False,False,18,S54,False,6,0.5775,pickup,,,,,,,,,,,,,,,,,,,,,,,,,,,,,,,,,,,,,,,,,,,,,,,,,,,,
45,9,10,46,S54,False,15,4,19,13,0,0,1,0,0,"['B204', 'B759', 'B283', 'B190', 'B176', 'B321', 'B451', 'B612', 'B379', 'B340', 'B714', 'B277', 'B443', 'B166']",7.0,S35,2.91,2,5,7,0.0,,-0.197785,-13.378714,-13.576499,True,True,48,S29,True,19,1.767,delivery+depot_removal,,,,,,,,,,,,,,,,,,,,,,,,,,,,,,,,,,,,,,,,,,,,,,,,,,,,
45,9,10,56,S35,False,2,5,7,0,11,1,1,0,0,"['B502', 'B58', 'B523', 'B326', 'B203', 'B641', 'B87', 'B586', 'B273', 'B619', 'B747', 'B266']",9.0,S29,1.95,13,6,19,0.0,,-0.591404,-13.535969,-14.127373,True,True,60,S62,True,54,1.827,pickup+maintenance,,,,,,,,,,,,,,,,,,,,,,,,,,,,,,,,,,,,,,,,,,,,,,,,,,,,
45,9,11,7,S29,False,13,6,19,13,0,0,0,0,0,"['B50', 'B46', 'B502', 'B58', 'B523', 'B326', 'B203', 'B641', 'B87', 'B586', 'B273', 'B619', 'B747']",6.5,S62,3.79,0,6,6,0.0,,-0.353079,-13.545784,-13.898863,False,False,12,S62,False,7,0.4108,delivery,,,,,,,,,,,,,,,,,,,,,,,,,,,,,,,,,,,,,,,,,,,,,,,,,,,,
45,9,11,18,S62,False,0,6,6,0,12,0,1,0,0,"['B654', 'B29', 'B131', 'B250', 'B289', 'B418', 'B114', 'B74', 'B599', 'B238', 'B145', 'B671', 'B515']",6.5,S50,4.95,12,7,19,0.0,,-0.334099,-13.616055,-13.950154,True,True,30,S31,True,27,0.8001,pickup+depot_removal,,,,,,,,,,,,,,,,,,,,,,,,,,,,,,,,,,,,,,,,,,,,,,,,,,,,
45,9,11,29,S50,False,12,7,19,12,0,0,0,0,0,"['B654', 'B29', 'B131', 'B250', 'B289', 'B418', 'B114', 'B74', 'B599', 'B238', 'B145', 'B671']",6.0,S21,5.55,0,7,7,0.0,,-0.513109,-13.638131,-14.15124,False,False,12,S23,True,9,0.3452,delivery,,,,,,,,,,,,,,,,,,,,,,,,,,,,,,,,,,,,,,,,,,,,,,,,,,,,
45,9,11,41,S21,False,0,7,7,0,5,1,0,0,0,"['B138', 'B618', 'B361', 'B5', 'B732']",5.5,S23,17.53,5,7,12,0.0,,-0.787434,-13.693001,-14.480434,True,True,36,S40,True,31,0.9466,pickup+onsite,,,,,,,,,,,,,,,,,,,,,,,,,,,,,,,,,,,,,,,,,,,,,,,,,,,,
45,9,12,4,S23,False,5,7,12,0,0,0,1,0,0,['B445'],0.5,S40,8.5,5,8,13,0.0,,-0.631048,-13.786822,-14.417871,True,True,36,S6,True,7,0.7941,do_nothing+depot_removal,,,,,,,,,,,,,,,,,,,,,,,,,,,,,,,,,,,,,,,,,,,,,,,,,,,,
45,9,12,13,S40,False,5,8,13,0,7,0,0,0,0,"['B70', 'B306', 'B263', 'B354', 'B230', 'B305', 'B716']",3.5,S31,3.53,12,8,20,0.0,,-0.413791,-13.580224,-13.994015,False,False,12,S31,False,10,0.2571,pickup,,,,,,,,,,,,,,,,,,,,,,,,,,,,,,,,,,,,,,,,,,,,,,,,,,,,
45,9,12,20,S31,False,12,8,20,12,0,0,0,0,0,"['B138', 'B618', 'B361', 'B5', 'B732', 'B70', 'B306', 'B263', 'B354', 'B230', 'B305', 'B716']",6.0,S16,3.96,0,8,8,0.0,,-0.570237,-13.6494,-14.219637,False,False,12,S66,True,7,0.2941,delivery,,,,,,,,,,,,,,,,,,,,,,,,,,,,,,,,,,,,,,,,,,,,,,,,,,,,
45,9,12,30,S16,False,0,8,8,0,11,0,0,0,0,"['B328', 'B469', 'B563', 'B363', 'B446', 'B752', 'B700', 'B255', 'B499', 'B522', 'B356']",5.5,S50,6.69,11,8,19,0.0,,-0.511657,-13.682716,-14.194372,False,False,18,S53,True,6,0.4587,pickup,,,,,,,,,,,,,,,,,,,,,,,,,,,,,,,,,,,,,,,,,,,,,,,,,,,,
45,9,12,42,S50,False,11,8,19,11,0,0,0,0,0,"['B328', 'B469', 'B563', 'B363', 'B446', 'B752', 'B700', 'B255', 'B499', 'B522', 'B356']",5.5,S53,5.17,0,8,8,0.0,,-0.511957,-13.606714,-14.118672,False,False,12,S53,False,6,0.2945,delivery,,,,,,,,,,,,,,,,,,,,,,,,,,,,,,,,,,,,,,,,,,,,,,,,,,,,
45,9,12,52,S53,False,0,8,8,0,12,0,0,0,0,"['B129', 'B410', 'B695', 'B587', 'B482', 'B141', 'B127', 'B415', 'B269', 'B481', 'B60', 'B470']",6.0,S54,2.46,12,8,20,0.0,,-1.08354,-13.869086,-14.952626,False,False,12,S54,False,6,0.2962,pickup,,,,,,,,,,,,,,,,,,,,,,,,,,,,,,,,,,,,,,,,,,,,,,,,,,,,
45,9,13,1,S54,False,12,8,20,12,0,0,2,0,0,"['B159', 'B199', 'B129', 'B410', 'B695', 'B587', 'B482', 'B141', 'B127', 'B415', 'B269', 'B481', 'B60', 'B470']",7.0,S37,4.98,0,10,10,0.0,,-0.668499,-13.9509,-14.6194,True,True,42,S52,True,38,0.9135,delivery+depot_removal,,,,,,,,,,,,,,,,,,,,,,,,,,,,,,,,,,,,,,,,,,,,,,,,,,,,
45,9,13,13,S37,False,0,10,10,0,0,0,0,0,0,[],0.0,S66,3.07,0,10,10,0.0,,-1.674491,-13.983547,-15.658038,False,False,12,S66,False,0,0.2789,do_nothing,,,,,,,,,,,,,,,,,,,,,,,,,,,,,,,,,,,,,,,,,,,,,,,,,,,,
45,9,13,16,S66,False,0,10,10,0,10,0,0,0,0,"['B745', 'B112', 'B507', 'B611', 'B190', 'B637', 'B107', 'B219', 'B136', 'B338']",5.0,S29,6.29,10,10,20,0.0,,-1.221401,-13.971248,-15.192649,False,False,12,S26,True,7,0.2532,pickup,,,,,,,,,,,,,,,,,,,,,,,,,,,,,,,,,,,,,,,,,,,,,,,,,,,,
45,9,13,27,S29,False,10,10,20,10,0,0,0,0,0,"['B745', 'B112', 'B507', 'B611', 'B190', 'B637', 'B107', 'B219', 'B136', 'B338']",5.0,S66,6.29,0,10,10,0.0,,-1.321729,-13.937613,-15.259342,False,False,12,S66,False,6,0.2735,delivery,,,,,,,,,,,,,,,,,,,,,,,,,,,,,,,,,,,,,,,,,,,,,,,,,,,,
45,9,13,39,S66,False,0,10,10,0,10,0,0,0,0,"['B203', 'B635', 'B221', 'B749', 'B619', 'B651', 'B751', 'B329', 'B139', 'B284']",5.0,S35,8.23,10,10,20,0.0,,-1.794093,-13.912728,-15.706821,False,False,12,S41,True,10,0.2622,pickup,,,,,,,,,,,,,,,,,,,,,,,,,,,,,,,,,,,,,,,,,,,,,,,,,,,,
45,9,13,52,S35,False,10,10,20,10,0,1,0,0,0,"['B203', 'B635', 'B221', 'B749', 'B619', 'B651', 'B751', 'B329', 'B139', 'B284']",8.0,S41,9.63,0,10,10,0.0,,-1.183555,-13.856557,-15.040112,True,True,24,S60,True,22,0.6501,delivery+onsite,,,,,,,,,,,,,,,,,,,,,,,,,,,,,,,,,,,,,,,,,,,,,,,,,,,,
45,9,14,9,S41,False,0,10,10,0,10,0,0,0,0,"['B198', 'B566', 'B299', 'B477', 'B758', 'B413', 'B388', 'B375', 'B270', 'B94']",5.0,S26,6.65,10,10,20,0.0,,-1.161987,-13.589671,-14.751658,False,False,12,S60,True,6,0.2948,pickup,,,,,,,,,,,,,,,,,,,,,,,,,,,,,,,,,,,,,,,,,,,,,,,,,,,,
45,9,14,21,S26,False,10,10,20,10,0,0,0,0,0,"['B198', 'B566', 'B299', 'B477', 'B758', 'B413', 'B388', 'B375', 'B270', 'B94']",5.0,S60,6.85,0,10,10,0.0,,-0.929207,-13.542689,-14.471895,False,False,12,S63,True,9,0.2806,delivery,,,,,,,,,,,,,,,,,,,,,,,,,,,,,,,,,,,,,,,,,,,,,,,,,,,,
45,9,14,33,S60,False,0,10,10,0,10,0,0,0,0,"['B435', 'B655', 'B475', 'B148', 'B393', 'B297', 'B465', 'B267', 'B369', 'B681']",5.0,S39,2.89,10,10,20,0.0,,-0.631004,-13.550548,-14.181552,False,False,12,S39,False,6,0.3383,pickup,,,,,,,,,,,,,,,,,,,,,,,,,,,,,,,,,,,,,,,,,,,,,,,,,,,,
45,9,14,41,S39,False,10,10,20,10,0,1,0,0,0,"['B435', 'B655', 'B475', 'B148', 'B393', 'B297', 'B465', 'B267', 'B369', 'B681']",8.0,S65,5.08,0,10,10,0.0,,-0.808765,-13.513398,-14.322163,True,True,24,S27,True,18,0.5647,delivery+onsite,,,,,,,,,,,,,,,,,,,,,,,,,,,,,,,,,,,,,,,,,,,,,,,,,,,,
45,9,14,54,S65,False,0,10,10,0,10,1,0,0,0,"['B296', 'B93', 'B431', 'B127', 'B269', 'B482', 'B86', 'B218', 'B246', 'B110']",8.0,S63,7.4,10,10,20,0.0,,-0.807358,-13.673856,-14.481214,True,True,24,S39,True,22,0.5722,pickup+onsite,,,,,,,,,,,,,,,,,,,,,,,,,,,,,,,,,,,,,,,,,,,,,,,,,,,,
45,9,15,9,S63,False,10,10,20,0,0,1,0,0,0,[],3.0,S39,5.24,10,10,20,0.0,,-1.063968,-13.664851,-14.728818,True,True,24,S29,True,6,0.4905,do_nothing+onsite,,,,,,,,,,,,,,,,,,,,,,,,,,,,,,,,,,,,,,,,,,,,,,,,,,,,
45,9,15,18,S39,False,10,10,20,10,0,0,0,0,0,"['B296', 'B93', 'B431', 'B127', 'B269', 'B482', 'B86', 'B218', 'B246', 'B110']",5.0,S41,3.32,0,10,10,0.0,,-1.219656,-13.783043,-15.0027,False,False,12,S27,True,6,0.255,delivery,,,,,,,,,,,,,,,,,,,,,,,,,,,,,,,,,,,,,,,,,,,,,,,,,,,,
45,9,15,26,S41,False,0,10,10,0,10,0,0,0,0,"['B359', 'B395', 'B562', 'B102', 'B207', 'B623', 'B235', 'B410', 'B755', 'B468']",5.0,S27,3.14,10,10,20,0.0,,-0.591308,-13.660788,-14.252096,False,False,12,S39,True,7,0.2707,pickup,,,,,,,,,,,,,,,,,,,,,,,,,,,,,,,,,,,,,,,,,,,,,,,,,,,,
45,9,15,34,S27,False,10,10,20,10,0,0,0,0,0,"['B359', 'B395', 'B562', 'B102', 'B207', 'B623', 'B235', 'B410', 'B755', 'B468']",5.0,S12,10.31,0,10,10,0.0,,-0.707048,-13.558025,-14.265073,False,False,12,S35,True,8,0.2595,delivery,,,,,,,,,,,,,,,,,,,,,,,,,,,,,,,,,,,,,,,,,,,,,,,,,,,,
45,9,15,49,S12,False,0,10,10,0,10,0,0,0,0,"['B162', 'B449', 'B29', 'B130', 'B463', 'B73', 'B42', 'B616', 'B132', 'B429']",5.0,S35,9.87,10,10,20,0.0,,-0.768173,-13.548752,-14.316925,True,False,18,S23,True,13,0.4657,pickup,,,,,,,,,,,,,,,,,,,,,,,,,,,,,,,,,,,,,,,,,,,,,,,,,,,,
45,9,16,4,S35,False,10,10,20,10,0,0,0,0,0,"['B162', 'B449', 'B29', 'B130', 'B463', 'B73', 'B42', 'B616', 'B132', 'B429']",5.0,S48,8.23,0,10,10,0.0,,-0.45214,-13.388431,-13.840571,False,False,12,S31,True,8,0.3402,delivery,,,,,,,,,,,,,,,,,,,,,,,,,,,,,,,,,,,,,,,,,,,,,,,,,,,,
45,9,16,17,S48,False,0,10,10,0,8,0,1,0,0,"['B737', 'B493', 'B767', 'B0', 'B101', 'B161', 'B487', 'B398', 'B105']",4.5,S58,5.29,8,11,19,0.0,,-0.649973,-13.364182,-14.014155,True,True,30,S61,True,18,0.6655,pickup+depot_removal,,,,,,,,,,,,,,,,,,,,,,,,,,,,,,,,,,,,,,,,,,,,,,,,,,,,
45,9,16,27,S58,False,8,11,19,8,0,0,2,0,0,"['B427', 'B311', 'B737', 'B493', 'B767', 'B0', 'B101', 'B161', 'B487', 'B398']",5.0,S4,1.21,0,13,13,0.0,,-0.611929,-13.313398,-13.925327,True,True,30,S4,False,25,0.6068,delivery+depot_removal,,,,,,,,,,,,,,,,,,,,,,,,,,,,,,,,,,,,,,,,,,,,,,,,,,,,
45,9,16,33,S4,False,0,13,13,0,0,0,0,0,0,[],0.0,S61,1.37,0,13,13,0.0,,-0.887198,-13.458229,-14.345426,False,False,12,S61,False,2,0.2354,do_nothing,,,,,,,,,,,,,,,,,,,,,,,,,,,,,,,,,,,,,,,,,,,,,,,,,,,,
45,9,16,35,S61,False,0,13,13,0,0,0,0,0,0,[],0.0,S31,1.01,0,13,13,0.0,,-0.789945,-13.533928,-14.323873,False,False,12,S26,True,0,0.2362,do_nothing,,,,,,,,,,,,,,,,,,,,,,,,,,,,,,,,,,,,,,,,,,,,,,,,,,,,
45,9,16,36,S31,False,0,13,13,0,7,0,0,0,0,"['B230', 'B87', 'B4', 'B124', 'B365', 'B254', 'B712']",3.5,S29,6.48,7,13,20,0.0,,-0.709299,-13.389455,-14.098754,True,False,18,S61,True,13,0.3422,pickup,,,,,,,,,,,,,,,,,,,,,,,,,,,,,,,,,,,,,,,,,,,,,,,,,,,,
45,9,16,46,S29,False,7,13,20,7,0,0,0,0,0,"['B230', 'B87', 'B4', 'B124', 'B365', 'B254', 'B712']",3.5,S31,6.48,0,13,13,0.0,,-0.846813,-13.436358,-14.283171,False,False,12,S3,True,6,0.2548,delivery,,,,,,,,,,,,,,,,,,,,,,,,,,,,,,,,,,,,,,,,,,,,,,,,,,,,
45,9,16,56,S31,False,0,13,13,0,7,0,0,0,0,"['B377', 'B453', 'B695', 'B604', 'B761', 'B456', 'B614']",3.5,S26,6.02,7,13,20,0.0,,-0.828584,-13.457314,-14.285897,True,False,18,S61,True,12,0.3383,pickup,,,,,,,,,,,,,,,,,,,,,,,,,,,,,,,,,,,,,,,,,,,,,,,,,,,,
45,9,17,5,S26,False,7,13,20,7,0,0,0,0,0,"['B377', 'B453', 'B695', 'B604', 'B761', 'B456', 'B614']",3.5,S65,6.43,0,13,13,0.0,,-1.478519,-13.448381,-14.9269,False,False,12,S16,True,6,0.2339,delivery,,,,,,,,,,,,,,,,,,,,,,,,,,,,,,,,,,,,,,,,,,,,,,,,,,,,
45,9,17,15,S65,False,0,13,13,0,7,0,0,0,0,"['B704', 'B325', 'B97', 'B442', 'B319', 'B283', 'B401']",3.5,S51,10.57,7,13,20,0.0,,-0.730924,-13.24099,-13.971914,False,False,12,S23,True,7,0.2394,pickup,,,,,,,,,,,,,,,,,,,,,,,,,,,,,,,,,,,,,,,,,,,,,,,,,,,,
45,9,17,29,S51,False,7,13,20,7,0,0,1,0,0,"['B391', 'B704', 'B325', 'B97', 'B442', 'B319', 'B283', 'B401']",4.0,S22,11.78,0,14,14,0.0,,-0.589754,-13.226493,-13.816247,True,True,18,S31,True,13,0.3572,delivery+depot_removal,,,,,,,,,,,,,,,,,,,,,,,,,,,,,,,,,,,,,,,,,,,,,,,,,,,,
45,9,17,45,S22,False,0,14,14,0,6,0,0,0,0,"['B730', 'B517', 'B173', 'B451', 'B256', 'B682']",3.0,S53,9.3,6,14,20,0.0,,-0.6307,-13.131802,-13.762502,False,False,12,S39,True,8,0.2386,pickup,,,,,,,,,,,,,,,,,,,,,,,,,,,,,,,,,,,,,,,,,,,,,,,,,,,,
45,9,17,57,S53,False,6,14,20,6,0,0,0,0,0,"['B730', 'B517', 'B173', 'B451', 'B256', 'B682']",3.0,S60,5.31,0,14,14,0.0,,-0.589602,-13.115089,-13.704691,False,False,12,S62,True,8,0.2384,delivery,,,,,,,,,,,,,,,,,,,,,,,,,,,,,,,,,,,,,,,,,,,,,,,,,,,,
45,9,18,6,S60,False,0,14,14,0,6,0,0,0,0,"['B426', 'B691', 'B612', 'B505', 'B677', 'B355']",3.0,S64,0.95,6,14,20,0.0,,-0.531082,-12.835395,-13.366477,False,False,12,S61,True,7,0.241,pickup,,,,,,,,,,,,,,,,,,,,,,,,,,,,,,,,,,,,,,,,,,,,,,,,,,,,
45,9,18,10,S64,False,6,14,20,6,0,0,0,0,0,"['B426', 'B691', 'B612', 'B505', 'B677', 'B355']",3.0,S61,1.43,0,14,14,0.0,,-0.374594,-12.88306,-13.257654,False,False,12,S31,True,8,0.2329,delivery,,,,,,,,,,,,,,,,,,,,,,,,,,,,,,,,,,,,,,,,,,,,,,,,,,,,
45,9,18,14,S61,False,0,14,14,0,6,0,0,0,0,"['B123', 'B631', 'B508', 'B622', 'B70', 'B363']",3.0,S16,3.01,6,14,20,0.0,,-0.177609,-12.774076,-12.951685,False,False,12,S39,True,7,0.2333,pickup,,,,,,,,,,,,,,,,,,,,,,,,,,,,,,,,,,,,,,,,,,,,,,,,,,,,
45,9,18,20,S16,False,6,14,20,6,0,0,0,0,0,"['B123', 'B631', 'B508', 'B622', 'B70', 'B363']",3.0,S4,2.09,0,14,14,0.0,,-0.176064,-12.616276,-12.79234,False,False,12,S31,True,8,0.2325,delivery,,,,,,,,,,,,,,,,,,,,,,,,,,,,,,,,,,,,,,,,,,,,,,,,,,,,
45,9,18,25,S4,False,0,14,14,0,6,0,0,0,0,"['B403', 'B544', 'B459', 'B47', 'B169', 'B28']",3.0,S8,15.61,6,14,20,0.0,,-0.315874,-12.732681,-13.048555,False,False,12,S62,True,9,0.2357,pickup,,,,,,,,,,,,,,,,,,,,,,,,,,,,,,,,,,,,,,,,,,,,,,,,,,,,
45,9,18,44,S8,False,6,14,20,6,0,0,0,0,0,"['B403', 'B544', 'B459', 'B47', 'B169', 'B28']",3.0,S62,13.2,0,14,14,0.0,,-0.315775,-12.75123,-13.067004,False,False,12,S56,True,7,0.232,delivery,,,,,,,,,,,,,,,,,,,,,,,,,,,,,,,,,,,,,,,,,,,,,,,,,,,,
45,9,19,0,S62,False,0,14,14,0,0,0,0,0,0,[],0.0,S31,2.98,0,14,14,0.0,,-0.11834,-12.912259,-13.030599,False,False,12,S31,False,0,0.2539,do_nothing,,,,,,,,,,,,,,,,,,,,,,,,,,,,,,,,,,,,,,,,,,,,,,,,,,,,
45,9,19,3,S31,False,0,14,14,0,6,0,0,0,0,"['B555', 'B581', 'B443', 'B662', 'B708', 'B117']",3.0,S53,4.82,6,14,20,0.0,,-0.157938,-12.910761,-13.068699,True,False,18,S30,True,12,0.3769,pickup,,,,,,,,,,,,,,,,,,,,,,,,,,,,,,,,,,,,,,,,,,,,,,,,,,,,
45,9,19,11,S53,False,6,14,20,6,0,0,0,0,0,"['B555', 'B581', 'B443', 'B662', 'B708', 'B117']",3.0,S32,1.73,0,14,14,0.0,,-0.058723,-12.892065,-12.950787,False,False,12,S62,True,9,0.2759,delivery,,,,,,,,,,,,,,,,,,,,,,,,,,,,,,,,,,,,,,,,,,,,,,,,,,,,
45,9,19,16,S32,False,0,14,14,0,0,2,1,0,0,['B170'],6.5,S62,3.53,0,15,15,0.0,,-0.05877,-12.899677,-12.958447,True,True,54,S62,False,30,1.1281,do_nothing+maintenance,,,,,,,,,,,,,,,,,,,,,,,,,,,,,,,,,,,,,,,,,,,,,,,,,,,,
45,9,19,26,S62,False,0,15,15,0,5,0,0,0,0,"['B495', 'B539', 'B174', 'B700', 'B56']",2.5,S63,2.46,5,15,20,0.0,,-0.196883,-12.818168,-13.01505,False,False,12,S39,True,10,0.2472,pickup,,,,,,,,,,,,,,,,,,,,,,,,,,,,,,,,,,,,,,,,,,,,,,,,,,,,
45,9,19,31,S63,False,5,15,20,5,0,0,0,0,0,"['B495', 'B539', 'B174', 'B700', 'B56']",2.5,S41,5.29,0,15,15,0.0,,-0.255904,-12.758659,-13.014563,False,False,12,S1,True,6,0.2321,delivery,,,,,,,,,,,,,,,,,,,,,,,,,,,,,,,,,,,,,,,,,,,,,,,,,,,,
45,9,19,38,S41,False,0,15,15,0,5,0,0,0,0,"['B223', 'B246', 'B531', 'B654', 'B760']",2.5,S39,3.32,5,15,20,0.0,,-0.138018,-12.757169,-12.895187,False,False,10,S39,False,6,0.2201,pickup,,,,,,,,,,,,,,,,,,,,,,,,,,,,,,,,,,,,,,,,,,,,,,,,,,,,
45,9,19,44,S39,False,5,15,20,0,0,0,0,0,0,[],0.0,S38,1.78,5,15,20,0.0,,-0.138264,-12.775851,-12.914115,False,False,3,D0,True,0,0.084,do_nothing,,,,,,,,,,,,,,,,,,,,,,,,,,,,,,,,,,,,,,,,,,,,,,,,,,,,
45,9,19,46,S38,False,5,15,20,0,0,0,0,0,0,[],0.0,S58,1.38,5,15,20,0.0,,-0.21566,-12.83803,-13.053689,False,False,3,D0,True,0,0.0849,do_nothing,,,,,,,,,,,,,,,,,,,,,,,,,,,,,,,,,,,,,,,,,,,,,,,,,,,,
45,9,19,47,S58,False,5,15,20,0,0,0,0,0,0,[],0.0,D0,2.14,5,15,20,0.0,,-0.078542,-13.070343,-13.148886,False,False,3,D0,True,0,0.101,do_nothing,,,,,,,,,,,,,,,,,,,,,,,,,,,,,,,,,,,,,,,,,,,,,,,,,,,,
45,9,19,49,D0,True,5,15,20,0,0,0,0,15,1,"['B483', 'B728', 'B643', 'B720', 'B436', 'B204', 'B266', 'B515', 'B445', 'B159', 'B199', 'B105', 'B427', 'B311', 'B391', 'B170']",8.0,D0,0.0,6,0,6,0.0,,-0.098266,-13.050575,-13.148841,True,True,1,D0,False,0,0.0406,do_nothing,,,,,,,,,,,,,,,,,,,,,,,,,,,,,,,,,,,,,,,,,,,,,,,,,,,,
45,10,6,12,D0,True,6,0,6,0,0,0,0,0,11,"['B532', 'B154', 'B324', 'B710', 'B178', 'B134', 'B77', 'B521', 'B492', 'B721', 'B213']",5.5,S12,5.12,17,0,17,0.0,,-0.611771,-13.412814,-14.024585,True,True,5,S12,False,3,0.1607,load_queue,,,,,,,,,,,,,,,,,,,,,,,,,,,,,,,,,,,,,,,,,,,,,,,,,,,,
45,10,6,38,S12,False,17,0,17,16,0,0,2,0,0,"['B715', 'B712', 'B223', 'B246', 'B531', 'B654', 'B760', 'B483', 'B532', 'B154', 'B324', 'B710', 'B178', 'B134', 'B77', 'B521', 'B492', 'B721']",9.0,S54,8.01,1,2,3,0.0,,-1.245136,-13.611094,-14.85623,True,True,54,S47,True,34,1.3601,delivery+depot_removal,,,,,,,,,,,,,,,,,,,,,,,,,,,,,,,,,,,,,,,,,,,,,,,,,,,,
45,10,6,55,S54,False,1,2,3,0,14,0,0,0,0,"['B714', 'B729', 'B354', 'B114', 'B381', 'B446', 'B136', 'B732', 'B480', 'B341', 'B18', 'B481', 'B109', 'B613']",7.0,S51,6.18,15,2,17,0.0,,-1.913183,-13.637851,-15.551034,True,False,36,S37,True,15,0.8544,pickup,,,,,,,,,,,,,,,,,,,,,,,,,,,,,,,,,,,,,,,,,,,,,,,,,,,,
45,10,7,8,S51,False,15,2,17,13,0,0,1,0,0,"['B123', 'B213', 'B714', 'B729', 'B354', 'B114', 'B381', 'B446', 'B136', 'B732', 'B480', 'B341', 'B18', 'B481']",7.0,S37,4.67,2,3,5,0.0,,-1.02632,-13.441472,-14.467792,True,True,36,S22,True,19,0.9482,delivery+depot_removal,,,,,,,,,,,,,,,,,,,,,,,,,,,,,,,,,,,,,,,,,,,,,,,,,,,,
45,10,7,20,S37,False,2,3,5,0,15,0,0,0,0,"['B19', 'B401', 'B629', 'B227', 'B112', 'B230', 'B273', 'B0', 'B743', 'B713', 'B517', 'B221', 'B110', 'B651', 'B356']",7.5,S66,3.07,17,3,20,0.0,,-1.087245,-13.298971,-14.386215,False,False,12,S66,False,7,0.3174,pickup,,,,,,,,,,,,,,,,,,,,,,,,,,,,,,,,,,,,,,,,,,,,,,,,,,,,
45,10,7,30,S66,False,17,3,20,16,0,0,0,0,0,"['B109', 'B613', 'B19', 'B401', 'B629', 'B227', 'B112', 'B230', 'B273', 'B0', 'B743', 'B713', 'B517', 'B221', 'B110', 'B651']",8.0,S52,3.13,1,3,4,0.0,,-0.708804,-13.269638,-13.978442,False,False,18,S65,True,7,0.4686,delivery,,,,,,,,,,,,,,,,,,,,,,,,,,,,,,,,,,,,,,,,,,,,,,,,,,,,
45,10,7,42,S52,False,1,3,4,0,13,0,0,0,0,"['B183', 'B465', 'B697', 'B482', 'B327', 'B253', 'B411', 'B205', 'B234', 'B666', 'B379', 'B559', 'B79']",6.5,S15,4.21,14,3,17,0.0,,-1.203583,-13.282346,-14.485929,False,False,18,S65,True,12,0.4493,pickup,,,,,,,,,,,,,,,,,,,,,,,,,,,,,,,,,,,,,,,,,,,,,,,,,,,,
45,10,7,52,S15,False,14,3,17,14,0,0,0,0,0,"['B356', 'B183', 'B465', 'B697', 'B482', 'B327', 'B253', 'B411', 'B205', 'B234', 'B666', 'B379', 'B559', 'B79']",7.0,S4,4.54,0,3,3,0.0,,-0.771272,-13.243021,-14.014293,False,False,12,S4,False,7,0.3765,delivery,,,,,,,,,,,,,,,,,,,,,,,,,,,,,,,,,,,,,,,,,,,,,,,,,,,,
45,10,8,4,S4,False,0,3,3,0,12,0,0,0,0,"['B591', 'B385', 'B397', 'B547', 'B240', 'B46', 'B601', 'B622', 'B363', 'B709', 'B224', 'B684']",6.0,S43,2.37,12,3,15,0.0,,-0.631058,-13.259027,-13.890085,False,False,18,S25,True,6,0.4251,pickup,,,,,,,,,,,,,,,,,,,,,,,,,,,,,,,,,,,,,,,,,,,,,,,,,,,,
45,10,8,12,S43,False,12,3,15,12,0,0,0,0,0,"['B591', 'B385', 'B397', 'B547', 'B240', 'B46', 'B601', 'B622', 'B363', 'B709', 'B224', 'B684']",6.0,S25,14.42,0,3,3,0.0,,-0.434263,-13.254588,-13.688851,False,False,12,S38,True,6,0.2746,delivery,,,,,,,,,,,,,,,,,,,,,,,,,,,,,,,,,,,,,,,,,,,,,,,,,,,,
45,10,8,33,S25,False,0,3,3,0,17,0,0,0,0,"['B249', 'B661', 'B392', 'B597', 'B121', 'B489', 'B35', 'B45', 'B281', 'B287', 'B280', 'B658', 'B299', 'B477', 'B727', 'B57', 'B723']",8.5,S65,6.93,17,3,20,0.0,,-0.255407,-13.17612,-13.431527,True,False,18,S31,True,16,0.6959,pickup,,,,,,,,,,,,,,,,,,,,,,,,,,,,,,,,,,,,,,,,,,,,,,,,,,,,
45,10,8,48,S65,False,17,3,20,14,0,0,0,0,0,"['B249', 'B661', 'B392', 'B597', 'B121', 'B489', 'B35', 'B45', 'B281', 'B287', 'B280', 'B658', 'B299', 'B477']",7.0,S54,8.42,3,3,6,0.0,,-0.373949,-13.349816,-13.723765,False,False,18,S16,True,15,0.5546,delivery,,,,,,,,,,,,,,,,,,,,,,,,,,,,,,,,,,,,,,,,,,,,,,,,,,,,
45,10,9,3,S54,False,3,3,6,0,0,1,1,0,0,['B619'],3.5,S60,6.45,3,4,7,0.0,,-0.591852,-13.299854,-13.891706,True,True,72,S60,True,20,1.7707,do_nothing+maintenance,,,,,,,,,,,,,,,,,,,,,,,,,,,,,,,,,,,,,,,,,,,,,,,,,,,,
45,10,9,13,S60,False,3,4,7,0,13,0,0,0,0,"['B16', 'B719', 'B100', 'B529', 'B484', 'B194', 'B285', 'B22', 'B258', 'B241', 'B67', 'B645', 'B502']",6.5,S50,8.32,16,4,20,0.0,,-0.51176,-13.290398,-13.802158,False,False,12,S22,True,8,0.3307,pickup,,,,,,,,,,,,,,,,,,,,,,,,,,,,,,,,,,,,,,,,,,,,,,,,,,,,
45,10,9,28,S50,False,16,4,20,16,0,0,1,0,0,"['B195', 'B727', 'B57', 'B723', 'B16', 'B719', 'B100', 'B529', 'B484', 'B194', 'B285', 'B22', 'B258', 'B241', 'B67', 'B645', 'B502']",8.5,S31,7.46,0,5,5,0.0,,-0.531031,-13.417053,-13.948084,True,True,30,S24,True,14,0.8995,delivery+depot_removal,,,,,,,,,,,,,,,,,,,,,,,,,,,,,,,,,,,,,,,,,,,,,,,,,,,,
45,10,9,44,S31,False,0,5,5,0,14,0,1,0,0,"['B610', 'B44', 'B467', 'B740', 'B706', 'B216', 'B402', 'B58', 'B414', 'B343', 'B702', 'B611', 'B499', 'B254', 'B48']",7.5,S41,1.27,14,6,20,0.0,,-0.551562,-13.390512,-13.942073,True,True,30,S37,True,26,1.0047,pickup+depot_removal,,,,,,,,,,,,,,,,,,,,,,,,,,,,,,,,,,,,,,,,,,,,,,,,,,,,
45,10,9,53,S41,False,14,6,20,14,0,0,0,0,0,"['B610', 'B44', 'B467', 'B740', 'B706', 'B216', 'B402', 'B58', 'B414', 'B343', 'B702', 'B611', 'B499', 'B254']",7.0,S30,0.92,0,6,6,0.0,,-0.76757,-13.411546,-14.179116,False,False,12,S37,True,7,0.3452,delivery,,,,,,,,,,,,,,,,,,,,,,,,,,,,,,,,,,,,,,,,,,,,,,,,,,,,
45,10,10,1,S30,False,0,6,6,0,9,1,0,0,0,"['B424', 'B286', 'B38', 'B82', 'B186', 'B406', 'B522', 'B69', 'B313']",7.5,S29,8.0,9,6,15,0.0,,-0.334301,-13.495133,-13.829433,True,True,36,S37,True,33,0.7824,pickup+onsite,,,,,,,,,,,,,,,,,,,,,,,,,,,,,,,,,,,,,,,,,,,,,,,,,,,,
45,10,10,16,S29,False,9,6,15,9,0,1,0,0,0,"['B424', 'B286', 'B38', 'B82', 'B186', 'B406', 'B522', 'B69', 'B313']",7.5,S58,6.9,0,6,6,0.0,,-0.452642,-13.496235,-13.948877,True,True,24,S58,False,18,0.7597,delivery+onsite,,,,,,,,,,,,,,,,,,,,,,,,,,,,,,,,,,,,,,,,,,,,,,,,,,,,
45,10,10,31,S58,False,0,6,6,0,14,0,0,0,0,"['B196', 'B129', 'B612', 'B494', 'B541', 'B23', 'B686', 'B36', 'B111', 'B10', 'B722', 'B301', 'B700', 'B21']",7.0,S22,7.3,14,6,20,0.0,,-0.550708,-13.586517,-14.137225,False,False,12,S37,True,9,0.3108,pickup,,,,,,,,,,,,,,,,,,,,,,,,,,,,,,,,,,,,,,,,,,,,,,,,,,,,
45,10,10,45,S22,False,14,6,20,9,0,1,0,0,0,"['B196', 'B129', 'B612', 'B494', 'B541', 'B23', 'B686', 'B36', 'B111']",7.5,S61,5.51,5,6,11,0.0,,-0.629451,-13.810581,-14.440032,True,True,36,S24,True,22,0.8018,delivery+onsite,,,,,,,,,,,,,,,,,,,,,,,,,,,,,,,,,,,,,,,,,,,,,,,,,,,,
45,10,10,58,S61,False,5,6,11,0,9,0,0,0,0,"['B212', 'B319', 'B13', 'B544', 'B163', 'B246', 'B284', 'B77', 'B162']",4.5,S35,7.62,14,6,20,0.0,,-0.592709,-13.732592,-14.3253,False,False,18,S43,True,14,0.4323,pickup,,,,,,,,,,,,,,,,,,,,,,,,,,,,,,,,,,,,,,,,,,,,,,,,,,,,
45,10,11,10,S35,False,14,6,20,14,0,0,1,0,0,"['B352', 'B10', 'B722', 'B301', 'B700', 'B21', 'B212', 'B319', 'B13', 'B544', 'B163', 'B246', 'B284', 'B77', 'B162']",7.5,S39,11.31,0,7,7,0.0,,-0.628997,-13.740242,-14.36924,True,True,30,S46,True,24,0.8376,delivery+depot_removal,,,,,,,,,,,,,,,,,,,,,,,,,,,,,,,,,,,,,,,,,,,,,,,,,,,,
45,10,11,29,S39,False,0,7,7,0,13,0,0,0,0,"['B283', 'B510', 'B543', 'B307', 'B637', 'B192', 'B302', 'B520', 'B463', 'B565', 'B91', 'B293', 'B130']",6.5,S46,6.26,13,7,20,0.0,,-0.629749,-13.703364,-14.333112,False,False,12,S29,True,7,0.3022,pickup,,,,,,,,,,,,,,,,,,,,,,,,,,,,,,,,,,,,,,,,,,,,,,,,,,,,
45,10,11,42,S46,False,13,7,20,13,0,0,0,0,0,"['B283', 'B510', 'B543', 'B307', 'B637', 'B192', 'B302', 'B520', 'B463', 'B565', 'B91', 'B293', 'B130']",6.5,S31,5.03,0,7,7,0.0,,-0.846317,-13.669453,-14.51577,False,False,12,S31,False,6,0.3008,delivery,,,,,,,,,,,,,,,,,,,,,,,,,,,,,,,,,,,,,,,,,,,,,,,,,,,,
45,10,11,53,S31,False,0,7,7,0,13,0,0,0,0,"['B745', 'B144', 'B653', 'B618', 'B337', 'B382', 'B626', 'B472', 'B469', 'B697', 'B52', 'B519', 'B383']",6.5,S29,6.48,13,7,20,0.0,,-0.652378,-13.657798,-14.310176,False,False,12,S37,True,6,0.3093,pickup,,,,,,,,,,,,,,,,,,,,,,,,,,,,,,,,,,,,,,,,,,,,,,,,,,,,
45,10,12,6,S29,False,13,7,20,13,0,0,0,0,0,"['B745', 'B144', 'B653', 'B618', 'B337', 'B382', 'B626', 'B472', 'B469', 'B697', 'B52', 'B519', 'B383']",6.5,S37,6.23,0,7,7,0.0,,-0.492639,-13.639674,-14.132313,False,False,12,S37,False,6,0.2543,delivery,,,,,,,,,,,,,,,,,,,,,,,,,,,,,,,,,,,,,,,,,,,,,,,,,,,,
45,10,12,19,S37,False,0,7,7,0,11,0,0,0,0,"['B227', 'B413', 'B451', 'B118', 'B18', 'B408', 'B94', 'B219', 'B19', 'B88', 'B437']",5.5,S24,9.36,11,7,18,0.0,,-0.393575,-13.577383,-13.970959,False,False,18,S41,True,14,0.3763,pickup,,,,,,,,,,,,,,,,,,,,,,,,,,,,,,,,,,,,,,,,,,,,,,,,,,,,
45,10,12,34,S24,False,11,7,18,11,0,0,0,0,0,"['B227', 'B413', 'B451', 'B118', 'B18', 'B408', 'B94', 'B219', 'B19', 'B88', 'B437']",5.5,S59,9.52,0,7,7,0.0,,-0.53068,-13.437004,-13.967684,False,False,12,S9,True,7,0.255,delivery,,,,,,,,,,,,,,,,,,,,,,,,,,,,,,,,,,,,,,,,,,,,,,,,,,,,
45,10,12,49,S59,False,0,7,7,0,13,0,0,0,0,"['B457', 'B422', 'B471', 'B81', 'B693', 'B468', 'B501', 'B623', 'B616', 'B97', 'B83', 'B568', 'B113']",6.5,S54,6.37,13,7,20,0.0,,-0.728823,-13.643678,-14.3725,False,False,12,S62,True,7,0.2817,pickup,,,,,,,,,,,,,,,,,,,,,,,,,,,,,,,,,,,,,,,,,,,,,,,,,,,,
45,10,13,2,S54,False,13,7,20,13,0,0,1,0,0,"['B718', 'B457', 'B422', 'B471', 'B81', 'B693', 'B468', 'B501', 'B623', 'B616', 'B97', 'B83', 'B568', 'B113']",7.0,S62,2.78,0,8,8,0.0,,-0.531528,-13.214196,-13.745724,True,True,18,S43,True,13,0.4388,delivery+depot_removal,,,,,,,,,,,,,,,,,,,,,,,,,,,,,,,,,,,,,,,,,,,,,,,,,,,,
45,10,13,12,S62,False,0,8,8,0,12,0,0,0,0,"['B663', 'B69', 'B703', 'B406', 'B330', 'B320', 'B292', 'B385', 'B539', 'B287', 'B99', 'B157']",6.0,S26,5.52,12,8,20,0.0,,-0.551705,-13.223258,-13.774963,True,False,30,S43,True,13,0.8651,pickup,,,,,,,,,,,,,,,,,,,,,,,,,,,,,,,,,,,,,,,,,,,,,,,,,,,,
45,10,13,23,S26,False,12,8,20,12,0,0,0,0,0,"['B663', 'B69', 'B703', 'B406', 'B330', 'B320', 'B292', 'B385', 'B539', 'B287', 'B99', 'B157']",6.0,S31,6.02,0,8,8,0.0,,-0.826388,-13.295525,-14.121913,False,False,12,S43,True,8,0.2856,delivery,,,,,,,,,,,,,,,,,,,,,,,,,,,,,,,,,,,,,,,,,,,,,,,,,,,,
45,10,13,35,S31,False,0,8,8,0,12,0,0,0,0,"['B652', 'B135', 'B762', 'B197', 'B164', 'B342', 'B294', 'B673', 'B479', 'B375', 'B689', 'B129']",6.0,S43,4.35,12,8,20,0.0,,-1.263953,-13.398917,-14.66287,False,False,12,S10,True,6,0.2967,pickup,,,,,,,,,,,,,,,,,,,,,,,,,,,,,,,,,,,,,,,,,,,,,,,,,,,,
45,10,13,45,S43,False,12,8,20,12,0,0,0,0,0,"['B652', 'B135', 'B762', 'B197', 'B164', 'B342', 'B294', 'B673', 'B479', 'B375', 'B689', 'B129']",6.0,S10,5.46,0,8,8,0.0,,-0.609027,-13.393021,-14.002048,False,False,12,S4,True,6,0.3406,delivery,,,,,,,,,,,,,,,,,,,,,,,,,,,,,,,,,,,,,,,,,,,,,,,,,,,,
45,10,13,57,S10,False,0,8,8,0,12,0,0,0,0,"['B160', 'B688', 'B682', 'B225', 'B46', 'B57', 'B392', 'B378', 'B257', 'B147', 'B38', 'B432']",6.0,S15,3.3,12,8,20,0.0,,-0.769866,-13.410403,-14.180269,False,False,12,S15,False,6,0.3045,pickup,,,,,,,,,,,,,,,,,,,,,,,,,,,,,,,,,,,,,,,,,,,,,,,,,,,,
45,10,14,6,S15,False,12,8,20,12,0,0,0,0,0,"['B160', 'B688', 'B682', 'B225', 'B46', 'B57', 'B392', 'B378', 'B257', 'B147', 'B38', 'B432']",6.0,S41,4.47,0,8,8,0.0,,-0.68832,-13.389996,-14.078317,False,False,12,S41,False,6,0.3845,delivery,,,,,,,,,,,,,,,,,,,,,,,,,,,,,,,,,,,,,,,,,,,,,,,,,,,,
45,10,14,17,S41,False,0,8,8,0,12,0,0,0,0,"['B297', 'B326', 'B53', 'B511', 'B441', 'B592', 'B615', 'B660', 'B82', 'B175', 'B237', 'B700']",6.0,S34,5.73,12,8,20,0.0,,-0.65157,-13.107507,-13.759077,False,False,12,S20,True,6,0.3936,pickup,,,,,,,,,,,,,,,,,,,,,,,,,,,,,,,,,,,,,,,,,,,,,,,,,,,,
45,10,14,28,S34,False,12,8,20,12,0,0,0,0,0,"['B297', 'B326', 'B53', 'B511', 'B441', 'B592', 'B615', 'B660', 'B82', 'B175', 'B237', 'B700']",6.0,S30,5.86,0,8,8,0.0,,-0.652669,-13.262807,-13.915475,False,False,12,S57,True,6,0.4054,delivery,,,,,,,,,,,,,,,,,,,,,,,,,,,,,,,,,,,,,,,,,,,,,,,,,,,,
45,10,14,40,S30,False,0,8,8,0,9,0,1,0,0,"['B299', 'B227', 'B66', 'B532', 'B693', 'B32', 'B413', 'B494', 'B23', 'B521']",5.0,S35,9.95,9,9,18,0.0,,-1.185911,-13.132936,-14.318847,True,True,72,S20,True,55,2.044,pickup+depot_removal,,,,,,,,,,,,,,,,,,,,,,,,,,,,,,,,,,,,,,,,,,,,,,,,,,,,
45,10,14,55,S35,False,9,9,18,9,0,0,0,0,0,"['B299', 'B227', 'B66', 'B532', 'B693', 'B32', 'B413', 'B494', 'B23']",4.5,S7,14.2,0,9,9,0.0,,-1.083404,-13.273473,-14.356878,False,False,12,S57,True,6,0.4136,delivery,,,,,,,,,,,,,,,,,,,,,,,,,,,,,,,,,,,,,,,,,,,,,,,,,,,,
45,10,15,14,S7,False,0,9,9,0,11,0,0,0,0,"['B251', 'B439', 'B59', 'B39', 'B692', 'B127', 'B267', 'B80', 'B711', 'B337', 'B626']",5.5,S13,2.1,11,9,20,0.0,,-0.769817,-13.253372,-14.02319,True,False,18,S53,True,16,0.6602,pickup,,,,,,,,,,,,,,,,,,,,,,,,,,,,,,,,,,,,,,,,,,,,,,,,,,,,
45,10,15,22,S13,False,11,9,20,11,0,0,0,0,0,"['B251', 'B439', 'B59', 'B39', 'B692', 'B127', 'B267', 'B80', 'B711', 'B337', 'B626']",5.5,S53,13.39,0,9,9,0.0,,-0.887557,-13.282933,-14.17049,True,False,36,S57,True,26,1.3896,delivery,,,,,,,,,,,,,,,,,,,,,,,,,,,,,,,,,,,,,,,,,,,,,,,,,,,,
45,10,15,40,S53,False,0,9,9,0,11,0,0,0,0,"['B537', 'B67', 'B21', 'B531', 'B647', 'B632', 'B126', 'B573', 'B634', 'B111', 'B611']",5.5,S63,1.49,11,9,20,0.0,,-0.848363,-13.494032,-14.342395,False,False,12,S63,False,6,0.3831,pickup,,,,,,,,,,,,,,,,,,,,,,,,,,,,,,,,,,,,,,,,,,,,,,,,,,,,
45,10,15,47,S63,False,11,9,20,11,0,0,0,0,0,"['B537', 'B67', 'B21', 'B531', 'B647', 'B632', 'B126', 'B573', 'B634', 'B111', 'B611']",5.5,S9,6.89,0,9,9,0.0,,-0.946932,-13.39221,-14.339142,False,False,12,S38,True,10,0.3771,delivery,,,,,,,,,,,,,,,,,,,,,,,,,,,,,,,,,,,,,,,,,,,,,,,,,,,,
45,10,16,0,S9,False,0,9,9,0,7,0,1,0,0,"['B208', 'B25', 'B685', 'B132', 'B587', 'B508', 'B579', 'B261']",4.0,S4,8.75,7,10,17,0.0,,-0.414048,-13.249935,-13.663983,True,True,36,S12,True,19,0.9341,pickup+depot_removal,,,,,,,,,,,,,,,,,,,,,,,,,,,,,,,,,,,,,,,,,,,,,,,,,,,,
45,10,16,13,S4,False,7,10,17,7,0,0,0,0,0,"['B208', 'B25', 'B685', 'B132', 'B587', 'B508', 'B579']",3.5,S41,2.96,0,10,10,0.0,,-0.550906,-13.120071,-13.670978,False,False,12,S41,False,10,0.3172,delivery,,,,,,,,,,,,,,,,,,,,,,,,,,,,,,,,,,,,,,,,,,,,,,,,,,,,
45,10,16,19,S41,False,0,10,10,0,10,1,0,0,0,"['B709', 'B528', 'B588', 'B599', 'B296', 'B702', 'B334', 'B681', 'B13', 'B475']",8.0,S50,8.63,10,10,20,0.0,,-0.591548,-13.091204,-13.682752,True,True,36,S22,True,30,0.9831,pickup+onsite,,,,,,,,,,,,,,,,,,,,,,,,,,,,,,,,,,,,,,,,,,,,,,,,,,,,
45,10,16,36,S50,False,10,10,20,10,0,0,0,0,0,"['B709', 'B528', 'B588', 'B599', 'B296', 'B702', 'B334', 'B681', 'B13', 'B475']",5.0,S22,10.84,0,10,10,0.0,,-0.749801,-13.314384,-14.064184,False,False,12,S57,True,8,0.4011,delivery,,,,,,,,,,,,,,,,,,,,,,,,,,,,,,,,,,,,,,,,,,,,,,,,,,,,
45,10,16,51,S22,False,0,10,10,0,10,1,0,0,0,"['B541', 'B2', 'B65', 'B734', 'B51', 'B221', 'B268', 'B559', 'B470', 'B363']",8.0,S17,8.16,10,10,20,0.0,,-0.886309,-13.384126,-14.270435,True,True,24,S17,False,18,0.6399,pickup+onsite,,,,,,,,,,,,,,,,,,,,,,,,,,,,,,,,,,,,,,,,,,,,,,,,,,,,
45,10,17,8,S17,False,10,10,20,10,0,0,0,0,0,"['B541', 'B2', 'B65', 'B734', 'B51', 'B221', 'B268', 'B559', 'B470', 'B363']",5.0,S35,7.9,0,10,10,0.0,,-0.770616,-13.339555,-14.110171,False,False,12,S48,True,6,0.3604,delivery,,,,,,,,,,,,,,,,,,,,,,,,,,,,,,,,,,,,,,,,,,,,,,,,,,,,
45,10,17,21,S35,False,0,10,10,0,10,0,0,0,0,"['B690', 'B222', 'B274', 'B313', 'B522', 'B362', 'B98', 'B498', 'B212', 'B49']",5.0,S27,6.86,10,10,20,0.0,,-0.987224,-13.202139,-14.189363,False,False,12,S60,True,7,0.4187,pickup,,,,,,,,,,,,,,,,,,,,,,,,,,,,,,,,,,,,,,,,,,,,,,,,,,,,
45,10,17,32,S27,False,10,10,20,10,0,0,0,0,0,"['B690', 'B222', 'B274', 'B313', 'B522', 'B362', 'B98', 'B498', 'B212', 'B49']",5.0,S61,2.28,0,10,10,0.0,,-0.611278,-13.141464,-13.752741,False,False,12,S48,True,10,0.3028,delivery,,,,,,,,,,,,,,,,,,,,,,,,,,,,,,,,,,,,,,,,,,,,,,,,,,,,
45,10,17,40,S61,False,0,10,10,0,8,0,0,0,0,"['B76', 'B430', 'B136', 'B424', 'B284', 'B453', 'B683', 'B472']",4.0,S38,3.09,8,10,18,0.0,,-0.471565,-13.016703,-13.488268,False,False,18,S60,True,8,0.4594,pickup,,,,,,,,,,,,,,,,,,,,,,,,,,,,,,,,,,,,,,,,,,,,,,,,,,,,
45,10,17,47,S38,False,8,10,18,8,0,0,0,0,0,"['B76', 'B430', 'B136', 'B424', 'B284', 'B453', 'B683', 'B472']",4.0,S37,1.93,0,10,10,0.0,,-0.394328,-12.918957,-13.313286,False,False,12,S60,True,6,0.3236,delivery,,,,,,,,,,,,,,,,,,,,,,,,,,,,,,,,,,,,,,,,,,,,,,,,,,,,
45,10,17,53,S37,False,0,10,10,0,10,0,0,0,0,"['B167', 'B171', 'B750', 'B263', 'B491', 'B343', 'B649', 'B146', 'B210', 'B406']",5.0,S48,5.41,10,10,20,0.0,,-0.415497,-13.015186,-13.430682,True,False,24,S60,True,20,0.6281,pickup,,,,,,,,,,,,,,,,,,,,,,,,,,,,,,,,,,,,,,,,,,,,,,,,,,,,
45,10,18,3,S48,False,10,10,20,10,0,2,0,0,0,"['B167', 'B171', 'B750', 'B263', 'B491', 'B343', 'B649', 'B146', 'B210', 'B406']",11.0,S60,8.25,0,10,10,0.0,,-0.158638,-12.856696,-13.015334,True,True,36,S66,True,33,1.3407,delivery+onsite,,,,,,,,,,,,,,,,,,,,,,,,,,,,,,,,,,,,,,,,,,,,,,,,,,,,
45,10,18,22,S60,False,0,10,10,0,10,0,0,0,0,"['B477', 'B549', 'B387', 'B42', 'B34', 'B485', 'B295', 'B250', 'B562', 'B215']",5.0,S18,1.46,10,10,20,0.0,,-0.571227,-12.894655,-13.465882,False,False,12,S28,True,10,0.3289,pickup,,,,,,,,,,,,,,,,,,,,,,,,,,,,,,,,,,,,,,,,,,,,,,,,,,,,
45,10,18,29,S18,False,10,10,20,10,0,0,0,0,0,"['B477', 'B549', 'B387', 'B42', 'B34', 'B485', 'B295', 'B250', 'B562', 'B215']",5.0,S42,9.96,0,10,10,0.0,,-0.334903,-12.666345,-13.001248,False,False,12,S66,True,10,0.3417,delivery,,,,,,,,,,,,,,,,,,,,,,,,,,,,,,,,,,,,,,,,,,,,,,,,,,,,
45,10,18,44,S42,False,0,10,10,0,0,0,0,0,0,[],0.0,S54,4.21,0,10,10,0.0,,-0.257003,-12.677857,-12.93486,True,False,36,S54,True,1,1.3457,do_nothing,,,,,,,,,,,,,,,,,,,,,,,,,,,,,,,,,,,,,,,,,,,,,,,,,,,,
45,10,18,48,S54,False,0,10,10,0,10,0,0,0,0,"['B505', 'B114', 'B533', 'B423', 'B622', 'B111', 'B137', 'B531', 'B481', 'B385']",5.0,S16,4.04,10,10,20,0.0,,-0.473225,-12.663633,-13.136858,False,False,12,S39,True,7,0.3441,pickup,,,,,,,,,,,,,,,,,,,,,,,,,,,,,,,,,,,,,,,,,,,,,,,,,,,,
45,10,18,57,S16,False,10,10,20,8,0,0,0,0,0,"['B505', 'B114', 'B533', 'B423', 'B622', 'B111', 'B137', 'B531']",4.0,S41,5.02,2,10,12,0.0,,-0.275529,-12.621123,-12.896652,False,False,18,S66,True,6,0.5797,delivery,,,,,,,,,,,,,,,,,,,,,,,,,,,,,,,,,,,,,,,,,,,,,,,,,,,,
45,10,19,6,S41,False,2,10,12,0,0,0,1,0,0,['B724'],0.5,S42,10.8,2,11,13,0.0,,-0.353922,-12.611189,-12.965111,True,True,18,S4,True,10,0.6133,do_nothing+depot_removal,,,,,,,,,,,,,,,,,,,,,,,,,,,,,,,,,,,,,,,,,,,,,,,,,,,,
45,10,19,17,S42,False,2,11,13,0,7,0,0,0,0,"['B376', 'B468', 'B583', 'B426', 'B662', 'B22', 'B25']",3.5,S51,9.5,9,11,20,0.0,,-0.098717,-12.666816,-12.765533,True,False,24,S4,True,16,0.9721,pickup,,,,,,,,,,,,,,,,,,,,,,,,,,,,,,,,,,,,,,,,,,,,,,,,,,,,
45,10,19,30,S51,False,9,11,20,9,0,1,1,0,0,"['B582', 'B481', 'B385', 'B376', 'B468', 'B583', 'B426', 'B662', 'B22', 'B25']",8.0,S48,0.84,0,12,12,0.0,,-0.138012,-12.576078,-12.714091,True,True,32,S4,True,27,0.8902,delivery+maintenance,,,,,,,,,,,,,,,,,,,,,,,,,,,,,,,,,,,,,,,,,,,,,,,,,,,,
45,10,19,39,S48,False,0,12,12,0,0,0,0,0,0,[],0.0,S19,0.52,0,12,12,0.0,,-0.118142,-12.683714,-12.801857,False,False,8,S45,True,0,0.2285,do_nothing,,,,,,,,,,,,,,,,,,,,,,,,,,,,,,,,,,,,,,,,,,,,,,,,,,,,
45,10,19,40,S19,False,0,12,12,0,0,0,0,0,0,[],0.0,S48,0.52,0,12,12,0.0,,-0.019425,-12.652022,-12.671447,False,False,8,S48,False,0,0.2375,do_nothing,,,,,,,,,,,,,,,,,,,,,,,,,,,,,,,,,,,,,,,,,,,,,,,,,,,,
45,10,19,40,S48,False,0,12,12,0,8,0,0,0,0,"['B167', 'B171', 'B750', 'B263', 'B491', 'B343', 'B649', 'B146']",4.0,S36,1.72,8,12,20,0.0,,-0.137662,-12.782155,-12.919817,False,False,6,S36,False,4,0.2182,pickup,,,,,,,,,,,,,,,,,,,,,,,,,,,,,,,,,,,,,,,,,,,,,,,,,,,,
45,10,19,46,S36,False,8,12,20,0,0,0,0,0,0,[],0.0,D0,3.5,8,12,20,0.0,,-0.215908,-13.016198,-13.232106,False,False,3,D0,True,0,0.143,do_nothing,,,,,,,,,,,,,,,,,,,,,,,,,,,,,,,,,,,,,,,,,,,,,,,,,,,,
45,10,19,49,D0,True,8,12,20,0,0,0,0,12,12,"['B728', 'B643', 'B720', 'B436', 'B204', 'B266', 'B515', 'B445', 'B159', 'B199', 'B105', 'B427', 'B715', 'B712', 'B123', 'B619', 'B195', 'B48', 'B352', 'B718', 'B521', 'B261', 'B724', 'B582']",12.0,D0,0.0,20,0,20,0.0,,-0.314873,-12.743264,-13.058138,True,True,1,D0,False,0,0.0418,do_nothing,,,,,,,,,,,,,,,,,,,,,,,,,,,,,,,,,,,,,,,,,,,,,,,,,,,,
45,11,6,1,D0,True,20,0,20,0,0,0,0,0,0,[],0.0,S65,3.15,20,0,20,0.0,,-1.495201,-13.983876,-15.479077,True,True,5,S22,True,2,0.1661,depot_passthrough,,,,,,,,,,,,,,,,,,,,,,,,,,,,,,,,,,,,,,,,,,,,,,,,,,,,
45,11,6,20,S65,False,20,0,20,20,0,0,0,0,0,"['B167', 'B171', 'B750', 'B263', 'B491', 'B343', 'B649', 'B146', 'B728', 'B643', 'B720', 'B436', 'B204', 'B266', 'B515', 'B445', 'B159', 'B199', 'B105', 'B427']",10.0,S54,8.42,0,0,0,0.0,,-1.917424,-14.063328,-15.980751,True,False,36,S22,True,27,1.1237,delivery,,,,,,,,,,,,,,,,,,,,,,,,,,,,,,,,,,,,,,,,,,,,,,,,,,,,
45,11,6,38,S54,False,0,0,0,0,18,1,0,0,0,"['B101', 'B296', 'B729', 'B379', 'B183', 'B288', 'B755', 'B754', 'B500', 'B699', 'B759', 'B507', 'B395', 'B135', 'B378', 'B179', 'B118', 'B618']",12.0,S66,5.58,18,0,18,0.0,,-1.346505,-13.937019,-15.283524,True,True,36,S60,True,31,1.0891,pickup+onsite,,,,,,,,,,,,,,,,,,,,,,,,,,,,,,,,,,,,,,,,,,,,,,,,,,,,
45,11,6,56,S66,False,18,0,18,18,0,0,1,0,0,"['B698', 'B101', 'B296', 'B729', 'B379', 'B183', 'B288', 'B755', 'B754', 'B500', 'B699', 'B759', 'B507', 'B395', 'B135', 'B378', 'B179', 'B118', 'B618']",9.5,S37,3.07,0,1,1,0.0,,-1.124687,-14.062678,-15.187366,True,True,36,S10,True,31,1.2431,delivery+depot_removal,,,,,,,,,,,,,,,,,,,,,,,,,,,,,,,,,,,,,,,,,,,,,,,,,,,,
45,11,7,8,S37,False,0,1,1,0,19,0,0,0,0,"['B283', 'B595', 'B174', 'B193', 'B594', 'B177', 'B164', 'B465', 'B557', 'B657', 'B613', 'B401', 'B142', 'B233', 'B647', 'B262', 'B654', 'B592', 'B201']",9.5,S51,4.67,19,1,20,0.0,,-0.768966,-13.509707,-14.278673,True,False,48,S60,True,40,1.5793,pickup,,,,,,,,,,,,,,,,,,,,,,,,,,,,,,,,,,,,,,,,,,,,,,,,,,,,
45,11,7,22,S51,False,19,1,20,11,0,0,0,0,0,"['B283', 'B595', 'B174', 'B193', 'B594', 'B177', 'B164', 'B465', 'B557', 'B657', 'B613']",5.5,S35,8.32,8,1,9,0.0,,-0.830738,-13.58554,-14.416278,False,False,18,S26,True,10,0.4001,delivery,,,,,,,,,,,,,,,,,,,,,,,,,,,,,,,,,,,,,,,,,,,,,,,,,,,,
45,11,7,36,S35,False,8,1,9,0,11,0,0,0,0,"['B400', 'B53', 'B490', 'B344', 'B348', 'B478', 'B446', 'B742', 'B232', 'B716', 'B240']",5.5,S22,12.12,19,1,20,0.0,,-0.808212,-13.698779,-14.50699,False,False,12,S22,False,9,0.4422,pickup,,,,,,,,,,,,,,,,,,,,,,,,,,,,,,,,,,,,,,,,,,,,,,,,,,,,
45,11,7,54,S22,False,19,1,20,16,0,0,0,0,0,"['B401', 'B142', 'B233', 'B647', 'B262', 'B654', 'B592', 'B201', 'B400', 'B53', 'B490', 'B344', 'B348', 'B478', 'B446', 'B742']",8.0,S52,7.49,3,1,4,0.0,,-0.865679,-13.817485,-14.683164,False,False,18,S26,True,10,0.6838,delivery,,,,,,,,,,,,,,,,,,,,,,,,,,,,,,,,,,,,,,,,,,,,,,,,,,,,
45,11,8,9,S52,False,3,1,4,0,10,0,0,0,0,"['B285', 'B306', 'B543', 'B203', 'B552', 'B254', 'B23', 'B316', 'B214', 'B666']",5.0,S18,2.22,13,1,14,0.0,,-0.808311,-14.009912,-14.818223,True,False,36,S41,True,26,1.3346,pickup,,,,,,,,,,,,,,,,,,,,,,,,,,,,,,,,,,,,,,,,,,,,,,,,,,,,
45,11,8,16,S18,False,13,1,14,12,0,0,0,0,0,"['B232', 'B716', 'B240', 'B285', 'B306', 'B543', 'B203', 'B552', 'B254', 'B23', 'B316', 'B214']",6.0,S41,2.33,1,1,2,0.0,,-0.807462,-13.906514,-14.713976,False,False,18,S41,False,6,0.5952,delivery,,,,,,,,,,,,,,,,,,,,,,,,,,,,,,,,,,,,,,,,,,,,,,,,,,,,
45,11,8,25,S41,False,1,1,2,0,17,0,0,0,0,"['B151', 'B509', 'B386', 'B703', 'B696', 'B338', 'B733', 'B278', 'B737', 'B621', 'B372', 'B466', 'B206', 'B31', 'B380', 'B489', 'B374']",8.5,S26,6.65,18,1,19,0.0,,-0.806662,-13.786852,-14.593514,False,False,18,S34,True,12,0.6205,pickup,,,,,,,,,,,,,,,,,,,,,,,,,,,,,,,,,,,,,,,,,,,,,,,,,,,,
45,11,8,40,S26,False,18,1,19,18,0,0,0,0,0,"['B666', 'B151', 'B509', 'B386', 'B703', 'B696', 'B338', 'B733', 'B278', 'B737', 'B621', 'B372', 'B466', 'B206', 'B31', 'B380', 'B489', 'B374']",9.0,S60,6.85,0,1,1,0.0,,-0.747395,-13.773307,-14.520702,False,False,12,S66,True,7,0.4032,delivery,,,,,,,,,,,,,,,,,,,,,,,,,,,,,,,,,,,,,,,,,,,,,,,,,,,,
45,11,8,56,S60,False,0,1,1,0,14,0,0,0,0,"['B86', 'B116', 'B181', 'B727', 'B128', 'B208', 'B291', 'B309', 'B562', 'B218', 'B66', 'B120', 'B22', 'B373']",7.0,S15,4.42,14,1,15,0.0,,-0.867585,-13.799845,-14.66743,False,False,18,S59,True,7,0.5548,pickup,,,,,,,,,,,,,,,,,,,,,,,,,,,,,,,,,,,,,,,,,,,,,,,,,,,,
45,11,9,7,S15,False,14,1,15,14,0,0,0,0,0,"['B86', 'B116', 'B181', 'B727', 'B128', 'B208', 'B291', 'B309', 'B562', 'B218', 'B66', 'B120', 'B22', 'B373']",7.0,S39,7.21,0,1,1,0.0,,-0.808815,-13.458324,-14.26714,False,False,12,S66,True,6,0.3305,delivery,,,,,,,,,,,,,,,,,,,,,,,,,,,,,,,,,,,,,,,,,,,,,,,,,,,,
45,11,9,21,S39,False,0,1,1,0,19,0,0,0,0,"['B269', 'B641', 'B464', 'B534', 'B163', 'B75', 'B122', 'B732', 'B225', 'B243', 'B570', 'B200', 'B510', 'B121', 'B611', 'B410', 'B205', 'B405', 'B112']",9.5,S55,8.56,19,1,20,0.0,,-0.594261,-13.257453,-13.851714,False,False,12,S55,False,6,0.3898,pickup,,,,,,,,,,,,,,,,,,,,,,,,,,,,,,,,,,,,,,,,,,,,,,,,,,,,
45,11,9,40,S55,False,19,1,20,16,0,1,0,0,0,"['B269', 'B641', 'B464', 'B534', 'B163', 'B75', 'B122', 'B732', 'B225', 'B243', 'B570', 'B200', 'B510', 'B121', 'B611', 'B410']",11.0,S16,3.87,3,1,4,0.0,,-0.414238,-13.369612,-13.78385,True,True,36,S43,True,20,1.4949,delivery+onsite,,,,,,,,,,,,,,,,,,,,,,,,,,,,,,,,,,,,,,,,,,,,,,,,,,,,
45,11,9,54,S16,False,3,1,4,0,9,0,0,0,0,"['B137', 'B531', 'B550', 'B632', 'B126', 'B456', 'B503', 'B283', 'B178']",4.5,S54,4.04,12,1,13,0.0,,-0.433161,-13.337276,-13.770437,False,False,18,S54,False,15,1.1166,pickup,,,,,,,,,,,,,,,,,,,,,,,,,,,,,,,,,,,,,,,,,,,,,,,,,,,,
45,11,10,3,S54,False,12,1,13,0,7,0,0,0,0,"['B280', 'B222', 'B189', 'B144', 'B368', 'B333', 'B318']",3.5,S57,2.65,19,1,20,0.0,,-0.748047,-13.657624,-14.405671,False,False,12,S7,True,6,0.7113,pickup,,,,,,,,,,,,,,,,,,,,,,,,,,,,,,,,,,,,,,,,,,,,,,,,,,,,
45,11,10,9,S57,False,19,1,20,15,0,2,1,0,0,"['B687', 'B205', 'B405', 'B112', 'B137', 'B531', 'B550', 'B632', 'B126', 'B456', 'B503', 'B283', 'B178', 'B280', 'B222', 'B189']",14.0,S37,7.56,4,2,6,0.0,,-0.316632,-13.522998,-13.83963,True,True,90,S7,True,87,3.4898,delivery+maintenance,,,,,,,,,,,,,,,,,,,,,,,,,,,,,,,,,,,,,,,,,,,,,,,,,,,,
45,11,10,31,S37,False,4,2,6,0,11,1,2,0,0,"['B525', 'B572', 'B27', 'B615', 'B616', 'B448', 'B413', 'B69', 'B230', 'B239', 'B419', 'B606', 'B539']",9.5,S32,4.74,15,4,19,0.0,,-0.451743,-13.577006,-14.028748,True,True,84,S32,False,81,3.6894,pickup+maintenance,,,,,,,,,,,,,,,,,,,,,,,,,,,,,,,,,,,,,,,,,,,,,,,,,,,,
45,11,10,45,S32,False,15,4,19,10,0,0,0,0,0,"['B144', 'B368', 'B333', 'B318', 'B525', 'B572', 'B27', 'B615', 'B616', 'B448']",5.0,S10,3.25,5,4,9,0.0,,-0.177464,-13.712542,-13.890006,True,False,36,S34,True,14,1.098,delivery,,,,,,,,,,,,,,,,,,,,,,,,,,,,,,,,,,,,,,,,,,,,,,,,,,,,
45,11,10,53,S10,False,5,4,9,0,10,0,0,0,0,"['B29', 'B706', 'B628', 'B369', 'B569', 'B605', 'B675', 'B533', 'B358', 'B449']",5.0,S34,1.86,15,4,19,0.0,,-0.314724,-13.66816,-13.982884,False,False,18,S34,False,12,0.6192,pickup,,,,,,,,,,,,,,,,,,,,,,,,,,,,,,,,,,,,,,,,,,,,,,,,,,,,
45,11,11,0,S34,False,15,4,19,13,0,0,0,0,0,"['B413', 'B69', 'B230', 'B239', 'B419', 'B29', 'B706', 'B628', 'B369', 'B569', 'B605', 'B675', 'B533']",6.5,S13,12.01,2,4,6,0.0,,-0.395221,-13.405445,-13.800667,False,False,18,S28,True,8,0.7314,delivery,,,,,,,,,,,,,,,,,,,,,,,,,,,,,,,,,,,,,,,,,,,,,,,,,,,,
45,11,11,18,S13,False,2,4,6,0,14,1,0,0,0,"['B319', 'B646', 'B450', 'B310', 'B238', 'B443', 'B148', 'B132', 'B523', 'B56', 'B579', 'B586', 'B753', 'B620']",10.0,S28,5.08,16,4,20,0.0,,-0.277231,-13.435948,-13.713179,True,True,24,S11,True,18,0.8744,pickup+onsite,,,,,,,,,,,,,,,,,,,,,,,,,,,,,,,,,,,,,,,,,,,,,,,,,,,,
45,11,11,34,S28,False,16,4,20,16,0,0,2,0,0,"['B165', 'B244', 'B358', 'B449', 'B319', 'B646', 'B450', 'B310', 'B238', 'B443', 'B148', 'B132', 'B523', 'B56', 'B579', 'B586', 'B753', 'B620']",9.0,S66,8.95,0,6,6,0.0,,-0.492987,-13.34543,-13.838416,True,True,24,S43,True,18,0.828,delivery+depot_removal,,,,,,,,,,,,,,,,,,,,,,,,,,,,,,,,,,,,,,,,,,,,,,,,,,,,
45,11,11,52,S66,False,0,6,6,0,14,0,0,0,0,"['B288', 'B755', 'B754', 'B500', 'B699', 'B759', 'B507', 'B395', 'B135', 'B378', 'B179', 'B118', 'B618', 'B529']",7.0,S54,5.58,14,6,20,0.0,,-0.610779,-13.407313,-14.018091,False,False,12,S31,True,9,0.5015,pickup,,,,,,,,,,,,,,,,,,,,,,,,,,,,,,,,,,,,,,,,,,,,,,,,,,,,
45,11,12,4,S54,False,14,6,20,13,0,1,0,0,0,"['B288', 'B755', 'B754', 'B500', 'B699', 'B759', 'B507', 'B395', 'B135', 'B378', 'B179', 'B118', 'B618']",9.5,S59,6.37,1,6,7,0.0,,-0.689226,-13.262686,-13.951912,True,True,36,S56,True,30,1.1804,delivery+onsite,,,,,,,,,,,,,,,,,,,,,,,,,,,,,,,,,,,,,,,,,,,,,,,,,,,,
45,11,12,20,S59,False,1,6,7,0,13,1,0,0,0,"['B44', 'B26', 'B328', 'B765', 'B24', 'B264', 'B224', 'B223', 'B746', 'B487', 'B575', 'B617', 'B37']",9.5,S31,2.6,14,6,20,0.0,,-0.354122,-13.297555,-13.651677,True,True,24,S43,True,21,1.0212,pickup+onsite,,,,,,,,,,,,,,,,,,,,,,,,,,,,,,,,,,,,,,,,,,,,,,,,,,,,
45,11,12,32,S31,False,14,6,20,3,0,2,2,0,0,"['B444', 'B262', 'B529', 'B44', 'B26']",8.5,S56,7.22,11,8,19,0.0,,-0.453339,-13.293354,-13.746693,True,True,126,S56,False,69,3.92,delivery+maintenance,,,,,,,,,,,,,,,,,,,,,,,,,,,,,,,,,,,,,,,,,,,,,,,,,,,,
45,11,12,48,S56,False,11,8,19,8,0,0,0,0,0,"['B328', 'B765', 'B24', 'B264', 'B224', 'B223', 'B746', 'B487']",4.0,S41,8.49,3,8,11,0.0,,-0.844352,-13.447256,-14.291608,False,False,18,S53,True,8,0.405,delivery,,,,,,,,,,,,,,,,,,,,,,,,,,,,,,,,,,,,,,,,,,,,,,,,,,,,
45,11,13,0,S41,False,3,8,11,0,9,0,0,0,0,"['B384', 'B169', 'B266', 'B748', 'B71', 'B282', 'B485', 'B376', 'B541']",4.5,S46,6.18,12,8,20,0.0,,-0.491437,-13.306924,-13.798361,False,False,12,S46,False,6,0.3343,pickup,,,,,,,,,,,,,,,,,,,,,,,,,,,,,,,,,,,,,,,,,,,,,,,,,,,,
45,11,13,11,S46,False,12,8,20,12,0,1,0,0,0,"['B575', 'B617', 'B37', 'B384', 'B169', 'B266', 'B748', 'B71', 'B282', 'B485', 'B376', 'B541']",9.0,S30,6.95,0,8,8,0.0,,-0.550749,-13.418028,-13.968777,True,True,24,S58,True,19,0.7253,delivery+onsite,,,,,,,,,,,,,,,,,,,,,,,,,,,,,,,,,,,,,,,,,,,,,,,,,,,,
45,11,13,27,S30,False,0,8,8,0,0,0,0,0,0,[],0.0,S58,4.82,0,8,8,0.0,,-0.963502,-13.488188,-14.45169,True,False,36,S58,True,0,0.9109,do_nothing,,,,,,,,,,,,,,,,,,,,,,,,,,,,,,,,,,,,,,,,,,,,,,,,,,,,
45,11,13,32,S58,False,0,8,8,0,12,0,0,0,0,"['B428', 'B648', 'B52', 'B4', 'B750', 'B673', 'B749', 'B109', 'B190', 'B479', 'B467', 'B202']",6.0,S50,8.14,12,8,20,0.0,,-1.161335,-13.481081,-14.642416,True,False,18,S50,False,12,0.5491,pickup,,,,,,,,,,,,,,,,,,,,,,,,,,,,,,,,,,,,,,,,,,,,,,,,,,,,
45,11,13,46,S50,False,12,8,20,12,0,0,0,0,0,"['B428', 'B648', 'B52', 'B4', 'B750', 'B673', 'B749', 'B109', 'B190', 'B479', 'B467', 'B202']",6.0,S30,8.83,0,8,8,0.0,,-1.634289,-13.711295,-15.345584,False,False,12,S35,True,8,0.4372,delivery,,,,,,,,,,,,,,,,,,,,,,,,,,,,,,,,,,,,,,,,,,,,,,,,,,,,
45,11,14,1,S30,False,0,8,8,0,7,1,0,0,0,"['B226', 'B690', 'B641', 'B75', 'B538', 'B279', 'B300']",6.5,S66,1.88,7,8,15,0.0,,-2.423941,-13.569977,-15.993918,True,True,36,S66,False,19,0.94,pickup+onsite,,,,,,,,,,,,,,,,,,,,,,,,,,,,,,,,,,,,,,,,,,,,,,,,,,,,
45,11,14,9,S66,False,7,8,15,0,5,0,0,0,0,"['B464', 'B122', 'B526', 'B436', 'B642']",2.5,S63,4.37,12,8,20,0.0,,-2.068767,-13.418295,-15.487062,False,False,12,S64,True,7,0.4792,pickup,,,,,,,,,,,,,,,,,,,,,,,,,,,,,,,,,,,,,,,,,,,,,,,,,,,,
45,11,14,16,S63,False,12,8,20,12,0,0,1,0,0,"['B136', 'B226', 'B690', 'B641', 'B75', 'B538', 'B279', 'B300', 'B464', 'B122', 'B526', 'B436', 'B642']",6.5,S52,1.26,0,9,9,0.0,,-1.95547,-13.504893,-15.460363,True,True,18,S52,False,12,0.5742,delivery+depot_removal,,,,,,,,,,,,,,,,,,,,,,,,,,,,,,,,,,,,,,,,,,,,,,,,,,,,
45,11,14,24,S52,False,0,9,9,0,7,1,0,0,0,"['B129', 'B581', 'B20', 'B260', 'B213', 'B114', 'B237']",6.5,S64,2.64,7,9,16,0.0,,-1.064507,-13.326969,-14.391476,True,True,36,S22,True,22,0.9468,pickup+onsite,,,,,,,,,,,,,,,,,,,,,,,,,,,,,,,,,,,,,,,,,,,,,,,,,,,,
45,11,14,33,S64,False,7,9,16,7,0,0,0,0,0,"['B129', 'B581', 'B20', 'B260', 'B213', 'B114', 'B237']",3.5,S66,1.75,0,9,9,0.0,,-1.023273,-13.27426,-14.297534,False,False,12,S66,False,6,0.268,delivery,,,,,,,,,,,,,,,,,,,,,,,,,,,,,,,,,,,,,,,,,,,,,,,,,,,,
45,11,14,38,S66,False,0,9,9,0,11,0,0,0,0,"['B153', 'B553', 'B166', 'B765', 'B510', 'B76', 'B752', 'B212', 'B671', 'B116', 'B746']",5.5,S26,5.64,11,9,20,0.0,,-1.163838,-13.438056,-14.601894,False,False,18,S26,True,6,0.4284,pickup,,,,,,,,,,,,,,,,,,,,,,,,,,,,,,,,,,,,,,,,,,,,,,,,,,,,
45,11,14,49,S26,False,11,9,20,11,0,0,0,0,0,"['B153', 'B553', 'B166', 'B765', 'B510', 'B76', 'B752', 'B212', 'B671', 'B116', 'B746']",5.5,S22,7.39,0,9,9,0.0,,-1.32178,-13.228903,-14.550683,False,False,12,S35,True,6,0.3113,delivery,,,,,,,,,,,,,,,,,,,,,,,,,,,,,,,,,,,,,,,,,,,,,,,,,,,,
45,11,15,2,S22,False,0,9,9,0,11,0,0,0,0,"['B666', 'B420', 'B425', 'B587', 'B335', 'B152', 'B757', 'B647', 'B291', 'B350', 'B309']",5.5,S39,5.77,11,9,20,0.0,,-0.866383,-13.267217,-14.1336,False,False,12,S39,False,6,0.3826,pickup,,,,,,,,,,,,,,,,,,,,,,,,,,,,,,,,,,,,,,,,,,,,,,,,,,,,
45,11,15,13,S39,False,11,9,20,11,0,0,0,0,0,"['B666', 'B420', 'B425', 'B587', 'B335', 'B152', 'B757', 'B647', 'B291', 'B350', 'B309']",5.5,S65,5.08,0,9,9,0.0,,-0.884149,-13.285832,-14.16998,False,False,12,S4,True,7,0.35,delivery,,,,,,,,,,,,,,,,,,,,,,,,,,,,,,,,,,,,,,,,,,,,,,,,,,,,
45,11,15,24,S65,False,0,9,9,0,11,0,0,0,0,"['B600', 'B187', 'B221', 'B652', 'B471', 'B427', 'B127', 'B200', 'B731', 'B578', 'B500']",5.5,S42,11.85,11,9,20,0.0,,-1.064428,-13.11119,-14.175618,True,False,36,S18,True,15,0.9219,pickup,,,,,,,,,,,,,,,,,,,,,,,,,,,,,,,,,,,,,,,,,,,,,,,,,,,,
45,11,15,41,S42,False,11,9,20,0,0,2,0,0,0,[],6.0,S35,1.31,11,9,20,0.0,,-0.788151,-13.352143,-14.140294,True,True,36,S35,False,15,0.9211,do_nothing+onsite,,,,,,,,,,,,,,,,,,,,,,,,,,,,,,,,,,,,,,,,,,,,,,,,,,,,
45,11,15,49,S35,False,11,9,20,11,0,0,0,0,0,"['B600', 'B187', 'B221', 'B652', 'B471', 'B427', 'B127', 'B200', 'B731', 'B578', 'B500']",5.5,S30,9.95,0,9,9,0.0,,-1.105921,-13.150637,-14.256558,False,False,12,S62,True,9,0.2872,delivery,,,,,,,,,,,,,,,,,,,,,,,,,,,,,,,,,,,,,,,,,,,,,,,,,,,,
45,11,16,4,S30,False,0,9,9,0,9,0,0,0,0,"['B248', 'B345', 'B256', 'B368', 'B547', 'B764', 'B263', 'B544', 'B636']",4.5,S4,3.83,9,9,18,0.0,,-0.844561,-13.301102,-14.145664,False,False,18,S18,True,14,0.4314,pickup,,,,,,,,,,,,,,,,,,,,,,,,,,,,,,,,,,,,,,,,,,,,,,,,,,,,
45,11,16,12,S4,False,9,9,18,9,0,0,0,0,0,"['B248', 'B345', 'B256', 'B368', 'B547', 'B764', 'B263', 'B544', 'B636']",4.5,S8,15.61,0,9,9,0.0,,-0.630797,-13.137846,-13.768644,False,False,12,S8,False,8,0.3335,delivery,,,,,,,,,,,,,,,,,,,,,,,,,,,,,,,,,,,,,,,,,,,,,,,,,,,,
45,11,16,33,S8,False,0,9,9,0,11,0,0,0,0,"['B730', 'B359', 'B317', 'B227', 'B630', 'B548', 'B585', 'B287', 'B172', 'B113', 'B607']",5.5,S11,5.36,11,9,20,0.0,,-0.668452,-13.22497,-13.893423,False,False,12,S36,True,7,0.3307,pickup,,,,,,,,,,,,,,,,,,,,,,,,,,,,,,,,,,,,,,,,,,,,,,,,,,,,
45,11,16,43,S11,False,11,9,20,9,0,0,0,0,0,"['B730', 'B359', 'B317', 'B227', 'B630', 'B548', 'B585', 'B287', 'B172']",4.5,S36,9.15,2,9,11,0.0,,-0.39557,-13.267588,-13.663158,False,False,18,S18,True,9,0.4582,delivery,,,,,,,,,,,,,,,,,,,,,,,,,,,,,,,,,,,,,,,,,,,,,,,,,,,,
45,11,16,57,S36,False,2,9,11,0,9,0,0,0,0,"['B65', 'B734', 'B134', 'B574', 'B537', 'B598', 'B476', 'B293', 'B497']",4.5,S51,1.89,11,9,20,0.0,,-0.493189,-13.215638,-13.708827,False,False,12,S51,False,10,0.2823,pickup,,,,,,,,,,,,,,,,,,,,,,,,,,,,,,,,,,,,,,,,,,,,,,,,,,,,
45,11,17,3,S51,False,11,9,20,11,0,0,0,0,0,"['B113', 'B607', 'B65', 'B734', 'B134', 'B574', 'B537', 'B598', 'B476', 'B293', 'B497']",5.5,S13,15.47,0,9,9,0.0,,-0.41539,-12.627013,-13.042403,False,False,18,S17,True,13,0.4635,delivery,,,,,,,,,,,,,,,,,,,,,,,,,,,,,,,,,,,,,,,,,,,,,,,,,,,,
45,11,17,24,S13,False,0,9,9,0,11,1,0,0,0,"['B365', 'B63', 'B130', 'B150', 'B25', 'B594', 'B292', 'B468', 'B560', 'B469', 'B556']",8.5,S17,11.4,11,9,20,0.0,,-0.432319,-12.63246,-13.064779,True,True,24,S41,True,19,0.6076,pickup+onsite,,,,,,,,,,,,,,,,,,,,,,,,,,,,,,,,,,,,,,,,,,,,,,,,,,,,
45,11,17,44,S17,False,11,9,20,0,0,0,0,0,0,[],0.0,S39,11.39,11,9,20,0.0,,-0.31493,-12.723717,-13.038647,False,False,12,S4,True,0,0.3219,do_nothing,,,,,,,,,,,,,,,,,,,,,,,,,,,,,,,,,,,,,,,,,,,,,,,,,,,,
45,11,17,56,S39,False,11,9,20,11,0,0,0,0,0,"['B365', 'B63', 'B130', 'B150', 'B25', 'B594', 'B292', 'B468', 'B560', 'B469', 'B556']",5.5,S65,5.08,0,9,9,0.0,,-0.21551,-12.598354,-12.813864,False,False,12,S18,True,8,0.312,delivery,,,,,,,,,,,,,,,,,,,,,,,,,,,,,,,,,,,,,,,,,,,,,,,,,,,,
45,11,18,6,S65,False,0,9,9,0,7,2,0,0,0,"['B702', 'B732', 'B611', 'B16', 'B393', 'B354', 'B711']",9.5,S38,5.71,7,9,16,0.0,,-0.176759,-13.076333,-13.253092,True,True,54,S41,True,31,1.6928,pickup+onsite,,,,,,,,,,,,,,,,,,,,,,,,,,,,,,,,,,,,,,,,,,,,,,,,,,,,
45,11,18,21,S38,False,7,9,16,0,0,1,0,0,0,[],3.0,S48,6.3,7,9,16,0.0,,-0.118087,-13.00429,-13.122378,True,True,24,S48,False,7,0.6119,do_nothing+onsite,,,,,,,,,,,,,,,,,,,,,,,,,,,,,,,,,,,,,,,,,,,,,,,,,,,,
45,11,18,31,S48,False,7,9,16,7,0,1,1,0,0,"['B762', 'B702', 'B732', 'B611', 'B16', 'B393', 'B354', 'B711']",7.0,S2,12.22,0,10,10,0.0,,-0.039447,-12.936549,-12.975996,True,True,48,S51,True,43,1.2128,delivery+maintenance,,,,,,,,,,,,,,,,,,,,,,,,,,,,,,,,,,,,,,,,,,,,,,,,,,,,
45,11,18,50,S2,False,0,10,10,0,10,0,0,0,0,"['B390', 'B484', 'B315', 'B655', 'B307', 'B302', 'B519', 'B247', 'B670', 'B107']",5.0,S26,6.19,10,10,20,0.0,,-0.11789,-12.805286,-12.923176,False,False,12,S60,True,7,0.3001,pickup,,,,,,,,,,,,,,,,,,,,,,,,,,,,,,,,,,,,,,,,,,,,,,,,,,,,
45,11,19,1,S26,False,10,10,20,10,0,0,0,0,0,"['B390', 'B484', 'B315', 'B655', 'B307', 'B302', 'B519', 'B247', 'B670', 'B107']",5.0,S25,10.38,0,10,10,0.0,,-0.196483,-12.857557,-13.05404,False,False,12,S21,True,6,0.2627,delivery,,,,,,,,,,,,,,,,,,,,,,,,,,,,,,,,,,,,,,,,,,,,,,,,,,,,
45,11,19,17,S25,False,0,10,10,0,10,0,0,0,0,"['B149', 'B766', 'B84', 'B720', 'B643', 'B401', 'B516', 'B654', 'B719', 'B438']",5.0,S35,16.43,10,10,20,0.0,,-0.295247,-12.92792,-13.223167,True,False,18,S60,True,13,0.396,pickup,,,,,,,,,,,,,,,,,,,,,,,,,,,,,,,,,,,,,,,,,,,,,,,,,,,,
45,11,19,38,S35,False,10,10,20,10,0,0,0,0,0,"['B149', 'B766', 'B84', 'B720', 'B643', 'B401', 'B516', 'B654', 'B719', 'B438']",5.0,S29,1.95,0,10,10,0.0,,-0.157387,-12.75911,-12.916498,False,False,8,S29,False,6,0.1845,delivery,,,,,,,,,,,,,,,,,,,,,,,,,,,,,,,,,,,,,,,,,,,,,,,,,,,,
45,11,19,45,S29,False,0,10,10,0,0,0,1,0,0,['B188'],0.5,S54,1.43,0,11,11,0.0,,-0.098917,-12.800151,-12.899068,True,True,5,S54,False,2,0.1521,do_nothing+depot_removal,,,,,,,,,,,,,,,,,,,,,,,,,,,,,,,,,,,,,,,,,,,,,,,,,,,,
45,11,19,47,S54,False,0,11,11,0,7,0,0,0,0,"['B228', 'B736', 'B186', 'B427', 'B680', 'B633', 'B752']",3.5,D0,1.95,7,11,18,0.0,,-0.118041,-13.033669,-13.15171,False,False,3,D0,False,1,0.1079,pickup,,,,,,,,,,,,,,,,,,,,,,,,,,,,,,,,,,,,,,,,,,,,,,,,,,,,
45,11,19,52,D0,True,7,11,18,0,0,0,0,11,13,"['B311', 'B391', 'B170', 'B715', 'B712', 'B123', 'B619', 'B195', 'B48', 'B352', 'B718', 'B521', 'B261', 'B698', 'B687', 'B606', 'B539', 'B165', 'B244', 'B444', 'B262', 'B136', 'B762', 'B188']",12.0,D0,0.0,20,0,20,0.0,,-0.216261,-12.813831,-13.030092,True,True,1,D0,False,0,0.0406,do_nothing,,,,,,,,,,,,,,,,,,,,,,,,,,,,,,,,,,,,,,,,,,,,,,,,,,,,
45,12,6,4,D0,True,20,0,20,0,0,0,0,0,0,[],0.0,S43,2.15,20,0,20,0.0,,-0.236378,-13.048202,-13.28458,True,True,5,S43,False,1,0.1313,depot_passthrough,,,,,,,,,,,,,,,,,,,,,,,,,,,,,,,,,,,,,,,,,,,,,,,,,,,,
45,12,6,21,S43,False,20,0,20,16,0,0,0,0,0,"['B228', 'B736', 'B186', 'B427', 'B680', 'B633', 'B752', 'B311', 'B391', 'B170', 'B715', 'B712', 'B123', 'B619', 'B195', 'B48']",8.0,S52,1.59,4,0,4,0.0,,-0.215557,-12.960371,-13.175928,False,False,18,S15,True,6,0.5381,delivery,,,,,,,,,,,,,,,,,,,,,,,,,,,,,,,,,,,,,,,,,,,,,,,,,,,,
45,12,6,31,S52,False,4,0,4,0,16,1,0,0,0,"['B67', 'B370', 'B141', 'B523', 'B207', 'B45', 'B218', 'B586', 'B700', 'B641', 'B339', 'B494', 'B323', 'B717', 'B82', 'B210']",11.0,S15,4.21,20,0,20,0.0,,-0.27598,-12.950719,-13.226699,True,True,24,S30,True,18,0.6694,pickup+onsite,,,,,,,,,,,,,,,,,,,,,,,,,,,,,,,,,,,,,,,,,,,,,,,,,,,,
45,12,6,46,S15,False,20,0,20,11,0,0,0,0,0,"['B352', 'B718', 'B521', 'B261', 'B67', 'B370', 'B141', 'B523', 'B207', 'B45', 'B218']",5.5,S51,8.59,9,0,9,0.0,,-0.157885,-12.895813,-13.053698,False,False,18,S30,True,7,0.5584,delivery,,,,,,,,,,,,,,,,,,,,,,,,,,,,,,,,,,,,,,,,,,,,,,,,,,,,
45,12,7,0,S51,False,9,0,9,0,6,1,1,0,0,"['B240', 'B171', 'B597', 'B558', 'B682', 'B143', 'B350']",6.5,S7,13.88,15,1,16,0.0,,-0.217707,-12.885754,-13.103461,True,True,72,S1,True,46,2.1895,pickup+maintenance,,,,,,,,,,,,,,,,,,,,,,,,,,,,,,,,,,,,,,,,,,,,,,,,,,,,
45,12,7,21,S7,False,15,1,16,15,0,0,1,0,0,"['B62', 'B586', 'B700', 'B641', 'B339', 'B494', 'B323', 'B717', 'B82', 'B210', 'B240', 'B171', 'B597', 'B558', 'B682', 'B143']",8.0,S59,8.28,0,2,2,0.0,,-0.334049,-12.873638,-13.207687,True,True,36,S23,True,31,0.9692,delivery+depot_removal,,,,,,,,,,,,,,,,,,,,,,,,,,,,,,,,,,,,,,,,,,,,,,,,,,,,
45,12,7,37,S59,False,0,2,2,0,18,0,0,0,0,"['B692', 'B331', 'B415', 'B545', 'B540', 'B499', 'B215', 'B176', 'B402', 'B51', 'B625', 'B243', 'B456', 'B616', 'B750', 'B690', 'B182', 'B581']",9.0,S30,3.9,18,2,20,0.0,,-0.216604,-12.849872,-13.066476,False,False,12,S24,True,10,0.3237,pickup,,,,,,,,,,,,,,,,,,,,,,,,,,,,,,,,,,,,,,,,,,,,,,,,,,,,
45,12,7,50,S30,False,18,2,20,9,0,0,0,0,0,"['B692', 'B331', 'B415', 'B545', 'B540', 'B499', 'B215', 'B176', 'B402']",4.5,S23,3.25,9,2,11,0.0,,-0.276177,-12.664903,-12.941081,False,False,18,S24,True,6,0.4779,delivery,,,,,,,,,,,,,,,,,,,,,,,,,,,,,,,,,,,,,,,,,,,,,,,,,,,,
45,12,7,58,S23,False,9,2,11,0,9,1,0,0,0,"['B295', 'B515', 'B211', 'B93', 'B480', 'B20', 'B652', 'B258', 'B667']",7.5,S12,13.52,18,2,20,0.0,,-0.295705,-12.723071,-13.018776,True,True,24,S1,True,22,0.5629,pickup+onsite,,,,,,,,,,,,,,,,,,,,,,,,,,,,,,,,,,,,,,,,,,,,,,,,,,,,
45,12,8,19,S12,False,18,2,20,2,0,0,1,0,0,"['B217', 'B51', 'B625']",1.5,S56,7.46,16,3,19,0.0,,-0.157888,-12.395477,-12.553365,True,True,30,S17,True,16,0.704,delivery+depot_removal,,,,,,,,,,,,,,,,,,,,,,,,,,,,,,,,,,,,,,,,,,,,,,,,,,,,
45,12,8,28,S56,False,16,3,19,8,0,0,0,0,0,"['B243', 'B456', 'B616', 'B750', 'B690', 'B182', 'B581', 'B295']",4.0,S44,4.78,8,3,11,0.0,,-0.05957,-12.308146,-12.367716,False,False,18,S17,True,10,0.4191,delivery,,,,,,,,,,,,,,,,,,,,,,,,,,,,,,,,,,,,,,,,,,,,,,,,,,,,
45,12,8,36,S44,False,8,3,11,0,9,0,0,0,0,"['B310', 'B221', 'B286', 'B409', 'B435', 'B660', 'B559', 'B382', 'B428']",4.5,S17,9.71,17,3,20,0.0,,-0.05922,-12.440883,-12.500103,True,False,18,S21,True,14,0.3864,pickup,,,,,,,,,,,,,,,,,,,,,,,,,,,,,,,,,,,,,,,,,,,,,,,,,,,,
45,12,8,51,S17,False,17,3,20,13,0,0,0,0,0,"['B515', 'B211', 'B93', 'B480', 'B20', 'B652', 'B258', 'B667', 'B310', 'B221', 'B286', 'B409', 'B435']",6.5,S45,9.1,4,3,7,0.0,,-0.117891,-12.510574,-12.628466,False,False,18,S27,True,15,0.4644,delivery,,,,,,,,,,,,,,,,,,,,,,,,,,,,,,,,,,,,,,,,,,,,,,,,,,,,
45,12,9,6,S45,False,4,3,7,0,8,0,0,0,0,"['B155', 'B733', 'B668', 'B3', 'B422', 'B58', 'B683', 'B379']",4.0,S32,2.27,12,3,15,0.0,,0.0,-12.450944,-12.450944,False,False,18,S58,True,15,0.6466,pickup,,,,,,,,,,,,,,,,,,,,,,,,,,,,,,,,,,,,,,,,,,,,,,,,,,,,
45,12,9,12,S32,False,12,3,15,10,0,1,0,0,0,"['B660', 'B559', 'B382', 'B428', 'B155', 'B733', 'B668', 'B3', 'B422', 'B58']",8.0,S58,5.2,2,3,5,0.0,,0.0,-12.439006,-12.439006,True,True,36,S50,True,19,1.0242,delivery+onsite,,,,,,,,,,,,,,,,,,,,,,,,,,,,,,,,,,,,,,,,,,,,,,,,,,,,
45,12,9,26,S58,False,2,3,5,0,15,0,0,0,0,"['B92', 'B767', 'B233', 'B238', 'B713', 'B443', 'B104', 'B134', 'B224', 'B481', 'B453', 'B432', 'B173', 'B375', 'B126']",7.5,S27,4.81,17,3,20,0.0,,-0.059171,-12.500747,-12.559918,True,False,18,S27,False,14,0.4159,pickup,,,,,,,,,,,,,,,,,,,,,,,,,,,,,,,,,,,,,,,,,,,,,,,,,,,,
45,12,9,38,S27,False,17,3,20,16,0,0,0,0,0,"['B683', 'B379', 'B92', 'B767', 'B233', 'B238', 'B713', 'B443', 'B104', 'B134', 'B224', 'B481', 'B453', 'B432', 'B173', 'B375']",8.0,S60,3.14,1,3,4,0.0,,-0.019623,-12.336925,-12.356548,False,False,18,S15,True,9,0.4823,delivery,,,,,,,,,,,,,,,,,,,,,,,,,,,,,,,,,,,,,,,,,,,,,,,,,,,,
45,12,9,49,S60,False,1,3,4,0,13,0,0,0,0,"['B91', 'B640', 'B119', 'B587', 'B723', 'B300', 'B335', 'B504', 'B580', 'B239', 'B436', 'B740', 'B52']",6.5,S15,4.42,14,3,17,0.0,,-0.138117,-12.44055,-12.578667,False,False,18,S37,True,6,0.4791,pickup,,,,,,,,,,,,,,,,,,,,,,,,,,,,,,,,,,,,,,,,,,,,,,,,,,,,
45,12,10,0,S15,False,14,3,17,14,0,0,0,0,0,"['B126', 'B91', 'B640', 'B119', 'B587', 'B723', 'B300', 'B335', 'B504', 'B580', 'B239', 'B436', 'B740', 'B52']",7.0,S37,4.99,0,3,3,0.0,,-0.039147,-12.385567,-12.424714,False,False,12,S36,True,6,0.3826,delivery,,,,,,,,,,,,,,,,,,,,,,,,,,,,,,,,,,,,,,,,,,,,,,,,,,,,
45,12,10,12,S37,False,0,3,3,0,14,0,0,0,0,"['B488', 'B643', 'B617', 'B245', 'B334', 'B491', 'B604', 'B275', 'B688', 'B31', 'B35', 'B294', 'B666', 'B302']",7.0,S26,7.79,14,3,17,0.0,,-0.255652,-12.423538,-12.67919,False,False,18,S26,False,6,0.5781,pickup,,,,,,,,,,,,,,,,,,,,,,,,,,,,,,,,,,,,,,,,,,,,,,,,,,,,
45,12,10,27,S26,False,14,3,17,14,0,0,0,0,0,"['B488', 'B643', 'B617', 'B245', 'B334', 'B491', 'B604', 'B275', 'B688', 'B31', 'B35', 'B294', 'B666', 'B302']",7.0,S63,7.98,0,3,3,0.0,,-0.256151,-12.591008,-12.847159,False,False,12,S55,True,6,0.3758,delivery,,,,,,,,,,,,,,,,,,,,,,,,,,,,,,,,,,,,,,,,,,,,,,,,,,,,
45,12,10,42,S63,False,0,3,3,0,14,1,1,0,0,"['B49', 'B125', 'B563', 'B232', 'B466', 'B309', 'B541', 'B764', 'B216', 'B549', 'B65', 'B662', 'B398', 'B445', 'B747']",10.5,S61,3.24,14,4,18,0.0,,-0.353924,-12.827103,-13.181027,True,True,72,S55,True,67,2.1444,pickup+maintenance,,,,,,,,,,,,,,,,,,,,,,,,,,,,,,,,,,,,,,,,,,,,,,,,,,,,
45,12,10,56,S61,False,14,4,18,11,0,0,0,0,0,"['B49', 'B125', 'B563', 'B232', 'B466', 'B309', 'B541', 'B764', 'B216', 'B549', 'B65']",5.5,S62,2.06,3,4,7,0.0,,-0.454545,-12.903874,-13.358419,False,False,18,S13,True,6,0.5405,delivery,,,,,,,,,,,,,,,,,,,,,,,,,,,,,,,,,,,,,,,,,,,,,,,,,,,,
45,12,11,3,S62,False,3,4,7,0,12,0,1,0,0,"['B284', 'B158', 'B496', 'B502', 'B274', 'B214', 'B557', 'B328', 'B39', 'B456', 'B607', 'B702', 'B324']",6.5,S44,2.2,15,5,20,0.0,,-0.354472,-12.875872,-13.230344,True,True,30,S24,True,28,0.7995,pickup+depot_removal,,,,,,,,,,,,,,,,,,,,,,,,,,,,,,,,,,,,,,,,,,,,,,,,,,,,
45,12,11,12,S44,False,15,5,20,6,0,0,1,0,0,"['B726', 'B662', 'B398', 'B445', 'B284', 'B158', 'B496']",3.5,S54,3.95,9,6,15,0.0,,-0.27618,-12.756182,-13.032363,True,True,30,S54,False,26,0.6977,delivery+depot_removal,,,,,,,,,,,,,,,,,,,,,,,,,,,,,,,,,,,,,,,,,,,,,,,,,,,,
45,12,11,19,S54,False,9,6,15,9,0,0,0,0,0,"['B502', 'B274', 'B214', 'B557', 'B328', 'B39', 'B456', 'B607', 'B702']",4.5,S55,0.95,0,6,6,0.0,,-0.315078,-12.640486,-12.955565,False,False,12,S35,True,7,0.291,delivery,,,,,,,,,,,,,,,,,,,,,,,,,,,,,,,,,,,,,,,,,,,,,,,,,,,,
45,12,11,25,S55,False,0,6,6,0,0,0,0,0,0,[],0.0,S35,3.04,0,6,6,0.0,,-0.276381,-12.68822,-12.964601,False,False,18,S35,False,2,0.4398,do_nothing,,,,,,,,,,,,,,,,,,,,,,,,,,,,,,,,,,,,,,,,,,,,,,,,,,,,
45,12,11,28,S35,False,0,6,6,0,10,0,0,0,0,"['B151', 'B59', 'B601', 'B5', 'B766', 'B737', 'B384', 'B527', 'B692', 'B108']",5.0,S42,1.31,10,6,16,0.0,,-0.393222,-12.730471,-13.123694,False,False,18,S55,True,12,0.4341,pickup,,,,,,,,,,,,,,,,,,,,,,,,,,,,,,,,,,,,,,,,,,,,,,,,,,,,
45,12,11,34,S42,False,10,6,16,10,0,0,0,0,0,"['B151', 'B59', 'B601', 'B5', 'B766', 'B737', 'B384', 'B527', 'B692', 'B108']",5.0,S46,7.22,0,6,6,0.0,,-0.59006,-12.819116,-13.409176,False,False,12,S46,False,6,0.2684,delivery,,,,,,,,,,,,,,,,,,,,,,,,,,,,,,,,,,,,,,,,,,,,,,,,,,,,
45,12,11,46,S46,False,0,6,6,0,14,0,0,0,0,"['B344', 'B348', 'B487', 'B507', 'B17', 'B9', 'B267', 'B252', 'B10', 'B47', 'B632', 'B636', 'B32', 'B404']",7.0,S21,10.46,14,6,20,0.0,,-0.137566,-12.692554,-12.83012,False,False,12,S50,True,10,0.303,pickup,,,,,,,,,,,,,,,,,,,,,,,,,,,,,,,,,,,,,,,,,,,,,,,,,,,,
45,12,12,4,S21,False,14,6,20,6,0,0,0,0,0,"['B344', 'B348', 'B487', 'B507', 'B17', 'B9']",3.0,S50,5.55,8,6,14,0.0,,-0.27493,-13.094739,-13.369669,False,False,18,S50,False,16,0.5296,delivery,,,,,,,,,,,,,,,,,,,,,,,,,,,,,,,,,,,,,,,,,,,,,,,,,,,,
45,12,12,12,S50,False,8,6,14,8,0,0,0,0,0,"['B267', 'B252', 'B10', 'B47', 'B632', 'B636', 'B32', 'B404']",4.0,S58,8.14,0,6,6,0.0,,-0.117742,-13.072113,-13.189855,False,False,12,S58,False,8,0.3161,delivery,,,,,,,,,,,,,,,,,,,,,,,,,,,,,,,,,,,,,,,,,,,,,,,,,,,,
45,12,12,24,S58,False,0,6,6,0,14,0,0,0,0,"['B128', 'B220', 'B114', 'B659', 'B122', 'B721', 'B79', 'B121', 'B391', 'B94', 'B123', 'B619', 'B529', 'B608']",7.0,S66,3.52,14,6,20,0.0,,-0.176608,-13.214354,-13.390961,True,False,18,S47,True,12,0.4387,pickup,,,,,,,,,,,,,,,,,,,,,,,,,,,,,,,,,,,,,,,,,,,,,,,,,,,,
45,12,12,35,S66,False,14,6,20,14,0,1,1,0,0,"['B169', 'B128', 'B220', 'B114', 'B659', 'B122', 'B721', 'B79', 'B121', 'B391', 'B94', 'B123', 'B619', 'B529', 'B608']",10.5,S59,2.96,0,7,7,0.0,,-0.454443,-13.001913,-13.456357,True,True,36,S12,True,30,0.803,delivery+maintenance,,,,,,,,,,,,,,,,,,,,,,,,,,,,,,,,,,,,,,,,,,,,,,,,,,,,
45,12,12,48,S59,False,0,7,7,0,13,0,0,0,0,"['B255', 'B589', 'B591', 'B246', 'B685', 'B13', 'B489', 'B417', 'B518', 'B655', 'B256', 'B307', 'B230']",6.5,S13,9.83,13,7,20,0.0,,-0.513567,-13.011217,-13.524784,False,False,12,S55,True,8,0.2683,pickup,,,,,,,,,,,,,,,,,,,,,,,,,,,,,,,,,,,,,,,,,,,,,,,,,,,,
45,12,13,5,S13,False,13,7,20,13,0,0,0,0,0,"['B255', 'B589', 'B591', 'B246', 'B685', 'B13', 'B489', 'B417', 'B518', 'B655', 'B256', 'B307', 'B230']",6.5,S55,14.62,0,7,7,0.0,,-1.024174,-12.923509,-13.947683,False,False,12,S8,True,7,0.3233,delivery,,,,,,,,,,,,,,,,,,,,,,,,,,,,,,,,,,,,,,,,,,,,,,,,,,,,
45,12,13,26,S55,False,0,7,7,0,13,0,0,0,0,"['B501', 'B704', 'B473', 'B170', 'B273', 'B197', 'B160', 'B203', 'B241', 'B470', 'B690', 'B590', 'B60']",6.5,S56,1.03,13,7,20,0.0,,-0.709689,-13.047391,-13.75708,False,False,12,S8,True,9,0.322,pickup,,,,,,,,,,,,,,,,,,,,,,,,,,,,,,,,,,,,,,,,,,,,,,,,,,,,
45,12,13,33,S56,False,13,7,20,7,0,0,0,0,0,"['B501', 'B704', 'B473', 'B170', 'B273', 'B197', 'B160']",3.5,S8,9.59,6,7,13,0.0,,-0.393368,-12.899646,-13.293014,False,False,18,S8,False,12,0.4532,delivery,,,,,,,,,,,,,,,,,,,,,,,,,,,,,,,,,,,,,,,,,,,,,,,,,,,,
45,12,13,46,S8,False,6,7,13,6,0,1,0,0,0,"['B203', 'B241', 'B470', 'B690', 'B590', 'B60']",6.0,S19,14.87,0,7,7,0.0,,-0.533336,-13.004813,-13.538149,True,True,24,S19,False,21,0.613,delivery+onsite,,,,,,,,,,,,,,,,,,,,,,,,,,,,,,,,,,,,,,,,,,,,,,,,,,,,
45,12,14,7,S19,False,0,7,7,0,9,0,0,0,0,"['B2', 'B618', 'B561', 'B705', 'B299', 'B426', 'B565', 'B467', 'B475']",4.5,S44,4.96,9,7,16,0.0,,-0.493389,-13.026517,-13.519906,False,False,18,S60,True,14,0.4126,pickup,,,,,,,,,,,,,,,,,,,,,,,,,,,,,,,,,,,,,,,,,,,,,,,,,,,,
45,12,14,17,S44,False,9,7,16,9,0,0,0,0,0,"['B2', 'B618', 'B561', 'B705', 'B299', 'B426', 'B565', 'B467', 'B475']",4.5,S60,4.0,0,7,7,0.0,,-0.375649,-12.974016,-13.349665,False,False,12,S60,False,6,0.3113,delivery,,,,,,,,,,,,,,,,,,,,,,,,,,,,,,,,,,,,,,,,,,,,,,,,,,,,
45,12,14,25,S60,False,0,7,7,0,13,1,0,0,0,"['B71', 'B446', 'B517', 'B442', 'B231', 'B326', 'B664', 'B34', 'B680', 'B508', 'B554', 'B291', 'B187']",9.5,S26,6.85,13,7,20,0.0,,-0.373749,-12.912014,-13.285763,True,True,24,S15,True,19,0.7998,pickup+onsite,,,,,,,,,,,,,,,,,,,,,,,,,,,,,,,,,,,,,,,,,,,,,,,,,,,,
45,12,14,42,S26,False,13,7,20,0,0,0,0,0,0,[],0.0,S15,2.8,13,7,20,0.0,,-0.335851,-12.962953,-13.298804,False,False,12,S15,False,0,0.371,do_nothing,,,,,,,,,,,,,,,,,,,,,,,,,,,,,,,,,,,,,,,,,,,,,,,,,,,,
45,12,14,44,S15,False,13,7,20,13,0,0,0,0,0,"['B71', 'B446', 'B517', 'B442', 'B231', 'B326', 'B664', 'B34', 'B680', 'B508', 'B554', 'B291', 'B187']",6.5,S14,5.49,0,7,7,0.0,,-0.650278,-12.798461,-13.448739,False,False,12,S40,True,9,0.3637,delivery,,,,,,,,,,,,,,,,,,,,,,,,,,,,,,,,,,,,,,,,,,,,,,,,,,,,
45,12,14,56,S14,False,0,7,7,0,7,0,1,0,0,"['B81', 'B720', 'B525', 'B278', 'B395', 'B8', 'B16', 'B638']",4.0,S26,4.63,7,8,15,0.0,,-0.514215,-12.947144,-13.461358,True,True,72,S40,True,30,1.9584,pickup+depot_removal,,,,,,,,,,,,,,,,,,,,,,,,,,,,,,,,,,,,,,,,,,,,,,,,,,,,
45,12,15,5,S26,False,7,8,15,7,0,0,0,0,0,"['B81', 'B720', 'B525', 'B278', 'B395', 'B8', 'B16']",3.5,S31,6.02,0,8,8,0.0,,-0.514262,-12.890543,-13.404805,False,False,12,S33,True,6,0.2753,delivery,,,,,,,,,,,,,,,,,,,,,,,,,,,,,,,,,,,,,,,,,,,,,,,,,,,,
45,12,15,15,S31,False,0,8,8,0,12,1,0,0,0,"['B58', 'B111', 'B714', 'B702', 'B161', 'B594', 'B534', 'B295', 'B361', 'B327', 'B128', 'B11']",9.0,S61,1.01,12,8,20,0.0,,-0.667853,-12.878581,-13.546434,True,True,24,S40,True,22,0.6401,pickup+onsite,,,,,,,,,,,,,,,,,,,,,,,,,,,,,,,,,,,,,,,,,,,,,,,,,,,,
45,12,15,25,S61,False,12,8,20,0,0,0,0,0,0,[],0.0,S51,6.56,12,8,20,0.0,,-0.555759,-12.81031,-13.36607,False,False,18,S12,True,3,0.4189,do_nothing,,,,,,,,,,,,,,,,,,,,,,,,,,,,,,,,,,,,,,,,,,,,,,,,,,,,
45,12,15,31,S51,False,12,8,20,11,0,0,0,0,0,"['B58', 'B111', 'B714', 'B702', 'B161', 'B594', 'B534', 'B295', 'B361', 'B327', 'B128']",5.5,S40,6.14,1,8,9,0.0,,-0.433515,-12.883524,-13.317039,False,False,18,S12,True,8,0.3885,delivery,,,,,,,,,,,,,,,,,,,,,,,,,,,,,,,,,,,,,,,,,,,,,,,,,,,,
45,12,15,43,S40,False,1,8,9,0,0,0,0,0,0,[],0.0,S33,1.51,1,8,9,0.0,,-0.492391,-12.99203,-13.484421,False,False,12,S34,True,4,0.25,do_nothing,,,,,,,,,,,,,,,,,,,,,,,,,,,,,,,,,,,,,,,,,,,,,,,,,,,,
45,12,15,44,S33,False,1,8,9,0,11,0,0,0,0,"['B157', 'B760', 'B318', 'B506', 'B546', 'B526', 'B332', 'B465', 'B75', 'B225', 'B510']",5.5,S63,1.55,12,8,20,0.0,,-0.256205,-12.959541,-13.215747,False,False,12,S12,True,9,0.25,pickup,,,,,,,,,,,,,,,,,,,,,,,,,,,,,,,,,,,,,,,,,,,,,,,,,,,,
45,12,15,51,S63,False,12,8,20,12,0,0,0,0,0,"['B11', 'B157', 'B760', 'B318', 'B506', 'B546', 'B526', 'B332', 'B465', 'B75', 'B225', 'B510']",6.0,S40,2.93,0,8,8,0.0,,-0.374395,-12.956864,-13.331259,False,False,12,S40,False,6,0.3157,delivery,,,,,,,,,,,,,,,,,,,,,,,,,,,,,,,,,,,,,,,,,,,,,,,,,,,,
45,12,16,0,S40,False,0,8,8,0,12,0,0,0,0,"['B480', 'B658', 'B377', 'B85', 'B541', 'B120', 'B764', 'B274', 'B504', 'B414', 'B79', 'B49']",6.0,S34,2.19,12,8,20,0.0,,-0.511569,-12.848828,-13.360397,False,False,18,S30,True,6,0.3917,pickup,,,,,,,,,,,,,,,,,,,,,,,,,,,,,,,,,,,,,,,,,,,,,,,,,,,,
45,12,16,8,S34,False,12,8,20,12,0,0,0,0,0,"['B480', 'B658', 'B377', 'B85', 'B541', 'B120', 'B764', 'B274', 'B504', 'B414', 'B79', 'B49']",6.0,S30,5.86,0,8,8,0.0,,-0.39387,-12.629929,-13.023799,False,False,12,S62,True,8,0.2708,delivery,,,,,,,,,,,,,,,,,,,,,,,,,,,,,,,,,,,,,,,,,,,,,,,,,,,,
45,12,16,20,S30,False,0,8,8,0,7,0,0,0,0,"['B250', 'B112', 'B159', 'B556', 'B277', 'B515', 'B349']",3.5,S66,1.88,7,8,15,0.0,,-0.413151,-12.672535,-13.085686,False,False,18,S66,False,6,0.374,pickup,,,,,,,,,,,,,,,,,,,,,,,,,,,,,,,,,,,,,,,,,,,,,,,,,,,,
45,12,16,26,S66,False,7,8,15,0,5,0,0,0,0,"['B199', 'B82', 'B228', 'B550', 'B574']",2.5,S29,6.29,12,8,20,0.0,,-0.234483,-12.589014,-12.823497,False,False,12,S1,True,6,0.2406,pickup,,,,,,,,,,,,,,,,,,,,,,,,,,,,,,,,,,,,,,,,,,,,,,,,,,,,
45,12,16,35,S29,False,12,8,20,12,0,0,0,0,0,"['B250', 'B112', 'B159', 'B556', 'B277', 'B515', 'B349', 'B199', 'B82', 'B228', 'B550', 'B574']",6.0,S62,3.79,0,8,8,0.0,,-0.176659,-12.543945,-12.720604,False,False,12,S1,True,6,0.2899,delivery,,,,,,,,,,,,,,,,,,,,,,,,,,,,,,,,,,,,,,,,,,,,,,,,,,,,
45,12,16,44,S62,False,0,8,8,0,12,1,0,0,0,"['B205', 'B468', 'B144', 'B428', 'B19', 'B568', 'B461', 'B6', 'B315', 'B484', 'B353', 'B249']",9.0,S32,3.53,12,8,20,0.0,,-0.196434,-12.623088,-12.819521,True,True,24,S18,True,21,0.5609,pickup+onsite,,,,,,,,,,,,,,,,,,,,,,,,,,,,,,,,,,,,,,,,,,,,,,,,,,,,
45,12,16,57,S32,False,12,8,20,12,0,0,0,0,0,"['B205', 'B468', 'B144', 'B428', 'B19', 'B568', 'B461', 'B6', 'B315', 'B484', 'B353', 'B249']",6.0,S56,1.58,0,8,8,0.0,,-0.435268,-12.711253,-13.146521,False,False,12,S54,True,6,0.2939,delivery,,,,,,,,,,,,,,,,,,,,,,,,,,,,,,,,,,,,,,,,,,,,,,,,,,,,
45,12,17,4,S56,False,0,8,8,0,8,0,0,0,0,"['B579', 'B663', 'B490', 'B566', 'B374', 'B157', 'B38', 'B226']",4.0,S54,1.7,8,8,16,0.0,,-0.414891,-12.888633,-13.303524,False,False,18,S55,True,6,0.392,pickup,,,,,,,,,,,,,,,,,,,,,,,,,,,,,,,,,,,,,,,,,,,,,,,,,,,,
45,12,17,10,S54,False,8,8,16,8,0,0,0,0,0,"['B579', 'B663', 'B490', 'B566', 'B374', 'B157', 'B38', 'B226']",4.0,S66,5.58,0,8,8,0.0,,-0.138815,-12.870653,-13.009468,False,False,12,S66,False,6,0.2533,delivery,,,,,,,,,,,,,,,,,,,,,,,,,,,,,,,,,,,,,,,,,,,,,,,,,,,,
45,12,17,20,S66,False,0,8,8,0,12,0,0,0,0,"['B707', 'B701', 'B108', 'B737', 'B74', 'B696', 'B219', 'B456', 'B224', 'B745', 'B248', 'B560']",6.0,S26,5.64,12,8,20,0.0,,-0.276025,-12.834418,-13.110442,False,False,12,S26,False,6,0.2661,pickup,,,,,,,,,,,,,,,,,,,,,,,,,,,,,,,,,,,,,,,,,,,,,,,,,,,,
45,12,17,31,S26,False,12,8,20,12,0,0,0,0,0,"['B707', 'B701', 'B108', 'B737', 'B74', 'B696', 'B219', 'B456', 'B224', 'B745', 'B248', 'B560']",6.0,S31,6.02,0,8,8,0.0,,-0.119191,-12.816562,-12.935754,False,False,12,S12,True,9,0.2716,delivery,,,,,,,,,,,,,,,,,,,,,,,,,,,,,,,,,,,,,,,,,,,,,,,,,,,,
45,12,17,43,S31,False,0,8,8,0,12,0,0,0,0,"['B71', 'B486', 'B516', 'B659', 'B67', 'B503', 'B498', 'B551', 'B9', 'B175', 'B151', 'B383']",6.0,S50,7.46,12,8,20,0.0,,-0.236637,-12.758572,-12.99521,False,False,12,S36,True,10,0.2722,pickup,,,,,,,,,,,,,,,,,,,,,,,,,,,,,,,,,,,,,,,,,,,,,,,,,,,,
45,12,17,57,S50,False,12,8,20,12,0,0,0,0,0,"['B71', 'B486', 'B516', 'B659', 'B67', 'B503', 'B498', 'B551', 'B9', 'B175', 'B151', 'B383']",6.0,S36,7.14,0,8,8,0.0,,-0.138066,-12.734851,-12.872917,False,False,12,S12,True,6,0.2907,delivery,,,,,,,,,,,,,,,,,,,,,,,,,,,,,,,,,,,,,,,,,,,,,,,,,,,,
45,12,18,10,S36,False,0,8,8,0,12,0,0,0,0,"['B96', 'B653', 'B573', 'B363', 'B756', 'B419', 'B265', 'B162', 'B458', 'B316', 'B200', 'B209']",6.0,S37,4.84,12,8,20,0.0,,-0.196437,-12.464507,-12.660945,False,False,12,S18,True,9,0.3367,pickup,,,,,,,,,,,,,,,,,,,,,,,,,,,,,,,,,,,,,,,,,,,,,,,,,,,,
45,12,18,21,S37,False,12,8,20,12,0,0,0,0,0,"['B96', 'B653', 'B573', 'B363', 'B756', 'B419', 'B265', 'B162', 'B458', 'B316', 'B200', 'B209']",6.0,S60,2.84,0,8,8,0.0,,-0.159294,-12.322635,-12.481928,False,False,18,S58,True,13,0.5193,delivery,,,,,,,,,,,,,,,,,,,,,,,,,,,,,,,,,,,,,,,,,,,,,,,,,,,,
45,12,18,30,S60,False,0,8,8,0,0,0,0,0,0,[],0.0,S18,1.46,0,8,8,0.0,,-0.138316,-12.466042,-12.604358,False,False,12,S18,False,0,0.3484,do_nothing,,,,,,,,,,,,,,,,,,,,,,,,,,,,,,,,,,,,,,,,,,,,,,,,,,,,
45,12,18,31,S18,False,0,8,8,0,12,0,0,0,0,"['B629', 'B544', 'B106', 'B41', 'B620', 'B69', 'B706', 'B193', 'B612', 'B50', 'B95', 'B280']",6.0,S46,4.15,12,8,20,0.0,,-0.05942,-12.388867,-12.448288,False,False,12,S58,True,9,0.3552,pickup,,,,,,,,,,,,,,,,,,,,,,,,,,,,,,,,,,,,,,,,,,,,,,,,,,,,
45,12,18,41,S46,False,12,8,20,12,0,0,0,0,0,"['B629', 'B544', 'B106', 'B41', 'B620', 'B69', 'B706', 'B193', 'B612', 'B50', 'B95', 'B280']",6.0,S60,5.39,0,8,8,0.0,,-0.05942,-12.381715,-12.441135,False,False,18,S60,True,12,0.5049,delivery,,,,,,,,,,,,,,,,,,,,,,,,,,,,,,,,,,,,,,,,,,,,,,,,,,,,
45,12,18,53,S60,False,0,8,8,0,12,0,0,0,0,"['B402', 'B368', 'B681', 'B174', 'B439', 'B4', 'B610', 'B115', 'B472', 'B155', 'B545', 'B474']",6.0,S29,7.31,12,8,20,0.0,,0.0,-12.348113,-12.348113,False,False,12,S65,True,10,0.4042,pickup,,,,,,,,,,,,,,,,,,,,,,,,,,,,,,,,,,,,,,,,,,,,,,,,,,,,
45,12,19,6,S29,False,12,8,20,0,0,0,0,0,0,[],0.0,S63,5.25,12,8,20,0.0,,0.0,-12.63622,-12.63622,False,False,18,S61,True,1,0.6916,do_nothing,,,,,,,,,,,,,,,,,,,,,,,,,,,,,,,,,,,,,,,,,,,,,,,,,,,,
45,12,19,11,S63,False,12,8,20,12,0,0,0,0,0,"['B402', 'B368', 'B681', 'B174', 'B439', 'B4', 'B610', 'B115', 'B472', 'B155', 'B545', 'B474']",6.0,S33,1.55,0,8,8,0.0,,-0.078396,-12.473416,-12.551811,False,False,18,S61,True,12,0.5608,delivery,,,,,,,,,,,,,,,,,,,,,,,,,,,,,,,,,,,,,,,,,,,,,,,,,,,,
45,12,19,19,S33,False,0,8,8,0,12,1,0,0,0,"['B403', 'B500', 'B607', 'B298', 'B313', 'B124', 'B390', 'B709', 'B691', 'B63', 'B559', 'B391']",9.0,S42,7.31,12,8,20,0.0,,-0.058869,-12.418431,-12.4773,True,True,24,S55,True,22,0.6672,pickup+onsite,,,,,,,,,,,,,,,,,,,,,,,,,,,,,,,,,,,,,,,,,,,,,,,,,,,,
45,12,19,35,S42,False,12,8,20,9,0,0,1,0,0,"['B147', 'B403', 'B500', 'B607', 'B298', 'B313', 'B124', 'B390', 'B709', 'B691']",5.0,S52,8.01,3,9,12,0.0,,-0.078443,-12.412667,-12.49111,True,True,21,S61,True,12,0.5174,delivery+depot_removal,,,,,,,,,,,,,,,,,,,,,,,,,,,,,,,,,,,,,,,,,,,,,,,,,,,,
45,12,19,48,S52,False,3,9,12,0,8,0,0,0,0,"['B617', 'B344', 'B114', 'B7', 'B427', 'B121', 'B203', 'B673']",4.0,D0,1.21,11,9,20,0.0,,0.0,-12.681894,-12.681894,False,False,2,D0,False,1,0.0699,pickup,,,,,,,,,,,,,,,,,,,,,,,,,,,,,,,,,,,,,,,,,,,,,,,,,,,,
45,12,19,53,D0,True,11,9,20,0,0,0,0,9,9,"['B724', 'B582', 'B698', 'B687', 'B606', 'B539', 'B165', 'B244', 'B444', 'B350', 'B62', 'B217', 'B747', 'B324', 'B726', 'B169', 'B638', 'B147']",9.0,D0,0.0,20,0,20,0.0,,0.0,-12.431041,-12.431041,True,True,1,D0,False,0,0.0392,do_nothing,,,,,,,,,,,,,,,,,,,,,,,,,,,,,,,,,,,,,,,,,,,,,,,,,,,,
45,13,6,2,D0,True,20,0,20,0,0,0,0,0,0,[],0.0,S15,1.31,20,0,20,0.0,,-0.098216,-13.075939,-13.174155,True,True,5,S27,True,1,0.1391,depot_passthrough,,,,,,,,,,,,,,,,,,,,,,,,,,,,,,,,,,,,,,,,,,,,,,,,,,,,
45,13,6,19,S15,False,20,0,20,11,0,0,0,0,0,"['B63', 'B559', 'B391', 'B617', 'B344', 'B114', 'B7', 'B427', 'B121', 'B203', 'B673']",5.5,S44,4.96,9,0,9,0.0,,-0.098918,-13.181423,-13.28034,False,False,18,S27,True,8,0.4118,delivery,,,,,,,,,,,,,,,,,,,,,,,,,,,,,,,,,,,,,,,,,,,,,,,,,,,,
45,13,6,29,S44,False,9,0,9,0,11,0,0,0,0,"['B700', 'B213', 'B177', 'B468', 'B428', 'B413', 'B338', 'B422', 'B182', 'B326', 'B289']",5.5,S54,3.95,20,0,20,0.0,,-0.137464,-13.043617,-13.181081,False,False,12,S54,False,6,0.2936,pickup,,,,,,,,,,,,,,,,,,,,,,,,,,,,,,,,,,,,,,,,,,,,,,,,,,,,
45,13,6,39,S54,False,20,0,20,13,0,0,0,0,0,"['B724', 'B582', 'B698', 'B687', 'B606', 'B539', 'B165', 'B244', 'B444', 'B700', 'B213', 'B177', 'B468']",6.5,S66,5.58,7,0,7,0.0,,-0.019873,-13.035174,-13.055047,False,False,18,S66,False,12,0.4307,delivery,,,,,,,,,,,,,,,,,,,,,,,,,,,,,,,,,,,,,,,,,,,,,,,,,,,,
45,13,6,51,S66,False,7,0,7,0,13,0,0,0,0,"['B321', 'B29', 'B557', 'B386', 'B744', 'B39', 'B743', 'B664', 'B133', 'B164', 'B540', 'B487', 'B475']",6.5,S12,9.61,20,0,20,0.0,,-0.039047,-12.871937,-12.910984,False,False,12,S3,True,8,0.4081,pickup,,,,,,,,,,,,,,,,,,,,,,,,,,,,,,,,,,,,,,,,,,,,,,,,,,,,
45,13,7,7,S12,False,20,0,20,9,0,0,0,0,0,"['B428', 'B413', 'B338', 'B422', 'B182', 'B326', 'B289', 'B321', 'B29']",4.5,S58,6.29,11,0,11,0.0,,-0.05897,-12.914559,-12.97353,True,False,30,S65,True,9,0.9314,delivery,,,,,,,,,,,,,,,,,,,,,,,,,,,,,,,,,,,,,,,,,,,,,,,,,,,,
45,13,7,17,S58,False,11,0,11,11,0,1,1,0,0,"['B524', 'B557', 'B386', 'B744', 'B39', 'B743', 'B664', 'B133', 'B164', 'B540', 'B487', 'B475']",9.0,S59,1.19,0,1,1,0.0,,-0.078892,-12.715101,-12.793994,True,True,48,S62,True,42,0.9454,delivery+maintenance,,,,,,,,,,,,,,,,,,,,,,,,,,,,,,,,,,,,,,,,,,,,,,,,,,,,
45,13,7,28,S59,False,0,1,1,0,19,0,0,0,0,"['B100', 'B196', 'B739', 'B502', 'B130', 'B23', 'B378', 'B369', 'B99', 'B139', 'B393', 'B352', 'B14', 'B642', 'B759', 'B360', 'B91', 'B616', 'B563']",9.5,S41,2.97,19,1,20,0.0,,-0.098067,-12.653622,-12.751688,False,False,12,S65,True,7,0.2954,pickup,,,,,,,,,,,,,,,,,,,,,,,,,,,,,,,,,,,,,,,,,,,,,,,,,,,,
45,13,7,40,S41,False,19,1,20,16,0,1,1,0,0,"['B345', 'B100', 'B196', 'B739', 'B502', 'B130', 'B23', 'B378', 'B369', 'B99', 'B139', 'B393', 'B352', 'B14', 'B642', 'B759', 'B360']",11.5,S62,4.25,3,2,5,0.0,,-0.257755,-12.625044,-12.882799,True,True,60,S65,True,32,1.2423,delivery+maintenance,,,,,,,,,,,,,,,,,,,,,,,,,,,,,,,,,,,,,,,,,,,,,,,,,,,,
45,13,7,56,S62,False,3,2,5,0,15,0,0,0,0,"['B425', 'B92', 'B587', 'B561', 'B713', 'B77', 'B320', 'B76', 'B372', 'B301', 'B480', 'B644', 'B605', 'B753', 'B156']",7.5,S65,5.94,18,2,20,0.0,,-0.216309,-12.58657,-12.802879,False,False,12,S65,False,6,0.2714,pickup,,,,,,,,,,,,,,,,,,,,,,,,,,,,,,,,,,,,,,,,,,,,,,,,,,,,
45,13,8,9,S65,False,18,2,20,12,0,0,0,0,0,"['B91', 'B616', 'B563', 'B425', 'B92', 'B587', 'B561', 'B713', 'B77', 'B320', 'B76', 'B372']",6.0,S4,5.15,6,2,8,0.0,,-0.038998,-12.096669,-12.135667,False,False,18,S2,True,8,0.4064,delivery,,,,,,,,,,,,,,,,,,,,,,,,,,,,,,,,,,,,,,,,,,,,,,,,,,,,
45,13,8,21,S4,False,6,2,8,0,12,0,0,0,0,"['B727', 'B170', 'B2', 'B625', 'B657', 'B367', 'B479', 'B129', 'B569', 'B210', 'B308', 'B520']",6.0,S1,8.34,18,2,20,0.0,,-0.078196,-12.073086,-12.151282,False,False,12,S29,True,10,0.2718,pickup,,,,,,,,,,,,,,,,,,,,,,,,,,,,,,,,,,,,,,,,,,,,,,,,,,,,
45,13,8,35,S1,False,18,2,20,9,0,0,0,0,0,"['B301', 'B480', 'B644', 'B605', 'B753', 'B156', 'B727', 'B170', 'B2']",4.5,S3,3.63,9,2,11,0.0,,-0.039848,-12.054167,-12.094015,False,False,18,S3,False,7,0.4157,delivery,,,,,,,,,,,,,,,,,,,,,,,,,,,,,,,,,,,,,,,,,,,,,,,,,,,,
45,13,8,43,S3,False,9,2,11,9,0,0,0,0,0,"['B625', 'B657', 'B367', 'B479', 'B129', 'B569', 'B210', 'B308', 'B520']",4.5,S55,1.62,0,2,2,0.0,,-0.039697,-12.05997,-12.099668,False,False,12,S11,True,7,0.2861,delivery,,,,,,,,,,,,,,,,,,,,,,,,,,,,,,,,,,,,,,,,,,,,,,,,,,,,
45,13,8,49,S55,False,0,2,2,0,17,0,0,0,0,"['B44', 'B311', 'B225', 'B695', 'B550', 'B103', 'B179', 'B314', 'B732', 'B555', 'B761', 'B232', 'B749', 'B658', 'B530', 'B611', 'B168']",8.5,S29,2.12,17,2,19,0.0,,-0.098417,-12.027632,-12.12605,False,False,18,S29,True,12,0.4229,pickup,,,,,,,,,,,,,,,,,,,,,,,,,,,,,,,,,,,,,,,,,,,,,,,,,,,,
45,13,9,0,S29,False,17,2,19,12,0,0,0,0,0,"['B44', 'B311', 'B225', 'B695', 'B550', 'B103', 'B179', 'B314', 'B732', 'B555', 'B761', 'B232']",6.0,S51,7.57,5,2,7,0.0,,-0.059672,-12.181141,-12.240813,False,False,18,S37,True,7,0.4166,delivery,,,,,,,,,,,,,,,,,,,,,,,,,,,,,,,,,,,,,,,,,,,,,,,,,,,,
45,13,9,13,S51,False,5,2,7,0,9,0,0,0,0,"['B705', 'B622', 'B38', 'B82', 'B260', 'B505', 'B57', 'B154', 'B564']",4.5,S59,5.65,14,2,16,0.0,,-0.039147,-12.129233,-12.16838,False,False,18,S59,False,13,0.4213,pickup,,,,,,,,,,,,,,,,,,,,,,,,,,,,,,,,,,,,,,,,,,,,,,,,,,,,
45,13,9,23,S59,False,14,2,16,14,0,0,0,0,0,"['B749', 'B658', 'B530', 'B611', 'B168', 'B705', 'B622', 'B38', 'B82', 'B260', 'B505', 'B57', 'B154', 'B564']",7.0,S47,3.97,0,2,2,0.0,,0.0,-12.223502,-12.223502,False,False,18,S37,True,14,0.4202,delivery,,,,,,,,,,,,,,,,,,,,,,,,,,,,,,,,,,,,,,,,,,,,,,,,,,,,
45,13,9,34,S47,False,0,2,2,0,15,0,0,0,0,"['B72', 'B40', 'B649', 'B12', 'B600', 'B163', 'B645', 'B237', 'B178', 'B429', 'B53', 'B482', 'B125', 'B522', 'B746']",7.5,S42,12.17,15,2,17,0.0,,0.0,-12.275281,-12.275281,False,False,18,S31,True,8,0.4076,pickup,,,,,,,,,,,,,,,,,,,,,,,,,,,,,,,,,,,,,,,,,,,,,,,,,,,,
45,13,9,54,S42,False,15,2,17,10,0,0,0,0,0,"['B72', 'B40', 'B649', 'B12', 'B600', 'B163', 'B645', 'B237', 'B178', 'B429']",5.0,S11,1.48,5,2,7,0.0,,-0.097568,-12.396326,-12.493894,False,False,18,S66,True,10,0.4953,delivery,,,,,,,,,,,,,,,,,,,,,,,,,,,,,,,,,,,,,,,,,,,,,,,,,,,,
45,13,10,1,S11,False,5,2,7,0,13,0,0,0,0,"['B585', 'B287', 'B172', 'B497', 'B483', 'B398', 'B704', 'B379', 'B750', 'B431', 'B282', 'B112', 'B515']",6.5,S66,10.37,18,2,20,0.0,,-0.039296,-12.073012,-12.112308,False,False,12,S66,False,6,0.3094,pickup,,,,,,,,,,,,,,,,,,,,,,,,,,,,,,,,,,,,,,,,,,,,,,,,,,,,
45,13,10,17,S66,False,18,2,20,12,0,0,0,0,0,"['B53', 'B482', 'B125', 'B522', 'B746', 'B585', 'B287', 'B172', 'B497', 'B483', 'B398', 'B704']",6.0,S44,3.92,6,2,8,0.0,,-0.019723,-12.051161,-12.070884,False,False,18,S44,False,12,0.4298,delivery,,,,,,,,,,,,,,,,,,,,,,,,,,,,,,,,,,,,,,,,,,,,,,,,,,,,
45,13,10,27,S44,False,6,2,8,0,10,0,0,0,0,"['B716', 'B442', 'B70', 'B420', 'B253', 'B132', 'B236', 'B309', 'B55', 'B333']",5.0,S33,1.28,16,2,18,0.0,,-0.097917,-11.989859,-12.087776,False,False,18,S16,True,14,0.4769,pickup,,,,,,,,,,,,,,,,,,,,,,,,,,,,,,,,,,,,,,,,,,,,,,,,,,,,
45,13,10,34,S33,False,16,2,18,8,0,0,0,0,0,"['B379', 'B750', 'B431', 'B282', 'B112', 'B515', 'B716', 'B442']",4.0,S51,4.94,8,2,10,0.0,,-0.039296,-12.027491,-12.066788,False,False,18,S63,True,6,0.4053,delivery,,,,,,,,,,,,,,,,,,,,,,,,,,,,,,,,,,,,,,,,,,,,,,,,,,,,
45,13,10,43,S51,False,8,2,10,0,10,0,0,0,0,"['B394', 'B513', 'B724', 'B298', 'B304', 'B434', 'B682', 'B754', 'B299', 'B740']",5.0,S14,10.95,18,2,20,0.0,,-0.019425,-12.04885,-12.068274,False,False,12,S64,True,8,0.3216,pickup,,,,,,,,,,,,,,,,,,,,,,,,,,,,,,,,,,,,,,,,,,,,,,,,,,,,
45,13,10,59,S14,False,18,2,20,8,0,1,0,0,0,"['B70', 'B420', 'B253', 'B132', 'B236', 'B309', 'B55', 'B333']",7.0,S54,4.84,10,2,12,0.0,,0.0,-11.975641,-11.975641,True,True,36,S63,True,18,0.8432,delivery+onsite,,,,,,,,,,,,,,,,,,,,,,,,,,,,,,,,,,,,,,,,,,,,,,,,,,,,
45,13,11,10,S54,False,10,2,12,0,8,0,0,0,0,"['B213', 'B177', 'B468', 'B17', 'B279', 'B621', 'B134', 'B366']",4.0,S63,3.86,18,2,20,0.0,,-0.139721,-11.985774,-12.125495,False,False,12,S61,True,8,0.3127,pickup,,,,,,,,,,,,,,,,,,,,,,,,,,,,,,,,,,,,,,,,,,,,,,,,,,,,
45,13,11,18,S63,False,18,2,20,0,0,0,0,0,0,[],0.0,S61,3.24,18,2,20,0.0,,-0.019975,-11.974109,-11.994084,False,False,18,S61,True,0,0.4967,do_nothing,,,,,,,,,,,,,,,,,,,,,,,,,,,,,,,,,,,,,,,,,,,,,,,,,,,,
45,13,11,21,S61,False,18,2,20,11,0,0,0,0,0,"['B394', 'B513', 'B724', 'B298', 'B304', 'B434', 'B682', 'B754', 'B299', 'B740', 'B213']",5.5,S49,3.22,7,2,9,0.0,,0.0,-12.008319,-12.008319,False,False,18,S27,True,15,0.4254,delivery,,,,,,,,,,,,,,,,,,,,,,,,,,,,,,,,,,,,,,,,,,,,,,,,,,,,
45,13,11,30,S49,False,7,2,9,0,9,0,0,0,0,"['B697', 'B596', 'B263', 'B242', 'B138', 'B634', 'B1', 'B552', 'B397']",4.5,S22,5.18,16,2,18,0.0,,0.0,-11.963638,-11.963638,False,False,18,S22,False,13,0.456,pickup,,,,,,,,,,,,,,,,,,,,,,,,,,,,,,,,,,,,,,,,,,,,,,,,,,,,
45,13,11,40,S22,False,16,2,18,13,0,0,0,0,0,"['B177', 'B468', 'B17', 'B279', 'B621', 'B134', 'B366', 'B697', 'B596', 'B263', 'B242', 'B138', 'B634']",6.5,S9,14.99,3,2,5,0.0,,0.0,-11.957498,-11.957498,False,False,18,S27,True,15,0.4719,delivery,,,,,,,,,,,,,,,,,,,,,,,,,,,,,,,,,,,,,,,,,,,,,,,,,,,,
45,13,12,1,S9,False,3,2,5,0,5,0,0,0,0,"['B765', 'B401', 'B521', 'B48', 'B361']",2.5,S61,9.96,8,2,10,0.0,,-0.019673,-12.062484,-12.082157,False,False,18,S58,True,12,0.3902,pickup,,,,,,,,,,,,,,,,,,,,,,,,,,,,,,,,,,,,,,,,,,,,,,,,,,,,
45,13,12,14,S61,False,8,2,10,8,0,0,0,0,0,"['B1', 'B552', 'B397', 'B765', 'B401', 'B521', 'B48', 'B361']",4.0,S32,5.42,0,2,2,0.0,,0.0,-12.05786,-12.05786,False,False,12,S58,True,8,0.2799,delivery,,,,,,,,,,,,,,,,,,,,,,,,,,,,,,,,,,,,,,,,,,,,,,,,,,,,
45,13,12,23,S32,False,0,2,2,0,8,0,0,0,0,"['B365', 'B283', 'B58', 'B319', 'B278', 'B459', 'B574', 'B592']",4.0,S56,1.58,8,2,10,0.0,,0.0,-12.136609,-12.136609,False,False,18,S58,True,8,0.3965,pickup,,,,,,,,,,,,,,,,,,,,,,,,,,,,,,,,,,,,,,,,,,,,,,,,,,,,
45,13,12,29,S56,False,8,2,10,0,6,0,0,0,0,"['B495', 'B377', 'B199', 'B449', 'B67', 'B503']",3.0,S63,4.53,14,2,16,0.0,,0.0,-12.14982,-12.14982,False,False,18,S55,True,9,0.3909,pickup,,,,,,,,,,,,,,,,,,,,,,,,,,,,,,,,,,,,,,,,,,,,,,,,,,,,
45,13,12,36,S63,False,14,2,16,11,0,0,0,0,0,"['B365', 'B283', 'B58', 'B319', 'B278', 'B459', 'B574', 'B592', 'B495', 'B377', 'B199']",5.5,S55,3.64,3,2,5,0.0,,-0.038998,-12.186102,-12.2251,False,False,18,S37,True,6,0.5268,delivery,,,,,,,,,,,,,,,,,,,,,,,,,,,,,,,,,,,,,,,,,,,,,,,,,,,,
45,13,12,45,S55,False,3,2,5,0,12,1,0,0,0,"['B647', 'B45', 'B373', 'B216', 'B15', 'B343', 'B231', 'B402', 'B249', 'B78', 'B566', 'B556']",9.0,S61,5.26,15,2,17,0.0,,-0.099368,-12.214812,-12.31418,True,True,36,S14,True,30,0.9133,pickup+onsite,,,,,,,,,,,,,,,,,,,,,,,,,,,,,,,,,,,,,,,,,,,,,,,,,,,,
45,13,13,0,S61,False,15,2,17,9,0,0,0,0,0,"['B449', 'B67', 'B503', 'B647', 'B45', 'B373', 'B216', 'B15', 'B343']",4.5,S40,2.69,6,2,8,0.0,,-0.05877,-12.36509,-12.42386,False,False,18,S51,True,7,0.5613,delivery,,,,,,,,,,,,,,,,,,,,,,,,,,,,,,,,,,,,,,,,,,,,,,,,,,,,
45,13,13,7,S40,False,6,2,8,0,11,1,0,0,0,"['B24', 'B66', 'B240', 'B421', 'B43', 'B523', 'B385', 'B571', 'B662', 'B329', 'B698']",8.5,S27,2.68,17,2,19,0.0,,-0.058871,-12.508524,-12.567395,True,True,36,S27,True,21,1.1282,pickup+onsite,,,,,,,,,,,,,,,,,,,,,,,,,,,,,,,,,,,,,,,,,,,,,,,,,,,,
45,13,13,18,S27,False,17,2,19,10,0,0,0,0,0,"['B231', 'B402', 'B249', 'B78', 'B566', 'B556', 'B24', 'B66', 'B240', 'B421']",5.0,S16,4.73,7,2,9,0.0,,-0.059021,-12.393845,-12.452866,False,False,18,S57,True,9,0.5985,delivery,,,,,,,,,,,,,,,,,,,,,,,,,,,,,,,,,,,,,,,,,,,,,,,,,,,,
45,13,13,28,S16,False,7,2,9,7,0,0,1,0,0,"['B351', 'B43', 'B523', 'B385', 'B571', 'B662', 'B329', 'B698']",4.0,S53,1.73,0,3,3,0.0,,-0.295252,-12.414828,-12.71008,True,True,24,S66,True,20,0.7111,delivery+depot_removal,,,,,,,,,,,,,,,,,,,,,,,,,,,,,,,,,,,,,,,,,,,,,,,,,,,,
45,13,13,34,S53,False,0,3,3,0,11,0,1,0,0,"['B471', 'B490', 'B268', 'B595', 'B346', 'B733', 'B315', 'B200', 'B681', 'B741', 'B533', 'B568']",6.0,S57,4.73,11,4,15,0.0,,-0.217259,-12.222228,-12.439487,True,True,36,S66,True,30,1.0889,pickup+depot_removal,,,,,,,,,,,,,,,,,,,,,,,,,,,,,,,,,,,,,,,,,,,,,,,,,,,,
45,13,13,44,S57,False,11,4,15,11,0,0,1,0,0,"['B469', 'B471', 'B490', 'B268', 'B595', 'B346', 'B733', 'B315', 'B200', 'B681', 'B741', 'B533']",6.0,S66,8.16,0,5,5,0.0,,-0.336048,-12.287976,-12.624024,True,True,24,S66,False,18,0.5918,delivery+depot_removal,,,,,,,,,,,,,,,,,,,,,,,,,,,,,,,,,,,,,,,,,,,,,,,,,,,,
45,13,13,58,S66,False,0,5,5,0,14,0,0,0,0,"['B746', 'B585', 'B287', 'B172', 'B497', 'B483', 'B398', 'B704', 'B337', 'B51', 'B111', 'B410', 'B104', 'B675']",7.0,S30,1.88,14,5,19,0.0,,-0.118492,-12.329074,-12.447566,False,False,18,S30,False,12,0.5758,pickup,,,,,,,,,,,,,,,,,,,,,,,,,,,,,,,,,,,,,,,,,,,,,,,,,,,,
45,13,14,7,S30,False,14,5,19,5,0,0,0,0,0,"['B746', 'B585', 'B287', 'B172', 'B497']",2.5,S61,2.92,9,5,14,0.0,,-0.019975,-12.247163,-12.267137,False,False,18,S14,True,16,0.5044,delivery,,,,,,,,,,,,,,,,,,,,,,,,,,,,,,,,,,,,,,,,,,,,,,,,,,,,
45,13,14,13,S61,False,9,5,14,0,6,0,0,0,0,"['B216', 'B15', 'B343', 'B191', 'B541', 'B6']",3.0,S14,8.39,15,5,20,0.0,,-0.019425,-12.222472,-12.241897,False,False,12,S14,False,8,0.3122,pickup,,,,,,,,,,,,,,,,,,,,,,,,,,,,,,,,,,,,,,,,,,,,,,,,,,,,
45,13,14,24,S14,False,15,5,20,8,0,0,0,0,0,"['B483', 'B398', 'B704', 'B337', 'B51', 'B111', 'B410', 'B104']",4.0,S55,5.47,7,5,12,0.0,,-0.039398,-12.149413,-12.188811,False,False,18,S26,True,6,0.4775,delivery,,,,,,,,,,,,,,,,,,,,,,,,,,,,,,,,,,,,,,,,,,,,,,,,,,,,
45,13,14,34,S55,False,7,5,12,0,8,0,0,0,0,"['B63', 'B16', 'B559', 'B551', 'B740', 'B474', 'B12', 'B297']",4.0,S26,6.67,15,5,20,0.0,,-0.078344,-12.222789,-12.301133,False,False,12,S66,True,7,0.3348,pickup,,,,,,,,,,,,,,,,,,,,,,,,,,,,,,,,,,,,,,,,,,,,,,,,,,,,
45,13,14,44,S26,False,15,5,20,15,0,0,0,0,0,"['B675', 'B216', 'B15', 'B343', 'B191', 'B541', 'B6', 'B63', 'B16', 'B559', 'B551', 'B740', 'B474', 'B12', 'B297']",7.5,S63,7.98,0,5,5,0.0,,-0.098367,-12.272531,-12.370899,False,False,12,S17,True,7,0.3665,delivery,,,,,,,,,,,,,,,,,,,,,,,,,,,,,,,,,,,,,,,,,,,,,,,,,,,,
45,13,15,0,S63,False,0,5,5,0,7,0,0,0,0,"['B319', 'B278', 'B459', 'B574', 'B592', 'B495', 'B377']",3.5,S51,3.43,7,5,12,0.0,,-0.039395,-12.137556,-12.176951,False,False,18,S36,True,7,0.4828,pickup,,,,,,,,,,,,,,,,,,,,,,,,,,,,,,,,,,,,,,,,,,,,,,,,,,,,
45,13,15,7,S51,False,7,5,12,7,0,0,1,0,0,"['B454', 'B319', 'B278', 'B459', 'B574', 'B592', 'B495', 'B377']",4.0,S61,6.56,0,6,6,0.0,,-0.118191,-12.068885,-12.187077,True,True,24,S36,True,19,0.556,delivery+depot_removal,,,,,,,,,,,,,,,,,,,,,,,,,,,,,,,,,,,,,,,,,,,,,,,,,,,,
45,13,15,17,S61,False,0,6,6,0,9,0,0,0,0,"['B168', 'B143', 'B201', 'B705', 'B510', 'B264', 'B537', 'B634', 'B690']",4.5,S47,3.69,9,6,15,0.0,,-0.059119,-12.140299,-12.199419,False,False,18,S36,True,14,0.4558,pickup,,,,,,,,,,,,,,,,,,,,,,,,,,,,,,,,,,,,,,,,,,,,,,,,,,,,
45,13,15,25,S47,False,9,6,15,0,5,1,0,0,0,"['B355', 'B354', 'B728', 'B98', 'B336']",5.5,S66,2.81,14,6,20,0.0,,-0.019425,-12.024741,-12.044166,True,True,24,S33,True,22,0.5426,pickup+onsite,,,,,,,,,,,,,,,,,,,,,,,,,,,,,,,,,,,,,,,,,,,,,,,,,,,,
45,13,15,34,S66,False,14,6,20,7,0,0,0,0,0,"['B168', 'B143', 'B201', 'B705', 'B510', 'B264', 'B537']",3.5,S33,3.23,7,6,13,0.0,,0.0,-12.206178,-12.206178,False,False,18,S33,False,13,0.405,delivery,,,,,,,,,,,,,,,,,,,,,,,,,,,,,,,,,,,,,,,,,,,,,,,,,,,,
45,13,15,40,S33,False,7,6,13,7,0,0,0,0,0,"['B634', 'B690', 'B355', 'B354', 'B728', 'B98', 'B336']",3.5,S37,1.91,0,6,6,0.0,,-0.019474,-11.982294,-12.001768,False,False,12,S36,True,8,0.2876,delivery,,,,,,,,,,,,,,,,,,,,,,,,,,,,,,,,,,,,,,,,,,,,,,,,,,,,
45,13,15,46,S37,False,0,6,6,0,8,0,0,0,0,"['B360', 'B640', 'B149', 'B90', 'B760', 'B11', 'B580', 'B161']",4.0,S52,1.18,8,6,14,0.0,,-0.078746,-12.116422,-12.195167,False,False,18,S36,True,7,0.4595,pickup,,,,,,,,,,,,,,,,,,,,,,,,,,,,,,,,,,,,,,,,,,,,,,,,,,,,
45,13,15,51,S52,False,8,6,14,8,0,0,0,0,0,"['B360', 'B640', 'B149', 'B90', 'B760', 'B11', 'B580', 'B161']",4.0,S59,2.59,0,6,6,0.0,,-0.019523,-12.063342,-12.082865,False,False,12,S36,True,9,0.3207,delivery,,,,,,,,,,,,,,,,,,,,,,,,,,,,,,,,,,,,,,,,,,,,,,,,,,,,
45,13,15,58,S59,False,0,6,6,0,8,0,1,0,0,"['B154', 'B564', 'B755', 'B752', 'B613', 'B428', 'B165', 'B700', 'B750']",4.5,S36,6.14,8,7,15,0.0,,-0.039047,-12.175371,-12.214418,True,True,36,S36,False,18,1.0295,pickup+depot_removal,,,,,,,,,,,,,,,,,,,,,,,,,,,,,,,,,,,,,,,,,,,,,,,,,,,,
45,13,16,8,S36,False,8,7,15,0,5,0,0,0,0,"['B22', 'B549', 'B21', 'B370', 'B627']",2.5,S5,16.32,13,7,20,0.0,,0.0,-12.289153,-12.289153,False,False,12,S5,False,7,0.3153,pickup,,,,,,,,,,,,,,,,,,,,,,,,,,,,,,,,,,,,,,,,,,,,,,,,,,,,
45,13,16,27,S5,False,13,7,20,13,0,0,0,0,0,"['B154', 'B564', 'B755', 'B752', 'B613', 'B428', 'B165', 'B700', 'B22', 'B549', 'B21', 'B370', 'B627']",6.5,S41,7.89,0,7,7,0.0,,-0.039399,-12.237111,-12.27651,False,False,18,S15,True,15,0.4601,delivery,,,,,,,,,,,,,,,,,,,,,,,,,,,,,,,,,,,,,,,,,,,,,,,,,,,,
45,13,16,42,S41,False,0,7,7,0,10,0,1,0,0,"['B167', 'B719', 'B429', 'B575', 'B231', 'B194', 'B368', 'B279', 'B323', 'B617', 'B389']",5.5,S14,9.93,10,8,18,0.0,,-0.118492,-12.222254,-12.340746,True,True,36,S60,True,32,0.8566,pickup+depot_removal,,,,,,,,,,,,,,,,,,,,,,,,,,,,,,,,,,,,,,,,,,,,,,,,,,,,
45,13,16,57,S14,False,10,8,18,9,0,0,0,0,0,"['B167', 'B719', 'B429', 'B575', 'B231', 'B194', 'B368', 'B279', 'B323']",4.5,S1,3.53,1,8,9,0.0,,-0.039747,-12.18906,-12.228807,False,False,18,S15,True,10,0.4074,delivery,,,,,,,,,,,,,,,,,,,,,,,,,,,,,,,,,,,,,,,,,,,,,,,,,,,,
45,13,17,5,S1,False,1,8,9,0,0,0,0,0,0,[],0.0,S20,14.45,1,8,9,0.0,,-0.059369,-12.15449,-12.21386,False,False,12,S11,True,1,0.3245,do_nothing,,,,,,,,,,,,,,,,,,,,,,,,,,,,,,,,,,,,,,,,,,,,,,,,,,,,
45,13,17,19,S20,False,1,8,9,0,11,0,0,0,0,"['B643', 'B661', 'B677', 'B614', 'B150', 'B731', 'B42', 'B694', 'B204', 'B536', 'B646']",5.5,S56,13.8,12,8,20,0.0,,-0.097568,-12.284401,-12.38197,False,False,12,S11,True,8,0.2961,pickup,,,,,,,,,,,,,,,,,,,,,,,,,,,,,,,,,,,,,,,,,,,,,,,,,,,,
45,13,17,39,S56,False,12,8,20,9,0,0,0,0,0,"['B617', 'B643', 'B661', 'B677', 'B614', 'B150', 'B731', 'B42', 'B694']",4.5,S39,9.56,3,8,11,0.0,,-0.039398,-12.343439,-12.382837,False,False,18,S11,True,10,0.5147,delivery,,,,,,,,,,,,,,,,,,,,,,,,,,,,,,,,,,,,,,,,,,,,,,,,,,,,
45,13,17,53,S39,False,3,8,11,3,0,1,0,0,0,"['B204', 'B536', 'B646']",4.5,S53,6.57,0,8,8,0.0,,-0.138012,-12.379809,-12.517822,True,True,24,S53,False,18,0.6221,delivery+onsite,,,,,,,,,,,,,,,,,,,,,,,,,,,,,,,,,,,,,,,,,,,,,,,,,,,,
45,13,18,4,S53,False,0,8,8,0,12,0,0,0,0,"['B250', 'B115', 'B80', 'B606', 'B420', 'B378', 'B286', 'B272', 'B245', 'B531', 'B220', 'B692']",6.0,S15,4.77,12,8,20,0.0,,-0.27583,-12.651363,-12.927193,False,False,12,S27,True,7,0.2947,pickup,,,,,,,,,,,,,,,,,,,,,,,,,,,,,,,,,,,,,,,,,,,,,,,,,,,,
45,13,18,15,S15,False,12,8,20,12,0,0,0,0,0,"['B250', 'B115', 'B80', 'B606', 'B420', 'B378', 'B286', 'B272', 'B245', 'B531', 'B220', 'B692']",6.0,S61,3.33,0,8,8,0.0,,-0.138617,-12.498942,-12.637559,False,False,12,S27,True,6,0.3039,delivery,,,,,,,,,,,,,,,,,,,,,,,,,,,,,,,,,,,,,,,,,,,,,,,,,,,,
45,13,18,24,S61,False,0,8,8,0,10,0,0,0,0,"['B244', 'B649', 'B84', 'B41', 'B493', 'B478', 'B346', 'B653', 'B101', 'B641']",5.0,S27,2.28,10,8,18,0.0,,0.0,-12.587867,-12.587867,False,False,18,S27,False,12,0.4291,pickup,,,,,,,,,,,,,,,,,,,,,,,,,,,,,,,,,,,,,,,,,,,,,,,,,,,,
45,13,18,31,S27,False,10,8,18,10,0,0,0,0,0,"['B244', 'B649', 'B84', 'B41', 'B493', 'B478', 'B346', 'B653', 'B101', 'B641']",5.0,S30,3.18,0,8,8,0.0,,-0.098366,-12.438718,-12.537084,False,False,12,S30,False,7,0.2963,delivery,,,,,,,,,,,,,,,,,,,,,,,,,,,,,,,,,,,,,,,,,,,,,,,,,,,,
45,13,18,39,S30,False,0,8,8,0,10,0,0,0,0,"['B172', 'B497', 'B112', 'B461', 'B5', 'B23', 'B427', 'B384', 'B192', 'B385']",5.0,S55,7.99,10,8,18,0.0,,0.0,-12.293421,-12.293421,False,False,18,S43,True,15,0.4023,pickup,,,,,,,,,,,,,,,,,,,,,,,,,,,,,,,,,,,,,,,,,,,,,,,,,,,,
45,13,18,52,S55,False,10,8,18,10,0,0,0,0,0,"['B172', 'B497', 'B112', 'B461', 'B5', 'B23', 'B427', 'B384', 'B192', 'B385']",5.0,S43,4.24,0,8,8,0.0,,-0.09867,-12.236431,-12.335101,False,False,12,S54,True,6,0.3174,delivery,,,,,,,,,,,,,,,,,,,,,,,,,,,,,,,,,,,,,,,,,,,,,,,,,,,,
45,13,19,2,S43,False,0,8,8,0,11,0,1,0,0,"['B765', 'B361', 'B139', 'B349', 'B239', 'B529', 'B594', 'B186', 'B174', 'B197', 'B746', 'B631']",6.0,S54,4.49,11,9,20,0.0,,0.0,-12.500478,-12.500478,True,True,30,S54,False,24,0.8212,pickup+depot_removal,,,,,,,,,,,,,,,,,,,,,,,,,,,,,,,,,,,,,,,,,,,,,,,,,,,,
45,13,19,12,S54,False,11,9,20,11,0,0,0,0,0,"['B765', 'B361', 'B139', 'B349', 'B239', 'B529', 'B594', 'B186', 'B174', 'B197', 'B746']",5.5,S36,4.67,0,9,9,0.0,,0.0,-12.515986,-12.515986,False,False,12,S66,True,8,0.275,delivery,,,,,,,,,,,,,,,,,,,,,,,,,,,,,,,,,,,,,,,,,,,,,,,,,,,,
45,13,19,22,S36,False,0,9,9,0,11,0,0,0,0,"['B660', 'B667', 'B340', 'B637', 'B330', 'B215', 'B601', 'B285', 'B625', 'B658', 'B657']",5.5,S12,3.39,11,9,20,0.0,,0.0,-12.418529,-12.418529,False,False,12,S12,False,6,0.373,pickup,,,,,,,,,,,,,,,,,,,,,,,,,,,,,,,,,,,,,,,,,,,,,,,,,,,,
45,13,19,31,S12,False,11,9,20,11,0,0,1,0,0,"['B395', 'B660', 'B667', 'B340', 'B637', 'B330', 'B215', 'B601', 'B285', 'B625', 'B658', 'B657']",6.0,S66,9.61,0,10,10,0.0,,-0.059271,-12.400365,-12.459636,True,True,25,S47,True,21,0.5765,delivery+depot_removal,,,,,,,,,,,,,,,,,,,,,,,,,,,,,,,,,,,,,,,,,,,,,,,,,,,,
45,13,19,47,S66,False,0,10,10,0,9,0,0,0,0,"['B537', 'B27', 'B413', 'B125', 'B342', 'B578', 'B283', 'B438', 'B709']",4.5,D0,1.4,9,10,19,0.0,,0.0,-12.624852,-12.624852,False,False,3,D0,False,2,0.102,pickup,,,,,,,,,,,,,,,,,,,,,,,,,,,,,,,,,,,,,,,,,,,,,,,,,,,,
45,13,19,53,D0,True,9,10,19,0,0,0,0,10,4,"['B262', 'B136', 'B762', 'B188', 'B524', 'B345', 'B351', 'B568', 'B469', 'B454', 'B750', 'B389', 'B631', 'B395']",7.0,D0,0.0,13,0,13,0.0,,0.0,-12.64982,-12.64982,True,True,1,D0,False,0,0.0404,do_nothing,,,,,,,,,,,,,,,,,,,,,,,,,,,,,,,,,,,,,,,,,,,,,,,,,,,,
45,14,6,0,D0,True,13,0,13,0,0,0,0,0,7,"['B350', 'B62', 'B217', 'B747', 'B324', 'B726', 'B169']",3.5,S51,3.91,20,0,20,0.0,,-1.634954,-13.577022,-15.211977,True,True,5,S51,False,2,0.1508,load_queue,,,,,,,,,,,,,,,,,,,,,,,,,,,,,,,,,,,,,,,,,,,,,,,,,,,,
45,14,6,22,S51,False,20,0,20,17,0,0,0,0,0,"['B537', 'B27', 'B413', 'B125', 'B342', 'B578', 'B283', 'B438', 'B709', 'B262', 'B136', 'B762', 'B188', 'B350', 'B62', 'B217', 'B747']",8.5,S37,4.67,3,0,3,0.0,,-1.641,-13.638423,-15.279423,False,False,18,S22,True,6,0.5419,delivery,,,,,,,,,,,,,,,,,,,,,,,,,,,,,,,,,,,,,,,,,,,,,,,,,,,,
45,14,6,35,S37,False,3,0,3,0,17,0,0,0,0,"['B77', 'B414', 'B130', 'B675', 'B79', 'B645', 'B733', 'B56', 'B446', 'B88', 'B666', 'B450', 'B399', 'B441', 'B289', 'B743', 'B280']",8.5,S27,4.19,20,0,20,0.0,,-0.929449,-13.555527,-14.484976,False,False,12,S22,True,6,0.3574,pickup,,,,,,,,,,,,,,,,,,,,,,,,,,,,,,,,,,,,,,,,,,,,,,,,,,,,
45,14,6,48,S27,False,20,0,20,18,0,0,0,0,0,"['B324', 'B726', 'B169', 'B77', 'B414', 'B130', 'B675', 'B79', 'B645', 'B733', 'B56', 'B446', 'B88', 'B666', 'B450', 'B399', 'B441', 'B289']",9.0,S44,4.5,2,0,2,0.0,,-1.046749,-13.48262,-14.529368,False,False,18,S44,False,6,0.521,delivery,,,,,,,,,,,,,,,,,,,,,,,,,,,,,,,,,,,,,,,,,,,,,,,,,,,,
45,14,7,1,S44,False,2,0,2,0,10,0,0,0,0,"['B718', 'B477', 'B496', 'B468', 'B163', 'B36', 'B202', 'B66', 'B240', 'B505']",5.0,S65,6.93,12,0,12,0.0,,-0.532632,-13.512631,-14.045263,False,False,18,S39,True,15,0.6081,pickup,,,,,,,,,,,,,,,,,,,,,,,,,,,,,,,,,,,,,,,,,,,,,,,,,,,,
45,14,7,13,S65,False,12,0,12,12,0,0,1,0,0,"['B499', 'B743', 'B280', 'B718', 'B477', 'B496', 'B468', 'B163', 'B36', 'B202', 'B66', 'B240', 'B505']",6.5,S35,10.81,0,1,1,0.0,,-0.809309,-13.465194,-14.274503,True,True,24,S45,True,20,0.6424,delivery+depot_removal,,,,,,,,,,,,,,,,,,,,,,,,,,,,,,,,,,,,,,,,,,,,,,,,,,,,
45,14,7,31,S35,False,0,1,1,0,13,1,1,0,0,"['B344', 'B320', 'B303', 'B104', 'B650', 'B504', 'B8', 'B197', 'B426', 'B604', 'B175', 'B678', 'B653', 'B276']",10.0,S7,14.2,13,2,15,0.0,,-0.33565,-13.461049,-13.7967,True,True,72,S39,True,45,1.6821,pickup+maintenance,,,,,,,,,,,,,,,,,,,,,,,,,,,,,,,,,,,,,,,,,,,,,,,,,,,,
45,14,7,55,S7,False,13,2,15,13,0,0,0,0,0,"['B344', 'B320', 'B303', 'B104', 'B650', 'B504', 'B8', 'B197', 'B426', 'B604', 'B175', 'B678', 'B653']",6.5,S39,7.46,0,2,2,0.0,,-0.431267,-13.21125,-13.642516,False,False,12,S45,True,6,0.3043,delivery,,,,,,,,,,,,,,,,,,,,,,,,,,,,,,,,,,,,,,,,,,,,,,,,,,,,
45,14,8,9,S39,False,0,2,2,0,16,0,0,0,0,"['B607', 'B513', 'B204', 'B536', 'B646', 'B731', 'B42', 'B694', 'B599', 'B761', 'B100', 'B575', 'B231', 'B20', 'B222', 'B244']",8.0,S22,5.77,16,2,18,0.0,,-0.098519,-12.877019,-12.975538,False,False,18,S59,True,10,0.448,pickup,,,,,,,,,,,,,,,,,,,,,,,,,,,,,,,,,,,,,,,,,,,,,,,,,,,,
45,14,8,23,S22,False,16,2,18,12,0,0,0,0,0,"['B607', 'B513', 'B204', 'B536', 'B646', 'B731', 'B42', 'B694', 'B599', 'B761', 'B100', 'B575']",6.0,S52,7.49,4,2,6,0.0,,-0.472218,-12.852374,-13.324592,False,False,18,S24,True,10,0.4394,delivery,,,,,,,,,,,,,,,,,,,,,,,,,,,,,,,,,,,,,,,,,,,,,,,,,,,,
45,14,8,36,S52,False,4,2,6,0,11,0,0,0,0,"['B334', 'B201', 'B445', 'B287', 'B685', 'B614', 'B69', 'B606', 'B636', 'B314', 'B26']",5.5,S12,6.66,15,2,17,0.0,,-0.769813,-12.807338,-13.577151,False,False,18,S12,False,13,0.5098,pickup,,,,,,,,,,,,,,,,,,,,,,,,,,,,,,,,,,,,,,,,,,,,,,,,,,,,
45,14,8,48,S12,False,15,2,17,15,0,0,0,0,0,"['B231', 'B20', 'B222', 'B244', 'B334', 'B201', 'B445', 'B287', 'B685', 'B614', 'B69', 'B606', 'B636', 'B314', 'B26']",7.5,S53,5.94,0,2,2,0.0,,-0.668144,-12.802638,-13.470782,False,False,18,S9,True,12,0.5158,delivery,,,,,,,,,,,,,,,,,,,,,,,,,,,,,,,,,,,,,,,,,,,,,,,,,,,,
45,14,9,2,S53,False,0,2,2,0,17,0,0,0,0,"['B67', 'B514', 'B612', 'B106', 'B543', 'B402', 'B730', 'B338', 'B716', 'B662', 'B198', 'B538', 'B417', 'B333', 'B236', 'B409', 'B465']",8.5,S61,3.81,17,2,19,0.0,,-0.137716,-12.821773,-12.959488,False,False,18,S1,True,14,0.4866,pickup,,,,,,,,,,,,,,,,,,,,,,,,,,,,,,,,,,,,,,,,,,,,,,,,,,,,
45,14,9,14,S61,False,17,2,19,9,0,0,0,0,0,"['B67', 'B514', 'B612', 'B106', 'B543', 'B402', 'B730', 'B338', 'B716']",4.5,S66,1.13,8,2,10,0.0,,-0.532741,-12.844374,-13.377114,False,False,18,S66,False,7,0.4049,delivery,,,,,,,,,,,,,,,,,,,,,,,,,,,,,,,,,,,,,,,,,,,,,,,,,,,,
45,14,9,20,S66,False,8,2,10,8,0,0,0,0,0,"['B662', 'B198', 'B538', 'B417', 'B333', 'B236', 'B409', 'B465']",4.0,S60,1.23,0,2,2,0.0,,-0.256601,-12.827889,-13.08449,False,False,12,S63,True,7,0.2906,delivery,,,,,,,,,,,,,,,,,,,,,,,,,,,,,,,,,,,,,,,,,,,,,,,,,,,,
45,14,9,25,S60,False,0,2,2,0,13,0,0,0,0,"['B81', 'B458', 'B703', 'B430', 'B138', 'B302', 'B218', 'B380', 'B676', 'B517', 'B238', 'B249', 'B491']",6.5,S26,6.85,13,2,15,0.0,,-0.412394,-12.770572,-13.182966,False,False,18,S58,True,7,0.4684,pickup,,,,,,,,,,,,,,,,,,,,,,,,,,,,,,,,,,,,,,,,,,,,,,,,,,,,
45,14,9,38,S26,False,13,2,15,13,0,0,0,0,0,"['B81', 'B458', 'B703', 'B430', 'B138', 'B302', 'B218', 'B380', 'B676', 'B517', 'B238', 'B249', 'B491']",6.5,S63,7.98,0,2,2,0.0,,-0.315274,-12.839835,-13.155109,False,False,12,S63,False,9,0.3159,delivery,,,,,,,,,,,,,,,,,,,,,,,,,,,,,,,,,,,,,,,,,,,,,,,,,,,,
45,14,9,53,S63,False,0,2,2,0,14,0,0,0,0,"['B40', 'B235', 'B463', 'B322', 'B434', 'B565', 'B337', 'B55', 'B742', 'B729', 'B597', 'B657', 'B460', 'B84']",7.0,S31,4.21,14,2,16,0.0,,-0.315678,-12.861074,-13.176752,False,False,18,S31,False,6,0.5036,pickup,,,,,,,,,,,,,,,,,,,,,,,,,,,,,,,,,,,,,,,,,,,,,,,,,,,,
45,14,10,4,S31,False,14,2,16,0,0,0,1,0,0,['B347'],0.5,S61,1.01,14,3,17,0.0,,-0.395118,-13.284843,-13.679962,True,True,24,S52,True,6,0.65,do_nothing+depot_removal,,,,,,,,,,,,,,,,,,,,,,,,,,,,,,,,,,,,,,,,,,,,,,,,,,,,
45,14,10,5,S61,False,14,3,17,9,0,0,0,0,0,"['B40', 'B235', 'B463', 'B322', 'B434', 'B565', 'B337', 'B55', 'B742']",4.5,S31,1.01,5,3,8,0.0,,-0.256903,-13.136922,-13.393825,False,False,18,S31,False,6,0.4498,delivery,,,,,,,,,,,,,,,,,,,,,,,,,,,,,,,,,,,,,,,,,,,,,,,,,,,,
45,14,10,11,S31,False,5,3,8,0,0,0,0,0,0,[],0.0,S51,7.45,5,3,8,0.0,,-0.49429,-13.310159,-13.80445,False,False,12,S1,True,2,0.284,do_nothing,,,,,,,,,,,,,,,,,,,,,,,,,,,,,,,,,,,,,,,,,,,,,,,,,,,,
45,14,10,18,S51,False,5,3,8,5,0,0,0,0,0,"['B729', 'B597', 'B657', 'B460', 'B84']",2.5,S58,4.51,0,3,3,0.0,,-0.412392,-13.296478,-13.70887,False,False,12,S58,False,10,0.3185,delivery,,,,,,,,,,,,,,,,,,,,,,,,,,,,,,,,,,,,,,,,,,,,,,,,,,,,
45,14,10,25,S58,False,0,3,3,0,17,0,0,0,0,"['B105', 'B570', 'B182', 'B547', 'B561', 'B18', 'B530', 'B310', 'B120', 'B616', 'B442', 'B515', 'B557', 'B221', 'B461', 'B664', 'B75']",8.5,S29,6.9,17,3,20,0.0,,-0.293606,-13.202172,-13.495778,True,False,30,S29,True,24,0.8516,pickup,,,,,,,,,,,,,,,,,,,,,,,,,,,,,,,,,,,,,,,,,,,,,,,,,,,,
45,14,10,41,S29,False,17,3,20,17,0,1,0,0,0,"['B105', 'B570', 'B182', 'B547', 'B561', 'B18', 'B530', 'B310', 'B120', 'B616', 'B442', 'B515', 'B557', 'B221', 'B461', 'B664', 'B75']",11.5,S62,3.79,0,3,3,0.0,,-0.591659,-13.410321,-14.00198,True,True,24,S1,True,19,0.6362,delivery+onsite,,,,,,,,,,,,,,,,,,,,,,,,,,,,,,,,,,,,,,,,,,,,,,,,,,,,
45,14,10,56,S62,False,0,3,3,0,16,0,1,0,0,"['B74', 'B423', 'B361', 'B38', 'B453', 'B278', 'B490', 'B702', 'B722', 'B14', 'B365', 'B531', 'B186', 'B405', 'B72', 'B495', 'B377']",8.5,S31,2.98,16,4,20,0.0,,-0.393221,-13.644721,-14.037942,True,True,30,S43,True,21,0.7576,pickup+depot_removal,,,,,,,,,,,,,,,,,,,,,,,,,,,,,,,,,,,,,,,,,,,,,,,,,,,,
45,14,11,8,S31,False,16,4,20,16,0,0,0,0,0,"['B74', 'B423', 'B361', 'B38', 'B453', 'B278', 'B490', 'B702', 'B722', 'B14', 'B365', 'B531', 'B186', 'B405', 'B72', 'B495']",8.0,S59,2.6,0,4,4,0.0,,-0.709248,-13.475249,-14.184496,False,False,12,S33,True,7,0.3296,delivery,,,,,,,,,,,,,,,,,,,,,,,,,,,,,,,,,,,,,,,,,,,,,,,,,,,,
45,14,11,18,S59,False,0,4,4,0,16,0,0,0,0,"['B146', 'B483', 'B291', 'B433', 'B398', 'B261', 'B265', 'B748', 'B229', 'B656', 'B510', 'B665', 'B209', 'B24', 'B269', 'B706']",8.0,S34,6.35,16,4,20,0.0,,-0.589753,-13.523437,-14.11319,False,False,12,S34,False,6,0.3176,pickup,,,,,,,,,,,,,,,,,,,,,,,,,,,,,,,,,,,,,,,,,,,,,,,,,,,,
45,14,11,32,S34,False,16,4,20,16,0,0,0,0,0,"['B146', 'B483', 'B291', 'B433', 'B398', 'B261', 'B265', 'B748', 'B229', 'B656', 'B510', 'B665', 'B209', 'B24', 'B269', 'B706']",8.0,S45,4.1,0,4,4,0.0,,-0.6702,-13.625163,-14.295364,False,False,18,S50,True,10,0.4869,delivery,,,,,,,,,,,,,,,,,,,,,,,,,,,,,,,,,,,,,,,,,,,,,,,,,,,,
45,14,11,45,S45,False,0,4,4,0,0,0,1,0,0,['B258'],0.5,S48,4.58,0,5,5,0.0,,-0.786989,-13.570686,-14.357675,True,True,36,S33,True,9,0.884,do_nothing+depot_removal,,,,,,,,,,,,,,,,,,,,,,,,,,,,,,,,,,,,,,,,,,,,,,,,,,,,
45,14,11,50,S48,False,0,5,5,0,10,0,0,0,0,"['B83', 'B111', 'B494', 'B691', 'B497', 'B282', 'B27', 'B171', 'B295', 'B275']",5.0,S50,8.86,10,5,15,0.0,,-0.415294,-13.602458,-14.017751,True,False,36,S33,True,25,0.8806,pickup,,,,,,,,,,,,,,,,,,,,,,,,,,,,,,,,,,,,,,,,,,,,,,,,,,,,
45,14,12,4,S50,False,10,5,15,10,0,0,1,0,0,"['B647', 'B83', 'B111', 'B494', 'B691', 'B497', 'B282', 'B27', 'B171', 'B295', 'B275']",5.5,S33,5.56,0,6,6,0.0,,-0.787586,-13.625883,-14.413469,True,True,24,S40,True,20,0.575,delivery+depot_removal,,,,,,,,,,,,,,,,,,,,,,,,,,,,,,,,,,,,,,,,,,,,,,,,,,,,
45,14,12,15,S33,False,0,6,6,0,11,0,0,0,0,"['B312', 'B611', 'B724', 'B634', 'B357', 'B70', 'B332', 'B318', 'B493', 'B80', 'B464']",5.5,S4,2.03,11,6,17,0.0,,-0.650126,-13.686274,-14.3364,False,False,18,S4,False,12,0.5341,pickup,,,,,,,,,,,,,,,,,,,,,,,,,,,,,,,,,,,,,,,,,,,,,,,,,,,,
45,14,12,22,S4,False,11,6,17,11,0,0,1,0,0,"['B695', 'B312', 'B611', 'B724', 'B634', 'B357', 'B70', 'B332', 'B318', 'B493', 'B80', 'B464']",6.0,S42,9.3,0,7,7,0.0,,-0.629456,-13.408104,-14.03756,True,True,24,S42,False,20,0.6867,delivery+depot_removal,,,,,,,,,,,,,,,,,,,,,,,,,,,,,,,,,,,,,,,,,,,,,,,,,,,,
45,14,12,37,S42,False,0,7,7,0,11,0,0,0,0,"['B518', 'B486', 'B660', 'B177', 'B355', 'B253', 'B521', 'B462', 'B427', 'B384', 'B655']",5.5,S11,1.48,11,7,18,0.0,,-0.64993,-13.691441,-14.341371,False,False,18,S37,True,12,0.4455,pickup,,,,,,,,,,,,,,,,,,,,,,,,,,,,,,,,,,,,,,,,,,,,,,,,,,,,
45,14,12,44,S11,False,11,7,18,11,0,0,0,0,0,"['B518', 'B486', 'B660', 'B177', 'B355', 'B253', 'B521', 'B462', 'B427', 'B384', 'B655']",5.5,S40,7.32,0,7,7,0.0,,-0.431414,-13.430182,-13.861596,False,False,12,S14,True,9,0.2938,delivery,,,,,,,,,,,,,,,,,,,,,,,,,,,,,,,,,,,,,,,,,,,,,,,,,,,,
45,14,12,57,S40,False,0,7,7,0,11,0,0,0,0,"['B763', 'B609', 'B323', 'B212', 'B588', 'B416', 'B470', 'B202', 'B313', 'B767', 'B642']",5.5,S44,2.76,11,7,18,0.0,,-0.786941,-13.662981,-14.449921,False,False,18,S46,True,10,0.6339,pickup,,,,,,,,,,,,,,,,,,,,,,,,,,,,,,,,,,,,,,,,,,,,,,,,,,,,
45,14,13,5,S44,False,11,7,18,11,0,0,0,0,0,"['B763', 'B609', 'B323', 'B212', 'B588', 'B416', 'B470', 'B202', 'B313', 'B767', 'B642']",5.5,S61,2.79,0,7,7,0.0,,-0.885701,-14.115446,-15.001147,False,False,12,S48,True,9,0.3328,delivery,,,,,,,,,,,,,,,,,,,,,,,,,,,,,,,,,,,,,,,,,,,,,,,,,,,,
45,14,13,14,S61,False,0,7,7,0,6,0,0,0,0,"['B178', 'B198', 'B120', 'B104', 'B431', 'B571']",3.0,S64,1.43,6,7,13,0.0,,-0.961747,-13.865351,-14.827099,False,False,18,S49,True,14,0.585,pickup,,,,,,,,,,,,,,,,,,,,,,,,,,,,,,,,,,,,,,,,,,,,,,,,,,,,
45,14,13,18,S64,False,6,7,13,6,0,1,0,0,0,"['B178', 'B198', 'B120', 'B104', 'B431', 'B571']",6.0,S49,1.8,0,7,7,0.0,,-0.807506,-13.660598,-14.468104,True,True,24,S49,False,19,0.6044,delivery+onsite,,,,,,,,,,,,,,,,,,,,,,,,,,,,,,,,,,,,,,,,,,,,,,,,,,,,
45,14,13,26,S49,False,0,7,7,0,10,0,0,0,0,"['B418', 'B317', 'B381', 'B116', 'B254', 'B327', 'B73', 'B10', 'B492', 'B251']",5.0,S29,8.87,10,7,17,0.0,,-0.848316,-13.653605,-14.501921,False,False,18,S29,False,12,0.5461,pickup,,,,,,,,,,,,,,,,,,,,,,,,,,,,,,,,,,,,,,,,,,,,,,,,,,,,
45,14,13,40,S29,False,10,7,17,0,0,0,0,0,0,[],0.0,S35,1.95,10,7,17,0.0,,-0.670456,-13.742906,-14.413362,False,False,12,S10,True,4,0.35,do_nothing,,,,,,,,,,,,,,,,,,,,,,,,,,,,,,,,,,,,,,,,,,,,,,,,,,,,
45,14,13,42,S35,False,10,7,17,10,0,0,0,0,0,"['B418', 'B317', 'B381', 'B116', 'B254', 'B327', 'B73', 'B10', 'B492', 'B251']",5.0,S14,3.16,0,7,7,0.0,,-0.867838,-13.798668,-14.666505,False,False,12,S14,False,10,0.3042,delivery,,,,,,,,,,,,,,,,,,,,,,,,,,,,,,,,,,,,,,,,,,,,,,,,,,,,
45,14,13,50,S14,False,0,7,7,0,6,0,0,0,0,"['B379', 'B534', 'B250', 'B124', 'B252', 'B324']",3.0,S29,3.41,6,7,13,0.0,,-0.864639,-13.979947,-14.844585,False,False,18,S66,True,12,0.4491,pickup,,,,,,,,,,,,,,,,,,,,,,,,,,,,,,,,,,,,,,,,,,,,,,,,,,,,
45,14,13,56,S29,False,6,7,13,6,0,0,0,0,0,"['B379', 'B534', 'B250', 'B124', 'B252', 'B324']",3.0,S66,6.29,0,7,7,0.0,,-1.476315,-13.905021,-15.381335,False,False,12,S30,True,6,0.2848,delivery,,,,,,,,,,,,,,,,,,,,,,,,,,,,,,,,,,,,,,,,,,,,,,,,,,,,
45,14,14,6,S66,False,0,7,7,0,13,0,0,0,0,"['B122', 'B196', 'B279', 'B66', 'B164', 'B74', 'B735', 'B17', 'B594', 'B226', 'B748', 'B366', 'B257']",6.5,S55,6.13,13,7,20,0.0,,-0.66974,-13.277217,-13.946957,True,False,18,S25,True,15,0.4389,pickup,,,,,,,,,,,,,,,,,,,,,,,,,,,,,,,,,,,,,,,,,,,,,,,,,,,,
45,14,14,18,S55,False,13,7,20,13,0,0,0,0,0,"['B122', 'B196', 'B279', 'B66', 'B164', 'B74', 'B735', 'B17', 'B594', 'B226', 'B748', 'B366', 'B257']",6.5,S25,15.44,0,7,7,0.0,,-1.283028,-13.395306,-14.678333,False,False,12,S25,False,6,0.2883,delivery,,,,,,,,,,,,,,,,,,,,,,,,,,,,,,,,,,,,,,,,,,,,,,,,,,,,
45,14,14,40,S25,False,0,7,7,0,13,0,0,0,0,"['B764', 'B281', 'B457', 'B563', 'B382', 'B387', 'B408', 'B246', 'B132', 'B45', 'B475', 'B237', 'B158']",6.5,S26,10.38,13,7,20,0.0,,-1.440723,-13.681029,-15.121752,True,False,18,S31,True,12,0.4904,pickup,,,,,,,,,,,,,,,,,,,,,,,,,,,,,,,,,,,,,,,,,,,,,,,,,,,,
45,14,14,57,S26,False,13,7,20,13,0,0,0,0,0,"['B764', 'B281', 'B457', 'B563', 'B382', 'B387', 'B408', 'B246', 'B132', 'B45', 'B475', 'B237', 'B158']",6.5,S66,5.64,0,7,7,0.0,,-2.009149,-13.860726,-15.869875,False,False,12,S29,True,7,0.2854,delivery,,,,,,,,,,,,,,,,,,,,,,,,,,,,,,,,,,,,,,,,,,,,,,,,,,,,
45,14,15,9,S66,False,0,7,7,0,13,0,0,0,0,"['B285', 'B119', 'B656', 'B510', 'B96', 'B381', 'B665', 'B24', 'B209', 'B355', 'B207', 'B354', 'B706']",6.5,S32,6.41,13,7,20,0.0,,-1.776825,-13.777022,-15.553847,True,False,18,S37,True,13,0.4138,pickup,,,,,,,,,,,,,,,,,,,,,,,,,,,,,,,,,,,,,,,,,,,,,,,,,,,,
45,14,15,22,S32,False,13,7,20,13,0,0,1,0,0,"['B552', 'B285', 'B119', 'B656', 'B510', 'B96', 'B381', 'B665', 'B24', 'B209', 'B355', 'B207', 'B354', 'B706']",7.0,S31,6.41,0,8,8,0.0,,-1.559651,-13.67074,-15.230391,True,True,30,S31,True,12,0.8132,delivery+depot_removal,,,,,,,,,,,,,,,,,,,,,,,,,,,,,,,,,,,,,,,,,,,,,,,,,,,,
45,14,15,36,S31,False,0,8,8,0,12,0,0,0,0,"['B14', 'B365', 'B531', 'B186', 'B405', 'B72', 'B495', 'B393', 'B473', 'B6', 'B522', 'B86']",6.0,S35,8.41,12,8,20,0.0,,-1.339645,-13.591555,-14.931201,False,False,12,S44,True,8,0.3774,pickup,,,,,,,,,,,,,,,,,,,,,,,,,,,,,,,,,,,,,,,,,,,,,,,,,,,,
45,14,15,50,S35,False,12,8,20,12,0,0,0,0,0,"['B14', 'B365', 'B531', 'B186', 'B405', 'B72', 'B495', 'B393', 'B473', 'B6', 'B522', 'B86']",6.0,S37,7.89,0,8,8,0.0,,-0.750044,-13.416821,-14.166866,False,False,12,S37,False,6,0.342,delivery,,,,,,,,,,,,,,,,,,,,,,,,,,,,,,,,,,,,,,,,,,,,,,,,,,,,
45,14,16,4,S37,False,0,8,8,0,12,0,0,0,0,"['B703', 'B622', 'B65', 'B7', 'B203', 'B688', 'B693', 'B334', 'B125', 'B245', 'B553', 'B698']",6.0,S43,1.66,12,8,20,0.0,,-1.203081,-13.372234,-14.575315,False,False,12,S46,True,8,0.2847,pickup,,,,,,,,,,,,,,,,,,,,,,,,,,,,,,,,,,,,,,,,,,,,,,,,,,,,
45,14,16,12,S43,False,12,8,20,0,0,0,0,0,0,[],0.0,S35,7.26,12,8,20,0.0,,-0.847512,-13.548945,-14.396457,True,False,18,S44,True,3,0.3943,do_nothing,,,,,,,,,,,,,,,,,,,,,,,,,,,,,,,,,,,,,,,,,,,,,,,,,,,,
45,14,16,19,S35,False,12,8,20,12,0,0,0,0,0,"['B703', 'B622', 'B65', 'B7', 'B203', 'B688', 'B693', 'B334', 'B125', 'B245', 'B553', 'B698']",6.0,S44,6.81,0,8,8,0.0,,-1.658922,-13.559776,-15.218698,False,False,12,S31,True,8,0.2641,delivery,,,,,,,,,,,,,,,,,,,,,,,,,,,,,,,,,,,,,,,,,,,,,,,,,,,,
45,14,16,32,S44,False,0,8,8,0,11,0,0,0,0,"['B642', 'B567', 'B295', 'B363', 'B751', 'B270', 'B169', 'B5', 'B183', 'B218', 'B753']",5.5,S43,0.79,11,8,19,0.0,,-1.475527,-13.691178,-15.166705,False,False,18,S46,True,14,0.4586,pickup,,,,,,,,,,,,,,,,,,,,,,,,,,,,,,,,,,,,,,,,,,,,,,,,,,,,
45,14,16,38,S43,False,11,8,19,11,0,0,1,0,0,"['B30', 'B642', 'B567', 'B295', 'B363', 'B751', 'B270', 'B169', 'B5', 'B183', 'B218', 'B753']",6.0,S31,4.35,0,9,9,0.0,,-1.082796,-13.622879,-14.705675,True,True,24,S62,True,18,0.5606,delivery+depot_removal,,,,,,,,,,,,,,,,,,,,,,,,,,,,,,,,,,,,,,,,,,,,,,,,,,,,
45,14,16,48,S31,False,0,9,9,0,11,0,0,0,0,"['B701', 'B507', 'B683', 'B604', 'B402', 'B52', 'B417', 'B171', 'B241', 'B597', 'B51']",5.5,S54,5.7,11,9,20,0.0,,-1.144678,-13.59978,-14.744458,False,False,12,S62,True,7,0.3124,pickup,,,,,,,,,,,,,,,,,,,,,,,,,,,,,,,,,,,,,,,,,,,,,,,,,,,,
45,14,16,59,S54,False,11,9,20,11,0,0,1,0,0,"['B429', 'B701', 'B507', 'B683', 'B604', 'B402', 'B52', 'B417', 'B171', 'B241', 'B597', 'B51']",6.0,S62,2.78,0,10,10,0.0,,-0.945378,-13.559185,-14.504564,True,True,18,S62,False,12,0.4367,delivery+depot_removal,,,,,,,,,,,,,,,,,,,,,,,,,,,,,,,,,,,,,,,,,,,,,,,,,,,,
45,14,17,8,S62,False,0,10,10,0,10,0,0,0,0,"['B663', 'B501', 'B155', 'B227', 'B584', 'B287', 'B732', 'B242', 'B4', 'B544']",5.0,S17,7.52,10,10,20,0.0,,-0.925199,-13.555857,-14.481056,False,False,12,S17,False,6,0.2911,pickup,,,,,,,,,,,,,,,,,,,,,,,,,,,,,,,,,,,,,,,,,,,,,,,,,,,,
45,14,17,21,S17,False,10,10,20,10,0,0,1,0,0,"['B572', 'B663', 'B501', 'B155', 'B227', 'B584', 'B287', 'B732', 'B242', 'B4', 'B544']",5.5,S20,7.88,0,11,11,0.0,,-0.946531,-13.362444,-14.308975,True,True,18,S66,True,14,0.4705,delivery+depot_removal,,,,,,,,,,,,,,,,,,,,,,,,,,,,,,,,,,,,,,,,,,,,,,,,,,,,
45,14,17,34,S20,False,0,11,11,0,9,0,0,0,0,"['B516', 'B546', 'B341', 'B682', 'B758', 'B629', 'B654', 'B716', 'B353']",4.5,S39,9.4,9,11,20,0.0,,-0.807967,-13.331806,-14.139773,False,False,18,S66,True,15,0.5175,pickup,,,,,,,,,,,,,,,,,,,,,,,,,,,,,,,,,,,,,,,,,,,,,,,,,,,,
45,14,17,48,S39,False,9,11,20,9,0,0,0,0,0,"['B516', 'B546', 'B341', 'B682', 'B758', 'B629', 'B654', 'B716', 'B353']",4.5,S66,4.09,0,11,11,0.0,,-0.892726,-13.319382,-14.212107,False,False,12,S65,True,6,0.3212,delivery,,,,,,,,,,,,,,,,,,,,,,,,,,,,,,,,,,,,,,,,,,,,,,,,,,,,
45,14,17,57,S66,False,0,11,11,0,9,0,0,0,0,"['B262', 'B128', 'B731', 'B684', 'B12', 'B223', 'B259', 'B74', 'B406']",4.5,S65,3.09,9,11,20,0.0,,-0.552254,-13.367823,-13.920077,True,False,18,S30,True,12,0.4498,pickup,,,,,,,,,,,,,,,,,,,,,,,,,,,,,,,,,,,,,,,,,,,,,,,,,,,,
45,14,18,4,S65,False,9,11,20,8,0,0,0,0,0,"['B262', 'B128', 'B731', 'B684', 'B12', 'B223', 'B259', 'B74']",4.0,S30,1.33,1,11,12,0.0,,-0.295897,-13.356057,-13.651953,False,False,18,S41,True,8,0.4123,delivery,,,,,,,,,,,,,,,,,,,,,,,,,,,,,,,,,,,,,,,,,,,,,,,,,,,,
45,14,18,10,S30,False,1,11,12,0,8,0,0,0,0,"['B85', 'B337', 'B192', 'B667', 'B319', 'B680', 'B394', 'B547']",4.0,S10,7.34,9,11,20,0.0,,-0.530235,-13.312941,-13.843175,False,False,12,S10,False,8,0.2722,pickup,,,,,,,,,,,,,,,,,,,,,,,,,,,,,,,,,,,,,,,,,,,,,,,,,,,,
45,14,18,21,S10,False,9,11,20,9,0,0,0,0,0,"['B406', 'B85', 'B337', 'B192', 'B667', 'B319', 'B680', 'B394', 'B547']",4.5,S52,4.51,0,11,11,0.0,,-0.512261,-13.242429,-13.75469,False,False,12,S42,True,7,0.2911,delivery,,,,,,,,,,,,,,,,,,,,,,,,,,,,,,,,,,,,,,,,,,,,,,,,,,,,
45,14,18,30,S52,False,0,11,11,0,9,1,0,0,0,"['B127', 'B356', 'B400', 'B640', 'B459', 'B704', 'B162', 'B217', 'B59']",7.5,S41,4.13,9,11,20,0.0,,-0.49404,-13.187915,-13.681955,True,True,24,S48,True,18,0.5671,pickup+onsite,,,,,,,,,,,,,,,,,,,,,,,,,,,,,,,,,,,,,,,,,,,,,,,,,,,,
45,14,18,42,S41,False,9,11,20,9,0,1,0,0,0,"['B127', 'B356', 'B400', 'B640', 'B459', 'B704', 'B162', 'B217', 'B59']",7.5,S48,9.11,0,11,11,0.0,,-0.434672,-13.002095,-13.436766,True,True,24,S37,True,21,0.5606,delivery+onsite,,,,,,,,,,,,,,,,,,,,,,,,,,,,,,,,,,,,,,,,,,,,,,,,,,,,
45,14,18,58,S48,False,0,11,11,0,9,0,0,0,0,"['B439', 'B0', 'B514', 'B105', 'B122', 'B62', 'B331', 'B141', 'B207']",4.5,S41,9.11,9,11,20,0.0,,-0.216657,-12.914433,-13.13109,True,False,24,S29,True,13,0.4549,pickup,,,,,,,,,,,,,,,,,,,,,,,,,,,,,,,,,,,,,,,,,,,,,,,,,,,,
45,14,19,12,S41,False,9,11,20,9,0,0,0,0,0,"['B439', 'B0', 'B514', 'B105', 'B122', 'B62', 'B331', 'B141', 'B207']",4.5,S22,3.42,0,11,11,0.0,,-0.395218,-12.923392,-13.31861,False,False,12,S3,True,8,0.2584,delivery,,,,,,,,,,,,,,,,,,,,,,,,,,,,,,,,,,,,,,,,,,,,,,,,,,,,
45,14,19,20,S22,False,0,11,11,0,9,0,0,0,0,"['B182', 'B548', 'B3', 'B530', 'B107', 'B111', 'B754', 'B691', 'B593']",4.5,S15,6.37,9,11,20,0.0,,-0.158538,-13.012743,-13.171281,False,False,12,S19,True,6,0.2657,pickup,,,,,,,,,,,,,,,,,,,,,,,,,,,,,,,,,,,,,,,,,,,,,,,,,,,,
45,14,19,31,S15,False,9,11,20,9,0,0,0,0,0,"['B182', 'B548', 'B3', 'B530', 'B107', 'B111', 'B754', 'B691', 'B593']",4.5,S19,9.58,0,11,11,0.0,,-0.256256,-12.837149,-13.093405,False,False,11,S14,True,9,0.288,delivery,,,,,,,,,,,,,,,,,,,,,,,,,,,,,,,,,,,,,,,,,,,,,,,,,,,,
45,14,19,45,S19,False,0,11,11,0,0,0,0,0,0,[],0.0,S48,0.52,0,11,11,0.0,,-0.216404,-12.921493,-13.137897,False,False,3,D0,True,0,0.0994,do_nothing,,,,,,,,,,,,,,,,,,,,,,,,,,,,,,,,,,,,,,,,,,,,,,,,,,,,
45,14,19,45,S48,False,0,11,11,0,0,1,0,0,0,[],3.0,D0,4.23,0,11,11,0.0,,-0.333949,-13.144277,-13.478226,True,True,4,D0,True,1,0.1326,do_nothing+onsite,,,,,,,,,,,,,,,,,,,,,,,,,,,,,,,,,,,,,,,,,,,,,,,,,,,,
45,14,19,52,D0,True,0,11,11,0,0,0,0,11,2,"['B638', 'B147', 'B499', 'B276', 'B347', 'B377', 'B258', 'B647', 'B695', 'B552', 'B30', 'B429', 'B572']",6.5,D0,0.0,2,0,2,0.0,,-0.255606,-13.188115,-13.443721,True,True,1,D0,False,0,0.0411,do_nothing,,,,,,,,,,,,,,,,,,,,,,,,,,,,,,,,,,,,,,,,,,,,,,,,,,,,
45,15,6,14,D0,True,2,0,2,0,0,0,0,0,10,"['B524', 'B345', 'B351', 'B568', 'B469', 'B454', 'B750', 'B389', 'B631', 'B395']",5.0,S65,3.15,12,0,12,0.0,,-2.40504,-13.783305,-16.188345,True,True,5,S52,True,3,0.1338,load_queue,,,,,,,,,,,,,,,,,,,,,,,,,,,,,,,,,,,,,,,,,,,,,,,,,,,,
45,15,6,37,S65,False,12,0,12,12,0,0,0,0,0,"['B638', 'B147', 'B524', 'B345', 'B351', 'B568', 'B469', 'B454', 'B750', 'B389', 'B631', 'B395']",6.0,S52,6.18,0,0,0,0.0,,-2.293295,-13.861977,-16.155272,False,False,12,S52,False,9,0.3035,delivery,,,,,,,,,,,,,,,,,,,,,,,,,,,,,,,,,,,,,,,,,,,,,,,,,,,,
45,15,6,49,S52,False,0,0,0,0,14,0,0,0,0,"['B268', 'B161', 'B616', 'B722', 'B490', 'B25', 'B450', 'B712', 'B503', 'B1', 'B400', 'B692', 'B277', 'B248']",7.0,S66,3.13,14,0,14,0.0,,-1.817309,-13.986761,-15.80407,False,False,18,S63,True,15,0.5078,pickup,,,,,,,,,,,,,,,,,,,,,,,,,,,,,,,,,,,,,,,,,,,,,,,,,,,,
45,15,6,59,S66,False,14,0,14,14,0,1,1,0,0,"['B426', 'B268', 'B161', 'B616', 'B722', 'B490', 'B25', 'B450', 'B712', 'B503', 'B1', 'B400', 'B692', 'B277', 'B248']",10.5,S63,4.37,0,1,1,0.0,,-1.793537,-13.930456,-15.723992,True,True,48,S49,True,43,1.0808,delivery+maintenance,,,,,,,,,,,,,,,,,,,,,,,,,,,,,,,,,,,,,,,,,,,,,,,,,,,,
45,15,7,14,S63,False,0,1,1,0,17,0,0,0,0,"['B293', 'B388', 'B308', 'B592', 'B684', 'B180', 'B588', 'B48', 'B658', 'B360', 'B50', 'B496', 'B35', 'B626', 'B632', 'B28', 'B282']",8.5,S22,8.69,17,1,18,0.0,,-1.281518,-14.008951,-15.290469,False,False,18,S37,True,15,0.4234,pickup,,,,,,,,,,,,,,,,,,,,,,,,,,,,,,,,,,,,,,,,,,,,,,,,,,,,
45,15,7,31,S22,False,17,1,18,17,0,0,0,0,0,"['B293', 'B388', 'B308', 'B592', 'B684', 'B180', 'B588', 'B48', 'B658', 'B360', 'B50', 'B496', 'B35', 'B626', 'B632', 'B28', 'B282']",8.5,S37,7.12,0,1,1,0.0,,-1.125445,-13.947192,-15.072637,False,False,18,S49,True,14,0.4267,delivery,,,,,,,,,,,,,,,,,,,,,,,,,,,,,,,,,,,,,,,,,,,,,,,,,,,,
45,15,7,47,S37,False,0,1,1,0,19,0,0,0,0,"['B531', 'B582', 'B734', 'B702', 'B373', 'B109', 'B486', 'B648', 'B494', 'B346', 'B501', 'B307', 'B640', 'B529', 'B506', 'B521', 'B182', 'B43', 'B191']",9.5,S65,5.89,19,1,20,0.0,,-0.592867,-13.798192,-14.391059,False,False,18,S39,True,10,0.5713,pickup,,,,,,,,,,,,,,,,,,,,,,,,,,,,,,,,,,,,,,,,,,,,,,,,,,,,
45,15,8,2,S65,False,19,1,20,18,0,0,0,0,0,"['B531', 'B582', 'B734', 'B702', 'B373', 'B109', 'B486', 'B648', 'B494', 'B346', 'B501', 'B307', 'B640', 'B529', 'B506', 'B521', 'B182', 'B43']",9.0,S49,4.37,1,1,2,0.0,,-0.452195,-13.808107,-14.260302,False,False,18,S34,True,6,0.5193,delivery,,,,,,,,,,,,,,,,,,,,,,,,,,,,,,,,,,,,,,,,,,,,,,,,,,,,
45,15,8,16,S49,False,1,1,2,0,18,0,0,0,0,"['B674', 'B724', 'B470', 'B202', 'B313', 'B714', 'B159', 'B489', 'B247', 'B704', 'B434', 'B756', 'B124', 'B738', 'B118', 'B527', 'B289', 'B718']",9.0,S31,2.89,19,1,20,0.0,,-0.549957,-13.769277,-14.319235,False,False,12,S61,True,6,0.3326,pickup,,,,,,,,,,,,,,,,,,,,,,,,,,,,,,,,,,,,,,,,,,,,,,,,,,,,
45,15,8,28,S31,False,19,1,20,19,0,0,0,0,0,"['B191', 'B674', 'B724', 'B470', 'B202', 'B313', 'B714', 'B159', 'B489', 'B247', 'B704', 'B434', 'B756', 'B124', 'B738', 'B118', 'B527', 'B289', 'B718']",9.5,S35,8.41,0,1,1,0.0,,-0.491736,-13.751474,-14.243209,False,False,12,S59,True,7,0.3746,delivery,,,,,,,,,,,,,,,,,,,,,,,,,,,,,,,,,,,,,,,,,,,,,,,,,,,,
45,15,8,46,S35,False,0,1,1,0,15,0,0,0,0,"['B539', 'B137', 'B411', 'B73', 'B398', 'B69', 'B514', 'B208', 'B420', 'B585', 'B295', 'B237', 'B234', 'B488', 'B337']",7.5,S26,6.42,15,1,16,0.0,,-0.688215,-13.780932,-14.469147,False,False,18,S59,True,8,0.6559,pickup,,,,,,,,,,,,,,,,,,,,,,,,,,,,,,,,,,,,,,,,,,,,,,,,,,,,
45,15,8,59,S26,False,15,1,16,14,0,0,0,0,0,"['B539', 'B137', 'B411', 'B73', 'B398', 'B69', 'B514', 'B208', 'B420', 'B585', 'B295', 'B237', 'B234', 'B488']",7.0,S5,10.64,1,1,2,0.0,,-0.925656,-13.850502,-14.776158,False,False,18,S9,True,10,0.5715,delivery,,,,,,,,,,,,,,,,,,,,,,,,,,,,,,,,,,,,,,,,,,,,,,,,,,,,
45,15,9,17,S5,False,1,1,2,0,0,0,0,0,0,[],0.0,S54,14.1,1,1,2,0.0,,-0.926509,-13.976632,-14.903141,False,False,12,S39,True,2,0.3578,do_nothing,,,,,,,,,,,,,,,,,,,,,,,,,,,,,,,,,,,,,,,,,,,,,,,,,,,,
45,15,9,31,S54,False,1,1,2,0,14,0,0,0,0,"['B151', 'B167', 'B152', 'B245', 'B375', 'B115', 'B624', 'B42', 'B16', 'B227', 'B526', 'B312', 'B146', 'B60']",7.0,S29,1.43,15,1,16,0.0,,-0.791647,-14.110906,-14.902553,False,False,18,S39,True,12,0.5711,pickup,,,,,,,,,,,,,,,,,,,,,,,,,,,,,,,,,,,,,,,,,,,,,,,,,,,,
45,15,9,40,S29,False,15,1,16,15,0,0,0,0,0,"['B337', 'B151', 'B167', 'B152', 'B245', 'B375', 'B115', 'B624', 'B42', 'B16', 'B227', 'B526', 'B312', 'B146', 'B60']",7.5,S39,9.53,0,1,1,0.0,,-0.726475,-13.930426,-14.6569,False,False,12,S36,True,6,0.4971,delivery,,,,,,,,,,,,,,,,,,,,,,,,,,,,,,,,,,,,,,,,,,,,,,,,,,,,
45,15,9,57,S39,False,0,1,1,0,19,0,0,0,0,"['B687', 'B688', 'B163', 'B110', 'B134', 'B629', 'B291', 'B654', 'B249', 'B399', 'B170', 'B476', 'B475', 'B204', 'B600', 'B77', 'B153', 'B587', 'B197']",9.5,S58,3.13,19,1,20,0.0,,-0.530089,-13.783217,-14.313306,False,False,12,S15,True,10,0.3714,pickup,,,,,,,,,,,,,,,,,,,,,,,,,,,,,,,,,,,,,,,,,,,,,,,,,,,,
45,15,10,9,S58,False,19,1,20,15,0,1,1,0,0,"['B330', 'B687', 'B688', 'B163', 'B110', 'B134', 'B629', 'B291', 'B654', 'B249', 'B399', 'B170', 'B476', 'B475', 'B204', 'B600']",11.0,S16,1.83,4,2,6,0.0,,-0.493391,-13.827379,-14.32077,True,True,60,S27,True,58,1.3913,delivery+maintenance,,,,,,,,,,,,,,,,,,,,,,,,,,,,,,,,,,,,,,,,,,,,,,,,,,,,
45,15,10,22,S16,False,4,2,6,0,8,0,0,0,0,"['B358', 'B604', 'B577', 'B75', 'B406', 'B280', 'B236', 'B601']",4.0,S27,4.73,12,2,14,0.0,,-0.570283,-13.814106,-14.384389,False,False,18,S59,True,7,0.4361,pickup,,,,,,,,,,,,,,,,,,,,,,,,,,,,,,,,,,,,,,,,,,,,,,,,,,,,
45,15,10,31,S27,False,12,2,14,12,0,0,0,0,0,"['B77', 'B153', 'B587', 'B197', 'B358', 'B604', 'B577', 'B75', 'B406', 'B280', 'B236', 'B601']",6.0,S62,2.6,0,2,2,0.0,,-0.509861,-13.848367,-14.358228,False,False,12,S52,True,7,0.2906,delivery,,,,,,,,,,,,,,,,,,,,,,,,,,,,,,,,,,,,,,,,,,,,,,,,,,,,
45,15,10,39,S62,False,0,2,2,0,12,0,0,0,0,"['B442', 'B215', 'B332', 'B382', 'B708', 'B125', 'B13', 'B566', 'B188', 'B85', 'B487', 'B174']",6.0,S34,2.8,12,2,14,0.0,,-0.453438,-13.649885,-14.103323,False,False,18,S59,True,13,0.4719,pickup,,,,,,,,,,,,,,,,,,,,,,,,,,,,,,,,,,,,,,,,,,,,,,,,,,,,
45,15,10,48,S34,False,12,2,14,12,0,0,0,0,0,"['B442', 'B215', 'B332', 'B382', 'B708', 'B125', 'B13', 'B566', 'B188', 'B85', 'B487', 'B174']",6.0,S52,4.35,0,2,2,0.0,,-0.453685,-13.804974,-14.258659,False,False,12,S52,False,7,0.3556,delivery,,,,,,,,,,,,,,,,,,,,,,,,,,,,,,,,,,,,,,,,,,,,,,,,,,,,
45,15,10,59,S52,False,0,2,2,0,11,0,0,0,0,"['B345', 'B160', 'B454', 'B612', 'B9', 'B140', 'B691', 'B72', 'B81', 'B533', 'B674']",5.5,S55,3.9,11,2,13,0.0,,-0.451744,-13.814039,-14.265783,False,False,18,S59,True,13,0.506,pickup,,,,,,,,,,,,,,,,,,,,,,,,,,,,,,,,,,,,,,,,,,,,,,,,,,,,
45,15,11,8,S55,False,11,2,13,11,0,0,0,0,0,"['B345', 'B160', 'B454', 'B612', 'B9', 'B140', 'B691', 'B72', 'B81', 'B533', 'B674']",5.5,S59,6.49,0,2,2,0.0,,-0.549554,-13.834922,-14.384476,False,False,12,S59,False,6,0.3652,delivery,,,,,,,,,,,,,,,,,,,,,,,,,,,,,,,,,,,,,,,,,,,,,,,,,,,,
45,15,11,20,S59,False,0,2,2,0,18,0,0,0,0,"['B123', 'B707', 'B37', 'B744', 'B649', 'B763', 'B660', 'B206', 'B573', 'B419', 'B727', 'B645', 'B652', 'B205', 'B169', 'B623', 'B130', 'B3']",9.0,S24,9.52,18,2,20,0.0,,-0.413197,-13.901624,-14.314821,False,False,12,S15,True,7,0.3751,pickup,,,,,,,,,,,,,,,,,,,,,,,,,,,,,,,,,,,,,,,,,,,,,,,,,,,,
45,15,11,39,S24,False,18,2,20,16,0,0,0,0,0,"['B123', 'B707', 'B37', 'B744', 'B649', 'B763', 'B660', 'B206', 'B573', 'B419', 'B727', 'B645', 'B652', 'B205', 'B169', 'B623']",8.0,S60,7.55,2,2,4,0.0,,-0.433316,-13.879232,-14.312547,False,False,18,S15,True,9,0.477,delivery,,,,,,,,,,,,,,,,,,,,,,,,,,,,,,,,,,,,,,,,,,,,,,,,,,,,
45,15,11,54,S60,False,2,2,4,0,0,0,0,0,0,[],0.0,S66,1.23,2,2,4,0.0,,-0.37245,-14.065514,-14.437964,False,False,18,S25,True,1,0.5101,do_nothing,,,,,,,,,,,,,,,,,,,,,,,,,,,,,,,,,,,,,,,,,,,,,,,,,,,,
45,15,11,55,S66,False,2,2,4,0,11,1,0,0,0,"['B220', 'B671', 'B686', 'B584', 'B337', 'B643', 'B362', 'B433', 'B363', 'B534', 'B290']",8.5,S22,4.43,13,2,15,0.0,,-0.472413,-13.970395,-14.442808,True,True,36,S60,True,32,0.9293,pickup+onsite,,,,,,,,,,,,,,,,,,,,,,,,,,,,,,,,,,,,,,,,,,,,,,,,,,,,
45,15,12,8,S22,False,13,2,15,12,0,0,0,0,0,"['B130', 'B3', 'B220', 'B671', 'B686', 'B584', 'B337', 'B643', 'B362', 'B433', 'B363', 'B534']",6.0,S60,4.28,1,2,3,0.0,,-0.39312,-13.861606,-14.254727,False,False,18,S4,True,7,0.6348,delivery,,,,,,,,,,,,,,,,,,,,,,,,,,,,,,,,,,,,,,,,,,,,,,,,,,,,
45,15,12,19,S60,False,1,2,3,0,17,0,0,0,0,"['B323', 'B387', 'B150', 'B12', 'B463', 'B511', 'B522', 'B596', 'B740', 'B257', 'B298', 'B318', 'B310', 'B582', 'B525', 'B701', 'B731']",8.5,S29,7.31,18,2,20,0.0,,-0.254658,-13.679028,-13.933686,False,False,18,S6,True,13,0.5883,pickup,,,,,,,,,,,,,,,,,,,,,,,,,,,,,,,,,,,,,,,,,,,,,,,,,,,,
45,15,12,34,S29,False,18,2,20,15,0,1,0,0,0,"['B290', 'B323', 'B387', 'B150', 'B12', 'B463', 'B511', 'B522', 'B596', 'B740', 'B257', 'B298', 'B318', 'B310', 'B582']",10.5,S44,5.3,3,2,5,0.0,,-0.432969,-13.796048,-14.229016,True,True,36,S1,True,34,1.3537,delivery+onsite,,,,,,,,,,,,,,,,,,,,,,,,,,,,,,,,,,,,,,,,,,,,,,,,,,,,
45,15,12,50,S44,False,3,2,5,0,10,1,1,0,0,"['B388', 'B684', 'B20', 'B431', 'B274', 'B598', 'B233', 'B364', 'B353', 'B261', 'B84']",8.5,S50,6.58,13,3,16,0.0,,-0.786635,-13.843864,-14.630499,True,True,72,S13,True,68,2.165,pickup+maintenance,,,,,,,,,,,,,,,,,,,,,,,,,,,,,,,,,,,,,,,,,,,,,,,,,,,,
45,15,13,5,S50,False,13,3,16,0,0,2,0,0,0,[],6.0,S57,2.14,13,3,16,0.0,,-1.124587,-13.796212,-14.920799,True,True,36,S57,False,12,0.8634,do_nothing+onsite,,,,,,,,,,,,,,,,,,,,,,,,,,,,,,,,,,,,,,,,,,,,,,,,,,,,
45,15,13,13,S57,False,13,3,16,13,0,0,0,0,0,"['B525', 'B701', 'B731', 'B388', 'B684', 'B20', 'B431', 'B274', 'B598', 'B233', 'B364', 'B353', 'B261']",6.5,S5,16.39,0,3,3,0.0,,-0.531638,-13.622238,-14.153876,False,False,12,S19,True,7,0.3089,delivery,,,,,,,,,,,,,,,,,,,,,,,,,,,,,,,,,,,,,,,,,,,,,,,,,,,,
45,15,13,36,S5,False,0,3,3,0,17,0,0,0,0,"['B700', 'B22', 'B549', 'B21', 'B370', 'B627', 'B590', 'B759', 'B512', 'B580', 'B599', 'B44', 'B761', 'B575', 'B235', 'B120', 'B437']",8.5,S15,10.44,17,3,20,0.0,,-1.319528,-13.72447,-15.043999,False,False,12,S37,True,7,0.3754,pickup,,,,,,,,,,,,,,,,,,,,,,,,,,,,,,,,,,,,,,,,,,,,,,,,,,,,
45,15,13,55,S15,False,17,3,20,16,0,0,0,0,0,"['B700', 'B22', 'B549', 'B21', 'B370', 'B627', 'B590', 'B759', 'B512', 'B580', 'B599', 'B44', 'B761', 'B575', 'B235', 'B120']",8.0,S19,9.58,1,3,4,0.0,,-2.149474,-14.050785,-16.200259,False,False,18,S19,False,6,0.4888,delivery,,,,,,,,,,,,,,,,,,,,,,,,,,,,,,,,,,,,,,,,,,,,,,,,,,,,
45,15,14,13,S19,False,1,3,4,0,9,0,0,0,0,"['B606', 'B106', 'B618', 'B687', 'B698', 'B559', 'B304', 'B739', 'B135']",4.5,S35,8.66,10,3,13,0.0,,-1.654873,-13.836097,-15.49097,False,False,18,S65,True,13,0.4719,pickup,,,,,,,,,,,,,,,,,,,,,,,,,,,,,,,,,,,,,,,,,,,,,,,,,,,,
45,15,14,26,S35,False,10,3,13,10,0,0,0,0,0,"['B437', 'B606', 'B106', 'B618', 'B687', 'B698', 'B559', 'B304', 'B739', 'B135']",5.0,S65,10.81,0,3,3,0.0,,-1.284481,-13.804329,-15.08881,False,False,12,S65,False,7,0.2851,delivery,,,,,,,,,,,,,,,,,,,,,,,,,,,,,,,,,,,,,,,,,,,,,,,,,,,,
45,15,14,42,S65,False,0,3,3,0,17,0,0,0,0,"['B115', 'B756', 'B722', 'B641', 'B158', 'B734', 'B64', 'B462', 'B307', 'B480', 'B213', 'B343', 'B252', 'B10', 'B485', 'B15', 'B75']",8.5,S50,9.57,17,3,20,0.0,,-0.7109,-13.597301,-14.308201,False,False,18,S39,True,16,0.6286,pickup,,,,,,,,,,,,,,,,,,,,,,,,,,,,,,,,,,,,,,,,,,,,,,,,,,,,
45,15,15,0,S50,False,17,3,20,0,0,0,0,0,0,[],0.0,S55,3.32,17,3,20,0.0,,-1.494586,-13.960633,-15.455219,False,False,12,S37,True,1,0.3434,do_nothing,,,,,,,,,,,,,,,,,,,,,,,,,,,,,,,,,,,,,,,,,,,,,,,,,,,,
45,15,15,3,S55,False,17,3,20,17,0,0,0,0,0,"['B115', 'B756', 'B722', 'B641', 'B158', 'B734', 'B64', 'B462', 'B307', 'B480', 'B213', 'B343', 'B252', 'B10', 'B485', 'B15', 'B75']",8.5,S66,6.13,0,3,3,0.0,,-1.597998,-13.856161,-15.454159,False,False,18,S50,True,9,0.5039,delivery,,,,,,,,,,,,,,,,,,,,,,,,,,,,,,,,,,,,,,,,,,,,,,,,,,,,
45,15,15,18,S66,False,0,3,3,0,12,0,0,0,0,"['B669', 'B93', 'B541', 'B548', 'B656', 'B146', 'B159', 'B587', 'B129', 'B487', 'B71', 'B37']",6.0,S50,7.23,12,3,15,0.0,,-1.379677,-13.632949,-15.012626,False,False,18,S60,True,14,0.4305,pickup,,,,,,,,,,,,,,,,,,,,,,,,,,,,,,,,,,,,,,,,,,,,,,,,,,,,
45,15,15,31,S50,False,12,3,15,12,0,0,0,0,0,"['B669', 'B93', 'B541', 'B548', 'B656', 'B146', 'B159', 'B587', 'B129', 'B487', 'B71', 'B37']",6.0,S60,8.32,0,3,3,0.0,,-1.165334,-13.522459,-14.687792,False,False,12,S60,False,6,0.3287,delivery,,,,,,,,,,,,,,,,,,,,,,,,,,,,,,,,,,,,,,,,,,,,,,,,,,,,
45,15,15,45,S60,False,0,3,3,0,17,0,0,0,0,"['B154', 'B519', 'B537', 'B529', 'B58', 'B386', 'B474', 'B239', 'B313', 'B157', 'B216', 'B355', 'B504', 'B253', 'B36', 'B308', 'B424']",8.5,S26,6.85,17,3,20,0.0,,-1.300946,-13.467096,-14.768042,False,False,12,S39,True,7,0.3692,pickup,,,,,,,,,,,,,,,,,,,,,,,,,,,,,,,,,,,,,,,,,,,,,,,,,,,,
45,15,16,1,S26,False,17,3,20,17,0,0,0,0,0,"['B154', 'B519', 'B537', 'B529', 'B58', 'B386', 'B474', 'B239', 'B313', 'B157', 'B216', 'B355', 'B504', 'B253', 'B36', 'B308', 'B424']",8.5,S28,8.54,0,3,3,0.0,,-1.421796,-13.458298,-14.880094,False,False,12,S37,True,7,0.3473,delivery,,,,,,,,,,,,,,,,,,,,,,,,,,,,,,,,,,,,,,,,,,,,,,,,,,,,
45,15,16,18,S28,False,0,3,3,0,14,2,0,0,0,"['B757', 'B602', 'B278', 'B184', 'B562', 'B532', 'B100', 'B518', 'B432', 'B80', 'B663', 'B653', 'B344', 'B560']",13.0,S17,7.99,14,3,17,0.0,,-0.989975,-13.376195,-14.36617,True,True,54,S36,True,31,1.4435,pickup+onsite,,,,,,,,,,,,,,,,,,,,,,,,,,,,,,,,,,,,,,,,,,,,,,,,,,,,
45,15,16,39,S17,False,14,3,17,14,0,0,0,0,0,"['B757', 'B602', 'B278', 'B184', 'B562', 'B532', 'B100', 'B518', 'B432', 'B80', 'B663', 'B653', 'B344', 'B560']",7.0,S12,15.22,0,3,3,0.0,,-0.552355,-13.121335,-13.67369,False,False,12,S51,True,9,0.3654,delivery,,,,,,,,,,,,,,,,,,,,,,,,,,,,,,,,,,,,,,,,,,,,,,,,,,,,
45,15,17,1,S12,False,0,3,3,0,15,0,1,0,0,"['B526', 'B118', 'B758', 'B657', 'B472', 'B728', 'B181', 'B650', 'B399', 'B431', 'B197', 'B630', 'B402', 'B72', 'B47', 'B321']",8.0,S37,6.56,15,4,19,0.0,,-0.591751,-13.099129,-13.69088,True,True,36,S34,True,20,1.0249,pickup+depot_removal,,,,,,,,,,,,,,,,,,,,,,,,,,,,,,,,,,,,,,,,,,,,,,,,,,,,
45,15,17,15,S37,False,15,4,19,15,0,0,0,0,0,"['B526', 'B118', 'B758', 'B657', 'B472', 'B728', 'B181', 'B650', 'B399', 'B431', 'B197', 'B630', 'B402', 'B72', 'B47']",7.5,S59,1.48,0,4,4,0.0,,-0.473711,-12.927933,-13.401643,False,False,12,S4,True,10,0.3629,delivery,,,,,,,,,,,,,,,,,,,,,,,,,,,,,,,,,,,,,,,,,,,,,,,,,,,,
45,15,17,24,S59,False,0,4,4,0,11,0,1,0,0,"['B91', 'B461', 'B179', 'B766', 'B23', 'B441', 'B723', 'B578', 'B309', 'B527', 'B187', 'B466']",6.0,S38,0.74,11,5,16,0.0,,-0.3349,-12.777543,-13.112443,True,True,36,S0,True,31,0.907,pickup+depot_removal,,,,,,,,,,,,,,,,,,,,,,,,,,,,,,,,,,,,,,,,,,,,,,,,,,,,
45,15,17,31,S38,False,11,5,16,11,0,0,0,0,0,"['B91', 'B461', 'B179', 'B766', 'B23', 'B441', 'B723', 'B578', 'B309', 'B527', 'B187']",5.5,S4,1.95,0,5,5,0.0,,-0.513164,-12.709108,-13.222272,False,False,18,S1,True,13,0.4528,delivery,,,,,,,,,,,,,,,,,,,,,,,,,,,,,,,,,,,,,,,,,,,,,,,,,,,,
45,15,17,39,S4,False,0,5,5,0,11,1,0,0,0,"['B204', 'B704', 'B425', 'B289', 'B143', 'B430', 'B383', 'B57', 'B301', 'B303', 'B611']",8.5,S47,4.27,11,5,16,0.0,,-0.394013,-12.653141,-13.047154,True,True,36,S0,True,22,0.8537,pickup+onsite,,,,,,,,,,,,,,,,,,,,,,,,,,,,,,,,,,,,,,,,,,,,,,,,,,,,
45,15,17,51,S47,False,11,5,16,11,0,0,0,0,0,"['B204', 'B704', 'B425', 'B289', 'B143', 'B430', 'B383', 'B57', 'B301', 'B303', 'B611']",5.5,S36,9.79,0,5,5,0.0,,-0.553012,-12.538136,-13.091148,False,False,12,S36,False,8,0.304,delivery,,,,,,,,,,,,,,,,,,,,,,,,,,,,,,,,,,,,,,,,,,,,,,,,,,,,
45,15,18,7,S36,False,0,5,5,0,13,0,0,0,0,"['B394', 'B145', 'B345', 'B166', 'B161', 'B133', 'B615', 'B452', 'B255', 'B114', 'B612', 'B284', 'B677']",6.5,S6,15.23,13,5,18,0.0,,-0.413441,-12.630105,-13.043546,False,False,18,S0,True,10,0.4546,pickup,,,,,,,,,,,,,,,,,,,,,,,,,,,,,,,,,,,,,,,,,,,,,,,,,,,,
45,15,18,28,S6,False,13,5,18,11,0,0,0,0,0,"['B394', 'B145', 'B345', 'B166', 'B161', 'B133', 'B615', 'B452', 'B255', 'B114', 'B612']",5.5,S2,5.24,2,5,7,0.0,,-0.473809,-12.695412,-13.169221,False,False,18,S45,True,9,0.4815,delivery,,,,,,,,,,,,,,,,,,,,,,,,,,,,,,,,,,,,,,,,,,,,,,,,,,,,
45,15,18,39,S2,False,2,5,7,0,13,0,0,0,0,"['B765', 'B749', 'B422', 'B633', 'B66', 'B515', 'B412', 'B217', 'B396', 'B375', 'B238', 'B400', 'B231']",6.5,S62,6.61,15,5,20,0.0,,-0.63085,-12.757976,-13.388827,False,False,12,S62,False,9,0.3028,pickup,,,,,,,,,,,,,,,,,,,,,,,,,,,,,,,,,,,,,,,,,,,,,,,,,,,,
45,15,18,52,S62,False,15,5,20,10,0,0,0,0,0,"['B284', 'B677', 'B765', 'B749', 'B422', 'B633', 'B66', 'B515', 'B412', 'B217']",5.0,S46,2.76,5,5,10,0.0,,-0.336048,-12.821572,-13.15762,False,False,18,S44,True,8,0.4429,delivery,,,,,,,,,,,,,,,,,,,,,,,,,,,,,,,,,,,,,,,,,,,,,,,,,,,,
45,15,19,0,S46,False,5,5,10,0,10,0,0,0,0,"['B160', 'B454', 'B635', 'B509', 'B287', 'B29', 'B316', 'B745', 'B79', 'B38']",5.0,S44,1.44,15,5,20,0.0,,-0.276933,-12.832809,-13.109742,True,False,18,S44,False,16,0.42,pickup,,,,,,,,,,,,,,,,,,,,,,,,,,,,,,,,,,,,,,,,,,,,,,,,,,,,
45,15,19,6,S44,False,15,5,20,11,0,0,0,0,0,"['B396', 'B375', 'B238', 'B400', 'B231', 'B160', 'B454', 'B635', 'B509', 'B287', 'B29']",5.5,S64,3.2,4,5,9,0.0,,-0.295749,-12.899826,-13.195575,False,False,18,S63,True,13,0.4285,delivery,,,,,,,,,,,,,,,,,,,,,,,,,,,,,,,,,,,,,,,,,,,,,,,,,,,,
45,15,19,15,S64,False,4,5,9,4,0,0,0,0,0,"['B316', 'B745', 'B79', 'B38']",2.0,S31,1.37,0,5,5,0.0,,-0.375146,-12.750008,-13.125154,False,False,12,S53,True,7,0.307,delivery,,,,,,,,,,,,,,,,,,,,,,,,,,,,,,,,,,,,,,,,,,,,,,,,,,,,
45,15,19,18,S31,False,0,5,5,0,13,0,0,0,0,"['B59', 'B705', 'B385', 'B533', 'B609', 'B693', 'B153', 'B357', 'B354', 'B476', 'B382', 'B416', 'B234']",6.5,S39,3.72,13,5,18,0.0,,-0.295449,-12.7598,-13.05525,False,False,18,S53,True,14,0.4697,pickup,,,,,,,,,,,,,,,,,,,,,,,,,,,,,,,,,,,,,,,,,,,,,,,,,,,,
45,15,19,29,S39,False,13,5,18,11,0,0,0,0,0,"['B59', 'B705', 'B385', 'B533', 'B609', 'B693', 'B153', 'B357', 'B354', 'B476', 'B382']",5.5,S53,6.57,2,5,7,0.0,,-0.21696,-12.541241,-12.7582,False,False,18,S64,True,10,0.4826,delivery,,,,,,,,,,,,,,,,,,,,,,,,,,,,,,,,,,,,,,,,,,,,,,,,,,,,
45,15,19,41,S53,False,2,5,7,0,0,0,0,0,0,[],0.0,S63,1.49,2,5,7,0.0,,-0.098666,-12.561946,-12.660611,False,False,6,D0,True,3,0.148,do_nothing,,,,,,,,,,,,,,,,,,,,,,,,,,,,,,,,,,,,,,,,,,,,,,,,,,,,
45,15,19,42,S63,False,2,5,7,0,0,0,1,0,0,['B202'],0.5,S53,1.49,2,6,8,0.0,,-0.373844,-12.476995,-12.850839,True,True,18,S53,True,6,0.3701,do_nothing+depot_removal,,,,,,,,,,,,,,,,,,,,,,,,,,,,,,,,,,,,,,,,,,,,,,,,,,,,
45,15,19,44,S53,False,2,6,8,0,0,0,0,0,0,[],0.0,S63,1.49,2,6,8,0.0,,-0.236079,-12.596915,-12.832995,False,False,4,D0,True,1,0.1058,do_nothing,,,,,,,,,,,,,,,,,,,,,,,,,,,,,,,,,,,,,,,,,,,,,,,,,,,,
45,15,19,46,S63,False,2,6,8,0,0,0,0,0,0,[],0.0,S53,1.49,2,6,8,0.0,,-0.23558,-12.567969,-12.803549,False,False,5,S53,False,1,0.118,do_nothing,,,,,,,,,,,,,,,,,,,,,,,,,,,,,,,,,,,,,,,,,,,,,,,,,,,,
45,15,19,47,S53,False,2,6,8,0,12,0,0,0,0,"['B747', 'B246', 'B171', 'B459', 'B673', 'B721', 'B350', 'B510', 'B294', 'B260', 'B456', 'B687']",6.0,D0,1.77,14,6,20,0.0,,-0.176762,-12.776275,-12.953037,False,False,2,D0,False,1,0.0792,pickup,,,,,,,,,,,,,,,,,,,,,,,,,,,,,,,,,,,,,,,,,,,,,,,,,,,,
45,15,19,55,D0,True,14,6,20,0,0,0,0,6,6,"['B499', 'B276', 'B347', 'B377', 'B258', 'B647', 'B426', 'B330', 'B84', 'B321', 'B466', 'B202']",6.0,D0,0.0,20,0,20,0.0,,-0.334402,-12.549622,-12.884023,True,True,1,D0,False,0,0.0402,do_nothing,,,,,,,,,,,,,,,,,,,,,,,,,,,,,,,,,,,,,,,,,,,,,,,,,,,,
45,16,6,1,D0,True,20,0,20,0,0,0,0,0,0,[],0.0,S65,3.15,20,0,20,0.0,,-1.478798,-13.371393,-14.850191,True,True,5,S65,False,1,0.1217,depot_passthrough,,,,,,,,,,,,,,,,,,,,,,,,,,,,,,,,,,,,,,,,,,,,,,,,,,,,
45,16,6,19,S65,False,20,0,20,20,0,0,0,0,0,"['B416', 'B234', 'B747', 'B246', 'B171', 'B459', 'B673', 'B721', 'B350', 'B510', 'B294', 'B260', 'B456', 'B687', 'B499', 'B276', 'B347', 'B377', 'B258', 'B647']",10.0,S46,8.22,0,0,0,0.0,,-1.757678,-13.553182,-15.31086,False,False,12,S39,True,7,0.3643,delivery,,,,,,,,,,,,,,,,,,,,,,,,,,,,,,,,,,,,,,,,,,,,,,,,,,,,
45,16,6,37,S46,False,0,0,0,0,19,0,1,0,0,"['B545', 'B544', 'B681', 'B428', 'B579', 'B588', 'B53', 'B14', 'B254', 'B4', 'B90', 'B659', 'B548', 'B482', 'B11', 'B515', 'B405', 'B225', 'B18', 'B558']",10.0,S41,6.18,19,1,20,0.0,,-1.640559,-13.910249,-15.550807,True,True,30,S39,True,25,0.7792,pickup+depot_removal,,,,,,,,,,,,,,,,,,,,,,,,,,,,,,,,,,,,,,,,,,,,,,,,,,,,
45,16,6,54,S41,False,19,1,20,19,0,1,0,0,0,"['B545', 'B544', 'B681', 'B428', 'B579', 'B588', 'B53', 'B14', 'B254', 'B4', 'B90', 'B659', 'B548', 'B482', 'B11', 'B515', 'B405', 'B225', 'B18']",12.5,S52,4.13,0,1,1,0.0,,-1.855423,-13.952127,-15.80755,True,True,24,S53,True,21,0.6204,delivery+onsite,,,,,,,,,,,,,,,,,,,,,,,,,,,,,,,,,,,,,,,,,,,,,,,,,,,,
45,16,7,10,S52,False,0,1,1,0,9,0,0,0,0,"['B150', 'B12', 'B186', 'B180', 'B589', 'B401', 'B264', 'B528', 'B682']",4.5,S54,3.81,9,1,10,0.0,,-1.259992,-13.772643,-15.032635,False,False,18,S55,True,15,0.5083,pickup,,,,,,,,,,,,,,,,,,,,,,,,,,,,,,,,,,,,,,,,,,,,,,,,,,,,
45,16,7,18,S54,False,9,1,10,0,10,1,0,0,0,"['B410', 'B631', 'B398', 'B54', 'B353', 'B581', 'B231', 'B111', 'B221', 'B756']",8.0,S62,2.78,19,1,20,0.0,,-1.22285,-13.570803,-14.793653,True,True,24,S62,False,18,0.5468,pickup+onsite,,,,,,,,,,,,,,,,,,,,,,,,,,,,,,,,,,,,,,,,,,,,,,,,,,,,
45,16,7,29,S62,False,19,1,20,16,0,0,0,0,0,"['B150', 'B12', 'B186', 'B180', 'B589', 'B401', 'B264', 'B528', 'B682', 'B410', 'B631', 'B398', 'B54', 'B353', 'B581', 'B231']",8.0,S32,3.53,3,1,4,0.0,,-0.888259,-13.584736,-14.472995,False,False,18,S55,True,9,0.5768,delivery,,,,,,,,,,,,,,,,,,,,,,,,,,,,,,,,,,,,,,,,,,,,,,,,,,,,
45,16,7,41,S32,False,3,1,4,0,0,0,4,0,0,"['B113', 'B95', 'B361', 'B138']",2.0,S54,2.05,3,5,8,0.0,,-0.80862,-13.560568,-14.369187,True,True,90,S55,True,25,2.1984,do_nothing+depot_removal,,,,,,,,,,,,,,,,,,,,,,,,,,,,,,,,,,,,,,,,,,,,,,,,,,,,
45,16,7,45,S54,False,3,5,8,0,12,0,0,0,0,"['B473', 'B204', 'B335', 'B617', 'B256', 'B391', 'B537', 'B69', 'B740', 'B420', 'B394', 'B120']",6.0,S15,3.9,15,5,20,0.0,,-0.870692,-13.43792,-14.308612,False,False,12,S34,True,8,0.2864,pickup,,,,,,,,,,,,,,,,,,,,,,,,,,,,,,,,,,,,,,,,,,,,,,,,,,,,
45,16,7,55,S15,False,15,5,20,15,0,0,0,0,0,"['B111', 'B221', 'B756', 'B473', 'B204', 'B335', 'B617', 'B256', 'B391', 'B537', 'B69', 'B740', 'B420', 'B394', 'B120']",7.5,S55,4.77,0,5,5,0.0,,-0.553216,-13.340839,-13.894055,False,False,12,S55,False,6,0.4389,delivery,,,,,,,,,,,,,,,,,,,,,,,,,,,,,,,,,,,,,,,,,,,,,,,,,,,,
45,16,8,7,S55,False,0,5,5,0,15,0,0,0,0,"['B251', 'B252', 'B470', 'B406', 'B636', 'B389', 'B351', 'B540', 'B502', 'B268', 'B450', 'B494', 'B583', 'B46', 'B127']",7.5,S27,5.34,15,5,20,0.0,,-0.353973,-13.273789,-13.627762,False,False,12,S12,True,10,0.3221,pickup,,,,,,,,,,,,,,,,,,,,,,,,,,,,,,,,,,,,,,,,,,,,,,,,,,,,
45,16,8,20,S27,False,15,5,20,15,0,0,0,0,0,"['B251', 'B252', 'B470', 'B406', 'B636', 'B389', 'B351', 'B540', 'B502', 'B268', 'B450', 'B494', 'B583', 'B46', 'B127']",7.5,S44,4.5,0,5,5,0.0,,-0.394719,-13.228654,-13.623373,False,False,18,S12,True,12,0.5834,delivery,,,,,,,,,,,,,,,,,,,,,,,,,,,,,,,,,,,,,,,,,,,,,,,,,,,,
45,16,8,32,S44,False,0,5,5,0,12,0,0,0,0,"['B509', 'B287', 'B29', 'B109', 'B28', 'B517', 'B680', 'B624', 'B67', 'B285', 'B238', 'B63']",6.0,S12,5.82,12,5,17,0.0,,-0.392969,-13.069193,-13.462161,False,False,18,S46,True,13,0.5548,pickup,,,,,,,,,,,,,,,,,,,,,,,,,,,,,,,,,,,,,,,,,,,,,,,,,,,,
45,16,8,44,S12,False,12,5,17,12,0,0,1,0,0,"['B413', 'B509', 'B287', 'B29', 'B109', 'B28', 'B517', 'B680', 'B624', 'B67', 'B285', 'B238', 'B63']",6.5,S37,6.56,0,6,6,0.0,,-0.570424,-13.248615,-13.819038,True,True,24,S51,True,19,0.6778,delivery+depot_removal,,,,,,,,,,,,,,,,,,,,,,,,,,,,,,,,,,,,,,,,,,,,,,,,,,,,
45,16,8,57,S37,False,0,6,6,0,14,0,0,0,0,"['B360', 'B339', 'B192', 'B50', 'B676', 'B55', 'B304', 'B608', 'B356', 'B32', 'B480', 'B279', 'B234', 'B334']",7.0,S26,7.79,14,6,20,0.0,,-0.453836,-13.267457,-13.721292,False,False,12,S61,True,10,0.29,pickup,,,,,,,,,,,,,,,,,,,,,,,,,,,,,,,,,,,,,,,,,,,,,,,,,,,,
45,16,9,12,S26,False,14,6,20,14,0,0,0,0,0,"['B360', 'B339', 'B192', 'B50', 'B676', 'B55', 'B304', 'B608', 'B356', 'B32', 'B480', 'B279', 'B234', 'B334']",7.0,S36,10.11,0,6,6,0.0,,-0.493592,-13.184556,-13.678148,False,False,12,S53,True,6,0.3114,delivery,,,,,,,,,,,,,,,,,,,,,,,,,,,,,,,,,,,,,,,,,,,,,,,,,,,,
45,16,9,29,S36,False,0,6,6,0,14,0,0,0,0,"['B283', 'B155', 'B744', 'B407', 'B286', 'B82', 'B20', 'B594', 'B201', 'B505', 'B704', 'B580', 'B693', 'B732']",7.0,S53,2.92,14,6,20,0.0,,-0.926155,-13.409332,-14.335487,False,False,12,S31,True,7,0.3083,pickup,,,,,,,,,,,,,,,,,,,,,,,,,,,,,,,,,,,,,,,,,,,,,,,,,,,,
45,16,9,39,S53,False,14,6,20,14,0,0,0,0,0,"['B283', 'B155', 'B744', 'B407', 'B286', 'B82', 'B20', 'B594', 'B201', 'B505', 'B704', 'B580', 'B693', 'B732']",7.0,S43,2.08,0,6,6,0.0,,-0.687771,-13.389917,-14.077688,False,False,12,S45,True,8,0.3381,delivery,,,,,,,,,,,,,,,,,,,,,,,,,,,,,,,,,,,,,,,,,,,,,,,,,,,,
45,16,9,48,S43,False,0,6,6,0,14,0,0,0,0,"['B765', 'B338', 'B596', 'B275', 'B696', 'B556', 'B554', 'B196', 'B94', 'B61', 'B135', 'B531', 'B707', 'B592']",7.0,S20,12.01,14,6,20,0.0,,-0.532934,-13.346694,-13.879628,False,False,18,S31,True,9,0.4811,pickup,,,,,,,,,,,,,,,,,,,,,,,,,,,,,,,,,,,,,,,,,,,,,,,,,,,,
45,16,10,7,S20,False,14,6,20,10,0,0,0,0,0,"['B765', 'B338', 'B596', 'B275', 'B696', 'B556', 'B554', 'B196', 'B94', 'B61']",5.0,S49,8.8,4,6,10,0.0,,-0.512256,-13.515325,-14.027582,False,False,18,S34,True,10,0.415,delivery,,,,,,,,,,,,,,,,,,,,,,,,,,,,,,,,,,,,,,,,,,,,,,,,,,,,
45,16,10,20,S49,False,4,6,10,0,0,0,0,0,0,[],0.0,S16,4.59,4,6,10,0.0,,-0.631005,-13.739969,-14.370974,False,False,12,S13,True,4,0.2734,do_nothing,,,,,,,,,,,,,,,,,,,,,,,,,,,,,,,,,,,,,,,,,,,,,,,,,,,,
45,16,10,25,S16,False,4,6,10,0,9,0,0,0,0,"['B197', 'B730', 'B97', 'B59', 'B443', 'B650', 'B158', 'B668', 'B41']",4.5,S34,5.13,13,6,19,0.0,,-0.609876,-13.548393,-14.158269,False,False,18,S34,False,13,0.3787,pickup,,,,,,,,,,,,,,,,,,,,,,,,,,,,,,,,,,,,,,,,,,,,,,,,,,,,
45,16,10,35,S34,False,13,6,19,13,0,0,0,0,0,"['B135', 'B531', 'B707', 'B592', 'B197', 'B730', 'B97', 'B59', 'B443', 'B650', 'B158', 'B668', 'B41']",6.5,S62,2.8,0,6,6,0.0,,-0.533184,-13.734862,-14.268046,False,False,12,S49,True,7,0.2883,delivery,,,,,,,,,,,,,,,,,,,,,,,,,,,,,,,,,,,,,,,,,,,,,,,,,,,,
45,16,10,44,S62,False,0,6,6,0,14,0,0,0,0,"['B682', 'B410', 'B631', 'B398', 'B54', 'B353', 'B581', 'B231', 'B454', 'B53', 'B530', 'B438', 'B547', 'B38']",7.0,S4,2.49,14,6,20,0.0,,-0.414149,-13.777687,-14.191836,False,False,12,S31,True,9,0.2808,pickup,,,,,,,,,,,,,,,,,,,,,,,,,,,,,,,,,,,,,,,,,,,,,,,,,,,,
45,16,10,53,S4,False,14,6,20,9,0,0,0,0,0,"['B682', 'B410', 'B631', 'B398', 'B54', 'B353', 'B581', 'B231', 'B454']",4.5,S8,15.61,5,6,11,0.0,,-0.47346,-13.909622,-14.383082,False,False,18,S26,True,8,0.3897,delivery,,,,,,,,,,,,,,,,,,,,,,,,,,,,,,,,,,,,,,,,,,,,,,,,,,,,
45,16,11,14,S8,False,5,6,11,0,0,0,0,0,0,[],0.0,S32,11.12,5,6,11,0.0,,-0.631949,-13.898824,-14.530773,False,False,12,S26,True,2,0.3021,do_nothing,,,,,,,,,,,,,,,,,,,,,,,,,,,,,,,,,,,,,,,,,,,,,,,,,,,,
45,16,11,25,S32,False,5,6,11,0,9,0,0,0,0,"['B307', 'B142', 'B507', 'B584', 'B75', 'B677', 'B387', 'B278', 'B625']",4.5,S35,3.98,14,6,20,0.0,,-0.789649,-14.037136,-14.826784,False,False,12,S35,False,7,0.2881,pickup,,,,,,,,,,,,,,,,,,,,,,,,,,,,,,,,,,,,,,,,,,,,,,,,,,,,
45,16,11,33,S35,False,14,6,20,14,0,0,1,0,0,"['B228', 'B53', 'B530', 'B438', 'B547', 'B38', 'B307', 'B142', 'B507', 'B584', 'B75', 'B677', 'B387', 'B278', 'B625']",7.5,S52,6.71,0,7,7,0.0,,-0.393671,-13.963162,-14.356833,True,True,30,S26,True,26,0.735,delivery+depot_removal,,,,,,,,,,,,,,,,,,,,,,,,,,,,,,,,,,,,,,,,,,,,,,,,,,,,
45,16,11,47,S52,False,0,7,7,0,10,0,0,0,0,"['B365', 'B709', 'B328', 'B50', 'B514', 'B343', 'B608', 'B753', 'B607', 'B208']",5.0,S54,3.81,10,7,17,0.0,,-0.867937,-14.005727,-14.873664,False,False,18,S55,True,16,0.4078,pickup,,,,,,,,,,,,,,,,,,,,,,,,,,,,,,,,,,,,,,,,,,,,,,,,,,,,
45,16,11,56,S54,False,10,7,17,10,0,0,0,0,0,"['B365', 'B709', 'B328', 'B50', 'B514', 'B343', 'B608', 'B753', 'B607', 'B208']",5.0,S55,0.95,0,7,7,0.0,,-0.671897,-13.931936,-14.603832,False,False,12,S26,True,7,0.3293,delivery,,,,,,,,,,,,,,,,,,,,,,,,,,,,,,,,,,,,,,,,,,,,,,,,,,,,
45,16,12,2,S55,False,0,7,7,0,0,0,0,0,0,[],0.0,S65,9.08,0,7,7,0.0,,-0.553157,-13.931888,-14.485045,False,False,18,S65,False,1,0.4366,do_nothing,,,,,,,,,,,,,,,,,,,,,,,,,,,,,,,,,,,,,,,,,,,,,,,,,,,,
45,16,12,11,S65,False,0,7,7,0,13,0,0,0,0,"['B456', 'B687', 'B499', 'B276', 'B347', 'B377', 'B258', 'B647', 'B288', 'B582', 'B713', 'B760', 'B567']",6.5,S50,9.57,13,7,20,0.0,,-0.511355,-13.792569,-14.303924,False,False,12,S26,True,7,0.3143,pickup,,,,,,,,,,,,,,,,,,,,,,,,,,,,,,,,,,,,,,,,,,,,,,,,,,,,
45,16,12,27,S50,False,13,7,20,13,0,0,1,0,0,"['B57', 'B456', 'B687', 'B499', 'B276', 'B347', 'B377', 'B258', 'B647', 'B288', 'B582', 'B713', 'B760', 'B567']",7.0,S42,2.31,0,8,8,0.0,,-0.982169,-14.004125,-14.986294,True,True,18,S26,True,13,0.4551,delivery+depot_removal,,,,,,,,,,,,,,,,,,,,,,,,,,,,,,,,,,,,,,,,,,,,,,,,,,,,
45,16,12,37,S42,False,0,8,8,0,12,0,0,0,0,"['B108', 'B543', 'B317', 'B26', 'B342', 'B121', 'B370', 'B406', 'B654', 'B81', 'B74', 'B86']",6.0,S54,4.21,12,8,20,0.0,,-0.903332,-13.961485,-14.864818,False,False,12,S55,True,7,0.3167,pickup,,,,,,,,,,,,,,,,,,,,,,,,,,,,,,,,,,,,,,,,,,,,,,,,,,,,
45,16,12,47,S54,False,12,8,20,12,0,0,0,0,0,"['B108', 'B543', 'B317', 'B26', 'B342', 'B121', 'B370', 'B406', 'B654', 'B81', 'B74', 'B86']",6.0,S66,5.58,0,8,8,0.0,,-0.963492,-13.900482,-14.863974,False,False,12,S26,True,10,0.3585,delivery,,,,,,,,,,,,,,,,,,,,,,,,,,,,,,,,,,,,,,,,,,,,,,,,,,,,
45,16,12,58,S66,False,0,8,8,0,12,1,0,0,0,"['B143', 'B339', 'B375', 'B5', 'B136', 'B365', 'B600', 'B709', 'B343', 'B389', 'B278', 'B19']",9.0,S35,8.23,12,8,20,0.0,,-1.105513,-13.986431,-15.091944,True,True,36,S55,True,20,0.9014,pickup+onsite,,,,,,,,,,,,,,,,,,,,,,,,,,,,,,,,,,,,,,,,,,,,,,,,,,,,
45,16,13,16,S35,False,12,8,20,12,0,0,0,0,0,"['B143', 'B339', 'B375', 'B5', 'B136', 'B365', 'B600', 'B709', 'B343', 'B389', 'B278', 'B19']",6.0,S55,3.04,0,8,8,0.0,,-1.594701,-13.805699,-15.4004,False,False,12,S57,True,7,0.3791,delivery,,,,,,,,,,,,,,,,,,,,,,,,,,,,,,,,,,,,,,,,,,,,,,,,,,,,
45,16,13,25,S55,False,0,8,8,0,12,0,0,0,0,"['B549', 'B176', 'B43', 'B725', 'B85', 'B171', 'B474', 'B191', 'B623', 'B277', 'B754', 'B533']",6.0,S26,6.67,12,8,20,0.0,,-1.889816,-13.772665,-15.66248,False,False,18,S0,True,12,0.5436,pickup,,,,,,,,,,,,,,,,,,,,,,,,,,,,,,,,,,,,,,,,,,,,,,,,,,,,
45,16,13,37,S26,False,12,8,20,12,0,0,0,0,0,"['B549', 'B176', 'B43', 'B725', 'B85', 'B171', 'B474', 'B191', 'B623', 'B277', 'B754', 'B533']",6.0,S30,6.33,0,8,8,0.0,,-1.636901,-13.681095,-15.317996,False,False,12,S36,True,7,0.3765,delivery,,,,,,,,,,,,,,,,,,,,,,,,,,,,,,,,,,,,,,,,,,,,,,,,,,,,
45,16,13,50,S30,False,0,8,8,0,9,0,1,0,0,"['B78', 'B458', 'B62', 'B733', 'B20', 'B364', 'B248', 'B45', 'B708', 'B0']",5.0,S44,5.63,9,9,18,0.0,,-2.482262,-14.119166,-16.601428,True,True,36,S47,True,31,0.9293,pickup+depot_removal,,,,,,,,,,,,,,,,,,,,,,,,,,,,,,,,,,,,,,,,,,,,,,,,,,,,
45,16,14,0,S44,False,9,9,18,8,0,0,0,0,0,"['B78', 'B458', 'B62', 'B733', 'B20', 'B364', 'B248', 'B45']",4.0,S51,3.83,1,9,10,0.0,,-2.502063,-13.955853,-16.457916,False,False,18,S36,True,10,0.525,delivery,,,,,,,,,,,,,,,,,,,,,,,,,,,,,,,,,,,,,,,,,,,,,,,,,,,,
45,16,14,8,S51,False,1,9,10,0,10,2,0,0,0,"['B23', 'B646', 'B438', 'B668', 'B271', 'B686', 'B579', 'B406', 'B667', 'B245']",11.0,S63,3.43,11,9,20,0.0,,-2.603303,-13.980703,-16.584006,True,True,54,S35,True,48,1.1995,pickup+onsite,,,,,,,,,,,,,,,,,,,,,,,,,,,,,,,,,,,,,,,,,,,,,,,,,,,,
45,16,14,23,S63,False,11,9,20,11,0,0,0,0,0,"['B708', 'B23', 'B646', 'B438', 'B668', 'B271', 'B686', 'B579', 'B406', 'B667', 'B245']",5.5,S65,7.4,0,9,9,0.0,,-1.913176,-14.16433,-16.077506,False,False,12,S66,True,7,0.2574,delivery,,,,,,,,,,,,,,,,,,,,,,,,,,,,,,,,,,,,,,,,,,,,,,,,,,,,
45,16,14,35,S65,False,0,9,9,0,11,0,0,0,0,"['B147', 'B544', 'B68', 'B593', 'B269', 'B82', 'B72', 'B439', 'B506', 'B575', 'B63']",5.5,S29,8.87,11,9,20,0.0,,-1.559059,-13.993676,-15.552735,False,False,12,S29,False,6,0.3024,pickup,,,,,,,,,,,,,,,,,,,,,,,,,,,,,,,,,,,,,,,,,,,,,,,,,,,,
45,16,14,50,S29,False,11,9,20,11,0,1,0,0,0,"['B147', 'B544', 'B68', 'B593', 'B269', 'B82', 'B72', 'B439', 'B506', 'B575', 'B63']",8.5,S35,1.95,0,9,9,0.0,,-1.44157,-13.948034,-15.389603,True,True,24,S36,True,18,0.7532,delivery+onsite,,,,,,,,,,,,,,,,,,,,,,,,,,,,,,,,,,,,,,,,,,,,,,,,,,,,
45,16,15,0,S35,False,0,9,9,0,11,0,0,0,0,"['B96', 'B339', 'B520', 'B24', 'B304', 'B70', 'B264', 'B680', 'B121', 'B409', 'B694']",5.5,S26,6.42,11,9,20,0.0,,-0.788182,-13.799785,-14.587967,False,False,18,S66,True,7,1.133,pickup,,,,,,,,,,,,,,,,,,,,,,,,,,,,,,,,,,,,,,,,,,,,,,,,,,,,
45,16,15,12,S26,False,11,9,20,11,0,0,0,0,0,"['B96', 'B339', 'B520', 'B24', 'B304', 'B70', 'B264', 'B680', 'B121', 'B409', 'B694']",5.5,S66,5.64,0,9,9,0.0,,-1.831838,-13.932581,-15.764419,False,False,12,S42,True,7,0.293,delivery,,,,,,,,,,,,,,,,,,,,,,,,,,,,,,,,,,,,,,,,,,,,,,,,,,,,
45,16,15,23,S66,False,0,9,9,0,11,0,0,0,0,"['B765', 'B26', 'B247', 'B172', 'B233', 'B44', 'B700', 'B201', 'B436', 'B106', 'B437']",5.5,S50,7.23,11,9,20,0.0,,-1.300855,-13.74037,-15.041225,False,False,12,S39,True,7,0.3527,pickup,,,,,,,,,,,,,,,,,,,,,,,,,,,,,,,,,,,,,,,,,,,,,,,,,,,,
45,16,15,36,S50,False,11,9,20,11,0,0,0,0,0,"['B765', 'B26', 'B247', 'B172', 'B233', 'B44', 'B700', 'B201', 'B436', 'B106', 'B437']",5.5,S41,8.63,0,9,9,0.0,,-1.281174,-13.602789,-14.883963,True,False,24,S42,True,12,0.5614,delivery,,,,,,,,,,,,,,,,,,,,,,,,,,,,,,,,,,,,,,,,,,,,,,,,,,,,
45,16,15,50,S41,False,0,9,9,0,11,1,0,0,0,"['B757', 'B656', 'B634', 'B377', 'B40', 'B20', 'B124', 'B620', 'B623', 'B489', 'B474']",8.5,S51,8.36,11,9,20,0.0,,-1.164448,-13.435651,-14.600099,True,True,24,S39,True,19,0.5884,pickup+onsite,,,,,,,,,,,,,,,,,,,,,,,,,,,,,,,,,,,,,,,,,,,,,,,,,,,,
45,16,16,7,S51,False,11,9,20,11,0,0,2,0,0,"['B2', 'B721', 'B757', 'B656', 'B634', 'B377', 'B40', 'B20', 'B124', 'B620', 'B623', 'B489', 'B474']",6.5,S16,3.59,0,11,11,0.0,,-1.121277,-13.522122,-14.643399,True,True,42,S57,True,39,0.9389,delivery+depot_removal,,,,,,,,,,,,,,,,,,,,,,,,,,,,,,,,,,,,,,,,,,,,,,,,,,,,
45,16,16,17,S16,False,0,11,11,0,0,0,0,0,0,[],0.0,S60,4.19,0,11,11,0.0,,-0.729866,-13.488416,-14.218283,False,False,18,S2,True,1,0.3889,do_nothing,,,,,,,,,,,,,,,,,,,,,,,,,,,,,,,,,,,,,,,,,,,,,,,,,,,,
45,16,16,21,S60,False,0,11,11,0,9,0,0,0,0,"['B547', 'B728', 'B750', 'B682', 'B213', 'B522', 'B54', 'B410', 'B539']",4.5,S2,4.09,9,11,20,0.0,,-0.473413,-13.483872,-13.957285,False,False,12,S16,True,6,0.2679,pickup,,,,,,,,,,,,,,,,,,,,,,,,,,,,,,,,,,,,,,,,,,,,,,,,,,,,
45,16,16,30,S2,False,9,11,20,9,0,0,0,0,0,"['B547', 'B728', 'B750', 'B682', 'B213', 'B522', 'B54', 'B410', 'B539']",4.5,S22,1.21,0,11,11,0.0,,-0.889865,-13.521559,-14.411423,False,False,12,S55,True,6,0.281,delivery,,,,,,,,,,,,,,,,,,,,,,,,,,,,,,,,,,,,,,,,,,,,,,,,,,,,
45,16,16,36,S22,False,0,11,11,0,9,1,0,0,0,"['B240', 'B577', 'B112', 'B427', 'B595', 'B421', 'B524', 'B703', 'B510']",7.5,S24,6.27,9,11,20,0.0,,-0.552157,-13.472377,-14.024534,True,True,24,S2,True,19,0.5433,pickup+onsite,,,,,,,,,,,,,,,,,,,,,,,,,,,,,,,,,,,,,,,,,,,,,,,,,,,,
45,16,16,49,S24,False,9,11,20,9,0,0,0,0,0,"['B240', 'B577', 'B112', 'B427', 'B595', 'B421', 'B524', 'B703', 'B510']",4.5,S41,7.02,0,11,11,0.0,,-0.889066,-13.119721,-14.008787,False,False,12,S55,True,6,0.3288,delivery,,,,,,,,,,,,,,,,,,,,,,,,,,,,,,,,,,,,,,,,,,,,,,,,,,,,
45,16,17,1,S41,False,0,11,11,0,9,0,0,0,0,"['B175', 'B550', 'B396', 'B454', 'B323', 'B747', 'B378', 'B190', 'B209']",4.5,S57,9.56,9,11,20,0.0,,-0.373244,-13.170387,-13.543631,False,False,12,S39,True,7,0.2922,pickup,,,,,,,,,,,,,,,,,,,,,,,,,,,,,,,,,,,,,,,,,,,,,,,,,,,,
45,16,17,15,S57,False,9,11,20,9,0,1,0,0,0,"['B175', 'B550', 'B396', 'B454', 'B323', 'B747', 'B378', 'B190', 'B209']",7.5,S54,2.65,0,11,11,0.0,,-0.23548,-13.067211,-13.30269,True,True,24,S42,True,22,0.6992,delivery+onsite,,,,,,,,,,,,,,,,,,,,,,,,,,,,,,,,,,,,,,,,,,,,,,,,,,,,
45,16,17,25,S54,False,0,11,11,0,9,1,0,0,0,"['B734', 'B635', 'B507', 'B416', 'B432', 'B55', 'B581', 'B497', 'B233']",7.5,S56,1.7,9,11,20,0.0,,-0.256708,-13.136157,-13.392865,True,True,60,S3,True,55,1.5713,pickup+onsite,,,,,,,,,,,,,,,,,,,,,,,,,,,,,,,,,,,,,,,,,,,,,,,,,,,,
45,16,17,34,S56,False,9,11,20,5,0,3,0,0,0,"['B734', 'B635', 'B507', 'B416', 'B432']",11.5,S65,10.07,4,11,15,0.0,,-0.374494,-13.134318,-13.508812,True,True,72,S36,True,45,1.4216,delivery+onsite,,,,,,,,,,,,,,,,,,,,,,,,,,,,,,,,,,,,,,,,,,,,,,,,,,,,
45,16,17,56,S65,False,4,11,15,0,5,0,0,0,0,"['B737', 'B345', 'B746', 'B519', 'B340']",2.5,S42,11.85,9,11,20,0.0,,-0.47256,-13.108516,-13.581075,False,False,12,S42,False,7,0.2723,pickup,,,,,,,,,,,,,,,,,,,,,,,,,,,,,,,,,,,,,,,,,,,,,,,,,,,,
45,16,18,10,S42,False,9,11,20,9,0,0,0,0,0,"['B55', 'B581', 'B497', 'B233', 'B737', 'B345', 'B746', 'B519', 'B340']",4.5,S62,6.87,0,11,11,0.0,,-0.394516,-12.969782,-13.364297,False,False,12,S62,False,6,0.2878,delivery,,,,,,,,,,,,,,,,,,,,,,,,,,,,,,,,,,,,,,,,,,,,,,,,,,,,
45,16,18,22,S62,False,0,11,11,0,9,1,0,0,0,"['B142', 'B101', 'B389', 'B90', 'B689', 'B546', 'B91', 'B104', 'B150']",7.5,S63,2.46,9,11,20,0.0,,-0.237583,-12.983567,-13.22115,True,True,36,S65,True,31,0.7391,pickup+onsite,,,,,,,,,,,,,,,,,,,,,,,,,,,,,,,,,,,,,,,,,,,,,,,,,,,,
45,16,18,32,S63,False,9,11,20,9,0,0,0,0,0,"['B142', 'B101', 'B389', 'B90', 'B689', 'B546', 'B91', 'B104', 'B150']",4.5,S22,8.69,0,11,11,0.0,,-0.474763,-12.951973,-13.426736,False,False,12,S23,True,8,0.273,delivery,,,,,,,,,,,,,,,,,,,,,,,,,,,,,,,,,,,,,,,,,,,,,,,,,,,,
45,16,18,45,S22,False,0,11,11,0,9,0,0,0,0,"['B140', 'B417', 'B77', 'B164', 'B503', 'B132', 'B152', 'B282', 'B256']",4.5,S23,1.6,9,11,20,0.0,,-0.138563,-13.092502,-13.231065,False,False,12,S65,True,7,0.2874,pickup,,,,,,,,,,,,,,,,,,,,,,,,,,,,,,,,,,,,,,,,,,,,,,,,,,,,
45,16,18,51,S23,False,9,11,20,9,0,0,1,0,0,"['B478', 'B140', 'B417', 'B77', 'B164', 'B503', 'B132', 'B152', 'B282', 'B256']",5.0,S65,2.48,0,12,12,0.0,,-0.236435,-13.025262,-13.261697,True,True,18,S65,False,12,0.4173,delivery+depot_removal,,,,,,,,,,,,,,,,,,,,,,,,,,,,,,,,,,,,,,,,,,,,,,,,,,,,
45,16,18,58,S65,False,0,12,12,0,8,0,0,0,0,"['B207', 'B621', 'B566', 'B353', 'B548', 'B342', 'B733', 'B387']",4.0,S13,5.55,8,12,20,0.0,,-0.3333,-13.099136,-13.432436,False,False,12,S61,True,7,0.2779,pickup,,,,,,,,,,,,,,,,,,,,,,,,,,,,,,,,,,,,,,,,,,,,,,,,,,,,
45,16,19,8,S13,False,8,12,20,8,0,1,0,0,0,"['B207', 'B621', 'B566', 'B353', 'B548', 'B342', 'B733', 'B387']",7.0,S43,12.6,0,12,12,0.0,,-0.316278,-13.299058,-13.615336,True,True,24,S1,True,20,0.5174,delivery+onsite,,,,,,,,,,,,,,,,,,,,,,,,,,,,,,,,,,,,,,,,,,,,,,,,,,,,
45,16,19,28,S43,False,0,12,12,0,8,0,0,0,0,"['B317', 'B129', 'B288', 'B6', 'B200', 'B729', 'B324', 'B64']",4.0,S39,4.89,8,12,20,0.0,,-0.157484,-13.085384,-13.242868,False,False,11,S3,True,6,0.2481,pickup,,,,,,,,,,,,,,,,,,,,,,,,,,,,,,,,,,,,,,,,,,,,,,,,,,,,
45,16,19,36,S39,False,8,12,20,8,0,0,0,0,0,"['B317', 'B129', 'B288', 'B6', 'B200', 'B729', 'B324', 'B64']",4.0,S60,2.89,0,12,12,0.0,,-0.158239,-13.062767,-13.221006,False,False,7,S64,True,4,0.1979,delivery,,,,,,,,,,,,,,,,,,,,,,,,,,,,,,,,,,,,,,,,,,,,,,,,,,,,
45,16,19,43,S60,False,0,12,12,0,0,0,0,0,0,[],0.0,S33,3.7,0,12,12,0.0,,-0.078947,-13.052957,-13.131903,False,False,5,D0,True,2,0.1501,do_nothing,,,,,,,,,,,,,,,,,,,,,,,,,,,,,,,,,,,,,,,,,,,,,,,,,,,,
45,16,19,47,S33,False,0,12,12,0,0,0,0,0,0,[],0.0,S40,1.51,0,12,12,0.0,,-0.099219,-13.111465,-13.210684,False,False,4,S62,True,1,0.1159,do_nothing,,,,,,,,,,,,,,,,,,,,,,,,,,,,,,,,,,,,,,,,,,,,,,,,,,,,
45,16,19,48,S40,False,0,12,12,0,7,0,0,0,0,"['B502', 'B156', 'B419', 'B600', 'B555', 'B137', 'B677']",3.5,D0,0.66,7,12,19,0.0,,-0.079093,-13.188246,-13.267339,False,False,3,D0,False,1,0.1022,pickup,,,,,,,,,,,,,,,,,,,,,,,,,,,,,,,,,,,,,,,,,,,,,,,,,,,,
45,16,19,53,D0,True,7,12,19,0,0,0,0,12,5,"['B695', 'B552', 'B30', 'B429', 'B572', 'B558', 'B113', 'B95', 'B361', 'B138', 'B413', 'B228', 'B57', 'B0', 'B2', 'B721', 'B478']",8.5,D0,0.0,12,0,12,0.0,,-0.138614,-13.241052,-13.379667,True,True,1,D0,False,0,0.0487,do_nothing,,,,,,,,,,,,,,,,,,,,,,,,,,,,,,,,,,,,,,,,,,,,,,,,,,,,
45,17,6,1,D0,True,12,0,12,0,0,0,0,0,6,"['B426', 'B330', 'B84', 'B321', 'B466', 'B202']",3.0,S65,3.15,18,0,18,0.0,,-1.613045,-13.455133,-15.068178,True,True,5,S27,True,2,0.1641,load_queue,,,,,,,,,,,,,,,,,,,,,,,,,,,,,,,,,,,,,,,,,,,,,,,,,,,,
45,17,6,22,S65,False,18,0,18,18,0,0,0,0,0,"['B502', 'B156', 'B419', 'B600', 'B555', 'B137', 'B677', 'B695', 'B552', 'B30', 'B429', 'B572', 'B426', 'B330', 'B84', 'B321', 'B466', 'B202']",9.0,S54,8.42,0,0,0,0.0,,-1.204888,-13.563058,-14.767946,False,False,12,S3,True,8,0.3596,delivery,,,,,,,,,,,,,,,,,,,,,,,,,,,,,,,,,,,,,,,,,,,,,,,,,,,,
45,17,6,40,S54,False,0,0,0,0,18,0,1,0,0,"['B206', 'B189', 'B610', 'B512', 'B164', 'B385', 'B345', 'B157', 'B103', 'B717', 'B742', 'B536', 'B508', 'B141', 'B660', 'B247', 'B246', 'B611', 'B514']",9.5,S41,6.96,18,1,19,0.0,,-0.809917,-13.431967,-14.241885,True,True,36,S39,True,32,0.9473,pickup+depot_removal,,,,,,,,,,,,,,,,,,,,,,,,,,,,,,,,,,,,,,,,,,,,,,,,,,,,
45,17,6,56,S41,False,18,1,19,18,0,0,0,0,0,"['B206', 'B189', 'B610', 'B512', 'B164', 'B385', 'B345', 'B157', 'B103', 'B717', 'B742', 'B536', 'B508', 'B141', 'B660', 'B247', 'B246', 'B611']",9.0,S35,9.63,0,1,1,0.0,,-0.691474,-13.404314,-14.095788,False,False,12,S39,True,9,0.3162,delivery,,,,,,,,,,,,,,,,,,,,,,,,,,,,,,,,,,,,,,,,,,,,,,,,,,,,
45,17,7,15,S35,False,0,1,1,0,13,0,0,0,0,"['B497', 'B526', 'B20', 'B663', 'B706', 'B519', 'B153', 'B169', 'B486', 'B485', 'B243', 'B55', 'B593']",6.5,S27,6.86,13,1,14,0.0,,-0.731526,-13.274758,-14.006284,False,False,18,S3,True,13,0.4608,pickup,,,,,,,,,,,,,,,,,,,,,,,,,,,,,,,,,,,,,,,,,,,,,,,,,,,,
45,17,7,28,S27,False,13,1,14,13,0,0,0,0,0,"['B497', 'B526', 'B20', 'B663', 'B706', 'B519', 'B153', 'B169', 'B486', 'B485', 'B243', 'B55', 'B593']",6.5,S44,4.5,0,1,1,0.0,,-0.473566,-13.121143,-13.594709,False,False,12,S56,True,8,0.3292,delivery,,,,,,,,,,,,,,,,,,,,,,,,,,,,,,,,,,,,,,,,,,,,,,,,,,,,
45,17,7,39,S44,False,0,1,1,0,10,1,0,0,0,"['B460', 'B215', 'B475', 'B258', 'B395', 'B94', 'B185', 'B549', 'B755', 'B598']",8.0,S47,6.18,10,1,11,0.0,,-0.355778,-13.121988,-13.477766,True,True,36,S47,False,34,0.9612,pickup+onsite,,,,,,,,,,,,,,,,,,,,,,,,,,,,,,,,,,,,,,,,,,,,,,,,,,,,
45,17,7,53,S47,False,10,1,11,0,9,0,0,0,0,"['B182', 'B683', 'B551', 'B752', 'B641', 'B616', 'B521', 'B21', 'B567']",4.5,S61,3.69,19,1,20,0.0,,-0.533736,-13.246063,-13.779799,False,False,12,S61,False,9,0.4337,pickup,,,,,,,,,,,,,,,,,,,,,,,,,,,,,,,,,,,,,,,,,,,,,,,,,,,,
45,17,8,2,S61,False,19,1,20,7,0,0,0,0,0,"['B460', 'B215', 'B475', 'B258', 'B395', 'B94', 'B185']",3.5,S66,1.13,12,1,13,0.0,,-0.392468,-13.263228,-13.655697,False,False,18,S62,True,13,0.4932,delivery,,,,,,,,,,,,,,,,,,,,,,,,,,,,,,,,,,,,,,,,,,,,,,,,,,,,
45,17,8,6,S66,False,12,1,13,12,0,0,1,0,0,"['B25', 'B549', 'B755', 'B598', 'B182', 'B683', 'B551', 'B752', 'B641', 'B616', 'B521', 'B21', 'B567']",6.5,S32,6.41,0,2,2,0.0,,-0.393719,-13.220382,-13.614101,True,True,24,S64,True,19,0.6543,delivery+depot_removal,,,,,,,,,,,,,,,,,,,,,,,,,,,,,,,,,,,,,,,,,,,,,,,,,,,,
45,17,8,19,S32,False,0,2,2,0,12,0,0,0,0,"['B484', 'B613', 'B354', 'B380', 'B482', 'B293', 'B188', 'B688', 'B287', 'B644', 'B383', 'B530']",6.0,S55,1.17,12,2,14,0.0,,-0.592614,-13.231655,-13.824269,False,False,18,S55,False,15,0.5317,pickup,,,,,,,,,,,,,,,,,,,,,,,,,,,,,,,,,,,,,,,,,,,,,,,,,,,,
45,17,8,26,S55,False,12,2,14,0,6,0,0,0,0,"['B52', 'B550', 'B273', 'B638', 'B488', 'B535']",3.0,S51,5.48,18,2,20,0.0,,-0.628209,-13.300436,-13.928645,True,False,24,S51,True,13,0.677,pickup,,,,,,,,,,,,,,,,,,,,,,,,,,,,,,,,,,,,,,,,,,,,,,,,,,,,
45,17,8,35,S51,False,18,2,20,14,0,0,1,0,0,"['B396', 'B484', 'B613', 'B354', 'B380', 'B482', 'B293', 'B188', 'B688', 'B287', 'B644', 'B383', 'B530', 'B52', 'B550']",7.5,S54,6.18,4,3,7,0.0,,-0.373646,-13.132845,-13.506492,True,True,30,S16,True,27,0.7685,delivery+depot_removal,,,,,,,,,,,,,,,,,,,,,,,,,,,,,,,,,,,,,,,,,,,,,,,,,,,,
45,17,8,48,S54,False,4,3,7,0,13,0,0,0,0,"['B626', 'B342', 'B108', 'B298', 'B647', 'B146', 'B610', 'B65', 'B164', 'B529', 'B241', 'B50', 'B344']",6.5,S61,4.83,17,3,20,0.0,,-0.336448,-13.205281,-13.541729,False,False,12,S61,False,10,0.3353,pickup,,,,,,,,,,,,,,,,,,,,,,,,,,,,,,,,,,,,,,,,,,,,,,,,,,,,
45,17,9,0,S61,False,17,3,20,7,0,0,0,0,0,"['B273', 'B638', 'B488', 'B535', 'B626', 'B342', 'B108']",3.5,S12,8.51,10,3,13,0.0,,-0.375092,-13.043369,-13.418461,False,False,18,S12,False,14,0.4472,delivery,,,,,,,,,,,,,,,,,,,,,,,,,,,,,,,,,,,,,,,,,,,,,,,,,,,,
45,17,9,12,S12,False,10,3,13,10,0,0,0,0,0,"['B298', 'B647', 'B146', 'B610', 'B65', 'B164', 'B529', 'B241', 'B50', 'B344']",5.0,S39,8.6,0,3,3,0.0,,-0.374193,-12.889384,-13.263577,False,False,12,S30,True,8,0.3643,delivery,,,,,,,,,,,,,,,,,,,,,,,,,,,,,,,,,,,,,,,,,,,,,,,,,,,,
45,17,9,25,S39,False,0,3,3,0,17,0,0,0,0,"['B324', 'B64', 'B513', 'B766', 'B175', 'B453', 'B609', 'B403', 'B91', 'B597', 'B104', 'B187', 'B736', 'B168', 'B163', 'B29', 'B416']",8.5,S17,11.39,17,3,20,0.0,,-0.117744,-12.967336,-13.085081,False,False,18,S62,True,15,0.5176,pickup,,,,,,,,,,,,,,,,,,,,,,,,,,,,,,,,,,,,,,,,,,,,,,,,,,,,
45,17,9,45,S17,False,17,3,20,11,0,0,0,0,0,"['B324', 'B64', 'B513', 'B766', 'B175', 'B453', 'B609', 'B403', 'B91', 'B597', 'B104']",5.5,S29,6.77,6,3,9,0.0,,-0.275377,-13.106727,-13.382104,False,False,18,S29,False,10,0.4864,delivery,,,,,,,,,,,,,,,,,,,,,,,,,,,,,,,,,,,,,,,,,,,,,,,,,,,,
45,17,9,58,S29,False,6,3,9,6,0,0,0,0,0,"['B187', 'B736', 'B168', 'B163', 'B29', 'B416']",3.0,S33,4.32,0,3,3,0.0,,-0.353571,-13.120618,-13.474189,False,False,12,S33,False,6,0.3644,delivery,,,,,,,,,,,,,,,,,,,,,,,,,,,,,,,,,,,,,,,,,,,,,,,,,,,,
45,17,10,5,S33,False,0,3,3,0,15,1,0,0,0,"['B739', 'B257', 'B17', 'B399', 'B162', 'B208', 'B412', 'B470', 'B235', 'B1', 'B275', 'B329', 'B318', 'B553', 'B749']",10.5,S50,5.56,15,3,18,0.0,,-0.137265,-13.140456,-13.277722,True,True,36,S55,True,19,1.1399,pickup+onsite,,,,,,,,,,,,,,,,,,,,,,,,,,,,,,,,,,,,,,,,,,,,,,,,,,,,
45,17,10,21,S50,False,15,3,18,15,0,1,0,0,0,"['B739', 'B257', 'B17', 'B399', 'B162', 'B208', 'B412', 'B470', 'B235', 'B1', 'B275', 'B329', 'B318', 'B553', 'B749']",10.5,S55,3.32,0,3,3,0.0,,-0.295904,-13.072602,-13.368506,True,True,24,S64,True,18,0.6216,delivery+onsite,,,,,,,,,,,,,,,,,,,,,,,,,,,,,,,,,,,,,,,,,,,,,,,,,,,,
45,17,10,35,S55,False,0,3,3,0,17,1,0,0,0,"['B165', 'B173', 'B71', 'B15', 'B390', 'B85', 'B517', 'B568', 'B46', 'B386', 'B63', 'B534', 'B594', 'B373', 'B35', 'B499', 'B557']",11.5,S29,2.12,17,3,20,0.0,,-0.513058,-13.278871,-13.791929,True,True,36,S29,True,30,0.8684,pickup+onsite,,,,,,,,,,,,,,,,,,,,,,,,,,,,,,,,,,,,,,,,,,,,,,,,,,,,
45,17,10,48,S29,False,17,3,20,12,0,0,0,0,0,"['B165', 'B173', 'B71', 'B15', 'B390', 'B85', 'B517', 'B568', 'B46', 'B386', 'B63', 'B534']",6.0,S15,3.9,5,3,8,0.0,,-0.494688,-13.395879,-13.890566,False,False,18,S15,False,12,0.4495,delivery,,,,,,,,,,,,,,,,,,,,,,,,,,,,,,,,,,,,,,,,,,,,,,,,,,,,
45,17,10,58,S15,False,5,3,8,5,0,0,0,0,0,"['B594', 'B373', 'B35', 'B499', 'B557']",2.5,S60,4.42,0,3,3,0.0,,-0.295504,-13.456411,-13.751915,False,False,12,S60,False,6,0.3019,delivery,,,,,,,,,,,,,,,,,,,,,,,,,,,,,,,,,,,,,,,,,,,,,,,,,,,,
45,17,11,5,S60,False,0,3,3,0,10,0,0,0,0,"['B90', 'B546', 'B689', 'B190', 'B209', 'B105', 'B14', 'B67', 'B691', 'B737']",5.0,S45,4.75,10,3,13,0.0,,-0.431868,-13.327643,-13.759511,False,False,18,S3,True,14,0.494,pickup,,,,,,,,,,,,,,,,,,,,,,,,,,,,,,,,,,,,,,,,,,,,,,,,,,,,
45,17,11,15,S45,False,10,3,13,9,0,0,0,0,0,"['B90', 'B546', 'B689', 'B190', 'B209', 'B105', 'B14', 'B67', 'B691']",4.5,S61,3.27,1,3,4,0.0,,-0.235932,-13.446185,-13.682116,False,False,18,S3,True,8,0.4466,delivery,,,,,,,,,,,,,,,,,,,,,,,,,,,,,,,,,,,,,,,,,,,,,,,,,,,,
45,17,11,23,S61,False,1,3,4,0,0,0,0,0,0,[],0.0,S30,2.92,1,3,4,0.0,,-0.296255,-13.341684,-13.637939,False,False,18,S30,False,2,0.4329,do_nothing,,,,,,,,,,,,,,,,,,,,,,,,,,,,,,,,,,,,,,,,,,,,,,,,,,,,
45,17,11,26,S30,False,1,3,4,0,6,0,0,0,0,"['B733', 'B128', 'B13', 'B663', 'B652', 'B608']",3.0,S3,9.25,7,3,10,0.0,,-0.434367,-13.299469,-13.733836,False,False,18,S3,False,12,0.4464,pickup,,,,,,,,,,,,,,,,,,,,,,,,,,,,,,,,,,,,,,,,,,,,,,,,,,,,
45,17,11,38,S3,False,7,3,10,0,10,0,0,0,0,"['B306', 'B160', 'B296', 'B465', 'B666', 'B538', 'B639', 'B3', 'B629', 'B731']",5.0,S48,4.55,17,3,20,0.0,,-0.276279,-13.365158,-13.641438,False,False,12,S48,False,6,0.3957,pickup,,,,,,,,,,,,,,,,,,,,,,,,,,,,,,,,,,,,,,,,,,,,,,,,,,,,
45,17,11,47,S48,False,17,3,20,0,0,2,0,0,0,[],6.0,S57,7.56,17,3,20,0.0,,-0.216605,-13.284696,-13.501301,True,True,54,S15,True,14,1.6896,do_nothing+onsite,,,,,,,,,,,,,,,,,,,,,,,,,,,,,,,,,,,,,,,,,,,,,,,,,,,,
45,17,12,1,S57,False,17,3,20,9,0,2,0,0,0,"['B737', 'B733', 'B128', 'B13', 'B663', 'B652', 'B608', 'B306', 'B160']",10.5,S54,2.65,8,3,11,0.0,,-0.315222,-13.495197,-13.810419,True,True,54,S34,True,34,1.1295,delivery+onsite,,,,,,,,,,,,,,,,,,,,,,,,,,,,,,,,,,,,,,,,,,,,,,,,,,,,
45,17,12,14,S54,False,8,3,11,8,0,0,0,0,0,"['B296', 'B465', 'B666', 'B538', 'B639', 'B3', 'B629', 'B731']",4.0,S64,6.09,0,3,3,0.0,,-0.906443,-13.655251,-14.561694,False,False,12,S9,True,9,0.303,delivery,,,,,,,,,,,,,,,,,,,,,,,,,,,,,,,,,,,,,,,,,,,,,,,,,,,,
45,17,12,24,S64,False,0,3,3,0,7,0,0,0,0,"['B585', 'B292', 'B671', 'B473', 'B214', 'B481', 'B77']",3.5,S61,1.43,7,3,10,0.0,,-0.924301,-13.690769,-14.61507,False,False,18,S18,True,10,0.4473,pickup,,,,,,,,,,,,,,,,,,,,,,,,,,,,,,,,,,,,,,,,,,,,,,,,,,,,
45,17,12,29,S61,False,7,3,10,0,10,0,0,0,0,"['B633', 'B631', 'B451', 'B614', 'B150', 'B764', 'B760', 'B763', 'B352', 'B63']",5.0,S4,1.37,17,3,20,0.0,,-0.844356,-13.561389,-14.405745,False,False,18,S4,True,14,0.4169,pickup,,,,,,,,,,,,,,,,,,,,,,,,,,,,,,,,,,,,,,,,,,,,,,,,,,,,
45,17,12,36,S4,False,17,3,20,9,0,0,0,0,0,"['B585', 'B292', 'B671', 'B473', 'B214', 'B481', 'B77', 'B633', 'B631']",4.5,S44,1.93,8,3,11,0.0,,-0.647775,-13.617338,-14.265112,False,False,18,S34,True,10,0.4308,delivery,,,,,,,,,,,,,,,,,,,,,,,,,,,,,,,,,,,,,,,,,,,,,,,,,,,,
45,17,12,42,S44,False,8,3,11,8,0,0,0,0,0,"['B451', 'B614', 'B150', 'B764', 'B760', 'B763', 'B352', 'B63']",4.0,S9,7.28,0,3,3,0.0,,-0.649876,-13.798113,-14.44799,False,False,12,S9,False,8,0.2947,delivery,,,,,,,,,,,,,,,,,,,,,,,,,,,,,,,,,,,,,,,,,,,,,,,,,,,,
45,17,12,53,S9,False,0,3,3,0,12,0,0,0,0,"['B459', 'B415', 'B461', 'B674', 'B92', 'B76', 'B11', 'B632', 'B194', 'B338', 'B326', 'B133']",6.0,S50,11.77,12,3,15,0.0,,-0.787035,-14.006182,-14.793217,False,False,12,S37,True,7,0.4518,pickup,,,,,,,,,,,,,,,,,,,,,,,,,,,,,,,,,,,,,,,,,,,,,,,,,,,,
45,17,13,11,S50,False,12,3,15,12,0,0,0,0,0,"['B459', 'B415', 'B461', 'B674', 'B92', 'B76', 'B11', 'B632', 'B194', 'B338', 'B326', 'B133']",6.0,S37,7.46,0,3,3,0.0,,-0.665994,-13.545272,-14.211266,False,False,12,S40,True,9,0.3521,delivery,,,,,,,,,,,,,,,,,,,,,,,,,,,,,,,,,,,,,,,,,,,,,,,,,,,,
45,17,13,24,S37,False,0,3,3,0,17,0,0,0,0,"['B753', 'B304', 'B126', 'B65', 'B517', 'B692', 'B672', 'B758', 'B69', 'B368', 'B268', 'B17', 'B282', 'B201', 'B401', 'B728', 'B556']",8.5,S26,7.79,17,3,20,0.0,,-1.553188,-13.79891,-15.352098,True,False,30,S40,True,27,0.7487,pickup,,,,,,,,,,,,,,,,,,,,,,,,,,,,,,,,,,,,,,,,,,,,,,,,,,,,
45,17,13,41,S26,False,17,3,20,17,0,0,0,0,0,"['B753', 'B304', 'B126', 'B65', 'B517', 'B692', 'B672', 'B758', 'B69', 'B368', 'B268', 'B17', 'B282', 'B201', 'B401', 'B728', 'B556']",8.5,S40,5.09,0,3,3,0.0,,-2.049839,-13.667404,-15.717243,False,False,12,S29,True,6,0.3418,delivery,,,,,,,,,,,,,,,,,,,,,,,,,,,,,,,,,,,,,,,,,,,,,,,,,,,,
45,17,13,54,S40,False,0,3,3,0,14,0,0,0,0,"['B582', 'B669', 'B563', 'B86', 'B258', 'B210', 'B751', 'B726', 'B331', 'B147', 'B579', 'B620', 'B129', 'B161']",7.0,S54,2.17,14,3,17,0.0,,-1.932454,-13.960529,-15.892984,False,False,18,S32,True,13,0.4426,pickup,,,,,,,,,,,,,,,,,,,,,,,,,,,,,,,,,,,,,,,,,,,,,,,,,,,,
45,17,14,4,S54,False,14,3,17,14,0,0,0,0,0,"['B582', 'B669', 'B563', 'B86', 'B258', 'B210', 'B751', 'B726', 'B331', 'B147', 'B579', 'B620', 'B129', 'B161']",7.0,S65,8.42,0,3,3,0.0,,-1.455336,-13.695972,-15.151308,False,False,12,S32,True,6,0.3458,delivery,,,,,,,,,,,,,,,,,,,,,,,,,,,,,,,,,,,,,,,,,,,,,,,,,,,,
45,17,14,19,S65,False,0,3,3,0,15,0,0,0,0,"['B202', 'B702', 'B26', 'B506', 'B549', 'B154', 'B283', 'B260', 'B468', 'B109', 'B198', 'B374', 'B518', 'B127', 'B474']",7.5,S35,10.81,15,3,18,0.0,,-1.676744,-13.767101,-15.443846,False,False,18,S29,True,8,0.4929,pickup,,,,,,,,,,,,,,,,,,,,,,,,,,,,,,,,,,,,,,,,,,,,,,,,,,,,
45,17,14,37,S35,False,15,3,18,15,0,1,0,0,0,"['B202', 'B702', 'B26', 'B506', 'B549', 'B154', 'B283', 'B260', 'B468', 'B109', 'B198', 'B374', 'B518', 'B127', 'B474']",10.5,S66,8.23,0,3,3,0.0,,-1.936497,-13.793991,-15.730488,True,True,36,S29,True,31,0.7999,delivery+onsite,,,,,,,,,,,,,,,,,,,,,,,,,,,,,,,,,,,,,,,,,,,,,,,,,,,,
45,17,14,56,S66,False,0,3,3,0,15,0,0,0,0,"['B169', 'B88', 'B540', 'B494', 'B712', 'B338', 'B248', 'B753', 'B736', 'B719', 'B352', 'B295', 'B641', 'B651', 'B41']",7.5,S36,7.48,15,3,18,0.0,,-1.695873,-13.921852,-15.617725,False,False,18,S53,True,10,0.4607,pickup,,,,,,,,,,,,,,,,,,,,,,,,,,,,,,,,,,,,,,,,,,,,,,,,,,,,
45,17,15,11,S36,False,15,3,18,15,0,0,0,0,0,"['B169', 'B88', 'B540', 'B494', 'B712', 'B338', 'B248', 'B753', 'B736', 'B719', 'B352', 'B295', 'B641', 'B651', 'B41']",7.5,S44,3.62,0,3,3,0.0,,-1.617477,-13.777951,-15.395427,False,False,12,S44,False,7,0.4251,delivery,,,,,,,,,,,,,,,,,,,,,,,,,,,,,,,,,,,,,,,,,,,,,,,,,,,,
45,17,15,22,S44,False,0,3,3,0,11,0,0,0,0,"['B376', 'B590', 'B626', 'B246', 'B741', 'B552', 'B538', 'B675', 'B216', 'B603', 'B681']",5.5,S51,3.83,11,3,14,0.0,,-1.479319,-13.826594,-15.305913,False,False,18,S43,True,13,0.5147,pickup,,,,,,,,,,,,,,,,,,,,,,,,,,,,,,,,,,,,,,,,,,,,,,,,,,,,
45,17,15,31,S51,False,11,3,14,11,0,1,1,0,0,"['B281', 'B376', 'B590', 'B626', 'B246', 'B741', 'B552', 'B538', 'B675', 'B216', 'B603', 'B681']",9.0,S41,8.36,0,4,4,0.0,,-1.264104,-13.730861,-14.994965,True,True,48,S43,True,42,1.3267,delivery+maintenance,,,,,,,,,,,,,,,,,,,,,,,,,,,,,,,,,,,,,,,,,,,,,,,,,,,,
45,17,15,49,S41,False,0,4,4,0,16,0,0,0,0,"['B673', 'B528', 'B310', 'B150', 'B723', 'B20', 'B99', 'B682', 'B593', 'B311', 'B640', 'B22', 'B322', 'B177', 'B249', 'B301']",8.0,S55,7.46,16,4,20,0.0,,-1.417897,-13.81542,-15.233316,False,False,12,S15,True,10,0.3433,pickup,,,,,,,,,,,,,,,,,,,,,,,,,,,,,,,,,,,,,,,,,,,,,,,,,,,,
45,17,16,4,S55,False,16,4,20,16,0,0,0,0,0,"['B673', 'B528', 'B310', 'B150', 'B723', 'B20', 'B99', 'B682', 'B593', 'B311', 'B640', 'B22', 'B322', 'B177', 'B249', 'B301']",8.0,S63,3.64,0,4,4,0.0,,-1.123936,-13.437852,-14.561788,False,False,12,S63,False,6,0.3246,delivery,,,,,,,,,,,,,,,,,,,,,,,,,,,,,,,,,,,,,,,,,,,,,,,,,,,,
45,17,16,16,S63,False,0,4,4,0,16,0,0,0,0,"['B224', 'B639', 'B555', 'B14', 'B533', 'B607', 'B520', 'B652', 'B192', 'B663', 'B553', 'B323', 'B549', 'B757', 'B159', 'B517']",8.0,S50,6.54,16,4,20,0.0,,-1.084094,-13.26662,-14.350715,False,False,12,S43,True,7,0.3265,pickup,,,,,,,,,,,,,,,,,,,,,,,,,,,,,,,,,,,,,,,,,,,,,,,,,,,,
45,17,16,30,S50,False,16,4,20,14,0,0,0,0,0,"['B224', 'B639', 'B555', 'B14', 'B533', 'B607', 'B520', 'B652', 'B192', 'B663', 'B553', 'B323', 'B549', 'B757']",7.0,S43,7.18,2,4,6,0.0,,-0.751344,-13.031419,-13.782763,False,False,18,S34,True,15,0.4899,delivery,,,,,,,,,,,,,,,,,,,,,,,,,,,,,,,,,,,,,,,,,,,,,,,,,,,,
45,17,16,45,S43,False,2,4,6,0,14,0,0,0,0,"['B676', 'B485', 'B455', 'B713', 'B272', 'B235', 'B629', 'B165', 'B267', 'B222', 'B472', 'B214', 'B384', 'B191']",7.0,S29,5.89,16,4,20,0.0,,-0.630654,-13.054651,-13.685306,False,False,12,S4,True,10,0.3826,pickup,,,,,,,,,,,,,,,,,,,,,,,,,,,,,,,,,,,,,,,,,,,,,,,,,,,,
45,17,16,57,S29,False,16,4,20,12,0,0,0,0,0,"['B159', 'B517', 'B676', 'B485', 'B455', 'B713', 'B272', 'B235', 'B629', 'B165', 'B267', 'B222']",6.0,S31,6.48,4,4,8,0.0,,-0.729017,-13.096498,-13.825515,False,False,18,S24,True,10,0.6877,delivery,,,,,,,,,,,,,,,,,,,,,,,,,,,,,,,,,,,,,,,,,,,,,,,,,,,,
45,17,17,10,S31,False,4,4,8,0,11,1,0,0,0,"['B196', 'B258', 'B53', 'B620', 'B126', 'B149', 'B742', 'B65', 'B185', 'B450', 'B221']",8.5,S66,0.38,15,4,19,0.0,,-0.668595,-13.254415,-13.92301,True,True,36,S18,True,31,0.9742,pickup+onsite,,,,,,,,,,,,,,,,,,,,,,,,,,,,,,,,,,,,,,,,,,,,,,,,,,,,
45,17,17,19,S66,False,15,4,19,0,0,0,0,0,0,[],0.0,S18,2.06,15,4,19,0.0,,-0.493193,-13.07215,-13.565343,False,False,18,S24,True,3,0.4469,do_nothing,,,,,,,,,,,,,,,,,,,,,,,,,,,,,,,,,,,,,,,,,,,,,,,,,,,,
45,17,17,21,S18,False,15,4,19,11,0,1,0,0,0,"['B472', 'B214', 'B384', 'B191', 'B196', 'B258', 'B53', 'B620', 'B126', 'B149', 'B742']",8.5,S24,8.61,4,4,8,0.0,,-0.59225,-12.992502,-13.584752,True,True,36,S24,False,22,0.8138,delivery+onsite,,,,,,,,,,,,,,,,,,,,,,,,,,,,,,,,,,,,,,,,,,,,,,,,,,,,
45,17,17,38,S24,False,4,4,8,4,0,0,0,0,0,"['B65', 'B185', 'B450', 'B221']",2.0,S60,7.55,0,4,4,0.0,,-0.474764,-12.839176,-13.313941,False,False,12,S60,False,7,0.3147,delivery,,,,,,,,,,,,,,,,,,,,,,,,,,,,,,,,,,,,,,,,,,,,,,,,,,,,
45,17,17,48,S60,False,0,4,4,0,16,0,0,0,0,"['B38', 'B482', 'B671', 'B290', 'B229', 'B657', 'B425', 'B373', 'B496', 'B244', 'B225', 'B293', 'B220', 'B110', 'B108', 'B273']",8.0,S64,0.95,16,4,20,0.0,,-0.098417,-12.797218,-12.895635,False,False,18,S41,True,14,0.4528,pickup,,,,,,,,,,,,,,,,,,,,,,,,,,,,,,,,,,,,,,,,,,,,,,,,,,,,
45,17,17,57,S64,False,16,4,20,9,0,0,0,0,0,"['B38', 'B482', 'B671', 'B290', 'B229', 'B657', 'B425', 'B373', 'B496']",4.5,S35,8.94,7,4,11,0.0,,-0.432809,-12.622371,-13.055179,False,False,18,S13,True,10,0.4268,delivery,,,,,,,,,,,,,,,,,,,,,,,,,,,,,,,,,,,,,,,,,,,,,,,,,,,,
45,17,18,10,S35,False,7,4,11,0,9,0,0,0,0,"['B415', 'B210', 'B122', 'B684', 'B143', 'B506', 'B217', 'B711', 'B239']",4.5,S28,14.76,16,4,20,0.0,,-0.138117,-13.169931,-13.308049,False,False,12,S34,True,7,0.3098,pickup,,,,,,,,,,,,,,,,,,,,,,,,,,,,,,,,,,,,,,,,,,,,,,,,,,,,
45,17,18,29,S28,False,16,4,20,16,0,0,0,0,0,"['B244', 'B225', 'B293', 'B220', 'B110', 'B108', 'B273', 'B415', 'B210', 'B122', 'B684', 'B143', 'B506', 'B217', 'B711', 'B239']",8.0,S65,6.22,0,4,4,0.0,,-0.374848,-13.242889,-13.617737,False,False,12,S34,True,6,0.4011,delivery,,,,,,,,,,,,,,,,,,,,,,,,,,,,,,,,,,,,,,,,,,,,,,,,,,,,
45,17,18,43,S65,False,0,4,4,0,16,1,0,0,0,"['B751', 'B145', 'B6', 'B669', 'B595', 'B380', 'B524', 'B635', 'B52', 'B300', 'B564', 'B764', 'B55', 'B397', 'B566', 'B627']",11.0,S33,6.32,16,4,20,0.0,,-0.335549,-13.091512,-13.427061,True,True,36,S34,True,20,1.0941,pickup+onsite,,,,,,,,,,,,,,,,,,,,,,,,,,,,,,,,,,,,,,,,,,,,,,,,,,,,
45,17,19,1,S33,False,16,4,20,16,0,1,0,0,0,"['B751', 'B145', 'B6', 'B669', 'B595', 'B380', 'B524', 'B635', 'B52', 'B300', 'B564', 'B764', 'B55', 'B397', 'B566', 'B627']",11.0,S58,2.58,0,4,4,0.0,,-0.334397,-12.907214,-13.241611,True,True,24,S59,True,19,0.7243,delivery+onsite,,,,,,,,,,,,,,,,,,,,,,,,,,,,,,,,,,,,,,,,,,,,,,,,,,,,
45,17,19,14,S58,False,0,4,4,0,0,0,1,0,0,['B570'],0.5,S35,8.51,0,5,5,0.0,,-0.197284,-12.964691,-13.161975,True,True,30,S35,False,8,0.7789,do_nothing+depot_removal,,,,,,,,,,,,,,,,,,,,,,,,,,,,,,,,,,,,,,,,,,,,,,,,,,,,
45,17,19,23,S35,False,0,5,5,0,12,0,0,0,0,"['B546', 'B577', 'B510', 'B597', 'B480', 'B696', 'B766', 'B157', 'B313', 'B706', 'B9', 'B442']",6.0,S45,5.53,12,5,17,0.0,,-0.414745,-12.960727,-13.375472,False,False,16,S45,False,11,0.4208,pickup,,,,,,,,,,,,,,,,,,,,,,,,,,,,,,,,,,,,,,,,,,,,,,,,,,,,
45,17,19,35,S45,False,12,5,17,12,0,0,0,0,0,"['B546', 'B577', 'B510', 'B597', 'B480', 'B696', 'B766', 'B157', 'B313', 'B706', 'B9', 'B442']",6.0,S61,3.27,0,5,5,0.0,,-0.117992,-12.916455,-13.034446,False,False,11,S61,False,9,0.3173,delivery,,,,,,,,,,,,,,,,,,,,,,,,,,,,,,,,,,,,,,,,,,,,,,,,,,,,
45,17,19,44,S61,False,0,5,5,0,0,0,0,0,0,[],0.0,S58,2.59,0,5,5,0.0,,-0.177012,-12.868684,-13.045696,True,False,9,S59,True,2,0.3094,do_nothing,,,,,,,,,,,,,,,,,,,,,,,,,,,,,,,,,,,,,,,,,,,,,,,,,,,,
45,17,19,47,S58,False,0,5,5,0,0,0,0,0,0,[],0.0,S37,0.71,0,5,5,0.0,,-0.356125,-12.867004,-13.223129,False,False,4,D0,True,0,0.139,do_nothing,,,,,,,,,,,,,,,,,,,,,,,,,,,,,,,,,,,,,,,,,,,,,,,,,,,,
45,17,19,47,S37,False,0,5,5,0,11,0,0,0,0,"['B538', 'B142', 'B692', 'B271', 'B678', 'B140', 'B665', 'B81', 'B572', 'B580', 'B32']",5.5,D0,1.72,11,5,16,0.0,,-0.177413,-13.080855,-13.258269,True,False,5,D0,True,3,0.1699,pickup,,,,,,,,,,,,,,,,,,,,,,,,,,,,,,,,,,,,,,,,,,,,,,,,,,,,
45,17,19,55,D0,True,11,5,16,0,0,0,0,5,9,"['B558', 'B113', 'B95', 'B361', 'B138', 'B413', 'B228', 'B57', 'B0', 'B514', 'B25', 'B396', 'B281', 'B570']",7.0,D0,0.0,20,0,20,0.0,,-0.196684,-12.895441,-13.092124,True,True,1,D0,False,0,0.0404,do_nothing,,,,,,,,,,,,,,,,,,,,,,,,,,,,,,,,,,,,,,,,,,,,,,,,,,,,
45,18,6,2,D0,True,20,0,20,0,0,0,0,0,0,[],0.0,S41,2.23,20,0,20,0.0,,-3.547622,-14.582839,-18.130461,True,True,5,S65,True,4,0.1435,depot_passthrough,,,,,,,,,,,,,,,,,,,,,,,,,,,,,,,,,,,,,,,,,,,,,,,,,,,,
45,18,6,19,S41,False,20,0,20,17,0,0,0,0,0,"['B538', 'B142', 'B692', 'B271', 'B678', 'B140', 'B665', 'B81', 'B572', 'B580', 'B32', 'B558', 'B113', 'B95', 'B361', 'B138', 'B413']",8.5,S46,6.18,3,0,3,0.0,,-3.099126,-14.608605,-17.707731,False,False,18,S46,False,6,0.4536,delivery,,,,,,,,,,,,,,,,,,,,,,,,,,,,,,,,,,,,,,,,,,,,,,,,,,,,
45,18,6,34,S46,False,3,0,3,0,17,0,0,0,0,"['B47', 'B376', 'B212', 'B283', 'B199', 'B299', 'B532', 'B334', 'B644', 'B282', 'B201', 'B756', 'B724', 'B542', 'B377', 'B753', 'B589']",8.5,S66,5.15,20,0,20,0.0,,-2.186545,-14.6388,-16.825345,False,False,12,S48,True,9,0.3363,pickup,,,,,,,,,,,,,,,,,,,,,,,,,,,,,,,,,,,,,,,,,,,,,,,,,,,,
45,18,6,47,S66,False,20,0,20,17,0,0,0,0,0,"['B228', 'B57', 'B0', 'B47', 'B376', 'B212', 'B283', 'B199', 'B299', 'B532', 'B334', 'B644', 'B282', 'B201', 'B756', 'B724', 'B542']",8.5,S54,5.58,3,0,3,0.0,,-1.855264,-14.424271,-16.279535,False,False,18,S65,True,7,0.5262,delivery,,,,,,,,,,,,,,,,,,,,,,,,,,,,,,,,,,,,,,,,,,,,,,,,,,,,
45,18,7,1,S54,False,3,0,3,0,15,0,0,0,0,"['B8', 'B568', 'B24', 'B744', 'B303', 'B426', 'B358', 'B335', 'B12', 'B765', 'B719', 'B34', 'B336', 'B731', 'B356']",7.5,S65,8.42,18,0,18,0.0,,-1.220009,-14.144143,-15.364152,False,False,18,S62,True,9,0.5147,pickup,,,,,,,,,,,,,,,,,,,,,,,,,,,,,,,,,,,,,,,,,,,,,,,,,,,,
45,18,7,17,S65,False,18,0,18,18,0,0,0,0,0,"['B377', 'B753', 'B589', 'B8', 'B568', 'B24', 'B744', 'B303', 'B426', 'B358', 'B335', 'B12', 'B765', 'B719', 'B34', 'B336', 'B731', 'B356']",9.0,S33,6.32,0,0,0,0.0,,-1.675139,-14.255719,-15.930858,False,False,12,S33,False,8,0.3345,delivery,,,,,,,,,,,,,,,,,,,,,,,,,,,,,,,,,,,,,,,,,,,,,,,,,,,,
45,18,7,33,S33,False,0,0,0,0,18,0,0,0,0,"['B145', 'B6', 'B669', 'B595', 'B380', 'B524', 'B635', 'B52', 'B300', 'B564', 'B764', 'B55', 'B397', 'B566', 'B627', 'B638', 'B248', 'B279']",9.0,S62,0.92,18,0,18,0.0,,-0.927704,-14.144819,-15.072523,False,False,18,S39,True,12,0.4873,pickup,,,,,,,,,,,,,,,,,,,,,,,,,,,,,,,,,,,,,,,,,,,,,,,,,,,,
45,18,7,42,S62,False,18,0,18,14,0,0,0,0,0,"['B145', 'B6', 'B669', 'B595', 'B380', 'B524', 'B635', 'B52', 'B300', 'B564', 'B764', 'B55', 'B397', 'B566']",7.0,S44,2.2,4,0,4,0.0,,-0.413997,-13.976972,-14.390969,True,False,36,S34,True,28,0.957,delivery,,,,,,,,,,,,,,,,,,,,,,,,,,,,,,,,,,,,,,,,,,,,,,,,,,,,
45,18,7,52,S44,False,4,0,4,0,13,0,0,0,0,"['B136', 'B173', 'B512', 'B156', 'B346', 'B513', 'B238', 'B637', 'B127', 'B126', 'B149', 'B742', 'B268']",6.5,S26,7.72,17,0,17,0.0,,-0.454747,-14.082654,-14.537401,False,False,18,S58,True,8,0.4584,pickup,,,,,,,,,,,,,,,,,,,,,,,,,,,,,,,,,,,,,,,,,,,,,,,,,,,,
45,18,8,6,S26,False,17,0,17,17,0,0,0,0,0,"['B627', 'B638', 'B248', 'B279', 'B136', 'B173', 'B512', 'B156', 'B346', 'B513', 'B238', 'B637', 'B127', 'B126', 'B149', 'B742', 'B268']",8.5,S37,7.79,0,0,0,0.0,,-1.063317,-14.093672,-15.156989,False,False,12,S16,True,8,0.3386,delivery,,,,,,,,,,,,,,,,,,,,,,,,,,,,,,,,,,,,,,,,,,,,,,,,,,,,
45,18,8,22,S37,False,0,0,0,0,19,0,1,0,0,"['B327', 'B659', 'B330', 'B77', 'B137', 'B472', 'B608', 'B677', 'B479', 'B105', 'B258', 'B344', 'B761', 'B195', 'B176', 'B391', 'B611', 'B538', 'B643', 'B339']",10.0,S31,2.81,19,1,20,0.0,,-0.808759,-14.116741,-14.9255,True,True,36,S59,True,30,1.0683,pickup+depot_removal,,,,,,,,,,,,,,,,,,,,,,,,,,,,,,,,,,,,,,,,,,,,,,,,,,,,
45,18,8,35,S31,False,19,1,20,19,0,1,0,0,0,"['B327', 'B659', 'B330', 'B77', 'B137', 'B472', 'B608', 'B677', 'B479', 'B105', 'B258', 'B344', 'B761', 'B195', 'B176', 'B391', 'B611', 'B538', 'B643']",12.5,S54,5.7,0,1,1,0.0,,-1.161682,-14.163371,-15.325053,True,True,24,S59,True,20,0.7464,delivery+onsite,,,,,,,,,,,,,,,,,,,,,,,,,,,,,,,,,,,,,,,,,,,,,,,,,,,,
45,18,8,53,S54,False,0,1,1,0,14,1,0,0,0,"['B82', 'B177', 'B47', 'B603', 'B57', 'B581', 'B215', 'B350', 'B218', 'B550', 'B24', 'B240', 'B219', 'B663']",10.0,S63,3.86,14,1,15,0.0,,-1.440009,-14.20723,-15.647238,True,True,36,S63,False,31,1.1204,pickup+onsite,,,,,,,,,,,,,,,,,,,,,,,,,,,,,,,,,,,,,,,,,,,,,,,,,,,,
45,18,9,7,S63,False,14,1,15,0,5,0,0,0,0,"['B315', 'B688', 'B458', 'B117', 'B712']",2.5,S15,5.25,19,1,20,0.0,,-1.359072,-14.04837,-15.407441,False,False,12,S51,True,7,0.3802,pickup,,,,,,,,,,,,,,,,,,,,,,,,,,,,,,,,,,,,,,,,,,,,,,,,,,,,
45,18,9,15,S15,False,19,1,20,16,0,1,0,0,0,"['B82', 'B177', 'B47', 'B603', 'B57', 'B581', 'B215', 'B350', 'B218', 'B550', 'B24', 'B240', 'B219', 'B663', 'B315', 'B688']",11.0,S39,7.21,3,1,4,0.0,,-1.715784,-14.111275,-15.827059,True,True,36,S65,True,18,1.0656,delivery+onsite,,,,,,,,,,,,,,,,,,,,,,,,,,,,,,,,,,,,,,,,,,,,,,,,,,,,
45,18,9,33,S39,False,3,1,4,0,16,0,0,0,0,"['B252', 'B552', 'B345', 'B705', 'B208', 'B602', 'B575', 'B618', 'B21', 'B84', 'B209', 'B689', 'B59', 'B19', 'B459', 'B574']",8.0,S65,5.08,19,1,20,0.0,,-1.379688,-14.191727,-15.571415,False,False,12,S47,True,8,0.36,pickup,,,,,,,,,,,,,,,,,,,,,,,,,,,,,,,,,,,,,,,,,,,,,,,,,,,,
45,18,9,46,S65,False,19,1,20,12,0,0,0,0,0,"['B458', 'B117', 'B712', 'B252', 'B552', 'B345', 'B705', 'B208', 'B602', 'B575', 'B618', 'B21']",6.0,S63,7.4,7,1,8,0.0,,-0.985232,-14.05521,-15.040441,False,False,18,S31,True,8,0.3988,delivery,,,,,,,,,,,,,,,,,,,,,,,,,,,,,,,,,,,,,,,,,,,,,,,,,,,,
45,18,9,59,S63,False,7,1,8,0,12,0,0,0,0,"['B444', 'B388', 'B645', 'B72', 'B561', 'B423', 'B106', 'B107', 'B508', 'B255', 'B202', 'B242']",6.0,S31,4.21,19,1,20,0.0,,-0.984572,-14.093868,-15.078439,False,False,12,S17,True,6,0.3771,pickup,,,,,,,,,,,,,,,,,,,,,,,,,,,,,,,,,,,,,,,,,,,,,,,,,,,,
45,18,10,10,S31,False,19,1,20,17,0,0,0,0,0,"['B84', 'B209', 'B689', 'B59', 'B19', 'B459', 'B574', 'B444', 'B388', 'B645', 'B72', 'B561', 'B423', 'B106', 'B107', 'B508', 'B255']",8.5,S53,4.82,2,1,3,0.0,,-1.282076,-13.872704,-15.154781,False,False,18,S50,True,6,0.4382,delivery,,,,,,,,,,,,,,,,,,,,,,,,,,,,,,,,,,,,,,,,,,,,,,,,,,,,
45,18,10,23,S53,False,2,1,3,0,17,0,0,0,0,"['B306', 'B296', 'B134', 'B4', 'B654', 'B481', 'B1', 'B307', 'B680', 'B310', 'B91', 'B100', 'B658', 'B530', 'B152', 'B732', 'B511']",8.5,S50,5.17,19,1,20,0.0,,-0.947086,-14.036789,-14.983875,False,False,18,S44,True,12,0.5349,pickup,,,,,,,,,,,,,,,,,,,,,,,,,,,,,,,,,,,,,,,,,,,,,,,,,,,,
45,18,10,37,S50,False,19,1,20,19,0,0,0,0,0,"['B202', 'B242', 'B306', 'B296', 'B134', 'B4', 'B654', 'B481', 'B1', 'B307', 'B680', 'B310', 'B91', 'B100', 'B658', 'B530', 'B152', 'B732', 'B511']",9.5,S58,8.14,0,1,1,0.0,,-1.519258,-14.026019,-15.545277,False,False,12,S58,False,6,0.2886,delivery,,,,,,,,,,,,,,,,,,,,,,,,,,,,,,,,,,,,,,,,,,,,,,,,,,,,
45,18,10,54,S58,False,0,1,1,0,19,0,0,0,0,"['B653', 'B326', 'B324', 'B146', 'B312', 'B150', 'B318', 'B13', 'B440', 'B760', 'B132', 'B446', 'B580', 'B623', 'B558', 'B437', 'B80', 'B751', 'B352']",9.5,S29,6.9,19,1,20,0.0,,-1.124105,-14.276698,-15.400802,False,False,18,S29,True,6,0.4243,pickup,,,,,,,,,,,,,,,,,,,,,,,,,,,,,,,,,,,,,,,,,,,,,,,,,,,,
45,18,11,11,S29,False,19,1,20,19,0,0,0,0,0,"['B653', 'B326', 'B324', 'B146', 'B312', 'B150', 'B318', 'B13', 'B440', 'B760', 'B132', 'B446', 'B580', 'B623', 'B558', 'B437', 'B80', 'B751', 'B352']",9.5,S16,5.41,0,1,1,0.0,,-0.805716,-14.124867,-14.930583,False,False,12,S8,True,7,0.2873,delivery,,,,,,,,,,,,,,,,,,,,,,,,,,,,,,,,,,,,,,,,,,,,,,,,,,,,
45,18,11,26,S16,False,0,1,1,0,9,0,0,0,0,"['B409', 'B759', 'B527', 'B214', 'B700', 'B551', 'B578', 'B730', 'B65']",4.5,S34,5.13,9,1,10,0.0,,-0.86563,-14.222654,-15.088284,False,False,18,S32,True,15,0.3898,pickup,,,,,,,,,,,,,,,,,,,,,,,,,,,,,,,,,,,,,,,,,,,,,,,,,,,,
45,18,11,35,S34,False,9,1,10,9,0,0,0,0,0,"['B409', 'B759', 'B527', 'B214', 'B700', 'B551', 'B578', 'B730', 'B65']",4.5,S37,5.37,0,1,1,0.0,,-0.906283,-13.969947,-14.87623,False,False,12,S32,True,6,0.2551,delivery,,,,,,,,,,,,,,,,,,,,,,,,,,,,,,,,,,,,,,,,,,,,,,,,,,,,
45,18,11,45,S37,False,0,1,1,0,19,0,0,0,0,"['B647', 'B286', 'B5', 'B488', 'B148', 'B330', 'B267', 'B314', 'B244', 'B68', 'B243', 'B225', 'B67', 'B667', 'B327', 'B638', 'B306', 'B458', 'B308']",9.5,S54,4.98,19,1,20,0.0,,-0.944528,-14.127157,-15.071685,False,False,12,S40,True,7,0.3194,pickup,,,,,,,,,,,,,,,,,,,,,,,,,,,,,,,,,,,,,,,,,,,,,,,,,,,,
45,18,12,0,S54,False,19,1,20,17,0,0,0,0,0,"['B647', 'B286', 'B5', 'B488', 'B148', 'B330', 'B267', 'B314', 'B244', 'B68', 'B243', 'B225', 'B67', 'B667', 'B327', 'B638', 'B306']",8.5,S59,6.37,2,1,3,0.0,,-0.886303,-14.139299,-15.025603,False,False,18,S57,True,9,0.4438,delivery,,,,,,,,,,,,,,,,,,,,,,,,,,,,,,,,,,,,,,,,,,,,,,,,,,,,
45,18,12,14,S59,False,2,1,3,0,0,0,0,0,0,[],0.0,S32,6.22,2,1,3,0.0,,-0.944825,-14.271359,-15.216184,False,False,18,S52,True,0,0.458,do_nothing,,,,,,,,,,,,,,,,,,,,,,,,,,,,,,,,,,,,,,,,,,,,,,,,,,,,
45,18,12,21,S32,False,2,1,3,0,13,0,0,0,0,"['B20', 'B200', 'B93', 'B194', 'B497', 'B262', 'B435', 'B557', 'B289', 'B649', 'B233', 'B50', 'B275']",6.5,S17,9.65,15,1,16,0.0,,-1.532285,-14.464866,-15.99715,False,False,18,S52,True,15,0.4768,pickup,,,,,,,,,,,,,,,,,,,,,,,,,,,,,,,,,,,,,,,,,,,,,,,,,,,,
45,18,12,37,S17,False,15,1,16,14,0,0,0,0,0,"['B458', 'B308', 'B20', 'B200', 'B93', 'B194', 'B497', 'B262', 'B435', 'B557', 'B289', 'B649', 'B233', 'B50']",7.0,S59,10.2,1,1,2,0.0,,-1.435066,-14.135223,-15.570289,False,False,18,S6,True,8,0.4212,delivery,,,,,,,,,,,,,,,,,,,,,,,,,,,,,,,,,,,,,,,,,,,,,,,,,,,,
45,18,12,54,S59,False,1,1,2,0,18,0,0,0,0,"['B236', 'B98', 'B619', 'B601', 'B381', 'B626', 'B374', 'B434', 'B120', 'B322', 'B351', 'B153', 'B131', 'B655', 'B544', 'B75', 'B704', 'B577']",9.0,S26,8.38,19,1,20,0.0,,-1.557456,-14.25729,-15.814745,False,False,12,S47,True,6,0.3306,pickup,,,,,,,,,,,,,,,,,,,,,,,,,,,,,,,,,,,,,,,,,,,,,,,,,,,,
45,18,13,11,S26,False,19,1,20,19,0,0,0,0,0,"['B275', 'B236', 'B98', 'B619', 'B601', 'B381', 'B626', 'B374', 'B434', 'B120', 'B322', 'B351', 'B153', 'B131', 'B655', 'B544', 'B75', 'B704', 'B577']",9.5,S66,5.64,0,1,1,0.0,,-2.524875,-14.060832,-16.585707,False,False,12,S6,True,7,0.3582,delivery,,,,,,,,,,,,,,,,,,,,,,,,,,,,,,,,,,,,,,,,,,,,,,,,,,,,
45,18,13,27,S66,False,0,1,1,0,11,0,0,0,0,"['B595', 'B74', 'B729', 'B643', 'B47', 'B57', 'B725', 'B740', 'B14', 'B361', 'B38']",5.5,S33,3.23,11,1,12,0.0,,-2.580871,-14.031932,-16.612803,False,False,18,S58,True,12,0.4516,pickup,,,,,,,,,,,,,,,,,,,,,,,,,,,,,,,,,,,,,,,,,,,,,,,,,,,,
45,18,13,35,S33,False,11,1,12,11,0,0,0,0,0,"['B595', 'B74', 'B729', 'B643', 'B47', 'B57', 'B725', 'B740', 'B14', 'B361', 'B38']",5.5,S55,3.28,0,1,1,0.0,,-1.69222,-13.765543,-15.457762,False,False,12,S55,False,9,0.3698,delivery,,,,,,,,,,,,,,,,,,,,,,,,,,,,,,,,,,,,,,,,,,,,,,,,,,,,
45,18,13,44,S55,False,0,1,1,0,13,0,0,0,0,"['B256', 'B19', 'B15', 'B230', 'B353', 'B637', 'B444', 'B149', 'B388', 'B527', 'B268', 'B29', 'B214']",6.5,S57,2.57,13,1,14,0.0,,-1.636516,-13.704105,-15.340621,False,False,18,S6,True,6,0.4542,pickup,,,,,,,,,,,,,,,,,,,,,,,,,,,,,,,,,,,,,,,,,,,,,,,,,,,,
45,18,13,53,S57,False,13,1,14,13,0,0,0,0,0,"['B256', 'B19', 'B15', 'B230', 'B353', 'B637', 'B444', 'B149', 'B388', 'B527', 'B268', 'B29', 'B214']",6.5,S6,13.14,0,1,1,0.0,,-1.948775,-13.659412,-15.608188,False,False,12,S6,False,6,0.3635,delivery,,,,,,,,,,,,,,,,,,,,,,,,,,,,,,,,,,,,,,,,,,,,,,,,,,,,
45,18,14,13,S6,False,0,1,1,0,19,0,0,0,0,"['B66', 'B467', 'B223', 'B367', 'B170', 'B89', 'B166', 'B687', 'B588', 'B383', 'B121', 'B62', 'B317', 'B395', 'B526', 'B632', 'B615', 'B279', 'B248']",9.5,S54,11.55,19,1,20,0.0,,-1.874267,-13.402595,-15.276861,False,False,12,S24,True,10,0.3162,pickup,,,,,,,,,,,,,,,,,,,,,,,,,,,,,,,,,,,,,,,,,,,,,,,,,,,,
45,18,14,34,S54,False,19,1,20,0,0,0,0,0,0,[],0.0,S47,8.4,19,1,20,0.0,,-1.143714,-13.231606,-14.37532,False,False,18,S29,True,4,0.4192,do_nothing,,,,,,,,,,,,,,,,,,,,,,,,,,,,,,,,,,,,,,,,,,,,,,,,,,,,
45,18,14,42,S47,False,19,1,20,14,0,0,0,0,0,"['B66', 'B467', 'B223', 'B367', 'B170', 'B89', 'B166', 'B687', 'B588', 'B383', 'B121', 'B62', 'B317', 'B395']",7.0,S38,4.38,5,1,6,0.0,,-0.532238,-13.161006,-13.693244,False,False,18,S24,True,12,0.5051,delivery,,,,,,,,,,,,,,,,,,,,,,,,,,,,,,,,,,,,,,,,,,,,,,,,,,,,
45,18,14,54,S38,False,5,1,6,5,0,1,1,0,0,"['B600', 'B526', 'B632', 'B615', 'B279', 'B248']",6.0,S62,4.41,0,2,2,0.0,,-0.630105,-13.131888,-13.761993,True,True,48,S0,True,44,1.4562,delivery+maintenance,,,,,,,,,,,,,,,,,,,,,,,,,,,,,,,,,,,,,,,,,,,,,,,,,,,,
45,18,15,4,S62,False,0,2,2,0,0,0,1,0,0,['B234'],0.5,S18,3.1,0,3,3,0.0,,-0.511958,-13.026691,-13.538649,True,True,72,S37,True,8,1.6634,do_nothing+depot_removal,,,,,,,,,,,,,,,,,,,,,,,,,,,,,,,,,,,,,,,,,,,,,,,,,,,,
45,18,15,8,S18,False,0,3,3,0,10,0,0,0,0,"['B390', 'B454', 'B316', 'B439', 'B606', 'B37', 'B196', 'B459', 'B449', 'B706']",5.0,S23,5.87,10,3,13,0.0,,-0.571431,-13.182682,-13.754114,False,False,18,S37,True,15,0.4877,pickup,,,,,,,,,,,,,,,,,,,,,,,,,,,,,,,,,,,,,,,,,,,,,,,,,,,,
45,18,15,19,S23,False,10,3,13,9,0,0,0,0,0,"['B390', 'B454', 'B316', 'B439', 'B606', 'B37', 'B196', 'B459', 'B449']",4.5,S60,4.55,1,3,4,0.0,,-0.493037,-12.939309,-13.432345,False,False,18,S37,True,8,0.5253,delivery,,,,,,,,,,,,,,,,,,,,,,,,,,,,,,,,,,,,,,,,,,,,,,,,,,,,
45,18,15,28,S60,False,1,3,4,0,8,1,0,0,0,"['B692', 'B369', 'B215', 'B87', 'B563', 'B228', 'B471', 'B620']",7.0,S37,2.84,9,3,12,0.0,,-0.471019,-12.916654,-13.387673,True,True,36,S37,False,18,1.0176,pickup+onsite,,,,,,,,,,,,,,,,,,,,,,,,,,,,,,,,,,,,,,,,,,,,,,,,,,,,
45,18,15,37,S37,False,9,3,12,0,8,0,0,0,0,"['B691', 'B484', 'B180', 'B191', 'B81', 'B602', 'B726', 'B125']",4.0,S56,6.02,17,3,20,0.0,,-0.45149,-12.913212,-13.364702,False,False,12,S56,False,6,0.3248,pickup,,,,,,,,,,,,,,,,,,,,,,,,,,,,,,,,,,,,,,,,,,,,,,,,,,,,
45,18,15,47,S56,False,17,3,20,8,0,0,1,0,0,"['B430', 'B706', 'B692', 'B369', 'B215', 'B87', 'B563', 'B228', 'B471']",4.5,S29,2.28,9,4,13,0.0,,-0.47362,-12.938001,-13.411621,True,True,30,S29,False,12,0.7612,delivery+depot_removal,,,,,,,,,,,,,,,,,,,,,,,,,,,,,,,,,,,,,,,,,,,,,,,,,,,,
45,18,15,54,S29,False,9,4,13,9,0,0,0,0,0,"['B620', 'B691', 'B484', 'B180', 'B191', 'B81', 'B602', 'B726', 'B125']",4.5,S19,8.16,0,4,4,0.0,,-0.551251,-12.691287,-13.242538,False,False,12,S19,False,7,0.3179,delivery,,,,,,,,,,,,,,,,,,,,,,,,,,,,,,,,,,,,,,,,,,,,,,,,,,,,
45,18,16,7,S19,False,0,4,4,0,6,0,0,0,0,"['B35', 'B701', 'B288', 'B160', 'B283', 'B73']",3.0,S51,1.21,6,4,10,0.0,,-0.374339,-12.6287,-13.003039,False,False,18,S0,True,14,0.463,pickup,,,,,,,,,,,,,,,,,,,,,,,,,,,,,,,,,,,,,,,,,,,,,,,,,,,,
45,18,16,11,S51,False,6,4,10,0,10,0,0,0,0,"['B761', 'B676', 'B176', 'B137', 'B627', 'B14', 'B492', 'B182', 'B271', 'B736']",5.0,S45,4.13,16,4,20,0.0,,-0.394163,-12.636016,-13.030179,True,False,36,S45,True,13,0.8844,pickup,,,,,,,,,,,,,,,,,,,,,,,,,,,,,,,,,,,,,,,,,,,,,,,,,,,,
45,18,16,20,S45,False,16,4,20,8,0,0,0,0,0,"['B35', 'B701', 'B288', 'B160', 'B283', 'B73', 'B761', 'B676']",4.0,S0,8.88,8,4,12,0.0,,-0.433915,-12.554393,-12.988308,False,False,18,S15,True,6,0.4459,delivery,,,,,,,,,,,,,,,,,,,,,,,,,,,,,,,,,,,,,,,,,,,,,,,,,,,,
45,18,16,33,S0,False,8,4,12,0,8,0,0,0,0,"['B340', 'B392', 'B27', 'B188', 'B147', 'B304', 'B594', 'B418']",4.0,S57,3.76,16,4,20,0.0,,-0.395671,-12.608264,-13.003935,False,False,12,S57,False,10,0.3072,pickup,,,,,,,,,,,,,,,,,,,,,,,,,,,,,,,,,,,,,,,,,,,,,,,,,,,,
45,18,16,41,S57,False,16,4,20,13,0,0,0,0,0,"['B176', 'B137', 'B627', 'B14', 'B492', 'B182', 'B271', 'B736', 'B340', 'B392', 'B27', 'B188', 'B147']",6.5,S8,7.91,3,4,7,0.0,,-0.335998,-12.645103,-12.9811,False,False,18,S15,True,13,0.4451,delivery,,,,,,,,,,,,,,,,,,,,,,,,,,,,,,,,,,,,,,,,,,,,,,,,,,,,
45,18,16,55,S8,False,3,4,7,0,0,0,1,0,0,['B762'],0.5,S66,15.69,3,5,8,0.0,,-0.475011,-12.676196,-13.151207,True,True,36,S4,True,7,0.9846,do_nothing+depot_removal,,,,,,,,,,,,,,,,,,,,,,,,,,,,,,,,,,,,,,,,,,,,,,,,,,,,
45,18,17,11,S66,False,3,5,8,0,12,0,0,0,0,"['B78', 'B124', 'B530', 'B564', 'B152', 'B685', 'B735', 'B443', 'B171', 'B236', 'B126', 'B48']",6.0,S14,8.6,15,5,20,0.0,,-0.296001,-12.477928,-12.773929,True,False,18,S14,False,15,0.4455,pickup,,,,,,,,,,,,,,,,,,,,,,,,,,,,,,,,,,,,,,,,,,,,,,,,,,,,
45,18,17,26,S14,False,15,5,20,7,0,1,0,0,0,"['B304', 'B594', 'B418', 'B78', 'B124', 'B530', 'B564']",6.5,S34,4.25,8,5,13,0.0,,-0.256903,-12.417217,-12.674121,True,True,36,S34,False,30,0.767,delivery+onsite,,,,,,,,,,,,,,,,,,,,,,,,,,,,,,,,,,,,,,,,,,,,,,,,,,,,
45,18,17,37,S34,False,8,5,13,8,0,0,0,0,0,"['B152', 'B685', 'B735', 'B443', 'B171', 'B236', 'B126', 'B48']",4.0,S31,4.64,0,5,5,0.0,,-0.216905,-12.357397,-12.574302,False,False,12,S64,True,7,0.3078,delivery,,,,,,,,,,,,,,,,,,,,,,,,,,,,,,,,,,,,,,,,,,,,,,,,,,,,
45,18,17,45,S31,False,0,5,5,0,15,0,0,0,0,"['B416', 'B720', 'B568', 'B440', 'B695', 'B741', 'B189', 'B644', 'B181', 'B192', 'B330', 'B300', 'B719', 'B254', 'B647']",7.5,S62,2.98,15,5,20,0.0,,-0.177461,-12.236351,-12.413812,False,False,18,S64,True,8,0.4524,pickup,,,,,,,,,,,,,,,,,,,,,,,,,,,,,,,,,,,,,,,,,,,,,,,,,,,,
45,18,17,56,S62,False,15,5,20,10,0,1,0,0,0,"['B416', 'B720', 'B568', 'B440', 'B695', 'B741', 'B189', 'B644', 'B181', 'B192']",8.0,S64,3.33,5,5,10,0.0,,-0.039246,-12.189396,-12.228642,True,True,36,S26,True,20,0.7032,delivery+onsite,,,,,,,,,,,,,,,,,,,,,,,,,,,,,,,,,,,,,,,,,,,,,,,,,,,,
45,18,18,7,S64,False,5,5,10,0,9,0,0,0,0,"['B97', 'B710', 'B436', 'B473', 'B482', 'B378', 'B656', 'B748', 'B425']",4.5,S26,7.31,14,5,19,0.0,,-0.05917,-12.604429,-12.663599,False,False,18,S26,True,12,0.4535,pickup,,,,,,,,,,,,,,,,,,,,,,,,,,,,,,,,,,,,,,,,,,,,,,,,,,,,
45,18,18,19,S26,False,14,5,19,14,0,0,0,0,0,"['B330', 'B300', 'B719', 'B254', 'B647', 'B97', 'B710', 'B436', 'B473', 'B482', 'B378', 'B656', 'B748', 'B425']",7.0,S5,10.64,0,5,5,0.0,,-0.059372,-12.63892,-12.698291,False,False,18,S24,True,13,0.4882,delivery,,,,,,,,,,,,,,,,,,,,,,,,,,,,,,,,,,,,,,,,,,,,,,,,,,,,
45,18,18,37,S5,False,0,5,5,0,11,1,0,0,0,"['B158', 'B571', 'B537', 'B616', 'B354', 'B650', 'B259', 'B19', 'B637', 'B149', 'B29']",8.5,S35,16.22,11,5,16,0.0,,-0.11849,-12.685055,-12.803545,True,True,24,S62,True,21,0.75,pickup+onsite,,,,,,,,,,,,,,,,,,,,,,,,,,,,,,,,,,,,,,,,,,,,,,,,,,,,
45,18,19,1,S35,False,11,5,16,0,0,0,0,0,0,[],0.0,S15,5.79,11,5,16,0.0,,-0.097569,-12.809527,-12.907096,False,False,18,S15,True,1,0.3889,do_nothing,,,,,,,,,,,,,,,,,,,,,,,,,,,,,,,,,,,,,,,,,,,,,,,,,,,,
45,18,19,7,S15,False,11,5,16,11,0,0,0,0,0,"['B158', 'B571', 'B537', 'B616', 'B354', 'B650', 'B259', 'B19', 'B637', 'B149', 'B29']",5.5,S8,12.86,0,5,5,0.0,,-0.117591,-12.765384,-12.882974,False,False,12,S8,False,9,0.2825,delivery,,,,,,,,,,,,,,,,,,,,,,,,,,,,,,,,,,,,,,,,,,,,,,,,,,,,
45,18,19,26,S8,False,0,5,5,0,15,0,0,0,0,"['B302', 'B237', 'B487', 'B63', 'B405', 'B251', 'B17', 'B628', 'B433', 'B417', 'B227', 'B633', 'B502', 'B15', 'B707']",7.5,S35,7.6,15,5,20,0.0,,-0.137465,-12.703936,-12.841402,False,False,11,S35,False,6,0.3346,pickup,,,,,,,,,,,,,,,,,,,,,,,,,,,,,,,,,,,,,,,,,,,,,,,,,,,,
45,18,19,41,S35,False,15,5,20,0,0,0,0,0,0,[],0.0,S40,4.93,15,5,20,0.0,,-0.197136,-12.677463,-12.874598,True,False,8,D0,True,2,0.2912,do_nothing,,,,,,,,,,,,,,,,,,,,,,,,,,,,,,,,,,,,,,,,,,,,,,,,,,,,
45,18,19,46,S40,False,15,5,20,0,0,0,0,0,0,[],0.0,S33,1.51,15,5,20,0.0,,-0.157037,-12.689272,-12.84631,False,False,4,S33,False,0,0.164,do_nothing,,,,,,,,,,,,,,,,,,,,,,,,,,,,,,,,,,,,,,,,,,,,,,,,,,,,
45,18,19,47,S33,False,15,5,20,0,0,0,0,0,0,[],0.0,S40,1.51,15,5,20,0.0,,-0.079345,-12.715578,-12.794923,False,False,4,D0,True,0,0.1296,do_nothing,,,,,,,,,,,,,,,,,,,,,,,,,,,,,,,,,,,,,,,,,,,,,,,,,,,,
45,18,19,49,S40,False,15,5,20,8,0,0,0,0,0,"['B302', 'B237', 'B487', 'B63', 'B405', 'B251', 'B17', 'B628']",4.0,D0,0.66,7,5,12,0.0,,-0.176414,-12.771579,-12.947992,False,False,3,D0,False,1,0.1111,delivery,,,,,,,,,,,,,,,,,,,,,,,,,,,,,,,,,,,,,,,,,,,,,,,,,,,,
45,18,19,53,D0,True,7,5,12,0,0,0,0,5,3,"['B2', 'B721', 'B478', 'B339', 'B600', 'B234', 'B430', 'B762']",4.0,D0,0.0,10,0,10,0.0,,-0.157836,-12.845282,-13.003119,True,True,1,D0,False,0,0.0406,do_nothing,,,,,,,,,,,,,,,,,,,,,,,,,,,,,,,,,,,,,,,,,,,,,,,,,,,,
45,19,6,12,D0,True,10,0,10,0,0,0,0,0,5,"['B514', 'B25', 'B396', 'B281', 'B570']",2.5,S48,4.23,15,0,15,0.0,,-0.019623,-12.754177,-12.7738,True,True,5,S64,True,3,0.1497,load_queue,,,,,,,,,,,,,,,,,,,,,,,,,,,,,,,,,,,,,,,,,,,,,,,,,,,,
45,19,6,34,S48,False,15,0,15,15,0,1,0,0,0,"['B433', 'B417', 'B227', 'B633', 'B502', 'B15', 'B707', 'B2', 'B721', 'B478', 'B514', 'B25', 'B396', 'B281', 'B570']",10.5,S39,7.99,0,0,0,0.0,,-0.019573,-12.710265,-12.729839,True,True,24,S36,True,18,0.5884,delivery+onsite,,,,,,,,,,,,,,,,,,,,,,,,,,,,,,,,,,,,,,,,,,,,,,,,,,,,
45,19,6,52,S39,False,0,0,0,0,20,0,0,0,0,"['B666', 'B665', 'B337', 'B178', 'B266', 'B168', 'B44', 'B507', 'B592', 'B448', 'B640', 'B226', 'B508', 'B252', 'B705', 'B551', 'B90', 'B4', 'B223', 'B162']",10.0,S64,2.55,20,0,20,0.0,,-0.019723,-12.661604,-12.681327,True,False,18,S64,False,12,0.5567,pickup,,,,,,,,,,,,,,,,,,,,,,,,,,,,,,,,,,,,,,,,,,,,,,,,,,,,
45,19,7,5,S64,False,20,0,20,7,0,0,0,0,0,"['B666', 'B665', 'B337', 'B178', 'B266', 'B168', 'B44']",3.5,S51,6.57,13,0,13,0.0,,0.0,-12.439688,-12.439688,False,False,18,S24,True,16,0.7274,delivery,,,,,,,,,,,,,,,,,,,,,,,,,,,,,,,,,,,,,,,,,,,,,,,,,,,,
45,19,7,15,S51,False,13,0,13,12,0,2,0,0,0,"['B507', 'B592', 'B448', 'B640', 'B226', 'B508', 'B252', 'B705', 'B551', 'B90', 'B4', 'B223']",12.0,S59,5.65,1,0,1,0.0,,0.0,-12.349639,-12.349639,True,True,54,S36,True,33,1.5579,delivery+onsite,,,,,,,,,,,,,,,,,,,,,,,,,,,,,,,,,,,,,,,,,,,,,,,,,,,,
45,19,7,33,S59,False,1,0,1,0,15,0,1,0,0,"['B579', 'B60', 'B512', 'B560', 'B582', 'B328', 'B157', 'B574', 'B657', 'B161', 'B503', 'B612', 'B587', 'B573', 'B5', 'B294']",8.0,S22,6.26,16,1,17,0.0,,-0.058571,-12.299458,-12.358029,True,True,36,S58,True,19,0.8969,pickup+depot_removal,,,,,,,,,,,,,,,,,,,,,,,,,,,,,,,,,,,,,,,,,,,,,,,,,,,,
45,19,7,47,S22,False,16,1,17,14,0,0,0,0,0,"['B162', 'B579', 'B60', 'B512', 'B560', 'B582', 'B328', 'B157', 'B574', 'B657', 'B161', 'B503', 'B612', 'B587']",7.0,S52,7.49,2,1,3,0.0,,-0.019474,-12.198715,-12.218189,False,False,18,S52,False,12,0.475,delivery,,,,,,,,,,,,,,,,,,,,,,,,,,,,,,,,,,,,,,,,,,,,,,,,,,,,
45,19,8,1,S52,False,2,1,3,0,10,1,0,0,0,"['B88', 'B373', 'B224', 'B700', 'B658', 'B624', 'B668', 'B214', 'B712', 'B68']",8.0,S26,7.0,12,1,13,0.0,,0.0,-12.255388,-12.255388,True,True,36,S36,True,31,0.7727,pickup+onsite,,,,,,,,,,,,,,,,,,,,,,,,,,,,,,,,,,,,,,,,,,,,,,,,,,,,
45,19,8,16,S26,False,12,1,13,12,0,0,0,0,0,"['B573', 'B5', 'B88', 'B373', 'B224', 'B700', 'B658', 'B624', 'B668', 'B214', 'B712', 'B68']",6.0,S18,7.46,0,1,1,0.0,,-0.039496,-12.329543,-12.369039,False,False,12,S63,True,7,0.3236,delivery,,,,,,,,,,,,,,,,,,,,,,,,,,,,,,,,,,,,,,,,,,,,,,,,,,,,
45,19,8,30,S18,False,0,1,1,0,12,0,0,0,0,"['B596', 'B480', 'B102', 'B730', 'B33', 'B619', 'B221', 'B119', 'B455', 'B72', 'B377', 'B110']",6.0,S10,6.27,12,1,13,0.0,,-0.079444,-12.393456,-12.4729,False,False,18,S36,True,14,0.3904,pickup,,,,,,,,,,,,,,,,,,,,,,,,,,,,,,,,,,,,,,,,,,,,,,,,,,,,
45,19,8,42,S10,False,12,1,13,10,0,0,0,0,0,"['B596', 'B480', 'B102', 'B730', 'B33', 'B619', 'B221', 'B119', 'B455', 'B72']",5.0,S63,4.83,2,1,3,0.0,,-0.039247,-12.284075,-12.323322,False,False,18,S36,True,9,0.4845,delivery,,,,,,,,,,,,,,,,,,,,,,,,,,,,,,,,,,,,,,,,,,,,,,,,,,,,
45,19,8,52,S63,False,2,1,3,0,14,0,0,0,0,"['B324', 'B318', 'B683', 'B462', 'B192', 'B360', 'B651', 'B272', 'B96', 'B485', 'B611', 'B62', 'B317', 'B710']",7.0,S56,4.53,16,1,17,0.0,,-0.039497,-12.285413,-12.324911,False,False,18,S36,True,6,0.4621,pickup,,,,,,,,,,,,,,,,,,,,,,,,,,,,,,,,,,,,,,,,,,,,,,,,,,,,
45,19,9,4,S56,False,16,1,17,9,0,0,0,0,0,"['B377', 'B110', 'B324', 'B318', 'B683', 'B462', 'B192', 'B360', 'B651']",4.5,S35,2.44,7,1,8,0.0,,-0.019924,-12.071753,-12.091677,False,False,18,S24,True,6,0.463,delivery,,,,,,,,,,,,,,,,,,,,,,,,,,,,,,,,,,,,,,,,,,,,,,,,,,,,
45,19,9,11,S35,False,7,1,8,7,0,0,1,0,0,"['B687', 'B272', 'B96', 'B485', 'B611', 'B62', 'B317', 'B710']",4.0,S58,8.51,0,2,2,0.0,,-0.019623,-12.076481,-12.096104,True,True,24,S47,True,20,0.6585,delivery+depot_removal,,,,,,,,,,,,,,,,,,,,,,,,,,,,,,,,,,,,,,,,,,,,,,,,,,,,
45,19,9,23,S58,False,0,2,2,0,12,0,0,0,0,"['B437', 'B461', 'B325', 'B22', 'B447', 'B403', 'B118', 'B341', 'B610', 'B729', 'B630', 'B747']",6.0,S24,9.95,12,2,14,0.0,,0.0,-12.094347,-12.094347,False,False,18,S48,True,14,0.4953,pickup,,,,,,,,,,,,,,,,,,,,,,,,,,,,,,,,,,,,,,,,,,,,,,,,,,,,
45,19,9,39,S24,False,12,2,14,11,0,0,0,0,0,"['B437', 'B461', 'B325', 'B22', 'B447', 'B403', 'B118', 'B341', 'B610', 'B729', 'B630']",5.5,S48,13.93,1,2,3,0.0,,0.0,-12.18998,-12.18998,False,False,18,S48,False,7,0.6557,delivery,,,,,,,,,,,,,,,,,,,,,,,,,,,,,,,,,,,,,,,,,,,,,,,,,,,,
45,19,9,58,S48,False,1,2,3,0,10,0,0,0,0,"['B633', 'B502', 'B15', 'B707', 'B2', 'B721', 'B478', 'B514', 'B25', 'B396']",5.0,S51,0.84,11,2,13,0.0,,-0.058819,-12.274374,-12.333193,False,False,18,S51,False,16,0.5345,pickup,,,,,,,,,,,,,,,,,,,,,,,,,,,,,,,,,,,,,,,,,,,,,,,,,,,,
45,19,10,4,S51,False,11,2,13,0,7,0,0,0,0,"['B448', 'B640', 'B226', 'B508', 'B252', 'B705', 'B551']",3.5,S29,7.57,18,2,20,0.0,,-0.038948,-12.119224,-12.158172,False,False,18,S29,True,7,0.6737,pickup,,,,,,,,,,,,,,,,,,,,,,,,,,,,,,,,,,,,,,,,,,,,,,,,,,,,
45,19,10,15,S29,False,18,2,20,0,0,0,0,0,0,[],0.0,S35,1.95,18,2,20,0.0,,-0.019474,-12.223366,-12.24284,False,False,18,S35,True,0,0.5158,do_nothing,,,,,,,,,,,,,,,,,,,,,,,,,,,,,,,,,,,,,,,,,,,,,,,,,,,,
45,19,10,17,S35,False,18,2,20,16,0,0,0,0,0,"['B747', 'B633', 'B502', 'B15', 'B707', 'B2', 'B721', 'B478', 'B514', 'B25', 'B396', 'B448', 'B640', 'B226', 'B508', 'B252']",8.0,S64,8.94,2,2,4,0.0,,0.0,-12.175373,-12.175373,False,False,18,S29,True,8,0.6623,delivery,,,,,,,,,,,,,,,,,,,,,,,,,,,,,,,,,,,,,,,,,,,,,,,,,,,,
45,19,10,34,S64,False,2,2,4,0,9,0,0,0,0,"['B665', 'B337', 'B178', 'B266', 'B168', 'B44', 'B638', 'B501', 'B464']",4.5,S61,1.43,11,2,13,0.0,,-0.078293,-12.362959,-12.441252,False,False,18,S63,True,12,0.45,pickup,,,,,,,,,,,,,,,,,,,,,,,,,,,,,,,,,,,,,,,,,,,,,,,,,,,,
45,19,10,40,S61,False,11,2,13,11,0,1,0,0,0,"['B705', 'B551', 'B665', 'B337', 'B178', 'B266', 'B168', 'B44', 'B638', 'B501', 'B464']",8.5,S52,2.0,0,2,2,0.0,,0.0,-12.373455,-12.373455,True,True,24,S52,False,18,0.566,delivery+onsite,,,,,,,,,,,,,,,,,,,,,,,,,,,,,,,,,,,,,,,,,,,,,,,,,,,,
45,19,10,51,S52,False,0,2,2,0,12,0,0,0,0,"['B722', 'B549', 'B674', 'B603', 'B55', 'B160', 'B13', 'B488', 'B143', 'B507', 'B9', 'B716']",6.0,S55,3.9,12,2,14,0.0,,-0.019474,-12.439319,-12.458793,False,False,18,S63,True,15,0.5095,pickup,,,,,,,,,,,,,,,,,,,,,,,,,,,,,,,,,,,,,,,,,,,,,,,,,,,,
45,19,11,1,S55,False,12,2,14,12,0,0,0,0,0,"['B722', 'B549', 'B674', 'B603', 'B55', 'B160', 'B13', 'B488', 'B143', 'B507', 'B9', 'B716']",6.0,S62,3.22,0,2,2,0.0,,0.0,-12.331374,-12.331374,False,False,12,S62,False,7,0.2981,delivery,,,,,,,,,,,,,,,,,,,,,,,,,,,,,,,,,,,,,,,,,,,,,,,,,,,,
45,19,11,10,S62,False,0,2,2,0,14,0,0,0,0,"['B154', 'B486', 'B561', 'B765', 'B516', 'B494', 'B571', 'B318', 'B186', 'B353', 'B64', 'B417', 'B471', 'B247']",7.0,S41,4.25,14,2,16,0.0,,-0.019573,-12.204653,-12.224226,False,False,18,S63,True,6,0.4845,pickup,,,,,,,,,,,,,,,,,,,,,,,,,,,,,,,,,,,,,,,,,,,,,,,,,,,,
45,19,11,21,S41,False,14,2,16,14,0,0,1,0,0,"['B648', 'B154', 'B486', 'B561', 'B765', 'B516', 'B494', 'B571', 'B318', 'B186', 'B353', 'B64', 'B417', 'B471', 'B247']",7.5,S63,5.29,0,3,3,0.0,,-0.137612,-12.275566,-12.413178,True,True,24,S16,True,19,1.0015,delivery+depot_removal,,,,,,,,,,,,,,,,,,,,,,,,,,,,,,,,,,,,,,,,,,,,,,,,,,,,
45,19,11,34,S63,False,0,3,3,0,13,0,0,0,0,"['B97', 'B345', 'B589', 'B65', 'B661', 'B742', 'B688', 'B718', 'B295', 'B532', 'B338', 'B43', 'B457']",6.5,S32,3.1,13,3,16,0.0,,-0.098817,-12.329943,-12.42876,False,False,18,S32,False,12,0.5129,pickup,,,,,,,,,,,,,,,,,,,,,,,,,,,,,,,,,,,,,,,,,,,,,,,,,,,,
45,19,11,43,S32,False,13,3,16,13,0,0,0,0,0,"['B97', 'B345', 'B589', 'B65', 'B661', 'B742', 'B688', 'B718', 'B295', 'B532', 'B338', 'B43', 'B457']",6.5,S60,6.97,0,3,3,0.0,,-0.079092,-12.242555,-12.321648,False,False,18,S16,True,12,0.5145,delivery,,,,,,,,,,,,,,,,,,,,,,,,,,,,,,,,,,,,,,,,,,,,,,,,,,,,
45,19,11,57,S60,False,0,3,3,0,17,0,0,0,0,"['B211', 'B163', 'B725', 'B287', 'B156', 'B280', 'B531', 'B575', 'B279', 'B263', 'B278', 'B696', 'B517', 'B45', 'B660', 'B350', 'B24']",8.5,S29,7.31,17,3,20,0.0,,-0.157438,-12.439036,-12.596474,False,False,12,S26,True,9,0.3602,pickup,,,,,,,,,,,,,,,,,,,,,,,,,,,,,,,,,,,,,,,,,,,,,,,,,,,,
45,19,12,13,S29,False,17,3,20,17,0,0,0,0,0,"['B211', 'B163', 'B725', 'B287', 'B156', 'B280', 'B531', 'B575', 'B279', 'B263', 'B278', 'B696', 'B517', 'B45', 'B660', 'B350', 'B24']",8.5,S25,14.64,0,3,3,0.0,,-0.059319,-12.418655,-12.477975,False,False,18,S15,True,9,0.5478,delivery,,,,,,,,,,,,,,,,,,,,,,,,,,,,,,,,,,,,,,,,,,,,,,,,,,,,
45,19,12,36,S25,False,0,3,3,0,13,0,2,0,0,"['B426', 'B12', 'B3', 'B285', 'B421', 'B566', 'B232', 'B343', 'B194', 'B636', 'B198', 'B144', 'B559', 'B679', 'B265']",7.5,S15,10.79,13,5,18,0.0,,-0.118088,-12.46827,-12.586358,True,True,54,S31,True,30,1.5109,pickup+depot_removal,,,,,,,,,,,,,,,,,,,,,,,,,,,,,,,,,,,,,,,,,,,,,,,,,,,,
45,19,12,54,S15,False,13,5,18,13,0,0,0,0,0,"['B426', 'B12', 'B3', 'B285', 'B421', 'B566', 'B232', 'B343', 'B194', 'B636', 'B198', 'B144', 'B559']",6.5,S45,4.47,0,5,5,0.0,,-0.413593,-12.441792,-12.855385,False,False,12,S45,False,8,0.4303,delivery,,,,,,,,,,,,,,,,,,,,,,,,,,,,,,,,,,,,,,,,,,,,,,,,,,,,
45,19,13,5,S45,False,0,5,5,0,7,0,0,0,0,"['B690', 'B683', 'B324', 'B306', 'B11', 'B155', 'B323']",3.5,S63,1.16,7,5,12,0.0,,-0.197636,-12.695148,-12.892784,False,False,18,S51,True,8,0.4189,pickup,,,,,,,,,,,,,,,,,,,,,,,,,,,,,,,,,,,,,,,,,,,,,,,,,,,,
45,19,13,10,S63,False,7,5,12,7,0,0,0,0,0,"['B690', 'B683', 'B324', 'B306', 'B11', 'B155', 'B323']",3.5,S31,4.21,0,5,5,0.0,,-0.196534,-12.564309,-12.760843,False,False,12,S19,True,7,0.2885,delivery,,,,,,,,,,,,,,,,,,,,,,,,,,,,,,,,,,,,,,,,,,,,,,,,,,,,
45,19,13,17,S31,False,0,5,5,0,15,0,0,0,0,"['B357', 'B565', 'B520', 'B662', 'B609', 'B197', 'B193', 'B149', 'B513', 'B165', 'B751', 'B386', 'B472', 'B677', 'B90']",7.5,S26,6.02,15,5,20,0.0,,-0.176609,-12.628793,-12.805402,False,False,18,S26,True,6,0.4717,pickup,,,,,,,,,,,,,,,,,,,,,,,,,,,,,,,,,,,,,,,,,,,,,,,,,,,,
45,19,13,31,S26,False,15,5,20,15,0,0,0,0,0,"['B357', 'B565', 'B520', 'B662', 'B609', 'B197', 'B193', 'B149', 'B513', 'B165', 'B751', 'B386', 'B472', 'B677', 'B90']",7.5,S51,11.22,0,5,5,0.0,,-0.611874,-12.716338,-13.328212,False,False,12,S44,True,6,0.3597,delivery,,,,,,,,,,,,,,,,,,,,,,,,,,,,,,,,,,,,,,,,,,,,,,,,,,,,
45,19,13,50,S51,False,0,5,5,0,13,0,0,0,0,"['B69', 'B101', 'B375', 'B244', 'B470', 'B590', 'B288', 'B132', 'B608', 'B220', 'B248', 'B527', 'B504']",6.5,S44,3.83,13,5,18,0.0,,-0.689869,-12.682925,-13.372793,False,False,18,S8,True,13,0.4657,pickup,,,,,,,,,,,,,,,,,,,,,,,,,,,,,,,,,,,,,,,,,,,,,,,,,,,,
45,19,14,0,S44,False,13,5,18,10,0,0,0,0,0,"['B69', 'B101', 'B375', 'B244', 'B470', 'B590', 'B288', 'B132', 'B608', 'B220']",5.0,S11,9.45,3,5,8,0.0,,-0.373646,-12.505969,-12.879615,False,False,18,S63,True,9,0.6625,delivery,,,,,,,,,,,,,,,,,,,,,,,,,,,,,,,,,,,,,,,,,,,,,,,,,,,,
45,19,14,14,S11,False,3,5,8,0,10,1,1,0,0,"['B536', 'B758', 'B100', 'B419', 'B230', 'B555', 'B621', 'B524', 'B108', 'B18', 'B42']",8.5,S63,9.33,13,6,19,0.0,,-0.296602,-12.533823,-12.830426,True,True,72,S16,True,66,1.751,pickup+maintenance,,,,,,,,,,,,,,,,,,,,,,,,,,,,,,,,,,,,,,,,,,,,,,,,,,,,
45,19,14,32,S63,False,13,6,19,13,0,0,0,0,0,"['B248', 'B527', 'B504', 'B536', 'B758', 'B100', 'B419', 'B230', 'B555', 'B621', 'B524', 'B108', 'B18']",6.5,S19,4.53,0,6,6,0.0,,-0.513159,-12.517428,-13.030587,False,False,12,S12,True,9,0.3296,delivery,,,,,,,,,,,,,,,,,,,,,,,,,,,,,,,,,,,,,,,,,,,,,,,,,,,,
45,19,14,43,S19,False,0,6,6,0,7,0,0,0,0,"['B66', 'B71', 'B17', 'B6', 'B591', 'B326', 'B705']",3.5,S35,8.66,7,6,13,0.0,,-0.336149,-12.563951,-12.900101,False,False,18,S12,True,8,0.5167,pickup,,,,,,,,,,,,,,,,,,,,,,,,,,,,,,,,,,,,,,,,,,,,,,,,,,,,
45,19,14,55,S35,False,7,6,13,0,7,0,0,0,0,"['B478', 'B596', 'B734', 'B754', 'B215', 'B709', 'B546']",3.5,S16,6.87,14,6,20,0.0,,-0.176813,-12.794898,-12.971711,False,False,12,S4,True,10,0.2961,pickup,,,,,,,,,,,,,,,,,,,,,,,,,,,,,,,,,,,,,,,,,,,,,,,,,,,,
45,19,15,6,S16,False,14,6,20,6,0,0,0,0,0,"['B66', 'B71', 'B17', 'B6', 'B591', 'B326']",3.0,S57,6.45,8,6,14,0.0,,-0.374344,-12.719533,-13.093876,False,False,18,S8,True,15,0.4159,delivery,,,,,,,,,,,,,,,,,,,,,,,,,,,,,,,,,,,,,,,,,,,,,,,,,,,,
45,19,15,15,S57,False,8,6,14,8,0,0,0,0,0,"['B705', 'B478', 'B596', 'B734', 'B754', 'B215', 'B709', 'B546']",4.0,S54,2.65,0,6,6,0.0,,-0.138266,-12.676441,-12.814707,False,False,12,S54,False,6,0.3281,delivery,,,,,,,,,,,,,,,,,,,,,,,,,,,,,,,,,,,,,,,,,,,,,,,,,,,,
45,19,15,22,S54,False,0,6,6,0,11,0,0,0,0,"['B394', 'B468', 'B335', 'B680', 'B34', 'B726', 'B502', 'B69', 'B104', 'B358', 'B598']",5.5,S8,10.5,11,6,17,0.0,,-0.2954,-12.697469,-12.992869,False,False,18,S55,True,14,0.456,pickup,,,,,,,,,,,,,,,,,,,,,,,,,,,,,,,,,,,,,,,,,,,,,,,,,,,,
45,19,15,38,S8,False,11,6,17,11,0,0,0,0,0,"['B394', 'B468', 'B335', 'B680', 'B34', 'B726', 'B502', 'B69', 'B104', 'B358', 'B598']",5.5,S37,15.46,0,6,6,0.0,,-0.39337,-12.635782,-13.029151,False,False,12,S21,True,10,0.4179,delivery,,,,,,,,,,,,,,,,,,,,,,,,,,,,,,,,,,,,,,,,,,,,,,,,,,,,
45,19,15,59,S37,False,0,6,6,0,0,0,2,0,0,"['B301', 'B158']",1.0,S35,7.89,0,8,8,0.0,,-0.494187,-12.704157,-13.198343,True,True,48,S55,True,16,1.3242,do_nothing+depot_removal,,,,,,,,,,,,,,,,,,,,,,,,,,,,,,,,,,,,,,,,,,,,,,,,,,,,
45,19,16,8,S35,False,0,8,8,0,12,0,0,0,0,"['B213', 'B152', 'B314', 'B324', 'B663', 'B46', 'B136', 'B244', 'B703', 'B749', 'B7', 'B651']",6.0,S63,6.66,12,8,20,0.0,,-0.41494,-12.330286,-12.745226,False,False,12,S55,True,6,0.3211,pickup,,,,,,,,,,,,,,,,,,,,,,,,,,,,,,,,,,,,,,,,,,,,,,,,,,,,
45,19,16,20,S63,False,12,8,20,12,0,0,0,0,0,"['B213', 'B152', 'B314', 'B324', 'B663', 'B46', 'B136', 'B244', 'B703', 'B749', 'B7', 'B651']",6.0,S12,5.44,0,8,8,0.0,,-0.256406,-12.25256,-12.508965,False,False,12,S12,False,6,0.3416,delivery,,,,,,,,,,,,,,,,,,,,,,,,,,,,,,,,,,,,,,,,,,,,,,,,,,,,
45,19,16,32,S12,False,0,8,8,0,12,1,0,0,0,"['B721', 'B557', 'B518', 'B573', 'B674', 'B39', 'B151', 'B620', 'B399', 'B160', 'B633', 'B676']",9.0,S28,18.55,12,8,20,0.0,,-0.454798,-12.205646,-12.660444,True,True,24,S55,True,18,0.622,pickup+onsite,,,,,,,,,,,,,,,,,,,,,,,,,,,,,,,,,,,,,,,,,,,,,,,,,,,,
45,19,16,59,S28,False,12,8,20,12,0,0,0,0,0,"['B721', 'B557', 'B518', 'B573', 'B674', 'B39', 'B151', 'B620', 'B399', 'B160', 'B633', 'B676']",6.0,S55,14.03,0,8,8,0.0,,-0.355622,-12.15064,-12.506262,False,False,12,S48,True,9,0.3245,delivery,,,,,,,,,,,,,,,,,,,,,,,,,,,,,,,,,,,,,,,,,,,,,,,,,,,,
45,19,17,19,S55,False,0,8,8,0,12,0,0,0,0,"['B665', 'B257', 'B369', 'B742', 'B323', 'B732', 'B125', 'B37', 'B311', 'B116', 'B396', 'B375']",6.0,S25,15.44,12,8,20,0.0,,-0.295099,-12.517178,-12.812277,False,False,12,S29,True,7,0.2979,pickup,,,,,,,,,,,,,,,,,,,,,,,,,,,,,,,,,,,,,,,,,,,,,,,,,,,,
45,19,17,41,S25,False,12,8,20,12,0,0,0,0,0,"['B665', 'B257', 'B369', 'B742', 'B323', 'B732', 'B125', 'B37', 'B311', 'B116', 'B396', 'B375']",6.0,S0,19.27,0,8,8,0.0,,-0.156189,-12.439262,-12.595452,False,False,12,S46,True,8,0.3152,delivery,,,,,,,,,,,,,,,,,,,,,,,,,,,,,,,,,,,,,,,,,,,,,,,,,,,,
45,19,18,6,S0,False,0,8,8,0,12,0,0,0,0,"['B364', 'B490', 'B607', 'B580', 'B604', 'B694', 'B550', 'B445', 'B355', 'B200', 'B300', 'B361']",6.0,S50,4.54,12,8,20,0.0,,-0.217811,-12.459353,-12.677164,False,False,18,S51,True,6,0.6084,pickup,,,,,,,,,,,,,,,,,,,,,,,,,,,,,,,,,,,,,,,,,,,,,,,,,,,,
45,19,18,17,S50,False,12,8,20,12,0,0,0,0,0,"['B364', 'B490', 'B607', 'B580', 'B604', 'B694', 'B550', 'B445', 'B355', 'B200', 'B300', 'B361']",6.0,S37,7.46,0,8,8,0.0,,-0.099119,-12.413093,-12.512213,False,False,12,S42,True,7,0.3579,delivery,,,,,,,,,,,,,,,,,,,,,,,,,,,,,,,,,,,,,,,,,,,,,,,,,,,,
45,19,18,30,S37,False,0,8,8,0,0,0,0,0,0,[],0.0,S51,4.67,0,8,8,0.0,,-0.079646,-12.336165,-12.415812,False,False,12,S51,False,0,0.3467,do_nothing,,,,,,,,,,,,,,,,,,,,,,,,,,,,,,,,,,,,,,,,,,,,,,,,,,,,
45,19,18,35,S51,False,0,8,8,0,10,1,0,0,0,"['B49', 'B6', 'B405', 'B519', 'B434', 'B459', 'B686', 'B663', 'B93', 'B534']",8.0,S29,7.57,10,8,18,0.0,,-0.098316,-12.244421,-12.342737,True,True,36,S29,False,30,0.9323,pickup+onsite,,,,,,,,,,,,,,,,,,,,,,,,,,,,,,,,,,,,,,,,,,,,,,,,,,,,
45,19,18,50,S29,False,10,8,18,10,0,0,0,0,0,"['B49', 'B6', 'B405', 'B519', 'B434', 'B459', 'B686', 'B663', 'B93', 'B534']",5.0,S42,3.12,0,8,8,0.0,,-0.137613,-12.212864,-12.350477,False,False,12,S42,False,7,0.3305,delivery,,,,,,,,,,,,,,,,,,,,,,,,,,,,,,,,,,,,,,,,,,,,,,,,,,,,
45,19,18,59,S42,False,0,8,8,0,9,0,2,0,0,"['B333', 'B66', 'B422', 'B201', 'B189', 'B120', 'B597', 'B460', 'B310', 'B491', 'B522']",5.5,S47,12.17,9,10,19,0.0,,-0.098218,-12.200814,-12.299032,True,True,48,S37,True,43,1.1388,pickup+depot_removal,,,,,,,,,,,,,,,,,,,,,,,,,,,,,,,,,,,,,,,,,,,,,,,,,,,,
45,19,19,16,S47,False,9,10,19,9,0,0,0,0,0,"['B333', 'B66', 'B422', 'B201', 'B189', 'B120', 'B597', 'B460', 'B310']",4.5,S33,5.84,0,10,10,0.0,,-0.058571,-12.486624,-12.545195,False,False,12,S22,True,6,0.3049,delivery,,,,,,,,,,,,,,,,,,,,,,,,,,,,,,,,,,,,,,,,,,,,,,,,,,,,
45,19,19,27,S33,False,0,10,10,0,10,0,0,0,0,"['B186', 'B654', 'B226', 'B544', 'B133', 'B172', 'B207', 'B331', 'B388', 'B587']",5.0,S27,3.37,10,10,20,0.0,,-0.059118,-12.426251,-12.485369,False,False,12,S37,True,8,0.4295,pickup,,,,,,,,,,,,,,,,,,,,,,,,,,,,,,,,,,,,,,,,,,,,,,,,,,,,
45,19,19,35,S27,False,10,10,20,10,0,0,1,0,0,"['B276', 'B186', 'B654', 'B226', 'B544', 'B133', 'B172', 'B207', 'B331', 'B388', 'B587']",5.5,S33,3.37,0,11,11,0.0,,-0.097967,-12.42819,-12.526157,True,True,22,S61,True,19,0.5207,delivery+depot_removal,,,,,,,,,,,,,,,,,,,,,,,,,,,,,,,,,,,,,,,,,,,,,,,,,,,,
45,19,19,44,S33,False,0,11,11,0,0,0,0,0,0,[],0.0,S37,1.91,0,11,11,0.0,,-0.216862,-12.371557,-12.588419,False,False,5,S37,False,0,0.237,do_nothing,,,,,,,,,,,,,,,,,,,,,,,,,,,,,,,,,,,,,,,,,,,,,,,,,,,,
45,19,19,46,S37,False,0,11,11,0,0,0,0,0,0,[],0.0,S18,1.43,0,11,11,0.0,,-0.117988,-12.426107,-12.544095,False,False,4,D0,True,1,0.1123,do_nothing,,,,,,,,,,,,,,,,,,,,,,,,,,,,,,,,,,,,,,,,,,,,,,,,,,,,
45,19,19,47,S18,False,0,11,11,0,9,0,0,0,0,"['B259', 'B637', 'B360', 'B560', 'B227', 'B582', 'B428', 'B586', 'B764']",4.5,D0,1.79,9,11,20,0.0,,-0.118691,-12.607299,-12.725991,False,False,3,D0,True,2,0.1101,pickup,,,,,,,,,,,,,,,,,,,,,,,,,,,,,,,,,,,,,,,,,,,,,,,,,,,,
45,19,19,53,D0,True,9,11,20,0,0,0,0,11,5,"['B339', 'B600', 'B234', 'B430', 'B762', 'B294', 'B687', 'B648', 'B679', 'B265', 'B42', 'B301', 'B158', 'B491', 'B522', 'B276']",8.0,D0,0.0,14,0,14,0.0,,-0.098317,-12.57885,-12.677168,True,True,1,D0,False,0,0.0436,do_nothing,,,,,,,,,,,,,,,,,,,,,,,,,,,,,,,,,,,,,,,,,,,,,,,,,,,,
45,20,6,1,D0,True,14,0,14,0,0,0,0,0,0,[],0.0,S53,1.77,14,0,14,0.0,,-0.078795,-13.084445,-13.163241,True,True,5,S61,True,1,0.1538,depot_passthrough,,,,,,,,,,,,,,,,,,,,,,,,,,,,,,,,,,,,,,,,,,,,,,,,,,,,
45,20,6,18,S53,False,14,0,14,0,6,2,0,0,0,"['B282', 'B328', 'B110', 'B206', 'B667', 'B634']",9.0,S61,3.81,20,0,20,0.0,,-0.078444,-12.94154,-13.019984,True,True,54,S61,False,48,1.2917,pickup+onsite,,,,,,,,,,,,,,,,,,,,,,,,,,,,,,,,,,,,,,,,,,,,,,,,,,,,
45,20,6,31,S61,False,20,0,20,13,0,0,0,0,0,"['B259', 'B637', 'B360', 'B560', 'B227', 'B582', 'B428', 'B586', 'B764', 'B339', 'B600', 'B234', 'B430']",6.5,S37,2.04,7,0,7,0.0,,-0.09822,-13.033708,-13.131928,False,False,18,S59,True,13,0.4303,delivery,,,,,,,,,,,,,,,,,,,,,,,,,,,,,,,,,,,,,,,,,,,,,,,,,,,,
45,20,6,40,S37,False,7,0,7,0,13,0,0,0,0,"['B167', 'B130', 'B442', 'B152', 'B489', 'B213', 'B261', 'B136', 'B145', 'B616', 'B492', 'B241', 'B718']",6.5,S35,7.89,20,0,20,0.0,,-0.15719,-12.964085,-13.121275,False,False,12,S23,True,9,0.302,pickup,,,,,,,,,,,,,,,,,,,,,,,,,,,,,,,,,,,,,,,,,,,,,,,,,,,,
45,20,6,54,S35,False,20,0,20,8,0,0,0,0,0,"['B762', 'B282', 'B328', 'B110', 'B206', 'B667', 'B634', 'B167']",4.0,S11,2.71,12,0,12,0.0,,-0.079343,-12.9539,-13.033243,False,False,18,S15,True,9,0.4716,delivery,,,,,,,,,,,,,,,,,,,,,,,,,,,,,,,,,,,,,,,,,,,,,,,,,,,,
45,20,7,1,S11,False,12,0,12,0,6,0,0,0,0,"['B443', 'B1', 'B340', 'B678', 'B342', 'B464']",3.0,S19,11.25,18,0,18,0.0,,-0.019523,-12.731794,-12.751317,False,False,18,S5,True,13,0.5069,pickup,,,,,,,,,,,,,,,,,,,,,,,,,,,,,,,,,,,,,,,,,,,,,,,,,,,,
45,20,7,15,S19,False,18,0,18,9,0,0,0,0,0,"['B130', 'B442', 'B152', 'B489', 'B213', 'B261', 'B136', 'B145', 'B616']",4.5,S5,17.4,9,0,9,0.0,,-0.019673,-12.676607,-12.69628,False,False,18,S5,True,9,0.4781,delivery,,,,,,,,,,,,,,,,,,,,,,,,,,,,,,,,,,,,,,,,,,,,,,,,,,,,
45,20,7,37,S5,False,9,0,9,9,0,0,0,0,0,"['B492', 'B241', 'B718', 'B443', 'B1', 'B340', 'B678', 'B342', 'B464']",4.5,S59,10.58,0,0,0,0.0,,-0.039146,-12.68208,-12.721227,False,False,12,S49,True,6,0.2704,delivery,,,,,,,,,,,,,,,,,,,,,,,,,,,,,,,,,,,,,,,,,,,,,,,,,,,,
45,20,7,52,S59,False,0,0,0,0,20,0,0,0,0,"['B741', 'B210', 'B27', 'B147', 'B114', 'B89', 'B365', 'B614', 'B52', 'B117', 'B681', 'B549', 'B397', 'B309', 'B529', 'B656', 'B556', 'B74', 'B640', 'B107']",10.0,S66,2.96,20,0,20,0.0,,-0.099318,-12.750612,-12.84993,False,False,12,S66,False,6,0.2833,pickup,,,,,,,,,,,,,,,,,,,,,,,,,,,,,,,,,,,,,,,,,,,,,,,,,,,,
45,20,8,5,S66,False,20,0,20,18,0,0,1,0,0,"['B299', 'B741', 'B210', 'B27', 'B147', 'B114', 'B89', 'B365', 'B614', 'B52', 'B117', 'B681', 'B549', 'B397', 'B309', 'B529', 'B656', 'B556', 'B74']",9.5,S61,1.13,2,1,3,0.0,,-0.019773,-12.286885,-12.306658,True,True,30,S43,True,14,0.6767,delivery+depot_removal,,,,,,,,,,,,,,,,,,,,,,,,,,,,,,,,,,,,,,,,,,,,,,,,,,,,
45,20,8,15,S61,False,2,1,3,0,6,0,0,0,0,"['B259', 'B637', 'B360', 'B560', 'B227', 'B582']",3.0,S55,5.26,8,1,9,0.0,,-0.019474,-12.264055,-12.283529,False,False,18,S55,False,16,0.3975,pickup,,,,,,,,,,,,,,,,,,,,,,,,,,,,,,,,,,,,,,,,,,,,,,,,,,,,
45,20,8,24,S55,False,8,1,9,0,11,0,0,0,0,"['B480', 'B334', 'B467', 'B754', 'B242', 'B723', 'B235', 'B690', 'B498', 'B119', 'B453']",5.5,S34,3.63,19,1,20,0.0,,-0.039346,-12.243152,-12.282498,False,False,12,S3,True,7,0.3226,pickup,,,,,,,,,,,,,,,,,,,,,,,,,,,,,,,,,,,,,,,,,,,,,,,,,,,,
45,20,8,33,S34,False,19,1,20,11,0,0,0,0,0,"['B640', 'B107', 'B259', 'B637', 'B360', 'B560', 'B227', 'B582', 'B480', 'B334', 'B467']",5.5,S29,2.43,8,1,9,0.0,,-0.078493,-12.213915,-12.292408,False,False,18,S3,True,16,0.4541,delivery,,,,,,,,,,,,,,,,,,,,,,,,,,,,,,,,,,,,,,,,,,,,,,,,,,,,
45,20,8,41,S29,False,8,1,9,0,10,0,0,0,0,"['B409', 'B12', 'B421', 'B214', 'B49', 'B6', 'B405', 'B519', 'B434', 'B459']",5.0,S3,3.51,18,1,19,0.0,,0.0,-12.156805,-12.156805,False,False,18,S3,False,12,0.5117,pickup,,,,,,,,,,,,,,,,,,,,,,,,,,,,,,,,,,,,,,,,,,,,,,,,,,,,
45,20,8,49,S3,False,18,1,19,11,0,0,0,0,0,"['B754', 'B242', 'B723', 'B235', 'B690', 'B498', 'B119', 'B453', 'B409', 'B12', 'B421']",5.5,S54,2.56,7,1,8,0.0,,-0.039047,-12.121151,-12.160198,False,False,18,S54,False,10,0.5366,delivery,,,,,,,,,,,,,,,,,,,,,,,,,,,,,,,,,,,,,,,,,,,,,,,,,,,,
45,20,8,57,S54,False,7,1,8,0,11,0,0,0,0,"['B195', 'B728', 'B292', 'B471', 'B642', 'B524', 'B683', 'B72', 'B440', 'B713', 'B163']",5.5,S51,6.18,18,1,19,0.0,,-0.039597,-12.020825,-12.060422,False,False,18,S51,False,12,0.5358,pickup,,,,,,,,,,,,,,,,,,,,,,,,,,,,,,,,,,,,,,,,,,,,,,,,,,,,
45,20,9,9,S51,False,18,1,19,10,0,0,0,0,0,"['B214', 'B49', 'B6', 'B405', 'B519', 'B434', 'B459', 'B195', 'B728', 'B292']",5.0,S53,3.97,8,1,9,0.0,,-0.019573,-12.252118,-12.271691,False,False,18,S21,True,14,0.5661,delivery,,,,,,,,,,,,,,,,,,,,,,,,,,,,,,,,,,,,,,,,,,,,,,,,,,,,
45,20,9,18,S53,False,8,1,9,0,9,0,1,0,0,"['B671', 'B164', 'B188', 'B255', 'B647', 'B581', 'B463', 'B65', 'B548', 'B176']",5.0,S52,2.01,17,2,19,0.0,,-0.019723,-12.278991,-12.298714,True,True,30,S15,True,25,0.9557,pickup+depot_removal,,,,,,,,,,,,,,,,,,,,,,,,,,,,,,,,,,,,,,,,,,,,,,,,,,,,
45,20,9,25,S52,False,17,2,19,4,0,0,0,0,0,"['B471', 'B642', 'B524', 'B683']",2.0,S21,11.4,13,2,15,0.0,,-0.019823,-12.226283,-12.246106,False,False,18,S15,True,6,0.4895,delivery,,,,,,,,,,,,,,,,,,,,,,,,,,,,,,,,,,,,,,,,,,,,,,,,,,,,
45,20,9,38,S21,False,13,2,15,0,5,1,0,0,0,"['B374', 'B317', 'B558', 'B391', 'B505']",5.5,S15,9.99,18,2,20,0.0,,0.0,-12.242806,-12.242806,True,True,36,S15,False,34,1.0425,pickup+onsite,,,,,,,,,,,,,,,,,,,,,,,,,,,,,,,,,,,,,,,,,,,,,,,,,,,,
45,20,9,54,S15,False,18,2,20,8,0,0,0,0,0,"['B72', 'B440', 'B713', 'B163', 'B671', 'B164', 'B188', 'B255']",4.0,S42,6.77,10,2,12,0.0,,0.0,-12.23061,-12.23061,False,False,18,S42,False,8,0.5381,delivery,,,,,,,,,,,,,,,,,,,,,,,,,,,,,,,,,,,,,,,,,,,,,,,,,,,,
45,20,10,5,S42,False,10,2,12,10,0,0,0,0,0,"['B647', 'B581', 'B463', 'B65', 'B548', 'B374', 'B317', 'B558', 'B391', 'B505']",5.0,S51,9.5,0,2,2,0.0,,-0.038899,-12.256845,-12.295743,False,False,12,S51,False,7,0.2463,delivery,,,,,,,,,,,,,,,,,,,,,,,,,,,,,,,,,,,,,,,,,,,,,,,,,,,,
45,20,10,19,S51,False,0,2,2,0,14,0,0,0,0,"['B572', 'B214', 'B49', 'B6', 'B405', 'B519', 'B434', 'B459', 'B195', 'B728', 'B292', 'B173', 'B114', 'B477']",7.0,S30,9.24,14,2,16,0.0,,0.0,-12.356469,-12.356469,False,False,18,S3,True,10,0.4369,pickup,,,,,,,,,,,,,,,,,,,,,,,,,,,,,,,,,,,,,,,,,,,,,,,,,,,,
45,20,10,35,S30,False,14,2,16,6,0,0,0,0,0,"['B572', 'B214', 'B49', 'B6', 'B405', 'B519']",3.0,S65,1.33,8,2,10,0.0,,-0.019474,-12.338469,-12.357943,False,False,18,S66,True,13,0.5403,delivery,,,,,,,,,,,,,,,,,,,,,,,,,,,,,,,,,,,,,,,,,,,,,,,,,,,,
45,20,10,40,S65,False,8,2,10,0,10,0,0,0,0,"['B411', 'B510', 'B512', 'B395', 'B643', 'B250', 'B420', 'B701', 'B217', 'B761']",5.0,S61,4.19,18,2,20,0.0,,-0.039848,-12.300247,-12.340095,True,False,30,S61,True,25,0.9074,pickup,,,,,,,,,,,,,,,,,,,,,,,,,,,,,,,,,,,,,,,,,,,,,,,,,,,,
45,20,10,49,S61,False,18,2,20,9,0,0,1,0,0,"['B3', 'B434', 'B459', 'B195', 'B728', 'B292', 'B173', 'B114', 'B477', 'B411']",5.0,S66,1.13,9,3,12,0.0,,-0.039146,-12.459699,-12.498845,True,True,30,S66,False,12,0.7192,delivery+depot_removal,,,,,,,,,,,,,,,,,,,,,,,,,,,,,,,,,,,,,,,,,,,,,,,,,,,,
45,20,10,55,S66,False,9,3,12,9,0,0,0,0,0,"['B510', 'B512', 'B395', 'B643', 'B250', 'B420', 'B701', 'B217', 'B761']",4.5,S23,5.09,0,3,3,0.0,,-0.058521,-12.274797,-12.333318,False,False,12,S36,True,8,0.3549,delivery,,,,,,,,,,,,,,,,,,,,,,,,,,,,,,,,,,,,,,,,,,,,,,,,,,,,
45,20,11,5,S23,False,0,3,3,0,7,1,0,0,0,"['B99', 'B135', 'B600', 'B742', 'B549', 'B397', 'B323']",6.5,S3,12.44,7,3,10,0.0,,-0.019523,-11.868797,-11.888321,True,True,36,S3,False,22,0.927,pickup+onsite,,,,,,,,,,,,,,,,,,,,,,,,,,,,,,,,,,,,,,,,,,,,,,,,,,,,
45,20,11,24,S3,False,7,3,10,0,10,0,0,0,0,"['B493', 'B139', 'B754', 'B242', 'B723', 'B235', 'B690', 'B498', 'B119', 'B453']",5.0,S29,3.51,17,3,20,0.0,,-0.019924,-11.879357,-11.899281,False,False,12,S6,True,8,0.3308,pickup,,,,,,,,,,,,,,,,,,,,,,,,,,,,,,,,,,,,,,,,,,,,,,,,,,,,
45,20,11,32,S29,False,17,3,20,10,0,0,0,0,0,"['B99', 'B135', 'B600', 'B742', 'B549', 'B397', 'B323', 'B493', 'B139', 'B754']",5.0,S10,0.66,7,3,10,0.0,,-0.078045,-11.923448,-12.001493,False,False,18,S6,True,6,0.4549,delivery,,,,,,,,,,,,,,,,,,,,,,,,,,,,,,,,,,,,,,,,,,,,,,,,,,,,
45,20,11,38,S10,False,7,3,10,7,0,0,0,0,0,"['B242', 'B723', 'B235', 'B690', 'B498', 'B119', 'B453']",3.5,S26,4.67,0,3,3,0.0,,-0.196431,-11.853615,-12.050045,False,False,12,S39,True,9,0.2907,delivery,,,,,,,,,,,,,,,,,,,,,,,,,,,,,,,,,,,,,,,,,,,,,,,,,,,,
45,20,11,46,S26,False,0,3,3,0,0,0,0,0,0,[],0.0,S9,14.63,0,3,3,0.0,,-0.058571,-11.862623,-11.921193,False,False,12,S51,True,1,0.3541,do_nothing,,,,,,,,,,,,,,,,,,,,,,,,,,,,,,,,,,,,,,,,,,,,,,,,,,,,
45,20,12,1,S9,False,0,3,3,0,6,0,1,0,0,"['B249', 'B528', 'B192', 'B385', 'B738', 'B736', 'B744']",3.5,S14,13.9,6,4,10,0.0,,-0.039446,-12.167998,-12.207444,True,True,36,S0,True,32,1.4492,pickup+depot_removal,,,,,,,,,,,,,,,,,,,,,,,,,,,,,,,,,,,,,,,,,,,,,,,,,,,,
45,20,12,18,S14,False,6,4,10,6,0,0,0,0,0,"['B249', 'B528', 'B192', 'B385', 'B738', 'B736']",3.0,S51,10.95,0,4,4,0.0,,-0.058873,-12.27898,-12.337853,False,False,12,S51,False,8,0.3705,delivery,,,,,,,,,,,,,,,,,,,,,,,,,,,,,,,,,,,,,,,,,,,,,,,,,,,,
45,20,12,32,S51,False,0,4,4,0,11,0,0,0,0,"['B260', 'B465', 'B228', 'B538', 'B426', 'B58', 'B569', 'B562', 'B681', 'B675', 'B87']",5.5,S61,6.56,11,4,15,0.0,,-0.098919,-12.26558,-12.364499,False,False,18,S0,True,12,0.5951,pickup,,,,,,,,,,,,,,,,,,,,,,,,,,,,,,,,,,,,,,,,,,,,,,,,,,,,
45,20,12,44,S61,False,11,4,15,11,0,0,0,0,0,"['B260', 'B465', 'B228', 'B538', 'B426', 'B58', 'B569', 'B562', 'B681', 'B675', 'B87']",5.5,S55,5.26,0,4,4,0.0,,-0.097817,-12.26689,-12.364707,False,False,12,S16,True,6,0.3649,delivery,,,,,,,,,,,,,,,,,,,,,,,,,,,,,,,,,,,,,,,,,,,,,,,,,,,,
45,20,12,55,S55,False,0,4,4,0,16,0,0,0,0,"['B458', 'B506', 'B52', 'B117', 'B100', 'B683', 'B425', 'B668', 'B144', 'B444', 'B77', 'B14', 'B20', 'B585', 'B558', 'B644']",8.0,S62,3.22,16,4,20,0.0,,-0.157535,-12.313501,-12.471036,False,False,18,S54,True,8,0.6112,pickup,,,,,,,,,,,,,,,,,,,,,,,,,,,,,,,,,,,,,,,,,,,,,,,,,,,,
45,20,13,6,S62,False,16,4,20,8,0,0,0,0,0,"['B458', 'B506', 'B52', 'B117', 'B100', 'B683', 'B425', 'B668']",4.0,S13,11.46,8,4,12,0.0,,-0.039197,-12.03761,-12.076808,False,False,18,S13,False,7,0.6072,delivery,,,,,,,,,,,,,,,,,,,,,,,,,,,,,,,,,,,,,,,,,,,,,,,,,,,,
45,20,13,21,S13,False,8,4,12,0,0,1,0,0,0,[],3.0,S7,2.1,8,4,12,0.0,,-0.138115,-12.134702,-12.272817,True,True,24,S2,True,8,0.7126,do_nothing+onsite,,,,,,,,,,,,,,,,,,,,,,,,,,,,,,,,,,,,,,,,,,,,,,,,,,,,
45,20,13,26,S7,False,8,4,12,8,0,1,0,0,0,"['B144', 'B444', 'B77', 'B14', 'B20', 'B585', 'B558', 'B644']",7.0,S24,7.29,0,4,4,0.0,,-0.097618,-12.124602,-12.222219,True,True,24,S2,True,22,0.6854,delivery+onsite,,,,,,,,,,,,,,,,,,,,,,,,,,,,,,,,,,,,,,,,,,,,,,,,,,,,
45,20,13,41,S24,False,0,4,4,0,12,0,0,0,0,"['B22', 'B447', 'B403', 'B118', 'B341', 'B610', 'B729', 'B630', 'B262', 'B21', 'B124', 'B669']",6.0,S13,9.21,12,4,16,0.0,,-0.235085,-12.216965,-12.45205,False,False,12,S22,True,6,0.3483,pickup,,,,,,,,,,,,,,,,,,,,,,,,,,,,,,,,,,,,,,,,,,,,,,,,,,,,
45,20,13,56,S13,False,12,4,16,12,0,0,0,0,0,"['B22', 'B447', 'B403', 'B118', 'B341', 'B610', 'B729', 'B630', 'B262', 'B21', 'B124', 'B669']",6.0,S41,7.37,0,4,4,0.0,,-0.215109,-12.225894,-12.441002,False,False,12,S45,True,8,0.3541,delivery,,,,,,,,,,,,,,,,,,,,,,,,,,,,,,,,,,,,,,,,,,,,,,,,,,,,
45,20,14,9,S41,False,0,4,4,0,0,1,1,0,0,['B112'],3.5,S19,9.56,0,5,5,0.0,,-0.196384,-12.235637,-12.432021,True,True,48,S19,False,20,1.2429,do_nothing+maintenance,,,,,,,,,,,,,,,,,,,,,,,,,,,,,,,,,,,,,,,,,,,,,,,,,,,,
45,20,14,22,S19,False,0,5,5,0,9,0,0,0,0,"['B210', 'B534', 'B315', 'B703', 'B602', 'B724', 'B38', 'B564', 'B374']",4.5,S44,4.96,9,5,14,0.0,,-0.296053,-12.190574,-12.486628,False,False,18,S37,True,13,0.407,pickup,,,,,,,,,,,,,,,,,,,,,,,,,,,,,,,,,,,,,,,,,,,,,,,,,,,,
45,20,14,32,S44,False,9,5,14,9,0,0,1,0,0,"['B154', 'B210', 'B534', 'B315', 'B703', 'B602', 'B724', 'B38', 'B564', 'B374']",5.0,S37,1.36,0,6,6,0.0,,-0.255107,-12.297494,-12.552601,True,True,24,S45,True,19,0.5895,delivery+depot_removal,,,,,,,,,,,,,,,,,,,,,,,,,,,,,,,,,,,,,,,,,,,,,,,,,,,,
45,20,14,38,S37,False,0,6,6,0,14,0,0,0,0,"['B199', 'B302', 'B44', 'B593', 'B499', 'B436', 'B105', 'B32', 'B70', 'B594', 'B715', 'B472', 'B762', 'B282']",7.0,S26,7.79,14,6,20,0.0,,-0.099469,-12.246925,-12.346394,False,False,18,S47,True,7,0.4252,pickup,,,,,,,,,,,,,,,,,,,,,,,,,,,,,,,,,,,,,,,,,,,,,,,,,,,,
45,20,14,53,S26,False,14,6,20,14,0,0,0,0,0,"['B199', 'B302', 'B44', 'B593', 'B499', 'B436', 'B105', 'B32', 'B70', 'B594', 'B715', 'B472', 'B762', 'B282']",7.0,S53,7.29,0,6,6,0.0,,-0.019474,-12.105792,-12.125266,False,False,12,S47,True,9,0.3173,delivery,,,,,,,,,,,,,,,,,,,,,,,,,,,,,,,,,,,,,,,,,,,,,,,,,,,,
45,20,15,7,S53,False,0,6,6,0,10,1,0,0,0,"['B435', 'B511', 'B386', 'B449', 'B330', 'B168', 'B381', 'B68', 'B257', 'B413']",8.0,S66,4.87,10,6,16,0.0,,-0.156541,-12.475335,-12.631876,True,True,36,S32,True,34,1.1212,pickup+onsite,,,,,,,,,,,,,,,,,,,,,,,,,,,,,,,,,,,,,,,,,,,,,,,,,,,,
45,20,15,20,S66,False,10,6,16,10,0,0,0,0,0,"['B435', 'B511', 'B386', 'B449', 'B330', 'B168', 'B381', 'B68', 'B257', 'B413']",5.0,S32,6.41,0,6,6,0.0,,-0.118243,-12.358984,-12.477227,False,False,18,S55,True,12,0.5075,delivery,,,,,,,,,,,,,,,,,,,,,,,,,,,,,,,,,,,,,,,,,,,,,,,,,,,,
45,20,15,32,S32,False,0,6,6,0,14,0,0,0,0,"['B392', 'B243', 'B218', 'B556', 'B488', 'B335', 'B80', 'B618', 'B516', 'B489', 'B161', 'B310', 'B664', 'B458']",7.0,S15,5.59,14,6,20,0.0,,-0.33395,-12.346519,-12.680469,True,False,18,S55,True,16,0.4546,pickup,,,,,,,,,,,,,,,,,,,,,,,,,,,,,,,,,,,,,,,,,,,,,,,,,,,,
45,20,15,44,S15,False,14,6,20,9,0,0,1,0,0,"['B542', 'B392', 'B243', 'B218', 'B556', 'B488', 'B335', 'B80', 'B618', 'B516']",5.0,S42,6.77,5,7,12,0.0,,-0.098368,-12.317991,-12.416359,True,True,30,S51,True,12,0.6552,delivery+depot_removal,,,,,,,,,,,,,,,,,,,,,,,,,,,,,,,,,,,,,,,,,,,,,,,,,,,,
45,20,15,56,S42,False,5,7,12,0,8,0,0,0,0,"['B654', 'B148', 'B191', 'B71', 'B263', 'B249', 'B667', 'B663']",4.0,S29,3.12,13,7,20,0.0,,-0.097821,-12.209975,-12.307796,False,False,12,S52,True,8,0.428,pickup,,,,,,,,,,,,,,,,,,,,,,,,,,,,,,,,,,,,,,,,,,,,,,,,,,,,
45,20,16,3,S29,False,13,7,20,13,0,0,0,0,0,"['B489', 'B161', 'B310', 'B664', 'B458', 'B654', 'B148', 'B191', 'B71', 'B263', 'B249', 'B667', 'B663']",6.5,S22,10.18,0,7,7,0.0,,-0.333196,-12.292612,-12.625808,False,False,18,S14,True,16,0.4369,delivery,,,,,,,,,,,,,,,,,,,,,,,,,,,,,,,,,,,,,,,,,,,,,,,,,,,,
45,20,16,20,S22,False,0,7,7,0,8,0,0,0,0,"['B214', 'B122', 'B515', 'B442', 'B735', 'B88', 'B75', 'B763']",4.0,S2,1.21,8,7,15,0.0,,-0.118541,-12.089737,-12.208277,False,False,18,S2,False,6,0.4364,pickup,,,,,,,,,,,,,,,,,,,,,,,,,,,,,,,,,,,,,,,,,,,,,,,,,,,,
45,20,16,25,S2,False,8,7,15,0,0,0,0,0,0,[],0.0,S14,10.49,8,7,15,0.0,,-0.177164,-12.184188,-12.361351,False,False,12,S14,True,2,0.302,do_nothing,,,,,,,,,,,,,,,,,,,,,,,,,,,,,,,,,,,,,,,,,,,,,,,,,,,,
45,20,16,35,S14,False,8,7,15,8,0,0,0,0,0,"['B214', 'B122', 'B515', 'B442', 'B735', 'B88', 'B75', 'B763']",4.0,S21,4.97,0,7,7,0.0,,-0.316029,-12.162887,-12.478916,False,False,12,S21,False,6,0.2999,delivery,,,,,,,,,,,,,,,,,,,,,,,,,,,,,,,,,,,,,,,,,,,,,,,,,,,,
45,20,16,44,S21,False,0,7,7,0,0,0,1,0,0,['B127'],0.5,S63,11.27,0,8,8,0.0,,-0.098265,-12.080228,-12.178493,True,True,24,S2,True,10,0.574,do_nothing+depot_removal,,,,,,,,,,,,,,,,,,,,,,,,,,,,,,,,,,,,,,,,,,,,,,,,,,,,
45,20,16,56,S63,False,0,8,8,0,10,0,0,0,0,"['B400', 'B13', 'B180', 'B81', 'B658', 'B562', 'B569', 'B431', 'B624', 'B309']",5.0,S54,3.86,10,8,18,0.0,,-0.058919,-12.054815,-12.113734,False,False,18,S54,False,12,0.5138,pickup,,,,,,,,,,,,,,,,,,,,,,,,,,,,,,,,,,,,,,,,,,,,,,,,,,,,
45,20,17,5,S54,False,10,8,18,10,0,1,0,0,0,"['B400', 'B13', 'B180', 'B81', 'B658', 'B562', 'B569', 'B431', 'B624', 'B309']",8.0,S43,4.49,0,8,8,0.0,,-0.059119,-12.032519,-12.091639,True,True,36,S52,True,31,0.8306,delivery+onsite,,,,,,,,,,,,,,,,,,,,,,,,,,,,,,,,,,,,,,,,,,,,,,,,,,,,
45,20,17,18,S43,False,0,8,8,0,11,0,0,0,0,"['B399', 'B160', 'B680', 'B7', 'B640', 'B415', 'B109', 'B259', 'B107', 'B672', 'B312']",5.5,S52,1.59,11,8,19,0.0,,-0.197932,-11.986157,-12.184089,False,False,18,S40,True,12,0.4099,pickup,,,,,,,,,,,,,,,,,,,,,,,,,,,,,,,,,,,,,,,,,,,,,,,,,,,,
45,20,17,25,S52,False,11,8,19,11,0,0,0,0,0,"['B399', 'B160', 'B680', 'B7', 'B640', 'B415', 'B109', 'B259', 'B107', 'B672', 'B312']",5.5,S40,2.21,0,8,8,0.0,,0.0,-11.927226,-11.927226,False,False,12,S40,False,6,0.2919,delivery,,,,,,,,,,,,,,,,,,,,,,,,,,,,,,,,,,,,,,,,,,,,,,,,,,,,
45,20,17,32,S40,False,0,8,8,0,12,0,0,0,0,"['B469', 'B230', 'B765', 'B506', 'B332', 'B384', 'B155', 'B605', 'B727', 'B47', 'B604', 'B694']",6.0,S51,6.14,12,8,20,0.0,,-0.218058,-11.950945,-12.169003,False,False,12,S42,True,8,0.289,pickup,,,,,,,,,,,,,,,,,,,,,,,,,,,,,,,,,,,,,,,,,,,,,,,,,,,,
45,20,17,44,S51,False,12,8,20,12,0,0,0,0,0,"['B469', 'B230', 'B765', 'B506', 'B332', 'B384', 'B155', 'B605', 'B727', 'B47', 'B604', 'B694']",6.0,S42,9.5,0,8,8,0.0,,-0.216405,-11.87687,-12.093276,False,False,12,S33,True,9,0.2896,delivery,,,,,,,,,,,,,,,,,,,,,,,,,,,,,,,,,,,,,,,,,,,,,,,,,,,,
45,20,18,0,S42,False,0,8,8,0,12,0,0,0,0,"['B607', 'B194', 'B372', 'B417', 'B182', 'B738', 'B133', 'B89', 'B457', 'B731', 'B184', 'B601']",6.0,S47,12.17,12,8,20,0.0,,-0.137864,-12.709736,-12.8476,False,False,18,S47,True,6,0.5031,pickup,,,,,,,,,,,,,,,,,,,,,,,,,,,,,,,,,,,,,,,,,,,,,,,,,,,,
45,20,18,18,S47,False,12,8,20,12,0,0,0,0,0,"['B607', 'B194', 'B372', 'B417', 'B182', 'B738', 'B133', 'B89', 'B457', 'B731', 'B184', 'B601']",6.0,S39,3.52,0,8,8,0.0,,-0.177312,-12.629871,-12.807183,False,False,12,S23,True,8,0.3762,delivery,,,,,,,,,,,,,,,,,,,,,,,,,,,,,,,,,,,,,,,,,,,,,,,,,,,,
45,20,18,28,S39,False,0,8,8,0,7,1,1,0,0,"['B23', 'B752', 'B424', 'B647', 'B308', 'B581', 'B10', 'B267']",7.0,S65,5.08,7,9,16,0.0,,-0.157888,-12.588453,-12.746341,True,True,72,S29,True,46,1.9345,pickup+maintenance,,,,,,,,,,,,,,,,,,,,,,,,,,,,,,,,,,,,,,,,,,,,,,,,,,,,
45,20,18,40,S65,False,7,9,16,7,0,0,2,0,0,"['B106', 'B331', 'B23', 'B752', 'B424', 'B647', 'B308', 'B581', 'B10']",4.5,S51,10.57,0,11,11,0.0,,0.0,-12.509509,-12.509509,True,True,54,S64,True,51,1.23,delivery+depot_removal,,,,,,,,,,,,,,,,,,,,,,,,,,,,,,,,,,,,,,,,,,,,,,,,,,,,
45,20,18,55,S51,False,0,11,11,0,9,0,0,0,0,"['B230', 'B765', 'B506', 'B332', 'B384', 'B155', 'B605', 'B727', 'B47']",4.5,S66,7.67,9,11,20,0.0,,-0.157037,-12.625575,-12.782612,False,False,12,S23,True,10,0.3021,pickup,,,,,,,,,,,,,,,,,,,,,,,,,,,,,,,,,,,,,,,,,,,,,,,,,,,,
45,20,19,7,S66,False,9,11,20,4,0,1,0,0,0,"['B230', 'B765', 'B506', 'B332']",5.0,S4,2.35,5,11,16,0.0,,-0.275828,-12.320383,-12.596211,True,True,36,S8,True,18,0.8113,delivery+onsite,,,,,,,,,,,,,,,,,,,,,,,,,,,,,,,,,,,,,,,,,,,,,,,,,,,,
45,20,19,14,S4,False,5,11,16,5,0,0,0,0,0,"['B384', 'B155', 'B605', 'B727', 'B47']",2.5,S2,6.09,0,11,11,0.0,,-0.156538,-12.297809,-12.454348,False,False,12,S23,True,8,0.2507,delivery,,,,,,,,,,,,,,,,,,,,,,,,,,,,,,,,,,,,,,,,,,,,,,,,,,,,
45,20,19,23,S2,False,0,11,11,0,9,0,0,0,0,"['B362', 'B40', 'B320', 'B212', 'B60', 'B248', 'B162', 'B482', 'B711']",4.5,S55,9.64,9,11,20,0.0,,-0.15804,-12.267189,-12.425229,False,False,11,S23,True,6,0.2365,pickup,,,,,,,,,,,,,,,,,,,,,,,,,,,,,,,,,,,,,,,,,,,,,,,,,,,,
45,20,19,37,S55,False,9,11,20,9,0,0,0,0,0,"['B362', 'B40', 'B320', 'B212', 'B60', 'B248', 'B162', 'B482', 'B711']",4.5,S36,3.85,0,11,11,0.0,,-0.039747,-12.215523,-12.25527,False,False,10,S56,True,8,0.2431,delivery,,,,,,,,,,,,,,,,,,,,,,,,,,,,,,,,,,,,,,,,,,,,,,,,,,,,
45,20,19,45,S36,False,0,11,11,0,9,0,0,0,0,"['B613', 'B533', 'B29', 'B567', 'B138', 'B329', 'B368', 'B409', 'B12']",4.5,D0,3.5,9,11,20,0.0,,-0.177711,-12.508866,-12.686577,False,False,2,D0,False,1,0.0828,pickup,,,,,,,,,,,,,,,,,,,,,,,,,,,,,,,,,,,,,,,,,,,,,,,,,,,,
45,20,19,53,D0,True,9,11,20,0,0,0,0,11,11,"['B294', 'B687', 'B648', 'B679', 'B265', 'B42', 'B301', 'B158', 'B491', 'B522', 'B276', 'B299', 'B176', 'B3', 'B744', 'B112', 'B154', 'B542', 'B127', 'B267', 'B106', 'B331']",11.0,D0,0.0,20,0,20,0.0,,-0.059421,-12.312468,-12.37189,True,True,1,D0,False,0,0.0515,do_nothing,,,,,,,,,,,,,,,,,,,,,,,,,,,,,,,,,,,,,,,,,,,,,,,,,,,,
45,21,6,4,D0,True,20,0,20,0,0,0,0,0,0,[],0.0,S30,2.5,20,0,20,0.0,,-1.104368,-13.304779,-14.409147,True,True,5,S26,True,4,0.1218,depot_passthrough,,,,,,,,,,,,,,,,,,,,,,,,,,,,,,,,,,,,,,,,,,,,,,,,,,,,
45,21,6,22,S30,False,20,0,20,10,0,0,0,0,0,"['B613', 'B533', 'B29', 'B567', 'B138', 'B329', 'B368', 'B409', 'B12', 'B294']",5.0,S26,6.33,10,0,10,0.0,,-1.440463,-13.397489,-14.837952,False,False,18,S26,False,7,0.4009,delivery,,,,,,,,,,,,,,,,,,,,,,,,,,,,,,,,,,,,,,,,,,,,,,,,,,,,
45,21,6,33,S26,False,10,0,10,10,0,0,0,0,0,"['B687', 'B648', 'B679', 'B265', 'B42', 'B301', 'B158', 'B491', 'B522', 'B276']",5.0,S54,5.73,0,0,0,0.0,,-0.828982,-13.350824,-14.179806,False,False,12,S54,False,7,0.2988,delivery,,,,,,,,,,,,,,,,,,,,,,,,,,,,,,,,,,,,,,,,,,,,,,,,,,,,
45,21,6,44,S54,False,0,0,0,0,16,0,0,0,0,"['B433', 'B198', 'B217', 'B103', 'B244', 'B519', 'B680', 'B658', 'B483', 'B69', 'B430', 'B626', 'B526', 'B140', 'B258', 'B82']",8.0,S15,3.9,16,0,16,0.0,,-0.771467,-13.315004,-14.086471,False,False,18,S29,True,7,0.3951,pickup,,,,,,,,,,,,,,,,,,,,,,,,,,,,,,,,,,,,,,,,,,,,,,,,,,,,
45,21,6,56,S15,False,16,0,16,16,0,0,0,0,0,"['B433', 'B198', 'B217', 'B103', 'B244', 'B519', 'B680', 'B658', 'B483', 'B69', 'B430', 'B626', 'B526', 'B140', 'B258', 'B82']",8.0,S29,3.9,0,0,0,0.0,,-0.946231,-13.246392,-14.192623,False,False,12,S45,True,6,0.3398,delivery,,,,,,,,,,,,,,,,,,,,,,,,,,,,,,,,,,,,,,,,,,,,,,,,,,,,
45,21,7,8,S29,False,0,0,0,0,15,1,1,0,0,"['B654', 'B148', 'B191', 'B71', 'B263', 'B249', 'B667', 'B663', 'B709', 'B123', 'B254', 'B111', 'B161', 'B379', 'B393', 'B461']",11.0,S42,3.12,15,1,16,0.0,,-0.808021,-13.444848,-14.252869,True,True,72,S39,True,42,1.8842,pickup+maintenance,,,,,,,,,,,,,,,,,,,,,,,,,,,,,,,,,,,,,,,,,,,,,,,,,,,,
45,21,7,22,S42,False,15,1,16,11,0,0,0,0,0,"['B654', 'B148', 'B191', 'B71', 'B263', 'B249', 'B667', 'B663', 'B709', 'B123', 'B254']",5.5,S63,7.96,4,1,5,0.0,,-0.453047,-13.278431,-13.731478,False,False,18,S45,True,9,0.4895,delivery,,,,,,,,,,,,,,,,,,,,,,,,,,,,,,,,,,,,,,,,,,,,,,,,,,,,
45,21,7,35,S63,False,4,1,5,0,15,0,0,0,0,"['B698', 'B747', 'B676', 'B705', 'B234', 'B168', 'B318', 'B413', 'B449', 'B28', 'B135', 'B462', 'B79', 'B742', 'B269']",7.5,S24,10.02,19,1,20,0.0,,-0.454496,-13.212963,-13.667459,False,False,18,S64,True,8,0.4517,pickup,,,,,,,,,,,,,,,,,,,,,,,,,,,,,,,,,,,,,,,,,,,,,,,,,,,,
45,21,7,53,S24,False,19,1,20,19,0,0,0,0,0,"['B111', 'B161', 'B379', 'B393', 'B698', 'B747', 'B676', 'B705', 'B234', 'B168', 'B318', 'B413', 'B449', 'B28', 'B135', 'B462', 'B79', 'B742', 'B269']",9.5,S35,9.42,0,1,1,0.0,,-0.530881,-13.252025,-13.782906,False,False,18,S60,True,9,0.4742,delivery,,,,,,,,,,,,,,,,,,,,,,,,,,,,,,,,,,,,,,,,,,,,,,,,,,,,
45,21,8,12,S35,False,0,1,1,0,10,0,1,0,0,"['B337', 'B735', 'B442', 'B755', 'B385', 'B213', 'B398', 'B110', 'B325', 'B406', 'B597']",5.5,S10,2.61,10,2,12,0.0,,-0.334103,-12.846282,-13.180385,True,True,36,S10,False,30,0.8315,pickup+depot_removal,,,,,,,,,,,,,,,,,,,,,,,,,,,,,,,,,,,,,,,,,,,,,,,,,,,,
45,21,8,20,S10,False,10,2,12,0,8,0,0,0,0,"['B235', 'B690', 'B498', 'B119', 'B453', 'B620', 'B26', 'B588']",4.0,S53,3.54,18,2,20,0.0,,-0.198137,-12.780886,-12.979024,False,False,12,S36,True,9,0.3178,pickup,,,,,,,,,,,,,,,,,,,,,,,,,,,,,,,,,,,,,,,,,,,,,,,,,,,,
45,21,8,27,S53,False,18,2,20,12,0,1,0,0,0,"['B337', 'B735', 'B442', 'B755', 'B385', 'B213', 'B398', 'B110', 'B325', 'B406', 'B235', 'B690']",9.0,S36,2.92,6,2,8,0.0,,-0.295049,-12.731068,-13.026117,True,True,36,S36,False,31,0.8817,delivery+onsite,,,,,,,,,,,,,,,,,,,,,,,,,,,,,,,,,,,,,,,,,,,,,,,,,,,,
45,21,8,39,S36,False,6,2,8,6,0,1,0,0,0,"['B498', 'B119', 'B453', 'B620', 'B26', 'B588']",6.0,S52,4.36,0,2,2,0.0,,-0.373894,-12.748717,-13.122611,True,True,24,S38,True,19,0.4962,delivery+onsite,,,,,,,,,,,,,,,,,,,,,,,,,,,,,,,,,,,,,,,,,,,,,,,,,,,,
45,21,8,50,S52,False,0,2,2,0,12,0,0,0,0,"['B395', 'B644', 'B560', 'B475', 'B387', 'B712', 'B564', 'B554', 'B510', 'B536', 'B688', 'B319']",6.0,S18,2.22,12,2,14,0.0,,-0.274229,-12.929086,-13.203315,False,False,18,S58,True,13,0.3909,pickup,,,,,,,,,,,,,,,,,,,,,,,,,,,,,,,,,,,,,,,,,,,,,,,,,,,,
45,21,8,58,S18,False,12,2,14,12,0,0,0,0,0,"['B395', 'B644', 'B560', 'B475', 'B387', 'B712', 'B564', 'B554', 'B510', 'B536', 'B688', 'B319']",6.0,S45,3.68,0,2,2,0.0,,-0.393026,-12.885397,-13.278423,False,False,12,S45,False,7,0.2713,delivery,,,,,,,,,,,,,,,,,,,,,,,,,,,,,,,,,,,,,,,,,,,,,,,,,,,,
45,21,9,8,S45,False,0,2,2,0,7,0,0,0,0,"['B632', 'B520', 'B327', 'B540', 'B4', 'B635', 'B665']",3.5,S41,5.49,7,2,9,0.0,,-0.215709,-12.799959,-13.015668,False,False,18,S39,True,10,0.3951,pickup,,,,,,,,,,,,,,,,,,,,,,,,,,,,,,,,,,,,,,,,,,,,,,,,,,,,
45,21,9,17,S41,False,7,2,9,7,0,0,0,0,0,"['B632', 'B520', 'B327', 'B540', 'B4', 'B635', 'B665']",3.5,S39,3.32,0,2,2,0.0,,-0.195337,-12.722344,-12.917682,False,False,12,S39,False,7,0.26,delivery,,,,,,,,,,,,,,,,,,,,,,,,,,,,,,,,,,,,,,,,,,,,,,,,,,,,
45,21,9,23,S39,False,0,2,2,0,18,0,0,0,0,"['B481', 'B5', 'B576', 'B93', 'B196', 'B518', 'B452', 'B407', 'B721', 'B629', 'B6', 'B767', 'B313', 'B63', 'B504', 'B633', 'B423', 'B700']",9.0,S13,8.67,18,2,20,0.0,,-0.432112,-12.847166,-13.279278,False,False,18,S19,True,16,0.5101,pickup,,,,,,,,,,,,,,,,,,,,,,,,,,,,,,,,,,,,,,,,,,,,,,,,,,,,
45,21,9,41,S13,False,18,2,20,17,0,0,0,0,0,"['B481', 'B5', 'B576', 'B93', 'B196', 'B518', 'B452', 'B407', 'B721', 'B629', 'B6', 'B767', 'B313', 'B63', 'B504', 'B633', 'B423']",8.5,S58,10.98,1,2,3,0.0,,-0.196582,-12.730496,-12.927078,True,False,36,S66,True,12,0.9934,delivery,,,,,,,,,,,,,,,,,,,,,,,,,,,,,,,,,,,,,,,,,,,,,,,,,,,,
45,21,10,1,S58,False,1,2,3,0,15,0,0,0,0,"['B18', 'B232', 'B525', 'B545', 'B62', 'B143', 'B468', 'B85', 'B328', 'B541', 'B477', 'B242', 'B695', 'B65', 'B718']",7.5,S29,6.9,16,2,18,0.0,,-0.514663,-12.879306,-13.393969,False,False,18,S48,True,6,0.4561,pickup,,,,,,,,,,,,,,,,,,,,,,,,,,,,,,,,,,,,,,,,,,,,,,,,,,,,
45,21,10,15,S29,False,16,2,18,16,0,0,1,0,0,"['B565', 'B700', 'B18', 'B232', 'B525', 'B545', 'B62', 'B143', 'B468', 'B85', 'B328', 'B541', 'B477', 'B242', 'B695', 'B65', 'B718']",8.5,S42,3.12,0,3,3,0.0,,-0.61253,-13.107673,-13.720203,True,True,24,S42,False,22,0.7411,delivery+depot_removal,,,,,,,,,,,,,,,,,,,,,,,,,,,,,,,,,,,,,,,,,,,,,,,,,,,,
45,21,10,27,S42,False,0,3,3,0,10,0,0,0,0,"['B249', 'B667', 'B663', 'B709', 'B123', 'B254', 'B358', 'B200', 'B549', 'B315']",5.0,S56,3.65,10,3,13,0.0,,-0.355124,-13.188349,-13.543473,False,False,18,S35,True,15,0.4644,pickup,,,,,,,,,,,,,,,,,,,,,,,,,,,,,,,,,,,,,,,,,,,,,,,,,,,,
45,21,10,35,S56,False,10,3,13,6,0,0,0,0,0,"['B249', 'B667', 'B663', 'B709', 'B123', 'B254']",3.0,S38,7.92,4,3,7,0.0,,-0.315719,-13.100973,-13.416692,False,False,18,S44,True,15,0.4768,delivery,,,,,,,,,,,,,,,,,,,,,,,,,,,,,,,,,,,,,,,,,,,,,,,,,,,,
45,21,10,46,S38,False,4,3,7,0,10,0,0,0,0,"['B606', 'B454', 'B286', 'B355', 'B352', 'B580', 'B734', 'B603', 'B697', 'B573']",5.0,S44,3.16,14,3,17,0.0,,-0.118693,-13.212856,-13.331549,False,False,18,S44,False,12,0.5149,pickup,,,,,,,,,,,,,,,,,,,,,,,,,,,,,,,,,,,,,,,,,,,,,,,,,,,,
45,21,10,54,S44,False,14,3,17,11,0,0,0,0,0,"['B358', 'B200', 'B549', 'B315', 'B606', 'B454', 'B286', 'B355', 'B352', 'B580', 'B734']",5.5,S48,4.46,3,3,6,0.0,,-0.276032,-13.138018,-13.414049,True,False,36,S55,True,15,1.0113,delivery,,,,,,,,,,,,,,,,,,,,,,,,,,,,,,,,,,,,,,,,,,,,,,,,,,,,
45,21,11,4,S48,False,3,3,6,0,8,0,1,0,0,"['B13', 'B555', 'B503', 'B723', 'B527', 'B741', 'B696', 'B725', 'B0']",4.5,S51,0.84,11,4,15,0.0,,-0.236684,-13.39705,-13.633734,True,True,36,S9,True,18,0.9393,pickup+depot_removal,,,,,,,,,,,,,,,,,,,,,,,,,,,,,,,,,,,,,,,,,,,,,,,,,,,,
45,21,11,10,S51,False,11,4,15,0,5,0,0,0,0,"['B114', 'B680', 'B693', 'B694', 'B215']",2.5,S26,11.22,16,4,20,0.0,,-0.198138,-13.350752,-13.54889,True,False,18,S66,True,12,0.4505,pickup,,,,,,,,,,,,,,,,,,,,,,,,,,,,,,,,,,,,,,,,,,,,,,,,,,,,
45,21,11,23,S26,False,16,4,20,16,0,0,0,0,0,"['B603', 'B697', 'B573', 'B13', 'B555', 'B503', 'B723', 'B527', 'B741', 'B696', 'B725', 'B114', 'B680', 'B693', 'B694', 'B215']",8.0,S35,6.42,0,4,4,0.0,,-0.077897,-13.452003,-13.5299,False,False,12,S24,True,9,0.3233,delivery,,,,,,,,,,,,,,,,,,,,,,,,,,,,,,,,,,,,,,,,,,,,,,,,,,,,
45,21,11,38,S35,False,0,4,4,0,9,0,0,0,0,"['B472', 'B646', 'B81', 'B96', 'B55', 'B191', 'B166', 'B385', 'B71']",4.5,S50,1.61,9,4,13,0.0,,-0.276231,-13.472922,-13.749153,False,False,18,S24,True,12,0.4316,pickup,,,,,,,,,,,,,,,,,,,,,,,,,,,,,,,,,,,,,,,,,,,,,,,,,,,,
45,21,11,44,S50,False,9,4,13,9,0,1,0,0,0,"['B472', 'B646', 'B81', 'B96', 'B55', 'B191', 'B166', 'B385', 'B71']",7.5,S49,9.99,0,4,4,0.0,,-0.215359,-13.470465,-13.685824,True,True,24,S32,True,20,0.575,delivery+onsite,,,,,,,,,,,,,,,,,,,,,,,,,,,,,,,,,,,,,,,,,,,,,,,,,,,,
45,21,12,1,S49,False,0,4,4,0,11,0,0,0,0,"['B201', 'B247', 'B190', 'B455', 'B571', 'B538', 'B641', 'B441', 'B642', 'B686', 'B307']",5.5,S60,2.05,11,4,15,0.0,,-0.157592,-13.24361,-13.401202,False,False,18,S32,True,12,0.469,pickup,,,,,,,,,,,,,,,,,,,,,,,,,,,,,,,,,,,,,,,,,,,,,,,,,,,,
45,21,12,9,S60,False,11,4,15,11,0,0,0,0,0,"['B201', 'B247', 'B190', 'B455', 'B571', 'B538', 'B641', 'B441', 'B642', 'B686', 'B307']",5.5,S32,6.97,0,4,4,0.0,,-0.216305,-13.356882,-13.573187,False,False,12,S32,False,7,0.3695,delivery,,,,,,,,,,,,,,,,,,,,,,,,,,,,,,,,,,,,,,,,,,,,,,,,,,,,
45,21,12,21,S32,False,0,4,4,0,9,0,1,0,0,"['B48', 'B132', 'B281', 'B210', 'B737', 'B706', 'B277', 'B251', 'B703', 'B514']",5.0,S21,8.36,9,5,14,0.0,,-0.274381,-13.255029,-13.529411,True,True,36,S59,True,31,0.8844,pickup+depot_removal,,,,,,,,,,,,,,,,,,,,,,,,,,,,,,,,,,,,,,,,,,,,,,,,,,,,
45,21,12,35,S21,False,9,5,14,9,0,0,1,0,0,"['B403', 'B48', 'B132', 'B281', 'B210', 'B737', 'B706', 'B277', 'B251', 'B703']",5.0,S14,4.97,0,6,6,0.0,,-0.253909,-13.348213,-13.602122,True,True,24,S14,False,18,0.5757,delivery+depot_removal,,,,,,,,,,,,,,,,,,,,,,,,,,,,,,,,,,,,,,,,,,,,,,,,,,,,
45,21,12,45,S14,False,0,6,6,0,8,0,0,0,0,"['B376', 'B171', 'B339', 'B654', 'B600', 'B109', 'B225', 'B408']",4.0,S29,3.41,8,6,14,0.0,,-0.432361,-13.292693,-13.725054,False,False,18,S27,True,6,0.4172,pickup,,,,,,,,,,,,,,,,,,,,,,,,,,,,,,,,,,,,,,,,,,,,,,,,,,,,
45,21,12,52,S29,False,8,6,14,8,0,0,0,0,0,"['B376', 'B171', 'B339', 'B654', 'B600', 'B109', 'B225', 'B408']",4.0,S51,7.57,0,6,6,0.0,,-0.255758,-13.316702,-13.57246,False,False,12,S27,True,6,0.3582,delivery,,,,,,,,,,,,,,,,,,,,,,,,,,,,,,,,,,,,,,,,,,,,,,,,,,,,
45,21,13,4,S51,False,0,6,6,0,13,0,1,0,0,"['B4', 'B616', 'B418', 'B618', 'B7', 'B47', 'B98', 'B704', 'B406', 'B75', 'B637', 'B21', 'B204', 'B547']",7.0,S50,8.8,13,7,20,0.0,,-0.529778,-13.592938,-14.122715,True,True,36,S2,True,19,0.9407,pickup+depot_removal,,,,,,,,,,,,,,,,,,,,,,,,,,,,,,,,,,,,,,,,,,,,,,,,,,,,
45,21,13,19,S50,False,13,7,20,13,0,0,1,0,0,"['B257', 'B4', 'B616', 'B418', 'B618', 'B7', 'B47', 'B98', 'B704', 'B406', 'B75', 'B637', 'B21', 'B204']",7.0,S12,10.53,0,8,8,0.0,,-0.707344,-13.62332,-14.330664,True,True,18,S17,True,13,0.5177,delivery+depot_removal,,,,,,,,,,,,,,,,,,,,,,,,,,,,,,,,,,,,,,,,,,,,,,,,,,,,
45,21,13,37,S12,False,0,8,8,0,12,0,0,0,0,"['B97', 'B450', 'B57', 'B126', 'B372', 'B182', 'B175', 'B460', 'B652', 'B729', 'B66', 'B67']",6.0,S17,15.22,12,8,20,0.0,,-0.825783,-13.846266,-14.672049,False,False,12,S17,False,6,0.2441,pickup,,,,,,,,,,,,,,,,,,,,,,,,,,,,,,,,,,,,,,,,,,,,,,,,,,,,
45,21,13,58,S17,False,12,8,20,12,0,0,0,0,0,"['B97', 'B450', 'B57', 'B126', 'B372', 'B182', 'B175', 'B460', 'B652', 'B729', 'B66', 'B67']",6.0,S66,7.34,0,8,8,0.0,,-1.848254,-14.023126,-15.87138,False,False,12,S11,True,6,0.268,delivery,,,,,,,,,,,,,,,,,,,,,,,,,,,,,,,,,,,,,,,,,,,,,,,,,,,,
45,21,14,12,S66,False,0,8,8,0,12,0,0,0,0,"['B297', 'B216', 'B266', 'B71', 'B165', 'B115', 'B294', 'B332', 'B121', 'B723', 'B654', 'B527']",6.0,S29,6.29,12,8,20,0.0,,-1.952517,-13.777853,-15.73037,False,False,12,S53,True,10,0.2659,pickup,,,,,,,,,,,,,,,,,,,,,,,,,,,,,,,,,,,,,,,,,,,,,,,,,,,,
45,21,14,24,S29,False,12,8,20,12,0,0,0,0,0,"['B297', 'B216', 'B266', 'B71', 'B165', 'B115', 'B294', 'B332', 'B121', 'B723', 'B654', 'B527']",6.0,S65,8.87,0,8,8,0.0,,-1.796187,-13.873854,-15.670041,False,False,12,S53,True,9,0.251,delivery,,,,,,,,,,,,,,,,,,,,,,,,,,,,,,,,,,,,,,,,,,,,,,,,,,,,
45,21,14,39,S65,False,0,8,8,0,12,0,0,0,0,"['B68', 'B354', 'B434', 'B683', 'B608', 'B305', 'B420', 'B740', 'B526', 'B536', 'B713', 'B691']",6.0,S39,5.08,12,8,20,0.0,,-1.682161,-13.928502,-15.610664,False,False,12,S39,False,6,0.2711,pickup,,,,,,,,,,,,,,,,,,,,,,,,,,,,,,,,,,,,,,,,,,,,,,,,,,,,
45,21,14,50,S39,False,12,8,20,12,0,0,0,0,0,"['B68', 'B354', 'B434', 'B683', 'B608', 'B305', 'B420', 'B740', 'B526', 'B536', 'B713', 'B691']",6.0,S44,4.87,0,8,8,0.0,,-2.034166,-14.059177,-16.093343,False,False,12,S60,True,9,0.3133,delivery,,,,,,,,,,,,,,,,,,,,,,,,,,,,,,,,,,,,,,,,,,,,,,,,,,,,
45,21,15,1,S44,False,0,8,8,0,12,1,0,0,0,"['B46', 'B433', 'B198', 'B253', 'B541', 'B472', 'B577', 'B65', 'B546', 'B563', 'B709', 'B221']",9.0,S26,7.72,12,8,20,0.0,,-1.652816,-13.765552,-15.418368,True,True,36,S26,False,18,0.8631,pickup+onsite,,,,,,,,,,,,,,,,,,,,,,,,,,,,,,,,,,,,,,,,,,,,,,,,,,,,
45,21,15,17,S26,False,12,8,20,12,0,0,0,0,0,"['B46', 'B433', 'B198', 'B253', 'B541', 'B472', 'B577', 'B65', 'B546', 'B563', 'B709', 'B221']",6.0,S62,5.52,0,8,8,0.0,,-1.340885,-13.69616,-15.037045,False,False,12,S36,True,6,0.3046,delivery,,,,,,,,,,,,,,,,,,,,,,,,,,,,,,,,,,,,,,,,,,,,,,,,,,,,
45,21,15,29,S62,False,0,8,8,0,12,0,0,0,0,"['B337', 'B226', 'B138', 'B290', 'B478', 'B562', 'B384', 'B498', 'B321', 'B516', 'B666', 'B626']",6.0,S4,2.49,12,8,20,0.0,,-1.10302,-13.812845,-14.915866,False,False,12,S52,True,7,0.3177,pickup,,,,,,,,,,,,,,,,,,,,,,,,,,,,,,,,,,,,,,,,,,,,,,,,,,,,
45,21,15,37,S4,False,12,8,20,12,0,0,1,0,0,"['B722', 'B337', 'B226', 'B138', 'B290', 'B478', 'B562', 'B384', 'B498', 'B321', 'B516', 'B666', 'B626']",6.5,S13,10.26,0,9,9,0.0,,-1.404015,-13.558916,-14.962931,True,True,30,S52,True,26,0.9031,delivery+depot_removal,,,,,,,,,,,,,,,,,,,,,,,,,,,,,,,,,,,,,,,,,,,,,,,,,,,,
45,21,15,54,S13,False,0,9,9,0,11,1,0,0,0,"['B518', 'B452', 'B407', 'B721', 'B629', 'B6', 'B767', 'B313', 'B63', 'B504', 'B633']",8.5,S15,10.5,11,9,20,0.0,,-1.498091,-13.83891,-15.337,True,True,24,S26,True,22,0.7485,pickup+onsite,,,,,,,,,,,,,,,,,,,,,,,,,,,,,,,,,,,,,,,,,,,,,,,,,,,,
45,21,16,13,S15,False,11,9,20,11,0,1,0,0,0,"['B518', 'B452', 'B407', 'B721', 'B629', 'B6', 'B767', 'B313', 'B63', 'B504', 'B633']",8.5,S55,4.77,0,9,9,0.0,,-1.303056,-13.710126,-15.013181,True,True,24,S52,True,18,0.6536,delivery+onsite,,,,,,,,,,,,,,,,,,,,,,,,,,,,,,,,,,,,,,,,,,,,,,,,,,,,
45,21,16,26,S55,False,0,9,9,0,11,1,0,0,0,"['B291', 'B185', 'B150', 'B203', 'B508', 'B128', 'B368', 'B139', 'B458', 'B44', 'B387']",8.5,S54,0.95,11,9,20,0.0,,-1.398526,-13.885016,-15.283542,True,True,36,S48,True,30,1.1015,pickup+onsite,,,,,,,,,,,,,,,,,,,,,,,,,,,,,,,,,,,,,,,,,,,,,,,,,,,,
45,21,16,36,S54,False,11,9,20,11,0,1,0,0,0,"['B291', 'B185', 'B150', 'B203', 'B508', 'B128', 'B368', 'B139', 'B458', 'B44', 'B387']",8.5,S47,8.4,0,9,9,0.0,,-1.402828,-13.758253,-15.161082,True,True,24,S35,True,21,0.6463,delivery+onsite,,,,,,,,,,,,,,,,,,,,,,,,,,,,,,,,,,,,,,,,,,,,,,,,,,,,
45,21,16,53,S47,False,0,9,9,0,11,2,0,0,0,"['B330', 'B273', 'B370', 'B619', 'B414', 'B236', 'B212', 'B145', 'B719', 'B520', 'B743']",11.5,S61,3.69,11,9,20,0.0,,-0.886657,-13.728883,-14.61554,True,True,36,S51,True,33,0.972,pickup+onsite,,,,,,,,,,,,,,,,,,,,,,,,,,,,,,,,,,,,,,,,,,,,,,,,,,,,
45,21,17,8,S61,False,11,9,20,10,0,1,1,0,0,"['B663', 'B330', 'B273', 'B370', 'B619', 'B414', 'B236', 'B212', 'B145', 'B719', 'B520']",8.5,S22,5.51,1,10,11,0.0,,-0.807154,-13.628931,-14.436085,True,True,60,S18,True,58,1.3469,delivery+maintenance,,,,,,,,,,,,,,,,,,,,,,,,,,,,,,,,,,,,,,,,,,,,,,,,,,,,
45,21,17,22,S22,False,1,10,11,0,0,1,0,0,0,[],3.0,S51,11.78,1,10,11,0.0,,-0.609532,-13.557919,-14.167451,True,True,24,S64,True,10,0.5624,do_nothing+onsite,,,,,,,,,,,,,,,,,,,,,,,,,,,,,,,,,,,,,,,,,,,,,,,,,,,,
45,21,17,37,S51,False,1,10,11,0,9,0,0,0,0,"['B249', 'B260', 'B191', 'B130', 'B30', 'B76', 'B603', 'B686', 'B17']",4.5,S19,1.21,10,10,20,0.0,,-0.808068,-13.549179,-14.357247,False,False,12,S19,False,7,0.2671,pickup,,,,,,,,,,,,,,,,,,,,,,,,,,,,,,,,,,,,,,,,,,,,,,,,,,,,
45,21,17,42,S19,False,10,10,20,9,0,0,0,0,0,"['B743', 'B249', 'B260', 'B191', 'B130', 'B30', 'B76', 'B603', 'B686']",4.5,S48,0.52,1,10,11,0.0,,-0.631604,-13.534138,-14.165742,False,False,18,S57,True,6,0.3886,delivery,,,,,,,,,,,,,,,,,,,,,,,,,,,,,,,,,,,,,,,,,,,,,,,,,,,,
45,21,17,47,S48,False,1,10,11,0,9,0,0,0,0,"['B397', 'B390', 'B286', 'B632', 'B231', 'B412', 'B588', 'B700', 'B398']",4.5,S57,7.56,10,10,20,0.0,,-0.434167,-13.516931,-13.951099,False,False,12,S26,True,8,0.2599,pickup,,,,,,,,,,,,,,,,,,,,,,,,,,,,,,,,,,,,,,,,,,,,,,,,,,,,
45,21,18,0,S57,False,10,10,20,10,0,0,0,0,0,"['B17', 'B397', 'B390', 'B286', 'B632', 'B231', 'B412', 'B588', 'B700', 'B398']",5.0,S22,12.19,0,10,10,0.0,,-0.314571,-13.439103,-13.753675,False,False,12,S37,True,7,0.2566,delivery,,,,,,,,,,,,,,,,,,,,,,,,,,,,,,,,,,,,,,,,,,,,,,,,,,,,
45,21,18,17,S22,False,0,10,10,0,10,0,0,0,0,"['B178', 'B10', 'B110', 'B409', 'B369', 'B258', 'B422', 'B183', 'B710', 'B380']",5.0,S26,7.39,10,10,20,0.0,,-0.612381,-13.54857,-14.160951,False,False,12,S26,False,6,0.3022,pickup,,,,,,,,,,,,,,,,,,,,,,,,,,,,,,,,,,,,,,,,,,,,,,,,,,,,
45,21,18,29,S26,False,10,10,20,10,0,0,0,0,0,"['B178', 'B10', 'B110', 'B409', 'B369', 'B258', 'B422', 'B183', 'B710', 'B380']",5.0,S65,6.43,0,10,10,0.0,,-0.493638,-13.40039,-13.894028,False,False,12,S23,True,7,0.2779,delivery,,,,,,,,,,,,,,,,,,,,,,,,,,,,,,,,,,,,,,,,,,,,,,,,,,,,
45,21,18,41,S65,False,0,10,10,0,10,0,0,0,0,"['B627', 'B41', 'B687', 'B673', 'B608', 'B386', 'B165', 'B71', 'B105', 'B642']",5.0,S60,3.09,10,10,20,0.0,,-0.396072,-13.224138,-13.62021,True,False,18,S37,True,14,0.4186,pickup,,,,,,,,,,,,,,,,,,,,,,,,,,,,,,,,,,,,,,,,,,,,,,,,,,,,
45,21,18,49,S60,False,10,10,20,10,0,0,1,0,0,"['B354', 'B627', 'B41', 'B687', 'B673', 'B608', 'B386', 'B165', 'B71', 'B105', 'B642']",5.5,S37,2.84,0,11,11,0.0,,-0.414646,-13.261533,-13.676179,True,True,18,S23,True,12,0.432,delivery+depot_removal,,,,,,,,,,,,,,,,,,,,,,,,,,,,,,,,,,,,,,,,,,,,,,,,,,,,
45,21,18,57,S37,False,0,11,11,0,9,0,0,0,0,"['B87', 'B628', 'B378', 'B224', 'B86', 'B392', 'B94', 'B599', 'B493']",4.5,S42,9.19,9,11,20,0.0,,-0.413698,-13.19836,-13.612058,False,False,12,S29,True,8,0.2809,pickup,,,,,,,,,,,,,,,,,,,,,,,,,,,,,,,,,,,,,,,,,,,,,,,,,,,,
45,21,19,11,S42,False,9,11,20,9,0,0,0,0,0,"['B87', 'B628', 'B378', 'B224', 'B86', 'B392', 'B94', 'B599', 'B493']",4.5,S7,15.17,0,11,11,0.0,,-0.275678,-12.95097,-13.226648,False,False,12,S7,False,6,0.2684,delivery,,,,,,,,,,,,,,,,,,,,,,,,,,,,,,,,,,,,,,,,,,,,,,,,,,,,
45,21,19,30,S7,False,0,11,11,0,9,0,0,0,0,"['B289', 'B58', 'B429', 'B142', 'B1', 'B377', 'B102', 'B533', 'B535']",4.5,S23,2.31,9,11,20,0.0,,-0.256606,-12.911805,-13.168411,False,False,12,S30,True,7,0.2916,pickup,,,,,,,,,,,,,,,,,,,,,,,,,,,,,,,,,,,,,,,,,,,,,,,,,,,,
45,21,19,37,S23,False,9,11,20,9,0,0,0,0,0,"['B289', 'B58', 'B429', 'B142', 'B1', 'B377', 'B102', 'B533', 'B535']",4.5,S30,3.25,0,11,11,0.0,,-0.216009,-13.061665,-13.277674,False,False,10,S22,True,8,0.2552,delivery,,,,,,,,,,,,,,,,,,,,,,,,,,,,,,,,,,,,,,,,,,,,,,,,,,,,
45,21,19,45,S30,False,0,11,11,0,0,0,0,0,0,[],0.0,S31,1.91,0,11,11,0.0,,-0.17681,-13.042422,-13.219232,False,False,4,D0,True,0,0.1245,do_nothing,,,,,,,,,,,,,,,,,,,,,,,,,,,,,,,,,,,,,,,,,,,,,,,,,,,,
45,21,19,47,S31,False,0,11,11,0,0,0,1,0,0,['B456'],0.5,S66,0.38,0,12,12,0.0,,-0.413142,-13.098354,-13.511496,True,True,5,S66,False,2,0.1451,do_nothing+depot_removal,,,,,,,,,,,,,,,,,,,,,,,,,,,,,,,,,,,,,,,,,,,,,,,,,,,,
45,21,19,48,S66,False,0,12,12,0,8,0,0,0,0,"['B622', 'B737', 'B512', 'B432', 'B207', 'B613', 'B301', 'B97']",4.0,D0,1.4,8,12,20,0.0,,-0.314525,-13.238006,-13.55253,False,False,3,D0,True,2,0.1008,pickup,,,,,,,,,,,,,,,,,,,,,,,,,,,,,,,,,,,,,,,,,,,,,,,,,,,,
45,21,19,53,D0,True,8,12,20,0,0,0,0,12,0,"['B461', 'B597', 'B565', 'B0', 'B514', 'B403', 'B547', 'B257', 'B722', 'B663', 'B354', 'B456']",6.0,D0,0.0,8,0,8,0.0,,-0.315224,-13.140692,-13.455915,True,True,1,D0,False,0,0.041,do_nothing,,,,,,,,,,,,,,,,,,,,,,,,,,,,,,,,,,,,,,,,,,,,,,,,,,,,
45,22,6,14,D0,True,8,0,8,0,0,0,0,0,11,"['B299', 'B176', 'B3', 'B744', 'B112', 'B154', 'B542', 'B127', 'B267', 'B106', 'B331']",5.5,S41,2.23,19,0,19,0.0,,-1.836419,-13.984035,-15.820454,True,True,5,S40,True,4,0.2015,load_queue,,,,,,,,,,,,,,,,,,,,,,,,,,,,,,,,,,,,,,,,,,,,,,,,,,,,
45,22,6,37,S41,False,19,0,19,17,0,0,1,0,0,"['B302', 'B622', 'B737', 'B512', 'B432', 'B207', 'B613', 'B301', 'B97', 'B299', 'B176', 'B3', 'B744', 'B112', 'B154', 'B542', 'B127', 'B267']",9.0,S63,5.29,2,1,3,0.0,,-2.034179,-14.317133,-16.351312,True,True,72,S65,True,30,1.6998,delivery+depot_removal,,,,,,,,,,,,,,,,,,,,,,,,,,,,,,,,,,,,,,,,,,,,,,,,,,,,
45,22,6,51,S63,False,2,1,3,0,17,0,0,0,0,"['B754', 'B435', 'B323', 'B424', 'B90', 'B548', 'B544', 'B478', 'B701', 'B216', 'B436', 'B160', 'B508', 'B213', 'B452', 'B122', 'B148']",8.5,S65,7.4,19,1,20,0.0,,-1.717202,-14.318028,-16.03523,True,False,18,S40,True,12,0.5323,pickup,,,,,,,,,,,,,,,,,,,,,,,,,,,,,,,,,,,,,,,,,,,,,,,,,,,,
45,22,7,7,S65,False,19,1,20,16,0,0,0,0,0,"['B106', 'B331', 'B754', 'B435', 'B323', 'B424', 'B90', 'B548', 'B544', 'B478', 'B701', 'B216', 'B436', 'B160', 'B508', 'B213']",8.0,S46,8.22,3,1,4,0.0,,-1.43611,-14.410264,-15.846374,True,False,30,S22,True,7,0.6791,delivery,,,,,,,,,,,,,,,,,,,,,,,,,,,,,,,,,,,,,,,,,,,,,,,,,,,,
45,22,7,23,S46,False,3,1,4,0,13,0,0,0,0,"['B74', 'B259', 'B763', 'B384', 'B411', 'B348', 'B690', 'B261', 'B194', 'B589', 'B295', 'B678', 'B219']",6.5,S22,9.54,16,1,17,0.0,,-0.984874,-14.17205,-15.156924,False,False,18,S48,True,16,0.4008,pickup,,,,,,,,,,,,,,,,,,,,,,,,,,,,,,,,,,,,,,,,,,,,,,,,,,,,
45,22,7,39,S22,False,16,1,17,16,0,0,0,0,0,"['B452', 'B122', 'B148', 'B74', 'B259', 'B763', 'B384', 'B411', 'B348', 'B690', 'B261', 'B194', 'B589', 'B295', 'B678', 'B219']",8.0,S50,10.84,0,1,1,0.0,,-1.303551,-14.303208,-15.606759,False,False,12,S4,True,7,0.2847,delivery,,,,,,,,,,,,,,,,,,,,,,,,,,,,,,,,,,,,,,,,,,,,,,,,,,,,
45,22,7,58,S50,False,0,1,1,0,18,0,0,0,0,"['B98', 'B704', 'B406', 'B75', 'B637', 'B21', 'B204', 'B646', 'B664', 'B350', 'B215', 'B253', 'B546', 'B65', 'B430', 'B618', 'B610', 'B340']",9.0,S11,3.14,18,1,19,0.0,,-0.966653,-14.293146,-15.259799,False,False,18,S27,True,15,0.5487,pickup,,,,,,,,,,,,,,,,,,,,,,,,,,,,,,,,,,,,,,,,,,,,,,,,,,,,
45,22,8,10,S11,False,18,1,19,9,0,1,0,0,0,"['B98', 'B704', 'B406', 'B75', 'B637', 'B21', 'B204', 'B646', 'B664']",7.5,S15,7.51,9,1,10,0.0,,-1.202032,-14.112611,-15.314644,True,True,36,S15,False,19,0.8377,delivery+onsite,,,,,,,,,,,,,,,,,,,,,,,,,,,,,,,,,,,,,,,,,,,,,,,,,,,,
45,22,8,25,S15,False,9,1,10,9,0,0,0,0,0,"['B350', 'B215', 'B253', 'B546', 'B65', 'B430', 'B618', 'B610', 'B340']",4.5,S44,4.96,0,1,1,0.0,,-1.219806,-14.030511,-15.250317,False,False,12,S44,False,8,0.317,delivery,,,,,,,,,,,,,,,,,,,,,,,,,,,,,,,,,,,,,,,,,,,,,,,,,,,,
45,22,8,35,S44,False,0,1,1,0,10,1,0,0,0,"['B398', 'B297', 'B123', 'B594', 'B393', 'B306', 'B258', 'B469', 'B617', 'B68']",8.0,S16,0.23,10,1,11,0.0,,-1.062371,-14.132231,-15.194602,True,True,36,S59,True,30,0.8455,pickup+onsite,,,,,,,,,,,,,,,,,,,,,,,,,,,,,,,,,,,,,,,,,,,,,,,,,,,,
45,22,8,43,S16,False,10,1,11,0,9,0,0,0,0,"['B209', 'B490', 'B163', 'B325', 'B338', 'B446', 'B686', 'B404', 'B230']",4.5,S31,3.96,19,1,20,0.0,,-0.788941,-13.943438,-14.732379,False,False,18,S7,True,12,0.445,pickup,,,,,,,,,,,,,,,,,,,,,,,,,,,,,,,,,,,,,,,,,,,,,,,,,,,,
45,22,8,51,S31,False,19,1,20,19,0,0,0,0,0,"['B398', 'B297', 'B123', 'B594', 'B393', 'B306', 'B258', 'B469', 'B617', 'B68', 'B209', 'B490', 'B163', 'B325', 'B338', 'B446', 'B686', 'B404', 'B230']",9.5,S49,2.89,0,1,1,0.0,,-1.143006,-13.869398,-15.012404,False,False,12,S66,True,10,0.3159,delivery,,,,,,,,,,,,,,,,,,,,,,,,,,,,,,,,,,,,,,,,,,,,,,,,,,,,
45,22,9,4,S49,False,0,1,1,0,19,0,0,0,0,"['B228', 'B119', 'B361', 'B658', 'B227', 'B549', 'B289', 'B57', 'B73', 'B156', 'B168', 'B234', 'B713', 'B12', 'B318', 'B413', 'B657', 'B395', 'B337']",9.5,S27,5.16,19,1,20,0.0,,-1.419695,-14.150852,-15.570547,False,False,12,S27,False,6,0.3101,pickup,,,,,,,,,,,,,,,,,,,,,,,,,,,,,,,,,,,,,,,,,,,,,,,,,,,,
45,22,9,18,S27,False,19,1,20,0,0,0,0,0,0,[],0.0,S51,8.3,19,1,20,0.0,,-0.688026,-14.088044,-14.776071,False,False,18,S50,True,4,0.4301,do_nothing,,,,,,,,,,,,,,,,,,,,,,,,,,,,,,,,,,,,,,,,,,,,,,,,,,,,
45,22,9,27,S51,False,19,1,20,12,0,0,1,0,0,"['B140', 'B228', 'B119', 'B361', 'B658', 'B227', 'B549', 'B289', 'B57', 'B73', 'B156', 'B168', 'B234']",6.5,S52,4.66,7,2,9,0.0,,-1.297217,-13.898018,-15.195236,True,True,30,S50,True,16,0.6203,delivery+depot_removal,,,,,,,,,,,,,,,,,,,,,,,,,,,,,,,,,,,,,,,,,,,,,,,,,,,,
45,22,9,38,S52,False,7,2,9,0,11,0,0,0,0,"['B489', 'B335', 'B235', 'B585', 'B272', 'B709', 'B286', 'B414', 'B225', 'B669', 'B567']",5.5,S27,3.68,18,2,20,0.0,,-1.006092,-13.848173,-14.854265,False,False,12,S66,True,6,0.2603,pickup,,,,,,,,,,,,,,,,,,,,,,,,,,,,,,,,,,,,,,,,,,,,,,,,,,,,
45,22,9,47,S27,False,18,2,20,16,0,0,0,0,0,"['B713', 'B12', 'B318', 'B413', 'B657', 'B395', 'B337', 'B489', 'B335', 'B235', 'B585', 'B272', 'B709', 'B286', 'B414', 'B225']",8.0,S63,4.87,2,2,4,0.0,,-0.651373,-13.68026,-14.331633,False,False,18,S50,True,10,0.6519,delivery,,,,,,,,,,,,,,,,,,,,,,,,,,,,,,,,,,,,,,,,,,,,,,,,,,,,
45,22,10,0,S63,False,2,2,4,0,14,0,1,0,0,"['B738', 'B4', 'B692', 'B38', 'B740', 'B109', 'B314', 'B210', 'B648', 'B673', 'B399', 'B726', 'B107', 'B410', 'B237']",7.5,S29,5.25,16,3,19,0.0,,-0.790337,-13.620587,-14.410924,True,True,60,S35,True,44,1.568,pickup+depot_removal,,,,,,,,,,,,,,,,,,,,,,,,,,,,,,,,,,,,,,,,,,,,,,,,,,,,
45,22,10,13,S29,False,16,3,19,12,0,0,0,0,0,"['B669', 'B567', 'B738', 'B4', 'B692', 'B38', 'B740', 'B109', 'B314', 'B210', 'B648', 'B673']",6.0,S35,1.95,4,3,7,0.0,,-0.41389,-13.696405,-14.110295,False,False,18,S50,True,14,0.4544,delivery,,,,,,,,,,,,,,,,,,,,,,,,,,,,,,,,,,,,,,,,,,,,,,,,,,,,
45,22,10,21,S35,False,4,3,7,4,0,0,0,0,0,"['B399', 'B726', 'B107', 'B410']",2.0,S37,7.89,0,3,3,0.0,,-0.43432,-13.60366,-14.037979,False,False,12,S37,False,8,0.2929,delivery,,,,,,,,,,,,,,,,,,,,,,,,,,,,,,,,,,,,,,,,,,,,,,,,,,,,
45,22,10,31,S37,False,0,3,3,0,15,0,1,0,0,"['B367', 'B739', 'B450', 'B377', 'B157', 'B30', 'B288', 'B36', 'B464', 'B275', 'B29', 'B131', 'B517', 'B61', 'B141', 'B486']",8.0,S50,7.46,15,4,19,0.0,,-0.472912,-13.673852,-14.146763,True,True,30,S18,True,21,0.7303,pickup+depot_removal,,,,,,,,,,,,,,,,,,,,,,,,,,,,,,,,,,,,,,,,,,,,,,,,,,,,
45,22,10,46,S50,False,15,4,19,15,0,0,0,0,0,"['B367', 'B739', 'B450', 'B377', 'B157', 'B30', 'B288', 'B36', 'B464', 'B275', 'B29', 'B131', 'B517', 'B61', 'B141']",7.5,S2,9.79,0,4,4,0.0,,-0.631148,-13.752789,-14.383938,False,False,12,S21,True,9,0.2966,delivery,,,,,,,,,,,,,,,,,,,,,,,,,,,,,,,,,,,,,,,,,,,,,,,,,,,,
45,22,11,3,S2,False,0,4,4,0,0,0,0,0,0,[],0.0,S32,10.13,0,4,4,0.0,,-0.868239,-14.140544,-15.008783,False,False,12,S32,False,0,0.3733,do_nothing,,,,,,,,,,,,,,,,,,,,,,,,,,,,,,,,,,,,,,,,,,,,,,,,,,,,
45,22,11,13,S32,False,0,4,4,0,14,0,0,0,0,"['B265', 'B402', 'B236', 'B520', 'B387', 'B244', 'B668', 'B91', 'B751', 'B324', 'B117', 'B749', 'B602', 'B357']",7.0,S26,7.72,14,4,18,0.0,,-0.612138,-14.105418,-14.717556,False,False,18,S2,True,6,0.4946,pickup,,,,,,,,,,,,,,,,,,,,,,,,,,,,,,,,,,,,,,,,,,,,,,,,,,,,
45,22,11,28,S26,False,14,4,18,14,0,0,0,0,0,"['B265', 'B402', 'B236', 'B520', 'B387', 'B244', 'B668', 'B91', 'B751', 'B324', 'B117', 'B749', 'B602', 'B357']",7.0,S33,6.45,0,4,4,0.0,,-0.689275,-14.125549,-14.814824,False,False,12,S36,True,10,0.3731,delivery,,,,,,,,,,,,,,,,,,,,,,,,,,,,,,,,,,,,,,,,,,,,,,,,,,,,
45,22,11,42,S33,False,0,4,4,0,11,0,2,0,0,"['B624', 'B332', 'B188', 'B498', 'B608', 'B703', 'B503', 'B69', 'B71', 'B766', 'B427', 'B442', 'B651']",6.5,S15,3.7,11,6,17,0.0,,-0.711047,-14.09225,-14.803297,True,True,54,S2,True,48,1.3155,pickup+depot_removal,,,,,,,,,,,,,,,,,,,,,,,,,,,,,,,,,,,,,,,,,,,,,,,,,,,,
45,22,11,52,S15,False,11,6,17,11,0,0,0,0,0,"['B624', 'B332', 'B188', 'B498', 'B608', 'B703', 'B503', 'B69', 'B71', 'B766', 'B427']",5.5,S39,7.21,0,6,6,0.0,,-0.454287,-13.841378,-14.295665,False,False,12,S36,True,8,0.3468,delivery,,,,,,,,,,,,,,,,,,,,,,,,,,,,,,,,,,,,,,,,,,,,,,,,,,,,
45,22,12,5,S39,False,0,6,6,0,14,1,0,0,0,"['B18', 'B730', 'B471', 'B15', 'B479', 'B620', 'B14', 'B305', 'B712', 'B182', 'B51', 'B532', 'B396', 'B94']",10.0,S29,9.53,14,6,20,0.0,,-0.569037,-13.908229,-14.477266,True,True,36,S49,True,21,0.9021,pickup+onsite,,,,,,,,,,,,,,,,,,,,,,,,,,,,,,,,,,,,,,,,,,,,,,,,,,,,
45,22,12,24,S29,False,14,6,20,14,0,0,0,0,0,"['B18', 'B730', 'B471', 'B15', 'B479', 'B620', 'B14', 'B305', 'B712', 'B182', 'B51', 'B532', 'B396', 'B94']",7.0,S11,4.25,0,6,6,0.0,,-0.919165,-14.0017,-14.920865,False,False,12,S17,True,6,0.2914,delivery,,,,,,,,,,,,,,,,,,,,,,,,,,,,,,,,,,,,,,,,,,,,,,,,,,,,
45,22,12,35,S11,False,0,6,6,0,12,0,0,0,0,"['B75', 'B637', 'B21', 'B204', 'B646', 'B664', 'B11', 'B382', 'B746', 'B87', 'B172', 'B527']",6.0,S54,5.5,12,6,18,0.0,,-0.927561,-13.906106,-14.833667,False,False,18,S54,False,12,0.4358,pickup,,,,,,,,,,,,,,,,,,,,,,,,,,,,,,,,,,,,,,,,,,,,,,,,,,,,
45,22,12,47,S54,False,12,6,18,12,0,0,0,0,0,"['B75', 'B637', 'B21', 'B204', 'B646', 'B664', 'B11', 'B382', 'B746', 'B87', 'B172', 'B527']",6.0,S59,6.37,0,6,6,0.0,,-0.649522,-14.175709,-14.825231,False,False,12,S42,True,10,0.3013,delivery,,,,,,,,,,,,,,,,,,,,,,,,,,,,,,,,,,,,,,,,,,,,,,,,,,,,
45,22,12,59,S59,False,0,6,6,0,14,0,0,0,0,"['B474', 'B745', 'B528', 'B82', 'B522', 'B500', 'B507', 'B271', 'B129', 'B298', 'B448', 'B570', 'B20', 'B136']",7.0,S17,10.2,14,6,20,0.0,,-0.825585,-14.154835,-14.98042,False,False,18,S13,True,8,0.4768,pickup,,,,,,,,,,,,,,,,,,,,,,,,,,,,,,,,,,,,,,,,,,,,,,,,,,,,
45,22,13,16,S17,False,14,6,20,14,0,0,0,0,0,"['B474', 'B745', 'B528', 'B82', 'B522', 'B500', 'B507', 'B271', 'B129', 'B298', 'B448', 'B570', 'B20', 'B136']",7.0,S9,16.64,0,6,6,0.0,,-1.914481,-14.012535,-15.927016,False,False,12,S42,True,8,0.3401,delivery,,,,,,,,,,,,,,,,,,,,,,,,,,,,,,,,,,,,,,,,,,,,,,,,,,,,
45,22,13,40,S9,False,0,6,6,0,9,0,0,0,0,"['B178', 'B741', 'B10', 'B287', 'B321', 'B397', 'B697', 'B254', 'B199']",4.5,S12,1.46,9,6,15,0.0,,-1.869282,-14.430777,-16.300058,False,False,18,S12,False,12,0.4087,pickup,,,,,,,,,,,,,,,,,,,,,,,,,,,,,,,,,,,,,,,,,,,,,,,,,,,,
45,22,13,46,S12,False,9,6,15,0,5,0,0,0,0,"['B519', 'B467', 'B562', 'B534', 'B623']",2.5,S52,6.66,14,6,20,0.0,,-1.240389,-14.227258,-15.467646,False,False,12,S44,True,9,0.2766,pickup,,,,,,,,,,,,,,,,,,,,,,,,,,,,,,,,,,,,,,,,,,,,,,,,,,,,
45,22,13,55,S52,False,14,6,20,14,0,0,0,0,0,"['B178', 'B741', 'B10', 'B287', 'B321', 'B397', 'B697', 'B254', 'B199', 'B519', 'B467', 'B562', 'B534', 'B623']",7.0,S48,5.29,0,6,6,0.0,,-1.694971,-14.117561,-15.812532,False,False,18,S36,True,12,0.4879,delivery,,,,,,,,,,,,,,,,,,,,,,,,,,,,,,,,,,,,,,,,,,,,,,,,,,,,
45,22,14,7,S48,False,0,6,6,0,10,0,0,0,0,"['B482', 'B48', 'B243', 'B159', 'B684', 'B605', 'B352', 'B17', 'B156', 'B669']",5.0,S35,8.23,10,6,16,0.0,,-1.181714,-13.83456,-15.016275,False,False,18,S13,True,13,0.4676,pickup,,,,,,,,,,,,,,,,,,,,,,,,,,,,,,,,,,,,,,,,,,,,,,,,,,,,
45,22,14,21,S35,False,10,6,16,10,0,0,0,0,0,"['B482', 'B48', 'B243', 'B159', 'B684', 'B605', 'B352', 'B17', 'B156', 'B669']",5.0,S40,4.93,0,6,6,0.0,,-1.142466,-13.935507,-15.077972,False,False,12,S36,True,8,0.4182,delivery,,,,,,,,,,,,,,,,,,,,,,,,,,,,,,,,,,,,,,,,,,,,,,,,,,,,
45,22,14,31,S40,False,0,6,6,0,0,0,1,0,0,['B252'],0.5,S41,4.79,0,7,7,0.0,,-1.932455,-14.005611,-15.938066,True,True,36,S41,True,6,0.9902,do_nothing+depot_removal,,,,,,,,,,,,,,,,,,,,,,,,,,,,,,,,,,,,,,,,,,,,,,,,,,,,
45,22,14,36,S41,False,0,7,7,0,13,1,0,0,0,"['B650', 'B763', 'B203', 'B80', 'B581', 'B335', 'B42', 'B155', 'B153', 'B1', 'B511', 'B247', 'B737']",9.5,S57,9.56,13,7,20,0.0,,-1.28228,-13.981948,-15.264229,True,True,24,S39,True,19,0.5758,pickup+onsite,,,,,,,,,,,,,,,,,,,,,,,,,,,,,,,,,,,,,,,,,,,,,,,,,,,,
45,22,14,55,S57,False,13,7,20,0,0,1,0,0,0,[],3.0,S39,11.04,13,7,20,0.0,,-1.337448,-14.2165,-15.553948,True,True,24,S50,True,8,0.6053,do_nothing+onsite,,,,,,,,,,,,,,,,,,,,,,,,,,,,,,,,,,,,,,,,,,,,,,,,,,,,
45,22,15,9,S39,False,13,7,20,13,0,0,0,0,0,"['B650', 'B763', 'B203', 'B80', 'B581', 'B335', 'B42', 'B155', 'B153', 'B1', 'B511', 'B247', 'B737']",6.5,S53,6.57,0,7,7,0.0,,-1.02391,-13.967936,-14.991846,False,False,12,S57,True,9,0.2887,delivery,,,,,,,,,,,,,,,,,,,,,,,,,,,,,,,,,,,,,,,,,,,,,,,,,,,,
45,22,15,22,S53,False,0,7,7,0,13,0,0,0,0,"['B564', 'B341', 'B628', 'B115', 'B167', 'B70', 'B47', 'B385', 'B195', 'B480', 'B166', 'B131', 'B743']",6.5,S57,4.73,13,7,20,0.0,,-0.826784,-13.738533,-14.565317,False,False,12,S55,True,8,0.2915,pickup,,,,,,,,,,,,,,,,,,,,,,,,,,,,,,,,,,,,,,,,,,,,,,,,,,,,
45,22,15,33,S57,False,13,7,20,13,0,0,0,0,0,"['B564', 'B341', 'B628', 'B115', 'B167', 'B70', 'B47', 'B385', 'B195', 'B480', 'B166', 'B131', 'B743']",6.5,S47,10.97,0,7,7,0.0,,-0.551456,-13.734929,-14.286385,False,False,12,S55,True,8,0.2673,delivery,,,,,,,,,,,,,,,,,,,,,,,,,,,,,,,,,,,,,,,,,,,,,,,,,,,,
45,22,15,51,S47,False,0,7,7,0,12,0,1,0,0,"['B22', 'B118', 'B560', 'B142', 'B429', 'B419', 'B102', 'B675', 'B294', 'B735', 'B206', 'B353', 'B761']",6.5,S55,8.91,12,8,20,0.0,,-0.766364,-13.62993,-14.396294,True,True,30,S26,True,28,0.8127,pickup+depot_removal,,,,,,,,,,,,,,,,,,,,,,,,,,,,,,,,,,,,,,,,,,,,,,,,,,,,
45,22,16,6,S55,False,12,8,20,12,0,0,1,0,0,"['B635', 'B22', 'B118', 'B560', 'B142', 'B429', 'B419', 'B102', 'B675', 'B294', 'B735', 'B206', 'B353']",6.5,S31,6.19,0,9,9,0.0,,-1.202033,-13.858896,-15.060929,True,True,18,S31,False,12,0.391,delivery+depot_removal,,,,,,,,,,,,,,,,,,,,,,,,,,,,,,,,,,,,,,,,,,,,,,,,,,,,
45,22,16,19,S31,False,0,9,9,0,11,1,0,0,0,"['B74', 'B760', 'B432', 'B428', 'B702', 'B296', 'B306', 'B25', 'B591', 'B679', 'B36']",8.5,S27,2.27,11,9,20,0.0,,-0.612832,-13.795275,-14.408107,True,True,24,S12,True,18,0.6437,pickup+onsite,,,,,,,,,,,,,,,,,,,,,,,,,,,,,,,,,,,,,,,,,,,,,,,,,,,,
45,22,16,30,S27,False,11,9,20,11,0,0,0,0,0,"['B74', 'B760', 'B432', 'B428', 'B702', 'B296', 'B306', 'B25', 'B591', 'B679', 'B36']",5.5,S12,10.31,0,9,9,0.0,,-1.243477,-13.724895,-14.968372,False,False,12,S35,True,9,0.2411,delivery,,,,,,,,,,,,,,,,,,,,,,,,,,,,,,,,,,,,,,,,,,,,,,,,,,,,
45,22,16,45,S12,False,0,9,9,0,11,0,0,0,0,"['B148', 'B393', 'B258', 'B138', 'B275', 'B350', 'B127', 'B154', 'B75', 'B81', 'B687']",5.5,S35,9.87,11,9,20,0.0,,-0.984676,-13.868606,-14.853282,False,False,12,S39,True,10,0.2426,pickup,,,,,,,,,,,,,,,,,,,,,,,,,,,,,,,,,,,,,,,,,,,,,,,,,,,,
45,22,17,1,S35,False,11,9,20,11,0,0,0,0,0,"['B148', 'B393', 'B258', 'B138', 'B275', 'B350', 'B127', 'B154', 'B75', 'B81', 'B687']",5.5,S65,10.81,0,9,9,0.0,,-1.203535,-13.668711,-14.872246,False,False,12,S31,True,7,0.2951,delivery,,,,,,,,,,,,,,,,,,,,,,,,,,,,,,,,,,,,,,,,,,,,,,,,,,,,
45,22,17,17,S65,False,0,9,9,0,11,0,0,0,0,"['B395', 'B128', 'B316', 'B664', 'B329', 'B32', 'B361', 'B668', 'B559', 'B340', 'B503']",5.5,S52,6.18,11,9,20,0.0,,-1.006192,-13.526604,-14.532796,True,False,24,S66,True,22,0.5299,pickup,,,,,,,,,,,,,,,,,,,,,,,,,,,,,,,,,,,,,,,,,,,,,,,,,,,,
45,22,17,29,S52,False,11,9,20,11,0,0,0,0,0,"['B395', 'B128', 'B316', 'B664', 'B329', 'B32', 'B361', 'B668', 'B559', 'B340', 'B503']",5.5,S51,4.66,0,9,9,0.0,,-0.511606,-13.448922,-13.960528,False,False,18,S46,True,14,0.3907,delivery,,,,,,,,,,,,,,,,,,,,,,,,,,,,,,,,,,,,,,,,,,,,,,,,,,,,
45,22,17,39,S51,False,0,9,9,0,11,0,0,0,0,"['B73', 'B119', 'B452', 'B621', 'B661', 'B110', 'B713', 'B727', 'B616', 'B510', 'B454']",5.5,S39,7.16,11,9,20,0.0,,-0.650023,-13.415722,-14.065745,False,False,18,S34,True,8,0.3884,pickup,,,,,,,,,,,,,,,,,,,,,,,,,,,,,,,,,,,,,,,,,,,,,,,,,,,,
45,22,17,52,S39,False,11,9,20,11,0,0,0,0,0,"['B73', 'B119', 'B452', 'B621', 'B661', 'B110', 'B713', 'B727', 'B616', 'B510', 'B454']",5.5,S66,4.09,0,9,9,0.0,,-0.887409,-13.316599,-14.204008,False,False,12,S31,True,7,0.3152,delivery,,,,,,,,,,,,,,,,,,,,,,,,,,,,,,,,,,,,,,,,,,,,,,,,,,,,
45,22,18,1,S66,False,0,9,9,0,11,1,0,0,0,"['B270', 'B754', 'B488', 'B674', 'B76', 'B231', 'B688', 'B51', 'B213', 'B106', 'B695']",8.5,S49,3.26,11,9,20,0.0,,-0.573437,-13.537264,-14.110701,True,True,24,S49,False,18,0.6131,pickup+onsite,,,,,,,,,,,,,,,,,,,,,,,,,,,,,,,,,,,,,,,,,,,,,,,,,,,,
45,22,18,13,S49,False,11,9,20,11,0,0,0,0,0,"['B270', 'B754', 'B488', 'B674', 'B76', 'B231', 'B688', 'B51', 'B213', 'B106', 'B695']",5.5,S59,1.68,0,9,9,0.0,,-0.591807,-13.270629,-13.862435,False,False,12,S2,True,8,0.3035,delivery,,,,,,,,,,,,,,,,,,,,,,,,,,,,,,,,,,,,,,,,,,,,,,,,,,,,
45,22,18,20,S59,False,0,9,9,0,11,1,0,0,0,"['B671', 'B190', 'B648', 'B325', 'B322', 'B86', 'B66', 'B30', 'B626', 'B209', 'B682']",8.5,S26,8.38,11,9,20,0.0,,-0.275222,-13.095541,-13.370764,True,True,36,S2,True,20,0.8825,pickup+onsite,,,,,,,,,,,,,,,,,,,,,,,,,,,,,,,,,,,,,,,,,,,,,,,,,,,,
45,22,18,37,S26,False,11,9,20,11,0,0,0,0,0,"['B671', 'B190', 'B648', 'B325', 'B322', 'B86', 'B66', 'B30', 'B626', 'B209', 'B682']",5.5,S2,6.19,0,9,9,0.0,,-0.276228,-12.878327,-13.154555,False,False,12,S16,True,6,0.3037,delivery,,,,,,,,,,,,,,,,,,,,,,,,,,,,,,,,,,,,,,,,,,,,,,,,,,,,
45,22,18,49,S2,False,0,9,9,0,11,0,0,0,0,"['B573', 'B13', 'B555', 'B125', 'B693', 'B557', 'B220', 'B363', 'B317', 'B60', 'B263']",5.5,S50,9.79,11,9,20,0.0,,-0.375902,-12.821193,-13.197094,False,False,12,S13,True,6,0.3145,pickup,,,,,,,,,,,,,,,,,,,,,,,,,,,,,,,,,,,,,,,,,,,,,,,,,,,,
45,22,19,4,S50,False,11,9,20,11,0,0,0,0,0,"['B573', 'B13', 'B555', 'B125', 'B693', 'B557', 'B220', 'B363', 'B317', 'B60', 'B263']",5.5,S19,9.33,0,9,9,0.0,,-0.177309,-12.824452,-13.001761,False,False,12,S29,True,10,0.3128,delivery,,,,,,,,,,,,,,,,,,,,,,,,,,,,,,,,,,,,,,,,,,,,,,,,,,,,
45,22,19,19,S19,False,0,9,9,0,8,0,1,0,0,"['B542', 'B418', 'B221', 'B352', 'B499', 'B276', 'B449', 'B572', 'B537']",4.5,S60,8.7,8,10,18,0.0,,-0.196687,-12.855562,-13.052249,True,True,36,S5,True,31,0.9955,pickup+depot_removal,,,,,,,,,,,,,,,,,,,,,,,,,,,,,,,,,,,,,,,,,,,,,,,,,,,,
45,22,19,32,S60,False,8,10,18,8,0,0,0,0,0,"['B542', 'B418', 'B221', 'B352', 'B499', 'B276', 'B449', 'B572']",4.0,S31,0.89,0,10,10,0.0,,-0.137465,-12.779417,-12.916882,False,False,11,S9,True,6,0.2397,delivery,,,,,,,,,,,,,,,,,,,,,,,,,,,,,,,,,,,,,,,,,,,,,,,,,,,,
45,22,19,37,S31,False,0,10,10,0,10,0,0,0,0,"['B233', 'B92', 'B272', 'B741', 'B748', 'B575', 'B633', 'B324', 'B261', 'B278']",5.0,S61,1.01,10,10,20,0.0,,-0.098717,-12.761746,-12.860462,False,False,9,S62,True,6,0.2049,pickup,,,,,,,,,,,,,,,,,,,,,,,,,,,,,,,,,,,,,,,,,,,,,,,,,,,,
45,22,19,43,S61,False,10,10,20,0,0,0,0,0,0,[],0.0,S46,4.04,10,10,20,0.0,,-0.137213,-12.811187,-12.9484,True,False,9,S46,False,2,0.2344,do_nothing,,,,,,,,,,,,,,,,,,,,,,,,,,,,,,,,,,,,,,,,,,,,,,,,,,,,
45,22,19,47,S46,False,10,10,20,10,0,0,0,0,0,"['B233', 'B92', 'B272', 'B741', 'B748', 'B575', 'B633', 'B324', 'B261', 'B278']",5.0,D0,2.11,0,10,10,0.0,,-0.236736,-13.106426,-13.343163,False,False,2,D0,False,1,0.0799,delivery,,,,,,,,,,,,,,,,,,,,,,,,,,,,,,,,,,,,,,,,,,,,,,,,,,,,
45,22,19,54,D0,True,0,10,10,0,0,0,0,10,12,"['B461', 'B597', 'B565', 'B0', 'B514', 'B403', 'B547', 'B257', 'B722', 'B663', 'B354', 'B456', 'B302', 'B140', 'B237', 'B486', 'B442', 'B651', 'B252', 'B761', 'B635', 'B537']",11.0,D0,0.0,12,0,12,0.0,,-0.157786,-12.855442,-13.013228,True,True,1,D0,False,0,0.0482,do_nothing,,,,,,,,,,,,,,,,,,,,,,,,,,,,,,,,,,,,,,,,,,,,,,,,,,,,
45,23,6,5,D0,True,12,0,12,0,0,0,0,0,0,[],0.0,S55,2.3,12,0,12,0.0,,-2.167776,-14.067166,-16.234942,True,True,5,S43,True,0,0.1078,depot_passthrough,,,,,,,,,,,,,,,,,,,,,,,,,,,,,,,,,,,,,,,,,,,,,,,,,,,,
45,23,6,22,S55,False,12,0,12,0,8,0,0,0,0,"['B423', 'B157', 'B527', 'B533', 'B338', 'B443', 'B202', 'B425']",4.0,S51,5.48,20,0,20,0.0,,-1.359663,-14.120163,-15.479826,False,False,12,S51,False,9,0.3264,pickup,,,,,,,,,,,,,,,,,,,,,,,,,,,,,,,,,,,,,,,,,,,,,,,,,,,,
45,23,6,32,S51,False,20,0,20,19,0,0,0,0,0,"['B461', 'B597', 'B565', 'B0', 'B514', 'B403', 'B547', 'B257', 'B722', 'B663', 'B354', 'B456', 'B423', 'B157', 'B527', 'B533', 'B338', 'B443', 'B202']",9.5,S54,6.18,1,0,1,0.0,,-1.582586,-14.055053,-15.637639,False,False,18,S12,True,7,0.4922,delivery,,,,,,,,,,,,,,,,,,,,,,,,,,,,,,,,,,,,,,,,,,,,,,,,,,,,
45,23,6,48,S54,False,1,0,1,0,17,0,0,0,0,"['B571', 'B186', 'B379', 'B606', 'B59', 'B251', 'B599', 'B689', 'B88', 'B419', 'B644', 'B656', 'B610', 'B369', 'B299', 'B311', 'B633']",8.5,S65,8.42,18,0,18,0.0,,-0.929819,-13.957621,-14.88744,False,False,18,S34,True,14,0.6041,pickup,,,,,,,,,,,,,,,,,,,,,,,,,,,,,,,,,,,,,,,,,,,,,,,,,,,,
45,23,7,4,S65,False,18,0,18,16,0,0,2,0,0,"['B600', 'B160', 'B425', 'B571', 'B186', 'B379', 'B606', 'B59', 'B251', 'B599', 'B689', 'B88', 'B419', 'B644', 'B656', 'B610', 'B369', 'B299']",9.0,S39,5.08,2,2,4,0.0,,-0.690111,-13.525022,-14.215134,True,True,54,S39,False,31,1.5846,delivery+depot_removal,,,,,,,,,,,,,,,,,,,,,,,,,,,,,,,,,,,,,,,,,,,,,,,,,,,,
45,23,7,19,S39,False,2,2,4,0,16,0,0,0,0,"['B661', 'B110', 'B713', 'B727', 'B616', 'B510', 'B454', 'B312', 'B736', 'B211', 'B753', 'B122', 'B714', 'B492', 'B225', 'B169']",8.0,S12,8.6,18,2,20,0.0,,-0.829935,-13.601676,-14.431611,False,False,12,S30,True,9,0.4727,pickup,,,,,,,,,,,,,,,,,,,,,,,,,,,,,,,,,,,,,,,,,,,,,,,,,,,,
45,23,7,35,S12,False,18,2,20,16,0,0,0,0,0,"['B311', 'B633', 'B661', 'B110', 'B713', 'B727', 'B616', 'B510', 'B454', 'B312', 'B736', 'B211', 'B753', 'B122', 'B714', 'B492']",8.0,S63,5.44,2,2,4,0.0,,-0.751094,-13.664348,-14.415442,False,False,18,S49,True,8,0.6452,delivery,,,,,,,,,,,,,,,,,,,,,,,,,,,,,,,,,,,,,,,,,,,,,,,,,,,,
45,23,7,49,S63,False,2,2,4,0,11,2,0,0,0,"['B374', 'B94', 'B197', 'B165', 'B642', 'B511', 'B529', 'B330', 'B700', 'B90', 'B107']",11.5,S32,3.1,13,2,15,0.0,,-0.610633,-13.793565,-14.404198,True,True,108,S49,True,99,3.0201,pickup+onsite,,,,,,,,,,,,,,,,,,,,,,,,,,,,,,,,,,,,,,,,,,,,,,,,,,,,
45,23,8,3,S32,False,13,2,15,0,5,0,0,0,0,"['B643', 'B230', 'B530', 'B424', 'B344']",2.5,S66,6.41,18,2,20,0.0,,-0.433018,-13.993656,-14.426674,False,False,12,S66,False,8,0.3101,pickup,,,,,,,,,,,,,,,,,,,,,,,,,,,,,,,,,,,,,,,,,,,,,,,,,,,,
45,23,8,12,S66,False,18,2,20,12,0,0,0,0,0,"['B225', 'B169', 'B374', 'B94', 'B197', 'B165', 'B642', 'B511', 'B529', 'B330', 'B700', 'B90']",6.0,S54,5.58,6,2,8,0.0,,-0.335402,-13.74741,-14.082812,False,False,18,S27,True,8,0.4677,delivery,,,,,,,,,,,,,,,,,,,,,,,,,,,,,,,,,,,,,,,,,,,,,,,,,,,,
45,23,8,24,S54,False,6,2,8,0,12,0,0,0,0,"['B473', 'B585', 'B278', 'B514', 'B463', 'B766', 'B309', 'B437', 'B365', 'B592', 'B436', 'B521']",6.0,S61,4.83,18,2,20,0.0,,-0.631259,-13.914376,-14.545635,False,False,18,S61,True,8,0.5252,pickup,,,,,,,,,,,,,,,,,,,,,,,,,,,,,,,,,,,,,,,,,,,,,,,,,,,,
45,23,8,34,S61,False,18,2,20,8,0,0,1,0,0,"['B184', 'B107', 'B643', 'B230', 'B530', 'B424', 'B344', 'B473', 'B585']",4.5,S43,3.44,10,3,13,0.0,,-0.591053,-13.81037,-14.401424,True,True,30,S43,False,13,0.8747,delivery+depot_removal,,,,,,,,,,,,,,,,,,,,,,,,,,,,,,,,,,,,,,,,,,,,,,,,,,,,
45,23,8,42,S43,False,10,3,13,10,0,0,1,0,0,"['B38', 'B278', 'B514', 'B463', 'B766', 'B309', 'B437', 'B365', 'B592', 'B436', 'B521']",5.5,S13,12.6,0,4,4,0.0,,-0.452438,-13.678459,-14.130898,True,True,24,S3,True,22,0.7962,delivery+depot_removal,,,,,,,,,,,,,,,,,,,,,,,,,,,,,,,,,,,,,,,,,,,,,,,,,,,,
45,23,9,1,S13,False,0,4,4,0,15,0,0,0,0,"['B103', 'B141', 'B6', 'B767', 'B87', 'B738', 'B109', 'B295', 'B589', 'B407', 'B285', 'B229', 'B602', 'B357', 'B360']",7.5,S27,9.45,15,4,19,0.0,,-0.531435,-13.483754,-14.015189,False,False,18,S7,True,7,0.5651,pickup,,,,,,,,,,,,,,,,,,,,,,,,,,,,,,,,,,,,,,,,,,,,,,,,,,,,
45,23,9,17,S27,False,15,4,19,15,0,0,0,0,0,"['B103', 'B141', 'B6', 'B767', 'B87', 'B738', 'B109', 'B295', 'B589', 'B407', 'B285', 'B229', 'B602', 'B357', 'B360']",7.5,S49,5.16,0,4,4,0.0,,-0.472815,-13.54005,-14.012865,False,False,12,S49,False,6,0.3874,delivery,,,,,,,,,,,,,,,,,,,,,,,,,,,,,,,,,,,,,,,,,,,,,,,,,,,,
45,23,9,30,S49,False,0,4,4,0,11,0,1,0,0,"['B488', 'B674', 'B76', 'B231', 'B688', 'B51', 'B213', 'B106', 'B695', 'B664', 'B329', 'B181']",6.0,S18,2.0,11,5,16,0.0,,-0.74869,-13.585931,-14.334621,True,True,36,S55,True,30,0.9569,pickup+depot_removal,,,,,,,,,,,,,,,,,,,,,,,,,,,,,,,,,,,,,,,,,,,,,,,,,,,,
45,23,9,38,S18,False,11,5,16,11,0,0,1,0,0,"['B625', 'B488', 'B674', 'B76', 'B231', 'B688', 'B51', 'B213', 'B106', 'B695', 'B664', 'B329']",6.0,S52,2.22,0,6,6,0.0,,-0.612729,-13.536214,-14.148943,True,True,24,S52,False,18,0.6327,delivery+depot_removal,,,,,,,,,,,,,,,,,,,,,,,,,,,,,,,,,,,,,,,,,,,,,,,,,,,,
45,23,9,46,S52,False,0,6,6,0,0,0,0,0,0,[],0.0,S55,3.9,0,6,6,0.0,,-0.533638,-13.406037,-13.939675,False,False,18,S55,False,0,0.4823,do_nothing,,,,,,,,,,,,,,,,,,,,,,,,,,,,,,,,,,,,,,,,,,,,,,,,,,,,
45,23,9,50,S55,False,0,6,6,0,14,0,0,0,0,"['B676', 'B717', 'B491', 'B348', 'B262', 'B622', 'B148', 'B735', 'B9', 'B654', 'B133', 'B277', 'B432', 'B403']",7.0,S26,6.67,14,6,20,0.0,,-0.789238,-13.422071,-14.211309,False,False,12,S26,False,6,0.334,pickup,,,,,,,,,,,,,,,,,,,,,,,,,,,,,,,,,,,,,,,,,,,,,,,,,,,,
45,23,10,4,S26,False,14,6,20,14,0,0,0,0,0,"['B676', 'B717', 'B491', 'B348', 'B262', 'B622', 'B148', 'B735', 'B9', 'B654', 'B133', 'B277', 'B432', 'B403']",7.0,S52,7.0,0,6,6,0.0,,-0.612126,-13.228351,-13.840476,False,False,12,S37,True,7,0.3507,delivery,,,,,,,,,,,,,,,,,,,,,,,,,,,,,,,,,,,,,,,,,,,,,,,,,,,,
45,23,10,18,S52,False,0,6,6,0,10,0,0,0,0,"['B649', 'B44', 'B461', 'B590', 'B19', 'B765', 'B157', 'B689', 'B143', 'B26']",5.0,S15,4.21,10,6,16,0.0,,-0.373696,-13.116593,-13.490289,False,False,18,S37,True,16,0.4852,pickup,,,,,,,,,,,,,,,,,,,,,,,,,,,,,,,,,,,,,,,,,,,,,,,,,,,,
45,23,10,27,S15,False,10,6,16,10,0,0,0,0,0,"['B649', 'B44', 'B461', 'B590', 'B19', 'B765', 'B157', 'B689', 'B143', 'B26']",5.0,S37,4.99,0,6,6,0.0,,-0.570425,-13.262555,-13.832981,False,False,12,S36,True,8,0.33,delivery,,,,,,,,,,,,,,,,,,,,,,,,,,,,,,,,,,,,,,,,,,,,,,,,,,,,
45,23,10,37,S37,False,0,6,6,0,14,1,0,0,0,"['B42', 'B116', 'B247', 'B737', 'B552', 'B452', 'B380', 'B354', 'B104', 'B571', 'B423', 'B298', 'B533', 'B500']",10.0,S54,4.98,14,6,20,0.0,,-0.453538,-13.368272,-13.82181,True,True,36,S5,True,19,1.0758,pickup+onsite,,,,,,,,,,,,,,,,,,,,,,,,,,,,,,,,,,,,,,,,,,,,,,,,,,,,
45,23,10,52,S54,False,14,6,20,14,0,0,0,0,0,"['B42', 'B116', 'B247', 'B737', 'B552', 'B452', 'B380', 'B354', 'B104', 'B571', 'B423', 'B298', 'B533', 'B500']",7.0,S36,4.67,0,6,6,0.0,,-0.511563,-13.369496,-13.88106,False,False,18,S31,True,12,0.5637,delivery,,,,,,,,,,,,,,,,,,,,,,,,,,,,,,,,,,,,,,,,,,,,,,,,,,,,
45,23,11,4,S36,False,0,6,6,0,9,1,1,0,0,"['B494', 'B65', 'B577', 'B683', 'B449', 'B658', 'B21', 'B274', 'B11', 'B485']",8.0,S6,15.23,9,7,16,0.0,,-0.414245,-13.587372,-14.001617,True,True,72,S3,True,69,1.7221,pickup+maintenance,,,,,,,,,,,,,,,,,,,,,,,,,,,,,,,,,,,,,,,,,,,,,,,,,,,,
45,23,11,27,S6,False,9,7,16,9,0,1,0,0,0,"['B494', 'B65', 'B577', 'B683', 'B449', 'B658', 'B21', 'B274', 'B11']",7.5,S3,14.06,0,7,7,0.0,,-0.255102,-13.547298,-13.8024,True,True,24,S3,False,18,0.573,delivery+onsite,,,,,,,,,,,,,,,,,,,,,,,,,,,,,,,,,,,,,,,,,,,,,,,,,,,,
45,23,11,49,S3,False,0,7,7,0,10,0,0,0,0,"['B509', 'B698', 'B516', 'B460', 'B588', 'B150', 'B35', 'B561', 'B400', 'B62']",5.0,S34,5.25,10,7,17,0.0,,-0.354177,-13.56891,-13.923087,False,False,18,S32,True,13,0.4621,pickup,,,,,,,,,,,,,,,,,,,,,,,,,,,,,,,,,,,,,,,,,,,,,,,,,,,,
45,23,11,59,S34,False,10,7,17,10,0,0,0,0,0,"['B509', 'B698', 'B516', 'B460', 'B588', 'B150', 'B35', 'B561', 'B400', 'B62']",5.0,S32,4.62,0,7,7,0.0,,-0.610181,-13.591716,-14.201898,False,False,12,S32,False,6,0.3555,delivery,,,,,,,,,,,,,,,,,,,,,,,,,,,,,,,,,,,,,,,,,,,,,,,,,,,,
45,23,12,8,S32,False,0,7,7,0,13,0,0,0,0,"['B748', 'B5', 'B30', 'B652', 'B723', 'B162', 'B92', 'B474', 'B763', 'B193', 'B333', 'B258', 'B161']",6.5,S29,3.29,13,7,20,0.0,,-0.395224,-13.495449,-13.890673,False,False,18,S29,True,6,0.4941,pickup,,,,,,,,,,,,,,,,,,,,,,,,,,,,,,,,,,,,,,,,,,,,,,,,,,,,
45,23,12,18,S29,False,13,7,20,13,0,0,0,0,0,"['B748', 'B5', 'B30', 'B652', 'B723', 'B162', 'B92', 'B474', 'B763', 'B193', 'B333', 'B258', 'B161']",6.5,S66,6.29,0,7,7,0.0,,-0.451587,-13.513291,-13.964878,False,False,12,S66,False,6,0.3533,delivery,,,,,,,,,,,,,,,,,,,,,,,,,,,,,,,,,,,,,,,,,,,,,,,,,,,,
45,23,12,31,S66,False,0,7,7,0,13,0,0,0,0,"['B563', 'B517', 'B132', 'B190', 'B501', 'B458', 'B661', 'B61', 'B672', 'B746', 'B328', 'B71', 'B301']",6.5,S22,4.43,13,7,20,0.0,,-0.470368,-13.571945,-14.042313,False,False,12,S12,True,6,0.4008,pickup,,,,,,,,,,,,,,,,,,,,,,,,,,,,,,,,,,,,,,,,,,,,,,,,,,,,
45,23,12,42,S22,False,13,7,20,0,0,0,0,0,0,[],0.0,S54,9.78,13,7,20,0.0,,-0.710564,-13.5994,-14.309964,True,False,18,S30,True,1,0.5132,do_nothing,,,,,,,,,,,,,,,,,,,,,,,,,,,,,,,,,,,,,,,,,,,,,,,,,,,,
45,23,12,52,S54,False,13,7,20,13,0,0,0,0,0,"['B563', 'B517', 'B132', 'B190', 'B501', 'B458', 'B661', 'B61', 'B672', 'B746', 'B328', 'B71', 'B301']",6.5,S12,8.01,0,7,7,0.0,,-0.394566,-13.505207,-13.899773,False,False,12,S32,True,6,0.452,delivery,,,,,,,,,,,,,,,,,,,,,,,,,,,,,,,,,,,,,,,,,,,,,,,,,,,,
45,23,13,6,S12,False,0,7,7,0,13,0,0,0,0,"['B510', 'B454', 'B312', 'B736', 'B211', 'B753', 'B122', 'B714', 'B492', 'B444', 'B43', 'B17', 'B75']",6.5,S50,10.53,13,7,20,0.0,,-0.691831,-13.307471,-13.999302,False,False,12,S50,False,6,0.3702,pickup,,,,,,,,,,,,,,,,,,,,,,,,,,,,,,,,,,,,,,,,,,,,,,,,,,,,
45,23,13,23,S50,False,13,7,20,13,0,0,0,0,0,"['B510', 'B454', 'B312', 'B736', 'B211', 'B753', 'B122', 'B714', 'B492', 'B444', 'B43', 'B17', 'B75']",6.5,S47,9.95,0,7,7,0.0,,-0.532783,-13.337038,-13.869822,False,False,12,S47,False,6,0.3898,delivery,,,,,,,,,,,,,,,,,,,,,,,,,,,,,,,,,,,,,,,,,,,,,,,,,,,,
45,23,13,40,S47,False,0,7,7,0,0,0,0,0,0,[],0.0,S51,9.57,0,7,7,0.0,,-1.20114,-13.51751,-14.71865,False,False,12,S55,True,2,0.3752,do_nothing,,,,,,,,,,,,,,,,,,,,,,,,,,,,,,,,,,,,,,,,,,,,,,,,,,,,
45,23,13,49,S51,False,0,7,7,0,13,0,0,0,0,"['B247', 'B112', 'B104', 'B84', 'B202', 'B176', 'B513', 'B14', 'B551', 'B91', 'B155', 'B675', 'B206']",6.5,S55,5.48,13,7,20,0.0,,-1.377237,-13.568615,-14.945853,False,False,12,S66,True,6,0.4094,pickup,,,,,,,,,,,,,,,,,,,,,,,,,,,,,,,,,,,,,,,,,,,,,,,,,,,,
45,23,14,1,S55,False,13,7,20,13,0,0,0,0,0,"['B247', 'B112', 'B104', 'B84', 'B202', 'B176', 'B513', 'B14', 'B551', 'B91', 'B155', 'B675', 'B206']",6.5,S66,6.13,0,7,7,0.0,,-1.731766,-13.784397,-15.516164,False,False,12,S32,True,6,0.3828,delivery,,,,,,,,,,,,,,,,,,,,,,,,,,,,,,,,,,,,,,,,,,,,,,,,,,,,
45,23,14,14,S66,False,0,7,7,0,13,0,0,0,0,"['B430', 'B459', 'B363', 'B529', 'B560', 'B748', 'B637', 'B70', 'B83', 'B166', 'B525', 'B387', 'B652']",6.5,S17,7.34,13,7,20,0.0,,-1.382899,-13.475362,-14.858261,False,False,12,S47,True,7,0.3818,pickup,,,,,,,,,,,,,,,,,,,,,,,,,,,,,,,,,,,,,,,,,,,,,,,,,,,,
45,23,14,28,S17,False,13,7,20,13,0,0,0,0,0,"['B430', 'B459', 'B363', 'B529', 'B560', 'B748', 'B637', 'B70', 'B83', 'B166', 'B525', 'B387', 'B652']",6.5,S61,7.88,0,7,7,0.0,,-1.064121,-13.638464,-14.702584,False,False,12,S38,True,7,0.3775,delivery,,,,,,,,,,,,,,,,,,,,,,,,,,,,,,,,,,,,,,,,,,,,,,,,,,,,
45,23,14,42,S61,False,0,7,7,0,9,0,0,0,0,"['B187', 'B766', 'B661', 'B147', 'B723', 'B87', 'B3', 'B31', 'B752']",4.5,S27,2.28,9,7,16,0.0,,-1.384252,-13.900268,-15.28452,False,False,18,S62,True,12,0.5136,pickup,,,,,,,,,,,,,,,,,,,,,,,,,,,,,,,,,,,,,,,,,,,,,,,,,,,,
45,23,14,49,S27,False,9,7,16,9,0,0,0,0,0,"['B187', 'B766', 'B661', 'B147', 'B723', 'B87', 'B3', 'B31', 'B752']",4.5,S35,6.86,0,7,7,0.0,,-1.736711,-13.841131,-15.577842,False,False,12,S35,False,7,0.4184,delivery,,,,,,,,,,,,,,,,,,,,,,,,,,,,,,,,,,,,,,,,,,,,,,,,,,,,
45,23,15,0,S35,False,0,7,7,0,8,0,1,0,0,"['B189', 'B470', 'B731', 'B644', 'B663', 'B95', 'B209', 'B587', 'B69']",4.5,S38,9.81,8,8,16,0.0,,-1.004441,-13.501037,-14.505478,True,True,36,S62,True,22,0.898,pickup+depot_removal,,,,,,,,,,,,,,,,,,,,,,,,,,,,,,,,,,,,,,,,,,,,,,,,,,,,
45,23,15,15,S38,False,8,8,16,8,0,0,0,0,0,"['B189', 'B470', 'B731', 'B644', 'B663', 'B95', 'B209', 'B587']",4.0,S62,4.41,0,8,8,0.0,,-1.124132,-13.402635,-14.526767,False,False,12,S47,True,8,0.2755,delivery,,,,,,,,,,,,,,,,,,,,,,,,,,,,,,,,,,,,,,,,,,,,,,,,,,,,
45,23,15,23,S62,False,0,8,8,0,0,0,0,0,0,[],0.0,S54,2.78,0,8,8,0.0,,-0.688269,-13.436317,-14.124586,False,False,12,S39,True,3,0.2809,do_nothing,,,,,,,,,,,,,,,,,,,,,,,,,,,,,,,,,,,,,,,,,,,,,,,,,,,,
45,23,15,26,S54,False,0,8,8,0,12,0,0,0,0,"['B74', 'B719', 'B474', 'B327', 'B368', 'B262', 'B396', 'B558', 'B668', 'B435', 'B429', 'B457']",6.0,S32,2.05,12,8,20,0.0,,-0.927249,-13.312753,-14.240002,False,False,18,S62,True,7,0.3886,pickup,,,,,,,,,,,,,,,,,,,,,,,,,,,,,,,,,,,,,,,,,,,,,,,,,,,,
45,23,15,34,S32,False,12,8,20,12,0,0,0,0,0,"['B74', 'B719', 'B474', 'B327', 'B368', 'B262', 'B396', 'B558', 'B668', 'B435', 'B429', 'B457']",6.0,S47,9.1,0,8,8,0.0,,-0.334398,-13.221076,-13.555474,False,False,12,S41,True,7,0.2847,delivery,,,,,,,,,,,,,,,,,,,,,,,,,,,,,,,,,,,,,,,,,,,,,,,,,,,,
45,23,15,49,S47,False,0,8,8,0,12,0,0,0,0,"['B114', 'B1', 'B170', 'B564', 'B469', 'B219', 'B89', 'B115', 'B261', 'B257', 'B25', 'B64']",6.0,S35,11.02,12,8,20,0.0,,-0.848353,-13.511941,-14.360293,False,False,12,S39,True,8,0.2723,pickup,,,,,,,,,,,,,,,,,,,,,,,,,,,,,,,,,,,,,,,,,,,,,,,,,,,,
45,23,16,6,S35,False,12,8,20,12,0,0,0,0,0,"['B114', 'B1', 'B170', 'B564', 'B469', 'B219', 'B89', 'B115', 'B261', 'B257', 'B25', 'B64']",6.0,S41,9.63,0,8,8,0.0,,-0.946771,-13.411893,-14.358663,False,False,18,S11,True,12,0.4213,delivery,,,,,,,,,,,,,,,,,,,,,,,,,,,,,,,,,,,,,,,,,,,,,,,,,,,,
45,23,16,22,S41,False,0,8,8,0,12,1,0,0,0,"['B316', 'B695', 'B499', 'B416', 'B342', 'B706', 'B669', 'B618', 'B106', 'B15', 'B161', 'B116']",9.0,S26,6.65,12,8,20,0.0,,-0.51221,-13.289206,-13.801417,True,True,24,S26,False,18,0.7607,pickup+onsite,,,,,,,,,,,,,,,,,,,,,,,,,,,,,,,,,,,,,,,,,,,,,,,,,,,,
45,23,16,37,S26,False,12,8,20,12,0,0,0,0,0,"['B316', 'B695', 'B499', 'B416', 'B342', 'B706', 'B669', 'B618', 'B106', 'B15', 'B161', 'B116']",6.0,S62,5.52,0,8,8,0.0,,-1.006449,-13.30317,-14.309618,False,False,12,S27,True,6,0.349,delivery,,,,,,,,,,,,,,,,,,,,,,,,,,,,,,,,,,,,,,,,,,,,,,,,,,,,
45,23,16,49,S62,False,0,8,8,0,12,0,0,0,0,"['B230', 'B275', 'B191', 'B348', 'B493', 'B640', 'B125', 'B295', 'B388', 'B67', 'B340', 'B693']",6.0,S27,2.6,12,8,20,0.0,,-0.870092,-13.354509,-14.224601,False,False,12,S29,True,8,0.3382,pickup,,,,,,,,,,,,,,,,,,,,,,,,,,,,,,,,,,,,,,,,,,,,,,,,,,,,
45,23,16,57,S27,False,12,8,20,12,0,0,0,0,0,"['B230', 'B275', 'B191', 'B348', 'B493', 'B640', 'B125', 'B295', 'B388', 'B67', 'B340', 'B693']",6.0,S63,4.87,0,8,8,0.0,,-1.063621,-13.343227,-14.406848,False,False,12,S63,False,6,0.3417,delivery,,,,,,,,,,,,,,,,,,,,,,,,,,,,,,,,,,,,,,,,,,,,,,,,,,,,
45,23,17,8,S63,False,0,8,8,0,12,1,0,0,0,"['B730', 'B709', 'B141', 'B34', 'B338', 'B744', 'B606', 'B182', 'B98', 'B215', 'B267', 'B488']",9.0,S51,3.43,12,8,20,0.0,,-0.511403,-13.307668,-13.819071,True,True,36,S43,True,31,1.2547,pickup+onsite,,,,,,,,,,,,,,,,,,,,,,,,,,,,,,,,,,,,,,,,,,,,,,,,,,,,
45,23,17,21,S51,False,12,8,20,11,0,0,0,0,0,"['B730', 'B709', 'B141', 'B34', 'B338', 'B744', 'B606', 'B182', 'B98', 'B215', 'B267']",5.5,S43,3.12,1,8,9,0.0,,-0.413189,-13.231338,-13.644527,False,False,18,S29,True,6,0.4854,delivery,,,,,,,,,,,,,,,,,,,,,,,,,,,,,,,,,,,,,,,,,,,,,,,,,,,,
45,23,17,29,S43,False,1,8,9,0,11,0,0,0,0,"['B42', 'B701', 'B595', 'B443', 'B633', 'B341', 'B563', 'B716', 'B383', 'B575', 'B528']",5.5,S48,3.81,12,8,20,0.0,,-0.493885,-13.134713,-13.628597,False,False,12,S48,False,8,0.2883,pickup,,,,,,,,,,,,,,,,,,,,,,,,,,,,,,,,,,,,,,,,,,,,,,,,,,,,
45,23,17,39,S48,False,12,8,20,12,0,0,0,0,0,"['B488', 'B42', 'B701', 'B595', 'B443', 'B633', 'B341', 'B563', 'B716', 'B383', 'B575', 'B528']",6.0,S23,12.62,0,8,8,0.0,,-0.493293,-13.230184,-13.723477,False,False,18,S36,True,13,0.5254,delivery,,,,,,,,,,,,,,,,,,,,,,,,,,,,,,,,,,,,,,,,,,,,,,,,,,,,
45,23,17,57,S23,False,0,8,8,0,8,1,1,0,0,"['B293', 'B107', 'B722', 'B353', 'B433', 'B649', 'B676', 'B306', 'B657']",7.5,S36,12.13,8,9,17,0.0,,-0.156788,-13.173981,-13.33077,True,True,72,S37,True,46,1.7321,pickup+maintenance,,,,,,,,,,,,,,,,,,,,,,,,,,,,,,,,,,,,,,,,,,,,,,,,,,,,
45,23,18,17,S36,False,8,9,17,0,0,0,0,0,0,[],0.0,S19,2.19,8,9,17,0.0,,-0.276182,-13.153286,-13.429468,True,False,36,S19,True,2,0.8347,do_nothing,,,,,,,,,,,,,,,,,,,,,,,,,,,,,,,,,,,,,,,,,,,,,,,,,,,,
45,23,18,19,S19,False,8,9,17,8,0,0,1,0,0,"['B508', 'B293', 'B107', 'B722', 'B353', 'B433', 'B649', 'B676', 'B306']",4.5,S62,6.84,0,10,10,0.0,,-0.432322,-13.028062,-13.460385,True,True,36,S0,True,19,0.8075,delivery+depot_removal,,,,,,,,,,,,,,,,,,,,,,,,,,,,,,,,,,,,,,,,,,,,,,,,,,,,
45,23,18,30,S62,False,0,10,10,0,10,0,0,0,0,"['B236', 'B589', 'B465', 'B427', 'B419', 'B611', 'B392', 'B204', 'B75', 'B46']",5.0,S29,3.79,10,10,20,0.0,,-0.117592,-13.094304,-13.211897,False,False,12,S29,False,6,0.2545,pickup,,,,,,,,,,,,,,,,,,,,,,,,,,,,,,,,,,,,,,,,,,,,,,,,,,,,
45,23,18,39,S29,False,10,10,20,10,0,0,0,0,0,"['B236', 'B589', 'B465', 'B427', 'B419', 'B611', 'B392', 'B204', 'B75', 'B46']",5.0,S31,6.48,0,10,10,0.0,,-0.17831,-13.040458,-13.218768,False,False,12,S0,True,6,0.3084,delivery,,,,,,,,,,,,,,,,,,,,,,,,,,,,,,,,,,,,,,,,,,,,,,,,,,,,
45,23,18,51,S31,False,0,10,10,0,10,0,0,0,0,"['B73', 'B292', 'B208', 'B310', 'B172', 'B211', 'B49', 'B661', 'B526', 'B463']",5.0,S56,7.22,10,10,20,0.0,,-0.609624,-13.170709,-13.780333,False,False,12,S48,True,10,0.4875,pickup,,,,,,,,,,,,,,,,,,,,,,,,,,,,,,,,,,,,,,,,,,,,,,,,,,,,
45,23,19,3,S56,False,10,10,20,0,0,1,0,0,0,[],3.0,S54,1.7,10,10,20,0.0,,-0.277135,-13.495151,-13.772287,True,True,54,S54,True,8,1.1024,do_nothing+onsite,,,,,,,,,,,,,,,,,,,,,,,,,,,,,,,,,,,,,,,,,,,,,,,,,,,,
45,23,19,8,S54,False,10,10,20,10,0,0,0,0,0,"['B73', 'B292', 'B208', 'B310', 'B172', 'B211', 'B49', 'B661', 'B526', 'B463']",5.0,S64,6.09,0,10,10,0.0,,-0.629451,-13.503393,-14.132844,False,False,12,S65,True,10,0.283,delivery,,,,,,,,,,,,,,,,,,,,,,,,,,,,,,,,,,,,,,,,,,,,,,,,,,,,
45,23,19,19,S64,False,0,10,10,0,0,0,0,0,0,[],0.0,S30,2.73,0,10,10,0.0,,-0.274824,-13.44798,-13.722804,False,False,18,S48,True,1,0.4868,do_nothing,,,,,,,,,,,,,,,,,,,,,,,,,,,,,,,,,,,,,,,,,,,,,,,,,,,,
45,23,19,21,S30,False,0,10,10,0,8,2,1,0,0,"['B641', 'B496', 'B731', 'B378', 'B587', 'B407', 'B84', 'B429', 'B615']",10.5,S4,3.83,8,11,19,0.0,,-0.315576,-13.332229,-13.647805,True,True,108,S48,True,68,2.3422,pickup+maintenance,,,,,,,,,,,,,,,,,,,,,,,,,,,,,,,,,,,,,,,,,,,,,,,,,,,,
45,23,19,36,S4,False,8,11,19,8,0,0,0,0,0,"['B641', 'B496', 'B731', 'B378', 'B587', 'B407', 'B84', 'B429']",4.0,S65,5.15,0,11,11,0.0,,-0.257006,-13.379624,-13.63663,True,False,18,S39,True,11,0.4024,delivery,,,,,,,,,,,,,,,,,,,,,,,,,,,,,,,,,,,,,,,,,,,,,,,,,,,,
45,23,19,45,S65,False,0,11,11,0,0,0,0,0,0,[],0.0,S2,1.06,0,11,11,0.0,,-0.273882,-13.40666,-13.680542,True,False,4,D0,True,0,0.1236,do_nothing,,,,,,,,,,,,,,,,,,,,,,,,,,,,,,,,,,,,,,,,,,,,,,,,,,,,
45,23,19,46,S2,False,0,11,11,0,9,0,0,0,0,"['B702', 'B59', 'B80', 'B221', 'B66', 'B756', 'B265', 'B379', 'B349']",4.5,D0,3.53,9,11,20,0.0,,-0.196934,-13.501104,-13.698039,False,False,2,D0,False,1,0.0683,pickup,,,,,,,,,,,,,,,,,,,,,,,,,,,,,,,,,,,,,,,,,,,,,,,,,,,,
45,23,19,54,D0,True,9,11,20,0,0,0,0,11,0,"['B600', 'B160', 'B184', 'B38', 'B181', 'B625', 'B485', 'B69', 'B657', 'B508', 'B615']",5.5,D0,0.0,9,0,9,0.0,,-0.452142,-13.562016,-14.014158,True,True,1,D0,False,0,0.0401,do_nothing,,,,,,,,,,,,,,,,,,,,,,,,,,,,,,,,,,,,,,,,,,,,,,,,,,,,
45,24,6,14,D0,True,9,0,9,0,0,0,0,0,10,"['B302', 'B140', 'B237', 'B486', 'B442', 'B651', 'B252', 'B761', 'B635', 'B537']",5.0,S66,1.4,19,0,19,0.0,,-2.343839,-14.155288,-16.499128,True,True,5,S66,False,1,0.1469,load_queue,,,,,,,,,,,,,,,,,,,,,,,,,,,,,,,,,,,,,,,,,,,,,,,,,,,,
45,24,6,36,S66,False,19,0,19,19,0,0,1,0,0,"['B464', 'B702', 'B59', 'B80', 'B221', 'B66', 'B756', 'B265', 'B379', 'B349', 'B302', 'B140', 'B237', 'B486', 'B442', 'B651', 'B252', 'B761', 'B635', 'B537']",10.0,S37,3.07,0,1,1,0.0,,-2.58504,-14.514445,-17.099484,True,True,24,S54,True,18,0.6761,delivery+depot_removal,,,,,,,,,,,,,,,,,,,,,,,,,,,,,,,,,,,,,,,,,,,,,,,,,,,,
45,24,6,49,S37,False,0,1,1,0,19,1,0,0,0,"['B700', 'B409', 'B644', 'B246', 'B240', 'B228', 'B608', 'B456', 'B138', 'B194', 'B454', 'B509', 'B307', 'B0', 'B338', 'B210', 'B490', 'B574', 'B721']",12.5,S65,5.89,19,1,20,0.0,,-2.922368,-14.502538,-17.424906,True,True,24,S65,False,18,0.627,pickup+onsite,,,,,,,,,,,,,,,,,,,,,,,,,,,,,,,,,,,,,,,,,,,,,,,,,,,,
45,24,7,7,S65,False,19,1,20,17,0,0,0,0,0,"['B700', 'B409', 'B644', 'B246', 'B240', 'B228', 'B608', 'B456', 'B138', 'B194', 'B454', 'B509', 'B307', 'B0', 'B338', 'B210', 'B490']",8.5,S54,8.42,2,1,3,0.0,,-1.658178,-14.179679,-15.837856,True,False,30,S47,True,7,0.8226,delivery,,,,,,,,,,,,,,,,,,,,,,,,,,,,,,,,,,,,,,,,,,,,,,,,,,,,
45,24,7,24,S54,False,2,1,3,0,17,0,0,0,0,"['B123', 'B227', 'B323', 'B405', 'B458', 'B573', 'B236', 'B289', 'B638', 'B174', 'B493', 'B675', 'B17', 'B740', 'B61', 'B484', 'B670']",8.5,S15,3.9,19,1,20,0.0,,-1.538923,-14.08334,-15.622264,False,False,12,S62,True,6,0.3085,pickup,,,,,,,,,,,,,,,,,,,,,,,,,,,,,,,,,,,,,,,,,,,,,,,,,,,,
45,24,7,37,S15,False,19,1,20,19,0,0,0,0,0,"['B574', 'B721', 'B123', 'B227', 'B323', 'B405', 'B458', 'B573', 'B236', 'B289', 'B638', 'B174', 'B493', 'B675', 'B17', 'B740', 'B61', 'B484', 'B670']",9.5,S33,3.7,0,1,1,0.0,,-1.598048,-14.039884,-15.637932,False,False,12,S41,True,6,0.3031,delivery,,,,,,,,,,,,,,,,,,,,,,,,,,,,,,,,,,,,,,,,,,,,,,,,,,,,
45,24,7,50,S33,False,0,1,1,0,17,0,0,0,0,"['B28', 'B626', 'B193', 'B258', 'B192', 'B167', 'B665', 'B119', 'B199', 'B634', 'B118', 'B102', 'B107', 'B234', 'B677', 'B648', 'B432']",8.5,S41,4.4,17,1,18,0.0,,-1.048198,-13.906599,-14.954798,False,False,18,S52,True,16,0.4352,pickup,,,,,,,,,,,,,,,,,,,,,,,,,,,,,,,,,,,,,,,,,,,,,,,,,,,,
45,24,8,3,S41,False,17,1,18,17,0,0,0,0,0,"['B28', 'B626', 'B193', 'B258', 'B192', 'B167', 'B665', 'B119', 'B199', 'B634', 'B118', 'B102', 'B107', 'B234', 'B677', 'B648', 'B432']",8.5,S47,1.45,0,1,1,0.0,,-1.221108,-14.018232,-15.23934,False,False,12,S47,False,10,0.3523,delivery,,,,,,,,,,,,,,,,,,,,,,,,,,,,,,,,,,,,,,,,,,,,,,,,,,,,
45,24,8,13,S47,False,0,1,1,0,13,1,0,0,0,"['B565', 'B725', 'B97', 'B91', 'B556', 'B112', 'B671', 'B25', 'B171', 'B604', 'B270', 'B501', 'B205']",9.5,S61,3.69,13,1,14,0.0,,-0.707751,-13.94687,-14.654621,True,True,36,S5,True,22,1.0514,pickup+onsite,,,,,,,,,,,,,,,,,,,,,,,,,,,,,,,,,,,,,,,,,,,,,,,,,,,,
45,24,8,26,S61,False,13,1,14,9,0,0,0,0,0,"['B565', 'B725', 'B97', 'B91', 'B556', 'B112', 'B671', 'B25', 'B171']",4.5,S32,5.42,4,1,5,0.0,,-0.550516,-13.961459,-14.511974,True,False,36,S62,True,13,0.8803,delivery,,,,,,,,,,,,,,,,,,,,,,,,,,,,,,,,,,,,,,,,,,,,,,,,,,,,
45,24,8,36,S32,False,4,1,5,0,15,0,0,0,0,"['B285', 'B147', 'B609', 'B315', 'B178', 'B92', 'B262', 'B14', 'B267', 'B331', 'B747', 'B96', 'B345', 'B727', 'B578']",7.5,S51,4.37,19,1,20,0.0,,-0.922254,-13.930588,-14.852842,False,False,18,S16,True,10,0.4706,pickup,,,,,,,,,,,,,,,,,,,,,,,,,,,,,,,,,,,,,,,,,,,,,,,,,,,,
45,24,8,48,S51,False,19,1,20,11,0,0,0,0,0,"['B604', 'B270', 'B501', 'B205', 'B285', 'B147', 'B609', 'B315', 'B178', 'B92', 'B262']",5.5,S62,5.81,8,1,9,0.0,,-0.865136,-14.00101,-14.866146,False,False,18,S62,False,6,0.4578,delivery,,,,,,,,,,,,,,,,,,,,,,,,,,,,,,,,,,,,,,,,,,,,,,,,,,,,
45,24,8,59,S62,False,8,1,9,8,0,0,0,0,0,"['B14', 'B267', 'B331', 'B747', 'B96', 'B345', 'B727', 'B578']",4.0,S55,3.22,0,1,1,0.0,,-0.491688,-13.956613,-14.448301,False,False,12,S55,False,6,0.3127,delivery,,,,,,,,,,,,,,,,,,,,,,,,,,,,,,,,,,,,,,,,,,,,,,,,,,,,
45,24,9,6,S55,False,0,1,1,0,19,0,0,0,0,"['B175', 'B536', 'B7', 'B49', 'B206', 'B692', 'B422', 'B716', 'B557', 'B571', 'B186', 'B731', 'B179', 'B337', 'B722', 'B528', 'B76', 'B346', 'B249']",9.5,S22,10.44,19,1,20,0.0,,-0.650574,-13.670539,-14.321113,False,False,18,S42,True,16,0.585,pickup,,,,,,,,,,,,,,,,,,,,,,,,,,,,,,,,,,,,,,,,,,,,,,,,,,,,
45,24,9,26,S22,False,19,1,20,14,0,0,1,0,0,"['B398', 'B175', 'B536', 'B7', 'B49', 'B206', 'B692', 'B422', 'B716', 'B557', 'B571', 'B186', 'B731', 'B179', 'B337']",7.5,S42,13.14,5,2,7,0.0,,-0.35467,-13.849703,-14.204373,True,True,30,S27,True,26,0.8541,delivery+depot_removal,,,,,,,,,,,,,,,,,,,,,,,,,,,,,,,,,,,,,,,,,,,,,,,,,,,,
45,24,9,47,S42,False,5,2,7,5,0,0,3,0,0,"['B130', 'B520', 'B278', 'B722', 'B528', 'B76', 'B346', 'B249']",4.0,S1,1.19,0,5,5,0.0,,-0.492444,-13.818335,-14.310778,True,True,48,S1,False,42,1.2133,delivery+depot_removal,,,,,,,,,,,,,,,,,,,,,,,,,,,,,,,,,,,,,,,,,,,,,,,,,,,,
45,24,9,52,S1,False,0,5,5,0,14,1,0,0,0,"['B93', 'B631', 'B444', 'B766', 'B649', 'B624', 'B154', 'B141', 'B163', 'B71', 'B730', 'B159', 'B527', 'B378']",10.0,S27,7.34,14,5,19,0.0,,-0.355021,-13.613211,-13.968233,True,True,24,S62,True,19,0.6746,pickup+onsite,,,,,,,,,,,,,,,,,,,,,,,,,,,,,,,,,,,,,,,,,,,,,,,,,,,,
45,24,10,9,S27,False,14,5,19,11,0,0,0,0,0,"['B93', 'B631', 'B444', 'B766', 'B649', 'B624', 'B154', 'B141', 'B163', 'B71', 'B730']",5.5,S58,4.81,3,5,8,0.0,,-0.372897,-14.048195,-14.421092,False,False,18,S38,True,7,0.526,delivery,,,,,,,,,,,,,,,,,,,,,,,,,,,,,,,,,,,,,,,,,,,,,,,,,,,,
45,24,10,20,S58,False,3,5,8,0,12,1,0,0,0,"['B266', 'B245', 'B714', 'B610', 'B3', 'B54', 'B682', 'B391', 'B251', 'B668', 'B30', 'B383']",9.0,S38,1.38,15,5,20,0.0,,-0.491934,-14.02689,-14.518824,True,True,24,S38,False,18,0.5336,pickup+onsite,,,,,,,,,,,,,,,,,,,,,,,,,,,,,,,,,,,,,,,,,,,,,,,,,,,,
45,24,10,30,S38,False,15,5,20,12,0,0,0,0,0,"['B159', 'B527', 'B378', 'B266', 'B245', 'B714', 'B610', 'B3', 'B54', 'B682', 'B391', 'B251']",6.0,S39,1.78,3,5,8,0.0,,-0.372798,-14.101435,-14.474233,False,False,18,S31,True,9,0.524,delivery,,,,,,,,,,,,,,,,,,,,,,,,,,,,,,,,,,,,,,,,,,,,,,,,,,,,
45,24,10,38,S39,False,3,5,8,0,12,1,0,0,0,"['B275', 'B372', 'B44', 'B720', 'B472', 'B104', 'B336', 'B363', 'B487', 'B636', 'B590', 'B395']",9.0,S53,6.57,15,5,20,0.0,,-0.532387,-13.937606,-14.469993,True,True,60,S53,True,34,1.2768,pickup+onsite,,,,,,,,,,,,,,,,,,,,,,,,,,,,,,,,,,,,,,,,,,,,,,,,,,,,
45,24,10,53,S53,False,15,5,20,15,0,0,0,0,0,"['B668', 'B30', 'B383', 'B275', 'B372', 'B44', 'B720', 'B472', 'B104', 'B336', 'B363', 'B487', 'B636', 'B590', 'B395']",7.5,S60,5.31,0,5,5,0.0,,-1.003996,-14.086046,-15.090041,False,False,12,S60,False,6,0.5213,delivery,,,,,,,,,,,,,,,,,,,,,,,,,,,,,,,,,,,,,,,,,,,,,,,,,,,,
45,24,11,6,S60,False,0,5,5,0,10,0,0,0,0,"['B543', 'B736', 'B744', 'B707', 'B207', 'B598', 'B149', 'B492', 'B582', 'B678']",5.0,S30,1.77,10,5,15,0.0,,-0.729866,-14.07837,-14.808236,True,False,36,S30,False,26,0.8638,pickup,,,,,,,,,,,,,,,,,,,,,,,,,,,,,,,,,,,,,,,,,,,,,,,,,,,,
45,24,11,13,S30,False,10,5,15,0,5,0,0,0,0,"['B645', 'B688', 'B95', 'B375', 'B517']",2.5,S50,8.83,15,5,20,0.0,,-0.631153,-14.02631,-14.657463,False,False,12,S62,True,6,0.2727,pickup,,,,,,,,,,,,,,,,,,,,,,,,,,,,,,,,,,,,,,,,,,,,,,,,,,,,
45,24,11,24,S50,False,15,5,20,15,0,0,0,0,0,"['B543', 'B736', 'B744', 'B707', 'B207', 'B598', 'B149', 'B492', 'B582', 'B678', 'B645', 'B688', 'B95', 'B375', 'B517']",7.5,S37,7.46,0,5,5,0.0,,-0.393575,-13.902523,-14.296097,False,False,12,S37,False,6,0.291,delivery,,,,,,,,,,,,,,,,,,,,,,,,,,,,,,,,,,,,,,,,,,,,,,,,,,,,
45,24,11,39,S37,False,0,5,5,0,15,0,0,0,0,"['B382', 'B81', 'B486', 'B705', 'B48', 'B425', 'B87', 'B542', 'B292', 'B308', 'B469', 'B659', 'B717', 'B205', 'B128']",7.5,S57,7.56,15,5,20,0.0,,-0.688218,-13.96563,-14.653848,False,False,12,S41,True,7,0.3271,pickup,,,,,,,,,,,,,,,,,,,,,,,,,,,,,,,,,,,,,,,,,,,,,,,,,,,,
45,24,11,54,S57,False,15,5,20,15,0,0,0,0,0,"['B382', 'B81', 'B486', 'B705', 'B48', 'B425', 'B87', 'B542', 'B292', 'B308', 'B469', 'B659', 'B717', 'B205', 'B128']",7.5,S41,9.56,0,5,5,0.0,,-0.747058,-13.905987,-14.653046,False,False,18,S40,True,12,0.4638,delivery,,,,,,,,,,,,,,,,,,,,,,,,,,,,,,,,,,,,,,,,,,,,,,,,,,,,
45,24,12,11,S41,False,0,5,5,0,15,0,0,0,0,"['B634', 'B118', 'B102', 'B107', 'B234', 'B677', 'B648', 'B432', 'B237', 'B368', 'B418', 'B230', 'B569', 'B635', 'B547']",7.5,S26,6.65,15,5,20,0.0,,-0.706002,-13.695237,-14.401239,False,False,12,S26,False,6,0.3393,pickup,,,,,,,,,,,,,,,,,,,,,,,,,,,,,,,,,,,,,,,,,,,,,,,,,,,,
45,24,12,25,S26,False,15,5,20,15,0,0,0,0,0,"['B634', 'B118', 'B102', 'B107', 'B234', 'B677', 'B648', 'B432', 'B237', 'B368', 'B418', 'B230', 'B569', 'B635', 'B547']",7.5,S61,6.04,0,5,5,0.0,,-0.887211,-13.556626,-14.443837,False,False,12,S35,True,10,0.3798,delivery,,,,,,,,,,,,,,,,,,,,,,,,,,,,,,,,,,,,,,,,,,,,,,,,,,,,
45,24,12,39,S61,False,0,5,5,0,9,0,1,0,0,"['B307', 'B767', 'B221', 'B702', 'B415', 'B405', 'B752', 'B72', 'B589', 'B351']",5.0,S63,3.24,9,6,15,0.0,,-0.530982,-13.627409,-14.158391,True,True,36,S37,True,31,0.9212,pickup+depot_removal,,,,,,,,,,,,,,,,,,,,,,,,,,,,,,,,,,,,,,,,,,,,,,,,,,,,
45,24,12,47,S63,False,9,6,15,9,0,0,0,0,0,"['B307', 'B767', 'B221', 'B702', 'B415', 'B405', 'B752', 'B72', 'B589']",4.5,S37,1.78,0,6,6,0.0,,-0.611777,-13.684061,-14.295838,True,False,24,S43,True,12,0.703,delivery,,,,,,,,,,,,,,,,,,,,,,,,,,,,,,,,,,,,,,,,,,,,,,,,,,,,
45,24,12,54,S37,False,0,6,6,0,14,0,0,0,0,"['B359', 'B509', 'B329', 'B515', 'B98', 'B496', 'B762', 'B462', 'B192', 'B305', 'B225', 'B500', 'B47', 'B100']",7.0,S44,1.36,14,6,20,0.0,,-0.707739,-13.778027,-14.485765,False,False,12,S55,True,7,0.4222,pickup,,,,,,,,,,,,,,,,,,,,,,,,,,,,,,,,,,,,,,,,,,,,,,,,,,,,
45,24,13,2,S44,False,14,6,20,12,0,0,2,0,0,"['B152', 'B263', 'B359', 'B509', 'B329', 'B515', 'B98', 'B496', 'B762', 'B462', 'B192', 'B305', 'B225', 'B500']",7.0,S55,3.84,2,8,10,0.0,,-0.766573,-13.816853,-14.583426,True,True,42,S55,False,18,1.0999,delivery+depot_removal,,,,,,,,,,,,,,,,,,,,,,,,,,,,,,,,,,,,,,,,,,,,,,,,,,,,
45,24,13,13,S55,False,2,8,10,2,0,0,0,0,0,"['B47', 'B100']",1.0,S35,3.04,0,8,8,0.0,,-1.062115,-13.715101,-14.777215,False,False,12,S65,True,8,0.3677,delivery,,,,,,,,,,,,,,,,,,,,,,,,,,,,,,,,,,,,,,,,,,,,,,,,,,,,
45,24,13,17,S35,False,0,8,8,0,12,0,0,0,0,"['B697', 'B197', 'B646', 'B194', 'B488', 'B552', 'B97', 'B693', 'B604', 'B681', 'B90', 'B414']",6.0,S55,3.04,12,8,20,0.0,,-1.10407,-13.623569,-14.727639,True,False,30,S11,True,12,0.8366,pickup,,,,,,,,,,,,,,,,,,,,,,,,,,,,,,,,,,,,,,,,,,,,,,,,,,,,
45,24,13,26,S55,False,12,8,20,12,0,0,0,0,0,"['B697', 'B197', 'B646', 'B194', 'B488', 'B552', 'B97', 'B693', 'B604', 'B681', 'B90', 'B414']",6.0,S65,9.08,0,8,8,0.0,,-1.262163,-13.593171,-14.855334,False,False,12,S63,True,8,0.3333,delivery,,,,,,,,,,,,,,,,,,,,,,,,,,,,,,,,,,,,,,,,,,,,,,,,,,,,
45,24,13,41,S65,False,0,8,8,0,9,0,1,0,0,"['B49', 'B596', 'B710', 'B626', 'B299', 'B322', 'B712', 'B42', 'B447', 'B672']",5.0,S54,8.42,9,9,18,0.0,,-1.47997,-13.645796,-15.125767,True,True,36,S25,True,30,0.9966,pickup+depot_removal,,,,,,,,,,,,,,,,,,,,,,,,,,,,,,,,,,,,,,,,,,,,,,,,,,,,
45,24,13,54,S54,False,9,9,18,9,0,0,0,0,0,"['B49', 'B596', 'B710', 'B626', 'B299', 'B322', 'B712', 'B42', 'B447']",4.5,S25,14.63,0,9,9,0.0,,-1.122337,-13.562904,-14.685241,True,False,24,S63,True,13,0.6695,delivery,,,,,,,,,,,,,,,,,,,,,,,,,,,,,,,,,,,,,,,,,,,,,,,,,,,,
45,24,14,13,S25,False,0,9,9,0,11,0,0,0,0,"['B683', 'B658', 'B726', 'B21', 'B43', 'B393', 'B135', 'B619', 'B481', 'B291', 'B451']",5.5,S63,14.29,11,9,20,0.0,,-1.224004,-13.697743,-14.921747,False,False,12,S63,False,6,0.2922,pickup,,,,,,,,,,,,,,,,,,,,,,,,,,,,,,,,,,,,,,,,,,,,,,,,,,,,
45,24,14,33,S63,False,11,9,20,11,0,0,1,0,0,"['B297', 'B683', 'B658', 'B726', 'B21', 'B43', 'B393', 'B135', 'B619', 'B481', 'B291', 'B451']",6.0,S51,3.43,0,10,10,0.0,,-0.987981,-13.678557,-14.666538,True,True,18,S5,True,13,0.406,delivery+depot_removal,,,,,,,,,,,,,,,,,,,,,,,,,,,,,,,,,,,,,,,,,,,,,,,,,,,,
45,24,14,43,S51,False,0,10,10,0,10,0,0,0,0,"['B400', 'B506', 'B121', 'B72', 'B752', 'B405', 'B48', 'B589', 'B457', 'B466']",5.0,S50,8.8,10,10,20,0.0,,-0.808463,-13.842911,-14.651374,False,False,12,S41,True,7,0.3055,pickup,,,,,,,,,,,,,,,,,,,,,,,,,,,,,,,,,,,,,,,,,,,,,,,,,,,,
45,24,14,56,S50,False,10,10,20,10,0,0,0,0,0,"['B400', 'B506', 'B121', 'B72', 'B752', 'B405', 'B48', 'B589', 'B457', 'B466']",5.0,S66,7.23,0,10,10,0.0,,-1.102815,-14.273466,-15.376281,False,False,12,S35,True,8,0.3155,delivery,,,,,,,,,,,,,,,,,,,,,,,,,,,,,,,,,,,,,,,,,,,,,,,,,,,,
45,24,15,9,S66,False,0,10,10,0,0,1,0,0,0,[],3.0,S41,1.41,0,10,10,0.0,,-1.163885,-14.208522,-15.372407,True,True,24,S30,True,6,0.578,do_nothing+onsite,,,,,,,,,,,,,,,,,,,,,,,,,,,,,,,,,,,,,,,,,,,,,,,,,,,,
45,24,15,13,S41,False,0,10,10,0,10,0,0,0,0,"['B445', 'B190', 'B345', 'B155', 'B189', 'B91', 'B448', 'B203', 'B593', 'B579']",5.0,S35,9.63,10,10,20,0.0,,-1.419742,-14.111106,-15.530848,False,False,12,S66,True,9,0.2736,pickup,,,,,,,,,,,,,,,,,,,,,,,,,,,,,,,,,,,,,,,,,,,,,,,,,,,,
45,24,15,28,S35,False,10,10,20,10,0,0,2,0,0,"['B358', 'B767', 'B445', 'B190', 'B345', 'B155', 'B189', 'B91', 'B448', 'B203', 'B593', 'B579']",6.0,S30,9.95,0,12,12,0.0,,-1.163235,-13.989521,-15.152756,True,True,24,S58,True,21,0.5154,delivery+depot_removal,,,,,,,,,,,,,,,,,,,,,,,,,,,,,,,,,,,,,,,,,,,,,,,,,,,,
45,24,15,44,S30,False,0,12,12,0,8,0,0,0,0,"['B146', 'B562', 'B715', 'B2', 'B486', 'B153', 'B698', 'B583']",4.0,S32,8.28,8,12,20,0.0,,-1.282024,-13.934762,-15.216787,False,False,18,S37,True,16,0.4278,pickup,,,,,,,,,,,,,,,,,,,,,,,,,,,,,,,,,,,,,,,,,,,,,,,,,,,,
45,24,15,56,S32,False,8,12,20,8,0,0,0,0,0,"['B146', 'B562', 'B715', 'B2', 'B486', 'B153', 'B698', 'B583']",4.0,S66,6.41,0,12,12,0.0,,-1.003499,-13.786474,-14.789973,False,False,12,S37,True,9,0.3263,delivery,,,,,,,,,,,,,,,,,,,,,,,,,,,,,,,,,,,,,,,,,,,,,,,,,,,,
45,24,16,6,S66,False,0,12,12,0,8,0,0,0,0,"['B546', 'B8', 'B746', 'B159', 'B58', 'B503', 'B301', 'B621']",4.0,S40,3.42,8,12,20,0.0,,-0.850111,-13.371348,-14.221459,False,False,18,S52,True,13,0.4457,pickup,,,,,,,,,,,,,,,,,,,,,,,,,,,,,,,,,,,,,,,,,,,,,,,,,,,,
45,24,16,14,S40,False,8,12,20,8,0,0,0,0,0,"['B546', 'B8', 'B746', 'B159', 'B58', 'B503', 'B301', 'B621']",4.0,S37,3.31,0,12,12,0.0,,-1.085245,-13.398259,-14.483504,False,False,12,S42,True,7,0.2784,delivery,,,,,,,,,,,,,,,,,,,,,,,,,,,,,,,,,,,,,,,,,,,,,,,,,,,,
45,24,16,21,S37,False,0,12,12,0,8,0,0,0,0,"['B509', 'B379', 'B469', 'B207', 'B115', 'B639', 'B740', 'B488']",4.0,S32,4.74,8,12,20,0.0,,-1.044289,-13.346147,-14.390436,False,False,12,S52,True,7,0.259,pickup,,,,,,,,,,,,,,,,,,,,,,,,,,,,,,,,,,,,,,,,,,,,,,,,,,,,
45,24,16,30,S32,False,8,12,20,8,0,0,0,0,0,"['B509', 'B379', 'B469', 'B207', 'B115', 'B639', 'B740', 'B488']",4.0,S52,3.72,0,12,12,0.0,,-0.827743,-13.268185,-14.095929,False,False,12,S35,True,9,0.2702,delivery,,,,,,,,,,,,,,,,,,,,,,,,,,,,,,,,,,,,,,,,,,,,,,,,,,,,
45,24,16,38,S52,False,0,12,12,0,8,0,0,0,0,"['B139', 'B12', 'B271', 'B138', 'B643', 'B34', 'B340', 'B638']",4.0,S42,8.01,8,12,20,0.0,,-0.94873,-13.230401,-14.179131,False,False,12,S34,True,8,0.2806,pickup,,,,,,,,,,,,,,,,,,,,,,,,,,,,,,,,,,,,,,,,,,,,,,,,,,,,
45,24,16,50,S42,False,8,12,20,8,0,0,0,0,0,"['B139', 'B12', 'B271', 'B138', 'B643', 'B34', 'B340', 'B638']",4.0,S31,9.6,0,12,12,0.0,,-0.789145,-13.24696,-14.036106,False,False,12,S31,False,6,0.3091,delivery,,,,,,,,,,,,,,,,,,,,,,,,,,,,,,,,,,,,,,,,,,,,,,,,,,,,
45,24,17,3,S31,False,0,12,12,0,8,0,0,0,0,"['B16', 'B188', 'B574', 'B528', 'B507', 'B367', 'B372', 'B142']",4.0,S48,8.15,8,12,20,0.0,,-0.531782,-13.301041,-13.832824,False,False,12,S2,True,9,0.2722,pickup,,,,,,,,,,,,,,,,,,,,,,,,,,,,,,,,,,,,,,,,,,,,,,,,,,,,
45,24,17,15,S48,False,8,12,20,8,0,0,0,0,0,"['B16', 'B188', 'B574', 'B528', 'B507', 'B367', 'B372', 'B142']",4.0,S58,5.29,0,12,12,0.0,,-0.965596,-13.278694,-14.24429,True,False,18,S2,True,7,0.4438,delivery,,,,,,,,,,,,,,,,,,,,,,,,,,,,,,,,,,,,,,,,,,,,,,,,,,,,
45,24,17,25,S58,False,0,12,12,0,8,0,0,0,0,"['B580', 'B632', 'B744', 'B708', 'B129', 'B388', 'B266', 'B704']",4.0,S16,1.83,8,12,20,0.0,,-0.7879,-13.350189,-14.138088,False,False,12,S44,True,7,0.2466,pickup,,,,,,,,,,,,,,,,,,,,,,,,,,,,,,,,,,,,,,,,,,,,,,,,,,,,
45,24,17,30,S16,False,8,12,20,8,0,0,1,0,0,"['B355', 'B580', 'B632', 'B744', 'B708', 'B129', 'B388', 'B266', 'B704']",4.5,S44,0.23,0,13,13,0.0,,-0.373901,-13.272677,-13.646577,True,True,18,S44,False,12,0.3646,delivery+depot_removal,,,,,,,,,,,,,,,,,,,,,,,,,,,,,,,,,,,,,,,,,,,,,,,,,,,,
45,24,17,35,S44,False,0,13,13,0,7,0,0,0,0,"['B722', 'B592', 'B337', 'B716', 'B697', 'B565', 'B721']",3.5,S24,9.68,7,13,20,0.0,,-0.453788,-13.206597,-13.660386,False,False,12,S3,True,8,0.2398,pickup,,,,,,,,,,,,,,,,,,,,,,,,,,,,,,,,,,,,,,,,,,,,,,,,,,,,
45,24,17,48,S24,False,7,13,20,7,0,0,0,0,0,"['B722', 'B592', 'B337', 'B716', 'B697', 'B565', 'B721']",3.5,S31,6.93,0,13,13,0.0,,-0.315777,-13.130161,-13.445938,False,False,12,S31,False,6,0.3349,delivery,,,,,,,,,,,,,,,,,,,,,,,,,,,,,,,,,,,,,,,,,,,,,,,,,,,,
45,24,17,59,S31,False,0,13,13,0,7,0,0,0,0,"['B204', 'B86', 'B397', 'B587', 'B693', 'B74', 'B555']",3.5,S62,2.98,7,13,20,0.0,,-0.314777,-13.02485,-13.339627,False,False,12,S2,True,9,0.287,pickup,,,,,,,,,,,,,,,,,,,,,,,,,,,,,,,,,,,,,,,,,,,,,,,,,,,,
45,24,18,5,S62,False,7,13,20,7,0,1,0,0,0,"['B204', 'B86', 'B397', 'B587', 'B693', 'B74', 'B555']",6.5,S43,2.99,0,13,13,0.0,,-0.038948,-12.908127,-12.947075,True,True,24,S34,True,19,0.5567,delivery+onsite,,,,,,,,,,,,,,,,,,,,,,,,,,,,,,,,,,,,,,,,,,,,,,,,,,,,
45,24,18,15,S43,False,0,13,13,0,7,0,0,0,0,"['B131', 'B727', 'B97', 'B478', 'B604', 'B254', 'B664']",3.5,S34,5.7,7,13,20,0.0,,-0.137809,-12.938385,-13.076194,True,False,18,S52,True,13,0.3854,pickup,,,,,,,,,,,,,,,,,,,,,,,,,,,,,,,,,,,,,,,,,,,,,,,,,,,,
45,24,18,24,S34,False,7,13,20,7,0,0,2,0,0,"['B360', 'B617', 'B131', 'B727', 'B97', 'B478', 'B604', 'B254', 'B664']",4.5,S37,5.37,0,15,15,0.0,,-0.277075,-12.894003,-13.171079,True,True,24,S45,True,21,0.4909,delivery+depot_removal,,,,,,,,,,,,,,,,,,,,,,,,,,,,,,,,,,,,,,,,,,,,,,,,,,,,
45,24,18,34,S37,False,0,15,15,0,5,0,0,0,0,"['B49', 'B194', 'B395', 'B463', 'B681']",2.5,S19,5.87,5,15,20,0.0,,-0.315019,-12.903386,-13.218405,False,False,12,S52,True,8,0.2731,pickup,,,,,,,,,,,,,,,,,,,,,,,,,,,,,,,,,,,,,,,,,,,,,,,,,,,,
45,24,18,42,S19,False,5,15,20,5,0,1,0,0,0,"['B49', 'B194', 'B395', 'B463', 'B681']",5.5,S52,5.79,0,15,15,0.0,,-0.395321,-12.791157,-13.186477,True,True,24,S45,True,22,0.4966,delivery+onsite,,,,,,,,,,,,,,,,,,,,,,,,,,,,,,,,,,,,,,,,,,,,,,,,,,,,
45,24,18,53,S52,False,0,15,15,0,5,0,0,0,0,"['B245', 'B180', 'B51', 'B572', 'B481']",2.5,S40,2.21,5,15,20,0.0,,-0.276481,-12.836085,-13.112566,False,False,12,S39,True,10,0.2644,pickup,,,,,,,,,,,,,,,,,,,,,,,,,,,,,,,,,,,,,,,,,,,,,,,,,,,,
45,24,18,58,S40,False,5,15,20,5,0,0,0,0,0,"['B245', 'B180', 'B51', 'B572', 'B481']",2.5,S23,8.5,0,15,15,0.0,,-0.198688,-12.690778,-12.889466,False,False,12,S4,True,9,0.263,delivery,,,,,,,,,,,,,,,,,,,,,,,,,,,,,,,,,,,,,,,,,,,,,,,,,,,,
45,24,19,9,S23,False,0,15,15,0,5,0,0,0,0,"['B473', 'B252', 'B273', 'B384', 'B179']",2.5,S4,6.62,5,15,20,0.0,,-0.157336,-12.64726,-12.804596,True,False,18,S5,True,13,0.5045,pickup,,,,,,,,,,,,,,,,,,,,,,,,,,,,,,,,,,,,,,,,,,,,,,,,,,,,
45,24,19,18,S4,False,5,15,20,0,0,1,0,0,0,[],3.0,S7,8.53,5,15,20,0.0,,-0.158689,-12.657624,-12.816313,True,True,24,S7,False,7,0.5352,do_nothing+onsite,,,,,,,,,,,,,,,,,,,,,,,,,,,,,,,,,,,,,,,,,,,,,,,,,,,,
45,24,19,30,S7,False,5,15,20,5,0,0,0,0,0,"['B473', 'B252', 'B273', 'B384', 'B179']",2.5,S37,9.25,0,15,15,0.0,,-0.177163,-12.758052,-12.935215,True,False,18,S20,True,6,0.4061,delivery,,,,,,,,,,,,,,,,,,,,,,,,,,,,,,,,,,,,,,,,,,,,,,,,,,,,
45,24,19,42,S37,False,0,15,15,0,5,0,0,0,0,"['B531', 'B472', 'B577', 'B646', 'B59']",2.5,S4,0.75,5,15,20,0.0,,-0.079245,-12.652535,-12.73178,False,False,9,S4,False,5,0.2205,pickup,,,,,,,,,,,,,,,,,,,,,,,,,,,,,,,,,,,,,,,,,,,,,,,,,,,,
45,24,19,45,S4,False,5,15,20,0,0,0,0,0,0,[],0.0,S33,2.03,5,15,20,0.0,,-0.098417,-12.633917,-12.732334,False,False,5,D0,True,2,0.1296,do_nothing,,,,,,,,,,,,,,,,,,,,,,,,,,,,,,,,,,,,,,,,,,,,,,,,,,,,
45,24,19,47,S33,False,5,15,20,0,0,0,0,0,0,[],0.0,S52,0.73,5,15,20,0.0,,-0.118192,-12.746635,-12.864827,False,False,3,D0,True,0,0.086,do_nothing,,,,,,,,,,,,,,,,,,,,,,,,,,,,,,,,,,,,,,,,,,,,,,,,,,,,
45,24,19,48,S52,False,5,15,20,0,0,0,0,0,0,[],0.0,S33,0.73,5,15,20,0.0,,-0.257156,-12.822908,-13.080064,False,False,3,S33,False,0,0.0868,do_nothing,,,,,,,,,,,,,,,,,,,,,,,,,,,,,,,,,,,,,,,,,,,,,,,,,,,,
45,24,19,48,S33,False,5,15,20,0,0,0,0,0,0,[],0.0,D0,0.94,5,15,20,0.0,,-0.178066,-13.065241,-13.243307,False,False,2,D0,True,0,0.0696,do_nothing,,,,,,,,,,,,,,,,,,,,,,,,,,,,,,,,,,,,,,,,,,,,,,,,,,,,
45,24,19,49,D0,True,5,15,20,0,0,0,0,15,0,"['B464', 'B398', 'B130', 'B520', 'B278', 'B351', 'B152', 'B263', 'B672', 'B297', 'B358', 'B767', 'B355', 'B360', 'B617']",7.5,D0,0.0,5,0,5,0.0,,-0.256805,-13.026313,-13.283117,True,True,1,D0,False,0,0.0416,do_nothing,,,,,,,,,,,,,,,,,,,,,,,,,,,,,,,,,,,,,,,,,,,,,,,,,,,,
45,25,6,12,D0,True,5,0,5,0,0,0,0,0,11,"['B600', 'B160', 'B184', 'B38', 'B181', 'B625', 'B485', 'B69', 'B657', 'B508', 'B615']",5.5,S65,3.15,16,0,16,0.0,,-2.484641,-14.494434,-16.979074,True,True,5,S15,True,3,0.1047,load_queue,,,,,,,,,,,,,,,,,,,,,,,,,,,,,,,,,,,,,,,,,,,,,,,,,,,,
45,25,6,35,S65,False,16,0,16,16,0,0,0,0,0,"['B531', 'B472', 'B577', 'B646', 'B59', 'B600', 'B160', 'B184', 'B38', 'B181', 'B625', 'B485', 'B69', 'B657', 'B508', 'B615']",8.0,S37,5.89,0,0,0,0.0,,-2.346141,-14.454347,-16.800488,False,False,12,S37,False,7,0.384,delivery,,,,,,,,,,,,,,,,,,,,,,,,,,,,,,,,,,,,,,,,,,,,,,,,,,,,
45,25,6,49,S37,False,0,0,0,0,20,0,0,0,0,"['B224', 'B420', 'B274', 'B68', 'B628', 'B109', 'B138', 'B479', 'B428', 'B374', 'B740', 'B433', 'B340', 'B313', 'B64', 'B4', 'B702', 'B317', 'B544', 'B576']",10.0,S51,4.67,20,0,20,0.0,,-1.893822,-14.52885,-16.422672,True,False,24,S62,True,13,0.6583,pickup,,,,,,,,,,,,,,,,,,,,,,,,,,,,,,,,,,,,,,,,,,,,,,,,,,,,
45,25,7,4,S51,False,20,0,20,11,0,0,0,0,0,"['B224', 'B420', 'B274', 'B68', 'B628', 'B109', 'B138', 'B479', 'B428', 'B374', 'B740']",5.5,S41,8.36,9,0,9,0.0,,-1.774017,-14.344417,-16.118434,False,False,18,S41,False,9,0.4709,delivery,,,,,,,,,,,,,,,,,,,,,,,,,,,,,,,,,,,,,,,,,,,,,,,,,,,,
45,25,7,18,S41,False,9,0,9,9,0,1,0,0,0,"['B433', 'B340', 'B313', 'B64', 'B4', 'B702', 'B317', 'B544', 'B576']",7.5,S54,6.96,0,0,0,0.0,,-1.696877,-14.250254,-15.947131,True,True,24,S54,False,22,0.7343,delivery+onsite,,,,,,,,,,,,,,,,,,,,,,,,,,,,,,,,,,,,,,,,,,,,,,,,,,,,
45,25,7,32,S54,False,0,0,0,0,12,0,1,0,0,"['B155', 'B571', 'B422', 'B350', 'B639', 'B711', 'B157', 'B150', 'B292', 'B446', 'B659', 'B66', 'B246']",6.5,S62,2.78,12,1,13,0.0,,-1.482559,-14.42991,-15.91247,True,True,36,S60,True,31,0.9828,pickup+depot_removal,,,,,,,,,,,,,,,,,,,,,,,,,,,,,,,,,,,,,,,,,,,,,,,,,,,,
45,25,7,42,S62,False,12,1,13,12,0,0,0,0,0,"['B155', 'B571', 'B422', 'B350', 'B639', 'B711', 'B157', 'B150', 'B292', 'B446', 'B659', 'B66']",6.0,S33,0.92,0,1,1,0.0,,-1.107419,-14.214673,-15.322092,False,False,12,S45,True,6,0.3476,delivery,,,,,,,,,,,,,,,,,,,,,,,,,,,,,,,,,,,,,,,,,,,,,,,,,,,,
45,25,7,49,S33,False,0,1,1,0,17,1,0,0,0,"['B99', 'B143', 'B541', 'B26', 'B638', 'B34', 'B166', 'B755', 'B25', 'B223', 'B194', 'B269', 'B23', 'B365', 'B741', 'B624', 'B719']",11.5,S26,6.45,17,1,18,0.0,,-0.88876,-14.082336,-14.971096,True,True,36,S60,True,33,0.9849,pickup+onsite,,,,,,,,,,,,,,,,,,,,,,,,,,,,,,,,,,,,,,,,,,,,,,,,,,,,
45,25,8,6,S26,False,17,1,18,17,0,0,0,0,0,"['B99', 'B143', 'B541', 'B26', 'B638', 'B34', 'B166', 'B755', 'B25', 'B223', 'B194', 'B269', 'B23', 'B365', 'B741', 'B624', 'B719']",8.5,S60,6.85,0,1,1,0.0,,-0.944131,-14.44351,-15.387641,False,False,12,S63,True,6,0.3517,delivery,,,,,,,,,,,,,,,,,,,,,,,,,,,,,,,,,,,,,,,,,,,,,,,,,,,,
45,25,8,22,S60,False,0,1,1,0,13,0,2,0,0,"['B681', 'B17', 'B447', 'B599', 'B481', 'B54', 'B717', 'B737', 'B743', 'B280', 'B468', 'B738', 'B261', 'B605', 'B619']",7.5,S15,4.42,13,3,16,0.0,,-1.39522,-14.589597,-15.984817,True,True,54,S59,True,30,1.2547,pickup+depot_removal,,,,,,,,,,,,,,,,,,,,,,,,,,,,,,,,,,,,,,,,,,,,,,,,,,,,
45,25,8,34,S15,False,13,3,16,13,0,0,0,0,0,"['B681', 'B17', 'B447', 'B599', 'B481', 'B54', 'B717', 'B737', 'B743', 'B280', 'B468', 'B738', 'B261']",6.5,S54,3.9,0,3,3,0.0,,-1.11874,-14.484865,-15.603606,False,False,12,S16,True,6,0.2751,delivery,,,,,,,,,,,,,,,,,,,,,,,,,,,,,,,,,,,,,,,,,,,,,,,,,,,,
45,25,8,44,S54,False,0,3,3,0,15,0,0,0,0,"['B465', 'B159', 'B551', 'B615', 'B442', 'B443', 'B417', 'B260', 'B607', 'B219', 'B533', 'B608', 'B735', 'B107', 'B422']",7.5,S34,2.69,15,3,18,0.0,,-1.122479,-14.604668,-15.727147,False,False,18,S5,True,6,0.4574,pickup,,,,,,,,,,,,,,,,,,,,,,,,,,,,,,,,,,,,,,,,,,,,,,,,,,,,
45,25,8,54,S34,False,15,3,18,15,0,0,0,0,0,"['B465', 'B159', 'B551', 'B615', 'B442', 'B443', 'B417', 'B260', 'B607', 'B219', 'B533', 'B608', 'B735', 'B107', 'B422']",7.5,S5,11.93,0,3,3,0.0,,-1.041544,-14.410344,-15.451888,False,False,18,S16,True,13,0.5088,delivery,,,,,,,,,,,,,,,,,,,,,,,,,,,,,,,,,,,,,,,,,,,,,,,,,,,,
45,25,9,14,S5,False,0,3,3,0,17,1,0,0,0,"['B256', 'B77', 'B440', 'B238', 'B694', 'B680', 'B554', 'B412', 'B718', 'B504', 'B196', 'B113', 'B347', 'B691', 'B476', 'B430', 'B316']",11.5,S65,5.83,17,3,20,0.0,,-0.886295,-14.087057,-14.973353,True,True,24,S63,True,20,0.8383,pickup+onsite,,,,,,,,,,,,,,,,,,,,,,,,,,,,,,,,,,,,,,,,,,,,,,,,,,,,
45,25,9,31,S65,False,17,3,20,12,0,0,0,0,0,"['B256', 'B77', 'B440', 'B238', 'B694', 'B680', 'B554', 'B412', 'B718', 'B504', 'B196', 'B113']",6.0,S41,2.23,5,3,8,0.0,,-0.688721,-14.1047,-14.793421,False,False,18,S41,False,7,0.3944,delivery,,,,,,,,,,,,,,,,,,,,,,,,,,,,,,,,,,,,,,,,,,,,,,,,,,,,
45,25,9,39,S41,False,5,3,8,5,0,0,0,0,0,"['B347', 'B691', 'B476', 'B430', 'B316']",2.5,S63,5.29,0,3,3,0.0,,-1.080495,-14.020343,-15.100838,False,False,12,S63,False,7,0.2828,delivery,,,,,,,,,,,,,,,,,,,,,,,,,,,,,,,,,,,,,,,,,,,,,,,,,,,,
45,25,9,47,S63,False,0,3,3,0,17,0,0,0,0,"['B596', 'B528', 'B372', 'B202', 'B35', 'B216', 'B475', 'B648', 'B568', 'B125', 'B733', 'B250', 'B74', 'B197', 'B204', 'B523', 'B291']",8.5,S4,2.39,17,3,20,0.0,,-1.003652,-14.05276,-15.056412,False,False,18,S31,True,13,0.4604,pickup,,,,,,,,,,,,,,,,,,,,,,,,,,,,,,,,,,,,,,,,,,,,,,,,,,,,
45,25,9,58,S4,False,17,3,20,17,0,0,0,0,0,"['B596', 'B528', 'B372', 'B202', 'B35', 'B216', 'B475', 'B648', 'B568', 'B125', 'B733', 'B250', 'B74', 'B197', 'B204', 'B523', 'B291']",8.5,S37,0.75,0,3,3,0.0,,-0.786441,-14.141064,-14.927505,False,False,12,S31,True,6,0.2918,delivery,,,,,,,,,,,,,,,,,,,,,,,,,,,,,,,,,,,,,,,,,,,,,,,,,,,,
45,25,10,7,S37,False,0,3,3,0,17,1,0,0,0,"['B501', 'B128', 'B239', 'B388', 'B709', 'B165', 'B699', 'B452', 'B454', 'B713', 'B707', 'B338', 'B336', 'B493', 'B646', 'B64', 'B704']",11.5,S31,2.81,17,3,20,0.0,,-0.77192,-14.036131,-14.808051,True,True,24,S22,True,19,0.8577,pickup+onsite,,,,,,,,,,,,,,,,,,,,,,,,,,,,,,,,,,,,,,,,,,,,,,,,,,,,
45,25,10,22,S31,False,17,3,20,17,0,0,0,0,0,"['B501', 'B128', 'B239', 'B388', 'B709', 'B165', 'B699', 'B452', 'B454', 'B713', 'B707', 'B338', 'B336', 'B493', 'B646', 'B64', 'B704']",8.5,S39,3.72,0,3,3,0.0,,-0.649525,-14.077019,-14.726543,False,False,12,S39,False,6,0.3326,delivery,,,,,,,,,,,,,,,,,,,,,,,,,,,,,,,,,,,,,,,,,,,,,,,,,,,,
45,25,10,34,S39,False,0,3,3,0,17,0,0,0,0,"['B540', 'B482', 'B127', 'B594', 'B70', 'B240', 'B161', 'B561', 'B654', 'B249', 'B272', 'B149', 'B164', 'B237', 'B439', 'B414', 'B62']",8.5,S40,6.46,17,3,20,0.0,,-0.550513,-14.092493,-14.643006,True,False,18,S8,True,14,0.4932,pickup,,,,,,,,,,,,,,,,,,,,,,,,,,,,,,,,,,,,,,,,,,,,,,,,,,,,
45,25,10,49,S40,False,17,3,20,12,0,0,0,0,0,"['B540', 'B482', 'B127', 'B594', 'B70', 'B240', 'B161', 'B561', 'B654', 'B249', 'B272', 'B149']",6.0,S4,3.22,5,3,8,0.0,,-0.769812,-14.038959,-14.808771,False,False,18,S22,True,8,0.4056,delivery,,,,,,,,,,,,,,,,,,,,,,,,,,,,,,,,,,,,,,,,,,,,,,,,,,,,
45,25,10,58,S4,False,5,3,8,0,10,0,0,0,0,"['B528', 'B372', 'B202', 'B35', 'B216', 'B475', 'B648', 'B568', 'B125', 'B733']",5.0,S50,7.44,15,3,18,0.0,,-0.670253,-14.201618,-14.871871,False,False,18,S61,True,12,0.4899,pickup,,,,,,,,,,,,,,,,,,,,,,,,,,,,,,,,,,,,,,,,,,,,,,,,,,,,
45,25,11,10,S50,False,15,3,18,15,0,0,0,0,0,"['B164', 'B237', 'B439', 'B414', 'B62', 'B528', 'B372', 'B202', 'B35', 'B216', 'B475', 'B648', 'B568', 'B125', 'B733']",7.5,S16,6.69,0,3,3,0.0,,-0.966806,-14.020492,-14.987298,False,False,12,S16,False,10,0.4242,delivery,,,,,,,,,,,,,,,,,,,,,,,,,,,,,,,,,,,,,,,,,,,,,,,,,,,,
45,25,11,25,S16,False,0,3,3,0,6,0,0,0,0,"['B747', 'B298', 'B762', 'B410', 'B545', 'B625']",3.0,S51,3.59,6,3,9,0.0,,-0.49479,-13.861853,-14.356643,False,False,18,S8,True,14,0.5257,pickup,,,,,,,,,,,,,,,,,,,,,,,,,,,,,,,,,,,,,,,,,,,,,,,,,,,,
45,25,11,31,S51,False,6,3,9,0,10,0,0,0,0,"['B583', 'B186', 'B18', 'B312', 'B333', 'B92', 'B119', 'B499', 'B356', 'B684']",5.0,S22,11.78,16,3,19,0.0,,-0.7101,-13.811054,-14.521154,False,False,18,S22,False,14,0.6499,pickup,,,,,,,,,,,,,,,,,,,,,,,,,,,,,,,,,,,,,,,,,,,,,,,,,,,,
45,25,11,48,S22,False,16,3,19,13,0,0,0,0,0,"['B747', 'B298', 'B762', 'B410', 'B545', 'B625', 'B583', 'B186', 'B18', 'B312', 'B333', 'B92', 'B119']",6.5,S37,7.12,3,3,6,0.0,,-0.589857,-13.915049,-14.504905,False,False,18,S26,True,13,0.6344,delivery,,,,,,,,,,,,,,,,,,,,,,,,,,,,,,,,,,,,,,,,,,,,,,,,,,,,
45,25,12,2,S37,False,3,3,6,0,14,0,0,0,0,"['B71', 'B546', 'B44', 'B621', 'B681', 'B754', 'B68', 'B668', 'B27', 'B507', 'B332', 'B105', 'B642', 'B459']",7.0,S26,7.79,17,3,20,0.0,,-0.336201,-13.943337,-14.279537,False,False,12,S26,False,6,0.3316,pickup,,,,,,,,,,,,,,,,,,,,,,,,,,,,,,,,,,,,,,,,,,,,,,,,,,,,
45,25,12,16,S26,False,17,3,20,17,0,0,0,0,0,"['B499', 'B356', 'B684', 'B71', 'B546', 'B44', 'B621', 'B681', 'B754', 'B68', 'B668', 'B27', 'B507', 'B332', 'B105', 'B642', 'B459']",8.5,S66,5.64,0,3,3,0.0,,-0.354024,-13.879924,-14.233947,False,False,12,S66,False,6,0.3458,delivery,,,,,,,,,,,,,,,,,,,,,,,,,,,,,,,,,,,,,,,,,,,,,,,,,,,,
45,25,12,30,S66,False,0,3,3,0,10,0,1,0,0,"['B599', 'B742', 'B396', 'B230', 'B749', 'B431', 'B319', 'B766', 'B160', 'B595', 'B750']",5.5,S54,5.58,10,4,14,0.0,,-0.904378,-13.973957,-14.878335,True,True,36,S57,True,31,0.9898,pickup+depot_removal,,,,,,,,,,,,,,,,,,,,,,,,,,,,,,,,,,,,,,,,,,,,,,,,,,,,
45,25,12,42,S54,False,10,4,14,10,0,0,0,0,0,"['B599', 'B742', 'B396', 'B230', 'B749', 'B431', 'B319', 'B766', 'B160', 'B595']",5.0,S40,2.17,0,4,4,0.0,,-0.510557,-13.790181,-14.300738,False,False,12,S40,False,10,0.3404,delivery,,,,,,,,,,,,,,,,,,,,,,,,,,,,,,,,,,,,,,,,,,,,,,,,,,,,
45,25,12,49,S40,False,0,4,4,0,10,0,0,0,0,"['B482', 'B127', 'B594', 'B70', 'B240', 'B161', 'B561', 'B654', 'B249', 'B272']",5.0,S18,3.81,10,4,14,0.0,,-0.78649,-13.931598,-14.718088,False,False,18,S41,True,12,0.4937,pickup,,,,,,,,,,,,,,,,,,,,,,,,,,,,,,,,,,,,,,,,,,,,,,,,,,,,
45,25,12,58,S18,False,10,4,14,10,0,0,0,0,0,"['B482', 'B127', 'B594', 'B70', 'B240', 'B161', 'B561', 'B654', 'B249', 'B272']",5.0,S41,2.33,0,4,4,0.0,,-1.299201,-13.798044,-15.097246,False,False,12,S41,False,6,0.3246,delivery,,,,,,,,,,,,,,,,,,,,,,,,,,,,,,,,,,,,,,,,,,,,,,,,,,,,
45,25,13,5,S41,False,0,4,4,0,15,0,1,0,0,"['B429', 'B572', 'B692', 'B694', 'B590', 'B270', 'B233', 'B677', 'B251', 'B412', 'B12', 'B504', 'B254', 'B96', 'B196', 'B344']",8.0,S63,5.29,15,5,20,0.0,,-0.671103,-13.778184,-14.449287,True,True,30,S63,False,18,0.6826,pickup+depot_removal,,,,,,,,,,,,,,,,,,,,,,,,,,,,,,,,,,,,,,,,,,,,,,,,,,,,
45,25,13,18,S63,False,15,5,20,15,0,0,0,0,0,"['B429', 'B572', 'B692', 'B694', 'B590', 'B270', 'B233', 'B677', 'B251', 'B412', 'B12', 'B504', 'B254', 'B96', 'B196']",7.5,S59,3.22,0,5,5,0.0,,-0.374197,-13.751772,-14.125969,False,False,12,S60,True,8,0.3373,delivery,,,,,,,,,,,,,,,,,,,,,,,,,,,,,,,,,,,,,,,,,,,,,,,,,,,,
45,25,13,29,S59,False,0,5,5,0,15,0,0,0,0,"['B622', 'B330', 'B601', 'B284', 'B49', 'B445', 'B708', 'B461', 'B147', 'B384', 'B174', 'B20', 'B328', 'B189', 'B488']",7.5,S29,7.54,15,5,20,0.0,,-0.352977,-13.535456,-13.888434,False,False,18,S60,True,6,0.3969,pickup,,,,,,,,,,,,,,,,,,,,,,,,,,,,,,,,,,,,,,,,,,,,,,,,,,,,
45,25,13,44,S29,False,15,5,20,15,0,0,0,0,0,"['B622', 'B330', 'B601', 'B284', 'B49', 'B445', 'B708', 'B461', 'B147', 'B384', 'B174', 'B20', 'B328', 'B189', 'B488']",7.5,S60,7.31,0,5,5,0.0,,-0.925596,-13.473054,-14.398651,False,False,12,S10,True,7,0.3495,delivery,,,,,,,,,,,,,,,,,,,,,,,,,,,,,,,,,,,,,,,,,,,,,,,,,,,,
45,25,13,59,S60,False,0,5,5,0,15,0,0,0,0,"['B28', 'B667', 'B660', 'B630', 'B296', 'B491', 'B564', 'B150', 'B698', 'B179', 'B469', 'B188', 'B391', 'B95', 'B424']",7.5,S24,7.55,15,5,20,0.0,,-1.025113,-13.506458,-14.531572,False,False,12,S24,False,6,0.3488,pickup,,,,,,,,,,,,,,,,,,,,,,,,,,,,,,,,,,,,,,,,,,,,,,,,,,,,
45,25,14,14,S24,False,15,5,20,0,0,0,0,0,0,[],0.0,S35,9.42,15,5,20,0.0,,-0.613087,-13.487549,-14.100636,False,False,18,S35,True,2,0.4979,do_nothing,,,,,,,,,,,,,,,,,,,,,,,,,,,,,,,,,,,,,,,,,,,,,,,,,,,,
45,25,14,23,S35,False,15,5,20,15,0,0,1,0,0,"['B555', 'B28', 'B667', 'B660', 'B630', 'B296', 'B491', 'B564', 'B150', 'B698', 'B179', 'B469', 'B188', 'B391', 'B95', 'B424']",8.0,S6,12.74,0,6,6,0.0,,-0.650322,-13.430644,-14.080966,True,True,30,S17,True,27,0.8055,delivery+depot_removal,,,,,,,,,,,,,,,,,,,,,,,,,,,,,,,,,,,,,,,,,,,,,,,,,,,,
45,25,14,44,S6,False,0,6,6,0,14,0,0,0,0,"['B52', 'B50', 'B339', 'B134', 'B377', 'B304', 'B729', 'B759', 'B495', 'B133', 'B515', 'B195', 'B535', 'B158']",7.0,S17,5.44,14,6,20,0.0,,-1.459593,-13.617683,-15.077276,False,False,12,S65,True,7,0.345,pickup,,,,,,,,,,,,,,,,,,,,,,,,,,,,,,,,,,,,,,,,,,,,,,,,,,,,
45,25,14,56,S17,False,14,6,20,14,0,0,0,0,0,"['B52', 'B50', 'B339', 'B134', 'B377', 'B304', 'B729', 'B759', 'B495', 'B133', 'B515', 'B195', 'B535', 'B158']",7.0,S65,7.47,0,6,6,0.0,,-1.477804,-13.42973,-14.907534,False,False,12,S15,True,6,0.388,delivery,,,,,,,,,,,,,,,,,,,,,,,,,,,,,,,,,,,,,,,,,,,,,,,,,,,,
45,25,15,11,S65,False,0,6,6,0,11,0,0,0,0,"['B210', 'B385', 'B646', 'B679', 'B89', 'B562', 'B597', 'B527', 'B599', 'B761', 'B306']",5.5,S55,9.08,11,6,17,0.0,,-0.924907,-13.228746,-14.153654,True,False,36,S36,True,24,1.0375,pickup,,,,,,,,,,,,,,,,,,,,,,,,,,,,,,,,,,,,,,,,,,,,,,,,,,,,
45,25,15,25,S55,False,11,6,17,11,0,0,1,0,0,"['B200', 'B210', 'B385', 'B646', 'B679', 'B89', 'B562', 'B597', 'B527', 'B599', 'B761', 'B306']",6.0,S10,2.1,0,7,7,0.0,,-0.925952,-13.103683,-14.029635,True,True,24,S10,False,22,0.6945,delivery+depot_removal,,,,,,,,,,,,,,,,,,,,,,,,,,,,,,,,,,,,,,,,,,,,,,,,,,,,
45,25,15,34,S10,False,0,7,7,0,10,0,0,0,0,"['B578', 'B649', 'B560', 'B101', 'B243', 'B657', 'B98', 'B118', 'B228', 'B347']",5.0,S61,5.09,10,7,17,0.0,,-0.887555,-13.189635,-14.07719,False,False,18,S62,True,16,0.4732,pickup,,,,,,,,,,,,,,,,,,,,,,,,,,,,,,,,,,,,,,,,,,,,,,,,,,,,
45,25,15,44,S61,False,10,7,17,10,0,0,0,0,0,"['B578', 'B649', 'B560', 'B101', 'B243', 'B657', 'B98', 'B118', 'B228', 'B347']",5.0,S62,2.06,0,7,7,0.0,,-1.084286,-13.2212,-14.305486,False,False,18,S66,True,12,0.5051,delivery,,,,,,,,,,,,,,,,,,,,,,,,,,,,,,,,,,,,,,,,,,,,,,,,,,,,
45,25,15,51,S62,False,0,7,7,0,13,0,0,0,0,"['B525', 'B636', 'B173', 'B51', 'B740', 'B461', 'B765', 'B194', 'B594', 'B337', 'B184', 'B233', 'B296']",6.5,S66,2.92,13,7,20,0.0,,-0.907178,-13.09055,-13.997728,False,False,12,S51,True,6,0.4338,pickup,,,,,,,,,,,,,,,,,,,,,,,,,,,,,,,,,,,,,,,,,,,,,,,,,,,,
45,25,16,0,S66,False,13,7,20,13,0,1,1,0,0,"['B94', 'B525', 'B636', 'B173', 'B51', 'B740', 'B461', 'B765', 'B194', 'B594', 'B337', 'B184', 'B233', 'B296']",10.0,S23,5.09,0,8,8,0.0,,-0.689474,-13.225998,-13.915472,True,True,60,S26,True,57,1.7152,delivery+maintenance,,,,,,,,,,,,,,,,,,,,,,,,,,,,,,,,,,,,,,,,,,,,,,,,,,,,
45,25,16,15,S23,False,0,8,8,0,9,0,1,0,0,"['B232', 'B325', 'B736', 'B394', 'B710', 'B713', 'B462', 'B203', 'B442', 'B108']",5.0,S26,8.86,9,9,18,0.0,,-0.710844,-13.130502,-13.841346,True,True,36,S30,True,31,1.1067,pickup+depot_removal,,,,,,,,,,,,,,,,,,,,,,,,,,,,,,,,,,,,,,,,,,,,,,,,,,,,
45,25,16,29,S26,False,9,9,18,9,0,0,0,0,0,"['B232', 'B325', 'B736', 'B394', 'B710', 'B713', 'B462', 'B203', 'B442']",4.5,S57,6.87,0,9,9,0.0,,-0.671,-13.04727,-13.71827,False,False,12,S36,True,6,0.3085,delivery,,,,,,,,,,,,,,,,,,,,,,,,,,,,,,,,,,,,,,,,,,,,,,,,,,,,
45,25,16,40,S57,False,0,9,9,0,11,0,0,0,0,"['B403', 'B271', 'B725', 'B697', 'B73', 'B632', 'B357', 'B420', 'B400', 'B56', 'B626']",5.5,S15,5.96,11,9,20,0.0,,-0.492887,-13.075083,-13.56797,True,False,18,S36,True,13,0.4769,pickup,,,,,,,,,,,,,,,,,,,,,,,,,,,,,,,,,,,,,,,,,,,,,,,,,,,,
45,25,16,52,S15,False,11,9,20,11,0,0,0,0,0,"['B403', 'B271', 'B725', 'B697', 'B73', 'B632', 'B357', 'B420', 'B400', 'B56', 'B626']",5.5,S30,4.47,0,9,9,0.0,,-0.217258,-13.004758,-13.222016,False,False,12,S65,True,8,0.3349,delivery,,,,,,,,,,,,,,,,,,,,,,,,,,,,,,,,,,,,,,,,,,,,,,,,,,,,
45,25,17,2,S30,False,0,9,9,0,9,0,0,0,0,"['B409', 'B382', 'B265', 'B131', 'B37', 'B103', 'B548', 'B254', 'B763']",4.5,S24,6.35,9,9,18,0.0,,-0.315278,-12.803279,-13.118557,False,False,18,S2,True,14,0.4887,pickup,,,,,,,,,,,,,,,,,,,,,,,,,,,,,,,,,,,,,,,,,,,,,,,,,,,,
45,25,17,13,S24,False,9,9,18,9,0,0,0,0,0,"['B409', 'B382', 'B265', 'B131', 'B37', 'B103', 'B548', 'B254', 'B763']",4.5,S20,5.62,0,9,9,0.0,,-0.314376,-12.689813,-13.004188,False,False,12,S13,True,6,0.3302,delivery,,,,,,,,,,,,,,,,,,,,,,,,,,,,,,,,,,,,,,,,,,,,,,,,,,,,
45,25,17,23,S20,False,0,9,9,0,0,0,1,0,0,['B373'],0.5,S65,4.59,0,10,10,0.0,,-0.434217,-12.827894,-13.262112,True,True,18,S65,False,7,0.4394,do_nothing+depot_removal,,,,,,,,,,,,,,,,,,,,,,,,,,,,,,,,,,,,,,,,,,,,,,,,,,,,
45,25,17,28,S65,False,0,10,10,0,10,0,0,0,0,"['B257', 'B93', 'B168', 'B302', 'B684', 'B285', 'B405', 'B607', 'B343', 'B289']",5.0,S14,10.47,10,10,20,0.0,,-0.316027,-12.676775,-12.992801,True,False,18,S13,True,15,0.421,pickup,,,,,,,,,,,,,,,,,,,,,,,,,,,,,,,,,,,,,,,,,,,,,,,,,,,,
45,25,17,43,S14,False,10,10,20,9,0,0,1,0,0,"['B437', 'B257', 'B93', 'B168', 'B302', 'B684', 'B285', 'B405', 'B607', 'B343']",5.0,S13,15.58,1,11,12,0.0,,-0.256904,-12.710693,-12.967597,True,True,30,S2,True,14,0.7027,delivery+depot_removal,,,,,,,,,,,,,,,,,,,,,,,,,,,,,,,,,,,,,,,,,,,,,,,,,,,,
45,25,18,4,S13,False,1,11,12,0,8,0,0,0,0,"['B544', 'B576', 'B612', 'B581', 'B663', 'B87', 'B237', 'B62']",4.0,S66,8.55,9,11,20,0.0,,-0.098416,-12.964641,-13.063057,True,False,18,S66,False,15,0.5413,pickup,,,,,,,,,,,,,,,,,,,,,,,,,,,,,,,,,,,,,,,,,,,,,,,,,,,,
45,25,18,17,S66,False,9,11,20,9,0,0,0,0,0,"['B289', 'B544', 'B576', 'B612', 'B581', 'B663', 'B87', 'B237', 'B62']",4.5,S47,2.81,0,11,11,0.0,,-0.255253,-12.836046,-13.091299,False,False,12,S33,True,6,0.2774,delivery,,,,,,,,,,,,,,,,,,,,,,,,,,,,,,,,,,,,,,,,,,,,,,,,,,,,
45,25,18,24,S47,False,0,11,11,0,9,1,0,0,0,"['B128', 'B714', 'B593', 'B489', 'B40', 'B540', 'B435', 'B526', 'B499']",7.5,S28,7.63,9,11,20,0.0,,-0.137216,-12.84294,-12.980156,True,True,24,S28,False,18,0.5339,pickup+onsite,,,,,,,,,,,,,,,,,,,,,,,,,,,,,,,,,,,,,,,,,,,,,,,,,,,,
45,25,18,39,S28,False,9,11,20,9,0,0,1,0,0,"['B281', 'B128', 'B714', 'B593', 'B489', 'B40', 'B540', 'B435', 'B526', 'B499']",5.0,S51,16.62,0,12,12,0.0,,-0.157339,-12.75295,-12.910289,True,True,18,S51,False,12,0.4384,delivery+depot_removal,,,,,,,,,,,,,,,,,,,,,,,,,,,,,,,,,,,,,,,,,,,,,,,,,,,,
45,25,19,1,S51,False,0,12,12,0,8,0,0,0,0,"['B507', 'B238', 'B564', 'B406', 'B538', 'B33', 'B559', 'B43']",4.0,S33,4.94,8,12,20,0.0,,-0.039449,-13.082956,-13.122405,False,False,12,S33,False,6,0.2924,pickup,,,,,,,,,,,,,,,,,,,,,,,,,,,,,,,,,,,,,,,,,,,,,,,,,,,,
45,25,19,10,S33,False,8,12,20,8,0,0,0,0,0,"['B507', 'B238', 'B564', 'B406', 'B538', 'B33', 'B559', 'B43']",4.0,S54,3.1,0,12,12,0.0,,-0.098916,-13.158796,-13.257712,False,False,12,S40,True,6,0.2981,delivery,,,,,,,,,,,,,,,,,,,,,,,,,,,,,,,,,,,,,,,,,,,,,,,,,,,,
45,25,19,17,S54,False,0,12,12,0,8,1,0,0,0,"['B693', 'B154', 'B491', 'B124', 'B410', 'B668', 'B383', 'B447']",7.0,S40,2.17,8,12,20,0.0,,-0.197785,-13.249382,-13.447167,True,True,24,S40,False,18,0.4785,pickup+onsite,,,,,,,,,,,,,,,,,,,,,,,,,,,,,,,,,,,,,,,,,,,,,,,,,,,,
45,25,19,26,S40,False,8,12,20,8,0,0,0,0,0,"['B693', 'B154', 'B491', 'B124', 'B410', 'B668', 'B383', 'B447']",4.0,S46,3.01,0,12,12,0.0,,-0.098817,-13.08184,-13.180657,False,False,11,S49,True,9,0.2837,delivery,,,,,,,,,,,,,,,,,,,,,,,,,,,,,,,,,,,,,,,,,,,,,,,,,,,,
45,25,19,33,S46,False,0,12,12,0,8,0,0,0,0,"['B242', 'B79', 'B436', 'B745', 'B463', 'B638', 'B114', 'B537']",4.0,S55,2.88,8,12,20,0.0,,-0.097869,-13.070357,-13.168226,False,False,11,S49,True,9,0.3163,pickup,,,,,,,,,,,,,,,,,,,,,,,,,,,,,,,,,,,,,,,,,,,,,,,,,,,,
45,25,19,40,S55,False,8,12,20,8,0,0,0,0,0,"['B242', 'B79', 'B436', 'B745', 'B463', 'B638', 'B114', 'B537']",4.0,S52,3.9,0,12,12,0.0,,-0.157837,-12.916037,-13.073874,False,False,7,S52,False,4,0.2149,delivery,,,,,,,,,,,,,,,,,,,,,,,,,,,,,,,,,,,,,,,,,,,,,,,,,,,,
45,25,19,48,S52,False,0,12,12,0,8,0,0,0,0,"['B760', 'B36', 'B460', 'B625', 'B539', 'B573', 'B444', 'B64']",4.0,D0,1.21,8,12,20,0.0,,-0.137016,-13.214009,-13.351026,True,False,7,D0,True,3,0.2365,pickup,,,,,,,,,,,,,,,,,,,,,,,,,,,,,,,,,,,,,,,,,,,,,,,,,,,,
45,25,19,53,D0,True,8,12,20,0,0,0,0,12,12,"['B464', 'B398', 'B130', 'B520', 'B278', 'B351', 'B152', 'B263', 'B672', 'B297', 'B358', 'B767', 'B246', 'B605', 'B619', 'B750', 'B344', 'B555', 'B200', 'B94', 'B108', 'B373', 'B437', 'B281']",12.0,D0,0.0,20,0,20,0.0,,-0.11844,-13.01374,-13.13218,True,True,1,D0,False,0,0.0396,do_nothing,,,,,,,,,,,,,,,,,,,,,,,,,,,,,,,,,,,,,,,,,,,,,,,,,,,,
45,26,6,5,D0,True,20,0,20,0,0,0,0,0,0,[],0.0,S15,1.31,20,0,20,0.0,,-0.118038,-13.381271,-13.499309,True,True,5,S15,False,2,0.1417,depot_passthrough,,,,,,,,,,,,,,,,,,,,,,,,,,,,,,,,,,,,,,,,,,,,,,,,,,,,
45,26,6,21,S15,False,20,0,20,10,0,0,0,0,0,"['B760', 'B36', 'B460', 'B625', 'B539', 'B573', 'B444', 'B64', 'B464', 'B398']",5.0,S36,7.68,10,0,10,0.0,,-0.098867,-13.288802,-13.387669,False,False,18,S34,True,6,0.4861,delivery,,,,,,,,,,,,,,,,,,,,,,,,,,,,,,,,,,,,,,,,,,,,,,,,,,,,
45,26,6,34,S36,False,10,0,10,0,10,1,0,0,0,"['B55', 'B151', 'B571', 'B379', 'B743', 'B31', 'B4', 'B141', 'B60', 'B425']",8.0,S63,3.15,20,0,20,0.0,,-0.118942,-13.194639,-13.313581,True,True,24,S63,False,21,0.6405,pickup+onsite,,,,,,,,,,,,,,,,,,,,,,,,,,,,,,,,,,,,,,,,,,,,,,,,,,,,
45,26,6,45,S63,False,20,0,20,13,0,0,0,0,0,"['B130', 'B520', 'B278', 'B351', 'B152', 'B263', 'B672', 'B297', 'B358', 'B767', 'B55', 'B151', 'B571']",6.5,S56,4.53,7,0,7,0.0,,-0.039548,-13.177227,-13.216775,False,False,18,S56,False,12,0.5352,delivery,,,,,,,,,,,,,,,,,,,,,,,,,,,,,,,,,,,,,,,,,,,,,,,,,,,,
45,26,6,56,S56,False,7,0,7,0,0,1,0,0,0,[],3.0,S9,8.63,7,0,7,0.0,,-0.039296,-13.14656,-13.185856,True,True,24,S49,True,6,0.8178,do_nothing+onsite,,,,,,,,,,,,,,,,,,,,,,,,,,,,,,,,,,,,,,,,,,,,,,,,,,,,
45,26,7,8,S9,False,7,0,7,0,0,1,0,0,0,[],3.0,S48,3.03,7,0,7,0.0,,-0.058823,-12.879717,-12.93854,True,True,24,S8,True,8,0.6717,do_nothing+onsite,,,,,,,,,,,,,,,,,,,,,,,,,,,,,,,,,,,,,,,,,,,,,,,,,,,,
45,26,7,14,S48,False,7,0,7,7,0,0,1,0,0,"['B505', 'B379', 'B743', 'B31', 'B4', 'B141', 'B60', 'B425']",4.0,S37,5.41,0,1,1,0.0,,-0.038899,-12.883291,-12.92219,True,True,24,S8,True,18,0.6837,delivery+depot_removal,,,,,,,,,,,,,,,,,,,,,,,,,,,,,,,,,,,,,,,,,,,,,,,,,,,,
45,26,7,23,S37,False,0,1,1,0,19,0,0,0,0,"['B146', 'B347', 'B61', 'B560', 'B105', 'B204', 'B101', 'B54', 'B68', 'B362', 'B86', 'B413', 'B190', 'B338', 'B264', 'B747', 'B276', 'B670', 'B299']",9.5,S26,7.79,19,1,20,0.0,,-0.098167,-12.847223,-12.94539,False,False,12,S26,False,6,0.4267,pickup,,,,,,,,,,,,,,,,,,,,,,,,,,,,,,,,,,,,,,,,,,,,,,,,,,,,
45,26,7,40,S26,False,19,1,20,11,0,0,0,0,0,"['B146', 'B347', 'B61', 'B560', 'B105', 'B204', 'B101', 'B54', 'B68', 'B362', 'B86']",5.5,S12,13.22,8,1,9,0.0,,-0.058373,-12.697515,-12.755887,False,False,18,S34,True,8,0.509,delivery,,,,,,,,,,,,,,,,,,,,,,,,,,,,,,,,,,,,,,,,,,,,,,,,,,,,
45,26,7,59,S12,False,8,1,9,0,0,0,2,0,0,"['B201', 'B508']",1.0,S9,1.46,8,3,11,0.0,,-0.099119,-12.73067,-12.829789,True,True,36,S8,True,12,1.4999,do_nothing+depot_removal,,,,,,,,,,,,,,,,,,,,,,,,,,,,,,,,,,,,,,,,,,,,,,,,,,,,
45,26,8,2,S9,False,8,3,11,6,0,0,0,0,0,"['B413', 'B190', 'B338', 'B264', 'B747', 'B276']",3.0,S56,8.63,2,3,5,0.0,,-0.038948,-12.673795,-12.712743,False,False,18,S56,False,16,0.3547,delivery,,,,,,,,,,,,,,,,,,,,,,,,,,,,,,,,,,,,,,,,,,,,,,,,,,,,
45,26,8,13,S56,False,2,3,5,2,0,0,0,0,0,"['B670', 'B299']",1.0,S31,7.22,0,3,3,0.0,,-0.058872,-12.750021,-12.808894,False,False,12,S20,True,8,0.2523,delivery,,,,,,,,,,,,,,,,,,,,,,,,,,,,,,,,,,,,,,,,,,,,,,,,,,,,
45,26,8,21,S31,False,0,3,3,0,17,0,0,0,0,"['B414', 'B545', 'B482', 'B121', 'B481', 'B594', 'B517', 'B761', 'B286', 'B687', 'B18', 'B429', 'B530', 'B249', 'B762', 'B432', 'B500']",8.5,S56,7.22,17,3,20,0.0,,-0.079494,-12.729087,-12.808581,False,False,12,S49,True,10,0.3138,pickup,,,,,,,,,,,,,,,,,,,,,,,,,,,,,,,,,,,,,,,,,,,,,,,,,,,,
45,26,8,37,S56,False,17,3,20,10,0,0,0,0,0,"['B414', 'B545', 'B482', 'B121', 'B481', 'B594', 'B517', 'B761', 'B286', 'B687']",5.0,S49,9.05,7,3,10,0.0,,-0.157789,-12.76496,-12.922749,False,False,18,S2,True,14,0.5383,delivery,,,,,,,,,,,,,,,,,,,,,,,,,,,,,,,,,,,,,,,,,,,,,,,,,,,,
45,26,8,51,S49,False,7,3,10,0,10,0,0,0,0,"['B643', 'B369', 'B350', 'B423', 'B212', 'B476', 'B430', 'B620', 'B239', 'B280']",5.0,S7,7.01,17,3,20,0.0,,-0.216406,-12.799008,-13.015415,False,False,12,S29,True,7,0.5258,pickup,,,,,,,,,,,,,,,,,,,,,,,,,,,,,,,,,,,,,,,,,,,,,,,,,,,,
45,26,9,3,S7,False,17,3,20,14,0,1,1,0,0,"['B570', 'B18', 'B429', 'B530', 'B249', 'B762', 'B432', 'B500', 'B643', 'B369', 'B350', 'B423', 'B212', 'B476', 'B430']",10.5,S61,7.71,3,4,7,0.0,,-0.138266,-12.6947,-12.832966,True,True,60,S2,True,57,1.7704,delivery+maintenance,,,,,,,,,,,,,,,,,,,,,,,,,,,,,,,,,,,,,,,,,,,,,,,,,,,,
45,26,9,21,S61,False,3,4,7,0,9,0,0,0,0,"['B748', 'B298', 'B32', 'B251', 'B41', 'B57', 'B388', 'B421', 'B111']",4.5,S51,6.56,12,4,16,0.0,,-0.17691,-12.852165,-13.029075,False,False,18,S44,True,13,0.5437,pickup,,,,,,,,,,,,,,,,,,,,,,,,,,,,,,,,,,,,,,,,,,,,,,,,,,,,
45,26,9,32,S51,False,12,4,16,12,0,0,0,0,0,"['B620', 'B239', 'B280', 'B748', 'B298', 'B32', 'B251', 'B41', 'B57', 'B388', 'B421', 'B111']",6.0,S37,4.67,0,4,4,0.0,,-0.195735,-12.677359,-12.873095,False,False,12,S52,True,7,0.3405,delivery,,,,,,,,,,,,,,,,,,,,,,,,,,,,,,,,,,,,,,,,,,,,,,,,,,,,
45,26,9,43,S37,False,0,4,4,0,11,0,0,0,0,"['B65', 'B612', 'B663', 'B191', 'B253', 'B513', 'B138', 'B527', 'B557', 'B218', 'B69']",5.5,S44,1.36,11,4,15,0.0,,-0.177815,-12.767686,-12.945501,False,False,18,S47,True,16,0.5471,pickup,,,,,,,,,,,,,,,,,,,,,,,,,,,,,,,,,,,,,,,,,,,,,,,,,,,,
45,26,9,50,S44,False,11,4,15,10,0,1,0,0,0,"['B65', 'B612', 'B663', 'B191', 'B253', 'B513', 'B138', 'B527', 'B557', 'B218']",8.0,S47,6.18,1,4,5,0.0,,-0.177459,-12.636704,-12.814162,True,True,36,S11,True,18,1.1465,delivery+onsite,,,,,,,,,,,,,,,,,,,,,,,,,,,,,,,,,,,,,,,,,,,,,,,,,,,,
45,26,10,4,S47,False,1,4,5,0,15,0,0,0,0,"['B208', 'B583', 'B250', 'B193', 'B386', 'B326', 'B375', 'B439', 'B502', 'B719', 'B175', 'B726', 'B88', 'B727', 'B184']",7.5,S29,9.08,16,4,20,0.0,,-0.078546,-12.525469,-12.604014,False,False,18,S2,True,7,0.5047,pickup,,,,,,,,,,,,,,,,,,,,,,,,,,,,,,,,,,,,,,,,,,,,,,,,,,,,
45,26,10,21,S29,False,16,4,20,16,0,0,0,0,0,"['B69', 'B208', 'B583', 'B250', 'B193', 'B386', 'B326', 'B375', 'B439', 'B502', 'B719', 'B175', 'B726', 'B88', 'B727', 'B184']",8.0,S62,3.79,0,4,4,0.0,,-0.395319,-12.469877,-12.865196,False,False,12,S62,False,6,0.3731,delivery,,,,,,,,,,,,,,,,,,,,,,,,,,,,,,,,,,,,,,,,,,,,,,,,,,,,
45,26,10,32,S62,False,0,4,4,0,13,0,0,0,0,"['B259', 'B198', 'B610', 'B333', 'B401', 'B410', 'B732', 'B99', 'B332', 'B507', 'B399', 'B482', 'B744']",6.5,S66,2.92,13,4,17,0.0,,-0.355069,-12.554483,-12.909551,False,False,18,S66,False,12,0.5504,pickup,,,,,,,,,,,,,,,,,,,,,,,,,,,,,,,,,,,,,,,,,,,,,,,,,,,,
45,26,10,42,S66,False,13,4,17,13,0,0,0,0,0,"['B259', 'B198', 'B610', 'B333', 'B401', 'B410', 'B732', 'B99', 'B332', 'B507', 'B399', 'B482', 'B744']",6.5,S52,3.13,0,4,4,0.0,,-0.336254,-12.578351,-12.914605,False,False,12,S52,False,6,0.3616,delivery,,,,,,,,,,,,,,,,,,,,,,,,,,,,,,,,,,,,,,,,,,,,,,,,,,,,
45,26,10,52,S52,False,0,4,4,0,9,0,2,0,0,"['B180', 'B127', 'B79', 'B653', 'B414', 'B78', 'B624', 'B95', 'B314', 'B38', 'B380']",5.5,S61,2.0,9,6,15,0.0,,-0.31718,-12.720762,-13.037942,True,True,54,S63,True,49,1.7466,pickup+depot_removal,,,,,,,,,,,,,,,,,,,,,,,,,,,,,,,,,,,,,,,,,,,,,,,,,,,,
45,26,10,59,S61,False,9,6,15,9,0,0,0,0,0,"['B180', 'B127', 'B79', 'B653', 'B414', 'B78', 'B624', 'B95', 'B314']",4.5,S58,2.59,0,6,6,0.0,,-0.196831,-12.661579,-12.85841,False,False,12,S44,True,8,0.4421,delivery,,,,,,,,,,,,,,,,,,,,,,,,,,,,,,,,,,,,,,,,,,,,,,,,,,,,
45,26,11,6,S58,False,0,6,6,0,11,1,0,0,0,"['B361', 'B80', 'B436', 'B124', 'B87', 'B450', 'B306', 'B606', 'B214', 'B650', 'B563']",8.5,S12,6.29,11,6,17,0.0,,-0.176811,-12.573423,-12.750234,True,True,36,S63,True,30,0.9562,pickup+onsite,,,,,,,,,,,,,,,,,,,,,,,,,,,,,,,,,,,,,,,,,,,,,,,,,,,,
45,26,11,21,S12,False,11,6,17,11,0,0,0,0,0,"['B361', 'B80', 'B436', 'B124', 'B87', 'B450', 'B306', 'B606', 'B214', 'B650', 'B563']",5.5,S16,5.59,0,6,6,0.0,,-0.079095,-12.659359,-12.738454,False,False,12,S44,True,7,0.3121,delivery,,,,,,,,,,,,,,,,,,,,,,,,,,,,,,,,,,,,,,,,,,,,,,,,,,,,
45,26,11,32,S16,False,0,6,6,0,8,1,0,0,0,"['B503', 'B210', 'B599', 'B90', 'B646', 'B676', 'B551', 'B233']",7.0,S44,0.23,8,6,14,0.0,,-0.097769,-12.745631,-12.843399,True,True,36,S63,True,18,0.9763,pickup+onsite,,,,,,,,,,,,,,,,,,,,,,,,,,,,,,,,,,,,,,,,,,,,,,,,,,,,
45,26,11,39,S44,False,8,6,14,0,6,0,0,0,0,"['B136', 'B149', 'B351', 'B205', 'B132', 'B323']",3.0,S31,3.74,14,6,20,0.0,,-0.2953,-12.788628,-13.083928,False,False,12,S31,False,9,0.2741,pickup,,,,,,,,,,,,,,,,,,,,,,,,,,,,,,,,,,,,,,,,,,,,,,,,,,,,
45,26,11,46,S31,False,14,6,20,0,0,0,0,0,0,[],0.0,S2,4.07,14,6,20,0.0,,-0.295054,-12.815385,-13.110439,False,False,18,S17,True,4,0.4358,do_nothing,,,,,,,,,,,,,,,,,,,,,,,,,,,,,,,,,,,,,,,,,,,,,,,,,,,,
45,26,11,50,S2,False,14,6,20,14,0,0,0,0,0,"['B503', 'B210', 'B599', 'B90', 'B646', 'B676', 'B551', 'B233', 'B136', 'B149', 'B351', 'B205', 'B132', 'B323']",7.0,S37,6.84,0,6,6,0.0,,-0.275631,-12.612861,-12.888492,False,False,18,S17,True,12,0.4704,delivery,,,,,,,,,,,,,,,,,,,,,,,,,,,,,,,,,,,,,,,,,,,,,,,,,,,,
45,26,12,4,S37,False,0,6,6,0,6,0,1,0,0,"['B239', 'B43', 'B748', 'B466', 'B442', 'B539', 'B481']",3.5,S51,4.67,6,7,13,0.0,,-0.098668,-12.705277,-12.803945,True,True,36,S43,True,19,0.8817,pickup+depot_removal,,,,,,,,,,,,,,,,,,,,,,,,,,,,,,,,,,,,,,,,,,,,,,,,,,,,
45,26,12,12,S51,False,6,7,13,6,0,0,0,0,0,"['B239', 'B43', 'B748', 'B466', 'B442', 'B539']",3.0,S43,3.12,0,7,7,0.0,,-0.078843,-12.58413,-12.662973,False,False,12,S8,True,7,0.3333,delivery,,,,,,,,,,,,,,,,,,,,,,,,,,,,,,,,,,,,,,,,,,,,,,,,,,,,
45,26,12,18,S43,False,0,7,7,0,0,0,1,0,0,['B171'],0.5,S41,5.33,0,8,8,0.0,,-0.059071,-12.631311,-12.690382,True,True,36,S59,True,9,0.9101,do_nothing+depot_removal,,,,,,,,,,,,,,,,,,,,,,,,,,,,,,,,,,,,,,,,,,,,,,,,,,,,
45,26,12,24,S41,False,0,8,8,0,8,0,0,0,0,"['B404', 'B720', 'B59', 'B540', 'B202', 'B92', 'B723', 'B644']",4.0,S22,3.42,8,8,16,0.0,,-0.156791,-12.609482,-12.766273,False,False,18,S59,True,10,0.4929,pickup,,,,,,,,,,,,,,,,,,,,,,,,,,,,,,,,,,,,,,,,,,,,,,,,,,,,
45,26,12,31,S22,False,8,8,16,8,0,0,1,0,0,"['B491', 'B404', 'B720', 'B59', 'B540', 'B202', 'B92', 'B723', 'B644']",4.5,S59,6.26,0,9,9,0.0,,-0.11754,-12.617589,-12.735129,True,True,24,S40,True,19,0.7512,delivery+depot_removal,,,,,,,,,,,,,,,,,,,,,,,,,,,,,,,,,,,,,,,,,,,,,,,,,,,,
45,26,12,42,S59,False,0,9,9,0,11,0,0,0,0,"['B5', 'B74', 'B671', 'B340', 'B183', 'B0', 'B472', 'B118', 'B8', 'B631', 'B581']",5.5,S33,3.27,11,9,20,0.0,,-0.098167,-12.585117,-12.683283,False,False,12,S43,True,10,0.3362,pickup,,,,,,,,,,,,,,,,,,,,,,,,,,,,,,,,,,,,,,,,,,,,,,,,,,,,
45,26,12,51,S33,False,11,9,20,11,0,0,0,0,0,"['B5', 'B74', 'B671', 'B340', 'B183', 'B0', 'B472', 'B118', 'B8', 'B631', 'B581']",5.5,S54,3.1,0,9,9,0.0,,-0.078445,-12.545661,-12.624106,False,False,18,S35,True,15,0.5028,delivery,,,,,,,,,,,,,,,,,,,,,,,,,,,,,,,,,,,,,,,,,,,,,,,,,,,,
45,26,13,0,S54,False,0,9,9,0,11,0,0,0,0,"['B477', 'B376', 'B190', 'B137', 'B498', 'B612', 'B307', 'B529', 'B353', 'B518', 'B3']",5.5,S35,2.91,11,9,20,0.0,,-0.118542,-12.477549,-12.596091,False,False,12,S34,True,9,0.3134,pickup,,,,,,,,,,,,,,,,,,,,,,,,,,,,,,,,,,,,,,,,,,,,,,,,,,,,
45,26,13,8,S35,False,11,9,20,11,0,1,1,0,0,"['B685', 'B477', 'B376', 'B190', 'B137', 'B498', 'B612', 'B307', 'B529', 'B353', 'B518', 'B3']",9.0,S43,7.26,0,10,10,0.0,,-0.059119,-12.372559,-12.431678,True,True,60,S34,True,58,1.4448,delivery+maintenance,,,,,,,,,,,,,,,,,,,,,,,,,,,,,,,,,,,,,,,,,,,,,,,,,,,,
45,26,13,24,S43,False,0,10,10,0,10,0,0,0,0,"['B211', 'B585', 'B621', 'B315', 'B13', 'B24', 'B717', 'B420', 'B421', 'B356']",5.0,S15,5.75,10,10,20,0.0,,-0.078193,-12.461165,-12.539359,False,False,18,S31,True,10,0.394,pickup,,,,,,,,,,,,,,,,,,,,,,,,,,,,,,,,,,,,,,,,,,,,,,,,,,,,
45,26,13,35,S15,False,10,10,20,0,0,0,0,0,0,[],0.0,S44,4.96,10,10,20,0.0,,-0.158343,-12.485441,-12.643784,False,False,12,S44,False,1,0.2718,do_nothing,,,,,,,,,,,,,,,,,,,,,,,,,,,,,,,,,,,,,,,,,,,,,,,,,,,,
45,26,13,40,S44,False,10,10,20,10,0,0,0,0,0,"['B211', 'B585', 'B621', 'B315', 'B13', 'B24', 'B717', 'B420', 'B421', 'B356']",5.0,S42,8.11,0,10,10,0.0,,-0.077946,-12.472183,-12.550128,False,False,12,S63,True,8,0.2716,delivery,,,,,,,,,,,,,,,,,,,,,,,,,,,,,,,,,,,,,,,,,,,,,,,,,,,,
45,26,13,53,S42,False,0,10,10,0,9,0,1,0,0,"['B191', 'B150', 'B374', 'B652', 'B286', 'B95', 'B170', 'B550', 'B379', 'B253']",5.0,S15,6.77,9,11,20,0.0,,-0.078347,-12.556758,-12.635105,True,True,30,S62,True,27,0.7223,pickup+depot_removal,,,,,,,,,,,,,,,,,,,,,,,,,,,,,,,,,,,,,,,,,,,,,,,,,,,,
45,26,14,5,S15,False,9,11,20,9,0,0,0,0,0,"['B191', 'B150', 'B374', 'B652', 'B286', 'B95', 'B170', 'B550', 'B379']",4.5,S19,9.58,0,11,11,0.0,,-0.21756,-12.705873,-12.923433,False,False,12,S31,True,9,0.287,delivery,,,,,,,,,,,,,,,,,,,,,,,,,,,,,,,,,,,,,,,,,,,,,,,,,,,,
45,26,14,19,S19,False,0,11,11,0,0,1,0,0,0,[],3.0,S40,7.09,0,11,11,0.0,,-0.196182,-12.693128,-12.889309,True,True,36,S20,True,7,0.8811,do_nothing+onsite,,,,,,,,,,,,,,,,,,,,,,,,,,,,,,,,,,,,,,,,,,,,,,,,,,,,
45,26,14,29,S40,False,0,11,11,0,9,0,0,0,0,"['B537', 'B592', 'B393', 'B312', 'B329', 'B289', 'B497', 'B258', 'B347']",4.5,S31,3.53,9,11,20,0.0,,-0.295552,-12.869965,-13.165517,False,False,12,S19,True,9,0.272,pickup,,,,,,,,,,,,,,,,,,,,,,,,,,,,,,,,,,,,,,,,,,,,,,,,,,,,
45,26,14,37,S31,False,9,11,20,0,0,0,0,0,0,[],0.0,S44,3.74,9,11,20,0.0,,-0.295156,-12.94407,-13.239226,True,False,18,S17,True,3,0.4787,do_nothing,,,,,,,,,,,,,,,,,,,,,,,,,,,,,,,,,,,,,,,,,,,,,,,,,,,,
45,26,14,41,S44,False,9,11,20,9,0,0,0,0,0,"['B537', 'B592', 'B393', 'B312', 'B329', 'B289', 'B497', 'B258', 'B347']",4.5,S62,2.2,0,11,11,0.0,,-0.434973,-12.956014,-13.390986,False,False,12,S62,False,6,0.2583,delivery,,,,,,,,,,,,,,,,,,,,,,,,,,,,,,,,,,,,,,,,,,,,,,,,,,,,
45,26,14,47,S62,False,0,11,11,0,9,0,0,0,0,"['B471', 'B339', 'B525', 'B243', 'B40', 'B495', 'B487', 'B415', 'B165']",4.5,S66,2.92,9,11,20,0.0,,-0.255905,-12.711053,-12.966958,False,False,12,S19,True,10,0.2662,pickup,,,,,,,,,,,,,,,,,,,,,,,,,,,,,,,,,,,,,,,,,,,,,,,,,,,,
45,26,14,55,S66,False,9,11,20,9,0,1,0,0,0,"['B471', 'B339', 'B525', 'B243', 'B40', 'B495', 'B487', 'B415', 'B165']",7.5,S20,7.48,0,11,11,0.0,,-0.216857,-12.697805,-12.914662,True,True,36,S17,True,19,0.8791,delivery+onsite,,,,,,,,,,,,,,,,,,,,,,,,,,,,,,,,,,,,,,,,,,,,,,,,,,,,
45,26,15,10,S20,False,0,11,11,0,9,0,0,0,0,"['B690', 'B6', 'B531', 'B167', 'B142', 'B402', 'B231', 'B166', 'B634']",4.5,S39,9.4,9,11,20,0.0,,-0.216207,-12.352843,-12.569049,False,False,12,S63,True,6,0.3177,pickup,,,,,,,,,,,,,,,,,,,,,,,,,,,,,,,,,,,,,,,,,,,,,,,,,,,,
45,26,15,24,S39,False,9,11,20,9,0,0,1,0,0,"['B182', 'B690', 'B6', 'B531', 'B167', 'B142', 'B402', 'B231', 'B166', 'B634']",5.0,S64,2.55,0,12,12,0.0,,-0.395479,-12.406708,-12.802187,True,True,18,S64,False,12,0.4499,delivery+depot_removal,,,,,,,,,,,,,,,,,,,,,,,,,,,,,,,,,,,,,,,,,,,,,,,,,,,,
45,26,15,31,S64,False,0,12,12,0,8,0,0,0,0,"['B709', 'B331', 'B122', 'B139', 'B354', 'B711', 'B358', 'B534']",4.0,S44,3.2,8,12,20,0.0,,-0.334299,-12.278051,-12.61235,False,False,18,S14,True,12,0.4367,pickup,,,,,,,,,,,,,,,,,,,,,,,,,,,,,,,,,,,,,,,,,,,,,,,,,,,,
45,26,15,39,S44,False,8,12,20,8,0,0,0,0,0,"['B709', 'B331', 'B122', 'B139', 'B354', 'B711', 'B358', 'B534']",4.0,S63,0.47,0,12,12,0.0,,-0.11799,-12.385554,-12.503544,False,False,12,S30,True,6,0.2782,delivery,,,,,,,,,,,,,,,,,,,,,,,,,,,,,,,,,,,,,,,,,,,,,,,,,,,,
45,26,15,43,S63,False,0,12,12,0,8,0,0,0,0,"['B50', 'B4', 'B742', 'B559', 'B708', 'B696', 'B511', 'B337']",4.0,S30,6.1,8,12,20,0.0,,-0.413495,-12.386589,-12.800084,False,False,12,S45,True,10,0.2857,pickup,,,,,,,,,,,,,,,,,,,,,,,,,,,,,,,,,,,,,,,,,,,,,,,,,,,,
45,26,15,53,S30,False,8,12,20,7,0,0,1,0,0,"['B426', 'B50', 'B4', 'B742', 'B559', 'B708', 'B696', 'B511']",4.0,S60,1.77,1,13,14,0.0,,-0.373347,-12.449144,-12.822491,True,True,30,S65,True,25,0.8132,delivery+depot_removal,,,,,,,,,,,,,,,,,,,,,,,,,,,,,,,,,,,,,,,,,,,,,,,,,,,,
45,26,15,59,S60,False,1,13,14,0,6,1,0,0,0,"['B203', 'B400', 'B233', 'B343', 'B601', 'B319']",6.0,S65,3.09,7,13,20,0.0,,-0.157688,-12.424456,-12.582144,True,True,24,S45,True,21,0.6302,pickup+onsite,,,,,,,,,,,,,,,,,,,,,,,,,,,,,,,,,,,,,,,,,,,,,,,,,,,,
45,26,16,8,S65,False,7,13,20,7,0,0,2,0,0,"['B701', 'B739', 'B337', 'B203', 'B400', 'B233', 'B343', 'B601', 'B319']",4.5,S61,4.19,0,15,15,0.0,,-0.315077,-12.565514,-12.880591,True,True,24,S17,True,19,0.833,delivery+depot_removal,,,,,,,,,,,,,,,,,,,,,,,,,,,,,,,,,,,,,,,,,,,,,,,,,,,,
45,26,16,17,S61,False,0,15,15,0,0,0,0,0,0,[],0.0,S21,12.25,0,15,15,0.0,,-0.235834,-12.459733,-12.695567,False,False,18,S21,False,2,0.4124,do_nothing,,,,,,,,,,,,,,,,,,,,,,,,,,,,,,,,,,,,,,,,,,,,,,,,,,,,
45,26,16,29,S21,False,0,15,15,0,5,2,0,0,0,"['B569', 'B153', 'B428', 'B37', 'B744']",8.5,S17,10.33,5,15,20,0.0,,-0.236631,-12.431401,-12.668032,True,True,36,S14,True,32,0.8539,pickup+onsite,,,,,,,,,,,,,,,,,,,,,,,,,,,,,,,,,,,,,,,,,,,,,,,,,,,,
45,26,16,48,S17,False,5,15,20,5,0,0,0,0,0,"['B569', 'B153', 'B428', 'B37', 'B744']",2.5,S66,7.34,0,15,15,0.0,,-0.434813,-12.440108,-12.87492,False,False,12,S66,False,6,0.2522,delivery,,,,,,,,,,,,,,,,,,,,,,,,,,,,,,,,,,,,,,,,,,,,,,,,,,,,
45,26,16,58,S66,False,0,15,15,0,5,0,0,0,0,"['B165', 'B250', 'B11', 'B329', 'B15']",2.5,S26,5.64,5,15,20,0.0,,-0.333699,-12.530992,-12.864691,False,False,12,S26,False,6,0.2538,pickup,,,,,,,,,,,,,,,,,,,,,,,,,,,,,,,,,,,,,,,,,,,,,,,,,,,,
45,26,17,6,S26,False,5,15,20,5,0,0,0,0,0,"['B165', 'B250', 'B11', 'B329', 'B15']",2.5,S19,12.13,0,15,15,0.0,,-0.157688,-12.568188,-12.725875,False,False,12,S66,True,10,0.2616,delivery,,,,,,,,,,,,,,,,,,,,,,,,,,,,,,,,,,,,,,,,,,,,,,,,,,,,
45,26,17,20,S19,False,0,15,15,0,5,0,0,0,0,"['B441', 'B52', 'B237', 'B403', 'B93']",2.5,S46,4.09,5,15,20,0.0,,-0.217604,-12.414125,-12.631729,False,False,12,S32,True,9,0.2612,pickup,,,,,,,,,,,,,,,,,,,,,,,,,,,,,,,,,,,,,,,,,,,,,,,,,,,,
45,26,17,27,S46,False,5,15,20,5,0,0,0,0,0,"['B441', 'B52', 'B237', 'B403', 'B93']",2.5,S66,5.15,0,15,15,0.0,,-0.178363,-12.397565,-12.575928,False,False,12,S45,True,8,0.266,delivery,,,,,,,,,,,,,,,,,,,,,,,,,,,,,,,,,,,,,,,,,,,,,,,,,,,,
45,26,17,35,S66,False,0,15,15,0,5,0,0,0,0,"['B726', 'B574', 'B101', 'B727', 'B413']",2.5,S42,9.4,5,15,20,0.0,,-0.138464,-12.460462,-12.598925,False,False,12,S30,True,9,0.2529,pickup,,,,,,,,,,,,,,,,,,,,,,,,,,,,,,,,,,,,,,,,,,,,,,,,,,,,
45,26,17,46,S42,False,5,15,20,5,0,0,0,0,0,"['B726', 'B574', 'B101', 'B727', 'B413']",2.5,S64,10.2,0,15,15,0.0,,-0.078493,-12.357538,-12.436032,False,False,12,S63,True,7,0.3678,delivery,,,,,,,,,,,,,,,,,,,,,,,,,,,,,,,,,,,,,,,,,,,,,,,,,,,,
45,26,17,59,S64,False,0,15,15,0,5,0,0,0,0,"['B151', 'B522', 'B695', 'B251', 'B429']",2.5,S42,10.2,5,15,20,0.0,,-0.059671,-12.346514,-12.406185,False,False,12,S26,True,7,0.3191,pickup,,,,,,,,,,,,,,,,,,,,,,,,,,,,,,,,,,,,,,,,,,,,,,,,,,,,
45,26,18,12,S42,False,5,15,20,5,0,0,0,0,0,"['B151', 'B522', 'B695', 'B251', 'B429']",2.5,S63,7.96,0,15,15,0.0,,-0.019673,-12.542026,-12.561699,False,False,12,S45,True,6,0.2578,delivery,,,,,,,,,,,,,,,,,,,,,,,,,,,,,,,,,,,,,,,,,,,,,,,,,,,,
45,26,18,22,S63,False,0,15,15,0,5,0,0,0,0,"['B494', 'B530', 'B651', 'B624', 'B187']",2.5,S45,1.16,5,15,20,0.0,,-0.098067,-12.611296,-12.709363,True,False,18,S48,True,12,0.4199,pickup,,,,,,,,,,,,,,,,,,,,,,,,,,,,,,,,,,,,,,,,,,,,,,,,,,,,
45,26,18,26,S45,False,5,15,20,5,0,0,0,0,0,"['B494', 'B530', 'B651', 'B624', 'B187']",2.5,S3,3.25,0,15,15,0.0,,-0.019873,-12.547638,-12.567512,False,False,12,S63,True,9,0.25,delivery,,,,,,,,,,,,,,,,,,,,,,,,,,,,,,,,,,,,,,,,,,,,,,,,,,,,
45,26,18,32,S3,False,0,15,15,0,5,0,0,0,0,"['B614', 'B578', 'B702', 'B196', 'B213']",2.5,S61,6.4,5,15,20,0.0,,-0.118642,-12.605487,-12.724129,False,False,12,S63,True,9,0.2495,pickup,,,,,,,,,,,,,,,,,,,,,,,,,,,,,,,,,,,,,,,,,,,,,,,,,,,,
45,26,18,41,S61,False,5,15,20,5,0,0,0,0,0,"['B614', 'B578', 'B702', 'B196', 'B213']",2.5,S66,1.13,0,15,15,0.0,,0.0,-12.5855,-12.5855,False,False,12,S66,False,6,0.2458,delivery,,,,,,,,,,,,,,,,,,,,,,,,,,,,,,,,,,,,,,,,,,,,,,,,,,,,
45,26,18,44,S66,False,0,15,15,0,5,0,0,0,0,"['B525', 'B155', 'B40', 'B452', 'B320']",2.5,S44,3.92,5,15,20,0.0,,-0.019924,-12.586271,-12.606195,False,False,12,S31,True,7,0.2476,pickup,,,,,,,,,,,,,,,,,,,,,,,,,,,,,,,,,,,,,,,,,,,,,,,,,,,,
45,26,18,51,S44,False,5,15,20,5,0,0,0,0,0,"['B525', 'B155', 'B40', 'B452', 'B320']",2.5,S49,4.49,0,15,15,0.0,,0.0,-12.572506,-12.572506,False,False,12,S63,True,7,0.2523,delivery,,,,,,,,,,,,,,,,,,,,,,,,,,,,,,,,,,,,,,,,,,,,,,,,,,,,
45,26,18,58,S49,False,0,15,15,0,0,0,0,0,0,[],0.0,S63,4.9,0,15,15,0.0,,-0.019474,-12.779847,-12.799321,False,False,12,S63,False,0,0.2782,do_nothing,,,,,,,,,,,,,,,,,,,,,,,,,,,,,,,,,,,,,,,,,,,,,,,,,,,,
45,26,19,3,S63,False,0,15,15,0,5,0,0,0,0,"['B613', 'B13', 'B220', 'B332', 'B732']",2.5,S31,4.21,5,15,20,0.0,,-0.019723,-12.516701,-12.536423,True,False,18,S48,True,12,0.4286,pickup,,,,,,,,,,,,,,,,,,,,,,,,,,,,,,,,,,,,,,,,,,,,,,,,,,,,
45,26,19,9,S31,False,5,15,20,5,0,0,1,0,0,"['B552', 'B613', 'B13', 'B220', 'B332', 'B732']",3.0,S23,5.05,0,16,16,0.0,,0.0,-12.42326,-12.42326,True,True,18,S23,False,12,0.4473,delivery+depot_removal,,,,,,,,,,,,,,,,,,,,,,,,,,,,,,,,,,,,,,,,,,,,,,,,,,,,
45,26,19,17,S23,False,0,16,16,0,0,1,2,0,0,"['B764', 'B510']",4.0,S18,5.87,0,18,18,0.0,,-0.137214,-12.41554,-12.552754,True,True,36,S13,True,32,1.0769,do_nothing+maintenance,,,,,,,,,,,,,,,,,,,,,,,,,,,,,,,,,,,,,,,,,,,,,,,,,,,,
45,26,19,27,S18,False,0,18,18,0,2,1,0,0,0,"['B529', 'B278']",4.0,S32,5.95,2,18,20,0.0,,-0.05932,-12.486342,-12.545661,True,True,24,S48,True,18,0.5613,pickup+onsite,,,,,,,,,,,,,,,,,,,,,,,,,,,,,,,,,,,,,,,,,,,,,,,,,,,,
45,26,19,37,S32,False,2,18,20,2,0,0,0,0,0,"['B529', 'B278']",1.0,S63,3.1,0,18,18,0.0,,-0.039596,-12.467439,-12.507035,False,False,12,S61,True,8,0.2746,delivery,,,,,,,,,,,,,,,,,,,,,,,,,,,,,,,,,,,,,,,,,,,,,,,,,,,,
45,26,19,41,S63,False,0,18,18,0,2,0,0,0,0,"['B678', 'B90']",1.0,S61,3.24,2,18,20,0.0,,-0.099218,-12.488676,-12.587894,True,False,22,S27,True,18,0.502,pickup,,,,,,,,,,,,,,,,,,,,,,,,,,,,,,,,,,,,,,,,,,,,,,,,,,,,
45,26,19,45,S61,False,2,18,20,0,0,0,0,0,0,[],0.0,S31,1.01,2,18,20,0.0,,-0.157437,-12.475761,-12.633198,False,False,3,D0,True,0,0.0858,do_nothing,,,,,,,,,,,,,,,,,,,,,,,,,,,,,,,,,,,,,,,,,,,,,,,,,,,,
45,26,19,46,S31,False,2,18,20,0,0,0,0,0,0,[],0.0,S61,1.01,2,18,20,0.0,,-0.078845,-12.475887,-12.554732,False,False,3,S61,False,0,0.0819,do_nothing,,,,,,,,,,,,,,,,,,,,,,,,,,,,,,,,,,,,,,,,,,,,,,,,,,,,
45,26,19,48,S61,False,2,18,20,2,0,0,0,0,0,"['B678', 'B90']",1.0,D0,1.02,0,18,18,0.0,,0.0,-12.741505,-12.741505,False,False,2,D0,False,1,0.0666,delivery,,,,,,,,,,,,,,,,,,,,,,,,,,,,,,,,,,,,,,,,,,,,,,,,,,,,
45,26,19,50,D0,True,0,18,18,0,0,0,0,18,3,"['B355', 'B360', 'B617', 'B505', 'B201', 'B508', 'B570', 'B38', 'B380', 'B481', 'B171', 'B491', 'B685', 'B253', 'B182', 'B426', 'B701', 'B739', 'B552', 'B764', 'B510']",10.5,D0,0.0,3,0,3,0.0,,-0.039747,-12.725655,-12.765403,True,True,1,D0,False,0,0.0439,do_nothing,,,,,,,,,,,,,,,,,,,,,,,,,,,,,,,,,,,,,,,,,,,,,,,,,,,,
45,27,6,0,D0,True,3,0,3,0,0,0,0,0,12,"['B246', 'B605', 'B619', 'B750', 'B344', 'B555', 'B200', 'B94', 'B108', 'B373', 'B437', 'B281']",6.0,S51,3.91,15,0,15,0.0,,-0.019523,-13.070325,-13.089849,True,True,5,S66,True,1,0.1135,load_queue,,,,,,,,,,,,,,,,,,,,,,,,,,,,,,,,,,,,,,,,,,,,,,,,,,,,
45,27,6,25,S51,False,15,0,15,0,5,0,0,0,0,"['B614', 'B667', 'B34', 'B236', 'B754']",2.5,S31,7.45,20,0,20,0.0,,-0.078145,-13.111672,-13.189817,False,False,12,S32,True,8,0.2848,pickup,,,,,,,,,,,,,,,,,,,,,,,,,,,,,,,,,,,,,,,,,,,,,,,,,,,,
45,27,6,35,S31,False,20,0,20,12,0,0,0,0,0,"['B355', 'B360', 'B617', 'B246', 'B605', 'B619', 'B750', 'B344', 'B555', 'B200', 'B94', 'B108']",6.0,S66,0.38,8,0,8,0.0,,-0.039446,-13.020386,-13.059832,False,False,18,S32,True,12,0.4228,delivery,,,,,,,,,,,,,,,,,,,,,,,,,,,,,,,,,,,,,,,,,,,,,,,,,,,,
45,27,6,41,S66,False,8,0,8,0,12,0,0,0,0,"['B239', 'B296', 'B394', 'B133', 'B267', 'B260', 'B680', 'B291', 'B297', 'B759', 'B312', 'B725']",6.0,S62,2.92,20,0,20,0.0,,-0.118091,-12.934156,-13.052247,False,False,12,S32,True,9,0.2997,pickup,,,,,,,,,,,,,,,,,,,,,,,,,,,,,,,,,,,,,,,,,,,,,,,,,,,,
45,27,6,50,S62,False,20,0,20,5,0,0,0,0,0,"['B373', 'B437', 'B281', 'B614', 'B667']",2.5,S32,3.53,15,0,15,0.0,,-0.019474,-12.918024,-12.937498,False,False,18,S32,False,14,0.5792,delivery,,,,,,,,,,,,,,,,,,,,,,,,,,,,,,,,,,,,,,,,,,,,,,,,,,,,
45,27,6,56,S32,False,15,0,15,14,0,0,0,0,0,"['B34', 'B236', 'B754', 'B239', 'B296', 'B394', 'B133', 'B267', 'B260', 'B680', 'B291', 'B297', 'B759', 'B312']",7.0,S58,5.2,1,0,1,0.0,,-0.078942,-12.893639,-12.972581,False,False,18,S48,True,8,0.5809,delivery,,,,,,,,,,,,,,,,,,,,,,,,,,,,,,,,,,,,,,,,,,,,,,,,,,,,
45,27,7,8,S58,False,1,0,1,0,11,0,0,0,0,"['B765', 'B676', 'B693', 'B566', 'B422', 'B644', 'B463', 'B98', 'B706', 'B523', 'B349']",5.5,S46,3.13,12,0,12,0.0,,-0.138267,-12.765317,-12.903583,False,False,18,S46,False,15,0.4835,pickup,,,,,,,,,,,,,,,,,,,,,,,,,,,,,,,,,,,,,,,,,,,,,,,,,,,,
45,27,7,17,S46,False,12,0,12,10,0,0,0,0,0,"['B725', 'B765', 'B676', 'B693', 'B566', 'B422', 'B644', 'B463', 'B98', 'B706']",5.0,S53,0.87,2,0,2,0.0,,-0.157588,-12.772449,-12.930037,False,False,18,S8,True,6,0.6188,delivery,,,,,,,,,,,,,,,,,,,,,,,,,,,,,,,,,,,,,,,,,,,,,,,,,,,,
45,27,7,23,S53,False,2,0,2,0,0,0,1,0,0,['B490'],0.5,S8,12.62,2,1,3,0.0,,-0.058621,-12.828045,-12.886666,True,True,24,S8,False,8,0.592,do_nothing+depot_removal,,,,,,,,,,,,,,,,,,,,,,,,,,,,,,,,,,,,,,,,,,,,,,,,,,,,
45,27,7,36,S8,False,2,1,3,0,17,0,0,0,0,"['B756', 'B288', 'B140', 'B688', 'B47', 'B268', 'B396', 'B113', 'B391', 'B1', 'B106', 'B240', 'B486', 'B710', 'B751', 'B448', 'B561']",8.5,S44,14.31,19,1,20,0.0,,-0.098316,-12.808086,-12.906402,True,False,18,S26,True,16,0.5094,pickup,,,,,,,,,,,,,,,,,,,,,,,,,,,,,,,,,,,,,,,,,,,,,,,,,,,,
45,27,7,59,S44,False,19,1,20,0,0,1,0,0,0,[],3.0,S3,4.36,19,1,20,0.0,,-0.157188,-12.824017,-12.981204,True,True,36,S26,True,8,0.8292,do_nothing+onsite,,,,,,,,,,,,,,,,,,,,,,,,,,,,,,,,,,,,,,,,,,,,,,,,,,,,
45,27,8,6,S3,False,19,1,20,10,0,0,0,0,0,"['B523', 'B349', 'B756', 'B288', 'B140', 'B688', 'B47', 'B268', 'B396', 'B113']",5.0,S16,4.31,9,1,10,0.0,,-0.118643,-12.54395,-12.662592,False,False,18,S29,True,7,0.6329,delivery,,,,,,,,,,,,,,,,,,,,,,,,,,,,,,,,,,,,,,,,,,,,,,,,,,,,
45,27,8,16,S16,False,9,1,10,0,10,0,0,0,0,"['B293', 'B598', 'B280', 'B594', 'B46', 'B590', 'B604', 'B24', 'B460', 'B649']",5.0,S1,7.09,19,1,20,0.0,,-0.196136,-12.486859,-12.682994,False,False,12,S29,True,10,0.4025,pickup,,,,,,,,,,,,,,,,,,,,,,,,,,,,,,,,,,,,,,,,,,,,,,,,,,,,
45,27,8,28,S1,False,19,1,20,9,0,0,0,0,0,"['B391', 'B1', 'B106', 'B240', 'B486', 'B710', 'B751', 'B448', 'B561']",4.5,S42,1.19,10,1,11,0.0,,-0.118191,-12.465917,-12.584108,False,False,18,S29,True,6,0.5185,delivery,,,,,,,,,,,,,,,,,,,,,,,,,,,,,,,,,,,,,,,,,,,,,,,,,,,,
45,27,8,33,S42,False,10,1,11,0,9,0,0,0,0,"['B251', 'B429', 'B172', 'B335', 'B92', 'B56', 'B417', 'B431', 'B736']",4.5,S29,3.12,19,1,20,0.0,,-0.078641,-12.469204,-12.547845,False,False,12,S29,False,6,0.3118,pickup,,,,,,,,,,,,,,,,,,,,,,,,,,,,,,,,,,,,,,,,,,,,,,,,,,,,
45,27,8,41,S29,False,19,1,20,11,0,0,0,0,0,"['B293', 'B598', 'B280', 'B594', 'B46', 'B590', 'B604', 'B24', 'B460', 'B649', 'B251']",5.5,S63,5.25,8,1,9,0.0,,-0.118241,-12.421188,-12.53943,False,False,18,S63,False,6,0.452,delivery,,,,,,,,,,,,,,,,,,,,,,,,,,,,,,,,,,,,,,,,,,,,,,,,,,,,
45,27,8,52,S63,False,8,1,9,0,11,0,0,0,0,"['B160', 'B186', 'B492', 'B541', 'B662', 'B378', 'B545', 'B631', 'B399', 'B166', 'B752']",5.5,S39,5.24,19,1,20,0.0,,-0.11849,-12.283281,-12.40177,True,False,18,S39,False,12,0.4519,pickup,,,,,,,,,,,,,,,,,,,,,,,,,,,,,,,,,,,,,,,,,,,,,,,,,,,,
45,27,9,2,S39,False,19,1,20,11,0,0,0,0,0,"['B429', 'B172', 'B335', 'B92', 'B56', 'B417', 'B431', 'B736', 'B160', 'B186', 'B492']",5.5,S49,0.84,8,1,9,0.0,,-0.197686,-12.214527,-12.412212,False,False,18,S26,True,6,0.3843,delivery,,,,,,,,,,,,,,,,,,,,,,,,,,,,,,,,,,,,,,,,,,,,,,,,,,,,
45,27,9,9,S49,False,8,1,9,0,11,0,0,0,0,"['B661', 'B516', 'B57', 'B388', 'B69', 'B697', 'B41', 'B176', 'B467', 'B471', 'B339']",5.5,S26,8.9,19,1,20,0.0,,-0.177512,-12.264218,-12.441729,False,False,12,S26,False,6,0.2752,pickup,,,,,,,,,,,,,,,,,,,,,,,,,,,,,,,,,,,,,,,,,,,,,,,,,,,,
45,27,9,23,S26,False,19,1,20,16,0,0,0,0,0,"['B541', 'B662', 'B378', 'B545', 'B631', 'B399', 'B166', 'B752', 'B661', 'B516', 'B57', 'B388', 'B69', 'B697', 'B41', 'B176']",8.0,S13,11.1,3,1,4,0.0,,-0.019823,-12.309599,-12.329422,False,False,18,S59,True,8,0.4423,delivery,,,,,,,,,,,,,,,,,,,,,,,,,,,,,,,,,,,,,,,,,,,,,,,,,,,,
45,27,9,42,S13,False,3,1,4,0,14,0,1,0,0,"['B443', 'B673', 'B128', 'B10', 'B544', 'B217', 'B647', 'B698', 'B573', 'B579', 'B474', 'B721', 'B738', 'B425', 'B25']",7.5,S66,8.55,17,2,19,0.0,,-0.039646,-12.247456,-12.287103,True,True,36,S59,True,18,0.8173,pickup+depot_removal,,,,,,,,,,,,,,,,,,,,,,,,,,,,,,,,,,,,,,,,,,,,,,,,,,,,
45,27,9,58,S66,False,17,2,19,14,0,0,0,0,0,"['B467', 'B471', 'B339', 'B443', 'B673', 'B128', 'B10', 'B544', 'B217', 'B647', 'B698', 'B573', 'B579', 'B474']",7.0,S59,2.96,3,2,5,0.0,,-0.117492,-12.350152,-12.467643,False,False,18,S59,False,16,0.4405,delivery,,,,,,,,,,,,,,,,,,,,,,,,,,,,,,,,,,,,,,,,,,,,,,,,,,,,
45,27,10,8,S59,False,3,2,5,0,0,0,0,0,0,[],0.0,S51,5.65,3,2,5,0.0,,-0.039597,-12.256422,-12.29602,False,False,12,S12,True,1,0.3883,do_nothing,,,,,,,,,,,,,,,,,,,,,,,,,,,,,,,,,,,,,,,,,,,,,,,,,,,,
45,27,10,14,S51,False,3,2,5,0,0,0,0,0,0,[],0.0,S3,4.7,3,2,5,0.0,,-0.019723,-12.266648,-12.28637,False,False,18,S12,True,4,0.535,do_nothing,,,,,,,,,,,,,,,,,,,,,,,,,,,,,,,,,,,,,,,,,,,,,,,,,,,,
45,27,10,19,S3,False,3,2,5,0,13,0,0,0,0,"['B238', 'B381', 'B7', 'B523', 'B349', 'B756', 'B288', 'B140', 'B688', 'B47', 'B268', 'B396', 'B113']",6.5,S37,5.7,16,2,18,0.0,,-0.039697,-12.358485,-12.398182,False,False,12,S59,True,9,0.3651,pickup,,,,,,,,,,,,,,,,,,,,,,,,,,,,,,,,,,,,,,,,,,,,,,,,,,,,
45,27,10,31,S37,False,16,2,18,9,0,0,0,0,0,"['B721', 'B738', 'B425', 'B238', 'B381', 'B7', 'B523', 'B349', 'B756']",4.5,S51,4.67,7,2,9,0.0,,-0.019425,-12.274089,-12.293514,False,False,18,S59,True,6,0.5187,delivery,,,,,,,,,,,,,,,,,,,,,,,,,,,,,,,,,,,,,,,,,,,,,,,,,,,,
45,27,10,40,S51,False,7,2,9,0,10,0,0,0,0,"['B455', 'B109', 'B762', 'B424', 'B34', 'B99', 'B35', 'B716', 'B484', 'B338']",5.0,S28,16.62,17,2,19,0.0,,-0.059171,-12.220463,-12.279634,False,False,18,S41,True,16,0.4964,pickup,,,,,,,,,,,,,,,,,,,,,,,,,,,,,,,,,,,,,,,,,,,,,,,,,,,,
45,27,11,2,S28,False,17,2,19,10,0,0,0,0,0,"['B288', 'B140', 'B688', 'B47', 'B268', 'B396', 'B113', 'B455', 'B109', 'B762']",5.0,S23,6.35,7,2,9,0.0,,-0.039246,-12.441042,-12.480288,False,False,18,S43,True,6,0.7159,delivery,,,,,,,,,,,,,,,,,,,,,,,,,,,,,,,,,,,,,,,,,,,,,,,,,,,,
45,27,11,13,S23,False,7,2,9,0,9,0,0,0,0,"['B336', 'B613', 'B682', 'B501', 'B652', 'B105', 'B467', 'B471', 'B754']",4.5,S43,8.96,16,2,18,0.0,,-0.077995,-12.341861,-12.419856,False,False,18,S41,True,12,0.6466,pickup,,,,,,,,,,,,,,,,,,,,,,,,,,,,,,,,,,,,,,,,,,,,,,,,,,,,
45,27,11,26,S43,False,16,2,18,14,0,0,0,0,0,"['B424', 'B34', 'B99', 'B35', 'B716', 'B484', 'B338', 'B336', 'B613', 'B682', 'B501', 'B652', 'B105', 'B467']",7.0,S55,4.24,2,2,4,0.0,,-0.058921,-12.298476,-12.357397,False,False,18,S16,True,12,0.5401,delivery,,,,,,,,,,,,,,,,,,,,,,,,,,,,,,,,,,,,,,,,,,,,,,,,,,,,
45,27,11,38,S55,False,2,2,4,0,16,0,0,0,0,"['B150', 'B374', 'B320', 'B457', 'B32', 'B66', 'B403', 'B216', 'B263', 'B359', 'B611', 'B572', 'B161', 'B126', 'B125', 'B185']",8.0,S41,7.46,18,2,20,0.0,,-0.195983,-12.324495,-12.520478,False,False,18,S41,True,12,0.6011,pickup,,,,,,,,,,,,,,,,,,,,,,,,,,,,,,,,,,,,,,,,,,,,,,,,,,,,
45,27,11,53,S41,False,18,2,20,13,0,0,0,0,0,"['B471', 'B754', 'B150', 'B374', 'B320', 'B457', 'B32', 'B66', 'B403', 'B216', 'B263', 'B359', 'B611']",6.5,S16,5.02,5,2,7,0.0,,-0.138211,-12.397441,-12.535652,False,False,18,S31,True,16,0.6673,delivery,,,,,,,,,,,,,,,,,,,,,,,,,,,,,,,,,,,,,,,,,,,,,,,,,,,,
45,27,12,5,S16,False,5,2,7,0,8,0,0,0,0,"['B188', 'B277', 'B607', 'B465', 'B65', 'B306', 'B20', 'B130']",4.0,S12,5.59,13,2,15,0.0,,-0.05897,-12.75702,-12.815991,False,False,18,S4,True,9,0.6154,pickup,,,,,,,,,,,,,,,,,,,,,,,,,,,,,,,,,,,,,,,,,,,,,,,,,,,,
45,27,12,14,S12,False,13,2,15,0,5,1,0,0,0,"['B111', 'B398', 'B314', 'B648', 'B197']",5.5,S51,2.02,18,2,20,0.0,,-0.078095,-12.637457,-12.715552,True,True,36,S31,True,31,0.8858,pickup+onsite,,,,,,,,,,,,,,,,,,,,,,,,,,,,,,,,,,,,,,,,,,,,,,,,,,,,
45,27,12,22,S51,False,18,2,20,12,0,0,0,0,0,"['B572', 'B161', 'B126', 'B125', 'B185', 'B188', 'B277', 'B607', 'B465', 'B65', 'B306', 'B20']",6.0,S4,5.42,6,2,8,0.0,,-0.097668,-12.533436,-12.631104,False,False,18,S31,True,13,0.4476,delivery,,,,,,,,,,,,,,,,,,,,,,,,,,,,,,,,,,,,,,,,,,,,,,,,,,,,
45,27,12,33,S4,False,6,2,8,0,0,0,0,0,0,[],0.0,S41,2.96,6,2,8,0.0,,-0.117242,-12.603261,-12.720503,False,False,18,S44,True,0,0.4709,do_nothing,,,,,,,,,,,,,,,,,,,,,,,,,,,,,,,,,,,,,,,,,,,,,,,,,,,,
45,27,12,36,S41,False,6,2,8,0,12,0,0,0,0,"['B619', 'B471', 'B754', 'B150', 'B374', 'B320', 'B457', 'B32', 'B66', 'B403', 'B216', 'B263']",6.0,S23,3.8,18,2,20,0.0,,-0.098369,-12.688645,-12.787014,False,False,12,S23,False,9,0.3571,pickup,,,,,,,,,,,,,,,,,,,,,,,,,,,,,,,,,,,,,,,,,,,,,,,,,,,,
45,27,12,46,S23,False,18,2,20,7,0,0,0,0,0,"['B130', 'B111', 'B398', 'B314', 'B648', 'B197', 'B619']",3.5,S56,12.24,11,2,13,0.0,,-0.25561,-12.661555,-12.917165,False,False,18,S2,True,14,0.4877,delivery,,,,,,,,,,,,,,,,,,,,,,,,,,,,,,,,,,,,,,,,,,,,,,,,,,,,
45,27,13,2,S56,False,11,2,13,0,7,0,0,0,0,"['B250', 'B435', 'B195', 'B442', 'B533', 'B332', 'B311']",3.5,S59,7.49,18,2,20,0.0,,-0.05877,-12.660513,-12.719283,False,False,18,S44,True,9,0.4655,pickup,,,,,,,,,,,,,,,,,,,,,,,,,,,,,,,,,,,,,,,,,,,,,,,,,,,,
45,27,13,13,S59,False,18,2,20,11,0,0,0,0,0,"['B471', 'B754', 'B150', 'B374', 'B320', 'B457', 'B32', 'B66', 'B403', 'B216', 'B263']",5.5,S44,2.83,7,2,9,0.0,,-0.097918,-12.662036,-12.759955,True,False,36,S49,True,15,0.9409,delivery,,,,,,,,,,,,,,,,,,,,,,,,,,,,,,,,,,,,,,,,,,,,,,,,,,,,
45,27,13,21,S44,False,7,2,9,7,0,0,1,0,0,"['B452', 'B250', 'B435', 'B195', 'B442', 'B533', 'B332', 'B311']",4.0,S63,0.47,0,3,3,0.0,,-0.13806,-12.812809,-12.950869,True,True,24,S63,False,18,0.6777,delivery+depot_removal,,,,,,,,,,,,,,,,,,,,,,,,,,,,,,,,,,,,,,,,,,,,,,,,,,,,
45,27,13,25,S63,False,0,3,3,0,14,0,1,0,0,"['B581', 'B82', 'B488', 'B600', 'B224', 'B331', 'B755', 'B592', 'B368', 'B459', 'B249', 'B684', 'B678', 'B420', 'B408']",7.5,S49,4.9,14,4,18,0.0,,-0.334398,-12.608489,-12.942886,True,True,36,S41,True,19,1.0022,pickup+depot_removal,,,,,,,,,,,,,,,,,,,,,,,,,,,,,,,,,,,,,,,,,,,,,,,,,,,,
45,27,13,38,S49,False,14,4,18,11,0,0,0,0,0,"['B581', 'B82', 'B488', 'B600', 'B224', 'B331', 'B755', 'B592', 'B368', 'B459', 'B249']",5.5,S65,4.37,3,4,7,0.0,,-0.078994,-12.778045,-12.857039,False,False,18,S39,True,8,0.4432,delivery,,,,,,,,,,,,,,,,,,,,,,,,,,,,,,,,,,,,,,,,,,,,,,,,,,,,
45,27,13,48,S65,False,3,4,7,0,13,0,0,0,0,"['B87', 'B637', 'B450', 'B220', 'B504', 'B68', 'B732', 'B272', 'B196', 'B433', 'B708', 'B698', 'B153']",6.5,S15,5.1,16,4,20,0.0,,-0.27483,-12.572996,-12.847825,False,False,12,S23,True,7,0.2732,pickup,,,,,,,,,,,,,,,,,,,,,,,,,,,,,,,,,,,,,,,,,,,,,,,,,,,,
45,27,13,59,S15,False,16,4,20,16,0,0,0,0,0,"['B684', 'B678', 'B420', 'B87', 'B637', 'B450', 'B220', 'B504', 'B68', 'B732', 'B272', 'B196', 'B433', 'B708', 'B698', 'B153']",8.0,S41,4.47,0,4,4,0.0,,-0.216756,-12.621264,-12.83802,False,False,12,S41,False,6,0.3462,delivery,,,,,,,,,,,,,,,,,,,,,,,,,,,,,,,,,,,,,,,,,,,,,,,,,,,,
45,27,14,12,S41,False,0,4,4,0,11,0,0,0,0,"['B737', 'B456', 'B729', 'B45', 'B85', 'B696', 'B334', 'B323', 'B90', 'B554', 'B577']",5.5,S39,3.32,11,4,15,0.0,,-0.236329,-12.467966,-12.704296,False,False,18,S55,True,12,0.6023,pickup,,,,,,,,,,,,,,,,,,,,,,,,,,,,,,,,,,,,,,,,,,,,,,,,,,,,
45,27,14,21,S39,False,11,4,15,11,0,0,0,0,0,"['B737', 'B456', 'B729', 'B45', 'B85', 'B696', 'B334', 'B323', 'B90', 'B554', 'B577']",5.5,S21,16.0,0,4,4,0.0,,-0.117988,-12.567997,-12.685986,False,False,12,S21,False,9,0.3563,delivery,,,,,,,,,,,,,,,,,,,,,,,,,,,,,,,,,,,,,,,,,,,,,,,,,,,,
45,27,14,42,S21,False,0,4,4,0,7,1,0,0,0,"['B198', 'B325', 'B700', 'B758', 'B70', 'B655', 'B582']",6.5,S54,7.6,7,4,11,0.0,,-0.295754,-12.632204,-12.927958,True,True,36,S54,True,19,1.0133,pickup+onsite,,,,,,,,,,,,,,,,,,,,,,,,,,,,,,,,,,,,,,,,,,,,,,,,,,,,
45,27,14,56,S54,False,7,4,11,0,9,0,0,0,0,"['B605', 'B202', 'B522', 'B489', 'B181', 'B108', 'B243', 'B500', 'B594']",4.5,S15,3.9,16,4,20,0.0,,-0.078643,-12.666014,-12.744657,False,False,12,S46,True,7,0.3545,pickup,,,,,,,,,,,,,,,,,,,,,,,,,,,,,,,,,,,,,,,,,,,,,,,,,,,,
45,27,15,5,S15,False,16,4,20,16,0,0,0,0,0,"['B198', 'B325', 'B700', 'B758', 'B70', 'B655', 'B582', 'B605', 'B202', 'B522', 'B489', 'B181', 'B108', 'B243', 'B500', 'B594']",8.0,S55,4.77,0,4,4,0.0,,-0.257657,-12.606746,-12.864403,False,False,18,S26,True,9,0.6013,delivery,,,,,,,,,,,,,,,,,,,,,,,,,,,,,,,,,,,,,,,,,,,,,,,,,,,,
45,27,15,17,S55,False,0,4,4,0,16,0,0,0,0,"['B528', 'B644', 'B633', 'B98', 'B534', 'B720', 'B706', 'B209', 'B252', 'B34', 'B572', 'B343', 'B356', 'B93', 'B573', 'B405']",8.0,S23,11.22,16,4,20,0.0,,-0.137866,-12.566689,-12.704555,False,False,18,S36,True,9,0.5484,pickup,,,,,,,,,,,,,,,,,,,,,,,,,,,,,,,,,,,,,,,,,,,,,,,,,,,,
45,27,15,37,S23,False,16,4,20,9,0,0,0,0,0,"['B528', 'B644', 'B633', 'B98', 'B534', 'B720', 'B706', 'B209', 'B252']",4.5,S10,10.57,7,4,11,0.0,,-0.197788,-12.667592,-12.86538,False,False,18,S26,True,9,0.4893,delivery,,,,,,,,,,,,,,,,,,,,,,,,,,,,,,,,,,,,,,,,,,,,,,,,,,,,
45,27,15,52,S10,False,7,4,11,0,9,0,0,0,0,"['B156', 'B119', 'B556', 'B315', 'B666', 'B215', 'B645', 'B158', 'B525']",4.5,S26,4.67,16,4,20,0.0,,-0.373198,-12.65742,-13.030618,False,False,12,S33,True,6,0.2974,pickup,,,,,,,,,,,,,,,,,,,,,,,,,,,,,,,,,,,,,,,,,,,,,,,,,,,,
45,27,16,1,S26,False,16,4,20,15,0,0,0,0,0,"['B34', 'B572', 'B343', 'B356', 'B93', 'B573', 'B405', 'B156', 'B119', 'B556', 'B315', 'B666', 'B215', 'B645', 'B158']",7.5,S37,7.79,1,4,5,0.0,,-0.176958,-12.650833,-12.827791,False,False,18,S62,True,12,0.5348,delivery,,,,,,,,,,,,,,,,,,,,,,,,,,,,,,,,,,,,,,,,,,,,,,,,,,,,
45,27,16,16,S37,False,1,4,5,0,15,1,0,0,0,"['B756', 'B671', 'B29', 'B260', 'B750', 'B511', 'B601', 'B161', 'B186', 'B712', 'B185', 'B546', 'B307', 'B660', 'B179']",10.5,S62,2.6,16,4,20,0.0,,-0.177262,-12.685245,-12.862507,True,True,24,S62,False,18,0.7495,pickup+onsite,,,,,,,,,,,,,,,,,,,,,,,,,,,,,,,,,,,,,,,,,,,,,,,,,,,,
45,27,16,29,S62,False,16,4,20,12,0,0,0,0,0,"['B525', 'B756', 'B671', 'B29', 'B260', 'B750', 'B511', 'B601', 'B161', 'B186', 'B712', 'B185']",6.0,S7,9.51,4,4,8,0.0,,-0.196584,-12.492257,-12.688841,False,False,18,S8,True,6,0.5213,delivery,,,,,,,,,,,,,,,,,,,,,,,,,,,,,,,,,,,,,,,,,,,,,,,,,,,,
45,27,16,45,S7,False,4,4,8,0,12,0,0,0,0,"['B416', 'B551', 'B162', 'B370', 'B72', 'B264', 'B269', 'B282', 'B351', 'B569', 'B205', 'B132']",6.0,S14,13.48,16,4,20,0.0,,-0.256461,-12.533277,-12.789738,False,False,12,S14,False,6,0.3865,pickup,,,,,,,,,,,,,,,,,,,,,,,,,,,,,,,,,,,,,,,,,,,,,,,,,,,,
45,27,17,4,S14,False,16,4,20,5,0,0,0,0,0,"['B546', 'B307', 'B660', 'B179', 'B416']",2.5,S46,8.14,11,4,15,0.0,,-0.197339,-12.431733,-12.629072,False,False,18,S8,True,7,0.4368,delivery,,,,,,,,,,,,,,,,,,,,,,,,,,,,,,,,,,,,,,,,,,,,,,,,,,,,
45,27,17,15,S46,False,11,4,15,0,0,0,0,0,0,[],0.0,S55,2.88,11,4,15,0.0,,-0.23693,-12.520378,-12.757308,False,False,12,S55,False,2,0.3051,do_nothing,,,,,,,,,,,,,,,,,,,,,,,,,,,,,,,,,,,,,,,,,,,,,,,,,,,,
45,27,17,18,S55,False,11,4,15,11,0,0,0,0,0,"['B551', 'B162', 'B370', 'B72', 'B264', 'B269', 'B282', 'B351', 'B569', 'B205', 'B132']",5.5,S19,6.04,0,4,4,0.0,,-0.118144,-12.413645,-12.531789,False,False,12,S19,False,8,0.2953,delivery,,,,,,,,,,,,,,,,,,,,,,,,,,,,,,,,,,,,,,,,,,,,,,,,,,,,
45,27,17,29,S19,False,0,4,4,0,9,0,0,0,0,"['B394', 'B608', 'B237', 'B432', 'B549', 'B233', 'B291', 'B641', 'B638']",4.5,S38,6.67,9,4,13,0.0,,-0.118641,-12.505004,-12.623645,False,False,18,S12,True,12,0.4809,pickup,,,,,,,,,,,,,,,,,,,,,,,,,,,,,,,,,,,,,,,,,,,,,,,,,,,,
45,27,17,40,S38,False,9,4,13,9,0,0,0,0,0,"['B394', 'B608', 'B237', 'B432', 'B549', 'B233', 'B291', 'B641', 'B638']",4.5,S4,1.95,0,4,4,0.0,,-0.019474,-12.4547,-12.474174,False,False,12,S4,False,10,0.2817,delivery,,,,,,,,,,,,,,,,,,,,,,,,,,,,,,,,,,,,,,,,,,,,,,,,,,,,
45,27,17,47,S4,False,0,4,4,0,9,0,0,0,0,"['B265', 'B618', 'B409', 'B73', 'B318', 'B139', 'B239', 'B748', 'B121']",4.5,S46,3.35,9,4,13,0.0,,-0.078443,-12.508761,-12.587203,False,False,18,S20,True,13,0.4251,pickup,,,,,,,,,,,,,,,,,,,,,,,,,,,,,,,,,,,,,,,,,,,,,,,,,,,,
45,27,17,55,S46,False,9,4,13,9,0,0,0,0,0,"['B265', 'B618', 'B409', 'B73', 'B318', 'B139', 'B239', 'B748', 'B121']",4.5,S36,2.35,0,4,4,0.0,,-0.197634,-12.367522,-12.565155,False,False,12,S36,False,10,0.3321,delivery,,,,,,,,,,,,,,,,,,,,,,,,,,,,,,,,,,,,,,,,,,,,,,,,,,,,
45,27,18,2,S36,False,0,4,4,0,12,0,0,0,0,"['B283', 'B741', 'B244', 'B384', 'B256', 'B612', 'B730', 'B524', 'B535', 'B316', 'B55', 'B63']",6.0,S60,7.61,12,4,16,0.0,,-0.196437,-12.660232,-12.856669,False,False,18,S35,True,10,0.7529,pickup,,,,,,,,,,,,,,,,,,,,,,,,,,,,,,,,,,,,,,,,,,,,,,,,,,,,
45,27,18,15,S60,False,12,4,16,12,0,0,0,0,0,"['B283', 'B741', 'B244', 'B384', 'B256', 'B612', 'B730', 'B524', 'B535', 'B316', 'B55', 'B63']",6.0,S35,9.21,0,4,4,0.0,,-0.039297,-12.735282,-12.77458,False,False,18,S33,True,12,0.733,delivery,,,,,,,,,,,,,,,,,,,,,,,,,,,,,,,,,,,,,,,,,,,,,,,,,,,,
45,27,18,30,S35,False,0,4,4,0,12,0,2,0,0,"['B197', 'B218', 'B440', 'B374', 'B664', 'B518', 'B338', 'B336', 'B613', 'B365', 'B682', 'B497', 'B661', 'B298']",7.0,S57,0.73,12,6,18,0.0,,-0.019523,-12.636792,-12.656315,True,True,54,S57,False,48,2.096,pickup+depot_removal,,,,,,,,,,,,,,,,,,,,,,,,,,,,,,,,,,,,,,,,,,,,,,,,,,,,
45,27,18,38,S57,False,12,6,18,9,0,0,1,0,0,"['B67', 'B197', 'B218', 'B440', 'B374', 'B664', 'B518', 'B338', 'B336', 'B613']",5.0,S27,6.93,3,7,10,0.0,,-0.019723,-12.534357,-12.55408,True,True,36,S27,False,22,1.3851,delivery+depot_removal,,,,,,,,,,,,,,,,,,,,,,,,,,,,,,,,,,,,,,,,,,,,,,,,,,,,
45,27,18,50,S27,False,3,7,10,3,0,1,2,0,0,"['B294', 'B248', 'B365', 'B682', 'B497']",5.5,S0,10.18,0,9,9,0.0,,-0.039396,-12.482799,-12.522195,True,True,72,S62,True,68,1.9834,delivery+maintenance,,,,,,,,,,,,,,,,,,,,,,,,,,,,,,,,,,,,,,,,,,,,,,,,,,,,
45,27,19,6,S0,False,0,9,9,0,0,1,1,0,0,['B52'],3.5,S1,3.13,0,10,10,0.0,,-0.019823,-12.488059,-12.507882,True,True,36,S20,True,20,0.7693,do_nothing+maintenance,,,,,,,,,,,,,,,,,,,,,,,,,,,,,,,,,,,,,,,,,,,,,,,,,,,,
45,27,19,12,S1,False,0,10,10,0,10,0,0,0,0,"['B106', 'B240', 'B486', 'B710', 'B751', 'B448', 'B561', 'B609', 'B164', 'B587']",5.0,S55,3.22,10,10,20,0.0,,-0.118441,-12.38407,-12.502512,False,False,12,S20,True,6,0.249,pickup,,,,,,,,,,,,,,,,,,,,,,,,,,,,,,,,,,,,,,,,,,,,,,,,,,,,
45,27,19,21,S55,False,10,10,20,0,0,0,0,0,0,[],0.0,S44,3.84,10,10,20,0.0,,-0.098716,-12.471134,-12.56985,False,False,12,S8,True,0,0.2521,do_nothing,,,,,,,,,,,,,,,,,,,,,,,,,,,,,,,,,,,,,,,,,,,,,,,,,,,,
45,27,19,24,S44,False,10,10,20,10,0,0,0,0,0,"['B106', 'B240', 'B486', 'B710', 'B751', 'B448', 'B561', 'B609', 'B164', 'B587']",5.0,S66,3.92,0,10,10,0.0,,-0.079445,-12.448507,-12.527952,False,False,12,S8,True,7,0.4004,delivery,,,,,,,,,,,,,,,,,,,,,,,,,,,,,,,,,,,,,,,,,,,,,,,,,,,,
45,27,19,33,S66,False,0,10,10,0,10,0,0,0,0,"['B320', 'B644', 'B623', 'B575', 'B347', 'B733', 'B424', 'B290', 'B688', 'B268']",5.0,S55,6.13,10,10,20,0.0,,-0.05892,-12.382883,-12.441803,False,False,11,S20,True,6,0.2223,pickup,,,,,,,,,,,,,,,,,,,,,,,,,,,,,,,,,,,,,,,,,,,,,,,,,,,,
45,27,19,44,S55,False,10,10,20,0,0,0,0,0,0,[],0.0,S54,0.95,10,10,20,0.0,,-0.118042,-12.47189,-12.589933,False,False,3,D0,True,0,0.0837,do_nothing,,,,,,,,,,,,,,,,,,,,,,,,,,,,,,,,,,,,,,,,,,,,,,,,,,,,
45,27,19,45,S54,False,10,10,20,0,0,0,0,0,0,[],0.0,S55,0.95,10,10,20,0.0,,-0.078843,-12.375516,-12.454359,False,False,4,S55,False,0,0.106,do_nothing,,,,,,,,,,,,,,,,,,,,,,,,,,,,,,,,,,,,,,,,,,,,,,,,,,,,
45,27,19,46,S55,False,10,10,20,0,0,0,0,0,0,[],0.0,S54,0.95,10,10,20,0.0,,-0.11804,-12.513168,-12.631208,False,False,3,D0,True,0,0.0857,do_nothing,,,,,,,,,,,,,,,,,,,,,,,,,,,,,,,,,,,,,,,,,,,,,,,,,,,,
45,27,19,47,S54,False,10,10,20,10,0,0,0,0,0,"['B320', 'B644', 'B623', 'B575', 'B347', 'B733', 'B424', 'B290', 'B688', 'B268']",5.0,D0,1.95,0,10,10,0.0,,-0.078443,-12.652471,-12.730914,False,False,2,D0,False,1,0.0683,delivery,,,,,,,,,,,,,,,,,,,,,,,,,,,,,,,,,,,,,,,,,,,,,,,,,,,,
45,27,19,54,D0,True,0,10,10,0,0,0,0,10,18,"['B505', 'B201', 'B508', 'B570', 'B38', 'B380', 'B481', 'B171', 'B491', 'B685', 'B253', 'B182', 'B426', 'B701', 'B739', 'B552', 'B764', 'B510', 'B490', 'B25', 'B452', 'B408', 'B661', 'B298', 'B67', 'B294', 'B248', 'B52']",14.0,D0,0.0,18,0,18,0.0,,-0.177863,-12.422378,-12.600241,True,True,1,D0,False,0,0.0397,do_nothing,,,,,,,,,,,,,,,,,,,,,,,,,,,,,,,,,,,,,,,,,,,,,,,,,,,,
