seed,day,hour,minute,current_station_id,is_at_depot,functional_load_before,depot_load_before,total_load_before,functional_deliveries,functional_pickups,onsite_repairs,depot_pickups,depot_deliveries,load_from_queue,bikes_involved,action_duration_min,next_station_id,travel_time_min,functional_load_after,depot_load_after,total_load_after,immediate_reward,vfa_value,accumulated_rollout_reward,tail_value,final_decision_score,maintenance_flag_present,selected_action_is_maintenance,n_total_candidates,vfa_top1_next_station,rollout_changed_decision,winning_candidate_rank,decision_runtime_s,winning_profile_type,phi_rebalancing_imbalance,phi_squared_starvation_penalty,phi_squared_congestion_penalty,phi_starvation_severity_max,phi_congestion_severity_max,phi_starvation_count,phi_congestion_count,phi_gross_starvation_risk,phi_gross_congestion_risk,phi_net_starvation_shortfall,phi_net_congestion_shortfall,phi_trailer_cannibalization,phi_global_onsite_backlog,phi_global_depot_backlog,phi_demand_weighted_depot_backlog,phi_demand_weighted_onsite_backlog,phi_fleet_broken_fraction,phi_depot_idle_fraction,phi_recoverable_starvation,phi_maintenance_urgency,phi_rush_hour_onsite_backlog,phi_fleet_failure_risk,phi_fleet_health_deficit,phi_fleet_low_health_fraction,phi_depot_bound_health_deficit,phi_onsite_health_deficit,phi_maintenance_restoration_value,phi_onsite_shortage_pressure,phi_depot_shortage_pressure,phi_current_station_onsite_shortage_pressure,phi_current_station_depot_shortage_pressure,phi_broken_cargo_distance_pressure,phi_late_broken_cargo_pressure,phi_repaired_idle_away_pressure,phi_depot_pipeline_pressure,phi_depot_queue_pickup_opportunity,phi_degradation_demand_exposure,phi_destination_starv_ratio,phi_destination_cong_ratio,phi_destination_onsite_fraction,phi_destination_depot_fraction,phi_destination_travel_penalty,phi_destination_roi_starvation,phi_cur_station_onsite_fraction,phi_cur_station_func_deficit,phi_functional_load_late_pressure,phi_depot_load_late_pressure,phi_non_depot_late_load_pressure,phi_late_depot_return,phi_depot_slack_fraction,phi_can_return_to_depot,phi_depot_return_urgency
43,7,6,9,D0,True,20,0,20,0,0,0,0,0,0,[],0.0,S51,3.91,20,0,20,0.0,,-1.017656,-14.412761,-15.430417,True,True,5,S51,False,2,1.3048,depot_passthrough,,,,,,,,,,,,,,,,,,,,,,,,,,,,,,,,,,,,,,,,,,,,,,,,,,,,
43,7,6,28,S51,False,20,0,20,20,0,0,1,0,0,"['B78', 'B213', 'B252', 'B336', 'B429', 'B452', 'B84', 'B68', 'B507', 'B125', 'B8', 'B100', 'B641', 'B471', 'B330', 'B378', 'B525', 'B3', 'B645', 'B754', 'B241']",10.5,S39,7.16,0,1,1,0.0,,-1.126369,-14.48993,-15.616299,True,True,30,S39,True,24,7.9275,delivery+depot_removal,,,,,,,,,,,,,,,,,,,,,,,,,,,,,,,,,,,,,,,,,,,,,,,,,,,,
43,7,6,46,S39,False,0,1,1,0,19,0,0,0,0,"['B195', 'B706', 'B625', 'B606', 'B388', 'B532', 'B202', 'B114', 'B59', 'B386', 'B553', 'B566', 'B227', 'B298', 'B12', 'B222', 'B604', 'B703', 'B399']",9.5,S65,5.08,19,1,20,0.0,,-0.958917,-14.230562,-15.189479,False,False,12,S65,False,6,2.9808,pickup,,,,,,,,,,,,,,,,,,,,,,,,,,,,,,,,,,,,,,,,,,,,,,,,,,,,
43,7,7,1,S65,False,19,1,20,14,0,0,0,0,0,"['B195', 'B706', 'B625', 'B606', 'B388', 'B532', 'B202', 'B114', 'B59', 'B386', 'B553', 'B566', 'B227', 'B298']",7.0,S52,6.18,5,1,6,0.0,,-0.674911,-14.180112,-14.855023,False,False,18,S24,True,14,4.8984,delivery,,,,,,,,,,,,,,,,,,,,,,,,,,,,,,,,,,,,,,,,,,,,,,,,,,,,
43,7,7,14,S52,False,5,1,6,0,12,0,2,0,0,"['B419', 'B245', 'B600', 'B752', 'B405', 'B380', 'B88', 'B639', 'B33', 'B722', 'B423', 'B119', 'B488', 'B427']",7.0,S61,2.0,17,3,20,0.0,,-0.347474,-14.288519,-14.635993,True,True,48,S12,True,44,11.8552,pickup+depot_removal,,,,,,,,,,,,,,,,,,,,,,,,,,,,,,,,,,,,,,,,,,,,,,,,,,,,
43,7,7,23,S61,False,17,3,20,9,0,0,2,0,0,"['B71', 'B713', 'B12', 'B222', 'B604', 'B703', 'B399', 'B419', 'B245', 'B600', 'B752']",5.5,S62,2.06,8,5,13,0.0,,-0.45639,-14.263778,-14.720168,True,True,42,S62,False,19,7.4743,delivery+depot_removal,,,,,,,,,,,,,,,,,,,,,,,,,,,,,,,,,,,,,,,,,,,,,,,,,,,,
43,7,7,30,S62,False,8,5,13,8,0,0,0,0,0,"['B405', 'B380', 'B88', 'B639', 'B33', 'B722', 'B423', 'B119']",4.0,S29,3.79,0,5,5,0.0,,-0.402114,-14.259711,-14.661824,False,False,12,S29,False,8,2.5009,delivery,,,,,,,,,,,,,,,,,,,,,,,,,,,,,,,,,,,,,,,,,,,,,,,,,,,,
43,7,7,38,S29,False,0,5,5,0,15,0,0,0,0,"['B305', 'B149', 'B708', 'B92', 'B517', 'B349', 'B764', 'B38', 'B493', 'B632', 'B383', 'B345', 'B602', 'B240', 'B19']",7.5,S12,9.35,15,5,20,0.0,,-0.317335,-14.241215,-14.558551,False,False,12,S32,True,8,2.856,pickup,,,,,,,,,,,,,,,,,,,,,,,,,,,,,,,,,,,,,,,,,,,,,,,,,,,,
43,7,7,55,S12,False,15,5,20,14,0,0,0,0,0,"['B305', 'B149', 'B708', 'B92', 'B517', 'B349', 'B764', 'B38', 'B493', 'B632', 'B383', 'B345', 'B602', 'B240']",7.0,S63,5.44,1,5,6,0.0,,-0.193441,-14.055209,-14.24865,False,False,18,S40,True,8,3.8143,delivery,,,,,,,,,,,,,,,,,,,,,,,,,,,,,,,,,,,,,,,,,,,,,,,,,,,,
43,7,8,7,S63,False,1,5,6,0,13,1,0,0,0,"['B358', 'B460', 'B721', 'B40', 'B27', 'B441', 'B176', 'B203', 'B266', 'B665', 'B174', 'B171', 'B583']",9.5,S48,4.03,14,5,19,0.0,,-0.218157,-14.088158,-14.306315,True,True,36,S40,True,32,7.1154,pickup+onsite,,,,,,,,,,,,,,,,,,,,,,,,,,,,,,,,,,,,,,,,,,,,,,,,,,,,
43,7,8,21,S48,False,14,5,19,11,0,0,0,0,0,"['B19', 'B358', 'B460', 'B721', 'B40', 'B27', 'B441', 'B176', 'B203', 'B266', 'B665']",5.5,S43,3.81,3,5,8,0.0,,-0.258257,-14.06879,-14.327047,False,False,18,S32,True,6,3.5838,delivery,,,,,,,,,,,,,,,,,,,,,,,,,,,,,,,,,,,,,,,,,,,,,,,,,,,,
43,7,8,30,S43,False,3,5,8,0,12,0,0,0,0,"['B158', 'B580', 'B257', 'B365', 'B568', 'B161', 'B212', 'B644', 'B666', 'B692', 'B571', 'B323']",6.0,S32,3.61,15,5,20,0.0,,-0.287942,-13.573192,-13.861134,False,False,12,S40,True,6,2.3111,pickup,,,,,,,,,,,,,,,,,,,,,,,,,,,,,,,,,,,,,,,,,,,,,,,,,,,,
43,7,8,40,S32,False,15,5,20,13,0,0,0,0,0,"['B174', 'B171', 'B583', 'B158', 'B580', 'B257', 'B365', 'B568', 'B161', 'B212', 'B644', 'B666', 'B692']",6.5,S33,3.27,2,5,7,0.0,,-0.28257,-13.507298,-13.789868,False,False,18,S15,True,9,3.5507,delivery,,,,,,,,,,,,,,,,,,,,,,,,,,,,,,,,,,,,,,,,,,,,,,,,,,,,
43,7,8,50,S33,False,2,5,7,0,13,0,0,0,0,"['B164', 'B409', 'B395', 'B499', 'B613', 'B591', 'B372', 'B574', 'B466', 'B743', 'B134', 'B429', 'B751']",6.5,S15,3.7,15,5,20,0.0,,-0.381862,-13.537046,-13.918908,False,False,12,S40,True,7,2.2033,pickup,,,,,,,,,,,,,,,,,,,,,,,,,,,,,,,,,,,,,,,,,,,,,,,,,,,,
43,7,9,0,S15,False,15,5,20,15,0,0,0,0,0,"['B571', 'B323', 'B164', 'B409', 'B395', 'B499', 'B613', 'B591', 'B372', 'B574', 'B466', 'B743', 'B134', 'B429', 'B751']",7.5,S37,4.99,0,5,5,0.0,,-0.317638,-13.526833,-13.844471,False,False,12,S41,True,6,2.7547,delivery,,,,,,,,,,,,,,,,,,,,,,,,,,,,,,,,,,,,,,,,,,,,,,,,,,,,
43,7,9,12,S37,False,0,5,5,0,15,1,0,0,0,"['B491', 'B93', 'B316', 'B85', 'B14', 'B431', 'B390', 'B373', 'B4', 'B98', 'B288', 'B337', 'B291', 'B562', 'B272']",10.5,S22,7.12,15,5,20,0.0,,-0.406918,-13.594826,-14.001744,True,True,24,S41,True,19,5.4323,pickup+onsite,,,,,,,,,,,,,,,,,,,,,,,,,,,,,,,,,,,,,,,,,,,,,,,,,,,,
43,7,9,30,S22,False,15,5,20,15,0,0,0,0,0,"['B491', 'B93', 'B316', 'B85', 'B14', 'B431', 'B390', 'B373', 'B4', 'B98', 'B288', 'B337', 'B291', 'B562', 'B272']",7.5,S63,8.69,0,5,5,0.0,,-0.466564,-13.425909,-13.892473,False,False,12,S54,True,9,3.0564,delivery,,,,,,,,,,,,,,,,,,,,,,,,,,,,,,,,,,,,,,,,,,,,,,,,,,,,
43,7,9,46,S63,False,0,5,5,0,7,0,0,0,0,"['B110', 'B464', 'B310', 'B230', 'B22', 'B753', 'B422']",3.5,S44,0.47,7,5,12,0.0,,-0.431875,-13.473342,-13.905216,True,False,36,S44,True,12,8.7916,pickup,,,,,,,,,,,,,,,,,,,,,,,,,,,,,,,,,,,,,,,,,,,,,,,,,,,,
43,7,9,50,S44,False,7,5,12,0,8,1,0,0,0,"['B400', 'B321', 'B292', 'B342', 'B47', 'B107', 'B765', 'B115']",7.0,S19,4.96,15,5,20,0.0,,-0.387146,-13.392206,-13.779352,True,True,24,S19,False,21,5.94,pickup+onsite,,,,,,,,,,,,,,,,,,,,,,,,,,,,,,,,,,,,,,,,,,,,,,,,,,,,
43,7,10,2,S19,False,15,5,20,4,0,0,2,0,0,"['B728', 'B646', 'B110', 'B464', 'B310', 'B230']",3.0,S31,8.63,11,7,18,0.0,,-0.332997,-13.298899,-13.631896,True,True,42,S31,False,20,7.6537,delivery+depot_removal,,,,,,,,,,,,,,,,,,,,,,,,,,,,,,,,,,,,,,,,,,,,,,,,,,,,
43,7,10,14,S31,False,11,7,18,11,0,0,0,0,0,"['B22', 'B753', 'B422', 'B400', 'B321', 'B292', 'B342', 'B47', 'B107', 'B765', 'B115']",5.5,S54,5.7,0,7,7,0.0,,-0.347273,-13.376879,-13.724151,False,False,12,S41,True,7,2.8182,delivery,,,,,,,,,,,,,,,,,,,,,,,,,,,,,,,,,,,,,,,,,,,,,,,,,,,,
43,7,10,25,S54,False,0,7,7,0,13,0,0,0,0,"['B492', 'B113', 'B153', 'B25', 'B524', 'B658', 'B548', 'B80', 'B279', 'B65', 'B220', 'B507', 'B275']",6.5,S29,1.43,13,7,20,0.0,,-0.317689,-13.370412,-13.688101,False,False,12,S49,True,6,3.6444,pickup,,,,,,,,,,,,,,,,,,,,,,,,,,,,,,,,,,,,,,,,,,,,,,,,,,,,
43,7,10,33,S29,False,13,7,20,13,0,0,0,0,0,"['B492', 'B113', 'B153', 'B25', 'B524', 'B658', 'B548', 'B80', 'B279', 'B65', 'B220', 'B507', 'B275']",6.5,S38,8.13,0,7,7,0.0,,-0.268282,-13.466504,-13.734786,False,False,12,S27,True,8,3.6196,delivery,,,,,,,,,,,,,,,,,,,,,,,,,,,,,,,,,,,,,,,,,,,,,,,,,,,,
43,7,10,47,S38,False,0,7,7,0,10,0,0,0,0,"['B626', 'B190', 'B734', 'B324', 'B200', 'B192', 'B513', 'B218', 'B234', 'B584']",5.0,S27,5.35,10,7,17,0.0,,-0.158675,-13.53552,-13.694195,False,False,18,S49,True,12,4.0463,pickup,,,,,,,,,,,,,,,,,,,,,,,,,,,,,,,,,,,,,,,,,,,,,,,,,,,,
43,7,10,58,S27,False,10,7,17,10,0,0,0,0,0,"['B626', 'B190', 'B734', 'B324', 'B200', 'B192', 'B513', 'B218', 'B234', 'B584']",5.0,S49,5.16,0,7,7,0.0,,-0.178624,-13.550622,-13.729246,False,False,12,S49,False,6,2.7421,delivery,,,,,,,,,,,,,,,,,,,,,,,,,,,,,,,,,,,,,,,,,,,,,,,,,,,,
43,7,11,8,S49,False,0,7,7,0,12,0,0,0,0,"['B253', 'B57', 'B186', 'B206', 'B384', 'B445', 'B598', 'B761', 'B271', 'B542', 'B120', 'B169']",6.0,S41,2.5,12,7,19,0.0,,-0.203403,-13.60243,-13.805833,False,False,18,S23,True,14,4.0539,pickup,,,,,,,,,,,,,,,,,,,,,,,,,,,,,,,,,,,,,,,,,,,,,,,,,,,,
43,7,11,16,S41,False,12,7,19,12,0,1,0,0,0,"['B253', 'B57', 'B186', 'B206', 'B384', 'B445', 'B598', 'B761', 'B271', 'B542', 'B120', 'B169']",9.0,S11,11.76,0,7,7,0.0,,-0.213452,-13.593213,-13.806665,True,True,24,S61,True,21,4.8345,delivery+onsite,,,,,,,,,,,,,,,,,,,,,,,,,,,,,,,,,,,,,,,,,,,,,,,,,,,,
43,7,11,37,S11,False,0,7,7,0,10,0,0,0,0,"['B484', 'B140', 'B592', 'B66', 'B406', 'B11', 'B701', 'B528', 'B630', 'B96']",5.0,S8,5.36,10,7,17,0.0,,-0.188725,-13.610216,-13.798941,False,False,18,S42,True,16,6.9692,pickup,,,,,,,,,,,,,,,,,,,,,,,,,,,,,,,,,,,,,,,,,,,,,,,,,,,,
43,7,11,48,S8,False,10,7,17,10,0,0,1,0,0,"['B44', 'B484', 'B140', 'B592', 'B66', 'B406', 'B11', 'B701', 'B528', 'B630', 'B96']",5.5,S37,15.46,0,8,8,0.0,,-0.267602,-13.564577,-13.832179,True,True,24,S45,True,18,8.0198,delivery+depot_removal,,,,,,,,,,,,,,,,,,,,,,,,,,,,,,,,,,,,,,,,,,,,,,,,,,,,
43,7,12,9,S37,False,0,8,8,0,12,0,0,0,0,"['B267', 'B451', 'B526', 'B695', 'B703', 'B355', 'B680', 'B285', 'B231', 'B26', 'B48', 'B463']",6.0,S50,7.46,12,8,20,0.0,,-0.387045,-13.801098,-14.188143,False,False,12,S50,False,6,2.1045,pickup,,,,,,,,,,,,,,,,,,,,,,,,,,,,,,,,,,,,,,,,,,,,,,,,,,,,
43,7,12,22,S50,False,12,8,20,12,0,0,0,0,0,"['B267', 'B451', 'B526', 'B695', 'B703', 'B355', 'B680', 'B285', 'B231', 'B26', 'B48', 'B463']",6.0,S47,9.95,0,8,8,0.0,,-0.44688,-13.910405,-14.357286,False,False,12,S14,True,7,2.8195,delivery,,,,,,,,,,,,,,,,,,,,,,,,,,,,,,,,,,,,,,,,,,,,,,,,,,,,
43,7,12,38,S47,False,0,8,8,0,12,1,0,0,0,"['B31', 'B450', 'B51', 'B569', 'B208', 'B700', 'B563', 'B126', 'B637', 'B629', 'B485', 'B296']",9.0,S29,9.08,12,8,20,0.0,,-0.40678,-13.992558,-14.399339,True,True,24,S29,False,18,4.1254,pickup+onsite,,,,,,,,,,,,,,,,,,,,,,,,,,,,,,,,,,,,,,,,,,,,,,,,,,,,
43,7,12,56,S29,False,12,8,20,12,0,0,0,0,0,"['B31', 'B450', 'B51', 'B569', 'B208', 'B700', 'B563', 'B126', 'B637', 'B629', 'B485', 'B296']",6.0,S61,5.74,0,8,8,0.0,,-0.253351,-13.92162,-14.174972,False,False,12,S61,False,6,2.5629,delivery,,,,,,,,,,,,,,,,,,,,,,,,,,,,,,,,,,,,,,,,,,,,,,,,,,,,
43,7,13,8,S61,False,0,8,8,0,9,0,0,0,0,"['B150', 'B119', 'B586', 'B376', 'B529', 'B404', 'B170', 'B719', 'B5']",4.5,S17,7.88,9,8,17,0.0,,-0.13894,-13.887737,-14.026676,False,False,18,S31,True,12,4.6172,pickup,,,,,,,,,,,,,,,,,,,,,,,,,,,,,,,,,,,,,,,,,,,,,,,,,,,,
43,7,13,20,S17,False,9,8,17,9,0,0,0,0,0,"['B150', 'B119', 'B586', 'B376', 'B529', 'B404', 'B170', 'B719', 'B5']",4.5,S31,7.72,0,8,8,0.0,,-0.238332,-13.94304,-14.181372,False,False,12,S19,True,8,2.9925,delivery,,,,,,,,,,,,,,,,,,,,,,,,,,,,,,,,,,,,,,,,,,,,,,,,,,,,
43,7,13,32,S31,False,0,8,8,0,12,0,0,0,0,"['B321', 'B292', 'B342', 'B47', 'B107', 'B765', 'B115', 'B624', 'B356', 'B421', 'B473', 'B597']",6.0,S42,9.6,12,8,20,0.0,,-0.307916,-14.050775,-14.358691,False,False,12,S42,False,6,3.1688,pickup,,,,,,,,,,,,,,,,,,,,,,,,,,,,,,,,,,,,,,,,,,,,,,,,,,,,
43,7,13,48,S42,False,12,8,20,12,0,1,2,0,0,"['B715', 'B367', 'B321', 'B292', 'B342', 'B47', 'B107', 'B765', 'B115', 'B624', 'B356', 'B421', 'B473', 'B597']",10.0,S51,9.5,0,10,10,0.0,,-0.481229,-14.316183,-14.797412,True,True,60,S66,True,49,13.3503,delivery+maintenance,,,,,,,,,,,,,,,,,,,,,,,,,,,,,,,,,,,,,,,,,,,,,,,,,,,,
43,7,14,7,S51,False,0,10,10,0,10,0,0,0,0,"['B64', 'B158', 'B633', 'B186', 'B9', 'B487', 'B317', 'B290', 'B498', 'B425']",5.0,S35,8.32,10,10,20,0.0,,-0.769047,-14.573752,-15.342799,False,False,12,S9,True,8,2.0204,pickup,,,,,,,,,,,,,,,,,,,,,,,,,,,,,,,,,,,,,,,,,,,,,,,,,,,,
43,7,14,21,S35,False,10,10,20,10,0,0,1,0,0,"['B109', 'B64', 'B158', 'B633', 'B186', 'B9', 'B487', 'B317', 'B290', 'B498', 'B425']",5.5,S66,8.23,0,11,11,0.0,,-1.102207,-14.669591,-15.771798,True,True,18,S66,False,12,2.8704,delivery+depot_removal,,,,,,,,,,,,,,,,,,,,,,,,,,,,,,,,,,,,,,,,,,,,,,,,,,,,
43,7,14,34,S66,False,0,11,11,0,9,0,0,0,0,"['B111', 'B102', 'B653', 'B371', 'B727', 'B127', 'B593', 'B431', 'B643']",4.5,S54,5.58,9,11,20,0.0,,-1.102357,-14.485286,-15.587643,True,False,18,S65,True,14,2.921,pickup,,,,,,,,,,,,,,,,,,,,,,,,,,,,,,,,,,,,,,,,,,,,,,,,,,,,
43,7,14,45,S54,False,9,11,20,9,0,0,0,0,0,"['B111', 'B102', 'B653', 'B371', 'B727', 'B127', 'B593', 'B431', 'B643']",4.5,S53,2.46,0,11,11,0.0,,-1.201423,-14.4974,-15.698823,False,False,12,S3,True,6,1.8931,delivery,,,,,,,,,,,,,,,,,,,,,,,,,,,,,,,,,,,,,,,,,,,,,,,,,,,,
43,7,14,52,S53,False,0,11,11,0,9,0,0,0,0,"['B76', 'B552', 'B396', 'B381', 'B153', 'B257', 'B147', 'B587', 'B69']",4.5,S35,5.18,9,11,20,0.0,,-1.048198,-14.3872,-15.435398,True,False,18,S2,True,14,2.737,pickup,,,,,,,,,,,,,,,,,,,,,,,,,,,,,,,,,,,,,,,,,,,,,,,,,,,,
43,7,15,1,S35,False,9,11,20,9,0,0,0,0,0,"['B76', 'B552', 'B396', 'B381', 'B153', 'B257', 'B147', 'B587', 'B69']",4.5,S44,6.81,0,11,11,0.0,,-0.684772,-14.308055,-14.992828,False,False,12,S31,True,9,3.3016,delivery,,,,,,,,,,,,,,,,,,,,,,,,,,,,,,,,,,,,,,,,,,,,,,,,,,,,
43,7,15,13,S44,False,0,11,11,0,9,0,0,0,0,"['B673', 'B399', 'B341', 'B97', 'B416', 'B187', 'B27', 'B213', 'B30']",4.5,S4,1.93,9,11,20,0.0,,-0.858365,-14.381823,-15.240188,False,False,12,S26,True,8,2.0161,pickup,,,,,,,,,,,,,,,,,,,,,,,,,,,,,,,,,,,,,,,,,,,,,,,,,,,,
43,7,15,19,S4,False,9,11,20,9,0,0,0,0,0,"['B673', 'B399', 'B341', 'B97', 'B416', 'B187', 'B27', 'B213', 'B30']",4.5,S65,5.15,0,11,11,0.0,,-0.799059,-14.288785,-15.087843,False,False,12,S31,True,7,2.1037,delivery,,,,,,,,,,,,,,,,,,,,,,,,,,,,,,,,,,,,,,,,,,,,,,,,,,,,
43,7,15,29,S65,False,0,11,11,0,9,0,0,0,0,"['B511', 'B154', 'B82', 'B329', 'B168', 'B344', 'B589', 'B761', 'B542']",4.5,S26,6.43,9,11,20,0.0,,-0.858843,-14.347621,-15.206464,False,False,12,S63,True,6,2.0847,pickup,,,,,,,,,,,,,,,,,,,,,,,,,,,,,,,,,,,,,,,,,,,,,,,,,,,,
43,7,15,40,S26,False,9,11,20,9,0,0,1,0,0,"['B320', 'B511', 'B154', 'B82', 'B329', 'B168', 'B344', 'B589', 'B761', 'B542']",5.0,S31,6.02,0,12,12,0.0,,-0.690407,-14.194811,-14.885218,True,True,18,S31,False,12,3.1433,delivery+depot_removal,,,,,,,,,,,,,,,,,,,,,,,,,,,,,,,,,,,,,,,,,,,,,,,,,,,,
43,7,15,51,S31,False,0,12,12,0,8,0,0,0,0,"['B330', 'B148', 'B746', 'B200', 'B353', 'B651', 'B423', 'B174']",4.0,S35,8.41,8,12,20,0.0,,-0.550965,-14.142284,-14.693249,False,False,12,S63,True,10,2.094,pickup,,,,,,,,,,,,,,,,,,,,,,,,,,,,,,,,,,,,,,,,,,,,,,,,,,,,
43,7,16,3,S35,False,8,12,20,8,0,0,0,0,0,"['B330', 'B148', 'B746', 'B200', 'B353', 'B651', 'B423', 'B174']",4.0,S12,9.87,0,12,12,0.0,,-0.590372,-14.22791,-14.818282,False,False,12,S31,True,7,2.5906,delivery,,,,,,,,,,,,,,,,,,,,,,,,,,,,,,,,,,,,,,,,,,,,,,,,,,,,
43,7,16,17,S12,False,0,12,12,0,8,0,0,0,0,"['B439', 'B297', 'B583', 'B6', 'B461', 'B260', 'B718', 'B573']",4.0,S54,8.01,8,12,20,0.0,,-0.580284,-14.209063,-14.789348,False,False,12,S51,True,6,1.9753,pickup,,,,,,,,,,,,,,,,,,,,,,,,,,,,,,,,,,,,,,,,,,,,,,,,,,,,
43,7,16,29,S54,False,8,12,20,8,0,0,0,0,0,"['B439', 'B297', 'B583', 'B6', 'B461', 'B260', 'B718', 'B573']",4.0,S58,5.62,0,12,12,0.0,,-0.754331,-14.105295,-14.859626,False,False,12,S40,True,8,2.076,delivery,,,,,,,,,,,,,,,,,,,,,,,,,,,,,,,,,,,,,,,,,,,,,,,,,,,,
43,7,16,38,S58,False,0,12,12,0,8,1,0,0,0,"['B35', 'B209', 'B364', 'B108', 'B173', 'B99', 'B378', 'B105']",7.0,S40,4.02,8,12,20,0.0,,-0.665415,-13.801349,-14.466764,True,True,24,S51,True,19,4.1661,pickup+onsite,,,,,,,,,,,,,,,,,,,,,,,,,,,,,,,,,,,,,,,,,,,,,,,,,,,,
43,7,16,49,S40,False,8,12,20,8,0,0,0,0,0,"['B35', 'B209', 'B364', 'B108', 'B173', 'B99', 'B378', 'B105']",4.0,S63,2.93,0,12,12,0.0,,-0.705477,-13.83529,-14.540767,False,False,12,S31,True,10,2.0787,delivery,,,,,,,,,,,,,,,,,,,,,,,,,,,,,,,,,,,,,,,,,,,,,,,,,,,,
43,7,16,56,S63,False,0,12,12,0,8,1,0,0,0,"['B169', 'B424', 'B631', 'B208', 'B455', 'B75', 'B0', 'B518']",7.0,S35,6.66,8,12,20,0.0,,-0.431926,-13.674184,-14.10611,True,True,24,S51,True,20,3.9019,pickup+onsite,,,,,,,,,,,,,,,,,,,,,,,,,,,,,,,,,,,,,,,,,,,,,,,,,,,,
43,7,17,10,S35,False,8,12,20,8,0,0,0,0,0,"['B169', 'B424', 'B631', 'B208', 'B455', 'B75', 'B0', 'B518']",4.0,S22,12.12,0,12,12,0.0,,-0.327374,-13.527287,-13.85466,False,False,12,S31,True,8,2.0102,delivery,,,,,,,,,,,,,,,,,,,,,,,,,,,,,,,,,,,,,,,,,,,,,,,,,,,,
43,7,17,26,S22,False,0,12,12,0,8,0,0,0,0,"['B712', 'B625', 'B607', 'B622', 'B479', 'B338', 'B545', 'B34']",4.0,S38,6.7,8,12,20,0.0,,-0.119003,-13.490837,-13.60984,False,False,12,S24,True,8,2.3336,pickup,,,,,,,,,,,,,,,,,,,,,,,,,,,,,,,,,,,,,,,,,,,,,,,,,,,,
43,7,17,37,S38,False,8,12,20,8,0,0,0,0,0,"['B712', 'B625', 'B607', 'B622', 'B479', 'B338', 'B545', 'B34']",4.0,S51,5.47,0,12,12,0.0,,-0.293086,-13.313915,-13.607001,False,False,12,S31,True,8,2.3126,delivery,,,,,,,,,,,,,,,,,,,,,,,,,,,,,,,,,,,,,,,,,,,,,,,,,,,,
43,7,17,46,S51,False,0,12,12,0,8,0,0,0,0,"['B45', 'B40', 'B156', 'B191', 'B33', 'B411', 'B264', 'B700']",4.0,S14,10.95,8,12,20,0.0,,-0.278043,-13.339879,-13.617921,True,False,18,S12,True,16,3.4953,pickup,,,,,,,,,,,,,,,,,,,,,,,,,,,,,,,,,,,,,,,,,,,,,,,,,,,,
43,7,18,1,S14,False,8,12,20,7,0,1,1,0,0,"['B501', 'B45', 'B40', 'B156', 'B191', 'B33', 'B411', 'B264']",7.0,S65,10.47,1,13,14,0.0,,-0.307639,-13.338874,-13.646513,True,True,60,S24,True,57,9.1358,delivery+maintenance,,,,,,,,,,,,,,,,,,,,,,,,,,,,,,,,,,,,,,,,,,,,,,,,,,,,
43,7,18,19,S65,False,1,13,14,0,0,0,0,0,0,[],0.0,S30,1.33,1,13,14,0.0,,-0.148876,-13.194009,-13.342885,False,False,12,S24,True,2,2.0134,do_nothing,,,,,,,,,,,,,,,,,,,,,,,,,,,,,,,,,,,,,,,,,,,,,,,,,,,,
43,7,18,20,S30,False,1,13,14,0,6,0,0,0,0,"['B140', 'B288', 'B124', 'B459', 'B491', 'B223']",3.0,S24,6.35,7,13,20,0.0,,-0.148762,-13.13474,-13.283503,True,False,24,S24,False,20,3.8746,pickup,,,,,,,,,,,,,,,,,,,,,,,,,,,,,,,,,,,,,,,,,,,,,,,,,,,,
43,7,18,29,S24,False,7,13,20,7,0,0,0,0,0,"['B700', 'B140', 'B288', 'B124', 'B459', 'B491', 'B223']",3.5,S31,6.93,0,13,13,0.0,,-0.243315,-13.165983,-13.409298,False,False,12,S22,True,10,1.8864,delivery,,,,,,,,,,,,,,,,,,,,,,,,,,,,,,,,,,,,,,,,,,,,,,,,,,,,
43,7,18,40,S31,False,0,13,13,0,7,0,0,0,0,"['B269', 'B250', 'B732', 'B504', 'B401', 'B348', 'B152']",3.5,S49,2.89,7,13,20,0.0,,-0.248584,-13.097227,-13.345812,False,False,12,S2,True,6,1.9449,pickup,,,,,,,,,,,,,,,,,,,,,,,,,,,,,,,,,,,,,,,,,,,,,,,,,,,,
43,7,18,46,S49,False,7,13,20,7,0,0,0,0,0,"['B269', 'B250', 'B732', 'B504', 'B401', 'B348', 'B152']",3.5,S65,4.37,0,13,13,0.0,,-0.10928,-13.044417,-13.153697,False,False,12,S64,True,8,1.8242,delivery,,,,,,,,,,,,,,,,,,,,,,,,,,,,,,,,,,,,,,,,,,,,,,,,,,,,
43,7,18,54,S65,False,0,13,13,0,7,0,0,0,0,"['B710', 'B304', 'B22', 'B586', 'B19', 'B376', 'B218']",3.5,S64,4.04,7,13,20,0.0,,-0.134009,-13.020015,-13.154024,False,False,12,S18,True,9,1.9174,pickup,,,,,,,,,,,,,,,,,,,,,,,,,,,,,,,,,,,,,,,,,,,,,,,,,,,,
43,7,19,2,S64,False,7,13,20,7,0,0,0,0,0,"['B710', 'B304', 'B22', 'B586', 'B19', 'B376', 'B218']",3.5,S18,0.52,0,13,13,0.0,,-0.104261,-12.964913,-13.069174,False,False,18,S3,True,15,2.8109,delivery,,,,,,,,,,,,,,,,,,,,,,,,,,,,,,,,,,,,,,,,,,,,,,,,,,,,
43,7,19,6,S18,False,0,13,13,0,7,0,0,0,0,"['B581', 'B37', 'B538', 'B239', 'B285', 'B114', 'B231']",3.5,S3,6.93,7,13,20,0.0,,-0.074275,-12.979255,-13.053529,False,False,12,S35,True,7,1.8893,pickup,,,,,,,,,,,,,,,,,,,,,,,,,,,,,,,,,,,,,,,,,,,,,,,,,,,,
43,7,19,16,S3,False,7,13,20,7,0,0,0,0,0,"['B581', 'B37', 'B538', 'B239', 'B285', 'B114', 'B231']",3.5,S35,3.69,0,13,13,0.0,,-0.163958,-12.873617,-13.037575,False,False,12,S32,True,7,1.9543,delivery,,,,,,,,,,,,,,,,,,,,,,,,,,,,,,,,,,,,,,,,,,,,,,,,,,,,
43,7,19,23,S35,False,0,13,13,0,7,0,0,0,0,"['B424', 'B631', 'B208', 'B455', 'B75', 'B0', 'B518']",3.5,S42,1.31,7,13,20,0.0,,-0.138826,-12.929068,-13.067894,False,False,12,S42,False,6,2.0681,pickup,,,,,,,,,,,,,,,,,,,,,,,,,,,,,,,,,,,,,,,,,,,,,,,,,,,,
43,7,19,28,S42,False,7,13,20,7,0,0,1,0,0,"['B327', 'B424', 'B631', 'B208', 'B455', 'B75', 'B0', 'B518']",4.0,S19,9.76,0,14,14,0.0,,-0.139027,-12.888313,-13.02734,True,True,18,S16,True,14,2.9783,delivery+depot_removal,,,,,,,,,,,,,,,,,,,,,,,,,,,,,,,,,,,,,,,,,,,,,,,,,,,,
43,7,19,42,S19,False,0,14,14,0,0,0,0,0,0,[],0.0,S12,1.21,0,14,14,0.0,,-0.109242,-12.990119,-13.099361,False,False,5,S12,False,1,0.9938,do_nothing,,,,,,,,,,,,,,,,,,,,,,,,,,,,,,,,,,,,,,,,,,,,,,,,,,,,
43,7,19,43,S12,False,0,14,14,0,0,0,0,0,0,[],0.0,S19,1.21,0,14,14,0.0,,-0.143983,-12.978062,-13.122046,False,False,4,S19,False,0,0.7865,do_nothing,,,,,,,,,,,,,,,,,,,,,,,,,,,,,,,,,,,,,,,,,,,,,,,,,,,,
43,7,19,44,S19,False,0,14,14,0,0,0,0,0,0,[],0.0,S48,0.52,0,14,14,0.0,,-0.277992,-13.084857,-13.362849,False,False,3,D0,True,0,0.6423,do_nothing,,,,,,,,,,,,,,,,,,,,,,,,,,,,,,,,,,,,,,,,,,,,,,,,,,,,
43,7,19,45,S48,False,0,14,14,0,0,1,0,0,0,[],3.0,D0,4.23,0,14,14,0.0,,-0.188674,-13.323324,-13.511998,True,True,4,D0,True,1,0.7472,do_nothing+onsite,,,,,,,,,,,,,,,,,,,,,,,,,,,,,,,,,,,,,,,,,,,,,,,,,,,,
43,7,19,52,D0,True,0,14,14,0,0,0,0,14,10,"['B656', 'B151', 'B458', 'B635', 'B83', 'B53', 'B714', 'B235', 'B609', 'B505', 'B78', 'B488', 'B427', 'B71', 'B713', 'B728', 'B646', 'B44', 'B715', 'B367', 'B109', 'B320', 'B501', 'B327']",12.0,D0,0.0,10,0,10,0.0,,-0.14899,-13.294976,-13.443966,True,True,1,D0,False,0,0.1989,do_nothing,,,,,,,,,,,,,,,,,,,,,,,,,,,,,,,,,,,,,,,,,,,,,,,,,,,,
43,8,6,4,D0,True,10,0,10,0,0,0,0,0,0,[],0.0,S66,1.4,10,0,10,0.0,,-1.10671,-14.220358,-15.327068,True,True,5,S66,False,1,0.989,depot_passthrough,,,,,,,,,,,,,,,,,,,,,,,,,,,,,,,,,,,,,,,,,,,,,,,,,,,,
43,8,6,20,S66,False,10,0,10,10,0,0,1,0,0,"['B229', 'B656', 'B151', 'B458', 'B635', 'B83', 'B53', 'B714', 'B235', 'B609', 'B505']",5.5,S35,8.23,0,1,1,0.0,,-1.241072,-14.345901,-15.586973,True,True,24,S35,False,22,5.5183,delivery+depot_removal,,,,,,,,,,,,,,,,,,,,,,,,,,,,,,,,,,,,,,,,,,,,,,,,,,,,
43,8,6,34,S35,False,0,1,1,0,16,0,0,0,0,"['B435', 'B232', 'B434', 'B55', 'B203', 'B707', 'B165', 'B706', 'B179', 'B457', 'B689', 'B234', 'B61', 'B75', 'B396', 'B450']",8.0,S62,5.61,16,1,17,0.0,,-1.281548,-13.760444,-15.041992,False,False,18,S58,True,7,4.4413,pickup,,,,,,,,,,,,,,,,,,,,,,,,,,,,,,,,,,,,,,,,,,,,,,,,,,,,
43,8,6,48,S62,False,16,1,17,16,0,1,0,0,0,"['B435', 'B232', 'B434', 'B55', 'B203', 'B707', 'B165', 'B706', 'B179', 'B457', 'B689', 'B234', 'B61', 'B75', 'B396', 'B450']",11.0,S55,3.22,0,1,1,0.0,,-0.770218,-13.811122,-14.581341,True,True,24,S45,True,20,6.845,delivery+onsite,,,,,,,,,,,,,,,,,,,,,,,,,,,,,,,,,,,,,,,,,,,,,,,,,,,,
43,8,7,2,S55,False,0,1,1,0,17,0,1,0,0,"['B101', 'B539', 'B407', 'B591', 'B273', 'B424', 'B420', 'B360', 'B40', 'B683', 'B565', 'B437', 'B249', 'B122', 'B711', 'B742', 'B46', 'B517']",9.0,S41,7.46,17,2,19,0.0,,-0.600623,-13.803691,-14.404315,True,True,36,S63,True,30,8.6326,pickup+depot_removal,,,,,,,,,,,,,,,,,,,,,,,,,,,,,,,,,,,,,,,,,,,,,,,,,,,,
43,8,7,18,S41,False,17,2,19,17,0,0,0,0,0,"['B101', 'B539', 'B407', 'B591', 'B273', 'B424', 'B420', 'B360', 'B40', 'B683', 'B565', 'B437', 'B249', 'B122', 'B711', 'B742', 'B46']",8.5,S63,5.29,0,2,2,0.0,,-0.530675,-13.598534,-14.12921,False,False,12,S45,True,6,2.8881,delivery,,,,,,,,,,,,,,,,,,,,,,,,,,,,,,,,,,,,,,,,,,,,,,,,,,,,
43,8,7,32,S63,False,0,2,2,0,17,0,0,0,0,"['B125', 'B307', 'B412', 'B766', 'B684', 'B496', 'B581', 'B734', 'B51', 'B436', 'B550', 'B363', 'B238', 'B90', 'B394', 'B418', 'B599']",8.5,S65,7.4,17,2,19,0.0,,-0.392278,-13.52086,-13.913138,False,False,18,S27,True,13,4.4028,pickup,,,,,,,,,,,,,,,,,,,,,,,,,,,,,,,,,,,,,,,,,,,,,,,,,,,,
43,8,7,48,S65,False,17,2,19,16,0,0,0,0,0,"['B125', 'B307', 'B412', 'B766', 'B684', 'B496', 'B581', 'B734', 'B51', 'B436', 'B550', 'B363', 'B238', 'B90', 'B394', 'B418']",8.0,S59,5.18,1,2,3,0.0,,-0.37731,-13.514957,-13.892267,False,False,18,S45,True,10,5.1965,delivery,,,,,,,,,,,,,,,,,,,,,,,,,,,,,,,,,,,,,,,,,,,,,,,,,,,,
43,8,8,1,S59,False,1,2,3,0,17,0,0,0,0,"['B144', 'B762', 'B336', 'B25', 'B648', 'B380', 'B80', 'B489', 'B522', 'B28', 'B428', 'B636', 'B224', 'B754', 'B361', 'B723', 'B566']",8.5,S30,3.9,18,2,20,0.0,,-0.258004,-13.354076,-13.61208,False,False,12,S30,False,8,3.1294,pickup,,,,,,,,,,,,,,,,,,,,,,,,,,,,,,,,,,,,,,,,,,,,,,,,,,,,
43,8,8,14,S30,False,18,2,20,10,0,0,2,0,0,"['B382', 'B374', 'B599', 'B144', 'B762', 'B336', 'B25', 'B648', 'B380', 'B80', 'B489', 'B522']",6.0,S46,6.95,8,4,12,0.0,,-0.138926,-13.385128,-13.524054,True,True,42,S22,True,38,7.0844,delivery+depot_removal,,,,,,,,,,,,,,,,,,,,,,,,,,,,,,,,,,,,,,,,,,,,,,,,,,,,
43,8,8,27,S46,False,8,4,12,0,8,0,0,0,0,"['B311', 'B18', 'B69', 'B637', 'B749', 'B184', 'B735', 'B577']",4.0,S22,9.54,16,4,20,0.0,,-0.19875,-13.430019,-13.628769,True,False,18,S19,True,12,3.1643,pickup,,,,,,,,,,,,,,,,,,,,,,,,,,,,,,,,,,,,,,,,,,,,,,,,,,,,
43,8,8,40,S22,False,16,4,20,15,0,0,0,0,0,"['B28', 'B428', 'B636', 'B224', 'B754', 'B361', 'B723', 'B566', 'B311', 'B18', 'B69', 'B637', 'B749', 'B184', 'B735']",7.5,S23,1.6,1,4,5,0.0,,-0.267853,-13.686707,-13.954561,False,False,18,S15,True,12,3.6647,delivery,,,,,,,,,,,,,,,,,,,,,,,,,,,,,,,,,,,,,,,,,,,,,,,,,,,,
43,8,8,49,S23,False,1,4,5,0,9,1,0,0,0,"['B337', 'B301', 'B35', 'B314', 'B595', 'B174', 'B616', 'B652', 'B527']",7.5,S15,7.55,10,4,14,0.0,,-0.28784,-13.701349,-13.989189,True,True,36,S39,True,30,6.272,pickup+onsite,,,,,,,,,,,,,,,,,,,,,,,,,,,,,,,,,,,,,,,,,,,,,,,,,,,,
43,8,9,4,S15,False,10,4,14,10,0,0,0,0,0,"['B577', 'B337', 'B301', 'B35', 'B314', 'B595', 'B174', 'B616', 'B652', 'B527']",5.0,S39,7.21,0,4,4,0.0,,-0.337626,-13.737564,-14.07519,False,False,12,S52,True,6,2.4735,delivery,,,,,,,,,,,,,,,,,,,,,,,,,,,,,,,,,,,,,,,,,,,,,,,,,,,,
43,8,9,17,S39,False,0,4,4,0,16,0,0,0,0,"['B138', 'B108', 'B173', 'B593', 'B253', 'B733', 'B514', 'B638', 'B387', 'B433', 'B475', 'B52', 'B261', 'B195', 'B631', 'B137']",8.0,S51,7.16,16,4,20,0.0,,-0.521305,-13.71377,-14.235075,True,False,18,S2,True,14,4.1122,pickup,,,,,,,,,,,,,,,,,,,,,,,,,,,,,,,,,,,,,,,,,,,,,,,,,,,,
43,8,9,32,S51,False,16,4,20,11,0,0,1,0,0,"['B248', 'B138', 'B108', 'B173', 'B593', 'B253', 'B733', 'B514', 'B638', 'B387', 'B433', 'B475']",6.0,S42,9.5,5,5,10,0.0,,-0.342808,-13.634261,-13.977069,True,True,30,S35,True,16,5.467,delivery+depot_removal,,,,,,,,,,,,,,,,,,,,,,,,,,,,,,,,,,,,,,,,,,,,,,,,,,,,
43,8,9,47,S42,False,5,5,10,0,10,0,0,0,0,"['B765', 'B661', 'B92', 'B269', 'B732', 'B250', 'B504', 'B216', 'B401', 'B500']",5.0,S26,6.95,15,5,20,0.0,,-0.352506,-13.568746,-13.921252,False,False,12,S26,False,7,2.2989,pickup,,,,,,,,,,,,,,,,,,,,,,,,,,,,,,,,,,,,,,,,,,,,,,,,,,,,
43,8,9,59,S26,False,15,5,20,14,0,0,0,0,0,"['B52', 'B261', 'B195', 'B631', 'B137', 'B765', 'B661', 'B92', 'B269', 'B732', 'B250', 'B504', 'B216', 'B401']",7.0,S33,6.45,1,5,6,0.0,,-0.337423,-13.606697,-13.944121,False,False,18,S25,True,12,4.4093,delivery,,,,,,,,,,,,,,,,,,,,,,,,,,,,,,,,,,,,,,,,,,,,,,,,,,,,
43,8,10,13,S33,False,1,5,6,0,14,0,0,0,0,"['B406', 'B111', 'B660', 'B602', 'B262', 'B358', 'B345', 'B400', 'B503', 'B326', 'B731', 'B186', 'B204', 'B161']",7.0,S13,11.75,15,5,20,0.0,,-0.391812,-13.578932,-13.970744,False,False,12,S35,True,7,2.3883,pickup,,,,,,,,,,,,,,,,,,,,,,,,,,,,,,,,,,,,,,,,,,,,,,,,,,,,
43,8,10,31,S13,False,15,5,20,15,0,0,0,0,0,"['B500', 'B406', 'B111', 'B660', 'B602', 'B262', 'B358', 'B345', 'B400', 'B503', 'B326', 'B731', 'B186', 'B204', 'B161']",7.5,S32,14.96,0,5,5,0.0,,-0.605919,-13.290188,-13.896107,False,False,12,S55,True,7,2.7603,delivery,,,,,,,,,,,,,,,,,,,,,,,,,,,,,,,,,,,,,,,,,,,,,,,,,,,,
43,8,10,54,S32,False,0,5,5,0,11,0,0,0,0,"['B612', 'B203', 'B764', 'B744', 'B89', 'B737', 'B65', 'B656', 'B560', 'B172', 'B570']",5.5,S35,3.98,11,5,16,0.0,,-0.392493,-13.591104,-13.983597,False,False,18,S37,True,13,3.4563,pickup,,,,,,,,,,,,,,,,,,,,,,,,,,,,,,,,,,,,,,,,,,,,,,,,,,,,
43,8,11,3,S35,False,11,5,16,11,0,0,0,0,0,"['B612', 'B203', 'B764', 'B744', 'B89', 'B737', 'B65', 'B656', 'B560', 'B172', 'B570']",5.5,S37,7.89,0,5,5,0.0,,-0.45688,-13.63392,-14.0908,False,False,12,S4,True,7,4.1264,delivery,,,,,,,,,,,,,,,,,,,,,,,,,,,,,,,,,,,,,,,,,,,,,,,,,,,,
43,8,11,17,S37,False,0,5,5,0,15,0,0,0,0,"['B547', 'B281', 'B329', 'B322', 'B417', 'B32', 'B324', 'B558', 'B748', 'B528', 'B192', 'B583', 'B237', 'B746', 'B597']",7.5,S34,5.37,15,5,20,0.0,,-0.491697,-13.71161,-14.203307,False,False,12,S34,False,6,3.0121,pickup,,,,,,,,,,,,,,,,,,,,,,,,,,,,,,,,,,,,,,,,,,,,,,,,,,,,
43,8,11,30,S34,False,15,5,20,15,0,0,0,0,0,"['B547', 'B281', 'B329', 'B322', 'B417', 'B32', 'B324', 'B558', 'B748', 'B528', 'B192', 'B583', 'B237', 'B746', 'B597']",7.5,S58,6.07,0,5,5,0.0,,-0.327437,-13.973553,-14.30099,False,False,18,S55,True,15,4.0523,delivery,,,,,,,,,,,,,,,,,,,,,,,,,,,,,,,,,,,,,,,,,,,,,,,,,,,,
43,8,11,43,S58,False,0,5,5,0,12,0,1,0,0,"['B258', 'B308', 'B463', 'B335', 'B257', 'B587', 'B750', 'B110', 'B476', 'B39', 'B73', 'B664', 'B82']",6.5,S55,5.61,12,6,18,0.0,,-0.193668,-13.95506,-14.148728,True,True,30,S2,True,28,6.5728,pickup+depot_removal,,,,,,,,,,,,,,,,,,,,,,,,,,,,,,,,,,,,,,,,,,,,,,,,,,,,
43,8,11,55,S55,False,12,6,18,12,0,0,0,0,0,"['B258', 'B308', 'B463', 'B335', 'B257', 'B587', 'B750', 'B110', 'B476', 'B39', 'B73', 'B664']",6.0,S44,3.84,0,6,6,0.0,,-0.317702,-13.957473,-14.275175,False,False,12,S4,True,7,2.8394,delivery,,,,,,,,,,,,,,,,,,,,,,,,,,,,,,,,,,,,,,,,,,,,,,,,,,,,
43,8,12,5,S44,False,0,6,6,0,10,1,0,0,0,"['B398', 'B409', 'B614', 'B70', 'B589', 'B309', 'B604', 'B56', 'B342', 'B249']",8.0,S46,1.44,10,6,16,0.0,,-0.283275,-13.89883,-14.182105,True,True,36,S30,True,30,7.8199,pickup+onsite,,,,,,,,,,,,,,,,,,,,,,,,,,,,,,,,,,,,,,,,,,,,,,,,,,,,
43,8,12,15,S46,False,10,6,16,10,0,0,1,0,0,"['B220', 'B398', 'B409', 'B614', 'B70', 'B589', 'B309', 'B604', 'B56', 'B342', 'B249']",5.5,S4,3.35,0,7,7,0.0,,-0.297802,-13.925592,-14.223394,True,True,24,S30,True,18,6.1149,delivery+depot_removal,,,,,,,,,,,,,,,,,,,,,,,,,,,,,,,,,,,,,,,,,,,,,,,,,,,,
43,8,12,23,S4,False,0,7,7,0,9,0,0,0,0,"['B639', 'B561', 'B194', 'B206', 'B221', 'B702', 'B635', 'B675', 'B678']",4.5,S35,8.01,9,7,16,0.0,,-0.352758,-13.894743,-14.247501,True,False,36,S30,True,24,6.4945,pickup,,,,,,,,,,,,,,,,,,,,,,,,,,,,,,,,,,,,,,,,,,,,,,,,,,,,
43,8,12,36,S35,False,9,7,16,9,0,0,0,0,0,"['B639', 'B561', 'B194', 'B206', 'B221', 'B702', 'B635', 'B675', 'B678']",4.5,S51,8.32,0,7,7,0.0,,-0.197994,-13.819404,-14.017397,False,False,12,S11,True,6,2.3303,delivery,,,,,,,,,,,,,,,,,,,,,,,,,,,,,,,,,,,,,,,,,,,,,,,,,,,,
43,8,12,49,S51,False,0,7,7,0,13,0,0,0,0,"['B681', 'B227', 'B742', 'B180', 'B130', 'B175', 'B49', 'B136', 'B529', 'B236', 'B475', 'B252', 'B135']",6.5,S29,7.57,13,7,20,0.0,,-0.332783,-13.809691,-14.142474,False,False,12,S13,True,6,2.4961,pickup,,,,,,,,,,,,,,,,,,,,,,,,,,,,,,,,,,,,,,,,,,,,,,,,,,,,
43,8,13,3,S29,False,13,7,20,13,0,0,0,0,0,"['B681', 'B227', 'B742', 'B180', 'B130', 'B175', 'B49', 'B136', 'B529', 'B236', 'B475', 'B252', 'B135']",6.5,S12,9.35,0,7,7,0.0,,-0.387662,-13.697719,-14.085381,False,False,12,S10,True,8,2.4968,delivery,,,,,,,,,,,,,,,,,,,,,,,,,,,,,,,,,,,,,,,,,,,,,,,,,,,,
43,8,13,19,S12,False,0,7,7,0,10,0,0,0,0,"['B584', 'B222', 'B16', 'B293', 'B573', 'B209', 'B588', 'B571', 'B497', 'B711']",5.0,S36,3.39,10,7,17,0.0,,-0.252911,-13.747755,-14.000666,False,False,18,S44,True,12,3.4792,pickup,,,,,,,,,,,,,,,,,,,,,,,,,,,,,,,,,,,,,,,,,,,,,,,,,,,,
43,8,13,27,S36,False,10,7,17,10,0,1,0,0,0,"['B584', 'B222', 'B16', 'B293', 'B573', 'B209', 'B588', 'B571', 'B497', 'B711']",8.0,S22,11.83,0,7,7,0.0,,-0.346756,-13.845778,-14.192534,True,True,24,S22,False,20,5.7532,delivery+onsite,,,,,,,,,,,,,,,,,,,,,,,,,,,,,,,,,,,,,,,,,,,,,,,,,,,,
43,8,13,47,S22,False,0,7,7,0,12,0,0,0,0,"['B723', 'B566', 'B311', 'B18', 'B69', 'B637', 'B749', 'B184', 'B735', 'B370', 'B154', 'B490']",6.0,S26,7.39,12,7,19,0.0,,-0.803862,-14.371843,-15.175705,False,False,18,S41,True,6,3.5925,pickup,,,,,,,,,,,,,,,,,,,,,,,,,,,,,,,,,,,,,,,,,,,,,,,,,,,,
43,8,14,0,S26,False,12,7,19,12,0,0,0,0,0,"['B723', 'B566', 'B311', 'B18', 'B69', 'B637', 'B749', 'B184', 'B735', 'B370', 'B154', 'B490']",6.0,S44,7.72,0,7,7,0.0,,-0.883345,-14.340017,-15.223362,False,False,12,S2,True,9,2.0778,delivery,,,,,,,,,,,,,,,,,,,,,,,,,,,,,,,,,,,,,,,,,,,,,,,,,,,,
43,8,14,14,S44,False,0,7,7,0,13,0,0,0,0,"['B452', 'B651', 'B337', 'B315', 'B181', 'B116', 'B682', 'B48', 'B357', 'B25', 'B35', 'B648', 'B243']",6.5,S57,6.41,13,7,20,0.0,,-0.99226,-14.43482,-15.42708,False,False,18,S65,True,7,4.2765,pickup,,,,,,,,,,,,,,,,,,,,,,,,,,,,,,,,,,,,,,,,,,,,,,,,,,,,
43,8,14,27,S57,False,13,7,20,13,0,0,0,0,0,"['B452', 'B651', 'B337', 'B315', 'B181', 'B116', 'B682', 'B48', 'B357', 'B25', 'B35', 'B648', 'B243']",6.5,S66,8.16,0,7,7,0.0,,-1.46938,-14.485908,-15.955288,True,False,18,S41,True,10,3.2,delivery,,,,,,,,,,,,,,,,,,,,,,,,,,,,,,,,,,,,,,,,,,,,,,,,,,,,
43,8,14,42,S66,False,0,7,7,0,0,0,0,0,0,[],0.0,S41,1.41,0,7,7,0.0,,-1.197514,-14.016342,-15.213856,False,False,18,S65,True,0,3.1916,do_nothing,,,,,,,,,,,,,,,,,,,,,,,,,,,,,,,,,,,,,,,,,,,,,,,,,,,,
43,8,14,43,S41,False,0,7,7,0,13,0,0,0,0,"['B350', 'B54', 'B132', 'B2', 'B45', 'B592', 'B79', 'B241', 'B199', 'B398', 'B448', 'B661', 'B702']",6.5,S35,9.63,13,7,20,0.0,,-1.172809,-13.981381,-15.154191,False,False,12,S65,True,8,2.2449,pickup,,,,,,,,,,,,,,,,,,,,,,,,,,,,,,,,,,,,,,,,,,,,,,,,,,,,
43,8,14,59,S35,False,13,7,20,13,0,0,0,0,0,"['B350', 'B54', 'B132', 'B2', 'B45', 'B592', 'B79', 'B241', 'B199', 'B398', 'B448', 'B661', 'B702']",6.5,S65,10.81,0,7,7,0.0,,-0.883294,-14.136676,-15.01997,False,False,12,S29,True,8,2.463,delivery,,,,,,,,,,,,,,,,,,,,,,,,,,,,,,,,,,,,,,,,,,,,,,,,,,,,
43,8,15,16,S65,False,0,7,7,0,13,1,0,0,0,"['B313', 'B413', 'B288', 'B410', 'B325', 'B608', 'B403', 'B672', 'B758', 'B406', 'B115', 'B445', 'B87']",9.5,S39,5.08,13,7,20,0.0,,-1.181602,-14.015121,-15.196723,True,True,24,S39,False,18,4.4258,pickup+onsite,,,,,,,,,,,,,,,,,,,,,,,,,,,,,,,,,,,,,,,,,,,,,,,,,,,,
43,8,15,31,S39,False,13,7,20,13,0,0,1,0,0,"['B760', 'B313', 'B413', 'B288', 'B410', 'B325', 'B608', 'B403', 'B672', 'B758', 'B406', 'B115', 'B445', 'B87']",7.0,S66,4.09,0,8,8,0.0,,-0.953974,-13.793875,-14.747849,True,True,18,S55,True,12,3.2659,delivery+depot_removal,,,,,,,,,,,,,,,,,,,,,,,,,,,,,,,,,,,,,,,,,,,,,,,,,,,,
43,8,15,42,S66,False,0,8,8,0,12,0,0,0,0,"['B440', 'B616', 'B590', 'B17', 'B198', 'B485', 'B691', 'B389', 'B101', 'B742', 'B264', 'B428']",6.0,S55,6.13,12,8,20,0.0,,-0.58162,-13.724754,-14.306374,False,False,18,S43,True,8,3.4322,pickup,,,,,,,,,,,,,,,,,,,,,,,,,,,,,,,,,,,,,,,,,,,,,,,,,,,,
43,8,15,54,S55,False,12,8,20,12,0,0,0,0,0,"['B440', 'B616', 'B590', 'B17', 'B198', 'B485', 'B691', 'B389', 'B101', 'B742', 'B264', 'B428']",6.0,S51,5.48,0,8,8,0.0,,-0.43166,-13.635521,-14.067181,False,False,12,S51,False,6,2.5089,delivery,,,,,,,,,,,,,,,,,,,,,,,,,,,,,,,,,,,,,,,,,,,,,,,,,,,,
43,8,16,6,S51,False,0,8,8,0,12,0,0,0,0,"['B181', 'B633', 'B163', 'B465', 'B53', 'B723', 'B455', 'B552', 'B474', 'B687', 'B267', 'B658']",6.0,S32,4.37,12,8,20,0.0,,-0.50635,-13.697091,-14.203441,False,False,12,S43,True,7,2.2731,pickup,,,,,,,,,,,,,,,,,,,,,,,,,,,,,,,,,,,,,,,,,,,,,,,,,,,,
43,8,16,16,S32,False,12,8,20,12,0,0,0,0,0,"['B181', 'B633', 'B163', 'B465', 'B53', 'B723', 'B455', 'B552', 'B474', 'B687', 'B267', 'B658']",6.0,S30,8.28,0,8,8,0.0,,-0.42683,-13.694295,-14.121125,False,False,12,S31,True,9,2.9168,delivery,,,,,,,,,,,,,,,,,,,,,,,,,,,,,,,,,,,,,,,,,,,,,,,,,,,,
43,8,16,30,S30,False,0,8,8,0,9,0,0,0,0,"['B536', 'B599', 'B684', 'B607', 'B567', 'B444', 'B102', 'B59', 'B336']",4.5,S17,7.68,9,8,17,0.0,,-0.441546,-13.691335,-14.132881,False,False,18,S47,True,15,3.1171,pickup,,,,,,,,,,,,,,,,,,,,,,,,,,,,,,,,,,,,,,,,,,,,,,,,,,,,
43,8,16,43,S17,False,9,8,17,9,0,0,0,0,0,"['B536', 'B599', 'B684', 'B607', 'B567', 'B444', 'B102', 'B59', 'B336']",4.5,S31,7.72,0,8,8,0.0,,-0.427548,-13.689869,-14.117417,False,False,12,S40,True,6,2.3815,delivery,,,,,,,,,,,,,,,,,,,,,,,,,,,,,,,,,,,,,,,,,,,,,,,,,,,,
43,8,16,55,S31,False,0,8,8,0,12,0,0,0,0,"['B9', 'B360', 'B0', 'B740', 'B92', 'B518', 'B559', 'B282', 'B429', 'B269', 'B714', 'B492']",6.0,S54,5.7,12,8,20,0.0,,-0.481357,-13.882405,-14.363762,False,False,12,S22,True,8,2.4129,pickup,,,,,,,,,,,,,,,,,,,,,,,,,,,,,,,,,,,,,,,,,,,,,,,,,,,,
43,8,17,6,S54,False,12,8,20,12,0,0,1,0,0,"['B551', 'B9', 'B360', 'B0', 'B740', 'B92', 'B518', 'B559', 'B282', 'B429', 'B269', 'B714', 'B492']",6.5,S47,8.4,0,9,9,0.0,,-0.481356,-13.753011,-14.234367,True,True,30,S39,True,25,5.5643,delivery+depot_removal,,,,,,,,,,,,,,,,,,,,,,,,,,,,,,,,,,,,,,,,,,,,,,,,,,,,
43,8,17,21,S47,False,0,9,9,0,11,0,0,0,0,"['B94', 'B643', 'B461', 'B12', 'B393', 'B211', 'B466', 'B557', 'B188', 'B276', 'B581']",5.5,S38,4.38,11,9,20,0.0,,-0.456981,-13.791802,-14.248783,False,False,12,S12,True,10,2.0107,pickup,,,,,,,,,,,,,,,,,,,,,,,,,,,,,,,,,,,,,,,,,,,,,,,,,,,,
43,8,17,31,S38,False,11,9,20,11,0,0,0,0,0,"['B94', 'B643', 'B461', 'B12', 'B393', 'B211', 'B466', 'B557', 'B188', 'B276', 'B581']",5.5,S12,7.06,0,9,9,0.0,,-0.392214,-13.657717,-14.049931,False,False,18,S15,True,14,3.4564,delivery,,,,,,,,,,,,,,,,,,,,,,,,,,,,,,,,,,,,,,,,,,,,,,,,,,,,
43,8,17,44,S12,False,0,9,9,0,11,0,0,0,0,"['B275', 'B346', 'B494', 'B677', 'B352', 'B263', 'B348', 'B362', 'B729', 'B116', 'B371']",5.5,S15,10.6,11,9,20,0.0,,-0.287992,-13.513946,-13.801938,False,False,12,S9,True,7,2.6197,pickup,,,,,,,,,,,,,,,,,,,,,,,,,,,,,,,,,,,,,,,,,,,,,,,,,,,,
43,8,18,0,S15,False,11,9,20,11,0,0,0,0,0,"['B275', 'B346', 'B494', 'B677', 'B352', 'B263', 'B348', 'B362', 'B729', 'B116', 'B371']",5.5,S35,5.79,0,9,9,0.0,,-0.148889,-13.356576,-13.505465,False,False,12,S50,True,8,2.2556,delivery,,,,,,,,,,,,,,,,,,,,,,,,,,,,,,,,,,,,,,,,,,,,,,,,,,,,
43,8,18,11,S35,False,0,9,9,0,11,0,0,0,0,"['B117', 'B153', 'B574', 'B318', 'B580', 'B575', 'B152', 'B171', 'B451', 'B311', 'B663']",5.5,S29,1.95,11,9,20,0.0,,-0.183441,-13.230685,-13.414126,False,False,12,S50,True,8,2.3059,pickup,,,,,,,,,,,,,,,,,,,,,,,,,,,,,,,,,,,,,,,,,,,,,,,,,,,,
43,8,18,19,S29,False,11,9,20,11,0,0,0,0,0,"['B117', 'B153', 'B574', 'B318', 'B580', 'B575', 'B152', 'B171', 'B451', 'B311', 'B663']",5.5,S40,3.08,0,9,9,0.0,,-0.133958,-13.164456,-13.298414,False,False,12,S53,True,10,2.5471,delivery,,,,,,,,,,,,,,,,,,,,,,,,,,,,,,,,,,,,,,,,,,,,,,,,,,,,
43,8,18,27,S40,False,0,9,9,0,11,1,0,0,0,"['B143', 'B251', 'B642', 'B645', 'B332', 'B606', 'B56', 'B650', 'B710', 'B195', 'B319']",8.5,S49,5.8,11,9,20,0.0,,-0.089217,-13.138826,-13.228043,True,True,36,S19,True,19,6.543,pickup+onsite,,,,,,,,,,,,,,,,,,,,,,,,,,,,,,,,,,,,,,,,,,,,,,,,,,,,
43,8,18,41,S49,False,11,9,20,11,0,0,0,0,0,"['B143', 'B251', 'B642', 'B645', 'B332', 'B606', 'B56', 'B650', 'B710', 'B195', 'B319']",5.5,S53,6.13,0,9,9,0.0,,-0.0744,-13.190014,-13.264414,False,False,12,S2,True,7,3.1048,delivery,,,,,,,,,,,,,,,,,,,,,,,,,,,,,,,,,,,,,,,,,,,,,,,,,,,,
43,8,18,53,S53,False,0,9,9,0,11,1,0,0,0,"['B141', 'B254', 'B534', 'B196', 'B515', 'B722', 'B435', 'B437', 'B278', 'B64', 'B299']",8.5,S50,5.17,11,9,20,0.0,,-0.109204,-13.184539,-13.293743,True,True,36,S19,True,30,7.6066,pickup+onsite,,,,,,,,,,,,,,,,,,,,,,,,,,,,,,,,,,,,,,,,,,,,,,,,,,,,
43,8,19,7,S50,False,11,9,20,11,0,0,0,0,0,"['B141', 'B254', 'B534', 'B196', 'B515', 'B722', 'B435', 'B437', 'B278', 'B64', 'B299']",5.5,S51,8.8,0,9,9,0.0,,-0.134046,-13.019225,-13.153272,False,False,12,S59,True,10,2.8269,delivery,,,,,,,,,,,,,,,,,,,,,,,,,,,,,,,,,,,,,,,,,,,,,,,,,,,,
43,8,19,21,S51,False,0,9,9,0,9,1,0,0,0,"['B725', 'B593', 'B591', 'B2', 'B616', 'B45', 'B550', 'B514', 'B361']",7.5,S64,6.57,9,9,18,0.0,,-0.114211,-13.089072,-13.203282,True,True,36,S19,True,31,9.1761,pickup+onsite,,,,,,,,,,,,,,,,,,,,,,,,,,,,,,,,,,,,,,,,,,,,,,,,,,,,
43,8,19,35,S64,False,9,9,18,9,0,0,0,0,0,"['B725', 'B593', 'B591', 'B2', 'B616', 'B45', 'B550', 'B514', 'B361']",4.5,S2,5.04,0,9,9,0.0,,-0.089444,-13.101544,-13.190988,False,False,10,S66,True,6,2.6473,delivery,,,,,,,,,,,,,,,,,,,,,,,,,,,,,,,,,,,,,,,,,,,,,,,,,,,,
43,8,19,45,S2,False,0,9,9,0,11,0,0,0,0,"['B42', 'B671', 'B674', 'B133', 'B246', 'B41', 'B193', 'B699', 'B569', 'B160', 'B414']",5.5,D0,3.53,11,9,20,0.0,,-0.054502,-13.315912,-13.370414,False,False,2,D0,False,1,0.3704,pickup,,,,,,,,,,,,,,,,,,,,,,,,,,,,,,,,,,,,,,,,,,,,,,,,,,,,
43,8,19,54,D0,True,11,9,20,0,0,0,0,9,9,"['B78', 'B488', 'B427', 'B71', 'B713', 'B728', 'B646', 'B44', 'B715', 'B229', 'B517', 'B382', 'B374', 'B248', 'B82', 'B220', 'B760', 'B551']",9.0,D0,0.0,20,0,20,0.0,,-0.05459,-13.204986,-13.259576,True,True,1,D0,False,0,0.1944,do_nothing,,,,,,,,,,,,,,,,,,,,,,,,,,,,,,,,,,,,,,,,,,,,,,,,,,,,
43,9,6,3,D0,True,20,0,20,0,0,0,0,0,0,[],0.0,S62,0.46,20,0,20,0.0,,-0.753813,-14.285627,-15.03944,True,True,5,S26,True,0,1.0389,depot_passthrough,,,,,,,,,,,,,,,,,,,,,,,,,,,,,,,,,,,,,,,,,,,,,,,,,,,,
43,9,6,18,S62,False,20,0,20,20,0,0,0,0,0,"['B42', 'B671', 'B674', 'B133', 'B246', 'B41', 'B193', 'B699', 'B569', 'B160', 'B414', 'B78', 'B488', 'B427', 'B71', 'B713', 'B728', 'B646', 'B44', 'B715']",10.0,S59,3.77,0,0,0,0.0,,-1.106874,-14.379795,-15.486668,False,False,18,S41,True,12,3.5665,delivery,,,,,,,,,,,,,,,,,,,,,,,,,,,,,,,,,,,,,,,,,,,,,,,,,,,,
43,9,6,32,S59,False,0,0,0,0,20,0,0,0,0,"['B513', 'B38', 'B62', 'B689', 'B146', 'B703', 'B286', 'B240', 'B312', 'B747', 'B519', 'B613', 'B277', 'B412', 'B709', 'B60', 'B736', 'B582', 'B334', 'B280']",10.0,S41,2.97,20,0,20,0.0,,-1.115941,-14.098336,-15.214276,True,False,18,S31,True,12,3.5791,pickup,,,,,,,,,,,,,,,,,,,,,,,,,,,,,,,,,,,,,,,,,,,,,,,,,,,,
43,9,6,45,S41,False,20,0,20,19,0,0,0,0,0,"['B513', 'B38', 'B62', 'B689', 'B146', 'B703', 'B286', 'B240', 'B312', 'B747', 'B519', 'B613', 'B277', 'B412', 'B709', 'B60', 'B736', 'B582', 'B334']",9.5,S63,5.29,1,0,1,0.0,,-0.889157,-14.123127,-15.012284,False,False,18,S65,True,8,4.3173,delivery,,,,,,,,,,,,,,,,,,,,,,,,,,,,,,,,,,,,,,,,,,,,,,,,,,,,
43,9,7,0,S63,False,1,0,1,0,16,0,0,0,0,"['B369', 'B357', 'B219', 'B530', 'B153', 'B375', 'B117', 'B40', 'B574', 'B114', 'B463', 'B92', 'B389', 'B461', 'B231', 'B154']",8.0,S27,4.87,17,0,17,0.0,,-0.754355,-14.135394,-14.88975,False,False,18,S51,True,7,3.9808,pickup,,,,,,,,,,,,,,,,,,,,,,,,,,,,,,,,,,,,,,,,,,,,,,,,,,,,
43,9,7,13,S27,False,17,0,17,16,0,0,0,0,0,"['B280', 'B369', 'B357', 'B219', 'B530', 'B153', 'B375', 'B117', 'B40', 'B574', 'B114', 'B463', 'B92', 'B389', 'B461', 'B231']",8.0,S54,4.59,1,0,1,0.0,,-0.729312,-14.193304,-14.922616,False,False,18,S10,True,6,4.7738,delivery,,,,,,,,,,,,,,,,,,,,,,,,,,,,,,,,,,,,,,,,,,,,,,,,,,,,
43,9,7,25,S54,False,1,0,1,0,17,0,0,0,0,"['B30', 'B702', 'B565', 'B398', 'B132', 'B50', 'B483', 'B496', 'B677', 'B209', 'B99', 'B395', 'B228', 'B601', 'B352', 'B417', 'B246']",8.5,S65,8.42,18,0,18,0.0,,-0.754481,-14.203465,-14.957946,False,False,18,S40,True,16,4.2847,pickup,,,,,,,,,,,,,,,,,,,,,,,,,,,,,,,,,,,,,,,,,,,,,,,,,,,,
43,9,7,42,S65,False,18,0,18,16,0,0,0,0,0,"['B154', 'B30', 'B702', 'B565', 'B398', 'B132', 'B50', 'B483', 'B496', 'B677', 'B209', 'B99', 'B395', 'B228', 'B601', 'B352']",8.0,S31,3.2,2,0,2,0.0,,-0.679993,-13.981,-14.660993,False,False,18,S10,True,7,4.6959,delivery,,,,,,,,,,,,,,,,,,,,,,,,,,,,,,,,,,,,,,,,,,,,,,,,,,,,
43,9,7,53,S31,False,2,0,2,0,18,0,0,0,0,"['B137', 'B197', 'B666', 'B142', 'B742', 'B563', 'B706', 'B529', 'B604', 'B397', 'B343', 'B271', 'B138', 'B752', 'B338', 'B155', 'B504', 'B88']",9.0,S15,3.53,20,0,20,0.0,,-0.476666,-13.843355,-14.320021,True,False,24,S40,True,18,5.5468,pickup,,,,,,,,,,,,,,,,,,,,,,,,,,,,,,,,,,,,,,,,,,,,,,,,,,,,
43,9,8,6,S15,False,20,0,20,18,0,0,0,0,0,"['B417', 'B246', 'B137', 'B197', 'B666', 'B142', 'B742', 'B563', 'B706', 'B529', 'B604', 'B397', 'B343', 'B271', 'B138', 'B752', 'B338', 'B155']",9.0,S33,3.7,2,0,2,0.0,,-0.297954,-13.684234,-13.982188,False,False,18,S33,False,6,3.9313,delivery,,,,,,,,,,,,,,,,,,,,,,,,,,,,,,,,,,,,,,,,,,,,,,,,,,,,
43,9,8,19,S33,False,2,0,2,0,14,0,0,0,0,"['B305', 'B754', 'B300', 'B308', 'B685', 'B386', 'B215', 'B400', 'B217', 'B257', 'B457', 'B503', 'B383', 'B426']",7.0,S61,2.17,16,0,16,0.0,,-0.183542,-13.61322,-13.796761,False,False,18,S61,False,7,5.058,pickup,,,,,,,,,,,,,,,,,,,,,,,,,,,,,,,,,,,,,,,,,,,,,,,,,,,,
43,9,8,28,S61,False,16,0,16,8,0,1,1,0,0,"['B331', 'B504', 'B88', 'B305', 'B754', 'B300', 'B308', 'B685', 'B386']",7.5,S26,6.04,8,1,9,0.0,,-0.262722,-13.489744,-13.752465,True,True,72,S26,False,44,14.1288,delivery+maintenance,,,,,,,,,,,,,,,,,,,,,,,,,,,,,,,,,,,,,,,,,,,,,,,,,,,,
43,9,8,41,S26,False,8,1,9,8,0,0,0,0,0,"['B215', 'B400', 'B217', 'B257', 'B457', 'B503', 'B383', 'B426']",4.0,S52,7.0,0,1,1,0.0,,-0.203352,-13.71384,-13.917192,False,False,12,S52,False,9,2.4225,delivery,,,,,,,,,,,,,,,,,,,,,,,,,,,,,,,,,,,,,,,,,,,,,,,,,,,,
43,9,8,52,S52,False,0,1,1,0,10,0,0,0,0,"['B682', 'B577', 'B150', 'B611', 'B7', 'B243', 'B333', 'B553', 'B100', 'B172']",5.0,S4,1.43,10,1,11,0.0,,-0.242609,-13.627847,-13.870457,False,False,18,S44,True,12,3.7905,pickup,,,,,,,,,,,,,,,,,,,,,,,,,,,,,,,,,,,,,,,,,,,,,,,,,,,,
43,9,8,59,S4,False,10,1,11,10,0,1,0,0,0,"['B682', 'B577', 'B150', 'B611', 'B7', 'B243', 'B333', 'B553', 'B100', 'B172']",8.0,S44,1.93,0,1,1,0.0,,-0.253226,-13.509776,-13.763001,True,True,24,S44,False,19,5.5423,delivery+onsite,,,,,,,,,,,,,,,,,,,,,,,,,,,,,,,,,,,,,,,,,,,,,,,,,,,,
43,9,9,9,S44,False,0,1,1,0,8,0,0,0,0,"['B477', 'B475', 'B238', 'B421', 'B546', 'B294', 'B159', 'B670']",4.0,S10,4.83,8,1,9,0.0,,-0.312859,-13.547882,-13.860741,False,False,18,S10,False,10,4.5897,pickup,,,,,,,,,,,,,,,,,,,,,,,,,,,,,,,,,,,,,,,,,,,,,,,,,,,,
43,9,9,17,S10,False,8,1,9,0,9,0,1,0,0,"['B612', 'B221', 'B212', 'B765', 'B121', 'B301', 'B756', 'B423', 'B362', 'B555']",5.0,S29,0.66,17,2,19,0.0,,-0.366945,-13.609558,-13.976503,True,True,30,S14,True,24,6.2905,pickup+depot_removal,,,,,,,,,,,,,,,,,,,,,,,,,,,,,,,,,,,,,,,,,,,,,,,,,,,,
43,9,9,23,S29,False,17,2,19,15,0,1,0,0,0,"['B477', 'B475', 'B238', 'B421', 'B546', 'B294', 'B159', 'B670', 'B612', 'B221', 'B212', 'B765', 'B121', 'B301', 'B756']",10.5,S49,8.87,2,2,4,0.0,,-0.327625,-13.516466,-13.844092,True,True,36,S12,True,31,7.5801,delivery+onsite,,,,,,,,,,,,,,,,,,,,,,,,,,,,,,,,,,,,,,,,,,,,,,,,,,,,
43,9,9,42,S49,False,2,2,4,0,14,0,0,0,0,"['B645', 'B332', 'B606', 'B56', 'B650', 'B710', 'B195', 'B319', 'B655', 'B58', 'B177', 'B225', 'B716', 'B67']",7.0,S20,8.8,16,2,18,0.0,,-0.471836,-13.701737,-14.173573,False,False,18,S20,True,9,3.895,pickup,,,,,,,,,,,,,,,,,,,,,,,,,,,,,,,,,,,,,,,,,,,,,,,,,,,,
43,9,9,58,S20,False,16,2,18,11,0,0,1,0,0,"['B516', 'B423', 'B362', 'B645', 'B332', 'B606', 'B56', 'B650', 'B710', 'B195', 'B319', 'B655']",6.0,S35,13.93,5,3,8,0.0,,-0.407258,-13.612484,-14.019742,True,True,36,S12,True,20,6.0533,delivery+depot_removal,,,,,,,,,,,,,,,,,,,,,,,,,,,,,,,,,,,,,,,,,,,,,,,,,,,,
43,9,10,18,S35,False,5,3,8,0,11,0,0,0,0,"['B54', 'B744', 'B61', 'B432', 'B97', 'B460', 'B662', 'B314', 'B317', 'B528', 'B761']",5.5,S34,4.29,16,3,19,0.0,,-0.451685,-13.733519,-14.185204,False,False,18,S34,False,12,4.392,pickup,,,,,,,,,,,,,,,,,,,,,,,,,,,,,,,,,,,,,,,,,,,,,,,,,,,,
43,9,10,28,S34,False,16,3,19,16,0,0,0,0,0,"['B58', 'B177', 'B225', 'B716', 'B67', 'B54', 'B744', 'B61', 'B432', 'B97', 'B460', 'B662', 'B314', 'B317', 'B528', 'B761']",8.0,S62,2.8,0,3,3,0.0,,-0.377423,-13.781031,-14.158454,False,False,12,S62,False,7,2.8472,delivery,,,,,,,,,,,,,,,,,,,,,,,,,,,,,,,,,,,,,,,,,,,,,,,,,,,,
43,9,10,39,S62,False,0,3,3,0,16,0,0,0,0,"['B488', 'B427', 'B71', 'B713', 'B728', 'B646', 'B44', 'B715', 'B470', 'B18', 'B98', 'B724', 'B135', 'B689', 'B19', 'B246']",8.0,S40,0.73,16,3,19,0.0,,-0.212874,-13.733689,-13.946563,False,False,18,S31,True,9,4.2774,pickup,,,,,,,,,,,,,,,,,,,,,,,,,,,,,,,,,,,,,,,,,,,,,,,,,,,,
43,9,10,48,S40,False,16,3,19,9,0,0,0,0,0,"['B488', 'B427', 'B71', 'B713', 'B728', 'B646', 'B44', 'B715', 'B470']",4.5,S54,2.17,7,3,10,0.0,,-0.302985,-13.737884,-14.04087,False,False,18,S54,False,7,3.961,delivery,,,,,,,,,,,,,,,,,,,,,,,,,,,,,,,,,,,,,,,,,,,,,,,,,,,,
43,9,10,54,S54,False,7,3,10,7,0,0,0,0,0,"['B18', 'B98', 'B724', 'B135', 'B689', 'B19', 'B246']",3.5,S53,2.46,0,3,3,0.0,,-0.342342,-13.653809,-13.996151,False,False,12,S53,False,6,4.1701,delivery,,,,,,,,,,,,,,,,,,,,,,,,,,,,,,,,,,,,,,,,,,,,,,,,,,,,
43,9,11,0,S53,False,0,3,3,0,11,0,1,0,0,"['B189', 'B700', 'B147', 'B406', 'B252', 'B287', 'B484', 'B641', 'B11', 'B731', 'B741', 'B339']",6.0,S51,3.97,11,4,15,0.0,,-0.357512,-13.748345,-14.105858,True,True,36,S39,True,30,6.5346,pickup+depot_removal,,,,,,,,,,,,,,,,,,,,,,,,,,,,,,,,,,,,,,,,,,,,,,,,,,,,
43,9,11,10,S51,False,11,4,15,11,0,0,0,0,0,"['B189', 'B700', 'B147', 'B406', 'B252', 'B287', 'B484', 'B641', 'B11', 'B731', 'B741']",5.5,S39,7.16,0,4,4,0.0,,-0.183391,-13.596531,-13.779922,False,False,12,S23,True,7,2.1869,delivery,,,,,,,,,,,,,,,,,,,,,,,,,,,,,,,,,,,,,,,,,,,,,,,,,,,,
43,9,11,23,S39,False,0,4,4,0,16,0,0,0,0,"['B184', 'B711', 'B49', 'B222', 'B449', 'B345', 'B732', 'B256', 'B597', 'B192', 'B341', 'B401', 'B378', 'B108', 'B622', 'B527']",8.0,S26,9.74,16,4,20,0.0,,-0.36248,-13.702882,-14.065362,False,False,18,S26,True,6,3.7968,pickup,,,,,,,,,,,,,,,,,,,,,,,,,,,,,,,,,,,,,,,,,,,,,,,,,,,,
43,9,11,41,S26,False,16,4,20,16,0,0,0,0,0,"['B184', 'B711', 'B49', 'B222', 'B449', 'B345', 'B732', 'B256', 'B597', 'B192', 'B341', 'B401', 'B378', 'B108', 'B622', 'B527']",8.0,S47,7.49,0,4,4,0.0,,-0.302456,-13.646831,-13.949287,False,False,12,S23,True,8,2.7236,delivery,,,,,,,,,,,,,,,,,,,,,,,,,,,,,,,,,,,,,,,,,,,,,,,,,,,,
43,9,11,56,S47,False,0,4,4,0,11,0,1,0,0,"['B139', 'B51', 'B347', 'B77', 'B704', 'B547', 'B495', 'B289', 'B545', 'B307', 'B187', 'B141']",6.0,S35,11.02,11,5,16,0.0,,-0.357752,-13.579613,-13.937365,True,True,36,S22,True,31,7.5582,pickup+depot_removal,,,,,,,,,,,,,,,,,,,,,,,,,,,,,,,,,,,,,,,,,,,,,,,,,,,,
43,9,12,13,S35,False,11,5,16,11,0,0,0,0,0,"['B139', 'B51', 'B347', 'B77', 'B704', 'B547', 'B495', 'B289', 'B545', 'B307', 'B187']",5.5,S58,8.51,0,5,5,0.0,,-0.243011,-13.572744,-13.815756,False,False,12,S30,True,10,2.6466,delivery,,,,,,,,,,,,,,,,,,,,,,,,,,,,,,,,,,,,,,,,,,,,,,,,,,,,
43,9,12,27,S58,False,0,5,5,0,11,0,0,0,0,"['B388', 'B510', 'B763', 'B500', 'B309', 'B602', 'B35', 'B648', 'B464', 'B373', 'B687']",5.5,S6,11.82,11,5,16,0.0,,-0.387083,-13.495535,-13.882618,False,False,18,S44,True,15,4.9742,pickup,,,,,,,,,,,,,,,,,,,,,,,,,,,,,,,,,,,,,,,,,,,,,,,,,,,,
43,9,12,44,S6,False,11,5,16,11,0,0,0,0,0,"['B388', 'B510', 'B763', 'B500', 'B309', 'B602', 'B35', 'B648', 'B464', 'B373', 'B687']",5.5,S22,5.96,0,5,5,0.0,,-0.351939,-13.672466,-14.024405,False,False,12,S30,True,9,3.0243,delivery,,,,,,,,,,,,,,,,,,,,,,,,,,,,,,,,,,,,,,,,,,,,,,,,,,,,
43,9,12,56,S22,False,0,5,5,0,9,0,0,0,0,"['B524', 'B445', 'B578', 'B507', 'B21', 'B431', 'B564', 'B476', 'B749']",4.5,S54,9.78,9,5,14,0.0,,-0.486389,-13.688704,-14.175093,False,False,18,S30,True,13,4.3044,pickup,,,,,,,,,,,,,,,,,,,,,,,,,,,,,,,,,,,,,,,,,,,,,,,,,,,,
43,9,13,10,S54,False,9,5,14,9,0,0,0,0,0,"['B524', 'B445', 'B578', 'B507', 'B21', 'B431', 'B564', 'B476', 'B749']",4.5,S0,6.35,0,5,5,0.0,,-0.377297,-13.733878,-14.111176,False,False,12,S23,True,6,3.6712,delivery,,,,,,,,,,,,,,,,,,,,,,,,,,,,,,,,,,,,,,,,,,,,,,,,,,,,
43,9,13,21,S0,False,0,5,5,0,15,0,0,0,0,"['B166', 'B737', 'B656', 'B158', 'B508', 'B456', 'B639', 'B259', 'B322', 'B198', 'B39', 'B326', 'B242', 'B487', 'B368']",7.5,S29,5.36,15,5,20,0.0,,-0.228169,-13.661186,-13.889355,False,False,12,S29,False,6,3.0203,pickup,,,,,,,,,,,,,,,,,,,,,,,,,,,,,,,,,,,,,,,,,,,,,,,,,,,,
43,9,13,34,S29,False,15,5,20,15,0,0,0,0,0,"['B166', 'B737', 'B656', 'B158', 'B508', 'B456', 'B639', 'B259', 'B322', 'B198', 'B39', 'B326', 'B242', 'B487', 'B368']",7.5,S37,6.23,0,5,5,0.0,,-0.585177,-13.988581,-14.573758,False,False,12,S62,True,9,3.2788,delivery,,,,,,,,,,,,,,,,,,,,,,,,,,,,,,,,,,,,,,,,,,,,,,,,,,,,
43,9,13,48,S37,False,0,5,5,0,11,0,2,0,0,"['B209', 'B685', 'B647', 'B540', 'B423', 'B238', 'B475', 'B573', 'B405', 'B280', 'B362', 'B539', 'B556']",6.5,S35,7.89,11,7,18,0.0,,-0.625051,-14.007157,-14.632208,True,True,42,S65,True,37,8.2229,pickup+depot_removal,,,,,,,,,,,,,,,,,,,,,,,,,,,,,,,,,,,,,,,,,,,,,,,,,,,,
43,9,14,2,S35,False,11,7,18,11,0,0,0,0,0,"['B209', 'B685', 'B647', 'B540', 'B423', 'B238', 'B475', 'B573', 'B405', 'B280', 'B362']",5.5,S65,10.81,0,7,7,0.0,,-0.982827,-14.127763,-15.11059,False,False,18,S27,True,13,3.4286,delivery,,,,,,,,,,,,,,,,,,,,,,,,,,,,,,,,,,,,,,,,,,,,,,,,,,,,
43,9,14,18,S65,False,0,7,7,0,13,0,0,0,0,"['B512', 'B635', 'B550', 'B349', 'B164', 'B589', 'B446', 'B701', 'B96', 'B128', 'B677', 'B645', 'B469']",6.5,S27,3.94,13,7,20,0.0,,-0.888653,-14.226447,-15.115101,False,False,12,S39,True,8,2.2101,pickup,,,,,,,,,,,,,,,,,,,,,,,,,,,,,,,,,,,,,,,,,,,,,,,,,,,,
43,9,14,29,S27,False,13,7,20,13,0,0,0,0,0,"['B512', 'B635', 'B550', 'B349', 'B164', 'B589', 'B446', 'B701', 'B96', 'B128', 'B677', 'B645', 'B469']",6.5,S66,1.91,0,7,7,0.0,,-1.13622,-14.208221,-15.344441,False,False,12,S49,True,6,2.0821,delivery,,,,,,,,,,,,,,,,,,,,,,,,,,,,,,,,,,,,,,,,,,,,,,,,,,,,
43,9,14,37,S66,False,0,7,7,0,13,0,0,0,0,"['B332', 'B606', 'B757', 'B56', 'B191', 'B650', 'B580', 'B536', 'B231', 'B57', 'B710', 'B377', 'B766']",6.5,S39,4.09,13,7,20,0.0,,-0.79926,-14.023364,-14.822624,False,False,12,S39,False,6,2.2223,pickup,,,,,,,,,,,,,,,,,,,,,,,,,,,,,,,,,,,,,,,,,,,,,,,,,,,,
43,9,14,48,S39,False,13,7,20,13,0,0,0,0,0,"['B332', 'B606', 'B757', 'B56', 'B191', 'B650', 'B580', 'B536', 'B231', 'B57', 'B710', 'B377', 'B766']",6.5,S62,5.74,0,7,7,0.0,,-0.919801,-13.917966,-14.837767,False,False,12,S52,True,8,2.3544,delivery,,,,,,,,,,,,,,,,,,,,,,,,,,,,,,,,,,,,,,,,,,,,,,,,,,,,
43,9,15,0,S62,False,0,7,7,0,13,0,0,0,0,"['B210', 'B403', 'B557', 'B727', 'B53', 'B736', 'B484', 'B112', 'B523', 'B173', 'B375', 'B485', 'B182']",6.5,S55,3.22,13,7,20,0.0,,-0.709665,-13.974725,-14.68439,False,False,12,S26,True,7,3.4882,pickup,,,,,,,,,,,,,,,,,,,,,,,,,,,,,,,,,,,,,,,,,,,,,,,,,,,,
43,9,15,10,S55,False,13,7,20,13,0,0,0,0,0,"['B210', 'B403', 'B557', 'B727', 'B53', 'B736', 'B484', 'B112', 'B523', 'B173', 'B375', 'B485', 'B182']",6.5,S41,7.46,0,7,7,0.0,,-0.625353,-13.786194,-14.411547,False,False,12,S41,False,6,2.4976,delivery,,,,,,,,,,,,,,,,,,,,,,,,,,,,,,,,,,,,,,,,,,,,,,,,,,,,
43,9,15,24,S41,False,0,7,7,0,13,0,0,0,0,"['B201', 'B642', 'B413', 'B401', 'B108', 'B371', 'B214', 'B482', 'B240', 'B521', 'B549', 'B723', 'B695']",6.5,S26,6.65,13,7,20,0.0,,-0.620611,-13.724168,-14.344779,False,False,12,S22,True,6,2.7834,pickup,,,,,,,,,,,,,,,,,,,,,,,,,,,,,,,,,,,,,,,,,,,,,,,,,,,,
43,9,15,37,S26,False,13,7,20,13,0,0,0,0,0,"['B201', 'B642', 'B413', 'B401', 'B108', 'B371', 'B214', 'B482', 'B240', 'B521', 'B549', 'B723', 'B695']",6.5,S63,7.98,0,7,7,0.0,,-0.501545,-13.473583,-13.975128,False,False,12,S32,True,6,2.8652,delivery,,,,,,,,,,,,,,,,,,,,,,,,,,,,,,,,,,,,,,,,,,,,,,,,,,,,
43,9,15,51,S63,False,0,7,7,0,13,0,0,0,0,"['B236', 'B165', 'B682', 'B468', 'B297', 'B704', 'B40', 'B705', 'B481', 'B291', 'B419', 'B318', 'B542']",6.5,S54,3.86,13,7,20,0.0,,-0.441446,-13.486629,-13.928075,False,False,12,S29,True,8,4.2787,pickup,,,,,,,,,,,,,,,,,,,,,,,,,,,,,,,,,,,,,,,,,,,,,,,,,,,,
43,9,16,2,S54,False,13,7,20,11,0,0,0,0,0,"['B236', 'B165', 'B682', 'B468', 'B297', 'B704', 'B40', 'B705', 'B481', 'B291', 'B419']",5.5,S56,1.7,2,7,9,0.0,,-0.337461,-13.361117,-13.698578,False,False,18,S29,True,7,6.2281,delivery,,,,,,,,,,,,,,,,,,,,,,,,,,,,,,,,,,,,,,,,,,,,,,,,,,,,
43,9,16,9,S56,False,2,7,9,2,0,2,2,0,0,"['B340', 'B364', 'B318', 'B542']",8.0,S22,11.43,0,9,9,0.0,,-0.545796,-13.436986,-13.982782,True,True,108,S22,False,103,21.7525,delivery+maintenance,,,,,,,,,,,,,,,,,,,,,,,,,,,,,,,,,,,,,,,,,,,,,,,,,,,,
43,9,16,28,S22,False,0,9,9,0,11,0,0,0,0,"['B420', 'B3', 'B151', 'B734', 'B721', 'B255', 'B753', 'B174', 'B352', 'B257', 'B448']",5.5,S49,5.18,11,9,20,0.0,,-0.416843,-13.548693,-13.965537,False,False,12,S4,True,9,2.3546,pickup,,,,,,,,,,,,,,,,,,,,,,,,,,,,,,,,,,,,,,,,,,,,,,,,,,,,
43,9,16,39,S49,False,11,9,20,11,0,0,0,0,0,"['B420', 'B3', 'B151', 'B734', 'B721', 'B255', 'B753', 'B174', 'B352', 'B257', 'B448']",5.5,S62,5.09,0,9,9,0.0,,-0.337461,-13.417745,-13.755207,False,False,12,S60,True,7,2.2683,delivery,,,,,,,,,,,,,,,,,,,,,,,,,,,,,,,,,,,,,,,,,,,,,,,,,,,,
43,9,16,50,S62,False,0,9,9,0,11,0,0,0,0,"['B392', 'B756', 'B246', 'B703', 'B13', 'B228', 'B435', 'B244', 'B94', 'B707', 'B49']",5.5,S58,3.31,11,9,20,0.0,,-0.263289,-13.43047,-13.693758,False,False,12,S4,True,7,2.6666,pickup,,,,,,,,,,,,,,,,,,,,,,,,,,,,,,,,,,,,,,,,,,,,,,,,,,,,
43,9,16,58,S58,False,11,9,20,11,0,0,0,0,0,"['B392', 'B756', 'B246', 'B703', 'B13', 'B228', 'B435', 'B244', 'B94', 'B707', 'B49']",5.5,S18,1.59,0,9,9,0.0,,-0.297853,-13.336759,-13.634612,False,False,12,S11,True,10,2.8251,delivery,,,,,,,,,,,,,,,,,,,,,,,,,,,,,,,,,,,,,,,,,,,,,,,,,,,,
43,9,17,5,S18,False,0,9,9,0,11,0,0,0,0,"['B34', 'B103', 'B232', 'B660', 'B694', 'B66', 'B593', 'B62', 'B452', 'B661', 'B299']",5.5,S51,6.05,11,9,20,0.0,,-0.233326,-13.287769,-13.521095,False,False,12,S29,True,7,2.9145,pickup,,,,,,,,,,,,,,,,,,,,,,,,,,,,,,,,,,,,,,,,,,,,,,,,,,,,
43,9,17,17,S51,False,11,9,20,11,0,0,0,0,0,"['B34', 'B103', 'B232', 'B660', 'B694', 'B66', 'B593', 'B62', 'B452', 'B661', 'B299']",5.5,S31,7.45,0,9,9,0.0,,-0.23822,-13.269309,-13.507528,False,False,12,S37,True,7,3.1576,delivery,,,,,,,,,,,,,,,,,,,,,,,,,,,,,,,,,,,,,,,,,,,,,,,,,,,,
43,9,17,30,S31,False,0,9,9,0,11,0,0,0,0,"['B147', 'B491', 'B359', 'B253', 'B193', 'B142', 'B494', 'B315', 'B316', 'B441', 'B644']",5.5,S35,8.41,11,9,20,0.0,,-0.223466,-13.236807,-13.460272,True,False,24,S30,True,19,4.9016,pickup,,,,,,,,,,,,,,,,,,,,,,,,,,,,,,,,,,,,,,,,,,,,,,,,,,,,
43,9,17,44,S35,False,11,9,20,11,0,0,0,0,0,"['B147', 'B491', 'B359', 'B253', 'B193', 'B142', 'B494', 'B315', 'B316', 'B441', 'B644']",5.5,S28,14.76,0,9,9,0.0,,-0.272772,-13.185059,-13.45783,False,False,12,S37,True,9,2.9841,delivery,,,,,,,,,,,,,,,,,,,,,,,,,,,,,,,,,,,,,,,,,,,,,,,,,,,,
43,9,18,4,S28,False,0,9,9,0,11,1,0,0,0,"['B522', 'B467', 'B585', 'B370', 'B10', 'B68', 'B260', 'B674', 'B426', 'B298', 'B450']",8.5,S29,13.05,11,9,20,0.0,,-0.218169,-13.254004,-13.472174,True,True,24,S48,True,18,4.7064,pickup+onsite,,,,,,,,,,,,,,,,,,,,,,,,,,,,,,,,,,,,,,,,,,,,,,,,,,,,
43,9,18,26,S29,False,11,9,20,11,0,0,1,0,0,"['B584', 'B522', 'B467', 'B585', 'B370', 'B10', 'B68', 'B260', 'B674', 'B426', 'B298', 'B450']",6.0,S37,6.23,0,10,10,0.0,,-0.178573,-13.135956,-13.31453,True,True,18,S60,True,13,3.4638,delivery+depot_removal,,,,,,,,,,,,,,,,,,,,,,,,,,,,,,,,,,,,,,,,,,,,,,,,,,,,
43,9,18,38,S37,False,0,10,10,0,10,0,0,0,0,"['B749', 'B132', 'B60', 'B206', 'B537', 'B333', 'B615', 'B577', 'B287', 'B640']",5.0,S38,1.93,10,10,20,0.0,,-0.223276,-13.270872,-13.494148,False,False,12,S48,True,6,2.4934,pickup,,,,,,,,,,,,,,,,,,,,,,,,,,,,,,,,,,,,,,,,,,,,,,,,,,,,
43,9,18,45,S38,False,10,10,20,10,0,0,0,0,0,"['B749', 'B132', 'B60', 'B206', 'B537', 'B333', 'B615', 'B577', 'B287', 'B640']",5.0,S42,11.11,0,10,10,0.0,,-0.153694,-13.247499,-13.401193,False,False,12,S16,True,8,2.7096,delivery,,,,,,,,,,,,,,,,,,,,,,,,,,,,,,,,,,,,,,,,,,,,,,,,,,,,
43,9,19,1,S42,False,0,10,10,0,10,0,0,0,0,"['B438', 'B560', 'B136', 'B454', 'B199', 'B442', 'B241', 'B91', 'B764', 'B561']",5.0,S1,1.19,10,10,20,0.0,,-0.094047,-13.157913,-13.25196,False,False,12,S1,False,6,2.4414,pickup,,,,,,,,,,,,,,,,,,,,,,,,,,,,,,,,,,,,,,,,,,,,,,,,,,,,
43,9,19,7,S1,False,10,10,20,9,0,0,0,0,0,"['B438', 'B560', 'B136', 'B454', 'B199', 'B442', 'B241', 'B91', 'B764']",4.5,S51,8.32,1,10,11,0.0,,-0.079394,-13.060495,-13.139888,False,False,18,S17,True,8,3.4723,delivery,,,,,,,,,,,,,,,,,,,,,,,,,,,,,,,,,,,,,,,,,,,,,,,,,,,,
43,9,19,20,S51,False,1,10,11,0,9,0,0,0,0,"['B66', 'B593', 'B62', 'B452', 'B661', 'B299', 'B415', 'B468', 'B693']",4.5,S17,13.23,10,10,20,0.0,,-0.05952,-13.018258,-13.077779,False,False,12,S24,True,6,2.9146,pickup,,,,,,,,,,,,,,,,,,,,,,,,,,,,,,,,,,,,,,,,,,,,,,,,,,,,
43,9,19,38,S17,False,10,10,20,0,0,0,0,0,0,[],0.0,S53,9.29,10,10,20,0.0,,-0.094387,-12.990249,-13.084636,True,False,5,D0,True,1,0.8431,do_nothing,,,,,,,,,,,,,,,,,,,,,,,,,,,,,,,,,,,,,,,,,,,,,,,,,,,,
43,9,19,47,S53,False,10,10,20,0,0,0,0,0,0,[],0.0,S45,0.56,10,10,20,0.0,,-0.124085,-13.143663,-13.267747,False,False,3,D0,True,0,0.5751,do_nothing,,,,,,,,,,,,,,,,,,,,,,,,,,,,,,,,,,,,,,,,,,,,,,,,,,,,
43,9,19,47,S45,False,10,10,20,0,0,0,0,0,0,[],0.0,D0,1.52,10,10,20,0.0,,-0.079419,-13.214972,-13.294391,True,False,3,D0,True,0,0.5596,do_nothing,,,,,,,,,,,,,,,,,,,,,,,,,,,,,,,,,,,,,,,,,,,,,,,,,,,,
43,9,19,49,D0,True,10,10,20,0,0,0,0,10,5,"['B367', 'B109', 'B320', 'B501', 'B327', 'B331', 'B555', 'B516', 'B339', 'B141', 'B539', 'B556', 'B340', 'B364', 'B584']",7.5,D0,0.0,15,0,15,0.0,,-0.178825,-13.250989,-13.429814,True,True,1,D0,False,0,0.1964,do_nothing,,,,,,,,,,,,,,,,,,,,,,,,,,,,,,,,,,,,,,,,,,,,,,,,,,,,
43,10,6,11,D0,True,15,0,15,0,0,0,0,0,5,"['B229', 'B517', 'B382', 'B374', 'B248']",2.5,S66,1.4,20,0,20,0.0,,-1.726263,-14.970305,-16.696568,True,True,5,S51,True,0,1.1701,load_queue,,,,,,,,,,,,,,,,,,,,,,,,,,,,,,,,,,,,,,,,,,,,,,,,,,,,
43,10,6,30,S66,False,20,0,20,19,0,0,0,0,0,"['B561', 'B66', 'B593', 'B62', 'B452', 'B661', 'B299', 'B415', 'B468', 'B693', 'B367', 'B109', 'B320', 'B501', 'B327', 'B229', 'B517', 'B382', 'B374']",9.5,S46,5.15,1,0,1,0.0,,-1.737243,-14.651388,-16.388631,False,False,18,S39,True,8,4.1039,delivery,,,,,,,,,,,,,,,,,,,,,,,,,,,,,,,,,,,,,,,,,,,,,,,,,,,,
43,10,6,45,S46,False,1,0,1,0,19,0,0,0,0,"['B673', 'B92', 'B565', 'B134', 'B31', 'B99', 'B165', 'B419', 'B55', 'B98', 'B659', 'B184', 'B467', 'B716', 'B525', 'B157', 'B738', 'B445', 'B201']",9.5,S15,5.48,20,0,20,0.0,,-0.979245,-14.681115,-15.66036,False,False,12,S39,True,7,2.87,pickup,,,,,,,,,,,,,,,,,,,,,,,,,,,,,,,,,,,,,,,,,,,,,,,,,,,,
43,10,7,0,S15,False,20,0,20,20,0,0,0,0,0,"['B248', 'B673', 'B92', 'B565', 'B134', 'B31', 'B99', 'B165', 'B419', 'B55', 'B98', 'B659', 'B184', 'B467', 'B716', 'B525', 'B157', 'B738', 'B445', 'B201']",10.0,S47,5.64,0,0,0,0.0,,-0.590548,-14.767942,-15.35849,False,False,12,S18,True,8,3.3451,delivery,,,,,,,,,,,,,,,,,,,,,,,,,,,,,,,,,,,,,,,,,,,,,,,,,,,,
43,10,7,16,S47,False,0,0,0,0,12,0,1,0,0,"['B519', 'B372', 'B127', 'B235', 'B17', 'B65', 'B11', 'B590', 'B436', 'B611', 'B664', 'B455', 'B139']",6.5,S54,8.4,12,1,13,0.0,,-0.724355,-14.674282,-15.398638,True,True,36,S49,True,34,8.0782,pickup+depot_removal,,,,,,,,,,,,,,,,,,,,,,,,,,,,,,,,,,,,,,,,,,,,,,,,,,,,
43,10,7,31,S54,False,12,1,13,0,7,1,0,0,0,"['B129', 'B684', 'B392', 'B469', 'B6', 'B749', 'B376']",6.5,S34,2.69,19,1,20,0.0,,-0.530776,-14.324941,-14.855717,True,True,24,S17,True,19,4.7538,pickup+onsite,,,,,,,,,,,,,,,,,,,,,,,,,,,,,,,,,,,,,,,,,,,,,,,,,,,,
43,10,7,40,S34,False,19,1,20,16,0,0,0,0,0,"['B519', 'B372', 'B127', 'B235', 'B17', 'B65', 'B11', 'B590', 'B436', 'B611', 'B664', 'B455', 'B129', 'B684', 'B392', 'B469']",8.0,S52,4.35,3,1,4,0.0,,-0.660408,-14.318048,-14.978457,False,False,18,S27,True,9,3.888,delivery,,,,,,,,,,,,,,,,,,,,,,,,,,,,,,,,,,,,,,,,,,,,,,,,,,,,
43,10,7,52,S52,False,3,1,4,0,11,0,1,0,0,"['B500', 'B309', 'B588', 'B638', 'B59', 'B579', 'B161', 'B624', 'B87', 'B408', 'B281', 'B732']",6.0,S43,1.59,14,2,16,0.0,,-0.441673,-14.15088,-14.592553,True,True,36,S18,True,34,6.7094,pickup+depot_removal,,,,,,,,,,,,,,,,,,,,,,,,,,,,,,,,,,,,,,,,,,,,,,,,,,,,
43,10,8,0,S43,False,14,2,16,14,0,1,0,0,0,"['B6', 'B749', 'B376', 'B500', 'B309', 'B588', 'B638', 'B59', 'B579', 'B161', 'B624', 'B87', 'B408', 'B281']",10.0,S63,0.64,0,2,2,0.0,,-0.337437,-14.10122,-14.438657,True,True,24,S4,True,20,6.3553,delivery+onsite,,,,,,,,,,,,,,,,,,,,,,,,,,,,,,,,,,,,,,,,,,,,,,,,,,,,
43,10,8,10,S63,False,0,2,2,0,16,0,0,0,0,"['B756', 'B496', 'B104', 'B175', 'B297', 'B300', 'B582', 'B715', 'B19', 'B736', 'B125', 'B306', 'B194', 'B605', 'B237', 'B23']",8.0,S13,12.63,16,2,18,0.0,,-0.357234,-13.984868,-14.342103,False,False,18,S4,True,7,4.4257,pickup,,,,,,,,,,,,,,,,,,,,,,,,,,,,,,,,,,,,,,,,,,,,,,,,,,,,
43,10,8,31,S13,False,16,2,18,13,0,0,1,0,0,"['B473', 'B756', 'B496', 'B104', 'B175', 'B297', 'B300', 'B582', 'B715', 'B19', 'B736', 'B125', 'B306', 'B194']",7.0,S54,13.97,3,3,6,0.0,,-0.227993,-14.121498,-14.349491,True,True,36,S26,True,32,7.9823,delivery+depot_removal,,,,,,,,,,,,,,,,,,,,,,,,,,,,,,,,,,,,,,,,,,,,,,,,,,,,
43,10,8,52,S54,False,3,3,6,0,14,0,0,0,0,"['B505', 'B707', 'B168', 'B712', 'B142', 'B479', 'B697', 'B626', 'B452', 'B515', 'B508', 'B420', 'B262', 'B195']",7.0,S51,6.18,17,3,20,0.0,,-0.50118,-14.143282,-14.644461,False,False,12,S40,True,7,3.2945,pickup,,,,,,,,,,,,,,,,,,,,,,,,,,,,,,,,,,,,,,,,,,,,,,,,,,,,
43,10,9,5,S51,False,17,3,20,8,0,1,1,0,0,"['B16', 'B605', 'B237', 'B23', 'B505', 'B707', 'B168', 'B712', 'B142']",7.5,S48,0.84,9,4,13,0.0,,-0.466804,-14.201501,-14.668305,True,True,60,S12,True,31,10.4289,delivery+maintenance,,,,,,,,,,,,,,,,,,,,,,,,,,,,,,,,,,,,,,,,,,,,,,,,,,,,
43,10,9,13,S48,False,9,4,13,9,0,0,0,0,0,"['B479', 'B697', 'B626', 'B452', 'B515', 'B508', 'B420', 'B262', 'B195']",4.5,S60,8.25,0,4,4,0.0,,-0.481672,-14.172905,-14.654578,False,False,12,S49,True,6,3.4409,delivery,,,,,,,,,,,,,,,,,,,,,,,,,,,,,,,,,,,,,,,,,,,,,,,,,,,,
43,10,9,26,S60,False,0,4,4,0,16,0,0,0,0,"['B140', 'B105', 'B308', 'B531', 'B218', 'B307', 'B627', 'B170', 'B554', 'B366', 'B704', 'B414', 'B734', 'B270', 'B721', 'B733']",8.0,S26,6.85,16,4,20,0.0,,-0.486501,-14.309032,-14.795534,True,False,18,S18,True,12,4.4369,pickup,,,,,,,,,,,,,,,,,,,,,,,,,,,,,,,,,,,,,,,,,,,,,,,,,,,,
43,10,9,41,S26,False,16,4,20,16,0,0,0,0,0,"['B140', 'B105', 'B308', 'B531', 'B218', 'B307', 'B627', 'B170', 'B554', 'B366', 'B704', 'B414', 'B734', 'B270', 'B721', 'B733']",8.0,S18,7.46,0,4,4,0.0,,-0.476527,-14.081182,-14.55771,False,False,12,S18,False,6,2.7669,delivery,,,,,,,,,,,,,,,,,,,,,,,,,,,,,,,,,,,,,,,,,,,,,,,,,,,,
43,10,9,57,S18,False,0,4,4,0,14,0,0,0,0,"['B728', 'B108', 'B178', 'B475', 'B641', 'B371', 'B387', 'B532', 'B52', 'B466', 'B258', 'B654', 'B63', 'B645']",7.0,S24,8.61,14,4,18,0.0,,-0.594976,-14.276307,-14.871283,False,False,18,S27,True,15,4.2498,pickup,,,,,,,,,,,,,,,,,,,,,,,,,,,,,,,,,,,,,,,,,,,,,,,,,,,,
43,10,10,12,S24,False,14,4,18,14,0,0,1,0,0,"['B407', 'B728', 'B108', 'B178', 'B475', 'B641', 'B371', 'B387', 'B532', 'B52', 'B466', 'B258', 'B654', 'B63', 'B645']",7.5,S39,10.34,0,5,5,0.0,,-0.382065,-14.19436,-14.576425,True,True,36,S44,True,33,8.8235,delivery+depot_removal,,,,,,,,,,,,,,,,,,,,,,,,,,,,,,,,,,,,,,,,,,,,,,,,,,,,
43,10,10,30,S39,False,0,5,5,0,15,0,0,0,0,"['B146', 'B594', 'B155', 'B650', 'B389', 'B107', 'B1', 'B699', 'B326', 'B489', 'B377', 'B274', 'B282', 'B275', 'B580']",7.5,S50,10.68,15,5,20,0.0,,-0.690244,-14.32071,-15.010954,True,False,24,S50,True,12,6.909,pickup,,,,,,,,,,,,,,,,,,,,,,,,,,,,,,,,,,,,,,,,,,,,,,,,,,,,
43,10,10,48,S50,False,15,5,20,15,0,0,0,0,0,"['B146', 'B594', 'B155', 'B650', 'B389', 'B107', 'B1', 'B699', 'B326', 'B489', 'B377', 'B274', 'B282', 'B275', 'B580']",7.5,S33,5.56,0,5,5,0.0,,-0.381963,-14.318581,-14.700544,False,False,12,S49,True,10,2.5376,delivery,,,,,,,,,,,,,,,,,,,,,,,,,,,,,,,,,,,,,,,,,,,,,,,,,,,,
43,10,11,1,S33,False,0,5,5,0,15,0,0,0,0,"['B15', 'B337', 'B691', 'B583', 'B353', 'B762', 'B121', 'B5', 'B77', 'B355', 'B27', 'B277', 'B444', 'B591', 'B623']",7.5,S29,4.32,15,5,20,0.0,,-0.426981,-14.332868,-14.759849,False,False,12,S22,True,7,2.7445,pickup,,,,,,,,,,,,,,,,,,,,,,,,,,,,,,,,,,,,,,,,,,,,,,,,,,,,
43,10,11,13,S29,False,15,5,20,15,0,0,0,0,0,"['B15', 'B337', 'B691', 'B583', 'B353', 'B762', 'B121', 'B5', 'B77', 'B355', 'B27', 'B277', 'B444', 'B591', 'B623']",7.5,S51,7.57,0,5,5,0.0,,-0.391824,-14.271541,-14.663366,False,False,12,S22,True,6,3.3627,delivery,,,,,,,,,,,,,,,,,,,,,,,,,,,,,,,,,,,,,,,,,,,,,,,,,,,,
43,10,11,28,S51,False,0,5,5,0,12,0,1,0,0,"['B577', 'B376', 'B542', 'B334', 'B347', 'B498', 'B197', 'B342', 'B287', 'B329', 'B135', 'B215', 'B261']",6.5,S17,13.23,12,6,18,0.0,,-0.397158,-14.327942,-14.7251,True,True,36,S37,True,19,7.6798,pickup+depot_removal,,,,,,,,,,,,,,,,,,,,,,,,,,,,,,,,,,,,,,,,,,,,,,,,,,,,
43,10,11,48,S17,False,12,6,18,12,0,0,1,0,0,"['B380', 'B577', 'B376', 'B542', 'B334', 'B347', 'B498', 'B197', 'B342', 'B287', 'B329', 'B135', 'B215']",6.5,S37,9.71,0,7,7,0.0,,-0.639892,-14.309889,-14.949781,True,True,24,S16,True,18,5.6146,delivery+depot_removal,,,,,,,,,,,,,,,,,,,,,,,,,,,,,,,,,,,,,,,,,,,,,,,,,,,,
43,10,12,4,S37,False,0,7,7,0,13,0,0,0,0,"['B394', 'B352', 'B432', 'B174', 'B507', 'B286', 'B723', 'B44', 'B485', 'B328', 'B47', 'B54', 'B293']",6.5,S63,1.78,13,7,20,0.0,,-0.695124,-14.488295,-15.18342,False,False,12,S63,False,6,2.8177,pickup,,,,,,,,,,,,,,,,,,,,,,,,,,,,,,,,,,,,,,,,,,,,,,,,,,,,
43,10,12,12,S63,False,13,7,20,13,0,0,0,0,0,"['B394', 'B352', 'B432', 'B174', 'B507', 'B286', 'B723', 'B44', 'B485', 'B328', 'B47', 'B54', 'B293']",6.5,S49,4.9,0,7,7,0.0,,-0.694519,-14.530562,-15.225082,False,False,12,S47,True,8,2.754,delivery,,,,,,,,,,,,,,,,,,,,,,,,,,,,,,,,,,,,,,,,,,,,,,,,,,,,
43,10,12,24,S49,False,0,7,7,0,13,0,0,0,0,"['B257', 'B448', 'B153', 'B338', 'B399', 'B317', 'B254', 'B653', 'B646', 'B538', 'B61', 'B639', 'B381']",6.5,S54,7.81,13,7,20,0.0,,-0.71003,-14.658436,-15.368466,False,False,18,S55,True,9,4.2167,pickup,,,,,,,,,,,,,,,,,,,,,,,,,,,,,,,,,,,,,,,,,,,,,,,,,,,,
43,10,12,38,S54,False,13,7,20,13,0,0,1,0,0,"['B660', 'B257', 'B448', 'B153', 'B338', 'B399', 'B317', 'B254', 'B653', 'B646', 'B538', 'B61', 'B639', 'B381']",7.0,S41,6.96,0,8,8,0.0,,-0.91825,-14.469922,-15.388172,True,True,18,S55,True,14,4.0114,delivery+depot_removal,,,,,,,,,,,,,,,,,,,,,,,,,,,,,,,,,,,,,,,,,,,,,,,,,,,,
43,10,12,52,S41,False,0,8,8,0,12,0,0,0,0,"['B356', 'B434', 'B131', 'B463', 'B509', 'B413', 'B120', 'B248', 'B327', 'B37', 'B219', 'B567']",6.0,S55,7.46,12,8,20,0.0,,-0.799372,-14.524887,-15.324259,True,False,18,S27,True,13,3.7979,pickup,,,,,,,,,,,,,,,,,,,,,,,,,,,,,,,,,,,,,,,,,,,,,,,,,,,,
43,10,13,5,S55,False,12,8,20,12,0,0,0,0,0,"['B356', 'B434', 'B131', 'B463', 'B509', 'B413', 'B120', 'B248', 'B327', 'B37', 'B219', 'B567']",6.0,S34,3.63,0,8,8,0.0,,-0.953936,-14.378656,-15.332592,False,False,12,S32,True,7,2.8663,delivery,,,,,,,,,,,,,,,,,,,,,,,,,,,,,,,,,,,,,,,,,,,,,,,,,,,,
43,10,13,15,S34,False,0,8,8,0,12,0,0,0,0,"['B519', 'B372', 'B127', 'B235', 'B17', 'B65', 'B11', 'B590', 'B436', 'B611', 'B664', 'B455']",6.0,S44,4.94,12,8,20,0.0,,-0.62056,-14.359667,-14.980228,False,False,12,S29,True,9,2.9508,pickup,,,,,,,,,,,,,,,,,,,,,,,,,,,,,,,,,,,,,,,,,,,,,,,,,,,,
43,10,13,26,S44,False,12,8,20,12,0,0,1,0,0,"['B696', 'B519', 'B372', 'B127', 'B235', 'B17', 'B65', 'B11', 'B590', 'B436', 'B611', 'B664', 'B455']",6.5,S16,0.23,0,9,9,0.0,,-0.550096,-14.402208,-14.952304,True,True,18,S16,False,12,4.7168,delivery+depot_removal,,,,,,,,,,,,,,,,,,,,,,,,,,,,,,,,,,,,,,,,,,,,,,,,,,,,
43,10,13,33,S16,False,0,9,9,0,6,0,1,0,0,"['B661', 'B606', 'B23', 'B766', 'B457', 'B379', 'B502']",3.5,S29,5.41,6,10,16,0.0,,-0.709048,-14.135343,-14.844391,True,True,36,S2,True,31,9.7195,pickup+depot_removal,,,,,,,,,,,,,,,,,,,,,,,,,,,,,,,,,,,,,,,,,,,,,,,,,,,,
43,10,13,42,S29,False,6,10,16,6,0,0,0,0,0,"['B661', 'B606', 'B23', 'B766', 'B457', 'B379']",3.0,S19,8.16,0,10,10,0.0,,-0.680497,-13.898723,-14.57922,False,False,12,S45,True,7,3.66,delivery,,,,,,,,,,,,,,,,,,,,,,,,,,,,,,,,,,,,,,,,,,,,,,,,,,,,
43,10,13,53,S19,False,0,10,10,0,7,2,1,0,0,"['B119', 'B13', 'B745', 'B693', 'B337', 'B54', 'B20', 'B676']",10.0,S36,2.19,7,11,18,0.0,,-0.590058,-13.747338,-14.337396,True,True,108,S32,True,66,34.8599,pickup+maintenance,,,,,,,,,,,,,,,,,,,,,,,,,,,,,,,,,,,,,,,,,,,,,,,,,,,,
43,10,14,5,S36,False,7,11,18,7,0,0,1,0,0,"['B586', 'B119', 'B13', 'B745', 'B693', 'B337', 'B54', 'B20']",4.0,S8,13.08,0,12,12,0.0,,-0.485984,-13.530348,-14.016332,True,True,24,S8,False,22,5.297,delivery+depot_removal,,,,,,,,,,,,,,,,,,,,,,,,,,,,,,,,,,,,,,,,,,,,,,,,,,,,
43,10,14,22,S8,False,0,12,12,0,8,0,0,0,0,"['B431', 'B614', 'B209', 'B423', 'B133', 'B18', 'B719', 'B488']",4.0,S35,7.6,8,12,20,0.0,,-0.561519,-13.521414,-14.082933,False,False,12,S29,True,7,2.3874,pickup,,,,,,,,,,,,,,,,,,,,,,,,,,,,,,,,,,,,,,,,,,,,,,,,,,,,
43,10,14,34,S35,False,8,12,20,8,0,0,0,0,0,"['B431', 'B614', 'B209', 'B423', 'B133', 'B18', 'B719', 'B488']",4.0,S65,10.81,0,12,12,0.0,,-0.636007,-13.572728,-14.208735,False,False,12,S42,True,10,2.0596,delivery,,,,,,,,,,,,,,,,,,,,,,,,,,,,,,,,,,,,,,,,,,,,,,,,,,,,
43,10,14,48,S65,False,0,12,12,0,8,0,0,0,0,"['B518', 'B356', 'B678', 'B537', 'B625', 'B593', 'B439', 'B548']",4.0,S50,9.57,8,12,20,0.0,,-0.502011,-13.754694,-14.256705,False,False,18,S41,True,13,4.3518,pickup,,,,,,,,,,,,,,,,,,,,,,,,,,,,,,,,,,,,,,,,,,,,,,,,,,,,
43,10,15,2,S50,False,8,12,20,8,0,0,0,0,0,"['B518', 'B356', 'B678', 'B537', 'B625', 'B593', 'B439', 'B548']",4.0,S66,7.23,0,12,12,0.0,,-0.675755,-13.861732,-14.537488,True,False,18,S42,True,6,4.8783,delivery,,,,,,,,,,,,,,,,,,,,,,,,,,,,,,,,,,,,,,,,,,,,,,,,,,,,
43,10,15,13,S66,False,0,12,12,0,8,0,0,0,0,"['B105', 'B286', 'B304', 'B602', 'B140', 'B267', 'B134', 'B402']",4.0,S15,3.2,8,12,20,0.0,,-0.715314,-13.847267,-14.562581,False,False,12,S41,True,6,3.1511,pickup,,,,,,,,,,,,,,,,,,,,,,,,,,,,,,,,,,,,,,,,,,,,,,,,,,,,
43,10,15,20,S15,False,8,12,20,8,0,0,0,0,0,"['B105', 'B286', 'B304', 'B602', 'B140', 'B267', 'B134', 'B402']",4.0,S31,3.53,0,12,12,0.0,,-0.585908,-13.782675,-14.368583,False,False,12,S35,True,6,3.0507,delivery,,,,,,,,,,,,,,,,,,,,,,,,,,,,,,,,,,,,,,,,,,,,,,,,,,,,
43,10,15,28,S31,False,0,12,12,0,8,2,0,0,0,"['B703', 'B264', 'B67', 'B707', 'B410', 'B109', 'B150', 'B411']",10.0,S35,8.41,8,12,20,0.0,,-0.536059,-13.805992,-14.342051,True,True,72,S41,True,69,15.8915,pickup+onsite,,,,,,,,,,,,,,,,,,,,,,,,,,,,,,,,,,,,,,,,,,,,,,,,,,,,
43,10,15,46,S35,False,8,12,20,8,0,0,0,0,0,"['B703', 'B264', 'B67', 'B707', 'B410', 'B109', 'B150', 'B411']",4.0,S37,7.89,0,12,12,0.0,,-0.411938,-13.693171,-14.105109,False,False,12,S42,True,10,2.4486,delivery,,,,,,,,,,,,,,,,,,,,,,,,,,,,,,,,,,,,,,,,,,,,,,,,,,,,
43,10,15,58,S37,False,0,12,12,0,8,0,0,0,0,"['B77', 'B346', 'B538', 'B512', 'B630', 'B673', 'B120', 'B85']",4.0,S51,4.67,8,12,20,0.0,,-0.307198,-13.755954,-14.063151,False,False,12,S66,True,10,2.5641,pickup,,,,,,,,,,,,,,,,,,,,,,,,,,,,,,,,,,,,,,,,,,,,,,,,,,,,
43,10,16,7,S51,False,8,12,20,8,0,0,1,0,0,"['B0', 'B77', 'B346', 'B538', 'B512', 'B630', 'B673', 'B120', 'B85']",4.5,S56,5.88,0,13,13,0.0,,-0.297639,-13.672732,-13.970371,True,True,18,S10,True,16,4.2154,delivery+depot_removal,,,,,,,,,,,,,,,,,,,,,,,,,,,,,,,,,,,,,,,,,,,,,,,,,,,,
43,10,16,17,S56,False,0,13,13,0,7,0,0,0,0,"['B443', 'B486', 'B100', 'B5', 'B492', 'B166', 'B682']",3.5,S55,1.03,7,13,20,0.0,,-0.397247,-13.593981,-13.991227,False,False,12,S55,False,6,2.6132,pickup,,,,,,,,,,,,,,,,,,,,,,,,,,,,,,,,,,,,,,,,,,,,,,,,,,,,
43,10,16,22,S55,False,7,13,20,7,0,0,0,0,0,"['B443', 'B486', 'B100', 'B5', 'B492', 'B166', 'B682']",3.5,S41,7.46,0,13,13,0.0,,-0.406945,-13.590029,-13.996974,False,False,12,S10,True,10,2.6939,delivery,,,,,,,,,,,,,,,,,,,,,,,,,,,,,,,,,,,,,,,,,,,,,,,,,,,,
43,10,16,33,S41,False,0,13,13,0,7,0,0,0,0,"['B592', 'B658', 'B727', 'B24', 'B138', 'B395', 'B742']",3.5,S29,7.7,7,13,20,0.0,,-0.456565,-13.349491,-13.806057,True,False,18,S30,True,13,3.9323,pickup,,,,,,,,,,,,,,,,,,,,,,,,,,,,,,,,,,,,,,,,,,,,,,,,,,,,
43,10,16,44,S29,False,7,13,20,7,0,0,0,0,0,"['B592', 'B658', 'B727', 'B24', 'B138', 'B395', 'B742']",3.5,S30,8.0,0,13,13,0.0,,-0.273212,-13.179501,-13.452713,False,False,12,S10,True,8,2.3725,delivery,,,,,,,,,,,,,,,,,,,,,,,,,,,,,,,,,,,,,,,,,,,,,,,,,,,,
43,10,16,56,S30,False,0,13,13,0,7,0,0,0,0,"['B620', 'B412', 'B300', 'B32', 'B68', 'B435', 'B159']",3.5,S25,8.25,7,13,20,0.0,,-0.268105,-13.254565,-13.52267,False,False,12,S26,True,9,2.8729,pickup,,,,,,,,,,,,,,,,,,,,,,,,,,,,,,,,,,,,,,,,,,,,,,,,,,,,
43,10,17,7,S25,False,7,13,20,7,0,0,1,0,0,"['B354', 'B620', 'B412', 'B300', 'B32', 'B68', 'B435', 'B159']",4.0,S59,12.03,0,14,14,0.0,,-0.327664,-13.1184,-13.446064,True,True,18,S59,False,12,4.1114,delivery+depot_removal,,,,,,,,,,,,,,,,,,,,,,,,,,,,,,,,,,,,,,,,,,,,,,,,,,,,
43,10,17,23,S59,False,0,14,14,0,6,1,0,0,0,"['B588', 'B763', 'B624', 'B483', 'B280', 'B598']",6.0,S62,3.77,6,14,20,0.0,,-0.327789,-13.286062,-13.613851,True,True,36,S58,True,30,6.9104,pickup+onsite,,,,,,,,,,,,,,,,,,,,,,,,,,,,,,,,,,,,,,,,,,,,,,,,,,,,
43,10,17,33,S62,False,6,14,20,6,0,1,0,0,0,"['B588', 'B763', 'B624', 'B483', 'B280', 'B598']",6.0,S58,3.31,0,14,14,0.0,,-0.263074,-13.335476,-13.59855,True,True,24,S31,True,19,4.6208,delivery+onsite,,,,,,,,,,,,,,,,,,,,,,,,,,,,,,,,,,,,,,,,,,,,,,,,,,,,
43,10,17,42,S58,False,0,14,14,0,6,1,0,0,0,"['B565', 'B493', 'B221', 'B458', 'B34', 'B86']",6.0,S54,5.62,6,14,20,0.0,,-0.223453,-13.21344,-13.436892,True,True,24,S23,True,19,4.2854,pickup+onsite,,,,,,,,,,,,,,,,,,,,,,,,,,,,,,,,,,,,,,,,,,,,,,,,,,,,
43,10,17,54,S54,False,6,14,20,6,0,0,0,0,0,"['B565', 'B493', 'B221', 'B458', 'B34', 'B86']",3.0,S31,5.7,0,14,14,0.0,,-0.238195,-13.242466,-13.480661,False,False,12,S26,True,6,2.3277,delivery,,,,,,,,,,,,,,,,,,,,,,,,,,,,,,,,,,,,,,,,,,,,,,,,,,,,
43,10,18,3,S31,False,0,14,14,0,6,0,0,0,0,"['B358', 'B686', 'B117', 'B401', 'B269', 'B122']",3.0,S10,5.83,6,14,20,0.0,,-0.213339,-13.38327,-13.596609,True,False,24,S23,True,18,4.5508,pickup,,,,,,,,,,,,,,,,,,,,,,,,,,,,,,,,,,,,,,,,,,,,,,,,,,,,
43,10,18,12,S10,False,6,14,20,6,0,0,0,0,0,"['B358', 'B686', 'B117', 'B401', 'B269', 'B122']",3.0,S3,3.65,0,14,14,0.0,,-0.114236,-13.265754,-13.37999,False,False,12,S0,True,9,2.4405,delivery,,,,,,,,,,,,,,,,,,,,,,,,,,,,,,,,,,,,,,,,,,,,,,,,,,,,
43,10,18,18,S3,False,0,14,14,0,6,1,0,0,0,"['B650', 'B145', 'B718', 'B250', 'B390', 'B661']",6.0,S0,6.39,6,14,20,0.0,,-0.074262,-13.189084,-13.263346,True,True,24,S65,True,22,4.4188,pickup+onsite,,,,,,,,,,,,,,,,,,,,,,,,,,,,,,,,,,,,,,,,,,,,,,,,,,,,
43,10,18,31,S0,False,6,14,20,0,0,1,0,0,0,[],3.0,S62,9.08,6,14,20,0.0,,-0.183693,-13.355671,-13.539364,True,True,36,S62,True,10,6.1625,do_nothing+onsite,,,,,,,,,,,,,,,,,,,,,,,,,,,,,,,,,,,,,,,,,,,,,,,,,,,,
43,10,18,43,S62,False,6,14,20,6,0,0,0,0,0,"['B650', 'B145', 'B718', 'B250', 'B390', 'B661']",3.0,S23,8.01,0,14,14,0.0,,-0.134122,-13.394639,-13.528761,False,False,12,S65,True,10,2.1325,delivery,,,,,,,,,,,,,,,,,,,,,,,,,,,,,,,,,,,,,,,,,,,,,,,,,,,,
43,10,18,54,S23,False,0,14,14,0,6,0,0,0,0,"['B525', 'B310', 'B481', 'B126', 'B604', 'B55']",3.0,S38,6.46,6,14,20,0.0,,-0.129419,-13.387414,-13.516832,False,False,12,S39,True,8,2.0597,pickup,,,,,,,,,,,,,,,,,,,,,,,,,,,,,,,,,,,,,,,,,,,,,,,,,,,,
43,10,19,3,S38,False,6,14,20,6,0,0,0,0,0,"['B525', 'B310', 'B481', 'B126', 'B604', 'B55']",3.0,S58,1.38,0,14,14,0.0,,-0.104248,-13.360287,-13.464535,False,False,12,S59,True,7,2.2508,delivery,,,,,,,,,,,,,,,,,,,,,,,,,,,,,,,,,,,,,,,,,,,,,,,,,,,,
43,10,19,8,S58,False,0,14,14,0,6,0,0,0,0,"['B330', 'B176', 'B332', 'B298', 'B688', 'B571']",3.0,S16,1.83,6,14,20,0.0,,-0.079256,-13.317896,-13.397152,False,False,12,S30,True,8,2.3138,pickup,,,,,,,,,,,,,,,,,,,,,,,,,,,,,,,,,,,,,,,,,,,,,,,,,,,,
43,10,19,12,S16,False,6,14,20,6,0,1,0,0,0,"['B330', 'B176', 'B332', 'B298', 'B688', 'B571']",6.0,S2,8.02,0,14,14,0.0,,-0.104173,-13.22238,-13.326553,True,True,24,S1,True,21,4.4915,delivery+onsite,,,,,,,,,,,,,,,,,,,,,,,,,,,,,,,,,,,,,,,,,,,,,,,,,,,,
43,10,19,26,S2,False,0,14,14,0,0,0,0,0,0,[],0.0,S65,1.06,0,14,14,0.0,,-0.143958,-13.225174,-13.369132,False,False,12,S65,False,1,2.2062,do_nothing,,,,,,,,,,,,,,,,,,,,,,,,,,,,,,,,,,,,,,,,,,,,,,,,,,,,
43,10,19,27,S65,False,0,14,14,0,6,0,0,0,0,"['B175', 'B755', 'B26', 'B337', 'B677', 'B735']",3.0,S52,6.18,6,14,20,0.0,,-0.074539,-13.18054,-13.255078,False,False,12,S52,False,6,2.1893,pickup,,,,,,,,,,,,,,,,,,,,,,,,,,,,,,,,,,,,,,,,,,,,,,,,,,,,
43,10,19,37,S52,False,6,14,20,6,0,0,1,0,0,"['B137', 'B175', 'B755', 'B26', 'B337', 'B677', 'B735']",3.5,S59,2.59,0,15,15,0.0,,-0.059621,-13.02682,-13.08644,True,True,19,S45,True,10,3.8116,delivery+depot_removal,,,,,,,,,,,,,,,,,,,,,,,,,,,,,,,,,,,,,,,,,,,,,,,,,,,,
43,10,19,43,S59,False,0,15,15,0,0,0,0,0,0,[],0.0,S18,0.93,0,15,15,0.0,,-0.049798,-13.002898,-13.052695,True,False,13,S64,True,2,2.7299,do_nothing,,,,,,,,,,,,,,,,,,,,,,,,,,,,,,,,,,,,,,,,,,,,,,,,,,,,
43,10,19,44,S18,False,0,15,15,0,0,0,0,0,0,[],0.0,S30,3.23,0,15,15,0.0,,-0.05957,-12.994057,-13.053628,False,False,7,S4,True,3,1.3401,do_nothing,,,,,,,,,,,,,,,,,,,,,,,,,,,,,,,,,,,,,,,,,,,,,,,,,,,,
43,10,19,47,S30,False,0,15,15,0,5,0,0,0,0,"['B596', 'B204', 'B225', 'B691', 'B193']",2.5,D0,2.5,5,15,20,0.0,,-0.064539,-13.244104,-13.308643,True,False,3,D0,False,2,0.5534,pickup,,,,,,,,,,,,,,,,,,,,,,,,,,,,,,,,,,,,,,,,,,,,,,,,,,,,
43,10,19,52,D0,True,5,15,20,0,0,0,0,15,14,"['B82', 'B220', 'B760', 'B551', 'B331', 'B555', 'B516', 'B339', 'B141', 'B539', 'B556', 'B340', 'B364', 'B584', 'B139', 'B732', 'B473', 'B16', 'B407', 'B261', 'B380', 'B660', 'B696', 'B502', 'B676', 'B586', 'B0', 'B354', 'B137']",14.5,D0,0.0,19,0,19,0.0,,-0.054728,-13.140669,-13.195397,True,True,1,D0,False,0,0.1953,do_nothing,,,,,,,,,,,,,,,,,,,,,,,,,,,,,,,,,,,,,,,,,,,,,,,,,,,,
43,11,6,6,D0,True,19,0,19,0,0,0,0,0,0,[],0.0,S51,3.91,19,0,19,0.0,,-0.813058,-14.479117,-15.292175,True,True,5,S7,True,3,1.0639,depot_passthrough,,,,,,,,,,,,,,,,,,,,,,,,,,,,,,,,,,,,,,,,,,,,,,,,,,,,
43,11,6,25,S51,False,19,0,19,17,0,0,0,0,0,"['B596', 'B204', 'B225', 'B691', 'B193', 'B82', 'B220', 'B760', 'B551', 'B331', 'B555', 'B516', 'B339', 'B141', 'B539', 'B556', 'B340']",8.5,S46,3.14,2,0,2,0.0,,-1.220127,-14.62045,-15.840577,False,False,18,S27,True,7,4.3549,delivery,,,,,,,,,,,,,,,,,,,,,,,,,,,,,,,,,,,,,,,,,,,,,,,,,,,,
43,11,6,37,S46,False,2,0,2,0,18,0,0,0,0,"['B312', 'B725', 'B367', 'B748', 'B244', 'B42', 'B390', 'B202', 'B283', 'B546', 'B307', 'B643', 'B494', 'B617', 'B601', 'B255', 'B537', 'B625']",9.0,S62,2.76,20,0,20,0.0,,-0.873987,-14.36096,-15.234947,True,False,18,S9,True,12,4.1275,pickup,,,,,,,,,,,,,,,,,,,,,,,,,,,,,,,,,,,,,,,,,,,,,,,,,,,,
43,11,6,49,S62,False,20,0,20,19,0,0,0,0,0,"['B364', 'B584', 'B312', 'B725', 'B367', 'B748', 'B244', 'B42', 'B390', 'B202', 'B283', 'B546', 'B307', 'B643', 'B494', 'B617', 'B601', 'B255', 'B537']",9.5,S58,3.31,1,0,1,0.0,,-0.695553,-14.255407,-14.950961,False,False,18,S27,True,8,4.1799,delivery,,,,,,,,,,,,,,,,,,,,,,,,,,,,,,,,,,,,,,,,,,,,,,,,,,,,
43,11,7,2,S58,False,1,0,1,0,18,0,1,0,0,"['B610', 'B651', 'B606', 'B181', 'B488', 'B293', 'B48', 'B720', 'B554', 'B414', 'B572', 'B180', 'B750', 'B206', 'B164', 'B507', 'B410', 'B259', 'B245']",9.5,S26,8.46,19,1,20,0.0,,-0.451496,-14.239825,-14.691321,True,True,30,S61,True,25,6.6873,pickup+depot_removal,,,,,,,,,,,,,,,,,,,,,,,,,,,,,,,,,,,,,,,,,,,,,,,,,,,,
43,11,7,19,S26,False,19,1,20,19,0,0,0,0,0,"['B625', 'B610', 'B651', 'B606', 'B181', 'B488', 'B293', 'B48', 'B720', 'B554', 'B414', 'B572', 'B180', 'B750', 'B206', 'B164', 'B507', 'B410', 'B259']",9.5,S39,9.74,0,1,1,0.0,,-0.362241,-14.248708,-14.610948,False,False,12,S39,False,6,2.9099,delivery,,,,,,,,,,,,,,,,,,,,,,,,,,,,,,,,,,,,,,,,,,,,,,,,,,,,
43,11,7,39,S39,False,0,1,1,0,19,2,0,0,0,"['B268', 'B763', 'B157', 'B250', 'B468', 'B68', 'B228', 'B178', 'B590', 'B32', 'B44', 'B323', 'B53', 'B475', 'B46', 'B300', 'B344', 'B481', 'B485']",15.5,S61,3.98,19,1,20,0.0,,-0.312984,-13.87925,-14.192234,True,True,36,S66,True,34,8.2654,pickup+onsite,,,,,,,,,,,,,,,,,,,,,,,,,,,,,,,,,,,,,,,,,,,,,,,,,,,,
43,11,7,58,S61,False,19,1,20,10,0,0,0,0,0,"['B268', 'B763', 'B157', 'B250', 'B468', 'B68', 'B228', 'B178', 'B590', 'B32']",5.0,S43,3.44,9,1,10,0.0,,-0.52108,-14.246263,-14.767343,False,False,18,S43,False,9,4.0428,delivery,,,,,,,,,,,,,,,,,,,,,,,,,,,,,,,,,,,,,,,,,,,,,,,,,,,,
43,11,8,7,S43,False,9,1,10,9,0,0,0,0,0,"['B44', 'B323', 'B53', 'B475', 'B46', 'B300', 'B344', 'B481', 'B485']",4.5,S60,4.48,0,1,1,0.0,,-0.456841,-14.124873,-14.581714,False,False,12,S60,False,7,3.1941,delivery,,,,,,,,,,,,,,,,,,,,,,,,,,,,,,,,,,,,,,,,,,,,,,,,,,,,
43,11,8,16,S60,False,0,1,1,0,15,0,2,0,0,"['B383', 'B208', 'B406', 'B15', 'B156', 'B639', 'B621', 'B509', 'B749', 'B76', 'B190', 'B517', 'B192', 'B498', 'B688', 'B4', 'B679']",8.5,S15,4.42,15,3,18,0.0,,-0.401912,-14.039005,-14.440917,True,True,42,S59,True,31,10.9327,pickup+depot_removal,,,,,,,,,,,,,,,,,,,,,,,,,,,,,,,,,,,,,,,,,,,,,,,,,,,,
43,11,8,29,S15,False,15,3,18,15,0,0,0,0,0,"['B383', 'B208', 'B406', 'B15', 'B156', 'B639', 'B621', 'B509', 'B749', 'B76', 'B190', 'B517', 'B192', 'B498', 'B688']",7.5,S59,5.67,0,3,3,0.0,,-0.347562,-13.871179,-14.218741,False,False,12,S1,True,6,2.8218,delivery,,,,,,,,,,,,,,,,,,,,,,,,,,,,,,,,,,,,,,,,,,,,,,,,,,,,
43,11,8,42,S59,False,0,3,3,0,17,0,0,0,0,"['B184', 'B706', 'B544', 'B168', 'B404', 'B187', 'B663', 'B11', 'B609', 'B12', 'B299', 'B456', 'B490', 'B442', 'B351', 'B104', 'B594']",8.5,S31,2.6,17,3,20,0.0,,-0.436553,-14.022564,-14.459117,True,False,18,S41,True,12,4.348,pickup,,,,,,,,,,,,,,,,,,,,,,,,,,,,,,,,,,,,,,,,,,,,,,,,,,,,
43,11,8,53,S31,False,17,3,20,17,0,0,2,0,0,"['B758', 'B295', 'B184', 'B706', 'B544', 'B168', 'B404', 'B187', 'B663', 'B11', 'B609', 'B12', 'B299', 'B456', 'B490', 'B442', 'B351', 'B104', 'B594']",9.5,S41,1.27,0,5,5,0.0,,-0.501066,-13.874617,-14.375683,True,True,24,S41,False,18,5.7311,delivery+depot_removal,,,,,,,,,,,,,,,,,,,,,,,,,,,,,,,,,,,,,,,,,,,,,,,,,,,,
43,11,9,4,S41,False,0,5,5,0,13,0,1,0,0,"['B270', 'B166', 'B487', 'B484', 'B531', 'B512', 'B623', 'B727', 'B237', 'B675', 'B155', 'B263', 'B150', 'B386']",7.0,S66,1.41,13,6,19,0.0,,-0.228446,-13.890449,-14.118895,True,True,30,S18,True,24,6.9775,pickup+depot_removal,,,,,,,,,,,,,,,,,,,,,,,,,,,,,,,,,,,,,,,,,,,,,,,,,,,,
43,11,9,12,S66,False,13,6,19,12,0,0,0,0,0,"['B270', 'B166', 'B487', 'B484', 'B531', 'B512', 'B623', 'B727', 'B237', 'B675', 'B155', 'B263']",6.0,S18,2.06,1,6,7,0.0,,-0.322544,-13.725205,-14.04775,False,False,18,S27,True,6,3.861,delivery,,,,,,,,,,,,,,,,,,,,,,,,,,,,,,,,,,,,,,,,,,,,,,,,,,,,
43,11,9,20,S18,False,1,6,7,0,13,0,0,0,0,"['B421', 'B698', 'B505', 'B582', 'B6', 'B624', 'B728', 'B291', 'B642', 'B570', 'B441', 'B145', 'B230']",6.5,S27,3.68,14,6,20,0.0,,-0.148964,-13.71707,-13.866034,False,False,12,S33,True,8,2.419,pickup,,,,,,,,,,,,,,,,,,,,,,,,,,,,,,,,,,,,,,,,,,,,,,,,,,,,
43,11,9,30,S27,False,14,6,20,11,0,0,0,0,0,"['B150', 'B421', 'B698', 'B505', 'B582', 'B6', 'B624', 'B728', 'B291', 'B642', 'B570']",5.5,S54,4.59,3,6,9,0.0,,-0.158724,-13.264356,-13.423081,False,False,18,S22,True,8,3.6432,delivery,,,,,,,,,,,,,,,,,,,,,,,,,,,,,,,,,,,,,,,,,,,,,,,,,,,,
43,11,9,40,S54,False,3,6,9,0,11,0,0,0,0,"['B10', 'B193', 'B390', 'B429', 'B762', 'B297', 'B77', 'B763', 'B575', 'B170', 'B557']",5.5,S34,2.69,14,6,20,0.0,,-0.133908,-13.202927,-13.336835,False,False,12,S34,False,10,2.254,pickup,,,,,,,,,,,,,,,,,,,,,,,,,,,,,,,,,,,,,,,,,,,,,,,,,,,,
43,11,9,48,S34,False,14,6,20,14,0,0,0,0,0,"['B441', 'B145', 'B230', 'B10', 'B193', 'B390', 'B429', 'B762', 'B297', 'B77', 'B763', 'B575', 'B170', 'B557']",7.0,S2,6.84,0,6,6,0.0,,-0.084363,-13.121726,-13.206089,False,False,18,S0,True,14,3.5941,delivery,,,,,,,,,,,,,,,,,,,,,,,,,,,,,,,,,,,,,,,,,,,,,,,,,,,,
43,11,10,2,S2,False,0,6,6,0,14,0,0,0,0,"['B629', 'B744', 'B702', 'B500', 'B130', 'B419', 'B713', 'B236', 'B559', 'B563', 'B632', 'B352', 'B399', 'B131']",7.0,S29,9.22,14,6,20,0.0,,-0.173592,-13.240348,-13.41394,False,False,12,S62,True,8,2.3016,pickup,,,,,,,,,,,,,,,,,,,,,,,,,,,,,,,,,,,,,,,,,,,,,,,,,,,,
43,11,10,19,S29,False,14,6,20,14,0,0,0,0,0,"['B629', 'B744', 'B702', 'B500', 'B130', 'B419', 'B713', 'B236', 'B559', 'B563', 'B632', 'B352', 'B399', 'B131']",7.0,S62,3.79,0,6,6,0.0,,-0.242936,-13.409086,-13.652022,False,False,12,S22,True,6,2.5562,delivery,,,,,,,,,,,,,,,,,,,,,,,,,,,,,,,,,,,,,,,,,,,,,,,,,,,,
43,11,10,29,S62,False,0,6,6,0,13,0,0,0,0,"['B589', 'B626', 'B8', 'B469', 'B457', 'B591', 'B143', 'B764', 'B212', 'B566', 'B302', 'B714', 'B153']",6.5,S12,7.83,13,6,19,0.0,,-0.387423,-13.375819,-13.763242,False,False,18,S47,True,9,3.4031,pickup,,,,,,,,,,,,,,,,,,,,,,,,,,,,,,,,,,,,,,,,,,,,,,,,,,,,
43,11,10,44,S12,False,13,6,19,13,0,0,1,0,0,"['B347', 'B589', 'B626', 'B8', 'B469', 'B457', 'B591', 'B143', 'B764', 'B212', 'B566', 'B302', 'B714', 'B153']",7.0,S47,11.33,0,7,7,0.0,,-0.422165,-13.448219,-13.870384,True,True,24,S47,False,21,5.0257,delivery+depot_removal,,,,,,,,,,,,,,,,,,,,,,,,,,,,,,,,,,,,,,,,,,,,,,,,,,,,
43,11,11,2,S47,False,0,7,7,0,13,0,0,0,0,"['B163', 'B21', 'B376', 'B198', 'B398', 'B542', 'B530', 'B454', 'B238', 'B66', 'B273', 'B381', 'B440']",6.5,S22,2.32,13,7,20,0.0,,-0.322884,-13.593031,-13.915915,False,False,12,S55,True,7,2.4172,pickup,,,,,,,,,,,,,,,,,,,,,,,,,,,,,,,,,,,,,,,,,,,,,,,,,,,,
43,11,11,11,S22,False,13,7,20,13,0,0,0,0,0,"['B163', 'B21', 'B376', 'B198', 'B398', 'B542', 'B530', 'B454', 'B238', 'B66', 'B273', 'B381', 'B440']",6.5,S51,11.78,0,7,7,0.0,,-0.347524,-13.604273,-13.951798,False,False,12,S63,True,6,2.4068,delivery,,,,,,,,,,,,,,,,,,,,,,,,,,,,,,,,,,,,,,,,,,,,,,,,,,,,
43,11,11,29,S51,False,0,7,7,0,11,0,1,0,0,"['B318', 'B444', 'B82', 'B355', 'B124', 'B635', 'B394', 'B413', 'B204', 'B756', 'B168', 'B344']",6.0,S50,8.8,11,8,19,0.0,,-0.123971,-13.488575,-13.612546,True,True,30,S55,True,24,6.0838,pickup+depot_removal,,,,,,,,,,,,,,,,,,,,,,,,,,,,,,,,,,,,,,,,,,,,,,,,,,,,
43,11,11,44,S50,False,11,8,19,11,0,0,2,0,0,"['B39', 'B359', 'B318', 'B444', 'B82', 'B355', 'B124', 'B635', 'B394', 'B413', 'B204', 'B756', 'B168']",6.5,S41,8.63,0,10,10,0.0,,-0.128864,-13.513525,-13.642389,True,True,30,S61,True,25,6.9888,delivery+depot_removal,,,,,,,,,,,,,,,,,,,,,,,,,,,,,,,,,,,,,,,,,,,,,,,,,,,,
43,11,11,59,S41,False,0,10,10,0,0,0,0,0,0,[],0.0,S61,2.24,0,10,10,0.0,,-0.337902,-13.651125,-13.989027,False,False,12,S55,True,0,2.986,do_nothing,,,,,,,,,,,,,,,,,,,,,,,,,,,,,,,,,,,,,,,,,,,,,,,,,,,,
43,11,12,1,S61,False,0,10,10,0,10,0,0,0,0,"['B468', 'B56', 'B209', 'B571', 'B623', 'B649', 'B651', 'B96', 'B269', 'B184']",5.0,S63,3.24,10,10,20,0.0,,-0.208686,-13.546568,-13.755254,False,False,18,S55,True,12,3.0894,pickup,,,,,,,,,,,,,,,,,,,,,,,,,,,,,,,,,,,,,,,,,,,,,,,,,,,,
43,11,12,9,S63,False,10,10,20,10,0,0,0,0,0,"['B468', 'B56', 'B209', 'B571', 'B623', 'B649', 'B651', 'B96', 'B269', 'B184']",5.0,S55,3.64,0,10,10,0.0,,-0.113997,-13.45867,-13.572667,False,False,12,S4,True,6,2.0927,delivery,,,,,,,,,,,,,,,,,,,,,,,,,,,,,,,,,,,,,,,,,,,,,,,,,,,,
43,11,12,18,S55,False,0,10,10,0,10,0,0,0,0,"['B599', 'B247', 'B716', 'B503', 'B767', 'B674', 'B244', 'B147', 'B283', 'B766']",5.0,S29,2.12,10,10,20,0.0,,-0.103884,-13.501989,-13.605873,True,False,18,S41,True,12,3.1301,pickup,,,,,,,,,,,,,,,,,,,,,,,,,,,,,,,,,,,,,,,,,,,,,,,,,,,,
43,11,12,25,S29,False,10,10,20,10,0,0,0,0,0,"['B599', 'B247', 'B716', 'B503', 'B767', 'B674', 'B244', 'B147', 'B283', 'B766']",5.0,S41,7.7,0,10,10,0.0,,-0.128751,-13.504023,-13.632773,False,False,12,S4,True,6,3.3177,delivery,,,,,,,,,,,,,,,,,,,,,,,,,,,,,,,,,,,,,,,,,,,,,,,,,,,,
43,11,12,38,S41,False,0,10,10,0,10,0,0,0,0,"['B353', 'B668', 'B57', 'B123', 'B20', 'B94', 'B476', 'B452', 'B647', 'B232']",5.0,S54,6.96,10,10,20,0.0,,-0.327739,-13.730341,-14.05808,False,False,12,S46,True,7,2.3035,pickup,,,,,,,,,,,,,,,,,,,,,,,,,,,,,,,,,,,,,,,,,,,,,,,,,,,,
43,11,12,50,S54,False,10,10,20,10,0,0,0,0,0,"['B353', 'B668', 'B57', 'B123', 'B20', 'B94', 'B476', 'B452', 'B647', 'B232']",5.0,S6,11.55,0,10,10,0.0,,-0.163391,-13.703198,-13.866589,False,False,12,S25,True,10,3.3374,delivery,,,,,,,,,,,,,,,,,,,,,,,,,,,,,,,,,,,,,,,,,,,,,,,,,,,,
43,11,13,6,S6,False,0,10,10,0,10,0,0,0,0,"['B373', 'B687', 'B574', 'B294', 'B722', 'B740', 'B317', 'B239', 'B680', 'B119']",5.0,S46,12.92,10,10,20,0.0,,-0.391912,-13.967869,-14.359781,False,False,12,S26,True,8,2.9986,pickup,,,,,,,,,,,,,,,,,,,,,,,,,,,,,,,,,,,,,,,,,,,,,,,,,,,,
43,11,13,24,S46,False,10,10,20,10,0,0,1,0,0,"['B214', 'B373', 'B687', 'B574', 'B294', 'B722', 'B740', 'B317', 'B239', 'B680', 'B119']",5.5,S66,5.15,0,11,11,0.0,,-0.396428,-14.229874,-14.626302,True,True,18,S66,False,12,4.5721,delivery+depot_removal,,,,,,,,,,,,,,,,,,,,,,,,,,,,,,,,,,,,,,,,,,,,,,,,,,,,
43,11,13,35,S66,False,0,11,11,0,9,0,0,0,0,"['B752', 'B174', 'B34', 'B745', 'B648', 'B408', 'B738', 'B223', 'B251']",4.5,S57,8.16,9,11,20,0.0,,-0.456476,-14.088679,-14.545156,False,False,12,S22,True,7,2.9246,pickup,,,,,,,,,,,,,,,,,,,,,,,,,,,,,,,,,,,,,,,,,,,,,,,,,,,,
43,11,13,48,S57,False,9,11,20,9,0,2,1,0,0,"['B106', 'B752', 'B174', 'B34', 'B745', 'B648', 'B408', 'B738', 'B223', 'B251']",11.0,S22,12.19,0,12,12,0.0,,-0.650523,-13.987404,-14.637927,True,True,54,S35,True,50,9.8955,delivery+maintenance,,,,,,,,,,,,,,,,,,,,,,,,,,,,,,,,,,,,,,,,,,,,,,,,,,,,
43,11,14,11,S22,False,0,12,12,0,8,0,0,0,0,"['B542', 'B530', 'B454', 'B238', 'B66', 'B273', 'B381', 'B440']",4.0,S45,8.77,8,12,20,0.0,,-0.898464,-14.156616,-15.05508,False,False,12,S16,True,8,2.3748,pickup,,,,,,,,,,,,,,,,,,,,,,,,,,,,,,,,,,,,,,,,,,,,,,,,,,,,
43,11,14,24,S45,False,8,12,20,8,0,0,2,0,0,"['B657', 'B628', 'B542', 'B530', 'B454', 'B238', 'B66', 'B273', 'B381', 'B440']",5.0,S16,1.34,0,14,14,0.0,,-0.780017,-14.009468,-14.789485,True,True,24,S32,True,19,3.8671,delivery+depot_removal,,,,,,,,,,,,,,,,,,,,,,,,,,,,,,,,,,,,,,,,,,,,,,,,,,,,
43,11,14,30,S16,False,0,14,14,0,6,0,0,0,0,"['B163', 'B121', 'B607', 'B372', 'B358', 'B430']",3.0,S35,6.87,6,14,20,0.0,,-0.819663,-13.628577,-14.448241,False,False,12,S26,True,10,2.0026,pickup,,,,,,,,,,,,,,,,,,,,,,,,,,,,,,,,,,,,,,,,,,,,,,,,,,,,
43,11,14,40,S35,False,6,14,20,6,0,0,0,0,0,"['B163', 'B121', 'B607', 'B372', 'B358', 'B430']",3.0,S32,3.98,0,14,14,0.0,,-0.640409,-13.694271,-14.33468,False,False,12,S32,False,6,2.0295,delivery,,,,,,,,,,,,,,,,,,,,,,,,,,,,,,,,,,,,,,,,,,,,,,,,,,,,
43,11,14,47,S32,False,0,14,14,0,6,0,0,0,0,"['B725', 'B637', 'B701', 'B606', 'B130', 'B93']",3.0,S4,5.15,6,14,20,0.0,,-0.640737,-13.649651,-14.290388,True,False,18,S51,True,16,3.2169,pickup,,,,,,,,,,,,,,,,,,,,,,,,,,,,,,,,,,,,,,,,,,,,,,,,,,,,
43,11,14,55,S4,False,6,14,20,6,0,1,0,0,0,"['B725', 'B637', 'B701', 'B606', 'B130', 'B93']",6.0,S12,7.31,0,14,14,0.0,,-0.481382,-13.378024,-13.859406,True,True,24,S50,True,18,4.8602,delivery+onsite,,,,,,,,,,,,,,,,,,,,,,,,,,,,,,,,,,,,,,,,,,,,,,,,,,,,
43,11,15,8,S12,False,0,14,14,0,6,0,0,0,0,"['B12', 'B718', 'B17', 'B197', 'B420', 'B533']",3.0,S17,15.22,6,14,20,0.0,,-0.531355,-13.449054,-13.980409,False,False,12,S50,True,8,2.3788,pickup,,,,,,,,,,,,,,,,,,,,,,,,,,,,,,,,,,,,,,,,,,,,,,,,,,,,
43,11,15,27,S17,False,6,14,20,6,0,0,0,0,0,"['B12', 'B718', 'B17', 'B197', 'B420', 'B533']",3.0,S51,13.23,0,14,14,0.0,,-0.635252,-13.564294,-14.199546,False,False,12,S42,True,7,2.3923,delivery,,,,,,,,,,,,,,,,,,,,,,,,,,,,,,,,,,,,,,,,,,,,,,,,,,,,
43,11,15,43,S51,False,0,14,14,0,6,0,0,0,0,"['B552', 'B561', 'B263', 'B627', 'B233', 'B351']",3.0,S50,8.8,6,14,20,0.0,,-0.406981,-13.509465,-13.916446,False,False,12,S30,True,6,2.4676,pickup,,,,,,,,,,,,,,,,,,,,,,,,,,,,,,,,,,,,,,,,,,,,,,,,,,,,
43,11,15,55,S50,False,6,14,20,6,0,0,0,0,0,"['B552', 'B561', 'B263', 'B627', 'B233', 'B351']",3.0,S30,8.83,0,14,14,0.0,,-0.278118,-13.288029,-13.566147,False,False,12,S25,True,7,2.5956,delivery,,,,,,,,,,,,,,,,,,,,,,,,,,,,,,,,,,,,,,,,,,,,,,,,,,,,
43,11,16,6,S30,False,0,14,14,0,6,0,0,0,0,"['B203', 'B453', 'B746', 'B421', 'B424', 'B753']",3.0,S62,4.79,6,14,20,0.0,,-0.18851,-13.358785,-13.547296,True,False,36,S22,True,25,7.0172,pickup,,,,,,,,,,,,,,,,,,,,,,,,,,,,,,,,,,,,,,,,,,,,,,,,,,,,
43,11,16,14,S62,False,6,14,20,6,0,0,0,0,0,"['B203', 'B453', 'B746', 'B421', 'B424', 'B753']",3.0,S22,7.3,0,14,14,0.0,,-0.228131,-13.260884,-13.489015,False,False,12,S65,True,10,2.4304,delivery,,,,,,,,,,,,,,,,,,,,,,,,,,,,,,,,,,,,,,,,,,,,,,,,,,,,
43,11,16,24,S22,False,0,14,14,0,6,0,0,0,0,"['B395', 'B444', 'B227', 'B710', 'B439', 'B723']",3.0,S52,7.49,6,14,20,0.0,,-0.253012,-13.219081,-13.472093,True,False,18,S65,True,14,4.5446,pickup,,,,,,,,,,,,,,,,,,,,,,,,,,,,,,,,,,,,,,,,,,,,,,,,,,,,
43,11,16,35,S52,False,6,14,20,6,0,0,0,0,0,"['B395', 'B444', 'B227', 'B710', 'B439', 'B723']",3.0,S65,6.18,0,14,14,0.0,,-0.124147,-12.986482,-13.110629,True,False,18,S65,True,6,3.287,delivery,,,,,,,,,,,,,,,,,,,,,,,,,,,,,,,,,,,,,,,,,,,,,,,,,,,,
43,11,16,44,S65,False,0,14,14,0,6,1,0,0,0,"['B663', 'B494', 'B328', 'B601', 'B525', 'B735']",6.0,S26,6.43,6,14,20,0.0,,-0.169115,-12.926335,-13.09545,True,True,24,S35,True,18,5.2895,pickup+onsite,,,,,,,,,,,,,,,,,,,,,,,,,,,,,,,,,,,,,,,,,,,,,,,,,,,,
43,11,16,57,S26,False,6,14,20,6,0,0,0,0,0,"['B663', 'B494', 'B328', 'B601', 'B525', 'B735']",3.0,S35,6.42,0,14,14,0.0,,-0.099268,-12.88824,-12.987508,False,False,12,S24,True,8,1.8846,delivery,,,,,,,,,,,,,,,,,,,,,,,,,,,,,,,,,,,,,,,,,,,,,,,,,,,,
43,11,17,6,S35,False,0,14,14,0,6,0,0,0,0,"['B509', 'B638', 'B558', 'B479', 'B506', 'B181']",3.0,S62,5.61,6,14,20,0.0,,-0.059558,-12.901957,-12.961515,False,False,12,S56,True,8,2.258,pickup,,,,,,,,,,,,,,,,,,,,,,,,,,,,,,,,,,,,,,,,,,,,,,,,,,,,
43,11,17,15,S62,False,6,14,20,6,0,0,0,0,0,"['B509', 'B638', 'B558', 'B479', 'B506', 'B181']",3.0,S56,4.25,0,14,14,0.0,,-0.074425,-12.819311,-12.893736,False,False,12,S24,True,8,2.2181,delivery,,,,,,,,,,,,,,,,,,,,,,,,,,,,,,,,,,,,,,,,,,,,,,,,,,,,
43,11,17,22,S56,False,0,14,14,0,6,0,0,0,0,"['B7', 'B158', 'B253', 'B133', 'B254', 'B217']",3.0,S24,10.08,6,14,20,0.0,,-0.158914,-12.787662,-12.946576,False,False,12,S17,True,7,2.2061,pickup,,,,,,,,,,,,,,,,,,,,,,,,,,,,,,,,,,,,,,,,,,,,,,,,,,,,
43,11,17,35,S24,False,6,14,20,6,0,0,0,0,0,"['B7', 'B158', 'B253', 'B133', 'B254', 'B217']",3.0,S30,6.35,0,14,14,0.0,,-0.094412,-12.704623,-12.799035,False,False,12,S65,True,8,2.452,delivery,,,,,,,,,,,,,,,,,,,,,,,,,,,,,,,,,,,,,,,,,,,,,,,,,,,,
43,11,17,44,S30,False,0,14,14,0,6,1,0,0,0,"['B757', 'B21', 'B2', 'B636', 'B681', 'B643']",6.0,S17,7.68,6,14,20,0.0,,-0.054602,-12.717786,-12.772388,True,True,36,S22,True,31,6.1936,pickup+onsite,,,,,,,,,,,,,,,,,,,,,,,,,,,,,,,,,,,,,,,,,,,,,,,,,,,,
43,11,17,58,S17,False,6,14,20,6,0,0,0,0,0,"['B757', 'B21', 'B2', 'B636', 'B681', 'B643']",3.0,S22,8.16,0,14,14,0.0,,-0.084513,-12.739647,-12.824161,False,False,12,S36,True,7,2.0865,delivery,,,,,,,,,,,,,,,,,,,,,,,,,,,,,,,,,,,,,,,,,,,,,,,,,,,,
43,11,18,9,S22,False,0,14,14,0,0,0,1,0,0,['B348'],0.5,S65,1.36,0,15,15,0.0,,-0.059659,-12.823433,-12.883093,True,True,18,S65,False,6,3.4095,do_nothing+depot_removal,,,,,,,,,,,,,,,,,,,,,,,,,,,,,,,,,,,,,,,,,,,,,,,,,,,,
43,11,18,11,S65,False,0,15,15,0,5,0,0,0,0,"['B107', 'B198', 'B721', 'B286', 'B172']",2.5,S45,7.43,5,15,20,0.0,,-0.049672,-12.815964,-12.865636,False,False,12,S22,True,6,2.3111,pickup,,,,,,,,,,,,,,,,,,,,,,,,,,,,,,,,,,,,,,,,,,,,,,,,,,,,
43,11,18,21,S45,False,5,15,20,5,0,0,0,0,0,"['B107', 'B198', 'B721', 'B286', 'B172']",2.5,S42,6.84,0,15,15,0.0,,-0.079205,-12.749025,-12.82823,False,False,12,S53,True,8,2.055,delivery,,,,,,,,,,,,,,,,,,,,,,,,,,,,,,,,,,,,,,,,,,,,,,,,,,,,
43,11,18,30,S42,False,0,15,15,0,5,1,0,0,0,"['B238', 'B361', 'B66', 'B273', 'B55']",5.5,S40,6.18,5,15,20,0.0,,-0.049646,-12.943791,-12.993437,True,True,24,S40,False,18,3.8688,pickup+onsite,,,,,,,,,,,,,,,,,,,,,,,,,,,,,,,,,,,,,,,,,,,,,,,,,,,,
43,11,18,42,S40,False,5,15,20,5,0,0,0,0,0,"['B238', 'B361', 'B66', 'B273', 'B55']",2.5,S11,7.32,0,15,15,0.0,,-0.089558,-12.961305,-13.050863,False,False,12,S31,True,9,2.0605,delivery,,,,,,,,,,,,,,,,,,,,,,,,,,,,,,,,,,,,,,,,,,,,,,,,,,,,
43,11,18,52,S11,False,0,15,15,0,5,0,0,0,0,"['B495', 'B527', 'B452', 'B486', 'B647']",2.5,S21,2.51,5,15,20,0.0,,-0.034666,-12.780476,-12.815142,True,False,24,S29,True,22,5.3028,pickup,,,,,,,,,,,,,,,,,,,,,,,,,,,,,,,,,,,,,,,,,,,,,,,,,,,,
43,11,18,57,S21,False,5,15,20,5,0,2,0,0,0,"['B495', 'B527', 'B452', 'B486', 'B647']",8.5,S1,4.41,0,15,15,0.0,,-0.044628,-12.770569,-12.815197,True,True,54,S29,True,48,8.316,delivery+onsite,,,,,,,,,,,,,,,,,,,,,,,,,,,,,,,,,,,,,,,,,,,,,,,,,,,,
43,11,19,10,S1,False,0,15,15,0,5,0,0,0,0,"['B673', 'B37', 'B529', 'B282', 'B471']",2.5,S36,6.48,5,15,20,0.0,,-0.064526,-12.758644,-12.82317,False,False,12,S22,True,9,1.8749,pickup,,,,,,,,,,,,,,,,,,,,,,,,,,,,,,,,,,,,,,,,,,,,,,,,,,,,
43,11,19,19,S36,False,5,15,20,5,0,0,0,0,0,"['B673', 'B37', 'B529', 'B282', 'B471']",2.5,S22,11.83,0,15,15,0.0,,-0.019937,-12.686644,-12.70658,False,False,12,S62,True,6,1.9898,delivery,,,,,,,,,,,,,,,,,,,,,,,,,,,,,,,,,,,,,,,,,,,,,,,,,,,,
43,11,19,33,S22,False,0,15,15,0,5,0,0,0,0,"['B674', 'B560', 'B187', 'B742', 'B334']",2.5,S62,7.3,5,15,20,0.0,,-0.014842,-13.080134,-13.094976,False,False,12,S26,True,10,2.188,pickup,,,,,,,,,,,,,,,,,,,,,,,,,,,,,,,,,,,,,,,,,,,,,,,,,,,,
43,11,19,43,S62,False,5,15,20,0,0,0,0,0,0,[],0.0,S54,2.78,5,15,20,0.0,,-0.039949,-13.154243,-13.194192,False,False,6,S54,False,3,1.0054,do_nothing,,,,,,,,,,,,,,,,,,,,,,,,,,,,,,,,,,,,,,,,,,,,,,,,,,,,
43,11,19,46,S54,False,5,15,20,0,0,0,0,0,0,[],0.0,S62,2.78,5,15,20,0.0,,-0.094362,-13.184723,-13.279085,False,False,4,D0,True,1,0.6583,do_nothing,,,,,,,,,,,,,,,,,,,,,,,,,,,,,,,,,,,,,,,,,,,,,,,,,,,,
43,11,19,48,S62,False,5,15,20,5,0,0,0,0,0,"['B674', 'B560', 'B187', 'B742', 'B334']",2.5,D0,0.46,0,15,15,0.0,,-0.114248,-13.433384,-13.547633,False,False,2,D0,False,1,0.3706,delivery,,,,,,,,,,,,,,,,,,,,,,,,,,,,,,,,,,,,,,,,,,,,,,,,,,,,
43,11,19,51,D0,True,0,15,15,0,0,0,0,15,0,"['B245', 'B4', 'B679', 'B758', 'B295', 'B386', 'B347', 'B344', 'B39', 'B359', 'B214', 'B106', 'B657', 'B628', 'B348']",7.5,D0,0.0,0,0,0,0.0,,-0.10933,-13.432044,-13.541374,True,True,1,D0,False,0,0.1944,do_nothing,,,,,,,,,,,,,,,,,,,,,,,,,,,,,,,,,,,,,,,,,,,,,,,,,,,,
43,12,6,14,D0,True,0,0,0,0,0,0,0,0,15,"['B139', 'B732', 'B473', 'B16', 'B407', 'B261', 'B380', 'B660', 'B696', 'B502', 'B676', 'B586', 'B0', 'B354', 'B137']",7.5,S26,2.99,15,0,15,0.0,,-0.039735,-13.421681,-13.461416,True,True,5,S31,True,4,1.0471,load_queue,,,,,,,,,,,,,,,,,,,,,,,,,,,,,,,,,,,,,,,,,,,,,,,,,,,,
43,12,6,39,S26,False,15,0,15,13,0,0,0,0,0,"['B139', 'B732', 'B473', 'B16', 'B407', 'B261', 'B380', 'B660', 'B696', 'B502', 'B676', 'B586', 'B0']",6.5,S59,8.38,2,0,2,0.0,,-0.064552,-12.902816,-12.967368,False,False,18,S61,True,9,4.185,delivery,,,,,,,,,,,,,,,,,,,,,,,,,,,,,,,,,,,,,,,,,,,,,,,,,,,,
43,12,6,54,S59,False,2,0,2,0,17,1,1,0,0,"['B218', 'B363', 'B146', 'B584', 'B22', 'B487', 'B691', 'B202', 'B760', 'B526', 'B603', 'B737', 'B551', 'B491', 'B418', 'B23', 'B305', 'B416']",12.0,S54,6.37,19,1,20,0.0,,-0.024867,-12.804724,-12.829591,True,True,60,S23,True,54,14.2297,pickup+maintenance,,,,,,,,,,,,,,,,,,,,,,,,,,,,,,,,,,,,,,,,,,,,,,,,,,,,
43,12,7,13,S54,False,19,1,20,13,0,0,0,0,0,"['B354', 'B137', 'B218', 'B363', 'B146', 'B584', 'B22', 'B487', 'B691', 'B202', 'B760', 'B526', 'B603']",6.5,S55,0.95,6,1,7,0.0,,-0.024855,-12.699627,-12.724481,False,False,18,S24,True,13,4.7536,delivery,,,,,,,,,,,,,,,,,,,,,,,,,,,,,,,,,,,,,,,,,,,,,,,,,,,,
43,12,7,20,S55,False,6,1,7,0,11,1,1,0,0,"['B747', 'B310', 'B692', 'B599', 'B129', 'B223', 'B211', 'B369', 'B655', 'B58', 'B251', 'B59']",9.0,S24,9.44,17,2,19,0.0,,-0.009924,-12.620912,-12.630837,True,True,60,S19,True,54,13.1824,pickup+maintenance,,,,,,,,,,,,,,,,,,,,,,,,,,,,,,,,,,,,,,,,,,,,,,,,,,,,
43,12,7,38,S24,False,17,2,19,0,0,0,0,0,0,[],0.0,S48,13.93,17,2,19,0.0,,-0.01976,-13.013681,-13.033441,False,False,18,S19,True,1,4.3689,do_nothing,,,,,,,,,,,,,,,,,,,,,,,,,,,,,,,,,,,,,,,,,,,,,,,,,,,,
43,12,7,52,S48,False,17,2,19,10,0,1,0,0,0,"['B737', 'B551', 'B491', 'B418', 'B23', 'B305', 'B747', 'B310', 'B692', 'B599']",8.0,S19,0.52,7,2,9,0.0,,-0.054665,-12.925347,-12.980012,True,True,36,S19,False,18,8.5987,delivery+onsite,,,,,,,,,,,,,,,,,,,,,,,,,,,,,,,,,,,,,,,,,,,,,,,,,,,,
43,12,8,1,S19,False,7,2,9,7,0,0,1,0,0,"['B664', 'B129', 'B223', 'B211', 'B369', 'B655', 'B58', 'B251']",4.0,S31,8.63,0,3,3,0.0,,-0.039747,-12.862211,-12.901958,True,True,24,S46,True,18,4.0471,delivery+depot_removal,,,,,,,,,,,,,,,,,,,,,,,,,,,,,,,,,,,,,,,,,,,,,,,,,,,,
43,12,8,14,S31,False,0,3,3,0,17,0,0,0,0,"['B633', 'B312', 'B152', 'B544', 'B702', 'B61', 'B360', 'B402', 'B195', 'B570', 'B753', 'B293', 'B79', 'B440', 'B669', 'B279', 'B177']",8.5,S29,6.48,17,3,20,0.0,,-0.039684,-12.857026,-12.89671,False,False,12,S62,True,8,2.7887,pickup,,,,,,,,,,,,,,,,,,,,,,,,,,,,,,,,,,,,,,,,,,,,,,,,,,,,
43,12,8,28,S29,False,17,3,20,14,0,0,0,0,0,"['B633', 'B312', 'B152', 'B544', 'B702', 'B61', 'B360', 'B402', 'B195', 'B570', 'B753', 'B293', 'B79', 'B440']",7.0,S20,12.12,3,3,6,0.0,,-0.064678,-12.857628,-12.922306,False,False,18,S0,True,12,4.0543,delivery,,,,,,,,,,,,,,,,,,,,,,,,,,,,,,,,,,,,,,,,,,,,,,,,,,,,
43,12,8,48,S20,False,3,3,6,0,0,0,1,0,0,['B685'],0.5,S18,9.13,3,4,7,0.0,,-0.069394,-12.411281,-12.480675,True,True,18,S0,True,9,4.2485,do_nothing+depot_removal,,,,,,,,,,,,,,,,,,,,,,,,,,,,,,,,,,,,,,,,,,,,,,,,,,,,
43,12,8,57,S18,False,3,4,7,0,11,0,0,0,0,"['B411', 'B641', 'B464', 'B65', 'B320', 'B358', 'B134', 'B35', 'B608', 'B646', 'B96']",5.5,S0,12.15,14,4,18,0.0,,-0.049571,-12.441479,-12.49105,False,False,18,S0,False,12,5.213,pickup,,,,,,,,,,,,,,,,,,,,,,,,,,,,,,,,,,,,,,,,,,,,,,,,,,,,
43,12,9,15,S0,False,14,4,18,11,0,1,0,0,0,"['B669', 'B279', 'B177', 'B411', 'B641', 'B464', 'B65', 'B320', 'B358', 'B134', 'B35']",8.5,S61,11.08,3,4,7,0.0,,-0.034754,-12.519922,-12.554676,True,True,36,S15,True,22,7.8632,delivery+onsite,,,,,,,,,,,,,,,,,,,,,,,,,,,,,,,,,,,,,,,,,,,,,,,,,,,,
43,12,9,34,S61,False,3,4,7,0,8,0,0,0,0,"['B45', 'B376', 'B490', 'B362', 'B10', 'B695', 'B689', 'B330']",4.0,S62,2.06,11,4,15,0.0,,-0.089242,-12.846034,-12.935276,False,False,18,S31,True,9,4.0505,pickup,,,,,,,,,,,,,,,,,,,,,,,,,,,,,,,,,,,,,,,,,,,,,,,,,,,,
43,12,9,41,S62,False,11,4,15,11,0,0,0,0,0,"['B608', 'B646', 'B96', 'B45', 'B376', 'B490', 'B362', 'B10', 'B695', 'B689', 'B330']",5.5,S52,1.55,0,4,4,0.0,,-0.054564,-12.882683,-12.937247,False,False,12,S46,True,6,2.647,delivery,,,,,,,,,,,,,,,,,,,,,,,,,,,,,,,,,,,,,,,,,,,,,,,,,,,,
43,12,9,48,S52,False,0,4,4,0,10,0,1,0,0,"['B701', 'B95', 'B665', 'B697', 'B558', 'B249', 'B186', 'B246', 'B109', 'B571', 'B583']",5.5,S30,4.89,10,5,15,0.0,,-0.024842,-12.837955,-12.862797,True,True,36,S63,True,33,9.7138,pickup+depot_removal,,,,,,,,,,,,,,,,,,,,,,,,,,,,,,,,,,,,,,,,,,,,,,,,,,,,
43,12,9,58,S30,False,10,5,15,8,0,0,1,0,0,"['B1', 'B701', 'B95', 'B665', 'B697', 'B558', 'B249', 'B186', 'B246']",4.5,S22,2.59,2,6,8,0.0,,-0.084375,-12.890129,-12.974504,True,True,36,S41,True,22,7.3137,delivery+depot_removal,,,,,,,,,,,,,,,,,,,,,,,,,,,,,,,,,,,,,,,,,,,,,,,,,,,,
43,12,10,5,S22,False,2,6,8,0,12,0,0,0,0,"['B367', 'B654', 'B538', 'B54', 'B309', 'B244', 'B86', 'B236', 'B621', 'B370', 'B396', 'B521']",6.0,S42,13.14,14,6,20,0.0,,-0.109242,-12.998507,-13.107749,False,False,12,S42,False,9,3.054,pickup,,,,,,,,,,,,,,,,,,,,,,,,,,,,,,,,,,,,,,,,,,,,,,,,,,,,
43,12,10,24,S42,False,14,6,20,11,0,0,0,0,0,"['B109', 'B571', 'B367', 'B654', 'B538', 'B54', 'B309', 'B244', 'B86', 'B236', 'B621']",5.5,S61,8.85,3,6,9,0.0,,-0.109293,-13.067906,-13.177199,False,False,18,S61,False,7,4.4596,delivery,,,,,,,,,,,,,,,,,,,,,,,,,,,,,,,,,,,,,,,,,,,,,,,,,,,,
43,12,10,39,S61,False,3,6,9,3,0,0,0,0,0,"['B370', 'B396', 'B521']",1.5,S62,2.06,0,6,6,0.0,,-0.129129,-12.937301,-13.06643,False,False,12,S62,False,6,2.6764,delivery,,,,,,,,,,,,,,,,,,,,,,,,,,,,,,,,,,,,,,,,,,,,,,,,,,,,
43,12,10,42,S62,False,0,6,6,0,14,1,0,0,0,"['B409', 'B608', 'B646', 'B96', 'B45', 'B376', 'B490', 'B362', 'B10', 'B695', 'B689', 'B330', 'B472', 'B112']",10.0,S25,12.56,14,6,20,0.0,,-0.21334,-12.877521,-13.09086,True,True,24,S65,True,21,5.8843,pickup+onsite,,,,,,,,,,,,,,,,,,,,,,,,,,,,,,,,,,,,,,,,,,,,,,,,,,,,
43,12,11,5,S25,False,14,6,20,11,0,0,0,0,0,"['B409', 'B608', 'B646', 'B96', 'B45', 'B376', 'B490', 'B362', 'B10', 'B695', 'B689']",5.5,S41,9.14,3,6,9,0.0,,-0.18856,-13.071811,-13.260371,False,False,18,S41,False,6,3.4434,delivery,,,,,,,,,,,,,,,,,,,,,,,,,,,,,,,,,,,,,,,,,,,,,,,,,,,,
43,12,11,19,S41,False,3,6,9,3,0,1,0,0,0,"['B330', 'B472', 'B112']",4.5,S58,3.91,0,6,6,0.0,,-0.282897,-13.060713,-13.34361,True,True,24,S58,False,18,4.1633,delivery+onsite,,,,,,,,,,,,,,,,,,,,,,,,,,,,,,,,,,,,,,,,,,,,,,,,,,,,
43,12,11,28,S58,False,0,6,6,0,14,0,0,0,0,"['B70', 'B672', 'B148', 'B593', 'B414', 'B122', 'B189', 'B673', 'B750', 'B32', 'B50', 'B632', 'B323', 'B248']",7.0,S41,3.91,14,6,20,0.0,,-0.218258,-13.092571,-13.310829,False,False,12,S41,False,6,2.6739,pickup,,,,,,,,,,,,,,,,,,,,,,,,,,,,,,,,,,,,,,,,,,,,,,,,,,,,
43,12,11,39,S41,False,14,6,20,14,0,0,0,0,0,"['B70', 'B672', 'B148', 'B593', 'B414', 'B122', 'B189', 'B673', 'B750', 'B32', 'B50', 'B632', 'B323', 'B248']",7.0,S46,6.18,0,6,6,0.0,,-0.317714,-12.866598,-13.184312,False,False,12,S60,True,7,2.3553,delivery,,,,,,,,,,,,,,,,,,,,,,,,,,,,,,,,,,,,,,,,,,,,,,,,,,,,
43,12,11,52,S46,False,0,6,6,0,14,0,0,0,0,"['B20', 'B550', 'B706', 'B371', 'B649', 'B705', 'B541', 'B136', 'B404', 'B193', 'B174', 'B235', 'B623', 'B410']",7.0,S15,5.48,14,6,20,0.0,,-0.362518,-12.816444,-13.178962,False,False,12,S15,False,6,2.8424,pickup,,,,,,,,,,,,,,,,,,,,,,,,,,,,,,,,,,,,,,,,,,,,,,,,,,,,
43,12,12,4,S15,False,14,6,20,14,0,0,0,0,0,"['B20', 'B550', 'B706', 'B371', 'B649', 'B705', 'B541', 'B136', 'B404', 'B193', 'B174', 'B235', 'B623', 'B410']",7.0,S31,3.53,0,6,6,0.0,,-0.168611,-12.878976,-13.047587,False,False,12,S62,True,7,2.4133,delivery,,,,,,,,,,,,,,,,,,,,,,,,,,,,,,,,,,,,,,,,,,,,,,,,,,,,
43,12,12,15,S31,False,0,6,6,0,14,0,0,0,0,"['B141', 'B443', 'B605', 'B200', 'B600', 'B272', 'B239', 'B433', 'B629', 'B694', 'B592', 'B453', 'B253', 'B631']",7.0,S24,6.93,14,6,20,0.0,,-0.168561,-12.838091,-13.006653,True,False,18,S62,True,12,3.3484,pickup,,,,,,,,,,,,,,,,,,,,,,,,,,,,,,,,,,,,,,,,,,,,,,,,,,,,
43,12,12,29,S24,False,14,6,20,14,0,0,0,0,0,"['B141', 'B443', 'B605', 'B200', 'B600', 'B272', 'B239', 'B433', 'B629', 'B694', 'B592', 'B453', 'B253', 'B631']",7.0,S62,7.61,0,6,6,0.0,,-0.178875,-12.755517,-12.934392,False,False,12,S62,False,6,2.6697,delivery,,,,,,,,,,,,,,,,,,,,,,,,,,,,,,,,,,,,,,,,,,,,,,,,,,,,
43,12,12,43,S62,False,0,6,6,0,14,0,0,0,0,"['B645', 'B532', 'B311', 'B378', 'B332', 'B566', 'B572', 'B185', 'B326', 'B580', 'B341', 'B75', 'B211', 'B151']",7.0,S37,2.6,14,6,20,0.0,,-0.302582,-12.945608,-13.24819,False,False,12,S10,True,7,2.8221,pickup,,,,,,,,,,,,,,,,,,,,,,,,,,,,,,,,,,,,,,,,,,,,,,,,,,,,
43,12,12,53,S37,False,14,6,20,14,0,1,1,0,0,"['B383', 'B645', 'B532', 'B311', 'B378', 'B332', 'B566', 'B572', 'B185', 'B326', 'B580', 'B341', 'B75', 'B211', 'B151']",10.5,S60,2.84,0,7,7,0.0,,-0.287765,-12.901357,-13.189122,True,True,36,S32,True,33,6.8648,delivery+maintenance,,,,,,,,,,,,,,,,,,,,,,,,,,,,,,,,,,,,,,,,,,,,,,,,,,,,
43,12,13,6,S60,False,0,7,7,0,13,0,0,0,0,"['B439', 'B180', 'B188', 'B241', 'B482', 'B431', 'B107', 'B455', 'B369', 'B291', 'B655', 'B173', 'B415']",6.5,S32,6.97,13,7,20,0.0,,-0.243313,-12.782398,-13.025711,False,False,12,S54,True,6,2.1357,pickup,,,,,,,,,,,,,,,,,,,,,,,,,,,,,,,,,,,,,,,,,,,,,,,,,,,,
43,12,13,20,S32,False,13,7,20,13,0,0,1,0,0,"['B504', 'B439', 'B180', 'B188', 'B241', 'B482', 'B431', 'B107', 'B455', 'B369', 'B291', 'B655', 'B173', 'B415']",7.0,S51,4.37,0,8,8,0.0,,-0.203818,-12.779767,-12.983586,True,True,18,S54,True,13,3.6136,delivery+depot_removal,,,,,,,,,,,,,,,,,,,,,,,,,,,,,,,,,,,,,,,,,,,,,,,,,,,,
43,12,13,31,S51,False,0,8,8,0,12,0,0,0,0,"['B353', 'B421', 'B752', 'B667', 'B630', 'B577', 'B196', 'B229', 'B3', 'B707', 'B316', 'B737']",6.0,S39,7.16,12,8,20,0.0,,-0.168561,-12.594988,-12.763549,False,False,12,S54,True,10,2.2769,pickup,,,,,,,,,,,,,,,,,,,,,,,,,,,,,,,,,,,,,,,,,,,,,,,,,,,,
43,12,13,44,S39,False,12,8,20,12,0,0,0,0,0,"['B353', 'B421', 'B752', 'B667', 'B630', 'B577', 'B196', 'B229', 'B3', 'B707', 'B316', 'B737']",6.0,S54,8.41,0,8,8,0.0,,-0.228749,-12.660834,-12.889582,False,False,12,S23,True,7,2.3903,delivery,,,,,,,,,,,,,,,,,,,,,,,,,,,,,,,,,,,,,,,,,,,,,,,,,,,,
43,12,13,59,S54,False,0,8,8,0,12,0,0,0,0,"['B683', 'B349', 'B405', 'B169', 'B11', 'B216', 'B93', 'B260', 'B176', 'B249', 'B117', 'B712']",6.0,S41,6.96,12,8,20,0.0,,-0.129128,-12.703084,-12.832212,False,False,12,S41,False,6,2.4573,pickup,,,,,,,,,,,,,,,,,,,,,,,,,,,,,,,,,,,,,,,,,,,,,,,,,,,,
43,12,14,12,S41,False,12,8,20,12,0,0,0,0,0,"['B683', 'B349', 'B405', 'B169', 'B11', 'B216', 'B93', 'B260', 'B176', 'B249', 'B117', 'B712']",6.0,S59,2.97,0,8,8,0.0,,-0.119041,-12.855406,-12.974447,False,False,18,S37,True,13,3.4584,delivery,,,,,,,,,,,,,,,,,,,,,,,,,,,,,,,,,,,,,,,,,,,,,,,,,,,,
43,12,14,21,S59,False,0,8,8,0,11,0,0,0,0,"['B609', 'B462', 'B589', 'B85', 'B520', 'B420', 'B294', 'B33', 'B422', 'B277', 'B454']",5.5,S53,4.5,11,8,19,0.0,,-0.123921,-12.851547,-12.975468,False,False,18,S31,True,15,3.6036,pickup,,,,,,,,,,,,,,,,,,,,,,,,,,,,,,,,,,,,,,,,,,,,,,,,,,,,
43,12,14,31,S53,False,11,8,19,11,0,0,0,0,0,"['B609', 'B462', 'B589', 'B85', 'B520', 'B420', 'B294', 'B33', 'B422', 'B277', 'B454']",5.5,S35,5.18,0,8,8,0.0,,-0.134034,-12.799976,-12.934009,False,False,12,S35,False,7,2.3159,delivery,,,,,,,,,,,,,,,,,,,,,,,,,,,,,,,,,,,,,,,,,,,,,,,,,,,,
43,12,14,41,S35,False,0,8,8,0,12,0,0,0,0,"['B105', 'B116', 'B649', 'B603', 'B534', 'B691', 'B114', 'B493', 'B652', 'B430', 'B521', 'B481']",6.0,S22,12.12,12,8,20,0.0,,-0.099406,-12.803993,-12.903399,False,False,12,S50,True,8,2.5558,pickup,,,,,,,,,,,,,,,,,,,,,,,,,,,,,,,,,,,,,,,,,,,,,,,,,,,,
43,12,14,59,S22,False,12,8,20,12,0,0,0,0,0,"['B105', 'B116', 'B649', 'B603', 'B534', 'B691', 'B114', 'B493', 'B652', 'B430', 'B521', 'B481']",6.0,S31,4.51,0,8,8,0.0,,-0.074488,-12.726708,-12.801196,False,False,12,S31,False,6,3.4635,delivery,,,,,,,,,,,,,,,,,,,,,,,,,,,,,,,,,,,,,,,,,,,,,,,,,,,,
43,12,15,10,S31,False,0,8,8,0,12,0,0,0,0,"['B636', 'B759', 'B507', 'B372', 'B267', 'B553', 'B483', 'B452', 'B547', 'B486', 'B38', 'B325']",6.0,S45,4.28,12,8,20,0.0,,-0.04981,-12.569776,-12.619587,True,False,18,S66,True,13,3.3347,pickup,,,,,,,,,,,,,,,,,,,,,,,,,,,,,,,,,,,,,,,,,,,,,,,,,,,,
43,12,15,20,S45,False,12,8,20,10,0,0,0,0,0,"['B636', 'B759', 'B507', 'B372', 'B267', 'B553', 'B483', 'B452', 'B547', 'B486']",5.0,S31,4.28,2,8,10,0.0,,-0.034691,-12.611135,-12.645826,False,False,18,S66,True,6,3.3482,delivery,,,,,,,,,,,,,,,,,,,,,,,,,,,,,,,,,,,,,,,,,,,,,,,,,,,,
43,12,15,30,S31,False,2,8,10,0,10,0,0,0,0,"['B767', 'B670', 'B616', 'B185', 'B560', 'B660', 'B75', 'B527', 'B509', 'B225']",5.0,S66,0.38,12,8,20,0.0,,-0.044527,-12.744339,-12.788866,True,False,18,S66,False,12,3.2565,pickup,,,,,,,,,,,,,,,,,,,,,,,,,,,,,,,,,,,,,,,,,,,,,,,,,,,,
43,12,15,35,S66,False,12,8,20,11,0,0,0,0,0,"['B38', 'B325', 'B767', 'B670', 'B616', 'B185', 'B560', 'B660', 'B75', 'B527', 'B509']",5.5,S60,1.23,1,8,9,0.0,,-0.024792,-12.676546,-12.701338,False,False,18,S50,True,8,3.8857,delivery,,,,,,,,,,,,,,,,,,,,,,,,,,,,,,,,,,,,,,,,,,,,,,,,,,,,
43,12,15,42,S60,False,1,8,9,0,8,0,0,0,0,"['B429', 'B532', 'B669', 'B709', 'B332', 'B364', 'B682', 'B675']",4.0,S35,9.21,9,8,17,0.0,,-0.129494,-12.62125,-12.750744,False,False,18,S35,False,8,3.3085,pickup,,,,,,,,,,,,,,,,,,,,,,,,,,,,,,,,,,,,,,,,,,,,,,,,,,,,
43,12,15,55,S35,False,9,8,17,9,0,0,0,0,0,"['B225', 'B429', 'B532', 'B669', 'B709', 'B332', 'B364', 'B682', 'B675']",4.5,S11,2.71,0,8,8,0.0,,-0.034716,-12.498406,-12.533122,False,False,12,S11,False,6,2.4511,delivery,,,,,,,,,,,,,,,,,,,,,,,,,,,,,,,,,,,,,,,,,,,,,,,,,,,,
43,12,16,2,S11,False,0,8,8,0,8,0,2,0,0,"['B234', 'B89', 'B120', 'B713', 'B374', 'B84', 'B315', 'B379', 'B179', 'B729']",5.0,S50,3.14,8,10,18,0.0,,-0.009949,-12.491406,-12.501355,True,True,54,S38,True,34,8.8527,pickup+depot_removal,,,,,,,,,,,,,,,,,,,,,,,,,,,,,,,,,,,,,,,,,,,,,,,,,,,,
43,12,16,10,S50,False,8,10,18,8,0,0,0,0,0,"['B234', 'B89', 'B120', 'B713', 'B374', 'B84', 'B315', 'B379']",4.0,S38,9.34,0,10,10,0.0,,-0.004968,-12.393857,-12.398825,False,False,12,S38,False,10,2.1533,delivery,,,,,,,,,,,,,,,,,,,,,,,,,,,,,,,,,,,,,,,,,,,,,,,,,,,,
43,12,16,24,S38,False,0,10,10,0,10,0,0,0,0,"['B302', 'B412', 'B597', 'B578', 'B333', 'B724', 'B522', 'B457', 'B7', 'B634']",5.0,S37,1.93,10,10,20,0.0,,-0.034678,-12.557387,-12.592066,False,False,18,S26,True,7,3.3084,pickup,,,,,,,,,,,,,,,,,,,,,,,,,,,,,,,,,,,,,,,,,,,,,,,,,,,,
43,12,16,30,S37,False,10,10,20,10,0,0,1,0,0,"['B406', 'B302', 'B412', 'B597', 'B578', 'B333', 'B724', 'B522', 'B457', 'B7', 'B634']",5.5,S46,2.79,0,11,11,0.0,,-0.009899,-12.283329,-12.293228,True,True,18,S58,True,16,3.3449,delivery+depot_removal,,,,,,,,,,,,,,,,,,,,,,,,,,,,,,,,,,,,,,,,,,,,,,,,,,,,
43,12,16,39,S46,False,0,11,11,0,9,0,0,0,0,"['B399', 'B438', 'B574', 'B57', 'B289', 'B717', 'B518', 'B414', 'B336']",4.5,S26,8.08,9,11,20,0.0,,-0.089243,-12.370974,-12.460216,False,False,12,S48,True,6,2.0216,pickup,,,,,,,,,,,,,,,,,,,,,,,,,,,,,,,,,,,,,,,,,,,,,,,,,,,,
43,12,16,51,S26,False,9,11,20,9,0,0,0,0,0,"['B399', 'B438', 'B574', 'B57', 'B289', 'B717', 'B518', 'B414', 'B336']",4.5,S12,13.22,0,11,11,0.0,,-0.079243,-12.384642,-12.463885,False,False,12,S7,True,6,2.3466,delivery,,,,,,,,,,,,,,,,,,,,,,,,,,,,,,,,,,,,,,,,,,,,,,,,,,,,
43,12,17,9,S12,False,0,11,11,0,9,0,0,0,0,"['B459', 'B223', 'B53', 'B545', 'B463', 'B543', 'B754', 'B191', 'B111']",4.5,S7,15.65,9,11,20,0.0,,-0.193667,-12.48461,-12.678277,False,False,12,S48,True,10,2.788,pickup,,,,,,,,,,,,,,,,,,,,,,,,,,,,,,,,,,,,,,,,,,,,,,,,,,,,
43,12,17,29,S7,False,9,11,20,9,0,1,1,0,0,"['B275', 'B459', 'B223', 'B53', 'B545', 'B463', 'B543', 'B754', 'B191', 'B111']",8.0,S48,14.65,0,12,12,0.0,,-0.0644,-12.388722,-12.453122,True,True,36,S62,True,34,6.1345,delivery+maintenance,,,,,,,,,,,,,,,,,,,,,,,,,,,,,,,,,,,,,,,,,,,,,,,,,,,,
43,12,17,52,S48,False,0,12,12,0,7,0,0,0,0,"['B698', 'B550', 'B188', 'B618', 'B738', 'B311', 'B471']",3.5,S51,0.84,7,12,19,0.0,,-0.307614,-12.74738,-13.054994,False,False,18,S56,True,6,3.4356,pickup,,,,,,,,,,,,,,,,,,,,,,,,,,,,,,,,,,,,,,,,,,,,,,,,,,,,
43,12,17,56,S51,False,7,12,19,7,0,0,0,0,0,"['B698', 'B550', 'B188', 'B618', 'B738', 'B311', 'B471']",3.5,S56,5.88,0,12,12,0.0,,-0.25832,-12.653529,-12.911848,False,False,12,S56,False,10,2.3074,delivery,,,,,,,,,,,,,,,,,,,,,,,,,,,,,,,,,,,,,,,,,,,,,,,,,,,,
43,12,18,6,S56,False,0,12,12,0,8,0,0,0,0,"['B307', 'B667', 'B533', 'B291', 'B617', 'B145', 'B403', 'B185']",4.0,S42,3.65,8,12,20,0.0,,-0.169027,-12.727448,-12.896476,False,False,18,S29,True,9,2.7499,pickup,,,,,,,,,,,,,,,,,,,,,,,,,,,,,,,,,,,,,,,,,,,,,,,,,,,,
43,12,18,13,S42,False,8,12,20,8,0,0,0,0,0,"['B307', 'B667', 'B533', 'B291', 'B617', 'B145', 'B403', 'B185']",4.0,S62,6.87,0,12,12,0.0,,-0.099368,-12.62618,-12.725548,False,False,12,S62,False,6,1.9074,delivery,,,,,,,,,,,,,,,,,,,,,,,,,,,,,,,,,,,,,,,,,,,,,,,,,,,,
43,12,18,24,S62,False,0,12,12,0,8,0,0,0,0,"['B171', 'B604', 'B353', 'B552', 'B80', 'B599', 'B18', 'B594']",4.0,S29,3.79,8,12,20,0.0,,-0.114135,-12.535706,-12.649841,False,False,12,S46,True,6,2.0207,pickup,,,,,,,,,,,,,,,,,,,,,,,,,,,,,,,,,,,,,,,,,,,,,,,,,,,,
43,12,18,32,S29,False,8,12,20,8,0,0,0,0,0,"['B171', 'B604', 'B353', 'B552', 'B80', 'B599', 'B18', 'B594']",4.0,S46,4.73,0,12,12,0.0,,-0.014893,-12.459605,-12.474498,False,False,12,S17,True,8,1.9601,delivery,,,,,,,,,,,,,,,,,,,,,,,,,,,,,,,,,,,,,,,,,,,,,,,,,,,,
43,12,18,41,S46,False,0,12,12,0,8,0,0,0,0,"['B728', 'B0', 'B380', 'B224', 'B335', 'B396', 'B201', 'B66']",4.0,S17,10.09,8,12,20,0.0,,-0.029735,-12.498244,-12.52798,False,False,12,S43,True,9,2.0687,pickup,,,,,,,,,,,,,,,,,,,,,,,,,,,,,,,,,,,,,,,,,,,,,,,,,,,,
43,12,18,55,S17,False,8,12,20,8,0,0,0,0,0,"['B728', 'B0', 'B380', 'B224', 'B335', 'B396', 'B201', 'B66']",4.0,S18,9.27,0,12,12,0.0,,-0.009975,-12.450612,-12.460587,False,False,12,S28,True,10,1.8477,delivery,,,,,,,,,,,,,,,,,,,,,,,,,,,,,,,,,,,,,,,,,,,,,,,,,,,,
43,12,19,8,S18,False,0,12,12,0,8,0,0,0,0,"['B329', 'B91', 'B523', 'B688', 'B487', 'B731', 'B432', 'B375']",4.0,S43,3.09,8,12,20,0.0,,-0.019886,-12.477305,-12.497191,False,False,12,S44,True,6,2.2491,pickup,,,,,,,,,,,,,,,,,,,,,,,,,,,,,,,,,,,,,,,,,,,,,,,,,,,,
43,12,19,15,S43,False,8,12,20,8,0,0,1,0,0,"['B324', 'B329', 'B91', 'B523', 'B688', 'B487', 'B731', 'B432', 'B375']",4.5,S44,0.79,0,13,13,0.0,,-0.019836,-12.441024,-12.46086,True,True,18,S12,True,13,3.8305,delivery+depot_removal,,,,,,,,,,,,,,,,,,,,,,,,,,,,,,,,,,,,,,,,,,,,,,,,,,,,
43,12,19,20,S44,False,0,13,13,0,7,0,0,0,0,"['B393', 'B178', 'B489', 'B635', 'B660', 'B445', 'B668']",3.5,S10,4.83,7,13,20,0.0,,0.0,-12.376043,-12.376043,False,False,12,S53,True,9,2.4119,pickup,,,,,,,,,,,,,,,,,,,,,,,,,,,,,,,,,,,,,,,,,,,,,,,,,,,,
43,12,19,29,S10,False,7,13,20,7,0,0,0,0,0,"['B393', 'B178', 'B489', 'B635', 'B660', 'B445', 'B668']",3.5,S12,9.22,0,13,13,0.0,,-0.009975,-12.362819,-12.372794,False,False,11,S12,False,6,1.8527,delivery,,,,,,,,,,,,,,,,,,,,,,,,,,,,,,,,,,,,,,,,,,,,,,,,,,,,
43,12,19,41,S12,False,0,13,13,0,0,0,0,0,0,[],0.0,S9,1.46,0,13,13,0.0,,-0.01488,-12.632172,-12.647052,False,False,3,D0,True,0,0.6993,do_nothing,,,,,,,,,,,,,,,,,,,,,,,,,,,,,,,,,,,,,,,,,,,,,,,,,,,,
43,12,19,43,S9,False,0,13,13,0,0,0,0,0,0,[],0.0,S12,1.46,0,13,13,0.0,,-0.004994,-12.646596,-12.651589,True,False,6,D0,True,0,1.0624,do_nothing,,,,,,,,,,,,,,,,,,,,,,,,,,,,,,,,,,,,,,,,,,,,,,,,,,,,
43,12,19,44,S12,False,0,13,13,0,7,0,0,0,0,"['B48', 'B30', 'B87', 'B587', 'B240', 'B312', 'B160']",3.5,D0,5.12,7,13,20,0.0,,-0.029798,-12.883753,-12.913551,False,False,2,D0,False,1,0.3698,pickup,,,,,,,,,,,,,,,,,,,,,,,,,,,,,,,,,,,,,,,,,,,,,,,,,,,,
43,12,19,53,D0,True,7,13,20,0,0,0,0,13,13,"['B245', 'B4', 'B679', 'B758', 'B295', 'B386', 'B347', 'B344', 'B39', 'B359', 'B214', 'B106', 'B657', 'B416', 'B59', 'B664', 'B685', 'B583', 'B1', 'B383', 'B504', 'B179', 'B729', 'B406', 'B275', 'B324']",13.0,D0,0.0,20,0,20,0.0,,-0.009874,-12.64278,-12.652654,True,True,1,D0,False,0,0.1928,do_nothing,,,,,,,,,,,,,,,,,,,,,,,,,,,,,,,,,,,,,,,,,,,,,,,,,,,,
43,13,6,6,D0,True,20,0,20,0,0,0,0,0,0,[],0.0,S23,4.45,20,0,20,0.0,,0.0,-13.801138,-13.801138,True,True,5,S23,False,4,1.3787,depot_passthrough,,,,,,,,,,,,,,,,,,,,,,,,,,,,,,,,,,,,,,,,,,,,,,,,,,,,
43,13,6,25,S23,False,20,0,20,10,0,0,0,0,0,"['B48', 'B30', 'B87', 'B587', 'B240', 'B312', 'B160', 'B245', 'B4', 'B679']",5.0,S16,8.72,10,0,10,0.0,,0.0,-13.784394,-13.784394,False,False,18,S16,False,9,3.8342,delivery,,,,,,,,,,,,,,,,,,,,,,,,,,,,,,,,,,,,,,,,,,,,,,,,,,,,
43,13,6,39,S16,False,10,0,10,10,0,0,1,0,0,"['B222', 'B758', 'B295', 'B386', 'B347', 'B344', 'B39', 'B359', 'B214', 'B106', 'B657']",5.5,S66,4.13,0,1,1,0.0,,-0.014805,-12.968586,-12.98339,True,True,24,S66,False,21,4.6169,delivery+depot_removal,,,,,,,,,,,,,,,,,,,,,,,,,,,,,,,,,,,,,,,,,,,,,,,,,,,,
43,13,6,49,S66,False,0,1,1,0,0,0,2,0,0,"['B570', 'B553']",1.0,S34,4.36,0,3,3,0.0,,-0.039558,-12.972645,-13.012204,True,True,24,S60,True,15,4.2547,do_nothing+depot_removal,,,,,,,,,,,,,,,,,,,,,,,,,,,,,,,,,,,,,,,,,,,,,,,,,,,,
43,13,6,54,S34,False,0,3,3,0,17,0,0,0,0,"['B270', 'B651', 'B751', 'B77', 'B763', 'B561', 'B666', 'B273', 'B156', 'B656', 'B154', 'B71', 'B510', 'B137', 'B722', 'B109', 'B689']",8.5,S61,4.15,17,3,20,0.0,,-0.039609,-12.85248,-12.892088,False,False,12,S60,True,6,2.6035,pickup,,,,,,,,,,,,,,,,,,,,,,,,,,,,,,,,,,,,,,,,,,,,,,,,,,,,
43,13,7,7,S61,False,17,3,20,3,0,1,0,0,0,"['B270', 'B651', 'B751']",4.5,S19,7.72,14,3,17,0.0,,-0.029798,-12.862195,-12.891993,True,True,36,S33,True,19,7.6105,delivery+onsite,,,,,,,,,,,,,,,,,,,,,,,,,,,,,,,,,,,,,,,,,,,,,,,,,,,,
43,13,7,19,S19,False,14,3,17,5,0,1,0,0,0,"['B77', 'B763', 'B561', 'B666', 'B273']",5.5,S9,2.51,9,3,12,0.0,,-0.024855,-12.863574,-12.888429,True,True,36,S33,True,18,6.5294,delivery+onsite,,,,,,,,,,,,,,,,,,,,,,,,,,,,,,,,,,,,,,,,,,,,,,,,,,,,
43,13,7,27,S9,False,9,3,12,0,8,0,0,0,0,"['B686', 'B677', 'B591', 'B381', 'B117', 'B211', 'B309', 'B578']",4.0,S33,8.41,17,3,20,0.0,,-0.024779,-12.833004,-12.857783,True,False,18,S54,True,12,3.2613,pickup,,,,,,,,,,,,,,,,,,,,,,,,,,,,,,,,,,,,,,,,,,,,,,,,,,,,
43,13,7,39,S33,False,17,3,20,13,0,0,0,0,0,"['B156', 'B656', 'B154', 'B71', 'B510', 'B137', 'B722', 'B109', 'B689', 'B686', 'B677', 'B591', 'B381']",6.5,S27,3.37,4,3,7,0.0,,-0.014905,-12.798492,-12.813397,False,False,18,S52,True,13,3.0269,delivery,,,,,,,,,,,,,,,,,,,,,,,,,,,,,,,,,,,,,,,,,,,,,,,,,,,,
43,13,7,49,S27,False,4,3,7,0,13,0,0,0,0,"['B306', 'B475', 'B544', 'B402', 'B360', 'B195', 'B638', 'B548', 'B596', 'B700', 'B10', 'B113', 'B19']",6.5,S54,4.59,17,3,20,0.0,,-0.009949,-12.74835,-12.7583,False,False,12,S54,False,8,2.2645,pickup,,,,,,,,,,,,,,,,,,,,,,,,,,,,,,,,,,,,,,,,,,,,,,,,,,,,
43,13,8,0,S54,False,17,3,20,9,0,0,0,0,0,"['B117', 'B211', 'B309', 'B578', 'B306', 'B475', 'B544', 'B402', 'B360']",4.5,S42,4.21,8,3,11,0.0,,-0.004968,-12.724784,-12.729752,False,False,18,S53,True,10,3.6755,delivery,,,,,,,,,,,,,,,,,,,,,,,,,,,,,,,,,,,,,,,,,,,,,,,,,,,,
43,13,8,9,S42,False,8,3,11,0,9,0,0,0,0,"['B145', 'B403', 'B185', 'B193', 'B678', 'B702', 'B305', 'B408', 'B99']",4.5,S56,3.65,17,3,20,0.0,,-0.014981,-12.72376,-12.738741,True,False,18,S56,False,16,3.2963,pickup,,,,,,,,,,,,,,,,,,,,,,,,,,,,,,,,,,,,,,,,,,,,,,,,,,,,
43,13,8,17,S56,False,17,3,20,8,0,0,0,0,0,"['B195', 'B638', 'B548', 'B596', 'B700', 'B10', 'B113', 'B19']",4.0,S63,4.53,9,3,12,0.0,,-0.009924,-12.716787,-12.726712,False,False,18,S53,True,8,3.2959,delivery,,,,,,,,,,,,,,,,,,,,,,,,,,,,,,,,,,,,,,,,,,,,,,,,,,,,
43,13,8,26,S63,False,9,3,12,0,8,1,0,0,0,"['B496', 'B235', 'B29', 'B232', 'B165', 'B283', 'B565', 'B284']",7.0,S9,6.89,17,3,20,0.0,,-0.019874,-12.709304,-12.729177,True,True,24,S47,True,19,4.6378,pickup+onsite,,,,,,,,,,,,,,,,,,,,,,,,,,,,,,,,,,,,,,,,,,,,,,,,,,,,
43,13,8,40,S9,False,17,3,20,6,0,0,1,0,0,"['B671', 'B145', 'B403', 'B185', 'B193', 'B678', 'B702']",3.5,S23,14.86,11,4,15,0.0,,-0.009937,-12.523025,-12.532962,True,True,30,S53,True,26,5.2413,delivery+depot_removal,,,,,,,,,,,,,,,,,,,,,,,,,,,,,,,,,,,,,,,,,,,,,,,,,,,,
43,13,8,58,S23,False,11,4,15,0,5,0,0,0,0,"['B715', 'B404', 'B48', 'B30', 'B87']",2.5,S47,2.37,16,4,20,0.0,,-0.02488,-12.473705,-12.498585,False,False,12,S47,False,6,2.3994,pickup,,,,,,,,,,,,,,,,,,,,,,,,,,,,,,,,,,,,,,,,,,,,,,,,,,,,
43,13,9,3,S47,False,16,4,20,11,0,0,0,0,0,"['B305', 'B408', 'B99', 'B496', 'B235', 'B29', 'B232', 'B165', 'B283', 'B565', 'B284']",5.5,S5,6.63,5,4,9,0.0,,-0.034729,-12.478178,-12.512906,False,False,18,S34,True,10,3.0407,delivery,,,,,,,,,,,,,,,,,,,,,,,,,,,,,,,,,,,,,,,,,,,,,,,,,,,,
43,13,9,15,S5,False,5,4,9,0,11,0,0,0,0,"['B226', 'B468', 'B516', 'B83', 'B390', 'B356', 'B203', 'B16', 'B242', 'B575', 'B407']",5.5,S34,11.93,16,4,20,0.0,,-0.04464,-12.505885,-12.550526,False,False,12,S28,True,7,2.13,pickup,,,,,,,,,,,,,,,,,,,,,,,,,,,,,,,,,,,,,,,,,,,,,,,,,,,,
43,13,9,32,S34,False,16,4,20,0,0,0,0,0,0,[],0.0,S61,4.15,16,4,20,0.0,,-0.034716,-12.653557,-12.688273,False,False,18,S7,True,2,3.3381,do_nothing,,,,,,,,,,,,,,,,,,,,,,,,,,,,,,,,,,,,,,,,,,,,,,,,,,,,
43,13,9,37,S61,False,16,4,20,10,0,0,0,0,0,"['B715', 'B404', 'B48', 'B30', 'B87', 'B226', 'B468', 'B516', 'B83', 'B390']",5.0,S60,1.62,6,4,10,0.0,,-0.034716,-12.634002,-12.668718,False,False,18,S7,True,16,3.0429,delivery,,,,,,,,,,,,,,,,,,,,,,,,,,,,,,,,,,,,,,,,,,,,,,,,,,,,
43,13,9,43,S60,False,6,4,10,0,10,0,0,0,0,"['B566', 'B244', 'B377', 'B251', 'B162', 'B349', 'B710', 'B41', 'B513', 'B93']",5.0,S30,1.77,16,4,20,0.0,,-0.064552,-12.663888,-12.72844,False,False,12,S30,False,6,2.2558,pickup,,,,,,,,,,,,,,,,,,,,,,,,,,,,,,,,,,,,,,,,,,,,,,,,,,,,
43,13,9,50,S30,False,16,4,20,11,0,0,0,0,0,"['B356', 'B203', 'B16', 'B242', 'B575', 'B407', 'B566', 'B244', 'B377', 'B251', 'B162']",5.5,S7,4.79,5,4,9,0.0,,-0.074476,-12.618858,-12.693333,False,False,18,S7,False,6,3.6498,delivery,,,,,,,,,,,,,,,,,,,,,,,,,,,,,,,,,,,,,,,,,,,,,,,,,,,,
43,13,10,0,S7,False,5,4,9,5,0,0,0,0,0,"['B349', 'B710', 'B41', 'B513', 'B93']",2.5,S51,13.88,0,4,4,0.0,,-0.05947,-12.632683,-12.692153,False,False,12,S22,True,7,2.1688,delivery,,,,,,,,,,,,,,,,,,,,,,,,,,,,,,,,,,,,,,,,,,,,,,,,,,,,
43,13,10,17,S51,False,0,4,4,0,11,0,0,0,0,"['B38', 'B355', 'B263', 'B500', 'B69', 'B61', 'B159', 'B98', 'B252', 'B638', 'B54']",5.5,S45,4.13,11,4,15,0.0,,-0.069419,-12.764004,-12.833423,False,False,18,S12,True,14,3.2052,pickup,,,,,,,,,,,,,,,,,,,,,,,,,,,,,,,,,,,,,,,,,,,,,,,,,,,,
43,13,10,26,S45,False,11,4,15,0,5,0,0,0,0,"['B467', 'B191', 'B111', 'B325', 'B363']",2.5,S41,5.49,16,4,20,0.0,,-0.079293,-12.84753,-12.926823,False,False,12,S41,False,7,2.1948,pickup,,,,,,,,,,,,,,,,,,,,,,,,,,,,,,,,,,,,,,,,,,,,,,,,,,,,
43,13,10,34,S41,False,16,4,20,15,0,0,0,0,0,"['B38', 'B355', 'B263', 'B500', 'B69', 'B61', 'B159', 'B98', 'B252', 'B638', 'B54', 'B467', 'B191', 'B111', 'B325']",7.5,S16,5.02,1,4,5,0.0,,-0.074438,-12.610091,-12.684529,False,False,18,S57,True,13,3.5974,delivery,,,,,,,,,,,,,,,,,,,,,,,,,,,,,,,,,,,,,,,,,,,,,,,,,,,,
43,13,10,47,S16,False,1,4,5,0,8,0,0,0,0,"['B347', 'B344', 'B39', 'B359', 'B214', 'B106', 'B657', 'B655']",4.0,S53,1.73,9,4,13,0.0,,-0.054565,-12.777938,-12.832502,False,False,18,S12,True,6,3.2297,pickup,,,,,,,,,,,,,,,,,,,,,,,,,,,,,,,,,,,,,,,,,,,,,,,,,,,,
43,13,10,53,S53,False,9,4,13,9,0,0,0,0,0,"['B363', 'B347', 'B344', 'B39', 'B359', 'B214', 'B106', 'B657', 'B655']",4.5,S19,4.85,0,4,4,0.0,,-0.044615,-12.68764,-12.732255,False,False,12,S19,False,6,2.1293,delivery,,,,,,,,,,,,,,,,,,,,,,,,,,,,,,,,,,,,,,,,,,,,,,,,,,,,
43,13,11,2,S19,False,0,4,4,0,4,0,0,0,0,"['B763', 'B561', 'B666', 'B273']",2.0,S39,8.33,4,4,8,0.0,,-0.069482,-12.664058,-12.73354,False,False,18,S23,True,14,3.0252,pickup,,,,,,,,,,,,,,,,,,,,,,,,,,,,,,,,,,,,,,,,,,,,,,,,,,,,
43,13,11,12,S39,False,4,4,8,0,12,0,0,0,0,"['B737', 'B328', 'B152', 'B220', 'B421', 'B625', 'B343', 'B556', 'B650', 'B459', 'B501', 'B621']",6.0,S34,8.13,16,4,20,0.0,,-0.089331,-12.751935,-12.841266,False,False,12,S34,False,9,2.4275,pickup,,,,,,,,,,,,,,,,,,,,,,,,,,,,,,,,,,,,,,,,,,,,,,,,,,,,
43,13,11,26,S34,False,16,4,20,12,0,0,0,0,0,"['B763', 'B561', 'B666', 'B273', 'B737', 'B328', 'B152', 'B220', 'B421', 'B625', 'B343', 'B556']",6.0,S23,9.01,4,4,8,0.0,,-0.089318,-12.791347,-12.880665,False,False,18,S62,True,10,3.0817,delivery,,,,,,,,,,,,,,,,,,,,,,,,,,,,,,,,,,,,,,,,,,,,,,,,,,,,
43,13,11,41,S23,False,4,4,8,0,10,0,0,0,0,"['B312', 'B160', 'B245', 'B4', 'B679', 'B331', 'B541', 'B230', 'B79', 'B367']",5.0,S27,6.33,14,4,18,0.0,,-0.07933,-12.97727,-13.056601,False,False,18,S28,True,12,3.7174,pickup,,,,,,,,,,,,,,,,,,,,,,,,,,,,,,,,,,,,,,,,,,,,,,,,,,,,
43,13,11,53,S27,False,14,4,18,14,0,0,0,0,0,"['B650', 'B459', 'B501', 'B621', 'B312', 'B160', 'B245', 'B4', 'B679', 'B331', 'B541', 'B230', 'B79', 'B367']",7.0,S66,1.91,0,4,4,0.0,,-0.089432,-12.902369,-12.991801,False,False,12,S66,False,6,2.348,delivery,,,,,,,,,,,,,,,,,,,,,,,,,,,,,,,,,,,,,,,,,,,,,,,,,,,,
43,13,12,2,S66,False,0,4,4,0,13,0,0,0,0,"['B712', 'B431', 'B341', 'B515', 'B287', 'B31', 'B482', 'B267', 'B234', 'B384', 'B572', 'B744', 'B278']",6.5,S43,4.56,13,4,17,0.0,,-0.153971,-12.968372,-13.122342,False,False,18,S31,True,13,3.9854,pickup,,,,,,,,,,,,,,,,,,,,,,,,,,,,,,,,,,,,,,,,,,,,,,,,,,,,
43,13,12,13,S43,False,13,4,17,13,0,0,0,0,0,"['B712', 'B431', 'B341', 'B515', 'B287', 'B31', 'B482', 'B267', 'B234', 'B384', 'B572', 'B744', 'B278']",6.5,S0,10.54,0,4,4,0.0,,-0.099154,-12.932947,-13.032102,False,False,12,S16,True,8,2.4459,delivery,,,,,,,,,,,,,,,,,,,,,,,,,,,,,,,,,,,,,,,,,,,,,,,,,,,,
43,13,12,30,S0,False,0,4,4,0,16,0,0,0,0,"['B65', 'B320', 'B358', 'B134', 'B35', 'B426', 'B327', 'B326', 'B352', 'B74', 'B310', 'B454', 'B595', 'B523', 'B194', 'B487']",8.0,S50,4.54,16,4,20,0.0,,-0.233389,-13.189311,-13.4227,False,False,12,S65,True,10,2.1723,pickup,,,,,,,,,,,,,,,,,,,,,,,,,,,,,,,,,,,,,,,,,,,,,,,,,,,,
43,13,12,42,S50,False,16,4,20,15,0,0,0,0,0,"['B65', 'B320', 'B358', 'B134', 'B35', 'B426', 'B327', 'B326', 'B352', 'B74', 'B310', 'B454', 'B595', 'B523', 'B194']",7.5,S65,9.57,1,4,5,0.0,,-0.332581,-13.102948,-13.435529,False,False,18,S28,True,15,3.5452,delivery,,,,,,,,,,,,,,,,,,,,,,,,,,,,,,,,,,,,,,,,,,,,,,,,,,,,
43,13,12,59,S65,False,1,4,5,0,15,0,0,0,0,"['B292', 'B603', 'B20', 'B466', 'B766', 'B294', 'B698', 'B186', 'B437', 'B269', 'B339', 'B520', 'B479', 'B23', 'B318']",7.5,S39,5.08,16,4,20,0.0,,-0.288031,-13.091801,-13.379832,False,False,18,S18,True,6,4.1465,pickup,,,,,,,,,,,,,,,,,,,,,,,,,,,,,,,,,,,,,,,,,,,,,,,,,,,,
43,13,13,12,S39,False,16,4,20,16,0,0,0,0,0,"['B487', 'B292', 'B603', 'B20', 'B466', 'B766', 'B294', 'B698', 'B186', 'B437', 'B269', 'B339', 'B520', 'B479', 'B23', 'B318']",8.0,S22,5.77,0,4,4,0.0,,-0.148888,-12.984854,-13.133743,False,False,12,S22,False,6,2.4593,delivery,,,,,,,,,,,,,,,,,,,,,,,,,,,,,,,,,,,,,,,,,,,,,,,,,,,,
43,13,13,26,S22,False,0,4,4,0,16,0,0,0,0,"['B721', 'B524', 'B215', 'B2', 'B767', 'B690', 'B256', 'B217', 'B397', 'B388', 'B654', 'B517', 'B90', 'B706', 'B582', 'B751']",8.0,S15,6.37,16,4,20,0.0,,-0.28291,-13.155686,-13.438597,False,False,18,S15,True,6,3.5837,pickup,,,,,,,,,,,,,,,,,,,,,,,,,,,,,,,,,,,,,,,,,,,,,,,,,,,,
43,13,13,40,S15,False,16,4,20,16,0,0,0,0,0,"['B721', 'B524', 'B215', 'B2', 'B767', 'B690', 'B256', 'B217', 'B397', 'B388', 'B654', 'B517', 'B90', 'B706', 'B582', 'B751']",8.0,S32,5.59,0,4,4,0.0,,-0.12382,-13.077003,-13.200823,False,False,18,S29,True,10,3.4452,delivery,,,,,,,,,,,,,,,,,,,,,,,,,,,,,,,,,,,,,,,,,,,,,,,,,,,,
43,13,13,54,S32,False,0,4,4,0,13,0,0,0,0,"['B646', 'B371', 'B63', 'B680', 'B47', 'B120', 'B107', 'B22', 'B637', 'B130', 'B84', 'B379', 'B49']",6.5,S29,3.29,13,4,17,0.0,,-0.282658,-13.053512,-13.336171,False,False,18,S12,True,12,3.5361,pickup,,,,,,,,,,,,,,,,,,,,,,,,,,,,,,,,,,,,,,,,,,,,,,,,,,,,
43,13,14,3,S29,False,13,4,17,13,0,0,0,0,0,"['B646', 'B371', 'B63', 'B680', 'B47', 'B120', 'B107', 'B22', 'B637', 'B130', 'B84', 'B379', 'B49']",6.5,S35,1.95,0,4,4,0.0,,-0.188687,-13.071469,-13.260156,False,False,12,S40,True,6,2.3166,delivery,,,,,,,,,,,,,,,,,,,,,,,,,,,,,,,,,,,,,,,,,,,,,,,,,,,,
43,13,14,12,S35,False,0,4,4,0,12,0,0,0,0,"['B662', 'B400', 'B641', 'B464', 'B167', 'B611', 'B554', 'B692', 'B412', 'B447', 'B661', 'B271']",6.0,S8,7.6,12,4,16,0.0,,-0.282721,-12.973544,-13.256265,False,False,18,S40,True,13,3.6787,pickup,,,,,,,,,,,,,,,,,,,,,,,,,,,,,,,,,,,,,,,,,,,,,,,,,,,,
43,13,14,25,S8,False,12,4,16,12,0,1,0,0,0,"['B662', 'B400', 'B641', 'B464', 'B167', 'B611', 'B554', 'B692', 'B412', 'B447', 'B661', 'B271']",9.0,S12,15.98,0,4,4,0.0,,-0.099192,-12.851834,-12.951026,True,True,24,S12,False,22,4.0261,delivery+onsite,,,,,,,,,,,,,,,,,,,,,,,,,,,,,,,,,,,,,,,,,,,,,,,,,,,,
43,13,14,50,S12,False,0,4,4,0,12,0,0,0,0,"['B76', 'B346', 'B540', 'B764', 'B559', 'B578', 'B724', 'B704', 'B441', 'B430', 'B40', 'B264']",6.0,S14,12.68,12,4,16,0.0,,-0.223302,-12.828142,-13.051443,False,False,18,S40,True,16,3.7185,pickup,,,,,,,,,,,,,,,,,,,,,,,,,,,,,,,,,,,,,,,,,,,,,,,,,,,,
43,13,15,9,S14,False,12,4,16,5,0,0,0,0,0,"['B76', 'B346', 'B540', 'B764', 'B559']",2.5,S40,6.04,7,4,11,0.0,,-0.16363,-12.876375,-13.040005,False,False,18,S0,True,9,2.9228,delivery,,,,,,,,,,,,,,,,,,,,,,,,,,,,,,,,,,,,,,,,,,,,,,,,,,,,
43,13,15,18,S40,False,7,4,11,0,9,0,0,0,0,"['B139', 'B604', 'B58', 'B15', 'B246', 'B609', 'B390', 'B226', 'B353']",4.5,S51,6.14,16,4,20,0.0,,-0.209001,-12.941859,-13.15086,False,False,12,S51,False,8,2.1323,pickup,,,,,,,,,,,,,,,,,,,,,,,,,,,,,,,,,,,,,,,,,,,,,,,,,,,,
43,13,15,28,S51,False,16,4,20,14,0,0,0,0,0,"['B578', 'B724', 'B704', 'B441', 'B430', 'B40', 'B264', 'B139', 'B604', 'B58', 'B15', 'B246', 'B609', 'B390']",7.0,S42,9.5,2,4,6,0.0,,-0.223301,-12.953974,-13.177275,False,False,18,S0,True,16,3.6246,delivery,,,,,,,,,,,,,,,,,,,,,,,,,,,,,,,,,,,,,,,,,,,,,,,,,,,,
43,13,15,45,S42,False,2,4,6,0,11,0,1,0,0,"['B467', 'B673', 'B534', 'B674', 'B203', 'B526', 'B158', 'B332', 'B147', 'B643', 'B720', 'B338']",6.0,S0,2.26,13,5,18,0.0,,-0.054665,-12.891404,-12.946069,True,True,36,S48,True,30,6.8086,pickup+depot_removal,,,,,,,,,,,,,,,,,,,,,,,,,,,,,,,,,,,,,,,,,,,,,,,,,,,,
43,13,15,53,S0,False,13,5,18,13,0,0,0,0,0,"['B226', 'B353', 'B467', 'B673', 'B534', 'B674', 'B203', 'B526', 'B158', 'B332', 'B147', 'B643', 'B720']",6.5,S55,6.32,0,5,5,0.0,,-0.178699,-12.836717,-13.015417,False,False,12,S55,False,10,2.4732,delivery,,,,,,,,,,,,,,,,,,,,,,,,,,,,,,,,,,,,,,,,,,,,,,,,,,,,
43,13,16,6,S55,False,0,5,5,0,15,0,0,0,0,"['B594', 'B431', 'B341', 'B618', 'B648', 'B162', 'B229', 'B311', 'B151', 'B37', 'B236', 'B234', 'B126', 'B576', 'B572']",7.5,S41,7.46,15,5,20,0.0,,-0.248333,-12.873737,-13.12207,False,False,18,S57,True,8,3.307,pickup,,,,,,,,,,,,,,,,,,,,,,,,,,,,,,,,,,,,,,,,,,,,,,,,,,,,
43,13,16,21,S41,False,15,5,20,15,0,0,0,0,0,"['B594', 'B431', 'B341', 'B618', 'B648', 'B162', 'B229', 'B311', 'B151', 'B37', 'B236', 'B234', 'B126', 'B576', 'B572']",7.5,S2,3.24,0,5,5,0.0,,-0.183579,-12.780642,-12.964221,False,False,12,S2,False,6,2.552,delivery,,,,,,,,,,,,,,,,,,,,,,,,,,,,,,,,,,,,,,,,,,,,,,,,,,,,
43,13,16,32,S2,False,0,5,5,0,15,0,0,0,0,"['B537', 'B123', 'B94', 'B52', 'B476', 'B460', 'B477', 'B725', 'B281', 'B761', 'B216', 'B73', 'B409', 'B9', 'B247']",7.5,S26,6.19,15,5,20,0.0,,-0.099393,-12.698529,-12.797922,False,False,12,S37,True,6,2.4099,pickup,,,,,,,,,,,,,,,,,,,,,,,,,,,,,,,,,,,,,,,,,,,,,,,,,,,,
43,13,16,45,S26,False,15,5,20,15,0,0,0,0,0,"['B537', 'B123', 'B94', 'B52', 'B476', 'B460', 'B477', 'B725', 'B281', 'B761', 'B216', 'B73', 'B409', 'B9', 'B247']",7.5,S37,7.79,0,5,5,0.0,,-0.119305,-12.633934,-12.753239,False,False,12,S37,False,6,2.2383,delivery,,,,,,,,,,,,,,,,,,,,,,,,,,,,,,,,,,,,,,,,,,,,,,,,,,,,
43,13,17,1,S37,False,0,5,5,0,15,0,0,0,0,"['B569', 'B439', 'B574', 'B14', 'B684', 'B154', 'B737', 'B149', 'B506', 'B313', 'B602', 'B187', 'B51', 'B732', 'B575']",7.5,S28,11.98,15,5,20,0.0,,-0.094223,-12.555279,-12.649503,False,False,12,S20,True,8,2.6112,pickup,,,,,,,,,,,,,,,,,,,,,,,,,,,,,,,,,,,,,,,,,,,,,,,,,,,,
43,13,17,20,S28,False,15,5,20,15,0,0,2,0,0,"['B731', 'B644', 'B569', 'B439', 'B574', 'B14', 'B684', 'B154', 'B737', 'B149', 'B506', 'B313', 'B602', 'B187', 'B51', 'B732', 'B575']",8.5,S20,1.74,0,7,7,0.0,,-0.074312,-12.49695,-12.571262,True,True,42,S38,True,36,7.3853,delivery+depot_removal,,,,,,,,,,,,,,,,,,,,,,,,,,,,,,,,,,,,,,,,,,,,,,,,,,,,
43,13,17,30,S20,False,0,7,7,0,13,0,0,0,0,"['B181', 'B262', 'B723', 'B640', 'B423', 'B255', 'B334', 'B511', 'B67', 'B25', 'B645', 'B24', 'B45']",6.5,S55,12.9,13,7,20,0.0,,-0.104198,-12.477115,-12.581313,False,False,12,S38,True,8,2.257,pickup,,,,,,,,,,,,,,,,,,,,,,,,,,,,,,,,,,,,,,,,,,,,,,,,,,,,
43,13,17,50,S55,False,13,7,20,13,0,0,0,0,0,"['B181', 'B262', 'B723', 'B640', 'B423', 'B255', 'B334', 'B511', 'B67', 'B25', 'B645', 'B24', 'B45']",6.5,S10,2.1,0,7,7,0.0,,-0.124336,-12.412087,-12.536423,False,False,18,S38,True,15,3.8,delivery,,,,,,,,,,,,,,,,,,,,,,,,,,,,,,,,,,,,,,,,,,,,,,,,,,,,
43,13,17,58,S10,False,0,7,7,0,8,0,0,0,0,"['B668', 'B549', 'B270', 'B589', 'B715', 'B568', 'B455', 'B163']",4.0,S38,7.56,8,7,15,0.0,,-0.039735,-12.327642,-12.367377,False,False,18,S17,True,7,3.4608,pickup,,,,,,,,,,,,,,,,,,,,,,,,,,,,,,,,,,,,,,,,,,,,,,,,,,,,
43,13,18,10,S38,False,8,7,15,8,0,0,0,0,0,"['B668', 'B549', 'B270', 'B589', 'B715', 'B568', 'B455', 'B163']",4.0,S0,13.23,0,7,7,0.0,,-0.004943,-12.299703,-12.304646,False,False,12,S4,True,8,2.194,delivery,,,,,,,,,,,,,,,,,,,,,,,,,,,,,,,,,,,,,,,,,,,,,,,,,,,,
43,13,18,27,S0,False,0,7,7,0,13,0,0,0,0,"['B226', 'B353', 'B467', 'B673', 'B534', 'B674', 'B203', 'B526', 'B158', 'B332', 'B147', 'B643', 'B720']",6.5,S31,11.85,13,7,20,0.0,,0.0,-12.165805,-12.165805,False,False,12,S31,False,6,2.5718,pickup,,,,,,,,,,,,,,,,,,,,,,,,,,,,,,,,,,,,,,,,,,,,,,,,,,,,
43,13,18,45,S31,False,13,7,20,13,0,0,1,0,0,"['B478', 'B226', 'B353', 'B467', 'B673', 'B534', 'B674', 'B203', 'B526', 'B158', 'B332', 'B147', 'B643', 'B720']",7.0,S50,7.46,0,8,8,0.0,,-0.084412,-12.701823,-12.786235,True,True,18,S4,True,13,3.7603,delivery+depot_removal,,,,,,,,,,,,,,,,,,,,,,,,,,,,,,,,,,,,,,,,,,,,,,,,,,,,
43,13,19,0,S50,False,0,8,8,0,0,0,0,0,0,[],0.0,S42,2.31,0,8,8,0.0,,-0.004981,-12.646141,-12.651122,False,False,18,S42,False,0,3.2812,do_nothing,,,,,,,,,,,,,,,,,,,,,,,,,,,,,,,,,,,,,,,,,,,,,,,,,,,,
43,13,19,2,S42,False,0,8,8,0,12,0,0,0,0,"['B442', 'B89', 'B373', 'B223', 'B346', 'B120', 'B312', 'B564', 'B54', 'B33', 'B689', 'B28']",6.0,S57,1.83,12,8,20,0.0,,-0.009899,-12.569298,-12.579197,False,False,12,S57,False,6,2.2497,pickup,,,,,,,,,,,,,,,,,,,,,,,,,,,,,,,,,,,,,,,,,,,,,,,,,,,,
43,13,19,10,S57,False,12,8,20,12,0,0,0,0,0,"['B442', 'B89', 'B373', 'B223', 'B346', 'B120', 'B312', 'B564', 'B54', 'B33', 'B689', 'B28']",6.0,S49,10.46,0,8,8,0.0,,-0.004931,-12.557973,-12.562904,False,False,18,S14,True,15,3.4079,delivery,,,,,,,,,,,,,,,,,,,,,,,,,,,,,,,,,,,,,,,,,,,,,,,,,,,,
43,13,19,26,S49,False,0,8,8,0,12,1,0,0,0,"['B337', 'B755', 'B756', 'B560', 'B539', 'B176', 'B681', 'B231', 'B359', 'B27', 'B503', 'B214']",9.0,S47,2.88,12,8,20,0.0,,-0.009937,-12.602005,-12.611942,True,True,23,S47,False,18,4.1514,pickup+onsite,,,,,,,,,,,,,,,,,,,,,,,,,,,,,,,,,,,,,,,,,,,,,,,,,,,,
43,13,19,38,S47,False,12,8,20,0,0,0,0,0,0,[],0.0,S27,4.34,12,8,20,0.0,,-0.009861,-12.634465,-12.644326,False,False,6,S64,True,2,1.2609,do_nothing,,,,,,,,,,,,,,,,,,,,,,,,,,,,,,,,,,,,,,,,,,,,,,,,,,,,
43,13,19,43,S27,False,12,8,20,0,0,0,0,0,0,[],0.0,S60,3.14,12,8,20,0.0,,-0.014842,-12.647244,-12.662086,False,False,4,S60,False,0,0.7654,do_nothing,,,,,,,,,,,,,,,,,,,,,,,,,,,,,,,,,,,,,,,,,,,,,,,,,,,,
43,13,19,46,S60,False,12,8,20,0,0,0,0,0,0,[],0.0,S41,0.87,12,8,20,0.0,,-0.019785,-12.619058,-12.638843,False,False,4,D0,True,0,0.7642,do_nothing,,,,,,,,,,,,,,,,,,,,,,,,,,,,,,,,,,,,,,,,,,,,,,,,,,,,
43,13,19,47,S41,False,12,8,20,0,0,0,0,0,0,[],0.0,S60,0.87,12,8,20,0.0,,-0.009899,-12.637878,-12.647777,False,False,4,S60,False,0,0.7066,do_nothing,,,,,,,,,,,,,,,,,,,,,,,,,,,,,,,,,,,,,,,,,,,,,,,,,,,,
43,13,19,48,S60,False,12,8,20,0,0,0,0,0,0,[],0.0,D0,1.95,12,8,20,0.0,,-0.009912,-12.838026,-12.847937,False,False,2,D0,True,0,0.3709,do_nothing,,,,,,,,,,,,,,,,,,,,,,,,,,,,,,,,,,,,,,,,,,,,,,,,,,,,
43,13,19,49,D0,True,12,8,20,0,0,0,0,8,2,"['B628', 'B348', 'B222', 'B570', 'B553', 'B671', 'B338', 'B731', 'B644', 'B478']",5.0,D0,0.0,14,0,14,0.0,,-0.024741,-12.834231,-12.858973,True,True,1,D0,False,0,0.1976,do_nothing,,,,,,,,,,,,,,,,,,,,,,,,,,,,,,,,,,,,,,,,,,,,,,,,,,,,
43,14,6,9,D0,True,14,0,14,0,0,0,0,0,6,"['B416', 'B59', 'B664', 'B685', 'B583', 'B1']",3.0,S66,1.4,20,0,20,0.0,,-0.838038,-13.942635,-14.780672,True,True,5,S66,False,0,0.9742,load_queue,,,,,,,,,,,,,,,,,,,,,,,,,,,,,,,,,,,,,,,,,,,,,,,,,,,,
43,14,6,29,S66,False,20,0,20,18,0,0,0,0,0,"['B337', 'B755', 'B756', 'B560', 'B539', 'B176', 'B681', 'B231', 'B359', 'B27', 'B503', 'B214', 'B628', 'B348', 'B416', 'B59', 'B664', 'B685']",9.0,S63,4.37,2,0,2,0.0,,-0.813472,-14.105219,-14.91869,False,False,18,S26,True,7,3.8631,delivery,,,,,,,,,,,,,,,,,,,,,,,,,,,,,,,,,,,,,,,,,,,,,,,,,,,,
43,14,6,42,S63,False,2,0,2,0,16,0,0,0,0,"['B417', 'B424', 'B50', 'B563', 'B290', 'B537', 'B519', 'B765', 'B60', 'B632', 'B53', 'B116', 'B551', 'B262', 'B394', 'B735']",8.0,S41,5.29,18,0,18,0.0,,-0.774379,-13.652032,-14.426411,False,False,18,S51,True,6,3.997,pickup,,,,,,,,,,,,,,,,,,,,,,,,,,,,,,,,,,,,,,,,,,,,,,,,,,,,
43,14,6,56,S41,False,18,0,18,18,0,0,0,0,0,"['B583', 'B1', 'B417', 'B424', 'B50', 'B563', 'B290', 'B537', 'B519', 'B765', 'B60', 'B632', 'B53', 'B116', 'B551', 'B262', 'B394', 'B735']",9.0,S39,3.32,0,0,0,0.0,,-0.729956,-13.814425,-14.544381,False,False,12,S38,True,6,2.3112,delivery,,,,,,,,,,,,,,,,,,,,,,,,,,,,,,,,,,,,,,,,,,,,,,,,,,,,
43,14,7,8,S39,False,0,0,0,0,20,0,0,0,0,"['B23', 'B318', 'B42', 'B566', 'B148', 'B587', 'B567', 'B88', 'B226', 'B617', 'B353', 'B467', 'B673', 'B648', 'B543', 'B733', 'B410', 'B413', 'B730', 'B680']",10.0,S61,3.98,20,0,20,0.0,,-0.794191,-13.820039,-14.61423,False,False,12,S60,True,10,2.5766,pickup,,,,,,,,,,,,,,,,,,,,,,,,,,,,,,,,,,,,,,,,,,,,,,,,,,,,
43,14,7,22,S61,False,20,0,20,10,0,1,0,0,0,"['B23', 'B318', 'B42', 'B566', 'B148', 'B587', 'B567', 'B88', 'B226', 'B617']",8.0,S27,2.28,10,0,10,0.0,,-0.674281,-13.82384,-14.498121,True,True,36,S26,True,22,5.9484,delivery+onsite,,,,,,,,,,,,,,,,,,,,,,,,,,,,,,,,,,,,,,,,,,,,,,,,,,,,
43,14,7,32,S27,False,10,0,10,10,0,0,0,0,0,"['B353', 'B467', 'B673', 'B648', 'B543', 'B733', 'B410', 'B413', 'B730', 'B680']",5.0,S52,3.68,0,0,0,0.0,,-0.437044,-13.672257,-14.109302,False,False,12,S52,False,7,2.507,delivery,,,,,,,,,,,,,,,,,,,,,,,,,,,,,,,,,,,,,,,,,,,,,,,,,,,,
43,14,7,41,S52,False,0,0,0,0,12,1,0,0,0,"['B392', 'B663', 'B175', 'B744', 'B288', 'B92', 'B402', 'B615', 'B334', 'B481', 'B104', 'B46']",9.0,S60,3.35,12,0,12,0.0,,-0.431798,-13.500688,-13.932487,True,True,36,S38,True,30,6.5819,pickup+onsite,,,,,,,,,,,,,,,,,,,,,,,,,,,,,,,,,,,,,,,,,,,,,,,,,,,,
43,14,7,53,S60,False,12,0,12,12,0,0,0,0,0,"['B392', 'B663', 'B175', 'B744', 'B288', 'B92', 'B402', 'B615', 'B334', 'B481', 'B104', 'B46']",6.0,S35,9.21,0,0,0,0.0,,-0.42712,-13.450751,-13.877872,False,False,12,S35,False,8,2.1328,delivery,,,,,,,,,,,,,,,,,,,,,,,,,,,,,,,,,,,,,,,,,,,,,,,,,,,,
43,14,8,8,S35,False,0,0,0,0,13,1,0,0,0,"['B189', 'B48', 'B546', 'B160', 'B246', 'B71', 'B518', 'B597', 'B209', 'B550', 'B142', 'B237', 'B620']",9.5,S26,6.42,13,0,13,0.0,,-0.273339,-13.479141,-13.75248,True,True,36,S58,True,19,5.5897,pickup+onsite,,,,,,,,,,,,,,,,,,,,,,,,,,,,,,,,,,,,,,,,,,,,,,,,,,,,
43,14,8,24,S26,False,13,0,13,13,0,0,0,0,0,"['B189', 'B48', 'B546', 'B160', 'B246', 'B71', 'B518', 'B597', 'B209', 'B550', 'B142', 'B237', 'B620']",6.5,S58,8.46,0,0,0,0.0,,-0.273087,-13.442105,-13.715192,False,False,12,S45,True,7,2.3798,delivery,,,,,,,,,,,,,,,,,,,,,,,,,,,,,,,,,,,,,,,,,,,,,,,,,,,,
43,14,8,39,S58,False,0,0,0,0,19,0,0,0,0,"['B429', 'B227', 'B278', 'B238', 'B174', 'B672', 'B695', 'B431', 'B341', 'B151', 'B297', 'B82', 'B126', 'B234', 'B753', 'B108', 'B127', 'B629', 'B319']",9.5,S31,3.21,19,0,19,0.0,,-0.297425,-13.187447,-13.484872,False,False,18,S51,True,13,3.7887,pickup,,,,,,,,,,,,,,,,,,,,,,,,,,,,,,,,,,,,,,,,,,,,,,,,,,,,
43,14,8,52,S31,False,19,0,19,19,0,0,0,0,0,"['B429', 'B227', 'B278', 'B238', 'B174', 'B672', 'B695', 'B431', 'B341', 'B151', 'B297', 'B82', 'B126', 'B234', 'B753', 'B108', 'B127', 'B629', 'B319']",9.5,S38,3.31,0,0,0,0.0,,-0.233125,-13.156925,-13.39005,False,False,12,S61,True,6,2.7392,delivery,,,,,,,,,,,,,,,,,,,,,,,,,,,,,,,,,,,,,,,,,,,,,,,,,,,,
43,14,9,5,S38,False,0,0,0,0,9,0,0,0,0,"['B344', 'B333', 'B461', 'B44', 'B691', 'B668', 'B549', 'B270', 'B589']",4.5,S51,5.47,9,0,9,0.0,,-0.278017,-13.097947,-13.375964,False,False,18,S65,True,13,4.0818,pickup,,,,,,,,,,,,,,,,,,,,,,,,,,,,,,,,,,,,,,,,,,,,,,,,,,,,
43,14,9,15,S51,False,9,0,9,9,0,0,1,0,0,"['B494', 'B344', 'B333', 'B461', 'B44', 'B691', 'B668', 'B549', 'B270', 'B589']",5.0,S53,3.97,0,1,1,0.0,,-0.183479,-12.966579,-13.150057,True,True,24,S53,False,20,5.4889,delivery+depot_removal,,,,,,,,,,,,,,,,,,,,,,,,,,,,,,,,,,,,,,,,,,,,,,,,,,,,
43,14,9,24,S53,False,0,1,1,0,13,1,0,0,0,"['B557', 'B21', 'B465', 'B650', 'B366', 'B496', 'B165', 'B762', 'B525', 'B562', 'B248', 'B707', 'B490']",9.5,S65,7.96,13,1,14,0.0,,-0.277803,-13.072594,-13.350397,True,True,36,S54,True,20,7.563,pickup+onsite,,,,,,,,,,,,,,,,,,,,,,,,,,,,,,,,,,,,,,,,,,,,,,,,,,,,
43,14,9,41,S65,False,13,1,14,13,0,0,0,0,0,"['B557', 'B21', 'B465', 'B650', 'B366', 'B496', 'B165', 'B762', 'B525', 'B562', 'B248', 'B707', 'B490']",6.5,S50,9.57,0,1,1,0.0,,-0.446326,-12.927484,-13.373809,False,False,12,S46,True,8,2.6758,delivery,,,,,,,,,,,,,,,,,,,,,,,,,,,,,,,,,,,,,,,,,,,,,,,,,,,,
43,14,9,57,S50,False,0,1,1,0,15,0,0,0,0,"['B376', 'B125', 'B710', 'B703', 'B484', 'B621', 'B169', 'B368', 'B452', 'B153', 'B559', 'B367', 'B612', 'B105', 'B38']",7.5,S29,1.29,15,1,16,0.0,,-0.272885,-12.825605,-13.09849,False,False,18,S29,False,6,4.0949,pickup,,,,,,,,,,,,,,,,,,,,,,,,,,,,,,,,,,,,,,,,,,,,,,,,,,,,
43,14,10,6,S29,False,15,1,16,15,0,0,1,0,0,"['B638', 'B376', 'B125', 'B710', 'B703', 'B484', 'B621', 'B169', 'B368', 'B452', 'B153', 'B559', 'B367', 'B612', 'B105', 'B38']",8.0,S54,1.43,0,2,2,0.0,,-0.164058,-12.814171,-12.97823,True,True,24,S41,True,18,5.1196,delivery+depot_removal,,,,,,,,,,,,,,,,,,,,,,,,,,,,,,,,,,,,,,,,,,,,,,,,,,,,
43,14,10,15,S54,False,0,2,2,0,0,0,1,0,0,['B170'],0.5,S46,3.3,0,3,3,0.0,,-0.138965,-12.869823,-13.008788,True,True,36,S63,True,10,6.5003,do_nothing+depot_removal,,,,,,,,,,,,,,,,,,,,,,,,,,,,,,,,,,,,,,,,,,,,,,,,,,,,
43,14,10,19,S46,False,0,3,3,0,9,0,1,0,0,"['B459', 'B99', 'B269', 'B740', 'B159', 'B64', 'B134', 'B646', 'B166', 'B147']",5.0,S42,7.22,9,4,13,0.0,,-0.11904,-12.846864,-12.965905,True,True,36,S63,True,33,6.3688,pickup+depot_removal,,,,,,,,,,,,,,,,,,,,,,,,,,,,,,,,,,,,,,,,,,,,,,,,,,,,
43,14,10,31,S42,False,9,4,13,9,0,0,0,0,0,"['B459', 'B99', 'B269', 'B740', 'B159', 'B64', 'B134', 'B646', 'B166']",4.5,S66,9.4,0,4,4,0.0,,-0.054564,-13.171299,-13.225863,False,False,12,S66,False,7,2.064,delivery,,,,,,,,,,,,,,,,,,,,,,,,,,,,,,,,,,,,,,,,,,,,,,,,,,,,
43,14,10,45,S66,False,0,4,4,0,12,0,0,0,0,"['B681', 'B231', 'B359', 'B27', 'B503', 'B214', 'B628', 'B348', 'B416', 'B59', 'B664', 'B685']",6.0,S22,4.43,12,4,16,0.0,,-0.163756,-13.340257,-13.504013,False,False,18,S40,True,10,3.2941,pickup,,,,,,,,,,,,,,,,,,,,,,,,,,,,,,,,,,,,,,,,,,,,,,,,,,,,
43,14,10,56,S22,False,12,4,16,9,0,0,0,0,0,"['B681', 'B231', 'B359', 'B27', 'B503', 'B214', 'B628', 'B348', 'B416']",4.5,S63,8.69,3,4,7,0.0,,-0.074362,-13.434277,-13.50864,False,False,18,S43,True,8,3.0892,delivery,,,,,,,,,,,,,,,,,,,,,,,,,,,,,,,,,,,,,,,,,,,,,,,,,,,,
43,14,11,9,S63,False,3,4,7,0,8,0,0,0,0,"['B255', 'B712', 'B6', 'B137', 'B190', 'B30', 'B101', 'B688']",4.0,S43,0.64,11,4,15,0.0,,-0.069659,-13.493001,-13.562659,False,False,18,S37,True,8,3.0002,pickup,,,,,,,,,,,,,,,,,,,,,,,,,,,,,,,,,,,,,,,,,,,,,,,,,,,,
43,14,11,14,S43,False,11,4,15,11,0,0,0,0,0,"['B59', 'B664', 'B685', 'B255', 'B712', 'B6', 'B137', 'B190', 'B30', 'B101', 'B688']",5.5,S37,1.66,0,4,4,0.0,,-0.039697,-13.52642,-13.566117,False,False,12,S45,True,6,2.5728,delivery,,,,,,,,,,,,,,,,,,,,,,,,,,,,,,,,,,,,,,,,,,,,,,,,,,,,
43,14,11,21,S37,False,0,4,4,0,16,0,0,0,0,"['B216', 'B42', 'B462', 'B467', 'B164', 'B260', 'B268', 'B193', 'B98', 'B523', 'B253', 'B665', 'B572', 'B415', 'B617', 'B616']",8.0,S23,7.3,16,4,20,0.0,,-0.119053,-13.688889,-13.807943,False,False,12,S29,True,8,2.8505,pickup,,,,,,,,,,,,,,,,,,,,,,,,,,,,,,,,,,,,,,,,,,,,,,,,,,,,
43,14,11,36,S23,False,16,4,20,10,0,0,0,0,0,"['B216', 'B42', 'B462', 'B467', 'B164', 'B260', 'B268', 'B193', 'B98', 'B523']",5.0,S49,4.79,6,4,10,0.0,,-0.114135,-13.360687,-13.474822,False,False,18,S12,True,10,3.0945,delivery,,,,,,,,,,,,,,,,,,,,,,,,,,,,,,,,,,,,,,,,,,,,,,,,,,,,
43,14,11,46,S49,False,6,4,10,0,0,0,0,0,0,[],0.0,S44,4.49,6,4,10,0.0,,-0.317462,-13.513119,-13.830581,False,False,12,S12,True,3,2.4791,do_nothing,,,,,,,,,,,,,,,,,,,,,,,,,,,,,,,,,,,,,,,,,,,,,,,,,,,,
43,14,11,50,S44,False,6,4,10,0,9,1,1,0,0,"['B352', 'B678', 'B511', 'B728', 'B520', 'B148', 'B718', 'B2', 'B362', 'B571']",8.0,S62,2.2,15,5,20,0.0,,-0.253062,-13.477884,-13.730945,True,True,60,S12,True,54,10.4679,pickup+maintenance,,,,,,,,,,,,,,,,,,,,,,,,,,,,,,,,,,,,,,,,,,,,,,,,,,,,
43,14,12,1,S62,False,15,5,20,12,0,0,0,0,0,"['B253', 'B665', 'B572', 'B415', 'B617', 'B616', 'B352', 'B678', 'B511', 'B728', 'B520', 'B148']",6.0,S18,3.1,3,5,8,0.0,,-0.218182,-13.441252,-13.659434,False,False,18,S15,True,8,3.4894,delivery,,,,,,,,,,,,,,,,,,,,,,,,,,,,,,,,,,,,,,,,,,,,,,,,,,,,
43,14,12,10,S18,False,3,5,8,0,12,0,0,0,0,"['B207', 'B585', 'B87', 'B291', 'B502', 'B486', 'B445', 'B474', 'B128', 'B417', 'B605', 'B386']",6.0,S15,4.77,15,5,20,0.0,,-0.262973,-13.393878,-13.656852,False,False,18,S21,True,6,3.023,pickup,,,,,,,,,,,,,,,,,,,,,,,,,,,,,,,,,,,,,,,,,,,,,,,,,,,,
43,14,12,20,S15,False,15,5,20,15,0,0,0,0,0,"['B718', 'B2', 'B362', 'B207', 'B585', 'B87', 'B291', 'B502', 'B486', 'B445', 'B474', 'B128', 'B417', 'B605', 'B386']",7.5,S41,4.47,0,5,5,0.0,,-0.411585,-13.348894,-13.760479,False,False,12,S61,True,7,2.4182,delivery,,,,,,,,,,,,,,,,,,,,,,,,,,,,,,,,,,,,,,,,,,,,,,,,,,,,
43,14,12,32,S41,False,0,5,5,0,15,1,0,0,0,"['B60', 'B632', 'B53', 'B116', 'B551', 'B262', 'B394', 'B735', 'B203', 'B565', 'B473', 'B345', 'B80', 'B121', 'B146']",10.5,S29,7.7,15,5,20,0.0,,-0.486161,-13.40509,-13.891251,True,True,36,S59,True,18,6.2133,pickup+onsite,,,,,,,,,,,,,,,,,,,,,,,,,,,,,,,,,,,,,,,,,,,,,,,,,,,,
43,14,12,51,S29,False,15,5,20,15,0,0,0,0,0,"['B60', 'B632', 'B53', 'B116', 'B551', 'B262', 'B394', 'B735', 'B203', 'B565', 'B473', 'B345', 'B80', 'B121', 'B146']",7.5,S59,7.54,0,5,5,0.0,,-0.35687,-13.412491,-13.769361,False,False,12,S59,False,6,2.3387,delivery,,,,,,,,,,,,,,,,,,,,,,,,,,,,,,,,,,,,,,,,,,,,,,,,,,,,
43,14,13,6,S59,False,0,5,5,0,14,0,0,0,0,"['B242', 'B168', 'B458', 'B555', 'B387', 'B329', 'B213', 'B748', 'B247', 'B498', 'B725', 'B393', 'B370', 'B686']",7.0,S35,9.27,14,5,19,0.0,,-0.376844,-13.358578,-13.735422,False,False,18,S26,True,13,3.7026,pickup,,,,,,,,,,,,,,,,,,,,,,,,,,,,,,,,,,,,,,,,,,,,,,,,,,,,
43,14,13,22,S35,False,14,5,19,8,0,0,0,0,0,"['B242', 'B168', 'B458', 'B555', 'B387', 'B329', 'B213', 'B748']",4.0,S21,4.69,6,5,11,0.0,,-0.193227,-13.290293,-13.48352,False,False,18,S21,False,10,3.0485,delivery,,,,,,,,,,,,,,,,,,,,,,,,,,,,,,,,,,,,,,,,,,,,,,,,,,,,
43,14,13,31,S21,False,6,5,11,6,0,0,0,0,0,"['B247', 'B498', 'B725', 'B393', 'B370', 'B686']",3.0,S19,12.44,0,5,5,0.0,,-0.163605,-13.542243,-13.705848,False,False,12,S32,True,8,2.2436,delivery,,,,,,,,,,,,,,,,,,,,,,,,,,,,,,,,,,,,,,,,,,,,,,,,,,,,
43,14,13,46,S19,False,0,5,5,0,8,1,0,0,0,"['B466', 'B132', 'B202', 'B501', 'B384', 'B372', 'B407', 'B109']",7.0,S32,4.87,8,5,13,0.0,,-0.436817,-13.557544,-13.994361,True,True,36,S32,False,20,6.0731,pickup+onsite,,,,,,,,,,,,,,,,,,,,,,,,,,,,,,,,,,,,,,,,,,,,,,,,,,,,
43,14,13,58,S32,False,8,5,13,0,7,0,0,0,0,"['B582', 'B336', 'B767', 'B427', 'B24', 'B425', 'B269']",3.5,S26,7.72,15,5,20,0.0,,-0.580335,-13.675823,-14.256158,False,False,12,S26,False,8,1.9368,pickup,,,,,,,,,,,,,,,,,,,,,,,,,,,,,,,,,,,,,,,,,,,,,,,,,,,,
43,14,14,9,S26,False,15,5,20,15,0,0,0,0,0,"['B466', 'B132', 'B202', 'B501', 'B384', 'B372', 'B407', 'B109', 'B582', 'B336', 'B767', 'B427', 'B24', 'B425', 'B269']",7.5,S33,6.45,0,5,5,0.0,,-0.570739,-13.760442,-14.331181,False,False,12,S62,True,8,2.1581,delivery,,,,,,,,,,,,,,,,,,,,,,,,,,,,,,,,,,,,,,,,,,,,,,,,,,,,
43,14,14,23,S33,False,0,5,5,0,12,0,0,0,0,"['B315', 'B397', 'B643', 'B41', 'B326', 'B392', 'B219', 'B532', 'B377', 'B522', 'B335', 'B647']",6.0,S54,3.1,12,5,17,0.0,,-0.759703,-13.966314,-14.726017,False,False,18,S40,True,12,2.8946,pickup,,,,,,,,,,,,,,,,,,,,,,,,,,,,,,,,,,,,,,,,,,,,,,,,,,,,
43,14,14,32,S54,False,12,5,17,12,0,0,0,0,0,"['B315', 'B397', 'B643', 'B41', 'B326', 'B392', 'B219', 'B532', 'B377', 'B522', 'B335', 'B647']",6.0,S40,2.17,0,5,5,0.0,,-0.700332,-13.530544,-14.230876,False,False,12,S42,True,8,1.9946,delivery,,,,,,,,,,,,,,,,,,,,,,,,,,,,,,,,,,,,,,,,,,,,,,,,,,,,
43,14,14,40,S40,False,0,5,5,0,12,0,0,0,0,"['B357', 'B721', 'B367', 'B185', 'B380', 'B552', 'B18', 'B54', 'B333', 'B230', 'B40', 'B298']",6.0,S35,4.93,12,5,17,0.0,,-0.560749,-13.409367,-13.970116,False,False,18,S34,True,15,2.8618,pickup,,,,,,,,,,,,,,,,,,,,,,,,,,,,,,,,,,,,,,,,,,,,,,,,,,,,
43,14,14,51,S35,False,12,5,17,12,0,0,0,0,0,"['B357', 'B721', 'B367', 'B185', 'B380', 'B552', 'B18', 'B54', 'B333', 'B230', 'B40', 'B298']",6.0,S62,5.61,0,5,5,0.0,,-0.789765,-13.518188,-14.307953,False,False,12,S16,True,6,2.0241,delivery,,,,,,,,,,,,,,,,,,,,,,,,,,,,,,,,,,,,,,,,,,,,,,,,,,,,
43,14,15,3,S62,False,0,5,5,0,13,0,0,0,0,"['B616', 'B352', 'B678', 'B511', 'B728', 'B520', 'B148', 'B241', 'B659', 'B140', 'B44', 'B608', 'B646']",6.5,S42,6.87,13,5,18,0.0,,-0.55104,-13.542839,-14.093879,False,False,18,S31,True,13,3.2864,pickup,,,,,,,,,,,,,,,,,,,,,,,,,,,,,,,,,,,,,,,,,,,,,,,,,,,,
43,14,15,16,S42,False,13,5,18,10,0,0,0,0,0,"['B616', 'B352', 'B678', 'B511', 'B728', 'B520', 'B148', 'B241', 'B659', 'B140']",5.0,S31,9.6,3,5,8,0.0,,-0.556362,-13.373929,-13.930291,False,False,18,S39,True,6,3.2755,delivery,,,,,,,,,,,,,,,,,,,,,,,,,,,,,,,,,,,,,,,,,,,,,,,,,,,,
43,14,15,31,S31,False,3,5,8,0,12,0,0,0,0,"['B197', 'B178', 'B642', 'B201', 'B409', 'B250', 'B743', 'B677', 'B364', 'B569', 'B537', 'B654']",6.0,S39,3.72,15,5,20,0.0,,-0.421711,-13.461973,-13.883684,False,False,12,S47,True,6,2.2501,pickup,,,,,,,,,,,,,,,,,,,,,,,,,,,,,,,,,,,,,,,,,,,,,,,,,,,,
43,14,15,41,S39,False,15,5,20,15,0,0,0,0,0,"['B44', 'B608', 'B646', 'B197', 'B178', 'B642', 'B201', 'B409', 'B250', 'B743', 'B677', 'B364', 'B569', 'B537', 'B654']",7.5,S63,5.24,0,5,5,0.0,,-0.44678,-13.343903,-13.790683,False,False,12,S53,True,7,2.5987,delivery,,,,,,,,,,,,,,,,,,,,,,,,,,,,,,,,,,,,,,,,,,,,,,,,,,,,
43,14,15,53,S63,False,0,5,5,0,15,0,0,0,0,"['B476', 'B81', 'B231', 'B78', 'B527', 'B46', 'B491', 'B693', 'B261', 'B662', 'B209', 'B63', 'B507', 'B670', 'B204']",7.5,S37,1.78,15,5,20,0.0,,-0.381737,-13.309296,-13.691033,False,False,18,S53,True,9,4.0142,pickup,,,,,,,,,,,,,,,,,,,,,,,,,,,,,,,,,,,,,,,,,,,,,,,,,,,,
43,14,16,3,S37,False,15,5,20,15,0,0,1,0,0,"['B448', 'B476', 'B81', 'B231', 'B78', 'B527', 'B46', 'B491', 'B693', 'B261', 'B662', 'B209', 'B63', 'B507', 'B670', 'B204']",8.0,S31,2.81,0,6,6,0.0,,-0.595165,-13.409488,-14.004653,True,True,18,S53,True,12,3.7889,delivery+depot_removal,,,,,,,,,,,,,,,,,,,,,,,,,,,,,,,,,,,,,,,,,,,,,,,,,,,,
43,14,16,13,S31,False,0,6,6,0,14,0,0,0,0,"['B22', 'B64', 'B108', 'B740', 'B84', 'B59', 'B622', 'B115', 'B363', 'B25', 'B688', 'B489', 'B592', 'B756']",7.0,S54,5.7,14,6,20,0.0,,-0.530713,-13.426279,-13.956993,False,False,12,S66,True,6,2.5411,pickup,,,,,,,,,,,,,,,,,,,,,,,,,,,,,,,,,,,,,,,,,,,,,,,,,,,,
43,14,16,26,S54,False,14,6,20,14,0,1,0,0,0,"['B22', 'B64', 'B108', 'B740', 'B84', 'B59', 'B622', 'B115', 'B363', 'B25', 'B688', 'B489', 'B592', 'B756']",10.0,S8,10.5,0,6,6,0.0,,-0.377272,-13.274348,-13.65162,True,True,24,S53,True,21,5.0001,delivery+onsite,,,,,,,,,,,,,,,,,,,,,,,,,,,,,,,,,,,,,,,,,,,,,,,,,,,,
43,14,16,47,S8,False,0,6,6,0,0,0,0,0,0,[],0.0,S30,17.28,0,6,6,0.0,,-0.312708,-13.270161,-13.582869,False,False,18,S31,True,3,3.3944,do_nothing,,,,,,,,,,,,,,,,,,,,,,,,,,,,,,,,,,,,,,,,,,,,,,,,,,,,
43,14,17,4,S30,False,0,6,6,0,10,0,0,0,0,"['B742', 'B587', 'B549', 'B390', 'B378', 'B754', 'B466', 'B666', 'B733', 'B492']",5.0,S35,9.95,10,6,16,0.0,,-0.352443,-13.207666,-13.560109,False,False,18,S51,True,15,4.0178,pickup,,,,,,,,,,,,,,,,,,,,,,,,,,,,,,,,,,,,,,,,,,,,,,,,,,,,
43,14,17,19,S35,False,10,6,16,10,0,0,0,0,0,"['B742', 'B587', 'B549', 'B390', 'B378', 'B754', 'B466', 'B666', 'B733', 'B492']",5.0,S51,8.32,0,6,6,0.0,,-0.422404,-13.01701,-13.439414,False,False,12,S51,False,6,2.3062,delivery,,,,,,,,,,,,,,,,,,,,,,,,,,,,,,,,,,,,,,,,,,,,,,,,,,,,
43,14,17,32,S51,False,0,6,6,0,13,0,0,0,0,"['B305', 'B281', 'B80', 'B512', 'B404', 'B325', 'B123', 'B563', 'B120', 'B86', 'B189', 'B210', 'B595']",6.5,S53,3.97,13,6,19,0.0,,-0.198485,-12.759438,-12.957923,False,False,18,S53,False,12,4.4567,pickup,,,,,,,,,,,,,,,,,,,,,,,,,,,,,,,,,,,,,,,,,,,,,,,,,,,,
43,14,17,43,S53,False,13,6,19,13,0,0,1,0,0,"['B62', 'B305', 'B281', 'B80', 'B512', 'B404', 'B325', 'B123', 'B563', 'B120', 'B86', 'B189', 'B210', 'B595']",7.0,S28,13.52,0,7,7,0.0,,-0.223352,-12.784416,-13.007768,True,True,24,S45,True,19,5.3314,delivery+depot_removal,,,,,,,,,,,,,,,,,,,,,,,,,,,,,,,,,,,,,,,,,,,,,,,,,,,,
43,14,18,3,S28,False,0,7,7,0,7,1,0,0,0,"['B602', 'B187', 'B51', 'B732', 'B575', 'B609', 'B433']",6.5,S20,1.74,7,7,14,0.0,,-0.143946,-12.850953,-12.994898,True,True,36,S20,False,18,7.4262,pickup+onsite,,,,,,,,,,,,,,,,,,,,,,,,,,,,,,,,,,,,,,,,,,,,,,,,,,,,
43,14,18,11,S20,False,7,7,14,0,6,0,0,0,0,"['B705', 'B232', 'B391', 'B708', 'B13', 'B694']",3.0,S13,3.9,13,7,20,0.0,,-0.109154,-12.865599,-12.974753,False,False,12,S13,False,8,2.2497,pickup,,,,,,,,,,,,,,,,,,,,,,,,,,,,,,,,,,,,,,,,,,,,,,,,,,,,
43,14,18,18,S13,False,13,7,20,11,0,0,0,0,0,"['B602', 'B187', 'B51', 'B732', 'B575', 'B609', 'B433', 'B705', 'B232', 'B391', 'B708']",5.5,S65,5.55,2,7,9,0.0,,-0.139065,-12.843458,-12.982523,False,False,18,S23,True,7,4.0702,delivery,,,,,,,,,,,,,,,,,,,,,,,,,,,,,,,,,,,,,,,,,,,,,,,,,,,,
43,14,18,29,S65,False,2,7,9,0,11,0,0,0,0,"['B469', 'B656', 'B465', 'B185', 'B435', 'B235', 'B68', 'B340', 'B506', 'B313', 'B479']",5.5,S23,2.48,13,7,20,0.0,,-0.178737,-12.877699,-13.056436,False,False,12,S23,False,7,2.3221,pickup,,,,,,,,,,,,,,,,,,,,,,,,,,,,,,,,,,,,,,,,,,,,,,,,,,,,
43,14,18,37,S23,False,13,7,20,10,0,0,0,0,0,"['B13', 'B694', 'B469', 'B656', 'B465', 'B185', 'B435', 'B235', 'B68', 'B340']",5.0,S48,12.62,3,7,10,0.0,,-0.119192,-12.925592,-13.044783,False,False,18,S57,True,16,3.702,delivery,,,,,,,,,,,,,,,,,,,,,,,,,,,,,,,,,,,,,,,,,,,,,,,,,,,,
43,14,18,55,S48,False,3,7,10,0,10,0,0,0,0,"['B669', 'B526', 'B459', 'B193', 'B262', 'B263', 'B402', 'B208', 'B194', 'B4']",5.0,S10,7.55,13,7,20,0.0,,-0.163945,-12.931946,-13.095891,True,False,36,S10,True,14,6.7804,pickup,,,,,,,,,,,,,,,,,,,,,,,,,,,,,,,,,,,,,,,,,,,,,,,,,,,,
43,14,19,7,S10,False,13,7,20,9,0,0,0,0,0,"['B506', 'B313', 'B479', 'B669', 'B526', 'B459', 'B193', 'B262', 'B263']",4.5,S61,5.09,4,7,11,0.0,,-0.099431,-12.877836,-12.977268,False,False,18,S31,True,7,3.2134,delivery,,,,,,,,,,,,,,,,,,,,,,,,,,,,,,,,,,,,,,,,,,,,,,,,,,,,
43,14,19,17,S61,False,4,7,11,0,8,0,0,0,0,"['B476', 'B37', 'B339', 'B22', 'B497', 'B283', 'B544', 'B430']",4.0,S40,2.69,12,7,19,0.0,,-0.069495,-12.795878,-12.865373,False,False,18,S40,False,9,3.3889,pickup,,,,,,,,,,,,,,,,,,,,,,,,,,,,,,,,,,,,,,,,,,,,,,,,,,,,
43,14,19,24,S40,False,12,7,19,9,0,0,0,0,0,"['B402', 'B208', 'B194', 'B4', 'B476', 'B37', 'B339', 'B22', 'B497']",4.5,S30,5.26,3,7,10,0.0,,-0.014905,-12.751636,-12.766541,False,False,18,S15,True,10,3.336,delivery,,,,,,,,,,,,,,,,,,,,,,,,,,,,,,,,,,,,,,,,,,,,,,,,,,,,
43,14,19,34,S30,False,3,7,10,0,8,0,0,0,0,"['B273', 'B720', 'B56', 'B739', 'B59', 'B614', 'B726', 'B125']",4.0,S15,4.47,11,7,18,0.0,,0.0,-13.007539,-13.007539,False,False,18,S2,True,8,3.7972,pickup,,,,,,,,,,,,,,,,,,,,,,,,,,,,,,,,,,,,,,,,,,,,,,,,,,,,
43,14,19,42,S15,False,11,7,18,0,0,0,0,0,0,[],0.0,S37,4.99,11,7,18,0.0,,0.0,-13.040134,-13.040134,False,False,5,D0,True,1,0.9295,do_nothing,,,,,,,,,,,,,,,,,,,,,,,,,,,,,,,,,,,,,,,,,,,,,,,,,,,,
43,14,19,47,S37,False,11,7,18,11,0,0,0,0,0,"['B283', 'B544', 'B430', 'B273', 'B720', 'B56', 'B739', 'B59', 'B614', 'B726', 'B125']",5.5,D0,1.72,0,7,7,0.0,,-0.004943,-13.240289,-13.245232,False,False,2,D0,False,1,0.3705,delivery,,,,,,,,,,,,,,,,,,,,,,,,,,,,,,,,,,,,,,,,,,,,,,,,,,,,
43,14,19,54,D0,True,0,7,7,0,0,0,0,7,15,"['B383', 'B504', 'B179', 'B729', 'B406', 'B275', 'B324', 'B222', 'B570', 'B553', 'B671', 'B338', 'B731', 'B644', 'B478', 'B494', 'B638', 'B170', 'B147', 'B571', 'B448', 'B62']",11.0,D0,0.0,15,0,15,0.0,,-0.009886,-13.171928,-13.181815,True,True,1,D0,False,0,0.1969,do_nothing,,,,,,,,,,,,,,,,,,,,,,,,,,,,,,,,,,,,,,,,,,,,,,,,,,,,
43,15,6,5,D0,True,15,0,15,0,0,0,0,0,0,[],0.0,S40,0.66,15,0,15,0.0,,-1.062133,-14.549208,-15.611341,True,True,5,S40,False,0,0.9264,depot_passthrough,,,,,,,,,,,,,,,,,,,,,,,,,,,,,,,,,,,,,,,,,,,,,,,,,,,,
43,15,6,21,S40,False,15,0,15,14,0,0,0,0,0,"['B383', 'B504', 'B179', 'B729', 'B406', 'B275', 'B324', 'B222', 'B570', 'B553', 'B671', 'B338', 'B731', 'B644']",7.0,S52,2.21,1,0,1,0.0,,-1.14106,-14.610126,-15.751186,False,False,18,S45,True,7,3.4079,delivery,,,,,,,,,,,,,,,,,,,,,,,,,,,,,,,,,,,,,,,,,,,,,,,,,,,,
43,15,6,30,S52,False,1,0,1,0,14,0,0,0,0,"['B345', 'B572', 'B450', 'B214', 'B440', 'B743', 'B187', 'B349', 'B758', 'B215', 'B51', 'B521', 'B710', 'B592']",7.0,S27,3.68,15,0,15,0.0,,-1.398625,-14.147023,-15.545649,False,False,18,S63,True,16,3.1605,pickup,,,,,,,,,,,,,,,,,,,,,,,,,,,,,,,,,,,,,,,,,,,,,,,,,,,,
43,15,6,41,S27,False,15,0,15,15,0,0,0,0,0,"['B478', 'B345', 'B572', 'B450', 'B214', 'B440', 'B743', 'B187', 'B349', 'B758', 'B215', 'B51', 'B521', 'B710', 'B592']",7.5,S39,5.98,0,0,0,0.0,,-0.889106,-14.016101,-14.905208,False,False,12,S45,True,7,2.1266,delivery,,,,,,,,,,,,,,,,,,,,,,,,,,,,,,,,,,,,,,,,,,,,,,,,,,,,
43,15,6,54,S39,False,0,0,0,0,20,0,0,0,0,"['B765', 'B416', 'B667', 'B488', 'B76', 'B606', 'B673', 'B658', 'B66', 'B221', 'B487', 'B483', 'B197', 'B400', 'B753', 'B190', 'B283', 'B119', 'B609', 'B354']",10.0,S48,7.99,20,0,20,0.0,,-0.96357,-14.029847,-14.993417,False,False,12,S63,True,9,2.7441,pickup,,,,,,,,,,,,,,,,,,,,,,,,,,,,,,,,,,,,,,,,,,,,,,,,,,,,
43,15,7,12,S48,False,20,0,20,13,0,0,0,0,0,"['B765', 'B416', 'B667', 'B488', 'B76', 'B606', 'B673', 'B658', 'B66', 'B221', 'B487', 'B483', 'B197']",6.5,S54,6.34,7,0,7,0.0,,-0.600598,-14.082612,-14.68321,True,False,36,S12,True,28,6.6571,delivery,,,,,,,,,,,,,,,,,,,,,,,,,,,,,,,,,,,,,,,,,,,,,,,,,,,,
43,15,7,25,S54,False,7,0,7,0,13,0,0,0,0,"['B544', 'B465', 'B427', 'B651', 'B678', 'B73', 'B355', 'B679', 'B535', 'B726', 'B760', 'B111', 'B201']",6.5,S15,3.9,20,0,20,0.0,,-0.531003,-14.157173,-14.688177,False,False,12,S15,False,6,2.0782,pickup,,,,,,,,,,,,,,,,,,,,,,,,,,,,,,,,,,,,,,,,,,,,,,,,,,,,
43,15,7,35,S15,False,20,0,20,14,0,0,0,0,0,"['B400', 'B753', 'B190', 'B283', 'B119', 'B609', 'B354', 'B544', 'B465', 'B427', 'B651', 'B678', 'B73', 'B355']",7.0,S63,5.25,6,0,6,0.0,,-0.51123,-13.962035,-14.473265,False,False,18,S66,True,12,3.4742,delivery,,,,,,,,,,,,,,,,,,,,,,,,,,,,,,,,,,,,,,,,,,,,,,,,,,,,
43,15,7,48,S63,False,6,0,6,0,14,0,0,0,0,"['B239', 'B20', 'B598', 'B118', 'B29', 'B685', 'B500', 'B751', 'B472', 'B300', 'B604', 'B757', 'B38', 'B458']",7.0,S65,7.4,20,0,20,0.0,,-0.62041,-13.86311,-14.483519,False,False,12,S66,True,7,2.1306,pickup,,,,,,,,,,,,,,,,,,,,,,,,,,,,,,,,,,,,,,,,,,,,,,,,,,,,
43,15,8,2,S65,False,20,0,20,14,0,0,0,0,0,"['B679', 'B535', 'B726', 'B760', 'B111', 'B201', 'B239', 'B20', 'B598', 'B118', 'B29', 'B685', 'B500', 'B751']",7.0,S35,10.81,6,0,6,0.0,,-0.412227,-13.671239,-14.083466,False,False,18,S34,True,15,3.5357,delivery,,,,,,,,,,,,,,,,,,,,,,,,,,,,,,,,,,,,,,,,,,,,,,,,,,,,
43,15,8,20,S35,False,6,0,6,0,14,0,0,0,0,"['B250', 'B240', 'B48', 'B586', 'B191', 'B171', 'B595', 'B372', 'B407', 'B146', 'B13', 'B71', 'B656', 'B594']",7.0,S42,1.31,20,0,20,0.0,,-0.332455,-13.740278,-14.072733,False,False,12,S42,False,6,2.5559,pickup,,,,,,,,,,,,,,,,,,,,,,,,,,,,,,,,,,,,,,,,,,,,,,,,,,,,
43,15,8,28,S42,False,20,0,20,10,0,0,0,0,0,"['B472', 'B300', 'B604', 'B757', 'B38', 'B458', 'B250', 'B240', 'B48', 'B586']",5.0,S21,3.41,10,0,10,0.0,,-0.252835,-13.673373,-13.926208,False,False,18,S34,True,10,3.4034,delivery,,,,,,,,,,,,,,,,,,,,,,,,,,,,,,,,,,,,,,,,,,,,,,,,,,,,
43,15,8,37,S21,False,10,0,10,0,8,0,0,0,0,"['B241', 'B5', 'B727', 'B305', 'B357', 'B603', 'B631', 'B307']",4.0,S30,14.38,18,0,18,0.0,,-0.297438,-13.719288,-14.016726,False,False,18,S30,True,16,4.2161,pickup,,,,,,,,,,,,,,,,,,,,,,,,,,,,,,,,,,,,,,,,,,,,,,,,,,,,
43,15,8,55,S30,False,18,0,18,8,0,0,0,0,0,"['B191', 'B171', 'B595', 'B372', 'B407', 'B146', 'B13', 'B71']",4.0,S22,2.59,10,0,10,0.0,,-0.337474,-13.633427,-13.970901,False,False,18,S29,True,6,3.5921,delivery,,,,,,,,,,,,,,,,,,,,,,,,,,,,,,,,,,,,,,,,,,,,,,,,,,,,
43,15,9,2,S22,False,10,0,10,10,0,0,1,0,0,"['B761', 'B656', 'B594', 'B241', 'B5', 'B727', 'B305', 'B357', 'B603', 'B631', 'B307']",5.5,S55,10.44,0,1,1,0.0,,-0.28262,-13.507553,-13.790174,True,True,24,S38,True,19,4.0024,delivery+depot_removal,,,,,,,,,,,,,,,,,,,,,,,,,,,,,,,,,,,,,,,,,,,,,,,,,,,,
43,15,9,18,S55,False,0,1,1,0,16,0,0,0,0,"['B666', 'B85', 'B735', 'B497', 'B507', 'B670', 'B310', 'B251', 'B438', 'B219', 'B390', 'B433', 'B568', 'B481', 'B504', 'B285']",8.0,S29,2.12,16,1,17,0.0,,-0.292733,-13.647484,-13.940217,False,False,18,S33,True,6,3.4877,pickup,,,,,,,,,,,,,,,,,,,,,,,,,,,,,,,,,,,,,,,,,,,,,,,,,,,,
43,15,9,28,S29,False,16,1,17,16,0,0,0,0,0,"['B666', 'B85', 'B735', 'B497', 'B507', 'B670', 'B310', 'B251', 'B438', 'B219', 'B390', 'B433', 'B568', 'B481', 'B504', 'B285']",8.0,S33,4.32,0,1,1,0.0,,-0.307701,-13.736812,-14.044514,False,False,18,S35,True,9,3.7631,delivery,,,,,,,,,,,,,,,,,,,,,,,,,,,,,,,,,,,,,,,,,,,,,,,,,,,,
43,15,9,40,S33,False,0,1,1,0,17,0,0,0,0,"['B56', 'B335', 'B59', 'B37', 'B204', 'B205', 'B712', 'B45', 'B43', 'B697', 'B296', 'B532', 'B58', 'B683', 'B364', 'B566', 'B411']",8.5,S51,4.94,17,1,18,0.0,,-0.481181,-13.557849,-14.03903,False,False,18,S54,True,15,3.7924,pickup,,,,,,,,,,,,,,,,,,,,,,,,,,,,,,,,,,,,,,,,,,,,,,,,,,,,
43,15,9,53,S51,False,17,1,18,11,0,0,0,0,0,"['B56', 'B335', 'B59', 'B37', 'B204', 'B205', 'B712', 'B45', 'B43', 'B697', 'B296']",5.5,S35,8.32,6,1,7,0.0,,-0.486275,-13.505045,-13.991319,True,False,36,S35,True,13,8.6572,delivery,,,,,,,,,,,,,,,,,,,,,,,,,,,,,,,,,,,,,,,,,,,,,,,,,,,,
43,15,10,7,S35,False,6,1,7,6,0,0,0,0,0,"['B532', 'B58', 'B683', 'B364', 'B566', 'B411']",3.0,S31,8.41,0,1,1,0.0,,-0.386718,-13.523136,-13.909854,False,False,12,S32,True,8,2.3121,delivery,,,,,,,,,,,,,,,,,,,,,,,,,,,,,,,,,,,,,,,,,,,,,,,,,,,,
43,15,10,19,S31,False,0,1,1,0,19,0,0,0,0,"['B456', 'B309', 'B229', 'B25', 'B689', 'B467', 'B740', 'B387', 'B84', 'B216', 'B124', 'B123', 'B680', 'B378', 'B634', 'B339', 'B336', 'B520', 'B692']",9.5,S26,6.02,19,1,20,0.0,,-0.516312,-13.505274,-14.021586,False,False,12,S32,True,6,2.6193,pickup,,,,,,,,,,,,,,,,,,,,,,,,,,,,,,,,,,,,,,,,,,,,,,,,,,,,
43,15,10,34,S26,False,19,1,20,19,0,1,0,0,0,"['B456', 'B309', 'B229', 'B25', 'B689', 'B467', 'B740', 'B387', 'B84', 'B216', 'B124', 'B123', 'B680', 'B378', 'B634', 'B339', 'B336', 'B520', 'B692']",12.5,S32,7.72,0,1,1,0.0,,-0.416553,-13.608923,-14.025476,True,True,24,S10,True,19,5.0912,delivery+onsite,,,,,,,,,,,,,,,,,,,,,,,,,,,,,,,,,,,,,,,,,,,,,,,,,,,,
43,15,10,54,S32,False,0,1,1,0,16,0,0,0,0,"['B713', 'B567', 'B756', 'B621', 'B122', 'B53', 'B385', 'B582', 'B430', 'B720', 'B194', 'B659', 'B95', 'B488', 'B47', 'B606']",8.0,S50,4.46,16,1,17,0.0,,-0.461949,-13.6217,-14.083649,False,False,18,S16,True,6,3.5916,pickup,,,,,,,,,,,,,,,,,,,,,,,,,,,,,,,,,,,,,,,,,,,,,,,,,,,,
43,15,11,7,S50,False,16,1,17,16,0,0,0,0,0,"['B713', 'B567', 'B756', 'B621', 'B122', 'B53', 'B385', 'B582', 'B430', 'B720', 'B194', 'B659', 'B95', 'B488', 'B47', 'B606']",8.0,S8,8.46,0,1,1,0.0,,-0.421698,-13.67825,-14.099948,False,False,12,S10,True,8,2.7455,delivery,,,,,,,,,,,,,,,,,,,,,,,,,,,,,,,,,,,,,,,,,,,,,,,,,,,,
43,15,11,23,S8,False,0,1,1,0,19,1,0,0,0,"['B447', 'B661', 'B271', 'B636', 'B701', 'B418', 'B265', 'B280', 'B114', 'B462', 'B615', 'B277', 'B724', 'B370', 'B676', 'B533', 'B159', 'B511', 'B189']",12.5,S34,11.43,19,1,20,0.0,,-0.298118,-13.632745,-13.930863,True,True,24,S34,False,18,4.4985,pickup+onsite,,,,,,,,,,,,,,,,,,,,,,,,,,,,,,,,,,,,,,,,,,,,,,,,,,,,
43,15,11,47,S34,False,19,1,20,13,0,0,0,0,0,"['B447', 'B661', 'B271', 'B636', 'B701', 'B418', 'B265', 'B280', 'B114', 'B462', 'B615', 'B277', 'B724']",6.5,S18,5.53,6,1,7,0.0,,-0.376807,-13.822626,-14.199433,False,False,18,S46,True,14,3.8515,delivery,,,,,,,,,,,,,,,,,,,,,,,,,,,,,,,,,,,,,,,,,,,,,,,,,,,,
43,15,11,59,S18,False,6,1,7,0,13,0,0,0,0,"['B579', 'B295', 'B70', 'B161', 'B616', 'B732', 'B267', 'B134', 'B23', 'B515', 'B642', 'B368', 'B709']",6.5,S46,4.15,19,1,20,0.0,,-0.362593,-13.635917,-13.99851,False,False,12,S42,True,6,2.444,pickup,,,,,,,,,,,,,,,,,,,,,,,,,,,,,,,,,,,,,,,,,,,,,,,,,,,,
43,15,12,10,S46,False,19,1,20,13,0,0,0,0,0,"['B370', 'B676', 'B533', 'B159', 'B511', 'B189', 'B579', 'B295', 'B70', 'B161', 'B616', 'B732', 'B267']",6.5,S16,1.33,6,1,7,0.0,,-0.228636,-13.560217,-13.788853,False,False,18,S42,True,12,4.3542,delivery,,,,,,,,,,,,,,,,,,,,,,,,,,,,,,,,,,,,,,,,,,,,,,,,,,,,
43,15,12,18,S16,False,6,1,7,0,8,0,0,0,0,"['B272', 'B224', 'B268', 'B42', 'B288', 'B348', 'B230', 'B549']",4.0,S47,6.36,14,1,15,0.0,,-0.148952,-13.500489,-13.649441,False,False,18,S47,False,7,3.7249,pickup,,,,,,,,,,,,,,,,,,,,,,,,,,,,,,,,,,,,,,,,,,,,,,,,,,,,
43,15,12,28,S47,False,14,1,15,13,0,0,0,0,0,"['B134', 'B23', 'B515', 'B642', 'B368', 'B709', 'B272', 'B224', 'B268', 'B42', 'B288', 'B348', 'B230']",6.5,S11,13.07,1,1,2,0.0,,-0.138889,-13.520975,-13.659864,False,False,18,S4,True,7,4.7658,delivery,,,,,,,,,,,,,,,,,,,,,,,,,,,,,,,,,,,,,,,,,,,,,,,,,,,,
43,15,12,48,S11,False,1,1,2,0,11,0,1,0,0,"['B469', 'B473', 'B601', 'B518', 'B733', 'B358', 'B120', 'B323', 'B249', 'B597', 'B581', 'B657']",6.0,S24,9.97,12,2,14,0.0,,-0.208119,-13.502669,-13.710788,True,True,36,S0,True,34,7.7125,pickup+depot_removal,,,,,,,,,,,,,,,,,,,,,,,,,,,,,,,,,,,,,,,,,,,,,,,,,,,,
43,15,13,4,S24,False,12,2,14,12,0,0,0,0,0,"['B549', 'B469', 'B473', 'B601', 'B518', 'B733', 'B358', 'B120', 'B323', 'B249', 'B597', 'B581']",6.0,S48,13.93,0,2,2,0.0,,-0.287979,-13.497621,-13.7856,False,False,12,S48,False,6,2.5231,delivery,,,,,,,,,,,,,,,,,,,,,,,,,,,,,,,,,,,,,,,,,,,,,,,,,,,,
43,15,13,24,S48,False,0,2,2,0,11,1,0,0,0,"['B66', 'B221', 'B487', 'B483', 'B197', 'B32', 'B765', 'B744', 'B227', 'B757', 'B270']",8.5,S56,5.81,11,2,13,0.0,,-0.307765,-13.675832,-13.983596,True,True,36,S17,True,34,8.2871,pickup+onsite,,,,,,,,,,,,,,,,,,,,,,,,,,,,,,,,,,,,,,,,,,,,,,,,,,,,
43,15,13,38,S56,False,11,2,13,9,0,1,0,0,0,"['B66', 'B221', 'B487', 'B483', 'B197', 'B32', 'B765', 'B744', 'B227']",7.5,S65,10.07,2,2,4,0.0,,-0.759224,-13.896808,-14.656031,True,True,36,S17,True,18,8.7753,delivery+onsite,,,,,,,,,,,,,,,,,,,,,,,,,,,,,,,,,,,,,,,,,,,,,,,,,,,,
43,15,13,55,S65,False,2,2,4,0,14,0,0,0,0,"['B239', 'B20', 'B598', 'B118', 'B29', 'B685', 'B500', 'B751', 'B79', 'B164', 'B231', 'B350', 'B522', 'B394']",7.0,S17,7.47,16,2,18,0.0,,-0.862955,-13.87815,-14.741106,False,False,18,S66,True,15,4.266,pickup,,,,,,,,,,,,,,,,,,,,,,,,,,,,,,,,,,,,,,,,,,,,,,,,,,,,
43,15,14,10,S17,False,16,2,18,16,0,0,0,0,0,"['B757', 'B270', 'B239', 'B20', 'B598', 'B118', 'B29', 'B685', 'B500', 'B751', 'B79', 'B164', 'B231', 'B350', 'B522', 'B394']",8.0,S41,8.16,0,2,2,0.0,,-0.813498,-13.939655,-14.753153,False,False,12,S30,True,7,3.1921,delivery,,,,,,,,,,,,,,,,,,,,,,,,,,,,,,,,,,,,,,,,,,,,,,,,,,,,
43,15,14,26,S41,False,0,2,2,0,16,1,1,0,0,"['B262', 'B185', 'B419', 'B329', 'B663', 'B722', 'B325', 'B514', 'B397', 'B126', 'B417', 'B650', 'B703', 'B680', 'B677', 'B266', 'B495']",11.5,S57,9.56,16,3,19,0.0,,-1.206431,-13.844629,-15.05106,True,True,60,S39,True,43,13.5428,pickup+maintenance,,,,,,,,,,,,,,,,,,,,,,,,,,,,,,,,,,,,,,,,,,,,,,,,,,,,
43,15,14,47,S57,False,16,3,19,16,0,0,0,0,0,"['B262', 'B185', 'B419', 'B329', 'B663', 'B722', 'B325', 'B514', 'B397', 'B126', 'B417', 'B650', 'B703', 'B680', 'B677', 'B266']",8.0,S58,8.15,0,3,3,0.0,,-0.670951,-13.530192,-14.201143,False,False,12,S23,True,7,2.9825,delivery,,,,,,,,,,,,,,,,,,,,,,,,,,,,,,,,,,,,,,,,,,,,,,,,,,,,
43,15,15,3,S58,False,0,3,3,0,17,0,0,0,0,"['B369', 'B468', 'B345', 'B627', 'B384', 'B413', 'B422', 'B610', 'B297', 'B656', 'B546', 'B205', 'B45', 'B251', 'B715', 'B33', 'B58']",8.5,S50,8.14,17,3,20,0.0,,-0.426729,-13.576637,-14.003366,False,False,12,S39,True,8,2.8455,pickup,,,,,,,,,,,,,,,,,,,,,,,,,,,,,,,,,,,,,,,,,,,,,,,,,,,,
43,15,15,20,S50,False,17,3,20,17,0,0,0,0,0,"['B369', 'B468', 'B345', 'B627', 'B384', 'B413', 'B422', 'B610', 'B297', 'B656', 'B546', 'B205', 'B45', 'B251', 'B715', 'B33', 'B58']",8.5,S12,10.53,0,3,3,0.0,,-0.491029,-13.587272,-14.078302,False,False,18,S39,True,12,4.151,delivery,,,,,,,,,,,,,,,,,,,,,,,,,,,,,,,,,,,,,,,,,,,,,,,,,,,,
43,15,15,39,S12,False,0,3,3,0,17,0,0,0,0,"['B137', 'B594', 'B456', 'B400', 'B554', 'B683', 'B192', 'B646', 'B183', 'B469', 'B714', 'B108', 'B450', 'B148', 'B160', 'B157', 'B618']",8.5,S26,13.22,17,3,20,0.0,,-0.805008,-13.483753,-14.288762,True,False,18,S39,True,14,4.1102,pickup,,,,,,,,,,,,,,,,,,,,,,,,,,,,,,,,,,,,,,,,,,,,,,,,,,,,
43,15,16,1,S26,False,17,3,20,17,0,0,0,0,0,"['B137', 'B594', 'B456', 'B400', 'B554', 'B683', 'B192', 'B646', 'B183', 'B469', 'B714', 'B108', 'B450', 'B148', 'B160', 'B157', 'B618']",8.5,S28,8.54,0,3,3,0.0,,-0.650258,-13.454246,-14.104504,False,False,12,S43,True,6,2.7883,delivery,,,,,,,,,,,,,,,,,,,,,,,,,,,,,,,,,,,,,,,,,,,,,,,,,,,,
43,15,16,18,S28,False,0,3,3,0,17,0,0,0,0,"['B706', 'B9', 'B723', 'B460', 'B736', 'B234', 'B734', 'B509', 'B332', 'B436', 'B256', 'B537', 'B654', 'B255', 'B666', 'B648', 'B123']",8.5,S39,11.12,17,3,20,0.0,,-0.585529,-13.456557,-14.042086,False,False,18,S39,True,12,3.986,pickup,,,,,,,,,,,,,,,,,,,,,,,,,,,,,,,,,,,,,,,,,,,,,,,,,,,,
43,15,16,37,S39,False,17,3,20,17,0,0,0,0,0,"['B706', 'B9', 'B723', 'B460', 'B736', 'B234', 'B734', 'B509', 'B332', 'B436', 'B256', 'B537', 'B654', 'B255', 'B666', 'B648', 'B123']",8.5,S62,5.74,0,3,3,0.0,,-0.392227,-13.347994,-13.740221,False,False,12,S29,True,8,2.9192,delivery,,,,,,,,,,,,,,,,,,,,,,,,,,,,,,,,,,,,,,,,,,,,,,,,,,,,
43,15,16,52,S62,False,0,3,3,0,17,0,0,0,0,"['B488', 'B401', 'B586', 'B606', 'B540', 'B461', 'B327', 'B4', 'B748', 'B102', 'B713', 'B301', 'B324', 'B288', 'B13', 'B490', 'B552']",8.5,S34,2.8,17,3,20,0.0,,-0.29301,-13.160366,-13.453376,False,False,18,S43,True,14,4.0148,pickup,,,,,,,,,,,,,,,,,,,,,,,,,,,,,,,,,,,,,,,,,,,,,,,,,,,,
43,15,17,3,S34,False,17,3,20,17,0,0,0,0,0,"['B488', 'B401', 'B586', 'B606', 'B540', 'B461', 'B327', 'B4', 'B748', 'B102', 'B713', 'B301', 'B324', 'B288', 'B13', 'B490', 'B552']",8.5,S65,6.58,0,3,3,0.0,,-0.347436,-13.072539,-13.419975,False,False,12,S31,True,7,3.0568,delivery,,,,,,,,,,,,,,,,,,,,,,,,,,,,,,,,,,,,,,,,,,,,,,,,,,,,
43,15,17,18,S65,False,0,3,3,0,17,0,0,0,0,"['B590', 'B233', 'B506', 'B250', 'B755', 'B600', 'B174', 'B432', 'B643', 'B465', 'B77', 'B434', 'B81', 'B347', 'B427', 'B423', 'B46']",8.5,S43,7.5,17,3,20,0.0,,-0.432026,-13.109032,-13.541057,False,False,18,S27,True,16,4.4728,pickup,,,,,,,,,,,,,,,,,,,,,,,,,,,,,,,,,,,,,,,,,,,,,,,,,,,,
43,15,17,34,S43,False,17,3,20,13,0,0,0,0,0,"['B590', 'B233', 'B506', 'B250', 'B755', 'B600', 'B174', 'B432', 'B643', 'B465', 'B77', 'B434', 'B81']",6.5,S51,3.12,4,3,7,0.0,,-0.332884,-12.920139,-13.253024,True,False,36,S1,True,26,9.4626,delivery,,,,,,,,,,,,,,,,,,,,,,,,,,,,,,,,,,,,,,,,,,,,,,,,,,,,
43,15,17,44,S51,False,4,3,7,0,13,1,0,0,0,"['B304', 'B404', 'B380', 'B392', 'B247', 'B419', 'B582', 'B72', 'B728', 'B87', 'B442', 'B615', 'B621']",9.5,S35,8.32,17,3,20,0.0,,-0.273023,-12.853016,-13.126039,True,True,36,S1,True,22,7.857,pickup+onsite,,,,,,,,,,,,,,,,,,,,,,,,,,,,,,,,,,,,,,,,,,,,,,,,,,,,
43,15,18,1,S35,False,17,3,20,10,0,0,0,0,0,"['B347', 'B427', 'B423', 'B46', 'B304', 'B404', 'B380', 'B392', 'B247', 'B419']",5.0,S4,8.01,7,3,10,0.0,,-0.124084,-12.776293,-12.900377,False,False,18,S6,True,15,3.8721,delivery,,,,,,,,,,,,,,,,,,,,,,,,,,,,,,,,,,,,,,,,,,,,,,,,,,,,
43,15,18,14,S4,False,7,3,10,0,9,0,1,0,0,"['B6', 'B57', 'B524', 'B614', 'B175', 'B150', 'B200', 'B611', 'B374', 'B366']",5.0,S6,10.65,16,4,20,0.0,,-0.128864,-12.70325,-12.832114,True,True,30,S64,True,25,6.6042,pickup+depot_removal,,,,,,,,,,,,,,,,,,,,,,,,,,,,,,,,,,,,,,,,,,,,,,,,,,,,
43,15,18,30,S6,False,16,4,20,11,0,0,1,0,0,"['B405', 'B582', 'B72', 'B728', 'B87', 'B442', 'B615', 'B621', 'B6', 'B57', 'B524', 'B614']",6.0,S12,17.81,5,5,10,0.0,,-0.114185,-12.864789,-12.978975,True,True,30,S28,True,12,5.4518,delivery+depot_removal,,,,,,,,,,,,,,,,,,,,,,,,,,,,,,,,,,,,,,,,,,,,,,,,,,,,
43,15,18,54,S12,False,5,5,10,0,10,0,0,0,0,"['B241', 'B602', 'B412', 'B562', 'B97', 'B173', 'B660', 'B585', 'B285', 'B343']",5.0,S32,6.07,15,5,20,0.0,,-0.09435,-12.6959,-12.79025,True,False,18,S16,True,13,3.7164,pickup,,,,,,,,,,,,,,,,,,,,,,,,,,,,,,,,,,,,,,,,,,,,,,,,,,,,
43,15,19,5,S32,False,15,5,20,9,0,1,0,0,0,"['B175', 'B150', 'B200', 'B611', 'B374', 'B241', 'B602', 'B412', 'B562']",7.5,S64,6.35,6,5,11,0.0,,-0.054653,-12.602892,-12.657544,True,True,36,S49,True,19,7.0832,delivery+onsite,,,,,,,,,,,,,,,,,,,,,,,,,,,,,,,,,,,,,,,,,,,,,,,,,,,,
43,15,19,19,S64,False,6,5,11,6,0,0,1,0,0,"['B699', 'B97', 'B173', 'B660', 'B585', 'B285', 'B343']",3.5,S5,9.63,0,6,6,0.0,,-0.08923,-12.457808,-12.547038,True,True,24,S5,False,19,4.4054,delivery+depot_removal,,,,,,,,,,,,,,,,,,,,,,,,,,,,,,,,,,,,,,,,,,,,,,,,,,,,
43,15,19,32,S5,False,0,6,6,0,14,0,0,0,0,"['B711', 'B27', 'B420', 'B626', 'B142', 'B607', 'B593', 'B132', 'B471', 'B640', 'B545', 'B333', 'B236', 'B580']",7.0,S65,5.83,14,6,20,0.0,,-0.049583,-12.446319,-12.495902,True,False,16,S59,True,14,3.0001,pickup,,,,,,,,,,,,,,,,,,,,,,,,,,,,,,,,,,,,,,,,,,,,,,,,,,,,
43,15,19,45,S65,False,14,6,20,9,0,0,0,0,0,"['B711', 'B27', 'B420', 'B626', 'B142', 'B607', 'B593', 'B132', 'B471']",4.5,D0,3.15,5,6,11,0.0,,-0.049697,-12.644099,-12.693796,False,False,3,D0,False,1,0.5638,delivery,,,,,,,,,,,,,,,,,,,,,,,,,,,,,,,,,,,,,,,,,,,,,,,,,,,,
43,15,19,52,D0,True,5,6,11,0,0,0,0,6,0,"['B761', 'B657', 'B495', 'B366', 'B405', 'B699']",3.0,D0,0.0,5,0,5,0.0,,-0.02483,-12.621115,-12.645945,True,True,1,D0,False,0,0.1981,do_nothing,,,,,,,,,,,,,,,,,,,,,,,,,,,,,,,,,,,,,,,,,,,,,,,,,,,,
43,16,6,10,D0,True,5,0,5,0,0,0,0,0,7,"['B494', 'B638', 'B170', 'B147', 'B571', 'B448', 'B62']",3.5,S46,2.11,12,0,12,0.0,,-1.171224,-14.461945,-15.633169,True,True,5,S46,False,4,0.8644,load_queue,,,,,,,,,,,,,,,,,,,,,,,,,,,,,,,,,,,,,,,,,,,,,,,,,,,,
43,16,6,31,S46,False,12,0,12,0,8,0,0,0,0,"['B676', 'B1', 'B3', 'B356', 'B34', 'B306', 'B169', 'B42']",4.0,S65,8.22,20,0,20,0.0,,-1.583538,-14.389774,-15.973312,False,False,12,S40,True,9,2.2609,pickup,,,,,,,,,,,,,,,,,,,,,,,,,,,,,,,,,,,,,,,,,,,,,,,,,,,,
43,16,6,43,S65,False,20,0,20,19,0,0,0,0,0,"['B640', 'B545', 'B333', 'B236', 'B580', 'B494', 'B638', 'B170', 'B147', 'B571', 'B448', 'B62', 'B676', 'B1', 'B3', 'B356', 'B34', 'B306', 'B169']",9.5,S55,9.08,1,0,1,0.0,,-1.530599,-14.265121,-15.79572,False,False,18,S66,True,9,3.6766,delivery,,,,,,,,,,,,,,,,,,,,,,,,,,,,,,,,,,,,,,,,,,,,,,,,,,,,
43,16,7,2,S55,False,1,0,1,0,19,0,0,0,0,"['B44', 'B325', 'B740', 'B47', 'B83', 'B415', 'B125', 'B122', 'B26', 'B476', 'B716', 'B36', 'B407', 'B508', 'B315', 'B711', 'B132', 'B479', 'B641']",9.5,S62,3.22,20,0,20,0.0,,-0.908251,-14.34668,-15.254931,False,False,12,S42,True,6,2.8727,pickup,,,,,,,,,,,,,,,,,,,,,,,,,,,,,,,,,,,,,,,,,,,,,,,,,,,,
43,16,7,15,S62,False,20,0,20,16,0,0,0,0,0,"['B42', 'B44', 'B325', 'B740', 'B47', 'B83', 'B415', 'B125', 'B122', 'B26', 'B476', 'B716', 'B36', 'B407', 'B508', 'B315']",8.0,S39,5.74,4,0,4,0.0,,-0.858454,-14.291646,-15.1501,False,False,18,S59,True,7,3.9046,delivery,,,,,,,,,,,,,,,,,,,,,,,,,,,,,,,,,,,,,,,,,,,,,,,,,,,,
43,16,7,28,S39,False,4,0,4,0,16,0,0,0,0,"['B256', 'B537', 'B654', 'B255', 'B666', 'B648', 'B123', 'B59', 'B381', 'B493', 'B227', 'B285', 'B585', 'B451', 'B261', 'B354']",8.0,S12,8.6,20,0,20,0.0,,-0.779348,-14.153956,-14.933304,False,False,12,S18,True,8,2.8386,pickup,,,,,,,,,,,,,,,,,,,,,,,,,,,,,,,,,,,,,,,,,,,,,,,,,,,,
43,16,7,45,S12,False,20,0,20,16,0,0,1,0,0,"['B443', 'B711', 'B132', 'B479', 'B641', 'B256', 'B537', 'B654', 'B255', 'B666', 'B648', 'B123', 'B59', 'B381', 'B493', 'B227', 'B285']",8.5,S54,8.01,4,1,5,0.0,,-0.625692,-13.572203,-14.197895,True,True,30,S51,True,15,6.6515,delivery+depot_removal,,,,,,,,,,,,,,,,,,,,,,,,,,,,,,,,,,,,,,,,,,,,,,,,,,,,
43,16,8,1,S54,False,4,1,5,0,15,0,0,0,0,"['B73', 'B213', 'B401', 'B659', 'B126', 'B491', 'B536', 'B434', 'B619', 'B244', 'B289', 'B81', 'B387', 'B710', 'B112']",7.5,S48,6.34,19,1,20,0.0,,-0.416704,-13.58414,-14.000843,False,False,18,S48,True,8,4.6512,pickup,,,,,,,,,,,,,,,,,,,,,,,,,,,,,,,,,,,,,,,,,,,,,,,,,,,,
43,16,8,15,S48,False,19,1,20,12,0,0,0,0,0,"['B585', 'B451', 'B261', 'B354', 'B73', 'B213', 'B401', 'B659', 'B126', 'B491', 'B536', 'B434']",6.0,S36,1.72,7,1,8,0.0,,-0.446704,-13.521589,-13.968293,False,False,18,S42,True,12,4.302,delivery,,,,,,,,,,,,,,,,,,,,,,,,,,,,,,,,,,,,,,,,,,,,,,,,,,,,
43,16,8,23,S36,False,7,1,8,0,12,0,0,0,0,"['B560', 'B369', 'B531', 'B384', 'B625', 'B477', 'B32', 'B130', 'B94', 'B372', 'B605', 'B380']",6.0,S42,7.67,19,1,20,0.0,,-0.372292,-13.43117,-13.803461,True,False,18,S61,True,12,4.5985,pickup,,,,,,,,,,,,,,,,,,,,,,,,,,,,,,,,,,,,,,,,,,,,,,,,,,,,
43,16,8,37,S42,False,19,1,20,12,0,1,0,0,0,"['B619', 'B244', 'B289', 'B81', 'B387', 'B710', 'B112', 'B560', 'B369', 'B531', 'B384', 'B625']",9.0,S52,8.01,7,1,8,0.0,,-0.332355,-13.402663,-13.735018,True,True,36,S56,True,20,8.0144,delivery+onsite,,,,,,,,,,,,,,,,,,,,,,,,,,,,,,,,,,,,,,,,,,,,,,,,,,,,
43,16,8,54,S52,False,7,1,8,0,12,0,0,0,0,"['B302', 'B115', 'B594', 'B365', 'B487', 'B212', 'B607', 'B466', 'B737', 'B56', 'B749', 'B184']",6.0,S61,2.0,19,1,20,0.0,,-0.238408,-13.224814,-13.463222,False,False,18,S61,True,6,4.2722,pickup,,,,,,,,,,,,,,,,,,,,,,,,,,,,,,,,,,,,,,,,,,,,,,,,,,,,
43,16,9,2,S61,False,19,1,20,9,0,0,1,0,0,"['B299', 'B477', 'B32', 'B130', 'B94', 'B372', 'B605', 'B380', 'B302', 'B115']",5.0,S27,2.28,10,2,12,0.0,,-0.258534,-13.084109,-13.342642,True,True,30,S27,False,12,6.2767,delivery+depot_removal,,,,,,,,,,,,,,,,,,,,,,,,,,,,,,,,,,,,,,,,,,,,,,,,,,,,
43,16,9,9,S27,False,10,2,12,10,0,1,0,0,0,"['B594', 'B365', 'B487', 'B212', 'B607', 'B466', 'B737', 'B56', 'B749', 'B184']",8.0,S47,4.34,0,2,2,0.0,,-0.154059,-13.166826,-13.320885,True,True,24,S47,False,20,4.8913,delivery+onsite,,,,,,,,,,,,,,,,,,,,,,,,,,,,,,,,,,,,,,,,,,,,,,,,,,,,
43,16,9,21,S47,False,0,2,2,0,14,0,0,0,0,"['B230', 'B348', 'B616', 'B759', 'B300', 'B70', 'B158', 'B382', 'B95', 'B339', 'B452', 'B722', 'B662', 'B31']",7.0,S13,5.99,14,2,16,0.0,,-0.104173,-13.028322,-13.132495,False,False,18,S55,True,9,4.2512,pickup,,,,,,,,,,,,,,,,,,,,,,,,,,,,,,,,,,,,,,,,,,,,,,,,,,,,
43,16,9,34,S13,False,14,2,16,14,0,0,1,0,0,"['B444', 'B230', 'B348', 'B616', 'B759', 'B300', 'B70', 'B158', 'B382', 'B95', 'B339', 'B452', 'B722', 'B662', 'B31']",7.5,S59,9.83,0,3,3,0.0,,-0.069331,-12.77503,-12.844361,True,True,24,S55,True,22,5.1844,delivery+depot_removal,,,,,,,,,,,,,,,,,,,,,,,,,,,,,,,,,,,,,,,,,,,,,,,,,,,,
43,16,9,52,S59,False,0,3,3,0,17,0,0,0,0,"['B55', 'B337', 'B187', 'B84', 'B664', 'B458', 'B190', 'B342', 'B312', 'B210', 'B103', 'B80', 'B162', 'B226', 'B739', 'B161', 'B411']",8.5,S29,7.54,17,3,20,0.0,,-0.163756,-12.707908,-12.871664,False,False,18,S18,True,13,3.959,pickup,,,,,,,,,,,,,,,,,,,,,,,,,,,,,,,,,,,,,,,,,,,,,,,,,,,,
43,16,10,8,S29,False,17,3,20,17,0,0,1,0,0,"['B415', 'B55', 'B337', 'B187', 'B84', 'B664', 'B458', 'B190', 'B342', 'B312', 'B210', 'B103', 'B80', 'B162', 'B226', 'B739', 'B161', 'B411']",9.0,S6,11.18,0,4,4,0.0,,-0.064501,-12.720918,-12.785419,True,True,30,S31,True,16,5.8327,delivery+depot_removal,,,,,,,,,,,,,,,,,,,,,,,,,,,,,,,,,,,,,,,,,,,,,,,,,,,,
43,16,10,28,S6,False,0,4,4,0,11,0,0,0,0,"['B72', 'B728', 'B87', 'B442', 'B615', 'B621', 'B6', 'B57', 'B524', 'B614', 'B14']",5.5,S20,3.4,11,4,15,0.0,,-0.11909,-12.896308,-13.015398,False,False,12,S32,True,7,2.5599,pickup,,,,,,,,,,,,,,,,,,,,,,,,,,,,,,,,,,,,,,,,,,,,,,,,,,,,
43,16,10,37,S20,False,11,4,15,10,0,0,0,0,0,"['B72', 'B728', 'B87', 'B442', 'B615', 'B621', 'B6', 'B57', 'B524', 'B614']",5.0,S32,13.51,1,4,5,0.0,,-0.327714,-13.153564,-13.481277,False,False,18,S7,True,7,3.4205,delivery,,,,,,,,,,,,,,,,,,,,,,,,,,,,,,,,,,,,,,,,,,,,,,,,,,,,
43,16,10,55,S32,False,1,4,5,0,15,0,0,0,0,"['B121', 'B135', 'B455', 'B314', 'B211', 'B30', 'B45', 'B557', 'B701', 'B96', 'B23', 'B310', 'B139', 'B723', 'B295']",7.5,S56,1.58,16,4,20,0.0,,-0.263591,-13.164741,-13.428331,False,False,12,S56,False,7,2.4476,pickup,,,,,,,,,,,,,,,,,,,,,,,,,,,,,,,,,,,,,,,,,,,,,,,,,,,,
43,16,11,4,S56,False,16,4,20,6,0,0,0,0,0,"['B14', 'B121', 'B135', 'B455', 'B314', 'B211']",3.0,S46,3.67,10,4,14,0.0,,-0.084451,-13.124119,-13.20857,False,False,18,S46,False,12,3.0681,delivery,,,,,,,,,,,,,,,,,,,,,,,,,,,,,,,,,,,,,,,,,,,,,,,,,,,,
43,16,11,11,S46,False,10,4,14,10,0,0,0,0,0,"['B30', 'B45', 'B557', 'B701', 'B96', 'B23', 'B310', 'B139', 'B723', 'B295']",5.0,S63,1.02,0,4,4,0.0,,-0.118977,-13.090433,-13.20941,False,False,12,S63,False,6,2.9494,delivery,,,,,,,,,,,,,,,,,,,,,,,,,,,,,,,,,,,,,,,,,,,,,,,,,,,,
43,16,11,17,S63,False,0,4,4,0,11,0,0,0,0,"['B205', 'B10', 'B93', 'B644', 'B74', 'B496', 'B99', 'B535', 'B529', 'B451', 'B182']",5.5,S51,3.43,11,4,15,0.0,,-0.064527,-13.081849,-13.146376,True,False,36,S37,True,25,7.5662,pickup,,,,,,,,,,,,,,,,,,,,,,,,,,,,,,,,,,,,,,,,,,,,,,,,,,,,
43,16,11,26,S51,False,11,4,15,11,0,0,0,0,0,"['B205', 'B10', 'B93', 'B644', 'B74', 'B496', 'B99', 'B535', 'B529', 'B451', 'B182']",5.5,S60,7.5,0,4,4,0.0,,-0.04459,-13.099842,-13.144431,False,False,12,S48,True,9,2.6312,delivery,,,,,,,,,,,,,,,,,,,,,,,,,,,,,,,,,,,,,,,,,,,,,,,,,,,,
43,16,11,39,S60,False,0,4,4,0,13,1,0,0,0,"['B538', 'B331', 'B548', 'B539', 'B582', 'B457', 'B17', 'B747', 'B77', 'B220', 'B554', 'B735', 'B725']",9.5,S6,8.96,13,4,17,0.0,,-0.054552,-13.200604,-13.255156,True,True,36,S48,True,19,7.063,pickup+onsite,,,,,,,,,,,,,,,,,,,,,,,,,,,,,,,,,,,,,,,,,,,,,,,,,,,,
43,16,11,57,S6,False,13,4,17,13,0,0,0,0,0,"['B538', 'B331', 'B548', 'B539', 'B582', 'B457', 'B17', 'B747', 'B77', 'B220', 'B554', 'B735', 'B725']",6.5,S37,11.36,0,4,4,0.0,,-0.128851,-13.226517,-13.355368,False,False,18,S35,True,13,3.4721,delivery,,,,,,,,,,,,,,,,,,,,,,,,,,,,,,,,,,,,,,,,,,,,,,,,,,,,
43,16,12,15,S37,False,0,4,4,0,15,0,0,0,0,"['B141', 'B502', 'B404', 'B667', 'B165', 'B530', 'B105', 'B65', 'B144', 'B107', 'B679', 'B16', 'B25', 'B478', 'B76']",7.5,S54,4.98,15,4,19,0.0,,-0.213857,-13.329266,-13.543123,False,False,18,S33,True,6,3.4774,pickup,,,,,,,,,,,,,,,,,,,,,,,,,,,,,,,,,,,,,,,,,,,,,,,,,,,,
43,16,12,28,S54,False,15,4,19,15,0,0,0,0,0,"['B141', 'B502', 'B404', 'B667', 'B165', 'B530', 'B105', 'B65', 'B144', 'B107', 'B679', 'B16', 'B25', 'B478', 'B76']",7.5,S61,4.83,0,4,4,0.0,,-0.228421,-13.440549,-13.66897,False,False,12,S14,True,6,2.3486,delivery,,,,,,,,,,,,,,,,,,,,,,,,,,,,,,,,,,,,,,,,,,,,,,,,,,,,
43,16,12,40,S61,False,0,4,4,0,9,0,0,0,0,"['B157', 'B418', 'B34', 'B199', 'B313', 'B623', 'B553', 'B343', 'B243']",4.5,S35,7.62,9,4,13,0.0,,-0.193542,-13.304777,-13.498319,False,False,18,S33,True,15,3.1412,pickup,,,,,,,,,,,,,,,,,,,,,,,,,,,,,,,,,,,,,,,,,,,,,,,,,,,,
43,16,12,52,S35,False,9,4,13,9,0,0,0,0,0,"['B157', 'B418', 'B34', 'B199', 'B313', 'B623', 'B553', 'B343', 'B243']",4.5,S42,1.31,0,4,4,0.0,,-0.223188,-13.407178,-13.630366,False,False,12,S42,False,6,2.1201,delivery,,,,,,,,,,,,,,,,,,,,,,,,,,,,,,,,,,,,,,,,,,,,,,,,,,,,
43,16,12,58,S42,False,0,4,4,0,11,0,0,0,0,"['B133', 'B706', 'B417', 'B399', 'B678', 'B318', 'B114', 'B168', 'B329', 'B461', 'B11']",5.5,S27,7.93,11,4,15,0.0,,-0.233289,-13.352671,-13.58596,False,False,18,S48,True,15,3.3858,pickup,,,,,,,,,,,,,,,,,,,,,,,,,,,,,,,,,,,,,,,,,,,,,,,,,,,,
43,16,13,11,S27,False,11,4,15,11,0,0,0,0,0,"['B133', 'B706', 'B417', 'B399', 'B678', 'B318', 'B114', 'B168', 'B329', 'B461', 'B11']",5.5,S48,8.86,0,4,4,0.0,,-0.119066,-13.46893,-13.587996,False,False,12,S48,False,8,2.3177,delivery,,,,,,,,,,,,,,,,,,,,,,,,,,,,,,,,,,,,,,,,,,,,,,,,,,,,
43,16,13,26,S48,False,0,4,4,0,9,0,0,0,0,"['B491', 'B536', 'B434', 'B332', 'B166', 'B574', 'B213', 'B516', 'B720']",4.5,S52,5.29,9,4,13,0.0,,-0.491811,-13.52851,-14.020321,False,False,18,S12,True,15,3.2324,pickup,,,,,,,,,,,,,,,,,,,,,,,,,,,,,,,,,,,,,,,,,,,,,,,,,,,,
43,16,13,36,S52,False,9,4,13,9,0,0,0,0,0,"['B491', 'B536', 'B434', 'B332', 'B166', 'B574', 'B213', 'B516', 'B720']",4.5,S12,6.66,0,4,4,0.0,,-0.357185,-13.341771,-13.698956,False,False,12,S66,True,7,2.2532,delivery,,,,,,,,,,,,,,,,,,,,,,,,,,,,,,,,,,,,,,,,,,,,,,,,,,,,
43,16,13,47,S12,False,0,4,4,0,16,0,0,0,0,"['B648', 'B123', 'B59', 'B381', 'B493', 'B227', 'B285', 'B109', 'B224', 'B419', 'B296', 'B73', 'B229', 'B397', 'B741', 'B71']",8.0,S26,13.22,16,4,20,0.0,,-0.540411,-13.267507,-13.807918,False,False,12,S26,False,6,2.8521,pickup,,,,,,,,,,,,,,,,,,,,,,,,,,,,,,,,,,,,,,,,,,,,,,,,,,,,
43,16,14,8,S26,False,16,4,20,16,0,0,0,0,0,"['B648', 'B123', 'B59', 'B381', 'B493', 'B227', 'B285', 'B109', 'B224', 'B419', 'B296', 'B73', 'B229', 'B397', 'B741', 'B71']",8.0,S66,5.64,0,4,4,0.0,,-0.769374,-13.207035,-13.976409,False,False,12,S29,True,6,2.7013,delivery,,,,,,,,,,,,,,,,,,,,,,,,,,,,,,,,,,,,,,,,,,,,,,,,,,,,
43,16,14,22,S66,False,0,4,4,0,16,0,0,0,0,"['B91', 'B717', 'B152', 'B283', 'B448', 'B87', 'B312', 'B380', 'B644', 'B286', 'B101', 'B404', 'B555', 'B621', 'B68', 'B161']",8.0,S29,6.29,16,4,20,0.0,,-0.615466,-13.250969,-13.866435,False,False,18,S29,True,6,3.9607,pickup,,,,,,,,,,,,,,,,,,,,,,,,,,,,,,,,,,,,,,,,,,,,,,,,,,,,
43,16,14,36,S29,False,16,4,20,16,0,0,0,0,0,"['B91', 'B717', 'B152', 'B283', 'B448', 'B87', 'B312', 'B380', 'B644', 'B286', 'B101', 'B404', 'B555', 'B621', 'B68', 'B161']",8.0,S31,6.48,0,4,4,0.0,,-0.640043,-13.207509,-13.847552,False,False,12,S15,True,8,2.9225,delivery,,,,,,,,,,,,,,,,,,,,,,,,,,,,,,,,,,,,,,,,,,,,,,,,,,,,
43,16,14,50,S31,False,0,4,4,0,16,0,0,0,0,"['B364', 'B62', 'B292', 'B110', 'B615', 'B442', 'B345', 'B226', 'B341', 'B507', 'B451', 'B676', 'B736', 'B67', 'B663', 'B291']",8.0,S64,1.37,16,4,20,0.0,,-0.670006,-13.263688,-13.933694,True,False,24,S15,True,13,6.243,pickup,,,,,,,,,,,,,,,,,,,,,,,,,,,,,,,,,,,,,,,,,,,,,,,,,,,,
43,16,15,0,S64,False,16,4,20,6,0,0,0,0,0,"['B364', 'B62', 'B292', 'B110', 'B615', 'B442']",3.0,S15,4.69,10,4,14,0.0,,-0.496388,-13.361494,-13.857882,False,False,18,S15,False,12,3.7176,delivery,,,,,,,,,,,,,,,,,,,,,,,,,,,,,,,,,,,,,,,,,,,,,,,,,,,,
43,16,15,7,S15,False,10,4,14,10,0,0,0,0,0,"['B345', 'B226', 'B341', 'B507', 'B451', 'B676', 'B736', 'B67', 'B663', 'B291']",5.0,S23,7.55,0,4,4,0.0,,-0.417007,-13.354285,-13.771292,False,False,12,S23,False,7,3.0487,delivery,,,,,,,,,,,,,,,,,,,,,,,,,,,,,,,,,,,,,,,,,,,,,,,,,,,,
43,16,15,20,S23,False,0,4,4,0,9,1,0,0,0,"['B707', 'B475', 'B55', 'B660', 'B264', 'B298', 'B611', 'B186', 'B385']",7.5,S38,6.46,9,4,13,0.0,,-0.446666,-13.328644,-13.77531,True,True,36,S41,True,30,9.238,pickup+onsite,,,,,,,,,,,,,,,,,,,,,,,,,,,,,,,,,,,,,,,,,,,,,,,,,,,,
43,16,15,34,S38,False,9,4,13,9,0,0,0,0,0,"['B707', 'B475', 'B55', 'B660', 'B264', 'B298', 'B611', 'B186', 'B385']",4.5,S43,3.11,0,4,4,0.0,,-0.675189,-13.18951,-13.864699,False,False,12,S16,True,6,3.2062,delivery,,,,,,,,,,,,,,,,,,,,,,,,,,,,,,,,,,,,,,,,,,,,,,,,,,,,
43,16,15,42,S43,False,0,4,4,0,16,1,0,0,0,"['B44', 'B740', 'B119', 'B354', 'B715', 'B684', 'B691', 'B201', 'B607', 'B262', 'B420', 'B113', 'B727', 'B559', 'B64', 'B61']",11.0,S54,4.49,16,4,20,0.0,,-0.546098,-13.159252,-13.705349,True,True,36,S32,True,21,8.6069,pickup+onsite,,,,,,,,,,,,,,,,,,,,,,,,,,,,,,,,,,,,,,,,,,,,,,,,,,,,
43,16,15,57,S54,False,16,4,20,13,0,0,0,0,0,"['B44', 'B740', 'B119', 'B354', 'B715', 'B684', 'B691', 'B201', 'B607', 'B262', 'B420', 'B113', 'B727']",6.5,S52,3.81,3,4,7,0.0,,-0.302998,-13.099882,-13.40288,False,False,18,S32,True,16,4.1625,delivery,,,,,,,,,,,,,,,,,,,,,,,,,,,,,,,,,,,,,,,,,,,,,,,,,,,,
43,16,16,7,S52,False,3,4,7,0,11,0,0,0,0,"['B704', 'B80', 'B471', 'B172', 'B163', 'B236', 'B529', 'B216', 'B375', 'B16', 'B288']",5.5,S24,8.87,14,4,18,0.0,,-0.292532,-13.019466,-13.311997,False,False,18,S11,True,15,3.0426,pickup,,,,,,,,,,,,,,,,,,,,,,,,,,,,,,,,,,,,,,,,,,,,,,,,,,,,
43,16,16,22,S24,False,14,4,18,14,0,0,0,0,0,"['B559', 'B64', 'B61', 'B704', 'B80', 'B471', 'B172', 'B163', 'B236', 'B529', 'B216', 'B375', 'B16', 'B288']",7.0,S53,9.66,0,4,4,0.0,,-0.362291,-13.067264,-13.429554,False,False,12,S19,True,9,3.3528,delivery,,,,,,,,,,,,,,,,,,,,,,,,,,,,,,,,,,,,,,,,,,,,,,,,,,,,
43,16,16,38,S53,False,0,4,4,0,12,0,1,0,0,"['B193', 'B120', 'B711', 'B508', 'B27', 'B197', 'B460', 'B35', 'B24', 'B249', 'B57', 'B613', 'B398']",6.5,S29,3.88,12,5,17,0.0,,-0.526525,-13.255529,-13.782055,True,True,36,S61,True,30,7.2418,pickup+depot_removal,,,,,,,,,,,,,,,,,,,,,,,,,,,,,,,,,,,,,,,,,,,,,,,,,,,,
43,16,16,49,S29,False,12,5,17,12,0,0,0,0,0,"['B193', 'B120', 'B711', 'B508', 'B27', 'B197', 'B460', 'B35', 'B24', 'B249', 'B57', 'B613']",6.0,S61,5.74,0,5,5,0.0,,-0.397385,-13.117965,-13.51535,False,False,12,S61,False,7,3.1621,delivery,,,,,,,,,,,,,,,,,,,,,,,,,,,,,,,,,,,,,,,,,,,,,,,,,,,,
43,16,17,0,S61,False,0,5,5,0,9,0,0,0,0,"['B462', 'B96', 'B644', 'B176', 'B361', 'B286', 'B336', 'B709', 'B68']",4.5,S54,4.83,9,5,14,0.0,,-0.23349,-13.040516,-13.274006,False,False,18,S37,True,13,4.7593,pickup,,,,,,,,,,,,,,,,,,,,,,,,,,,,,,,,,,,,,,,,,,,,,,,,,,,,
43,16,17,10,S54,False,9,5,14,9,0,1,0,0,0,"['B462', 'B96', 'B644', 'B176', 'B361', 'B286', 'B336', 'B709', 'B68']",7.5,S31,5.7,0,5,5,0.0,,-0.218459,-12.96719,-13.185649,True,True,24,S12,True,20,6.1126,delivery+onsite,,,,,,,,,,,,,,,,,,,,,,,,,,,,,,,,,,,,,,,,,,,,,,,,,,,,
43,16,17,23,S31,False,0,5,5,0,12,1,0,0,0,"['B165', 'B300', 'B677', 'B755', 'B697', 'B111', 'B318', 'B572', 'B153', 'B421', 'B481', 'B222']",9.0,S10,5.83,12,5,17,0.0,,-0.277904,-12.98606,-13.263964,True,True,36,S62,True,32,9.8834,pickup+onsite,,,,,,,,,,,,,,,,,,,,,,,,,,,,,,,,,,,,,,,,,,,,,,,,,,,,
43,16,17,38,S10,False,12,5,17,0,0,1,0,0,0,[],3.0,S55,2.1,12,5,17,0.0,,-0.17875,-13.073036,-13.251785,True,True,36,S55,True,8,7.9625,do_nothing+onsite,,,,,,,,,,,,,,,,,,,,,,,,,,,,,,,,,,,,,,,,,,,,,,,,,,,,
43,16,17,43,S55,False,12,5,17,12,0,0,0,0,0,"['B165', 'B300', 'B677', 'B755', 'B697', 'B111', 'B318', 'B572', 'B153', 'B421', 'B481', 'B222']",6.0,S62,3.22,0,5,5,0.0,,-0.114412,-13.022636,-13.137048,False,False,12,S57,True,6,3.0159,delivery,,,,,,,,,,,,,,,,,,,,,,,,,,,,,,,,,,,,,,,,,,,,,,,,,,,,
43,16,17,52,S62,False,0,5,5,0,14,0,0,0,0,"['B255', 'B634', 'B647', 'B218', 'B573', 'B537', 'B386', 'B693', 'B37', 'B248', 'B235', 'B527', 'B147', 'B290']",7.0,S66,2.92,14,5,19,0.0,,-0.154071,-12.996084,-13.150155,True,False,30,S15,True,19,7.8729,pickup,,,,,,,,,,,,,,,,,,,,,,,,,,,,,,,,,,,,,,,,,,,,,,,,,,,,
43,16,18,2,S66,False,14,5,19,10,0,0,0,0,0,"['B255', 'B634', 'B647', 'B218', 'B573', 'B537', 'B386', 'B693', 'B37', 'B248']",5.0,S57,8.16,4,5,9,0.0,,-0.084312,-12.980673,-13.064985,False,False,18,S49,True,8,6.2368,delivery,,,,,,,,,,,,,,,,,,,,,,,,,,,,,,,,,,,,,,,,,,,,,,,,,,,,
43,16,18,15,S57,False,4,5,9,0,9,0,1,0,0,"['B601', 'B595', 'B182', 'B553', 'B334', 'B455', 'B38', 'B158', 'B598', 'B287']",5.0,S5,16.39,13,6,19,0.0,,-0.133807,-13.036765,-13.170572,True,True,30,S14,True,25,5.946,pickup+depot_removal,,,,,,,,,,,,,,,,,,,,,,,,,,,,,,,,,,,,,,,,,,,,,,,,,,,,
43,16,18,37,S5,False,13,6,19,13,0,0,1,0,0,"['B682', 'B235', 'B527', 'B147', 'B290', 'B601', 'B595', 'B182', 'B553', 'B334', 'B455', 'B38', 'B158', 'B598']",7.0,S25,2.32,0,7,7,0.0,,-0.193731,-13.007781,-13.201511,True,True,24,S22,True,20,7.7578,delivery+depot_removal,,,,,,,,,,,,,,,,,,,,,,,,,,,,,,,,,,,,,,,,,,,,,,,,,,,,
43,16,18,46,S25,False,0,7,7,0,11,0,2,0,0,"['B51', 'B66', 'B396', 'B708', 'B494', 'B438', 'B9', 'B29', 'B52', 'B685', 'B426', 'B131', 'B306']",6.5,S30,8.25,11,9,20,0.0,,-0.168926,-12.978159,-13.147086,True,True,42,S22,True,38,12.6222,pickup+depot_removal,,,,,,,,,,,,,,,,,,,,,,,,,,,,,,,,,,,,,,,,,,,,,,,,,,,,
43,16,19,1,S30,False,11,9,20,6,0,1,0,0,0,"['B51', 'B66', 'B396', 'B708', 'B494', 'B438']",6.0,S61,2.92,5,9,14,0.0,,-0.178737,-13.053999,-13.232736,True,True,36,S61,False,31,6.0225,delivery+onsite,,,,,,,,,,,,,,,,,,,,,,,,,,,,,,,,,,,,,,,,,,,,,,,,,,,,
43,16,19,10,S61,False,5,9,14,5,0,0,0,0,0,"['B9', 'B29', 'B52', 'B685', 'B426']",2.5,S40,2.69,0,9,9,0.0,,-0.084363,-12.953793,-13.038155,False,False,12,S40,False,6,2.4881,delivery,,,,,,,,,,,,,,,,,,,,,,,,,,,,,,,,,,,,,,,,,,,,,,,,,,,,
43,16,19,15,S40,False,0,9,9,0,11,0,0,0,0,"['B93', 'B283', 'B22', 'B688', 'B541', 'B144', 'B107', 'B20', 'B10', 'B580', 'B155']",5.5,S50,4.22,11,9,20,0.0,,-0.054489,-12.912405,-12.966893,False,False,12,S8,True,7,2.5981,pickup,,,,,,,,,,,,,,,,,,,,,,,,,,,,,,,,,,,,,,,,,,,,,,,,,,,,
43,16,19,25,S50,False,11,9,20,11,0,0,0,0,0,"['B93', 'B283', 'B22', 'B688', 'B541', 'B144', 'B107', 'B20', 'B10', 'B580', 'B155']",5.5,S54,2.71,0,9,9,0.0,,-0.05459,-12.848118,-12.902707,False,False,12,S36,True,8,2.7554,delivery,,,,,,,,,,,,,,,,,,,,,,,,,,,,,,,,,,,,,,,,,,,,,,,,,,,,
43,16,19,33,S54,False,0,9,9,0,0,0,0,0,0,[],0.0,S63,3.86,0,9,9,0.0,,-0.044716,-12.861624,-12.906339,False,False,8,S55,True,1,2.2234,do_nothing,,,,,,,,,,,,,,,,,,,,,,,,,,,,,,,,,,,,,,,,,,,,,,,,,,,,
43,16,19,37,S63,False,0,9,9,0,8,1,1,0,0,"['B79', 'B92', 'B243', 'B717', 'B536', 'B410', 'B187', 'B372', 'B121']",7.5,S4,2.39,8,10,18,0.0,,-0.104198,-12.81268,-12.916878,True,True,35,S36,True,27,8.4878,pickup+maintenance,,,,,,,,,,,,,,,,,,,,,,,,,,,,,,,,,,,,,,,,,,,,,,,,,,,,
43,16,19,46,S4,False,8,10,18,8,0,0,0,0,0,"['B79', 'B92', 'B243', 'B717', 'B536', 'B410', 'B187', 'B372']",4.0,D0,1.53,0,10,10,0.0,,-0.084337,-13.013005,-13.097342,False,False,2,D0,False,1,0.3704,delivery,,,,,,,,,,,,,,,,,,,,,,,,,,,,,,,,,,,,,,,,,,,,,,,,,,,,
43,16,19,52,D0,True,0,10,10,0,0,0,0,10,0,"['B443', 'B299', 'B444', 'B415', 'B398', 'B287', 'B682', 'B131', 'B306', 'B121']",5.0,D0,0.0,0,0,0,0.0,,-0.039634,-12.970849,-13.010483,True,True,1,D0,False,0,0.1937,do_nothing,,,,,,,,,,,,,,,,,,,,,,,,,,,,,,,,,,,,,,,,,,,,,,,,,,,,
43,17,6,12,D0,True,0,0,0,0,0,0,0,0,6,"['B761', 'B657', 'B495', 'B366', 'B405', 'B699']",3.0,S62,0.46,6,0,6,0.0,,-0.779311,-14.055444,-14.834755,True,True,5,S39,True,0,0.9295,load_queue,,,,,,,,,,,,,,,,,,,,,,,,,,,,,,,,,,,,,,,,,,,,,,,,,,,,
43,17,6,30,S62,False,6,0,6,6,0,0,1,0,0,"['B260', 'B761', 'B657', 'B495', 'B366', 'B405', 'B699']",3.5,S54,2.78,0,1,1,0.0,,-0.982108,-13.834249,-14.816357,True,True,24,S39,True,20,5.4858,delivery+depot_removal,,,,,,,,,,,,,,,,,,,,,,,,,,,,,,,,,,,,,,,,,,,,,,,,,,,,
43,17,6,37,S54,False,0,1,1,0,15,0,1,0,0,"['B464', 'B63', 'B607', 'B223', 'B430', 'B678', 'B693', 'B593', 'B744', 'B492', 'B614', 'B114', 'B78', 'B263', 'B377', 'B341']",8.0,S66,5.58,15,2,17,0.0,,-0.869446,-13.786119,-14.655565,True,True,36,S39,True,19,7.4243,pickup+depot_removal,,,,,,,,,,,,,,,,,,,,,,,,,,,,,,,,,,,,,,,,,,,,,,,,,,,,
43,17,6,50,S66,False,15,2,17,15,0,0,0,0,0,"['B464', 'B63', 'B607', 'B223', 'B430', 'B678', 'B693', 'B593', 'B744', 'B492', 'B614', 'B114', 'B78', 'B263', 'B377']",7.5,S46,5.15,0,2,2,0.0,,-0.640926,-13.810615,-14.451541,False,False,12,S64,True,7,3.6138,delivery,,,,,,,,,,,,,,,,,,,,,,,,,,,,,,,,,,,,,,,,,,,,,,,,,,,,
43,17,7,3,S46,False,0,2,2,0,13,0,2,0,0,"['B27', 'B153', 'B145', 'B720', 'B22', 'B240', 'B346', 'B209', 'B523', 'B199', 'B141', 'B466', 'B318', 'B687', 'B465']",7.5,S65,8.22,13,4,17,0.0,,-0.41639,-13.8883,-14.30469,True,True,54,S37,True,34,14.399,pickup+depot_removal,,,,,,,,,,,,,,,,,,,,,,,,,,,,,,,,,,,,,,,,,,,,,,,,,,,,
43,17,7,19,S65,False,13,4,17,13,0,0,0,0,0,"['B27', 'B153', 'B145', 'B720', 'B22', 'B240', 'B346', 'B209', 'B523', 'B199', 'B141', 'B466', 'B318']",6.5,S37,5.89,0,4,4,0.0,,-0.630661,-13.803437,-14.434099,False,False,12,S37,False,6,3.051,delivery,,,,,,,,,,,,,,,,,,,,,,,,,,,,,,,,,,,,,,,,,,,,,,,,,,,,
43,17,7,31,S37,False,0,4,4,0,16,0,0,0,0,"['B207', 'B217', 'B602', 'B659', 'B520', 'B439', 'B65', 'B568', 'B448', 'B471', 'B343', 'B317', 'B176', 'B395', 'B11', 'B557']",8.0,S41,3.7,16,4,20,0.0,,-0.466653,-13.568765,-14.035418,False,False,12,S27,True,8,3.1818,pickup,,,,,,,,,,,,,,,,,,,,,,,,,,,,,,,,,,,,,,,,,,,,,,,,,,,,
43,17,7,43,S41,False,16,4,20,16,0,1,2,0,0,"['B459', 'B353', 'B207', 'B217', 'B602', 'B659', 'B520', 'B439', 'B65', 'B568', 'B448', 'B471', 'B343', 'B317', 'B176', 'B395', 'B11', 'B557']",12.0,S33,4.4,0,6,6,0.0,,-0.332707,-13.456374,-13.789081,True,True,48,S22,True,42,13.4031,delivery+maintenance,,,,,,,,,,,,,,,,,,,,,,,,,,,,,,,,,,,,,,,,,,,,,,,,,,,,
43,17,7,59,S33,False,0,6,6,0,14,0,0,0,0,"['B342', 'B169', 'B625', 'B763', 'B295', 'B629', 'B142', 'B304', 'B766', 'B408', 'B332', 'B119', 'B458', 'B622']",7.0,S15,3.7,14,6,20,0.0,,-0.302872,-13.456623,-13.759495,False,False,12,S15,False,6,2.9769,pickup,,,,,,,,,,,,,,,,,,,,,,,,,,,,,,,,,,,,,,,,,,,,,,,,,,,,
43,17,8,10,S15,False,14,6,20,14,0,0,0,0,0,"['B342', 'B169', 'B625', 'B763', 'B295', 'B629', 'B142', 'B304', 'B766', 'B408', 'B332', 'B119', 'B458', 'B622']",7.0,S36,7.68,0,6,6,0.0,,-0.248118,-13.415014,-13.663132,False,False,12,S4,True,7,2.9385,delivery,,,,,,,,,,,,,,,,,,,,,,,,,,,,,,,,,,,,,,,,,,,,,,,,,,,,
43,17,8,25,S36,False,0,6,6,0,12,0,1,0,0,"['B658', 'B425', 'B67', 'B663', 'B532', 'B185', 'B591', 'B357', 'B688', 'B226', 'B203', 'B648', 'B389']",6.5,S27,7.66,12,7,19,0.0,,-0.158599,-13.459523,-13.618122,True,True,30,S4,True,27,6.8926,pickup+depot_removal,,,,,,,,,,,,,,,,,,,,,,,,,,,,,,,,,,,,,,,,,,,,,,,,,,,,
43,17,8,39,S27,False,12,7,19,12,0,0,0,0,0,"['B658', 'B425', 'B67', 'B663', 'B532', 'B185', 'B591', 'B357', 'B688', 'B226', 'B203', 'B648']",6.0,S12,10.31,0,7,7,0.0,,-0.287601,-13.347499,-13.6351,False,False,12,S12,False,7,2.7781,delivery,,,,,,,,,,,,,,,,,,,,,,,,,,,,,,,,,,,,,,,,,,,,,,,,,,,,
43,17,8,55,S12,False,0,7,7,0,11,0,0,0,0,"['B21', 'B421', 'B320', 'B650', 'B666', 'B286', 'B89', 'B336', 'B440', 'B677', 'B355']",5.5,S48,1.68,11,7,18,0.0,,-0.233327,-13.282609,-13.515936,False,False,18,S4,True,16,4.0577,pickup,,,,,,,,,,,,,,,,,,,,,,,,,,,,,,,,,,,,,,,,,,,,,,,,,,,,
43,17,9,2,S48,False,11,7,18,11,0,0,0,0,0,"['B21', 'B421', 'B320', 'B650', 'B666', 'B286', 'B89', 'B336', 'B440', 'B677', 'B355']",5.5,S6,16.42,0,7,7,0.0,,-0.357021,-13.242241,-13.599262,False,False,18,S51,True,13,3.7405,delivery,,,,,,,,,,,,,,,,,,,,,,,,,,,,,,,,,,,,,,,,,,,,,,,,,,,,
43,17,9,24,S6,False,0,7,7,0,13,0,0,0,0,"['B548', 'B539', 'B582', 'B457', 'B17', 'B747', 'B77', 'B220', 'B554', 'B735', 'B725', 'B192', 'B646']",6.5,S66,8.3,13,7,20,0.0,,-0.516035,-13.317129,-13.833164,False,False,12,S22,True,8,2.9463,pickup,,,,,,,,,,,,,,,,,,,,,,,,,,,,,,,,,,,,,,,,,,,,,,,,,,,,
43,17,9,39,S66,False,13,7,20,13,0,0,0,0,0,"['B548', 'B539', 'B582', 'B457', 'B17', 'B747', 'B77', 'B220', 'B554', 'B735', 'B725', 'B192', 'B646']",6.5,S18,2.06,0,7,7,0.0,,-0.173441,-13.201444,-13.374885,False,False,12,S18,False,6,2.4607,delivery,,,,,,,,,,,,,,,,,,,,,,,,,,,,,,,,,,,,,,,,,,,,,,,,,,,,
43,17,9,47,S18,False,0,7,7,0,12,0,1,0,0,"['B600', 'B633', 'B630', 'B31', 'B325', 'B360', 'B134', 'B230', 'B620', 'B474', 'B424', 'B453', 'B319']",6.5,S34,5.53,12,8,20,0.0,,-0.233314,-13.076456,-13.30977,True,True,30,S44,True,25,5.9208,pickup+depot_removal,,,,,,,,,,,,,,,,,,,,,,,,,,,,,,,,,,,,,,,,,,,,,,,,,,,,
43,17,10,0,S34,False,12,8,20,11,0,0,0,0,0,"['B600', 'B633', 'B630', 'B31', 'B325', 'B360', 'B134', 'B230', 'B620', 'B474', 'B424']",5.5,S63,5.11,1,8,9,0.0,,-0.267993,-13.040456,-13.308449,False,False,18,S17,True,7,3.3466,delivery,,,,,,,,,,,,,,,,,,,,,,,,,,,,,,,,,,,,,,,,,,,,,,,,,,,,
43,17,10,10,S63,False,1,8,9,0,11,0,0,0,0,"['B445', 'B138', 'B369', 'B729', 'B0', 'B222', 'B72', 'B609', 'B266', 'B136', 'B144']",5.5,S17,9.98,12,8,20,0.0,,-0.376819,-13.129258,-13.506077,False,False,12,S56,True,8,2.1832,pickup,,,,,,,,,,,,,,,,,,,,,,,,,,,,,,,,,,,,,,,,,,,,,,,,,,,,
43,17,10,26,S17,False,12,8,20,12,0,0,0,0,0,"['B453', 'B445', 'B138', 'B369', 'B729', 'B0', 'B222', 'B72', 'B609', 'B266', 'B136', 'B144']",6.0,S55,8.57,0,8,8,0.0,,-0.272885,-13.066743,-13.339628,False,False,18,S29,True,13,3.4054,delivery,,,,,,,,,,,,,,,,,,,,,,,,,,,,,,,,,,,,,,,,,,,,,,,,,,,,
43,17,10,40,S55,False,0,8,8,0,12,0,0,0,0,"['B305', 'B253', 'B311', 'B703', 'B186', 'B656', 'B265', 'B701', 'B655', 'B59', 'B626', 'B261']",6.0,S20,12.9,12,8,20,0.0,,-0.158536,-13.314667,-13.473203,False,False,12,S26,True,9,2.4891,pickup,,,,,,,,,,,,,,,,,,,,,,,,,,,,,,,,,,,,,,,,,,,,,,,,,,,,
43,17,10,59,S20,False,12,8,20,12,0,1,0,0,0,"['B305', 'B253', 'B311', 'B703', 'B186', 'B656', 'B265', 'B701', 'B655', 'B59', 'B626', 'B261']",9.0,S5,2.84,0,8,8,0.0,,-0.302721,-13.359413,-13.662134,True,True,36,S22,True,34,5.9964,delivery+onsite,,,,,,,,,,,,,,,,,,,,,,,,,,,,,,,,,,,,,,,,,,,,,,,,,,,,
43,17,11,11,S5,False,0,8,8,0,12,0,0,0,0,"['B206', 'B235', 'B527', 'B147', 'B290', 'B601', 'B595', 'B182', 'B553', 'B334', 'B455', 'B38']",6.0,S22,4.5,12,8,20,0.0,,-0.09928,-13.319212,-13.418492,False,False,12,S47,True,6,2.2806,pickup,,,,,,,,,,,,,,,,,,,,,,,,,,,,,,,,,,,,,,,,,,,,,,,,,,,,
43,17,11,21,S22,False,12,8,20,12,0,0,0,0,0,"['B206', 'B235', 'B527', 'B147', 'B290', 'B601', 'B595', 'B182', 'B553', 'B334', 'B455', 'B38']",6.0,S47,2.32,0,8,8,0.0,,-0.133983,-13.368981,-13.502965,False,False,12,S47,False,6,2.2523,delivery,,,,,,,,,,,,,,,,,,,,,,,,,,,,,,,,,,,,,,,,,,,,,,,,,,,,
43,17,11,30,S47,False,0,8,8,0,12,0,0,0,0,"['B164', 'B669', 'B49', 'B112', 'B33', 'B497', 'B739', 'B90', 'B208', 'B371', 'B340', 'B132']",6.0,S29,9.08,12,8,20,0.0,,-0.128599,-13.369624,-13.498223,True,False,18,S55,True,12,3.1409,pickup,,,,,,,,,,,,,,,,,,,,,,,,,,,,,,,,,,,,,,,,,,,,,,,,,,,,
43,17,11,45,S29,False,12,8,20,12,0,0,0,0,0,"['B164', 'B669', 'B49', 'B112', 'B33', 'B497', 'B739', 'B90', 'B208', 'B371', 'B340', 'B132']",6.0,S16,5.41,0,8,8,0.0,,-0.233629,-13.468682,-13.702311,False,False,12,S43,True,8,2.4325,delivery,,,,,,,,,,,,,,,,,,,,,,,,,,,,,,,,,,,,,,,,,,,,,,,,,,,,
43,17,11,56,S16,False,0,8,8,0,9,0,1,0,0,"['B108', 'B42', 'B171', 'B702', 'B330', 'B23', 'B516', 'B419', 'B468', 'B587']",5.0,S43,0.58,9,9,18,0.0,,-0.392064,-13.498556,-13.89062,True,True,36,S33,True,30,7.0367,pickup+depot_removal,,,,,,,,,,,,,,,,,,,,,,,,,,,,,,,,,,,,,,,,,,,,,,,,,,,,
43,17,12,2,S43,False,9,9,18,9,0,0,1,0,0,"['B691', 'B108', 'B42', 'B171', 'B702', 'B330', 'B23', 'B516', 'B419', 'B468']",5.0,S55,4.24,0,10,10,0.0,,-0.218497,-13.409517,-13.628014,True,True,24,S64,True,21,4.0661,delivery+depot_removal,,,,,,,,,,,,,,,,,,,,,,,,,,,,,,,,,,,,,,,,,,,,,,,,,,,,
43,17,12,11,S55,False,0,10,10,0,10,0,0,0,0,"['B51', 'B430', 'B556', 'B244', 'B760', 'B294', 'B71', 'B218', 'B491', 'B129']",5.0,S26,6.67,10,10,20,0.0,,-0.163593,-13.43227,-13.595863,False,False,12,S54,True,7,2.0776,pickup,,,,,,,,,,,,,,,,,,,,,,,,,,,,,,,,,,,,,,,,,,,,,,,,,,,,
43,17,12,23,S26,False,10,10,20,10,0,0,0,0,0,"['B51', 'B430', 'B556', 'B244', 'B760', 'B294', 'B71', 'B218', 'B491', 'B129']",5.0,S41,6.65,0,10,10,0.0,,-0.168511,-13.522649,-13.69116,False,False,12,S14,True,6,2.0968,delivery,,,,,,,,,,,,,,,,,,,,,,,,,,,,,,,,,,,,,,,,,,,,,,,,,,,,
43,17,12,34,S41,False,0,10,10,0,10,0,0,0,0,"['B317', 'B176', 'B395', 'B11', 'B557', 'B153', 'B352', 'B492', 'B249', 'B309']",5.0,S54,6.96,10,10,20,0.0,,-0.178183,-13.616266,-13.794449,False,False,12,S15,True,7,2.2585,pickup,,,,,,,,,,,,,,,,,,,,,,,,,,,,,,,,,,,,,,,,,,,,,,,,,,,,
43,17,12,46,S54,False,10,10,20,10,0,0,0,0,0,"['B317', 'B176', 'B395', 'B11', 'B557', 'B153', 'B352', 'B492', 'B249', 'B309']",5.0,S33,3.1,0,10,10,0.0,,-0.198245,-13.789957,-13.988202,False,False,12,S15,True,10,2.3423,delivery,,,,,,,,,,,,,,,,,,,,,,,,,,,,,,,,,,,,,,,,,,,,,,,,,,,,
43,17,12,54,S33,False,0,10,10,0,10,0,0,0,0,"['B558', 'B111', 'B278', 'B490', 'B35', 'B478', 'B518', 'B107', 'B7', 'B143']",5.0,S29,4.32,10,10,20,0.0,,-0.545996,-13.774943,-14.32094,False,False,12,S29,False,6,2.6371,pickup,,,,,,,,,,,,,,,,,,,,,,,,,,,,,,,,,,,,,,,,,,,,,,,,,,,,
43,17,13,4,S29,False,10,10,20,10,0,0,0,0,0,"['B558', 'B111', 'B278', 'B490', 'B35', 'B478', 'B518', 'B107', 'B7', 'B143']",5.0,S65,8.87,0,10,10,0.0,,-0.38644,-13.870302,-14.256742,False,False,12,S14,True,6,2.8386,delivery,,,,,,,,,,,,,,,,,,,,,,,,,,,,,,,,,,,,,,,,,,,,,,,,,,,,
43,17,13,18,S65,False,0,10,10,0,10,0,0,0,0,"['B318', 'B593', 'B744', 'B20', 'B383', 'B78', 'B88', 'B364', 'B659', 'B600']",5.0,S37,5.89,10,10,20,0.0,,-0.566122,-13.90381,-14.469932,False,False,12,S15,True,8,2.6221,pickup,,,,,,,,,,,,,,,,,,,,,,,,,,,,,,,,,,,,,,,,,,,,,,,,,,,,
43,17,13,29,S37,False,10,10,20,10,0,0,0,0,0,"['B318', 'B593', 'B744', 'B20', 'B383', 'B78', 'B88', 'B364', 'B659', 'B600']",5.0,S18,1.43,0,10,10,0.0,,-0.461206,-13.843379,-14.304585,False,False,12,S18,False,6,2.6074,delivery,,,,,,,,,,,,,,,,,,,,,,,,,,,,,,,,,,,,,,,,,,,,,,,,,,,,
43,17,13,35,S18,False,0,10,10,0,9,0,1,0,0,"['B74', 'B183', 'B578', 'B198', 'B343', 'B413', 'B268', 'B130', 'B472', 'B191']",5.0,S44,2.71,9,11,20,0.0,,-0.40639,-13.619981,-14.026371,True,True,36,S60,True,31,6.113,pickup+depot_removal,,,,,,,,,,,,,,,,,,,,,,,,,,,,,,,,,,,,,,,,,,,,,,,,,,,,
43,17,13,43,S44,False,9,11,20,9,0,0,0,0,0,"['B74', 'B183', 'B578', 'B198', 'B343', 'B413', 'B268', 'B130', 'B472']",4.5,S13,12.17,0,11,11,0.0,,-0.32238,-13.600787,-13.923167,False,False,12,S59,True,8,2.0915,delivery,,,,,,,,,,,,,,,,,,,,,,,,,,,,,,,,,,,,,,,,,,,,,,,,,,,,
43,17,13,59,S13,False,0,11,11,0,9,0,0,0,0,"['B246', 'B462', 'B231', 'B79', 'B92', 'B581', 'B401', 'B422', 'B449']",4.5,S63,12.63,9,11,20,0.0,,-0.421131,-13.698619,-14.119751,True,False,24,S60,True,12,4.4537,pickup,,,,,,,,,,,,,,,,,,,,,,,,,,,,,,,,,,,,,,,,,,,,,,,,,,,,
43,17,14,16,S63,False,9,11,20,9,0,0,0,0,0,"['B246', 'B462', 'B231', 'B79', 'B92', 'B581', 'B401', 'B422', 'B449']",4.5,S62,2.46,0,11,11,0.0,,-0.575795,-13.826061,-14.401856,False,False,12,S62,False,6,2.1344,delivery,,,,,,,,,,,,,,,,,,,,,,,,,,,,,,,,,,,,,,,,,,,,,,,,,,,,
43,17,14,23,S62,False,0,11,11,0,9,0,0,0,0,"['B259', 'B365', 'B372', 'B256', 'B236', 'B710', 'B179', 'B592', 'B178']",4.5,S34,2.8,9,11,20,0.0,,-0.387033,-13.695554,-14.082587,False,False,12,S40,True,7,2.5972,pickup,,,,,,,,,,,,,,,,,,,,,,,,,,,,,,,,,,,,,,,,,,,,,,,,,,,,
43,17,14,31,S34,False,9,11,20,9,0,0,0,0,0,"['B259', 'B365', 'B372', 'B256', 'B236', 'B710', 'B179', 'B592', 'B178']",4.5,S30,5.86,0,11,11,0.0,,-0.62558,-13.754265,-14.379845,False,False,12,S55,True,6,2.4258,delivery,,,,,,,,,,,,,,,,,,,,,,,,,,,,,,,,,,,,,,,,,,,,,,,,,,,,
43,17,14,41,S30,False,0,11,11,0,9,0,0,0,0,"['B209', 'B189', 'B434', 'B202', 'B456', 'B523', 'B740', 'B475', 'B320']",4.5,S55,7.99,9,11,20,0.0,,-0.412354,-13.630291,-14.042645,False,False,12,S48,True,6,2.3014,pickup,,,,,,,,,,,,,,,,,,,,,,,,,,,,,,,,,,,,,,,,,,,,,,,,,,,,
43,17,14,54,S55,False,9,11,20,9,0,0,0,0,0,"['B209', 'B189', 'B434', 'B202', 'B456', 'B523', 'B740', 'B475', 'B320']",4.5,S41,7.46,0,11,11,0.0,,-0.312695,-13.6085,-13.921196,False,False,12,S40,True,6,2.3152,delivery,,,,,,,,,,,,,,,,,,,,,,,,,,,,,,,,,,,,,,,,,,,,,,,,,,,,
43,17,15,6,S41,False,0,11,11,0,9,1,0,0,0,"['B651', 'B17', 'B324', 'B230', 'B384', 'B311', 'B117', 'B558', 'B278']",7.5,S27,3.14,9,11,20,0.0,,-0.312582,-13.771852,-14.084434,True,True,24,S48,True,18,4.2012,pickup+onsite,,,,,,,,,,,,,,,,,,,,,,,,,,,,,,,,,,,,,,,,,,,,,,,,,,,,
43,17,15,16,S27,False,9,11,20,9,0,0,0,0,0,"['B651', 'B17', 'B324', 'B230', 'B384', 'B311', 'B117', 'B558', 'B278']",4.5,S48,8.86,0,11,11,0.0,,-0.461823,-13.699578,-14.161401,False,False,12,S36,True,10,2.333,delivery,,,,,,,,,,,,,,,,,,,,,,,,,,,,,,,,,,,,,,,,,,,,,,,,,,,,
43,17,15,30,S48,False,0,11,11,0,9,0,0,0,0,"['B677', 'B355', 'B301', 'B300', 'B159', 'B675', 'B215', 'B304', 'B638']",4.5,S15,9.05,9,11,20,0.0,,-0.17363,-13.361429,-13.535059,False,False,12,S36,True,7,2.0813,pickup,,,,,,,,,,,,,,,,,,,,,,,,,,,,,,,,,,,,,,,,,,,,,,,,,,,,
43,17,15,43,S15,False,9,11,20,9,0,0,0,0,0,"['B677', 'B355', 'B301', 'B300', 'B159', 'B675', 'B215', 'B304', 'B638']",4.5,S31,3.53,0,11,11,0.0,,-0.247967,-13.366463,-13.614431,False,False,12,S36,True,6,2.1319,delivery,,,,,,,,,,,,,,,,,,,,,,,,,,,,,,,,,,,,,,,,,,,,,,,,,,,,
43,17,15,51,S31,False,0,11,11,0,9,1,0,0,0,"['B421', 'B123', 'B641', 'B264', 'B370', 'B532', 'B488', 'B594', 'B505']",7.5,S51,7.45,9,11,20,0.0,,-0.397361,-13.427619,-13.824979,True,True,36,S30,True,27,5.7067,pickup+onsite,,,,,,,,,,,,,,,,,,,,,,,,,,,,,,,,,,,,,,,,,,,,,,,,,,,,
43,17,16,6,S51,False,9,11,20,9,0,1,0,0,0,"['B421', 'B123', 'B641', 'B264', 'B370', 'B532', 'B488', 'B594', 'B505']",7.5,S22,11.78,0,11,11,0.0,,-0.352241,-13.382515,-13.734756,True,True,24,S40,True,18,4.2396,delivery+onsite,,,,,,,,,,,,,,,,,,,,,,,,,,,,,,,,,,,,,,,,,,,,,,,,,,,,
43,17,16,25,S22,False,0,11,11,0,9,0,0,0,0,"['B25', 'B56', 'B342', 'B141', 'B433', 'B601', 'B91', 'B617', 'B484']",4.5,S40,7.68,9,11,20,0.0,,-0.441533,-13.509928,-13.951461,False,False,12,S65,True,7,2.2533,pickup,,,,,,,,,,,,,,,,,,,,,,,,,,,,,,,,,,,,,,,,,,,,,,,,,,,,
43,17,16,38,S40,False,9,11,20,9,0,1,0,0,0,"['B25', 'B56', 'B342', 'B141', 'B433', 'B601', 'B91', 'B617', 'B484']",7.5,S60,4.29,0,11,11,0.0,,-0.446591,-13.328337,-13.774927,True,True,24,S10,True,18,4.0032,delivery+onsite,,,,,,,,,,,,,,,,,,,,,,,,,,,,,,,,,,,,,,,,,,,,,,,,,,,,
43,17,16,49,S60,False,0,11,11,0,9,0,0,0,0,"['B672', 'B664', 'B232', 'B96', 'B392', 'B184', 'B206', 'B724', 'B595']",4.5,S66,1.23,9,11,20,0.0,,-0.606084,-13.32187,-13.927954,False,False,12,S30,True,6,2.1536,pickup,,,,,,,,,,,,,,,,,,,,,,,,,,,,,,,,,,,,,,,,,,,,,,,,,,,,
43,17,16,55,S66,False,9,11,20,9,0,0,0,0,0,"['B672', 'B664', 'B232', 'B96', 'B392', 'B184', 'B206', 'B724', 'B595']",4.5,S53,4.87,0,11,11,0.0,,-0.288131,-13.268866,-13.556997,False,False,12,S31,True,8,2.2969,delivery,,,,,,,,,,,,,,,,,,,,,,,,,,,,,,,,,,,,,,,,,,,,,,,,,,,,
43,17,17,4,S53,False,0,11,11,0,9,0,0,0,0,"['B625', 'B565', 'B440', 'B557', 'B111', 'B605', 'B657', 'B637', 'B593']",4.5,S29,3.88,9,11,20,0.0,,-0.218271,-13.042593,-13.260864,False,False,12,S62,True,10,2.3738,pickup,,,,,,,,,,,,,,,,,,,,,,,,,,,,,,,,,,,,,,,,,,,,,,,,,,,,
43,17,17,13,S29,False,9,11,20,9,0,0,0,0,0,"['B625', 'B565', 'B440', 'B557', 'B111', 'B605', 'B657', 'B637', 'B593']",4.5,S62,3.79,0,11,11,0.0,,-0.223642,-12.994828,-13.21847,False,False,12,S50,True,7,2.1941,delivery,,,,,,,,,,,,,,,,,,,,,,,,,,,,,,,,,,,,,,,,,,,,,,,,,,,,
43,17,17,21,S62,False,0,11,11,0,9,0,0,0,0,"['B33', 'B277', 'B715', 'B189', 'B624', 'B462', 'B137', 'B708', 'B714']",4.5,S50,4.95,9,11,20,0.0,,-0.153908,-12.874384,-13.028292,False,False,12,S3,True,10,2.4875,pickup,,,,,,,,,,,,,,,,,,,,,,,,,,,,,,,,,,,,,,,,,,,,,,,,,,,,
43,17,17,31,S50,False,9,11,20,9,0,0,0,0,0,"['B33', 'B277', 'B715', 'B189', 'B624', 'B462', 'B137', 'B708', 'B714']",4.5,S31,7.46,0,11,11,0.0,,-0.19856,-12.616089,-12.81465,False,False,12,S51,True,6,2.3653,delivery,,,,,,,,,,,,,,,,,,,,,,,,,,,,,,,,,,,,,,,,,,,,,,,,,,,,
43,17,17,43,S31,False,0,11,11,0,9,1,0,0,0,"['B253', 'B97', 'B84', 'B83', 'B629', 'B102', 'B755', 'B289', 'B44']",7.5,S51,7.45,9,11,20,0.0,,-0.079419,-12.589767,-12.669186,True,True,24,S3,True,21,4.7258,pickup+onsite,,,,,,,,,,,,,,,,,,,,,,,,,,,,,,,,,,,,,,,,,,,,,,,,,,,,
43,17,17,57,S51,False,9,11,20,9,0,0,0,0,0,"['B253', 'B97', 'B84', 'B83', 'B629', 'B102', 'B755', 'B289', 'B44']",4.5,S60,7.5,0,11,11,0.0,,-0.054476,-12.450244,-12.504721,False,False,12,S12,True,10,1.9934,delivery,,,,,,,,,,,,,,,,,,,,,,,,,,,,,,,,,,,,,,,,,,,,,,,,,,,,
43,17,18,9,S60,False,0,11,11,0,9,0,0,0,0,"['B173', 'B233', 'B198', 'B685', 'B509', 'B65', 'B165', 'B67', 'B45']",4.5,S49,2.05,9,11,20,0.0,,-0.024804,-12.402923,-12.427728,False,False,12,S65,True,6,2.6107,pickup,,,,,,,,,,,,,,,,,,,,,,,,,,,,,,,,,,,,,,,,,,,,,,,,,,,,
43,17,18,16,S49,False,9,11,20,9,0,1,0,0,0,"['B173', 'B233', 'B198', 'B685', 'B509', 'B65', 'B165', 'B67', 'B45']",7.5,S65,4.37,0,11,11,0.0,,-0.054539,-12.384382,-12.438922,True,True,24,S10,True,18,4.9082,delivery+onsite,,,,,,,,,,,,,,,,,,,,,,,,,,,,,,,,,,,,,,,,,,,,,,,,,,,,
43,17,18,28,S65,False,0,11,11,0,9,0,0,0,0,"['B187', 'B197', 'B678', 'B597', 'B537', 'B130', 'B58', 'B295', 'B238']",4.5,S10,8.22,9,11,20,0.0,,-0.034829,-12.462073,-12.496902,False,False,12,S10,False,6,2.3366,pickup,,,,,,,,,,,,,,,,,,,,,,,,,,,,,,,,,,,,,,,,,,,,,,,,,,,,
43,17,18,41,S10,False,9,11,20,9,0,0,0,0,0,"['B187', 'B197', 'B678', 'B597', 'B537', 'B130', 'B58', 'B295', 'B238']",4.5,S53,3.54,0,11,11,0.0,,-0.089381,-12.971617,-13.060997,False,False,12,S14,True,8,2.8781,delivery,,,,,,,,,,,,,,,,,,,,,,,,,,,,,,,,,,,,,,,,,,,,,,,,,,,,
43,17,18,49,S53,False,0,11,11,0,9,0,0,0,0,"['B95', 'B524', 'B567', 'B662', 'B357', 'B372', 'B344', 'B677', 'B203']",4.5,S39,6.57,9,11,20,0.0,,-0.089444,-12.916279,-13.005723,False,False,12,S61,True,9,2.2763,pickup,,,,,,,,,,,,,,,,,,,,,,,,,,,,,,,,,,,,,,,,,,,,,,,,,,,,
43,17,19,0,S39,False,9,11,20,0,0,0,0,0,0,[],0.0,S1,11.64,9,11,20,0.0,,-0.148864,-12.991254,-13.140117,True,False,6,S1,False,1,1.0964,do_nothing,,,,,,,,,,,,,,,,,,,,,,,,,,,,,,,,,,,,,,,,,,,,,,,,,,,,
43,17,19,11,S1,False,9,11,20,9,0,0,0,0,0,"['B95', 'B524', 'B567', 'B662', 'B357', 'B372', 'B344', 'B677', 'B203']",4.5,S0,3.13,0,11,11,0.0,,-0.163605,-12.839974,-13.003579,False,False,12,S35,True,9,2.915,delivery,,,,,,,,,,,,,,,,,,,,,,,,,,,,,,,,,,,,,,,,,,,,,,,,,,,,
43,17,19,19,S0,False,0,11,11,0,9,0,0,0,0,"['B73', 'B485', 'B635', 'B394', 'B307', 'B590', 'B47', 'B105', 'B513']",4.5,S35,3.47,9,11,20,0.0,,-0.11904,-12.771881,-12.890922,False,False,12,S61,True,8,3.0328,pickup,,,,,,,,,,,,,,,,,,,,,,,,,,,,,,,,,,,,,,,,,,,,,,,,,,,,
43,17,19,27,S35,False,9,11,20,9,0,2,0,0,0,"['B73', 'B485', 'B635', 'B394', 'B307', 'B590', 'B47', 'B105', 'B513']",10.5,S61,7.62,0,11,11,0.0,,-0.198673,-12.757393,-12.956066,True,True,36,S14,True,34,8.5492,delivery+onsite,,,,,,,,,,,,,,,,,,,,,,,,,,,,,,,,,,,,,,,,,,,,,,,,,,,,
43,17,19,45,S61,False,0,11,11,0,0,0,0,0,0,[],0.0,S31,1.01,0,11,11,0.0,,-0.148826,-12.599115,-12.74794,False,False,5,D0,True,0,0.9679,do_nothing,,,,,,,,,,,,,,,,,,,,,,,,,,,,,,,,,,,,,,,,,,,,,,,,,,,,
43,17,19,46,S31,False,0,11,11,0,0,0,1,0,0,['B423'],0.5,S61,1.01,0,12,12,0.0,,-0.153945,-12.58803,-12.741975,True,True,5,S61,False,2,0.908,do_nothing+depot_removal,,,,,,,,,,,,,,,,,,,,,,,,,,,,,,,,,,,,,,,,,,,,,,,,,,,,
43,17,19,48,S61,False,0,12,12,0,8,0,0,0,0,"['B533', 'B411', 'B169', 'B690', 'B747', 'B642', 'B164', 'B143']",4.0,D0,1.02,8,12,20,0.0,,-0.104186,-12.828013,-12.932199,False,False,2,D0,False,1,0.372,pickup,,,,,,,,,,,,,,,,,,,,,,,,,,,,,,,,,,,,,,,,,,,,,,,,,,,,
43,17,19,53,D0,True,8,12,20,0,0,0,0,12,10,"['B443', 'B299', 'B444', 'B415', 'B398', 'B287', 'B682', 'B131', 'B306', 'B121', 'B260', 'B341', 'B687', 'B465', 'B459', 'B353', 'B389', 'B319', 'B587', 'B691', 'B191', 'B423']",11.0,D0,0.0,18,0,18,0.0,,-0.153693,-12.776112,-12.929805,True,True,1,D0,False,0,0.1944,do_nothing,,,,,,,,,,,,,,,,,,,,,,,,,,,,,,,,,,,,,,,,,,,,,,,,,,,,
43,18,6,4,D0,True,18,0,18,0,0,0,0,0,0,[],0.0,S51,3.91,18,0,18,0.0,,-1.156468,-14.270541,-15.427009,True,True,5,S40,True,2,1.1181,depot_passthrough,,,,,,,,,,,,,,,,,,,,,,,,,,,,,,,,,,,,,,,,,,,,,,,,,,,,
43,18,6,22,S51,False,18,0,18,18,0,0,0,0,0,"['B533', 'B411', 'B169', 'B690', 'B747', 'B642', 'B164', 'B143', 'B443', 'B299', 'B444', 'B415', 'B398', 'B287', 'B682', 'B131', 'B306', 'B121']",9.0,S37,4.67,0,0,0,0.0,,-1.425016,-14.706036,-16.131052,False,False,12,S10,True,6,3.0558,delivery,,,,,,,,,,,,,,,,,,,,,,,,,,,,,,,,,,,,,,,,,,,,,,,,,,,,
43,18,6,36,S37,False,0,0,0,0,20,0,0,0,0,"['B695', 'B762', 'B684', 'B392', 'B407', 'B338', 'B577', 'B599', 'B100', 'B156', 'B379', 'B245', 'B217', 'B153', 'B139', 'B88', 'B196', 'B368', 'B255', 'B69']",10.0,S65,5.89,20,0,20,0.0,,-1.341118,-14.256793,-15.597911,True,False,18,S47,True,14,4.4111,pickup,,,,,,,,,,,,,,,,,,,,,,,,,,,,,,,,,,,,,,,,,,,,,,,,,,,,
43,18,6,52,S65,False,20,0,20,18,0,0,0,0,0,"['B695', 'B762', 'B684', 'B392', 'B407', 'B338', 'B577', 'B599', 'B100', 'B156', 'B379', 'B245', 'B217', 'B153', 'B139', 'B88', 'B196', 'B368']",9.0,S54,8.42,2,0,2,0.0,,-1.048841,-14.405144,-15.453984,False,False,18,S41,True,9,5.0359,delivery,,,,,,,,,,,,,,,,,,,,,,,,,,,,,,,,,,,,,,,,,,,,,,,,,,,,
43,18,7,9,S54,False,2,0,2,0,16,1,0,0,0,"['B206', 'B239', 'B355', 'B467', 'B728', 'B329', 'B333', 'B752', 'B663', 'B394', 'B307', 'B564', 'B712', 'B499', 'B25', 'B133']",11.0,S41,6.96,18,0,18,0.0,,-0.705276,-14.281761,-14.987037,True,True,36,S14,True,19,8.8353,pickup+onsite,,,,,,,,,,,,,,,,,,,,,,,,,,,,,,,,,,,,,,,,,,,,,,,,,,,,
43,18,7,27,S41,False,18,0,18,18,0,0,0,0,0,"['B255', 'B69', 'B206', 'B239', 'B355', 'B467', 'B728', 'B329', 'B333', 'B752', 'B663', 'B394', 'B307', 'B564', 'B712', 'B499', 'B25', 'B133']",9.0,S39,3.32,0,0,0,0.0,,-0.729311,-14.388423,-15.117734,False,False,12,S47,True,7,2.9257,delivery,,,,,,,,,,,,,,,,,,,,,,,,,,,,,,,,,,,,,,,,,,,,,,,,,,,,
43,18,7,40,S39,False,0,0,0,0,20,1,0,0,0,"['B399', 'B658', 'B699', 'B104', 'B49', 'B107', 'B694', 'B179', 'B46', 'B417', 'B748', 'B576', 'B552', 'B648', 'B428', 'B35', 'B425', 'B90', 'B284', 'B334']",13.0,S66,4.09,20,0,20,0.0,,-0.650812,-14.111721,-14.762533,True,True,36,S60,True,30,7.8802,pickup+onsite,,,,,,,,,,,,,,,,,,,,,,,,,,,,,,,,,,,,,,,,,,,,,,,,,,,,
43,18,7,57,S66,False,20,0,20,20,0,0,0,0,0,"['B399', 'B658', 'B699', 'B104', 'B49', 'B107', 'B694', 'B179', 'B46', 'B417', 'B748', 'B576', 'B552', 'B648', 'B428', 'B35', 'B425', 'B90', 'B284', 'B334']",10.0,S60,1.23,0,0,0,0.0,,-0.58133,-14.104072,-14.685403,False,False,12,S34,True,6,2.9991,delivery,,,,,,,,,,,,,,,,,,,,,,,,,,,,,,,,,,,,,,,,,,,,,,,,,,,,
43,18,8,8,S60,False,0,0,0,0,16,0,0,0,0,"['B656', 'B326', 'B128', 'B700', 'B490', 'B609', 'B660', 'B101', 'B502', 'B566', 'B591', 'B661', 'B654', 'B198', 'B683', 'B248']",8.0,S51,7.5,16,0,16,0.0,,-0.442365,-14.024575,-14.46694,False,False,18,S63,True,7,4.6039,pickup,,,,,,,,,,,,,,,,,,,,,,,,,,,,,,,,,,,,,,,,,,,,,,,,,,,,
43,18,8,24,S51,False,16,0,16,15,0,0,0,0,0,"['B656', 'B326', 'B128', 'B700', 'B490', 'B609', 'B660', 'B101', 'B502', 'B566', 'B591', 'B661', 'B654', 'B198', 'B683']",7.5,S43,3.12,1,0,1,0.0,,-0.357436,-14.121892,-14.479328,False,False,18,S16,True,12,4.0378,delivery,,,,,,,,,,,,,,,,,,,,,,,,,,,,,,,,,,,,,,,,,,,,,,,,,,,,
43,18,8,34,S43,False,1,0,1,0,16,0,1,0,0,"['B650', 'B134', 'B703', 'B42', 'B162', 'B84', 'B475', 'B351', 'B498', 'B234', 'B289', 'B367', 'B525', 'B115', 'B309', 'B393', 'B439']",8.5,S55,4.24,17,1,18,0.0,,-0.411812,-14.021942,-14.433754,True,True,30,S34,True,21,7.0147,pickup+depot_removal,,,,,,,,,,,,,,,,,,,,,,,,,,,,,,,,,,,,,,,,,,,,,,,,,,,,
43,18,8,47,S55,False,17,1,18,15,0,1,0,0,0,"['B248', 'B650', 'B134', 'B703', 'B42', 'B162', 'B84', 'B475', 'B351', 'B498', 'B234', 'B289', 'B367', 'B525', 'B115']",10.5,S63,3.64,2,1,3,0.0,,-0.610044,-13.911566,-14.52161,True,True,36,S16,True,30,7.7077,delivery+onsite,,,,,,,,,,,,,,,,,,,,,,,,,,,,,,,,,,,,,,,,,,,,,,,,,,,,
43,18,9,1,S63,False,2,1,3,0,17,0,0,0,0,"['B497', 'B275', 'B381', 'B8', 'B18', 'B751', 'B202', 'B558', 'B494', 'B453', 'B41', 'B702', 'B332', 'B59', 'B95', 'B690', 'B136']",8.5,S27,4.87,19,1,20,0.0,,-0.809183,-14.097008,-14.906191,False,False,18,S61,True,14,4.3789,pickup,,,,,,,,,,,,,,,,,,,,,,,,,,,,,,,,,,,,,,,,,,,,,,,,,,,,
43,18,9,14,S27,False,19,1,20,11,0,0,0,0,0,"['B309', 'B393', 'B497', 'B275', 'B381', 'B8', 'B18', 'B751', 'B202', 'B558', 'B494']",5.5,S61,2.28,8,1,9,0.0,,-0.620662,-14.045972,-14.666633,True,False,36,S61,True,16,7.0659,delivery,,,,,,,,,,,,,,,,,,,,,,,,,,,,,,,,,,,,,,,,,,,,,,,,,,,,
43,18,9,22,S61,False,8,1,9,8,0,0,0,0,0,"['B453', 'B41', 'B702', 'B332', 'B59', 'B95', 'B690', 'B136']",4.0,S37,2.04,0,1,1,0.0,,-0.456754,-13.875118,-14.331872,False,False,12,S44,True,7,2.8902,delivery,,,,,,,,,,,,,,,,,,,,,,,,,,,,,,,,,,,,,,,,,,,,,,,,,,,,
43,18,9,28,S37,False,0,1,1,0,15,0,1,0,0,"['B488', 'B290', 'B268', 'B83', 'B508', 'B110', 'B201', 'B597', 'B729', 'B537', 'B450', 'B184', 'B102', 'B593', 'B491', 'B649']",8.0,S0,11.31,15,2,17,0.0,,-0.585341,-13.864162,-14.449503,True,True,30,S26,True,20,6.5385,pickup+depot_removal,,,,,,,,,,,,,,,,,,,,,,,,,,,,,,,,,,,,,,,,,,,,,,,,,,,,
43,18,9,48,S0,False,15,2,17,0,0,0,0,0,0,[],0.0,S34,7.52,15,2,17,0.0,,-0.292809,-14.055402,-14.348211,False,False,12,S10,True,4,3.2267,do_nothing,,,,,,,,,,,,,,,,,,,,,,,,,,,,,,,,,,,,,,,,,,,,,,,,,,,,
43,18,9,55,S34,False,15,2,17,15,0,0,0,0,0,"['B488', 'B290', 'B268', 'B83', 'B508', 'B110', 'B201', 'B597', 'B729', 'B537', 'B450', 'B184', 'B102', 'B593', 'B491']",7.5,S18,5.53,0,2,2,0.0,,-0.287903,-13.738255,-14.026158,False,False,18,S0,True,12,4.0058,delivery,,,,,,,,,,,,,,,,,,,,,,,,,,,,,,,,,,,,,,,,,,,,,,,,,,,,
43,18,10,8,S18,False,0,2,2,0,16,1,0,0,0,"['B212', 'B672', 'B598', 'B513', 'B698', 'B364', 'B536', 'B32', 'B73', 'B410', 'B242', 'B554', 'B343', 'B51', 'B750', 'B259']",11.0,S26,7.46,16,2,18,0.0,,-0.188598,-13.86726,-14.055858,True,True,36,S26,True,18,7.6569,pickup+onsite,,,,,,,,,,,,,,,,,,,,,,,,,,,,,,,,,,,,,,,,,,,,,,,,,,,,
43,18,10,27,S26,False,16,2,18,15,0,0,0,0,0,"['B212', 'B672', 'B598', 'B513', 'B698', 'B364', 'B536', 'B32', 'B73', 'B410', 'B242', 'B554', 'B343', 'B51', 'B750']",7.5,S37,7.79,1,2,3,0.0,,-0.208145,-13.728938,-13.937083,False,False,18,S10,True,12,4.7033,delivery,,,,,,,,,,,,,,,,,,,,,,,,,,,,,,,,,,,,,,,,,,,,,,,,,,,,
43,18,10,42,S37,False,1,2,3,0,17,0,0,0,0,"['B92', 'B112', 'B670', 'B227', 'B219', 'B99', 'B100', 'B500', 'B209', 'B557', 'B155', 'B274', 'B656', 'B744', 'B678', 'B211', 'B745']",8.5,S7,9.25,18,2,20,0.0,,-0.198283,-13.801558,-13.999841,False,False,12,S35,True,8,2.6555,pickup,,,,,,,,,,,,,,,,,,,,,,,,,,,,,,,,,,,,,,,,,,,,,,,,,,,,
43,18,11,0,S7,False,18,2,20,15,0,0,0,0,0,"['B259', 'B92', 'B112', 'B670', 'B227', 'B219', 'B99', 'B100', 'B500', 'B209', 'B557', 'B155', 'B274', 'B656', 'B744']",7.5,S47,4.32,3,2,5,0.0,,-0.541179,-14.060332,-14.601511,False,False,18,S42,True,12,3.7207,delivery,,,,,,,,,,,,,,,,,,,,,,,,,,,,,,,,,,,,,,,,,,,,,,,,,,,,
43,18,11,11,S47,False,3,2,5,0,15,0,0,0,0,"['B688', 'B553', 'B489', 'B741', 'B651', 'B113', 'B20', 'B23', 'B434', 'B352', 'B548', 'B267', 'B10', 'B74', 'B761']",7.5,S35,11.02,18,2,20,0.0,,-0.347524,-14.148024,-14.495549,True,False,18,S1,True,13,3.1602,pickup,,,,,,,,,,,,,,,,,,,,,,,,,,,,,,,,,,,,,,,,,,,,,,,,,,,,
43,18,11,30,S35,False,18,2,20,12,0,0,0,0,0,"['B678', 'B211', 'B745', 'B688', 'B553', 'B489', 'B741', 'B651', 'B113', 'B20', 'B23', 'B434']",6.0,S11,2.71,6,2,8,0.0,,-0.223365,-14.17199,-14.395355,False,False,18,S57,True,9,3.4146,delivery,,,,,,,,,,,,,,,,,,,,,,,,,,,,,,,,,,,,,,,,,,,,,,,,,,,,
43,18,11,39,S11,False,6,2,8,6,0,0,0,0,0,"['B352', 'B548', 'B267', 'B10', 'B74', 'B761']",3.0,S66,10.37,0,2,2,0.0,,-0.277816,-14.148056,-14.425872,False,False,12,S66,False,6,2.692,delivery,,,,,,,,,,,,,,,,,,,,,,,,,,,,,,,,,,,,,,,,,,,,,,,,,,,,
43,18,11,52,S66,False,0,2,2,0,16,0,0,0,0,"['B576', 'B552', 'B648', 'B428', 'B35', 'B425', 'B90', 'B284', 'B334', 'B605', 'B414', 'B66', 'B253', 'B245', 'B510', 'B659']",8.0,S57,8.16,16,2,18,0.0,,-0.09899,-13.959498,-14.058489,False,False,18,S57,True,6,3.8978,pickup,,,,,,,,,,,,,,,,,,,,,,,,,,,,,,,,,,,,,,,,,,,,,,,,,,,,
43,18,12,8,S57,False,16,2,18,9,0,0,0,0,0,"['B576', 'B552', 'B648', 'B428', 'B35', 'B425', 'B90', 'B284', 'B334']",4.5,S51,7.68,7,2,9,0.0,,-0.218169,-14.069433,-14.287602,False,False,18,S17,True,10,3.6116,delivery,,,,,,,,,,,,,,,,,,,,,,,,,,,,,,,,,,,,,,,,,,,,,,,,,,,,
43,18,12,20,S51,False,7,2,9,0,11,0,0,0,0,"['B641', 'B399', 'B415', 'B440', 'B367', 'B517', 'B197', 'B506', 'B371', 'B286', 'B321']",5.5,S63,3.43,18,2,20,0.0,,-0.183629,-14.055082,-14.238711,False,False,12,S17,True,6,2.175,pickup,,,,,,,,,,,,,,,,,,,,,,,,,,,,,,,,,,,,,,,,,,,,,,,,,,,,
43,18,12,29,S63,False,18,2,20,0,0,0,0,0,0,[],0.0,S54,3.86,18,2,20,0.0,,-0.208624,-14.142169,-14.350793,False,False,18,S17,True,0,3.7884,do_nothing,,,,,,,,,,,,,,,,,,,,,,,,,,,,,,,,,,,,,,,,,,,,,,,,,,,,
43,18,12,33,S54,False,18,2,20,17,0,0,0,0,0,"['B605', 'B414', 'B66', 'B253', 'B245', 'B510', 'B659', 'B641', 'B399', 'B415', 'B440', 'B367', 'B517', 'B197', 'B506', 'B371', 'B286']",8.5,S55,0.95,1,2,3,0.0,,-0.178309,-14.013426,-14.191735,False,False,18,S63,True,6,3.8194,delivery,,,,,,,,,,,,,,,,,,,,,,,,,,,,,,,,,,,,,,,,,,,,,,,,,,,,
43,18,12,43,S55,False,1,2,3,0,16,0,0,0,0,"['B484', 'B195', 'B650', 'B174', 'B625', 'B142', 'B534', 'B754', 'B166', 'B239', 'B726', 'B44', 'B83', 'B595', 'B571', 'B110']",8.0,S63,3.64,17,2,19,0.0,,-0.242923,-13.885016,-14.127939,False,False,18,S17,True,9,4.0155,pickup,,,,,,,,,,,,,,,,,,,,,,,,,,,,,,,,,,,,,,,,,,,,,,,,,,,,
43,18,12,54,S63,False,17,2,19,12,0,0,0,0,0,"['B321', 'B484', 'B195', 'B650', 'B174', 'B625', 'B142', 'B534', 'B754', 'B166', 'B239', 'B726']",6.0,S33,1.55,5,2,7,0.0,,-0.367663,-13.82657,-14.194233,False,False,18,S46,True,14,3.7264,delivery,,,,,,,,,,,,,,,,,,,,,,,,,,,,,,,,,,,,,,,,,,,,,,,,,,,,
43,18,13,2,S33,False,5,2,7,0,13,0,0,0,0,"['B93', 'B255', 'B541', 'B138', 'B448', 'B376', 'B566', 'B398', 'B588', 'B611', 'B442', 'B685', 'B179']",6.5,S29,4.32,18,2,20,0.0,,-0.312582,-13.854654,-14.167235,False,False,18,S17,True,6,4.209,pickup,,,,,,,,,,,,,,,,,,,,,,,,,,,,,,,,,,,,,,,,,,,,,,,,,,,,
43,18,13,13,S29,False,18,2,20,18,0,1,0,0,0,"['B44', 'B83', 'B595', 'B571', 'B110', 'B93', 'B255', 'B541', 'B138', 'B448', 'B376', 'B566', 'B398', 'B588', 'B611', 'B442', 'B685', 'B179']",12.0,S41,7.7,0,2,2,0.0,,-0.456377,-13.958995,-14.415371,True,True,24,S46,True,20,4.9424,delivery+onsite,,,,,,,,,,,,,,,,,,,,,,,,,,,,,,,,,,,,,,,,,,,,,,,,,,,,
43,18,13,32,S41,False,0,2,2,0,9,0,0,0,0,"['B84', 'B164', 'B300', 'B97', 'B279', 'B380', 'B127', 'B492', 'B629']",4.5,S66,1.41,9,2,11,0.0,,-0.659792,-13.850786,-14.510578,False,False,18,S66,False,13,3.7339,pickup,,,,,,,,,,,,,,,,,,,,,,,,,,,,,,,,,,,,,,,,,,,,,,,,,,,,
43,18,13,38,S66,False,9,2,11,0,9,0,0,0,0,"['B433', 'B592', 'B150', 'B710', 'B378', 'B559', 'B296', 'B631', 'B390']",4.5,S39,4.09,18,2,20,0.0,,-0.640005,-13.775047,-14.415052,False,False,12,S36,True,6,2.3886,pickup,,,,,,,,,,,,,,,,,,,,,,,,,,,,,,,,,,,,,,,,,,,,,,,,,,,,
43,18,13,47,S39,False,18,2,20,18,0,0,1,0,0,"['B149', 'B84', 'B164', 'B300', 'B97', 'B279', 'B380', 'B127', 'B492', 'B629', 'B433', 'B592', 'B150', 'B710', 'B378', 'B559', 'B296', 'B631', 'B390']",9.5,S30,4.07,0,3,3,0.0,,-0.426414,-13.645848,-14.072263,True,True,18,S30,False,12,4.1843,delivery+depot_removal,,,,,,,,,,,,,,,,,,,,,,,,,,,,,,,,,,,,,,,,,,,,,,,,,,,,
43,18,14,0,S30,False,0,3,3,0,10,0,0,0,0,"['B16', 'B22', 'B249', 'B235', 'B599', 'B38', 'B354', 'B684', 'B259', 'B58']",5.0,S42,11.07,10,3,13,0.0,,-0.571028,-13.4826,-14.053628,False,False,18,S22,True,16,3.8474,pickup,,,,,,,,,,,,,,,,,,,,,,,,,,,,,,,,,,,,,,,,,,,,,,,,,,,,
43,18,14,16,S42,False,10,3,13,10,0,0,1,0,0,"['B639', 'B16', 'B22', 'B249', 'B235', 'B599', 'B38', 'B354', 'B684', 'B259', 'B58']",5.5,S22,13.14,0,4,4,0.0,,-0.411648,-13.530081,-13.941729,True,True,24,S22,False,18,5.3034,delivery+depot_removal,,,,,,,,,,,,,,,,,,,,,,,,,,,,,,,,,,,,,,,,,,,,,,,,,,,,
43,18,14,35,S22,False,0,4,4,0,12,0,0,0,0,"['B524', 'B348', 'B647', 'B61', 'B355', 'B756', 'B703', 'B379', 'B501', 'B12', 'B56', 'B624']",6.0,S17,8.16,12,4,16,0.0,,-0.432114,-13.385733,-13.817847,False,False,18,S60,True,14,4.1443,pickup,,,,,,,,,,,,,,,,,,,,,,,,,,,,,,,,,,,,,,,,,,,,,,,,,,,,
43,18,14,49,S17,False,12,4,16,12,0,0,0,0,0,"['B524', 'B348', 'B647', 'B61', 'B355', 'B756', 'B703', 'B379', 'B501', 'B12', 'B56', 'B624']",6.0,S60,8.5,0,4,4,0.0,,-0.198548,-13.146098,-13.344646,False,False,12,S19,True,6,2.8398,delivery,,,,,,,,,,,,,,,,,,,,,,,,,,,,,,,,,,,,,,,,,,,,,,,,,,,,
43,18,15,4,S60,False,0,4,4,0,14,0,1,0,0,"['B580', 'B395', 'B88', 'B196', 'B308', 'B1', 'B215', 'B130', 'B422', 'B760', 'B403', 'B30', 'B185', 'B698', 'B672']",7.5,S13,8.16,14,5,19,0.0,,-0.183617,-13.221756,-13.405373,True,True,30,S39,True,25,7.9134,pickup+depot_removal,,,,,,,,,,,,,,,,,,,,,,,,,,,,,,,,,,,,,,,,,,,,,,,,,,,,
43,18,15,19,S13,False,14,5,19,14,0,1,1,0,0,"['B536', 'B580', 'B395', 'B88', 'B196', 'B308', 'B1', 'B215', 'B130', 'B422', 'B760', 'B403', 'B30', 'B185', 'B698']",10.5,S43,12.6,0,6,6,0.0,,-0.203214,-13.041792,-13.245006,True,True,72,S23,True,68,12.9335,delivery+maintenance,,,,,,,,,,,,,,,,,,,,,,,,,,,,,,,,,,,,,,,,,,,,,,,,,,,,
43,18,15,43,S43,False,0,6,6,0,11,0,0,0,0,"['B610', 'B68', 'B733', 'B280', 'B47', 'B370', 'B57', 'B66', 'B186', 'B602', 'B287']",5.5,S55,4.24,11,6,17,0.0,,-0.486994,-13.062434,-13.549428,False,False,18,S64,True,13,3.6146,pickup,,,,,,,,,,,,,,,,,,,,,,,,,,,,,,,,,,,,,,,,,,,,,,,,,,,,
43,18,15,52,S55,False,11,6,17,11,0,0,0,0,0,"['B610', 'B68', 'B733', 'B280', 'B47', 'B370', 'B57', 'B66', 'B186', 'B602', 'B287']",5.5,S31,6.19,0,6,6,0.0,,-0.208459,-12.996184,-13.204643,False,False,12,S64,True,6,2.4363,delivery,,,,,,,,,,,,,,,,,,,,,,,,,,,,,,,,,,,,,,,,,,,,,,,,,,,,
43,18,16,4,S31,False,0,6,6,0,14,0,0,0,0,"['B275', 'B668', 'B291', 'B322', 'B165', 'B431', 'B286', 'B289', 'B164', 'B300', 'B114', 'B250', 'B596', 'B112']",7.0,S26,6.02,14,6,20,0.0,,-0.267727,-13.048051,-13.315778,True,False,18,S59,True,15,4.3171,pickup,,,,,,,,,,,,,,,,,,,,,,,,,,,,,,,,,,,,,,,,,,,,,,,,,,,,
43,18,16,17,S26,False,14,6,20,14,0,0,0,0,0,"['B275', 'B668', 'B291', 'B322', 'B165', 'B431', 'B286', 'B289', 'B164', 'B300', 'B114', 'B250', 'B596', 'B112']",7.0,S59,8.38,0,6,6,0.0,,-0.665264,-13.13105,-13.796313,False,False,12,S54,True,6,3.4548,delivery,,,,,,,,,,,,,,,,,,,,,,,,,,,,,,,,,,,,,,,,,,,,,,,,,,,,
43,18,16,32,S59,False,0,6,6,0,14,0,0,0,0,"['B572', 'B479', 'B181', 'B369', 'B549', 'B758', 'B627', 'B438', 'B161', 'B699', 'B394', 'B307', 'B727', 'B365']",7.0,S54,6.37,14,6,20,0.0,,-0.307726,-13.302491,-13.610217,False,False,12,S39,True,10,4.0546,pickup,,,,,,,,,,,,,,,,,,,,,,,,,,,,,,,,,,,,,,,,,,,,,,,,,,,,
43,18,16,46,S54,False,14,6,20,10,0,0,0,0,0,"['B572', 'B479', 'B181', 'B369', 'B549', 'B758', 'B627', 'B438', 'B161', 'B699']",5.0,S52,3.81,4,6,10,0.0,,-0.313313,-13.114582,-13.427895,False,False,18,S39,True,6,6.057,delivery,,,,,,,,,,,,,,,,,,,,,,,,,,,,,,,,,,,,,,,,,,,,,,,,,,,,
43,18,16,55,S52,False,4,6,10,4,0,1,3,0,0,"['B271', 'B546', 'B655', 'B394', 'B307', 'B727', 'B365']",6.5,S35,6.71,0,9,9,0.0,,-0.288307,-12.93123,-13.219537,True,True,96,S35,False,90,23.9653,delivery+maintenance,,,,,,,,,,,,,,,,,,,,,,,,,,,,,,,,,,,,,,,,,,,,,,,,,,,,
43,18,17,8,S35,False,0,9,9,0,11,0,0,0,0,"['B226', 'B269', 'B385', 'B515', 'B337', 'B555', 'B10', 'B376', 'B74', 'B44', 'B520']",5.5,S39,11.31,11,9,20,0.0,,-0.223466,-12.947374,-13.17084,False,False,18,S39,True,6,4.7382,pickup,,,,,,,,,,,,,,,,,,,,,,,,,,,,,,,,,,,,,,,,,,,,,,,,,,,,
43,18,17,25,S39,False,11,9,20,11,0,0,0,0,0,"['B226', 'B269', 'B385', 'B515', 'B337', 'B555', 'B10', 'B376', 'B74', 'B44', 'B520']",5.5,S61,3.98,0,9,9,0.0,,-0.253402,-12.846033,-13.099435,False,False,12,S28,True,7,3.4116,delivery,,,,,,,,,,,,,,,,,,,,,,,,,,,,,,,,,,,,,,,,,,,,,,,,,,,,
43,18,17,34,S61,False,0,9,9,0,10,0,0,0,0,"['B582', 'B210', 'B51', 'B207', 'B282', 'B635', 'B442', 'B685', 'B611', 'B280']",5.0,S14,8.39,10,9,19,0.0,,-0.144084,-12.561783,-12.705867,False,False,18,S39,True,14,5.4838,pickup,,,,,,,,,,,,,,,,,,,,,,,,,,,,,,,,,,,,,,,,,,,,,,,,,,,,
43,18,17,47,S14,False,10,9,19,9,0,1,1,0,0,"['B551', 'B582', 'B210', 'B51', 'B207', 'B282', 'B635', 'B442', 'B685', 'B611']",8.0,S51,10.95,1,10,11,0.0,,-0.05459,-12.458344,-12.512934,True,True,72,S39,True,43,19.2987,delivery+maintenance,,,,,,,,,,,,,,,,,,,,,,,,,,,,,,,,,,,,,,,,,,,,,,,,,,,,
43,18,18,6,S51,False,1,10,11,0,9,1,0,0,0,"['B6', 'B288', 'B522', 'B745', 'B201', 'B338', 'B597', 'B366', 'B87']",7.5,S19,1.21,10,10,20,0.0,,-0.089394,-12.560491,-12.649884,True,True,36,S19,False,30,7.8332,pickup+onsite,,,,,,,,,,,,,,,,,,,,,,,,,,,,,,,,,,,,,,,,,,,,,,,,,,,,
43,18,18,15,S19,False,10,10,20,9,0,0,1,0,0,"['B767', 'B280', 'B6', 'B288', 'B522', 'B745', 'B201', 'B338', 'B597', 'B366']",5.0,S31,8.63,1,11,12,0.0,,-0.099116,-12.604006,-12.703122,True,True,30,S28,True,16,5.8336,delivery+depot_removal,,,,,,,,,,,,,,,,,,,,,,,,,,,,,,,,,,,,,,,,,,,,,,,,,,,,
43,18,18,29,S31,False,1,11,12,0,8,1,0,0,0,"['B710', 'B281', 'B475', 'B299', 'B346', 'B539', 'B719', 'B28']",7.0,S28,9.18,9,11,20,0.0,,-0.139204,-12.631378,-12.770582,True,True,36,S23,True,30,6.5542,pickup+onsite,,,,,,,,,,,,,,,,,,,,,,,,,,,,,,,,,,,,,,,,,,,,,,,,,,,,
43,18,18,45,S28,False,9,11,20,9,0,0,0,0,0,"['B87', 'B710', 'B281', 'B475', 'B299', 'B346', 'B539', 'B719', 'B28']",4.5,S18,10.72,0,11,11,0.0,,-0.094513,-12.991634,-13.086147,False,False,12,S23,True,6,2.6745,delivery,,,,,,,,,,,,,,,,,,,,,,,,,,,,,,,,,,,,,,,,,,,,,,,,,,,,
43,18,19,0,S18,False,0,11,11,0,7,0,0,0,0,"['B391', 'B414', 'B506', 'B445', 'B534', 'B386', 'B548']",3.5,S9,9.29,7,11,18,0.0,,-0.114009,-12.997094,-13.111103,False,False,18,S64,True,9,3.501,pickup,,,,,,,,,,,,,,,,,,,,,,,,,,,,,,,,,,,,,,,,,,,,,,,,,,,,
43,18,19,13,S9,False,7,11,18,7,0,0,0,0,0,"['B391', 'B414', 'B506', 'B445', 'B534', 'B386', 'B548']",3.5,S34,11.57,0,11,11,0.0,,-0.024804,-12.938742,-12.963547,False,False,12,S55,True,7,2.2016,delivery,,,,,,,,,,,,,,,,,,,,,,,,,,,,,,,,,,,,,,,,,,,,,,,,,,,,
43,18,19,28,S34,False,0,11,11,0,9,0,0,0,0,"['B729', 'B537', 'B450', 'B184', 'B102', 'B593', 'B491', 'B575', 'B293']",4.5,S37,5.37,9,11,20,0.0,,-0.153807,-13.00484,-13.158647,False,False,12,S30,True,8,2.6479,pickup,,,,,,,,,,,,,,,,,,,,,,,,,,,,,,,,,,,,,,,,,,,,,,,,,,,,
43,18,19,38,S37,False,9,11,20,0,0,1,0,0,0,[],3.0,S51,4.67,9,11,20,0.0,,-0.119292,-13.12073,-13.240023,True,True,22,S46,True,6,3.848,do_nothing+onsite,,,,,,,,,,,,,,,,,,,,,,,,,,,,,,,,,,,,,,,,,,,,,,,,,,,,
43,18,19,46,S51,False,9,11,20,9,0,0,1,0,0,"['B77', 'B729', 'B537', 'B450', 'B184', 'B102', 'B593', 'B491', 'B575', 'B293']",5.0,D0,3.91,0,12,12,0.0,,-0.084362,-13.341928,-13.42629,True,True,3,D0,False,2,0.5593,delivery+depot_removal,,,,,,,,,,,,,,,,,,,,,,,,,,,,,,,,,,,,,,,,,,,,,,,,,,,,
43,18,19,54,D0,True,0,12,12,0,0,0,0,12,12,"['B260', 'B341', 'B687', 'B465', 'B459', 'B353', 'B389', 'B319', 'B587', 'B691', 'B191', 'B423', 'B439', 'B649', 'B149', 'B639', 'B672', 'B536', 'B271', 'B546', 'B655', 'B551', 'B767', 'B77']",12.0,D0,0.0,12,0,12,0.0,,-0.064552,-13.191124,-13.255676,True,True,1,D0,False,0,0.1992,do_nothing,,,,,,,,,,,,,,,,,,,,,,,,,,,,,,,,,,,,,,,,,,,,,,,,,,,,
43,19,6,6,D0,True,12,0,12,0,0,0,0,0,0,[],0.0,S62,0.46,12,0,12,0.0,,-0.039697,-13.495612,-13.535309,True,True,5,S62,False,0,0.8595,depot_passthrough,,,,,,,,,,,,,,,,,,,,,,,,,,,,,,,,,,,,,,,,,,,,,,,,,,,,
43,19,6,22,S62,False,12,0,12,12,0,0,0,0,0,"['B260', 'B341', 'B687', 'B465', 'B459', 'B353', 'B389', 'B319', 'B587', 'B691', 'B191', 'B423']",6.0,S31,2.98,0,0,0,0.0,,-0.034754,-13.41237,-13.447123,False,False,12,S61,True,7,2.2991,delivery,,,,,,,,,,,,,,,,,,,,,,,,,,,,,,,,,,,,,,,,,,,,,,,,,,,,
43,19,6,31,S31,False,0,0,0,0,20,0,0,0,0,"['B63', 'B9', 'B545', 'B599', 'B531', 'B574', 'B583', 'B25', 'B704', 'B718', 'B752', 'B440', 'B367', 'B493', 'B237', 'B259', 'B120', 'B330', 'B451', 'B365']",10.0,S15,3.53,20,0,20,0.0,,-0.044653,-13.132644,-13.177297,True,False,18,S65,True,14,4.1404,pickup,,,,,,,,,,,,,,,,,,,,,,,,,,,,,,,,,,,,,,,,,,,,,,,,,,,,
43,19,6,44,S15,False,20,0,20,11,0,0,0,0,0,"['B63', 'B9', 'B545', 'B599', 'B531', 'B574', 'B583', 'B25', 'B704', 'B718', 'B752']",5.5,S48,9.05,9,0,9,0.0,,-0.059483,-13.054199,-13.113682,False,False,18,S48,False,8,4.254,delivery,,,,,,,,,,,,,,,,,,,,,,,,,,,,,,,,,,,,,,,,,,,,,,,,,,,,
43,19,6,59,S48,False,9,0,9,9,0,0,0,0,0,"['B440', 'B367', 'B493', 'B237', 'B259', 'B120', 'B330', 'B451', 'B365']",4.5,S59,6.45,0,0,0,0.0,,-0.133971,-12.954755,-13.088726,False,False,12,S55,True,9,2.7136,delivery,,,,,,,,,,,,,,,,,,,,,,,,,,,,,,,,,,,,,,,,,,,,,,,,,,,,
43,19,7,10,S59,False,0,0,0,0,19,0,0,0,0,"['B278', 'B188', 'B37', 'B273', 'B139', 'B399', 'B757', 'B29', 'B762', 'B726', 'B122', 'B731', 'B670', 'B187', 'B613', 'B665', 'B447', 'B69', 'B591']",9.5,S65,5.18,19,0,19,0.0,,-0.074451,-12.93553,-13.009981,False,False,18,S65,False,12,5.2889,pickup,,,,,,,,,,,,,,,,,,,,,,,,,,,,,,,,,,,,,,,,,,,,,,,,,,,,
43,19,7,25,S65,False,19,0,19,14,0,1,0,0,0,"['B278', 'B188', 'B37', 'B273', 'B139', 'B399', 'B757', 'B29', 'B762', 'B726', 'B122', 'B731', 'B670', 'B187']",10.0,S47,1.6,5,0,5,0.0,,-0.044665,-12.875079,-12.919745,True,True,36,S12,True,30,8.8991,delivery+onsite,,,,,,,,,,,,,,,,,,,,,,,,,,,,,,,,,,,,,,,,,,,,,,,,,,,,
43,19,7,36,S47,False,5,0,5,0,15,0,0,0,0,"['B107', 'B552', 'B306', 'B460', 'B234', 'B268', 'B754', 'B664', 'B680', 'B590', 'B636', 'B245', 'B354', 'B128', 'B647']",7.5,S43,6.63,20,0,20,0.0,,-0.049558,-13.072654,-13.122213,True,False,18,S43,False,13,4.4359,pickup,,,,,,,,,,,,,,,,,,,,,,,,,,,,,,,,,,,,,,,,,,,,,,,,,,,,
43,19,7,50,S43,False,20,0,20,15,0,0,0,0,0,"['B613', 'B665', 'B447', 'B69', 'B591', 'B107', 'B552', 'B306', 'B460', 'B234', 'B268', 'B754', 'B664', 'B680', 'B590']",7.5,S44,0.79,5,0,5,0.0,,-0.109255,-13.109686,-13.218941,False,False,18,S12,True,12,4.969,delivery,,,,,,,,,,,,,,,,,,,,,,,,,,,,,,,,,,,,,,,,,,,,,,,,,,,,
43,19,7,59,S44,False,5,0,5,0,11,0,1,0,0,"['B658', 'B246', 'B429', 'B416', 'B466', 'B73', 'B76', 'B16', 'B609', 'B602', 'B646', 'B696']",6.0,S27,4.5,16,1,17,0.0,,-0.069457,-13.040577,-13.110035,True,True,36,S12,True,33,10.4849,pickup+depot_removal,,,,,,,,,,,,,,,,,,,,,,,,,,,,,,,,,,,,,,,,,,,,,,,,,,,,
43,19,8,9,S27,False,16,1,17,14,0,2,0,0,0,"['B636', 'B245', 'B354', 'B128', 'B647', 'B658', 'B246', 'B429', 'B416', 'B466', 'B73', 'B76', 'B16', 'B609']",13.0,S52,3.68,2,1,3,0.0,,-0.084476,-12.973521,-13.057997,True,True,54,S52,False,48,13.109,delivery+onsite,,,,,,,,,,,,,,,,,,,,,,,,,,,,,,,,,,,,,,,,,,,,,,,,,,,,
43,19,8,26,S52,False,2,1,3,0,9,0,0,0,0,"['B407', 'B359', 'B131', 'B605', 'B318', 'B340', 'B313', 'B254', 'B708']",4.5,S55,3.9,11,1,12,0.0,,-0.034804,-12.945271,-12.980075,False,False,18,S55,False,16,3.0916,pickup,,,,,,,,,,,,,,,,,,,,,,,,,,,,,,,,,,,,,,,,,,,,,,,,,,,,
43,19,8,34,S55,False,11,1,12,0,8,0,0,0,0,"['B49', 'B648', 'B571', 'B129', 'B342', 'B217', 'B458', 'B216']",4.0,S46,2.88,19,1,20,0.0,,-0.004943,-12.630186,-12.63513,False,False,12,S65,True,8,2.369,pickup,,,,,,,,,,,,,,,,,,,,,,,,,,,,,,,,,,,,,,,,,,,,,,,,,,,,
43,19,8,41,S46,False,19,1,20,9,0,0,0,0,0,"['B602', 'B646', 'B407', 'B359', 'B131', 'B605', 'B318', 'B340', 'B313']",4.5,S18,4.15,10,1,11,0.0,,0.0,-12.590758,-12.590758,False,False,18,S41,True,6,3.588,delivery,,,,,,,,,,,,,,,,,,,,,,,,,,,,,,,,,,,,,,,,,,,,,,,,,,,,
43,19,8,50,S18,False,10,1,11,0,9,0,0,0,0,"['B641', 'B580', 'B688', 'B92', 'B315', 'B739', 'B333', 'B7', 'B730']",4.5,S41,2.33,19,1,20,0.0,,-0.064577,-12.649396,-12.713972,False,False,12,S28,True,7,2.6199,pickup,,,,,,,,,,,,,,,,,,,,,,,,,,,,,,,,,,,,,,,,,,,,,,,,,,,,
43,19,8,57,S41,False,19,1,20,10,0,1,0,0,0,"['B254', 'B708', 'B49', 'B648', 'B571', 'B129', 'B342', 'B217', 'B458', 'B216']",8.0,S66,1.41,9,1,10,0.0,,-0.054476,-12.626484,-12.68096,True,True,36,S66,False,22,8.9007,delivery+onsite,,,,,,,,,,,,,,,,,,,,,,,,,,,,,,,,,,,,,,,,,,,,,,,,,,,,
43,19,9,6,S66,False,9,1,10,9,0,0,0,0,0,"['B641', 'B580', 'B688', 'B92', 'B315', 'B739', 'B333', 'B7', 'B730']",4.5,S37,3.07,0,1,1,0.0,,-0.069483,-12.640693,-12.710175,False,False,12,S63,True,6,2.8292,delivery,,,,,,,,,,,,,,,,,,,,,,,,,,,,,,,,,,,,,,,,,,,,,,,,,,,,
43,19,9,14,S37,False,0,1,1,0,10,1,0,0,0,"['B560', 'B632', 'B297', 'B27', 'B183', 'B503', 'B233', 'B265', 'B21', 'B320']",8.0,S63,1.78,10,1,11,0.0,,-0.108953,-12.640861,-12.749814,True,True,36,S63,False,31,7.1341,pickup+onsite,,,,,,,,,,,,,,,,,,,,,,,,,,,,,,,,,,,,,,,,,,,,,,,,,,,,
43,19,9,23,S63,False,10,1,11,0,9,0,0,0,0,"['B383', 'B594', 'B111', 'B525', 'B58', 'B84', 'B110', 'B243', 'B572']",4.5,S54,3.86,19,1,20,0.0,,-0.124223,-12.69865,-12.822873,True,False,18,S54,False,14,3.3006,pickup,,,,,,,,,,,,,,,,,,,,,,,,,,,,,,,,,,,,,,,,,,,,,,,,,,,,
43,19,9,32,S54,False,19,1,20,11,0,0,0,0,0,"['B560', 'B632', 'B297', 'B27', 'B183', 'B503', 'B233', 'B265', 'B21', 'B320', 'B383']",5.5,S40,2.17,8,1,9,0.0,,-0.034691,-12.617734,-12.652425,False,False,18,S15,True,7,3.5811,delivery,,,,,,,,,,,,,,,,,,,,,,,,,,,,,,,,,,,,,,,,,,,,,,,,,,,,
43,19,9,39,S40,False,8,1,9,8,0,1,0,0,0,"['B594', 'B111', 'B525', 'B58', 'B84', 'B110', 'B243', 'B572']",7.0,S58,4.02,0,1,1,0.0,,-0.039546,-12.561123,-12.600669,True,True,24,S58,False,18,4.4034,delivery+onsite,,,,,,,,,,,,,,,,,,,,,,,,,,,,,,,,,,,,,,,,,,,,,,,,,,,,
43,19,9,50,S58,False,0,1,1,0,16,0,0,0,0,"['B676', 'B561', 'B226', 'B755', 'B177', 'B337', 'B747', 'B701', 'B515', 'B156', 'B126', 'B373', 'B348', 'B634', 'B484', 'B652']",8.0,S41,3.91,16,1,17,0.0,,-0.129053,-12.603265,-12.732318,False,False,18,S4,True,6,3.8728,pickup,,,,,,,,,,,,,,,,,,,,,,,,,,,,,,,,,,,,,,,,,,,,,,,,,,,,
43,19,10,2,S41,False,16,1,17,13,0,0,0,0,0,"['B676', 'B561', 'B226', 'B755', 'B177', 'B337', 'B747', 'B701', 'B515', 'B156', 'B126', 'B373', 'B348']",6.5,S63,5.29,3,1,4,0.0,,-0.248043,-12.650093,-12.898136,False,False,18,S16,True,12,4.1593,delivery,,,,,,,,,,,,,,,,,,,,,,,,,,,,,,,,,,,,,,,,,,,,,,,,,,,,
43,19,10,14,S63,False,3,1,4,0,15,0,1,0,0,"['B352', 'B104', 'B661', 'B10', 'B253', 'B650', 'B1', 'B308', 'B145', 'B147', 'B645', 'B321', 'B695', 'B277', 'B254', 'B690']",8.0,S35,6.66,18,2,20,0.0,,-0.168699,-12.654262,-12.822961,True,True,30,S35,False,20,6.2433,pickup+depot_removal,,,,,,,,,,,,,,,,,,,,,,,,,,,,,,,,,,,,,,,,,,,,,,,,,,,,
43,19,10,29,S35,False,18,2,20,16,0,0,0,0,0,"['B634', 'B484', 'B652', 'B352', 'B104', 'B661', 'B10', 'B253', 'B650', 'B1', 'B308', 'B145', 'B147', 'B645', 'B321', 'B695']",8.0,S8,7.6,2,2,4,0.0,,-0.14875,-12.683787,-12.832537,False,False,18,S12,True,6,3.8558,delivery,,,,,,,,,,,,,,,,,,,,,,,,,,,,,,,,,,,,,,,,,,,,,,,,,,,,
43,19,10,44,S8,False,2,2,4,0,9,1,1,0,0,"['B176', 'B482', 'B518', 'B267', 'B456', 'B502', 'B208', 'B737', 'B589', 'B347']",8.0,S12,15.98,11,3,14,0.0,,-0.173768,-12.670264,-12.844032,True,True,72,S37,True,67,10.8712,pickup+maintenance,,,,,,,,,,,,,,,,,,,,,,,,,,,,,,,,,,,,,,,,,,,,,,,,,,,,
43,19,11,8,S12,False,11,3,14,11,0,0,0,0,0,"['B277', 'B254', 'B176', 'B482', 'B518', 'B267', 'B456', 'B502', 'B208', 'B737', 'B589']",5.5,S37,6.56,0,3,3,0.0,,-0.104274,-12.623823,-12.728097,False,False,12,S16,True,6,2.2285,delivery,,,,,,,,,,,,,,,,,,,,,,,,,,,,,,,,,,,,,,,,,,,,,,,,,,,,
43,19,11,20,S37,False,0,3,3,0,17,0,0,0,0,"['B587', 'B350', 'B567', 'B531', 'B101', 'B426', 'B122', 'B523', 'B215', 'B190', 'B676', 'B201', 'B157', 'B155', 'B479', 'B127', 'B125']",8.5,S14,9.35,17,3,20,0.0,,-0.17358,-12.768024,-12.941603,False,False,18,S15,True,15,3.8284,pickup,,,,,,,,,,,,,,,,,,,,,,,,,,,,,,,,,,,,,,,,,,,,,,,,,,,,
43,19,11,38,S14,False,17,3,20,8,0,0,0,0,0,"['B587', 'B350', 'B567', 'B531', 'B101', 'B426', 'B122', 'B523']",4.0,S16,8.72,9,3,12,0.0,,-0.1787,-12.68824,-12.86694,False,False,18,S15,True,7,3.1733,delivery,,,,,,,,,,,,,,,,,,,,,,,,,,,,,,,,,,,,,,,,,,,,,,,,,,,,
43,19,11,51,S16,False,9,3,12,0,8,0,0,0,0,"['B522', 'B759', 'B717', 'B24', 'B679', 'B53', 'B196', 'B59']",4.0,S15,5.18,17,3,20,0.0,,-0.119078,-12.699592,-12.818671,False,False,12,S15,False,6,2.652,pickup,,,,,,,,,,,,,,,,,,,,,,,,,,,,,,,,,,,,,,,,,,,,,,,,,,,,
43,19,12,0,S15,False,17,3,20,17,0,0,0,0,0,"['B215', 'B190', 'B676', 'B201', 'B157', 'B155', 'B479', 'B127', 'B125', 'B522', 'B759', 'B717', 'B24', 'B679', 'B53', 'B196', 'B59']",8.5,S31,3.53,0,3,3,0.0,,-0.05947,-12.670659,-12.730129,False,False,12,S31,False,6,2.6204,delivery,,,,,,,,,,,,,,,,,,,,,,,,,,,,,,,,,,,,,,,,,,,,,,,,,,,,
43,19,12,12,S31,False,0,3,3,0,15,0,1,0,0,"['B33', 'B361', 'B385', 'B486', 'B505', 'B162', 'B584', 'B130', 'B161', 'B698', 'B629', 'B396', 'B166', 'B273', 'B616', 'B205']",8.0,S23,5.05,15,4,19,0.0,,-0.049634,-12.533701,-12.583335,True,True,36,S45,True,19,6.7882,pickup+depot_removal,,,,,,,,,,,,,,,,,,,,,,,,,,,,,,,,,,,,,,,,,,,,,,,,,,,,
43,19,12,25,S23,False,15,4,19,9,0,0,0,0,0,"['B33', 'B361', 'B385', 'B486', 'B505', 'B162', 'B584', 'B130', 'B161']",4.5,S47,2.37,6,4,10,0.0,,-0.114072,-12.5631,-12.677172,False,False,18,S29,True,7,3.0918,delivery,,,,,,,,,,,,,,,,,,,,,,,,,,,,,,,,,,,,,,,,,,,,,,,,,,,,
43,19,12,32,S47,False,6,4,10,0,0,0,1,0,0,['B167'],0.5,S0,14.43,6,5,11,0.0,,-0.064615,-12.614268,-12.678882,True,True,18,S0,True,9,3.0253,do_nothing+depot_removal,,,,,,,,,,,,,,,,,,,,,,,,,,,,,,,,,,,,,,,,,,,,,,,,,,,,
43,19,12,47,S0,False,6,5,11,6,0,0,0,0,0,"['B698', 'B629', 'B396', 'B166', 'B273', 'B616']",3.0,S25,19.27,0,5,5,0.0,,-0.228195,-12.768879,-12.997074,False,False,12,S40,True,10,2.265,delivery,,,,,,,,,,,,,,,,,,,,,,,,,,,,,,,,,,,,,,,,,,,,,,,,,,,,
43,19,13,9,S25,False,0,5,5,0,11,0,1,0,0,"['B31', 'B262', 'B722', 'B52', 'B362', 'B476', 'B153', 'B124', 'B654', 'B620', 'B392', 'B585']",6.0,S52,13.05,11,6,17,0.0,,-0.30779,-12.87001,-13.1778,True,True,36,S52,False,30,7.3698,pickup+depot_removal,,,,,,,,,,,,,,,,,,,,,,,,,,,,,,,,,,,,,,,,,,,,,,,,,,,,
43,19,13,28,S52,False,11,6,17,11,0,0,0,0,0,"['B31', 'B262', 'B722', 'B52', 'B362', 'B476', 'B153', 'B124', 'B654', 'B620', 'B392']",5.5,S55,3.9,0,6,6,0.0,,-0.113983,-12.981295,-13.095279,False,False,12,S45,True,9,2.618,delivery,,,,,,,,,,,,,,,,,,,,,,,,,,,,,,,,,,,,,,,,,,,,,,,,,,,,
43,19,13,38,S55,False,0,6,6,0,11,0,0,0,0,"['B394', 'B150', 'B83', 'B418', 'B449', 'B185', 'B702', 'B447', 'B146', 'B248', 'B183']",5.5,S44,3.84,11,6,17,0.0,,-0.18392,-12.832132,-13.016052,True,False,36,S60,True,24,7.0546,pickup,,,,,,,,,,,,,,,,,,,,,,,,,,,,,,,,,,,,,,,,,,,,,,,,,,,,
43,19,13,47,S44,False,11,6,17,11,0,0,0,0,0,"['B394', 'B150', 'B83', 'B418', 'B449', 'B185', 'B702', 'B447', 'B146', 'B248', 'B183']",5.5,S51,3.83,0,6,6,0.0,,-0.183806,-12.851173,-13.034979,False,False,12,S48,True,7,2.4399,delivery,,,,,,,,,,,,,,,,,,,,,,,,,,,,,,,,,,,,,,,,,,,,,,,,,,,,
43,19,13,56,S51,False,0,6,6,0,13,1,0,0,0,"['B371', 'B228', 'B49', 'B648', 'B55', 'B411', 'B382', 'B244', 'B763', 'B524', 'B211', 'B713', 'B743']",9.5,S53,3.97,13,6,19,0.0,,-0.243112,-12.781441,-13.024553,True,True,36,S60,True,32,7.0517,pickup+onsite,,,,,,,,,,,,,,,,,,,,,,,,,,,,,,,,,,,,,,,,,,,,,,,,,,,,
43,19,14,10,S53,False,13,6,19,13,0,0,0,0,0,"['B371', 'B228', 'B49', 'B648', 'B55', 'B411', 'B382', 'B244', 'B763', 'B524', 'B211', 'B713', 'B743']",6.5,S62,2.18,0,6,6,0.0,,-0.352582,-12.802387,-13.154968,False,False,12,S60,True,6,2.2315,delivery,,,,,,,,,,,,,,,,,,,,,,,,,,,,,,,,,,,,,,,,,,,,,,,,,,,,
43,19,14,19,S62,False,0,6,6,0,14,0,0,0,0,"['B352', 'B520', 'B477', 'B337', 'B214', 'B1', 'B601', 'B754', 'B613', 'B460', 'B204', 'B481', 'B288', 'B667']",7.0,S65,5.94,14,6,20,0.0,,-0.2332,-12.744336,-12.977536,False,False,12,S65,False,6,2.3183,pickup,,,,,,,,,,,,,,,,,,,,,,,,,,,,,,,,,,,,,,,,,,,,,,,,,,,,
43,19,14,31,S65,False,14,6,20,13,0,0,0,0,0,"['B352', 'B520', 'B477', 'B337', 'B214', 'B1', 'B601', 'B754', 'B613', 'B460', 'B204', 'B481', 'B288']",6.5,S60,3.09,1,6,7,0.0,,-0.213214,-12.853573,-13.066787,False,False,18,S28,True,7,3.5213,delivery,,,,,,,,,,,,,,,,,,,,,,,,,,,,,,,,,,,,,,,,,,,,,,,,,,,,
43,19,14,41,S60,False,1,6,7,0,13,0,0,0,0,"['B107', 'B747', 'B181', 'B376', 'B517', 'B168', 'B494', 'B461', 'B240', 'B678', 'B412', 'B18', 'B373']",6.5,S29,7.31,14,6,20,0.0,,-0.099267,-12.865507,-12.964774,False,False,12,S28,True,7,2.2028,pickup,,,,,,,,,,,,,,,,,,,,,,,,,,,,,,,,,,,,,,,,,,,,,,,,,,,,
43,19,14,55,S29,False,14,6,20,14,0,0,0,0,0,"['B667', 'B107', 'B747', 'B181', 'B376', 'B517', 'B168', 'B494', 'B461', 'B240', 'B678', 'B412', 'B18', 'B373']",7.0,S35,1.95,0,6,6,0.0,,-0.516779,-12.95756,-13.47434,False,False,12,S28,True,6,2.6648,delivery,,,,,,,,,,,,,,,,,,,,,,,,,,,,,,,,,,,,,,,,,,,,,,,,,,,,
43,19,15,4,S35,False,0,6,6,0,0,0,0,0,0,[],0.0,S42,1.31,0,6,6,0.0,,-0.178762,-12.94446,-13.123223,False,False,18,S54,True,0,3.9477,do_nothing,,,,,,,,,,,,,,,,,,,,,,,,,,,,,,,,,,,,,,,,,,,,,,,,,,,,
43,19,15,5,S42,False,0,6,6,0,11,1,0,0,0,"['B308', 'B158', 'B515', 'B278', 'B147', 'B441', 'B60', 'B28', 'B513', 'B326', 'B423']",8.5,S66,9.4,11,6,17,0.0,,-0.208497,-12.863727,-13.072224,True,True,36,S35,True,32,7.2035,pickup+onsite,,,,,,,,,,,,,,,,,,,,,,,,,,,,,,,,,,,,,,,,,,,,,,,,,,,,
43,19,15,23,S66,False,11,6,17,11,0,0,0,0,0,"['B308', 'B158', 'B515', 'B278', 'B147', 'B441', 'B60', 'B28', 'B513', 'B326', 'B423']",5.5,S47,2.81,0,6,6,0.0,,-0.382089,-13.106592,-13.488681,False,False,18,S63,True,12,4.2715,delivery,,,,,,,,,,,,,,,,,,,,,,,,,,,,,,,,,,,,,,,,,,,,,,,,,,,,
43,19,15,31,S47,False,0,6,6,0,0,0,0,0,0,[],0.0,S35,11.02,0,6,6,0.0,,-0.347827,-12.975337,-13.323164,False,False,12,S35,False,2,2.9483,do_nothing,,,,,,,,,,,,,,,,,,,,,,,,,,,,,,,,,,,,,,,,,,,,,,,,,,,,
43,19,15,42,S35,False,0,6,6,0,14,0,0,0,0,"['B476', 'B410', 'B50', 'B598', 'B569', 'B650', 'B654', 'B495', 'B645', 'B110', 'B185', 'B661', 'B393', 'B720']",7.0,S63,6.66,14,6,20,0.0,,-0.258118,-13.070571,-13.328689,False,False,18,S63,True,6,3.688,pickup,,,,,,,,,,,,,,,,,,,,,,,,,,,,,,,,,,,,,,,,,,,,,,,,,,,,
43,19,15,56,S63,False,14,6,20,14,0,0,0,0,0,"['B476', 'B410', 'B50', 'B598', 'B569', 'B650', 'B654', 'B495', 'B645', 'B110', 'B185', 'B661', 'B393', 'B720']",7.0,S33,1.55,0,6,6,0.0,,-0.148876,-13.044767,-13.193644,False,False,12,S43,True,8,2.8664,delivery,,,,,,,,,,,,,,,,,,,,,,,,,,,,,,,,,,,,,,,,,,,,,,,,,,,,
43,19,16,5,S33,False,0,6,6,0,9,0,0,0,0,"['B675', 'B75', 'B500', 'B721', 'B220', 'B538', 'B723', 'B291', 'B621']",4.5,S45,1.11,9,6,15,0.0,,-0.133945,-12.992071,-13.126016,False,False,18,S45,False,12,4.3834,pickup,,,,,,,,,,,,,,,,,,,,,,,,,,,,,,,,,,,,,,,,,,,,,,,,,,,,
43,19,16,10,S45,False,9,6,15,0,5,0,0,0,0,"['B328', 'B607', 'B404', 'B213', 'B254']",2.5,S28,13.06,14,6,20,0.0,,-0.148637,-12.888405,-13.037042,False,False,12,S16,True,10,3.1325,pickup,,,,,,,,,,,,,,,,,,,,,,,,,,,,,,,,,,,,,,,,,,,,,,,,,,,,
43,19,16,26,S28,False,14,6,20,14,0,0,0,0,0,"['B675', 'B75', 'B500', 'B721', 'B220', 'B538', 'B723', 'B291', 'B621', 'B328', 'B607', 'B404', 'B213', 'B254']",7.0,S40,11.46,0,6,6,0.0,,-0.307601,-13.021437,-13.329038,False,False,12,S41,True,9,3.1578,delivery,,,,,,,,,,,,,,,,,,,,,,,,,,,,,,,,,,,,,,,,,,,,,,,,,,,,
43,19,16,44,S40,False,0,6,6,0,12,0,0,0,0,"['B420', 'B676', 'B706', 'B483', 'B469', 'B43', 'B709', 'B81', 'B329', 'B451', 'B397', 'B314']",6.0,S32,3.28,12,6,18,0.0,,-0.2431,-13.030254,-13.273354,False,False,18,S57,True,8,4.2033,pickup,,,,,,,,,,,,,,,,,,,,,,,,,,,,,,,,,,,,,,,,,,,,,,,,,,,,
43,19,16,53,S32,False,12,6,18,12,0,1,1,0,0,"['B270', 'B420', 'B676', 'B706', 'B483', 'B469', 'B43', 'B709', 'B81', 'B329', 'B451', 'B397', 'B314']",9.5,S57,3.4,0,7,7,0.0,,-0.158927,-12.853329,-13.012255,True,True,48,S64,True,42,11.0408,delivery+maintenance,,,,,,,,,,,,,,,,,,,,,,,,,,,,,,,,,,,,,,,,,,,,,,,,,,,,
43,19,17,6,S57,False,0,7,7,0,13,0,0,0,0,"['B537', 'B573', 'B263', 'B701', 'B372', 'B664', 'B657', 'B704', 'B146', 'B256', 'B588', 'B3', 'B746']",6.5,S26,6.87,13,7,20,0.0,,-0.148851,-12.745525,-12.894376,False,False,18,S37,True,7,3.7937,pickup,,,,,,,,,,,,,,,,,,,,,,,,,,,,,,,,,,,,,,,,,,,,,,,,,,,,
43,19,17,20,S26,False,13,7,20,13,0,0,0,0,0,"['B537', 'B573', 'B263', 'B701', 'B372', 'B664', 'B657', 'B704', 'B146', 'B256', 'B588', 'B3', 'B746']",6.5,S23,8.86,0,7,7,0.0,,-0.22822,-12.751276,-12.979497,False,False,12,S29,True,6,2.4584,delivery,,,,,,,,,,,,,,,,,,,,,,,,,,,,,,,,,,,,,,,,,,,,,,,,,,,,
43,19,17,35,S23,False,0,7,7,0,13,0,0,0,0,"['B505', 'B162', 'B584', 'B130', 'B161', 'B182', 'B765', 'B91', 'B33', 'B473', 'B484', 'B317', 'B356']",6.5,S29,11.23,13,7,20,0.0,,-0.258408,-12.615917,-12.874325,False,False,12,S37,True,7,2.617,pickup,,,,,,,,,,,,,,,,,,,,,,,,,,,,,,,,,,,,,,,,,,,,,,,,,,,,
43,19,17,53,S29,False,13,7,20,13,0,0,0,0,0,"['B505', 'B162', 'B584', 'B130', 'B161', 'B182', 'B765', 'B91', 'B33', 'B473', 'B484', 'B317', 'B356']",6.5,S66,6.29,0,7,7,0.0,,-0.343023,-12.543434,-12.886457,False,False,12,S42,True,6,2.5695,delivery,,,,,,,,,,,,,,,,,,,,,,,,,,,,,,,,,,,,,,,,,,,,,,,,,,,,
43,19,18,6,S66,False,0,7,7,0,13,0,0,0,0,"['B747', 'B522', 'B121', 'B20', 'B658', 'B209', 'B730', 'B514', 'B754', 'B518', 'B572', 'B429', 'B96']",6.5,S41,1.41,13,7,20,0.0,,-0.094488,-12.388784,-12.483271,False,False,18,S40,True,7,3.4527,pickup,,,,,,,,,,,,,,,,,,,,,,,,,,,,,,,,,,,,,,,,,,,,,,,,,,,,
43,19,18,13,S41,False,13,7,20,13,0,0,1,0,0,"['B360', 'B747', 'B522', 'B121', 'B20', 'B658', 'B209', 'B730', 'B514', 'B754', 'B518', 'B572', 'B429', 'B96']",7.0,S49,2.5,0,8,8,0.0,,-0.094211,-12.30024,-12.394452,True,True,18,S37,True,13,3.365,delivery+depot_removal,,,,,,,,,,,,,,,,,,,,,,,,,,,,,,,,,,,,,,,,,,,,,,,,,,,,
43,19,18,23,S49,False,0,8,8,0,12,0,0,0,0,"['B619', 'B38', 'B575', 'B123', 'B694', 'B272', 'B436', 'B497', 'B602', 'B577', 'B415', 'B539']",6.0,S44,4.49,12,8,20,0.0,,-0.07957,-12.30802,-12.387591,True,False,18,S37,True,13,3.2274,pickup,,,,,,,,,,,,,,,,,,,,,,,,,,,,,,,,,,,,,,,,,,,,,,,,,,,,
43,19,18,33,S44,False,12,8,20,11,0,0,0,0,0,"['B619', 'B38', 'B575', 'B123', 'B694', 'B272', 'B436', 'B497', 'B602', 'B577', 'B415']",5.5,S37,1.36,1,8,9,0.0,,-0.02971,-12.452113,-12.481823,False,False,18,S40,True,7,3.2397,delivery,,,,,,,,,,,,,,,,,,,,,,,,,,,,,,,,,,,,,,,,,,,,,,,,,,,,
43,19,18,40,S37,False,1,8,9,0,11,0,0,0,0,"['B691', 'B10', 'B338', 'B440', 'B383', 'B188', 'B641', 'B364', 'B731', 'B352', 'B281']",5.5,S27,4.19,12,8,20,0.0,,-0.004956,-12.446895,-12.451851,False,False,12,S40,True,8,2.05,pickup,,,,,,,,,,,,,,,,,,,,,,,,,,,,,,,,,,,,,,,,,,,,,,,,,,,,
43,19,18,50,S27,False,12,8,20,12,0,0,0,0,0,"['B539', 'B691', 'B10', 'B338', 'B440', 'B383', 'B188', 'B641', 'B364', 'B731', 'B352', 'B281']",6.0,S12,10.31,0,8,8,0.0,,-0.034867,-12.395866,-12.430733,False,False,12,S40,True,6,2.1721,delivery,,,,,,,,,,,,,,,,,,,,,,,,,,,,,,,,,,,,,,,,,,,,,,,,,,,,
43,19,19,6,S12,False,0,8,8,0,12,0,0,0,0,"['B589', 'B306', 'B752', 'B332', 'B527', 'B458', 'B224', 'B219', 'B492', 'B638', 'B294', 'B186']",6.0,S40,8.14,12,8,20,0.0,,-0.039647,-12.409335,-12.448982,False,False,12,S35,True,9,2.624,pickup,,,,,,,,,,,,,,,,,,,,,,,,,,,,,,,,,,,,,,,,,,,,,,,,,,,,
43,19,19,20,S40,False,12,8,20,10,0,0,0,0,0,"['B589', 'B306', 'B752', 'B332', 'B527', 'B458', 'B224', 'B219', 'B492', 'B638']",5.0,S35,4.93,2,8,10,0.0,,-0.014905,-12.411258,-12.426163,False,False,18,S53,True,13,3.6907,delivery,,,,,,,,,,,,,,,,,,,,,,,,,,,,,,,,,,,,,,,,,,,,,,,,,,,,
43,19,19,30,S35,False,2,8,10,0,10,0,0,0,0,"['B295', 'B386', 'B369', 'B376', 'B343', 'B371', 'B741', 'B526', 'B510', 'B150']",5.0,S53,5.18,12,8,20,0.0,,-0.019798,-12.525258,-12.545056,False,False,10,S53,False,4,2.2009,pickup,,,,,,,,,,,,,,,,,,,,,,,,,,,,,,,,,,,,,,,,,,,,,,,,,,,,
43,19,19,41,S53,False,12,8,20,12,0,0,0,0,0,"['B294', 'B186', 'B295', 'B386', 'B369', 'B376', 'B343', 'B371', 'B741', 'B526', 'B510', 'B150']",6.0,S33,1.64,0,8,8,0.0,,-0.014867,-12.488296,-12.503163,False,False,8,S33,False,6,2.2033,delivery,,,,,,,,,,,,,,,,,,,,,,,,,,,,,,,,,,,,,,,,,,,,,,,,,,,,
43,19,19,48,S33,False,0,8,8,0,12,0,0,0,0,"['B207', 'B367', 'B117', 'B157', 'B684', 'B169', 'B715', 'B611', 'B261', 'B337', 'B455', 'B148']",6.0,D0,0.94,12,8,20,0.0,,-0.019836,-12.688975,-12.708811,False,False,2,D0,False,1,0.3905,pickup,,,,,,,,,,,,,,,,,,,,,,,,,,,,,,,,,,,,,,,,,,,,,,,,,,,,
43,19,19,55,D0,True,12,8,20,0,0,0,0,8,8,"['B439', 'B649', 'B149', 'B639', 'B672', 'B536', 'B271', 'B546', 'B696', 'B690', 'B347', 'B205', 'B167', 'B585', 'B270', 'B360']",8.0,D0,0.0,20,0,20,0.0,,-0.014842,-12.518521,-12.533363,True,True,1,D0,False,0,0.2052,do_nothing,,,,,,,,,,,,,,,,,,,,,,,,,,,,,,,,,,,,,,,,,,,,,,,,,,,,
43,20,6,3,D0,True,20,0,20,0,0,0,0,0,0,[],0.0,S61,1.02,20,0,20,0.0,,-0.004994,-13.564092,-13.569085,True,True,5,S61,False,0,1.0906,depot_passthrough,,,,,,,,,,,,,,,,,,,,,,,,,,,,,,,,,,,,,,,,,,,,,,,,,,,,
43,20,6,19,S61,False,20,0,20,11,0,0,0,0,0,"['B207', 'B367', 'B117', 'B157', 'B684', 'B169', 'B715', 'B611', 'B261', 'B337', 'B455']",5.5,S48,7.23,9,0,9,0.0,,0.0,-13.547131,-13.547131,False,False,18,S48,False,6,3.9987,delivery,,,,,,,,,,,,,,,,,,,,,,,,,,,,,,,,,,,,,,,,,,,,,,,,,,,,
43,20,6,32,S48,False,9,0,9,0,11,2,0,0,0,"['B58', 'B555', 'B255', 'B243', 'B280', 'B312', 'B259', 'B297', 'B158', 'B691', 'B142']",11.5,S16,4.23,20,0,20,0.0,,-0.004943,-12.961564,-12.966507,True,True,36,S16,False,30,7.6342,pickup+onsite,,,,,,,,,,,,,,,,,,,,,,,,,,,,,,,,,,,,,,,,,,,,,,,,,,,,
43,20,6,48,S16,False,20,0,20,9,0,0,0,0,0,"['B148', 'B439', 'B649', 'B149', 'B639', 'B672', 'B536', 'B271', 'B546']",4.5,S52,1.07,11,0,11,0.0,,-0.014855,-12.999079,-13.013933,False,False,18,S43,True,10,3.6106,delivery,,,,,,,,,,,,,,,,,,,,,,,,,,,,,,,,,,,,,,,,,,,,,,,,,,,,
43,20,6,53,S52,False,11,0,11,0,9,0,0,0,0,"['B633', 'B389', 'B732', 'B508', 'B2', 'B136', 'B68', 'B566', 'B471']",4.5,S37,1.18,20,0,20,0.0,,-0.019798,-12.873761,-12.893559,False,False,12,S15,True,9,2.0469,pickup,,,,,,,,,,,,,,,,,,,,,,,,,,,,,,,,,,,,,,,,,,,,,,,,,,,,
43,20,6,59,S37,False,20,0,20,4,0,0,0,0,0,"['B58', 'B555', 'B255', 'B243']",2.0,S15,4.99,16,0,16,0.0,,-0.029697,-12.880251,-12.909948,False,False,18,S15,False,7,3.5164,delivery,,,,,,,,,,,,,,,,,,,,,,,,,,,,,,,,,,,,,,,,,,,,,,,,,,,,
43,20,7,6,S15,False,16,0,16,6,0,0,0,0,0,"['B280', 'B312', 'B259', 'B297', 'B158', 'B691']",3.0,S45,4.47,10,0,10,0.0,,-0.039798,-12.768551,-12.808349,False,False,18,S4,True,12,3.857,delivery,,,,,,,,,,,,,,,,,,,,,,,,,,,,,,,,,,,,,,,,,,,,,,,,,,,,
43,20,7,13,S45,False,10,0,10,0,10,0,0,0,0,"['B549', 'B228', 'B49', 'B202', 'B199', 'B98', 'B711', 'B276', 'B550', 'B365']",5.0,S4,2.89,20,0,20,0.0,,-0.01493,-12.714972,-12.729902,False,False,12,S4,False,6,2.7568,pickup,,,,,,,,,,,,,,,,,,,,,,,,,,,,,,,,,,,,,,,,,,,,,,,,,,,,
43,20,7,21,S4,False,20,0,20,10,0,1,0,0,0,"['B142', 'B633', 'B389', 'B732', 'B508', 'B2', 'B136', 'B68', 'B566', 'B471']",8.0,S47,4.27,10,0,10,0.0,,-0.014855,-12.648117,-12.662972,True,True,36,S18,True,20,7.1107,delivery+onsite,,,,,,,,,,,,,,,,,,,,,,,,,,,,,,,,,,,,,,,,,,,,,,,,,,,,
43,20,7,34,S47,False,10,0,10,0,10,0,0,0,0,"['B413', 'B579', 'B729', 'B285', 'B668', 'B623', 'B322', 'B535', 'B74', 'B750']",5.0,S66,2.81,20,0,20,0.0,,-0.004981,-12.595903,-12.600884,False,False,12,S66,False,7,2.5329,pickup,,,,,,,,,,,,,,,,,,,,,,,,,,,,,,,,,,,,,,,,,,,,,,,,,,,,
43,20,7,41,S66,False,20,0,20,12,0,0,0,0,0,"['B549', 'B228', 'B49', 'B202', 'B199', 'B98', 'B711', 'B276', 'B550', 'B365', 'B413', 'B579']",6.0,S18,2.06,8,0,8,0.0,,-0.01483,-12.620486,-12.635315,False,False,18,S31,True,13,3.8045,delivery,,,,,,,,,,,,,,,,,,,,,,,,,,,,,,,,,,,,,,,,,,,,,,,,,,,,
43,20,7,49,S18,False,8,0,8,0,0,0,1,0,0,['B40'],0.5,S13,9.52,8,1,9,0.0,,-0.004931,-12.558549,-12.563479,True,True,18,S13,False,8,3.5654,do_nothing+depot_removal,,,,,,,,,,,,,,,,,,,,,,,,,,,,,,,,,,,,,,,,,,,,,,,,,,,,
43,20,7,59,S13,False,8,1,9,0,11,0,0,0,0,"['B634', 'B145', 'B114', 'B377', 'B112', 'B143', 'B120', 'B474', 'B431', 'B218', 'B227']",5.5,S3,15.93,19,1,20,0.0,,-0.014868,-12.559994,-12.574861,False,False,12,S5,True,10,2.407,pickup,,,,,,,,,,,,,,,,,,,,,,,,,,,,,,,,,,,,,,,,,,,,,,,,,,,,
43,20,8,21,S3,False,19,1,20,7,0,0,1,0,0,"['B258', 'B729', 'B285', 'B668', 'B623', 'B322', 'B535', 'B74']",4.0,S61,6.4,12,2,14,0.0,,-0.02488,-12.642732,-12.667612,True,True,30,S36,True,25,5.9347,delivery+depot_removal,,,,,,,,,,,,,,,,,,,,,,,,,,,,,,,,,,,,,,,,,,,,,,,,,,,,
43,20,8,31,S61,False,12,2,14,0,6,0,0,0,0,"['B617', 'B176', 'B207', 'B367', 'B117', 'B157']",3.0,S36,6.36,18,2,20,0.0,,-0.01493,-11.997953,-12.012883,False,False,12,S36,False,8,2.4798,pickup,,,,,,,,,,,,,,,,,,,,,,,,,,,,,,,,,,,,,,,,,,,,,,,,,,,,
43,20,8,41,S36,False,18,2,20,10,0,0,0,0,0,"['B750', 'B634', 'B145', 'B114', 'B377', 'B112', 'B143', 'B120', 'B474', 'B431']",5.0,S16,3.43,8,2,10,0.0,,-0.039685,-11.968962,-12.008647,False,False,18,S41,True,7,3.7175,delivery,,,,,,,,,,,,,,,,,,,,,,,,,,,,,,,,,,,,,,,,,,,,,,,,,,,,
43,20,8,49,S16,False,8,2,10,0,10,0,0,0,0,"['B148', 'B439', 'B649', 'B149', 'B639', 'B672', 'B536', 'B271', 'B546', 'B17']",5.0,S41,5.02,18,2,20,0.0,,-0.02971,-11.947365,-11.977075,False,False,12,S41,False,6,2.6969,pickup,,,,,,,,,,,,,,,,,,,,,,,,,,,,,,,,,,,,,,,,,,,,,,,,,,,,
43,20,8,59,S41,False,18,2,20,10,0,0,0,0,0,"['B218', 'B227', 'B617', 'B176', 'B207', 'B367', 'B117', 'B157', 'B148', 'B439']",5.0,S43,5.33,8,2,10,0.0,,-0.004931,-11.946023,-11.950954,False,False,18,S43,False,6,4.0086,delivery,,,,,,,,,,,,,,,,,,,,,,,,,,,,,,,,,,,,,,,,,,,,,,,,,,,,
43,20,9,9,S43,False,8,2,10,0,5,1,0,0,0,"['B209', 'B345', 'B416', 'B409', 'B435']",5.5,S37,1.66,13,2,15,0.0,,-0.014918,-11.896118,-11.911036,True,True,36,S0,True,20,7.5245,pickup+onsite,,,,,,,,,,,,,,,,,,,,,,,,,,,,,,,,,,,,,,,,,,,,,,,,,,,,
43,20,9,17,S37,False,13,2,15,9,0,0,0,0,0,"['B649', 'B149', 'B639', 'B672', 'B536', 'B271', 'B546', 'B17', 'B209']",4.5,S58,0.71,4,2,6,0.0,,-0.02976,-11.883621,-11.913382,False,False,18,S42,True,7,4.1304,delivery,,,,,,,,,,,,,,,,,,,,,,,,,,,,,,,,,,,,,,,,,,,,,,,,,,,,
43,20,9,22,S58,False,4,2,6,0,8,0,1,0,0,"['B78', 'B470', 'B52', 'B125', 'B267', 'B163', 'B503', 'B600', 'B290']",4.5,S42,9.82,12,3,15,0.0,,-0.014918,-11.844706,-11.859623,True,True,36,S31,True,19,7.7541,pickup+depot_removal,,,,,,,,,,,,,,,,,,,,,,,,,,,,,,,,,,,,,,,,,,,,,,,,,,,,
43,20,9,36,S42,False,12,3,15,12,0,0,1,0,0,"['B697', 'B345', 'B416', 'B409', 'B435', 'B78', 'B470', 'B52', 'B125', 'B267', 'B163', 'B503', 'B600']",6.5,S57,1.83,0,4,4,0.0,,-0.024754,-11.961304,-11.986058,True,True,36,S57,True,31,6.8871,delivery+depot_removal,,,,,,,,,,,,,,,,,,,,,,,,,,,,,,,,,,,,,,,,,,,,,,,,,,,,
43,20,9,44,S57,False,0,4,4,0,8,0,0,0,0,"['B379', 'B137', 'B695', 'B110', 'B763', 'B682', 'B362', 'B268']",4.0,S64,8.74,8,4,12,0.0,,-0.014855,-11.953512,-11.968367,False,False,18,S31,True,10,3.6152,pickup,,,,,,,,,,,,,,,,,,,,,,,,,,,,,,,,,,,,,,,,,,,,,,,,,,,,
43,20,9,57,S64,False,8,4,12,8,0,0,0,0,0,"['B379', 'B137', 'B695', 'B110', 'B763', 'B682', 'B362', 'B268']",4.0,S0,12.41,0,4,4,0.0,,-0.039722,-12.043731,-12.083453,False,False,18,S66,True,8,3.8866,delivery,,,,,,,,,,,,,,,,,,,,,,,,,,,,,,,,,,,,,,,,,,,,,,,,,,,,
43,20,10,14,S0,False,0,4,4,0,6,0,0,0,0,"['B616', 'B13', 'B296', 'B751', 'B740', 'B448']",3.0,S3,6.39,6,4,10,0.0,,-0.044615,-12.128388,-12.173003,False,False,18,S3,False,13,3.2304,pickup,,,,,,,,,,,,,,,,,,,,,,,,,,,,,,,,,,,,,,,,,,,,,,,,,,,,
43,20,10,23,S3,False,6,4,10,0,10,0,0,0,0,"['B102', 'B693', 'B275', 'B349', 'B385', 'B373', 'B729', 'B285', 'B668', 'B623']",5.0,S61,6.4,16,4,20,0.0,,-0.03976,-12.145434,-12.185194,False,False,12,S61,False,6,2.9069,pickup,,,,,,,,,,,,,,,,,,,,,,,,,,,,,,,,,,,,,,,,,,,,,,,,,,,,
43,20,10,34,S61,False,16,4,20,9,0,0,0,0,0,"['B616', 'B13', 'B296', 'B751', 'B740', 'B448', 'B102', 'B693', 'B275']",4.5,S66,1.13,7,4,11,0.0,,-0.019785,-12.19459,-12.214375,False,False,18,S66,True,6,4.1806,delivery,,,,,,,,,,,,,,,,,,,,,,,,,,,,,,,,,,,,,,,,,,,,,,,,,,,,
43,20,10,40,S66,False,7,4,11,7,0,0,0,0,0,"['B349', 'B385', 'B373', 'B729', 'B285', 'B668', 'B623']",3.5,S54,5.58,0,4,4,0.0,,-0.009912,-12.212266,-12.222177,False,False,12,S41,True,6,2.9964,delivery,,,,,,,,,,,,,,,,,,,,,,,,,,,,,,,,,,,,,,,,,,,,,,,,,,,,
43,20,10,49,S54,False,0,4,4,0,9,0,1,0,0,"['B272', 'B438', 'B465', 'B113', 'B656', 'B686', 'B743', 'B154', 'B632', 'B530']",5.0,S38,6.91,9,5,14,0.0,,-0.049684,-12.195206,-12.24489,True,True,36,S38,False,31,8.7085,pickup+depot_removal,,,,,,,,,,,,,,,,,,,,,,,,,,,,,,,,,,,,,,,,,,,,,,,,,,,,
43,20,11,1,S38,False,9,5,14,0,6,1,0,0,0,"['B138', 'B197', 'B340', 'B612', 'B442', 'B313']",6.0,S19,6.67,15,5,20,0.0,,-0.004981,-12.229787,-12.234768,True,True,24,S19,False,19,5.6561,pickup+onsite,,,,,,,,,,,,,,,,,,,,,,,,,,,,,,,,,,,,,,,,,,,,,,,,,,,,
43,20,11,14,S19,False,15,5,20,7,0,0,0,0,0,"['B272', 'B438', 'B465', 'B113', 'B656', 'B686', 'B743']",3.5,S51,1.21,8,5,13,0.0,,-0.004931,-12.269624,-12.274555,False,False,18,S32,True,12,3.7014,delivery,,,,,,,,,,,,,,,,,,,,,,,,,,,,,,,,,,,,,,,,,,,,,,,,,,,,
43,20,11,18,S51,False,8,5,13,0,7,1,0,0,0,"['B8', 'B541', 'B348', 'B403', 'B394', 'B390', 'B331']",6.5,S32,4.37,15,5,20,0.0,,-0.004981,-12.251511,-12.256492,True,True,24,S32,False,18,4.411,pickup+onsite,,,,,,,,,,,,,,,,,,,,,,,,,,,,,,,,,,,,,,,,,,,,,,,,,,,,
43,20,11,29,S32,False,15,5,20,11,0,0,0,0,0,"['B154', 'B632', 'B138', 'B197', 'B340', 'B612', 'B442', 'B313', 'B8', 'B541', 'B348']",5.5,S31,6.41,4,5,9,0.0,,-0.019823,-12.234764,-12.254588,False,False,18,S29,True,10,3.6412,delivery,,,,,,,,,,,,,,,,,,,,,,,,,,,,,,,,,,,,,,,,,,,,,,,,,,,,
43,20,11,41,S31,False,4,5,9,0,11,0,0,0,0,"['B420', 'B571', 'B722', 'B393', 'B342', 'B237', 'B681', 'B683', 'B443', 'B730', 'B123']",5.5,S29,6.48,15,5,20,0.0,,-0.069218,-11.935994,-12.005212,False,False,12,S30,True,8,2.3058,pickup,,,,,,,,,,,,,,,,,,,,,,,,,,,,,,,,,,,,,,,,,,,,,,,,,,,,
43,20,11,53,S29,False,15,5,20,15,0,0,0,0,0,"['B403', 'B394', 'B390', 'B331', 'B420', 'B571', 'B722', 'B393', 'B342', 'B237', 'B681', 'B683', 'B443', 'B730', 'B123']",7.5,S56,2.28,0,5,5,0.0,,-0.059747,-12.050114,-12.109861,False,False,18,S63,True,15,3.6952,delivery,,,,,,,,,,,,,,,,,,,,,,,,,,,,,,,,,,,,,,,,,,,,,,,,,,,,
43,20,12,3,S56,False,0,5,5,0,8,0,0,0,0,"['B724', 'B591', 'B231', 'B214', 'B329', 'B407', 'B67', 'B627']",4.0,S46,3.67,8,5,13,0.0,,-0.004968,-12.073486,-12.078454,False,False,18,S46,False,7,3.3659,pickup,,,,,,,,,,,,,,,,,,,,,,,,,,,,,,,,,,,,,,,,,,,,,,,,,,,,
43,20,12,11,S46,False,8,5,13,0,7,0,0,0,0,"['B635', 'B351', 'B475', 'B502', 'B381', 'B106', 'B565']",3.5,S62,2.76,15,5,20,0.0,,-0.004931,-12.081948,-12.086879,False,False,12,S62,False,10,2.4265,pickup,,,,,,,,,,,,,,,,,,,,,,,,,,,,,,,,,,,,,,,,,,,,,,,,,,,,
43,20,12,17,S62,False,15,5,20,10,0,0,0,0,0,"['B724', 'B591', 'B231', 'B214', 'B329', 'B407', 'B67', 'B627', 'B635', 'B351']",5.0,S13,11.46,5,5,10,0.0,,-0.019823,-12.125446,-12.145269,False,False,18,S13,False,8,3.2151,delivery,,,,,,,,,,,,,,,,,,,,,,,,,,,,,,,,,,,,,,,,,,,,,,,,,,,,
43,20,12,33,S13,False,5,5,10,5,0,0,0,0,0,"['B475', 'B502', 'B381', 'B106', 'B565']",2.5,S22,4.2,0,5,5,0.0,,-0.004931,-12.441231,-12.446161,False,False,12,S22,False,6,2.3088,delivery,,,,,,,,,,,,,,,,,,,,,,,,,,,,,,,,,,,,,,,,,,,,,,,,,,,,
43,20,12,40,S22,False,0,5,5,0,11,0,0,0,0,"['B703', 'B107', 'B241', 'B663', 'B609', 'B543', 'B101', 'B495', 'B445', 'B423', 'B392']",5.5,S43,8.75,11,5,16,0.0,,-0.039521,-12.398177,-12.437697,False,False,18,S64,True,13,3.7474,pickup,,,,,,,,,,,,,,,,,,,,,,,,,,,,,,,,,,,,,,,,,,,,,,,,,,,,
43,20,12,54,S43,False,11,5,16,11,0,0,0,0,0,"['B703', 'B107', 'B241', 'B663', 'B609', 'B543', 'B101', 'B495', 'B445', 'B423', 'B392']",5.5,S32,3.61,0,5,5,0.0,,-0.173731,-12.399579,-12.57331,False,False,12,S32,False,6,2.7388,delivery,,,,,,,,,,,,,,,,,,,,,,,,,,,,,,,,,,,,,,,,,,,,,,,,,,,,
43,20,13,3,S32,False,0,5,5,0,8,0,0,0,0,"['B632', 'B138', 'B197', 'B340', 'B612', 'B442', 'B313', 'B8']",4.0,S30,8.28,8,5,13,0.0,,-0.109418,-12.333755,-12.443173,False,False,18,S46,True,8,3.5164,pickup,,,,,,,,,,,,,,,,,,,,,,,,,,,,,,,,,,,,,,,,,,,,,,,,,,,,
43,20,13,16,S30,False,8,5,13,8,0,0,1,0,0,"['B401', 'B632', 'B138', 'B197', 'B340', 'B612', 'B442', 'B313', 'B8']",4.5,S46,6.95,0,6,6,0.0,,-0.08435,-12.397915,-12.482265,True,True,24,S46,False,19,4.1999,delivery+depot_removal,,,,,,,,,,,,,,,,,,,,,,,,,,,,,,,,,,,,,,,,,,,,,,,,,,,,
43,20,13,27,S46,False,0,6,6,0,12,0,0,0,0,"['B47', 'B30', 'B739', 'B561', 'B762', 'B212', 'B408', 'B298', 'B70', 'B257', 'B384', 'B709']",6.0,S5,14.03,12,6,18,0.0,,-0.188901,-12.424593,-12.613493,False,False,18,S63,True,14,3.7475,pickup,,,,,,,,,,,,,,,,,,,,,,,,,,,,,,,,,,,,,,,,,,,,,,,,,,,,
43,20,13,47,S5,False,12,6,18,12,0,0,0,0,0,"['B47', 'B30', 'B739', 'B561', 'B762', 'B212', 'B408', 'B298', 'B70', 'B257', 'B384', 'B709']",6.0,S7,2.31,0,6,6,0.0,,-0.327664,-12.438836,-12.7665,False,False,12,S21,True,10,3.0256,delivery,,,,,,,,,,,,,,,,,,,,,,,,,,,,,,,,,,,,,,,,,,,,,,,,,,,,
43,20,13,55,S7,False,0,6,6,0,7,1,1,0,0,"['B402', 'B542', 'B618', 'B518', 'B744', 'B568', 'B202', 'B48']",7.0,S52,9.68,7,7,14,0.0,,-0.243011,-12.428038,-12.671049,True,True,72,S41,True,45,15.1534,pickup+maintenance,,,,,,,,,,,,,,,,,,,,,,,,,,,,,,,,,,,,,,,,,,,,,,,,,,,,
43,20,14,12,S52,False,7,7,14,7,0,1,0,0,0,"['B402', 'B542', 'B618', 'B518', 'B744', 'B568', 'B202']",6.5,S42,8.01,0,7,7,0.0,,-0.144034,-12.425976,-12.57001,True,True,24,S4,True,19,4.8737,delivery+onsite,,,,,,,,,,,,,,,,,,,,,,,,,,,,,,,,,,,,,,,,,,,,,,,,,,,,
43,20,14,27,S42,False,0,7,7,0,9,0,0,0,0,"['B376', 'B482', 'B33', 'B253', 'B227', 'B317', 'B617', 'B406', 'B555']",4.5,S49,11.96,9,7,16,0.0,,-0.183604,-12.372644,-12.556248,False,False,18,S37,True,14,4.4549,pickup,,,,,,,,,,,,,,,,,,,,,,,,,,,,,,,,,,,,,,,,,,,,,,,,,,,,
43,20,14,43,S49,False,9,7,16,0,0,0,1,0,0,['B200'],0.5,S65,4.37,9,8,17,0.0,,-0.227981,-12.569645,-12.797626,True,True,24,S64,True,7,4.6739,do_nothing+depot_removal,,,,,,,,,,,,,,,,,,,,,,,,,,,,,,,,,,,,,,,,,,,,,,,,,,,,
43,20,14,48,S65,False,9,8,17,9,0,1,0,0,0,"['B376', 'B482', 'B33', 'B253', 'B227', 'B317', 'B617', 'B406', 'B555']",7.5,S37,5.89,0,8,8,0.0,,-0.198321,-12.541412,-12.739733,True,True,24,S19,True,18,4.5083,delivery+onsite,,,,,,,,,,,,,,,,,,,,,,,,,,,,,,,,,,,,,,,,,,,,,,,,,,,,
43,20,15,1,S37,False,0,8,8,0,12,0,0,0,0,"['B411', 'B544', 'B81', 'B647', 'B738', 'B71', 'B73', 'B507', 'B367', 'B157', 'B65', 'B147']",6.0,S51,4.67,12,8,20,0.0,,-0.283036,-12.448886,-12.731921,False,False,12,S4,True,6,2.3679,pickup,,,,,,,,,,,,,,,,,,,,,,,,,,,,,,,,,,,,,,,,,,,,,,,,,,,,
43,20,15,12,S51,False,12,8,20,12,0,0,0,0,0,"['B411', 'B544', 'B81', 'B647', 'B738', 'B71', 'B73', 'B507', 'B367', 'B157', 'B65', 'B147']",6.0,S4,5.42,0,8,8,0.0,,-0.188434,-12.412598,-12.601033,False,False,12,S36,True,7,2.4339,delivery,,,,,,,,,,,,,,,,,,,,,,,,,,,,,,,,,,,,,,,,,,,,,,,,,,,,
43,20,15,23,S4,False,0,8,8,0,12,0,0,0,0,"['B389', 'B732', 'B508', 'B2', 'B136', 'B68', 'B566', 'B471', 'B359', 'B100', 'B240', 'B195']",6.0,S22,6.38,12,8,20,0.0,,-0.208334,-12.439514,-12.647847,False,False,18,S41,True,6,3.2896,pickup,,,,,,,,,,,,,,,,,,,,,,,,,,,,,,,,,,,,,,,,,,,,,,,,,,,,
43,20,15,36,S22,False,12,8,20,12,0,0,0,0,0,"['B389', 'B732', 'B508', 'B2', 'B136', 'B68', 'B566', 'B471', 'B359', 'B100', 'B240', 'B195']",6.0,S41,3.42,0,8,8,0.0,,-0.163832,-12.383306,-12.547138,False,False,12,S48,True,6,2.3733,delivery,,,,,,,,,,,,,,,,,,,,,,,,,,,,,,,,,,,,,,,,,,,,,,,,,,,,
43,20,15,45,S41,False,0,8,8,0,12,0,0,0,0,"['B139', 'B52', 'B262', 'B761', 'B608', 'B204', 'B615', 'B99', 'B83', 'B338', 'B715', 'B383']",6.0,S46,6.18,12,8,20,0.0,,-0.109141,-12.4144,-12.523542,False,False,12,S38,True,10,2.3068,pickup,,,,,,,,,,,,,,,,,,,,,,,,,,,,,,,,,,,,,,,,,,,,,,,,,,,,
43,20,15,57,S46,False,12,8,20,12,0,0,0,0,0,"['B139', 'B52', 'B262', 'B761', 'B608', 'B204', 'B615', 'B99', 'B83', 'B338', 'B715', 'B383']",6.0,S19,4.09,0,8,8,0.0,,-0.198825,-12.45093,-12.649755,False,False,18,S48,True,14,4.0145,delivery,,,,,,,,,,,,,,,,,,,,,,,,,,,,,,,,,,,,,,,,,,,,,,,,,,,,
43,20,16,7,S19,False,0,8,8,0,7,0,0,0,0,"['B686', 'B743', 'B86', 'B553', 'B332', 'B154', 'B674']",3.5,S48,0.52,7,8,15,0.0,,-0.134185,-12.471423,-12.605608,False,False,18,S30,True,6,3.6456,pickup,,,,,,,,,,,,,,,,,,,,,,,,,,,,,,,,,,,,,,,,,,,,,,,,,,,,
43,20,16,12,S48,False,7,8,15,7,0,0,0,0,0,"['B686', 'B743', 'B86', 'B553', 'B332', 'B154', 'B674']",3.5,S30,9.98,0,8,8,0.0,,-0.099444,-12.344351,-12.443794,False,False,12,S30,False,9,2.3684,delivery,,,,,,,,,,,,,,,,,,,,,,,,,,,,,,,,,,,,,,,,,,,,,,,,,,,,
43,20,16,25,S30,False,0,8,8,0,8,0,0,0,0,"['B197', 'B340', 'B612', 'B442', 'B313', 'B8', 'B517', 'B528']",4.0,S49,3.29,8,8,16,0.0,,-0.039684,-12.292596,-12.33228,False,False,18,S13,True,8,3.5626,pickup,,,,,,,,,,,,,,,,,,,,,,,,,,,,,,,,,,,,,,,,,,,,,,,,,,,,
43,20,16,32,S49,False,8,8,16,8,0,0,0,0,0,"['B197', 'B340', 'B612', 'B442', 'B313', 'B8', 'B517', 'B528']",4.0,S37,3.13,0,8,8,0.0,,-0.024817,-12.13293,-12.157747,False,False,12,S21,True,7,2.2766,delivery,,,,,,,,,,,,,,,,,,,,,,,,,,,,,,,,,,,,,,,,,,,,,,,,,,,,
43,20,16,39,S37,False,0,8,8,0,12,0,0,0,0,"['B489', 'B329', 'B191', 'B492', 'B292', 'B522', 'B710', 'B540', 'B735', 'B582', 'B280', 'B352']",6.0,S38,1.93,12,8,20,0.0,,-0.004968,-12.108679,-12.113647,False,False,12,S4,True,9,2.4833,pickup,,,,,,,,,,,,,,,,,,,,,,,,,,,,,,,,,,,,,,,,,,,,,,,,,,,,
43,20,16,47,S38,False,12,8,20,9,0,0,0,0,0,"['B489', 'B329', 'B191', 'B492', 'B292', 'B522', 'B710', 'B540', 'B735']",4.5,S21,14.5,3,8,11,0.0,,-0.02493,-12.119123,-12.144053,False,False,18,S17,True,7,3.9463,delivery,,,,,,,,,,,,,,,,,,,,,,,,,,,,,,,,,,,,,,,,,,,,,,,,,,,,
43,20,17,6,S21,False,3,8,11,0,6,1,0,0,0,"['B131', 'B225', 'B491', 'B563', 'B759', 'B510']",6.0,S65,15.09,9,8,17,0.0,,0.0,-12.167473,-12.167473,True,True,36,S1,True,19,6.2861,pickup+onsite,,,,,,,,,,,,,,,,,,,,,,,,,,,,,,,,,,,,,,,,,,,,,,,,,,,,
43,20,17,27,S65,False,9,8,17,9,0,0,0,0,0,"['B582', 'B280', 'B352', 'B131', 'B225', 'B491', 'B563', 'B759', 'B510']",4.5,S31,3.2,0,8,8,0.0,,-0.034678,-12.249426,-12.284104,False,False,12,S26,True,6,2.4311,delivery,,,,,,,,,,,,,,,,,,,,,,,,,,,,,,,,,,,,,,,,,,,,,,,,,,,,
43,20,17,35,S31,False,0,8,8,0,12,0,0,0,0,"['B161', 'B364', 'B475', 'B106', 'B162', 'B536', 'B37', 'B620', 'B657', 'B663', 'B669', 'B671']",6.0,S26,6.02,12,8,20,0.0,,-0.019786,-12.11543,-12.135216,False,False,12,S26,False,6,2.734,pickup,,,,,,,,,,,,,,,,,,,,,,,,,,,,,,,,,,,,,,,,,,,,,,,,,,,,
43,20,17,47,S26,False,12,8,20,12,0,0,0,0,0,"['B161', 'B364', 'B475', 'B106', 'B162', 'B536', 'B37', 'B620', 'B657', 'B663', 'B669', 'B671']",6.0,S40,5.09,0,8,8,0.0,,-0.049583,-12.141652,-12.191236,False,False,12,S40,False,6,2.79,delivery,,,,,,,,,,,,,,,,,,,,,,,,,,,,,,,,,,,,,,,,,,,,,,,,,,,,
43,20,17,58,S40,False,0,8,8,0,0,0,0,0,0,[],0.0,S61,2.69,0,8,8,0.0,,-0.014918,-12.151639,-12.166557,False,False,18,S61,False,4,3.6582,do_nothing,,,,,,,,,,,,,,,,,,,,,,,,,,,,,,,,,,,,,,,,,,,,,,,,,,,,
43,20,18,1,S61,False,0,8,8,0,10,0,0,0,0,"['B532', 'B465', 'B210', 'B217', 'B476', 'B343', 'B51', 'B639', 'B443', 'B160']",5.0,S15,3.33,10,8,18,0.0,,-0.014817,-12.154429,-12.169246,False,False,18,S15,False,12,3.5778,pickup,,,,,,,,,,,,,,,,,,,,,,,,,,,,,,,,,,,,,,,,,,,,,,,,,,,,
43,20,18,9,S15,False,10,8,18,10,0,0,0,0,0,"['B532', 'B465', 'B210', 'B217', 'B476', 'B343', 'B51', 'B639', 'B443', 'B160']",5.0,S5,10.44,0,8,8,0.0,,-0.004994,-12.115662,-12.120656,False,False,12,S56,True,8,2.8346,delivery,,,,,,,,,,,,,,,,,,,,,,,,,,,,,,,,,,,,,,,,,,,,,,,,,,,,
43,20,18,25,S5,False,0,8,8,0,12,0,0,0,0,"['B249', 'B47', 'B30', 'B739', 'B561', 'B762', 'B212', 'B408', 'B298', 'B70', 'B257', 'B384']",6.0,S13,1.55,12,8,20,0.0,,-0.019785,-12.107253,-12.127038,False,False,12,S40,True,6,3.3378,pickup,,,,,,,,,,,,,,,,,,,,,,,,,,,,,,,,,,,,,,,,,,,,,,,,,,,,
43,20,18,32,S13,False,12,8,20,12,0,0,0,0,0,"['B249', 'B47', 'B30', 'B739', 'B561', 'B762', 'B212', 'B408', 'B298', 'B70', 'B257', 'B384']",6.0,S19,16.68,0,8,8,0.0,,-0.10933,-12.62054,-12.729871,False,False,18,S59,True,14,4.813,delivery,,,,,,,,,,,,,,,,,,,,,,,,,,,,,,,,,,,,,,,,,,,,,,,,,,,,
43,20,18,55,S19,False,0,8,8,0,7,0,0,0,0,"['B16', 'B353', 'B560', 'B97', 'B667', 'B487', 'B520']",3.5,S56,6.24,7,8,15,0.0,,0.0,-12.575338,-12.575338,False,False,18,S56,False,8,3.5765,pickup,,,,,,,,,,,,,,,,,,,,,,,,,,,,,,,,,,,,,,,,,,,,,,,,,,,,
43,20,19,5,S56,False,7,8,15,0,5,0,0,0,0,"['B632', 'B43', 'B260', 'B509', 'B503']",2.5,S55,1.03,12,8,20,0.0,,-0.01488,-12.525656,-12.540536,False,False,12,S55,False,6,2.443,pickup,,,,,,,,,,,,,,,,,,,,,,,,,,,,,,,,,,,,,,,,,,,,,,,,,,,,
43,20,19,8,S55,False,12,8,20,12,0,1,0,0,0,"['B16', 'B353', 'B560', 'B97', 'B667', 'B487', 'B520', 'B632', 'B43', 'B260', 'B509', 'B503']",9.0,S58,5.61,0,8,8,0.0,,-0.05952,-12.417372,-12.476892,True,True,24,S58,False,18,4.5091,delivery+onsite,,,,,,,,,,,,,,,,,,,,,,,,,,,,,,,,,,,,,,,,,,,,,,,,,,,,
43,20,19,23,S58,False,0,8,8,0,12,0,0,0,0,"['B733', 'B452', 'B119', 'B224', 'B6', 'B633', 'B277', 'B505', 'B643', 'B272', 'B611', 'B236']",6.0,S59,1.19,12,8,20,0.0,,-0.029785,-12.417201,-12.446986,False,False,12,S59,False,6,2.2374,pickup,,,,,,,,,,,,,,,,,,,,,,,,,,,,,,,,,,,,,,,,,,,,,,,,,,,,
43,20,19,30,S59,False,12,8,20,12,0,0,0,0,0,"['B733', 'B452', 'B119', 'B224', 'B6', 'B633', 'B277', 'B505', 'B643', 'B272', 'B611', 'B236']",6.0,S39,2.08,0,8,8,0.0,,-0.044678,-12.448124,-12.492802,False,False,18,S58,True,14,3.3694,delivery,,,,,,,,,,,,,,,,,,,,,,,,,,,,,,,,,,,,,,,,,,,,,,,,,,,,
43,20,19,38,S39,False,0,8,8,0,0,0,0,0,0,[],0.0,S23,5.18,0,8,8,0.0,,-0.01493,-12.513275,-12.528205,False,False,8,S23,False,1,1.3895,do_nothing,,,,,,,,,,,,,,,,,,,,,,,,,,,,,,,,,,,,,,,,,,,,,,,,,,,,
43,20,19,43,S23,False,0,8,8,0,8,0,0,0,0,"['B712', 'B479', 'B661', 'B129', 'B459', 'B751', 'B511', 'B4']",4.0,D0,4.45,8,8,16,0.0,,-0.029722,-12.657466,-12.687189,False,False,3,D0,False,1,0.57,pickup,,,,,,,,,,,,,,,,,,,,,,,,,,,,,,,,,,,,,,,,,,,,,,,,,,,,
43,20,19,52,D0,True,8,8,16,0,0,0,0,8,4,"['B655', 'B551', 'B767', 'B77', 'B40', 'B258', 'B290', 'B697', 'B530', 'B401', 'B48', 'B200']",6.0,D0,0.0,12,0,12,0.0,,-0.009899,-12.640932,-12.650831,True,True,1,D0,False,0,0.2051,do_nothing,,,,,,,,,,,,,,,,,,,,,,,,,,,,,,,,,,,,,,,,,,,,,,,,,,,,
43,21,6,13,D0,True,12,0,12,0,0,0,0,0,8,"['B696', 'B690', 'B347', 'B205', 'B167', 'B585', 'B270', 'B360']",4.0,S66,1.4,20,0,20,0.0,,-0.932564,-13.983998,-14.916562,True,True,5,S66,False,0,1.0213,load_queue,,,,,,,,,,,,,,,,,,,,,,,,,,,,,,,,,,,,,,,,,,,,,,,,,,,,
43,21,6,33,S66,False,20,0,20,18,0,0,0,0,0,"['B712', 'B479', 'B661', 'B129', 'B459', 'B751', 'B511', 'B4', 'B655', 'B551', 'B767', 'B77', 'B696', 'B690', 'B347', 'B205', 'B167', 'B585']",9.0,S39,4.09,2,0,2,0.0,,-1.106682,-13.797825,-14.904508,False,False,18,S26,True,6,3.6711,delivery,,,,,,,,,,,,,,,,,,,,,,,,,,,,,,,,,,,,,,,,,,,,,,,,,,,,
43,21,6,46,S39,False,2,0,2,0,18,0,0,0,0,"['B514', 'B460', 'B339', 'B457', 'B678', 'B209', 'B244', 'B223', 'B293', 'B544', 'B555', 'B387', 'B171', 'B641', 'B158', 'B622', 'B114', 'B86']",9.0,S65,5.08,20,0,20,0.0,,-0.671101,-13.764703,-14.435805,True,False,24,S22,True,12,4.9583,pickup,,,,,,,,,,,,,,,,,,,,,,,,,,,,,,,,,,,,,,,,,,,,,,,,,,,,
43,21,7,0,S65,False,20,0,20,13,0,0,0,0,0,"['B270', 'B360', 'B514', 'B460', 'B339', 'B457', 'B678', 'B209', 'B244', 'B223', 'B293', 'B544', 'B555']",6.5,S38,5.71,7,0,7,0.0,,-0.327512,-13.632406,-13.959919,False,False,18,S26,True,14,3.4068,delivery,,,,,,,,,,,,,,,,,,,,,,,,,,,,,,,,,,,,,,,,,,,,,,,,,,,,
43,21,7,12,S38,False,7,0,7,0,13,0,0,0,0,"['B492', 'B292', 'B522', 'B710', 'B540', 'B735', 'B201', 'B628', 'B366', 'B755', 'B462', 'B121', 'B563']",6.5,S26,9.12,20,0,20,0.0,,-0.292746,-13.637052,-13.929798,False,False,12,S22,True,6,2.2626,pickup,,,,,,,,,,,,,,,,,,,,,,,,,,,,,,,,,,,,,,,,,,,,,,,,,,,,
43,21,7,28,S26,False,20,0,20,20,0,0,0,0,0,"['B387', 'B171', 'B641', 'B158', 'B622', 'B114', 'B86', 'B492', 'B292', 'B522', 'B710', 'B540', 'B735', 'B201', 'B628', 'B366', 'B755', 'B462', 'B121', 'B563']",10.0,S35,6.42,0,0,0,0.0,,-0.347651,-13.664037,-14.011688,False,False,12,S45,True,7,2.4715,delivery,,,,,,,,,,,,,,,,,,,,,,,,,,,,,,,,,,,,,,,,,,,,,,,,,,,,
43,21,7,45,S35,False,0,0,0,0,13,0,0,0,0,"['B27', 'B760', 'B648', 'B381', 'B548', 'B279', 'B593', 'B103', 'B204', 'B324', 'B23', 'B411', 'B211']",6.5,S28,14.76,13,0,13,0.0,,-0.347538,-13.613219,-13.960757,False,False,18,S46,True,15,3.5046,pickup,,,,,,,,,,,,,,,,,,,,,,,,,,,,,,,,,,,,,,,,,,,,,,,,,,,,
43,21,8,6,S28,False,13,0,13,13,0,0,1,0,0,"['B576', 'B27', 'B760', 'B648', 'B381', 'B548', 'B279', 'B593', 'B103', 'B204', 'B324', 'B23', 'B411', 'B211']",7.0,S54,13.18,0,1,1,0.0,,-0.31794,-13.419153,-13.737093,True,True,24,S54,False,21,4.2433,delivery+depot_removal,,,,,,,,,,,,,,,,,,,,,,,,,,,,,,,,,,,,,,,,,,,,,,,,,,,,
43,21,8,26,S54,False,0,1,1,0,15,0,0,0,0,"['B423', 'B718', 'B207', 'B319', 'B311', 'B440', 'B652', 'B368', 'B129', 'B337', 'B561', 'B730', 'B365', 'B588', 'B701']",7.5,S15,3.9,15,1,16,0.0,,-0.352317,-13.555898,-13.908214,False,False,18,S37,True,6,3.0653,pickup,,,,,,,,,,,,,,,,,,,,,,,,,,,,,,,,,,,,,,,,,,,,,,,,,,,,
43,21,8,37,S15,False,15,1,16,15,0,0,0,0,0,"['B423', 'B718', 'B207', 'B319', 'B311', 'B440', 'B652', 'B368', 'B129', 'B337', 'B561', 'B730', 'B365', 'B588', 'B701']",7.5,S37,4.99,0,1,1,0.0,,-0.401674,-13.151909,-13.553583,False,False,12,S10,True,6,2.3014,delivery,,,,,,,,,,,,,,,,,,,,,,,,,,,,,,,,,,,,,,,,,,,,,,,,,,,,
43,21,8,50,S37,False,0,1,1,0,19,0,0,0,0,"['B131', 'B518', 'B25', 'B634', 'B162', 'B0', 'B582', 'B657', 'B415', 'B36', 'B467', 'B422', 'B30', 'B146', 'B579', 'B329', 'B38', 'B445', 'B85']",9.5,S27,4.19,19,1,20,0.0,,-0.332657,-13.159677,-13.492334,False,False,12,S27,False,6,2.4577,pickup,,,,,,,,,,,,,,,,,,,,,,,,,,,,,,,,,,,,,,,,,,,,,,,,,,,,
43,21,9,4,S27,False,19,1,20,15,0,0,0,0,0,"['B131', 'B518', 'B25', 'B634', 'B162', 'B0', 'B582', 'B657', 'B415', 'B36', 'B467', 'B422', 'B30', 'B146', 'B579']",7.5,S47,4.34,4,1,5,0.0,,-0.263225,-13.116926,-13.380151,False,False,18,S22,True,13,4.0176,delivery,,,,,,,,,,,,,,,,,,,,,,,,,,,,,,,,,,,,,,,,,,,,,,,,,,,,
43,21,9,15,S47,False,4,1,5,0,11,0,1,0,0,"['B525', 'B595', 'B55', 'B513', 'B448', 'B577', 'B157', 'B721', 'B604', 'B519', 'B72', 'B698']",6.0,S22,2.32,15,2,17,0.0,,-0.402076,-13.044195,-13.446272,True,True,36,S12,True,30,6.7348,pickup+depot_removal,,,,,,,,,,,,,,,,,,,,,,,,,,,,,,,,,,,,,,,,,,,,,,,,,,,,
43,21,9,24,S22,False,15,2,17,15,0,0,0,0,0,"['B329', 'B38', 'B445', 'B85', 'B525', 'B595', 'B55', 'B513', 'B448', 'B577', 'B157', 'B721', 'B604', 'B519', 'B72']",7.5,S32,10.82,0,2,2,0.0,,-0.267954,-12.958412,-13.226366,False,False,12,S52,True,6,2.5798,delivery,,,,,,,,,,,,,,,,,,,,,,,,,,,,,,,,,,,,,,,,,,,,,,,,,,,,
43,21,9,42,S32,False,0,2,2,0,15,0,0,0,0,"['B1', 'B93', 'B356', 'B766', 'B490', 'B399', 'B731', 'B286', 'B686', 'B542', 'B100', 'B332', 'B565', 'B732', 'B351']",7.5,S34,4.62,15,2,17,0.0,,-0.262936,-13.10757,-13.370506,False,False,18,S34,False,6,4.7035,pickup,,,,,,,,,,,,,,,,,,,,,,,,,,,,,,,,,,,,,,,,,,,,,,,,,,,,
43,21,9,54,S34,False,15,2,17,14,0,0,0,0,0,"['B1', 'B93', 'B356', 'B766', 'B490', 'B399', 'B731', 'B286', 'B686', 'B542', 'B100', 'B332', 'B565', 'B732']",7.0,S63,5.11,1,2,3,0.0,,-0.292997,-12.97994,-13.272937,False,False,18,S10,True,8,4.5933,delivery,,,,,,,,,,,,,,,,,,,,,,,,,,,,,,,,,,,,,,,,,,,,,,,,,,,,
43,21,10,6,S63,False,1,2,3,0,16,1,0,0,0,"['B248', 'B192', 'B469', 'B57', 'B7', 'B49', 'B706', 'B379', 'B632', 'B282', 'B535', 'B166', 'B137', 'B322', 'B349', 'B108']",11.0,S12,5.44,17,2,19,0.0,,-0.233251,-12.975253,-13.208505,True,True,36,S12,True,21,9.216,pickup+onsite,,,,,,,,,,,,,,,,,,,,,,,,,,,,,,,,,,,,,,,,,,,,,,,,,,,,
43,21,10,23,S12,False,17,2,19,12,0,0,0,0,0,"['B351', 'B248', 'B192', 'B469', 'B57', 'B7', 'B49', 'B706', 'B379', 'B632', 'B282', 'B535']",6.0,S10,9.22,5,2,7,0.0,,-0.124122,-13.003201,-13.127323,False,False,18,S43,True,9,4.5595,delivery,,,,,,,,,,,,,,,,,,,,,,,,,,,,,,,,,,,,,,,,,,,,,,,,,,,,
43,21,10,38,S10,False,5,2,7,0,9,0,0,0,0,"['B388', 'B562', 'B412', 'B630', 'B703', 'B564', 'B143', 'B188', 'B120']",4.5,S29,0.66,14,2,16,0.0,,-0.094123,-13.235714,-13.329837,False,False,18,S42,True,12,4.1618,pickup,,,,,,,,,,,,,,,,,,,,,,,,,,,,,,,,,,,,,,,,,,,,,,,,,,,,
43,21,10,43,S29,False,14,2,16,14,0,0,0,0,0,"['B166', 'B137', 'B322', 'B349', 'B108', 'B388', 'B562', 'B412', 'B630', 'B703', 'B564', 'B143', 'B188', 'B120']",7.0,S59,7.54,0,2,2,0.0,,-0.084237,-13.104182,-13.188419,False,False,12,S45,True,10,3.5925,delivery,,,,,,,,,,,,,,,,,,,,,,,,,,,,,,,,,,,,,,,,,,,,,,,,,,,,
43,21,10,58,S59,False,0,2,2,0,17,0,0,0,0,"['B224', 'B6', 'B633', 'B277', 'B505', 'B643', 'B272', 'B611', 'B236', 'B452', 'B119', 'B276', 'B335', 'B280', 'B50', 'B232', 'B568']",8.5,S9,8.74,17,2,19,0.0,,-0.178636,-13.238823,-13.417459,False,False,18,S9,False,12,4.3717,pickup,,,,,,,,,,,,,,,,,,,,,,,,,,,,,,,,,,,,,,,,,,,,,,,,,,,,
43,21,11,15,S9,False,17,2,19,7,0,0,0,0,0,"['B224', 'B6', 'B633', 'B277', 'B505', 'B643', 'B272']",3.5,S33,8.41,10,2,12,0.0,,-0.14392,-13.234445,-13.378365,False,False,18,S2,True,15,3.1184,delivery,,,,,,,,,,,,,,,,,,,,,,,,,,,,,,,,,,,,,,,,,,,,,,,,,,,,
43,21,11,27,S33,False,10,2,12,0,8,0,0,0,0,"['B359', 'B237', 'B42', 'B523', 'B466', 'B76', 'B109', 'B51']",4.0,S2,7.08,18,2,20,0.0,,-0.119028,-13.324858,-13.443886,False,False,12,S17,True,6,2.7429,pickup,,,,,,,,,,,,,,,,,,,,,,,,,,,,,,,,,,,,,,,,,,,,,,,,,,,,
43,21,11,38,S2,False,18,2,20,0,0,0,0,0,0,[],0.0,S23,2.77,18,2,20,0.0,,-0.05952,-13.258878,-13.318398,False,False,18,S60,True,0,4.2027,do_nothing,,,,,,,,,,,,,,,,,,,,,,,,,,,,,,,,,,,,,,,,,,,,,,,,,,,,
43,21,11,41,S23,False,18,2,20,11,0,0,0,0,0,"['B611', 'B236', 'B452', 'B119', 'B276', 'B335', 'B280', 'B50', 'B232', 'B568', 'B359']",5.5,S17,9.74,7,2,9,0.0,,-0.074362,-13.283337,-13.357699,False,False,18,S2,True,9,3.3331,delivery,,,,,,,,,,,,,,,,,,,,,,,,,,,,,,,,,,,,,,,,,,,,,,,,,,,,
43,21,11,56,S17,False,7,2,9,7,0,0,0,0,0,"['B237', 'B42', 'B523', 'B466', 'B76', 'B109', 'B51']",3.5,S44,9.71,0,2,2,0.0,,-0.133769,-13.305691,-13.439461,False,False,12,S60,True,9,2.9448,delivery,,,,,,,,,,,,,,,,,,,,,,,,,,,,,,,,,,,,,,,,,,,,,,,,,,,,
43,21,12,9,S44,False,0,2,2,0,9,0,0,0,0,"['B507', 'B621', 'B387', 'B5', 'B659', 'B327', 'B124', 'B383', 'B716']",4.5,S63,0.47,9,2,11,0.0,,-0.19856,-13.224127,-13.422687,False,False,18,S63,False,12,3.6439,pickup,,,,,,,,,,,,,,,,,,,,,,,,,,,,,,,,,,,,,,,,,,,,,,,,,,,,
43,21,12,14,S63,False,9,2,11,0,9,0,0,0,0,"['B757', 'B302', 'B714', 'B524', 'B474', 'B171', 'B427', 'B660', 'B246']",4.5,S54,3.86,18,2,20,0.0,,-0.124135,-13.252178,-13.376313,False,False,12,S4,True,7,2.2307,pickup,,,,,,,,,,,,,,,,,,,,,,,,,,,,,,,,,,,,,,,,,,,,,,,,,,,,
43,21,12,22,S54,False,18,2,20,12,0,0,0,0,0,"['B507', 'B621', 'B387', 'B5', 'B659', 'B327', 'B124', 'B383', 'B716', 'B757', 'B302', 'B714']",6.0,S49,7.81,6,2,8,0.0,,-0.084287,-13.209699,-13.293986,False,False,18,S31,True,13,4.59,delivery,,,,,,,,,,,,,,,,,,,,,,,,,,,,,,,,,,,,,,,,,,,,,,,,,,,,
43,21,12,36,S49,False,6,2,8,0,12,0,0,0,0,"['B442', 'B313', 'B8', 'B517', 'B528', 'B684', 'B185', 'B493', 'B283', 'B61', 'B291', 'B603']",6.0,S31,2.89,18,2,20,0.0,,-0.109204,-13.099617,-13.208821,False,False,12,S4,True,6,2.4334,pickup,,,,,,,,,,,,,,,,,,,,,,,,,,,,,,,,,,,,,,,,,,,,,,,,,,,,
43,21,12,45,S31,False,18,2,20,18,0,0,0,0,0,"['B524', 'B474', 'B171', 'B427', 'B660', 'B246', 'B442', 'B313', 'B8', 'B517', 'B528', 'B684', 'B185', 'B493', 'B283', 'B61', 'B291', 'B603']",9.0,S39,3.72,0,2,2,0.0,,-0.158637,-13.048306,-13.206943,False,False,12,S39,False,6,2.8732,delivery,,,,,,,,,,,,,,,,,,,,,,,,,,,,,,,,,,,,,,,,,,,,,,,,,,,,
43,21,12,58,S39,False,0,2,2,0,12,1,0,0,0,"['B688', 'B396', 'B458', 'B186', 'B69', 'B34', 'B676', 'B670', 'B558', 'B182', 'B179', 'B307']",9.0,S4,3.3,12,2,14,0.0,,-0.124022,-12.950169,-13.07419,True,True,36,S4,False,30,7.3068,pickup+onsite,,,,,,,,,,,,,,,,,,,,,,,,,,,,,,,,,,,,,,,,,,,,,,,,,,,,
43,21,13,10,S4,False,12,2,14,9,0,0,0,0,0,"['B688', 'B396', 'B458', 'B186', 'B69', 'B34', 'B676', 'B670', 'B558']",4.5,S56,6.31,3,2,5,0.0,,-0.109418,-13.171876,-13.281295,False,False,18,S33,True,6,3.7408,delivery,,,,,,,,,,,,,,,,,,,,,,,,,,,,,,,,,,,,,,,,,,,,,,,,,,,,
43,21,13,21,S56,False,3,2,5,3,0,0,0,0,0,"['B182', 'B179', 'B307']",1.5,S40,3.75,0,2,2,0.0,,-0.06425,-13.242602,-13.306851,False,False,12,S40,False,6,2.4716,delivery,,,,,,,,,,,,,,,,,,,,,,,,,,,,,,,,,,,,,,,,,,,,,,,,,,,,
43,21,13,26,S40,False,0,2,2,0,13,0,0,0,0,"['B264', 'B441', 'B744', 'B164', 'B649', 'B391', 'B87', 'B144', 'B738', 'B352', 'B658', 'B599', 'B611']",6.5,S33,1.51,13,2,15,0.0,,-0.069596,-13.264974,-13.33457,False,False,18,S62,True,6,4.455,pickup,,,,,,,,,,,,,,,,,,,,,,,,,,,,,,,,,,,,,,,,,,,,,,,,,,,,
43,21,13,34,S33,False,13,2,15,13,0,0,0,0,0,"['B264', 'B441', 'B744', 'B164', 'B649', 'B391', 'B87', 'B144', 'B738', 'B352', 'B658', 'B599', 'B611']",6.5,S62,0.92,0,2,2,0.0,,-0.128927,-13.607415,-13.736342,False,False,12,S63,True,8,3.123,delivery,,,,,,,,,,,,,,,,,,,,,,,,,,,,,,,,,,,,,,,,,,,,,,,,,,,,
43,21,13,42,S62,False,0,2,2,0,8,1,0,0,0,"['B413', 'B460', 'B570', 'B212', 'B79', 'B751', 'B70', 'B344']",7.0,S66,2.92,8,2,10,0.0,,-0.297613,-13.60796,-13.905573,True,True,54,S63,True,25,10.4144,pickup+onsite,,,,,,,,,,,,,,,,,,,,,,,,,,,,,,,,,,,,,,,,,,,,,,,,,,,,
43,21,13,52,S66,False,8,2,10,0,10,0,0,0,0,"['B514', 'B122', 'B215', 'B498', 'B151', 'B551', 'B5', 'B92', 'B357', 'B455']",5.0,S29,6.29,18,2,20,0.0,,-0.411686,-13.676038,-14.087723,True,False,18,S29,False,12,3.1355,pickup,,,,,,,,,,,,,,,,,,,,,,,,,,,,,,,,,,,,,,,,,,,,,,,,,,,,
43,21,14,3,S29,False,18,2,20,18,0,0,0,0,0,"['B413', 'B460', 'B570', 'B212', 'B79', 'B751', 'B70', 'B344', 'B514', 'B122', 'B215', 'B498', 'B151', 'B551', 'B5', 'B92', 'B357', 'B455']",9.0,S65,8.87,0,2,2,0.0,,-0.580724,-13.692354,-14.273077,False,False,12,S53,True,9,3.2426,delivery,,,,,,,,,,,,,,,,,,,,,,,,,,,,,,,,,,,,,,,,,,,,,,,,,,,,
43,21,14,21,S65,False,0,2,2,0,12,0,0,0,0,"['B384', 'B353', 'B294', 'B354', 'B582', 'B104', 'B415', 'B700', 'B25', 'B223', 'B635', 'B634']",6.0,S35,10.81,12,2,14,0.0,,-0.988034,-13.993368,-14.981402,False,False,18,S22,True,13,5.4656,pickup,,,,,,,,,,,,,,,,,,,,,,,,,,,,,,,,,,,,,,,,,,,,,,,,,,,,
43,21,14,37,S35,False,12,2,14,12,0,1,1,0,0,"['B252', 'B384', 'B353', 'B294', 'B354', 'B582', 'B104', 'B415', 'B700', 'B25', 'B223', 'B635', 'B634']",9.5,S12,9.87,0,3,3,0.0,,-1.152911,-13.516474,-14.669385,True,True,96,S16,True,66,20.085,delivery+maintenance,,,,,,,,,,,,,,,,,,,,,,,,,,,,,,,,,,,,,,,,,,,,,,,,,,,,
43,21,14,57,S12,False,0,3,3,0,17,1,0,0,0,"['B282', 'B535', 'B378', 'B123', 'B370', 'B586', 'B113', 'B287', 'B135', 'B605', 'B717', 'B60', 'B180', 'B597', 'B729', 'B472', 'B689']",11.5,S39,8.6,17,3,20,0.0,,-0.863724,-13.588735,-14.452458,True,True,24,S39,False,18,6.6175,pickup+onsite,,,,,,,,,,,,,,,,,,,,,,,,,,,,,,,,,,,,,,,,,,,,,,,,,,,,
43,21,15,17,S39,False,17,3,20,17,0,1,0,0,0,"['B282', 'B535', 'B378', 'B123', 'B370', 'B586', 'B113', 'B287', 'B135', 'B605', 'B717', 'B60', 'B180', 'B597', 'B729', 'B472', 'B689']",11.5,S66,4.09,0,3,3,0.0,,-1.072208,-13.606382,-14.67859,True,True,24,S66,False,18,6.5029,delivery+onsite,,,,,,,,,,,,,,,,,,,,,,,,,,,,,,,,,,,,,,,,,,,,,,,,,,,,
43,21,15,33,S66,False,0,3,3,0,15,0,1,0,0,"['B115', 'B130', 'B219', 'B565', 'B732', 'B668', 'B349', 'B11', 'B322', 'B162', 'B108', 'B191', 'B412', 'B525', 'B368', 'B244']",8.0,S4,2.35,15,4,19,0.0,,-0.739248,-13.569113,-14.308361,True,True,30,S44,True,20,7.8147,pickup+depot_removal,,,,,,,,,,,,,,,,,,,,,,,,,,,,,,,,,,,,,,,,,,,,,,,,,,,,
43,21,15,43,S4,False,15,4,19,9,0,0,0,0,0,"['B115', 'B130', 'B219', 'B565', 'B732', 'B668', 'B349', 'B11', 'B322']",4.5,S51,5.42,6,4,10,0.0,,-0.44678,-13.483168,-13.929948,False,False,18,S17,True,10,4.1146,delivery,,,,,,,,,,,,,,,,,,,,,,,,,,,,,,,,,,,,,,,,,,,,,,,,,,,,
43,21,15,53,S51,False,6,4,10,0,10,1,0,0,0,"['B761', 'B58', 'B734', 'B573', 'B155', 'B369', 'B339', 'B34', 'B112', 'B388']",8.0,S26,11.22,16,4,20,0.0,,-0.416932,-13.439713,-13.856645,True,True,36,S56,True,30,7.3081,pickup+onsite,,,,,,,,,,,,,,,,,,,,,,,,,,,,,,,,,,,,,,,,,,,,,,,,,,,,
43,21,16,12,S26,False,16,4,20,16,0,0,0,0,0,"['B162', 'B108', 'B191', 'B412', 'B525', 'B368', 'B761', 'B58', 'B734', 'B573', 'B155', 'B369', 'B339', 'B34', 'B112', 'B388']",8.0,S31,6.02,0,4,4,0.0,,-0.730383,-13.378923,-14.109306,False,False,12,S54,True,6,2.6589,delivery,,,,,,,,,,,,,,,,,,,,,,,,,,,,,,,,,,,,,,,,,,,,,,,,,,,,
43,21,16,26,S31,False,0,4,4,0,16,0,0,0,0,"['B283', 'B61', 'B291', 'B603', 'B447', 'B450', 'B758', 'B373', 'B613', 'B553', 'B740', 'B385', 'B730', 'B581', 'B140', 'B707']",8.0,S54,5.7,16,4,20,0.0,,-0.412353,-13.287524,-13.699877,False,False,12,S53,True,6,2.7298,pickup,,,,,,,,,,,,,,,,,,,,,,,,,,,,,,,,,,,,,,,,,,,,,,,,,,,,
43,21,16,40,S54,False,16,4,20,14,0,0,0,0,0,"['B283', 'B61', 'B291', 'B603', 'B447', 'B450', 'B758', 'B373', 'B613', 'B553', 'B740', 'B385', 'B730', 'B581']",7.0,S53,2.46,2,4,6,0.0,,-0.45205,-13.157288,-13.609338,False,False,18,S42,True,13,4.925,delivery,,,,,,,,,,,,,,,,,,,,,,,,,,,,,,,,,,,,,,,,,,,,,,,,,,,,
43,21,16,49,S53,False,2,4,6,0,14,0,0,0,0,"['B564', 'B293', 'B278', 'B318', 'B428', 'B588', 'B96', 'B152', 'B242', 'B308', 'B516', 'B710', 'B536', 'B333']",7.0,S42,6.49,16,4,20,0.0,,-0.26837,-13.162434,-13.430804,False,False,12,S10,True,8,2.7205,pickup,,,,,,,,,,,,,,,,,,,,,,,,,,,,,,,,,,,,,,,,,,,,,,,,,,,,
43,21,17,3,S42,False,16,4,20,9,0,1,0,0,0,"['B140', 'B707', 'B564', 'B293', 'B278', 'B318', 'B428', 'B588', 'B96']",7.5,S10,3.77,7,4,11,0.0,,-0.447006,-13.209182,-13.656188,True,True,36,S43,True,21,7.7106,delivery+onsite,,,,,,,,,,,,,,,,,,,,,,,,,,,,,,,,,,,,,,,,,,,,,,,,,,,,
43,21,17,14,S10,False,7,4,11,7,0,0,0,0,0,"['B152', 'B242', 'B308', 'B516', 'B710', 'B536', 'B333']",3.5,S48,7.55,0,4,4,0.0,,-0.38702,-13.073666,-13.460686,False,False,12,S40,True,7,2.5118,delivery,,,,,,,,,,,,,,,,,,,,,,,,,,,,,,,,,,,,,,,,,,,,,,,,,,,,
43,21,17,25,S48,False,0,4,4,0,11,0,0,0,0,"['B486', 'B24', 'B271', 'B85', 'B257', 'B402', 'B726', 'B440', 'B508', 'B203', 'B627']",5.5,S57,7.56,11,4,15,0.0,,-0.218723,-12.954146,-13.172869,False,False,18,S40,True,8,3.5851,pickup,,,,,,,,,,,,,,,,,,,,,,,,,,,,,,,,,,,,,,,,,,,,,,,,,,,,
43,21,17,38,S57,False,11,4,15,11,0,0,1,0,0,"['B684', 'B486', 'B24', 'B271', 'B85', 'B257', 'B402', 'B726', 'B440', 'B508', 'B203', 'B627']",6.0,S40,4.79,0,5,5,0.0,,-0.337273,-12.808034,-13.145307,True,True,24,S40,False,18,5.925,delivery+depot_removal,,,,,,,,,,,,,,,,,,,,,,,,,,,,,,,,,,,,,,,,,,,,,,,,,,,,
43,21,17,49,S40,False,0,5,5,0,13,0,0,0,0,"['B230', 'B187', 'B80', 'B323', 'B310', 'B251', 'B316', 'B653', 'B313', 'B227', 'B577', 'B699', 'B328']",6.5,S17,7.1,13,5,18,0.0,,-0.332354,-12.844648,-13.177002,False,False,18,S11,True,7,4.5669,pickup,,,,,,,,,,,,,,,,,,,,,,,,,,,,,,,,,,,,,,,,,,,,,,,,,,,,
43,21,18,2,S17,False,13,5,18,13,0,0,0,0,0,"['B230', 'B187', 'B80', 'B323', 'B310', 'B251', 'B316', 'B653', 'B313', 'B227', 'B577', 'B699', 'B328']",6.5,S7,9.43,0,5,5,0.0,,-0.357436,-12.8209,-13.178337,False,False,18,S34,True,13,4.0159,delivery,,,,,,,,,,,,,,,,,,,,,,,,,,,,,,,,,,,,,,,,,,,,,,,,,,,,
43,21,18,18,S7,False,0,5,5,0,13,0,1,0,0,"['B214', 'B331', 'B593', 'B192', 'B682', 'B119', 'B677', 'B715', 'B624', 'B243', 'B250', 'B499', 'B260', 'B299']",7.0,S34,9.92,13,6,19,0.0,,-0.223667,-12.694848,-12.918515,True,True,30,S49,True,27,6.2698,pickup+depot_removal,,,,,,,,,,,,,,,,,,,,,,,,,,,,,,,,,,,,,,,,,,,,,,,,,,,,
43,21,18,35,S34,False,13,6,19,12,0,0,0,0,0,"['B214', 'B331', 'B593', 'B192', 'B682', 'B119', 'B677', 'B715', 'B624', 'B243', 'B250', 'B499']",6.0,S30,5.86,1,6,7,0.0,,-0.23354,-13.110541,-13.344081,False,False,18,S42,True,9,3.4864,delivery,,,,,,,,,,,,,,,,,,,,,,,,,,,,,,,,,,,,,,,,,,,,,,,,,,,,
43,21,18,47,S30,False,1,6,7,0,9,0,0,0,0,"['B269', 'B279', 'B448', 'B654', 'B177', 'B753', 'B266', 'B321', 'B676']",4.5,S24,6.35,10,6,16,0.0,,-0.074602,-12.818555,-12.893156,False,False,18,S45,True,13,3.1924,pickup,,,,,,,,,,,,,,,,,,,,,,,,,,,,,,,,,,,,,,,,,,,,,,,,,,,,
43,21,18,58,S24,False,10,6,16,10,0,0,0,0,0,"['B260', 'B269', 'B279', 'B448', 'B654', 'B177', 'B753', 'B266', 'B321', 'B676']",5.0,S46,10.36,0,6,6,0.0,,-0.109116,-12.752513,-12.861629,False,False,12,S46,False,8,2.2439,delivery,,,,,,,,,,,,,,,,,,,,,,,,,,,,,,,,,,,,,,,,,,,,,,,,,,,,
43,21,19,13,S46,False,0,6,6,0,12,0,0,0,0,"['B383', 'B714', 'B329', 'B648', 'B105', 'B703', 'B222', 'B10', 'B220', 'B292', 'B288', 'B614']",6.0,S42,7.22,12,6,18,0.0,,-0.12411,-12.686492,-12.810601,False,False,18,S22,True,12,5.4699,pickup,,,,,,,,,,,,,,,,,,,,,,,,,,,,,,,,,,,,,,,,,,,,,,,,,,,,
43,21,19,27,S42,False,12,6,18,11,0,0,0,0,0,"['B383', 'B714', 'B329', 'B648', 'B105', 'B703', 'B222', 'B10', 'B220', 'B292', 'B288']",5.5,S22,13.14,1,6,7,0.0,,-0.158864,-12.654885,-12.813749,False,False,17,S54,True,8,3.0671,delivery,,,,,,,,,,,,,,,,,,,,,,,,,,,,,,,,,,,,,,,,,,,,,,,,,,,,
43,21,19,45,S22,False,1,6,7,0,13,0,0,0,0,"['B708', 'B75', 'B539', 'B37', 'B320', 'B171', 'B229', 'B409', 'B669', 'B209', 'B173', 'B69', 'B334']",6.5,D0,3.97,14,6,20,0.0,,-0.069381,-12.659612,-12.728994,False,False,2,D0,False,1,0.4068,pickup,,,,,,,,,,,,,,,,,,,,,,,,,,,,,,,,,,,,,,,,,,,,,,,,,,,,
43,21,19,56,D0,True,14,6,20,0,0,0,0,6,6,"['B40', 'B258', 'B290', 'B697', 'B530', 'B401', 'B576', 'B698', 'B252', 'B244', 'B684', 'B299']",6.0,D0,0.0,20,0,20,0.0,,-0.074375,-12.658636,-12.733011,True,True,1,D0,False,0,0.2143,do_nothing,,,,,,,,,,,,,,,,,,,,,,,,,,,,,,,,,,,,,,,,,,,,,,,,,,,,
43,22,6,2,D0,True,20,0,20,0,0,0,0,0,0,[],0.0,S66,1.4,20,0,20,0.0,,-0.923231,-13.749509,-14.67274,True,True,5,S43,True,0,1.1153,depot_passthrough,,,,,,,,,,,,,,,,,,,,,,,,,,,,,,,,,,,,,,,,,,,,,,,,,,,,
43,22,6,18,S66,False,20,0,20,20,0,0,0,0,0,"['B614', 'B708', 'B75', 'B539', 'B37', 'B320', 'B171', 'B229', 'B409', 'B669', 'B209', 'B173', 'B69', 'B334', 'B40', 'B258', 'B290', 'B697', 'B530', 'B401']",10.0,S39,4.09,0,0,0,0.0,,-0.918526,-13.903928,-14.822454,False,False,18,S43,True,12,3.7297,delivery,,,,,,,,,,,,,,,,,,,,,,,,,,,,,,,,,,,,,,,,,,,,,,,,,,,,
43,22,6,32,S39,False,0,0,0,0,20,0,0,0,0,"['B689', 'B43', 'B664', 'B150', 'B512', 'B381', 'B175', 'B696', 'B99', 'B488', 'B380', 'B717', 'B362', 'B609', 'B165', 'B366', 'B57', 'B729', 'B501', 'B472']",10.0,S22,5.77,20,0,20,0.0,,-0.779399,-13.63015,-14.409548,False,False,12,S65,True,8,2.5,pickup,,,,,,,,,,,,,,,,,,,,,,,,,,,,,,,,,,,,,,,,,,,,,,,,,,,,
43,22,6,48,S22,False,20,0,20,17,0,0,0,0,0,"['B689', 'B43', 'B664', 'B150', 'B512', 'B381', 'B175', 'B696', 'B99', 'B488', 'B380', 'B717', 'B362', 'B609', 'B165', 'B366', 'B57']",8.5,S58,7.3,3,0,3,0.0,,-0.804884,-13.585249,-14.390132,False,False,18,S65,True,6,3.6873,delivery,,,,,,,,,,,,,,,,,,,,,,,,,,,,,,,,,,,,,,,,,,,,,,,,,,,,
43,22,7,4,S58,False,3,0,3,0,15,0,0,0,0,"['B744', 'B285', 'B164', 'B416', 'B253', 'B481', 'B592', 'B571', 'B762', 'B280', 'B97', 'B344', 'B129', 'B79', 'B391']",7.5,S65,6.14,18,0,18,0.0,,-0.397108,-13.594203,-13.991311,False,False,18,S61,True,7,4.0831,pickup,,,,,,,,,,,,,,,,,,,,,,,,,,,,,,,,,,,,,,,,,,,,,,,,,,,,
43,22,7,17,S65,False,18,0,18,16,0,0,0,0,0,"['B729', 'B501', 'B472', 'B744', 'B285', 'B164', 'B416', 'B253', 'B481', 'B592', 'B571', 'B762', 'B280', 'B97', 'B344', 'B129']",8.0,S55,9.08,2,0,2,0.0,,-0.431547,-13.581109,-14.012656,False,False,18,S52,True,8,4.4599,delivery,,,,,,,,,,,,,,,,,,,,,,,,,,,,,,,,,,,,,,,,,,,,,,,,,,,,
43,22,7,34,S55,False,2,0,2,0,12,1,0,0,0,"['B660', 'B527', 'B277', 'B149', 'B180', 'B376', 'B594', 'B274', 'B600', 'B504', 'B132', 'B226']",9.0,S35,3.04,14,0,14,0.0,,-0.307449,-13.701118,-14.008568,True,True,36,S44,True,34,10.5187,pickup+onsite,,,,,,,,,,,,,,,,,,,,,,,,,,,,,,,,,,,,,,,,,,,,,,,,,,,,
43,22,7,47,S35,False,14,0,14,0,6,2,0,0,0,"['B404', 'B322', 'B647', 'B564', 'B284', 'B44']",9.0,S11,2.71,20,0,20,0.0,,-0.248156,-13.575202,-13.823358,True,True,36,S27,True,31,12.2398,pickup+onsite,,,,,,,,,,,,,,,,,,,,,,,,,,,,,,,,,,,,,,,,,,,,,,,,,,,,
43,22,7,58,S11,False,20,0,20,10,0,0,1,0,0,"['B449', 'B79', 'B391', 'B660', 'B527', 'B277', 'B149', 'B180', 'B376', 'B594', 'B274']",5.5,S63,9.33,10,1,11,0.0,,-0.312532,-13.563462,-13.875993,True,True,30,S27,True,15,8.6775,delivery+depot_removal,,,,,,,,,,,,,,,,,,,,,,,,,,,,,,,,,,,,,,,,,,,,,,,,,,,,
43,22,8,13,S63,False,10,1,11,0,9,0,0,0,0,"['B631', 'B440', 'B655', 'B637', 'B255', 'B485', 'B80', 'B613', 'B608']",4.5,S48,4.03,19,1,20,0.0,,-0.253099,-13.614909,-13.868009,False,False,12,S48,False,8,2.5298,pickup,,,,,,,,,,,,,,,,,,,,,,,,,,,,,,,,,,,,,,,,,,,,,,,,,,,,
43,22,8,22,S48,False,19,1,20,11,0,0,0,0,0,"['B600', 'B504', 'B132', 'B226', 'B404', 'B322', 'B647', 'B564', 'B284', 'B44', 'B631']",5.5,S44,4.46,8,1,9,0.0,,-0.183642,-13.426737,-13.61038,False,False,18,S31,True,14,6.4,delivery,,,,,,,,,,,,,,,,,,,,,,,,,,,,,,,,,,,,,,,,,,,,,,,,,,,,
43,22,8,32,S44,False,8,1,9,0,11,0,0,0,0,"['B579', 'B722', 'B567', 'B17', 'B748', 'B47', 'B390', 'B214', 'B331', 'B685', 'B455']",5.5,S43,0.79,19,1,20,0.0,,-0.10416,-12.926853,-13.031013,False,False,12,S7,True,7,2.9145,pickup,,,,,,,,,,,,,,,,,,,,,,,,,,,,,,,,,,,,,,,,,,,,,,,,,,,,
43,22,8,38,S43,False,19,1,20,12,0,0,0,0,0,"['B440', 'B655', 'B637', 'B255', 'B485', 'B80', 'B613', 'B608', 'B579', 'B722', 'B567', 'B17']",6.0,S47,6.63,7,1,8,0.0,,-0.099041,-12.830685,-12.929726,False,False,18,S7,True,12,4.0232,delivery,,,,,,,,,,,,,,,,,,,,,,,,,,,,,,,,,,,,,,,,,,,,,,,,,,,,
43,22,8,50,S47,False,7,1,8,0,12,0,0,0,0,"['B217', 'B588', 'B730', 'B335', 'B646', 'B162', 'B275', 'B456', 'B4', 'B432', 'B569', 'B681']",6.0,S61,3.69,19,1,20,0.0,,-0.079243,-12.791689,-12.870932,False,False,12,S7,True,10,3.2602,pickup,,,,,,,,,,,,,,,,,,,,,,,,,,,,,,,,,,,,,,,,,,,,,,,,,,,,
43,22,9,0,S61,False,19,1,20,6,0,0,0,0,0,"['B748', 'B47', 'B390', 'B214', 'B331', 'B685']",3.0,S27,2.28,13,1,14,0.0,,-0.124148,-12.678187,-12.802335,False,False,18,S27,False,12,5.1133,delivery,,,,,,,,,,,,,,,,,,,,,,,,,,,,,,,,,,,,,,,,,,,,,,,,,,,,
43,22,9,5,S27,False,13,1,14,13,0,0,0,0,0,"['B455', 'B217', 'B588', 'B730', 'B335', 'B646', 'B162', 'B275', 'B456', 'B4', 'B432', 'B569', 'B681']",6.5,S36,7.66,0,1,1,0.0,,-0.06459,-12.626371,-12.690961,False,False,12,S66,True,6,3.1939,delivery,,,,,,,,,,,,,,,,,,,,,,,,,,,,,,,,,,,,,,,,,,,,,,,,,,,,
43,22,9,20,S36,False,0,1,1,0,11,0,0,0,0,"['B479', 'B30', 'B276', 'B66', 'B151', 'B273', 'B486', 'B230', 'B233', 'B206', 'B602']",5.5,S49,7.8,11,1,12,0.0,,-0.019811,-12.635822,-12.655632,False,False,18,S31,True,14,5.5736,pickup,,,,,,,,,,,,,,,,,,,,,,,,,,,,,,,,,,,,,,,,,,,,,,,,,,,,
43,22,9,33,S49,False,11,1,12,0,8,0,0,0,0,"['B111', 'B556', 'B127', 'B595', 'B347', 'B77', 'B74', 'B426']",4.0,S41,2.5,19,1,20,0.0,,-0.034729,-12.963505,-12.998233,False,False,12,S31,True,7,3.2197,pickup,,,,,,,,,,,,,,,,,,,,,,,,,,,,,,,,,,,,,,,,,,,,,,,,,,,,
43,22,9,39,S41,False,19,1,20,12,0,1,1,0,0,"['B18', 'B479', 'B30', 'B276', 'B66', 'B151', 'B273', 'B486', 'B230', 'B233', 'B206', 'B602', 'B111']",9.5,S31,1.27,7,2,9,0.0,,-0.099305,-12.878583,-12.977888,True,True,60,S31,False,54,11.2563,delivery+maintenance,,,,,,,,,,,,,,,,,,,,,,,,,,,,,,,,,,,,,,,,,,,,,,,,,,,,
43,22,9,50,S31,False,7,2,9,7,0,0,1,0,0,"['B616', 'B556', 'B127', 'B595', 'B347', 'B77', 'B74', 'B426']",4.0,S16,3.96,0,3,3,0.0,,-0.049558,-12.731028,-12.780586,True,True,24,S66,True,22,4.4713,delivery+depot_removal,,,,,,,,,,,,,,,,,,,,,,,,,,,,,,,,,,,,,,,,,,,,,,,,,,,,
43,22,9,58,S16,False,0,3,3,0,7,0,0,0,0,"['B121', 'B724', 'B453', 'B218', 'B36', 'B202', 'B693']",3.5,S51,3.59,7,3,10,0.0,,-0.029735,-12.685435,-12.71517,False,False,18,S54,True,9,5.8071,pickup,,,,,,,,,,,,,,,,,,,,,,,,,,,,,,,,,,,,,,,,,,,,,,,,,,,,
43,22,10,5,S51,False,7,3,10,0,0,3,1,0,0,['B28'],9.5,S66,7.67,7,4,11,0.0,,-0.034666,-12.627231,-12.661897,True,True,96,S13,True,43,16.1366,do_nothing+maintenance,,,,,,,,,,,,,,,,,,,,,,,,,,,,,,,,,,,,,,,,,,,,,,,,,,,,
43,22,10,22,S66,False,7,4,11,0,9,0,0,0,0,"['B320', 'B171', 'B229', 'B409', 'B669', 'B209', 'B173', 'B69', 'B334']",4.5,S7,6.64,16,4,20,0.0,,-0.024855,-12.803741,-12.828595,False,False,12,S7,False,10,2.2167,pickup,,,,,,,,,,,,,,,,,,,,,,,,,,,,,,,,,,,,,,,,,,,,,,,,,,,,
43,22,10,34,S7,False,16,4,20,0,0,0,0,0,0,[],0.0,S20,2.63,16,4,20,0.0,,-0.019748,-12.860974,-12.880722,False,False,18,S13,True,2,4.4787,do_nothing,,,,,,,,,,,,,,,,,,,,,,,,,,,,,,,,,,,,,,,,,,,,,,,,,,,,
43,22,10,36,S20,False,16,4,20,0,0,2,0,0,0,[],6.0,S29,12.12,16,4,20,0.0,,-0.01483,-12.792723,-12.807553,True,True,54,S7,True,14,13.0401,do_nothing+onsite,,,,,,,,,,,,,,,,,,,,,,,,,,,,,,,,,,,,,,,,,,,,,,,,,,,,
43,22,10,54,S29,False,16,4,20,16,0,1,1,0,0,"['B336', 'B121', 'B724', 'B453', 'B218', 'B36', 'B202', 'B693', 'B320', 'B171', 'B229', 'B409', 'B669', 'B209', 'B173', 'B69', 'B334']",11.5,S37,6.23,0,5,5,0.0,,-0.084085,-12.92812,-13.012205,True,True,60,S26,True,31,12.356,delivery+maintenance,,,,,,,,,,,,,,,,,,,,,,,,,,,,,,,,,,,,,,,,,,,,,,,,,,,,
43,22,11,12,S37,False,0,5,5,0,15,0,0,0,0,"['B272', 'B289', 'B464', 'B623', 'B414', 'B306', 'B349', 'B599', 'B742', 'B2', 'B50', 'B231', 'B391', 'B224', 'B427']",7.5,S26,7.79,15,5,20,0.0,,-0.178447,-13.123075,-13.301522,False,False,12,S26,False,6,2.5036,pickup,,,,,,,,,,,,,,,,,,,,,,,,,,,,,,,,,,,,,,,,,,,,,,,,,,,,
43,22,11,27,S26,False,15,5,20,15,0,0,0,0,0,"['B272', 'B289', 'B464', 'B623', 'B414', 'B306', 'B349', 'B599', 'B742', 'B2', 'B50', 'B231', 'B391', 'B224', 'B427']",7.5,S58,8.46,0,5,5,0.0,,-0.158876,-13.261597,-13.420473,False,False,12,S3,True,9,2.4969,delivery,,,,,,,,,,,,,,,,,,,,,,,,,,,,,,,,,,,,,,,,,,,,,,,,,,,,
43,22,11,43,S58,False,0,5,5,0,10,0,0,0,0,"['B642', 'B590', 'B142', 'B460', 'B424', 'B606', 'B643', 'B736', 'B695', 'B377']",5.0,S20,10.73,10,5,15,0.0,,-0.10899,-13.359834,-13.468824,False,False,18,S31,True,13,3.5352,pickup,,,,,,,,,,,,,,,,,,,,,,,,,,,,,,,,,,,,,,,,,,,,,,,,,,,,
43,22,11,59,S20,False,10,5,15,10,0,0,0,0,0,"['B642', 'B590', 'B142', 'B460', 'B424', 'B606', 'B643', 'B736', 'B695', 'B377']",5.0,S66,7.48,0,5,5,0.0,,-0.114248,-13.412536,-13.526785,False,False,18,S30,True,15,3.551,delivery,,,,,,,,,,,,,,,,,,,,,,,,,,,,,,,,,,,,,,,,,,,,,,,,,,,,
43,22,12,11,S66,False,0,5,5,0,15,0,0,0,0,"['B530', 'B401', 'B610', 'B463', 'B201', 'B182', 'B70', 'B604', 'B547', 'B295', 'B287', 'B470', 'B165', 'B366', 'B752']",7.5,S7,6.64,15,5,20,0.0,,-0.044678,-13.302845,-13.347523,False,False,12,S31,True,10,2.9648,pickup,,,,,,,,,,,,,,,,,,,,,,,,,,,,,,,,,,,,,,,,,,,,,,,,,,,,
43,22,12,26,S7,False,15,5,20,13,0,0,0,0,0,"['B530', 'B401', 'B610', 'B463', 'B201', 'B182', 'B70', 'B604', 'B547', 'B295', 'B287', 'B470', 'B165']",6.5,S48,14.65,2,5,7,0.0,,-0.36209,-13.329266,-13.691356,False,False,18,S36,True,8,3.8046,delivery,,,,,,,,,,,,,,,,,,,,,,,,,,,,,,,,,,,,,,,,,,,,,,,,,,,,
43,22,12,47,S48,False,2,5,7,0,12,0,0,0,0,"['B132', 'B226', 'B404', 'B322', 'B647', 'B564', 'B284', 'B44', 'B631', 'B637', 'B363', 'B652']",6.0,S54,6.34,14,5,19,0.0,,-0.517144,-13.226643,-13.743787,False,False,18,S1,True,12,4.3872,pickup,,,,,,,,,,,,,,,,,,,,,,,,,,,,,,,,,,,,,,,,,,,,,,,,,,,,
43,22,12,59,S54,False,14,5,19,14,0,1,0,0,0,"['B366', 'B752', 'B132', 'B226', 'B404', 'B322', 'B647', 'B564', 'B284', 'B44', 'B631', 'B637', 'B363', 'B652']",10.0,S57,2.65,0,5,5,0.0,,-0.481698,-13.372127,-13.853825,True,True,36,S35,True,24,10.0772,delivery+onsite,,,,,,,,,,,,,,,,,,,,,,,,,,,,,,,,,,,,,,,,,,,,,,,,,,,,
43,22,13,12,S57,False,0,5,5,0,10,0,0,0,0,"['B531', 'B493', 'B90', 'B641', 'B751', 'B438', 'B146', 'B153', 'B541', 'B133']",5.0,S42,1.83,10,5,15,0.0,,-0.357852,-13.318051,-13.675903,False,False,18,S12,True,13,5.0666,pickup,,,,,,,,,,,,,,,,,,,,,,,,,,,,,,,,,,,,,,,,,,,,,,,,,,,,
43,22,13,19,S42,False,10,5,15,10,0,0,2,0,0,"['B656', 'B640', 'B531', 'B493', 'B90', 'B641', 'B751', 'B438', 'B146', 'B153', 'B541', 'B133']",6.0,S12,10.97,0,7,7,0.0,,-0.292708,-13.275008,-13.567716,True,True,36,S12,False,30,8.9544,delivery+depot_removal,,,,,,,,,,,,,,,,,,,,,,,,,,,,,,,,,,,,,,,,,,,,,,,,,,,,
43,22,13,36,S12,False,0,7,7,0,13,0,0,0,0,"['B318', 'B444', 'B611', 'B264', 'B707', 'B24', 'B419', 'B64', 'B607', 'B477', 'B8', 'B689', 'B488']",6.5,S36,3.39,13,7,20,0.0,,-0.217981,-13.452114,-13.670095,False,False,12,S55,True,7,2.6006,pickup,,,,,,,,,,,,,,,,,,,,,,,,,,,,,,,,,,,,,,,,,,,,,,,,,,,,
43,22,13,45,S36,False,13,7,20,13,0,0,0,0,0,"['B318', 'B444', 'B611', 'B264', 'B707', 'B24', 'B419', 'B64', 'B607', 'B477', 'B8', 'B689', 'B488']",6.5,S65,10.54,0,7,7,0.0,,-0.515329,-13.468909,-13.984238,False,False,18,S50,True,12,3.9514,delivery,,,,,,,,,,,,,,,,,,,,,,,,,,,,,,,,,,,,,,,,,,,,,,,,,,,,
43,22,14,2,S65,False,0,7,7,0,13,0,0,0,0,"['B267', 'B609', 'B160', 'B179', 'B268', 'B390', 'B395', 'B642', 'B760', 'B522', 'B422', 'B486', 'B233']",6.5,S26,6.43,13,7,20,0.0,,-0.922538,-13.609008,-14.531546,False,False,12,S26,False,6,2.5477,pickup,,,,,,,,,,,,,,,,,,,,,,,,,,,,,,,,,,,,,,,,,,,,,,,,,,,,
43,22,14,15,S26,False,13,7,20,13,0,0,0,0,0,"['B267', 'B609', 'B160', 'B179', 'B268', 'B390', 'B395', 'B642', 'B760', 'B522', 'B422', 'B486', 'B233']",6.5,S66,5.64,0,7,7,0.0,,-1.196581,-13.839399,-15.03598,False,False,12,S50,True,8,2.2994,delivery,,,,,,,,,,,,,,,,,,,,,,,,,,,,,,,,,,,,,,,,,,,,,,,,,,,,
43,22,14,28,S66,False,0,7,7,0,13,0,0,0,0,"['B666', 'B191', 'B436', 'B16', 'B441', 'B293', 'B753', 'B105', 'B288', 'B256', 'B366', 'B624', 'B80']",6.5,S35,8.23,13,7,20,0.0,,-0.903911,-14.021935,-14.925847,False,False,12,S33,True,8,2.5464,pickup,,,,,,,,,,,,,,,,,,,,,,,,,,,,,,,,,,,,,,,,,,,,,,,,,,,,
43,22,14,42,S35,False,13,7,20,13,0,0,1,0,0,"['B34', 'B666', 'B191', 'B436', 'B16', 'B441', 'B293', 'B753', 'B105', 'B288', 'B256', 'B366', 'B624', 'B80']",7.0,S33,6.01,0,8,8,0.0,,-0.769738,-13.759254,-14.528992,True,True,18,S43,True,12,3.6936,delivery+depot_removal,,,,,,,,,,,,,,,,,,,,,,,,,,,,,,,,,,,,,,,,,,,,,,,,,,,,
43,22,14,55,S33,False,0,8,8,0,12,0,0,0,0,"['B292', 'B103', 'B270', 'B190', 'B350', 'B337', 'B440', 'B428', 'B167', 'B687', 'B193', 'B591']",6.0,S52,0.73,12,8,20,0.0,,-0.844391,-13.769297,-14.613688,True,False,18,S60,True,13,4.7059,pickup,,,,,,,,,,,,,,,,,,,,,,,,,,,,,,,,,,,,,,,,,,,,,,,,,,,,
43,22,15,2,S52,False,12,8,20,10,0,0,1,0,0,"['B719', 'B292', 'B103', 'B270', 'B190', 'B350', 'B337', 'B440', 'B428', 'B167', 'B687']",5.5,S60,3.35,2,9,11,0.0,,-0.848465,-13.86181,-14.710275,True,True,30,S43,True,25,5.2087,delivery+depot_removal,,,,,,,,,,,,,,,,,,,,,,,,,,,,,,,,,,,,,,,,,,,,,,,,,,,,
43,22,15,11,S60,False,2,9,11,0,9,0,0,0,0,"['B222', 'B168', 'B296', 'B291', 'B683', 'B570', 'B302', 'B127', 'B56']",4.5,S55,6.87,11,9,20,0.0,,-0.888893,-13.796527,-14.685419,False,False,12,S64,True,9,2.0778,pickup,,,,,,,,,,,,,,,,,,,,,,,,,,,,,,,,,,,,,,,,,,,,,,,,,,,,
43,22,15,22,S55,False,11,9,20,11,0,0,0,0,0,"['B193', 'B591', 'B222', 'B168', 'B296', 'B291', 'B683', 'B570', 'B302', 'B127', 'B56']",5.5,S41,7.46,0,9,9,0.0,,-0.571065,-13.771537,-14.342602,False,False,12,S32,True,6,2.1256,delivery,,,,,,,,,,,,,,,,,,,,,,,,,,,,,,,,,,,,,,,,,,,,,,,,,,,,
43,22,15,35,S41,False,0,9,9,0,11,1,0,0,0,"['B330', 'B44', 'B544', 'B339', 'B463', 'B58', 'B380', 'B363', 'B358', 'B748', 'B459']",8.5,S18,2.33,11,9,20,0.0,,-0.630333,-13.607143,-14.237476,True,True,24,S18,False,18,4.2521,pickup+onsite,,,,,,,,,,,,,,,,,,,,,,,,,,,,,,,,,,,,,,,,,,,,,,,,,,,,
43,22,15,46,S18,False,11,9,20,11,0,0,0,0,0,"['B330', 'B44', 'B544', 'B339', 'B463', 'B58', 'B380', 'B363', 'B358', 'B748', 'B459']",5.5,S51,6.05,0,9,9,0.0,,-0.779311,-13.655427,-14.434738,False,False,12,S32,True,7,2.1643,delivery,,,,,,,,,,,,,,,,,,,,,,,,,,,,,,,,,,,,,,,,,,,,,,,,,,,,
43,22,15,58,S51,False,0,9,9,0,11,0,0,0,0,"['B119', 'B675', 'B762', 'B692', 'B597', 'B19', 'B60', 'B263', 'B178', 'B447', 'B652']",5.5,S32,4.37,11,9,20,0.0,,-0.550726,-13.644894,-14.195621,False,False,12,S43,True,8,2.2387,pickup,,,,,,,,,,,,,,,,,,,,,,,,,,,,,,,,,,,,,,,,,,,,,,,,,,,,
43,22,16,7,S32,False,11,9,20,11,0,0,0,0,0,"['B119', 'B675', 'B762', 'B692', 'B597', 'B19', 'B60', 'B263', 'B178', 'B447', 'B652']",5.5,S53,1.73,0,9,9,0.0,,-0.779247,-13.597022,-14.376269,False,False,12,S43,True,6,2.8344,delivery,,,,,,,,,,,,,,,,,,,,,,,,,,,,,,,,,,,,,,,,,,,,,,,,,,,,
43,22,16,15,S53,False,0,9,9,0,11,1,0,0,0,"['B155', 'B743', 'B369', 'B450', 'B99', 'B150', 'B17', 'B110', 'B530', 'B301', 'B84']",8.5,S54,2.46,11,9,20,0.0,,-0.446793,-13.564051,-14.010844,True,True,24,S43,True,19,5.073,pickup+onsite,,,,,,,,,,,,,,,,,,,,,,,,,,,,,,,,,,,,,,,,,,,,,,,,,,,,
43,22,16,26,S54,False,11,9,20,11,0,1,0,0,0,"['B155', 'B743', 'B369', 'B450', 'B99', 'B150', 'B17', 'B110', 'B530', 'B301', 'B84']",8.5,S62,2.78,0,9,9,0.0,,-0.357222,-13.244955,-13.602177,True,True,24,S43,True,20,5.3228,delivery+onsite,,,,,,,,,,,,,,,,,,,,,,,,,,,,,,,,,,,,,,,,,,,,,,,,,,,,
43,22,16,37,S62,False,0,9,9,0,11,2,0,0,0,"['B717', 'B730', 'B29', 'B710', 'B4', 'B569', 'B134', 'B574', 'B162', 'B394', 'B376']",11.5,S43,2.99,11,9,20,0.0,,-0.198762,-13.127725,-13.326487,True,True,54,S43,False,48,11.4323,pickup+onsite,,,,,,,,,,,,,,,,,,,,,,,,,,,,,,,,,,,,,,,,,,,,,,,,,,,,
43,22,16,51,S43,False,11,9,20,11,0,0,1,0,0,"['B379', 'B717', 'B730', 'B29', 'B710', 'B4', 'B569', 'B134', 'B574', 'B162', 'B394', 'B376']",6.0,S31,4.35,0,10,10,0.0,,-0.347563,-13.049738,-13.397301,True,True,18,S46,True,12,4.466,delivery+depot_removal,,,,,,,,,,,,,,,,,,,,,,,,,,,,,,,,,,,,,,,,,,,,,,,,,,,,
43,22,17,2,S31,False,0,10,10,0,10,0,0,0,0,"['B238', 'B31', 'B533', 'B267', 'B555', 'B265', 'B192', 'B550', 'B543', 'B478']",5.0,S46,5.03,10,10,20,0.0,,-0.406793,-12.948133,-13.354926,False,False,12,S61,True,6,2.4853,pickup,,,,,,,,,,,,,,,,,,,,,,,,,,,,,,,,,,,,,,,,,,,,,,,,,,,,
43,22,17,12,S46,False,10,10,20,10,0,0,1,0,0,"['B542', 'B238', 'B31', 'B533', 'B267', 'B555', 'B265', 'B192', 'B550', 'B543', 'B478']",5.5,S12,5.14,0,11,11,0.0,,-0.21822,-12.905545,-13.123766,True,True,18,S12,False,12,3.749,delivery+depot_removal,,,,,,,,,,,,,,,,,,,,,,,,,,,,,,,,,,,,,,,,,,,,,,,,,,,,
43,22,17,22,S12,False,0,11,11,0,9,0,0,0,0,"['B351', 'B473', 'B3', 'B625', 'B471', 'B767', 'B505', 'B102', 'B122']",4.5,S15,10.6,9,11,20,0.0,,-0.228131,-12.918823,-13.146954,False,False,12,S48,True,6,2.7477,pickup,,,,,,,,,,,,,,,,,,,,,,,,,,,,,,,,,,,,,,,,,,,,,,,,,,,,
43,22,17,38,S15,False,9,11,20,9,0,0,0,0,0,"['B351', 'B473', 'B3', 'B625', 'B471', 'B767', 'B505', 'B102', 'B122']",4.5,S51,8.59,0,11,11,0.0,,-0.213541,-12.800404,-13.013945,False,False,12,S22,True,10,2.3701,delivery,,,,,,,,,,,,,,,,,,,,,,,,,,,,,,,,,,,,,,,,,,,,,,,,,,,,
43,22,17,51,S51,False,0,11,11,0,7,1,0,0,0,"['B95', 'B15', 'B665', 'B108', 'B135', 'B230', 'B248']",6.5,S11,10.98,7,11,18,0.0,,-0.129027,-12.850422,-12.979449,True,True,36,S61,True,21,6.6274,pickup+onsite,,,,,,,,,,,,,,,,,,,,,,,,,,,,,,,,,,,,,,,,,,,,,,,,,,,,
43,22,18,8,S11,False,7,11,18,7,0,0,0,0,0,"['B95', 'B15', 'B665', 'B108', 'B135', 'B230', 'B248']",3.5,S66,10.37,0,11,11,0.0,,-0.183655,-12.912659,-13.096314,False,False,12,S66,False,9,2.4316,delivery,,,,,,,,,,,,,,,,,,,,,,,,,,,,,,,,,,,,,,,,,,,,,,,,,,,,
43,22,18,22,S66,False,0,11,11,0,9,0,0,0,0,"['B573', 'B658', 'B727', 'B131', 'B331', 'B507', 'B91', 'B412', 'B113']",4.5,S49,3.26,9,11,20,0.0,,-0.23344,-12.955791,-13.189231,False,False,12,S61,True,7,2.3913,pickup,,,,,,,,,,,,,,,,,,,,,,,,,,,,,,,,,,,,,,,,,,,,,,,,,,,,
43,22,18,30,S49,False,9,11,20,9,0,0,0,0,0,"['B573', 'B658', 'B727', 'B131', 'B331', 'B507', 'B91', 'B412', 'B113']",4.5,S58,2.86,0,11,11,0.0,,-0.163642,-12.727655,-12.891297,False,False,12,S60,True,7,2.4947,delivery,,,,,,,,,,,,,,,,,,,,,,,,,,,,,,,,,,,,,,,,,,,,,,,,,,,,
43,22,18,37,S58,False,0,11,11,0,9,0,0,0,0,"['B527', 'B485', 'B20', 'B551', 'B94', 'B382', 'B361', 'B465', 'B415']",4.5,S50,8.14,9,11,20,0.0,,-0.253023,-12.75361,-13.006634,False,False,12,S61,True,6,2.4357,pickup,,,,,,,,,,,,,,,,,,,,,,,,,,,,,,,,,,,,,,,,,,,,,,,,,,,,
43,22,18,50,S50,False,9,11,20,9,0,0,0,0,0,"['B527', 'B485', 'B20', 'B551', 'B94', 'B382', 'B361', 'B465', 'B415']",4.5,S60,8.32,0,11,11,0.0,,-0.208887,-12.662143,-12.87103,False,False,12,S10,True,7,2.8948,delivery,,,,,,,,,,,,,,,,,,,,,,,,,,,,,,,,,,,,,,,,,,,,,,,,,,,,
43,22,19,3,S60,False,0,11,11,0,9,0,0,0,0,"['B691', 'B75', 'B163', 'B234', 'B147', 'B260', 'B388', 'B531', 'B735']",4.5,S64,0.95,9,11,20,0.0,,-0.203579,-12.710662,-12.914241,False,False,12,S64,False,6,2.2911,pickup,,,,,,,,,,,,,,,,,,,,,,,,,,,,,,,,,,,,,,,,,,,,,,,,,,,,
43,22,19,8,S64,False,9,11,20,9,0,0,0,0,0,"['B691', 'B75', 'B163', 'B234', 'B147', 'B260', 'B388', 'B531', 'B735']",4.5,S7,7.32,0,11,11,0.0,,-0.183567,-12.726374,-12.90994,False,False,12,S59,True,7,2.2817,delivery,,,,,,,,,,,,,,,,,,,,,,,,,,,,,,,,,,,,,,,,,,,,,,,,,,,,
43,22,19,20,S7,False,0,11,11,0,9,0,0,0,0,"['B165', 'B273', 'B484', 'B517', 'B405', 'B404', 'B181', 'B206', 'B346']",4.5,S41,5.58,9,11,20,0.0,,-0.238686,-12.672485,-12.911171,False,False,12,S26,True,9,2.1537,pickup,,,,,,,,,,,,,,,,,,,,,,,,,,,,,,,,,,,,,,,,,,,,,,,,,,,,
43,22,19,30,S41,False,9,11,20,9,0,0,0,0,0,"['B165', 'B273', 'B484', 'B517', 'B405', 'B404', 'B181', 'B206', 'B346']",4.5,S53,6.04,0,11,11,0.0,,-0.277652,-12.981826,-13.259478,False,False,12,S56,True,7,2.6728,delivery,,,,,,,,,,,,,,,,,,,,,,,,,,,,,,,,,,,,,,,,,,,,,,,,,,,,
43,22,19,40,S53,False,0,11,11,0,0,0,0,0,0,[],0.0,S66,4.87,0,11,11,0.0,,-0.173869,-13.012903,-13.186773,False,False,5,S66,False,1,0.8901,do_nothing,,,,,,,,,,,,,,,,,,,,,,,,,,,,,,,,,,,,,,,,,,,,,,,,,,,,
43,22,19,45,S66,False,0,11,11,0,0,0,0,0,0,[],0.0,S31,0.38,0,11,11,0.0,,-0.253011,-13.066069,-13.319081,False,False,3,D0,True,0,0.5504,do_nothing,,,,,,,,,,,,,,,,,,,,,,,,,,,,,,,,,,,,,,,,,,,,,,,,,,,,
43,22,19,46,S31,False,0,11,11,0,0,0,0,0,0,[],0.0,S66,0.38,0,11,11,0.0,,-0.287967,-13.041899,-13.329865,False,False,3,S66,False,0,0.5507,do_nothing,,,,,,,,,,,,,,,,,,,,,,,,,,,,,,,,,,,,,,,,,,,,,,,,,,,,
43,22,19,46,S66,False,0,11,11,0,0,0,0,0,0,[],0.0,S31,0.38,0,11,11,0.0,,-0.213427,-13.022164,-13.235592,False,False,3,D0,True,0,0.5507,do_nothing,,,,,,,,,,,,,,,,,,,,,,,,,,,,,,,,,,,,,,,,,,,,,,,,,,,,
43,22,19,46,S31,False,0,11,11,0,0,0,0,0,0,[],0.0,S66,0.38,0,11,11,0.0,,-0.268118,-13.02928,-13.297398,False,False,3,S66,False,0,0.5513,do_nothing,,,,,,,,,,,,,,,,,,,,,,,,,,,,,,,,,,,,,,,,,,,,,,,,,,,,
43,22,19,47,S66,False,0,11,11,0,0,0,0,0,0,[],0.0,S31,0.38,0,11,11,0.0,,-0.208472,-13.069688,-13.27816,False,False,3,D0,True,0,0.5516,do_nothing,,,,,,,,,,,,,,,,,,,,,,,,,,,,,,,,,,,,,,,,,,,,,,,,,,,,
43,22,19,47,S31,False,0,11,11,0,0,0,0,0,0,[],0.0,S66,0.38,0,11,11,0.0,,-0.218496,-13.079703,-13.298199,False,False,3,S66,False,0,0.5515,do_nothing,,,,,,,,,,,,,,,,,,,,,,,,,,,,,,,,,,,,,,,,,,,,,,,,,,,,
43,22,19,48,S66,False,0,11,11,0,0,0,0,0,0,[],0.0,S31,0.38,0,11,11,0.0,,-0.263074,-13.070512,-13.333587,False,False,3,D0,True,0,0.5513,do_nothing,,,,,,,,,,,,,,,,,,,,,,,,,,,,,,,,,,,,,,,,,,,,,,,,,,,,
43,22,19,48,S31,False,0,11,11,0,9,0,0,0,0,"['B670', 'B444', 'B752', 'B678', 'B416', 'B100', 'B631', 'B413', 'B409']",4.5,D0,1.48,9,11,20,0.0,,-0.188674,-13.295283,-13.483957,False,False,2,D0,False,1,0.3827,pickup,,,,,,,,,,,,,,,,,,,,,,,,,,,,,,,,,,,,,,,,,,,,,,,,,,,,
43,22,19,54,D0,True,9,11,20,0,0,0,0,11,2,"['B48', 'B200', 'B449', 'B18', 'B616', 'B28', 'B336', 'B656', 'B640', 'B34', 'B719', 'B379', 'B542']",6.5,D0,0.0,11,0,11,0.0,,-0.19875,-13.238872,-13.437621,True,True,1,D0,False,0,0.203,do_nothing,,,,,,,,,,,,,,,,,,,,,,,,,,,,,,,,,,,,,,,,,,,,,,,,,,,,
43,23,6,0,D0,True,11,0,11,0,0,0,0,0,6,"['B576', 'B698', 'B252', 'B244', 'B684', 'B299']",3.0,S40,0.66,17,0,17,0.0,,-0.981807,-14.181827,-15.163634,True,True,5,S40,False,1,1.0011,load_queue,,,,,,,,,,,,,,,,,,,,,,,,,,,,,,,,,,,,,,,,,,,,,,,,,,,,
43,23,6,19,S40,False,17,0,17,17,0,0,0,0,0,"['B670', 'B444', 'B752', 'B678', 'B416', 'B100', 'B631', 'B413', 'B409', 'B48', 'B200', 'B576', 'B698', 'B252', 'B244', 'B684', 'B299']",8.5,S39,6.46,0,0,0,0.0,,-0.903646,-14.170859,-15.074505,False,False,18,S56,True,6,3.55,delivery,,,,,,,,,,,,,,,,,,,,,,,,,,,,,,,,,,,,,,,,,,,,,,,,,,,,
43,23,6,34,S39,False,0,0,0,0,20,0,0,0,0,"['B757', 'B236', 'B26', 'B681', 'B308', 'B700', 'B483', 'B213', 'B224', 'B516', 'B57', 'B137', 'B740', 'B77', 'B525', 'B387', 'B168', 'B503', 'B267', 'B309']",10.0,S27,5.98,20,0,20,0.0,,-1.002624,-13.601573,-14.604198,False,False,12,S27,False,6,2.5902,pickup,,,,,,,,,,,,,,,,,,,,,,,,,,,,,,,,,,,,,,,,,,,,,,,,,,,,
43,23,6,50,S27,False,20,0,20,20,0,0,0,0,0,"['B757', 'B236', 'B26', 'B681', 'B308', 'B700', 'B483', 'B213', 'B224', 'B516', 'B57', 'B137', 'B740', 'B77', 'B525', 'B387', 'B168', 'B503', 'B267', 'B309']",10.0,S59,4.6,0,0,0,0.0,,-0.730269,-13.682582,-14.412851,True,False,24,S26,True,12,5.6748,delivery,,,,,,,,,,,,,,,,,,,,,,,,,,,,,,,,,,,,,,,,,,,,,,,,,,,,
43,23,7,5,S59,False,0,0,0,0,20,0,0,0,0,"['B90', 'B294', 'B418', 'B275', 'B666', 'B436', 'B578', 'B423', 'B175', 'B60', 'B540', 'B154', 'B474', 'B284', 'B402', 'B27', 'B398', 'B560', 'B389', 'B150']",10.0,S66,2.96,20,0,20,0.0,,-0.704696,-13.807481,-14.512177,False,False,12,S66,False,6,2.6913,pickup,,,,,,,,,,,,,,,,,,,,,,,,,,,,,,,,,,,,,,,,,,,,,,,,,,,,
43,23,7,18,S66,False,20,0,20,12,0,0,0,0,0,"['B90', 'B294', 'B418', 'B275', 'B666', 'B436', 'B578', 'B423', 'B175', 'B60', 'B540', 'B154']",6.0,S65,3.09,8,0,8,0.0,,-0.56026,-13.852324,-14.412584,False,False,18,S13,True,7,3.5732,delivery,,,,,,,,,,,,,,,,,,,,,,,,,,,,,,,,,,,,,,,,,,,,,,,,,,,,
43,23,7,27,S65,False,8,0,8,8,0,0,0,0,0,"['B474', 'B284', 'B402', 'B27', 'B398', 'B560', 'B389', 'B150']",4.0,S36,10.54,0,0,0,0.0,,-0.516313,-13.900395,-14.416708,False,False,12,S46,True,9,2.3253,delivery,,,,,,,,,,,,,,,,,,,,,,,,,,,,,,,,,,,,,,,,,,,,,,,,,,,,
43,23,7,41,S36,False,0,0,0,0,13,0,0,0,0,"['B64', 'B607', 'B477', 'B8', 'B689', 'B488', 'B472', 'B370', 'B184', 'B364', 'B620', 'B635', 'B723']",6.5,S46,2.35,13,0,13,0.0,,-0.337651,-13.65517,-13.992821,False,False,18,S46,False,12,3.726,pickup,,,,,,,,,,,,,,,,,,,,,,,,,,,,,,,,,,,,,,,,,,,,,,,,,,,,
43,23,7,50,S46,False,13,0,13,0,7,0,0,0,0,"['B467', 'B759', 'B54', 'B10', 'B649', 'B192', 'B566']",3.5,S24,10.36,20,0,20,0.0,,-0.203869,-13.575074,-13.778943,False,False,12,S26,True,9,2.2129,pickup,,,,,,,,,,,,,,,,,,,,,,,,,,,,,,,,,,,,,,,,,,,,,,,,,,,,
43,23,8,4,S24,False,20,0,20,13,0,0,0,0,0,"['B64', 'B607', 'B477', 'B8', 'B689', 'B488', 'B472', 'B370', 'B184', 'B364', 'B620', 'B635', 'B723']",6.5,S54,8.5,7,0,7,0.0,,-0.268408,-13.664992,-13.9334,False,False,18,S26,True,14,3.5017,delivery,,,,,,,,,,,,,,,,,,,,,,,,,,,,,,,,,,,,,,,,,,,,,,,,,,,,
43,23,8,19,S54,False,7,0,7,0,13,0,0,0,0,"['B14', 'B431', 'B394', 'B239', 'B158', 'B608', 'B80', 'B555', 'B42', 'B690', 'B622', 'B655', 'B69']",6.5,S26,5.73,20,0,20,0.0,,-0.139028,-13.697677,-13.836704,False,False,12,S26,False,6,2.5089,pickup,,,,,,,,,,,,,,,,,,,,,,,,,,,,,,,,,,,,,,,,,,,,,,,,,,,,
43,23,8,31,S26,False,20,0,20,19,0,0,0,0,0,"['B467', 'B759', 'B54', 'B10', 'B649', 'B192', 'B566', 'B14', 'B431', 'B394', 'B239', 'B158', 'B608', 'B80', 'B555', 'B42', 'B690', 'B622', 'B655']",9.5,S60,6.85,1,0,1,0.0,,-0.327726,-13.603722,-13.931448,False,False,18,S17,True,8,4.2445,delivery,,,,,,,,,,,,,,,,,,,,,,,,,,,,,,,,,,,,,,,,,,,,,,,,,,,,
43,23,8,48,S60,False,1,0,1,0,17,0,0,0,0,"['B500', 'B216', 'B35', 'B668', 'B601', 'B343', 'B297', 'B208', 'B149', 'B226', 'B637', 'B462', 'B469', 'B750', 'B527', 'B497', 'B151']",8.5,S43,4.48,18,0,18,0.0,,-0.421786,-13.71042,-14.132206,False,False,18,S18,True,16,3.5598,pickup,,,,,,,,,,,,,,,,,,,,,,,,,,,,,,,,,,,,,,,,,,,,,,,,,,,,
43,23,9,1,S43,False,18,0,18,15,0,0,0,0,0,"['B69', 'B500', 'B216', 'B35', 'B668', 'B601', 'B343', 'B297', 'B208', 'B149', 'B226', 'B637', 'B462', 'B469', 'B750']",7.5,S55,4.24,3,0,3,0.0,,-0.347587,-13.57992,-13.927507,False,False,18,S45,True,12,4.507,delivery,,,,,,,,,,,,,,,,,,,,,,,,,,,,,,,,,,,,,,,,,,,,,,,,,,,,
43,23,9,12,S55,False,3,0,3,0,13,0,0,0,0,"['B173', 'B618', 'B683', 'B176', 'B122', 'B49', 'B142', 'B344', 'B536', 'B108', 'B261', 'B324', 'B46']",6.5,S50,3.32,16,0,16,0.0,,-0.40702,-13.651959,-14.058979,False,False,18,S61,True,12,3.8928,pickup,,,,,,,,,,,,,,,,,,,,,,,,,,,,,,,,,,,,,,,,,,,,,,,,,,,,
43,23,9,22,S50,False,16,0,16,16,0,0,0,0,0,"['B527', 'B497', 'B151', 'B173', 'B618', 'B683', 'B176', 'B122', 'B49', 'B142', 'B344', 'B536', 'B108', 'B261', 'B324', 'B46']",8.0,S35,1.61,0,0,0,0.0,,-0.382342,-13.667397,-14.049739,False,False,12,S45,True,6,2.9292,delivery,,,,,,,,,,,,,,,,,,,,,,,,,,,,,,,,,,,,,,,,,,,,,,,,,,,,
43,23,9,32,S35,False,0,0,0,0,14,0,1,0,0,"['B726', 'B414', 'B631', 'B597', 'B593', 'B247', 'B99', 'B56', 'B48', 'B721', 'B172', 'B285', 'B111', 'B200', 'B321']",7.5,S29,1.95,14,1,15,0.0,,-0.342405,-13.625142,-13.967547,True,True,36,S54,True,30,7.8965,pickup+depot_removal,,,,,,,,,,,,,,,,,,,,,,,,,,,,,,,,,,,,,,,,,,,,,,,,,,,,
43,23,9,41,S29,False,14,1,15,14,0,0,0,0,0,"['B726', 'B414', 'B631', 'B597', 'B593', 'B247', 'B99', 'B56', 'B48', 'B721', 'B172', 'B285', 'B111', 'B200']",7.0,S63,5.25,0,1,1,0.0,,-0.332544,-13.540674,-13.873218,False,False,12,S45,True,7,2.451,delivery,,,,,,,,,,,,,,,,,,,,,,,,,,,,,,,,,,,,,,,,,,,,,,,,,,,,
43,23,9,53,S63,False,0,1,1,0,15,0,0,0,0,"['B368', 'B134', 'B538', 'B214', 'B223', 'B136', 'B337', 'B725', 'B713', 'B455', 'B452', 'B129', 'B660', 'B505', 'B687']",7.5,S20,11.85,15,1,16,0.0,,-0.188422,-13.492623,-13.681045,False,False,18,S41,True,9,4.612,pickup,,,,,,,,,,,,,,,,,,,,,,,,,,,,,,,,,,,,,,,,,,,,,,,,,,,,
43,23,10,13,S20,False,15,1,16,14,0,0,1,0,0,"['B72', 'B368', 'B134', 'B538', 'B214', 'B223', 'B136', 'B337', 'B725', 'B713', 'B455', 'B452', 'B129', 'B660', 'B505']",7.5,S53,12.19,1,2,3,0.0,,-0.302532,-13.664516,-13.967048,True,True,36,S17,True,30,7.3478,delivery+depot_removal,,,,,,,,,,,,,,,,,,,,,,,,,,,,,,,,,,,,,,,,,,,,,,,,,,,,
43,23,10,32,S53,False,1,2,3,0,17,0,0,0,0,"['B614', 'B132', 'B385', 'B315', 'B304', 'B169', 'B215', 'B665', 'B225', 'B521', 'B232', 'B346', 'B19', 'B361', 'B626', 'B55', 'B293']",8.5,S29,3.88,18,2,20,0.0,,-0.491319,-13.594682,-14.086001,False,False,12,S10,True,6,4.2594,pickup,,,,,,,,,,,,,,,,,,,,,,,,,,,,,,,,,,,,,,,,,,,,,,,,,,,,
43,23,10,45,S29,False,18,2,20,18,0,0,0,0,0,"['B687', 'B614', 'B132', 'B385', 'B315', 'B304', 'B169', 'B215', 'B665', 'B225', 'B521', 'B232', 'B346', 'B19', 'B361', 'B626', 'B55', 'B293']",9.0,S32,3.29,0,2,2,0.0,,-0.327828,-13.462774,-13.790601,False,False,18,S32,True,12,7.3199,delivery,,,,,,,,,,,,,,,,,,,,,,,,,,,,,,,,,,,,,,,,,,,,,,,,,,,,
43,23,10,57,S32,False,0,2,2,0,16,2,0,0,0,"['B347', 'B565', 'B749', 'B228', 'B705', 'B32', 'B246', 'B89', 'B706', 'B579', 'B334', 'B410', 'B760', 'B721', 'B9', 'B200']",14.0,S10,3.25,16,2,18,0.0,,-0.377209,-13.614687,-13.991896,True,True,54,S10,False,30,19.4469,pickup+onsite,,,,,,,,,,,,,,,,,,,,,,,,,,,,,,,,,,,,,,,,,,,,,,,,,,,,
43,23,11,14,S10,False,16,2,18,11,0,0,1,0,0,"['B426', 'B347', 'B565', 'B749', 'B228', 'B705', 'B32', 'B246', 'B89', 'B706', 'B579', 'B334']",6.0,S33,3.78,5,3,8,0.0,,-0.362279,-13.554904,-13.917183,True,True,36,S58,True,31,10.174,delivery+depot_removal,,,,,,,,,,,,,,,,,,,,,,,,,,,,,,,,,,,,,,,,,,,,,,,,,,,,
43,23,11,24,S33,False,5,3,8,0,11,2,1,0,0,"['B651', 'B157', 'B550', 'B543', 'B5', 'B729', 'B376', 'B632', 'B494', 'B645', 'B693', 'B761']",12.0,S58,2.58,16,4,20,0.0,,-0.432063,-13.563222,-13.995285,True,True,90,S58,False,84,24.3431,pickup+maintenance,,,,,,,,,,,,,,,,,,,,,,,,,,,,,,,,,,,,,,,,,,,,,,,,,,,,
43,23,11,39,S58,False,16,4,20,15,0,0,0,0,0,"['B410', 'B760', 'B721', 'B9', 'B200', 'B651', 'B157', 'B550', 'B543', 'B5', 'B729', 'B376', 'B632', 'B494', 'B645']",7.5,S40,4.02,1,4,5,0.0,,-0.426705,-13.763985,-14.190689,False,False,18,S41,True,15,5.3963,delivery,,,,,,,,,,,,,,,,,,,,,,,,,,,,,,,,,,,,,,,,,,,,,,,,,,,,
43,23,11,50,S40,False,1,4,5,0,13,0,0,0,0,"['B576', 'B698', 'B252', 'B244', 'B684', 'B299', 'B378', 'B235', 'B717', 'B482', 'B440', 'B464', 'B121']",6.5,S51,6.14,14,4,18,0.0,,-0.267991,-13.763464,-14.031456,False,False,18,S41,True,7,5.3636,pickup,,,,,,,,,,,,,,,,,,,,,,,,,,,,,,,,,,,,,,,,,,,,,,,,,,,,
43,23,12,3,S51,False,14,4,18,10,0,1,1,0,0,"['B495', 'B693', 'B576', 'B698', 'B252', 'B244', 'B684', 'B299', 'B378', 'B235', 'B717']",8.5,S18,6.05,4,5,9,0.0,,-0.392064,-13.722559,-14.114623,True,True,72,S50,True,43,13.74,delivery+maintenance,,,,,,,,,,,,,,,,,,,,,,,,,,,,,,,,,,,,,,,,,,,,,,,,,,,,
43,23,12,17,S18,False,4,5,9,0,11,0,0,0,0,"['B53', 'B741', 'B253', 'B248', 'B704', 'B227', 'B123', 'B470', 'B71', 'B31', 'B120']",5.5,S50,8.03,15,5,20,0.0,,-0.302608,-13.806139,-14.108746,False,False,12,S17,True,6,2.3618,pickup,,,,,,,,,,,,,,,,,,,,,,,,,,,,,,,,,,,,,,,,,,,,,,,,,,,,
43,23,12,31,S50,False,15,5,20,15,0,0,0,0,0,"['B482', 'B440', 'B464', 'B121', 'B53', 'B741', 'B253', 'B248', 'B704', 'B227', 'B123', 'B470', 'B71', 'B31', 'B120']",7.5,S37,7.46,0,5,5,0.0,,-0.436415,-13.740432,-14.176847,False,False,12,S55,True,7,2.6847,delivery,,,,,,,,,,,,,,,,,,,,,,,,,,,,,,,,,,,,,,,,,,,,,,,,,,,,
43,23,12,46,S37,False,0,5,5,0,15,0,0,0,0,"['B489', 'B572', 'B450', 'B146', 'B418', 'B763', 'B546', 'B393', 'B36', 'B682', 'B688', 'B345', 'B423', 'B609', 'B405']",7.5,S54,4.98,15,5,20,0.0,,-0.555619,-13.850104,-14.405723,False,False,12,S15,True,7,3.2561,pickup,,,,,,,,,,,,,,,,,,,,,,,,,,,,,,,,,,,,,,,,,,,,,,,,,,,,
43,23,12,58,S54,False,15,5,20,14,0,0,0,0,0,"['B489', 'B572', 'B450', 'B146', 'B418', 'B763', 'B546', 'B393', 'B36', 'B682', 'B688', 'B345', 'B423', 'B609']",7.0,S55,0.95,1,5,6,0.0,,-0.834228,-13.946125,-14.780353,True,False,36,S15,True,12,7.8283,delivery,,,,,,,,,,,,,,,,,,,,,,,,,,,,,,,,,,,,,,,,,,,,,,,,,,,,
43,23,13,6,S55,False,1,5,6,0,8,0,0,0,0,"['B624', 'B641', 'B137', 'B718', 'B331', 'B744', 'B563', 'B35']",4.0,S35,3.04,9,5,14,0.0,,-0.689942,-13.997048,-14.68699,False,False,18,S35,False,6,3.8136,pickup,,,,,,,,,,,,,,,,,,,,,,,,,,,,,,,,,,,,,,,,,,,,,,,,,,,,
43,23,13,13,S35,False,9,5,14,9,0,1,0,0,0,"['B405', 'B624', 'B641', 'B137', 'B718', 'B331', 'B744', 'B563', 'B35']",7.5,S54,2.91,0,5,5,0.0,,-0.809234,-13.998618,-14.807851,True,True,24,S57,True,19,5.9192,delivery+onsite,,,,,,,,,,,,,,,,,,,,,,,,,,,,,,,,,,,,,,,,,,,,,,,,,,,,
43,23,13,24,S54,False,0,5,5,0,7,0,1,0,0,"['B572', 'B450', 'B146', 'B418', 'B763', 'B546', 'B393', 'B381']",4.0,S44,3.95,7,6,13,0.0,,-0.655844,-14.010579,-14.666423,True,True,108,S57,True,44,21.9838,pickup+depot_removal,,,,,,,,,,,,,,,,,,,,,,,,,,,,,,,,,,,,,,,,,,,,,,,,,,,,
43,23,13,32,S44,False,7,6,13,7,0,0,1,0,0,"['B424', 'B572', 'B450', 'B146', 'B418', 'B763', 'B546', 'B393']",4.0,S9,7.28,0,7,7,0.0,,-0.545544,-13.811874,-14.357418,True,True,24,S33,True,19,4.9026,delivery+depot_removal,,,,,,,,,,,,,,,,,,,,,,,,,,,,,,,,,,,,,,,,,,,,,,,,,,,,
43,23,13,43,S9,False,0,7,7,0,10,1,0,0,0,"['B593', 'B527', 'B584', 'B64', 'B519', 'B758', 'B410', 'B149', 'B469', 'B508']",8.0,S52,8.11,10,7,17,0.0,,-0.734582,-13.941686,-14.676269,True,True,24,S12,True,22,6.8749,pickup+onsite,,,,,,,,,,,,,,,,,,,,,,,,,,,,,,,,,,,,,,,,,,,,,,,,,,,,
43,23,13,59,S52,False,10,7,17,10,0,0,0,0,0,"['B593', 'B527', 'B584', 'B64', 'B519', 'B758', 'B410', 'B149', 'B469', 'B508']",5.0,S51,4.66,0,7,7,0.0,,-0.998376,-14.041718,-15.040093,True,False,24,S19,True,12,5.153,delivery,,,,,,,,,,,,,,,,,,,,,,,,,,,,,,,,,,,,,,,,,,,,,,,,,,,,
43,23,14,9,S51,False,0,7,7,0,13,0,0,0,0,"['B637', 'B378', 'B100', 'B170', 'B124', 'B33', 'B68', 'B372', 'B353', 'B405', 'B171', 'B750', 'B600']",6.5,S29,7.57,13,7,20,0.0,,-0.828843,-13.874818,-14.703661,False,False,12,S12,True,7,2.7995,pickup,,,,,,,,,,,,,,,,,,,,,,,,,,,,,,,,,,,,,,,,,,,,,,,,,,,,
43,23,14,23,S29,False,13,7,20,13,0,0,0,0,0,"['B637', 'B378', 'B100', 'B170', 'B124', 'B33', 'B68', 'B372', 'B353', 'B405', 'B171', 'B750', 'B600']",6.5,S12,9.35,0,7,7,0.0,,-0.893458,-13.907891,-14.801349,False,False,12,S46,True,8,2.9716,delivery,,,,,,,,,,,,,,,,,,,,,,,,,,,,,,,,,,,,,,,,,,,,,,,,,,,,
43,23,14,39,S12,False,0,7,7,0,13,0,0,0,0,"['B306', 'B444', 'B167', 'B602', 'B139', 'B19', 'B445', 'B604', 'B577', 'B69', 'B286', 'B263', 'B562']",6.5,S63,5.44,13,7,20,0.0,,-0.993657,-13.723162,-14.716819,False,False,18,S63,True,6,3.961,pickup,,,,,,,,,,,,,,,,,,,,,,,,,,,,,,,,,,,,,,,,,,,,,,,,,,,,
43,23,14,51,S63,False,13,7,20,13,0,0,0,0,0,"['B306', 'B444', 'B167', 'B602', 'B139', 'B19', 'B445', 'B604', 'B577', 'B69', 'B286', 'B263', 'B562']",6.5,S57,6.22,0,7,7,0.0,,-0.874757,-13.581266,-14.456023,False,False,12,S43,True,6,3.2758,delivery,,,,,,,,,,,,,,,,,,,,,,,,,,,,,,,,,,,,,,,,,,,,,,,,,,,,
43,23,15,3,S57,False,0,7,7,0,11,0,1,0,0,"['B736', 'B96', 'B742', 'B586', 'B165', 'B390', 'B486', 'B197', 'B247', 'B549', 'B751', 'B628']",6.0,S17,8.44,11,8,19,0.0,,-0.55577,-13.475779,-14.03155,True,True,30,S28,True,27,6.4489,pickup+depot_removal,,,,,,,,,,,,,,,,,,,,,,,,,,,,,,,,,,,,,,,,,,,,,,,,,,,,
43,23,15,18,S17,False,11,8,19,11,0,0,0,0,0,"['B736', 'B96', 'B742', 'B586', 'B165', 'B390', 'B486', 'B197', 'B247', 'B549', 'B751']",5.5,S66,7.34,0,8,8,0.0,,-0.625327,-13.449926,-14.075253,False,False,12,S14,True,6,2.5151,delivery,,,,,,,,,,,,,,,,,,,,,,,,,,,,,,,,,,,,,,,,,,,,,,,,,,,,
43,23,15,31,S66,False,0,8,8,0,12,0,0,0,0,"['B110', 'B408', 'B464', 'B17', 'B215', 'B737', 'B661', 'B152', 'B704', 'B699', 'B206', 'B15']",6.0,S15,3.2,12,8,20,0.0,,-0.680472,-13.471288,-14.15176,False,False,12,S15,False,6,2.8767,pickup,,,,,,,,,,,,,,,,,,,,,,,,,,,,,,,,,,,,,,,,,,,,,,,,,,,,
43,23,15,40,S15,False,12,8,20,12,0,0,0,0,0,"['B110', 'B408', 'B464', 'B17', 'B215', 'B737', 'B661', 'B152', 'B704', 'B699', 'B206', 'B15']",6.0,S30,4.47,0,8,8,0.0,,-0.65056,-13.290949,-13.94151,False,False,12,S42,True,7,3.4877,delivery,,,,,,,,,,,,,,,,,,,,,,,,,,,,,,,,,,,,,,,,,,,,,,,,,,,,
43,23,15,50,S30,False,0,8,8,0,7,1,0,0,0,"['B536', 'B73', 'B456', 'B214', 'B142', 'B443', 'B489']",6.5,S61,2.92,7,8,15,0.0,,-0.586185,-13.279876,-13.866061,True,True,36,S41,True,21,7.4266,pickup+onsite,,,,,,,,,,,,,,,,,,,,,,,,,,,,,,,,,,,,,,,,,,,,,,,,,,,,
43,23,16,0,S61,False,7,8,15,7,0,0,1,0,0,"['B423', 'B536', 'B73', 'B456', 'B214', 'B142', 'B443', 'B489']",4.0,S23,6.04,0,9,9,0.0,,-0.605668,-13.322087,-13.927754,True,True,24,S23,False,21,4.4475,delivery+depot_removal,,,,,,,,,,,,,,,,,,,,,,,,,,,,,,,,,,,,,,,,,,,,,,,,,,,,
43,23,16,10,S23,False,0,9,9,0,0,0,1,0,0,['B337'],0.5,S41,3.8,0,10,10,0.0,,-0.650068,-13.53421,-14.184279,True,True,36,S41,False,6,6.8183,do_nothing+depot_removal,,,,,,,,,,,,,,,,,,,,,,,,,,,,,,,,,,,,,,,,,,,,,,,,,,,,
43,23,16,14,S41,False,0,10,10,0,10,0,0,0,0,"['B364', 'B420', 'B535', 'B76', 'B5', 'B722', 'B518', 'B721', 'B576', 'B392']",5.0,S49,2.5,10,10,20,0.0,,-0.769362,-13.442378,-14.21174,False,False,12,S62,True,8,2.6965,pickup,,,,,,,,,,,,,,,,,,,,,,,,,,,,,,,,,,,,,,,,,,,,,,,,,,,,
43,23,16,22,S49,False,10,10,20,10,0,0,0,0,0,"['B364', 'B420', 'B535', 'B76', 'B5', 'B722', 'B518', 'B721', 'B576', 'B392']",5.0,S62,5.09,0,10,10,0.0,,-0.546312,-13.345356,-13.891668,False,False,12,S11,True,6,2.6385,delivery,,,,,,,,,,,,,,,,,,,,,,,,,,,,,,,,,,,,,,,,,,,,,,,,,,,,
43,23,16,32,S62,False,0,10,10,0,10,0,0,0,0,"['B243', 'B514', 'B45', 'B358', 'B164', 'B459', 'B98', 'B242', 'B670', 'B735']",5.0,S35,5.61,10,10,20,0.0,,-0.412555,-13.07811,-13.490666,False,False,12,S26,True,9,2.6547,pickup,,,,,,,,,,,,,,,,,,,,,,,,,,,,,,,,,,,,,,,,,,,,,,,,,,,,
43,23,16,42,S35,False,10,10,20,10,0,0,0,0,0,"['B243', 'B514', 'B45', 'B358', 'B164', 'B459', 'B98', 'B242', 'B670', 'B735']",5.0,S16,6.87,0,10,10,0.0,,-0.407687,-13.134609,-13.542297,False,False,12,S41,True,9,2.7327,delivery,,,,,,,,,,,,,,,,,,,,,,,,,,,,,,,,,,,,,,,,,,,,,,,,,,,,
43,23,16,54,S16,False,0,10,10,0,8,0,0,0,0,"['B363', 'B720', 'B551', 'B180', 'B365', 'B203', 'B106', 'B389']",4.0,S26,7.94,8,10,18,0.0,,-0.431924,-13.190398,-13.622323,False,False,18,S30,True,6,3.5128,pickup,,,,,,,,,,,,,,,,,,,,,,,,,,,,,,,,,,,,,,,,,,,,,,,,,,,,
43,23,17,6,S26,False,8,10,18,8,0,0,0,0,0,"['B363', 'B720', 'B551', 'B180', 'B365', 'B203', 'B106', 'B389']",4.0,S41,6.65,0,10,10,0.0,,-0.357486,-13.152779,-13.510265,False,False,12,S41,False,8,2.9772,delivery,,,,,,,,,,,,,,,,,,,,,,,,,,,,,,,,,,,,,,,,,,,,,,,,,,,,
43,23,17,17,S41,False,0,10,10,0,10,0,0,0,0,"['B232', 'B230', 'B512', 'B631', 'B3', 'B169', 'B167', 'B298', 'B437', 'B19']",5.0,S54,6.96,10,10,20,0.0,,-0.298042,-13.139077,-13.437119,False,False,12,S54,False,6,2.9387,pickup,,,,,,,,,,,,,,,,,,,,,,,,,,,,,,,,,,,,,,,,,,,,,,,,,,,,
43,23,17,29,S54,False,10,10,20,10,0,2,1,0,0,"['B14', 'B232', 'B230', 'B512', 'B631', 'B3', 'B169', 'B167', 'B298', 'B437', 'B19']",11.5,S52,3.81,0,11,11,0.0,,-0.218068,-12.95654,-13.174608,True,True,54,S46,True,51,11.5909,delivery+maintenance,,,,,,,,,,,,,,,,,,,,,,,,,,,,,,,,,,,,,,,,,,,,,,,,,,,,
43,23,17,44,S52,False,0,11,11,0,9,1,0,0,0,"['B494', 'B730', 'B660', 'B308', 'B123', 'B695', 'B727', 'B310', 'B764']",7.5,S46,2.06,9,11,20,0.0,,-0.05952,-12.989117,-13.048637,True,True,36,S39,True,33,5.7998,pickup+onsite,,,,,,,,,,,,,,,,,,,,,,,,,,,,,,,,,,,,,,,,,,,,,,,,,,,,
43,23,17,54,S46,False,9,11,20,9,0,0,0,0,0,"['B494', 'B730', 'B660', 'B308', 'B123', 'B695', 'B727', 'B310', 'B764']",4.5,S22,9.54,0,11,11,0.0,,-0.07435,-12.843262,-12.917612,False,False,12,S31,True,7,2.4473,delivery,,,,,,,,,,,,,,,,,,,,,,,,,,,,,,,,,,,,,,,,,,,,,,,,,,,,
43,23,18,8,S22,False,0,11,11,0,9,0,0,0,0,"['B114', 'B35', 'B187', 'B175', 'B548', 'B65', 'B362', 'B446', 'B128']",4.5,S50,10.84,9,11,20,0.0,,-0.09411,-12.858116,-12.952226,False,False,12,S39,True,10,2.1936,pickup,,,,,,,,,,,,,,,,,,,,,,,,,,,,,,,,,,,,,,,,,,,,,,,,,,,,
43,23,18,23,S50,False,9,11,20,9,0,0,0,0,0,"['B114', 'B35', 'B187', 'B175', 'B548', 'B65', 'B362', 'B446', 'B128']",4.5,S10,1.78,0,11,11,0.0,,-0.104299,-12.820093,-12.924392,False,False,12,S1,True,8,2.4181,delivery,,,,,,,,,,,,,,,,,,,,,,,,,,,,,,,,,,,,,,,,,,,,,,,,,,,,
43,23,18,29,S10,False,0,11,11,0,9,0,0,0,0,"['B334', 'B534', 'B300', 'B66', 'B417', 'B81', 'B491', 'B741', 'B196']",4.5,S56,2.55,9,11,20,0.0,,-0.124173,-12.780315,-12.904488,False,False,12,S33,True,10,2.5158,pickup,,,,,,,,,,,,,,,,,,,,,,,,,,,,,,,,,,,,,,,,,,,,,,,,,,,,
43,23,18,36,S56,False,9,11,20,0,0,1,0,0,0,[],3.0,S1,2.47,9,11,20,0.0,,-0.108978,-12.708026,-12.817003,True,True,36,S1,True,7,7.6671,do_nothing+onsite,,,,,,,,,,,,,,,,,,,,,,,,,,,,,,,,,,,,,,,,,,,,,,,,,,,,
43,23,18,42,S1,False,9,11,20,9,0,0,0,0,0,"['B334', 'B534', 'B300', 'B66', 'B417', 'B81', 'B491', 'B741', 'B196']",4.5,S33,6.32,0,11,11,0.0,,-0.079482,-12.695314,-12.774796,False,False,18,S20,True,13,3.0964,delivery,,,,,,,,,,,,,,,,,,,,,,,,,,,,,,,,,,,,,,,,,,,,,,,,,,,,
43,23,18,53,S33,False,0,11,11,0,9,0,0,0,0,"['B340', 'B678', 'B475', 'B422', 'B251', 'B531', 'B59', 'B228', 'B296']",4.5,S34,3.68,9,11,20,0.0,,-0.09435,-12.680491,-12.774841,False,False,12,S39,True,9,2.8317,pickup,,,,,,,,,,,,,,,,,,,,,,,,,,,,,,,,,,,,,,,,,,,,,,,,,,,,
43,23,19,1,S34,False,9,11,20,9,0,1,1,0,0,"['B499', 'B340', 'B678', 'B475', 'B422', 'B251', 'B531', 'B59', 'B228', 'B296']",8.0,S65,6.58,0,12,12,0.0,,-0.089255,-12.74176,-12.831015,True,True,60,S39,True,55,10.761,delivery+maintenance,,,,,,,,,,,,,,,,,,,,,,,,,,,,,,,,,,,,,,,,,,,,,,,,,,,,
43,23,19,15,S65,False,0,12,12,0,8,0,0,0,0,"['B476', 'B11', 'B52', 'B49', 'B582', 'B738', 'B190', 'B447']",4.0,S39,5.08,8,12,20,0.0,,-0.153857,-12.719437,-12.873294,False,False,12,S37,True,7,2.0098,pickup,,,,,,,,,,,,,,,,,,,,,,,,,,,,,,,,,,,,,,,,,,,,,,,,,,,,
43,23,19,24,S39,False,8,12,20,8,0,0,0,0,0,"['B476', 'B11', 'B52', 'B49', 'B582', 'B738', 'B190', 'B447']",4.0,S30,4.07,0,12,12,0.0,,-0.128764,-12.709703,-12.838467,False,False,12,S37,True,8,2.0003,delivery,,,,,,,,,,,,,,,,,,,,,,,,,,,,,,,,,,,,,,,,,,,,,,,,,,,,
43,23,19,32,S30,False,0,12,12,0,8,0,0,0,0,"['B399', 'B571', 'B351', 'B558', 'B315', 'B189', 'B331', 'B632']",4.0,S37,4.57,8,12,20,0.0,,-0.069432,-12.941792,-13.011224,False,False,11,S37,False,6,1.9203,pickup,,,,,,,,,,,,,,,,,,,,,,,,,,,,,,,,,,,,,,,,,,,,,,,,,,,,
43,23,19,41,S37,False,8,12,20,8,0,0,0,0,0,"['B399', 'B571', 'B351', 'B558', 'B315', 'B189', 'B331', 'B632']",4.0,S31,2.81,0,12,12,0.0,,-0.139115,-12.997138,-13.136253,False,False,7,S31,False,5,1.3181,delivery,,,,,,,,,,,,,,,,,,,,,,,,,,,,,,,,,,,,,,,,,,,,,,,,,,,,
43,23,19,48,S31,False,0,12,12,0,8,0,0,0,0,"['B209', 'B692', 'B621', 'B402', 'B198', 'B434', 'B356', 'B88']",4.0,D0,1.48,8,12,20,0.0,,-0.079445,-13.188403,-13.267847,False,False,2,D0,False,1,0.3786,pickup,,,,,,,,,,,,,,,,,,,,,,,,,,,,,,,,,,,,,,,,,,,,,,,,,,,,
43,23,19,53,D0,True,8,12,20,0,0,0,0,12,0,"['B321', 'B72', 'B426', 'B761', 'B495', 'B381', 'B424', 'B628', 'B423', 'B337', 'B14', 'B499']",6.0,D0,0.0,8,0,8,0.0,,-0.08923,-13.200712,-13.289942,True,True,1,D0,False,0,0.2003,do_nothing,,,,,,,,,,,,,,,,,,,,,,,,,,,,,,,,,,,,,,,,,,,,,,,,,,,,
43,24,6,14,D0,True,8,0,8,0,0,0,0,0,11,"['B449', 'B18', 'B616', 'B28', 'B336', 'B656', 'B640', 'B34', 'B719', 'B379', 'B542']",5.5,S65,3.15,19,0,19,0.0,,-0.903358,-14.207761,-15.111119,True,True,5,S30,True,1,1.1994,load_queue,,,,,,,,,,,,,,,,,,,,,,,,,,,,,,,,,,,,,,,,,,,,,,,,,,,,
43,24,6,38,S65,False,19,0,19,19,0,0,0,0,0,"['B209', 'B692', 'B621', 'B402', 'B198', 'B434', 'B356', 'B88', 'B449', 'B18', 'B616', 'B28', 'B336', 'B656', 'B640', 'B34', 'B719', 'B379', 'B542']",9.5,S54,8.42,0,0,0,0.0,,-0.729789,-13.915827,-14.645616,False,False,12,S49,True,9,2.8069,delivery,,,,,,,,,,,,,,,,,,,,,,,,,,,,,,,,,,,,,,,,,,,,,,,,,,,,
43,24,6,56,S54,False,0,0,0,0,18,0,1,0,0,"['B141', 'B159', 'B61', 'B367', 'B243', 'B649', 'B435', 'B703', 'B310', 'B352', 'B724', 'B665', 'B477', 'B555', 'B670', 'B467', 'B687', 'B709', 'B244']",9.5,S27,4.59,18,1,19,0.0,,-0.585808,-14.019847,-14.605654,True,True,36,S39,True,31,8.05,pickup+depot_removal,,,,,,,,,,,,,,,,,,,,,,,,,,,,,,,,,,,,,,,,,,,,,,,,,,,,
43,24,7,10,S27,False,18,1,19,18,0,1,0,0,0,"['B141', 'B159', 'B61', 'B367', 'B243', 'B649', 'B435', 'B703', 'B310', 'B352', 'B724', 'B665', 'B477', 'B555', 'B670', 'B467', 'B687', 'B709']",12.0,S49,5.16,0,1,1,0.0,,-0.71481,-14.004213,-14.719023,True,True,24,S3,True,18,5.8623,delivery+onsite,,,,,,,,,,,,,,,,,,,,,,,,,,,,,,,,,,,,,,,,,,,,,,,,,,,,
43,24,7,27,S49,False,0,1,1,0,14,0,0,0,0,"['B535', 'B76', 'B5', 'B722', 'B518', 'B721', 'B576', 'B392', 'B293', 'B249', 'B599', 'B166', 'B418', 'B227']",7.0,S41,2.5,14,1,15,0.0,,-0.401636,-13.982041,-14.383677,False,False,18,S33,True,12,3.9923,pickup,,,,,,,,,,,,,,,,,,,,,,,,,,,,,,,,,,,,,,,,,,,,,,,,,,,,
43,24,7,37,S41,False,14,1,15,14,0,0,0,0,0,"['B535', 'B76', 'B5', 'B722', 'B518', 'B721', 'B576', 'B392', 'B293', 'B249', 'B599', 'B166', 'B418', 'B227']",7.0,S33,4.4,0,1,1,0.0,,-0.282507,-13.586845,-13.869352,False,False,12,S36,True,6,2.6354,delivery,,,,,,,,,,,,,,,,,,,,,,,,,,,,,,,,,,,,,,,,,,,,,,,,,,,,
43,24,7,48,S33,False,0,1,1,0,17,1,0,0,0,"['B327', 'B273', 'B587', 'B691', 'B139', 'B263', 'B286', 'B529', 'B261', 'B631', 'B690', 'B3', 'B212', 'B294', 'B504', 'B323', 'B48']",11.5,S26,6.45,17,1,18,0.0,,-0.372455,-13.623886,-13.996341,True,True,36,S3,True,32,7.7037,pickup+onsite,,,,,,,,,,,,,,,,,,,,,,,,,,,,,,,,,,,,,,,,,,,,,,,,,,,,
43,24,8,6,S26,False,17,1,18,17,0,0,0,0,0,"['B327', 'B273', 'B587', 'B691', 'B139', 'B263', 'B286', 'B529', 'B261', 'B631', 'B690', 'B3', 'B212', 'B294', 'B504', 'B323', 'B48']",8.5,S36,10.11,0,1,1,0.0,,-0.27808,-13.574095,-13.852175,False,False,12,S64,True,6,3.7292,delivery,,,,,,,,,,,,,,,,,,,,,,,,,,,,,,,,,,,,,,,,,,,,,,,,,,,,
43,24,8,25,S36,False,0,1,1,0,15,0,0,0,0,"['B231', 'B91', 'B92', 'B710', 'B238', 'B564', 'B557', 'B608', 'B683', 'B17', 'B543', 'B626', 'B519', 'B372', 'B138']",7.5,S51,1.89,15,1,16,0.0,,-0.263326,-13.528182,-13.791508,False,False,18,S43,True,7,4.3894,pickup,,,,,,,,,,,,,,,,,,,,,,,,,,,,,,,,,,,,,,,,,,,,,,,,,,,,
43,24,8,34,S51,False,15,1,16,10,0,0,0,0,0,"['B231', 'B91', 'B92', 'B710', 'B238', 'B564', 'B557', 'B608', 'B683', 'B17']",5.0,S4,5.42,5,1,6,0.0,,-0.183542,-13.329199,-13.512741,False,False,18,S43,True,9,4.761,delivery,,,,,,,,,,,,,,,,,,,,,,,,,,,,,,,,,,,,,,,,,,,,,,,,,,,,
43,24,8,44,S4,False,5,1,6,0,8,0,2,0,0,"['B23', 'B289', 'B146', 'B606', 'B116', 'B536', 'B167', 'B442', 'B513', 'B109']",5.0,S62,2.49,13,3,16,0.0,,-0.446906,-13.498609,-13.945515,True,True,54,S16,True,31,10.716,pickup+depot_removal,,,,,,,,,,,,,,,,,,,,,,,,,,,,,,,,,,,,,,,,,,,,,,,,,,,,
43,24,8,52,S62,False,13,3,16,13,0,0,1,0,0,"['B365', 'B543', 'B626', 'B519', 'B372', 'B138', 'B23', 'B289', 'B146', 'B606', 'B116', 'B536', 'B167', 'B442']",7.0,S31,2.98,0,4,4,0.0,,-0.32755,-13.355743,-13.683293,True,True,24,S64,True,18,6.7174,delivery+depot_removal,,,,,,,,,,,,,,,,,,,,,,,,,,,,,,,,,,,,,,,,,,,,,,,,,,,,
43,24,9,2,S31,False,0,4,4,0,14,0,1,0,0,"['B697', 'B164', 'B397', 'B415', 'B735', 'B178', 'B675', 'B437', 'B170', 'B752', 'B443', 'B364', 'B666', 'B484', 'B682']",7.5,S53,4.82,14,5,19,0.0,,-0.263414,-13.357618,-13.621032,True,True,30,S39,True,28,6.247,pickup+depot_removal,,,,,,,,,,,,,,,,,,,,,,,,,,,,,,,,,,,,,,,,,,,,,,,,,,,,
43,24,9,14,S53,False,14,5,19,14,0,0,0,0,0,"['B697', 'B164', 'B397', 'B415', 'B735', 'B178', 'B675', 'B437', 'B170', 'B752', 'B443', 'B364', 'B666', 'B484']",7.0,S39,6.57,0,5,5,0.0,,-0.277702,-13.281695,-13.559398,False,False,12,S47,True,8,2.7313,delivery,,,,,,,,,,,,,,,,,,,,,,,,,,,,,,,,,,,,,,,,,,,,,,,,,,,,
43,24,9,28,S39,False,0,5,5,0,15,0,0,0,0,"['B447', 'B593', 'B500', 'B169', 'B399', 'B177', 'B237', 'B597', 'B747', 'B140', 'B677', 'B186', 'B245', 'B285', 'B494']",7.5,S43,4.89,15,5,20,0.0,,-0.168649,-13.305263,-13.473912,True,False,18,S59,True,14,6.1083,pickup,,,,,,,,,,,,,,,,,,,,,,,,,,,,,,,,,,,,,,,,,,,,,,,,,,,,
43,24,9,40,S43,False,15,5,20,15,0,0,0,0,0,"['B447', 'B593', 'B500', 'B169', 'B399', 'B177', 'B237', 'B597', 'B747', 'B140', 'B677', 'B186', 'B245', 'B285', 'B494']",7.5,S59,2.96,0,5,5,0.0,,-0.12899,-12.916216,-13.045206,False,False,12,S46,True,7,3.8557,delivery,,,,,,,,,,,,,,,,,,,,,,,,,,,,,,,,,,,,,,,,,,,,,,,,,,,,
43,24,9,51,S59,False,0,5,5,0,14,0,0,0,0,"['B290', 'B343', 'B591', 'B650', 'B322', 'B272', 'B577', 'B119', 'B633', 'B207', 'B309', 'B67', 'B456', 'B335']",7.0,S15,5.67,14,5,19,0.0,,-0.099356,-12.977994,-13.07735,False,False,18,S15,False,12,5.17,pickup,,,,,,,,,,,,,,,,,,,,,,,,,,,,,,,,,,,,,,,,,,,,,,,,,,,,
43,24,10,3,S15,False,14,5,19,14,0,0,0,0,0,"['B290', 'B343', 'B591', 'B650', 'B322', 'B272', 'B577', 'B119', 'B633', 'B207', 'B309', 'B67', 'B456', 'B335']",7.0,S64,4.69,0,5,5,0.0,,-0.183428,-12.860962,-13.04439,False,False,12,S64,False,6,2.8917,delivery,,,,,,,,,,,,,,,,,,,,,,,,,,,,,,,,,,,,,,,,,,,,,,,,,,,,
43,24,10,15,S64,False,0,5,5,0,7,0,0,0,0,"['B436', 'B653', 'B160', 'B54', 'B259', 'B658', 'B700']",3.5,S20,8.63,7,5,12,0.0,,-0.218497,-12.870662,-13.089159,False,False,18,S18,True,7,4.6147,pickup,,,,,,,,,,,,,,,,,,,,,,,,,,,,,,,,,,,,,,,,,,,,,,,,,,,,
43,24,10,27,S20,False,7,5,12,7,0,0,0,0,0,"['B436', 'B653', 'B160', 'B54', 'B259', 'B658', 'B700']",3.5,S25,2.54,0,5,5,0.0,,-0.253452,-12.764111,-13.017563,False,False,12,S61,True,6,3.7355,delivery,,,,,,,,,,,,,,,,,,,,,,,,,,,,,,,,,,,,,,,,,,,,,,,,,,,,
43,24,10,33,S25,False,0,5,5,0,8,1,2,0,0,"['B172', 'B1', 'B118', 'B612', 'B113', 'B97', 'B311', 'B767', 'B589', 'B9']",8.0,S61,11.05,8,7,15,0.0,,-0.153945,-13.00788,-13.161826,True,True,108,S61,False,70,22.1577,pickup+maintenance,,,,,,,,,,,,,,,,,,,,,,,,,,,,,,,,,,,,,,,,,,,,,,,,,,,,
43,24,10,52,S61,False,8,7,15,0,5,0,0,0,0,"['B306', 'B654', 'B382', 'B105', 'B154']",2.5,S56,6.29,13,7,20,0.0,,-0.149216,-13.210522,-13.359738,False,False,12,S56,False,9,2.5982,pickup,,,,,,,,,,,,,,,,,,,,,,,,,,,,,,,,,,,,,,,,,,,,,,,,,,,,
43,24,11,1,S56,False,13,7,20,5,0,0,0,0,0,"['B172', 'B1', 'B118', 'B612', 'B113']",2.5,S12,7.46,8,7,15,0.0,,-0.109028,-13.321519,-13.430547,False,False,18,S12,False,8,3.4122,delivery,,,,,,,,,,,,,,,,,,,,,,,,,,,,,,,,,,,,,,,,,,,,,,,,,,,,
43,24,11,11,S12,False,8,7,15,8,0,0,0,0,0,"['B97', 'B311', 'B767', 'B306', 'B654', 'B382', 'B105', 'B154']",4.0,S3,6.18,0,7,7,0.0,,-0.218371,-13.305972,-13.524343,False,False,12,S51,True,6,2.1717,delivery,,,,,,,,,,,,,,,,,,,,,,,,,,,,,,,,,,,,,,,,,,,,,,,,,,,,
43,24,11,21,S3,False,0,7,7,0,13,0,0,0,0,"['B258', 'B95', 'B743', 'B554', 'B601', 'B29', 'B314', 'B121', 'B41', 'B349', 'B33', 'B419', 'B51']",6.5,S35,3.69,13,7,20,0.0,,-0.164096,-13.360892,-13.524988,False,False,12,S35,False,6,2.6288,pickup,,,,,,,,,,,,,,,,,,,,,,,,,,,,,,,,,,,,,,,,,,,,,,,,,,,,
43,24,11,31,S35,False,13,7,20,12,0,0,1,0,0,"['B765', 'B258', 'B95', 'B743', 'B554', 'B601', 'B29', 'B314', 'B121', 'B41', 'B349', 'B33', 'B419']",6.5,S33,6.01,1,8,9,0.0,,-0.103934,-13.425892,-13.529825,True,True,30,S29,True,15,6.6343,delivery+depot_removal,,,,,,,,,,,,,,,,,,,,,,,,,,,,,,,,,,,,,,,,,,,,,,,,,,,,
43,24,11,44,S33,False,1,8,9,0,11,0,0,0,0,"['B427', 'B421', 'B592', 'B366', 'B180', 'B439', 'B255', 'B374', 'B157', 'B211', 'B723']",5.5,S29,4.32,12,8,20,0.0,,-0.094123,-13.525151,-13.619274,False,False,12,S63,True,6,2.9928,pickup,,,,,,,,,,,,,,,,,,,,,,,,,,,,,,,,,,,,,,,,,,,,,,,,,,,,
43,24,11,54,S29,False,12,8,20,12,0,0,1,0,0,"['B158', 'B51', 'B427', 'B421', 'B592', 'B366', 'B180', 'B439', 'B255', 'B374', 'B157', 'B211', 'B723']",6.5,S18,6.89,0,9,9,0.0,,-0.034779,-13.59958,-13.634359,True,True,18,S31,True,15,3.9274,delivery+depot_removal,,,,,,,,,,,,,,,,,,,,,,,,,,,,,,,,,,,,,,,,,,,,,,,,,,,,
43,24,12,7,S18,False,0,9,9,0,11,0,0,0,0,"['B748', 'B239', 'B668', 'B206', 'B295', 'B753', 'B229', 'B332', 'B5', 'B414', 'B550']",5.5,S36,6.27,11,9,20,0.0,,-0.1588,-13.880589,-14.03939,True,False,18,S31,True,14,3.501,pickup,,,,,,,,,,,,,,,,,,,,,,,,,,,,,,,,,,,,,,,,,,,,,,,,,,,,
43,24,12,19,S36,False,11,9,20,11,0,0,0,0,0,"['B748', 'B239', 'B668', 'B206', 'B295', 'B753', 'B229', 'B332', 'B5', 'B414', 'B550']",5.5,S51,1.89,0,9,9,0.0,,-0.233226,-14.031973,-14.265199,False,False,12,S51,False,6,2.9511,delivery,,,,,,,,,,,,,,,,,,,,,,,,,,,,,,,,,,,,,,,,,,,,,,,,,,,,
43,24,12,26,S51,False,0,9,9,0,11,0,0,0,0,"['B397', 'B317', 'B621', 'B190', 'B146', 'B415', 'B514', 'B713', 'B61', 'B634', 'B322']",5.5,S50,8.8,11,9,20,0.0,,-0.178284,-14.037412,-14.215696,False,False,12,S31,True,6,2.9335,pickup,,,,,,,,,,,,,,,,,,,,,,,,,,,,,,,,,,,,,,,,,,,,,,,,,,,,
43,24,12,40,S50,False,11,9,20,11,0,0,1,0,0,"['B588', 'B397', 'B317', 'B621', 'B190', 'B146', 'B415', 'B514', 'B713', 'B61', 'B634', 'B322']",6.0,S31,7.46,0,10,10,0.0,,-0.277803,-13.971315,-14.249117,True,True,18,S57,True,12,4.6927,delivery+depot_removal,,,,,,,,,,,,,,,,,,,,,,,,,,,,,,,,,,,,,,,,,,,,,,,,,,,,
43,24,12,54,S31,False,0,10,10,0,10,0,0,0,0,"['B181', 'B568', 'B89', 'B171', 'B328', 'B710', 'B617', 'B299', 'B153', 'B607']",5.0,S63,4.21,10,10,20,0.0,,-0.272822,-13.968815,-14.241637,False,False,12,S63,False,6,2.5883,pickup,,,,,,,,,,,,,,,,,,,,,,,,,,,,,,,,,,,,,,,,,,,,,,,,,,,,
43,24,13,3,S63,False,10,10,20,10,0,1,0,0,0,"['B181', 'B568', 'B89', 'B171', 'B328', 'B710', 'B617', 'B299', 'B153', 'B607']",8.0,S31,4.21,0,10,10,0.0,,-0.440904,-13.997742,-14.438646,True,True,24,S57,True,18,5.5362,delivery+onsite,,,,,,,,,,,,,,,,,,,,,,,,,,,,,,,,,,,,,,,,,,,,,,,,,,,,
43,24,13,15,S31,False,0,10,10,0,10,0,0,0,0,"['B159', 'B754', 'B528', 'B183', 'B703', 'B124', 'B379', 'B53', 'B25', 'B474']",5.0,S46,5.03,10,10,20,0.0,,-0.386857,-14.119577,-14.506434,False,False,12,S60,True,6,2.6073,pickup,,,,,,,,,,,,,,,,,,,,,,,,,,,,,,,,,,,,,,,,,,,,,,,,,,,,
43,24,13,25,S46,False,10,10,20,10,0,0,1,0,0,"['B30', 'B159', 'B754', 'B528', 'B183', 'B703', 'B124', 'B379', 'B53', 'B25', 'B474']",5.5,S19,4.09,0,11,11,0.0,,-0.317361,-14.119831,-14.437192,True,True,18,S40,True,14,3.7621,delivery+depot_removal,,,,,,,,,,,,,,,,,,,,,,,,,,,,,,,,,,,,,,,,,,,,,,,,,,,,
43,24,13,35,S19,False,0,11,11,0,9,1,0,0,0,"['B75', 'B15', 'B556', 'B204', 'B145', 'B104', 'B554', 'B371', 'B602']",7.5,S17,14.14,9,11,20,0.0,,-0.630346,-13.696603,-14.326948,True,True,36,S55,True,31,6.0529,pickup+onsite,,,,,,,,,,,,,,,,,,,,,,,,,,,,,,,,,,,,,,,,,,,,,,,,,,,,
43,24,13,57,S17,False,9,11,20,0,0,0,0,0,0,[],0.0,S35,7.9,9,11,20,0.0,,-0.819424,-13.82507,-14.644494,False,False,12,S57,True,4,2.5577,do_nothing,,,,,,,,,,,,,,,,,,,,,,,,,,,,,,,,,,,,,,,,,,,,,,,,,,,,
43,24,14,5,S35,False,9,11,20,9,0,0,0,0,0,"['B75', 'B15', 'B556', 'B204', 'B145', 'B104', 'B554', 'B371', 'B602']",4.5,S55,3.04,0,11,11,0.0,,-0.823522,-13.820481,-14.644003,False,False,12,S57,True,10,1.8732,delivery,,,,,,,,,,,,,,,,,,,,,,,,,,,,,,,,,,,,,,,,,,,,,,,,,,,,
43,24,14,12,S55,False,0,11,11,0,9,0,0,0,0,"['B169', 'B537', 'B445', 'B43', 'B46', 'B534', 'B383', 'B595', 'B96']",4.5,S54,0.95,9,11,20,0.0,,-0.97796,-13.873883,-14.851843,False,False,12,S60,True,6,1.8938,pickup,,,,,,,,,,,,,,,,,,,,,,,,,,,,,,,,,,,,,,,,,,,,,,,,,,,,
43,24,14,17,S54,False,9,11,20,9,0,0,0,0,0,"['B169', 'B537', 'B445', 'B43', 'B46', 'B534', 'B383', 'B595', 'B96']",4.5,S60,6.45,0,11,11,0.0,,-0.679148,-13.746038,-14.425186,False,False,12,S57,True,7,2.0543,delivery,,,,,,,,,,,,,,,,,,,,,,,,,,,,,,,,,,,,,,,,,,,,,,,,,,,,
43,24,14,28,S60,False,0,11,11,0,9,0,0,0,0,"['B457', 'B411', 'B663', 'B377', 'B425', 'B525', 'B227', 'B641', 'B343']",4.5,S29,7.31,9,11,20,0.0,,-0.972349,-13.896088,-14.868437,False,False,12,S12,True,6,2.0993,pickup,,,,,,,,,,,,,,,,,,,,,,,,,,,,,,,,,,,,,,,,,,,,,,,,,,,,
43,24,14,40,S29,False,9,11,20,9,0,0,0,0,0,"['B457', 'B411', 'B663', 'B377', 'B425', 'B525', 'B227', 'B641', 'B343']",4.5,S66,6.29,0,11,11,0.0,,-1.461002,-14.246729,-15.707731,False,False,12,S63,True,6,1.8952,delivery,,,,,,,,,,,,,,,,,,,,,,,,,,,,,,,,,,,,,,,,,,,,,,,,,,,,
43,24,14,51,S66,False,0,11,11,0,9,0,0,0,0,"['B638', 'B733', 'B436', 'B199', 'B592', 'B216', 'B339', 'B83', 'B519']",4.5,S63,4.37,9,11,20,0.0,,-1.287578,-14.181832,-15.46941,False,False,12,S48,True,10,1.8912,pickup,,,,,,,,,,,,,,,,,,,,,,,,,,,,,,,,,,,,,,,,,,,,,,,,,,,,
43,24,15,0,S63,False,9,11,20,9,0,0,0,0,0,"['B638', 'B733', 'B436', 'B199', 'B592', 'B216', 'B339', 'B83', 'B519']",4.5,S12,5.44,0,11,11,0.0,,-1.09261,-14.313023,-15.405633,False,False,12,S46,True,8,1.8797,delivery,,,,,,,,,,,,,,,,,,,,,,,,,,,,,,,,,,,,,,,,,,,,,,,,,,,,
43,24,15,10,S12,False,0,11,11,0,9,0,0,0,0,"['B767', 'B306', 'B654', 'B382', 'B105', 'B154', 'B565', 'B420', 'B276']",4.5,S49,8.77,9,11,20,0.0,,-0.798793,-14.226271,-15.025064,False,False,12,S44,True,8,2.5552,pickup,,,,,,,,,,,,,,,,,,,,,,,,,,,,,,,,,,,,,,,,,,,,,,,,,,,,
43,24,15,23,S49,False,9,11,20,9,0,0,0,0,0,"['B767', 'B306', 'B654', 'B382', 'B105', 'B154', 'B565', 'B420', 'B276']",4.5,S44,4.49,0,11,11,0.0,,-0.883635,-14.215267,-15.098901,False,False,12,S31,True,8,1.9679,delivery,,,,,,,,,,,,,,,,,,,,,,,,,,,,,,,,,,,,,,,,,,,,,,,,,,,,
43,24,15,32,S44,False,0,11,11,0,9,0,0,0,0,"['B575', 'B676', 'B28', 'B325', 'B753', 'B510', 'B125', 'B500', 'B67']",4.5,S26,7.72,9,11,20,0.0,,-0.744267,-13.991461,-14.735729,False,False,12,S26,False,6,1.9323,pickup,,,,,,,,,,,,,,,,,,,,,,,,,,,,,,,,,,,,,,,,,,,,,,,,,,,,
43,24,15,44,S26,False,9,11,20,9,0,0,0,0,0,"['B575', 'B676', 'B28', 'B325', 'B753', 'B510', 'B125', 'B500', 'B67']",4.5,S31,6.02,0,11,11,0.0,,-0.790293,-13.979586,-14.76988,False,False,12,S57,True,6,1.9595,delivery,,,,,,,,,,,,,,,,,,,,,,,,,,,,,,,,,,,,,,,,,,,,,,,,,,,,
43,24,15,55,S31,False,0,11,11,0,9,0,0,0,0,"['B269', 'B238', 'B467', 'B644', 'B180', 'B572', 'B4', 'B734', 'B316']",4.5,S36,7.34,9,11,20,0.0,,-0.69491,-13.974546,-14.669456,False,False,12,S30,True,7,2.2062,pickup,,,,,,,,,,,,,,,,,,,,,,,,,,,,,,,,,,,,,,,,,,,,,,,,,,,,
43,24,16,7,S36,False,9,11,20,9,0,0,0,0,0,"['B269', 'B238', 'B467', 'B644', 'B180', 'B572', 'B4', 'B734', 'B316']",4.5,S60,7.61,0,11,11,0.0,,-0.993003,-14.0002,-14.993203,False,False,12,S35,True,7,2.1643,delivery,,,,,,,,,,,,,,,,,,,,,,,,,,,,,,,,,,,,,,,,,,,,,,,,,,,,
43,24,16,19,S60,False,0,11,11,0,9,0,0,0,0,"['B757', 'B36', 'B71', 'B214', 'B626', 'B236', 'B101', 'B584', 'B766']",4.5,S35,9.21,9,11,20,0.0,,-0.784884,-13.888236,-14.67312,True,False,24,S41,True,15,4.0727,pickup,,,,,,,,,,,,,,,,,,,,,,,,,,,,,,,,,,,,,,,,,,,,,,,,,,,,
43,24,16,33,S35,False,9,11,20,9,0,0,0,0,0,"['B757', 'B36', 'B71', 'B214', 'B626', 'B236', 'B101', 'B584', 'B766']",4.5,S47,11.02,0,11,11,0.0,,-0.571456,-13.505192,-14.076648,False,False,12,S31,True,7,2.0147,delivery,,,,,,,,,,,,,,,,,,,,,,,,,,,,,,,,,,,,,,,,,,,,,,,,,,,,
43,24,16,48,S47,False,0,11,11,0,9,0,0,0,0,"['B193', 'B268', 'B444', 'B448', 'B732', 'B696', 'B590', 'B759', 'B357']",4.5,S17,8.76,9,11,20,0.0,,-0.561015,-13.480234,-14.041249,True,False,18,S48,True,13,3.7205,pickup,,,,,,,,,,,,,,,,,,,,,,,,,,,,,,,,,,,,,,,,,,,,,,,,,,,,
43,24,17,1,S17,False,9,11,20,9,0,0,0,0,0,"['B193', 'B268', 'B444', 'B448', 'B732', 'B696', 'B590', 'B759', 'B357']",4.5,S44,9.71,0,11,11,0.0,,-0.555492,-13.583778,-14.13927,False,False,12,S54,True,7,2.1997,delivery,,,,,,,,,,,,,,,,,,,,,,,,,,,,,,,,,,,,,,,,,,,,,,,,,,,,
43,24,17,16,S44,False,0,11,11,0,9,0,0,0,0,"['B739', 'B266', 'B643', 'B384', 'B375', 'B754', 'B33', 'B539', 'B686']",4.5,S54,3.95,9,11,20,0.0,,-0.83467,-13.609881,-14.444551,False,False,12,S54,False,6,2.4863,pickup,,,,,,,,,,,,,,,,,,,,,,,,,,,,,,,,,,,,,,,,,,,,,,,,,,,,
43,24,17,24,S54,False,9,11,20,9,0,0,0,0,0,"['B739', 'B266', 'B643', 'B384', 'B375', 'B754', 'B33', 'B539', 'B686']",4.5,S22,9.78,0,11,11,0.0,,-0.467271,-13.431344,-13.898615,False,False,12,S55,True,10,2.1292,delivery,,,,,,,,,,,,,,,,,,,,,,,,,,,,,,,,,,,,,,,,,,,,,,,,,,,,
43,24,17,38,S22,False,0,11,11,0,9,0,0,0,0,"['B657', 'B506', 'B57', 'B34', 'B132', 'B252', 'B566', 'B126', 'B447']",4.5,S24,6.27,9,11,20,0.0,,-0.312935,-13.445662,-13.758597,False,False,12,S49,True,7,2.1687,pickup,,,,,,,,,,,,,,,,,,,,,,,,,,,,,,,,,,,,,,,,,,,,,,,,,,,,
43,24,17,49,S24,False,9,11,20,9,0,0,0,0,0,"['B657', 'B506', 'B57', 'B34', 'B132', 'B252', 'B566', 'B126', 'B447']",4.5,S12,15.44,0,11,11,0.0,,-0.26808,-13.3136,-13.58168,False,False,12,S31,True,7,2.2085,delivery,,,,,,,,,,,,,,,,,,,,,,,,,,,,,,,,,,,,,,,,,,,,,,,,,,,,
43,24,18,9,S12,False,0,11,11,0,9,0,0,0,0,"['B526', 'B80', 'B363', 'B388', 'B603', 'B328', 'B380', 'B578', 'B298']",4.5,S16,5.59,9,11,20,0.0,,-0.158863,-13.263446,-13.422309,False,False,12,S4,True,8,2.6719,pickup,,,,,,,,,,,,,,,,,,,,,,,,,,,,,,,,,,,,,,,,,,,,,,,,,,,,
43,24,18,19,S16,False,9,11,20,8,0,1,0,0,0,"['B526', 'B80', 'B363', 'B388', 'B603', 'B328', 'B380', 'B578']",7.0,S4,2.09,1,11,12,0.0,,-0.104148,-13.098456,-13.202604,True,True,36,S49,True,20,6.3152,delivery+onsite,,,,,,,,,,,,,,,,,,,,,,,,,,,,,,,,,,,,,,,,,,,,,,,,,,,,
43,24,18,28,S4,False,1,11,12,0,8,0,0,0,0,"['B87', 'B614', 'B12', 'B141', 'B658', 'B19', 'B438', 'B515']",4.0,S49,2.74,9,11,20,0.0,,-0.084349,-13.06384,-13.14819,False,False,12,S49,False,7,2.3046,pickup,,,,,,,,,,,,,,,,,,,,,,,,,,,,,,,,,,,,,,,,,,,,,,,,,,,,
43,24,18,35,S49,False,9,11,20,9,0,0,0,0,0,"['B298', 'B87', 'B614', 'B12', 'B141', 'B658', 'B19', 'B438', 'B515']",4.5,S62,5.09,0,11,11,0.0,,-0.024766,-12.936735,-12.961501,False,False,12,S41,True,7,2.9382,delivery,,,,,,,,,,,,,,,,,,,,,,,,,,,,,,,,,,,,,,,,,,,,,,,,,,,,
43,24,18,44,S62,False,0,11,11,0,9,0,0,0,0,"['B352', 'B89', 'B715', 'B124', 'B154', 'B71', 'B91', 'B146', 'B329']",4.5,S38,4.41,9,11,20,0.0,,-0.014792,-12.89815,-12.912942,False,False,12,S39,True,7,2.602,pickup,,,,,,,,,,,,,,,,,,,,,,,,,,,,,,,,,,,,,,,,,,,,,,,,,,,,
43,24,18,53,S38,False,9,11,20,9,0,2,0,0,0,"['B352', 'B89', 'B715', 'B124', 'B154', 'B71', 'B91', 'B146', 'B329']",10.5,S66,3.69,0,11,11,0.0,,-0.029886,-12.94043,-12.970316,True,True,54,S34,True,32,10.9923,delivery+onsite,,,,,,,,,,,,,,,,,,,,,,,,,,,,,,,,,,,,,,,,,,,,,,,,,,,,
43,24,19,8,S66,False,0,11,11,0,9,0,0,0,0,"['B676', 'B562', 'B291', 'B550', 'B234', 'B534', 'B469', 'B713', 'B711']",4.5,S1,8.66,9,11,20,0.0,,-0.029874,-12.808596,-12.83847,False,False,12,S33,True,8,2.3599,pickup,,,,,,,,,,,,,,,,,,,,,,,,,,,,,,,,,,,,,,,,,,,,,,,,,,,,
43,24,19,21,S1,False,9,11,20,9,0,0,0,0,0,"['B676', 'B562', 'B291', 'B550', 'B234', 'B534', 'B469', 'B713', 'B711']",4.5,S27,7.34,0,11,11,0.0,,-0.039571,-12.787016,-12.826587,False,False,12,S21,True,10,2.7779,delivery,,,,,,,,,,,,,,,,,,,,,,,,,,,,,,,,,,,,,,,,,,,,,,,,,,,,
43,24,19,33,S27,False,0,11,11,0,9,1,0,0,0,"['B246', 'B190', 'B78', 'B315', 'B43', 'B61', 'B144', 'B322', 'B98']",7.5,S33,3.37,9,11,20,0.0,,-0.074526,-12.936116,-13.010643,True,True,34,S19,True,28,6.3665,pickup+onsite,,,,,,,,,,,,,,,,,,,,,,,,,,,,,,,,,,,,,,,,,,,,,,,,,,,,
43,24,19,43,S33,False,9,11,20,0,0,0,0,0,0,[],0.0,S32,3.27,9,11,20,0.0,,-0.044779,-12.925552,-12.970331,False,False,7,S32,False,0,1.3076,do_nothing,,,,,,,,,,,,,,,,,,,,,,,,,,,,,,,,,,,,,,,,,,,,,,,,,,,,
43,24,19,47,S32,False,9,11,20,9,0,0,0,0,0,"['B246', 'B190', 'B78', 'B315', 'B43', 'B61', 'B144', 'B322', 'B98']",4.5,D0,2.55,0,11,11,0.0,,-0.074627,-13.12543,-13.200057,False,False,2,D0,False,1,0.3821,delivery,,,,,,,,,,,,,,,,,,,,,,,,,,,,,,,,,,,,,,,,,,,,,,,,,,,,
43,24,19,54,D0,True,0,11,11,0,0,0,0,11,12,"['B321', 'B72', 'B426', 'B761', 'B495', 'B381', 'B424', 'B628', 'B423', 'B337', 'B14', 'B499', 'B244', 'B513', 'B109', 'B365', 'B682', 'B589', 'B9', 'B765', 'B158', 'B588', 'B30']",11.5,D0,0.0,12,0,12,0.0,,-0.01488,-12.944509,-12.959389,True,True,1,D0,False,0,0.2819,do_nothing,,,,,,,,,,,,,,,,,,,,,,,,,,,,,,,,,,,,,,,,,,,,,,,,,,,,
43,25,6,5,D0,True,12,0,12,0,0,0,0,0,0,[],0.0,S54,1.95,12,0,12,0.0,,-0.600348,-14.199624,-14.799972,True,True,5,S51,True,1,1.0232,depot_passthrough,,,,,,,,,,,,,,,,,,,,,,,,,,,,,,,,,,,,,,,,,,,,,,,,,,,,
43,25,6,22,S54,False,12,0,12,0,8,0,0,0,0,"['B130', 'B665', 'B543', 'B192', 'B667', 'B539', 'B674', 'B115']",4.0,S51,6.18,20,0,20,0.0,,-0.724129,-14.253935,-14.978064,False,False,12,S51,False,6,2.4747,pickup,,,,,,,,,,,,,,,,,,,,,,,,,,,,,,,,,,,,,,,,,,,,,,,,,,,,
43,25,6,32,S51,False,20,0,20,18,0,0,0,0,0,"['B321', 'B72', 'B426', 'B761', 'B495', 'B381', 'B424', 'B628', 'B423', 'B337', 'B14', 'B499', 'B130', 'B665', 'B543', 'B192', 'B667', 'B539']",9.0,S60,7.5,2,0,2,0.0,,-0.867885,-14.124008,-14.991893,False,False,18,S12,True,6,5.5085,delivery,,,,,,,,,,,,,,,,,,,,,,,,,,,,,,,,,,,,,,,,,,,,,,,,,,,,
43,25,6,49,S60,False,2,0,2,0,18,2,0,0,0,"['B726', 'B678', 'B595', 'B123', 'B139', 'B617', 'B49', 'B13', 'B690', 'B749', 'B160', 'B216', 'B344', 'B246', 'B116', 'B54', 'B239', 'B757']",15.0,S66,1.23,20,0,20,0.0,,-0.715591,-14.161035,-14.876626,True,True,36,S66,False,30,8.7153,pickup+onsite,,,,,,,,,,,,,,,,,,,,,,,,,,,,,,,,,,,,,,,,,,,,,,,,,,,,
43,25,7,5,S66,False,20,0,20,20,0,0,0,0,0,"['B674', 'B115', 'B726', 'B678', 'B595', 'B123', 'B139', 'B617', 'B49', 'B13', 'B690', 'B749', 'B160', 'B216', 'B344', 'B246', 'B116', 'B54', 'B239', 'B757']",10.0,S46,5.15,0,0,0,0.0,,-0.595945,-14.316116,-14.91206,False,False,12,S58,True,8,3.0205,delivery,,,,,,,,,,,,,,,,,,,,,,,,,,,,,,,,,,,,,,,,,,,,,,,,,,,,
43,25,7,20,S46,False,0,0,0,0,15,0,1,0,0,"['B685', 'B485', 'B656', 'B69', 'B416', 'B46', 'B323', 'B521', 'B680', 'B751', 'B409', 'B664', 'B163', 'B245', 'B298', 'B339']",8.0,S12,5.14,15,1,16,0.0,,-0.778769,-14.418582,-15.197351,True,True,36,S58,True,21,6.6227,pickup+depot_removal,,,,,,,,,,,,,,,,,,,,,,,,,,,,,,,,,,,,,,,,,,,,,,,,,,,,
43,25,7,33,S12,False,15,1,16,13,0,0,0,0,0,"['B685', 'B485', 'B656', 'B69', 'B416', 'B46', 'B323', 'B521', 'B680', 'B751', 'B409', 'B664', 'B163']",6.5,S54,8.01,2,1,3,0.0,,-0.665212,-13.90903,-14.574243,False,False,18,S62,True,10,3.2955,delivery,,,,,,,,,,,,,,,,,,,,,,,,,,,,,,,,,,,,,,,,,,,,,,,,,,,,
43,25,7,48,S54,False,2,1,3,0,13,0,0,0,0,"['B196', 'B643', 'B248', 'B80', 'B184', 'B183', 'B758', 'B645', 'B388', 'B442', 'B185', 'B64', 'B710']",6.5,S62,2.78,15,1,16,0.0,,-0.337815,-13.766909,-14.104724,False,False,18,S57,True,14,3.3396,pickup,,,,,,,,,,,,,,,,,,,,,,,,,,,,,,,,,,,,,,,,,,,,,,,,,,,,
43,25,7,57,S62,False,15,1,16,15,0,0,0,0,0,"['B245', 'B298', 'B196', 'B643', 'B248', 'B80', 'B184', 'B183', 'B758', 'B645', 'B388', 'B442', 'B185', 'B64', 'B710']",7.5,S37,2.6,0,1,1,0.0,,-0.307777,-13.646171,-13.953948,False,False,12,S63,True,6,2.5336,delivery,,,,,,,,,,,,,,,,,,,,,,,,,,,,,,,,,,,,,,,,,,,,,,,,,,,,
43,25,8,7,S37,False,0,1,1,0,19,0,0,0,0,"['B263', 'B585', 'B150', 'B394', 'B266', 'B22', 'B558', 'B215', 'B457', 'B391', 'B509', 'B591', 'B522', 'B587', 'B536', 'B635', 'B321', 'B147', 'B495']",9.5,S26,7.79,19,1,20,0.0,,-0.302959,-13.580735,-13.883694,False,False,18,S26,True,6,3.6892,pickup,,,,,,,,,,,,,,,,,,,,,,,,,,,,,,,,,,,,,,,,,,,,,,,,,,,,
43,25,8,25,S26,False,19,1,20,19,0,0,0,0,0,"['B263', 'B585', 'B150', 'B394', 'B266', 'B22', 'B558', 'B215', 'B457', 'B391', 'B509', 'B591', 'B522', 'B587', 'B536', 'B635', 'B321', 'B147', 'B495']",9.5,S63,7.98,0,1,1,0.0,,-0.431697,-13.659377,-14.091074,False,False,12,S31,True,6,2.3037,delivery,,,,,,,,,,,,,,,,,,,,,,,,,,,,,,,,,,,,,,,,,,,,,,,,,,,,
43,25,8,42,S63,False,0,1,1,0,16,0,0,0,0,"['B212', 'B425', 'B419', 'B660', 'B717', 'B236', 'B172', 'B280', 'B725', 'B720', 'B241', 'B629', 'B640', 'B744', 'B470', 'B350']",8.0,S31,4.21,16,1,17,0.0,,-0.34204,-13.749125,-14.091165,False,False,18,S16,True,6,3.5148,pickup,,,,,,,,,,,,,,,,,,,,,,,,,,,,,,,,,,,,,,,,,,,,,,,,,,,,
43,25,8,54,S31,False,16,1,17,16,0,0,0,0,0,"['B212', 'B425', 'B419', 'B660', 'B717', 'B236', 'B172', 'B280', 'B725', 'B720', 'B241', 'B629', 'B640', 'B744', 'B470', 'B350']",8.0,S58,3.21,0,1,1,0.0,,-0.386907,-13.679564,-14.06647,False,False,12,S58,False,9,2.4702,delivery,,,,,,,,,,,,,,,,,,,,,,,,,,,,,,,,,,,,,,,,,,,,,,,,,,,,
43,25,9,5,S58,False,0,1,1,0,16,0,0,0,0,"['B577', 'B152', 'B741', 'B195', 'B718', 'B110', 'B700', 'B27', 'B122', 'B538', 'B571', 'B748', 'B367', 'B402', 'B101', 'B232']",8.0,S65,6.14,16,1,17,0.0,,-0.322443,-13.625533,-13.947976,False,False,18,S51,True,8,4.1963,pickup,,,,,,,,,,,,,,,,,,,,,,,,,,,,,,,,,,,,,,,,,,,,,,,,,,,,
43,25,9,20,S65,False,16,1,17,15,0,0,0,0,0,"['B577', 'B152', 'B741', 'B195', 'B718', 'B110', 'B700', 'B27', 'B122', 'B538', 'B571', 'B748', 'B367', 'B402', 'B101']",7.5,S39,5.08,1,1,2,0.0,,-0.436793,-13.508366,-13.945159,False,False,18,S15,True,12,3.9136,delivery,,,,,,,,,,,,,,,,,,,,,,,,,,,,,,,,,,,,,,,,,,,,,,,,,,,,
43,25,9,32,S39,False,1,1,2,0,18,0,0,0,0,"['B255', 'B386', 'B427', 'B157', 'B404', 'B361', 'B654', 'B647', 'B602', 'B351', 'B85', 'B510', 'B408', 'B570', 'B275', 'B724', 'B599', 'B77']",9.0,S9,9.86,19,1,20,0.0,,-0.312707,-13.215237,-13.527944,True,False,18,S30,True,16,5.1144,pickup,,,,,,,,,,,,,,,,,,,,,,,,,,,,,,,,,,,,,,,,,,,,,,,,,,,,
43,25,9,51,S9,False,19,1,20,7,0,0,3,0,0,"['B320', 'B418', 'B435', 'B232', 'B255', 'B386', 'B427', 'B157', 'B404', 'B361']",5.0,S51,3.47,12,4,16,0.0,,-0.168951,-13.143872,-13.312823,True,True,54,S15,True,48,9.0268,delivery+depot_removal,,,,,,,,,,,,,,,,,,,,,,,,,,,,,,,,,,,,,,,,,,,,,,,,,,,,
43,25,9,59,S51,False,12,4,16,12,0,0,0,0,0,"['B654', 'B647', 'B602', 'B351', 'B85', 'B510', 'B408', 'B570', 'B275', 'B724', 'B599', 'B77']",6.0,S28,16.62,0,4,4,0.0,,-0.208359,-13.125447,-13.333806,False,False,12,S16,True,6,3.0683,delivery,,,,,,,,,,,,,,,,,,,,,,,,,,,,,,,,,,,,,,,,,,,,,,,,,,,,
43,25,10,22,S28,False,0,4,4,0,15,0,0,0,0,"['B202', 'B200', 'B224', 'B479', 'B707', 'B586', 'B18', 'B112', 'B254', 'B691', 'B286', 'B735', 'B532', 'B624', 'B545']",7.5,S15,9.29,15,4,19,0.0,,-0.183731,-13.19466,-13.378391,False,False,18,S22,True,8,4.6539,pickup,,,,,,,,,,,,,,,,,,,,,,,,,,,,,,,,,,,,,,,,,,,,,,,,,,,,
43,25,10,39,S15,False,15,4,19,15,0,0,0,0,0,"['B202', 'B200', 'B224', 'B479', 'B707', 'B586', 'B18', 'B112', 'B254', 'B691', 'B286', 'B735', 'B532', 'B624', 'B545']",7.5,S38,6.4,0,4,4,0.0,,-0.293011,-13.472622,-13.765632,False,False,18,S34,True,16,4.9001,delivery,,,,,,,,,,,,,,,,,,,,,,,,,,,,,,,,,,,,,,,,,,,,,,,,,,,,
43,25,10,53,S38,False,0,4,4,0,9,0,0,0,0,"['B715', 'B124', 'B154', 'B71', 'B91', 'B146', 'B329', 'B50', 'B258']",4.5,S16,3.2,9,4,13,0.0,,-0.25315,-13.57216,-13.825309,False,False,18,S16,False,16,4.1109,pickup,,,,,,,,,,,,,,,,,,,,,,,,,,,,,,,,,,,,,,,,,,,,,,,,,,,,
43,25,11,1,S16,False,9,4,13,0,7,0,0,0,0,"['B553', 'B557', 'B451', 'B279', 'B242', 'B704', 'B76']",3.5,S46,1.33,16,4,20,0.0,,-0.317928,-13.590339,-13.908267,False,False,12,S48,True,6,3.2421,pickup,,,,,,,,,,,,,,,,,,,,,,,,,,,,,,,,,,,,,,,,,,,,,,,,,,,,
43,25,11,5,S46,False,16,4,20,14,0,0,1,0,0,"['B272', 'B715', 'B124', 'B154', 'B71', 'B91', 'B146', 'B329', 'B50', 'B258', 'B553', 'B557', 'B451', 'B279', 'B242']",7.5,S37,2.79,2,5,7,0.0,,-0.16363,-13.540553,-13.704183,True,True,30,S34,True,25,6.7977,delivery+depot_removal,,,,,,,,,,,,,,,,,,,,,,,,,,,,,,,,,,,,,,,,,,,,,,,,,,,,
43,25,11,16,S37,False,2,5,7,0,13,0,0,0,0,"['B66', 'B319', 'B468', 'B473', 'B177', 'B596', 'B348', 'B39', 'B561', 'B540', 'B181', 'B526', 'B208']",6.5,S35,7.89,15,5,20,0.0,,-0.139027,-13.559088,-13.698115,False,False,12,S48,True,8,3.0415,pickup,,,,,,,,,,,,,,,,,,,,,,,,,,,,,,,,,,,,,,,,,,,,,,,,,,,,
43,25,11,30,S35,False,15,5,20,13,0,1,1,0,0,"['B173', 'B704', 'B76', 'B66', 'B319', 'B468', 'B473', 'B177', 'B596', 'B348', 'B39', 'B561', 'B540', 'B181']",10.0,S41,9.63,2,6,8,0.0,,-0.094123,-13.536912,-13.631035,True,True,60,S34,True,58,10.096,delivery+maintenance,,,,,,,,,,,,,,,,,,,,,,,,,,,,,,,,,,,,,,,,,,,,,,,,,,,,
43,25,11,50,S41,False,2,6,8,0,12,0,0,0,0,"['B528', 'B673', 'B233', 'B340', 'B436', 'B424', 'B429', 'B618', 'B549', 'B653', 'B723', 'B411']",6.0,S54,6.96,14,6,20,0.0,,-0.263112,-13.728284,-13.991396,False,False,12,S22,True,9,2.227,pickup,,,,,,,,,,,,,,,,,,,,,,,,,,,,,,,,,,,,,,,,,,,,,,,,,,,,
43,25,12,3,S54,False,14,6,20,14,0,0,0,0,0,"['B526', 'B208', 'B528', 'B673', 'B233', 'B340', 'B436', 'B424', 'B429', 'B618', 'B549', 'B653', 'B723', 'B411']",7.0,S12,8.01,0,6,6,0.0,,-0.292683,-13.915568,-14.208251,False,False,12,S57,True,6,2.7842,delivery,,,,,,,,,,,,,,,,,,,,,,,,,,,,,,,,,,,,,,,,,,,,,,,,,,,,
43,25,12,18,S12,False,0,6,6,0,14,0,0,0,0,"['B416', 'B46', 'B323', 'B521', 'B680', 'B751', 'B409', 'B664', 'B163', 'B376', 'B520', 'B632', 'B192', 'B274']",7.0,S26,13.22,14,6,20,0.0,,-0.248081,-13.896154,-14.144235,False,False,12,S26,False,6,2.6645,pickup,,,,,,,,,,,,,,,,,,,,,,,,,,,,,,,,,,,,,,,,,,,,,,,,,,,,
43,25,12,38,S26,False,14,6,20,14,0,0,0,0,0,"['B416', 'B46', 'B323', 'B521', 'B680', 'B751', 'B409', 'B664', 'B163', 'B376', 'B520', 'B632', 'B192', 'B274']",7.0,S66,5.64,0,6,6,0.0,,-0.148562,-13.647725,-13.796287,False,False,12,S27,True,6,2.5799,delivery,,,,,,,,,,,,,,,,,,,,,,,,,,,,,,,,,,,,,,,,,,,,,,,,,,,,
43,25,12,50,S66,False,0,6,6,0,14,0,0,0,0,"['B188', 'B326', 'B322', 'B345', 'B185', 'B475', 'B625', 'B150', 'B598', 'B59', 'B125', 'B310', 'B394', 'B745']",7.0,S29,6.29,14,6,20,0.0,,-0.26276,-13.79104,-14.0538,False,False,12,S29,False,6,2.7639,pickup,,,,,,,,,,,,,,,,,,,,,,,,,,,,,,,,,,,,,,,,,,,,,,,,,,,,
43,25,13,4,S29,False,14,6,20,14,0,0,0,0,0,"['B188', 'B326', 'B322', 'B345', 'B185', 'B475', 'B625', 'B150', 'B598', 'B59', 'B125', 'B310', 'B394', 'B745']",7.0,S18,6.89,0,6,6,0.0,,-0.39224,-13.790018,-14.182258,False,False,12,S57,True,8,3.4094,delivery,,,,,,,,,,,,,,,,,,,,,,,,,,,,,,,,,,,,,,,,,,,,,,,,,,,,
43,25,13,18,S18,False,0,6,6,0,9,0,1,0,0,"['B648', 'B446', 'B514', 'B579', 'B379', 'B497', 'B288', 'B209', 'B699', 'B406']",5.0,S52,2.22,9,7,16,0.0,,-0.571721,-13.840704,-14.412425,True,True,36,S40,True,33,7.1316,pickup+depot_removal,,,,,,,,,,,,,,,,,,,,,,,,,,,,,,,,,,,,,,,,,,,,,,,,,,,,
43,25,13,25,S52,False,9,7,16,9,0,0,1,0,0,"['B374', 'B648', 'B446', 'B514', 'B579', 'B379', 'B497', 'B288', 'B209', 'B699']",5.0,S40,2.21,0,8,8,0.0,,-0.551027,-13.726367,-14.277395,True,True,24,S40,False,18,4.1983,delivery+depot_removal,,,,,,,,,,,,,,,,,,,,,,,,,,,,,,,,,,,,,,,,,,,,,,,,,,,,
43,25,13,32,S40,False,0,8,8,0,12,0,0,0,0,"['B47', 'B42', 'B689', 'B498', 'B23', 'B299', 'B535', 'B68', 'B182', 'B565', 'B262', 'B312']",6.0,S57,4.79,12,8,20,0.0,,-0.347474,-13.502367,-13.849841,False,False,12,S29,True,9,2.6004,pickup,,,,,,,,,,,,,,,,,,,,,,,,,,,,,,,,,,,,,,,,,,,,,,,,,,,,
43,25,13,43,S57,False,12,8,20,12,0,0,0,0,0,"['B47', 'B42', 'B689', 'B498', 'B23', 'B299', 'B535', 'B68', 'B182', 'B565', 'B262', 'B312']",6.0,S54,2.65,0,8,8,0.0,,-0.650649,-13.514009,-14.164657,False,False,12,S43,True,6,2.1748,delivery,,,,,,,,,,,,,,,,,,,,,,,,,,,,,,,,,,,,,,,,,,,,,,,,,,,,
43,25,13,52,S54,False,0,8,8,0,12,0,0,0,0,"['B233', 'B340', 'B436', 'B424', 'B429', 'B618', 'B549', 'B653', 'B723', 'B411', 'B741', 'B553']",6.0,S29,1.43,12,8,20,0.0,,-0.501508,-13.404888,-13.906396,False,False,12,S29,False,6,2.9317,pickup,,,,,,,,,,,,,,,,,,,,,,,,,,,,,,,,,,,,,,,,,,,,,,,,,,,,
43,25,13,59,S29,False,12,8,20,12,0,0,0,0,0,"['B233', 'B340', 'B436', 'B424', 'B429', 'B618', 'B549', 'B653', 'B723', 'B411', 'B741', 'B553']",6.0,S51,7.57,0,8,8,0.0,,-0.709703,-13.408211,-14.117915,False,False,12,S44,True,6,2.8654,delivery,,,,,,,,,,,,,,,,,,,,,,,,,,,,,,,,,,,,,,,,,,,,,,,,,,,,
43,25,14,13,S51,False,0,8,8,0,12,0,0,0,0,"['B105', 'B261', 'B298', 'B642', 'B460', 'B37', 'B425', 'B259', 'B140', 'B104', 'B729', 'B450']",6.0,S35,8.32,12,8,20,0.0,,-0.555794,-13.434855,-13.99065,False,False,18,S16,True,8,4.2409,pickup,,,,,,,,,,,,,,,,,,,,,,,,,,,,,,,,,,,,,,,,,,,,,,,,,,,,
43,25,14,27,S35,False,12,8,20,12,0,0,0,0,0,"['B105', 'B261', 'B298', 'B642', 'B460', 'B37', 'B425', 'B259', 'B140', 'B104', 'B729', 'B450']",6.0,S13,16.28,0,8,8,0.0,,-0.510714,-13.460738,-13.971452,True,False,24,S32,True,13,4.9164,delivery,,,,,,,,,,,,,,,,,,,,,,,,,,,,,,,,,,,,,,,,,,,,,,,,,,,,
43,25,14,49,S13,False,0,8,8,0,12,1,0,0,0,"['B148', 'B683', 'B29', 'B358', 'B113', 'B267', 'B95', 'B413', 'B196', 'B568', 'B610', 'B309']",9.0,S39,8.67,12,8,20,0.0,,-0.531859,-13.561689,-14.093548,True,True,36,S51,True,30,7.549,pickup+onsite,,,,,,,,,,,,,,,,,,,,,,,,,,,,,,,,,,,,,,,,,,,,,,,,,,,,
43,25,15,7,S39,False,12,8,20,12,0,0,1,0,0,"['B40', 'B148', 'B683', 'B29', 'B358', 'B113', 'B267', 'B95', 'B413', 'B196', 'B568', 'B610', 'B309']",6.5,S51,7.16,0,9,9,0.0,,-0.739879,-13.694938,-14.434816,True,True,18,S51,False,12,3.4888,delivery+depot_removal,,,,,,,,,,,,,,,,,,,,,,,,,,,,,,,,,,,,,,,,,,,,,,,,,,,,
43,25,15,20,S51,False,0,9,9,0,11,0,0,0,0,"['B493', 'B719', 'B717', 'B705', 'B458', 'B757', 'B251', 'B15', 'B593', 'B186', 'B496']",5.5,S43,3.12,11,9,20,0.0,,-0.784077,-13.555342,-14.339419,False,False,12,S66,True,9,2.421,pickup,,,,,,,,,,,,,,,,,,,,,,,,,,,,,,,,,,,,,,,,,,,,,,,,,,,,
43,25,15,29,S43,False,11,9,20,11,0,0,0,0,0,"['B493', 'B719', 'B717', 'B705', 'B458', 'B757', 'B251', 'B15', 'B593', 'B186', 'B496']",5.5,S31,4.35,0,9,9,0.0,,-0.724356,-13.432905,-14.157261,False,False,12,S26,True,8,2.4411,delivery,,,,,,,,,,,,,,,,,,,,,,,,,,,,,,,,,,,,,,,,,,,,,,,,,,,,
43,25,15,39,S31,False,0,9,9,0,11,0,0,0,0,"['B110', 'B6', 'B162', 'B78', 'B32', 'B91', 'B471', 'B573', 'B39', 'B440', 'B710']",5.5,S26,6.02,11,9,20,0.0,,-0.436817,-13.386108,-13.822925,False,False,12,S66,True,6,2.4056,pickup,,,,,,,,,,,,,,,,,,,,,,,,,,,,,,,,,,,,,,,,,,,,,,,,,,,,
43,25,15,50,S26,False,11,9,20,11,0,0,0,0,0,"['B110', 'B6', 'B162', 'B78', 'B32', 'B91', 'B471', 'B573', 'B39', 'B440', 'B710']",5.5,S55,6.67,0,9,9,0.0,,-0.272621,-13.248386,-13.521007,False,False,12,S22,True,9,2.3967,delivery,,,,,,,,,,,,,,,,,,,,,,,,,,,,,,,,,,,,,,,,,,,,,,,,,,,,
43,25,16,3,S55,False,0,9,9,0,11,0,0,0,0,"['B556', 'B698', 'B288', 'B348', 'B490', 'B335', 'B597', 'B258', 'B450', 'B124', 'B498']",5.5,S29,2.12,11,9,20,0.0,,-0.193567,-13.099565,-13.293132,True,False,18,S32,True,12,3.098,pickup,,,,,,,,,,,,,,,,,,,,,,,,,,,,,,,,,,,,,,,,,,,,,,,,,,,,
43,25,16,10,S29,False,11,9,20,11,0,0,0,0,0,"['B556', 'B698', 'B288', 'B348', 'B490', 'B335', 'B597', 'B258', 'B450', 'B124', 'B498']",5.5,S32,3.29,0,9,9,0.0,,-0.322544,-13.026165,-13.348709,False,False,12,S18,True,6,2.0496,delivery,,,,,,,,,,,,,,,,,,,,,,,,,,,,,,,,,,,,,,,,,,,,,,,,,,,,
43,25,16,19,S32,False,0,9,9,0,11,0,0,0,0,"['B51', 'B347', 'B422', 'B740', 'B285', 'B661', 'B282', 'B100', 'B414', 'B229', 'B149']",5.5,S52,3.72,11,9,20,0.0,,-0.387423,-13.123331,-13.510754,False,False,12,S54,True,8,2.0468,pickup,,,,,,,,,,,,,,,,,,,,,,,,,,,,,,,,,,,,,,,,,,,,,,,,,,,,
43,25,16,28,S52,False,11,9,20,11,0,0,0,0,0,"['B51', 'B347', 'B422', 'B740', 'B285', 'B661', 'B282', 'B100', 'B414', 'B229', 'B149']",5.5,S66,3.13,0,9,9,0.0,,-0.361951,-13.079606,-13.441557,False,False,12,S41,True,7,2.0714,delivery,,,,,,,,,,,,,,,,,,,,,,,,,,,,,,,,,,,,,,,,,,,,,,,,,,,,
43,25,16,37,S66,False,0,9,9,0,10,0,0,0,0,"['B150', 'B753', 'B163', 'B14', 'B536', 'B376', 'B642', 'B202', 'B192', 'B468']",5.0,S54,5.58,10,9,19,0.0,,-0.337475,-13.133973,-13.471447,False,False,18,S18,True,15,3.2429,pickup,,,,,,,,,,,,,,,,,,,,,,,,,,,,,,,,,,,,,,,,,,,,,,,,,,,,
43,25,16,47,S54,False,10,9,19,10,0,0,0,0,0,"['B150', 'B753', 'B163', 'B14', 'B536', 'B376', 'B642', 'B202', 'B192', 'B468']",5.0,S41,6.96,0,9,9,0.0,,-0.252911,-12.897857,-13.150768,False,False,12,S34,True,9,2.1788,delivery,,,,,,,,,,,,,,,,,,,,,,,,,,,,,,,,,,,,,,,,,,,,,,,,,,,,
43,25,16,59,S41,False,0,9,9,0,11,0,0,0,0,"['B651', 'B353', 'B575', 'B766', 'B729', 'B111', 'B700', 'B637', 'B388', 'B530', 'B194']",5.5,S18,2.33,11,9,20,0.0,,-0.293099,-13.001643,-13.294742,False,False,12,S22,True,6,2.3041,pickup,,,,,,,,,,,,,,,,,,,,,,,,,,,,,,,,,,,,,,,,,,,,,,,,,,,,
43,25,17,7,S18,False,11,9,20,11,0,0,0,0,0,"['B651', 'B353', 'B575', 'B766', 'B729', 'B111', 'B700', 'B637', 'B388', 'B530', 'B194']",5.5,S22,5.73,0,9,9,0.0,,-0.188787,-12.868347,-13.057135,False,False,12,S31,True,8,2.2073,delivery,,,,,,,,,,,,,,,,,,,,,,,,,,,,,,,,,,,,,,,,,,,,,,,,,,,,
43,25,17,18,S22,False,0,9,9,0,11,0,0,0,0,"['B444', 'B595', 'B135', 'B96', 'B726', 'B579', 'B515', 'B212', 'B660', 'B379', 'B701']",5.5,S38,6.7,11,9,20,0.0,,-0.158775,-12.929469,-13.088244,False,False,12,S38,False,6,2.2388,pickup,,,,,,,,,,,,,,,,,,,,,,,,,,,,,,,,,,,,,,,,,,,,,,,,,,,,
43,25,17,31,S38,False,11,9,20,11,0,0,0,0,0,"['B444', 'B595', 'B135', 'B96', 'B726', 'B579', 'B515', 'B212', 'B660', 'B379', 'B701']",5.5,S47,4.38,0,9,9,0.0,,-0.119116,-12.801306,-12.920422,False,False,12,S35,True,8,2.3861,delivery,,,,,,,,,,,,,,,,,,,,,,,,,,,,,,,,,,,,,,,,,,,,,,,,,,,,
43,25,17,41,S47,False,0,9,9,0,11,0,0,0,0,"['B89', 'B442', 'B10', 'B28', 'B64', 'B657', 'B169', 'B636', 'B360', 'B138', 'B734']",5.5,S33,5.84,11,9,20,0.0,,-0.069419,-12.71131,-12.780729,True,False,18,S61,True,16,3.4162,pickup,,,,,,,,,,,,,,,,,,,,,,,,,,,,,,,,,,,,,,,,,,,,,,,,,,,,
43,25,17,52,S33,False,11,9,20,9,0,0,1,0,0,"['B206', 'B89', 'B442', 'B10', 'B28', 'B64', 'B657', 'B169', 'B636', 'B360']",5.0,S61,2.17,2,10,12,0.0,,-0.064678,-12.739475,-12.804153,True,True,30,S34,True,14,5.3691,delivery+depot_removal,,,,,,,,,,,,,,,,,,,,,,,,,,,,,,,,,,,,,,,,,,,,,,,,,,,,
43,25,17,59,S61,False,2,10,12,0,8,0,0,0,0,"['B487', 'B182', 'B322', 'B521', 'B359', 'B72', 'B678', 'B621']",4.0,S34,4.15,10,10,20,0.0,,-0.054476,-12.684485,-12.738961,False,False,12,S34,False,6,2.2694,pickup,,,,,,,,,,,,,,,,,,,,,,,,,,,,,,,,,,,,,,,,,,,,,,,,,,,,
43,25,18,7,S34,False,10,10,20,10,0,0,0,0,0,"['B138', 'B734', 'B487', 'B182', 'B322', 'B521', 'B359', 'B72', 'B678', 'B621']",5.0,S60,5.52,0,10,10,0.0,,-0.009924,-12.651139,-12.661063,False,False,12,S31,True,7,2.3612,delivery,,,,,,,,,,,,,,,,,,,,,,,,,,,,,,,,,,,,,,,,,,,,,,,,,,,,
43,25,18,18,S60,False,0,10,10,0,10,0,0,0,0,"['B116', 'B426', 'B416', 'B222', 'B638', 'B152', 'B164', 'B522', 'B716', 'B712']",5.0,S27,3.14,10,10,20,0.0,,-0.029836,-12.583652,-12.613487,False,False,12,S12,True,6,2.263,pickup,,,,,,,,,,,,,,,,,,,,,,,,,,,,,,,,,,,,,,,,,,,,,,,,,,,,
43,25,18,26,S27,False,10,10,20,10,0,0,0,0,0,"['B116', 'B426', 'B416', 'B222', 'B638', 'B152', 'B164', 'B522', 'B716', 'B712']",5.0,S31,2.27,0,10,10,0.0,,-0.039672,-12.427443,-12.467115,False,False,12,S31,False,6,2.284,delivery,,,,,,,,,,,,,,,,,,,,,,,,,,,,,,,,,,,,,,,,,,,,,,,,,,,,
43,25,18,33,S31,False,0,10,10,0,10,0,0,0,0,"['B306', 'B687', 'B215', 'B356', 'B606', 'B752', 'B205', 'B582', 'B451', 'B355']",5.0,S39,3.72,10,10,20,0.0,,-0.03976,-12.648116,-12.687876,False,False,12,S48,True,7,2.3005,pickup,,,,,,,,,,,,,,,,,,,,,,,,,,,,,,,,,,,,,,,,,,,,,,,,,,,,
43,25,18,42,S39,False,10,10,20,10,0,0,0,0,0,"['B306', 'B687', 'B215', 'B356', 'B606', 'B752', 'B205', 'B582', 'B451', 'B355']",5.0,S2,6.13,0,10,10,0.0,,-0.029836,-12.632401,-12.662237,False,False,12,S3,True,9,2.3516,delivery,,,,,,,,,,,,,,,,,,,,,,,,,,,,,,,,,,,,,,,,,,,,,,,,,,,,
43,25,18,53,S2,False,0,10,10,0,10,0,0,0,0,"['B410', 'B393', 'B8', 'B307', 'B217', 'B70', 'B87', 'B614', 'B12', 'B732']",5.0,S55,9.64,10,10,20,0.0,,-0.034703,-12.611587,-12.646291,False,False,12,S31,True,6,2.1035,pickup,,,,,,,,,,,,,,,,,,,,,,,,,,,,,,,,,,,,,,,,,,,,,,,,,,,,
43,25,19,8,S55,False,10,10,20,10,0,0,1,0,0,"['B375', 'B410', 'B393', 'B8', 'B307', 'B217', 'B70', 'B87', 'B614', 'B12', 'B732']",5.5,S12,7.23,0,11,11,0.0,,-0.009886,-12.626821,-12.636708,True,True,18,S11,True,16,3.2852,delivery+depot_removal,,,,,,,,,,,,,,,,,,,,,,,,,,,,,,,,,,,,,,,,,,,,,,,,,,,,
43,25,19,20,S12,False,0,11,11,0,9,0,0,0,0,"['B516', 'B129', 'B161', 'B279', 'B741', 'B283', 'B119', 'B372', 'B46']",4.5,S11,12.45,9,11,20,0.0,,-0.024829,-12.588896,-12.613726,True,False,18,S16,True,12,3.2023,pickup,,,,,,,,,,,,,,,,,,,,,,,,,,,,,,,,,,,,,,,,,,,,,,,,,,,,
43,25,19,37,S11,False,9,11,20,9,0,0,0,0,0,"['B516', 'B129', 'B161', 'B279', 'B741', 'B283', 'B119', 'B372', 'B46']",4.5,S29,4.25,0,11,11,0.0,,-0.049571,-12.9538,-13.00337,False,False,10,S42,True,7,2.0593,delivery,,,,,,,,,,,,,,,,,,,,,,,,,,,,,,,,,,,,,,,,,,,,,,,,,,,,
43,25,19,46,S29,False,0,11,11,0,9,0,0,0,0,"['B348', 'B490', 'B335', 'B597', 'B258', 'B450', 'B124', 'B498', 'B305']",4.5,D0,2.43,9,11,20,0.0,,-0.049596,-13.215329,-13.264925,False,False,2,D0,False,1,0.3874,pickup,,,,,,,,,,,,,,,,,,,,,,,,,,,,,,,,,,,,,,,,,,,,,,,,,,,,
43,25,19,53,D0,True,9,11,20,0,0,0,0,11,0,"['B339', 'B320', 'B418', 'B435', 'B272', 'B173', 'B406', 'B374', 'B40', 'B206', 'B375']",5.5,D0,0.0,9,0,9,0.0,,-0.07445,-13.238956,-13.313406,True,True,1,D0,False,0,0.1987,do_nothing,,,,,,,,,,,,,,,,,,,,,,,,,,,,,,,,,,,,,,,,,,,,,,,,,,,,
43,26,6,14,D0,True,9,0,9,0,0,0,0,0,11,"['B244', 'B513', 'B109', 'B365', 'B682', 'B589', 'B9', 'B765', 'B158', 'B588', 'B30']",5.5,S48,4.23,20,0,20,0.0,,-0.034842,-13.235827,-13.270669,True,True,5,S42,True,0,1.6711,load_queue,,,,,,,,,,,,,,,,,,,,,,,,,,,,,,,,,,,,,,,,,,,,,,,,,,,,
43,26,6,38,S48,False,20,0,20,15,0,0,0,0,0,"['B348', 'B490', 'B335', 'B597', 'B258', 'B450', 'B124', 'B498', 'B305', 'B244', 'B513', 'B109', 'B365', 'B682', 'B589']",7.5,S43,3.81,5,0,5,0.0,,-0.019848,-12.76324,-12.783088,False,False,18,S32,True,15,4.0714,delivery,,,,,,,,,,,,,,,,,,,,,,,,,,,,,,,,,,,,,,,,,,,,,,,,,,,,
43,26,6,50,S43,False,5,0,5,0,15,0,0,0,0,"['B75', 'B260', 'B239', 'B235', 'B465', 'B378', 'B315', 'B131', 'B146', 'B219', 'B29', 'B88', 'B358', 'B344', 'B63']",7.5,S42,8.57,20,0,20,0.0,,-0.014867,-12.738561,-12.753428,False,False,12,S42,False,9,3.12,pickup,,,,,,,,,,,,,,,,,,,,,,,,,,,,,,,,,,,,,,,,,,,,,,,,,,,,
43,26,7,6,S42,False,20,0,20,11,0,2,0,0,0,"['B9', 'B765', 'B158', 'B588', 'B30', 'B75', 'B260', 'B239', 'B235', 'B465', 'B378']",11.5,S32,5.23,9,0,9,0.0,,-0.014956,-12.659529,-12.674485,True,True,54,S32,False,32,12.4344,delivery+onsite,,,,,,,,,,,,,,,,,,,,,,,,,,,,,,,,,,,,,,,,,,,,,,,,,,,,
43,26,7,22,S32,False,9,0,9,9,0,1,0,0,0,"['B315', 'B131', 'B146', 'B219', 'B29', 'B88', 'B358', 'B344', 'B63']",7.5,S37,4.74,0,0,0,0.0,,-0.034729,-12.655508,-12.690237,True,True,24,S52,True,18,4.4595,delivery+onsite,,,,,,,,,,,,,,,,,,,,,,,,,,,,,,,,,,,,,,,,,,,,,,,,,,,,
43,26,7,35,S37,False,0,0,0,0,20,0,0,0,0,"['B247', 'B718', 'B503', 'B252', 'B234', 'B56', 'B664', 'B196', 'B429', 'B523', 'B130', 'B583', 'B566', 'B349', 'B250', 'B257', 'B667', 'B191', 'B394', 'B740']",10.0,S65,5.89,20,0,20,0.0,,-0.034716,-12.960846,-12.995562,True,False,18,S65,False,12,3.6273,pickup,,,,,,,,,,,,,,,,,,,,,,,,,,,,,,,,,,,,,,,,,,,,,,,,,,,,
43,26,7,50,S65,False,20,0,20,17,0,0,0,0,0,"['B247', 'B718', 'B503', 'B252', 'B234', 'B56', 'B664', 'B196', 'B429', 'B523', 'B130', 'B583', 'B566', 'B349', 'B250', 'B257', 'B667']",8.5,S52,6.18,3,0,3,0.0,,-0.014943,-12.906746,-12.921689,False,False,18,S24,True,6,3.9354,delivery,,,,,,,,,,,,,,,,,,,,,,,,,,,,,,,,,,,,,,,,,,,,,,,,,,,,
43,26,8,5,S52,False,3,0,3,0,13,0,0,0,0,"['B352', 'B744', 'B652', 'B228', 'B11', 'B402', 'B281', 'B534', 'B395', 'B411', 'B282', 'B312', 'B115']",6.5,S26,7.0,16,0,16,0.0,,-0.009924,-12.91193,-12.921854,False,False,18,S31,True,6,3.8108,pickup,,,,,,,,,,,,,,,,,,,,,,,,,,,,,,,,,,,,,,,,,,,,,,,,,,,,
43,26,8,19,S26,False,16,0,16,16,0,0,0,0,0,"['B191', 'B394', 'B740', 'B352', 'B744', 'B652', 'B228', 'B11', 'B402', 'B281', 'B534', 'B395', 'B411', 'B282', 'B312', 'B115']",8.0,S31,6.02,0,0,0,0.0,,-0.004931,-12.989404,-12.994334,False,False,18,S4,True,6,3.186,delivery,,,,,,,,,,,,,,,,,,,,,,,,,,,,,,,,,,,,,,,,,,,,,,,,,,,,
43,26,8,33,S31,False,0,0,0,0,20,0,0,0,0,"['B172', 'B425', 'B409', 'B653', 'B430', 'B464', 'B650', 'B84', 'B137', 'B690', 'B697', 'B232', 'B317', 'B508', 'B338', 'B581', 'B617', 'B444', 'B564', 'B526']",10.0,S22,4.51,20,0,20,0.0,,-0.029773,-12.791627,-12.8214,False,False,12,S2,True,8,2.7267,pickup,,,,,,,,,,,,,,,,,,,,,,,,,,,,,,,,,,,,,,,,,,,,,,,,,,,,
43,26,8,47,S22,False,20,0,20,11,0,0,0,0,0,"['B172', 'B425', 'B409', 'B653', 'B430', 'B464', 'B650', 'B84', 'B137', 'B690', 'B697']",5.5,S4,6.38,9,0,9,0.0,,-0.029735,-12.899315,-12.92905,False,False,18,S2,True,10,4.3249,delivery,,,,,,,,,,,,,,,,,,,,,,,,,,,,,,,,,,,,,,,,,,,,,,,,,,,,
43,26,8,59,S4,False,9,0,9,0,11,0,0,0,0,"['B49', 'B399', 'B693', 'B632', 'B674', 'B502', 'B326', 'B17', 'B594', 'B199', 'B761']",5.5,S64,1.27,20,0,20,0.0,,-0.099381,-13.042704,-13.142085,False,False,12,S64,False,6,2.9735,pickup,,,,,,,,,,,,,,,,,,,,,,,,,,,,,,,,,,,,,,,,,,,,,,,,,,,,
43,26,9,6,S64,False,20,0,20,7,0,0,0,0,0,"['B232', 'B317', 'B508', 'B338', 'B581', 'B617', 'B444']",3.5,S16,3.36,13,0,13,0.0,,-0.084602,-13.007511,-13.092113,False,False,18,S15,True,16,4.0565,delivery,,,,,,,,,,,,,,,,,,,,,,,,,,,,,,,,,,,,,,,,,,,,,,,,,,,,
43,26,9,13,S16,False,13,0,13,0,7,0,0,0,0,"['B556', 'B319', 'B639', 'B162', 'B659', 'B762', 'B367']",3.5,S35,6.87,20,0,20,0.0,,-0.099205,-12.929252,-13.028457,False,False,12,S35,False,6,3.5619,pickup,,,,,,,,,,,,,,,,,,,,,,,,,,,,,,,,,,,,,,,,,,,,,,,,,,,,
43,26,9,23,S35,False,20,0,20,14,0,2,0,0,0,"['B564', 'B526', 'B49', 'B399', 'B693', 'B632', 'B674', 'B502', 'B326', 'B17', 'B594', 'B199', 'B761', 'B556']",13.0,S58,8.51,6,0,6,0.0,,-0.119066,-12.924932,-13.043998,True,True,54,S15,True,51,12.3945,delivery+onsite,,,,,,,,,,,,,,,,,,,,,,,,,,,,,,,,,,,,,,,,,,,,,,,,,,,,
43,26,9,45,S58,False,6,0,6,0,14,0,0,0,0,"['B544', 'B520', 'B466', 'B92', 'B220', 'B571', 'B145', 'B499', 'B560', 'B629', 'B393', 'B23', 'B721', 'B307']",7.0,S51,4.51,20,0,20,0.0,,-0.258232,-13.100756,-13.358988,False,False,12,S30,True,6,3.4805,pickup,,,,,,,,,,,,,,,,,,,,,,,,,,,,,,,,,,,,,,,,,,,,,,,,,,,,
43,26,9,56,S51,False,20,0,20,12,0,1,1,0,0,"['B225', 'B319', 'B639', 'B162', 'B659', 'B762', 'B367', 'B544', 'B520', 'B466', 'B92', 'B220', 'B571']",9.5,S42,9.5,8,1,9,0.0,,-0.21368,-13.062136,-13.275816,True,True,60,S42,False,33,16.3356,delivery+maintenance,,,,,,,,,,,,,,,,,,,,,,,,,,,,,,,,,,,,,,,,,,,,,,,,,,,,
43,26,10,15,S42,False,8,1,9,8,0,0,0,0,0,"['B145', 'B499', 'B560', 'B629', 'B393', 'B23', 'B721', 'B307']",4.0,S44,8.11,0,1,1,0.0,,-0.238559,-13.078868,-13.317427,False,False,12,S44,False,7,3.3707,delivery,,,,,,,,,,,,,,,,,,,,,,,,,,,,,,,,,,,,,,,,,,,,,,,,,,,,
43,26,10,27,S44,False,0,1,1,0,11,1,0,0,0,"['B699', 'B679', 'B542', 'B527', 'B585', 'B600', 'B74', 'B204', 'B67', 'B41', 'B13']",8.5,S30,5.63,11,1,12,0.0,,-0.129141,-12.894681,-13.023821,True,True,36,S63,True,34,8.8358,pickup+onsite,,,,,,,,,,,,,,,,,,,,,,,,,,,,,,,,,,,,,,,,,,,,,,,,,,,,
43,26,10,41,S30,False,11,1,12,8,0,0,0,0,0,"['B699', 'B679', 'B542', 'B527', 'B585', 'B600', 'B74', 'B204']",4.0,S63,6.1,3,1,4,0.0,,-0.064489,-12.861698,-12.926187,False,False,18,S63,False,6,4.929,delivery,,,,,,,,,,,,,,,,,,,,,,,,,,,,,,,,,,,,,,,,,,,,,,,,,,,,
43,26,10,51,S63,False,3,1,4,0,16,0,0,0,0,"['B342', 'B227', 'B533', 'B325', 'B299', 'B493', 'B427', 'B501', 'B680', 'B656', 'B468', 'B462', 'B97', 'B133', 'B207', 'B453']",8.0,S9,6.89,19,1,20,0.0,,-0.039722,-12.730205,-12.769927,False,False,12,S9,False,8,3.4579,pickup,,,,,,,,,,,,,,,,,,,,,,,,,,,,,,,,,,,,,,,,,,,,,,,,,,,,
43,26,11,6,S9,False,19,1,20,5,0,0,0,0,0,"['B67', 'B41', 'B13', 'B342', 'B227']",2.5,S53,7.35,14,1,15,0.0,,-0.01488,-12.750924,-12.765803,False,False,18,S15,True,6,4.9802,delivery,,,,,,,,,,,,,,,,,,,,,,,,,,,,,,,,,,,,,,,,,,,,,,,,,,,,
43,26,11,16,S53,False,14,1,15,14,0,0,1,0,0,"['B179', 'B533', 'B325', 'B299', 'B493', 'B427', 'B501', 'B680', 'B656', 'B468', 'B462', 'B97', 'B133', 'B207', 'B453']",7.5,S37,3.02,0,2,2,0.0,,-0.01483,-12.662947,-12.677777,True,True,36,S45,True,30,9.0907,delivery+depot_removal,,,,,,,,,,,,,,,,,,,,,,,,,,,,,,,,,,,,,,,,,,,,,,,,,,,,
43,26,11,27,S37,False,0,2,2,0,14,1,0,0,0,"['B217', 'B314', 'B696', 'B150', 'B611', 'B689', 'B240', 'B473', 'B549', 'B711', 'B472', 'B751', 'B211', 'B193']",10.0,S15,4.99,14,2,16,0.0,,-0.02976,-12.691705,-12.721465,True,True,72,S60,True,36,13.7213,pickup+onsite,,,,,,,,,,,,,,,,,,,,,,,,,,,,,,,,,,,,,,,,,,,,,,,,,,,,
43,26,11,42,S15,False,14,2,16,14,0,0,0,0,0,"['B217', 'B314', 'B696', 'B150', 'B611', 'B689', 'B240', 'B473', 'B549', 'B711', 'B472', 'B751', 'B211', 'B193']",7.0,S59,5.67,0,2,2,0.0,,-0.029659,-12.693034,-12.722693,False,False,12,S60,True,9,2.5628,delivery,,,,,,,,,,,,,,,,,,,,,,,,,,,,,,,,,,,,,,,,,,,,,,,,,,,,
43,26,11,54,S59,False,0,2,2,0,12,0,0,0,0,"['B434', 'B424', 'B343', 'B249', 'B324', 'B692', 'B644', 'B58', 'B27', 'B81', 'B52', 'B83']",6.0,S57,8.98,12,2,14,0.0,,-0.074476,-12.71555,-12.790026,False,False,18,S60,True,12,3.8734,pickup,,,,,,,,,,,,,,,,,,,,,,,,,,,,,,,,,,,,,,,,,,,,,,,,,,,,
43,26,12,9,S57,False,12,2,14,11,0,0,0,0,0,"['B434', 'B424', 'B343', 'B249', 'B324', 'B692', 'B644', 'B58', 'B27', 'B81', 'B52']",5.5,S60,9.08,1,2,3,0.0,,-0.044703,-12.761024,-12.805727,False,False,18,S45,True,10,3.8837,delivery,,,,,,,,,,,,,,,,,,,,,,,,,,,,,,,,,,,,,,,,,,,,,,,,,,,,
43,26,12,24,S60,False,1,2,3,0,13,0,1,0,0,"['B107', 'B518', 'B167', 'B459', 'B187', 'B354', 'B144', 'B728', 'B767', 'B209', 'B70', 'B308', 'B264', 'B386']",7.0,S2,4.09,14,3,17,0.0,,-0.039697,-12.707917,-12.747614,True,True,36,S31,True,18,7.5848,pickup+depot_removal,,,,,,,,,,,,,,,,,,,,,,,,,,,,,,,,,,,,,,,,,,,,,,,,,,,,
43,26,12,35,S2,False,14,3,17,14,0,0,0,0,0,"['B83', 'B107', 'B518', 'B167', 'B459', 'B187', 'B354', 'B144', 'B728', 'B767', 'B209', 'B70', 'B308', 'B264']",7.0,S45,8.2,0,3,3,0.0,,-0.03464,-12.459092,-12.493733,False,False,12,S45,False,8,2.6639,delivery,,,,,,,,,,,,,,,,,,,,,,,,,,,,,,,,,,,,,,,,,,,,,,,,,,,,
43,26,12,50,S45,False,0,3,3,0,8,0,0,0,0,"['B602', 'B267', 'B321', 'B460', 'B586', 'B348', 'B269', 'B579']",4.0,S12,6.14,8,3,11,0.0,,-0.064438,-12.601623,-12.666061,False,False,18,S31,True,9,4.811,pickup,,,,,,,,,,,,,,,,,,,,,,,,,,,,,,,,,,,,,,,,,,,,,,,,,,,,
43,26,13,0,S12,False,8,3,11,7,0,0,1,0,0,"['B128', 'B602', 'B267', 'B321', 'B460', 'B586', 'B348', 'B269']",4.0,S64,8.39,1,4,5,0.0,,-0.129217,-12.503825,-12.633041,True,True,36,S56,True,34,10.2795,delivery+depot_removal,,,,,,,,,,,,,,,,,,,,,,,,,,,,,,,,,,,,,,,,,,,,,,,,,,,,
43,26,13,13,S64,False,1,4,5,0,8,0,0,0,0,"['B617', 'B444', 'B232', 'B610', 'B45', 'B564', 'B99', 'B96']",4.0,S52,2.64,9,4,13,0.0,,-0.029659,-12.554091,-12.583751,False,False,18,S51,True,6,5.3485,pickup,,,,,,,,,,,,,,,,,,,,,,,,,,,,,,,,,,,,,,,,,,,,,,,,,,,,
43,26,13,19,S52,False,9,4,13,9,0,0,0,0,0,"['B579', 'B617', 'B444', 'B232', 'B610', 'B45', 'B564', 'B99', 'B96']",4.5,S51,4.66,0,4,4,0.0,,-0.004981,-12.431903,-12.436884,False,False,12,S53,True,6,3.3716,delivery,,,,,,,,,,,,,,,,,,,,,,,,,,,,,,,,,,,,,,,,,,,,,,,,,,,,
43,26,13,29,S51,False,0,4,4,0,8,0,1,0,0,"['B654', 'B311', 'B515', 'B310', 'B212', 'B750', 'B159', 'B246', 'B676']",4.5,S56,5.88,8,5,13,0.0,,-0.009975,-12.519834,-12.529809,True,True,36,S48,True,20,10.5243,pickup+depot_removal,,,,,,,,,,,,,,,,,,,,,,,,,,,,,,,,,,,,,,,,,,,,,,,,,,,,
43,26,13,39,S56,False,8,5,13,8,0,0,1,0,0,"['B44', 'B654', 'B311', 'B515', 'B310', 'B212', 'B750', 'B159', 'B246']",4.5,S41,8.49,0,6,6,0.0,,-0.004931,-12.450589,-12.455519,True,True,36,S66,True,22,10.2259,delivery+depot_removal,,,,,,,,,,,,,,,,,,,,,,,,,,,,,,,,,,,,,,,,,,,,,,,,,,,,
43,26,13,52,S41,False,0,6,6,0,12,1,0,0,0,"['B764', 'B421', 'B280', 'B223', 'B392', 'B747', 'B695', 'B477', 'B389', 'B590', 'B677', 'B361']",9.0,S26,6.65,12,6,18,0.0,,-0.024741,-12.553362,-12.578104,True,True,36,S26,True,30,10.9813,pickup+onsite,,,,,,,,,,,,,,,,,,,,,,,,,,,,,,,,,,,,,,,,,,,,,,,,,,,,
43,26,14,8,S26,False,12,6,18,12,0,0,0,0,0,"['B764', 'B421', 'B280', 'B223', 'B392', 'B747', 'B695', 'B477', 'B389', 'B590', 'B677', 'B361']",6.0,S33,6.45,0,6,6,0.0,,-0.014842,-12.575939,-12.590782,False,False,12,S55,True,9,2.8509,delivery,,,,,,,,,,,,,,,,,,,,,,,,,,,,,,,,,,,,,,,,,,,,,,,,,,,,
43,26,14,20,S33,False,0,6,6,0,10,0,0,0,0,"['B496', 'B422', 'B116', 'B231', 'B720', 'B14', 'B626', 'B573', 'B413', 'B50']",5.0,S58,2.58,10,6,16,0.0,,-0.054514,-12.690031,-12.744545,False,False,18,S31,True,12,4.0742,pickup,,,,,,,,,,,,,,,,,,,,,,,,,,,,,,,,,,,,,,,,,,,,,,,,,,,,
43,26,14,28,S58,False,10,6,16,10,0,0,0,0,0,"['B496', 'B422', 'B116', 'B231', 'B720', 'B14', 'B626', 'B573', 'B413', 'B50']",5.0,S31,3.21,0,6,6,0.0,,-0.084261,-12.652839,-12.737101,False,False,12,S51,True,6,3.1133,delivery,,,,,,,,,,,,,,,,,,,,,,,,,,,,,,,,,,,,,,,,,,,,,,,,,,,,
43,26,14,36,S31,False,0,6,6,0,14,0,0,0,0,"['B370', 'B432', 'B658', 'B558', 'B647', 'B577', 'B358', 'B92', 'B11', 'B0', 'B474', 'B298', 'B185', 'B632']",7.0,S65,3.2,14,6,20,0.0,,-0.124072,-12.911293,-13.035364,False,False,12,S65,False,6,2.5283,pickup,,,,,,,,,,,,,,,,,,,,,,,,,,,,,,,,,,,,,,,,,,,,,,,,,,,,
43,26,14,46,S65,False,14,6,20,11,0,0,0,0,0,"['B370', 'B432', 'B658', 'B558', 'B647', 'B577', 'B358', 'B92', 'B11', 'B0', 'B474']",5.5,S7,3.57,3,6,9,0.0,,-0.059646,-12.819116,-12.878762,False,False,18,S63,True,8,3.9389,delivery,,,,,,,,,,,,,,,,,,,,,,,,,,,,,,,,,,,,,,,,,,,,,,,,,,,,
43,26,14,55,S7,False,3,6,9,0,11,0,0,0,0,"['B708', 'B443', 'B669', 'B412', 'B86', 'B368', 'B369', 'B749', 'B623', 'B336', 'B492']",5.5,S25,3.98,14,6,20,0.0,,-0.094236,-12.920441,-13.014677,True,False,18,S25,False,16,3.6314,pickup,,,,,,,,,,,,,,,,,,,,,,,,,,,,,,,,,,,,,,,,,,,,,,,,,,,,
43,26,15,5,S25,False,14,6,20,14,0,0,0,0,0,"['B298', 'B185', 'B632', 'B708', 'B443', 'B669', 'B412', 'B86', 'B368', 'B369', 'B749', 'B623', 'B336', 'B492']",7.0,S53,14.7,0,6,6,0.0,,-0.178498,-13.083465,-13.261963,False,False,18,S63,True,14,3.8549,delivery,,,,,,,,,,,,,,,,,,,,,,,,,,,,,,,,,,,,,,,,,,,,,,,,,,,,
43,26,15,26,S53,False,0,6,6,0,14,0,0,0,0,"['B38', 'B533', 'B325', 'B299', 'B493', 'B427', 'B501', 'B680', 'B656', 'B468', 'B462', 'B97', 'B133', 'B207']",7.0,S63,1.49,14,6,20,0.0,,-0.446377,-13.12733,-13.573707,False,False,18,S63,True,6,3.8543,pickup,,,,,,,,,,,,,,,,,,,,,,,,,,,,,,,,,,,,,,,,,,,,,,,,,,,,
43,26,15,35,S63,False,14,6,20,14,0,0,0,0,0,"['B38', 'B533', 'B325', 'B299', 'B493', 'B427', 'B501', 'B680', 'B656', 'B468', 'B462', 'B97', 'B133', 'B207']",7.0,S51,3.43,0,6,6,0.0,,-0.297891,-12.931391,-13.229282,False,False,12,S43,True,10,2.4061,delivery,,,,,,,,,,,,,,,,,,,,,,,,,,,,,,,,,,,,,,,,,,,,,,,,,,,,
43,26,15,45,S51,False,0,6,6,0,11,0,0,0,0,"['B719', 'B349', 'B576', 'B222', 'B315', 'B221', 'B62', 'B616', 'B66', 'B42', 'B424']",5.5,S62,5.81,11,6,17,0.0,,-0.238547,-12.922829,-13.161375,False,False,18,S62,False,12,3.9905,pickup,,,,,,,,,,,,,,,,,,,,,,,,,,,,,,,,,,,,,,,,,,,,,,,,,,,,
43,26,15,56,S62,False,11,6,17,11,0,0,0,0,0,"['B719', 'B349', 'B576', 'B222', 'B315', 'B221', 'B62', 'B616', 'B66', 'B42', 'B424']",5.5,S61,2.06,0,6,6,0.0,,-0.154034,-12.888576,-13.042609,False,False,12,S61,False,7,2.9928,delivery,,,,,,,,,,,,,,,,,,,,,,,,,,,,,,,,,,,,,,,,,,,,,,,,,,,,
43,26,16,4,S61,False,0,6,6,0,9,0,0,0,0,"['B67', 'B696', 'B192', 'B109', 'B99', 'B301', 'B481', 'B689', 'B153']",4.5,S36,6.36,9,6,15,0.0,,-0.059495,-12.874338,-12.933833,False,False,18,S35,True,14,3.2105,pickup,,,,,,,,,,,,,,,,,,,,,,,,,,,,,,,,,,,,,,,,,,,,,,,,,,,,
43,26,16,15,S36,False,9,6,15,9,0,0,0,0,0,"['B67', 'B696', 'B192', 'B109', 'B99', 'B301', 'B481', 'B689', 'B153']",4.5,S66,7.48,0,6,6,0.0,,-0.104173,-12.957884,-13.062057,False,False,12,S66,False,6,2.2116,delivery,,,,,,,,,,,,,,,,,,,,,,,,,,,,,,,,,,,,,,,,,,,,,,,,,,,,
43,26,16,27,S66,False,0,6,6,0,14,0,0,0,0,"['B175', 'B326', 'B574', 'B84', 'B380', 'B692', 'B341', 'B671', 'B240', 'B155', 'B688', 'B76', 'B91', 'B323']",7.0,S29,6.29,14,6,20,0.0,,-0.143858,-13.011193,-13.155051,False,False,18,S29,True,6,3.9198,pickup,,,,,,,,,,,,,,,,,,,,,,,,,,,,,,,,,,,,,,,,,,,,,,,,,,,,
43,26,16,40,S29,False,14,6,20,14,0,0,0,0,0,"['B175', 'B326', 'B574', 'B84', 'B380', 'B692', 'B341', 'B671', 'B240', 'B155', 'B688', 'B76', 'B91', 'B323']",7.0,S60,7.31,0,6,6,0.0,,-0.089255,-12.709227,-12.798482,False,False,12,S60,False,6,2.971,delivery,,,,,,,,,,,,,,,,,,,,,,,,,,,,,,,,,,,,,,,,,,,,,,,,,,,,
43,26,16,54,S60,False,0,6,6,0,14,0,0,0,0,"['B17', 'B188', 'B670', 'B401', 'B267', 'B617', 'B381', 'B547', 'B357', 'B485', 'B702', 'B149', 'B130', 'B238']",7.0,S18,1.46,14,6,20,0.0,,-0.099356,-12.654911,-12.754266,False,False,12,S65,True,9,2.8013,pickup,,,,,,,,,,,,,,,,,,,,,,,,,,,,,,,,,,,,,,,,,,,,,,,,,,,,
43,26,17,3,S18,False,14,6,20,13,0,0,0,0,0,"['B17', 'B188', 'B670', 'B401', 'B267', 'B617', 'B381', 'B547', 'B357', 'B485', 'B702', 'B149', 'B130']",6.5,S65,4.55,1,6,7,0.0,,-0.14904,-12.685716,-12.834756,False,False,18,S63,True,6,3.8583,delivery,,,,,,,,,,,,,,,,,,,,,,,,,,,,,,,,,,,,,,,,,,,,,,,,,,,,
43,26,17,14,S65,False,1,6,7,0,13,0,0,0,0,"['B647', 'B577', 'B358', 'B92', 'B11', 'B0', 'B474', 'B199', 'B32', 'B107', 'B390', 'B356', 'B234']",6.5,S63,7.4,14,6,20,0.0,,-0.07952,-12.677822,-12.757341,False,False,12,S63,False,9,2.563,pickup,,,,,,,,,,,,,,,,,,,,,,,,,,,,,,,,,,,,,,,,,,,,,,,,,,,,
43,26,17,28,S63,False,14,6,20,13,0,0,0,0,0,"['B238', 'B647', 'B577', 'B358', 'B92', 'B11', 'B0', 'B474', 'B199', 'B32', 'B107', 'B390', 'B356']",6.5,S62,2.46,1,6,7,0.0,,-0.099305,-12.557833,-12.657138,False,False,18,S27,True,12,4.1276,delivery,,,,,,,,,,,,,,,,,,,,,,,,,,,,,,,,,,,,,,,,,,,,,,,,,,,,
43,26,17,37,S62,False,1,6,7,0,13,0,0,0,0,"['B222', 'B315', 'B221', 'B62', 'B616', 'B66', 'B42', 'B424', 'B680', 'B259', 'B314', 'B439', 'B609']",6.5,S0,9.08,14,6,20,0.0,,-0.054526,-12.836571,-12.891097,False,False,12,S0,False,9,2.6312,pickup,,,,,,,,,,,,,,,,,,,,,,,,,,,,,,,,,,,,,,,,,,,,,,,,,,,,
43,26,17,52,S0,False,14,6,20,10,0,0,0,0,0,"['B234', 'B222', 'B315', 'B221', 'B62', 'B616', 'B66', 'B42', 'B424', 'B680']",5.0,S8,4.16,4,6,10,0.0,,-0.074514,-12.799466,-12.87398,False,False,18,S42,True,10,6.5957,delivery,,,,,,,,,,,,,,,,,,,,,,,,,,,,,,,,,,,,,,,,,,,,,,,,,,,,
43,26,18,2,S8,False,4,6,10,4,0,2,2,0,0,"['B540', 'B268', 'B259', 'B314', 'B439', 'B609']",9.0,S1,7.29,0,8,8,0.0,,-0.054691,-12.713787,-12.768478,True,True,108,S22,True,104,16.1025,delivery+maintenance,,,,,,,,,,,,,,,,,,,,,,,,,,,,,,,,,,,,,,,,,,,,,,,,,,,,
43,26,18,18,S1,False,0,8,8,0,12,0,0,0,0,"['B226', 'B60', 'B603', 'B563', 'B285', 'B400', 'B102', 'B642', 'B318', 'B479', 'B304', 'B142']",6.0,S28,15.29,12,8,20,0.0,,-0.089217,-12.692414,-12.781632,False,False,12,S22,True,9,2.2359,pickup,,,,,,,,,,,,,,,,,,,,,,,,,,,,,,,,,,,,,,,,,,,,,,,,,,,,
43,26,18,39,S28,False,12,8,20,0,0,0,0,0,0,[],0.0,S61,10.07,12,8,20,0.0,,-0.124236,-12.801558,-12.925794,True,False,18,S17,True,3,3.6744,do_nothing,,,,,,,,,,,,,,,,,,,,,,,,,,,,,,,,,,,,,,,,,,,,,,,,,,,,
43,26,18,49,S61,False,12,8,20,10,0,0,0,0,0,"['B226', 'B60', 'B603', 'B563', 'B285', 'B400', 'B102', 'B642', 'B318', 'B479']",5.0,S54,4.83,2,8,10,0.0,,-0.059709,-12.662468,-12.722178,False,False,18,S17,True,13,2.9272,delivery,,,,,,,,,,,,,,,,,,,,,,,,,,,,,,,,,,,,,,,,,,,,,,,,,,,,
43,26,18,59,S54,False,2,8,10,0,10,0,0,0,0,"['B269', 'B387', 'B343', 'B549', 'B611', 'B137', 'B506', 'B120', 'B636', 'B431']",5.0,S17,7.63,12,8,20,0.0,,-0.06464,-12.667986,-12.732626,False,False,12,S45,True,7,2.1557,pickup,,,,,,,,,,,,,,,,,,,,,,,,,,,,,,,,,,,,,,,,,,,,,,,,,,,,
43,26,19,12,S17,False,12,8,20,12,0,0,0,0,0,"['B304', 'B142', 'B269', 'B387', 'B343', 'B549', 'B611', 'B137', 'B506', 'B120', 'B636', 'B431']",6.0,S7,9.43,0,8,8,0.0,,-0.054577,-12.64425,-12.698827,False,False,18,S38,True,13,3.6208,delivery,,,,,,,,,,,,,,,,,,,,,,,,,,,,,,,,,,,,,,,,,,,,,,,,,,,,
43,26,19,27,S7,False,0,8,8,0,12,0,0,0,0,"['B151', 'B94', 'B725', 'B184', 'B628', 'B601', 'B266', 'B633', 'B186', 'B176', 'B168', 'B645']",6.0,S38,8.64,12,8,20,0.0,,-0.024817,-12.582404,-12.607221,True,False,18,S2,True,13,3.2768,pickup,,,,,,,,,,,,,,,,,,,,,,,,,,,,,,,,,,,,,,,,,,,,,,,,,,,,
43,26,19,42,S38,False,12,8,20,0,0,0,0,0,0,[],0.0,S37,1.93,12,8,20,0.0,,-0.019937,-12.9067,-12.926636,True,False,7,D0,True,0,1.4399,do_nothing,,,,,,,,,,,,,,,,,,,,,,,,,,,,,,,,,,,,,,,,,,,,,,,,,,,,
43,26,19,44,S37,False,12,8,20,0,0,0,0,0,0,[],0.0,S53,3.02,12,8,20,0.0,,-0.029748,-12.946905,-12.976652,True,False,7,D0,True,3,1.4132,do_nothing,,,,,,,,,,,,,,,,,,,,,,,,,,,,,,,,,,,,,,,,,,,,,,,,,,,,
43,26,19,47,S53,False,12,8,20,0,0,0,0,0,0,[],0.0,S45,0.56,12,8,20,0.0,,-0.009937,-12.924963,-12.9349,False,False,4,S45,False,0,0.7742,do_nothing,,,,,,,,,,,,,,,,,,,,,,,,,,,,,,,,,,,,,,,,,,,,,,,,,,,,
43,26,19,47,S45,False,12,8,20,6,0,0,0,0,0,"['B151', 'B94', 'B725', 'B184', 'B628', 'B601']",3.0,D0,1.52,6,8,14,0.0,,-0.004956,-13.091281,-13.096237,False,False,3,D0,False,2,0.5915,delivery,,,,,,,,,,,,,,,,,,,,,,,,,,,,,,,,,,,,,,,,,,,,,,,,,,,,
43,26,19,52,D0,True,6,8,14,0,0,0,0,8,0,"['B225', 'B179', 'B386', 'B128', 'B676', 'B44', 'B540', 'B268']",4.0,D0,0.0,6,0,6,0.0,,-0.009899,-13.060308,-13.070207,True,True,1,D0,False,0,0.2036,do_nothing,,,,,,,,,,,,,,,,,,,,,,,,,,,,,,,,,,,,,,,,,,,,,,,,,,,,
43,27,6,11,D0,True,6,0,6,0,0,0,0,0,11,"['B339', 'B320', 'B418', 'B435', 'B272', 'B173', 'B406', 'B374', 'B40', 'B206', 'B375']",5.5,S15,1.31,17,0,17,0.0,,-0.019848,-14.264255,-14.284103,True,True,5,S15,False,1,1.6428,load_queue,,,,,,,,,,,,,,,,,,,,,,,,,,,,,,,,,,,,,,,,,,,,,,,,,,,,
43,27,6,33,S15,False,17,0,17,10,0,0,0,0,0,"['B266', 'B633', 'B186', 'B176', 'B168', 'B645', 'B339', 'B320', 'B418', 'B435']",5.0,S43,5.75,7,0,7,0.0,,-0.039659,-13.162661,-13.20232,False,False,18,S48,True,6,4.1137,delivery,,,,,,,,,,,,,,,,,,,,,,,,,,,,,,,,,,,,,,,,,,,,,,,,,,,,
43,27,6,43,S43,False,7,0,7,0,13,1,0,0,0,"['B243', 'B539', 'B242', 'B537', 'B261', 'B463', 'B736', 'B312', 'B379', 'B324', 'B438', 'B263', 'B564']",9.5,S23,8.96,20,0,20,0.0,,-0.094022,-13.081219,-13.175241,True,True,24,S37,True,19,5.6917,pickup+onsite,,,,,,,,,,,,,,,,,,,,,,,,,,,,,,,,,,,,,,,,,,,,,,,,,,,,
43,27,7,2,S23,False,20,0,20,6,0,1,1,0,0,"['B403', 'B272', 'B173', 'B406', 'B374', 'B40', 'B206']",6.5,S37,7.3,14,1,15,0.0,,-0.124135,-13.085826,-13.209961,True,True,60,S37,False,55,13.1627,delivery+maintenance,,,,,,,,,,,,,,,,,,,,,,,,,,,,,,,,,,,,,,,,,,,,,,,,,,,,
43,27,7,16,S37,False,14,1,15,11,0,0,1,0,0,"['B615', 'B375', 'B243', 'B539', 'B242', 'B537', 'B261', 'B463', 'B736', 'B312', 'B379', 'B324']",6.0,S18,1.43,3,2,5,0.0,,-0.109129,-13.083732,-13.192861,True,True,36,S58,True,19,6.5524,delivery+depot_removal,,,,,,,,,,,,,,,,,,,,,,,,,,,,,,,,,,,,,,,,,,,,,,,,,,,,
43,27,7,23,S18,False,3,2,5,0,15,0,0,0,0,"['B547', 'B357', 'B485', 'B702', 'B149', 'B130', 'B265', 'B342', 'B353', 'B131', 'B238', 'B647', 'B745', 'B183', 'B123']",7.5,S41,2.33,18,2,20,0.0,,-0.089242,-13.048936,-13.138178,False,False,12,S19,True,7,2.2057,pickup,,,,,,,,,,,,,,,,,,,,,,,,,,,,,,,,,,,,,,,,,,,,,,,,,,,,
43,27,7,33,S41,False,18,2,20,16,0,0,0,0,0,"['B438', 'B263', 'B564', 'B547', 'B357', 'B485', 'B702', 'B149', 'B130', 'B265', 'B342', 'B353', 'B131', 'B238', 'B647', 'B745']",8.0,S2,3.24,2,2,4,0.0,,-0.094362,-13.106147,-13.200509,False,False,18,S58,True,6,3.493,delivery,,,,,,,,,,,,,,,,,,,,,,,,,,,,,,,,,,,,,,,,,,,,,,,,,,,,
43,27,7,44,S2,False,2,2,4,0,16,0,0,0,0,"['B167', 'B459', 'B187', 'B354', 'B144', 'B728', 'B767', 'B209', 'B70', 'B308', 'B264', 'B699', 'B73', 'B756', 'B429', 'B311']",8.0,S21,15.24,18,2,20,0.0,,-0.089255,-13.098675,-13.187931,False,False,12,S19,True,7,2.5617,pickup,,,,,,,,,,,,,,,,,,,,,,,,,,,,,,,,,,,,,,,,,,,,,,,,,,,,
43,27,8,7,S21,False,18,2,20,11,0,0,1,0,0,"['B198', 'B183', 'B123', 'B167', 'B459', 'B187', 'B354', 'B144', 'B728', 'B767', 'B209', 'B70']",6.0,S65,15.09,7,3,10,0.0,,-0.09435,-13.109154,-13.203504,True,True,18,S3,True,13,3.2648,delivery+depot_removal,,,,,,,,,,,,,,,,,,,,,,,,,,,,,,,,,,,,,,,,,,,,,,,,,,,,
43,27,8,28,S65,False,7,3,10,0,10,0,0,0,0,"['B212', 'B495', 'B638', 'B33', 'B755', 'B247', 'B472', 'B172', 'B544', 'B163']",5.0,S58,6.14,17,3,20,0.0,,-0.059546,-13.015431,-13.074977,False,False,12,S58,False,6,2.4788,pickup,,,,,,,,,,,,,,,,,,,,,,,,,,,,,,,,,,,,,,,,,,,,,,,,,,,,
43,27,8,40,S58,False,17,3,20,13,0,0,0,0,0,"['B308', 'B264', 'B699', 'B73', 'B756', 'B429', 'B311', 'B212', 'B495', 'B638', 'B33', 'B755', 'B247']",6.5,S63,2.12,4,3,7,0.0,,-0.054388,-12.616719,-12.671107,False,False,18,S63,False,12,3.4122,delivery,,,,,,,,,,,,,,,,,,,,,,,,,,,,,,,,,,,,,,,,,,,,,,,,,,,,
43,27,8,48,S63,False,4,3,7,0,13,0,0,0,0,"['B0', 'B474', 'B199', 'B32', 'B107', 'B390', 'B356', 'B468', 'B445', 'B712', 'B152', 'B112', 'B313']",6.5,S7,10.87,17,3,20,0.0,,-0.089381,-12.531677,-12.621058,False,False,12,S7,False,9,2.3492,pickup,,,,,,,,,,,,,,,,,,,,,,,,,,,,,,,,,,,,,,,,,,,,,,,,,,,,
43,27,9,6,S7,False,17,3,20,12,0,0,1,0,0,"['B488', 'B472', 'B172', 'B544', 'B163', 'B0', 'B474', 'B199', 'B32', 'B107', 'B390', 'B356', 'B468']",6.5,S44,10.4,5,4,9,0.0,,-0.173668,-12.485262,-12.65893,True,True,30,S18,True,28,5.3673,delivery+depot_removal,,,,,,,,,,,,,,,,,,,,,,,,,,,,,,,,,,,,,,,,,,,,,,,,,,,,
43,27,9,22,S44,False,5,4,9,0,11,0,0,0,0,"['B586', 'B563', 'B592', 'B226', 'B45', 'B452', 'B642', 'B462', 'B318', 'B14', 'B570']",5.5,S52,0.83,16,4,20,0.0,,-0.109368,-12.511226,-12.620594,False,False,18,S52,True,7,3.3668,pickup,,,,,,,,,,,,,,,,,,,,,,,,,,,,,,,,,,,,,,,,,,,,,,,,,,,,
43,27,9,29,S52,False,16,4,20,10,0,0,0,0,0,"['B445', 'B712', 'B152', 'B112', 'B313', 'B586', 'B563', 'B592', 'B226', 'B45']",5.0,S49,4.16,6,4,10,0.0,,-0.069445,-12.421194,-12.490639,False,False,18,S18,True,8,3.5526,delivery,,,,,,,,,,,,,,,,,,,,,,,,,,,,,,,,,,,,,,,,,,,,,,,,,,,,
43,27,9,38,S49,False,6,4,10,0,0,0,0,0,0,[],0.0,S51,7.18,6,4,10,0.0,,-0.089356,-12.57721,-12.666566,False,False,12,S18,True,2,2.4899,do_nothing,,,,,,,,,,,,,,,,,,,,,,,,,,,,,,,,,,,,,,,,,,,,,,,,,,,,
43,27,9,45,S51,False,6,4,10,0,9,0,1,0,0,"['B512', 'B479', 'B382', 'B464', 'B630', 'B604', 'B397', 'B201', 'B658', 'B180']",5.0,S18,6.05,15,5,20,0.0,,-0.024804,-12.469407,-12.494212,True,True,36,S10,True,30,7.1021,pickup+depot_removal,,,,,,,,,,,,,,,,,,,,,,,,,,,,,,,,,,,,,,,,,,,,,,,,,,,,
43,27,9,56,S18,False,15,5,20,15,0,0,0,0,0,"['B452', 'B642', 'B462', 'B318', 'B14', 'B570', 'B512', 'B479', 'B382', 'B464', 'B630', 'B604', 'B397', 'B201', 'B658']",7.5,S21,13.37,0,5,5,0.0,,-0.114059,-12.443845,-12.557904,False,False,12,S4,True,8,2.5819,delivery,,,,,,,,,,,,,,,,,,,,,,,,,,,,,,,,,,,,,,,,,,,,,,,,,,,,
43,27,10,17,S21,False,0,5,5,0,5,0,0,0,0,"['B123', 'B167', 'B459', 'B187', 'B354']",2.5,S14,4.97,5,5,10,0.0,,-0.024829,-12.460824,-12.485654,False,False,18,S29,True,6,3.2614,pickup,,,,,,,,,,,,,,,,,,,,,,,,,,,,,,,,,,,,,,,,,,,,,,,,,,,,
43,27,10,24,S14,False,5,5,10,5,0,0,1,0,0,"['B407', 'B123', 'B167', 'B459', 'B187', 'B354']",3.0,S29,3.41,0,6,6,0.0,,-0.024829,-12.4177,-12.44253,True,True,24,S29,False,18,3.9185,delivery+depot_removal,,,,,,,,,,,,,,,,,,,,,,,,,,,,,,,,,,,,,,,,,,,,,,,,,,,,
43,27,10,31,S29,False,0,6,6,0,14,0,0,0,0,"['B380', 'B692', 'B341', 'B671', 'B240', 'B155', 'B688', 'B76', 'B91', 'B323', 'B7', 'B227', 'B317', 'B6']",7.0,S1,2.42,14,6,20,0.0,,-0.019861,-12.463412,-12.483273,False,False,12,S35,True,10,2.2461,pickup,,,,,,,,,,,,,,,,,,,,,,,,,,,,,,,,,,,,,,,,,,,,,,,,,,,,
43,27,10,40,S1,False,14,6,20,9,0,0,0,0,0,"['B380', 'B692', 'B341', 'B671', 'B240', 'B155', 'B688', 'B76', 'B91']",4.5,S54,3.23,5,6,11,0.0,,-0.019811,-12.458463,-12.478274,False,False,18,S66,True,7,3.0936,delivery,,,,,,,,,,,,,,,,,,,,,,,,,,,,,,,,,,,,,,,,,,,,,,,,,,,,
43,27,10,48,S54,False,5,6,11,0,9,0,0,0,0,"['B478', 'B84', 'B686', 'B522', 'B177', 'B290', 'B726', 'B85', 'B526']",4.5,S66,5.58,14,6,20,0.0,,-0.014817,-12.362095,-12.376912,False,False,12,S66,False,7,3.7444,pickup,,,,,,,,,,,,,,,,,,,,,,,,,,,,,,,,,,,,,,,,,,,,,,,,,,,,
43,27,10,58,S66,False,14,6,20,11,0,0,0,0,0,"['B323', 'B7', 'B227', 'B317', 'B6', 'B478', 'B84', 'B686', 'B522', 'B177', 'B290']",5.5,S23,5.09,3,6,9,0.0,,-0.014893,-12.33402,-12.348912,False,False,18,S35,True,8,4.0773,delivery,,,,,,,,,,,,,,,,,,,,,,,,,,,,,,,,,,,,,,,,,,,,,,,,,,,,
43,27,11,9,S23,False,3,6,9,0,6,0,1,0,0,"['B525', 'B48', 'B272', 'B173', 'B406', 'B374', 'B146']",3.5,S10,10.57,9,7,16,0.0,,0.0,-12.243823,-12.243823,True,True,36,S10,False,30,7.1679,pickup+depot_removal,,,,,,,,,,,,,,,,,,,,,,,,,,,,,,,,,,,,,,,,,,,,,,,,,,,,
43,27,11,23,S10,False,9,7,16,9,0,0,0,0,0,"['B726', 'B85', 'B526', 'B525', 'B48', 'B272', 'B173', 'B406', 'B374']",4.5,S4,5.66,0,7,7,0.0,,-0.014893,-12.379022,-12.393915,False,False,12,S9,True,9,3.088,delivery,,,,,,,,,,,,,,,,,,,,,,,,,,,,,,,,,,,,,,,,,,,,,,,,,,,,
43,27,11,33,S4,False,0,7,7,0,8,0,0,0,0,"['B74', 'B210', 'B378', 'B458', 'B275', 'B496', 'B373', 'B515']",4.0,S9,8.75,8,7,15,0.0,,-0.039823,-12.126834,-12.166656,False,False,18,S55,True,6,5.0135,pickup,,,,,,,,,,,,,,,,,,,,,,,,,,,,,,,,,,,,,,,,,,,,,,,,,,,,
43,27,11,46,S9,False,8,7,15,0,5,0,0,0,0,"['B766', 'B691', 'B466', 'B344', 'B760']",2.5,S35,10.99,13,7,20,0.0,,-0.004968,-12.157874,-12.162842,False,False,12,S35,False,7,3.0112,pickup,,,,,,,,,,,,,,,,,,,,,,,,,,,,,,,,,,,,,,,,,,,,,,,,,,,,
43,27,11,59,S35,False,13,7,20,12,0,0,0,0,0,"['B74', 'B210', 'B378', 'B458', 'B275', 'B496', 'B373', 'B515', 'B766', 'B691', 'B466', 'B344']",6.0,S55,3.04,1,7,8,0.0,,-0.014855,-12.09471,-12.109565,False,False,18,S53,True,12,4.8672,delivery,,,,,,,,,,,,,,,,,,,,,,,,,,,,,,,,,,,,,,,,,,,,,,,,,,,,
43,27,12,8,S55,False,1,7,8,0,9,1,2,0,0,"['B566', 'B213', 'B727', 'B102', 'B408', 'B725', 'B135', 'B254', 'B665', 'B715', 'B141']",8.5,S38,6.95,10,9,19,0.0,,-0.01483,-12.060134,-12.074964,True,True,84,S38,False,79,19.6335,pickup+maintenance,,,,,,,,,,,,,,,,,,,,,,,,,,,,,,,,,,,,,,,,,,,,,,,,,,,,
43,27,12,24,S38,False,10,9,19,10,0,0,1,0,0,"['B637', 'B760', 'B566', 'B213', 'B727', 'B102', 'B408', 'B725', 'B135', 'B254', 'B665']",5.5,S56,7.92,0,10,10,0.0,,-0.039672,-12.167929,-12.207601,True,True,24,S56,False,19,4.8349,delivery+depot_removal,,,,,,,,,,,,,,,,,,,,,,,,,,,,,,,,,,,,,,,,,,,,,,,,,,,,
43,27,12,37,S56,False,0,10,10,0,7,0,0,0,0,"['B565', 'B284', 'B561', 'B60', 'B467', 'B292', 'B735']",3.5,S47,9.94,7,10,17,0.0,,-0.004968,-12.311142,-12.31611,False,False,18,S35,True,9,3.237,pickup,,,,,,,,,,,,,,,,,,,,,,,,,,,,,,,,,,,,,,,,,,,,,,,,,,,,
43,27,12,51,S47,False,7,10,17,7,0,0,1,0,0,"['B742', 'B565', 'B284', 'B561', 'B60', 'B467', 'B292', 'B735']",4.0,S22,2.32,0,11,11,0.0,,-0.114148,-12.379723,-12.493871,True,True,24,S22,False,20,4.431,delivery+depot_removal,,,,,,,,,,,,,,,,,,,,,,,,,,,,,,,,,,,,,,,,,,,,,,,,,,,,
43,27,12,57,S22,False,0,11,11,0,8,0,0,0,0,"['B763', 'B362', 'B533', 'B359', 'B514', 'B541', 'B159', 'B420']",4.0,S61,5.51,8,11,19,0.0,,-0.064703,-12.410436,-12.475139,False,False,18,S66,True,6,3.3524,pickup,,,,,,,,,,,,,,,,,,,,,,,,,,,,,,,,,,,,,,,,,,,,,,,,,,,,
43,27,13,6,S61,False,8,11,19,8,0,0,0,0,0,"['B763', 'B362', 'B533', 'B359', 'B514', 'B541', 'B159', 'B420']",4.0,S41,2.24,0,11,11,0.0,,-0.119065,-12.36065,-12.479715,False,False,18,S43,True,6,2.9471,delivery,,,,,,,,,,,,,,,,,,,,,,,,,,,,,,,,,,,,,,,,,,,,,,,,,,,,
43,27,13,13,S41,False,0,11,11,0,9,0,0,0,0,"['B151', 'B399', 'B172', 'B243', 'B585', 'B122', 'B644', 'B256', 'B626']",4.5,S54,6.96,9,11,20,0.0,,-0.079684,-12.427209,-12.506893,False,False,12,S40,True,9,2.0683,pickup,,,,,,,,,,,,,,,,,,,,,,,,,,,,,,,,,,,,,,,,,,,,,,,,,,,,
43,27,13,24,S54,False,9,11,20,9,0,0,0,0,0,"['B151', 'B399', 'B172', 'B243', 'B585', 'B122', 'B644', 'B256', 'B626']",4.5,S25,14.63,0,11,11,0.0,,-0.019773,-12.39997,-12.419743,False,False,12,S45,True,10,2.1099,delivery,,,,,,,,,,,,,,,,,,,,,,,,,,,,,,,,,,,,,,,,,,,,,,,,,,,,
43,27,13,43,S25,False,0,11,11,0,9,0,0,0,0,"['B412', 'B86', 'B368', 'B369', 'B749', 'B623', 'B336', 'B492', 'B545']",4.5,S43,14.42,9,11,20,0.0,,-0.064413,-12.347523,-12.411936,False,False,12,S40,True,7,2.2211,pickup,,,,,,,,,,,,,,,,,,,,,,,,,,,,,,,,,,,,,,,,,,,,,,,,,,,,
43,27,14,2,S43,False,9,11,20,9,0,0,0,0,0,"['B412', 'B86', 'B368', 'B369', 'B749', 'B623', 'B336', 'B492', 'B545']",4.5,S40,3.52,0,11,11,0.0,,-0.059633,-12.465846,-12.52548,False,False,12,S40,False,6,2.2649,delivery,,,,,,,,,,,,,,,,,,,,,,,,,,,,,,,,,,,,,,,,,,,,,,,,,,,,
43,27,14,10,S40,False,0,11,11,0,9,0,0,0,0,"['B634', 'B489', 'B417', 'B110', 'B57', 'B574', 'B461', 'B228', 'B393']",4.5,S15,2.5,9,11,20,0.0,,-0.17334,-12.498216,-12.671556,False,False,12,S66,True,6,2.2914,pickup,,,,,,,,,,,,,,,,,,,,,,,,,,,,,,,,,,,,,,,,,,,,,,,,,,,,
43,27,14,17,S15,False,9,11,20,9,0,0,0,0,0,"['B634', 'B489', 'B417', 'B110', 'B57', 'B574', 'B461', 'B228', 'B393']",4.5,S35,5.79,0,11,11,0.0,,-0.074501,-12.511988,-12.586489,False,False,12,S55,True,7,2.2409,delivery,,,,,,,,,,,,,,,,,,,,,,,,,,,,,,,,,,,,,,,,,,,,,,,,,,,,
43,27,14,27,S35,False,0,11,11,0,9,0,0,0,0,"['B21', 'B591', 'B747', 'B100', 'B74', 'B210', 'B378', 'B458', 'B275']",4.5,S56,2.44,9,11,20,0.0,,-0.0944,-12.566342,-12.660742,False,False,12,S56,False,6,2.3829,pickup,,,,,,,,,,,,,,,,,,,,,,,,,,,,,,,,,,,,,,,,,,,,,,,,,,,,
43,27,14,34,S56,False,9,11,20,9,0,0,0,0,0,"['B21', 'B591', 'B747', 'B100', 'B74', 'B210', 'B378', 'B458', 'B275']",4.5,S66,7.15,0,11,11,0.0,,-0.064476,-12.455588,-12.520064,False,False,18,S8,True,10,3.2977,delivery,,,,,,,,,,,,,,,,,,,,,,,,,,,,,,,,,,,,,,,,,,,,,,,,,,,,
43,27,14,46,S66,False,0,11,11,0,9,0,0,0,0,"['B323', 'B7', 'B227', 'B317', 'B6', 'B478', 'B84', 'B686', 'B522']",4.5,S26,5.64,9,11,20,0.0,,-0.069381,-12.473847,-12.543228,False,False,12,S31,True,8,2.176,pickup,,,,,,,,,,,,,,,,,,,,,,,,,,,,,,,,,,,,,,,,,,,,,,,,,,,,
43,27,14,56,S26,False,9,11,20,9,0,0,0,0,0,"['B323', 'B7', 'B227', 'B317', 'B6', 'B478', 'B84', 'B686', 'B522']",4.5,S55,6.67,0,11,11,0.0,,-0.05947,-12.427336,-12.486807,False,False,12,S43,True,6,2.4017,delivery,,,,,,,,,,,,,,,,,,,,,,,,,,,,,,,,,,,,,,,,,,,,,,,,,,,,
43,27,15,7,S55,False,0,11,11,0,9,0,0,0,0,"['B217', 'B92', 'B579', 'B231', 'B148', 'B327', 'B169', 'B584', 'B239']",4.5,S48,5.56,9,11,20,0.0,,-0.04459,-12.454304,-12.498894,False,False,12,S38,True,7,2.3913,pickup,,,,,,,,,,,,,,,,,,,,,,,,,,,,,,,,,,,,,,,,,,,,,,,,,,,,
43,27,15,17,S48,False,9,11,20,9,0,0,0,0,0,"['B217', 'B92', 'B579', 'B231', 'B148', 'B327', 'B169', 'B584', 'B239']",4.5,S52,5.29,0,11,11,0.0,,-0.099117,-12.456321,-12.555438,False,False,18,S51,True,16,3.24,delivery,,,,,,,,,,,,,,,,,,,,,,,,,,,,,,,,,,,,,,,,,,,,,,,,,,,,
43,27,15,27,S52,False,0,11,11,0,9,1,0,0,0,"['B563', 'B592', 'B226', 'B45', 'B445', 'B319', 'B235', 'B43', 'B280']",7.5,S51,4.66,9,11,20,0.0,,-0.064463,-12.479589,-12.544053,True,True,36,S51,True,30,6.1007,pickup+onsite,,,,,,,,,,,,,,,,,,,,,,,,,,,,,,,,,,,,,,,,,,,,,,,,,,,,
43,27,15,39,S51,False,9,11,20,9,0,0,0,0,0,"['B563', 'B592', 'B226', 'B45', 'B445', 'B319', 'B235', 'B43', 'B280']",4.5,S49,7.18,0,11,11,0.0,,-0.034779,-12.481992,-12.516771,False,False,12,S49,False,6,2.0933,delivery,,,,,,,,,,,,,,,,,,,,,,,,,,,,,,,,,,,,,,,,,,,,,,,,,,,,
43,27,15,51,S49,False,0,11,11,0,9,0,0,0,0,"['B79', 'B145', 'B639', 'B659', 'B162', 'B404', 'B370', 'B383', 'B490']",4.5,S20,8.8,9,11,20,0.0,,-0.074224,-12.466331,-12.540556,False,False,12,S38,True,7,1.9978,pickup,,,,,,,,,,,,,,,,,,,,,,,,,,,,,,,,,,,,,,,,,,,,,,,,,,,,
43,27,16,4,S20,False,9,11,20,9,0,0,1,0,0,"['B622', 'B79', 'B145', 'B639', 'B659', 'B162', 'B404', 'B370', 'B383', 'B490']",5.0,S45,11.7,0,12,12,0.0,,-0.109242,-12.461152,-12.570395,True,True,18,S45,False,12,3.1161,delivery+depot_removal,,,,,,,,,,,,,,,,,,,,,,,,,,,,,,,,,,,,,,,,,,,,,,,,,,,,
43,27,16,21,S45,False,0,12,12,0,8,0,0,0,0,"['B96', 'B364', 'B367', 'B438', 'B547', 'B348', 'B131', 'B311']",4.0,S14,7.44,8,12,20,0.0,,-0.223528,-12.413419,-12.636947,False,False,12,S9,True,8,2.2561,pickup,,,,,,,,,,,,,,,,,,,,,,,,,,,,,,,,,,,,,,,,,,,,,,,,,,,,
43,27,16,32,S14,False,8,12,20,8,0,0,0,0,0,"['B96', 'B364', 'B367', 'B438', 'B547', 'B348', 'B131', 'B311']",4.0,S61,8.39,0,12,12,0.0,,-0.148926,-12.518759,-12.667686,False,False,12,S21,True,9,2.1198,delivery,,,,,,,,,,,,,,,,,,,,,,,,,,,,,,,,,,,,,,,,,,,,,,,,,,,,
43,27,16,45,S61,False,0,12,12,0,8,0,0,0,0,"['B373', 'B713', 'B624', 'B256', 'B421', 'B28', 'B626', 'B50']",4.0,S36,6.36,8,12,20,0.0,,-0.208737,-12.452197,-12.660934,False,False,12,S30,True,8,2.3058,pickup,,,,,,,,,,,,,,,,,,,,,,,,,,,,,,,,,,,,,,,,,,,,,,,,,,,,
43,27,16,55,S36,False,8,12,20,8,0,0,0,0,0,"['B373', 'B713', 'B624', 'B256', 'B421', 'B28', 'B626', 'B50']",4.0,S30,9.24,0,12,12,0.0,,-0.159153,-12.421035,-12.580188,False,False,12,S19,True,10,2.6687,delivery,,,,,,,,,,,,,,,,,,,,,,,,,,,,,,,,,,,,,,,,,,,,,,,,,,,,
43,27,17,8,S30,False,0,12,12,0,8,0,0,0,0,"['B517', 'B663', 'B753', 'B354', 'B430', 'B569', 'B518', 'B129']",4.0,S38,4.47,8,12,20,0.0,,-0.118902,-12.398466,-12.517367,False,False,12,S38,False,6,1.9559,pickup,,,,,,,,,,,,,,,,,,,,,,,,,,,,,,,,,,,,,,,,,,,,,,,,,,,,
43,27,17,17,S38,False,8,12,20,8,0,0,0,0,0,"['B517', 'B663', 'B753', 'B354', 'B430', 'B569', 'B518', 'B129']",4.0,S19,6.67,0,12,12,0.0,,-0.059608,-12.398987,-12.458595,False,False,12,S4,True,8,1.9784,delivery,,,,,,,,,,,,,,,,,,,,,,,,,,,,,,,,,,,,,,,,,,,,,,,,,,,,
43,27,17,28,S19,False,0,12,12,0,8,0,0,0,0,"['B533', 'B159', 'B559', 'B215', 'B675', 'B741', 'B750', 'B596']",4.0,S56,6.24,8,12,20,0.0,,-0.049571,-12.407861,-12.457432,False,False,12,S51,True,8,2.0703,pickup,,,,,,,,,,,,,,,,,,,,,,,,,,,,,,,,,,,,,,,,,,,,,,,,,,,,
43,27,17,38,S56,False,8,12,20,8,0,0,0,0,0,"['B533', 'B159', 'B559', 'B215', 'B675', 'B741', 'B750', 'B596']",4.0,S63,4.53,0,12,12,0.0,,-0.03976,-12.179632,-12.219392,False,False,18,S51,True,10,3.6893,delivery,,,,,,,,,,,,,,,,,,,,,,,,,,,,,,,,,,,,,,,,,,,,,,,,,,,,
43,27,17,46,S63,False,0,12,12,0,8,0,0,0,0,"['B27', 'B322', 'B568', 'B422', 'B651', 'B262', 'B599', 'B638']",4.0,S54,3.86,8,12,20,0.0,,-0.044779,-12.242947,-12.287725,False,False,12,S45,True,10,2.4177,pickup,,,,,,,,,,,,,,,,,,,,,,,,,,,,,,,,,,,,,,,,,,,,,,,,,,,,
43,27,17,54,S54,False,8,12,20,8,0,0,0,0,0,"['B27', 'B322', 'B568', 'B422', 'B651', 'B262', 'B599', 'B638']",4.0,S41,6.96,0,12,12,0.0,,-0.034766,-12.20795,-12.242716,False,False,12,S53,True,7,2.2775,delivery,,,,,,,,,,,,,,,,,,,,,,,,,,,,,,,,,,,,,,,,,,,,,,,,,,,,
43,27,18,5,S41,False,0,12,12,0,8,0,0,0,0,"['B359', 'B254', 'B55', 'B570', 'B673', 'B607', 'B342', 'B185']",4.0,S65,2.23,8,12,20,0.0,,-0.049583,-12.218341,-12.267924,False,False,12,S31,True,9,1.9907,pickup,,,,,,,,,,,,,,,,,,,,,,,,,,,,,,,,,,,,,,,,,,,,,,,,,,,,
43,27,18,11,S65,False,8,12,20,8,0,0,0,0,0,"['B359', 'B254', 'B55', 'B570', 'B673', 'B607', 'B342', 'B185']",4.0,S18,4.55,0,12,12,0.0,,-0.04952,-12.220711,-12.270232,False,False,12,S34,True,6,2.0489,delivery,,,,,,,,,,,,,,,,,,,,,,,,,,,,,,,,,,,,,,,,,,,,,,,,,,,,
43,27,18,20,S18,False,0,12,12,0,8,0,0,0,0,"['B479', 'B382', 'B464', 'B630', 'B604', 'B397', 'B201', 'B658']",4.0,S54,5.81,8,12,20,0.0,,-0.039634,-12.211072,-12.250706,False,False,12,S54,False,6,2.107,pickup,,,,,,,,,,,,,,,,,,,,,,,,,,,,,,,,,,,,,,,,,,,,,,,,,,,,
43,27,18,30,S54,False,8,12,20,8,0,0,0,0,0,"['B479', 'B382', 'B464', 'B630', 'B604', 'B397', 'B201', 'B658']",4.0,S53,2.46,0,12,12,0.0,,-0.034716,-12.722127,-12.756843,False,False,12,S50,True,7,2.4393,delivery,,,,,,,,,,,,,,,,,,,,,,,,,,,,,,,,,,,,,,,,,,,,,,,,,,,,
43,27,18,36,S53,False,0,12,12,0,8,0,0,0,0,"['B484', 'B279', 'B451', 'B299', 'B126', 'B408', 'B300', 'B8']",4.0,S15,4.77,8,12,20,0.0,,-0.024817,-12.622841,-12.647658,True,False,18,S56,True,13,2.8945,pickup,,,,,,,,,,,,,,,,,,,,,,,,,,,,,,,,,,,,,,,,,,,,,,,,,,,,
43,27,18,45,S15,False,8,12,20,8,0,0,0,0,0,"['B484', 'B279', 'B451', 'B299', 'B126', 'B408', 'B300', 'B8']",4.0,S5,10.44,0,12,12,0.0,,-0.024817,-12.600807,-12.625624,False,False,12,S34,True,10,2.0308,delivery,,,,,,,,,,,,,,,,,,,,,,,,,,,,,,,,,,,,,,,,,,,,,,,,,,,,
43,27,18,59,S5,False,0,12,12,0,8,0,0,0,0,"['B746', 'B89', 'B195', 'B196', 'B475', 'B253', 'B26', 'B113']",4.0,S27,9.52,8,12,20,0.0,,-0.074224,-12.633673,-12.707897,False,False,12,S56,True,6,2.3602,pickup,,,,,,,,,,,,,,,,,,,,,,,,,,,,,,,,,,,,,,,,,,,,,,,,,,,,
43,27,19,13,S27,False,8,12,20,8,0,0,0,0,0,"['B746', 'B89', 'B195', 'B196', 'B475', 'B253', 'B26', 'B113']",4.0,S9,11.76,0,12,12,0.0,,-0.069571,-12.659523,-12.729094,False,False,12,S4,True,8,1.9125,delivery,,,,,,,,,,,,,,,,,,,,,,,,,,,,,,,,,,,,,,,,,,,,,,,,,,,,
43,27,19,29,S9,False,0,12,12,0,8,0,0,0,0,"['B587', 'B154', 'B246', 'B437', 'B392', 'B550', 'B194', 'B612']",4.0,S44,7.28,8,12,20,0.0,,-0.034766,-12.59179,-12.626556,False,False,12,S44,False,6,2.1456,pickup,,,,,,,,,,,,,,,,,,,,,,,,,,,,,,,,,,,,,,,,,,,,,,,,,,,,
43,27,19,40,S44,False,8,12,20,8,0,0,0,0,0,"['B587', 'B154', 'B246', 'B437', 'B392', 'B550', 'B194', 'B612']",4.0,S63,0.47,0,12,12,0.0,,-0.049684,-12.382417,-12.432101,False,False,12,S4,True,7,1.9689,delivery,,,,,,,,,,,,,,,,,,,,,,,,,,,,,,,,,,,,,,,,,,,,,,,,,,,,
43,27,19,44,S63,False,0,12,12,0,0,0,0,0,0,[],0.0,S33,1.55,0,12,12,0.0,,-0.044703,-12.411376,-12.456079,False,False,6,S33,False,0,1.0204,do_nothing,,,,,,,,,,,,,,,,,,,,,,,,,,,,,,,,,,,,,,,,,,,,,,,,,,,,
43,27,19,46,S33,False,0,12,12,0,0,0,0,0,0,[],0.0,S63,1.55,0,12,12,0.0,,-0.079532,-12.409022,-12.488555,False,False,4,D0,True,0,0.7305,do_nothing,,,,,,,,,,,,,,,,,,,,,,,,,,,,,,,,,,,,,,,,,,,,,,,,,,,,
43,27,19,48,S63,False,0,12,12,0,8,0,0,0,0,"['B736', 'B631', 'B701', 'B193', 'B187', 'B377', 'B333', 'B255']",4.0,D0,1.87,8,12,20,0.0,,-0.024867,-12.655313,-12.68018,False,False,2,D0,False,1,0.3755,pickup,,,,,,,,,,,,,,,,,,,,,,,,,,,,,,,,,,,,,,,,,,,,,,,,,,,,
43,27,19,53,D0,True,8,12,20,0,0,0,0,12,8,"['B225', 'B179', 'B386', 'B128', 'B676', 'B44', 'B540', 'B268', 'B403', 'B615', 'B198', 'B488', 'B180', 'B407', 'B146', 'B715', 'B141', 'B637', 'B742', 'B622']",10.0,D0,0.0,16,0,16,0.0,,-0.034817,-12.605607,-12.640424,True,True,1,D0,False,0,0.2032,do_nothing,,,,,,,,,,,,,,,,,,,,,,,,,,,,,,,,,,,,,,,,,,,,,,,,,,,,
