seed,day,hour,minute,current_station_id,is_at_depot,functional_load_before,depot_load_before,total_load_before,functional_deliveries,functional_pickups,onsite_repairs,depot_pickups,depot_deliveries,load_from_queue,bikes_involved,action_duration_min,next_station_id,travel_time_min,functional_load_after,depot_load_after,total_load_after,immediate_reward,vfa_value,accumulated_rollout_reward,tail_value,final_decision_score,maintenance_flag_present,selected_action_is_maintenance,n_total_candidates,vfa_top1_next_station,rollout_changed_decision,winning_candidate_rank,decision_runtime_s,winning_profile_type,phi_rebalancing_imbalance,phi_squared_starvation_penalty,phi_squared_congestion_penalty,phi_starvation_severity_max,phi_congestion_severity_max,phi_starvation_count,phi_congestion_count,phi_gross_starvation_risk,phi_gross_congestion_risk,phi_net_starvation_shortfall,phi_net_congestion_shortfall,phi_trailer_cannibalization,phi_global_onsite_backlog,phi_global_depot_backlog,phi_demand_weighted_depot_backlog,phi_demand_weighted_onsite_backlog,phi_fleet_broken_fraction,phi_depot_idle_fraction,phi_recoverable_starvation,phi_maintenance_urgency,phi_rush_hour_onsite_backlog,phi_fleet_failure_risk,phi_fleet_health_deficit,phi_fleet_low_health_fraction,phi_depot_bound_health_deficit,phi_onsite_health_deficit,phi_maintenance_restoration_value,phi_onsite_shortage_pressure,phi_depot_shortage_pressure,phi_current_station_onsite_shortage_pressure,phi_current_station_depot_shortage_pressure,phi_broken_cargo_distance_pressure,phi_late_broken_cargo_pressure,phi_repaired_idle_away_pressure,phi_depot_pipeline_pressure,phi_depot_queue_pickup_opportunity,phi_degradation_demand_exposure,phi_destination_starv_ratio,phi_destination_cong_ratio,phi_destination_onsite_fraction,phi_destination_depot_fraction,phi_destination_travel_penalty,phi_destination_roi_starvation,phi_cur_station_onsite_fraction,phi_cur_station_func_deficit,phi_functional_load_late_pressure,phi_depot_load_late_pressure,phi_non_depot_late_load_pressure,phi_late_depot_return,phi_depot_slack_fraction,phi_can_return_to_depot,phi_depot_return_urgency
49,7,6,7,D0,True,20,0,20,0,0,0,0,0,0,[],0.0,S27,1.1,20,0,20,0.0,,-3.300131,-13.927099,-17.227231,True,True,1,S27,False,0,0.028,depot_passthrough,,,,,,,,,,,,,,,,,,,,,,,,,,,,,,,,,,,,,,,,,,,,,,,,,,,,
49,7,6,24,S27,False,20,0,20,18,0,0,0,0,0,"['B2', 'B327', 'B516', 'B160', 'B698', 'B370', 'B91', 'B669', 'B723', 'B228', 'B1', 'B33', 'B266', 'B193', 'B531', 'B178', 'B309', 'B114']",9.0,S44,4.5,2,0,2,0.0,,-3.696564,-14.063139,-17.759703,False,False,6,S15,True,2,0.1675,delivery,,,,,,,,,,,,,,,,,,,,,,,,,,,,,,,,,,,,,,,,,,,,,,,,,,,,
49,7,6,37,S44,False,2,0,2,0,18,0,0,0,0,"['B686', 'B710', 'B67', 'B614', 'B608', 'B367', 'B414', 'B604', 'B381', 'B106', 'B44', 'B736', 'B702', 'B385', 'B151', 'B429', 'B753', 'B308']",9.0,S51,3.83,20,0,20,0.0,,-3.003,-13.903103,-16.906103,True,False,8,S16,True,4,0.2429,pickup,,,,,,,,,,,,,,,,,,,,,,,,,,,,,,,,,,,,,,,,,,,,,,,,,,,,
49,7,6,50,S51,False,20,0,20,17,0,1,0,0,0,"['B176', 'B139', 'B686', 'B710', 'B67', 'B614', 'B608', 'B367', 'B414', 'B604', 'B381', 'B106', 'B44', 'B736', 'B702', 'B385', 'B151']",11.5,S39,7.16,3,0,3,0.0,,-2.512535,-13.979408,-16.491943,True,True,12,S48,True,6,0.3469,delivery+onsite,,,,,,,,,,,,,,,,,,,,,,,,,,,,,,,,,,,,,,,,,,,,,,,,,,,,
49,7,7,9,S39,False,3,0,3,0,17,0,0,0,0,"['B166', 'B120', 'B286', 'B728', 'B62', 'B718', 'B184', 'B528', 'B158', 'B449', 'B396', 'B407', 'B348', 'B655', 'B696', 'B237', 'B482']",8.5,S26,9.74,20,0,20,0.0,,-2.087562,-13.955115,-16.042676,False,False,4,S26,False,2,0.1068,pickup,,,,,,,,,,,,,,,,,,,,,,,,,,,,,,,,,,,,,,,,,,,,,,,,,,,,
49,7,7,27,S26,False,20,0,20,20,0,0,0,0,0,"['B429', 'B753', 'B308', 'B166', 'B120', 'B286', 'B728', 'B62', 'B718', 'B184', 'B528', 'B158', 'B449', 'B396', 'B407', 'B348', 'B655', 'B696', 'B237', 'B482']",10.0,S29,5.02,0,0,0,0.0,,-1.438383,-13.891815,-15.330198,False,False,4,S29,False,2,0.1156,delivery,,,,,,,,,,,,,,,,,,,,,,,,,,,,,,,,,,,,,,,,,,,,,,,,,,,,
49,7,7,42,S29,False,0,0,0,0,0,0,1,0,0,['B342'],0.5,S54,1.43,0,1,1,0.0,,-1.269209,-13.805024,-15.074233,True,True,12,S34,True,2,0.3228,do_nothing+depot_removal,,,,,,,,,,,,,,,,,,,,,,,,,,,,,,,,,,,,,,,,,,,,,,,,,,,,
49,7,7,44,S54,False,0,1,1,0,18,0,0,0,0,"['B738', 'B755', 'B679', 'B271', 'B722', 'B242', 'B383', 'B248', 'B720', 'B497', 'B573', 'B284', 'B302', 'B422', 'B578', 'B583', 'B638', 'B285']",9.0,S40,2.17,18,1,19,0.0,,-1.4682,-13.630505,-15.098706,False,False,6,S29,True,4,0.1974,pickup,,,,,,,,,,,,,,,,,,,,,,,,,,,,,,,,,,,,,,,,,,,,,,,,,,,,
49,7,7,55,S40,False,18,1,19,13,0,0,3,0,0,"['B132', 'B194', 'B103', 'B738', 'B755', 'B679', 'B271', 'B722', 'B242', 'B383', 'B248', 'B720', 'B497', 'B573', 'B284', 'B302']",8.0,S29,3.08,5,4,9,0.0,,-1.400025,-13.755569,-15.155595,True,True,20,S29,False,18,0.5401,delivery+depot_removal,,,,,,,,,,,,,,,,,,,,,,,,,,,,,,,,,,,,,,,,,,,,,,,,,,,,
49,7,8,6,S29,False,5,4,9,0,11,0,0,0,0,"['B581', 'B157', 'B247', 'B169', 'B463', 'B41', 'B19', 'B549', 'B54', 'B362', 'B202']",5.5,S15,3.9,16,4,20,0.0,,-1.337522,-13.807245,-15.144767,False,False,4,S15,False,2,0.1075,pickup,,,,,,,,,,,,,,,,,,,,,,,,,,,,,,,,,,,,,,,,,,,,,,,,,,,,
49,7,8,15,S15,False,16,4,20,16,0,0,0,0,0,"['B422', 'B578', 'B583', 'B638', 'B285', 'B581', 'B157', 'B247', 'B169', 'B463', 'B41', 'B19', 'B549', 'B54', 'B362', 'B202']",8.0,S38,6.4,0,4,4,0.0,,-1.165749,-13.707325,-14.873073,False,False,4,S38,False,2,0.1097,delivery,,,,,,,,,,,,,,,,,,,,,,,,,,,,,,,,,,,,,,,,,,,,,,,,,,,,
49,7,8,30,S38,False,0,4,4,0,16,0,0,0,0,"['B668', 'B597', 'B260', 'B161', 'B484', 'B258', 'B127', 'B627', 'B673', 'B584', 'B646', 'B508', 'B441', 'B299', 'B591', 'B520']",8.0,S18,1.67,16,4,20,0.0,,-1.041283,-13.560473,-14.601757,True,False,6,S18,False,4,0.1584,pickup,,,,,,,,,,,,,,,,,,,,,,,,,,,,,,,,,,,,,,,,,,,,,,,,,,,,
49,7,8,39,S18,False,16,4,20,0,0,0,0,0,0,[],0.0,S34,5.53,16,4,20,0.0,,-1.103135,-13.680195,-14.78333,False,False,6,S34,False,0,0.161,do_nothing,,,,,,,,,,,,,,,,,,,,,,,,,,,,,,,,,,,,,,,,,,,,,,,,,,,,
49,7,8,45,S34,False,16,4,20,13,0,0,0,0,0,"['B668', 'B597', 'B260', 'B161', 'B484', 'B258', 'B127', 'B627', 'B673', 'B584', 'B646', 'B508', 'B441']",6.5,S1,4.8,3,4,7,0.0,,-1.110499,-13.353061,-14.46356,False,False,6,S1,False,4,0.1609,delivery,,,,,,,,,,,,,,,,,,,,,,,,,,,,,,,,,,,,,,,,,,,,,,,,,,,,
49,7,8,56,S1,False,3,4,7,0,13,0,0,0,0,"['B588', 'B457', 'B680', 'B532', 'B735', 'B350', 'B78', 'B104', 'B767', 'B315', 'B300', 'B724', 'B599']",6.5,S48,8.18,16,4,20,0.0,,-1.039211,-13.400531,-14.439742,False,False,4,S48,False,2,0.1271,pickup,,,,,,,,,,,,,,,,,,,,,,,,,,,,,,,,,,,,,,,,,,,,,,,,,,,,
49,7,9,11,S48,False,16,4,20,8,0,1,1,0,0,"['B514', 'B299', 'B591', 'B520', 'B588', 'B457', 'B680', 'B532', 'B735']",7.5,S9,3.03,8,5,13,0.0,,-0.712886,-13.42051,-14.133396,True,True,20,S7,True,10,0.5759,delivery+maintenance,,,,,,,,,,,,,,,,,,,,,,,,,,,,,,,,,,,,,,,,,,,,,,,,,,,,
49,7,9,21,S9,False,8,5,13,0,0,0,0,0,0,[],0.0,S62,9.28,8,5,13,0.0,,-1.10642,-13.816273,-14.922693,True,False,8,S7,True,0,0.2138,do_nothing,,,,,,,,,,,,,,,,,,,,,,,,,,,,,,,,,,,,,,,,,,,,,,,,,,,,
49,7,9,31,S62,False,8,5,13,0,7,0,0,0,0,"['B617', 'B412', 'B539', 'B473', 'B461', 'B333', 'B47']",3.5,S29,3.79,15,5,20,0.0,,-0.553456,-13.986917,-14.540373,False,False,4,S29,False,2,0.1085,pickup,,,,,,,,,,,,,,,,,,,,,,,,,,,,,,,,,,,,,,,,,,,,,,,,,,,,
49,7,9,38,S29,False,15,5,20,15,0,0,0,0,0,"['B350', 'B78', 'B104', 'B767', 'B315', 'B300', 'B724', 'B599', 'B617', 'B412', 'B539', 'B473', 'B461', 'B333', 'B47']",7.5,S35,1.95,0,5,5,0.0,,-0.943228,-13.862401,-14.805629,False,False,4,S66,True,2,0.1292,delivery,,,,,,,,,,,,,,,,,,,,,,,,,,,,,,,,,,,,,,,,,,,,,,,,,,,,
49,7,9,48,S35,False,0,5,5,0,14,1,1,0,0,"['B3', 'B572', 'B417', 'B742', 'B569', 'B564', 'B88', 'B82', 'B762', 'B63', 'B483', 'B213', 'B261', 'B383', 'B440']",10.5,S17,7.9,14,6,20,0.0,,-0.750127,-13.929868,-14.679995,True,True,24,S32,True,14,0.6393,pickup+maintenance,,,,,,,,,,,,,,,,,,,,,,,,,,,,,,,,,,,,,,,,,,,,,,,,,,,,
49,7,10,6,S17,False,14,6,20,13,0,0,0,0,0,"['B3', 'B572', 'B417', 'B742', 'B569', 'B564', 'B88', 'B82', 'B762', 'B63', 'B483', 'B213', 'B261']",6.5,S32,9.65,1,6,7,0.0,,-1.047348,-14.077552,-15.124899,False,False,6,S32,False,2,0.1665,delivery,,,,,,,,,,,,,,,,,,,,,,,,,,,,,,,,,,,,,,,,,,,,,,,,,,,,
49,7,10,22,S32,False,1,6,7,0,13,0,0,0,0,"['B488', 'B740', 'B116', 'B550', 'B715', 'B185', 'B445', 'B331', 'B130', 'B257', 'B152', 'B731', 'B212']",6.5,S29,3.29,14,6,20,0.0,,-0.585179,-14.000464,-14.585643,False,False,6,S29,True,2,0.1599,pickup,,,,,,,,,,,,,,,,,,,,,,,,,,,,,,,,,,,,,,,,,,,,,,,,,,,,
49,7,10,32,S29,False,14,6,20,0,0,0,0,0,0,[],0.0,S56,2.28,14,6,20,0.0,,-0.746065,-13.752875,-14.49894,False,False,4,S54,True,0,0.142,do_nothing,,,,,,,,,,,,,,,,,,,,,,,,,,,,,,,,,,,,,,,,,,,,,,,,,,,,
49,7,10,34,S56,False,14,6,20,7,0,1,3,0,0,"['B622', 'B131', 'B624', 'B383', 'B488', 'B740', 'B116', 'B550', 'B715', 'B185']",8.0,S29,2.28,7,9,16,0.0,,-0.914297,-13.711731,-14.626028,True,True,36,S29,True,34,0.9561,delivery+maintenance,,,,,,,,,,,,,,,,,,,,,,,,,,,,,,,,,,,,,,,,,,,,,,,,,,,,
49,7,10,44,S29,False,7,9,16,7,0,0,0,0,0,"['B445', 'B331', 'B130', 'B257', 'B152', 'B731', 'B212']",3.5,S53,3.88,0,9,9,0.0,,-0.520012,-13.755388,-14.2754,False,False,4,S61,True,2,0.1046,delivery,,,,,,,,,,,,,,,,,,,,,,,,,,,,,,,,,,,,,,,,,,,,,,,,,,,,
49,7,10,52,S53,False,0,9,9,0,11,0,0,0,0,"['B500', 'B235', 'B165', 'B206', 'B149', 'B682', 'B687', 'B232', 'B263', 'B635', 'B361']",5.5,S44,1.73,11,9,20,0.0,,-1.201822,-13.686165,-14.887987,False,False,4,S44,False,2,0.1213,pickup,,,,,,,,,,,,,,,,,,,,,,,,,,,,,,,,,,,,,,,,,,,,,,,,,,,,
49,7,10,59,S44,False,11,9,20,0,0,2,0,0,0,[],6.0,S29,5.3,11,9,20,0.0,,-0.917474,-13.513716,-14.431191,True,True,18,S29,False,4,0.4941,do_nothing+onsite,,,,,,,,,,,,,,,,,,,,,,,,,,,,,,,,,,,,,,,,,,,,,,,,,,,,
49,7,11,10,S29,False,11,9,20,11,0,0,0,0,0,"['B500', 'B235', 'B165', 'B206', 'B149', 'B682', 'B687', 'B232', 'B263', 'B635', 'B361']",5.5,S60,7.31,0,9,9,0.0,,-1.203214,-13.578132,-14.781346,False,False,4,S50,True,2,0.1088,delivery,,,,,,,,,,,,,,,,,,,,,,,,,,,,,,,,,,,,,,,,,,,,,,,,,,,,
49,7,11,23,S60,False,0,9,9,0,11,0,0,0,0,"['B278', 'B115', 'B587', 'B643', 'B529', 'B234', 'B279', 'B542', 'B664', 'B689', 'B199']",5.5,S31,0.89,11,9,20,0.0,,-1.172359,-13.737634,-14.909993,False,False,4,S31,False,2,0.1056,pickup,,,,,,,,,,,,,,,,,,,,,,,,,,,,,,,,,,,,,,,,,,,,,,,,,,,,
49,7,11,30,S31,False,11,9,20,11,0,0,0,0,0,"['B278', 'B115', 'B587', 'B643', 'B529', 'B234', 'B279', 'B542', 'B664', 'B689', 'B199']",5.5,S37,2.81,0,9,9,0.0,,-1.430551,-13.594731,-15.025281,False,False,4,S66,True,2,0.1092,delivery,,,,,,,,,,,,,,,,,,,,,,,,,,,,,,,,,,,,,,,,,,,,,,,,,,,,
49,7,11,38,S37,False,0,9,9,0,11,1,0,0,0,"['B254', 'B16', 'B144', 'B524', 'B23', 'B452', 'B332', 'B629', 'B502', 'B32', 'B536']",8.5,S26,7.79,11,9,20,0.0,,-1.369742,-13.688266,-15.058009,True,True,8,S26,False,6,0.2774,pickup+onsite,,,,,,,,,,,,,,,,,,,,,,,,,,,,,,,,,,,,,,,,,,,,,,,,,,,,
49,7,11,54,S26,False,11,9,20,11,0,0,0,0,0,"['B254', 'B16', 'B144', 'B524', 'B23', 'B452', 'B332', 'B629', 'B502', 'B32', 'B536']",5.5,S49,8.9,0,9,9,0.0,,-1.529076,-13.516219,-15.045295,False,False,4,S50,True,2,0.1089,delivery,,,,,,,,,,,,,,,,,,,,,,,,,,,,,,,,,,,,,,,,,,,,,,,,,,,,
49,7,12,9,S49,False,0,9,9,0,11,0,0,0,0,"['B343', 'B223', 'B22', 'B493', 'B182', 'B504', 'B38', 'B711', 'B192', 'B344', 'B415']",5.5,S58,2.86,11,9,20,0.0,,-1.489499,-13.677111,-15.166609,False,False,4,S58,False,2,0.1044,pickup,,,,,,,,,,,,,,,,,,,,,,,,,,,,,,,,,,,,,,,,,,,,,,,,,,,,
49,7,12,17,S58,False,11,9,20,11,0,0,0,0,0,"['B343', 'B223', 'B22', 'B493', 'B182', 'B504', 'B38', 'B711', 'B192', 'B344', 'B415']",5.5,S51,4.51,0,9,9,0.0,,-1.820682,-13.469381,-15.290063,False,False,4,S50,True,2,0.1086,delivery,,,,,,,,,,,,,,,,,,,,,,,,,,,,,,,,,,,,,,,,,,,,,,,,,,,,
49,7,12,27,S51,False,0,9,9,0,11,0,0,0,0,"['B376', 'B196', 'B197', 'B470', 'B590', 'B170', 'B356', 'B307', 'B420', 'B565', 'B382']",5.5,S50,8.8,11,9,20,0.0,,-0.745976,-13.336905,-14.082881,False,False,4,S50,False,2,0.1133,pickup,,,,,,,,,,,,,,,,,,,,,,,,,,,,,,,,,,,,,,,,,,,,,,,,,,,,
49,7,12,41,S50,False,11,9,20,11,0,1,0,0,0,"['B376', 'B196', 'B197', 'B470', 'B590', 'B170', 'B356', 'B307', 'B420', 'B565', 'B382']",8.5,S47,9.95,0,9,9,0.0,,-1.985115,-13.453399,-15.438514,True,True,8,S47,False,6,0.2239,delivery+onsite,,,,,,,,,,,,,,,,,,,,,,,,,,,,,,,,,,,,,,,,,,,,,,,,,,,,
49,7,13,0,S47,False,0,9,9,0,11,1,0,0,0,"['B402', 'B400', 'B159', 'B712', 'B93', 'B666', 'B39', 'B167', 'B405', 'B355', 'B460']",8.5,S38,4.38,11,9,20,0.0,,-1.793108,-13.47892,-15.272028,True,True,12,S38,True,6,0.3929,pickup+onsite,,,,,,,,,,,,,,,,,,,,,,,,,,,,,,,,,,,,,,,,,,,,,,,,,,,,
49,7,13,13,S38,False,11,9,20,11,0,0,1,0,0,"['B631', 'B402', 'B400', 'B159', 'B712', 'B93', 'B666', 'B39', 'B167', 'B405', 'B355', 'B460']",6.0,S39,1.78,0,10,10,0.0,,-2.145444,-13.632424,-15.777868,True,True,6,S39,False,4,0.1636,delivery+depot_removal,,,,,,,,,,,,,,,,,,,,,,,,,,,,,,,,,,,,,,,,,,,,,,,,,,,,
49,7,13,20,S39,False,0,10,10,0,10,0,0,0,0,"['B13', 'B580', 'B436', 'B204', 'B434', 'B319', 'B262', 'B208', 'B709', 'B121']",5.0,S64,2.55,10,10,20,0.0,,-1.989533,-13.602292,-15.591825,False,False,4,S64,False,2,0.1477,pickup,,,,,,,,,,,,,,,,,,,,,,,,,,,,,,,,,,,,,,,,,,,,,,,,,,,,
49,7,13,28,S64,False,10,10,20,10,0,0,0,0,0,"['B13', 'B580', 'B436', 'B204', 'B434', 'B319', 'B262', 'B208', 'B709', 'B121']",5.0,S52,2.64,0,10,10,0.0,,-1.725537,-13.464597,-15.190134,True,False,12,S29,True,8,0.3875,delivery,,,,,,,,,,,,,,,,,,,,,,,,,,,,,,,,,,,,,,,,,,,,,,,,,,,,
49,7,13,36,S52,False,0,10,10,0,9,2,1,0,0,"['B391', 'B561', 'B677', 'B195', 'B301', 'B276', 'B563', 'B430', 'B318', 'B218']",11.0,S29,5.05,9,11,20,0.0,,-1.497188,-13.21677,-14.713957,True,True,36,S29,False,34,0.9241,pickup+maintenance,,,,,,,,,,,,,,,,,,,,,,,,,,,,,,,,,,,,,,,,,,,,,,,,,,,,
49,7,13,52,S29,False,9,11,20,9,0,0,0,0,0,"['B391', 'B561', 'B677', 'B195', 'B301', 'B276', 'B563', 'B430', 'B318']",4.5,S34,2.43,0,11,11,0.0,,-2.079126,-13.29191,-15.371036,False,False,4,S34,False,2,0.1064,delivery,,,,,,,,,,,,,,,,,,,,,,,,,,,,,,,,,,,,,,,,,,,,,,,,,,,,
49,7,13,58,S34,False,0,11,11,0,0,0,0,0,0,[],0.0,S12,10.17,0,11,11,0.0,,-2.090814,-13.132221,-15.223035,False,False,4,S12,False,0,0.1043,do_nothing,,,,,,,,,,,,,,,,,,,,,,,,,,,,,,,,,,,,,,,,,,,,,,,,,,,,
49,7,14,9,S12,False,0,11,11,0,9,0,0,0,0,"['B171', 'B387', 'B251', 'B657', 'B17', 'B727', 'B225', 'B358', 'B626']",4.5,S26,13.22,9,11,20,0.0,,-1.953658,-13.337844,-15.291502,False,False,4,S26,False,2,0.1039,pickup,,,,,,,,,,,,,,,,,,,,,,,,,,,,,,,,,,,,,,,,,,,,,,,,,,,,
49,7,14,26,S26,False,9,11,20,0,0,0,0,0,0,[],0.0,S42,6.95,9,11,20,0.0,,-1.959059,-13.311523,-15.270582,False,False,4,S42,False,0,0.1041,do_nothing,,,,,,,,,,,,,,,,,,,,,,,,,,,,,,,,,,,,,,,,,,,,,,,,,,,,
49,7,14,33,S42,False,9,11,20,9,0,0,0,0,0,"['B171', 'B387', 'B251', 'B657', 'B17', 'B727', 'B225', 'B358', 'B626']",4.5,S62,6.87,0,11,11,0.0,,-2.949181,-13.422523,-16.371703,False,False,4,S62,False,2,0.1042,delivery,,,,,,,,,,,,,,,,,,,,,,,,,,,,,,,,,,,,,,,,,,,,,,,,,,,,
49,7,14,45,S62,False,0,11,11,0,9,0,0,0,0,"['B288', 'B327', 'B448', 'B544', 'B451', 'B14', 'B334', 'B684', 'B574']",4.5,S26,5.52,9,11,20,0.0,,-1.926736,-13.317129,-15.243865,False,False,4,S26,False,2,0.1089,pickup,,,,,,,,,,,,,,,,,,,,,,,,,,,,,,,,,,,,,,,,,,,,,,,,,,,,
49,7,14,55,S26,False,9,11,20,9,0,0,0,0,0,"['B288', 'B327', 'B448', 'B544', 'B451', 'B14', 'B334', 'B684', 'B574']",4.5,S25,10.38,0,11,11,0.0,,-1.464886,-13.293574,-14.75846,False,False,4,S25,False,2,0.1122,delivery,,,,,,,,,,,,,,,,,,,,,,,,,,,,,,,,,,,,,,,,,,,,,,,,,,,,
49,7,15,10,S25,False,0,11,11,0,0,0,0,0,0,[],0.0,S12,19.34,0,11,11,0.0,,-2.738971,-13.487226,-16.226196,False,False,4,S12,False,0,0.105,do_nothing,,,,,,,,,,,,,,,,,,,,,,,,,,,,,,,,,,,,,,,,,,,,,,,,,,,,
49,7,15,29,S12,False,0,11,11,0,9,0,0,0,0,"['B736', 'B68', 'B486', 'B594', 'B402', 'B226', 'B106', 'B660', 'B745']",4.5,S32,6.07,9,11,20,0.0,,-1.983729,-13.363324,-15.347053,False,False,4,S32,False,2,0.1049,pickup,,,,,,,,,,,,,,,,,,,,,,,,,,,,,,,,,,,,,,,,,,,,,,,,,,,,
49,7,15,39,S32,False,9,11,20,9,0,0,0,0,0,"['B736', 'B68', 'B486', 'B594', 'B402', 'B226', 'B106', 'B660', 'B745']",4.5,S51,4.37,0,11,11,0.0,,-1.666167,-12.916189,-14.582356,False,False,4,S35,True,2,0.1135,delivery,,,,,,,,,,,,,,,,,,,,,,,,,,,,,,,,,,,,,,,,,,,,,,,,,,,,
49,7,15,48,S51,False,0,11,11,0,0,0,0,0,0,[],0.0,S66,7.67,0,11,11,0.0,,-1.139542,-13.089623,-14.229165,False,False,4,S39,True,0,0.1048,do_nothing,,,,,,,,,,,,,,,,,,,,,,,,,,,,,,,,,,,,,,,,,,,,,,,,,,,,
49,7,15,56,S66,False,0,11,11,0,9,0,0,0,0,"['B277', 'B378', 'B15', 'B238', 'B41', 'B597', 'B650', 'B102', 'B701']",4.5,S39,4.09,9,11,20,0.0,,-1.828614,-13.068622,-14.897235,False,False,4,S39,False,2,0.1046,pickup,,,,,,,,,,,,,,,,,,,,,,,,,,,,,,,,,,,,,,,,,,,,,,,,,,,,
49,7,16,5,S39,False,9,11,20,0,0,0,0,0,0,[],0.0,S37,3.55,9,11,20,0.0,,-1.766266,-13.075071,-14.841337,False,False,4,S37,False,0,0.1045,do_nothing,,,,,,,,,,,,,,,,,,,,,,,,,,,,,,,,,,,,,,,,,,,,,,,,,,,,
49,7,16,8,S37,False,9,11,20,9,0,0,0,0,0,"['B277', 'B378', 'B15', 'B238', 'B41', 'B597', 'B650', 'B102', 'B701']",4.5,S31,2.81,0,11,11,0.0,,-2.193415,-13.166787,-15.360202,False,False,4,S4,True,2,0.1046,delivery,,,,,,,,,,,,,,,,,,,,,,,,,,,,,,,,,,,,,,,,,,,,,,,,,,,,
49,7,16,15,S31,False,0,11,11,0,9,0,0,0,0,"['B11', 'B741', 'B330', 'B431', 'B607', 'B713', 'B571', 'B141', 'B703']",4.5,S4,2.07,9,11,20,0.0,,-1.599747,-13.089064,-14.688811,False,False,4,S65,True,2,0.1046,pickup,,,,,,,,,,,,,,,,,,,,,,,,,,,,,,,,,,,,,,,,,,,,,,,,,,,,
49,7,16,22,S4,False,9,11,20,9,0,0,0,0,0,"['B11', 'B741', 'B330', 'B431', 'B607', 'B713', 'B571', 'B141', 'B703']",4.5,S12,7.31,0,11,11,0.0,,-1.442275,-13.040265,-14.48254,False,False,4,S12,False,2,0.1043,delivery,,,,,,,,,,,,,,,,,,,,,,,,,,,,,,,,,,,,,,,,,,,,,,,,,,,,
49,7,16,34,S12,False,0,11,11,0,9,0,0,0,0,"['B602', 'B160', 'B44', 'B526', 'B320', 'B163', 'B85', 'B268', 'B340']",4.5,S26,13.22,9,11,20,0.0,,-1.597727,-12.915068,-14.512795,False,False,4,S51,True,2,0.1046,pickup,,,,,,,,,,,,,,,,,,,,,,,,,,,,,,,,,,,,,,,,,,,,,,,,,,,,
49,7,16,52,S26,False,9,11,20,0,0,0,0,0,0,[],0.0,S54,5.73,9,11,20,0.0,,-0.818847,-13.09418,-13.913027,False,False,4,S54,False,0,0.1089,do_nothing,,,,,,,,,,,,,,,,,,,,,,,,,,,,,,,,,,,,,,,,,,,,,,,,,,,,
49,7,16,57,S54,False,9,11,20,9,0,1,0,0,0,"['B602', 'B160', 'B44', 'B526', 'B320', 'B163', 'B85', 'B268', 'B340']",7.5,S33,3.1,0,11,11,0.0,,-0.976396,-13.061186,-14.037582,True,True,8,S33,False,6,0.2073,delivery+onsite,,,,,,,,,,,,,,,,,,,,,,,,,,,,,,,,,,,,,,,,,,,,,,,,,,,,
49,7,17,8,S33,False,0,11,11,0,0,0,0,0,0,[],0.0,S51,4.94,0,11,11,0.0,,-1.107397,-13.196263,-14.30366,False,False,4,S51,False,0,0.1069,do_nothing,,,,,,,,,,,,,,,,,,,,,,,,,,,,,,,,,,,,,,,,,,,,,,,,,,,,
49,7,17,13,S51,False,0,11,11,0,9,0,0,0,0,"['B299', 'B749', 'B548', 'B98', 'B239', 'B388', 'B556', 'B33', 'B111']",4.5,S58,4.51,9,11,20,0.0,,-1.009874,-13.020269,-14.030143,False,False,4,S58,False,2,0.1053,pickup,,,,,,,,,,,,,,,,,,,,,,,,,,,,,,,,,,,,,,,,,,,,,,,,,,,,
49,7,17,22,S58,False,9,11,20,9,0,0,0,0,0,"['B299', 'B749', 'B548', 'B98', 'B239', 'B388', 'B556', 'B33', 'B111']",4.5,S43,1.78,0,11,11,0.0,,-0.746328,-13.126437,-13.872765,False,False,4,S43,False,2,0.1167,delivery,,,,,,,,,,,,,,,,,,,,,,,,,,,,,,,,,,,,,,,,,,,,,,,,,,,,
49,7,17,28,S43,False,0,11,11,0,9,1,0,0,0,"['B573', 'B270', 'B689', 'B19', 'B373', 'B585', 'B52', 'B381', 'B415']",7.5,S26,8.51,9,11,20,0.0,,-0.716413,-12.869853,-13.586266,True,True,12,S34,True,10,0.3282,pickup+onsite,,,,,,,,,,,,,,,,,,,,,,,,,,,,,,,,,,,,,,,,,,,,,,,,,,,,
49,7,17,44,S26,False,9,11,20,0,0,0,0,0,0,[],0.0,S35,6.42,9,11,20,0.0,,-0.914464,-13.039437,-13.9539,False,False,4,S35,False,0,0.1259,do_nothing,,,,,,,,,,,,,,,,,,,,,,,,,,,,,,,,,,,,,,,,,,,,,,,,,,,,
49,7,17,51,S35,False,9,11,20,9,0,1,1,0,0,"['B180', 'B573', 'B270', 'B689', 'B19', 'B373', 'B585', 'B52', 'B381', 'B415']",8.0,S34,4.29,0,12,12,0.0,,-0.71361,-13.163106,-13.876715,True,True,12,S34,False,10,0.3225,delivery+maintenance,,,,,,,,,,,,,,,,,,,,,,,,,,,,,,,,,,,,,,,,,,,,,,,,,,,,
49,7,18,3,S34,False,0,12,12,0,8,0,0,0,0,"['B673', 'B584', 'B646', 'B508', 'B441', 'B350', 'B767', 'B152']",4.0,S49,7.37,8,12,20,0.0,,-0.683813,-12.89853,-13.582342,False,False,4,S49,False,2,0.1113,pickup,,,,,,,,,,,,,,,,,,,,,,,,,,,,,,,,,,,,,,,,,,,,,,,,,,,,
49,7,18,14,S49,False,8,12,20,8,0,0,0,0,0,"['B673', 'B584', 'B646', 'B508', 'B441', 'B350', 'B767', 'B152']",4.0,S65,4.37,0,12,12,0.0,,-0.454995,-12.853414,-13.308409,False,False,4,S65,False,2,0.1113,delivery,,,,,,,,,,,,,,,,,,,,,,,,,,,,,,,,,,,,,,,,,,,,,,,,,,,,
49,7,18,23,S65,False,0,12,12,0,8,0,0,0,0,"['B456', 'B718', 'B266', 'B524', 'B53', 'B79', 'B665', 'B399']",4.0,S61,4.19,8,12,20,0.0,,-0.389265,-12.817256,-13.206521,False,False,4,S30,True,2,0.116,pickup,,,,,,,,,,,,,,,,,,,,,,,,,,,,,,,,,,,,,,,,,,,,,,,,,,,,
49,7,18,31,S61,False,8,12,20,8,0,0,0,0,0,"['B456', 'B718', 'B266', 'B524', 'B53', 'B79', 'B665', 'B399']",4.0,S30,2.92,0,12,12,0.0,,-0.493761,-12.452502,-12.946264,False,False,6,S29,True,2,0.1712,delivery,,,,,,,,,,,,,,,,,,,,,,,,,,,,,,,,,,,,,,,,,,,,,,,,,,,,
49,7,18,38,S30,False,0,12,12,0,0,0,1,0,0,['B179'],0.5,S48,9.98,0,13,13,0.0,,-0.29056,-12.533122,-12.823682,True,True,6,S48,False,2,0.1656,do_nothing+depot_removal,,,,,,,,,,,,,,,,,,,,,,,,,,,,,,,,,,,,,,,,,,,,,,,,,,,,
49,7,18,48,S48,False,0,13,13,0,0,0,0,0,0,[],0.0,S51,0.84,0,13,13,0.0,,-0.430098,-12.563555,-12.993653,False,False,4,S51,False,0,0.1087,do_nothing,,,,,,,,,,,,,,,,,,,,,,,,,,,,,,,,,,,,,,,,,,,,,,,,,,,,
49,7,18,49,S51,False,0,13,13,0,0,0,0,0,0,[],0.0,S48,0.84,0,13,13,0.0,,-0.35714,-12.597668,-12.954808,False,False,4,S29,True,0,0.1089,do_nothing,,,,,,,,,,,,,,,,,,,,,,,,,,,,,,,,,,,,,,,,,,,,,,,,,,,,
49,7,18,50,S48,False,0,13,13,0,7,0,0,0,0,"['B383', 'B497', 'B699', 'B680', 'B272', 'B303', 'B532']",3.5,S29,7.68,7,13,20,0.0,,-0.489969,-12.626794,-13.116763,False,False,4,S51,True,2,0.1089,pickup,,,,,,,,,,,,,,,,,,,,,,,,,,,,,,,,,,,,,,,,,,,,,,,,,,,,
49,7,19,1,S29,False,7,13,20,0,0,0,0,0,0,[],0.0,S18,6.89,7,13,20,0.0,,-0.424702,-12.706977,-13.131679,False,False,2,S18,False,0,0.0561,do_nothing,,,,,,,,,,,,,,,,,,,,,,,,,,,,,,,,,,,,,,,,,,,,,,,,,,,,
49,7,19,8,S18,False,7,13,20,0,0,0,0,0,0,[],0.0,S59,0.93,7,13,20,0.0,,-0.423627,-12.519673,-12.9433,False,False,4,S59,False,0,0.1107,do_nothing,,,,,,,,,,,,,,,,,,,,,,,,,,,,,,,,,,,,,,,,,,,,,,,,,,,,
49,7,19,9,S59,False,7,13,20,7,0,0,0,0,0,"['B383', 'B497', 'B699', 'B680', 'B272', 'B303', 'B532']",3.5,S52,2.59,0,13,13,0.0,,-0.390505,-12.531347,-12.921852,False,False,4,S52,False,2,0.1105,delivery,,,,,,,,,,,,,,,,,,,,,,,,,,,,,,,,,,,,,,,,,,,,,,,,,,,,
49,7,19,15,S52,False,0,13,13,0,7,0,0,0,0,"['B333', 'B488', 'B12', 'B592', 'B598', 'B173', 'B150']",3.5,S18,2.22,7,13,20,0.0,,-0.197573,-12.524862,-12.722434,False,False,4,S18,False,2,0.1105,pickup,,,,,,,,,,,,,,,,,,,,,,,,,,,,,,,,,,,,,,,,,,,,,,,,,,,,
49,7,19,21,S18,False,7,13,20,0,0,0,0,0,0,[],0.0,S39,2.65,7,13,20,0.0,,-0.262731,-12.525135,-12.787866,False,False,4,S31,True,0,0.1107,do_nothing,,,,,,,,,,,,,,,,,,,,,,,,,,,,,,,,,,,,,,,,,,,,,,,,,,,,
49,7,19,23,S39,False,7,13,20,0,0,0,0,0,0,[],0.0,S18,2.65,7,13,20,0.0,,-0.327408,-12.47559,-12.802998,False,False,4,S18,False,0,0.1107,do_nothing,,,,,,,,,,,,,,,,,,,,,,,,,,,,,,,,,,,,,,,,,,,,,,,,,,,,
49,7,19,26,S18,False,7,13,20,0,0,0,0,0,0,[],0.0,S39,2.65,7,13,20,0.0,,-0.714423,-12.517774,-13.232197,False,False,4,S31,True,0,0.1108,do_nothing,,,,,,,,,,,,,,,,,,,,,,,,,,,,,,,,,,,,,,,,,,,,,,,,,,,,
49,7,19,29,S39,False,7,13,20,0,0,0,0,0,0,[],0.0,S18,2.65,7,13,20,0.0,,-0.261167,-12.488983,-12.75015,False,False,4,S18,False,0,0.1108,do_nothing,,,,,,,,,,,,,,,,,,,,,,,,,,,,,,,,,,,,,,,,,,,,,,,,,,,,
49,7,19,31,S18,False,7,13,20,7,0,0,0,0,0,"['B333', 'B488', 'B12', 'B592', 'B598', 'B173', 'B150']",3.5,S31,1.71,0,13,13,0.0,,-0.517532,-12.768106,-13.285639,False,False,4,S31,False,2,0.1073,delivery,,,,,,,,,,,,,,,,,,,,,,,,,,,,,,,,,,,,,,,,,,,,,,,,,,,,
49,7,19,36,S31,False,0,13,13,0,7,0,0,0,0,"['B435', 'B341', 'B137', 'B742', 'B242', 'B684', 'B277']",3.5,S39,3.72,7,13,20,0.0,,-0.225912,-12.75379,-12.979702,False,False,4,S61,True,2,0.1055,pickup,,,,,,,,,,,,,,,,,,,,,,,,,,,,,,,,,,,,,,,,,,,,,,,,,,,,
49,7,19,44,S39,False,7,13,20,7,0,0,0,0,0,"['B435', 'B341', 'B137', 'B742', 'B242', 'B684', 'B277']",3.5,D0,3.37,0,13,13,0.0,,-0.260586,-12.952196,-13.212781,False,False,2,D0,False,1,0.0839,delivery,,,,,,,,,,,,,,,,,,,,,,,,,,,,,,,,,,,,,,,,,,,,,,,,,,,,
49,7,19,51,D0,True,0,13,13,0,0,0,0,13,1,"['B252', 'B342', 'B132', 'B194', 'B103', 'B514', 'B440', 'B622', 'B131', 'B624', 'B631', 'B218', 'B180', 'B179']",7.0,D0,0.0,1,0,1,0.0,,-0.486801,-12.948332,-13.435132,True,True,1,D0,False,0,0.0506,do_nothing,,,,,,,,,,,,,,,,,,,,,,,,,,,,,,,,,,,,,,,,,,,,,,,,,,,,
49,8,6,13,D0,True,1,0,1,0,0,0,0,0,9,"['B48', 'B639', 'B595', 'B30', 'B567', 'B57', 'B162', 'B188', 'B374']",4.5,S33,0.94,10,0,10,0.0,,-2.875852,-13.943739,-16.819591,True,True,1,S33,False,0,0.0282,load_queue,,,,,,,,,,,,,,,,,,,,,,,,,,,,,,,,,,,,,,,,,,,,,,,,,,,,
49,8,6,33,S33,False,10,0,10,0,10,0,0,0,0,"['B512', 'B480', 'B583', 'B9', 'B255', 'B55', 'B60', 'B649', 'B124', 'B600']",5.0,S65,6.32,20,0,20,0.0,,-2.386158,-14.34436,-16.730517,False,False,4,S65,False,2,0.1078,pickup,,,,,,,,,,,,,,,,,,,,,,,,,,,,,,,,,,,,,,,,,,,,,,,,,,,,
49,8,6,44,S65,False,20,0,20,20,0,0,0,0,0,"['B252', 'B48', 'B639', 'B595', 'B30', 'B567', 'B57', 'B162', 'B188', 'B374', 'B512', 'B480', 'B583', 'B9', 'B255', 'B55', 'B60', 'B649', 'B124', 'B600']",10.0,S47,1.6,0,0,0,0.0,,-2.416939,-14.216253,-16.633192,False,False,4,S47,False,2,0.1093,delivery,,,,,,,,,,,,,,,,,,,,,,,,,,,,,,,,,,,,,,,,,,,,,,,,,,,,
49,8,6,56,S47,False,0,0,0,0,16,0,0,0,0,"['B300', 'B38', 'B14', 'B705', 'B561', 'B328', 'B294', 'B171', 'B44', 'B461', 'B321', 'B241', 'B426', 'B332', 'B289', 'B10']",8.0,S66,2.81,16,0,16,0.0,,-2.253084,-14.248594,-16.501678,False,False,6,S39,True,2,0.1641,pickup,,,,,,,,,,,,,,,,,,,,,,,,,,,,,,,,,,,,,,,,,,,,,,,,,,,,
49,8,7,7,S66,False,16,0,16,14,0,0,0,0,0,"['B300', 'B38', 'B14', 'B705', 'B561', 'B328', 'B294', 'B171', 'B44', 'B461', 'B321', 'B241', 'B426', 'B332']",7.0,S55,6.13,2,0,2,0.0,,-3.09811,-14.506395,-17.604505,False,False,6,S55,False,4,0.1587,delivery,,,,,,,,,,,,,,,,,,,,,,,,,,,,,,,,,,,,,,,,,,,,,,,,,,,,
49,8,7,20,S55,False,2,0,2,0,18,0,0,0,0,"['B84', 'B650', 'B471', 'B54', 'B235', 'B696', 'B56', 'B160', 'B623', 'B391', 'B753', 'B35', 'B551', 'B540', 'B223', 'B246', 'B325', 'B450']",9.0,S26,6.67,20,0,20,0.0,,-2.314713,-14.269681,-16.584394,False,False,4,S26,False,2,0.1075,pickup,,,,,,,,,,,,,,,,,,,,,,,,,,,,,,,,,,,,,,,,,,,,,,,,,,,,
49,8,7,36,S26,False,20,0,20,16,0,0,0,0,0,"['B289', 'B10', 'B84', 'B650', 'B471', 'B54', 'B235', 'B696', 'B56', 'B160', 'B623', 'B391', 'B753', 'B35', 'B551', 'B540']",8.0,S45,7.09,4,0,4,0.0,,-2.673673,-14.177253,-16.850925,False,False,6,S45,False,2,0.1653,delivery,,,,,,,,,,,,,,,,,,,,,,,,,,,,,,,,,,,,,,,,,,,,,,,,,,,,
49,8,7,51,S45,False,4,0,4,0,0,0,0,0,0,[],0.0,S46,1.01,4,0,4,0.0,,-2.441105,-14.104943,-16.546048,False,False,4,S46,False,0,0.1154,do_nothing,,,,,,,,,,,,,,,,,,,,,,,,,,,,,,,,,,,,,,,,,,,,,,,,,,,,
49,8,7,52,S46,False,4,0,4,0,12,0,1,0,0,"['B151', 'B76', 'B447', 'B410', 'B721', 'B172', 'B254', 'B428', 'B747', 'B606', 'B148', 'B437', 'B545']",6.5,S31,5.03,16,1,17,0.0,,-2.227813,-14.147728,-16.375542,True,True,12,S31,False,10,0.3211,pickup+depot_removal,,,,,,,,,,,,,,,,,,,,,,,,,,,,,,,,,,,,,,,,,,,,,,,,,,,,
49,8,8,3,S31,False,16,1,17,0,0,0,0,0,0,[],0.0,S15,3.53,16,1,17,0.0,,-2.315328,-14.166031,-16.481359,False,False,6,S15,False,0,0.1598,do_nothing,,,,,,,,,,,,,,,,,,,,,,,,,,,,,,,,,,,,,,,,,,,,,,,,,,,,
49,8,8,7,S15,False,16,1,17,15,0,0,0,0,0,"['B223', 'B246', 'B325', 'B450', 'B151', 'B76', 'B447', 'B410', 'B721', 'B172', 'B254', 'B428', 'B747', 'B606', 'B148']",7.5,S37,4.99,1,1,2,0.0,,-2.28208,-14.074343,-16.356424,False,False,6,S37,False,4,0.1578,delivery,,,,,,,,,,,,,,,,,,,,,,,,,,,,,,,,,,,,,,,,,,,,,,,,,,,,
49,8,8,19,S37,False,1,1,2,0,18,0,0,0,0,"['B670', 'B369', 'B572', 'B562', 'B415', 'B312', 'B211', 'B653', 'B52', 'B97', 'B1', 'B659', 'B8', 'B176', 'B414', 'B37', 'B495', 'B711']",9.0,S31,2.81,19,1,20,0.0,,-2.120103,-14.008021,-16.128124,False,False,4,S31,False,2,0.1086,pickup,,,,,,,,,,,,,,,,,,,,,,,,,,,,,,,,,,,,,,,,,,,,,,,,,,,,
49,8,8,31,S31,False,19,1,20,17,0,0,0,0,0,"['B437', 'B670', 'B369', 'B572', 'B562', 'B415', 'B312', 'B211', 'B653', 'B52', 'B97', 'B1', 'B659', 'B8', 'B176', 'B414', 'B37']",8.5,S4,2.07,2,1,3,0.0,,-1.725207,-13.936954,-15.662161,False,False,6,S22,True,2,0.1628,delivery,,,,,,,,,,,,,,,,,,,,,,,,,,,,,,,,,,,,,,,,,,,,,,,,,,,,
49,8,8,42,S4,False,2,1,3,0,11,0,0,0,0,"['B725', 'B496', 'B183', 'B269', 'B498', 'B452', 'B444', 'B85', 'B609', 'B456', 'B348']",5.5,S58,1.21,13,1,14,0.0,,-1.076358,-13.807961,-14.884319,False,False,6,S58,False,4,0.1623,pickup,,,,,,,,,,,,,,,,,,,,,,,,,,,,,,,,,,,,,,,,,,,,,,,,,,,,
49,8,8,48,S58,False,13,1,14,0,0,0,0,0,0,[],0.0,S44,1.79,13,1,14,0.0,,-1.694973,-13.972548,-15.667521,False,False,4,S44,True,0,0.1098,do_nothing,,,,,,,,,,,,,,,,,,,,,,,,,,,,,,,,,,,,,,,,,,,,,,,,,,,,
49,8,8,50,S44,False,13,1,14,0,6,0,0,0,0,"['B283', 'B560', 'B204', 'B69', 'B524', 'B53']",3.0,S43,0.79,19,1,20,0.0,,-1.590605,-13.82969,-15.420295,False,False,4,S43,False,2,0.1175,pickup,,,,,,,,,,,,,,,,,,,,,,,,,,,,,,,,,,,,,,,,,,,,,,,,,,,,
49,8,8,54,S43,False,19,1,20,15,0,0,1,0,0,"['B467', 'B495', 'B711', 'B725', 'B496', 'B183', 'B269', 'B498', 'B452', 'B444', 'B85', 'B609', 'B456', 'B348', 'B283', 'B560']",8.0,S34,5.7,4,2,6,0.0,,-1.106417,-13.731294,-14.837711,True,True,10,S34,False,8,0.2666,delivery+depot_removal,,,,,,,,,,,,,,,,,,,,,,,,,,,,,,,,,,,,,,,,,,,,,,,,,,,,
49,8,9,8,S34,False,4,2,6,4,0,0,0,0,0,"['B204', 'B69', 'B524', 'B53']",2.0,S49,7.37,0,2,2,0.0,,-2.122586,-13.939311,-16.061897,False,False,4,S49,False,2,0.1074,delivery,,,,,,,,,,,,,,,,,,,,,,,,,,,,,,,,,,,,,,,,,,,,,,,,,,,,
49,8,9,17,S49,False,0,2,2,0,18,0,0,0,0,"['B646', 'B508', 'B441', 'B350', 'B767', 'B152', 'B442', 'B579', 'B82', 'B390', 'B25', 'B555', 'B582', 'B537', 'B464', 'B638', 'B406', 'B724']",9.0,S41,2.5,18,2,20,0.0,,-1.466207,-13.86206,-15.328267,False,False,4,S41,False,2,0.1152,pickup,,,,,,,,,,,,,,,,,,,,,,,,,,,,,,,,,,,,,,,,,,,,,,,,,,,,
49,8,9,28,S41,False,18,2,20,0,0,1,0,0,0,[],3.0,S27,3.14,18,2,20,0.0,,-1.171761,-13.823107,-14.994867,True,True,12,S52,True,2,0.3213,do_nothing+onsite,,,,,,,,,,,,,,,,,,,,,,,,,,,,,,,,,,,,,,,,,,,,,,,,,,,,
49,8,9,35,S27,False,18,2,20,15,0,0,0,0,0,"['B646', 'B508', 'B441', 'B350', 'B767', 'B152', 'B442', 'B579', 'B82', 'B390', 'B25', 'B555', 'B582', 'B537', 'B464']",7.5,S40,2.68,3,2,5,0.0,,-1.014684,-13.811027,-14.825711,False,False,6,S40,False,4,0.1691,delivery,,,,,,,,,,,,,,,,,,,,,,,,,,,,,,,,,,,,,,,,,,,,,,,,,,,,
49,8,9,45,S40,False,3,2,5,3,0,0,0,0,0,"['B638', 'B406', 'B724']",1.5,S54,2.17,0,2,2,0.0,,-1.591811,-13.908364,-15.500175,False,False,4,S54,False,2,0.1194,delivery,,,,,,,,,,,,,,,,,,,,,,,,,,,,,,,,,,,,,,,,,,,,,,,,,,,,
49,8,9,48,S54,False,0,2,2,0,15,1,0,0,0,"['B401', 'B15', 'B595', 'B368', 'B422', 'B556', 'B754', 'B469', 'B278', 'B636', 'B199', 'B50', 'B318', 'B117', 'B33']",10.5,S40,2.17,15,2,17,0.0,,-1.299686,-13.858419,-15.158105,True,True,12,S33,True,6,0.3221,pickup+onsite,,,,,,,,,,,,,,,,,,,,,,,,,,,,,,,,,,,,,,,,,,,,,,,,,,,,
49,8,10,1,S40,False,15,2,17,5,0,0,0,0,0,"['B401', 'B15', 'B595', 'B368', 'B422']",2.5,S10,2.46,10,2,12,0.0,,-0.94337,-13.779437,-14.722807,False,False,6,S51,True,2,0.1788,delivery,,,,,,,,,,,,,,,,,,,,,,,,,,,,,,,,,,,,,,,,,,,,,,,,,,,,
49,8,10,6,S10,False,10,2,12,0,0,0,0,0,0,[],0.0,S32,3.25,10,2,12,0.0,,-0.745825,-13.784818,-14.530642,True,False,8,S35,True,0,0.2238,do_nothing,,,,,,,,,,,,,,,,,,,,,,,,,,,,,,,,,,,,,,,,,,,,,,,,,,,,
49,8,10,9,S32,False,10,2,12,0,8,0,0,0,0,"['B331', 'B700', 'B67', 'B568', 'B502', 'B693', 'B326', 'B353']",4.0,S35,3.98,18,2,20,0.0,,-0.555672,-13.69504,-14.250712,True,False,8,S35,True,4,0.2243,pickup,,,,,,,,,,,,,,,,,,,,,,,,,,,,,,,,,,,,,,,,,,,,,,,,,,,,
49,8,10,17,S35,False,18,2,20,0,0,0,0,0,0,[],0.0,S51,8.32,18,2,20,0.0,,-0.710217,-13.698916,-14.409133,False,False,6,S51,False,0,0.1793,do_nothing,,,,,,,,,,,,,,,,,,,,,,,,,,,,,,,,,,,,,,,,,,,,,,,,,,,,
49,8,10,26,S51,False,18,2,20,0,0,1,0,0,0,[],3.0,S35,8.32,18,2,20,0.0,,-0.711531,-13.817972,-14.529503,True,True,12,S35,False,2,0.3409,do_nothing+onsite,,,,,,,,,,,,,,,,,,,,,,,,,,,,,,,,,,,,,,,,,,,,,,,,,,,,
49,8,10,37,S35,False,18,2,20,12,0,0,0,0,0,"['B556', 'B754', 'B469', 'B278', 'B636', 'B199', 'B50', 'B318', 'B117', 'B33', 'B331', 'B700']",6.0,S10,2.61,6,2,8,0.0,,-0.714351,-13.725317,-14.439668,False,False,6,S10,False,2,0.1712,delivery,,,,,,,,,,,,,,,,,,,,,,,,,,,,,,,,,,,,,,,,,,,,,,,,,,,,
49,8,10,46,S10,False,6,2,8,0,12,1,0,0,0,"['B62', 'B593', 'B141', 'B238', 'B231', 'B189', 'B597', 'B116', 'B237', 'B354', 'B217', 'B748']",9.0,S29,0.66,18,2,20,0.0,,-0.42313,-13.597873,-14.021003,True,True,8,S29,False,6,0.216,pickup+onsite,,,,,,,,,,,,,,,,,,,,,,,,,,,,,,,,,,,,,,,,,,,,,,,,,,,,
49,8,10,55,S29,False,18,2,20,18,0,0,0,0,0,"['B67', 'B568', 'B502', 'B693', 'B326', 'B353', 'B62', 'B593', 'B141', 'B238', 'B231', 'B189', 'B597', 'B116', 'B237', 'B354', 'B217', 'B748']",9.0,S33,4.32,0,2,2,0.0,,-0.743179,-13.576574,-14.319753,False,False,6,S33,True,2,0.1643,delivery,,,,,,,,,,,,,,,,,,,,,,,,,,,,,,,,,,,,,,,,,,,,,,,,,,,,
49,8,11,9,S33,False,0,2,2,0,0,0,0,0,0,[],0.0,S13,11.75,0,2,2,0.0,,-0.847835,-13.595528,-14.443363,False,False,6,S22,True,0,0.1832,do_nothing,,,,,,,,,,,,,,,,,,,,,,,,,,,,,,,,,,,,,,,,,,,,,,,,,,,,
49,8,11,20,S13,False,0,2,2,0,12,0,4,0,0,"['B195', 'B327', 'B504', 'B83', 'B122', 'B544', 'B608', 'B358', 'B313', 'B245', 'B305', 'B275', 'B89', 'B31', 'B503', 'B293']",8.0,S22,4.2,12,6,18,0.0,,-1.007492,-13.597135,-14.604627,True,True,28,S65,True,26,0.7404,pickup+depot_removal,,,,,,,,,,,,,,,,,,,,,,,,,,,,,,,,,,,,,,,,,,,,,,,,,,,,
49,8,11,32,S22,False,12,6,18,12,0,0,0,0,0,"['B195', 'B327', 'B504', 'B83', 'B122', 'B544', 'B608', 'B358', 'B313', 'B245', 'B305', 'B275']",6.0,S65,1.36,0,6,6,0.0,,-1.79392,-13.667151,-15.461072,False,False,4,S65,False,2,0.1126,delivery,,,,,,,,,,,,,,,,,,,,,,,,,,,,,,,,,,,,,,,,,,,,,,,,,,,,
49,8,11,40,S65,False,0,6,6,0,0,0,1,0,0,['B534'],0.5,S66,3.09,0,7,7,0.0,,-1.107592,-13.765089,-14.872681,True,True,10,S46,True,2,0.2755,do_nothing+depot_removal,,,,,,,,,,,,,,,,,,,,,,,,,,,,,,,,,,,,,,,,,,,,,,,,,,,,
49,8,11,43,S66,False,0,7,7,0,13,0,0,0,0,"['B426', 'B332', 'B697', 'B84', 'B650', 'B654', 'B54', 'B696', 'B394', 'B135', 'B201', 'B691', 'B722']",6.5,S46,5.15,13,7,20,0.0,,-1.075208,-13.634426,-14.709634,True,False,10,S46,True,4,0.2673,pickup,,,,,,,,,,,,,,,,,,,,,,,,,,,,,,,,,,,,,,,,,,,,,,,,,,,,
49,8,11,55,S46,False,13,7,20,13,0,0,0,0,0,"['B426', 'B332', 'B697', 'B84', 'B650', 'B654', 'B54', 'B696', 'B394', 'B135', 'B201', 'B691', 'B722']",6.5,S32,2.16,0,7,7,0.0,,-1.495505,-13.469413,-14.964918,False,False,4,S32,False,2,0.1367,delivery,,,,,,,,,,,,,,,,,,,,,,,,,,,,,,,,,,,,,,,,,,,,,,,,,,,,
49,8,12,4,S32,False,0,7,7,0,13,1,0,0,0,"['B473', 'B657', 'B686', 'B94', 'B491', 'B23', 'B249', 'B382', 'B74', 'B221', 'B134', 'B529', 'B367']",9.5,S55,1.17,13,7,20,0.0,,-0.715746,-13.549159,-14.264905,True,True,12,S33,True,6,0.3129,pickup+onsite,,,,,,,,,,,,,,,,,,,,,,,,,,,,,,,,,,,,,,,,,,,,,,,,,,,,
49,8,12,14,S55,False,13,7,20,13,0,0,0,0,0,"['B473', 'B657', 'B686', 'B94', 'B491', 'B23', 'B249', 'B382', 'B74', 'B221', 'B134', 'B529', 'B367']",6.5,S33,3.28,0,7,7,0.0,,-0.811597,-13.414164,-14.225761,False,False,6,S33,True,4,0.1595,delivery,,,,,,,,,,,,,,,,,,,,,,,,,,,,,,,,,,,,,,,,,,,,,,,,,,,,
49,8,12,24,S33,False,0,7,7,0,13,0,0,0,0,"['B733', 'B749', 'B681', 'B298', 'B409', 'B99', 'B757', 'B676', 'B93', 'B340', 'B252', 'B366', 'B575']",6.5,S29,4.32,13,7,20,0.0,,-0.586249,-13.277422,-13.863672,False,False,6,S29,True,2,0.158,pickup,,,,,,,,,,,,,,,,,,,,,,,,,,,,,,,,,,,,,,,,,,,,,,,,,,,,
49,8,12,35,S29,False,13,7,20,13,0,0,0,0,0,"['B733', 'B749', 'B681', 'B298', 'B409', 'B99', 'B757', 'B676', 'B93', 'B340', 'B252', 'B366', 'B575']",6.5,S52,5.05,0,7,7,0.0,,-1.332722,-13.555799,-14.888521,False,False,4,S52,False,2,0.1069,delivery,,,,,,,,,,,,,,,,,,,,,,,,,,,,,,,,,,,,,,,,,,,,,,,,,,,,
49,8,12,47,S52,False,0,7,7,0,9,0,0,0,0,"['B138', 'B478', 'B750', 'B273', 'B563', 'B766', 'B735', 'B490', 'B328']",4.5,S54,3.81,9,7,16,0.0,,-0.649183,-13.195756,-13.84494,False,False,6,S54,False,4,0.1718,pickup,,,,,,,,,,,,,,,,,,,,,,,,,,,,,,,,,,,,,,,,,,,,,,,,,,,,
49,8,12,55,S54,False,9,7,16,9,0,0,0,0,0,"['B138', 'B478', 'B750', 'B273', 'B563', 'B766', 'B735', 'B490', 'B328']",4.5,S13,13.97,0,7,7,0.0,,-0.84691,-13.165648,-14.012558,False,False,4,S13,False,2,0.1251,delivery,,,,,,,,,,,,,,,,,,,,,,,,,,,,,,,,,,,,,,,,,,,,,,,,,,,,
49,8,13,13,S13,False,0,7,7,0,0,1,1,0,0,['B423'],3.5,S65,5.55,0,8,8,0.0,,-0.814736,-13.083898,-13.898634,True,True,16,S65,False,6,0.4208,do_nothing+maintenance,,,,,,,,,,,,,,,,,,,,,,,,,,,,,,,,,,,,,,,,,,,,,,,,,,,,
49,8,13,22,S65,False,0,8,8,0,12,0,0,0,0,"['B374', 'B512', 'B480', 'B583', 'B9', 'B255', 'B55', 'B60', 'B649', 'B124', 'B600', 'B356']",6.0,S26,6.43,12,8,20,0.0,,-1.233951,-13.163336,-14.397286,False,False,4,S26,False,2,0.1071,pickup,,,,,,,,,,,,,,,,,,,,,,,,,,,,,,,,,,,,,,,,,,,,,,,,,,,,
49,8,13,35,S26,False,12,8,20,0,0,0,0,0,0,[],0.0,S29,5.02,12,8,20,0.0,,-1.099718,-13.027517,-14.127234,False,False,4,S29,False,0,0.1067,do_nothing,,,,,,,,,,,,,,,,,,,,,,,,,,,,,,,,,,,,,,,,,,,,,,,,,,,,
49,8,13,40,S29,False,12,8,20,12,0,0,0,0,0,"['B374', 'B512', 'B480', 'B583', 'B9', 'B255', 'B55', 'B60', 'B649', 'B124', 'B600', 'B356']",6.0,S43,5.89,0,8,8,0.0,,-1.910779,-13.182105,-15.092885,False,False,4,S43,False,2,0.1059,delivery,,,,,,,,,,,,,,,,,,,,,,,,,,,,,,,,,,,,,,,,,,,,,,,,,,,,
49,8,13,52,S43,False,0,8,8,0,0,0,0,0,0,[],0.0,S16,0.58,0,8,8,0.0,,-1.033146,-13.151138,-14.184285,False,False,4,S52,True,0,0.1161,do_nothing,,,,,,,,,,,,,,,,,,,,,,,,,,,,,,,,,,,,,,,,,,,,,,,,,,,,
49,8,13,52,S16,False,0,8,8,0,4,1,0,0,0,"['B184', 'B38', 'B243', 'B396']",5.0,S43,0.58,4,8,12,0.0,,-1.007212,-12.907074,-13.914286,True,True,12,S43,False,10,0.355,pickup+onsite,,,,,,,,,,,,,,,,,,,,,,,,,,,,,,,,,,,,,,,,,,,,,,,,,,,,
49,8,13,58,S43,False,4,8,12,0,8,0,0,0,0,"['B609', 'B456', 'B348', 'B283', 'B560', 'B106', 'B496', 'B365']",4.0,S52,1.59,12,8,20,0.0,,-0.881602,-13.100234,-13.981835,True,False,6,S52,False,4,0.1652,pickup,,,,,,,,,,,,,,,,,,,,,,,,,,,,,,,,,,,,,,,,,,,,,,,,,,,,
49,8,14,3,S52,False,12,8,20,12,0,0,0,0,0,"['B184', 'B38', 'B243', 'B396', 'B609', 'B456', 'B348', 'B283', 'B560', 'B106', 'B496', 'B365']",6.0,S63,1.26,0,8,8,0.0,,-1.205306,-13.004552,-14.209858,False,False,6,S57,True,4,0.1779,delivery,,,,,,,,,,,,,,,,,,,,,,,,,,,,,,,,,,,,,,,,,,,,,,,,,,,,
49,8,14,11,S63,False,0,8,8,0,10,1,1,0,0,"['B62', 'B292', 'B211', 'B316', 'B161', 'B370', 'B322', 'B52', 'B542', 'B266', 'B660']",8.5,S43,0.64,10,9,19,0.0,,-1.07858,-13.077691,-14.15627,True,True,20,S43,False,18,0.5383,pickup+maintenance,,,,,,,,,,,,,,,,,,,,,,,,,,,,,,,,,,,,,,,,,,,,,,,,,,,,
49,8,14,20,S43,False,10,9,19,0,0,0,1,0,0,['B575'],0.5,S57,6.81,10,10,20,0.0,,-1.628849,-13.191366,-14.820215,True,True,8,S57,False,2,0.2072,do_nothing+depot_removal,,,,,,,,,,,,,,,,,,,,,,,,,,,,,,,,,,,,,,,,,,,,,,,,,,,,
49,8,14,27,S57,False,10,10,20,10,0,0,0,0,0,"['B62', 'B292', 'B211', 'B316', 'B161', 'B370', 'B322', 'B52', 'B542', 'B266']",5.0,S51,7.68,0,10,10,0.0,,-1.248023,-13.211398,-14.459421,False,False,4,S51,False,2,0.1044,delivery,,,,,,,,,,,,,,,,,,,,,,,,,,,,,,,,,,,,,,,,,,,,,,,,,,,,
49,8,14,40,S51,False,0,10,10,0,10,0,0,0,0,"['B685', 'B127', 'B26', 'B562', 'B559', 'B406', 'B415', 'B571', 'B32', 'B334']",5.0,S43,3.12,10,10,20,0.0,,-1.013935,-13.007635,-14.021571,False,False,4,S48,True,2,0.1064,pickup,,,,,,,,,,,,,,,,,,,,,,,,,,,,,,,,,,,,,,,,,,,,,,,,,,,,
49,8,14,48,S43,False,10,10,20,10,0,0,0,0,0,"['B685', 'B127', 'B26', 'B562', 'B559', 'B406', 'B415', 'B571', 'B32', 'B334']",5.0,S51,3.12,0,10,10,0.0,,-0.781586,-13.18625,-13.967836,False,False,4,S51,False,2,0.1087,delivery,,,,,,,,,,,,,,,,,,,,,,,,,,,,,,,,,,,,,,,,,,,,,,,,,,,,
49,8,14,56,S51,False,0,10,10,0,10,0,0,0,0,"['B493', 'B401', 'B325', 'B554', 'B553', 'B501', 'B62', 'B344', 'B706', 'B653']",5.0,S43,3.12,10,10,20,0.0,,-1.207634,-13.046714,-14.254348,False,False,4,S48,True,2,0.109,pickup,,,,,,,,,,,,,,,,,,,,,,,,,,,,,,,,,,,,,,,,,,,,,,,,,,,,
49,8,15,4,S43,False,10,10,20,0,0,0,0,0,0,[],0.0,S26,8.51,10,10,20,0.0,,-0.818786,-12.903782,-13.722568,False,False,4,S26,False,0,0.1076,do_nothing,,,,,,,,,,,,,,,,,,,,,,,,,,,,,,,,,,,,,,,,,,,,,,,,,,,,
49,8,15,13,S26,False,10,10,20,10,0,0,0,0,0,"['B493', 'B401', 'B325', 'B554', 'B553', 'B501', 'B62', 'B344', 'B706', 'B653']",5.0,S3,8.28,0,10,10,0.0,,-0.910522,-12.932566,-13.843088,False,False,4,S17,True,2,0.109,delivery,,,,,,,,,,,,,,,,,,,,,,,,,,,,,,,,,,,,,,,,,,,,,,,,,,,,
49,8,15,26,S3,False,0,10,10,0,10,1,0,0,0,"['B528', 'B710', 'B662', 'B458', 'B402', 'B88', 'B333', 'B708', 'B633', 'B746']",8.0,S17,10.16,10,10,20,0.0,,-0.912934,-13.071572,-13.984507,True,True,8,S17,False,6,0.2124,pickup+onsite,,,,,,,,,,,,,,,,,,,,,,,,,,,,,,,,,,,,,,,,,,,,,,,,,,,,
49,8,15,44,S17,False,10,10,20,10,0,0,0,0,0,"['B528', 'B710', 'B662', 'B458', 'B402', 'B88', 'B333', 'B708', 'B633', 'B746']",5.0,S31,7.72,0,10,10,0.0,,-0.912838,-12.650512,-13.56335,False,False,4,S53,True,2,0.1047,delivery,,,,,,,,,,,,,,,,,,,,,,,,,,,,,,,,,,,,,,,,,,,,,,,,,,,,
49,8,15,57,S31,False,0,10,10,0,10,0,0,0,0,"['B123', 'B720', 'B75', 'B741', 'B572', 'B689', 'B700', 'B216', 'B274', 'B492']",5.0,S53,4.82,10,10,20,0.0,,-0.912106,-12.708237,-13.620343,False,False,4,S36,True,2,0.1064,pickup,,,,,,,,,,,,,,,,,,,,,,,,,,,,,,,,,,,,,,,,,,,,,,,,,,,,
49,8,16,7,S53,False,10,10,20,10,0,0,0,0,0,"['B123', 'B720', 'B75', 'B741', 'B572', 'B689', 'B700', 'B216', 'B274', 'B492']",5.0,S36,2.92,0,10,10,0.0,,-0.619273,-12.657019,-13.276292,False,False,4,S36,False,2,0.105,delivery,,,,,,,,,,,,,,,,,,,,,,,,,,,,,,,,,,,,,,,,,,,,,,,,,,,,
49,8,16,15,S36,False,0,10,10,0,10,0,0,0,0,"['B723', 'B527', 'B81', 'B693', 'B87', 'B403', 'B435', 'B64', 'B546', 'B224']",5.0,S34,7.0,10,10,20,0.0,,-0.456324,-12.807024,-13.263348,False,False,4,S34,False,2,0.1062,pickup,,,,,,,,,,,,,,,,,,,,,,,,,,,,,,,,,,,,,,,,,,,,,,,,,,,,
49,8,16,27,S34,False,10,10,20,10,0,0,0,0,0,"['B723', 'B527', 'B81', 'B693', 'B87', 'B403', 'B435', 'B64', 'B546', 'B224']",5.0,S51,8.2,0,10,10,0.0,,-0.882265,-12.565162,-13.447427,False,False,4,S14,True,2,0.1136,delivery,,,,,,,,,,,,,,,,,,,,,,,,,,,,,,,,,,,,,,,,,,,,,,,,,,,,
49,8,16,40,S51,False,0,10,10,0,10,0,0,0,0,"['B764', 'B78', 'B456', 'B44', 'B126', 'B204', 'B104', 'B615', 'B247', 'B581']",5.0,S43,3.12,10,10,20,0.0,,-0.260183,-12.590266,-12.85045,False,False,4,S43,False,2,0.105,pickup,,,,,,,,,,,,,,,,,,,,,,,,,,,,,,,,,,,,,,,,,,,,,,,,,,,,
49,8,16,48,S43,False,10,10,20,10,0,0,0,0,0,"['B764', 'B78', 'B456', 'B44', 'B126', 'B204', 'B104', 'B615', 'B247', 'B581']",5.0,S52,1.59,0,10,10,0.0,,-0.521677,-12.740962,-13.26264,False,False,4,S52,False,2,0.1093,delivery,,,,,,,,,,,,,,,,,,,,,,,,,,,,,,,,,,,,,,,,,,,,,,,,,,,,
49,8,16,55,S52,False,0,10,10,0,8,0,0,0,0,"['B766', 'B238', 'B294', 'B198', 'B670', 'B90', 'B407', 'B60']",4.0,S45,1.46,8,10,18,0.0,,-0.197818,-12.583942,-12.78176,False,False,6,S45,False,2,0.1609,pickup,,,,,,,,,,,,,,,,,,,,,,,,,,,,,,,,,,,,,,,,,,,,,,,,,,,,
49,8,17,0,S45,False,8,10,18,8,0,0,0,0,0,"['B766', 'B238', 'B294', 'B198', 'B670', 'B90', 'B407', 'B60']",4.0,S31,4.28,0,10,10,0.0,,-0.619191,-12.563027,-13.182218,False,False,6,S31,True,2,0.1634,delivery,,,,,,,,,,,,,,,,,,,,,,,,,,,,,,,,,,,,,,,,,,,,,,,,,,,,
49,8,17,8,S31,False,0,10,10,0,10,0,0,0,0,"['B525', 'B398', 'B699', 'B105', 'B658', 'B299', 'B512', 'B573', 'B565', 'B349']",5.0,S9,10.81,10,10,20,0.0,,-0.680572,-12.73172,-13.412292,False,False,4,S9,False,2,0.1243,pickup,,,,,,,,,,,,,,,,,,,,,,,,,,,,,,,,,,,,,,,,,,,,,,,,,,,,
49,8,17,24,S9,False,10,10,20,10,0,0,0,0,0,"['B525', 'B398', 'B699', 'B105', 'B658', 'B299', 'B512', 'B573', 'B565', 'B349']",5.0,S65,13.84,0,10,10,0.0,,-0.520502,-12.673993,-13.194494,True,False,8,S65,True,4,0.2594,delivery,,,,,,,,,,,,,,,,,,,,,,,,,,,,,,,,,,,,,,,,,,,,,,,,,,,,
49,8,17,43,S65,False,0,10,10,0,10,0,0,0,0,"['B253', 'B232', 'B109', 'B654', 'B449', 'B337', 'B358', 'B310', 'B267', 'B453']",5.0,S19,11.76,10,10,20,0.0,,-0.554549,-12.479719,-13.034267,False,False,4,S19,False,2,0.1399,pickup,,,,,,,,,,,,,,,,,,,,,,,,,,,,,,,,,,,,,,,,,,,,,,,,,,,,
49,8,18,0,S19,False,10,10,20,3,0,1,2,0,0,"['B427', 'B647', 'B253', 'B232', 'B109']",5.5,S63,4.53,7,12,19,0.0,,-0.459808,-12.544898,-13.004706,True,True,28,S63,False,14,0.7247,delivery+maintenance,,,,,,,,,,,,,,,,,,,,,,,,,,,,,,,,,,,,,,,,,,,,,,,,,,,,
49,8,18,10,S63,False,7,12,19,7,0,0,0,0,0,"['B654', 'B449', 'B337', 'B358', 'B310', 'B267', 'B453']",3.5,S18,3.17,0,12,12,0.0,,-0.456423,-12.453619,-12.910043,False,False,4,S44,True,2,0.1047,delivery,,,,,,,,,,,,,,,,,,,,,,,,,,,,,,,,,,,,,,,,,,,,,,,,,,,,
49,8,18,16,S18,False,0,12,12,0,8,0,0,0,0,"['B142', 'B0', 'B607', 'B72', 'B219', 'B535', 'B474', 'B355']",4.0,S15,4.77,8,12,20,0.0,,-0.490774,-12.437344,-12.928119,False,False,4,S66,True,2,0.1092,pickup,,,,,,,,,,,,,,,,,,,,,,,,,,,,,,,,,,,,,,,,,,,,,,,,,,,,
49,8,18,25,S15,False,8,12,20,0,0,0,0,0,0,[],0.0,S21,9.99,8,12,20,0.0,,-0.751283,-12.257944,-13.009228,False,False,4,S21,False,0,0.1132,do_nothing,,,,,,,,,,,,,,,,,,,,,,,,,,,,,,,,,,,,,,,,,,,,,,,,,,,,
49,8,18,35,S21,False,8,12,20,8,0,0,2,0,0,"['B100', 'B760', 'B142', 'B0', 'B607', 'B72', 'B219', 'B535', 'B474', 'B355']",5.0,S0,1.35,0,14,14,0.0,,-0.519598,-12.547277,-13.066875,True,True,8,S0,False,6,0.2066,delivery+depot_removal,,,,,,,,,,,,,,,,,,,,,,,,,,,,,,,,,,,,,,,,,,,,,,,,,,,,
49,8,18,41,S0,False,0,14,14,0,6,0,0,0,0,"['B516', 'B186', 'B707', 'B212', 'B459', 'B228']",3.0,S15,9.01,6,14,20,0.0,,-0.489695,-12.593497,-13.083192,False,False,4,S66,True,2,0.109,pickup,,,,,,,,,,,,,,,,,,,,,,,,,,,,,,,,,,,,,,,,,,,,,,,,,,,,
49,8,18,53,S15,False,6,14,20,6,0,0,0,0,0,"['B516', 'B186', 'B707', 'B212', 'B459', 'B228']",3.0,S66,3.2,0,14,14,0.0,,-0.258688,-12.489403,-12.748091,False,False,4,S66,False,2,0.1092,delivery,,,,,,,,,,,,,,,,,,,,,,,,,,,,,,,,,,,,,,,,,,,,,,,,,,,,
49,8,19,0,S66,False,0,14,14,0,0,0,1,0,0,['B485'],0.5,S30,1.88,0,15,15,0.0,,-0.588799,-12.498606,-13.087405,True,True,8,S30,False,2,0.2131,do_nothing+depot_removal,,,,,,,,,,,,,,,,,,,,,,,,,,,,,,,,,,,,,,,,,,,,,,,,,,,,
49,8,19,2,S30,False,0,15,15,0,5,0,0,0,0,"['B549', 'B683', 'B454', 'B121', 'B745']",2.5,S49,3.29,5,15,20,0.0,,-0.2938,-12.370052,-12.663852,False,False,4,S49,False,2,0.1045,pickup,,,,,,,,,,,,,,,,,,,,,,,,,,,,,,,,,,,,,,,,,,,,,,,,,,,,
49,8,19,8,S49,False,5,15,20,0,0,0,0,0,0,[],0.0,S64,1.8,5,15,20,0.0,,-0.521235,-12.500023,-13.021258,False,False,4,S64,False,0,0.1092,do_nothing,,,,,,,,,,,,,,,,,,,,,,,,,,,,,,,,,,,,,,,,,,,,,,,,,,,,
49,8,19,10,S64,False,5,15,20,0,0,1,0,0,0,[],3.0,S49,1.8,5,15,20,0.0,,-0.392394,-12.36589,-12.758284,True,True,8,S49,False,2,0.2071,do_nothing+onsite,,,,,,,,,,,,,,,,,,,,,,,,,,,,,,,,,,,,,,,,,,,,,,,,,,,,
49,8,19,14,S49,False,5,15,20,5,0,0,0,0,0,"['B549', 'B683', 'B454', 'B121', 'B745']",2.5,S59,1.68,0,15,15,0.0,,-0.490282,-12.473625,-12.963906,False,False,4,S64,True,2,0.1058,delivery,,,,,,,,,,,,,,,,,,,,,,,,,,,,,,,,,,,,,,,,,,,,,,,,,,,,
49,8,19,19,S59,False,0,15,15,0,0,0,0,0,0,[],0.0,S62,3.77,0,15,15,0.0,,-0.619952,-12.370927,-12.990879,False,False,4,S62,False,0,0.1091,do_nothing,,,,,,,,,,,,,,,,,,,,,,,,,,,,,,,,,,,,,,,,,,,,,,,,,,,,
49,8,19,22,S62,False,0,15,15,0,0,0,2,0,0,"['B324', 'B380']",1.0,S61,2.06,0,17,17,0.0,,-0.490783,-12.377527,-12.86831,True,True,8,S61,False,4,0.2074,do_nothing+depot_removal,,,,,,,,,,,,,,,,,,,,,,,,,,,,,,,,,,,,,,,,,,,,,,,,,,,,
49,8,19,25,S61,False,0,17,17,0,0,0,1,0,0,['B762'],0.5,S66,1.13,0,18,18,0.0,,-0.325005,-12.325509,-12.650514,True,True,6,S66,False,2,0.1535,do_nothing+depot_removal,,,,,,,,,,,,,,,,,,,,,,,,,,,,,,,,,,,,,,,,,,,,,,,,,,,,
49,8,19,27,S66,False,0,18,18,0,2,0,0,0,0,"['B552', 'B551']",1.0,S64,1.75,2,18,20,0.0,,-0.324098,-12.337658,-12.661756,True,False,6,S27,True,4,0.1568,pickup,,,,,,,,,,,,,,,,,,,,,,,,,,,,,,,,,,,,,,,,,,,,,,,,,,,,
49,8,19,30,S64,False,2,18,20,2,0,0,0,0,0,"['B552', 'B551']",1.0,S66,1.75,0,18,18,0.0,,-0.392242,-12.769586,-13.161828,False,False,4,S66,False,2,0.1032,delivery,,,,,,,,,,,,,,,,,,,,,,,,,,,,,,,,,,,,,,,,,,,,,,,,,,,,
49,8,19,33,S66,False,0,18,18,0,0,0,1,0,0,['B302'],0.5,S27,1.91,0,19,19,0.0,,-0.390907,-12.577507,-12.968414,True,True,6,S27,False,2,0.1542,do_nothing+depot_removal,,,,,,,,,,,,,,,,,,,,,,,,,,,,,,,,,,,,,,,,,,,,,,,,,,,,
49,8,19,35,S27,False,0,19,19,0,0,0,1,0,0,['B288'],0.5,S24,5.2,0,20,20,0.0,,-0.294458,-12.701436,-12.995895,True,True,6,S24,False,2,0.1529,do_nothing+depot_removal,,,,,,,,,,,,,,,,,,,,,,,,,,,,,,,,,,,,,,,,,,,,,,,,,,,,
49,8,19,41,S24,False,0,20,20,0,0,1,0,0,0,[],3.0,D0,4.15,0,20,20,0.0,,-0.295031,-12.928147,-13.223177,True,True,2,D0,False,1,0.0825,do_nothing+onsite,,,,,,,,,,,,,,,,,,,,,,,,,,,,,,,,,,,,,,,,,,,,,,,,,,,,
49,8,19,48,D0,True,0,20,20,0,0,0,0,20,0,"['B545', 'B467', 'B89', 'B31', 'B503', 'B293', 'B534', 'B423', 'B660', 'B575', 'B427', 'B647', 'B100', 'B760', 'B485', 'B324', 'B380', 'B762', 'B302', 'B288']",10.0,D0,0.0,0,0,0,0.0,,-0.586647,-13.010191,-13.596838,True,True,1,D0,False,0,0.054,do_nothing,,,,,,,,,,,,,,,,,,,,,,,,,,,,,,,,,,,,,,,,,,,,,,,,,,,,
49,9,6,13,D0,True,0,0,0,0,0,0,0,0,13,"['B342', 'B132', 'B194', 'B103', 'B514', 'B440', 'B622', 'B131', 'B624', 'B631', 'B218', 'B180', 'B179']",6.5,S27,1.1,13,0,13,0.0,,-3.487965,-13.480684,-16.96865,True,True,1,S27,False,0,0.0303,load_queue,,,,,,,,,,,,,,,,,,,,,,,,,,,,,,,,,,,,,,,,,,,,,,,,,,,,
49,9,6,35,S27,False,13,0,13,13,0,0,0,0,0,"['B342', 'B132', 'B194', 'B103', 'B514', 'B440', 'B622', 'B131', 'B624', 'B631', 'B218', 'B180', 'B179']",6.5,S39,5.98,0,0,0,0.0,,-3.30448,-13.234835,-16.539316,False,False,4,S39,False,2,0.1148,delivery,,,,,,,,,,,,,,,,,,,,,,,,,,,,,,,,,,,,,,,,,,,,,,,,,,,,
49,9,6,48,S39,False,0,0,0,0,0,0,0,0,0,[],0.0,S37,3.55,0,0,0,0.0,,-3.211225,-13.348797,-16.560021,False,False,4,S37,False,0,0.119,do_nothing,,,,,,,,,,,,,,,,,,,,,,,,,,,,,,,,,,,,,,,,,,,,,,,,,,,,
49,9,6,51,S37,False,0,0,0,0,20,0,0,0,0,"['B261', 'B716', 'B106', 'B473', 'B543', 'B457', 'B394', 'B730', 'B590', 'B404', 'B264', 'B445', 'B7', 'B465', 'B608', 'B151', 'B230', 'B111', 'B361', 'B134']",10.0,S66,3.07,20,0,20,0.0,,-2.353145,-13.198537,-15.551682,False,False,4,S66,False,2,0.1143,pickup,,,,,,,,,,,,,,,,,,,,,,,,,,,,,,,,,,,,,,,,,,,,,,,,,,,,
49,9,7,5,S66,False,20,0,20,13,0,0,0,0,0,"['B261', 'B716', 'B106', 'B473', 'B543', 'B457', 'B394', 'B730', 'B590', 'B404', 'B264', 'B445', 'B7']",6.5,S39,4.09,7,0,7,0.0,,-1.565633,-13.125288,-14.690921,False,False,6,S65,True,4,0.1686,delivery,,,,,,,,,,,,,,,,,,,,,,,,,,,,,,,,,,,,,,,,,,,,,,,,,,,,
49,9,7,15,S39,False,7,0,7,0,13,0,0,0,0,"['B30', 'B160', 'B719', 'B698', 'B754', 'B736', 'B3', 'B463', 'B250', 'B438', 'B551', 'B755', 'B370']",6.5,S65,5.08,20,0,20,0.0,,-2.090385,-13.185494,-15.275879,False,False,4,S65,False,2,0.1187,pickup,,,,,,,,,,,,,,,,,,,,,,,,,,,,,,,,,,,,,,,,,,,,,,,,,,,,
49,9,7,27,S65,False,20,0,20,20,0,0,1,0,0,"['B448', 'B465', 'B608', 'B151', 'B230', 'B111', 'B361', 'B134', 'B30', 'B160', 'B719', 'B698', 'B754', 'B736', 'B3', 'B463', 'B250', 'B438', 'B551', 'B755', 'B370']",10.5,S55,9.08,0,1,1,0.0,,-1.532275,-13.277832,-14.810107,True,True,10,S22,True,8,0.2897,delivery+depot_removal,,,,,,,,,,,,,,,,,,,,,,,,,,,,,,,,,,,,,,,,,,,,,,,,,,,,
49,9,7,46,S55,False,0,1,1,0,18,0,1,0,0,"['B672', 'B497', 'B381', 'B524', 'B169', 'B339', 'B568', 'B33', 'B759', 'B550', 'B389', 'B202', 'B587', 'B654', 'B640', 'B761', 'B68', 'B325', 'B347']",9.5,S51,5.48,18,2,20,0.0,,-0.978406,-13.630155,-14.608561,True,True,10,S51,False,8,0.2697,pickup+depot_removal,,,,,,,,,,,,,,,,,,,,,,,,,,,,,,,,,,,,,,,,,,,,,,,,,,,,
49,9,8,1,S51,False,18,2,20,8,0,0,0,0,0,"['B672', 'B497', 'B381', 'B524', 'B169', 'B339', 'B568', 'B33']",4.0,S12,2.02,10,2,12,0.0,,-0.876344,-13.556555,-14.432899,False,False,6,S12,False,2,0.1639,delivery,,,,,,,,,,,,,,,,,,,,,,,,,,,,,,,,,,,,,,,,,,,,,,,,,,,,
49,9,8,7,S12,False,10,2,12,10,0,0,0,0,0,"['B759', 'B550', 'B389', 'B202', 'B587', 'B654', 'B640', 'B761', 'B68', 'B325']",5.0,S44,5.82,0,2,2,0.0,,-1.140639,-13.467257,-14.607896,False,False,4,S44,False,2,0.1123,delivery,,,,,,,,,,,,,,,,,,,,,,,,,,,,,,,,,,,,,,,,,,,,,,,,,,,,
49,9,8,18,S44,False,0,2,2,0,0,0,0,0,0,[],0.0,S54,3.95,0,2,2,0.0,,-0.846789,-13.457305,-14.304093,False,False,6,S43,True,0,0.1769,do_nothing,,,,,,,,,,,,,,,,,,,,,,,,,,,,,,,,,,,,,,,,,,,,,,,,,,,,
49,9,8,22,S54,False,0,2,2,0,15,1,0,0,0,"['B5', 'B360', 'B109', 'B540', 'B58', 'B492', 'B580', 'B636', 'B549', 'B345', 'B48', 'B162', 'B572', 'B565', 'B166']",10.5,S43,4.49,15,2,17,0.0,,-0.747811,-13.524533,-14.272344,True,True,12,S44,True,6,0.3358,pickup+onsite,,,,,,,,,,,,,,,,,,,,,,,,,,,,,,,,,,,,,,,,,,,,,,,,,,,,
49,9,8,37,S43,False,15,2,17,14,0,0,1,0,0,"['B375', 'B5', 'B360', 'B109', 'B540', 'B58', 'B492', 'B580', 'B636', 'B549', 'B345', 'B48', 'B162', 'B572', 'B565']",7.5,S44,0.79,1,3,4,0.0,,-0.811149,-13.304263,-14.115412,True,True,12,S44,False,6,0.3224,delivery+depot_removal,,,,,,,,,,,,,,,,,,,,,,,,,,,,,,,,,,,,,,,,,,,,,,,,,,,,
49,9,8,45,S44,False,1,3,4,0,13,0,0,0,0,"['B466', 'B46', 'B547', 'B232', 'B78', 'B173', 'B396', 'B284', 'B726', 'B627', 'B646', 'B45', 'B259']",6.5,S31,3.74,14,3,17,0.0,,-0.715861,-13.192094,-13.907956,False,False,6,S31,True,2,0.1615,pickup,,,,,,,,,,,,,,,,,,,,,,,,,,,,,,,,,,,,,,,,,,,,,,,,,,,,
49,9,8,56,S31,False,14,3,17,0,0,0,0,0,0,[],0.0,S61,1.01,14,3,17,0.0,,-0.454522,-13.257977,-13.712499,False,False,4,S60,True,0,0.1156,do_nothing,,,,,,,,,,,,,,,,,,,,,,,,,,,,,,,,,,,,,,,,,,,,,,,,,,,,
49,9,8,57,S61,False,14,3,17,8,0,0,1,0,0,"['B472', 'B166', 'B466', 'B46', 'B547', 'B232', 'B78', 'B173', 'B396']",4.5,S31,1.01,6,4,10,0.0,,-0.784394,-12.963692,-13.748086,True,True,12,S31,False,6,0.3214,delivery+depot_removal,,,,,,,,,,,,,,,,,,,,,,,,,,,,,,,,,,,,,,,,,,,,,,,,,,,,
49,9,9,2,S31,False,6,4,10,6,0,0,0,0,0,"['B284', 'B726', 'B627', 'B646', 'B45', 'B259']",3.0,S60,0.89,0,4,4,0.0,,-0.651012,-13.068098,-13.71911,False,False,4,S60,False,2,0.1097,delivery,,,,,,,,,,,,,,,,,,,,,,,,,,,,,,,,,,,,,,,,,,,,,,,,,,,,
49,9,9,6,S60,False,0,4,4,0,13,0,0,0,0,"['B326', 'B408', 'B564', 'B751', 'B98', 'B251', 'B200', 'B229', 'B431', 'B309', 'B362', 'B410', 'B311']",6.5,S22,4.28,13,4,17,0.0,,-0.655892,-13.117912,-13.773804,False,False,6,S22,False,4,0.1694,pickup,,,,,,,,,,,,,,,,,,,,,,,,,,,,,,,,,,,,,,,,,,,,,,,,,,,,
49,9,9,17,S22,False,13,4,17,13,0,0,1,0,0,"['B285', 'B326', 'B408', 'B564', 'B751', 'B98', 'B251', 'B200', 'B229', 'B431', 'B309', 'B362', 'B410', 'B311']",7.0,S2,1.21,0,5,5,0.0,,-0.194755,-12.904523,-13.099278,True,True,8,S2,False,6,0.2074,delivery+depot_removal,,,,,,,,,,,,,,,,,,,,,,,,,,,,,,,,,,,,,,,,,,,,,,,,,,,,
49,9,9,25,S2,False,0,5,5,0,0,0,0,0,0,[],0.0,S35,11.13,0,5,5,0.0,,-0.683306,-13.156623,-13.839929,False,False,4,S35,False,0,0.1057,do_nothing,,,,,,,,,,,,,,,,,,,,,,,,,,,,,,,,,,,,,,,,,,,,,,,,,,,,
49,9,9,36,S35,False,0,5,5,0,10,0,0,0,0,"['B743', 'B397', 'B579', 'B19', 'B243', 'B127', 'B148', 'B106', 'B210', 'B57']",5.0,S42,1.31,10,5,15,0.0,,-0.392235,-12.78572,-13.177955,False,False,6,S45,True,4,0.1752,pickup,,,,,,,,,,,,,,,,,,,,,,,,,,,,,,,,,,,,,,,,,,,,,,,,,,,,
49,9,9,42,S42,False,10,5,15,10,0,0,1,0,0,"['B519', 'B743', 'B397', 'B579', 'B19', 'B243', 'B127', 'B148', 'B106', 'B210', 'B57']",5.5,S45,6.84,0,6,6,0.0,,-0.292548,-12.794425,-13.086974,True,True,8,S45,False,6,0.2142,delivery+depot_removal,,,,,,,,,,,,,,,,,,,,,,,,,,,,,,,,,,,,,,,,,,,,,,,,,,,,
49,9,9,55,S45,False,0,6,6,0,8,0,0,0,0,"['B407', 'B60', 'B649', 'B181', 'B478', 'B756', 'B412', 'B321']",4.0,S31,4.28,8,6,14,0.0,,-0.292546,-12.8871,-13.179646,False,False,6,S63,True,2,0.1698,pickup,,,,,,,,,,,,,,,,,,,,,,,,,,,,,,,,,,,,,,,,,,,,,,,,,,,,
49,9,10,3,S31,False,8,6,14,8,0,0,0,0,0,"['B407', 'B60', 'B649', 'B181', 'B478', 'B756', 'B412', 'B321']",4.0,S32,6.41,0,6,6,0.0,,-0.779019,-12.930307,-13.709327,False,False,4,S32,False,2,0.1081,delivery,,,,,,,,,,,,,,,,,,,,,,,,,,,,,,,,,,,,,,,,,,,,,,,,,,,,
49,9,10,13,S32,False,0,6,6,0,14,0,0,0,0,"['B556', 'B600', 'B495', 'B292', 'B199', 'B9', 'B382', 'B217', 'B588', 'B717', 'B318', 'B92', 'B59', 'B691']",7.0,S31,6.41,14,6,20,0.0,,-0.194587,-13.003974,-13.198561,False,False,4,S31,False,2,0.1062,pickup,,,,,,,,,,,,,,,,,,,,,,,,,,,,,,,,,,,,,,,,,,,,,,,,,,,,
49,9,10,27,S31,False,14,6,20,14,0,0,0,0,0,"['B556', 'B600', 'B495', 'B292', 'B199', 'B9', 'B382', 'B217', 'B588', 'B717', 'B318', 'B92', 'B59', 'B691']",7.0,S53,4.82,0,6,6,0.0,,-0.684041,-13.210036,-13.894077,False,False,4,S27,True,2,0.1083,delivery,,,,,,,,,,,,,,,,,,,,,,,,,,,,,,,,,,,,,,,,,,,,,,,,,,,,
49,9,10,39,S53,False,0,6,6,0,14,0,0,0,0,"['B136', 'B157', 'B322', 'B566', 'B373', 'B678', 'B216', 'B650', 'B555', 'B724', 'B193', 'B688', 'B204', 'B563']",7.0,S29,3.88,14,6,20,0.0,,-0.981097,-13.30029,-14.281387,False,False,4,S65,True,2,0.1084,pickup,,,,,,,,,,,,,,,,,,,,,,,,,,,,,,,,,,,,,,,,,,,,,,,,,,,,
49,9,10,50,S29,False,14,6,20,14,0,1,0,0,0,"['B136', 'B157', 'B322', 'B566', 'B373', 'B678', 'B216', 'B650', 'B555', 'B724', 'B193', 'B688', 'B204', 'B563']",10.0,S65,8.87,0,6,6,0.0,,-0.585263,-13.305229,-13.890492,True,True,8,S27,True,6,0.2158,delivery+onsite,,,,,,,,,,,,,,,,,,,,,,,,,,,,,,,,,,,,,,,,,,,,,,,,,,,,
49,9,11,8,S65,False,0,6,6,0,14,0,0,0,0,"['B30', 'B160', 'B719', 'B698', 'B754', 'B736', 'B3', 'B463', 'B250', 'B438', 'B551', 'B755', 'B370', 'B705']",7.0,S26,6.43,14,6,20,0.0,,-0.324922,-13.330444,-13.655366,False,False,6,S26,True,2,0.1565,pickup,,,,,,,,,,,,,,,,,,,,,,,,,,,,,,,,,,,,,,,,,,,,,,,,,,,,
49,9,11,22,S26,False,14,6,20,14,0,0,0,0,0,"['B30', 'B160', 'B719', 'B698', 'B754', 'B736', 'B3', 'B463', 'B250', 'B438', 'B551', 'B755', 'B370', 'B705']",7.0,S23,8.86,0,6,6,0.0,,-1.078941,-13.387402,-14.466343,False,False,4,S51,True,2,0.1066,delivery,,,,,,,,,,,,,,,,,,,,,,,,,,,,,,,,,,,,,,,,,,,,,,,,,,,,
49,9,11,38,S23,False,0,6,6,0,14,0,0,0,0,"['B614', 'B697', 'B656', 'B213', 'B675', 'B63', 'B349', 'B426', 'B235', 'B6', 'B392', 'B664', 'B731', 'B458']",7.0,S51,11.83,14,6,20,0.0,,-0.809844,-13.561873,-14.371717,False,False,4,S63,True,2,0.1126,pickup,,,,,,,,,,,,,,,,,,,,,,,,,,,,,,,,,,,,,,,,,,,,,,,,,,,,
49,9,11,57,S51,False,14,6,20,0,0,0,0,0,0,[],0.0,S29,7.57,14,6,20,0.0,,-1.226534,-13.547448,-14.773982,False,False,6,S29,True,0,0.1668,do_nothing,,,,,,,,,,,,,,,,,,,,,,,,,,,,,,,,,,,,,,,,,,,,,,,,,,,,
49,9,12,4,S29,False,14,6,20,14,0,0,0,0,0,"['B614', 'B697', 'B656', 'B213', 'B675', 'B63', 'B349', 'B426', 'B235', 'B6', 'B392', 'B664', 'B731', 'B458']",7.0,S61,5.74,0,6,6,0.0,,-1.202369,-13.415475,-14.617844,False,False,4,S61,False,2,0.1089,delivery,,,,,,,,,,,,,,,,,,,,,,,,,,,,,,,,,,,,,,,,,,,,,,,,,,,,
49,9,12,17,S61,False,0,6,6,0,8,0,0,0,0,"['B339', 'B466', 'B104', 'B47', 'B53', 'B142', 'B649', 'B266']",4.0,S54,4.83,8,6,14,0.0,,-1.43599,-13.725437,-15.161428,False,False,6,S31,True,2,0.1633,pickup,,,,,,,,,,,,,,,,,,,,,,,,,,,,,,,,,,,,,,,,,,,,,,,,,,,,
49,9,12,26,S54,False,8,6,14,8,0,0,0,0,0,"['B339', 'B466', 'B104', 'B47', 'B53', 'B142', 'B649', 'B266']",4.0,S31,5.7,0,6,6,0.0,,-1.178313,-13.443182,-14.621495,False,False,4,S31,False,2,0.1072,delivery,,,,,,,,,,,,,,,,,,,,,,,,,,,,,,,,,,,,,,,,,,,,,,,,,,,,
49,9,12,35,S31,False,0,6,6,0,14,0,0,0,0,"['B556', 'B600', 'B495', 'B292', 'B199', 'B9', 'B382', 'B217', 'B588', 'B717', 'B318', 'B92', 'B59', 'B691']",7.0,S15,3.53,14,6,20,0.0,,-1.332166,-13.108991,-14.441157,False,False,6,S37,True,2,0.1575,pickup,,,,,,,,,,,,,,,,,,,,,,,,,,,,,,,,,,,,,,,,,,,,,,,,,,,,
49,9,12,46,S15,False,14,6,20,0,0,0,0,0,0,[],0.0,S35,5.79,14,6,20,0.0,,-1.564338,-13.309205,-14.873544,False,False,4,S35,False,0,0.1052,do_nothing,,,,,,,,,,,,,,,,,,,,,,,,,,,,,,,,,,,,,,,,,,,,,,,,,,,,
49,9,12,52,S35,False,14,6,20,14,0,0,0,0,0,"['B556', 'B600', 'B495', 'B292', 'B199', 'B9', 'B382', 'B217', 'B588', 'B717', 'B318', 'B92', 'B59', 'B691']",7.0,S37,7.89,0,6,6,0.0,,-1.230501,-13.150624,-14.381125,False,False,6,S50,True,4,0.1602,delivery,,,,,,,,,,,,,,,,,,,,,,,,,,,,,,,,,,,,,,,,,,,,,,,,,,,,
49,9,13,7,S37,False,0,6,6,0,14,0,0,0,0,"['B124', 'B425', 'B536', 'B172', 'B268', 'B729', 'B113', 'B15', 'B394', 'B476', 'B372', 'B574', 'B184', 'B51']",7.0,S15,4.99,14,6,20,0.0,,-1.108029,-13.190924,-14.298953,False,False,4,S15,False,2,0.1117,pickup,,,,,,,,,,,,,,,,,,,,,,,,,,,,,,,,,,,,,,,,,,,,,,,,,,,,
49,9,13,19,S15,False,14,6,20,14,0,0,0,0,0,"['B124', 'B425', 'B536', 'B172', 'B268', 'B729', 'B113', 'B15', 'B394', 'B476', 'B372', 'B574', 'B184', 'B51']",7.0,S66,3.2,0,6,6,0.0,,-1.095544,-13.111943,-14.207488,False,False,6,S26,True,4,0.1603,delivery,,,,,,,,,,,,,,,,,,,,,,,,,,,,,,,,,,,,,,,,,,,,,,,,,,,,
49,9,13,29,S66,False,0,6,6,0,0,0,0,0,0,[],0.0,S63,4.37,0,6,6,0.0,,-0.646373,-13.188043,-13.834416,False,False,6,S63,False,0,0.1655,do_nothing,,,,,,,,,,,,,,,,,,,,,,,,,,,,,,,,,,,,,,,,,,,,,,,,,,,,
49,9,13,33,S63,False,0,6,6,0,14,0,0,0,0,"['B297', 'B276', 'B23', 'B330', 'B169', 'B692', 'B589', 'B432', 'B434', 'B282', 'B726', 'B530', 'B373', 'B566']",7.0,S26,7.98,14,6,20,0.0,,-0.355069,-12.984362,-13.339431,True,False,10,S26,True,4,0.2626,pickup,,,,,,,,,,,,,,,,,,,,,,,,,,,,,,,,,,,,,,,,,,,,,,,,,,,,
49,9,13,48,S26,False,14,6,20,14,0,0,0,0,0,"['B297', 'B276', 'B23', 'B330', 'B169', 'B692', 'B589', 'B432', 'B434', 'B282', 'B726', 'B530', 'B373', 'B566']",7.0,S66,5.64,0,6,6,0.0,,-1.361468,-13.315621,-14.677089,False,False,4,S17,True,2,0.1089,delivery,,,,,,,,,,,,,,,,,,,,,,,,,,,,,,,,,,,,,,,,,,,,,,,,,,,,
49,9,14,1,S66,False,0,6,6,0,11,0,0,0,0,"['B671', 'B205', 'B469', 'B249', 'B505', 'B504', 'B652', 'B740', 'B608', 'B621', 'B159']",5.5,S58,3.52,11,6,17,0.0,,-2.249111,-13.298405,-15.547516,False,False,6,S41,True,4,0.1589,pickup,,,,,,,,,,,,,,,,,,,,,,,,,,,,,,,,,,,,,,,,,,,,,,,,,,,,
49,9,14,10,S58,False,11,6,17,11,0,0,0,0,0,"['B671', 'B205', 'B469', 'B249', 'B505', 'B504', 'B652', 'B740', 'B608', 'B621', 'B159']",5.5,S41,3.91,0,6,6,0.0,,-1.768354,-13.056812,-14.825166,False,False,4,S18,True,2,0.107,delivery,,,,,,,,,,,,,,,,,,,,,,,,,,,,,,,,,,,,,,,,,,,,,,,,,,,,
49,9,14,19,S41,False,0,6,6,0,13,0,1,0,0,"['B278', 'B101', 'B222', 'B583', 'B644', 'B401', 'B216', 'B248', 'B43', 'B286', 'B329', 'B98', 'B144', 'B359']",7.0,S18,2.33,13,7,20,0.0,,-1.405985,-13.151914,-14.557899,True,True,10,S18,False,8,0.27,pickup+depot_removal,,,,,,,,,,,,,,,,,,,,,,,,,,,,,,,,,,,,,,,,,,,,,,,,,,,,
49,9,14,29,S18,False,13,7,20,12,0,0,0,0,0,"['B278', 'B101', 'B222', 'B583', 'B644', 'B401', 'B216', 'B248', 'B43', 'B286', 'B329', 'B98']",6.0,S22,5.73,1,7,8,0.0,,-1.109001,-13.023646,-14.132647,False,False,6,S22,False,2,0.1591,delivery,,,,,,,,,,,,,,,,,,,,,,,,,,,,,,,,,,,,,,,,,,,,,,,,,,,,
49,9,14,40,S22,False,1,7,8,0,12,0,0,0,0,"['B410', 'B311', 'B88', 'B488', 'B188', 'B446', 'B625', 'B270', 'B522', 'B723', 'B177', 'B18']",6.0,S17,8.16,13,7,20,0.0,,-0.748133,-12.867374,-13.615508,False,False,4,S17,False,2,0.1085,pickup,,,,,,,,,,,,,,,,,,,,,,,,,,,,,,,,,,,,,,,,,,,,,,,,,,,,
49,9,14,54,S17,False,13,7,20,13,0,0,0,0,0,"['B144', 'B410', 'B311', 'B88', 'B488', 'B188', 'B446', 'B625', 'B270', 'B522', 'B723', 'B177', 'B18']",6.5,S48,13.62,0,7,7,0.0,,-1.469446,-13.028847,-14.498293,False,False,4,S48,False,2,0.1284,delivery,,,,,,,,,,,,,,,,,,,,,,,,,,,,,,,,,,,,,,,,,,,,,,,,,,,,
49,9,15,15,S48,False,0,7,7,0,8,1,1,0,0,"['B490', 'B693', 'B12', 'B725', 'B119', 'B237', 'B623', 'B669', 'B261']",7.5,S55,5.56,8,8,16,0.0,,-1.00855,-12.824538,-13.833088,True,True,24,S55,False,14,0.749,pickup+maintenance,,,,,,,,,,,,,,,,,,,,,,,,,,,,,,,,,,,,,,,,,,,,,,,,,,,,
49,9,15,28,S55,False,8,8,16,0,0,3,0,0,0,[],9.0,S32,1.17,8,8,16,0.0,,-1.304893,-12.955565,-14.260458,True,True,16,S32,False,6,0.413,do_nothing+onsite,,,,,,,,,,,,,,,,,,,,,,,,,,,,,,,,,,,,,,,,,,,,,,,,,,,,
49,9,15,38,S32,False,8,8,16,8,0,0,0,0,0,"['B490', 'B693', 'B12', 'B725', 'B119', 'B237', 'B623', 'B669']",4.0,S41,7.65,0,8,8,0.0,,-1.299491,-12.74969,-14.049181,False,False,4,S41,False,2,0.1056,delivery,,,,,,,,,,,,,,,,,,,,,,,,,,,,,,,,,,,,,,,,,,,,,,,,,,,,
49,9,15,49,S41,False,0,8,8,0,12,0,0,0,0,"['B274', 'B362', 'B126', 'B408', 'B137', 'B357', 'B681', 'B486', 'B615', 'B7', 'B637', 'B378']",6.0,S27,3.14,12,8,20,0.0,,-0.719483,-12.763473,-13.482956,False,False,4,S27,False,2,0.1042,pickup,,,,,,,,,,,,,,,,,,,,,,,,,,,,,,,,,,,,,,,,,,,,,,,,,,,,
49,9,15,59,S27,False,12,8,20,12,0,0,0,0,0,"['B274', 'B362', 'B126', 'B408', 'B137', 'B357', 'B681', 'B486', 'B615', 'B7', 'B637', 'B378']",6.0,S31,2.27,0,8,8,0.0,,-0.980862,-12.947274,-13.928136,False,False,4,S31,False,2,0.1063,delivery,,,,,,,,,,,,,,,,,,,,,,,,,,,,,,,,,,,,,,,,,,,,,,,,,,,,
49,9,16,7,S31,False,0,8,8,0,0,0,0,0,0,[],0.0,S62,2.98,0,8,8,0.0,,-0.585098,-12.593079,-13.178177,False,False,4,S62,False,0,0.106,do_nothing,,,,,,,,,,,,,,,,,,,,,,,,,,,,,,,,,,,,,,,,,,,,,,,,,,,,
49,9,16,10,S62,False,0,8,8,0,12,0,0,0,0,"['B156', 'B718', 'B314', 'B363', 'B720', 'B116', 'B230', 'B220', 'B698', 'B199', 'B576', 'B386']",6.0,S53,2.18,12,8,20,0.0,,-0.751121,-12.793502,-13.544623,False,False,4,S44,True,2,0.1036,pickup,,,,,,,,,,,,,,,,,,,,,,,,,,,,,,,,,,,,,,,,,,,,,,,,,,,,
49,9,16,18,S53,False,12,8,20,12,0,0,0,0,0,"['B156', 'B718', 'B314', 'B363', 'B720', 'B116', 'B230', 'B220', 'B698', 'B199', 'B576', 'B386']",6.0,S44,1.73,0,8,8,0.0,,-0.655253,-12.626832,-13.282085,False,False,4,S58,True,2,0.1042,delivery,,,,,,,,,,,,,,,,,,,,,,,,,,,,,,,,,,,,,,,,,,,,,,,,,,,,
49,9,16,26,S44,False,0,8,8,0,12,0,0,0,0,"['B441', 'B299', 'B529', 'B235', 'B182', 'B69', 'B671', 'B132', 'B532', 'B500', 'B587', 'B592']",6.0,S58,1.79,12,8,20,0.0,,-0.586243,-12.720556,-13.306799,False,False,4,S58,False,2,0.1044,pickup,,,,,,,,,,,,,,,,,,,,,,,,,,,,,,,,,,,,,,,,,,,,,,,,,,,,
49,9,16,34,S58,False,12,8,20,12,0,0,0,0,0,"['B441', 'B299', 'B529', 'B235', 'B182', 'B69', 'B671', 'B132', 'B532', 'B500', 'B587', 'B592']",6.0,S31,3.21,0,8,8,0.0,,-0.849246,-12.697913,-13.547159,False,False,4,S34,True,2,0.1042,delivery,,,,,,,,,,,,,,,,,,,,,,,,,,,,,,,,,,,,,,,,,,,,,,,,,,,,
49,9,16,43,S31,False,0,8,8,0,12,0,0,0,0,"['B343', 'B649', 'B239', 'B130', 'B259', 'B353', 'B685', 'B271', 'B610', 'B349', 'B215', 'B547']",6.0,S34,4.64,12,8,20,0.0,,-0.620542,-12.552729,-13.173271,False,False,4,S34,False,2,0.106,pickup,,,,,,,,,,,,,,,,,,,,,,,,,,,,,,,,,,,,,,,,,,,,,,,,,,,,
49,9,16,53,S34,False,12,8,20,12,0,0,0,0,0,"['B343', 'B649', 'B239', 'B130', 'B259', 'B353', 'B685', 'B271', 'B610', 'B349', 'B215', 'B547']",6.0,S62,2.8,0,8,8,0.0,,-0.785975,-12.479205,-13.26518,False,False,4,S11,True,2,0.1151,delivery,,,,,,,,,,,,,,,,,,,,,,,,,,,,,,,,,,,,,,,,,,,,,,,,,,,,
49,9,17,2,S62,False,0,8,8,0,11,0,1,0,0,"['B516', 'B420', 'B666', 'B151', 'B705', 'B674', 'B491', 'B571', 'B63', 'B426', 'B236', 'B611']",6.0,S42,6.87,11,9,20,0.0,,-0.48772,-12.627327,-13.115047,True,True,12,S43,True,10,0.3134,pickup+depot_removal,,,,,,,,,,,,,,,,,,,,,,,,,,,,,,,,,,,,,,,,,,,,,,,,,,,,
49,9,17,15,S42,False,11,9,20,0,0,0,0,0,0,[],0.0,S66,9.4,11,9,20,0.0,,-0.555289,-12.657693,-13.212982,False,False,4,S50,True,0,0.1045,do_nothing,,,,,,,,,,,,,,,,,,,,,,,,,,,,,,,,,,,,,,,,,,,,,,,,,,,,
49,9,17,24,S66,False,11,9,20,11,0,0,0,0,0,"['B516', 'B420', 'B666', 'B151', 'B705', 'B674', 'B491', 'B571', 'B63', 'B426', 'B236']",5.5,S31,0.38,0,9,9,0.0,,-0.913394,-12.841319,-13.754712,False,False,4,S31,False,2,0.1065,delivery,,,,,,,,,,,,,,,,,,,,,,,,,,,,,,,,,,,,,,,,,,,,,,,,,,,,
49,9,17,30,S31,False,0,9,9,0,8,0,0,0,0,"['B243', 'B280', 'B672', 'B512', 'B175', 'B581', 'B350', 'B111']",4.0,S15,3.53,8,9,17,0.0,,-1.372982,-12.669992,-14.042974,False,False,6,S22,True,2,0.1629,pickup,,,,,,,,,,,,,,,,,,,,,,,,,,,,,,,,,,,,,,,,,,,,,,,,,,,,
49,9,17,38,S15,False,8,9,17,8,0,0,0,0,0,"['B243', 'B280', 'B672', 'B512', 'B175', 'B581', 'B350', 'B111']",4.0,S22,6.37,0,9,9,0.0,,-0.489694,-12.675777,-13.165472,False,False,4,S52,True,2,0.108,delivery,,,,,,,,,,,,,,,,,,,,,,,,,,,,,,,,,,,,,,,,,,,,,,,,,,,,
49,9,17,48,S22,False,0,9,9,0,11,0,0,0,0,"['B72', 'B364', 'B96', 'B197', 'B94', 'B307', 'B402', 'B436', 'B713', 'B117', 'B216']",5.5,S24,6.27,11,9,20,0.0,,-0.656885,-12.531763,-13.188648,True,False,6,S24,False,4,0.1598,pickup,,,,,,,,,,,,,,,,,,,,,,,,,,,,,,,,,,,,,,,,,,,,,,,,,,,,
49,9,18,0,S24,False,11,9,20,0,0,0,0,0,0,[],0.0,S11,9.97,11,9,20,0.0,,-0.812545,-12.692756,-13.505302,False,False,4,S17,True,0,0.1067,do_nothing,,,,,,,,,,,,,,,,,,,,,,,,,,,,,,,,,,,,,,,,,,,,,,,,,,,,
49,9,18,10,S11,False,11,9,20,11,0,0,0,0,0,"['B72', 'B364', 'B96', 'B197', 'B94', 'B307', 'B402', 'B436', 'B713', 'B117', 'B216']",5.5,S54,5.5,0,9,9,0.0,,-0.621044,-12.670619,-13.291663,False,False,6,S21,True,4,0.1594,delivery,,,,,,,,,,,,,,,,,,,,,,,,,,,,,,,,,,,,,,,,,,,,,,,,,,,,
49,9,18,21,S54,False,0,9,9,0,11,0,0,0,0,"['B1', 'B382', 'B105', 'B328', 'B385', 'B17', 'B371', 'B102', 'B425', 'B502', 'B168']",5.5,S1,3.23,11,9,20,0.0,,-0.555845,-12.692529,-13.248374,False,False,4,S1,False,2,0.1072,pickup,,,,,,,,,,,,,,,,,,,,,,,,,,,,,,,,,,,,,,,,,,,,,,,,,,,,
49,9,18,30,S1,False,11,9,20,0,0,0,0,0,0,[],0.0,S35,0.53,11,9,20,0.0,,-0.653066,-13.115925,-13.768991,False,False,6,S35,True,0,0.1626,do_nothing,,,,,,,,,,,,,,,,,,,,,,,,,,,,,,,,,,,,,,,,,,,,,,,,,,,,
49,9,18,30,S35,False,11,9,20,11,0,0,0,0,0,"['B1', 'B382', 'B105', 'B328', 'B385', 'B17', 'B371', 'B102', 'B425', 'B502', 'B168']",5.5,S65,10.81,0,9,9,0.0,,-0.947048,-13.155407,-14.102455,False,False,4,S65,False,2,0.1071,delivery,,,,,,,,,,,,,,,,,,,,,,,,,,,,,,,,,,,,,,,,,,,,,,,,,,,,
49,9,18,47,S65,False,0,9,9,0,11,0,0,0,0,"['B338', 'B144', 'B55', 'B85', 'B208', 'B767', 'B405', 'B77', 'B44', 'B412', 'B688']",5.5,S30,1.33,11,9,20,0.0,,-0.658055,-12.954617,-13.612672,False,False,4,S30,False,2,0.1135,pickup,,,,,,,,,,,,,,,,,,,,,,,,,,,,,,,,,,,,,,,,,,,,,,,,,,,,
49,9,18,53,S30,False,11,9,20,11,0,0,1,0,0,"['B464', 'B338', 'B144', 'B55', 'B85', 'B208', 'B767', 'B405', 'B77', 'B44', 'B412', 'B688']",6.0,S22,2.59,0,10,10,0.0,,-0.425197,-12.903863,-13.32906,True,True,10,S22,True,8,0.2823,delivery+depot_removal,,,,,,,,,,,,,,,,,,,,,,,,,,,,,,,,,,,,,,,,,,,,,,,,,,,,
49,9,19,2,S22,False,0,10,10,0,9,0,1,0,0,"['B511', 'B79', 'B609', 'B342', 'B103', 'B623', 'B481', 'B404', 'B329', 'B43']",5.0,S24,6.27,9,11,20,0.0,,-0.291388,-12.996523,-13.287911,True,True,10,S24,False,8,0.2624,pickup+depot_removal,,,,,,,,,,,,,,,,,,,,,,,,,,,,,,,,,,,,,,,,,,,,,,,,,,,,
49,9,19,13,S24,False,9,11,20,9,0,0,0,0,0,"['B511', 'B79', 'B609', 'B342', 'B103', 'B623', 'B481', 'B404', 'B329']",4.5,S7,7.29,0,11,11,0.0,,-0.487866,-13.052166,-13.540032,False,False,4,S1,True,2,0.1065,delivery,,,,,,,,,,,,,,,,,,,,,,,,,,,,,,,,,,,,,,,,,,,,,,,,,,,,
49,9,19,25,S7,False,0,11,11,0,9,0,0,0,0,"['B333', 'B346', 'B712', 'B273', 'B419', 'B52', 'B352', 'B633', 'B135']",4.5,S23,2.31,9,11,20,0.0,,-0.42355,-12.928875,-13.352426,True,False,6,S46,True,4,0.1631,pickup,,,,,,,,,,,,,,,,,,,,,,,,,,,,,,,,,,,,,,,,,,,,,,,,,,,,
49,9,19,32,S23,False,9,11,20,0,0,0,0,0,0,[],0.0,S61,6.04,9,11,20,0.0,,-0.459233,-12.653344,-13.112577,True,False,10,S61,False,0,0.2712,do_nothing,,,,,,,,,,,,,,,,,,,,,,,,,,,,,,,,,,,,,,,,,,,,,,,,,,,,
49,9,19,38,S61,False,9,11,20,9,0,0,1,0,0,"['B104', 'B333', 'B346', 'B712', 'B273', 'B419', 'B52', 'B352', 'B633', 'B135']",5.0,S46,4.04,0,12,12,0.0,,-0.357293,-12.612019,-12.969312,True,True,10,S46,True,8,0.2663,delivery+depot_removal,,,,,,,,,,,,,,,,,,,,,,,,,,,,,,,,,,,,,,,,,,,,,,,,,,,,
49,9,19,47,S46,False,0,12,12,0,8,0,0,0,0,"['B225', 'B752', 'B106', 'B358', 'B513', 'B582', 'B313', 'B379']",4.0,D0,2.11,8,12,20,0.0,,-0.488543,-12.815068,-13.303611,False,False,2,D0,False,1,0.0842,pickup,,,,,,,,,,,,,,,,,,,,,,,,,,,,,,,,,,,,,,,,,,,,,,,,,,,,
49,9,19,53,D0,True,8,12,20,0,0,0,0,12,12,"['B545', 'B467', 'B89', 'B31', 'B503', 'B293', 'B534', 'B423', 'B660', 'B575', 'B427', 'B647', 'B448', 'B347', 'B375', 'B472', 'B285', 'B519', 'B359', 'B261', 'B611', 'B464', 'B43', 'B104']",12.0,D0,0.0,20,0,20,0.0,,-0.686103,-12.527143,-13.213246,True,True,1,D0,False,0,0.0509,do_nothing,,,,,,,,,,,,,,,,,,,,,,,,,,,,,,,,,,,,,,,,,,,,,,,,,,,,
49,10,6,5,D0,True,20,0,20,0,0,0,0,0,0,[],0.0,S66,1.4,20,0,20,0.0,,-1.916313,-13.023336,-14.939649,True,True,1,S66,False,0,0.0348,depot_passthrough,,,,,,,,,,,,,,,,,,,,,,,,,,,,,,,,,,,,,,,,,,,,,,,,,,,,
49,10,6,21,S66,False,20,0,20,19,0,1,0,0,0,"['B225', 'B752', 'B106', 'B358', 'B513', 'B582', 'B313', 'B379', 'B545', 'B467', 'B89', 'B31', 'B503', 'B293', 'B534', 'B423', 'B660', 'B575', 'B427']",12.5,S60,1.23,1,0,1,0.0,,-2.383324,-12.930134,-15.313458,True,True,12,S60,False,6,0.3223,delivery+onsite,,,,,,,,,,,,,,,,,,,,,,,,,,,,,,,,,,,,,,,,,,,,,,,,,,,,
49,10,6,35,S60,False,1,0,1,0,16,0,0,0,0,"['B203', 'B281', 'B437', 'B742', 'B287', 'B430', 'B525', 'B554', 'B91', 'B133', 'B248', 'B687', 'B274', 'B408', 'B626', 'B612']",8.0,S27,3.14,17,0,17,0.0,,-1.707001,-13.03742,-14.744422,False,False,6,S27,False,2,0.1611,pickup,,,,,,,,,,,,,,,,,,,,,,,,,,,,,,,,,,,,,,,,,,,,,,,,,,,,
49,10,6,46,S27,False,17,0,17,15,0,0,0,0,0,"['B647', 'B203', 'B281', 'B437', 'B742', 'B287', 'B430', 'B525', 'B554', 'B91', 'B133', 'B248', 'B687', 'B274', 'B408']",7.5,S39,5.98,2,0,2,0.0,,-1.763752,-13.108824,-14.872576,False,False,6,S39,False,4,0.1619,delivery,,,,,,,,,,,,,,,,,,,,,,,,,,,,,,,,,,,,,,,,,,,,,,,,,,,,
49,10,7,0,S39,False,2,0,2,0,0,0,0,0,0,[],0.0,S54,8.41,2,0,2,0.0,,-1.800309,-13.147737,-14.948045,False,False,6,S54,True,0,0.1637,do_nothing,,,,,,,,,,,,,,,,,,,,,,,,,,,,,,,,,,,,,,,,,,,,,,,,,,,,
49,10,7,8,S54,False,2,0,2,0,17,0,0,0,0,"['B333', 'B346', 'B683', 'B409', 'B331', 'B330', 'B714', 'B272', 'B273', 'B140', 'B712', 'B390', 'B345', 'B389', 'B445', 'B249', 'B652']",8.5,S62,2.78,19,0,19,0.0,,-1.303491,-13.133469,-14.43696,False,False,6,S62,False,4,0.1625,pickup,,,,,,,,,,,,,,,,,,,,,,,,,,,,,,,,,,,,,,,,,,,,,,,,,,,,
49,10,7,19,S62,False,19,0,19,14,0,0,0,0,0,"['B626', 'B612', 'B333', 'B346', 'B683', 'B409', 'B331', 'B330', 'B714', 'B272', 'B273', 'B140', 'B712', 'B390']",7.0,S52,1.55,5,0,5,0.0,,-0.949335,-13.132779,-14.082114,False,False,6,S52,False,4,0.1656,delivery,,,,,,,,,,,,,,,,,,,,,,,,,,,,,,,,,,,,,,,,,,,,,,,,,,,,
49,10,7,28,S52,False,5,0,5,0,13,0,0,0,0,"['B22', 'B323', 'B262', 'B672', 'B603', 'B385', 'B183', 'B5', 'B703', 'B214', 'B674', 'B490', 'B226']",6.5,S15,4.21,18,0,18,0.0,,-1.401223,-13.305118,-14.706341,False,False,6,S15,False,4,0.1619,pickup,,,,,,,,,,,,,,,,,,,,,,,,,,,,,,,,,,,,,,,,,,,,,,,,,,,,
49,10,7,39,S15,False,18,0,18,18,0,0,0,0,0,"['B345', 'B389', 'B445', 'B249', 'B652', 'B22', 'B323', 'B262', 'B672', 'B603', 'B385', 'B183', 'B5', 'B703', 'B214', 'B674', 'B490', 'B226']",9.0,S50,4.47,0,0,0,0.0,,-1.049281,-12.936472,-13.985753,False,False,4,S50,False,2,0.1092,delivery,,,,,,,,,,,,,,,,,,,,,,,,,,,,,,,,,,,,,,,,,,,,,,,,,,,,
49,10,7,52,S50,False,0,0,0,0,0,0,0,0,0,[],0.0,S35,1.61,0,0,0,0.0,,-0.977335,-13.018643,-13.995978,False,False,6,S57,True,0,0.1762,do_nothing,,,,,,,,,,,,,,,,,,,,,,,,,,,,,,,,,,,,,,,,,,,,,,,,,,,,
49,10,7,54,S35,False,0,0,0,0,13,0,0,0,0,"['B255', 'B443', 'B620', 'B573', 'B73', 'B180', 'B53', 'B544', 'B243', 'B711', 'B36', 'B57', 'B734']",6.5,S57,0.73,13,0,13,0.0,,-0.690283,-13.089962,-13.780245,False,False,6,S50,True,4,0.1792,pickup,,,,,,,,,,,,,,,,,,,,,,,,,,,,,,,,,,,,,,,,,,,,,,,,,,,,
49,10,8,1,S57,False,13,0,13,0,0,1,0,0,0,[],3.0,S11,3.31,13,0,13,0.0,,-0.941584,-13.182596,-14.12418,True,True,12,S11,True,2,0.3196,do_nothing+onsite,,,,,,,,,,,,,,,,,,,,,,,,,,,,,,,,,,,,,,,,,,,,,,,,,,,,
49,10,8,7,S11,False,13,0,13,0,7,0,0,0,0,"['B72', 'B364', 'B96', 'B197', 'B94', 'B307', 'B402']",3.5,S63,9.33,20,0,20,0.0,,-0.97703,-12.929072,-13.906102,False,False,4,S63,False,2,0.1135,pickup,,,,,,,,,,,,,,,,,,,,,,,,,,,,,,,,,,,,,,,,,,,,,,,,,,,,
49,10,8,20,S63,False,20,0,20,18,0,0,1,0,0,"['B537', 'B255', 'B443', 'B620', 'B573', 'B73', 'B180', 'B53', 'B544', 'B243', 'B711', 'B36', 'B57', 'B734', 'B72', 'B364', 'B96', 'B197', 'B94']",9.5,S36,3.15,2,1,3,0.0,,-1.295714,-13.046493,-14.342208,True,True,10,S16,True,4,0.2724,delivery+depot_removal,,,,,,,,,,,,,,,,,,,,,,,,,,,,,,,,,,,,,,,,,,,,,,,,,,,,
49,10,8,33,S36,False,2,1,3,0,15,0,0,0,0,"['B439', 'B317', 'B71', 'B198', 'B59', 'B275', 'B263', 'B579', 'B344', 'B138', 'B166', 'B233', 'B109', 'B535', 'B371']",7.5,S16,3.43,17,1,18,0.0,,-0.906518,-13.184722,-14.09124,False,False,6,S16,False,2,0.1637,pickup,,,,,,,,,,,,,,,,,,,,,,,,,,,,,,,,,,,,,,,,,,,,,,,,,,,,
49,10,8,44,S16,False,17,1,18,10,0,0,0,0,0,"['B307', 'B402', 'B439', 'B317', 'B71', 'B198', 'B59', 'B275', 'B263', 'B579']",5.0,S51,3.59,7,1,8,0.0,,-0.716848,-13.080996,-13.797844,False,False,6,S51,False,2,0.1786,delivery,,,,,,,,,,,,,,,,,,,,,,,,,,,,,,,,,,,,,,,,,,,,,,,,,,,,
49,10,8,52,S51,False,7,1,8,7,0,1,0,0,0,"['B344', 'B138', 'B166', 'B233', 'B109', 'B535', 'B371']",6.5,S55,5.48,0,1,1,0.0,,-0.522081,-12.961843,-13.483924,True,True,8,S55,False,6,0.2173,delivery+onsite,,,,,,,,,,,,,,,,,,,,,,,,,,,,,,,,,,,,,,,,,,,,,,,,,,,,
49,10,9,4,S55,False,0,1,1,0,13,0,0,0,0,"['B52', 'B559', 'B556', 'B335', 'B279', 'B99', 'B202', 'B45', 'B383', 'B414', 'B376', 'B393', 'B715']",6.5,S54,0.95,13,1,14,0.0,,-0.325913,-12.957507,-13.28342,False,False,6,S54,False,2,0.1643,pickup,,,,,,,,,,,,,,,,,,,,,,,,,,,,,,,,,,,,,,,,,,,,,,,,,,,,
49,10,9,12,S54,False,13,1,14,0,6,0,0,0,0,"['B577', 'B68', 'B728', 'B301', 'B29', 'B661']",3.0,S26,5.73,19,1,20,0.0,,-0.816022,-13.205367,-14.021389,False,False,4,S26,False,2,0.1098,pickup,,,,,,,,,,,,,,,,,,,,,,,,,,,,,,,,,,,,,,,,,,,,,,,,,,,,
49,10,9,20,S26,False,19,1,20,18,0,0,0,0,0,"['B52', 'B559', 'B556', 'B335', 'B279', 'B99', 'B202', 'B45', 'B383', 'B414', 'B376', 'B393', 'B715', 'B577', 'B68', 'B728', 'B301', 'B29']",9.0,S1,6.95,1,1,2,0.0,,-0.745992,-13.108847,-13.854839,False,False,6,S22,True,2,0.1602,delivery,,,,,,,,,,,,,,,,,,,,,,,,,,,,,,,,,,,,,,,,,,,,,,,,,,,,
49,10,9,36,S1,False,1,1,2,0,13,0,0,0,0,"['B491', 'B308', 'B413', 'B634', 'B14', 'B447', 'B624', 'B145', 'B593', 'B501', 'B730', 'B332', 'B360']",6.5,S57,0.66,14,1,15,0.0,,-0.423631,-13.256507,-13.680138,False,False,4,S58,True,2,0.1113,pickup,,,,,,,,,,,,,,,,,,,,,,,,,,,,,,,,,,,,,,,,,,,,,,,,,,,,
49,10,9,44,S57,False,14,1,15,11,0,0,0,0,0,"['B661', 'B491', 'B308', 'B413', 'B634', 'B14', 'B447', 'B624', 'B145', 'B593', 'B501']",5.5,S58,8.15,3,1,4,0.0,,-0.4859,-13.260689,-13.746589,False,False,6,S58,True,4,0.1719,delivery,,,,,,,,,,,,,,,,,,,,,,,,,,,,,,,,,,,,,,,,,,,,,,,,,,,,
49,10,9,57,S58,False,3,1,4,0,13,0,1,0,0,"['B237', 'B669', 'B470', 'B640', 'B217', 'B549', 'B88', 'B572', 'B357', 'B599', 'B720', 'B656', 'B356', 'B306']",7.0,S59,1.19,16,2,18,0.0,,-0.52233,-13.157408,-13.679738,True,True,10,S37,True,8,0.2902,pickup+depot_removal,,,,,,,,,,,,,,,,,,,,,,,,,,,,,,,,,,,,,,,,,,,,,,,,,,,,
49,10,10,5,S59,False,16,2,18,12,0,0,1,0,0,"['B696', 'B730', 'B332', 'B360', 'B237', 'B669', 'B470', 'B640', 'B217', 'B549', 'B88', 'B572', 'B357']",6.5,S37,1.48,4,3,7,0.0,,-0.655725,-13.252539,-13.908264,True,True,12,S31,True,10,0.3269,delivery+depot_removal,,,,,,,,,,,,,,,,,,,,,,,,,,,,,,,,,,,,,,,,,,,,,,,,,,,,
49,10,10,13,S37,False,4,3,7,0,13,0,0,0,0,"['B469', 'B55', 'B533', 'B341', 'B266', 'B321', 'B15', 'B242', 'B6', 'B498', 'B84', 'B182', 'B729']",6.5,S31,2.81,17,3,20,0.0,,-0.875996,-13.279326,-14.155322,False,False,4,S31,False,2,0.1109,pickup,,,,,,,,,,,,,,,,,,,,,,,,,,,,,,,,,,,,,,,,,,,,,,,,,,,,
49,10,10,23,S31,False,17,3,20,15,0,0,0,0,0,"['B599', 'B720', 'B656', 'B356', 'B469', 'B55', 'B533', 'B341', 'B266', 'B321', 'B15', 'B242', 'B6', 'B498', 'B84']",7.5,S63,4.21,2,3,5,0.0,,-0.751433,-13.223332,-13.974765,False,False,6,S29,True,4,0.1644,delivery,,,,,,,,,,,,,,,,,,,,,,,,,,,,,,,,,,,,,,,,,,,,,,,,,,,,
49,10,10,34,S63,False,2,3,5,0,15,0,0,0,0,"['B573', 'B73', 'B180', 'B53', 'B544', 'B243', 'B711', 'B36', 'B57', 'B734', 'B72', 'B364', 'B96', 'B197', 'B94']",7.5,S29,5.25,17,3,20,0.0,,-1.009788,-13.055968,-14.065757,False,False,4,S29,False,2,0.1086,pickup,,,,,,,,,,,,,,,,,,,,,,,,,,,,,,,,,,,,,,,,,,,,,,,,,,,,
49,10,10,47,S29,False,17,3,20,17,0,0,0,0,0,"['B182', 'B729', 'B573', 'B73', 'B180', 'B53', 'B544', 'B243', 'B711', 'B36', 'B57', 'B734', 'B72', 'B364', 'B96', 'B197', 'B94']",8.5,S7,12.29,0,3,3,0.0,,-1.168606,-13.239589,-14.408195,False,False,4,S7,False,2,0.1151,delivery,,,,,,,,,,,,,,,,,,,,,,,,,,,,,,,,,,,,,,,,,,,,,,,,,,,,
49,10,11,8,S7,False,0,3,3,0,0,0,1,0,0,['B176'],0.5,S5,2.31,0,4,4,0.0,,-1.042479,-13.343651,-14.38613,True,True,8,S5,False,2,0.2157,do_nothing+depot_removal,,,,,,,,,,,,,,,,,,,,,,,,,,,,,,,,,,,,,,,,,,,,,,,,,,,,
49,10,11,11,S5,False,0,4,4,0,16,0,0,0,0,"['B212', 'B746', 'B369', 'B552', 'B421', 'B449', 'B756', 'B558', 'B227', 'B710', 'B418', 'B438', 'B478', 'B110', 'B386', 'B559']",8.0,S13,1.55,16,4,20,0.0,,-0.586092,-13.150911,-13.737002,False,False,4,S13,False,2,0.1128,pickup,,,,,,,,,,,,,,,,,,,,,,,,,,,,,,,,,,,,,,,,,,,,,,,,,,,,
49,10,11,20,S13,False,16,4,20,15,0,1,0,0,0,"['B212', 'B746', 'B369', 'B552', 'B421', 'B449', 'B756', 'B558', 'B227', 'B710', 'B418', 'B438', 'B478', 'B110', 'B386']",10.5,S22,4.2,1,4,5,0.0,,-0.807924,-13.250849,-14.058773,True,True,12,S22,False,10,0.3142,delivery+onsite,,,,,,,,,,,,,,,,,,,,,,,,,,,,,,,,,,,,,,,,,,,,,,,,,,,,
49,10,11,35,S22,False,1,4,5,1,0,0,0,0,0,['B559'],0.5,S44,8.22,0,4,4,0.0,,-0.84079,-13.391046,-14.231837,False,False,4,S44,False,2,0.1098,delivery,,,,,,,,,,,,,,,,,,,,,,,,,,,,,,,,,,,,,,,,,,,,,,,,,,,,
49,10,11,44,S44,False,0,4,4,0,11,0,0,0,0,"['B679', 'B486', 'B290', 'B236', 'B571', 'B231', 'B597', 'B594', 'B493', 'B520', 'B744']",5.5,S16,0.23,11,4,15,0.0,,-0.974926,-13.373814,-14.34874,False,False,6,S16,False,4,0.1716,pickup,,,,,,,,,,,,,,,,,,,,,,,,,,,,,,,,,,,,,,,,,,,,,,,,,,,,
49,10,11,49,S16,False,11,4,15,0,5,1,0,0,0,"['B59', 'B275', 'B263', 'B579', 'B489']",5.5,S53,1.73,16,4,20,0.0,,-0.781182,-13.271185,-14.052367,True,True,8,S53,False,6,0.2135,pickup+onsite,,,,,,,,,,,,,,,,,,,,,,,,,,,,,,,,,,,,,,,,,,,,,,,,,,,,
49,10,11,57,S53,False,16,4,20,0,0,0,0,0,0,[],0.0,S29,3.88,16,4,20,0.0,,-1.330442,-13.366999,-14.697441,False,False,4,S52,True,0,0.1068,do_nothing,,,,,,,,,,,,,,,,,,,,,,,,,,,,,,,,,,,,,,,,,,,,,,,,,,,,
49,10,12,1,S29,False,16,4,20,16,0,0,0,0,0,"['B679', 'B486', 'B290', 'B236', 'B571', 'B231', 'B597', 'B594', 'B493', 'B520', 'B744', 'B59', 'B275', 'B263', 'B579', 'B489']",8.0,S62,3.79,0,4,4,0.0,,-1.396247,-13.261375,-14.657623,False,False,4,S62,False,2,0.1146,delivery,,,,,,,,,,,,,,,,,,,,,,,,,,,,,,,,,,,,,,,,,,,,,,,,,,,,
49,10,12,12,S62,False,0,4,4,0,0,0,0,0,0,[],0.0,S37,2.6,0,4,4,0.0,,-1.333876,-13.358915,-14.692791,False,False,6,S37,False,0,0.1692,do_nothing,,,,,,,,,,,,,,,,,,,,,,,,,,,,,,,,,,,,,,,,,,,,,,,,,,,,
49,10,12,15,S37,False,0,4,4,0,12,1,0,0,0,"['B706', 'B211', 'B149', 'B256', 'B42', 'B456', 'B429', 'B435', 'B422', 'B641', 'B543', 'B317']",9.0,S54,4.98,12,4,16,0.0,,-0.974366,-13.36959,-14.343956,True,True,12,S54,True,10,0.3204,pickup+onsite,,,,,,,,,,,,,,,,,,,,,,,,,,,,,,,,,,,,,,,,,,,,,,,,,,,,
49,10,12,29,S54,False,12,4,16,12,0,0,0,0,0,"['B706', 'B211', 'B149', 'B256', 'B42', 'B456', 'B429', 'B435', 'B422', 'B641', 'B543', 'B317']",6.0,S62,2.78,0,4,4,0.0,,-0.647534,-13.442905,-14.090439,False,False,4,S62,False,2,0.1071,delivery,,,,,,,,,,,,,,,,,,,,,,,,,,,,,,,,,,,,,,,,,,,,,,,,,,,,
49,10,12,38,S62,False,0,4,4,0,15,0,0,0,0,"['B767', 'B303', 'B499', 'B53', 'B745', 'B312', 'B459', 'B707', 'B619', 'B96', 'B566', 'B508', 'B591', 'B687', 'B175']",7.5,S15,2.79,15,4,19,0.0,,-0.978317,-12.831755,-13.810072,False,False,6,S15,False,2,0.1599,pickup,,,,,,,,,,,,,,,,,,,,,,,,,,,,,,,,,,,,,,,,,,,,,,,,,,,,
49,10,12,48,S15,False,15,4,19,0,0,0,0,0,0,[],0.0,S26,2.8,15,4,19,0.0,,-1.45851,-12.881853,-14.340363,False,False,4,S26,False,0,0.1135,do_nothing,,,,,,,,,,,,,,,,,,,,,,,,,,,,,,,,,,,,,,,,,,,,,,,,,,,,
49,10,12,51,S26,False,15,4,19,15,0,0,0,0,0,"['B767', 'B303', 'B499', 'B53', 'B745', 'B312', 'B459', 'B707', 'B619', 'B96', 'B566', 'B508', 'B591', 'B687', 'B175']",7.5,S47,7.49,0,4,4,0.0,,-1.269621,-13.012571,-14.282192,False,False,4,S47,False,2,0.1136,delivery,,,,,,,,,,,,,,,,,,,,,,,,,,,,,,,,,,,,,,,,,,,,,,,,,,,,
49,10,13,6,S47,False,0,4,4,0,7,1,0,0,0,"['B529', 'B305', 'B677', 'B394', 'B235', 'B562', 'B514']",6.5,S29,9.08,7,4,11,0.0,,-2.405198,-13.031735,-15.436934,True,True,12,S39,True,6,0.3251,pickup+onsite,,,,,,,,,,,,,,,,,,,,,,,,,,,,,,,,,,,,,,,,,,,,,,,,,,,,
49,10,13,21,S29,False,7,4,11,7,0,0,0,0,0,"['B529', 'B305', 'B677', 'B394', 'B235', 'B562', 'B514']",3.5,S52,5.05,0,4,4,0.0,,-2.079906,-12.768604,-14.84851,False,False,4,S52,False,2,0.1097,delivery,,,,,,,,,,,,,,,,,,,,,,,,,,,,,,,,,,,,,,,,,,,,,,,,,,,,
49,10,13,30,S52,False,0,4,4,0,10,0,0,0,0,"['B705', 'B326', 'B636', 'B91', 'B727', 'B626', 'B337', 'B545', 'B31', 'B228']",5.0,S54,3.81,10,4,14,0.0,,-2.822084,-13.130915,-15.952999,False,False,6,S54,True,4,0.1635,pickup,,,,,,,,,,,,,,,,,,,,,,,,,,,,,,,,,,,,,,,,,,,,,,,,,,,,
49,10,13,39,S54,False,10,4,14,10,0,0,0,0,0,"['B705', 'B326', 'B636', 'B91', 'B727', 'B626', 'B337', 'B545', 'B31', 'B228']",5.0,S32,2.05,0,4,4,0.0,,-1.663025,-13.026423,-14.689448,False,False,4,S32,False,2,0.1098,delivery,,,,,,,,,,,,,,,,,,,,,,,,,,,,,,,,,,,,,,,,,,,,,,,,,,,,
49,10,13,46,S32,False,0,4,4,0,0,0,0,0,0,[],0.0,S51,4.37,0,4,4,0.0,,-1.564233,-13.175238,-14.739471,False,False,6,S51,False,0,0.1723,do_nothing,,,,,,,,,,,,,,,,,,,,,,,,,,,,,,,,,,,,,,,,,,,,,,,,,,,,
49,10,13,50,S51,False,0,4,4,0,13,0,0,0,0,"['B628', 'B580', 'B692', 'B116', 'B274', 'B390', 'B749', 'B452', 'B603', 'B575', 'B491', 'B408', 'B440']",6.5,S36,1.89,13,4,17,0.0,,-2.347929,-12.932311,-15.28024,False,False,6,S31,True,4,0.1748,pickup,,,,,,,,,,,,,,,,,,,,,,,,,,,,,,,,,,,,,,,,,,,,,,,,,,,,
49,10,13,59,S36,False,13,4,17,13,0,1,0,0,0,"['B628', 'B580', 'B692', 'B116', 'B274', 'B390', 'B749', 'B452', 'B603', 'B575', 'B491', 'B408', 'B440']",9.5,S31,7.34,0,4,4,0.0,,-1.302661,-12.9287,-14.231362,True,True,8,S31,False,6,0.217,delivery+onsite,,,,,,,,,,,,,,,,,,,,,,,,,,,,,,,,,,,,,,,,,,,,,,,,,,,,
49,10,14,15,S31,False,0,4,4,0,0,0,0,0,0,[],0.0,S66,0.38,0,4,4,0.0,,-0.883181,-12.8,-13.68318,False,False,6,S33,True,0,0.1632,do_nothing,,,,,,,,,,,,,,,,,,,,,,,,,,,,,,,,,,,,,,,,,,,,,,,,,,,,
49,10,14,16,S66,False,0,4,4,0,14,0,0,0,0,"['B495', 'B734', 'B81', 'B350', 'B245', 'B293', 'B679', 'B316', 'B507', 'B439', 'B63', 'B706', 'B236', 'B644']",7.0,S33,3.23,14,4,18,0.0,,-0.881132,-12.732815,-13.613947,False,False,6,S31,True,4,0.163,pickup,,,,,,,,,,,,,,,,,,,,,,,,,,,,,,,,,,,,,,,,,,,,,,,,,,,,
49,10,14,26,S33,False,14,4,18,14,0,0,0,0,0,"['B495', 'B734', 'B81', 'B350', 'B245', 'B293', 'B679', 'B316', 'B507', 'B439', 'B63', 'B706', 'B236', 'B644']",7.0,S31,3.18,0,4,4,0.0,,-0.982695,-12.864083,-13.846779,False,False,6,S40,True,4,0.1721,delivery,,,,,,,,,,,,,,,,,,,,,,,,,,,,,,,,,,,,,,,,,,,,,,,,,,,,
49,10,14,36,S31,False,0,4,4,0,16,0,0,0,0,"['B266', 'B321', 'B15', 'B242', 'B6', 'B498', 'B84', 'B291', 'B585', 'B573', 'B230', 'B243', 'B72', 'B649', 'B325', 'B648']",8.0,S40,3.53,16,4,20,0.0,,-1.174802,-12.794333,-13.969135,False,False,4,S40,False,2,0.1269,pickup,,,,,,,,,,,,,,,,,,,,,,,,,,,,,,,,,,,,,,,,,,,,,,,,,,,,
49,10,14,48,S40,False,16,4,20,11,0,0,1,0,0,"['B49', 'B266', 'B321', 'B15', 'B242', 'B6', 'B498', 'B84', 'B291', 'B585', 'B573', 'B230']",6.0,S35,4.93,5,5,10,0.0,,-1.008451,-12.869034,-13.877485,True,True,10,S35,False,4,0.2968,delivery+depot_removal,,,,,,,,,,,,,,,,,,,,,,,,,,,,,,,,,,,,,,,,,,,,,,,,,,,,
49,10,14,59,S35,False,5,5,10,5,0,1,0,0,0,"['B243', 'B72', 'B649', 'B325', 'B648']",5.5,S12,9.87,0,5,5,0.0,,-1.108497,-12.494214,-13.602711,True,True,8,S12,False,6,0.2225,delivery+onsite,,,,,,,,,,,,,,,,,,,,,,,,,,,,,,,,,,,,,,,,,,,,,,,,,,,,
49,10,15,14,S12,False,0,5,5,0,15,0,0,0,0,"['B111', 'B125', 'B153', 'B660', 'B442', 'B66', 'B133', 'B604', 'B60', 'B270', 'B298', 'B530', 'B625', 'B75', 'B609']",7.5,S47,11.33,15,5,20,0.0,,-0.822336,-12.833377,-13.655713,False,False,4,S47,False,2,0.1226,pickup,,,,,,,,,,,,,,,,,,,,,,,,,,,,,,,,,,,,,,,,,,,,,,,,,,,,
49,10,15,33,S47,False,15,5,20,15,0,0,0,0,0,"['B111', 'B125', 'B153', 'B660', 'B442', 'B66', 'B133', 'B604', 'B60', 'B270', 'B298', 'B530', 'B625', 'B75', 'B609']",7.5,S41,1.45,0,5,5,0.0,,-0.848082,-12.725261,-13.573343,False,False,6,S62,True,4,0.1944,delivery,,,,,,,,,,,,,,,,,,,,,,,,,,,,,,,,,,,,,,,,,,,,,,,,,,,,
49,10,15,42,S41,False,0,5,5,0,14,2,0,0,0,"['B435', 'B190', 'B733', 'B369', 'B765', 'B32', 'B413', 'B767', 'B421', 'B715', 'B536', 'B119', 'B231', 'B661']",13.0,S26,6.65,14,5,19,0.0,,-0.940336,-12.816448,-13.756784,True,True,18,S26,False,10,0.4762,pickup+onsite,,,,,,,,,,,,,,,,,,,,,,,,,,,,,,,,,,,,,,,,,,,,,,,,,,,,
49,10,16,1,S26,False,14,5,19,14,0,0,0,0,0,"['B435', 'B190', 'B733', 'B369', 'B765', 'B32', 'B413', 'B767', 'B421', 'B715', 'B536', 'B119', 'B231', 'B661']",7.0,S31,6.02,0,5,5,0.0,,-1.533067,-12.842844,-14.375911,False,False,4,S31,False,2,0.1106,delivery,,,,,,,,,,,,,,,,,,,,,,,,,,,,,,,,,,,,,,,,,,,,,,,,,,,,
49,10,16,14,S31,False,0,5,5,0,15,0,0,0,0,"['B728', 'B74', 'B57', 'B342', 'B691', 'B601', 'B582', 'B602', 'B551', 'B548', 'B47', 'B588', 'B681', 'B69', 'B723']",7.5,S4,2.07,15,5,20,0.0,,-1.474155,-12.90826,-14.382415,False,False,4,S4,False,2,0.1231,pickup,,,,,,,,,,,,,,,,,,,,,,,,,,,,,,,,,,,,,,,,,,,,,,,,,,,,
49,10,16,24,S4,False,15,5,20,0,0,1,0,0,0,[],3.0,S11,10.51,15,5,20,0.0,,-0.848022,-12.990516,-13.838538,True,True,12,S60,True,2,0.36,do_nothing+onsite,,,,,,,,,,,,,,,,,,,,,,,,,,,,,,,,,,,,,,,,,,,,,,,,,,,,
49,10,16,38,S11,False,15,5,20,0,0,1,0,0,0,[],3.0,S42,1.48,15,5,20,0.0,,-1.175739,-12.839637,-14.015376,True,True,8,S42,True,2,0.2375,do_nothing+onsite,,,,,,,,,,,,,,,,,,,,,,,,,,,,,,,,,,,,,,,,,,,,,,,,,,,,
49,10,16,42,S42,False,15,5,20,11,0,0,1,0,0,"['B272', 'B728', 'B74', 'B57', 'B342', 'B691', 'B601', 'B582', 'B602', 'B551', 'B548', 'B47']",6.0,S11,1.48,4,6,10,0.0,,-0.618522,-12.52413,-13.142652,True,True,10,S11,True,8,0.2746,delivery+depot_removal,,,,,,,,,,,,,,,,,,,,,,,,,,,,,,,,,,,,,,,,,,,,,,,,,,,,
49,10,16,49,S11,False,4,6,10,4,0,0,0,0,0,"['B588', 'B681', 'B69', 'B723']",2.0,S54,5.5,0,6,6,0.0,,-1.113306,-12.541055,-13.654361,False,False,4,S54,False,2,0.1094,delivery,,,,,,,,,,,,,,,,,,,,,,,,,,,,,,,,,,,,,,,,,,,,,,,,,,,,
49,10,16,57,S54,False,0,6,6,0,9,0,0,0,0,"['B52', 'B624', 'B459', 'B736', 'B523', 'B529', 'B275', 'B494', 'B315']",4.5,S35,2.91,9,6,15,0.0,,-0.524739,-12.642777,-13.167516,False,False,6,S7,True,4,0.1659,pickup,,,,,,,,,,,,,,,,,,,,,,,,,,,,,,,,,,,,,,,,,,,,,,,,,,,,
49,10,17,4,S35,False,9,6,15,9,0,0,0,0,0,"['B52', 'B624', 'B459', 'B736', 'B523', 'B529', 'B275', 'B494', 'B315']",4.5,S44,6.81,0,6,6,0.0,,-0.649351,-12.58063,-13.229981,False,False,6,S3,True,4,0.1649,delivery,,,,,,,,,,,,,,,,,,,,,,,,,,,,,,,,,,,,,,,,,,,,,,,,,,,,
49,10,17,16,S44,False,0,6,6,0,0,0,0,0,0,[],0.0,S7,10.4,0,6,6,0.0,,-0.753513,-12.477434,-13.230947,False,False,6,S7,False,0,0.1593,do_nothing,,,,,,,,,,,,,,,,,,,,,,,,,,,,,,,,,,,,,,,,,,,,,,,,,,,,
49,10,17,26,S7,False,0,6,6,0,14,0,0,0,0,"['B155', 'B331', 'B160', 'B482', 'B481', 'B632', 'B404', 'B320', 'B701', 'B477', 'B98', 'B54', 'B82', 'B164']",7.0,S30,4.79,14,6,20,0.0,,-0.813041,-12.484647,-13.297688,False,False,6,S44,True,2,0.1636,pickup,,,,,,,,,,,,,,,,,,,,,,,,,,,,,,,,,,,,,,,,,,,,,,,,,,,,
49,10,17,38,S30,False,14,6,20,9,0,0,0,0,0,"['B155', 'B331', 'B160', 'B482', 'B481', 'B632', 'B404', 'B320', 'B701']",4.5,S41,0.92,5,6,11,0.0,,-0.524308,-13.07973,-13.604038,False,False,6,S41,False,2,0.1646,delivery,,,,,,,,,,,,,,,,,,,,,,,,,,,,,,,,,,,,,,,,,,,,,,,,,,,,
49,10,17,43,S41,False,5,6,11,5,0,0,0,0,0,"['B477', 'B98', 'B54', 'B82', 'B164']",2.5,S44,4.82,0,6,6,0.0,,-0.456837,-12.799142,-13.255979,False,False,4,S44,False,2,0.1095,delivery,,,,,,,,,,,,,,,,,,,,,,,,,,,,,,,,,,,,,,,,,,,,,,,,,,,,
49,10,17,51,S44,False,0,6,6,0,12,0,0,0,0,"['B303', 'B18', 'B187', 'B338', 'B655', 'B734', 'B13', 'B534', 'B105', 'B480', 'B112', 'B499']",6.0,S3,4.36,12,6,18,0.0,,-0.357053,-13.039698,-13.396751,False,False,6,S3,False,4,0.1553,pickup,,,,,,,,,,,,,,,,,,,,,,,,,,,,,,,,,,,,,,,,,,,,,,,,,,,,
49,10,18,1,S3,False,12,6,18,0,0,0,0,0,0,[],0.0,S39,9.24,12,6,18,0.0,,-0.325253,-12.954947,-13.280201,False,False,4,S39,True,0,0.1051,do_nothing,,,,,,,,,,,,,,,,,,,,,,,,,,,,,,,,,,,,,,,,,,,,,,,,,,,,
49,10,18,10,S39,False,12,6,18,0,0,0,0,0,0,[],0.0,S52,4.66,12,6,18,0.0,,-0.45409,-12.950423,-13.404514,False,False,4,S52,False,0,0.1163,do_nothing,,,,,,,,,,,,,,,,,,,,,,,,,,,,,,,,,,,,,,,,,,,,,,,,,,,,
49,10,18,15,S52,False,12,6,18,9,0,1,0,0,0,"['B303', 'B18', 'B187', 'B338', 'B655', 'B734', 'B13', 'B534', 'B105']",7.5,S39,4.66,3,6,9,0.0,,-0.325919,-12.929291,-13.255211,True,True,12,S39,False,6,0.3228,delivery+onsite,,,,,,,,,,,,,,,,,,,,,,,,,,,,,,,,,,,,,,,,,,,,,,,,,,,,
49,10,18,27,S39,False,3,6,9,3,0,0,0,0,0,"['B480', 'B112', 'B499']",1.5,S12,8.6,0,6,6,0.0,,-0.55073,-12.739512,-13.290242,False,False,4,S12,False,2,0.1098,delivery,,,,,,,,,,,,,,,,,,,,,,,,,,,,,,,,,,,,,,,,,,,,,,,,,,,,
49,10,18,37,S12,False,0,6,6,0,12,0,0,0,0,"['B720', 'B313', 'B583', 'B234', 'B167', 'B737', 'B255', 'B713', 'B127', 'B406', 'B211', 'B111']",6.0,S39,8.6,12,6,18,0.0,,-0.325332,-12.495541,-12.820872,False,False,6,S39,False,4,0.1595,pickup,,,,,,,,,,,,,,,,,,,,,,,,,,,,,,,,,,,,,,,,,,,,,,,,,,,,
49,10,18,52,S39,False,12,6,18,12,0,0,0,0,0,"['B720', 'B313', 'B583', 'B234', 'B167', 'B737', 'B255', 'B713', 'B127', 'B406', 'B211', 'B111']",6.0,S59,2.08,0,6,6,0.0,,-0.686589,-12.442874,-13.129464,False,False,4,S59,False,2,0.1096,delivery,,,,,,,,,,,,,,,,,,,,,,,,,,,,,,,,,,,,,,,,,,,,,,,,,,,,
49,10,19,0,S59,False,0,6,6,0,0,0,0,0,0,[],0.0,S19,6.86,0,6,6,0.0,,-0.262323,-12.521245,-12.783569,False,False,4,S18,True,0,0.1096,do_nothing,,,,,,,,,,,,,,,,,,,,,,,,,,,,,,,,,,,,,,,,,,,,,,,,,,,,
49,10,19,7,S19,False,0,6,6,0,8,0,0,0,0,"['B165', 'B159', 'B744', 'B598', 'B286', 'B269', 'B3', 'B84']",4.0,S59,6.86,8,6,14,0.0,,-0.360935,-12.469225,-12.83016,False,False,6,S59,False,2,0.1622,pickup,,,,,,,,,,,,,,,,,,,,,,,,,,,,,,,,,,,,,,,,,,,,,,,,,,,,
49,10,19,18,S59,False,8,6,14,0,6,0,0,0,0,"['B357', 'B260', 'B605', 'B51', 'B254', 'B300']",3.0,S18,0.93,14,6,20,0.0,,-0.391578,-12.437903,-12.829481,False,False,4,S18,False,2,0.1101,pickup,,,,,,,,,,,,,,,,,,,,,,,,,,,,,,,,,,,,,,,,,,,,,,,,,,,,
49,10,19,22,S18,False,14,6,20,0,0,0,0,0,0,[],0.0,S15,4.77,14,6,20,0.0,,-0.195415,-12.502735,-12.69815,False,False,6,S15,False,0,0.1636,do_nothing,,,,,,,,,,,,,,,,,,,,,,,,,,,,,,,,,,,,,,,,,,,,,,,,,,,,
49,10,19,26,S15,False,14,6,20,0,0,1,0,0,0,[],3.0,S32,5.59,14,6,20,0.0,,-0.360208,-12.525483,-12.885691,True,True,8,S32,False,2,0.2127,do_nothing+onsite,,,,,,,,,,,,,,,,,,,,,,,,,,,,,,,,,,,,,,,,,,,,,,,,,,,,
49,10,19,35,S32,False,14,6,20,14,0,0,1,0,0,"['B724', 'B165', 'B159', 'B744', 'B598', 'B286', 'B269', 'B3', 'B84', 'B357', 'B260', 'B605', 'B51', 'B254', 'B300']",7.5,S55,1.17,0,7,7,0.0,,-0.326247,-12.904258,-13.230505,True,True,6,S55,False,4,0.1788,delivery+depot_removal,,,,,,,,,,,,,,,,,,,,,,,,,,,,,,,,,,,,,,,,,,,,,,,,,,,,
49,10,19,44,S55,False,0,7,7,0,0,0,2,0,0,"['B333', 'B427']",1.0,S54,0.95,0,9,9,0.0,,-0.163285,-12.757891,-12.921176,True,True,10,S54,False,4,0.327,do_nothing+depot_removal,,,,,,,,,,,,,,,,,,,,,,,,,,,,,,,,,,,,,,,,,,,,,,,,,,,,
49,10,19,45,S54,False,0,9,9,0,0,0,0,0,0,[],0.0,S55,0.95,0,9,9,0.0,,-0.260427,-12.853265,-13.113692,False,False,4,D0,True,0,0.1359,do_nothing,,,,,,,,,,,,,,,,,,,,,,,,,,,,,,,,,,,,,,,,,,,,,,,,,,,,
49,10,19,46,S55,False,0,9,9,0,0,0,0,0,0,[],0.0,S54,0.95,0,9,9,0.0,,-0.066245,-12.739723,-12.805968,False,False,3,S54,False,0,0.0966,do_nothing,,,,,,,,,,,,,,,,,,,,,,,,,,,,,,,,,,,,,,,,,,,,,,,,,,,,
49,10,19,47,S54,False,0,9,9,0,10,0,0,0,0,"['B595', 'B679', 'B442', 'B251', 'B327', 'B156', 'B334', 'B555', 'B662', 'B710']",5.0,D0,1.95,10,9,19,0.0,,-0.197325,-12.960914,-13.158238,False,False,3,D0,False,2,0.1258,pickup,,,,,,,,,,,,,,,,,,,,,,,,,,,,,,,,,,,,,,,,,,,,,,,,,,,,
49,10,19,54,D0,True,10,9,19,0,0,0,0,9,10,"['B100', 'B760', 'B485', 'B324', 'B380', 'B762', 'B302', 'B288', 'B448', 'B347', 'B537', 'B306', 'B696', 'B176', 'B49', 'B272', 'B724', 'B333', 'B427']",9.5,D0,0.0,20,0,20,0.0,,-0.260754,-12.830137,-13.090891,True,True,1,D0,False,0,0.0512,do_nothing,,,,,,,,,,,,,,,,,,,,,,,,,,,,,,,,,,,,,,,,,,,,,,,,,,,,
49,11,6,4,D0,True,20,0,20,0,0,0,0,0,0,[],0.0,S40,0.66,20,0,20,0.0,,-2.800344,-13.6129,-16.413243,True,True,1,S40,False,0,0.0282,depot_passthrough,,,,,,,,,,,,,,,,,,,,,,,,,,,,,,,,,,,,,,,,,,,,,,,,,,,,
49,11,6,19,S40,False,20,0,20,15,0,0,0,0,0,"['B595', 'B679', 'B442', 'B251', 'B327', 'B156', 'B334', 'B555', 'B662', 'B710', 'B100', 'B760', 'B485', 'B324', 'B380']",7.5,S37,3.31,5,0,5,0.0,,-2.581899,-13.697574,-16.279473,False,False,6,S15,True,4,0.1704,delivery,,,,,,,,,,,,,,,,,,,,,,,,,,,,,,,,,,,,,,,,,,,,,,,,,,,,
49,11,6,30,S37,False,5,0,5,0,15,1,0,0,0,"['B467', 'B624', 'B698', 'B599', 'B533', 'B712', 'B140', 'B322', 'B627', 'B342', 'B35', 'B672', 'B585', 'B586', 'B416']",10.5,S15,4.99,20,0,20,0.0,,-2.384172,-13.318279,-15.702451,True,True,8,S15,False,6,0.2238,pickup+onsite,,,,,,,,,,,,,,,,,,,,,,,,,,,,,,,,,,,,,,,,,,,,,,,,,,,,
49,11,6,46,S15,False,20,0,20,18,0,0,0,0,0,"['B762', 'B302', 'B288', 'B448', 'B347', 'B467', 'B624', 'B698', 'B599', 'B533', 'B712', 'B140', 'B322', 'B627', 'B342', 'B35', 'B672', 'B585']",9.0,S55,4.77,2,0,2,0.0,,-2.842777,-13.362313,-16.20509,False,False,6,S55,False,2,0.1778,delivery,,,,,,,,,,,,,,,,,,,,,,,,,,,,,,,,,,,,,,,,,,,,,,,,,,,,
49,11,7,0,S55,False,2,0,2,0,15,1,0,0,0,"['B39', 'B144', 'B120', 'B479', 'B81', 'B372', 'B292', 'B124', 'B78', 'B475', 'B166', 'B576', 'B330', 'B685', 'B30']",10.5,S63,3.64,17,0,17,0.0,,-1.202584,-13.213353,-14.415937,True,True,12,S63,False,6,0.3447,pickup+onsite,,,,,,,,,,,,,,,,,,,,,,,,,,,,,,,,,,,,,,,,,,,,,,,,,,,,
49,11,7,14,S63,False,17,0,17,14,0,0,1,0,0,"['B618', 'B586', 'B416', 'B39', 'B144', 'B120', 'B479', 'B81', 'B372', 'B292', 'B124', 'B78', 'B475', 'B166', 'B576']",7.5,S39,5.24,3,1,4,0.0,,-1.303976,-13.101567,-14.405544,True,True,12,S39,False,10,0.3201,delivery+depot_removal,,,,,,,,,,,,,,,,,,,,,,,,,,,,,,,,,,,,,,,,,,,,,,,,,,,,
49,11,7,26,S39,False,3,1,4,0,16,0,0,0,0,"['B6', 'B480', 'B112', 'B499', 'B720', 'B313', 'B583', 'B234', 'B167', 'B737', 'B255', 'B713', 'B127', 'B406', 'B211', 'B111']",8.0,S65,5.08,19,1,20,0.0,,-0.424781,-13.132096,-13.556877,False,False,4,S65,False,2,0.1152,pickup,,,,,,,,,,,,,,,,,,,,,,,,,,,,,,,,,,,,,,,,,,,,,,,,,,,,
49,11,7,40,S65,False,19,1,20,18,0,1,0,0,0,"['B330', 'B685', 'B30', 'B6', 'B480', 'B112', 'B499', 'B720', 'B313', 'B583', 'B234', 'B167', 'B737', 'B255', 'B713', 'B127', 'B406', 'B211']",12.0,S2,1.06,1,1,2,0.0,,-0.518268,-13.276444,-13.794712,True,True,12,S2,False,6,0.3393,delivery+onsite,,,,,,,,,,,,,,,,,,,,,,,,,,,,,,,,,,,,,,,,,,,,,,,,,,,,
49,11,7,53,S2,False,1,1,2,0,11,1,0,0,0,"['B168', 'B299', 'B79', 'B376', 'B393', 'B577', 'B198', 'B196', 'B707', 'B743', 'B200']",8.5,S31,4.07,12,1,13,0.0,,-0.883508,-13.260467,-14.143975,True,True,8,S31,False,6,0.2388,pickup+onsite,,,,,,,,,,,,,,,,,,,,,,,,,,,,,,,,,,,,,,,,,,,,,,,,,,,,
49,11,8,5,S31,False,12,1,13,12,0,0,1,0,0,"['B433', 'B111', 'B168', 'B299', 'B79', 'B376', 'B393', 'B577', 'B198', 'B196', 'B707', 'B743', 'B200']",6.5,S41,1.27,0,2,2,0.0,,-0.84426,-13.365104,-14.209363,True,True,12,S41,True,10,0.3213,delivery+depot_removal,,,,,,,,,,,,,,,,,,,,,,,,,,,,,,,,,,,,,,,,,,,,,,,,,,,,
49,11,8,13,S41,False,0,2,2,0,17,0,0,0,0,"['B315', 'B133', 'B4', 'B25', 'B270', 'B348', 'B497', 'B587', 'B570', 'B37', 'B378', 'B337', 'B10', 'B550', 'B470', 'B283', 'B392']",8.5,S18,2.33,17,2,19,0.0,,-0.747061,-13.308312,-14.055373,False,False,6,S18,False,4,0.1609,pickup,,,,,,,,,,,,,,,,,,,,,,,,,,,,,,,,,,,,,,,,,,,,,,,,,,,,
49,11,8,24,S18,False,17,2,19,12,0,0,0,0,0,"['B315', 'B133', 'B4', 'B25', 'B270', 'B348', 'B497', 'B587', 'B570', 'B37', 'B378', 'B337']",6.0,S59,0.93,5,2,7,0.0,,-0.876985,-13.378206,-14.255192,False,False,6,S44,True,2,0.1604,delivery,,,,,,,,,,,,,,,,,,,,,,,,,,,,,,,,,,,,,,,,,,,,,,,,,,,,
49,11,8,31,S59,False,5,2,7,0,13,0,0,0,0,"['B207', 'B630', 'B505', 'B590', 'B70', 'B648', 'B46', 'B690', 'B725', 'B682', 'B554', 'B473', 'B562']",6.5,S44,2.83,18,2,20,0.0,,-0.845345,-13.017394,-13.862738,False,False,4,S44,False,2,0.1096,pickup,,,,,,,,,,,,,,,,,,,,,,,,,,,,,,,,,,,,,,,,,,,,,,,,,,,,
49,11,8,40,S44,False,18,2,20,12,0,0,0,0,0,"['B10', 'B550', 'B470', 'B283', 'B392', 'B207', 'B630', 'B505', 'B590', 'B70', 'B648', 'B46']",6.0,S54,3.95,6,2,8,0.0,,-0.745315,-13.132665,-13.877979,False,False,6,S54,False,2,0.1706,delivery,,,,,,,,,,,,,,,,,,,,,,,,,,,,,,,,,,,,,,,,,,,,,,,,,,,,
49,11,8,50,S54,False,6,2,8,0,12,0,0,0,0,"['B612', 'B371', 'B269', 'B398', 'B63', 'B274', 'B686', 'B409', 'B298', 'B575', 'B763', 'B160']",6.0,S62,2.78,18,2,20,0.0,,-0.906905,-13.156545,-14.06345,False,False,4,S62,False,2,0.1198,pickup,,,,,,,,,,,,,,,,,,,,,,,,,,,,,,,,,,,,,,,,,,,,,,,,,,,,
49,11,8,59,S62,False,18,2,20,0,0,0,0,0,0,[],0.0,S51,5.81,18,2,20,0.0,,-0.523737,-13.066642,-13.590379,True,False,12,S51,True,0,0.3295,do_nothing,,,,,,,,,,,,,,,,,,,,,,,,,,,,,,,,,,,,,,,,,,,,,,,,,,,,
49,11,9,5,S51,False,18,2,20,12,0,0,0,0,0,"['B690', 'B725', 'B682', 'B554', 'B473', 'B562', 'B612', 'B371', 'B269', 'B398', 'B63', 'B274']",6.0,S12,2.02,6,2,8,0.0,,-0.556676,-12.958426,-13.515102,False,False,6,S12,False,4,0.1638,delivery,,,,,,,,,,,,,,,,,,,,,,,,,,,,,,,,,,,,,,,,,,,,,,,,,,,,
49,11,9,13,S12,False,6,2,8,6,0,0,0,0,0,"['B686', 'B409', 'B298', 'B575', 'B763', 'B160']",3.0,S37,6.56,0,2,2,0.0,,-0.162382,-12.898063,-13.060445,False,False,4,S37,False,2,0.1176,delivery,,,,,,,,,,,,,,,,,,,,,,,,,,,,,,,,,,,,,,,,,,,,,,,,,,,,
49,11,9,22,S37,False,0,2,2,0,18,0,0,0,0,"['B476', 'B164', 'B697', 'B463', 'B317', 'B730', 'B163', 'B418', 'B695', 'B335', 'B545', 'B381', 'B512', 'B329', 'B246', 'B114', 'B625', 'B137']",9.0,S61,2.04,18,2,20,0.0,,-0.261002,-12.875626,-13.136627,False,False,4,S61,False,2,0.116,pickup,,,,,,,,,,,,,,,,,,,,,,,,,,,,,,,,,,,,,,,,,,,,,,,,,,,,
49,11,9,33,S61,False,18,2,20,10,0,1,0,0,0,"['B476', 'B164', 'B697', 'B463', 'B317', 'B730', 'B163', 'B418', 'B695', 'B335']",8.0,S20,8.6,8,2,10,0.0,,-0.615149,-13.117564,-13.732713,True,True,12,S20,False,6,0.3279,delivery+onsite,,,,,,,,,,,,,,,,,,,,,,,,,,,,,,,,,,,,,,,,,,,,,,,,,,,,
49,11,9,50,S20,False,8,2,10,8,0,0,0,0,0,"['B545', 'B381', 'B512', 'B329', 'B246', 'B114', 'B625', 'B137']",4.0,S13,3.9,0,2,2,0.0,,-0.815353,-13.194276,-14.009628,False,False,4,S13,False,2,0.1098,delivery,,,,,,,,,,,,,,,,,,,,,,,,,,,,,,,,,,,,,,,,,,,,,,,,,,,,
49,11,9,58,S13,False,0,2,2,0,14,0,0,0,0,"['B252', 'B428', 'B73', 'B457', 'B455', 'B738', 'B591', 'B414', 'B653', 'B248', 'B361', 'B506', 'B488', 'B703']",7.0,S22,4.2,14,2,16,0.0,,-0.552374,-13.317948,-13.870322,False,False,6,S8,True,2,0.1614,pickup,,,,,,,,,,,,,,,,,,,,,,,,,,,,,,,,,,,,,,,,,,,,,,,,,,,,
49,11,10,9,S22,False,14,2,16,0,0,0,0,0,0,[],0.0,S29,10.18,14,2,16,0.0,,-0.618305,-13.382729,-14.001035,False,False,4,S8,True,0,0.107,do_nothing,,,,,,,,,,,,,,,,,,,,,,,,,,,,,,,,,,,,,,,,,,,,,,,,,,,,
49,11,10,19,S29,False,14,2,16,14,0,0,0,0,0,"['B252', 'B428', 'B73', 'B457', 'B455', 'B738', 'B591', 'B414', 'B653', 'B248', 'B361', 'B506', 'B488', 'B703']",7.0,S8,9.44,0,2,2,0.0,,-0.585504,-13.218248,-13.803752,False,False,4,S8,False,2,0.1068,delivery,,,,,,,,,,,,,,,,,,,,,,,,,,,,,,,,,,,,,,,,,,,,,,,,,,,,
49,11,10,35,S8,False,0,2,2,0,0,0,1,0,0,['B451'],0.5,S54,10.5,0,3,3,0.0,,-0.454085,-13.331997,-13.786081,True,True,6,S17,True,2,0.1627,do_nothing+depot_removal,,,,,,,,,,,,,,,,,,,,,,,,,,,,,,,,,,,,,,,,,,,,,,,,,,,,
49,11,10,46,S54,False,0,3,3,0,12,0,0,0,0,"['B186', 'B637', 'B147', 'B496', 'B539', 'B426', 'B739', 'B429', 'B287', 'B714', 'B76', 'B573']",6.0,S56,1.7,12,3,15,0.0,,-0.881292,-13.274058,-14.15535,False,False,6,S8,True,4,0.2315,pickup,,,,,,,,,,,,,,,,,,,,,,,,,,,,,,,,,,,,,,,,,,,,,,,,,,,,
49,11,10,54,S56,False,12,3,15,6,0,1,2,0,0,"['B277', 'B400', 'B186', 'B637', 'B147', 'B496', 'B539', 'B426']",7.0,S12,7.46,6,5,11,0.0,,-0.259664,-13.243004,-13.502668,True,True,36,S12,False,34,0.9839,delivery+maintenance,,,,,,,,,,,,,,,,,,,,,,,,,,,,,,,,,,,,,,,,,,,,,,,,,,,,
49,11,11,9,S12,False,6,5,11,0,0,0,0,0,0,[],0.0,S17,15.22,6,5,11,0.0,,-0.160482,-13.426578,-13.58706,False,False,4,S8,True,0,0.108,do_nothing,,,,,,,,,,,,,,,,,,,,,,,,,,,,,,,,,,,,,,,,,,,,,,,,,,,,
49,11,11,24,S17,False,6,5,11,6,0,0,0,0,0,"['B739', 'B429', 'B287', 'B714', 'B76', 'B573']",3.0,S8,12.75,0,5,5,0.0,,-0.450805,-13.566133,-14.016938,False,False,4,S8,False,2,0.1076,delivery,,,,,,,,,,,,,,,,,,,,,,,,,,,,,,,,,,,,,,,,,,,,,,,,,,,,
49,11,11,40,S8,False,0,5,5,0,15,0,0,0,0,"['B17', 'B55', 'B535', 'B717', 'B382', 'B411', 'B619', 'B336', 'B50', 'B134', 'B629', 'B709', 'B403', 'B578', 'B700']",7.5,S27,14.11,15,5,20,0.0,,-0.838743,-13.648993,-14.487735,False,False,4,S27,False,2,0.1091,pickup,,,,,,,,,,,,,,,,,,,,,,,,,,,,,,,,,,,,,,,,,,,,,,,,,,,,
49,11,12,1,S27,False,15,5,20,0,0,0,0,0,0,[],0.0,S46,5.34,15,5,20,0.0,,-1.759079,-13.778907,-15.537986,False,False,6,S46,True,0,0.1728,do_nothing,,,,,,,,,,,,,,,,,,,,,,,,,,,,,,,,,,,,,,,,,,,,,,,,,,,,
49,11,12,7,S46,False,15,5,20,0,0,0,0,0,0,[],0.0,S54,3.3,15,5,20,0.0,,-1.43242,-13.781313,-15.213733,True,False,6,S32,True,0,0.1604,do_nothing,,,,,,,,,,,,,,,,,,,,,,,,,,,,,,,,,,,,,,,,,,,,,,,,,,,,
49,11,12,10,S54,False,15,5,20,15,0,0,0,0,0,"['B17', 'B55', 'B535', 'B717', 'B382', 'B411', 'B619', 'B336', 'B50', 'B134', 'B629', 'B709', 'B403', 'B578', 'B700']",7.5,S32,2.05,0,5,5,0.0,,-2.021597,-13.627612,-15.64921,False,False,4,S29,True,2,0.1066,delivery,,,,,,,,,,,,,,,,,,,,,,,,,,,,,,,,,,,,,,,,,,,,,,,,,,,,
49,11,12,19,S32,False,0,5,5,0,15,0,0,0,0,"['B108', 'B349', 'B510', 'B102', 'B280', 'B245', 'B16', 'B388', 'B316', 'B151', 'B410', 'B363', 'B291', 'B675', 'B387']",7.5,S46,2.16,15,5,20,0.0,,-2.369443,-13.876894,-16.246337,False,False,6,S66,True,2,0.1625,pickup,,,,,,,,,,,,,,,,,,,,,,,,,,,,,,,,,,,,,,,,,,,,,,,,,,,,
49,11,12,29,S46,False,15,5,20,15,0,0,1,0,0,"['B620', 'B108', 'B349', 'B510', 'B102', 'B280', 'B245', 'B16', 'B388', 'B316', 'B151', 'B410', 'B363', 'B291', 'B675', 'B387']",8.0,S66,5.15,0,6,6,0.0,,-2.08461,-13.615907,-15.700517,True,True,6,S66,False,4,0.1574,delivery+depot_removal,,,,,,,,,,,,,,,,,,,,,,,,,,,,,,,,,,,,,,,,,,,,,,,,,,,,
49,11,12,42,S66,False,0,6,6,0,14,0,0,0,0,"['B31', 'B430', 'B53', 'B330', 'B8', 'B190', 'B521', 'B731', 'B93', 'B591', 'B455', 'B599', 'B69', 'B746']",7.0,S29,6.29,14,6,20,0.0,,-1.008158,-13.500576,-14.508734,False,False,4,S29,False,2,0.1069,pickup,,,,,,,,,,,,,,,,,,,,,,,,,,,,,,,,,,,,,,,,,,,,,,,,,,,,
49,11,12,56,S29,False,14,6,20,14,0,0,0,0,0,"['B31', 'B430', 'B53', 'B330', 'B8', 'B190', 'B521', 'B731', 'B93', 'B591', 'B455', 'B599', 'B69', 'B746']",7.0,S14,3.41,0,6,6,0.0,,-2.415713,-13.512344,-15.928058,False,False,4,S14,False,2,0.1138,delivery,,,,,,,,,,,,,,,,,,,,,,,,,,,,,,,,,,,,,,,,,,,,,,,,,,,,
49,11,13,6,S14,False,0,6,6,0,7,0,0,0,0,"['B39', 'B209', 'B592', 'B314', 'B431', 'B428', 'B123']",3.5,S26,4.63,7,6,13,0.0,,-1.077585,-13.39918,-14.476765,True,False,12,S26,True,4,0.3257,pickup,,,,,,,,,,,,,,,,,,,,,,,,,,,,,,,,,,,,,,,,,,,,,,,,,,,,
49,11,13,14,S26,False,7,6,13,7,0,0,0,0,0,"['B39', 'B209', 'B592', 'B314', 'B431', 'B428', 'B123']",3.5,S51,11.22,0,6,6,0.0,,-1.983245,-13.591421,-15.574666,False,False,4,S51,False,2,0.1091,delivery,,,,,,,,,,,,,,,,,,,,,,,,,,,,,,,,,,,,,,,,,,,,,,,,,,,,
49,11,13,29,S51,False,0,6,6,0,14,0,0,0,0,"['B181', 'B320', 'B562', 'B747', 'B203', 'B332', 'B324', 'B468', 'B404', 'B652', 'B71', 'B132', 'B313', 'B542']",7.0,S63,3.43,14,6,20,0.0,,-1.107355,-13.34904,-14.456396,False,False,6,S41,True,2,0.1593,pickup,,,,,,,,,,,,,,,,,,,,,,,,,,,,,,,,,,,,,,,,,,,,,,,,,,,,
49,11,13,39,S63,False,14,6,20,14,0,0,0,0,0,"['B181', 'B320', 'B562', 'B747', 'B203', 'B332', 'B324', 'B468', 'B404', 'B652', 'B71', 'B132', 'B313', 'B542']",7.0,S60,4.47,0,6,6,0.0,,-1.363209,-13.583258,-14.946467,False,False,4,S60,False,2,0.1141,delivery,,,,,,,,,,,,,,,,,,,,,,,,,,,,,,,,,,,,,,,,,,,,,,,,,,,,
49,11,13,51,S60,False,0,6,6,0,14,0,0,0,0,"['B631', 'B520', 'B694', 'B303', 'B237', 'B296', 'B215', 'B223', 'B297', 'B735', 'B558', 'B672', 'B461', 'B101']",7.0,S29,7.31,14,6,20,0.0,,-2.179718,-13.608993,-15.788711,True,False,8,S41,True,6,0.2095,pickup,,,,,,,,,,,,,,,,,,,,,,,,,,,,,,,,,,,,,,,,,,,,,,,,,,,,
49,11,14,5,S29,False,14,6,20,14,0,0,0,0,0,"['B631', 'B520', 'B694', 'B303', 'B237', 'B296', 'B215', 'B223', 'B297', 'B735', 'B558', 'B672', 'B461', 'B101']",7.0,S32,3.29,0,6,6,0.0,,-1.812483,-13.618788,-15.431271,False,False,4,S32,False,2,0.1087,delivery,,,,,,,,,,,,,,,,,,,,,,,,,,,,,,,,,,,,,,,,,,,,,,,,,,,,
49,11,14,15,S32,False,0,6,6,0,14,0,0,0,0,"['B168', 'B171', 'B569', 'B579', 'B528', 'B444', 'B454', 'B245', 'B394', 'B222', 'B60', 'B309', 'B425', 'B273']",7.0,S26,7.72,14,6,20,0.0,,-1.556635,-13.461376,-15.018011,False,False,4,S52,True,2,0.108,pickup,,,,,,,,,,,,,,,,,,,,,,,,,,,,,,,,,,,,,,,,,,,,,,,,,,,,
49,11,14,30,S26,False,14,6,20,14,0,0,0,0,0,"['B168', 'B171', 'B569', 'B579', 'B528', 'B444', 'B454', 'B245', 'B394', 'B222', 'B60', 'B309', 'B425', 'B273']",7.0,S52,7.0,0,6,6,0.0,,-2.083301,-13.532759,-15.61606,False,False,4,S52,False,2,0.1074,delivery,,,,,,,,,,,,,,,,,,,,,,,,,,,,,,,,,,,,,,,,,,,,,,,,,,,,
49,11,14,44,S52,False,0,6,6,0,0,0,0,0,0,[],0.0,S58,1.84,0,6,6,0.0,,-2.285245,-13.387251,-15.672497,False,False,6,S58,False,0,0.1796,do_nothing,,,,,,,,,,,,,,,,,,,,,,,,,,,,,,,,,,,,,,,,,,,,,,,,,,,,
49,11,14,46,S58,False,0,6,6,0,10,0,1,0,0,"['B126', 'B561', 'B160', 'B156', 'B505', 'B442', 'B281', 'B249', 'B715', 'B338', 'B65']",5.5,S45,3.04,10,7,17,0.0,,-2.35145,-13.619995,-15.971445,True,True,10,S18,True,8,0.283,pickup+depot_removal,,,,,,,,,,,,,,,,,,,,,,,,,,,,,,,,,,,,,,,,,,,,,,,,,,,,
49,11,14,54,S45,False,10,7,17,0,0,1,0,0,0,[],3.0,S50,5.38,10,7,17,0.0,,-1.596535,-13.247892,-14.844427,True,True,8,S40,True,2,0.2128,do_nothing+onsite,,,,,,,,,,,,,,,,,,,,,,,,,,,,,,,,,,,,,,,,,,,,,,,,,,,,
49,11,15,3,S50,False,10,7,17,10,0,0,0,0,0,"['B126', 'B561', 'B160', 'B156', 'B505', 'B442', 'B281', 'B249', 'B715', 'B338']",5.0,S41,8.63,0,7,7,0.0,,-1.593399,-13.301837,-14.895236,False,False,4,S14,True,2,0.114,delivery,,,,,,,,,,,,,,,,,,,,,,,,,,,,,,,,,,,,,,,,,,,,,,,,,,,,
49,11,15,16,S41,False,0,7,7,0,13,0,0,0,0,"['B648', 'B719', 'B683', 'B493', 'B380', 'B632', 'B336', 'B6', 'B406', 'B334', 'B90', 'B17', 'B314']",6.5,S25,9.14,13,7,20,0.0,,-1.142258,-13.216165,-14.358423,False,False,4,S25,False,2,0.1494,pickup,,,,,,,,,,,,,,,,,,,,,,,,,,,,,,,,,,,,,,,,,,,,,,,,,,,,
49,11,15,32,S25,False,13,7,20,12,0,1,2,0,0,"['B15', 'B240', 'B648', 'B719', 'B683', 'B493', 'B380', 'B632', 'B336', 'B6', 'B406', 'B334', 'B90', 'B17']",10.0,S65,6.93,1,9,10,0.0,,-1.915164,-13.392024,-15.307188,True,True,28,S65,False,14,0.7535,delivery+maintenance,,,,,,,,,,,,,,,,,,,,,,,,,,,,,,,,,,,,,,,,,,,,,,,,,,,,
49,11,15,49,S65,False,1,9,10,0,10,0,0,0,0,"['B629', 'B210', 'B54', 'B299', 'B515', 'B204', 'B58', 'B659', 'B233', 'B462']",5.0,S24,5.83,11,9,20,0.0,,-1.327857,-13.46347,-14.791327,False,False,4,S24,False,2,0.112,pickup,,,,,,,,,,,,,,,,,,,,,,,,,,,,,,,,,,,,,,,,,,,,,,,,,,,,
49,11,16,0,S24,False,11,9,20,11,0,0,0,0,0,"['B314', 'B629', 'B210', 'B54', 'B299', 'B515', 'B204', 'B58', 'B659', 'B233', 'B462']",5.5,S60,7.55,0,9,9,0.0,,-1.039694,-13.370972,-14.410666,False,False,4,S60,False,2,0.1088,delivery,,,,,,,,,,,,,,,,,,,,,,,,,,,,,,,,,,,,,,,,,,,,,,,,,,,,
49,11,16,13,S60,False,0,9,9,0,0,0,2,0,0,"['B608', 'B75']",1.0,S61,1.62,0,11,11,0.0,,-0.877636,-13.253794,-14.13143,True,True,8,S61,False,4,0.2107,do_nothing+depot_removal,,,,,,,,,,,,,,,,,,,,,,,,,,,,,,,,,,,,,,,,,,,,,,,,,,,,
49,11,16,15,S61,False,0,11,11,0,9,0,0,0,0,"['B411', 'B168', 'B680', 'B237', 'B429', 'B167', 'B569', 'B199', 'B207']",4.5,S15,3.33,9,11,20,0.0,,-1.205442,-13.218438,-14.423879,False,False,4,S15,False,2,0.1047,pickup,,,,,,,,,,,,,,,,,,,,,,,,,,,,,,,,,,,,,,,,,,,,,,,,,,,,
49,11,16,23,S15,False,9,11,20,9,0,0,0,0,0,"['B411', 'B168', 'B680', 'B237', 'B429', 'B167', 'B569', 'B199', 'B207']",4.5,S40,2.5,0,11,11,0.0,,-0.685621,-12.943487,-13.629108,False,False,4,S27,True,2,0.1045,delivery,,,,,,,,,,,,,,,,,,,,,,,,,,,,,,,,,,,,,,,,,,,,,,,,,,,,
49,11,16,30,S40,False,0,11,11,0,9,0,0,0,0,"['B100', 'B55', 'B535', 'B308', 'B417', 'B217', 'B707', 'B34', 'B304']",4.5,S27,2.68,9,11,20,0.0,,-0.910013,-12.803538,-13.713551,False,False,4,S27,False,2,0.1043,pickup,,,,,,,,,,,,,,,,,,,,,,,,,,,,,,,,,,,,,,,,,,,,,,,,,,,,
49,11,16,37,S27,False,9,11,20,9,0,0,0,0,0,"['B100', 'B55', 'B535', 'B308', 'B417', 'B217', 'B707', 'B34', 'B304']",4.5,S60,3.14,0,11,11,0.0,,-0.944206,-12.780852,-13.725058,False,False,4,S2,True,2,0.1047,delivery,,,,,,,,,,,,,,,,,,,,,,,,,,,,,,,,,,,,,,,,,,,,,,,,,,,,
49,11,16,45,S60,False,0,11,11,0,9,0,0,0,0,"['B639', 'B582', 'B91', 'B363', 'B456', 'B24', 'B398', 'B431', 'B267']",4.5,S52,3.35,9,11,20,0.0,,-1.245426,-12.777225,-14.022651,False,False,4,S65,True,2,0.1047,pickup,,,,,,,,,,,,,,,,,,,,,,,,,,,,,,,,,,,,,,,,,,,,,,,,,,,,
49,11,16,53,S52,False,9,11,20,9,0,0,0,0,0,"['B639', 'B582', 'B91', 'B363', 'B456', 'B24', 'B398', 'B431', 'B267']",4.5,S57,6.39,0,11,11,0.0,,-1.110546,-12.94869,-14.059236,False,False,4,S57,False,2,0.1047,delivery,,,,,,,,,,,,,,,,,,,,,,,,,,,,,,,,,,,,,,,,,,,,,,,,,,,,
49,11,17,4,S57,False,0,11,11,0,0,0,0,0,0,[],0.0,S65,10.86,0,11,11,0.0,,-0.689529,-12.778903,-13.468433,False,False,4,S65,False,0,0.1047,do_nothing,,,,,,,,,,,,,,,,,,,,,,,,,,,,,,,,,,,,,,,,,,,,,,,,,,,,
49,11,17,15,S65,False,0,11,11,0,9,0,0,0,0,"['B140', 'B239', 'B177', 'B351', 'B468', 'B748', 'B324', 'B63', 'B557']",4.5,S39,5.08,9,11,20,0.0,,-1.077855,-12.843286,-13.921141,False,False,4,S18,True,2,0.1048,pickup,,,,,,,,,,,,,,,,,,,,,,,,,,,,,,,,,,,,,,,,,,,,,,,,,,,,
49,11,17,24,S39,False,9,11,20,9,0,0,0,0,0,"['B140', 'B239', 'B177', 'B351', 'B468', 'B748', 'B324', 'B63', 'B557']",4.5,S18,2.65,0,11,11,0.0,,-1.308625,-12.854704,-14.163329,False,False,4,S2,True,2,0.105,delivery,,,,,,,,,,,,,,,,,,,,,,,,,,,,,,,,,,,,,,,,,,,,,,,,,,,,
49,11,17,31,S18,False,0,11,11,0,9,0,0,0,0,"['B378', 'B337', 'B434', 'B315', 'B130', 'B197', 'B219', 'B626', 'B360']",4.5,S2,5.54,9,11,20,0.0,,-0.716434,-12.825307,-13.541741,False,False,4,S2,False,2,0.1049,pickup,,,,,,,,,,,,,,,,,,,,,,,,,,,,,,,,,,,,,,,,,,,,,,,,,,,,
49,11,17,41,S2,False,9,11,20,9,0,0,0,0,0,"['B378', 'B337', 'B434', 'B315', 'B130', 'B197', 'B219', 'B626', 'B360']",4.5,S41,3.24,0,11,11,0.0,,-0.586356,-12.869575,-13.455931,False,False,4,S35,True,2,0.1063,delivery,,,,,,,,,,,,,,,,,,,,,,,,,,,,,,,,,,,,,,,,,,,,,,,,,,,,
49,11,17,49,S41,False,0,11,11,0,9,0,0,0,0,"['B507', 'B546', 'B759', 'B379', 'B435', 'B179', 'B405', 'B445', 'B762']",4.5,S39,3.32,9,11,20,0.0,,-0.945771,-12.706037,-13.651808,False,False,4,S39,False,2,0.1071,pickup,,,,,,,,,,,,,,,,,,,,,,,,,,,,,,,,,,,,,,,,,,,,,,,,,,,,
49,11,17,57,S39,False,9,11,20,9,0,0,0,0,0,"['B507', 'B546', 'B759', 'B379', 'B435', 'B179', 'B405', 'B445', 'B762']",4.5,S49,0.84,0,11,11,0.0,,-0.754903,-12.528703,-13.283606,False,False,4,S17,True,2,0.105,delivery,,,,,,,,,,,,,,,,,,,,,,,,,,,,,,,,,,,,,,,,,,,,,,,,,,,,
49,11,18,2,S49,False,0,11,11,0,3,0,0,0,0,"['B159', 'B526', 'B365']",1.5,S51,7.18,3,11,14,0.0,,-0.882868,-12.573213,-13.456081,False,False,4,S51,True,2,0.1077,pickup,,,,,,,,,,,,,,,,,,,,,,,,,,,,,,,,,,,,,,,,,,,,,,,,,,,,
49,11,18,11,S51,False,3,11,14,0,6,0,0,0,0,"['B743', 'B654', 'B196', 'B108', 'B623', 'B252']",3.0,S19,1.21,9,11,20,0.0,,-0.323845,-12.568917,-12.892762,False,False,4,S19,False,2,0.1101,pickup,,,,,,,,,,,,,,,,,,,,,,,,,,,,,,,,,,,,,,,,,,,,,,,,,,,,
49,11,18,15,S19,False,9,11,20,7,0,0,0,0,0,"['B159', 'B526', 'B365', 'B743', 'B654', 'B196', 'B108']",3.5,S12,1.21,2,11,13,0.0,,-0.488717,-12.559562,-13.048279,False,False,6,S12,False,4,0.1637,delivery,,,,,,,,,,,,,,,,,,,,,,,,,,,,,,,,,,,,,,,,,,,,,,,,,,,,
49,11,18,20,S12,False,2,11,13,0,7,0,0,0,0,"['B12', 'B220', 'B401', 'B81', 'B118', 'B89', 'B496']",3.5,S8,15.98,9,11,20,0.0,,-0.390416,-12.573432,-12.963847,True,False,6,S8,False,4,0.1794,pickup,,,,,,,,,,,,,,,,,,,,,,,,,,,,,,,,,,,,,,,,,,,,,,,,,,,,
49,11,18,39,S8,False,9,11,20,0,0,0,0,0,0,[],0.0,S23,20.41,9,11,20,0.0,,-0.393738,-12.764884,-13.158622,False,False,4,S23,False,0,0.1251,do_nothing,,,,,,,,,,,,,,,,,,,,,,,,,,,,,,,,,,,,,,,,,,,,,,,,,,,,
49,11,19,0,S23,False,9,11,20,9,0,0,2,0,0,"['B139', 'B224', 'B623', 'B252', 'B12', 'B220', 'B401', 'B81', 'B118', 'B89', 'B496']",5.5,S22,1.6,0,13,13,0.0,,-0.521485,-12.883021,-13.404506,True,True,14,S28,True,6,0.4097,delivery+depot_removal,,,,,,,,,,,,,,,,,,,,,,,,,,,,,,,,,,,,,,,,,,,,,,,,,,,,
49,11,19,7,S22,False,0,13,13,0,0,1,0,0,0,[],3.0,S41,3.42,0,13,13,0.0,,-0.25942,-12.820548,-13.079968,True,True,8,S41,False,2,0.2169,do_nothing+onsite,,,,,,,,,,,,,,,,,,,,,,,,,,,,,,,,,,,,,,,,,,,,,,,,,,,,
49,11,19,13,S41,False,0,13,13,0,7,0,0,0,0,"['B717', 'B287', 'B393', 'B712', 'B16', 'B209', 'B357']",3.5,S28,8.42,7,13,20,0.0,,-0.327224,-12.837749,-13.164973,False,False,4,S28,False,2,0.1092,pickup,,,,,,,,,,,,,,,,,,,,,,,,,,,,,,,,,,,,,,,,,,,,,,,,,,,,
49,11,19,25,S28,False,7,13,20,0,0,1,0,0,0,[],3.0,S26,8.54,7,13,20,0.0,,-0.521483,-12.841108,-13.362592,True,True,8,S26,False,2,0.2079,do_nothing+onsite,,,,,,,,,,,,,,,,,,,,,,,,,,,,,,,,,,,,,,,,,,,,,,,,,,,,
49,11,19,37,S26,False,7,13,20,0,0,0,0,0,0,[],0.0,S10,4.67,7,13,20,0.0,,-0.358975,-12.805338,-13.164313,False,False,3,S10,False,0,0.0947,do_nothing,,,,,,,,,,,,,,,,,,,,,,,,,,,,,,,,,,,,,,,,,,,,,,,,,,,,
49,11,19,42,S10,False,7,13,20,0,0,0,0,0,0,[],0.0,S26,4.67,7,13,20,0.0,,-0.586406,-12.847524,-13.43393,False,False,3,D0,True,0,0.0948,do_nothing,,,,,,,,,,,,,,,,,,,,,,,,,,,,,,,,,,,,,,,,,,,,,,,,,,,,
49,11,19,46,S26,False,7,13,20,7,0,0,0,0,0,"['B717', 'B287', 'B393', 'B712', 'B16', 'B209', 'B357']",3.5,D0,2.99,0,13,13,0.0,,-0.35936,-13.003445,-13.362805,False,False,2,D0,False,1,0.0844,delivery,,,,,,,,,,,,,,,,,,,,,,,,,,,,,,,,,,,,,,,,,,,,,,,,,,,,
49,11,19,53,D0,True,0,13,13,0,0,0,0,13,10,"['B375', 'B472', 'B285', 'B519', 'B359', 'B261', 'B611', 'B464', 'B43', 'B104', 'B618', 'B433', 'B451', 'B277', 'B400', 'B620', 'B65', 'B15', 'B240', 'B608', 'B75', 'B139', 'B224']",11.5,D0,0.0,10,0,10,0.0,,-0.48922,-13.00021,-13.48943,True,True,1,D0,False,0,0.0534,do_nothing,,,,,,,,,,,,,,,,,,,,,,,,,,,,,,,,,,,,,,,,,,,,,,,,,,,,
49,12,6,4,D0,True,10,0,10,0,0,0,0,0,9,"['B537', 'B306', 'B696', 'B176', 'B49', 'B272', 'B724', 'B333', 'B427']",4.5,S66,1.4,19,0,19,0.0,,-0.096224,-12.76154,-12.857764,True,True,1,S66,False,0,0.0268,load_queue,,,,,,,,,,,,,,,,,,,,,,,,,,,,,,,,,,,,,,,,,,,,,,,,,,,,
49,12,6,25,S66,False,19,0,19,0,0,0,0,0,0,[],0.0,S7,6.64,19,0,19,0.0,,-0.032622,-12.759228,-12.79185,False,False,6,S7,False,0,0.165,do_nothing,,,,,,,,,,,,,,,,,,,,,,,,,,,,,,,,,,,,,,,,,,,,,,,,,,,,
49,12,6,32,S7,False,19,0,19,14,0,0,0,0,0,"['B375', 'B472', 'B285', 'B519', 'B359', 'B261', 'B611', 'B464', 'B43', 'B104', 'B537', 'B306', 'B696', 'B176']",7.0,S18,7.84,5,0,5,0.0,,-0.032374,-12.994508,-13.026882,False,False,6,S18,True,4,0.1697,delivery,,,,,,,,,,,,,,,,,,,,,,,,,,,,,,,,,,,,,,,,,,,,,,,,,,,,
49,12,6,47,S18,False,5,0,5,0,15,0,0,0,0,"['B7', 'B327', 'B664', 'B228', 'B726', 'B340', 'B402', 'B216', 'B534', 'B132', 'B59', 'B681', 'B86', 'B345', 'B674']",7.5,S64,0.52,20,0,20,0.0,,-0.129591,-12.967407,-13.096998,False,False,6,S64,True,2,0.1854,pickup,,,,,,,,,,,,,,,,,,,,,,,,,,,,,,,,,,,,,,,,,,,,,,,,,,,,
49,12,6,55,S64,False,20,0,20,11,0,0,0,0,0,"['B49', 'B272', 'B724', 'B333', 'B427', 'B7', 'B327', 'B664', 'B228', 'B726', 'B340']",5.5,S39,2.55,9,0,9,0.0,,-0.097956,-12.923742,-13.021697,False,False,6,S39,False,2,0.1725,delivery,,,,,,,,,,,,,,,,,,,,,,,,,,,,,,,,,,,,,,,,,,,,,,,,,,,,
49,12,7,3,S39,False,9,0,9,0,6,0,0,0,0,"['B351', 'B468', 'B748', 'B324', 'B63', 'B557']",3.0,S37,3.55,15,0,15,0.0,,-0.131496,-12.917557,-13.049053,False,False,6,S37,False,2,0.1678,pickup,,,,,,,,,,,,,,,,,,,,,,,,,,,,,,,,,,,,,,,,,,,,,,,,,,,,
49,12,7,9,S37,False,15,0,15,0,0,0,1,0,0,['B418'],0.5,S63,1.78,15,1,16,0.0,,-0.129268,-13.013435,-13.142703,True,True,6,S63,True,2,0.1615,do_nothing+depot_removal,,,,,,,,,,,,,,,,,,,,,,,,,,,,,,,,,,,,,,,,,,,,,,,,,,,,
49,12,7,11,S63,False,15,1,16,12,0,0,0,0,0,"['B402', 'B216', 'B534', 'B132', 'B59', 'B681', 'B86', 'B345', 'B674', 'B351', 'B468', 'B748']",6.0,S37,1.78,3,1,4,0.0,,-0.162534,-12.869112,-13.031646,False,False,6,S37,False,2,0.1921,delivery,,,,,,,,,,,,,,,,,,,,,,,,,,,,,,,,,,,,,,,,,,,,,,,,,,,,
49,12,7,19,S37,False,3,1,4,0,0,0,0,0,0,[],0.0,S59,1.48,3,1,4,0.0,,-0.227549,-12.720804,-12.948353,False,False,4,S51,True,0,0.1086,do_nothing,,,,,,,,,,,,,,,,,,,,,,,,,,,,,,,,,,,,,,,,,,,,,,,,,,,,
49,12,7,21,S59,False,3,1,4,0,16,0,0,0,0,"['B202', 'B751', 'B212', 'B588', 'B701', 'B662', 'B0', 'B203', 'B205', 'B542', 'B737', 'B420', 'B403', 'B545', 'B423', 'B756']",8.0,S51,5.65,19,1,20,0.0,,-0.163208,-12.69624,-12.859448,False,False,6,S51,True,4,0.1607,pickup,,,,,,,,,,,,,,,,,,,,,,,,,,,,,,,,,,,,,,,,,,,,,,,,,,,,
49,12,7,34,S51,False,19,1,20,10,0,0,0,0,0,"['B324', 'B63', 'B557', 'B202', 'B751', 'B212', 'B588', 'B701', 'B662', 'B0']",5.0,S37,4.67,9,1,10,0.0,,-0.322357,-12.528021,-12.850377,False,False,6,S37,False,2,0.163,delivery,,,,,,,,,,,,,,,,,,,,,,,,,,,,,,,,,,,,,,,,,,,,,,,,,,,,
49,12,7,44,S37,False,9,1,10,0,10,0,0,0,0,"['B743', 'B470', 'B747', 'B26', 'B355', 'B296', 'B68', 'B637', 'B210', 'B280']",5.0,S19,5.87,19,1,20,0.0,,-0.163202,-12.498312,-12.661513,False,False,4,S19,False,2,0.1112,pickup,,,,,,,,,,,,,,,,,,,,,,,,,,,,,,,,,,,,,,,,,,,,,,,,,,,,
49,12,7,55,S19,False,19,1,20,9,0,0,0,0,0,"['B203', 'B205', 'B542', 'B737', 'B420', 'B403', 'B545', 'B423', 'B756']",4.5,S0,11.1,10,1,11,0.0,,-0.355802,-12.40711,-12.762912,False,False,6,S0,False,2,0.1918,delivery,,,,,,,,,,,,,,,,,,,,,,,,,,,,,,,,,,,,,,,,,,,,,,,,,,,,
49,12,8,10,S0,False,10,1,11,0,9,0,0,0,0,"['B192', 'B600', 'B262', 'B293', 'B325', 'B684', 'B147', 'B369', 'B728']",4.5,S17,9.9,19,1,20,0.0,,-0.387861,-12.333033,-12.720895,True,False,10,S17,True,8,0.27,pickup,,,,,,,,,,,,,,,,,,,,,,,,,,,,,,,,,,,,,,,,,,,,,,,,,,,,
49,12,8,25,S17,False,19,1,20,0,0,0,0,0,0,[],0.0,S61,7.88,19,1,20,0.0,,-0.195507,-12.459736,-12.655243,False,False,6,S61,False,0,0.1607,do_nothing,,,,,,,,,,,,,,,,,,,,,,,,,,,,,,,,,,,,,,,,,,,,,,,,,,,,
49,12,8,33,S61,False,19,1,20,9,0,0,0,0,0,"['B743', 'B470', 'B747', 'B26', 'B355', 'B296', 'B68', 'B637', 'B210']",4.5,S31,1.01,10,1,11,0.0,,-0.195588,-12.561588,-12.757176,False,False,6,S17,True,2,0.1635,delivery,,,,,,,,,,,,,,,,,,,,,,,,,,,,,,,,,,,,,,,,,,,,,,,,,,,,
49,12,8,38,S31,False,10,1,11,0,0,0,0,0,0,[],0.0,S66,0.38,10,1,11,0.0,,-0.292294,-12.622248,-12.914542,False,False,4,S66,True,0,0.1095,do_nothing,,,,,,,,,,,,,,,,,,,,,,,,,,,,,,,,,,,,,,,,,,,,,,,,,,,,
49,12,8,39,S66,False,10,1,11,10,0,0,0,0,0,"['B280', 'B192', 'B600', 'B262', 'B293', 'B325', 'B684', 'B147', 'B369', 'B728']",5.0,S31,0.38,0,1,1,0.0,,-0.032292,-12.531351,-12.563643,False,False,4,S31,False,2,0.1093,delivery,,,,,,,,,,,,,,,,,,,,,,,,,,,,,,,,,,,,,,,,,,,,,,,,,,,,
49,12,8,44,S31,False,0,1,1,0,16,0,0,0,0,"['B531', 'B263', 'B316', 'B330', 'B617', 'B250', 'B407', 'B274', 'B506', 'B362', 'B382', 'B320', 'B658', 'B456', 'B710', 'B124']",8.0,S17,7.72,16,1,17,0.0,,0.0,-12.418962,-12.418962,False,False,6,S17,False,2,0.1635,pickup,,,,,,,,,,,,,,,,,,,,,,,,,,,,,,,,,,,,,,,,,,,,,,,,,,,,
49,12,9,0,S17,False,16,1,17,13,0,0,0,0,0,"['B531', 'B263', 'B316', 'B330', 'B617', 'B250', 'B407', 'B274', 'B506', 'B362', 'B382', 'B320', 'B658']",6.5,S37,9.71,3,1,4,0.0,,-0.228796,-12.458443,-12.687239,False,False,6,S37,False,4,0.1609,delivery,,,,,,,,,,,,,,,,,,,,,,,,,,,,,,,,,,,,,,,,,,,,,,,,,,,,
49,12,9,16,S37,False,3,1,4,0,14,0,0,0,0,"['B54', 'B225', 'B94', 'B248', 'B688', 'B619', 'B581', 'B347', 'B573', 'B733', 'B218', 'B271', 'B447', 'B18']",7.0,S15,4.99,17,1,18,0.0,,0.0,-12.618833,-12.618833,False,False,6,S15,False,4,0.1603,pickup,,,,,,,,,,,,,,,,,,,,,,,,,,,,,,,,,,,,,,,,,,,,,,,,,,,,
49,12,9,28,S15,False,17,1,18,17,0,0,0,0,0,"['B456', 'B710', 'B124', 'B54', 'B225', 'B94', 'B248', 'B688', 'B619', 'B581', 'B347', 'B573', 'B733', 'B218', 'B271', 'B447', 'B18']",8.5,S4,4.54,0,1,1,0.0,,-0.163944,-12.547746,-12.71169,False,False,4,S4,False,2,0.1094,delivery,,,,,,,,,,,,,,,,,,,,,,,,,,,,,,,,,,,,,,,,,,,,,,,,,,,,
49,12,9,41,S4,False,0,1,1,0,10,0,0,0,0,"['B490', 'B538', 'B757', 'B381', 'B529', 'B555', 'B448', 'B92', 'B706', 'B700']",5.0,S35,8.01,10,1,11,0.0,,-0.162877,-12.557513,-12.720391,False,False,6,S60,True,4,0.1631,pickup,,,,,,,,,,,,,,,,,,,,,,,,,,,,,,,,,,,,,,,,,,,,,,,,,,,,
49,12,9,54,S35,False,10,1,11,10,0,0,0,0,0,"['B490', 'B538', 'B757', 'B381', 'B529', 'B555', 'B448', 'B92', 'B706', 'B700']",5.0,S1,0.53,0,1,1,0.0,,-0.097049,-12.576161,-12.673209,False,False,4,S1,False,2,0.1114,delivery,,,,,,,,,,,,,,,,,,,,,,,,,,,,,,,,,,,,,,,,,,,,,,,,,,,,
49,12,10,0,S1,False,0,1,1,0,8,0,1,0,0,"['B349', 'B668', 'B485', 'B259', 'B286', 'B45', 'B646', 'B736', 'B115']",4.5,S26,6.95,8,2,10,0.0,,-0.161886,-12.523703,-12.685589,True,True,8,S57,True,6,0.2177,pickup+depot_removal,,,,,,,,,,,,,,,,,,,,,,,,,,,,,,,,,,,,,,,,,,,,,,,,,,,,
49,12,10,11,S26,False,8,2,10,0,0,0,0,0,0,[],0.0,S61,6.04,8,2,10,0.0,,-0.226391,-12.505978,-12.732369,False,False,4,S60,True,0,0.1094,do_nothing,,,,,,,,,,,,,,,,,,,,,,,,,,,,,,,,,,,,,,,,,,,,,,,,,,,,
49,12,10,17,S61,False,8,2,10,8,0,0,0,0,0,"['B349', 'B668', 'B485', 'B259', 'B286', 'B45', 'B646', 'B736']",4.0,S60,1.62,0,2,2,0.0,,-0.161137,-12.371223,-12.53236,False,False,4,S60,False,2,0.1092,delivery,,,,,,,,,,,,,,,,,,,,,,,,,,,,,,,,,,,,,,,,,,,,,,,,,,,,
49,12,10,23,S60,False,0,2,2,0,17,0,0,0,0,"['B595', 'B358', 'B522', 'B511', 'B650', 'B687', 'B247', 'B85', 'B366', 'B268', 'B194', 'B352', 'B108', 'B704', 'B163', 'B109', 'B47']",8.5,S65,3.09,17,2,19,0.0,,-0.129587,-12.425978,-12.555564,False,False,6,S65,True,4,0.1739,pickup,,,,,,,,,,,,,,,,,,,,,,,,,,,,,,,,,,,,,,,,,,,,,,,,,,,,
49,12,10,34,S65,False,17,2,19,15,0,1,0,0,0,"['B595', 'B358', 'B522', 'B511', 'B650', 'B687', 'B247', 'B85', 'B366', 'B268', 'B194', 'B352', 'B108', 'B704', 'B163']",10.5,S52,6.18,2,2,4,0.0,,-0.420727,-12.273334,-12.694061,True,True,12,S28,True,10,0.3188,delivery+onsite,,,,,,,,,,,,,,,,,,,,,,,,,,,,,,,,,,,,,,,,,,,,,,,,,,,,
49,12,10,51,S52,False,2,2,4,0,11,0,0,0,0,"['B512', 'B214', 'B11', 'B348', 'B83', 'B593', 'B153', 'B3', 'B82', 'B541', 'B125']",5.5,S44,0.83,13,2,15,0.0,,-0.258354,-12.30947,-12.567824,False,False,6,S44,False,4,0.1634,pickup,,,,,,,,,,,,,,,,,,,,,,,,,,,,,,,,,,,,,,,,,,,,,,,,,,,,
49,12,10,57,S44,False,13,2,15,0,0,0,0,0,0,[],0.0,S58,1.79,13,2,15,0.0,,-0.228455,-12.215953,-12.444408,False,False,4,S28,True,0,0.1109,do_nothing,,,,,,,,,,,,,,,,,,,,,,,,,,,,,,,,,,,,,,,,,,,,,,,,,,,,
49,12,10,59,S58,False,13,2,15,0,5,0,0,0,0,"['B753', 'B547', 'B373', 'B329', 'B246']",2.5,S28,12.31,18,2,20,0.0,,-0.521919,-12.179176,-12.701095,False,False,4,S28,False,2,0.1106,pickup,,,,,,,,,,,,,,,,,,,,,,,,,,,,,,,,,,,,,,,,,,,,,,,,,,,,
49,12,11,14,S28,False,18,2,20,14,0,0,0,0,0,"['B109', 'B47', 'B512', 'B214', 'B11', 'B348', 'B83', 'B593', 'B153', 'B3', 'B82', 'B541', 'B125', 'B753']",7.0,S26,8.54,4,2,6,0.0,,-0.161395,-12.283109,-12.444505,False,False,6,S26,False,4,0.1651,delivery,,,,,,,,,,,,,,,,,,,,,,,,,,,,,,,,,,,,,,,,,,,,,,,,,,,,
49,12,11,29,S26,False,4,2,6,4,0,0,0,0,0,"['B547', 'B373', 'B329', 'B246']",2.0,S58,8.46,0,2,2,0.0,,-0.456908,-12.398304,-12.855212,False,False,4,S58,False,2,0.1091,delivery,,,,,,,,,,,,,,,,,,,,,,,,,,,,,,,,,,,,,,,,,,,,,,,,,,,,
49,12,11,40,S58,False,0,2,2,0,0,0,0,0,0,[],0.0,S16,1.83,0,2,2,0.0,,-0.516706,-12.816974,-13.33368,False,False,6,S53,True,0,0.17,do_nothing,,,,,,,,,,,,,,,,,,,,,,,,,,,,,,,,,,,,,,,,,,,,,,,,,,,,
49,12,11,42,S16,False,0,2,2,0,8,0,1,0,0,"['B57', 'B741', 'B355', 'B296', 'B178', 'B231', 'B383', 'B35', 'B690']",4.5,S58,1.83,8,3,11,0.0,,-0.617956,-12.853975,-13.47193,True,True,12,S58,False,6,0.3246,pickup+depot_removal,,,,,,,,,,,,,,,,,,,,,,,,,,,,,,,,,,,,,,,,,,,,,,,,,,,,
49,12,11,48,S58,False,8,3,11,0,0,0,0,0,0,[],0.0,S62,3.31,8,3,11,0.0,,-0.485816,-12.725306,-13.211123,False,False,4,S55,True,0,0.1255,do_nothing,,,,,,,,,,,,,,,,,,,,,,,,,,,,,,,,,,,,,,,,,,,,,,,,,,,,
49,12,11,51,S62,False,8,3,11,0,9,1,0,0,0,"['B68', 'B765', 'B703', 'B498', 'B102', 'B636', 'B227', 'B171', 'B724']",7.5,S53,2.18,17,3,20,0.0,,-0.488707,-12.789772,-13.278479,True,True,12,S53,False,10,0.3251,pickup+onsite,,,,,,,,,,,,,,,,,,,,,,,,,,,,,,,,,,,,,,,,,,,,,,,,,,,,
49,12,12,1,S53,False,17,3,20,11,0,0,0,0,0,"['B57', 'B741', 'B355', 'B296', 'B178', 'B231', 'B383', 'B35', 'B68', 'B765', 'B703']",5.5,S55,2.16,6,3,9,0.0,,-0.784573,-12.738753,-13.523326,False,False,6,S55,False,2,0.1796,delivery,,,,,,,,,,,,,,,,,,,,,,,,,,,,,,,,,,,,,,,,,,,,,,,,,,,,
49,12,12,9,S55,False,6,3,9,6,0,1,0,0,0,"['B498', 'B102', 'B636', 'B227', 'B171', 'B724']",6.0,S56,1.03,0,3,3,0.0,,-0.390338,-12.847465,-13.237803,True,True,8,S56,False,6,0.2281,delivery+onsite,,,,,,,,,,,,,,,,,,,,,,,,,,,,,,,,,,,,,,,,,,,,,,,,,,,,
49,12,12,16,S56,False,0,3,3,0,5,1,0,0,0,"['B673', 'B326', 'B610', 'B760', 'B221']",5.5,S29,2.28,5,3,8,0.0,,-0.226962,-12.753589,-12.980551,True,True,12,S57,True,10,0.3221,pickup+onsite,,,,,,,,,,,,,,,,,,,,,,,,,,,,,,,,,,,,,,,,,,,,,,,,,,,,
49,12,12,23,S29,False,5,3,8,5,0,0,0,0,0,"['B673', 'B326', 'B610', 'B760', 'B221']",2.5,S58,6.9,0,3,3,0.0,,-0.676882,-12.653056,-13.329939,False,False,4,S58,False,2,0.108,delivery,,,,,,,,,,,,,,,,,,,,,,,,,,,,,,,,,,,,,,,,,,,,,,,,,,,,
49,12,12,33,S58,False,0,3,3,0,0,0,0,0,0,[],0.0,S62,3.31,0,3,3,0.0,,-0.290903,-12.234458,-12.525361,False,False,6,S10,True,0,0.1697,do_nothing,,,,,,,,,,,,,,,,,,,,,,,,,,,,,,,,,,,,,,,,,,,,,,,,,,,,
49,12,12,36,S62,False,0,3,3,0,9,0,1,0,0,"['B738', 'B381', 'B290', 'B555', 'B61', 'B744', 'B148', 'B267', 'B766', 'B169']",5.0,S58,3.31,9,4,13,0.0,,-0.390832,-12.201765,-12.592597,True,True,12,S58,False,10,0.3215,pickup+depot_removal,,,,,,,,,,,,,,,,,,,,,,,,,,,,,,,,,,,,,,,,,,,,,,,,,,,,
49,12,12,44,S58,False,9,4,13,0,7,0,0,0,0,"['B114', 'B301', 'B467', 'B210', 'B452', 'B323', 'B216']",3.5,S10,6.36,16,4,20,0.0,,-0.129914,-12.209329,-12.339242,False,False,4,S10,False,2,0.1258,pickup,,,,,,,,,,,,,,,,,,,,,,,,,,,,,,,,,,,,,,,,,,,,,,,,,,,,
49,12,12,54,S10,False,16,4,20,11,0,0,0,0,0,"['B738', 'B381', 'B290', 'B555', 'B61', 'B744', 'B148', 'B267', 'B766', 'B114', 'B301']",5.5,S57,2.67,5,4,9,0.0,,-0.195498,-12.344103,-12.539601,False,False,6,S57,False,2,0.1668,delivery,,,,,,,,,,,,,,,,,,,,,,,,,,,,,,,,,,,,,,,,,,,,,,,,,,,,
49,12,13,3,S57,False,5,4,9,0,11,0,0,0,0,"['B601', 'B241', 'B392', 'B291', 'B213', 'B150', 'B749', 'B335', 'B37', 'B9', 'B540']",5.5,S8,7.91,16,4,20,0.0,,-0.323362,-12.425281,-12.748643,False,False,4,S8,False,2,0.1085,pickup,,,,,,,,,,,,,,,,,,,,,,,,,,,,,,,,,,,,,,,,,,,,,,,,,,,,
49,12,13,16,S8,False,16,4,20,16,0,0,0,0,0,"['B467', 'B210', 'B452', 'B323', 'B216', 'B601', 'B241', 'B392', 'B291', 'B213', 'B150', 'B749', 'B335', 'B37', 'B9', 'B540']",8.0,S42,6.33,0,4,4,0.0,,-0.784324,-12.603884,-13.388208,False,False,4,S42,False,2,0.1217,delivery,,,,,,,,,,,,,,,,,,,,,,,,,,,,,,,,,,,,,,,,,,,,,,,,,,,,
49,12,13,30,S42,False,0,4,4,0,9,2,0,0,0,"['B678', 'B41', 'B463', 'B278', 'B700', 'B630', 'B264', 'B258', 'B567']",10.5,S34,5.28,9,4,13,0.0,,-0.879699,-12.600276,-13.479975,True,True,18,S22,True,16,0.4866,pickup+onsite,,,,,,,,,,,,,,,,,,,,,,,,,,,,,,,,,,,,,,,,,,,,,,,,,,,,
49,12,13,46,S34,False,9,4,13,9,0,0,0,0,0,"['B678', 'B41', 'B463', 'B278', 'B700', 'B630', 'B264', 'B258', 'B567']",4.5,S54,2.69,0,4,4,0.0,,-0.553859,-12.559752,-13.113611,False,False,4,S54,False,2,0.141,delivery,,,,,,,,,,,,,,,,,,,,,,,,,,,,,,,,,,,,,,,,,,,,,,,,,,,,
49,12,13,53,S54,False,0,4,4,0,12,2,1,0,0,"['B370', 'B12', 'B327', 'B664', 'B606', 'B328', 'B55', 'B365', 'B728', 'B468', 'B545', 'B285', 'B482']",12.5,S31,5.7,12,5,17,0.0,,-1.110877,-12.52429,-13.635167,True,True,36,S22,True,22,0.9732,pickup+maintenance,,,,,,,,,,,,,,,,,,,,,,,,,,,,,,,,,,,,,,,,,,,,,,,,,,,,
49,12,14,11,S31,False,12,5,17,12,0,0,0,0,0,"['B370', 'B12', 'B327', 'B664', 'B606', 'B328', 'B55', 'B365', 'B728', 'B468', 'B545', 'B285']",6.0,S60,0.89,0,5,5,0.0,,-0.820686,-12.521186,-13.341873,False,False,4,S44,True,2,0.1063,delivery,,,,,,,,,,,,,,,,,,,,,,,,,,,,,,,,,,,,,,,,,,,,,,,,,,,,
49,12,14,18,S60,False,0,5,5,0,10,0,0,0,0,"['B56', 'B183', 'B509', 'B638', 'B390', 'B247', 'B423', 'B737', 'B85', 'B286']",5.0,S44,4.0,10,5,15,0.0,,-0.68818,-12.281326,-12.969507,False,False,6,S25,True,4,0.1631,pickup,,,,,,,,,,,,,,,,,,,,,,,,,,,,,,,,,,,,,,,,,,,,,,,,,,,,
49,12,14,27,S44,False,10,5,15,10,0,0,0,0,0,"['B56', 'B183', 'B509', 'B638', 'B390', 'B247', 'B423', 'B737', 'B85', 'B286']",5.0,S25,13.83,0,5,5,0.0,,-1.009881,-12.355591,-13.365471,False,False,4,S25,False,2,0.1113,delivery,,,,,,,,,,,,,,,,,,,,,,,,,,,,,,,,,,,,,,,,,,,,,,,,,,,,
49,12,14,46,S25,False,0,5,5,0,13,0,0,0,0,"['B375', 'B279', 'B127', 'B378', 'B118', 'B226', 'B316', 'B307', 'B72', 'B330', 'B122', 'B564', 'B315']",6.5,S50,14.92,13,5,18,0.0,,-0.655482,-12.564364,-13.219846,False,False,6,S22,True,4,0.1579,pickup,,,,,,,,,,,,,,,,,,,,,,,,,,,,,,,,,,,,,,,,,,,,,,,,,,,,
49,12,15,8,S50,False,13,5,18,13,0,0,0,0,0,"['B375', 'B279', 'B127', 'B378', 'B118', 'B226', 'B316', 'B307', 'B72', 'B330', 'B122', 'B564', 'B315']",6.5,S55,3.32,0,5,5,0.0,,-0.813966,-12.775041,-13.589008,False,False,4,S55,False,2,0.1127,delivery,,,,,,,,,,,,,,,,,,,,,,,,,,,,,,,,,,,,,,,,,,,,,,,,,,,,
49,12,15,17,S55,False,0,5,5,0,0,1,0,0,0,[],3.0,S42,4.34,0,5,5,0.0,,-0.517372,-12.868418,-13.38579,True,True,12,S15,True,2,0.3193,do_nothing+onsite,,,,,,,,,,,,,,,,,,,,,,,,,,,,,,,,,,,,,,,,,,,,,,,,,,,,
49,12,15,25,S42,False,0,5,5,0,9,0,0,0,0,"['B731', 'B718', 'B477', 'B518', 'B144', 'B635', 'B538', 'B294', 'B561']",4.5,S15,6.77,9,5,14,0.0,,-0.878302,-12.736289,-13.614591,False,False,6,S55,True,4,0.16,pickup,,,,,,,,,,,,,,,,,,,,,,,,,,,,,,,,,,,,,,,,,,,,,,,,,,,,
49,12,15,36,S15,False,9,5,14,9,0,0,0,0,0,"['B731', 'B718', 'B477', 'B518', 'B144', 'B635', 'B538', 'B294', 'B561']",4.5,S22,6.37,0,5,5,0.0,,-0.784066,-12.761124,-13.54519,False,False,4,S22,False,2,0.1082,delivery,,,,,,,,,,,,,,,,,,,,,,,,,,,,,,,,,,,,,,,,,,,,,,,,,,,,
49,12,15,47,S22,False,0,5,5,0,12,0,0,0,0,"['B386', 'B67', 'B190', 'B651', 'B605', 'B641', 'B739', 'B273', 'B317', 'B579', 'B685', 'B434']",6.0,S41,3.42,12,5,17,0.0,,-1.431493,-12.76151,-14.193003,False,False,6,S55,True,4,0.1814,pickup,,,,,,,,,,,,,,,,,,,,,,,,,,,,,,,,,,,,,,,,,,,,,,,,,,,,
49,12,15,56,S41,False,12,5,17,12,0,2,0,0,0,"['B386', 'B67', 'B190', 'B651', 'B605', 'B641', 'B739', 'B273', 'B317', 'B579', 'B685', 'B434']",12.0,S55,7.46,0,5,5,0.0,,-0.884966,-12.71417,-13.599136,True,True,12,S55,False,10,0.3182,delivery+onsite,,,,,,,,,,,,,,,,,,,,,,,,,,,,,,,,,,,,,,,,,,,,,,,,,,,,
49,12,16,16,S55,False,0,5,5,0,15,0,0,0,0,"['B2', 'B566', 'B615', 'B476', 'B298', 'B430', 'B60', 'B681', 'B185', 'B591', 'B486', 'B684', 'B675', 'B178', 'B129']",7.5,S63,3.64,15,5,20,0.0,,-1.570799,-12.664905,-14.235703,False,False,4,S63,False,2,0.1083,pickup,,,,,,,,,,,,,,,,,,,,,,,,,,,,,,,,,,,,,,,,,,,,,,,,,,,,
49,12,16,27,S63,False,15,5,20,12,0,0,1,0,0,"['B319', 'B2', 'B566', 'B615', 'B476', 'B298', 'B430', 'B60', 'B681', 'B185', 'B591', 'B486', 'B684']",6.5,S45,1.16,3,6,9,0.0,,-1.275236,-12.761714,-14.03695,True,True,10,S52,True,4,0.2713,delivery+depot_removal,,,,,,,,,,,,,,,,,,,,,,,,,,,,,,,,,,,,,,,,,,,,,,,,,,,,
49,12,16,35,S45,False,3,6,9,0,11,0,0,0,0,"['B671', 'B69', 'B355', 'B761', 'B461', 'B672', 'B367', 'B237', 'B24', 'B166', 'B48']",5.5,S52,1.46,14,6,20,0.0,,-1.307384,-12.842287,-14.149671,False,False,4,S52,False,2,0.1181,pickup,,,,,,,,,,,,,,,,,,,,,,,,,,,,,,,,,,,,,,,,,,,,,,,,,,,,
49,12,16,42,S52,False,14,6,20,11,0,0,1,0,0,"['B512', 'B675', 'B178', 'B129', 'B671', 'B69', 'B355', 'B761', 'B461', 'B672', 'B367', 'B237']",6.0,S58,1.84,3,7,10,0.0,,-0.878204,-12.700588,-13.578792,True,True,10,S58,False,4,0.2636,delivery+depot_removal,,,,,,,,,,,,,,,,,,,,,,,,,,,,,,,,,,,,,,,,,,,,,,,,,,,,
49,12,16,49,S58,False,3,7,10,0,10,0,0,0,0,"['B363', 'B631', 'B438', 'B230', 'B408', 'B536', 'B444', 'B357', 'B644', 'B660']",5.0,S26,8.46,13,7,20,0.0,,-1.269621,-12.583022,-13.852643,False,False,4,S26,False,2,0.1075,pickup,,,,,,,,,,,,,,,,,,,,,,,,,,,,,,,,,,,,,,,,,,,,,,,,,,,,
49,12,17,3,S26,False,13,7,20,13,0,0,0,0,0,"['B24', 'B166', 'B48', 'B363', 'B631', 'B438', 'B230', 'B408', 'B536', 'B444', 'B357', 'B644', 'B660']",6.5,S65,6.43,0,7,7,0.0,,-0.950089,-12.608371,-13.55846,False,False,4,S29,True,2,0.1058,delivery,,,,,,,,,,,,,,,,,,,,,,,,,,,,,,,,,,,,,,,,,,,,,,,,,,,,
49,12,17,16,S65,False,0,7,7,0,13,0,0,0,0,"['B565', 'B720', 'B428', 'B1', 'B334', 'B297', 'B344', 'B464', 'B104', 'B137', 'B643', 'B20', 'B691']",6.5,S29,8.87,13,7,20,0.0,,-0.84891,-12.760929,-13.609839,False,False,6,S29,True,2,0.1575,pickup,,,,,,,,,,,,,,,,,,,,,,,,,,,,,,,,,,,,,,,,,,,,,,,,,,,,
49,12,17,31,S29,False,13,7,20,13,0,0,0,0,0,"['B565', 'B720', 'B428', 'B1', 'B334', 'B297', 'B344', 'B464', 'B104', 'B137', 'B643', 'B20', 'B691']",6.5,S62,3.79,0,7,7,0.0,,-0.753034,-12.295925,-13.048959,False,False,4,S32,True,2,0.106,delivery,,,,,,,,,,,,,,,,,,,,,,,,,,,,,,,,,,,,,,,,,,,,,,,,,,,,
49,12,17,41,S62,False,0,7,7,0,10,0,0,0,0,"['B164', 'B508', 'B587', 'B40', 'B191', 'B692', 'B172', 'B50', 'B135', 'B364']",5.0,S32,3.53,10,7,17,0.0,,-0.684873,-12.223234,-12.908107,False,False,6,S66,True,4,0.1544,pickup,,,,,,,,,,,,,,,,,,,,,,,,,,,,,,,,,,,,,,,,,,,,,,,,,,,,
49,12,17,50,S32,False,10,7,17,0,0,0,0,0,0,[],0.0,S51,4.37,10,7,17,0.0,,-0.750933,-12.363963,-13.114896,False,False,4,S66,True,0,0.1103,do_nothing,,,,,,,,,,,,,,,,,,,,,,,,,,,,,,,,,,,,,,,,,,,,,,,,,,,,
49,12,17,54,S51,False,10,7,17,0,0,1,0,0,0,[],3.0,S32,4.37,10,7,17,0.0,,-0.721544,-12.33576,-13.057304,True,True,8,S66,True,2,0.2063,do_nothing+onsite,,,,,,,,,,,,,,,,,,,,,,,,,,,,,,,,,,,,,,,,,,,,,,,,,,,,
49,12,18,2,S32,False,10,7,17,0,0,0,0,0,0,[],0.0,S30,8.28,10,7,17,0.0,,-0.392574,-12.276681,-12.669255,False,False,4,S43,True,0,0.1469,do_nothing,,,,,,,,,,,,,,,,,,,,,,,,,,,,,,,,,,,,,,,,,,,,,,,,,,,,
49,12,18,10,S30,False,10,7,17,8,0,1,1,0,0,"['B70', 'B164', 'B508', 'B587', 'B40', 'B191', 'B692', 'B172', 'B50']",7.5,S66,1.88,2,8,10,0.0,,-0.556353,-12.336201,-12.892554,True,True,24,S5,True,14,0.6356,delivery+maintenance,,,,,,,,,,,,,,,,,,,,,,,,,,,,,,,,,,,,,,,,,,,,,,,,,,,,
49,12,18,19,S66,False,2,8,10,0,10,0,0,0,0,"['B582', 'B329', 'B29', 'B573', 'B485', 'B17', 'B49', 'B252', 'B496', 'B730']",5.0,S5,8.92,12,8,20,0.0,,-0.426698,-12.222801,-12.649499,False,False,4,S5,False,2,0.1073,pickup,,,,,,,,,,,,,,,,,,,,,,,,,,,,,,,,,,,,,,,,,,,,,,,,,,,,
49,12,18,33,S5,False,12,8,20,12,0,0,0,0,0,"['B135', 'B364', 'B582', 'B329', 'B29', 'B573', 'B485', 'B17', 'B49', 'B252', 'B496', 'B730']",6.0,S43,13.22,0,8,8,0.0,,-0.391598,-12.689073,-13.080671,False,False,4,S25,True,2,0.1172,delivery,,,,,,,,,,,,,,,,,,,,,,,,,,,,,,,,,,,,,,,,,,,,,,,,,,,,
49,12,18,52,S43,False,0,8,8,0,0,1,2,0,0,"['B165', 'B654']",4.0,S54,4.49,0,10,10,0.0,,-0.132911,-12.666593,-12.799504,True,True,16,S54,False,10,0.4186,do_nothing+maintenance,,,,,,,,,,,,,,,,,,,,,,,,,,,,,,,,,,,,,,,,,,,,,,,,,,,,
49,12,19,1,S54,False,0,10,10,0,10,0,0,0,0,"['B745', 'B562', 'B425', 'B268', 'B537', 'B350', 'B490', 'B306', 'B416', 'B326']",5.0,S32,2.05,10,10,20,0.0,,-0.750117,-12.585981,-13.336098,False,False,4,S32,False,2,0.1056,pickup,,,,,,,,,,,,,,,,,,,,,,,,,,,,,,,,,,,,,,,,,,,,,,,,,,,,
49,12,19,8,S32,False,10,10,20,0,0,0,0,0,0,[],0.0,S48,4.4,10,10,20,0.0,,-0.392063,-12.603489,-12.995552,False,False,4,S48,False,0,0.1051,do_nothing,,,,,,,,,,,,,,,,,,,,,,,,,,,,,,,,,,,,,,,,,,,,,,,,,,,,
49,12,19,12,S48,False,10,10,20,10,0,0,0,0,0,"['B745', 'B562', 'B425', 'B268', 'B537', 'B350', 'B490', 'B306', 'B416', 'B326']",5.0,S33,5.49,0,10,10,0.0,,-0.651247,-12.55608,-13.207327,False,False,4,S33,False,2,0.1041,delivery,,,,,,,,,,,,,,,,,,,,,,,,,,,,,,,,,,,,,,,,,,,,,,,,,,,,
49,12,19,23,S33,False,0,10,10,0,0,0,0,0,0,[],0.0,S43,2.06,0,10,10,0.0,,-0.392154,-12.46058,-12.852734,False,False,4,S43,False,0,0.1098,do_nothing,,,,,,,,,,,,,,,,,,,,,,,,,,,,,,,,,,,,,,,,,,,,,,,,,,,,
49,12,19,25,S43,False,0,10,10,0,10,0,0,0,0,"['B370', 'B12', 'B664', 'B617', 'B665', 'B706', 'B64', 'B455', 'B174', 'B163']",5.0,S44,0.79,10,10,20,0.0,,-0.294455,-12.460814,-12.755269,False,False,4,S44,False,2,0.1084,pickup,,,,,,,,,,,,,,,,,,,,,,,,,,,,,,,,,,,,,,,,,,,,,,,,,,,,
49,12,19,31,S44,False,10,10,20,9,0,0,0,0,0,"['B370', 'B12', 'B664', 'B617', 'B665', 'B706', 'B64', 'B455', 'B174']",4.5,S33,1.28,1,10,11,0.0,,-0.292219,-12.489646,-12.781865,False,False,6,S32,True,2,0.1688,delivery,,,,,,,,,,,,,,,,,,,,,,,,,,,,,,,,,,,,,,,,,,,,,,,,,,,,
49,12,19,37,S33,False,1,10,11,0,9,0,0,0,0,"['B523', 'B369', 'B725', 'B186', 'B179', 'B116', 'B736', 'B397', 'B702']",4.5,S32,3.27,10,10,20,0.0,,-0.161889,-12.486642,-12.648531,False,False,4,S32,False,2,0.1096,pickup,,,,,,,,,,,,,,,,,,,,,,,,,,,,,,,,,,,,,,,,,,,,,,,,,,,,
49,12,19,44,S32,False,10,10,20,0,0,0,0,0,0,[],0.0,D0,2.55,10,10,20,0.0,,-0.389756,-12.719523,-13.109279,False,False,2,D0,True,0,0.0863,do_nothing,,,,,,,,,,,,,,,,,,,,,,,,,,,,,,,,,,,,,,,,,,,,,,,,,,,,
49,12,19,47,D0,True,10,10,20,0,0,0,0,10,0,"['B418', 'B115', 'B690', 'B169', 'B482', 'B319', 'B512', 'B70', 'B165', 'B654']",5.0,D0,0.0,10,0,10,0.0,,-0.162712,-12.586029,-12.748741,True,True,1,D0,False,0,0.0535,do_nothing,,,,,,,,,,,,,,,,,,,,,,,,,,,,,,,,,,,,,,,,,,,,,,,,,,,,
49,13,6,7,D0,True,10,0,10,0,0,0,0,0,10,"['B618', 'B433', 'B451', 'B277', 'B400', 'B620', 'B65', 'B15', 'B240', 'B608']",5.0,S40,0.66,20,0,20,0.0,,-0.096305,-13.23781,-13.334115,True,True,1,S40,False,0,0.0252,load_queue,,,,,,,,,,,,,,,,,,,,,,,,,,,,,,,,,,,,,,,,,,,,,,,,,,,,
49,13,6,28,S40,False,20,0,20,0,0,0,0,0,0,[],0.0,S16,2.95,20,0,20,0.0,,-0.227204,-13.185403,-13.412607,False,False,6,S16,False,0,0.16,do_nothing,,,,,,,,,,,,,,,,,,,,,,,,,,,,,,,,,,,,,,,,,,,,,,,,,,,,
49,13,6,30,S16,False,20,0,20,11,0,0,0,0,0,"['B163', 'B523', 'B369', 'B725', 'B186', 'B179', 'B116', 'B736', 'B397', 'B702', 'B618']",5.5,S43,0.58,9,0,9,0.0,,-0.162877,-13.121206,-13.284083,False,False,6,S43,False,2,0.1614,delivery,,,,,,,,,,,,,,,,,,,,,,,,,,,,,,,,,,,,,,,,,,,,,,,,,,,,
49,13,6,37,S43,False,9,0,9,0,11,0,0,0,0,"['B642', 'B469', 'B762', 'B337', 'B261', 'B18', 'B100', 'B220', 'B420', 'B42', 'B345']",5.5,S40,3.52,20,0,20,0.0,,-0.09795,-13.071388,-13.169338,False,False,4,S40,False,2,0.1109,pickup,,,,,,,,,,,,,,,,,,,,,,,,,,,,,,,,,,,,,,,,,,,,,,,,,,,,
49,13,6,46,S40,False,20,0,20,14,0,0,0,0,0,"['B433', 'B451', 'B277', 'B400', 'B620', 'B65', 'B15', 'B240', 'B608', 'B642', 'B469', 'B762', 'B337', 'B261']",7.0,S58,4.02,6,0,6,0.0,,-0.162538,-12.998007,-13.160545,False,False,6,S58,False,4,0.1778,delivery,,,,,,,,,,,,,,,,,,,,,,,,,,,,,,,,,,,,,,,,,,,,,,,,,,,,
49,13,6,57,S58,False,6,0,6,0,0,0,1,0,0,['B308'],0.5,S59,1.19,6,1,7,0.0,,-0.290652,-13.001866,-13.292518,True,True,6,S32,True,2,0.1617,do_nothing+depot_removal,,,,,,,,,,,,,,,,,,,,,,,,,,,,,,,,,,,,,,,,,,,,,,,,,,,,
49,13,6,58,S59,False,6,1,7,0,13,0,0,0,0,"['B697', 'B5', 'B170', 'B668', 'B87', 'B189', 'B599', 'B596', 'B158', 'B612', 'B260', 'B704', 'B689']",6.5,S32,6.22,19,1,20,0.0,,-0.32377,-12.963035,-13.286806,False,False,4,S32,False,2,0.1074,pickup,,,,,,,,,,,,,,,,,,,,,,,,,,,,,,,,,,,,,,,,,,,,,,,,,,,,
49,13,7,11,S32,False,19,1,20,9,0,0,0,0,0,"['B18', 'B100', 'B220', 'B420', 'B42', 'B345', 'B697', 'B5', 'B170']",4.5,S65,9.46,10,1,11,0.0,,-0.294288,-12.956711,-13.250999,False,False,6,S65,False,2,0.1598,delivery,,,,,,,,,,,,,,,,,,,,,,,,,,,,,,,,,,,,,,,,,,,,,,,,,,,,
49,13,7,25,S65,False,10,1,11,10,0,0,0,0,0,"['B668', 'B87', 'B189', 'B599', 'B596', 'B158', 'B612', 'B260', 'B704', 'B689']",5.0,S28,6.22,0,1,1,0.0,,-0.096226,-12.814795,-12.91102,False,False,4,S28,False,2,0.108,delivery,,,,,,,,,,,,,,,,,,,,,,,,,,,,,,,,,,,,,,,,,,,,,,,,,,,,
49,13,7,36,S28,False,0,1,1,0,19,0,0,0,0,"['B153', 'B3', 'B82', 'B541', 'B125', 'B753', 'B201', 'B175', 'B705', 'B236', 'B303', 'B453', 'B495', 'B177', 'B208', 'B152', 'B202', 'B710', 'B157']",9.5,S25,2.05,19,1,20,0.0,,-0.356892,-12.474448,-12.83134,False,False,4,S25,False,2,0.1058,pickup,,,,,,,,,,,,,,,,,,,,,,,,,,,,,,,,,,,,,,,,,,,,,,,,,,,,
49,13,7,48,S25,False,19,1,20,11,0,0,0,0,0,"['B153', 'B3', 'B82', 'B541', 'B125', 'B753', 'B201', 'B175', 'B705', 'B236', 'B303']",5.5,S10,14.07,8,1,9,0.0,,-0.097049,-12.450896,-12.547945,False,False,6,S10,False,2,0.1663,delivery,,,,,,,,,,,,,,,,,,,,,,,,,,,,,,,,,,,,,,,,,,,,,,,,,,,,
49,13,8,7,S10,False,8,1,9,0,7,0,0,0,0,"['B61', 'B744', 'B148', 'B267', 'B766', 'B114', 'B301']",3.5,S3,3.65,15,1,16,0.0,,-0.258689,-12.574602,-12.833291,False,False,6,S3,False,2,0.1593,pickup,,,,,,,,,,,,,,,,,,,,,,,,,,,,,,,,,,,,,,,,,,,,,,,,,,,,
49,13,8,14,S3,False,15,1,16,0,0,0,0,0,0,[],0.0,S51,4.7,15,1,16,0.0,,-0.12942,-12.419987,-12.549408,False,False,6,S11,True,0,0.1598,do_nothing,,,,,,,,,,,,,,,,,,,,,,,,,,,,,,,,,,,,,,,,,,,,,,,,,,,,
49,13,8,19,S51,False,15,1,16,0,0,0,0,0,0,[],0.0,S3,4.7,15,1,16,0.0,,-0.295028,-12.527565,-12.822594,False,False,6,S11,True,0,0.1598,do_nothing,,,,,,,,,,,,,,,,,,,,,,,,,,,,,,,,,,,,,,,,,,,,,,,,,,,,
49,13,8,24,S3,False,15,1,16,0,0,0,0,0,0,[],0.0,S51,4.7,15,1,16,0.0,,-0.550079,-12.583811,-13.133891,False,False,6,S11,True,0,0.1601,do_nothing,,,,,,,,,,,,,,,,,,,,,,,,,,,,,,,,,,,,,,,,,,,,,,,,,,,,
49,13,8,29,S51,False,15,1,16,0,0,0,0,0,0,[],0.0,S3,4.7,15,1,16,0.0,,-0.261831,-12.47954,-12.741371,False,False,6,S11,True,0,0.1599,do_nothing,,,,,,,,,,,,,,,,,,,,,,,,,,,,,,,,,,,,,,,,,,,,,,,,,,,,
49,13,8,33,S3,False,15,1,16,0,0,0,0,0,0,[],0.0,S51,4.7,15,1,16,0.0,,-0.389331,-12.319575,-12.708906,False,False,6,S51,False,0,0.1596,do_nothing,,,,,,,,,,,,,,,,,,,,,,,,,,,,,,,,,,,,,,,,,,,,,,,,,,,,
49,13,8,38,S51,False,15,1,16,12,0,0,0,0,0,"['B453', 'B495', 'B177', 'B208', 'B152', 'B202', 'B710', 'B157', 'B61', 'B744', 'B148', 'B267']",6.0,S11,10.98,3,1,4,0.0,,-0.61902,-12.230719,-12.849739,False,False,6,S11,False,2,0.1581,delivery,,,,,,,,,,,,,,,,,,,,,,,,,,,,,,,,,,,,,,,,,,,,,,,,,,,,
49,13,8,55,S11,False,3,1,4,0,0,0,0,0,0,[],0.0,S50,3.14,3,1,4,0.0,,-0.327744,-12.491371,-12.819114,False,False,4,S3,True,0,0.1083,do_nothing,,,,,,,,,,,,,,,,,,,,,,,,,,,,,,,,,,,,,,,,,,,,,,,,,,,,
49,13,8,58,S50,False,3,1,4,0,0,0,0,0,0,[],0.0,S11,3.14,3,1,4,0.0,,-0.587246,-12.467534,-13.05478,False,False,4,S11,False,0,0.1083,do_nothing,,,,,,,,,,,,,,,,,,,,,,,,,,,,,,,,,,,,,,,,,,,,,,,,,,,,
49,13,9,1,S11,False,3,1,4,0,9,0,0,0,0,"['B661', 'B92', 'B238', 'B54', 'B183', 'B405', 'B107', 'B547', 'B441']",4.5,S42,1.48,12,1,13,0.0,,-0.421982,-12.452821,-12.874802,False,False,6,S42,True,4,0.1839,pickup,,,,,,,,,,,,,,,,,,,,,,,,,,,,,,,,,,,,,,,,,,,,,,,,,,,,
49,13,9,7,S42,False,12,1,13,6,0,0,1,0,0,"['B526', 'B766', 'B114', 'B301', 'B661', 'B92', 'B238']",3.5,S35,1.31,6,2,8,0.0,,-0.582277,-12.44844,-13.030717,True,True,12,S35,False,10,0.3309,delivery+depot_removal,,,,,,,,,,,,,,,,,,,,,,,,,,,,,,,,,,,,,,,,,,,,,,,,,,,,
49,13,9,12,S35,False,6,2,8,6,0,0,0,0,0,"['B54', 'B183', 'B405', 'B107', 'B547', 'B441']",3.0,S38,9.81,0,2,2,0.0,,-0.163044,-12.208777,-12.371821,False,False,4,S38,False,2,0.1086,delivery,,,,,,,,,,,,,,,,,,,,,,,,,,,,,,,,,,,,,,,,,,,,,,,,,,,,
49,13,9,25,S38,False,0,2,2,0,12,0,0,0,0,"['B145', 'B414', 'B594', 'B215', 'B391', 'B759', 'B89', 'B395', 'B206', 'B632', 'B377', 'B239']",6.0,S66,3.69,12,2,14,0.0,,-0.260503,-12.323344,-12.583847,False,False,6,S66,True,2,0.1654,pickup,,,,,,,,,,,,,,,,,,,,,,,,,,,,,,,,,,,,,,,,,,,,,,,,,,,,
49,13,9,35,S66,False,12,2,14,12,0,0,0,0,0,"['B145', 'B414', 'B594', 'B215', 'B391', 'B759', 'B89', 'B395', 'B206', 'B632', 'B377', 'B239']",6.0,S31,0.38,0,2,2,0.0,,-0.226306,-12.512114,-12.73842,False,False,4,S31,False,2,0.1091,delivery,,,,,,,,,,,,,,,,,,,,,,,,,,,,,,,,,,,,,,,,,,,,,,,,,,,,
49,13,9,41,S31,False,0,2,2,0,11,0,0,0,0,"['B460', 'B602', 'B57', 'B300', 'B481', 'B190', 'B359', 'B185', 'B249', 'B591', 'B151']",5.5,S18,1.71,11,2,13,0.0,,-0.453692,-12.451462,-12.905154,False,False,6,S18,False,4,0.1646,pickup,,,,,,,,,,,,,,,,,,,,,,,,,,,,,,,,,,,,,,,,,,,,,,,,,,,,
49,13,9,48,S18,False,11,2,13,11,0,0,0,0,0,"['B460', 'B602', 'B57', 'B300', 'B481', 'B190', 'B359', 'B185', 'B249', 'B591', 'B151']",5.5,S49,2.0,0,2,2,0.0,,-0.426034,-12.470275,-12.896309,False,False,4,S49,False,2,0.1135,delivery,,,,,,,,,,,,,,,,,,,,,,,,,,,,,,,,,,,,,,,,,,,,,,,,,,,,
49,13,9,56,S49,False,0,2,2,0,0,0,1,0,0,['B312'],0.5,S39,0.84,0,3,3,0.0,,-0.618942,-12.429588,-13.048531,True,True,8,S39,False,2,0.2146,do_nothing+depot_removal,,,,,,,,,,,,,,,,,,,,,,,,,,,,,,,,,,,,,,,,,,,,,,,,,,,,
49,13,9,57,S39,False,0,3,3,0,11,0,0,0,0,"['B513', 'B340', 'B647', 'B88', 'B30', 'B192', 'B411', 'B510', 'B35', 'B765', 'B68']",5.5,S49,0.84,11,3,14,0.0,,-0.554778,-12.28419,-12.838968,False,False,6,D0,True,4,0.1684,pickup,,,,,,,,,,,,,,,,,,,,,,,,,,,,,,,,,,,,,,,,,,,,,,,,,,,,
49,13,10,3,S49,False,11,3,14,0,0,0,0,0,0,[],0.0,S51,7.18,11,3,14,0.0,,-0.583463,-12.313753,-12.897216,False,False,4,S13,True,0,0.1086,do_nothing,,,,,,,,,,,,,,,,,,,,,,,,,,,,,,,,,,,,,,,,,,,,,,,,,,,,
49,13,10,10,S51,False,11,3,14,0,6,0,0,0,0,"['B202', 'B710', 'B157', 'B61', 'B744', 'B148']",3.0,S20,15.11,17,3,20,0.0,,-0.555121,-12.416709,-12.97183,False,False,4,S20,False,2,0.1086,pickup,,,,,,,,,,,,,,,,,,,,,,,,,,,,,,,,,,,,,,,,,,,,,,,,,,,,
49,13,10,29,S20,False,17,3,20,11,0,0,0,0,0,"['B513', 'B340', 'B647', 'B88', 'B30', 'B192', 'B411', 'B510', 'B35', 'B765', 'B68']",5.5,S13,3.9,6,3,9,0.0,,-0.681279,-12.342946,-13.024225,False,False,6,S13,False,2,0.1619,delivery,,,,,,,,,,,,,,,,,,,,,,,,,,,,,,,,,,,,,,,,,,,,,,,,,,,,
49,13,10,38,S13,False,6,3,9,6,0,0,0,0,0,"['B202', 'B710', 'B157', 'B61', 'B744', 'B148']",3.0,S54,13.97,0,3,3,0.0,,-0.583607,-12.211009,-12.794615,False,False,4,S54,False,2,0.1088,delivery,,,,,,,,,,,,,,,,,,,,,,,,,,,,,,,,,,,,,,,,,,,,,,,,,,,,
49,13,10,55,S54,False,0,3,3,0,12,0,0,0,0,"['B74', 'B456', 'B530', 'B368', 'B402', 'B334', 'B545', 'B679', 'B555', 'B426', 'B614', 'B31']",6.0,S35,2.91,12,3,15,0.0,,-0.391566,-12.302866,-12.694432,False,False,6,S35,False,4,0.1627,pickup,,,,,,,,,,,,,,,,,,,,,,,,,,,,,,,,,,,,,,,,,,,,,,,,,,,,
49,13,11,4,S35,False,12,3,15,12,0,0,0,0,0,"['B74', 'B456', 'B530', 'B368', 'B402', 'B334', 'B545', 'B679', 'B555', 'B426', 'B614', 'B31']",6.0,S55,3.04,0,3,3,0.0,,-0.16396,-12.240561,-12.40452,False,False,4,S55,False,2,0.1093,delivery,,,,,,,,,,,,,,,,,,,,,,,,,,,,,,,,,,,,,,,,,,,,,,,,,,,,
49,13,11,13,S55,False,0,3,3,0,0,0,0,0,0,[],0.0,S16,3.87,0,3,3,0.0,,-0.196173,-12.259508,-12.455682,False,False,6,S16,False,0,0.1621,do_nothing,,,,,,,,,,,,,,,,,,,,,,,,,,,,,,,,,,,,,,,,,,,,,,,,,,,,
49,13,11,17,S16,False,0,3,3,0,8,0,0,0,0,"['B179', 'B116', 'B736', 'B397', 'B702', 'B618', 'B269', 'B549']",4.0,S51,3.59,8,3,11,0.0,,-0.357138,-12.134265,-12.491402,False,False,6,S51,False,2,0.1627,pickup,,,,,,,,,,,,,,,,,,,,,,,,,,,,,,,,,,,,,,,,,,,,,,,,,,,,
49,13,11,24,S51,False,8,3,11,0,9,0,0,0,0,"['B649', 'B478', 'B639', 'B287', 'B587', 'B572', 'B317', 'B295', 'B243']",4.5,S1,8.32,17,3,20,0.0,,-0.260665,-12.513325,-12.773989,False,False,4,S1,False,2,0.1094,pickup,,,,,,,,,,,,,,,,,,,,,,,,,,,,,,,,,,,,,,,,,,,,,,,,,,,,
49,13,11,37,S1,False,17,3,20,12,0,0,0,0,0,"['B179', 'B116', 'B736', 'B397', 'B702', 'B618', 'B269', 'B549', 'B649', 'B478', 'B639', 'B287']",6.0,S32,4.05,5,3,8,0.0,,-0.293801,-12.347867,-12.641669,False,False,6,S32,False,2,0.163,delivery,,,,,,,,,,,,,,,,,,,,,,,,,,,,,,,,,,,,,,,,,,,,,,,,,,,,
49,13,11,47,S32,False,5,3,8,5,0,0,0,0,0,"['B587', 'B572', 'B317', 'B295', 'B243']",2.5,S55,1.17,0,3,3,0.0,,-0.453452,-12.428515,-12.881967,False,False,4,S55,False,2,0.1087,delivery,,,,,,,,,,,,,,,,,,,,,,,,,,,,,,,,,,,,,,,,,,,,,,,,,,,,
49,13,11,51,S55,False,0,3,3,0,0,0,0,0,0,[],0.0,S58,5.61,0,3,3,0.0,,-0.358552,-12.413942,-12.772494,False,False,6,S58,False,0,0.162,do_nothing,,,,,,,,,,,,,,,,,,,,,,,,,,,,,,,,,,,,,,,,,,,,,,,,,,,,
49,13,11,57,S58,False,0,3,3,0,13,0,0,0,0,"['B735', 'B46', 'B503', 'B667', 'B569', 'B309', 'B606', 'B607', 'B311', 'B440', 'B542', 'B188', 'B756']",6.5,S43,1.78,13,3,16,0.0,,-0.679819,-12.472548,-13.152368,False,False,6,S43,False,2,0.1599,pickup,,,,,,,,,,,,,,,,,,,,,,,,,,,,,,,,,,,,,,,,,,,,,,,,,,,,
49,13,12,5,S43,False,13,3,16,8,0,0,0,0,0,"['B735', 'B46', 'B503', 'B667', 'B569', 'B309', 'B606', 'B607']",4.0,S22,8.75,5,3,8,0.0,,-0.555447,-12.446492,-13.001939,False,False,6,S22,False,2,0.1601,delivery,,,,,,,,,,,,,,,,,,,,,,,,,,,,,,,,,,,,,,,,,,,,,,,,,,,,
49,13,12,18,S22,False,5,3,8,5,0,0,0,0,0,"['B311', 'B440', 'B542', 'B188', 'B756']",2.5,S55,10.44,0,3,3,0.0,,-0.516871,-12.438982,-12.955853,False,False,4,S55,False,2,0.1078,delivery,,,,,,,,,,,,,,,,,,,,,,,,,,,,,,,,,,,,,,,,,,,,,,,,,,,,
49,13,12,30,S55,False,0,3,3,0,17,0,0,0,0,"['B285', 'B371', 'B556', 'B668', 'B85', 'B480', 'B532', 'B680', 'B761', 'B406', 'B118', 'B489', 'B221', 'B103', 'B226', 'B462', 'B634']",8.5,S28,14.03,17,3,20,0.0,,-0.194757,-12.782972,-12.977729,False,False,6,S28,True,4,0.1588,pickup,,,,,,,,,,,,,,,,,,,,,,,,,,,,,,,,,,,,,,,,,,,,,,,,,,,,
49,13,12,53,S28,False,17,3,20,15,0,0,0,0,0,"['B285', 'B371', 'B556', 'B668', 'B85', 'B480', 'B532', 'B680', 'B761', 'B406', 'B118', 'B489', 'B221', 'B103', 'B226']",7.5,S61,10.07,2,3,5,0.0,,-0.3915,-12.753909,-13.145409,False,False,6,S61,False,4,0.1611,delivery,,,,,,,,,,,,,,,,,,,,,,,,,,,,,,,,,,,,,,,,,,,,,,,,,,,,
49,13,13,11,S61,False,2,3,5,2,0,0,0,0,0,"['B462', 'B634']",1.0,S40,2.69,0,3,3,0.0,,-0.618602,-12.822573,-13.441174,False,False,4,S40,False,2,0.111,delivery,,,,,,,,,,,,,,,,,,,,,,,,,,,,,,,,,,,,,,,,,,,,,,,,,,,,
49,13,13,14,S40,False,0,3,3,0,13,0,0,0,0,"['B277', 'B400', 'B620', 'B65', 'B15', 'B240', 'B608', 'B642', 'B469', 'B762', 'B337', 'B261', 'B343']",6.5,S39,6.46,13,3,16,0.0,,-0.42212,-12.59909,-13.021209,False,False,6,S39,False,4,0.1573,pickup,,,,,,,,,,,,,,,,,,,,,,,,,,,,,,,,,,,,,,,,,,,,,,,,,,,,
49,13,13,27,S39,False,13,3,16,0,0,0,0,0,0,[],0.0,S13,8.67,13,3,16,0.0,,-1.138409,-12.805018,-13.943427,False,False,4,S41,True,0,0.1058,do_nothing,,,,,,,,,,,,,,,,,,,,,,,,,,,,,,,,,,,,,,,,,,,,,,,,,,,,
49,13,13,36,S13,False,13,3,16,13,0,0,0,0,0,"['B277', 'B400', 'B620', 'B65', 'B15', 'B240', 'B608', 'B642', 'B469', 'B762', 'B337', 'B261', 'B343']",6.5,S41,7.37,0,3,3,0.0,,-0.780181,-12.442432,-13.222614,False,False,4,S41,False,2,0.1056,delivery,,,,,,,,,,,,,,,,,,,,,,,,,,,,,,,,,,,,,,,,,,,,,,,,,,,,
49,13,13,50,S41,False,0,3,3,0,13,0,0,0,0,"['B332', 'B595', 'B361', 'B674', 'B296', 'B237', 'B113', 'B19', 'B746', 'B289', 'B273', 'B106', 'B433']",6.5,S39,3.32,13,3,16,0.0,,-0.948994,-12.570746,-13.519741,False,False,6,S27,True,4,0.1572,pickup,,,,,,,,,,,,,,,,,,,,,,,,,,,,,,,,,,,,,,,,,,,,,,,,,,,,
49,13,14,0,S39,False,13,3,16,13,0,0,0,0,0,"['B332', 'B595', 'B361', 'B674', 'B296', 'B237', 'B113', 'B19', 'B746', 'B289', 'B273', 'B106', 'B433']",6.5,S63,5.24,0,3,3,0.0,,-1.665938,-12.595391,-14.261329,False,False,4,S63,False,2,0.1115,delivery,,,,,,,,,,,,,,,,,,,,,,,,,,,,,,,,,,,,,,,,,,,,,,,,,,,,
49,13,14,11,S63,False,0,3,3,0,17,0,0,0,0,"['B751', 'B717', 'B262', 'B624', 'B589', 'B664', 'B22', 'B420', 'B387', 'B676', 'B278', 'B7', 'B479', 'B716', 'B697', 'B681', 'B447']",8.5,S29,5.25,17,3,20,0.0,,-0.55273,-12.319582,-12.872312,False,False,4,S29,False,2,0.1087,pickup,,,,,,,,,,,,,,,,,,,,,,,,,,,,,,,,,,,,,,,,,,,,,,,,,,,,
49,13,14,25,S29,False,17,3,20,16,0,0,0,0,0,"['B751', 'B717', 'B262', 'B624', 'B589', 'B664', 'B22', 'B420', 'B387', 'B676', 'B278', 'B7', 'B479', 'B716', 'B697', 'B681']",8.0,S55,2.12,1,3,4,0.0,,-0.647769,-12.613348,-13.261117,False,False,6,S55,False,2,0.1656,delivery,,,,,,,,,,,,,,,,,,,,,,,,,,,,,,,,,,,,,,,,,,,,,,,,,,,,
49,13,14,35,S55,False,1,3,4,0,0,0,0,0,0,[],0.0,S54,0.95,1,3,4,0.0,,-0.556115,-12.516292,-13.072406,False,False,4,S46,True,0,0.1092,do_nothing,,,,,,,,,,,,,,,,,,,,,,,,,,,,,,,,,,,,,,,,,,,,,,,,,,,,
49,13,14,36,S54,False,1,3,4,0,12,0,0,0,0,"['B683', 'B84', 'B587', 'B718', 'B755', 'B395', 'B688', 'B206', 'B334', 'B669', 'B53', 'B48']",6.0,S15,3.9,13,3,16,0.0,,-0.813878,-12.587447,-13.401325,False,False,6,S55,True,2,0.1636,pickup,,,,,,,,,,,,,,,,,,,,,,,,,,,,,,,,,,,,,,,,,,,,,,,,,,,,
49,13,14,46,S15,False,13,3,16,13,0,0,1,0,0,"['B685', 'B447', 'B683', 'B84', 'B587', 'B718', 'B755', 'B395', 'B688', 'B206', 'B334', 'B669', 'B53', 'B48']",7.0,S55,4.77,0,4,4,0.0,,-0.583933,-12.528256,-13.112189,True,True,8,S55,False,6,0.2111,delivery+depot_removal,,,,,,,,,,,,,,,,,,,,,,,,,,,,,,,,,,,,,,,,,,,,,,,,,,,,
49,13,14,58,S55,False,0,4,4,0,0,0,0,0,0,[],0.0,S42,4.34,0,4,4,0.0,,-0.911745,-12.443978,-13.355723,False,False,4,S46,True,0,0.1083,do_nothing,,,,,,,,,,,,,,,,,,,,,,,,,,,,,,,,,,,,,,,,,,,,,,,,,,,,
49,13,15,2,S42,False,0,4,4,0,14,0,0,0,0,"['B238', 'B152', 'B670', 'B245', 'B324', 'B34', 'B517', 'B698', 'B464', 'B738', 'B227', 'B525', 'B692', 'B290']",7.0,S57,1.83,14,4,18,0.0,,-0.524551,-12.424384,-12.948935,False,False,6,S57,True,2,0.1574,pickup,,,,,,,,,,,,,,,,,,,,,,,,,,,,,,,,,,,,,,,,,,,,,,,,,,,,
49,13,15,11,S57,False,14,4,18,14,0,0,0,0,0,"['B238', 'B152', 'B670', 'B245', 'B324', 'B34', 'B517', 'B698', 'B464', 'B738', 'B227', 'B525', 'B692', 'B290']",7.0,S35,0.73,0,4,4,0.0,,-1.465867,-12.277899,-13.743766,False,False,4,S35,False,2,0.1064,delivery,,,,,,,,,,,,,,,,,,,,,,,,,,,,,,,,,,,,,,,,,,,,,,,,,,,,
49,13,15,19,S35,False,0,4,4,0,9,0,0,0,0,"['B614', 'B31', 'B186', 'B232', 'B581', 'B760', 'B684', 'B487', 'B378']",4.5,S51,8.32,9,4,13,0.0,,-0.976439,-12.445023,-13.421462,False,False,6,S51,False,4,0.1619,pickup,,,,,,,,,,,,,,,,,,,,,,,,,,,,,,,,,,,,,,,,,,,,,,,,,,,,
49,13,15,32,S51,False,9,4,13,0,0,1,0,0,0,[],3.0,S52,4.66,9,4,13,0.0,,-0.588315,-12.376053,-12.964368,True,True,8,S19,True,2,0.2175,do_nothing+onsite,,,,,,,,,,,,,,,,,,,,,,,,,,,,,,,,,,,,,,,,,,,,,,,,,,,,
49,13,15,39,S52,False,9,4,13,9,0,0,0,0,0,"['B614', 'B31', 'B186', 'B232', 'B581', 'B760', 'B684', 'B487', 'B378']",4.5,S53,2.01,0,4,4,0.0,,-0.487296,-12.349637,-12.836933,False,False,4,S53,False,2,0.11,delivery,,,,,,,,,,,,,,,,,,,,,,,,,,,,,,,,,,,,,,,,,,,,,,,,,,,,
49,13,15,46,S53,False,0,4,4,0,0,0,0,0,0,[],0.0,S19,4.85,0,4,4,0.0,,-0.490541,-12.430197,-12.920738,False,False,6,S19,False,0,0.1639,do_nothing,,,,,,,,,,,,,,,,,,,,,,,,,,,,,,,,,,,,,,,,,,,,,,,,,,,,
49,13,15,51,S19,False,0,4,4,0,7,0,0,0,0,"['B258', 'B71', 'B304', 'B344', 'B342', 'B700', 'B207']",3.5,S51,1.21,7,4,11,0.0,,-0.685942,-12.399773,-13.085715,False,False,6,S51,False,2,0.1646,pickup,,,,,,,,,,,,,,,,,,,,,,,,,,,,,,,,,,,,,,,,,,,,,,,,,,,,
49,13,15,55,S51,False,7,4,11,7,0,0,0,0,0,"['B258', 'B71', 'B304', 'B344', 'B342', 'B700', 'B207']",3.5,S53,3.97,0,4,4,0.0,,-0.296692,-12.326609,-12.6233,False,False,4,S53,False,2,0.1096,delivery,,,,,,,,,,,,,,,,,,,,,,,,,,,,,,,,,,,,,,,,,,,,,,,,,,,,
49,13,16,3,S53,False,0,4,4,0,3,0,0,0,0,"['B579', 'B141', 'B407']",1.5,S37,3.02,3,4,7,0.0,,-0.324266,-12.327513,-12.651779,False,False,6,S37,False,4,0.1623,pickup,,,,,,,,,,,,,,,,,,,,,,,,,,,,,,,,,,,,,,,,,,,,,,,,,,,,
49,13,16,7,S37,False,3,4,7,0,13,0,0,0,0,"['B463', 'B212', 'B474', 'B439', 'B390', 'B396', 'B187', 'B317', 'B571', 'B233', 'B161', 'B472', 'B500']",6.5,S36,4.84,16,4,20,0.0,,-0.489367,-12.159769,-12.649136,False,False,4,S36,False,2,0.1175,pickup,,,,,,,,,,,,,,,,,,,,,,,,,,,,,,,,,,,,,,,,,,,,,,,,,,,,
49,13,16,19,S36,False,16,4,20,0,0,0,0,0,0,[],0.0,S38,6.19,16,4,20,0.0,,-0.426525,-12.328186,-12.754711,True,False,10,S38,True,0,0.2708,do_nothing,,,,,,,,,,,,,,,,,,,,,,,,,,,,,,,,,,,,,,,,,,,,,,,,,,,,
49,13,16,25,S38,False,16,4,20,10,0,0,0,0,0,"['B579', 'B141', 'B407', 'B463', 'B212', 'B474', 'B439', 'B390', 'B396', 'B187']",5.0,S4,1.95,6,4,10,0.0,,-0.162457,-12.251095,-12.413553,False,False,6,S4,False,2,0.1628,delivery,,,,,,,,,,,,,,,,,,,,,,,,,,,,,,,,,,,,,,,,,,,,,,,,,,,,
49,13,16,32,S4,False,6,4,10,0,0,0,0,0,0,[],0.0,S36,5.51,6,4,10,0.0,,-0.458317,-12.278246,-12.736563,False,False,4,D0,True,0,0.1156,do_nothing,,,,,,,,,,,,,,,,,,,,,,,,,,,,,,,,,,,,,,,,,,,,,,,,,,,,
49,13,16,37,S36,False,6,4,10,6,0,0,1,0,0,"['B341', 'B317', 'B571', 'B233', 'B161', 'B472', 'B500']",3.5,S16,3.43,0,5,5,0.0,,-0.06541,-12.118833,-12.184243,True,True,8,S16,False,6,0.2163,delivery+depot_removal,,,,,,,,,,,,,,,,,,,,,,,,,,,,,,,,,,,,,,,,,,,,,,,,,,,,
49,13,16,44,S16,False,0,5,5,0,7,0,0,0,0,"['B441', 'B203', 'B297', 'B69', 'B52', 'B694', 'B356']",3.5,S4,2.09,7,5,12,0.0,,-0.491609,-12.047005,-12.538614,False,False,6,S4,False,2,0.1649,pickup,,,,,,,,,,,,,,,,,,,,,,,,,,,,,,,,,,,,,,,,,,,,,,,,,,,,
49,13,16,50,S4,False,7,5,12,7,0,0,0,0,0,"['B441', 'B203', 'B297', 'B69', 'B52', 'B694', 'B356']",3.5,S60,2.11,0,5,5,0.0,,-0.390094,-12.07931,-12.469404,False,False,4,S60,False,2,0.1147,delivery,,,,,,,,,,,,,,,,,,,,,,,,,,,,,,,,,,,,,,,,,,,,,,,,,,,,
49,13,16,55,S60,False,0,5,5,0,0,1,0,0,0,[],3.0,S7,6.42,0,5,5,0.0,,-0.424527,-12.108324,-12.532851,True,True,8,S7,False,2,0.2134,do_nothing+onsite,,,,,,,,,,,,,,,,,,,,,,,,,,,,,,,,,,,,,,,,,,,,,,,,,,,,
49,13,17,5,S7,False,0,5,5,0,9,0,0,0,0,"['B41', 'B81', 'B678', 'B575', 'B50', 'B655', 'B155', 'B94', 'B61']",4.5,S23,2.31,9,5,14,0.0,,-0.358304,-12.147678,-12.505982,False,False,6,S40,True,4,0.1634,pickup,,,,,,,,,,,,,,,,,,,,,,,,,,,,,,,,,,,,,,,,,,,,,,,,,,,,
49,13,17,12,S23,False,9,5,14,9,0,0,0,0,0,"['B41', 'B81', 'B678', 'B575', 'B50', 'B655', 'B155', 'B94', 'B61']",4.5,S40,8.5,0,5,5,0.0,,-0.292388,-12.087782,-12.380169,False,False,6,S26,True,4,0.1624,delivery,,,,,,,,,,,,,,,,,,,,,,,,,,,,,,,,,,,,,,,,,,,,,,,,,,,,
49,13,17,25,S40,False,0,5,5,0,11,0,0,0,0,"['B286', 'B462', 'B757', 'B243', 'B488', 'B594', 'B32', 'B272', 'B629', 'B425', 'B78']",5.5,S56,3.75,11,5,16,0.0,,-0.260007,-12.096173,-12.35618,False,False,6,S55,True,4,0.1612,pickup,,,,,,,,,,,,,,,,,,,,,,,,,,,,,,,,,,,,,,,,,,,,,,,,,,,,
49,13,17,34,S56,False,11,5,16,9,0,0,0,0,0,"['B286', 'B462', 'B757', 'B243', 'B488', 'B594', 'B32', 'B272', 'B629']",4.5,S55,1.03,2,5,7,0.0,,0.0,-12.27686,-12.27686,False,False,6,S55,False,2,0.1591,delivery,,,,,,,,,,,,,,,,,,,,,,,,,,,,,,,,,,,,,,,,,,,,,,,,,,,,
49,13,17,39,S55,False,2,5,7,0,13,0,0,0,0,"['B621', 'B377', 'B627', 'B748', 'B493', 'B723', 'B734', 'B672', 'B650', 'B242', 'B415', 'B677', 'B741']",6.5,S45,2.56,15,5,20,0.0,,-0.131987,-12.357316,-12.489303,False,False,4,S45,False,2,0.1155,pickup,,,,,,,,,,,,,,,,,,,,,,,,,,,,,,,,,,,,,,,,,,,,,,,,,,,,
49,13,17,48,S45,False,15,5,20,0,0,1,0,0,0,[],3.0,S46,1.01,15,5,20,0.0,,-0.161638,-12.389678,-12.551316,True,True,8,S46,True,2,0.2171,do_nothing+onsite,,,,,,,,,,,,,,,,,,,,,,,,,,,,,,,,,,,,,,,,,,,,,,,,,,,,
49,13,17,52,S46,False,15,5,20,0,0,0,0,0,0,[],0.0,S45,1.01,15,5,20,0.0,,-0.066245,-12.295161,-12.361406,False,False,6,S45,True,0,0.1622,do_nothing,,,,,,,,,,,,,,,,,,,,,,,,,,,,,,,,,,,,,,,,,,,,,,,,,,,,
49,13,17,53,S45,False,15,5,20,9,0,0,0,0,0,"['B425', 'B78', 'B621', 'B377', 'B627', 'B748', 'B493', 'B723', 'B734']",4.5,S46,1.01,6,5,11,0.0,,-0.097459,-12.395073,-12.492532,False,False,4,S46,False,2,0.1088,delivery,,,,,,,,,,,,,,,,,,,,,,,,,,,,,,,,,,,,,,,,,,,,,,,,,,,,
49,13,17,59,S46,False,6,5,11,6,0,0,0,0,0,"['B672', 'B650', 'B242', 'B415', 'B677', 'B741']",3.0,S27,5.34,0,5,5,0.0,,0.0,-12.278443,-12.278443,False,False,4,S27,False,2,0.1099,delivery,,,,,,,,,,,,,,,,,,,,,,,,,,,,,,,,,,,,,,,,,,,,,,,,,,,,
49,13,18,7,S27,False,0,5,5,0,6,0,0,0,0,"['B656', 'B375', 'B630', 'B184', 'B726', 'B544']",3.0,S64,3.52,6,5,11,0.0,,-0.163538,-12.439523,-12.603061,False,False,6,S43,True,2,0.1627,pickup,,,,,,,,,,,,,,,,,,,,,,,,,,,,,,,,,,,,,,,,,,,,,,,,,,,,
49,13,18,14,S64,False,6,5,11,6,0,0,0,0,0,"['B656', 'B375', 'B630', 'B184', 'B726', 'B544']",3.0,S43,3.6,0,5,5,0.0,,-0.327636,-12.374277,-12.701914,False,False,4,S43,False,2,0.1088,delivery,,,,,,,,,,,,,,,,,,,,,,,,,,,,,,,,,,,,,,,,,,,,,,,,,,,,
49,13,18,20,S43,False,0,5,5,0,11,0,0,0,0,"['B606', 'B607', 'B220', 'B110', 'B511', 'B483', 'B559', 'B703', 'B295', 'B136', 'B436']",5.5,S42,8.57,11,5,16,0.0,,-0.098285,-12.48737,-12.585655,False,False,6,S42,False,4,0.1612,pickup,,,,,,,,,,,,,,,,,,,,,,,,,,,,,,,,,,,,,,,,,,,,,,,,,,,,
49,13,18,35,S42,False,11,5,16,0,0,0,0,0,0,[],0.0,S10,3.77,11,5,16,0.0,,-0.097535,-12.403929,-12.501464,False,False,6,S10,True,0,0.1756,do_nothing,,,,,,,,,,,,,,,,,,,,,,,,,,,,,,,,,,,,,,,,,,,,,,,,,,,,
49,13,18,38,S10,False,11,5,16,0,0,0,0,0,0,[],0.0,S59,6.95,11,5,16,0.0,,-0.164778,-12.387681,-12.552459,False,False,6,S29,True,0,0.1684,do_nothing,,,,,,,,,,,,,,,,,,,,,,,,,,,,,,,,,,,,,,,,,,,,,,,,,,,,
49,13,18,45,S59,False,11,5,16,11,0,0,0,0,0,"['B606', 'B607', 'B220', 'B110', 'B511', 'B483', 'B559', 'B703', 'B295', 'B136', 'B436']",5.5,S53,4.5,0,5,5,0.0,,-0.162868,-12.262811,-12.425679,False,False,4,S53,False,2,0.1139,delivery,,,,,,,,,,,,,,,,,,,,,,,,,,,,,,,,,,,,,,,,,,,,,,,,,,,,
49,13,18,55,S53,False,0,5,5,0,12,0,0,0,0,"['B134', 'B585', 'B26', 'B369', 'B39', 'B58', 'B111', 'B199', 'B766', 'B455', 'B626', 'B393']",6.0,S10,3.54,12,5,17,0.0,,-0.06591,-12.367248,-12.433158,False,False,6,S10,False,4,0.1652,pickup,,,,,,,,,,,,,,,,,,,,,,,,,,,,,,,,,,,,,,,,,,,,,,,,,,,,
49,13,19,5,S10,False,12,5,17,0,0,0,0,0,0,[],0.0,S47,8.42,12,5,17,0.0,,-0.128682,-12.394391,-12.523073,False,False,4,S47,False,0,0.1089,do_nothing,,,,,,,,,,,,,,,,,,,,,,,,,,,,,,,,,,,,,,,,,,,,,,,,,,,,
49,13,19,13,S47,False,12,5,17,0,0,0,0,0,0,[],0.0,S44,6.18,12,5,17,0.0,,-0.032955,-12.313504,-12.346459,False,False,4,S58,True,0,0.1133,do_nothing,,,,,,,,,,,,,,,,,,,,,,,,,,,,,,,,,,,,,,,,,,,,,,,,,,,,
49,13,19,19,S44,False,12,5,17,12,0,0,0,0,0,"['B134', 'B585', 'B26', 'B369', 'B39', 'B58', 'B111', 'B199', 'B766', 'B455', 'B626', 'B393']",6.0,S58,1.79,0,5,5,0.0,,-0.16213,-12.479704,-12.641834,False,False,4,S58,False,2,0.1119,delivery,,,,,,,,,,,,,,,,,,,,,,,,,,,,,,,,,,,,,,,,,,,,,,,,,,,,
49,13,19,27,S58,False,0,5,5,0,15,0,0,0,0,"['B604', 'B348', 'B235', 'B191', 'B671', 'B164', 'B641', 'B293', 'B508', 'B522', 'B586', 'B202', 'B413', 'B325', 'B218']",7.5,S47,5.06,15,5,20,0.0,,-0.194584,-12.52382,-12.718404,True,False,6,S47,False,4,0.1561,pickup,,,,,,,,,,,,,,,,,,,,,,,,,,,,,,,,,,,,,,,,,,,,,,,,,,,,
49,13,19,40,S47,False,15,5,20,0,0,0,0,0,0,[],0.0,D0,3.08,15,5,20,0.0,,-0.194342,-12.789531,-12.983873,False,False,2,D0,True,0,0.0842,do_nothing,,,,,,,,,,,,,,,,,,,,,,,,,,,,,,,,,,,,,,,,,,,,,,,,,,,,
49,13,19,43,D0,True,15,5,20,0,0,0,0,5,3,"['B75', 'B139', 'B224', 'B308', 'B526', 'B312', 'B685', 'B341']",4.0,D0,0.0,18,0,18,0.0,,-0.196236,-12.819908,-13.016144,True,True,1,D0,False,0,0.0498,do_nothing,,,,,,,,,,,,,,,,,,,,,,,,,,,,,,,,,,,,,,,,,,,,,,,,,,,,
49,14,6,2,D0,True,18,0,18,0,0,0,0,0,2,"['B418', 'B115']",1.0,S27,1.1,20,0,20,0.0,,-1.835575,-13.643688,-15.479263,True,True,1,S27,False,0,0.0272,load_queue,,,,,,,,,,,,,,,,,,,,,,,,,,,,,,,,,,,,,,,,,,,,,,,,,,,,
49,14,6,19,S27,False,20,0,20,18,0,0,0,0,0,"['B604', 'B348', 'B235', 'B191', 'B671', 'B164', 'B641', 'B293', 'B508', 'B522', 'B586', 'B202', 'B413', 'B325', 'B218', 'B75', 'B139', 'B224']",9.0,S37,4.19,2,0,2,0.0,,-2.427608,-13.629383,-16.056991,False,False,6,S15,True,2,0.1609,delivery,,,,,,,,,,,,,,,,,,,,,,,,,,,,,,,,,,,,,,,,,,,,,,,,,,,,
49,14,6,32,S37,False,2,0,2,0,18,0,0,0,0,"['B310', 'B279', 'B450', 'B405', 'B81', 'B566', 'B147', 'B518', 'B389', 'B501', 'B421', 'B16', 'B159', 'B663', 'B333', 'B438', 'B260', 'B230']",9.0,S51,4.67,20,0,20,0.0,,-1.736934,-13.62073,-15.357664,False,False,4,S51,False,2,0.1126,pickup,,,,,,,,,,,,,,,,,,,,,,,,,,,,,,,,,,,,,,,,,,,,,,,,,,,,
49,14,6,46,S51,False,20,0,20,17,0,1,0,0,0,"['B418', 'B115', 'B310', 'B279', 'B450', 'B405', 'B81', 'B566', 'B147', 'B518', 'B389', 'B501', 'B421', 'B16', 'B159', 'B663', 'B333']",11.5,S44,3.83,3,0,3,0.0,,-1.40214,-13.608355,-15.010495,True,True,12,S44,False,6,0.3307,delivery+onsite,,,,,,,,,,,,,,,,,,,,,,,,,,,,,,,,,,,,,,,,,,,,,,,,,,,,
49,14,7,1,S44,False,3,0,3,0,7,0,0,0,0,"['B373', 'B134', 'B585', 'B26', 'B369', 'B39', 'B58']",3.5,S38,3.16,10,0,10,0.0,,-1.108973,-13.573645,-14.682618,False,False,6,S38,False,2,0.1616,pickup,,,,,,,,,,,,,,,,,,,,,,,,,,,,,,,,,,,,,,,,,,,,,,,,,,,,
49,14,7,8,S38,False,10,0,10,0,10,0,0,0,0,"['B439', 'B390', 'B396', 'B187', 'B414', 'B743', 'B579', 'B464', 'B456', 'B208']",5.0,S26,9.12,20,0,20,0.0,,-1.109729,-13.464791,-14.57452,False,False,4,S26,False,2,0.1075,pickup,,,,,,,,,,,,,,,,,,,,,,,,,,,,,,,,,,,,,,,,,,,,,,,,,,,,
49,14,7,22,S26,False,20,0,20,0,0,0,0,0,0,[],0.0,S15,2.8,20,0,20,0.0,,-1.43596,-13.549047,-14.985006,False,False,6,S15,False,0,0.1585,do_nothing,,,,,,,,,,,,,,,,,,,,,,,,,,,,,,,,,,,,,,,,,,,,,,,,,,,,
49,14,7,25,S15,False,20,0,20,16,0,0,0,0,0,"['B438', 'B260', 'B230', 'B373', 'B134', 'B585', 'B26', 'B369', 'B39', 'B58', 'B439', 'B390', 'B396', 'B187', 'B414', 'B743']",8.0,S33,3.7,4,0,4,0.0,,-1.140767,-13.525724,-14.666491,False,False,6,S26,True,2,0.1623,delivery,,,,,,,,,,,,,,,,,,,,,,,,,,,,,,,,,,,,,,,,,,,,,,,,,,,,
49,14,7,36,S33,False,4,0,4,0,0,0,0,0,0,[],0.0,S52,0.73,4,0,4,0.0,,-1.632428,-13.53203,-15.164459,False,False,6,S40,True,0,0.1616,do_nothing,,,,,,,,,,,,,,,,,,,,,,,,,,,,,,,,,,,,,,,,,,,,,,,,,,,,
49,14,7,37,S52,False,4,0,4,0,13,0,0,0,0,"['B378', 'B662', 'B334', 'B30', 'B328', 'B763', 'B731', 'B434', 'B38', 'B542', 'B29', 'B343', 'B561']",6.5,S26,7.0,17,0,17,0.0,,-1.374463,-13.326894,-14.701356,False,False,6,S26,False,4,0.1569,pickup,,,,,,,,,,,,,,,,,,,,,,,,,,,,,,,,,,,,,,,,,,,,,,,,,,,,
49,14,7,51,S26,False,17,0,17,17,0,0,0,0,0,"['B579', 'B464', 'B456', 'B208', 'B378', 'B662', 'B334', 'B30', 'B328', 'B763', 'B731', 'B434', 'B38', 'B542', 'B29', 'B343', 'B561']",8.5,S3,8.28,0,0,0,0.0,,-0.815726,-13.490565,-14.306291,False,False,4,S7,True,2,0.1083,delivery,,,,,,,,,,,,,,,,,,,,,,,,,,,,,,,,,,,,,,,,,,,,,,,,,,,,
49,14,8,7,S3,False,0,0,0,0,0,0,0,0,0,[],0.0,S29,3.51,0,0,0,0.0,,-0.844861,-13.478975,-14.323837,False,False,6,S29,True,0,0.1641,do_nothing,,,,,,,,,,,,,,,,,,,,,,,,,,,,,,,,,,,,,,,,,,,,,,,,,,,,
49,14,8,11,S29,False,0,0,0,0,19,0,0,0,0,"['B65', 'B470', 'B142', 'B67', 'B363', 'B531', 'B722', 'B420', 'B575', 'B93', 'B736', 'B348', 'B604', 'B655', 'B346', 'B687', 'B375', 'B72', 'B283']",9.5,S40,3.08,19,0,19,0.0,,-0.649272,-13.609054,-14.258327,False,False,6,S1,True,4,0.1602,pickup,,,,,,,,,,,,,,,,,,,,,,,,,,,,,,,,,,,,,,,,,,,,,,,,,,,,
49,14,8,24,S40,False,19,0,19,12,0,0,0,0,0,"['B65', 'B470', 'B142', 'B67', 'B363', 'B531', 'B722', 'B420', 'B575', 'B93', 'B736', 'B348']",6.0,S33,1.51,7,0,7,0.0,,-0.586516,-13.527725,-14.114241,False,False,6,S55,True,2,0.1626,delivery,,,,,,,,,,,,,,,,,,,,,,,,,,,,,,,,,,,,,,,,,,,,,,,,,,,,
49,14,8,31,S33,False,7,0,7,0,13,0,0,0,0,"['B133', 'B141', 'B706', 'B64', 'B407', 'B463', 'B569', 'B570', 'B534', 'B15', 'B644', 'B660', 'B631']",6.5,S55,3.28,20,0,20,0.0,,-1.139051,-13.363083,-14.502134,False,False,4,S55,False,2,0.1095,pickup,,,,,,,,,,,,,,,,,,,,,,,,,,,,,,,,,,,,,,,,,,,,,,,,,,,,
49,14,8,41,S55,False,20,0,20,16,0,0,0,0,0,"['B604', 'B655', 'B346', 'B687', 'B375', 'B72', 'B283', 'B133', 'B141', 'B706', 'B64', 'B407', 'B463', 'B569', 'B570', 'B534']",8.0,S1,3.22,4,0,4,0.0,,-0.846586,-13.251958,-14.098544,False,False,6,S1,False,2,0.1579,delivery,,,,,,,,,,,,,,,,,,,,,,,,,,,,,,,,,,,,,,,,,,,,,,,,,,,,
49,14,8,52,S1,False,4,0,4,0,0,0,0,0,0,[],0.0,S45,5.76,4,0,4,0.0,,-0.878321,-13.239895,-14.118216,False,False,4,S20,True,0,0.1082,do_nothing,,,,,,,,,,,,,,,,,,,,,,,,,,,,,,,,,,,,,,,,,,,,,,,,,,,,
49,14,8,58,S45,False,4,0,4,0,0,0,0,0,0,[],0.0,S1,5.76,4,0,4,0.0,,-0.684187,-13.277789,-13.961976,False,False,4,S1,False,0,0.1048,do_nothing,,,,,,,,,,,,,,,,,,,,,,,,,,,,,,,,,,,,,,,,,,,,,,,,,,,,
49,14,9,4,S1,False,4,0,4,0,0,0,0,0,0,[],0.0,S39,11.64,4,0,4,0.0,,-0.720796,-13.202614,-13.92341,False,False,4,S42,True,0,0.1064,do_nothing,,,,,,,,,,,,,,,,,,,,,,,,,,,,,,,,,,,,,,,,,,,,,,,,,,,,
49,14,9,15,S39,False,4,0,4,0,16,0,0,0,0,"['B610', 'B229', 'B172', 'B667', 'B440', 'B611', 'B225', 'B578', 'B10', 'B114', 'B497', 'B281', 'B753', 'B721', 'B246', 'B305']",8.0,S65,5.08,20,0,20,0.0,,-0.617323,-13.323517,-13.94084,False,False,4,S65,False,2,0.1065,pickup,,,,,,,,,,,,,,,,,,,,,,,,,,,,,,,,,,,,,,,,,,,,,,,,,,,,
49,14,9,28,S65,False,20,0,20,15,0,0,0,0,0,"['B15', 'B644', 'B660', 'B631', 'B610', 'B229', 'B172', 'B667', 'B440', 'B611', 'B225', 'B578', 'B10', 'B114', 'B497']",7.5,S22,1.36,5,0,5,0.0,,-0.682232,-13.574116,-14.256349,False,False,6,S22,False,4,0.1632,delivery,,,,,,,,,,,,,,,,,,,,,,,,,,,,,,,,,,,,,,,,,,,,,,,,,,,,
49,14,9,37,S22,False,5,0,5,5,0,0,0,0,0,"['B281', 'B753', 'B721', 'B246', 'B305']",2.5,S37,7.12,0,0,0,0.0,,-0.486485,-13.661891,-14.148376,False,False,4,S37,False,2,0.1088,delivery,,,,,,,,,,,,,,,,,,,,,,,,,,,,,,,,,,,,,,,,,,,,,,,,,,,,
49,14,9,47,S37,False,0,0,0,0,19,0,0,0,0,"['B494', 'B392', 'B232', 'B124', 'B340', 'B422', 'B594', 'B259', 'B298', 'B500', 'B498', 'B158', 'B330', 'B533', 'B212', 'B576', 'B503', 'B716', 'B697']",9.5,S58,0.71,19,0,19,0.0,,-1.009313,-13.563316,-14.572629,False,False,6,S58,False,4,0.1834,pickup,,,,,,,,,,,,,,,,,,,,,,,,,,,,,,,,,,,,,,,,,,,,,,,,,,,,
49,14,9,57,S58,False,19,0,19,12,0,0,2,0,0,"['B193', 'B535', 'B494', 'B392', 'B232', 'B124', 'B340', 'B422', 'B594', 'B259', 'B298', 'B500', 'B498', 'B158']",7.0,S44,1.79,7,2,9,0.0,,-1.401033,-13.764125,-15.165157,True,True,16,S44,False,8,0.4563,delivery+depot_removal,,,,,,,,,,,,,,,,,,,,,,,,,,,,,,,,,,,,,,,,,,,,,,,,,,,,
49,14,10,6,S44,False,7,2,9,0,11,0,0,0,0,"['B393', 'B45', 'B590', 'B366', 'B454', 'B400', 'B632', 'B562', 'B353', 'B345', 'B24']",5.5,S46,1.44,18,2,20,0.0,,-1.005468,-13.739868,-14.745336,False,False,6,S46,True,4,0.1763,pickup,,,,,,,,,,,,,,,,,,,,,,,,,,,,,,,,,,,,,,,,,,,,,,,,,,,,
49,14,10,13,S46,False,18,2,20,17,0,0,1,0,0,"['B355', 'B330', 'B533', 'B212', 'B576', 'B503', 'B716', 'B697', 'B393', 'B45', 'B590', 'B366', 'B454', 'B400', 'B632', 'B562', 'B353', 'B345']",9.0,S53,0.87,1,3,4,0.0,,-1.005313,-13.67957,-14.684883,True,True,10,S53,True,4,0.2688,delivery+depot_removal,,,,,,,,,,,,,,,,,,,,,,,,,,,,,,,,,,,,,,,,,,,,,,,,,,,,
49,14,10,23,S53,False,1,3,4,0,16,0,0,0,0,"['B130', 'B231', 'B263', 'B554', 'B679', 'B248', 'B727', 'B481', 'B179', 'B154', 'B116', 'B517', 'B44', 'B327', 'B479', 'B461']",8.0,S29,3.88,17,3,20,0.0,,-1.10701,-13.54577,-14.65278,False,False,4,S29,False,2,0.1065,pickup,,,,,,,,,,,,,,,,,,,,,,,,,,,,,,,,,,,,,,,,,,,,,,,,,,,,
49,14,10,34,S29,False,17,3,20,17,0,0,0,0,0,"['B24', 'B130', 'B231', 'B263', 'B554', 'B679', 'B248', 'B727', 'B481', 'B179', 'B154', 'B116', 'B517', 'B44', 'B327', 'B479', 'B461']",8.5,S1,2.42,0,3,3,0.0,,-0.783651,-13.509442,-14.293093,False,False,4,S1,False,2,0.1063,delivery,,,,,,,,,,,,,,,,,,,,,,,,,,,,,,,,,,,,,,,,,,,,,,,,,,,,
49,14,10,45,S1,False,0,3,3,0,15,0,0,0,0,"['B618', 'B269', 'B549', 'B649', 'B478', 'B639', 'B287', 'B432', 'B398', 'B638', 'B581', 'B760', 'B472', 'B13', 'B32']",7.5,S11,2.67,15,3,18,0.0,,-0.917109,-13.564547,-14.481655,False,False,4,S57,True,2,0.1079,pickup,,,,,,,,,,,,,,,,,,,,,,,,,,,,,,,,,,,,,,,,,,,,,,,,,,,,
49,14,10,56,S11,False,15,3,18,13,0,0,0,0,0,"['B618', 'B269', 'B549', 'B649', 'B478', 'B639', 'B287', 'B432', 'B398', 'B638', 'B581', 'B760', 'B472']",6.5,S52,9.28,2,3,5,0.0,,-0.881274,-13.379754,-14.261028,False,False,6,S52,False,2,0.1663,delivery,,,,,,,,,,,,,,,,,,,,,,,,,,,,,,,,,,,,,,,,,,,,,,,,,,,,
49,14,11,11,S52,False,2,3,5,0,11,0,0,0,0,"['B647', 'B101', 'B700', 'B747', 'B347', 'B488', 'B265', 'B710', 'B659', 'B624', 'B183']",5.5,S12,6.66,13,3,16,0.0,,-0.424782,-13.337523,-13.762305,False,False,6,S33,True,2,0.166,pickup,,,,,,,,,,,,,,,,,,,,,,,,,,,,,,,,,,,,,,,,,,,,,,,,,,,,
49,14,11,23,S12,False,13,3,16,13,0,0,1,0,0,"['B253', 'B13', 'B32', 'B647', 'B101', 'B700', 'B747', 'B347', 'B488', 'B265', 'B710', 'B659', 'B624', 'B183']",7.0,S33,6.96,0,4,4,0.0,,-0.752282,-13.484712,-14.236995,True,True,8,S33,False,6,0.2052,delivery+depot_removal,,,,,,,,,,,,,,,,,,,,,,,,,,,,,,,,,,,,,,,,,,,,,,,,,,,,
49,14,11,37,S33,False,0,4,4,0,16,0,0,0,0,"['B553', 'B120', 'B115', 'B255', 'B650', 'B145', 'B608', 'B696', 'B677', 'B607', 'B504', 'B21', 'B220', 'B204', 'B688', 'B350']",8.0,S29,4.32,16,4,20,0.0,,-0.454261,-13.67701,-14.131271,False,False,4,S29,False,2,0.1085,pickup,,,,,,,,,,,,,,,,,,,,,,,,,,,,,,,,,,,,,,,,,,,,,,,,,,,,
49,14,11,50,S29,False,16,4,20,16,0,0,0,0,0,"['B553', 'B120', 'B115', 'B255', 'B650', 'B145', 'B608', 'B696', 'B677', 'B607', 'B504', 'B21', 'B220', 'B204', 'B688', 'B350']",8.0,S49,8.87,0,4,4,0.0,,-0.555362,-13.352957,-13.90832,False,False,6,S50,True,2,0.1743,delivery,,,,,,,,,,,,,,,,,,,,,,,,,,,,,,,,,,,,,,,,,,,,,,,,,,,,
49,14,12,7,S49,False,0,4,4,0,13,0,0,0,0,"['B25', 'B543', 'B80', 'B0', 'B388', 'B757', 'B411', 'B286', 'B6', 'B122', 'B384', 'B698', 'B416']",6.5,S15,6.4,13,4,17,0.0,,-1.074233,-13.407203,-14.481436,False,False,6,S15,True,2,0.1607,pickup,,,,,,,,,,,,,,,,,,,,,,,,,,,,,,,,,,,,,,,,,,,,,,,,,,,,
49,14,12,20,S15,False,13,4,17,13,0,0,0,0,0,"['B25', 'B543', 'B80', 'B0', 'B388', 'B757', 'B411', 'B286', 'B6', 'B122', 'B384', 'B698', 'B416']",6.5,S25,10.79,0,4,4,0.0,,-0.486549,-13.365956,-13.852505,False,False,4,S25,False,2,0.1058,delivery,,,,,,,,,,,,,,,,,,,,,,,,,,,,,,,,,,,,,,,,,,,,,,,,,,,,
49,14,12,37,S25,False,0,4,4,0,14,0,0,0,0,"['B705', 'B236', 'B303', 'B509', 'B153', 'B3', 'B338', 'B82', 'B364', 'B349', 'B541', 'B665', 'B707', 'B719']",7.0,S50,14.92,14,4,18,0.0,,-1.49514,-13.495011,-14.990151,False,False,6,S28,True,2,0.186,pickup,,,,,,,,,,,,,,,,,,,,,,,,,,,,,,,,,,,,,,,,,,,,,,,,,,,,
49,14,12,59,S50,False,14,4,18,14,0,1,0,0,0,"['B705', 'B236', 'B303', 'B509', 'B153', 'B3', 'B338', 'B82', 'B364', 'B349', 'B541', 'B665', 'B707', 'B719']",10.0,S41,8.63,0,4,4,0.0,,-1.560214,-13.122154,-14.682369,True,True,8,S41,False,6,0.2146,delivery+onsite,,,,,,,,,,,,,,,,,,,,,,,,,,,,,,,,,,,,,,,,,,,,,,,,,,,,
49,14,13,17,S41,False,0,4,4,0,12,0,0,0,0,"['B708', 'B718', 'B392', 'B533', 'B232', 'B258', 'B612', 'B321', 'B706', 'B494', 'B32', 'B390']",6.0,S13,7.37,12,4,16,0.0,,-1.950619,-13.393795,-15.344414,False,False,6,S13,False,4,0.1584,pickup,,,,,,,,,,,,,,,,,,,,,,,,,,,,,,,,,,,,,,,,,,,,,,,,,,,,
49,14,13,31,S13,False,12,4,16,12,0,0,0,0,0,"['B708', 'B718', 'B392', 'B533', 'B232', 'B258', 'B612', 'B321', 'B706', 'B494', 'B32', 'B390']",6.0,S28,5.08,0,4,4,0.0,,-2.476409,-12.814979,-15.291389,False,False,4,S28,False,2,0.1216,delivery,,,,,,,,,,,,,,,,,,,,,,,,,,,,,,,,,,,,,,,,,,,,,,,,,,,,
49,14,13,42,S28,False,0,4,4,0,0,0,1,0,0,['B216'],0.5,S66,8.95,0,5,5,0.0,,-1.405349,-12.71893,-14.12428,True,True,20,S25,True,2,0.5257,do_nothing+depot_removal,,,,,,,,,,,,,,,,,,,,,,,,,,,,,,,,,,,,,,,,,,,,,,,,,,,,
49,14,13,51,S66,False,0,5,5,0,15,0,0,0,0,"['B425', 'B116', 'B78', 'B621', 'B67', 'B267', 'B736', 'B546', 'B358', 'B120', 'B76', 'B295', 'B599', 'B94', 'B58']",7.5,S29,6.29,15,5,20,0.0,,-2.57253,-13.031133,-15.603663,False,False,4,S29,False,2,0.1131,pickup,,,,,,,,,,,,,,,,,,,,,,,,,,,,,,,,,,,,,,,,,,,,,,,,,,,,
49,14,14,5,S29,False,15,5,20,15,0,0,0,0,0,"['B425', 'B116', 'B78', 'B621', 'B67', 'B267', 'B736', 'B546', 'B358', 'B120', 'B76', 'B295', 'B599', 'B94', 'B58']",7.5,S8,9.44,0,5,5,0.0,,-2.292351,-12.797162,-15.089513,False,False,4,S8,False,2,0.1064,delivery,,,,,,,,,,,,,,,,,,,,,,,,,,,,,,,,,,,,,,,,,,,,,,,,,,,,
49,14,14,22,S8,False,0,5,5,0,12,0,0,0,0,"['B749', 'B335', 'B37', 'B9', 'B540', 'B401', 'B714', 'B547', 'B380', 'B466', 'B530', 'B712']",6.0,S42,6.33,12,5,17,0.0,,-1.802398,-12.956637,-14.759035,False,False,6,S42,False,4,0.1578,pickup,,,,,,,,,,,,,,,,,,,,,,,,,,,,,,,,,,,,,,,,,,,,,,,,,,,,
49,14,14,34,S42,False,12,5,17,12,0,0,0,0,0,"['B749', 'B335', 'B37', 'B9', 'B540', 'B401', 'B714', 'B547', 'B380', 'B466', 'B530', 'B712']",6.0,S12,10.97,0,5,5,0.0,,-1.699999,-12.76822,-14.468219,False,False,4,S12,False,2,0.1043,delivery,,,,,,,,,,,,,,,,,,,,,,,,,,,,,,,,,,,,,,,,,,,,,,,,,,,,
49,14,14,51,S12,False,0,5,5,0,15,0,0,0,0,"['B659', 'B624', 'B183', 'B405', 'B63', 'B742', 'B666', 'B367', 'B211', 'B396', 'B55', 'B128', 'B275', 'B223', 'B347']",7.5,S54,8.01,15,5,20,0.0,,-1.627634,-12.844611,-14.472245,False,False,4,S54,False,2,0.1159,pickup,,,,,,,,,,,,,,,,,,,,,,,,,,,,,,,,,,,,,,,,,,,,,,,,,,,,
49,14,15,7,S54,False,15,5,20,15,0,1,0,0,0,"['B659', 'B624', 'B183', 'B405', 'B63', 'B742', 'B666', 'B367', 'B211', 'B396', 'B55', 'B128', 'B275', 'B223', 'B347']",10.5,S44,3.95,0,5,5,0.0,,-1.107537,-12.798739,-13.906276,True,True,12,S26,True,10,0.3211,delivery+onsite,,,,,,,,,,,,,,,,,,,,,,,,,,,,,,,,,,,,,,,,,,,,,,,,,,,,
49,14,15,21,S44,False,0,5,5,0,13,0,0,0,0,"['B72', 'B342', 'B296', 'B604', 'B237', 'B188', 'B273', 'B52', 'B148', 'B554', 'B272', 'B425', 'B7']",6.5,S26,7.72,13,5,18,0.0,,-0.716193,-12.468645,-13.184838,False,False,6,S26,True,2,0.1601,pickup,,,,,,,,,,,,,,,,,,,,,,,,,,,,,,,,,,,,,,,,,,,,,,,,,,,,
49,14,15,35,S26,False,13,5,18,13,0,0,0,0,0,"['B72', 'B342', 'B296', 'B604', 'B237', 'B188', 'B273', 'B52', 'B148', 'B554', 'B272', 'B425', 'B7']",6.5,S28,8.54,0,5,5,0.0,,-1.559806,-12.645027,-14.204833,False,False,4,S28,False,2,0.1111,delivery,,,,,,,,,,,,,,,,,,,,,,,,,,,,,,,,,,,,,,,,,,,,,,,,,,,,
49,14,15,51,S28,False,0,5,5,0,15,0,0,0,0,"['B480', 'B532', 'B680', 'B761', 'B406', 'B118', 'B489', 'B221', 'B103', 'B226', 'B443', 'B551', 'B162', 'B125', 'B336']",7.5,S35,14.76,15,5,20,0.0,,-1.729931,-12.492147,-14.222078,True,False,8,S65,True,4,0.2205,pickup,,,,,,,,,,,,,,,,,,,,,,,,,,,,,,,,,,,,,,,,,,,,,,,,,,,,
49,14,16,13,S35,False,15,5,20,12,0,0,1,0,0,"['B78', 'B480', 'B532', 'B680', 'B761', 'B406', 'B118', 'B489', 'B221', 'B103', 'B226', 'B443', 'B551']",6.5,S51,8.32,3,6,9,0.0,,-0.879463,-12.346774,-13.226236,True,True,10,S51,False,4,0.2724,delivery+depot_removal,,,,,,,,,,,,,,,,,,,,,,,,,,,,,,,,,,,,,,,,,,,,,,,,,,,,
49,14,16,28,S51,False,3,6,9,0,11,0,0,0,0,"['B590', 'B716', 'B629', 'B467', 'B16', 'B320', 'B569', 'B185', 'B31', 'B727', 'B171']",5.5,S37,4.67,14,6,20,0.0,,-0.780669,-12.341659,-13.122327,False,False,4,S37,False,2,0.1185,pickup,,,,,,,,,,,,,,,,,,,,,,,,,,,,,,,,,,,,,,,,,,,,,,,,,,,,
49,14,16,38,S37,False,14,6,20,0,0,1,0,0,0,[],3.0,S15,4.99,14,6,20,0.0,,-0.817603,-12.300959,-13.118562,True,True,12,S15,False,2,0.3204,do_nothing+onsite,,,,,,,,,,,,,,,,,,,,,,,,,,,,,,,,,,,,,,,,,,,,,,,,,,,,
49,14,16,46,S15,False,14,6,20,12,0,0,0,0,0,"['B162', 'B125', 'B336', 'B590', 'B716', 'B629', 'B467', 'B16', 'B320', 'B569', 'B185', 'B31']",6.0,S31,3.53,2,6,8,0.0,,-0.523645,-12.574729,-13.098375,False,False,6,S26,True,2,0.1612,delivery,,,,,,,,,,,,,,,,,,,,,,,,,,,,,,,,,,,,,,,,,,,,,,,,,,,,
49,14,16,55,S31,False,2,6,8,0,12,0,0,0,0,"['B259', 'B140', 'B642', 'B104', 'B755', 'B313', 'B263', 'B326', 'B593', 'B717', 'B639', 'B481']",6.0,S61,1.01,14,6,20,0.0,,-0.976167,-12.591645,-13.567813,False,False,4,S65,True,2,0.1164,pickup,,,,,,,,,,,,,,,,,,,,,,,,,,,,,,,,,,,,,,,,,,,,,,,,,,,,
49,14,17,2,S61,False,14,6,20,9,0,1,0,0,0,"['B727', 'B171', 'B259', 'B140', 'B642', 'B104', 'B755', 'B313', 'B263']",7.5,S66,1.13,5,6,11,0.0,,-0.980299,-12.337728,-13.318027,True,True,12,S14,True,6,0.3427,delivery+onsite,,,,,,,,,,,,,,,,,,,,,,,,,,,,,,,,,,,,,,,,,,,,,,,,,,,,
49,14,17,11,S66,False,5,6,11,0,9,0,0,0,0,"['B464', 'B208', 'B305', 'B477', 'B528', 'B131', 'B655', 'B351', 'B197']",4.5,S24,6.55,14,6,20,0.0,,-0.810164,-12.312733,-13.122898,False,False,4,S24,False,2,0.1102,pickup,,,,,,,,,,,,,,,,,,,,,,,,,,,,,,,,,,,,,,,,,,,,,,,,,,,,
49,14,17,22,S24,False,14,6,20,14,0,0,0,0,0,"['B326', 'B593', 'B717', 'B639', 'B481', 'B464', 'B208', 'B305', 'B477', 'B528', 'B131', 'B655', 'B351', 'B197']",7.0,S65,5.83,0,6,6,0.0,,-0.553148,-12.330206,-12.883354,False,False,6,S10,True,4,0.1624,delivery,,,,,,,,,,,,,,,,,,,,,,,,,,,,,,,,,,,,,,,,,,,,,,,,,,,,
49,14,17,35,S65,False,0,6,6,0,14,0,0,0,0,"['B669', 'B298', 'B302', 'B249', 'B330', 'B522', 'B708', 'B679', 'B25', 'B500', 'B469', 'B363', 'B139', 'B520']",7.0,S10,8.22,14,6,20,0.0,,-0.520522,-12.427959,-12.948481,False,False,6,S10,True,2,0.1623,pickup,,,,,,,,,,,,,,,,,,,,,,,,,,,,,,,,,,,,,,,,,,,,,,,,,,,,
49,14,17,50,S10,False,14,6,20,11,0,0,0,0,0,"['B669', 'B298', 'B302', 'B249', 'B330', 'B522', 'B708', 'B679', 'B25', 'B500', 'B469']",5.5,S54,1.21,3,6,9,0.0,,-0.26149,-12.448422,-12.709912,False,False,6,S54,True,4,0.1838,delivery,,,,,,,,,,,,,,,,,,,,,,,,,,,,,,,,,,,,,,,,,,,,,,,,,,,,
49,14,17,57,S54,False,3,6,9,0,0,1,0,0,0,[],3.0,S48,6.34,3,6,9,0.0,,-0.098371,-12.301098,-12.399469,True,True,12,S56,True,2,0.3303,do_nothing+onsite,,,,,,,,,,,,,,,,,,,,,,,,,,,,,,,,,,,,,,,,,,,,,,,,,,,,
49,14,18,6,S48,False,3,6,9,0,10,0,0,0,0,"['B646', 'B501', 'B412', 'B288', 'B643', 'B455', 'B279', 'B742', 'B625', 'B562']",5.0,S29,7.68,13,6,19,0.0,,-0.654492,-12.468159,-13.122652,False,False,6,S29,True,4,0.1589,pickup,,,,,,,,,,,,,,,,,,,,,,,,,,,,,,,,,,,,,,,,,,,,,,,,,,,,
49,14,18,19,S29,False,13,6,19,13,0,0,0,0,0,"['B363', 'B139', 'B520', 'B646', 'B501', 'B412', 'B288', 'B643', 'B455', 'B279', 'B742', 'B625', 'B562']",6.5,S35,1.95,0,6,6,0.0,,-0.424444,-12.43674,-12.861184,False,False,4,S35,False,2,0.1088,delivery,,,,,,,,,,,,,,,,,,,,,,,,,,,,,,,,,,,,,,,,,,,,,,,,,,,,
49,14,18,27,S35,False,0,6,6,0,10,0,0,0,0,"['B406', 'B118', 'B489', 'B221', 'B103', 'B226', 'B443', 'B551', 'B766', 'B211']",5.0,S25,16.43,10,6,16,0.0,,-0.391654,-12.371283,-12.762937,False,False,6,S25,False,4,0.1567,pickup,,,,,,,,,,,,,,,,,,,,,,,,,,,,,,,,,,,,,,,,,,,,,,,,,,,,
49,14,18,49,S25,False,10,6,16,10,0,0,0,0,0,"['B406', 'B118', 'B489', 'B221', 'B103', 'B226', 'B443', 'B551', 'B766', 'B211']",5.0,S22,5.77,0,6,6,0.0,,-0.162451,-12.075725,-12.238176,False,False,4,S22,False,2,0.1186,delivery,,,,,,,,,,,,,,,,,,,,,,,,,,,,,,,,,,,,,,,,,,,,,,,,,,,,
49,14,18,59,S22,False,0,6,6,0,8,1,0,0,0,"['B668', 'B545', 'B558', 'B126', 'B55', 'B275', 'B658', 'B116']",7.0,S65,1.36,8,6,14,0.0,,-0.358523,-12.034513,-12.393036,True,True,12,S65,False,6,0.3371,pickup+onsite,,,,,,,,,,,,,,,,,,,,,,,,,,,,,,,,,,,,,,,,,,,,,,,,,,,,
49,14,19,8,S65,False,8,6,14,0,6,0,0,0,0,"['B207', 'B359', 'B381', 'B191', 'B201', 'B699']",3.0,S14,10.47,14,6,20,0.0,,-0.295194,-12.018636,-12.31383,False,False,4,S14,False,2,0.1173,pickup,,,,,,,,,,,,,,,,,,,,,,,,,,,,,,,,,,,,,,,,,,,,,,,,,,,,
49,14,19,21,S14,False,14,6,20,7,0,1,0,0,0,"['B668', 'B545', 'B558', 'B126', 'B55', 'B275', 'B658']",6.5,S11,2.55,7,6,13,0.0,,-0.065662,-11.991644,-12.057306,True,True,12,S37,True,10,0.3247,delivery+onsite,,,,,,,,,,,,,,,,,,,,,,,,,,,,,,,,,,,,,,,,,,,,,,,,,,,,
49,14,19,30,S11,False,7,6,13,0,0,0,0,0,0,[],0.0,S46,8.63,7,6,13,0.0,,-0.225728,-12.084834,-12.310561,False,False,4,S46,False,0,0.1329,do_nothing,,,,,,,,,,,,,,,,,,,,,,,,,,,,,,,,,,,,,,,,,,,,,,,,,,,,
49,14,19,39,S46,False,7,6,13,0,7,0,0,0,0,"['B677', 'B701', 'B693', 'B297', 'B5', 'B560', 'B178']",3.5,S18,4.15,14,6,20,0.0,,-0.098206,-12.099828,-12.198034,False,False,4,S18,False,2,0.1131,pickup,,,,,,,,,,,,,,,,,,,,,,,,,,,,,,,,,,,,,,,,,,,,,,,,,,,,
49,14,19,47,S18,False,14,6,20,9,0,0,0,0,0,"['B116', 'B207', 'B359', 'B381', 'B191', 'B201', 'B699', 'B677', 'B701']",4.5,D0,1.79,5,6,11,0.0,,-0.065495,-12.133598,-12.199093,True,False,5,D0,True,1,0.2188,delivery,,,,,,,,,,,,,,,,,,,,,,,,,,,,,,,,,,,,,,,,,,,,,,,,,,,,
49,14,19,53,D0,True,5,6,11,0,0,0,0,6,13,"['B690', 'B169', 'B482', 'B319', 'B512', 'B70', 'B165', 'B654', 'B308', 'B526', 'B312', 'B685', 'B341', 'B193', 'B535', 'B355', 'B253', 'B216', 'B78']",9.5,D0,0.0,18,0,18,0.0,,-0.162945,-12.142084,-12.305029,True,True,1,D0,False,0,0.0499,do_nothing,,,,,,,,,,,,,,,,,,,,,,,,,,,,,,,,,,,,,,,,,,,,,,,,,,,,
49,15,6,2,D0,True,18,0,18,0,0,0,0,0,0,[],0.0,S62,0.46,18,0,18,0.0,,-2.4769,-13.214362,-15.691261,True,True,1,S62,False,0,0.0275,depot_passthrough,,,,,,,,,,,,,,,,,,,,,,,,,,,,,,,,,,,,,,,,,,,,,,,,,,,,
49,15,6,18,S62,False,18,0,18,13,0,0,0,0,0,"['B693', 'B297', 'B5', 'B560', 'B178', 'B690', 'B169', 'B482', 'B319', 'B512', 'B70', 'B165', 'B654']",6.5,S46,2.76,5,0,5,0.0,,-2.184889,-13.322085,-15.506974,False,False,6,S65,True,4,0.1616,delivery,,,,,,,,,,,,,,,,,,,,,,,,,,,,,,,,,,,,,,,,,,,,,,,,,,,,
49,15,6,27,S46,False,5,0,5,0,15,0,0,0,0,"['B18', 'B122', 'B662', 'B40', 'B580', 'B280', 'B564', 'B136', 'B164', 'B342', 'B36', 'B142', 'B681', 'B762', 'B35']",7.5,S51,3.14,20,0,20,0.0,,-2.254414,-13.254758,-15.509173,False,False,4,S51,False,2,0.1102,pickup,,,,,,,,,,,,,,,,,,,,,,,,,,,,,,,,,,,,,,,,,,,,,,,,,,,,
49,15,6,38,S51,False,20,0,20,15,0,0,0,0,0,"['B308', 'B526', 'B312', 'B685', 'B341', 'B18', 'B122', 'B662', 'B40', 'B580', 'B280', 'B564', 'B136', 'B164', 'B342']",7.5,S12,2.02,5,0,5,0.0,,-2.258996,-13.38803,-15.647026,False,False,6,S12,False,4,0.1636,delivery,,,,,,,,,,,,,,,,,,,,,,,,,,,,,,,,,,,,,,,,,,,,,,,,,,,,
49,15,6,47,S12,False,5,0,5,5,0,0,0,0,0,"['B36', 'B142', 'B681', 'B762', 'B35']",2.5,S44,5.82,0,0,0,0.0,,-1.632896,-13.449011,-15.081907,False,False,4,S44,False,2,0.1095,delivery,,,,,,,,,,,,,,,,,,,,,,,,,,,,,,,,,,,,,,,,,,,,,,,,,,,,
49,15,6,56,S44,False,0,0,0,0,16,0,0,0,0,"['B344', 'B725', 'B368', 'B365', 'B307', 'B574', 'B691', 'B476', 'B318', 'B432', 'B220', 'B498', 'B278', 'B729', 'B724', 'B117']",8.0,S65,6.93,16,0,16,0.0,,-1.080005,-13.269774,-14.349779,False,False,6,S63,True,4,0.1719,pickup,,,,,,,,,,,,,,,,,,,,,,,,,,,,,,,,,,,,,,,,,,,,,,,,,,,,
49,15,7,10,S65,False,16,0,16,16,0,0,0,0,0,"['B344', 'B725', 'B368', 'B365', 'B307', 'B574', 'B691', 'B476', 'B318', 'B432', 'B220', 'B498', 'B278', 'B729', 'B724', 'B117']",8.0,S47,1.6,0,0,0,0.0,,-0.782505,-13.072795,-13.8553,False,False,4,S47,False,2,0.113,delivery,,,,,,,,,,,,,,,,,,,,,,,,,,,,,,,,,,,,,,,,,,,,,,,,,,,,
49,15,7,20,S47,False,0,0,0,0,12,0,0,0,0,"['B212', 'B64', 'B198', 'B667', 'B592', 'B200', 'B502', 'B613', 'B588', 'B247', 'B254', 'B9']",6.0,S41,1.45,12,0,12,0.0,,-1.076087,-13.170198,-14.246285,True,False,12,S4,True,4,0.3262,pickup,,,,,,,,,,,,,,,,,,,,,,,,,,,,,,,,,,,,,,,,,,,,,,,,,,,,
49,15,7,28,S41,False,12,0,12,12,0,0,0,0,0,"['B212', 'B64', 'B198', 'B667', 'B592', 'B200', 'B502', 'B613', 'B588', 'B247', 'B254', 'B9']",6.0,S4,2.96,0,0,0,0.0,,-0.649926,-13.270467,-13.920393,False,False,4,S4,False,2,0.1096,delivery,,,,,,,,,,,,,,,,,,,,,,,,,,,,,,,,,,,,,,,,,,,,,,,,,,,,
49,15,7,37,S4,False,0,0,0,0,10,0,0,0,0,"['B618', 'B137', 'B548', 'B424', 'B471', 'B291', 'B250', 'B491', 'B702', 'B73']",5.0,S52,1.43,10,0,10,0.0,,-0.422707,-13.086776,-13.509482,False,False,6,S52,False,4,0.1644,pickup,,,,,,,,,,,,,,,,,,,,,,,,,,,,,,,,,,,,,,,,,,,,,,,,,,,,
49,15,7,43,S52,False,10,0,10,0,10,0,0,0,0,"['B76', 'B188', 'B323', 'B267', 'B466', 'B53', 'B458', 'B454', 'B27', 'B378']",5.0,S48,5.29,20,0,20,0.0,,-0.455999,-12.976132,-13.432131,False,False,4,S48,False,2,0.1145,pickup,,,,,,,,,,,,,,,,,,,,,,,,,,,,,,,,,,,,,,,,,,,,,,,,,,,,
49,15,7,53,S48,False,20,0,20,13,0,0,0,0,0,"['B618', 'B137', 'B548', 'B424', 'B471', 'B291', 'B250', 'B491', 'B702', 'B73', 'B76', 'B188', 'B323']",6.5,S19,0.52,7,0,7,0.0,,-0.162545,-12.826588,-12.989133,False,False,6,S19,False,4,0.1616,delivery,,,,,,,,,,,,,,,,,,,,,,,,,,,,,,,,,,,,,,,,,,,,,,,,,,,,
49,15,8,0,S19,False,7,0,7,7,0,0,0,0,0,"['B267', 'B466', 'B53', 'B458', 'B454', 'B27', 'B378']",3.5,S10,8.04,0,0,0,0.0,,-0.586608,-13.097891,-13.684499,False,False,4,S10,False,2,0.1083,delivery,,,,,,,,,,,,,,,,,,,,,,,,,,,,,,,,,,,,,,,,,,,,,,,,,,,,
49,15,8,12,S10,False,0,0,0,0,0,0,0,0,0,[],0.0,S29,0.66,0,0,0,0.0,,-0.39266,-13.056352,-13.449013,False,False,4,S29,False,0,0.1091,do_nothing,,,,,,,,,,,,,,,,,,,,,,,,,,,,,,,,,,,,,,,,,,,,,,,,,,,,
49,15,8,12,S29,False,0,0,0,0,14,0,0,0,0,"['B742', 'B625', 'B562', 'B761', 'B336', 'B16', 'B114', 'B467', 'B569', 'B700', 'B696', 'B546', 'B617', 'B42']",7.0,S10,0.66,14,0,14,0.0,,-0.424131,-12.909907,-13.334038,False,False,6,S10,False,2,0.1614,pickup,,,,,,,,,,,,,,,,,,,,,,,,,,,,,,,,,,,,,,,,,,,,,,,,,,,,
49,15,8,20,S10,False,14,0,14,0,6,0,0,0,0,"['B330', 'B522', 'B708', 'B679', 'B25', 'B500']",3.0,S22,9.54,20,0,20,0.0,,-0.359695,-12.851845,-13.21154,False,False,4,S22,False,2,0.1099,pickup,,,,,,,,,,,,,,,,,,,,,,,,,,,,,,,,,,,,,,,,,,,,,,,,,,,,
49,15,8,33,S22,False,20,0,20,15,0,0,0,0,0,"['B742', 'B625', 'B562', 'B761', 'B336', 'B16', 'B114', 'B467', 'B569', 'B700', 'B696', 'B546', 'B617', 'B42', 'B330']",7.5,S46,9.54,5,0,5,0.0,,-0.29163,-12.679536,-12.971167,False,False,6,S46,False,4,0.1659,delivery,,,,,,,,,,,,,,,,,,,,,,,,,,,,,,,,,,,,,,,,,,,,,,,,,,,,
49,15,8,50,S46,False,5,0,5,0,14,0,0,0,0,"['B517', 'B646', 'B222', 'B81', 'B390', 'B167', 'B508', 'B356', 'B24', 'B41', 'B439', 'B128', 'B515', 'B440']",7.0,S31,5.03,19,0,19,0.0,,-0.423875,-12.865577,-13.289452,False,False,6,S31,False,4,0.1658,pickup,,,,,,,,,,,,,,,,,,,,,,,,,,,,,,,,,,,,,,,,,,,,,,,,,,,,
49,15,9,2,S31,False,19,0,19,0,0,0,0,0,0,[],0.0,S59,2.6,19,0,19,0.0,,-0.390245,-12.701166,-13.09141,False,False,6,S59,True,0,0.1609,do_nothing,,,,,,,,,,,,,,,,,,,,,,,,,,,,,,,,,,,,,,,,,,,,,,,,,,,,
49,15,9,4,S59,False,19,0,19,0,0,0,0,0,0,[],0.0,S37,1.48,19,0,19,0.0,,-0.456247,-12.762899,-13.219146,False,False,6,S49,True,0,0.1575,do_nothing,,,,,,,,,,,,,,,,,,,,,,,,,,,,,,,,,,,,,,,,,,,,,,,,,,,,
49,15,9,6,S37,False,19,0,19,0,0,0,0,0,0,[],0.0,S59,1.48,19,0,19,0.0,,-0.261992,-12.822522,-13.084514,False,False,6,S49,True,0,0.1572,do_nothing,,,,,,,,,,,,,,,,,,,,,,,,,,,,,,,,,,,,,,,,,,,,,,,,,,,,
49,15,9,7,S59,False,19,0,19,17,0,0,0,0,0,"['B522', 'B708', 'B679', 'B25', 'B500', 'B517', 'B646', 'B222', 'B81', 'B390', 'B167', 'B508', 'B356', 'B24', 'B41', 'B439', 'B128']",8.5,D0,2.27,2,0,2,0.0,,-0.390585,-12.840183,-13.230768,False,False,6,S49,True,3,0.1584,delivery,,,,,,,,,,,,,,,,,,,,,,,,,,,,,,,,,,,,,,,,,,,,,,,,,,,,
49,15,9,18,D0,True,2,0,2,0,0,0,0,0,0,[],0.0,S49,2.94,2,0,2,0.0,,-0.356383,-12.894499,-13.250882,True,True,1,S49,False,0,0.0249,depot_passthrough,,,,,,,,,,,,,,,,,,,,,,,,,,,,,,,,,,,,,,,,,,,,,,,,,,,,
49,15,9,36,S49,False,2,0,2,0,0,0,0,0,0,[],0.0,S39,0.84,2,0,2,0.0,,-0.486462,-12.978987,-13.465448,False,False,4,S39,False,0,0.1088,do_nothing,,,,,,,,,,,,,,,,,,,,,,,,,,,,,,,,,,,,,,,,,,,,,,,,,,,,
49,15,9,37,S39,False,2,0,2,0,15,0,0,0,0,"['B23', 'B624', 'B673', 'B293', 'B671', 'B300', 'B392', 'B345', 'B380', 'B234', 'B575', 'B348', 'B653', 'B623', 'B50']",7.5,S40,6.46,17,0,17,0.0,,-0.360618,-12.820765,-13.181383,False,False,6,S49,True,2,0.16,pickup,,,,,,,,,,,,,,,,,,,,,,,,,,,,,,,,,,,,,,,,,,,,,,,,,,,,
49,15,9,51,S40,False,17,0,17,0,0,0,0,0,0,[],0.0,S37,3.31,17,0,17,0.0,,-0.714424,-13.062887,-13.777311,False,False,6,S37,False,0,0.1597,do_nothing,,,,,,,,,,,,,,,,,,,,,,,,,,,,,,,,,,,,,,,,,,,,,,,,,,,,
49,15,9,54,S37,False,17,0,17,17,0,0,0,0,0,"['B515', 'B440', 'B23', 'B624', 'B673', 'B293', 'B671', 'B300', 'B392', 'B345', 'B380', 'B234', 'B575', 'B348', 'B653', 'B623', 'B50']",8.5,S36,4.84,0,0,0,0.0,,-0.684215,-12.973552,-13.657768,False,False,4,S36,False,2,0.115,delivery,,,,,,,,,,,,,,,,,,,,,,,,,,,,,,,,,,,,,,,,,,,,,,,,,,,,
49,15,10,7,S36,False,0,0,0,0,0,0,1,0,0,['B34'],0.5,S21,10.51,0,1,1,0.0,,-1.166549,-13.367635,-14.534185,True,True,12,S26,True,2,0.3649,do_nothing+depot_removal,,,,,,,,,,,,,,,,,,,,,,,,,,,,,,,,,,,,,,,,,,,,,,,,,,,,
49,15,10,18,S21,False,0,1,1,0,9,1,2,0,0,"['B712', 'B542', 'B641', 'B45', 'B30', 'B104', 'B450', 'B417', 'B504', 'B527', 'B740']",8.5,S26,9.59,9,3,12,0.0,,-0.489111,-13.166955,-13.656066,True,True,24,S0,True,22,0.6889,pickup+maintenance,,,,,,,,,,,,,,,,,,,,,,,,,,,,,,,,,,,,,,,,,,,,,,,,,,,,
49,15,10,37,S26,False,9,3,12,9,0,0,0,0,0,"['B712', 'B542', 'B641', 'B45', 'B30', 'B104', 'B450', 'B417', 'B504']",4.5,S23,8.86,0,3,3,0.0,,-1.044666,-13.333243,-14.377908,False,False,4,S23,False,2,0.1093,delivery,,,,,,,,,,,,,,,,,,,,,,,,,,,,,,,,,,,,,,,,,,,,,,,,,,,,
49,15,10,50,S23,False,0,3,3,0,9,0,0,0,0,"['B194', 'B382', 'B610', 'B151', 'B364', 'B322', 'B461', 'B352', 'B721']",4.5,S44,8.54,9,3,12,0.0,,-1.73074,-13.400444,-15.131184,False,False,6,S13,True,4,0.1669,pickup,,,,,,,,,,,,,,,,,,,,,,,,,,,,,,,,,,,,,,,,,,,,,,,,,,,,
49,15,11,3,S44,False,9,3,12,0,0,0,0,0,0,[],0.0,S29,5.3,9,3,12,0.0,,-0.554464,-13.464009,-14.018473,False,False,4,S18,True,0,0.1162,do_nothing,,,,,,,,,,,,,,,,,,,,,,,,,,,,,,,,,,,,,,,,,,,,,,,,,,,,
49,15,11,8,S29,False,9,3,12,9,0,0,0,0,0,"['B194', 'B382', 'B610', 'B151', 'B364', 'B322', 'B461', 'B352', 'B721']",4.5,S13,14.36,0,3,3,0.0,,-1.080445,-13.237463,-14.317908,False,False,4,S13,False,2,0.1091,delivery,,,,,,,,,,,,,,,,,,,,,,,,,,,,,,,,,,,,,,,,,,,,,,,,,,,,
49,15,11,27,S13,False,0,3,3,0,17,0,0,0,0,"['B339', 'B570', 'B446', 'B134', 'B358', 'B442', 'B599', 'B157', 'B289', 'B404', 'B210', 'B533', 'B357', 'B540', 'B470', 'B311', 'B154']",8.5,S29,14.36,17,3,20,0.0,,-1.104263,-13.469537,-14.5738,False,False,4,S29,False,2,0.1154,pickup,,,,,,,,,,,,,,,,,,,,,,,,,,,,,,,,,,,,,,,,,,,,,,,,,,,,
49,15,11,50,S29,False,17,3,20,17,0,0,0,0,0,"['B339', 'B570', 'B446', 'B134', 'B358', 'B442', 'B599', 'B157', 'B289', 'B404', 'B210', 'B533', 'B357', 'B540', 'B470', 'B311', 'B154']",8.5,S36,5.98,0,3,3,0.0,,-1.432637,-13.396198,-14.828835,False,False,6,S36,True,4,0.1626,delivery,,,,,,,,,,,,,,,,,,,,,,,,,,,,,,,,,,,,,,,,,,,,,,,,,,,,
49,15,12,4,S36,False,0,3,3,0,0,0,0,0,0,[],0.0,S51,1.89,0,3,3,0.0,,-1.041113,-13.272338,-14.313451,False,False,6,S51,True,0,0.1638,do_nothing,,,,,,,,,,,,,,,,,,,,,,,,,,,,,,,,,,,,,,,,,,,,,,,,,,,,
49,15,12,6,S51,False,0,3,3,0,15,0,0,0,0,"['B136', 'B164', 'B342', 'B636', 'B598', 'B584', 'B325', 'B415', 'B259', 'B343', 'B133', 'B579', 'B206', 'B36', 'B284']",7.5,S9,3.47,15,3,18,0.0,,-0.54932,-13.441622,-13.990941,False,False,6,S18,True,2,0.2032,pickup,,,,,,,,,,,,,,,,,,,,,,,,,,,,,,,,,,,,,,,,,,,,,,,,,,,,
49,15,12,17,S9,False,15,3,18,0,0,2,1,0,0,['B374'],6.5,S10,10.54,15,4,19,0.0,,-0.553306,-13.469537,-14.022843,True,True,24,D0,True,10,0.6693,do_nothing+maintenance,,,,,,,,,,,,,,,,,,,,,,,,,,,,,,,,,,,,,,,,,,,,,,,,,,,,
49,15,12,34,S10,False,15,4,19,0,0,0,0,0,0,[],0.0,S54,1.21,15,4,19,0.0,,-1.297079,-13.75927,-15.056349,False,False,4,S54,False,0,0.1095,do_nothing,,,,,,,,,,,,,,,,,,,,,,,,,,,,,,,,,,,,,,,,,,,,,,,,,,,,
49,15,12,36,S54,False,15,4,19,15,0,0,0,0,0,"['B136', 'B164', 'B342', 'B636', 'B598', 'B584', 'B325', 'B415', 'B259', 'B343', 'B133', 'B579', 'B206', 'B36', 'B284']",7.5,S66,5.58,0,4,4,0.0,,-1.113232,-13.640521,-14.753753,False,False,4,S40,True,2,0.111,delivery,,,,,,,,,,,,,,,,,,,,,,,,,,,,,,,,,,,,,,,,,,,,,,,,,,,,
49,15,12,49,S66,False,0,4,4,0,16,1,0,0,0,"['B56', 'B163', 'B316', 'B537', 'B765', 'B624', 'B307', 'B473', 'B441', 'B610', 'B461', 'B588', 'B586', 'B277', 'B474', 'B647']",11.0,S31,0.38,16,4,20,0.0,,-0.87607,-13.426346,-14.302416,True,True,8,S31,False,6,0.2289,pickup+onsite,,,,,,,,,,,,,,,,,,,,,,,,,,,,,,,,,,,,,,,,,,,,,,,,,,,,
49,15,13,0,S31,False,16,4,20,12,0,0,0,0,0,"['B56', 'B163', 'B316', 'B537', 'B765', 'B624', 'B307', 'B473', 'B441', 'B610', 'B461', 'B588']",6.0,S18,1.71,4,4,8,0.0,,-1.359596,-13.594119,-14.953715,False,False,6,S46,True,4,0.1683,delivery,,,,,,,,,,,,,,,,,,,,,,,,,,,,,,,,,,,,,,,,,,,,,,,,,,,,
49,15,13,8,S18,False,4,4,8,0,12,0,0,0,0,"['B359', 'B381', 'B191', 'B201', 'B699', 'B677', 'B701', 'B189', 'B576', 'B462', 'B92', 'B449']",6.0,S46,4.15,16,4,20,0.0,,-1.198357,-13.5253,-14.723657,True,False,6,S46,False,4,0.1623,pickup,,,,,,,,,,,,,,,,,,,,,,,,,,,,,,,,,,,,,,,,,,,,,,,,,,,,
49,15,13,18,S46,False,16,4,20,16,0,0,0,0,0,"['B586', 'B277', 'B474', 'B647', 'B359', 'B381', 'B191', 'B201', 'B699', 'B677', 'B701', 'B189', 'B576', 'B462', 'B92', 'B449']",8.0,S60,5.39,0,4,4,0.0,,-1.034256,-13.323754,-14.35801,False,False,4,S60,False,2,0.1151,delivery,,,,,,,,,,,,,,,,,,,,,,,,,,,,,,,,,,,,,,,,,,,,,,,,,,,,
49,15,13,31,S60,False,0,4,4,0,16,0,0,0,0,"['B241', 'B688', 'B103', 'B705', 'B226', 'B443', 'B273', 'B583', 'B628', 'B321', 'B761', 'B490', 'B23', 'B440', 'B297', 'B522']",8.0,S26,6.85,16,4,20,0.0,,-1.065296,-13.041014,-14.10631,False,False,4,S26,False,2,0.1068,pickup,,,,,,,,,,,,,,,,,,,,,,,,,,,,,,,,,,,,,,,,,,,,,,,,,,,,
49,15,13,46,S26,False,16,4,20,16,0,0,0,0,0,"['B241', 'B688', 'B103', 'B705', 'B226', 'B443', 'B273', 'B583', 'B628', 'B321', 'B761', 'B490', 'B23', 'B440', 'B297', 'B522']",8.0,S48,11.62,0,4,4,0.0,,-0.748619,-13.055197,-13.803815,False,False,4,S48,False,2,0.109,delivery,,,,,,,,,,,,,,,,,,,,,,,,,,,,,,,,,,,,,,,,,,,,,,,,,,,,
49,15,14,6,S48,False,0,4,4,0,13,0,0,0,0,"['B673', 'B293', 'B195', 'B102', 'B57', 'B38', 'B513', 'B398', 'B709', 'B233', 'B743', 'B127', 'B595']",6.5,S57,7.56,13,4,17,0.0,,-1.403123,-12.983064,-14.386187,False,False,6,S57,True,2,0.1593,pickup,,,,,,,,,,,,,,,,,,,,,,,,,,,,,,,,,,,,,,,,,,,,,,,,,,,,
49,15,14,20,S57,False,13,4,17,13,0,0,0,0,0,"['B673', 'B293', 'B195', 'B102', 'B57', 'B38', 'B513', 'B398', 'B709', 'B233', 'B743', 'B127', 'B595']",6.5,S33,5.72,0,4,4,0.0,,-1.479984,-13.12107,-14.601054,False,False,4,S33,False,2,0.1114,delivery,,,,,,,,,,,,,,,,,,,,,,,,,,,,,,,,,,,,,,,,,,,,,,,,,,,,
49,15,14,32,S33,False,0,4,4,0,14,0,0,0,0,"['B630', 'B396', 'B556', 'B571', 'B376', 'B752', 'B265', 'B107', 'B667', 'B200', 'B507', 'B135', 'B516', 'B712']",7.0,S29,4.32,14,4,18,0.0,,-1.767115,-13.083041,-14.850156,False,False,6,S66,True,4,0.158,pickup,,,,,,,,,,,,,,,,,,,,,,,,,,,,,,,,,,,,,,,,,,,,,,,,,,,,
49,15,14,43,S29,False,14,4,18,14,0,0,0,0,0,"['B630', 'B396', 'B556', 'B571', 'B376', 'B752', 'B265', 'B107', 'B667', 'B200', 'B507', 'B135', 'B516', 'B712']",7.0,S66,6.29,0,4,4,0.0,,-1.376283,-13.346231,-14.722515,False,False,4,S66,False,2,0.1111,delivery,,,,,,,,,,,,,,,,,,,,,,,,,,,,,,,,,,,,,,,,,,,,,,,,,,,,
49,15,14,57,S66,False,0,4,4,0,15,0,0,0,0,"['B393', 'B493', 'B552', 'B395', 'B722', 'B178', 'B121', 'B337', 'B411', 'B523', 'B8', 'B598', 'B381', 'B636', 'B566']",7.5,S35,8.23,15,4,19,0.0,,-1.075881,-13.317202,-14.393083,False,False,6,S35,False,2,0.176,pickup,,,,,,,,,,,,,,,,,,,,,,,,,,,,,,,,,,,,,,,,,,,,,,,,,,,,
49,15,15,12,S35,False,15,4,19,11,0,1,0,0,0,"['B393', 'B493', 'B552', 'B395', 'B722', 'B178', 'B121', 'B337', 'B411', 'B523', 'B8']",8.5,S57,0.73,4,4,8,0.0,,-1.045113,-13.345107,-14.39022,True,True,12,S57,False,6,0.3261,delivery+onsite,,,,,,,,,,,,,,,,,,,,,,,,,,,,,,,,,,,,,,,,,,,,,,,,,,,,
49,15,15,22,S57,False,4,4,8,4,0,0,0,0,0,"['B598', 'B381', 'B636', 'B566']",2.0,S12,9.18,0,4,4,0.0,,-1.246286,-13.126658,-14.372944,False,False,4,S12,False,2,0.1069,delivery,,,,,,,,,,,,,,,,,,,,,,,,,,,,,,,,,,,,,,,,,,,,,,,,,,,,
49,15,15,33,S12,False,0,4,4,0,16,0,0,0,0,"['B89', 'B759', 'B31', 'B264', 'B495', 'B378', 'B185', 'B20', 'B549', 'B653', 'B437', 'B491', 'B275', 'B672', 'B63', 'B521']",8.0,S46,5.14,16,4,20,0.0,,-0.61631,-13.27388,-13.89019,False,False,4,S46,False,2,0.1068,pickup,,,,,,,,,,,,,,,,,,,,,,,,,,,,,,,,,,,,,,,,,,,,,,,,,,,,
49,15,15,46,S46,False,16,4,20,14,0,0,0,0,0,"['B89', 'B759', 'B31', 'B264', 'B495', 'B378', 'B185', 'B20', 'B549', 'B653', 'B437', 'B491', 'B275', 'B672']",7.0,S39,6.26,2,4,6,0.0,,-0.975502,-13.294654,-14.270156,False,False,6,S39,False,4,0.1611,delivery,,,,,,,,,,,,,,,,,,,,,,,,,,,,,,,,,,,,,,,,,,,,,,,,,,,,
49,15,15,59,S39,False,2,4,6,2,0,0,0,0,0,"['B63', 'B521']",1.0,S31,3.72,0,4,4,0.0,,-0.652906,-13.065113,-13.71802,False,False,4,S31,False,2,0.1159,delivery,,,,,,,,,,,,,,,,,,,,,,,,,,,,,,,,,,,,,,,,,,,,,,,,,,,,
49,15,16,4,S31,False,0,4,4,0,16,1,0,0,0,"['B588', 'B58', 'B104', 'B671', 'B176', 'B651', 'B340', 'B750', 'B638', 'B101', 'B475', 'B482', 'B316', 'B640', 'B319', 'B540']",11.0,S39,3.72,16,4,20,0.0,,-0.652596,-13.166664,-13.81926,True,True,12,S39,True,6,0.3128,pickup+onsite,,,,,,,,,,,,,,,,,,,,,,,,,,,,,,,,,,,,,,,,,,,,,,,,,,,,
49,15,16,19,S39,False,16,4,20,0,0,0,0,0,0,[],0.0,S15,7.21,16,4,20,0.0,,-0.681574,-13.373489,-14.055063,False,False,4,S15,False,0,0.1051,do_nothing,,,,,,,,,,,,,,,,,,,,,,,,,,,,,,,,,,,,,,,,,,,,,,,,,,,,
49,15,16,26,S15,False,16,4,20,0,0,0,0,0,0,[],0.0,S39,7.21,16,4,20,0.0,,-1.2691,-13.295662,-14.564762,False,False,4,S36,True,0,0.1042,do_nothing,,,,,,,,,,,,,,,,,,,,,,,,,,,,,,,,,,,,,,,,,,,,,,,,,,,,
49,15,16,33,S39,False,16,4,20,16,0,0,0,0,0,"['B588', 'B58', 'B104', 'B671', 'B176', 'B651', 'B340', 'B750', 'B638', 'B101', 'B475', 'B482', 'B316', 'B640', 'B319', 'B540']",8.0,S51,7.16,0,4,4,0.0,,-0.780508,-12.815979,-13.596486,False,False,4,S15,True,2,0.1067,delivery,,,,,,,,,,,,,,,,,,,,,,,,,,,,,,,,,,,,,,,,,,,,,,,,,,,,
49,15,16,48,S51,False,0,4,4,0,14,0,0,0,0,"['B743', 'B33', 'B426', 'B400', 'B127', 'B251', 'B595', 'B190', 'B242', 'B27', 'B703', 'B250', 'B125', 'B384']",7.0,S15,8.59,14,4,18,0.0,,-0.589475,-12.982601,-13.572077,False,False,6,S15,False,4,0.1588,pickup,,,,,,,,,,,,,,,,,,,,,,,,,,,,,,,,,,,,,,,,,,,,,,,,,,,,
49,15,17,4,S15,False,14,4,18,14,0,0,0,0,0,"['B743', 'B33', 'B426', 'B400', 'B127', 'B251', 'B595', 'B190', 'B242', 'B27', 'B703', 'B250', 'B125', 'B384']",7.0,S37,4.99,0,4,4,0.0,,-0.847516,-12.923042,-13.770559,False,False,4,S37,False,2,0.1046,delivery,,,,,,,,,,,,,,,,,,,,,,,,,,,,,,,,,,,,,,,,,,,,,,,,,,,,
49,15,17,16,S37,False,0,4,4,0,16,0,0,0,0,"['B187', 'B404', 'B698', 'B5', 'B538', 'B0', 'B751', 'B659', 'B509', 'B326', 'B7', 'B36', 'B163', 'B694', 'B446', 'B624']",8.0,S34,5.37,16,4,20,0.0,,-0.646201,-13.010557,-13.656759,False,False,4,S34,False,2,0.1134,pickup,,,,,,,,,,,,,,,,,,,,,,,,,,,,,,,,,,,,,,,,,,,,,,,,,,,,
49,15,17,29,S34,False,16,4,20,0,0,0,0,0,0,[],0.0,S1,4.8,16,4,20,0.0,,-1.174891,-13.01784,-14.192731,False,False,4,S0,True,0,0.1092,do_nothing,,,,,,,,,,,,,,,,,,,,,,,,,,,,,,,,,,,,,,,,,,,,,,,,,,,,
49,15,17,34,S1,False,16,4,20,0,0,0,0,0,0,[],0.0,S34,4.8,16,4,20,0.0,,-0.38992,-13.002074,-13.391994,False,False,6,S34,False,0,0.1674,do_nothing,,,,,,,,,,,,,,,,,,,,,,,,,,,,,,,,,,,,,,,,,,,,,,,,,,,,
49,15,17,39,S34,False,16,4,20,16,0,0,0,0,0,"['B187', 'B404', 'B698', 'B5', 'B538', 'B0', 'B751', 'B659', 'B509', 'B326', 'B7', 'B36', 'B163', 'B694', 'B446', 'B624']",8.0,S0,7.52,0,4,4,0.0,,-1.30334,-13.075919,-14.379258,False,False,4,S0,False,2,0.1091,delivery,,,,,,,,,,,,,,,,,,,,,,,,,,,,,,,,,,,,,,,,,,,,,,,,,,,,
49,15,17,54,S0,False,0,4,4,0,0,0,1,0,0,['B492'],0.5,S42,2.26,0,5,5,0.0,,-1.108179,-13.046372,-14.154551,True,True,6,S42,False,2,0.171,do_nothing+depot_removal,,,,,,,,,,,,,,,,,,,,,,,,,,,,,,,,,,,,,,,,,,,,,,,,,,,,
49,15,17,57,S42,False,0,5,5,0,10,0,0,0,0,"['B254', 'B315', 'B586', 'B64', 'B574', 'B53', 'B16', 'B421', 'B370', 'B24']",5.0,S0,2.26,10,5,15,0.0,,-0.522667,-12.886773,-13.40944,True,False,12,S0,False,8,0.3071,pickup,,,,,,,,,,,,,,,,,,,,,,,,,,,,,,,,,,,,,,,,,,,,,,,,,,,,
49,15,18,4,S0,False,10,5,15,0,0,0,0,0,0,[],0.0,S18,12.15,10,5,15,0.0,,-1.114783,-13.060866,-14.175649,False,False,4,S63,True,0,0.1189,do_nothing,,,,,,,,,,,,,,,,,,,,,,,,,,,,,,,,,,,,,,,,,,,,,,,,,,,,
49,15,18,16,S18,False,10,5,15,0,5,0,0,0,0,"['B601', 'B675', 'B54', 'B486', 'B608']",2.5,S49,2.0,15,5,20,0.0,,-0.293787,-12.836247,-13.130035,True,False,6,S49,False,4,0.1609,pickup,,,,,,,,,,,,,,,,,,,,,,,,,,,,,,,,,,,,,,,,,,,,,,,,,,,,
49,15,18,21,S49,False,15,5,20,12,0,0,0,0,0,"['B254', 'B315', 'B586', 'B64', 'B574', 'B53', 'B16', 'B421', 'B370', 'B24', 'B601', 'B675']",6.0,S18,2.0,3,5,8,0.0,,-0.881337,-12.868784,-13.750121,False,False,6,S18,False,2,0.1656,delivery,,,,,,,,,,,,,,,,,,,,,,,,,,,,,,,,,,,,,,,,,,,,,,,,,,,,
49,15,18,29,S18,False,3,5,8,0,12,0,0,0,0,"['B737', 'B49', 'B762', 'B348', 'B272', 'B499', 'B589', 'B217', 'B716', 'B310', 'B322', 'B399']",6.0,S63,3.17,15,5,20,0.0,,-0.648519,-12.828301,-13.47682,True,False,6,S63,False,4,0.1754,pickup,,,,,,,,,,,,,,,,,,,,,,,,,,,,,,,,,,,,,,,,,,,,,,,,,,,,
49,15,18,38,S63,False,15,5,20,15,0,1,0,0,0,"['B54', 'B486', 'B608', 'B737', 'B49', 'B762', 'B348', 'B272', 'B499', 'B589', 'B217', 'B716', 'B310', 'B322', 'B399']",10.5,S36,3.15,0,5,5,0.0,,-0.59004,-12.747262,-13.337302,True,True,8,S36,False,6,0.2273,delivery+onsite,,,,,,,,,,,,,,,,,,,,,,,,,,,,,,,,,,,,,,,,,,,,,,,,,,,,
49,15,18,52,S36,False,0,5,5,0,0,0,0,0,0,[],0.0,S3,2.85,0,5,5,0.0,,-0.6813,-12.539009,-13.22031,False,False,6,S3,False,0,0.1562,do_nothing,,,,,,,,,,,,,,,,,,,,,,,,,,,,,,,,,,,,,,,,,,,,,,,,,,,,
49,15,18,55,S3,False,0,5,5,0,15,0,0,0,0,"['B306', 'B84', 'B287', 'B266', 'B17', 'B219', 'B408', 'B22', 'B350', 'B367', 'B629', 'B184', 'B714', 'B147', 'B364']",7.5,S56,1.31,15,5,20,0.0,,-0.226054,-12.538414,-12.764467,False,False,4,S56,False,2,0.1091,pickup,,,,,,,,,,,,,,,,,,,,,,,,,,,,,,,,,,,,,,,,,,,,,,,,,,,,
49,15,19,3,S56,False,15,5,20,7,0,0,0,0,0,"['B306', 'B84', 'B287', 'B266', 'B17', 'B219', 'B408']",3.5,S62,4.25,8,5,13,0.0,,-0.517131,-12.565111,-13.082242,False,False,6,S38,True,4,0.1715,delivery,,,,,,,,,,,,,,,,,,,,,,,,,,,,,,,,,,,,,,,,,,,,,,,,,,,,
49,15,19,11,S62,False,8,5,13,0,0,0,0,0,0,[],0.0,S38,4.41,8,5,13,0.0,,-0.359952,-12.423699,-12.783651,False,False,4,S38,True,0,0.1259,do_nothing,,,,,,,,,,,,,,,,,,,,,,,,,,,,,,,,,,,,,,,,,,,,,,,,,,,,
49,15,19,16,S38,False,8,5,13,8,0,0,0,0,0,"['B22', 'B350', 'B367', 'B629', 'B184', 'B714', 'B147', 'B364']",4.0,S59,0.74,0,5,5,0.0,,-0.553372,-12.459959,-13.013331,False,False,4,S59,False,2,0.1078,delivery,,,,,,,,,,,,,,,,,,,,,,,,,,,,,,,,,,,,,,,,,,,,,,,,,,,,
49,15,19,20,S59,False,0,5,5,0,0,0,0,0,0,[],0.0,S62,3.77,0,5,5,0.0,,-0.487383,-12.420828,-12.908211,False,False,4,S62,False,0,0.1134,do_nothing,,,,,,,,,,,,,,,,,,,,,,,,,,,,,,,,,,,,,,,,,,,,,,,,,,,,
49,15,19,24,S62,False,0,5,5,0,0,0,0,0,0,[],0.0,S66,2.92,0,5,5,0.0,,-0.26108,-12.440913,-12.701993,False,False,6,S6,True,0,0.1625,do_nothing,,,,,,,,,,,,,,,,,,,,,,,,,,,,,,,,,,,,,,,,,,,,,,,,,,,,
49,15,19,27,S66,False,0,5,5,0,0,0,0,0,0,[],0.0,S62,2.92,0,5,5,0.0,,-0.326904,-12.315657,-12.64256,False,False,6,S62,False,0,0.1628,do_nothing,,,,,,,,,,,,,,,,,,,,,,,,,,,,,,,,,,,,,,,,,,,,,,,,,,,,
49,15,19,30,S62,False,0,5,5,0,0,0,0,0,0,[],0.0,S66,2.92,0,5,5,0.0,,-0.390418,-12.78733,-13.177748,False,False,4,D0,True,0,0.1382,do_nothing,,,,,,,,,,,,,,,,,,,,,,,,,,,,,,,,,,,,,,,,,,,,,,,,,,,,
49,15,19,33,S66,False,0,5,5,0,12,0,0,0,0,"['B734', 'B368', 'B291', 'B524', 'B462', 'B166', 'B270', 'B401', 'B294', 'B721', 'B560', 'B66']",6.0,D0,1.4,12,5,17,0.0,,-0.361115,-12.949397,-13.310512,False,False,4,D0,False,3,0.1379,pickup,,,,,,,,,,,,,,,,,,,,,,,,,,,,,,,,,,,,,,,,,,,,,,,,,,,,
49,15,19,40,D0,True,12,5,17,0,0,0,0,5,0,"['B34', 'B527', 'B740', 'B374', 'B492']",2.5,S62,0.46,12,0,12,0.0,,-0.392657,-12.828422,-13.221078,True,True,1,S62,False,0,0.0279,depot_passthrough,,,,,,,,,,,,,,,,,,,,,,,,,,,,,,,,,,,,,,,,,,,,,,,,,,,,
49,15,19,58,S62,False,12,0,12,0,8,0,0,0,0,"['B280', 'B733', 'B201', 'B625', 'B585', 'B158', 'B150', 'B471']",4.0,D0,0.46,20,0,20,0.0,,-0.392236,-12.884855,-13.277092,False,False,2,D0,False,1,0.0875,pickup,,,,,,,,,,,,,,,,,,,,,,,,,,,,,,,,,,,,,,,,,,,,,,,,,,,,
49,16,6,3,D0,True,20,0,20,0,0,0,0,0,0,[],0.0,S27,1.1,20,0,20,0.0,,-1.93292,-13.145396,-15.078316,True,True,1,S27,False,0,0.0261,depot_passthrough,,,,,,,,,,,,,,,,,,,,,,,,,,,,,,,,,,,,,,,,,,,,,,,,,,,,
49,16,6,19,S27,False,20,0,20,20,0,0,0,0,0,"['B734', 'B368', 'B291', 'B524', 'B462', 'B166', 'B270', 'B401', 'B294', 'B721', 'B560', 'B66', 'B280', 'B733', 'B201', 'B625', 'B585', 'B158', 'B150', 'B471']",10.0,S37,4.19,0,0,0,0.0,,-2.058254,-13.154704,-15.212958,False,False,4,S66,True,2,0.107,delivery,,,,,,,,,,,,,,,,,,,,,,,,,,,,,,,,,,,,,,,,,,,,,,,,,,,,
49,16,6,33,S37,False,0,0,0,0,20,0,0,0,0,"['B180', 'B707', 'B577', 'B172', 'B146', 'B592', 'B570', 'B729', 'B22', 'B467', 'B715', 'B671', 'B571', 'B389', 'B59', 'B599', 'B151', 'B169', 'B502', 'B339']",10.0,S43,1.66,20,0,20,0.0,,-2.576264,-13.274219,-15.850483,False,False,4,S43,False,2,0.107,pickup,,,,,,,,,,,,,,,,,,,,,,,,,,,,,,,,,,,,,,,,,,,,,,,,,,,,
49,16,6,45,S43,False,20,0,20,17,0,0,0,0,0,"['B180', 'B707', 'B577', 'B172', 'B146', 'B592', 'B570', 'B729', 'B22', 'B467', 'B715', 'B671', 'B571', 'B389', 'B59', 'B599', 'B151']",8.5,S39,4.89,3,0,3,0.0,,-2.689695,-13.254931,-15.944626,False,False,6,S66,True,2,0.1633,delivery,,,,,,,,,,,,,,,,,,,,,,,,,,,,,,,,,,,,,,,,,,,,,,,,,,,,
49,16,6,58,S39,False,3,0,3,0,17,0,0,0,0,"['B319', 'B540', 'B627', 'B165', 'B51', 'B644', 'B460', 'B229', 'B396', 'B383', 'B542', 'B620', 'B655', 'B636', 'B351', 'B765', 'B170']",8.5,S66,4.09,20,0,20,0.0,,-1.795997,-13.223522,-15.01952,False,False,4,S66,False,2,0.1098,pickup,,,,,,,,,,,,,,,,,,,,,,,,,,,,,,,,,,,,,,,,,,,,,,,,,,,,
49,16,7,11,S66,False,20,0,20,16,0,0,0,0,0,"['B169', 'B502', 'B339', 'B319', 'B540', 'B627', 'B165', 'B51', 'B644', 'B460', 'B229', 'B396', 'B383', 'B542', 'B620', 'B655']",8.0,S36,7.48,4,0,4,0.0,,-1.732092,-13.307037,-15.039129,False,False,6,S65,True,2,0.1646,delivery,,,,,,,,,,,,,,,,,,,,,,,,,,,,,,,,,,,,,,,,,,,,,,,,,,,,
49,16,7,26,S36,False,4,0,4,0,15,0,0,0,0,"['B318', 'B204', 'B15', 'B720', 'B746', 'B186', 'B295', 'B52', 'B423', 'B122', 'B344', 'B705', 'B448', 'B61', 'B699']",7.5,S48,1.72,19,0,19,0.0,,-0.882122,-12.939453,-13.821575,False,False,6,S48,True,2,0.1633,pickup,,,,,,,,,,,,,,,,,,,,,,,,,,,,,,,,,,,,,,,,,,,,,,,,,,,,
49,16,7,35,S48,False,19,0,19,16,0,0,0,0,0,"['B636', 'B351', 'B765', 'B170', 'B318', 'B204', 'B15', 'B720', 'B746', 'B186', 'B295', 'B52', 'B423', 'B122', 'B344', 'B705']",8.0,S55,5.56,3,0,3,0.0,,-0.91317,-13.063267,-13.976437,False,False,6,S51,True,2,0.1643,delivery,,,,,,,,,,,,,,,,,,,,,,,,,,,,,,,,,,,,,,,,,,,,,,,,,,,,
49,16,7,49,S55,False,3,0,3,0,17,0,0,0,0,"['B603', 'B481', 'B498', 'B439', 'B390', 'B593', 'B713', 'B732', 'B107', 'B264', 'B539', 'B395', 'B549', 'B434', 'B653', 'B649', 'B70']",8.5,S58,5.61,20,0,20,0.0,,-0.777121,-13.188598,-13.965718,False,False,6,S58,True,4,0.2073,pickup,,,,,,,,,,,,,,,,,,,,,,,,,,,,,,,,,,,,,,,,,,,,,,,,,,,,
49,16,8,3,S58,False,20,0,20,12,0,0,1,0,0,"['B380', 'B448', 'B61', 'B699', 'B603', 'B481', 'B498', 'B439', 'B390', 'B593', 'B713', 'B732', 'B107']",6.5,S44,1.79,8,1,9,0.0,,-0.616479,-12.75714,-13.373619,True,True,10,S44,False,4,0.3538,delivery+depot_removal,,,,,,,,,,,,,,,,,,,,,,,,,,,,,,,,,,,,,,,,,,,,,,,,,,,,
49,16,8,11,S44,False,8,1,9,0,10,1,1,0,0,"['B717', 'B342', 'B212', 'B64', 'B292', 'B695', 'B568', 'B575', 'B206', 'B749', 'B637']",8.5,S39,4.87,18,2,20,0.0,,-0.87666,-12.943689,-13.820349,True,True,20,S39,False,18,0.5386,pickup+maintenance,,,,,,,,,,,,,,,,,,,,,,,,,,,,,,,,,,,,,,,,,,,,,,,,,,,,
49,16,8,25,S39,False,18,2,20,0,0,0,0,0,0,[],0.0,S26,9.74,18,2,20,0.0,,-0.357716,-12.949847,-13.307562,False,False,6,S26,False,0,0.1624,do_nothing,,,,,,,,,,,,,,,,,,,,,,,,,,,,,,,,,,,,,,,,,,,,,,,,,,,,
49,16,8,34,S26,False,18,2,20,18,0,0,0,0,0,"['B264', 'B539', 'B395', 'B549', 'B434', 'B653', 'B649', 'B70', 'B717', 'B342', 'B212', 'B64', 'B292', 'B695', 'B568', 'B575', 'B206', 'B749']",9.0,S57,6.87,0,2,2,0.0,,-0.359111,-12.694244,-13.053355,False,False,6,S39,True,2,0.1618,delivery,,,,,,,,,,,,,,,,,,,,,,,,,,,,,,,,,,,,,,,,,,,,,,,,,,,,
49,16,8,50,S57,False,0,2,2,0,0,0,0,0,0,[],0.0,S60,9.08,0,2,2,0.0,,-0.937684,-12.724142,-13.661826,False,False,6,S60,False,0,0.1662,do_nothing,,,,,,,,,,,,,,,,,,,,,,,,,,,,,,,,,,,,,,,,,,,,,,,,,,,,
49,16,8,59,S60,False,0,2,2,0,18,0,0,0,0,"['B564', 'B415', 'B195', 'B428', 'B432', 'B635', 'B651', 'B331', 'B340', 'B10', 'B254', 'B510', 'B71', 'B93', 'B223', 'B723', 'B302', 'B168']",9.0,S39,2.89,18,2,20,0.0,,-0.61771,-12.754716,-13.372426,False,False,6,S39,True,4,0.1625,pickup,,,,,,,,,,,,,,,,,,,,,,,,,,,,,,,,,,,,,,,,,,,,,,,,,,,,
49,16,9,11,S39,False,18,2,20,9,0,0,0,0,0,"['B564', 'B415', 'B195', 'B428', 'B432', 'B635', 'B651', 'B331', 'B340']",4.5,S62,5.74,9,2,11,0.0,,-0.62014,-13.050028,-13.670168,False,False,6,S62,True,2,0.1646,delivery,,,,,,,,,,,,,,,,,,,,,,,,,,,,,,,,,,,,,,,,,,,,,,,,,,,,
49,16,9,21,S62,False,9,2,11,9,0,0,0,0,0,"['B10', 'B254', 'B510', 'B71', 'B93', 'B223', 'B723', 'B302', 'B168']",4.5,S35,5.61,0,2,2,0.0,,-0.77868,-12.708442,-13.487122,False,False,4,S35,False,2,0.1106,delivery,,,,,,,,,,,,,,,,,,,,,,,,,,,,,,,,,,,,,,,,,,,,,,,,,,,,
49,16,9,32,S35,False,0,2,2,0,12,0,0,0,0,"['B95', 'B747', 'B394', 'B538', 'B104', 'B287', 'B80', 'B343', 'B164', 'B472', 'B350', 'B557']",6.0,S29,1.95,12,2,14,0.0,,-0.389337,-12.986721,-13.376058,False,False,6,S0,True,4,0.1591,pickup,,,,,,,,,,,,,,,,,,,,,,,,,,,,,,,,,,,,,,,,,,,,,,,,,,,,
49,16,9,39,S29,False,12,2,14,12,0,0,0,0,0,"['B95', 'B747', 'B394', 'B538', 'B104', 'B287', 'B80', 'B343', 'B164', 'B472', 'B350', 'B557']",6.0,S45,4.09,0,2,2,0.0,,-0.681644,-13.052486,-13.73413,False,False,4,S45,False,2,0.1092,delivery,,,,,,,,,,,,,,,,,,,,,,,,,,,,,,,,,,,,,,,,,,,,,,,,,,,,
49,16,9,50,S45,False,0,2,2,0,8,0,0,0,0,"['B171', 'B581', 'B330', 'B29', 'B281', 'B13', 'B545', 'B224']",4.0,S12,6.14,8,2,10,0.0,,-0.489641,-12.90283,-13.392471,False,False,6,S12,False,2,0.1636,pickup,,,,,,,,,,,,,,,,,,,,,,,,,,,,,,,,,,,,,,,,,,,,,,,,,,,,
49,16,10,0,S12,False,8,2,10,8,0,0,0,0,0,"['B171', 'B581', 'B330', 'B29', 'B281', 'B13', 'B545', 'B224']",4.0,S32,6.07,0,2,2,0.0,,-0.164709,-12.836731,-13.00144,False,False,4,S32,False,2,0.1093,delivery,,,,,,,,,,,,,,,,,,,,,,,,,,,,,,,,,,,,,,,,,,,,,,,,,,,,
49,16,10,10,S32,False,0,2,2,0,11,0,0,0,0,"['B554', 'B255', 'B602', 'B647', 'B109', 'B748', 'B414', 'B591', 'B120', 'B711', 'B188']",5.5,S31,6.41,11,2,13,0.0,,-0.197241,-12.793682,-12.990924,False,False,6,S31,False,4,0.1696,pickup,,,,,,,,,,,,,,,,,,,,,,,,,,,,,,,,,,,,,,,,,,,,,,,,,,,,
49,16,10,22,S31,False,11,2,13,11,0,0,0,0,0,"['B554', 'B255', 'B602', 'B647', 'B109', 'B748', 'B414', 'B591', 'B120', 'B711', 'B188']",5.5,S44,3.74,0,2,2,0.0,,-0.585508,-12.968227,-13.553735,False,False,4,S44,False,2,0.1182,delivery,,,,,,,,,,,,,,,,,,,,,,,,,,,,,,,,,,,,,,,,,,,,,,,,,,,,
49,16,10,31,S44,False,0,2,2,0,10,0,1,0,0,"['B207', 'B309', 'B86', 'B596', 'B425', 'B349', 'B4', 'B135', 'B457', 'B228', 'B167']",5.5,S0,10.16,10,3,13,0.0,,-0.589221,-13.088004,-13.677226,True,True,12,S0,False,10,0.321,pickup+depot_removal,,,,,,,,,,,,,,,,,,,,,,,,,,,,,,,,,,,,,,,,,,,,,,,,,,,,
49,16,10,47,S0,False,10,3,13,0,0,0,0,0,0,[],0.0,S42,2.26,10,3,13,0.0,,-0.620222,-12.939668,-13.55989,False,False,4,S31,True,0,0.1157,do_nothing,,,,,,,,,,,,,,,,,,,,,,,,,,,,,,,,,,,,,,,,,,,,,,,,,,,,
49,16,10,49,S42,False,10,3,13,0,6,0,1,0,0,"['B352', 'B494', 'B354', 'B760', 'B430', 'B638', 'B537']",3.5,S56,3.65,16,4,20,0.0,,-0.323775,-12.98428,-13.308055,True,True,10,S56,False,8,0.2706,pickup+depot_removal,,,,,,,,,,,,,,,,,,,,,,,,,,,,,,,,,,,,,,,,,,,,,,,,,,,,
49,16,10,56,S56,False,16,4,20,8,0,0,0,0,0,"['B207', 'B309', 'B86', 'B596', 'B425', 'B349', 'B4', 'B135']",4.0,S54,1.7,8,4,12,0.0,,-0.683052,-12.843527,-13.526578,False,False,6,S54,True,2,0.2445,delivery,,,,,,,,,,,,,,,,,,,,,,,,,,,,,,,,,,,,,,,,,,,,,,,,,,,,
49,16,11,2,S54,False,8,4,12,8,0,1,2,0,0,"['B358', 'B187', 'B457', 'B228', 'B352', 'B494', 'B354', 'B760', 'B430', 'B638']",8.0,S48,6.34,0,6,6,0.0,,-0.424811,-12.742484,-13.167295,True,True,36,S48,True,22,0.9769,delivery+maintenance,,,,,,,,,,,,,,,,,,,,,,,,,,,,,,,,,,,,,,,,,,,,,,,,,,,,
49,16,11,16,S48,False,0,6,6,0,10,0,0,0,0,"['B52', 'B423', 'B122', 'B344', 'B705', 'B627', 'B210', 'B752', 'B317', 'B739']",5.0,S33,5.49,10,6,16,0.0,,-0.356802,-12.879595,-13.236397,False,False,6,S11,True,4,0.1714,pickup,,,,,,,,,,,,,,,,,,,,,,,,,,,,,,,,,,,,,,,,,,,,,,,,,,,,
49,16,11,27,S33,False,10,6,16,10,0,1,0,0,0,"['B52', 'B423', 'B122', 'B344', 'B705', 'B627', 'B210', 'B752', 'B317', 'B739']",8.0,S11,8.56,0,6,6,0.0,,-0.420893,-12.77884,-13.199733,True,True,8,S11,False,6,0.2106,delivery+onsite,,,,,,,,,,,,,,,,,,,,,,,,,,,,,,,,,,,,,,,,,,,,,,,,,,,,
49,16,11,43,S11,False,0,6,6,0,10,0,0,0,0,"['B496', 'B730', 'B547', 'B279', 'B196', 'B476', 'B449', 'B337', 'B79', 'B484']",5.0,S25,17.5,10,6,16,0.0,,-0.256873,-12.824193,-13.081067,False,False,6,S25,False,4,0.1627,pickup,,,,,,,,,,,,,,,,,,,,,,,,,,,,,,,,,,,,,,,,,,,,,,,,,,,,
49,16,12,6,S25,False,10,6,16,10,0,0,0,0,0,"['B496', 'B730', 'B547', 'B279', 'B196', 'B476', 'B449', 'B337', 'B79', 'B484']",5.0,S37,12.82,0,6,6,0.0,,-0.423198,-13.03563,-13.458828,False,False,4,S37,False,2,0.1046,delivery,,,,,,,,,,,,,,,,,,,,,,,,,,,,,,,,,,,,,,,,,,,,,,,,,,,,
49,16,12,23,S37,False,0,6,6,0,14,0,0,0,0,"['B643', 'B642', 'B75', 'B313', 'B441', 'B402', 'B16', 'B670', 'B308', 'B112', 'B455', 'B43', 'B357', 'B626']",7.0,S54,4.98,14,6,20,0.0,,-0.48632,-13.040583,-13.526903,False,False,4,S54,False,2,0.1273,pickup,,,,,,,,,,,,,,,,,,,,,,,,,,,,,,,,,,,,,,,,,,,,,,,,,,,,
49,16,12,35,S54,False,14,6,20,0,0,0,0,0,0,[],0.0,S29,1.43,14,6,20,0.0,,-0.613364,-13.116276,-13.72964,False,False,4,S29,False,0,0.1081,do_nothing,,,,,,,,,,,,,,,,,,,,,,,,,,,,,,,,,,,,,,,,,,,,,,,,,,,,
49,16,12,37,S29,False,14,6,20,14,0,0,0,0,0,"['B643', 'B642', 'B75', 'B313', 'B441', 'B402', 'B16', 'B670', 'B308', 'B112', 'B455', 'B43', 'B357', 'B626']",7.0,S56,2.28,0,6,6,0.0,,-0.747963,-12.964751,-13.712713,False,False,4,S56,False,2,0.1063,delivery,,,,,,,,,,,,,,,,,,,,,,,,,,,,,,,,,,,,,,,,,,,,,,,,,,,,
49,16,12,46,S56,False,0,6,6,0,7,0,0,0,0,"['B207', 'B309', 'B86', 'B596', 'B425', 'B349', 'B4']",3.5,S54,1.7,7,6,13,0.0,,-0.751564,-13.181942,-13.933506,False,False,6,S38,True,2,0.1691,pickup,,,,,,,,,,,,,,,,,,,,,,,,,,,,,,,,,,,,,,,,,,,,,,,,,,,,
49,16,12,51,S54,False,7,6,13,7,0,0,0,0,0,"['B207', 'B309', 'B86', 'B596', 'B425', 'B349', 'B4']",3.5,S38,6.91,0,6,6,0.0,,-0.679497,-12.904476,-13.583973,False,False,4,S38,False,2,0.1159,delivery,,,,,,,,,,,,,,,,,,,,,,,,,,,,,,,,,,,,,,,,,,,,,,,,,,,,
49,16,13,2,S38,False,0,6,6,0,0,1,0,0,0,[],3.0,S0,13.23,0,6,6,0.0,,-1.815017,-13.087966,-14.902984,True,True,12,S0,False,2,0.3224,do_nothing+onsite,,,,,,,,,,,,,,,,,,,,,,,,,,,,,,,,,,,,,,,,,,,,,,,,,,,,
49,16,13,18,S0,False,0,6,6,0,14,0,0,0,0,"['B218', 'B565', 'B245', 'B105', 'B403', 'B410', 'B2', 'B530', 'B418', 'B77', 'B304', 'B469', 'B269', 'B81']",7.0,S35,3.47,14,6,20,0.0,,-1.600355,-13.307562,-14.907917,False,False,4,S35,False,2,0.1106,pickup,,,,,,,,,,,,,,,,,,,,,,,,,,,,,,,,,,,,,,,,,,,,,,,,,,,,
49,16,13,28,S35,False,14,6,20,14,0,0,1,0,0,"['B369', 'B218', 'B565', 'B245', 'B105', 'B403', 'B410', 'B2', 'B530', 'B418', 'B77', 'B304', 'B469', 'B269', 'B81']",7.5,S66,8.23,0,7,7,0.0,,-2.434459,-13.20412,-15.638579,True,True,6,S66,False,4,0.1658,delivery+depot_removal,,,,,,,,,,,,,,,,,,,,,,,,,,,,,,,,,,,,,,,,,,,,,,,,,,,,
49,16,13,44,S66,False,0,7,7,0,13,0,0,0,0,"['B621', 'B230', 'B154', 'B110', 'B653', 'B649', 'B507', 'B370', 'B361', 'B70', 'B548', 'B124', 'B30']",6.5,S26,5.64,13,7,20,0.0,,-2.743266,-13.312104,-16.05537,True,False,6,S26,False,4,0.1995,pickup,,,,,,,,,,,,,,,,,,,,,,,,,,,,,,,,,,,,,,,,,,,,,,,,,,,,
49,16,13,56,S26,False,13,7,20,13,0,0,0,0,0,"['B621', 'B230', 'B154', 'B110', 'B653', 'B649', 'B507', 'B370', 'B361', 'B70', 'B548', 'B124', 'B30']",6.5,S12,13.22,0,7,7,0.0,,-2.178445,-13.204225,-15.38267,False,False,4,S17,True,2,0.1058,delivery,,,,,,,,,,,,,,,,,,,,,,,,,,,,,,,,,,,,,,,,,,,,,,,,,,,,
49,16,14,16,S12,False,0,7,7,0,13,0,0,0,0,"['B545', 'B224', 'B634', 'B165', 'B697', 'B139', 'B44', 'B742', 'B57', 'B221', 'B593', 'B440', 'B351']",6.5,S17,15.22,13,7,20,0.0,,-3.308288,-13.156056,-16.464344,False,False,6,S17,True,2,0.1577,pickup,,,,,,,,,,,,,,,,,,,,,,,,,,,,,,,,,,,,,,,,,,,,,,,,,,,,
49,16,14,38,S17,False,13,7,20,13,0,0,0,0,0,"['B545', 'B224', 'B634', 'B165', 'B697', 'B139', 'B44', 'B742', 'B57', 'B221', 'B593', 'B440', 'B351']",6.5,S37,9.71,0,7,7,0.0,,-0.847672,-13.089636,-13.937308,False,False,4,S37,False,2,0.11,delivery,,,,,,,,,,,,,,,,,,,,,,,,,,,,,,,,,,,,,,,,,,,,,,,,,,,,
49,16,14,54,S37,False,0,7,7,0,0,0,1,0,0,['B588'],0.5,S51,4.67,0,8,8,0.0,,-1.400126,-13.013038,-14.413164,True,True,6,S51,False,2,0.1602,do_nothing+depot_removal,,,,,,,,,,,,,,,,,,,,,,,,,,,,,,,,,,,,,,,,,,,,,,,,,,,,
49,16,14,59,S51,False,0,8,8,0,12,0,0,0,0,"['B341', 'B368', 'B365', 'B243', 'B182', 'B218', 'B565', 'B687', 'B105', 'B726', 'B327', 'B58']",6.0,S49,7.18,12,8,20,0.0,,-1.562015,-13.046056,-14.608071,False,False,4,S49,False,2,0.1095,pickup,,,,,,,,,,,,,,,,,,,,,,,,,,,,,,,,,,,,,,,,,,,,,,,,,,,,
49,16,15,12,S49,False,12,8,20,12,0,0,0,0,0,"['B341', 'B368', 'B365', 'B243', 'B182', 'B218', 'B565', 'B687', 'B105', 'B726', 'B327', 'B58']",6.0,S31,2.89,0,8,8,0.0,,-1.16471,-13.357623,-14.522333,False,False,6,S39,True,4,0.169,delivery,,,,,,,,,,,,,,,,,,,,,,,,,,,,,,,,,,,,,,,,,,,,,,,,,,,,
49,16,15,21,S31,False,0,8,8,0,12,0,0,0,0,"['B453', 'B280', 'B201', 'B578', 'B190', 'B71', 'B700', 'B86', 'B324', 'B335', 'B94', 'B136']",6.0,S39,3.72,12,8,20,0.0,,-1.043051,-12.891208,-13.934259,False,False,4,S41,True,2,0.1141,pickup,,,,,,,,,,,,,,,,,,,,,,,,,,,,,,,,,,,,,,,,,,,,,,,,,,,,
49,16,15,31,S39,False,12,8,20,0,0,1,0,0,0,[],3.0,S27,5.98,12,8,20,0.0,,-1.172838,-12.783896,-13.956734,True,True,8,S27,False,2,0.2176,do_nothing+onsite,,,,,,,,,,,,,,,,,,,,,,,,,,,,,,,,,,,,,,,,,,,,,,,,,,,,
49,16,15,40,S27,False,12,8,20,12,0,0,0,0,0,"['B453', 'B280', 'B201', 'B578', 'B190', 'B71', 'B700', 'B86', 'B324', 'B335', 'B94', 'B136']",6.0,S41,3.14,0,8,8,0.0,,-1.728362,-12.801881,-14.530243,False,False,4,S41,False,2,0.1097,delivery,,,,,,,,,,,,,,,,,,,,,,,,,,,,,,,,,,,,,,,,,,,,,,,,,,,,
49,16,15,49,S41,False,0,8,8,0,12,0,0,0,0,"['B403', 'B568', 'B426', 'B659', 'B206', 'B678', 'B690', 'B632', 'B77', 'B36', 'B639', 'B284']",6.0,S39,3.32,12,8,20,0.0,,-1.144138,-12.866248,-14.010387,True,False,8,S39,True,4,0.2097,pickup,,,,,,,,,,,,,,,,,,,,,,,,,,,,,,,,,,,,,,,,,,,,,,,,,,,,
49,16,15,58,S39,False,12,8,20,0,0,0,0,0,0,[],0.0,S50,10.68,12,8,20,0.0,,-1.009061,-12.928729,-13.937791,False,False,4,S50,False,0,0.1051,do_nothing,,,,,,,,,,,,,,,,,,,,,,,,,,,,,,,,,,,,,,,,,,,,,,,,,,,,
49,16,16,9,S50,False,12,8,20,12,0,0,0,0,0,"['B403', 'B568', 'B426', 'B659', 'B206', 'B678', 'B690', 'B632', 'B77', 'B36', 'B639', 'B284']",6.0,S30,8.83,0,8,8,0.0,,-1.281633,-12.977304,-14.258938,False,False,4,S30,False,2,0.1271,delivery,,,,,,,,,,,,,,,,,,,,,,,,,,,,,,,,,,,,,,,,,,,,,,,,,,,,
49,16,16,24,S30,False,0,8,8,0,0,1,1,0,0,['B631'],3.5,S5,7.09,0,9,9,0.0,,-1.404469,-12.932512,-14.336981,True,True,24,S5,False,6,0.635,do_nothing+maintenance,,,,,,,,,,,,,,,,,,,,,,,,,,,,,,,,,,,,,,,,,,,,,,,,,,,,
49,16,16,34,S5,False,0,9,9,0,11,0,0,0,0,"['B468', 'B346', 'B371', 'B262', 'B683', 'B85', 'B756', 'B227', 'B268', 'B192', 'B160']",5.5,S2,5.18,11,9,20,0.0,,-0.720075,-13.124104,-13.844178,False,False,4,S2,False,2,0.114,pickup,,,,,,,,,,,,,,,,,,,,,,,,,,,,,,,,,,,,,,,,,,,,,,,,,,,,
49,16,16,45,S2,False,11,9,20,11,0,0,0,0,0,"['B468', 'B346', 'B371', 'B262', 'B683', 'B85', 'B756', 'B227', 'B268', 'B192', 'B160']",5.5,S30,2.32,0,9,9,0.0,,-1.276418,-13.082849,-14.359267,False,False,4,S26,True,2,0.1072,delivery,,,,,,,,,,,,,,,,,,,,,,,,,,,,,,,,,,,,,,,,,,,,,,,,,,,,
49,16,16,53,S30,False,0,9,9,0,8,0,0,0,0,"['B766', 'B728', 'B308', 'B11', 'B396', 'B720', 'B627', 'B485']",4.0,S26,6.33,8,9,17,0.0,,-1.270203,-13.029808,-14.30001,False,False,6,S37,True,2,0.1639,pickup,,,,,,,,,,,,,,,,,,,,,,,,,,,,,,,,,,,,,,,,,,,,,,,,,,,,
49,16,17,3,S26,False,8,9,17,8,0,0,0,0,0,"['B766', 'B728', 'B308', 'B11', 'B396', 'B720', 'B627', 'B485']",4.0,S37,7.79,0,9,9,0.0,,-0.750177,-13.112785,-13.862962,False,False,6,S37,True,2,0.1643,delivery,,,,,,,,,,,,,,,,,,,,,,,,,,,,,,,,,,,,,,,,,,,,,,,,,,,,
49,16,17,15,S37,False,0,9,9,0,11,0,0,0,0,"['B512', 'B155', 'B585', 'B669', 'B530', 'B40', 'B655', 'B338', 'B399', 'B168', 'B725']",5.5,S15,4.99,11,9,20,0.0,,-0.359463,-12.818432,-13.177895,True,False,6,S15,False,4,0.1738,pickup,,,,,,,,,,,,,,,,,,,,,,,,,,,,,,,,,,,,,,,,,,,,,,,,,,,,
49,16,17,26,S15,False,11,9,20,0,0,0,0,0,0,[],0.0,S54,3.9,11,9,20,0.0,,-0.292711,-12.730141,-13.022853,False,False,4,S54,False,0,0.1139,do_nothing,,,,,,,,,,,,,,,,,,,,,,,,,,,,,,,,,,,,,,,,,,,,,,,,,,,,
49,16,17,29,S54,False,11,9,20,11,0,0,0,0,0,"['B512', 'B155', 'B585', 'B669', 'B530', 'B40', 'B655', 'B338', 'B399', 'B168', 'B725']",5.5,S37,4.98,0,9,9,0.0,,-0.261337,-12.753135,-13.014472,False,False,4,S37,False,2,0.1117,delivery,,,,,,,,,,,,,,,,,,,,,,,,,,,,,,,,,,,,,,,,,,,,,,,,,,,,
49,16,17,40,S37,False,0,9,9,0,0,0,1,0,0,['B514'],0.5,S38,1.93,0,10,10,0.0,,-0.652843,-12.579731,-13.232575,True,True,10,S38,False,2,0.264,do_nothing+depot_removal,,,,,,,,,,,,,,,,,,,,,,,,,,,,,,,,,,,,,,,,,,,,,,,,,,,,
49,16,17,42,S38,False,0,10,10,0,0,0,0,0,0,[],0.0,S40,5.14,0,10,10,0.0,,-0.229945,-12.453794,-12.683739,False,False,6,S40,False,0,0.1576,do_nothing,,,,,,,,,,,,,,,,,,,,,,,,,,,,,,,,,,,,,,,,,,,,,,,,,,,,
49,16,17,48,S40,False,0,10,10,0,10,0,0,0,0,"['B660', 'B309', 'B517', 'B104', 'B389', 'B679', 'B566', 'B719', 'B331', 'B686']",5.0,S15,2.5,10,10,20,0.0,,-0.29354,-12.359615,-12.653155,False,False,4,S15,False,2,0.1044,pickup,,,,,,,,,,,,,,,,,,,,,,,,,,,,,,,,,,,,,,,,,,,,,,,,,,,,
49,16,17,55,S15,False,10,10,20,0,0,0,0,0,0,[],0.0,S35,5.79,10,10,20,0.0,,-0.29314,-12.444639,-12.737779,False,False,4,S35,False,0,0.1068,do_nothing,,,,,,,,,,,,,,,,,,,,,,,,,,,,,,,,,,,,,,,,,,,,,,,,,,,,
49,16,18,1,S35,False,10,10,20,10,0,0,0,0,0,"['B660', 'B309', 'B517', 'B104', 'B389', 'B679', 'B566', 'B719', 'B331', 'B686']",5.0,S31,8.41,0,10,10,0.0,,-0.295773,-12.304635,-12.600408,False,False,4,S31,False,2,0.1072,delivery,,,,,,,,,,,,,,,,,,,,,,,,,,,,,,,,,,,,,,,,,,,,,,,,,,,,
49,16,18,14,S31,False,0,10,10,0,10,0,0,0,0,"['B556', 'B132', 'B493', 'B158', 'B203', 'B764', 'B471', 'B429', 'B241', 'B635']",5.0,S39,3.72,10,10,20,0.0,,-0.164111,-12.362204,-12.526314,False,False,4,S33,True,2,0.1071,pickup,,,,,,,,,,,,,,,,,,,,,,,,,,,,,,,,,,,,,,,,,,,,,,,,,,,,
49,16,18,23,S39,False,10,10,20,10,0,0,0,0,0,"['B556', 'B132', 'B493', 'B158', 'B203', 'B764', 'B471', 'B429', 'B241', 'B635']",5.0,S33,5.32,0,10,10,0.0,,-0.06541,-12.166019,-12.231429,False,False,4,S33,False,2,0.1088,delivery,,,,,,,,,,,,,,,,,,,,,,,,,,,,,,,,,,,,,,,,,,,,,,,,,,,,
49,16,18,33,S33,False,0,10,10,0,0,0,0,0,0,[],0.0,S65,6.32,0,10,10,0.0,,-0.194919,-12.882723,-13.077641,False,False,4,S65,False,0,0.1128,do_nothing,,,,,,,,,,,,,,,,,,,,,,,,,,,,,,,,,,,,,,,,,,,,,,,,,,,,
49,16,18,40,S65,False,0,10,10,0,10,1,0,0,0,"['B614', 'B545', 'B224', 'B623', 'B745', 'B336', 'B300', 'B486', 'B541', 'B37']",8.0,S34,6.58,10,10,20,0.0,,-0.227803,-12.849628,-13.077431,True,True,8,S34,False,6,0.2088,pickup+onsite,,,,,,,,,,,,,,,,,,,,,,,,,,,,,,,,,,,,,,,,,,,,,,,,,,,,
49,16,18,54,S34,False,10,10,20,0,0,0,0,0,0,[],0.0,S29,2.43,10,10,20,0.0,,-0.227637,-12.820131,-13.047768,False,False,4,S33,True,0,0.1118,do_nothing,,,,,,,,,,,,,,,,,,,,,,,,,,,,,,,,,,,,,,,,,,,,,,,,,,,,
49,16,18,57,S29,False,10,10,20,10,0,0,0,0,0,"['B614', 'B545', 'B224', 'B623', 'B745', 'B336', 'B300', 'B486', 'B541', 'B37']",5.0,S33,4.32,0,10,10,0.0,,-0.45964,-12.829216,-13.288856,False,False,4,S34,True,2,0.111,delivery,,,,,,,,,,,,,,,,,,,,,,,,,,,,,,,,,,,,,,,,,,,,,,,,,,,,
49,16,19,6,S33,False,0,10,10,0,0,0,0,0,0,[],0.0,S63,1.55,0,10,10,0.0,,-0.555792,-12.818727,-13.374519,False,False,4,S63,False,0,0.1073,do_nothing,,,,,,,,,,,,,,,,,,,,,,,,,,,,,,,,,,,,,,,,,,,,,,,,,,,,
49,16,19,7,S63,False,0,10,10,0,0,0,0,0,0,[],0.0,S33,1.55,0,10,10,0.0,,-0.360439,-12.78537,-13.145809,False,False,4,S8,True,0,0.1089,do_nothing,,,,,,,,,,,,,,,,,,,,,,,,,,,,,,,,,,,,,,,,,,,,,,,,,,,,
49,16,19,9,S33,False,0,10,10,0,0,0,0,0,0,[],0.0,S63,1.55,0,10,10,0.0,,-0.359857,-12.916587,-13.276443,False,False,4,S63,False,0,0.104,do_nothing,,,,,,,,,,,,,,,,,,,,,,,,,,,,,,,,,,,,,,,,,,,,,,,,,,,,
49,16,19,11,S63,False,0,10,10,0,0,0,0,0,0,[],0.0,S33,1.55,0,10,10,0.0,,-0.359708,-12.827663,-13.187371,False,False,4,S8,True,0,0.1044,do_nothing,,,,,,,,,,,,,,,,,,,,,,,,,,,,,,,,,,,,,,,,,,,,,,,,,,,,
49,16,19,12,S33,False,0,10,10,0,0,0,0,0,0,[],0.0,S63,1.55,0,10,10,0.0,,-0.260345,-12.761161,-13.021506,False,False,4,S63,False,0,0.1039,do_nothing,,,,,,,,,,,,,,,,,,,,,,,,,,,,,,,,,,,,,,,,,,,,,,,,,,,,
49,16,19,14,S63,False,0,10,10,0,10,0,0,0,0,"['B597', 'B159', 'B503', 'B677', 'B707', 'B696', 'B343', 'B290', 'B382', 'B555']",5.0,S8,14.1,10,10,20,0.0,,-0.230368,-12.919965,-13.150333,False,False,4,S8,False,2,0.1038,pickup,,,,,,,,,,,,,,,,,,,,,,,,,,,,,,,,,,,,,,,,,,,,,,,,,,,,
49,16,19,33,S8,False,10,10,20,0,0,0,0,0,0,[],0.0,S1,7.29,10,10,20,0.0,,-0.292547,-12.745289,-13.037836,False,False,3,S1,False,0,0.0943,do_nothing,,,,,,,,,,,,,,,,,,,,,,,,,,,,,,,,,,,,,,,,,,,,,,,,,,,,
49,16,19,40,S1,False,10,10,20,0,0,0,0,0,0,[],0.0,D0,3.82,10,10,20,0.0,,-0.487297,-12.935138,-13.422435,False,False,2,D0,True,0,0.0841,do_nothing,,,,,,,,,,,,,,,,,,,,,,,,,,,,,,,,,,,,,,,,,,,,,,,,,,,,
49,16,19,44,D0,True,10,10,20,0,0,0,0,10,10,"['B193', 'B535', 'B355', 'B253', 'B216', 'B78', 'B34', 'B527', 'B740', 'B374', 'B380', 'B637', 'B167', 'B537', 'B358', 'B187', 'B369', 'B588', 'B631', 'B514']",10.0,D0,0.0,20,0,20,0.0,,-0.294383,-12.79213,-13.086513,True,True,1,D0,False,0,0.051,do_nothing,,,,,,,,,,,,,,,,,,,,,,,,,,,,,,,,,,,,,,,,,,,,,,,,,,,,
49,17,6,9,D0,True,20,0,20,0,0,0,0,0,0,[],0.0,S66,1.4,20,0,20,0.0,,-3.76602,-13.940234,-17.706254,True,True,1,S66,False,0,0.0327,depot_passthrough,,,,,,,,,,,,,,,,,,,,,,,,,,,,,,,,,,,,,,,,,,,,,,,,,,,,
49,17,6,25,S66,False,20,0,20,19,0,0,1,0,0,"['B482', 'B597', 'B159', 'B503', 'B677', 'B707', 'B696', 'B343', 'B290', 'B382', 'B555', 'B193', 'B535', 'B355', 'B253', 'B216', 'B78', 'B34', 'B527', 'B740']",10.0,S37,3.07,1,1,2,0.0,,-3.201965,-13.938326,-17.140291,True,True,10,S37,False,4,0.2608,delivery+depot_removal,,,,,,,,,,,,,,,,,,,,,,,,,,,,,,,,,,,,,,,,,,,,,,,,,,,,
49,17,6,38,S37,False,1,1,2,0,18,0,0,0,0,"['B208', 'B710', 'B23', 'B767', 'B271', 'B317', 'B559', 'B732', 'B368', 'B638', 'B675', 'B431', 'B316', 'B460', 'B423', 'B315', 'B1', 'B746']",9.0,S43,1.66,19,1,20,0.0,,-2.457891,-13.477762,-15.935653,False,False,4,S43,False,2,0.114,pickup,,,,,,,,,,,,,,,,,,,,,,,,,,,,,,,,,,,,,,,,,,,,,,,,,,,,
49,17,6,49,S43,False,19,1,20,19,0,0,1,0,0,"['B282', 'B374', 'B208', 'B710', 'B23', 'B767', 'B271', 'B317', 'B559', 'B732', 'B368', 'B638', 'B675', 'B431', 'B316', 'B460', 'B423', 'B315', 'B1', 'B746']",10.0,S39,4.89,0,2,2,0.0,,-2.290008,-13.504377,-15.794384,True,True,10,S39,True,8,0.2958,delivery+depot_removal,,,,,,,,,,,,,,,,,,,,,,,,,,,,,,,,,,,,,,,,,,,,,,,,,,,,
49,17,7,4,S39,False,0,2,2,0,16,0,1,0,0,"['B764', 'B471', 'B429', 'B241', 'B635', 'B505', 'B98', 'B625', 'B73', 'B118', 'B222', 'B334', 'B422', 'B711', 'B462', 'B278', 'B400']",8.5,S65,5.08,16,3,19,0.0,,-1.895289,-13.612355,-15.507645,True,True,24,S49,True,10,0.6406,pickup+depot_removal,,,,,,,,,,,,,,,,,,,,,,,,,,,,,,,,,,,,,,,,,,,,,,,,,,,,
49,17,7,17,S65,False,16,3,19,16,0,0,0,0,0,"['B764', 'B471', 'B429', 'B241', 'B635', 'B505', 'B98', 'B625', 'B73', 'B118', 'B222', 'B334', 'B422', 'B711', 'B462', 'B278']",8.0,S49,4.37,0,3,3,0.0,,-2.221866,-13.80337,-16.025236,False,False,4,S49,False,2,0.1072,delivery,,,,,,,,,,,,,,,,,,,,,,,,,,,,,,,,,,,,,,,,,,,,,,,,,,,,
49,17,7,30,S49,False,0,3,3,0,0,0,0,0,0,[],0.0,S33,4.76,0,3,3,0.0,,-1.727656,-13.406856,-15.134512,False,False,6,S33,False,0,0.1593,do_nothing,,,,,,,,,,,,,,,,,,,,,,,,,,,,,,,,,,,,,,,,,,,,,,,,,,,,
49,17,7,35,S33,False,0,3,3,0,15,0,0,0,0,"['B739', 'B239', 'B233', 'B572', 'B169', 'B74', 'B116', 'B137', 'B540', 'B128', 'B539', 'B731', 'B402', 'B698', 'B665']",7.5,S15,3.7,15,3,18,0.0,,-2.1528,-13.472591,-15.625391,False,False,6,S15,False,2,0.1658,pickup,,,,,,,,,,,,,,,,,,,,,,,,,,,,,,,,,,,,,,,,,,,,,,,,,,,,
49,17,7,46,S15,False,15,3,18,15,0,0,0,0,0,"['B739', 'B239', 'B233', 'B572', 'B169', 'B74', 'B116', 'B137', 'B540', 'B128', 'B539', 'B731', 'B402', 'B698', 'B665']",7.5,S54,3.9,0,3,3,0.0,,-1.435748,-13.541627,-14.977375,False,False,4,S54,False,2,0.1138,delivery,,,,,,,,,,,,,,,,,,,,,,,,,,,,,,,,,,,,,,,,,,,,,,,,,,,,
49,17,7,57,S54,False,0,3,3,0,16,0,1,0,0,"['B587', 'B723', 'B129', 'B520', 'B507', 'B741', 'B211', 'B597', 'B677', 'B667', 'B564', 'B412', 'B298', 'B311', 'B385', 'B453', 'B304']",8.5,S22,9.78,16,4,20,0.0,,-1.208864,-13.488058,-14.696922,True,True,10,S22,False,6,0.2715,pickup+depot_removal,,,,,,,,,,,,,,,,,,,,,,,,,,,,,,,,,,,,,,,,,,,,,,,,,,,,
49,17,8,15,S22,False,16,4,20,0,0,0,0,0,0,[],0.0,S26,7.39,16,4,20,0.0,,-1.306878,-13.424597,-14.731474,False,False,2,S26,False,0,0.0531,do_nothing,,,,,,,,,,,,,,,,,,,,,,,,,,,,,,,,,,,,,,,,,,,,,,,,,,,,
49,17,8,23,S26,False,16,4,20,0,0,0,0,0,0,[],0.0,S61,6.04,16,4,20,0.0,,-1.038758,-13.530452,-14.56921,False,False,4,S61,False,0,0.1156,do_nothing,,,,,,,,,,,,,,,,,,,,,,,,,,,,,,,,,,,,,,,,,,,,,,,,,,,,
49,17,8,29,S61,False,16,4,20,9,0,0,2,0,0,"['B607', 'B166', 'B587', 'B723', 'B129', 'B520', 'B507', 'B741', 'B211', 'B597', 'B677']",5.5,S66,1.13,7,6,13,0.0,,-0.747424,-13.605883,-14.353307,True,True,14,S66,False,6,0.3772,delivery+depot_removal,,,,,,,,,,,,,,,,,,,,,,,,,,,,,,,,,,,,,,,,,,,,,,,,,,,,
49,17,8,35,S66,False,7,6,13,7,0,0,0,0,0,"['B667', 'B564', 'B412', 'B298', 'B311', 'B385', 'B453']",3.5,S4,2.35,0,6,6,0.0,,-1.304308,-13.26939,-14.573698,False,False,4,S4,False,2,0.1159,delivery,,,,,,,,,,,,,,,,,,,,,,,,,,,,,,,,,,,,,,,,,,,,,,,,,,,,
49,17,8,41,S4,False,0,6,6,0,0,1,0,0,0,[],3.0,S52,1.43,0,6,6,0.0,,-1.202061,-13.304035,-14.506096,True,True,12,S52,True,2,0.3391,do_nothing+onsite,,,,,,,,,,,,,,,,,,,,,,,,,,,,,,,,,,,,,,,,,,,,,,,,,,,,
49,17,8,46,S52,False,0,6,6,0,12,0,1,0,0,"['B521', 'B326', 'B175', 'B274', 'B112', 'B155', 'B694', 'B157', 'B189', 'B556', 'B323', 'B140', 'B591']",6.5,S26,7.0,12,7,19,0.0,,-1.106488,-13.245563,-14.352051,True,True,12,S46,True,6,0.3116,pickup+depot_removal,,,,,,,,,,,,,,,,,,,,,,,,,,,,,,,,,,,,,,,,,,,,,,,,,,,,
49,17,8,59,S26,False,12,7,19,0,0,0,0,0,0,[],0.0,S50,4.82,12,7,19,0.0,,-1.007644,-13.420594,-14.428238,False,False,4,S17,True,0,0.1073,do_nothing,,,,,,,,,,,,,,,,,,,,,,,,,,,,,,,,,,,,,,,,,,,,,,,,,,,,
49,17,9,4,S50,False,12,7,19,12,0,0,0,0,0,"['B521', 'B326', 'B175', 'B274', 'B112', 'B155', 'B694', 'B157', 'B189', 'B556', 'B323', 'B140']",6.0,S46,6.02,0,7,7,0.0,,-1.203394,-13.446764,-14.650158,False,False,4,S35,True,2,0.1048,delivery,,,,,,,,,,,,,,,,,,,,,,,,,,,,,,,,,,,,,,,,,,,,,,,,,,,,
49,17,9,16,S46,False,0,7,7,0,13,0,0,0,0,"['B232', 'B397', 'B536', 'B545', 'B401', 'B281', 'B543', 'B620', 'B424', 'B707', 'B130', 'B81', 'B125']",6.5,S26,8.08,13,7,20,0.0,,-1.107994,-13.414144,-14.522138,False,False,6,S26,True,2,0.1574,pickup,,,,,,,,,,,,,,,,,,,,,,,,,,,,,,,,,,,,,,,,,,,,,,,,,,,,
49,17,9,31,S26,False,13,7,20,13,0,0,0,0,0,"['B232', 'B397', 'B536', 'B545', 'B401', 'B281', 'B543', 'B620', 'B424', 'B707', 'B130', 'B81', 'B125']",6.5,S2,6.19,0,7,7,0.0,,-0.810753,-13.368648,-14.179401,False,False,4,S34,True,2,0.105,delivery,,,,,,,,,,,,,,,,,,,,,,,,,,,,,,,,,,,,,,,,,,,,,,,,,,,,
49,17,9,43,S2,False,0,7,7,0,0,0,0,0,0,[],0.0,S63,8.26,0,7,7,0.0,,-1.402625,-13.376572,-14.779197,False,False,4,S63,False,0,0.1076,do_nothing,,,,,,,,,,,,,,,,,,,,,,,,,,,,,,,,,,,,,,,,,,,,,,,,,,,,
49,17,9,52,S63,False,0,7,7,0,13,0,0,0,0,"['B177', 'B455', 'B648', 'B553', 'B601', 'B45', 'B757', 'B433', 'B511', 'B234', 'B736', 'B33', 'B70']",6.5,S62,2.46,13,7,20,0.0,,-1.337775,-13.498407,-14.836182,False,False,4,S62,False,2,0.1093,pickup,,,,,,,,,,,,,,,,,,,,,,,,,,,,,,,,,,,,,,,,,,,,,,,,,,,,
49,17,10,1,S62,False,13,7,20,0,0,0,0,0,0,[],0.0,S31,2.98,13,7,20,0.0,,-1.762035,-13.758292,-15.520326,False,False,6,S31,True,0,0.1613,do_nothing,,,,,,,,,,,,,,,,,,,,,,,,,,,,,,,,,,,,,,,,,,,,,,,,,,,,
49,17,10,4,S31,False,13,7,20,0,0,0,0,0,0,[],0.0,S29,6.48,13,7,20,0.0,,-1.887462,-13.719972,-15.607434,False,False,4,S29,False,0,0.1085,do_nothing,,,,,,,,,,,,,,,,,,,,,,,,,,,,,,,,,,,,,,,,,,,,,,,,,,,,
49,17,10,10,S29,False,13,7,20,13,0,0,1,0,0,"['B557', 'B177', 'B455', 'B648', 'B553', 'B601', 'B45', 'B757', 'B433', 'B511', 'B234', 'B736', 'B33', 'B70']",7.0,S11,4.25,0,8,8,0.0,,-1.434446,-13.694368,-15.128813,True,True,6,S11,False,4,0.1567,delivery+depot_removal,,,,,,,,,,,,,,,,,,,,,,,,,,,,,,,,,,,,,,,,,,,,,,,,,,,,
49,17,10,21,S11,False,0,8,8,0,12,0,0,0,0,"['B551', 'B719', 'B310', 'B260', 'B534', 'B378', 'B354', 'B530', 'B263', 'B409', 'B464', 'B578']",6.0,S35,2.71,12,8,20,0.0,,-1.047621,-13.908304,-14.955925,False,False,4,S35,False,2,0.1065,pickup,,,,,,,,,,,,,,,,,,,,,,,,,,,,,,,,,,,,,,,,,,,,,,,,,,,,
49,17,10,30,S35,False,12,8,20,0,0,0,0,0,0,[],0.0,S29,1.95,12,8,20,0.0,,-0.944688,-13.79498,-14.739668,False,False,6,S29,True,0,0.1611,do_nothing,,,,,,,,,,,,,,,,,,,,,,,,,,,,,,,,,,,,,,,,,,,,,,,,,,,,
49,17,10,32,S29,False,12,8,20,0,0,0,0,0,0,[],0.0,S31,6.48,12,8,20,0.0,,-0.875969,-13.813553,-14.689522,False,False,6,S31,True,0,0.1604,do_nothing,,,,,,,,,,,,,,,,,,,,,,,,,,,,,,,,,,,,,,,,,,,,,,,,,,,,
49,17,10,38,S31,False,12,8,20,12,0,0,0,0,0,"['B551', 'B719', 'B310', 'B260', 'B534', 'B378', 'B354', 'B530', 'B263', 'B409', 'B464', 'B578']",6.0,S60,0.89,0,8,8,0.0,,-1.136818,-13.776727,-14.913545,False,False,4,S60,False,2,0.1111,delivery,,,,,,,,,,,,,,,,,,,,,,,,,,,,,,,,,,,,,,,,,,,,,,,,,,,,
49,17,10,45,S60,False,0,8,8,0,12,0,0,0,0,"['B549', 'B252', 'B615', 'B688', 'B301', 'B8', 'B126', 'B75', 'B215', 'B273', 'B147', 'B590']",6.0,S41,0.87,12,8,20,0.0,,-1.685073,-13.697681,-15.382753,False,False,4,S41,False,2,0.1121,pickup,,,,,,,,,,,,,,,,,,,,,,,,,,,,,,,,,,,,,,,,,,,,,,,,,,,,
49,17,10,52,S41,False,12,8,20,0,0,0,0,0,0,[],0.0,S29,7.7,12,8,20,0.0,,-1.401946,-13.691008,-15.092953,True,False,8,S29,True,0,0.2133,do_nothing,,,,,,,,,,,,,,,,,,,,,,,,,,,,,,,,,,,,,,,,,,,,,,,,,,,,
49,17,11,0,S29,False,12,8,20,12,0,0,0,0,0,"['B549', 'B252', 'B615', 'B688', 'B301', 'B8', 'B126', 'B75', 'B215', 'B273', 'B147', 'B590']",6.0,S3,3.51,0,8,8,0.0,,-0.887576,-13.695751,-14.583327,False,False,4,S3,False,2,0.1112,delivery,,,,,,,,,,,,,,,,,,,,,,,,,,,,,,,,,,,,,,,,,,,,,,,,,,,,
49,17,11,9,S3,False,0,8,8,0,0,0,0,0,0,[],0.0,S16,4.31,0,8,8,0.0,,-1.404606,-13.588734,-14.99334,True,False,8,S35,True,0,0.2531,do_nothing,,,,,,,,,,,,,,,,,,,,,,,,,,,,,,,,,,,,,,,,,,,,,,,,,,,,
49,17,11,14,S16,False,0,8,8,0,0,1,1,0,0,['B606'],3.5,S3,4.31,0,9,9,0.0,,-0.750757,-13.534574,-14.285331,True,True,24,S3,False,6,0.6421,do_nothing+maintenance,,,,,,,,,,,,,,,,,,,,,,,,,,,,,,,,,,,,,,,,,,,,,,,,,,,,
49,17,11,22,S3,False,0,9,9,0,11,0,0,0,0,"['B495', 'B445', 'B633', 'B62', 'B622', 'B92', 'B605', 'B575', 'B408', 'B250', 'B544']",5.5,S35,3.69,11,9,20,0.0,,-0.913996,-13.56418,-14.478177,True,False,8,S35,True,4,0.2133,pickup,,,,,,,,,,,,,,,,,,,,,,,,,,,,,,,,,,,,,,,,,,,,,,,,,,,,
49,17,11,31,S35,False,11,9,20,11,0,0,0,0,0,"['B495', 'B445', 'B633', 'B62', 'B622', 'B92', 'B605', 'B575', 'B408', 'B250', 'B544']",5.5,S16,6.87,0,9,9,0.0,,-1.106695,-13.625695,-14.73239,False,False,4,S22,True,2,0.1074,delivery,,,,,,,,,,,,,,,,,,,,,,,,,,,,,,,,,,,,,,,,,,,,,,,,,,,,
49,17,11,43,S16,False,0,9,9,0,10,0,0,0,0,"['B546', 'B629', 'B535', 'B30', 'B676', 'B385', 'B100', 'B418', 'B48', 'B628']",5.0,S22,8.42,10,9,19,0.0,,-0.813737,-13.625565,-14.439301,False,False,6,S22,False,4,0.1598,pickup,,,,,,,,,,,,,,,,,,,,,,,,,,,,,,,,,,,,,,,,,,,,,,,,,,,,
49,17,11,57,S22,False,10,9,19,10,0,0,0,0,0,"['B546', 'B629', 'B535', 'B30', 'B676', 'B385', 'B100', 'B418', 'B48', 'B628']",5.0,S39,5.77,0,9,9,0.0,,-1.135631,-13.616663,-14.752294,False,False,4,S39,False,2,0.1231,delivery,,,,,,,,,,,,,,,,,,,,,,,,,,,,,,,,,,,,,,,,,,,,,,,,,,,,
49,17,12,7,S39,False,0,9,9,0,11,1,0,0,0,"['B560', 'B751', 'B547', 'B84', 'B531', 'B159', 'B91', 'B481', 'B699', 'B456', 'B182']",8.5,S50,10.68,11,9,20,0.0,,-1.1067,-13.538762,-14.645461,True,True,8,S50,False,6,0.2085,pickup+onsite,,,,,,,,,,,,,,,,,,,,,,,,,,,,,,,,,,,,,,,,,,,,,,,,,,,,
49,17,12,26,S50,False,11,9,20,11,0,0,0,0,0,"['B560', 'B751', 'B547', 'B84', 'B531', 'B159', 'B91', 'B481', 'B699', 'B456', 'B182']",5.5,S9,11.77,0,9,9,0.0,,-1.332834,-13.599533,-14.932368,False,False,4,S29,True,2,0.1052,delivery,,,,,,,,,,,,,,,,,,,,,,,,,,,,,,,,,,,,,,,,,,,,,,,,,,,,
49,17,12,44,S9,False,0,9,9,0,11,0,0,0,0,"['B289', 'B410', 'B658', 'B162', 'B219', 'B602', 'B349', 'B342', 'B88', 'B483', 'B244']",5.5,S29,10.63,11,9,20,0.0,,-1.338585,-13.410019,-14.748604,False,False,4,S59,True,2,0.105,pickup,,,,,,,,,,,,,,,,,,,,,,,,,,,,,,,,,,,,,,,,,,,,,,,,,,,,
49,17,13,0,S29,False,11,9,20,11,0,0,0,0,0,"['B289', 'B410', 'B658', 'B162', 'B219', 'B602', 'B349', 'B342', 'B88', 'B483', 'B244']",5.5,S65,8.87,0,9,9,0.0,,-1.045096,-13.269621,-14.314717,False,False,4,S65,False,2,0.1062,delivery,,,,,,,,,,,,,,,,,,,,,,,,,,,,,,,,,,,,,,,,,,,,,,,,,,,,
49,17,13,14,S65,False,0,9,9,0,11,0,0,0,0,"['B185', 'B604', 'B136', 'B522', 'B668', 'B577', 'B636', 'B715', 'B621', 'B624', 'B570']",5.5,S54,8.42,11,9,20,0.0,,-1.203739,-13.292848,-14.496587,False,False,4,S54,False,2,0.1052,pickup,,,,,,,,,,,,,,,,,,,,,,,,,,,,,,,,,,,,,,,,,,,,,,,,,,,,
49,17,13,28,S54,False,11,9,20,11,0,0,0,0,0,"['B185', 'B604', 'B136', 'B522', 'B668', 'B577', 'B636', 'B715', 'B621', 'B624', 'B570']",5.5,S32,2.05,0,9,9,0.0,,-2.145953,-13.652022,-15.797975,False,False,4,S29,True,2,0.1053,delivery,,,,,,,,,,,,,,,,,,,,,,,,,,,,,,,,,,,,,,,,,,,,,,,,,,,,
49,17,13,36,S32,False,0,9,9,0,0,0,0,0,0,[],0.0,S51,4.37,0,9,9,0.0,,-1.694065,-13.446765,-15.14083,False,False,4,S29,True,0,0.105,do_nothing,,,,,,,,,,,,,,,,,,,,,,,,,,,,,,,,,,,,,,,,,,,,,,,,,,,,
49,17,13,40,S51,False,0,9,9,0,11,0,0,0,0,"['B177', 'B732', 'B75', 'B114', 'B253', 'B149', 'B360', 'B93', 'B488', 'B432', 'B735']",5.5,S36,1.89,11,9,20,0.0,,-2.475333,-13.387042,-15.862375,False,False,4,S32,True,2,0.1094,pickup,,,,,,,,,,,,,,,,,,,,,,,,,,,,,,,,,,,,,,,,,,,,,,,,,,,,
49,17,13,47,S36,False,11,9,20,11,0,1,0,0,0,"['B177', 'B732', 'B75', 'B114', 'B253', 'B149', 'B360', 'B93', 'B488', 'B432', 'B735']",8.5,S32,2.69,0,9,9,0.0,,-1.76155,-13.403324,-15.164874,True,True,8,S29,True,6,0.2075,delivery+onsite,,,,,,,,,,,,,,,,,,,,,,,,,,,,,,,,,,,,,,,,,,,,,,,,,,,,
49,17,13,59,S32,False,0,9,9,0,11,0,0,0,0,"['B599', 'B575', 'B590', 'B538', 'B224', 'B580', 'B630', 'B18', 'B206', 'B749', 'B239']",5.5,S29,3.29,11,9,20,0.0,,-1.956549,-13.359833,-15.316382,False,False,4,S29,False,2,0.107,pickup,,,,,,,,,,,,,,,,,,,,,,,,,,,,,,,,,,,,,,,,,,,,,,,,,,,,
49,17,14,7,S29,False,11,9,20,11,0,0,0,0,0,"['B599', 'B575', 'B590', 'B538', 'B224', 'B580', 'B630', 'B18', 'B206', 'B749', 'B239']",5.5,S65,8.87,0,9,9,0.0,,-1.986995,-13.354285,-15.34128,False,False,4,S10,True,2,0.1218,delivery,,,,,,,,,,,,,,,,,,,,,,,,,,,,,,,,,,,,,,,,,,,,,,,,,,,,
49,17,14,22,S65,False,0,9,9,0,11,0,0,0,0,"['B143', 'B197', 'B682', 'B530', 'B301', 'B578', 'B426', 'B270', 'B755', 'B566', 'B263']",5.5,S26,6.43,11,9,20,0.0,,-1.365722,-13.239127,-14.604849,False,False,4,S26,False,2,0.1069,pickup,,,,,,,,,,,,,,,,,,,,,,,,,,,,,,,,,,,,,,,,,,,,,,,,,,,,
49,17,14,34,S26,False,11,9,20,11,0,0,0,0,0,"['B143', 'B197', 'B682', 'B530', 'B301', 'B578', 'B426', 'B270', 'B755', 'B566', 'B263']",5.5,S31,6.02,0,9,9,0.0,,-1.244829,-13.304262,-14.549091,False,False,4,S35,True,2,0.105,delivery,,,,,,,,,,,,,,,,,,,,,,,,,,,,,,,,,,,,,,,,,,,,,,,,,,,,
49,17,14,45,S31,False,0,9,9,0,11,0,0,0,0,"['B478', 'B569', 'B90', 'B43', 'B448', 'B354', 'B336', 'B266', 'B317', 'B298', 'B251']",5.5,S47,2.72,11,9,20,0.0,,-1.341038,-13.381917,-14.722956,False,False,4,S47,False,2,0.1209,pickup,,,,,,,,,,,,,,,,,,,,,,,,,,,,,,,,,,,,,,,,,,,,,,,,,,,,
49,17,14,53,S47,False,11,9,20,0,0,1,0,0,0,[],3.0,S50,9.95,11,9,20,0.0,,-1.792356,-13.426614,-15.21897,True,True,8,S50,False,2,0.2259,do_nothing+onsite,,,,,,,,,,,,,,,,,,,,,,,,,,,,,,,,,,,,,,,,,,,,,,,,,,,,
49,17,15,6,S50,False,11,9,20,11,0,0,0,0,0,"['B478', 'B569', 'B90', 'B43', 'B448', 'B354', 'B336', 'B266', 'B317', 'B298', 'B251']",5.5,S12,10.53,0,9,9,0.0,,-1.307045,-13.537615,-14.844661,False,False,4,S35,True,2,0.1075,delivery,,,,,,,,,,,,,,,,,,,,,,,,,,,,,,,,,,,,,,,,,,,,,,,,,,,,
49,17,15,22,S12,False,0,9,9,0,11,0,0,0,0,"['B10', 'B213', 'B99', 'B14', 'B505', 'B322', 'B601', 'B718', 'B364', 'B567', 'B208']",5.5,S27,10.31,11,9,20,0.0,,-1.653127,-13.387673,-15.0408,True,False,6,S31,True,4,0.1561,pickup,,,,,,,,,,,,,,,,,,,,,,,,,,,,,,,,,,,,,,,,,,,,,,,,,,,,
49,17,15,38,S27,False,11,9,20,11,0,0,0,0,0,"['B10', 'B213', 'B99', 'B14', 'B505', 'B322', 'B601', 'B718', 'B364', 'B567', 'B208']",5.5,S31,2.27,0,9,9,0.0,,-1.596473,-13.014491,-14.610964,False,False,4,S47,True,2,0.1051,delivery,,,,,,,,,,,,,,,,,,,,,,,,,,,,,,,,,,,,,,,,,,,,,,,,,,,,
49,17,15,46,S31,False,0,9,9,0,11,0,0,0,0,"['B116', 'B668', 'B194', 'B562', 'B141', 'B434', 'B196', 'B32', 'B687', 'B36', 'B222']",5.5,S47,2.72,11,9,20,0.0,,-1.205614,-12.989739,-14.195354,False,False,4,S66,True,2,0.1142,pickup,,,,,,,,,,,,,,,,,,,,,,,,,,,,,,,,,,,,,,,,,,,,,,,,,,,,
49,17,15,54,S47,False,11,9,20,11,0,0,0,0,0,"['B116', 'B668', 'B194', 'B562', 'B141', 'B434', 'B196', 'B32', 'B687', 'B36', 'B222']",5.5,S41,1.45,0,9,9,0.0,,-1.436813,-12.845046,-14.281859,False,False,4,S41,False,2,0.1143,delivery,,,,,,,,,,,,,,,,,,,,,,,,,,,,,,,,,,,,,,,,,,,,,,,,,,,,
49,17,16,1,S41,False,0,9,9,0,11,1,0,0,0,"['B153', 'B138', 'B556', 'B464', 'B255', 'B757', 'B535', 'B353', 'B719', 'B713', 'B398']",8.5,S39,3.32,11,9,20,0.0,,-0.652236,-12.76408,-13.416317,True,True,8,S39,False,6,0.2118,pickup+onsite,,,,,,,,,,,,,,,,,,,,,,,,,,,,,,,,,,,,,,,,,,,,,,,,,,,,
49,17,16,13,S39,False,11,9,20,0,0,0,0,0,0,[],0.0,S55,8.56,11,9,20,0.0,,-1.337058,-13.165207,-14.502265,False,False,4,S55,False,0,0.1072,do_nothing,,,,,,,,,,,,,,,,,,,,,,,,,,,,,,,,,,,,,,,,,,,,,,,,,,,,
49,17,16,22,S55,False,11,9,20,11,0,0,0,0,0,"['B153', 'B138', 'B556', 'B464', 'B255', 'B757', 'B535', 'B353', 'B719', 'B713', 'B398']",5.5,S52,3.9,0,9,9,0.0,,-0.810561,-12.862115,-13.672676,False,False,4,S10,True,2,0.119,delivery,,,,,,,,,,,,,,,,,,,,,,,,,,,,,,,,,,,,,,,,,,,,,,,,,,,,
49,17,16,31,S52,False,0,9,9,0,8,0,1,0,0,"['B699', 'B429', 'B445', 'B667', 'B520', 'B331', 'B666', 'B646', 'B74']",4.5,S39,4.66,8,10,18,0.0,,-0.976233,-13.081366,-14.057599,True,True,12,S37,True,6,0.3204,pickup+depot_removal,,,,,,,,,,,,,,,,,,,,,,,,,,,,,,,,,,,,,,,,,,,,,,,,,,,,
49,17,16,40,S39,False,8,10,18,8,0,0,0,0,0,"['B699', 'B429', 'B445', 'B667', 'B520', 'B331', 'B666', 'B646']",4.0,S31,3.72,0,10,10,0.0,,-0.718329,-12.79196,-13.510289,False,False,4,S31,False,2,0.1058,delivery,,,,,,,,,,,,,,,,,,,,,,,,,,,,,,,,,,,,,,,,,,,,,,,,,,,,
49,17,16,48,S31,False,0,10,10,0,0,0,0,0,0,[],0.0,S22,4.51,0,10,10,0.0,,-0.586233,-12.925448,-13.511681,False,False,4,S22,False,0,0.1058,do_nothing,,,,,,,,,,,,,,,,,,,,,,,,,,,,,,,,,,,,,,,,,,,,,,,,,,,,
49,17,16,52,S22,False,0,10,10,0,0,0,0,0,0,[],0.0,S31,4.51,0,10,10,0.0,,-0.620268,-12.775998,-13.396267,False,False,4,S50,True,0,0.1055,do_nothing,,,,,,,,,,,,,,,,,,,,,,,,,,,,,,,,,,,,,,,,,,,,,,,,,,,,
49,17,16,57,S31,False,0,10,10,0,0,0,0,0,0,[],0.0,S22,4.51,0,10,10,0.0,,-0.718783,-12.853054,-13.571837,False,False,4,S22,False,0,0.1062,do_nothing,,,,,,,,,,,,,,,,,,,,,,,,,,,,,,,,,,,,,,,,,,,,,,,,,,,,
49,17,17,1,S22,False,0,10,10,0,10,0,0,0,0,"['B248', 'B179', 'B50', 'B635', 'B721', 'B357', 'B132', 'B287', 'B35', 'B55']",5.0,S62,7.3,10,10,20,0.0,,-0.683558,-12.820085,-13.503643,False,False,4,S65,True,2,0.1139,pickup,,,,,,,,,,,,,,,,,,,,,,,,,,,,,,,,,,,,,,,,,,,,,,,,,,,,
49,17,17,14,S62,False,10,10,20,10,0,1,1,0,0,"['B202', 'B248', 'B179', 'B50', 'B635', 'B721', 'B357', 'B132', 'B287', 'B35', 'B55']",8.5,S31,2.98,0,11,11,0.0,,-0.848835,-12.766533,-13.615368,True,True,12,S31,False,10,0.3113,delivery+maintenance,,,,,,,,,,,,,,,,,,,,,,,,,,,,,,,,,,,,,,,,,,,,,,,,,,,,
49,17,17,25,S31,False,0,11,11,0,0,0,0,0,0,[],0.0,S66,0.38,0,11,11,0.0,,-0.680642,-12.795832,-13.476473,False,False,4,S26,True,0,0.1166,do_nothing,,,,,,,,,,,,,,,,,,,,,,,,,,,,,,,,,,,,,,,,,,,,,,,,,,,,
49,17,17,26,S66,False,0,11,11,0,0,0,2,0,0,"['B762', 'B33']",1.0,S31,0.38,0,13,13,0.0,,-0.847156,-12.840375,-13.687532,True,True,14,S31,False,4,0.3623,do_nothing+depot_removal,,,,,,,,,,,,,,,,,,,,,,,,,,,,,,,,,,,,,,,,,,,,,,,,,,,,
49,17,17,27,S31,False,0,13,13,0,0,0,0,0,0,[],0.0,S66,0.38,0,13,13,0.0,,-0.685777,-12.853106,-13.538883,False,False,4,S66,False,0,0.1062,do_nothing,,,,,,,,,,,,,,,,,,,,,,,,,,,,,,,,,,,,,,,,,,,,,,,,,,,,
49,17,17,27,S66,False,0,13,13,0,0,0,0,0,0,[],0.0,S31,0.38,0,13,13,0.0,,-0.585753,-12.807799,-13.393552,False,False,6,S26,True,0,0.1565,do_nothing,,,,,,,,,,,,,,,,,,,,,,,,,,,,,,,,,,,,,,,,,,,,,,,,,,,,
49,17,17,28,S31,False,0,13,13,0,0,0,0,0,0,[],0.0,S37,2.81,0,13,13,0.0,,-0.683408,-12.685392,-13.3688,False,False,4,S37,False,0,0.1067,do_nothing,,,,,,,,,,,,,,,,,,,,,,,,,,,,,,,,,,,,,,,,,,,,,,,,,,,,
49,17,17,31,S37,False,0,13,13,0,7,0,0,0,0,"['B243', 'B598', 'B538', 'B341', 'B659', 'B585', 'B368']",3.5,S26,7.79,7,13,20,0.0,,-0.584775,-12.954387,-13.539162,True,False,6,S31,True,4,0.1559,pickup,,,,,,,,,,,,,,,,,,,,,,,,,,,,,,,,,,,,,,,,,,,,,,,,,,,,
49,17,17,42,S26,False,7,13,20,7,0,0,0,0,0,"['B243', 'B598', 'B538', 'B341', 'B659', 'B585', 'B368']",3.5,S31,6.02,0,13,13,0.0,,-0.421805,-12.939234,-13.361039,False,False,4,S54,True,2,0.1047,delivery,,,,,,,,,,,,,,,,,,,,,,,,,,,,,,,,,,,,,,,,,,,,,,,,,,,,
49,17,17,51,S31,False,0,13,13,0,7,0,0,0,0,"['B390', 'B174', 'B143', 'B71', 'B242', 'B700', 'B37']",3.5,S54,5.7,7,13,20,0.0,,-0.426777,-12.712413,-13.13919,False,False,4,S58,True,2,0.105,pickup,,,,,,,,,,,,,,,,,,,,,,,,,,,,,,,,,,,,,,,,,,,,,,,,,,,,
49,17,18,1,S54,False,7,13,20,7,0,0,0,0,0,"['B390', 'B174', 'B143', 'B71', 'B242', 'B700', 'B37']",3.5,S57,2.65,0,13,13,0.0,,-0.555429,-12.697416,-13.252845,False,False,4,S10,True,2,0.1121,delivery,,,,,,,,,,,,,,,,,,,,,,,,,,,,,,,,,,,,,,,,,,,,,,,,,,,,
49,17,18,7,S57,False,0,13,13,0,7,0,0,0,0,"['B408', 'B565', 'B117', 'B385', 'B80', 'B455', 'B355']",3.5,S10,2.67,7,13,20,0.0,,-0.420228,-12.733797,-13.154025,False,False,4,S45,True,2,0.112,pickup,,,,,,,,,,,,,,,,,,,,,,,,,,,,,,,,,,,,,,,,,,,,,,,,,,,,
49,17,18,13,S10,False,7,13,20,7,0,0,3,0,0,"['B214', 'B275', 'B326', 'B408', 'B565', 'B117', 'B385', 'B80', 'B455', 'B355']",5.0,S7,11.65,0,16,16,0.0,,-0.391743,-12.610177,-13.00192,True,True,10,S7,False,8,0.2677,delivery+depot_removal,,,,,,,,,,,,,,,,,,,,,,,,,,,,,,,,,,,,,,,,,,,,,,,,,,,,
49,17,18,29,S7,False,0,16,16,0,0,0,3,0,0,"['B286', 'B419', 'B600']",1.5,S13,2.1,0,19,19,0.0,,-0.615324,-12.887702,-13.503027,True,True,8,S13,False,6,0.248,do_nothing+depot_removal,,,,,,,,,,,,,,,,,,,,,,,,,,,,,,,,,,,,,,,,,,,,,,,,,,,,
49,17,18,33,S13,False,0,19,19,0,0,1,0,0,0,[],3.0,S18,9.52,0,19,19,0.0,,-0.585441,-12.511971,-13.097413,True,True,12,S18,True,4,0.2996,do_nothing+onsite,,,,,,,,,,,,,,,,,,,,,,,,,,,,,,,,,,,,,,,,,,,,,,,,,,,,
49,17,18,46,S18,False,0,19,19,0,0,0,1,0,0,['B744'],0.5,S51,6.05,0,20,20,0.0,,-0.357225,-12.519842,-12.877067,True,True,6,S51,False,2,0.1549,do_nothing+depot_removal,,,,,,,,,,,,,,,,,,,,,,,,,,,,,,,,,,,,,,,,,,,,,,,,,,,,
49,17,18,52,S51,False,0,20,20,0,0,2,0,0,0,[],6.0,S12,2.02,0,20,20,0.0,,-0.356718,-12.488383,-12.845101,True,True,6,S12,False,4,0.1406,do_nothing+onsite,,,,,,,,,,,,,,,,,,,,,,,,,,,,,,,,,,,,,,,,,,,,,,,,,,,,
49,17,19,0,S12,False,0,20,20,0,0,0,0,0,0,[],0.0,S32,6.07,0,20,20,0.0,,-0.323357,-12.50986,-12.833217,True,False,2,S32,False,0,0.0507,do_nothing,,,,,,,,,,,,,,,,,,,,,,,,,,,,,,,,,,,,,,,,,,,,,,,,,,,,
49,17,19,6,S32,False,0,20,20,0,0,1,0,0,0,[],3.0,S3,0.99,0,20,20,0.0,,-0.129093,-12.37668,-12.505774,True,True,4,S3,False,2,0.0992,do_nothing+onsite,,,,,,,,,,,,,,,,,,,,,,,,,,,,,,,,,,,,,,,,,,,,,,,,,,,,
49,17,19,10,S3,False,0,20,20,0,0,1,0,0,0,[],3.0,S40,4.17,0,20,20,0.0,,-0.389505,-12.52196,-12.911466,True,True,4,S40,False,2,0.0941,do_nothing+onsite,,,,,,,,,,,,,,,,,,,,,,,,,,,,,,,,,,,,,,,,,,,,,,,,,,,,
49,17,19,17,S40,False,0,20,20,0,0,0,0,0,0,[],0.0,S33,1.51,0,20,20,0.0,,-0.097291,-12.448431,-12.545722,True,False,2,S33,False,0,0.0497,do_nothing,,,,,,,,,,,,,,,,,,,,,,,,,,,,,,,,,,,,,,,,,,,,,,,,,,,,
49,17,19,19,S33,False,0,20,20,0,0,1,0,0,0,[],3.0,S40,1.51,0,20,20,0.0,,-0.195422,-12.360805,-12.556227,True,True,4,S40,False,2,0.0937,do_nothing+onsite,,,,,,,,,,,,,,,,,,,,,,,,,,,,,,,,,,,,,,,,,,,,,,,,,,,,
49,17,19,23,S40,False,0,20,20,0,0,0,0,0,0,[],0.0,S61,2.69,0,20,20,0.0,,-0.258518,-12.470412,-12.72893,True,False,2,S61,False,0,0.0497,do_nothing,,,,,,,,,,,,,,,,,,,,,,,,,,,,,,,,,,,,,,,,,,,,,,,,,,,,
49,17,19,26,S61,False,0,20,20,0,0,1,0,0,0,[],3.0,S18,1.44,0,20,20,0.0,,-0.193592,-12.423943,-12.617534,True,True,4,S18,False,2,0.0936,do_nothing+onsite,,,,,,,,,,,,,,,,,,,,,,,,,,,,,,,,,,,,,,,,,,,,,,,,,,,,
49,17,19,31,S18,False,0,20,20,0,0,0,0,0,0,[],0.0,S37,1.43,0,20,20,0.0,,-0.193678,-12.505457,-12.699135,True,False,2,S37,False,0,0.0476,do_nothing,,,,,,,,,,,,,,,,,,,,,,,,,,,,,,,,,,,,,,,,,,,,,,,,,,,,
49,17,19,32,S37,False,0,20,20,0,0,0,0,0,0,[],0.0,S18,1.43,0,20,20,0.0,,-0.289901,-12.555428,-12.845328,True,False,2,S18,False,0,0.0475,do_nothing,,,,,,,,,,,,,,,,,,,,,,,,,,,,,,,,,,,,,,,,,,,,,,,,,,,,
49,17,19,33,S18,False,0,20,20,0,0,0,0,0,0,[],0.0,S37,1.43,0,20,20,0.0,,-0.260328,-12.576473,-12.8368,True,False,2,S37,False,0,0.0476,do_nothing,,,,,,,,,,,,,,,,,,,,,,,,,,,,,,,,,,,,,,,,,,,,,,,,,,,,
49,17,19,35,S37,False,0,20,20,0,0,0,0,0,0,[],0.0,S18,1.43,0,20,20,0.0,,-0.194762,-12.543193,-12.737955,True,False,2,S18,False,0,0.0476,do_nothing,,,,,,,,,,,,,,,,,,,,,,,,,,,,,,,,,,,,,,,,,,,,,,,,,,,,
49,17,19,36,S18,False,0,20,20,0,0,0,0,0,0,[],0.0,S37,1.43,0,20,20,0.0,,-0.418831,-12.506706,-12.925537,True,False,2,S37,False,0,0.0476,do_nothing,,,,,,,,,,,,,,,,,,,,,,,,,,,,,,,,,,,,,,,,,,,,,,,,,,,,
49,17,19,38,S37,False,0,20,20,0,0,0,0,0,0,[],0.0,S18,1.43,0,20,20,0.0,,-0.130417,-12.515069,-12.645486,True,False,2,S18,False,0,0.0476,do_nothing,,,,,,,,,,,,,,,,,,,,,,,,,,,,,,,,,,,,,,,,,,,,,,,,,,,,
49,17,19,39,S18,False,0,20,20,0,0,0,0,0,0,[],0.0,S37,1.43,0,20,20,0.0,,-0.194257,-12.434592,-12.628848,True,False,2,S37,False,0,0.0475,do_nothing,,,,,,,,,,,,,,,,,,,,,,,,,,,,,,,,,,,,,,,,,,,,,,,,,,,,
49,17,19,41,S37,False,0,20,20,0,0,0,0,0,0,[],0.0,S18,1.43,0,20,20,0.0,,-0.130336,-12.457214,-12.58755,True,False,2,S18,False,0,0.0475,do_nothing,,,,,,,,,,,,,,,,,,,,,,,,,,,,,,,,,,,,,,,,,,,,,,,,,,,,
49,17,19,42,S18,False,0,20,20,0,0,0,0,0,0,[],0.0,S37,1.43,0,20,20,0.0,,-0.195748,-12.511029,-12.706778,True,False,2,S37,False,0,0.0475,do_nothing,,,,,,,,,,,,,,,,,,,,,,,,,,,,,,,,,,,,,,,,,,,,,,,,,,,,
49,17,19,43,S37,False,0,20,20,0,0,0,0,0,0,[],0.0,S18,1.43,0,20,20,0.0,,-0.227046,-12.586097,-12.813143,True,False,2,S18,False,0,0.0476,do_nothing,,,,,,,,,,,,,,,,,,,,,,,,,,,,,,,,,,,,,,,,,,,,,,,,,,,,
49,17,19,45,S18,False,0,20,20,0,0,0,0,0,0,[],0.0,S37,1.43,0,20,20,0.0,,-0.194922,-12.39923,-12.594152,True,False,2,S37,False,0,0.0475,do_nothing,,,,,,,,,,,,,,,,,,,,,,,,,,,,,,,,,,,,,,,,,,,,,,,,,,,,
49,17,19,46,S37,False,0,20,20,0,0,0,0,0,0,[],0.0,D0,1.72,0,20,20,0.0,,-0.421968,-12.692258,-13.114226,True,False,1,D0,False,0,0.0396,do_nothing,,,,,,,,,,,,,,,,,,,,,,,,,,,,,,,,,,,,,,,,,,,,,,,,,,,,
49,17,19,48,D0,True,0,20,20,0,0,0,0,20,11,"['B492', 'B380', 'B637', 'B167', 'B537', 'B358', 'B187', 'B369', 'B588', 'B631', 'B514', 'B482', 'B282', 'B400', 'B304', 'B607', 'B166', 'B591', 'B557', 'B606', 'B74', 'B202', 'B762', 'B33', 'B214', 'B275', 'B326', 'B286', 'B419', 'B600', 'B744']",15.5,D0,0.0,11,0,11,0.0,,-0.259917,-12.766959,-13.026876,True,True,1,D0,False,0,0.0535,do_nothing,,,,,,,,,,,,,,,,,,,,,,,,,,,,,,,,,,,,,,,,,,,,,,,,,,,,
49,18,6,4,D0,True,11,0,11,0,0,0,0,0,0,[],0.0,S62,0.46,11,0,11,0.0,,-2.974593,-13.837106,-16.8117,True,True,1,S62,False,0,0.0281,depot_passthrough,,,,,,,,,,,,,,,,,,,,,,,,,,,,,,,,,,,,,,,,,,,,,,,,,,,,
49,18,6,19,S62,False,11,0,11,11,0,0,0,0,0,"['B492', 'B380', 'B637', 'B167', 'B537', 'B358', 'B187', 'B369', 'B588', 'B631', 'B514']",5.5,S59,3.77,0,0,0,0.0,,-4.05316,-13.787227,-17.840387,False,False,4,S59,False,2,0.1115,delivery,,,,,,,,,,,,,,,,,,,,,,,,,,,,,,,,,,,,,,,,,,,,,,,,,,,,
49,18,6,28,S59,False,0,0,0,0,20,0,0,0,0,"['B423', 'B660', 'B68', 'B345', 'B476', 'B21', 'B539', 'B387', 'B120', 'B733', 'B555', 'B233', 'B741', 'B259', 'B533', 'B594', 'B662', 'B617', 'B38', 'B690']",10.0,S65,5.18,20,0,20,0.0,,-2.719701,-13.738867,-16.458568,False,False,4,S65,False,2,0.1138,pickup,,,,,,,,,,,,,,,,,,,,,,,,,,,,,,,,,,,,,,,,,,,,,,,,,,,,
49,18,6,43,S65,False,20,0,20,18,0,0,1,0,0,"['B648', 'B423', 'B660', 'B68', 'B345', 'B476', 'B21', 'B539', 'B387', 'B120', 'B733', 'B555', 'B233', 'B741', 'B259', 'B533', 'B594', 'B662', 'B617']",9.5,S47,1.6,2,1,3,0.0,,-1.996755,-13.949567,-15.946322,True,True,10,S47,False,4,0.2615,delivery+depot_removal,,,,,,,,,,,,,,,,,,,,,,,,,,,,,,,,,,,,,,,,,,,,,,,,,,,,
49,18,6,55,S47,False,2,1,3,0,17,0,0,0,0,"['B590', 'B474', 'B407', 'B195', 'B206', 'B693', 'B676', 'B7', 'B252', 'B640', 'B378', 'B361', 'B596', 'B668', 'B225', 'B86', 'B325']",8.5,S22,2.32,19,1,20,0.0,,-2.223058,-13.974736,-16.197794,False,False,4,S22,False,2,0.1095,pickup,,,,,,,,,,,,,,,,,,,,,,,,,,,,,,,,,,,,,,,,,,,,,,,,,,,,
49,18,7,5,S22,False,19,1,20,16,0,0,0,0,0,"['B38', 'B690', 'B590', 'B474', 'B407', 'B195', 'B206', 'B693', 'B676', 'B7', 'B252', 'B640', 'B378', 'B361', 'B596', 'B668']",8.0,S2,1.21,3,1,4,0.0,,-1.836472,-13.86719,-15.703662,False,False,6,S7,True,2,0.1655,delivery,,,,,,,,,,,,,,,,,,,,,,,,,,,,,,,,,,,,,,,,,,,,,,,,,,,,
49,18,7,15,S2,False,3,1,4,0,16,1,0,0,0,"['B346', 'B371', 'B262', 'B683', 'B85', 'B756', 'B227', 'B268', 'B192', 'B160', 'B119', 'B373', 'B416', 'B716', 'B113', 'B515']",11.0,S43,8.41,19,1,20,0.0,,-1.698303,-13.747276,-15.445579,True,True,8,S43,False,6,0.2276,pickup+onsite,,,,,,,,,,,,,,,,,,,,,,,,,,,,,,,,,,,,,,,,,,,,,,,,,,,,
49,18,7,34,S43,False,19,1,20,19,0,1,0,0,0,"['B225', 'B86', 'B325', 'B346', 'B371', 'B262', 'B683', 'B85', 'B756', 'B227', 'B268', 'B192', 'B160', 'B119', 'B373', 'B416', 'B716', 'B113', 'B515']",12.5,S37,1.66,0,1,1,0.0,,-1.468018,-13.814222,-15.28224,True,True,8,S37,False,6,0.259,delivery+onsite,,,,,,,,,,,,,,,,,,,,,,,,,,,,,,,,,,,,,,,,,,,,,,,,,,,,
49,18,7,48,S37,False,0,1,1,0,16,1,1,0,0,"['B715', 'B274', 'B616', 'B0', 'B645', 'B56', 'B140', 'B372', 'B622', 'B348', 'B634', 'B392', 'B531', 'B9', 'B511', 'B469', 'B181']",11.5,S66,3.07,16,2,18,0.0,,-1.928685,-13.802382,-15.731066,True,True,20,S66,False,14,0.5293,pickup+maintenance,,,,,,,,,,,,,,,,,,,,,,,,,,,,,,,,,,,,,,,,,,,,,,,,,,,,
49,18,8,3,S66,False,16,2,18,7,0,0,0,0,0,"['B715', 'B274', 'B616', 'B0', 'B645', 'B56', 'B140']",3.5,S15,3.2,9,2,11,0.0,,-1.919653,-13.767536,-15.687189,False,False,6,S15,False,4,0.1617,delivery,,,,,,,,,,,,,,,,,,,,,,,,,,,,,,,,,,,,,,,,,,,,,,,,,,,,
49,18,8,9,S15,False,9,2,11,9,0,0,0,0,0,"['B372', 'B622', 'B348', 'B634', 'B392', 'B531', 'B9', 'B511', 'B469']",4.5,S54,3.9,0,2,2,0.0,,-1.401243,-13.696948,-15.098191,False,False,4,S54,False,2,0.1212,delivery,,,,,,,,,,,,,,,,,,,,,,,,,,,,,,,,,,,,,,,,,,,,,,,,,,,,
49,18,8,18,S54,False,0,2,2,0,16,1,0,0,0,"['B184', 'B280', 'B489', 'B43', 'B449', 'B32', 'B580', 'B196', 'B68', 'B710', 'B729', 'B101', 'B50', 'B537', 'B71', 'B359']",11.0,S34,2.69,16,2,18,0.0,,-1.235107,-13.723968,-14.959075,True,True,12,S57,True,6,0.3229,pickup+onsite,,,,,,,,,,,,,,,,,,,,,,,,,,,,,,,,,,,,,,,,,,,,,,,,,,,,
49,18,8,31,S34,False,16,2,18,13,0,0,0,0,0,"['B184', 'B280', 'B489', 'B43', 'B449', 'B32', 'B580', 'B196', 'B68', 'B710', 'B729', 'B101', 'B50']",6.5,S62,2.8,3,2,5,0.0,,-1.403945,-13.728288,-15.132233,False,False,6,S62,False,4,0.1635,delivery,,,,,,,,,,,,,,,,,,,,,,,,,,,,,,,,,,,,,,,,,,,,,,,,,,,,
49,18,8,41,S62,False,3,2,5,3,0,0,0,0,0,"['B537', 'B71', 'B359']",1.5,S52,1.55,0,2,2,0.0,,-1.172721,-13.799124,-14.971845,False,False,4,S52,False,2,0.112,delivery,,,,,,,,,,,,,,,,,,,,,,,,,,,,,,,,,,,,,,,,,,,,,,,,,,,,
49,18,8,44,S52,False,0,2,2,0,11,0,0,0,0,"['B298', 'B525', 'B347', 'B574', 'B272', 'B98', 'B15', 'B8', 'B694', 'B153', 'B278']",5.5,S57,6.39,11,2,13,0.0,,-1.632612,-13.674321,-15.306933,False,False,6,S57,False,4,0.1642,pickup,,,,,,,,,,,,,,,,,,,,,,,,,,,,,,,,,,,,,,,,,,,,,,,,,,,,
49,18,8,56,S57,False,11,2,13,0,7,0,0,0,0,"['B765', 'B559', 'B67', 'B310', 'B605', 'B318', 'B337']",3.5,S35,0.73,18,2,20,0.0,,-1.394354,-13.625809,-15.020163,False,False,4,S35,False,2,0.1092,pickup,,,,,,,,,,,,,,,,,,,,,,,,,,,,,,,,,,,,,,,,,,,,,,,,,,,,
49,18,9,0,S35,False,18,2,20,12,0,0,0,0,0,"['B298', 'B525', 'B347', 'B574', 'B272', 'B98', 'B15', 'B8', 'B694', 'B153', 'B278', 'B765']",6.0,S3,3.69,6,2,8,0.0,,-1.142765,-13.760414,-14.903179,False,False,6,S51,True,2,0.1641,delivery,,,,,,,,,,,,,,,,,,,,,,,,,,,,,,,,,,,,,,,,,,,,,,,,,,,,
49,18,9,10,S3,False,6,2,8,0,12,0,0,0,0,"['B722', 'B366', 'B92', 'B47', 'B295', 'B657', 'B49', 'B517', 'B40', 'B69', 'B124', 'B253']",6.0,S32,0.99,18,2,20,0.0,,-1.072491,-13.606643,-14.679134,False,False,4,S32,False,2,0.1211,pickup,,,,,,,,,,,,,,,,,,,,,,,,,,,,,,,,,,,,,,,,,,,,,,,,,,,,
49,18,9,17,S32,False,18,2,20,9,0,1,0,0,0,"['B559', 'B67', 'B310', 'B605', 'B318', 'B337', 'B722', 'B366', 'B92']",7.5,S12,6.07,9,2,11,0.0,,-1.04142,-13.667432,-14.708852,True,True,12,S12,False,6,0.3545,delivery+onsite,,,,,,,,,,,,,,,,,,,,,,,,,,,,,,,,,,,,,,,,,,,,,,,,,,,,
49,18,9,30,S12,False,9,2,11,0,0,0,1,0,0,['B228'],0.5,S51,2.02,9,3,12,0.0,,-1.334222,-13.735195,-15.069416,True,True,8,S39,True,2,0.2305,do_nothing+depot_removal,,,,,,,,,,,,,,,,,,,,,,,,,,,,,,,,,,,,,,,,,,,,,,,,,,,,
49,18,9,33,S51,False,9,3,12,9,0,0,0,0,0,"['B47', 'B295', 'B657', 'B49', 'B517', 'B40', 'B69', 'B124', 'B253']",4.5,S53,3.97,0,3,3,0.0,,-0.97725,-13.457766,-14.435016,False,False,4,S53,False,2,0.1097,delivery,,,,,,,,,,,,,,,,,,,,,,,,,,,,,,,,,,,,,,,,,,,,,,,,,,,,
49,18,9,41,S53,False,0,3,3,0,16,0,0,0,0,"['B611', 'B665', 'B633', 'B138', 'B203', 'B667', 'B142', 'B289', 'B714', 'B222', 'B545', 'B356', 'B579', 'B484', 'B493', 'B429']",8.0,S24,9.66,16,3,19,0.0,,-0.943048,-13.632507,-14.575554,False,False,6,S39,True,2,0.1666,pickup,,,,,,,,,,,,,,,,,,,,,,,,,,,,,,,,,,,,,,,,,,,,,,,,,,,,
49,18,9,59,S24,False,16,3,19,16,0,0,0,0,0,"['B611', 'B665', 'B633', 'B138', 'B203', 'B667', 'B142', 'B289', 'B714', 'B222', 'B545', 'B356', 'B579', 'B484', 'B493', 'B429']",8.0,S39,10.34,0,3,3,0.0,,-1.143004,-13.549013,-14.692017,False,False,6,S20,True,2,0.1665,delivery,,,,,,,,,,,,,,,,,,,,,,,,,,,,,,,,,,,,,,,,,,,,,,,,,,,,
49,18,10,17,S39,False,0,3,3,0,17,1,0,0,0,"['B529', 'B157', 'B456', 'B712', 'B705', 'B717', 'B137', 'B402', 'B401', 'B745', 'B490', 'B550', 'B194', 'B384', 'B189', 'B423', 'B99']",11.5,S50,10.68,17,3,20,0.0,,-1.46528,-13.663472,-15.128752,True,True,8,S50,False,6,0.23,pickup+onsite,,,,,,,,,,,,,,,,,,,,,,,,,,,,,,,,,,,,,,,,,,,,,,,,,,,,
49,18,10,39,S50,False,17,3,20,0,0,0,0,0,0,[],0.0,S29,1.29,17,3,20,0.0,,-1.266496,-13.708762,-14.975258,False,False,6,S29,False,0,0.1829,do_nothing,,,,,,,,,,,,,,,,,,,,,,,,,,,,,,,,,,,,,,,,,,,,,,,,,,,,
49,18,10,41,S29,False,17,3,20,17,0,1,1,0,0,"['B348', 'B529', 'B157', 'B456', 'B712', 'B705', 'B717', 'B137', 'B402', 'B401', 'B745', 'B490', 'B550', 'B194', 'B384', 'B189', 'B423', 'B99']",12.0,S18,6.89,0,4,4,0.0,,-0.847516,-13.539099,-14.386614,True,True,12,S18,False,10,0.3495,delivery+maintenance,,,,,,,,,,,,,,,,,,,,,,,,,,,,,,,,,,,,,,,,,,,,,,,,,,,,
49,18,11,0,S18,False,0,4,4,0,15,0,1,0,0,"['B283', 'B145', 'B620', 'B290', 'B182', 'B44', 'B87', 'B509', 'B673', 'B389', 'B592', 'B459', 'B497', 'B507', 'B382', 'B256']",8.0,S50,8.03,15,5,20,0.0,,-1.16921,-13.409006,-14.578216,True,True,12,S41,True,6,0.3086,pickup+depot_removal,,,,,,,,,,,,,,,,,,,,,,,,,,,,,,,,,,,,,,,,,,,,,,,,,,,,
49,18,11,16,S50,False,15,5,20,15,0,0,0,0,0,"['B283', 'B145', 'B620', 'B290', 'B182', 'B44', 'B87', 'B509', 'B673', 'B389', 'B592', 'B459', 'B497', 'B507', 'B382']",7.5,S55,3.32,0,5,5,0.0,,-2.049795,-13.569513,-15.619308,False,False,4,S55,False,2,0.1042,delivery,,,,,,,,,,,,,,,,,,,,,,,,,,,,,,,,,,,,,,,,,,,,,,,,,,,,
49,18,11,26,S55,False,0,5,5,0,15,0,0,0,0,"['B759', 'B578', 'B95', 'B61', 'B115', 'B703', 'B760', 'B185', 'B483', 'B3', 'B698', 'B188', 'B313', 'B186', 'B144']",7.5,S54,0.95,15,5,20,0.0,,-1.463906,-13.450688,-14.914594,False,False,4,S41,True,2,0.1111,pickup,,,,,,,,,,,,,,,,,,,,,,,,,,,,,,,,,,,,,,,,,,,,,,,,,,,,
49,18,11,35,S54,False,15,5,20,15,0,0,1,0,0,"['B584', 'B759', 'B578', 'B95', 'B61', 'B115', 'B703', 'B760', 'B185', 'B483', 'B3', 'B698', 'B188', 'B313', 'B186', 'B144']",8.0,S41,6.96,0,6,6,0.0,,-1.270655,-13.346747,-14.617403,True,True,10,S26,True,8,0.2637,delivery+depot_removal,,,,,,,,,,,,,,,,,,,,,,,,,,,,,,,,,,,,,,,,,,,,,,,,,,,,
49,18,11,50,S41,False,0,6,6,0,14,0,0,0,0,"['B353', 'B724', 'B24', 'B568', 'B581', 'B336', 'B346', 'B371', 'B742', 'B740', 'B130', 'B229', 'B752', 'B148']",7.0,S28,8.42,14,6,20,0.0,,-1.305578,-13.122975,-14.428554,False,False,4,S28,False,2,0.1125,pickup,,,,,,,,,,,,,,,,,,,,,,,,,,,,,,,,,,,,,,,,,,,,,,,,,,,,
49,18,12,5,S28,False,14,6,20,14,0,1,0,0,0,"['B353', 'B724', 'B24', 'B568', 'B581', 'B336', 'B346', 'B371', 'B742', 'B740', 'B130', 'B229', 'B752', 'B148']",10.0,S24,5.78,0,6,6,0.0,,-1.103037,-13.447118,-14.550155,True,True,8,S15,True,6,0.2071,delivery+onsite,,,,,,,,,,,,,,,,,,,,,,,,,,,,,,,,,,,,,,,,,,,,,,,,,,,,
49,18,12,21,S24,False,0,6,6,0,0,0,0,0,0,[],0.0,S41,7.02,0,6,6,0.0,,-0.977271,-13.306036,-14.283307,False,False,4,S41,False,0,0.1066,do_nothing,,,,,,,,,,,,,,,,,,,,,,,,,,,,,,,,,,,,,,,,,,,,,,,,,,,,
49,18,12,28,S41,False,0,6,6,0,11,0,0,0,0,"['B442', 'B151', 'B412', 'B111', 'B108', 'B618', 'B739', 'B322', 'B171', 'B432', 'B305']",5.5,S15,4.47,11,6,17,0.0,,-1.135442,-13.269157,-14.404599,False,False,6,S60,True,4,0.163,pickup,,,,,,,,,,,,,,,,,,,,,,,,,,,,,,,,,,,,,,,,,,,,,,,,,,,,
49,18,12,38,S15,False,11,6,17,11,0,0,0,0,0,"['B442', 'B151', 'B412', 'B111', 'B108', 'B618', 'B739', 'B322', 'B171', 'B432', 'B305']",5.5,S16,5.18,0,6,6,0.0,,-1.107972,-13.238615,-14.346587,False,False,4,S16,False,2,0.1067,delivery,,,,,,,,,,,,,,,,,,,,,,,,,,,,,,,,,,,,,,,,,,,,,,,,,,,,
49,18,12,49,S16,False,0,6,6,0,12,0,0,0,0,"['B499', 'B38', 'B590', 'B309', 'B349', 'B681', 'B342', 'B63', 'B407', 'B552', 'B152', 'B195']",6.0,S29,5.41,12,6,18,0.0,,-0.810194,-13.427617,-14.23781,False,False,6,S44,True,2,0.1592,pickup,,,,,,,,,,,,,,,,,,,,,,,,,,,,,,,,,,,,,,,,,,,,,,,,,,,,
49,18,13,0,S29,False,12,6,18,12,0,0,0,0,0,"['B499', 'B38', 'B590', 'B309', 'B349', 'B681', 'B342', 'B63', 'B407', 'B552', 'B152', 'B195']",6.0,S60,7.31,0,6,6,0.0,,-1.106855,-13.536362,-14.643217,False,False,4,S60,False,2,0.1067,delivery,,,,,,,,,,,,,,,,,,,,,,,,,,,,,,,,,,,,,,,,,,,,,,,,,,,,
49,18,13,13,S60,False,0,6,6,0,12,0,1,0,0,"['B94', 'B636', 'B413', 'B141', 'B437', 'B754', 'B154', 'B338', 'B573', 'B428', 'B77', 'B406', 'B31']",6.5,S47,2.18,12,7,19,0.0,,-1.394012,-13.57276,-14.966772,True,True,10,S58,True,8,0.262,pickup+depot_removal,,,,,,,,,,,,,,,,,,,,,,,,,,,,,,,,,,,,,,,,,,,,,,,,,,,,
49,18,13,22,S47,False,12,7,19,12,0,0,0,0,0,"['B94', 'B636', 'B413', 'B141', 'B437', 'B754', 'B154', 'B338', 'B573', 'B428', 'B77', 'B406']",6.0,S58,5.06,0,7,7,0.0,,-1.92031,-13.354085,-15.274395,False,False,4,S58,False,2,0.1045,delivery,,,,,,,,,,,,,,,,,,,,,,,,,,,,,,,,,,,,,,,,,,,,,,,,,,,,
49,18,13,33,S58,False,0,7,7,0,13,0,0,0,0,"['B727', 'B45', 'B527', 'B128', 'B524', 'B158', 'B345', 'B670', 'B314', 'B435', 'B660', 'B139', 'B630']",6.5,S38,1.38,13,7,20,0.0,,-2.197787,-13.07312,-15.270906,False,False,4,S38,False,2,0.1092,pickup,,,,,,,,,,,,,,,,,,,,,,,,,,,,,,,,,,,,,,,,,,,,,,,,,,,,
49,18,13,41,S38,False,13,7,20,13,0,0,0,0,0,"['B727', 'B45', 'B527', 'B128', 'B524', 'B158', 'B345', 'B670', 'B314', 'B435', 'B660', 'B139', 'B630']",6.5,S66,3.69,0,7,7,0.0,,-2.138683,-13.063413,-15.202096,False,False,6,S29,True,4,0.1603,delivery,,,,,,,,,,,,,,,,,,,,,,,,,,,,,,,,,,,,,,,,,,,,,,,,,,,,
49,18,13,51,S66,False,0,7,7,0,12,0,0,0,0,"['B717', 'B283', 'B689', 'B522', 'B175', 'B358', 'B399', 'B452', 'B54', 'B227', 'B70', 'B341']",6.0,S29,6.29,12,7,19,0.0,,-1.669908,-13.122361,-14.792269,False,False,6,S51,True,2,0.159,pickup,,,,,,,,,,,,,,,,,,,,,,,,,,,,,,,,,,,,,,,,,,,,,,,,,,,,
49,18,14,3,S29,False,12,7,19,12,0,0,0,0,0,"['B717', 'B283', 'B689', 'B522', 'B175', 'B358', 'B399', 'B452', 'B54', 'B227', 'B70', 'B341']",6.0,S63,5.25,0,7,7,0.0,,-2.216483,-12.876602,-15.093085,False,False,4,S63,False,2,0.1113,delivery,,,,,,,,,,,,,,,,,,,,,,,,,,,,,,,,,,,,,,,,,,,,,,,,,,,,
49,18,14,15,S63,False,0,7,7,0,0,0,1,0,0,['B216'],0.5,S22,8.69,0,8,8,0.0,,-1.045502,-12.765789,-13.811291,True,True,12,S22,False,2,0.3205,do_nothing+depot_removal,,,,,,,,,,,,,,,,,,,,,,,,,,,,,,,,,,,,,,,,,,,,,,,,,,,,
49,18,14,24,S22,False,0,8,8,0,12,0,0,0,0,"['B7', 'B252', 'B640', 'B378', 'B361', 'B596', 'B668', 'B385', 'B233', 'B10', 'B533', 'B140']",6.0,S26,7.39,12,8,20,0.0,,-1.725965,-12.99142,-14.717386,False,False,6,S51,True,2,0.1591,pickup,,,,,,,,,,,,,,,,,,,,,,,,,,,,,,,,,,,,,,,,,,,,,,,,,,,,
49,18,14,37,S26,False,12,8,20,12,0,0,0,0,0,"['B7', 'B252', 'B640', 'B378', 'B361', 'B596', 'B668', 'B385', 'B233', 'B10', 'B533', 'B140']",6.0,S51,11.22,0,8,8,0.0,,-2.288651,-13.098756,-15.387407,False,False,4,S37,True,2,0.1071,delivery,,,,,,,,,,,,,,,,,,,,,,,,,,,,,,,,,,,,,,,,,,,,,,,,,,,,
49,18,14,55,S51,False,0,8,8,0,9,0,0,0,0,"['B690', 'B94', 'B196', 'B759', 'B242', 'B75', 'B136', 'B18', 'B5']",4.5,S39,7.16,9,8,17,0.0,,-1.266655,-13.029599,-14.296254,False,False,6,S12,True,4,0.1613,pickup,,,,,,,,,,,,,,,,,,,,,,,,,,,,,,,,,,,,,,,,,,,,,,,,,,,,
49,18,15,6,S39,False,9,8,17,9,0,0,0,0,0,"['B690', 'B94', 'B196', 'B759', 'B242', 'B75', 'B136', 'B18', 'B5']",4.5,S53,6.57,0,8,8,0.0,,-1.079004,-13.025785,-14.104789,False,False,4,S53,False,2,0.1047,delivery,,,,,,,,,,,,,,,,,,,,,,,,,,,,,,,,,,,,,,,,,,,,,,,,,,,,
49,18,15,17,S53,False,0,8,8,0,12,0,0,0,0,"['B703', 'B588', 'B185', 'B634', 'B137', 'B15', 'B403', 'B746', 'B271', 'B352', 'B387', 'B681']",6.0,S32,1.73,12,8,20,0.0,,-1.101152,-13.163616,-14.264768,False,False,4,S32,False,2,0.1141,pickup,,,,,,,,,,,,,,,,,,,,,,,,,,,,,,,,,,,,,,,,,,,,,,,,,,,,
49,18,15,25,S32,False,12,8,20,11,0,0,0,0,0,"['B703', 'B588', 'B185', 'B634', 'B137', 'B15', 'B403', 'B746', 'B271', 'B352', 'B387']",5.5,S40,3.28,1,8,9,0.0,,-0.74763,-13.023183,-13.770813,False,False,6,S40,False,2,0.1808,delivery,,,,,,,,,,,,,,,,,,,,,,,,,,,,,,,,,,,,,,,,,,,,,,,,,,,,
49,18,15,34,S40,False,1,8,9,1,0,0,1,0,0,"['B763', 'B681']",1.0,S35,4.93,0,9,9,0.0,,-0.783501,-13.067908,-13.851409,True,True,8,S35,False,6,0.2277,delivery+depot_removal,,,,,,,,,,,,,,,,,,,,,,,,,,,,,,,,,,,,,,,,,,,,,,,,,,,,
49,18,15,40,S35,False,0,9,9,0,11,0,0,0,0,"['B189', 'B506', 'B696', 'B434', 'B290', 'B608', 'B416', 'B592', 'B540', 'B26', 'B705']",5.5,S56,2.44,11,9,20,0.0,,-0.752128,-12.948749,-13.700877,True,False,10,S65,True,4,0.2895,pickup,,,,,,,,,,,,,,,,,,,,,,,,,,,,,,,,,,,,,,,,,,,,,,,,,,,,
49,18,15,48,S56,False,11,9,20,8,0,1,0,0,0,"['B189', 'B506', 'B696', 'B434', 'B290', 'B608', 'B416', 'B592']",7.0,S55,1.03,3,9,12,0.0,,-0.909248,-12.928039,-13.837288,True,True,12,S55,False,6,0.3535,delivery+onsite,,,,,,,,,,,,,,,,,,,,,,,,,,,,,,,,,,,,,,,,,,,,,,,,,,,,
49,18,15,56,S55,False,3,9,12,3,0,0,1,0,0,"['B127', 'B540', 'B26', 'B705']",2.0,S31,6.19,0,10,10,0.0,,-0.555767,-12.684166,-13.239933,True,True,8,S31,False,6,0.2123,delivery+depot_removal,,,,,,,,,,,,,,,,,,,,,,,,,,,,,,,,,,,,,,,,,,,,,,,,,,,,
49,18,16,4,S31,False,0,10,10,0,10,0,0,0,0,"['B310', 'B578', 'B676', 'B701', 'B760', 'B126', 'B639', 'B56', 'B110', 'B480']",5.0,S52,2.99,10,10,20,0.0,,-0.785834,-12.683288,-13.469122,False,False,4,S65,True,2,0.1065,pickup,,,,,,,,,,,,,,,,,,,,,,,,,,,,,,,,,,,,,,,,,,,,,,,,,,,,
49,18,16,12,S52,False,10,10,20,10,0,0,1,0,0,"['B373', 'B310', 'B578', 'B676', 'B701', 'B760', 'B126', 'B639', 'B56', 'B110', 'B480']",5.5,S59,2.59,0,11,11,0.0,,-0.74847,-12.676027,-13.424497,True,True,6,S59,False,4,0.1554,delivery+depot_removal,,,,,,,,,,,,,,,,,,,,,,,,,,,,,,,,,,,,,,,,,,,,,,,,,,,,
49,18,16,20,S59,False,0,11,11,0,9,0,0,0,0,"['B388', 'B118', 'B265', 'B516', 'B628', 'B284', 'B616', 'B589', 'B408']",4.5,S37,1.48,9,11,20,0.0,,-0.592214,-12.558708,-13.150923,False,False,4,S65,True,2,0.1045,pickup,,,,,,,,,,,,,,,,,,,,,,,,,,,,,,,,,,,,,,,,,,,,,,,,,,,,
49,18,16,26,S37,False,9,11,20,9,0,1,0,0,0,"['B388', 'B118', 'B265', 'B516', 'B628', 'B284', 'B616', 'B589', 'B408']",7.5,S65,5.89,0,11,11,0.0,,-0.715601,-12.528919,-13.24452,True,True,8,S54,True,6,0.216,delivery+onsite,,,,,,,,,,,,,,,,,,,,,,,,,,,,,,,,,,,,,,,,,,,,,,,,,,,,
49,18,16,39,S65,False,0,11,11,0,0,0,0,0,0,[],0.0,S31,3.2,0,11,11,0.0,,-0.878625,-12.317355,-13.19598,False,False,4,S15,True,0,0.1048,do_nothing,,,,,,,,,,,,,,,,,,,,,,,,,,,,,,,,,,,,,,,,,,,,,,,,,,,,
49,18,16,43,S31,False,0,11,11,0,0,0,0,0,0,[],0.0,S65,3.2,0,11,11,0.0,,-0.553549,-12.41545,-12.968999,False,False,4,S65,False,0,0.1049,do_nothing,,,,,,,,,,,,,,,,,,,,,,,,,,,,,,,,,,,,,,,,,,,,,,,,,,,,
49,18,16,46,S65,False,0,11,11,0,0,0,0,0,0,[],0.0,S31,3.2,0,11,11,0.0,,-0.554445,-12.485408,-13.039853,False,False,4,S15,True,0,0.1048,do_nothing,,,,,,,,,,,,,,,,,,,,,,,,,,,,,,,,,,,,,,,,,,,,,,,,,,,,
49,18,16,49,S31,False,0,11,11,0,0,0,0,0,0,[],0.0,S65,3.2,0,11,11,0.0,,-0.325337,-12.407453,-12.73279,False,False,4,S65,False,0,0.1045,do_nothing,,,,,,,,,,,,,,,,,,,,,,,,,,,,,,,,,,,,,,,,,,,,,,,,,,,,
49,18,16,52,S65,False,0,11,11,0,9,0,0,0,0,"['B717', 'B107', 'B220', 'B490', 'B318', 'B368', 'B765', 'B692', 'B651']",4.5,S15,5.1,9,11,20,0.0,,-0.459654,-12.351805,-12.811459,False,False,4,S15,False,2,0.1069,pickup,,,,,,,,,,,,,,,,,,,,,,,,,,,,,,,,,,,,,,,,,,,,,,,,,,,,
49,18,17,2,S15,False,9,11,20,9,0,0,0,0,0,"['B717', 'B107', 'B220', 'B490', 'B318', 'B368', 'B765', 'B692', 'B651']",4.5,S66,3.2,0,11,11,0.0,,-0.488867,-12.626508,-13.115375,False,False,6,S1,True,4,0.1591,delivery,,,,,,,,,,,,,,,,,,,,,,,,,,,,,,,,,,,,,,,,,,,,,,,,,,,,
49,18,17,9,S66,False,0,11,11,0,9,0,0,0,0,"['B523', 'B69', 'B417', 'B508', 'B627', 'B521', 'B624', 'B477', 'B720']",4.5,S1,8.66,9,11,20,0.0,,-0.688512,-12.538873,-13.227386,False,False,4,S61,True,2,0.1042,pickup,,,,,,,,,,,,,,,,,,,,,,,,,,,,,,,,,,,,,,,,,,,,,,,,,,,,
49,18,17,23,S1,False,9,11,20,9,0,0,0,0,0,"['B523', 'B69', 'B417', 'B508', 'B627', 'B521', 'B624', 'B477', 'B720']",4.5,S56,2.47,0,11,11,0.0,,-0.454189,-12.616121,-13.07031,False,False,4,S56,False,2,0.1068,delivery,,,,,,,,,,,,,,,,,,,,,,,,,,,,,,,,,,,,,,,,,,,,,,,,,,,,
49,18,17,30,S56,False,0,11,11,0,7,0,0,0,0,"['B696', 'B434', 'B290', 'B608', 'B416', 'B592', 'B245']",3.5,S54,1.7,7,11,18,0.0,,-0.325263,-12.837402,-13.162665,False,False,6,S48,True,2,0.1666,pickup,,,,,,,,,,,,,,,,,,,,,,,,,,,,,,,,,,,,,,,,,,,,,,,,,,,,
49,18,17,35,S54,False,7,11,18,0,0,1,0,0,0,[],3.0,S36,4.67,7,11,18,0.0,,-0.59147,-12.855015,-13.446486,True,True,8,S29,True,2,0.2068,do_nothing+onsite,,,,,,,,,,,,,,,,,,,,,,,,,,,,,,,,,,,,,,,,,,,,,,,,,,,,
49,18,17,42,S36,False,7,11,18,0,0,0,0,0,0,[],0.0,S7,14.02,7,11,18,0.0,,-0.260249,-12.63792,-12.898169,False,False,4,S7,False,0,0.1044,do_nothing,,,,,,,,,,,,,,,,,,,,,,,,,,,,,,,,,,,,,,,,,,,,,,,,,,,,
49,18,17,56,S7,False,7,11,18,7,0,0,0,0,0,"['B696', 'B434', 'B290', 'B608', 'B416', 'B592', 'B245']",3.5,S25,3.98,0,11,11,0.0,,-0.162219,-12.748991,-12.91121,False,False,4,S25,False,2,0.1116,delivery,,,,,,,,,,,,,,,,,,,,,,,,,,,,,,,,,,,,,,,,,,,,,,,,,,,,
49,18,18,4,S25,False,0,11,11,0,5,0,1,0,0,"['B264', 'B129', 'B292', 'B344', 'B21', 'B687']",3.0,S41,9.14,5,12,17,0.0,,-0.19591,-12.643293,-12.839203,True,True,12,S5,True,6,0.3335,pickup+depot_removal,,,,,,,,,,,,,,,,,,,,,,,,,,,,,,,,,,,,,,,,,,,,,,,,,,,,
49,18,18,16,S41,False,5,12,17,0,0,1,0,0,0,[],3.0,S36,8.44,5,12,17,0.0,,-0.096796,-12.570934,-12.667731,True,True,8,S36,False,2,0.207,do_nothing+onsite,,,,,,,,,,,,,,,,,,,,,,,,,,,,,,,,,,,,,,,,,,,,,,,,,,,,
49,18,18,27,S36,False,5,12,17,5,0,0,0,0,0,"['B264', 'B129', 'B292', 'B344', 'B21']",2.5,S43,3.2,0,12,12,0.0,,-0.163789,-12.585902,-12.749691,False,False,4,S43,False,2,0.1042,delivery,,,,,,,,,,,,,,,,,,,,,,,,,,,,,,,,,,,,,,,,,,,,,,,,,,,,
49,18,18,33,S43,False,0,12,12,0,8,0,0,0,0,"['B440', 'B231', 'B169', 'B283', 'B621', 'B376', 'B175', 'B330']",4.0,S41,5.33,8,12,20,0.0,,-0.162783,-12.719494,-12.882277,False,False,4,S41,False,2,0.1045,pickup,,,,,,,,,,,,,,,,,,,,,,,,,,,,,,,,,,,,,,,,,,,,,,,,,,,,
49,18,18,43,S41,False,8,12,20,8,0,0,0,0,0,"['B440', 'B231', 'B169', 'B283', 'B621', 'B376', 'B175', 'B330']",4.0,S15,4.47,0,12,12,0.0,,-0.064671,-12.605833,-12.670504,False,False,4,S15,False,2,0.1059,delivery,,,,,,,,,,,,,,,,,,,,,,,,,,,,,,,,,,,,,,,,,,,,,,,,,,,,
49,18,18,51,S15,False,0,12,12,0,8,0,0,0,0,"['B305', 'B767', 'B711', 'B251', 'B577', 'B717', 'B107', 'B220']",4.0,S40,2.5,8,12,20,0.0,,-0.194757,-12.560138,-12.754895,False,False,4,S40,False,2,0.105,pickup,,,,,,,,,,,,,,,,,,,,,,,,,,,,,,,,,,,,,,,,,,,,,,,,,,,,
49,18,18,57,S40,False,8,12,20,8,0,0,0,0,0,"['B305', 'B767', 'B711', 'B251', 'B577', 'B717', 'B107', 'B220']",4.0,S15,2.5,0,12,12,0.0,,-0.227381,-12.635169,-12.862549,False,False,4,S45,True,2,0.1017,delivery,,,,,,,,,,,,,,,,,,,,,,,,,,,,,,,,,,,,,,,,,,,,,,,,,,,,
49,18,19,4,S15,False,0,12,12,0,0,0,0,0,0,[],0.0,S34,1.5,0,12,12,0.0,,-0.195253,-12.664769,-12.860022,False,False,4,S34,False,0,0.1071,do_nothing,,,,,,,,,,,,,,,,,,,,,,,,,,,,,,,,,,,,,,,,,,,,,,,,,,,,
49,18,19,5,S34,False,0,12,12,0,0,0,0,0,0,[],0.0,S12,10.17,0,12,12,0.0,,-0.06434,-12.596958,-12.661298,False,False,4,S12,False,0,0.1036,do_nothing,,,,,,,,,,,,,,,,,,,,,,,,,,,,,,,,,,,,,,,,,,,,,,,,,,,,
49,18,19,16,S12,False,0,12,12,0,0,0,0,0,0,[],0.0,S48,1.68,0,12,12,0.0,,-0.129681,-12.700505,-12.830186,False,False,4,S48,False,0,0.1044,do_nothing,,,,,,,,,,,,,,,,,,,,,,,,,,,,,,,,,,,,,,,,,,,,,,,,,,,,
49,18,19,17,S48,False,0,12,12,0,8,0,0,0,0,"['B497', 'B544', 'B636', 'B207', 'B126', 'B750', 'B409', 'B165']",4.0,S51,0.84,8,12,20,0.0,,0.0,-12.61644,-12.61644,False,False,4,S51,False,2,0.1066,pickup,,,,,,,,,,,,,,,,,,,,,,,,,,,,,,,,,,,,,,,,,,,,,,,,,,,,
49,18,19,22,S51,False,8,12,20,8,0,0,0,0,0,"['B497', 'B544', 'B636', 'B207', 'B126', 'B750', 'B409', 'B165']",4.0,S12,2.02,0,12,12,0.0,,-0.228382,-12.653159,-12.88154,False,False,4,S12,False,2,0.1039,delivery,,,,,,,,,,,,,,,,,,,,,,,,,,,,,,,,,,,,,,,,,,,,,,,,,,,,
49,18,19,28,S12,False,0,12,12,0,8,0,0,0,0,"['B268', 'B143', 'B255', 'B293', 'B97', 'B73', 'B47', 'B610']",4.0,S33,6.96,8,12,20,0.0,,-0.032292,-12.635503,-12.667795,False,False,4,S33,False,2,0.1041,pickup,,,,,,,,,,,,,,,,,,,,,,,,,,,,,,,,,,,,,,,,,,,,,,,,,,,,
49,18,19,39,S33,False,8,12,20,8,0,0,0,0,0,"['B268', 'B143', 'B255', 'B293', 'B97', 'B73', 'B47', 'B610']",4.0,S31,3.18,0,12,12,0.0,,0.0,-12.420043,-12.420043,False,False,4,S31,False,2,0.1041,delivery,,,,,,,,,,,,,,,,,,,,,,,,,,,,,,,,,,,,,,,,,,,,,,,,,,,,
49,18,19,46,S31,False,0,12,12,0,8,0,0,0,0,"['B509', 'B552', 'B377', 'B597', 'B475', 'B100', 'B522', 'B85']",4.0,D0,1.48,8,12,20,0.0,,-0.031885,-12.554774,-12.586659,False,False,2,D0,False,1,0.0841,pickup,,,,,,,,,,,,,,,,,,,,,,,,,,,,,,,,,,,,,,,,,,,,,,,,,,,,
49,18,19,52,D0,True,8,12,20,0,0,0,0,12,12,"['B482', 'B282', 'B400', 'B304', 'B607', 'B166', 'B591', 'B557', 'B606', 'B74', 'B202', 'B762', 'B648', 'B181', 'B228', 'B348', 'B256', 'B584', 'B31', 'B216', 'B763', 'B127', 'B373', 'B687']",12.0,D0,0.0,20,0,20,0.0,,-0.032047,-12.424156,-12.456204,True,True,1,D0,False,0,0.0503,do_nothing,,,,,,,,,,,,,,,,,,,,,,,,,,,,,,,,,,,,,,,,,,,,,,,,,,,,
49,19,6,4,D0,True,20,0,20,0,0,0,0,0,0,[],0.0,S66,1.4,20,0,20,0.0,,-0.260834,-12.575964,-12.836798,True,True,1,S66,False,0,0.0263,depot_passthrough,,,,,,,,,,,,,,,,,,,,,,,,,,,,,,,,,,,,,,,,,,,,,,,,,,,,
49,19,6,20,S66,False,20,0,20,13,0,0,0,0,0,"['B509', 'B552', 'B377', 'B597', 'B475', 'B100', 'B522', 'B85', 'B482', 'B282', 'B400', 'B304', 'B607']",6.5,S59,2.96,7,0,7,0.0,,-0.197244,-12.676582,-12.873826,False,False,6,S59,False,4,0.1648,delivery,,,,,,,,,,,,,,,,,,,,,,,,,,,,,,,,,,,,,,,,,,,,,,,,,,,,
49,19,6,30,S59,False,7,0,7,0,0,0,1,0,0,['B258'],0.5,S44,2.83,7,1,8,0.0,,-0.227872,-12.795697,-13.023569,True,True,6,S65,True,2,0.1758,do_nothing+depot_removal,,,,,,,,,,,,,,,,,,,,,,,,,,,,,,,,,,,,,,,,,,,,,,,,,,,,
49,19,6,33,S44,False,7,1,8,0,11,0,1,0,0,"['B186', 'B576', 'B666', 'B437', 'B279', 'B726', 'B511', 'B317', 'B381', 'B625', 'B639', 'B309']",6.0,S53,1.73,18,2,20,0.0,,-0.194595,-12.667104,-12.861699,True,True,10,S53,False,8,0.2669,pickup+depot_removal,,,,,,,,,,,,,,,,,,,,,,,,,,,,,,,,,,,,,,,,,,,,,,,,,,,,
49,19,6,41,S53,False,18,2,20,11,0,0,0,0,0,"['B166', 'B591', 'B557', 'B606', 'B74', 'B202', 'B762', 'B186', 'B576', 'B666', 'B437']",5.5,S59,4.5,7,2,9,0.0,,-0.032539,-12.572469,-12.605008,False,False,6,S54,True,4,0.1622,delivery,,,,,,,,,,,,,,,,,,,,,,,,,,,,,,,,,,,,,,,,,,,,,,,,,,,,
49,19,6,51,S59,False,7,2,9,0,11,0,0,0,0,"['B301', 'B261', 'B98', 'B465', 'B650', 'B187', 'B174', 'B487', 'B328', 'B200', 'B431']",5.5,S23,6.18,18,2,20,0.0,,-0.292474,-12.701133,-12.993607,False,False,4,S23,False,2,0.1056,pickup,,,,,,,,,,,,,,,,,,,,,,,,,,,,,,,,,,,,,,,,,,,,,,,,,,,,
49,19,7,2,S23,False,18,2,20,0,0,1,0,0,0,[],3.0,S30,3.25,18,2,20,0.0,,-0.098039,-12.581968,-12.680007,True,True,4,S30,False,2,0.1165,do_nothing+onsite,,,,,,,,,,,,,,,,,,,,,,,,,,,,,,,,,,,,,,,,,,,,,,,,,,,,
49,19,7,9,S30,False,18,2,20,9,0,0,1,0,0,"['B297', 'B279', 'B726', 'B511', 'B317', 'B381', 'B625', 'B639', 'B301', 'B261']",5.0,S28,7.5,9,3,12,0.0,,-0.065665,-12.480354,-12.546019,True,True,10,S28,True,4,0.272,delivery+depot_removal,,,,,,,,,,,,,,,,,,,,,,,,,,,,,,,,,,,,,,,,,,,,,,,,,,,,
49,19,7,21,S28,False,9,3,12,0,0,0,0,0,0,[],0.0,S5,3.68,9,3,12,0.0,,-0.032622,-12.525178,-12.5578,False,False,4,S6,True,0,0.1085,do_nothing,,,,,,,,,,,,,,,,,,,,,,,,,,,,,,,,,,,,,,,,,,,,,,,,,,,,
49,19,7,25,S5,False,9,3,12,0,8,0,0,0,0,"['B613', 'B446', 'B236', 'B52', 'B496', 'B536', 'B644', 'B395']",4.0,S40,12.08,17,3,20,0.0,,0.0,-12.566173,-12.566173,False,False,4,S40,False,2,0.1086,pickup,,,,,,,,,,,,,,,,,,,,,,,,,,,,,,,,,,,,,,,,,,,,,,,,,,,,
49,19,7,41,S40,False,17,3,20,13,0,0,0,0,0,"['B98', 'B465', 'B650', 'B187', 'B174', 'B487', 'B328', 'B200', 'B431', 'B613', 'B446', 'B236', 'B52']",6.5,S52,2.21,4,3,7,0.0,,-0.032955,-12.0966,-12.129555,False,False,6,S52,False,4,0.1604,delivery,,,,,,,,,,,,,,,,,,,,,,,,,,,,,,,,,,,,,,,,,,,,,,,,,,,,
49,19,7,50,S52,False,4,3,7,0,13,0,0,0,0,"['B24', 'B568', 'B273', 'B252', 'B623', 'B532', 'B541', 'B160', 'B760', 'B422', 'B59', 'B14', 'B558']",6.5,S51,4.66,17,3,20,0.0,,0.0,-12.216539,-12.216539,False,False,4,S51,False,2,0.1089,pickup,,,,,,,,,,,,,,,,,,,,,,,,,,,,,,,,,,,,,,,,,,,,,,,,,,,,
49,19,8,1,S51,False,17,3,20,14,0,0,0,0,0,"['B496', 'B536', 'B644', 'B395', 'B24', 'B568', 'B273', 'B252', 'B623', 'B532', 'B541', 'B160', 'B760', 'B422']",7.0,S48,0.84,3,3,6,0.0,,0.0,-12.081626,-12.081626,False,False,6,S48,True,4,0.1614,delivery,,,,,,,,,,,,,,,,,,,,,,,,,,,,,,,,,,,,,,,,,,,,,,,,,,,,
49,19,8,9,S48,False,3,3,6,3,0,0,0,0,0,"['B59', 'B14', 'B558']",1.5,S59,6.45,0,3,3,0.0,,-0.16336,-12.123759,-12.287119,False,False,4,S59,False,2,0.1076,delivery,,,,,,,,,,,,,,,,,,,,,,,,,,,,,,,,,,,,,,,,,,,,,,,,,,,,
49,19,8,17,S59,False,0,3,3,0,17,0,0,0,0,"['B688', 'B572', 'B756', 'B392', 'B733', 'B357', 'B463', 'B16', 'B531', 'B686', 'B232', 'B156', 'B588', 'B291', 'B457', 'B331', 'B701']",8.5,S65,5.18,17,3,20,0.0,,-0.22556,-12.16826,-12.39382,False,False,4,S65,False,2,0.1061,pickup,,,,,,,,,,,,,,,,,,,,,,,,,,,,,,,,,,,,,,,,,,,,,,,,,,,,
49,19,8,30,S65,False,17,3,20,17,0,0,0,0,0,"['B688', 'B572', 'B756', 'B392', 'B733', 'B357', 'B463', 'B16', 'B531', 'B686', 'B232', 'B156', 'B588', 'B291', 'B457', 'B331', 'B701']",8.5,S31,3.2,0,3,3,0.0,,-0.097293,-12.216369,-12.313663,False,False,4,S31,False,2,0.1129,delivery,,,,,,,,,,,,,,,,,,,,,,,,,,,,,,,,,,,,,,,,,,,,,,,,,,,,
49,19,8,42,S31,False,0,3,3,0,15,0,0,0,0,"['B125', 'B365', 'B662', 'B589', 'B167', 'B495', 'B469', 'B43', 'B455', 'B520', 'B504', 'B524', 'B0', 'B346', 'B26']",7.5,S48,8.15,15,3,18,0.0,,-0.097628,-12.447783,-12.545411,False,False,6,S48,False,2,0.1593,pickup,,,,,,,,,,,,,,,,,,,,,,,,,,,,,,,,,,,,,,,,,,,,,,,,,,,,
49,19,8,58,S48,False,15,3,18,0,0,0,0,0,0,[],0.0,S30,9.98,15,3,18,0.0,,-0.454669,-12.558953,-13.013623,False,False,4,S30,False,0,0.1119,do_nothing,,,,,,,,,,,,,,,,,,,,,,,,,,,,,,,,,,,,,,,,,,,,,,,,,,,,
49,19,9,8,S30,False,15,3,18,9,0,0,0,0,0,"['B125', 'B365', 'B662', 'B589', 'B167', 'B495', 'B469', 'B43', 'B455']",4.5,S41,0.92,6,3,9,0.0,,-0.292959,-12.66421,-12.95717,False,False,6,S41,False,2,0.1626,delivery,,,,,,,,,,,,,,,,,,,,,,,,,,,,,,,,,,,,,,,,,,,,,,,,,,,,
49,19,9,13,S41,False,6,3,9,6,0,0,0,0,0,"['B520', 'B504', 'B524', 'B0', 'B346', 'B26']",3.0,S16,5.02,0,3,3,0.0,,-0.227222,-12.647926,-12.875148,False,False,4,S16,False,2,0.1159,delivery,,,,,,,,,,,,,,,,,,,,,,,,,,,,,,,,,,,,,,,,,,,,,,,,,,,,
49,19,9,21,S16,False,0,3,3,0,7,1,0,0,0,"['B361', 'B497', 'B544', 'B750', 'B409', 'B761', 'B726']",6.5,S43,0.58,7,3,10,0.0,,-0.389917,-12.536192,-12.926109,True,True,12,S43,False,6,0.3243,pickup+onsite,,,,,,,,,,,,,,,,,,,,,,,,,,,,,,,,,,,,,,,,,,,,,,,,,,,,
49,19,9,28,S43,False,7,3,10,0,10,0,0,0,0,"['B112', 'B375', 'B722', 'B388', 'B561', 'B84', 'B109', 'B124', 'B656', 'B169']",5.0,S15,5.75,17,3,20,0.0,,-0.262331,-12.411213,-12.673544,False,False,4,S15,False,2,0.1073,pickup,,,,,,,,,,,,,,,,,,,,,,,,,,,,,,,,,,,,,,,,,,,,,,,,,,,,
49,19,9,39,S15,False,17,3,20,17,0,0,0,0,0,"['B361', 'B497', 'B544', 'B750', 'B409', 'B761', 'B726', 'B112', 'B375', 'B722', 'B388', 'B561', 'B84', 'B109', 'B124', 'B656', 'B169']",8.5,S61,3.33,0,3,3,0.0,,-0.194339,-12.348341,-12.54268,False,False,4,S61,False,2,0.1189,delivery,,,,,,,,,,,,,,,,,,,,,,,,,,,,,,,,,,,,,,,,,,,,,,,,,,,,
49,19,9,51,S61,False,0,3,3,0,8,0,1,0,0,"['B147', 'B695', 'B305', 'B421', 'B445', 'B166', 'B29', 'B735', 'B402']",4.5,S32,5.42,8,4,12,0.0,,-0.129095,-12.530337,-12.659432,True,True,12,S28,True,6,0.3432,pickup+depot_removal,,,,,,,,,,,,,,,,,,,,,,,,,,,,,,,,,,,,,,,,,,,,,,,,,,,,
49,19,10,1,S32,False,8,4,12,8,0,0,1,0,0,"['B555', 'B147', 'B695', 'B305', 'B421', 'B445', 'B166', 'B29', 'B735']",4.5,S63,3.1,0,5,5,0.0,,-0.063932,-12.32012,-12.384052,True,True,8,S63,False,6,0.2237,delivery+depot_removal,,,,,,,,,,,,,,,,,,,,,,,,,,,,,,,,,,,,,,,,,,,,,,,,,,,,
49,19,10,8,S63,False,0,5,5,0,14,0,0,0,0,"['B567', 'B176', 'B64', 'B198', 'B207', 'B516', 'B345', 'B294', 'B412', 'B246', 'B152', 'B622', 'B435', 'B340']",7.0,S55,3.64,14,5,19,0.0,,-0.161985,-12.399181,-12.561166,False,False,6,S62,True,4,0.1727,pickup,,,,,,,,,,,,,,,,,,,,,,,,,,,,,,,,,,,,,,,,,,,,,,,,,,,,
49,19,10,19,S55,False,14,5,19,14,0,0,1,0,0,"['B243', 'B567', 'B176', 'B64', 'B198', 'B207', 'B516', 'B345', 'B294', 'B412', 'B246', 'B152', 'B622', 'B435', 'B340']",7.5,S62,3.22,0,6,6,0.0,,-0.227466,-12.284289,-12.511755,True,True,8,S62,False,6,0.2096,delivery+depot_removal,,,,,,,,,,,,,,,,,,,,,,,,,,,,,,,,,,,,,,,,,,,,,,,,,,,,
49,19,10,30,S62,False,0,6,6,0,13,0,0,0,0,"['B680', 'B55', 'B553', 'B582', 'B244', 'B251', 'B159', 'B453', 'B77', 'B499', 'B754', 'B296', 'B131']",6.5,S26,5.52,13,6,19,0.0,,-0.161472,-12.399851,-12.561323,False,False,6,S26,False,4,0.1574,pickup,,,,,,,,,,,,,,,,,,,,,,,,,,,,,,,,,,,,,,,,,,,,,,,,,,,,
49,19,10,42,S26,False,13,6,19,13,0,0,0,0,0,"['B680', 'B55', 'B553', 'B582', 'B244', 'B251', 'B159', 'B453', 'B77', 'B499', 'B754', 'B296', 'B131']",6.5,S58,8.46,0,6,6,0.0,,-0.097047,-12.281219,-12.378265,False,False,4,S6,True,2,0.106,delivery,,,,,,,,,,,,,,,,,,,,,,,,,,,,,,,,,,,,,,,,,,,,,,,,,,,,
49,19,10,57,S58,False,0,6,6,0,0,0,0,0,0,[],0.0,S44,1.79,0,6,6,0.0,,-0.422805,-12.376403,-12.799209,False,False,4,S30,True,0,0.1082,do_nothing,,,,,,,,,,,,,,,,,,,,,,,,,,,,,,,,,,,,,,,,,,,,,,,,,,,,
49,19,10,58,S44,False,0,6,6,0,13,0,0,0,0,"['B596', 'B728', 'B537', 'B583', 'B195', 'B151', 'B187', 'B54', 'B616', 'B603', 'B473', 'B108', 'B328']",6.5,S30,5.63,13,6,19,0.0,,-0.291552,-12.547138,-12.83869,False,False,6,S58,True,4,0.1606,pickup,,,,,,,,,,,,,,,,,,,,,,,,,,,,,,,,,,,,,,,,,,,,,,,,,,,,
49,19,11,10,S30,False,13,6,19,7,0,0,0,0,0,"['B596', 'B728', 'B537', 'B583', 'B195', 'B151', 'B187']",3.5,S58,4.82,6,6,12,0.0,,-0.131487,-12.419832,-12.551319,False,False,6,S20,True,4,0.1624,delivery,,,,,,,,,,,,,,,,,,,,,,,,,,,,,,,,,,,,,,,,,,,,,,,,,,,,
49,19,11,19,S58,False,6,6,12,0,8,0,0,0,0,"['B705', 'B628', 'B247', 'B759', 'B408', 'B479', 'B242', 'B136']",4.0,S20,10.73,14,6,20,0.0,,-0.289737,-12.423452,-12.713189,False,False,4,S20,False,2,0.1075,pickup,,,,,,,,,,,,,,,,,,,,,,,,,,,,,,,,,,,,,,,,,,,,,,,,,,,,
49,19,11,33,S20,False,14,6,20,14,0,0,0,0,0,"['B54', 'B616', 'B603', 'B473', 'B108', 'B328', 'B705', 'B628', 'B247', 'B759', 'B408', 'B479', 'B242', 'B136']",7.0,S37,10.44,0,6,6,0.0,,-0.681572,-12.153381,-12.834953,False,False,4,S37,False,2,0.1075,delivery,,,,,,,,,,,,,,,,,,,,,,,,,,,,,,,,,,,,,,,,,,,,,,,,,,,,
49,19,11,51,S37,False,0,6,6,0,13,0,0,0,0,"['B25', 'B253', 'B315', 'B623', 'B273', 'B192', 'B92', 'B241', 'B225', 'B87', 'B730', 'B723', 'B591']",6.5,S41,3.7,13,6,19,0.0,,-0.326815,-12.191164,-12.517979,False,False,6,S41,False,4,0.1623,pickup,,,,,,,,,,,,,,,,,,,,,,,,,,,,,,,,,,,,,,,,,,,,,,,,,,,,
49,19,12,1,S41,False,13,6,19,0,0,0,0,0,0,[],0.0,S13,7.37,13,6,19,0.0,,-1.045573,-12.376395,-13.421967,False,False,6,S13,False,0,0.1666,do_nothing,,,,,,,,,,,,,,,,,,,,,,,,,,,,,,,,,,,,,,,,,,,,,,,,,,,,
49,19,12,8,S13,False,13,6,19,13,0,0,1,0,0,"['B444', 'B25', 'B253', 'B315', 'B623', 'B273', 'B192', 'B92', 'B241', 'B225', 'B87', 'B730', 'B723', 'B591']",7.0,S60,8.16,0,7,7,0.0,,-0.787048,-12.084843,-12.871891,True,True,8,S60,False,6,0.2108,delivery+depot_removal,,,,,,,,,,,,,,,,,,,,,,,,,,,,,,,,,,,,,,,,,,,,,,,,,,,,
49,19,12,24,S60,False,0,7,7,0,13,0,0,0,0,"['B302', 'B364', 'B386', 'B604', 'B638', 'B175', 'B646', 'B65', 'B285', 'B719', 'B196', 'B693', 'B595']",6.5,S10,6.65,13,7,20,0.0,,-0.391747,-12.364813,-12.756561,False,False,4,S10,False,2,0.1059,pickup,,,,,,,,,,,,,,,,,,,,,,,,,,,,,,,,,,,,,,,,,,,,,,,,,,,,
49,19,12,37,S10,False,13,7,20,13,0,0,0,0,0,"['B302', 'B364', 'B386', 'B604', 'B638', 'B175', 'B646', 'B65', 'B285', 'B719', 'B196', 'B693', 'B595']",6.5,S56,2.55,0,7,7,0.0,,-0.488212,-12.301619,-12.789831,False,False,4,S56,False,2,0.106,delivery,,,,,,,,,,,,,,,,,,,,,,,,,,,,,,,,,,,,,,,,,,,,,,,,,,,,
49,19,12,46,S56,False,0,7,7,0,8,0,0,0,0,"['B564', 'B649', 'B500', 'B523', 'B39', 'B69', 'B202', 'B12']",4.0,S29,2.28,8,7,15,0.0,,-0.32409,-12.27406,-12.59815,False,False,6,S29,True,4,0.1645,pickup,,,,,,,,,,,,,,,,,,,,,,,,,,,,,,,,,,,,,,,,,,,,,,,,,,,,
49,19,12,52,S29,False,8,7,15,8,0,0,0,0,0,"['B564', 'B649', 'B500', 'B523', 'B39', 'B69', 'B202', 'B12']",4.0,S33,4.32,0,7,7,0.0,,-0.258602,-12.079797,-12.338399,False,False,4,S33,False,2,0.1086,delivery,,,,,,,,,,,,,,,,,,,,,,,,,,,,,,,,,,,,,,,,,,,,,,,,,,,,
49,19,13,0,S33,False,0,7,7,0,9,0,0,0,0,"['B707', 'B134', 'B767', 'B633', 'B678', 'B8', 'B178', 'B133', 'B306']",4.5,S44,1.28,9,7,16,0.0,,-0.230458,-12.180758,-12.411216,False,False,6,S62,True,4,0.1584,pickup,,,,,,,,,,,,,,,,,,,,,,,,,,,,,,,,,,,,,,,,,,,,,,,,,,,,
49,19,13,6,S44,False,9,7,16,9,0,0,0,0,0,"['B707', 'B134', 'B767', 'B633', 'B678', 'B8', 'B178', 'B133', 'B306']",4.5,S62,2.2,0,7,7,0.0,,-0.097618,-12.241454,-12.339072,False,False,4,S62,False,2,0.1055,delivery,,,,,,,,,,,,,,,,,,,,,,,,,,,,,,,,,,,,,,,,,,,,,,,,,,,,
49,19,13,13,S62,False,0,7,7,0,11,0,0,0,0,"['B518', 'B354', 'B89', 'B661', 'B494', 'B116', 'B238', 'B576', 'B163', 'B18', 'B447']",5.5,S31,2.98,11,7,18,0.0,,-0.128272,-12.288863,-12.417135,False,False,6,S31,False,4,0.1563,pickup,,,,,,,,,,,,,,,,,,,,,,,,,,,,,,,,,,,,,,,,,,,,,,,,,,,,
49,19,13,21,S31,False,11,7,18,0,0,0,0,0,0,[],0.0,S66,0.38,11,7,18,0.0,,-0.25934,-12.247718,-12.507058,False,False,4,S60,True,0,0.1081,do_nothing,,,,,,,,,,,,,,,,,,,,,,,,,,,,,,,,,,,,,,,,,,,,,,,,,,,,
49,19,13,22,S66,False,11,7,18,8,0,0,0,0,0,"['B518', 'B354', 'B89', 'B661', 'B494', 'B116', 'B238', 'B576']",4.0,S31,0.38,3,7,10,0.0,,-0.195733,-12.123988,-12.319722,False,False,6,S31,False,2,0.1606,delivery,,,,,,,,,,,,,,,,,,,,,,,,,,,,,,,,,,,,,,,,,,,,,,,,,,,,
49,19,13,26,S31,False,3,7,10,3,0,0,0,0,0,"['B163', 'B18', 'B447']",1.5,S60,0.89,0,7,7,0.0,,-0.292299,-12.205275,-12.497573,False,False,4,S60,False,2,0.1071,delivery,,,,,,,,,,,,,,,,,,,,,,,,,,,,,,,,,,,,,,,,,,,,,,,,,,,,
49,19,13,29,S60,False,0,7,7,0,13,0,0,0,0,"['B752', 'B445', 'B491', 'B488', 'B478', 'B333', 'B593', 'B605', 'B205', 'B676', 'B692', 'B623', 'B504']",6.5,S41,0.87,13,7,20,0.0,,-0.324581,-12.226485,-12.551066,False,False,4,S41,False,2,0.1061,pickup,,,,,,,,,,,,,,,,,,,,,,,,,,,,,,,,,,,,,,,,,,,,,,,,,,,,
49,19,13,36,S41,False,13,7,20,13,0,0,0,0,0,"['B752', 'B445', 'B491', 'B488', 'B478', 'B333', 'B593', 'B605', 'B205', 'B676', 'B692', 'B623', 'B504']",6.5,S35,9.63,0,7,7,0.0,,-0.322533,-12.123662,-12.446195,False,False,6,S32,True,4,0.1673,delivery,,,,,,,,,,,,,,,,,,,,,,,,,,,,,,,,,,,,,,,,,,,,,,,,,,,,
49,19,13,52,S35,False,0,7,7,0,12,0,1,0,0,"['B266', 'B86', 'B359', 'B482', 'B415', 'B103', 'B393', 'B282', 'B125', 'B143', 'B435', 'B530', 'B698']",6.5,S32,3.98,12,8,20,0.0,,-0.456901,-11.990452,-12.447352,True,True,12,S32,True,6,0.3115,pickup+depot_removal,,,,,,,,,,,,,,,,,,,,,,,,,,,,,,,,,,,,,,,,,,,,,,,,,,,,
49,19,14,3,S32,False,12,8,20,11,0,0,0,0,0,"['B266', 'B86', 'B359', 'B482', 'B415', 'B103', 'B393', 'B282', 'B125', 'B143', 'B435']",5.5,S50,4.46,1,8,9,0.0,,-0.356636,-12.02165,-12.378287,False,False,6,S50,False,2,0.1597,delivery,,,,,,,,,,,,,,,,,,,,,,,,,,,,,,,,,,,,,,,,,,,,,,,,,,,,
49,19,14,13,S50,False,1,8,9,0,0,0,0,0,0,[],0.0,S42,2.31,1,8,9,0.0,,-0.325674,-11.87414,-12.199814,False,False,4,S42,True,0,0.1225,do_nothing,,,,,,,,,,,,,,,,,,,,,,,,,,,,,,,,,,,,,,,,,,,,,,,,,,,,
49,19,14,15,S42,False,1,8,9,0,10,1,0,0,0,"['B325', 'B160', 'B94', 'B497', 'B193', 'B621', 'B552', 'B611', 'B642', 'B643']",8.0,S50,2.31,11,8,19,0.0,,-0.390163,-11.829416,-12.219579,True,True,12,S50,True,10,0.3159,pickup+onsite,,,,,,,,,,,,,,,,,,,,,,,,,,,,,,,,,,,,,,,,,,,,,,,,,,,,
49,19,14,25,S50,False,11,8,19,11,0,0,0,0,0,"['B530', 'B325', 'B160', 'B94', 'B497', 'B193', 'B621', 'B552', 'B611', 'B642', 'B643']",5.5,S40,4.22,0,8,8,0.0,,-0.263324,-11.883354,-12.146679,False,False,4,S54,True,2,0.106,delivery,,,,,,,,,,,,,,,,,,,,,,,,,,,,,,,,,,,,,,,,,,,,,,,,,,,,
49,19,14,35,S40,False,0,8,8,0,12,0,0,0,0,"['B10', 'B674', 'B688', 'B40', 'B457', 'B4', 'B761', 'B562', 'B538', 'B372', 'B641', 'B512']",6.0,S54,2.17,12,8,20,0.0,,-0.164617,-12.073986,-12.238603,False,False,6,S54,True,2,0.161,pickup,,,,,,,,,,,,,,,,,,,,,,,,,,,,,,,,,,,,,,,,,,,,,,,,,,,,
49,19,14,43,S54,False,12,8,20,8,0,0,0,0,0,"['B10', 'B674', 'B688', 'B40', 'B457', 'B4', 'B761', 'B562']",4.0,S10,1.21,4,8,12,0.0,,-0.130742,-11.977851,-12.108593,False,False,6,S10,False,2,0.1629,delivery,,,,,,,,,,,,,,,,,,,,,,,,,,,,,,,,,,,,,,,,,,,,,,,,,,,,
49,19,14,48,S10,False,4,8,12,0,8,0,0,0,0,"['B386', 'B604', 'B638', 'B175', 'B646', 'B65', 'B285', 'B719']",4.0,S29,0.66,12,8,20,0.0,,-0.164368,-12.012592,-12.17696,False,False,4,S29,False,2,0.1095,pickup,,,,,,,,,,,,,,,,,,,,,,,,,,,,,,,,,,,,,,,,,,,,,,,,,,,,
49,19,14,53,S29,False,12,8,20,8,0,0,0,0,0,"['B538', 'B372', 'B641', 'B512', 'B386', 'B604', 'B638', 'B175']",4.0,S35,1.95,4,8,12,0.0,,-0.583942,-12.117611,-12.701554,False,False,6,S37,True,2,0.1638,delivery,,,,,,,,,,,,,,,,,,,,,,,,,,,,,,,,,,,,,,,,,,,,,,,,,,,,
49,19,14,59,S35,False,4,8,12,0,0,0,0,0,0,[],0.0,S1,0.53,4,8,12,0.0,,-0.451801,-11.968516,-12.420316,False,False,4,S17,True,0,0.1048,do_nothing,,,,,,,,,,,,,,,,,,,,,,,,,,,,,,,,,,,,,,,,,,,,,,,,,,,,
49,19,14,59,S1,False,4,8,12,0,8,0,0,0,0,"['B417', 'B508', 'B627', 'B521', 'B624', 'B477', 'B720', 'B425']",4.0,S17,8.41,12,8,20,0.0,,-0.524051,-12.00652,-12.530571,False,False,4,S17,False,2,0.1072,pickup,,,,,,,,,,,,,,,,,,,,,,,,,,,,,,,,,,,,,,,,,,,,,,,,,,,,
49,19,15,12,S17,False,12,8,20,0,0,0,0,0,0,[],0.0,S6,5.44,12,8,20,0.0,,-0.26183,-12.058737,-12.320568,False,False,2,S6,False,0,0.0591,do_nothing,,,,,,,,,,,,,,,,,,,,,,,,,,,,,,,,,,,,,,,,,,,,,,,,,,,,
49,19,15,17,S6,False,12,8,20,10,0,0,0,0,0,"['B646', 'B65', 'B285', 'B719', 'B417', 'B508', 'B627', 'B521', 'B624', 'B477']",5.0,S28,2.72,2,8,10,0.0,,-0.129425,-12.004766,-12.134191,False,False,6,S28,False,2,0.1918,delivery,,,,,,,,,,,,,,,,,,,,,,,,,,,,,,,,,,,,,,,,,,,,,,,,,,,,
49,19,15,25,S28,False,2,8,10,0,0,0,0,0,0,[],0.0,S15,9.29,2,8,10,0.0,,-0.326077,-12.064596,-12.390673,False,False,6,S15,True,0,0.1652,do_nothing,,,,,,,,,,,,,,,,,,,,,,,,,,,,,,,,,,,,,,,,,,,,,,,,,,,,
49,19,15,34,S15,False,2,8,10,0,0,0,0,0,0,[],0.0,S19,9.58,2,8,10,0.0,,-0.290648,-12.0595,-12.350149,False,False,4,S43,True,0,0.1137,do_nothing,,,,,,,,,,,,,,,,,,,,,,,,,,,,,,,,,,,,,,,,,,,,,,,,,,,,
49,19,15,44,S19,False,2,8,10,2,0,1,0,0,0,"['B720', 'B425']",4.0,S43,4.28,0,8,8,0.0,,-0.326649,-11.977264,-12.303913,True,True,8,S43,False,6,0.2136,delivery+onsite,,,,,,,,,,,,,,,,,,,,,,,,,,,,,,,,,,,,,,,,,,,,,,,,,,,,
49,19,15,52,S43,False,0,8,8,0,0,0,0,0,0,[],0.0,S41,5.33,0,8,8,0.0,,-0.420402,-11.962183,-12.382585,False,False,6,S41,False,0,0.1615,do_nothing,,,,,,,,,,,,,,,,,,,,,,,,,,,,,,,,,,,,,,,,,,,,,,,,,,,,
49,19,15,57,S41,False,0,8,8,0,0,0,0,0,0,[],0.0,S61,2.24,0,8,8,0.0,,-0.324027,-11.996525,-12.320552,False,False,6,S15,True,0,0.168,do_nothing,,,,,,,,,,,,,,,,,,,,,,,,,,,,,,,,,,,,,,,,,,,,,,,,,,,,
49,19,16,0,S61,False,0,8,8,0,9,1,0,0,0,"['B253', 'B545', 'B494', 'B517', 'B84', 'B70', 'B461', 'B750', 'B421']",7.5,S26,6.04,9,8,17,0.0,,-0.360451,-11.985156,-12.345607,True,True,12,S45,True,10,0.3151,pickup+onsite,,,,,,,,,,,,,,,,,,,,,,,,,,,,,,,,,,,,,,,,,,,,,,,,,,,,
49,19,16,13,S26,False,9,8,17,0,0,0,0,0,0,[],0.0,S17,2.01,9,8,17,0.0,,-0.065084,-12.077029,-12.142112,False,False,4,S17,False,0,0.1035,do_nothing,,,,,,,,,,,,,,,,,,,,,,,,,,,,,,,,,,,,,,,,,,,,,,,,,,,,
49,19,16,15,S17,False,9,8,17,9,0,0,0,0,0,"['B253', 'B545', 'B494', 'B517', 'B84', 'B70', 'B461', 'B750', 'B421']",4.5,S45,9.1,0,8,8,0.0,,-0.35605,-12.148462,-12.504512,False,False,4,S45,False,2,0.1033,delivery,,,,,,,,,,,,,,,,,,,,,,,,,,,,,,,,,,,,,,,,,,,,,,,,,,,,
49,19,16,29,S45,False,0,8,8,0,0,0,0,0,0,[],0.0,S48,4.58,0,8,8,0.0,,-0.262398,-12.126123,-12.388521,False,False,4,S48,False,0,0.1054,do_nothing,,,,,,,,,,,,,,,,,,,,,,,,,,,,,,,,,,,,,,,,,,,,,,,,,,,,
49,19,16,33,S48,False,0,8,8,0,9,0,0,0,0,"['B403', 'B45', 'B306', 'B709', 'B564', 'B107', 'B162', 'B482', 'B125']",4.5,S32,4.4,9,8,17,0.0,,-0.323682,-12.342113,-12.665796,False,False,6,S32,False,4,0.1547,pickup,,,,,,,,,,,,,,,,,,,,,,,,,,,,,,,,,,,,,,,,,,,,,,,,,,,,
49,19,16,42,S32,False,9,8,17,9,0,0,0,0,0,"['B403', 'B45', 'B306', 'B709', 'B564', 'B107', 'B162', 'B482', 'B125']",4.5,S45,2.27,0,8,8,0.0,,-0.581199,-12.417686,-12.998885,False,False,4,S45,False,2,0.1036,delivery,,,,,,,,,,,,,,,,,,,,,,,,,,,,,,,,,,,,,,,,,,,,,,,,,,,,
49,19,16,49,S45,False,0,8,8,0,0,0,0,0,0,[],0.0,S30,6.19,0,8,8,0.0,,-0.193349,-12.26867,-12.462019,False,False,4,S30,False,0,0.1081,do_nothing,,,,,,,,,,,,,,,,,,,,,,,,,,,,,,,,,,,,,,,,,,,,,,,,,,,,
49,19,16,55,S30,False,0,8,8,0,8,0,0,0,0,"['B158', 'B92', 'B655', 'B663', 'B298', 'B238', 'B495', 'B739']",4.0,S26,6.33,8,8,16,0.0,,-0.194252,-12.412568,-12.60682,False,False,6,S26,False,2,0.1566,pickup,,,,,,,,,,,,,,,,,,,,,,,,,,,,,,,,,,,,,,,,,,,,,,,,,,,,
49,19,17,6,S26,False,8,8,16,8,0,0,0,0,0,"['B158', 'B92', 'B655', 'B663', 'B298', 'B238', 'B495', 'B739']",4.0,S64,7.31,0,8,8,0.0,,-0.032457,-12.356268,-12.388725,False,False,4,S5,True,2,0.1041,delivery,,,,,,,,,,,,,,,,,,,,,,,,,,,,,,,,,,,,,,,,,,,,,,,,,,,,
49,19,17,17,S64,False,0,8,8,0,12,0,0,0,0,"['B542', 'B201', 'B713', 'B534', 'B171', 'B16', 'B622', 'B488', 'B344', 'B400', 'B219', 'B89']",6.0,S5,9.63,12,8,20,0.0,,-0.455083,-12.23779,-12.692872,False,False,4,S45,True,2,0.1062,pickup,,,,,,,,,,,,,,,,,,,,,,,,,,,,,,,,,,,,,,,,,,,,,,,,,,,,
49,19,17,33,S5,False,12,8,20,12,0,0,0,0,0,"['B542', 'B201', 'B713', 'B534', 'B171', 'B16', 'B622', 'B488', 'B344', 'B400', 'B219', 'B89']",6.0,S28,3.68,0,8,8,0.0,,-0.61715,-12.380835,-12.997985,False,False,4,S28,False,2,0.1043,delivery,,,,,,,,,,,,,,,,,,,,,,,,,,,,,,,,,,,,,,,,,,,,,,,,,,,,
49,19,17,42,S28,False,0,8,8,0,12,0,0,0,0,"['B157', 'B60', 'B551', 'B527', 'B441', 'B276', 'B697', 'B51', 'B288', 'B142', 'B440', 'B539']",6.0,S27,8.79,12,8,20,0.0,,-0.491348,-12.338715,-12.830064,False,False,4,S27,False,2,0.1042,pickup,,,,,,,,,,,,,,,,,,,,,,,,,,,,,,,,,,,,,,,,,,,,,,,,,,,,
49,19,17,57,S27,False,12,8,20,12,0,0,0,0,0,"['B157', 'B60', 'B551', 'B527', 'B441', 'B276', 'B697', 'B51', 'B288', 'B142', 'B440', 'B539']",6.0,S45,4.36,0,8,8,0.0,,-0.78644,-12.398699,-13.185139,False,False,4,S45,False,2,0.1061,delivery,,,,,,,,,,,,,,,,,,,,,,,,,,,,,,,,,,,,,,,,,,,,,,,,,,,,
49,19,18,7,S45,False,0,8,8,0,3,0,0,0,0,"['B206', 'B259', 'B666']",1.5,S44,1.28,3,8,11,0.0,,-0.358453,-12.210184,-12.568636,False,False,4,S19,True,2,0.1149,pickup,,,,,,,,,,,,,,,,,,,,,,,,,,,,,,,,,,,,,,,,,,,,,,,,,,,,
49,19,18,10,S44,False,3,8,11,3,0,1,0,0,0,"['B206', 'B259', 'B666']",4.5,S19,4.96,0,8,8,0.0,,-0.257855,-12.018493,-12.276348,True,True,8,S19,False,6,0.2182,delivery+onsite,,,,,,,,,,,,,,,,,,,,,,,,,,,,,,,,,,,,,,,,,,,,,,,,,,,,
49,19,18,20,S19,False,0,8,8,0,9,0,0,0,0,"['B425', 'B357', 'B706', 'B683', 'B123', 'B688', 'B396', 'B337', 'B716']",4.5,S55,6.04,9,8,17,0.0,,-0.098368,-12.028114,-12.126482,False,False,6,S55,True,4,0.1589,pickup,,,,,,,,,,,,,,,,,,,,,,,,,,,,,,,,,,,,,,,,,,,,,,,,,,,,
49,19,18,30,S55,False,9,8,17,9,0,0,0,0,0,"['B425', 'B357', 'B706', 'B683', 'B123', 'B688', 'B396', 'B337', 'B716']",4.5,S43,4.24,0,8,8,0.0,,-0.06591,-12.333455,-12.399365,False,False,4,S43,False,2,0.1112,delivery,,,,,,,,,,,,,,,,,,,,,,,,,,,,,,,,,,,,,,,,,,,,,,,,,,,,
49,19,18,39,S43,False,0,8,8,0,12,0,0,0,0,"['B423', 'B308', 'B305', 'B455', 'B289', 'B287', 'B222', 'B480', 'B163', 'B18', 'B32', 'B62']",6.0,S35,7.26,12,8,20,0.0,,-0.230104,-12.226047,-12.45615,False,False,6,S35,True,2,0.1656,pickup,,,,,,,,,,,,,,,,,,,,,,,,,,,,,,,,,,,,,,,,,,,,,,,,,,,,
49,19,18,52,S35,False,12,8,20,12,0,0,1,0,0,"['B615', 'B423', 'B308', 'B305', 'B455', 'B289', 'B287', 'B222', 'B480', 'B163', 'B18', 'B32', 'B62']",6.5,S23,13.17,0,9,9,0.0,,-0.196498,-12.130478,-12.326976,True,True,6,S23,False,4,0.1753,delivery+depot_removal,,,,,,,,,,,,,,,,,,,,,,,,,,,,,,,,,,,,,,,,,,,,,,,,,,,,
49,19,19,12,S23,False,0,9,9,0,8,0,1,0,0,"['B133', 'B445', 'B166', 'B119', 'B603', 'B318', 'B15', 'B101', 'B19']",4.5,S61,6.04,8,10,18,0.0,,-0.130994,-12.144577,-12.275571,True,True,12,S7,True,6,0.3168,pickup+depot_removal,,,,,,,,,,,,,,,,,,,,,,,,,,,,,,,,,,,,,,,,,,,,,,,,,,,,
49,19,19,22,S61,False,8,10,18,6,0,0,0,0,0,"['B133', 'B445', 'B166', 'B119', 'B603', 'B318']",3.0,S33,2.17,2,10,12,0.0,,-0.130337,-12.196601,-12.326938,False,False,6,S33,False,4,0.1606,delivery,,,,,,,,,,,,,,,,,,,,,,,,,,,,,,,,,,,,,,,,,,,,,,,,,,,,
49,19,19,28,S33,False,2,10,12,0,8,0,0,0,0,"['B411', 'B57', 'B209', 'B35', 'B401', 'B499', 'B36', 'B311']",4.0,S51,4.94,10,10,20,0.0,,-0.228201,-12.258123,-12.486324,False,False,4,S51,False,2,0.1071,pickup,,,,,,,,,,,,,,,,,,,,,,,,,,,,,,,,,,,,,,,,,,,,,,,,,,,,
49,19,19,36,S51,False,10,10,20,10,0,0,0,0,0,"['B15', 'B101', 'B411', 'B57', 'B209', 'B35', 'B401', 'B499', 'B36', 'B311']",5.0,S12,2.02,0,10,10,0.0,,-0.130744,-11.95057,-12.081314,False,False,4,S12,False,2,0.1061,delivery,,,,,,,,,,,,,,,,,,,,,,,,,,,,,,,,,,,,,,,,,,,,,,,,,,,,
49,19,19,43,S12,False,0,10,10,0,10,0,0,0,0,"['B293', 'B73', 'B715', 'B496', 'B516', 'B647', 'B745', 'B672', 'B460', 'B676']",5.0,D0,5.12,10,10,20,0.0,,-0.065581,-12.155299,-12.22088,False,False,2,D0,False,1,0.0838,pickup,,,,,,,,,,,,,,,,,,,,,,,,,,,,,,,,,,,,,,,,,,,,,,,,,,,,
49,19,19,54,D0,True,10,10,20,0,0,0,0,10,10,"['B33', 'B214', 'B275', 'B326', 'B286', 'B419', 'B600', 'B744', 'B648', 'B181', 'B258', 'B309', 'B297', 'B402', 'B555', 'B243', 'B444', 'B698', 'B615', 'B19']",10.0,D0,0.0,20,0,20,0.0,,-0.293615,-11.98225,-12.275865,True,True,1,D0,False,0,0.0501,do_nothing,,,,,,,,,,,,,,,,,,,,,,,,,,,,,,,,,,,,,,,,,,,,,,,,,,,,
49,20,6,4,D0,True,20,0,20,0,0,0,0,0,0,[],0.0,S23,4.45,20,0,20,0.0,,0.0,-12.734375,-12.734375,True,True,1,S23,False,0,0.0253,depot_passthrough,,,,,,,,,,,,,,,,,,,,,,,,,,,,,,,,,,,,,,,,,,,,,,,,,,,,
49,20,6,23,S23,False,20,0,20,0,0,0,0,0,0,[],0.0,S15,7.55,20,0,20,0.0,,0.0,-12.666072,-12.666072,False,False,6,S22,True,0,0.1616,do_nothing,,,,,,,,,,,,,,,,,,,,,,,,,,,,,,,,,,,,,,,,,,,,,,,,,,,,
49,20,6,31,S15,False,20,0,20,0,0,0,0,0,0,[],0.0,S23,7.55,20,0,20,0.0,,-0.03221,-12.689907,-12.722117,False,False,6,S23,False,0,0.1614,do_nothing,,,,,,,,,,,,,,,,,,,,,,,,,,,,,,,,,,,,,,,,,,,,,,,,,,,,
49,20,6,38,S23,False,20,0,20,0,0,0,0,0,0,[],0.0,S40,8.5,20,0,20,0.0,,-0.097295,-12.61642,-12.713714,False,False,6,S22,True,0,0.161,do_nothing,,,,,,,,,,,,,,,,,,,,,,,,,,,,,,,,,,,,,,,,,,,,,,,,,,,,
49,20,6,47,S40,False,20,0,20,12,0,0,0,0,0,"['B293', 'B73', 'B715', 'B496', 'B516', 'B647', 'B745', 'B672', 'B460', 'B676', 'B33', 'B214']",6.0,S51,6.14,8,0,8,0.0,,-0.03221,-12.675001,-12.707212,False,False,6,S15,True,4,0.2043,delivery,,,,,,,,,,,,,,,,,,,,,,,,,,,,,,,,,,,,,,,,,,,,,,,,,,,,
49,20,6,59,S51,False,8,0,8,0,0,1,1,0,0,['B14'],3.5,S59,5.65,8,1,9,0.0,,-0.161058,-12.596315,-12.757373,True,True,12,S59,False,6,0.322,do_nothing+maintenance,,,,,,,,,,,,,,,,,,,,,,,,,,,,,,,,,,,,,,,,,,,,,,,,,,,,
49,20,7,8,S59,False,8,1,9,0,11,0,0,0,0,"['B550', 'B335', 'B198', 'B255', 'B467', 'B399', 'B67', 'B105', 'B98', 'B607', 'B416']",5.5,S46,4.24,19,1,20,0.0,,-0.161883,-12.657392,-12.819275,False,False,4,S46,False,2,0.1085,pickup,,,,,,,,,,,,,,,,,,,,,,,,,,,,,,,,,,,,,,,,,,,,,,,,,,,,
49,20,7,18,S46,False,19,1,20,14,0,0,0,0,0,"['B275', 'B326', 'B286', 'B419', 'B600', 'B744', 'B648', 'B181', 'B550', 'B335', 'B198', 'B255', 'B467', 'B399']",7.0,S53,0.87,5,1,6,0.0,,-0.033122,-12.707107,-12.74023,False,False,6,S15,True,4,0.1613,delivery,,,,,,,,,,,,,,,,,,,,,,,,,,,,,,,,,,,,,,,,,,,,,,,,,,,,
49,20,7,26,S53,False,5,1,6,0,0,0,0,0,0,[],0.0,S0,8.47,5,1,6,0.0,,-0.159994,-12.771696,-12.93169,False,False,4,S0,False,0,0.1072,do_nothing,,,,,,,,,,,,,,,,,,,,,,,,,,,,,,,,,,,,,,,,,,,,,,,,,,,,
49,20,7,34,S0,False,5,1,6,0,14,0,0,0,0,"['B324', 'B498', 'B234', 'B95', 'B164', 'B156', 'B75', 'B349', 'B694', 'B191', 'B29', 'B339', 'B27', 'B505']",7.0,S15,9.01,19,1,20,0.0,,-0.097209,-12.124567,-12.221776,False,False,4,S15,False,2,0.1079,pickup,,,,,,,,,,,,,,,,,,,,,,,,,,,,,,,,,,,,,,,,,,,,,,,,,,,,
49,20,7,50,S15,False,19,1,20,11,0,0,0,0,0,"['B67', 'B105', 'B98', 'B607', 'B416', 'B324', 'B498', 'B234', 'B95', 'B164', 'B156']",5.5,S27,1.32,8,1,9,0.0,,-0.033039,-12.107207,-12.140245,False,False,6,S27,False,2,0.162,delivery,,,,,,,,,,,,,,,,,,,,,,,,,,,,,,,,,,,,,,,,,,,,,,,,,,,,
49,20,7,57,S27,False,8,1,9,0,0,0,0,0,0,[],0.0,S40,2.68,8,1,9,0.0,,-0.130249,-12.158883,-12.289132,False,False,4,S33,True,0,0.1099,do_nothing,,,,,,,,,,,,,,,,,,,,,,,,,,,,,,,,,,,,,,,,,,,,,,,,,,,,
49,20,8,0,S40,False,8,1,9,0,0,0,0,0,0,[],0.0,S32,3.28,8,1,9,0.0,,-0.163035,-12.016352,-12.179387,False,False,6,S32,True,0,0.1774,do_nothing,,,,,,,,,,,,,,,,,,,,,,,,,,,,,,,,,,,,,,,,,,,,,,,,,,,,
49,20,8,3,S32,False,8,1,9,0,11,1,0,0,0,"['B56', 'B55', 'B704', 'B189', 'B633', 'B210', 'B43', 'B274', 'B559', 'B754', 'B162']",8.5,S54,2.05,19,1,20,0.0,,-0.163534,-12.009027,-12.172561,True,True,8,S54,False,6,0.2233,pickup+onsite,,,,,,,,,,,,,,,,,,,,,,,,,,,,,,,,,,,,,,,,,,,,,,,,,,,,
49,20,8,13,S54,False,19,1,20,10,0,0,0,0,0,"['B75', 'B349', 'B694', 'B191', 'B29', 'B339', 'B27', 'B505', 'B56', 'B55']",5.0,S50,2.71,9,1,10,0.0,,-0.097632,-11.908703,-12.006335,False,False,6,S50,False,2,0.1625,delivery,,,,,,,,,,,,,,,,,,,,,,,,,,,,,,,,,,,,,,,,,,,,,,,,,,,,
49,20,8,21,S50,False,9,1,10,0,0,0,0,0,0,[],0.0,S43,7.18,9,1,10,0.0,,-0.163286,-11.909189,-12.072475,False,False,4,S1,True,0,0.108,do_nothing,,,,,,,,,,,,,,,,,,,,,,,,,,,,,,,,,,,,,,,,,,,,,,,,,,,,
49,20,8,28,S43,False,9,1,10,0,0,0,0,0,0,[],0.0,S16,0.58,9,1,10,0.0,,0.0,-11.826896,-11.826896,False,False,4,S47,True,0,0.1171,do_nothing,,,,,,,,,,,,,,,,,,,,,,,,,,,,,,,,,,,,,,,,,,,,,,,,,,,,
49,20,8,29,S16,False,9,1,10,0,7,0,1,0,0,"['B384', 'B485', 'B169', 'B68', 'B737', 'B425', 'B706', 'B378']",4.0,S47,6.36,16,2,18,0.0,,-0.162868,-11.961567,-12.124435,True,True,12,S47,False,6,0.3196,pickup+depot_removal,,,,,,,,,,,,,,,,,,,,,,,,,,,,,,,,,,,,,,,,,,,,,,,,,,,,
49,20,8,39,S47,False,16,2,18,10,0,0,0,0,0,"['B704', 'B189', 'B633', 'B210', 'B43', 'B274', 'B559', 'B754', 'B162', 'B384']",5.0,S59,3.97,6,2,8,0.0,,-0.292706,-11.869567,-12.162273,False,False,6,S59,False,2,0.1625,delivery,,,,,,,,,,,,,,,,,,,,,,,,,,,,,,,,,,,,,,,,,,,,,,,,,,,,
49,20,8,48,S59,False,6,2,8,0,12,0,0,0,0,"['B757', 'B730', 'B764', 'B5', 'B128', 'B666', 'B635', 'B337', 'B36', 'B716', 'B45', 'B434']",6.0,S12,7.36,18,2,20,0.0,,-0.228611,-11.932987,-12.161599,False,False,4,S12,False,2,0.1085,pickup,,,,,,,,,,,,,,,,,,,,,,,,,,,,,,,,,,,,,,,,,,,,,,,,,,,,
49,20,9,2,S12,False,18,2,20,9,0,0,0,0,0,"['B485', 'B169', 'B68', 'B737', 'B425', 'B706', 'B757', 'B730', 'B764']",4.5,S23,13.52,9,2,11,0.0,,-0.065494,-11.868892,-11.934386,False,False,6,D0,True,2,0.1622,delivery,,,,,,,,,,,,,,,,,,,,,,,,,,,,,,,,,,,,,,,,,,,,,,,,,,,,
49,20,9,20,S23,False,9,2,11,9,0,0,0,0,0,"['B5', 'B128', 'B666', 'B635', 'B337', 'B36', 'B716', 'B45', 'B434']",4.5,S51,11.83,0,2,2,0.0,,-0.096714,-12.00662,-12.103335,False,False,4,S51,False,2,0.1102,delivery,,,,,,,,,,,,,,,,,,,,,,,,,,,,,,,,,,,,,,,,,,,,,,,,,,,,
49,20,9,36,S51,False,0,2,2,0,14,0,0,0,0,"['B329', 'B602', 'B725', 'B358', 'B501', 'B412', 'B548', 'B161', 'B229', 'B292', 'B71', 'B594', 'B475', 'B74']",7.0,S48,0.84,14,2,16,0.0,,-0.292386,-11.925822,-12.218207,False,False,6,S48,True,2,0.1759,pickup,,,,,,,,,,,,,,,,,,,,,,,,,,,,,,,,,,,,,,,,,,,,,,,,,,,,
49,20,9,44,S48,False,14,2,16,0,0,0,0,0,0,[],0.0,S64,7.33,14,2,16,0.0,,-0.38776,-12.098823,-12.486584,True,False,12,S64,True,0,0.3369,do_nothing,,,,,,,,,,,,,,,,,,,,,,,,,,,,,,,,,,,,,,,,,,,,,,,,,,,,
49,20,9,51,S64,False,14,2,16,10,0,0,0,0,0,"['B329', 'B602', 'B725', 'B358', 'B501', 'B412', 'B548', 'B161', 'B229', 'B292']",5.0,S18,0.52,4,2,6,0.0,,-0.295602,-12.03077,-12.326372,False,False,6,S18,True,4,0.1792,delivery,,,,,,,,,,,,,,,,,,,,,,,,,,,,,,,,,,,,,,,,,,,,,,,,,,,,
49,20,9,57,S18,False,4,2,6,4,0,0,1,0,0,"['B9', 'B71', 'B594', 'B475', 'B74']",2.5,S21,13.37,0,3,3,0.0,,-0.195414,-11.994915,-12.190329,True,True,8,S37,True,6,0.2165,delivery+depot_removal,,,,,,,,,,,,,,,,,,,,,,,,,,,,,,,,,,,,,,,,,,,,,,,,,,,,
49,20,10,12,S21,False,0,3,3,0,3,0,0,0,0,"['B670', 'B132', 'B762']",1.5,S45,10.18,3,3,6,0.0,,-0.262561,-12.005778,-12.268339,False,False,6,D0,True,4,0.1736,pickup,,,,,,,,,,,,,,,,,,,,,,,,,,,,,,,,,,,,,,,,,,,,,,,,,,,,
49,20,10,24,S45,False,3,3,6,0,12,0,1,0,0,"['B577', 'B464', 'B718', 'B80', 'B199', 'B520', 'B727', 'B307', 'B383', 'B478', 'B103', 'B226', 'B381']",6.5,S43,1.8,15,4,19,0.0,,-0.227555,-12.014904,-12.242459,True,True,8,S43,True,6,0.2173,pickup+depot_removal,,,,,,,,,,,,,,,,,,,,,,,,,,,,,,,,,,,,,,,,,,,,,,,,,,,,
49,20,10,32,S43,False,15,4,19,12,0,0,0,0,0,"['B670', 'B132', 'B762', 'B577', 'B464', 'B718', 'B80', 'B199', 'B520', 'B727', 'B307', 'B383']",6.0,S12,5.09,3,4,7,0.0,,-0.521334,-11.994674,-12.516007,False,False,6,S13,True,2,0.1605,delivery,,,,,,,,,,,,,,,,,,,,,,,,,,,,,,,,,,,,,,,,,,,,,,,,,,,,
49,20,10,43,S12,False,3,4,7,0,13,0,0,0,0,"['B580', 'B736', 'B459', 'B688', 'B182', 'B513', 'B485', 'B169', 'B68', 'B737', 'B425', 'B706', 'B757']",6.5,S48,1.68,16,4,20,0.0,,-0.325493,-12.131518,-12.457012,False,False,4,S48,False,2,0.1204,pickup,,,,,,,,,,,,,,,,,,,,,,,,,,,,,,,,,,,,,,,,,,,,,,,,,,,,
49,20,10,52,S48,False,16,4,20,0,0,1,0,0,0,[],3.0,S13,16.27,16,4,20,0.0,,-0.359783,-12.094097,-12.45388,True,True,12,S13,False,2,0.3303,do_nothing+onsite,,,,,,,,,,,,,,,,,,,,,,,,,,,,,,,,,,,,,,,,,,,,,,,,,,,,
49,20,11,11,S13,False,16,4,20,14,0,0,0,0,0,"['B478', 'B103', 'B226', 'B580', 'B736', 'B459', 'B688', 'B182', 'B513', 'B485', 'B169', 'B68', 'B737', 'B425']",7.0,S23,3.65,2,4,6,0.0,,-0.5195,-12.221474,-12.740974,False,False,6,S23,True,4,0.1684,delivery,,,,,,,,,,,,,,,,,,,,,,,,,,,,,,,,,,,,,,,,,,,,,,,,,,,,
49,20,11,22,S23,False,2,4,6,0,10,0,0,0,0,"['B565', 'B5', 'B128', 'B666', 'B635', 'B337', 'B36', 'B716', 'B45', 'B434']",5.0,S48,12.62,12,4,16,0.0,,-0.585106,-12.237227,-12.822332,False,False,6,S48,False,4,0.1654,pickup,,,,,,,,,,,,,,,,,,,,,,,,,,,,,,,,,,,,,,,,,,,,,,,,,,,,
49,20,11,39,S48,False,12,4,16,11,0,0,0,0,0,"['B706', 'B757', 'B565', 'B5', 'B128', 'B666', 'B635', 'B337', 'B36', 'B716', 'B45']",5.5,S51,0.84,1,4,5,0.0,,-0.615796,-12.211088,-12.826884,False,False,6,S51,False,2,0.171,delivery,,,,,,,,,,,,,,,,,,,,,,,,,,,,,,,,,,,,,,,,,,,,,,,,,,,,
49,20,11,46,S51,False,1,4,5,0,13,0,0,0,0,"['B196', 'B313', 'B121', 'B645', 'B212', 'B753', 'B326', 'B250', 'B266', 'B746', 'B660', 'B90', 'B726']",6.5,S14,10.95,14,4,18,0.0,,-0.098538,-11.987938,-12.086476,False,False,6,S14,False,4,0.1777,pickup,,,,,,,,,,,,,,,,,,,,,,,,,,,,,,,,,,,,,,,,,,,,,,,,,,,,
49,20,12,3,S14,False,14,4,18,9,0,0,1,0,0,"['B734', 'B434', 'B196', 'B313', 'B121', 'B645', 'B212', 'B753', 'B326', 'B250']",5.0,S56,5.29,5,5,10,0.0,,-0.097207,-11.990378,-12.087584,True,True,12,S56,False,6,0.333,delivery+depot_removal,,,,,,,,,,,,,,,,,,,,,,,,,,,,,,,,,,,,,,,,,,,,,,,,,,,,
49,20,12,13,S56,False,5,5,10,0,7,0,0,0,0,"['B150', 'B346', 'B268', 'B689', 'B569', 'B523', 'B223']",3.5,S42,3.65,12,5,17,0.0,,-0.259021,-11.990746,-12.249767,False,False,6,S42,True,2,0.1618,pickup,,,,,,,,,,,,,,,,,,,,,,,,,,,,,,,,,,,,,,,,,,,,,,,,,,,,
49,20,12,20,S42,False,12,5,17,0,0,0,0,0,0,[],0.0,S57,1.83,12,5,17,0.0,,-0.390669,-11.976679,-12.367349,False,False,6,S0,True,0,0.1624,do_nothing,,,,,,,,,,,,,,,,,,,,,,,,,,,,,,,,,,,,,,,,,,,,,,,,,,,,
49,20,12,22,S57,False,12,5,17,7,0,0,0,0,0,"['B266', 'B746', 'B660', 'B90', 'B726', 'B150', 'B346']",3.5,S42,1.83,5,5,10,0.0,,-0.357209,-11.852283,-12.209492,False,False,6,S42,False,4,0.1622,delivery,,,,,,,,,,,,,,,,,,,,,,,,,,,,,,,,,,,,,,,,,,,,,,,,,,,,
49,20,12,28,S42,False,5,5,10,5,0,0,0,0,0,"['B268', 'B689', 'B569', 'B523', 'B223']",2.5,S0,2.26,0,5,5,0.0,,-0.294044,-11.947306,-12.241349,False,False,4,S0,False,2,0.1057,delivery,,,,,,,,,,,,,,,,,,,,,,,,,,,,,,,,,,,,,,,,,,,,,,,,,,,,
49,20,12,32,S0,False,0,5,5,0,0,0,0,0,0,[],0.0,S8,4.16,0,5,5,0.0,,-0.456912,-12.062507,-12.519419,False,False,4,S8,True,0,0.1191,do_nothing,,,,,,,,,,,,,,,,,,,,,,,,,,,,,,,,,,,,,,,,,,,,,,,,,,,,
49,20,12,37,S8,False,0,5,5,0,0,1,0,0,0,[],3.0,S0,4.16,0,5,5,0.0,,-0.29527,-11.917577,-12.212848,True,True,12,S0,True,2,0.3169,do_nothing+onsite,,,,,,,,,,,,,,,,,,,,,,,,,,,,,,,,,,,,,,,,,,,,,,,,,,,,
49,20,12,44,S0,False,0,5,5,0,0,0,0,0,0,[],0.0,S3,6.39,0,5,5,0.0,,-0.78143,-11.981232,-12.762662,False,False,4,S3,False,0,0.1075,do_nothing,,,,,,,,,,,,,,,,,,,,,,,,,,,,,,,,,,,,,,,,,,,,,,,,,,,,
49,20,12,50,S3,False,0,5,5,0,0,0,0,0,0,[],0.0,S30,9.25,0,5,5,0.0,,-0.393663,-12.006123,-12.399786,False,False,4,S30,False,0,0.1132,do_nothing,,,,,,,,,,,,,,,,,,,,,,,,,,,,,,,,,,,,,,,,,,,,,,,,,,,,
49,20,12,59,S30,False,0,5,5,0,8,1,0,0,0,"['B244', 'B183', 'B542', 'B201', 'B608', 'B351', 'B675', 'B296']",7.0,S31,1.91,8,5,13,0.0,,-0.490461,-11.992399,-12.48286,True,True,12,S31,False,6,0.3226,pickup+onsite,,,,,,,,,,,,,,,,,,,,,,,,,,,,,,,,,,,,,,,,,,,,,,,,,,,,
49,20,13,8,S31,False,8,5,13,8,0,0,0,0,0,"['B244', 'B183', 'B542', 'B201', 'B608', 'B351', 'B675', 'B296']",4.0,S40,3.53,0,5,5,0.0,,-0.621775,-12.00086,-12.622635,False,False,4,S40,False,2,0.1078,delivery,,,,,,,,,,,,,,,,,,,,,,,,,,,,,,,,,,,,,,,,,,,,,,,,,,,,
49,20,13,16,S40,False,0,5,5,0,14,0,0,0,0,"['B647', 'B745', 'B672', 'B460', 'B676', 'B33', 'B214', 'B135', 'B752', 'B50', 'B91', 'B264', 'B107', 'B545']",7.0,S51,6.14,14,5,19,0.0,,-0.521814,-12.010627,-12.53244,False,False,6,S51,True,2,0.1572,pickup,,,,,,,,,,,,,,,,,,,,,,,,,,,,,,,,,,,,,,,,,,,,,,,,,,,,
49,20,13,29,S51,False,14,5,19,14,0,0,0,0,0,"['B647', 'B745', 'B672', 'B460', 'B676', 'B33', 'B214', 'B135', 'B752', 'B50', 'B91', 'B264', 'B107', 'B545']",7.0,S12,2.02,0,5,5,0.0,,-0.485958,-12.082983,-12.568941,False,False,4,S12,False,2,0.1065,delivery,,,,,,,,,,,,,,,,,,,,,,,,,,,,,,,,,,,,,,,,,,,,,,,,,,,,
49,20,13,38,S12,False,0,5,5,0,9,0,0,0,0,"['B486', 'B252', 'B191', 'B339', 'B669', 'B631', 'B315', 'B49', 'B667']",4.5,S37,6.56,9,5,14,0.0,,-0.225809,-11.951611,-12.17742,False,False,6,S37,False,4,0.1571,pickup,,,,,,,,,,,,,,,,,,,,,,,,,,,,,,,,,,,,,,,,,,,,,,,,,,,,
49,20,13,49,S37,False,9,5,14,9,0,1,0,0,0,"['B486', 'B252', 'B191', 'B339', 'B669', 'B631', 'B315', 'B49', 'B667']",7.5,S25,12.82,0,5,5,0.0,,-0.162783,-11.912815,-12.075598,True,True,8,S25,False,6,0.2136,delivery+onsite,,,,,,,,,,,,,,,,,,,,,,,,,,,,,,,,,,,,,,,,,,,,,,,,,,,,
49,20,14,9,S25,False,0,5,5,0,8,0,0,0,0,"['B320', 'B115', 'B537', 'B300', 'B380', 'B469', 'B197', 'B87']",4.0,S15,10.79,8,5,13,0.0,,-0.163692,-12.11361,-12.277302,False,False,6,S15,False,2,0.1595,pickup,,,,,,,,,,,,,,,,,,,,,,,,,,,,,,,,,,,,,,,,,,,,,,,,,,,,
49,20,14,24,S15,False,8,5,13,8,0,0,0,0,0,"['B320', 'B115', 'B537', 'B300', 'B380', 'B469', 'B197', 'B87']",4.0,S53,4.77,0,5,5,0.0,,-0.489125,-12.198412,-12.687537,False,False,4,S53,False,2,0.113,delivery,,,,,,,,,,,,,,,,,,,,,,,,,,,,,,,,,,,,,,,,,,,,,,,,,,,,
49,20,14,33,S53,False,0,5,5,0,15,0,0,0,0,"['B422', 'B361', 'B302', 'B397', 'B22', 'B328', 'B587', 'B618', 'B761', 'B451', 'B695', 'B293', 'B334', 'B338', 'B363']",7.5,S36,2.92,15,5,20,0.0,,-0.128684,-11.929906,-12.05859,False,False,4,S36,False,2,0.1081,pickup,,,,,,,,,,,,,,,,,,,,,,,,,,,,,,,,,,,,,,,,,,,,,,,,,,,,
49,20,14,43,S36,False,15,5,20,10,0,0,0,0,0,"['B422', 'B361', 'B302', 'B397', 'B22', 'B328', 'B587', 'B618', 'B761', 'B451']",5.0,S22,11.83,5,5,10,0.0,,-0.031966,-12.008145,-12.040112,False,False,6,S22,False,2,0.1701,delivery,,,,,,,,,,,,,,,,,,,,,,,,,,,,,,,,,,,,,,,,,,,,,,,,,,,,
49,20,15,0,S22,False,5,5,10,0,0,0,0,0,0,[],0.0,S23,1.6,5,5,10,0.0,,-0.260325,-12.248821,-12.509146,False,False,4,S5,True,0,0.1094,do_nothing,,,,,,,,,,,,,,,,,,,,,,,,,,,,,,,,,,,,,,,,,,,,,,,,,,,,
49,20,15,2,S23,False,5,5,10,5,0,0,0,0,0,"['B695', 'B293', 'B334', 'B338', 'B363']",2.5,S5,4.49,0,5,5,0.0,,-0.680645,-12.239894,-12.920539,False,False,4,S5,False,2,0.1072,delivery,,,,,,,,,,,,,,,,,,,,,,,,,,,,,,,,,,,,,,,,,,,,,,,,,,,,
49,20,15,9,S5,False,0,5,5,0,0,0,0,0,0,[],0.0,S61,10.0,0,5,5,0.0,,-0.194099,-12.186738,-12.380838,False,False,4,S61,False,0,0.108,do_nothing,,,,,,,,,,,,,,,,,,,,,,,,,,,,,,,,,,,,,,,,,,,,,,,,,,,,
49,20,15,19,S61,False,0,5,5,0,10,0,0,0,0,"['B393', 'B2', 'B401', 'B224', 'B294', 'B502', 'B712', 'B356', 'B306', 'B738']",5.0,S22,5.51,10,5,15,0.0,,-0.420913,-12.038243,-12.459157,False,False,6,S32,True,4,0.177,pickup,,,,,,,,,,,,,,,,,,,,,,,,,,,,,,,,,,,,,,,,,,,,,,,,,,,,
49,20,15,29,S22,False,10,5,15,10,0,0,0,0,0,"['B393', 'B2', 'B401', 'B224', 'B294', 'B502', 'B712', 'B356', 'B306', 'B738']",5.0,S32,10.82,0,5,5,0.0,,-0.516214,-12.241852,-12.758065,False,False,4,S32,False,2,0.1135,delivery,,,,,,,,,,,,,,,,,,,,,,,,,,,,,,,,,,,,,,,,,,,,,,,,,,,,
49,20,15,45,S32,False,0,5,5,0,15,0,0,0,0,"['B217', 'B554', 'B481', 'B450', 'B8', 'B148', 'B100', 'B656', 'B327', 'B355', 'B538', 'B504', 'B167', 'B729', 'B543']",7.5,S55,1.17,15,5,20,0.0,,-0.322288,-12.225814,-12.548102,False,False,4,S55,False,2,0.1084,pickup,,,,,,,,,,,,,,,,,,,,,,,,,,,,,,,,,,,,,,,,,,,,,,,,,,,,
49,20,15,54,S55,False,15,5,20,0,0,0,0,0,0,[],0.0,S51,5.48,15,5,20,0.0,,-0.751326,-12.245788,-12.997114,False,False,6,S51,True,0,0.1647,do_nothing,,,,,,,,,,,,,,,,,,,,,,,,,,,,,,,,,,,,,,,,,,,,,,,,,,,,
49,20,15,59,S51,False,15,5,20,0,0,0,0,0,0,[],0.0,S55,5.48,15,5,20,0.0,,-0.55404,-12.239766,-12.793806,False,False,6,S55,True,0,0.1626,do_nothing,,,,,,,,,,,,,,,,,,,,,,,,,,,,,,,,,,,,,,,,,,,,,,,,,,,,
49,20,16,5,S55,False,15,5,20,0,0,0,0,0,0,[],0.0,S54,0.95,15,5,20,0.0,,-0.647447,-12.151477,-12.798925,False,False,6,S54,True,0,0.164,do_nothing,,,,,,,,,,,,,,,,,,,,,,,,,,,,,,,,,,,,,,,,,,,,,,,,,,,,
49,20,16,6,S54,False,15,5,20,12,0,0,0,0,0,"['B217', 'B554', 'B481', 'B450', 'B8', 'B148', 'B100', 'B656', 'B327', 'B355', 'B538', 'B504']",6.0,S37,4.98,3,5,8,0.0,,-0.097296,-12.066881,-12.164177,False,False,6,S4,True,2,0.1636,delivery,,,,,,,,,,,,,,,,,,,,,,,,,,,,,,,,,,,,,,,,,,,,,,,,,,,,
49,20,16,17,S37,False,3,5,8,0,12,0,0,0,0,"['B252', 'B191', 'B339', 'B669', 'B631', 'B315', 'B49', 'B667', 'B220', 'B460', 'B589', 'B214']",6.0,S4,0.75,15,5,20,0.0,,-0.748636,-12.239306,-12.987942,False,False,4,S4,False,2,0.1111,pickup,,,,,,,,,,,,,,,,,,,,,,,,,,,,,,,,,,,,,,,,,,,,,,,,,,,,
49,20,16,23,S4,False,15,5,20,0,0,0,0,0,0,[],0.0,S59,1.29,15,5,20,0.0,,-0.359535,-12.206826,-12.566362,False,False,6,S60,True,0,0.1691,do_nothing,,,,,,,,,,,,,,,,,,,,,,,,,,,,,,,,,,,,,,,,,,,,,,,,,,,,
49,20,16,25,S59,False,15,5,20,11,0,0,0,0,0,"['B167', 'B729', 'B543', 'B252', 'B191', 'B339', 'B669', 'B631', 'B315', 'B49', 'B667']",5.5,S4,1.29,4,5,9,0.0,,-0.22903,-12.050375,-12.279404,False,False,6,S4,False,2,0.1644,delivery,,,,,,,,,,,,,,,,,,,,,,,,,,,,,,,,,,,,,,,,,,,,,,,,,,,,
49,20,16,31,S4,False,4,5,9,4,0,0,0,0,0,"['B220', 'B460', 'B589', 'B214']",2.0,S60,2.11,0,5,5,0.0,,-0.4547,-12.22015,-12.674851,False,False,4,S60,False,2,0.1157,delivery,,,,,,,,,,,,,,,,,,,,,,,,,,,,,,,,,,,,,,,,,,,,,,,,,,,,
49,20,16,36,S60,False,0,5,5,0,0,1,0,0,0,[],3.0,S30,1.77,0,5,5,0.0,,-0.291541,-12.2099,-12.501442,True,True,8,S30,False,2,0.2137,do_nothing+onsite,,,,,,,,,,,,,,,,,,,,,,,,,,,,,,,,,,,,,,,,,,,,,,,,,,,,
49,20,16,40,S30,False,0,5,5,0,10,0,0,0,0,"['B732', 'B671', 'B509', 'B96', 'B595', 'B420', 'B104', 'B525', 'B563', 'B513']",5.0,S41,0.92,10,5,15,0.0,,-0.358608,-12.065135,-12.423743,False,False,6,S41,True,4,0.1606,pickup,,,,,,,,,,,,,,,,,,,,,,,,,,,,,,,,,,,,,,,,,,,,,,,,,,,,
49,20,16,46,S41,False,10,5,15,10,0,0,0,0,0,"['B732', 'B671', 'B509', 'B96', 'B595', 'B420', 'B104', 'B525', 'B563', 'B513']",5.0,S60,0.87,0,5,5,0.0,,-0.681914,-12.272744,-12.954658,False,False,4,S60,False,2,0.1064,delivery,,,,,,,,,,,,,,,,,,,,,,,,,,,,,,,,,,,,,,,,,,,,,,,,,,,,
49,20,16,52,S60,False,0,5,5,0,15,0,0,0,0,"['B139', 'B551', 'B377', 'B280', 'B678', 'B133', 'B442', 'B64', 'B721', 'B601', 'B382', 'B247', 'B372', 'B564', 'B465']",7.5,S66,1.23,15,5,20,0.0,,-0.71686,-12.223874,-12.940733,False,False,4,S7,True,2,0.1141,pickup,,,,,,,,,,,,,,,,,,,,,,,,,,,,,,,,,,,,,,,,,,,,,,,,,,,,
49,20,17,1,S66,False,15,5,20,2,0,1,0,0,0,"['B139', 'B551']",4.0,S38,3.69,13,5,18,0.0,,-0.619202,-12.246071,-12.865273,True,True,12,S38,False,6,0.3133,delivery+onsite,,,,,,,,,,,,,,,,,,,,,,,,,,,,,,,,,,,,,,,,,,,,,,,,,,,,
49,20,17,9,S38,False,13,5,18,13,0,0,0,0,0,"['B377', 'B280', 'B678', 'B133', 'B442', 'B64', 'B721', 'B601', 'B382', 'B247', 'B372', 'B564', 'B465']",6.5,S7,8.64,0,5,5,0.0,,-0.359442,-12.05306,-12.412501,False,False,4,S7,False,2,0.1054,delivery,,,,,,,,,,,,,,,,,,,,,,,,,,,,,,,,,,,,,,,,,,,,,,,,,,,,
49,20,17,24,S7,False,0,5,5,0,10,0,0,0,0,"['B697', 'B284', 'B526', 'B470', 'B723', 'B106', 'B110', 'B179', 'B725', 'B414']",5.0,S65,3.57,10,5,15,0.0,,-0.22631,-12.084337,-12.310647,False,False,6,S65,False,4,0.1604,pickup,,,,,,,,,,,,,,,,,,,,,,,,,,,,,,,,,,,,,,,,,,,,,,,,,,,,
49,20,17,32,S65,False,10,5,15,10,0,0,0,0,0,"['B697', 'B284', 'B526', 'B470', 'B723', 'B106', 'B110', 'B179', 'B725', 'B414']",5.0,S47,1.6,0,5,5,0.0,,-0.228036,-12.705963,-12.934,False,False,4,S47,False,2,0.1089,delivery,,,,,,,,,,,,,,,,,,,,,,,,,,,,,,,,,,,,,,,,,,,,,,,,,,,,
49,20,17,39,S47,False,0,5,5,0,0,0,0,0,0,[],0.0,S20,5.93,0,5,5,0.0,,-0.523895,-12.574234,-13.098129,False,False,6,S26,True,0,0.1597,do_nothing,,,,,,,,,,,,,,,,,,,,,,,,,,,,,,,,,,,,,,,,,,,,,,,,,,,,
49,20,17,45,S20,False,0,5,5,0,13,0,0,0,0,"['B242', 'B136', 'B24', 'B273', 'B192', 'B491', 'B661', 'B459', 'B176', 'B690', 'B591', 'B534', 'B171']",6.5,S26,8.01,13,5,18,0.0,,-0.195173,-12.510737,-12.705911,False,False,4,S26,False,2,0.1058,pickup,,,,,,,,,,,,,,,,,,,,,,,,,,,,,,,,,,,,,,,,,,,,,,,,,,,,
49,20,17,59,S26,False,13,5,18,0,0,0,0,0,0,[],0.0,S56,7.21,13,5,18,0.0,,-0.228942,-12.642651,-12.871593,False,False,6,S56,False,0,0.1636,do_nothing,,,,,,,,,,,,,,,,,,,,,,,,,,,,,,,,,,,,,,,,,,,,,,,,,,,,
49,20,18,6,S56,False,13,5,18,4,0,0,0,0,0,"['B242', 'B136', 'B24', 'B273']",2.0,S55,1.03,9,5,14,0.0,,-0.359115,-12.648231,-13.007346,False,False,6,S55,False,2,0.1617,delivery,,,,,,,,,,,,,,,,,,,,,,,,,,,,,,,,,,,,,,,,,,,,,,,,,,,,
49,20,18,10,S55,False,9,5,14,0,0,0,0,0,0,[],0.0,S50,3.32,9,5,14,0.0,,-0.064507,-12.702021,-12.766528,False,False,4,S50,True,0,0.1067,do_nothing,,,,,,,,,,,,,,,,,,,,,,,,,,,,,,,,,,,,,,,,,,,,,,,,,,,,
49,20,18,13,S50,False,9,5,14,0,6,0,0,0,0,"['B611', 'B642', 'B643', 'B443', 'B236', 'B540']",3.0,S55,3.32,15,5,20,0.0,,-0.131237,-12.584696,-12.715933,False,False,4,S55,False,2,0.115,pickup,,,,,,,,,,,,,,,,,,,,,,,,,,,,,,,,,,,,,,,,,,,,,,,,,,,,
49,20,18,19,S55,False,15,5,20,12,0,0,0,0,0,"['B192', 'B491', 'B661', 'B459', 'B176', 'B690', 'B591', 'B534', 'B171', 'B611', 'B642', 'B643']",6.0,S32,1.17,3,5,8,0.0,,-0.032955,-12.453397,-12.486352,False,False,6,S32,False,2,0.1829,delivery,,,,,,,,,,,,,,,,,,,,,,,,,,,,,,,,,,,,,,,,,,,,,,,,,,,,
49,20,18,26,S32,False,3,5,8,3,0,1,0,0,0,"['B443', 'B236', 'B540']",4.5,S61,5.42,0,5,5,0.0,,-0.327998,-12.543462,-12.87146,True,True,8,S61,False,6,0.2627,delivery+onsite,,,,,,,,,,,,,,,,,,,,,,,,,,,,,,,,,,,,,,,,,,,,,,,,,,,,
49,20,18,36,S61,False,0,5,5,0,0,0,1,0,0,['B36'],0.5,S30,2.92,0,6,6,0.0,,-0.325595,-12.604783,-12.930378,True,True,12,S30,False,2,0.3255,do_nothing+depot_removal,,,,,,,,,,,,,,,,,,,,,,,,,,,,,,,,,,,,,,,,,,,,,,,,,,,,
49,20,18,40,S30,False,0,6,6,0,9,0,0,0,0,"['B196', 'B742', 'B746', 'B647', 'B293', 'B334', 'B760', 'B124', 'B666']",4.5,S64,2.73,9,6,15,0.0,,-0.390765,-12.455602,-12.846367,False,False,6,S64,False,4,0.16,pickup,,,,,,,,,,,,,,,,,,,,,,,,,,,,,,,,,,,,,,,,,,,,,,,,,,,,
49,20,18,47,S64,False,9,6,15,9,0,0,0,0,0,"['B196', 'B742', 'B746', 'B647', 'B293', 'B334', 'B760', 'B124', 'B666']",4.5,S61,1.43,0,6,6,0.0,,-0.229947,-12.521619,-12.751566,False,False,4,S61,False,2,0.1089,delivery,,,,,,,,,,,,,,,,,,,,,,,,,,,,,,,,,,,,,,,,,,,,,,,,,,,,
49,20,18,53,S61,False,0,6,6,0,0,0,0,0,0,[],0.0,S31,1.01,0,6,6,0.0,,-0.194429,-12.447158,-12.641587,False,False,6,S58,True,0,0.1601,do_nothing,,,,,,,,,,,,,,,,,,,,,,,,,,,,,,,,,,,,,,,,,,,,,,,,,,,,
49,20,18,54,S31,False,0,6,6,0,12,0,0,0,0,"['B225', 'B632', 'B57', 'B245', 'B383', 'B161', 'B48', 'B628', 'B202', 'B320', 'B530', 'B445']",6.0,S60,0.89,12,6,18,0.0,,-0.130656,-12.415994,-12.546651,False,False,6,S61,True,4,0.1629,pickup,,,,,,,,,,,,,,,,,,,,,,,,,,,,,,,,,,,,,,,,,,,,,,,,,,,,
49,20,19,1,S60,False,12,6,18,0,0,0,0,0,0,[],0.0,S62,3.68,12,6,18,0.0,,-0.162718,-12.536648,-12.699366,False,False,4,S38,True,0,0.1058,do_nothing,,,,,,,,,,,,,,,,,,,,,,,,,,,,,,,,,,,,,,,,,,,,,,,,,,,,
49,20,19,4,S62,False,12,6,18,10,0,0,0,0,0,"['B225', 'B632', 'B57', 'B245', 'B383', 'B161', 'B48', 'B628', 'B202', 'B320']",5.0,S33,0.92,2,6,8,0.0,,-0.164112,-12.381924,-12.546036,False,False,6,S33,False,2,0.1576,delivery,,,,,,,,,,,,,,,,,,,,,,,,,,,,,,,,,,,,,,,,,,,,,,,,,,,,
49,20,19,10,S33,False,2,6,8,0,0,0,0,0,0,[],0.0,S38,3.81,2,6,8,0.0,,-0.226798,-12.521596,-12.748394,False,False,4,S60,True,0,0.1063,do_nothing,,,,,,,,,,,,,,,,,,,,,,,,,,,,,,,,,,,,,,,,,,,,,,,,,,,,
49,20,19,14,S38,False,2,6,8,0,12,0,0,0,0,"['B578', 'B684', 'B476', 'B377', 'B280', 'B678', 'B133', 'B442', 'B64', 'B721', 'B601', 'B382']",6.0,S60,2.79,14,6,20,0.0,,-0.163543,-12.5469,-12.710444,False,False,4,S60,False,2,0.1067,pickup,,,,,,,,,,,,,,,,,,,,,,,,,,,,,,,,,,,,,,,,,,,,,,,,,,,,
49,20,19,23,S60,False,14,6,20,14,0,0,0,0,0,"['B530', 'B445', 'B578', 'B684', 'B476', 'B377', 'B280', 'B678', 'B133', 'B442', 'B64', 'B721', 'B601', 'B382']",7.0,S64,0.95,0,6,6,0.0,,-0.164028,-12.517376,-12.681404,False,False,4,S64,False,2,0.1061,delivery,,,,,,,,,,,,,,,,,,,,,,,,,,,,,,,,,,,,,,,,,,,,,,,,,,,,
49,20,19,31,S64,False,0,6,6,0,13,0,0,0,0,"['B156', 'B707', 'B196', 'B742', 'B746', 'B647', 'B293', 'B334', 'B760', 'B124', 'B666', 'B389', 'B331']",6.5,S37,1.94,13,6,19,0.0,,-0.260836,-12.727296,-12.988132,False,False,4,S33,True,2,0.106,pickup,,,,,,,,,,,,,,,,,,,,,,,,,,,,,,,,,,,,,,,,,,,,,,,,,,,,
49,20,19,39,S37,False,13,6,19,13,0,0,0,0,0,"['B156', 'B707', 'B196', 'B742', 'B746', 'B647', 'B293', 'B334', 'B760', 'B124', 'B666', 'B389', 'B331']",6.5,S33,1.91,0,6,6,0.0,,-0.260164,-12.713628,-12.973792,False,False,3,S33,False,1,0.0935,delivery,,,,,,,,,,,,,,,,,,,,,,,,,,,,,,,,,,,,,,,,,,,,,,,,,,,,
49,20,19,48,S33,False,0,6,6,0,14,0,0,0,0,"['B748', 'B353', 'B510', 'B305', 'B553', 'B709', 'B222', 'B42', 'B487', 'B533', 'B350', 'B691', 'B478', 'B83']",7.0,D0,0.94,14,6,20,0.0,,-0.391488,-12.991665,-13.383153,False,False,2,D0,False,1,0.0836,pickup,,,,,,,,,,,,,,,,,,,,,,,,,,,,,,,,,,,,,,,,,,,,,,,,,,,,
49,20,19,56,D0,True,14,6,20,0,0,0,0,6,6,"['B228', 'B348', 'B256', 'B584', 'B31', 'B216', 'B14', 'B378', 'B9', 'B381', 'B734', 'B36']",6.0,D0,0.0,20,0,20,0.0,,-0.424108,-12.744301,-13.168409,True,True,1,D0,False,0,0.05,do_nothing,,,,,,,,,,,,,,,,,,,,,,,,,,,,,,,,,,,,,,,,,,,,,,,,,,,,
49,21,6,2,D0,True,20,0,20,0,0,0,0,0,0,[],0.0,S31,1.48,20,0,20,0.0,,-2.342291,-13.348176,-15.690467,True,True,1,S31,False,0,0.0274,depot_passthrough,,,,,,,,,,,,,,,,,,,,,,,,,,,,,,,,,,,,,,,,,,,,,,,,,,,,
49,21,6,18,S31,False,20,0,20,18,0,0,0,0,0,"['B748', 'B353', 'B510', 'B305', 'B553', 'B709', 'B222', 'B42', 'B487', 'B533', 'B350', 'B691', 'B478', 'B83', 'B228', 'B348', 'B256', 'B584']",9.0,S47,2.72,2,0,2,0.0,,-2.351387,-13.167639,-15.519025,False,False,6,S26,True,2,0.1589,delivery,,,,,,,,,,,,,,,,,,,,,,,,,,,,,,,,,,,,,,,,,,,,,,,,,,,,
49,21,6,30,S47,False,2,0,2,0,18,0,0,0,0,"['B162', 'B384', 'B767', 'B704', 'B189', 'B27', 'B12', 'B153', 'B259', 'B142', 'B282', 'B90', 'B250', 'B73', 'B580', 'B545', 'B346', 'B399']",9.0,S26,7.49,20,0,20,0.0,,-2.087354,-13.415527,-15.502881,False,False,4,S26,False,2,0.1066,pickup,,,,,,,,,,,,,,,,,,,,,,,,,,,,,,,,,,,,,,,,,,,,,,,,,,,,
49,21,6,46,S26,False,20,0,20,20,0,0,0,0,0,"['B31', 'B216', 'B162', 'B384', 'B767', 'B704', 'B189', 'B27', 'B12', 'B153', 'B259', 'B142', 'B282', 'B90', 'B250', 'B73', 'B580', 'B545', 'B346', 'B399']",10.0,S63,7.98,0,0,0,0.0,,-1.177667,-13.217645,-14.395312,False,False,4,S63,False,2,0.1089,delivery,,,,,,,,,,,,,,,,,,,,,,,,,,,,,,,,,,,,,,,,,,,,,,,,,,,,
49,21,7,4,S63,False,0,0,0,0,15,0,0,0,0,"['B15', 'B330', 'B539', 'B464', 'B150', 'B529', 'B126', 'B600', 'B419', 'B17', 'B689', 'B682', 'B447', 'B681', 'B434']",7.5,S46,1.02,15,0,15,0.0,,-1.638667,-13.27226,-14.910927,False,False,6,S46,False,2,0.1677,pickup,,,,,,,,,,,,,,,,,,,,,,,,,,,,,,,,,,,,,,,,,,,,,,,,,,,,
49,21,7,13,S46,False,15,0,15,0,5,0,0,0,0,"['B304', 'B144', 'B766', 'B149', 'B118']",2.5,S12,5.14,20,0,20,0.0,,-1.530216,-13.433304,-14.963519,False,False,4,S12,False,2,0.1094,pickup,,,,,,,,,,,,,,,,,,,,,,,,,,,,,,,,,,,,,,,,,,,,,,,,,,,,
49,21,7,20,S12,False,20,0,20,18,0,0,0,0,0,"['B15', 'B330', 'B539', 'B464', 'B150', 'B529', 'B126', 'B600', 'B419', 'B17', 'B689', 'B682', 'B447', 'B681', 'B434', 'B304', 'B144', 'B766']",9.0,S49,8.77,2,0,2,0.0,,-1.143826,-13.284763,-14.42859,False,False,6,S49,True,2,0.1636,delivery,,,,,,,,,,,,,,,,,,,,,,,,,,,,,,,,,,,,,,,,,,,,,,,,,,,,
49,21,7,38,S49,False,2,0,2,0,18,0,0,0,0,"['B576', 'B66', 'B86', 'B359', 'B394', 'B79', 'B11', 'B652', 'B582', 'B376', 'B404', 'B186', 'B416', 'B512', 'B284', 'B106', 'B572', 'B109']",9.0,S7,7.01,20,0,20,0.0,,-1.79206,-12.915985,-14.708045,False,False,4,S7,False,2,0.1126,pickup,,,,,,,,,,,,,,,,,,,,,,,,,,,,,,,,,,,,,,,,,,,,,,,,,,,,
49,21,7,54,S7,False,20,0,20,20,0,1,0,0,0,"['B149', 'B118', 'B576', 'B66', 'B86', 'B359', 'B394', 'B79', 'B11', 'B652', 'B582', 'B376', 'B404', 'B186', 'B416', 'B512', 'B284', 'B106', 'B572', 'B109']",13.0,S39,7.46,0,0,0,0.0,,-0.746905,-12.813092,-13.559997,True,True,12,S27,True,10,0.3217,delivery+onsite,,,,,,,,,,,,,,,,,,,,,,,,,,,,,,,,,,,,,,,,,,,,,,,,,,,,
49,21,8,15,S39,False,0,0,0,0,16,0,0,0,0,"['B337', 'B183', 'B35', 'B749', 'B744', 'B329', 'B148', 'B694', 'B481', 'B654', 'B154', 'B169', 'B207', 'B542', 'B436', 'B429']",8.0,S27,5.98,16,0,16,0.0,,-0.939277,-12.9043,-13.843577,False,False,6,S52,True,2,0.1625,pickup,,,,,,,,,,,,,,,,,,,,,,,,,,,,,,,,,,,,,,,,,,,,,,,,,,,,
49,21,8,29,S27,False,16,0,16,16,0,0,0,0,0,"['B337', 'B183', 'B35', 'B749', 'B744', 'B329', 'B148', 'B694', 'B481', 'B654', 'B154', 'B169', 'B207', 'B542', 'B436', 'B429']",8.0,S45,4.36,0,0,0,0.0,,-1.20722,-12.987653,-14.194872,False,False,6,S45,True,2,0.1549,delivery,,,,,,,,,,,,,,,,,,,,,,,,,,,,,,,,,,,,,,,,,,,,,,,,,,,,
49,21,8,41,S45,False,0,0,0,0,13,0,0,0,0,"['B765', 'B688', 'B276', 'B40', 'B268', 'B213', 'B70', 'B360', 'B522', 'B145', 'B550', 'B637', 'B479']",6.5,S50,5.38,13,0,13,0.0,,-0.845008,-12.66934,-13.514348,False,False,4,S52,True,2,0.1093,pickup,,,,,,,,,,,,,,,,,,,,,,,,,,,,,,,,,,,,,,,,,,,,,,,,,,,,
49,21,8,53,S50,False,13,0,13,13,0,0,0,0,0,"['B765', 'B688', 'B276', 'B40', 'B268', 'B213', 'B70', 'B360', 'B522', 'B145', 'B550', 'B637', 'B479']",6.5,S29,1.29,0,0,0,0.0,,-1.010436,-12.816334,-13.82677,False,False,4,S29,False,2,0.1375,delivery,,,,,,,,,,,,,,,,,,,,,,,,,,,,,,,,,,,,,,,,,,,,,,,,,,,,
49,21,9,1,S29,False,0,0,0,0,9,1,1,0,0,"['B602', 'B623', 'B432', 'B115', 'B217', 'B114', 'B174', 'B586', 'B739', 'B239']",8.0,S15,3.9,9,1,10,0.0,,-0.84402,-12.828497,-13.672516,True,True,24,S15,False,22,0.6501,pickup+maintenance,,,,,,,,,,,,,,,,,,,,,,,,,,,,,,,,,,,,,,,,,,,,,,,,,,,,
49,21,9,13,S15,False,9,1,10,9,0,0,0,0,0,"['B602', 'B623', 'B432', 'B115', 'B217', 'B114', 'B174', 'B586', 'B739']",4.5,S54,3.9,0,1,1,0.0,,-0.524071,-12.634388,-13.158459,False,False,4,S54,False,2,0.1093,delivery,,,,,,,,,,,,,,,,,,,,,,,,,,,,,,,,,,,,,,,,,,,,,,,,,,,,
49,21,9,21,S54,False,0,1,1,0,13,0,0,0,0,"['B273', 'B39', 'B314', 'B720', 'B673', 'B700', 'B287', 'B733', 'B482', 'B341', 'B208', 'B365', 'B558']",6.5,S45,2.7,13,1,14,0.0,,-0.524971,-12.678982,-13.203952,False,False,6,S8,True,4,0.163,pickup,,,,,,,,,,,,,,,,,,,,,,,,,,,,,,,,,,,,,,,,,,,,,,,,,,,,
49,21,9,30,S45,False,13,1,14,8,0,0,0,0,0,"['B273', 'B39', 'B314', 'B720', 'B673', 'B700', 'B287', 'B733']",4.0,S52,1.46,5,1,6,0.0,,-0.682304,-12.984298,-13.666602,False,False,6,S52,False,2,0.1648,delivery,,,,,,,,,,,,,,,,,,,,,,,,,,,,,,,,,,,,,,,,,,,,,,,,,,,,
49,21,9,36,S52,False,5,1,6,0,12,0,0,0,0,"['B737', 'B203', 'B396', 'B517', 'B592', 'B754', 'B288', 'B613', 'B578', 'B377', 'B48', 'B566']",6.0,S61,2.0,17,1,18,0.0,,-0.42239,-12.957117,-13.379507,False,False,6,S61,True,2,0.1798,pickup,,,,,,,,,,,,,,,,,,,,,,,,,,,,,,,,,,,,,,,,,,,,,,,,,,,,
49,21,9,44,S61,False,17,1,18,9,0,0,1,0,0,"['B330', 'B482', 'B341', 'B208', 'B365', 'B558', 'B737', 'B203', 'B396', 'B517']",5.0,S44,2.79,8,2,10,0.0,,-0.48805,-12.953831,-13.441881,True,True,12,S44,False,6,0.3336,delivery+depot_removal,,,,,,,,,,,,,,,,,,,,,,,,,,,,,,,,,,,,,,,,,,,,,,,,,,,,
49,21,9,51,S44,False,8,2,10,0,10,0,0,0,0,"['B294', 'B236', 'B530', 'B191', 'B318', 'B750', 'B669', 'B742', 'B15', 'B230']",5.0,S4,1.93,18,2,20,0.0,,-0.683608,-12.971235,-13.654843,False,False,4,S4,False,2,0.1099,pickup,,,,,,,,,,,,,,,,,,,,,,,,,,,,,,,,,,,,,,,,,,,,,,,,,,,,
49,21,9,58,S4,False,18,2,20,10,0,0,0,0,0,"['B592', 'B754', 'B288', 'B613', 'B578', 'B377', 'B48', 'B566', 'B294', 'B236']",5.0,S37,0.75,8,2,10,0.0,,-0.291797,-13.000642,-13.29244,False,False,6,S37,False,2,0.1718,delivery,,,,,,,,,,,,,,,,,,,,,,,,,,,,,,,,,,,,,,,,,,,,,,,,,,,,
49,21,10,4,S37,False,8,2,10,0,5,0,0,0,0,"['B414', 'B609', 'B113', 'B308', 'B445']",2.5,S63,1.78,13,2,15,0.0,,-0.224417,-13.055594,-13.28001,False,False,6,S63,False,2,0.1644,pickup,,,,,,,,,,,,,,,,,,,,,,,,,,,,,,,,,,,,,,,,,,,,,,,,,,,,
49,21,10,8,S63,False,13,2,15,0,5,0,0,0,0,"['B185', 'B120', 'B588', 'B58', 'B147']",2.5,S43,0.64,18,2,20,0.0,,-0.582443,-13.131358,-13.7138,False,False,4,S43,False,2,0.1127,pickup,,,,,,,,,,,,,,,,,,,,,,,,,,,,,,,,,,,,,,,,,,,,,,,,,,,,
49,21,10,12,S43,False,18,2,20,0,0,0,0,0,0,[],0.0,S29,5.89,18,2,20,0.0,,-0.550741,-12.93241,-13.48315,False,False,6,S29,False,0,0.1648,do_nothing,,,,,,,,,,,,,,,,,,,,,,,,,,,,,,,,,,,,,,,,,,,,,,,,,,,,
49,21,10,17,S29,False,18,2,20,13,0,0,0,0,0,"['B530', 'B191', 'B318', 'B750', 'B669', 'B742', 'B15', 'B230', 'B414', 'B609', 'B113', 'B308', 'B445']",6.5,S10,0.66,5,2,7,0.0,,-0.487224,-13.081337,-13.568561,False,False,6,S10,False,4,0.1658,delivery,,,,,,,,,,,,,,,,,,,,,,,,,,,,,,,,,,,,,,,,,,,,,,,,,,,,
49,21,10,25,S10,False,5,2,7,0,10,0,0,0,0,"['B473', 'B289', 'B692', 'B716', 'B6', 'B94', 'B500', 'B413', 'B206', 'B166']",5.0,S43,5.46,15,2,17,0.0,,-0.518757,-13.123773,-13.642529,False,False,6,S43,False,4,0.1624,pickup,,,,,,,,,,,,,,,,,,,,,,,,,,,,,,,,,,,,,,,,,,,,,,,,,,,,
49,21,10,35,S43,False,15,2,17,0,0,0,0,0,0,[],0.0,S51,3.12,15,2,17,0.0,,-0.457821,-13.215304,-13.673126,False,False,6,S63,True,0,0.1687,do_nothing,,,,,,,,,,,,,,,,,,,,,,,,,,,,,,,,,,,,,,,,,,,,,,,,,,,,
49,21,10,38,S51,False,15,2,17,9,0,0,1,0,0,"['B319', 'B185', 'B120', 'B588', 'B58', 'B147', 'B473', 'B289', 'B692', 'B716']",5.0,S48,0.84,6,3,9,0.0,,-0.294609,-13.027496,-13.322105,True,True,12,S43,True,6,0.3359,delivery+depot_removal,,,,,,,,,,,,,,,,,,,,,,,,,,,,,,,,,,,,,,,,,,,,,,,,,,,,
49,21,10,44,S48,False,6,3,9,0,11,0,0,0,0,"['B655', 'B67', 'B227', 'B123', 'B567', 'B146', 'B610', 'B303', 'B171', 'B547', 'B247']",5.5,S43,3.81,17,3,20,0.0,,-0.48896,-13.033809,-13.522769,False,False,6,S43,True,2,0.1639,pickup,,,,,,,,,,,,,,,,,,,,,,,,,,,,,,,,,,,,,,,,,,,,,,,,,,,,
49,21,10,53,S43,False,17,3,20,0,0,0,0,0,0,[],0.0,S58,1.78,17,3,20,0.0,,-0.292207,-13.210927,-13.503134,False,False,6,S63,True,0,0.1641,do_nothing,,,,,,,,,,,,,,,,,,,,,,,,,,,,,,,,,,,,,,,,,,,,,,,,,,,,
49,21,10,55,S58,False,17,3,20,0,0,0,0,0,0,[],0.0,S43,1.78,17,3,20,0.0,,-0.489204,-13.100273,-13.589478,False,False,6,S43,True,0,0.163,do_nothing,,,,,,,,,,,,,,,,,,,,,,,,,,,,,,,,,,,,,,,,,,,,,,,,,,,,
49,21,10,57,S43,False,17,3,20,14,0,0,0,0,0,"['B6', 'B94', 'B500', 'B413', 'B206', 'B166', 'B655', 'B67', 'B227', 'B123', 'B567', 'B146', 'B610', 'B303']",7.0,S63,0.64,3,3,6,0.0,,-0.292551,-13.049381,-13.341931,False,False,6,S63,False,4,0.1639,delivery,,,,,,,,,,,,,,,,,,,,,,,,,,,,,,,,,,,,,,,,,,,,,,,,,,,,
49,21,11,5,S63,False,3,3,6,0,8,0,0,0,0,"['B8', 'B409', 'B176', 'B20', 'B158', 'B52', 'B223', 'B312']",4.0,S50,6.54,11,3,14,0.0,,-0.815384,-13.17557,-13.990954,False,False,6,S50,True,2,0.1641,pickup,,,,,,,,,,,,,,,,,,,,,,,,,,,,,,,,,,,,,,,,,,,,,,,,,,,,
49,21,11,15,S50,False,11,3,14,11,0,0,0,0,0,"['B171', 'B547', 'B247', 'B8', 'B409', 'B176', 'B20', 'B158', 'B52', 'B223', 'B312']",5.5,S33,5.56,0,3,3,0.0,,-0.392323,-13.083222,-13.475545,False,False,4,S33,False,2,0.1085,delivery,,,,,,,,,,,,,,,,,,,,,,,,,,,,,,,,,,,,,,,,,,,,,,,,,,,,
49,21,11,26,S33,False,0,3,3,0,0,0,0,0,0,[],0.0,S7,9.87,0,3,3,0.0,,-0.161231,-12.92139,-13.082622,False,False,4,S7,False,0,0.1085,do_nothing,,,,,,,,,,,,,,,,,,,,,,,,,,,,,,,,,,,,,,,,,,,,,,,,,,,,
49,21,11,36,S7,False,0,3,3,0,11,0,0,0,0,"['B149', 'B118', 'B576', 'B66', 'B86', 'B359', 'B394', 'B79', 'B11', 'B652', 'B582']",5.5,S66,6.64,11,3,14,0.0,,-0.546468,-13.322232,-13.8687,False,False,6,S66,False,4,0.1633,pickup,,,,,,,,,,,,,,,,,,,,,,,,,,,,,,,,,,,,,,,,,,,,,,,,,,,,
49,21,11,48,S66,False,11,3,14,0,0,0,0,0,0,[],0.0,S31,0.38,11,3,14,0.0,,-0.548353,-13.374218,-13.92257,False,False,4,S33,True,0,0.1156,do_nothing,,,,,,,,,,,,,,,,,,,,,,,,,,,,,,,,,,,,,,,,,,,,,,,,,,,,
49,21,11,49,S31,False,11,3,14,0,0,1,0,0,0,[],3.0,S66,0.38,11,3,14,0.0,,-1.169501,-13.514844,-14.684345,True,True,12,S66,False,2,0.3184,do_nothing+onsite,,,,,,,,,,,,,,,,,,,,,,,,,,,,,,,,,,,,,,,,,,,,,,,,,,,,
49,21,11,52,S66,False,11,3,14,0,0,0,0,0,0,[],0.0,S29,6.29,11,3,14,0.0,,-0.810508,-13.527643,-14.338151,False,False,4,S33,True,0,0.1101,do_nothing,,,,,,,,,,,,,,,,,,,,,,,,,,,,,,,,,,,,,,,,,,,,,,,,,,,,
49,21,11,58,S29,False,11,3,14,11,0,0,0,0,0,"['B149', 'B118', 'B576', 'B66', 'B86', 'B359', 'B394', 'B79', 'B11', 'B652', 'B582']",5.5,S51,7.57,0,3,3,0.0,,-0.842698,-13.439454,-14.282152,False,False,4,S51,False,2,0.1161,delivery,,,,,,,,,,,,,,,,,,,,,,,,,,,,,,,,,,,,,,,,,,,,,,,,,,,,
49,21,12,11,S51,False,0,3,3,0,15,0,0,0,0,"['B120', 'B588', 'B58', 'B147', 'B473', 'B289', 'B692', 'B716', 'B178', 'B334', 'B642', 'B492', 'B277', 'B485', 'B454']",7.5,S29,7.57,15,3,18,0.0,,-0.875042,-13.565782,-14.440825,False,False,6,S29,True,2,0.1665,pickup,,,,,,,,,,,,,,,,,,,,,,,,,,,,,,,,,,,,,,,,,,,,,,,,,,,,
49,21,12,26,S29,False,15,3,18,15,0,0,0,0,0,"['B120', 'B588', 'B58', 'B147', 'B473', 'B289', 'B692', 'B716', 'B178', 'B334', 'B642', 'B492', 'B277', 'B485', 'B454']",7.5,S62,3.79,0,3,3,0.0,,-0.583115,-13.245973,-13.829089,False,False,4,S62,False,2,0.1066,delivery,,,,,,,,,,,,,,,,,,,,,,,,,,,,,,,,,,,,,,,,,,,,,,,,,,,,
49,21,12,38,S62,False,0,3,3,0,11,0,0,0,0,"['B666', 'B276', 'B688', 'B93', 'B475', 'B242', 'B498', 'B192', 'B335', 'B332', 'B581']",5.5,S52,1.55,11,3,14,0.0,,-0.777544,-13.594255,-14.371799,False,False,6,S52,False,4,0.1718,pickup,,,,,,,,,,,,,,,,,,,,,,,,,,,,,,,,,,,,,,,,,,,,,,,,,,,,
49,21,12,45,S52,False,11,3,14,0,6,1,0,0,0,"['B663', 'B670', 'B379', 'B292', 'B71', 'B616']",6.0,S17,8.97,17,3,20,0.0,,-0.77645,-13.514406,-14.290856,True,True,8,S17,False,6,0.2139,pickup+onsite,,,,,,,,,,,,,,,,,,,,,,,,,,,,,,,,,,,,,,,,,,,,,,,,,,,,
49,21,13,0,S17,False,17,3,20,17,0,0,0,0,0,"['B666', 'B276', 'B688', 'B93', 'B475', 'B242', 'B498', 'B192', 'B335', 'B332', 'B581', 'B663', 'B670', 'B379', 'B292', 'B71', 'B616']",8.5,S30,7.68,0,3,3,0.0,,-0.682796,-13.47016,-14.152956,False,False,4,S30,False,2,0.1089,delivery,,,,,,,,,,,,,,,,,,,,,,,,,,,,,,,,,,,,,,,,,,,,,,,,,,,,
49,21,13,16,S30,False,0,3,3,0,9,0,0,0,0,"['B596', 'B675', 'B456', 'B621', 'B651', 'B594', 'B400', 'B356', 'B327']",4.5,S15,4.47,9,3,12,0.0,,-1.431107,-13.571661,-15.002768,False,False,6,S15,False,4,0.1702,pickup,,,,,,,,,,,,,,,,,,,,,,,,,,,,,,,,,,,,,,,,,,,,,,,,,,,,
49,21,13,25,S15,False,9,3,12,0,0,0,0,0,0,[],0.0,S29,3.9,9,3,12,0.0,,-1.81738,-13.81606,-15.633441,False,False,4,S32,True,0,0.1099,do_nothing,,,,,,,,,,,,,,,,,,,,,,,,,,,,,,,,,,,,,,,,,,,,,,,,,,,,
49,21,13,29,S29,False,9,3,12,9,0,0,0,0,0,"['B596', 'B675', 'B456', 'B621', 'B651', 'B594', 'B400', 'B356', 'B327']",4.5,S32,3.29,0,3,3,0.0,,-1.428377,-13.666822,-15.095199,False,False,4,S32,False,2,0.1093,delivery,,,,,,,,,,,,,,,,,,,,,,,,,,,,,,,,,,,,,,,,,,,,,,,,,,,,
49,21,13,37,S32,False,0,3,3,0,12,0,0,0,0,"['B159', 'B458', 'B408', 'B414', 'B552', 'B187', 'B737', 'B261', 'B264', 'B233', 'B701', 'B27']",6.0,S37,4.74,12,3,15,0.0,,-1.495665,-13.138155,-14.63382,False,False,6,S37,False,4,0.1614,pickup,,,,,,,,,,,,,,,,,,,,,,,,,,,,,,,,,,,,,,,,,,,,,,,,,,,,
49,21,13,47,S37,False,12,3,15,0,0,0,0,0,0,[],0.0,S4,0.75,12,3,15,0.0,,-1.8543,-13.224635,-15.078936,False,False,4,S40,True,0,0.1122,do_nothing,,,,,,,,,,,,,,,,,,,,,,,,,,,,,,,,,,,,,,,,,,,,,,,,,,,,
49,21,13,48,S4,False,12,3,15,11,0,0,0,0,0,"['B159', 'B458', 'B408', 'B414', 'B552', 'B187', 'B737', 'B261', 'B264', 'B233', 'B701']",5.5,S40,3.22,1,3,4,0.0,,-2.180632,-13.258452,-15.439084,False,False,6,S40,False,2,0.1645,delivery,,,,,,,,,,,,,,,,,,,,,,,,,,,,,,,,,,,,,,,,,,,,,,,,,,,,
49,21,13,57,S40,False,1,3,4,0,12,0,0,0,0,"['B453', 'B121', 'B281', 'B365', 'B669', 'B87', 'B677', 'B560', 'B736', 'B646', 'B369', 'B237']",6.0,S37,3.31,13,3,16,0.0,,-1.199274,-12.978661,-14.177936,False,False,6,S37,False,4,0.1582,pickup,,,,,,,,,,,,,,,,,,,,,,,,,,,,,,,,,,,,,,,,,,,,,,,,,,,,
49,21,14,6,S37,False,13,3,16,13,0,0,0,0,0,"['B27', 'B453', 'B121', 'B281', 'B365', 'B669', 'B87', 'B677', 'B560', 'B736', 'B646', 'B369', 'B237']",6.5,S66,3.07,0,3,3,0.0,,-2.217249,-13.246814,-15.464063,False,False,4,S66,False,2,0.1106,delivery,,,,,,,,,,,,,,,,,,,,,,,,,,,,,,,,,,,,,,,,,,,,,,,,,,,,
49,21,14,16,S66,False,0,3,3,0,17,0,0,0,0,"['B20', 'B754', 'B196', 'B553', 'B0', 'B693', 'B709', 'B407', 'B675', 'B6', 'B513', 'B73', 'B400', 'B752', 'B569', 'B585', 'B576']",8.5,S34,4.36,17,3,20,0.0,,-1.955574,-13.180734,-15.136309,False,False,4,S7,True,2,0.1064,pickup,,,,,,,,,,,,,,,,,,,,,,,,,,,,,,,,,,,,,,,,,,,,,,,,,,,,
49,21,14,28,S34,False,17,3,20,0,0,0,0,0,0,[],0.0,S54,2.69,17,3,20,0.0,,-3.037371,-13.2336,-16.270971,False,False,4,S53,True,0,0.1088,do_nothing,,,,,,,,,,,,,,,,,,,,,,,,,,,,,,,,,,,,,,,,,,,,,,,,,,,,
49,21,14,31,S54,False,17,3,20,17,0,0,1,0,0,"['B531', 'B20', 'B754', 'B196', 'B553', 'B0', 'B693', 'B709', 'B407', 'B675', 'B6', 'B513', 'B73', 'B400', 'B752', 'B569', 'B585', 'B576']",9.0,S53,2.46,0,4,4,0.0,,-1.600953,-13.284461,-14.885414,True,True,6,S29,True,4,0.1583,delivery+depot_removal,,,,,,,,,,,,,,,,,,,,,,,,,,,,,,,,,,,,,,,,,,,,,,,,,,,,
49,21,14,43,S53,False,0,4,4,0,16,0,0,0,0,"['B253', 'B359', 'B290', 'B582', 'B509', 'B248', 'B83', 'B422', 'B549', 'B167', 'B634', 'B367', 'B238', 'B86', 'B209', 'B746']",8.0,S29,3.88,16,4,20,0.0,,-2.579854,-12.999833,-15.579686,False,False,4,S12,True,2,0.1051,pickup,,,,,,,,,,,,,,,,,,,,,,,,,,,,,,,,,,,,,,,,,,,,,,,,,,,,
49,21,14,54,S29,False,16,4,20,16,0,0,1,0,0,"['B728', 'B253', 'B359', 'B290', 'B582', 'B509', 'B248', 'B83', 'B422', 'B549', 'B167', 'B634', 'B367', 'B238', 'B86', 'B209', 'B746']",8.5,S62,3.79,0,5,5,0.0,,-2.255519,-13.300045,-15.555565,True,True,6,S62,False,4,0.1629,delivery+depot_removal,,,,,,,,,,,,,,,,,,,,,,,,,,,,,,,,,,,,,,,,,,,,,,,,,,,,
49,21,15,7,S62,False,0,5,5,0,0,0,0,0,0,[],0.0,S12,7.83,0,5,5,0.0,,-2.77468,-13.502723,-16.277403,False,False,6,S12,False,0,0.1585,do_nothing,,,,,,,,,,,,,,,,,,,,,,,,,,,,,,,,,,,,,,,,,,,,,,,,,,,,
49,21,15,15,S12,False,0,5,5,0,15,0,0,0,0,"['B766', 'B383', 'B685', 'B26', 'B134', 'B376', 'B639', 'B747', 'B524', 'B708', 'B164', 'B482', 'B206', 'B655', 'B166']",7.5,S39,8.6,15,5,20,0.0,,-3.165907,-13.536383,-16.70229,False,False,4,S39,False,2,0.1073,pickup,,,,,,,,,,,,,,,,,,,,,,,,,,,,,,,,,,,,,,,,,,,,,,,,,,,,
49,21,15,31,S39,False,15,5,20,15,0,0,0,0,0,"['B766', 'B383', 'B685', 'B26', 'B134', 'B376', 'B639', 'B747', 'B524', 'B708', 'B164', 'B482', 'B206', 'B655', 'B166']",7.5,S65,5.08,0,5,5,0.0,,-2.799288,-13.233361,-16.032649,False,False,4,S65,False,2,0.1057,delivery,,,,,,,,,,,,,,,,,,,,,,,,,,,,,,,,,,,,,,,,,,,,,,,,,,,,
49,21,15,43,S65,False,0,5,5,0,15,0,0,0,0,"['B713', 'B171', 'B539', 'B176', 'B724', 'B321', 'B103', 'B478', 'B115', 'B412', 'B18', 'B464', 'B327', 'B579', 'B612']",7.5,S26,6.43,15,5,20,0.0,,-2.222297,-13.044335,-15.266632,False,False,4,S26,False,2,0.114,pickup,,,,,,,,,,,,,,,,,,,,,,,,,,,,,,,,,,,,,,,,,,,,,,,,,,,,
49,21,15,57,S26,False,15,5,20,15,0,0,0,0,0,"['B713', 'B171', 'B539', 'B176', 'B724', 'B321', 'B103', 'B478', 'B115', 'B412', 'B18', 'B464', 'B327', 'B579', 'B612']",7.5,S62,5.52,0,5,5,0.0,,-2.056675,-13.155167,-15.211843,False,False,4,S42,True,2,0.1143,delivery,,,,,,,,,,,,,,,,,,,,,,,,,,,,,,,,,,,,,,,,,,,,,,,,,,,,
49,21,16,10,S62,False,0,5,5,0,0,0,0,0,0,[],0.0,S44,2.2,0,5,5,0.0,,-1.66742,-12.900821,-14.568241,False,False,4,S15,True,0,0.1156,do_nothing,,,,,,,,,,,,,,,,,,,,,,,,,,,,,,,,,,,,,,,,,,,,,,,,,,,,
49,21,16,12,S44,False,0,5,5,0,12,0,0,0,0,"['B202', 'B214', 'B409', 'B212', 'B472', 'B315', 'B244', 'B305', 'B160', 'B619', 'B583', 'B451']",6.0,S35,6.81,12,5,17,0.0,,-1.404136,-13.112303,-14.516438,True,False,12,S16,True,4,0.329,pickup,,,,,,,,,,,,,,,,,,,,,,,,,,,,,,,,,,,,,,,,,,,,,,,,,,,,
49,21,16,25,S35,False,12,5,17,12,0,0,1,0,0,"['B49', 'B202', 'B214', 'B409', 'B212', 'B472', 'B315', 'B244', 'B305', 'B160', 'B619', 'B583', 'B451']",6.5,S62,5.61,0,6,6,0.0,,-0.882364,-13.027295,-13.909659,True,True,8,S42,True,6,0.2247,delivery+depot_removal,,,,,,,,,,,,,,,,,,,,,,,,,,,,,,,,,,,,,,,,,,,,,,,,,,,,
49,21,16,37,S62,False,0,6,6,0,14,0,0,0,0,"['B168', 'B177', 'B551', 'B228', 'B384', 'B473', 'B397', 'B98', 'B695', 'B126', 'B588', 'B553', 'B709', 'B361']",7.0,S15,2.79,14,6,20,0.0,,-1.309873,-12.956832,-14.266705,False,False,4,S15,False,2,0.1065,pickup,,,,,,,,,,,,,,,,,,,,,,,,,,,,,,,,,,,,,,,,,,,,,,,,,,,,
49,21,16,47,S15,False,14,6,20,14,0,0,0,0,0,"['B168', 'B177', 'B551', 'B228', 'B384', 'B473', 'B397', 'B98', 'B695', 'B126', 'B588', 'B553', 'B709', 'B361']",7.0,S51,8.59,0,6,6,0.0,,-0.885004,-12.883852,-13.768856,False,False,4,S51,False,2,0.1068,delivery,,,,,,,,,,,,,,,,,,,,,,,,,,,,,,,,,,,,,,,,,,,,,,,,,,,,
49,21,17,3,S51,False,0,6,6,0,13,0,0,0,0,"['B718', 'B430', 'B146', 'B118', 'B567', 'B303', 'B610', 'B463', 'B329', 'B174', 'B129', 'B761', 'B400']",6.5,S18,6.05,13,6,19,0.0,,-1.30741,-12.984328,-14.291737,False,False,6,S18,False,4,0.1583,pickup,,,,,,,,,,,,,,,,,,,,,,,,,,,,,,,,,,,,,,,,,,,,,,,,,,,,
49,21,17,15,S18,False,13,6,19,0,0,0,0,0,0,[],0.0,S59,0.93,13,6,19,0.0,,-1.46817,-12.709718,-14.177888,False,False,4,S54,True,0,0.104,do_nothing,,,,,,,,,,,,,,,,,,,,,,,,,,,,,,,,,,,,,,,,,,,,,,,,,,,,
49,21,17,16,S59,False,13,6,19,13,0,0,0,0,0,"['B718', 'B430', 'B146', 'B118', 'B567', 'B303', 'B610', 'B463', 'B329', 'B174', 'B129', 'B761', 'B400']",6.5,S54,6.37,0,6,6,0.0,,-1.045961,-12.868222,-13.914183,False,False,4,S18,True,2,0.1045,delivery,,,,,,,,,,,,,,,,,,,,,,,,,,,,,,,,,,,,,,,,,,,,,,,,,,,,
49,21,17,29,S54,False,0,6,6,0,14,0,0,0,0,"['B668', 'B584', 'B486', 'B602', 'B359', 'B347', 'B736', 'B15', 'B582', 'B744', 'B629', 'B122', 'B346', 'B316']",7.0,S35,2.91,14,6,20,0.0,,-0.978522,-12.763569,-13.742091,False,False,4,S35,False,2,0.1086,pickup,,,,,,,,,,,,,,,,,,,,,,,,,,,,,,,,,,,,,,,,,,,,,,,,,,,,
49,21,17,39,S35,False,14,6,20,14,0,0,0,0,0,"['B668', 'B584', 'B486', 'B602', 'B359', 'B347', 'B736', 'B15', 'B582', 'B744', 'B629', 'B122', 'B346', 'B316']",7.0,S48,8.23,0,6,6,0.0,,-0.887244,-12.728464,-13.615708,False,False,6,S11,True,4,0.1673,delivery,,,,,,,,,,,,,,,,,,,,,,,,,,,,,,,,,,,,,,,,,,,,,,,,,,,,
49,21,17,54,S48,False,0,6,6,0,0,0,0,0,0,[],0.0,S19,0.52,0,6,6,0.0,,-0.588844,-12.785722,-13.374566,False,False,6,S18,True,0,0.1688,do_nothing,,,,,,,,,,,,,,,,,,,,,,,,,,,,,,,,,,,,,,,,,,,,,,,,,,,,
49,21,17,55,S19,False,0,6,6,0,5,0,1,0,0,"['B133', 'B314', 'B729', 'B516', 'B64', 'B676']",3.0,S48,0.52,5,7,12,0.0,,-0.687682,-12.779537,-13.467219,True,True,12,S48,False,10,0.3235,pickup+depot_removal,,,,,,,,,,,,,,,,,,,,,,,,,,,,,,,,,,,,,,,,,,,,,,,,,,,,
49,21,17,58,S48,False,5,7,12,0,8,0,0,0,0,"['B94', 'B266', 'B603', 'B33', 'B653', 'B245', 'B50', 'B135']",4.0,S18,6.81,13,7,20,0.0,,-0.490119,-12.709474,-13.199593,False,False,4,S18,False,2,0.1083,pickup,,,,,,,,,,,,,,,,,,,,,,,,,,,,,,,,,,,,,,,,,,,,,,,,,,,,
49,21,18,9,S18,False,13,7,20,10,0,0,0,0,0,"['B133', 'B314', 'B729', 'B516', 'B64', 'B94', 'B266', 'B603', 'B33', 'B653']",5.0,S41,2.33,3,7,10,0.0,,-0.491048,-12.654139,-13.145187,False,False,6,S41,False,2,0.1973,delivery,,,,,,,,,,,,,,,,,,,,,,,,,,,,,,,,,,,,,,,,,,,,,,,,,,,,
49,21,18,16,S41,False,3,7,10,3,0,1,1,0,0,"['B192', 'B245', 'B50', 'B135']",5.0,S22,3.42,0,8,8,0.0,,-0.356555,-12.585749,-12.942304,True,True,16,S22,False,14,0.4243,delivery+maintenance,,,,,,,,,,,,,,,,,,,,,,,,,,,,,,,,,,,,,,,,,,,,,,,,,,,,
49,21,18,25,S22,False,0,8,8,0,12,0,0,0,0,"['B638', 'B341', 'B179', 'B421', 'B690', 'B618', 'B58', 'B644', 'B725', 'B511', 'B267', 'B441']",6.0,S41,3.42,12,8,20,0.0,,-0.324756,-12.582151,-12.906907,False,False,4,S41,False,2,0.1052,pickup,,,,,,,,,,,,,,,,,,,,,,,,,,,,,,,,,,,,,,,,,,,,,,,,,,,,
49,21,18,34,S41,False,12,8,20,12,0,0,0,0,0,"['B638', 'B341', 'B179', 'B421', 'B690', 'B618', 'B58', 'B644', 'B725', 'B511', 'B267', 'B441']",6.0,S7,5.58,0,8,8,0.0,,-0.09779,-12.584734,-12.682524,False,False,4,S7,False,2,0.1044,delivery,,,,,,,,,,,,,,,,,,,,,,,,,,,,,,,,,,,,,,,,,,,,,,,,,,,,
49,21,18,46,S7,False,0,8,8,0,12,0,0,0,0,"['B150', 'B469', 'B274', 'B459', 'B538', 'B254', 'B694', 'B645', 'B276', 'B756', 'B767', 'B215']",6.0,S25,3.98,12,8,20,0.0,,-0.260834,-12.659188,-12.920022,False,False,4,S25,False,2,0.1055,pickup,,,,,,,,,,,,,,,,,,,,,,,,,,,,,,,,,,,,,,,,,,,,,,,,,,,,
49,21,18,56,S25,False,12,8,20,12,0,0,0,0,0,"['B150', 'B469', 'B274', 'B459', 'B538', 'B254', 'B694', 'B645', 'B276', 'B756', 'B767', 'B215']",6.0,S2,6.03,0,8,8,0.0,,-0.424531,-12.575686,-13.000217,False,False,4,S2,False,2,0.109,delivery,,,,,,,,,,,,,,,,,,,,,,,,,,,,,,,,,,,,,,,,,,,,,,,,,,,,
49,21,19,8,S2,False,0,8,8,0,9,0,0,0,0,"['B140', 'B435', 'B131', 'B462', 'B95', 'B157', 'B269', 'B324', 'B78']",4.5,S13,5.17,9,8,17,0.0,,-0.195166,-12.585156,-12.780322,False,False,6,S31,True,4,0.1554,pickup,,,,,,,,,,,,,,,,,,,,,,,,,,,,,,,,,,,,,,,,,,,,,,,,,,,,
49,21,19,18,S13,False,9,8,17,9,0,0,0,0,0,"['B140', 'B435', 'B131', 'B462', 'B95', 'B157', 'B269', 'B324', 'B78']",4.5,S31,8.57,0,8,8,0.0,,-0.19616,-12.485138,-12.681298,False,False,4,S31,False,2,0.1087,delivery,,,,,,,,,,,,,,,,,,,,,,,,,,,,,,,,,,,,,,,,,,,,,,,,,,,,
49,21,19,31,S31,False,0,8,8,0,12,0,0,0,0,"['B540', 'B630', 'B667', 'B290', 'B278', 'B714', 'B5', 'B495', 'B576', 'B659', 'B113', 'B635']",6.0,S60,0.89,12,8,20,0.0,,-0.260504,-12.739444,-12.999948,False,False,4,S32,True,2,0.113,pickup,,,,,,,,,,,,,,,,,,,,,,,,,,,,,,,,,,,,,,,,,,,,,,,,,,,,
49,21,19,37,S60,False,12,8,20,0,0,1,0,0,0,[],3.0,S44,4.0,12,8,20,0.0,,-0.419487,-12.73858,-13.158068,True,True,20,S31,True,2,0.5439,do_nothing+onsite,,,,,,,,,,,,,,,,,,,,,,,,,,,,,,,,,,,,,,,,,,,,,,,,,,,,
49,21,19,44,S44,False,12,8,20,12,0,1,0,0,0,"['B540', 'B630', 'B667', 'B290', 'B278', 'B714', 'B5', 'B495', 'B576', 'B659', 'B113', 'B635']",9.0,D0,1.67,0,8,8,0.0,,-0.65208,-12.959846,-13.611927,True,True,6,D0,True,5,0.254,delivery+onsite,,,,,,,,,,,,,,,,,,,,,,,,,,,,,,,,,,,,,,,,,,,,,,,,,,,,
49,21,19,55,D0,True,0,8,8,0,0,0,0,8,14,"['B763', 'B127', 'B373', 'B687', 'B258', 'B309', 'B297', 'B402', 'B555', 'B243', 'B444', 'B698', 'B615', 'B19', 'B239', 'B330', 'B319', 'B531', 'B728', 'B49', 'B676', 'B192']",11.0,D0,0.0,14,0,14,0.0,,-0.455593,-12.944053,-13.399646,True,True,1,D0,False,0,0.0536,do_nothing,,,,,,,,,,,,,,,,,,,,,,,,,,,,,,,,,,,,,,,,,,,,,,,,,,,,
49,22,6,6,D0,True,14,0,14,0,0,0,0,0,6,"['B14', 'B378', 'B9', 'B381', 'B734', 'B36']",3.0,S34,1.54,20,0,20,0.0,,-3.455241,-14.13497,-17.590211,True,True,1,S34,False,0,0.0252,load_queue,,,,,,,,,,,,,,,,,,,,,,,,,,,,,,,,,,,,,,,,,,,,,,,,,,,,
49,22,6,26,S34,False,20,0,20,19,0,0,0,0,0,"['B763', 'B127', 'B373', 'B687', 'B258', 'B309', 'B297', 'B402', 'B555', 'B243', 'B444', 'B698', 'B615', 'B19', 'B14', 'B378', 'B9', 'B381', 'B734']",9.5,S54,2.69,1,0,1,0.0,,-4.386062,-14.14362,-18.529681,False,False,6,S54,False,2,0.1745,delivery,,,,,,,,,,,,,,,,,,,,,,,,,,,,,,,,,,,,,,,,,,,,,,,,,,,,
49,22,6,38,S54,False,1,0,1,0,15,1,0,0,0,"['B194', 'B344', 'B754', 'B392', 'B23', 'B122', 'B331', 'B656', 'B346', 'B335', 'B393', 'B408', 'B345', 'B272', 'B662']",10.5,S62,2.78,16,0,16,0.0,,-3.005676,-14.028747,-17.034422,True,True,12,S62,False,6,0.3169,pickup+onsite,,,,,,,,,,,,,,,,,,,,,,,,,,,,,,,,,,,,,,,,,,,,,,,,,,,,
49,22,6,51,S62,False,16,0,16,14,0,0,0,0,0,"['B36', 'B194', 'B344', 'B754', 'B392', 'B23', 'B122', 'B331', 'B656', 'B346', 'B335', 'B393', 'B408', 'B345']",7.0,S39,5.74,2,0,2,0.0,,-2.292289,-13.823037,-16.115326,False,False,6,S40,True,4,0.1575,delivery,,,,,,,,,,,,,,,,,,,,,,,,,,,,,,,,,,,,,,,,,,,,,,,,,,,,
49,22,7,4,S39,False,2,0,2,0,18,0,0,0,0,"['B685', 'B26', 'B134', 'B376', 'B639', 'B747', 'B524', 'B708', 'B164', 'B482', 'B206', 'B655', 'B166', 'B107', 'B241', 'B380', 'B358', 'B688']",9.0,S41,3.32,20,0,20,0.0,,-2.645733,-13.816564,-16.462298,False,False,4,S41,False,2,0.1089,pickup,,,,,,,,,,,,,,,,,,,,,,,,,,,,,,,,,,,,,,,,,,,,,,,,,,,,
49,22,7,16,S41,False,20,0,20,17,0,0,0,0,0,"['B272', 'B662', 'B685', 'B26', 'B134', 'B376', 'B639', 'B747', 'B524', 'B708', 'B164', 'B482', 'B206', 'B655', 'B166', 'B107', 'B241']",8.5,S29,7.7,3,0,3,0.0,,-2.121763,-13.883271,-16.005034,False,False,6,S29,False,2,0.1584,delivery,,,,,,,,,,,,,,,,,,,,,,,,,,,,,,,,,,,,,,,,,,,,,,,,,,,,
49,22,7,32,S29,False,3,0,3,0,17,0,0,0,0,"['B549', 'B167', 'B634', 'B367', 'B238', 'B86', 'B209', 'B746', 'B337', 'B260', 'B460', 'B177', 'B168', 'B321', 'B485', 'B227', 'B627']",8.5,S27,4.93,20,0,20,0.0,,-1.798198,-13.629223,-15.427421,False,False,4,S27,False,2,0.1128,pickup,,,,,,,,,,,,,,,,,,,,,,,,,,,,,,,,,,,,,,,,,,,,,,,,,,,,
49,22,7,46,S27,False,20,0,20,18,0,1,0,0,0,"['B380', 'B358', 'B688', 'B549', 'B167', 'B634', 'B367', 'B238', 'B86', 'B209', 'B746', 'B337', 'B260', 'B460', 'B177', 'B168', 'B321', 'B485']",12.0,S45,4.36,2,0,2,0.0,,-1.960644,-13.751819,-15.712463,True,True,12,S45,False,6,0.3189,delivery+onsite,,,,,,,,,,,,,,,,,,,,,,,,,,,,,,,,,,,,,,,,,,,,,,,,,,,,
49,22,8,2,S45,False,2,0,2,0,8,0,0,0,0,"['B587', 'B43', 'B418', 'B443', 'B63', 'B76', 'B21', 'B67']",4.0,S44,1.28,10,0,10,0.0,,-2.150997,-13.686245,-15.837242,False,False,6,S44,True,2,0.1647,pickup,,,,,,,,,,,,,,,,,,,,,,,,,,,,,,,,,,,,,,,,,,,,,,,,,,,,
49,22,8,7,S44,False,10,0,10,0,10,0,0,0,0,"['B278', 'B714', 'B5', 'B495', 'B576', 'B659', 'B113', 'B635', 'B204', 'B98']",5.0,S15,4.96,20,0,20,0.0,,-2.046474,-13.519827,-15.566301,False,False,4,S15,False,2,0.1093,pickup,,,,,,,,,,,,,,,,,,,,,,,,,,,,,,,,,,,,,,,,,,,,,,,,,,,,
49,22,8,17,S15,False,20,0,20,19,0,0,0,0,0,"['B227', 'B627', 'B587', 'B43', 'B418', 'B443', 'B63', 'B76', 'B21', 'B67', 'B278', 'B714', 'B5', 'B495', 'B576', 'B659', 'B113', 'B635', 'B204']",9.5,S35,5.79,1,0,1,0.0,,-1.955528,-13.56,-15.515528,False,False,6,S26,True,2,0.1637,delivery,,,,,,,,,,,,,,,,,,,,,,,,,,,,,,,,,,,,,,,,,,,,,,,,,,,,
49,22,8,33,S35,False,1,0,1,0,14,0,0,0,0,"['B643', 'B636', 'B125', 'B545', 'B377', 'B348', 'B544', 'B765', 'B481', 'B733', 'B525', 'B316', 'B42', 'B181']",7.0,S32,3.98,15,0,15,0.0,,-1.401195,-13.438781,-14.839976,False,False,6,S32,False,4,0.1612,pickup,,,,,,,,,,,,,,,,,,,,,,,,,,,,,,,,,,,,,,,,,,,,,,,,,,,,
49,22,8,44,S32,False,15,0,15,0,5,0,0,0,0,"['B445', 'B205', 'B121', 'B672', 'B128']",2.5,S31,6.41,20,0,20,0.0,,-1.590428,-13.490572,-15.081001,False,False,4,S31,False,2,0.11,pickup,,,,,,,,,,,,,,,,,,,,,,,,,,,,,,,,,,,,,,,,,,,,,,,,,,,,
49,22,8,53,S31,False,20,0,20,20,0,0,0,0,0,"['B98', 'B643', 'B636', 'B125', 'B545', 'B377', 'B348', 'B544', 'B765', 'B481', 'B733', 'B525', 'B316', 'B42', 'B181', 'B445', 'B205', 'B121', 'B672', 'B128']",10.0,S59,2.6,0,0,0,0.0,,-1.669382,-13.396384,-15.065766,False,False,4,S22,True,2,0.1088,delivery,,,,,,,,,,,,,,,,,,,,,,,,,,,,,,,,,,,,,,,,,,,,,,,,,,,,
49,22,9,5,S59,False,0,0,0,0,0,0,0,0,0,[],0.0,S36,6.14,0,0,0,0.0,,-1.534946,-13.515174,-15.050119,False,False,6,S36,False,0,0.1607,do_nothing,,,,,,,,,,,,,,,,,,,,,,,,,,,,,,,,,,,,,,,,,,,,,,,,,,,,
49,22,9,11,S36,False,0,0,0,0,13,0,0,0,0,"['B349', 'B450', 'B742', 'B507', 'B500', 'B558', 'B318', 'B156', 'B384', 'B343', 'B710', 'B473', 'B529']",6.5,S40,5.18,13,0,13,0.0,,-1.471252,-13.635618,-15.106871,False,False,6,S40,False,4,0.1702,pickup,,,,,,,,,,,,,,,,,,,,,,,,,,,,,,,,,,,,,,,,,,,,,,,,,,,,
49,22,9,23,S40,False,13,0,13,13,0,0,0,0,0,"['B349', 'B450', 'B742', 'B507', 'B500', 'B558', 'B318', 'B156', 'B384', 'B343', 'B710', 'B473', 'B529']",6.5,S55,2.75,0,0,0,0.0,,-1.338864,-13.546346,-14.88521,False,False,4,S55,False,2,0.1211,delivery,,,,,,,,,,,,,,,,,,,,,,,,,,,,,,,,,,,,,,,,,,,,,,,,,,,,
49,22,9,32,S55,False,0,0,0,0,18,1,0,0,0,"['B225', 'B147', 'B201', 'B185', 'B80', 'B518', 'B360', 'B409', 'B277', 'B342', 'B410', 'B455', 'B143', 'B395', 'B689', 'B193', 'B660', 'B68']",12.0,S60,6.87,18,0,18,0.0,,-1.465129,-13.309206,-14.774334,True,True,12,S60,False,10,0.3331,pickup+onsite,,,,,,,,,,,,,,,,,,,,,,,,,,,,,,,,,,,,,,,,,,,,,,,,,,,,
49,22,9,51,S60,False,18,0,18,18,0,0,1,0,0,"['B310', 'B225', 'B147', 'B201', 'B185', 'B80', 'B518', 'B360', 'B409', 'B277', 'B342', 'B410', 'B455', 'B143', 'B395', 'B689', 'B193', 'B660', 'B68']",9.5,S54,6.45,0,1,1,0.0,,-0.91076,-13.326899,-14.23766,True,True,8,S54,False,6,0.2159,delivery+depot_removal,,,,,,,,,,,,,,,,,,,,,,,,,,,,,,,,,,,,,,,,,,,,,,,,,,,,
49,22,10,7,S54,False,0,1,1,0,12,0,0,0,0,"['B271', 'B56', 'B437', 'B233', 'B355', 'B739', 'B595', 'B2', 'B394', 'B51', 'B448', 'B59']",6.0,S10,1.21,12,1,13,0.0,,-1.400717,-13.460798,-14.861515,False,False,6,D0,True,2,0.1624,pickup,,,,,,,,,,,,,,,,,,,,,,,,,,,,,,,,,,,,,,,,,,,,,,,,,,,,
49,22,10,14,S10,False,12,1,13,0,7,0,0,0,0,"['B326', 'B472', 'B633', 'B115', 'B718', 'B137', 'B130']",3.5,S26,4.67,19,1,20,0.0,,-0.914239,-13.364974,-14.279213,False,False,4,S26,False,2,0.1098,pickup,,,,,,,,,,,,,,,,,,,,,,,,,,,,,,,,,,,,,,,,,,,,,,,,,,,,
49,22,10,22,S26,False,19,1,20,19,0,0,0,0,0,"['B271', 'B56', 'B437', 'B233', 'B355', 'B739', 'B595', 'B2', 'B394', 'B51', 'B448', 'B59', 'B326', 'B472', 'B633', 'B115', 'B718', 'B137', 'B130']",9.5,S52,7.0,0,1,1,0.0,,-1.134863,-13.643591,-14.778454,False,False,4,S52,False,2,0.1089,delivery,,,,,,,,,,,,,,,,,,,,,,,,,,,,,,,,,,,,,,,,,,,,,,,,,,,,
49,22,10,39,S52,False,0,1,1,0,13,0,0,0,0,"['B139', 'B425', 'B352', 'B325', 'B564', 'B45', 'B471', 'B475', 'B465', 'B47', 'B293', 'B501', 'B436']",6.5,S46,2.06,13,1,14,0.0,,-0.682737,-13.551052,-14.233789,False,False,6,S46,True,2,0.1755,pickup,,,,,,,,,,,,,,,,,,,,,,,,,,,,,,,,,,,,,,,,,,,,,,,,,,,,
49,22,10,48,S46,False,13,1,14,0,6,0,0,0,0,"['B601', 'B341', 'B1', 'B704', 'B759', 'B199']",3.0,S51,3.14,19,1,20,0.0,,-0.622452,-13.58739,-14.209842,True,False,6,S51,False,4,0.165,pickup,,,,,,,,,,,,,,,,,,,,,,,,,,,,,,,,,,,,,,,,,,,,,,,,,,,,
49,22,10,54,S51,False,19,1,20,15,0,0,0,0,0,"['B139', 'B425', 'B352', 'B325', 'B564', 'B45', 'B471', 'B475', 'B465', 'B47', 'B293', 'B501', 'B436', 'B601', 'B341']",7.5,S59,5.65,4,1,5,0.0,,-1.528881,-13.548591,-15.077472,False,False,6,S59,True,4,0.1639,delivery,,,,,,,,,,,,,,,,,,,,,,,,,,,,,,,,,,,,,,,,,,,,,,,,,,,,
49,22,11,7,S59,False,4,1,5,0,15,0,0,0,0,"['B761', 'B400', 'B196', 'B172', 'B106', 'B207', 'B513', 'B619', 'B753', 'B183', 'B429', 'B213', 'B755', 'B590', 'B308']",7.5,S29,7.54,19,1,20,0.0,,-0.844126,-13.756356,-14.600482,False,False,4,S29,False,2,0.1071,pickup,,,,,,,,,,,,,,,,,,,,,,,,,,,,,,,,,,,,,,,,,,,,,,,,,,,,
49,22,11,22,S29,False,19,1,20,19,0,0,0,0,0,"['B1', 'B704', 'B759', 'B199', 'B761', 'B400', 'B196', 'B172', 'B106', 'B207', 'B513', 'B619', 'B753', 'B183', 'B429', 'B213', 'B755', 'B590', 'B308']",9.5,S3,3.51,0,1,1,0.0,,-0.979236,-13.373232,-14.352468,False,False,4,S3,False,2,0.1107,delivery,,,,,,,,,,,,,,,,,,,,,,,,,,,,,,,,,,,,,,,,,,,,,,,,,,,,
49,22,11,35,S3,False,0,1,1,0,0,0,0,0,0,[],0.0,S51,4.7,0,1,1,0.0,,-0.939499,-13.241169,-14.180668,False,False,4,S51,False,0,0.1153,do_nothing,,,,,,,,,,,,,,,,,,,,,,,,,,,,,,,,,,,,,,,,,,,,,,,,,,,,
49,22,11,40,S51,False,0,1,1,0,13,0,0,0,0,"['B325', 'B564', 'B45', 'B471', 'B475', 'B465', 'B47', 'B293', 'B501', 'B436', 'B601', 'B341', 'B504']",6.5,S48,0.84,13,1,14,0.0,,-0.650591,-13.403476,-14.054068,False,False,6,S48,True,2,0.1666,pickup,,,,,,,,,,,,,,,,,,,,,,,,,,,,,,,,,,,,,,,,,,,,,,,,,,,,
49,22,11,47,S48,False,13,1,14,0,0,0,0,0,0,[],0.0,S24,13.93,13,1,14,0.0,,-0.68572,-13.182508,-13.868228,False,False,6,S24,True,0,0.1737,do_nothing,,,,,,,,,,,,,,,,,,,,,,,,,,,,,,,,,,,,,,,,,,,,,,,,,,,,
49,22,12,1,S24,False,13,1,14,13,0,0,1,0,0,"['B424', 'B325', 'B564', 'B45', 'B471', 'B475', 'B465', 'B47', 'B293', 'B501', 'B436', 'B601', 'B341', 'B504']",7.0,S8,14.89,0,2,2,0.0,,-0.619803,-13.282956,-13.902759,True,True,8,S8,False,6,0.2141,delivery+depot_removal,,,,,,,,,,,,,,,,,,,,,,,,,,,,,,,,,,,,,,,,,,,,,,,,,,,,
49,22,12,23,S8,False,0,2,2,0,18,0,0,0,0,"['B32', 'B62', 'B279', 'B54', 'B449', 'B108', 'B299', 'B528', 'B741', 'B240', 'B597', 'B155', 'B631', 'B737', 'B347', 'B559', 'B306', 'B715']",9.0,S0,4.16,18,2,20,0.0,,-0.876219,-13.394178,-14.270397,False,False,4,S11,True,2,0.1195,pickup,,,,,,,,,,,,,,,,,,,,,,,,,,,,,,,,,,,,,,,,,,,,,,,,,,,,
49,22,12,36,S0,False,18,2,20,0,0,0,0,0,0,[],0.0,S29,5.36,18,2,20,0.0,,-0.971955,-13.398176,-14.370131,True,False,10,S11,True,0,0.3119,do_nothing,,,,,,,,,,,,,,,,,,,,,,,,,,,,,,,,,,,,,,,,,,,,,,,,,,,,
49,22,12,41,S29,False,18,2,20,18,0,0,0,0,0,"['B32', 'B62', 'B279', 'B54', 'B449', 'B108', 'B299', 'B528', 'B741', 'B240', 'B597', 'B155', 'B631', 'B737', 'B347', 'B559', 'B306', 'B715']",9.0,S33,4.32,0,2,2,0.0,,-1.462214,-13.584796,-15.04701,False,False,6,S33,True,4,0.1643,delivery,,,,,,,,,,,,,,,,,,,,,,,,,,,,,,,,,,,,,,,,,,,,,,,,,,,,
49,22,12,55,S33,False,0,2,2,0,15,0,0,0,0,"['B379', 'B496', 'B270', 'B89', 'B652', 'B423', 'B366', 'B53', 'B123', 'B416', 'B742', 'B189', 'B419', 'B500', 'B318']",7.5,S54,3.1,15,2,17,0.0,,-0.976202,-13.504904,-14.481106,False,False,6,S54,False,2,0.1632,pickup,,,,,,,,,,,,,,,,,,,,,,,,,,,,,,,,,,,,,,,,,,,,,,,,,,,,
49,22,13,5,S54,False,15,2,17,15,0,0,0,0,0,"['B379', 'B496', 'B270', 'B89', 'B652', 'B423', 'B366', 'B53', 'B123', 'B416', 'B742', 'B189', 'B419', 'B500', 'B318']",7.5,S41,6.96,0,2,2,0.0,,-0.843276,-13.405362,-14.248638,False,False,4,S41,False,2,0.1156,delivery,,,,,,,,,,,,,,,,,,,,,,,,,,,,,,,,,,,,,,,,,,,,,,,,,,,,
49,22,13,20,S41,False,0,2,2,0,14,0,0,0,0,"['B657', 'B454', 'B250', 'B144', 'B280', 'B707', 'B271', 'B20', 'B643', 'B249', 'B667', 'B489', 'B651', 'B629']",7.0,S55,7.46,14,2,16,0.0,,-1.109022,-13.09744,-14.206462,False,False,6,S60,True,2,0.1657,pickup,,,,,,,,,,,,,,,,,,,,,,,,,,,,,,,,,,,,,,,,,,,,,,,,,,,,
49,22,13,34,S55,False,14,2,16,14,0,0,1,0,0,"['B338', 'B657', 'B454', 'B250', 'B144', 'B280', 'B707', 'B271', 'B20', 'B643', 'B249', 'B667', 'B489', 'B651', 'B629']",7.5,S60,6.87,0,3,3,0.0,,-1.5901,-12.752991,-14.343091,True,True,8,S60,False,6,0.2168,delivery+depot_removal,,,,,,,,,,,,,,,,,,,,,,,,,,,,,,,,,,,,,,,,,,,,,,,,,,,,
49,22,13,48,S60,False,0,3,3,0,17,0,0,0,0,"['B360', 'B409', 'B277', 'B342', 'B410', 'B455', 'B143', 'B395', 'B689', 'B193', 'B660', 'B68', 'B164', 'B254', 'B694', 'B537', 'B98']",8.5,S44,4.0,17,3,20,0.0,,-1.047772,-12.709406,-13.757179,False,False,6,S44,True,4,0.1641,pickup,,,,,,,,,,,,,,,,,,,,,,,,,,,,,,,,,,,,,,,,,,,,,,,,,,,,
49,22,14,1,S44,False,17,3,20,6,0,0,0,0,0,"['B360', 'B409', 'B277', 'B342', 'B410', 'B455']",3.0,S39,4.87,11,3,14,0.0,,-1.467937,-12.946105,-14.414042,False,False,6,S39,False,4,0.1626,delivery,,,,,,,,,,,,,,,,,,,,,,,,,,,,,,,,,,,,,,,,,,,,,,,,,,,,
49,22,14,9,S39,False,11,3,14,0,0,0,0,0,0,[],0.0,S35,11.31,11,3,14,0.0,,-1.734736,-12.811543,-14.546279,False,False,4,S59,True,0,0.1137,do_nothing,,,,,,,,,,,,,,,,,,,,,,,,,,,,,,,,,,,,,,,,,,,,,,,,,,,,
49,22,14,20,S35,False,11,3,14,11,0,0,1,0,0,"['B467', 'B143', 'B395', 'B689', 'B193', 'B660', 'B68', 'B164', 'B254', 'B694', 'B537', 'B98']",6.0,S41,9.63,0,4,4,0.0,,-1.04646,-12.628583,-13.675043,True,True,8,S41,False,6,0.2461,delivery+depot_removal,,,,,,,,,,,,,,,,,,,,,,,,,,,,,,,,,,,,,,,,,,,,,,,,,,,,
49,22,14,36,S41,False,0,4,4,0,16,0,0,0,0,"['B109', 'B652', 'B265', 'B197', 'B270', 'B369', 'B224', 'B448', 'B540', 'B190', 'B519', 'B151', 'B123', 'B130', 'B250', 'B362']",8.0,S39,3.32,16,4,20,0.0,,-1.402859,-12.887696,-14.290555,False,False,6,S39,True,2,0.1592,pickup,,,,,,,,,,,,,,,,,,,,,,,,,,,,,,,,,,,,,,,,,,,,,,,,,,,,
49,22,14,47,S39,False,16,4,20,16,0,0,0,0,0,"['B109', 'B652', 'B265', 'B197', 'B270', 'B369', 'B224', 'B448', 'B540', 'B190', 'B519', 'B151', 'B123', 'B130', 'B250', 'B362']",8.0,S59,2.08,0,4,4,0.0,,-1.505632,-12.773242,-14.278875,False,False,4,S59,False,2,0.1224,delivery,,,,,,,,,,,,,,,,,,,,,,,,,,,,,,,,,,,,,,,,,,,,,,,,,,,,
49,22,14,57,S59,False,0,4,4,0,16,0,0,0,0,"['B114', 'B268', 'B701', 'B665', 'B111', 'B50', 'B17', 'B91', 'B511', 'B202', 'B752', 'B422', 'B188', 'B256', 'B644', 'B671']",8.0,S57,8.98,16,4,20,0.0,,-1.270198,-12.820467,-14.090665,False,False,4,S57,False,2,0.1219,pickup,,,,,,,,,,,,,,,,,,,,,,,,,,,,,,,,,,,,,,,,,,,,,,,,,,,,
49,22,15,14,S57,False,16,4,20,0,0,2,0,0,0,[],6.0,S26,6.87,16,4,20,0.0,,-1.17019,-12.804423,-13.974613,True,True,18,S26,True,4,0.4735,do_nothing+onsite,,,,,,,,,,,,,,,,,,,,,,,,,,,,,,,,,,,,,,,,,,,,,,,,,,,,
49,22,15,27,S26,False,16,4,20,16,0,0,0,0,0,"['B114', 'B268', 'B701', 'B665', 'B111', 'B50', 'B17', 'B91', 'B511', 'B202', 'B752', 'B422', 'B188', 'B256', 'B644', 'B671']",8.0,S31,6.02,0,4,4,0.0,,-1.567456,-12.86738,-14.434836,False,False,4,S31,False,2,0.1064,delivery,,,,,,,,,,,,,,,,,,,,,,,,,,,,,,,,,,,,,,,,,,,,,,,,,,,,
49,22,15,41,S31,False,0,4,4,0,16,0,0,0,0,"['B458', 'B154', 'B713', 'B473', 'B66', 'B491', 'B751', 'B367', 'B591', 'B595', 'B328', 'B407', 'B241', 'B413', 'B125', 'B486']",8.0,S49,2.89,16,4,20,0.0,,-0.944941,-12.671638,-13.616579,False,False,4,S49,False,2,0.1158,pickup,,,,,,,,,,,,,,,,,,,,,,,,,,,,,,,,,,,,,,,,,,,,,,,,,,,,
49,22,15,52,S49,False,16,4,20,15,0,0,0,0,0,"['B458', 'B154', 'B713', 'B473', 'B66', 'B491', 'B751', 'B367', 'B591', 'B595', 'B328', 'B407', 'B241', 'B413', 'B125']",7.5,S39,0.84,1,4,5,0.0,,-1.500006,-12.879119,-14.379125,False,False,6,S39,True,4,0.1657,delivery,,,,,,,,,,,,,,,,,,,,,,,,,,,,,,,,,,,,,,,,,,,,,,,,,,,,
49,22,16,0,S39,False,1,4,5,1,0,0,0,0,0,['B486'],0.5,S51,7.16,0,4,4,0.0,,-0.750676,-12.890168,-13.640843,False,False,4,S51,False,2,0.1295,delivery,,,,,,,,,,,,,,,,,,,,,,,,,,,,,,,,,,,,,,,,,,,,,,,,,,,,
49,22,16,8,S51,False,0,4,4,0,11,3,0,0,0,"['B703', 'B214', 'B435', 'B389', 'B736', 'B16', 'B275', 'B264', 'B158', 'B406', 'B638']",14.5,S37,4.67,11,4,15,0.0,,-1.527905,-12.791038,-14.318943,True,True,24,S6,True,22,0.6331,pickup+onsite,,,,,,,,,,,,,,,,,,,,,,,,,,,,,,,,,,,,,,,,,,,,,,,,,,,,
49,22,16,27,S37,False,11,4,15,0,0,0,0,0,0,[],0.0,S54,4.98,11,4,15,0.0,,-1.703289,-12.99151,-14.694799,False,False,4,S6,True,0,0.1073,do_nothing,,,,,,,,,,,,,,,,,,,,,,,,,,,,,,,,,,,,,,,,,,,,,,,,,,,,
49,22,16,32,S54,False,11,4,15,0,0,0,0,0,0,[],0.0,S35,2.91,11,4,15,0.0,,-1.241821,-12.894423,-14.136243,False,False,4,S6,True,0,0.1074,do_nothing,,,,,,,,,,,,,,,,,,,,,,,,,,,,,,,,,,,,,,,,,,,,,,,,,,,,
49,22,16,35,S35,False,11,4,15,11,0,0,0,0,0,"['B703', 'B214', 'B435', 'B389', 'B736', 'B16', 'B275', 'B264', 'B158', 'B406', 'B638']",5.5,S6,12.74,0,4,4,0.0,,-1.403417,-12.95098,-14.354397,False,False,4,S6,False,2,0.1074,delivery,,,,,,,,,,,,,,,,,,,,,,,,,,,,,,,,,,,,,,,,,,,,,,,,,,,,
49,22,16,53,S6,False,0,4,4,0,16,0,0,0,0,"['B302', 'B38', 'B222', 'B520', 'B159', 'B93', 'B417', 'B439', 'B132', 'B65', 'B246', 'B573', 'B538', 'B639', 'B210', 'B339']",8.0,S54,11.55,16,4,20,0.0,,-0.918041,-12.77762,-13.695661,False,False,4,S54,False,2,0.1064,pickup,,,,,,,,,,,,,,,,,,,,,,,,,,,,,,,,,,,,,,,,,,,,,,,,,,,,
49,22,17,13,S54,False,16,4,20,13,0,0,0,0,0,"['B302', 'B38', 'B222', 'B520', 'B159', 'B93', 'B417', 'B439', 'B132', 'B65', 'B246', 'B573', 'B538']",6.5,S31,5.7,3,4,7,0.0,,-0.524806,-12.763693,-13.2885,False,False,6,S1,True,4,0.165,delivery,,,,,,,,,,,,,,,,,,,,,,,,,,,,,,,,,,,,,,,,,,,,,,,,,,,,
49,22,17,25,S31,False,3,4,7,0,13,0,0,0,0,"['B281', 'B562', 'B320', 'B421', 'B329', 'B706', 'B629', 'B666', 'B710', 'B213', 'B723', 'B409', 'B569']",6.5,S22,4.51,16,4,20,0.0,,-0.81645,-12.722481,-13.538931,False,False,4,S22,False,2,0.1147,pickup,,,,,,,,,,,,,,,,,,,,,,,,,,,,,,,,,,,,,,,,,,,,,,,,,,,,
49,22,17,36,S22,False,16,4,20,12,0,0,0,0,0,"['B639', 'B210', 'B339', 'B281', 'B562', 'B320', 'B421', 'B329', 'B706', 'B629', 'B666', 'B710']",6.0,S47,2.32,4,4,8,0.0,,-1.080071,-12.658436,-13.738507,False,False,6,S47,False,2,0.1674,delivery,,,,,,,,,,,,,,,,,,,,,,,,,,,,,,,,,,,,,,,,,,,,,,,,,,,,
49,22,17,44,S47,False,4,4,8,0,0,0,0,0,0,[],0.0,S31,2.72,4,4,8,0.0,,-1.208013,-12.671957,-13.87997,False,False,4,S59,True,0,0.1095,do_nothing,,,,,,,,,,,,,,,,,,,,,,,,,,,,,,,,,,,,,,,,,,,,,,,,,,,,
49,22,17,47,S31,False,4,4,8,0,0,0,0,0,0,[],0.0,S66,0.38,4,4,8,0.0,,-1.209027,-12.676837,-13.885864,False,False,4,S59,True,0,0.1121,do_nothing,,,,,,,,,,,,,,,,,,,,,,,,,,,,,,,,,,,,,,,,,,,,,,,,,,,,
49,22,17,47,S66,False,4,4,8,0,12,1,0,0,0,"['B761', 'B692', 'B30', 'B150', 'B698', 'B360', 'B514', 'B52', 'B340', 'B56', 'B646', 'B87']",9.0,S59,2.96,16,4,20,0.0,,-0.947102,-12.664914,-13.612016,True,True,8,S59,False,6,0.2159,pickup+onsite,,,,,,,,,,,,,,,,,,,,,,,,,,,,,,,,,,,,,,,,,,,,,,,,,,,,
49,22,17,59,S59,False,16,4,20,16,0,0,0,0,0,"['B213', 'B723', 'B409', 'B569', 'B761', 'B692', 'B30', 'B150', 'B698', 'B360', 'B514', 'B52', 'B340', 'B56', 'B646', 'B87']",8.0,S31,2.6,0,4,4,0.0,,-0.621792,-12.650545,-13.272338,False,False,4,S1,True,2,0.1031,delivery,,,,,,,,,,,,,,,,,,,,,,,,,,,,,,,,,,,,,,,,,,,,,,,,,,,,
49,22,18,10,S31,False,0,4,4,0,0,0,0,0,0,[],0.0,S60,0.89,0,4,4,0.0,,-0.621026,-12.664283,-13.285308,False,False,4,S60,False,0,0.1041,do_nothing,,,,,,,,,,,,,,,,,,,,,,,,,,,,,,,,,,,,,,,,,,,,,,,,,,,,
49,22,18,11,S60,False,0,4,4,0,0,0,0,0,0,[],0.0,S47,2.18,0,4,4,0.0,,-0.618876,-12.768893,-13.387769,False,False,4,S45,True,0,0.1062,do_nothing,,,,,,,,,,,,,,,,,,,,,,,,,,,,,,,,,,,,,,,,,,,,,,,,,,,,
49,22,18,13,S47,False,0,4,4,0,0,0,0,0,0,[],0.0,S60,2.18,0,4,4,0.0,,-0.880861,-12.666928,-13.54779,False,False,6,S60,False,0,0.1554,do_nothing,,,,,,,,,,,,,,,,,,,,,,,,,,,,,,,,,,,,,,,,,,,,,,,,,,,,
49,22,18,15,S60,False,0,4,4,0,16,0,0,0,0,"['B317', 'B544', 'B313', 'B547', 'B172', 'B331', 'B80', 'B153', 'B140', 'B608', 'B748', 'B577', 'B287', 'B497', 'B490', 'B431']",8.0,D0,1.95,16,4,20,0.0,,-0.652813,-12.80224,-13.455053,False,False,4,S45,True,3,0.1064,pickup,,,,,,,,,,,,,,,,,,,,,,,,,,,,,,,,,,,,,,,,,,,,,,,,,,,,
49,22,18,25,D0,True,16,4,20,0,0,0,0,4,0,"['B310', 'B424', 'B338', 'B467']",2.0,S45,1.52,16,0,16,0.0,,-0.559679,-12.827574,-13.387253,True,True,1,S45,False,0,0.0251,depot_passthrough,,,,,,,,,,,,,,,,,,,,,,,,,,,,,,,,,,,,,,,,,,,,,,,,,,,,
49,22,18,44,S45,False,16,0,16,12,0,0,0,0,0,"['B317', 'B544', 'B313', 'B547', 'B172', 'B331', 'B80', 'B153', 'B140', 'B608', 'B748', 'B577']",6.0,S62,1.77,4,0,4,0.0,,-0.616158,-12.803241,-13.419399,False,False,4,S62,False,2,0.1146,delivery,,,,,,,,,,,,,,,,,,,,,,,,,,,,,,,,,,,,,,,,,,,,,,,,,,,,
49,22,18,51,S62,False,4,0,4,0,12,0,1,0,0,"['B164', 'B18', 'B663', 'B355', 'B726', 'B682', 'B641', 'B349', 'B739', 'B632', 'B656', 'B88', 'B21']",6.5,S55,3.22,16,1,17,0.0,,-0.551735,-12.891132,-13.442867,True,True,12,S55,False,10,0.3227,pickup+depot_removal,,,,,,,,,,,,,,,,,,,,,,,,,,,,,,,,,,,,,,,,,,,,,,,,,,,,
49,22,19,1,S55,False,16,1,17,14,0,0,0,0,0,"['B287', 'B497', 'B490', 'B431', 'B164', 'B18', 'B663', 'B355', 'B726', 'B682', 'B641', 'B349', 'B739', 'B632']",7.0,S51,5.48,2,1,3,0.0,,-0.391843,-12.866708,-13.258551,False,False,6,S51,False,4,0.1605,delivery,,,,,,,,,,,,,,,,,,,,,,,,,,,,,,,,,,,,,,,,,,,,,,,,,,,,
49,22,19,14,S51,False,2,1,3,0,11,0,0,0,0,"['B144', 'B506', 'B571', 'B31', 'B389', 'B112', 'B634', 'B11', 'B442', 'B621', 'B545']",5.5,S19,1.21,13,1,14,0.0,,-0.426041,-12.778813,-13.204854,False,False,6,S19,False,4,0.1721,pickup,,,,,,,,,,,,,,,,,,,,,,,,,,,,,,,,,,,,,,,,,,,,,,,,,,,,
49,22,19,20,S19,False,13,1,14,0,6,1,0,0,0,"['B73', 'B169', 'B495', 'B293', 'B20', 'B42']",6.0,S64,7.77,19,1,20,0.0,,-0.617387,-12.897239,-13.514626,True,True,8,S64,False,6,0.2125,pickup+onsite,,,,,,,,,,,,,,,,,,,,,,,,,,,,,,,,,,,,,,,,,,,,,,,,,,,,
49,22,19,34,S64,False,19,1,20,13,0,0,0,0,0,"['B656', 'B88', 'B144', 'B506', 'B571', 'B31', 'B389', 'B112', 'B634', 'B11', 'B442', 'B621', 'B545']",6.5,S31,1.37,6,1,7,0.0,,-0.457323,-12.774532,-13.231855,False,False,4,S37,True,2,0.1095,delivery,,,,,,,,,,,,,,,,,,,,,,,,,,,,,,,,,,,,,,,,,,,,,,,,,,,,
49,22,19,42,S31,False,6,1,7,0,0,0,0,0,0,[],0.0,S30,1.91,6,1,7,0.0,,-0.194186,-12.872405,-13.066591,False,False,3,S30,False,0,0.0991,do_nothing,,,,,,,,,,,,,,,,,,,,,,,,,,,,,,,,,,,,,,,,,,,,,,,,,,,,
49,22,19,44,S30,False,6,1,7,0,0,0,0,0,0,[],0.0,S31,1.91,6,1,7,0.0,,-0.195835,-12.728276,-12.924111,False,False,4,D0,True,0,0.1376,do_nothing,,,,,,,,,,,,,,,,,,,,,,,,,,,,,,,,,,,,,,,,,,,,,,,,,,,,
49,22,19,46,S31,False,6,1,7,0,13,0,0,0,0,"['B155', 'B120', 'B714', 'B5', 'B122', 'B576', 'B70', 'B321', 'B216', 'B756', 'B707', 'B117', 'B379']",6.5,D0,1.48,19,1,20,0.0,,-0.388609,-12.868626,-13.257235,False,False,2,D0,False,1,0.0868,pickup,,,,,,,,,,,,,,,,,,,,,,,,,,,,,,,,,,,,,,,,,,,,,,,,,,,,
49,22,19,54,D0,True,19,1,20,0,0,0,0,1,0,['B21'],0.5,D0,0.0,19,0,19,0.0,,-0.423281,-12.839461,-13.262743,True,True,1,D0,False,0,0.0502,do_nothing,,,,,,,,,,,,,,,,,,,,,,,,,,,,,,,,,,,,,,,,,,,,,,,,,,,,
49,23,6,9,D0,True,19,0,19,0,0,0,0,0,1,['B239'],0.5,S27,1.1,20,0,20,0.0,,-2.456075,-13.329006,-15.785081,True,True,1,S27,False,0,0.025,load_queue,,,,,,,,,,,,,,,,,,,,,,,,,,,,,,,,,,,,,,,,,,,,,,,,,,,,
49,23,6,26,S27,False,20,0,20,20,0,0,0,0,0,"['B73', 'B169', 'B495', 'B293', 'B20', 'B42', 'B155', 'B120', 'B714', 'B5', 'B122', 'B576', 'B70', 'B321', 'B216', 'B756', 'B707', 'B117', 'B379', 'B239']",10.0,S39,5.98,0,0,0,0.0,,-3.273313,-13.22555,-16.498863,False,False,4,S39,False,2,0.1062,delivery,,,,,,,,,,,,,,,,,,,,,,,,,,,,,,,,,,,,,,,,,,,,,,,,,,,,
49,23,6,42,S39,False,0,0,0,0,20,0,0,0,0,"['B194', 'B589', 'B486', 'B280', 'B357', 'B719', 'B88', 'B179', 'B25', 'B131', 'B626', 'B195', 'B690', 'B483', 'B39', 'B390', 'B601', 'B61', 'B688', 'B352']",10.0,S66,4.09,20,0,20,0.0,,-2.223727,-13.126841,-15.350568,False,False,4,S66,False,2,0.1085,pickup,,,,,,,,,,,,,,,,,,,,,,,,,,,,,,,,,,,,,,,,,,,,,,,,,,,,
49,23,6,56,S66,False,20,0,20,19,0,0,0,0,0,"['B194', 'B589', 'B486', 'B280', 'B357', 'B719', 'B88', 'B179', 'B25', 'B131', 'B626', 'B195', 'B690', 'B483', 'B39', 'B390', 'B601', 'B61', 'B688']",9.5,S60,1.23,1,0,1,0.0,,-2.285367,-13.134275,-15.419642,False,False,6,S65,True,2,0.1632,delivery,,,,,,,,,,,,,,,,,,,,,,,,,,,,,,,,,,,,,,,,,,,,,,,,,,,,
49,23,7,7,S60,False,1,0,1,0,15,0,0,0,0,"['B518', 'B83', 'B408', 'B23', 'B438', 'B655', 'B193', 'B469', 'B345', 'B607', 'B434', 'B343', 'B50', 'B501', 'B436']",7.5,S65,3.09,16,0,16,0.0,,-2.221526,-13.145053,-15.366578,False,False,6,S47,True,2,0.1615,pickup,,,,,,,,,,,,,,,,,,,,,,,,,,,,,,,,,,,,,,,,,,,,,,,,,,,,
49,23,7,17,S65,False,16,0,16,0,0,0,0,0,0,[],0.0,S15,5.1,16,0,16,0.0,,-1.671048,-13.23788,-14.908928,False,False,4,S47,True,0,0.1086,do_nothing,,,,,,,,,,,,,,,,,,,,,,,,,,,,,,,,,,,,,,,,,,,,,,,,,,,,
49,23,7,22,S15,False,16,0,16,15,0,0,0,0,0,"['B352', 'B518', 'B83', 'B408', 'B23', 'B438', 'B655', 'B193', 'B469', 'B345', 'B607', 'B434', 'B343', 'B50', 'B501']",7.5,S63,5.25,1,0,1,0.0,,-1.700943,-13.281699,-14.982642,False,False,6,S63,False,4,0.1627,delivery,,,,,,,,,,,,,,,,,,,,,,,,,,,,,,,,,,,,,,,,,,,,,,,,,,,,
49,23,7,35,S63,False,1,0,1,0,16,0,0,0,0,"['B165', 'B347', 'B100', 'B559', 'B580', 'B460', 'B520', 'B264', 'B630', 'B651', 'B233', 'B34', 'B60', 'B474', 'B403', 'B737']",8.0,S43,0.64,17,0,17,0.0,,-0.914339,-13.225676,-14.140015,False,False,6,S43,False,2,0.1678,pickup,,,,,,,,,,,,,,,,,,,,,,,,,,,,,,,,,,,,,,,,,,,,,,,,,,,,
49,23,7,44,S43,False,17,0,17,14,0,0,0,0,0,"['B436', 'B165', 'B347', 'B100', 'B559', 'B580', 'B460', 'B520', 'B264', 'B630', 'B651', 'B233', 'B34', 'B60']",7.0,S46,1.46,3,0,3,0.0,,-1.762274,-13.295938,-15.058212,False,False,6,S46,False,4,0.1821,delivery,,,,,,,,,,,,,,,,,,,,,,,,,,,,,,,,,,,,,,,,,,,,,,,,,,,,
49,23,7,52,S46,False,3,0,3,0,13,0,0,0,0,"['B249', 'B703', 'B284', 'B246', 'B258', 'B257', 'B450', 'B358', 'B182', 'B416', 'B67', 'B569', 'B682']",6.5,S51,3.14,16,0,16,0.0,,-0.915003,-13.147823,-14.062826,True,False,12,S51,True,8,0.3454,pickup,,,,,,,,,,,,,,,,,,,,,,,,,,,,,,,,,,,,,,,,,,,,,,,,,,,,
49,23,8,2,S51,False,16,0,16,10,0,0,1,0,0,"['B31', 'B474', 'B403', 'B737', 'B249', 'B703', 'B284', 'B246', 'B258', 'B257', 'B450']",5.5,S36,1.89,6,1,7,0.0,,-1.007413,-13.312772,-14.320185,True,True,12,S36,True,10,0.3332,delivery+depot_removal,,,,,,,,,,,,,,,,,,,,,,,,,,,,,,,,,,,,,,,,,,,,,,,,,,,,
49,23,8,9,S36,False,6,1,7,0,11,0,0,0,0,"['B456', 'B529', 'B306', 'B176', 'B296', 'B618', 'B740', 'B439', 'B63', 'B212', 'B40']",5.5,S42,7.67,17,1,18,0.0,,-0.682048,-13.101305,-13.783353,False,False,6,S42,False,4,0.1995,pickup,,,,,,,,,,,,,,,,,,,,,,,,,,,,,,,,,,,,,,,,,,,,,,,,,,,,
49,23,8,22,S42,False,17,1,18,12,0,1,1,0,0,"['B129', 'B358', 'B182', 'B416', 'B67', 'B569', 'B682', 'B456', 'B529', 'B306', 'B176', 'B296', 'B618']",9.5,S54,4.21,5,2,7,0.0,,-0.747067,-13.021605,-13.768672,True,True,24,S65,True,14,0.8003,delivery+maintenance,,,,,,,,,,,,,,,,,,,,,,,,,,,,,,,,,,,,,,,,,,,,,,,,,,,,
49,23,8,36,S54,False,5,2,7,0,10,1,1,0,0,"['B544', 'B689', 'B174', 'B273', 'B374', 'B386', 'B68', 'B369', 'B405', 'B7', 'B206']",8.5,S24,8.5,15,3,18,0.0,,-1.010381,-12.978587,-13.988968,True,True,20,S24,False,18,0.5393,pickup+maintenance,,,,,,,,,,,,,,,,,,,,,,,,,,,,,,,,,,,,,,,,,,,,,,,,,,,,
49,23,8,53,S24,False,15,3,18,15,0,0,0,0,0,"['B740', 'B439', 'B63', 'B212', 'B40', 'B544', 'B689', 'B174', 'B273', 'B374', 'B386', 'B68', 'B369', 'B405', 'B7']",7.5,S37,9.36,0,3,3,0.0,,-0.811417,-12.995542,-13.806959,False,False,6,S65,True,4,0.1633,delivery,,,,,,,,,,,,,,,,,,,,,,,,,,,,,,,,,,,,,,,,,,,,,,,,,,,,
49,23,9,10,S37,False,0,3,3,0,13,0,0,0,0,"['B228', 'B170', 'B146', 'B566', 'B754', 'B472', 'B710', 'B570', 'B111', 'B181', 'B704', 'B486', 'B380']",6.5,S41,3.7,13,3,16,0.0,,-0.32435,-12.950876,-13.275226,False,False,6,S41,False,2,0.1905,pickup,,,,,,,,,,,,,,,,,,,,,,,,,,,,,,,,,,,,,,,,,,,,,,,,,,,,
49,23,9,20,S41,False,13,3,16,13,0,1,1,0,0,"['B385', 'B228', 'B170', 'B146', 'B566', 'B754', 'B472', 'B710', 'B570', 'B111', 'B181', 'B704', 'B486', 'B380']",10.0,S55,7.46,0,4,4,0.0,,-0.882861,-12.858352,-13.741214,True,True,16,S55,False,14,0.4504,delivery+maintenance,,,,,,,,,,,,,,,,,,,,,,,,,,,,,,,,,,,,,,,,,,,,,,,,,,,,
49,23,9,38,S55,False,0,4,4,0,16,0,0,0,0,"['B302', 'B297', 'B594', 'B247', 'B201', 'B363', 'B660', 'B465', 'B404', 'B320', 'B342', 'B527', 'B251', 'B583', 'B730', 'B687']",8.0,S57,2.57,16,4,20,0.0,,-1.138961,-13.115319,-14.25428,False,False,4,S57,False,2,0.1089,pickup,,,,,,,,,,,,,,,,,,,,,,,,,,,,,,,,,,,,,,,,,,,,,,,,,,,,
49,23,9,48,S57,False,16,4,20,16,0,0,0,0,0,"['B302', 'B297', 'B594', 'B247', 'B201', 'B363', 'B660', 'B465', 'B404', 'B320', 'B342', 'B527', 'B251', 'B583', 'B730', 'B687']",8.0,S52,6.39,0,4,4,0.0,,-1.331669,-13.294245,-14.625914,False,False,6,S12,True,2,0.1628,delivery,,,,,,,,,,,,,,,,,,,,,,,,,,,,,,,,,,,,,,,,,,,,,,,,,,,,
49,23,10,3,S52,False,0,4,4,0,0,0,0,0,0,[],0.0,S16,1.07,0,4,4,0.0,,-0.748705,-13.367579,-14.116284,False,False,6,S31,True,0,0.1618,do_nothing,,,,,,,,,,,,,,,,,,,,,,,,,,,,,,,,,,,,,,,,,,,,,,,,,,,,
49,23,10,4,S16,False,0,4,4,0,11,0,0,0,0,"['B620', 'B355', 'B685', 'B235', 'B470', 'B421', 'B506', 'B1', 'B383', 'B35', 'B547']",5.5,S63,0.31,11,4,15,0.0,,-0.617803,-13.261954,-13.879757,False,False,6,S52,True,2,0.1649,pickup,,,,,,,,,,,,,,,,,,,,,,,,,,,,,,,,,,,,,,,,,,,,,,,,,,,,
49,23,10,10,S63,False,11,4,15,11,0,0,0,0,0,"['B620', 'B355', 'B685', 'B235', 'B470', 'B421', 'B506', 'B1', 'B383', 'B35', 'B547']",5.5,S62,2.46,0,4,4,0.0,,-0.814301,-13.259833,-14.074133,False,False,4,S62,False,2,0.1293,delivery,,,,,,,,,,,,,,,,,,,,,,,,,,,,,,,,,,,,,,,,,,,,,,,,,,,,
49,23,10,18,S62,False,0,4,4,0,14,1,1,0,0,"['B243', 'B229', 'B191', 'B173', 'B30', 'B159', 'B143', 'B150', 'B698', 'B749', 'B107', 'B151', 'B502', 'B29', 'B178']",10.5,S31,2.98,14,5,19,0.0,,-0.812954,-13.228078,-14.041032,True,True,20,S31,False,18,0.5242,pickup+maintenance,,,,,,,,,,,,,,,,,,,,,,,,,,,,,,,,,,,,,,,,,,,,,,,,,,,,
49,23,10,31,S31,False,14,5,19,14,0,0,0,0,0,"['B243', 'B229', 'B191', 'B173', 'B30', 'B159', 'B143', 'B150', 'B698', 'B749', 'B107', 'B151', 'B502', 'B29']",7.0,S49,2.89,0,5,5,0.0,,-0.807753,-13.286584,-14.094338,False,False,4,S49,False,2,0.1091,delivery,,,,,,,,,,,,,,,,,,,,,,,,,,,,,,,,,,,,,,,,,,,,,,,,,,,,
49,23,10,41,S49,False,0,5,5,0,11,0,0,0,0,"['B595', 'B328', 'B407', 'B241', 'B413', 'B125', 'B66', 'B473', 'B694', 'B221', 'B149']",5.5,S29,8.87,11,5,16,0.0,,-0.585031,-13.234622,-13.819653,False,False,6,S32,True,4,0.1557,pickup,,,,,,,,,,,,,,,,,,,,,,,,,,,,,,,,,,,,,,,,,,,,,,,,,,,,
49,23,10,55,S29,False,11,5,16,11,0,0,0,0,0,"['B595', 'B328', 'B407', 'B241', 'B413', 'B125', 'B66', 'B473', 'B694', 'B221', 'B149']",5.5,S32,3.29,0,5,5,0.0,,-1.169396,-13.242268,-14.411664,False,False,4,S32,False,2,0.1127,delivery,,,,,,,,,,,,,,,,,,,,,,,,,,,,,,,,,,,,,,,,,,,,,,,,,,,,
49,23,11,4,S32,False,0,5,5,0,14,0,0,0,0,"['B468', 'B219', 'B418', 'B337', 'B753', 'B227', 'B93', 'B186', 'B126', 'B429', 'B275', 'B765', 'B609', 'B406']",7.0,S50,4.46,14,5,19,0.0,,-0.782162,-13.311334,-14.093496,False,False,6,S50,False,4,0.1696,pickup,,,,,,,,,,,,,,,,,,,,,,,,,,,,,,,,,,,,,,,,,,,,,,,,,,,,
49,23,11,16,S50,False,14,5,19,14,0,0,1,0,0,"['B433', 'B468', 'B219', 'B418', 'B337', 'B753', 'B227', 'B93', 'B186', 'B126', 'B429', 'B275', 'B765', 'B609', 'B406']",7.5,S3,4.51,0,6,6,0.0,,-1.044314,-13.21333,-14.257645,True,True,8,S3,False,6,0.2158,delivery+depot_removal,,,,,,,,,,,,,,,,,,,,,,,,,,,,,,,,,,,,,,,,,,,,,,,,,,,,
49,23,11,28,S3,False,0,6,6,0,0,0,0,0,0,[],0.0,S52,4.71,0,6,6,0.0,,-0.652826,-13.218997,-13.871823,False,False,6,S36,True,0,0.1607,do_nothing,,,,,,,,,,,,,,,,,,,,,,,,,,,,,,,,,,,,,,,,,,,,,,,,,,,,
49,23,11,32,S52,False,0,6,6,0,11,0,0,0,0,"['B562', 'B329', 'B706', 'B696', 'B348', 'B454', 'B741', 'B204', 'B248', 'B657', 'B549']",5.5,S36,4.36,11,6,17,0.0,,-0.617719,-13.218555,-13.836274,False,False,6,S3,True,4,0.1621,pickup,,,,,,,,,,,,,,,,,,,,,,,,,,,,,,,,,,,,,,,,,,,,,,,,,,,,
49,23,11,42,S36,False,11,6,17,0,0,0,0,0,0,[],0.0,S29,5.98,11,6,17,0.0,,-0.680305,-13.108722,-13.789026,False,False,6,S3,True,0,0.1647,do_nothing,,,,,,,,,,,,,,,,,,,,,,,,,,,,,,,,,,,,,,,,,,,,,,,,,,,,
49,23,11,48,S29,False,11,6,17,11,0,0,0,0,0,"['B562', 'B329', 'B706', 'B696', 'B348', 'B454', 'B741', 'B204', 'B248', 'B657', 'B549']",5.5,S3,3.51,0,6,6,0.0,,-1.17474,-13.280144,-14.454884,False,False,4,S3,False,2,0.1084,delivery,,,,,,,,,,,,,,,,,,,,,,,,,,,,,,,,,,,,,,,,,,,,,,,,,,,,
49,23,11,57,S3,False,0,6,6,0,10,0,0,0,0,"['B654', 'B333', 'B12', 'B44', 'B674', 'B272', 'B693', 'B69', 'B643', 'B163']",5.0,S36,2.85,10,6,16,0.0,,-0.55519,-13.331872,-13.887062,False,False,6,S36,False,4,0.1636,pickup,,,,,,,,,,,,,,,,,,,,,,,,,,,,,,,,,,,,,,,,,,,,,,,,,,,,
49,23,12,5,S36,False,10,6,16,9,0,0,0,0,0,"['B654', 'B333', 'B12', 'B44', 'B674', 'B272', 'B693', 'B69', 'B643']",4.5,S42,7.67,1,6,7,0.0,,-0.970214,-13.282221,-14.252435,False,False,6,S42,False,2,0.1837,delivery,,,,,,,,,,,,,,,,,,,,,,,,,,,,,,,,,,,,,,,,,,,,,,,,,,,,
49,23,12,17,S42,False,1,6,7,0,11,0,0,0,0,"['B358', 'B182', 'B416', 'B67', 'B569', 'B682', 'B456', 'B529', 'B306', 'B176', 'B296']",5.5,S50,2.31,12,6,18,0.0,,-0.946643,-13.256992,-14.203635,False,False,6,S50,False,4,0.1704,pickup,,,,,,,,,,,,,,,,,,,,,,,,,,,,,,,,,,,,,,,,,,,,,,,,,,,,
49,23,12,25,S50,False,12,6,18,0,0,0,0,0,0,[],0.0,S35,1.61,12,6,18,0.0,,-0.973389,-13.236478,-14.209867,False,False,4,S30,True,0,0.1259,do_nothing,,,,,,,,,,,,,,,,,,,,,,,,,,,,,,,,,,,,,,,,,,,,,,,,,,,,
49,23,12,27,S35,False,12,6,18,12,0,1,1,0,0,"['B24', 'B163', 'B358', 'B182', 'B416', 'B67', 'B569', 'B682', 'B456', 'B529', 'B306', 'B176', 'B296']",9.5,S30,9.95,0,7,7,0.0,,-0.550893,-13.206988,-13.757881,True,True,24,S50,True,22,0.6367,delivery+maintenance,,,,,,,,,,,,,,,,,,,,,,,,,,,,,,,,,,,,,,,,,,,,,,,,,,,,
49,23,12,46,S30,False,0,7,7,0,10,0,0,0,0,"['B427', 'B523', 'B497', 'B723', 'B763', 'B84', 'B755', 'B205', 'B605', 'B633']",5.0,S50,8.83,10,7,17,0.0,,-0.677438,-13.046514,-13.723952,False,False,6,S50,False,4,0.1661,pickup,,,,,,,,,,,,,,,,,,,,,,,,,,,,,,,,,,,,,,,,,,,,,,,,,,,,
49,23,13,0,S50,False,10,7,17,10,0,0,0,0,0,"['B427', 'B523', 'B497', 'B723', 'B763', 'B84', 'B755', 'B205', 'B605', 'B633']",5.0,S47,9.95,0,7,7,0.0,,-0.980065,-12.978438,-13.958503,False,False,4,S47,False,2,0.1062,delivery,,,,,,,,,,,,,,,,,,,,,,,,,,,,,,,,,,,,,,,,,,,,,,,,,,,,
49,23,13,15,S47,False,0,7,7,0,11,0,0,0,0,"['B82', 'B611', 'B33', 'B672', 'B166', 'B449', 'B476', 'B118', 'B475', 'B540', 'B451']",5.5,S13,5.99,11,7,18,0.0,,-1.492198,-13.031789,-14.523987,False,False,6,S13,False,4,0.1564,pickup,,,,,,,,,,,,,,,,,,,,,,,,,,,,,,,,,,,,,,,,,,,,,,,,,,,,
49,23,13,26,S13,False,11,7,18,0,0,0,0,0,0,[],0.0,S26,11.1,11,7,18,0.0,,-1.30158,-13.061486,-14.363066,False,False,4,S5,True,0,0.1092,do_nothing,,,,,,,,,,,,,,,,,,,,,,,,,,,,,,,,,,,,,,,,,,,,,,,,,,,,
49,23,13,37,S26,False,11,7,18,11,0,0,0,0,0,"['B82', 'B611', 'B33', 'B672', 'B166', 'B449', 'B476', 'B118', 'B475', 'B540', 'B451']",5.5,S9,14.63,0,7,7,0.0,,-1.270446,-12.845115,-14.115562,False,False,4,S13,True,2,0.1077,delivery,,,,,,,,,,,,,,,,,,,,,,,,,,,,,,,,,,,,,,,,,,,,,,,,,,,,
49,23,13,57,S9,False,0,7,7,0,0,0,0,0,0,[],0.0,S12,1.46,0,7,7,0.0,,-1.471024,-12.804318,-14.275342,False,False,4,S12,False,0,0.1055,do_nothing,,,,,,,,,,,,,,,,,,,,,,,,,,,,,,,,,,,,,,,,,,,,,,,,,,,,
49,23,13,59,S12,False,0,7,7,0,13,0,0,0,0,"['B120', 'B255', 'B437', 'B0', 'B170', 'B235', 'B1', 'B667', 'B287', 'B412', 'B307', 'B701', 'B340']",6.5,S36,3.39,13,7,20,0.0,,-1.889371,-12.725474,-14.614845,False,False,4,S36,False,2,0.1075,pickup,,,,,,,,,,,,,,,,,,,,,,,,,,,,,,,,,,,,,,,,,,,,,,,,,,,,
49,23,14,9,S36,False,13,7,20,13,0,0,0,0,0,"['B120', 'B255', 'B437', 'B0', 'B170', 'B235', 'B1', 'B667', 'B287', 'B412', 'B307', 'B701', 'B340']",6.5,S48,1.72,0,7,7,0.0,,-1.266927,-12.918363,-14.18529,False,False,4,S48,False,2,0.1074,delivery,,,,,,,,,,,,,,,,,,,,,,,,,,,,,,,,,,,,,,,,,,,,,,,,,,,,
49,23,14,17,S48,False,0,7,7,0,13,0,0,0,0,"['B311', 'B733', 'B365', 'B133', 'B245', 'B347', 'B395', 'B362', 'B515', 'B158', 'B556', 'B436', 'B289']",6.5,S39,7.99,13,7,20,0.0,,-2.022312,-12.866521,-14.888832,False,False,6,S39,True,2,0.1605,pickup,,,,,,,,,,,,,,,,,,,,,,,,,,,,,,,,,,,,,,,,,,,,,,,,,,,,
49,23,14,32,S39,False,13,7,20,13,0,0,0,0,0,"['B311', 'B733', 'B365', 'B133', 'B245', 'B347', 'B395', 'B362', 'B515', 'B158', 'B556', 'B436', 'B289']",6.5,S37,3.55,0,7,7,0.0,,-1.474337,-12.780425,-14.254763,False,False,4,S49,True,2,0.1078,delivery,,,,,,,,,,,,,,,,,,,,,,,,,,,,,,,,,,,,,,,,,,,,,,,,,,,,
49,23,14,42,S37,False,0,7,7,0,13,0,0,0,0,"['B209', 'B522', 'B131', 'B417', 'B439', 'B696', 'B510', 'B682', 'B137', 'B732', 'B444', 'B406', 'B41']",6.5,S49,3.13,13,7,20,0.0,,-1.692118,-12.67306,-14.365178,False,False,4,S4,True,2,0.1138,pickup,,,,,,,,,,,,,,,,,,,,,,,,,,,,,,,,,,,,,,,,,,,,,,,,,,,,
49,23,14,51,S49,False,13,7,20,13,0,0,1,0,0,"['B608', 'B209', 'B522', 'B131', 'B417', 'B439', 'B696', 'B510', 'B682', 'B137', 'B732', 'B444', 'B406', 'B41']",7.0,S65,4.37,0,8,8,0.0,,-1.839115,-12.728062,-14.567177,True,True,10,S39,True,8,0.267,delivery+depot_removal,,,,,,,,,,,,,,,,,,,,,,,,,,,,,,,,,,,,,,,,,,,,,,,,,,,,
49,23,15,3,S65,False,0,8,8,0,12,0,0,0,0,"['B767', 'B622', 'B71', 'B80', 'B415', 'B220', 'B399', 'B568', 'B336', 'B318', 'B551', 'B697']",6.0,S39,5.08,12,8,20,0.0,,-1.271543,-12.834957,-14.1065,False,False,4,S22,True,2,0.1051,pickup,,,,,,,,,,,,,,,,,,,,,,,,,,,,,,,,,,,,,,,,,,,,,,,,,,,,
49,23,15,14,S39,False,12,8,20,12,0,0,0,0,0,"['B767', 'B622', 'B71', 'B80', 'B415', 'B220', 'B399', 'B568', 'B336', 'B318', 'B551', 'B697']",6.0,S22,5.77,0,8,8,0.0,,-1.857641,-12.847471,-14.705113,False,False,4,S22,False,2,0.1117,delivery,,,,,,,,,,,,,,,,,,,,,,,,,,,,,,,,,,,,,,,,,,,,,,,,,,,,
49,23,15,25,S22,False,0,8,8,0,0,0,0,0,0,[],0.0,S63,8.69,0,8,8,0.0,,-0.919711,-12.695239,-13.61495,False,False,4,S17,True,0,0.1096,do_nothing,,,,,,,,,,,,,,,,,,,,,,,,,,,,,,,,,,,,,,,,,,,,,,,,,,,,
49,23,15,34,S63,False,0,8,8,0,0,1,0,0,0,[],3.0,S22,8.69,0,8,8,0.0,,-1.333571,-12.700647,-14.034218,True,True,8,S50,True,2,0.2084,do_nothing+onsite,,,,,,,,,,,,,,,,,,,,,,,,,,,,,,,,,,,,,,,,,,,,,,,,,,,,
49,23,15,46,S22,False,0,8,8,0,12,0,0,0,0,"['B215', 'B46', 'B344', 'B408', 'B83', 'B352', 'B19', 'B683', 'B447', 'B614', 'B684', 'B713']",6.0,S50,10.84,12,8,20,0.0,,-1.530795,-12.68904,-14.219834,False,False,4,S50,False,2,0.1059,pickup,,,,,,,,,,,,,,,,,,,,,,,,,,,,,,,,,,,,,,,,,,,,,,,,,,,,
49,23,16,3,S50,False,12,8,20,12,0,0,0,0,0,"['B215', 'B46', 'B344', 'B408', 'B83', 'B352', 'B19', 'B683', 'B447', 'B614', 'B684', 'B713']",6.0,S63,6.54,0,8,8,0.0,,-1.141624,-12.976594,-14.118219,False,False,4,S63,False,2,0.105,delivery,,,,,,,,,,,,,,,,,,,,,,,,,,,,,,,,,,,,,,,,,,,,,,,,,,,,
49,23,16,15,S63,False,0,8,8,0,12,0,0,0,0,"['B597', 'B92', 'B594', 'B72', 'B332', 'B327', 'B641', 'B64', 'B120', 'B437', 'B569', 'B249']",6.0,S29,5.25,12,8,20,0.0,,-1.180135,-12.90703,-14.087165,False,False,4,S29,False,2,0.1131,pickup,,,,,,,,,,,,,,,,,,,,,,,,,,,,,,,,,,,,,,,,,,,,,,,,,,,,
49,23,16,26,S29,False,12,8,20,0,0,0,0,0,0,[],0.0,S35,1.95,12,8,20,0.0,,-1.408562,-12.946173,-14.354735,False,False,4,S35,False,0,0.1098,do_nothing,,,,,,,,,,,,,,,,,,,,,,,,,,,,,,,,,,,,,,,,,,,,,,,,,,,,
49,23,16,28,S35,False,12,8,20,12,0,1,0,0,0,"['B597', 'B92', 'B594', 'B72', 'B332', 'B327', 'B641', 'B64', 'B120', 'B437', 'B569', 'B249']",9.0,S62,5.61,0,8,8,0.0,,-1.306905,-12.804285,-14.11119,True,True,8,S62,False,6,0.2078,delivery+onsite,,,,,,,,,,,,,,,,,,,,,,,,,,,,,,,,,,,,,,,,,,,,,,,,,,,,
49,23,16,43,S62,False,0,8,8,0,12,0,0,0,0,"['B500', 'B122', 'B738', 'B94', 'B9', 'B167', 'B428', 'B331', 'B30', 'B205', 'B495', 'B301']",6.0,S29,3.79,12,8,20,0.0,,-0.817435,-12.638586,-13.456021,False,False,4,S29,False,2,0.1069,pickup,,,,,,,,,,,,,,,,,,,,,,,,,,,,,,,,,,,,,,,,,,,,,,,,,,,,
49,23,16,53,S29,False,12,8,20,12,0,0,0,0,0,"['B500', 'B122', 'B738', 'B94', 'B9', 'B167', 'B428', 'B331', 'B30', 'B205', 'B495', 'B301']",6.0,S52,5.05,0,8,8,0.0,,-0.589706,-12.660083,-13.249789,False,False,4,S52,False,2,0.1094,delivery,,,,,,,,,,,,,,,,,,,,,,,,,,,,,,,,,,,,,,,,,,,,,,,,,,,,
49,23,17,4,S52,False,0,8,8,0,9,0,0,0,0,"['B153', 'B175', 'B34', 'B390', 'B185', 'B572', 'B364', 'B311', 'B606']",4.5,S15,4.21,9,8,17,0.0,,-0.843293,-12.708071,-13.551364,False,False,6,S15,False,4,0.1578,pickup,,,,,,,,,,,,,,,,,,,,,,,,,,,,,,,,,,,,,,,,,,,,,,,,,,,,
49,23,17,13,S15,False,9,8,17,9,0,0,0,0,0,"['B153', 'B175', 'B34', 'B390', 'B185', 'B572', 'B364', 'B311', 'B606']",4.5,S37,4.99,0,8,8,0.0,,-0.454924,-12.565613,-13.020537,False,False,4,S37,False,2,0.1053,delivery,,,,,,,,,,,,,,,,,,,,,,,,,,,,,,,,,,,,,,,,,,,,,,,,,,,,
49,23,17,22,S37,False,0,8,8,0,12,0,0,0,0,"['B174', 'B194', 'B282', 'B345', 'B259', 'B12', 'B658', 'B677', 'B470', 'B477', 'B504', 'B68']",6.0,S51,4.67,12,8,20,0.0,,-0.521577,-12.591081,-13.112658,False,False,4,S44,True,2,0.1228,pickup,,,,,,,,,,,,,,,,,,,,,,,,,,,,,,,,,,,,,,,,,,,,,,,,,,,,
49,23,17,33,S51,False,12,8,20,12,0,1,0,0,0,"['B174', 'B194', 'B282', 'B345', 'B259', 'B12', 'B658', 'B677', 'B470', 'B477', 'B504', 'B68']",9.0,S44,3.83,0,8,8,0.0,,-0.943944,-12.561707,-13.505651,True,True,8,S44,False,6,0.23,delivery+onsite,,,,,,,,,,,,,,,,,,,,,,,,,,,,,,,,,,,,,,,,,,,,,,,,,,,,
49,23,17,46,S44,False,0,8,8,0,9,0,1,0,0,"['B549', 'B328', 'B634', 'B471', 'B396', 'B234', 'B290', 'B494', 'B498', 'B750']",5.0,S54,3.95,9,9,18,0.0,,-0.487293,-12.650014,-13.137307,True,True,12,S54,False,10,0.325,pickup+depot_removal,,,,,,,,,,,,,,,,,,,,,,,,,,,,,,,,,,,,,,,,,,,,,,,,,,,,
49,23,17,54,S54,False,9,9,18,9,0,0,0,0,0,"['B549', 'B328', 'B634', 'B471', 'B396', 'B234', 'B290', 'B494', 'B498']",4.5,S65,8.42,0,9,9,0.0,,-0.587505,-12.498123,-13.085628,False,False,4,S65,False,2,0.1044,delivery,,,,,,,,,,,,,,,,,,,,,,,,,,,,,,,,,,,,,,,,,,,,,,,,,,,,
49,23,18,7,S65,False,0,9,9,0,11,0,0,0,0,"['B489', 'B484', 'B481', 'B742', 'B473', 'B230', 'B297', 'B380', 'B7', 'B241', 'B508']",5.5,S13,5.55,11,9,20,0.0,,-0.55295,-12.512644,-13.065594,False,False,4,S13,False,2,0.1045,pickup,,,,,,,,,,,,,,,,,,,,,,,,,,,,,,,,,,,,,,,,,,,,,,,,,,,,
49,23,18,18,S13,False,11,9,20,11,0,0,0,0,0,"['B489', 'B484', 'B481', 'B742', 'B473', 'B230', 'B297', 'B380', 'B7', 'B241', 'B508']",5.5,S31,8.57,0,9,9,0.0,,-0.392102,-12.563482,-12.955585,False,False,4,S26,True,2,0.1048,delivery,,,,,,,,,,,,,,,,,,,,,,,,,,,,,,,,,,,,,,,,,,,,,,,,,,,,
49,23,18,33,S31,False,0,9,9,0,11,0,0,0,0,"['B665', 'B285', 'B523', 'B643', 'B746', 'B91', 'B232', 'B656', 'B441', 'B133', 'B271']",5.5,S26,6.02,11,9,20,0.0,,-0.293962,-12.550827,-12.844789,False,False,4,S4,True,2,0.1074,pickup,,,,,,,,,,,,,,,,,,,,,,,,,,,,,,,,,,,,,,,,,,,,,,,,,,,,
49,23,18,44,S26,False,11,9,20,11,0,0,0,0,0,"['B665', 'B285', 'B523', 'B643', 'B746', 'B91', 'B232', 'B656', 'B441', 'B133', 'B271']",5.5,S4,7.32,0,9,9,0.0,,-0.261071,-12.51707,-12.778141,False,False,4,S4,False,2,0.1069,delivery,,,,,,,,,,,,,,,,,,,,,,,,,,,,,,,,,,,,,,,,,,,,,,,,,,,,
49,23,18,57,S4,False,0,9,9,0,9,0,0,0,0,"['B715', 'B573', 'B10', 'B150', 'B110', 'B402', 'B225', 'B177', 'B254']",4.5,S38,1.95,9,9,18,0.0,,-0.227706,-12.482414,-12.71012,False,False,6,S38,False,4,0.1809,pickup,,,,,,,,,,,,,,,,,,,,,,,,,,,,,,,,,,,,,,,,,,,,,,,,,,,,
49,23,19,3,S38,False,9,9,18,0,0,0,1,0,0,['B681'],0.5,S8,17.39,9,10,19,0.0,,-0.161633,-12.531804,-12.693436,True,True,12,S8,False,2,0.3328,do_nothing+depot_removal,,,,,,,,,,,,,,,,,,,,,,,,,,,,,,,,,,,,,,,,,,,,,,,,,,,,
49,23,19,21,S8,False,9,10,19,9,0,0,0,0,0,"['B715', 'B573', 'B10', 'B150', 'B110', 'B402', 'B225', 'B177', 'B254']",4.5,S51,14.96,0,10,10,0.0,,-0.324011,-12.605162,-12.929174,False,False,4,S51,False,2,0.1045,delivery,,,,,,,,,,,,,,,,,,,,,,,,,,,,,,,,,,,,,,,,,,,,,,,,,,,,
49,23,19,41,S51,False,0,10,10,0,0,0,0,0,0,[],0.0,S63,3.43,0,10,10,0.0,,-0.195582,-12.677536,-12.873118,False,False,3,D0,True,0,0.099,do_nothing,,,,,,,,,,,,,,,,,,,,,,,,,,,,,,,,,,,,,,,,,,,,,,,,,,,,
49,23,19,44,S63,False,0,10,10,0,10,1,0,0,0,"['B651', 'B18', 'B725', 'B348', 'B270', 'B702', 'B187', 'B275', 'B386', 'B718']",8.0,D0,1.87,10,10,20,0.0,,-0.521751,-12.807181,-13.328932,True,True,4,D0,False,3,0.167,pickup+onsite,,,,,,,,,,,,,,,,,,,,,,,,,,,,,,,,,,,,,,,,,,,,,,,,,,,,
49,23,19,54,D0,True,10,10,20,0,0,0,0,10,10,"['B330', 'B319', 'B531', 'B728', 'B49', 'B676', 'B192', 'B310', 'B424', 'B338', 'B31', 'B129', 'B206', 'B385', 'B178', 'B433', 'B24', 'B608', 'B750', 'B681']",10.0,D0,0.0,20,0,20,0.0,,-0.422635,-12.839804,-13.262439,True,True,1,D0,False,0,0.0515,do_nothing,,,,,,,,,,,,,,,,,,,,,,,,,,,,,,,,,,,,,,,,,,,,,,,,,,,,
49,24,6,4,D0,True,20,0,20,0,0,0,0,0,0,[],0.0,S62,0.46,20,0,20,0.0,,-1.960702,-13.636902,-15.597604,True,True,1,S62,False,0,0.0281,depot_passthrough,,,,,,,,,,,,,,,,,,,,,,,,,,,,,,,,,,,,,,,,,,,,,,,,,,,,
49,24,6,19,S62,False,20,0,20,17,0,0,0,0,0,"['B651', 'B18', 'B725', 'B348', 'B270', 'B702', 'B187', 'B275', 'B386', 'B718', 'B330', 'B319', 'B531', 'B728', 'B49', 'B676', 'B192']",8.5,S39,5.74,3,0,3,0.0,,-2.055957,-13.563375,-15.619332,False,False,6,S27,True,2,0.1611,delivery,,,,,,,,,,,,,,,,,,,,,,,,,,,,,,,,,,,,,,,,,,,,,,,,,,,,
49,24,6,34,S39,False,3,0,3,0,17,0,0,0,0,"['B183', 'B89', 'B625', 'B341', 'B17', 'B598', 'B767', 'B62', 'B320', 'B762', 'B214', 'B425', 'B29', 'B334', 'B124', 'B243', 'B759']",8.5,S66,4.09,20,0,20,0.0,,-1.953102,-13.511927,-15.465029,False,False,4,S66,False,2,0.1173,pickup,,,,,,,,,,,,,,,,,,,,,,,,,,,,,,,,,,,,,,,,,,,,,,,,,,,,
49,24,6,46,S66,False,20,0,20,0,0,0,0,0,0,[],0.0,S15,3.2,20,0,20,0.0,,-1.930578,-13.125101,-15.055679,True,False,12,S15,True,0,0.3312,do_nothing,,,,,,,,,,,,,,,,,,,,,,,,,,,,,,,,,,,,,,,,,,,,,,,,,,,,
49,24,6,49,S15,False,20,0,20,18,0,0,0,0,0,"['B310', 'B424', 'B338', 'B183', 'B89', 'B625', 'B341', 'B17', 'B598', 'B767', 'B62', 'B320', 'B762', 'B214', 'B425', 'B29', 'B334', 'B124']",9.0,S55,4.77,2,0,2,0.0,,-1.564652,-13.048621,-14.613273,False,False,6,S55,False,2,0.1606,delivery,,,,,,,,,,,,,,,,,,,,,,,,,,,,,,,,,,,,,,,,,,,,,,,,,,,,
49,24,7,3,S55,False,2,0,2,0,18,0,0,0,0,"['B16', 'B13', 'B382', 'B60', 'B423', 'B198', 'B298', 'B135', 'B215', 'B393', 'B505', 'B221', 'B640', 'B643', 'B746', 'B91', 'B64', 'B413']",9.0,S27,5.34,20,0,20,0.0,,-2.119926,-13.260648,-15.380574,False,False,4,S27,False,2,0.1107,pickup,,,,,,,,,,,,,,,,,,,,,,,,,,,,,,,,,,,,,,,,,,,,,,,,,,,,
49,24,7,18,S27,False,20,0,20,20,0,0,0,0,0,"['B243', 'B759', 'B16', 'B13', 'B382', 'B60', 'B423', 'B198', 'B298', 'B135', 'B215', 'B393', 'B505', 'B221', 'B640', 'B643', 'B746', 'B91', 'B64', 'B413']",10.0,S54,4.59,0,0,0,0.0,,-1.738951,-13.222886,-14.961838,False,False,4,S54,False,2,0.1165,delivery,,,,,,,,,,,,,,,,,,,,,,,,,,,,,,,,,,,,,,,,,,,,,,,,,,,,
49,24,7,32,S54,False,0,0,0,0,17,0,0,0,0,"['B266', 'B463', 'B545', 'B159', 'B695', 'B315', 'B559', 'B389', 'B452', 'B146', 'B678', 'B300', 'B604', 'B583', 'B734', 'B754', 'B361']",8.5,S66,5.58,17,0,17,0.0,,-1.374949,-12.955232,-14.330181,False,False,6,S66,False,4,0.183,pickup,,,,,,,,,,,,,,,,,,,,,,,,,,,,,,,,,,,,,,,,,,,,,,,,,,,,
49,24,7,46,S66,False,17,0,17,0,0,1,0,0,0,[],3.0,S61,1.13,17,0,17,0.0,,-1.172152,-13.124706,-14.296858,True,True,12,S38,True,2,0.3572,do_nothing+onsite,,,,,,,,,,,,,,,,,,,,,,,,,,,,,,,,,,,,,,,,,,,,,,,,,,,,
49,24,7,50,S61,False,17,0,17,10,0,1,1,0,0,"['B664', 'B266', 'B463', 'B545', 'B159', 'B695', 'B315', 'B559', 'B389', 'B452', 'B146']",8.5,S66,1.13,7,1,8,0.0,,-0.810824,-13.066175,-13.877,True,True,24,S66,False,14,0.653,delivery+maintenance,,,,,,,,,,,,,,,,,,,,,,,,,,,,,,,,,,,,,,,,,,,,,,,,,,,,
49,24,8,0,S66,False,7,1,8,7,0,0,0,0,0,"['B678', 'B300', 'B604', 'B583', 'B734', 'B754', 'B361']",3.5,D0,1.4,0,1,1,0.0,,-0.944395,-13.284108,-14.228504,False,False,4,S38,True,3,0.1077,delivery,,,,,,,,,,,,,,,,,,,,,,,,,,,,,,,,,,,,,,,,,,,,,,,,,,,,
49,24,8,5,D0,True,0,1,1,0,0,0,0,1,2,"['B467', 'B21', 'B664']",1.5,S38,2.69,2,0,2,0.0,,-1.201582,-13.194608,-14.396189,True,True,1,S38,False,0,0.0258,load_queue,,,,,,,,,,,,,,,,,,,,,,,,,,,,,,,,,,,,,,,,,,,,,,,,,,,,
49,24,8,24,S38,False,2,0,2,0,18,0,0,0,0,"['B46', 'B491', 'B565', 'B470', 'B477', 'B504', 'B432', 'B497', 'B634', 'B745', 'B22', 'B305', 'B694', 'B35', 'B343', 'B679', 'B3', 'B130']",9.0,S44,3.16,20,0,20,0.0,,-0.717428,-13.225345,-13.942773,False,False,4,S44,False,2,0.1229,pickup,,,,,,,,,,,,,,,,,,,,,,,,,,,,,,,,,,,,,,,,,,,,,,,,,,,,
49,24,8,36,S44,False,20,0,20,12,0,0,0,0,0,"['B467', 'B21', 'B46', 'B491', 'B565', 'B470', 'B477', 'B504', 'B432', 'B497', 'B634', 'B745']",6.0,S16,0.23,8,0,8,0.0,,-0.453192,-13.015033,-13.468226,False,False,6,S16,True,4,0.164,delivery,,,,,,,,,,,,,,,,,,,,,,,,,,,,,,,,,,,,,,,,,,,,,,,,,,,,
49,24,8,42,S16,False,8,0,8,8,0,0,0,0,0,"['B22', 'B305', 'B694', 'B35', 'B343', 'B679', 'B3', 'B130']",4.0,S45,1.34,0,0,0,0.0,,-0.747386,-13.063994,-13.811381,False,False,4,S45,False,2,0.1122,delivery,,,,,,,,,,,,,,,,,,,,,,,,,,,,,,,,,,,,,,,,,,,,,,,,,,,,
49,24,8,48,S45,False,0,0,0,0,7,0,0,0,0,"['B222', 'B555', 'B539', 'B32', 'B717', 'B427', 'B163']",3.5,S53,0.56,7,0,7,0.0,,-0.912471,-13.18946,-14.101931,False,False,6,S53,False,2,0.1663,pickup,,,,,,,,,,,,,,,,,,,,,,,,,,,,,,,,,,,,,,,,,,,,,,,,,,,,
49,24,8,52,S53,False,7,0,7,0,13,0,0,0,0,"['B80', 'B274', 'B412', 'B216', 'B649', 'B552', 'B692', 'B181', 'B396', 'B471', 'B78', 'B473', 'B182']",6.5,S26,7.29,20,0,20,0.0,,-0.974497,-12.98398,-13.958477,False,False,6,S26,True,2,0.1633,pickup,,,,,,,,,,,,,,,,,,,,,,,,,,,,,,,,,,,,,,,,,,,,,,,,,,,,
49,24,9,6,S26,False,20,0,20,18,0,0,0,0,0,"['B222', 'B555', 'B539', 'B32', 'B717', 'B427', 'B163', 'B80', 'B274', 'B412', 'B216', 'B649', 'B552', 'B692', 'B181', 'B396', 'B471', 'B78']",9.0,S18,7.46,2,0,2,0.0,,-0.655055,-13.009487,-13.664542,False,False,6,S18,False,2,0.1764,delivery,,,,,,,,,,,,,,,,,,,,,,,,,,,,,,,,,,,,,,,,,,,,,,,,,,,,
49,24,9,22,S18,False,2,0,2,0,13,1,0,0,0,"['B169', 'B139', 'B659', 'B257', 'B733', 'B631', 'B454', 'B162', 'B674', 'B158', 'B260', 'B460', 'B635']",9.5,S38,1.67,15,0,15,0.0,,-0.8802,-13.070096,-13.950295,True,True,12,S38,True,6,0.3339,pickup+onsite,,,,,,,,,,,,,,,,,,,,,,,,,,,,,,,,,,,,,,,,,,,,,,,,,,,,
49,24,9,33,S38,False,15,0,15,11,0,0,0,0,0,"['B473', 'B182', 'B169', 'B139', 'B659', 'B257', 'B733', 'B631', 'B454', 'B162', 'B674']",5.5,S59,0.74,4,0,4,0.0,,-0.551472,-13.215837,-13.767309,False,False,6,S59,False,2,0.165,delivery,,,,,,,,,,,,,,,,,,,,,,,,,,,,,,,,,,,,,,,,,,,,,,,,,,,,
49,24,9,40,S59,False,4,0,4,0,0,0,0,0,0,[],0.0,S33,3.27,4,0,4,0.0,,-0.420497,-13.170779,-13.591276,False,False,6,S31,True,0,0.1639,do_nothing,,,,,,,,,,,,,,,,,,,,,,,,,,,,,,,,,,,,,,,,,,,,,,,,,,,,
49,24,9,43,S33,False,4,0,4,0,12,0,0,0,0,"['B682', 'B137', 'B125', 'B327', 'B128', 'B618', 'B572', 'B189', 'B485', 'B364', 'B512', 'B268']",6.0,S62,0.92,16,0,16,0.0,,-0.914244,-13.324689,-14.238933,False,False,6,S62,False,4,0.1626,pickup,,,,,,,,,,,,,,,,,,,,,,,,,,,,,,,,,,,,,,,,,,,,,,,,,,,,
49,24,9,50,S62,False,16,0,16,0,0,0,0,0,0,[],0.0,S24,7.61,16,0,16,0.0,,-0.684292,-13.321821,-14.006112,False,False,6,S24,False,0,0.1625,do_nothing,,,,,,,,,,,,,,,,,,,,,,,,,,,,,,,,,,,,,,,,,,,,,,,,,,,,
49,24,9,57,S24,False,16,0,16,13,0,0,0,0,0,"['B158', 'B260', 'B460', 'B635', 'B682', 'B137', 'B125', 'B327', 'B128', 'B618', 'B572', 'B189', 'B485']",6.5,S2,5.12,3,0,3,0.0,,-0.718818,-13.330905,-14.049723,False,False,6,S2,False,4,0.1634,delivery,,,,,,,,,,,,,,,,,,,,,,,,,,,,,,,,,,,,,,,,,,,,,,,,,,,,
49,24,10,9,S2,False,3,0,3,0,0,0,0,0,0,[],0.0,S63,8.26,3,0,3,0.0,,-0.485819,-13.457902,-13.943721,False,False,6,S63,False,0,0.1639,do_nothing,,,,,,,,,,,,,,,,,,,,,,,,,,,,,,,,,,,,,,,,,,,,,,,,,,,,
49,24,10,17,S63,False,3,0,3,0,0,0,0,0,0,[],0.0,S58,2.12,3,0,3,0.0,,-0.681396,-13.694017,-14.375413,False,False,6,S31,True,0,0.1858,do_nothing,,,,,,,,,,,,,,,,,,,,,,,,,,,,,,,,,,,,,,,,,,,,,,,,,,,,
49,24,10,19,S58,False,3,0,3,0,0,2,0,0,0,[],6.0,S63,2.12,3,0,3,0.0,,-1.16969,-13.570792,-14.740482,True,True,18,S31,True,4,0.5097,do_nothing+onsite,,,,,,,,,,,,,,,,,,,,,,,,,,,,,,,,,,,,,,,,,,,,,,,,,,,,
49,24,10,27,S63,False,3,0,3,0,12,0,0,0,0,"['B669', 'B755', 'B375', 'B144', 'B278', 'B219', 'B270', 'B426', 'B498', 'B701', 'B554', 'B402']",6.0,S31,4.21,15,0,15,0.0,,-0.455509,-13.761319,-14.216828,False,False,6,S31,False,4,0.1728,pickup,,,,,,,,,,,,,,,,,,,,,,,,,,,,,,,,,,,,,,,,,,,,,,,,,,,,
49,24,10,38,S31,False,15,0,15,15,0,0,1,0,0,"['B470', 'B364', 'B512', 'B268', 'B669', 'B755', 'B375', 'B144', 'B278', 'B219', 'B270', 'B426', 'B498', 'B701', 'B554', 'B402']",8.0,S58,3.21,0,1,1,0.0,,-0.717815,-13.703446,-14.42126,True,True,8,S41,True,6,0.2293,delivery+depot_removal,,,,,,,,,,,,,,,,,,,,,,,,,,,,,,,,,,,,,,,,,,,,,,,,,,,,
49,24,10,49,S58,False,0,1,1,0,14,0,0,0,0,"['B231', 'B578', 'B765', 'B306', 'B108', 'B557', 'B530', 'B665', 'B440', 'B411', 'B0', 'B233', 'B53', 'B267']",7.0,S50,8.14,14,1,15,0.0,,-1.108169,-13.935699,-15.043868,False,False,6,S50,False,2,0.1619,pickup,,,,,,,,,,,,,,,,,,,,,,,,,,,,,,,,,,,,,,,,,,,,,,,,,,,,
49,24,11,4,S50,False,14,1,15,14,0,0,0,0,0,"['B231', 'B578', 'B765', 'B306', 'B108', 'B557', 'B530', 'B665', 'B440', 'B411', 'B0', 'B233', 'B53', 'B267']",7.0,S1,2.13,0,1,1,0.0,,-0.488878,-13.755062,-14.24394,False,False,4,S1,False,2,0.1079,delivery,,,,,,,,,,,,,,,,,,,,,,,,,,,,,,,,,,,,,,,,,,,,,,,,,,,,
49,24,11,13,S1,False,0,1,1,0,15,0,0,0,0,"['B88', 'B638', 'B647', 'B570', 'B14', 'B743', 'B239', 'B395', 'B479', 'B302', 'B74', 'B687', 'B442', 'B153', 'B424']",7.5,S17,8.41,15,1,16,0.0,,-0.519252,-13.731835,-14.251087,False,False,4,S57,True,2,0.1075,pickup,,,,,,,,,,,,,,,,,,,,,,,,,,,,,,,,,,,,,,,,,,,,,,,,,,,,
49,24,11,29,S17,False,15,1,16,15,0,0,0,0,0,"['B88', 'B638', 'B647', 'B570', 'B14', 'B743', 'B239', 'B395', 'B479', 'B302', 'B74', 'B687', 'B442', 'B153', 'B424']",7.5,S39,11.39,0,1,1,0.0,,-0.451954,-13.730847,-14.182801,False,False,4,S39,False,2,0.1142,delivery,,,,,,,,,,,,,,,,,,,,,,,,,,,,,,,,,,,,,,,,,,,,,,,,,,,,
49,24,11,48,S39,False,0,1,1,0,0,0,0,0,0,[],0.0,S52,4.66,0,1,1,0.0,,-0.974947,-13.775381,-14.750328,False,False,6,S22,True,0,0.1842,do_nothing,,,,,,,,,,,,,,,,,,,,,,,,,,,,,,,,,,,,,,,,,,,,,,,,,,,,
49,24,11,53,S52,False,0,1,1,0,0,0,0,0,0,[],0.0,S39,4.66,0,1,1,0.0,,-0.842965,-13.682585,-14.52555,False,False,6,S39,False,0,0.1996,do_nothing,,,,,,,,,,,,,,,,,,,,,,,,,,,,,,,,,,,,,,,,,,,,,,,,,,,,
49,24,11,57,S39,False,0,1,1,0,16,0,0,0,0,"['B367', 'B670', 'B379', 'B641', 'B176', 'B419', 'B252', 'B1', 'B119', 'B66', 'B312', 'B373', 'B407', 'B691', 'B686', 'B590']",8.0,S22,5.77,16,1,17,0.0,,-1.037941,-13.646268,-14.684209,False,False,6,S22,False,2,0.1916,pickup,,,,,,,,,,,,,,,,,,,,,,,,,,,,,,,,,,,,,,,,,,,,,,,,,,,,
49,24,12,11,S22,False,16,1,17,9,0,1,0,0,0,"['B367', 'B670', 'B379', 'B641', 'B176', 'B419', 'B252', 'B1', 'B119']",7.5,S59,6.26,7,1,8,0.0,,-1.790699,-13.401913,-15.192612,True,True,12,S59,False,6,0.4041,delivery+onsite,,,,,,,,,,,,,,,,,,,,,,,,,,,,,,,,,,,,,,,,,,,,,,,,,,,,
49,24,12,25,S59,False,7,1,8,0,12,0,0,0,0,"['B602', 'B388', 'B201', 'B293', 'B43', 'B595', 'B154', 'B605', 'B601', 'B594', 'B297', 'B311']",6.0,S29,7.54,19,1,20,0.0,,-1.200964,-13.466775,-14.667739,False,False,4,S29,False,2,0.1567,pickup,,,,,,,,,,,,,,,,,,,,,,,,,,,,,,,,,,,,,,,,,,,,,,,,,,,,
49,24,12,38,S29,False,19,1,20,15,0,1,2,0,0,"['B342', 'B736', 'B66', 'B312', 'B373', 'B407', 'B691', 'B686', 'B590', 'B602', 'B388', 'B201', 'B293', 'B43', 'B595', 'B154', 'B605']",11.5,S54,1.43,4,3,7,0.0,,-0.97451,-13.119301,-14.093811,True,True,28,S54,False,26,0.8352,delivery+maintenance,,,,,,,,,,,,,,,,,,,,,,,,,,,,,,,,,,,,,,,,,,,,,,,,,,,,
49,24,12,51,S54,False,4,3,7,4,0,0,0,0,0,"['B601', 'B594', 'B297', 'B311']",2.0,S35,2.91,0,3,3,0.0,,-1.140061,-13.207056,-14.347118,False,False,4,S35,False,2,0.1223,delivery,,,,,,,,,,,,,,,,,,,,,,,,,,,,,,,,,,,,,,,,,,,,,,,,,,,,
49,24,12,56,S35,False,0,3,3,0,0,2,0,0,0,[],6.0,S57,0.73,0,3,3,0.0,,-1.275038,-13.268509,-14.543547,True,True,18,S57,False,4,0.4834,do_nothing+onsite,,,,,,,,,,,,,,,,,,,,,,,,,,,,,,,,,,,,,,,,,,,,,,,,,,,,
49,24,13,3,S57,False,0,3,3,0,10,0,0,0,0,"['B340', 'B582', 'B229', 'B522', 'B236', 'B282', 'B404', 'B121', 'B476', 'B462']",5.0,S50,2.14,10,3,13,0.0,,-1.588595,-13.183136,-14.771731,False,False,6,S50,False,4,0.1598,pickup,,,,,,,,,,,,,,,,,,,,,,,,,,,,,,,,,,,,,,,,,,,,,,,,,,,,
49,24,13,10,S50,False,10,3,13,10,0,0,0,0,0,"['B340', 'B582', 'B229', 'B522', 'B236', 'B282', 'B404', 'B121', 'B476', 'B462']",5.0,S9,11.77,0,3,3,0.0,,-1.694803,-13.040412,-14.735215,False,False,4,S9,False,2,0.1065,delivery,,,,,,,,,,,,,,,,,,,,,,,,,,,,,,,,,,,,,,,,,,,,,,,,,,,,
49,24,13,27,S9,False,0,3,3,0,12,0,0,0,0,"['B705', 'B291', 'B453', 'B613', 'B329', 'B739', 'B208', 'B371', 'B657', 'B695', 'B631', 'B578']",6.0,S36,4.66,12,3,15,0.0,,-1.623294,-13.184877,-14.808172,False,False,4,S37,True,2,0.1145,pickup,,,,,,,,,,,,,,,,,,,,,,,,,,,,,,,,,,,,,,,,,,,,,,,,,,,,
49,24,13,37,S36,False,12,3,15,12,0,0,0,0,0,"['B705', 'B291', 'B453', 'B613', 'B329', 'B739', 'B208', 'B371', 'B657', 'B695', 'B631', 'B578']",6.0,S37,4.84,0,3,3,0.0,,-1.886904,-13.002297,-14.889201,False,False,4,S37,False,2,0.118,delivery,,,,,,,,,,,,,,,,,,,,,,,,,,,,,,,,,,,,,,,,,,,,,,,,,,,,
49,24,13,48,S37,False,0,3,3,0,14,0,1,0,0,"['B93', 'B474', 'B266', 'B319', 'B353', 'B92', 'B760', 'B4', 'B460', 'B12', 'B716', 'B635', 'B574', 'B275', 'B204']",7.5,S43,1.66,14,4,18,0.0,,-1.807448,-12.861131,-14.668579,True,True,10,S43,False,6,0.281,pickup+depot_removal,,,,,,,,,,,,,,,,,,,,,,,,,,,,,,,,,,,,,,,,,,,,,,,,,,,,
49,24,13,57,S43,False,14,4,18,14,0,0,1,0,0,"['B650', 'B93', 'B474', 'B266', 'B319', 'B353', 'B92', 'B760', 'B4', 'B460', 'B12', 'B716', 'B635', 'B574', 'B275']",7.5,S59,2.96,0,5,5,0.0,,-1.605585,-12.888344,-14.493928,True,True,8,S59,False,6,0.2129,delivery+depot_removal,,,,,,,,,,,,,,,,,,,,,,,,,,,,,,,,,,,,,,,,,,,,,,,,,,,,
49,24,14,8,S59,False,0,5,5,0,0,0,0,0,0,[],0.0,S30,3.9,0,5,5,0.0,,-1.998961,-12.891619,-14.89058,False,False,6,S30,False,0,0.1714,do_nothing,,,,,,,,,,,,,,,,,,,,,,,,,,,,,,,,,,,,,,,,,,,,,,,,,,,,
49,24,14,12,S30,False,0,5,5,0,11,1,0,0,0,"['B622', 'B492', 'B276', 'B726', 'B417', 'B506', 'B212', 'B290', 'B510', 'B223', 'B54']",8.5,S26,6.33,11,5,16,0.0,,-2.255269,-13.025533,-15.280802,True,True,12,S26,True,6,0.3217,pickup+onsite,,,,,,,,,,,,,,,,,,,,,,,,,,,,,,,,,,,,,,,,,,,,,,,,,,,,
49,24,14,27,S26,False,11,5,16,11,0,0,0,0,0,"['B622', 'B492', 'B276', 'B726', 'B417', 'B506', 'B212', 'B290', 'B510', 'B223', 'B54']",5.5,S48,11.62,0,5,5,0.0,,-1.534203,-12.950092,-14.484295,False,False,4,S48,False,2,0.1184,delivery,,,,,,,,,,,,,,,,,,,,,,,,,,,,,,,,,,,,,,,,,,,,,,,,,,,,
49,24,14,44,S48,False,0,5,5,0,10,1,0,0,0,"['B186', 'B473', 'B145', 'B708', 'B718', 'B477', 'B521', 'B108', 'B402', 'B168']",8.0,S46,3.57,10,5,15,0.0,,-1.439069,-12.967702,-14.40677,True,True,12,S46,False,10,0.3535,pickup+onsite,,,,,,,,,,,,,,,,,,,,,,,,,,,,,,,,,,,,,,,,,,,,,,,,,,,,
49,24,14,55,S46,False,10,5,15,10,0,0,1,0,0,"['B499', 'B186', 'B473', 'B145', 'B708', 'B718', 'B477', 'B521', 'B108', 'B402', 'B168']",5.5,S37,2.79,0,6,6,0.0,,-0.645312,-12.901105,-13.546416,True,True,8,S37,False,6,0.2141,delivery+depot_removal,,,,,,,,,,,,,,,,,,,,,,,,,,,,,,,,,,,,,,,,,,,,,,,,,,,,
49,24,15,4,S37,False,0,6,6,0,13,0,0,0,0,"['B502', 'B511', 'B712', 'B555', 'B179', 'B440', 'B35', 'B720', 'B455', 'B463', 'B113', 'B696', 'B270']",6.5,S63,1.78,13,6,19,0.0,,-1.697146,-12.973065,-14.670212,False,False,6,S63,False,4,0.1665,pickup,,,,,,,,,,,,,,,,,,,,,,,,,,,,,,,,,,,,,,,,,,,,,,,,,,,,
49,24,15,12,S63,False,13,6,19,0,0,0,0,0,0,[],0.0,S51,3.43,13,6,19,0.0,,-1.406349,-12.860188,-14.266536,False,False,4,S51,False,0,0.1065,do_nothing,,,,,,,,,,,,,,,,,,,,,,,,,,,,,,,,,,,,,,,,,,,,,,,,,,,,
49,24,15,15,S51,False,13,6,19,13,0,0,0,0,0,"['B502', 'B511', 'B712', 'B555', 'B179', 'B440', 'B35', 'B720', 'B455', 'B463', 'B113', 'B696', 'B270']",6.5,S65,10.57,0,6,6,0.0,,-1.237252,-12.90442,-14.141672,False,False,4,S65,False,2,0.1065,delivery,,,,,,,,,,,,,,,,,,,,,,,,,,,,,,,,,,,,,,,,,,,,,,,,,,,,
49,24,15,32,S65,False,0,6,6,0,14,0,0,0,0,"['B642', 'B379', 'B176', 'B597', 'B633', 'B259', 'B669', 'B8', 'B339', 'B491', 'B607', 'B414', 'B662', 'B200']",7.0,S26,6.43,14,6,20,0.0,,-1.276771,-12.62526,-13.902031,False,False,6,S26,True,2,0.1588,pickup,,,,,,,,,,,,,,,,,,,,,,,,,,,,,,,,,,,,,,,,,,,,,,,,,,,,
49,24,15,46,S26,False,14,6,20,14,0,0,0,0,0,"['B642', 'B379', 'B176', 'B597', 'B633', 'B259', 'B669', 'B8', 'B339', 'B491', 'B607', 'B414', 'B662', 'B200']",7.0,S31,6.02,0,6,6,0.0,,-1.007703,-12.885033,-13.892736,False,False,4,S34,True,2,0.1081,delivery,,,,,,,,,,,,,,,,,,,,,,,,,,,,,,,,,,,,,,,,,,,,,,,,,,,,
49,24,15,59,S31,False,0,6,6,0,14,0,0,0,0,"['B295', 'B183', 'B531', 'B159', 'B410', 'B737', 'B427', 'B299', 'B292', 'B537', 'B6', 'B584', 'B403', 'B723']",7.0,S39,3.72,14,6,20,0.0,,-1.277057,-12.667359,-13.944416,False,False,4,S39,False,2,0.1147,pickup,,,,,,,,,,,,,,,,,,,,,,,,,,,,,,,,,,,,,,,,,,,,,,,,,,,,
49,24,16,10,S39,False,14,6,20,14,0,0,0,0,0,"['B295', 'B183', 'B531', 'B159', 'B410', 'B737', 'B427', 'B299', 'B292', 'B537', 'B6', 'B584', 'B403', 'B723']",7.0,S59,2.08,0,6,6,0.0,,-1.610699,-12.501659,-14.112358,False,False,4,S34,True,2,0.1217,delivery,,,,,,,,,,,,,,,,,,,,,,,,,,,,,,,,,,,,,,,,,,,,,,,,,,,,
49,24,16,19,S59,False,0,6,6,0,13,0,1,0,0,"['B663', 'B42', 'B262', 'B628', 'B156', 'B87', 'B548', 'B11', 'B560', 'B199', 'B483', 'B610', 'B375', 'B507']",7.0,S34,6.35,13,7,20,0.0,,-1.205688,-12.796669,-14.002357,True,True,20,S52,True,14,0.5616,pickup+depot_removal,,,,,,,,,,,,,,,,,,,,,,,,,,,,,,,,,,,,,,,,,,,,,,,,,,,,
49,24,16,32,S34,False,13,7,20,0,0,0,0,0,0,[],0.0,S35,4.29,13,7,20,0.0,,-1.115147,-12.726443,-13.84159,True,False,6,S35,False,0,0.1678,do_nothing,,,,,,,,,,,,,,,,,,,,,,,,,,,,,,,,,,,,,,,,,,,,,,,,,,,,
49,24,16,36,S35,False,13,7,20,13,0,1,0,0,0,"['B663', 'B42', 'B262', 'B628', 'B156', 'B87', 'B548', 'B11', 'B560', 'B199', 'B483', 'B610', 'B375']",9.5,S52,6.71,0,7,7,0.0,,-1.343214,-12.910529,-14.253743,True,True,8,S34,True,6,0.2205,delivery+onsite,,,,,,,,,,,,,,,,,,,,,,,,,,,,,,,,,,,,,,,,,,,,,,,,,,,,
49,24,16,53,S52,False,0,7,7,0,9,0,0,0,0,"['B730', 'B527', 'B65', 'B391', 'B401', 'B435', 'B760', 'B162', 'B646']",4.5,S34,4.35,9,7,16,0.0,,-1.27362,-12.695105,-13.968724,False,False,6,S34,False,4,0.1593,pickup,,,,,,,,,,,,,,,,,,,,,,,,,,,,,,,,,,,,,,,,,,,,,,,,,,,,
49,24,17,1,S34,False,9,7,16,0,0,0,1,0,0,['B308'],0.5,S63,5.11,9,8,17,0.0,,-0.882014,-12.828743,-13.710758,True,True,4,S63,False,2,0.1071,do_nothing+depot_removal,,,,,,,,,,,,,,,,,,,,,,,,,,,,,,,,,,,,,,,,,,,,,,,,,,,,
49,24,17,7,S63,False,9,8,17,9,0,0,0,0,0,"['B730', 'B527', 'B65', 'B391', 'B401', 'B435', 'B760', 'B162', 'B646']",4.5,S4,2.39,0,8,8,0.0,,-1.245357,-12.863774,-14.109131,False,False,4,S4,False,2,0.1166,delivery,,,,,,,,,,,,,,,,,,,,,,,,,,,,,,,,,,,,,,,,,,,,,,,,,,,,
49,24,17,14,S4,False,0,8,8,0,10,0,0,0,0,"['B110', 'B219', 'B550', 'B445', 'B431', 'B374', 'B658', 'B329', 'B739', 'B657']",5.0,S54,5.11,10,8,18,0.0,,-0.980715,-12.893764,-13.874478,False,False,6,S31,True,4,0.1581,pickup,,,,,,,,,,,,,,,,,,,,,,,,,,,,,,,,,,,,,,,,,,,,,,,,,,,,
49,24,17,24,S54,False,10,8,18,10,0,0,0,0,0,"['B110', 'B219', 'B550', 'B445', 'B431', 'B374', 'B658', 'B329', 'B739', 'B657']",5.0,S35,2.91,0,8,8,0.0,,-0.917302,-12.830042,-13.747344,False,False,4,S35,False,2,0.1079,delivery,,,,,,,,,,,,,,,,,,,,,,,,,,,,,,,,,,,,,,,,,,,,,,,,,,,,
49,24,17,32,S35,False,0,8,8,0,9,0,0,0,0,"['B156', 'B87', 'B548', 'B11', 'B560', 'B199', 'B483', 'B610', 'B375']",4.5,S42,1.31,9,8,17,0.0,,-1.077691,-12.913794,-13.991485,False,False,6,S31,True,4,0.1585,pickup,,,,,,,,,,,,,,,,,,,,,,,,,,,,,,,,,,,,,,,,,,,,,,,,,,,,
49,24,17,38,S42,False,9,8,17,9,0,0,0,0,0,"['B156', 'B87', 'B548', 'B11', 'B560', 'B199', 'B483', 'B610', 'B375']",4.5,S31,9.6,0,8,8,0.0,,-0.685194,-12.739808,-13.425002,False,False,4,S31,False,2,0.1056,delivery,,,,,,,,,,,,,,,,,,,,,,,,,,,,,,,,,,,,,,,,,,,,,,,,,,,,
49,24,17,52,S31,False,0,8,8,0,12,0,0,0,0,"['B693', 'B454', 'B647', 'B643', 'B438', 'B182', 'B434', 'B0', 'B614', 'B651', 'B467', 'B355']",6.0,S41,1.27,12,8,20,0.0,,-0.359861,-12.824227,-13.184088,False,False,4,S47,True,2,0.13,pickup,,,,,,,,,,,,,,,,,,,,,,,,,,,,,,,,,,,,,,,,,,,,,,,,,,,,
49,24,17,59,S41,False,12,8,20,0,0,1,0,0,0,[],3.0,S62,4.25,12,8,20,0.0,,-0.393314,-12.970976,-13.36429,True,True,20,S62,True,2,0.56,do_nothing+onsite,,,,,,,,,,,,,,,,,,,,,,,,,,,,,,,,,,,,,,,,,,,,,,,,,,,,
49,24,18,6,S62,False,12,8,20,10,0,0,0,0,0,"['B693', 'B454', 'B647', 'B643', 'B438', 'B182', 'B434', 'B0', 'B614', 'B651']",5.0,S45,1.77,2,8,10,0.0,,-0.324433,-12.827405,-13.151838,False,False,6,S45,False,2,0.1604,delivery,,,,,,,,,,,,,,,,,,,,,,,,,,,,,,,,,,,,,,,,,,,,,,,,,,,,
49,24,18,13,S45,False,2,8,10,0,10,0,0,0,0,"['B296', 'B328', 'B733', 'B742', 'B496', 'B312', 'B373', 'B621', 'B407', 'B222']",5.0,S10,3.67,12,8,20,0.0,,-0.652054,-12.916305,-13.568359,False,False,4,S10,False,2,0.1205,pickup,,,,,,,,,,,,,,,,,,,,,,,,,,,,,,,,,,,,,,,,,,,,,,,,,,,,
49,24,18,22,S10,False,12,8,20,11,0,0,1,0,0,"['B258', 'B467', 'B355', 'B296', 'B328', 'B733', 'B742', 'B496', 'B312', 'B373', 'B621', 'B407']",6.0,S29,0.66,1,9,10,0.0,,-0.360194,-12.770622,-13.130816,True,True,10,S29,False,4,0.2842,delivery+depot_removal,,,,,,,,,,,,,,,,,,,,,,,,,,,,,,,,,,,,,,,,,,,,,,,,,,,,
49,24,18,28,S29,False,1,9,10,0,10,1,0,0,0,"['B43', 'B595', 'B154', 'B605', 'B393', 'B83', 'B95', 'B62', 'B149', 'B727']",8.0,S34,2.43,11,9,20,0.0,,-0.391499,-12.856667,-13.248166,True,True,8,S34,False,6,0.2151,pickup+onsite,,,,,,,,,,,,,,,,,,,,,,,,,,,,,,,,,,,,,,,,,,,,,,,,,,,,
49,24,18,39,S34,False,11,9,20,0,0,0,0,0,0,[],0.0,S38,7.05,11,9,20,0.0,,-0.360609,-12.569884,-12.930492,False,False,4,S2,True,0,0.1079,do_nothing,,,,,,,,,,,,,,,,,,,,,,,,,,,,,,,,,,,,,,,,,,,,,,,,,,,,
49,24,18,46,S38,False,11,9,20,11,0,0,0,0,0,"['B222', 'B43', 'B595', 'B154', 'B605', 'B393', 'B83', 'B95', 'B62', 'B149', 'B727']",5.5,S2,6.76,0,9,9,0.0,,-0.457001,-12.746591,-13.203592,False,False,4,S2,False,2,0.1059,delivery,,,,,,,,,,,,,,,,,,,,,,,,,,,,,,,,,,,,,,,,,,,,,,,,,,,,
49,24,18,58,S2,False,0,9,9,0,11,0,0,0,0,"['B703', 'B184', 'B591', 'B661', 'B585', 'B356', 'B749', 'B164', 'B203', 'B246', 'B408']",5.5,S39,6.13,11,9,20,0.0,,-0.42271,-12.677949,-13.10066,False,False,4,S39,False,2,0.1146,pickup,,,,,,,,,,,,,,,,,,,,,,,,,,,,,,,,,,,,,,,,,,,,,,,,,,,,
49,24,19,10,S39,False,11,9,20,6,0,0,0,0,0,"['B703', 'B184', 'B591', 'B661', 'B585', 'B356']",3.0,S59,2.08,5,9,14,0.0,,-0.622367,-12.522112,-13.144479,False,False,6,S1,True,4,0.1656,delivery,,,,,,,,,,,,,,,,,,,,,,,,,,,,,,,,,,,,,,,,,,,,,,,,,,,,
49,24,19,15,S59,False,5,9,14,0,0,1,0,0,0,[],3.0,S16,2.92,5,9,14,0.0,,-0.556605,-12.57022,-13.126826,True,True,8,S16,True,2,0.2378,do_nothing+onsite,,,,,,,,,,,,,,,,,,,,,,,,,,,,,,,,,,,,,,,,,,,,,,,,,,,,
49,24,19,21,S16,False,5,9,14,5,0,0,1,0,0,"['B232', 'B749', 'B164', 'B203', 'B246', 'B408']",3.0,S59,2.92,0,10,10,0.0,,-0.362265,-12.537205,-12.89947,True,True,8,S59,False,6,0.2142,delivery+depot_removal,,,,,,,,,,,,,,,,,,,,,,,,,,,,,,,,,,,,,,,,,,,,,,,,,,,,
49,24,19,27,S59,False,0,10,10,0,0,0,0,0,0,[],0.0,S30,3.9,0,10,10,0.0,,-0.258932,-12.460458,-12.71939,False,False,4,S1,True,0,0.1148,do_nothing,,,,,,,,,,,,,,,,,,,,,,,,,,,,,,,,,,,,,,,,,,,,,,,,,,,,
49,24,19,31,S30,False,0,10,10,0,6,0,1,0,0,"['B562', 'B405', 'B19', 'B363', 'B93', 'B241', 'B25']",3.5,S1,10.4,6,11,17,0.0,,-0.291874,-13.141298,-13.433172,True,True,12,S59,True,10,0.3129,pickup+depot_removal,,,,,,,,,,,,,,,,,,,,,,,,,,,,,,,,,,,,,,,,,,,,,,,,,,,,
49,24,19,44,S1,False,6,11,17,0,0,0,0,0,0,[],0.0,D0,3.82,6,11,17,0.0,,-0.032129,-13.165282,-13.197411,False,False,2,D0,True,0,0.085,do_nothing,,,,,,,,,,,,,,,,,,,,,,,,,,,,,,,,,,,,,,,,,,,,,,,,,,,,
49,24,19,48,D0,True,6,11,17,0,0,0,0,11,0,"['B470', 'B342', 'B736', 'B204', 'B650', 'B499', 'B507', 'B308', 'B258', 'B232', 'B25']",5.5,D0,0.0,6,0,6,0.0,,-0.130835,-13.079052,-13.209887,True,True,1,D0,False,0,0.0534,do_nothing,,,,,,,,,,,,,,,,,,,,,,,,,,,,,,,,,,,,,,,,,,,,,,,,,,,,
49,25,6,9,D0,True,6,0,6,0,0,0,0,0,10,"['B31', 'B129', 'B206', 'B385', 'B178', 'B433', 'B24', 'B608', 'B750', 'B681']",5.0,S40,0.66,16,0,16,0.0,,-1.859076,-13.87,-15.729076,True,True,1,S40,False,0,0.0348,load_queue,,,,,,,,,,,,,,,,,,,,,,,,,,,,,,,,,,,,,,,,,,,,,,,,,,,,
49,25,6,29,S40,False,16,0,16,14,0,0,1,0,0,"['B36', 'B562', 'B405', 'B19', 'B363', 'B93', 'B241', 'B31', 'B129', 'B206', 'B385', 'B178', 'B433', 'B24', 'B608']",7.5,S46,3.01,2,1,3,0.0,,-2.583487,-13.972951,-16.556438,True,True,12,S46,False,10,0.3405,delivery+depot_removal,,,,,,,,,,,,,,,,,,,,,,,,,,,,,,,,,,,,,,,,,,,,,,,,,,,,
49,25,6,40,S46,False,2,1,3,0,17,1,0,0,0,"['B169', 'B105', 'B276', 'B529', 'B332', 'B425', 'B753', 'B603', 'B394', 'B762', 'B473', 'B367', 'B88', 'B556', 'B209', 'B160', 'B599']",11.5,S15,5.48,19,1,20,0.0,,-1.471698,-13.498404,-14.970103,True,True,8,S15,False,6,0.2134,pickup+onsite,,,,,,,,,,,,,,,,,,,,,,,,,,,,,,,,,,,,,,,,,,,,,,,,,,,,
49,25,6,57,S15,False,19,1,20,18,0,0,0,0,0,"['B750', 'B681', 'B169', 'B105', 'B276', 'B529', 'B332', 'B425', 'B753', 'B603', 'B394', 'B762', 'B473', 'B367', 'B88', 'B556', 'B209', 'B160']",9.0,S47,5.64,1,1,2,0.0,,-1.375939,-13.454872,-14.830811,False,False,6,S47,False,2,0.1771,delivery,,,,,,,,,,,,,,,,,,,,,,,,,,,,,,,,,,,,,,,,,,,,,,,,,,,,
49,25,7,12,S47,False,1,1,2,0,12,0,1,0,0,"['B515', 'B252', 'B630', 'B188', 'B755', 'B493', 'B278', 'B9', 'B690', 'B506', 'B428', 'B75', 'B44']",6.5,S41,1.45,13,2,15,0.0,,-0.947682,-13.412146,-14.359828,True,True,12,S39,True,10,0.3341,pickup+depot_removal,,,,,,,,,,,,,,,,,,,,,,,,,,,,,,,,,,,,,,,,,,,,,,,,,,,,
49,25,7,20,S41,False,13,2,15,13,0,0,1,0,0,"['B137', 'B599', 'B515', 'B252', 'B630', 'B188', 'B755', 'B493', 'B278', 'B9', 'B690', 'B506', 'B428', 'B75']",7.0,S39,3.32,0,3,3,0.0,,-1.212398,-13.584584,-14.796982,True,True,8,S39,False,6,0.2113,delivery+depot_removal,,,,,,,,,,,,,,,,,,,,,,,,,,,,,,,,,,,,,,,,,,,,,,,,,,,,
49,25,7,30,S39,False,0,3,3,0,17,0,0,0,0,"['B726', 'B685', 'B381', 'B309', 'B333', 'B220', 'B459', 'B610', 'B703', 'B184', 'B591', 'B661', 'B585', 'B356', 'B434', 'B112', 'B397']",8.5,S31,3.72,17,3,20,0.0,,-1.242567,-13.528694,-14.771261,False,False,4,S31,False,2,0.105,pickup,,,,,,,,,,,,,,,,,,,,,,,,,,,,,,,,,,,,,,,,,,,,,,,,,,,,
49,25,7,42,S31,False,17,3,20,17,0,0,0,0,0,"['B726', 'B685', 'B381', 'B309', 'B333', 'B220', 'B459', 'B610', 'B703', 'B184', 'B591', 'B661', 'B585', 'B356', 'B434', 'B112', 'B397']",8.5,S4,2.07,0,3,3,0.0,,-1.142697,-13.660797,-14.803494,False,False,4,S66,True,2,0.1094,delivery,,,,,,,,,,,,,,,,,,,,,,,,,,,,,,,,,,,,,,,,,,,,,,,,,,,,
49,25,7,53,S4,False,0,3,3,0,0,0,0,0,0,[],0.0,S38,1.95,0,3,3,0.0,,-0.716509,-13.485502,-14.202011,False,False,4,S38,False,0,0.1158,do_nothing,,,,,,,,,,,,,,,,,,,,,,,,,,,,,,,,,,,,,,,,,,,,,,,,,,,,
49,25,7,55,S38,False,0,3,3,0,12,0,0,0,0,"['B393', 'B83', 'B95', 'B62', 'B149', 'B727', 'B141', 'B132', 'B390', 'B700', 'B12', 'B305']",6.0,S4,1.95,12,3,15,0.0,,-0.653011,-13.362499,-14.01551,False,False,6,S4,False,4,0.1702,pickup,,,,,,,,,,,,,,,,,,,,,,,,,,,,,,,,,,,,,,,,,,,,,,,,,,,,
49,25,8,3,S4,False,12,3,15,0,5,0,0,0,0,"['B233', 'B415', 'B744', 'B212', 'B674']",2.5,S34,5.11,17,3,20,0.0,,-0.976338,-13.552478,-14.528816,False,False,4,S34,False,2,0.111,pickup,,,,,,,,,,,,,,,,,,,,,,,,,,,,,,,,,,,,,,,,,,,,,,,,,,,,
49,25,8,10,S34,False,17,3,20,14,0,0,0,0,0,"['B393', 'B83', 'B95', 'B62', 'B149', 'B727', 'B141', 'B132', 'B390', 'B700', 'B12', 'B305', 'B233', 'B415']",7.0,S59,6.35,3,3,6,0.0,,-0.845197,-13.551861,-14.397057,False,False,6,S59,False,4,0.1615,delivery,,,,,,,,,,,,,,,,,,,,,,,,,,,,,,,,,,,,,,,,,,,,,,,,,,,,
49,25,8,23,S59,False,3,3,6,0,14,0,0,0,0,"['B256', 'B656', 'B99', 'B712', 'B660', 'B151', 'B564', 'B487', 'B624', 'B68', 'B593', 'B130', 'B445', 'B352']",7.0,S62,3.77,17,3,20,0.0,,-1.14146,-13.594964,-14.736425,False,False,4,S62,False,2,0.1186,pickup,,,,,,,,,,,,,,,,,,,,,,,,,,,,,,,,,,,,,,,,,,,,,,,,,,,,
49,25,8,34,S62,False,17,3,20,11,0,0,0,0,0,"['B744', 'B212', 'B674', 'B256', 'B656', 'B99', 'B712', 'B660', 'B151', 'B564', 'B487']",5.5,S52,1.55,6,3,9,0.0,,-1.038292,-13.688521,-14.726813,False,False,6,S26,True,2,0.1825,delivery,,,,,,,,,,,,,,,,,,,,,,,,,,,,,,,,,,,,,,,,,,,,,,,,,,,,
49,25,8,41,S52,False,6,3,9,0,9,1,0,0,0,"['B691', 'B205', 'B465', 'B303', 'B152', 'B583', 'B387', 'B562', 'B140']",7.5,S26,7.0,15,3,18,0.0,,-1.074892,-13.662101,-14.736993,True,True,12,S26,False,10,0.3257,pickup+onsite,,,,,,,,,,,,,,,,,,,,,,,,,,,,,,,,,,,,,,,,,,,,,,,,,,,,
49,25,8,56,S26,False,15,3,18,15,0,0,0,0,0,"['B624', 'B68', 'B593', 'B130', 'B445', 'B352', 'B691', 'B205', 'B465', 'B303', 'B152', 'B583', 'B387', 'B562', 'B140']",7.5,S16,7.94,0,3,3,0.0,,-1.854307,-13.804766,-15.659073,False,False,4,S16,False,2,0.1158,delivery,,,,,,,,,,,,,,,,,,,,,,,,,,,,,,,,,,,,,,,,,,,,,,,,,,,,
49,25,9,11,S16,False,0,3,3,0,9,0,0,0,0,"['B419', 'B745', 'B198', 'B568', 'B388', 'B699', 'B710', 'B20', 'B598']",4.5,S44,0.23,9,3,12,0.0,,-1.601514,-13.718915,-15.320429,False,False,6,S44,False,4,0.1644,pickup,,,,,,,,,,,,,,,,,,,,,,,,,,,,,,,,,,,,,,,,,,,,,,,,,,,,
49,25,9,16,S44,False,9,3,12,0,8,0,0,0,0,"['B301', 'B456', 'B508', 'B272', 'B416', 'B481', 'B271', 'B80']",4.0,S51,3.83,17,3,20,0.0,,-1.399705,-13.798454,-15.198158,False,False,4,S51,False,2,0.1104,pickup,,,,,,,,,,,,,,,,,,,,,,,,,,,,,,,,,,,,,,,,,,,,,,,,,,,,
49,25,9,24,S51,False,17,3,20,14,0,0,0,0,0,"['B419', 'B745', 'B198', 'B568', 'B388', 'B699', 'B710', 'B20', 'B598', 'B301', 'B456', 'B508', 'B272', 'B416']",7.0,S3,4.7,3,3,6,0.0,,-1.174811,-13.513585,-14.688396,False,False,6,S3,False,4,0.1662,delivery,,,,,,,,,,,,,,,,,,,,,,,,,,,,,,,,,,,,,,,,,,,,,,,,,,,,
49,25,9,35,S3,False,3,3,6,0,14,0,0,0,0,"['B107', 'B518', 'B116', 'B730', 'B14', 'B486', 'B764', 'B89', 'B257', 'B290', 'B728', 'B171', 'B530', 'B683']",7.0,S12,6.18,17,3,20,0.0,,-0.78706,-13.48292,-14.26998,False,False,4,S12,False,2,0.1166,pickup,,,,,,,,,,,,,,,,,,,,,,,,,,,,,,,,,,,,,,,,,,,,,,,,,,,,
49,25,9,49,S12,False,17,3,20,0,0,0,0,0,0,[],0.0,S27,10.31,17,3,20,0.0,,-1.589916,-13.632728,-15.222644,True,False,10,S27,False,0,0.2973,do_nothing,,,,,,,,,,,,,,,,,,,,,,,,,,,,,,,,,,,,,,,,,,,,,,,,,,,,
49,25,9,59,S27,False,17,3,20,11,0,0,0,0,0,"['B481', 'B271', 'B80', 'B107', 'B518', 'B116', 'B730', 'B14', 'B486', 'B764', 'B89']",5.5,S65,3.94,6,3,9,0.0,,-1.011706,-13.538388,-14.550094,False,False,6,S65,False,2,0.1779,delivery,,,,,,,,,,,,,,,,,,,,,,,,,,,,,,,,,,,,,,,,,,,,,,,,,,,,
49,25,10,8,S65,False,6,3,9,6,0,0,1,0,0,"['B207', 'B257', 'B290', 'B728', 'B171', 'B530', 'B683']",3.5,S37,5.89,0,4,4,0.0,,-1.463728,-13.673652,-15.13738,True,True,8,S37,False,6,0.2976,delivery+depot_removal,,,,,,,,,,,,,,,,,,,,,,,,,,,,,,,,,,,,,,,,,,,,,,,,,,,,
49,25,10,18,S37,False,0,4,4,0,16,1,0,0,0,"['B217', 'B704', 'B208', 'B174', 'B338', 'B732', 'B616', 'B707', 'B341', 'B444', 'B513', 'B612', 'B201', 'B614', 'B278', 'B755']",11.0,S35,7.89,16,4,20,0.0,,-0.616659,-13.681268,-14.297927,True,True,30,S35,True,14,0.843,pickup+onsite,,,,,,,,,,,,,,,,,,,,,,,,,,,,,,,,,,,,,,,,,,,,,,,,,,,,
49,25,10,37,S35,False,16,4,20,16,0,0,1,0,0,"['B746', 'B217', 'B704', 'B208', 'B174', 'B338', 'B732', 'B616', 'B707', 'B341', 'B444', 'B513', 'B612', 'B201', 'B614', 'B278', 'B755']",8.5,S62,5.61,0,5,5,0.0,,-0.714517,-13.361817,-14.076334,True,True,10,S1,True,4,0.2849,delivery+depot_removal,,,,,,,,,,,,,,,,,,,,,,,,,,,,,,,,,,,,,,,,,,,,,,,,,,,,
49,25,10,51,S62,False,0,5,5,0,15,0,0,0,0,"['B99', 'B712', 'B660', 'B151', 'B564', 'B487', 'B418', 'B693', 'B289', 'B350', 'B335', 'B633', 'B673', 'B191', 'B142']",7.5,S29,3.79,15,5,20,0.0,,-0.614936,-13.356698,-13.971634,False,False,6,S29,True,2,0.1773,pickup,,,,,,,,,,,,,,,,,,,,,,,,,,,,,,,,,,,,,,,,,,,,,,,,,,,,
49,25,11,2,S29,False,15,5,20,15,0,0,0,0,0,"['B99', 'B712', 'B660', 'B151', 'B564', 'B487', 'B418', 'B693', 'B289', 'B350', 'B335', 'B633', 'B673', 'B191', 'B142']",7.5,S55,2.12,0,5,5,0.0,,-0.616173,-13.262749,-13.878922,False,False,4,S55,False,2,0.1149,delivery,,,,,,,,,,,,,,,,,,,,,,,,,,,,,,,,,,,,,,,,,,,,,,,,,,,,
49,25,11,12,S55,False,0,5,5,0,12,0,1,0,0,"['B531', 'B270', 'B131', 'B636', 'B49', 'B120', 'B8', 'B412', 'B260', 'B277', 'B750', 'B371', 'B82']",6.5,S3,1.62,12,6,18,0.0,,-1.072402,-13.142937,-14.215339,True,True,10,S3,False,8,0.2964,pickup+depot_removal,,,,,,,,,,,,,,,,,,,,,,,,,,,,,,,,,,,,,,,,,,,,,,,,,,,,
49,25,11,20,S3,False,12,6,18,0,0,0,0,0,0,[],0.0,S46,3.03,12,6,18,0.0,,-0.852736,-13.453227,-14.305963,False,False,4,S37,True,0,0.1193,do_nothing,,,,,,,,,,,,,,,,,,,,,,,,,,,,,,,,,,,,,,,,,,,,,,,,,,,,
49,25,11,23,S46,False,12,6,18,12,0,0,0,0,0,"['B531', 'B270', 'B131', 'B636', 'B49', 'B120', 'B8', 'B412', 'B260', 'B277', 'B750', 'B371']",6.0,S37,2.79,0,6,6,0.0,,-0.682063,-13.300069,-13.982133,False,False,4,S37,False,2,0.1222,delivery,,,,,,,,,,,,,,,,,,,,,,,,,,,,,,,,,,,,,,,,,,,,,,,,,,,,
49,25,11,32,S37,False,0,6,6,0,12,1,1,0,0,"['B97', 'B379', 'B202', 'B363', 'B617', 'B93', 'B43', 'B188', 'B284', 'B681', 'B3', 'B34', 'B38']",9.5,S3,5.7,12,7,19,0.0,,-1.202965,-13.263022,-14.465987,True,True,20,S3,False,18,0.5269,pickup+maintenance,,,,,,,,,,,,,,,,,,,,,,,,,,,,,,,,,,,,,,,,,,,,,,,,,,,,
49,25,11,47,S3,False,12,7,19,0,0,0,0,0,0,[],0.0,S54,2.56,12,7,19,0.0,,-1.041255,-13.398568,-14.439823,False,False,4,S52,True,0,0.1067,do_nothing,,,,,,,,,,,,,,,,,,,,,,,,,,,,,,,,,,,,,,,,,,,,,,,,,,,,
49,25,11,49,S54,False,12,7,19,0,0,0,0,0,0,[],0.0,S3,2.56,12,7,19,0.0,,-0.8176,-13.346044,-14.163644,False,False,4,S3,False,0,0.1067,do_nothing,,,,,,,,,,,,,,,,,,,,,,,,,,,,,,,,,,,,,,,,,,,,,,,,,,,,
49,25,11,52,S3,False,12,7,19,0,0,0,0,0,0,[],0.0,S54,2.56,12,7,19,0.0,,-1.528803,-13.544927,-15.073729,False,False,4,S52,True,0,0.1066,do_nothing,,,,,,,,,,,,,,,,,,,,,,,,,,,,,,,,,,,,,,,,,,,,,,,,,,,,
49,25,11,55,S54,False,12,7,19,12,0,0,0,0,0,"['B97', 'B379', 'B202', 'B363', 'B617', 'B93', 'B43', 'B188', 'B284', 'B681', 'B3', 'B34']",6.0,S37,4.98,0,7,7,0.0,,-1.593642,-13.61505,-15.208692,False,False,4,S57,True,2,0.1091,delivery,,,,,,,,,,,,,,,,,,,,,,,,,,,,,,,,,,,,,,,,,,,,,,,,,,,,
49,25,12,6,S37,False,0,7,7,0,13,0,0,0,0,"['B653', 'B696', 'B408', 'B108', 'B40', 'B236', 'B253', 'B476', 'B514', 'B229', 'B718', 'B398', 'B588']",6.5,S17,9.71,13,7,20,0.0,,-1.045233,-13.613043,-14.658276,False,False,6,S32,True,2,0.1635,pickup,,,,,,,,,,,,,,,,,,,,,,,,,,,,,,,,,,,,,,,,,,,,,,,,,,,,
49,25,12,22,S17,False,13,7,20,13,0,0,0,0,0,"['B653', 'B696', 'B408', 'B108', 'B40', 'B236', 'B253', 'B476', 'B514', 'B229', 'B718', 'B398', 'B588']",6.5,S32,9.65,0,7,7,0.0,,-2.210295,-13.761929,-15.972224,False,False,4,S32,False,2,0.1115,delivery,,,,,,,,,,,,,,,,,,,,,,,,,,,,,,,,,,,,,,,,,,,,,,,,,,,,
49,25,12,38,S32,False,0,7,7,0,12,0,1,0,0,"['B695', 'B519', 'B155', 'B680', 'B109', 'B138', 'B739', 'B714', 'B742', 'B569', 'B477', 'B276', 'B127']",6.5,S29,3.29,12,8,20,0.0,,-2.068763,-13.64757,-15.716333,True,True,10,S29,False,8,0.2646,pickup+depot_removal,,,,,,,,,,,,,,,,,,,,,,,,,,,,,,,,,,,,,,,,,,,,,,,,,,,,
49,25,12,48,S29,False,12,8,20,12,0,0,0,0,0,"['B695', 'B519', 'B155', 'B680', 'B109', 'B138', 'B739', 'B714', 'B742', 'B569', 'B477', 'B276']",6.0,S41,7.7,0,8,8,0.0,,-1.262382,-13.52999,-14.792372,False,False,4,S41,False,2,0.108,delivery,,,,,,,,,,,,,,,,,,,,,,,,,,,,,,,,,,,,,,,,,,,,,,,,,,,,
49,25,13,1,S41,False,0,8,8,0,12,0,0,0,0,"['B354', 'B532', 'B488', 'B666', 'B113', 'B66', 'B740', 'B767', 'B290', 'B756', 'B37', 'B172']",6.0,S3,8.64,12,8,20,0.0,,-1.397837,-13.604575,-15.002412,False,False,4,S3,False,2,0.1076,pickup,,,,,,,,,,,,,,,,,,,,,,,,,,,,,,,,,,,,,,,,,,,,,,,,,,,,
49,25,13,16,S3,False,12,8,20,12,0,0,0,0,0,"['B354', 'B532', 'B488', 'B666', 'B113', 'B66', 'B740', 'B767', 'B290', 'B756', 'B37', 'B172']",6.0,S51,4.7,0,8,8,0.0,,-2.178571,-13.763362,-15.941933,False,False,4,S51,False,2,0.1113,delivery,,,,,,,,,,,,,,,,,,,,,,,,,,,,,,,,,,,,,,,,,,,,,,,,,,,,
49,25,13,27,S51,False,0,8,8,0,12,0,0,0,0,"['B541', 'B322', 'B177', 'B435', 'B561', 'B309', 'B394', 'B330', 'B762', 'B530', 'B483', 'B97']",6.0,S46,3.14,12,8,20,0.0,,-1.331733,-13.639216,-14.970949,False,False,4,S60,True,2,0.1151,pickup,,,,,,,,,,,,,,,,,,,,,,,,,,,,,,,,,,,,,,,,,,,,,,,,,,,,
49,25,13,36,S46,False,12,8,20,12,0,0,0,0,0,"['B541', 'B322', 'B177', 'B435', 'B561', 'B309', 'B394', 'B330', 'B762', 'B530', 'B483', 'B97']",6.0,S60,5.39,0,8,8,0.0,,-2.25027,-13.378427,-15.628697,False,False,4,S45,True,2,0.117,delivery,,,,,,,,,,,,,,,,,,,,,,,,,,,,,,,,,,,,,,,,,,,,,,,,,,,,
49,25,13,47,S60,False,0,8,8,0,12,1,0,0,0,"['B559', 'B579', 'B291', 'B159', 'B675', 'B689', 'B359', 'B389', 'B728', 'B269', 'B164', 'B522']",9.0,S24,7.55,12,8,20,0.0,,-2.448141,-13.304232,-15.752373,True,True,12,S24,False,10,0.3232,pickup+onsite,,,,,,,,,,,,,,,,,,,,,,,,,,,,,,,,,,,,,,,,,,,,,,,,,,,,
49,25,14,4,S24,False,12,8,20,12,0,0,0,0,0,"['B559', 'B579', 'B291', 'B159', 'B675', 'B689', 'B359', 'B389', 'B728', 'B269', 'B164', 'B522']",6.0,S30,6.35,0,8,8,0.0,,-2.756529,-13.428953,-16.185482,False,False,4,S30,False,2,0.108,delivery,,,,,,,,,,,,,,,,,,,,,,,,,,,,,,,,,,,,,,,,,,,,,,,,,,,,
49,25,14,16,S30,False,0,8,8,0,10,0,0,0,0,"['B375', 'B645', 'B190', 'B213', 'B684', 'B98', 'B525', 'B565', 'B126', 'B234']",5.0,S29,8.0,10,8,18,0.0,,-1.215888,-13.356029,-14.571917,False,False,6,S29,True,4,0.1662,pickup,,,,,,,,,,,,,,,,,,,,,,,,,,,,,,,,,,,,,,,,,,,,,,,,,,,,
49,25,14,29,S29,False,10,8,18,10,0,0,0,0,0,"['B375', 'B645', 'B190', 'B213', 'B684', 'B98', 'B525', 'B565', 'B126', 'B234']",5.0,S65,8.87,0,8,8,0.0,,-2.780172,-13.439688,-16.219859,False,False,4,S65,False,2,0.1092,delivery,,,,,,,,,,,,,,,,,,,,,,,,,,,,,,,,,,,,,,,,,,,,,,,,,,,,
49,25,14,43,S65,False,0,8,8,0,0,0,1,0,0,['B219'],0.5,S52,6.18,0,9,9,0.0,,-1.797526,-13.866067,-15.663593,True,True,10,S52,False,2,0.266,do_nothing+depot_removal,,,,,,,,,,,,,,,,,,,,,,,,,,,,,,,,,,,,,,,,,,,,,,,,,,,,
49,25,14,50,S52,False,0,9,9,0,10,0,0,0,0,"['B424', 'B554', 'B521', 'B248', 'B630', 'B748', 'B129', 'B73', 'B647', 'B379']",5.0,S26,7.0,10,9,19,0.0,,-1.475503,-13.593069,-15.068572,False,False,6,S63,True,4,0.1591,pickup,,,,,,,,,,,,,,,,,,,,,,,,,,,,,,,,,,,,,,,,,,,,,,,,,,,,
49,25,15,2,S26,False,10,9,19,10,0,0,0,0,0,"['B424', 'B554', 'B521', 'B248', 'B630', 'B748', 'B129', 'B73', 'B647', 'B379']",5.0,S63,7.98,0,9,9,0.0,,-1.857126,-13.618194,-15.47532,False,False,4,S63,False,2,0.1064,delivery,,,,,,,,,,,,,,,,,,,,,,,,,,,,,,,,,,,,,,,,,,,,,,,,,,,,
49,25,15,15,S63,False,0,9,9,0,11,0,0,0,0,"['B271', 'B529', 'B693', 'B344', 'B335', 'B26', 'B8', 'B103', 'B585', 'B186', 'B19']",5.5,S39,5.24,11,9,20,0.0,,-1.727757,-13.711687,-15.439444,False,False,4,S39,False,2,0.1126,pickup,,,,,,,,,,,,,,,,,,,,,,,,,,,,,,,,,,,,,,,,,,,,,,,,,,,,
49,25,15,25,S39,False,11,9,20,11,0,0,1,0,0,"['B659', 'B271', 'B529', 'B693', 'B344', 'B335', 'B26', 'B8', 'B103', 'B585', 'B186', 'B19']",6.0,S35,11.31,0,10,10,0.0,,-1.794477,-13.654366,-15.448843,True,True,6,S35,False,4,0.1706,delivery+depot_removal,,,,,,,,,,,,,,,,,,,,,,,,,,,,,,,,,,,,,,,,,,,,,,,,,,,,
49,25,15,43,S35,False,0,10,10,0,10,1,0,0,0,"['B169', 'B535', 'B153', 'B107', 'B621', 'B327', 'B571', 'B717', 'B460', 'B528']",8.0,S50,1.61,10,10,20,0.0,,-1.952983,-13.54278,-15.495762,True,True,8,S50,False,6,0.2191,pickup+onsite,,,,,,,,,,,,,,,,,,,,,,,,,,,,,,,,,,,,,,,,,,,,,,,,,,,,
49,25,15,52,S50,False,10,10,20,10,0,0,0,0,0,"['B169', 'B535', 'B153', 'B107', 'B621', 'B327', 'B571', 'B717', 'B460', 'B528']",5.0,S31,7.46,0,10,10,0.0,,-1.404818,-13.41482,-14.819637,False,False,4,S31,False,2,0.1104,delivery,,,,,,,,,,,,,,,,,,,,,,,,,,,,,,,,,,,,,,,,,,,,,,,,,,,,
49,25,16,5,S31,False,0,10,10,0,10,1,0,0,0,"['B50', 'B182', 'B72', 'B631', 'B313', 'B646', 'B761', 'B567', 'B709', 'B437']",8.0,S39,3.72,10,10,20,0.0,,-1.244778,-13.456632,-14.70141,True,True,8,S43,True,6,0.2098,pickup+onsite,,,,,,,,,,,,,,,,,,,,,,,,,,,,,,,,,,,,,,,,,,,,,,,,,,,,
49,25,16,17,S39,False,10,10,20,10,0,0,0,0,0,"['B50', 'B182', 'B72', 'B631', 'B313', 'B646', 'B761', 'B567', 'B709', 'B437']",5.0,S43,4.89,0,10,10,0.0,,-1.079251,-13.286631,-14.365882,False,False,4,S49,True,2,0.1208,delivery,,,,,,,,,,,,,,,,,,,,,,,,,,,,,,,,,,,,,,,,,,,,,,,,,,,,
49,25,16,26,S43,False,0,10,10,0,10,0,0,0,0,"['B20', 'B506', 'B657', 'B201', 'B459', 'B225', 'B512', 'B516', 'B688', 'B196']",5.0,S44,0.79,10,10,20,0.0,,-1.469618,-13.257574,-14.727192,False,False,4,S44,False,2,0.1061,pickup,,,,,,,,,,,,,,,,,,,,,,,,,,,,,,,,,,,,,,,,,,,,,,,,,,,,
49,25,16,32,S44,False,10,10,20,10,0,0,0,0,0,"['B20', 'B506', 'B657', 'B201', 'B459', 'B225', 'B512', 'B516', 'B688', 'B196']",5.0,S16,0.23,0,10,10,0.0,,-1.663164,-13.272243,-14.935407,False,False,4,S16,False,2,0.1285,delivery,,,,,,,,,,,,,,,,,,,,,,,,,,,,,,,,,,,,,,,,,,,,,,,,,,,,
49,25,16,37,S16,False,0,10,10,0,6,1,1,0,0,"['B281', 'B418', 'B263', 'B317', 'B148', 'B566', 'B81']",6.5,S58,1.83,6,11,17,0.0,,-1.249724,-13.145931,-14.395654,True,True,24,S31,True,22,0.6238,pickup+maintenance,,,,,,,,,,,,,,,,,,,,,,,,,,,,,,,,,,,,,,,,,,,,,,,,,,,,
49,25,16,46,S58,False,6,11,17,6,0,0,0,0,0,"['B281', 'B418', 'B263', 'B317', 'B148', 'B566']",3.0,S31,3.21,0,11,11,0.0,,-0.976343,-13.166143,-14.142486,False,False,4,S31,False,2,0.111,delivery,,,,,,,,,,,,,,,,,,,,,,,,,,,,,,,,,,,,,,,,,,,,,,,,,,,,
49,25,16,52,S31,False,0,11,11,0,0,0,0,0,0,[],0.0,S60,0.89,0,11,11,0.0,,-1.243334,-13.076477,-14.319812,False,False,4,S60,False,0,0.1239,do_nothing,,,,,,,,,,,,,,,,,,,,,,,,,,,,,,,,,,,,,,,,,,,,,,,,,,,,
49,25,16,53,S60,False,0,11,11,0,0,0,1,0,0,['B652'],0.5,S31,0.89,0,12,12,0.0,,-0.882679,-13.032232,-13.914911,True,True,6,S31,False,2,0.1719,do_nothing+depot_removal,,,,,,,,,,,,,,,,,,,,,,,,,,,,,,,,,,,,,,,,,,,,,,,,,,,,
49,25,16,54,S31,False,0,12,12,0,0,0,0,0,0,[],0.0,S60,0.89,0,12,12,0.0,,-1.179805,-13.000783,-14.180588,False,False,4,S60,False,0,0.117,do_nothing,,,,,,,,,,,,,,,,,,,,,,,,,,,,,,,,,,,,,,,,,,,,,,,,,,,,
49,25,16,55,S60,False,0,12,12,0,8,0,0,0,0,"['B691', 'B147', 'B170', 'B211', 'B429', 'B564', 'B673', 'B527']",4.0,S15,4.42,8,12,20,0.0,,-1.368117,-13.136904,-14.505021,False,False,4,S15,False,2,0.1171,pickup,,,,,,,,,,,,,,,,,,,,,,,,,,,,,,,,,,,,,,,,,,,,,,,,,,,,
49,25,17,4,S15,False,8,12,20,0,0,1,0,0,0,[],3.0,S55,4.77,8,12,20,0.0,,-1.203471,-13.206965,-14.410435,True,True,8,S55,False,2,0.2085,do_nothing+onsite,,,,,,,,,,,,,,,,,,,,,,,,,,,,,,,,,,,,,,,,,,,,,,,,,,,,
49,25,17,11,S55,False,8,12,20,8,0,0,0,0,0,"['B691', 'B147', 'B170', 'B211', 'B429', 'B564', 'B673', 'B527']",4.0,S51,5.48,0,12,12,0.0,,-0.685523,-13.1757,-13.861223,False,False,4,S51,False,2,0.1048,delivery,,,,,,,,,,,,,,,,,,,,,,,,,,,,,,,,,,,,,,,,,,,,,,,,,,,,
49,25,17,21,S51,False,0,12,12,0,8,0,0,0,0,"['B32', 'B372', 'B154', 'B10', 'B109', 'B376', 'B397', 'B719']",4.0,S19,1.21,8,12,20,0.0,,-0.74758,-13.130978,-13.878559,False,False,4,S19,False,2,0.1181,pickup,,,,,,,,,,,,,,,,,,,,,,,,,,,,,,,,,,,,,,,,,,,,,,,,,,,,
49,25,17,26,S19,False,8,12,20,8,0,2,0,0,0,"['B32', 'B372', 'B154', 'B10', 'B109', 'B376', 'B397', 'B719']",10.0,S48,0.52,0,12,12,0.0,,-1.103277,-13.314076,-14.417353,True,True,12,S32,True,10,0.3323,delivery+onsite,,,,,,,,,,,,,,,,,,,,,,,,,,,,,,,,,,,,,,,,,,,,,,,,,,,,
49,25,17,37,S48,False,0,12,12,0,8,1,0,0,0,"['B188', 'B738', 'B548', 'B371', 'B374', 'B687', 'B686', 'B57']",7.0,S32,4.4,8,12,20,0.0,,-1.074702,-13.016481,-14.091183,True,True,8,S32,False,6,0.217,pickup+onsite,,,,,,,,,,,,,,,,,,,,,,,,,,,,,,,,,,,,,,,,,,,,,,,,,,,,
49,25,17,48,S32,False,8,12,20,8,0,0,1,0,0,"['B242', 'B188', 'B738', 'B548', 'B371', 'B374', 'B687', 'B686', 'B57']",4.5,S31,6.41,0,13,13,0.0,,-1.50139,-12.943768,-14.445158,True,True,6,S31,False,4,0.1564,delivery+depot_removal,,,,,,,,,,,,,,,,,,,,,,,,,,,,,,,,,,,,,,,,,,,,,,,,,,,,
49,25,17,59,S31,False,0,13,13,0,0,0,0,0,0,[],0.0,S65,3.2,0,13,13,0.0,,-0.553313,-12.845414,-13.398727,False,False,4,S65,False,0,0.1048,do_nothing,,,,,,,,,,,,,,,,,,,,,,,,,,,,,,,,,,,,,,,,,,,,,,,,,,,,
49,25,18,2,S65,False,0,13,13,0,7,0,0,0,0,"['B701', 'B509', 'B375', 'B660', 'B595', 'B49', 'B465']",3.5,S45,7.43,7,13,20,0.0,,-0.587734,-12.871331,-13.459065,False,False,4,S45,False,2,0.1049,pickup,,,,,,,,,,,,,,,,,,,,,,,,,,,,,,,,,,,,,,,,,,,,,,,,,,,,
49,25,18,13,S45,False,7,13,20,0,0,0,0,0,0,[],0.0,S3,3.25,7,13,20,0.0,,-0.981807,-12.823467,-13.805275,False,False,4,S4,True,0,0.1052,do_nothing,,,,,,,,,,,,,,,,,,,,,,,,,,,,,,,,,,,,,,,,,,,,,,,,,,,,
49,25,18,16,S3,False,7,13,20,7,0,0,0,0,0,"['B701', 'B509', 'B375', 'B660', 'B595', 'B49', 'B465']",3.5,S4,6.13,0,13,13,0.0,,-0.976767,-12.912829,-13.889596,False,False,4,S45,True,2,0.1051,delivery,,,,,,,,,,,,,,,,,,,,,,,,,,,,,,,,,,,,,,,,,,,,,,,,,,,,
49,25,18,26,S4,False,0,13,13,0,7,0,0,0,0,"['B245', 'B45', 'B720', 'B297', 'B353', 'B503', 'B206']",3.5,S38,1.95,7,13,20,0.0,,-0.719325,-12.807054,-13.526379,False,False,4,S38,False,2,0.1052,pickup,,,,,,,,,,,,,,,,,,,,,,,,,,,,,,,,,,,,,,,,,,,,,,,,,,,,
49,25,18,31,S38,False,7,13,20,0,0,0,0,0,0,[],0.0,S45,4.4,7,13,20,0.0,,-0.423953,-13.188303,-13.612256,False,False,4,S31,True,0,0.105,do_nothing,,,,,,,,,,,,,,,,,,,,,,,,,,,,,,,,,,,,,,,,,,,,,,,,,,,,
49,25,18,36,S45,False,7,13,20,7,0,0,0,0,0,"['B245', 'B45', 'B720', 'B297', 'B353', 'B503', 'B206']",3.5,S51,4.13,0,13,13,0.0,,-0.882509,-13.239266,-14.121775,False,False,4,S38,True,2,0.1051,delivery,,,,,,,,,,,,,,,,,,,,,,,,,,,,,,,,,,,,,,,,,,,,,,,,,,,,
49,25,18,43,S51,False,0,13,13,0,7,0,0,0,0,"['B95', 'B277', 'B396', 'B474', 'B434', 'B458', 'B264']",3.5,S38,5.47,7,13,20,0.0,,-0.980656,-13.223882,-14.204538,False,False,4,S38,False,2,0.1138,pickup,,,,,,,,,,,,,,,,,,,,,,,,,,,,,,,,,,,,,,,,,,,,,,,,,,,,
49,25,18,52,S38,False,7,13,20,0,0,0,0,0,0,[],0.0,S49,1.72,7,13,20,0.0,,-0.52008,-13.294319,-13.814399,False,False,4,S59,True,0,0.1076,do_nothing,,,,,,,,,,,,,,,,,,,,,,,,,,,,,,,,,,,,,,,,,,,,,,,,,,,,
49,25,18,54,S49,False,7,13,20,0,0,0,0,0,0,[],0.0,S38,1.72,7,13,20,0.0,,-0.523574,-13.201218,-13.724792,True,False,6,S38,False,0,0.1565,do_nothing,,,,,,,,,,,,,,,,,,,,,,,,,,,,,,,,,,,,,,,,,,,,,,,,,,,,
49,25,18,56,S38,False,7,13,20,7,0,0,0,0,0,"['B95', 'B277', 'B396', 'B474', 'B434', 'B458', 'B264']",3.5,S59,0.74,0,13,13,0.0,,-0.620032,-13.124964,-13.744996,False,False,4,S59,False,2,0.1029,delivery,,,,,,,,,,,,,,,,,,,,,,,,,,,,,,,,,,,,,,,,,,,,,,,,,,,,
49,25,19,0,S59,False,0,13,13,0,7,0,0,0,0,"['B599', 'B175', 'B598', 'B385', 'B466', 'B404', 'B526']",3.5,S15,5.67,7,13,20,0.0,,-0.488044,-13.134968,-13.623012,False,False,4,S31,True,2,0.105,pickup,,,,,,,,,,,,,,,,,,,,,,,,,,,,,,,,,,,,,,,,,,,,,,,,,,,,
49,25,19,9,S15,False,7,13,20,7,0,0,0,0,0,"['B599', 'B175', 'B598', 'B385', 'B466', 'B404', 'B526']",3.5,S31,3.53,0,13,13,0.0,,-0.652392,-13.092484,-13.744875,False,False,4,S31,False,2,0.1055,delivery,,,,,,,,,,,,,,,,,,,,,,,,,,,,,,,,,,,,,,,,,,,,,,,,,,,,
49,25,19,16,S31,False,0,13,13,0,7,0,0,0,0,"['B357', 'B391', 'B556', 'B254', 'B272', 'B468', 'B214']",3.5,S10,5.83,7,13,20,0.0,,-0.423199,-13.142417,-13.565616,False,False,4,S25,True,2,0.1054,pickup,,,,,,,,,,,,,,,,,,,,,,,,,,,,,,,,,,,,,,,,,,,,,,,,,,,,
49,25,19,26,S10,False,7,13,20,0,0,0,0,0,0,[],0.0,S57,2.67,7,13,20,0.0,,-0.42354,-13.183205,-13.606745,False,False,4,S0,True,0,0.1251,do_nothing,,,,,,,,,,,,,,,,,,,,,,,,,,,,,,,,,,,,,,,,,,,,,,,,,,,,
49,25,19,28,S57,False,7,13,20,0,0,2,0,0,0,[],6.0,S10,2.67,7,13,20,0.0,,-0.326569,-13.045227,-13.371796,True,True,12,S10,False,4,0.3256,do_nothing+onsite,,,,,,,,,,,,,,,,,,,,,,,,,,,,,,,,,,,,,,,,,,,,,,,,,,,,
49,25,19,37,S10,False,7,13,20,0,0,0,0,0,0,[],0.0,S26,4.67,7,13,20,0.0,,-0.458558,-12.803411,-13.261969,False,False,3,D0,True,0,0.0951,do_nothing,,,,,,,,,,,,,,,,,,,,,,,,,,,,,,,,,,,,,,,,,,,,,,,,,,,,
49,25,19,42,S26,False,7,13,20,0,0,0,0,0,0,[],0.0,S10,4.67,7,13,20,0.0,,-0.422802,-12.753083,-13.175886,False,False,3,S10,False,0,0.0952,do_nothing,,,,,,,,,,,,,,,,,,,,,,,,,,,,,,,,,,,,,,,,,,,,,,,,,,,,
49,25,19,46,S10,False,7,13,20,7,0,0,0,0,0,"['B357', 'B391', 'B556', 'B254', 'B272', 'B468', 'B214']",3.5,D0,2.04,0,13,13,0.0,,-0.32335,-13.069278,-13.392627,False,False,2,D0,False,1,0.0848,delivery,,,,,,,,,,,,,,,,,,,,,,,,,,,,,,,,,,,,,,,,,,,,,,,,,,,,
49,25,19,52,D0,True,0,13,13,0,0,0,0,13,12,"['B664', 'B470', 'B342', 'B736', 'B204', 'B650', 'B499', 'B507', 'B308', 'B258', 'B232', 'B25', 'B36', 'B44', 'B137', 'B207', 'B746', 'B82', 'B38', 'B127', 'B219', 'B659', 'B81', 'B652', 'B242']",12.5,D0,0.0,12,0,12,0.0,,-0.359028,-12.933598,-13.292626,True,True,1,D0,False,0,0.0537,do_nothing,,,,,,,,,,,,,,,,,,,,,,,,,,,,,,,,,,,,,,,,,,,,,,,,,,,,
49,26,6,4,D0,True,12,0,12,0,0,0,0,0,0,[],0.0,S61,1.02,12,0,12,0.0,,-0.195089,-13.058316,-13.253405,True,True,1,S61,False,0,0.0282,depot_passthrough,,,,,,,,,,,,,,,,,,,,,,,,,,,,,,,,,,,,,,,,,,,,,,,,,,,,
49,26,6,20,S61,False,12,0,12,0,8,0,0,0,0,"['B677', 'B513', 'B631', 'B527', 'B132', 'B361', 'B441', 'B95']",4.0,S64,1.43,20,0,20,0.0,,-0.063851,-13.237448,-13.301299,False,False,4,S64,False,2,0.1112,pickup,,,,,,,,,,,,,,,,,,,,,,,,,,,,,,,,,,,,,,,,,,,,,,,,,,,,
49,26,6,26,S64,False,20,0,20,10,0,0,0,0,0,"['B664', 'B470', 'B342', 'B736', 'B204', 'B650', 'B499', 'B507', 'B308', 'B258']",5.0,S31,1.37,10,0,10,0.0,,-0.098537,-13.128083,-13.226619,False,False,6,S31,False,2,0.1632,delivery,,,,,,,,,,,,,,,,,,,,,,,,,,,,,,,,,,,,,,,,,,,,,,,,,,,,
49,26,6,32,S31,False,10,0,10,0,10,0,0,0,0,"['B536', 'B462', 'B427', 'B744', 'B329', 'B644', 'B312', 'B292', 'B12', 'B676']",5.0,S66,0.38,20,0,20,0.0,,-0.162875,-13.143098,-13.305974,False,False,4,S66,False,2,0.1157,pickup,,,,,,,,,,,,,,,,,,,,,,,,,,,,,,,,,,,,,,,,,,,,,,,,,,,,
49,26,6,37,S66,False,20,0,20,0,0,1,0,0,0,[],3.0,S9,11.06,20,0,20,0.0,,-0.130418,-13.162198,-13.292615,True,True,12,S9,False,2,0.3207,do_nothing+onsite,,,,,,,,,,,,,,,,,,,,,,,,,,,,,,,,,,,,,,,,,,,,,,,,,,,,
49,26,6,52,S9,False,20,0,20,12,0,0,0,0,0,"['B232', 'B25', 'B677', 'B513', 'B631', 'B527', 'B132', 'B361', 'B441', 'B95', 'B536', 'B462']",6.0,S51,3.47,8,0,8,0.0,,-0.064342,-13.068181,-13.132523,False,False,4,S51,False,2,0.1248,delivery,,,,,,,,,,,,,,,,,,,,,,,,,,,,,,,,,,,,,,,,,,,,,,,,,,,,
49,26,7,1,S51,False,8,0,8,0,0,0,2,0,0,"['B693', 'B26']",1.0,S46,3.14,8,2,10,0.0,,-0.032047,-13.012235,-13.044283,True,True,18,S46,True,4,0.4896,do_nothing+depot_removal,,,,,,,,,,,,,,,,,,,,,,,,,,,,,,,,,,,,,,,,,,,,,,,,,,,,
49,26,7,5,S46,False,8,2,10,0,10,0,0,0,0,"['B309', 'B394', 'B330', 'B762', 'B530', 'B483', 'B97', 'B280', 'B191', 'B445']",5.0,S63,1.02,18,2,20,0.0,,-0.032292,-13.069614,-13.101906,False,False,4,S63,False,2,0.1189,pickup,,,,,,,,,,,,,,,,,,,,,,,,,,,,,,,,,,,,,,,,,,,,,,,,,,,,
49,26,7,11,S63,False,18,2,20,13,0,0,0,0,0,"['B427', 'B744', 'B329', 'B644', 'B312', 'B292', 'B12', 'B676', 'B309', 'B394', 'B330', 'B762', 'B530']",6.5,S0,9.96,5,2,7,0.0,,-0.130505,-12.984496,-13.115001,False,False,6,S0,False,4,0.1789,delivery,,,,,,,,,,,,,,,,,,,,,,,,,,,,,,,,,,,,,,,,,,,,,,,,,,,,
49,26,7,28,S0,False,5,2,7,0,0,1,1,0,0,['B457'],3.5,S23,16.52,5,3,8,0.0,,-0.096062,-12.97009,-13.066153,True,True,12,S7,True,6,0.4009,do_nothing+maintenance,,,,,,,,,,,,,,,,,,,,,,,,,,,,,,,,,,,,,,,,,,,,,,,,,,,,
49,26,7,48,S23,False,5,3,8,0,12,2,0,0,0,"['B373', 'B370', 'B91', 'B406', 'B171', 'B94', 'B505', 'B674', 'B193', 'B315', 'B70', 'B658']",12.0,S7,2.31,17,3,20,0.0,,-0.163862,-12.847574,-13.011436,True,True,18,S7,False,16,0.4882,pickup+onsite,,,,,,,,,,,,,,,,,,,,,,,,,,,,,,,,,,,,,,,,,,,,,,,,,,,,
49,26,8,2,S7,False,17,3,20,14,0,0,0,0,0,"['B483', 'B97', 'B280', 'B191', 'B445', 'B373', 'B370', 'B91', 'B406', 'B171', 'B94', 'B505', 'B674', 'B193']",7.0,S20,2.63,3,3,6,0.0,,-0.194748,-12.899393,-13.094141,False,False,6,S20,False,4,0.1661,delivery,,,,,,,,,,,,,,,,,,,,,,,,,,,,,,,,,,,,,,,,,,,,,,,,,,,,
49,26,8,12,S20,False,3,3,6,0,14,0,0,0,0,"['B180', 'B56', 'B311', 'B203', 'B681', 'B752', 'B624', 'B410', 'B255', 'B572', 'B310', 'B428', 'B108', 'B328']",7.0,S15,8.25,17,3,20,0.0,,-0.292708,-12.766178,-13.058886,False,False,4,S15,False,2,0.1124,pickup,,,,,,,,,,,,,,,,,,,,,,,,,,,,,,,,,,,,,,,,,,,,,,,,,,,,
49,26,8,27,S15,False,17,3,20,14,0,0,0,0,0,"['B315', 'B70', 'B658', 'B180', 'B56', 'B311', 'B203', 'B681', 'B752', 'B624', 'B410', 'B255', 'B572', 'B310']",7.0,S27,1.32,3,3,6,0.0,,-0.226721,-12.871894,-13.098615,False,False,6,S27,False,4,0.1613,delivery,,,,,,,,,,,,,,,,,,,,,,,,,,,,,,,,,,,,,,,,,,,,,,,,,,,,
49,26,8,35,S27,False,3,3,6,3,0,0,0,0,0,"['B428', 'B108', 'B328']",1.5,S31,2.27,0,3,3,0.0,,-0.227968,-12.732255,-12.960223,False,False,4,S31,False,2,0.1093,delivery,,,,,,,,,,,,,,,,,,,,,,,,,,,,,,,,,,,,,,,,,,,,,,,,,,,,
49,26,8,39,S31,False,0,3,3,0,0,0,0,0,0,[],0.0,S59,2.6,0,3,3,0.0,,-0.357231,-12.605662,-12.962893,False,False,6,S59,False,0,0.1608,do_nothing,,,,,,,,,,,,,,,,,,,,,,,,,,,,,,,,,,,,,,,,,,,,,,,,,,,,
49,26,8,42,S59,False,0,3,3,0,0,0,0,0,0,[],0.0,S16,2.92,0,3,3,0.0,,-0.256792,-12.672021,-12.928813,False,False,4,S21,True,0,0.1072,do_nothing,,,,,,,,,,,,,,,,,,,,,,,,,,,,,,,,,,,,,,,,,,,,,,,,,,,,
49,26,8,44,S16,False,0,3,3,0,9,0,0,0,0,"['B101', 'B531', 'B75', 'B649', 'B150', 'B174', 'B259', 'B651', 'B665']",4.5,S44,0.23,9,3,12,0.0,,-0.323267,-12.656677,-12.979944,False,False,6,S44,False,4,0.1638,pickup,,,,,,,,,,,,,,,,,,,,,,,,,,,,,,,,,,,,,,,,,,,,,,,,,,,,
49,26,8,49,S44,False,9,3,12,0,8,0,0,0,0,"['B604', 'B288', 'B362', 'B314', 'B765', 'B304', 'B0', 'B43']",4.0,S62,2.2,17,3,20,0.0,,-0.257609,-12.655242,-12.912851,False,False,4,S62,False,2,0.1102,pickup,,,,,,,,,,,,,,,,,,,,,,,,,,,,,,,,,,,,,,,,,,,,,,,,,,,,
49,26,8,55,S62,False,17,3,20,0,0,0,0,0,0,[],0.0,S40,0.73,17,3,20,0.0,,-0.064096,-12.581596,-12.645692,False,False,6,S40,False,0,0.1851,do_nothing,,,,,,,,,,,,,,,,,,,,,,,,,,,,,,,,,,,,,,,,,,,,,,,,,,,,
49,26,8,56,S40,False,17,3,20,10,0,0,0,0,0,"['B101', 'B531', 'B75', 'B649', 'B150', 'B174', 'B259', 'B651', 'B665', 'B604']",5.0,S33,1.51,7,3,10,0.0,,-0.419322,-12.630204,-13.049527,False,False,6,S33,False,2,0.1818,delivery,,,,,,,,,,,,,,,,,,,,,,,,,,,,,,,,,,,,,,,,,,,,,,,,,,,,
49,26,9,3,S33,False,7,3,10,3,0,0,1,0,0,"['B162', 'B288', 'B362', 'B314']",2.0,S37,1.91,4,4,8,0.0,,-0.12934,-12.537884,-12.667224,True,True,12,S37,True,6,0.3549,delivery+depot_removal,,,,,,,,,,,,,,,,,,,,,,,,,,,,,,,,,,,,,,,,,,,,,,,,,,,,
49,26,9,7,S37,False,4,4,8,0,12,1,0,0,0,"['B590', 'B274', 'B147', 'B461', 'B141', 'B648', 'B135', 'B211', 'B364', 'B560', 'B545', 'B226']",9.0,S32,4.74,16,4,20,0.0,,-0.192702,-12.511209,-12.703911,True,True,8,S32,False,6,0.2183,pickup+onsite,,,,,,,,,,,,,,,,,,,,,,,,,,,,,,,,,,,,,,,,,,,,,,,,,,,,
49,26,9,20,S32,False,16,4,20,15,0,0,0,0,0,"['B765', 'B304', 'B0', 'B43', 'B590', 'B274', 'B147', 'B461', 'B141', 'B648', 'B135', 'B211', 'B364', 'B560', 'B545']",7.5,S47,9.1,1,4,5,0.0,,-0.425365,-12.611762,-13.037127,False,False,6,S47,False,4,0.1665,delivery,,,,,,,,,,,,,,,,,,,,,,,,,,,,,,,,,,,,,,,,,,,,,,,,,,,,
49,26,9,37,S47,False,1,4,5,0,0,0,0,0,0,[],0.0,S28,7.63,1,4,5,0.0,,-0.356241,-12.814168,-13.17041,False,False,4,S6,True,0,0.11,do_nothing,,,,,,,,,,,,,,,,,,,,,,,,,,,,,,,,,,,,,,,,,,,,,,,,,,,,
49,26,9,44,S28,False,1,4,5,0,15,0,0,0,0,"['B757', 'B194', 'B360', 'B602', 'B134', 'B678', 'B336', 'B67', 'B626', 'B555', 'B534', 'B338', 'B711', 'B267', 'B715']",7.5,S6,2.72,16,4,20,0.0,,-0.390995,-12.830996,-13.221991,False,False,4,S6,False,2,0.11,pickup,,,,,,,,,,,,,,,,,,,,,,,,,,,,,,,,,,,,,,,,,,,,,,,,,,,,
49,26,9,55,S6,False,16,4,20,11,0,0,0,0,0,"['B226', 'B757', 'B194', 'B360', 'B602', 'B134', 'B678', 'B336', 'B67', 'B626', 'B555']",5.5,S47,7.86,5,4,9,0.0,,-0.35573,-12.725304,-13.081033,False,False,6,S47,False,2,0.1776,delivery,,,,,,,,,,,,,,,,,,,,,,,,,,,,,,,,,,,,,,,,,,,,,,,,,,,,
49,26,10,8,S47,False,5,4,9,0,11,0,0,0,0,"['B275', 'B202', 'B737', 'B729', 'B551', 'B726', 'B1', 'B416', 'B699', 'B426', 'B743']",5.5,S26,7.49,16,4,20,0.0,,-0.194519,-12.758054,-12.952573,False,False,6,S26,True,2,0.1717,pickup,,,,,,,,,,,,,,,,,,,,,,,,,,,,,,,,,,,,,,,,,,,,,,,,,,,,
49,26,10,21,S26,False,16,4,20,16,0,0,0,0,0,"['B534', 'B338', 'B711', 'B267', 'B715', 'B275', 'B202', 'B737', 'B729', 'B551', 'B726', 'B1', 'B416', 'B699', 'B426', 'B743']",8.0,S37,7.79,0,4,4,0.0,,-0.09713,-12.703145,-12.800274,False,False,4,S55,True,2,0.1096,delivery,,,,,,,,,,,,,,,,,,,,,,,,,,,,,,,,,,,,,,,,,,,,,,,,,,,,
49,26,10,37,S37,False,0,4,4,0,16,0,0,0,0,"['B71', 'B568', 'B575', 'B692', 'B733', 'B359', 'B39', 'B210', 'B239', 'B407', 'B363', 'B249', 'B303', 'B722', 'B705', 'B539']",8.0,S55,5.04,16,4,20,0.0,,-0.326905,-12.51441,-12.841315,False,False,4,S55,False,2,0.1072,pickup,,,,,,,,,,,,,,,,,,,,,,,,,,,,,,,,,,,,,,,,,,,,,,,,,,,,
49,26,10,50,S55,False,16,4,20,16,0,0,0,0,0,"['B71', 'B568', 'B575', 'B692', 'B733', 'B359', 'B39', 'B210', 'B239', 'B407', 'B363', 'B249', 'B303', 'B722', 'B705', 'B539']",8.0,S63,3.64,0,4,4,0.0,,-0.227889,-12.633908,-12.861797,False,False,4,S63,False,2,0.1068,delivery,,,,,,,,,,,,,,,,,,,,,,,,,,,,,,,,,,,,,,,,,,,,,,,,,,,,
49,26,11,2,S63,False,0,4,4,0,16,0,0,0,0,"['B644', 'B312', 'B292', 'B12', 'B676', 'B309', 'B394', 'B330', 'B762', 'B530', 'B642', 'B10', 'B756', 'B109', 'B712', 'B549']",8.0,S17,9.98,16,4,20,0.0,,-0.291482,-12.921924,-13.213405,False,False,4,S17,False,2,0.1072,pickup,,,,,,,,,,,,,,,,,,,,,,,,,,,,,,,,,,,,,,,,,,,,,,,,,,,,
49,26,11,20,S17,False,16,4,20,16,0,0,0,0,0,"['B644', 'B312', 'B292', 'B12', 'B676', 'B309', 'B394', 'B330', 'B762', 'B530', 'B642', 'B10', 'B756', 'B109', 'B712', 'B549']",8.0,S58,10.37,0,4,4,0.0,,-0.714201,-12.983349,-13.69755,False,False,4,S58,False,2,0.1069,delivery,,,,,,,,,,,,,,,,,,,,,,,,,,,,,,,,,,,,,,,,,,,,,,,,,,,,
49,26,11,38,S58,False,0,4,4,0,16,0,0,0,0,"['B721', 'B241', 'B313', 'B611', 'B455', 'B192', 'B449', 'B640', 'B673', 'B565', 'B393', 'B543', 'B235', 'B15', 'B250', 'B630']",8.0,S20,10.73,16,4,20,0.0,,-0.357049,-12.669334,-13.026383,False,False,4,S20,False,2,0.1088,pickup,,,,,,,,,,,,,,,,,,,,,,,,,,,,,,,,,,,,,,,,,,,,,,,,,,,,
49,26,11,57,S20,False,16,4,20,14,0,0,0,0,0,"['B721', 'B241', 'B313', 'B611', 'B455', 'B192', 'B449', 'B640', 'B673', 'B565', 'B393', 'B543', 'B235', 'B15']",7.0,S60,7.68,2,4,6,0.0,,-0.782728,-12.645785,-13.428514,False,False,6,S60,False,4,0.1635,delivery,,,,,,,,,,,,,,,,,,,,,,,,,,,,,,,,,,,,,,,,,,,,,,,,,,,,
49,26,12,11,S60,False,2,4,6,0,14,0,0,0,0,"['B471', 'B98', 'B740', 'B412', 'B766', 'B605', 'B224', 'B392', 'B366', 'B515', 'B151', 'B484', 'B567', 'B32']",7.0,S13,8.16,16,4,20,0.0,,-1.111343,-12.759753,-13.871096,False,False,6,S13,True,2,0.1731,pickup,,,,,,,,,,,,,,,,,,,,,,,,,,,,,,,,,,,,,,,,,,,,,,,,,,,,
49,26,12,26,S13,False,16,4,20,15,0,0,1,0,0,"['B323', 'B250', 'B630', 'B471', 'B98', 'B740', 'B412', 'B766', 'B605', 'B224', 'B392', 'B366', 'B515', 'B151', 'B484', 'B567']",8.0,S33,11.75,1,5,6,0.0,,-0.781267,-12.875969,-13.657236,True,True,10,S33,False,8,0.2647,delivery+depot_removal,,,,,,,,,,,,,,,,,,,,,,,,,,,,,,,,,,,,,,,,,,,,,,,,,,,,
49,26,12,46,S33,False,1,5,6,0,14,0,0,0,0,"['B596', 'B68', 'B228', 'B607', 'B439', 'B500', 'B136', 'B156', 'B516', 'B222', 'B447', 'B288', 'B362', 'B314']",7.0,S63,1.55,15,5,20,0.0,,-1.040763,-12.963154,-14.003918,False,False,4,S63,False,2,0.1176,pickup,,,,,,,,,,,,,,,,,,,,,,,,,,,,,,,,,,,,,,,,,,,,,,,,,,,,
49,26,12,55,S63,False,15,5,20,15,0,0,1,0,0,"['B133', 'B32', 'B596', 'B68', 'B228', 'B607', 'B439', 'B500', 'B136', 'B156', 'B516', 'B222', 'B447', 'B288', 'B362', 'B314']",8.0,S31,4.21,0,6,6,0.0,,-1.006826,-12.894742,-13.901568,True,True,10,S29,True,8,0.2864,delivery+depot_removal,,,,,,,,,,,,,,,,,,,,,,,,,,,,,,,,,,,,,,,,,,,,,,,,,,,,
49,26,13,7,S31,False,0,6,6,0,14,1,0,0,0,"['B334', 'B664', 'B763', 'B696', 'B287', 'B382', 'B244', 'B101', 'B58', 'B531', 'B187', 'B378', 'B85', 'B115']",10.0,S15,3.53,14,6,20,0.0,,-0.552142,-12.757429,-13.309571,True,True,12,S15,True,6,0.3326,pickup+onsite,,,,,,,,,,,,,,,,,,,,,,,,,,,,,,,,,,,,,,,,,,,,,,,,,,,,
49,26,13,20,S15,False,14,6,20,14,0,0,0,0,0,"['B334', 'B664', 'B763', 'B696', 'B287', 'B382', 'B244', 'B101', 'B58', 'B531', 'B187', 'B378', 'B85', 'B115']",7.0,S10,3.3,0,6,6,0.0,,-0.877451,-12.669949,-13.5474,False,False,4,S10,False,2,0.1047,delivery,,,,,,,,,,,,,,,,,,,,,,,,,,,,,,,,,,,,,,,,,,,,,,,,,,,,
49,26,13,31,S10,False,0,6,6,0,0,0,0,0,0,[],0.0,S51,7.37,0,6,6,0.0,,-0.81455,-12.785979,-13.600529,False,False,4,S51,False,0,0.1094,do_nothing,,,,,,,,,,,,,,,,,,,,,,,,,,,,,,,,,,,,,,,,,,,,,,,,,,,,
49,26,13,38,S51,False,0,6,6,0,0,0,0,0,0,[],0.0,S19,1.21,0,6,6,0.0,,-0.784736,-12.815155,-13.599891,False,False,6,S19,False,0,0.1645,do_nothing,,,,,,,,,,,,,,,,,,,,,,,,,,,,,,,,,,,,,,,,,,,,,,,,,,,,
49,26,13,39,S19,False,0,6,6,0,7,0,0,0,0,"['B732', 'B490', 'B276', 'B486', 'B668', 'B648', 'B198']",3.5,S51,1.21,7,6,13,0.0,,-0.878878,-12.868916,-13.747794,False,False,6,S51,False,2,0.1639,pickup,,,,,,,,,,,,,,,,,,,,,,,,,,,,,,,,,,,,,,,,,,,,,,,,,,,,
49,26,13,44,S51,False,7,6,13,0,7,0,0,0,0,"['B519', 'B434', 'B687', 'B331', 'B671', 'B196', 'B532']",3.5,S8,14.96,14,6,20,0.0,,-0.945558,-12.690803,-13.636361,False,False,4,S8,False,2,0.1105,pickup,,,,,,,,,,,,,,,,,,,,,,,,,,,,,,,,,,,,,,,,,,,,,,,,,,,,
49,26,14,3,S8,False,14,6,20,8,0,0,0,0,0,"['B732', 'B490', 'B276', 'B486', 'B668', 'B648', 'B198', 'B519']",4.0,S29,9.44,6,6,12,0.0,,-0.847856,-12.829823,-13.677678,False,False,6,S29,False,2,0.1625,delivery,,,,,,,,,,,,,,,,,,,,,,,,,,,,,,,,,,,,,,,,,,,,,,,,,,,,
49,26,14,16,S29,False,6,6,12,6,0,0,0,0,0,"['B434', 'B687', 'B331', 'B671', 'B196', 'B532']",3.0,S10,0.66,0,6,6,0.0,,-0.486241,-12.944403,-13.430643,False,False,4,S10,False,2,0.1072,delivery,,,,,,,,,,,,,,,,,,,,,,,,,,,,,,,,,,,,,,,,,,,,,,,,,,,,
49,26,14,20,S10,False,0,6,6,0,0,0,0,0,0,[],0.0,S60,6.65,0,6,6,0.0,,-0.749212,-12.734305,-13.483516,False,False,4,S60,False,0,0.107,do_nothing,,,,,,,,,,,,,,,,,,,,,,,,,,,,,,,,,,,,,,,,,,,,,,,,,,,,
49,26,14,26,S60,False,0,6,6,0,14,0,0,0,0,"['B116', 'B599', 'B89', 'B554', 'B454', 'B492', 'B80', 'B615', 'B341', 'B343', 'B503', 'B752', 'B410', 'B321']",7.0,S37,2.84,14,6,20,0.0,,-0.617967,-12.706628,-13.324595,False,False,4,S37,False,2,0.1174,pickup,,,,,,,,,,,,,,,,,,,,,,,,,,,,,,,,,,,,,,,,,,,,,,,,,,,,
49,26,14,36,S37,False,14,6,20,14,0,0,1,0,0,"['B48', 'B116', 'B599', 'B89', 'B554', 'B454', 'B492', 'B80', 'B615', 'B341', 'B343', 'B503', 'B752', 'B410', 'B321']",7.5,S52,1.18,0,7,7,0.0,,-0.682399,-12.491721,-13.17412,True,True,6,S52,False,4,0.1615,delivery+depot_removal,,,,,,,,,,,,,,,,,,,,,,,,,,,,,,,,,,,,,,,,,,,,,,,,,,,,
49,26,14,45,S52,False,0,7,7,0,0,0,0,0,0,[],0.0,S40,2.21,0,7,7,0.0,,-0.878708,-12.61497,-13.493678,False,False,6,S40,False,0,0.1599,do_nothing,,,,,,,,,,,,,,,,,,,,,,,,,,,,,,,,,,,,,,,,,,,,,,,,,,,,
49,26,14,47,S40,False,0,7,7,0,13,0,0,0,0,"['B730', 'B369', 'B92', 'B188', 'B278', 'B727', 'B473', 'B263', 'B17', 'B255', 'B754', 'B685', 'B666']",6.5,S43,3.52,13,7,20,0.0,,-1.168466,-12.66121,-13.829676,False,False,6,S43,True,2,0.1621,pickup,,,,,,,,,,,,,,,,,,,,,,,,,,,,,,,,,,,,,,,,,,,,,,,,,,,,
49,26,14,57,S43,False,13,7,20,13,0,0,0,0,0,"['B730', 'B369', 'B92', 'B188', 'B278', 'B727', 'B473', 'B263', 'B17', 'B255', 'B754', 'B685', 'B666']",6.5,S52,1.59,0,7,7,0.0,,-0.950323,-12.716956,-13.667279,False,False,4,S16,True,2,0.1094,delivery,,,,,,,,,,,,,,,,,,,,,,,,,,,,,,,,,,,,,,,,,,,,,,,,,,,,
49,26,15,5,S52,False,0,7,7,0,10,0,0,0,0,"['B512', 'B524', 'B332', 'B14', 'B613', 'B225', 'B68', 'B228', 'B139', 'B724']",5.0,S62,1.55,10,7,17,0.0,,-0.555445,-12.631015,-13.18646,False,False,6,S33,True,4,0.1575,pickup,,,,,,,,,,,,,,,,,,,,,,,,,,,,,,,,,,,,,,,,,,,,,,,,,,,,
49,26,15,12,S62,False,10,7,17,10,0,0,0,0,0,"['B512', 'B524', 'B332', 'B14', 'B613', 'B225', 'B68', 'B228', 'B139', 'B724']",5.0,S33,0.92,0,7,7,0.0,,-0.553126,-12.555154,-13.10828,False,False,4,S33,False,2,0.1064,delivery,,,,,,,,,,,,,,,,,,,,,,,,,,,,,,,,,,,,,,,,,,,,,,,,,,,,
49,26,15,18,S33,False,0,7,7,0,13,0,0,0,0,"['B237', 'B738', 'B203', 'B53', 'B418', 'B422', 'B541', 'B578', 'B745', 'B387', 'B142', 'B679', 'B764']",6.5,S66,3.23,13,7,20,0.0,,-0.329151,-12.50849,-12.837642,False,False,4,S66,False,2,0.1109,pickup,,,,,,,,,,,,,,,,,,,,,,,,,,,,,,,,,,,,,,,,,,,,,,,,,,,,
49,26,15,27,S66,False,13,7,20,13,0,0,0,0,0,"['B237', 'B738', 'B203', 'B53', 'B418', 'B422', 'B541', 'B578', 'B745', 'B387', 'B142', 'B679', 'B764']",6.5,S61,1.13,0,7,7,0.0,,-0.291726,-12.507054,-12.79878,False,False,4,S61,False,2,0.1075,delivery,,,,,,,,,,,,,,,,,,,,,,,,,,,,,,,,,,,,,,,,,,,,,,,,,,,,
49,26,15,35,S61,False,0,7,7,0,10,0,0,0,0,"['B13', 'B736', 'B487', 'B734', 'B586', 'B339', 'B568', 'B454', 'B89', 'B588']",5.0,S39,3.98,10,7,17,0.0,,-0.291972,-12.384122,-12.676093,False,False,6,S39,True,4,0.1601,pickup,,,,,,,,,,,,,,,,,,,,,,,,,,,,,,,,,,,,,,,,,,,,,,,,,,,,
49,26,15,44,S39,False,10,7,17,10,0,0,0,0,0,"['B13', 'B736', 'B487', 'B734', 'B586', 'B339', 'B568', 'B454', 'B89', 'B588']",5.0,S59,2.08,0,7,7,0.0,,-0.49268,-12.418088,-12.910769,False,False,4,S59,False,2,0.1139,delivery,,,,,,,,,,,,,,,,,,,,,,,,,,,,,,,,,,,,,,,,,,,,,,,,,,,,
49,26,15,51,S59,False,0,7,7,0,11,0,1,0,0,"['B529', 'B540', 'B377', 'B444', 'B547', 'B435', 'B146', 'B603', 'B402', 'B682', 'B143', 'B612']",6.0,S62,3.77,11,8,19,0.0,,-0.031966,-12.401981,-12.433947,True,True,12,S58,True,10,0.3404,pickup+depot_removal,,,,,,,,,,,,,,,,,,,,,,,,,,,,,,,,,,,,,,,,,,,,,,,,,,,,
49,26,16,1,S62,False,11,8,19,6,0,0,0,0,0,"['B529', 'B540', 'B377', 'B444', 'B547', 'B435']",3.0,S29,3.79,5,8,13,0.0,,-0.2273,-12.414583,-12.641883,False,False,6,S29,False,4,0.1625,delivery,,,,,,,,,,,,,,,,,,,,,,,,,,,,,,,,,,,,,,,,,,,,,,,,,,,,
49,26,16,8,S29,False,5,8,13,5,0,0,0,0,0,"['B146', 'B603', 'B402', 'B682', 'B143']",2.5,S35,1.95,0,8,8,0.0,,-0.517281,-12.391987,-12.909268,False,False,4,S35,False,2,0.1196,delivery,,,,,,,,,,,,,,,,,,,,,,,,,,,,,,,,,,,,,,,,,,,,,,,,,,,,
49,26,16,12,S35,False,0,8,8,0,11,0,1,0,0,"['B178', 'B217', 'B103', 'B239', 'B147', 'B441', 'B331', 'B259', 'B365', 'B522', 'B322', 'B64']",6.0,S29,1.95,11,9,20,0.0,,-0.389008,-12.576833,-12.965842,True,True,16,S29,True,14,0.4142,pickup+depot_removal,,,,,,,,,,,,,,,,,,,,,,,,,,,,,,,,,,,,,,,,,,,,,,,,,,,,
49,26,16,20,S29,False,11,9,20,0,0,0,0,0,0,[],0.0,S63,5.25,11,9,20,0.0,,-0.164289,-12.40632,-12.57061,False,False,4,S63,False,0,0.1051,do_nothing,,,,,,,,,,,,,,,,,,,,,,,,,,,,,,,,,,,,,,,,,,,,,,,,,,,,
49,26,16,25,S63,False,11,9,20,11,0,0,0,0,0,"['B178', 'B217', 'B103', 'B239', 'B147', 'B441', 'B331', 'B259', 'B365', 'B522', 'B322']",5.5,S45,1.16,0,9,9,0.0,,-0.359521,-12.445914,-12.805435,False,False,4,S45,False,2,0.107,delivery,,,,,,,,,,,,,,,,,,,,,,,,,,,,,,,,,,,,,,,,,,,,,,,,,,,,
49,26,16,32,S45,False,0,9,9,0,0,0,0,0,0,[],0.0,S64,4.1,0,9,9,0.0,,-0.290643,-12.682298,-12.972942,False,False,4,S64,False,0,0.1154,do_nothing,,,,,,,,,,,,,,,,,,,,,,,,,,,,,,,,,,,,,,,,,,,,,,,,,,,,
49,26,16,36,S64,False,0,9,9,0,8,1,0,0,0,"['B593', 'B122', 'B18', 'B683', 'B521', 'B721', 'B512', 'B613']",7.0,S29,7.1,8,9,17,0.0,,0.0,-12.764844,-12.764844,True,True,12,S41,True,10,0.3481,pickup+onsite,,,,,,,,,,,,,,,,,,,,,,,,,,,,,,,,,,,,,,,,,,,,,,,,,,,,
49,26,16,50,S29,False,8,9,17,8,0,0,0,0,0,"['B593', 'B122', 'B18', 'B683', 'B521', 'B721', 'B512', 'B613']",4.0,S54,1.43,0,9,9,0.0,,-0.390674,-12.627648,-13.018322,False,False,4,S54,False,2,0.1141,delivery,,,,,,,,,,,,,,,,,,,,,,,,,,,,,,,,,,,,,,,,,,,,,,,,,,,,
49,26,16,56,S54,False,0,9,9,0,9,1,0,0,0,"['B372', 'B609', 'B687', 'B492', 'B430', 'B428', 'B307', 'B121', 'B417']",7.5,S26,5.73,9,9,18,0.0,,-0.324085,-12.769579,-13.093664,True,True,12,S26,False,10,0.3168,pickup+onsite,,,,,,,,,,,,,,,,,,,,,,,,,,,,,,,,,,,,,,,,,,,,,,,,,,,,
49,26,17,9,S26,False,9,9,18,9,0,0,0,0,0,"['B372', 'B609', 'B687', 'B492', 'B430', 'B428', 'B307', 'B121', 'B417']",4.5,S6,6.34,0,9,9,0.0,,-0.422548,-12.562881,-12.985429,False,False,4,S6,False,2,0.1048,delivery,,,,,,,,,,,,,,,,,,,,,,,,,,,,,,,,,,,,,,,,,,,,,,,,,,,,
49,26,17,20,S6,False,0,9,9,0,0,0,0,0,0,[],0.0,S30,7.33,0,9,9,0.0,,-0.4927,-12.55384,-13.04654,False,False,4,S30,False,0,0.1067,do_nothing,,,,,,,,,,,,,,,,,,,,,,,,,,,,,,,,,,,,,,,,,,,,,,,,,,,,
49,26,17,27,S30,False,0,9,9,0,11,0,0,0,0,"['B650', 'B499', 'B433', 'B130', 'B720', 'B297', 'B466', 'B226', 'B282', 'B270', 'B396']",5.5,S27,3.18,11,9,20,0.0,,-0.457576,-12.761024,-13.2186,False,False,6,S27,True,2,0.1649,pickup,,,,,,,,,,,,,,,,,,,,,,,,,,,,,,,,,,,,,,,,,,,,,,,,,,,,
49,26,17,36,S27,False,11,9,20,11,0,0,0,0,0,"['B650', 'B499', 'B433', 'B130', 'B720', 'B297', 'B466', 'B226', 'B282', 'B270', 'B396']",5.5,S4,3.62,0,9,9,0.0,,-0.424442,-12.542656,-12.967098,False,False,4,S4,False,2,0.1136,delivery,,,,,,,,,,,,,,,,,,,,,,,,,,,,,,,,,,,,,,,,,,,,,,,,,,,,
49,26,17,45,S4,False,0,9,9,0,10,1,0,0,0,"['B544', 'B324', 'B76', 'B248', 'B597', 'B658', 'B12', 'B439', 'B447', 'B348']",8.0,S32,5.15,10,9,19,0.0,,-0.62077,-12.71743,-13.338201,True,True,12,S32,True,10,0.3193,pickup+onsite,,,,,,,,,,,,,,,,,,,,,,,,,,,,,,,,,,,,,,,,,,,,,,,,,,,,
49,26,17,58,S32,False,10,9,19,10,0,0,0,0,0,"['B544', 'B324', 'B76', 'B248', 'B597', 'B658', 'B12', 'B439', 'B447', 'B348']",5.0,S62,3.53,0,9,9,0.0,,-0.459893,-12.724303,-13.184195,False,False,4,S42,True,2,0.1128,delivery,,,,,,,,,,,,,,,,,,,,,,,,,,,,,,,,,,,,,,,,,,,,,,,,,,,,
49,26,18,6,S62,False,0,9,9,0,0,0,0,0,0,[],0.0,S41,4.25,0,9,9,0.0,,-0.326726,-12.622709,-12.949435,False,False,4,S40,True,0,0.1134,do_nothing,,,,,,,,,,,,,,,,,,,,,,,,,,,,,,,,,,,,,,,,,,,,,,,,,,,,
49,26,18,11,S41,False,0,9,9,0,11,1,0,0,0,"['B144', 'B370', 'B580', 'B523', 'B628', 'B431', 'B284', 'B193', 'B661', 'B663', 'B695']",8.5,S65,2.23,11,9,20,0.0,,-0.229198,-12.62527,-12.854468,True,True,12,S65,False,10,0.3145,pickup+onsite,,,,,,,,,,,,,,,,,,,,,,,,,,,,,,,,,,,,,,,,,,,,,,,,,,,,
49,26,18,21,S65,False,11,9,20,10,0,0,0,0,0,"['B144', 'B370', 'B580', 'B523', 'B628', 'B431', 'B284', 'B193', 'B661', 'B663']",5.0,S60,3.09,1,9,10,0.0,,-0.392907,-12.706076,-13.098983,False,False,6,S60,False,2,0.1594,delivery,,,,,,,,,,,,,,,,,,,,,,,,,,,,,,,,,,,,,,,,,,,,,,,,,,,,
49,26,18,29,S60,False,1,9,10,0,10,0,0,0,0,"['B55', 'B180', 'B167', 'B569', 'B419', 'B421', 'B710', 'B590', 'B508', 'B649']",5.0,S16,4.19,11,9,20,0.0,,-0.227704,-12.561435,-12.789138,False,False,4,S16,False,2,0.1113,pickup,,,,,,,,,,,,,,,,,,,,,,,,,,,,,,,,,,,,,,,,,,,,,,,,,,,,
49,26,18,39,S16,False,11,9,20,8,0,0,0,0,0,"['B695', 'B55', 'B180', 'B167', 'B569', 'B419', 'B421', 'B710']",4.0,S63,0.31,3,9,12,0.0,,-0.488383,-12.703783,-13.192166,False,False,6,S63,False,2,0.1729,delivery,,,,,,,,,,,,,,,,,,,,,,,,,,,,,,,,,,,,,,,,,,,,,,,,,,,,
49,26,18,43,S63,False,3,9,12,0,0,0,0,0,0,[],0.0,S9,6.89,3,9,12,0.0,,-0.227387,-12.647751,-12.875138,False,False,4,S38,True,0,0.1168,do_nothing,,,,,,,,,,,,,,,,,,,,,,,,,,,,,,,,,,,,,,,,,,,,,,,,,,,,
49,26,18,50,S9,False,3,9,12,0,8,0,0,0,0,"['B573', 'B461', 'B145', 'B634', 'B349', 'B225', 'B563', 'B730']",4.0,S51,3.47,11,9,20,0.0,,-0.19435,-12.592898,-12.787247,False,False,4,S51,False,2,0.128,pickup,,,,,,,,,,,,,,,,,,,,,,,,,,,,,,,,,,,,,,,,,,,,,,,,,,,,
49,26,18,57,S51,False,11,9,20,11,0,2,0,0,0,"['B590', 'B508', 'B649', 'B573', 'B461', 'B145', 'B634', 'B349', 'B225', 'B563', 'B730']",11.5,S12,2.02,0,9,9,0.0,,-0.130334,-12.658554,-12.788889,True,True,12,S38,True,10,0.352,delivery+onsite,,,,,,,,,,,,,,,,,,,,,,,,,,,,,,,,,,,,,,,,,,,,,,,,,,,,
49,26,19,11,S12,False,0,9,9,0,0,1,1,0,0,['B117'],3.5,S33,6.96,0,10,10,0.0,,-0.064919,-12.514802,-12.579721,True,True,12,S33,False,6,0.3187,do_nothing+maintenance,,,,,,,,,,,,,,,,,,,,,,,,,,,,,,,,,,,,,,,,,,,,,,,,,,,,
49,26,19,21,S33,False,0,10,10,0,10,0,0,0,0,"['B670', 'B405', 'B227', 'B676', 'B309', 'B632', 'B172', 'B153', 'B620', 'B131']",5.0,S38,3.81,10,10,20,0.0,,-0.19385,-12.388055,-12.581905,False,False,4,S12,True,2,0.1089,pickup,,,,,,,,,,,,,,,,,,,,,,,,,,,,,,,,,,,,,,,,,,,,,,,,,,,,
49,26,19,30,S38,False,10,10,20,0,0,1,0,0,0,[],3.0,S48,6.3,10,10,20,0.0,,-0.06434,-12.182357,-12.246696,True,True,7,D0,True,2,0.2225,do_nothing+onsite,,,,,,,,,,,,,,,,,,,,,,,,,,,,,,,,,,,,,,,,,,,,,,,,,,,,
49,26,19,39,S48,False,10,10,20,0,0,0,0,0,0,[],0.0,S38,6.3,10,10,20,0.0,,-0.097868,-12.171696,-12.269564,False,False,4,S38,False,0,0.1509,do_nothing,,,,,,,,,,,,,,,,,,,,,,,,,,,,,,,,,,,,,,,,,,,,,,,,,,,,
49,26,19,46,S38,False,10,10,20,0,0,0,0,0,0,[],0.0,D0,2.69,10,10,20,0.0,,-0.031885,-12.33748,-12.369365,False,False,2,D0,True,0,0.0843,do_nothing,,,,,,,,,,,,,,,,,,,,,,,,,,,,,,,,,,,,,,,,,,,,,,,,,,,,
49,26,19,48,D0,True,10,10,20,0,0,0,0,10,0,"['B693', 'B26', 'B457', 'B162', 'B323', 'B133', 'B48', 'B612', 'B64', 'B117']",5.0,D0,0.0,10,0,10,0.0,,-0.291471,-12.4363,-12.727771,True,True,1,D0,False,0,0.0536,do_nothing,,,,,,,,,,,,,,,,,,,,,,,,,,,,,,,,,,,,,,,,,,,,,,,,,,,,
49,27,6,8,D0,True,10,0,10,0,0,0,0,0,10,"['B36', 'B44', 'B137', 'B207', 'B746', 'B82', 'B38', 'B127', 'B219', 'B659']",5.0,S23,4.45,20,0,20,0.0,,-0.12917,-13.007248,-13.136418,True,True,1,S23,False,0,0.0304,load_queue,,,,,,,,,,,,,,,,,,,,,,,,,,,,,,,,,,,,,,,,,,,,,,,,,,,,
49,27,6,33,S23,False,20,0,20,13,0,0,1,0,0,"['B340', 'B670', 'B405', 'B227', 'B676', 'B309', 'B632', 'B172', 'B153', 'B620', 'B131', 'B36', 'B44', 'B137']",7.0,S60,4.55,7,1,8,0.0,,0.0,-13.043654,-13.043654,True,True,10,S60,False,4,0.2729,delivery+depot_removal,,,,,,,,,,,,,,,,,,,,,,,,,,,,,,,,,,,,,,,,,,,,,,,,,,,,
49,27,6,44,S60,False,7,1,8,0,12,0,0,0,0,"['B33', 'B404', 'B277', 'B304', 'B630', 'B607', 'B554', 'B752', 'B240', 'B271', 'B106', 'B655']",6.0,S61,1.62,19,1,20,0.0,,-0.064507,-12.956709,-13.021216,False,False,4,S61,False,2,0.108,pickup,,,,,,,,,,,,,,,,,,,,,,,,,,,,,,,,,,,,,,,,,,,,,,,,,,,,
49,27,6,52,S61,False,19,1,20,11,0,0,0,0,0,"['B207', 'B746', 'B82', 'B38', 'B127', 'B219', 'B659', 'B33', 'B404', 'B277', 'B304']",5.5,S18,1.44,8,1,9,0.0,,-0.164608,-12.940771,-13.105379,False,False,6,S40,True,2,0.1622,delivery,,,,,,,,,,,,,,,,,,,,,,,,,,,,,,,,,,,,,,,,,,,,,,,,,,,,
49,27,6,59,S18,False,8,1,9,0,11,0,0,0,0,"['B7', 'B701', 'B381', 'B202', 'B495', 'B493', 'B594', 'B353', 'B169', 'B255', 'B530']",5.5,S40,3.81,19,1,20,0.0,,-0.065413,-12.908487,-12.9739,False,False,4,S40,False,2,0.1127,pickup,,,,,,,,,,,,,,,,,,,,,,,,,,,,,,,,,,,,,,,,,,,,,,,,,,,,
49,27,7,8,S40,False,19,1,20,0,0,0,0,0,0,[],0.0,S33,1.51,19,1,20,0.0,,-0.065411,-12.897477,-12.962888,False,False,2,S33,False,0,0.0542,do_nothing,,,,,,,,,,,,,,,,,,,,,,,,,,,,,,,,,,,,,,,,,,,,,,,,,,,,
49,27,7,10,S33,False,19,1,20,0,0,0,0,0,0,[],0.0,S65,6.32,19,1,20,0.0,,0.0,-12.982238,-12.982238,False,False,6,S65,False,0,0.1626,do_nothing,,,,,,,,,,,,,,,,,,,,,,,,,,,,,,,,,,,,,,,,,,,,,,,,,,,,
49,27,7,16,S65,False,19,1,20,12,0,0,0,0,0,"['B630', 'B607', 'B554', 'B752', 'B240', 'B271', 'B106', 'B655', 'B7', 'B701', 'B381', 'B202']",6.0,S2,1.06,7,1,8,0.0,,-0.031885,-12.887983,-12.919868,False,False,6,S2,False,4,0.1611,delivery,,,,,,,,,,,,,,,,,,,,,,,,,,,,,,,,,,,,,,,,,,,,,,,,,,,,
49,27,7,23,S2,False,7,1,8,0,12,0,0,0,0,"['B374', 'B686', 'B553', 'B166', 'B476', 'B514', 'B208', 'B616', 'B98', 'B412', 'B123', 'B261']",6.0,S33,7.08,19,1,20,0.0,,0.0,-12.939511,-12.939511,False,False,4,S33,False,2,0.1084,pickup,,,,,,,,,,,,,,,,,,,,,,,,,,,,,,,,,,,,,,,,,,,,,,,,,,,,
49,27,7,36,S33,False,19,1,20,0,0,0,0,0,0,[],0.0,S46,2.0,19,1,20,0.0,,0.0,-12.303954,-12.303954,False,False,6,S62,True,0,0.161,do_nothing,,,,,,,,,,,,,,,,,,,,,,,,,,,,,,,,,,,,,,,,,,,,,,,,,,,,
49,27,7,38,S46,False,19,1,20,12,0,0,0,0,0,"['B495', 'B493', 'B594', 'B353', 'B169', 'B255', 'B530', 'B374', 'B686', 'B553', 'B166', 'B476']",6.0,S53,0.87,7,1,8,0.0,,-0.066414,-12.188109,-12.254523,False,False,6,S33,True,4,0.1669,delivery,,,,,,,,,,,,,,,,,,,,,,,,,,,,,,,,,,,,,,,,,,,,,,,,,,,,
49,27,7,45,S53,False,7,1,8,0,0,0,0,0,0,[],0.0,S33,1.64,7,1,8,0.0,,-0.12993,-12.278944,-12.408874,True,False,6,S33,True,0,0.1629,do_nothing,,,,,,,,,,,,,,,,,,,,,,,,,,,,,,,,,,,,,,,,,,,,,,,,,,,,
49,27,7,47,S33,False,7,1,8,7,0,0,0,0,0,"['B514', 'B208', 'B616', 'B98', 'B412', 'B123', 'B261']",3.5,S62,0.92,0,1,1,0.0,,-0.065826,-12.24232,-12.308146,False,False,4,D0,True,2,0.1085,delivery,,,,,,,,,,,,,,,,,,,,,,,,,,,,,,,,,,,,,,,,,,,,,,,,,,,,
49,27,7,51,S62,False,0,1,1,0,0,0,0,0,0,[],0.0,S59,3.77,0,1,1,0.0,,-0.16206,-12.315832,-12.477893,False,False,4,S59,False,0,0.1086,do_nothing,,,,,,,,,,,,,,,,,,,,,,,,,,,,,,,,,,,,,,,,,,,,,,,,,,,,
49,27,7,55,S59,False,0,1,1,0,19,0,0,0,0,"['B627', 'B303', 'B705', 'B645', 'B633', 'B222', 'B478', 'B424', 'B125', 'B241', 'B313', 'B350', 'B740', 'B472', 'B641', 'B100', 'B609', 'B764', 'B567']",9.5,S36,6.14,19,1,20,0.0,,-0.194181,-12.271788,-12.465969,False,False,4,S37,True,2,0.122,pickup,,,,,,,,,,,,,,,,,,,,,,,,,,,,,,,,,,,,,,,,,,,,,,,,,,,,
49,27,8,11,S36,False,19,1,20,11,0,1,0,0,0,"['B627', 'B303', 'B705', 'B645', 'B633', 'B222', 'B478', 'B424', 'B125', 'B241', 'B313']",8.5,S63,3.15,8,1,9,0.0,,-0.289328,-12.312146,-12.601474,True,True,12,S66,True,6,0.3227,delivery+onsite,,,,,,,,,,,,,,,,,,,,,,,,,,,,,,,,,,,,,,,,,,,,,,,,,,,,
49,27,8,22,S63,False,8,1,9,0,0,0,0,0,0,[],0.0,S16,0.31,8,1,9,0.0,,-0.096468,-12.1377,-12.234168,False,False,4,S66,True,0,0.1103,do_nothing,,,,,,,,,,,,,,,,,,,,,,,,,,,,,,,,,,,,,,,,,,,,,,,,,,,,
49,27,8,23,S16,False,8,1,9,0,8,0,0,0,0,"['B55', 'B180', 'B167', 'B569', 'B419', 'B421', 'B710', 'B195']",4.0,S66,4.13,16,1,17,0.0,,-0.257851,-12.237138,-12.494989,False,False,6,S66,False,2,0.1601,pickup,,,,,,,,,,,,,,,,,,,,,,,,,,,,,,,,,,,,,,,,,,,,,,,,,,,,
49,27,8,31,S66,False,16,1,17,12,0,0,0,0,0,"['B350', 'B740', 'B472', 'B641', 'B100', 'B609', 'B764', 'B567', 'B55', 'B180', 'B167', 'B569']",6.0,S63,4.37,4,1,5,0.0,,-0.128524,-12.444875,-12.5734,False,False,6,S63,False,4,0.1675,delivery,,,,,,,,,,,,,,,,,,,,,,,,,,,,,,,,,,,,,,,,,,,,,,,,,,,,
49,27,8,41,S63,False,4,1,5,0,0,0,0,0,0,[],0.0,S43,0.64,4,1,5,0.0,,-0.065086,-12.542272,-12.607357,False,False,4,S3,True,0,0.1082,do_nothing,,,,,,,,,,,,,,,,,,,,,,,,,,,,,,,,,,,,,,,,,,,,,,,,,,,,
49,27,8,42,S43,False,4,1,5,0,0,0,0,0,0,[],0.0,D0,2.15,4,1,5,0.0,,-0.194088,-12.494987,-12.689076,False,False,4,S3,True,1,0.1081,do_nothing,,,,,,,,,,,,,,,,,,,,,,,,,,,,,,,,,,,,,,,,,,,,,,,,,,,,
49,27,8,44,D0,True,4,1,5,0,0,0,0,1,3,"['B81', 'B652', 'B242', 'B340']",2.0,S43,2.15,7,0,7,0.0,,-0.09754,-12.529265,-12.626805,True,True,1,S43,False,0,0.0281,load_queue,,,,,,,,,,,,,,,,,,,,,,,,,,,,,,,,,,,,,,,,,,,,,,,,,,,,
49,27,9,3,S43,False,7,0,7,0,3,0,0,0,0,"['B337', 'B745', 'B699']",1.5,S42,8.57,10,0,10,0.0,,-0.19418,-12.516466,-12.710646,False,False,8,S42,False,4,0.2412,pickup,,,,,,,,,,,,,,,,,,,,,,,,,,,,,,,,,,,,,,,,,,,,,,,,,,,,
49,27,9,13,S42,False,10,0,10,10,0,0,1,0,0,"['B684', 'B419', 'B421', 'B710', 'B195', 'B81', 'B652', 'B242', 'B337', 'B745', 'B699']",5.5,D0,4.3,0,1,1,0.0,,-0.032955,-12.603494,-12.636449,True,True,8,S0,True,7,0.2128,delivery+depot_removal,,,,,,,,,,,,,,,,,,,,,,,,,,,,,,,,,,,,,,,,,,,,,,,,,,,,
49,27,9,23,D0,True,0,1,1,0,0,0,0,1,0,['B684'],0.5,S6,5.64,0,0,0,0.0,,-0.096636,-12.655917,-12.752553,True,True,1,S6,False,0,0.0246,depot_passthrough,,,,,,,,,,,,,,,,,,,,,,,,,,,,,,,,,,,,,,,,,,,,,,,,,,,,
49,27,9,44,S6,False,0,0,0,0,0,0,0,0,0,[],0.0,D0,5.64,0,0,0,0.0,,-0.130251,-12.261605,-12.391856,False,False,4,S59,True,1,0.1107,do_nothing,,,,,,,,,,,,,,,,,,,,,,,,,,,,,,,,,,,,,,,,,,,,,,,,,,,,
49,27,9,50,D0,True,0,0,0,0,0,0,0,0,0,[],0.0,S53,1.77,0,0,0,0.0,,-0.391969,-12.266832,-12.658801,True,True,1,S53,False,0,0.0337,depot_passthrough,,,,,,,,,,,,,,,,,,,,,,,,,,,,,,,,,,,,,,,,,,,,,,,,,,,,
49,27,10,6,S53,False,0,0,0,0,14,0,1,0,0,"['B212', 'B201', 'B669', 'B256', 'B104', 'B139', 'B762', 'B254', 'B248', 'B324', 'B383', 'B296', 'B314', 'B391', 'B217']",7.5,S36,2.92,14,1,15,0.0,,-0.35787,-12.239092,-12.596962,True,True,12,D0,True,6,0.321,pickup+depot_removal,,,,,,,,,,,,,,,,,,,,,,,,,,,,,,,,,,,,,,,,,,,,,,,,,,,,
49,27,10,17,S36,False,14,1,15,0,5,0,0,0,0,"['B480', 'B341', 'B503', 'B627', 'B303']",2.5,S56,4.09,19,1,20,0.0,,-0.195085,-12.356736,-12.551822,False,False,4,S56,False,2,0.1136,pickup,,,,,,,,,,,,,,,,,,,,,,,,,,,,,,,,,,,,,,,,,,,,,,,,,,,,
49,27,10,23,S56,False,19,1,20,7,0,0,1,0,0,"['B546', 'B212', 'B201', 'B669', 'B256', 'B104', 'B139', 'B762']",4.0,S10,2.55,12,2,14,0.0,,-0.065164,-12.332298,-12.397461,True,True,10,S10,False,8,0.2721,delivery+depot_removal,,,,,,,,,,,,,,,,,,,,,,,,,,,,,,,,,,,,,,,,,,,,,,,,,,,,
49,27,10,30,S10,False,12,2,14,0,6,0,0,0,0,"['B390', 'B542', 'B477', 'B158', 'B550', 'B619']",3.0,S26,4.67,18,2,20,0.0,,-0.324338,-12.513228,-12.837566,False,False,4,S26,False,2,0.1092,pickup,,,,,,,,,,,,,,,,,,,,,,,,,,,,,,,,,,,,,,,,,,,,,,,,,,,,
49,27,10,38,S26,False,18,2,20,12,0,0,0,0,0,"['B254', 'B248', 'B324', 'B383', 'B296', 'B314', 'B391', 'B480', 'B341', 'B503', 'B627', 'B303']",6.0,S34,3.11,6,2,8,0.0,,-0.161723,-12.496886,-12.658608,False,False,6,S13,True,4,0.1602,delivery,,,,,,,,,,,,,,,,,,,,,,,,,,,,,,,,,,,,,,,,,,,,,,,,,,,,
49,27,10,47,S34,False,6,2,8,0,0,0,0,0,0,[],0.0,S13,12.01,6,2,8,0.0,,-0.455836,-12.603973,-13.059809,False,False,4,S13,True,0,0.1091,do_nothing,,,,,,,,,,,,,,,,,,,,,,,,,,,,,,,,,,,,,,,,,,,,,,,,,,,,
49,27,10,59,S13,False,6,2,8,6,0,0,0,0,0,"['B390', 'B542', 'B477', 'B158', 'B550', 'B619']",3.0,S5,1.55,0,2,2,0.0,,-0.452444,-12.538823,-12.991267,False,False,4,S5,False,2,0.1135,delivery,,,,,,,,,,,,,,,,,,,,,,,,,,,,,,,,,,,,,,,,,,,,,,,,,,,,
49,27,11,3,S5,False,0,2,2,0,0,0,1,0,0,['B538'],0.5,S23,4.49,0,3,3,0.0,,-0.357047,-12.555245,-12.912292,True,True,8,S23,True,2,0.2164,do_nothing+depot_removal,,,,,,,,,,,,,,,,,,,,,,,,,,,,,,,,,,,,,,,,,,,,,,,,,,,,
49,27,11,8,S23,False,0,3,3,0,9,0,0,0,0,"['B676', 'B309', 'B632', 'B172', 'B153', 'B620', 'B131', 'B36', 'B44']",4.5,S49,4.79,9,3,12,0.0,,-0.878555,-12.621998,-13.500553,False,False,6,S49,False,4,0.174,pickup,,,,,,,,,,,,,,,,,,,,,,,,,,,,,,,,,,,,,,,,,,,,,,,,,,,,
49,27,11,18,S49,False,9,3,12,9,0,0,1,0,0,"['B469', 'B676', 'B309', 'B632', 'B172', 'B153', 'B620', 'B131', 'B36', 'B44']",5.0,S39,0.84,0,4,4,0.0,,-0.49376,-12.375131,-12.868891,True,True,8,S39,False,6,0.2293,delivery+depot_removal,,,,,,,,,,,,,,,,,,,,,,,,,,,,,,,,,,,,,,,,,,,,,,,,,,,,
49,27,11,23,S39,False,0,4,4,0,13,1,0,0,0,"['B454', 'B89', 'B588', 'B35', 'B747', 'B661', 'B537', 'B116', 'B606', 'B223', 'B584', 'B650', 'B214']",9.5,S48,7.99,13,4,17,0.0,,-0.291474,-12.537788,-12.829263,True,True,8,S51,True,6,0.2145,pickup+onsite,,,,,,,,,,,,,,,,,,,,,,,,,,,,,,,,,,,,,,,,,,,,,,,,,,,,
49,27,11,41,S48,False,13,4,17,11,0,0,0,0,0,"['B454', 'B89', 'B588', 'B35', 'B747', 'B661', 'B537', 'B116', 'B606', 'B223', 'B584']",5.5,S51,0.84,2,4,6,0.0,,-0.228208,-12.490076,-12.718284,False,False,6,S51,False,2,0.165,delivery,,,,,,,,,,,,,,,,,,,,,,,,,,,,,,,,,,,,,,,,,,,,,,,,,,,,
49,27,11,47,S51,False,2,4,6,0,8,0,0,0,0,"['B346', 'B380', 'B452', 'B434', 'B186', 'B239', 'B529', 'B294']",4.0,S32,4.37,10,4,14,0.0,,-0.194998,-12.469939,-12.664937,False,False,6,S32,False,2,0.1633,pickup,,,,,,,,,,,,,,,,,,,,,,,,,,,,,,,,,,,,,,,,,,,,,,,,,,,,
49,27,11,56,S32,False,10,4,14,10,0,0,0,0,0,"['B650', 'B214', 'B346', 'B380', 'B452', 'B434', 'B186', 'B239', 'B529', 'B294']",5.0,S55,1.17,0,4,4,0.0,,-0.131237,-12.536737,-12.667974,False,False,4,S55,False,2,0.1086,delivery,,,,,,,,,,,,,,,,,,,,,,,,,,,,,,,,,,,,,,,,,,,,,,,,,,,,
49,27,12,2,S55,False,0,4,4,0,11,0,0,0,0,"['B448', 'B522', 'B707', 'B326', 'B322', 'B52', 'B325', 'B103', 'B335', 'B308', 'B729']",5.5,S1,3.22,11,4,15,0.0,,-0.16246,-12.480175,-12.642636,False,False,6,S1,False,4,0.1692,pickup,,,,,,,,,,,,,,,,,,,,,,,,,,,,,,,,,,,,,,,,,,,,,,,,,,,,
49,27,12,10,S1,False,11,4,15,0,5,1,0,0,0,"['B189', 'B177', 'B420', 'B436', 'B292']",5.5,S39,11.64,16,4,20,0.0,,-0.450983,-12.413723,-12.864706,True,True,8,S39,False,6,0.2126,pickup+onsite,,,,,,,,,,,,,,,,,,,,,,,,,,,,,,,,,,,,,,,,,,,,,,,,,,,,
49,27,12,28,S39,False,16,4,20,16,0,0,0,0,0,"['B448', 'B522', 'B707', 'B326', 'B322', 'B52', 'B325', 'B103', 'B335', 'B308', 'B729', 'B189', 'B177', 'B420', 'B436', 'B292']",8.0,S62,5.74,0,4,4,0.0,,-0.359445,-12.524263,-12.883708,False,False,4,S62,False,2,0.1078,delivery,,,,,,,,,,,,,,,,,,,,,,,,,,,,,,,,,,,,,,,,,,,,,,,,,,,,
49,27,12,41,S62,False,0,4,4,0,12,0,0,0,0,"['B251', 'B473', 'B570', 'B572', 'B579', 'B91', 'B63', 'B76', 'B544', 'B284', 'B437', 'B209']",6.0,S7,9.51,12,4,16,0.0,,-0.522822,-12.818429,-13.341251,False,False,6,S7,True,2,0.1662,pickup,,,,,,,,,,,,,,,,,,,,,,,,,,,,,,,,,,,,,,,,,,,,,,,,,,,,
49,27,12,57,S7,False,12,4,16,0,0,0,0,0,0,[],0.0,S14,13.48,12,4,16,0.0,,-0.681562,-12.792681,-13.474243,False,False,4,S5,True,0,0.1151,do_nothing,,,,,,,,,,,,,,,,,,,,,,,,,,,,,,,,,,,,,,,,,,,,,,,,,,,,
49,27,13,10,S14,False,12,4,16,5,0,1,0,0,0,"['B251', 'B473', 'B570', 'B572', 'B579']",5.5,S57,3.87,7,4,11,0.0,,-0.618132,-12.695331,-13.313464,True,True,12,S57,False,6,0.3219,delivery+onsite,,,,,,,,,,,,,,,,,,,,,,,,,,,,,,,,,,,,,,,,,,,,,,,,,,,,
49,27,13,20,S57,False,7,4,11,7,0,0,0,0,0,"['B91', 'B63', 'B76', 'B544', 'B284', 'B437', 'B209']",3.5,S12,9.18,0,4,4,0.0,,-0.583928,-12.513806,-13.097734,False,False,4,S12,False,2,0.1091,delivery,,,,,,,,,,,,,,,,,,,,,,,,,,,,,,,,,,,,,,,,,,,,,,,,,,,,
49,27,13,32,S12,False,0,4,4,0,15,0,0,0,0,"['B516', 'B156', 'B545', 'B754', 'B406', 'B666', 'B174', 'B276', 'B509', 'B375', 'B497', 'B213', 'B511', 'B225', 'B352']",7.5,S33,6.96,15,4,19,0.0,,-0.194099,-12.417946,-12.612045,False,False,6,S33,False,2,0.1687,pickup,,,,,,,,,,,,,,,,,,,,,,,,,,,,,,,,,,,,,,,,,,,,,,,,,,,,
49,27,13,47,S33,False,15,4,19,0,0,0,0,0,0,[],0.0,S44,1.28,15,4,19,0.0,,-0.489114,-12.320123,-12.809237,False,False,6,S41,True,0,0.1946,do_nothing,,,,,,,,,,,,,,,,,,,,,,,,,,,,,,,,,,,,,,,,,,,,,,,,,,,,
49,27,13,48,S44,False,15,4,19,8,0,0,0,0,0,"['B516', 'B156', 'B545', 'B754', 'B406', 'B666', 'B174', 'B276']",4.0,S33,1.28,7,4,11,0.0,,-0.456089,-12.211539,-12.667627,False,False,6,S33,False,2,0.1638,delivery,,,,,,,,,,,,,,,,,,,,,,,,,,,,,,,,,,,,,,,,,,,,,,,,,,,,
49,27,13,53,S33,False,7,4,11,0,0,0,0,0,0,[],0.0,S41,4.4,7,4,11,0.0,,-0.490117,-12.217936,-12.708053,False,False,4,S41,True,0,0.1262,do_nothing,,,,,,,,,,,,,,,,,,,,,,,,,,,,,,,,,,,,,,,,,,,,,,,,,,,,
49,27,13,58,S41,False,7,4,11,0,9,0,0,0,0,"['B594', 'B449', 'B27', 'B277', 'B474', 'B760', 'B266', 'B589', 'B51']",4.5,S47,1.45,16,4,20,0.0,,-0.260506,-12.309819,-12.570325,True,False,8,S47,False,6,0.2319,pickup,,,,,,,,,,,,,,,,,,,,,,,,,,,,,,,,,,,,,,,,,,,,,,,,,,,,
49,27,14,4,S47,False,16,4,20,0,0,0,0,0,0,[],0.0,S33,5.84,16,4,20,0.0,,-0.293035,-12.276323,-12.569358,False,False,6,S33,True,0,0.176,do_nothing,,,,,,,,,,,,,,,,,,,,,,,,,,,,,,,,,,,,,,,,,,,,,,,,,,,,
49,27,14,10,S33,False,16,4,20,16,0,0,0,0,0,"['B509', 'B375', 'B497', 'B213', 'B511', 'B225', 'B352', 'B594', 'B449', 'B27', 'B277', 'B474', 'B760', 'B266', 'B589', 'B51']",8.0,S37,1.91,0,4,4,0.0,,-0.48565,-12.30525,-12.7909,False,False,4,S37,False,2,0.1141,delivery,,,,,,,,,,,,,,,,,,,,,,,,,,,,,,,,,,,,,,,,,,,,,,,,,,,,
49,27,14,20,S37,False,0,4,4,0,13,1,0,0,0,"['B2', 'B759', 'B93', 'B505', 'B87', 'B651', 'B207', 'B184', 'B439', 'B114', 'B464', 'B379', 'B274']",9.5,S47,4.97,13,4,17,0.0,,-0.26041,-12.170306,-12.430716,True,True,12,S47,False,10,0.3155,pickup+onsite,,,,,,,,,,,,,,,,,,,,,,,,,,,,,,,,,,,,,,,,,,,,,,,,,,,,
49,27,14,34,S47,False,13,4,17,13,0,0,0,0,0,"['B2', 'B759', 'B93', 'B505', 'B87', 'B651', 'B207', 'B184', 'B439', 'B114', 'B464', 'B379', 'B274']",6.5,S63,6.65,0,4,4,0.0,,-0.325408,-12.001225,-12.326633,False,False,4,S63,False,2,0.1055,delivery,,,,,,,,,,,,,,,,,,,,,,,,,,,,,,,,,,,,,,,,,,,,,,,,,,,,
49,27,14,47,S63,False,0,4,4,0,14,0,0,0,0,"['B229', 'B98', 'B151', 'B713', 'B68', 'B255', 'B412', 'B158', 'B550', 'B525', 'B41', 'B414', 'B259', 'B5']",7.0,S15,5.25,14,4,18,0.0,,-0.032292,-12.100228,-12.132521,False,False,6,S15,False,4,0.1611,pickup,,,,,,,,,,,,,,,,,,,,,,,,,,,,,,,,,,,,,,,,,,,,,,,,,,,,
49,27,14,59,S15,False,14,4,18,14,0,0,0,0,0,"['B229', 'B98', 'B151', 'B713', 'B68', 'B255', 'B412', 'B158', 'B550', 'B525', 'B41', 'B414', 'B259', 'B5']",7.0,S48,9.05,0,4,4,0.0,,-0.09639,-11.898246,-11.994637,False,False,4,S48,False,2,0.1083,delivery,,,,,,,,,,,,,,,,,,,,,,,,,,,,,,,,,,,,,,,,,,,,,,,,,,,,
49,27,15,15,S48,False,0,4,4,0,9,0,0,0,0,"['B537', 'B116', 'B606', 'B223', 'B584', 'B634', 'B315', 'B182', 'B290']",4.5,S32,4.4,9,4,13,0.0,,-0.259505,-11.916044,-12.175549,False,False,6,S32,True,4,0.1638,pickup,,,,,,,,,,,,,,,,,,,,,,,,,,,,,,,,,,,,,,,,,,,,,,,,,,,,
49,27,15,24,S32,False,9,4,13,0,7,0,0,0,0,"['B294', 'B656', 'B601', 'B63', 'B257', 'B372', 'B717']",3.5,S57,3.4,16,4,20,0.0,,-0.164694,-11.96038,-12.125075,False,False,4,S57,False,2,0.1086,pickup,,,,,,,,,,,,,,,,,,,,,,,,,,,,,,,,,,,,,,,,,,,,,,,,,,,,
49,27,15,31,S57,False,16,4,20,16,0,0,0,0,0,"['B537', 'B116', 'B606', 'B223', 'B584', 'B634', 'B315', 'B182', 'B290', 'B294', 'B656', 'B601', 'B63', 'B257', 'B372', 'B717']",8.0,S54,2.65,0,4,4,0.0,,-0.322536,-12.018425,-12.340961,False,False,6,S56,True,2,0.1626,delivery,,,,,,,,,,,,,,,,,,,,,,,,,,,,,,,,,,,,,,,,,,,,,,,,,,,,
49,27,15,42,S54,False,0,4,4,0,10,0,0,0,0,"['B403', 'B764', 'B688', 'B588', 'B586', 'B258', 'B548', 'B173', 'B38', 'B376']",5.0,S56,1.7,10,4,14,0.0,,-0.357977,-12.202803,-12.560779,False,False,6,S56,False,4,0.1616,pickup,,,,,,,,,,,,,,,,,,,,,,,,,,,,,,,,,,,,,,,,,,,,,,,,,,,,
49,27,15,49,S56,False,10,4,14,6,0,0,0,0,0,"['B403', 'B764', 'B688', 'B588', 'B586', 'B258']",3.0,S59,7.49,4,4,8,0.0,,-0.392722,-12.103261,-12.495983,False,False,6,S59,False,4,0.164,delivery,,,,,,,,,,,,,,,,,,,,,,,,,,,,,,,,,,,,,,,,,,,,,,,,,,,,
49,27,15,59,S59,False,4,4,8,4,0,0,0,0,0,"['B548', 'B173', 'B38', 'B376']",2.0,S47,3.97,0,4,4,0.0,,-0.42443,-12.226099,-12.650529,False,False,4,S47,False,2,0.1114,delivery,,,,,,,,,,,,,,,,,,,,,,,,,,,,,,,,,,,,,,,,,,,,,,,,,,,,
49,27,16,5,S47,False,0,4,4,0,8,0,0,0,0,"['B2', 'B759', 'B93', 'B505', 'B87', 'B651', 'B207', 'B184']",4.0,S66,2.81,8,4,12,0.0,,-0.195162,-12.161452,-12.356614,False,False,6,S66,True,2,0.16,pickup,,,,,,,,,,,,,,,,,,,,,,,,,,,,,,,,,,,,,,,,,,,,,,,,,,,,
49,27,16,12,S66,False,8,4,12,8,0,0,0,0,0,"['B2', 'B759', 'B93', 'B505', 'B87', 'B651', 'B207', 'B184']",4.0,S61,1.13,0,4,4,0.0,,-0.2254,-12.085997,-12.311397,False,False,4,S61,False,2,0.1083,delivery,,,,,,,,,,,,,,,,,,,,,,,,,,,,,,,,,,,,,,,,,,,,,,,,,,,,
49,27,16,17,S61,False,0,4,4,0,8,0,0,0,0,"['B587', 'B639', 'B499', 'B568', 'B370', 'B149', 'B224', 'B564']",4.0,S35,7.62,8,4,12,0.0,,-0.098043,-12.153335,-12.251378,False,False,6,S42,True,2,0.1711,pickup,,,,,,,,,,,,,,,,,,,,,,,,,,,,,,,,,,,,,,,,,,,,,,,,,,,,
49,27,16,29,S35,False,8,4,12,8,0,0,1,0,0,"['B458', 'B587', 'B639', 'B499', 'B568', 'B370', 'B149', 'B224', 'B564']",4.5,S42,1.31,0,5,5,0.0,,-0.194675,-12.197584,-12.392259,True,True,8,S42,False,6,0.2156,delivery+depot_removal,,,,,,,,,,,,,,,,,,,,,,,,,,,,,,,,,,,,,,,,,,,,,,,,,,,,
49,27,16,34,S42,False,0,5,5,0,13,0,0,0,0,"['B132', 'B563', 'B509', 'B366', 'B530', 'B725', 'B243', 'B399', 'B501', 'B160', 'B761', 'B453', 'B135']",6.5,S12,10.97,13,5,18,0.0,,-0.194838,-12.045758,-12.240596,False,False,6,S12,False,4,0.1713,pickup,,,,,,,,,,,,,,,,,,,,,,,,,,,,,,,,,,,,,,,,,,,,,,,,,,,,
49,27,16,52,S12,False,13,5,18,9,0,0,1,0,0,"['B91', 'B132', 'B563', 'B509', 'B366', 'B530', 'B725', 'B243', 'B399', 'B501']",5.0,S18,7.88,4,6,10,0.0,,-0.130655,-12.186291,-12.316947,True,True,12,S18,False,6,0.3238,delivery+depot_removal,,,,,,,,,,,,,,,,,,,,,,,,,,,,,,,,,,,,,,,,,,,,,,,,,,,,
49,27,17,5,S18,False,4,6,10,4,0,0,0,0,0,"['B160', 'B761', 'B453', 'B135']",2.0,S37,1.43,0,6,6,0.0,,-0.127784,-11.968733,-12.096517,False,False,4,S37,False,2,0.1148,delivery,,,,,,,,,,,,,,,,,,,,,,,,,,,,,,,,,,,,,,,,,,,,,,,,,,,,
49,27,17,8,S37,False,0,6,6,0,11,0,1,0,0,"['B85', 'B246', 'B23', 'B620', 'B663', 'B131', 'B36', 'B45', 'B44', 'B120', 'B698', 'B609']",6.0,S59,1.48,11,7,18,0.0,,-0.097866,-11.962913,-12.060779,True,True,10,S31,True,8,0.2629,pickup+depot_removal,,,,,,,,,,,,,,,,,,,,,,,,,,,,,,,,,,,,,,,,,,,,,,,,,,,,
49,27,17,16,S59,False,11,7,18,11,0,0,0,0,0,"['B85', 'B246', 'B23', 'B620', 'B663', 'B131', 'B36', 'B45', 'B44', 'B120', 'B698']",5.5,S57,8.98,0,7,7,0.0,,-0.324589,-12.055391,-12.37998,False,False,4,S57,False,2,0.1054,delivery,,,,,,,,,,,,,,,,,,,,,,,,,,,,,,,,,,,,,,,,,,,,,,,,,,,,
49,27,17,30,S57,False,0,7,7,0,13,0,0,0,0,"['B116', 'B606', 'B223', 'B584', 'B634', 'B315', 'B182', 'B290', 'B294', 'B656', 'B601', 'B63', 'B257']",6.5,S42,1.83,13,7,20,0.0,,-0.195827,-12.325903,-12.521729,False,False,4,S42,False,2,0.1058,pickup,,,,,,,,,,,,,,,,,,,,,,,,,,,,,,,,,,,,,,,,,,,,,,,,,,,,
49,27,17,38,S42,False,13,7,20,0,0,0,0,0,0,[],0.0,S51,9.5,13,7,20,0.0,,-0.098289,-12.466071,-12.564361,False,False,6,S51,False,0,0.1742,do_nothing,,,,,,,,,,,,,,,,,,,,,,,,,,,,,,,,,,,,,,,,,,,,,,,,,,,,
49,27,17,48,S51,False,13,7,20,11,0,0,0,0,0,"['B116', 'B606', 'B223', 'B584', 'B634', 'B315', 'B182', 'B290', 'B294', 'B656', 'B601']",5.5,S19,1.21,2,7,9,0.0,,-0.292728,-12.368333,-12.661061,False,False,6,S19,False,2,0.164,delivery,,,,,,,,,,,,,,,,,,,,,,,,,,,,,,,,,,,,,,,,,,,,,,,,,,,,
49,27,17,55,S19,False,2,7,9,0,8,0,0,0,0,"['B654', 'B185', 'B32', 'B493', 'B495', 'B765', 'B539', 'B351']",4.0,S38,6.67,10,7,17,0.0,,-0.292543,-12.597099,-12.889641,False,False,6,S38,False,2,0.1638,pickup,,,,,,,,,,,,,,,,,,,,,,,,,,,,,,,,,,,,,,,,,,,,,,,,,,,,
49,27,18,5,S38,False,10,7,17,0,0,0,0,0,0,[],0.0,S64,1.95,10,7,17,0.0,,-0.097128,-12.394553,-12.491681,False,False,6,S31,True,0,0.1603,do_nothing,,,,,,,,,,,,,,,,,,,,,,,,,,,,,,,,,,,,,,,,,,,,,,,,,,,,
49,27,18,7,S64,False,10,7,17,0,0,0,0,0,0,[],0.0,S42,10.2,10,7,17,0.0,,0.0,-12.170531,-12.170531,False,False,4,S42,False,0,0.107,do_nothing,,,,,,,,,,,,,,,,,,,,,,,,,,,,,,,,,,,,,,,,,,,,,,,,,,,,
49,27,18,18,S42,False,10,7,17,0,0,0,0,0,0,[],0.0,S54,4.21,10,7,17,0.0,,-0.196588,-12.382133,-12.578722,False,False,4,S29,True,0,0.1052,do_nothing,,,,,,,,,,,,,,,,,,,,,,,,,,,,,,,,,,,,,,,,,,,,,,,,,,,,
49,27,18,22,S54,False,10,7,17,0,0,0,0,0,0,[],0.0,S42,4.21,10,7,17,0.0,,-0.033291,-12.425094,-12.458385,False,False,4,S42,False,0,0.1032,do_nothing,,,,,,,,,,,,,,,,,,,,,,,,,,,,,,,,,,,,,,,,,,,,,,,,,,,,
49,27,18,26,S42,False,10,7,17,10,0,0,0,0,0,"['B63', 'B257', 'B654', 'B185', 'B32', 'B493', 'B495', 'B765', 'B539', 'B351']",5.0,S29,3.12,0,7,7,0.0,,-0.096877,-12.479274,-12.57615,False,False,4,S29,False,2,0.1032,delivery,,,,,,,,,,,,,,,,,,,,,,,,,,,,,,,,,,,,,,,,,,,,,,,,,,,,
49,27,18,34,S29,False,0,7,7,0,0,0,0,0,0,[],0.0,S50,1.29,0,7,7,0.0,,0.0,-12.491302,-12.491302,False,False,4,S54,True,0,0.1086,do_nothing,,,,,,,,,,,,,,,,,,,,,,,,,,,,,,,,,,,,,,,,,,,,,,,,,,,,
49,27,18,35,S50,False,0,7,7,0,13,0,0,0,0,"['B138', 'B672', 'B680', 'B642', 'B677', 'B389', 'B631', 'B293', 'B126', 'B619', 'B747', 'B661', 'B633']",6.5,S54,2.71,13,7,20,0.0,,-0.128928,-12.438291,-12.567219,False,False,4,S29,True,2,0.1098,pickup,,,,,,,,,,,,,,,,,,,,,,,,,,,,,,,,,,,,,,,,,,,,,,,,,,,,
49,27,18,45,S54,False,13,7,20,0,0,0,0,0,0,[],0.0,S16,4.04,13,7,20,0.0,,-0.032457,-12.413005,-12.445462,False,False,6,S16,False,0,0.1674,do_nothing,,,,,,,,,,,,,,,,,,,,,,,,,,,,,,,,,,,,,,,,,,,,,,,,,,,,
49,27,18,49,S16,False,13,7,20,8,0,0,0,0,0,"['B138', 'B672', 'B680', 'B642', 'B677', 'B389', 'B631', 'B293']",4.0,S53,1.73,5,7,12,0.0,,0.0,-12.282682,-12.282682,False,False,6,S53,False,2,0.1858,delivery,,,,,,,,,,,,,,,,,,,,,,,,,,,,,,,,,,,,,,,,,,,,,,,,,,,,
49,27,18,54,S53,False,5,7,12,0,8,0,0,0,0,"['B239', 'B61', 'B613', 'B681', 'B406', 'B595', 'B279', 'B521']",4.0,S54,2.46,13,7,20,0.0,,-0.032539,-12.299505,-12.332044,False,False,4,S54,False,2,0.1262,pickup,,,,,,,,,,,,,,,,,,,,,,,,,,,,,,,,,,,,,,,,,,,,,,,,,,,,
49,27,19,1,S54,False,13,7,20,13,0,0,0,0,0,"['B126', 'B619', 'B747', 'B661', 'B633', 'B239', 'B61', 'B613', 'B681', 'B406', 'B595', 'B279', 'B521']",6.5,S58,5.62,0,7,7,0.0,,-0.032539,-12.293132,-12.325671,False,False,6,S44,True,4,0.1694,delivery,,,,,,,,,,,,,,,,,,,,,,,,,,,,,,,,,,,,,,,,,,,,,,,,,,,,
49,27,19,13,S58,False,0,7,7,0,0,0,1,0,0,['B629'],0.5,S63,2.12,0,8,8,0.0,,0.0,-12.262173,-12.262173,True,True,6,S44,True,2,0.1637,do_nothing+depot_removal,,,,,,,,,,,,,,,,,,,,,,,,,,,,,,,,,,,,,,,,,,,,,,,,,,,,
49,27,19,16,S63,False,0,8,8,0,8,0,0,0,0,"['B751', 'B431', 'B686', 'B193', 'B268', 'B608', 'B339', 'B27']",4.0,S44,0.47,8,8,16,0.0,,-0.164617,-12.343211,-12.507828,False,False,6,S58,True,2,0.1689,pickup,,,,,,,,,,,,,,,,,,,,,,,,,,,,,,,,,,,,,,,,,,,,,,,,,,,,
49,27,19,20,S44,False,8,8,16,8,0,0,0,0,0,"['B751', 'B431', 'B686', 'B193', 'B268', 'B608', 'B339', 'B27']",4.0,S58,1.79,0,8,8,0.0,,-0.099116,-12.1931,-12.292216,False,False,4,S58,False,2,0.103,delivery,,,,,,,,,,,,,,,,,,,,,,,,,,,,,,,,,,,,,,,,,,,,,,,,,,,,
49,27,19,26,S58,False,0,8,8,0,12,0,0,0,0,"['B249', 'B80', 'B311', 'B220', 'B504', 'B671', 'B148', 'B92', 'B655', 'B532', 'B244', 'B78']",6.0,S37,0.71,12,8,20,0.0,,-0.033291,-12.184541,-12.217832,False,False,4,S37,False,2,0.103,pickup,,,,,,,,,,,,,,,,,,,,,,,,,,,,,,,,,,,,,,,,,,,,,,,,,,,,
49,27,19,32,S37,False,12,8,20,12,0,0,0,0,0,"['B249', 'B80', 'B311', 'B220', 'B504', 'B671', 'B148', 'B92', 'B655', 'B532', 'B244', 'B78']",6.0,S58,0.71,0,8,8,0.0,,0.0,-12.626788,-12.626788,False,False,4,S58,False,2,0.105,delivery,,,,,,,,,,,,,,,,,,,,,,,,,,,,,,,,,,,,,,,,,,,,,,,,,,,,
49,27,19,39,S58,False,0,8,8,0,0,0,0,0,0,[],0.0,D0,2.14,0,8,8,0.0,,-0.066414,-12.832256,-12.89867,False,False,4,S46,True,1,0.1043,do_nothing,,,,,,,,,,,,,,,,,,,,,,,,,,,,,,,,,,,,,,,,,,,,,,,,,,,,
49,27,19,41,D0,True,0,8,8,0,0,0,0,8,0,"['B217', 'B546', 'B538', 'B469', 'B458', 'B91', 'B609', 'B629']",4.0,S10,2.04,0,0,0,0.0,,-0.032374,-12.795699,-12.828073,True,True,1,S10,False,0,0.0262,depot_passthrough,,,,,,,,,,,,,,,,,,,,,,,,,,,,,,,,,,,,,,,,,,,,,,,,,,,,
