seed,day,hour,minute,current_station_id,is_at_depot,functional_load_before,depot_load_before,total_load_before,functional_deliveries,functional_pickups,onsite_repairs,depot_pickups,depot_deliveries,load_from_queue,bikes_involved,action_duration_min,next_station_id,travel_time_min,functional_load_after,depot_load_after,total_load_after,immediate_reward,vfa_value,accumulated_rollout_reward,tail_value,final_decision_score,maintenance_flag_present,selected_action_is_maintenance,n_total_candidates,vfa_top1_next_station,rollout_changed_decision,winning_candidate_rank,decision_runtime_s,winning_profile_type,phi_rebalancing_imbalance,phi_squared_starvation_penalty,phi_squared_congestion_penalty,phi_starvation_severity_max,phi_congestion_severity_max,phi_starvation_count,phi_congestion_count,phi_gross_starvation_risk,phi_gross_congestion_risk,phi_net_starvation_shortfall,phi_net_congestion_shortfall,phi_trailer_cannibalization,phi_global_onsite_backlog,phi_global_depot_backlog,phi_demand_weighted_depot_backlog,phi_demand_weighted_onsite_backlog,phi_fleet_broken_fraction,phi_depot_idle_fraction,phi_recoverable_starvation,phi_maintenance_urgency,phi_rush_hour_onsite_backlog,phi_fleet_failure_risk,phi_fleet_health_deficit,phi_fleet_low_health_fraction,phi_depot_bound_health_deficit,phi_onsite_health_deficit,phi_maintenance_restoration_value,phi_onsite_shortage_pressure,phi_depot_shortage_pressure,phi_current_station_onsite_shortage_pressure,phi_current_station_depot_shortage_pressure,phi_broken_cargo_distance_pressure,phi_late_broken_cargo_pressure,phi_repaired_idle_away_pressure,phi_depot_pipeline_pressure,phi_depot_queue_pickup_opportunity,phi_degradation_demand_exposure,phi_destination_starv_ratio,phi_destination_cong_ratio,phi_destination_onsite_fraction,phi_destination_depot_fraction,phi_destination_travel_penalty,phi_destination_roi_starvation,phi_cur_station_onsite_fraction,phi_cur_station_func_deficit,phi_functional_load_late_pressure,phi_depot_load_late_pressure,phi_non_depot_late_load_pressure,phi_late_depot_return,phi_depot_slack_fraction,phi_can_return_to_depot,phi_depot_return_urgency
42,7,6,6,D0,True,20,0,20,0,0,0,0,0,0,[],0.0,S51,3.91,20,0,20,0.0,,-2.899513,-13.770134,-16.669648,True,True,5,S22,True,3,0.6913,depot_passthrough,,,,,,,,,,,,,,,,,,,,,,,,,,,,,,,,,,,,,,,,,,,,,,,,,,,,
42,7,6,25,S51,False,20,0,20,17,0,0,0,0,0,"['B287', 'B99', 'B656', 'B320', 'B651', 'B446', 'B498', 'B250', 'B225', 'B725', 'B82', 'B525', 'B513', 'B388', 'B495', 'B166', 'B307']",8.5,S52,4.66,3,0,3,0.0,,-2.377566,-13.837656,-16.215222,False,False,18,S66,True,10,2.8391,delivery,,,,,,,,,,,,,,,,,,,,,,,,,,,,,,,,,,,,,,,,,,,,,,,,,,,,
42,7,6,38,S52,False,3,0,3,0,13,1,1,0,0,"['B426', 'B375', 'B487', 'B86', 'B561', 'B300', 'B68', 'B390', 'B289', 'B104', 'B37', 'B79', 'B709', 'B347']",10.0,S27,3.68,16,1,17,0.0,,-2.226043,-13.738332,-15.964375,True,True,72,S33,True,43,7.7131,pickup+maintenance,,,,,,,,,,,,,,,,,,,,,,,,,,,,,,,,,,,,,,,,,,,,,,,,,,,,
42,7,6,52,S27,False,16,1,17,16,0,0,1,0,0,"['B32', 'B362', 'B368', 'B489', 'B426', 'B375', 'B487', 'B86', 'B561', 'B300', 'B68', 'B390', 'B289', 'B104', 'B37', 'B79', 'B709']",8.5,S33,3.37,0,2,2,0.0,,-1.752705,-13.749719,-15.502424,True,True,24,S33,False,20,3.1218,delivery+depot_removal,,,,,,,,,,,,,,,,,,,,,,,,,,,,,,,,,,,,,,,,,,,,,,,,,,,,
42,7,7,4,S33,False,0,2,2,0,14,0,0,0,0,"['B323', 'B672', 'B366', 'B253', 'B708', 'B502', 'B303', 'B173', 'B337', 'B212', 'B28', 'B577', 'B575', 'B357']",7.0,S61,2.17,14,2,16,0.0,,-1.700694,-13.774947,-15.47564,False,False,18,S37,True,7,2.3004,pickup,,,,,,,,,,,,,,,,,,,,,,,,,,,,,,,,,,,,,,,,,,,,,,,,,,,,
42,7,7,13,S61,False,14,2,16,10,0,0,3,0,0,"['B692', 'B95', 'B457', 'B323', 'B672', 'B366', 'B253', 'B708', 'B502', 'B303', 'B173', 'B337', 'B212']",6.5,S63,3.24,4,5,9,0.0,,-1.577568,-13.73907,-15.316637,True,True,72,S66,True,45,7.3901,delivery+depot_removal,,,,,,,,,,,,,,,,,,,,,,,,,,,,,,,,,,,,,,,,,,,,,,,,,,,,
42,7,7,23,S63,False,4,5,9,0,11,0,0,0,0,"['B399', 'B526', 'B281', 'B518', 'B374', 'B510', 'B719', 'B737', 'B630', 'B310', 'B743']",5.5,S66,4.37,15,5,20,0.0,,-1.360001,-13.636745,-14.996746,False,False,12,S66,False,8,1.0698,pickup,,,,,,,,,,,,,,,,,,,,,,,,,,,,,,,,,,,,,,,,,,,,,,,,,,,,
42,7,7,32,S66,False,15,5,20,15,0,0,0,0,0,"['B28', 'B577', 'B575', 'B357', 'B399', 'B526', 'B281', 'B518', 'B374', 'B510', 'B719', 'B737', 'B630', 'B310', 'B743']",7.5,S37,3.07,0,5,5,0.0,,-1.24611,-13.057669,-14.303779,False,False,18,S34,True,13,2.1461,delivery,,,,,,,,,,,,,,,,,,,,,,,,,,,,,,,,,,,,,,,,,,,,,,,,,,,,
42,7,7,43,S37,False,0,5,5,0,15,0,0,0,0,"['B449', 'B569', 'B551', 'B642', 'B234', 'B331', 'B266', 'B179', 'B213', 'B386', 'B116', 'B44', 'B345', 'B353', 'B316']",7.5,S32,4.74,15,5,20,0.0,,-1.324617,-13.30537,-14.629987,False,False,12,S60,True,9,1.4074,pickup,,,,,,,,,,,,,,,,,,,,,,,,,,,,,,,,,,,,,,,,,,,,,,,,,,,,
42,7,7,55,S32,False,15,5,20,12,0,0,0,0,0,"['B449', 'B569', 'B551', 'B642', 'B234', 'B331', 'B266', 'B179', 'B213', 'B386', 'B116', 'B44']",6.0,S29,3.29,3,5,8,0.0,,-1.331691,-13.298539,-14.63023,False,False,18,S34,True,6,2.4678,delivery,,,,,,,,,,,,,,,,,,,,,,,,,,,,,,,,,,,,,,,,,,,,,,,,,,,,
42,7,8,5,S29,False,3,5,8,0,12,0,0,0,0,"['B473', 'B617', 'B454', 'B154', 'B490', 'B448', 'B276', 'B203', 'B322', 'B356', 'B683', 'B686']",6.0,S21,6.52,15,5,20,0.0,,-1.518902,-13.348789,-14.86769,True,False,18,S48,True,14,2.3266,pickup,,,,,,,,,,,,,,,,,,,,,,,,,,,,,,,,,,,,,,,,,,,,,,,,,,,,
42,7,8,17,S21,False,15,5,20,9,0,1,2,0,0,"['B50', 'B88', 'B345', 'B353', 'B316', 'B473', 'B617', 'B454', 'B154', 'B490', 'B448']",8.5,S57,5.05,6,7,13,0.0,,-1.288605,-13.335361,-14.623965,True,True,48,S34,True,42,5.5774,delivery+maintenance,,,,,,,,,,,,,,,,,,,,,,,,,,,,,,,,,,,,,,,,,,,,,,,,,,,,
42,7,8,31,S57,False,6,7,13,0,7,0,0,0,0,"['B608', 'B509', 'B373', 'B731', 'B592', 'B582', 'B410']",3.5,S55,2.57,13,7,20,0.0,,-1.357118,-13.398315,-14.755432,False,False,12,S34,True,6,1.4145,pickup,,,,,,,,,,,,,,,,,,,,,,,,,,,,,,,,,,,,,,,,,,,,,,,,,,,,
42,7,8,37,S55,False,13,7,20,13,0,0,2,0,0,"['B343', 'B136', 'B276', 'B203', 'B322', 'B356', 'B683', 'B686', 'B608', 'B509', 'B373', 'B731', 'B592', 'B582', 'B410']",7.5,S37,5.04,0,9,9,0.0,,-0.919012,-13.335965,-14.254977,True,True,24,S45,True,21,2.6164,delivery+depot_removal,,,,,,,,,,,,,,,,,,,,,,,,,,,,,,,,,,,,,,,,,,,,,,,,,,,,
42,7,8,49,S37,False,0,9,9,0,11,0,0,0,0,"['B351', 'B422', 'B321', 'B140', 'B163', 'B571', 'B406', 'B460', 'B625', 'B482', 'B162']",5.5,S34,5.37,11,9,20,0.0,,-1.160747,-13.363794,-14.524542,False,False,12,S63,True,10,1.3917,pickup,,,,,,,,,,,,,,,,,,,,,,,,,,,,,,,,,,,,,,,,,,,,,,,,,,,,
42,7,9,0,S34,False,11,9,20,0,0,0,0,0,0,[],0.0,S29,2.43,11,9,20,0.0,,-1.492627,-13.535772,-15.028399,False,False,12,S22,True,1,1.2561,do_nothing,,,,,,,,,,,,,,,,,,,,,,,,,,,,,,,,,,,,,,,,,,,,,,,,,,,,
42,7,9,3,S29,False,11,9,20,11,0,0,1,0,0,"['B64', 'B351', 'B422', 'B321', 'B140', 'B163', 'B571', 'B406', 'B460', 'B625', 'B482', 'B162']",6.0,S63,5.25,0,10,10,0.0,,-1.293009,-13.455893,-14.748902,True,True,18,S22,True,16,1.7653,delivery+depot_removal,,,,,,,,,,,,,,,,,,,,,,,,,,,,,,,,,,,,,,,,,,,,,,,,,,,,
42,7,9,14,S63,False,0,10,10,0,10,1,0,0,0,"['B440', 'B221', 'B471', 'B619', 'B320', 'B535', 'B326', 'B188', 'B687', 'B543']",8.0,S51,3.43,10,10,20,0.0,,-1.278969,-13.52339,-14.802359,True,True,36,S44,True,32,4.3059,pickup+onsite,,,,,,,,,,,,,,,,,,,,,,,,,,,,,,,,,,,,,,,,,,,,,,,,,,,,
42,7,9,25,S51,False,10,10,20,10,0,1,0,0,0,"['B440', 'B221', 'B471', 'B619', 'B320', 'B535', 'B326', 'B188', 'B687', 'B543']",8.0,S54,6.18,0,10,10,0.0,,-0.86924,-13.53711,-14.40635,True,True,24,S32,True,19,2.9665,delivery+onsite,,,,,,,,,,,,,,,,,,,,,,,,,,,,,,,,,,,,,,,,,,,,,,,,,,,,
42,7,9,39,S54,False,0,10,10,0,10,0,0,0,0,"['B165', 'B98', 'B128', 'B73', 'B528', 'B285', 'B672', 'B388', 'B698', 'B572']",5.0,S26,5.73,10,10,20,0.0,,-1.065633,-13.91748,-14.983113,False,False,12,S44,True,6,1.1053,pickup,,,,,,,,,,,,,,,,,,,,,,,,,,,,,,,,,,,,,,,,,,,,,,,,,,,,
42,7,9,50,S26,False,10,10,20,10,0,0,0,0,0,"['B165', 'B98', 'B128', 'B73', 'B528', 'B285', 'B672', 'B388', 'B698', 'B572']",5.0,S62,5.52,0,10,10,0.0,,-1.233082,-13.858934,-15.092015,False,False,12,S11,True,7,1.4022,delivery,,,,,,,,,,,,,,,,,,,,,,,,,,,,,,,,,,,,,,,,,,,,,,,,,,,,
42,7,10,1,S62,False,0,10,10,0,10,0,0,0,0,"['B649', 'B691', 'B398', 'B435', 'B132', 'B590', 'B474', 'B339', 'B540', 'B287']",5.0,S20,10.04,10,10,20,0.0,,-1.417536,-14.092818,-15.510354,False,False,12,S32,True,9,1.1613,pickup,,,,,,,,,,,,,,,,,,,,,,,,,,,,,,,,,,,,,,,,,,,,,,,,,,,,
42,7,10,16,S20,False,10,10,20,10,0,0,1,0,0,"['B355', 'B649', 'B691', 'B398', 'B435', 'B132', 'B590', 'B474', 'B339', 'B540', 'B287']",5.5,S32,13.51,0,11,11,0.0,,-1.240695,-14.136847,-15.377542,True,True,18,S39,True,13,1.6438,delivery+depot_removal,,,,,,,,,,,,,,,,,,,,,,,,,,,,,,,,,,,,,,,,,,,,,,,,,,,,
42,7,10,35,S32,False,0,11,11,0,9,0,0,0,0,"['B569', 'B551', 'B642', 'B234', 'B331', 'B266', 'B179', 'B213', 'B386']",4.5,S29,3.29,9,11,20,0.0,,-0.729327,-14.097545,-14.826872,False,False,12,S29,False,6,1.0569,pickup,,,,,,,,,,,,,,,,,,,,,,,,,,,,,,,,,,,,,,,,,,,,,,,,,,,,
42,7,10,42,S29,False,9,11,20,9,0,0,0,0,0,"['B569', 'B551', 'B642', 'B234', 'B331', 'B266', 'B179', 'B213', 'B386']",4.5,S39,9.53,0,11,11,0.0,,-1.289257,-14.199964,-15.489221,False,False,12,S35,True,7,1.2614,delivery,,,,,,,,,,,,,,,,,,,,,,,,,,,,,,,,,,,,,,,,,,,,,,,,,,,,
42,7,10,57,S39,False,0,11,11,0,9,0,0,0,0,"['B574', 'B372', 'B42', 'B236', 'B181', 'B199', 'B611', 'B260', 'B648']",4.5,S29,9.53,9,11,20,0.0,,-1.189281,-14.303822,-15.493102,False,False,12,S29,False,6,1.3281,pickup,,,,,,,,,,,,,,,,,,,,,,,,,,,,,,,,,,,,,,,,,,,,,,,,,,,,
42,7,11,11,S29,False,9,11,20,9,0,0,0,0,0,"['B574', 'B372', 'B42', 'B236', 'B181', 'B199', 'B611', 'B260', 'B648']",4.5,S44,5.3,0,11,11,0.0,,-1.277054,-14.344681,-15.621736,False,False,12,S33,True,7,1.1978,delivery,,,,,,,,,,,,,,,,,,,,,,,,,,,,,,,,,,,,,,,,,,,,,,,,,,,,
42,7,11,20,S44,False,0,11,11,0,9,0,0,0,0,"['B681', 'B224', 'B639', 'B647', 'B588', 'B185', 'B298', 'B428', 'B146']",4.5,S63,0.47,9,11,20,0.0,,-1.392599,-14.398674,-15.791274,True,False,18,S37,True,15,2.3146,pickup,,,,,,,,,,,,,,,,,,,,,,,,,,,,,,,,,,,,,,,,,,,,,,,,,,,,
42,7,11,25,S63,False,9,11,20,9,0,0,0,0,0,"['B681', 'B224', 'B639', 'B647', 'B588', 'B185', 'B298', 'B428', 'B146']",4.5,S37,1.78,0,11,11,0.0,,-1.061737,-14.402471,-15.464208,False,False,12,S42,True,7,1.4648,delivery,,,,,,,,,,,,,,,,,,,,,,,,,,,,,,,,,,,,,,,,,,,,,,,,,,,,
42,7,11,32,S37,False,0,11,11,0,9,0,0,0,0,"['B652', 'B173', 'B337', 'B591', 'B405', 'B429', 'B145', 'B200', 'B477']",4.5,S34,5.37,9,11,20,0.0,,-1.162494,-14.223899,-15.386393,False,False,12,S26,True,8,1.233,pickup,,,,,,,,,,,,,,,,,,,,,,,,,,,,,,,,,,,,,,,,,,,,,,,,,,,,
42,7,11,41,S34,False,9,11,20,9,0,0,0,0,0,"['B652', 'B173', 'B337', 'B591', 'B405', 'B429', 'B145', 'B200', 'B477']",4.5,S40,2.19,0,11,11,0.0,,-1.228524,-14.069824,-15.298347,False,False,12,S22,True,9,1.2915,delivery,,,,,,,,,,,,,,,,,,,,,,,,,,,,,,,,,,,,,,,,,,,,,,,,,,,,
42,7,11,48,S40,False,0,11,11,0,9,0,0,0,0,"['B527', 'B400', 'B318', 'B762', 'B537', 'B740', 'B338', 'B212', 'B760']",4.5,S35,4.93,9,11,20,0.0,,-1.246862,-14.133095,-15.379957,True,False,18,S45,True,14,1.8768,pickup,,,,,,,,,,,,,,,,,,,,,,,,,,,,,,,,,,,,,,,,,,,,,,,,,,,,
42,7,11,58,S35,False,9,11,20,0,0,1,0,0,0,[],3.0,S26,6.42,9,11,20,0.0,,-1.694597,-14.193153,-15.88775,True,True,24,S42,True,7,2.9628,do_nothing+onsite,,,,,,,,,,,,,,,,,,,,,,,,,,,,,,,,,,,,,,,,,,,,,,,,,,,,
42,7,12,7,S26,False,9,11,20,9,0,0,0,0,0,"['B527', 'B400', 'B318', 'B762', 'B537', 'B740', 'B338', 'B212', 'B760']",4.5,S66,5.64,0,11,11,0.0,,-1.751613,-14.118454,-15.870067,False,False,12,S59,True,7,1.2557,delivery,,,,,,,,,,,,,,,,,,,,,,,,,,,,,,,,,,,,,,,,,,,,,,,,,,,,
42,7,12,17,S66,False,0,11,11,0,9,0,0,0,0,"['B518', 'B374', 'B510', 'B719', 'B737', 'B630', 'B310', 'B743', 'B668']",4.5,S46,5.15,9,11,20,0.0,,-1.388186,-14.143116,-15.531302,False,False,12,S43,True,7,1.2855,pickup,,,,,,,,,,,,,,,,,,,,,,,,,,,,,,,,,,,,,,,,,,,,,,,,,,,,
42,7,12,27,S46,False,9,11,20,9,0,0,0,0,0,"['B518', 'B374', 'B510', 'B719', 'B737', 'B630', 'B310', 'B743', 'B668']",4.5,S61,4.04,0,11,11,0.0,,-2.374548,-14.129631,-16.504179,False,False,12,S43,True,7,1.3976,delivery,,,,,,,,,,,,,,,,,,,,,,,,,,,,,,,,,,,,,,,,,,,,,,,,,,,,
42,7,12,35,S61,False,0,11,11,0,9,0,0,0,0,"['B569', 'B599', 'B393', 'B479', 'B626', 'B133', 'B241', 'B542', 'B201']",4.5,S29,5.74,9,11,20,0.0,,-1.551711,-14.241371,-15.793082,False,False,12,S58,True,7,1.1422,pickup,,,,,,,,,,,,,,,,,,,,,,,,,,,,,,,,,,,,,,,,,,,,,,,,,,,,
42,7,12,46,S29,False,9,11,20,9,0,0,0,0,0,"['B569', 'B599', 'B393', 'B479', 'B626', 'B133', 'B241', 'B542', 'B201']",4.5,S10,0.66,0,11,11,0.0,,-1.609728,-14.104317,-15.714045,False,False,12,S43,True,7,1.071,delivery,,,,,,,,,,,,,,,,,,,,,,,,,,,,,,,,,,,,,,,,,,,,,,,,,,,,
42,7,12,51,S10,False,0,11,11,0,9,0,0,0,0,"['B667', 'B682', 'B174', 'B629', 'B2', 'B697', 'B65', 'B657', 'B554']",4.5,S54,1.21,9,11,20,0.0,,-1.638391,-14.085232,-15.723623,False,False,18,S29,True,13,1.6386,pickup,,,,,,,,,,,,,,,,,,,,,,,,,,,,,,,,,,,,,,,,,,,,,,,,,,,,
42,7,12,56,S54,False,9,11,20,9,0,0,0,0,0,"['B667', 'B682', 'B174', 'B629', 'B2', 'B697', 'B65', 'B657', 'B554']",4.5,S32,2.05,0,11,11,0.0,,-1.34597,-14.149419,-15.495389,False,False,12,S43,True,7,1.1235,delivery,,,,,,,,,,,,,,,,,,,,,,,,,,,,,,,,,,,,,,,,,,,,,,,,,,,,
42,7,13,3,S32,False,0,11,11,0,9,0,0,0,0,"['B439', 'B33', 'B114', 'B688', 'B501', 'B553', 'B276', 'B511', 'B687']",4.5,S29,3.29,9,11,20,0.0,,-1.351193,-14.038374,-15.389567,False,False,12,S58,True,6,1.2897,pickup,,,,,,,,,,,,,,,,,,,,,,,,,,,,,,,,,,,,,,,,,,,,,,,,,,,,
42,7,13,11,S29,False,9,11,20,9,0,0,0,0,0,"['B439', 'B33', 'B114', 'B688', 'B501', 'B553', 'B276', 'B511', 'B687']",4.5,S58,6.9,0,11,11,0.0,,-1.329636,-13.975718,-15.305354,False,False,12,S66,True,9,1.3047,delivery,,,,,,,,,,,,,,,,,,,,,,,,,,,,,,,,,,,,,,,,,,,,,,,,,,,,
42,7,13,22,S58,False,0,11,11,0,0,0,0,0,0,[],0.0,S60,3.05,0,11,11,0.0,,-1.739963,-13.947387,-15.68735,False,False,12,S60,False,1,1.6446,do_nothing,,,,,,,,,,,,,,,,,,,,,,,,,,,,,,,,,,,,,,,,,,,,,,,,,,,,
42,7,13,25,S60,False,0,11,11,0,9,1,0,0,0,"['B168', 'B580', 'B102', 'B441', 'B633', 'B628', 'B47', 'B250', 'B446']",7.5,S43,4.48,9,11,20,0.0,,-1.895213,-14.003686,-15.898899,True,True,36,S66,True,34,3.3286,pickup+onsite,,,,,,,,,,,,,,,,,,,,,,,,,,,,,,,,,,,,,,,,,,,,,,,,,,,,
42,7,13,37,S43,False,9,11,20,9,0,0,0,0,0,"['B168', 'B580', 'B102', 'B441', 'B633', 'B628', 'B47', 'B250', 'B446']",4.5,S61,3.44,0,11,11,0.0,,-1.723429,-13.491182,-15.214611,False,False,12,S10,True,7,1.521,delivery,,,,,,,,,,,,,,,,,,,,,,,,,,,,,,,,,,,,,,,,,,,,,,,,,,,,
42,7,13,45,S61,False,0,11,11,0,9,0,0,0,0,"['B100', 'B467', 'B489', 'B312', 'B262', 'B35', 'B606', 'B259', 'B112']",4.5,S26,6.04,9,11,20,0.0,,-1.978557,-13.714862,-15.693419,False,False,12,S66,True,6,1.2132,pickup,,,,,,,,,,,,,,,,,,,,,,,,,,,,,,,,,,,,,,,,,,,,,,,,,,,,
42,7,13,56,S26,False,9,11,20,9,0,0,0,0,0,"['B100', 'B467', 'B489', 'B312', 'B262', 'B35', 'B606', 'B259', 'B112']",4.5,S66,5.64,0,11,11,0.0,,-1.612436,-13.524945,-15.137381,False,False,12,S10,True,6,1.2695,delivery,,,,,,,,,,,,,,,,,,,,,,,,,,,,,,,,,,,,,,,,,,,,,,,,,,,,
42,7,14,6,S66,False,0,11,11,0,9,0,0,0,0,"['B673', 'B213', 'B89', 'B199', 'B752', 'B589', 'B757', 'B663', 'B664']",4.5,S42,9.4,9,11,20,0.0,,-1.86199,-13.498373,-15.360362,False,False,12,S29,True,8,1.0734,pickup,,,,,,,,,,,,,,,,,,,,,,,,,,,,,,,,,,,,,,,,,,,,,,,,,,,,
42,7,14,20,S42,False,9,11,20,9,0,0,1,0,0,"['B548', 'B673', 'B213', 'B89', 'B199', 'B752', 'B589', 'B757', 'B663', 'B664']",5.0,S40,6.18,0,12,12,0.0,,-2.58003,-13.745621,-16.325651,True,True,18,S31,True,16,1.7623,delivery+depot_removal,,,,,,,,,,,,,,,,,,,,,,,,,,,,,,,,,,,,,,,,,,,,,,,,,,,,
42,7,14,31,S40,False,0,12,12,0,8,0,0,0,0,"['B665', 'B45', 'B622', 'B478', 'B236', 'B204', 'B77', 'B158']",4.0,S54,2.17,8,12,20,0.0,,-2.944741,-13.78198,-16.726721,True,False,18,S54,False,12,1.6371,pickup,,,,,,,,,,,,,,,,,,,,,,,,,,,,,,,,,,,,,,,,,,,,,,,,,,,,
42,7,14,37,S54,False,8,12,20,8,0,0,0,0,0,"['B665', 'B45', 'B622', 'B478', 'B236', 'B204', 'B77', 'B158']",4.0,S12,8.01,0,12,12,0.0,,-2.410876,-13.805228,-16.216104,False,False,12,S43,True,9,1.1104,delivery,,,,,,,,,,,,,,,,,,,,,,,,,,,,,,,,,,,,,,,,,,,,,,,,,,,,
42,7,14,49,S12,False,0,12,12,0,8,0,0,0,0,"['B222', 'B647', 'B505', 'B211', 'B679', 'B496', 'B568', 'B742']",4.0,S54,8.01,8,12,20,0.0,,-3.596917,-14.208432,-17.805349,False,False,12,S54,False,6,1.1309,pickup,,,,,,,,,,,,,,,,,,,,,,,,,,,,,,,,,,,,,,,,,,,,,,,,,,,,
42,7,15,1,S54,False,8,12,20,8,0,0,0,0,0,"['B222', 'B647', 'B505', 'B211', 'B679', 'B496', 'B568', 'B742']",4.0,S31,5.7,0,12,12,0.0,,-3.356312,-14.347128,-17.70344,False,False,12,S31,False,6,1.162,delivery,,,,,,,,,,,,,,,,,,,,,,,,,,,,,,,,,,,,,,,,,,,,,,,,,,,,
42,7,15,11,S31,False,0,12,12,0,8,0,0,0,0,"['B638', 'B187', 'B483', 'B472', 'B395', 'B336', 'B120', 'B733']",4.0,S26,6.02,8,12,20,0.0,,-3.201582,-14.230003,-17.431585,False,False,12,S66,True,6,1.4698,pickup,,,,,,,,,,,,,,,,,,,,,,,,,,,,,,,,,,,,,,,,,,,,,,,,,,,,
42,7,15,21,S26,False,8,12,20,8,0,0,0,0,0,"['B638', 'B187', 'B483', 'B472', 'B395', 'B336', 'B120', 'B733']",4.0,S51,11.22,0,12,12,0.0,,-2.672505,-14.036843,-16.709347,False,False,12,S15,True,8,1.1022,delivery,,,,,,,,,,,,,,,,,,,,,,,,,,,,,,,,,,,,,,,,,,,,,,,,,,,,
42,7,15,36,S51,False,0,12,12,0,8,1,0,0,0,"['B39', 'B294', 'B556', 'B58', 'B151', 'B319', 'B538', 'B661']",7.0,S29,7.57,8,12,20,0.0,,-3.0788,-13.853208,-16.932009,True,True,24,S44,True,21,2.6282,pickup+onsite,,,,,,,,,,,,,,,,,,,,,,,,,,,,,,,,,,,,,,,,,,,,,,,,,,,,
42,7,15,51,S29,False,8,12,20,8,0,0,0,0,0,"['B39', 'B294', 'B556', 'B58', 'B151', 'B319', 'B538', 'B661']",4.0,S65,8.87,0,12,12,0.0,,-2.900952,-14.113792,-17.014743,False,False,12,S42,True,7,1.0435,delivery,,,,,,,,,,,,,,,,,,,,,,,,,,,,,,,,,,,,,,,,,,,,,,,,,,,,
42,7,16,3,S65,False,0,12,12,0,0,0,0,0,0,[],0.0,S31,3.2,0,12,12,0.0,,-2.065668,-14.070832,-16.136499,True,False,18,S12,True,0,2.1849,do_nothing,,,,,,,,,,,,,,,,,,,,,,,,,,,,,,,,,,,,,,,,,,,,,,,,,,,,
42,7,16,7,S31,False,0,12,12,0,8,0,0,0,0,"['B109', 'B197', 'B190', 'B532', 'B328', 'B582', 'B166', 'B133']",4.0,S15,3.53,8,12,20,0.0,,-2.026804,-13.9347,-15.961504,False,False,12,S51,True,6,1.1326,pickup,,,,,,,,,,,,,,,,,,,,,,,,,,,,,,,,,,,,,,,,,,,,,,,,,,,,
42,7,16,14,S15,False,8,12,20,8,0,0,0,0,0,"['B109', 'B197', 'B190', 'B532', 'B328', 'B582', 'B166', 'B133']",4.0,S12,10.6,0,12,12,0.0,,-1.655935,-13.790821,-15.446756,False,False,12,S32,True,8,1.0728,delivery,,,,,,,,,,,,,,,,,,,,,,,,,,,,,,,,,,,,,,,,,,,,,,,,,,,,
42,7,16,29,S12,False,0,12,12,0,8,0,0,0,0,"['B117', 'B441', 'B633', 'B628', 'B596', 'B47', 'B238', 'B446']",4.0,S38,7.06,8,12,20,0.0,,-1.441172,-13.776515,-15.217687,False,False,12,S51,True,9,1.3514,pickup,,,,,,,,,,,,,,,,,,,,,,,,,,,,,,,,,,,,,,,,,,,,,,,,,,,,
42,7,16,40,S38,False,8,12,20,8,0,0,0,0,0,"['B117', 'B441', 'B633', 'B628', 'B596', 'B47', 'B238', 'B446']",4.0,S51,5.47,0,12,12,0.0,,-1.849224,-13.593767,-15.44299,False,False,12,S32,True,10,1.0722,delivery,,,,,,,,,,,,,,,,,,,,,,,,,,,,,,,,,,,,,,,,,,,,,,,,,,,,
42,7,16,49,S51,False,0,12,12,0,8,0,0,0,0,"['B423', 'B46', 'B251', 'B536', 'B93', 'B508', 'B209', 'B105']",4.0,S46,3.14,8,12,20,0.0,,-1.847929,-13.563093,-15.411021,False,False,12,S46,False,6,1.3749,pickup,,,,,,,,,,,,,,,,,,,,,,,,,,,,,,,,,,,,,,,,,,,,,,,,,,,,
42,7,16,56,S46,False,8,12,20,8,0,0,0,0,0,"['B423', 'B46', 'B251', 'B536', 'B93', 'B508', 'B209', 'B105']",4.0,S58,3.13,0,12,12,0.0,,-1.624677,-13.492542,-15.117218,False,False,12,S32,True,7,1.3139,delivery,,,,,,,,,,,,,,,,,,,,,,,,,,,,,,,,,,,,,,,,,,,,,,,,,,,,
42,7,17,4,S58,False,0,12,12,0,8,0,0,0,0,"['B304', 'B273', 'B368', 'B592', 'B354', 'B143', 'B471', 'B516']",4.0,S60,3.05,8,12,20,0.0,,-1.115848,-13.413312,-14.52916,False,False,12,S60,False,6,1.1099,pickup,,,,,,,,,,,,,,,,,,,,,,,,,,,,,,,,,,,,,,,,,,,,,,,,,,,,
42,7,17,11,S60,False,8,12,20,8,0,0,1,0,0,"['B754', 'B304', 'B273', 'B368', 'B592', 'B354', 'B143', 'B471', 'B516']",4.5,S53,5.31,0,13,13,0.0,,-1.025902,-13.305406,-14.331308,True,True,18,S52,True,13,1.5864,delivery+depot_removal,,,,,,,,,,,,,,,,,,,,,,,,,,,,,,,,,,,,,,,,,,,,,,,,,,,,
42,7,17,20,S53,False,0,13,13,0,7,0,0,0,0,"['B201', 'B350', 'B321', 'B276', 'B618', 'B8', 'B455']",3.5,S52,2.01,7,13,20,0.0,,-1.233107,-13.292594,-14.525701,False,False,12,S52,False,6,1.5422,pickup,,,,,,,,,,,,,,,,,,,,,,,,,,,,,,,,,,,,,,,,,,,,,,,,,,,,
42,7,17,26,S52,False,7,13,20,7,0,1,0,0,0,"['B201', 'B350', 'B321', 'B276', 'B618', 'B8', 'B455']",6.5,S31,2.99,0,13,13,0.0,,-1.126847,-13.269768,-14.396615,True,True,24,S31,False,18,2.5779,delivery+onsite,,,,,,,,,,,,,,,,,,,,,,,,,,,,,,,,,,,,,,,,,,,,,,,,,,,,
42,7,17,35,S31,False,0,13,13,0,7,0,0,0,0,"['B75', 'B217', 'B162', 'B76', 'B165', 'B244', 'B1']",3.5,S16,3.96,7,13,20,0.0,,-1.264763,-13.466706,-14.731469,False,False,12,S54,True,9,1.5621,pickup,,,,,,,,,,,,,,,,,,,,,,,,,,,,,,,,,,,,,,,,,,,,,,,,,,,,
42,7,17,43,S16,False,7,13,20,7,0,1,2,0,0,"['B150', 'B677', 'B75', 'B217', 'B162', 'B76', 'B165', 'B244', 'B1']",7.5,S54,4.04,0,15,15,0.0,,-1.685194,-13.463167,-15.148361,True,True,48,S54,False,42,4.4066,delivery+maintenance,,,,,,,,,,,,,,,,,,,,,,,,,,,,,,,,,,,,,,,,,,,,,,,,,,,,
42,7,17,54,S54,False,0,15,15,0,5,0,0,0,0,"['B515', 'B585', 'B445', 'B111', 'B545']",2.5,S24,8.5,5,15,20,0.0,,-1.225143,-13.42095,-14.646093,False,False,12,S48,True,10,1.1322,pickup,,,,,,,,,,,,,,,,,,,,,,,,,,,,,,,,,,,,,,,,,,,,,,,,,,,,
42,7,18,5,S24,False,5,15,20,5,0,0,0,0,0,"['B515', 'B585', 'B445', 'B111', 'B545']",2.5,S65,5.83,0,15,15,0.0,,-1.188295,-13.471661,-14.659956,False,False,12,S61,True,7,1.0677,delivery,,,,,,,,,,,,,,,,,,,,,,,,,,,,,,,,,,,,,,,,,,,,,,,,,,,,
42,7,18,14,S65,False,0,15,15,0,5,0,0,0,0,"['B672', 'B127', 'B689', 'B377', 'B640']",2.5,S61,4.19,5,15,20,0.0,,-1.11534,-13.408845,-14.524184,True,False,18,S30,True,15,2.6991,pickup,,,,,,,,,,,,,,,,,,,,,,,,,,,,,,,,,,,,,,,,,,,,,,,,,,,,
42,7,18,20,S61,False,5,15,20,5,0,0,0,0,0,"['B672', 'B127', 'B689', 'B377', 'B640']",2.5,S48,7.23,0,15,15,0.0,,-0.879456,-13.300388,-14.179843,False,False,12,S18,True,10,1.0993,delivery,,,,,,,,,,,,,,,,,,,,,,,,,,,,,,,,,,,,,,,,,,,,,,,,,,,,
42,7,18,30,S48,False,0,15,15,0,5,1,0,0,0,"['B657', 'B460', 'B579', 'B352', 'B332']",5.5,S41,9.11,5,15,20,0.0,,-0.766894,-13.19686,-13.963754,True,True,24,S51,True,20,2.4058,pickup+onsite,,,,,,,,,,,,,,,,,,,,,,,,,,,,,,,,,,,,,,,,,,,,,,,,,,,,
42,7,18,45,S41,False,5,15,20,5,0,0,0,0,0,"['B657', 'B460', 'B579', 'B352', 'B332']",2.5,S13,7.37,0,15,15,0.0,,-0.509669,-13.28009,-13.789759,False,False,12,S65,True,9,1.3763,delivery,,,,,,,,,,,,,,,,,,,,,,,,,,,,,,,,,,,,,,,,,,,,,,,,,,,,
42,7,18,55,S13,False,0,15,15,0,0,0,0,0,0,[],0.0,S30,6.68,0,15,15,0.0,,-0.567874,-13.30959,-13.877463,False,False,12,S30,False,4,1.3344,do_nothing,,,,,,,,,,,,,,,,,,,,,,,,,,,,,,,,,,,,,,,,,,,,,,,,,,,,
42,7,19,1,S30,False,0,15,15,0,5,3,0,0,0,"['B106', 'B564', 'B600', 'B721', 'B469']",11.5,S2,2.32,5,15,20,0.0,,-0.459562,-13.160078,-13.61964,True,True,72,S39,True,44,6.9975,pickup+onsite,,,,,,,,,,,,,,,,,,,,,,,,,,,,,,,,,,,,,,,,,,,,,,,,,,,,
42,7,19,15,S2,False,5,15,20,5,0,1,0,0,0,"['B106', 'B564', 'B600', 'B721', 'B469']",5.5,S7,3.07,0,15,15,0.0,,-0.303927,-13.210273,-13.5142,True,True,24,S14,True,19,2.6197,delivery+onsite,,,,,,,,,,,,,,,,,,,,,,,,,,,,,,,,,,,,,,,,,,,,,,,,,,,,
42,7,19,24,S7,False,0,15,15,0,5,0,0,0,0,"['B66', 'B254', 'B560', 'B456', 'B103']",2.5,S14,13.48,5,15,20,0.0,,-0.264784,-13.202022,-13.466806,False,False,12,S39,True,7,1.3125,pickup,,,,,,,,,,,,,,,,,,,,,,,,,,,,,,,,,,,,,,,,,,,,,,,,,,,,
42,7,19,40,S14,False,5,15,20,5,0,0,1,0,0,"['B272', 'B66', 'B254', 'B560', 'B456', 'B103']",3.0,S35,3.16,0,16,16,0.0,,-0.245084,-13.472185,-13.71727,True,True,8,S35,False,5,0.859,delivery+depot_removal,,,,,,,,,,,,,,,,,,,,,,,,,,,,,,,,,,,,,,,,,,,,,,,,,,,,
42,7,19,46,S35,False,0,16,16,0,0,0,0,0,0,[],0.0,D0,3.57,0,16,16,0.0,,-0.322772,-13.694072,-14.016845,True,False,3,D0,True,0,0.3112,do_nothing,,,,,,,,,,,,,,,,,,,,,,,,,,,,,,,,,,,,,,,,,,,,,,,,,,,,
42,7,19,49,D0,True,0,16,16,0,0,0,0,16,7,"['B152', 'B59', 'B171', 'B438', 'B411', 'B43', 'B702', 'B347', 'B32', 'B692', 'B95', 'B457', 'B50', 'B88', 'B343', 'B136', 'B64', 'B355', 'B548', 'B754', 'B150', 'B677', 'B272']",11.5,D0,0.0,7,0,7,0.0,,-0.293818,-13.730667,-14.024485,True,True,1,D0,False,0,0.1192,do_nothing,,,,,,,,,,,,,,,,,,,,,,,,,,,,,,,,,,,,,,,,,,,,,,,,,,,,
42,8,6,1,D0,True,7,0,7,0,0,0,0,0,0,[],0.0,S15,1.31,7,0,7,0.0,,-2.337796,-13.817335,-16.155131,True,True,5,S15,False,3,0.6025,depot_passthrough,,,,,,,,,,,,,,,,,,,,,,,,,,,,,,,,,,,,,,,,,,,,,,,,,,,,
42,8,6,17,S15,False,7,0,7,7,0,0,0,0,0,"['B152', 'B59', 'B171', 'B438', 'B411', 'B43', 'B702']",3.5,S54,3.9,0,0,0,0.0,,-2.008077,-13.714763,-15.72284,False,False,12,S52,True,7,1.4149,delivery,,,,,,,,,,,,,,,,,,,,,,,,,,,,,,,,,,,,,,,,,,,,,,,,,,,,
42,8,6,25,S54,False,0,0,0,0,18,0,0,0,0,"['B181', 'B259', 'B81', 'B475', 'B396', 'B429', 'B223', 'B312', 'B637', 'B208', 'B44', 'B747', 'B707', 'B718', 'B42', 'B765', 'B648', 'B732']",9.0,S65,8.42,18,0,18,0.0,,-1.972414,-13.595452,-15.567866,False,False,18,S59,True,12,2.6602,pickup,,,,,,,,,,,,,,,,,,,,,,,,,,,,,,,,,,,,,,,,,,,,,,,,,,,,
42,8,6,42,S65,False,18,0,18,18,0,1,1,0,0,"['B317', 'B181', 'B259', 'B81', 'B475', 'B396', 'B429', 'B223', 'B312', 'B637', 'B208', 'B44', 'B747', 'B707', 'B718', 'B42', 'B765', 'B648', 'B732']",12.5,S52,6.18,0,1,1,0.0,,-1.511424,-13.66554,-15.176963,True,True,48,S52,False,44,5.409,delivery+maintenance,,,,,,,,,,,,,,,,,,,,,,,,,,,,,,,,,,,,,,,,,,,,,,,,,,,,
42,8,7,1,S52,False,0,1,1,0,11,0,1,0,0,"['B352', 'B422', 'B412', 'B76', 'B639', 'B393', 'B423', 'B427', 'B684', 'B631', 'B478', 'B349']",6.0,S66,3.13,11,2,13,0.0,,-0.938548,-13.646474,-14.585022,True,True,36,S59,True,18,4.0238,pickup+depot_removal,,,,,,,,,,,,,,,,,,,,,,,,,,,,,,,,,,,,,,,,,,,,,,,,,,,,
42,8,7,10,S66,False,11,2,13,11,0,0,0,0,0,"['B352', 'B422', 'B412', 'B76', 'B639', 'B393', 'B423', 'B427', 'B684', 'B631', 'B478']",5.5,S55,6.13,0,2,2,0.0,,-1.245681,-13.562294,-14.807976,False,False,12,S45,True,7,1.4073,delivery,,,,,,,,,,,,,,,,,,,,,,,,,,,,,,,,,,,,,,,,,,,,,,,,,,,,
42,8,7,22,S55,False,0,2,2,0,16,0,0,0,0,"['B100', 'B394', 'B603', 'B409', 'B75', 'B155', 'B538', 'B473', 'B157', 'B740', 'B460', 'B283', 'B514', 'B657', 'B295', 'B608']",8.0,S26,6.67,16,2,18,0.0,,-0.980564,-13.404542,-14.385106,False,False,18,S59,True,7,2.5549,pickup,,,,,,,,,,,,,,,,,,,,,,,,,,,,,,,,,,,,,,,,,,,,,,,,,,,,
42,8,7,36,S26,False,16,2,18,16,0,0,0,0,0,"['B100', 'B394', 'B603', 'B409', 'B75', 'B155', 'B538', 'B473', 'B157', 'B740', 'B460', 'B283', 'B514', 'B657', 'B295', 'B608']",8.0,S59,8.38,0,2,2,0.0,,-0.665591,-13.303119,-13.96871,False,False,12,S45,True,6,1.4376,delivery,,,,,,,,,,,,,,,,,,,,,,,,,,,,,,,,,,,,,,,,,,,,,,,,,,,,
42,8,7,53,S59,False,0,2,2,0,18,0,0,0,0,"['B746', 'B577', 'B487', 'B86', 'B561', 'B61', 'B367', 'B85', 'B484', 'B13', 'B586', 'B373', 'B466', 'B323', 'B623', 'B65', 'B11', 'B83']",9.0,S48,6.45,18,2,20,0.0,,-0.706322,-13.37183,-14.078152,False,False,12,S41,True,10,1.7698,pickup,,,,,,,,,,,,,,,,,,,,,,,,,,,,,,,,,,,,,,,,,,,,,,,,,,,,
42,8,8,8,S48,False,18,2,20,11,0,0,0,0,0,"['B746', 'B577', 'B487', 'B86', 'B561', 'B61', 'B367', 'B85', 'B484', 'B13', 'B586']",5.5,S19,0.52,7,2,9,0.0,,-0.525075,-13.257503,-13.782579,False,False,18,S22,True,12,2.4755,delivery,,,,,,,,,,,,,,,,,,,,,,,,,,,,,,,,,,,,,,,,,,,,,,,,,,,,
42,8,8,14,S19,False,7,2,9,7,0,1,1,0,0,"['B108', 'B373', 'B466', 'B323', 'B623', 'B65', 'B11', 'B83']",7.0,S57,7.97,0,3,3,0.0,,-0.507931,-13.204191,-13.712123,True,True,48,S57,False,42,8.2743,delivery+maintenance,,,,,,,,,,,,,,,,,,,,,,,,,,,,,,,,,,,,,,,,,,,,,,,,,,,,
42,8,8,29,S57,False,0,3,3,0,13,0,0,0,0,"['B98', 'B627', 'B175', 'B594', 'B128', 'B626', 'B1', 'B607', 'B41', 'B722', 'B66', 'B371', 'B682']",6.5,S22,12.19,13,3,16,0.0,,-0.887952,-13.263198,-14.15115,False,False,18,S22,False,12,3.023,pickup,,,,,,,,,,,,,,,,,,,,,,,,,,,,,,,,,,,,,,,,,,,,,,,,,,,,
42,8,8,48,S22,False,13,3,16,13,0,0,0,0,0,"['B98', 'B627', 'B175', 'B594', 'B128', 'B626', 'B1', 'B607', 'B41', 'B722', 'B66', 'B371', 'B682']",6.5,S37,7.12,0,3,3,0.0,,-1.340501,-13.16096,-14.501461,False,False,12,S37,False,6,1.9879,delivery,,,,,,,,,,,,,,,,,,,,,,,,,,,,,,,,,,,,,,,,,,,,,,,,,,,,
42,8,9,1,S37,False,0,3,3,0,14,1,1,0,0,"['B12', 'B686', 'B710', 'B759', 'B552', 'B439', 'B666', 'B23', 'B357', 'B197', 'B494', 'B215', 'B340', 'B164', 'B370']",10.5,S35,7.89,14,4,18,0.0,,-0.779652,-13.054873,-13.834525,True,True,72,S58,True,42,10.1029,pickup+maintenance,,,,,,,,,,,,,,,,,,,,,,,,,,,,,,,,,,,,,,,,,,,,,,,,,,,,
42,8,9,20,S35,False,14,4,18,0,0,0,2,0,0,"['B71', 'B235']",1.0,S29,1.95,14,6,20,0.0,,-0.616463,-13.112542,-13.729005,True,True,36,S64,True,12,3.5004,do_nothing+depot_removal,,,,,,,,,,,,,,,,,,,,,,,,,,,,,,,,,,,,,,,,,,,,,,,,,,,,
42,8,9,23,S29,False,14,6,20,14,0,0,0,0,0,"['B12', 'B686', 'B710', 'B759', 'B552', 'B439', 'B666', 'B23', 'B357', 'B197', 'B494', 'B215', 'B340', 'B164']",7.0,S58,6.9,0,6,6,0.0,,-0.859375,-13.031519,-13.890895,False,False,12,S35,True,6,1.186,delivery,,,,,,,,,,,,,,,,,,,,,,,,,,,,,,,,,,,,,,,,,,,,,,,,,,,,
42,8,9,37,S58,False,0,6,6,0,14,0,0,0,0,"['B458', 'B46', 'B591', 'B459', 'B119', 'B612', 'B230', 'B698', 'B566', 'B118', 'B296', 'B486', 'B757', 'B404']",7.0,S35,8.51,14,6,20,0.0,,-0.498949,-13.212865,-13.711813,False,False,12,S35,False,6,1.3913,pickup,,,,,,,,,,,,,,,,,,,,,,,,,,,,,,,,,,,,,,,,,,,,,,,,,,,,
42,8,9,52,S35,False,14,6,20,14,0,0,0,0,0,"['B458', 'B46', 'B591', 'B459', 'B119', 'B612', 'B230', 'B698', 'B566', 'B118', 'B296', 'B486', 'B757', 'B404']",7.0,S5,16.22,0,6,6,0.0,,-0.62613,-13.271521,-13.897651,False,False,12,S54,True,10,1.3405,delivery,,,,,,,,,,,,,,,,,,,,,,,,,,,,,,,,,,,,,,,,,,,,,,,,,,,,
42,8,10,15,S5,False,0,6,6,0,8,0,0,0,0,"['B695', 'B464', 'B546', 'B188', 'B700', 'B398', 'B30', 'B387']",4.0,S50,14.81,8,6,14,0.0,,-0.900141,-13.421109,-14.32125,False,False,18,S10,True,10,1.6529,pickup,,,,,,,,,,,,,,,,,,,,,,,,,,,,,,,,,,,,,,,,,,,,,,,,,,,,
42,8,10,34,S50,False,8,6,14,0,0,0,0,0,0,[],0.0,S51,8.8,8,6,14,0.0,,-0.801393,-13.829681,-14.631074,False,False,12,S16,True,3,1.1591,do_nothing,,,,,,,,,,,,,,,,,,,,,,,,,,,,,,,,,,,,,,,,,,,,,,,,,,,,
42,8,10,43,S51,False,8,6,14,8,0,0,0,0,0,"['B695', 'B464', 'B546', 'B188', 'B700', 'B398', 'B30', 'B387']",4.0,S10,7.37,0,6,6,0.0,,-0.842074,-13.768748,-14.610822,False,False,12,S16,True,6,1.186,delivery,,,,,,,,,,,,,,,,,,,,,,,,,,,,,,,,,,,,,,,,,,,,,,,,,,,,
42,8,10,54,S10,False,0,6,6,0,14,0,0,0,0,"['B324', 'B69', 'B533', 'B165', 'B437', 'B741', 'B727', 'B369', 'B291', 'B135', 'B728', 'B628', 'B523', 'B225']",7.0,S50,1.78,14,6,20,0.0,,-0.964478,-13.8985,-14.862978,False,False,12,S17,True,9,1.5153,pickup,,,,,,,,,,,,,,,,,,,,,,,,,,,,,,,,,,,,,,,,,,,,,,,,,,,,
42,8,11,3,S50,False,14,6,20,14,0,0,0,0,0,"['B324', 'B69', 'B533', 'B165', 'B437', 'B741', 'B727', 'B369', 'B291', 'B135', 'B728', 'B628', 'B523', 'B225']",7.0,S13,14.96,0,6,6,0.0,,-0.910352,-13.681635,-14.591987,False,False,18,S24,True,12,2.279,delivery,,,,,,,,,,,,,,,,,,,,,,,,,,,,,,,,,,,,,,,,,,,,,,,,,,,,
42,8,11,25,S13,False,0,6,6,0,14,0,0,0,0,"['B198', 'B174', 'B360', 'B141', 'B491', 'B483', 'B48', 'B262', 'B706', 'B520', 'B163', 'B9', 'B426', 'B224']",7.0,S63,12.63,14,6,20,0.0,,-0.702779,-13.886503,-14.589282,False,False,12,S55,True,7,1.6732,pickup,,,,,,,,,,,,,,,,,,,,,,,,,,,,,,,,,,,,,,,,,,,,,,,,,,,,
42,8,11,45,S63,False,14,6,20,14,0,1,0,0,0,"['B198', 'B174', 'B360', 'B141', 'B491', 'B483', 'B48', 'B262', 'B706', 'B520', 'B163', 'B9', 'B426', 'B224']",10.0,S55,3.64,0,6,6,0.0,,-0.808087,-13.725923,-14.53401,True,True,24,S24,True,21,3.0465,delivery+onsite,,,,,,,,,,,,,,,,,,,,,,,,,,,,,,,,,,,,,,,,,,,,,,,,,,,,
42,8,11,58,S55,False,0,6,6,0,14,0,0,0,0,"['B207', 'B300', 'B180', 'B592', 'B640', 'B158', 'B435', 'B100', 'B255', 'B265', 'B647', 'B743', 'B173', 'B373']",7.0,S29,2.12,14,6,20,0.0,,-1.126921,-13.729289,-14.85621,False,False,12,S29,False,6,1.8928,pickup,,,,,,,,,,,,,,,,,,,,,,,,,,,,,,,,,,,,,,,,,,,,,,,,,,,,
42,8,12,7,S29,False,14,6,20,14,0,0,0,0,0,"['B207', 'B300', 'B180', 'B592', 'B640', 'B158', 'B435', 'B100', 'B255', 'B265', 'B647', 'B743', 'B173', 'B373']",7.0,S16,5.41,0,6,6,0.0,,-0.916358,-13.809754,-14.726112,False,False,12,S33,True,7,1.6199,delivery,,,,,,,,,,,,,,,,,,,,,,,,,,,,,,,,,,,,,,,,,,,,,,,,,,,,
42,8,12,20,S16,False,0,6,6,0,10,0,0,0,0,"['B351', 'B492', 'B19', 'B401', 'B289', 'B203', 'B763', 'B290', 'B714', 'B402']",5.0,S24,9.91,10,6,16,0.0,,-0.534043,-13.623112,-14.157154,False,False,18,S33,True,13,2.5107,pickup,,,,,,,,,,,,,,,,,,,,,,,,,,,,,,,,,,,,,,,,,,,,,,,,,,,,
42,8,12,35,S24,False,10,6,16,10,0,0,0,0,0,"['B351', 'B492', 'B19', 'B401', 'B289', 'B203', 'B763', 'B290', 'B714', 'B402']",5.0,S48,13.93,0,6,6,0.0,,-0.904352,-13.790529,-14.694881,False,False,12,S48,False,7,1.5709,delivery,,,,,,,,,,,,,,,,,,,,,,,,,,,,,,,,,,,,,,,,,,,,,,,,,,,,
42,8,12,54,S48,False,0,6,6,0,11,0,0,0,0,"['B561', 'B61', 'B367', 'B85', 'B484', 'B13', 'B586', 'B111', 'B305', 'B485', 'B564']",5.5,S46,3.57,11,6,17,0.0,,-1.214257,-13.69171,-14.905967,False,False,18,S9,True,13,2.6522,pickup,,,,,,,,,,,,,,,,,,,,,,,,,,,,,,,,,,,,,,,,,,,,,,,,,,,,
42,8,13,3,S46,False,11,6,17,11,0,0,0,0,0,"['B561', 'B61', 'B367', 'B85', 'B484', 'B13', 'B586', 'B111', 'B305', 'B485', 'B564']",5.5,S35,5.93,0,6,6,0.0,,-1.338716,-13.679937,-15.018653,False,False,12,S32,True,6,1.3445,delivery,,,,,,,,,,,,,,,,,,,,,,,,,,,,,,,,,,,,,,,,,,,,,,,,,,,,
42,8,13,14,S35,False,0,6,6,0,12,1,0,0,0,"['B560', 'B283', 'B695', 'B137', 'B144', 'B425', 'B546', 'B766', 'B275', 'B81', 'B403', 'B304']",9.0,S29,1.95,12,6,18,0.0,,-1.013231,-13.63222,-14.64545,True,True,36,S7,True,30,3.6373,pickup+onsite,,,,,,,,,,,,,,,,,,,,,,,,,,,,,,,,,,,,,,,,,,,,,,,,,,,,
42,8,13,25,S29,False,12,6,18,12,0,0,0,0,0,"['B560', 'B283', 'B695', 'B137', 'B144', 'B425', 'B546', 'B766', 'B275', 'B81', 'B403', 'B304']",6.0,S65,8.87,0,6,6,0.0,,-2.022121,-13.641881,-15.664002,False,False,12,S7,True,8,1.2303,delivery,,,,,,,,,,,,,,,,,,,,,,,,,,,,,,,,,,,,,,,,,,,,,,,,,,,,
42,8,13,40,S65,False,0,6,6,0,14,0,0,0,0,"['B648', 'B732', 'B450', 'B239', 'B665', 'B396', 'B632', 'B409', 'B538', 'B740', 'B415', 'B626', 'B733', 'B390']",7.0,S26,6.43,14,6,20,0.0,,-1.612175,-13.215897,-14.828072,False,False,18,S7,True,6,2.1224,pickup,,,,,,,,,,,,,,,,,,,,,,,,,,,,,,,,,,,,,,,,,,,,,,,,,,,,
42,8,13,53,S26,False,14,6,20,14,0,0,0,0,0,"['B648', 'B732', 'B450', 'B239', 'B665', 'B396', 'B632', 'B409', 'B538', 'B740', 'B415', 'B626', 'B733', 'B390']",7.0,S7,9.03,0,6,6,0.0,,-1.486822,-13.21023,-14.697052,False,False,12,S36,True,6,1.4156,delivery,,,,,,,,,,,,,,,,,,,,,,,,,,,,,,,,,,,,,,,,,,,,,,,,,,,,
42,8,14,9,S7,False,0,6,6,0,14,0,0,0,0,"['B301', 'B760', 'B529', 'B662', 'B193', 'B70', 'B292', 'B408', 'B583', 'B216', 'B588', 'B587', 'B73', 'B474']",7.0,S32,13.03,14,6,20,0.0,,-1.840782,-13.370546,-15.211328,False,False,12,S17,True,10,1.4477,pickup,,,,,,,,,,,,,,,,,,,,,,,,,,,,,,,,,,,,,,,,,,,,,,,,,,,,
42,8,14,29,S32,False,14,6,20,14,0,0,0,0,0,"['B301', 'B760', 'B529', 'B662', 'B193', 'B70', 'B292', 'B408', 'B583', 'B216', 'B588', 'B587', 'B73', 'B474']",7.0,S60,6.97,0,6,6,0.0,,-2.075926,-13.333052,-15.408978,False,False,18,S17,True,13,1.9387,delivery,,,,,,,,,,,,,,,,,,,,,,,,,,,,,,,,,,,,,,,,,,,,,,,,,,,,
42,8,14,43,S60,False,0,6,6,0,14,0,0,0,0,"['B271', 'B501', 'B635', 'B431', 'B616', 'B433', 'B764', 'B330', 'B607', 'B672', 'B567', 'B234', 'B232', 'B116']",7.0,S49,2.05,14,6,20,0.0,,-1.922766,-13.489975,-15.412741,False,False,12,S64,True,7,1.4848,pickup,,,,,,,,,,,,,,,,,,,,,,,,,,,,,,,,,,,,,,,,,,,,,,,,,,,,
42,8,14,52,S49,False,14,6,20,14,0,0,2,0,0,"['B182', 'B205', 'B271', 'B501', 'B635', 'B431', 'B616', 'B433', 'B764', 'B330', 'B607', 'B672', 'B567', 'B234', 'B232', 'B116']",8.0,S41,2.5,0,8,8,0.0,,-2.176502,-13.463427,-15.639929,True,True,42,S57,True,36,4.7546,delivery+depot_removal,,,,,,,,,,,,,,,,,,,,,,,,,,,,,,,,,,,,,,,,,,,,,,,,,,,,
42,8,15,3,S41,False,0,8,8,0,12,0,0,0,0,"['B517', 'B74', 'B298', 'B376', 'B42', 'B393', 'B400', 'B411', 'B765', 'B666', 'B6', 'B178']",6.0,S38,3.56,12,8,20,0.0,,-2.274349,-13.490388,-15.764737,True,False,24,S26,True,13,2.5482,pickup,,,,,,,,,,,,,,,,,,,,,,,,,,,,,,,,,,,,,,,,,,,,,,,,,,,,
42,8,15,13,S38,False,12,8,20,12,0,0,0,0,0,"['B517', 'B74', 'B298', 'B376', 'B42', 'B393', 'B400', 'B411', 'B765', 'B666', 'B6', 'B178']",6.0,S12,7.06,0,8,8,0.0,,-2.020006,-13.369809,-15.389815,False,False,12,S55,True,7,1.2767,delivery,,,,,,,,,,,,,,,,,,,,,,,,,,,,,,,,,,,,,,,,,,,,,,,,,,,,
42,8,15,26,S12,False,0,8,8,0,12,0,0,0,0,"['B623', 'B237', 'B163', 'B563', 'B16', 'B146', 'B466', 'B27', 'B717', 'B194', 'B391', 'B21']",6.0,S55,7.23,12,8,20,0.0,,-2.249408,-13.564744,-15.814153,True,False,18,S51,True,12,2.1667,pickup,,,,,,,,,,,,,,,,,,,,,,,,,,,,,,,,,,,,,,,,,,,,,,,,,,,,
42,8,15,39,S55,False,12,8,20,12,0,0,0,0,0,"['B623', 'B237', 'B163', 'B563', 'B16', 'B146', 'B466', 'B27', 'B717', 'B194', 'B391', 'B21']",6.0,S9,8.51,0,8,8,0.0,,-1.798555,-13.352728,-15.151283,False,False,12,S57,True,7,1.4185,delivery,,,,,,,,,,,,,,,,,,,,,,,,,,,,,,,,,,,,,,,,,,,,,,,,,,,,
42,8,15,53,S9,False,0,8,8,0,0,0,4,0,0,"['B288', 'B499', 'B334', 'B378']",2.0,S33,8.41,0,12,12,0.0,,-1.57735,-13.420481,-14.997831,True,True,60,S12,True,25,5.8239,do_nothing+depot_removal,,,,,,,,,,,,,,,,,,,,,,,,,,,,,,,,,,,,,,,,,,,,,,,,,,,,
42,8,16,4,S33,False,0,12,12,0,8,0,0,0,0,"['B667', 'B709', 'B736', 'B209', 'B29', 'B661', 'B565', 'B505']",4.0,S54,3.1,8,12,20,0.0,,-1.28658,-13.306623,-14.593203,True,False,18,S12,True,12,2.1962,pickup,,,,,,,,,,,,,,,,,,,,,,,,,,,,,,,,,,,,,,,,,,,,,,,,,,,,
42,8,16,11,S54,False,8,12,20,8,0,0,0,0,0,"['B667', 'B709', 'B736', 'B209', 'B29', 'B661', 'B565', 'B505']",4.0,S12,8.01,0,12,12,0.0,,-1.235427,-13.276801,-14.512229,False,False,12,S51,True,10,1.049,delivery,,,,,,,,,,,,,,,,,,,,,,,,,,,,,,,,,,,,,,,,,,,,,,,,,,,,
42,8,16,23,S12,False,0,12,12,0,8,0,0,0,0,"['B380', 'B160', 'B20', 'B233', 'B75', 'B213', 'B199', 'B76']",4.0,S26,13.22,8,12,20,0.0,,-1.292477,-13.111705,-14.404181,True,False,18,S51,True,13,1.7677,pickup,,,,,,,,,,,,,,,,,,,,,,,,,,,,,,,,,,,,,,,,,,,,,,,,,,,,
42,8,16,40,S26,False,8,12,20,8,0,0,0,0,0,"['B380', 'B160', 'B20', 'B233', 'B75', 'B213', 'B199', 'B76']",4.0,S51,11.22,0,12,12,0.0,,-1.223509,-13.133712,-14.357221,False,False,12,S1,True,8,1.2313,delivery,,,,,,,,,,,,,,,,,,,,,,,,,,,,,,,,,,,,,,,,,,,,,,,,,,,,
42,8,16,55,S51,False,0,12,12,0,8,0,0,0,0,"['B489', 'B323', 'B331', 'B671', 'B326', 'B183', 'B721', 'B739']",4.0,S15,8.59,8,12,20,0.0,,-0.77298,-13.025785,-13.798765,False,False,12,S15,False,6,1.5544,pickup,,,,,,,,,,,,,,,,,,,,,,,,,,,,,,,,,,,,,,,,,,,,,,,,,,,,
42,8,17,8,S15,False,8,12,20,8,0,0,0,0,0,"['B489', 'B323', 'B331', 'B671', 'B326', 'B183', 'B721', 'B739']",4.0,S44,4.96,0,12,12,0.0,,-0.528472,-12.955144,-13.483616,False,False,12,S38,True,9,1.547,delivery,,,,,,,,,,,,,,,,,,,,,,,,,,,,,,,,,,,,,,,,,,,,,,,,,,,,
42,8,17,17,S44,False,0,12,12,0,6,1,2,0,0,"['B580', 'B720', 'B625', 'B723', 'B553', 'B601', 'B392', 'B534']",7.0,S16,0.23,6,14,20,0.0,,-0.420015,-13.030877,-13.450892,True,True,84,S58,True,79,7.3179,pickup+maintenance,,,,,,,,,,,,,,,,,,,,,,,,,,,,,,,,,,,,,,,,,,,,,,,,,,,,
42,8,17,24,S16,False,6,14,20,6,0,0,0,0,0,"['B580', 'B720', 'B625', 'B723', 'B553', 'B601']",3.0,S58,1.83,0,14,14,0.0,,-0.597417,-12.953071,-13.550488,False,False,12,S58,False,6,1.0707,delivery,,,,,,,,,,,,,,,,,,,,,,,,,,,,,,,,,,,,,,,,,,,,,,,,,,,,
42,8,17,29,S58,False,0,14,14,0,6,0,0,0,0,"['B389', 'B130', 'B77', 'B495', 'B315', 'B482']",3.0,S56,6.56,6,14,20,0.0,,-0.359833,-12.925877,-13.28571,False,False,12,S34,True,9,1.1014,pickup,,,,,,,,,,,,,,,,,,,,,,,,,,,,,,,,,,,,,,,,,,,,,,,,,,,,
42,8,17,38,S56,False,6,14,20,6,0,0,1,0,0,"['B690', 'B389', 'B130', 'B77', 'B495', 'B315', 'B482']",3.5,S31,7.22,0,15,15,0.0,,-0.410946,-13.093749,-13.504695,True,True,18,S31,False,12,1.6935,delivery+depot_removal,,,,,,,,,,,,,,,,,,,,,,,,,,,,,,,,,,,,,,,,,,,,,,,,,,,,
42,8,17,49,S31,False,0,15,15,0,5,1,0,0,0,"['B97', 'B340', 'B537', 'B241', 'B496']",5.5,S43,4.35,5,15,20,0.0,,-0.498782,-13.188241,-13.687022,True,True,24,S34,True,21,2.4843,pickup+onsite,,,,,,,,,,,,,,,,,,,,,,,,,,,,,,,,,,,,,,,,,,,,,,,,,,,,
42,8,17,59,S43,False,5,15,20,5,0,0,0,0,0,"['B97', 'B340', 'B537', 'B241', 'B496']",2.5,S58,1.78,0,15,15,0.0,,-0.390971,-13.149084,-13.540055,False,False,12,S31,True,7,1.0396,delivery,,,,,,,,,,,,,,,,,,,,,,,,,,,,,,,,,,,,,,,,,,,,,,,,,,,,
42,8,18,3,S58,False,0,15,15,0,5,0,0,0,0,"['B30', 'B570', 'B471', 'B201', 'B251']",2.5,S38,1.38,5,15,20,0.0,,-0.333886,-13.123038,-13.456924,False,False,12,S23,True,6,1.3153,pickup,,,,,,,,,,,,,,,,,,,,,,,,,,,,,,,,,,,,,,,,,,,,,,,,,,,,
42,8,18,7,S38,False,5,15,20,5,0,0,0,0,0,"['B30', 'B570', 'B471', 'B201', 'B251']",2.5,S58,1.38,0,15,15,0.0,,-0.254252,-13.008738,-13.26299,False,False,12,S59,True,8,1.4388,delivery,,,,,,,,,,,,,,,,,,,,,,,,,,,,,,,,,,,,,,,,,,,,,,,,,,,,
42,8,18,11,S58,False,0,15,15,0,0,0,0,0,0,[],0.0,S23,7.33,0,15,15,0.0,,-0.195002,-13.1334,-13.328402,False,False,12,S23,False,3,1.3151,do_nothing,,,,,,,,,,,,,,,,,,,,,,,,,,,,,,,,,,,,,,,,,,,,,,,,,,,,
42,8,18,18,S23,False,0,15,15,0,5,0,0,0,0,"['B606', 'B57', 'B105', 'B573', 'B17']",2.5,S6,7.38,5,15,20,0.0,,-0.292476,-13.142767,-13.435243,True,False,18,S40,True,13,2.399,pickup,,,,,,,,,,,,,,,,,,,,,,,,,,,,,,,,,,,,,,,,,,,,,,,,,,,,
42,8,18,28,S6,False,5,15,20,5,0,2,1,0,0,"['B418', 'B606', 'B57', 'B105', 'B573', 'B17']",9.0,S40,10.12,0,16,16,0.0,,-0.203505,-13.041843,-13.245348,True,True,54,S28,True,50,5.9653,delivery+maintenance,,,,,,,,,,,,,,,,,,,,,,,,,,,,,,,,,,,,,,,,,,,,,,,,,,,,
42,8,18,47,S40,False,0,16,16,0,4,0,0,0,0,"['B472', 'B309', 'B655', 'B368']",2.0,S56,3.75,4,16,20,0.0,,-0.586996,-13.048024,-13.63502,True,False,24,S52,True,19,2.7379,pickup,,,,,,,,,,,,,,,,,,,,,,,,,,,,,,,,,,,,,,,,,,,,,,,,,,,,
42,8,18,53,S56,False,4,16,20,0,0,0,0,0,0,[],0.0,S38,7.92,4,16,20,0.0,,-0.440659,-13.015073,-13.455732,False,False,12,S57,True,1,1.372,do_nothing,,,,,,,,,,,,,,,,,,,,,,,,,,,,,,,,,,,,,,,,,,,,,,,,,,,,
42,8,19,1,S38,False,4,16,20,4,0,0,0,0,0,"['B472', 'B309', 'B655', 'B368']",2.0,S4,1.95,0,16,16,0.0,,-0.577559,-13.033871,-13.611429,False,False,12,S61,True,9,1.48,delivery,,,,,,,,,,,,,,,,,,,,,,,,,,,,,,,,,,,,,,,,,,,,,,,,,,,,
42,8,19,5,S4,False,0,16,16,0,4,0,0,0,0,"['B151', 'B357', 'B74', 'B376']",2.0,S64,1.27,4,16,20,0.0,,-0.499569,-13.037838,-13.537407,True,False,18,S64,False,12,2.3606,pickup,,,,,,,,,,,,,,,,,,,,,,,,,,,,,,,,,,,,,,,,,,,,,,,,,,,,
42,8,19,8,S64,False,4,16,20,4,0,0,0,0,0,"['B151', 'B357', 'B74', 'B376']",2.0,S28,10.22,0,16,16,0.0,,-0.557256,-12.981306,-13.538561,False,False,12,S61,True,9,1.6013,delivery,,,,,,,,,,,,,,,,,,,,,,,,,,,,,,,,,,,,,,,,,,,,,,,,,,,,
42,8,19,21,S28,False,0,16,16,0,0,1,1,0,0,['B552'],3.5,S40,11.46,0,17,17,0.0,,-0.49931,-13.006752,-13.506061,True,True,24,S30,True,19,3.326,do_nothing+maintenance,,,,,,,,,,,,,,,,,,,,,,,,,,,,,,,,,,,,,,,,,,,,,,,,,,,,
42,8,19,35,S40,False,0,17,17,0,3,0,0,0,0,"['B87', 'B86', 'B736']",1.5,S50,4.22,3,17,20,0.0,,-0.381316,-12.82187,-13.203186,True,False,36,S33,True,20,3.7072,pickup,,,,,,,,,,,,,,,,,,,,,,,,,,,,,,,,,,,,,,,,,,,,,,,,,,,,
42,8,19,41,S50,False,3,17,20,0,0,0,0,0,0,[],0.0,S34,2.99,3,17,20,0.0,,-0.391871,-12.858004,-13.249876,False,False,9,S34,False,4,0.8698,do_nothing,,,,,,,,,,,,,,,,,,,,,,,,,,,,,,,,,,,,,,,,,,,,,,,,,,,,
42,8,19,44,S34,False,3,17,20,3,0,0,0,0,0,"['B87', 'B86', 'B736']",1.5,S40,2.19,0,17,17,0.0,,-0.469266,-12.872767,-13.342033,False,False,5,S40,False,2,0.6141,delivery,,,,,,,,,,,,,,,,,,,,,,,,,,,,,,,,,,,,,,,,,,,,,,,,,,,,
42,8,19,48,S40,False,0,17,17,0,0,0,0,0,0,[],0.0,S62,0.73,0,17,17,0.0,,-0.507853,-12.903902,-13.411755,True,False,7,D0,True,0,0.7758,do_nothing,,,,,,,,,,,,,,,,,,,,,,,,,,,,,,,,,,,,,,,,,,,,,,,,,,,,
42,8,19,49,S62,False,0,17,17,0,0,1,0,0,0,[],3.0,D0,0.46,0,17,17,0.0,,-0.371867,-13.175271,-13.547138,True,True,4,D0,True,1,0.4244,do_nothing+onsite,,,,,,,,,,,,,,,,,,,,,,,,,,,,,,,,,,,,,,,,,,,,,,,,,,,,
42,8,19,52,D0,True,0,17,17,0,0,0,0,17,16,"['B347', 'B32', 'B692', 'B95', 'B457', 'B50', 'B88', 'B343', 'B136', 'B64', 'B355', 'B548', 'B754', 'B150', 'B677', 'B272', 'B317', 'B349', 'B108', 'B370', 'B71', 'B235', 'B182', 'B205', 'B288', 'B499', 'B334', 'B378', 'B392', 'B534', 'B690', 'B418', 'B552']",16.5,D0,0.0,16,0,16,0.0,,-0.381034,-12.931545,-13.312579,True,True,1,D0,False,0,0.1171,do_nothing,,,,,,,,,,,,,,,,,,,,,,,,,,,,,,,,,,,,,,,,,,,,,,,,,,,,
42,9,6,9,D0,True,16,0,16,0,0,0,0,0,0,[],0.0,S65,3.15,16,0,16,0.0,,-2.988145,-14.027066,-17.01521,True,True,5,S65,False,0,0.7826,depot_passthrough,,,,,,,,,,,,,,,,,,,,,,,,,,,,,,,,,,,,,,,,,,,,,,,,,,,,
42,9,6,27,S65,False,16,0,16,16,0,0,0,0,0,"['B347', 'B32', 'B692', 'B95', 'B457', 'B50', 'B88', 'B343', 'B136', 'B64', 'B355', 'B548', 'B754', 'B150', 'B677', 'B272']",8.0,S37,5.89,0,0,0,0.0,,-2.73597,-13.9729,-16.70887,False,False,12,S46,True,7,1.6789,delivery,,,,,,,,,,,,,,,,,,,,,,,,,,,,,,,,,,,,,,,,,,,,,,,,,,,,
42,9,6,41,S37,False,0,0,0,0,20,0,0,0,0,"['B572', 'B531', 'B563', 'B624', 'B121', 'B243', 'B580', 'B351', 'B24', 'B400', 'B623', 'B750', 'B472', 'B226', 'B632', 'B748', 'B356', 'B151', 'B66', 'B576']",10.0,S26,7.79,20,0,20,0.0,,-2.417902,-13.816584,-16.234486,False,False,12,S66,True,9,1.8453,pickup,,,,,,,,,,,,,,,,,,,,,,,,,,,,,,,,,,,,,,,,,,,,,,,,,,,,
42,9,6,58,S26,False,20,0,20,18,0,0,0,0,0,"['B572', 'B531', 'B563', 'B624', 'B121', 'B243', 'B580', 'B351', 'B24', 'B400', 'B623', 'B750', 'B472', 'B226', 'B632', 'B748', 'B356', 'B151']",9.0,S54,5.73,2,0,2,0.0,,-1.946681,-14.053868,-16.000549,False,False,18,S41,True,10,2.436,delivery,,,,,,,,,,,,,,,,,,,,,,,,,,,,,,,,,,,,,,,,,,,,,,,,,,,,
42,9,7,13,S54,False,2,0,2,0,18,0,0,0,0,"['B227', 'B670', 'B9', 'B337', 'B340', 'B427', 'B551', 'B1', 'B574', 'B496', 'B654', 'B442', 'B634', 'B485', 'B80', 'B424', 'B408', 'B158']",9.0,S41,6.96,20,0,20,0.0,,-2.114485,-14.118762,-16.233247,False,False,12,S42,True,9,1.8066,pickup,,,,,,,,,,,,,,,,,,,,,,,,,,,,,,,,,,,,,,,,,,,,,,,,,,,,
42,9,7,29,S41,False,20,0,20,18,0,0,1,0,0,"['B433', 'B66', 'B576', 'B227', 'B670', 'B9', 'B337', 'B340', 'B427', 'B551', 'B1', 'B574', 'B496', 'B654', 'B442', 'B634', 'B485', 'B80', 'B424']",9.5,S52,4.13,2,1,3,0.0,,-1.61068,-14.012298,-15.622978,True,True,60,S15,True,22,7.6295,delivery+depot_removal,,,,,,,,,,,,,,,,,,,,,,,,,,,,,,,,,,,,,,,,,,,,,,,,,,,,
42,9,7,43,S52,False,2,1,3,0,12,0,1,0,0,"['B487', 'B287', 'B660', 'B652', 'B197', 'B592', 'B72', 'B436', 'B270', 'B716', 'B3', 'B332', 'B694']",6.5,S15,4.21,14,2,16,0.0,,-1.759729,-14.301959,-16.061688,True,True,36,S59,True,20,4.3549,pickup+depot_removal,,,,,,,,,,,,,,,,,,,,,,,,,,,,,,,,,,,,,,,,,,,,,,,,,,,,
42,9,7,53,S15,False,14,2,16,14,0,0,0,0,0,"['B408', 'B158', 'B487', 'B287', 'B660', 'B652', 'B197', 'B592', 'B72', 'B436', 'B270', 'B716', 'B3', 'B332']",7.0,S59,5.67,0,2,2,0.0,,-1.504044,-14.242667,-15.746711,False,False,12,S45,True,6,1.8303,delivery,,,,,,,,,,,,,,,,,,,,,,,,,,,,,,,,,,,,,,,,,,,,,,,,,,,,
42,9,8,6,S59,False,0,2,2,0,18,0,0,0,0,"['B394', 'B627', 'B683', 'B63', 'B120', 'B528', 'B674', 'B312', 'B539', 'B477', 'B557', 'B242', 'B262', 'B149', 'B79', 'B493', 'B579', 'B273']",9.0,S43,2.96,18,2,20,0.0,,-1.241651,-14.137373,-15.379024,False,False,12,S65,True,10,1.5549,pickup,,,,,,,,,,,,,,,,,,,,,,,,,,,,,,,,,,,,,,,,,,,,,,,,,,,,
42,9,8,18,S43,False,18,2,20,15,0,0,0,0,0,"['B394', 'B627', 'B683', 'B63', 'B120', 'B528', 'B674', 'B312', 'B539', 'B477', 'B557', 'B242', 'B262', 'B149', 'B79']",7.5,S33,2.06,3,2,5,0.0,,-0.945939,-13.964906,-14.910845,False,False,18,S65,True,13,2.2427,delivery,,,,,,,,,,,,,,,,,,,,,,,,,,,,,,,,,,,,,,,,,,,,,,,,,,,,
42,9,8,28,S33,False,3,2,5,0,0,0,1,0,0,['B385'],0.5,S44,1.28,3,3,6,0.0,,-1.197354,-14.056742,-15.254096,True,True,30,S42,True,6,3.3122,do_nothing+depot_removal,,,,,,,,,,,,,,,,,,,,,,,,,,,,,,,,,,,,,,,,,,,,,,,,,,,,
42,9,8,29,S44,False,3,3,6,0,14,0,0,0,0,"['B691', 'B134', 'B425', 'B221', 'B714', 'B446', 'B733', 'B583', 'B409', 'B396', 'B166', 'B95', 'B93', 'B685']",7.0,S16,0.23,17,3,20,0.0,,-1.120043,-13.995971,-15.116014,False,False,18,S16,True,10,2.0147,pickup,,,,,,,,,,,,,,,,,,,,,,,,,,,,,,,,,,,,,,,,,,,,,,,,,,,,
42,9,8,37,S16,False,17,3,20,7,0,0,0,0,0,"['B493', 'B579', 'B273', 'B691', 'B134', 'B425', 'B221']",3.5,S65,7.14,10,3,13,0.0,,-0.887477,-13.467007,-14.354484,False,False,18,S65,False,15,1.7648,delivery,,,,,,,,,,,,,,,,,,,,,,,,,,,,,,,,,,,,,,,,,,,,,,,,,,,,
42,9,8,47,S65,False,10,3,13,10,0,0,0,0,0,"['B714', 'B446', 'B733', 'B583', 'B409', 'B396', 'B166', 'B95', 'B93', 'B685']",5.0,S33,6.32,0,3,3,0.0,,-0.73379,-13.329921,-14.063711,False,False,12,S33,False,6,1.1934,delivery,,,,,,,,,,,,,,,,,,,,,,,,,,,,,,,,,,,,,,,,,,,,,,,,,,,,
42,9,8,59,S33,False,0,3,3,0,15,0,0,0,0,"['B211', 'B18', 'B358', 'B417', 'B23', 'B353', 'B455', 'B430', 'B744', 'B412', 'B713', 'B438', 'B352', 'B633', 'B5']",7.5,S42,7.31,15,3,18,0.0,,-0.712174,-13.419076,-14.131249,False,False,18,S63,True,7,2.0847,pickup,,,,,,,,,,,,,,,,,,,,,,,,,,,,,,,,,,,,,,,,,,,,,,,,,,,,
42,9,9,13,S42,False,15,3,18,9,0,0,0,0,0,"['B211', 'B18', 'B358', 'B417', 'B23', 'B353', 'B455', 'B430', 'B744']",4.5,S50,2.31,6,3,9,0.0,,-0.702368,-13.462553,-14.164921,False,False,18,S50,False,6,2.1609,delivery,,,,,,,,,,,,,,,,,,,,,,,,,,,,,,,,,,,,,,,,,,,,,,,,,,,,
42,9,9,20,S50,False,6,3,9,6,0,0,0,0,0,"['B412', 'B713', 'B438', 'B352', 'B633', 'B5']",3.0,S25,14.92,0,3,3,0.0,,-0.846941,-13.430717,-14.277658,False,False,12,S25,False,6,1.4423,delivery,,,,,,,,,,,,,,,,,,,,,,,,,,,,,,,,,,,,,,,,,,,,,,,,,,,,
42,9,9,38,S25,False,0,3,3,0,0,0,0,0,0,[],0.0,S16,14.05,0,3,3,0.0,,-1.073621,-13.513264,-14.586885,False,False,12,S66,True,2,1.5361,do_nothing,,,,,,,,,,,,,,,,,,,,,,,,,,,,,,,,,,,,,,,,,,,,,,,,,,,,
42,9,9,52,S16,False,0,3,3,0,9,0,0,0,0,"['B493', 'B579', 'B273', 'B691', 'B134', 'B425', 'B221', 'B139', 'B652']",4.5,S51,3.59,9,3,12,0.0,,-0.86935,-13.658668,-14.528018,False,False,18,S25,True,13,2.11,pickup,,,,,,,,,,,,,,,,,,,,,,,,,,,,,,,,,,,,,,,,,,,,,,,,,,,,
42,9,10,0,S51,False,9,3,12,9,0,0,1,0,0,"['B746', 'B493', 'B579', 'B273', 'B691', 'B134', 'B425', 'B221', 'B139', 'B652']",5.0,S25,17.49,0,4,4,0.0,,-1.113545,-13.609581,-14.723126,True,True,24,S45,True,18,2.7647,delivery+depot_removal,,,,,,,,,,,,,,,,,,,,,,,,,,,,,,,,,,,,,,,,,,,,,,,,,,,,
42,9,10,23,S25,False,0,4,4,0,16,0,0,0,0,"['B490', 'B286', 'B346', 'B488', 'B104', 'B281', 'B240', 'B738', 'B470', 'B590', 'B231', 'B365', 'B710', 'B4', 'B15', 'B249']",8.0,S29,14.64,16,4,20,0.0,,-0.636874,-13.652089,-14.288963,False,False,18,S20,True,7,2.0571,pickup,,,,,,,,,,,,,,,,,,,,,,,,,,,,,,,,,,,,,,,,,,,,,,,,,,,,
42,9,10,45,S29,False,16,4,20,16,0,0,0,0,0,"['B490', 'B286', 'B346', 'B488', 'B104', 'B281', 'B240', 'B738', 'B470', 'B590', 'B231', 'B365', 'B710', 'B4', 'B15', 'B249']",8.0,S5,14.34,0,4,4,0.0,,-0.685222,-13.953794,-14.639016,False,False,12,S53,True,9,1.6305,delivery,,,,,,,,,,,,,,,,,,,,,,,,,,,,,,,,,,,,,,,,,,,,,,,,,,,,
42,9,11,8,S5,False,0,4,4,0,9,0,0,0,0,"['B303', 'B336', 'B372', 'B515', 'B585', 'B192', 'B129', 'B28', 'B463']",4.5,S20,2.84,9,4,13,0.0,,-0.673829,-13.647542,-14.321371,False,False,18,S60,True,12,2.0389,pickup,,,,,,,,,,,,,,,,,,,,,,,,,,,,,,,,,,,,,,,,,,,,,,,,,,,,
42,9,11,15,S20,False,9,4,13,9,0,1,0,0,0,"['B303', 'B336', 'B372', 'B515', 'B585', 'B192', 'B129', 'B28', 'B463']",7.5,S60,7.68,0,4,4,0.0,,-0.565383,-13.583735,-14.149118,True,True,24,S21,True,18,2.8189,delivery+onsite,,,,,,,,,,,,,,,,,,,,,,,,,,,,,,,,,,,,,,,,,,,,,,,,,,,,
42,9,11,30,S60,False,0,4,4,0,12,0,0,0,0,"['B545', 'B630', 'B30', 'B179', 'B339', 'B277', 'B511', 'B610', 'B218', 'B36', 'B622', 'B155']",6.0,S57,9.08,12,4,16,0.0,,-0.577864,-13.667497,-14.245361,False,False,18,S57,False,12,2.8853,pickup,,,,,,,,,,,,,,,,,,,,,,,,,,,,,,,,,,,,,,,,,,,,,,,,,,,,
42,9,11,45,S57,False,12,4,16,12,0,0,1,0,0,"['B170', 'B545', 'B630', 'B30', 'B179', 'B339', 'B277', 'B511', 'B610', 'B218', 'B36', 'B622', 'B155']",6.5,S35,0.73,0,5,5,0.0,,-0.469135,-13.504182,-13.973317,True,True,24,S64,True,18,3.6588,delivery+depot_removal,,,,,,,,,,,,,,,,,,,,,,,,,,,,,,,,,,,,,,,,,,,,,,,,,,,,
42,9,11,53,S35,False,0,5,5,0,12,0,0,0,0,"['B214', 'B7', 'B408', 'B683', 'B440', 'B407', 'B285', 'B153', 'B706', 'B171', 'B457', 'B178']",6.0,S34,4.29,12,5,17,0.0,,-0.642461,-13.552111,-14.194572,False,False,18,S34,True,12,2.0221,pickup,,,,,,,,,,,,,,,,,,,,,,,,,,,,,,,,,,,,,,,,,,,,,,,,,,,,
42,9,12,3,S34,False,12,5,17,0,0,0,0,0,0,[],0.0,S44,4.94,12,5,17,0.0,,-0.488085,-13.589498,-14.077582,False,False,12,S64,True,4,1.2255,do_nothing,,,,,,,,,,,,,,,,,,,,,,,,,,,,,,,,,,,,,,,,,,,,,,,,,,,,
42,9,12,8,S44,False,12,5,17,9,0,0,0,0,0,"['B214', 'B7', 'B408', 'B683', 'B440', 'B407', 'B285', 'B153', 'B706']",4.5,S17,9.71,3,5,8,0.0,,-0.32911,-13.409098,-13.738208,False,False,18,S17,False,8,1.6128,delivery,,,,,,,,,,,,,,,,,,,,,,,,,,,,,,,,,,,,,,,,,,,,,,,,,,,,
42,9,12,22,S17,False,3,5,8,3,0,0,0,0,0,"['B171', 'B457', 'B178']",1.5,S64,9.06,0,5,5,0.0,,-0.370118,-13.506042,-13.87616,False,False,12,S64,False,6,1.1963,delivery,,,,,,,,,,,,,,,,,,,,,,,,,,,,,,,,,,,,,,,,,,,,,,,,,,,,
42,9,12,33,S64,False,0,5,5,0,7,0,0,0,0,"['B672', 'B571', 'B665', 'B237', 'B162', 'B648', 'B594']",3.5,S15,4.69,7,5,12,0.0,,-0.271502,-13.241469,-13.512971,False,False,18,S18,True,6,1.8436,pickup,,,,,,,,,,,,,,,,,,,,,,,,,,,,,,,,,,,,,,,,,,,,,,,,,,,,
42,9,12,41,S15,False,7,5,12,7,0,0,0,0,0,"['B672', 'B571', 'B665', 'B237', 'B162', 'B648', 'B594']",3.5,S31,3.53,0,5,5,0.0,,-0.427022,-13.089094,-13.516116,False,False,12,S18,True,9,1.2883,delivery,,,,,,,,,,,,,,,,,,,,,,,,,,,,,,,,,,,,,,,,,,,,,,,,,,,,
42,9,12,48,S31,False,0,5,5,0,7,0,0,0,0,"['B387', 'B251', 'B524', 'B232', 'B450', 'B116', 'B318']",3.5,S61,1.01,7,5,12,0.0,,-0.473336,-13.150623,-13.623959,False,False,18,S18,True,7,2.6031,pickup,,,,,,,,,,,,,,,,,,,,,,,,,,,,,,,,,,,,,,,,,,,,,,,,,,,,
42,9,12,52,S61,False,7,5,12,0,7,1,1,0,0,"['B714', 'B211', 'B561', 'B417', 'B190', 'B660', 'B752', 'B612']",7.0,S50,6.8,14,6,20,0.0,,-0.552401,-13.158557,-13.710957,True,True,60,S50,False,42,5.995,pickup+maintenance,,,,,,,,,,,,,,,,,,,,,,,,,,,,,,,,,,,,,,,,,,,,,,,,,,,,
42,9,13,6,S50,False,14,6,20,0,0,0,0,0,0,[],0.0,S35,1.61,14,6,20,0.0,,-0.736442,-13.173196,-13.909638,False,False,18,S34,True,1,1.8824,do_nothing,,,,,,,,,,,,,,,,,,,,,,,,,,,,,,,,,,,,,,,,,,,,,,,,,,,,
42,9,13,8,S35,False,14,6,20,11,0,0,0,0,0,"['B387', 'B251', 'B524', 'B232', 'B450', 'B116', 'B318', 'B714', 'B211', 'B561', 'B417']",5.5,S29,1.95,3,6,9,0.0,,-0.329204,-13.200504,-13.529708,False,False,18,S34,True,6,1.8503,delivery,,,,,,,,,,,,,,,,,,,,,,,,,,,,,,,,,,,,,,,,,,,,,,,,,,,,
42,9,13,15,S29,False,3,6,9,0,0,0,0,0,0,[],0.0,S44,5.3,3,6,9,0.0,,-0.84642,-13.431312,-14.277732,False,False,12,S18,True,3,1.4108,do_nothing,,,,,,,,,,,,,,,,,,,,,,,,,,,,,,,,,,,,,,,,,,,,,,,,,,,,
42,9,13,20,S44,False,3,6,9,3,0,0,0,0,0,"['B190', 'B660', 'B752']",1.5,S18,2.71,0,6,6,0.0,,-1.151144,-13.294706,-14.44585,False,False,12,S18,False,10,1.3495,delivery,,,,,,,,,,,,,,,,,,,,,,,,,,,,,,,,,,,,,,,,,,,,,,,,,,,,
42,9,13,25,S18,False,0,6,6,0,13,0,0,0,0,"['B157', 'B581', 'B508', 'B629', 'B411', 'B345', 'B234', 'B419', 'B395', 'B62', 'B86', 'B439', 'B747']",6.5,S26,7.46,13,6,19,0.0,,-1.162715,-13.297351,-14.460066,False,False,18,S26,True,6,2.0092,pickup,,,,,,,,,,,,,,,,,,,,,,,,,,,,,,,,,,,,,,,,,,,,,,,,,,,,
42,9,13,39,S26,False,13,6,19,0,0,0,0,0,0,[],0.0,S54,5.73,13,6,19,0.0,,-1.425329,-13.305771,-14.7311,False,False,12,S30,True,2,1.6597,do_nothing,,,,,,,,,,,,,,,,,,,,,,,,,,,,,,,,,,,,,,,,,,,,,,,,,,,,
42,9,13,44,S54,False,13,6,19,13,0,0,0,0,0,"['B157', 'B581', 'B508', 'B629', 'B411', 'B345', 'B234', 'B419', 'B395', 'B62', 'B86', 'B439', 'B747']",6.5,S66,5.58,0,6,6,0.0,,-1.256686,-13.270227,-14.526913,False,False,18,S42,True,12,2.3557,delivery,,,,,,,,,,,,,,,,,,,,,,,,,,,,,,,,,,,,,,,,,,,,,,,,,,,,
42,9,13,56,S66,False,0,6,6,0,14,0,0,0,0,"['B303', 'B577', 'B351', 'B585', 'B25', 'B14', 'B8', 'B444', 'B231', 'B575', 'B569', 'B224', 'B324', 'B472']",7.0,S29,6.29,14,6,20,0.0,,-1.662851,-13.354891,-15.017742,True,False,24,S26,True,13,3.2627,pickup,,,,,,,,,,,,,,,,,,,,,,,,,,,,,,,,,,,,,,,,,,,,,,,,,,,,
42,9,14,10,S29,False,14,6,20,14,0,0,0,0,0,"['B303', 'B577', 'B351', 'B585', 'B25', 'B14', 'B8', 'B444', 'B231', 'B575', 'B569', 'B224', 'B324', 'B472']",7.0,S65,8.87,0,6,6,0.0,,-1.334676,-13.21912,-14.553796,False,False,12,S65,False,6,1.6996,delivery,,,,,,,,,,,,,,,,,,,,,,,,,,,,,,,,,,,,,,,,,,,,,,,,,,,,
42,9,14,26,S65,False,0,6,6,0,14,0,0,0,0,"['B344', 'B724', 'B67', 'B420', 'B701', 'B379', 'B307', 'B272', 'B518', 'B325', 'B226', 'B574', 'B685', 'B677']",7.0,S26,6.43,14,6,20,0.0,,-1.592336,-13.241194,-14.83353,False,False,18,S26,True,6,2.2885,pickup,,,,,,,,,,,,,,,,,,,,,,,,,,,,,,,,,,,,,,,,,,,,,,,,,,,,
42,9,14,39,S26,False,14,6,20,14,0,0,0,0,0,"['B344', 'B724', 'B67', 'B420', 'B701', 'B379', 'B307', 'B272', 'B518', 'B325', 'B226', 'B574', 'B685', 'B677']",7.0,S61,6.04,0,6,6,0.0,,-1.234438,-13.172848,-14.407286,False,False,12,S8,True,8,1.6343,delivery,,,,,,,,,,,,,,,,,,,,,,,,,,,,,,,,,,,,,,,,,,,,,,,,,,,,
42,9,14,52,S61,False,0,6,6,0,7,0,0,0,0,"['B464', 'B761', 'B656', 'B627', 'B409', 'B145', 'B589']",3.5,S64,1.43,7,6,13,0.0,,-1.009324,-13.215074,-14.224398,True,False,36,S37,True,15,4.4525,pickup,,,,,,,,,,,,,,,,,,,,,,,,,,,,,,,,,,,,,,,,,,,,,,,,,,,,
42,9,14,57,S64,False,7,6,13,7,0,0,0,0,0,"['B464', 'B761', 'B656', 'B627', 'B409', 'B145', 'B589']",3.5,S48,7.33,0,6,6,0.0,,-0.781425,-13.228715,-14.01014,False,False,12,S48,False,9,1.6559,delivery,,,,,,,,,,,,,,,,,,,,,,,,,,,,,,,,,,,,,,,,,,,,,,,,,,,,
42,9,15,8,S48,False,0,6,6,0,7,0,1,0,0,"['B0', 'B540', 'B292', 'B134', 'B716', 'B167', 'B475', 'B502']",4.0,S19,0.52,7,7,14,0.0,,-0.920263,-13.21985,-14.140113,True,True,36,S31,True,18,5.0061,pickup+depot_removal,,,,,,,,,,,,,,,,,,,,,,,,,,,,,,,,,,,,,,,,,,,,,,,,,,,,
42,9,15,12,S19,False,7,7,14,0,6,1,0,0,0,"['B33', 'B47', 'B89', 'B69', 'B678', 'B79']",6.0,S55,6.04,13,7,20,0.0,,-0.732164,-13.147127,-13.879291,True,True,24,S17,True,18,2.331,pickup+onsite,,,,,,,,,,,,,,,,,,,,,,,,,,,,,,,,,,,,,,,,,,,,,,,,,,,,
42,9,15,24,S55,False,13,7,20,13,0,0,0,0,0,"['B0', 'B540', 'B292', 'B134', 'B716', 'B167', 'B475', 'B33', 'B47', 'B89', 'B69', 'B678', 'B79']",6.5,S66,6.13,0,7,7,0.0,,-0.675153,-13.155086,-13.830238,False,False,12,S17,True,7,1.6779,delivery,,,,,,,,,,,,,,,,,,,,,,,,,,,,,,,,,,,,,,,,,,,,,,,,,,,,
42,9,15,37,S66,False,0,7,7,0,13,1,0,0,0,"['B116', 'B23', 'B318', 'B742', 'B639', 'B209', 'B417', 'B611', 'B386', 'B744', 'B351', 'B303', 'B118']",9.5,S39,4.09,13,7,20,0.0,,-0.752937,-13.095665,-13.848602,True,True,36,S39,False,18,3.8849,pickup+onsite,,,,,,,,,,,,,,,,,,,,,,,,,,,,,,,,,,,,,,,,,,,,,,,,,,,,
42,9,15,51,S39,False,13,7,20,13,0,0,0,0,0,"['B116', 'B23', 'B318', 'B742', 'B639', 'B209', 'B417', 'B611', 'B386', 'B744', 'B351', 'B303', 'B118']",6.5,S52,4.66,0,7,7,0.0,,-1.055856,-13.17018,-14.226037,False,False,12,S15,True,7,1.7377,delivery,,,,,,,,,,,,,,,,,,,,,,,,,,,,,,,,,,,,,,,,,,,,,,,,,,,,
42,9,16,2,S52,False,0,7,7,0,11,0,0,0,0,"['B82', 'B576', 'B533', 'B760', 'B733', 'B700', 'B175', 'B586', 'B683', 'B672', 'B609']",5.5,S34,4.35,11,7,18,0.0,,-0.899521,-13.128352,-14.027873,False,False,18,S34,False,12,1.9726,pickup,,,,,,,,,,,,,,,,,,,,,,,,,,,,,,,,,,,,,,,,,,,,,,,,,,,,
42,9,16,12,S34,False,11,7,18,11,0,0,0,0,0,"['B82', 'B576', 'B533', 'B760', 'B733', 'B700', 'B175', 'B586', 'B683', 'B672', 'B609']",5.5,S61,4.15,0,7,7,0.0,,-0.780724,-13.221043,-14.001767,False,False,12,S19,True,8,1.5488,delivery,,,,,,,,,,,,,,,,,,,,,,,,,,,,,,,,,,,,,,,,,,,,,,,,,,,,
42,9,16,21,S61,False,0,7,7,0,7,0,1,0,0,"['B190', 'B375', 'B289', 'B200', 'B567', 'B436', 'B259', 'B356']",4.0,S31,1.01,7,8,15,0.0,,-0.760759,-13.25293,-14.013689,True,True,36,S31,False,18,3.6201,pickup+depot_removal,,,,,,,,,,,,,,,,,,,,,,,,,,,,,,,,,,,,,,,,,,,,,,,,,,,,
42,9,16,26,S31,False,7,8,15,0,5,0,0,0,0,"['B120', 'B397', 'B765', 'B368', 'B668']",2.5,S29,6.48,12,8,20,0.0,,-0.447887,-13.143002,-13.590889,False,False,12,S2,True,10,1.2751,pickup,,,,,,,,,,,,,,,,,,,,,,,,,,,,,,,,,,,,,,,,,,,,,,,,,,,,
42,9,16,35,S29,False,12,8,20,12,0,0,0,0,0,"['B190', 'B375', 'B289', 'B200', 'B567', 'B436', 'B259', 'B120', 'B397', 'B765', 'B368', 'B668']",6.0,S41,7.7,0,8,8,0.0,,-0.653206,-12.896459,-13.549665,False,False,12,S11,True,7,1.4565,delivery,,,,,,,,,,,,,,,,,,,,,,,,,,,,,,,,,,,,,,,,,,,,,,,,,,,,
42,9,16,49,S41,False,0,8,8,0,12,1,0,0,0,"['B679', 'B541', 'B437', 'B402', 'B634', 'B97', 'B104', 'B524', 'B508', 'B441', 'B320', 'B63']",9.0,S57,9.56,12,8,20,0.0,,-1.031743,-12.986731,-14.018474,True,True,24,S2,True,21,3.2284,pickup+onsite,,,,,,,,,,,,,,,,,,,,,,,,,,,,,,,,,,,,,,,,,,,,,,,,,,,,
42,9,17,8,S57,False,12,8,20,12,0,0,0,0,0,"['B679', 'B541', 'B437', 'B402', 'B634', 'B97', 'B104', 'B524', 'B508', 'B441', 'B320', 'B63']",6.0,S37,7.56,0,8,8,0.0,,-0.528145,-13.041875,-13.57002,False,False,12,S8,True,7,1.826,delivery,,,,,,,,,,,,,,,,,,,,,,,,,,,,,,,,,,,,,,,,,,,,,,,,,,,,
42,9,17,21,S37,False,0,8,8,0,12,0,0,0,0,"['B269', 'B169', 'B147', 'B300', 'B189', 'B10', 'B322', 'B465', 'B594', 'B645', 'B43', 'B38']",6.0,S35,7.89,12,8,20,0.0,,-0.767572,-13.067098,-13.83467,True,False,36,S58,True,26,4.9519,pickup,,,,,,,,,,,,,,,,,,,,,,,,,,,,,,,,,,,,,,,,,,,,,,,,,,,,
42,9,17,35,S35,False,12,8,20,12,0,0,0,0,0,"['B269', 'B169', 'B147', 'B300', 'B189', 'B10', 'B322', 'B465', 'B594', 'B645', 'B43', 'B38']",6.0,S58,8.51,0,8,8,0.0,,-0.4893,-13.154429,-13.643729,False,False,18,S42,True,14,2.4441,delivery,,,,,,,,,,,,,,,,,,,,,,,,,,,,,,,,,,,,,,,,,,,,,,,,,,,,
42,9,17,49,S58,False,0,8,8,0,12,0,0,0,0,"['B183', 'B496', 'B213', 'B88', 'B377', 'B536', 'B709', 'B593', 'B384', 'B447', 'B494', 'B247']",6.0,S15,5.67,12,8,20,0.0,,-0.71598,-13.194962,-13.910942,False,False,12,S15,False,6,1.6164,pickup,,,,,,,,,,,,,,,,,,,,,,,,,,,,,,,,,,,,,,,,,,,,,,,,,,,,
42,9,18,1,S15,False,12,8,20,12,0,0,0,0,0,"['B183', 'B496', 'B213', 'B88', 'B377', 'B536', 'B709', 'B593', 'B384', 'B447', 'B494', 'B247']",6.0,S62,2.79,0,8,8,0.0,,-0.468842,-13.255513,-13.724356,False,False,12,S31,True,8,1.9335,delivery,,,,,,,,,,,,,,,,,,,,,,,,,,,,,,,,,,,,,,,,,,,,,,,,,,,,
42,9,18,10,S62,False,0,8,8,0,11,0,1,0,0,"['B503', 'B757', 'B218', 'B452', 'B602', 'B640', 'B568', 'B191', 'B123', 'B609', 'B570', 'B563']",6.0,S8,13.2,11,9,20,0.0,,-0.487795,-13.217753,-13.705548,True,True,48,S65,True,43,6.4935,pickup+depot_removal,,,,,,,,,,,,,,,,,,,,,,,,,,,,,,,,,,,,,,,,,,,,,,,,,,,,
42,9,18,29,S8,False,11,9,20,11,0,1,0,0,0,"['B503', 'B757', 'B218', 'B452', 'B602', 'B640', 'B568', 'B191', 'B123', 'B609', 'B570']",8.5,S65,17.96,0,9,9,0.0,,-0.616544,-13.198511,-13.815056,True,True,24,S11,True,19,3.8014,delivery+onsite,,,,,,,,,,,,,,,,,,,,,,,,,,,,,,,,,,,,,,,,,,,,,,,,,,,,
42,9,18,56,S65,False,0,9,9,0,11,0,0,0,0,"['B64', 'B162', 'B691', 'B457', 'B643', 'B337', 'B365', 'B629', 'B756', 'B164', 'B415']",5.5,S39,5.08,11,9,20,0.0,,-0.587116,-12.793564,-13.380679,False,False,12,S39,False,6,1.9357,pickup,,,,,,,,,,,,,,,,,,,,,,,,,,,,,,,,,,,,,,,,,,,,,,,,,,,,
42,9,19,6,S39,False,11,9,20,11,0,0,0,0,0,"['B64', 'B162', 'B691', 'B457', 'B643', 'B337', 'B365', 'B629', 'B756', 'B164', 'B415']",5.5,S12,8.6,0,9,9,0.0,,-0.440381,-12.781248,-13.221629,False,False,12,S11,True,7,1.3753,delivery,,,,,,,,,,,,,,,,,,,,,,,,,,,,,,,,,,,,,,,,,,,,,,,,,,,,
42,9,19,20,S12,False,0,9,9,0,0,1,1,0,0,['B659'],3.5,S31,9.37,0,10,10,0.0,,-0.322108,-12.783976,-13.106084,True,True,54,S31,False,18,7.9378,do_nothing+maintenance,,,,,,,,,,,,,,,,,,,,,,,,,,,,,,,,,,,,,,,,,,,,,,,,,,,,
42,9,19,33,S31,False,0,10,10,0,10,0,0,0,0,"['B582', 'B271', 'B427', 'B328', 'B176', 'B37', 'B598', 'B1', 'B304', 'B556']",5.0,S60,0.89,10,10,20,0.0,,-0.30421,-12.84598,-13.15019,False,False,8,S60,False,6,1.3672,pickup,,,,,,,,,,,,,,,,,,,,,,,,,,,,,,,,,,,,,,,,,,,,,,,,,,,,
42,9,19,39,S60,False,10,10,20,10,0,1,0,0,0,"['B582', 'B271', 'B427', 'B328', 'B176', 'B37', 'B598', 'B1', 'B304', 'B556']",8.0,S31,0.89,0,10,10,0.0,,-0.274295,-12.799978,-13.074273,True,True,16,S47,True,8,1.6647,delivery+onsite,,,,,,,,,,,,,,,,,,,,,,,,,,,,,,,,,,,,,,,,,,,,,,,,,,,,
42,9,19,48,S31,False,0,10,10,0,10,0,0,0,0,"['B22', 'B605', 'B290', 'B649', 'B478', 'B345', 'B592', 'B764', 'B342', 'B336']",5.0,D0,1.48,10,10,20,0.0,,-0.489855,-12.890807,-13.380662,False,False,2,D0,False,1,0.2159,pickup,,,,,,,,,,,,,,,,,,,,,,,,,,,,,,,,,,,,,,,,,,,,,,,,,,,,
42,9,19,54,D0,True,10,10,20,0,0,0,0,10,10,"['B317', 'B349', 'B108', 'B370', 'B71', 'B235', 'B182', 'B205', 'B288', 'B499', 'B433', 'B694', 'B385', 'B746', 'B170', 'B612', 'B502', 'B356', 'B563', 'B659']",10.0,D0,0.0,20,0,20,0.0,,-0.274914,-12.752019,-13.026934,True,True,1,D0,False,0,0.1166,do_nothing,,,,,,,,,,,,,,,,,,,,,,,,,,,,,,,,,,,,,,,,,,,,,,,,,,,,
42,10,6,4,D0,True,20,0,20,0,0,0,0,0,0,[],0.0,S26,2.99,20,0,20,0.0,,-1.561554,-13.648013,-15.209566,True,True,5,S58,True,2,0.6295,depot_passthrough,,,,,,,,,,,,,,,,,,,,,,,,,,,,,,,,,,,,,,,,,,,,,,,,,,,,
42,10,6,22,S26,False,20,0,20,19,0,0,0,0,0,"['B22', 'B605', 'B290', 'B649', 'B478', 'B345', 'B592', 'B764', 'B342', 'B336', 'B317', 'B349', 'B108', 'B370', 'B71', 'B235', 'B182', 'B205', 'B288']",9.5,S54,5.73,1,0,1,0.0,,-2.029249,-13.694594,-15.723844,False,False,18,S24,True,9,2.0661,delivery,,,,,,,,,,,,,,,,,,,,,,,,,,,,,,,,,,,,,,,,,,,,,,,,,,,,
42,10,6,38,S54,False,1,0,1,0,16,0,0,0,0,"['B681', 'B707', 'B114', 'B92', 'B638', 'B730', 'B299', 'B523', 'B687', 'B713', 'B633', 'B448', 'B762', 'B565', 'B292', 'B229']",8.0,S51,6.18,17,0,17,0.0,,-2.123298,-13.770796,-15.894094,True,False,36,S35,True,14,4.5971,pickup,,,,,,,,,,,,,,,,,,,,,,,,,,,,,,,,,,,,,,,,,,,,,,,,,,,,
42,10,6,52,S51,False,17,0,17,15,0,0,0,0,0,"['B499', 'B681', 'B707', 'B114', 'B92', 'B638', 'B730', 'B299', 'B523', 'B687', 'B713', 'B633', 'B448', 'B762', 'B565']",7.5,S35,8.32,2,0,2,0.0,,-1.68916,-13.668758,-15.357918,False,False,18,S35,False,15,3.0027,delivery,,,,,,,,,,,,,,,,,,,,,,,,,,,,,,,,,,,,,,,,,,,,,,,,,,,,
42,10,7,8,S35,False,2,0,2,0,15,0,1,0,0,"['B366', 'B413', 'B15', 'B257', 'B279', 'B625', 'B497', 'B650', 'B596', 'B699', 'B28', 'B55', 'B184', 'B507', 'B734', 'B477']",8.0,S15,5.79,17,1,18,0.0,,-0.902829,-13.526986,-14.429815,True,True,36,S37,True,18,4.1593,pickup+depot_removal,,,,,,,,,,,,,,,,,,,,,,,,,,,,,,,,,,,,,,,,,,,,,,,,,,,,
42,10,7,21,S15,False,17,1,18,17,0,0,0,0,0,"['B292', 'B229', 'B366', 'B413', 'B15', 'B257', 'B279', 'B625', 'B497', 'B650', 'B596', 'B699', 'B28', 'B55', 'B184', 'B507', 'B734']",8.5,S18,4.77,0,1,1,0.0,,-1.215254,-13.701682,-14.916936,False,False,12,S56,True,6,1.5272,delivery,,,,,,,,,,,,,,,,,,,,,,,,,,,,,,,,,,,,,,,,,,,,,,,,,,,,
42,10,7,35,S18,False,0,1,1,0,16,0,0,0,0,"['B664', 'B533', 'B673', 'B560', 'B210', 'B758', 'B733', 'B69', 'B293', 'B622', 'B77', 'B614', 'B469', 'B214', 'B23', 'B711']",8.0,S65,4.55,16,1,17,0.0,,-1.212085,-13.518301,-14.730387,False,False,18,S37,True,7,2.1043,pickup,,,,,,,,,,,,,,,,,,,,,,,,,,,,,,,,,,,,,,,,,,,,,,,,,,,,
42,10,7,47,S65,False,16,1,17,16,0,0,0,0,0,"['B664', 'B533', 'B673', 'B560', 'B210', 'B758', 'B733', 'B69', 'B293', 'B622', 'B77', 'B614', 'B469', 'B214', 'B23', 'B711']",8.0,S37,5.89,0,1,1,0.0,,-1.054924,-13.571948,-14.626872,False,False,12,S38,True,6,1.5495,delivery,,,,,,,,,,,,,,,,,,,,,,,,,,,,,,,,,,,,,,,,,,,,,,,,,,,,
42,10,8,1,S37,False,0,1,1,0,19,1,0,0,0,"['B156', 'B456', 'B14', 'B157', 'B376', 'B541', 'B626', 'B698', 'B398', 'B357', 'B522', 'B47', 'B628', 'B74', 'B322', 'B224', 'B49', 'B298', 'B314']",12.5,S61,2.04,19,1,20,0.0,,-0.957566,-13.612009,-14.569576,True,True,48,S61,False,42,6.5672,pickup+onsite,,,,,,,,,,,,,,,,,,,,,,,,,,,,,,,,,,,,,,,,,,,,,,,,,,,,
42,10,8,16,S61,False,19,1,20,8,0,0,0,0,0,"['B156', 'B456', 'B14', 'B157', 'B376', 'B541', 'B626', 'B698']",4.0,S52,2.0,11,1,12,0.0,,-0.99622,-13.598279,-14.594499,False,False,18,S7,True,6,1.9193,delivery,,,,,,,,,,,,,,,,,,,,,,,,,,,,,,,,,,,,,,,,,,,,,,,,,,,,
42,10,8,22,S52,False,11,1,12,0,8,0,0,0,0,"['B262', 'B86', 'B9', 'B584', 'B173', 'B644', 'B362', 'B454']",4.0,S7,9.68,19,1,20,0.0,,-0.720635,-13.511365,-14.232,False,False,12,S7,False,10,1.5016,pickup,,,,,,,,,,,,,,,,,,,,,,,,,,,,,,,,,,,,,,,,,,,,,,,,,,,,
42,10,8,35,S7,False,19,1,20,11,0,0,0,0,0,"['B398', 'B357', 'B522', 'B47', 'B628', 'B74', 'B322', 'B224', 'B49', 'B298', 'B314']",5.5,S36,14.02,8,1,9,0.0,,-0.781496,-13.559284,-14.34078,False,False,18,S5,True,7,2.2224,delivery,,,,,,,,,,,,,,,,,,,,,,,,,,,,,,,,,,,,,,,,,,,,,,,,,,,,
42,10,8,55,S36,False,8,1,9,0,11,0,0,0,0,"['B280', 'B571', 'B420', 'B508', 'B400', 'B63', 'B60', 'B198', 'B696', 'B636', 'B16']",5.5,S53,2.92,19,1,20,0.0,,-0.661367,-13.604153,-14.26552,False,False,12,S48,True,10,1.841,pickup,,,,,,,,,,,,,,,,,,,,,,,,,,,,,,,,,,,,,,,,,,,,,,,,,,,,
42,10,9,3,S53,False,19,1,20,14,0,0,0,0,0,"['B262', 'B86', 'B9', 'B584', 'B173', 'B644', 'B362', 'B454', 'B280', 'B571', 'B420', 'B508', 'B400', 'B63']",7.0,S63,1.49,5,1,6,0.0,,-0.578466,-13.498222,-14.076688,False,False,18,S34,True,15,2.6397,delivery,,,,,,,,,,,,,,,,,,,,,,,,,,,,,,,,,,,,,,,,,,,,,,,,,,,,
42,10,9,12,S63,False,5,1,6,0,12,0,0,0,0,"['B731', 'B308', 'B473', 'B94', 'B374', 'B371', 'B587', 'B260', 'B627', 'B144', 'B159', 'B590']",6.0,S62,2.46,17,1,18,0.0,,-0.851077,-13.485138,-14.336214,False,False,18,S16,True,12,2.4512,pickup,,,,,,,,,,,,,,,,,,,,,,,,,,,,,,,,,,,,,,,,,,,,,,,,,,,,
42,10,9,20,S62,False,17,1,18,17,0,0,1,0,0,"['B105', 'B60', 'B198', 'B696', 'B636', 'B16', 'B731', 'B308', 'B473', 'B94', 'B374', 'B371', 'B587', 'B260', 'B627', 'B144', 'B159', 'B590']",9.0,S54,2.78,0,2,2,0.0,,-0.662889,-13.541906,-14.204795,True,True,24,S46,True,20,3.6745,delivery+depot_removal,,,,,,,,,,,,,,,,,,,,,,,,,,,,,,,,,,,,,,,,,,,,,,,,,,,,
42,10,9,32,S54,False,0,2,2,0,10,2,0,0,0,"['B517', 'B35', 'B237', 'B183', 'B29', 'B695', 'B177', 'B269', 'B375', 'B286']",11.0,S60,6.45,10,2,12,0.0,,-0.869528,-13.546467,-14.415995,True,True,54,S60,True,49,6.2328,pickup+onsite,,,,,,,,,,,,,,,,,,,,,,,,,,,,,,,,,,,,,,,,,,,,,,,,,,,,
42,10,9,49,S60,False,10,2,12,0,8,0,0,0,0,"['B582', 'B271', 'B427', 'B328', 'B176', 'B37', 'B598', 'B1']",4.0,S48,8.25,18,2,20,0.0,,-1.094085,-13.580119,-14.674203,False,False,12,S48,False,10,1.4761,pickup,,,,,,,,,,,,,,,,,,,,,,,,,,,,,,,,,,,,,,,,,,,,,,,,,,,,
42,10,10,2,S48,False,18,2,20,8,0,0,2,0,0,"['B732', 'B402', 'B517', 'B35', 'B237', 'B183', 'B29', 'B695', 'B177', 'B269']",5.0,S33,5.49,10,4,14,0.0,,-0.892158,-13.553465,-14.445623,True,True,42,S43,True,22,4.4749,delivery+depot_removal,,,,,,,,,,,,,,,,,,,,,,,,,,,,,,,,,,,,,,,,,,,,,,,,,,,,
42,10,10,12,S33,False,10,4,14,0,6,0,0,0,0,"['B737', 'B39', 'B136', 'B481', 'B41', 'B206']",3.0,S17,8.44,16,4,20,0.0,,-0.841028,-13.683863,-14.524891,True,False,18,S43,True,12,1.8551,pickup,,,,,,,,,,,,,,,,,,,,,,,,,,,,,,,,,,,,,,,,,,,,,,,,,,,,
42,10,10,24,S17,False,16,4,20,16,0,0,0,0,0,"['B375', 'B286', 'B582', 'B271', 'B427', 'B328', 'B176', 'B37', 'B598', 'B1', 'B737', 'B39', 'B136', 'B481', 'B41', 'B206']",8.0,S23,9.74,0,4,4,0.0,,-0.597362,-13.704343,-14.301705,False,False,18,S24,True,8,2.3622,delivery,,,,,,,,,,,,,,,,,,,,,,,,,,,,,,,,,,,,,,,,,,,,,,,,,,,,
42,10,10,41,S23,False,0,4,4,0,7,0,1,0,0,"['B421', 'B561', 'B54', 'B329', 'B642', 'B519', 'B2', 'B142']",4.0,S29,11.23,7,5,12,0.0,,-0.896306,-13.785136,-14.681442,True,True,36,S60,True,20,3.8565,pickup+depot_removal,,,,,,,,,,,,,,,,,,,,,,,,,,,,,,,,,,,,,,,,,,,,,,,,,,,,
42,10,10,57,S29,False,7,5,12,7,0,0,0,0,0,"['B421', 'B561', 'B54', 'B329', 'B642', 'B519', 'B2']",3.5,S60,7.31,0,5,5,0.0,,-0.769479,-13.734147,-14.503626,False,False,12,S60,False,6,1.9972,delivery,,,,,,,,,,,,,,,,,,,,,,,,,,,,,,,,,,,,,,,,,,,,,,,,,,,,
42,10,11,7,S60,False,0,5,5,0,13,0,0,0,0,"['B304', 'B556', 'B294', 'B524', 'B79', 'B759', 'B353', 'B82', 'B441', 'B676', 'B266', 'B455', 'B403']",6.5,S54,6.45,13,5,18,0.0,,-0.55686,-13.713855,-14.270715,False,False,18,S27,True,13,2.1844,pickup,,,,,,,,,,,,,,,,,,,,,,,,,,,,,,,,,,,,,,,,,,,,,,,,,,,,
42,10,11,20,S54,False,13,5,18,13,0,0,1,0,0,"['B608', 'B304', 'B556', 'B294', 'B524', 'B79', 'B759', 'B353', 'B82', 'B441', 'B676', 'B266', 'B455', 'B403']",7.0,S37,4.98,0,6,6,0.0,,-0.55595,-13.532783,-14.088733,True,True,36,S15,True,31,4.0727,delivery+depot_removal,,,,,,,,,,,,,,,,,,,,,,,,,,,,,,,,,,,,,,,,,,,,,,,,,,,,
42,10,11,32,S37,False,0,6,6,0,0,0,2,0,0,"['B467', 'B337']",1.0,S33,1.91,0,8,8,0.0,,-0.771539,-13.370064,-14.141602,True,True,24,S33,False,12,2.5907,do_nothing+depot_removal,,,,,,,,,,,,,,,,,,,,,,,,,,,,,,,,,,,,,,,,,,,,,,,,,,,,
42,10,11,35,S33,False,0,8,8,0,12,0,0,0,0,"['B226', 'B424', 'B238', 'B709', 'B637', 'B377', 'B558', 'B8', 'B726', 'B494', 'B247', 'B550']",6.0,S27,3.37,12,8,20,0.0,,-0.361441,-13.271043,-13.632484,True,False,18,S37,True,12,1.8128,pickup,,,,,,,,,,,,,,,,,,,,,,,,,,,,,,,,,,,,,,,,,,,,,,,,,,,,
42,10,11,45,S27,False,12,8,20,12,0,0,0,0,0,"['B226', 'B424', 'B238', 'B709', 'B637', 'B377', 'B558', 'B8', 'B726', 'B494', 'B247', 'B550']",6.0,S37,4.19,0,8,8,0.0,,-0.486692,-13.264727,-13.751419,False,False,12,S3,True,9,1.2926,delivery,,,,,,,,,,,,,,,,,,,,,,,,,,,,,,,,,,,,,,,,,,,,,,,,,,,,
42,10,11,55,S37,False,0,8,8,0,12,0,0,0,0,"['B606', 'B348', 'B78', 'B115', 'B367', 'B440', 'B650', 'B86', 'B97', 'B225', 'B658', 'B33']",6.0,S35,7.89,12,8,20,0.0,,-0.418211,-13.219588,-13.637799,False,False,12,S22,True,9,1.4175,pickup,,,,,,,,,,,,,,,,,,,,,,,,,,,,,,,,,,,,,,,,,,,,,,,,,,,,
42,10,12,9,S35,False,12,8,20,5,0,0,0,0,0,"['B606', 'B348', 'B78', 'B115', 'B367']",2.5,S15,5.79,7,8,15,0.0,,-0.585013,-13.343706,-13.92872,False,False,18,S15,False,12,1.5551,delivery,,,,,,,,,,,,,,,,,,,,,,,,,,,,,,,,,,,,,,,,,,,,,,,,,,,,
42,10,12,17,S15,False,7,8,15,7,0,0,0,0,0,"['B440', 'B650', 'B86', 'B97', 'B225', 'B658', 'B33']",3.5,S64,4.69,0,8,8,0.0,,-0.557408,-13.358455,-13.915863,False,False,12,S64,False,10,1.1602,delivery,,,,,,,,,,,,,,,,,,,,,,,,,,,,,,,,,,,,,,,,,,,,,,,,,,,,
42,10,12,25,S64,False,0,8,8,0,6,0,0,0,0,"['B618', 'B404', 'B57', 'B407', 'B318', 'B153']",3.0,S34,5.58,6,8,14,0.0,,-0.51411,-13.335567,-13.849676,False,False,18,S62,True,12,1.8809,pickup,,,,,,,,,,,,,,,,,,,,,,,,,,,,,,,,,,,,,,,,,,,,,,,,,,,,
42,10,12,34,S34,False,6,8,14,6,0,0,0,0,0,"['B618', 'B404', 'B57', 'B407', 'B318', 'B153']",3.0,S38,7.05,0,8,8,0.0,,-0.535658,-13.363848,-13.899506,False,False,12,S38,False,7,1.2376,delivery,,,,,,,,,,,,,,,,,,,,,,,,,,,,,,,,,,,,,,,,,,,,,,,,,,,,
42,10,12,44,S38,False,0,8,8,0,12,0,0,0,0,"['B244', 'B591', 'B302', 'B61', 'B512', 'B163', 'B62', 'B715', 'B332', 'B241', 'B767', 'B117']",6.0,S43,3.11,12,8,20,0.0,,-0.916946,-13.409783,-14.32673,False,False,18,S43,True,6,2.0801,pickup,,,,,,,,,,,,,,,,,,,,,,,,,,,,,,,,,,,,,,,,,,,,,,,,,,,,
42,10,12,53,S43,False,12,8,20,12,0,0,0,0,0,"['B244', 'B591', 'B302', 'B61', 'B512', 'B163', 'B62', 'B715', 'B332', 'B241', 'B767', 'B117']",6.0,S51,3.12,0,8,8,0.0,,-1.346084,-13.493852,-14.839936,True,False,24,S37,True,8,2.7328,delivery,,,,,,,,,,,,,,,,,,,,,,,,,,,,,,,,,,,,,,,,,,,,,,,,,,,,
42,10,13,2,S51,False,0,8,8,0,11,0,0,0,0,"['B556', 'B111', 'B627', 'B143', 'B276', 'B263', 'B144', 'B131', 'B493', 'B565', 'B358']",5.5,S15,8.59,11,8,19,0.0,,-1.168899,-13.602891,-14.77179,False,False,18,S62,True,12,1.8604,pickup,,,,,,,,,,,,,,,,,,,,,,,,,,,,,,,,,,,,,,,,,,,,,,,,,,,,
42,10,13,16,S15,False,11,8,19,11,0,0,0,0,0,"['B556', 'B111', 'B627', 'B143', 'B276', 'B263', 'B144', 'B131', 'B493', 'B565', 'B358']",5.5,S65,5.1,0,8,8,0.0,,-1.272237,-13.606304,-14.878541,False,False,12,S65,False,6,1.7782,delivery,,,,,,,,,,,,,,,,,,,,,,,,,,,,,,,,,,,,,,,,,,,,,,,,,,,,
42,10,13,27,S65,False,0,8,8,0,12,0,0,0,0,"['B214', 'B23', 'B711', 'B92', 'B687', 'B173', 'B120', 'B572', 'B251', 'B621', 'B25', 'B533']",6.0,S54,8.42,12,8,20,0.0,,-1.601262,-13.628016,-15.229278,False,False,18,S29,True,8,2.5617,pickup,,,,,,,,,,,,,,,,,,,,,,,,,,,,,,,,,,,,,,,,,,,,,,,,,,,,
42,10,13,41,S54,False,12,8,20,0,0,0,0,0,0,[],0.0,S35,2.91,12,8,20,0.0,,-1.775928,-13.618358,-15.394286,False,False,18,S29,True,2,2.244,do_nothing,,,,,,,,,,,,,,,,,,,,,,,,,,,,,,,,,,,,,,,,,,,,,,,,,,,,
42,10,13,44,S35,False,12,8,20,12,0,0,0,0,0,"['B214', 'B23', 'B711', 'B92', 'B687', 'B173', 'B120', 'B572', 'B251', 'B621', 'B25', 'B533']",6.0,S37,7.89,0,8,8,0.0,,-1.637954,-13.624373,-15.262328,False,False,12,S31,True,9,1.6461,delivery,,,,,,,,,,,,,,,,,,,,,,,,,,,,,,,,,,,,,,,,,,,,,,,,,,,,
42,10,13,58,S37,False,0,8,8,0,12,0,0,0,0,"['B331', 'B352', 'B198', 'B444', 'B406', 'B100', 'B420', 'B721', 'B228', 'B445', 'B183', 'B489']",6.0,S38,1.93,12,8,20,0.0,,-1.192518,-13.495514,-14.688032,False,False,12,S29,True,7,1.5064,pickup,,,,,,,,,,,,,,,,,,,,,,,,,,,,,,,,,,,,,,,,,,,,,,,,,,,,
42,10,14,6,S38,False,12,8,20,9,0,0,0,0,0,"['B331', 'B352', 'B198', 'B444', 'B406', 'B100', 'B420', 'B721', 'B228']",4.5,S29,8.13,3,8,11,0.0,,-1.447623,-13.496245,-14.943869,False,False,18,S29,False,8,1.5618,delivery,,,,,,,,,,,,,,,,,,,,,,,,,,,,,,,,,,,,,,,,,,,,,,,,,,,,
42,10,14,18,S29,False,3,8,11,3,0,0,0,0,0,"['B445', 'B183', 'B489']",1.5,S37,6.23,0,8,8,0.0,,-1.366968,-13.555182,-14.922151,False,False,12,S45,True,6,1.3537,delivery,,,,,,,,,,,,,,,,,,,,,,,,,,,,,,,,,,,,,,,,,,,,,,,,,,,,
42,10,14,26,S37,False,0,8,8,0,12,0,0,0,0,"['B121', 'B283', 'B30', 'B225', 'B456', 'B429', 'B177', 'B542', 'B699', 'B666', 'B415', 'B755']",6.0,S29,6.23,12,8,20,0.0,,-1.305303,-13.726745,-15.032048,False,False,12,S50,True,8,1.484,pickup,,,,,,,,,,,,,,,,,,,,,,,,,,,,,,,,,,,,,,,,,,,,,,,,,,,,
42,10,14,38,S29,False,12,8,20,12,0,0,0,0,0,"['B121', 'B283', 'B30', 'B225', 'B456', 'B429', 'B177', 'B542', 'B699', 'B666', 'B415', 'B755']",6.0,S48,7.68,0,8,8,0.0,,-1.635895,-13.44665,-15.082546,False,False,12,S35,True,9,1.4385,delivery,,,,,,,,,,,,,,,,,,,,,,,,,,,,,,,,,,,,,,,,,,,,,,,,,,,,
42,10,14,52,S48,False,0,8,8,0,11,0,0,0,0,"['B605', 'B633', 'B309', 'B504', 'B460', 'B724', 'B515', 'B101', 'B123', 'B374', 'B191']",5.5,S26,11.62,11,8,19,0.0,,-2.082761,-13.551683,-15.634443,False,False,18,S12,True,13,2.4299,pickup,,,,,,,,,,,,,,,,,,,,,,,,,,,,,,,,,,,,,,,,,,,,,,,,,,,,
42,10,15,9,S26,False,11,8,19,11,0,0,0,0,0,"['B605', 'B633', 'B309', 'B504', 'B460', 'B724', 'B515', 'B101', 'B123', 'B374', 'B191']",5.5,S66,5.64,0,8,8,0.0,,-2.427927,-13.632485,-16.060412,False,False,12,S32,True,6,1.5654,delivery,,,,,,,,,,,,,,,,,,,,,,,,,,,,,,,,,,,,,,,,,,,,,,,,,,,,
42,10,15,20,S66,False,0,8,8,0,12,1,0,0,0,"['B58', 'B621', 'B657', 'B613', 'B624', 'B56', 'B54', 'B422', 'B494', 'B711', 'B31', 'B530']",9.0,S32,6.41,12,8,20,0.0,,-1.725141,-13.390032,-15.115173,True,True,24,S39,True,20,2.9458,pickup+onsite,,,,,,,,,,,,,,,,,,,,,,,,,,,,,,,,,,,,,,,,,,,,,,,,,,,,
42,10,15,36,S32,False,12,8,20,12,0,0,1,0,0,"['B667', 'B58', 'B621', 'B657', 'B613', 'B624', 'B56', 'B54', 'B422', 'B494', 'B711', 'B31', 'B530']",6.5,S44,3.42,0,9,9,0.0,,-1.538901,-13.139321,-14.678222,True,True,48,S12,True,21,5.7884,delivery+depot_removal,,,,,,,,,,,,,,,,,,,,,,,,,,,,,,,,,,,,,,,,,,,,,,,,,,,,
42,10,15,46,S44,False,0,9,9,0,10,0,1,0,0,"['B210', 'B738', 'B95', 'B213', 'B108', 'B759', 'B260', 'B661', 'B292', 'B305', 'B146']",5.5,S50,6.58,10,10,20,0.0,,-1.494502,-13.128337,-14.622839,True,True,30,S39,True,25,2.9426,pickup+depot_removal,,,,,,,,,,,,,,,,,,,,,,,,,,,,,,,,,,,,,,,,,,,,,,,,,,,,
42,10,15,58,S50,False,10,10,20,10,0,0,0,0,0,"['B210', 'B738', 'B95', 'B213', 'B108', 'B759', 'B260', 'B661', 'B292', 'B305']",5.0,S13,14.96,0,10,10,0.0,,-1.24495,-12.971661,-14.216612,False,False,12,S35,True,9,1.2671,delivery,,,,,,,,,,,,,,,,,,,,,,,,,,,,,,,,,,,,,,,,,,,,,,,,,,,,
42,10,16,18,S13,False,0,10,10,0,10,0,0,0,0,"['B589', 'B15', 'B279', 'B412', 'B220', 'B166', 'B649', 'B336', 'B17', 'B112']",5.0,S39,8.67,10,10,20,0.0,,-1.114633,-13.100106,-14.214739,True,False,18,S12,True,12,2.0286,pickup,,,,,,,,,,,,,,,,,,,,,,,,,,,,,,,,,,,,,,,,,,,,,,,,,,,,
42,10,16,31,S39,False,10,10,20,10,0,0,0,0,0,"['B589', 'B15', 'B279', 'B412', 'B220', 'B166', 'B649', 'B336', 'B17', 'B112']",5.0,S12,8.6,0,10,10,0.0,,-1.383384,-13.112985,-14.496368,False,False,12,S35,True,10,1.8905,delivery,,,,,,,,,,,,,,,,,,,,,,,,,,,,,,,,,,,,,,,,,,,,,,,,,,,,
42,10,16,45,S12,False,0,10,10,0,10,1,0,0,0,"['B692', 'B509', 'B28', 'B381', 'B580', 'B261', 'B122', 'B451', 'B0', 'B421']",8.0,S19,1.21,10,10,20,0.0,,-0.702934,-13.075495,-13.778428,True,True,24,S55,True,20,4.3659,pickup+onsite,,,,,,,,,,,,,,,,,,,,,,,,,,,,,,,,,,,,,,,,,,,,,,,,,,,,
42,10,16,54,S19,False,10,10,20,7,0,0,0,0,0,"['B692', 'B509', 'B28', 'B381', 'B580', 'B261', 'B122']",3.5,S55,6.04,3,10,13,0.0,,-0.773588,-13.051988,-13.825576,False,False,18,S55,False,13,3.4677,delivery,,,,,,,,,,,,,,,,,,,,,,,,,,,,,,,,,,,,,,,,,,,,,,,,,,,,
42,10,17,4,S55,False,3,10,13,3,0,0,0,0,0,"['B451', 'B0', 'B421']",1.5,S31,6.19,0,10,10,0.0,,-0.879639,-12.960259,-13.839899,False,False,12,S14,True,6,1.717,delivery,,,,,,,,,,,,,,,,,,,,,,,,,,,,,,,,,,,,,,,,,,,,,,,,,,,,
42,10,17,11,S31,False,0,10,10,0,10,0,0,0,0,"['B531', 'B361', 'B148', 'B187', 'B587', 'B246', 'B312', 'B471', 'B36', 'B604']",5.0,S48,8.15,10,10,20,0.0,,-0.734132,-12.842538,-13.57667,True,False,24,S26,True,14,2.8297,pickup,,,,,,,,,,,,,,,,,,,,,,,,,,,,,,,,,,,,,,,,,,,,,,,,,,,,
42,10,17,25,S48,False,10,10,20,10,0,0,0,0,0,"['B531', 'B361', 'B148', 'B187', 'B587', 'B246', 'B312', 'B471', 'B36', 'B604']",5.0,S0,10.77,0,10,10,0.0,,-0.587525,-12.848817,-13.436342,False,False,12,S31,True,7,1.4712,delivery,,,,,,,,,,,,,,,,,,,,,,,,,,,,,,,,,,,,,,,,,,,,,,,,,,,,
42,10,17,40,S0,False,0,10,10,0,10,1,0,0,0,"['B24', 'B338', 'B150', 'B465', 'B645', 'B218', 'B297', 'B212', 'B459', 'B329']",8.0,S38,13.23,10,10,20,0.0,,-0.409157,-12.835902,-13.245059,True,True,36,S60,True,33,3.999,pickup+onsite,,,,,,,,,,,,,,,,,,,,,,,,,,,,,,,,,,,,,,,,,,,,,,,,,,,,
42,10,18,2,S38,False,10,10,20,10,0,0,0,0,0,"['B24', 'B338', 'B150', 'B465', 'B645', 'B218', 'B297', 'B212', 'B459', 'B329']",5.0,S31,3.31,0,10,10,0.0,,-0.439562,-12.839744,-13.279306,False,False,12,S41,True,10,1.3756,delivery,,,,,,,,,,,,,,,,,,,,,,,,,,,,,,,,,,,,,,,,,,,,,,,,,,,,
42,10,18,10,S31,False,0,10,10,0,10,1,0,0,0,"['B128', 'B73', 'B533', 'B199', 'B664', 'B540', 'B152', 'B735', 'B198', 'B164']",8.0,S28,9.18,10,10,20,0.0,,-0.243443,-12.795744,-13.039187,True,True,36,S41,True,31,3.5868,pickup+onsite,,,,,,,,,,,,,,,,,,,,,,,,,,,,,,,,,,,,,,,,,,,,,,,,,,,,
42,10,18,27,S28,False,10,10,20,10,0,0,0,0,0,"['B128', 'B73', 'B533', 'B199', 'B664', 'B540', 'B152', 'B735', 'B198', 'B164']",5.0,S14,13.14,0,10,10,0.0,,-0.283163,-12.863548,-13.146711,False,False,12,S33,True,9,1.3563,delivery,,,,,,,,,,,,,,,,,,,,,,,,,,,,,,,,,,,,,,,,,,,,,,,,,,,,
42,10,18,45,S14,False,0,10,10,0,5,1,0,0,0,"['B752', 'B151', 'B640', 'B763', 'B756']",5.5,S66,8.6,5,10,15,0.0,,-0.831882,-12.829706,-13.661588,True,True,36,S66,False,33,4.0004,pickup+onsite,,,,,,,,,,,,,,,,,,,,,,,,,,,,,,,,,,,,,,,,,,,,,,,,,,,,
42,10,18,59,S66,False,5,10,15,0,5,1,0,0,0,"['B35', 'B526', 'B741', 'B315', 'B286']",5.5,S33,3.23,10,10,20,0.0,,-0.481157,-12.737452,-13.218609,True,True,24,S43,True,22,2.469,pickup+onsite,,,,,,,,,,,,,,,,,,,,,,,,,,,,,,,,,,,,,,,,,,,,,,,,,,,,
42,10,19,8,S33,False,10,10,20,10,0,0,1,0,0,"['B391', 'B752', 'B151', 'B640', 'B763', 'B756', 'B35', 'B526', 'B741', 'B315', 'B286']",5.5,S30,5.08,0,11,11,0.0,,-0.637502,-12.740346,-13.377848,True,True,18,S37,True,14,2.4384,delivery+depot_removal,,,,,,,,,,,,,,,,,,,,,,,,,,,,,,,,,,,,,,,,,,,,,,,,,,,,
42,10,19,19,S30,False,0,11,11,0,9,0,0,0,0,"['B655', 'B404', 'B99', 'B567', 'B253', 'B650', 'B184', 'B209', 'B244']",4.5,S51,9.24,9,11,20,0.0,,-0.638665,-12.757754,-13.396419,True,False,36,S66,True,25,4.3726,pickup,,,,,,,,,,,,,,,,,,,,,,,,,,,,,,,,,,,,,,,,,,,,,,,,,,,,
42,10,19,32,S51,False,9,11,20,9,0,0,1,0,0,"['B285', 'B655', 'B404', 'B99', 'B567', 'B253', 'B650', 'B184', 'B209', 'B244']",5.0,S56,5.88,0,12,12,0.0,,-0.637101,-12.829957,-13.467058,True,True,18,S37,True,16,2.3558,delivery+depot_removal,,,,,,,,,,,,,,,,,,,,,,,,,,,,,,,,,,,,,,,,,,,,,,,,,,,,
42,10,19,43,S56,False,0,12,12,0,0,0,0,0,0,[],0.0,S29,2.28,0,12,12,0.0,,-0.577481,-12.847067,-13.424548,True,False,7,D0,True,0,0.7179,do_nothing,,,,,,,,,,,,,,,,,,,,,,,,,,,,,,,,,,,,,,,,,,,,,,,,,,,,
42,10,19,46,S29,False,0,12,12,0,8,0,0,0,0,"['B30', 'B225', 'B456', 'B429', 'B177', 'B542', 'B699', 'B666']",4.0,D0,2.43,8,12,20,0.0,,-0.458642,-13.109067,-13.567709,False,False,2,D0,False,1,0.2151,pickup,,,,,,,,,,,,,,,,,,,,,,,,,,,,,,,,,,,,,,,,,,,,,,,,,,,,
42,10,19,52,D0,True,8,12,20,0,0,0,0,12,7,"['B334', 'B378', 'B392', 'B534', 'B690', 'B418', 'B552', 'B477', 'B105', 'B732', 'B402', 'B142', 'B608', 'B467', 'B337', 'B667', 'B146', 'B391', 'B285']",9.5,D0,0.0,15,0,15,0.0,,-0.675371,-13.227713,-13.903084,True,True,1,D0,False,0,0.1189,do_nothing,,,,,,,,,,,,,,,,,,,,,,,,,,,,,,,,,,,,,,,,,,,,,,,,,,,,
42,11,6,1,D0,True,15,0,15,0,0,0,0,0,5,"['B433', 'B694', 'B385', 'B746', 'B170']",2.5,S65,3.15,20,0,20,0.0,,-2.520491,-13.902139,-16.42263,True,True,5,S65,False,2,0.8479,load_queue,,,,,,,,,,,,,,,,,,,,,,,,,,,,,,,,,,,,,,,,,,,,,,,,,,,,
42,11,6,22,S65,False,20,0,20,20,0,0,0,0,0,"['B30', 'B225', 'B456', 'B429', 'B177', 'B542', 'B699', 'B666', 'B334', 'B378', 'B392', 'B534', 'B690', 'B418', 'B552', 'B433', 'B694', 'B385', 'B746', 'B170']",10.0,S54,8.42,0,0,0,0.0,,-2.751585,-13.837158,-16.588743,False,False,18,S60,True,14,2.4102,delivery,,,,,,,,,,,,,,,,,,,,,,,,,,,,,,,,,,,,,,,,,,,,,,,,,,,,
42,11,6,41,S54,False,0,0,0,0,19,0,0,0,0,"['B299', 'B565', 'B590', 'B301', 'B674', 'B751', 'B357', 'B251', 'B195', 'B647', 'B138', 'B96', 'B229', 'B713', 'B232', 'B579', 'B246', 'B393', 'B54']",9.5,S22,9.78,19,0,19,0.0,,-1.828803,-13.663816,-15.492619,False,False,18,S60,True,15,3.803,pickup,,,,,,,,,,,,,,,,,,,,,,,,,,,,,,,,,,,,,,,,,,,,,,,,,,,,
42,11,7,0,S22,False,19,0,19,0,0,2,0,0,0,[],6.0,S26,7.39,19,0,19,0.0,,-1.429796,-13.757604,-15.1874,True,True,54,S43,True,14,7.4697,do_nothing+onsite,,,,,,,,,,,,,,,,,,,,,,,,,,,,,,,,,,,,,,,,,,,,,,,,,,,,
42,11,7,13,S26,False,19,0,19,19,0,0,0,0,0,"['B299', 'B565', 'B590', 'B301', 'B674', 'B751', 'B357', 'B251', 'B195', 'B647', 'B138', 'B96', 'B229', 'B713', 'B232', 'B579', 'B246', 'B393', 'B54']",9.5,S37,7.79,0,0,0,0.0,,-1.527106,-13.70574,-15.232846,False,False,12,S35,True,8,1.7319,delivery,,,,,,,,,,,,,,,,,,,,,,,,,,,,,,,,,,,,,,,,,,,,,,,,,,,,
42,11,7,31,S37,False,0,0,0,0,16,0,0,0,0,"['B289', 'B628', 'B739', 'B185', 'B426', 'B533', 'B551', 'B180', 'B405', 'B539', 'B12', 'B758', 'B668', 'B498', 'B242', 'B658']",8.0,S43,1.66,16,0,16,0.0,,-1.304386,-13.82032,-15.124706,True,False,30,S60,True,12,4.2773,pickup,,,,,,,,,,,,,,,,,,,,,,,,,,,,,,,,,,,,,,,,,,,,,,,,,,,,
42,11,7,40,S43,False,16,0,16,16,0,0,2,0,0,"['B632', 'B441', 'B289', 'B628', 'B739', 'B185', 'B426', 'B533', 'B551', 'B180', 'B405', 'B539', 'B12', 'B758', 'B668', 'B498', 'B242', 'B658']",9.0,S35,7.26,0,2,2,0.0,,-1.394635,-13.767609,-15.162244,True,True,36,S35,False,32,4.6719,delivery+depot_removal,,,,,,,,,,,,,,,,,,,,,,,,,,,,,,,,,,,,,,,,,,,,,,,,,,,,
42,11,7,56,S35,False,0,2,2,0,15,0,0,0,0,"['B15', 'B48', 'B253', 'B371', 'B22', 'B121', 'B62', 'B93', 'B414', 'B300', 'B692', 'B468', 'B9', 'B271', 'B183']",7.5,S62,5.61,15,2,17,0.0,,-1.39142,-13.77015,-15.161569,False,False,18,S60,True,9,2.5798,pickup,,,,,,,,,,,,,,,,,,,,,,,,,,,,,,,,,,,,,,,,,,,,,,,,,,,,
42,11,8,10,S62,False,15,2,17,12,0,0,0,0,0,"['B15', 'B48', 'B253', 'B371', 'B22', 'B121', 'B62', 'B93', 'B414', 'B300', 'B692', 'B468']",6.0,S60,3.68,3,2,5,0.0,,-1.016835,-13.641174,-14.658009,True,False,36,S51,True,12,5.7301,delivery,,,,,,,,,,,,,,,,,,,,,,,,,,,,,,,,,,,,,,,,,,,,,,,,,,,,
42,11,8,19,S60,False,3,2,5,0,15,0,0,0,0,"['B203', 'B571', 'B188', 'B742', 'B532', 'B157', 'B126', 'B696', 'B560', 'B557', 'B168', 'B51', 'B482', 'B221', 'B654']",7.5,S66,1.23,18,2,20,0.0,,-0.917057,-13.581683,-14.49874,False,False,12,S23,True,10,1.6146,pickup,,,,,,,,,,,,,,,,,,,,,,,,,,,,,,,,,,,,,,,,,,,,,,,,,,,,
42,11,8,28,S66,False,18,2,20,10,0,0,0,0,0,"['B9', 'B271', 'B183', 'B203', 'B571', 'B188', 'B742', 'B532', 'B157', 'B126']",5.0,S34,4.36,8,2,10,0.0,,-0.661885,-13.460368,-14.122253,False,False,18,S34,False,6,2.0722,delivery,,,,,,,,,,,,,,,,,,,,,,,,,,,,,,,,,,,,,,,,,,,,,,,,,,,,
42,11,8,37,S34,False,8,2,10,8,0,1,0,0,0,"['B696', 'B560', 'B557', 'B168', 'B51', 'B482', 'B221', 'B654']",7.0,S5,11.93,0,2,2,0.0,,-0.684324,-13.198614,-13.882938,True,True,24,S57,True,19,2.4498,delivery+onsite,,,,,,,,,,,,,,,,,,,,,,,,,,,,,,,,,,,,,,,,,,,,,,,,,,,,
42,11,8,56,S5,False,0,2,2,0,18,0,0,0,0,"['B310', 'B505', 'B113', 'B630', 'B272', 'B270', 'B569', 'B431', 'B623', 'B207', 'B186', 'B428', 'B607', 'B562', 'B419', 'B197', 'B443', 'B5']",9.0,S23,4.49,18,2,20,0.0,,-0.683934,-13.228955,-13.912889,False,False,12,S20,True,8,1.6811,pickup,,,,,,,,,,,,,,,,,,,,,,,,,,,,,,,,,,,,,,,,,,,,,,,,,,,,
42,11,9,10,S23,False,18,2,20,7,0,0,0,0,0,"['B310', 'B505', 'B113', 'B630', 'B272', 'B270', 'B569']",3.5,S61,6.04,11,2,13,0.0,,-0.801854,-13.425515,-14.227369,False,False,18,S65,True,16,2.0433,delivery,,,,,,,,,,,,,,,,,,,,,,,,,,,,,,,,,,,,,,,,,,,,,,,,,,,,
42,11,9,19,S61,False,11,2,13,10,0,0,0,0,0,"['B431', 'B623', 'B207', 'B186', 'B428', 'B607', 'B562', 'B419', 'B197', 'B443']",5.0,S58,2.59,1,2,3,0.0,,-0.467515,-13.296767,-13.764282,False,False,18,S41,True,8,2.2525,delivery,,,,,,,,,,,,,,,,,,,,,,,,,,,,,,,,,,,,,,,,,,,,,,,,,,,,
42,11,9,27,S58,False,1,2,3,0,14,0,0,0,0,"['B233', 'B655', 'B184', 'B629', 'B622', 'B265', 'B567', 'B107', 'B683', 'B259', 'B263', 'B313', 'B58', 'B155']",7.0,S65,6.14,15,2,17,0.0,,-0.293202,-13.105973,-13.399175,False,False,18,S53,True,6,2.3487,pickup,,,,,,,,,,,,,,,,,,,,,,,,,,,,,,,,,,,,,,,,,,,,,,,,,,,,
42,11,9,40,S65,False,15,2,17,13,0,0,0,0,0,"['B5', 'B233', 'B655', 'B184', 'B629', 'B622', 'B265', 'B567', 'B107', 'B683', 'B259', 'B263', 'B313']",6.5,S8,17.96,2,2,4,0.0,,-0.36072,-13.359284,-13.720004,False,False,18,S11,True,9,2.7174,delivery,,,,,,,,,,,,,,,,,,,,,,,,,,,,,,,,,,,,,,,,,,,,,,,,,,,,
42,11,10,4,S8,False,2,2,4,0,16,0,0,0,0,"['B452', 'B274', 'B11', 'B427', 'B208', 'B116', 'B500', 'B753', 'B595', 'B328', 'B64', 'B118', 'B422', 'B123', 'B374', 'B662']",8.0,S22,19.18,18,2,20,0.0,,-0.321269,-13.466627,-13.787896,False,False,12,S22,False,6,2.1692,pickup,,,,,,,,,,,,,,,,,,,,,,,,,,,,,,,,,,,,,,,,,,,,,,,,,,,,
42,11,10,32,S22,False,18,2,20,15,0,0,0,0,0,"['B58', 'B155', 'B452', 'B274', 'B11', 'B427', 'B208', 'B116', 'B500', 'B753', 'B595', 'B328', 'B64', 'B118', 'B422']",7.5,S47,2.32,3,2,5,0.0,,-0.351908,-13.526222,-13.87813,False,False,18,S7,True,14,3.3923,delivery,,,,,,,,,,,,,,,,,,,,,,,,,,,,,,,,,,,,,,,,,,,,,,,,,,,,
42,11,10,41,S47,False,3,2,5,0,11,0,1,0,0,"['B707', 'B726', 'B169', 'B215', 'B574', 'B515', 'B559', 'B719', 'B227', 'B764', 'B35', 'B90']",6.0,S40,6.23,14,3,17,0.0,,-0.233285,-13.38738,-13.620665,True,True,36,S7,True,32,8.2964,pickup+depot_removal,,,,,,,,,,,,,,,,,,,,,,,,,,,,,,,,,,,,,,,,,,,,,,,,,,,,
42,11,10,54,S40,False,14,3,17,0,0,2,2,0,0,"['B712', 'B745']",7.0,S50,4.22,14,5,19,0.0,,-0.634365,-13.57071,-14.205076,True,True,162,S7,True,48,18.1412,do_nothing+maintenance,,,,,,,,,,,,,,,,,,,,,,,,,,,,,,,,,,,,,,,,,,,,,,,,,,,,
42,11,11,5,S50,False,14,5,19,14,0,0,0,0,0,"['B123', 'B374', 'B662', 'B707', 'B726', 'B169', 'B215', 'B574', 'B515', 'B559', 'B719', 'B227', 'B764', 'B35']",7.0,S18,8.03,0,5,5,0.0,,-0.340224,-13.393408,-13.733632,False,False,12,S7,True,6,1.4323,delivery,,,,,,,,,,,,,,,,,,,,,,,,,,,,,,,,,,,,,,,,,,,,,,,,,,,,
42,11,11,20,S18,False,0,5,5,0,15,0,0,0,0,"['B282', 'B730', 'B224', 'B353', 'B584', 'B349', 'B150', 'B585', 'B199', 'B316', 'B387', 'B100', 'B540', 'B453', 'B304']",7.5,S26,7.46,15,5,20,0.0,,-0.517361,-13.360236,-13.877597,False,False,18,S53,True,7,2.1864,pickup,,,,,,,,,,,,,,,,,,,,,,,,,,,,,,,,,,,,,,,,,,,,,,,,,,,,
42,11,11,35,S26,False,15,5,20,15,0,0,0,0,0,"['B282', 'B730', 'B224', 'B353', 'B584', 'B349', 'B150', 'B585', 'B199', 'B316', 'B387', 'B100', 'B540', 'B453', 'B304']",7.5,S53,7.29,0,5,5,0.0,,-0.682052,-13.351421,-14.033474,False,False,12,S41,True,10,1.5002,delivery,,,,,,,,,,,,,,,,,,,,,,,,,,,,,,,,,,,,,,,,,,,,,,,,,,,,
42,11,11,50,S53,False,0,5,5,0,15,0,0,0,0,"['B132', 'B436', 'B581', 'B725', 'B249', 'B202', 'B464', 'B484', 'B66', 'B545', 'B478', 'B104', 'B488', 'B536', 'B672']",7.5,S35,5.18,15,5,20,0.0,,-1.169675,-13.426944,-14.59662,False,False,18,S55,True,6,2.1868,pickup,,,,,,,,,,,,,,,,,,,,,,,,,,,,,,,,,,,,,,,,,,,,,,,,,,,,
42,11,12,2,S35,False,15,5,20,11,0,0,0,0,0,"['B132', 'B436', 'B581', 'B725', 'B249', 'B202', 'B464', 'B484', 'B66', 'B545', 'B478']",5.5,S21,4.69,4,5,9,0.0,,-0.777454,-13.40015,-14.177605,False,False,18,S25,True,8,2.1735,delivery,,,,,,,,,,,,,,,,,,,,,,,,,,,,,,,,,,,,,,,,,,,,,,,,,,,,
42,11,12,13,S21,False,4,5,9,4,0,1,0,0,0,"['B104', 'B488', 'B536', 'B672']",5.0,S19,12.44,0,5,5,0.0,,-0.760134,-13.463526,-14.22366,True,True,24,S19,False,21,3.8106,delivery+onsite,,,,,,,,,,,,,,,,,,,,,,,,,,,,,,,,,,,,,,,,,,,,,,,,,,,,
42,11,12,30,S19,False,0,5,5,0,8,0,0,0,0,"['B394', 'B333', 'B94', 'B645', 'B665', 'B82', 'B396', 'B564']",4.0,S51,1.21,8,5,13,0.0,,-1.229038,-13.533448,-14.762487,False,False,18,S41,True,6,2.2842,pickup,,,,,,,,,,,,,,,,,,,,,,,,,,,,,,,,,,,,,,,,,,,,,,,,,,,,
42,11,12,35,S51,False,8,5,13,0,7,0,0,0,0,"['B7', 'B703', 'B596', 'B493', 'B675', 'B225', 'B385']",3.5,S29,7.57,15,5,20,0.0,,-1.029105,-13.603109,-14.632214,False,False,12,S25,True,7,1.3642,pickup,,,,,,,,,,,,,,,,,,,,,,,,,,,,,,,,,,,,,,,,,,,,,,,,,,,,
42,11,12,46,S29,False,15,5,20,12,0,0,0,0,0,"['B394', 'B333', 'B94', 'B645', 'B665', 'B82', 'B396', 'B564', 'B7', 'B703', 'B596', 'B493']",6.0,S41,7.7,3,5,8,0.0,,-1.430781,-13.387284,-14.818064,False,False,18,S50,True,7,2.6396,delivery,,,,,,,,,,,,,,,,,,,,,,,,,,,,,,,,,,,,,,,,,,,,,,,,,,,,
42,11,13,0,S41,False,3,5,8,0,12,0,0,0,0,"['B292', 'B749', 'B474', 'B613', 'B404', 'B503', 'B171', 'B597', 'B89', 'B109', 'B214', 'B319']",6.0,S50,8.63,15,5,20,0.0,,-1.699497,-13.255889,-14.955386,True,False,24,S44,True,13,2.4191,pickup,,,,,,,,,,,,,,,,,,,,,,,,,,,,,,,,,,,,,,,,,,,,,,,,,,,,
42,11,13,15,S50,False,15,5,20,15,0,0,0,0,0,"['B675', 'B225', 'B385', 'B292', 'B749', 'B474', 'B613', 'B404', 'B503', 'B171', 'B597', 'B89', 'B109', 'B214', 'B319']",7.5,S66,7.23,0,5,5,0.0,,-1.182139,-13.244681,-14.42682,False,False,12,S66,False,6,1.7307,delivery,,,,,,,,,,,,,,,,,,,,,,,,,,,,,,,,,,,,,,,,,,,,,,,,,,,,
42,11,13,29,S66,False,0,5,5,0,14,0,0,0,0,"['B347', 'B152', 'B334', 'B96', 'B55', 'B296', 'B1', 'B526', 'B93', 'B341', 'B294', 'B187', 'B643', 'B469']",7.0,S36,7.48,14,5,19,0.0,,-0.955,-13.270855,-14.225855,False,False,18,S29,True,16,2.241,pickup,,,,,,,,,,,,,,,,,,,,,,,,,,,,,,,,,,,,,,,,,,,,,,,,,,,,
42,11,13,44,S36,False,14,5,19,9,0,0,0,0,0,"['B347', 'B152', 'B334', 'B96', 'B55', 'B296', 'B1', 'B526', 'B93']",4.5,S48,1.72,5,5,10,0.0,,-2.069035,-13.311014,-15.380048,False,False,18,S37,True,8,1.9907,delivery,,,,,,,,,,,,,,,,,,,,,,,,,,,,,,,,,,,,,,,,,,,,,,,,,,,,
42,11,13,50,S48,False,5,5,10,0,10,1,0,0,0,"['B20', 'B295', 'B378', 'B523', 'B689', 'B642', 'B336', 'B87', 'B547', 'B45']",8.0,S29,7.68,15,5,20,0.0,,-1.455016,-13.306769,-14.761784,True,True,24,S38,True,18,2.4726,pickup+onsite,,,,,,,,,,,,,,,,,,,,,,,,,,,,,,,,,,,,,,,,,,,,,,,,,,,,
42,11,14,6,S29,False,15,5,20,0,0,0,0,0,0,[],0.0,S35,1.95,15,5,20,0.0,,-2.067137,-13.415779,-15.482916,False,False,12,S51,True,1,1.9906,do_nothing,,,,,,,,,,,,,,,,,,,,,,,,,,,,,,,,,,,,,,,,,,,,,,,,,,,,
42,11,14,8,S35,False,15,5,20,15,0,0,0,0,0,"['B341', 'B294', 'B187', 'B643', 'B469', 'B20', 'B295', 'B378', 'B523', 'B689', 'B642', 'B336', 'B87', 'B547', 'B45']",7.5,S51,8.32,0,5,5,0.0,,-2.000584,-13.30944,-15.310024,False,False,18,S29,True,13,2.696,delivery,,,,,,,,,,,,,,,,,,,,,,,,,,,,,,,,,,,,,,,,,,,,,,,,,,,,
42,11,14,23,S51,False,0,5,5,0,13,0,0,0,0,"['B97', 'B641', 'B102', 'B34', 'B470', 'B177', 'B38', 'B29', 'B122', 'B464', 'B398', 'B761', 'B419']",6.5,S29,7.57,13,5,18,0.0,,-1.500959,-13.349874,-14.850833,False,False,18,S29,True,6,2.4547,pickup,,,,,,,,,,,,,,,,,,,,,,,,,,,,,,,,,,,,,,,,,,,,,,,,,,,,
42,11,14,38,S29,False,13,5,18,13,0,0,0,0,0,"['B97', 'B641', 'B102', 'B34', 'B470', 'B177', 'B38', 'B29', 'B122', 'B464', 'B398', 'B761', 'B419']",6.5,S61,5.74,0,5,5,0.0,,-1.077869,-13.177084,-14.254953,False,False,12,S16,True,8,1.9945,delivery,,,,,,,,,,,,,,,,,,,,,,,,,,,,,,,,,,,,,,,,,,,,,,,,,,,,
42,11,14,50,S61,False,0,5,5,0,9,0,0,0,0,"['B516', 'B288', 'B397', 'B627', 'B621', 'B741', 'B552', 'B533', 'B112']",4.5,S38,3.09,9,5,14,0.0,,-1.737632,-13.323209,-15.060841,False,False,18,S58,True,15,2.5765,pickup,,,,,,,,,,,,,,,,,,,,,,,,,,,,,,,,,,,,,,,,,,,,,,,,,,,,
42,11,14,57,S38,False,9,5,14,9,0,0,0,0,0,"['B516', 'B288', 'B397', 'B627', 'B621', 'B741', 'B552', 'B533', 'B112']",4.5,S30,4.47,0,5,5,0.0,,-1.294941,-13.334313,-14.629254,False,False,12,S30,False,10,1.7927,delivery,,,,,,,,,,,,,,,,,,,,,,,,,,,,,,,,,,,,,,,,,,,,,,,,,,,,
42,11,15,6,S30,False,0,5,5,0,6,0,0,0,0,"['B70', 'B263', 'B567', 'B286', 'B132', 'B704']",3.0,S58,4.82,6,5,11,0.0,,-0.897783,-13.253134,-14.150917,True,False,54,S58,True,38,5.399,pickup,,,,,,,,,,,,,,,,,,,,,,,,,,,,,,,,,,,,,,,,,,,,,,,,,,,,
42,11,15,14,S58,False,6,5,11,0,9,0,0,0,0,"['B95', 'B58', 'B222', 'B728', 'B611', 'B452', 'B708', 'B652', 'B10']",4.5,S63,2.12,15,5,20,0.0,,-0.918456,-13.161529,-14.079985,False,False,12,S63,False,8,1.1994,pickup,,,,,,,,,,,,,,,,,,,,,,,,,,,,,,,,,,,,,,,,,,,,,,,,,,,,
42,11,15,21,S63,False,15,5,20,15,0,0,0,0,0,"['B70', 'B263', 'B567', 'B286', 'B132', 'B704', 'B95', 'B58', 'B222', 'B728', 'B611', 'B452', 'B708', 'B652', 'B10']",7.5,S31,4.21,0,5,5,0.0,,-0.856157,-13.029545,-13.885702,False,False,18,S39,True,12,2.5884,delivery,,,,,,,,,,,,,,,,,,,,,,,,,,,,,,,,,,,,,,,,,,,,,,,,,,,,
42,11,15,33,S31,False,0,5,5,0,15,0,0,0,0,"['B335', 'B657', 'B195', 'B649', 'B73', 'B454', 'B548', 'B238', 'B17', 'B189', 'B606', 'B400', 'B706', 'B372', 'B351']",7.5,S39,3.72,15,5,20,0.0,,-0.743078,-13.110033,-13.853111,False,False,12,S39,False,6,1.8976,pickup,,,,,,,,,,,,,,,,,,,,,,,,,,,,,,,,,,,,,,,,,,,,,,,,,,,,
42,11,15,44,S39,False,15,5,20,15,0,0,0,0,0,"['B335', 'B657', 'B195', 'B649', 'B73', 'B454', 'B548', 'B238', 'B17', 'B189', 'B606', 'B400', 'B706', 'B372', 'B351']",7.5,S54,8.41,0,5,5,0.0,,-0.733828,-13.096624,-13.830452,False,False,12,S62,True,7,2.1265,delivery,,,,,,,,,,,,,,,,,,,,,,,,,,,,,,,,,,,,,,,,,,,,,,,,,,,,
42,11,16,0,S54,False,0,5,5,0,0,0,2,0,0,"['B723', 'B326']",1.0,S62,2.78,0,7,7,0.0,,-0.87334,-13.184601,-14.057942,True,True,108,S42,True,13,16.9477,do_nothing+depot_removal,,,,,,,,,,,,,,,,,,,,,,,,,,,,,,,,,,,,,,,,,,,,,,,,,,,,
42,11,16,3,S62,False,0,7,7,0,12,1,1,0,0,"['B362', 'B429', 'B19', 'B271', 'B643', 'B660', 'B313', 'B513', 'B42', 'B742', 'B308', 'B153', 'B243']",9.5,S26,5.52,12,8,20,0.0,,-0.815019,-13.075916,-13.890935,True,True,72,S42,True,43,10.577,pickup+maintenance,,,,,,,,,,,,,,,,,,,,,,,,,,,,,,,,,,,,,,,,,,,,,,,,,,,,
42,11,16,18,S26,False,12,8,20,12,0,0,1,0,0,"['B361', 'B362', 'B429', 'B19', 'B271', 'B643', 'B660', 'B313', 'B513', 'B42', 'B742', 'B308', 'B153']",6.5,S42,6.95,0,9,9,0.0,,-0.63892,-13.107443,-13.746362,True,True,18,S42,False,12,2.3903,delivery+depot_removal,,,,,,,,,,,,,,,,,,,,,,,,,,,,,,,,,,,,,,,,,,,,,,,,,,,,
42,11,16,32,S42,False,0,9,9,0,11,0,0,0,0,"['B536', 'B609', 'B442', 'B672', 'B435', 'B196', 'B174', 'B178', 'B734', 'B341', 'B187']",5.5,S52,8.01,11,9,20,0.0,,-0.499208,-12.83077,-13.329978,False,False,12,S52,False,6,1.74,pickup,,,,,,,,,,,,,,,,,,,,,,,,,,,,,,,,,,,,,,,,,,,,,,,,,,,,
42,11,16,45,S52,False,11,9,20,11,0,1,1,0,0,"['B720', 'B536', 'B609', 'B442', 'B672', 'B435', 'B196', 'B174', 'B178', 'B734', 'B341', 'B187']",9.0,S58,1.84,0,10,10,0.0,,-0.491093,-12.751098,-13.242191,True,True,36,S36,True,32,4.9636,delivery+maintenance,,,,,,,,,,,,,,,,,,,,,,,,,,,,,,,,,,,,,,,,,,,,,,,,,,,,
42,11,16,56,S58,False,0,10,10,0,10,0,0,0,0,"['B521', 'B551', 'B203', 'B699', 'B181', 'B244', 'B324', 'B7', 'B110', 'B401']",5.0,S44,1.79,10,10,20,0.0,,-0.470104,-12.753472,-13.223576,False,False,12,S44,False,6,1.6828,pickup,,,,,,,,,,,,,,,,,,,,,,,,,,,,,,,,,,,,,,,,,,,,,,,,,,,,
42,11,17,3,S44,False,10,10,20,6,0,0,0,0,0,"['B521', 'B551', 'B203', 'B699', 'B181', 'B244']",3.0,S0,10.16,4,10,14,0.0,,-0.550486,-12.640003,-13.190489,False,False,18,S10,True,14,2.5169,delivery,,,,,,,,,,,,,,,,,,,,,,,,,,,,,,,,,,,,,,,,,,,,,,,,,,,,
42,11,17,16,S0,False,4,10,14,4,0,0,2,0,0,"['B423', 'B360', 'B324', 'B7', 'B110', 'B401']",3.0,S11,1.89,0,12,12,0.0,,-0.371305,-12.681601,-13.052906,True,True,36,S11,False,30,4.6918,delivery+depot_removal,,,,,,,,,,,,,,,,,,,,,,,,,,,,,,,,,,,,,,,,,,,,,,,,,,,,
42,11,17,21,S11,False,0,12,12,0,8,1,0,0,0,"['B36', 'B546', 'B716', 'B413', 'B173', 'B410', 'B305', 'B518']",7.0,S10,4.86,8,12,20,0.0,,-0.195229,-12.573985,-12.769214,True,True,24,S1,True,19,2.8731,pickup+onsite,,,,,,,,,,,,,,,,,,,,,,,,,,,,,,,,,,,,,,,,,,,,,,,,,,,,
42,11,17,33,S10,False,8,12,20,8,0,1,0,0,0,"['B36', 'B546', 'B716', 'B413', 'B173', 'B410', 'B305', 'B518']",7.0,S56,2.55,0,12,12,0.0,,-0.382883,-12.647222,-13.030105,True,True,24,S66,True,19,2.9395,delivery+onsite,,,,,,,,,,,,,,,,,,,,,,,,,,,,,,,,,,,,,,,,,,,,,,,,,,,,
42,11,17,42,S56,False,0,12,12,0,6,2,0,0,0,"['B554', 'B131', 'B228', 'B488', 'B752', 'B704']",9.0,S33,4.3,6,12,18,0.0,,-0.36119,-12.605608,-12.966799,True,True,54,S1,True,33,5.373,pickup+onsite,,,,,,,,,,,,,,,,,,,,,,,,,,,,,,,,,,,,,,,,,,,,,,,,,,,,
42,11,17,56,S33,False,6,12,18,6,0,1,0,0,0,"['B554', 'B131', 'B228', 'B488', 'B752', 'B704']",6.0,S12,6.96,0,12,12,0.0,,-0.531355,-12.627078,-13.158433,True,True,24,S66,True,18,3.0917,delivery+onsite,,,,,,,,,,,,,,,,,,,,,,,,,,,,,,,,,,,,,,,,,,,,,,,,,,,,
42,11,18,9,S12,False,0,12,12,0,8,0,0,0,0,"['B697', 'B424', 'B5', 'B448', 'B568', 'B617', 'B555', 'B101']",4.0,S35,9.87,8,12,20,0.0,,-0.302964,-12.621999,-12.924962,False,False,12,S8,True,8,1.1942,pickup,,,,,,,,,,,,,,,,,,,,,,,,,,,,,,,,,,,,,,,,,,,,,,,,,,,,
42,11,18,23,S35,False,8,12,20,8,0,0,0,0,0,"['B697', 'B424', 'B5', 'B448', 'B568', 'B617', 'B555', 'B101']",4.0,S64,8.94,0,12,12,0.0,,-0.438366,-12.658232,-13.096598,False,False,12,S21,True,10,1.4063,delivery,,,,,,,,,,,,,,,,,,,,,,,,,,,,,,,,,,,,,,,,,,,,,,,,,,,,
42,11,18,36,S64,False,0,12,12,0,8,1,0,0,0,"['B743', 'B2', 'B291', 'B354', 'B31', 'B20', 'B127', 'B715']",7.0,S37,1.94,8,12,20,0.0,,-0.216023,-12.744176,-12.960199,True,True,36,S37,True,18,4.233,pickup+onsite,,,,,,,,,,,,,,,,,,,,,,,,,,,,,,,,,,,,,,,,,,,,,,,,,,,,
42,11,18,44,S37,False,8,12,20,0,0,1,0,0,0,[],3.0,S14,9.35,8,12,20,0.0,,-0.164824,-12.711938,-12.876763,True,True,36,S14,False,6,4.247,do_nothing+onsite,,,,,,,,,,,,,,,,,,,,,,,,,,,,,,,,,,,,,,,,,,,,,,,,,,,,
42,11,18,57,S14,False,8,12,20,8,0,0,0,0,0,"['B743', 'B2', 'B291', 'B354', 'B31', 'B20', 'B127', 'B715']",4.0,S32,6.61,0,12,12,0.0,,-0.441199,-12.792996,-13.234195,False,False,12,S31,True,7,1.5128,delivery,,,,,,,,,,,,,,,,,,,,,,,,,,,,,,,,,,,,,,,,,,,,,,,,,,,,
42,11,19,7,S32,False,0,12,12,0,8,0,0,0,0,"['B581', 'B43', 'B254', 'B255', 'B58', 'B481', 'B207', 'B757']",4.0,S13,14.96,8,12,20,0.0,,-0.205758,-12.773406,-12.979164,True,False,36,S44,True,24,3.4777,pickup,,,,,,,,,,,,,,,,,,,,,,,,,,,,,,,,,,,,,,,,,,,,,,,,,,,,
42,11,19,26,S13,False,8,12,20,8,0,1,1,0,0,"['B684', 'B581', 'B43', 'B254', 'B255', 'B58', 'B481', 'B207', 'B757']",7.5,S30,6.68,0,13,13,0.0,,-0.323144,-12.709513,-13.032657,True,True,30,S18,True,28,3.5871,delivery+maintenance,,,,,,,,,,,,,,,,,,,,,,,,,,,,,,,,,,,,,,,,,,,,,,,,,,,,
42,11,19,41,S30,False,0,13,13,0,7,0,0,0,0,"['B322', 'B474', 'B383', 'B246', 'B607', 'B456', 'B381']",3.5,S18,3.23,7,13,20,0.0,,-0.186507,-12.586545,-12.773051,True,False,16,D0,True,7,1.5115,pickup,,,,,,,,,,,,,,,,,,,,,,,,,,,,,,,,,,,,,,,,,,,,,,,,,,,,
42,11,19,47,S18,False,7,13,20,7,0,0,0,0,0,"['B322', 'B474', 'B383', 'B246', 'B607', 'B456', 'B381']",3.5,D0,1.79,0,13,13,0.0,,-0.204915,-12.820881,-13.025796,False,False,2,D0,False,1,0.215,delivery,,,,,,,,,,,,,,,,,,,,,,,,,,,,,,,,,,,,,,,,,,,,,,,,,,,,
42,11,19,53,D0,True,0,13,13,0,0,0,0,13,17,"['B612', 'B502', 'B356', 'B563', 'B659', 'B477', 'B105', 'B732', 'B402', 'B142', 'B608', 'B467', 'B337', 'B667', 'B146', 'B391', 'B285', 'B632', 'B441', 'B90', 'B712', 'B745', 'B723', 'B326', 'B243', 'B361', 'B720', 'B423', 'B360', 'B684']",15.0,D0,0.0,17,0,17,0.0,,-0.087543,-12.679756,-12.767299,True,True,1,D0,False,0,0.1159,do_nothing,,,,,,,,,,,,,,,,,,,,,,,,,,,,,,,,,,,,,,,,,,,,,,,,,,,,
42,12,6,8,D0,True,17,0,17,0,0,0,0,0,0,[],0.0,S62,0.46,17,0,17,0.0,,-0.284048,-12.894526,-13.178574,True,True,5,S62,False,0,0.6531,depot_passthrough,,,,,,,,,,,,,,,,,,,,,,,,,,,,,,,,,,,,,,,,,,,,,,,,,,,,
42,12,6,23,S62,False,17,0,17,14,0,0,0,0,0,"['B612', 'B502', 'B356', 'B563', 'B659', 'B477', 'B105', 'B732', 'B402', 'B142', 'B608', 'B467', 'B337', 'B667']",7.0,S46,2.76,3,0,3,0.0,,-0.195028,-12.955907,-13.150935,False,False,18,S36,True,13,2.211,delivery,,,,,,,,,,,,,,,,,,,,,,,,,,,,,,,,,,,,,,,,,,,,,,,,,,,,
42,12,6,33,S46,False,3,0,3,0,0,0,1,0,0,['B670'],0.5,S36,2.35,3,1,4,0.0,,-0.22395,-13.051786,-13.275736,True,True,18,S47,True,6,2.4073,do_nothing+depot_removal,,,,,,,,,,,,,,,,,,,,,,,,,,,,,,,,,,,,,,,,,,,,,,,,,,,,
42,12,6,36,S36,False,3,1,4,0,16,0,0,0,0,"['B152', 'B334', 'B96', 'B55', 'B296', 'B1', 'B526', 'B93', 'B172', 'B338', 'B426', 'B86', 'B747', 'B366', 'B494', 'B141']",8.0,S47,9.79,19,1,20,0.0,,-0.263794,-13.048137,-13.311931,False,False,12,S47,False,6,1.4962,pickup,,,,,,,,,,,,,,,,,,,,,,,,,,,,,,,,,,,,,,,,,,,,,,,,,,,,
42,12,6,53,S47,False,19,1,20,12,0,0,0,0,0,"['B146', 'B391', 'B285', 'B152', 'B334', 'B96', 'B55', 'B296', 'B1', 'B526', 'B93', 'B172']",6.0,S45,6.92,7,1,8,0.0,,-0.23562,-13.034052,-13.269672,False,False,18,S31,True,7,2.363,delivery,,,,,,,,,,,,,,,,,,,,,,,,,,,,,,,,,,,,,,,,,,,,,,,,,,,,
42,12,7,6,S45,False,7,1,8,0,9,0,0,0,0,"['B28', 'B483', 'B691', 'B722', 'B8', 'B714', 'B60', 'B737', 'B765']",4.5,S32,2.27,16,1,17,0.0,,-0.20668,-13.018284,-13.224963,False,False,18,S16,True,16,3.3862,pickup,,,,,,,,,,,,,,,,,,,,,,,,,,,,,,,,,,,,,,,,,,,,,,,,,,,,
42,12,7,13,S32,False,16,1,17,8,0,1,1,0,0,"['B537', 'B338', 'B426', 'B86', 'B747', 'B366', 'B494', 'B141', 'B28']",7.5,S33,3.27,8,2,10,0.0,,-0.194976,-13.065268,-13.260244,True,True,72,S33,False,44,8.6766,delivery+maintenance,,,,,,,,,,,,,,,,,,,,,,,,,,,,,,,,,,,,,,,,,,,,,,,,,,,,
42,12,7,24,S33,False,8,2,10,8,0,0,0,0,0,"['B483', 'B691', 'B722', 'B8', 'B714', 'B60', 'B737', 'B765']",4.0,S31,3.18,0,2,2,0.0,,-0.185514,-12.950081,-13.135596,False,False,12,S58,True,9,1.1583,delivery,,,,,,,,,,,,,,,,,,,,,,,,,,,,,,,,,,,,,,,,,,,,,,,,,,,,
42,12,7,31,S31,False,0,2,2,0,15,0,1,0,0,"['B66', 'B389', 'B407', 'B249', 'B727', 'B191', 'B290', 'B12', 'B162', 'B762', 'B452', 'B575', 'B561', 'B26', 'B549', 'B99']",8.0,S24,6.93,15,3,18,0.0,,-0.184621,-12.526454,-12.711075,True,True,30,S58,True,18,4.219,pickup+depot_removal,,,,,,,,,,,,,,,,,,,,,,,,,,,,,,,,,,,,,,,,,,,,,,,,,,,,
42,12,7,46,S24,False,15,3,18,15,0,0,0,0,0,"['B66', 'B389', 'B407', 'B249', 'B727', 'B191', 'B290', 'B12', 'B162', 'B762', 'B452', 'B575', 'B561', 'B26', 'B549']",7.5,S58,9.95,0,3,3,0.0,,-0.214401,-12.537754,-12.752156,False,False,12,S58,False,8,1.7477,delivery,,,,,,,,,,,,,,,,,,,,,,,,,,,,,,,,,,,,,,,,,,,,,,,,,,,,
42,12,8,3,S58,False,0,3,3,0,16,0,0,0,0,"['B240', 'B136', 'B380', 'B6', 'B640', 'B658', 'B206', 'B103', 'B48', 'B700', 'B689', 'B347', 'B47', 'B298', 'B543', 'B642']",8.0,S16,1.83,16,3,19,0.0,,-0.146983,-12.510043,-12.657026,False,False,18,S37,True,10,2.4492,pickup,,,,,,,,,,,,,,,,,,,,,,,,,,,,,,,,,,,,,,,,,,,,,,,,,,,,
42,12,8,13,S16,False,16,3,19,4,0,0,2,0,0,"['B648', 'B531', 'B240', 'B136', 'B380', 'B6']",3.0,S53,1.73,12,5,17,0.0,,-0.16653,-12.429895,-12.596426,True,True,48,S13,True,28,6.0118,delivery+depot_removal,,,,,,,,,,,,,,,,,,,,,,,,,,,,,,,,,,,,,,,,,,,,,,,,,,,,
42,12,8,18,S53,False,12,5,17,9,0,1,1,0,0,"['B307', 'B640', 'B658', 'B206', 'B103', 'B48', 'B700', 'B689', 'B347', 'B47']",8.0,S63,1.49,3,6,9,0.0,,-0.215144,-12.406923,-12.622067,True,True,72,S2,True,43,8.4958,delivery+maintenance,,,,,,,,,,,,,,,,,,,,,,,,,,,,,,,,,,,,,,,,,,,,,,,,,,,,
42,12,8,28,S63,False,3,6,9,0,11,1,0,0,0,"['B183', 'B432', 'B179', 'B719', 'B144', 'B625', 'B53', 'B327', 'B73', 'B108', 'B59']",8.5,S13,12.63,14,6,20,0.0,,-0.176024,-12.342846,-12.51887,True,True,24,S13,False,20,2.6345,pickup+onsite,,,,,,,,,,,,,,,,,,,,,,,,,,,,,,,,,,,,,,,,,,,,,,,,,,,,
42,12,8,49,S13,False,14,6,20,14,0,0,0,0,0,"['B298', 'B543', 'B642', 'B183', 'B432', 'B179', 'B719', 'B144', 'B625', 'B53', 'B327', 'B73', 'B108', 'B59']",7.0,S60,8.16,0,6,6,0.0,,-0.165347,-12.511742,-12.677088,False,False,12,S2,True,10,1.3978,delivery,,,,,,,,,,,,,,,,,,,,,,,,,,,,,,,,,,,,,,,,,,,,,,,,,,,,
42,12,9,4,S60,False,0,6,6,0,11,1,0,0,0,"['B530', 'B701', 'B500', 'B70', 'B600', 'B764', 'B666', 'B595', 'B170', 'B125', 'B114']",8.5,S17,8.5,11,6,17,0.0,,-0.107144,-12.417984,-12.525128,True,True,36,S59,True,31,4.6048,pickup+onsite,,,,,,,,,,,,,,,,,,,,,,,,,,,,,,,,,,,,,,,,,,,,,,,,,,,,
42,12,9,21,S17,False,11,6,17,11,0,0,0,0,0,"['B530', 'B701', 'B500', 'B70', 'B600', 'B764', 'B666', 'B595', 'B170', 'B125', 'B114']",5.5,S52,8.97,0,6,6,0.0,,-0.136033,-12.513694,-12.649727,False,False,12,S52,False,6,1.7621,delivery,,,,,,,,,,,,,,,,,,,,,,,,,,,,,,,,,,,,,,,,,,,,,,,,,,,,
42,12,9,35,S52,False,0,6,6,0,12,0,0,0,0,"['B187', 'B257', 'B559', 'B289', 'B82', 'B409', 'B223', 'B39', 'B415', 'B440', 'B489', 'B322']",6.0,S2,7.02,12,6,18,0.0,,-0.048392,-12.459278,-12.507669,False,False,18,S15,True,16,2.2374,pickup,,,,,,,,,,,,,,,,,,,,,,,,,,,,,,,,,,,,,,,,,,,,,,,,,,,,
42,12,9,48,S2,False,12,6,18,12,0,0,0,0,0,"['B187', 'B257', 'B559', 'B289', 'B82', 'B409', 'B223', 'B39', 'B415', 'B440', 'B489', 'B322']",6.0,S63,8.26,0,6,6,0.0,,-0.193892,-12.506173,-12.700065,False,False,18,S15,True,13,2.8246,delivery,,,,,,,,,,,,,,,,,,,,,,,,,,,,,,,,,,,,,,,,,,,,,,,,,,,,
42,12,10,3,S63,False,0,6,6,0,14,0,0,0,0,"['B639', 'B0', 'B638', 'B726', 'B594', 'B629', 'B619', 'B321', 'B671', 'B545', 'B725', 'B35', 'B104', 'B201']",7.0,S61,3.24,14,6,20,0.0,,-0.077903,-12.605957,-12.68386,False,False,12,S26,True,10,1.6279,pickup,,,,,,,,,,,,,,,,,,,,,,,,,,,,,,,,,,,,,,,,,,,,,,,,,,,,
42,12,10,13,S61,False,14,6,20,7,0,0,0,0,0,"['B639', 'B0', 'B638', 'B726', 'B594', 'B629', 'B619']",3.5,S35,7.62,7,6,13,0.0,,-0.176721,-12.593681,-12.770402,False,False,18,S35,False,14,2.9991,delivery,,,,,,,,,,,,,,,,,,,,,,,,,,,,,,,,,,,,,,,,,,,,,,,,,,,,
42,12,10,24,S35,False,7,6,13,7,0,1,0,0,0,"['B321', 'B671', 'B545', 'B725', 'B35', 'B104', 'B201']",6.5,S52,6.71,0,6,6,0.0,,-0.203327,-12.73238,-12.935708,True,True,24,S52,False,18,3.0644,delivery+onsite,,,,,,,,,,,,,,,,,,,,,,,,,,,,,,,,,,,,,,,,,,,,,,,,,,,,
42,12,10,37,S52,False,0,6,6,0,8,0,0,0,0,"['B459', 'B542', 'B332', 'B405', 'B54', 'B406', 'B298', 'B543']",4.0,S65,6.18,8,6,14,0.0,,-0.106672,-12.556154,-12.662826,False,False,18,S63,True,6,2.522,pickup,,,,,,,,,,,,,,,,,,,,,,,,,,,,,,,,,,,,,,,,,,,,,,,,,,,,
42,12,10,47,S65,False,8,6,14,8,0,1,2,0,0,"['B511', 'B276', 'B459', 'B542', 'B332', 'B405', 'B54', 'B406', 'B298', 'B543']",8.0,S59,5.18,0,8,8,0.0,,-0.146444,-12.486095,-12.632539,True,True,72,S45,True,69,8.1801,delivery+maintenance,,,,,,,,,,,,,,,,,,,,,,,,,,,,,,,,,,,,,,,,,,,,,,,,,,,,
42,12,11,1,S59,False,0,8,8,0,0,0,0,0,0,[],0.0,S44,2.83,0,8,8,0.0,,-0.400888,-12.625231,-13.026119,False,False,18,S44,False,0,2.1252,do_nothing,,,,,,,,,,,,,,,,,,,,,,,,,,,,,,,,,,,,,,,,,,,,,,,,,,,,
42,12,11,3,S44,False,0,8,8,0,10,0,0,0,0,"['B468', 'B382', 'B588', 'B498', 'B293', 'B536', 'B622', 'B245', 'B237', 'B49']",5.0,S8,14.31,10,8,18,0.0,,-0.380825,-12.642824,-13.023649,False,False,18,S26,True,14,1.9089,pickup,,,,,,,,,,,,,,,,,,,,,,,,,,,,,,,,,,,,,,,,,,,,,,,,,,,,
42,12,11,23,S8,False,10,8,18,10,0,0,0,0,0,"['B468', 'B382', 'B588', 'B498', 'B293', 'B536', 'B622', 'B245', 'B237', 'B49']",5.0,S30,17.28,0,8,8,0.0,,-0.399256,-12.919093,-13.31835,False,False,12,S19,True,8,1.7343,delivery,,,,,,,,,,,,,,,,,,,,,,,,,,,,,,,,,,,,,,,,,,,,,,,,,,,,
42,12,11,45,S30,False,0,8,8,0,8,2,0,0,0,"['B713', 'B37', 'B129', 'B739', 'B752', 'B465', 'B473', 'B704']",10.0,S15,4.47,8,8,16,0.0,,-0.723318,-13.242758,-13.966077,True,True,54,S63,True,30,6.1296,pickup+onsite,,,,,,,,,,,,,,,,,,,,,,,,,,,,,,,,,,,,,,,,,,,,,,,,,,,,
42,12,11,59,S15,False,8,8,16,8,0,0,0,0,0,"['B713', 'B37', 'B129', 'B739', 'B752', 'B465', 'B473', 'B704']",4.0,S62,2.79,0,8,8,0.0,,-0.710541,-13.168588,-13.879129,False,False,12,S16,True,7,1.5925,delivery,,,,,,,,,,,,,,,,,,,,,,,,,,,,,,,,,,,,,,,,,,,,,,,,,,,,
42,12,12,6,S62,False,0,8,8,0,12,0,0,0,0,"['B240', 'B404', 'B33', 'B732', 'B451', 'B349', 'B529', 'B467', 'B759', 'B608', 'B654', 'B710']",6.0,S51,5.81,12,8,20,0.0,,-0.471289,-13.158737,-13.630026,False,False,12,S51,False,6,1.4404,pickup,,,,,,,,,,,,,,,,,,,,,,,,,,,,,,,,,,,,,,,,,,,,,,,,,,,,
42,12,12,18,S51,False,12,8,20,11,0,1,0,0,0,"['B240', 'B404', 'B33', 'B732', 'B451', 'B349', 'B529', 'B467', 'B759', 'B608', 'B654']",8.5,S19,1.21,1,8,9,0.0,,-0.418466,-13.201464,-13.61993,True,True,36,S12,True,20,4.1029,delivery+onsite,,,,,,,,,,,,,,,,,,,,,,,,,,,,,,,,,,,,,,,,,,,,,,,,,,,,
42,12,12,28,S19,False,1,8,9,0,8,0,0,0,0,"['B13', 'B211', 'B456', 'B182', 'B611', 'B69', 'B446', 'B359']",4.0,S44,4.96,9,8,17,0.0,,-0.379776,-13.192764,-13.57254,False,False,18,S49,True,9,1.7243,pickup,,,,,,,,,,,,,,,,,,,,,,,,,,,,,,,,,,,,,,,,,,,,,,,,,,,,
42,12,12,37,S44,False,9,8,17,9,0,0,0,0,0,"['B710', 'B13', 'B211', 'B456', 'B182', 'B611', 'B69', 'B446', 'B359']",4.5,S63,0.47,0,8,8,0.0,,-0.107012,-12.847649,-12.954661,False,False,18,S53,True,9,1.8951,delivery,,,,,,,,,,,,,,,,,,,,,,,,,,,,,,,,,,,,,,,,,,,,,,,,,,,,
42,12,12,42,S63,False,0,8,8,0,12,0,0,0,0,"['B58', 'B705', 'B377', 'B263', 'B134', 'B665', 'B419', 'B315', 'B534', 'B29', 'B374', 'B325']",6.0,S53,1.49,12,8,20,0.0,,-0.407132,-12.731957,-13.13909,False,False,18,S49,True,12,1.8708,pickup,,,,,,,,,,,,,,,,,,,,,,,,,,,,,,,,,,,,,,,,,,,,,,,,,,,,
42,12,12,49,S53,False,12,8,20,12,0,0,1,0,0,"['B201', 'B58', 'B705', 'B377', 'B263', 'B134', 'B665', 'B419', 'B315', 'B534', 'B29', 'B374', 'B325']",6.5,S55,2.16,0,9,9,0.0,,-0.60477,-12.81428,-13.41905,True,True,18,S35,True,14,1.8484,delivery+depot_removal,,,,,,,,,,,,,,,,,,,,,,,,,,,,,,,,,,,,,,,,,,,,,,,,,,,,
42,12,12,58,S55,False,0,9,9,0,11,0,0,0,0,"['B81', 'B151', 'B724', 'B192', 'B509', 'B707', 'B303', 'B734', 'B655', 'B535', 'B469']",5.5,S35,3.04,11,9,20,0.0,,-0.518341,-12.743709,-13.262051,True,False,18,S49,True,12,2.1475,pickup,,,,,,,,,,,,,,,,,,,,,,,,,,,,,,,,,,,,,,,,,,,,,,,,,,,,
42,12,13,6,S35,False,11,9,20,11,0,0,0,0,0,"['B81', 'B151', 'B724', 'B192', 'B509', 'B707', 'B303', 'B734', 'B655', 'B535', 'B469']",5.5,S59,9.27,0,9,9,0.0,,-0.351108,-12.685249,-13.036357,False,False,12,S60,True,9,1.2784,delivery,,,,,,,,,,,,,,,,,,,,,,,,,,,,,,,,,,,,,,,,,,,,,,,,,,,,
42,12,13,21,S59,False,0,9,9,0,11,0,0,0,0,"['B140', 'B339', 'B83', 'B251', 'B512', 'B445', 'B84', 'B519', 'B680', 'B77', 'B634']",5.5,S26,8.38,11,9,20,0.0,,-0.643919,-12.731088,-13.375008,False,False,12,S60,True,6,1.3081,pickup,,,,,,,,,,,,,,,,,,,,,,,,,,,,,,,,,,,,,,,,,,,,,,,,,,,,
42,12,13,35,S26,False,11,9,20,11,0,0,0,0,0,"['B140', 'B339', 'B83', 'B251', 'B512', 'B445', 'B84', 'B519', 'B680', 'B77', 'B634']",5.5,S60,6.85,0,9,9,0.0,,-0.721739,-12.815256,-13.536995,False,False,12,S36,True,6,1.2969,delivery,,,,,,,,,,,,,,,,,,,,,,,,,,,,,,,,,,,,,,,,,,,,,,,,,,,,
42,12,13,47,S60,False,0,9,9,0,0,0,0,0,0,[],0.0,S54,6.45,0,9,9,0.0,,-0.623904,-12.842197,-13.4661,False,False,12,S31,True,1,1.288,do_nothing,,,,,,,,,,,,,,,,,,,,,,,,,,,,,,,,,,,,,,,,,,,,,,,,,,,,
42,12,13,54,S54,False,0,9,9,0,11,1,0,0,0,"['B615', 'B175', 'B450', 'B691', 'B382', 'B623', 'B470', 'B485', 'B38', 'B285', 'B558']",8.5,S27,4.59,11,9,20,0.0,,-0.822923,-12.86948,-13.692403,True,True,36,S48,True,24,3.5969,pickup+onsite,,,,,,,,,,,,,,,,,,,,,,,,,,,,,,,,,,,,,,,,,,,,,,,,,,,,
42,12,14,7,S27,False,11,9,20,11,0,0,0,0,0,"['B615', 'B175', 'B450', 'B691', 'B382', 'B623', 'B470', 'B485', 'B38', 'B285', 'B558']",5.5,S60,3.14,0,9,9,0.0,,-0.586101,-12.895175,-13.481276,False,False,12,S16,True,6,1.6701,delivery,,,,,,,,,,,,,,,,,,,,,,,,,,,,,,,,,,,,,,,,,,,,,,,,,,,,
42,12,14,16,S60,False,0,9,9,0,0,0,0,0,0,[],0.0,S61,1.62,0,9,9,0.0,,-0.657361,-12.889293,-13.546654,False,False,12,S36,True,2,1.7241,do_nothing,,,,,,,,,,,,,,,,,,,,,,,,,,,,,,,,,,,,,,,,,,,,,,,,,,,,
42,12,14,17,S61,False,0,9,9,0,10,0,0,0,0,"['B396', 'B106', 'B373', 'B628', 'B696', 'B503', 'B698', 'B341', 'B402', 'B7']",5.0,S36,6.36,10,9,19,0.0,,-0.420167,-12.764436,-13.184603,False,False,18,S60,True,13,2.8708,pickup,,,,,,,,,,,,,,,,,,,,,,,,,,,,,,,,,,,,,,,,,,,,,,,,,,,,
42,12,14,28,S36,False,10,9,19,10,0,0,0,0,0,"['B396', 'B106', 'B373', 'B628', 'B696', 'B503', 'B698', 'B341', 'B402', 'B7']",5.0,S60,7.61,0,9,9,0.0,,-0.437783,-12.93871,-13.376493,False,False,12,S46,True,6,1.8138,delivery,,,,,,,,,,,,,,,,,,,,,,,,,,,,,,,,,,,,,,,,,,,,,,,,,,,,
42,12,14,41,S60,False,0,9,9,0,11,0,0,0,0,"['B154', 'B651', 'B721', 'B206', 'B248', 'B700', 'B275', 'B689', 'B442', 'B640', 'B257']",5.5,S4,2.11,11,9,20,0.0,,-0.3331,-12.805577,-13.138677,False,False,12,S55,True,6,1.6696,pickup,,,,,,,,,,,,,,,,,,,,,,,,,,,,,,,,,,,,,,,,,,,,,,,,,,,,
42,12,14,49,S4,False,11,9,20,11,0,0,2,0,0,"['B68', 'B230', 'B154', 'B651', 'B721', 'B206', 'B248', 'B700', 'B275', 'B689', 'B442', 'B640', 'B257']",6.5,S55,5.3,0,11,11,0.0,,-0.538365,-12.924113,-13.462477,True,True,24,S55,False,18,3.626,delivery+depot_removal,,,,,,,,,,,,,,,,,,,,,,,,,,,,,,,,,,,,,,,,,,,,,,,,,,,,
42,12,15,1,S55,False,0,11,11,0,9,0,0,0,0,"['B379', 'B159', 'B217', 'B110', 'B555', 'B47', 'B664', 'B23', 'B584']",4.5,S15,4.77,9,11,20,0.0,,-0.420814,-12.89746,-13.318274,True,False,18,S47,True,12,2.0611,pickup,,,,,,,,,,,,,,,,,,,,,,,,,,,,,,,,,,,,,,,,,,,,,,,,,,,,
42,12,15,10,S15,False,9,11,20,9,0,0,0,0,0,"['B379', 'B159', 'B217', 'B110', 'B555', 'B47', 'B664', 'B23', 'B584']",4.5,S49,6.4,0,11,11,0.0,,-0.321984,-12.870442,-13.192426,False,False,12,S23,True,8,1.4438,delivery,,,,,,,,,,,,,,,,,,,,,,,,,,,,,,,,,,,,,,,,,,,,,,,,,,,,
42,12,15,21,S49,False,0,11,11,0,9,0,0,0,0,"['B32', 'B682', 'B57', 'B527', 'B553', 'B376', 'B244', 'B390', 'B286']",4.5,S37,3.13,9,11,20,0.0,,-0.428809,-12.746791,-13.1756,False,False,18,S47,True,13,2.6444,pickup,,,,,,,,,,,,,,,,,,,,,,,,,,,,,,,,,,,,,,,,,,,,,,,,,,,,
42,12,15,28,S37,False,9,11,20,0,0,3,0,0,0,[],9.0,S33,1.91,9,11,20,0.0,,-0.471292,-12.846259,-13.317551,True,True,72,S23,True,18,7.0421,do_nothing+onsite,,,,,,,,,,,,,,,,,,,,,,,,,,,,,,,,,,,,,,,,,,,,,,,,,,,,
42,12,15,39,S33,False,9,11,20,9,0,0,0,0,0,"['B32', 'B682', 'B57', 'B527', 'B553', 'B376', 'B244', 'B390', 'B286']",4.5,S58,2.58,0,11,11,0.0,,-0.480105,-12.55392,-13.034025,False,False,12,S23,True,8,1.1589,delivery,,,,,,,,,,,,,,,,,,,,,,,,,,,,,,,,,,,,,,,,,,,,,,,,,,,,
42,12,15,46,S58,False,0,11,11,0,9,0,0,0,0,"['B562', 'B308', 'B80', 'B161', 'B320', 'B533', 'B447', 'B492', 'B165']",4.5,S23,7.33,9,11,20,0.0,,-0.441487,-12.404765,-12.846252,False,False,12,S30,True,10,1.2352,pickup,,,,,,,,,,,,,,,,,,,,,,,,,,,,,,,,,,,,,,,,,,,,,,,,,,,,
42,12,15,58,S23,False,9,11,20,9,0,0,0,0,0,"['B562', 'B308', 'B80', 'B161', 'B320', 'B533', 'B447', 'B492', 'B165']",4.5,S30,3.25,0,11,11,0.0,,-0.184376,-12.506528,-12.690904,False,False,12,S31,True,8,1.3888,delivery,,,,,,,,,,,,,,,,,,,,,,,,,,,,,,,,,,,,,,,,,,,,,,,,,,,,
42,12,16,6,S30,False,0,11,11,0,9,0,0,0,0,"['B22', 'B660', 'B674', 'B576', 'B577', 'B545', 'B323', 'B119', 'B656']",4.5,S28,7.5,9,11,20,0.0,,-0.20427,-12.563002,-12.767272,False,False,12,S28,False,6,1.3848,pickup,,,,,,,,,,,,,,,,,,,,,,,,,,,,,,,,,,,,,,,,,,,,,,,,,,,,
42,12,16,18,S28,False,9,11,20,9,0,1,0,0,0,"['B22', 'B660', 'B674', 'B576', 'B577', 'B545', 'B323', 'B119', 'B656']",7.5,S31,9.18,0,11,11,0.0,,-0.234974,-12.495882,-12.730856,True,True,24,S37,True,18,2.4116,delivery+onsite,,,,,,,,,,,,,,,,,,,,,,,,,,,,,,,,,,,,,,,,,,,,,,,,,,,,
42,12,16,35,S31,False,0,11,11,0,0,0,2,0,0,"['B581', 'B702']",1.0,S48,8.15,0,13,13,0.0,,-0.588737,-12.830718,-13.419455,True,True,24,S48,False,13,2.2878,do_nothing+depot_removal,,,,,,,,,,,,,,,,,,,,,,,,,,,,,,,,,,,,,,,,,,,,,,,,,,,,
42,12,16,44,S48,False,0,13,13,0,7,0,0,0,0,"['B176', 'B227', 'B137', 'B688', 'B570', 'B158', 'B718']",3.5,S41,9.11,7,13,20,0.0,,-0.350169,-12.776446,-13.126615,False,False,12,S29,True,9,1.285,pickup,,,,,,,,,,,,,,,,,,,,,,,,,,,,,,,,,,,,,,,,,,,,,,,,,,,,
42,12,16,56,S41,False,7,13,20,0,0,1,0,0,0,[],3.0,S37,3.7,7,13,20,0.0,,-0.342144,-12.728077,-13.070221,True,True,36,S37,False,6,3.2017,do_nothing+onsite,,,,,,,,,,,,,,,,,,,,,,,,,,,,,,,,,,,,,,,,,,,,,,,,,,,,
42,12,17,3,S37,False,7,13,20,7,0,0,1,0,0,"['B636', 'B176', 'B227', 'B137', 'B688', 'B570', 'B158', 'B718']",4.0,S19,5.87,0,14,14,0.0,,-0.205687,-12.699633,-12.90532,True,True,18,S64,True,16,1.9488,delivery+depot_removal,,,,,,,,,,,,,,,,,,,,,,,,,,,,,,,,,,,,,,,,,,,,,,,,,,,,
42,12,17,13,S19,False,0,14,14,0,6,1,0,0,0,"['B687', 'B722', 'B27', 'B357', 'B199', 'B82']",6.0,S42,9.76,6,14,20,0.0,,-0.379751,-12.60726,-12.987011,True,True,24,S29,True,20,2.4354,pickup+onsite,,,,,,,,,,,,,,,,,,,,,,,,,,,,,,,,,,,,,,,,,,,,,,,,,,,,
42,12,17,29,S42,False,6,14,20,0,0,1,0,0,0,[],3.0,S44,8.11,6,14,20,0.0,,-0.175605,-12.61264,-12.788244,True,True,24,S44,False,9,2.2017,do_nothing+onsite,,,,,,,,,,,,,,,,,,,,,,,,,,,,,,,,,,,,,,,,,,,,,,,,,,,,
42,12,17,40,S44,False,6,14,20,6,0,0,0,0,0,"['B687', 'B722', 'B27', 'B357', 'B199', 'B82']",3.0,S62,2.2,0,14,14,0.0,,-0.156899,-12.237335,-12.394234,False,False,12,S64,True,9,1.2908,delivery,,,,,,,,,,,,,,,,,,,,,,,,,,,,,,,,,,,,,,,,,,,,,,,,,,,,
42,12,17,45,S62,False,0,14,14,0,6,1,0,0,0,"['B597', 'B451', 'B672', 'B171', 'B541', 'B761']",6.0,S29,3.79,6,14,20,0.0,,-0.204811,-12.233302,-12.438113,True,True,24,S64,True,19,2.102,pickup+onsite,,,,,,,,,,,,,,,,,,,,,,,,,,,,,,,,,,,,,,,,,,,,,,,,,,,,
42,12,17,55,S29,False,6,14,20,6,0,0,0,0,0,"['B597', 'B451', 'B672', 'B171', 'B541', 'B761']",3.0,S66,6.29,0,14,14,0.0,,-0.215205,-12.273156,-12.488361,False,False,12,S33,True,6,1.259,delivery,,,,,,,,,,,,,,,,,,,,,,,,,,,,,,,,,,,,,,,,,,,,,,,,,,,,
42,12,18,4,S66,False,0,14,14,0,6,0,0,0,0,"['B630', 'B700', 'B168', 'B129', 'B509', 'B120']",3.0,S45,4.34,6,14,20,0.0,,-0.186506,-12.103366,-12.289872,True,False,18,S64,True,12,1.5899,pickup,,,,,,,,,,,,,,,,,,,,,,,,,,,,,,,,,,,,,,,,,,,,,,,,,,,,
42,12,18,11,S45,False,6,14,20,6,0,0,0,0,0,"['B630', 'B700', 'B168', 'B129', 'B509', 'B120']",3.0,S64,4.1,0,14,14,0.0,,-0.236294,-12.233442,-12.469736,False,False,12,S33,True,6,1.1889,delivery,,,,,,,,,,,,,,,,,,,,,,,,,,,,,,,,,,,,,,,,,,,,,,,,,,,,
42,12,18,19,S64,False,0,14,14,0,6,0,0,0,0,"['B528', 'B123', 'B439', 'B429', 'B337', 'B676']",3.0,S16,3.36,6,14,20,0.0,,-0.157672,-12.169648,-12.32732,False,False,12,S40,True,8,1.0823,pickup,,,,,,,,,,,,,,,,,,,,,,,,,,,,,,,,,,,,,,,,,,,,,,,,,,,,
42,12,18,25,S16,False,6,14,20,0,0,0,0,0,0,[],0.0,S43,0.58,6,14,20,0.0,,-0.205387,-12.202959,-12.408346,False,False,12,S43,True,1,1.1546,do_nothing,,,,,,,,,,,,,,,,,,,,,,,,,,,,,,,,,,,,,,,,,,,,,,,,,,,,
42,12,18,25,S43,False,6,14,20,6,0,0,1,0,0,"['B347', 'B528', 'B123', 'B439', 'B429', 'B337', 'B676']",3.5,S60,4.48,0,15,15,0.0,,-0.24595,-12.186554,-12.432503,True,True,30,S55,True,14,3.0348,delivery+depot_removal,,,,,,,,,,,,,,,,,,,,,,,,,,,,,,,,,,,,,,,,,,,,,,,,,,,,
42,12,18,33,S60,False,0,15,15,0,5,0,0,0,0,"['B73', 'B692', 'B539', 'B211', 'B552']",2.5,S16,4.19,5,15,20,0.0,,-0.324752,-12.346845,-12.671598,False,False,12,S66,True,8,1.0345,pickup,,,,,,,,,,,,,,,,,,,,,,,,,,,,,,,,,,,,,,,,,,,,,,,,,,,,
42,12,18,40,S16,False,5,15,20,5,0,0,0,0,0,"['B73', 'B692', 'B539', 'B211', 'B552']",2.5,S9,7.05,0,15,15,0.0,,-0.087816,-12.147535,-12.235351,False,False,12,S31,True,10,1.0941,delivery,,,,,,,,,,,,,,,,,,,,,,,,,,,,,,,,,,,,,,,,,,,,,,,,,,,,
42,12,18,50,S9,False,0,15,15,0,0,0,0,0,0,[],0.0,S19,2.51,0,15,15,0.0,,-0.205914,-12.185368,-12.391283,True,False,24,S19,True,4,2.1287,do_nothing,,,,,,,,,,,,,,,,,,,,,,,,,,,,,,,,,,,,,,,,,,,,,,,,,,,,
42,12,18,52,S19,False,0,15,15,0,0,0,0,0,0,[],0.0,S54,6.83,0,15,15,0.0,,-0.087913,-12.246416,-12.334329,False,False,12,S48,True,1,1.1268,do_nothing,,,,,,,,,,,,,,,,,,,,,,,,,,,,,,,,,,,,,,,,,,,,,,,,,,,,
42,12,18,59,S54,False,0,15,15,0,5,1,0,0,0,"['B301', 'B96', 'B544', 'B419', 'B36']",5.5,S44,3.95,5,15,20,0.0,,-0.058923,-12.269618,-12.328541,True,True,24,S40,True,22,2.4222,pickup+onsite,,,,,,,,,,,,,,,,,,,,,,,,,,,,,,,,,,,,,,,,,,,,,,,,,,,,
42,12,19,8,S44,False,5,15,20,5,0,0,0,0,0,"['B301', 'B96', 'B544', 'B419', 'B36']",2.5,S52,0.83,0,15,15,0.0,,-0.146072,-12.249549,-12.395621,False,False,12,S17,True,8,1.1936,delivery,,,,,,,,,,,,,,,,,,,,,,,,,,,,,,,,,,,,,,,,,,,,,,,,,,,,
42,12,19,12,S52,False,0,15,15,0,5,0,0,0,0,"['B618', 'B411', 'B321', 'B216', 'B678']",2.5,S37,1.18,5,15,20,0.0,,-0.224186,-12.23008,-12.454266,False,False,12,S31,True,8,1.1954,pickup,,,,,,,,,,,,,,,,,,,,,,,,,,,,,,,,,,,,,,,,,,,,,,,,,,,,
42,12,19,15,S37,False,5,15,20,5,0,0,0,0,0,"['B618', 'B411', 'B321', 'B216', 'B678']",2.5,S54,4.98,0,15,15,0.0,,-0.087293,-12.214751,-12.302044,False,False,12,S17,True,7,1.1914,delivery,,,,,,,,,,,,,,,,,,,,,,,,,,,,,,,,,,,,,,,,,,,,,,,,,,,,
42,12,19,23,S54,False,0,15,15,0,5,0,0,0,0,"['B234', 'B665', 'B179', 'B603', 'B491']",2.5,S42,4.21,5,15,20,0.0,,-0.097949,-12.159422,-12.257371,False,False,12,S0,True,9,1.0389,pickup,,,,,,,,,,,,,,,,,,,,,,,,,,,,,,,,,,,,,,,,,,,,,,,,,,,,
42,12,19,30,S42,False,5,15,20,5,0,0,0,0,0,"['B234', 'B665', 'B179', 'B603', 'B491']",2.5,S21,3.41,0,15,15,0.0,,-0.184844,-12.189042,-12.373886,False,False,11,S31,True,8,0.9278,delivery,,,,,,,,,,,,,,,,,,,,,,,,,,,,,,,,,,,,,,,,,,,,,,,,,,,,
42,12,19,36,S21,False,0,15,15,0,5,0,0,0,0,"['B74', 'B538', 'B2', 'B713', 'B76']",2.5,S8,2.92,5,15,20,0.0,,-0.068315,-12.19263,-12.260946,False,False,5,S8,False,2,0.4513,pickup,,,,,,,,,,,,,,,,,,,,,,,,,,,,,,,,,,,,,,,,,,,,,,,,,,,,
42,12,19,41,S8,False,5,15,20,5,0,0,0,0,0,"['B74', 'B538', 'B2', 'B713', 'B76']",2.5,D0,8.09,0,15,15,0.0,,-0.077753,-12.421207,-12.49896,False,False,2,D0,False,1,0.2131,delivery,,,,,,,,,,,,,,,,,,,,,,,,,,,,,,,,,,,,,,,,,,,,,,,,,,,,
42,12,19,52,D0,True,0,15,15,0,0,0,0,15,0,"['B670', 'B537', 'B99', 'B648', 'B531', 'B307', 'B511', 'B276', 'B201', 'B68', 'B230', 'B581', 'B702', 'B636', 'B347']",7.5,D0,0.0,0,0,0,0.0,,-0.126389,-12.366473,-12.492862,True,True,1,D0,False,0,0.1161,do_nothing,,,,,,,,,,,,,,,,,,,,,,,,,,,,,,,,,,,,,,,,,,,,,,,,,,,,
42,13,6,14,D0,True,0,0,0,0,0,0,0,0,13,"['B632', 'B441', 'B90', 'B712', 'B745', 'B723', 'B326', 'B243', 'B361', 'B720', 'B423', 'B360', 'B684']",6.5,S51,3.91,13,0,13,0.0,,-0.106678,-12.964046,-13.070724,True,True,5,S61,True,0,0.5078,load_queue,,,,,,,,,,,,,,,,,,,,,,,,,,,,,,,,,,,,,,,,,,,,,,,,,,,,
42,13,6,39,S51,False,13,0,13,0,7,0,0,0,0,"['B103', 'B683', 'B356', 'B210', 'B343', 'B400', 'B306']",3.5,S20,15.11,20,0,20,0.0,,-0.165585,-12.883984,-13.049569,True,False,24,S61,True,16,2.4951,pickup,,,,,,,,,,,,,,,,,,,,,,,,,,,,,,,,,,,,,,,,,,,,,,,,,,,,
42,13,6,58,S20,False,20,0,20,9,0,1,0,0,0,"['B632', 'B441', 'B90', 'B712', 'B745', 'B723', 'B326', 'B243', 'B361']",7.5,S61,8.6,11,0,11,0.0,,-0.214185,-12.756102,-12.970287,True,True,36,S40,True,20,3.6563,delivery+onsite,,,,,,,,,,,,,,,,,,,,,,,,,,,,,,,,,,,,,,,,,,,,,,,,,,,,
42,13,7,14,S61,False,11,0,11,9,0,0,0,0,0,"['B720', 'B423', 'B360', 'B684', 'B103', 'B683', 'B356', 'B210', 'B343']",4.5,S44,2.79,2,0,2,0.0,,-0.127386,-12.725642,-12.853028,False,False,18,S44,True,8,1.6247,delivery,,,,,,,,,,,,,,,,,,,,,,,,,,,,,,,,,,,,,,,,,,,,,,,,,,,,
42,13,7,21,S44,False,2,0,2,0,10,0,0,0,0,"['B195', 'B738', 'B524', 'B112', 'B494', 'B197', 'B200', 'B357', 'B114', 'B512']",5.0,S33,1.28,12,0,12,0.0,,-0.098844,-12.653728,-12.752573,False,False,18,S59,True,12,1.5336,pickup,,,,,,,,,,,,,,,,,,,,,,,,,,,,,,,,,,,,,,,,,,,,,,,,,,,,
42,13,7,28,S33,False,12,0,12,12,0,0,0,0,0,"['B400', 'B306', 'B195', 'B738', 'B524', 'B112', 'B494', 'B197', 'B200', 'B357', 'B114', 'B512']",6.0,S59,3.27,0,0,0,0.0,,-0.097652,-12.693148,-12.7908,False,False,12,S12,True,8,1.0343,delivery,,,,,,,,,,,,,,,,,,,,,,,,,,,,,,,,,,,,,,,,,,,,,,,,,,,,
42,13,7,37,S59,False,0,0,0,0,0,0,0,0,0,[],0.0,S12,7.36,0,0,0,0.0,,-0.097969,-12.49411,-12.592079,False,False,12,S47,True,2,1.4688,do_nothing,,,,,,,,,,,,,,,,,,,,,,,,,,,,,,,,,,,,,,,,,,,,,,,,,,,,
42,13,7,44,S12,False,0,0,0,0,13,0,0,0,0,"['B522', 'B11', 'B83', 'B529', 'B16', 'B187', 'B504', 'B444', 'B147', 'B725', 'B685', 'B4', 'B221']",6.5,S47,11.33,13,0,13,0.0,,-0.038973,-12.425957,-12.464931,False,False,18,S47,False,14,2.1572,pickup,,,,,,,,,,,,,,,,,,,,,,,,,,,,,,,,,,,,,,,,,,,,,,,,,,,,
42,13,8,2,S47,False,13,0,13,0,7,0,0,0,0,"['B267', 'B207', 'B17', 'B18', 'B500', 'B703', 'B532']",3.5,S1,11.46,20,0,20,0.0,,-0.019375,-12.38829,-12.407665,False,False,12,S40,True,7,1.4068,pickup,,,,,,,,,,,,,,,,,,,,,,,,,,,,,,,,,,,,,,,,,,,,,,,,,,,,
42,13,8,17,S1,False,20,0,20,10,0,0,0,0,0,"['B522', 'B11', 'B83', 'B529', 'B16', 'B187', 'B504', 'B444', 'B147', 'B725']",5.0,S59,9.59,10,0,10,0.0,,-0.048939,-12.396697,-12.445636,False,False,18,S57,True,8,1.8152,delivery,,,,,,,,,,,,,,,,,,,,,,,,,,,,,,,,,,,,,,,,,,,,,,,,,,,,
42,13,8,32,S59,False,10,0,10,0,10,0,0,0,0,"['B160', 'B635', 'B525', 'B631', 'B255', 'B79', 'B224', 'B498', 'B637', 'B593']",5.0,S57,8.98,20,0,20,0.0,,-0.087964,-12.187553,-12.275518,False,False,12,S57,False,6,1.2854,pickup,,,,,,,,,,,,,,,,,,,,,,,,,,,,,,,,,,,,,,,,,,,,,,,,,,,,
42,13,8,46,S57,False,20,0,20,15,0,0,0,0,0,"['B685', 'B4', 'B221', 'B267', 'B207', 'B17', 'B18', 'B500', 'B703', 'B532', 'B160', 'B635', 'B525', 'B631', 'B255']",7.5,S52,6.39,5,0,5,0.0,,-0.107284,-12.305382,-12.412666,False,False,18,S50,True,16,2.7022,delivery,,,,,,,,,,,,,,,,,,,,,,,,,,,,,,,,,,,,,,,,,,,,,,,,,,,,
42,13,9,0,S52,False,5,0,5,0,5,0,0,0,0,"['B296', 'B104', 'B72', 'B392', 'B98']",2.5,S38,3.1,10,0,10,0.0,,-0.195151,-12.380626,-12.575776,False,False,18,S40,True,13,1.9341,pickup,,,,,,,,,,,,,,,,,,,,,,,,,,,,,,,,,,,,,,,,,,,,,,,,,,,,
42,13,9,5,S38,False,10,0,10,0,10,0,0,0,0,"['B372', 'B116', 'B560', 'B238', 'B316', 'B253', 'B583', 'B54', 'B406', 'B424']",5.0,S40,5.14,20,0,20,0.0,,-0.128283,-12.278305,-12.406589,False,False,18,S40,True,8,2.0548,pickup,,,,,,,,,,,,,,,,,,,,,,,,,,,,,,,,,,,,,,,,,,,,,,,,,,,,
42,13,9,15,S40,False,20,0,20,10,0,0,1,0,0,"['B430', 'B79', 'B224', 'B498', 'B637', 'B593', 'B296', 'B104', 'B72', 'B392', 'B98']",5.5,S63,2.93,10,1,11,0.0,,-0.068385,-12.178929,-12.247314,True,True,30,S63,False,14,2.6873,delivery+depot_removal,,,,,,,,,,,,,,,,,,,,,,,,,,,,,,,,,,,,,,,,,,,,,,,,,,,,
42,13,9,24,S63,False,10,1,11,10,0,0,0,0,0,"['B372', 'B116', 'B560', 'B238', 'B316', 'B253', 'B583', 'B54', 'B406', 'B424']",5.0,S53,1.49,0,1,1,0.0,,-0.136302,-12.12847,-12.264772,False,False,12,S53,False,6,1.4269,delivery,,,,,,,,,,,,,,,,,,,,,,,,,,,,,,,,,,,,,,,,,,,,,,,,,,,,
42,13,9,30,S53,False,0,1,1,0,11,0,0,0,0,"['B746', 'B330', 'B184', 'B339', 'B32', 'B764', 'B105', 'B219', 'B551', 'B366', 'B610']",5.5,S23,9.84,11,1,12,0.0,,-0.205434,-11.891606,-12.09704,False,False,18,S46,True,12,1.6688,pickup,,,,,,,,,,,,,,,,,,,,,,,,,,,,,,,,,,,,,,,,,,,,,,,,,,,,
42,13,9,46,S23,False,11,1,12,0,0,0,0,0,0,[],0.0,S37,7.3,11,1,12,0.0,,-0.10704,-11.939215,-12.046255,False,False,12,S37,False,4,1.2879,do_nothing,,,,,,,,,,,,,,,,,,,,,,,,,,,,,,,,,,,,,,,,,,,,,,,,,,,,
42,13,9,53,S37,False,11,1,12,0,0,0,0,0,0,[],0.0,S58,0.71,11,1,12,0.0,,-0.106521,-11.95267,-12.059191,False,False,18,S58,True,0,2.0312,do_nothing,,,,,,,,,,,,,,,,,,,,,,,,,,,,,,,,,,,,,,,,,,,,,,,,,,,,
42,13,9,54,S58,False,11,1,12,0,8,0,0,0,0,"['B350', 'B177', 'B309', 'B693', 'B543', 'B520', 'B460', 'B136']",4.0,S15,5.67,19,1,20,0.0,,-0.058401,-11.927893,-11.986294,False,False,12,S15,False,9,1.5078,pickup,,,,,,,,,,,,,,,,,,,,,,,,,,,,,,,,,,,,,,,,,,,,,,,,,,,,
42,13,10,3,S15,False,19,1,20,8,0,0,0,0,0,"['B746', 'B330', 'B184', 'B339', 'B32', 'B764', 'B105', 'B219']",4.0,S43,5.75,11,1,12,0.0,,-0.058376,-11.818999,-11.877374,False,False,18,S43,False,6,2.1591,delivery,,,,,,,,,,,,,,,,,,,,,,,,,,,,,,,,,,,,,,,,,,,,,,,,,,,,
42,13,10,13,S43,False,11,1,12,11,0,0,1,0,0,"['B291', 'B551', 'B366', 'B610', 'B350', 'B177', 'B309', 'B693', 'B543', 'B520', 'B460', 'B136']",6.0,S16,0.58,0,2,2,0.0,,-0.049085,-11.810132,-11.859217,True,True,36,S16,True,24,3.9954,delivery+depot_removal,,,,,,,,,,,,,,,,,,,,,,,,,,,,,,,,,,,,,,,,,,,,,,,,,,,,
42,13,10,20,S16,False,0,2,2,0,9,0,0,0,0,"['B239', 'B216', 'B562', 'B698', 'B71', 'B115', 'B341', 'B193', 'B751']",4.5,S55,3.87,9,2,11,0.0,,-0.058698,-11.824468,-11.883166,False,False,18,S24,True,15,2.4127,pickup,,,,,,,,,,,,,,,,,,,,,,,,,,,,,,,,,,,,,,,,,,,,,,,,,,,,
42,13,10,28,S55,False,9,2,11,9,0,0,2,0,0,"['B265', 'B472', 'B239', 'B216', 'B562', 'B698', 'B71', 'B115', 'B341', 'B193', 'B751']",5.5,S56,1.03,0,4,4,0.0,,-0.009639,-11.884749,-11.894387,True,True,54,S62,True,34,4.9985,delivery+depot_removal,,,,,,,,,,,,,,,,,,,,,,,,,,,,,,,,,,,,,,,,,,,,,,,,,,,,
42,13,10,35,S56,False,0,4,4,0,6,0,1,0,0,"['B388', 'B661', 'B277', 'B518', 'B318', 'B728', 'B117']",3.5,S24,10.08,6,5,11,0.0,,0.0,-12.061633,-12.061633,True,True,36,S24,True,18,3.235,pickup+depot_removal,,,,,,,,,,,,,,,,,,,,,,,,,,,,,,,,,,,,,,,,,,,,,,,,,,,,
42,13,10,48,S24,False,6,5,11,0,9,0,0,0,0,"['B407', 'B249', 'B727', 'B191', 'B290', 'B12', 'B162', 'B762', 'B452']",4.5,S27,5.2,15,5,20,0.0,,-0.038654,-12.086213,-12.124866,False,False,12,S62,True,8,1.4698,pickup,,,,,,,,,,,,,,,,,,,,,,,,,,,,,,,,,,,,,,,,,,,,,,,,,,,,
42,13,10,58,S27,False,15,5,20,9,0,0,0,0,0,"['B388', 'B661', 'B277', 'B518', 'B318', 'B728', 'B407', 'B249', 'B727']",4.5,S35,6.86,6,5,11,0.0,,-0.028942,-12.0931,-12.122042,False,False,18,S26,True,7,2.0621,delivery,,,,,,,,,,,,,,,,,,,,,,,,,,,,,,,,,,,,,,,,,,,,,,,,,,,,
42,13,11,9,S35,False,6,5,11,6,0,1,0,0,0,"['B191', 'B290', 'B12', 'B162', 'B762', 'B452']",6.0,S0,3.47,0,5,5,0.0,,-0.009737,-12.174461,-12.184198,True,True,24,S39,True,22,2.2555,delivery+onsite,,,,,,,,,,,,,,,,,,,,,,,,,,,,,,,,,,,,,,,,,,,,,,,,,,,,
42,13,11,19,S0,False,0,5,5,0,8,0,0,0,0,"['B380', 'B170', 'B125', 'B675', 'B658', 'B454', 'B41', 'B314']",4.0,S62,9.08,8,5,13,0.0,,-0.00959,-12.268475,-12.278065,False,False,18,S64,True,9,1.6547,pickup,,,,,,,,,,,,,,,,,,,,,,,,,,,,,,,,,,,,,,,,,,,,,,,,,,,,
42,13,11,32,S62,False,8,5,13,8,0,0,0,0,0,"['B380', 'B170', 'B125', 'B675', 'B658', 'B454', 'B41', 'B314']",4.0,S64,3.33,0,5,5,0.0,,-0.048365,-12.188779,-12.237144,False,False,12,S64,False,7,1.3693,delivery,,,,,,,,,,,,,,,,,,,,,,,,,,,,,,,,,,,,,,,,,,,,,,,,,,,,
42,13,11,39,S64,False,0,5,5,0,6,0,0,0,0,"['B588', 'B514', 'B387', 'B513', 'B710', 'B80']",3.0,S38,1.95,6,5,11,0.0,,-0.019229,-12.163002,-12.182231,False,False,18,S38,False,13,1.6904,pickup,,,,,,,,,,,,,,,,,,,,,,,,,,,,,,,,,,,,,,,,,,,,,,,,,,,,
42,13,11,44,S38,False,6,5,11,0,8,0,0,0,0,"['B526', 'B93', 'B172', 'B167', 'B461', 'B548', 'B283', 'B15']",4.0,S29,8.13,14,5,19,0.0,,-0.048023,-12.167972,-12.215995,False,False,18,S37,True,8,2.0652,pickup,,,,,,,,,,,,,,,,,,,,,,,,,,,,,,,,,,,,,,,,,,,,,,,,,,,,
42,13,11,56,S29,False,14,5,19,12,0,0,0,0,0,"['B588', 'B514', 'B387', 'B513', 'B710', 'B80', 'B526', 'B93', 'B172', 'B167', 'B461', 'B548']",6.0,S54,1.43,2,5,7,0.0,,-0.047925,-12.184593,-12.232519,False,False,18,S37,True,7,1.7868,delivery,,,,,,,,,,,,,,,,,,,,,,,,,,,,,,,,,,,,,,,,,,,,,,,,,,,,
42,13,12,4,S54,False,2,5,7,0,6,0,0,0,0,"['B368', 'B67', 'B40', 'B49', 'B759', 'B312']",3.0,S1,3.23,8,5,13,0.0,,-0.126047,-12.234298,-12.360345,False,False,18,S32,True,9,1.7512,pickup,,,,,,,,,,,,,,,,,,,,,,,,,,,,,,,,,,,,,,,,,,,,,,,,,,,,
42,13,12,10,S1,False,8,5,13,0,7,0,0,0,0,"['B508', 'B522', 'B11', 'B83', 'B529', 'B16', 'B187']",3.5,S17,8.41,15,5,20,0.0,,-0.057833,-12.180487,-12.23832,False,False,12,S37,True,10,1.247,pickup,,,,,,,,,,,,,,,,,,,,,,,,,,,,,,,,,,,,,,,,,,,,,,,,,,,,
42,13,12,22,S17,False,15,5,20,12,0,0,0,0,0,"['B283', 'B15', 'B368', 'B67', 'B40', 'B49', 'B759', 'B312', 'B508', 'B522', 'B11', 'B83']",6.0,S59,10.2,3,5,8,0.0,,-0.086724,-12.191691,-12.278416,False,False,18,S28,True,13,1.6587,delivery,,,,,,,,,,,,,,,,,,,,,,,,,,,,,,,,,,,,,,,,,,,,,,,,,,,,
42,13,12,38,S59,False,3,5,8,0,12,0,0,0,0,"['B282', 'B244', 'B386', 'B654', 'B609', 'B570', 'B263', 'B270', 'B664', 'B203', 'B676', 'B431']",6.0,S43,2.96,15,5,20,0.0,,-0.213831,-12.384237,-12.598067,False,False,12,S13,True,8,1.2786,pickup,,,,,,,,,,,,,,,,,,,,,,,,,,,,,,,,,,,,,,,,,,,,,,,,,,,,
42,13,12,47,S43,False,15,5,20,15,0,0,1,0,0,"['B55', 'B529', 'B16', 'B187', 'B282', 'B244', 'B386', 'B654', 'B609', 'B570', 'B263', 'B270', 'B664', 'B203', 'B676', 'B431']",8.0,S55,4.24,0,6,6,0.0,,-0.491937,-12.2801,-12.772037,True,True,30,S13,True,24,3.0319,delivery+depot_removal,,,,,,,,,,,,,,,,,,,,,,,,,,,,,,,,,,,,,,,,,,,,,,,,,,,,
42,13,12,59,S55,False,0,6,6,0,14,0,0,0,0,"['B341', 'B193', 'B751', 'B231', 'B306', 'B174', 'B555', 'B560', 'B746', 'B596', 'B614', 'B505', 'B488', 'B6']",7.0,S61,5.26,14,6,20,0.0,,-0.077828,-12.32407,-12.401898,False,False,12,S54,True,7,1.2235,pickup,,,,,,,,,,,,,,,,,,,,,,,,,,,,,,,,,,,,,,,,,,,,,,,,,,,,
42,13,13,11,S61,False,14,6,20,5,0,0,0,0,0,"['B341', 'B193', 'B751', 'B231', 'B306']",2.5,S13,9.58,9,6,15,0.0,,-0.087341,-12.269155,-12.356496,False,False,18,S13,False,8,1.6647,delivery,,,,,,,,,,,,,,,,,,,,,,,,,,,,,,,,,,,,,,,,,,,,,,,,,,,,
42,13,13,23,S13,False,9,6,15,9,0,0,0,0,0,"['B174', 'B555', 'B560', 'B746', 'B596', 'B614', 'B505', 'B488', 'B6']",4.5,S40,11.87,0,6,6,0.0,,-0.214054,-12.274485,-12.488539,False,False,12,S41,True,10,1.3408,delivery,,,,,,,,,,,,,,,,,,,,,,,,,,,,,,,,,,,,,,,,,,,,,,,,,,,,
42,13,13,40,S40,False,0,6,6,0,9,0,1,0,0,"['B98', 'B333', 'B663', 'B519', 'B411', 'B61', 'B498', 'B275', 'B623', 'B96']",5.0,S54,2.17,9,7,16,0.0,,-0.215789,-12.269738,-12.485527,True,True,36,S41,True,32,3.2454,pickup+depot_removal,,,,,,,,,,,,,,,,,,,,,,,,,,,,,,,,,,,,,,,,,,,,,,,,,,,,
42,13,13,47,S54,False,9,7,16,9,0,0,0,0,0,"['B98', 'B333', 'B663', 'B519', 'B411', 'B61', 'B498', 'B275', 'B623']",4.5,S41,6.96,0,7,7,0.0,,-0.138946,-12.233994,-12.37294,False,False,12,S41,False,6,1.2357,delivery,,,,,,,,,,,,,,,,,,,,,,,,,,,,,,,,,,,,,,,,,,,,,,,,,,,,
42,13,13,58,S41,False,0,7,7,0,13,0,0,0,0,"['B544', 'B81', 'B169', 'B215', 'B687', 'B8', 'B590', 'B302', 'B500', 'B237', 'B409', 'B532', 'B160']",6.5,S33,4.4,13,7,20,0.0,,-0.048415,-12.255598,-12.304014,True,False,18,S53,True,14,2.0752,pickup,,,,,,,,,,,,,,,,,,,,,,,,,,,,,,,,,,,,,,,,,,,,,,,,,,,,
42,13,14,9,S33,False,13,7,20,13,0,0,0,0,0,"['B544', 'B81', 'B169', 'B215', 'B687', 'B8', 'B590', 'B302', 'B500', 'B237', 'B409', 'B532', 'B160']",6.5,S24,8.48,0,7,7,0.0,,-0.117297,-12.156254,-12.273551,False,False,12,S53,True,6,1.1601,delivery,,,,,,,,,,,,,,,,,,,,,,,,,,,,,,,,,,,,,,,,,,,,,,,,,,,,
42,13,14,24,S24,False,0,7,7,0,13,0,0,0,0,"['B575', 'B561', 'B26', 'B549', 'B701', 'B118', 'B194', 'B743', 'B486', 'B744', 'B528', 'B33', 'B666']",6.5,S38,10.24,13,7,20,0.0,,-0.13571,-12.283543,-12.419252,False,False,12,S26,True,8,1.1626,pickup,,,,,,,,,,,,,,,,,,,,,,,,,,,,,,,,,,,,,,,,,,,,,,,,,,,,
42,13,14,41,S38,False,13,7,20,10,0,0,0,0,0,"['B575', 'B561', 'B26', 'B549', 'B701', 'B118', 'B194', 'B743', 'B486', 'B744']",5.0,S48,6.3,3,7,10,0.0,,-0.166413,-12.270747,-12.437159,False,False,18,S26,True,8,1.8644,delivery,,,,,,,,,,,,,,,,,,,,,,,,,,,,,,,,,,,,,,,,,,,,,,,,,,,,
42,13,14,52,S48,False,3,7,10,0,10,0,0,0,0,"['B384', 'B413', 'B173', 'B484', 'B481', 'B390', 'B610', 'B448', 'B177', 'B79']",5.0,S53,4.33,13,7,20,0.0,,-0.353196,-12.323868,-12.677063,False,False,12,S53,False,10,1.3098,pickup,,,,,,,,,,,,,,,,,,,,,,,,,,,,,,,,,,,,,,,,,,,,,,,,,,,,
42,13,15,2,S53,False,13,7,20,11,0,0,0,0,0,"['B528', 'B33', 'B666', 'B384', 'B413', 'B173', 'B484', 'B481', 'B390', 'B610', 'B448']",5.5,S26,7.29,2,7,9,0.0,,-0.36239,-12.371773,-12.734164,False,False,18,S26,False,6,1.7276,delivery,,,,,,,,,,,,,,,,,,,,,,,,,,,,,,,,,,,,,,,,,,,,,,,,,,,,
42,13,15,14,S26,False,2,7,9,2,0,0,0,0,0,"['B177', 'B79']",1.0,S32,7.72,0,7,7,0.0,,-0.256046,-12.201622,-12.457668,False,False,12,S32,False,6,1.0713,delivery,,,,,,,,,,,,,,,,,,,,,,,,,,,,,,,,,,,,,,,,,,,,,,,,,,,,
42,13,15,23,S32,False,0,7,7,0,13,0,0,0,0,"['B480', 'B142', 'B129', 'B60', 'B204', 'B685', 'B343', 'B36', 'B376', 'B140', 'B257', 'B325', 'B94']",6.5,S26,7.72,13,7,20,0.0,,-0.449209,-12.284213,-12.733422,False,False,12,S26,False,6,1.2541,pickup,,,,,,,,,,,,,,,,,,,,,,,,,,,,,,,,,,,,,,,,,,,,,,,,,,,,
42,13,15,37,S26,False,13,7,20,13,0,0,0,0,0,"['B480', 'B142', 'B129', 'B60', 'B204', 'B685', 'B343', 'B36', 'B376', 'B140', 'B257', 'B325', 'B94']",6.5,S54,5.73,0,7,7,0.0,,-0.340451,-12.23911,-12.579562,False,False,12,S54,False,6,1.3941,delivery,,,,,,,,,,,,,,,,,,,,,,,,,,,,,,,,,,,,,,,,,,,,,,,,,,,,
42,13,15,50,S54,False,0,7,7,0,0,0,0,0,0,[],0.0,S37,4.98,0,7,7,0.0,,-0.292676,-12.20519,-12.497866,False,False,18,S37,False,0,2.2622,do_nothing,,,,,,,,,,,,,,,,,,,,,,,,,,,,,,,,,,,,,,,,,,,,,,,,,,,,
42,13,15,55,S37,False,0,7,7,0,13,0,0,0,0,"['B638', 'B72', 'B332', 'B200', 'B30', 'B308', 'B476', 'B682', 'B19', 'B606', 'B114', 'B490', 'B668']",6.5,S15,4.99,13,7,20,0.0,,-0.273071,-12.271908,-12.54498,True,False,18,S43,True,13,2.1653,pickup,,,,,,,,,,,,,,,,,,,,,,,,,,,,,,,,,,,,,,,,,,,,,,,,,,,,
42,13,16,6,S15,False,13,7,20,13,0,0,0,0,0,"['B638', 'B72', 'B332', 'B200', 'B30', 'B308', 'B476', 'B682', 'B19', 'B606', 'B114', 'B490', 'B668']",6.5,S41,4.47,0,7,7,0.0,,-0.431461,-12.186664,-12.618125,False,False,12,S14,True,7,1.5118,delivery,,,,,,,,,,,,,,,,,,,,,,,,,,,,,,,,,,,,,,,,,,,,,,,,,,,,
42,13,16,17,S41,False,0,7,7,0,8,0,0,0,0,"['B439', 'B334', 'B527', 'B195', 'B558', 'B231', 'B766', 'B546']",4.0,S42,10.8,8,7,15,0.0,,-0.293899,-12.326854,-12.620753,True,False,36,S42,False,12,4.0871,pickup,,,,,,,,,,,,,,,,,,,,,,,,,,,,,,,,,,,,,,,,,,,,,,,,,,,,
42,13,16,32,S42,False,8,7,15,0,5,0,0,0,0,"['B398', 'B478', 'B567', 'B471', 'B426']",2.5,S14,2.87,13,7,20,0.0,,-0.243747,-12.381996,-12.625743,True,False,18,S14,False,12,1.8509,pickup,,,,,,,,,,,,,,,,,,,,,,,,,,,,,,,,,,,,,,,,,,,,,,,,,,,,
42,13,16,37,S14,False,13,7,20,10,0,0,0,0,0,"['B439', 'B334', 'B527', 'B195', 'B558', 'B231', 'B766', 'B546', 'B398', 'B478']",5.0,S12,12.68,3,7,10,0.0,,-0.193937,-12.335152,-12.529089,False,False,18,S25,True,9,2.2443,delivery,,,,,,,,,,,,,,,,,,,,,,,,,,,,,,,,,,,,,,,,,,,,,,,,,,,,
42,13,16,55,S12,False,3,7,10,3,0,0,0,0,0,"['B567', 'B471', 'B426']",1.5,S43,5.09,0,7,7,0.0,,-0.23498,-12.397767,-12.632747,False,False,12,S43,False,7,1.4927,delivery,,,,,,,,,,,,,,,,,,,,,,,,,,,,,,,,,,,,,,,,,,,,,,,,,,,,
42,13,17,2,S43,False,0,7,7,0,13,0,0,0,0,"['B386', 'B654', 'B609', 'B570', 'B263', 'B270', 'B664', 'B203', 'B676', 'B431', 'B370', 'B626', 'B403']",6.5,S51,3.12,13,7,20,0.0,,-0.225033,-12.375918,-12.600951,False,False,12,S54,True,6,1.5188,pickup,,,,,,,,,,,,,,,,,,,,,,,,,,,,,,,,,,,,,,,,,,,,,,,,,,,,
42,13,17,11,S51,False,13,7,20,10,0,0,0,0,0,"['B386', 'B654', 'B609', 'B570', 'B263', 'B270', 'B664', 'B203', 'B676', 'B431']",5.0,S30,9.24,3,7,10,0.0,,-0.116631,-12.292473,-12.409104,True,False,36,S28,True,15,4.0454,delivery,,,,,,,,,,,,,,,,,,,,,,,,,,,,,,,,,,,,,,,,,,,,,,,,,,,,
42,13,17,25,S30,False,3,7,10,0,8,0,0,0,0,"['B256', 'B420', 'B90', 'B422', 'B416', 'B13', 'B162', 'B350']",4.0,S28,7.5,11,7,18,0.0,,-0.107363,-12.294505,-12.401868,False,False,18,S28,False,6,2.001,pickup,,,,,,,,,,,,,,,,,,,,,,,,,,,,,,,,,,,,,,,,,,,,,,,,,,,,
42,13,17,37,S28,False,11,7,18,11,0,0,0,0,0,"['B370', 'B626', 'B403', 'B256', 'B420', 'B90', 'B422', 'B416', 'B13', 'B162', 'B350']",5.5,S33,11.98,0,7,7,0.0,,-0.078477,-12.342289,-12.420767,False,False,12,S8,True,10,1.3664,delivery,,,,,,,,,,,,,,,,,,,,,,,,,,,,,,,,,,,,,,,,,,,,,,,,,,,,
42,13,17,54,S33,False,0,7,7,0,0,0,0,0,0,[],0.0,S54,3.1,0,7,7,0.0,,-0.156108,-12.541454,-12.697562,False,False,18,S47,True,4,2.0908,do_nothing,,,,,,,,,,,,,,,,,,,,,,,,,,,,,,,,,,,,,,,,,,,,,,,,,,,,
42,13,17,57,S54,False,0,7,7,0,10,0,0,0,0,"['B432', 'B328', 'B528', 'B121', 'B679', 'B281', 'B290', 'B287', 'B218', 'B404']",5.0,S65,8.42,10,7,17,0.0,,-0.117647,-12.528681,-12.646329,False,False,18,S47,True,16,2.2672,pickup,,,,,,,,,,,,,,,,,,,,,,,,,,,,,,,,,,,,,,,,,,,,,,,,,,,,
42,13,18,11,S65,False,10,7,17,4,0,1,0,0,0,"['B432', 'B328', 'B528', 'B121']",5.0,S50,9.57,6,7,13,0.0,,-0.117348,-12.516931,-12.634279,True,True,36,S57,True,22,4.1445,delivery+onsite,,,,,,,,,,,,,,,,,,,,,,,,,,,,,,,,,,,,,,,,,,,,,,,,,,,,
42,13,18,25,S50,False,6,7,13,0,7,0,0,0,0,"['B95', 'B653', 'B42', 'B300', 'B137', 'B642', 'B659']",3.5,S57,2.14,13,7,20,0.0,,-0.10791,-12.499928,-12.607838,True,False,18,S57,False,12,1.8774,pickup,,,,,,,,,,,,,,,,,,,,,,,,,,,,,,,,,,,,,,,,,,,,,,,,,,,,
42,13,18,31,S57,False,13,7,20,12,0,0,0,0,0,"['B679', 'B281', 'B290', 'B287', 'B218', 'B404', 'B95', 'B653', 'B42', 'B300', 'B137', 'B642']",6.0,S53,4.73,1,7,8,0.0,,-0.088609,-12.628514,-12.717122,False,False,18,S59,True,8,2.4388,delivery,,,,,,,,,,,,,,,,,,,,,,,,,,,,,,,,,,,,,,,,,,,,,,,,,,,,
42,13,18,42,S53,False,1,7,8,0,12,0,0,0,0,"['B173', 'B484', 'B481', 'B390', 'B610', 'B448', 'B252', 'B392', 'B267', 'B88', 'B206', 'B64']",6.0,S59,4.5,13,7,20,0.0,,-0.068413,-12.556372,-12.624785,False,False,12,S38,True,6,1.682,pickup,,,,,,,,,,,,,,,,,,,,,,,,,,,,,,,,,,,,,,,,,,,,,,,,,,,,
42,13,18,52,S59,False,13,7,20,13,0,0,1,0,0,"['B126', 'B659', 'B173', 'B484', 'B481', 'B390', 'B610', 'B448', 'B252', 'B392', 'B267', 'B88', 'B206', 'B64']",7.0,S61,2.35,0,8,8,0.0,,-0.088642,-12.727391,-12.816033,True,True,18,S61,False,12,2.7962,delivery+depot_removal,,,,,,,,,,,,,,,,,,,,,,,,,,,,,,,,,,,,,,,,,,,,,,,,,,,,
42,13,19,2,S61,False,0,8,8,0,7,0,2,0,0,"['B359', 'B622', 'B171', 'B141', 'B311', 'B198', 'B278', 'B181', 'B320']",4.5,S55,5.26,7,10,17,0.0,,-0.097676,-12.622765,-12.720441,True,True,54,S46,True,34,6.9055,pickup+depot_removal,,,,,,,,,,,,,,,,,,,,,,,,,,,,,,,,,,,,,,,,,,,,,,,,,,,,
42,13,19,11,S55,False,7,10,17,0,0,0,0,0,0,[],0.0,S56,1.03,7,10,17,0.0,,-0.009962,-12.680988,-12.69095,False,False,12,S56,False,1,1.4428,do_nothing,,,,,,,,,,,,,,,,,,,,,,,,,,,,,,,,,,,,,,,,,,,,,,,,,,,,
42,13,19,12,S56,False,7,10,17,7,0,0,0,0,0,"['B359', 'B622', 'B171', 'B141', 'B311', 'B198', 'B278']",3.5,S32,1.58,0,10,10,0.0,,0.0,-12.663638,-12.663638,False,False,18,S55,True,13,2.0708,delivery,,,,,,,,,,,,,,,,,,,,,,,,,,,,,,,,,,,,,,,,,,,,,,,,,,,,
42,13,19,18,S32,False,0,10,10,0,10,0,0,0,0,"['B479', 'B175', 'B58', 'B372', 'B700', 'B607', 'B262', 'B593', 'B428', 'B765']",5.0,S55,1.17,10,10,20,0.0,,-0.068438,-12.581813,-12.650251,False,False,12,S55,False,6,1.2853,pickup,,,,,,,,,,,,,,,,,,,,,,,,,,,,,,,,,,,,,,,,,,,,,,,,,,,,
42,13,19,24,S55,False,10,10,20,10,0,0,0,0,0,"['B479', 'B175', 'B58', 'B372', 'B700', 'B607', 'B262', 'B593', 'B428', 'B765']",5.0,S46,2.88,0,10,10,0.0,,-0.028941,-12.588516,-12.617457,False,False,12,S8,True,7,1.3988,delivery,,,,,,,,,,,,,,,,,,,,,,,,,,,,,,,,,,,,,,,,,,,,,,,,,,,,
42,13,19,32,S46,False,0,10,10,0,0,0,0,0,0,[],0.0,S19,4.09,0,10,10,0.0,,-0.106746,-12.785786,-12.892532,False,False,11,S19,False,3,1.3799,do_nothing,,,,,,,,,,,,,,,,,,,,,,,,,,,,,,,,,,,,,,,,,,,,,,,,,,,,
42,13,19,36,S19,False,0,10,10,0,8,0,0,0,0,"['B410', 'B637', 'B506', 'B186', 'B297', 'B711', 'B743', 'B758']",4.0,S54,6.83,8,10,18,0.0,,-0.039199,-12.731283,-12.770483,False,False,13,S44,True,7,1.3062,pickup,,,,,,,,,,,,,,,,,,,,,,,,,,,,,,,,,,,,,,,,,,,,,,,,,,,,
42,13,19,47,S54,False,8,10,18,8,0,0,0,0,0,"['B410', 'B637', 'B506', 'B186', 'B297', 'B711', 'B743', 'B758']",4.0,D0,1.95,0,10,10,0.0,,-0.127165,-12.90635,-13.033515,False,False,2,D0,False,1,0.2149,delivery,,,,,,,,,,,,,,,,,,,,,,,,,,,,,,,,,,,,,,,,,,,,,,,,,,,,
42,13,19,53,D0,True,0,10,10,0,0,0,0,10,15,"['B670', 'B537', 'B99', 'B648', 'B531', 'B307', 'B511', 'B276', 'B201', 'B68', 'B230', 'B581', 'B702', 'B636', 'B347', 'B430', 'B291', 'B265', 'B472', 'B117', 'B55', 'B96', 'B126', 'B181', 'B320']",12.5,D0,0.0,15,0,15,0.0,,-0.117398,-12.679359,-12.796757,True,True,1,D0,False,0,0.1189,do_nothing,,,,,,,,,,,,,,,,,,,,,,,,,,,,,,,,,,,,,,,,,,,,,,,,,,,,
42,14,6,5,D0,True,15,0,15,0,0,0,0,0,0,[],0.0,S65,3.15,15,0,15,0.0,,-2.234844,-13.702838,-15.937682,True,True,5,S65,False,0,0.7991,depot_passthrough,,,,,,,,,,,,,,,,,,,,,,,,,,,,,,,,,,,,,,,,,,,,,,,,,,,,
42,14,6,23,S65,False,15,0,15,15,0,0,1,0,0,"['B266', 'B670', 'B537', 'B99', 'B648', 'B531', 'B307', 'B511', 'B276', 'B201', 'B68', 'B230', 'B581', 'B702', 'B636', 'B347']",8.0,S54,8.42,0,1,1,0.0,,-1.90245,-13.696546,-15.598995,True,True,24,S64,True,22,2.9735,delivery+depot_removal,,,,,,,,,,,,,,,,,,,,,,,,,,,,,,,,,,,,,,,,,,,,,,,,,,,,
42,14,6,40,S54,False,0,1,1,0,11,0,0,0,0,"['B67', 'B718', 'B540', 'B705', 'B584', 'B760', 'B424', 'B502', 'B125', 'B673', 'B664']",5.5,S51,6.18,11,1,12,0.0,,-1.168609,-13.443891,-14.612501,False,False,18,S39,True,8,2.1998,pickup,,,,,,,,,,,,,,,,,,,,,,,,,,,,,,,,,,,,,,,,,,,,,,,,,,,,
42,14,6,51,S51,False,11,1,12,11,0,1,0,0,0,"['B67', 'B718', 'B540', 'B705', 'B584', 'B760', 'B424', 'B502', 'B125', 'B673', 'B664']",8.5,S29,7.57,0,1,1,0.0,,-1.317168,-13.465661,-14.78283,True,True,24,S45,True,18,2.7398,delivery+onsite,,,,,,,,,,,,,,,,,,,,,,,,,,,,,,,,,,,,,,,,,,,,,,,,,,,,
42,14,7,7,S29,False,0,1,1,0,17,0,0,0,0,"['B526', 'B93', 'B172', 'B167', 'B461', 'B548', 'B159', 'B620', 'B242', 'B373', 'B690', 'B50', 'B187', 'B425', 'B643', 'B400', 'B241']",8.5,S31,6.48,17,1,18,0.0,,-0.901382,-13.374891,-14.276273,False,False,18,S31,False,12,2.2771,pickup,,,,,,,,,,,,,,,,,,,,,,,,,,,,,,,,,,,,,,,,,,,,,,,,,,,,
42,14,7,22,S31,False,17,1,18,17,0,1,1,0,0,"['B619', 'B526', 'B93', 'B172', 'B167', 'B461', 'B548', 'B159', 'B620', 'B242', 'B373', 'B690', 'B50', 'B187', 'B425', 'B643', 'B400', 'B241']",12.0,S39,3.72,0,2,2,0.0,,-1.33118,-13.380642,-14.711822,True,True,48,S45,True,42,5.0398,delivery+maintenance,,,,,,,,,,,,,,,,,,,,,,,,,,,,,,,,,,,,,,,,,,,,,,,,,,,,
42,14,7,38,S39,False,0,2,2,0,18,0,0,0,0,"['B394', 'B695', 'B585', 'B631', 'B354', 'B75', 'B57', 'B207', 'B380', 'B337', 'B495', 'B663', 'B450', 'B612', 'B286', 'B1', 'B763', 'B398']",9.0,S22,5.77,18,2,20,0.0,,-0.813256,-13.155284,-13.968541,False,False,12,S22,False,6,1.3429,pickup,,,,,,,,,,,,,,,,,,,,,,,,,,,,,,,,,,,,,,,,,,,,,,,,,,,,
42,14,7,53,S22,False,18,2,20,18,0,1,0,0,0,"['B394', 'B695', 'B585', 'B631', 'B354', 'B75', 'B57', 'B207', 'B380', 'B337', 'B495', 'B663', 'B450', 'B612', 'B286', 'B1', 'B763', 'B398']",12.0,S54,9.78,0,2,2,0.0,,-1.15686,-13.100389,-14.257249,True,True,36,S13,True,20,4.018,delivery+onsite,,,,,,,,,,,,,,,,,,,,,,,,,,,,,,,,,,,,,,,,,,,,,,,,,,,,
42,14,8,15,S54,False,0,2,2,0,14,0,0,0,0,"['B123', 'B94', 'B79', 'B348', 'B474', 'B754', 'B390', 'B417', 'B153', 'B715', 'B538', 'B599', 'B709', 'B200']",7.0,S55,0.95,14,2,16,0.0,,-0.675659,-13.111413,-13.787071,False,False,18,S55,False,12,2.1301,pickup,,,,,,,,,,,,,,,,,,,,,,,,,,,,,,,,,,,,,,,,,,,,,,,,,,,,
42,14,8,23,S55,False,14,2,16,14,0,0,0,0,0,"['B123', 'B94', 'B79', 'B348', 'B474', 'B754', 'B390', 'B417', 'B153', 'B715', 'B538', 'B599', 'B709', 'B200']",7.0,S3,1.62,0,2,2,0.0,,-0.702621,-12.990525,-13.693146,False,False,12,S45,True,7,1.4364,delivery,,,,,,,,,,,,,,,,,,,,,,,,,,,,,,,,,,,,,,,,,,,,,,,,,,,,
42,14,8,31,S3,False,0,2,2,0,11,0,0,0,0,"['B696', 'B503', 'B617', 'B352', 'B271', 'B274', 'B298', 'B212', 'B528', 'B644', 'B383']",5.5,S48,4.55,11,2,13,0.0,,-0.566492,-12.987056,-13.553547,False,False,18,S59,True,14,1.8875,pickup,,,,,,,,,,,,,,,,,,,,,,,,,,,,,,,,,,,,,,,,,,,,,,,,,,,,
42,14,8,41,S48,False,11,2,13,11,0,1,0,0,0,"['B696', 'B503', 'B617', 'B352', 'B271', 'B274', 'B298', 'B212', 'B528', 'B644', 'B383']",8.5,S63,4.03,0,2,2,0.0,,-0.72102,-12.964551,-13.685571,True,True,24,S45,True,21,2.3238,delivery+onsite,,,,,,,,,,,,,,,,,,,,,,,,,,,,,,,,,,,,,,,,,,,,,,,,,,,,
42,14,8,54,S63,False,0,2,2,0,10,1,0,0,0,"['B748', 'B349', 'B565', 'B175', 'B419', 'B199', 'B427', 'B569', 'B133', 'B210']",8.0,S45,1.16,10,2,12,0.0,,-0.585019,-12.970084,-13.555103,True,True,36,S59,True,30,3.8273,pickup+onsite,,,,,,,,,,,,,,,,,,,,,,,,,,,,,,,,,,,,,,,,,,,,,,,,,,,,
42,14,9,3,S45,False,10,2,12,0,7,0,0,0,0,"['B634', 'B305', 'B752', 'B534', 'B396', 'B231', 'B577']",3.5,S13,12.85,17,2,19,0.0,,-0.693732,-12.910955,-13.604687,False,False,18,S19,True,8,1.9625,pickup,,,,,,,,,,,,,,,,,,,,,,,,,,,,,,,,,,,,,,,,,,,,,,,,,,,,
42,14,9,19,S13,False,17,2,19,16,0,0,0,0,0,"['B748', 'B349', 'B565', 'B175', 'B419', 'B199', 'B427', 'B569', 'B133', 'B210', 'B634', 'B305', 'B752', 'B534', 'B396', 'B231']",8.0,S62,11.46,1,2,3,0.0,,-0.467281,-12.970991,-13.438271,False,False,18,S47,True,6,2.1321,delivery,,,,,,,,,,,,,,,,,,,,,,,,,,,,,,,,,,,,,,,,,,,,,,,,,,,,
42,14,9,39,S62,False,1,2,3,0,16,0,1,0,0,"['B437', 'B194', 'B470', 'B549', 'B485', 'B395', 'B491', 'B213', 'B629', 'B371', 'B121', 'B224', 'B345', 'B217', 'B717', 'B229', 'B70']",8.5,S26,5.52,17,3,20,0.0,,-0.595269,-13.273517,-13.868786,True,True,36,S19,True,19,4.0086,pickup+depot_removal,,,,,,,,,,,,,,,,,,,,,,,,,,,,,,,,,,,,,,,,,,,,,,,,,,,,
42,14,9,53,S26,False,17,3,20,17,0,0,0,0,0,"['B577', 'B437', 'B194', 'B470', 'B549', 'B485', 'B395', 'B491', 'B213', 'B629', 'B371', 'B121', 'B224', 'B345', 'B217', 'B717', 'B229']",8.5,S48,11.62,0,3,3,0.0,,-0.38225,-13.18674,-13.568991,False,False,12,S15,True,9,1.3947,delivery,,,,,,,,,,,,,,,,,,,,,,,,,,,,,,,,,,,,,,,,,,,,,,,,,,,,
42,14,10,13,S48,False,0,3,3,0,10,0,0,0,0,"['B645', 'B696', 'B503', 'B617', 'B352', 'B271', 'B274', 'B298', 'B212', 'B528']",5.0,S15,9.05,10,3,13,0.0,,-0.342058,-13.26941,-13.611468,False,False,18,S33,True,14,1.6591,pickup,,,,,,,,,,,,,,,,,,,,,,,,,,,,,,,,,,,,,,,,,,,,,,,,,,,,
42,14,10,27,S15,False,10,3,13,0,0,0,0,0,0,[],0.0,S29,3.9,10,3,13,0.0,,-0.695019,-13.558422,-14.25344,False,False,12,S33,True,0,1.1583,do_nothing,,,,,,,,,,,,,,,,,,,,,,,,,,,,,,,,,,,,,,,,,,,,,,,,,,,,
42,14,10,31,S29,False,10,3,13,10,0,0,0,0,0,"['B645', 'B696', 'B503', 'B617', 'B352', 'B271', 'B274', 'B298', 'B212', 'B528']",5.0,S47,9.08,0,3,3,0.0,,-0.438495,-13.353767,-13.792263,False,False,12,S33,True,8,1.1274,delivery,,,,,,,,,,,,,,,,,,,,,,,,,,,,,,,,,,,,,,,,,,,,,,,,,,,,
42,14,10,45,S47,False,0,3,3,0,13,0,0,0,0,"['B627', 'B462', 'B282', 'B182', 'B447', 'B235', 'B44', 'B496', 'B666', 'B259', 'B517', 'B122', 'B66']",6.5,S29,9.08,13,3,16,0.0,,-0.372265,-13.321364,-13.693629,False,False,18,S33,True,12,2.2867,pickup,,,,,,,,,,,,,,,,,,,,,,,,,,,,,,,,,,,,,,,,,,,,,,,,,,,,
42,14,11,0,S29,False,13,3,16,13,0,0,0,0,0,"['B627', 'B462', 'B282', 'B182', 'B447', 'B235', 'B44', 'B496', 'B666', 'B259', 'B517', 'B122', 'B66']",6.5,S33,4.32,0,3,3,0.0,,-0.645266,-13.427589,-14.072854,False,False,12,S33,False,6,1.8639,delivery,,,,,,,,,,,,,,,,,,,,,,,,,,,,,,,,,,,,,,,,,,,,,,,,,,,,
42,14,11,11,S33,False,0,3,3,0,17,0,0,0,0,"['B532', 'B160', 'B553', 'B313', 'B402', 'B363', 'B675', 'B7', 'B21', 'B611', 'B332', 'B196', 'B36', 'B178', 'B251', 'B114', 'B455']",8.5,S34,3.68,17,3,20,0.0,,-0.507448,-13.433378,-13.940825,False,False,12,S34,False,6,1.8296,pickup,,,,,,,,,,,,,,,,,,,,,,,,,,,,,,,,,,,,,,,,,,,,,,,,,,,,
42,14,11,23,S34,False,17,3,20,17,0,0,0,0,0,"['B532', 'B160', 'B553', 'B313', 'B402', 'B363', 'B675', 'B7', 'B21', 'B611', 'B332', 'B196', 'B36', 'B178', 'B251', 'B114', 'B455']",8.5,S41,5.73,0,3,3,0.0,,-0.484444,-13.400947,-13.885392,False,False,18,S2,True,6,2.702,delivery,,,,,,,,,,,,,,,,,,,,,,,,,,,,,,,,,,,,,,,,,,,,,,,,,,,,
42,14,11,38,S41,False,0,3,3,0,14,0,1,0,0,"['B710', 'B330', 'B80', 'B143', 'B721', 'B318', 'B316', 'B723', 'B683', 'B2', 'B566', 'B56', 'B571', 'B322', 'B190']",7.5,S29,7.7,14,4,18,0.0,,-0.536245,-13.471061,-14.007306,True,True,36,S39,True,19,4.904,pickup+depot_removal,,,,,,,,,,,,,,,,,,,,,,,,,,,,,,,,,,,,,,,,,,,,,,,,,,,,
42,14,11,53,S29,False,14,4,18,14,0,0,1,0,0,"['B524', 'B710', 'B330', 'B80', 'B143', 'B721', 'B318', 'B316', 'B723', 'B683', 'B2', 'B566', 'B56', 'B571', 'B322']",7.5,S30,8.0,0,5,5,0.0,,-0.672326,-13.471948,-14.144274,True,True,24,S45,True,22,3.764,delivery+depot_removal,,,,,,,,,,,,,,,,,,,,,,,,,,,,,,,,,,,,,,,,,,,,,,,,,,,,
42,14,12,8,S30,False,0,5,5,0,6,0,2,0,0,"['B481', 'B103', 'B289', 'B746', 'B518', 'B738', 'B631', 'B127']",4.0,S20,5.9,6,7,13,0.0,,-0.477081,-13.580116,-14.057197,True,True,54,S32,True,49,6.0627,pickup+depot_removal,,,,,,,,,,,,,,,,,,,,,,,,,,,,,,,,,,,,,,,,,,,,,,,,,,,,
42,14,12,18,S20,False,6,7,13,6,0,0,0,0,0,"['B481', 'B103', 'B289', 'B746', 'B518', 'B738']",3.0,S61,8.6,0,7,7,0.0,,-0.555893,-13.55577,-14.111664,False,False,12,S32,True,10,1.3438,delivery,,,,,,,,,,,,,,,,,,,,,,,,,,,,,,,,,,,,,,,,,,,,,,,,,,,,
42,14,12,30,S61,False,0,7,7,0,11,0,0,0,0,"['B598', 'B686', 'B437', 'B740', 'B189', 'B385', 'B497', 'B448', 'B139', 'B49', 'B702']",5.5,S29,5.74,11,7,18,0.0,,-0.874572,-13.685668,-14.56024,False,False,18,S58,True,7,1.9677,pickup,,,,,,,,,,,,,,,,,,,,,,,,,,,,,,,,,,,,,,,,,,,,,,,,,,,,
42,14,12,41,S29,False,11,7,18,0,0,0,0,0,0,[],0.0,S50,1.29,11,7,18,0.0,,-1.685267,-13.683589,-15.368855,False,False,12,S8,True,0,1.3819,do_nothing,,,,,,,,,,,,,,,,,,,,,,,,,,,,,,,,,,,,,,,,,,,,,,,,,,,,
42,14,12,42,S50,False,11,7,18,11,0,1,1,0,0,"['B529', 'B598', 'B686', 'B437', 'B740', 'B189', 'B385', 'B497', 'B448', 'B139', 'B49', 'B702']",9.0,S32,4.46,0,8,8,0.0,,-1.4309,-13.622743,-15.053643,True,True,48,S16,True,42,5.0728,delivery+maintenance,,,,,,,,,,,,,,,,,,,,,,,,,,,,,,,,,,,,,,,,,,,,,,,,,,,,
42,14,12,56,S32,False,0,8,8,0,10,0,0,0,0,"['B572', 'B312', 'B118', 'B554', 'B621', 'B264', 'B507', 'B673', 'B766', 'B276']",5.0,S55,1.17,10,8,18,0.0,,-1.512164,-13.684991,-15.197155,False,False,18,S43,True,15,1.6284,pickup,,,,,,,,,,,,,,,,,,,,,,,,,,,,,,,,,,,,,,,,,,,,,,,,,,,,
42,14,13,2,S55,False,10,8,18,10,0,0,0,0,0,"['B572', 'B312', 'B118', 'B554', 'B621', 'B264', 'B507', 'B673', 'B766', 'B276']",5.0,S51,5.48,0,8,8,0.0,,-1.823358,-13.643742,-15.467099,False,False,12,S58,True,6,1.1985,delivery,,,,,,,,,,,,,,,,,,,,,,,,,,,,,,,,,,,,,,,,,,,,,,,,,,,,
42,14,13,13,S51,False,0,8,8,0,10,0,0,0,0,"['B475', 'B432', 'B656', 'B74', 'B542', 'B732', 'B346', 'B340', 'B604', 'B82']",5.0,S44,3.83,10,8,18,0.0,,-1.885129,-13.546146,-15.431275,False,False,18,S58,True,14,1.8129,pickup,,,,,,,,,,,,,,,,,,,,,,,,,,,,,,,,,,,,,,,,,,,,,,,,,,,,
42,14,13,21,S44,False,10,8,18,10,0,1,0,0,0,"['B475', 'B432', 'B656', 'B74', 'B542', 'B732', 'B346', 'B340', 'B604', 'B82']",8.0,S58,1.79,0,8,8,0.0,,-1.425692,-13.582708,-15.008401,True,True,24,S16,True,20,2.2377,delivery+onsite,,,,,,,,,,,,,,,,,,,,,,,,,,,,,,,,,,,,,,,,,,,,,,,,,,,,
42,14,13,31,S58,False,0,8,8,0,12,0,0,0,0,"['B587', 'B655', 'B727', 'B84', 'B750', 'B693', 'B672', 'B135', 'B119', 'B168', 'B30', 'B304']",6.0,S29,6.9,12,8,20,0.0,,-1.69845,-13.101686,-14.800136,False,False,12,S29,False,6,1.1499,pickup,,,,,,,,,,,,,,,,,,,,,,,,,,,,,,,,,,,,,,,,,,,,,,,,,,,,
42,14,13,44,S29,False,12,8,20,12,0,0,0,0,0,"['B587', 'B655', 'B727', 'B84', 'B750', 'B693', 'B672', 'B135', 'B119', 'B168', 'B30', 'B304']",6.0,S66,6.29,0,8,8,0.0,,-2.189956,-13.186459,-15.376414,False,False,12,S15,True,7,1.2049,delivery,,,,,,,,,,,,,,,,,,,,,,,,,,,,,,,,,,,,,,,,,,,,,,,,,,,,
42,14,13,56,S66,False,0,8,8,0,12,0,0,0,0,"['B435', 'B15', 'B581', 'B3', 'B182', 'B122', 'B484', 'B620', 'B474', 'B19', 'B718', 'B460']",6.0,S15,3.2,12,8,20,0.0,,-2.121922,-13.140428,-15.26235,True,False,18,S60,True,12,1.8762,pickup,,,,,,,,,,,,,,,,,,,,,,,,,,,,,,,,,,,,,,,,,,,,,,,,,,,,
42,14,14,6,S15,False,12,8,20,0,0,0,0,0,0,[],0.0,S54,3.9,12,8,20,0.0,,-1.538107,-13.188129,-14.726236,False,False,12,S62,True,1,1.4558,do_nothing,,,,,,,,,,,,,,,,,,,,,,,,,,,,,,,,,,,,,,,,,,,,,,,,,,,,
42,14,14,9,S54,False,12,8,20,12,0,0,0,0,0,"['B435', 'B15', 'B581', 'B3', 'B182', 'B122', 'B484', 'B620', 'B474', 'B19', 'B718', 'B460']",6.0,S62,2.78,0,8,8,0.0,,-1.692162,-13.096482,-14.788644,False,False,12,S15,True,6,1.4738,delivery,,,,,,,,,,,,,,,,,,,,,,,,,,,,,,,,,,,,,,,,,,,,,,,,,,,,
42,14,14,18,S62,False,0,8,8,0,12,0,0,0,0,"['B582', 'B310', 'B372', 'B54', 'B0', 'B200', 'B393', 'B58', 'B358', 'B390', 'B565', 'B25']",6.0,S15,2.79,12,8,20,0.0,,-2.270848,-13.299598,-15.570445,False,False,12,S26,True,8,1.3355,pickup,,,,,,,,,,,,,,,,,,,,,,,,,,,,,,,,,,,,,,,,,,,,,,,,,,,,
42,14,14,27,S15,False,12,8,20,12,0,0,0,0,0,"['B582', 'B310', 'B372', 'B54', 'B0', 'B200', 'B393', 'B58', 'B358', 'B390', 'B565', 'B25']",6.0,S40,2.5,0,8,8,0.0,,-2.289993,-13.335113,-15.625106,False,False,12,S66,True,8,1.2514,delivery,,,,,,,,,,,,,,,,,,,,,,,,,,,,,,,,,,,,,,,,,,,,,,,,,,,,
42,14,14,36,S40,False,0,8,8,0,12,0,0,0,0,"['B362', 'B464', 'B202', 'B605', 'B606', 'B755', 'B528', 'B441', 'B544', 'B696', 'B165', 'B492']",6.0,S54,2.17,12,8,20,0.0,,-2.440822,-13.333493,-15.774315,False,False,18,S54,True,6,2.0041,pickup,,,,,,,,,,,,,,,,,,,,,,,,,,,,,,,,,,,,,,,,,,,,,,,,,,,,
42,14,14,44,S54,False,12,8,20,12,0,0,0,0,0,"['B362', 'B464', 'B202', 'B605', 'B606', 'B755', 'B528', 'B441', 'B544', 'B696', 'B165', 'B492']",6.0,S12,8.01,0,8,8,0.0,,-2.48447,-13.36099,-15.84546,False,False,12,S26,True,9,1.3744,delivery,,,,,,,,,,,,,,,,,,,,,,,,,,,,,,,,,,,,,,,,,,,,,,,,,,,,
42,14,14,58,S12,False,0,8,8,0,12,0,0,0,0,"['B92', 'B564', 'B721', 'B75', 'B759', 'B22', 'B69', 'B335', 'B656', 'B703', 'B543', 'B344']",6.0,S42,10.97,12,8,20,0.0,,-2.556166,-13.309454,-15.86562,False,False,12,S48,True,9,1.7013,pickup,,,,,,,,,,,,,,,,,,,,,,,,,,,,,,,,,,,,,,,,,,,,,,,,,,,,
42,14,15,15,S42,False,12,8,20,12,0,0,1,0,0,"['B301', 'B92', 'B564', 'B721', 'B75', 'B759', 'B22', 'B69', 'B335', 'B656', 'B703', 'B543', 'B344']",6.5,S62,6.87,0,9,9,0.0,,-2.744076,-13.318969,-16.063045,True,True,36,S66,True,19,3.7755,delivery+depot_removal,,,,,,,,,,,,,,,,,,,,,,,,,,,,,,,,,,,,,,,,,,,,,,,,,,,,
42,14,15,28,S62,False,0,9,9,0,11,0,0,0,0,"['B197', 'B638', 'B448', 'B185', 'B312', 'B593', 'B238', 'B739', 'B709', 'B45', 'B627']",5.5,S35,5.61,11,9,20,0.0,,-2.59678,-13.403144,-15.999924,False,False,12,S60,True,10,1.332,pickup,,,,,,,,,,,,,,,,,,,,,,,,,,,,,,,,,,,,,,,,,,,,,,,,,,,,
42,14,15,39,S35,False,11,9,20,11,0,0,1,0,0,"['B225', 'B197', 'B638', 'B448', 'B185', 'B312', 'B593', 'B238', 'B739', 'B709', 'B45', 'B627']",6.0,S60,9.21,0,10,10,0.0,,-2.343533,-13.440873,-15.784405,True,True,18,S66,True,16,2.0836,delivery+depot_removal,,,,,,,,,,,,,,,,,,,,,,,,,,,,,,,,,,,,,,,,,,,,,,,,,,,,
42,14,15,54,S60,False,0,10,10,0,10,0,0,0,0,"['B325', 'B42', 'B123', 'B270', 'B596', 'B446', 'B166', 'B670', 'B526', 'B540']",5.0,S39,2.89,10,10,20,0.0,,-2.174988,-13.446933,-15.621921,True,False,24,S39,True,12,2.3019,pickup,,,,,,,,,,,,,,,,,,,,,,,,,,,,,,,,,,,,,,,,,,,,,,,,,,,,
42,14,16,2,S39,False,10,10,20,10,0,0,0,0,0,"['B325', 'B42', 'B123', 'B270', 'B596', 'B446', 'B166', 'B670', 'B526', 'B540']",5.0,S51,7.16,0,10,10,0.0,,-1.910566,-13.357571,-15.268137,False,False,12,S55,True,7,1.2355,delivery,,,,,,,,,,,,,,,,,,,,,,,,,,,,,,,,,,,,,,,,,,,,,,,,,,,,
42,14,16,14,S51,False,0,10,10,0,10,0,0,0,0,"['B157', 'B507', 'B73', 'B27', 'B563', 'B381', 'B306', 'B250', 'B510', 'B576']",5.0,S55,5.48,10,10,20,0.0,,-2.122481,-13.259924,-15.382405,True,False,18,S43,True,14,1.8927,pickup,,,,,,,,,,,,,,,,,,,,,,,,,,,,,,,,,,,,,,,,,,,,,,,,,,,,
42,14,16,25,S55,False,10,10,20,10,0,0,1,0,0,"['B394', 'B157', 'B507', 'B73', 'B27', 'B563', 'B381', 'B306', 'B250', 'B510', 'B576']",5.5,S23,11.22,0,11,11,0.0,,-1.524051,-13.13522,-14.659272,True,True,18,S31,True,15,1.9939,delivery+depot_removal,,,,,,,,,,,,,,,,,,,,,,,,,,,,,,,,,,,,,,,,,,,,,,,,,,,,
42,14,16,42,S23,False,0,11,11,0,8,0,1,0,0,"['B583', 'B674', 'B764', 'B317', 'B625', 'B466', 'B730', 'B382', 'B498']",4.5,S26,8.86,8,12,20,0.0,,-1.132423,-13.101913,-14.234336,True,True,30,S26,False,18,3.0748,pickup+depot_removal,,,,,,,,,,,,,,,,,,,,,,,,,,,,,,,,,,,,,,,,,,,,,,,,,,,,
42,14,16,55,S26,False,8,12,20,8,0,0,0,0,0,"['B583', 'B674', 'B764', 'B317', 'B625', 'B466', 'B730', 'B382']",4.0,S43,8.51,0,12,12,0.0,,-1.02633,-13.019929,-14.04626,False,False,12,S52,True,10,1.0514,delivery,,,,,,,,,,,,,,,,,,,,,,,,,,,,,,,,,,,,,,,,,,,,,,,,,,,,
42,14,17,7,S43,False,0,12,12,0,8,0,0,0,0,"['B377', 'B63', 'B177', 'B354', 'B300', 'B49', 'B278', 'B657']",4.0,S52,1.59,8,12,20,0.0,,-0.703097,-13.160336,-13.863433,False,False,12,S48,True,6,1.1379,pickup,,,,,,,,,,,,,,,,,,,,,,,,,,,,,,,,,,,,,,,,,,,,,,,,,,,,
42,14,17,13,S52,False,8,12,20,8,0,0,0,0,0,"['B377', 'B63', 'B177', 'B354', 'B300', 'B49', 'B278', 'B657']",4.0,S66,3.13,0,12,12,0.0,,-1.063665,-13.140559,-14.204223,False,False,12,S31,True,8,1.139,delivery,,,,,,,,,,,,,,,,,,,,,,,,,,,,,,,,,,,,,,,,,,,,,,,,,,,,
42,14,17,20,S66,False,0,12,12,0,8,0,0,0,0,"['B7', 'B611', 'B33', 'B332', 'B399', 'B178', 'B441', 'B251']",4.0,S35,8.23,8,12,20,0.0,,-1.34899,-13.146668,-14.495658,True,False,24,S30,True,22,2.1774,pickup,,,,,,,,,,,,,,,,,,,,,,,,,,,,,,,,,,,,,,,,,,,,,,,,,,,,
42,14,17,32,S35,False,8,12,20,8,0,0,0,0,0,"['B7', 'B611', 'B33', 'B332', 'B399', 'B178', 'B441', 'B251']",4.0,S31,8.41,0,12,12,0.0,,-0.990257,-12.905161,-13.895418,False,False,12,S31,False,6,1.098,delivery,,,,,,,,,,,,,,,,,,,,,,,,,,,,,,,,,,,,,,,,,,,,,,,,,,,,
42,14,17,45,S31,False,0,12,12,0,8,0,0,0,0,"['B487', 'B647', 'B29', 'B28', 'B571', 'B676', 'B753', 'B369']",4.0,S8,15.9,8,12,20,0.0,,-0.644642,-12.799711,-13.444353,False,False,12,S30,True,8,1.2821,pickup,,,,,,,,,,,,,,,,,,,,,,,,,,,,,,,,,,,,,,,,,,,,,,,,,,,,
42,14,18,5,S8,False,8,12,20,8,0,0,0,0,0,"['B487', 'B647', 'B29', 'B28', 'B571', 'B676', 'B753', 'B369']",4.0,S65,17.96,0,12,12,0.0,,-0.754808,-12.877445,-13.632253,False,False,12,S58,True,7,1.1309,delivery,,,,,,,,,,,,,,,,,,,,,,,,,,,,,,,,,,,,,,,,,,,,,,,,,,,,
42,14,18,27,S65,False,0,12,12,0,8,0,0,0,0,"['B343', 'B82', 'B398', 'B293', 'B707', 'B541', 'B473', 'B765']",4.0,S49,4.37,8,12,20,0.0,,-0.900763,-12.87998,-13.780743,True,False,18,S30,True,12,1.7965,pickup,,,,,,,,,,,,,,,,,,,,,,,,,,,,,,,,,,,,,,,,,,,,,,,,,,,,
42,14,18,35,S49,False,8,12,20,8,0,0,0,0,0,"['B343', 'B82', 'B398', 'B293', 'B707', 'B541', 'B473', 'B765']",4.0,S48,8.01,0,12,12,0.0,,-0.675784,-13.063827,-13.739611,False,False,12,S26,True,9,1.1062,delivery,,,,,,,,,,,,,,,,,,,,,,,,,,,,,,,,,,,,,,,,,,,,,,,,,,,,
42,14,18,47,S48,False,0,12,12,0,8,0,0,0,0,"['B18', 'B79', 'B486', 'B365', 'B400', 'B249', 'B699', 'B246']",4.0,S19,0.52,8,12,20,0.0,,-0.69649,-13.112829,-13.809319,False,False,12,S39,True,7,1.4047,pickup,,,,,,,,,,,,,,,,,,,,,,,,,,,,,,,,,,,,,,,,,,,,,,,,,,,,
42,14,18,52,S19,False,8,12,20,0,0,0,0,0,0,[],0.0,S39,8.33,8,12,20,0.0,,-0.559371,-12.976471,-13.535842,False,False,18,S26,True,0,1.4992,do_nothing,,,,,,,,,,,,,,,,,,,,,,,,,,,,,,,,,,,,,,,,,,,,,,,,,,,,
42,14,19,0,S39,False,8,12,20,8,0,0,0,0,0,"['B18', 'B79', 'B486', 'B365', 'B400', 'B249', 'B699', 'B246']",4.0,S30,4.07,0,12,12,0.0,,-0.402061,-13.018871,-13.420932,False,False,12,S26,True,9,1.1738,delivery,,,,,,,,,,,,,,,,,,,,,,,,,,,,,,,,,,,,,,,,,,,,,,,,,,,,
42,14,19,8,S30,False,0,12,12,0,8,0,0,0,0,"['B106', 'B222', 'B294', 'B393', 'B237', 'B412', 'B726', 'B74']",4.0,S54,7.41,8,12,20,0.0,,-0.510819,-12.921633,-13.432452,False,False,12,S27,True,7,1.2572,pickup,,,,,,,,,,,,,,,,,,,,,,,,,,,,,,,,,,,,,,,,,,,,,,,,,,,,
42,14,19,19,S54,False,8,12,20,8,0,0,0,0,0,"['B106', 'B222', 'B294', 'B393', 'B237', 'B412', 'B726', 'B74']",4.0,S66,5.58,0,12,12,0.0,,-0.314344,-12.984811,-13.299154,False,False,12,S10,True,8,1.168,delivery,,,,,,,,,,,,,,,,,,,,,,,,,,,,,,,,,,,,,,,,,,,,,,,,,,,,
42,14,19,29,S66,False,0,12,12,0,8,0,0,0,0,"['B114', 'B416', 'B622', 'B65', 'B40', 'B651', 'B299', 'B727']",4.0,S27,1.91,8,12,20,0.0,,-0.362515,-12.84658,-13.209095,True,False,24,S7,True,18,2.6994,pickup,,,,,,,,,,,,,,,,,,,,,,,,,,,,,,,,,,,,,,,,,,,,,,,,,,,,
42,14,19,35,S27,False,8,12,20,8,0,0,0,0,0,"['B114', 'B416', 'B622', 'B65', 'B40', 'B651', 'B299', 'B727']",4.0,S31,2.27,0,12,12,0.0,,-0.285175,-12.911813,-13.196988,False,False,10,S26,True,6,0.9829,delivery,,,,,,,,,,,,,,,,,,,,,,,,,,,,,,,,,,,,,,,,,,,,,,,,,,,,
42,14,19,41,S31,False,0,12,12,0,8,0,0,0,0,"['B551', 'B191', 'B485', 'B528', 'B384', 'B691', 'B262', 'B535']",4.0,S40,3.53,8,12,20,0.0,,-0.176872,-12.768159,-12.945031,False,False,7,S61,True,5,0.9774,pickup,,,,,,,,,,,,,,,,,,,,,,,,,,,,,,,,,,,,,,,,,,,,,,,,,,,,
42,14,19,49,S40,False,8,12,20,8,0,0,0,0,0,"['B551', 'B191', 'B485', 'B528', 'B384', 'B691', 'B262', 'B535']",4.0,D0,0.66,0,12,12,0.0,,-0.283738,-13.044069,-13.327807,False,False,2,D0,False,1,0.2137,delivery,,,,,,,,,,,,,,,,,,,,,,,,,,,,,,,,,,,,,,,,,,,,,,,,,,,,
42,14,19,53,D0,True,0,12,12,0,0,0,0,12,10,"['B430', 'B291', 'B265', 'B472', 'B117', 'B55', 'B96', 'B126', 'B181', 'B320', 'B266', 'B619', 'B70', 'B190', 'B524', 'B631', 'B127', 'B529', 'B301', 'B225', 'B394', 'B498']",11.0,D0,0.0,10,0,10,0.0,,-0.311754,-12.901887,-13.213641,True,True,1,D0,False,0,0.1187,do_nothing,,,,,,,,,,,,,,,,,,,,,,,,,,,,,,,,,,,,,,,,,,,,,,,,,,,,
42,15,6,4,D0,True,10,0,10,0,0,0,0,0,0,[],0.0,S66,1.4,10,0,10,0.0,,-2.408845,-13.467842,-15.876686,True,True,5,S66,False,1,0.533,depot_passthrough,,,,,,,,,,,,,,,,,,,,,,,,,,,,,,,,,,,,,,,,,,,,,,,,,,,,
42,15,6,21,S66,False,10,0,10,10,0,0,2,0,0,"['B247', 'B383', 'B430', 'B291', 'B265', 'B472', 'B117', 'B55', 'B96', 'B126', 'B181', 'B320']",6.0,S54,5.58,0,2,2,0.0,,-1.666041,-13.402392,-15.068433,True,True,36,S54,False,33,3.5256,delivery+depot_removal,,,,,,,,,,,,,,,,,,,,,,,,,,,,,,,,,,,,,,,,,,,,,,,,,,,,
42,15,6,32,S54,False,0,2,2,0,15,0,0,0,0,"['B596', 'B295', 'B321', 'B711', 'B688', 'B461', 'B108', 'B21', 'B572', 'B624', 'B61', 'B63', 'B534', 'B660', 'B488']",7.5,S48,6.34,15,2,17,0.0,,-1.49136,-13.329898,-14.821259,False,False,18,S33,True,10,1.9031,pickup,,,,,,,,,,,,,,,,,,,,,,,,,,,,,,,,,,,,,,,,,,,,,,,,,,,,
42,15,6,46,S48,False,15,2,17,14,0,0,0,0,0,"['B596', 'B295', 'B321', 'B711', 'B688', 'B461', 'B108', 'B21', 'B572', 'B624', 'B61', 'B63', 'B534', 'B660']",7.0,S33,5.49,1,2,3,0.0,,-1.394615,-13.199462,-14.594076,False,False,18,S4,True,6,1.9577,delivery,,,,,,,,,,,,,,,,,,,,,,,,,,,,,,,,,,,,,,,,,,,,,,,,,,,,
42,15,6,59,S33,False,1,2,3,0,17,0,0,0,0,"['B665', 'B512', 'B258', 'B223', 'B415', 'B560', 'B439', 'B1', 'B147', 'B116', 'B443', 'B314', 'B325', 'B561', 'B119', 'B90', 'B669']",8.5,S65,6.32,18,2,20,0.0,,-0.880048,-13.174477,-14.054526,False,False,12,S40,True,6,1.3084,pickup,,,,,,,,,,,,,,,,,,,,,,,,,,,,,,,,,,,,,,,,,,,,,,,,,,,,
42,15,7,13,S65,False,18,2,20,16,0,0,1,0,0,"['B715', 'B488', 'B665', 'B512', 'B258', 'B223', 'B415', 'B560', 'B439', 'B1', 'B147', 'B116', 'B443', 'B314', 'B325', 'B561', 'B119']",8.5,S47,1.6,2,3,5,0.0,,-0.66601,-13.115242,-13.781252,True,True,30,S27,True,13,3.0375,delivery+depot_removal,,,,,,,,,,,,,,,,,,,,,,,,,,,,,,,,,,,,,,,,,,,,,,,,,,,,
42,15,7,24,S47,False,2,3,5,0,15,0,0,0,0,"['B333', 'B362', 'B344', 'B261', 'B549', 'B269', 'B128', 'B43', 'B324', 'B161', 'B532', 'B497', 'B515', 'B590', 'B470']",7.5,S26,7.49,17,3,20,0.0,,-0.851896,-13.062096,-13.913992,False,False,18,S30,True,8,1.6935,pickup,,,,,,,,,,,,,,,,,,,,,,,,,,,,,,,,,,,,,,,,,,,,,,,,,,,,
42,15,7,39,S26,False,17,3,20,16,0,0,0,0,0,"['B90', 'B669', 'B333', 'B362', 'B344', 'B261', 'B549', 'B269', 'B128', 'B43', 'B324', 'B161', 'B532', 'B497', 'B515', 'B590']",8.0,S49,8.9,1,3,4,0.0,,-0.735541,-13.038743,-13.774284,False,False,18,S27,True,7,1.8403,delivery,,,,,,,,,,,,,,,,,,,,,,,,,,,,,,,,,,,,,,,,,,,,,,,,,,,,
42,15,7,55,S49,False,1,3,4,0,0,0,0,0,0,[],0.0,S35,10.69,1,3,4,0.0,,-0.449172,-13.261513,-13.710684,False,False,18,S30,True,2,2.1513,do_nothing,,,,,,,,,,,,,,,,,,,,,,,,,,,,,,,,,,,,,,,,,,,,,,,,,,,,
42,15,8,6,S35,False,1,3,4,0,14,0,0,0,0,"['B525', 'B458', 'B252', 'B308', 'B693', 'B354', 'B56', 'B101', 'B154', 'B630', 'B385', 'B370', 'B564', 'B695']",7.0,S53,5.18,15,3,18,0.0,,-0.430373,-13.19233,-13.622703,False,False,18,S19,True,14,2.3688,pickup,,,,,,,,,,,,,,,,,,,,,,,,,,,,,,,,,,,,,,,,,,,,,,,,,,,,
42,15,8,18,S53,False,15,3,18,12,0,0,0,0,0,"['B470', 'B525', 'B458', 'B252', 'B308', 'B693', 'B354', 'B56', 'B101', 'B154', 'B630', 'B385']",6.0,S16,1.73,3,3,6,0.0,,-0.38712,-13.289659,-13.676778,False,False,18,S19,True,6,2.2537,delivery,,,,,,,,,,,,,,,,,,,,,,,,,,,,,,,,,,,,,,,,,,,,,,,,,,,,
42,15,8,26,S16,False,3,3,6,0,7,0,0,0,0,"['B270', 'B440', 'B124', 'B381', 'B58', 'B598', 'B100']",3.5,S19,4.73,10,3,13,0.0,,-0.291495,-13.162604,-13.454098,True,False,36,S49,True,14,3.6257,pickup,,,,,,,,,,,,,,,,,,,,,,,,,,,,,,,,,,,,,,,,,,,,,,,,,,,,
42,15,8,34,S19,False,10,3,13,10,0,0,0,0,0,"['B370', 'B564', 'B695', 'B270', 'B440', 'B124', 'B381', 'B58', 'B598', 'B100']",5.0,S32,4.87,0,3,3,0.0,,-0.397783,-13.116484,-13.514267,False,False,12,S32,False,8,1.2369,delivery,,,,,,,,,,,,,,,,,,,,,,,,,,,,,,,,,,,,,,,,,,,,,,,,,,,,
42,15,8,44,S32,False,0,3,3,0,15,0,0,0,0,"['B26', 'B251', 'B306', 'B616', 'B0', 'B358', 'B12', 'B643', 'B218', 'B276', 'B522', 'B750', 'B622', 'B593', 'B523']",7.5,S62,3.53,15,3,18,0.0,,-0.233826,-13.082681,-13.316507,False,False,18,S49,True,7,2.0346,pickup,,,,,,,,,,,,,,,,,,,,,,,,,,,,,,,,,,,,,,,,,,,,,,,,,,,,
42,15,8,55,S62,False,15,3,18,11,0,0,0,0,0,"['B26', 'B251', 'B306', 'B616', 'B0', 'B358', 'B12', 'B643', 'B218', 'B276', 'B522']",5.5,S49,5.09,4,3,7,0.0,,-0.40976,-13.248355,-13.658115,False,False,18,S48,True,6,1.9548,delivery,,,,,,,,,,,,,,,,,,,,,,,,,,,,,,,,,,,,,,,,,,,,,,,,,,,,
42,15,9,6,S49,False,4,3,7,0,13,0,0,0,0,"['B82', 'B398', 'B293', 'B707', 'B541', 'B473', 'B765', 'B761', 'B717', 'B243', 'B712', 'B397', 'B434']",6.5,S25,10.9,17,3,20,0.0,,-0.466545,-13.263878,-13.730423,False,False,12,S40,True,8,1.3816,pickup,,,,,,,,,,,,,,,,,,,,,,,,,,,,,,,,,,,,,,,,,,,,,,,,,,,,
42,15,9,23,S25,False,17,3,20,17,0,0,3,0,0,"['B209', 'B212', 'B741', 'B750', 'B622', 'B593', 'B523', 'B82', 'B398', 'B293', 'B707', 'B541', 'B473', 'B765', 'B761', 'B717', 'B243', 'B712', 'B397', 'B434']",10.0,S52,13.05,0,6,6,0.0,,-0.400561,-13.275698,-13.676259,True,True,54,S48,True,26,5.9329,delivery+depot_removal,,,,,,,,,,,,,,,,,,,,,,,,,,,,,,,,,,,,,,,,,,,,,,,,,,,,
42,15,9,46,S52,False,0,6,6,0,11,0,1,0,0,"['B657', 'B280', 'B507', 'B492', 'B425', 'B60', 'B432', 'B677', 'B279', 'B401', 'B752', 'B216']",6.0,S51,4.66,11,7,18,0.0,,-0.820714,-13.55188,-14.372594,True,True,36,S40,True,31,3.8121,pickup+depot_removal,,,,,,,,,,,,,,,,,,,,,,,,,,,,,,,,,,,,,,,,,,,,,,,,,,,,
42,15,9,57,S51,False,11,7,18,11,0,0,1,0,0,"['B559', 'B657', 'B280', 'B507', 'B492', 'B425', 'B60', 'B432', 'B677', 'B279', 'B401', 'B752']",6.0,S44,3.83,0,8,8,0.0,,-0.722886,-13.491646,-14.214532,True,True,24,S38,True,19,3.1485,delivery+depot_removal,,,,,,,,,,,,,,,,,,,,,,,,,,,,,,,,,,,,,,,,,,,,,,,,,,,,
42,15,10,7,S44,False,0,8,8,0,11,0,0,0,0,"['B102', 'B711', 'B369', 'B237', 'B742', 'B192', 'B467', 'B48', 'B122', 'B516', 'B155']",5.5,S29,5.3,11,8,19,0.0,,-0.773398,-13.701317,-14.474715,False,False,18,S17,True,13,2.1447,pickup,,,,,,,,,,,,,,,,,,,,,,,,,,,,,,,,,,,,,,,,,,,,,,,,,,,,
42,15,10,18,S29,False,11,8,19,11,0,0,0,0,0,"['B102', 'B711', 'B369', 'B237', 'B742', 'B192', 'B467', 'B48', 'B122', 'B516', 'B155']",5.5,S63,5.25,0,8,8,0.0,,-0.78042,-13.668794,-14.449214,False,False,12,S35,True,7,1.678,delivery,,,,,,,,,,,,,,,,,,,,,,,,,,,,,,,,,,,,,,,,,,,,,,,,,,,,
42,15,10,28,S63,False,0,8,8,0,10,0,0,0,0,"['B596', 'B611', 'B294', 'B651', 'B205', 'B220', 'B608', 'B698', 'B487', 'B413']",5.0,S35,6.66,10,8,18,0.0,,-0.735112,-13.753466,-14.488578,False,False,18,S38,True,13,2.3439,pickup,,,,,,,,,,,,,,,,,,,,,,,,,,,,,,,,,,,,,,,,,,,,,,,,,,,,
42,15,10,40,S35,False,10,8,18,10,0,0,0,0,0,"['B596', 'B611', 'B294', 'B651', 'B205', 'B220', 'B608', 'B698', 'B487', 'B413']",5.0,S38,9.81,0,8,8,0.0,,-0.313214,-13.72653,-14.039744,False,False,12,S38,False,9,1.7778,delivery,,,,,,,,,,,,,,,,,,,,,,,,,,,,,,,,,,,,,,,,,,,,,,,,,,,,
42,15,10,55,S38,False,0,8,8,0,10,0,0,0,0,"['B176', 'B521', 'B653', 'B517', 'B469', 'B754', 'B47', 'B424', 'B297', 'B610']",5.0,S12,7.06,10,8,18,0.0,,-0.478917,-13.794477,-14.273394,False,False,18,S17,True,15,2.0909,pickup,,,,,,,,,,,,,,,,,,,,,,,,,,,,,,,,,,,,,,,,,,,,,,,,,,,,
42,15,11,7,S12,False,10,8,18,10,0,0,1,0,0,"['B226', 'B176', 'B521', 'B653', 'B517', 'B469', 'B754', 'B47', 'B424', 'B297', 'B610']",5.5,S31,9.37,0,9,9,0.0,,-0.603888,-13.854186,-14.458073,True,True,24,S37,True,22,3.7936,delivery+depot_removal,,,,,,,,,,,,,,,,,,,,,,,,,,,,,,,,,,,,,,,,,,,,,,,,,,,,
42,15,11,22,S31,False,0,9,9,0,10,1,0,0,0,"['B339', 'B232', 'B330', 'B86', 'B246', 'B553', 'B93', 'B169', 'B543', 'B366']",8.0,S17,7.72,10,9,19,0.0,,-0.614404,-13.939685,-14.554089,True,True,36,S7,True,32,4.476,pickup+onsite,,,,,,,,,,,,,,,,,,,,,,,,,,,,,,,,,,,,,,,,,,,,,,,,,,,,
42,15,11,37,S17,False,10,9,19,10,0,0,0,0,0,"['B339', 'B232', 'B330', 'B86', 'B246', 'B553', 'B93', 'B169', 'B543', 'B366']",5.0,S51,13.23,0,9,9,0.0,,-0.99438,-13.808373,-14.802753,False,False,12,S51,False,7,1.5176,delivery,,,,,,,,,,,,,,,,,,,,,,,,,,,,,,,,,,,,,,,,,,,,,,,,,,,,
42,15,11,56,S51,False,0,9,9,0,11,0,0,0,0,"['B425', 'B60', 'B432', 'B677', 'B279', 'B401', 'B752', 'B120', 'B586', 'B417', 'B558']",5.5,S29,7.57,11,9,20,0.0,,-1.092299,-13.580185,-14.672484,False,False,12,S65,True,7,1.7936,pickup,,,,,,,,,,,,,,,,,,,,,,,,,,,,,,,,,,,,,,,,,,,,,,,,,,,,
42,15,12,9,S29,False,11,9,20,11,0,0,0,0,0,"['B425', 'B60', 'B432', 'B677', 'B279', 'B401', 'B752', 'B120', 'B586', 'B417', 'B558']",5.5,S41,7.7,0,9,9,0.0,,-1.3276,-13.776783,-15.104383,False,False,12,S40,True,6,1.3252,delivery,,,,,,,,,,,,,,,,,,,,,,,,,,,,,,,,,,,,,,,,,,,,,,,,,,,,
42,15,12,22,S41,False,0,9,9,0,11,0,0,0,0,"['B77', 'B142', 'B557', 'B76', 'B556', 'B617', 'B444', 'B454', 'B646', 'B80', 'B462']",5.5,S63,5.29,11,9,20,0.0,,-1.748597,-13.803183,-15.55178,False,False,12,S65,True,6,1.0781,pickup,,,,,,,,,,,,,,,,,,,,,,,,,,,,,,,,,,,,,,,,,,,,,,,,,,,,
42,15,12,33,S63,False,11,9,20,11,0,0,0,0,0,"['B77', 'B142', 'B557', 'B76', 'B556', 'B617', 'B444', 'B454', 'B646', 'B80', 'B462']",5.5,S25,14.29,0,9,9,0.0,,-1.940294,-13.96107,-15.901363,False,False,12,S40,True,9,1.7138,delivery,,,,,,,,,,,,,,,,,,,,,,,,,,,,,,,,,,,,,,,,,,,,,,,,,,,,
42,15,12,52,S25,False,0,9,9,0,11,0,0,0,0,"['B750', 'B622', 'B593', 'B523', 'B82', 'B398', 'B293', 'B707', 'B541', 'B473', 'B765']",5.5,S54,14.63,11,9,20,0.0,,-3.224501,-14.025967,-17.250468,False,False,12,S65,True,9,1.4441,pickup,,,,,,,,,,,,,,,,,,,,,,,,,,,,,,,,,,,,,,,,,,,,,,,,,,,,
42,15,13,13,S54,False,11,9,20,11,0,0,0,0,0,"['B750', 'B622', 'B593', 'B523', 'B82', 'B398', 'B293', 'B707', 'B541', 'B473', 'B765']",5.5,S65,8.42,0,9,9,0.0,,-2.831909,-14.158622,-16.990531,False,False,12,S33,True,6,1.4004,delivery,,,,,,,,,,,,,,,,,,,,,,,,,,,,,,,,,,,,,,,,,,,,,,,,,,,,
42,15,13,27,S65,False,0,9,9,0,11,0,0,0,0,"['B1', 'B147', 'B116', 'B443', 'B314', 'B325', 'B561', 'B119', 'B36', 'B595', 'B474']",5.5,S26,6.43,11,9,20,0.0,,-3.189023,-14.083706,-17.272729,False,False,12,S26,False,6,1.4962,pickup,,,,,,,,,,,,,,,,,,,,,,,,,,,,,,,,,,,,,,,,,,,,,,,,,,,,
42,15,13,38,S26,False,11,9,20,11,0,0,1,0,0,"['B414', 'B1', 'B147', 'B116', 'B443', 'B314', 'B325', 'B561', 'B119', 'B36', 'B595', 'B474']",6.0,S7,9.03,0,10,10,0.0,,-2.302352,-13.746924,-16.049277,True,True,18,S42,True,13,2.09,delivery+depot_removal,,,,,,,,,,,,,,,,,,,,,,,,,,,,,,,,,,,,,,,,,,,,,,,,,,,,
42,15,13,53,S7,False,0,10,10,0,10,0,0,0,0,"['B578', 'B405', 'B121', 'B345', 'B215', 'B708', 'B496', 'B579', 'B634', 'B533']",5.0,S15,8.41,10,10,20,0.0,,-2.641552,-13.671751,-16.313303,True,False,24,S60,True,18,2.9532,pickup,,,,,,,,,,,,,,,,,,,,,,,,,,,,,,,,,,,,,,,,,,,,,,,,,,,,
42,15,14,7,S15,False,10,10,20,10,0,0,0,0,0,"['B578', 'B405', 'B121', 'B345', 'B215', 'B708', 'B496', 'B579', 'B634', 'B533']",5.0,S62,2.79,0,10,10,0.0,,-2.30335,-13.624012,-15.927362,False,False,12,S32,True,6,1.3867,delivery,,,,,,,,,,,,,,,,,,,,,,,,,,,,,,,,,,,,,,,,,,,,,,,,,,,,
42,15,14,15,S62,False,0,10,10,0,10,0,0,0,0,"['B172', 'B106', 'B582', 'B310', 'B39', 'B3', 'B683', 'B698', 'B50', 'B681']",5.0,S52,1.55,10,10,20,0.0,,-1.880336,-13.717996,-15.598332,False,False,12,S52,False,6,1.3529,pickup,,,,,,,,,,,,,,,,,,,,,,,,,,,,,,,,,,,,,,,,,,,,,,,,,,,,
42,15,14,21,S52,False,10,10,20,9,0,0,1,0,0,"['B348', 'B172', 'B106', 'B582', 'B310', 'B39', 'B3', 'B683', 'B698', 'B50']",5.0,S41,4.13,1,11,12,0.0,,-2.83041,-13.68783,-16.518241,True,True,30,S32,True,13,3.1132,delivery+depot_removal,,,,,,,,,,,,,,,,,,,,,,,,,,,,,,,,,,,,,,,,,,,,,,,,,,,,
42,15,14,30,S41,False,1,11,12,0,8,0,0,0,0,"['B176', 'B150', 'B531', 'B406', 'B639', 'B257', 'B728', 'B508']",4.0,S35,9.63,9,11,20,0.0,,-2.421444,-13.907404,-16.328848,False,False,12,S10,True,7,1.1657,pickup,,,,,,,,,,,,,,,,,,,,,,,,,,,,,,,,,,,,,,,,,,,,,,,,,,,,
42,15,14,44,S35,False,9,11,20,9,0,0,0,0,0,"['B681', 'B176', 'B150', 'B531', 'B406', 'B639', 'B257', 'B728', 'B508']",4.5,S60,9.21,0,11,11,0.0,,-2.329259,-13.934206,-16.263465,False,False,12,S32,True,6,1.204,delivery,,,,,,,,,,,,,,,,,,,,,,,,,,,,,,,,,,,,,,,,,,,,,,,,,,,,
42,15,14,58,S60,False,0,11,11,0,9,1,0,0,0,"['B72', 'B223', 'B653', 'B435', 'B191', 'B459', 'B210', 'B28', 'B687']",7.5,S32,6.97,9,11,20,0.0,,-2.223215,-13.924677,-16.147892,True,True,24,S64,True,21,2.7981,pickup+onsite,,,,,,,,,,,,,,,,,,,,,,,,,,,,,,,,,,,,,,,,,,,,,,,,,,,,
42,15,15,12,S32,False,9,11,20,9,0,0,0,0,0,"['B72', 'B223', 'B653', 'B435', 'B191', 'B459', 'B210', 'B28', 'B687']",4.5,S48,4.4,0,11,11,0.0,,-1.797829,-13.852713,-15.650542,False,False,12,S36,True,8,1.4639,delivery,,,,,,,,,,,,,,,,,,,,,,,,,,,,,,,,,,,,,,,,,,,,,,,,,,,,
42,15,15,21,S48,False,0,11,11,0,9,0,0,0,0,"['B386', 'B98', 'B198', 'B420', 'B107', 'B181', 'B16', 'B396', 'B25']",4.5,S46,3.57,9,11,20,0.0,,-2.338676,-13.812804,-16.15148,True,False,36,S46,True,24,4.642,pickup,,,,,,,,,,,,,,,,,,,,,,,,,,,,,,,,,,,,,,,,,,,,,,,,,,,,
42,15,15,29,S46,False,9,11,20,9,0,0,0,0,0,"['B386', 'B98', 'B198', 'B420', 'B107', 'B181', 'B16', 'B396', 'B25']",4.5,S41,6.18,0,11,11,0.0,,-1.388821,-13.744472,-15.133293,False,False,12,S36,True,7,1.9678,delivery,,,,,,,,,,,,,,,,,,,,,,,,,,,,,,,,,,,,,,,,,,,,,,,,,,,,
42,15,15,40,S41,False,0,11,11,0,9,0,0,0,0,"['B178', 'B556', 'B692', 'B450', 'B12', 'B133', 'B753', 'B76', 'B523']",4.5,S17,8.16,9,11,20,0.0,,-1.34984,-13.55892,-14.90876,True,False,24,S36,True,18,2.6143,pickup,,,,,,,,,,,,,,,,,,,,,,,,,,,,,,,,,,,,,,,,,,,,,,,,,,,,
42,15,15,52,S17,False,9,11,20,9,0,0,0,0,0,"['B178', 'B556', 'B692', 'B450', 'B12', 'B133', 'B753', 'B76', 'B523']",4.5,S36,12.1,0,11,11,0.0,,-1.499542,-13.520005,-15.019547,False,False,12,S29,True,7,1.5029,delivery,,,,,,,,,,,,,,,,,,,,,,,,,,,,,,,,,,,,,,,,,,,,,,,,,,,,
42,15,16,9,S36,False,0,11,11,0,9,0,0,0,0,"['B746', 'B359', 'B79', 'B419', 'B723', 'B102', 'B237', 'B517', 'B629']",4.5,S54,4.67,9,11,20,0.0,,-1.007091,-13.454218,-14.461309,False,False,12,S62,True,7,1.2437,pickup,,,,,,,,,,,,,,,,,,,,,,,,,,,,,,,,,,,,,,,,,,,,,,,,,,,,
42,15,16,18,S54,False,9,11,20,9,0,0,0,0,0,"['B746', 'B359', 'B79', 'B419', 'B723', 'B102', 'B237', 'B517', 'B629']",4.5,S44,3.95,0,11,11,0.0,,-1.290219,-13.427116,-14.717336,False,False,12,S31,True,7,1.4406,delivery,,,,,,,,,,,,,,,,,,,,,,,,,,,,,,,,,,,,,,,,,,,,,,,,,,,,
42,15,16,27,S44,False,0,11,11,0,9,0,0,0,0,"['B365', 'B116', 'B186', 'B94', 'B635', 'B482', 'B112', 'B317', 'B97']",4.5,S27,4.5,9,11,20,0.0,,-1.242435,-13.341102,-14.583537,False,False,12,S30,True,8,1.4191,pickup,,,,,,,,,,,,,,,,,,,,,,,,,,,,,,,,,,,,,,,,,,,,,,,,,,,,
42,15,16,36,S27,False,9,11,20,9,0,0,0,0,0,"['B365', 'B116', 'B186', 'B94', 'B635', 'B482', 'B112', 'B317', 'B97']",4.5,S65,3.94,0,11,11,0.0,,-0.754703,-13.395512,-14.150215,False,False,12,S31,True,9,1.3962,delivery,,,,,,,,,,,,,,,,,,,,,,,,,,,,,,,,,,,,,,,,,,,,,,,,,,,,
42,15,16,44,S65,False,0,11,11,0,9,0,0,0,0,"['B291', 'B688', 'B41', 'B56', 'B735', 'B626', 'B520', 'B373', 'B719']",4.5,S43,7.5,9,11,20,0.0,,-0.832447,-13.343391,-14.175838,False,False,12,S30,True,7,1.3228,pickup,,,,,,,,,,,,,,,,,,,,,,,,,,,,,,,,,,,,,,,,,,,,,,,,,,,,
42,15,16,56,S43,False,9,11,20,9,0,0,1,0,0,"['B271', 'B291', 'B688', 'B41', 'B56', 'B735', 'B626', 'B520', 'B373', 'B719']",5.0,S51,3.12,0,12,12,0.0,,-0.796115,-13.354972,-14.151086,True,True,54,S29,True,25,6.0842,delivery+depot_removal,,,,,,,,,,,,,,,,,,,,,,,,,,,,,,,,,,,,,,,,,,,,,,,,,,,,
42,15,17,4,S51,False,0,12,12,0,8,0,0,0,0,"['B334', 'B88', 'B335', 'B412', 'B176', 'B710', 'B508', 'B509']",4.0,S35,8.32,8,12,20,0.0,,-0.723561,-13.317646,-14.041208,True,False,18,S47,True,12,1.7898,pickup,,,,,,,,,,,,,,,,,,,,,,,,,,,,,,,,,,,,,,,,,,,,,,,,,,,,
42,15,17,17,S35,False,8,12,20,0,0,0,0,0,0,[],0.0,S28,14.76,8,12,20,0.0,,-0.400284,-13.230581,-13.630864,False,False,12,S1,True,1,1.3599,do_nothing,,,,,,,,,,,,,,,,,,,,,,,,,,,,,,,,,,,,,,,,,,,,,,,,,,,,
42,15,17,31,S28,False,8,12,20,8,0,0,0,0,0,"['B334', 'B88', 'B335', 'B412', 'B176', 'B710', 'B508', 'B509']",4.0,S4,11.24,0,12,12,0.0,,-0.469963,-13.270694,-13.740657,False,False,12,S35,True,9,1.0974,delivery,,,,,,,,,,,,,,,,,,,,,,,,,,,,,,,,,,,,,,,,,,,,,,,,,,,,
42,15,17,47,S4,False,0,12,12,0,8,0,0,0,0,"['B382', 'B26', 'B654', 'B37', 'B676', 'B664', 'B739', 'B145']",4.0,S35,8.01,8,12,20,0.0,,-0.412164,-13.332627,-13.74479,True,False,18,S47,True,13,1.7028,pickup,,,,,,,,,,,,,,,,,,,,,,,,,,,,,,,,,,,,,,,,,,,,,,,,,,,,
42,15,17,59,S35,False,8,12,20,8,0,0,0,0,0,"['B382', 'B26', 'B654', 'B37', 'B676', 'B664', 'B739', 'B145']",4.0,S31,8.41,0,12,12,0.0,,-0.59974,-13.361373,-13.961113,False,False,12,S31,False,6,1.0697,delivery,,,,,,,,,,,,,,,,,,,,,,,,,,,,,,,,,,,,,,,,,,,,,,,,,,,,
42,15,18,11,S31,False,0,12,12,0,8,0,0,0,0,"['B221', 'B68', 'B742', 'B401', 'B367', 'B128', 'B724', 'B360']",4.0,S16,3.96,8,12,20,0.0,,-0.381233,-13.352435,-13.733668,True,False,18,S30,True,13,1.608,pickup,,,,,,,,,,,,,,,,,,,,,,,,,,,,,,,,,,,,,,,,,,,,,,,,,,,,
42,15,18,19,S16,False,8,12,20,8,0,1,0,0,0,"['B221', 'B68', 'B742', 'B401', 'B367', 'B128', 'B724', 'B360']",7.0,S12,5.59,0,12,12,0.0,,-0.331975,-13.263023,-13.594997,True,True,24,S22,True,19,2.6332,delivery+onsite,,,,,,,,,,,,,,,,,,,,,,,,,,,,,,,,,,,,,,,,,,,,,,,,,,,,
42,15,18,32,S12,False,0,12,12,0,8,0,0,0,0,"['B762', 'B202', 'B80', 'B387', 'B49', 'B278', 'B672', 'B188']",4.0,S24,15.44,8,12,20,0.0,,-0.401415,-12.843491,-13.244906,False,False,12,S30,True,7,1.173,pickup,,,,,,,,,,,,,,,,,,,,,,,,,,,,,,,,,,,,,,,,,,,,,,,,,,,,
42,15,18,51,S24,False,8,12,20,8,0,0,1,0,0,"['B576', 'B762', 'B202', 'B80', 'B387', 'B49', 'B278', 'B672', 'B188']",4.5,S30,6.35,0,13,13,0.0,,-0.450815,-12.941644,-13.392459,True,True,18,S66,True,15,1.6072,delivery+depot_removal,,,,,,,,,,,,,,,,,,,,,,,,,,,,,,,,,,,,,,,,,,,,,,,,,,,,
42,15,19,2,S30,False,0,13,13,0,7,0,0,0,0,"['B40', 'B693', 'B458', 'B740', 'B704', 'B429', 'B555']",3.5,S49,3.29,7,13,20,0.0,,-0.271941,-12.861233,-13.133174,False,False,12,S49,False,6,1.1892,pickup,,,,,,,,,,,,,,,,,,,,,,,,,,,,,,,,,,,,,,,,,,,,,,,,,,,,
42,15,19,9,S49,False,7,13,20,7,0,0,0,0,0,"['B40', 'B693', 'B458', 'B740', 'B704', 'B429', 'B555']",3.5,S66,3.26,0,13,13,0.0,,-0.293547,-12.770812,-13.064359,False,False,12,S39,True,7,1.071,delivery,,,,,,,,,,,,,,,,,,,,,,,,,,,,,,,,,,,,,,,,,,,,,,,,,,,,
42,15,19,15,S66,False,0,13,13,0,7,0,0,0,0,"['B725', 'B150', 'B514', 'B257', 'B208', 'B612', 'B308']",3.5,S39,4.09,7,13,20,0.0,,-0.087617,-12.776864,-12.864482,False,False,12,S64,True,8,1.1884,pickup,,,,,,,,,,,,,,,,,,,,,,,,,,,,,,,,,,,,,,,,,,,,,,,,,,,,
42,15,19,23,S39,False,7,13,20,0,0,0,0,0,0,[],0.0,S38,1.78,7,13,20,0.0,,-0.205067,-12.856805,-13.061872,False,False,12,S59,True,0,1.1262,do_nothing,,,,,,,,,,,,,,,,,,,,,,,,,,,,,,,,,,,,,,,,,,,,,,,,,,,,
42,15,19,25,S38,False,7,13,20,7,0,0,0,0,0,"['B725', 'B150', 'B514', 'B257', 'B208', 'B612', 'B308']",3.5,S62,4.41,0,13,13,0.0,,-0.195352,-12.743097,-12.938449,False,False,12,S39,True,8,1.1569,delivery,,,,,,,,,,,,,,,,,,,,,,,,,,,,,,,,,,,,,,,,,,,,,,,,,,,,
42,15,19,33,S62,False,0,13,13,0,7,0,0,0,0,"['B30', 'B507', 'B297', 'B166', 'B249', 'B10', 'B489']",3.5,S33,0.92,7,13,20,0.0,,-0.176246,-13.070791,-13.247037,False,False,12,S64,True,10,1.1876,pickup,,,,,,,,,,,,,,,,,,,,,,,,,,,,,,,,,,,,,,,,,,,,,,,,,,,,
42,15,19,37,S33,False,7,13,20,0,0,1,0,0,0,[],3.0,S39,5.32,7,13,20,0.0,,-0.196721,-13.2167,-13.413421,True,True,21,S39,False,9,1.8988,do_nothing+onsite,,,,,,,,,,,,,,,,,,,,,,,,,,,,,,,,,,,,,,,,,,,,,,,,,,,,
42,15,19,45,S39,False,7,13,20,0,0,0,0,0,0,[],0.0,S49,0.84,7,13,20,0.0,,-0.334138,-13.245927,-13.580065,False,False,3,D0,True,0,0.2936,do_nothing,,,,,,,,,,,,,,,,,,,,,,,,,,,,,,,,,,,,,,,,,,,,,,,,,,,,
42,15,19,46,S49,False,7,13,20,0,0,0,0,0,0,[],0.0,D0,2.94,7,13,20,0.0,,-0.22429,-13.45972,-13.68401,False,False,2,D0,True,0,0.2149,do_nothing,,,,,,,,,,,,,,,,,,,,,,,,,,,,,,,,,,,,,,,,,,,,,,,,,,,,
42,15,19,49,D0,True,7,13,20,0,0,0,0,13,0,"['B247', 'B383', 'B715', 'B209', 'B212', 'B741', 'B216', 'B559', 'B226', 'B414', 'B348', 'B271', 'B576']",6.5,D0,0.0,7,0,7,0.0,,-0.283393,-13.422966,-13.70636,True,True,1,D0,False,0,0.1185,do_nothing,,,,,,,,,,,,,,,,,,,,,,,,,,,,,,,,,,,,,,,,,,,,,,,,,,,,
42,16,6,11,D0,True,7,0,7,0,0,0,0,0,12,"['B266', 'B619', 'B70', 'B190', 'B524', 'B631', 'B127', 'B529', 'B301', 'B225', 'B394', 'B498']",6.0,S61,1.02,19,0,19,0.0,,-2.347768,-13.730451,-16.078219,True,True,5,S61,False,4,0.9021,load_queue,,,,,,,,,,,,,,,,,,,,,,,,,,,,,,,,,,,,,,,,,,,,,,,,,,,,
42,16,6,33,S61,False,19,0,19,9,0,0,1,0,0,"['B563', 'B30', 'B507', 'B297', 'B166', 'B249', 'B10', 'B489', 'B266', 'B619']",5.0,S66,1.13,10,1,11,0.0,,-2.167711,-13.857634,-16.025346,True,True,36,S66,False,18,4.7136,delivery+depot_removal,,,,,,,,,,,,,,,,,,,,,,,,,,,,,,,,,,,,,,,,,,,,,,,,,,,,
42,16,6,39,S66,False,10,1,11,10,0,0,0,0,0,"['B70', 'B190', 'B524', 'B631', 'B127', 'B529', 'B301', 'B225', 'B394', 'B498']",5.0,S59,2.96,0,1,1,0.0,,-1.938711,-13.772779,-15.71149,False,False,12,S60,True,7,1.3164,delivery,,,,,,,,,,,,,,,,,,,,,,,,,,,,,,,,,,,,,,,,,,,,,,,,,,,,
42,16,6,47,S59,False,0,1,1,0,19,0,0,0,0,"['B218', 'B685', 'B304', 'B649', 'B462', 'B126', 'B234', 'B611', 'B599', 'B92', 'B86', 'B478', 'B473', 'B513', 'B162', 'B82', 'B245', 'B608', 'B405']",9.5,S65,5.18,19,1,20,0.0,,-1.827308,-13.692829,-15.520137,False,False,12,S60,True,7,1.744,pickup,,,,,,,,,,,,,,,,,,,,,,,,,,,,,,,,,,,,,,,,,,,,,,,,,,,,
42,16,7,1,S65,False,19,1,20,15,0,1,0,0,0,"['B218', 'B685', 'B304', 'B649', 'B462', 'B126', 'B234', 'B611', 'B599', 'B92', 'B86', 'B478', 'B473', 'B513', 'B162']",10.5,S22,1.36,4,1,5,0.0,,-1.608348,-13.821871,-15.430219,True,True,36,S27,True,30,5.2957,delivery+onsite,,,,,,,,,,,,,,,,,,,,,,,,,,,,,,,,,,,,,,,,,,,,,,,,,,,,
42,16,7,13,S22,False,4,1,5,4,0,0,0,0,0,"['B82', 'B245', 'B608', 'B405']",2.0,S36,11.83,0,1,1,0.0,,-1.689666,-13.763078,-15.452745,False,False,12,S60,True,8,1.5299,delivery,,,,,,,,,,,,,,,,,,,,,,,,,,,,,,,,,,,,,,,,,,,,,,,,,,,,
42,16,7,27,S36,False,0,1,1,0,14,0,0,0,0,"['B340', 'B316', 'B91', 'B759', 'B613', 'B21', 'B445', 'B122', 'B353', 'B11', 'B470', 'B606', 'B81', 'B258']",7.0,S48,1.72,14,1,15,0.0,,-1.259278,-13.64587,-14.905147,False,False,18,S32,True,6,2.5535,pickup,,,,,,,,,,,,,,,,,,,,,,,,,,,,,,,,,,,,,,,,,,,,,,,,,,,,
42,16,7,36,S48,False,14,1,15,13,0,0,0,0,0,"['B340', 'B316', 'B91', 'B759', 'B613', 'B21', 'B445', 'B122', 'B353', 'B11', 'B470', 'B606', 'B81']",6.5,S54,6.34,1,1,2,0.0,,-0.878206,-13.555276,-14.433482,True,False,36,S4,True,12,5.3604,delivery,,,,,,,,,,,,,,,,,,,,,,,,,,,,,,,,,,,,,,,,,,,,,,,,,,,,
42,16,7,49,S54,False,1,1,2,0,18,0,0,0,0,"['B496', 'B671', 'B18', 'B330', 'B650', 'B292', 'B206', 'B106', 'B511', 'B291', 'B537', 'B152', 'B648', 'B735', 'B726', 'B68', 'B54', 'B25']",9.0,S26,5.73,19,1,20,0.0,,-1.073587,-13.524793,-14.59838,False,False,12,S40,True,9,2.0528,pickup,,,,,,,,,,,,,,,,,,,,,,,,,,,,,,,,,,,,,,,,,,,,,,,,,,,,
42,16,8,3,S26,False,19,1,20,19,0,0,0,0,0,"['B258', 'B496', 'B671', 'B18', 'B330', 'B650', 'B292', 'B206', 'B106', 'B511', 'B291', 'B537', 'B152', 'B648', 'B735', 'B726', 'B68', 'B54', 'B25']",9.5,S52,7.0,0,1,1,0.0,,-1.280803,-13.613062,-14.893865,False,False,18,S15,True,9,3.2617,delivery,,,,,,,,,,,,,,,,,,,,,,,,,,,,,,,,,,,,,,,,,,,,,,,,,,,,
42,16,8,20,S52,False,0,1,1,0,9,1,0,0,0,"['B643', 'B270', 'B377', 'B417', 'B607', 'B515', 'B327', 'B439', 'B483']",7.5,S44,0.83,9,1,10,0.0,,-1.023598,-13.442899,-14.466497,True,True,36,S18,True,30,5.4119,pickup+onsite,,,,,,,,,,,,,,,,,,,,,,,,,,,,,,,,,,,,,,,,,,,,,,,,,,,,
42,16,8,28,S44,False,9,1,10,0,10,0,0,0,0,"['B465', 'B71', 'B88', 'B585', 'B621', 'B1', 'B334', 'B27', 'B376', 'B155']",5.0,S15,4.96,19,1,20,0.0,,-1.123139,-13.439155,-14.562294,False,False,12,S42,True,6,1.8049,pickup,,,,,,,,,,,,,,,,,,,,,,,,,,,,,,,,,,,,,,,,,,,,,,,,,,,,
42,16,8,38,S15,False,19,1,20,18,0,0,0,0,0,"['B643', 'B270', 'B377', 'B417', 'B607', 'B515', 'B327', 'B439', 'B483', 'B465', 'B71', 'B88', 'B585', 'B621', 'B1', 'B334', 'B27', 'B376']",9.0,S18,4.77,1,1,2,0.0,,-0.958593,-13.412511,-14.371104,False,False,18,S18,False,6,3.0774,delivery,,,,,,,,,,,,,,,,,,,,,,,,,,,,,,,,,,,,,,,,,,,,,,,,,,,,
42,16,8,52,S18,False,1,1,2,0,15,0,0,0,0,"['B393', 'B61', 'B228', 'B146', 'B2', 'B500', 'B471', 'B134', 'B700', 'B229', 'B103', 'B683', 'B758', 'B561', 'B59']",7.5,S27,3.68,16,1,17,0.0,,-0.936511,-13.334302,-14.270813,False,False,18,S42,True,9,3.4895,pickup,,,,,,,,,,,,,,,,,,,,,,,,,,,,,,,,,,,,,,,,,,,,,,,,,,,,
42,16,9,3,S27,False,16,1,17,16,0,0,0,0,0,"['B155', 'B393', 'B61', 'B228', 'B146', 'B2', 'B500', 'B471', 'B134', 'B700', 'B229', 'B103', 'B683', 'B758', 'B561', 'B59']",8.0,S60,3.14,0,1,1,0.0,,-1.032252,-13.297633,-14.329885,False,False,12,S32,True,6,2.5103,delivery,,,,,,,,,,,,,,,,,,,,,,,,,,,,,,,,,,,,,,,,,,,,,,,,,,,,
42,16,9,14,S60,False,0,1,1,0,16,0,0,0,0,"['B647', 'B610', 'B657', 'B99', 'B85', 'B385', 'B504', 'B170', 'B497', 'B396', 'B472', 'B672', 'B188', 'B145', 'B318', 'B169']",8.0,S29,7.31,16,1,17,0.0,,-0.793466,-13.281976,-14.075442,False,False,18,S29,False,6,3.593,pickup,,,,,,,,,,,,,,,,,,,,,,,,,,,,,,,,,,,,,,,,,,,,,,,,,,,,
42,16,9,30,S29,False,16,1,17,16,0,0,0,0,0,"['B647', 'B610', 'B657', 'B99', 'B85', 'B385', 'B504', 'B170', 'B497', 'B396', 'B472', 'B672', 'B188', 'B145', 'B318', 'B169']",8.0,S32,3.29,0,1,1,0.0,,-0.723005,-13.425935,-14.148939,False,False,18,S32,True,10,4.0313,delivery,,,,,,,,,,,,,,,,,,,,,,,,,,,,,,,,,,,,,,,,,,,,,,,,,,,,
42,16,9,41,S32,False,0,1,1,0,13,1,0,0,0,"['B727', 'B5', 'B302', 'B539', 'B365', 'B477', 'B276', 'B547', 'B729', 'B369', 'B542', 'B90', 'B711']",9.5,S42,5.23,13,1,14,0.0,,-0.897392,-13.381053,-14.278445,True,True,36,S55,True,21,8.2223,pickup+onsite,,,,,,,,,,,,,,,,,,,,,,,,,,,,,,,,,,,,,,,,,,,,,,,,,,,,
42,16,9,56,S42,False,13,1,14,11,0,1,1,0,0,"['B755', 'B727', 'B5', 'B302', 'B539', 'B365', 'B477', 'B276', 'B547', 'B729', 'B369', 'B542']",9.0,S55,4.34,2,2,4,0.0,,-1.09542,-13.309948,-14.405368,True,True,72,S52,True,42,16.3283,delivery+maintenance,,,,,,,,,,,,,,,,,,,,,,,,,,,,,,,,,,,,,,,,,,,,,,,,,,,,
42,16,10,9,S55,False,2,2,4,0,15,1,1,0,0,"['B655', 'B288', 'B297', 'B681', 'B562', 'B604', 'B380', 'B26', 'B431', 'B82', 'B245', 'B388', 'B72', 'B230', 'B105', 'B448']",11.0,S50,3.32,17,3,20,0.0,,-0.811589,-13.427239,-14.238828,True,True,144,S56,True,72,24.6034,pickup+maintenance,,,,,,,,,,,,,,,,,,,,,,,,,,,,,,,,,,,,,,,,,,,,,,,,,,,,
42,16,10,23,S50,False,17,3,20,16,0,0,0,0,0,"['B90', 'B711', 'B655', 'B288', 'B297', 'B681', 'B562', 'B604', 'B380', 'B26', 'B431', 'B82', 'B245', 'B388', 'B72', 'B230']",8.0,S16,6.69,1,3,4,0.0,,-0.673395,-13.656715,-14.33011,False,False,18,S53,True,8,2.8488,delivery,,,,,,,,,,,,,,,,,,,,,,,,,,,,,,,,,,,,,,,,,,,,,,,,,,,,
42,16,10,38,S16,False,1,3,4,0,9,0,0,0,0,"['B360', 'B597', 'B436', 'B352', 'B0', 'B733', 'B403', 'B580', 'B637']",4.5,S52,1.07,10,3,13,0.0,,-0.878385,-13.765694,-14.644079,False,False,18,S52,False,14,2.2153,pickup,,,,,,,,,,,,,,,,,,,,,,,,,,,,,,,,,,,,,,,,,,,,,,,,,,,,
42,16,10,44,S52,False,10,3,13,0,7,0,0,0,0,"['B264', 'B65', 'B79', 'B555', 'B651', 'B446', 'B566']",3.5,S40,2.21,17,3,20,0.0,,-0.585089,-13.451569,-14.036658,False,False,12,S63,True,10,1.7419,pickup,,,,,,,,,,,,,,,,,,,,,,,,,,,,,,,,,,,,,,,,,,,,,,,,,,,,
42,16,10,49,S40,False,17,3,20,7,0,1,0,0,0,"['B105', 'B360', 'B597', 'B436', 'B352', 'B0', 'B733']",6.5,S61,2.69,10,3,13,0.0,,-0.360027,-13.544884,-13.904912,True,True,36,S63,True,33,4.4064,delivery+onsite,,,,,,,,,,,,,,,,,,,,,,,,,,,,,,,,,,,,,,,,,,,,,,,,,,,,
42,16,10,58,S61,False,10,3,13,0,7,0,0,0,0,"['B411', 'B767', 'B584', 'B123', 'B60', 'B568', 'B582']",3.5,S66,1.13,17,3,20,0.0,,-0.498092,-13.59919,-14.097281,False,False,12,S66,False,7,2.0495,pickup,,,,,,,,,,,,,,,,,,,,,,,,,,,,,,,,,,,,,,,,,,,,,,,,,,,,
42,16,11,3,S66,False,17,3,20,12,0,0,0,0,0,"['B403', 'B580', 'B637', 'B264', 'B65', 'B79', 'B555', 'B651', 'B446', 'B566', 'B411', 'B767']",6.0,S4,2.35,5,3,8,0.0,,-0.613926,-13.48906,-14.102985,False,False,18,S25,True,6,2.6726,delivery,,,,,,,,,,,,,,,,,,,,,,,,,,,,,,,,,,,,,,,,,,,,,,,,,,,,
42,16,11,11,S4,False,5,3,8,0,9,0,1,0,0,"['B9', 'B350', 'B620', 'B227', 'B4', 'B391', 'B7', 'B156', 'B494', 'B34']",5.0,S63,2.39,14,4,18,0.0,,-0.447525,-13.635271,-14.082796,True,True,36,S63,False,31,5.1348,pickup+depot_removal,,,,,,,,,,,,,,,,,,,,,,,,,,,,,,,,,,,,,,,,,,,,,,,,,,,,
42,16,11,19,S63,False,14,4,18,11,0,1,0,0,0,"['B584', 'B123', 'B60', 'B568', 'B582', 'B9', 'B350', 'B620', 'B227', 'B4', 'B391']",8.5,S35,6.66,3,4,7,0.0,,-0.312518,-13.619833,-13.932351,True,True,36,S33,True,21,4.9621,delivery+onsite,,,,,,,,,,,,,,,,,,,,,,,,,,,,,,,,,,,,,,,,,,,,,,,,,,,,
42,16,11,34,S35,False,3,4,7,3,0,0,0,0,0,"['B7', 'B156', 'B494']",1.5,S39,11.31,0,4,4,0.0,,-0.44727,-13.678373,-14.125643,False,False,12,S39,False,8,1.2883,delivery,,,,,,,,,,,,,,,,,,,,,,,,,,,,,,,,,,,,,,,,,,,,,,,,,,,,
42,16,11,47,S39,False,0,4,4,0,16,0,0,0,0,"['B335', 'B142', 'B495', 'B322', 'B475', 'B119', 'B111', 'B337', 'B96', 'B326', 'B154', 'B66', 'B549', 'B550', 'B125', 'B468']",8.0,S61,3.98,16,4,20,0.0,,-0.536097,-13.818448,-14.354544,False,False,12,S25,True,7,1.8901,pickup,,,,,,,,,,,,,,,,,,,,,,,,,,,,,,,,,,,,,,,,,,,,,,,,,,,,
42,16,11,59,S61,False,16,4,20,8,0,0,1,0,0,"['B55', 'B335', 'B142', 'B495', 'B322', 'B475', 'B119', 'B111', 'B337']",4.5,S52,2.0,8,5,13,0.0,,-0.399064,-13.661735,-14.060799,True,True,30,S25,True,12,3.5446,delivery+depot_removal,,,,,,,,,,,,,,,,,,,,,,,,,,,,,,,,,,,,,,,,,,,,,,,,,,,,
42,16,12,5,S52,False,8,5,13,0,7,0,0,0,0,"['B613', 'B331', 'B702', 'B246', 'B18', 'B112', 'B650']",3.5,S35,6.71,15,5,20,0.0,,-0.281014,-13.645305,-13.926319,False,False,12,S22,True,8,1.3131,pickup,,,,,,,,,,,,,,,,,,,,,,,,,,,,,,,,,,,,,,,,,,,,,,,,,,,,
42,16,12,15,S35,False,15,5,20,12,0,0,0,0,0,"['B96', 'B326', 'B154', 'B66', 'B549', 'B550', 'B125', 'B468', 'B613', 'B331', 'B702', 'B246']",6.0,S14,3.16,3,5,8,0.0,,-0.51427,-13.494596,-14.008865,False,False,18,S22,True,10,1.8127,delivery,,,,,,,,,,,,,,,,,,,,,,,,,,,,,,,,,,,,,,,,,,,,,,,,,,,,
42,16,12,25,S14,False,3,5,8,3,0,0,0,0,0,"['B18', 'B112', 'B650']",1.5,S53,7.28,0,5,5,0.0,,-0.45668,-13.485524,-13.942203,False,False,12,S53,False,6,1.0973,delivery,,,,,,,,,,,,,,,,,,,,,,,,,,,,,,,,,,,,,,,,,,,,,,,,,,,,
42,16,12,33,S53,False,0,5,5,0,15,0,0,0,0,"['B129', 'B39', 'B709', 'B109', 'B294', 'B418', 'B220', 'B231', 'B398', 'B407', 'B645', 'B131', 'B564', 'B458', 'B443']",7.5,S17,9.29,15,5,20,0.0,,-0.748429,-13.435756,-14.184185,False,False,12,S50,True,8,1.5503,pickup,,,,,,,,,,,,,,,,,,,,,,,,,,,,,,,,,,,,,,,,,,,,,,,,,,,,
42,16,12,50,S17,False,15,5,20,15,0,0,0,0,0,"['B129', 'B39', 'B709', 'B109', 'B294', 'B418', 'B220', 'B231', 'B398', 'B407', 'B645', 'B131', 'B564', 'B458', 'B443']",7.5,S48,13.62,0,5,5,0.0,,-1.414038,-13.500888,-14.914925,False,False,18,S50,True,15,1.9946,delivery,,,,,,,,,,,,,,,,,,,,,,,,,,,,,,,,,,,,,,,,,,,,,,,,,,,,
42,16,13,11,S48,False,0,5,5,0,11,0,0,0,0,"['B122', 'B353', 'B11', 'B470', 'B606', 'B81', 'B314', 'B46', 'B584', 'B707', 'B149']",5.5,S35,8.23,11,5,16,0.0,,-2.377233,-13.578602,-15.955835,True,False,36,S12,True,14,3.8749,pickup,,,,,,,,,,,,,,,,,,,,,,,,,,,,,,,,,,,,,,,,,,,,,,,,,,,,
42,16,13,25,S35,False,11,5,16,11,0,0,0,0,0,"['B122', 'B353', 'B11', 'B470', 'B606', 'B81', 'B314', 'B46', 'B584', 'B707', 'B149']",5.5,S12,9.87,0,5,5,0.0,,-2.782734,-13.6305,-16.413234,False,False,12,S12,False,6,1.8172,delivery,,,,,,,,,,,,,,,,,,,,,,,,,,,,,,,,,,,,,,,,,,,,,,,,,,,,
42,16,13,40,S12,False,0,5,5,0,15,0,0,0,0,"['B680', 'B553', 'B215', 'B291', 'B537', 'B170', 'B58', 'B344', 'B405', 'B21', 'B464', 'B445', 'B123', 'B31', 'B578']",7.5,S26,13.22,15,5,20,0.0,,-2.713439,-13.609625,-16.323064,False,False,12,S26,False,6,1.7919,pickup,,,,,,,,,,,,,,,,,,,,,,,,,,,,,,,,,,,,,,,,,,,,,,,,,,,,
42,16,14,1,S26,False,15,5,20,15,0,0,0,0,0,"['B680', 'B553', 'B215', 'B291', 'B537', 'B170', 'B58', 'B344', 'B405', 'B21', 'B464', 'B445', 'B123', 'B31', 'B578']",7.5,S66,5.64,0,5,5,0.0,,-2.904089,-13.728448,-16.632537,False,False,12,S31,True,7,1.6617,delivery,,,,,,,,,,,,,,,,,,,,,,,,,,,,,,,,,,,,,,,,,,,,,,,,,,,,
42,16,14,14,S66,False,0,5,5,0,14,0,0,0,0,"['B472', 'B104', 'B604', 'B487', 'B474', 'B675', 'B501', 'B761', 'B169', 'B228', 'B63', 'B751', 'B106', 'B702']",7.0,S54,5.58,14,5,19,0.0,,-2.424174,-13.69958,-16.123754,False,False,18,S31,True,16,2.4968,pickup,,,,,,,,,,,,,,,,,,,,,,,,,,,,,,,,,,,,,,,,,,,,,,,,,,,,
42,16,14,27,S54,False,14,5,19,12,0,0,0,0,0,"['B472', 'B104', 'B604', 'B487', 'B474', 'B675', 'B501', 'B761', 'B169', 'B228', 'B63', 'B751']",6.0,S31,5.7,2,5,7,0.0,,-2.468254,-13.780208,-16.248462,False,False,18,S33,True,6,2.8964,delivery,,,,,,,,,,,,,,,,,,,,,,,,,,,,,,,,,,,,,,,,,,,,,,,,,,,,
42,16,14,39,S31,False,2,5,7,0,13,1,0,0,0,"['B759', 'B594', 'B288', 'B655', 'B128', 'B698', 'B637', 'B403', 'B86', 'B628', 'B134', 'B229', 'B717']",9.5,S39,3.72,15,5,20,0.0,,-1.805651,-13.411919,-15.21757,True,True,36,S36,True,30,4.2727,pickup+onsite,,,,,,,,,,,,,,,,,,,,,,,,,,,,,,,,,,,,,,,,,,,,,,,,,,,,
42,16,14,52,S39,False,15,5,20,15,0,0,0,0,0,"['B106', 'B702', 'B759', 'B594', 'B288', 'B655', 'B128', 'B698', 'B637', 'B403', 'B86', 'B628', 'B134', 'B229', 'B717']",7.5,S30,4.07,0,5,5,0.0,,-1.702698,-13.496769,-15.199467,False,False,12,S33,True,9,1.8105,delivery,,,,,,,,,,,,,,,,,,,,,,,,,,,,,,,,,,,,,,,,,,,,,,,,,,,,
42,16,15,3,S30,False,0,5,5,0,8,0,0,0,0,"['B420', 'B640', 'B14', 'B11', 'B257', 'B677', 'B411', 'B242']",4.0,S33,5.08,8,5,13,0.0,,-1.556183,-13.457387,-15.01357,False,False,18,S60,True,7,2.4362,pickup,,,,,,,,,,,,,,,,,,,,,,,,,,,,,,,,,,,,,,,,,,,,,,,,,,,,
42,16,15,12,S33,False,8,5,13,0,0,1,0,0,0,[],3.0,S55,3.28,8,5,13,0.0,,-1.762393,-13.279235,-15.041628,True,True,24,S65,True,6,3.1988,do_nothing+onsite,,,,,,,,,,,,,,,,,,,,,,,,,,,,,,,,,,,,,,,,,,,,,,,,,,,,
42,16,15,19,S55,False,8,5,13,0,0,1,1,0,0,['B304'],3.5,S32,1.17,8,6,14,0.0,,-1.410958,-13.378276,-14.789234,True,True,48,S19,True,18,6.0075,do_nothing+maintenance,,,,,,,,,,,,,,,,,,,,,,,,,,,,,,,,,,,,,,,,,,,,,,,,,,,,
42,16,15,23,S32,False,8,6,14,8,0,1,0,0,0,"['B420', 'B640', 'B14', 'B11', 'B257', 'B677', 'B411', 'B242']",7.0,S60,6.97,0,6,6,0.0,,-1.066229,-13.185698,-14.251927,True,True,24,S60,False,18,2.5972,delivery+onsite,,,,,,,,,,,,,,,,,,,,,,,,,,,,,,,,,,,,,,,,,,,,,,,,,,,,
42,16,15,37,S60,False,0,6,6,0,14,0,0,0,0,"['B428', 'B438', 'B61', 'B270', 'B258', 'B478', 'B652', 'B249', 'B91', 'B703', 'B137', 'B419', 'B671', 'B105']",7.0,S55,6.87,14,6,20,0.0,,-1.03666,-13.049535,-14.086194,False,False,12,S26,True,7,1.3403,pickup,,,,,,,,,,,,,,,,,,,,,,,,,,,,,,,,,,,,,,,,,,,,,,,,,,,,
42,16,15,51,S55,False,14,6,20,14,0,0,0,0,0,"['B428', 'B438', 'B61', 'B270', 'B258', 'B478', 'B652', 'B249', 'B91', 'B703', 'B137', 'B419', 'B671', 'B105']",7.0,S19,6.04,0,6,6,0.0,,-1.110799,-13.041704,-14.152502,False,False,12,S53,True,10,1.4091,delivery,,,,,,,,,,,,,,,,,,,,,,,,,,,,,,,,,,,,,,,,,,,,,,,,,,,,
42,16,16,4,S19,False,0,6,6,0,9,0,0,0,0,"['B450', 'B324', 'B558', 'B567', 'B138', 'B206', 'B599', 'B691', 'B502']",4.5,S26,12.13,9,6,15,0.0,,-0.998266,-13.107074,-14.105341,False,False,18,S31,True,13,2.535,pickup,,,,,,,,,,,,,,,,,,,,,,,,,,,,,,,,,,,,,,,,,,,,,,,,,,,,
42,16,16,21,S26,False,9,6,15,9,0,0,0,0,0,"['B450', 'B324', 'B558', 'B567', 'B138', 'B206', 'B599', 'B691', 'B502']",4.5,S54,5.73,0,6,6,0.0,,-0.890216,-13.082095,-13.972311,False,False,12,S31,True,9,1.4294,delivery,,,,,,,,,,,,,,,,,,,,,,,,,,,,,,,,,,,,,,,,,,,,,,,,,,,,
42,16,16,31,S54,False,0,6,6,0,10,0,0,0,0,"['B170', 'B37', 'B595', 'B766', 'B195', 'B639', 'B488', 'B66', 'B18', 'B681']",5.0,S29,1.43,10,6,16,0.0,,-0.761023,-13.217164,-13.978187,False,False,18,S31,True,12,2.5847,pickup,,,,,,,,,,,,,,,,,,,,,,,,,,,,,,,,,,,,,,,,,,,,,,,,,,,,
42,16,16,38,S29,False,10,6,16,10,0,0,0,0,0,"['B170', 'B37', 'B595', 'B766', 'B195', 'B639', 'B488', 'B66', 'B18', 'B681']",5.0,S51,7.57,0,6,6,0.0,,-0.939456,-13.211345,-14.150801,False,False,12,S48,True,9,2.3689,delivery,,,,,,,,,,,,,,,,,,,,,,,,,,,,,,,,,,,,,,,,,,,,,,,,,,,,
42,16,16,50,S51,False,0,6,6,0,7,0,1,0,0,"['B635', 'B388', 'B341', 'B521', 'B193', 'B261', 'B468', 'B460']",4.0,S48,0.84,7,7,14,0.0,,-0.458723,-13.221566,-13.680289,True,True,72,S31,True,30,11.3548,pickup+depot_removal,,,,,,,,,,,,,,,,,,,,,,,,,,,,,,,,,,,,,,,,,,,,,,,,,,,,
42,16,16,55,S48,False,7,7,14,0,6,1,0,0,0,"['B15', 'B491', 'B375', 'B124', 'B503', 'B28']",6.0,S35,8.23,13,7,20,0.0,,-0.510914,-13.231988,-13.742902,True,True,36,S35,False,34,5.2294,pickup+onsite,,,,,,,,,,,,,,,,,,,,,,,,,,,,,,,,,,,,,,,,,,,,,,,,,,,,
42,16,17,9,S35,False,13,7,20,11,0,0,0,0,0,"['B635', 'B388', 'B341', 'B521', 'B193', 'B261', 'B468', 'B15', 'B491', 'B375', 'B124']",5.5,S65,10.81,2,7,9,0.0,,-0.518833,-13.235021,-13.753853,False,False,18,S8,True,10,2.2969,delivery,,,,,,,,,,,,,,,,,,,,,,,,,,,,,,,,,,,,,,,,,,,,,,,,,,,,
42,16,17,26,S65,False,2,7,9,0,11,0,0,0,0,"['B329', 'B133', 'B355', 'B629', 'B462', 'B121', 'B734', 'B542', 'B239', 'B340', 'B256']",5.5,S8,17.96,13,7,20,0.0,,-0.587661,-13.212672,-13.800333,False,False,12,S8,False,8,1.1982,pickup,,,,,,,,,,,,,,,,,,,,,,,,,,,,,,,,,,,,,,,,,,,,,,,,,,,,
42,16,17,49,S8,False,13,7,20,13,0,0,0,0,0,"['B503', 'B28', 'B329', 'B133', 'B355', 'B629', 'B462', 'B121', 'B734', 'B542', 'B239', 'B340', 'B256']",6.5,S60,16.74,0,7,7,0.0,,-0.498978,-12.944798,-13.443776,False,False,12,S31,True,7,1.6773,delivery,,,,,,,,,,,,,,,,,,,,,,,,,,,,,,,,,,,,,,,,,,,,,,,,,,,,
42,16,18,12,S60,False,0,7,7,0,13,0,0,0,0,"['B369', 'B322', 'B2', 'B243', 'B326', 'B522', 'B526', 'B560', 'B762', 'B499', 'B397', 'B67', 'B666']",6.5,S34,5.52,13,7,20,0.0,,-0.432337,-12.914062,-13.346399,False,False,12,S31,True,8,1.6633,pickup,,,,,,,,,,,,,,,,,,,,,,,,,,,,,,,,,,,,,,,,,,,,,,,,,,,,
42,16,18,24,S34,False,13,7,20,13,0,0,0,0,0,"['B369', 'B322', 'B2', 'B243', 'B326', 'B522', 'B526', 'B560', 'B762', 'B499', 'B397', 'B67', 'B666']",6.5,S31,4.64,0,7,7,0.0,,-0.63732,-12.981639,-13.61896,True,False,18,S31,True,6,2.5755,delivery,,,,,,,,,,,,,,,,,,,,,,,,,,,,,,,,,,,,,,,,,,,,,,,,,,,,
42,16,18,35,S31,False,0,7,7,0,13,0,0,0,0,"['B701', 'B352', 'B498', 'B459', 'B562', 'B44', 'B295', 'B59', 'B678', 'B135', 'B540', 'B244', 'B748']",6.5,S39,3.72,13,7,20,0.0,,-0.458684,-12.736298,-13.194982,True,False,18,S39,False,12,2.5693,pickup,,,,,,,,,,,,,,,,,,,,,,,,,,,,,,,,,,,,,,,,,,,,,,,,,,,,
42,16,18,46,S39,False,13,7,20,13,0,0,0,0,0,"['B701', 'B352', 'B498', 'B459', 'B562', 'B44', 'B295', 'B59', 'B678', 'B135', 'B540', 'B244', 'B748']",6.5,S41,3.32,0,7,7,0.0,,-0.627041,-12.75447,-13.381511,False,False,12,S15,True,7,1.8522,delivery,,,,,,,,,,,,,,,,,,,,,,,,,,,,,,,,,,,,,,,,,,,,,,,,,,,,
42,16,18,55,S41,False,0,7,7,0,10,0,1,0,0,"['B94', 'B453', 'B612', 'B234', 'B303', 'B479', 'B113', 'B270', 'B236', 'B86', 'B290']",5.5,S66,1.41,10,8,18,0.0,,-0.588659,-12.797814,-13.386473,True,True,42,S37,True,31,6.1475,pickup+depot_removal,,,,,,,,,,,,,,,,,,,,,,,,,,,,,,,,,,,,,,,,,,,,,,,,,,,,
42,16,19,2,S66,False,10,8,18,9,0,0,0,0,0,"['B94', 'B453', 'B612', 'B234', 'B303', 'B479', 'B113', 'B270', 'B236']",4.5,S62,2.92,1,8,9,0.0,,-0.608486,-12.749915,-13.358401,False,False,18,S15,True,6,2.0157,delivery,,,,,,,,,,,,,,,,,,,,,,,,,,,,,,,,,,,,,,,,,,,,,,,,,,,,
42,16,19,10,S62,False,1,8,9,0,11,0,0,0,0,"['B272', 'B438', 'B207', 'B436', 'B249', 'B531', 'B91', 'B469', 'B493', 'B751', 'B457']",5.5,S28,11.34,12,8,20,0.0,,-0.43186,-12.685462,-13.117322,False,False,12,S15,True,8,1.3777,pickup,,,,,,,,,,,,,,,,,,,,,,,,,,,,,,,,,,,,,,,,,,,,,,,,,,,,
42,16,19,27,S28,False,12,8,20,12,0,0,0,0,0,"['B86', 'B272', 'B438', 'B207', 'B436', 'B249', 'B531', 'B91', 'B469', 'B493', 'B751', 'B457']",6.0,S2,5.19,0,8,8,0.0,,-0.332626,-12.630195,-12.962821,False,False,11,S45,True,9,1.5776,delivery,,,,,,,,,,,,,,,,,,,,,,,,,,,,,,,,,,,,,,,,,,,,,,,,,,,,
42,16,19,38,S2,False,0,8,8,0,6,0,0,0,0,"['B221', 'B714', 'B56', 'B293', 'B494', 'B442']",3.0,S49,5.43,6,8,14,0.0,,-0.283134,-12.676178,-12.959311,True,False,18,S7,True,14,2.3025,pickup,,,,,,,,,,,,,,,,,,,,,,,,,,,,,,,,,,,,,,,,,,,,,,,,,,,,
42,16,19,46,S49,False,6,8,14,6,0,0,0,0,0,"['B221', 'B714', 'B56', 'B293', 'B494', 'B442']",3.0,D0,2.94,0,8,8,0.0,,-0.311856,-12.889257,-13.201114,False,False,2,D0,False,1,0.2176,delivery,,,,,,,,,,,,,,,,,,,,,,,,,,,,,,,,,,,,,,,,,,,,,,,,,,,,
42,16,19,52,D0,True,0,8,8,0,0,0,0,8,13,"['B247', 'B383', 'B715', 'B209', 'B212', 'B741', 'B216', 'B559', 'B226', 'B414', 'B348', 'B271', 'B576', 'B563', 'B755', 'B448', 'B34', 'B55', 'B304', 'B460', 'B290']",10.5,D0,0.0,13,0,13,0.0,,-0.411188,-12.740594,-13.151782,True,True,1,D0,False,0,0.119,do_nothing,,,,,,,,,,,,,,,,,,,,,,,,,,,,,,,,,,,,,,,,,,,,,,,,,,,,
42,17,6,3,D0,True,13,0,13,0,0,0,0,0,0,[],0.0,S66,1.4,13,0,13,0.0,,-3.53632,-14.106628,-17.642948,True,True,5,S66,False,1,0.4907,depot_passthrough,,,,,,,,,,,,,,,,,,,,,,,,,,,,,,,,,,,,,,,,,,,,,,,,,,,,
42,17,6,19,S66,False,13,0,13,13,0,0,0,0,0,"['B247', 'B383', 'B715', 'B209', 'B212', 'B741', 'B216', 'B559', 'B226', 'B414', 'B348', 'B271', 'B576']",6.5,S46,5.15,0,0,0,0.0,,-4.176921,-14.292285,-18.469206,False,False,12,S18,True,8,1.2836,delivery,,,,,,,,,,,,,,,,,,,,,,,,,,,,,,,,,,,,,,,,,,,,,,,,,,,,
42,17,6,31,S46,False,0,0,0,0,20,0,0,0,0,"['B359', 'B703', 'B552', 'B160', 'B166', 'B515', 'B159', 'B94', 'B613', 'B349', 'B165', 'B47', 'B497', 'B697', 'B374', 'B78', 'B409', 'B598', 'B403', 'B700']",10.0,S51,3.14,20,0,20,0.0,,-3.976501,-14.251015,-18.227516,False,False,12,S55,True,8,1.434,pickup,,,,,,,,,,,,,,,,,,,,,,,,,,,,,,,,,,,,,,,,,,,,,,,,,,,,
42,17,6,44,S51,False,20,0,20,16,0,1,0,0,0,"['B359', 'B703', 'B552', 'B160', 'B166', 'B515', 'B159', 'B94', 'B613', 'B349', 'B165', 'B47', 'B497', 'B697', 'B374', 'B78']",11.0,S54,6.18,4,0,4,0.0,,-3.359544,-14.187915,-17.547459,True,True,36,S65,True,21,4.3112,delivery+onsite,,,,,,,,,,,,,,,,,,,,,,,,,,,,,,,,,,,,,,,,,,,,,,,,,,,,
42,17,7,1,S54,False,4,0,4,0,16,0,0,0,0,"['B392', 'B274', 'B203', 'B408', 'B491', 'B71', 'B222', 'B36', 'B570', 'B149', 'B477', 'B675', 'B210', 'B537', 'B185', 'B118']",8.0,S15,3.9,20,0,20,0.0,,-2.143352,-14.043446,-16.186797,False,False,12,S62,True,6,1.4314,pickup,,,,,,,,,,,,,,,,,,,,,,,,,,,,,,,,,,,,,,,,,,,,,,,,,,,,
42,17,7,13,S15,False,20,0,20,20,0,0,0,0,0,"['B409', 'B598', 'B403', 'B700', 'B392', 'B274', 'B203', 'B408', 'B491', 'B71', 'B222', 'B36', 'B570', 'B149', 'B477', 'B675', 'B210', 'B537', 'B185', 'B118']",10.0,S37,4.99,0,0,0,0.0,,-1.79327,-14.079066,-15.872336,True,False,24,S37,True,12,3.0307,delivery,,,,,,,,,,,,,,,,,,,,,,,,,,,,,,,,,,,,,,,,,,,,,,,,,,,,
42,17,7,28,S37,False,0,0,0,0,19,0,1,0,0,"['B61', 'B653', 'B742', 'B105', 'B232', 'B125', 'B733', 'B571', 'B687', 'B720', 'B317', 'B612', 'B321', 'B252', 'B305', 'B753', 'B766', 'B303', 'B361', 'B35']",10.0,S12,6.56,19,1,20,0.0,,-1.508621,-13.935923,-15.444544,True,True,30,S27,True,28,3.7088,pickup+depot_removal,,,,,,,,,,,,,,,,,,,,,,,,,,,,,,,,,,,,,,,,,,,,,,,,,,,,
42,17,7,44,S12,False,19,1,20,15,0,0,0,0,0,"['B61', 'B653', 'B742', 'B105', 'B232', 'B125', 'B733', 'B571', 'B687', 'B720', 'B317', 'B612', 'B321', 'B252', 'B305']",7.5,S55,7.23,4,1,5,0.0,,-1.37826,-13.885915,-15.264175,False,False,18,S27,True,14,2.0997,delivery,,,,,,,,,,,,,,,,,,,,,,,,,,,,,,,,,,,,,,,,,,,,,,,,,,,,
42,17,7,59,S55,False,4,1,5,0,15,0,0,0,0,"['B353', 'B707', 'B668', 'B379', 'B665', 'B590', 'B241', 'B103', 'B234', 'B335', 'B473', 'B437', 'B656', 'B532', 'B636']",7.5,S46,2.88,19,1,20,0.0,,-1.160391,-13.731814,-14.892206,False,False,12,S46,False,7,1.1007,pickup,,,,,,,,,,,,,,,,,,,,,,,,,,,,,,,,,,,,,,,,,,,,,,,,,,,,
42,17,8,10,S46,False,19,1,20,12,0,0,0,0,0,"['B753', 'B766', 'B303', 'B361', 'B353', 'B707', 'B668', 'B379', 'B665', 'B590', 'B241', 'B103']",6.0,S32,2.16,7,1,8,0.0,,-0.868357,-13.570872,-14.439229,False,False,18,S66,True,12,2.0076,delivery,,,,,,,,,,,,,,,,,,,,,,,,,,,,,,,,,,,,,,,,,,,,,,,,,,,,
42,17,8,18,S32,False,7,1,8,0,12,0,0,0,0,"['B743', 'B356', 'B0', 'B92', 'B710', 'B297', 'B197', 'B63', 'B664', 'B614', 'B580', 'B688']",6.0,S66,6.41,19,1,20,0.0,,-0.702561,-13.619664,-14.322225,False,False,12,S66,False,6,1.4694,pickup,,,,,,,,,,,,,,,,,,,,,,,,,,,,,,,,,,,,,,,,,,,,,,,,,,,,
42,17,8,30,S66,False,19,1,20,13,0,0,0,0,0,"['B234', 'B335', 'B473', 'B437', 'B656', 'B532', 'B636', 'B743', 'B356', 'B0', 'B92', 'B710', 'B297']",6.5,S41,1.41,6,1,7,0.0,,-0.692176,-13.794144,-14.48632,False,False,18,S41,False,12,2.4444,delivery,,,,,,,,,,,,,,,,,,,,,,,,,,,,,,,,,,,,,,,,,,,,,,,,,,,,
42,17,8,38,S41,False,6,1,7,6,0,0,1,0,0,"['B250', 'B197', 'B63', 'B664', 'B614', 'B580', 'B688']",3.5,S58,3.91,0,2,2,0.0,,-0.9745,-13.730617,-14.705116,True,True,24,S38,True,21,3.5819,delivery+depot_removal,,,,,,,,,,,,,,,,,,,,,,,,,,,,,,,,,,,,,,,,,,,,,,,,,,,,
42,17,8,45,S58,False,0,2,2,0,12,1,1,0,0,"['B382', 'B96', 'B218', 'B318', 'B151', 'B729', 'B30', 'B632', 'B288', 'B589', 'B752', 'B289', 'B506']",9.5,S50,8.14,12,3,15,0.0,,-1.17966,-13.625073,-14.804733,True,True,72,S37,True,45,9.8015,pickup+maintenance,,,,,,,,,,,,,,,,,,,,,,,,,,,,,,,,,,,,,,,,,,,,,,,,,,,,
42,17,9,3,S50,False,12,3,15,0,0,1,0,0,0,[],3.0,S29,1.29,12,3,15,0.0,,-0.997427,-13.761497,-14.758924,True,True,24,S29,False,6,3.3498,do_nothing+onsite,,,,,,,,,,,,,,,,,,,,,,,,,,,,,,,,,,,,,,,,,,,,,,,,,,,,
42,17,9,7,S29,False,12,3,15,12,0,0,1,0,0,"['B337', 'B382', 'B96', 'B218', 'B318', 'B151', 'B729', 'B30', 'B632', 'B288', 'B589', 'B752', 'B289']",6.5,S49,8.87,0,4,4,0.0,,-0.830322,-13.627589,-14.45791,True,True,24,S3,True,19,3.1543,delivery+depot_removal,,,,,,,,,,,,,,,,,,,,,,,,,,,,,,,,,,,,,,,,,,,,,,,,,,,,
42,17,9,23,S49,False,0,4,4,0,11,2,0,0,0,"['B221', 'B714', 'B56', 'B293', 'B494', 'B442', 'B449', 'B299', 'B119', 'B464', 'B401']",11.5,S27,5.16,11,4,15,0.0,,-0.803359,-13.657659,-14.461018,True,True,54,S63,True,32,6.5029,pickup+onsite,,,,,,,,,,,,,,,,,,,,,,,,,,,,,,,,,,,,,,,,,,,,,,,,,,,,
42,17,9,39,S27,False,11,4,15,11,0,0,0,0,0,"['B221', 'B714', 'B56', 'B293', 'B494', 'B442', 'B449', 'B299', 'B119', 'B464', 'B401']",5.5,S63,4.87,0,4,4,0.0,,-0.929534,-13.718055,-14.64759,False,False,12,S18,True,7,1.5429,delivery,,,,,,,,,,,,,,,,,,,,,,,,,,,,,,,,,,,,,,,,,,,,,,,,,,,,
42,17,9,50,S63,False,0,4,4,0,13,1,0,0,0,"['B2', 'B322', 'B662', 'B31', 'B490', 'B157', 'B199', 'B227', 'B285', 'B539', 'B456', 'B367', 'B223']",9.5,S52,1.26,13,4,17,0.0,,-0.666167,-13.899727,-14.565894,True,True,36,S62,True,31,4.3597,pickup+onsite,,,,,,,,,,,,,,,,,,,,,,,,,,,,,,,,,,,,,,,,,,,,,,,,,,,,
42,17,10,1,S52,False,13,4,17,8,0,0,0,0,0,"['B2', 'B322', 'B662', 'B31', 'B490', 'B157', 'B199', 'B227']",4.0,S18,2.22,5,4,9,0.0,,-0.751107,-13.887812,-14.638919,False,False,18,S65,True,6,1.8013,delivery,,,,,,,,,,,,,,,,,,,,,,,,,,,,,,,,,,,,,,,,,,,,,,,,,,,,
42,17,10,7,S18,False,5,4,9,0,11,1,0,0,0,"['B132', 'B527', 'B6', 'B269', 'B310', 'B163', 'B32', 'B192', 'B5', 'B641', 'B445']",8.5,S65,4.55,16,4,20,0.0,,-0.818752,-13.887971,-14.706722,True,True,24,S65,False,18,2.2744,pickup+onsite,,,,,,,,,,,,,,,,,,,,,,,,,,,,,,,,,,,,,,,,,,,,,,,,,,,,
42,17,10,20,S65,False,16,4,20,0,0,0,0,0,0,[],0.0,S50,9.57,16,4,20,0.0,,-0.829326,-14.025643,-14.854969,False,False,18,S50,True,1,2.3344,do_nothing,,,,,,,,,,,,,,,,,,,,,,,,,,,,,,,,,,,,,,,,,,,,,,,,,,,,
42,17,10,29,S50,False,16,4,20,16,0,0,0,0,0,"['B285', 'B539', 'B456', 'B367', 'B223', 'B132', 'B527', 'B6', 'B269', 'B310', 'B163', 'B32', 'B192', 'B5', 'B641', 'B445']",8.0,S37,7.46,0,4,4,0.0,,-0.63411,-14.151301,-14.785411,False,False,12,S60,True,9,1.4617,delivery,,,,,,,,,,,,,,,,,,,,,,,,,,,,,,,,,,,,,,,,,,,,,,,,,,,,
42,17,10,45,S37,False,0,4,4,0,16,0,0,0,0,"['B271', 'B730', 'B287', 'B526', 'B431', 'B397', 'B12', 'B262', 'B16', 'B607', 'B634', 'B369', 'B67', 'B497', 'B165', 'B27']",8.0,S65,5.89,16,4,20,0.0,,-0.958109,-14.139073,-15.097183,False,False,18,S4,True,7,2.0806,pickup,,,,,,,,,,,,,,,,,,,,,,,,,,,,,,,,,,,,,,,,,,,,,,,,,,,,
42,17,10,59,S65,False,16,4,20,0,0,0,0,0,0,[],0.0,S29,8.87,16,4,20,0.0,,-1.023162,-14.160885,-15.184048,False,False,18,S29,True,0,2.1941,do_nothing,,,,,,,,,,,,,,,,,,,,,,,,,,,,,,,,,,,,,,,,,,,,,,,,,,,,
42,17,11,8,S29,False,16,4,20,16,0,1,0,0,0,"['B271', 'B730', 'B287', 'B526', 'B431', 'B397', 'B12', 'B262', 'B16', 'B607', 'B634', 'B369', 'B67', 'B497', 'B165', 'B27']",11.0,S38,8.13,0,4,4,0.0,,-1.042886,-14.188907,-15.231793,True,True,36,S40,True,19,4.1852,delivery+onsite,,,,,,,,,,,,,,,,,,,,,,,,,,,,,,,,,,,,,,,,,,,,,,,,,,,,
42,17,11,27,S38,False,0,4,4,0,12,1,0,0,0,"['B517', 'B265', 'B750', 'B108', 'B368', 'B395', 'B342', 'B627', 'B716', 'B534', 'B400', 'B637']",9.0,S35,9.81,12,4,16,0.0,,-0.692395,-14.117999,-14.810394,True,True,36,S59,True,20,3.7645,pickup+onsite,,,,,,,,,,,,,,,,,,,,,,,,,,,,,,,,,,,,,,,,,,,,,,,,,,,,
42,17,11,46,S35,False,12,4,16,12,0,0,0,0,0,"['B517', 'B265', 'B750', 'B108', 'B368', 'B395', 'B342', 'B627', 'B716', 'B534', 'B400', 'B637']",6.0,S59,9.27,0,4,4,0.0,,-0.991877,-13.909221,-14.901098,False,False,12,S59,False,8,1.3003,delivery,,,,,,,,,,,,,,,,,,,,,,,,,,,,,,,,,,,,,,,,,,,,,,,,,,,,
42,17,12,1,S59,False,0,4,4,0,16,0,0,0,0,"['B406', 'B746', 'B529', 'B37', 'B393', 'B737', 'B376', 'B421', 'B724', 'B345', 'B251', 'B511', 'B411', 'B721', 'B410', 'B130']",8.0,S4,1.29,16,4,20,0.0,,-0.962872,-13.819761,-14.782633,False,False,12,S43,True,7,1.7884,pickup,,,,,,,,,,,,,,,,,,,,,,,,,,,,,,,,,,,,,,,,,,,,,,,,,,,,
42,17,12,10,S4,False,16,4,20,9,0,0,0,0,0,"['B406', 'B746', 'B529', 'B37', 'B393', 'B737', 'B376', 'B421', 'B724']",4.5,S26,7.32,7,4,11,0.0,,-1.26837,-13.743406,-15.011776,False,False,18,S43,True,7,2.7693,delivery,,,,,,,,,,,,,,,,,,,,,,,,,,,,,,,,,,,,,,,,,,,,,,,,,,,,
42,17,12,22,S26,False,7,4,11,7,0,0,0,0,0,"['B345', 'B251', 'B511', 'B411', 'B721', 'B410', 'B130']",3.5,S32,7.72,0,4,4,0.0,,-1.538094,-13.814038,-15.352131,False,False,12,S32,False,7,1.8274,delivery,,,,,,,,,,,,,,,,,,,,,,,,,,,,,,,,,,,,,,,,,,,,,,,,,,,,
42,17,12,33,S32,False,0,4,4,0,12,0,0,0,0,"['B181', 'B49', 'B7', 'B377', 'B28', 'B372', 'B643', 'B105', 'B110', 'B567', 'B652', 'B19']",6.0,S43,3.61,12,4,16,0.0,,-1.365367,-13.541864,-14.907231,False,False,18,S31,True,12,3.4279,pickup,,,,,,,,,,,,,,,,,,,,,,,,,,,,,,,,,,,,,,,,,,,,,,,,,,,,
42,17,12,43,S43,False,12,4,16,0,0,1,0,0,0,[],3.0,S54,4.49,12,4,16,0.0,,-1.870811,-13.76993,-15.640741,True,True,36,S9,True,7,4.8317,do_nothing+onsite,,,,,,,,,,,,,,,,,,,,,,,,,,,,,,,,,,,,,,,,,,,,,,,,,,,,
42,17,12,50,S54,False,12,4,16,12,0,0,0,0,0,"['B181', 'B49', 'B7', 'B377', 'B28', 'B372', 'B643', 'B105', 'B110', 'B567', 'B652', 'B19']",6.0,S9,9.33,0,4,4,0.0,,-1.674341,-13.493743,-15.168085,False,False,12,S9,False,8,1.8224,delivery,,,,,,,,,,,,,,,,,,,,,,,,,,,,,,,,,,,,,,,,,,,,,,,,,,,,
42,17,13,6,S9,False,0,4,4,0,8,1,2,0,0,"['B60', 'B671', 'B233', 'B566', 'B328', 'B625', 'B204', 'B296', 'B476', 'B757']",8.0,S29,10.63,8,6,14,0.0,,-2.6644,-13.633102,-16.297502,True,True,72,S31,True,68,7.7943,pickup+maintenance,,,,,,,,,,,,,,,,,,,,,,,,,,,,,,,,,,,,,,,,,,,,,,,,,,,,
42,17,13,24,S29,False,8,6,14,8,0,0,0,0,0,"['B60', 'B671', 'B233', 'B566', 'B328', 'B625', 'B204', 'B296']",4.0,S31,6.48,0,6,6,0.0,,-2.622828,-13.596696,-16.219524,False,False,12,S31,False,6,1.2824,delivery,,,,,,,,,,,,,,,,,,,,,,,,,,,,,,,,,,,,,,,,,,,,,,,,,,,,
42,17,13,35,S31,False,0,6,6,0,14,0,0,0,0,"['B600', 'B115', 'B588', 'B283', 'B578', 'B331', 'B653', 'B375', 'B124', 'B365', 'B351', 'B546', 'B325', 'B332']",7.0,S43,4.35,14,6,20,0.0,,-2.59458,-13.568961,-16.163541,True,False,18,S60,True,13,1.815,pickup,,,,,,,,,,,,,,,,,,,,,,,,,,,,,,,,,,,,,,,,,,,,,,,,,,,,
42,17,13,46,S43,False,14,6,20,14,0,1,0,0,0,"['B600', 'B115', 'B588', 'B283', 'B578', 'B331', 'B653', 'B375', 'B124', 'B365', 'B351', 'B546', 'B325', 'B332']",10.0,S51,3.12,0,6,6,0.0,,-2.330001,-13.496254,-15.826255,True,True,24,S41,True,19,2.4124,delivery+onsite,,,,,,,,,,,,,,,,,,,,,,,,,,,,,,,,,,,,,,,,,,,,,,,,,,,,
42,17,13,59,S51,False,0,6,6,0,0,0,1,0,0,['B466'],0.5,S12,2.02,0,7,7,0.0,,-2.293258,-13.495382,-15.78864,True,True,36,S12,False,6,3.6101,do_nothing+depot_removal,,,,,,,,,,,,,,,,,,,,,,,,,,,,,,,,,,,,,,,,,,,,,,,,,,,,
42,17,14,2,S12,False,0,7,7,0,13,0,0,0,0,"['B733', 'B571', 'B687', 'B720', 'B317', 'B612', 'B321', 'B252', 'B305', 'B50', 'B350', 'B610', 'B528']",6.5,S26,13.22,13,7,20,0.0,,-2.35805,-13.343568,-15.701618,False,False,12,S46,True,7,1.4554,pickup,,,,,,,,,,,,,,,,,,,,,,,,,,,,,,,,,,,,,,,,,,,,,,,,,,,,
42,17,14,21,S26,False,13,7,20,13,0,0,0,0,0,"['B733', 'B571', 'B687', 'B720', 'B317', 'B612', 'B321', 'B252', 'B305', 'B50', 'B350', 'B610', 'B528']",6.5,S51,11.22,0,7,7,0.0,,-2.308791,-13.475691,-15.784482,False,False,12,S40,True,7,1.432,delivery,,,,,,,,,,,,,,,,,,,,,,,,,,,,,,,,,,,,,,,,,,,,,,,,,,,,
42,17,14,39,S51,False,0,7,7,0,13,0,0,0,0,"['B41', 'B394', 'B728', 'B2', 'B360', 'B188', 'B30', 'B85', 'B514', 'B495', 'B498', 'B766', 'B533']",6.5,S34,8.2,13,7,20,0.0,,-1.678502,-13.392713,-15.071215,False,False,12,S12,True,9,1.2346,pickup,,,,,,,,,,,,,,,,,,,,,,,,,,,,,,,,,,,,,,,,,,,,,,,,,,,,
42,17,14,54,S34,False,13,7,20,13,0,0,1,0,0,"['B719', 'B41', 'B394', 'B728', 'B2', 'B360', 'B188', 'B30', 'B85', 'B514', 'B495', 'B498', 'B766', 'B533']",7.0,S12,10.17,0,8,8,0.0,,-1.401714,-13.191742,-14.593456,True,True,18,S37,True,13,1.9112,delivery+depot_removal,,,,,,,,,,,,,,,,,,,,,,,,,,,,,,,,,,,,,,,,,,,,,,,,,,,,
42,17,15,11,S12,False,0,8,8,0,12,0,0,0,0,"['B760', 'B525', 'B349', 'B84', 'B116', 'B396', 'B196', 'B291', 'B300', 'B61', 'B707', 'B497']",6.0,S42,10.97,12,8,20,0.0,,-1.168342,-13.163236,-14.331578,False,False,12,S36,True,8,1.3661,pickup,,,,,,,,,,,,,,,,,,,,,,,,,,,,,,,,,,,,,,,,,,,,,,,,,,,,
42,17,15,28,S42,False,12,8,20,12,0,0,1,0,0,"['B319', 'B760', 'B525', 'B349', 'B84', 'B116', 'B396', 'B196', 'B291', 'B300', 'B61', 'B707', 'B497']",6.5,S65,11.85,0,9,9,0.0,,-1.2634,-13.322864,-14.586263,True,True,18,S31,True,13,1.9697,delivery+depot_removal,,,,,,,,,,,,,,,,,,,,,,,,,,,,,,,,,,,,,,,,,,,,,,,,,,,,
42,17,15,46,S65,False,0,9,9,0,11,0,0,0,0,"['B165', 'B573', 'B343', 'B503', 'B127', 'B483', 'B393', 'B323', 'B464', 'B179', 'B686']",5.5,S63,7.4,11,9,20,0.0,,-1.282317,-13.302277,-14.584595,False,False,12,S26,True,7,1.6168,pickup,,,,,,,,,,,,,,,,,,,,,,,,,,,,,,,,,,,,,,,,,,,,,,,,,,,,
42,17,15,59,S63,False,11,9,20,11,0,0,0,0,0,"['B165', 'B573', 'B343', 'B503', 'B127', 'B483', 'B393', 'B323', 'B464', 'B179', 'B686']",5.5,S31,4.21,0,9,9,0.0,,-1.370664,-13.073048,-14.443713,False,False,12,S36,True,6,1.4786,delivery,,,,,,,,,,,,,,,,,,,,,,,,,,,,,,,,,,,,,,,,,,,,,,,,,,,,
42,17,16,9,S31,False,0,9,9,0,11,0,0,0,0,"['B302', 'B192', 'B20', 'B102', 'B635', 'B366', 'B274', 'B705', 'B247', 'B658', 'B184']",5.5,S26,6.02,11,9,20,0.0,,-1.369768,-13.017024,-14.386791,True,False,18,S48,True,12,2.1591,pickup,,,,,,,,,,,,,,,,,,,,,,,,,,,,,,,,,,,,,,,,,,,,,,,,,,,,
42,17,16,20,S26,False,11,9,20,11,0,0,0,0,0,"['B302', 'B192', 'B20', 'B102', 'B635', 'B366', 'B274', 'B705', 'B247', 'B658', 'B184']",5.5,S48,11.62,0,9,9,0.0,,-1.196222,-13.014713,-14.210935,False,False,12,S35,True,9,1.4425,delivery,,,,,,,,,,,,,,,,,,,,,,,,,,,,,,,,,,,,,,,,,,,,,,,,,,,,
42,17,16,38,S48,False,0,9,9,0,8,0,1,0,0,"['B338', 'B605', 'B145', 'B237', 'B313', 'B106', 'B437', 'B461', 'B264']",4.5,S35,8.23,8,10,18,0.0,,-1.175814,-12.967318,-14.143132,True,True,36,S37,True,21,3.6044,pickup+depot_removal,,,,,,,,,,,,,,,,,,,,,,,,,,,,,,,,,,,,,,,,,,,,,,,,,,,,
42,17,16,50,S35,False,8,10,18,8,0,0,1,0,0,"['B759', 'B338', 'B605', 'B145', 'B237', 'B313', 'B106', 'B437', 'B461']",4.5,S31,8.41,0,11,11,0.0,,-0.892208,-12.871716,-13.763924,True,True,24,S16,True,18,2.9808,delivery+depot_removal,,,,,,,,,,,,,,,,,,,,,,,,,,,,,,,,,,,,,,,,,,,,,,,,,,,,
42,17,17,3,S31,False,0,11,11,0,9,0,0,0,0,"['B516', 'B195', 'B660', 'B505', 'B1', 'B403', 'B105', 'B198', 'B161']",4.5,S24,6.93,9,11,20,0.0,,-1.086774,-12.911086,-13.997861,True,False,18,S12,True,13,1.9074,pickup,,,,,,,,,,,,,,,,,,,,,,,,,,,,,,,,,,,,,,,,,,,,,,,,,,,,
42,17,17,15,S24,False,9,11,20,9,0,1,0,0,0,"['B516', 'B195', 'B660', 'B505', 'B1', 'B403', 'B105', 'B198', 'B161']",7.5,S61,7.36,0,11,11,0.0,,-0.713793,-12.743888,-13.457681,True,True,24,S62,True,22,2.4322,delivery+onsite,,,,,,,,,,,,,,,,,,,,,,,,,,,,,,,,,,,,,,,,,,,,,,,,,,,,
42,17,17,29,S61,False,0,11,11,0,9,1,0,0,0,"['B178', 'B728', 'B38', 'B332', 'B42', 'B353', 'B189', 'B295', 'B543']",7.5,S54,4.83,9,11,20,0.0,,-1.086269,-12.694189,-13.780457,True,True,36,S41,True,32,3.3959,pickup+onsite,,,,,,,,,,,,,,,,,,,,,,,,,,,,,,,,,,,,,,,,,,,,,,,,,,,,
42,17,17,42,S54,False,9,11,20,9,0,0,0,0,0,"['B178', 'B728', 'B38', 'B332', 'B42', 'B353', 'B189', 'B295', 'B543']",4.5,S12,8.01,0,11,11,0.0,,-0.755548,-12.564055,-13.319604,False,False,12,S62,True,7,1.1252,delivery,,,,,,,,,,,,,,,,,,,,,,,,,,,,,,,,,,,,,,,,,,,,,,,,,,,,
42,17,17,54,S12,False,0,11,11,0,9,0,0,0,0,"['B704', 'B260', 'B410', 'B588', 'B417', 'B328', 'B283', 'B578', 'B322']",4.5,S41,10.2,9,11,20,0.0,,-0.598631,-12.540181,-13.138812,False,False,12,S41,False,6,1.1533,pickup,,,,,,,,,,,,,,,,,,,,,,,,,,,,,,,,,,,,,,,,,,,,,,,,,,,,
42,17,18,9,S41,False,9,11,20,9,0,0,0,0,0,"['B704', 'B260', 'B410', 'B588', 'B417', 'B328', 'B283', 'B578', 'B322']",4.5,S31,1.27,0,11,11,0.0,,-0.441597,-12.39972,-12.841317,False,False,12,S60,True,7,1.4709,delivery,,,,,,,,,,,,,,,,,,,,,,,,,,,,,,,,,,,,,,,,,,,,,,,,,,,,
42,17,18,15,S31,False,0,11,11,0,9,0,0,0,0,"['B249', 'B504', 'B532', 'B753', 'B726', 'B325', 'B546', 'B107', 'B23']",4.5,S32,6.41,9,11,20,0.0,,-0.38256,-12.295361,-12.677922,True,False,18,S37,True,13,2.177,pickup,,,,,,,,,,,,,,,,,,,,,,,,,,,,,,,,,,,,,,,,,,,,,,,,,,,,
42,17,18,26,S32,False,9,11,20,9,0,0,0,0,0,"['B249', 'B504', 'B532', 'B753', 'B726', 'B325', 'B546', 'B107', 'B23']",4.5,S56,1.58,0,11,11,0.0,,-0.283928,-12.211146,-12.495075,False,False,12,S10,True,7,1.6353,delivery,,,,,,,,,,,,,,,,,,,,,,,,,,,,,,,,,,,,,,,,,,,,,,,,,,,,
42,17,18,32,S56,False,0,11,11,0,5,2,0,0,0,"['B531', 'B205', 'B619', 'B261', 'B68']",8.5,S25,16.34,5,11,16,0.0,,-0.304204,-12.358885,-12.663089,True,True,108,S35,True,61,9.9675,pickup+onsite,,,,,,,,,,,,,,,,,,,,,,,,,,,,,,,,,,,,,,,,,,,,,,,,,,,,
42,17,18,57,S25,False,5,11,16,5,0,1,0,0,0,"['B531', 'B205', 'B619', 'B261', 'B68']",5.5,S23,6.28,0,11,11,0.0,,-0.382285,-12.410645,-12.79293,True,True,24,S23,False,18,2.6907,delivery+onsite,,,,,,,,,,,,,,,,,,,,,,,,,,,,,,,,,,,,,,,,,,,,,,,,,,,,
42,17,19,8,S23,False,0,11,11,0,8,2,0,0,0,"['B374', 'B521', 'B418', 'B566', 'B691', 'B321', 'B6', 'B364']",10.0,S53,9.84,8,11,19,0.0,,-0.400164,-12.401282,-12.801446,True,True,54,S18,True,33,6.8902,pickup+onsite,,,,,,,,,,,,,,,,,,,,,,,,,,,,,,,,,,,,,,,,,,,,,,,,,,,,
42,17,19,28,S53,False,8,11,19,0,0,0,0,0,0,[],0.0,S51,3.97,8,11,19,0.0,,-0.41923,-12.478429,-12.897659,False,False,12,S51,False,1,1.0967,do_nothing,,,,,,,,,,,,,,,,,,,,,,,,,,,,,,,,,,,,,,,,,,,,,,,,,,,,
42,17,19,32,S51,False,8,11,19,0,0,1,0,0,0,[],3.0,S62,5.81,8,11,19,0.0,,-0.331156,-12.72438,-13.055536,True,True,23,S9,True,9,1.9906,do_nothing+onsite,,,,,,,,,,,,,,,,,,,,,,,,,,,,,,,,,,,,,,,,,,,,,,,,,,,,
42,17,19,41,S62,False,8,11,19,8,0,0,0,0,0,"['B374', 'B521', 'B418', 'B566', 'B691', 'B321', 'B6', 'B364']",4.0,S40,0.73,0,11,11,0.0,,-0.332868,-12.686313,-13.019181,False,False,7,S40,False,5,0.638,delivery,,,,,,,,,,,,,,,,,,,,,,,,,,,,,,,,,,,,,,,,,,,,,,,,,,,,
42,17,19,46,S40,False,0,11,11,0,9,0,0,0,0,"['B11', 'B200', 'B401', 'B294', 'B702', 'B351', 'B592', 'B199', 'B234']",4.5,D0,0.66,9,11,20,0.0,,-0.373435,-12.934569,-13.308004,False,False,3,D0,True,2,0.3205,pickup,,,,,,,,,,,,,,,,,,,,,,,,,,,,,,,,,,,,,,,,,,,,,,,,,,,,
42,17,19,51,D0,True,9,11,20,0,0,0,0,11,0,"['B35', 'B250', 'B506', 'B337', 'B476', 'B757', 'B466', 'B719', 'B319', 'B264', 'B759']",5.5,D0,0.0,9,0,9,0.0,,-0.656744,-12.905846,-13.56259,True,True,1,D0,False,0,0.1189,do_nothing,,,,,,,,,,,,,,,,,,,,,,,,,,,,,,,,,,,,,,,,,,,,,,,,,,,,
42,18,6,11,D0,True,9,0,9,0,0,0,0,0,8,"['B563', 'B755', 'B448', 'B34', 'B55', 'B304', 'B460', 'B290']",4.0,S66,1.4,17,0,17,0.0,,-3.049823,-14.16183,-17.211653,True,True,5,S66,False,1,0.6432,load_queue,,,,,,,,,,,,,,,,,,,,,,,,,,,,,,,,,,,,,,,,,,,,,,,,,,,,
42,18,6,32,S66,False,17,0,17,17,0,0,0,0,0,"['B11', 'B200', 'B401', 'B294', 'B702', 'B351', 'B592', 'B199', 'B234', 'B563', 'B755', 'B448', 'B34', 'B55', 'B304', 'B460', 'B290']",8.5,S54,5.58,0,0,0,0.0,,-2.85566,-13.949772,-16.805432,False,False,12,S54,False,10,1.7343,delivery,,,,,,,,,,,,,,,,,,,,,,,,,,,,,,,,,,,,,,,,,,,,,,,,,,,,
42,18,6,46,S54,False,0,0,0,0,19,0,1,0,0,"['B701', 'B588', 'B380', 'B445', 'B714', 'B328', 'B550', 'B152', 'B442', 'B97', 'B686', 'B385', 'B15', 'B600', 'B518', 'B437', 'B217', 'B504', 'B682', 'B576']",10.0,S51,6.18,19,1,20,0.0,,-2.573651,-14.194806,-16.768457,True,True,36,S39,True,21,4.4024,pickup+depot_removal,,,,,,,,,,,,,,,,,,,,,,,,,,,,,,,,,,,,,,,,,,,,,,,,,,,,
42,18,7,2,S51,False,19,1,20,12,0,1,0,0,0,"['B701', 'B588', 'B380', 'B445', 'B714', 'B328', 'B550', 'B152', 'B442', 'B97', 'B686', 'B385']",9.0,S62,5.81,7,1,8,0.0,,-2.090946,-14.191339,-16.282285,True,True,36,S62,False,22,3.416,delivery+onsite,,,,,,,,,,,,,,,,,,,,,,,,,,,,,,,,,,,,,,,,,,,,,,,,,,,,
42,18,7,17,S62,False,7,1,8,7,0,0,0,0,0,"['B15', 'B600', 'B518', 'B437', 'B217', 'B504', 'B682']",3.5,S52,1.55,0,1,1,0.0,,-1.540221,-13.981534,-15.521755,False,False,12,S35,True,8,1.4072,delivery,,,,,,,,,,,,,,,,,,,,,,,,,,,,,,,,,,,,,,,,,,,,,,,,,,,,
42,18,7,22,S52,False,0,1,1,0,10,0,1,0,0,"['B262', 'B125', 'B456', 'B589', 'B344', 'B142', 'B404', 'B455', 'B320', 'B745', 'B221']",5.5,S65,6.18,10,2,12,0.0,,-1.481577,-13.906656,-15.388233,True,True,36,S39,True,33,3.414,pickup+depot_removal,,,,,,,,,,,,,,,,,,,,,,,,,,,,,,,,,,,,,,,,,,,,,,,,,,,,
42,18,7,34,S65,False,10,2,12,10,0,0,1,0,0,"['B434', 'B262', 'B125', 'B456', 'B589', 'B344', 'B142', 'B404', 'B455', 'B320', 'B745']",5.5,S47,1.6,0,3,3,0.0,,-1.176441,-13.749433,-14.925874,True,True,24,S49,True,19,2.6993,delivery+depot_removal,,,,,,,,,,,,,,,,,,,,,,,,,,,,,,,,,,,,,,,,,,,,,,,,,,,,
42,18,7,41,S47,False,0,3,3,0,13,0,0,0,0,"['B655', 'B53', 'B400', 'B87', 'B746', 'B314', 'B25', 'B539', 'B352', 'B415', 'B502', 'B256', 'B285']",6.5,S15,5.64,13,3,16,0.0,,-0.996759,-13.697859,-14.694617,True,False,36,S39,True,27,3.7582,pickup,,,,,,,,,,,,,,,,,,,,,,,,,,,,,,,,,,,,,,,,,,,,,,,,,,,,
42,18,7,53,S15,False,13,3,16,13,0,1,0,0,0,"['B655', 'B53', 'B400', 'B87', 'B746', 'B314', 'B25', 'B539', 'B352', 'B415', 'B502', 'B256', 'B285']",9.5,S35,5.79,0,3,3,0.0,,-1.016687,-13.635989,-14.652676,True,True,24,S35,False,19,2.6868,delivery+onsite,,,,,,,,,,,,,,,,,,,,,,,,,,,,,,,,,,,,,,,,,,,,,,,,,,,,
42,18,8,8,S35,False,0,3,3,0,11,0,0,0,0,"['B662', 'B744', 'B138', 'B226', 'B192', 'B767', 'B334', 'B260', 'B178', 'B349', 'B671']",5.5,S54,2.91,11,3,14,0.0,,-1.109195,-13.857664,-14.96686,False,False,18,S59,True,15,2.109,pickup,,,,,,,,,,,,,,,,,,,,,,,,,,,,,,,,,,,,,,,,,,,,,,,,,,,,
42,18,8,17,S54,False,11,3,14,0,6,0,0,0,0,"['B329', 'B547', 'B750', 'B472', 'B665', 'B126']",3.0,S50,2.71,17,3,20,0.0,,-0.868525,-13.790043,-14.658568,True,False,18,S50,False,14,2.0402,pickup,,,,,,,,,,,,,,,,,,,,,,,,,,,,,,,,,,,,,,,,,,,,,,,,,,,,
42,18,8,22,S50,False,17,3,20,17,0,1,0,0,0,"['B662', 'B744', 'B138', 'B226', 'B192', 'B767', 'B334', 'B260', 'B178', 'B349', 'B671', 'B329', 'B547', 'B750', 'B472', 'B665', 'B126']",11.5,S59,8.72,0,3,3,0.0,,-0.953626,-13.649041,-14.602667,True,True,36,S42,True,18,3.7971,delivery+onsite,,,,,,,,,,,,,,,,,,,,,,,,,,,,,,,,,,,,,,,,,,,,,,,,,,,,
42,18,8,42,S59,False,0,3,3,0,0,0,0,0,0,[],0.0,S54,6.37,0,3,3,0.0,,-1.260068,-13.636574,-14.896642,False,False,12,S53,True,1,1.7208,do_nothing,,,,,,,,,,,,,,,,,,,,,,,,,,,,,,,,,,,,,,,,,,,,,,,,,,,,
42,18,8,49,S54,False,0,3,3,0,13,0,1,0,0,"['B717', 'B271', 'B234', 'B44', 'B60', 'B360', 'B278', 'B182', 'B589', 'B344', 'B461', 'B455', 'B149', 'B186']",7.0,S53,2.46,13,4,17,0.0,,-1.201654,-13.670848,-14.872502,True,True,36,S37,True,31,4.2598,pickup+depot_removal,,,,,,,,,,,,,,,,,,,,,,,,,,,,,,,,,,,,,,,,,,,,,,,,,,,,
42,18,8,58,S53,False,13,4,17,13,0,0,0,0,0,"['B717', 'B271', 'B234', 'B44', 'B60', 'B360', 'B278', 'B182', 'B589', 'B344', 'B461', 'B455', 'B149']",6.5,S37,3.02,0,4,4,0.0,,-1.161781,-13.498584,-14.660364,False,False,12,S16,True,8,1.4613,delivery,,,,,,,,,,,,,,,,,,,,,,,,,,,,,,,,,,,,,,,,,,,,,,,,,,,,
42,18,9,8,S37,False,0,4,4,0,16,0,0,0,0,"['B300', 'B367', 'B59', 'B558', 'B679', 'B179', 'B572', 'B39', 'B485', 'B216', 'B115', 'B473', 'B454', 'B251', 'B291', 'B387']",8.0,S22,7.12,16,4,20,0.0,,-0.955905,-13.548458,-14.504362,False,False,12,S52,True,7,1.459,pickup,,,,,,,,,,,,,,,,,,,,,,,,,,,,,,,,,,,,,,,,,,,,,,,,,,,,
42,18,9,23,S22,False,16,4,20,15,0,0,0,0,0,"['B300', 'B367', 'B59', 'B558', 'B679', 'B179', 'B572', 'B39', 'B485', 'B216', 'B115', 'B473', 'B454', 'B251', 'B291']",7.5,S39,5.77,1,4,5,0.0,,-0.995322,-13.388553,-14.383875,False,False,18,S20,True,12,1.8562,delivery,,,,,,,,,,,,,,,,,,,,,,,,,,,,,,,,,,,,,,,,,,,,,,,,,,,,
42,18,9,36,S39,False,1,4,5,0,15,0,0,0,0,"['B150', 'B114', 'B326', 'B706', 'B474', 'B3', 'B634', 'B67', 'B263', 'B707', 'B288', 'B395', 'B688', 'B462', 'B765']",7.5,S15,7.21,16,4,20,0.0,,-0.868144,-13.424526,-14.29267,False,False,12,S30,True,7,1.2854,pickup,,,,,,,,,,,,,,,,,,,,,,,,,,,,,,,,,,,,,,,,,,,,,,,,,,,,
42,18,9,51,S15,False,16,4,20,16,0,0,0,0,0,"['B387', 'B150', 'B114', 'B326', 'B706', 'B474', 'B3', 'B634', 'B67', 'B263', 'B707', 'B288', 'B395', 'B688', 'B462', 'B765']",8.0,S16,5.18,0,4,4,0.0,,-0.899892,-13.45581,-14.355702,False,False,18,S65,True,7,2.0437,delivery,,,,,,,,,,,,,,,,,,,,,,,,,,,,,,,,,,,,,,,,,,,,,,,,,,,,
42,18,10,4,S16,False,0,4,4,0,9,1,0,0,0,"['B143', 'B246', 'B565', 'B390', 'B623', 'B213', 'B364', 'B118', 'B642']",7.5,S44,0.23,9,4,13,0.0,,-0.870887,-13.491364,-14.362251,True,True,36,S59,True,30,3.2913,pickup+onsite,,,,,,,,,,,,,,,,,,,,,,,,,,,,,,,,,,,,,,,,,,,,,,,,,,,,
42,18,10,12,S44,False,9,4,13,9,0,0,0,0,0,"['B143', 'B246', 'B565', 'B390', 'B623', 'B213', 'B364', 'B118', 'B642']",4.5,S61,2.79,0,4,4,0.0,,-0.849272,-13.672186,-14.521459,False,False,12,S57,True,9,1.1325,delivery,,,,,,,,,,,,,,,,,,,,,,,,,,,,,,,,,,,,,,,,,,,,,,,,,,,,
42,18,10,19,S61,False,0,4,4,0,10,0,0,0,0,"['B12', 'B79', 'B102', 'B23', 'B356', 'B733', 'B600', 'B445', 'B109', 'B723']",5.0,S65,4.19,10,4,14,0.0,,-1.056444,-13.755727,-14.812171,False,False,18,S59,True,15,1.8848,pickup,,,,,,,,,,,,,,,,,,,,,,,,,,,,,,,,,,,,,,,,,,,,,,,,,,,,
42,18,10,28,S65,False,10,4,14,10,0,0,0,0,0,"['B12', 'B79', 'B102', 'B23', 'B356', 'B733', 'B600', 'B445', 'B109', 'B723']",5.0,S59,5.18,0,4,4,0.0,,-0.654351,-13.645083,-14.299435,False,False,12,S4,True,6,1.3249,delivery,,,,,,,,,,,,,,,,,,,,,,,,,,,,,,,,,,,,,,,,,,,,,,,,,,,,
42,18,10,38,S59,False,0,4,4,0,16,0,0,0,0,"['B522', 'B515', 'B633', 'B535', 'B336', 'B17', 'B496', 'B164', 'B611', 'B441', 'B471', 'B369', 'B639', 'B683', 'B748', 'B758']",8.0,S29,7.54,16,4,20,0.0,,-0.573868,-13.472774,-14.046642,False,False,12,S45,True,10,1.5799,pickup,,,,,,,,,,,,,,,,,,,,,,,,,,,,,,,,,,,,,,,,,,,,,,,,,,,,
42,18,10,54,S29,False,16,4,20,10,0,0,0,0,0,"['B522', 'B515', 'B633', 'B535', 'B336', 'B17', 'B496', 'B164', 'B611', 'B441']",5.0,S35,1.95,6,4,10,0.0,,-0.934055,-13.507524,-14.441579,False,False,18,S50,True,8,1.7723,delivery,,,,,,,,,,,,,,,,,,,,,,,,,,,,,,,,,,,,,,,,,,,,,,,,,,,,
42,18,11,1,S35,False,6,4,10,6,0,0,0,0,0,"['B471', 'B369', 'B639', 'B683', 'B748', 'B758']",3.0,S13,16.28,0,4,4,0.0,,-0.994296,-13.360469,-14.354765,False,False,12,S4,True,8,1.2804,delivery,,,,,,,,,,,,,,,,,,,,,,,,,,,,,,,,,,,,,,,,,,,,,,,,,,,,
42,18,11,20,S13,False,0,4,4,0,12,0,0,0,0,"['B370', 'B103', 'B327', 'B670', 'B139', 'B21', 'B740', 'B410', 'B469', 'B698', 'B657', 'B483']",6.0,S54,13.97,12,4,16,0.0,,-1.441684,-13.396605,-14.838289,True,False,36,S37,True,26,4.6506,pickup,,,,,,,,,,,,,,,,,,,,,,,,,,,,,,,,,,,,,,,,,,,,,,,,,,,,
42,18,11,40,S54,False,12,4,16,12,0,0,0,0,0,"['B370', 'B103', 'B327', 'B670', 'B139', 'B21', 'B740', 'B410', 'B469', 'B698', 'B657', 'B483']",6.0,S37,4.98,0,4,4,0.0,,-1.691684,-13.508327,-15.200011,False,False,18,S50,True,12,1.9347,delivery,,,,,,,,,,,,,,,,,,,,,,,,,,,,,,,,,,,,,,,,,,,,,,,,,,,,
42,18,11,51,S37,False,0,4,4,0,16,0,0,0,0,"['B652', 'B492', 'B112', 'B699', 'B539', 'B255', 'B31', 'B71', 'B260', 'B350', 'B206', 'B178', 'B608', 'B463', 'B299', 'B632']",8.0,S29,6.23,16,4,20,0.0,,-1.585419,-13.586948,-15.172367,False,False,12,S29,False,6,1.4094,pickup,,,,,,,,,,,,,,,,,,,,,,,,,,,,,,,,,,,,,,,,,,,,,,,,,,,,
42,18,12,5,S29,False,16,4,20,16,0,0,0,0,0,"['B652', 'B492', 'B112', 'B699', 'B539', 'B255', 'B31', 'B71', 'B260', 'B350', 'B206', 'B178', 'B608', 'B463', 'B299', 'B632']",8.0,S60,7.31,0,4,4,0.0,,-1.51834,-13.577658,-15.095998,False,False,12,S50,True,8,1.3972,delivery,,,,,,,,,,,,,,,,,,,,,,,,,,,,,,,,,,,,,,,,,,,,,,,,,,,,
42,18,12,21,S60,False,0,4,4,0,16,0,0,0,0,"['B651', 'B342', 'B96', 'B399', 'B729', 'B427', 'B134', 'B388', 'B628', 'B537', 'B716', 'B680', 'B335', 'B328', 'B554', 'B592']",8.0,S50,8.32,16,4,20,0.0,,-1.826707,-13.634139,-15.460846,False,False,18,S57,True,8,2.0202,pickup,,,,,,,,,,,,,,,,,,,,,,,,,,,,,,,,,,,,,,,,,,,,,,,,,,,,
42,18,12,37,S50,False,16,4,20,16,0,0,0,0,0,"['B651', 'B342', 'B96', 'B399', 'B729', 'B427', 'B134', 'B388', 'B628', 'B537', 'B716', 'B680', 'B335', 'B328', 'B554', 'B592']",8.0,S43,7.18,0,4,4,0.0,,-2.044492,-13.527917,-15.572409,False,False,12,S57,True,8,1.4675,delivery,,,,,,,,,,,,,,,,,,,,,,,,,,,,,,,,,,,,,,,,,,,,,,,,,,,,
42,18,12,52,S43,False,0,4,4,0,16,1,0,0,0,"['B7', 'B243', 'B488', 'B358', 'B106', 'B637', 'B444', 'B352', 'B691', 'B371', 'B97', 'B158', 'B728', 'B16', 'B360', 'B516']",11.0,S54,4.49,16,4,20,0.0,,-1.982397,-13.497212,-15.479609,True,True,36,S46,True,31,4.0795,pickup+onsite,,,,,,,,,,,,,,,,,,,,,,,,,,,,,,,,,,,,,,,,,,,,,,,,,,,,
42,18,13,8,S54,False,16,4,20,10,0,0,0,0,0,"['B7', 'B243', 'B488', 'B358', 'B106', 'B637', 'B444', 'B352', 'B691', 'B371']",5.0,S26,5.73,6,4,10,0.0,,-1.850102,-13.552183,-15.402285,False,False,18,S46,True,7,1.7633,delivery,,,,,,,,,,,,,,,,,,,,,,,,,,,,,,,,,,,,,,,,,,,,,,,,,,,,
42,18,13,18,S26,False,6,4,10,6,0,0,0,0,0,"['B97', 'B158', 'B728', 'B16', 'B360', 'B516']",3.0,S65,6.43,0,4,4,0.0,,-1.59841,-13.408846,-15.007256,False,False,12,S57,True,6,1.357,delivery,,,,,,,,,,,,,,,,,,,,,,,,,,,,,,,,,,,,,,,,,,,,,,,,,,,,
42,18,13,28,S65,False,0,4,4,0,16,0,0,0,0,"['B662', 'B619', 'B261', 'B74', 'B187', 'B68', 'B303', 'B577', 'B733', 'B353', 'B177', 'B102', 'B425', 'B284', 'B316', 'B274']",8.0,S29,8.87,16,4,20,0.0,,-1.776449,-13.41196,-15.188409,False,False,18,S29,True,6,2.678,pickup,,,,,,,,,,,,,,,,,,,,,,,,,,,,,,,,,,,,,,,,,,,,,,,,,,,,
42,18,13,45,S29,False,16,4,20,16,0,0,0,0,0,"['B662', 'B619', 'B261', 'B74', 'B187', 'B68', 'B303', 'B577', 'B733', 'B353', 'B177', 'B102', 'B425', 'B284', 'B316', 'B274']",8.0,S66,6.29,0,4,4,0.0,,-2.103443,-13.276075,-15.379518,False,False,12,S46,True,7,1.4381,delivery,,,,,,,,,,,,,,,,,,,,,,,,,,,,,,,,,,,,,,,,,,,,,,,,,,,,
42,18,13,59,S66,False,0,4,4,0,14,1,0,0,0,"['B164', 'B347', 'B692', 'B449', 'B563', 'B760', 'B670', 'B9', 'B193', 'B260', 'B440', 'B441', 'B517', 'B558']",10.0,S46,5.15,14,4,18,0.0,,-2.280048,-13.300278,-15.580326,True,True,36,S46,False,30,4.5107,pickup+onsite,,,,,,,,,,,,,,,,,,,,,,,,,,,,,,,,,,,,,,,,,,,,,,,,,,,,
42,18,14,14,S46,False,14,4,18,11,0,0,0,0,0,"['B164', 'B347', 'B692', 'B449', 'B563', 'B760', 'B670', 'B9', 'B193', 'B260', 'B440']",5.5,S26,8.08,3,4,7,0.0,,-2.22427,-13.454439,-15.678709,False,False,18,S26,False,7,1.9173,delivery,,,,,,,,,,,,,,,,,,,,,,,,,,,,,,,,,,,,,,,,,,,,,,,,,,,,
42,18,14,28,S26,False,3,4,7,3,0,0,0,0,0,"['B441', 'B517', 'B558']",1.5,S31,6.02,0,4,4,0.0,,-1.995744,-13.445357,-15.441101,False,False,12,S31,False,6,1.2105,delivery,,,,,,,,,,,,,,,,,,,,,,,,,,,,,,,,,,,,,,,,,,,,,,,,,,,,
42,18,14,35,S31,False,0,4,4,0,16,0,0,0,0,"['B751', 'B11', 'B256', 'B567', 'B50', 'B382', 'B363', 'B124', 'B149', 'B754', 'B189', 'B656', 'B469', 'B422', 'B725', 'B139']",8.0,S26,6.02,16,4,20,0.0,,-2.015939,-13.425897,-15.441836,True,False,18,S26,False,12,2.0489,pickup,,,,,,,,,,,,,,,,,,,,,,,,,,,,,,,,,,,,,,,,,,,,,,,,,,,,
42,18,14,49,S26,False,16,4,20,16,0,0,0,0,0,"['B751', 'B11', 'B256', 'B567', 'B50', 'B382', 'B363', 'B124', 'B149', 'B754', 'B189', 'B656', 'B469', 'B422', 'B725', 'B139']",8.0,S16,7.94,0,4,4,0.0,,-1.578493,-13.416665,-14.995158,False,False,12,S40,True,9,1.3046,delivery,,,,,,,,,,,,,,,,,,,,,,,,,,,,,,,,,,,,,,,,,,,,,,,,,,,,
42,18,15,5,S16,False,0,4,4,0,7,0,0,0,0,"['B244', 'B627', 'B615', 'B265', 'B287', 'B132', 'B27']",3.5,S55,3.87,7,4,11,0.0,,-1.850133,-13.400011,-15.250144,False,False,18,S53,True,6,1.9702,pickup,,,,,,,,,,,,,,,,,,,,,,,,,,,,,,,,,,,,,,,,,,,,,,,,,,,,
42,18,15,13,S55,False,7,4,11,7,0,0,0,0,0,"['B244', 'B627', 'B615', 'B265', 'B287', 'B132', 'B27']",3.5,S57,2.57,0,4,4,0.0,,-1.813271,-13.39096,-15.204231,False,False,12,S40,True,7,1.2457,delivery,,,,,,,,,,,,,,,,,,,,,,,,,,,,,,,,,,,,,,,,,,,,,,,,,,,,
42,18,15,19,S57,False,0,4,4,0,15,0,0,0,0,"['B46', 'B552', 'B503', 'B601', 'B267', 'B75', 'B276', 'B207', 'B271', 'B234', 'B669', 'B209', 'B58', 'B44', 'B712']",7.5,S50,2.14,15,4,19,0.0,,-2.065738,-13.345179,-15.410917,False,False,18,S53,True,6,2.1677,pickup,,,,,,,,,,,,,,,,,,,,,,,,,,,,,,,,,,,,,,,,,,,,,,,,,,,,
42,18,15,28,S50,False,15,4,19,15,0,0,0,0,0,"['B46', 'B552', 'B503', 'B601', 'B267', 'B75', 'B276', 'B207', 'B271', 'B234', 'B669', 'B209', 'B58', 'B44', 'B712']",7.5,S53,5.17,0,4,4,0.0,,-1.566516,-13.155251,-14.721767,False,False,12,S1,True,6,1.5338,delivery,,,,,,,,,,,,,,,,,,,,,,,,,,,,,,,,,,,,,,,,,,,,,,,,,,,,
42,18,15,41,S53,False,0,4,4,0,16,0,0,0,0,"['B482', 'B538', 'B659', 'B479', 'B652', 'B740', 'B522', 'B483', 'B548', 'B638', 'B257', 'B294', 'B597', 'B145', 'B724', 'B606']",8.0,S24,9.66,16,4,20,0.0,,-1.53968,-12.916133,-14.455813,False,False,12,S55,True,9,1.6766,pickup,,,,,,,,,,,,,,,,,,,,,,,,,,,,,,,,,,,,,,,,,,,,,,,,,,,,
42,18,15,59,S24,False,16,4,20,16,0,0,0,0,0,"['B482', 'B538', 'B659', 'B479', 'B652', 'B740', 'B522', 'B483', 'B548', 'B638', 'B257', 'B294', 'B597', 'B145', 'B724', 'B606']",8.0,S40,7.39,0,4,4,0.0,,-1.301658,-12.891325,-14.192983,False,False,18,S55,True,10,3.1745,delivery,,,,,,,,,,,,,,,,,,,,,,,,,,,,,,,,,,,,,,,,,,,,,,,,,,,,
42,18,16,14,S40,False,0,4,4,0,10,0,0,0,0,"['B459', 'B20', 'B113', 'B442', 'B43', 'B536', 'B415', 'B701', 'B344', 'B70']",5.0,S52,2.21,10,4,14,0.0,,-1.46065,-12.99739,-14.45804,False,False,18,S43,True,13,1.9979,pickup,,,,,,,,,,,,,,,,,,,,,,,,,,,,,,,,,,,,,,,,,,,,,,,,,,,,
42,18,16,21,S52,False,10,4,14,10,0,0,0,0,0,"['B459', 'B20', 'B113', 'B442', 'B43', 'B536', 'B415', 'B701', 'B344', 'B70']",5.0,S56,4.9,0,4,4,0.0,,-0.656304,-12.821622,-13.477926,False,False,12,S56,False,8,1.4649,delivery,,,,,,,,,,,,,,,,,,,,,,,,,,,,,,,,,,,,,,,,,,,,,,,,,,,,
42,18,16,31,S56,False,0,4,4,0,6,0,1,0,0,"['B164', 'B304', 'B464', 'B572', 'B54', 'B624', 'B569']",3.5,S55,1.03,6,5,11,0.0,,-0.518563,-12.827231,-13.345794,True,True,36,S43,True,19,3.8915,pickup+depot_removal,,,,,,,,,,,,,,,,,,,,,,,,,,,,,,,,,,,,,,,,,,,,,,,,,,,,
42,18,16,36,S55,False,6,5,11,6,0,0,1,0,0,"['B19', 'B164', 'B304', 'B464', 'B572', 'B54', 'B624']",3.5,S1,3.22,0,6,6,0.0,,-0.923249,-12.747821,-13.67107,True,True,24,S1,False,20,2.784,delivery+depot_removal,,,,,,,,,,,,,,,,,,,,,,,,,,,,,,,,,,,,,,,,,,,,,,,,,,,,
42,18,16,42,S1,False,0,6,6,0,14,0,0,0,0,"['B383', 'B396', 'B197', 'B302', 'B0', 'B402', 'B277', 'B332', 'B227', 'B77', 'B549', 'B487', 'B310', 'B542']",7.0,S63,6.86,14,6,20,0.0,,-0.50828,-12.799779,-13.308059,False,False,12,S29,True,7,1.4931,pickup,,,,,,,,,,,,,,,,,,,,,,,,,,,,,,,,,,,,,,,,,,,,,,,,,,,,
42,18,16,56,S63,False,14,6,20,14,0,0,0,0,0,"['B383', 'B396', 'B197', 'B302', 'B0', 'B402', 'B277', 'B332', 'B227', 'B77', 'B549', 'B487', 'B310', 'B542']",7.0,S30,6.1,0,6,6,0.0,,-0.636508,-12.746693,-13.383201,False,False,18,S44,True,14,2.1087,delivery,,,,,,,,,,,,,,,,,,,,,,,,,,,,,,,,,,,,,,,,,,,,,,,,,,,,
42,18,17,9,S30,False,0,6,6,0,6,0,1,0,0,"['B136', 'B416', 'B251', 'B629', 'B324', 'B377', 'B160']",3.5,S38,4.47,6,7,13,0.0,,-0.517562,-12.741665,-13.259227,True,True,36,S37,True,31,5.2202,pickup+depot_removal,,,,,,,,,,,,,,,,,,,,,,,,,,,,,,,,,,,,,,,,,,,,,,,,,,,,
42,18,17,17,S38,False,6,7,13,6,0,0,0,0,0,"['B136', 'B416', 'B251', 'B629', 'B324', 'B377']",3.0,S37,1.93,0,7,7,0.0,,-0.684072,-12.587654,-13.271725,False,False,12,S32,True,6,1.8039,delivery,,,,,,,,,,,,,,,,,,,,,,,,,,,,,,,,,,,,,,,,,,,,,,,,,,,,
42,18,17,22,S37,False,0,7,7,0,0,1,0,0,0,[],3.0,S22,7.12,0,7,7,0.0,,-0.490984,-12.642445,-13.133429,True,True,24,S10,True,7,3.4917,do_nothing+onsite,,,,,,,,,,,,,,,,,,,,,,,,,,,,,,,,,,,,,,,,,,,,,,,,,,,,
42,18,17,32,S22,False,0,7,7,0,10,1,1,0,0,"['B547', 'B86', 'B435', 'B114', 'B531', 'B763', 'B343', 'B728', 'B471', 'B703', 'B460']",8.5,S10,9.54,10,8,18,0.0,,-0.731319,-12.675052,-13.406371,True,True,60,S37,True,56,8.7671,pickup+maintenance,,,,,,,,,,,,,,,,,,,,,,,,,,,,,,,,,,,,,,,,,,,,,,,,,,,,
42,18,17,50,S10,False,10,8,18,10,0,0,0,0,0,"['B547', 'B86', 'B435', 'B114', 'B531', 'B763', 'B343', 'B728', 'B471', 'B703']",5.0,S32,3.25,0,8,8,0.0,,-0.733882,-12.643361,-13.377242,False,False,12,S32,False,9,1.5014,delivery,,,,,,,,,,,,,,,,,,,,,,,,,,,,,,,,,,,,,,,,,,,,,,,,,,,,
42,18,17,59,S32,False,0,8,8,0,10,0,1,0,0,"['B691', 'B700', 'B275', 'B239', 'B280', 'B45', 'B525', 'B655', 'B541', 'B448', 'B567']",5.5,S51,4.37,10,9,19,0.0,,-0.628954,-12.576131,-13.205085,True,True,30,S55,True,28,3.9029,pickup+depot_removal,,,,,,,,,,,,,,,,,,,,,,,,,,,,,,,,,,,,,,,,,,,,,,,,,,,,
42,18,18,9,S51,False,10,9,19,10,0,1,0,0,0,"['B691', 'B700', 'B275', 'B239', 'B280', 'B45', 'B525', 'B655', 'B541', 'B448']",8.0,S59,5.65,0,9,9,0.0,,-0.587319,-12.543754,-13.131073,True,True,36,S55,True,32,3.8929,delivery+onsite,,,,,,,,,,,,,,,,,,,,,,,,,,,,,,,,,,,,,,,,,,,,,,,,,,,,
42,18,18,22,S59,False,0,9,9,0,11,1,0,0,0,"['B283', 'B380', 'B345', 'B543', 'B201', 'B23', 'B414', 'B665', 'B191', 'B333', 'B318']",8.5,S55,6.49,11,9,20,0.0,,-0.499789,-12.5547,-13.054488,True,True,24,S37,True,18,2.6821,pickup+onsite,,,,,,,,,,,,,,,,,,,,,,,,,,,,,,,,,,,,,,,,,,,,,,,,,,,,
42,18,18,37,S55,False,11,9,20,11,0,0,0,0,0,"['B283', 'B380', 'B345', 'B543', 'B201', 'B23', 'B414', 'B665', 'B191', 'B333', 'B318']",5.5,S37,5.04,0,9,9,0.0,,-0.245629,-12.847104,-13.092733,False,False,12,S4,True,7,1.2591,delivery,,,,,,,,,,,,,,,,,,,,,,,,,,,,,,,,,,,,,,,,,,,,,,,,,,,,
42,18,18,48,S37,False,0,9,9,0,11,0,0,0,0,"['B244', 'B241', 'B261', 'B441', 'B365', 'B353', 'B72', 'B626', 'B233', 'B352', 'B346']",5.5,S36,4.84,11,9,20,0.0,,-0.341495,-12.884826,-13.226321,False,False,12,S45,True,7,1.425,pickup,,,,,,,,,,,,,,,,,,,,,,,,,,,,,,,,,,,,,,,,,,,,,,,,,,,,
42,18,18,58,S36,False,11,9,20,11,0,0,0,0,0,"['B244', 'B241', 'B261', 'B441', 'B365', 'B353', 'B72', 'B626', 'B233', 'B352', 'B346']",5.5,S4,5.51,0,9,9,0.0,,-0.29424,-12.828913,-13.123153,False,False,12,S48,True,6,1.3968,delivery,,,,,,,,,,,,,,,,,,,,,,,,,,,,,,,,,,,,,,,,,,,,,,,,,,,,
42,18,19,9,S4,False,0,9,9,0,9,0,1,0,0,"['B108', 'B641', 'B153', 'B83', 'B681', 'B166', 'B550', 'B32', 'B544', 'B518']",5.0,S44,1.93,9,10,19,0.0,,-0.283067,-12.791045,-13.074112,True,True,54,S49,True,46,7.1802,pickup+depot_removal,,,,,,,,,,,,,,,,,,,,,,,,,,,,,,,,,,,,,,,,,,,,,,,,,,,,
42,18,19,16,S44,False,9,10,19,9,0,0,0,0,0,"['B108', 'B641', 'B153', 'B83', 'B681', 'B166', 'B550', 'B32', 'B544']",4.5,S64,3.2,0,10,10,0.0,,-0.214978,-12.728314,-12.943292,False,False,12,S64,False,9,1.611,delivery,,,,,,,,,,,,,,,,,,,,,,,,,,,,,,,,,,,,,,,,,,,,,,,,,,,,
42,18,19,24,S64,False,0,10,10,0,10,0,0,0,0,"['B29', 'B63', 'B222', 'B696', 'B295', 'B152', 'B407', 'B582', 'B492', 'B61']",5.0,S33,3.13,10,10,20,0.0,,-0.156058,-12.640273,-12.796331,True,False,18,S49,True,12,2.3141,pickup,,,,,,,,,,,,,,,,,,,,,,,,,,,,,,,,,,,,,,,,,,,,,,,,,,,,
42,18,19,32,S33,False,10,10,20,10,0,0,1,0,0,"['B298', 'B29', 'B63', 'B222', 'B696', 'B295', 'B152', 'B407', 'B582', 'B492', 'B61']",5.5,S49,4.76,0,11,11,0.0,,-0.294422,-12.625768,-12.92019,True,True,16,S62,True,11,1.903,delivery+depot_removal,,,,,,,,,,,,,,,,,,,,,,,,,,,,,,,,,,,,,,,,,,,,,,,,,,,,
42,18,19,42,S49,False,0,11,11,0,0,0,1,0,0,['B203'],0.5,S31,2.89,0,12,12,0.0,,-0.293353,-12.572861,-12.866215,True,True,7,S58,True,4,0.786,do_nothing+depot_removal,,,,,,,,,,,,,,,,,,,,,,,,,,,,,,,,,,,,,,,,,,,,,,,,,,,,
42,18,19,45,S31,False,0,12,12,0,0,0,1,0,0,['B519'],0.5,S60,0.89,0,13,13,0.0,,-0.2338,-12.627954,-12.861754,True,True,5,S60,False,2,0.5332,do_nothing+depot_removal,,,,,,,,,,,,,,,,,,,,,,,,,,,,,,,,,,,,,,,,,,,,,,,,,,,,
42,18,19,47,S60,False,0,13,13,0,0,0,0,0,0,[],0.0,S31,0.89,0,13,13,0.0,,-0.272361,-12.610153,-12.882514,False,False,3,D0,True,0,0.3126,do_nothing,,,,,,,,,,,,,,,,,,,,,,,,,,,,,,,,,,,,,,,,,,,,,,,,,,,,
42,18,19,48,S31,False,0,13,13,0,7,0,0,0,0,"['B529', 'B242', 'B646', 'B195', 'B27', 'B169', 'B743']",3.5,D0,1.48,7,13,20,0.0,,-0.156919,-12.805307,-12.962226,False,False,2,D0,False,1,0.2296,pickup,,,,,,,,,,,,,,,,,,,,,,,,,,,,,,,,,,,,,,,,,,,,,,,,,,,,
42,18,19,53,D0,True,7,13,20,0,0,0,0,13,11,"['B35', 'B250', 'B506', 'B337', 'B476', 'B757', 'B466', 'B719', 'B319', 'B264', 'B759', 'B576', 'B221', 'B434', 'B186', 'B569', 'B19', 'B160', 'B460', 'B567', 'B518', 'B298', 'B203', 'B519']",12.0,D0,0.0,18,0,18,0.0,,-0.389925,-12.680631,-13.070556,True,True,1,D0,False,0,0.1205,do_nothing,,,,,,,,,,,,,,,,,,,,,,,,,,,,,,,,,,,,,,,,,,,,,,,,,,,,
42,19,6,5,D0,True,18,0,18,0,0,0,0,0,0,[],0.0,S54,1.95,18,0,18,0.0,,-0.135732,-12.85809,-12.993822,True,True,5,S48,True,3,0.8904,depot_passthrough,,,,,,,,,,,,,,,,,,,,,,,,,,,,,,,,,,,,,,,,,,,,,,,,,,,,
42,19,6,22,S54,False,18,0,18,10,0,1,0,0,0,"['B529', 'B242', 'B646', 'B195', 'B27', 'B169', 'B743', 'B35', 'B250', 'B506']",8.0,S48,6.34,8,0,8,0.0,,-0.116755,-12.792717,-12.909473,True,True,36,S48,False,18,4.3892,delivery+onsite,,,,,,,,,,,,,,,,,,,,,,,,,,,,,,,,,,,,,,,,,,,,,,,,,,,,
42,19,6,36,S48,False,8,0,8,8,0,1,0,0,0,"['B337', 'B476', 'B757', 'B466', 'B719', 'B319', 'B264', 'B759']",7.0,S63,4.03,0,0,0,0.0,,-0.019899,-12.887021,-12.90692,True,True,24,S63,False,18,2.2584,delivery+onsite,,,,,,,,,,,,,,,,,,,,,,,,,,,,,,,,,,,,,,,,,,,,,,,,,,,,
42,19,6,47,S63,False,0,0,0,0,15,0,0,0,0,"['B77', 'B549', 'B487', 'B310', 'B542', 'B366', 'B612', 'B545', 'B303', 'B236', 'B179', 'B210', 'B616', 'B53', 'B130']",7.5,S37,1.78,15,0,15,0.0,,-0.038604,-12.846943,-12.885547,False,False,18,S59,True,9,1.9818,pickup,,,,,,,,,,,,,,,,,,,,,,,,,,,,,,,,,,,,,,,,,,,,,,,,,,,,
42,19,6,56,S37,False,15,0,15,0,5,0,0,0,0,"['B196', 'B66', 'B459', 'B392', 'B512']",2.5,S62,2.6,20,0,20,0.0,,-0.019552,-12.891562,-12.911114,False,False,12,S26,True,10,1.2524,pickup,,,,,,,,,,,,,,,,,,,,,,,,,,,,,,,,,,,,,,,,,,,,,,,,,,,,
42,19,7,1,S62,False,20,0,20,11,0,0,0,0,0,"['B77', 'B549', 'B487', 'B310', 'B542', 'B366', 'B612', 'B545', 'B303', 'B236', 'B179']",5.5,S60,3.68,9,0,9,0.0,,-0.038902,-12.841039,-12.87994,False,False,18,S1,True,15,1.8624,delivery,,,,,,,,,,,,,,,,,,,,,,,,,,,,,,,,,,,,,,,,,,,,,,,,,,,,
42,19,7,11,S60,False,9,0,9,0,11,0,0,0,0,"['B540', 'B137', 'B504', 'B717', 'B658', 'B668', 'B30', 'B767', 'B583', 'B5', 'B79']",5.5,S61,1.62,20,0,20,0.0,,-0.087048,-12.856112,-12.94316,False,False,12,S1,True,7,1.6882,pickup,,,,,,,,,,,,,,,,,,,,,,,,,,,,,,,,,,,,,,,,,,,,,,,,,,,,
42,19,7,18,S61,False,20,0,20,8,0,0,1,0,0,"['B671', 'B210', 'B616', 'B53', 'B130', 'B196', 'B66', 'B459', 'B392']",4.5,S65,4.19,12,1,13,0.0,,-0.106619,-12.778564,-12.885183,True,True,30,S65,True,14,3.6056,delivery+depot_removal,,,,,,,,,,,,,,,,,,,,,,,,,,,,,,,,,,,,,,,,,,,,,,,,,,,,
42,19,7,26,S65,False,12,1,13,12,0,0,1,0,0,"['B396', 'B512', 'B540', 'B137', 'B504', 'B717', 'B658', 'B668', 'B30', 'B767', 'B583', 'B5', 'B79']",6.5,S47,1.6,0,2,2,0.0,,-0.096933,-12.785726,-12.882658,True,True,24,S23,True,20,2.416,delivery+depot_removal,,,,,,,,,,,,,,,,,,,,,,,,,,,,,,,,,,,,,,,,,,,,,,,,,,,,
42,19,7,35,S47,False,0,2,2,0,14,1,0,0,0,"['B297', 'B386', 'B484', 'B405', 'B603', 'B623', 'B37', 'B110', 'B610', 'B84', 'B94', 'B140', 'B39', 'B425']",10.0,S1,11.46,14,2,16,0.0,,-0.135116,-12.271177,-12.406293,True,True,24,S59,True,19,3.1475,pickup+onsite,,,,,,,,,,,,,,,,,,,,,,,,,,,,,,,,,,,,,,,,,,,,,,,,,,,,
42,19,7,56,S1,False,14,2,16,0,0,0,0,0,0,[],0.0,S26,6.95,14,2,16,0.0,,-0.088309,-12.301361,-12.389669,False,False,18,S8,True,4,2.2015,do_nothing,,,,,,,,,,,,,,,,,,,,,,,,,,,,,,,,,,,,,,,,,,,,,,,,,,,,
42,19,8,3,S26,False,14,2,16,13,0,0,0,0,0,"['B297', 'B386', 'B484', 'B405', 'B603', 'B623', 'B37', 'B110', 'B610', 'B84', 'B94', 'B140', 'B39']",6.5,S59,8.38,1,2,3,0.0,,-0.078201,-12.246822,-12.325023,False,False,18,S29,True,6,2.2292,delivery,,,,,,,,,,,,,,,,,,,,,,,,,,,,,,,,,,,,,,,,,,,,,,,,,,,,
42,19,8,18,S59,False,1,2,3,0,17,0,0,0,0,"['B692', 'B26', 'B329', 'B212', 'B643', 'B52', 'B192', 'B714', 'B511', 'B625', 'B621', 'B33', 'B274', 'B116', 'B361', 'B291', 'B262']",8.5,S17,10.2,18,2,20,0.0,,-0.087216,-12.154578,-12.241794,False,False,12,S13,True,8,1.8067,pickup,,,,,,,,,,,,,,,,,,,,,,,,,,,,,,,,,,,,,,,,,,,,,,,,,,,,
42,19,8,37,S17,False,18,2,20,12,0,0,1,0,0,"['B587', 'B425', 'B692', 'B26', 'B329', 'B212', 'B643', 'B52', 'B192', 'B714', 'B511', 'B625', 'B621']",6.5,S29,6.77,6,3,9,0.0,,-0.048466,-12.191292,-12.239759,True,True,30,S29,False,15,4.4304,delivery+depot_removal,,,,,,,,,,,,,,,,,,,,,,,,,,,,,,,,,,,,,,,,,,,,,,,,,,,,
42,19,8,50,S29,False,6,3,9,0,0,0,0,0,0,[],0.0,S13,14.36,6,3,9,0.0,,-0.1758,-12.281233,-12.457034,False,False,12,S36,True,1,1.3756,do_nothing,,,,,,,,,,,,,,,,,,,,,,,,,,,,,,,,,,,,,,,,,,,,,,,,,,,,
42,19,9,4,S13,False,6,3,9,6,0,1,1,0,0,"['B764', 'B33', 'B274', 'B116', 'B361', 'B291', 'B262']",6.5,S37,10.95,0,4,4,0.0,,-0.263715,-12.356591,-12.620306,True,True,48,S37,False,42,8.9628,delivery+maintenance,,,,,,,,,,,,,,,,,,,,,,,,,,,,,,,,,,,,,,,,,,,,,,,,,,,,
42,19,9,22,S37,False,0,4,4,0,16,0,0,0,0,"['B340', 'B172', 'B559', 'B225', 'B202', 'B148', 'B732', 'B430', 'B589', 'B118', 'B678', 'B481', 'B280', 'B699', 'B482', 'B505']",8.0,S15,4.99,16,4,20,0.0,,-0.361796,-12.492197,-12.853992,False,False,12,S15,False,6,1.8294,pickup,,,,,,,,,,,,,,,,,,,,,,,,,,,,,,,,,,,,,,,,,,,,,,,,,,,,
42,19,9,35,S15,False,16,4,20,16,0,0,0,0,0,"['B340', 'B172', 'B559', 'B225', 'B202', 'B148', 'B732', 'B430', 'B589', 'B118', 'B678', 'B481', 'B280', 'B699', 'B482', 'B505']",8.0,S23,7.55,0,4,4,0.0,,-0.273279,-12.435596,-12.708874,False,False,12,S37,True,10,1.6449,delivery,,,,,,,,,,,,,,,,,,,,,,,,,,,,,,,,,,,,,,,,,,,,,,,,,,,,
42,19,9,50,S23,False,0,4,4,0,9,0,0,0,0,"['B67', 'B556', 'B457', 'B639', 'B245', 'B354', 'B200', 'B6', 'B698']",4.5,S27,6.33,9,4,13,0.0,,-0.184443,-12.35075,-12.535193,False,False,18,S37,True,13,2.7081,pickup,,,,,,,,,,,,,,,,,,,,,,,,,,,,,,,,,,,,,,,,,,,,,,,,,,,,
42,19,10,1,S27,False,9,4,13,9,0,0,0,0,0,"['B67', 'B556', 'B457', 'B639', 'B245', 'B354', 'B200', 'B6', 'B698']",4.5,S60,3.14,0,4,4,0.0,,-0.116133,-12.322162,-12.438295,False,False,12,S40,True,6,1.6331,delivery,,,,,,,,,,,,,,,,,,,,,,,,,,,,,,,,,,,,,,,,,,,,,,,,,,,,
42,19,10,9,S60,False,0,4,4,0,15,0,0,0,0,"['B126', 'B427', 'B753', 'B533', 'B17', 'B122', 'B394', 'B28', 'B416', 'B285', 'B500', 'B103', 'B85', 'B102', 'B229']",7.5,S29,7.31,15,4,19,0.0,,-0.273506,-12.356507,-12.630013,False,False,18,S29,True,6,3.2522,pickup,,,,,,,,,,,,,,,,,,,,,,,,,,,,,,,,,,,,,,,,,,,,,,,,,,,,
42,19,10,23,S29,False,15,4,19,15,0,0,0,0,0,"['B126', 'B427', 'B753', 'B533', 'B17', 'B122', 'B394', 'B28', 'B416', 'B285', 'B500', 'B103', 'B85', 'B102', 'B229']",7.5,S64,7.1,0,4,4,0.0,,-0.205259,-12.41153,-12.616789,False,False,12,S45,True,9,1.7199,delivery,,,,,,,,,,,,,,,,,,,,,,,,,,,,,,,,,,,,,,,,,,,,,,,,,,,,
42,19,10,38,S64,False,0,4,4,0,7,0,1,0,0,"['B222', 'B540', 'B466', 'B760', 'B193', 'B555', 'B92', 'B141']",4.0,S49,1.8,7,5,12,0.0,,-0.390632,-12.533232,-12.923864,True,True,36,S45,True,19,4.1637,pickup+depot_removal,,,,,,,,,,,,,,,,,,,,,,,,,,,,,,,,,,,,,,,,,,,,,,,,,,,,
42,19,10,44,S49,False,7,5,12,0,8,0,0,0,0,"['B144', 'B480', 'B57', 'B47', 'B111', 'B685', 'B581', 'B432']",4.0,S35,10.69,15,5,20,0.0,,-0.479865,-12.526677,-13.006542,False,False,12,S35,False,7,1.5028,pickup,,,,,,,,,,,,,,,,,,,,,,,,,,,,,,,,,,,,,,,,,,,,,,,,,,,,
42,19,10,59,S35,False,15,5,20,13,0,0,0,0,0,"['B222', 'B540', 'B466', 'B760', 'B193', 'B555', 'B92', 'B144', 'B480', 'B57', 'B47', 'B111', 'B685']",6.5,S45,5.53,2,5,7,0.0,,-0.322562,-12.587898,-12.91046,False,False,18,S14,True,7,2.4525,delivery,,,,,,,,,,,,,,,,,,,,,,,,,,,,,,,,,,,,,,,,,,,,,,,,,,,,
42,19,11,11,S45,False,2,5,7,0,8,0,0,0,0,"['B458', 'B751', 'B117', 'B598', 'B23', 'B646', 'B693', 'B169']",4.0,S53,0.56,10,5,15,0.0,,-0.545568,-12.734051,-13.279619,False,False,18,S37,True,6,1.9012,pickup,,,,,,,,,,,,,,,,,,,,,,,,,,,,,,,,,,,,,,,,,,,,,,,,,,,,
42,19,11,15,S53,False,10,5,15,10,0,0,0,0,0,"['B581', 'B432', 'B458', 'B751', 'B117', 'B598', 'B23', 'B646', 'B693', 'B169']",5.0,S56,3.06,0,5,5,0.0,,-0.409212,-12.669278,-13.07849,False,False,12,S56,False,9,1.3951,delivery,,,,,,,,,,,,,,,,,,,,,,,,,,,,,,,,,,,,,,,,,,,,,,,,,,,,
42,19,11,23,S56,False,0,5,5,0,4,0,0,0,0,"['B213', 'B756', 'B93', 'B277']",2.0,S37,6.02,4,5,9,0.0,,-0.301888,-12.647773,-12.94966,False,False,18,S37,False,13,2.1007,pickup,,,,,,,,,,,,,,,,,,,,,,,,,,,,,,,,,,,,,,,,,,,,,,,,,,,,
42,19,11,31,S37,False,4,5,9,0,11,0,0,0,0,"['B659', 'B543', 'B437', 'B742', 'B109', 'B97', 'B320', 'B198', 'B687', 'B374', 'B624']",5.5,S14,9.35,15,5,20,0.0,,-0.271567,-12.425828,-12.697394,True,False,18,S14,False,15,1.8919,pickup,,,,,,,,,,,,,,,,,,,,,,,,,,,,,,,,,,,,,,,,,,,,,,,,,,,,
42,19,11,46,S14,False,15,5,20,6,0,0,0,0,0,"['B213', 'B756', 'B93', 'B277', 'B659', 'B543']",3.0,S22,11.63,9,5,14,0.0,,-0.449202,-12.428964,-12.878166,False,False,18,S55,True,13,1.8191,delivery,,,,,,,,,,,,,,,,,,,,,,,,,,,,,,,,,,,,,,,,,,,,,,,,,,,,
42,19,12,1,S22,False,9,5,14,9,0,0,0,0,0,"['B437', 'B742', 'B109', 'B97', 'B320', 'B198', 'B687', 'B374', 'B624']",4.5,S61,5.51,0,5,5,0.0,,-1.037934,-12.525206,-13.56314,False,False,12,S52,True,6,1.3251,delivery,,,,,,,,,,,,,,,,,,,,,,,,,,,,,,,,,,,,,,,,,,,,,,,,,,,,
42,19,12,11,S61,False,0,5,5,0,8,0,0,0,0,"['B224', 'B745', 'B761', 'B65', 'B380', 'B469', 'B366', 'B251']",4.0,S44,2.79,8,5,13,0.0,,-0.645772,-12.494878,-13.140649,False,False,18,S62,True,7,2.2288,pickup,,,,,,,,,,,,,,,,,,,,,,,,,,,,,,,,,,,,,,,,,,,,,,,,,,,,
42,19,12,17,S44,False,8,5,13,8,0,0,0,0,0,"['B224', 'B745', 'B761', 'B65', 'B380', 'B469', 'B366', 'B251']",4.0,S32,3.42,0,5,5,0.0,,-0.536254,-12.435303,-12.971557,False,False,12,S16,True,10,1.2638,delivery,,,,,,,,,,,,,,,,,,,,,,,,,,,,,,,,,,,,,,,,,,,,,,,,,,,,
42,19,12,25,S32,False,0,5,5,0,10,0,0,0,0,"['B368', 'B454', 'B159', 'B720', 'B326', 'B87', 'B289', 'B461', 'B10', 'B605']",5.0,S4,5.15,10,5,15,0.0,,-0.890568,-12.510208,-13.400776,False,False,18,S62,True,14,2.1304,pickup,,,,,,,,,,,,,,,,,,,,,,,,,,,,,,,,,,,,,,,,,,,,,,,,,,,,
42,19,12,35,S4,False,10,5,15,10,0,0,1,0,0,"['B499', 'B368', 'B454', 'B159', 'B720', 'B326', 'B87', 'B289', 'B461', 'B10', 'B605']",5.5,S62,2.49,0,6,6,0.0,,-0.636395,-12.544257,-13.180652,True,True,24,S19,True,18,2.8427,delivery+depot_removal,,,,,,,,,,,,,,,,,,,,,,,,,,,,,,,,,,,,,,,,,,,,,,,,,,,,
42,19,12,43,S62,False,0,6,6,0,14,0,0,0,0,"['B264', 'B53', 'B487', 'B654', 'B113', 'B202', 'B545', 'B66', 'B612', 'B148', 'B662', 'B727', 'B236', 'B473']",7.0,S29,3.79,14,6,20,0.0,,-0.509369,-12.463803,-12.973171,False,False,12,S29,False,6,1.4781,pickup,,,,,,,,,,,,,,,,,,,,,,,,,,,,,,,,,,,,,,,,,,,,,,,,,,,,
42,19,12,54,S29,False,14,6,20,14,0,0,0,0,0,"['B264', 'B53', 'B487', 'B654', 'B113', 'B202', 'B545', 'B66', 'B612', 'B148', 'B662', 'B727', 'B236', 'B473']",7.0,S19,8.16,0,6,6,0.0,,-0.802825,-12.532933,-13.335758,False,False,12,S55,True,7,1.5802,delivery,,,,,,,,,,,,,,,,,,,,,,,,,,,,,,,,,,,,,,,,,,,,,,,,,,,,
42,19,13,9,S19,False,0,6,6,0,7,0,0,0,0,"['B157', 'B318', 'B452', 'B286', 'B395', 'B178', 'B370']",3.5,S48,0.52,7,6,13,0.0,,-0.392425,-12.448805,-12.84123,False,False,18,S60,True,6,1.9448,pickup,,,,,,,,,,,,,,,,,,,,,,,,,,,,,,,,,,,,,,,,,,,,,,,,,,,,
42,19,13,13,S48,False,7,6,13,7,0,0,0,0,0,"['B157', 'B318', 'B452', 'B286', 'B395', 'B178', 'B370']",3.5,S25,18.23,0,6,6,0.0,,-0.341524,-12.419841,-12.761366,False,False,18,S23,True,16,1.8936,delivery,,,,,,,,,,,,,,,,,,,,,,,,,,,,,,,,,,,,,,,,,,,,,,,,,,,,
42,19,13,35,S25,False,0,6,6,0,9,1,0,0,0,"['B322', 'B12', 'B403', 'B488', 'B123', 'B425', 'B142', 'B120', 'B723']",7.5,S7,3.98,9,6,15,0.0,,-0.449014,-12.443191,-12.892205,True,True,36,S43,True,30,6.2868,pickup+onsite,,,,,,,,,,,,,,,,,,,,,,,,,,,,,,,,,,,,,,,,,,,,,,,,,,,,
42,19,13,46,S7,False,9,6,15,0,0,0,4,0,0,"['B602', 'B24', 'B13', 'B56']",2.0,S23,2.31,9,10,19,0.0,,-0.6149,-12.492809,-13.107709,True,True,90,S44,True,25,10.6073,do_nothing+depot_removal,,,,,,,,,,,,,,,,,,,,,,,,,,,,,,,,,,,,,,,,,,,,,,,,,,,,
42,19,13,50,S23,False,9,10,19,9,0,0,0,0,0,"['B322', 'B12', 'B403', 'B488', 'B123', 'B425', 'B142', 'B120', 'B723']",4.5,S42,14.26,0,10,10,0.0,,-0.666196,-12.497403,-13.163599,False,False,18,S44,True,12,2.4441,delivery,,,,,,,,,,,,,,,,,,,,,,,,,,,,,,,,,,,,,,,,,,,,,,,,,,,,
42,19,14,9,S42,False,0,10,10,0,10,1,0,0,0,"['B17', 'B144', 'B683', 'B743', 'B448', 'B165', 'B547', 'B201', 'B716', 'B732']",8.0,S65,11.85,10,10,20,0.0,,-0.330835,-12.531342,-12.862178,True,True,36,S50,True,33,5.1226,pickup+onsite,,,,,,,,,,,,,,,,,,,,,,,,,,,,,,,,,,,,,,,,,,,,,,,,,,,,
42,19,14,29,S65,False,10,10,20,0,0,0,0,0,0,[],0.0,S44,6.93,10,10,20,0.0,,-0.379554,-12.529292,-12.908846,False,False,12,S44,False,3,1.5055,do_nothing,,,,,,,,,,,,,,,,,,,,,,,,,,,,,,,,,,,,,,,,,,,,,,,,,,,,
42,19,14,36,S44,False,10,10,20,10,0,0,0,0,0,"['B17', 'B144', 'B683', 'B743', 'B448', 'B165', 'B547', 'B201', 'B716', 'B732']",5.0,S35,6.81,0,10,10,0.0,,-0.53032,-12.566626,-13.096946,False,False,12,S52,True,7,1.4258,delivery,,,,,,,,,,,,,,,,,,,,,,,,,,,,,,,,,,,,,,,,,,,,,,,,,,,,
42,19,14,48,S35,False,0,10,10,0,10,0,0,0,0,"['B263', 'B463', 'B524', 'B32', 'B279', 'B114', 'B712', 'B421', 'B529', 'B451']",5.0,S65,10.81,10,10,20,0.0,,-0.16681,-12.598559,-12.765368,False,False,12,S50,True,10,1.4855,pickup,,,,,,,,,,,,,,,,,,,,,,,,,,,,,,,,,,,,,,,,,,,,,,,,,,,,
42,19,15,4,S65,False,10,10,20,0,0,0,0,0,0,[],0.0,S2,1.06,10,10,20,0.0,,-0.646067,-12.626793,-13.272861,False,False,18,S2,True,0,2.0895,do_nothing,,,,,,,,,,,,,,,,,,,,,,,,,,,,,,,,,,,,,,,,,,,,,,,,,,,,
42,19,15,5,S2,False,10,10,20,10,0,2,0,0,0,"['B263', 'B463', 'B524', 'B32', 'B279', 'B114', 'B712', 'B421', 'B529', 'B451']",11.0,S60,4.09,0,10,10,0.0,,-0.608102,-12.610619,-13.218721,True,True,36,S50,True,30,4.0869,delivery+onsite,,,,,,,,,,,,,,,,,,,,,,,,,,,,,,,,,,,,,,,,,,,,,,,,,,,,
42,19,15,20,S60,False,0,10,10,0,10,0,0,0,0,"['B196', 'B467', 'B622', 'B437', 'B156', 'B54', 'B593', 'B447', 'B704', 'B65']",5.0,S50,8.32,10,10,20,0.0,,-0.439922,-12.581761,-13.021683,False,False,12,S15,True,9,1.492,pickup,,,,,,,,,,,,,,,,,,,,,,,,,,,,,,,,,,,,,,,,,,,,,,,,,,,,
42,19,15,33,S50,False,10,10,20,10,0,0,0,0,0,"['B196', 'B467', 'B622', 'B437', 'B156', 'B54', 'B593', 'B447', 'B704', 'B65']",5.0,S42,2.31,0,10,10,0.0,,-0.614422,-12.563864,-13.178286,False,False,12,S42,False,6,1.5462,delivery,,,,,,,,,,,,,,,,,,,,,,,,,,,,,,,,,,,,,,,,,,,,,,,,,,,,
42,19,15,40,S42,False,0,10,10,0,10,0,0,0,0,"['B595', 'B763', 'B319', 'B546', 'B688', 'B354', 'B472', 'B337', 'B675', 'B171']",5.0,S41,10.8,10,10,20,0.0,,-0.265109,-12.471176,-12.736285,True,False,18,S52,True,15,2.4024,pickup,,,,,,,,,,,,,,,,,,,,,,,,,,,,,,,,,,,,,,,,,,,,,,,,,,,,
42,19,15,56,S41,False,10,10,20,10,0,0,0,0,0,"['B595', 'B763', 'B319', 'B546', 'B688', 'B354', 'B472', 'B337', 'B675', 'B171']",5.0,S52,4.13,0,10,10,0.0,,-0.459795,-12.406064,-12.865859,False,False,12,S31,True,9,1.3757,delivery,,,,,,,,,,,,,,,,,,,,,,,,,,,,,,,,,,,,,,,,,,,,,,,,,,,,
42,19,16,5,S52,False,0,10,10,0,9,0,1,0,0,"['B347', 'B167', 'B416', 'B180', 'B555', 'B527', 'B482', 'B471', 'B112', 'B537']",5.0,S18,2.22,9,11,20,0.0,,-0.29246,-12.421583,-12.714042,True,True,36,S66,True,33,3.9829,pickup+depot_removal,,,,,,,,,,,,,,,,,,,,,,,,,,,,,,,,,,,,,,,,,,,,,,,,,,,,
42,19,16,13,S18,False,9,11,20,9,0,0,1,0,0,"['B702', 'B347', 'B167', 'B416', 'B180', 'B555', 'B527', 'B482', 'B471', 'B112']",5.0,S66,2.06,0,12,12,0.0,,-0.175225,-12.342194,-12.517418,True,True,18,S64,True,13,1.8808,delivery+depot_removal,,,,,,,,,,,,,,,,,,,,,,,,,,,,,,,,,,,,,,,,,,,,,,,,,,,,
42,19,16,20,S66,False,0,12,12,0,8,0,0,0,0,"['B47', 'B477', 'B162', 'B487', 'B109', 'B245', 'B468', 'B3']",4.0,S39,4.09,8,12,20,0.0,,-0.214433,-12.296383,-12.510815,False,False,12,S15,True,9,1.1999,pickup,,,,,,,,,,,,,,,,,,,,,,,,,,,,,,,,,,,,,,,,,,,,,,,,,,,,
42,19,16,28,S39,False,8,12,20,8,0,0,0,0,0,"['B47', 'B477', 'B162', 'B487', 'B109', 'B245', 'B468', 'B3']",4.0,S31,3.72,0,12,12,0.0,,-0.273778,-12.23497,-12.508748,False,False,12,S15,True,9,1.1766,delivery,,,,,,,,,,,,,,,,,,,,,,,,,,,,,,,,,,,,,,,,,,,,,,,,,,,,
42,19,16,35,S31,False,0,12,12,0,8,0,0,0,0,"['B616', 'B505', 'B503', 'B395', 'B48', 'B286', 'B230', 'B713']",4.0,S15,3.53,8,12,20,0.0,,-0.204222,-12.266942,-12.471164,False,False,12,S64,True,6,1.1937,pickup,,,,,,,,,,,,,,,,,,,,,,,,,,,,,,,,,,,,,,,,,,,,,,,,,,,,
42,19,16,43,S15,False,8,12,20,8,0,0,0,0,0,"['B616', 'B505', 'B503', 'B395', 'B48', 'B286', 'B230', 'B713']",4.0,S64,4.69,0,12,12,0.0,,-0.156797,-12.169163,-12.325961,False,False,12,S35,True,8,1.1334,delivery,,,,,,,,,,,,,,,,,,,,,,,,,,,,,,,,,,,,,,,,,,,,,,,,,,,,
42,19,16,52,S64,False,0,12,12,0,8,0,0,0,0,"['B166', 'B88', 'B157', 'B658', 'B33', 'B178', 'B436', 'B185']",4.0,S13,9.0,8,12,20,0.0,,-0.175968,-12.304891,-12.48086,False,False,12,S63,True,10,1.2665,pickup,,,,,,,,,,,,,,,,,,,,,,,,,,,,,,,,,,,,,,,,,,,,,,,,,,,,
42,19,17,5,S13,False,8,12,20,8,0,0,0,0,0,"['B166', 'B88', 'B157', 'B658', 'B33', 'B178', 'B436', 'B185']",4.0,S6,7.29,0,12,12,0.0,,-0.212527,-12.28163,-12.494157,False,False,18,S32,True,9,2.0482,delivery,,,,,,,,,,,,,,,,,,,,,,,,,,,,,,,,,,,,,,,,,,,,,,,,,,,,
42,19,17,16,S6,False,0,12,12,0,8,0,0,0,0,"['B553', 'B223', 'B649', 'B755', 'B29', 'B514', 'B401', 'B26']",4.0,S5,6.11,8,12,20,0.0,,-0.300091,-12.349757,-12.649849,False,False,12,S66,True,7,1.3212,pickup,,,,,,,,,,,,,,,,,,,,,,,,,,,,,,,,,,,,,,,,,,,,,,,,,,,,
42,19,17,26,S5,False,8,12,20,8,0,2,0,0,0,"['B553', 'B223', 'B649', 'B755', 'B29', 'B514', 'B401', 'B26']",10.0,S66,8.92,0,12,12,0.0,,-0.33285,-12.279044,-12.611894,True,True,36,S47,True,30,3.5423,delivery+onsite,,,,,,,,,,,,,,,,,,,,,,,,,,,,,,,,,,,,,,,,,,,,,,,,,,,,
42,19,17,45,S66,False,0,12,12,0,8,0,0,0,0,"['B564', 'B516', 'B359', 'B191', 'B127', 'B1', 'B196', 'B92']",4.0,S32,6.41,8,12,20,0.0,,-0.401935,-12.472088,-12.874022,False,False,12,S32,False,6,1.2265,pickup,,,,,,,,,,,,,,,,,,,,,,,,,,,,,,,,,,,,,,,,,,,,,,,,,,,,
42,19,17,55,S32,False,8,12,20,0,0,0,0,0,0,[],0.0,S54,2.05,8,12,20,0.0,,-0.431935,-12.497505,-12.929439,True,False,18,S62,True,0,1.8742,do_nothing,,,,,,,,,,,,,,,,,,,,,,,,,,,,,,,,,,,,,,,,,,,,,,,,,,,,
42,19,17,57,S54,False,8,12,20,8,0,0,1,0,0,"['B314', 'B564', 'B516', 'B359', 'B191', 'B127', 'B1', 'B196', 'B92']",4.5,S60,6.45,0,13,13,0.0,,-0.381367,-12.446997,-12.828363,True,True,18,S62,True,16,1.9358,delivery+depot_removal,,,,,,,,,,,,,,,,,,,,,,,,,,,,,,,,,,,,,,,,,,,,,,,,,,,,
42,19,18,8,S60,False,0,13,13,0,7,0,0,0,0,"['B686', 'B715', 'B478', 'B687', 'B614', 'B409', 'B293']",3.5,S47,2.18,7,13,20,0.0,,-0.253336,-12.43228,-12.685616,False,False,12,S51,True,6,1.2466,pickup,,,,,,,,,,,,,,,,,,,,,,,,,,,,,,,,,,,,,,,,,,,,,,,,,,,,
42,19,18,14,S47,False,7,13,20,7,0,0,0,0,0,"['B686', 'B715', 'B478', 'B687', 'B614', 'B409', 'B293']",3.5,S23,2.37,0,13,13,0.0,,-0.40155,-12.487178,-12.888728,False,False,12,S32,True,8,1.1644,delivery,,,,,,,,,,,,,,,,,,,,,,,,,,,,,,,,,,,,,,,,,,,,,,,,,,,,
42,19,18,20,S23,False,0,13,13,0,7,0,0,0,0,"['B142', 'B120', 'B723', 'B291', 'B335', 'B507', 'B20']",3.5,S32,11.46,7,13,20,0.0,,-0.383849,-12.356534,-12.740383,True,False,18,S9,True,14,1.7308,pickup,,,,,,,,,,,,,,,,,,,,,,,,,,,,,,,,,,,,,,,,,,,,,,,,,,,,
42,19,18,35,S32,False,7,13,20,7,0,0,1,0,0,"['B543', 'B142', 'B120', 'B723', 'B291', 'B335', 'B507', 'B20']",4.0,S9,7.34,0,14,14,0.0,,-0.25535,-12.502505,-12.757855,True,True,18,S9,False,12,1.7909,delivery+depot_removal,,,,,,,,,,,,,,,,,,,,,,,,,,,,,,,,,,,,,,,,,,,,,,,,,,,,
42,19,18,46,S9,False,0,14,14,0,0,0,0,0,0,[],0.0,S51,3.47,0,14,14,0.0,,-0.324556,-12.51163,-12.836186,False,False,12,S51,False,1,1.2702,do_nothing,,,,,,,,,,,,,,,,,,,,,,,,,,,,,,,,,,,,,,,,,,,,,,,,,,,,
42,19,18,50,S51,False,0,14,14,0,6,0,0,0,0,"['B38', 'B326', 'B322', 'B669', 'B613', 'B459']",3.0,S19,1.21,6,14,20,0.0,,-0.323431,-12.499232,-12.822663,True,False,24,S45,True,14,2.3914,pickup,,,,,,,,,,,,,,,,,,,,,,,,,,,,,,,,,,,,,,,,,,,,,,,,,,,,
42,19,18,54,S19,False,6,14,20,6,0,0,0,0,0,"['B38', 'B326', 'B322', 'B669', 'B613', 'B459']",3.0,S9,2.51,0,14,14,0.0,,-0.332877,-12.442187,-12.775064,False,False,12,S12,True,7,1.1608,delivery,,,,,,,,,,,,,,,,,,,,,,,,,,,,,,,,,,,,,,,,,,,,,,,,,,,,
42,19,18,59,S9,False,0,14,14,0,6,0,0,0,0,"['B442', 'B222', 'B559', 'B741', 'B667', 'B287']",3.0,S65,13.84,6,14,20,0.0,,-0.146787,-12.439016,-12.585802,False,False,12,S45,True,7,1.0988,pickup,,,,,,,,,,,,,,,,,,,,,,,,,,,,,,,,,,,,,,,,,,,,,,,,,,,,
42,19,19,16,S65,False,6,14,20,6,0,0,0,0,0,"['B442', 'B222', 'B559', 'B741', 'B667', 'B287']",3.0,S12,12.43,0,14,14,0.0,,-0.186803,-12.396953,-12.583757,False,False,12,S13,True,7,1.065,delivery,,,,,,,,,,,,,,,,,,,,,,,,,,,,,,,,,,,,,,,,,,,,,,,,,,,,
42,19,19,32,S12,False,0,14,14,0,6,0,0,0,0,"['B248', 'B199', 'B193', 'B765', 'B709', 'B118']",3.0,S32,6.07,6,14,20,0.0,,-0.137172,-12.171672,-12.308844,False,False,8,S32,False,4,0.7154,pickup,,,,,,,,,,,,,,,,,,,,,,,,,,,,,,,,,,,,,,,,,,,,,,,,,,,,
42,19,19,41,S32,False,6,14,20,6,0,0,0,0,0,"['B248', 'B199', 'B193', 'B765', 'B709', 'B118']",3.0,S44,3.42,0,14,14,0.0,,-0.205939,-12.132215,-12.338154,False,False,6,S44,False,3,0.566,delivery,,,,,,,,,,,,,,,,,,,,,,,,,,,,,,,,,,,,,,,,,,,,,,,,,,,,
42,19,19,47,S44,False,0,14,14,0,6,0,0,0,0,"['B584', 'B749', 'B256', 'B737', 'B430', 'B680']",3.0,D0,1.67,6,14,20,0.0,,-0.175009,-12.367196,-12.542205,False,False,2,D0,False,1,0.2232,pickup,,,,,,,,,,,,,,,,,,,,,,,,,,,,,,,,,,,,,,,,,,,,,,,,,,,,
42,19,19,52,D0,True,6,14,20,0,0,0,0,14,0,"['B671', 'B396', 'B587', 'B764', 'B141', 'B499', 'B602', 'B24', 'B13', 'B56', 'B537', 'B702', 'B314', 'B543']",7.0,D0,0.0,6,0,6,0.0,,-0.126022,-12.370516,-12.496538,True,True,1,D0,False,0,0.1243,do_nothing,,,,,,,,,,,,,,,,,,,,,,,,,,,,,,,,,,,,,,,,,,,,,,,,,,,,
42,20,6,14,D0,True,6,0,6,0,0,0,0,0,13,"['B576', 'B221', 'B434', 'B186', 'B569', 'B19', 'B160', 'B460', 'B567', 'B518', 'B298', 'B203', 'B519']",6.5,S16,1.81,19,0,19,0.0,,-0.038555,-12.886315,-12.924871,True,True,5,S16,False,0,0.7958,load_queue,,,,,,,,,,,,,,,,,,,,,,,,,,,,,,,,,,,,,,,,,,,,,,,,,,,,
42,20,6,37,S16,False,19,0,19,11,0,0,1,0,0,"['B312', 'B584', 'B749', 'B256', 'B737', 'B430', 'B680', 'B576', 'B221', 'B434', 'B186', 'B569']",6.0,S43,0.58,8,1,9,0.0,,-0.029138,-12.808225,-12.837363,True,True,36,S51,True,18,4.0072,delivery+depot_removal,,,,,,,,,,,,,,,,,,,,,,,,,,,,,,,,,,,,,,,,,,,,,,,,,,,,
42,20,6,44,S43,False,8,1,9,0,11,0,0,0,0,"['B696', 'B721', 'B440', 'B198', 'B524', 'B122', 'B265', 'B67', 'B63', 'B18', 'B424']",5.5,S56,5.09,19,1,20,0.0,,-0.107018,-12.792601,-12.899618,False,False,12,S56,False,6,1.3879,pickup,,,,,,,,,,,,,,,,,,,,,,,,,,,,,,,,,,,,,,,,,,,,,,,,,,,,
42,20,6,54,S56,False,19,1,20,11,0,0,0,0,0,"['B19', 'B160', 'B460', 'B567', 'B518', 'B298', 'B203', 'B519', 'B696', 'B721', 'B440']",5.5,S31,7.22,8,1,9,0.0,,-0.1259,-12.760635,-12.886535,False,False,18,S32,True,10,2.2667,delivery,,,,,,,,,,,,,,,,,,,,,,,,,,,,,,,,,,,,,,,,,,,,,,,,,,,,
42,20,7,7,S31,False,8,1,9,0,11,0,0,0,0,"['B370', 'B693', 'B111', 'B736', 'B390', 'B276', 'B547', 'B27', 'B603', 'B197', 'B389']",5.5,S41,1.27,19,1,20,0.0,,-0.10642,-12.797174,-12.903594,False,False,12,S41,False,6,1.2404,pickup,,,,,,,,,,,,,,,,,,,,,,,,,,,,,,,,,,,,,,,,,,,,,,,,,,,,
42,20,7,14,S41,False,19,1,20,14,0,0,0,0,0,"['B198', 'B524', 'B122', 'B265', 'B67', 'B63', 'B18', 'B424', 'B370', 'B693', 'B111', 'B736', 'B390', 'B276']",7.0,S18,2.33,5,1,6,0.0,,-0.068014,-12.656022,-12.724036,False,False,18,S59,True,13,1.8632,delivery,,,,,,,,,,,,,,,,,,,,,,,,,,,,,,,,,,,,,,,,,,,,,,,,,,,,
42,20,7,23,S18,False,5,1,6,0,14,0,0,0,0,"['B167', 'B416', 'B180', 'B555', 'B527', 'B482', 'B471', 'B112', 'B324', 'B449', 'B418', 'B377', 'B110', 'B633']",7.0,S32,5.95,19,1,20,0.0,,-0.048983,-12.59582,-12.644804,False,False,12,S32,False,7,1.2414,pickup,,,,,,,,,,,,,,,,,,,,,,,,,,,,,,,,,,,,,,,,,,,,,,,,,,,,
42,20,7,36,S32,False,19,1,20,14,0,0,0,0,0,"['B547', 'B27', 'B603', 'B197', 'B389', 'B167', 'B416', 'B180', 'B555', 'B527', 'B482', 'B471', 'B112', 'B324']",7.0,S59,6.22,5,1,6,0.0,,-0.039151,-12.297143,-12.336294,False,False,18,S33,True,12,1.7375,delivery,,,,,,,,,,,,,,,,,,,,,,,,,,,,,,,,,,,,,,,,,,,,,,,,,,,,
42,20,7,49,S59,False,5,1,6,0,14,0,0,0,0,"['B591', 'B407', 'B492', 'B439', 'B568', 'B629', 'B31', 'B432', 'B235', 'B746', 'B212', 'B563', 'B350', 'B463']",7.0,S42,10.56,19,1,20,0.0,,-0.214031,-12.285499,-12.49953,False,False,12,S42,False,10,1.4286,pickup,,,,,,,,,,,,,,,,,,,,,,,,,,,,,,,,,,,,,,,,,,,,,,,,,,,,
42,20,8,7,S42,False,19,1,20,7,0,0,1,0,0,"['B501', 'B449', 'B418', 'B377', 'B110', 'B633', 'B591', 'B407']",4.0,S61,8.85,12,2,14,0.0,,-0.068595,-12.346832,-12.415427,True,True,30,S38,True,26,3.1723,delivery+depot_removal,,,,,,,,,,,,,,,,,,,,,,,,,,,,,,,,,,,,,,,,,,,,,,,,,,,,
42,20,8,20,S61,False,12,2,14,0,6,0,0,0,0,"['B605', 'B372', 'B710', 'B467', 'B642', 'B371']",3.0,S1,8.01,18,2,20,0.0,,-0.067767,-12.337584,-12.405351,False,False,12,S38,True,9,1.2151,pickup,,,,,,,,,,,,,,,,,,,,,,,,,,,,,,,,,,,,,,,,,,,,,,,,,,,,
42,20,8,31,S1,False,18,2,20,0,0,0,0,0,0,[],0.0,S38,10.1,18,2,20,0.0,,-0.145228,-12.234391,-12.379619,False,False,18,S38,False,4,1.9405,do_nothing,,,,,,,,,,,,,,,,,,,,,,,,,,,,,,,,,,,,,,,,,,,,,,,,,,,,
42,20,8,41,S38,False,18,2,20,9,0,0,0,0,0,"['B492', 'B439', 'B568', 'B629', 'B31', 'B432', 'B235', 'B746', 'B212']",4.5,S28,11.93,9,2,11,0.0,,-0.097104,-12.278998,-12.376103,False,False,18,S59,True,10,1.9722,delivery,,,,,,,,,,,,,,,,,,,,,,,,,,,,,,,,,,,,,,,,,,,,,,,,,,,,
42,20,8,57,S28,False,9,2,11,0,9,0,0,0,0,"['B668', 'B585', 'B274', 'B744', 'B116', 'B266', 'B748', 'B740', 'B692']",4.5,S9,19.98,18,2,20,0.0,,-0.194877,-12.315072,-12.509948,False,False,12,S1,True,9,1.4755,pickup,,,,,,,,,,,,,,,,,,,,,,,,,,,,,,,,,,,,,,,,,,,,,,,,,,,,
42,20,9,22,S9,False,18,2,20,7,0,0,0,0,0,"['B563', 'B350', 'B463', 'B605', 'B372', 'B710', 'B467']",3.5,S54,9.33,11,2,13,0.0,,-0.341544,-12.565135,-12.906679,False,False,18,S54,True,13,2.025,delivery,,,,,,,,,,,,,,,,,,,,,,,,,,,,,,,,,,,,,,,,,,,,,,,,,,,,
42,20,9,35,S54,False,11,2,13,11,0,0,0,0,0,"['B642', 'B371', 'B668', 'B585', 'B274', 'B744', 'B116', 'B266', 'B748', 'B740', 'B692']",5.5,S51,6.18,0,2,2,0.0,,-0.469475,-12.388305,-12.85778,False,False,12,S51,False,7,1.4748,delivery,,,,,,,,,,,,,,,,,,,,,,,,,,,,,,,,,,,,,,,,,,,,,,,,,,,,
42,20,9,46,S51,False,0,2,2,0,13,1,0,0,0,"['B129', 'B228', 'B255', 'B700', 'B244', 'B28', 'B238', 'B767', 'B551', 'B346', 'B199', 'B630', 'B193']",9.5,S30,9.24,13,2,15,0.0,,-0.341571,-12.32102,-12.662592,True,True,36,S58,True,20,4.1026,pickup+onsite,,,,,,,,,,,,,,,,,,,,,,,,,,,,,,,,,,,,,,,,,,,,,,,,,,,,
42,20,10,5,S30,False,13,2,15,9,0,0,0,0,0,"['B129', 'B228', 'B255', 'B700', 'B244', 'B28', 'B238', 'B767', 'B551']",4.5,S26,6.33,4,2,6,0.0,,-0.293175,-12.450211,-12.743386,False,False,18,S26,False,6,1.9192,delivery,,,,,,,,,,,,,,,,,,,,,,,,,,,,,,,,,,,,,,,,,,,,,,,,,,,,
42,20,10,16,S26,False,4,2,6,4,0,0,0,0,0,"['B346', 'B199', 'B630', 'B193']",2.0,S11,7.12,0,2,2,0.0,,-0.183533,-12.541909,-12.725443,False,False,12,S12,True,10,1.1784,delivery,,,,,,,,,,,,,,,,,,,,,,,,,,,,,,,,,,,,,,,,,,,,,,,,,,,,
42,20,10,25,S11,False,0,2,2,0,11,1,0,0,0,"['B558', 'B365', 'B620', 'B761', 'B207', 'B17', 'B148', 'B296', 'B21', 'B137', 'B72']",8.5,S16,9.53,11,2,13,0.0,,-0.087315,-12.436711,-12.524026,True,True,24,S16,False,22,2.2724,pickup+onsite,,,,,,,,,,,,,,,,,,,,,,,,,,,,,,,,,,,,,,,,,,,,,,,,,,,,
42,20,10,43,S16,False,11,2,13,0,7,0,0,0,0,"['B584', 'B749', 'B256', 'B737', 'B430', 'B680', 'B576']",3.5,S44,0.23,18,2,20,0.0,,-0.204293,-12.418288,-12.622581,False,False,12,S33,True,7,1.2287,pickup,,,,,,,,,,,,,,,,,,,,,,,,,,,,,,,,,,,,,,,,,,,,,,,,,,,,
42,20,10,47,S44,False,18,2,20,8,0,0,0,0,0,"['B558', 'B365', 'B620', 'B761', 'B207', 'B17', 'B148', 'B296']",4.0,S33,1.28,10,2,12,0.0,,-0.087918,-12.390035,-12.477953,False,False,18,S33,False,7,1.7627,delivery,,,,,,,,,,,,,,,,,,,,,,,,,,,,,,,,,,,,,,,,,,,,,,,,,,,,
42,20,10,52,S33,False,10,2,12,10,0,0,0,0,0,"['B21', 'B137', 'B72', 'B584', 'B749', 'B256', 'B737', 'B430', 'B680', 'B576']",5.0,S23,8.2,0,2,2,0.0,,-0.223277,-12.339788,-12.563065,False,False,12,S12,True,9,1.3207,delivery,,,,,,,,,,,,,,,,,,,,,,,,,,,,,,,,,,,,,,,,,,,,,,,,,,,,
42,20,11,5,S23,False,0,2,2,0,9,0,1,0,0,"['B36', 'B53', 'B469', 'B201', 'B295', 'B479', 'B187', 'B279', 'B639', 'B285']",5.0,S5,4.49,9,3,12,0.0,,-0.136078,-12.277367,-12.413445,True,True,36,S5,False,33,3.7858,pickup+depot_removal,,,,,,,,,,,,,,,,,,,,,,,,,,,,,,,,,,,,,,,,,,,,,,,,,,,,
42,20,11,15,S5,False,9,3,12,0,8,0,0,0,0,"['B757', 'B323', 'B303', 'B393', 'B553', 'B223', 'B649', 'B755']",4.0,S7,2.31,17,3,20,0.0,,-0.174535,-12.299442,-12.473977,False,False,12,S1,True,8,1.2493,pickup,,,,,,,,,,,,,,,,,,,,,,,,,,,,,,,,,,,,,,,,,,,,,,,,,,,,
42,20,11,21,S7,False,17,3,20,8,0,0,0,0,0,"['B36', 'B53', 'B469', 'B201', 'B295', 'B479', 'B187', 'B279']",4.0,S43,10.9,9,3,12,0.0,,-0.087315,-12.177466,-12.264782,False,False,18,S43,False,6,1.7568,delivery,,,,,,,,,,,,,,,,,,,,,,,,,,,,,,,,,,,,,,,,,,,,,,,,,,,,
42,20,11,36,S43,False,9,3,12,0,0,0,0,0,0,[],0.0,S58,1.78,9,3,12,0.0,,-0.290918,-12.376857,-12.667775,False,False,12,S60,True,3,1.3619,do_nothing,,,,,,,,,,,,,,,,,,,,,,,,,,,,,,,,,,,,,,,,,,,,,,,,,,,,
42,20,11,38,S58,False,9,3,12,0,8,0,0,0,0,"['B82', 'B336', 'B763', 'B533', 'B659', 'B738', 'B405', 'B275']",4.0,S43,1.78,17,3,20,0.0,,-0.164582,-12.30748,-12.472062,True,False,18,S43,False,12,1.7555,pickup,,,,,,,,,,,,,,,,,,,,,,,,,,,,,,,,,,,,,,,,,,,,,,,,,,,,
42,20,11,43,S43,False,17,3,20,17,0,0,0,0,0,"['B639', 'B757', 'B323', 'B303', 'B393', 'B553', 'B223', 'B649', 'B755', 'B82', 'B336', 'B763', 'B533', 'B659', 'B738', 'B405', 'B275']",8.5,S60,4.48,0,3,3,0.0,,-0.135263,-12.310211,-12.445474,False,False,12,S39,True,8,1.3109,delivery,,,,,,,,,,,,,,,,,,,,,,,,,,,,,,,,,,,,,,,,,,,,,,,,,,,,
42,20,11,56,S60,False,0,3,3,0,13,0,0,0,0,"['B379', 'B496', 'B12', 'B117', 'B400', 'B263', 'B615', 'B461', 'B74', 'B426', 'B83', 'B41', 'B243']",6.5,S61,1.62,13,3,16,0.0,,-0.223869,-12.22954,-12.453409,False,False,18,S41,True,6,1.9194,pickup,,,,,,,,,,,,,,,,,,,,,,,,,,,,,,,,,,,,,,,,,,,,,,,,,,,,
42,20,12,5,S61,False,13,3,16,11,0,0,0,0,0,"['B379', 'B496', 'B12', 'B117', 'B400', 'B263', 'B615', 'B461', 'B74', 'B426', 'B83']",5.5,S41,2.24,2,3,5,0.0,,-0.360592,-12.29128,-12.651871,False,False,18,S26,True,10,1.9769,delivery,,,,,,,,,,,,,,,,,,,,,,,,,,,,,,,,,,,,,,,,,,,,,,,,,,,,
42,20,12,12,S41,False,2,3,5,0,13,0,0,0,0,"['B736', 'B390', 'B276', 'B176', 'B726', 'B104', 'B23', 'B672', 'B364', 'B217', 'B119', 'B418', 'B517']",6.5,S26,6.65,15,3,18,0.0,,-0.350683,-12.244287,-12.594971,False,False,18,S26,True,6,1.8721,pickup,,,,,,,,,,,,,,,,,,,,,,,,,,,,,,,,,,,,,,,,,,,,,,,,,,,,
42,20,12,25,S26,False,15,3,18,15,0,0,0,0,0,"['B41', 'B243', 'B736', 'B390', 'B276', 'B176', 'B726', 'B104', 'B23', 'B672', 'B364', 'B217', 'B119', 'B418', 'B517']",7.5,S51,11.22,0,3,3,0.0,,-0.4901,-12.381766,-12.871866,False,False,18,S14,True,14,2.1137,delivery,,,,,,,,,,,,,,,,,,,,,,,,,,,,,,,,,,,,,,,,,,,,,,,,,,,,
42,20,12,44,S51,False,0,3,3,0,11,0,0,0,0,"['B445', 'B288', 'B662', 'B492', 'B164', 'B167', 'B541', 'B416', 'B565', 'B753', 'B530']",5.5,S56,5.88,11,3,14,0.0,,-0.156729,-12.449715,-12.606445,False,False,18,S12,True,13,1.9896,pickup,,,,,,,,,,,,,,,,,,,,,,,,,,,,,,,,,,,,,,,,,,,,,,,,,,,,
42,20,12,56,S56,False,11,3,14,0,6,0,0,0,0,"['B518', 'B298', 'B203', 'B519', 'B696', 'B721']",3.0,S14,5.29,17,3,20,0.0,,-0.351334,-12.291543,-12.642876,False,False,12,S11,True,7,1.4668,pickup,,,,,,,,,,,,,,,,,,,,,,,,,,,,,,,,,,,,,,,,,,,,,,,,,,,,
42,20,13,4,S14,False,17,3,20,8,0,0,0,0,0,"['B445', 'B288', 'B662', 'B492', 'B164', 'B167', 'B541', 'B416']",4.0,S44,8.59,9,3,12,0.0,,-0.164796,-12.311231,-12.476027,False,False,18,S44,True,9,1.8242,delivery,,,,,,,,,,,,,,,,,,,,,,,,,,,,,,,,,,,,,,,,,,,,,,,,,,,,
42,20,13,16,S44,False,9,3,12,9,0,0,0,0,0,"['B565', 'B753', 'B530', 'B518', 'B298', 'B203', 'B519', 'B696', 'B721']",4.5,S12,5.82,0,3,3,0.0,,-0.272216,-12.315361,-12.587577,False,False,12,S12,False,6,1.2168,delivery,,,,,,,,,,,,,,,,,,,,,,,,,,,,,,,,,,,,,,,,,,,,,,,,,,,,
42,20,13,27,S12,False,0,3,3,0,17,0,0,0,0,"['B103', 'B196', 'B181', 'B481', 'B708', 'B220', 'B43', 'B423', 'B9', 'B77', 'B601', 'B124', 'B85', 'B673', 'B524', 'B14', 'B455']",8.5,S47,11.33,17,3,20,0.0,,-0.215822,-12.198313,-12.414134,False,False,12,S51,True,9,1.4751,pickup,,,,,,,,,,,,,,,,,,,,,,,,,,,,,,,,,,,,,,,,,,,,,,,,,,,,
42,20,13,47,S47,False,17,3,20,0,0,0,0,0,0,[],0.0,S15,5.64,17,3,20,0.0,,-0.175527,-12.121107,-12.296635,False,False,18,S15,True,0,1.9483,do_nothing,,,,,,,,,,,,,,,,,,,,,,,,,,,,,,,,,,,,,,,,,,,,,,,,,,,,
42,20,13,52,S15,False,17,3,20,13,0,0,0,0,0,"['B103', 'B196', 'B181', 'B481', 'B708', 'B220', 'B43', 'B423', 'B9', 'B77', 'B601', 'B124', 'B85']",6.5,S66,3.2,4,3,7,0.0,,-0.096928,-12.101324,-12.198252,False,False,18,S51,True,14,2.1188,delivery,,,,,,,,,,,,,,,,,,,,,,,,,,,,,,,,,,,,,,,,,,,,,,,,,,,,
42,20,14,2,S66,False,4,3,7,0,11,0,0,0,0,"['B686', 'B715', 'B438', 'B92', 'B125', 'B32', 'B580', 'B248', 'B679', 'B343', 'B139']",5.5,S65,3.09,15,3,18,0.0,,-0.19401,-12.144212,-12.338222,False,False,18,S11,True,16,1.9717,pickup,,,,,,,,,,,,,,,,,,,,,,,,,,,,,,,,,,,,,,,,,,,,,,,,,,,,
42,20,14,11,S65,False,15,3,18,9,0,0,0,0,0,"['B673', 'B524', 'B14', 'B455', 'B686', 'B715', 'B438', 'B92', 'B125']",4.5,S55,9.08,6,3,9,0.0,,-0.2536,-12.15941,-12.41301,False,False,18,S47,True,7,1.9308,delivery,,,,,,,,,,,,,,,,,,,,,,,,,,,,,,,,,,,,,,,,,,,,,,,,,,,,
42,20,14,24,S55,False,6,3,9,0,11,0,0,0,0,"['B278', 'B557', 'B725', 'B591', 'B620', 'B20', 'B554', 'B407', 'B105', 'B661', 'B365']",5.5,S23,11.22,17,3,20,0.0,,-0.204247,-12.198235,-12.402482,True,False,18,S23,False,16,1.8046,pickup,,,,,,,,,,,,,,,,,,,,,,,,,,,,,,,,,,,,,,,,,,,,,,,,,,,,
42,20,14,41,S23,False,17,3,20,10,0,0,0,0,0,"['B32', 'B580', 'B248', 'B679', 'B343', 'B139', 'B278', 'B557', 'B725', 'B591']",5.0,S41,3.8,7,3,10,0.0,,-0.253041,-12.34249,-12.59553,False,False,18,S47,True,7,1.8045,delivery,,,,,,,,,,,,,,,,,,,,,,,,,,,,,,,,,,,,,,,,,,,,,,,,,,,,
42,20,14,50,S41,False,7,3,10,7,0,0,0,0,0,"['B620', 'B20', 'B554', 'B407', 'B105', 'B661', 'B365']",3.5,S42,10.8,0,3,3,0.0,,-0.305179,-12.319423,-12.624602,False,False,12,S42,False,7,1.5357,delivery,,,,,,,,,,,,,,,,,,,,,,,,,,,,,,,,,,,,,,,,,,,,,,,,,,,,
42,20,15,4,S42,False,0,3,3,0,11,0,0,0,0,"['B55', 'B300', 'B698', 'B412', 'B25', 'B473', 'B46', 'B150', 'B683', 'B113', 'B221']",5.5,S35,1.31,11,3,14,0.0,,-0.19491,-12.322276,-12.517185,False,False,18,S37,True,13,1.9981,pickup,,,,,,,,,,,,,,,,,,,,,,,,,,,,,,,,,,,,,,,,,,,,,,,,,,,,
42,20,15,11,S35,False,11,3,14,10,0,0,0,0,0,"['B55', 'B300', 'B698', 'B412', 'B25', 'B473', 'B46', 'B150', 'B683', 'B113']",5.0,S37,7.89,1,3,4,0.0,,-0.25363,-12.275823,-12.529453,False,False,18,S27,True,6,1.8609,delivery,,,,,,,,,,,,,,,,,,,,,,,,,,,,,,,,,,,,,,,,,,,,,,,,,,,,
42,20,15,24,S37,False,1,3,4,0,13,0,1,0,0,"['B91', 'B585', 'B100', 'B15', 'B758', 'B528', 'B349', 'B589', 'B202', 'B471', 'B333', 'B744', 'B112', 'B535']",7.0,S26,7.79,14,4,18,0.0,,-0.301599,-12.289849,-12.591447,True,True,30,S27,True,24,3.5049,pickup+depot_removal,,,,,,,,,,,,,,,,,,,,,,,,,,,,,,,,,,,,,,,,,,,,,,,,,,,,
42,20,15,38,S26,False,14,4,18,14,0,0,0,0,0,"['B221', 'B91', 'B585', 'B100', 'B15', 'B758', 'B528', 'B349', 'B589', 'B202', 'B471', 'B333', 'B744', 'B112']",7.0,S54,5.73,0,4,4,0.0,,-0.224565,-12.244218,-12.468783,False,False,12,S54,False,7,1.2813,delivery,,,,,,,,,,,,,,,,,,,,,,,,,,,,,,,,,,,,,,,,,,,,,,,,,,,,
42,20,15,51,S54,False,0,4,4,0,7,0,0,0,0,"['B376', 'B563', 'B646', 'B218', 'B244', 'B359', 'B385']",3.5,S33,3.1,7,4,11,0.0,,-0.116552,-12.381344,-12.497897,False,False,18,S10,True,6,1.916,pickup,,,,,,,,,,,,,,,,,,,,,,,,,,,,,,,,,,,,,,,,,,,,,,,,,,,,
42,20,15,58,S33,False,7,4,11,7,0,0,0,0,0,"['B376', 'B563', 'B646', 'B218', 'B244', 'B359', 'B385']",3.5,S65,6.32,0,4,4,0.0,,-0.253061,-12.397972,-12.651033,False,False,12,S65,False,6,1.299,delivery,,,,,,,,,,,,,,,,,,,,,,,,,,,,,,,,,,,,,,,,,,,,,,,,,,,,
42,20,16,8,S65,False,0,4,4,0,12,0,0,0,0,"['B760', 'B673', 'B524', 'B14', 'B455', 'B686', 'B715', 'B438', 'B92', 'B125', 'B370', 'B525']",6.0,S41,2.23,12,4,16,0.0,,-0.175905,-12.29903,-12.474935,False,False,18,S41,False,12,1.8252,pickup,,,,,,,,,,,,,,,,,,,,,,,,,,,,,,,,,,,,,,,,,,,,,,,,,,,,
42,20,16,16,S41,False,12,4,16,12,0,0,0,0,0,"['B760', 'B673', 'B524', 'B14', 'B455', 'B686', 'B715', 'B438', 'B92', 'B125', 'B370', 'B525']",6.0,S60,0.87,0,4,4,0.0,,-0.137073,-12.277003,-12.414075,False,False,12,S21,True,6,1.1896,delivery,,,,,,,,,,,,,,,,,,,,,,,,,,,,,,,,,,,,,,,,,,,,,,,,,,,,
42,20,16,23,S60,False,0,4,4,0,0,0,0,0,0,[],0.0,S37,2.84,0,4,4,0.0,,-0.136478,-12.214024,-12.350502,False,False,12,S7,True,3,1.3988,do_nothing,,,,,,,,,,,,,,,,,,,,,,,,,,,,,,,,,,,,,,,,,,,,,,,,,,,,
42,20,16,25,S37,False,0,4,4,0,12,0,0,0,0,"['B737', 'B28', 'B209', 'B330', 'B456', 'B667', 'B430', 'B649', 'B360', 'B509', 'B644', 'B291']",6.0,S27,4.19,12,4,16,0.0,,-0.194704,-12.199713,-12.394417,False,False,18,S43,True,13,1.9332,pickup,,,,,,,,,,,,,,,,,,,,,,,,,,,,,,,,,,,,,,,,,,,,,,,,,,,,
42,20,16,36,S27,False,12,4,16,12,0,0,0,0,0,"['B737', 'B28', 'B209', 'B330', 'B456', 'B667', 'B430', 'B649', 'B360', 'B509', 'B644', 'B291']",6.0,S43,5.27,0,4,4,0.0,,-0.166262,-12.11723,-12.283492,False,False,18,S18,True,16,1.9524,delivery,,,,,,,,,,,,,,,,,,,,,,,,,,,,,,,,,,,,,,,,,,,,,,,,,,,,
42,20,16,47,S43,False,0,4,4,0,13,0,0,0,0,"['B738', 'B405', 'B275', 'B264', 'B12', 'B263', 'B559', 'B581', 'B741', 'B176', 'B98', 'B726', 'B453']",6.5,S14,9.23,13,4,17,0.0,,-0.235244,-12.034939,-12.270183,False,False,18,S7,True,7,2.1059,pickup,,,,,,,,,,,,,,,,,,,,,,,,,,,,,,,,,,,,,,,,,,,,,,,,,,,,
42,20,17,3,S14,False,13,4,17,5,0,0,0,0,0,"['B738', 'B405', 'B275', 'B264', 'B12']",2.5,S45,7.44,8,4,12,0.0,,-0.087815,-11.964837,-12.052652,False,False,18,S50,True,13,1.7255,delivery,,,,,,,,,,,,,,,,,,,,,,,,,,,,,,,,,,,,,,,,,,,,,,,,,,,,
42,20,17,13,S45,False,8,4,12,8,0,0,0,0,0,"['B263', 'B559', 'B581', 'B741', 'B176', 'B98', 'B726', 'B453']",4.0,S48,4.58,0,4,4,0.0,,-0.059249,-12.097743,-12.156992,False,False,12,S48,False,7,1.3834,delivery,,,,,,,,,,,,,,,,,,,,,,,,,,,,,,,,,,,,,,,,,,,,,,,,,,,,
42,20,17,21,S48,False,0,4,4,0,9,0,0,0,0,"['B598', 'B410', 'B572', 'B544', 'B668', 'B748', 'B663', 'B195', 'B158']",4.5,S19,0.52,9,4,13,0.0,,-0.039299,-12.058083,-12.097382,False,False,18,S7,True,12,2.0598,pickup,,,,,,,,,,,,,,,,,,,,,,,,,,,,,,,,,,,,,,,,,,,,,,,,,,,,
42,20,17,26,S19,False,9,4,13,0,7,1,0,0,0,"['B335', 'B536', 'B392', 'B425', 'B250', 'B128', 'B350']",6.5,S65,11.76,16,4,20,0.0,,-0.167006,-11.950952,-12.117958,True,True,24,S65,False,19,2.6638,pickup+onsite,,,,,,,,,,,,,,,,,,,,,,,,,,,,,,,,,,,,,,,,,,,,,,,,,,,,
42,20,17,44,S65,False,16,4,20,16,0,0,0,0,0,"['B598', 'B410', 'B572', 'B544', 'B668', 'B748', 'B663', 'B195', 'B158', 'B335', 'B536', 'B392', 'B425', 'B250', 'B128', 'B350']",8.0,S53,7.96,0,4,4,0.0,,-0.097921,-12.367213,-12.465134,False,False,18,S50,True,6,1.9755,delivery,,,,,,,,,,,,,,,,,,,,,,,,,,,,,,,,,,,,,,,,,,,,,,,,,,,,
42,20,18,0,S53,False,0,4,4,0,16,0,0,0,0,"['B545', 'B594', 'B27', 'B603', 'B592', 'B637', 'B752', 'B489', 'B403', 'B384', 'B732', 'B242', 'B414', 'B72', 'B693', 'B553']",8.0,S47,7.47,16,4,20,0.0,,-0.096614,-12.406891,-12.503505,False,False,12,S54,True,8,1.4298,pickup,,,,,,,,,,,,,,,,,,,,,,,,,,,,,,,,,,,,,,,,,,,,,,,,,,,,
42,20,18,16,S47,False,16,4,20,16,0,0,0,0,0,"['B545', 'B594', 'B27', 'B603', 'B592', 'B637', 'B752', 'B489', 'B403', 'B384', 'B732', 'B242', 'B414', 'B72', 'B693', 'B553']",8.0,S56,9.94,0,4,4,0.0,,-0.059545,-12.387032,-12.446576,False,False,18,S54,True,8,2.1019,delivery,,,,,,,,,,,,,,,,,,,,,,,,,,,,,,,,,,,,,,,,,,,,,,,,,,,,
42,20,18,34,S56,False,0,4,4,0,7,0,0,0,0,"['B238', 'B767', 'B458', 'B67', 'B452', 'B382', 'B89']",3.5,S54,1.7,7,4,11,0.0,,-0.107116,-12.465327,-12.572443,False,False,18,S62,True,6,2.0893,pickup,,,,,,,,,,,,,,,,,,,,,,,,,,,,,,,,,,,,,,,,,,,,,,,,,,,,
42,20,18,39,S54,False,7,4,11,7,0,0,0,0,0,"['B238', 'B767', 'B458', 'B67', 'B452', 'B382', 'B89']",3.5,S62,2.78,0,4,4,0.0,,-0.097377,-12.400564,-12.49794,False,False,12,S23,True,6,1.472,delivery,,,,,,,,,,,,,,,,,,,,,,,,,,,,,,,,,,,,,,,,,,,,,,,,,,,,
42,20,18,45,S62,False,0,4,4,0,12,1,0,0,0,"['B301', 'B223', 'B325', 'B610', 'B235', 'B569', 'B82', 'B374', 'B118', 'B457', 'B480', 'B585']",9.0,S46,2.76,12,4,16,0.0,,-0.165686,-12.388554,-12.55424,True,True,36,S54,True,34,4.1896,pickup+onsite,,,,,,,,,,,,,,,,,,,,,,,,,,,,,,,,,,,,,,,,,,,,,,,,,,,,
42,20,18,57,S46,False,12,4,16,0,0,1,0,0,0,[],3.0,S54,3.3,12,4,16,0.0,,-0.068936,-12.343146,-12.412082,True,True,36,S54,True,6,3.91,do_nothing+onsite,,,,,,,,,,,,,,,,,,,,,,,,,,,,,,,,,,,,,,,,,,,,,,,,,,,,
42,20,19,3,S54,False,12,4,16,6,0,0,0,0,0,"['B301', 'B223', 'B325', 'B610', 'B235', 'B569']",3.0,S10,1.21,6,4,10,0.0,,-0.11799,-12.340829,-12.458819,False,False,18,S29,True,13,1.9834,delivery,,,,,,,,,,,,,,,,,,,,,,,,,,,,,,,,,,,,,,,,,,,,,,,,,,,,
42,20,19,8,S10,False,6,4,10,0,10,0,0,0,0,"['B154', 'B310', 'B678', 'B402', 'B261', 'B35', 'B604', 'B369', 'B583', 'B192']",5.0,S37,5.68,16,4,20,0.0,,-0.039546,-12.310324,-12.34987,False,False,12,S50,True,9,1.387,pickup,,,,,,,,,,,,,,,,,,,,,,,,,,,,,,,,,,,,,,,,,,,,,,,,,,,,
42,20,19,18,S37,False,16,4,20,15,0,0,1,0,0,"['B214', 'B82', 'B374', 'B118', 'B457', 'B480', 'B585', 'B154', 'B310', 'B678', 'B402', 'B261', 'B35', 'B604', 'B369', 'B583']",8.0,S39,3.55,1,5,6,0.0,,-0.078944,-12.269682,-12.348626,True,True,30,S60,True,25,3.0592,delivery+depot_removal,,,,,,,,,,,,,,,,,,,,,,,,,,,,,,,,,,,,,,,,,,,,,,,,,,,,
42,20,19,30,S39,False,1,5,6,0,14,0,0,0,0,"['B417', 'B618', 'B210', 'B66', 'B539', 'B377', 'B633', 'B449', 'B302', 'B182', 'B208', 'B443', 'B415', 'B148']",7.0,S60,2.89,15,5,20,0.0,,-0.049388,-12.287803,-12.337191,False,False,10,S29,True,6,1.0652,pickup,,,,,,,,,,,,,,,,,,,,,,,,,,,,,,,,,,,,,,,,,,,,,,,,,,,,
42,20,19,40,S60,False,15,5,20,0,0,0,0,0,0,[],0.0,S44,4.0,15,5,20,0.0,,-0.009937,-12.403879,-12.413816,False,False,6,S29,True,0,0.6849,do_nothing,,,,,,,,,,,,,,,,,,,,,,,,,,,,,,,,,,,,,,,,,,,,,,,,,,,,
42,20,19,44,S44,False,15,5,20,0,0,0,0,0,0,[],0.0,S16,0.23,15,5,20,0.0,,-0.019502,-12.465835,-12.485337,False,False,4,D0,True,0,0.4525,do_nothing,,,,,,,,,,,,,,,,,,,,,,,,,,,,,,,,,,,,,,,,,,,,,,,,,,,,
42,20,19,44,S16,False,15,5,20,5,0,0,0,0,0,"['B192', 'B417', 'B618', 'B210', 'B66']",2.5,S63,0.31,10,5,15,0.0,,-0.059052,-12.432348,-12.4914,False,False,7,S44,True,5,0.7235,delivery,,,,,,,,,,,,,,,,,,,,,,,,,,,,,,,,,,,,,,,,,,,,,,,,,,,,
42,20,19,47,S63,False,10,5,15,0,0,0,0,0,0,[],0.0,S44,0.47,10,5,15,0.0,,-0.009614,-12.472586,-12.482201,False,False,3,S44,False,0,0.3128,do_nothing,,,,,,,,,,,,,,,,,,,,,,,,,,,,,,,,,,,,,,,,,,,,,,,,,,,,
42,20,19,47,S44,False,10,5,15,0,0,0,0,0,0,[],0.0,S33,1.28,10,5,15,0.0,,-0.029861,-12.472572,-12.502433,False,False,3,D0,True,0,0.3004,do_nothing,,,,,,,,,,,,,,,,,,,,,,,,,,,,,,,,,,,,,,,,,,,,,,,,,,,,
42,20,19,49,S33,False,10,5,15,0,0,0,0,0,0,[],0.0,D0,0.94,10,5,15,0.0,,-0.106625,-12.55199,-12.658616,False,False,2,D0,True,0,0.2229,do_nothing,,,,,,,,,,,,,,,,,,,,,,,,,,,,,,,,,,,,,,,,,,,,,,,,,,,,
42,20,19,49,D0,True,10,5,15,0,0,0,0,5,0,"['B312', 'B501', 'B285', 'B535', 'B214']",2.5,D0,0.0,10,0,10,0.0,,-0.077852,-12.57986,-12.657712,True,True,1,D0,False,0,0.1235,do_nothing,,,,,,,,,,,,,,,,,,,,,,,,,,,,,,,,,,,,,,,,,,,,,,,,,,,,
42,21,6,7,D0,True,10,0,10,0,0,0,0,0,10,"['B671', 'B396', 'B587', 'B764', 'B141', 'B499', 'B602', 'B24', 'B13', 'B56']",5.0,S65,3.15,20,0,20,0.0,,-2.940901,-13.473881,-16.414782,True,True,5,S65,False,1,0.6435,load_queue,,,,,,,,,,,,,,,,,,,,,,,,,,,,,,,,,,,,,,,,,,,,,,,,,,,,
42,21,6,30,S65,False,20,0,20,18,0,0,0,0,0,"['B539', 'B377', 'B633', 'B449', 'B302', 'B182', 'B208', 'B443', 'B415', 'B148', 'B671', 'B396', 'B587', 'B764', 'B141', 'B499', 'B602', 'B24']",9.0,S54,8.42,2,0,2,0.0,,-2.346789,-13.450724,-15.797513,False,False,18,S47,True,9,2.5101,delivery,,,,,,,,,,,,,,,,,,,,,,,,,,,,,,,,,,,,,,,,,,,,,,,,,,,,
42,21,6,48,S54,False,2,0,2,0,13,0,1,0,0,"['B516', 'B643', 'B167', 'B669', 'B503', 'B373', 'B168', 'B190', 'B476', 'B173', 'B327', 'B438', 'B455', 'B374']",7.0,S41,6.96,15,1,16,0.0,,-2.039412,-13.537962,-15.577374,True,True,36,S32,True,19,3.7644,pickup+depot_removal,,,,,,,,,,,,,,,,,,,,,,,,,,,,,,,,,,,,,,,,,,,,,,,,,,,,
42,21,7,2,S41,False,15,1,16,15,0,0,0,0,0,"['B13', 'B56', 'B516', 'B643', 'B167', 'B669', 'B503', 'B373', 'B168', 'B190', 'B476', 'B173', 'B327', 'B438', 'B455']",7.5,S52,4.13,0,1,1,0.0,,-1.557856,-13.421807,-14.979663,False,False,12,S4,True,6,1.3635,delivery,,,,,,,,,,,,,,,,,,,,,,,,,,,,,,,,,,,,,,,,,,,,,,,,,,,,
42,21,7,13,S52,False,0,1,1,0,14,0,0,0,0,"['B571', 'B149', 'B692', 'B740', 'B228', 'B71', 'B219', 'B324', 'B527', 'B466', 'B88', 'B658', 'B727', 'B481']",7.0,S26,7.0,14,1,15,0.0,,-1.958698,-13.548773,-15.507471,False,False,18,S63,True,13,1.8858,pickup,,,,,,,,,,,,,,,,,,,,,,,,,,,,,,,,,,,,,,,,,,,,,,,,,,,,
42,21,7,27,S26,False,14,1,15,14,0,0,0,0,0,"['B571', 'B149', 'B692', 'B740', 'B228', 'B71', 'B219', 'B324', 'B527', 'B466', 'B88', 'B658', 'B727', 'B481']",7.0,S54,5.73,0,1,1,0.0,,-1.30394,-13.625025,-14.928965,False,False,12,S35,True,6,1.2005,delivery,,,,,,,,,,,,,,,,,,,,,,,,,,,,,,,,,,,,,,,,,,,,,,,,,,,,
42,21,7,40,S54,False,0,1,1,0,16,0,0,0,0,"['B474', 'B540', 'B712', 'B655', 'B74', 'B127', 'B716', 'B720', 'B388', 'B542', 'B528', 'B400', 'B578', 'B126', 'B164', 'B541']",8.0,S53,2.46,16,1,17,0.0,,-1.314705,-13.250685,-14.56539,False,False,18,S35,True,6,1.8713,pickup,,,,,,,,,,,,,,,,,,,,,,,,,,,,,,,,,,,,,,,,,,,,,,,,,,,,
42,21,7,50,S53,False,16,1,17,16,0,0,0,0,0,"['B474', 'B540', 'B712', 'B655', 'B74', 'B127', 'B716', 'B720', 'B388', 'B542', 'B528', 'B400', 'B578', 'B126', 'B164', 'B541']",8.0,S35,5.18,0,1,1,0.0,,-1.347082,-13.35954,-14.706622,False,False,12,S35,False,9,1.3579,delivery,,,,,,,,,,,,,,,,,,,,,,,,,,,,,,,,,,,,,,,,,,,,,,,,,,,,
42,21,8,3,S35,False,0,1,1,0,11,0,0,0,0,"['B73', 'B378', 'B105', 'B647', 'B393', 'B216', 'B547', 'B550', 'B366', 'B442', 'B283']",5.5,S63,6.66,11,1,12,0.0,,-0.905453,-13.412502,-14.317955,False,False,18,S63,False,14,1.7758,pickup,,,,,,,,,,,,,,,,,,,,,,,,,,,,,,,,,,,,,,,,,,,,,,,,,,,,
42,21,8,16,S63,False,11,1,12,0,8,0,0,0,0,"['B245', 'B611', 'B478', 'B184', 'B567', 'B413', 'B391', 'B452']",4.0,S12,5.44,19,1,20,0.0,,-0.759777,-13.287063,-14.046841,False,False,12,S51,True,7,1.2913,pickup,,,,,,,,,,,,,,,,,,,,,,,,,,,,,,,,,,,,,,,,,,,,,,,,,,,,
42,21,8,25,S12,False,19,1,20,13,0,0,0,0,0,"['B73', 'B378', 'B105', 'B647', 'B393', 'B216', 'B547', 'B550', 'B366', 'B442', 'B283', 'B245', 'B611']",6.5,S51,2.02,6,1,7,0.0,,-0.884593,-13.294696,-14.17929,False,False,18,S50,True,12,1.9266,delivery,,,,,,,,,,,,,,,,,,,,,,,,,,,,,,,,,,,,,,,,,,,,,,,,,,,,
42,21,8,34,S51,False,6,1,7,6,0,0,0,0,0,"['B478', 'B184', 'B567', 'B413', 'B391', 'B452']",3.0,S1,8.32,0,1,1,0.0,,-0.693004,-13.112684,-13.805688,False,False,12,S1,False,7,1.1807,delivery,,,,,,,,,,,,,,,,,,,,,,,,,,,,,,,,,,,,,,,,,,,,,,,,,,,,
42,21,8,45,S1,False,0,1,1,0,15,0,0,0,0,"['B507', 'B194', 'B275', 'B12', 'B610', 'B513', 'B450', 'B389', 'B652', 'B608', 'B386', 'B515', 'B619', 'B94', 'B674']",7.5,S50,2.13,15,1,16,0.0,,-0.87801,-13.174717,-14.052727,False,False,12,S37,True,6,1.4965,pickup,,,,,,,,,,,,,,,,,,,,,,,,,,,,,,,,,,,,,,,,,,,,,,,,,,,,
42,21,8,55,S50,False,15,1,16,15,0,0,0,0,0,"['B507', 'B194', 'B275', 'B12', 'B610', 'B513', 'B450', 'B389', 'B652', 'B608', 'B386', 'B515', 'B619', 'B94', 'B674']",7.5,S45,5.38,0,1,1,0.0,,-0.768408,-13.253616,-14.022024,False,False,12,S45,False,6,1.5026,delivery,,,,,,,,,,,,,,,,,,,,,,,,,,,,,,,,,,,,,,,,,,,,,,,,,,,,
42,21,9,7,S45,False,0,1,1,0,6,0,0,0,0,"['B176', 'B98', 'B726', 'B453', 'B180', 'B47']",3.0,S22,8.77,6,1,7,0.0,,-0.692428,-13.354,-14.046428,False,False,18,S37,True,8,2.391,pickup,,,,,,,,,,,,,,,,,,,,,,,,,,,,,,,,,,,,,,,,,,,,,,,,,,,,
42,21,9,19,S22,False,6,1,7,6,0,0,1,0,0,"['B582', 'B176', 'B98', 'B726', 'B453', 'B180', 'B47']",3.5,S54,9.78,0,2,2,0.0,,-0.703801,-13.324435,-14.028236,True,True,24,S37,True,22,2.8069,delivery+depot_removal,,,,,,,,,,,,,,,,,,,,,,,,,,,,,,,,,,,,,,,,,,,,,,,,,,,,
42,21,9,32,S54,False,0,2,2,0,0,0,1,0,0,['B258'],0.5,S46,3.3,0,3,3,0.0,,-0.820561,-13.722883,-14.543443,True,True,36,S32,True,9,4.2515,do_nothing+depot_removal,,,,,,,,,,,,,,,,,,,,,,,,,,,,,,,,,,,,,,,,,,,,,,,,,,,,
42,21,9,36,S46,False,0,3,3,0,12,0,0,0,0,"['B733', 'B316', 'B749', 'B260', 'B17', 'B276', 'B108', 'B506', 'B256', 'B118', 'B599', 'B544']",6.0,S44,1.44,12,3,15,0.0,,-0.724525,-13.561141,-14.285666,False,False,18,S44,False,12,1.966,pickup,,,,,,,,,,,,,,,,,,,,,,,,,,,,,,,,,,,,,,,,,,,,,,,,,,,,
42,21,9,44,S44,False,12,3,15,0,5,0,0,0,0,"['B636', 'B178', 'B746', 'B348', 'B645']",2.5,S34,4.94,17,3,20,0.0,,-1.057571,-13.701388,-14.758959,False,False,12,S66,True,8,1.2122,pickup,,,,,,,,,,,,,,,,,,,,,,,,,,,,,,,,,,,,,,,,,,,,,,,,,,,,
42,21,9,51,S34,False,17,3,20,13,0,0,0,0,0,"['B733', 'B316', 'B749', 'B260', 'B17', 'B276', 'B108', 'B506', 'B256', 'B118', 'B599', 'B544', 'B636']",6.5,S32,4.62,4,3,7,0.0,,-1.234087,-13.734156,-14.968243,False,False,18,S15,True,13,2.1409,delivery,,,,,,,,,,,,,,,,,,,,,,,,,,,,,,,,,,,,,,,,,,,,,,,,,,,,
42,21,10,2,S32,False,4,3,7,0,11,0,1,0,0,"['B46', 'B642', 'B273', 'B383', 'B630', 'B626', 'B398', 'B51', 'B694', 'B433', 'B679', 'B207']",6.0,S17,9.65,15,4,19,0.0,,-0.82069,-13.76857,-14.58926,True,True,30,S17,False,26,3.438,pickup+depot_removal,,,,,,,,,,,,,,,,,,,,,,,,,,,,,,,,,,,,,,,,,,,,,,,,,,,,
42,21,10,18,S17,False,15,4,19,13,0,0,0,0,0,"['B178', 'B746', 'B348', 'B645', 'B46', 'B642', 'B273', 'B383', 'B630', 'B626', 'B398', 'B51', 'B694']",6.5,S54,7.63,2,4,6,0.0,,-0.752228,-13.705097,-14.457325,False,False,18,S42,True,7,1.9128,delivery,,,,,,,,,,,,,,,,,,,,,,,,,,,,,,,,,,,,,,,,,,,,,,,,,,,,
42,21,10,32,S54,False,2,4,6,0,13,0,0,0,0,"['B678', 'B651', 'B135', 'B566', 'B761', 'B589', 'B354', 'B686', 'B410', 'B507', 'B556', 'B381', 'B308']",6.5,S15,3.9,15,4,19,0.0,,-1.05491,-13.595591,-14.650501,False,False,18,S42,True,13,2.0972,pickup,,,,,,,,,,,,,,,,,,,,,,,,,,,,,,,,,,,,,,,,,,,,,,,,,,,,
42,21,10,42,S15,False,15,4,19,15,0,0,0,0,0,"['B433', 'B679', 'B678', 'B651', 'B135', 'B566', 'B761', 'B589', 'B354', 'B686', 'B410', 'B507', 'B556', 'B381', 'B308']",7.5,S30,4.47,0,4,4,0.0,,-1.80121,-13.592366,-15.393575,False,False,18,S27,True,15,2.0534,delivery,,,,,,,,,,,,,,,,,,,,,,,,,,,,,,,,,,,,,,,,,,,,,,,,,,,,
42,21,10,54,S30,False,0,4,4,0,9,0,0,0,0,"['B166', 'B31', 'B172', 'B225', 'B407', 'B590', 'B654', 'B766', 'B63']",4.5,S27,3.18,9,4,13,0.0,,-1.37181,-13.63263,-15.00444,False,False,18,S47,True,13,1.7977,pickup,,,,,,,,,,,,,,,,,,,,,,,,,,,,,,,,,,,,,,,,,,,,,,,,,,,,
42,21,11,2,S27,False,9,4,13,9,0,0,0,0,0,"['B166', 'B31', 'B172', 'B225', 'B407', 'B590', 'B654', 'B766', 'B63']",4.5,S47,4.34,0,4,4,0.0,,-1.289414,-13.627207,-14.916621,False,False,12,S47,False,9,1.259,delivery,,,,,,,,,,,,,,,,,,,,,,,,,,,,,,,,,,,,,,,,,,,,,,,,,,,,
42,21,11,11,S47,False,0,4,4,0,10,0,0,0,0,"['B242', 'B414', 'B72', 'B693', 'B553', 'B568', 'B370', 'B526', 'B573', 'B711']",5.0,S36,9.79,10,4,14,0.0,,-1.251887,-13.613047,-14.864934,False,False,18,S37,True,16,1.8457,pickup,,,,,,,,,,,,,,,,,,,,,,,,,,,,,,,,,,,,,,,,,,,,,,,,,,,,
42,21,11,26,S36,False,10,4,14,10,0,0,0,0,0,"['B242', 'B414', 'B72', 'B693', 'B553', 'B568', 'B370', 'B526', 'B573', 'B711']",5.0,S16,3.43,0,4,4,0.0,,-1.228624,-13.64915,-14.877774,False,False,12,S16,False,8,1.2523,delivery,,,,,,,,,,,,,,,,,,,,,,,,,,,,,,,,,,,,,,,,,,,,,,,,,,,,
42,21,11,34,S16,False,0,4,4,0,10,0,0,0,0,"['B417', 'B618', 'B210', 'B66', 'B512', 'B689', 'B650', 'B454', 'B500', 'B668']",5.0,S50,6.69,10,4,14,0.0,,-0.908862,-13.660976,-14.569838,False,False,18,S63,True,15,1.8815,pickup,,,,,,,,,,,,,,,,,,,,,,,,,,,,,,,,,,,,,,,,,,,,,,,,,,,,
42,21,11,46,S50,False,10,4,14,10,0,0,0,0,0,"['B417', 'B618', 'B210', 'B66', 'B512', 'B689', 'B650', 'B454', 'B500', 'B668']",5.0,S37,7.46,0,4,4,0.0,,-1.389501,-13.633002,-15.022503,False,False,12,S57,True,7,1.5713,delivery,,,,,,,,,,,,,,,,,,,,,,,,,,,,,,,,,,,,,,,,,,,,,,,,,,,,
42,21,11,58,S37,False,0,4,4,0,16,0,0,0,0,"['B84', 'B360', 'B664', 'B44', 'B509', 'B484', 'B474', 'B540', 'B489', 'B457', 'B492', 'B567', 'B271', 'B393', 'B302', 'B565']",8.0,S26,7.79,16,4,20,0.0,,-1.162523,-13.659275,-14.821797,False,False,12,S62,True,7,1.5182,pickup,,,,,,,,,,,,,,,,,,,,,,,,,,,,,,,,,,,,,,,,,,,,,,,,,,,,
42,21,12,14,S26,False,16,4,20,16,0,0,0,0,0,"['B84', 'B360', 'B664', 'B44', 'B509', 'B484', 'B474', 'B540', 'B489', 'B457', 'B492', 'B567', 'B271', 'B393', 'B302', 'B565']",8.0,S63,7.98,0,4,4,0.0,,-1.709675,-13.584782,-15.294456,False,False,12,S32,True,10,1.4945,delivery,,,,,,,,,,,,,,,,,,,,,,,,,,,,,,,,,,,,,,,,,,,,,,,,,,,,
42,21,12,30,S63,False,0,4,4,0,10,0,0,0,0,"['B621', 'B730', 'B185', 'B181', 'B369', 'B336', 'B117', 'B583', 'B337', 'B35']",5.0,S52,1.26,10,4,14,0.0,,-1.880906,-13.503944,-15.38485,False,False,18,S52,False,12,2.1017,pickup,,,,,,,,,,,,,,,,,,,,,,,,,,,,,,,,,,,,,,,,,,,,,,,,,,,,
42,21,12,36,S52,False,10,4,14,0,6,0,0,0,0,"['B661', 'B219', 'B527', 'B672', 'B480', 'B182']",3.0,S35,6.71,16,4,20,0.0,,-1.740259,-13.524595,-15.264854,False,False,12,S35,False,10,1.2775,pickup,,,,,,,,,,,,,,,,,,,,,,,,,,,,,,,,,,,,,,,,,,,,,,,,,,,,
42,21,12,46,S35,False,16,4,20,11,0,0,0,0,0,"['B621', 'B730', 'B185', 'B181', 'B369', 'B336', 'B117', 'B583', 'B337', 'B35', 'B661']",5.5,S54,2.91,5,4,9,0.0,,-1.551757,-13.552808,-15.104565,False,False,18,S50,True,9,1.6679,delivery,,,,,,,,,,,,,,,,,,,,,,,,,,,,,,,,,,,,,,,,,,,,,,,,,,,,
42,21,12,54,S54,False,5,4,9,5,0,0,0,0,0,"['B219', 'B527', 'B672', 'B480', 'B182']",2.5,S37,4.98,0,4,4,0.0,,-2.059401,-13.50308,-15.562481,False,False,12,S37,False,7,1.4089,delivery,,,,,,,,,,,,,,,,,,,,,,,,,,,,,,,,,,,,,,,,,,,,,,,,,,,,
42,21,13,2,S37,False,0,4,4,0,16,0,0,0,0,"['B183', 'B27', 'B648', 'B107', 'B234', 'B300', 'B463', 'B638', 'B734', 'B581', 'B756', 'B521', 'B460', 'B178', 'B301', 'B618']",8.0,S29,6.23,16,4,20,0.0,,-1.975801,-13.287116,-15.262917,False,False,18,S50,True,7,2.1706,pickup,,,,,,,,,,,,,,,,,,,,,,,,,,,,,,,,,,,,,,,,,,,,,,,,,,,,
42,21,13,16,S29,False,16,4,20,16,0,0,0,0,0,"['B183', 'B27', 'B648', 'B107', 'B234', 'B300', 'B463', 'B638', 'B734', 'B581', 'B756', 'B521', 'B460', 'B178', 'B301', 'B618']",8.0,S65,8.87,0,4,4,0.0,,-2.850454,-13.303317,-16.153771,False,False,12,S66,True,7,1.5137,delivery,,,,,,,,,,,,,,,,,,,,,,,,,,,,,,,,,,,,,,,,,,,,,,,,,,,,
42,21,13,33,S65,False,0,4,4,0,10,0,0,0,0,"['B396', 'B587', 'B764', 'B141', 'B499', 'B602', 'B24', 'B226', 'B498', 'B143']",5.0,S54,8.42,10,4,14,0.0,,-2.594482,-12.845768,-15.44025,False,False,18,S66,True,14,1.9161,pickup,,,,,,,,,,,,,,,,,,,,,,,,,,,,,,,,,,,,,,,,,,,,,,,,,,,,
42,21,13,46,S54,False,10,4,14,10,0,0,0,0,0,"['B396', 'B587', 'B764', 'B141', 'B499', 'B602', 'B24', 'B226', 'B498', 'B143']",5.0,S61,4.83,0,4,4,0.0,,-2.575887,-12.863264,-15.439151,False,False,12,S20,True,7,1.4417,delivery,,,,,,,,,,,,,,,,,,,,,,,,,,,,,,,,,,,,,,,,,,,,,,,,,,,,
42,21,13,56,S61,False,0,4,4,0,9,1,0,0,0,"['B173', 'B438', 'B616', 'B717', 'B163', 'B620', 'B17', 'B405', 'B527']",7.5,S35,7.62,9,4,13,0.0,,-2.30988,-12.889484,-15.199363,True,True,36,S31,True,34,3.78,pickup+onsite,,,,,,,,,,,,,,,,,,,,,,,,,,,,,,,,,,,,,,,,,,,,,,,,,,,,
42,21,14,11,S35,False,9,4,13,9,0,0,0,0,0,"['B173', 'B438', 'B616', 'B717', 'B163', 'B620', 'B17', 'B405', 'B527']",4.5,S66,8.23,0,4,4,0.0,,-2.237641,-12.899922,-15.137563,False,False,12,S23,True,7,1.2196,delivery,,,,,,,,,,,,,,,,,,,,,,,,,,,,,,,,,,,,,,,,,,,,,,,,,,,,
42,21,14,24,S66,False,0,4,4,0,15,0,1,0,0,"['B454', 'B37', 'B208', 'B315', 'B323', 'B373', 'B295', 'B242', 'B185', 'B596', 'B358', 'B277', 'B7', 'B264', 'B329', 'B220']",8.0,S35,8.23,15,5,20,0.0,,-2.332012,-12.97299,-15.305003,True,True,36,S31,True,27,3.9239,pickup+depot_removal,,,,,,,,,,,,,,,,,,,,,,,,,,,,,,,,,,,,,,,,,,,,,,,,,,,,
42,21,14,40,S35,False,15,5,20,15,0,0,0,0,0,"['B454', 'B37', 'B208', 'B315', 'B323', 'B373', 'B295', 'B242', 'B185', 'B596', 'B358', 'B277', 'B7', 'B264', 'B329']",7.5,S31,8.41,0,5,5,0.0,,-1.982368,-12.796664,-14.779031,False,False,12,S29,True,6,1.4219,delivery,,,,,,,,,,,,,,,,,,,,,,,,,,,,,,,,,,,,,,,,,,,,,,,,,,,,
42,21,14,56,S31,False,0,5,5,0,15,0,0,0,0,"['B592', 'B392', 'B389', 'B687', 'B324', 'B1', 'B131', 'B518', 'B667', 'B733', 'B176', 'B261', 'B665', 'B453', 'B376']",7.5,S42,9.6,15,5,20,0.0,,-1.636476,-13.030419,-14.666896,False,False,12,S54,True,10,1.5811,pickup,,,,,,,,,,,,,,,,,,,,,,,,,,,,,,,,,,,,,,,,,,,,,,,,,,,,
42,21,15,13,S42,False,15,5,20,12,0,0,0,0,0,"['B592', 'B392', 'B389', 'B687', 'B324', 'B1', 'B131', 'B518', 'B667', 'B733', 'B176', 'B261']",6.0,S12,10.97,3,5,8,0.0,,-1.340968,-12.854722,-14.19569,False,False,18,S29,True,10,2.0159,delivery,,,,,,,,,,,,,,,,,,,,,,,,,,,,,,,,,,,,,,,,,,,,,,,,,,,,
42,21,15,30,S12,False,3,5,8,0,12,0,0,0,0,"['B245', 'B611', 'B627', 'B712', 'B32', 'B539', 'B104', 'B439', 'B112', 'B538', 'B399', 'B331']",6.0,S50,10.53,15,5,20,0.0,,-1.423324,-12.725714,-14.149038,False,False,12,S50,False,7,1.2714,pickup,,,,,,,,,,,,,,,,,,,,,,,,,,,,,,,,,,,,,,,,,,,,,,,,,,,,
42,21,15,47,S50,False,15,5,20,15,0,0,0,0,0,"['B665', 'B453', 'B376', 'B245', 'B611', 'B627', 'B712', 'B32', 'B539', 'B104', 'B439', 'B112', 'B538', 'B399', 'B331']",7.5,S31,7.46,0,5,5,0.0,,-1.34969,-12.528981,-13.878671,False,False,12,S31,False,6,1.544,delivery,,,,,,,,,,,,,,,,,,,,,,,,,,,,,,,,,,,,,,,,,,,,,,,,,,,,
42,21,16,2,S31,False,0,5,5,0,15,0,0,0,0,"['B512', 'B720', 'B729', 'B326', 'B700', 'B760', 'B25', 'B425', 'B719', 'B359', 'B200', 'B637', 'B24', 'B515', 'B746']",7.5,S54,5.7,15,5,20,0.0,,-1.126763,-12.624909,-13.751671,False,False,12,S29,True,8,1.8126,pickup,,,,,,,,,,,,,,,,,,,,,,,,,,,,,,,,,,,,,,,,,,,,,,,,,,,,
42,21,16,15,S54,False,15,5,20,15,0,0,0,0,0,"['B512', 'B720', 'B729', 'B326', 'B700', 'B760', 'B25', 'B425', 'B719', 'B359', 'B200', 'B637', 'B24', 'B515', 'B746']",7.5,S33,3.1,0,5,5,0.0,,-1.112328,-12.634434,-13.746762,False,False,12,S33,False,6,1.805,delivery,,,,,,,,,,,,,,,,,,,,,,,,,,,,,,,,,,,,,,,,,,,,,,,,,,,,
42,21,16,26,S33,False,0,5,5,0,13,2,0,0,0,"['B42', 'B341', 'B349', 'B124', 'B85', 'B13', 'B28', 'B56', 'B595', 'B88', 'B417', 'B597', 'B122']",12.5,S29,4.32,13,5,18,0.0,,-1.019468,-12.682376,-13.701844,True,True,54,S52,True,49,6.2588,pickup+onsite,,,,,,,,,,,,,,,,,,,,,,,,,,,,,,,,,,,,,,,,,,,,,,,,,,,,
42,21,16,42,S29,False,13,5,18,13,0,0,0,0,0,"['B42', 'B341', 'B349', 'B124', 'B85', 'B13', 'B28', 'B56', 'B595', 'B88', 'B417', 'B597', 'B122']",6.5,S51,7.57,0,5,5,0.0,,-1.096047,-12.735989,-13.832037,False,False,12,S30,True,7,1.547,delivery,,,,,,,,,,,,,,,,,,,,,,,,,,,,,,,,,,,,,,,,,,,,,,,,,,,,
42,21,16,57,S51,False,0,5,5,0,12,1,0,0,0,"['B80', 'B575', 'B352', 'B742', 'B87', 'B527', 'B109', 'B716', 'B463', 'B316', 'B168', 'B362']",9.0,S35,8.32,12,5,17,0.0,,-0.75406,-12.607537,-13.361597,True,True,36,S35,False,30,4.6091,pickup+onsite,,,,,,,,,,,,,,,,,,,,,,,,,,,,,,,,,,,,,,,,,,,,,,,,,,,,
42,21,17,14,S35,False,12,5,17,12,0,1,0,0,0,"['B80', 'B575', 'B352', 'B742', 'B87', 'B527', 'B109', 'B716', 'B463', 'B316', 'B168', 'B362']",9.0,S31,8.41,0,5,5,0.0,,-0.566757,-12.377081,-12.943837,True,True,24,S30,True,18,3.4968,delivery+onsite,,,,,,,,,,,,,,,,,,,,,,,,,,,,,,,,,,,,,,,,,,,,,,,,,,,,
42,21,17,31,S31,False,0,5,5,0,15,0,0,0,0,"['B474', 'B250', 'B236', 'B403', 'B259', 'B415', 'B449', 'B551', 'B559', 'B118', 'B194', 'B62', 'B607', 'B576', 'B322']",7.5,S61,1.01,15,5,20,0.0,,-0.557881,-12.856099,-13.41398,False,False,12,S61,False,6,1.4522,pickup,,,,,,,,,,,,,,,,,,,,,,,,,,,,,,,,,,,,,,,,,,,,,,,,,,,,
42,21,17,40,S61,False,15,5,20,8,0,0,0,0,0,"['B474', 'B250', 'B236', 'B403', 'B259', 'B415', 'B449', 'B551']",4.0,S30,2.92,7,5,12,0.0,,-0.303353,-12.747669,-13.051022,False,False,18,S37,True,7,1.6662,delivery,,,,,,,,,,,,,,,,,,,,,,,,,,,,,,,,,,,,,,,,,,,,,,,,,,,,
42,21,17,47,S30,False,7,5,12,0,8,0,0,0,0,"['B572', 'B493', 'B272', 'B371', 'B337', 'B428', 'B689', 'B301']",4.0,S39,4.07,15,5,20,0.0,,-0.1751,-12.704996,-12.880096,False,False,12,S39,False,10,1.1393,pickup,,,,,,,,,,,,,,,,,,,,,,,,,,,,,,,,,,,,,,,,,,,,,,,,,,,,
42,21,17,55,S39,False,15,5,20,15,0,0,0,0,0,"['B559', 'B118', 'B194', 'B62', 'B607', 'B576', 'B322', 'B572', 'B493', 'B272', 'B371', 'B337', 'B428', 'B689', 'B301']",7.5,S66,4.09,0,5,5,0.0,,-0.135634,-12.549874,-12.685508,False,False,12,S48,True,9,1.5586,delivery,,,,,,,,,,,,,,,,,,,,,,,,,,,,,,,,,,,,,,,,,,,,,,,,,,,,
42,21,18,6,S66,False,0,5,5,0,10,0,1,0,0,"['B226', 'B284', 'B413', 'B84', 'B725', 'B37', 'B225', 'B665', 'B666', 'B677', 'B227']",5.5,S55,6.13,10,6,16,0.0,,-0.176223,-12.533912,-12.710135,True,True,36,S2,True,32,4.3687,pickup+depot_removal,,,,,,,,,,,,,,,,,,,,,,,,,,,,,,,,,,,,,,,,,,,,,,,,,,,,
42,21,18,18,S55,False,10,6,16,10,0,0,2,0,0,"['B690', 'B688', 'B226', 'B284', 'B413', 'B84', 'B725', 'B37', 'B225', 'B665', 'B666', 'B677']",6.0,S0,6.32,0,8,8,0.0,,-0.185693,-12.388728,-12.574421,True,True,36,S18,True,31,4.1143,delivery+depot_removal,,,,,,,,,,,,,,,,,,,,,,,,,,,,,,,,,,,,,,,,,,,,,,,,,,,,
42,21,18,30,S0,False,0,8,8,0,12,1,0,0,0,"['B16', 'B101', 'B510', 'B735', 'B691', 'B681', 'B758', 'B554', 'B580', 'B668', 'B728', 'B453']",9.0,S44,10.16,12,8,20,0.0,,-0.107911,-12.114698,-12.222609,True,True,24,S42,True,19,2.7348,pickup+onsite,,,,,,,,,,,,,,,,,,,,,,,,,,,,,,,,,,,,,,,,,,,,,,,,,,,,
42,21,18,49,S44,False,12,8,20,11,0,0,0,0,0,"['B16', 'B101', 'B510', 'B735', 'B691', 'B681', 'B758', 'B554', 'B580', 'B668', 'B728']",5.5,S58,1.79,1,8,9,0.0,,-0.194758,-12.178909,-12.373666,False,False,18,S42,True,10,2.341,delivery,,,,,,,,,,,,,,,,,,,,,,,,,,,,,,,,,,,,,,,,,,,,,,,,,,,,
42,21,18,57,S58,False,1,8,9,0,8,0,2,0,0,"['B723', 'B468', 'B49', 'B199', 'B164', 'B708', 'B106', 'B695', 'B78', 'B257']",5.0,S4,1.21,9,10,19,0.0,,-0.320506,-12.07387,-12.394376,True,True,42,S4,False,33,4.9434,pickup+depot_removal,,,,,,,,,,,,,,,,,,,,,,,,,,,,,,,,,,,,,,,,,,,,,,,,,,,,
42,21,19,3,S4,False,9,10,19,8,0,0,0,0,0,"['B453', 'B723', 'B468', 'B49', 'B199', 'B164', 'B708', 'B106']",4.0,S18,0.8,1,10,11,0.0,,-0.264352,-12.083412,-12.347764,False,False,18,S42,True,9,1.9571,delivery,,,,,,,,,,,,,,,,,,,,,,,,,,,,,,,,,,,,,,,,,,,,,,,,,,,,
42,21,19,8,S18,False,1,10,11,0,0,0,1,0,0,['B497'],0.5,S19,7.25,1,11,12,0.0,,-0.146371,-12.022911,-12.169282,True,True,30,S52,True,9,3.4184,do_nothing+depot_removal,,,,,,,,,,,,,,,,,,,,,,,,,,,,,,,,,,,,,,,,,,,,,,,,,,,,
42,21,19,16,S19,False,1,11,12,0,7,0,1,0,0,"['B760', 'B340', 'B74', 'B310', 'B749', 'B684', 'B335', 'B346']",4.0,S42,9.76,8,12,20,0.0,,-0.038975,-11.999602,-12.038577,True,True,36,S42,False,24,3.9028,pickup+depot_removal,,,,,,,,,,,,,,,,,,,,,,,,,,,,,,,,,,,,,,,,,,,,,,,,,,,,
42,21,19,29,S42,False,8,12,20,0,0,1,0,0,0,[],3.0,S14,2.87,8,12,20,0.0,,-0.067767,-12.022254,-12.090021,True,True,22,S14,False,5,2.7173,do_nothing+onsite,,,,,,,,,,,,,,,,,,,,,,,,,,,,,,,,,,,,,,,,,,,,,,,,,,,,
42,21,19,35,S14,False,8,12,20,8,0,0,0,0,0,"['B695', 'B760', 'B340', 'B74', 'B310', 'B749', 'B684', 'B335']",4.0,S29,3.41,0,12,12,0.0,,-0.126683,-12.523525,-12.650208,False,False,7,S29,False,4,0.8306,delivery,,,,,,,,,,,,,,,,,,,,,,,,,,,,,,,,,,,,,,,,,,,,,,,,,,,,
42,21,19,43,S29,False,0,12,12,0,8,0,0,0,0,"['B85', 'B13', 'B28', 'B56', 'B595', 'B88', 'B417', 'B597']",4.0,S10,0.66,8,12,20,0.0,,-0.019499,-12.448526,-12.468025,False,False,5,S53,True,3,0.5975,pickup,,,,,,,,,,,,,,,,,,,,,,,,,,,,,,,,,,,,,,,,,,,,,,,,,,,,
42,21,19,47,S10,False,8,12,20,5,0,1,0,0,0,"['B85', 'B13', 'B28', 'B56', 'B595']",5.5,D0,2.04,3,12,15,0.0,,-0.029287,-12.561615,-12.590902,True,True,6,D0,False,3,0.6752,delivery+onsite,,,,,,,,,,,,,,,,,,,,,,,,,,,,,,,,,,,,,,,,,,,,,,,,,,,,
42,21,19,55,D0,True,3,12,15,0,0,0,0,12,9,"['B537', 'B702', 'B314', 'B543', 'B312', 'B501', 'B285', 'B535', 'B214', 'B374', 'B582', 'B258', 'B207', 'B220', 'B227', 'B690', 'B688', 'B78', 'B257', 'B497', 'B346']",10.5,D0,0.0,12,0,12,0.0,,-0.039,-12.548601,-12.5876,True,True,1,D0,False,0,0.119,do_nothing,,,,,,,,,,,,,,,,,,,,,,,,,,,,,,,,,,,,,,,,,,,,,,,,,,,,
42,22,6,5,D0,True,12,0,12,0,0,0,0,0,0,[],0.0,S54,1.95,12,0,12,0.0,,-2.024115,-13.42733,-15.451445,True,True,5,S65,True,3,0.729,depot_passthrough,,,,,,,,,,,,,,,,,,,,,,,,,,,,,,,,,,,,,,,,,,,,,,,,,,,,
42,22,6,22,S54,False,12,0,12,0,8,0,0,0,0,"['B132', 'B173', 'B308', 'B416', 'B200', 'B118', 'B453', 'B361']",4.0,S51,6.18,20,0,20,0.0,,-1.313095,-13.418627,-14.731722,False,False,12,S51,False,8,1.8248,pickup,,,,,,,,,,,,,,,,,,,,,,,,,,,,,,,,,,,,,,,,,,,,,,,,,,,,
42,22,6,32,S51,False,20,0,20,16,0,0,0,0,0,"['B88', 'B417', 'B597', 'B537', 'B702', 'B314', 'B543', 'B312', 'B501', 'B285', 'B535', 'B214', 'B132', 'B173', 'B308', 'B416']",8.0,S57,7.68,4,0,4,0.0,,-1.305662,-13.262565,-14.568227,False,False,18,S65,True,8,2.4975,delivery,,,,,,,,,,,,,,,,,,,,,,,,,,,,,,,,,,,,,,,,,,,,,,,,,,,,
42,22,6,48,S57,False,4,0,4,0,12,1,0,0,0,"['B628', 'B67', 'B347', 'B621', 'B394', 'B592', 'B35', 'B378', 'B723', 'B274', 'B525', 'B326']",9.0,S65,10.86,16,0,16,0.0,,-1.773544,-13.419558,-15.193103,True,True,72,S42,True,64,11.8079,pickup+onsite,,,,,,,,,,,,,,,,,,,,,,,,,,,,,,,,,,,,,,,,,,,,,,,,,,,,
42,22,7,8,S65,False,16,0,16,16,0,0,0,0,0,"['B200', 'B118', 'B453', 'B361', 'B628', 'B67', 'B347', 'B621', 'B394', 'B592', 'B35', 'B378', 'B723', 'B274', 'B525', 'B326']",8.0,S46,8.22,0,0,0,0.0,,-1.146145,-13.319717,-14.465862,False,False,12,S60,True,10,1.5547,delivery,,,,,,,,,,,,,,,,,,,,,,,,,,,,,,,,,,,,,,,,,,,,,,,,,,,,
42,22,7,24,S46,False,0,0,0,0,12,0,0,0,0,"['B196', 'B25', 'B161', 'B284', 'B572', 'B379', 'B755', 'B594', 'B761', 'B635', 'B624', 'B167']",6.0,S12,5.14,12,0,12,0.0,,-0.745367,-13.347485,-14.092852,False,False,18,S36,True,12,2.1094,pickup,,,,,,,,,,,,,,,,,,,,,,,,,,,,,,,,,,,,,,,,,,,,,,,,,,,,
42,22,7,35,S12,False,12,0,12,12,0,1,0,0,0,"['B196', 'B25', 'B161', 'B284', 'B572', 'B379', 'B755', 'B594', 'B761', 'B635', 'B624', 'B167']",9.0,S36,3.39,0,0,0,0.0,,-0.517697,-13.166301,-13.683998,True,True,24,S36,False,18,2.8489,delivery+onsite,,,,,,,,,,,,,,,,,,,,,,,,,,,,,,,,,,,,,,,,,,,,,,,,,,,,
42,22,7,48,S36,False,0,0,0,0,14,0,0,0,0,"['B513', 'B552', 'B170', 'B300', 'B126', 'B585', 'B336', 'B709', 'B431', 'B166', 'B590', 'B527', 'B297', 'B429']",7.0,S22,11.83,14,0,14,0.0,,-0.657054,-13.180672,-13.837726,False,False,18,S39,True,15,2.4758,pickup,,,,,,,,,,,,,,,,,,,,,,,,,,,,,,,,,,,,,,,,,,,,,,,,,,,,
42,22,8,7,S22,False,14,0,14,14,0,0,1,0,0,"['B475', 'B513', 'B552', 'B170', 'B300', 'B126', 'B585', 'B336', 'B709', 'B431', 'B166', 'B590', 'B527', 'B297', 'B429']",7.5,S60,4.28,0,1,1,0.0,,-0.889736,-13.233352,-14.123088,True,True,24,S60,False,21,3.0951,delivery+depot_removal,,,,,,,,,,,,,,,,,,,,,,,,,,,,,,,,,,,,,,,,,,,,,,,,,,,,
42,22,8,18,S60,False,0,1,1,0,12,1,0,0,0,"['B252', 'B408', 'B467', 'B508', 'B54', 'B43', 'B519', 'B12', 'B89', 'B60', 'B187', 'B648']",9.0,S30,1.77,12,1,13,0.0,,-0.487436,-13.246359,-13.733795,True,True,36,S59,True,33,4.2896,pickup+onsite,,,,,,,,,,,,,,,,,,,,,,,,,,,,,,,,,,,,,,,,,,,,,,,,,,,,
42,22,8,29,S30,False,12,1,13,8,0,0,0,0,0,"['B252', 'B408', 'B467', 'B508', 'B54', 'B43', 'B519', 'B12']",4.0,S18,3.23,4,1,5,0.0,,-0.439409,-13.08257,-13.521979,False,False,18,S41,True,7,1.7534,delivery,,,,,,,,,,,,,,,,,,,,,,,,,,,,,,,,,,,,,,,,,,,,,,,,,,,,
42,22,8,36,S18,False,4,1,5,0,15,0,0,0,0,"['B50', 'B114', 'B566', 'B182', 'B195', 'B569', 'B259', 'B415', 'B551', 'B61', 'B212', 'B189', 'B650', 'B644', 'B557']",7.5,S19,7.25,19,1,20,0.0,,-0.340678,-13.264793,-13.605471,False,False,18,S19,True,7,2.345,pickup,,,,,,,,,,,,,,,,,,,,,,,,,,,,,,,,,,,,,,,,,,,,,,,,,,,,
42,22,8,51,S19,False,19,1,20,11,0,0,1,0,0,"['B305', 'B89', 'B60', 'B187', 'B648', 'B50', 'B114', 'B566', 'B182', 'B195', 'B569', 'B259']",6.0,S51,1.21,8,2,10,0.0,,-0.814395,-13.272099,-14.086495,True,True,30,S34,True,12,3.3787,delivery+depot_removal,,,,,,,,,,,,,,,,,,,,,,,,,,,,,,,,,,,,,,,,,,,,,,,,,,,,
42,22,8,58,S51,False,8,2,10,0,10,0,0,0,0,"['B285', 'B535', 'B214', 'B132', 'B173', 'B308', 'B416', 'B206', 'B66', 'B22']",5.0,S41,8.36,18,2,20,0.0,,-0.518391,-13.226545,-13.744936,False,False,12,S41,False,10,1.3418,pickup,,,,,,,,,,,,,,,,,,,,,,,,,,,,,,,,,,,,,,,,,,,,,,,,,,,,
42,22,9,12,S41,False,18,2,20,18,0,0,0,0,0,"['B415', 'B551', 'B61', 'B212', 'B189', 'B650', 'B644', 'B557', 'B285', 'B535', 'B214', 'B132', 'B173', 'B308', 'B416', 'B206', 'B66', 'B22']",9.0,S16,5.02,0,2,2,0.0,,-0.802962,-13.326789,-14.129752,False,False,18,S32,True,9,2.3105,delivery,,,,,,,,,,,,,,,,,,,,,,,,,,,,,,,,,,,,,,,,,,,,,,,,,,,,
42,22,9,26,S16,False,0,2,2,0,9,0,0,0,0,"['B6', 'B718', 'B76', 'B299', 'B354', 'B638', 'B62', 'B55', 'B656']",4.5,S54,4.04,9,2,11,0.0,,-0.793392,-13.420938,-14.214329,False,False,18,S33,True,16,2.1581,pickup,,,,,,,,,,,,,,,,,,,,,,,,,,,,,,,,,,,,,,,,,,,,,,,,,,,,
42,22,9,34,S54,False,9,2,11,0,9,0,0,0,0,"['B190', 'B533', 'B458', 'B332', 'B136', 'B507', 'B24', 'B368', 'B537']",4.5,S29,1.43,18,2,20,0.0,,-0.830681,-13.399104,-14.229785,False,False,12,S32,True,8,1.7179,pickup,,,,,,,,,,,,,,,,,,,,,,,,,,,,,,,,,,,,,,,,,,,,,,,,,,,,
42,22,9,40,S29,False,18,2,20,12,0,1,0,0,0,"['B6', 'B718', 'B76', 'B299', 'B354', 'B638', 'B62', 'B55', 'B656', 'B190', 'B533', 'B458']",9.0,S40,3.08,6,2,8,0.0,,-0.705476,-13.19464,-13.900116,True,True,36,S32,True,30,4.4711,delivery+onsite,,,,,,,,,,,,,,,,,,,,,,,,,,,,,,,,,,,,,,,,,,,,,,,,,,,,
42,22,9,52,S40,False,6,2,8,6,0,1,1,0,0,"['B603', 'B332', 'B136', 'B507', 'B24', 'B368', 'B537']",6.5,S33,1.51,0,3,3,0.0,,-0.647934,-13.221467,-13.869401,True,True,48,S33,False,42,4.9781,delivery+maintenance,,,,,,,,,,,,,,,,,,,,,,,,,,,,,,,,,,,,,,,,,,,,,,,,,,,,
42,22,10,0,S33,False,0,3,3,0,15,0,0,0,0,"['B547', 'B430', 'B442', 'B704', 'B241', 'B372', 'B185', 'B131', 'B127', 'B602', 'B766', 'B639', 'B318', 'B455', 'B84']",7.5,S34,3.68,15,3,18,0.0,,-0.508199,-13.279665,-13.787864,False,False,18,S34,False,6,2.1324,pickup,,,,,,,,,,,,,,,,,,,,,,,,,,,,,,,,,,,,,,,,,,,,,,,,,,,,
42,22,10,11,S34,False,15,3,18,14,0,0,0,0,0,"['B547', 'B430', 'B442', 'B704', 'B241', 'B372', 'B185', 'B131', 'B127', 'B602', 'B766', 'B639', 'B318', 'B455']",7.0,S16,5.13,1,3,4,0.0,,-0.409784,-13.350357,-13.760141,False,False,18,S16,False,10,2.0937,delivery,,,,,,,,,,,,,,,,,,,,,,,,,,,,,,,,,,,,,,,,,,,,,,,,,,,,
42,22,10,24,S16,False,1,3,4,0,8,1,0,0,0,"['B661', 'B23', 'B746', 'B87', 'B538', 'B32', 'B469', 'B44']",7.0,S36,3.43,9,3,12,0.0,,-0.323827,-13.261745,-13.585572,True,True,36,S58,True,21,3.3429,pickup+onsite,,,,,,,,,,,,,,,,,,,,,,,,,,,,,,,,,,,,,,,,,,,,,,,,,,,,
42,22,10,34,S36,False,9,3,12,9,0,0,0,0,0,"['B84', 'B661', 'B23', 'B746', 'B87', 'B538', 'B32', 'B469', 'B44']",4.5,S58,4.95,0,3,3,0.0,,-0.429512,-13.466908,-13.89642,False,False,12,S58,False,8,1.1923,delivery,,,,,,,,,,,,,,,,,,,,,,,,,,,,,,,,,,,,,,,,,,,,,,,,,,,,
42,22,10,43,S58,False,0,3,3,0,14,0,0,0,0,"['B612', 'B402', 'B216', 'B715', 'B586', 'B91', 'B357', 'B77', 'B8', 'B370', 'B247', 'B693', 'B698', 'B95']",7.0,S63,2.12,14,3,17,0.0,,-0.409747,-13.478895,-13.888642,False,False,18,S2,True,8,1.9914,pickup,,,,,,,,,,,,,,,,,,,,,,,,,,,,,,,,,,,,,,,,,,,,,,,,,,,,
42,22,10,52,S63,False,14,3,17,14,0,0,0,0,0,"['B612', 'B402', 'B216', 'B715', 'B586', 'B91', 'B357', 'B77', 'B8', 'B370', 'B247', 'B693', 'B698', 'B95']",7.0,S39,5.24,0,3,3,0.0,,-0.652908,-13.358354,-14.011263,False,False,18,S26,True,16,2.4119,delivery,,,,,,,,,,,,,,,,,,,,,,,,,,,,,,,,,,,,,,,,,,,,,,,,,,,,
42,22,11,5,S39,False,0,3,3,0,17,0,0,0,0,"['B155', 'B181', 'B369', 'B349', 'B337', 'B457', 'B324', 'B64', 'B555', 'B733', 'B489', 'B233', 'B289', 'B573', 'B261', 'B752', 'B600']",8.5,S29,9.53,17,3,20,0.0,,-0.911912,-13.359302,-14.271215,False,False,18,S2,True,12,2.5121,pickup,,,,,,,,,,,,,,,,,,,,,,,,,,,,,,,,,,,,,,,,,,,,,,,,,,,,
42,22,11,23,S29,False,17,3,20,17,0,1,0,0,0,"['B155', 'B181', 'B369', 'B349', 'B337', 'B457', 'B324', 'B64', 'B555', 'B733', 'B489', 'B233', 'B289', 'B573', 'B261', 'B752', 'B600']",11.5,S4,6.26,0,3,3,0.0,,-0.926871,-13.391376,-14.318248,True,True,24,S2,True,19,3.2699,delivery+onsite,,,,,,,,,,,,,,,,,,,,,,,,,,,,,,,,,,,,,,,,,,,,,,,,,,,,
42,22,11,41,S4,False,0,3,3,0,10,0,1,0,0,"['B58', 'B158', 'B669', 'B449', 'B490', 'B256', 'B248', 'B152', 'B448', 'B488', 'B52']",5.5,S15,4.54,10,4,14,0.0,,-0.648023,-13.370385,-14.018408,True,True,36,S2,True,31,3.9348,pickup+depot_removal,,,,,,,,,,,,,,,,,,,,,,,,,,,,,,,,,,,,,,,,,,,,,,,,,,,,
42,22,11,51,S15,False,10,4,14,10,0,0,0,0,0,"['B58', 'B158', 'B669', 'B449', 'B490', 'B256', 'B248', 'B152', 'B448', 'B488']",5.0,S6,7.71,0,4,4,0.0,,-0.526567,-13.300178,-13.826745,False,False,12,S2,True,8,1.6162,delivery,,,,,,,,,,,,,,,,,,,,,,,,,,,,,,,,,,,,,,,,,,,,,,,,,,,,
42,22,12,3,S6,False,0,4,4,0,9,2,0,0,0,"['B505', 'B747', 'B642', 'B280', 'B477', 'B82', 'B239', 'B344', 'B234']",10.5,S24,3.37,9,4,13,0.0,,-0.623619,-13.377721,-14.00134,True,True,54,S2,True,48,6.377,pickup+onsite,,,,,,,,,,,,,,,,,,,,,,,,,,,,,,,,,,,,,,,,,,,,,,,,,,,,
42,22,12,17,S24,False,9,4,13,9,0,0,0,0,0,"['B505', 'B747', 'B642', 'B280', 'B477', 'B82', 'B239', 'B344', 'B234']",4.5,S51,13.42,0,4,4,0.0,,-0.944394,-13.470385,-14.414779,False,False,12,S2,True,6,1.4976,delivery,,,,,,,,,,,,,,,,,,,,,,,,,,,,,,,,,,,,,,,,,,,,,,,,,,,,
42,22,12,35,S51,False,0,4,4,0,14,0,0,0,0,"['B312', 'B29', 'B496', 'B587', 'B710', 'B605', 'B311', 'B214', 'B506', 'B535', 'B132', 'B746', 'B235', 'B314']",7.0,S55,5.48,14,4,18,0.0,,-1.146686,-13.656324,-14.80301,False,False,18,S2,True,16,2.4583,pickup,,,,,,,,,,,,,,,,,,,,,,,,,,,,,,,,,,,,,,,,,,,,,,,,,,,,
42,22,12,48,S55,False,14,4,18,14,0,0,0,0,0,"['B312', 'B29', 'B496', 'B587', 'B710', 'B605', 'B311', 'B214', 'B506', 'B535', 'B132', 'B746', 'B235', 'B314']",7.0,S47,8.91,0,4,4,0.0,,-1.151168,-13.685566,-14.836734,False,False,18,S42,True,15,2.5221,delivery,,,,,,,,,,,,,,,,,,,,,,,,,,,,,,,,,,,,,,,,,,,,,,,,,,,,
42,22,13,3,S47,False,0,4,4,0,11,0,1,0,0,"['B730', 'B205', 'B208', 'B667', 'B134', 'B570', 'B577', 'B291', 'B364', 'B228', 'B41', 'B277']",6.0,S54,8.4,11,5,16,0.0,,-1.282863,-13.678093,-14.960956,True,True,36,S41,True,31,3.5166,pickup+depot_removal,,,,,,,,,,,,,,,,,,,,,,,,,,,,,,,,,,,,,,,,,,,,,,,,,,,,
42,22,13,18,S54,False,11,5,16,11,0,0,0,0,0,"['B730', 'B205', 'B208', 'B667', 'B134', 'B570', 'B577', 'B291', 'B364', 'B228', 'B41']",5.5,S9,9.33,0,5,5,0.0,,-1.383562,-13.552816,-14.936378,False,False,12,S9,False,8,1.4815,delivery,,,,,,,,,,,,,,,,,,,,,,,,,,,,,,,,,,,,,,,,,,,,,,,,,,,,
42,22,13,33,S9,False,0,5,5,0,8,1,1,0,0,"['B678', 'B355', 'B734', 'B392', 'B339', 'B209', 'B720', 'B417', 'B37']",7.5,S26,14.63,8,6,14,0.0,,-1.164079,-13.032311,-14.19639,True,True,72,S48,True,66,6.7848,pickup+maintenance,,,,,,,,,,,,,,,,,,,,,,,,,,,,,,,,,,,,,,,,,,,,,,,,,,,,
42,22,13,55,S26,False,8,6,14,8,0,0,0,0,0,"['B678', 'B355', 'B734', 'B392', 'B339', 'B209', 'B720', 'B417']",4.0,S66,5.64,0,6,6,0.0,,-1.054031,-12.864666,-13.918697,False,False,12,S66,False,10,1.186,delivery,,,,,,,,,,,,,,,,,,,,,,,,,,,,,,,,,,,,,,,,,,,,,,,,,,,,
42,22,14,4,S66,False,0,6,6,0,14,1,0,0,0,"['B164', 'B697', 'B104', 'B216', 'B655', 'B196', 'B425', 'B289', 'B737', 'B91', 'B141', 'B195', 'B533', 'B684']",10.0,S17,7.34,14,6,20,0.0,,-1.340209,-12.823869,-14.164078,True,True,24,S41,True,18,2.5262,pickup+onsite,,,,,,,,,,,,,,,,,,,,,,,,,,,,,,,,,,,,,,,,,,,,,,,,,,,,
42,22,14,22,S17,False,14,6,20,14,0,0,0,0,0,"['B164', 'B697', 'B104', 'B216', 'B655', 'B196', 'B425', 'B289', 'B737', 'B91', 'B141', 'B195', 'B533', 'B684']",7.0,S41,8.16,0,6,6,0.0,,-1.025273,-12.892676,-13.917949,False,False,12,S59,True,8,1.2244,delivery,,,,,,,,,,,,,,,,,,,,,,,,,,,,,,,,,,,,,,,,,,,,,,,,,,,,
42,22,14,37,S41,False,0,6,6,0,14,0,0,0,0,"['B617', 'B378', 'B369', 'B529', 'B612', 'B708', 'B255', 'B175', 'B586', 'B707', 'B224', 'B370', 'B292', 'B649']",7.0,S47,1.45,14,6,20,0.0,,-0.789079,-12.806969,-13.596048,False,False,12,S47,False,6,1.1687,pickup,,,,,,,,,,,,,,,,,,,,,,,,,,,,,,,,,,,,,,,,,,,,,,,,,,,,
42,22,14,45,S47,False,14,6,20,14,0,0,0,0,0,"['B617', 'B378', 'B369', 'B529', 'B612', 'B708', 'B255', 'B175', 'B586', 'B707', 'B224', 'B370', 'B292', 'B649']",7.0,S31,2.72,0,6,6,0.0,,-0.700726,-12.839403,-13.540129,True,False,18,S31,True,6,1.7756,delivery,,,,,,,,,,,,,,,,,,,,,,,,,,,,,,,,,,,,,,,,,,,,,,,,,,,,
42,22,14,55,S31,False,0,6,6,0,14,0,0,0,0,"['B170', 'B19', 'B494', 'B622', 'B462', 'B531', 'B166', 'B657', 'B11', 'B332', 'B42', 'B263', 'B682', 'B650']",7.0,S26,6.02,14,6,20,0.0,,-0.788176,-12.835638,-13.623814,False,False,12,S2,True,7,1.3404,pickup,,,,,,,,,,,,,,,,,,,,,,,,,,,,,,,,,,,,,,,,,,,,,,,,,,,,
42,22,15,8,S26,False,14,6,20,14,0,0,0,0,0,"['B170', 'B19', 'B494', 'B622', 'B462', 'B531', 'B166', 'B657', 'B11', 'B332', 'B42', 'B263', 'B682', 'B650']",7.0,S40,5.09,0,6,6,0.0,,-1.115472,-12.838795,-13.954267,False,False,12,S11,True,8,1.4852,delivery,,,,,,,,,,,,,,,,,,,,,,,,,,,,,,,,,,,,,,,,,,,,,,,,,,,,
42,22,15,20,S40,False,0,6,6,0,12,0,1,0,0,"['B302', 'B154', 'B218', 'B25', 'B725', 'B373', 'B143', 'B105', 'B484', 'B414', 'B572', 'B728', 'B182']",6.5,S61,2.69,12,7,19,0.0,,-1.112267,-12.920911,-14.033178,True,True,36,S44,True,21,4.2718,pickup+depot_removal,,,,,,,,,,,,,,,,,,,,,,,,,,,,,,,,,,,,,,,,,,,,,,,,,,,,
42,22,15,29,S61,False,12,7,19,9,0,0,0,0,0,"['B302', 'B154', 'B218', 'B25', 'B725', 'B373', 'B143', 'B105', 'B484']",4.5,S44,2.79,3,7,10,0.0,,-0.831844,-12.806382,-13.638226,False,False,18,S11,True,7,1.8861,delivery,,,,,,,,,,,,,,,,,,,,,,,,,,,,,,,,,,,,,,,,,,,,,,,,,,,,
42,22,15,37,S44,False,3,7,10,0,10,0,0,0,0,"['B656', 'B433', 'B28', 'B451', 'B559', 'B712', 'B426', 'B26', 'B605', 'B518']",5.0,S11,9.45,13,7,20,0.0,,-0.734136,-12.746579,-13.480715,False,False,12,S11,False,8,1.4269,pickup,,,,,,,,,,,,,,,,,,,,,,,,,,,,,,,,,,,,,,,,,,,,,,,,,,,,
42,22,15,51,S11,False,13,7,20,10,0,0,0,0,0,"['B414', 'B572', 'B728', 'B656', 'B433', 'B28', 'B451', 'B559', 'B712', 'B426']",5.0,S29,4.25,3,7,10,0.0,,-0.821712,-12.802223,-13.623936,False,False,18,S29,False,9,2.0046,delivery,,,,,,,,,,,,,,,,,,,,,,,,,,,,,,,,,,,,,,,,,,,,,,,,,,,,
42,22,16,0,S29,False,3,7,10,3,0,0,0,0,0,"['B26', 'B605', 'B518']",1.5,S32,3.29,0,7,7,0.0,,-0.694347,-12.739317,-13.433665,False,False,12,S32,False,9,1.1474,delivery,,,,,,,,,,,,,,,,,,,,,,,,,,,,,,,,,,,,,,,,,,,,,,,,,,,,
42,22,16,5,S32,False,0,7,7,0,13,0,0,0,0,"['B543', 'B635', 'B751', 'B624', 'B636', 'B32', 'B583', 'B663', 'B149', 'B388', 'B474', 'B726', 'B577']",6.5,S54,2.05,13,7,20,0.0,,-0.638141,-12.626144,-13.264285,False,False,18,S39,True,7,1.7292,pickup,,,,,,,,,,,,,,,,,,,,,,,,,,,,,,,,,,,,,,,,,,,,,,,,,,,,
42,22,16,14,S54,False,13,7,20,11,0,0,0,0,0,"['B543', 'B635', 'B751', 'B624', 'B636', 'B32', 'B583', 'B663', 'B149', 'B388', 'B474']",5.5,S41,6.96,2,7,9,0.0,,-0.929571,-12.64936,-13.57893,False,False,18,S35,True,9,1.7655,delivery,,,,,,,,,,,,,,,,,,,,,,,,,,,,,,,,,,,,,,,,,,,,,,,,,,,,
42,22,16,26,S41,False,2,7,9,0,11,0,0,0,0,"['B673', 'B679', 'B371', 'B584', 'B39', 'B162', 'B129', 'B73', 'B495', 'B479', 'B89']",5.5,S35,9.63,13,7,20,0.0,,-0.773431,-12.860636,-13.634066,False,False,12,S10,True,10,1.1731,pickup,,,,,,,,,,,,,,,,,,,,,,,,,,,,,,,,,,,,,,,,,,,,,,,,,,,,
42,22,16,41,S35,False,13,7,20,12,0,0,0,0,0,"['B726', 'B577', 'B673', 'B679', 'B371', 'B584', 'B39', 'B162', 'B129', 'B73', 'B495', 'B479']",6.0,S63,6.66,1,7,8,0.0,,-0.870886,-13.042027,-13.912913,False,False,18,S37,True,9,1.746,delivery,,,,,,,,,,,,,,,,,,,,,,,,,,,,,,,,,,,,,,,,,,,,,,,,,,,,
42,22,16,54,S63,False,1,7,8,0,12,0,0,0,0,"['B662', 'B45', 'B659', 'B715', 'B450', 'B355', 'B749', 'B476', 'B204', 'B274', 'B735', 'B229']",6.0,S37,1.78,13,7,20,0.0,,-0.565994,-13.028029,-13.594023,False,False,12,S10,True,6,1.1998,pickup,,,,,,,,,,,,,,,,,,,,,,,,,,,,,,,,,,,,,,,,,,,,,,,,,,,,
42,22,17,2,S37,False,13,7,20,13,0,0,0,0,0,"['B89', 'B662', 'B45', 'B659', 'B715', 'B450', 'B355', 'B749', 'B476', 'B204', 'B274', 'B735', 'B229']",6.5,S2,6.84,0,7,7,0.0,,-0.428338,-12.826486,-13.254824,False,False,12,S39,True,10,1.4546,delivery,,,,,,,,,,,,,,,,,,,,,,,,,,,,,,,,,,,,,,,,,,,,,,,,,,,,
42,22,17,15,S2,False,0,7,7,0,13,0,0,0,0,"['B48', 'B524', 'B103', 'B115', 'B365', 'B107', 'B237', 'B520', 'B456', 'B629', 'B144', 'B40', 'B548']",6.5,S38,6.76,13,7,20,0.0,,-0.458768,-12.909803,-13.368571,False,False,18,S51,True,9,2.1779,pickup,,,,,,,,,,,,,,,,,,,,,,,,,,,,,,,,,,,,,,,,,,,,,,,,,,,,
42,22,17,28,S38,False,13,7,20,10,0,1,0,0,0,"['B48', 'B524', 'B103', 'B115', 'B365', 'B107', 'B237', 'B520', 'B456', 'B629']",8.0,S51,5.47,3,7,10,0.0,,-0.842009,-12.950155,-13.792164,True,True,36,S39,True,22,3.4763,delivery+onsite,,,,,,,,,,,,,,,,,,,,,,,,,,,,,,,,,,,,,,,,,,,,,,,,,,,,
42,22,17,42,S51,False,3,7,10,0,10,0,0,0,0,"['B181', 'B272', 'B692', 'B14', 'B238', 'B551', 'B248', 'B56', 'B625', 'B658']",5.0,S39,7.16,13,7,20,0.0,,-0.439711,-12.824753,-13.264464,False,False,12,S39,False,6,1.2105,pickup,,,,,,,,,,,,,,,,,,,,,,,,,,,,,,,,,,,,,,,,,,,,,,,,,,,,
42,22,17,54,S39,False,13,7,20,13,0,0,0,0,0,"['B144', 'B40', 'B548', 'B181', 'B272', 'B692', 'B14', 'B238', 'B551', 'B248', 'B56', 'B625', 'B658']",6.5,S31,3.72,0,7,7,0.0,,-0.606278,-12.740584,-13.346863,False,False,12,S31,False,6,1.593,delivery,,,,,,,,,,,,,,,,,,,,,,,,,,,,,,,,,,,,,,,,,,,,,,,,,,,,
42,22,18,4,S31,False,0,7,7,0,13,0,0,0,0,"['B179', 'B677', 'B545', 'B678', 'B764', 'B727', 'B13', 'B279', 'B112', 'B734', 'B597', 'B150', 'B24']",6.5,S28,9.18,13,7,20,0.0,,-0.695052,-12.75205,-13.447102,False,False,12,S28,False,6,1.305,pickup,,,,,,,,,,,,,,,,,,,,,,,,,,,,,,,,,,,,,,,,,,,,,,,,,,,,
42,22,18,20,S28,False,13,7,20,13,0,0,1,0,0,"['B230', 'B179', 'B677', 'B545', 'B678', 'B764', 'B727', 'B13', 'B279', 'B112', 'B734', 'B597', 'B150', 'B24']",7.0,S53,13.52,0,8,8,0.0,,-0.282919,-12.657642,-12.940562,True,True,18,S56,True,12,2.372,delivery+depot_removal,,,,,,,,,,,,,,,,,,,,,,,,,,,,,,,,,,,,,,,,,,,,,,,,,,,,
42,22,18,40,S53,False,0,8,8,0,0,0,0,0,0,[],0.0,S61,3.81,0,8,8,0.0,,-0.457993,-12.644368,-13.102362,False,False,12,S66,True,3,1.4372,do_nothing,,,,,,,,,,,,,,,,,,,,,,,,,,,,,,,,,,,,,,,,,,,,,,,,,,,,
42,22,18,44,S61,False,0,8,8,0,9,0,0,0,0,"['B399', 'B592', 'B367', 'B487', 'B390', 'B312', 'B466', 'B513', 'B594']",4.5,S56,6.29,9,8,17,0.0,,-0.457875,-12.729831,-13.187705,False,False,18,S66,True,16,2.0376,pickup,,,,,,,,,,,,,,,,,,,,,,,,,,,,,,,,,,,,,,,,,,,,,,,,,,,,
42,22,18,55,S56,False,9,8,17,9,0,0,0,0,0,"['B399', 'B592', 'B367', 'B487', 'B390', 'B312', 'B466', 'B513', 'B594']",4.5,S66,7.15,0,8,8,0.0,,-0.60637,-12.663213,-13.269583,False,False,18,S55,True,13,1.9181,delivery,,,,,,,,,,,,,,,,,,,,,,,,,,,,,,,,,,,,,,,,,,,,,,,,,,,,
42,22,19,7,S66,False,0,8,8,0,12,0,0,0,0,"['B302', 'B632', 'B290', 'B338', 'B703', 'B663', 'B256', 'B245', 'B640', 'B747', 'B79', 'B633']",6.0,S13,8.55,12,8,20,0.0,,-0.351659,-12.629957,-12.981616,False,False,12,S55,True,7,1.1158,pickup,,,,,,,,,,,,,,,,,,,,,,,,,,,,,,,,,,,,,,,,,,,,,,,,,,,,
42,22,19,21,S13,False,12,8,20,12,0,0,0,0,0,"['B302', 'B632', 'B290', 'B338', 'B703', 'B663', 'B256', 'B245', 'B640', 'B747', 'B79', 'B633']",6.0,S19,16.68,0,8,8,0.0,,-0.303732,-12.550323,-12.854056,False,False,12,S55,True,10,1.2814,delivery,,,,,,,,,,,,,,,,,,,,,,,,,,,,,,,,,,,,,,,,,,,,,,,,,,,,
42,22,19,44,S19,False,0,8,8,0,9,0,0,0,0,"['B553', 'B517', 'B699', 'B84', 'B498', 'B371', 'B340', 'B723', 'B190']",4.5,D0,4.54,9,8,17,0.0,,-0.264626,-13.070058,-13.334684,False,False,3,D0,True,2,0.3311,pickup,,,,,,,,,,,,,,,,,,,,,,,,,,,,,,,,,,,,,,,,,,,,,,,,,,,,
42,22,19,53,D0,True,9,8,17,0,0,0,0,8,0,"['B475', 'B305', 'B603', 'B52', 'B277', 'B37', 'B182', 'B230']",4.0,D0,0.0,9,0,9,0.0,,-0.342439,-13.113167,-13.455606,True,True,1,D0,False,0,0.1245,do_nothing,,,,,,,,,,,,,,,,,,,,,,,,,,,,,,,,,,,,,,,,,,,,,,,,,,,,
42,23,6,12,D0,True,9,0,9,0,0,0,0,0,11,"['B374', 'B582', 'B258', 'B207', 'B220', 'B227', 'B690', 'B688', 'B78', 'B257', 'B497']",5.5,S66,1.4,20,0,20,0.0,,-2.499071,-13.394071,-15.893142,True,True,5,S40,True,1,0.5588,load_queue,,,,,,,,,,,,,,,,,,,,,,,,,,,,,,,,,,,,,,,,,,,,,,,,,,,,
42,23,6,34,S66,False,20,0,20,19,0,0,0,0,0,"['B553', 'B517', 'B699', 'B84', 'B498', 'B371', 'B340', 'B723', 'B190', 'B374', 'B582', 'B258', 'B207', 'B220', 'B227', 'B690', 'B688', 'B78', 'B257']",9.5,S59,2.96,1,0,1,0.0,,-2.153024,-13.200766,-15.35379,False,False,18,S60,True,7,2.2533,delivery,,,,,,,,,,,,,,,,,,,,,,,,,,,,,,,,,,,,,,,,,,,,,,,,,,,,
42,23,6,46,S59,False,1,0,1,0,19,1,0,0,0,"['B745', 'B110', 'B409', 'B754', 'B2', 'B197', 'B521', 'B251', 'B522', 'B421', 'B457', 'B313', 'B324', 'B501', 'B407', 'B4', 'B29', 'B284', 'B763']",12.5,S41,2.97,20,0,20,0.0,,-1.81249,-13.192509,-15.004999,True,True,24,S12,True,18,2.9268,pickup+onsite,,,,,,,,,,,,,,,,,,,,,,,,,,,,,,,,,,,,,,,,,,,,,,,,,,,,
42,23,7,2,S41,False,20,0,20,16,0,0,0,0,0,"['B497', 'B745', 'B110', 'B409', 'B754', 'B2', 'B197', 'B521', 'B251', 'B522', 'B421', 'B457', 'B313', 'B324', 'B501', 'B407']",8.0,S36,8.44,4,0,4,0.0,,-1.675072,-13.071526,-14.746598,False,False,18,S52,True,8,2.8033,delivery,,,,,,,,,,,,,,,,,,,,,,,,,,,,,,,,,,,,,,,,,,,,,,,,,,,,
42,23,7,18,S36,False,4,0,4,0,13,0,0,0,0,"['B334', 'B510', 'B168', 'B83', 'B424', 'B157', 'B18', 'B760', 'B621', 'B26', 'B565', 'B593', 'B664']",6.5,S12,3.39,17,0,17,0.0,,-1.247827,-13.060647,-14.308474,False,False,18,S19,True,12,2.3937,pickup,,,,,,,,,,,,,,,,,,,,,,,,,,,,,,,,,,,,,,,,,,,,,,,,,,,,
42,23,7,28,S12,False,17,0,17,16,0,0,0,0,0,"['B4', 'B29', 'B284', 'B763', 'B334', 'B510', 'B168', 'B83', 'B424', 'B157', 'B18', 'B760', 'B621', 'B26', 'B565', 'B593']",8.0,S35,9.87,1,0,1,0.0,,-1.267055,-13.044033,-14.311088,False,False,18,S35,False,6,3.0517,delivery,,,,,,,,,,,,,,,,,,,,,,,,,,,,,,,,,,,,,,,,,,,,,,,,,,,,
42,23,7,46,S35,False,1,0,1,0,13,0,0,0,0,"['B698', 'B354', 'B315', 'B252', 'B708', 'B255', 'B719', 'B531', 'B432', 'B246', 'B661', 'B445', 'B204']",6.5,S26,6.42,14,0,14,0.0,,-1.006356,-13.285123,-14.291478,False,False,18,S40,True,13,2.4495,pickup,,,,,,,,,,,,,,,,,,,,,,,,,,,,,,,,,,,,,,,,,,,,,,,,,,,,
42,23,7,59,S26,False,14,0,14,14,0,0,0,0,0,"['B664', 'B698', 'B354', 'B315', 'B252', 'B708', 'B255', 'B719', 'B531', 'B432', 'B246', 'B661', 'B445', 'B204']",7.0,S52,7.0,0,0,0,0.0,,-1.084559,-13.237462,-14.322022,False,False,18,S52,True,16,2.774,delivery,,,,,,,,,,,,,,,,,,,,,,,,,,,,,,,,,,,,,,,,,,,,,,,,,,,,
42,23,8,13,S52,False,0,0,0,0,9,2,0,0,0,"['B671', 'B465', 'B631', 'B25', 'B750', 'B599', 'B675', 'B663', 'B231']",10.5,S54,3.81,9,0,9,0.0,,-0.947477,-13.320959,-14.268436,True,True,72,S37,True,63,8.1942,pickup+onsite,,,,,,,,,,,,,,,,,,,,,,,,,,,,,,,,,,,,,,,,,,,,,,,,,,,,
42,23,8,27,S54,False,9,0,9,0,11,0,0,0,0,"['B697', 'B449', 'B525', 'B329', 'B418', 'B309', 'B699', 'B353', 'B576', 'B162', 'B94']",5.5,S27,4.59,20,0,20,0.0,,-0.680683,-13.149827,-13.83051,False,False,12,S27,False,8,1.3146,pickup,,,,,,,,,,,,,,,,,,,,,,,,,,,,,,,,,,,,,,,,,,,,,,,,,,,,
42,23,8,37,S27,False,20,0,20,16,0,0,0,0,0,"['B671', 'B465', 'B631', 'B25', 'B750', 'B599', 'B675', 'B663', 'B231', 'B697', 'B449', 'B525', 'B329', 'B418', 'B309', 'B699']",8.0,S44,4.5,4,0,4,0.0,,-0.606646,-13.090772,-13.697418,False,False,18,S15,True,7,2.1238,delivery,,,,,,,,,,,,,,,,,,,,,,,,,,,,,,,,,,,,,,,,,,,,,,,,,,,,
42,23,8,50,S44,False,4,0,4,0,12,0,0,0,0,"['B7', 'B490', 'B487', 'B307', 'B718', 'B121', 'B469', 'B201', 'B152', 'B752', 'B530', 'B122']",6.0,S15,4.96,16,0,16,0.0,,-1.00358,-13.102095,-14.105675,False,False,18,S64,True,12,2.2155,pickup,,,,,,,,,,,,,,,,,,,,,,,,,,,,,,,,,,,,,,,,,,,,,,,,,,,,
42,23,9,1,S15,False,16,0,16,15,0,0,0,0,0,"['B353', 'B576', 'B162', 'B94', 'B7', 'B490', 'B487', 'B307', 'B718', 'B121', 'B469', 'B201', 'B152', 'B752', 'B530']",7.5,S63,5.25,1,0,1,0.0,,-1.122768,-13.085445,-14.208212,False,False,18,S45,True,12,2.4113,delivery,,,,,,,,,,,,,,,,,,,,,,,,,,,,,,,,,,,,,,,,,,,,,,,,,,,,
42,23,9,14,S63,False,1,0,1,0,14,0,0,0,0,"['B68', 'B635', 'B38', 'B636', 'B388', 'B571', 'B386', 'B628', 'B478', 'B662', 'B45', 'B140', 'B9', 'B587']",7.0,S29,5.25,15,0,15,0.0,,-1.05421,-13.173047,-14.227257,False,False,18,S37,True,7,2.7304,pickup,,,,,,,,,,,,,,,,,,,,,,,,,,,,,,,,,,,,,,,,,,,,,,,,,,,,
42,23,9,26,S29,False,15,0,15,15,0,0,0,0,0,"['B122', 'B68', 'B635', 'B38', 'B636', 'B388', 'B571', 'B386', 'B628', 'B478', 'B662', 'B45', 'B140', 'B9', 'B587']",7.5,S37,6.23,0,0,0,0.0,,-0.860887,-13.153956,-14.014842,False,False,12,S45,True,7,1.5625,delivery,,,,,,,,,,,,,,,,,,,,,,,,,,,,,,,,,,,,,,,,,,,,,,,,,,,,
42,23,9,39,S37,False,0,0,0,0,20,0,0,0,0,"['B336', 'B74', 'B404', 'B577', 'B513', 'B535', 'B524', 'B155', 'B729', 'B274', 'B595', 'B343', 'B745', 'B409', 'B590', 'B79', 'B747', 'B98', 'B732', 'B167']",10.0,S51,4.67,20,0,20,0.0,,-0.859352,-13.159484,-14.018836,False,False,18,S22,True,9,2.6115,pickup,,,,,,,,,,,,,,,,,,,,,,,,,,,,,,,,,,,,,,,,,,,,,,,,,,,,
42,23,9,54,S51,False,20,0,20,10,0,0,2,0,0,"['B551', 'B158', 'B336', 'B74', 'B404', 'B577', 'B513', 'B535', 'B524', 'B155', 'B729', 'B274']",6.0,S22,11.78,10,2,12,0.0,,-0.809883,-13.226,-14.035884,True,True,42,S22,False,20,4.0056,delivery+depot_removal,,,,,,,,,,,,,,,,,,,,,,,,,,,,,,,,,,,,,,,,,,,,,,,,,,,,
42,23,10,12,S22,False,10,2,12,10,0,0,0,0,0,"['B595', 'B343', 'B745', 'B409', 'B590', 'B79', 'B747', 'B98', 'B732', 'B167']",5.0,S60,4.28,0,2,2,0.0,,-1.076592,-13.300459,-14.377051,False,False,12,S46,True,7,1.6109,delivery,,,,,,,,,,,,,,,,,,,,,,,,,,,,,,,,,,,,,,,,,,,,,,,,,,,,
42,23,10,21,S60,False,0,2,2,0,17,0,0,0,0,"['B181', 'B616', 'B523', 'B295', 'B692', 'B187', 'B759', 'B90', 'B362', 'B165', 'B378', 'B215', 'B679', 'B164', 'B48', 'B613', 'B226']",8.5,S29,7.31,17,2,19,0.0,,-1.263139,-13.380097,-14.643236,False,False,18,S66,True,14,2.3517,pickup,,,,,,,,,,,,,,,,,,,,,,,,,,,,,,,,,,,,,,,,,,,,,,,,,,,,
42,23,10,37,S29,False,17,2,19,17,0,0,0,0,0,"['B181', 'B616', 'B523', 'B295', 'B692', 'B187', 'B759', 'B90', 'B362', 'B165', 'B378', 'B215', 'B679', 'B164', 'B48', 'B613', 'B226']",8.5,S33,4.32,0,2,2,0.0,,-0.803258,-13.425832,-14.22909,False,False,18,S50,True,9,3.0767,delivery,,,,,,,,,,,,,,,,,,,,,,,,,,,,,,,,,,,,,,,,,,,,,,,,,,,,
42,23,10,50,S33,False,0,2,2,0,11,1,0,0,0,"['B357', 'B589', 'B614', 'B665', 'B720', 'B95', 'B419', 'B442', 'B512', 'B528', 'B604']",8.5,S52,0.73,11,2,13,0.0,,-0.909152,-13.370762,-14.279914,True,True,36,S53,True,33,4.8929,pickup+onsite,,,,,,,,,,,,,,,,,,,,,,,,,,,,,,,,,,,,,,,,,,,,,,,,,,,,
42,23,10,59,S52,False,11,2,13,10,0,1,0,0,0,"['B357', 'B589', 'B614', 'B665', 'B720', 'B95', 'B419', 'B442', 'B512', 'B528']",8.0,S53,2.01,1,2,3,0.0,,-0.94895,-13.347117,-14.296068,True,True,36,S31,True,30,5.3376,delivery+onsite,,,,,,,,,,,,,,,,,,,,,,,,,,,,,,,,,,,,,,,,,,,,,,,,,,,,
42,23,11,9,S53,False,1,2,3,0,14,1,0,0,0,"['B109', 'B272', 'B504', 'B192', 'B363', 'B549', 'B303', 'B76', 'B617', 'B108', 'B20', 'B119', 'B178', 'B56']",10.0,S50,5.17,15,2,17,0.0,,-0.674638,-13.356448,-14.031086,True,True,36,S46,True,21,4.274,pickup+onsite,,,,,,,,,,,,,,,,,,,,,,,,,,,,,,,,,,,,,,,,,,,,,,,,,,,,
42,23,11,24,S50,False,15,2,17,15,0,0,0,0,0,"['B604', 'B109', 'B272', 'B504', 'B192', 'B363', 'B549', 'B303', 'B76', 'B617', 'B108', 'B20', 'B119', 'B178', 'B56']",7.5,S21,5.55,0,2,2,0.0,,-0.517066,-13.25612,-13.773186,False,False,18,S3,True,16,3.1945,delivery,,,,,,,,,,,,,,,,,,,,,,,,,,,,,,,,,,,,,,,,,,,,,,,,,,,,
42,23,11,37,S21,False,0,2,2,0,5,1,0,0,0,"['B555', 'B735', 'B124', 'B352', 'B194']",5.5,S52,11.4,5,2,7,0.0,,-0.773095,-13.151995,-13.92509,True,True,36,S3,True,31,3.9102,pickup+onsite,,,,,,,,,,,,,,,,,,,,,,,,,,,,,,,,,,,,,,,,,,,,,,,,,,,,
42,23,11,54,S52,False,5,2,7,0,11,0,0,0,0,"['B205', 'B281', 'B357', 'B589', 'B614', 'B665', 'B720', 'B95', 'B419', 'B442', 'B512']",5.5,S16,1.07,16,2,18,0.0,,-1.104819,-13.170408,-14.275227,False,False,18,S16,False,12,1.9542,pickup,,,,,,,,,,,,,,,,,,,,,,,,,,,,,,,,,,,,,,,,,,,,,,,,,,,,
42,23,12,1,S16,False,16,2,18,5,0,0,0,0,0,"['B555', 'B735', 'B124', 'B352', 'B194']",2.5,S4,2.09,11,2,13,0.0,,-0.80879,-13.067977,-13.876767,False,False,18,S4,False,7,2.1537,delivery,,,,,,,,,,,,,,,,,,,,,,,,,,,,,,,,,,,,,,,,,,,,,,,,,,,,
42,23,12,5,S4,False,11,2,13,11,0,0,0,0,0,"['B205', 'B281', 'B357', 'B589', 'B614', 'B665', 'B720', 'B95', 'B419', 'B442', 'B512']",5.5,S44,1.93,0,2,2,0.0,,-0.771385,-13.110722,-13.882107,False,False,12,S38,True,10,1.402,delivery,,,,,,,,,,,,,,,,,,,,,,,,,,,,,,,,,,,,,,,,,,,,,,,,,,,,
42,23,12,13,S44,False,0,2,2,0,10,0,0,0,0,"['B420', 'B495', 'B571', 'B522', 'B234', 'B241', 'B84', 'B688', 'B49', 'B461']",5.0,S37,1.36,10,2,12,0.0,,-0.732181,-13.110295,-13.842476,False,False,18,S37,False,12,2.1108,pickup,,,,,,,,,,,,,,,,,,,,,,,,,,,,,,,,,,,,,,,,,,,,,,,,,,,,
42,23,12,19,S37,False,10,2,12,0,8,0,0,0,0,"['B209', 'B236', 'B505', 'B145', 'B190', 'B630', 'B259', 'B690']",4.0,S52,1.18,18,2,20,0.0,,-0.756067,-12.963908,-13.719975,False,False,12,S40,True,8,1.5498,pickup,,,,,,,,,,,,,,,,,,,,,,,,,,,,,,,,,,,,,,,,,,,,,,,,,,,,
42,23,12,24,S52,False,18,2,20,10,0,0,0,0,0,"['B420', 'B495', 'B571', 'B522', 'B234', 'B241', 'B84', 'B688', 'B49', 'B461']",5.0,S45,1.46,8,2,10,0.0,,-0.868827,-13.019549,-13.888376,False,False,18,S6,True,14,2.1936,delivery,,,,,,,,,,,,,,,,,,,,,,,,,,,,,,,,,,,,,,,,,,,,,,,,,,,,
42,23,12,31,S45,False,8,2,10,0,0,0,1,0,0,['B564'],0.5,S42,6.84,8,3,11,0.0,,-0.879087,-12.863985,-13.743072,True,True,36,S6,True,8,6.8003,do_nothing+depot_removal,,,,,,,,,,,,,,,,,,,,,,,,,,,,,,,,,,,,,,,,,,,,,,,,,,,,
42,23,12,38,S42,False,8,3,11,0,9,1,0,0,0,"['B742', 'B615', 'B586', 'B572', 'B171', 'B478', 'B673', 'B293', 'B723']",7.5,S6,13.28,17,3,20,0.0,,-0.634466,-12.749489,-13.383955,True,True,24,S6,False,21,5.0803,pickup+onsite,,,,,,,,,,,,,,,,,,,,,,,,,,,,,,,,,,,,,,,,,,,,,,,,,,,,
42,23,12,59,S6,False,17,3,20,10,0,0,0,0,0,"['B209', 'B236', 'B505', 'B145', 'B190', 'B630', 'B259', 'B690', 'B742', 'B615']",5.0,S33,10.94,7,3,10,0.0,,-1.108301,-12.80377,-13.912071,False,False,18,S50,True,7,2.0046,delivery,,,,,,,,,,,,,,,,,,,,,,,,,,,,,,,,,,,,,,,,,,,,,,,,,,,,
42,23,13,15,S33,False,7,3,10,0,10,0,0,0,0,"['B553', 'B385', 'B766', 'B694', 'B100', 'B110', 'B135', 'B433', 'B610', 'B722']",5.0,S29,4.32,17,3,20,0.0,,-1.089596,-12.794347,-13.883943,False,False,12,S34,True,7,1.1318,pickup,,,,,,,,,,,,,,,,,,,,,,,,,,,,,,,,,,,,,,,,,,,,,,,,,,,,
42,23,13,24,S29,False,17,3,20,17,0,0,0,0,0,"['B586', 'B572', 'B171', 'B478', 'B673', 'B293', 'B723', 'B553', 'B385', 'B766', 'B694', 'B100', 'B110', 'B135', 'B433', 'B610', 'B722']",8.5,S30,8.0,0,3,3,0.0,,-1.858066,-12.845284,-14.70335,False,False,12,S57,True,6,1.3838,delivery,,,,,,,,,,,,,,,,,,,,,,,,,,,,,,,,,,,,,,,,,,,,,,,,,,,,
42,23,13,41,S30,False,0,3,3,0,9,0,0,0,0,"['B344', 'B398', 'B138', 'B578', 'B421', 'B51', 'B760', 'B187', 'B247']",4.5,S34,5.86,9,3,12,0.0,,-1.200358,-13.01478,-14.215138,False,False,18,S66,True,13,1.7728,pickup,,,,,,,,,,,,,,,,,,,,,,,,,,,,,,,,,,,,,,,,,,,,,,,,,,,,
42,23,13,51,S34,False,9,3,12,9,0,0,0,0,0,"['B344', 'B398', 'B138', 'B578', 'B421', 'B51', 'B760', 'B187', 'B247']",4.5,S66,4.36,0,3,3,0.0,,-1.066051,-12.985923,-14.051973,False,False,12,S66,False,6,1.1978,delivery,,,,,,,,,,,,,,,,,,,,,,,,,,,,,,,,,,,,,,,,,,,,,,,,,,,,
42,23,14,0,S66,False,0,3,3,0,16,0,0,0,0,"['B217', 'B678', 'B599', 'B363', 'B759', 'B315', 'B602', 'B562', 'B378', 'B98', 'B534', 'B213', 'B517', 'B541', 'B48', 'B740']",8.0,S64,1.75,16,3,19,0.0,,-1.726083,-13.01695,-14.743033,False,False,18,S37,True,7,1.9547,pickup,,,,,,,,,,,,,,,,,,,,,,,,,,,,,,,,,,,,,,,,,,,,,,,,,,,,
42,23,14,10,S64,False,16,3,19,9,0,0,0,0,0,"['B217', 'B678', 'B599', 'B363', 'B759', 'B315', 'B602', 'B562', 'B378']",4.5,S26,7.31,7,3,10,0.0,,-1.254074,-13.054814,-14.308888,False,False,18,S26,False,7,2.0515,delivery,,,,,,,,,,,,,,,,,,,,,,,,,,,,,,,,,,,,,,,,,,,,,,,,,,,,
42,23,14,21,S26,False,7,3,10,7,0,0,0,0,0,"['B98', 'B534', 'B213', 'B517', 'B541', 'B48', 'B740']",3.5,S42,6.95,0,3,3,0.0,,-1.052869,-13.085167,-14.138035,False,False,12,S42,False,8,1.2374,delivery,,,,,,,,,,,,,,,,,,,,,,,,,,,,,,,,,,,,,,,,,,,,,,,,,,,,
42,23,14,32,S42,False,0,3,3,0,8,0,0,0,0,"['B464', 'B708', 'B683', 'B19', 'B3', 'B147', 'B748', 'B498']",4.0,S54,4.21,8,3,11,0.0,,-1.374219,-13.231209,-14.605428,False,False,18,S31,True,8,2.1972,pickup,,,,,,,,,,,,,,,,,,,,,,,,,,,,,,,,,,,,,,,,,,,,,,,,,,,,
42,23,14,40,S54,False,8,3,11,0,0,1,1,0,0,['B340'],3.5,S29,1.43,8,4,12,0.0,,-1.190916,-13.186342,-14.377257,True,True,72,S29,True,18,7.1392,do_nothing+maintenance,,,,,,,,,,,,,,,,,,,,,,,,,,,,,,,,,,,,,,,,,,,,,,,,,,,,
42,23,14,45,S29,False,8,4,12,8,0,0,0,0,0,"['B464', 'B708', 'B683', 'B19', 'B3', 'B147', 'B748', 'B498']",4.0,S31,6.48,0,4,4,0.0,,-1.196797,-13.137872,-14.334669,False,False,12,S4,True,6,1.1692,delivery,,,,,,,,,,,,,,,,,,,,,,,,,,,,,,,,,,,,,,,,,,,,,,,,,,,,
42,23,14,56,S31,False,0,4,4,0,16,0,0,0,0,"['B635', 'B587', 'B581', 'B414', 'B376', 'B203', 'B370', 'B214', 'B365', 'B597', 'B387', 'B122', 'B107', 'B588', 'B357', 'B570']",8.0,S39,3.72,16,4,20,0.0,,-1.235635,-13.160483,-14.396118,False,False,12,S39,False,6,1.2653,pickup,,,,,,,,,,,,,,,,,,,,,,,,,,,,,,,,,,,,,,,,,,,,,,,,,,,,
42,23,15,7,S39,False,16,4,20,16,0,0,0,0,0,"['B635', 'B587', 'B581', 'B414', 'B376', 'B203', 'B370', 'B214', 'B365', 'B597', 'B387', 'B122', 'B107', 'B588', 'B357', 'B570']",8.0,S62,5.74,0,4,4,0.0,,-1.327331,-13.164806,-14.492137,False,False,12,S50,True,6,1.5694,delivery,,,,,,,,,,,,,,,,,,,,,,,,,,,,,,,,,,,,,,,,,,,,,,,,,,,,
42,23,15,21,S62,False,0,4,4,0,13,0,0,0,0,"['B617', 'B335', 'B402', 'B726', 'B49', 'B175', 'B174', 'B586', 'B666', 'B663', 'B560', 'B91', 'B186']",6.5,S50,4.95,13,4,17,0.0,,-1.084207,-13.074936,-14.159142,False,False,18,S63,True,7,1.8594,pickup,,,,,,,,,,,,,,,,,,,,,,,,,,,,,,,,,,,,,,,,,,,,,,,,,,,,
42,23,15,32,S50,False,13,4,17,0,0,0,0,0,0,[],0.0,S55,3.32,13,4,17,0.0,,-1.221391,-12.916133,-14.137524,False,False,12,S45,True,0,1.2464,do_nothing,,,,,,,,,,,,,,,,,,,,,,,,,,,,,,,,,,,,,,,,,,,,,,,,,,,,
42,23,15,36,S55,False,13,4,17,13,0,0,0,0,0,"['B617', 'B335', 'B402', 'B726', 'B49', 'B175', 'B174', 'B586', 'B666', 'B663', 'B560', 'B91', 'B186']",6.5,S63,3.64,0,4,4,0.0,,-1.147508,-12.860799,-14.008307,False,False,12,S45,True,6,1.342,delivery,,,,,,,,,,,,,,,,,,,,,,,,,,,,,,,,,,,,,,,,,,,,,,,,,,,,
42,23,15,46,S63,False,0,4,4,0,16,0,0,0,0,"['B347', 'B319', 'B262', 'B677', 'B461', 'B272', 'B596', 'B100', 'B685', 'B763', 'B750', 'B415', 'B254', 'B232', 'B502', 'B686']",8.0,S32,3.1,16,4,20,0.0,,-1.233453,-12.950294,-14.183747,False,False,12,S32,False,6,1.5934,pickup,,,,,,,,,,,,,,,,,,,,,,,,,,,,,,,,,,,,,,,,,,,,,,,,,,,,
42,23,15,57,S32,False,16,4,20,16,0,0,0,0,0,"['B347', 'B319', 'B262', 'B677', 'B461', 'B272', 'B596', 'B100', 'B685', 'B763', 'B750', 'B415', 'B254', 'B232', 'B502', 'B686']",8.0,S44,3.42,0,4,4,0.0,,-0.940285,-12.829352,-13.769637,False,False,18,S50,True,6,1.8936,delivery,,,,,,,,,,,,,,,,,,,,,,,,,,,,,,,,,,,,,,,,,,,,,,,,,,,,
42,23,16,8,S44,False,0,4,4,0,12,0,0,0,0,"['B576', 'B260', 'B110', 'B610', 'B613', 'B722', 'B533', 'B94', 'B711', 'B648', 'B464', 'B353']",6.0,S26,7.72,12,4,16,0.0,,-0.968246,-12.723657,-13.691903,False,False,18,S58,True,13,1.8522,pickup,,,,,,,,,,,,,,,,,,,,,,,,,,,,,,,,,,,,,,,,,,,,,,,,,,,,
42,23,16,22,S26,False,12,4,16,12,0,0,0,0,0,"['B576', 'B260', 'B110', 'B610', 'B613', 'B722', 'B533', 'B94', 'B711', 'B648', 'B464', 'B353']",6.0,S46,8.08,0,4,4,0.0,,-0.583977,-12.719139,-13.303116,False,False,12,S16,True,8,1.4164,delivery,,,,,,,,,,,,,,,,,,,,,,,,,,,,,,,,,,,,,,,,,,,,,,,,,,,,
42,23,16,36,S46,False,0,4,4,0,12,0,1,0,0,"['B243', 'B696', 'B6', 'B297', 'B321', 'B287', 'B382', 'B707', 'B258', 'B651', 'B499', 'B142', 'B111']",6.5,S57,5.43,12,5,17,0.0,,-0.822362,-12.744608,-13.56697,True,True,36,S53,True,34,5.312,pickup+depot_removal,,,,,,,,,,,,,,,,,,,,,,,,,,,,,,,,,,,,,,,,,,,,,,,,,,,,
42,23,16,48,S57,False,12,5,17,12,0,1,2,0,0,"['B558', 'B393', 'B243', 'B696', 'B6', 'B297', 'B321', 'B287', 'B382', 'B707', 'B258', 'B651', 'B499', 'B142']",10.0,S33,5.72,0,7,7,0.0,,-0.950874,-12.636679,-13.587553,True,True,72,S55,True,70,7.938,delivery+maintenance,,,,,,,,,,,,,,,,,,,,,,,,,,,,,,,,,,,,,,,,,,,,,,,,,,,,
42,23,17,4,S33,False,0,7,7,0,13,0,0,0,0,"['B101', 'B642', 'B359', 'B389', 'B295', 'B221', 'B156', 'B536', 'B676', 'B734', 'B285', 'B649', 'B749']",6.5,S55,3.28,13,7,20,0.0,,-1.046748,-12.804597,-13.851345,False,False,18,S3,True,10,1.7445,pickup,,,,,,,,,,,,,,,,,,,,,,,,,,,,,,,,,,,,,,,,,,,,,,,,,,,,
42,23,17,14,S55,False,13,7,20,13,0,0,0,0,0,"['B101', 'B642', 'B359', 'B389', 'B295', 'B221', 'B156', 'B536', 'B676', 'B734', 'B285', 'B649', 'B749']",6.5,S38,6.95,0,7,7,0.0,,-1.068782,-12.867452,-13.936235,False,False,12,S3,True,9,1.1906,delivery,,,,,,,,,,,,,,,,,,,,,,,,,,,,,,,,,,,,,,,,,,,,,,,,,,,,
42,23,17,27,S38,False,0,7,7,0,10,0,0,0,0,"['B456', 'B629', 'B53', 'B403', 'B69', 'B767', 'B59', 'B222', 'B341', 'B441']",5.0,S54,6.91,10,7,17,0.0,,-0.773774,-12.756885,-13.530659,False,False,18,S37,True,13,1.7629,pickup,,,,,,,,,,,,,,,,,,,,,,,,,,,,,,,,,,,,,,,,,,,,,,,,,,,,
42,23,17,39,S54,False,10,7,17,10,0,0,0,0,0,"['B456', 'B629', 'B53', 'B403', 'B69', 'B767', 'B59', 'B222', 'B341', 'B441']",5.0,S3,2.56,0,7,7,0.0,,-1.049544,-12.86813,-13.917674,False,False,12,S64,True,7,1.1855,delivery,,,,,,,,,,,,,,,,,,,,,,,,,,,,,,,,,,,,,,,,,,,,,,,,,,,,
42,23,17,47,S3,False,0,7,7,0,13,0,0,0,0,"['B600', 'B47', 'B554', 'B702', 'B16', 'B282', 'B189', 'B208', 'B532', 'B125', 'B585', 'B193', 'B63']",6.5,S66,7.38,13,7,20,0.0,,-0.609021,-12.740109,-13.34913,False,False,12,S29,True,7,1.2392,pickup,,,,,,,,,,,,,,,,,,,,,,,,,,,,,,,,,,,,,,,,,,,,,,,,,,,,
42,23,18,0,S66,False,13,7,20,11,0,0,0,0,0,"['B600', 'B47', 'B554', 'B702', 'B16', 'B282', 'B189', 'B208', 'B532', 'B125', 'B585']",5.5,S52,3.13,2,7,9,0.0,,-0.686286,-12.676625,-13.362912,False,False,18,S52,False,7,2.4263,delivery,,,,,,,,,,,,,,,,,,,,,,,,,,,,,,,,,,,,,,,,,,,,,,,,,,,,
42,23,18,9,S52,False,2,7,9,2,0,0,0,0,0,"['B193', 'B63']",1.0,S61,2.0,0,7,7,0.0,,-0.536152,-12.605309,-13.141461,False,False,12,S62,True,7,1.8009,delivery,,,,,,,,,,,,,,,,,,,,,,,,,,,,,,,,,,,,,,,,,,,,,,,,,,,,
42,23,18,12,S61,False,0,7,7,0,6,1,1,0,0,"['B31', 'B743', 'B524', 'B484', 'B733', 'B170', 'B211']",6.5,S21,12.25,6,8,14,0.0,,-0.419311,-12.563751,-12.983063,True,True,72,S62,True,69,7.3276,pickup+maintenance,,,,,,,,,,,,,,,,,,,,,,,,,,,,,,,,,,,,,,,,,,,,,,,,,,,,
42,23,18,31,S21,False,6,8,14,6,0,0,0,0,0,"['B31', 'B743', 'B524', 'B484', 'B733', 'B170']",3.0,S48,12.11,0,8,8,0.0,,-0.313565,-12.661667,-12.975232,False,False,12,S48,False,10,1.2776,delivery,,,,,,,,,,,,,,,,,,,,,,,,,,,,,,,,,,,,,,,,,,,,,,,,,,,,
42,23,18,46,S48,False,0,8,8,0,10,0,1,0,0,"['B513', 'B265', 'B216', 'B384', 'B453', 'B405', 'B147', 'B555', 'B119', 'B522', 'B479']",5.5,S54,6.34,10,9,19,0.0,,-0.500356,-12.641527,-13.141883,True,True,36,S62,True,34,3.9555,pickup+depot_removal,,,,,,,,,,,,,,,,,,,,,,,,,,,,,,,,,,,,,,,,,,,,,,,,,,,,
42,23,18,58,S54,False,10,9,19,10,0,0,0,0,0,"['B513', 'B265', 'B216', 'B384', 'B453', 'B405', 'B147', 'B555', 'B119', 'B522']",5.0,S62,2.78,0,9,9,0.0,,-0.402654,-12.597592,-13.000246,False,False,12,S63,True,6,1.335,delivery,,,,,,,,,,,,,,,,,,,,,,,,,,,,,,,,,,,,,,,,,,,,,,,,,,,,
42,23,19,6,S62,False,0,9,9,0,11,0,0,0,0,"['B447', 'B537', 'B172', 'B15', 'B611', 'B668', 'B480', 'B42', 'B3', 'B386', 'B241']",5.5,S29,3.79,11,9,20,0.0,,-0.311316,-12.567063,-12.878378,False,False,12,S58,True,7,1.2931,pickup,,,,,,,,,,,,,,,,,,,,,,,,,,,,,,,,,,,,,,,,,,,,,,,,,,,,
42,23,19,15,S29,False,11,9,20,11,0,0,0,0,0,"['B447', 'B537', 'B172', 'B15', 'B611', 'B668', 'B480', 'B42', 'B3', 'B386', 'B241']",5.5,S63,5.25,0,9,9,0.0,,-0.40175,-12.542441,-12.944191,False,False,12,S63,False,6,1.2594,delivery,,,,,,,,,,,,,,,,,,,,,,,,,,,,,,,,,,,,,,,,,,,,,,,,,,,,
42,23,19,26,S63,False,0,9,9,0,11,0,0,0,0,"['B747', 'B68', 'B307', 'B725', 'B143', 'B402', 'B327', 'B155', 'B471', 'B202', 'B188']",5.5,S58,2.12,11,9,20,0.0,,-0.186208,-12.484819,-12.671027,False,False,12,S12,True,6,1.6353,pickup,,,,,,,,,,,,,,,,,,,,,,,,,,,,,,,,,,,,,,,,,,,,,,,,,,,,
42,23,19,33,S58,False,11,9,20,11,0,0,0,0,0,"['B747', 'B68', 'B307', 'B725', 'B143', 'B402', 'B327', 'B155', 'B471', 'B202', 'B188']",5.5,S64,2.1,0,9,9,0.0,,-0.224837,-12.580464,-12.805301,False,False,10,S64,False,5,1.5,delivery,,,,,,,,,,,,,,,,,,,,,,,,,,,,,,,,,,,,,,,,,,,,,,,,,,,,
42,23,19,41,S64,False,0,9,9,0,0,0,0,0,0,[],0.0,S41,1.81,0,9,9,0.0,,-0.263631,-12.620867,-12.884498,False,False,6,S40,True,2,0.6479,do_nothing,,,,,,,,,,,,,,,,,,,,,,,,,,,,,,,,,,,,,,,,,,,,,,,,,,,,
42,23,19,43,S41,False,0,9,9,0,0,0,0,0,0,[],0.0,S64,1.81,0,9,9,0.0,,-0.360727,-12.646021,-13.006748,False,False,7,S40,True,1,0.8592,do_nothing,,,,,,,,,,,,,,,,,,,,,,,,,,,,,,,,,,,,,,,,,,,,,,,,,,,,
42,23,19,44,S64,False,0,9,9,0,0,0,0,0,0,[],0.0,S41,1.81,0,9,9,0.0,,-0.362241,-12.638595,-13.000836,False,False,6,S40,True,2,0.6478,do_nothing,,,,,,,,,,,,,,,,,,,,,,,,,,,,,,,,,,,,,,,,,,,,,,,,,,,,
42,23,19,46,S41,False,0,9,9,0,0,0,0,0,0,[],0.0,S31,1.27,0,9,9,0.0,,-0.253556,-12.664256,-12.917812,False,False,4,S31,False,0,0.4249,do_nothing,,,,,,,,,,,,,,,,,,,,,,,,,,,,,,,,,,,,,,,,,,,,,,,,,,,,
42,23,19,48,S31,False,0,9,9,0,11,0,0,0,0,"['B318', 'B385', 'B248', 'B473', 'B462', 'B408', 'B705', 'B352', 'B367', 'B24', 'B75']",5.5,D0,1.48,11,9,20,0.0,,-0.331578,-12.901012,-13.23259,False,False,2,D0,False,1,0.2222,pickup,,,,,,,,,,,,,,,,,,,,,,,,,,,,,,,,,,,,,,,,,,,,,,,,,,,,
42,23,19,55,D0,True,11,9,20,0,0,0,0,9,9,"['B346', 'B475', 'B305', 'B603', 'B52', 'B277', 'B37', 'B182', 'B230', 'B551', 'B158', 'B564', 'B340', 'B111', 'B558', 'B393', 'B211', 'B479']",9.0,D0,0.0,20,0,20,0.0,,-0.334011,-12.724976,-13.058987,True,True,1,D0,False,0,0.1891,do_nothing,,,,,,,,,,,,,,,,,,,,,,,,,,,,,,,,,,,,,,,,,,,,,,,,,,,,
42,24,6,4,D0,True,20,0,20,0,0,0,0,0,0,[],0.0,S51,3.91,20,0,20,0.0,,-3.838794,-13.731418,-17.570212,True,True,5,S15,True,3,0.7975,depot_passthrough,,,,,,,,,,,,,,,,,,,,,,,,,,,,,,,,,,,,,,,,,,,,,,,,,,,,
42,24,6,22,S51,False,20,0,20,16,0,0,0,0,0,"['B318', 'B385', 'B248', 'B473', 'B462', 'B408', 'B705', 'B352', 'B367', 'B24', 'B75', 'B346', 'B475', 'B305', 'B603', 'B52']",8.0,S54,6.18,4,0,4,0.0,,-2.90145,-13.706027,-16.607478,False,False,18,S15,True,7,2.2894,delivery,,,,,,,,,,,,,,,,,,,,,,,,,,,,,,,,,,,,,,,,,,,,,,,,,,,,
42,24,6,37,S54,False,4,0,4,0,16,0,0,0,0,"['B299', 'B515', 'B736', 'B507', 'B679', 'B727', 'B121', 'B44', 'B146', 'B4', 'B702', 'B693', 'B528', 'B412', 'B284', 'B38']",8.0,S66,5.58,20,0,20,0.0,,-2.214605,-13.259685,-15.47429,False,False,12,S0,True,7,1.6136,pickup,,,,,,,,,,,,,,,,,,,,,,,,,,,,,,,,,,,,,,,,,,,,,,,,,,,,
42,24,6,50,S66,False,20,0,20,19,0,0,0,0,0,"['B277', 'B37', 'B182', 'B230', 'B299', 'B515', 'B736', 'B507', 'B679', 'B727', 'B121', 'B44', 'B146', 'B4', 'B702', 'B693', 'B528', 'B412', 'B284']",9.5,S35,8.23,1,0,1,0.0,,-2.169312,-13.421406,-15.590718,False,False,18,S39,True,10,2.2978,delivery,,,,,,,,,,,,,,,,,,,,,,,,,,,,,,,,,,,,,,,,,,,,,,,,,,,,
42,24,7,8,S35,False,1,0,1,0,12,0,0,0,0,"['B199', 'B667', 'B486', 'B293', 'B348', 'B508', 'B255', 'B534', 'B306', 'B192', 'B276', 'B31']",6.0,S65,10.81,13,0,13,0.0,,-1.902073,-13.546804,-15.448876,False,False,18,S33,True,15,2.0041,pickup,,,,,,,,,,,,,,,,,,,,,,,,,,,,,,,,,,,,,,,,,,,,,,,,,,,,
42,24,7,25,S65,False,13,0,13,13,0,0,1,0,0,"['B179', 'B38', 'B199', 'B667', 'B486', 'B293', 'B348', 'B508', 'B255', 'B534', 'B306', 'B192', 'B276', 'B31']",7.0,S54,8.42,0,1,1,0.0,,-1.411508,-13.533788,-14.945295,True,True,24,S4,True,20,2.7833,delivery+depot_removal,,,,,,,,,,,,,,,,,,,,,,,,,,,,,,,,,,,,,,,,,,,,,,,,,,,,
42,24,7,40,S54,False,0,1,1,0,15,0,0,0,0,"['B72', 'B223', 'B555', 'B748', 'B48', 'B445', 'B98', 'B571', 'B328', 'B138', 'B404', 'B635', 'B229', 'B590', 'B497']",7.5,S15,3.9,15,1,16,0.0,,-1.139157,-13.478791,-14.617949,False,False,18,S33,True,6,2.0241,pickup,,,,,,,,,,,,,,,,,,,,,,,,,,,,,,,,,,,,,,,,,,,,,,,,,,,,
42,24,7,52,S15,False,15,1,16,15,0,0,1,0,0,"['B710', 'B72', 'B223', 'B555', 'B748', 'B48', 'B445', 'B98', 'B571', 'B328', 'B138', 'B404', 'B635', 'B229', 'B590', 'B497']",8.0,S18,4.77,0,2,2,0.0,,-1.310497,-13.613673,-14.92417,True,True,24,S4,True,19,2.8343,delivery+depot_removal,,,,,,,,,,,,,,,,,,,,,,,,,,,,,,,,,,,,,,,,,,,,,,,,,,,,
42,24,8,4,S18,False,0,2,2,0,9,1,0,0,0,"['B16', 'B552', 'B532', 'B565', 'B597', 'B512', 'B579', 'B272', 'B96']",7.5,S33,2.77,9,2,11,0.0,,-1.016338,-13.543526,-14.559864,True,True,36,S33,False,33,4.3571,pickup+onsite,,,,,,,,,,,,,,,,,,,,,,,,,,,,,,,,,,,,,,,,,,,,,,,,,,,,
42,24,8,15,S33,False,9,2,11,0,9,0,0,0,0,"['B246', 'B591', 'B429', 'B149', 'B47', 'B444', 'B238', 'B319', 'B300']",4.5,S31,3.18,18,2,20,0.0,,-0.936224,-13.413253,-14.349477,False,False,12,S31,False,10,1.5725,pickup,,,,,,,,,,,,,,,,,,,,,,,,,,,,,,,,,,,,,,,,,,,,,,,,,,,,
42,24,8,22,S31,False,18,2,20,18,0,0,0,0,0,"['B16', 'B552', 'B532', 'B565', 'B597', 'B512', 'B579', 'B272', 'B96', 'B246', 'B591', 'B429', 'B149', 'B47', 'B444', 'B238', 'B319', 'B300']",9.0,S37,2.81,0,2,2,0.0,,-0.928925,-13.294848,-14.223773,False,False,18,S43,True,6,2.2649,delivery,,,,,,,,,,,,,,,,,,,,,,,,,,,,,,,,,,,,,,,,,,,,,,,,,,,,
42,24,8,34,S37,False,0,2,2,0,18,0,0,0,0,"['B599', 'B449', 'B275', 'B389', 'B553', 'B518', 'B191', 'B203', 'B761', 'B154', 'B735', 'B190', 'B164', 'B420', 'B309', 'B239', 'B50', 'B135']",9.0,S53,3.02,18,2,20,0.0,,-1.057429,-13.202107,-14.259536,True,False,18,S43,True,15,2.0959,pickup,,,,,,,,,,,,,,,,,,,,,,,,,,,,,,,,,,,,,,,,,,,,,,,,,,,,
42,24,8,46,S53,False,18,2,20,12,0,0,0,0,0,"['B599', 'B449', 'B275', 'B389', 'B553', 'B518', 'B191', 'B203', 'B761', 'B154', 'B735', 'B190']",6.0,S32,1.73,6,2,8,0.0,,-0.965653,-13.140043,-14.105696,True,False,36,S43,True,13,4.7357,delivery,,,,,,,,,,,,,,,,,,,,,,,,,,,,,,,,,,,,,,,,,,,,,,,,,,,,
42,24,8,54,S32,False,6,2,8,0,12,0,0,0,0,"['B460', 'B660', 'B503', 'B196', 'B287', 'B18', 'B173', 'B606', 'B232', 'B568', 'B401', 'B205']",6.0,S43,3.61,18,2,20,0.0,,-1.046883,-13.056028,-14.102911,False,False,12,S43,False,6,1.6125,pickup,,,,,,,,,,,,,,,,,,,,,,,,,,,,,,,,,,,,,,,,,,,,,,,,,,,,
42,24,9,3,S43,False,18,2,20,15,0,1,1,0,0,"['B58', 'B164', 'B420', 'B309', 'B239', 'B50', 'B135', 'B460', 'B660', 'B503', 'B196', 'B287', 'B18', 'B173', 'B606', 'B232']",11.0,S49,4.64,3,3,6,0.0,,-1.010689,-13.053896,-14.064585,True,True,60,S28,True,54,6.5337,delivery+maintenance,,,,,,,,,,,,,,,,,,,,,,,,,,,,,,,,,,,,,,,,,,,,,,,,,,,,
42,24,9,19,S49,False,3,3,6,0,11,0,0,0,0,"['B133', 'B584', 'B39', 'B195', 'B297', 'B766', 'B646', 'B327', 'B345', 'B208', 'B670']",5.5,S28,10.5,14,3,17,0.0,,-0.851995,-13.108401,-13.960396,False,False,18,S48,True,12,2.0884,pickup,,,,,,,,,,,,,,,,,,,,,,,,,,,,,,,,,,,,,,,,,,,,,,,,,,,,
42,24,9,35,S28,False,14,3,17,13,0,0,0,0,0,"['B568', 'B401', 'B205', 'B133', 'B584', 'B39', 'B195', 'B297', 'B766', 'B646', 'B327', 'B345', 'B208']",6.5,S55,14.03,1,3,4,0.0,,-0.712201,-13.494211,-14.206412,False,False,18,S1,True,9,1.9049,delivery,,,,,,,,,,,,,,,,,,,,,,,,,,,,,,,,,,,,,,,,,,,,,,,,,,,,
42,24,9,56,S55,False,1,3,4,0,15,0,0,0,0,"['B180', 'B104', 'B97', 'B546', 'B152', 'B331', 'B367', 'B535', 'B221', 'B110', 'B489', 'B741', 'B147', 'B678', 'B448']",7.5,S53,2.16,16,3,19,0.0,,-0.967388,-13.705526,-14.672914,False,False,18,S52,True,9,2.9547,pickup,,,,,,,,,,,,,,,,,,,,,,,,,,,,,,,,,,,,,,,,,,,,,,,,,,,,
42,24,10,5,S53,False,16,3,19,14,0,1,0,0,0,"['B670', 'B180', 'B104', 'B97', 'B546', 'B152', 'B331', 'B367', 'B535', 'B221', 'B110', 'B489', 'B741', 'B147']",10.0,S52,2.01,2,3,5,0.0,,-0.695081,-13.798131,-14.493212,True,True,36,S17,True,33,5.2489,delivery+onsite,,,,,,,,,,,,,,,,,,,,,,,,,,,,,,,,,,,,,,,,,,,,,,,,,,,,
42,24,10,17,S52,False,2,3,5,2,0,1,1,0,0,"['B498', 'B678', 'B448']",4.5,S39,4.66,0,4,4,0.0,,-0.917581,-13.679932,-14.597512,True,True,48,S39,False,46,5.0886,delivery+maintenance,,,,,,,,,,,,,,,,,,,,,,,,,,,,,,,,,,,,,,,,,,,,,,,,,,,,
42,24,10,26,S39,False,0,4,4,0,16,0,0,0,0,"['B150', 'B439', 'B472', 'B243', 'B226', 'B592', 'B645', 'B64', 'B376', 'B753', 'B416', 'B237', 'B343', 'B628', 'B335', 'B23']",8.0,S50,10.68,16,4,20,0.0,,-0.830835,-13.635116,-14.46595,False,False,18,S32,True,7,2.1303,pickup,,,,,,,,,,,,,,,,,,,,,,,,,,,,,,,,,,,,,,,,,,,,,,,,,,,,
42,24,10,45,S50,False,16,4,20,16,0,0,0,0,0,"['B150', 'B439', 'B472', 'B243', 'B226', 'B592', 'B645', 'B64', 'B376', 'B753', 'B416', 'B237', 'B343', 'B628', 'B335', 'B23']",8.0,S32,4.46,0,4,4,0.0,,-0.722871,-13.587046,-14.309918,False,False,18,S17,True,8,2.1084,delivery,,,,,,,,,,,,,,,,,,,,,,,,,,,,,,,,,,,,,,,,,,,,,,,,,,,,
42,24,10,58,S32,False,0,4,4,0,13,0,1,0,0,"['B387', 'B350', 'B619', 'B734', 'B235', 'B490', 'B354', 'B397', 'B385', 'B94', 'B112', 'B718', 'B711', 'B160']",7.0,S29,3.29,13,5,18,0.0,,-1.00425,-13.532455,-14.536705,True,True,36,S51,True,18,3.7001,pickup+depot_removal,,,,,,,,,,,,,,,,,,,,,,,,,,,,,,,,,,,,,,,,,,,,,,,,,,,,
42,24,11,8,S29,False,13,5,18,13,0,0,1,0,0,"['B352', 'B387', 'B350', 'B619', 'B734', 'B235', 'B490', 'B354', 'B397', 'B385', 'B94', 'B112', 'B718', 'B711']",7.0,S1,2.42,0,6,6,0.0,,-0.810545,-13.395481,-14.206026,True,True,24,S38,True,19,2.3516,delivery+depot_removal,,,,,,,,,,,,,,,,,,,,,,,,,,,,,,,,,,,,,,,,,,,,,,,,,,,,
42,24,11,17,S1,False,0,6,6,0,14,0,0,0,0,"['B713', 'B108', 'B20', 'B545', 'B181', 'B586', 'B665', 'B19', 'B549', 'B680', 'B631', 'B685', 'B83', 'B382']",7.0,S63,6.86,14,6,20,0.0,,-0.701151,-13.462484,-14.163635,False,False,12,S3,True,9,1.2307,pickup,,,,,,,,,,,,,,,,,,,,,,,,,,,,,,,,,,,,,,,,,,,,,,,,,,,,
42,24,11,31,S63,False,14,6,20,14,0,0,0,0,0,"['B713', 'B108', 'B20', 'B545', 'B181', 'B586', 'B665', 'B19', 'B549', 'B680', 'B631', 'B685', 'B83', 'B382']",7.0,S31,4.21,0,6,6,0.0,,-0.855441,-13.134232,-13.989673,False,False,12,S3,True,10,1.3326,delivery,,,,,,,,,,,,,,,,,,,,,,,,,,,,,,,,,,,,,,,,,,,,,,,,,,,,
42,24,11,42,S31,False,0,6,6,0,0,0,0,0,0,[],0.0,S51,7.45,0,6,6,0.0,,-0.97594,-13.22124,-14.197179,False,False,18,S3,True,1,1.7926,do_nothing,,,,,,,,,,,,,,,,,,,,,,,,,,,,,,,,,,,,,,,,,,,,,,,,,,,,
42,24,11,50,S51,False,0,6,6,0,14,0,0,0,0,"['B651', 'B239', 'B621', 'B263', 'B9', 'B325', 'B191', 'B603', 'B145', 'B240', 'B365', 'B484', 'B667', 'B257']",7.0,S35,8.32,14,6,20,0.0,,-1.151479,-13.351926,-14.503404,False,False,18,S3,True,9,1.86,pickup,,,,,,,,,,,,,,,,,,,,,,,,,,,,,,,,,,,,,,,,,,,,,,,,,,,,
42,24,12,5,S35,False,14,6,20,0,0,0,0,0,0,[],0.0,S54,2.91,14,6,20,0.0,,-1.033106,-13.326646,-14.359752,False,False,18,S27,True,1,1.5886,do_nothing,,,,,,,,,,,,,,,,,,,,,,,,,,,,,,,,,,,,,,,,,,,,,,,,,,,,
42,24,12,8,S54,False,14,6,20,14,0,0,0,0,0,"['B651', 'B239', 'B621', 'B263', 'B9', 'B325', 'B191', 'B603', 'B145', 'B240', 'B365', 'B484', 'B667', 'B257']",7.0,S64,6.09,0,6,6,0.0,,-1.117439,-13.292264,-14.409702,False,False,12,S27,True,9,1.5767,delivery,,,,,,,,,,,,,,,,,,,,,,,,,,,,,,,,,,,,,,,,,,,,,,,,,,,,
42,24,12,21,S64,False,0,6,6,0,7,0,0,0,0,"['B315', 'B602', 'B562', 'B378', 'B351', 'B688', 'B289']",3.5,S29,7.1,7,6,13,0.0,,-1.032425,-13.313972,-14.346396,False,False,18,S18,True,10,2.2095,pickup,,,,,,,,,,,,,,,,,,,,,,,,,,,,,,,,,,,,,,,,,,,,,,,,,,,,
42,24,12,32,S29,False,7,6,13,7,0,0,0,0,0,"['B315', 'B602', 'B562', 'B378', 'B351', 'B688', 'B289']",3.5,S62,3.79,0,6,6,0.0,,-1.257452,-13.352891,-14.610343,False,False,12,S18,True,6,1.5447,delivery,,,,,,,,,,,,,,,,,,,,,,,,,,,,,,,,,,,,,,,,,,,,,,,,,,,,
42,24,12,39,S62,False,0,6,6,0,14,2,0,0,0,"['B7', 'B12', 'B508', 'B525', 'B609', 'B437', 'B738', 'B552', 'B114', 'B656', 'B291', 'B499', 'B26', 'B744']",13.0,S26,5.52,14,6,20,0.0,,-1.025742,-13.225728,-14.251471,True,True,36,S27,True,31,3.6773,pickup+onsite,,,,,,,,,,,,,,,,,,,,,,,,,,,,,,,,,,,,,,,,,,,,,,,,,,,,
42,24,12,58,S26,False,14,6,20,14,0,0,0,0,0,"['B7', 'B12', 'B508', 'B525', 'B609', 'B437', 'B738', 'B552', 'B114', 'B656', 'B291', 'B499', 'B26', 'B744']",7.0,S31,6.02,0,6,6,0.0,,-1.502005,-13.26848,-14.770486,False,False,12,S27,True,6,1.5008,delivery,,,,,,,,,,,,,,,,,,,,,,,,,,,,,,,,,,,,,,,,,,,,,,,,,,,,
42,24,13,11,S31,False,0,6,6,0,14,0,0,0,0,"['B565', 'B597', 'B512', 'B579', 'B272', 'B96', 'B246', 'B591', 'B429', 'B149', 'B47', 'B444', 'B238', 'B319']",7.0,S29,6.48,14,6,20,0.0,,-1.265828,-13.112695,-14.378523,False,False,12,S29,False,6,1.3866,pickup,,,,,,,,,,,,,,,,,,,,,,,,,,,,,,,,,,,,,,,,,,,,,,,,,,,,
42,24,13,24,S29,False,14,6,20,14,0,0,0,0,0,"['B565', 'B597', 'B512', 'B579', 'B272', 'B96', 'B246', 'B591', 'B429', 'B149', 'B47', 'B444', 'B238', 'B319']",7.0,S66,6.29,0,6,6,0.0,,-1.79322,-13.083939,-14.877159,False,False,12,S17,True,9,1.3745,delivery,,,,,,,,,,,,,,,,,,,,,,,,,,,,,,,,,,,,,,,,,,,,,,,,,,,,
42,24,13,37,S66,False,0,6,6,0,11,0,0,0,0,"['B754', 'B184', 'B312', 'B698', 'B215', 'B583', 'B734', 'B588', 'B711', 'B532', 'B709']",5.5,S34,4.36,11,6,17,0.0,,-1.138261,-13.008469,-14.14673,False,False,18,S31,True,9,2.2546,pickup,,,,,,,,,,,,,,,,,,,,,,,,,,,,,,,,,,,,,,,,,,,,,,,,,,,,
42,24,13,47,S34,False,11,6,17,0,0,0,0,0,0,[],0.0,S54,2.69,11,6,17,0.0,,-1.236332,-13.094378,-14.330709,False,False,12,S40,True,0,1.2816,do_nothing,,,,,,,,,,,,,,,,,,,,,,,,,,,,,,,,,,,,,,,,,,,,,,,,,,,,
42,24,13,50,S54,False,11,6,17,11,0,1,0,0,0,"['B754', 'B184', 'B312', 'B698', 'B215', 'B583', 'B734', 'B588', 'B711', 'B532', 'B709']",8.5,S31,5.7,0,6,6,0.0,,-1.031633,-13.079429,-14.111063,True,True,24,S34,True,18,2.5412,delivery+onsite,,,,,,,,,,,,,,,,,,,,,,,,,,,,,,,,,,,,,,,,,,,,,,,,,,,,
42,24,14,4,S31,False,0,6,6,0,14,1,0,0,0,"['B241', 'B625', 'B333', 'B231', 'B576', 'B157', 'B626', 'B595', 'B762', 'B203', 'B164', 'B387', 'B52', 'B175']",10.0,S27,2.27,14,6,20,0.0,,-1.191829,-13.013367,-14.205195,True,True,36,S60,True,20,4.4468,pickup+onsite,,,,,,,,,,,,,,,,,,,,,,,,,,,,,,,,,,,,,,,,,,,,,,,,,,,,
42,24,14,16,S27,False,14,6,20,14,0,0,0,0,0,"['B241', 'B625', 'B333', 'B231', 'B576', 'B157', 'B626', 'B595', 'B762', 'B203', 'B164', 'B387', 'B52', 'B175']",7.0,S44,4.5,0,6,6,0.0,,-1.132622,-12.972544,-14.105166,False,False,18,S34,True,16,2.1498,delivery,,,,,,,,,,,,,,,,,,,,,,,,,,,,,,,,,,,,,,,,,,,,,,,,,,,,
42,24,14,28,S44,False,0,6,6,0,11,0,0,0,0,"['B353', 'B725', 'B357', 'B439', 'B669', 'B178', 'B562', 'B225', 'B156', 'B411', 'B64']",5.5,S64,3.2,11,6,17,0.0,,-1.08675,-12.931009,-14.017759,False,False,18,S41,True,10,1.9995,pickup,,,,,,,,,,,,,,,,,,,,,,,,,,,,,,,,,,,,,,,,,,,,,,,,,,,,
42,24,14,37,S64,False,11,6,17,9,0,0,0,0,0,"['B353', 'B725', 'B357', 'B439', 'B669', 'B178', 'B562', 'B225', 'B156']",4.5,S60,0.95,2,6,8,0.0,,-1.222977,-12.817176,-14.040154,False,False,18,S34,True,8,1.65,delivery,,,,,,,,,,,,,,,,,,,,,,,,,,,,,,,,,,,,,,,,,,,,,,,,,,,,
42,24,14,42,S60,False,2,6,8,0,12,0,0,0,0,"['B633', 'B260', 'B302', 'B526', 'B16', 'B641', 'B397', 'B218', 'B144', 'B1', 'B195', 'B358']",6.0,S34,5.52,14,6,20,0.0,,-1.148822,-12.752421,-13.901243,False,False,12,S34,False,7,1.3362,pickup,,,,,,,,,,,,,,,,,,,,,,,,,,,,,,,,,,,,,,,,,,,,,,,,,,,,
42,24,14,53,S34,False,14,6,20,14,0,0,0,0,0,"['B411', 'B64', 'B633', 'B260', 'B302', 'B526', 'B16', 'B641', 'B397', 'B218', 'B144', 'B1', 'B195', 'B358']",7.0,S41,5.73,0,6,6,0.0,,-0.999011,-12.747773,-13.746784,False,False,12,S41,False,6,1.4092,delivery,,,,,,,,,,,,,,,,,,,,,,,,,,,,,,,,,,,,,,,,,,,,,,,,,,,,
42,24,15,6,S41,False,0,6,6,0,0,0,0,0,0,[],0.0,S65,2.23,0,6,6,0.0,,-1.202859,-12.737917,-13.940776,False,False,18,S65,False,0,1.9051,do_nothing,,,,,,,,,,,,,,,,,,,,,,,,,,,,,,,,,,,,,,,,,,,,,,,,,,,,
42,24,15,8,S65,False,0,6,6,0,14,1,0,0,0,"['B380', 'B604', 'B103', 'B766', 'B708', 'B554', 'B713', 'B301', 'B737', 'B191', 'B354', 'B51', 'B653', 'B608']",10.0,S17,7.47,14,6,20,0.0,,-1.183684,-12.645623,-13.829306,True,True,24,S26,True,19,2.586,pickup+onsite,,,,,,,,,,,,,,,,,,,,,,,,,,,,,,,,,,,,,,,,,,,,,,,,,,,,
42,24,15,26,S17,False,14,6,20,14,0,0,0,0,0,"['B380', 'B604', 'B103', 'B766', 'B708', 'B554', 'B713', 'B301', 'B737', 'B191', 'B354', 'B51', 'B653', 'B608']",7.0,S30,7.68,0,6,6,0.0,,-0.517835,-12.537956,-13.055791,False,False,18,S26,True,16,1.815,delivery,,,,,,,,,,,,,,,,,,,,,,,,,,,,,,,,,,,,,,,,,,,,,,,,,,,,
42,24,15,41,S30,False,0,6,6,0,6,0,0,0,0,"['B172', 'B27', 'B22', 'B56', 'B253', 'B672']",3.0,S41,0.92,6,6,12,0.0,,-0.477229,-12.485229,-12.962458,False,False,18,S41,False,12,1.6888,pickup,,,,,,,,,,,,,,,,,,,,,,,,,,,,,,,,,,,,,,,,,,,,,,,,,,,,
42,24,15,45,S41,False,6,6,12,0,8,0,0,0,0,"['B457', 'B686', 'B66', 'B606', 'B232', 'B151', 'B6', 'B105']",4.0,S26,6.65,14,6,20,0.0,,-0.409859,-12.398604,-12.808462,False,False,12,S63,True,6,1.1557,pickup,,,,,,,,,,,,,,,,,,,,,,,,,,,,,,,,,,,,,,,,,,,,,,,,,,,,
42,24,15,55,S26,False,14,6,20,14,0,0,0,0,0,"['B172', 'B27', 'B22', 'B56', 'B253', 'B672', 'B457', 'B686', 'B66', 'B606', 'B232', 'B151', 'B6', 'B105']",7.0,S65,6.43,0,6,6,0.0,,-0.408663,-12.359026,-12.767689,False,False,12,S63,True,7,1.3877,delivery,,,,,,,,,,,,,,,,,,,,,,,,,,,,,,,,,,,,,,,,,,,,,,,,,,,,
42,24,16,9,S65,False,0,6,6,0,9,0,0,0,0,"['B611', 'B435', 'B381', 'B364', 'B511', 'B754', 'B625', 'B332', 'B64']",4.5,S51,10.57,9,6,15,0.0,,-0.31243,-12.307408,-12.619838,False,False,18,S31,True,15,2.4521,pickup,,,,,,,,,,,,,,,,,,,,,,,,,,,,,,,,,,,,,,,,,,,,,,,,,,,,
42,24,16,24,S51,False,9,6,15,9,0,0,1,0,0,"['B483', 'B611', 'B435', 'B381', 'B364', 'B511', 'B754', 'B625', 'B332', 'B64']",5.0,S58,4.51,0,7,7,0.0,,-0.557245,-12.355367,-12.912612,True,True,24,S64,True,20,2.3114,delivery+depot_removal,,,,,,,,,,,,,,,,,,,,,,,,,,,,,,,,,,,,,,,,,,,,,,,,,,,,
42,24,16,33,S58,False,0,7,7,0,13,0,0,0,0,"['B390', 'B421', 'B613', 'B430', 'B589', 'B649', 'B202', 'B717', 'B279', 'B695', 'B632', 'B124', 'B289']",6.5,S33,2.58,13,7,20,0.0,,-0.371232,-12.588725,-12.959958,False,False,12,S4,True,7,1.2736,pickup,,,,,,,,,,,,,,,,,,,,,,,,,,,,,,,,,,,,,,,,,,,,,,,,,,,,
42,24,16,42,S33,False,13,7,20,13,0,0,0,0,0,"['B390', 'B421', 'B613', 'B430', 'B589', 'B649', 'B202', 'B717', 'B279', 'B695', 'B632', 'B124', 'B289']",6.5,S31,3.18,0,7,7,0.0,,-0.585665,-12.642618,-13.228284,False,False,12,S25,True,6,1.3236,delivery,,,,,,,,,,,,,,,,,,,,,,,,,,,,,,,,,,,,,,,,,,,,,,,,,,,,
42,24,16,52,S31,False,0,7,7,0,13,0,0,0,0,"['B405', 'B602', 'B308', 'B261', 'B529', 'B315', 'B375', 'B489', 'B198', 'B441', 'B251', 'B559', 'B431']",6.5,S25,10.09,13,7,20,0.0,,-0.664405,-12.552634,-13.217039,False,False,12,S32,True,8,1.3189,pickup,,,,,,,,,,,,,,,,,,,,,,,,,,,,,,,,,,,,,,,,,,,,,,,,,,,,
42,24,17,9,S25,False,13,7,20,13,0,1,0,0,0,"['B405', 'B602', 'B308', 'B261', 'B529', 'B315', 'B375', 'B489', 'B198', 'B441', 'B251', 'B559', 'B431']",9.5,S32,16.04,0,7,7,0.0,,-0.372209,-12.443961,-12.816171,True,True,24,S32,False,18,2.9487,delivery+onsite,,,,,,,,,,,,,,,,,,,,,,,,,,,,,,,,,,,,,,,,,,,,,,,,,,,,
42,24,17,34,S32,False,0,7,7,0,13,0,0,0,0,"['B751', 'B709', 'B759', 'B438', 'B217', 'B417', 'B382', 'B376', 'B197', 'B508', 'B702', 'B55', 'B170']",6.5,S52,3.72,13,7,20,0.0,,-0.479908,-12.695681,-13.175589,False,False,12,S62,True,9,1.3532,pickup,,,,,,,,,,,,,,,,,,,,,,,,,,,,,,,,,,,,,,,,,,,,,,,,,,,,
42,24,17,44,S52,False,13,7,20,11,0,0,1,0,0,"['B722', 'B751', 'B709', 'B759', 'B438', 'B217', 'B417', 'B382', 'B376', 'B197', 'B508', 'B702']",6.0,S61,2.0,2,8,10,0.0,,-0.40246,-12.554206,-12.956666,True,True,30,S62,True,26,2.9893,delivery+depot_removal,,,,,,,,,,,,,,,,,,,,,,,,,,,,,,,,,,,,,,,,,,,,,,,,,,,,
42,24,17,52,S61,False,2,8,10,0,10,0,0,0,0,"['B732', 'B177', 'B739', 'B250', 'B432', 'B330', 'B344', 'B241', 'B435', 'B367']",5.0,S62,2.06,12,8,20,0.0,,-0.409686,-12.640125,-13.049811,False,False,18,S4,True,12,1.7128,pickup,,,,,,,,,,,,,,,,,,,,,,,,,,,,,,,,,,,,,,,,,,,,,,,,,,,,
42,24,17,59,S62,False,12,8,20,12,0,0,0,0,0,"['B55', 'B170', 'B732', 'B177', 'B739', 'B250', 'B432', 'B330', 'B344', 'B241', 'B435', 'B367']",6.0,S43,2.99,0,8,8,0.0,,-0.263461,-12.507756,-12.771217,False,False,12,S33,True,8,1.1252,delivery,,,,,,,,,,,,,,,,,,,,,,,,,,,,,,,,,,,,,,,,,,,,,,,,,,,,
42,24,18,8,S43,False,0,8,8,0,12,0,0,0,0,"['B155', 'B9', 'B142', 'B165', 'B257', 'B321', 'B734', 'B318', 'B239', 'B360', 'B603', 'B30']",6.0,S28,13.51,12,8,20,0.0,,-0.166185,-12.387651,-12.553837,False,False,12,S55,True,9,1.3133,pickup,,,,,,,,,,,,,,,,,,,,,,,,,,,,,,,,,,,,,,,,,,,,,,,,,,,,
42,24,18,28,S28,False,12,8,20,12,0,0,0,0,0,"['B155', 'B9', 'B142', 'B165', 'B257', 'B321', 'B734', 'B318', 'B239', 'B360', 'B603', 'B30']",6.0,S55,14.03,0,8,8,0.0,,-0.343101,-12.543383,-12.886484,False,False,12,S19,True,7,1.325,delivery,,,,,,,,,,,,,,,,,,,,,,,,,,,,,,,,,,,,,,,,,,,,,,,,,,,,
42,24,18,48,S55,False,0,8,8,0,12,0,0,0,0,"['B227', 'B640', 'B512', 'B258', 'B274', 'B490', 'B116', 'B505', 'B123', 'B48', 'B235', 'B85']",6.0,S24,9.44,12,8,20,0.0,,-0.518868,-12.209049,-12.727917,False,False,12,S54,True,7,1.2491,pickup,,,,,,,,,,,,,,,,,,,,,,,,,,,,,,,,,,,,,,,,,,,,,,,,,,,,
42,24,19,3,S24,False,12,8,20,11,0,0,0,0,0,"['B227', 'B640', 'B512', 'B258', 'B274', 'B490', 'B116', 'B505', 'B123', 'B48', 'B235']",5.5,S54,8.5,1,8,9,0.0,,-0.27397,-12.106669,-12.380639,False,False,18,S15,True,8,1.7864,delivery,,,,,,,,,,,,,,,,,,,,,,,,,,,,,,,,,,,,,,,,,,,,,,,,,,,,
42,24,19,17,S54,False,1,8,9,0,11,0,0,0,0,"['B664', 'B93', 'B339', 'B61', 'B542', 'B299', 'B379', 'B513', 'B139', 'B187', 'B761']",5.5,S60,6.45,12,8,20,0.0,,-0.548576,-12.1422,-12.690777,False,False,12,S63,True,6,1.1745,pickup,,,,,,,,,,,,,,,,,,,,,,,,,,,,,,,,,,,,,,,,,,,,,,,,,,,,
42,24,19,29,S60,False,12,8,20,12,0,0,0,0,0,"['B85', 'B664', 'B93', 'B339', 'B61', 'B542', 'B299', 'B379', 'B513', 'B139', 'B187', 'B761']",6.0,S65,3.09,0,8,8,0.0,,-0.253217,-12.013317,-12.266534,False,False,11,S15,True,8,1.3435,delivery,,,,,,,,,,,,,,,,,,,,,,,,,,,,,,,,,,,,,,,,,,,,,,,,,,,,
42,24,19,38,S65,False,0,8,8,0,11,0,0,0,0,"['B134', 'B660', 'B760', 'B252', 'B294', 'B272', 'B384', 'B616', 'B560', 'B365', 'B520']",5.5,S47,1.6,11,8,19,0.0,,-0.254004,-12.788194,-13.042198,False,False,7,S47,False,5,1.2733,pickup,,,,,,,,,,,,,,,,,,,,,,,,,,,,,,,,,,,,,,,,,,,,,,,,,,,,
42,24,19,45,S47,False,11,8,19,0,0,1,0,0,0,[],3.0,D0,3.08,11,8,19,0.0,,-0.292106,-13.008414,-13.30052,True,True,12,D0,True,2,1.3474,do_nothing+onsite,,,,,,,,,,,,,,,,,,,,,,,,,,,,,,,,,,,,,,,,,,,,,,,,,,,,
42,24,19,52,D0,True,11,8,19,0,0,0,0,8,0,"['B179', 'B710', 'B58', 'B498', 'B160', 'B352', 'B483', 'B722']",4.0,D0,0.0,11,0,11,0.0,,-0.275339,-13.015304,-13.290644,True,True,1,D0,False,0,0.1233,do_nothing,,,,,,,,,,,,,,,,,,,,,,,,,,,,,,,,,,,,,,,,,,,,,,,,,,,,
42,25,6,11,D0,True,11,0,11,0,0,0,0,0,9,"['B551', 'B158', 'B564', 'B340', 'B111', 'B558', 'B393', 'B211', 'B479']",4.5,S51,3.91,20,0,20,0.0,,-2.844243,-13.565748,-16.409991,True,True,5,S51,False,3,0.6496,load_queue,,,,,,,,,,,,,,,,,,,,,,,,,,,,,,,,,,,,,,,,,,,,,,,,,,,,
42,25,6,34,S51,False,20,0,20,17,0,0,0,0,0,"['B134', 'B660', 'B760', 'B252', 'B294', 'B272', 'B384', 'B616', 'B560', 'B365', 'B520', 'B551', 'B158', 'B564', 'B340', 'B111', 'B558']",8.5,S54,6.18,3,0,3,0.0,,-3.675637,-13.464308,-17.139945,False,False,18,S62,True,7,2.1713,delivery,,,,,,,,,,,,,,,,,,,,,,,,,,,,,,,,,,,,,,,,,,,,,,,,,,,,
42,25,6,49,S54,False,3,0,3,0,16,0,0,0,0,"['B27', 'B692', 'B250', 'B582', 'B489', 'B343', 'B24', 'B405', 'B633', 'B178', 'B311', 'B231', 'B587', 'B703', 'B536', 'B680']",8.0,S62,2.78,19,0,19,0.0,,-2.680171,-13.401389,-16.081559,False,False,18,S34,True,8,1.8726,pickup,,,,,,,,,,,,,,,,,,,,,,,,,,,,,,,,,,,,,,,,,,,,,,,,,,,,
42,25,6,59,S62,False,19,0,19,15,0,0,0,0,0,"['B393', 'B211', 'B479', 'B27', 'B692', 'B250', 'B582', 'B489', 'B343', 'B24', 'B405', 'B633', 'B178', 'B311', 'B231']",7.5,S52,1.55,4,0,4,0.0,,-1.727193,-13.258683,-14.985876,False,False,18,S52,False,15,2.4419,delivery,,,,,,,,,,,,,,,,,,,,,,,,,,,,,,,,,,,,,,,,,,,,,,,,,,,,
42,25,7,8,S52,False,4,0,4,0,12,0,0,0,0,"['B197', 'B508', 'B702', 'B521', 'B236', 'B685', 'B460', 'B402', 'B626', 'B427', 'B20', 'B435']",6.0,S15,4.21,16,0,16,0.0,,-1.551463,-13.215534,-14.766998,False,False,18,S55,True,10,1.8295,pickup,,,,,,,,,,,,,,,,,,,,,,,,,,,,,,,,,,,,,,,,,,,,,,,,,,,,
42,25,7,19,S15,False,16,0,16,16,0,0,0,0,0,"['B587', 'B703', 'B536', 'B680', 'B197', 'B508', 'B702', 'B521', 'B236', 'B685', 'B460', 'B402', 'B626', 'B427', 'B20', 'B435']",8.0,S55,4.77,0,0,0,0.0,,-1.563267,-13.088663,-14.65193,False,False,18,S32,True,6,2.0518,delivery,,,,,,,,,,,,,,,,,,,,,,,,,,,,,,,,,,,,,,,,,,,,,,,,,,,,
42,25,7,31,S55,False,0,0,0,0,15,0,0,0,0,"['B148', 'B590', 'B241', 'B709', 'B269', 'B291', 'B634', 'B529', 'B127', 'B501', 'B417', 'B246', 'B403', 'B115', 'B95']",7.5,S66,6.13,15,0,15,0.0,,-1.403934,-13.171221,-14.575154,False,False,18,S32,True,8,2.1961,pickup,,,,,,,,,,,,,,,,,,,,,,,,,,,,,,,,,,,,,,,,,,,,,,,,,,,,
42,25,7,45,S66,False,15,0,15,15,0,0,0,0,0,"['B148', 'B590', 'B241', 'B709', 'B269', 'B291', 'B634', 'B529', 'B127', 'B501', 'B417', 'B246', 'B403', 'B115', 'B95']",7.5,S60,1.23,0,0,0,0.0,,-1.194219,-13.106717,-14.300935,False,False,12,S11,True,6,1.4919,delivery,,,,,,,,,,,,,,,,,,,,,,,,,,,,,,,,,,,,,,,,,,,,,,,,,,,,
42,25,7,54,S60,False,0,0,0,0,16,0,1,0,0,"['B761', 'B433', 'B659', 'B448', 'B4', 'B297', 'B270', 'B687', 'B180', 'B333', 'B583', 'B678', 'B643', 'B228', 'B401', 'B388', 'B485']",8.5,S61,1.62,16,1,17,0.0,,-1.087358,-13.157362,-14.24472,True,True,36,S31,True,22,4.4819,pickup+depot_removal,,,,,,,,,,,,,,,,,,,,,,,,,,,,,,,,,,,,,,,,,,,,,,,,,,,,
42,25,8,4,S61,False,16,1,17,7,0,0,0,0,0,"['B761', 'B433', 'B659', 'B448', 'B4', 'B297', 'B270']",3.5,S34,4.15,9,1,10,0.0,,-0.889697,-13.168758,-14.058455,False,False,18,S34,False,12,1.7592,delivery,,,,,,,,,,,,,,,,,,,,,,,,,,,,,,,,,,,,,,,,,,,,,,,,,,,,
42,25,8,12,S34,False,9,1,10,9,0,0,0,0,0,"['B687', 'B180', 'B333', 'B583', 'B678', 'B643', 'B228', 'B401', 'B388']",4.5,S37,5.37,0,1,1,0.0,,-0.704047,-13.128948,-13.832995,False,False,12,S3,True,9,1.4419,delivery,,,,,,,,,,,,,,,,,,,,,,,,,,,,,,,,,,,,,,,,,,,,,,,,,,,,
42,25,8,21,S37,False,0,1,1,0,13,0,1,0,0,"['B546', 'B108', 'B531', 'B658', 'B406', 'B674', 'B467', 'B595', 'B372', 'B645', 'B45', 'B140', 'B715', 'B122']",7.0,S18,1.43,13,2,15,0.0,,-0.684182,-12.971919,-13.656101,True,True,36,S18,False,22,3.7707,pickup+depot_removal,,,,,,,,,,,,,,,,,,,,,,,,,,,,,,,,,,,,,,,,,,,,,,,,,,,,
42,25,8,30,S18,False,13,2,15,0,5,0,0,0,0,"['B36', 'B374', 'B313', 'B107', 'B572']",2.5,S26,7.46,18,2,20,0.0,,-0.684233,-12.696125,-13.380358,False,False,12,S26,False,6,1.2874,pickup,,,,,,,,,,,,,,,,,,,,,,,,,,,,,,,,,,,,,,,,,,,,,,,,,,,,
42,25,8,40,S26,False,18,2,20,18,0,0,0,0,0,"['B546', 'B108', 'B531', 'B658', 'B406', 'B674', 'B467', 'B595', 'B372', 'B645', 'B45', 'B140', 'B715', 'B36', 'B374', 'B313', 'B107', 'B572']",9.0,S57,6.87,0,2,2,0.0,,-0.743209,-12.575348,-13.318557,False,False,12,S57,False,6,1.4235,delivery,,,,,,,,,,,,,,,,,,,,,,,,,,,,,,,,,,,,,,,,,,,,,,,,,,,,
42,25,8,56,S57,False,0,2,2,0,13,1,0,0,0,"['B25', 'B407', 'B87', 'B217', 'B161', 'B93', 'B284', 'B303', 'B592', 'B53', 'B662', 'B46', 'B494']",9.5,S53,4.73,13,2,15,0.0,,-0.663604,-12.720202,-13.383806,True,True,36,S3,True,31,3.8214,pickup+onsite,,,,,,,,,,,,,,,,,,,,,,,,,,,,,,,,,,,,,,,,,,,,,,,,,,,,
42,25,9,10,S53,False,13,2,15,12,0,0,0,0,0,"['B25', 'B407', 'B87', 'B217', 'B161', 'B93', 'B284', 'B303', 'B592', 'B53', 'B662', 'B46']",6.0,S32,1.73,1,2,3,0.0,,-0.753781,-12.608361,-13.362142,False,False,18,S32,False,10,1.9334,delivery,,,,,,,,,,,,,,,,,,,,,,,,,,,,,,,,,,,,,,,,,,,,,,,,,,,,
42,25,9,18,S32,False,1,2,3,0,13,0,0,0,0,"['B29', 'B369', 'B705', 'B195', 'B750', 'B723', 'B129', 'B94', 'B196', 'B462', 'B307', 'B736', 'B567']",6.5,S65,9.46,14,2,16,0.0,,-0.471269,-12.707309,-13.178578,False,False,18,S3,True,8,1.838,pickup,,,,,,,,,,,,,,,,,,,,,,,,,,,,,,,,,,,,,,,,,,,,,,,,,,,,
42,25,9,34,S65,False,14,2,16,11,0,0,0,0,0,"['B494', 'B29', 'B369', 'B705', 'B195', 'B750', 'B723', 'B129', 'B94', 'B196', 'B462']",5.5,S31,3.2,3,2,5,0.0,,-0.490235,-12.863569,-13.353804,False,False,18,S0,True,6,1.9138,delivery,,,,,,,,,,,,,,,,,,,,,,,,,,,,,,,,,,,,,,,,,,,,,,,,,,,,
42,25,9,42,S31,False,3,2,5,3,0,0,0,0,0,"['B307', 'B736', 'B567']",1.5,S66,0.38,0,2,2,0.0,,-0.526611,-12.898999,-13.42561,False,False,12,S3,True,9,1.3897,delivery,,,,,,,,,,,,,,,,,,,,,,,,,,,,,,,,,,,,,,,,,,,,,,,,,,,,
42,25,9,44,S66,False,0,2,2,0,9,0,0,0,0,"['B590', 'B241', 'B709', 'B269', 'B291', 'B634', 'B529', 'B127', 'B501']",4.5,S63,4.37,9,2,11,0.0,,-0.537723,-12.915921,-13.453644,False,False,18,S63,False,15,1.7515,pickup,,,,,,,,,,,,,,,,,,,,,,,,,,,,,,,,,,,,,,,,,,,,,,,,,,,,
42,25,9,53,S63,False,9,2,11,0,9,0,0,0,0,"['B609', 'B422', 'B594', 'B152', 'B743', 'B409', 'B756', 'B294', 'B673']",4.5,S31,4.21,18,2,20,0.0,,-0.390266,-12.788571,-13.178838,False,False,12,S0,True,6,1.1455,pickup,,,,,,,,,,,,,,,,,,,,,,,,,,,,,,,,,,,,,,,,,,,,,,,,,,,,
42,25,10,2,S31,False,18,2,20,18,0,0,0,0,0,"['B590', 'B241', 'B709', 'B269', 'B291', 'B634', 'B529', 'B127', 'B501', 'B609', 'B422', 'B594', 'B152', 'B743', 'B409', 'B756', 'B294', 'B673']",9.0,S18,1.71,0,2,2,0.0,,-0.487085,-12.882373,-13.369458,False,False,18,S18,True,12,2.3674,delivery,,,,,,,,,,,,,,,,,,,,,,,,,,,,,,,,,,,,,,,,,,,,,,,,,,,,
42,25,10,12,S18,False,0,2,2,0,10,0,0,0,0,"['B325', 'B190', 'B42', 'B314', 'B345', 'B447', 'B35', 'B459', 'B728', 'B399']",5.0,S23,5.87,10,2,12,0.0,,-0.509927,-13.017735,-13.527662,False,False,18,S23,False,15,2.2826,pickup,,,,,,,,,,,,,,,,,,,,,,,,,,,,,,,,,,,,,,,,,,,,,,,,,,,,
42,25,10,23,S23,False,10,2,12,0,8,1,0,0,0,"['B145', 'B99', 'B242', 'B744', 'B434', 'B283', 'B31', 'B416']",7.0,S44,8.54,18,2,20,0.0,,-0.636415,-13.092671,-13.729086,True,True,36,S44,False,31,5.9944,pickup+onsite,,,,,,,,,,,,,,,,,,,,,,,,,,,,,,,,,,,,,,,,,,,,,,,,,,,,
42,25,10,39,S44,False,18,2,20,9,0,0,0,0,0,"['B325', 'B190', 'B42', 'B314', 'B345', 'B447', 'B35', 'B459', 'B728']",4.5,S54,3.95,9,2,11,0.0,,-0.685508,-13.083005,-13.768513,False,False,18,S12,True,8,2.6144,delivery,,,,,,,,,,,,,,,,,,,,,,,,,,,,,,,,,,,,,,,,,,,,,,,,,,,,
42,25,10,47,S54,False,9,2,11,0,9,0,0,0,0,"['B400', 'B761', 'B442', 'B63', 'B13', 'B517', 'B371', 'B162', 'B33']",4.5,S29,1.43,18,2,20,0.0,,-0.536277,-13.103306,-13.639584,False,False,12,S12,True,6,1.9762,pickup,,,,,,,,,,,,,,,,,,,,,,,,,,,,,,,,,,,,,,,,,,,,,,,,,,,,
42,25,10,53,S29,False,18,2,20,13,0,1,1,0,0,"['B234', 'B399', 'B145', 'B99', 'B242', 'B744', 'B434', 'B283', 'B31', 'B416', 'B400', 'B761', 'B442', 'B63']",10.0,S12,9.35,5,3,8,0.0,,-0.608017,-13.125824,-13.733841,True,True,60,S12,False,55,7.4332,delivery+maintenance,,,,,,,,,,,,,,,,,,,,,,,,,,,,,,,,,,,,,,,,,,,,,,,,,,,,
42,25,11,13,S12,False,5,3,8,5,0,0,1,0,0,"['B655', 'B13', 'B517', 'B371', 'B162', 'B33']",3.0,S55,7.23,0,4,4,0.0,,-0.469699,-13.094324,-13.564023,True,True,24,S37,True,19,2.5822,delivery+depot_removal,,,,,,,,,,,,,,,,,,,,,,,,,,,,,,,,,,,,,,,,,,,,,,,,,,,,
42,25,11,23,S55,False,0,4,4,0,12,0,0,0,0,"['B89', 'B97', 'B478', 'B311', 'B185', 'B226', 'B255', 'B654', 'B357', 'B18', 'B410', 'B343']",6.0,S48,5.56,12,4,16,0.0,,-0.507234,-13.107019,-13.614253,False,False,18,S37,True,14,2.3027,pickup,,,,,,,,,,,,,,,,,,,,,,,,,,,,,,,,,,,,,,,,,,,,,,,,,,,,
42,25,11,34,S48,False,12,4,16,9,0,0,0,0,0,"['B89', 'B97', 'B478', 'B311', 'B185', 'B226', 'B255', 'B654', 'B357']",4.5,S19,0.52,3,4,7,0.0,,-0.38926,-12.964797,-13.354057,False,False,18,S19,False,7,1.9953,delivery,,,,,,,,,,,,,,,,,,,,,,,,,,,,,,,,,,,,,,,,,,,,,,,,,,,,
42,25,11,39,S19,False,3,4,7,3,0,1,0,0,0,"['B18', 'B410', 'B343']",4.5,S37,5.87,0,4,4,0.0,,-0.436761,-12.975077,-13.411838,True,True,24,S37,False,18,2.4324,delivery+onsite,,,,,,,,,,,,,,,,,,,,,,,,,,,,,,,,,,,,,,,,,,,,,,,,,,,,
42,25,11,50,S37,False,0,4,4,0,16,0,0,0,0,"['B450', 'B332', 'B451', 'B83', 'B383', 'B514', 'B748', 'B433', 'B175', 'B693', 'B593', 'B414', 'B10', 'B351', 'B273', 'B91']",8.0,S44,1.36,16,4,20,0.0,,-0.427456,-13.059694,-13.48715,False,False,12,S44,False,6,1.4719,pickup,,,,,,,,,,,,,,,,,,,,,,,,,,,,,,,,,,,,,,,,,,,,,,,,,,,,
42,25,11,59,S44,False,16,4,20,12,0,0,0,0,0,"['B450', 'B332', 'B451', 'B83', 'B383', 'B514', 'B748', 'B433', 'B175', 'B693', 'B593', 'B414']",6.0,S51,3.83,4,4,8,0.0,,-0.484259,-13.050122,-13.534381,False,False,18,S57,True,14,2.1257,delivery,,,,,,,,,,,,,,,,,,,,,,,,,,,,,,,,,,,,,,,,,,,,,,,,,,,,
42,25,12,9,S51,False,4,4,8,0,9,0,0,0,0,"['B147', 'B597', 'B238', 'B241', 'B489', 'B475', 'B684', 'B438', 'B533']",4.5,S52,4.66,13,4,17,0.0,,-0.349045,-13.024388,-13.373433,False,False,18,S9,True,16,2.2984,pickup,,,,,,,,,,,,,,,,,,,,,,,,,,,,,,,,,,,,,,,,,,,,,,,,,,,,
42,25,12,18,S52,False,13,4,17,7,0,0,0,0,0,"['B10', 'B351', 'B273', 'B91', 'B147', 'B597', 'B238']",3.5,S54,3.81,6,4,10,0.0,,-0.700726,-13.194412,-13.895138,False,False,18,S63,True,16,1.9923,delivery,,,,,,,,,,,,,,,,,,,,,,,,,,,,,,,,,,,,,,,,,,,,,,,,,,,,
42,25,12,25,S54,False,6,4,10,6,0,0,0,0,0,"['B241', 'B489', 'B475', 'B684', 'B438', 'B533']",3.0,S16,4.04,0,4,4,0.0,,-0.779393,-13.273299,-14.052692,False,False,12,S33,True,6,1.6982,delivery,,,,,,,,,,,,,,,,,,,,,,,,,,,,,,,,,,,,,,,,,,,,,,,,,,,,
42,25,12,32,S16,False,0,4,4,0,9,1,0,0,0,"['B474', 'B41', 'B742', 'B464', 'B552', 'B347', 'B651', 'B120', 'B170']",7.5,S63,0.31,9,4,13,0.0,,-0.554593,-13.417385,-13.971978,True,True,36,S31,True,30,4.4684,pickup+onsite,,,,,,,,,,,,,,,,,,,,,,,,,,,,,,,,,,,,,,,,,,,,,,,,,,,,
42,25,12,40,S63,False,9,4,13,9,0,0,0,0,0,"['B474', 'B41', 'B742', 'B464', 'B552', 'B347', 'B651', 'B120', 'B170']",4.5,S66,4.37,0,4,4,0.0,,-0.739786,-13.460293,-14.200079,False,False,12,S33,True,6,1.4498,delivery,,,,,,,,,,,,,,,,,,,,,,,,,,,,,,,,,,,,,,,,,,,,,,,,,,,,
42,25,12,49,S66,False,0,4,4,0,13,0,0,0,0,"['B42', 'B56', 'B565', 'B252', 'B385', 'B558', 'B716', 'B436', 'B187', 'B744', 'B669', 'B110', 'B507']",6.5,S29,6.29,13,4,17,0.0,,-0.583424,-13.375821,-13.959244,False,False,18,S31,True,7,2.1412,pickup,,,,,,,,,,,,,,,,,,,,,,,,,,,,,,,,,,,,,,,,,,,,,,,,,,,,
42,25,13,2,S29,False,13,4,17,13,0,0,0,0,0,"['B42', 'B56', 'B565', 'B252', 'B385', 'B558', 'B716', 'B436', 'B187', 'B744', 'B669', 'B110', 'B507']",6.5,S59,7.54,0,4,4,0.0,,-0.905208,-13.196031,-14.101239,False,False,12,S57,True,6,1.3407,delivery,,,,,,,,,,,,,,,,,,,,,,,,,,,,,,,,,,,,,,,,,,,,,,,,,,,,
42,25,13,16,S59,False,0,4,4,0,16,0,0,0,0,"['B561', 'B714', 'B174', 'B266', 'B544', 'B524', 'B480', 'B547', 'B173', 'B295', 'B398', 'B567', 'B66', 'B667', 'B665', 'B208']",8.0,S26,8.38,16,4,20,0.0,,-1.132312,-13.185624,-14.317936,False,False,18,S26,True,12,1.914,pickup,,,,,,,,,,,,,,,,,,,,,,,,,,,,,,,,,,,,,,,,,,,,,,,,,,,,
42,25,13,32,S26,False,16,4,20,16,0,0,0,0,0,"['B561', 'B714', 'B174', 'B266', 'B544', 'B524', 'B480', 'B547', 'B173', 'B295', 'B398', 'B567', 'B66', 'B667', 'B665', 'B208']",8.0,S65,6.43,0,4,4,0.0,,-1.58765,-12.955347,-14.542997,False,False,12,S63,True,8,1.3361,delivery,,,,,,,,,,,,,,,,,,,,,,,,,,,,,,,,,,,,,,,,,,,,,,,,,,,,
42,25,13,47,S65,False,0,4,4,0,13,0,0,0,0,"['B129', 'B94', 'B196', 'B462', 'B622', 'B666', 'B282', 'B124', 'B2', 'B71', 'B679', 'B529', 'B112']",6.5,S57,10.86,13,4,17,0.0,,-2.033831,-13.173634,-15.207464,False,False,18,S50,True,10,1.7131,pickup,,,,,,,,,,,,,,,,,,,,,,,,,,,,,,,,,,,,,,,,,,,,,,,,,,,,
42,25,14,4,S57,False,13,4,17,13,0,0,0,0,0,"['B129', 'B94', 'B196', 'B462', 'B622', 'B666', 'B282', 'B124', 'B2', 'B71', 'B679', 'B529', 'B112']",6.5,S43,6.81,0,4,4,0.0,,-1.260893,-13.115274,-14.376167,False,False,12,S43,False,9,1.2787,delivery,,,,,,,,,,,,,,,,,,,,,,,,,,,,,,,,,,,,,,,,,,,,,,,,,,,,
42,25,14,17,S43,False,0,4,4,0,8,0,0,0,0,"['B78', 'B188', 'B212', 'B138', 'B425', 'B598', 'B395', 'B337']",4.0,S54,4.49,8,4,12,0.0,,-1.313797,-12.996575,-14.310372,False,False,18,S60,True,9,1.7303,pickup,,,,,,,,,,,,,,,,,,,,,,,,,,,,,,,,,,,,,,,,,,,,,,,,,,,,
42,25,14,26,S54,False,8,4,12,8,0,0,0,0,0,"['B78', 'B188', 'B212', 'B138', 'B425', 'B598', 'B395', 'B337']",4.0,S32,2.05,0,4,4,0.0,,-1.425704,-12.885107,-14.310811,False,False,12,S32,False,6,1.1995,delivery,,,,,,,,,,,,,,,,,,,,,,,,,,,,,,,,,,,,,,,,,,,,,,,,,,,,
42,25,14,32,S32,False,0,4,4,0,11,0,0,0,0,"['B405', 'B637', 'B61', 'B602', 'B590', 'B671', 'B63', 'B766', 'B383', 'B742', 'B633']",5.5,S50,4.46,11,4,15,0.0,,-1.044232,-12.774474,-13.818706,False,False,18,S60,True,12,1.7028,pickup,,,,,,,,,,,,,,,,,,,,,,,,,,,,,,,,,,,,,,,,,,,,,,,,,,,,
42,25,14,42,S50,False,11,4,15,11,0,0,0,0,0,"['B405', 'B637', 'B61', 'B602', 'B590', 'B671', 'B63', 'B766', 'B383', 'B742', 'B633']",5.5,S52,6.29,0,4,4,0.0,,-0.870171,-12.718337,-13.588508,False,False,12,S52,False,6,1.227,delivery,,,,,,,,,,,,,,,,,,,,,,,,,,,,,,,,,,,,,,,,,,,,,,,,,,,,
42,25,14,54,S52,False,0,4,4,0,9,0,0,0,0,"['B255', 'B20', 'B7', 'B586', 'B506', 'B716', 'B676', 'B463', 'B3']",4.5,S37,1.18,9,4,13,0.0,,-0.783661,-12.706465,-13.490126,False,False,18,S37,False,12,1.8092,pickup,,,,,,,,,,,,,,,,,,,,,,,,,,,,,,,,,,,,,,,,,,,,,,,,,,,,
42,25,14,59,S37,False,9,4,13,9,0,0,0,0,0,"['B255', 'B20', 'B7', 'B586', 'B506', 'B716', 'B676', 'B463', 'B3']",4.5,S58,0.71,0,4,4,0.0,,-1.220805,-12.724495,-13.945301,False,False,12,S58,False,6,1.2442,delivery,,,,,,,,,,,,,,,,,,,,,,,,,,,,,,,,,,,,,,,,,,,,,,,,,,,,
42,25,15,5,S58,False,0,4,4,0,12,0,0,0,0,"['B518', 'B84', 'B495', 'B376', 'B353', 'B527', 'B15', 'B448', 'B486', 'B50', 'B517', 'B140']",6.0,S61,2.59,12,4,16,0.0,,-0.675577,-12.711655,-13.387233,False,False,18,S18,True,13,2.0366,pickup,,,,,,,,,,,,,,,,,,,,,,,,,,,,,,,,,,,,,,,,,,,,,,,,,,,,
42,25,15,13,S61,False,12,4,16,8,0,0,0,0,0,"['B518', 'B84', 'B495', 'B376', 'B353', 'B527', 'B15', 'B448']",4.0,S44,2.79,4,4,8,0.0,,-1.006022,-12.66175,-13.667772,False,False,18,S18,True,7,3.0012,delivery,,,,,,,,,,,,,,,,,,,,,,,,,,,,,,,,,,,,,,,,,,,,,,,,,,,,
42,25,15,20,S44,False,4,4,8,0,9,0,0,0,0,"['B438', 'B141', 'B385', 'B492', 'B501', 'B114', 'B596', 'B698', 'B452']",4.5,S15,4.96,13,4,17,0.0,,-0.802829,-12.51826,-13.321089,False,False,18,S15,False,16,2.0203,pickup,,,,,,,,,,,,,,,,,,,,,,,,,,,,,,,,,,,,,,,,,,,,,,,,,,,,
42,25,15,29,S15,False,13,4,17,13,0,0,0,0,0,"['B486', 'B50', 'B517', 'B140', 'B438', 'B141', 'B385', 'B492', 'B501', 'B114', 'B596', 'B698', 'B452']",6.5,S51,8.59,0,4,4,0.0,,-0.586339,-12.506156,-13.092495,False,False,12,S51,False,6,1.7021,delivery,,,,,,,,,,,,,,,,,,,,,,,,,,,,,,,,,,,,,,,,,,,,,,,,,,,,
42,25,15,45,S51,False,0,4,4,0,11,0,0,0,0,"['B54', 'B612', 'B747', 'B148', 'B451', 'B93', 'B210', 'B659', 'B543', 'B202', 'B369']",5.5,S29,7.57,11,4,15,0.0,,-0.537637,-12.462777,-13.000414,False,False,18,S35,True,12,2.4908,pickup,,,,,,,,,,,,,,,,,,,,,,,,,,,,,,,,,,,,,,,,,,,,,,,,,,,,
42,25,15,58,S29,False,11,4,15,11,0,0,1,0,0,"['B143', 'B54', 'B612', 'B747', 'B148', 'B451', 'B93', 'B210', 'B659', 'B543', 'B202', 'B369']",6.0,S35,1.95,0,5,5,0.0,,-0.785429,-12.6701,-13.45553,True,True,48,S64,True,30,5.9539,delivery+depot_removal,,,,,,,,,,,,,,,,,,,,,,,,,,,,,,,,,,,,,,,,,,,,,,,,,,,,
42,25,16,6,S35,False,0,5,5,0,12,0,1,0,0,"['B589', 'B73', 'B673', 'B427', 'B150', 'B522', 'B219', 'B478', 'B154', 'B176', 'B286', 'B375', 'B74']",6.5,S52,6.71,12,6,18,0.0,,-0.490144,-12.611059,-13.101203,True,True,30,S52,False,24,3.3061,pickup+depot_removal,,,,,,,,,,,,,,,,,,,,,,,,,,,,,,,,,,,,,,,,,,,,,,,,,,,,
42,25,16,19,S52,False,12,6,18,12,0,0,0,0,0,"['B589', 'B73', 'B673', 'B427', 'B150', 'B522', 'B219', 'B478', 'B154', 'B176', 'B286', 'B375']",6.0,S40,2.21,0,6,6,0.0,,-0.608263,-12.464861,-13.073124,False,False,12,S40,False,10,1.9775,delivery,,,,,,,,,,,,,,,,,,,,,,,,,,,,,,,,,,,,,,,,,,,,,,,,,,,,
42,25,16,27,S40,False,0,6,6,0,7,0,2,0,0,"['B152', 'B420', 'B739', 'B553', 'B540', 'B35', 'B370', 'B101', 'B535']",4.5,S54,2.17,7,8,15,0.0,,-0.568471,-12.447111,-13.015582,True,True,54,S53,True,31,6.6845,pickup+depot_removal,,,,,,,,,,,,,,,,,,,,,,,,,,,,,,,,,,,,,,,,,,,,,,,,,,,,
42,25,16,34,S54,False,7,8,15,7,0,0,0,0,0,"['B152', 'B420', 'B739', 'B553', 'B540', 'B35', 'B370']",3.5,S31,5.7,0,8,8,0.0,,-0.391873,-12.393191,-12.785064,False,False,12,S53,True,6,1.7375,delivery,,,,,,,,,,,,,,,,,,,,,,,,,,,,,,,,,,,,,,,,,,,,,,,,,,,,
42,25,16,43,S31,False,0,8,8,0,12,2,0,0,0,"['B578', 'B296', 'B56', 'B37', 'B715', 'B410', 'B91', 'B411', 'B394', 'B215', 'B500', 'B62']",12.0,S37,2.81,12,8,20,0.0,,-0.510684,-12.346467,-12.857151,True,True,90,S13,True,50,9.1402,pickup+onsite,,,,,,,,,,,,,,,,,,,,,,,,,,,,,,,,,,,,,,,,,,,,,,,,,,,,
42,25,16,58,S37,False,12,8,20,12,0,0,1,0,0,"['B637', 'B578', 'B296', 'B56', 'B37', 'B715', 'B410', 'B91', 'B411', 'B394', 'B215', 'B500', 'B62']",6.5,S61,2.04,0,9,9,0.0,,-0.275124,-12.506222,-12.781346,True,True,18,S61,False,12,1.9393,delivery+depot_removal,,,,,,,,,,,,,,,,,,,,,,,,,,,,,,,,,,,,,,,,,,,,,,,,,,,,
42,25,17,6,S61,False,0,9,9,0,8,0,0,0,0,"['B448', 'B314', 'B684', 'B84', 'B568', 'B330', 'B681', 'B138']",4.0,S14,8.39,8,9,17,0.0,,-0.185665,-12.321387,-12.507052,False,False,18,S53,True,10,1.832,pickup,,,,,,,,,,,,,,,,,,,,,,,,,,,,,,,,,,,,,,,,,,,,,,,,,,,,
42,25,17,19,S14,False,8,9,17,6,0,0,0,0,0,"['B448', 'B314', 'B684', 'B84', 'B568', 'B330']",3.0,S27,6.81,2,9,11,0.0,,-0.233512,-12.291425,-12.524937,False,False,18,S21,True,12,2.0364,delivery,,,,,,,,,,,,,,,,,,,,,,,,,,,,,,,,,,,,,,,,,,,,,,,,,,,,
42,25,17,28,S27,False,2,9,11,0,0,0,0,0,0,[],0.0,S64,3.52,2,9,11,0.0,,-0.284357,-12.268637,-12.552994,False,False,12,S64,True,3,1.2602,do_nothing,,,,,,,,,,,,,,,,,,,,,,,,,,,,,,,,,,,,,,,,,,,,,,,,,,,,
42,25,17,32,S64,False,2,9,11,0,9,0,0,0,0,"['B362', 'B367', 'B623', 'B470', 'B151', 'B115', 'B264', 'B735', 'B566']",4.5,S27,3.52,11,9,20,0.0,,-0.186612,-12.299272,-12.485884,False,False,18,S21,True,12,1.8702,pickup,,,,,,,,,,,,,,,,,,,,,,,,,,,,,,,,,,,,,,,,,,,,,,,,,,,,
42,25,17,40,S27,False,11,9,20,11,0,0,0,0,0,"['B681', 'B138', 'B362', 'B367', 'B623', 'B470', 'B151', 'B115', 'B264', 'B735', 'B566']",5.5,S53,4.78,0,9,9,0.0,,-0.087193,-12.24013,-12.327323,False,False,12,S53,False,6,1.3229,delivery,,,,,,,,,,,,,,,,,,,,,,,,,,,,,,,,,,,,,,,,,,,,,,,,,,,,
42,25,17,50,S53,False,0,9,9,0,11,0,0,0,0,"['B159', 'B167', 'B320', 'B689', 'B108', 'B382', 'B528', 'B583', 'B414', 'B413', 'B389']",5.5,S35,5.18,11,9,20,0.0,,-0.18718,-12.306304,-12.493483,False,False,12,S36,True,7,1.1565,pickup,,,,,,,,,,,,,,,,,,,,,,,,,,,,,,,,,,,,,,,,,,,,,,,,,,,,
42,25,18,1,S35,False,11,9,20,0,0,0,0,0,0,[],0.0,S21,4.69,11,9,20,0.0,,-0.26394,-12.324076,-12.588015,False,False,12,S42,True,3,1.48,do_nothing,,,,,,,,,,,,,,,,,,,,,,,,,,,,,,,,,,,,,,,,,,,,,,,,,,,,
42,25,18,6,S21,False,11,9,20,0,0,0,0,0,0,[],0.0,S23,17.53,11,9,20,0.0,,-0.284579,-12.365213,-12.649792,True,False,30,S35,True,4,3.1955,do_nothing,,,,,,,,,,,,,,,,,,,,,,,,,,,,,,,,,,,,,,,,,,,,,,,,,,,,
42,25,18,23,S23,False,11,9,20,11,0,0,0,0,0,"['B159', 'B167', 'B320', 'B689', 'B108', 'B382', 'B528', 'B583', 'B414', 'B413', 'B389']",5.5,S42,14.26,0,9,9,0.0,,-0.24469,-12.398624,-12.643315,False,False,18,S36,True,16,1.9117,delivery,,,,,,,,,,,,,,,,,,,,,,,,,,,,,,,,,,,,,,,,,,,,,,,,,,,,
42,25,18,43,S42,False,0,9,9,0,9,0,1,0,0,"['B251', 'B65', 'B97', 'B721', 'B489', 'B701', 'B691', 'B587', 'B88', 'B607']",5.0,S35,1.31,9,10,19,0.0,,-0.244836,-12.633593,-12.878428,True,True,30,S43,True,26,3.2255,pickup+depot_removal,,,,,,,,,,,,,,,,,,,,,,,,,,,,,,,,,,,,,,,,,,,,,,,,,,,,
42,25,18,49,S35,False,9,10,19,9,0,0,0,0,0,"['B251', 'B65', 'B97', 'B721', 'B489', 'B701', 'B691', 'B587', 'B88']",4.5,S5,16.22,0,10,10,0.0,,-0.324074,-12.628506,-12.95258,False,False,12,S43,True,10,1.3415,delivery,,,,,,,,,,,,,,,,,,,,,,,,,,,,,,,,,,,,,,,,,,,,,,,,,,,,
42,25,19,10,S5,False,0,10,10,0,10,0,0,0,0,"['B338', 'B624', 'B446', 'B423', 'B109', 'B577', 'B426', 'B69', 'B136', 'B515']",5.0,S41,7.89,10,10,20,0.0,,-0.156948,-12.546842,-12.70379,False,False,12,S13,True,9,1.2832,pickup,,,,,,,,,,,,,,,,,,,,,,,,,,,,,,,,,,,,,,,,,,,,,,,,,,,,
42,25,19,23,S41,False,10,10,20,10,0,0,0,0,0,"['B338', 'B624', 'B446', 'B423', 'B109', 'B577', 'B426', 'B69', 'B136', 'B515']",5.0,S29,7.7,0,10,10,0.0,,-0.165813,-12.519249,-12.685062,False,False,12,S58,True,8,1.4049,delivery,,,,,,,,,,,,,,,,,,,,,,,,,,,,,,,,,,,,,,,,,,,,,,,,,,,,
42,25,19,35,S29,False,0,10,10,0,10,0,0,0,0,"['B747', 'B148', 'B451', 'B93', 'B210', 'B659', 'B543', 'B202', 'B369', 'B453']",5.0,S15,3.9,10,10,20,0.0,,-0.087788,-12.334354,-12.422142,True,False,17,S58,True,10,1.7465,pickup,,,,,,,,,,,,,,,,,,,,,,,,,,,,,,,,,,,,,,,,,,,,,,,,,,,,
42,25,19,44,S15,False,10,10,20,10,0,0,0,0,0,"['B747', 'B148', 'B451', 'B93', 'B210', 'B659', 'B543', 'B202', 'B369', 'B453']",5.0,D0,1.31,0,10,10,0.0,,-0.126746,-12.566325,-12.693071,False,False,3,D0,False,2,0.3336,delivery,,,,,,,,,,,,,,,,,,,,,,,,,,,,,,,,,,,,,,,,,,,,,,,,,,,,
42,25,19,51,D0,True,0,10,10,0,0,0,0,10,0,"['B485', 'B122', 'B234', 'B655', 'B143', 'B74', 'B101', 'B535', 'B637', 'B607']",5.0,D0,0.0,0,0,0,0.0,,-0.186228,-12.555773,-12.742001,True,True,1,D0,False,0,0.117,do_nothing,,,,,,,,,,,,,,,,,,,,,,,,,,,,,,,,,,,,,,,,,,,,,,,,,,,,
42,26,6,11,D0,True,0,0,0,0,0,0,0,0,8,"['B179', 'B710', 'B58', 'B498', 'B160', 'B352', 'B483', 'B722']",4.0,S37,1.72,8,0,8,0.0,,-0.059171,-12.512063,-12.571234,True,True,5,S13,True,4,0.4588,load_queue,,,,,,,,,,,,,,,,,,,,,,,,,,,,,,,,,,,,,,,,,,,,,,,,,,,,
42,26,6,31,S37,False,8,0,8,8,0,0,0,0,0,"['B179', 'B710', 'B58', 'B498', 'B160', 'B352', 'B483', 'B722']",4.0,S60,2.84,0,0,0,0.0,,-0.126265,-12.68738,-12.813645,False,False,12,S13,True,9,1.2879,delivery,,,,,,,,,,,,,,,,,,,,,,,,,,,,,,,,,,,,,,,,,,,,,,,,,,,,
42,26,6,38,S60,False,0,0,0,0,17,0,1,0,0,"['B579', 'B292', 'B40', 'B620', 'B89', 'B300', 'B754', 'B106', 'B189', 'B126', 'B98', 'B431', 'B259', 'B738', 'B760', 'B616', 'B741', 'B476']",9.0,S15,4.42,17,1,18,0.0,,-0.116781,-12.680374,-12.797155,True,True,36,S13,True,33,4.0451,pickup+depot_removal,,,,,,,,,,,,,,,,,,,,,,,,,,,,,,,,,,,,,,,,,,,,,,,,,,,,
42,26,6,52,S15,False,17,1,18,12,0,0,0,0,0,"['B579', 'B292', 'B40', 'B620', 'B89', 'B300', 'B754', 'B106', 'B189', 'B126', 'B98', 'B431']",6.0,S57,5.96,5,1,6,0.0,,-0.088061,-12.724397,-12.812459,False,False,18,S8,True,13,2.1892,delivery,,,,,,,,,,,,,,,,,,,,,,,,,,,,,,,,,,,,,,,,,,,,,,,,,,,,
42,26,7,4,S57,False,5,1,6,0,10,0,0,0,0,"['B282', 'B124', 'B2', 'B71', 'B679', 'B529', 'B112', 'B52', 'B247', 'B284']",5.0,S65,10.86,15,1,16,0.0,,-0.165985,-12.69986,-12.865845,False,False,18,S28,True,15,1.9065,pickup,,,,,,,,,,,,,,,,,,,,,,,,,,,,,,,,,,,,,,,,,,,,,,,,,,,,
42,26,7,20,S65,False,15,1,16,9,0,0,0,0,0,"['B259', 'B738', 'B760', 'B616', 'B741', 'B282', 'B124', 'B2', 'B71']",4.5,S22,1.36,6,1,7,0.0,,-0.117751,-12.677076,-12.794827,False,False,18,S1,True,8,1.9701,delivery,,,,,,,,,,,,,,,,,,,,,,,,,,,,,,,,,,,,,,,,,,,,,,,,,,,,
42,26,7,25,S22,False,6,1,7,6,0,0,0,0,0,"['B679', 'B529', 'B112', 'B52', 'B247', 'B284']",3.0,S59,6.26,0,1,1,0.0,,-0.12704,-12.676702,-12.803742,False,False,12,S13,True,10,1.2627,delivery,,,,,,,,,,,,,,,,,,,,,,,,,,,,,,,,,,,,,,,,,,,,,,,,,,,,
42,26,7,35,S59,False,0,1,1,0,12,0,0,0,0,"['B390', 'B538', 'B421', 'B613', 'B693', 'B217', 'B92', 'B549', 'B552', 'B751', 'B95', 'B137']",6.0,S23,6.18,12,1,13,0.0,,-0.165248,-12.474236,-12.639484,False,False,18,S58,True,12,1.9349,pickup,,,,,,,,,,,,,,,,,,,,,,,,,,,,,,,,,,,,,,,,,,,,,,,,,,,,
42,26,7,47,S23,False,12,1,13,0,0,0,0,0,0,[],0.0,S45,9.29,12,1,13,0.0,,-0.107512,-12.513423,-12.620935,False,False,12,S1,True,4,1.2227,do_nothing,,,,,,,,,,,,,,,,,,,,,,,,,,,,,,,,,,,,,,,,,,,,,,,,,,,,
42,26,7,56,S45,False,12,1,13,0,7,0,0,0,0,"['B683', 'B564', 'B615', 'B703', 'B298', 'B36', 'B228']",3.5,S35,5.53,19,1,20,0.0,,-0.117053,-12.494059,-12.611111,False,False,12,S1,True,9,1.1164,pickup,,,,,,,,,,,,,,,,,,,,,,,,,,,,,,,,,,,,,,,,,,,,,,,,,,,,
42,26,8,5,S35,False,19,1,20,9,0,0,0,0,0,"['B390', 'B538', 'B421', 'B613', 'B693', 'B217', 'B92', 'B549', 'B552']",4.5,S21,4.69,10,1,11,0.0,,-0.048834,-12.513413,-12.562246,False,False,18,S21,True,8,2.135,delivery,,,,,,,,,,,,,,,,,,,,,,,,,,,,,,,,,,,,,,,,,,,,,,,,,,,,
42,26,8,14,S21,False,10,1,11,7,0,0,1,0,0,"['B349', 'B751', 'B95', 'B137', 'B683', 'B564', 'B615', 'B703']",4.0,S8,2.92,3,2,5,0.0,,-0.232148,-12.512888,-12.745036,True,True,36,S2,True,34,3.4501,delivery+depot_removal,,,,,,,,,,,,,,,,,,,,,,,,,,,,,,,,,,,,,,,,,,,,,,,,,,,,
42,26,8,21,S8,False,3,2,5,0,0,0,1,0,0,['B113'],0.5,S64,16.53,3,3,6,0.0,,-0.078028,-12.559308,-12.637335,True,True,24,S33,True,10,2.2536,do_nothing+depot_removal,,,,,,,,,,,,,,,,,,,,,,,,,,,,,,,,,,,,,,,,,,,,,,,,,,,,
42,26,8,38,S64,False,3,3,6,3,0,0,0,0,0,"['B298', 'B36', 'B228']",1.5,S33,3.13,0,3,3,0.0,,-0.106373,-12.399582,-12.505954,False,False,12,S33,False,6,1.3664,delivery,,,,,,,,,,,,,,,,,,,,,,,,,,,,,,,,,,,,,,,,,,,,,,,,,,,,
42,26,8,43,S33,False,0,3,3,0,17,0,0,0,0,"['B718', 'B31', 'B459', 'B588', 'B670', 'B514', 'B361', 'B269', 'B491', 'B462', 'B723', 'B153', 'B301', 'B172', 'B572', 'B395', 'B340']",8.5,S2,7.08,17,3,20,0.0,,-0.12597,-12.370544,-12.496514,False,False,12,S2,False,6,1.3494,pickup,,,,,,,,,,,,,,,,,,,,,,,,,,,,,,,,,,,,,,,,,,,,,,,,,,,,
42,26,8,58,S2,False,17,3,20,15,0,0,0,0,0,"['B718', 'B31', 'B459', 'B588', 'B670', 'B514', 'B361', 'B269', 'B491', 'B462', 'B723', 'B153', 'B301', 'B172', 'B572']",7.5,S16,8.02,2,3,5,0.0,,-0.194237,-12.351581,-12.545818,False,False,18,S65,True,16,2.3071,delivery,,,,,,,,,,,,,,,,,,,,,,,,,,,,,,,,,,,,,,,,,,,,,,,,,,,,
42,26,9,14,S16,False,2,3,5,0,7,0,0,0,0,"['B461', 'B477', 'B182', 'B120', 'B416', 'B161', 'B587']",3.5,S43,0.58,9,3,12,0.0,,-0.360921,-12.500026,-12.860947,False,False,18,S43,False,7,1.8259,pickup,,,,,,,,,,,,,,,,,,,,,,,,,,,,,,,,,,,,,,,,,,,,,,,,,,,,
42,26,9,18,S43,False,9,3,12,0,8,0,0,0,0,"['B255', 'B748', 'B186', 'B281', 'B711', 'B177', 'B241', 'B386']",4.0,S66,4.56,17,3,20,0.0,,-0.379127,-12.516635,-12.895762,False,False,12,S41,True,10,1.2365,pickup,,,,,,,,,,,,,,,,,,,,,,,,,,,,,,,,,,,,,,,,,,,,,,,,,,,,
42,26,9,27,S66,False,17,3,20,9,0,0,0,0,0,"['B395', 'B340', 'B461', 'B477', 'B182', 'B120', 'B416', 'B161', 'B587']",4.5,S0,11.65,8,3,11,0.0,,-0.418079,-12.510023,-12.928103,False,False,18,S0,False,9,1.9214,delivery,,,,,,,,,,,,,,,,,,,,,,,,,,,,,,,,,,,,,,,,,,,,,,,,,,,,
42,26,9,43,S0,False,8,3,11,8,0,0,0,0,0,"['B255', 'B748', 'B186', 'B281', 'B711', 'B177', 'B241', 'B386']",4.0,S4,11.46,0,3,3,0.0,,-0.400488,-12.536278,-12.936766,False,False,12,S55,True,10,1.5882,delivery,,,,,,,,,,,,,,,,,,,,,,,,,,,,,,,,,,,,,,,,,,,,,,,,,,,,
42,26,9,58,S4,False,0,3,3,0,13,0,0,0,0,"['B619', 'B419', 'B377', 'B42', 'B437', 'B144', 'B194', 'B513', 'B424', 'B443', 'B146', 'B710', 'B563']",6.5,S17,9.2,13,3,16,0.0,,-0.312152,-12.66369,-12.975842,False,False,18,S55,True,6,2.3493,pickup,,,,,,,,,,,,,,,,,,,,,,,,,,,,,,,,,,,,,,,,,,,,,,,,,,,,
42,26,10,14,S17,False,13,3,16,13,0,0,0,0,0,"['B619', 'B419', 'B377', 'B42', 'B437', 'B144', 'B194', 'B513', 'B424', 'B443', 'B146', 'B710', 'B563']",6.5,S45,9.1,0,3,3,0.0,,-0.42744,-12.72172,-13.14916,False,False,12,S45,False,6,1.8377,delivery,,,,,,,,,,,,,,,,,,,,,,,,,,,,,,,,,,,,,,,,,,,,,,,,,,,,
42,26,10,30,S45,False,0,3,3,0,8,1,0,0,0,"['B405', 'B167', 'B114', 'B448', 'B684', 'B341', 'B260', 'B369']",7.0,S61,3.27,8,3,11,0.0,,-0.478455,-12.667413,-13.145868,True,True,36,S54,True,18,3.9672,pickup+onsite,,,,,,,,,,,,,,,,,,,,,,,,,,,,,,,,,,,,,,,,,,,,,,,,,,,,
42,26,10,40,S61,False,8,3,11,8,0,0,2,0,0,"['B157', 'B25', 'B405', 'B167', 'B114', 'B448', 'B684', 'B341', 'B260', 'B369']",5.0,S54,4.83,0,5,5,0.0,,-0.527284,-12.573902,-13.101186,True,True,36,S54,False,32,3.8218,delivery+depot_removal,,,,,,,,,,,,,,,,,,,,,,,,,,,,,,,,,,,,,,,,,,,,,,,,,,,,
42,26,10,50,S54,False,0,5,5,0,13,0,0,0,0,"['B267', 'B747', 'B423', 'B38', 'B248', 'B426', 'B297', 'B406', 'B61', 'B602', 'B402', 'B613', 'B508']",6.5,S7,11.95,13,5,18,0.0,,-0.400021,-12.527663,-12.927684,False,False,18,S26,True,13,2.3804,pickup,,,,,,,,,,,,,,,,,,,,,,,,,,,,,,,,,,,,,,,,,,,,,,,,,,,,
42,26,11,8,S7,False,13,5,18,13,0,0,1,0,0,"['B397', 'B267', 'B747', 'B423', 'B38', 'B248', 'B426', 'B297', 'B406', 'B61', 'B602', 'B402', 'B613', 'B508']",7.0,S44,10.4,0,6,6,0.0,,-0.4468,-12.559647,-13.006447,True,True,36,S26,True,30,3.6192,delivery+depot_removal,,,,,,,,,,,,,,,,,,,,,,,,,,,,,,,,,,,,,,,,,,,,,,,,,,,,
42,26,11,25,S44,False,0,6,6,0,0,0,0,0,0,[],0.0,S62,2.2,0,6,6,0.0,,-0.515972,-12.714305,-13.230277,False,False,18,S37,True,3,1.6564,do_nothing,,,,,,,,,,,,,,,,,,,,,,,,,,,,,,,,,,,,,,,,,,,,,,,,,,,,
42,26,11,28,S62,False,0,6,6,0,11,0,0,0,0,"['B326', 'B732', 'B36', 'B554', 'B92', 'B725', 'B408', 'B352', 'B538', 'B639', 'B53']",5.5,S42,6.87,11,6,17,0.0,,-0.400344,-12.754476,-13.15482,False,False,18,S37,True,16,1.8541,pickup,,,,,,,,,,,,,,,,,,,,,,,,,,,,,,,,,,,,,,,,,,,,,,,,,,,,
42,26,11,40,S42,False,11,6,17,11,0,0,0,0,0,"['B326', 'B732', 'B36', 'B554', 'B92', 'B725', 'B408', 'B352', 'B538', 'B639', 'B53']",5.5,S37,9.19,0,6,6,0.0,,-0.624499,-12.671078,-13.295577,False,False,12,S55,True,6,1.3289,delivery,,,,,,,,,,,,,,,,,,,,,,,,,,,,,,,,,,,,,,,,,,,,,,,,,,,,
42,26,11,55,S37,False,0,6,6,0,14,0,0,0,0,"['B34', 'B547', 'B274', 'B173', 'B346', 'B13', 'B411', 'B35', 'B289', 'B642', 'B196', 'B688', 'B367', 'B318']",7.0,S41,3.7,14,6,20,0.0,,-0.438719,-12.705685,-13.144404,False,False,12,S41,False,6,1.4201,pickup,,,,,,,,,,,,,,,,,,,,,,,,,,,,,,,,,,,,,,,,,,,,,,,,,,,,
42,26,12,5,S41,False,14,6,20,14,0,0,0,0,0,"['B34', 'B547', 'B274', 'B173', 'B346', 'B13', 'B411', 'B35', 'B289', 'B642', 'B196', 'B688', 'B367', 'B318']",7.0,S63,5.29,0,6,6,0.0,,-0.770932,-12.70207,-13.473001,False,False,18,S35,True,16,2.059,delivery,,,,,,,,,,,,,,,,,,,,,,,,,,,,,,,,,,,,,,,,,,,,,,,,,,,,
42,26,12,18,S63,False,0,6,6,0,14,0,0,0,0,"['B749', 'B596', 'B45', 'B251', 'B641', 'B233', 'B94', 'B5', 'B119', 'B756', 'B238', 'B445', 'B103', 'B135']",7.0,S35,6.66,14,6,20,0.0,,-0.739049,-12.606751,-13.3458,False,False,18,S35,True,6,2.1221,pickup,,,,,,,,,,,,,,,,,,,,,,,,,,,,,,,,,,,,,,,,,,,,,,,,,,,,
42,26,12,31,S35,False,14,6,20,12,0,0,0,0,0,"['B749', 'B596', 'B45', 'B251', 'B641', 'B233', 'B94', 'B5', 'B119', 'B756', 'B238', 'B445']",6.0,S55,3.04,2,6,8,0.0,,-0.803538,-12.60946,-13.412998,False,False,18,S36,True,8,2.2939,delivery,,,,,,,,,,,,,,,,,,,,,,,,,,,,,,,,,,,,,,,,,,,,,,,,,,,,
42,26,12,40,S55,False,2,6,8,0,12,0,0,0,0,"['B480', 'B202', 'B380', 'B656', 'B335', 'B303', 'B704', 'B252', 'B689', 'B472', 'B422', 'B465']",6.0,S36,3.85,14,6,20,0.0,,-0.783281,-12.70619,-13.489471,True,False,24,S64,True,12,3.3457,pickup,,,,,,,,,,,,,,,,,,,,,,,,,,,,,,,,,,,,,,,,,,,,,,,,,,,,
42,26,12,50,S36,False,14,6,20,14,0,0,0,0,0,"['B103', 'B135', 'B480', 'B202', 'B380', 'B656', 'B335', 'B303', 'B704', 'B252', 'B689', 'B472', 'B422', 'B465']",7.0,S60,7.61,0,6,6,0.0,,-0.840482,-12.495914,-13.336396,False,False,18,S15,True,16,3.2436,delivery,,,,,,,,,,,,,,,,,,,,,,,,,,,,,,,,,,,,,,,,,,,,,,,,,,,,
42,26,13,5,S60,False,0,6,6,0,14,0,0,0,0,"['B332', 'B71', 'B646', 'B529', 'B461', 'B104', 'B466', 'B229', 'B679', 'B653', 'B159', 'B112', 'B531', 'B190']",7.0,S26,6.85,14,6,20,0.0,,-0.578359,-12.765251,-13.34361,False,False,18,S6,True,6,2.3868,pickup,,,,,,,,,,,,,,,,,,,,,,,,,,,,,,,,,,,,,,,,,,,,,,,,,,,,
42,26,13,19,S26,False,14,6,20,14,0,0,0,0,0,"['B332', 'B71', 'B646', 'B529', 'B461', 'B104', 'B466', 'B229', 'B679', 'B653', 'B159', 'B112', 'B531', 'B190']",7.0,S54,5.73,0,6,6,0.0,,-0.921705,-12.736513,-13.658218,False,False,12,S66,True,6,1.7959,delivery,,,,,,,,,,,,,,,,,,,,,,,,,,,,,,,,,,,,,,,,,,,,,,,,,,,,
42,26,13,31,S54,False,0,6,6,0,10,0,0,0,0,"['B73', 'B216', 'B226', 'B632', 'B630', 'B645', 'B408', 'B728', 'B233', 'B641']",5.0,S66,5.58,10,6,16,0.0,,-0.824397,-12.638545,-13.462942,False,False,18,S41,True,12,2.5639,pickup,,,,,,,,,,,,,,,,,,,,,,,,,,,,,,,,,,,,,,,,,,,,,,,,,,,,
42,26,13,42,S66,False,10,6,16,10,0,0,0,0,0,"['B73', 'B216', 'B226', 'B632', 'B630', 'B645', 'B408', 'B728', 'B233', 'B641']",5.0,S47,2.81,0,6,6,0.0,,-0.663738,-12.647059,-13.310797,False,False,12,S41,True,8,1.8806,delivery,,,,,,,,,,,,,,,,,,,,,,,,,,,,,,,,,,,,,,,,,,,,,,,,,,,,
42,26,13,50,S47,False,0,6,6,0,9,0,2,0,0,"['B499', 'B562', 'B197', 'B755', 'B206', 'B764', 'B55', 'B109', 'B127', 'B8', 'B421']",5.5,S30,1.18,9,8,17,0.0,,-0.547308,-12.524733,-13.07204,True,True,54,S6,True,48,8.8336,pickup+depot_removal,,,,,,,,,,,,,,,,,,,,,,,,,,,,,,,,,,,,,,,,,,,,,,,,,,,,
42,26,13,57,S30,False,9,8,17,0,0,0,0,0,0,[],0.0,S16,5.83,9,8,17,0.0,,-0.61702,-12.578547,-13.195567,False,False,18,S16,True,2,2.8484,do_nothing,,,,,,,,,,,,,,,,,,,,,,,,,,,,,,,,,,,,,,,,,,,,,,,,,,,,
42,26,14,2,S16,False,9,8,17,9,0,0,0,0,0,"['B499', 'B562', 'B197', 'B755', 'B206', 'B764', 'B55', 'B109', 'B127']",4.5,S55,3.87,0,8,8,0.0,,-0.431981,-12.485612,-12.917593,False,False,12,S52,True,7,1.5132,delivery,,,,,,,,,,,,,,,,,,,,,,,,,,,,,,,,,,,,,,,,,,,,,,,,,,,,
42,26,14,11,S55,False,0,8,8,0,12,1,0,0,0,"['B737', 'B136', 'B120', 'B416', 'B280', 'B659', 'B636', 'B6', 'B651', 'B560', 'B183', 'B731']",9.0,S61,5.26,12,8,20,0.0,,-0.590339,-12.485772,-13.076111,True,True,24,S43,True,19,2.988,pickup+onsite,,,,,,,,,,,,,,,,,,,,,,,,,,,,,,,,,,,,,,,,,,,,,,,,,,,,
42,26,14,25,S61,False,12,8,20,6,0,0,0,0,0,"['B737', 'B136', 'B120', 'B416', 'B280', 'B659']",3.0,S64,1.43,6,8,14,0.0,,-0.234563,-12.370779,-12.605341,False,False,18,S64,False,16,2.227,delivery,,,,,,,,,,,,,,,,,,,,,,,,,,,,,,,,,,,,,,,,,,,,,,,,,,,,
42,26,14,29,S64,False,6,8,14,6,0,0,0,0,0,"['B636', 'B6', 'B651', 'B560', 'B183', 'B731']",3.0,S52,2.64,0,8,8,0.0,,-0.214727,-12.311943,-12.52667,False,False,12,S52,False,6,1.5431,delivery,,,,,,,,,,,,,,,,,,,,,,,,,,,,,,,,,,,,,,,,,,,,,,,,,,,,
42,26,14,35,S52,False,0,8,8,0,10,1,0,0,0,"['B224', 'B552', 'B161', 'B687', 'B236', 'B7', 'B41', 'B676', 'B187', 'B48']",8.0,S43,1.59,10,8,18,0.0,,-0.165565,-12.294454,-12.46002,True,True,36,S43,False,30,4.413,pickup+onsite,,,,,,,,,,,,,,,,,,,,,,,,,,,,,,,,,,,,,,,,,,,,,,,,,,,,
42,26,14,45,S43,False,10,8,18,10,0,0,0,0,0,"['B224', 'B552', 'B161', 'B687', 'B236', 'B7', 'B41', 'B676', 'B187', 'B48']",5.0,S35,7.26,0,8,8,0.0,,-0.282069,-12.300684,-12.582753,False,False,12,S35,False,6,1.4022,delivery,,,,,,,,,,,,,,,,,,,,,,,,,,,,,,,,,,,,,,,,,,,,,,,,,,,,
42,26,14,57,S35,False,0,8,8,0,12,0,0,0,0,"['B298', 'B742', 'B53', 'B638', 'B714', 'B371', 'B725', 'B664', 'B182', 'B214', 'B558', 'B598']",6.0,S15,5.79,12,8,20,0.0,,-0.147329,-12.236705,-12.384034,False,False,12,S15,False,6,1.2654,pickup,,,,,,,,,,,,,,,,,,,,,,,,,,,,,,,,,,,,,,,,,,,,,,,,,,,,
42,26,15,9,S15,False,12,8,20,12,0,0,0,0,0,"['B298', 'B742', 'B53', 'B638', 'B714', 'B371', 'B725', 'B664', 'B182', 'B214', 'B558', 'B598']",6.0,S58,5.67,0,8,8,0.0,,-0.431862,-12.313617,-12.745479,False,False,12,S45,True,10,1.6799,delivery,,,,,,,,,,,,,,,,,,,,,,,,,,,,,,,,,,,,,,,,,,,,,,,,,,,,
42,26,15,20,S58,False,0,8,8,0,11,0,0,0,0,"['B694', 'B488', 'B628', 'B455', 'B191', 'B388', 'B516', 'B310', 'B308', 'B555', 'B634']",5.5,S45,3.04,11,8,19,0.0,,-0.461291,-12.259133,-12.720424,False,False,18,S15,True,13,2.317,pickup,,,,,,,,,,,,,,,,,,,,,,,,,,,,,,,,,,,,,,,,,,,,,,,,,,,,
42,26,15,29,S45,False,11,8,19,10,0,0,0,0,0,"['B694', 'B488', 'B628', 'B455', 'B191', 'B388', 'B516', 'B310', 'B308', 'B555']",5.0,S54,2.7,1,8,9,0.0,,-0.206531,-12.185208,-12.391739,False,False,18,S15,True,8,2.5389,delivery,,,,,,,,,,,,,,,,,,,,,,,,,,,,,,,,,,,,,,,,,,,,,,,,,,,,
42,26,15,37,S54,False,1,8,9,0,8,0,0,0,0,"['B761', 'B582', 'B317', 'B419', 'B431', 'B119', 'B239', 'B479']",4.0,S8,10.5,9,8,17,0.0,,-0.254126,-12.130588,-12.384714,False,False,18,S8,False,9,2.2944,pickup,,,,,,,,,,,,,,,,,,,,,,,,,,,,,,,,,,,,,,,,,,,,,,,,,,,,
42,26,15,51,S8,False,9,8,17,9,0,0,1,0,0,"['B348', 'B634', 'B761', 'B582', 'B317', 'B419', 'B431', 'B119', 'B239', 'B479']",5.0,S60,16.74,0,9,9,0.0,,-0.223895,-12.098883,-12.322779,True,True,24,S13,True,20,3.2939,delivery+depot_removal,,,,,,,,,,,,,,,,,,,,,,,,,,,,,,,,,,,,,,,,,,,,,,,,,,,,
42,26,16,13,S60,False,0,9,9,0,11,0,0,0,0,"['B540', 'B549', 'B82', 'B605', 'B374', 'B165', 'B733', 'B727', 'B63', 'B611', 'B3']",5.5,S29,7.31,11,9,20,0.0,,-0.340526,-12.263147,-12.603673,False,False,18,S62,True,6,2.3597,pickup,,,,,,,,,,,,,,,,,,,,,,,,,,,,,,,,,,,,,,,,,,,,,,,,,,,,
42,26,16,26,S29,False,11,9,20,11,0,1,0,0,0,"['B540', 'B549', 'B82', 'B605', 'B374', 'B165', 'B733', 'B727', 'B63', 'B611', 'B3']",8.5,S62,3.79,0,9,9,0.0,,-0.487071,-12.32043,-12.807501,True,True,24,S1,True,18,3.1088,delivery+onsite,,,,,,,,,,,,,,,,,,,,,,,,,,,,,,,,,,,,,,,,,,,,,,,,,,,,
42,26,16,38,S62,False,0,9,9,0,11,1,0,0,0,"['B76', 'B225', 'B736', 'B362', 'B13', 'B140', 'B635', 'B56', 'B729', 'B249', 'B102']",8.5,S33,0.92,11,9,20,0.0,,-0.272006,-12.403739,-12.675744,True,True,24,S33,False,18,3.0563,pickup+onsite,,,,,,,,,,,,,,,,,,,,,,,,,,,,,,,,,,,,,,,,,,,,,,,,,,,,
42,26,16,47,S33,False,11,9,20,11,0,0,0,0,0,"['B76', 'B225', 'B736', 'B362', 'B13', 'B140', 'B635', 'B56', 'B729', 'B249', 'B102']",5.5,S9,8.41,0,9,9,0.0,,-0.195848,-12.373902,-12.56975,False,False,12,S1,True,7,1.5429,delivery,,,,,,,,,,,,,,,,,,,,,,,,,,,,,,,,,,,,,,,,,,,,,,,,,,,,
42,26,17,1,S9,False,0,9,9,0,6,2,0,0,0,"['B355', 'B432', 'B766', 'B690', 'B237', 'B376']",9.0,S6,19.26,6,9,15,0.0,,-0.156325,-12.313238,-12.469563,True,True,54,S6,False,33,5.7237,pickup+onsite,,,,,,,,,,,,,,,,,,,,,,,,,,,,,,,,,,,,,,,,,,,,,,,,,,,,
42,26,17,30,S6,False,6,9,15,0,5,0,0,0,0,"['B204', 'B342', 'B481', 'B575', 'B712']",2.5,S43,12.72,11,9,20,0.0,,-0.204784,-12.334082,-12.538867,False,False,12,S43,False,6,1.3463,pickup,,,,,,,,,,,,,,,,,,,,,,,,,,,,,,,,,,,,,,,,,,,,,,,,,,,,
42,26,17,45,S43,False,11,9,20,11,0,0,0,0,0,"['B355', 'B432', 'B766', 'B690', 'B237', 'B376', 'B204', 'B342', 'B481', 'B575', 'B712']",5.5,S31,4.35,0,9,9,0.0,,-0.107294,-12.2207,-12.327994,False,False,12,S46,True,8,1.4328,delivery,,,,,,,,,,,,,,,,,,,,,,,,,,,,,,,,,,,,,,,,,,,,,,,,,,,,
42,26,17,55,S31,False,0,9,9,0,11,0,0,0,0,"['B600', 'B20', 'B597', 'B340', 'B313', 'B512', 'B614', 'B571', 'B223', 'B99', 'B179']",5.5,S35,8.41,11,9,20,0.0,,-0.117573,-12.11588,-12.233453,True,False,30,S46,True,24,3.6486,pickup,,,,,,,,,,,,,,,,,,,,,,,,,,,,,,,,,,,,,,,,,,,,,,,,,,,,
42,26,18,9,S35,False,11,9,20,11,0,0,0,0,0,"['B600', 'B20', 'B597', 'B340', 'B313', 'B512', 'B614', 'B571', 'B223', 'B99', 'B179']",5.5,S46,5.93,0,9,9,0.0,,-0.029088,-12.165811,-12.194899,False,False,12,S54,True,10,1.3215,delivery,,,,,,,,,,,,,,,,,,,,,,,,,,,,,,,,,,,,,,,,,,,,,,,,,,,,
42,26,18,20,S46,False,0,9,9,0,11,0,0,0,0,"['B428', 'B271', 'B553', 'B599', 'B699', 'B620', 'B618', 'B242', 'B356', 'B392', 'B184']",5.5,S55,2.88,11,9,20,0.0,,-0.107388,-12.125371,-12.232759,False,False,12,S45,True,8,1.3105,pickup,,,,,,,,,,,,,,,,,,,,,,,,,,,,,,,,,,,,,,,,,,,,,,,,,,,,
42,26,18,28,S55,False,11,9,20,11,0,0,0,0,0,"['B428', 'B271', 'B553', 'B599', 'B699', 'B620', 'B618', 'B242', 'B356', 'B392', 'B184']",5.5,S54,0.95,0,9,9,0.0,,-0.068064,-12.131807,-12.199871,False,False,18,S50,True,12,1.8335,delivery,,,,,,,,,,,,,,,,,,,,,,,,,,,,,,,,,,,,,,,,,,,,,,,,,,,,
42,26,18,35,S54,False,0,9,9,0,10,0,0,0,0,"['B551', 'B68', 'B487', 'B470', 'B115', 'B132', 'B5', 'B117', 'B57', 'B501']",5.0,S37,4.98,10,9,19,0.0,,-0.039274,-12.192144,-12.231418,False,False,18,S36,True,14,2.1117,pickup,,,,,,,,,,,,,,,,,,,,,,,,,,,,,,,,,,,,,,,,,,,,,,,,,,,,
42,26,18,45,S37,False,10,9,19,10,0,1,0,0,0,"['B551', 'B68', 'B487', 'B470', 'B115', 'B132', 'B5', 'B117', 'B57', 'B501']",8.0,S59,1.48,0,9,9,0.0,,-0.068186,-12.170834,-12.23902,True,True,36,S50,True,30,4.3968,delivery+onsite,,,,,,,,,,,,,,,,,,,,,,,,,,,,,,,,,,,,,,,,,,,,,,,,,,,,
42,26,18,54,S59,False,0,9,9,0,11,0,0,0,0,"['B496', 'B87', 'B27', 'B438', 'B698', 'B410', 'B283', 'B654', 'B629', 'B178', 'B527']",5.5,S50,8.72,11,9,20,0.0,,-0.048242,-12.141283,-12.189526,False,False,12,S36,True,6,1.4343,pickup,,,,,,,,,,,,,,,,,,,,,,,,,,,,,,,,,,,,,,,,,,,,,,,,,,,,
42,26,19,9,S50,False,11,9,20,11,0,0,0,0,0,"['B496', 'B87', 'B27', 'B438', 'B698', 'B410', 'B283', 'B654', 'B629', 'B178', 'B527']",5.5,S65,9.57,0,9,9,0.0,,-0.009614,-12.166451,-12.176065,False,False,18,S63,True,12,1.8469,delivery,,,,,,,,,,,,,,,,,,,,,,,,,,,,,,,,,,,,,,,,,,,,,,,,,,,,
42,26,19,24,S65,False,0,9,9,0,11,0,0,0,0,"['B576', 'B33', 'B282', 'B327', 'B759', 'B64', 'B632', 'B408', 'B265', 'B728', 'B127']",5.5,S61,4.19,11,9,20,0.0,,-0.048961,-12.308524,-12.357485,False,False,12,S63,True,7,1.6268,pickup,,,,,,,,,,,,,,,,,,,,,,,,,,,,,,,,,,,,,,,,,,,,,,,,,,,,
42,26,19,33,S61,False,11,9,20,7,0,0,0,0,0,"['B576', 'B33', 'B282', 'B327', 'B759', 'B64', 'B632']",3.5,S64,1.43,4,9,13,0.0,,-0.039271,-12.109994,-12.149265,False,False,14,S63,True,11,1.5713,delivery,,,,,,,,,,,,,,,,,,,,,,,,,,,,,,,,,,,,,,,,,,,,,,,,,,,,
42,26,19,38,S64,False,4,9,13,0,7,0,0,0,0,"['B331', 'B221', 'B85', 'B18', 'B325', 'B228', 'B76']",3.5,S63,3.66,11,9,20,0.0,,-0.087763,-12.021191,-12.108954,False,False,9,S63,False,4,0.8856,pickup,,,,,,,,,,,,,,,,,,,,,,,,,,,,,,,,,,,,,,,,,,,,,,,,,,,,
42,26,19,45,S63,False,11,9,20,0,0,0,0,0,0,[],0.0,S52,1.26,11,9,20,0.0,,-0.068163,-12.121546,-12.189709,False,False,4,D0,True,1,0.445,do_nothing,,,,,,,,,,,,,,,,,,,,,,,,,,,,,,,,,,,,,,,,,,,,,,,,,,,,
42,26,19,47,S52,False,11,9,20,5,0,0,0,0,0,"['B408', 'B265', 'B728', 'B127', 'B331']",2.5,D0,1.21,6,9,15,0.0,,-0.078396,-12.302755,-12.381151,False,False,3,D0,False,1,0.3441,delivery,,,,,,,,,,,,,,,,,,,,,,,,,,,,,,,,,,,,,,,,,,,,,,,,,,,,
42,26,19,50,D0,True,6,9,15,0,0,0,0,9,0,"['B476', 'B349', 'B113', 'B157', 'B25', 'B397', 'B8', 'B421', 'B348']",4.5,D0,0.0,6,0,6,0.0,,-0.058055,-12.298055,-12.35611,True,True,1,D0,False,0,0.126,do_nothing,,,,,,,,,,,,,,,,,,,,,,,,,,,,,,,,,,,,,,,,,,,,,,,,,,,,
42,27,6,10,D0,True,6,0,6,0,0,0,0,0,10,"['B485', 'B122', 'B234', 'B655', 'B143', 'B74', 'B101', 'B535', 'B637', 'B607']",5.0,S14,4.04,16,0,16,0.0,,-0.108806,-12.975836,-13.084642,True,True,5,S14,False,0,0.7626,load_queue,,,,,,,,,,,,,,,,,,,,,,,,,,,,,,,,,,,,,,,,,,,,,,,,,,,,
42,27,6,34,S14,False,16,0,16,13,0,0,0,0,0,"['B221', 'B85', 'B18', 'B325', 'B228', 'B76', 'B485', 'B122', 'B234', 'B655', 'B143', 'B74', 'B101']",6.5,S60,9.77,3,0,3,0.0,,-0.087667,-12.564271,-12.651938,False,False,12,S48,True,6,1.4657,delivery,,,,,,,,,,,,,,,,,,,,,,,,,,,,,,,,,,,,,,,,,,,,,,,,,,,,
42,27,6,50,S60,False,3,0,3,0,17,0,0,0,0,"['B175', 'B11', 'B441', 'B90', 'B0', 'B385', 'B510', 'B126', 'B593', 'B148', 'B196', 'B219', 'B403', 'B446', 'B173', 'B220', 'B488']",8.5,S15,4.42,20,0,20,0.0,,-0.06834,-12.505588,-12.573929,False,False,12,S15,False,6,1.5085,pickup,,,,,,,,,,,,,,,,,,,,,,,,,,,,,,,,,,,,,,,,,,,,,,,,,,,,
42,27,7,3,S15,False,20,0,20,9,0,0,0,0,0,"['B535', 'B637', 'B607', 'B175', 'B11', 'B441', 'B90', 'B0', 'B385']",4.5,S62,2.79,11,0,11,0.0,,-0.096634,-12.459998,-12.556632,False,False,18,S5,True,10,1.9064,delivery,,,,,,,,,,,,,,,,,,,,,,,,,,,,,,,,,,,,,,,,,,,,,,,,,,,,
42,27,7,10,S62,False,11,0,11,0,0,0,1,0,0,['B567'],0.5,S55,3.22,11,1,12,0.0,,-0.087442,-12.510481,-12.597923,True,True,18,S55,False,10,1.9829,do_nothing+depot_removal,,,,,,,,,,,,,,,,,,,,,,,,,,,,,,,,,,,,,,,,,,,,,,,,,,,,
42,27,7,14,S55,False,11,1,12,0,0,0,1,0,0,['B281'],0.5,S14,5.47,11,2,13,0.0,,-0.067644,-12.514858,-12.582502,True,True,18,S5,True,10,2.0002,do_nothing+depot_removal,,,,,,,,,,,,,,,,,,,,,,,,,,,,,,,,,,,,,,,,,,,,,,,,,,,,
42,27,7,20,S14,False,11,2,13,0,7,0,0,0,0,"['B221', 'B85', 'B18', 'B325', 'B228', 'B76', 'B485']",3.5,S42,2.87,18,2,20,0.0,,-0.058107,-12.455507,-12.513614,False,False,12,S5,True,8,1.2663,pickup,,,,,,,,,,,,,,,,,,,,,,,,,,,,,,,,,,,,,,,,,,,,,,,,,,,,
42,27,7,26,S42,False,18,2,20,6,0,0,0,0,0,"['B510', 'B126', 'B593', 'B148', 'B196', 'B219']",3.0,S53,6.49,12,2,14,0.0,,-0.078072,-12.449804,-12.527876,False,False,18,S5,True,12,2.1927,delivery,,,,,,,,,,,,,,,,,,,,,,,,,,,,,,,,,,,,,,,,,,,,,,,,,,,,
42,27,7,36,S53,False,12,2,14,0,0,0,1,0,0,['B477'],0.5,S46,0.87,12,3,15,0.0,,-0.097402,-12.079453,-12.176855,True,True,18,S5,True,9,1.9893,do_nothing+depot_removal,,,,,,,,,,,,,,,,,,,,,,,,,,,,,,,,,,,,,,,,,,,,,,,,,,,,
42,27,7,37,S46,False,12,3,15,10,0,0,0,0,0,"['B403', 'B446', 'B173', 'B220', 'B488', 'B221', 'B85', 'B18', 'B325', 'B228']",5.0,S59,4.24,2,3,5,0.0,,-0.077732,-12.060312,-12.138044,False,False,18,S63,True,7,1.6853,delivery,,,,,,,,,,,,,,,,,,,,,,,,,,,,,,,,,,,,,,,,,,,,,,,,,,,,
42,27,7,47,S59,False,2,3,5,0,15,0,0,0,0,"['B129', 'B1', 'B114', 'B684', 'B319', 'B741', 'B262', 'B456', 'B405', 'B133', 'B416', 'B166', 'B323', 'B561', 'B160']",7.5,S65,5.18,17,3,20,0.0,,-0.137195,-12.073277,-12.210473,False,False,12,S5,True,6,1.2001,pickup,,,,,,,,,,,,,,,,,,,,,,,,,,,,,,,,,,,,,,,,,,,,,,,,,,,,
42,27,7,59,S65,False,17,3,20,11,0,0,0,0,0,"['B76', 'B485', 'B129', 'B1', 'B114', 'B684', 'B319', 'B741', 'B262', 'B456', 'B405']",5.5,S61,4.19,6,3,9,0.0,,-0.13606,-12.179731,-12.315791,False,False,18,S5,True,14,2.744,delivery,,,,,,,,,,,,,,,,,,,,,,,,,,,,,,,,,,,,,,,,,,,,,,,,,,,,
42,27,8,9,S61,False,6,3,9,0,9,0,0,0,0,"['B759', 'B64', 'B632', 'B587', 'B125', 'B551', 'B205', 'B242', 'B620']",4.5,S1,8.01,15,3,18,0.0,,-0.077899,-12.105145,-12.183044,False,False,18,S1,False,12,2.2454,pickup,,,,,,,,,,,,,,,,,,,,,,,,,,,,,,,,,,,,,,,,,,,,,,,,,,,,
42,27,8,21,S1,False,15,3,18,11,0,0,0,0,0,"['B133', 'B416', 'B166', 'B323', 'B561', 'B160', 'B759', 'B64', 'B632', 'B587', 'B125']",5.5,S55,3.22,4,3,7,0.0,,-0.088333,-12.211535,-12.299867,False,False,18,S44,True,6,1.9738,delivery,,,,,,,,,,,,,,,,,,,,,,,,,,,,,,,,,,,,,,,,,,,,,,,,,,,,
42,27,8,30,S55,False,4,3,7,0,13,0,0,0,0,"['B511', 'B664', 'B55', 'B186', 'B693', 'B289', 'B534', 'B87', 'B271', 'B514', 'B545', 'B334', 'B177']",6.5,S47,8.91,17,3,20,0.0,,-0.164676,-12.365072,-12.529748,False,False,12,S47,False,8,1.4649,pickup,,,,,,,,,,,,,,,,,,,,,,,,,,,,,,,,,,,,,,,,,,,,,,,,,,,,
42,27,8,46,S47,False,17,3,20,7,0,0,0,0,0,"['B551', 'B205', 'B242', 'B620', 'B511', 'B664', 'B55']",3.5,S65,1.6,10,3,13,0.0,,-0.205655,-12.422419,-12.628074,False,False,18,S25,True,12,2.5617,delivery,,,,,,,,,,,,,,,,,,,,,,,,,,,,,,,,,,,,,,,,,,,,,,,,,,,,
42,27,8,51,S65,False,10,3,13,0,0,0,1,0,0,['B130'],0.5,S44,6.93,10,4,14,0.0,,-0.117027,-12.374361,-12.491388,True,True,18,S25,True,8,2.3113,do_nothing+depot_removal,,,,,,,,,,,,,,,,,,,,,,,,,,,,,,,,,,,,,,,,,,,,,,,,,,,,
42,27,8,58,S44,False,10,4,14,0,6,0,0,0,0,"['B404', 'B753', 'B182', 'B726', 'B201', 'B432']",3.0,S32,3.42,16,4,20,0.0,,-0.214084,-12.344712,-12.558796,False,False,12,S3,True,10,1.6557,pickup,,,,,,,,,,,,,,,,,,,,,,,,,,,,,,,,,,,,,,,,,,,,,,,,,,,,
42,27,9,5,S32,False,16,4,20,7,0,1,0,0,0,"['B186', 'B693', 'B289', 'B534', 'B87', 'B271', 'B514']",6.5,S45,2.27,9,4,13,0.0,,-0.195002,-12.313472,-12.508474,True,True,36,S37,True,31,3.6935,delivery+onsite,,,,,,,,,,,,,,,,,,,,,,,,,,,,,,,,,,,,,,,,,,,,,,,,,,,,
42,27,9,13,S45,False,9,4,13,0,7,0,0,0,0,"['B53', 'B250', 'B501', 'B308', 'B116', 'B381', 'B510']",3.5,S63,1.16,16,4,20,0.0,,-0.233607,-12.363418,-12.597025,False,False,12,S42,True,7,1.5346,pickup,,,,,,,,,,,,,,,,,,,,,,,,,,,,,,,,,,,,,,,,,,,,,,,,,,,,
42,27,9,18,S63,False,16,4,20,7,0,0,0,0,0,"['B545', 'B334', 'B177', 'B404', 'B753', 'B182', 'B726']",3.5,S51,3.43,9,4,13,0.0,,-0.077904,-12.300006,-12.37791,False,False,18,S37,True,14,2.4035,delivery,,,,,,,,,,,,,,,,,,,,,,,,,,,,,,,,,,,,,,,,,,,,,,,,,,,,
42,27,9,25,S51,False,9,4,13,0,7,0,0,0,0,"['B248', 'B367', 'B246', 'B621', 'B99', 'B392', 'B577']",3.5,S42,9.5,16,4,20,0.0,,-0.252733,-12.364113,-12.616846,False,False,12,S42,False,7,1.4819,pickup,,,,,,,,,,,,,,,,,,,,,,,,,,,,,,,,,,,,,,,,,,,,,,,,,,,,
42,27,9,38,S42,False,16,4,20,10,0,0,0,0,0,"['B201', 'B432', 'B53', 'B250', 'B501', 'B308', 'B116', 'B381', 'B510', 'B248']",5.0,S61,8.85,6,4,10,0.0,,-0.194853,-12.166253,-12.361106,False,False,18,S61,False,10,1.973,delivery,,,,,,,,,,,,,,,,,,,,,,,,,,,,,,,,,,,,,,,,,,,,,,,,,,,,
42,27,9,52,S61,False,6,4,10,6,0,0,0,0,0,"['B367', 'B246', 'B621', 'B99', 'B392', 'B577']",3.0,S53,3.81,0,4,4,0.0,,-0.283237,-12.136672,-12.419908,False,False,12,S65,True,6,1.8501,delivery,,,,,,,,,,,,,,,,,,,,,,,,,,,,,,,,,,,,,,,,,,,,,,,,,,,,
42,27,9,59,S53,False,0,4,4,0,16,0,0,0,0,"['B702', 'B709', 'B394', 'B232', 'B591', 'B628', 'B452', 'B395', 'B656', 'B362', 'B140', 'B731', 'B124', 'B305', 'B633', 'B103']",8.0,S66,4.87,16,4,20,0.0,,-0.312396,-12.092249,-12.404645,False,False,12,S66,False,6,1.7951,pickup,,,,,,,,,,,,,,,,,,,,,,,,,,,,,,,,,,,,,,,,,,,,,,,,,,,,
42,27,10,11,S66,False,16,4,20,9,0,0,1,0,0,"['B353', 'B702', 'B709', 'B394', 'B232', 'B591', 'B628', 'B452', 'B395', 'B656']",5.0,S51,7.67,7,5,12,0.0,,-0.185483,-12.065893,-12.251376,True,True,30,S28,True,13,5.0116,delivery+depot_removal,,,,,,,,,,,,,,,,,,,,,,,,,,,,,,,,,,,,,,,,,,,,,,,,,,,,
42,27,10,24,S51,False,7,5,12,0,8,1,0,0,0,"['B673', 'B413', 'B557', 'B755', 'B480', 'B601', 'B723', 'B703']",7.0,S28,16.62,15,5,20,0.0,,-0.26588,-12.093484,-12.359364,True,True,24,S28,False,19,3.0931,pickup+onsite,,,,,,,,,,,,,,,,,,,,,,,,,,,,,,,,,,,,,,,,,,,,,,,,,,,,
42,27,10,48,S28,False,15,5,20,15,0,0,1,0,0,"['B379', 'B362', 'B140', 'B731', 'B124', 'B305', 'B633', 'B103', 'B673', 'B413', 'B557', 'B755', 'B480', 'B601', 'B723', 'B703']",8.0,S36,16.33,0,6,6,0.0,,-0.185817,-12.100117,-12.285934,True,True,30,S43,True,24,5.8547,delivery+depot_removal,,,,,,,,,,,,,,,,,,,,,,,,,,,,,,,,,,,,,,,,,,,,,,,,,,,,
42,27,11,12,S36,False,0,6,6,0,11,0,0,0,0,"['B689', 'B472', 'B422', 'B465', 'B663', 'B483', 'B718', 'B111', 'B522', 'B254', 'B396']",5.5,S22,11.83,11,6,17,0.0,,-0.126145,-12.25189,-12.378036,False,False,18,S43,True,13,2.9613,pickup,,,,,,,,,,,,,,,,,,,,,,,,,,,,,,,,,,,,,,,,,,,,,,,,,,,,
42,27,11,29,S22,False,11,6,17,10,0,1,0,0,0,"['B689', 'B472', 'B422', 'B465', 'B663', 'B483', 'B718', 'B111', 'B522', 'B254']",8.0,S65,1.36,1,6,7,0.0,,-0.244332,-12.275291,-12.519623,True,True,36,S4,True,21,5.0927,delivery+onsite,,,,,,,,,,,,,,,,,,,,,,,,,,,,,,,,,,,,,,,,,,,,,,,,,,,,
42,27,11,39,S65,False,1,6,7,0,0,0,0,0,0,[],0.0,S16,7.14,1,6,7,0.0,,-0.429115,-12.457757,-12.886872,False,False,18,S4,True,4,2.2647,do_nothing,,,,,,,,,,,,,,,,,,,,,,,,,,,,,,,,,,,,,,,,,,,,,,,,,,,,
42,27,11,46,S16,False,1,6,7,0,9,0,0,0,0,"['B51', 'B631', 'B470', 'B406', 'B46', 'B276', 'B145', 'B579', 'B346']",4.5,S4,2.09,10,6,16,0.0,,-0.242998,-12.330705,-12.573703,False,False,18,S4,False,16,2.0992,pickup,,,,,,,,,,,,,,,,,,,,,,,,,,,,,,,,,,,,,,,,,,,,,,,,,,,,
42,27,11,52,S4,False,10,6,16,10,0,0,0,0,0,"['B396', 'B51', 'B631', 'B470', 'B406', 'B46', 'B276', 'B145', 'B579', 'B346']",5.0,S65,5.15,0,6,6,0.0,,-0.174979,-12.318147,-12.493126,False,False,18,S43,True,16,2.7647,delivery,,,,,,,,,,,,,,,,,,,,,,,,,,,,,,,,,,,,,,,,,,,,,,,,,,,,
42,27,12,3,S65,False,0,6,6,0,14,0,0,0,0,"['B614', 'B720', 'B682', 'B76', 'B485', 'B129', 'B1', 'B114', 'B684', 'B319', 'B741', 'B262', 'B456', 'B405']",7.0,S61,4.19,14,6,20,0.0,,-0.038827,-12.227754,-12.266581,False,False,18,S61,True,6,2.8634,pickup,,,,,,,,,,,,,,,,,,,,,,,,,,,,,,,,,,,,,,,,,,,,,,,,,,,,
42,27,12,14,S61,False,14,6,20,8,0,0,0,0,0,"['B614', 'B720', 'B682', 'B76', 'B485', 'B129', 'B1', 'B114']",4.0,S31,1.01,6,6,12,0.0,,-0.10756,-12.187129,-12.294689,False,False,18,S38,True,6,2.9728,delivery,,,,,,,,,,,,,,,,,,,,,,,,,,,,,,,,,,,,,,,,,,,,,,,,,,,,
42,27,12,19,S31,False,6,6,12,0,0,0,3,0,0,"['B358', 'B652', 'B530']",1.5,S1,8.82,6,9,15,0.0,,-0.155925,-12.131901,-12.287826,True,True,66,S38,True,22,9.4334,do_nothing+depot_removal,,,,,,,,,,,,,,,,,,,,,,,,,,,,,,,,,,,,,,,,,,,,,,,,,,,,
42,27,12,29,S1,False,6,9,15,0,0,0,0,0,0,[],0.0,S45,5.76,6,9,15,0.0,,-0.116364,-12.188738,-12.305102,False,False,12,S35,True,1,1.3213,do_nothing,,,,,,,,,,,,,,,,,,,,,,,,,,,,,,,,,,,,,,,,,,,,,,,,,,,,
42,27,12,35,S45,False,6,9,15,0,5,0,0,0,0,"['B400', 'B48', 'B29', 'B4', 'B706']",2.5,S35,5.53,11,9,20,0.0,,-0.166431,-12.215052,-12.381483,False,False,12,S35,False,9,1.5351,pickup,,,,,,,,,,,,,,,,,,,,,,,,,,,,,,,,,,,,,,,,,,,,,,,,,,,,
42,27,12,43,S35,False,11,9,20,9,0,0,0,0,0,"['B684', 'B319', 'B741', 'B262', 'B456', 'B405', 'B400', 'B48', 'B29']",4.5,S20,13.93,2,9,11,0.0,,-0.185787,-12.234925,-12.420712,False,False,18,S1,True,10,2.5585,delivery,,,,,,,,,,,,,,,,,,,,,,,,,,,,,,,,,,,,,,,,,,,,,,,,,,,,
42,27,13,1,S20,False,2,9,11,0,6,1,1,0,0,"['B719', 'B155', 'B89', 'B495', 'B128', 'B311', 'B309']",6.5,S5,2.84,8,10,18,0.0,,-0.253943,-12.159124,-12.413067,True,True,72,S10,True,42,7.4206,pickup+maintenance,,,,,,,,,,,,,,,,,,,,,,,,,,,,,,,,,,,,,,,,,,,,,,,,,,,,
42,27,13,11,S5,False,8,10,18,8,0,0,0,0,0,"['B4', 'B706', 'B719', 'B155', 'B89', 'B495', 'B128', 'B311']",4.0,S1,16.73,0,10,10,0.0,,-0.272754,-12.083952,-12.356705,False,False,12,S52,True,10,1.2706,delivery,,,,,,,,,,,,,,,,,,,,,,,,,,,,,,,,,,,,,,,,,,,,,,,,,,,,
42,27,13,31,S1,False,0,10,10,0,10,0,0,0,0,"['B166', 'B323', 'B561', 'B160', 'B759', 'B64', 'B632', 'B587', 'B125', 'B75']",5.0,S51,8.32,10,10,20,0.0,,-0.283763,-12.399553,-12.683316,False,False,12,S35,True,7,1.391,pickup,,,,,,,,,,,,,,,,,,,,,,,,,,,,,,,,,,,,,,,,,,,,,,,,,,,,
42,27,13,45,S51,False,10,10,20,10,0,0,0,0,0,"['B166', 'B323', 'B561', 'B160', 'B759', 'B64', 'B632', 'B587', 'B125', 'B75']",5.0,S61,6.56,0,10,10,0.0,,-0.303184,-12.43371,-12.736894,False,False,12,S19,True,9,1.465,delivery,,,,,,,,,,,,,,,,,,,,,,,,,,,,,,,,,,,,,,,,,,,,,,,,,,,,
42,27,13,56,S61,False,0,10,10,0,7,0,0,0,0,"['B338', 'B218', 'B198', 'B622', 'B35', 'B714', 'B396']",3.5,S30,2.92,7,10,17,0.0,,-0.106697,-12.287452,-12.394149,False,False,18,S12,True,7,1.9244,pickup,,,,,,,,,,,,,,,,,,,,,,,,,,,,,,,,,,,,,,,,,,,,,,,,,,,,
42,27,14,3,S30,False,7,10,17,7,0,1,0,0,0,"['B338', 'B218', 'B198', 'B622', 'B35', 'B714', 'B396']",6.5,S3,9.25,0,10,10,0.0,,-0.203057,-12.349987,-12.553044,True,True,36,S66,True,30,3.4774,delivery+onsite,,,,,,,,,,,,,,,,,,,,,,,,,,,,,,,,,,,,,,,,,,,,,,,,,,,,
42,27,14,18,S3,False,0,10,10,0,10,0,0,0,0,"['B502', 'B692', 'B212', 'B156', 'B762', 'B368', 'B45', 'B240', 'B110', 'B49']",5.0,S15,6.36,10,10,20,0.0,,-0.281329,-12.404422,-12.685751,False,False,12,S12,True,6,1.4754,pickup,,,,,,,,,,,,,,,,,,,,,,,,,,,,,,,,,,,,,,,,,,,,,,,,,,,,
42,27,14,30,S15,False,10,10,20,10,0,0,0,0,0,"['B502', 'B692', 'B212', 'B156', 'B762', 'B368', 'B45', 'B240', 'B110', 'B49']",5.0,S42,6.77,0,10,10,0.0,,-0.194287,-12.345677,-12.539963,False,False,12,S58,True,7,1.4588,delivery,,,,,,,,,,,,,,,,,,,,,,,,,,,,,,,,,,,,,,,,,,,,,,,,,,,,
42,27,14,42,S42,False,0,10,10,0,7,0,2,0,0,"['B246', 'B282', 'B59', 'B70', 'B609', 'B355', 'B418', 'B140', 'B472']",4.5,S38,11.11,7,12,19,0.0,,-0.302437,-12.333753,-12.63619,True,True,54,S12,True,33,5.0031,pickup+depot_removal,,,,,,,,,,,,,,,,,,,,,,,,,,,,,,,,,,,,,,,,,,,,,,,,,,,,
42,27,14,57,S38,False,7,12,19,7,0,0,0,0,0,"['B246', 'B282', 'B59', 'B70', 'B609', 'B355', 'B418']",3.5,S12,7.06,0,12,12,0.0,,-0.614425,-12.392002,-13.006426,False,False,12,S12,False,10,1.1205,delivery,,,,,,,,,,,,,,,,,,,,,,,,,,,,,,,,,,,,,,,,,,,,,,,,,,,,
42,27,15,8,S12,False,0,12,12,0,8,0,0,0,0,"['B690', 'B447', 'B634', 'B154', 'B107', 'B318', 'B453', 'B390']",4.0,S58,6.29,8,12,20,0.0,,-0.333588,-12.347191,-12.680779,False,False,12,S26,True,8,1.1,pickup,,,,,,,,,,,,,,,,,,,,,,,,,,,,,,,,,,,,,,,,,,,,,,,,,,,,
42,27,15,18,S58,False,8,12,20,8,0,0,0,0,0,"['B690', 'B447', 'B634', 'B154', 'B107', 'B318', 'B453', 'B390']",4.0,S65,6.14,0,12,12,0.0,,-0.244758,-12.28144,-12.526198,False,False,12,S9,True,6,1.2666,delivery,,,,,,,,,,,,,,,,,,,,,,,,,,,,,,,,,,,,,,,,,,,,,,,,,,,,
42,27,15,28,S65,False,0,12,12,0,8,0,0,0,0,"['B543', 'B97', 'B452', 'B663', 'B637', 'B158', 'B46', 'B497']",4.0,S26,6.43,8,12,20,0.0,,-0.253881,-12.325457,-12.579338,True,False,18,S41,True,12,1.7808,pickup,,,,,,,,,,,,,,,,,,,,,,,,,,,,,,,,,,,,,,,,,,,,,,,,,,,,
42,27,15,39,S26,False,8,12,20,8,0,0,0,0,0,"['B543', 'B97', 'B452', 'B663', 'B637', 'B158', 'B46', 'B497']",4.0,S41,6.65,0,12,12,0.0,,-0.116835,-12.182994,-12.299829,False,False,12,S9,True,10,1.6211,delivery,,,,,,,,,,,,,,,,,,,,,,,,,,,,,,,,,,,,,,,,,,,,,,,,,,,,
42,27,15,49,S41,False,0,12,12,0,8,0,0,0,0,"['B319', 'B456', 'B29', 'B763', 'B357', 'B61', 'B203', 'B108']",4.0,S31,1.27,8,12,20,0.0,,-0.145331,-12.120047,-12.265378,False,False,12,S31,False,6,1.6213,pickup,,,,,,,,,,,,,,,,,,,,,,,,,,,,,,,,,,,,,,,,,,,,,,,,,,,,
42,27,15,55,S31,False,8,12,20,8,0,0,0,0,0,"['B319', 'B456', 'B29', 'B763', 'B357', 'B61', 'B203', 'B108']",4.0,S37,2.81,0,12,12,0.0,,-0.07721,-12.01591,-12.09312,False,False,12,S9,True,7,1.6225,delivery,,,,,,,,,,,,,,,,,,,,,,,,,,,,,,,,,,,,,,,,,,,,,,,,,,,,
42,27,16,1,S37,False,0,12,12,0,8,0,0,0,0,"['B344', 'B705', 'B573', 'B509', 'B638', 'B256', 'B204', 'B635']",4.0,S58,0.71,8,12,20,0.0,,-0.097969,-12.045564,-12.143533,False,False,12,S53,True,8,1.2955,pickup,,,,,,,,,,,,,,,,,,,,,,,,,,,,,,,,,,,,,,,,,,,,,,,,,,,,
42,27,16,6,S58,False,8,12,20,8,0,0,0,0,0,"['B344', 'B705', 'B573', 'B509', 'B638', 'B256', 'B204', 'B635']",4.0,S60,3.05,0,12,12,0.0,,-0.028818,-11.857704,-11.886522,False,False,18,S17,True,6,1.8704,delivery,,,,,,,,,,,,,,,,,,,,,,,,,,,,,,,,,,,,,,,,,,,,,,,,,,,,
42,27,16,13,S60,False,0,12,12,0,0,0,0,0,0,[],0.0,S59,2.15,0,12,12,0.0,,-0.038286,-11.809123,-11.847409,False,False,12,S45,True,2,1.3007,do_nothing,,,,,,,,,,,,,,,,,,,,,,,,,,,,,,,,,,,,,,,,,,,,,,,,,,,,
42,27,16,15,S59,False,0,12,12,0,0,0,0,0,0,[],0.0,S37,1.48,0,12,12,0.0,,-0.038706,-11.887352,-11.926059,False,False,12,S45,True,3,1.303,do_nothing,,,,,,,,,,,,,,,,,,,,,,,,,,,,,,,,,,,,,,,,,,,,,,,,,,,,
42,27,16,17,S37,False,0,12,12,0,8,0,0,0,0,"['B214', 'B730', 'B136', 'B395', 'B254', 'B734', 'B556', 'B623']",4.0,S35,7.89,8,12,20,0.0,,-0.048638,-11.842923,-11.89156,False,False,18,S53,True,16,1.8924,pickup,,,,,,,,,,,,,,,,,,,,,,,,,,,,,,,,,,,,,,,,,,,,,,,,,,,,
42,27,16,29,S35,False,8,12,20,8,0,0,0,0,0,"['B214', 'B730', 'B136', 'B395', 'B254', 'B734', 'B556', 'B623']",4.0,S53,5.18,0,12,12,0.0,,-0.067794,-11.801881,-11.869675,False,False,12,S27,True,10,1.28,delivery,,,,,,,,,,,,,,,,,,,,,,,,,,,,,,,,,,,,,,,,,,,,,,,,,,,,
42,27,16,38,S53,False,0,12,12,0,8,0,0,0,0,"['B498', 'B336', 'B462', 'B62', 'B646', 'B343', 'B132', 'B177']",4.0,S17,9.29,8,12,20,0.0,,-0.009566,-12.092192,-12.101757,False,False,12,S17,False,6,1.2906,pickup,,,,,,,,,,,,,,,,,,,,,,,,,,,,,,,,,,,,,,,,,,,,,,,,,,,,
42,27,16,51,S17,False,8,12,20,8,0,0,0,0,0,"['B498', 'B336', 'B462', 'B62', 'B646', 'B343', 'B132', 'B177']",4.0,S60,8.5,0,12,12,0.0,,-0.048566,-12.037801,-12.086367,False,False,12,S27,True,6,1.4987,delivery,,,,,,,,,,,,,,,,,,,,,,,,,,,,,,,,,,,,,,,,,,,,,,,,,,,,
42,27,17,4,S60,False,0,12,12,0,8,0,0,0,0,"['B372', 'B542', 'B30', 'B230', 'B393', 'B326', 'B352', 'B565']",4.0,S27,3.14,8,12,20,0.0,,-0.019524,-12.024297,-12.043821,False,False,18,S40,True,16,2.0518,pickup,,,,,,,,,,,,,,,,,,,,,,,,,,,,,,,,,,,,,,,,,,,,,,,,,,,,
42,27,17,11,S27,False,8,12,20,8,0,0,0,0,0,"['B372', 'B542', 'B30', 'B230', 'B393', 'B326', 'B352', 'B565']",4.0,S59,4.6,0,12,12,0.0,,0.0,-11.955948,-11.955948,False,False,12,S40,True,7,1.3326,delivery,,,,,,,,,,,,,,,,,,,,,,,,,,,,,,,,,,,,,,,,,,,,,,,,,,,,
42,27,17,19,S59,False,0,12,12,0,8,0,0,0,0,"['B236', 'B329', 'B267', 'B81', 'B426', 'B546', 'B674', 'B71']",4.0,S38,0.74,8,12,20,0.0,,-0.038974,-11.994634,-12.033608,False,False,12,S40,True,6,1.4758,pickup,,,,,,,,,,,,,,,,,,,,,,,,,,,,,,,,,,,,,,,,,,,,,,,,,,,,
42,27,17,24,S38,False,8,12,20,8,0,0,0,0,0,"['B236', 'B329', 'B267', 'B81', 'B426', 'B546', 'B674', 'B71']",4.0,S39,1.78,0,12,12,0.0,,-0.048463,-11.916847,-11.965311,False,False,12,S40,True,8,1.5865,delivery,,,,,,,,,,,,,,,,,,,,,,,,,,,,,,,,,,,,,,,,,,,,,,,,,,,,
42,27,17,30,S39,False,0,12,12,0,8,0,0,0,0,"['B735', 'B141', 'B65', 'B740', 'B38', 'B490', 'B217', 'B461']",4.0,S26,9.74,8,12,20,0.0,,-0.107437,-12.169513,-12.27695,True,False,30,S40,True,12,3.927,pickup,,,,,,,,,,,,,,,,,,,,,,,,,,,,,,,,,,,,,,,,,,,,,,,,,,,,
42,27,17,44,S26,False,8,12,20,8,0,0,0,0,0,"['B735', 'B141', 'B65', 'B740', 'B38', 'B490', 'B217', 'B461']",4.0,S20,8.01,0,12,12,0.0,,-0.009886,-12.087387,-12.097274,False,False,12,S63,True,8,1.4199,delivery,,,,,,,,,,,,,,,,,,,,,,,,,,,,,,,,,,,,,,,,,,,,,,,,,,,,
42,27,17,56,S20,False,0,12,12,0,0,0,0,0,0,[],0.0,S40,10.23,0,12,12,0.0,,-0.068709,-12.226273,-12.294982,False,False,12,S40,False,0,1.5293,do_nothing,,,,,,,,,,,,,,,,,,,,,,,,,,,,,,,,,,,,,,,,,,,,,,,,,,,,
42,27,18,6,S40,False,0,12,12,0,0,0,1,0,0,['B737'],0.5,S19,7.09,0,13,13,0.0,,-0.077972,-12.305916,-12.383887,True,True,18,S19,False,9,2.4038,do_nothing+depot_removal,,,,,,,,,,,,,,,,,,,,,,,,,,,,,,,,,,,,,,,,,,,,,,,,,,,,
42,27,18,13,S19,False,0,13,13,0,7,1,0,0,0,"['B198', 'B444', 'B338', 'B609', 'B337', 'B323', 'B418']",6.5,S54,6.83,7,13,20,0.0,,-0.09681,-12.358594,-12.455405,True,True,36,S54,False,18,4.2454,pickup+onsite,,,,,,,,,,,,,,,,,,,,,,,,,,,,,,,,,,,,,,,,,,,,,,,,,,,,
42,27,18,27,S54,False,7,13,20,7,0,0,0,0,0,"['B198', 'B444', 'B338', 'B609', 'B337', 'B323', 'B418']",3.5,S23,10.66,0,13,13,0.0,,-0.097852,-12.297224,-12.395077,False,False,12,S29,True,7,1.3344,delivery,,,,,,,,,,,,,,,,,,,,,,,,,,,,,,,,,,,,,,,,,,,,,,,,,,,,
42,27,18,41,S23,False,0,13,13,0,7,2,0,0,0,"['B153', 'B423', 'B499', 'B195', 'B687', 'B350', 'B54']",9.5,S22,1.6,7,13,20,0.0,,-0.038728,-12.021539,-12.060267,True,True,36,S8,True,30,4.2567,pickup+onsite,,,,,,,,,,,,,,,,,,,,,,,,,,,,,,,,,,,,,,,,,,,,,,,,,,,,
42,27,18,52,S22,False,7,13,20,7,0,0,1,0,0,"['B67', 'B153', 'B423', 'B499', 'B195', 'B687', 'B350', 'B54']",4.0,S8,19.18,0,14,14,0.0,,-0.048959,-12.009218,-12.058177,True,True,18,S2,True,13,1.9858,delivery+depot_removal,,,,,,,,,,,,,,,,,,,,,,,,,,,,,,,,,,,,,,,,,,,,,,,,,,,,
42,27,19,15,S8,False,0,14,14,0,6,0,0,0,0,"['B431', 'B119', 'B239', 'B479', 'B528', 'B505']",3.0,S4,15.61,6,14,20,0.0,,-0.048689,-12.095521,-12.144211,False,False,12,S51,True,6,1.1202,pickup,,,,,,,,,,,,,,,,,,,,,,,,,,,,,,,,,,,,,,,,,,,,,,,,,,,,
42,27,19,34,S4,False,6,14,20,6,0,0,0,0,0,"['B431', 'B119', 'B239', 'B479', 'B528', 'B505']",3.0,S32,5.15,0,14,14,0.0,,0.0,-12.407906,-12.407906,False,False,12,S64,True,7,1.1246,delivery,,,,,,,,,,,,,,,,,,,,,,,,,,,,,,,,,,,,,,,,,,,,,,,,,,,,
42,27,19,42,S32,False,0,14,14,0,6,0,0,0,0,"['B500', 'B200', 'B123', 'B94', 'B695', 'B625']",3.0,S55,1.17,6,14,20,0.0,,-0.019573,-12.39522,-12.414793,False,False,7,S55,False,4,0.6337,pickup,,,,,,,,,,,,,,,,,,,,,,,,,,,,,,,,,,,,,,,,,,,,,,,,,,,,
42,27,19,46,S55,False,6,14,20,0,0,0,0,0,0,[],0.0,S54,0.95,6,14,20,0.0,,-0.107612,-12.438572,-12.546183,False,False,3,S54,False,0,0.3006,do_nothing,,,,,,,,,,,,,,,,,,,,,,,,,,,,,,,,,,,,,,,,,,,,,,,,,,,,
42,27,19,47,S54,False,6,14,20,6,0,0,0,0,0,"['B500', 'B200', 'B123', 'B94', 'B695', 'B625']",3.0,D0,1.95,0,14,14,0.0,,-0.107267,-12.685702,-12.792968,False,False,2,D0,False,1,0.2214,delivery,,,,,,,,,,,,,,,,,,,,,,,,,,,,,,,,,,,,,,,,,,,,,,,,,,,,
42,27,19,52,D0,True,0,14,14,0,0,0,0,14,9,"['B476', 'B349', 'B113', 'B157', 'B25', 'B397', 'B8', 'B421', 'B348', 'B567', 'B281', 'B477', 'B130', 'B353', 'B379', 'B358', 'B652', 'B530', 'B309', 'B140', 'B472', 'B737', 'B67']",11.5,D0,0.0,9,0,9,0.0,,-0.087292,-12.558713,-12.646004,True,True,1,D0,False,0,0.1251,do_nothing,,,,,,,,,,,,,,,,,,,,,,,,,,,,,,,,,,,,,,,,,,,,,,,,,,,,
